timestamp,temperature_C,cpu_percent,memory_percent,cpu_freq_MHz,cpu_voltage_V,throttled_flags_hex
2026-03-24T19:07:21.558066,47.95,66.7,29.1,2400.030464,0.8487,0x0
2026-03-24T19:07:22.575363,50.7,43.1,30.1,2400.030464,0.8487,0x0
2026-03-24T19:07:23.592116,48.5,39.1,30.4,2400.02048,0.8487,0x0
2026-03-24T19:07:24.610455,50.15,27.6,30.9,2400.023808,0.8487,0x0
2026-03-24T19:07:25.629454,48.5,41.6,31.3,2400.027136,0.8487,0x0
2026-03-24T19:07:26.660499,52.35,86.1,31.7,2400.03712,0.8487,0x0
2026-03-24T19:07:27.680571,51.8,81.2,31.8,2400.033792,0.8487,0x0
2026-03-24T19:07:28.703584,52.9,83.3,31.9,2400.023808,0.8487,0x0
2026-03-24T19:07:29.732398,52.35,84.7,32.2,2400.02048,0.8487,0x0
2026-03-24T19:07:30.755146,52.35,77.6,32.3,2400.030464,0.8487,0x0
2026-03-24T19:07:31.781823,53.45,86.2,32.6,2400.030464,0.8487,0x0
2026-03-24T19:07:32.815022,52.35,80.9,32.7,2400.023808,0.8487,0x0
2026-03-24T19:07:33.840700,53.45,87.7,32.5,2400.033792,0.8487,0x0
2026-03-24T19:07:34.865028,54.0,87.3,32.4,2400.030464,0.8487,0x0
2026-03-24T19:07:35.889799,54.0,82.8,32.3,2400.033792,0.8487,0x0
2026-03-24T19:07:36.912192,53.45,85.2,31.8,2400.03712,0.8487,0x0
2026-03-24T19:07:37.941451,53.45,82.9,31.8,2400.017408,0.8487,0x0
2026-03-24T19:07:38.967415,55.1,81.4,31.8,2400.027136,0.8487,0x0
2026-03-24T19:07:39.996574,55.1,75.2,31.8,2400.023808,0.8487,0x0
2026-03-24T19:07:41.015968,54.55,80.2,31.8,2400.023808,0.8487,0x0
2026-03-24T19:07:42.041084,55.1,81.2,31.7,2400.02048,0.8487,0x0
2026-03-24T19:07:43.072938,55.1,80.8,31.6,2400.02048,0.8487,0x0
2026-03-24T19:07:44.094537,54.0,81.4,32.1,2400.030464,0.8487,0x0
2026-03-24T19:07:45.115983,54.55,85.2,32.4,2400.023808,0.8487,0x0
2026-03-24T19:07:46.137240,53.45,81.6,32.7,2400.027136,0.8487,0x0
2026-03-24T19:07:47.156731,54.55,78.8,32.5,2400.027136,0.8487,0x0
2026-03-24T19:07:48.176264,53.45,79.6,32.5,2400.02048,0.8487,0x0
2026-03-24T19:07:49.198675,55.1,84.3,32.4,2400.017408,0.8487,0x0
2026-03-24T19:07:50.222953,55.65,81.2,32.0,2400.030464,0.8487,0x0
2026-03-24T19:07:51.245450,56.2,77.8,31.9,2400.033792,0.8487,0x0
2026-03-24T19:07:52.284445,56.2,84.8,31.7,2400.023808,0.8487,0x0
2026-03-24T19:07:53.313672,56.2,77.5,31.9,2400.033792,0.8487,0x0
2026-03-24T19:07:54.345793,54.55,80.5,31.9,2400.033792,0.8487,0x0
2026-03-24T19:07:55.369622,54.55,78.3,32.0,2400.033792,0.8487,0x0
2026-03-24T19:07:56.388073,55.1,78.4,31.8,2400.02048,0.8487,0x0
2026-03-24T19:07:57.420143,55.1,77.9,31.8,2400.02048,0.8487,0x0
2026-03-24T19:07:58.442349,56.75,78.6,32.5,2400.017408,0.8487,0x0
2026-03-24T19:07:59.537409,56.2,82.2,32.7,2400.03712,0.8487,0x0
2026-03-24T19:08:00.564416,54.55,78.3,33.0,2400.023808,0.8487,0x0
2026-03-24T19:08:01.584293,55.65,75.2,32.9,2400.030464,0.8487,0x0
2026-03-24T19:08:02.604302,56.75,77.1,32.7,2400.033792,0.8487,0x0
2026-03-24T19:08:03.625302,55.65,76.0,32.3,2400.027136,0.8487,0x0
2026-03-24T19:08:04.648232,55.65,77.9,32.0,2400.027136,0.8487,0x0
2026-03-24T19:08:05.666649,57.3,77.5,31.9,2400.027136,0.8487,0x0
2026-03-24T19:08:06.719083,55.65,81.6,32.0,2400.02048,0.8487,0x0
2026-03-24T19:08:07.744843,56.2,78.5,32.0,2400.030464,0.8487,0x0
2026-03-24T19:08:08.769774,55.65,75.3,32.3,2400.027136,0.8487,0x0
2026-03-24T19:08:09.797451,56.75,78.8,32.1,2400.02048,0.8487,0x0
2026-03-24T19:08:10.818417,56.75,80.1,32.2,2400.033792,0.8487,0x0
2026-03-24T19:08:11.842798,56.75,75.4,32.2,2400.033792,0.8487,0x0
2026-03-24T19:08:12.864946,57.3,79.5,32.0,2400.027136,0.8487,0x0
2026-03-24T19:08:13.896716,55.65,82.6,31.9,2400.027136,0.8487,0x0
2026-03-24T19:08:14.933902,56.75,80.8,31.9,2400.030464,0.8487,0x0
2026-03-24T19:08:15.956532,56.75,76.6,32.2,2400.033792,0.8487,0x0
2026-03-24T19:08:16.990946,57.3,87.7,32.4,2400.030464,0.8487,0x0
2026-03-24T19:08:18.018250,57.3,83.2,32.9,2400.02048,0.8487,0x0
2026-03-24T19:08:19.046813,56.75,84.2,32.4,2400.033792,0.8487,0x0
2026-03-24T19:08:20.067820,56.2,87.2,32.2,2400.017408,0.8487,0x0
2026-03-24T19:08:21.094415,56.75,94.8,32.4,2400.030464,0.8487,0x0
2026-03-24T19:08:22.128565,57.3,98.0,32.7,2400.023808,0.8487,0x0
2026-03-24T19:08:23.160865,56.75,87.2,32.9,2400.030464,0.8487,0x0
2026-03-24T19:08:24.194130,57.3,82.4,32.9,2400.027136,0.8487,0x0
2026-03-24T19:08:25.223006,57.3,80.4,32.8,2400.033792,0.8487,0x0
2026-03-24T19:08:26.243014,56.75,75.6,32.9,2400.033792,0.8487,0x0
2026-03-24T19:08:27.278412,56.2,76.6,32.9,2400.033792,0.8487,0x0
2026-03-24T19:08:28.298885,57.85,79.0,32.8,2400.033792,0.8487,0x0
2026-03-24T19:08:29.318439,57.3,77.2,32.8,2400.033792,0.8487,0x0
2026-03-24T19:08:30.347617,57.3,83.3,33.0,2400.030464,0.8487,0x0
2026-03-24T19:08:31.405007,57.85,79.2,33.0,2400.030464,0.8487,0x0
2026-03-24T19:08:32.424907,58.4,78.8,32.7,2400.023808,0.8487,0x0
2026-03-24T19:08:33.445791,57.85,82.6,31.9,2400.027136,0.8487,0x0
2026-03-24T19:08:34.469986,57.85,81.0,31.8,2400.023808,0.8487,0x0
2026-03-24T19:08:35.489393,57.85,79.8,31.7,2400.027136,0.8487,0x0
2026-03-24T19:08:36.509809,56.75,85.0,31.6,2400.02048,0.8487,0x0
2026-03-24T19:08:37.544561,58.95,84.3,31.8,2400.030464,0.8487,0x0
2026-03-24T19:08:38.580351,57.85,76.7,31.8,2400.023808,0.8487,0x0
2026-03-24T19:08:39.605324,57.85,87.2,32.0,2400.027136,0.8487,0x0
2026-03-24T19:08:40.637401,56.75,78.2,32.0,2400.030464,0.8487,0x0
2026-03-24T19:08:41.662102,57.85,75.8,31.9,2400.033792,0.8487,0x0
2026-03-24T19:08:42.686422,58.95,85.4,31.9,2400.030464,0.8487,0x0
2026-03-24T19:08:43.714954,57.85,83.5,32.3,2400.03712,0.8487,0x0
2026-03-24T19:08:44.741771,57.85,78.0,32.7,2400.017408,0.8487,0x0
2026-03-24T19:08:45.761746,58.95,82.0,33.0,2400.030464,0.8487,0x0
2026-03-24T19:08:46.784712,57.85,81.9,32.8,2400.02048,0.8487,0x0
2026-03-24T19:08:47.811770,57.85,81.3,32.9,2400.033792,0.8487,0x0
2026-03-24T19:08:48.830745,57.85,82.7,32.7,2400.027136,0.8487,0x0
2026-03-24T19:08:49.862431,60.05,79.5,32.6,2400.023808,0.8487,0x0
2026-03-24T19:08:50.892635,58.95,81.2,32.3,2400.017408,0.8487,0x0
2026-03-24T19:08:51.919952,58.4,81.4,31.9,2400.03712,0.8487,0x0
2026-03-24T19:08:53.041490,58.4,80.6,32.1,2400.030464,0.8487,0x0
2026-03-24T19:08:54.075698,57.85,82.5,32.1,2400.023808,0.8487,0x0
2026-03-24T19:08:55.096270,58.4,80.8,32.1,2400.02048,0.8487,0x0
2026-03-24T19:08:56.124109,59.5,80.4,31.9,2400.030464,0.8487,0x0
2026-03-24T19:08:57.148044,57.3,80.5,31.8,2400.02048,0.8487,0x0
2026-03-24T19:08:58.180187,57.3,79.5,32.0,2400.023808,0.8487,0x0
2026-03-24T19:08:59.200993,58.4,84.0,32.0,2400.030464,0.8487,0x0
2026-03-24T19:09:00.227342,58.4,81.0,31.7,2400.027136,0.8487,0x0
2026-03-24T19:09:01.344897,58.4,80.8,32.0,2400.023808,0.8487,0x0
2026-03-24T19:09:02.373974,57.85,79.3,32.2,2400.02048,0.8487,0x0
2026-03-24T19:09:03.407048,59.5,80.9,32.1,2400.02048,0.8487,0x0
2026-03-24T19:09:04.440742,57.3,84.8,32.4,2400.023808,0.8487,0x0
2026-03-24T19:09:05.459187,58.4,82.7,32.1,2400.030464,0.8487,0x0
2026-03-24T19:09:06.479767,57.85,84.0,31.8,2400.03712,0.8487,0x0
2026-03-24T19:09:07.505787,58.4,86.8,31.5,2400.033792,0.8487,0x0
2026-03-24T19:09:08.530121,59.5,85.4,31.7,2400.033792,0.8487,0x0
2026-03-24T19:09:09.558455,58.4,84.5,31.7,2400.027136,0.8487,0x0
2026-03-24T19:09:10.587747,58.4,82.2,31.5,2400.030464,0.8487,0x0
2026-03-24T19:09:11.609452,58.4,83.3,31.6,2400.02048,0.8487,0x0
2026-03-24T19:09:12.640930,58.4,80.0,31.6,2400.023808,0.8487,0x0
2026-03-24T19:09:13.663602,59.5,84.4,31.4,2400.030464,0.8487,0x0
2026-03-24T19:09:14.687532,58.4,82.9,31.6,2400.033792,0.8487,0x0
2026-03-24T19:09:15.730623,58.4,86.8,31.4,2400.033792,0.8487,0x0
2026-03-24T19:09:16.763399,60.05,81.3,31.4,2400.03712,0.8487,0x0
2026-03-24T19:09:17.785746,57.3,82.0,31.2,2400.02048,0.8487,0x0
2026-03-24T19:09:18.829426,56.75,83.0,31.1,2400.033792,0.8487,0x0
2026-03-24T19:09:19.857600,58.4,79.9,31.1,2400.030464,0.8487,0x0
2026-03-24T19:09:20.876079,58.95,79.3,31.3,2400.023808,0.8487,0x0
2026-03-24T19:09:21.896722,58.95,82.5,31.3,2400.030464,0.8487,0x0
2026-03-24T19:09:22.918059,57.85,80.9,31.3,2400.03712,0.8487,0x0
2026-03-24T19:09:23.938482,58.95,81.9,31.7,2400.03712,0.8487,0x0
2026-03-24T19:09:24.959740,60.05,84.5,31.9,2400.033792,0.8487,0x0
2026-03-24T19:09:25.989690,60.05,84.3,31.8,2400.02048,0.8487,0x0
2026-03-24T19:09:27.043527,58.4,79.5,31.7,2400.030464,0.8487,0x0
2026-03-24T19:09:28.065066,58.4,84.4,31.9,2400.03712,0.8487,0x0
2026-03-24T19:09:29.089600,60.05,82.9,32.0,2400.017408,0.8487,0x0
2026-03-24T19:09:30.110692,59.5,83.1,31.8,2400.023808,0.8487,0x0
2026-03-24T19:09:31.242183,58.95,81.1,31.9,2400.033792,0.8487,0x0
2026-03-24T19:09:32.261806,57.85,85.4,31.5,2400.027136,0.8487,0x0
2026-03-24T19:09:33.284510,58.95,78.3,31.6,2400.023808,0.8487,0x0
2026-03-24T19:09:34.310338,58.4,89.6,31.4,2400.023808,0.8487,0x0
2026-03-24T19:09:35.341941,60.05,83.4,31.5,2400.030464,0.8487,0x0
2026-03-24T19:09:36.381704,58.4,80.3,31.8,2400.030464,0.8487,0x0
2026-03-24T19:09:37.410457,57.85,81.9,32.1,2400.033792,0.8487,0x0
2026-03-24T19:09:38.441026,58.95,81.2,31.9,2400.017408,0.8487,0x0
2026-03-24T19:09:39.468436,60.05,83.6,31.7,2400.027136,0.8487,0x0
2026-03-24T19:09:40.503661,58.4,83.6,31.7,2400.02048,0.8487,0x0
2026-03-24T19:09:41.541270,58.95,82.6,31.5,2400.030464,0.8487,0x0
2026-03-24T19:09:42.572423,59.5,80.4,31.5,2400.023808,0.8487,0x0
2026-03-24T19:09:43.607580,57.85,82.4,31.9,2400.027136,0.8487,0x0
2026-03-24T19:09:44.637550,58.95,80.8,32.0,2400.033792,0.8487,0x0
2026-03-24T19:09:45.656642,58.95,81.8,31.8,2400.02048,0.8487,0x0
2026-03-24T19:09:46.678798,58.4,80.5,31.8,2400.02048,0.8487,0x0
2026-03-24T19:09:47.705488,60.05,80.7,32.3,2400.030464,0.8487,0x0
2026-03-24T19:09:48.734641,59.5,85.0,32.1,2400.030464,0.8487,0x0
2026-03-24T19:09:49.764580,59.5,85.9,32.1,2400.033792,0.8487,0x0
2026-03-24T19:09:50.813795,58.95,80.9,32.4,2400.023808,0.8487,0x0
2026-03-24T19:09:51.837805,58.4,82.2,32.7,2400.030464,0.8487,0x0
2026-03-24T19:09:52.868406,58.95,81.5,32.8,2400.027136,0.8487,0x0
2026-03-24T19:09:53.893834,58.95,85.3,32.5,2400.033792,0.8487,0x0
2026-03-24T19:09:54.930420,58.95,84.8,32.4,2400.033792,0.8487,0x0
2026-03-24T19:09:55.954931,58.95,81.4,32.2,2400.033792,0.8487,0x0
2026-03-24T19:09:56.986914,57.85,82.5,32.1,2400.017408,0.8487,0x0
2026-03-24T19:09:58.009645,59.5,79.3,31.8,2400.027136,0.8487,0x0
2026-03-24T19:09:59.037499,57.85,86.2,31.8,2400.02048,0.8487,0x0
2026-03-24T19:10:00.069764,60.05,82.0,31.6,2400.027136,0.8487,0x0
2026-03-24T19:10:01.093848,58.95,85.4,31.9,2400.027136,0.8487,0x0
2026-03-24T19:10:02.123433,58.4,82.8,32.0,2400.023808,0.8487,0x0
2026-03-24T19:10:03.152233,60.05,80.7,31.7,2400.033792,0.8487,0x0
2026-03-24T19:10:04.173138,57.85,86.5,31.7,2400.027136,0.8487,0x0
2026-03-24T19:10:05.199489,58.95,82.8,31.9,2400.030464,0.8487,0x0
2026-03-24T19:10:06.219004,57.85,83.5,31.6,2400.017408,0.8487,0x0
2026-03-24T19:10:07.345741,60.05,81.9,31.5,2400.02048,0.8487,0x0
2026-03-24T19:10:08.372723,58.4,83.4,31.4,2400.02048,0.8487,0x0
2026-03-24T19:10:09.395247,58.95,82.1,31.4,2400.027136,0.8487,0x0
2026-03-24T19:10:10.421392,58.4,86.7,31.6,2400.02048,0.8487,0x0
2026-03-24T19:10:11.444196,57.3,80.7,31.7,2400.023808,0.8487,0x0
2026-03-24T19:10:12.469244,57.85,81.8,31.6,2400.030464,0.8487,0x0
2026-03-24T19:10:13.497453,59.5,81.8,31.5,2400.02048,0.8487,0x0
2026-03-24T19:10:14.520462,58.95,85.1,31.8,2400.02048,0.8487,0x0
2026-03-24T19:10:15.652374,59.5,84.2,31.2,2400.023808,0.8487,0x0
2026-03-24T19:10:16.679687,59.5,80.6,31.3,2400.033792,0.8487,0x0
2026-03-24T19:10:17.703181,58.95,84.0,31.1,2400.033792,0.8487,0x0
2026-03-24T19:10:18.721811,59.5,82.4,31.0,2400.03712,0.8487,0x0
2026-03-24T19:10:19.754265,59.5,86.2,30.4,2400.033792,0.8487,0x0
2026-03-24T19:10:20.778014,58.95,81.0,30.2,2400.03712,0.8487,0x0
2026-03-24T19:10:21.824416,60.05,83.5,30.2,2400.023808,0.8487,0x0
2026-03-24T19:10:22.846387,58.95,81.9,30.7,2400.033792,0.8487,0x0
2026-03-24T19:10:23.882228,59.5,85.2,30.9,2400.030464,0.8487,0x0
2026-03-24T19:10:24.905304,58.95,85.5,30.9,2400.033792,0.8487,0x0
2026-03-24T19:10:25.933804,59.5,81.4,31.2,2400.023808,0.8487,0x0
2026-03-24T19:10:26.964071,58.95,82.1,31.0,2400.02048,0.8487,0x0
2026-03-24T19:10:27.986218,58.95,82.1,30.7,2400.03712,0.8487,0x0
2026-03-24T19:10:29.014213,58.95,83.9,30.6,2400.023808,0.8487,0x0
2026-03-24T19:10:30.037807,60.6,82.8,30.4,2400.027136,0.8487,0x0
2026-03-24T19:10:31.063706,59.5,82.4,30.1,2400.027136,0.8487,0x0
2026-03-24T19:10:32.091602,58.95,82.6,30.3,2400.03712,0.8487,0x0
2026-03-24T19:10:33.134686,58.95,81.1,30.7,2400.027136,0.8487,0x0
2026-03-24T19:10:34.167382,57.3,80.8,30.7,2400.03712,0.8487,0x0
2026-03-24T19:10:35.197527,58.95,87.4,31.0,2400.027136,0.8487,0x0
2026-03-24T19:10:36.233088,58.95,81.0,30.7,2400.027136,0.8487,0x0
2026-03-24T19:10:37.255529,60.6,78.2,30.9,2400.023808,0.8487,0x0
2026-03-24T19:10:38.273658,58.95,81.8,30.9,2400.02048,0.8487,0x0
2026-03-24T19:10:39.293575,58.4,80.7,30.8,2400.033792,0.8487,0x0
2026-03-24T19:10:40.319389,60.05,79.6,30.7,2400.033792,0.8487,0x0
2026-03-24T19:10:41.340325,60.05,77.5,30.6,2400.033792,0.8487,0x0
2026-03-24T19:10:42.365106,59.5,79.2,30.5,2400.027136,0.8487,0x0
2026-03-24T19:10:43.393164,57.85,80.6,30.4,2400.023808,0.8487,0x0
2026-03-24T19:10:44.417266,57.3,81.7,30.4,2400.033792,0.8487,0x0
2026-03-24T19:10:45.439257,59.5,86.1,30.3,2400.030464,0.8487,0x0
2026-03-24T19:10:46.460690,56.75,83.5,30.7,2400.027136,0.8487,0x0
2026-03-24T19:10:47.488861,59.5,81.6,30.8,2400.02048,0.8487,0x0
2026-03-24T19:10:48.514849,59.5,81.1,30.4,2400.033792,0.8487,0x0
2026-03-24T19:10:49.535303,58.95,78.0,30.4,2400.033792,0.8487,0x0
2026-03-24T19:10:50.556090,58.95,81.8,30.4,2400.02048,0.8487,0x0
2026-03-24T19:10:51.592688,58.4,82.5,30.3,2400.023808,0.8487,0x0
2026-03-24T19:10:52.614368,58.4,80.2,30.7,2400.02048,0.8487,0x0
2026-03-24T19:10:53.646275,58.4,86.2,30.6,2400.023808,0.8487,0x0
2026-03-24T19:10:54.676101,60.6,88.7,30.5,2400.027136,0.8487,0x0
2026-03-24T19:10:55.806751,58.95,84.3,30.7,2400.03712,0.8487,0x0
2026-03-24T19:10:56.834149,60.05,83.0,30.6,2400.030464,0.8487,0x0
2026-03-24T19:10:57.874237,57.85,85.2,30.4,2400.017408,0.8487,0x0
2026-03-24T19:10:58.900593,60.05,85.3,30.4,2400.023808,0.8487,0x0
2026-03-24T19:11:00.035498,58.95,83.6,30.8,2400.03712,0.8487,0x0
2026-03-24T19:11:01.060767,60.6,85.2,31.1,2400.02048,0.8487,0x0
2026-03-24T19:11:02.083677,59.5,88.1,31.1,2400.033792,0.8487,0x0
2026-03-24T19:11:03.114528,59.5,84.7,31.2,2400.023808,0.8487,0x0
2026-03-24T19:11:04.142179,60.6,86.1,31.3,2400.027136,0.8487,0x0
2026-03-24T19:11:05.177810,58.4,87.3,31.0,2400.023808,0.8487,0x0
2026-03-24T19:11:06.207515,59.5,86.9,31.2,2400.02048,0.8487,0x0
2026-03-24T19:11:07.227132,60.05,78.7,30.9,2400.03712,0.8487,0x0
2026-03-24T19:11:08.254047,58.4,84.2,31.0,2400.02048,0.8487,0x0
2026-03-24T19:11:09.275721,58.95,81.8,31.0,2400.033792,0.8487,0x0
2026-03-24T19:11:10.308310,58.95,80.2,31.0,2400.02048,0.8487,0x0
2026-03-24T19:11:11.334002,58.4,80.0,30.6,2400.033792,0.8487,0x0
2026-03-24T19:11:12.360727,60.6,83.6,30.7,2400.02048,0.8487,0x0
2026-03-24T19:11:13.392558,58.4,82.3,31.0,2400.033792,0.8487,0x0
2026-03-24T19:11:14.412401,58.95,81.5,31.1,2400.017408,0.8487,0x0
2026-03-24T19:11:15.441040,58.95,83.1,31.0,2400.023808,0.8487,0x0
2026-03-24T19:11:16.468691,59.5,81.6,30.9,2400.023808,0.8487,0x0
2026-03-24T19:11:17.499124,58.4,81.8,30.9,2400.03712,0.8487,0x0
2026-03-24T19:11:18.525821,60.05,84.3,30.9,2400.030464,0.8487,0x0
2026-03-24T19:11:19.547355,60.05,85.2,31.0,2400.030464,0.8487,0x0
2026-03-24T19:11:20.580614,59.5,84.2,31.3,2400.017408,0.8487,0x0
2026-03-24T19:11:21.606612,59.5,79.3,31.5,2400.030464,0.8487,0x0
2026-03-24T19:11:22.628285,60.05,81.4,31.6,2400.02048,0.8487,0x0
2026-03-24T19:11:23.649778,58.95,83.4,31.8,2400.02048,0.8487,0x0
2026-03-24T19:11:24.676003,60.05,83.4,31.9,2400.033792,0.8487,0x0
2026-03-24T19:11:25.698190,59.5,84.7,31.8,2400.03712,0.8487,0x0
2026-03-24T19:11:26.725831,60.05,85.3,31.8,2400.027136,0.8487,0x0
2026-03-24T19:11:27.749910,60.05,94.6,32.0,2400.030464,0.8487,0x0
2026-03-24T19:11:28.780025,58.95,91.5,32.0,2400.027136,0.8487,0x0
2026-03-24T19:11:29.815224,60.05,85.8,32.0,2400.033792,0.8487,0x0
2026-03-24T19:11:30.841784,58.95,78.7,31.5,2400.03712,0.8487,0x0
2026-03-24T19:11:31.875110,58.95,86.5,31.2,2400.02048,0.8487,0x0
2026-03-24T19:11:32.908343,59.5,81.4,31.4,2400.02048,0.8487,0x0
2026-03-24T19:11:33.937146,60.05,82.7,31.7,2400.023808,0.8487,0x0
2026-03-24T19:11:35.070242,61.7,91.1,31.5,2400.023808,0.8487,0x0
2026-03-24T19:11:36.096773,59.5,82.6,31.3,2400.02048,0.8487,0x0
2026-03-24T19:11:37.121370,59.5,78.8,31.4,2400.030464,0.8487,0x0
2026-03-24T19:11:38.151012,57.85,78.3,31.4,2400.02048,0.8487,0x0
2026-03-24T19:11:39.175822,58.95,83.0,31.8,2400.023808,0.8487,0x0
2026-03-24T19:11:40.204872,58.95,83.5,31.5,2400.023808,0.8487,0x0
2026-03-24T19:11:41.225775,60.6,85.9,31.4,2400.023808,0.8487,0x0
2026-03-24T19:11:42.253031,58.95,92.1,32.0,2400.02048,0.8487,0x0
2026-03-24T19:11:43.281707,61.15,78.9,31.9,2400.030464,0.8487,0x0
2026-03-24T19:11:44.301121,58.95,80.3,31.8,2400.030464,0.8487,0x0
2026-03-24T19:11:45.324497,59.5,84.2,31.9,2400.02048,0.8487,0x0
2026-03-24T19:11:46.344272,60.05,78.3,31.8,2400.027136,0.8487,0x0
2026-03-24T19:11:47.365757,58.95,82.6,31.3,2400.03712,0.8487,0x0
2026-03-24T19:11:48.393620,58.95,80.0,31.4,2400.023808,0.8487,0x0
2026-03-24T19:11:49.427596,59.5,84.7,31.3,2400.02048,0.8487,0x0
2026-03-24T19:11:50.448737,59.5,82.4,31.2,2400.023808,0.8487,0x0
2026-03-24T19:11:51.473433,59.5,88.4,31.2,2400.027136,0.8487,0x0
2026-03-24T19:11:52.501665,59.5,83.0,30.9,2400.033792,0.8487,0x0
2026-03-24T19:11:53.528003,60.05,81.0,30.9,2400.027136,0.8487,0x0
2026-03-24T19:11:54.549761,58.4,83.2,30.9,2400.033792,0.8487,0x0
2026-03-24T19:11:55.592067,60.6,82.4,31.0,2400.02048,0.8487,0x0
2026-03-24T19:11:56.614842,59.5,84.2,31.1,2400.033792,0.8487,0x0
2026-03-24T19:11:57.657697,60.05,88.2,31.6,2400.033792,0.8487,0x0
2026-03-24T19:11:58.686448,60.6,80.5,31.6,2400.023808,0.8487,0x0
2026-03-24T19:11:59.705777,59.5,85.0,31.5,2400.027136,0.8487,0x0
2026-03-24T19:12:00.732662,58.95,82.0,31.6,2400.03712,0.8487,0x0
2026-03-24T19:12:01.764965,58.95,82.3,31.2,2400.03712,0.8487,0x0
2026-03-24T19:12:02.786122,58.95,85.1,31.2,2400.023808,0.8487,0x0
2026-03-24T19:12:03.808440,58.95,77.5,31.2,2400.033792,0.8487,0x0
2026-03-24T19:12:04.828322,60.6,79.3,31.2,2400.027136,0.8487,0x0
2026-03-24T19:12:05.856557,60.05,88.9,30.7,2400.033792,0.8487,0x0
2026-03-24T19:12:06.879025,58.95,85.3,30.7,2400.033792,0.8487,0x0
2026-03-24T19:12:07.914708,60.05,81.4,30.8,2400.03712,0.8487,0x0
2026-03-24T19:12:08.933514,60.6,81.6,30.6,2400.030464,0.8487,0x0
2026-03-24T19:12:09.962394,59.5,82.5,30.7,2400.03712,0.8487,0x0
2026-03-24T19:12:11.010637,59.5,86.9,30.7,2400.033792,0.8487,0x0
2026-03-24T19:12:12.039468,59.5,81.4,30.9,2400.023808,0.8487,0x0
2026-03-24T19:12:13.061579,60.05,83.6,30.8,2400.030464,0.8487,0x0
2026-03-24T19:12:14.086006,59.5,81.4,30.6,2400.017408,0.8487,0x0
2026-03-24T19:12:15.120493,59.5,80.4,30.5,2400.02048,0.8487,0x0
2026-03-24T19:12:16.149436,60.05,79.3,30.4,2400.030464,0.8487,0x0
2026-03-24T19:12:17.181231,58.95,77.5,30.5,2400.023808,0.8487,0x0
2026-03-24T19:12:18.203237,60.6,80.2,30.7,2400.033792,0.8487,0x0
2026-03-24T19:12:19.233680,60.05,86.2,31.2,2400.02048,0.8487,0x0
2026-03-24T19:12:20.257911,59.5,77.1,31.5,2400.023808,0.8487,0x0
2026-03-24T19:12:21.285038,60.05,85.1,31.3,2400.023808,0.8487,0x0
2026-03-24T19:12:22.321119,59.5,79.5,31.7,2400.023808,0.8487,0x0
2026-03-24T19:12:23.353943,60.05,81.6,32.1,2400.02048,0.8487,0x0
2026-03-24T19:12:24.388330,58.95,80.8,31.7,2400.03712,0.8487,0x0
2026-03-24T19:12:25.418155,59.5,80.0,31.5,2400.03712,0.8487,0x0
2026-03-24T19:12:26.513484,59.5,79.5,31.3,2400.023808,0.8487,0x0
2026-03-24T19:12:27.537885,58.95,82.5,31.1,2400.02048,0.8487,0x0
2026-03-24T19:12:28.566402,60.05,83.0,31.1,2400.033792,0.8487,0x0
2026-03-24T19:12:29.589692,58.95,80.0,31.5,2400.030464,0.8487,0x0
2026-03-24T19:12:30.608824,60.05,76.8,31.9,2400.03712,0.8487,0x0
2026-03-24T19:12:31.671204,58.95,77.4,31.6,2400.027136,0.8487,0x0
2026-03-24T19:12:32.692851,59.5,78.6,31.1,2400.017408,0.8487,0x0
2026-03-24T19:12:33.721577,59.5,88.7,30.9,2400.02048,0.8487,0x0
2026-03-24T19:12:34.858224,58.95,91.3,31.6,2400.03712,0.8487,0x0
2026-03-24T19:12:35.897816,60.05,91.4,31.5,2400.02048,0.8487,0x0
2026-03-24T19:12:36.920867,62.8,93.4,31.8,2400.03712,0.8487,0x0
2026-03-24T19:12:37.949759,59.5,90.4,31.8,2400.027136,0.8487,0x0
2026-03-24T19:12:38.975777,61.15,92.9,31.6,2400.02048,0.8487,0x0
2026-03-24T19:12:40.002685,59.5,93.0,31.3,2400.02048,0.8487,0x0
2026-03-24T19:12:41.035130,58.95,92.3,31.7,2400.030464,0.8487,0x0
2026-03-24T19:12:42.060169,59.5,91.4,31.6,2400.02048,0.8487,0x0
2026-03-24T19:12:43.095922,60.05,91.3,31.7,2400.017408,0.8487,0x0
2026-03-24T19:12:44.127800,60.05,92.3,31.7,2400.027136,0.8487,0x0
2026-03-24T19:12:45.153914,60.6,95.8,31.7,2400.027136,0.8487,0x0
2026-03-24T19:12:46.178328,61.15,91.4,31.5,2400.027136,0.8487,0x0
2026-03-24T19:12:47.204394,60.6,91.6,31.4,2400.030464,0.8487,0x0
2026-03-24T19:12:48.238937,61.15,91.4,31.3,2400.030464,0.8487,0x0
2026-03-24T19:12:49.268456,60.05,85.2,31.5,2400.027136,0.8487,0x0
2026-03-24T19:12:50.291665,61.7,77.9,31.3,2400.02048,0.8487,0x0
2026-03-24T19:12:51.316105,60.05,77.8,31.2,2400.033792,0.8487,0x0
2026-03-24T19:12:52.349569,61.15,78.7,31.6,2400.023808,0.8487,0x0
2026-03-24T19:12:53.370732,60.6,86.1,31.6,2400.030464,0.8487,0x0
2026-03-24T19:12:54.395645,61.15,82.2,31.5,2400.030464,0.8487,0x0
2026-03-24T19:12:55.421844,61.15,79.3,31.4,2400.023808,0.8487,0x0
2026-03-24T19:12:56.440183,58.95,79.5,31.3,2400.030464,0.8487,0x0
2026-03-24T19:12:57.465216,61.15,80.3,31.1,2400.023808,0.8487,0x0
2026-03-24T19:12:58.487427,59.5,78.7,30.8,2400.02048,0.8487,0x0
2026-03-24T19:12:59.507854,59.5,79.2,30.7,2400.033792,0.8487,0x0
2026-03-24T19:13:00.530379,60.05,76.4,31.1,2400.030464,0.8487,0x0
2026-03-24T19:13:01.647867,60.6,77.8,31.2,2400.017408,0.8487,0x0
2026-03-24T19:13:02.669763,58.95,85.4,31.2,2400.017408,0.8487,0x0
2026-03-24T19:13:03.690124,60.6,77.8,31.2,2400.033792,0.8487,0x0
2026-03-24T19:13:04.713215,59.5,78.1,31.2,2400.033792,0.8487,0x0
2026-03-24T19:13:05.733113,60.05,77.3,31.3,2400.030464,0.8487,0x0
2026-03-24T19:13:06.756696,58.95,80.1,31.2,2400.033792,0.8487,0x0
2026-03-24T19:13:07.779789,59.5,80.5,31.2,2400.02048,0.8487,0x0
2026-03-24T19:13:08.806028,60.6,77.7,31.0,2400.027136,0.8487,0x0
2026-03-24T19:13:09.831018,60.05,76.9,30.8,2400.030464,0.8487,0x0
2026-03-24T19:13:10.853052,60.05,78.9,30.8,2400.03712,0.8487,0x0
2026-03-24T19:13:11.875253,60.05,78.8,30.7,2400.030464,0.8487,0x0
2026-03-24T19:13:12.897926,60.6,82.6,31.2,2400.033792,0.8487,0x0
2026-03-24T19:13:13.919913,61.7,78.9,30.8,2400.023808,0.8487,0x0
2026-03-24T19:13:14.942239,60.6,78.4,30.9,2400.033792,0.8487,0x0
2026-03-24T19:13:15.977863,59.5,78.8,30.8,2400.030464,0.8487,0x0
2026-03-24T19:13:17.065763,60.05,78.7,30.8,2400.030464,0.8487,0x0
2026-03-24T19:13:18.085334,61.15,82.8,31.1,2400.027136,0.8487,0x0
2026-03-24T19:13:19.113653,57.85,77.9,31.7,2400.033792,0.8487,0x0
2026-03-24T19:13:20.144632,58.4,82.9,32.0,2400.023808,0.8487,0x0
2026-03-24T19:13:21.177645,60.05,77.8,32.2,2400.02048,0.8487,0x0
2026-03-24T19:13:22.201884,59.5,78.7,32.6,2400.023808,0.8487,0x0
2026-03-24T19:13:23.230801,60.05,86.6,32.1,2400.03712,0.8487,0x0
2026-03-24T19:13:24.252194,59.5,77.3,31.8,2400.017408,0.8487,0x0
2026-03-24T19:13:25.272590,60.05,78.0,31.4,2400.023808,0.8487,0x0
2026-03-24T19:13:26.324075,60.05,76.9,31.5,2400.030464,0.8487,0x0
2026-03-24T19:13:27.347833,58.95,77.0,31.3,2400.030464,0.8487,0x0
2026-03-24T19:13:28.366453,60.05,79.6,30.7,2400.030464,0.8487,0x0
2026-03-24T19:13:29.385624,61.15,79.9,30.3,2400.023808,0.8487,0x0
2026-03-24T19:13:30.406976,61.15,77.1,30.1,2400.03712,0.8487,0x0
2026-03-24T19:13:31.435690,59.5,78.9,30.1,2400.023808,0.8487,0x0
2026-03-24T19:13:32.462052,60.05,79.1,30.0,2400.030464,0.8487,0x0
2026-03-24T19:13:33.483922,60.05,76.3,30.5,2400.027136,0.8487,0x0
2026-03-24T19:13:34.509407,59.5,77.8,30.9,2400.02048,0.8487,0x0
2026-03-24T19:13:35.536449,59.5,77.3,30.5,2400.030464,0.8487,0x0
2026-03-24T19:13:36.557325,59.5,77.4,30.4,2400.02048,0.8487,0x0
2026-03-24T19:13:37.592559,60.05,80.4,30.3,2400.023808,0.8487,0x0
2026-03-24T19:13:38.621470,60.6,82.1,30.6,2400.023808,0.8487,0x0
2026-03-24T19:13:39.643897,61.7,76.0,30.4,2400.02048,0.8487,0x0
2026-03-24T19:13:40.664199,59.5,78.0,30.8,2400.023808,0.8487,0x0
2026-03-24T19:13:41.691323,60.05,80.5,31.2,2400.023808,0.8487,0x0
2026-03-24T19:13:42.726725,60.05,78.8,31.4,2400.030464,0.8487,0x0
2026-03-24T19:13:43.747933,60.05,78.5,31.0,2400.023808,0.8487,0x0
2026-03-24T19:13:44.769925,60.6,79.2,30.8,2400.033792,0.8487,0x0
2026-03-24T19:13:45.802443,60.05,78.6,30.7,2400.023808,0.8487,0x0
2026-03-24T19:13:46.824092,61.15,84.1,30.8,2400.02048,0.8487,0x0
2026-03-24T19:13:47.845506,61.7,82.2,30.9,2400.033792,0.8487,0x0
2026-03-24T19:13:48.872866,61.7,74.7,30.4,2400.027136,0.8487,0x0
2026-03-24T19:13:49.892518,60.05,75.7,30.5,2400.02048,0.8487,0x0
2026-03-24T19:13:50.921796,61.15,78.3,30.4,2400.02048,0.8487,0x0
2026-03-24T19:13:51.947455,60.6,85.3,30.1,2400.033792,0.8487,0x0
2026-03-24T19:13:52.975980,59.5,82.1,30.2,2400.03712,0.8487,0x0
2026-03-24T19:13:54.008068,61.15,86.0,30.3,2400.023808,0.8487,0x0
2026-03-24T19:13:55.029596,60.6,83.7,30.5,2400.033792,0.8487,0x0
2026-03-24T19:13:56.061763,60.05,80.3,30.8,2400.02048,0.8487,0x0
2026-03-24T19:13:57.081155,60.6,76.4,31.4,2400.027136,0.8487,0x0
2026-03-24T19:13:58.110102,59.5,79.4,31.3,2400.023808,0.8487,0x0
2026-03-24T19:13:59.133477,60.6,81.8,31.2,2400.03712,0.8487,0x0
2026-03-24T19:14:00.155443,60.6,78.1,31.0,2400.030464,0.8487,0x0
2026-03-24T19:14:01.174578,60.6,80.2,31.0,2400.027136,0.8487,0x0
2026-03-24T19:14:02.196574,60.6,80.3,30.8,2400.033792,0.8487,0x0
2026-03-24T19:14:03.219288,60.05,79.4,30.6,2400.02048,0.8487,0x0
2026-03-24T19:14:04.240405,61.15,81.4,30.5,2400.027136,0.8487,0x0
2026-03-24T19:14:05.268500,58.95,79.6,30.7,2400.023808,0.8487,0x0
2026-03-24T19:14:06.289201,60.05,83.4,30.5,2400.02048,0.8487,0x0
2026-03-24T19:14:07.319006,60.05,83.3,30.2,2400.027136,0.8487,0x0
2026-03-24T19:14:08.353691,61.15,85.3,30.2,2400.023808,0.8487,0x0
2026-03-24T19:14:09.375640,62.25,87.1,30.1,2400.033792,0.8487,0x0
2026-03-24T19:14:10.405500,61.7,83.0,30.2,2400.023808,0.8487,0x0
2026-03-24T19:14:11.440525,61.7,84.5,30.8,2400.033792,0.8487,0x0
2026-03-24T19:14:12.573773,61.15,84.3,30.8,2400.033792,0.8487,0x0
2026-03-24T19:14:13.599551,61.15,86.7,31.0,2400.030464,0.8487,0x0
2026-03-24T19:14:14.627706,61.15,90.5,31.0,2400.027136,0.8487,0x0
2026-03-24T19:14:15.657576,60.05,75.8,30.8,2400.033792,0.8487,0x0
2026-03-24T19:14:16.688447,60.05,76.9,30.8,2400.033792,0.8487,0x0
2026-03-24T19:14:17.710857,61.7,79.2,30.5,2400.027136,0.8487,0x0
2026-03-24T19:14:18.734809,61.7,78.0,30.8,2400.017408,0.8487,0x0
2026-03-24T19:14:19.753751,60.6,77.7,30.5,2400.033792,0.8487,0x0
2026-03-24T19:14:20.777915,60.05,76.8,30.6,2400.02048,0.8487,0x0
2026-03-24T19:14:21.811589,60.6,79.7,30.3,2400.017408,0.8487,0x0
2026-03-24T19:14:22.838908,61.15,80.6,30.3,2400.027136,0.8487,0x0
2026-03-24T19:14:23.866251,60.6,76.2,30.0,2400.02048,0.8487,0x0
2026-03-24T19:14:24.988861,60.6,76.2,30.1,2400.02048,0.8487,0x0
2026-03-24T19:14:26.012997,61.15,76.7,30.0,2400.02048,0.8487,0x0
2026-03-24T19:14:27.037773,61.15,76.2,29.9,2400.02048,0.8487,0x0
2026-03-24T19:14:28.056378,61.7,79.7,29.7,2400.03712,0.8487,0x0
2026-03-24T19:14:29.077129,60.6,79.1,29.7,2400.017408,0.8487,0x0
2026-03-24T19:14:30.105529,58.95,77.3,29.8,2400.033792,0.8487,0x0
2026-03-24T19:14:31.128644,60.6,79.2,29.7,2400.030464,0.8487,0x0
2026-03-24T19:14:32.154535,60.05,79.0,29.8,2400.02048,0.8487,0x0
2026-03-24T19:14:33.180087,59.5,82.5,30.3,2400.02048,0.8487,0x0
2026-03-24T19:14:34.203953,60.05,78.4,30.1,2400.023808,0.8487,0x0
2026-03-24T19:14:35.224487,59.5,76.7,30.8,2400.033792,0.8487,0x0
2026-03-24T19:14:36.250810,62.25,74.5,31.1,2400.03712,0.8487,0x0
2026-03-24T19:14:37.277236,61.15,77.3,31.2,2400.030464,0.8487,0x0
2026-03-24T19:14:38.299965,61.15,80.3,31.0,2400.023808,0.8487,0x0
2026-03-24T19:14:39.320242,61.7,83.0,30.8,2400.030464,0.8487,0x0
2026-03-24T19:14:40.342301,62.8,78.6,31.0,2400.027136,0.8487,0x0
2026-03-24T19:14:41.365781,61.15,76.8,30.9,2400.027136,0.8487,0x0
2026-03-24T19:14:42.386789,60.6,77.5,30.5,2400.033792,0.8487,0x0
2026-03-24T19:14:43.489766,60.6,77.8,30.2,2400.027136,0.8487,0x0
2026-03-24T19:14:44.521491,60.6,79.8,30.1,2400.030464,0.8487,0x0
2026-03-24T19:14:45.541743,62.25,78.8,30.1,2400.030464,0.8487,0x0
2026-03-24T19:14:46.560536,60.6,77.1,30.7,2400.03712,0.8487,0x0
2026-03-24T19:14:47.583823,60.6,75.8,31.0,2400.030464,0.8487,0x0
2026-03-24T19:14:48.613149,61.15,77.4,30.5,2400.027136,0.8487,0x0
2026-03-24T19:14:49.640618,60.05,78.0,30.2,2400.02048,0.8487,0x0
2026-03-24T19:14:50.674003,61.15,78.3,29.8,2400.030464,0.8487,0x0
2026-03-24T19:14:51.703634,62.8,79.2,29.7,2400.027136,0.8487,0x0
2026-03-24T19:14:52.739235,61.7,79.8,29.8,2400.02048,0.8487,0x0
2026-03-24T19:14:53.761034,61.15,79.5,29.8,2400.030464,0.8487,0x0
2026-03-24T19:14:54.785783,60.6,78.4,29.9,2400.033792,0.8487,0x0
2026-03-24T19:14:55.808129,62.25,80.3,30.0,2400.02048,0.8487,0x0
2026-03-24T19:14:56.827483,60.6,77.1,30.0,2400.030464,0.8487,0x0
2026-03-24T19:14:57.857789,59.5,86.7,30.0,2400.02048,0.8487,0x0
2026-03-24T19:14:58.884570,60.6,79.3,30.0,2400.017408,0.8487,0x0
2026-03-24T19:14:59.908957,61.15,81.8,29.9,2400.030464,0.8487,0x0
2026-03-24T19:15:00.957326,59.5,84.2,30.3,2400.02048,0.8487,0x0
2026-03-24T19:15:01.986132,60.6,82.6,30.2,2400.027136,0.8487,0x0
2026-03-24T19:15:03.008374,60.05,87.7,30.4,2400.03712,0.8487,0x0
2026-03-24T19:15:04.048951,60.6,79.5,30.6,2400.027136,0.8487,0x0
2026-03-24T19:15:05.071149,61.7,79.7,30.6,2400.030464,0.8487,0x0
2026-03-24T19:15:06.094020,60.05,80.5,30.3,2400.033792,0.8487,0x0
2026-03-24T19:15:07.124268,60.05,80.9,30.0,2400.02048,0.8487,0x0
2026-03-24T19:15:08.149789,62.25,83.3,30.0,2400.033792,0.8487,0x0
2026-03-24T19:15:09.192730,61.7,82.1,30.5,2400.023808,0.8487,0x0
2026-03-24T19:15:10.221789,61.15,80.3,30.6,2400.023808,0.8487,0x0
2026-03-24T19:15:11.240783,61.7,91.9,30.6,2400.030464,0.8487,0x0
2026-03-24T19:15:12.271405,61.15,84.0,30.7,2400.03712,0.8487,0x0
2026-03-24T19:15:13.291041,60.05,77.8,31.0,2400.03712,0.8487,0x0
2026-03-24T19:15:14.316406,61.7,79.9,31.2,2400.02048,0.8487,0x0
2026-03-24T19:15:15.355101,60.6,81.3,30.9,2400.033792,0.8487,0x0
2026-03-24T19:15:16.373844,60.05,80.3,31.1,2400.030464,0.8487,0x0
2026-03-24T19:15:17.401875,60.6,80.2,31.1,2400.02048,0.8487,0x0
2026-03-24T19:15:18.430614,59.5,78.4,31.2,2400.033792,0.8487,0x0
2026-03-24T19:15:19.453784,61.7,82.9,30.7,2400.023808,0.8487,0x0
2026-03-24T19:15:20.482801,61.7,82.0,30.9,2400.030464,0.8487,0x0
2026-03-24T19:15:21.510163,62.25,80.4,30.5,2400.03712,0.8487,0x0
2026-03-24T19:15:22.554881,60.6,91.2,30.3,2400.027136,0.8487,0x0
2026-03-24T19:15:23.579915,61.15,78.7,30.3,2400.03712,0.8487,0x0
2026-03-24T19:15:24.602799,60.05,81.0,30.3,2400.023808,0.8487,0x0
2026-03-24T19:15:25.625860,60.6,80.1,30.2,2400.033792,0.8487,0x0
2026-03-24T19:15:26.653787,60.6,79.6,30.1,2400.033792,0.8487,0x0
2026-03-24T19:15:27.685086,60.05,83.7,30.2,2400.030464,0.8487,0x0
2026-03-24T19:15:28.714481,60.6,83.3,30.2,2400.023808,0.8487,0x0
2026-03-24T19:15:29.737982,60.6,77.5,30.3,2400.033792,0.8487,0x0
2026-03-24T19:15:30.763071,61.7,78.3,30.1,2400.02048,0.8487,0x0
2026-03-24T19:15:31.793776,62.8,86.2,30.0,2400.02048,0.8487,0x0
2026-03-24T19:15:32.817052,61.15,82.8,30.1,2400.033792,0.8487,0x0
2026-03-24T19:15:33.839641,61.15,82.7,30.8,2400.030464,0.8487,0x0
2026-03-24T19:15:34.881598,61.7,82.7,30.9,2400.030464,0.8487,0x0
2026-03-24T19:15:35.907313,62.8,84.0,30.6,2400.033792,0.8487,0x0
2026-03-24T19:15:36.933217,60.05,85.2,30.6,2400.030464,0.8487,0x0
2026-03-24T19:15:37.960149,60.6,83.1,30.4,2400.017408,0.8487,0x0
2026-03-24T19:15:38.986251,60.6,85.1,30.4,2400.02048,0.8487,0x0
2026-03-24T19:15:40.006365,61.15,85.6,30.3,2400.033792,0.8487,0x0
2026-03-24T19:15:41.026194,62.25,90.1,30.5,2400.023808,0.8487,0x0
2026-03-24T19:15:42.054252,60.05,81.8,30.9,2400.02048,0.8487,0x0
2026-03-24T19:15:43.082703,60.6,79.9,31.6,2400.02048,0.8487,0x0
2026-03-24T19:15:44.108354,59.5,82.7,31.8,2400.023808,0.8487,0x0
2026-03-24T19:15:45.137674,61.7,81.4,31.6,2400.03712,0.8487,0x0
2026-03-24T19:15:46.163225,61.7,79.4,31.6,2400.02048,0.8487,0x0
2026-03-24T19:15:47.190698,60.05,80.0,31.5,2400.033792,0.8487,0x0
2026-03-24T19:15:48.214155,61.7,84.9,31.2,2400.03712,0.8487,0x0
2026-03-24T19:15:49.238633,61.15,84.9,31.0,2400.030464,0.8487,0x0
2026-03-24T19:15:50.261292,60.6,83.3,30.9,2400.030464,0.8487,0x0
2026-03-24T19:15:51.305137,61.15,82.0,30.7,2400.023808,0.8487,0x0
2026-03-24T19:15:52.333504,61.15,80.0,30.4,2400.023808,0.8487,0x0
2026-03-24T19:15:53.354845,61.15,82.8,30.5,2400.023808,0.8487,0x0
2026-03-24T19:15:54.377080,61.15,78.6,30.4,2400.023808,0.8487,0x0
2026-03-24T19:15:55.399849,60.6,76.4,30.4,2400.033792,0.8487,0x0
2026-03-24T19:15:56.418782,61.7,77.7,30.4,2400.017408,0.8487,0x0
2026-03-24T19:15:57.438705,61.15,80.5,30.4,2400.017408,0.8487,0x0
2026-03-24T19:15:58.469054,61.7,79.7,30.5,2400.02048,0.8487,0x0
2026-03-24T19:15:59.491682,60.05,79.0,30.3,2400.030464,0.8487,0x0
2026-03-24T19:16:00.519552,61.7,79.1,30.2,2400.02048,0.8487,0x0
2026-03-24T19:16:01.539939,62.8,77.2,30.1,2400.03712,0.8487,0x0
2026-03-24T19:16:02.561780,62.8,77.2,29.9,2400.03712,0.8487,0x0
2026-03-24T19:16:03.591399,61.7,80.0,30.0,2400.027136,0.8487,0x0
2026-03-24T19:16:04.616259,60.6,78.8,30.0,2400.03712,0.8487,0x0
2026-03-24T19:16:05.649211,61.15,79.6,30.0,2400.033792,0.8487,0x0
2026-03-24T19:16:06.670346,60.6,76.3,30.0,2400.033792,0.8487,0x0
2026-03-24T19:16:07.689771,61.15,76.1,30.1,2400.033792,0.8487,0x0
2026-03-24T19:16:08.708771,62.8,77.7,30.7,2400.030464,0.8487,0x0
2026-03-24T19:16:09.734302,61.15,78.1,31.2,2400.030464,0.8487,0x0
2026-03-24T19:16:10.756738,61.15,78.2,31.0,2400.023808,0.8487,0x0
2026-03-24T19:16:11.782586,61.7,78.9,31.0,2400.027136,0.8487,0x0
2026-03-24T19:16:12.804636,61.15,79.0,30.5,2400.023808,0.8487,0x0
2026-03-24T19:16:13.823288,62.25,77.3,30.2,2400.02048,0.8487,0x0
2026-03-24T19:16:14.852853,62.25,78.6,29.8,2400.023808,0.8487,0x0
2026-03-24T19:16:15.874185,61.7,78.0,29.9,2400.030464,0.8487,0x0
2026-03-24T19:16:16.900140,62.8,78.5,29.9,2400.030464,0.8487,0x0
2026-03-24T19:16:17.920911,61.15,78.8,30.3,2400.017408,0.8487,0x0
2026-03-24T19:16:18.941638,62.25,78.8,30.4,2400.033792,0.8487,0x0
2026-03-24T19:16:19.966388,61.15,78.1,30.2,2400.023808,0.8487,0x0
2026-03-24T19:16:20.990063,60.6,78.4,30.2,2400.03712,0.8487,0x0
2026-03-24T19:16:22.015309,60.6,82.2,30.1,2400.023808,0.8487,0x0
2026-03-24T19:16:23.036993,60.6,79.3,29.9,2400.033792,0.8487,0x0
2026-03-24T19:16:24.055849,60.6,79.0,30.0,2400.02048,0.8487,0x0
2026-03-24T19:16:25.084924,61.15,77.8,30.0,2400.02048,0.8487,0x0
2026-03-24T19:16:26.110510,60.05,78.3,30.7,2400.023808,0.8487,0x0
2026-03-24T19:16:27.137613,61.15,79.3,31.3,2400.03712,0.8487,0x0
2026-03-24T19:16:28.157636,60.6,79.9,30.9,2400.02048,0.8487,0x0
2026-03-24T19:16:29.199335,62.8,79.0,30.7,2400.03712,0.8487,0x0
2026-03-24T19:16:30.217420,61.15,75.2,30.5,2400.030464,0.8487,0x0
2026-03-24T19:16:31.243758,60.6,76.9,30.7,2400.033792,0.8487,0x0
2026-03-24T19:16:32.267357,60.6,76.4,30.9,2400.023808,0.8487,0x0
2026-03-24T19:16:33.297438,60.05,81.0,31.1,2400.027136,0.8487,0x0
2026-03-24T19:16:34.318691,61.7,87.3,30.6,2400.027136,0.8487,0x0
2026-03-24T19:16:35.345776,62.25,91.7,30.1,2400.027136,0.8487,0x0
2026-03-24T19:16:36.385836,62.25,89.3,30.4,2400.02048,0.8487,0x0
2026-03-24T19:16:37.511970,61.7,88.4,30.5,2400.030464,0.8487,0x0
2026-03-24T19:16:38.531559,58.95,81.2,30.5,2400.023808,0.8487,0x0
2026-03-24T19:16:39.550970,61.15,79.8,30.0,2400.030464,0.8487,0x0
2026-03-24T19:16:40.672957,61.7,76.8,30.1,2400.033792,0.8487,0x0
2026-03-24T19:16:41.693532,60.6,85.1,30.0,2400.02048,0.8487,0x0
2026-03-24T19:16:42.721509,60.6,86.9,30.1,2400.030464,0.8487,0x0
2026-03-24T19:16:43.747263,61.15,82.0,30.3,2400.023808,0.8487,0x0
2026-03-24T19:16:44.785110,61.15,84.8,30.2,2400.033792,0.8487,0x0
2026-03-24T19:16:45.810930,60.6,81.0,30.3,2400.03712,0.8487,0x0
2026-03-24T19:16:46.830333,62.25,81.5,30.5,2400.023808,0.8487,0x0
2026-03-24T19:16:47.855751,61.7,78.0,31.0,2400.027136,0.8487,0x0
2026-03-24T19:16:48.879135,60.6,80.2,31.0,2400.030464,0.8487,0x0
2026-03-24T19:16:49.909606,63.35,89.9,30.9,2400.033792,0.8487,0x0
2026-03-24T19:16:50.933762,61.15,79.4,30.6,2400.02048,0.8487,0x0
2026-03-24T19:16:51.956150,60.6,84.5,30.4,2400.027136,0.8487,0x0
2026-03-24T19:16:52.991698,61.15,84.3,30.6,2400.023808,0.8487,0x0
2026-03-24T19:16:54.112174,61.7,78.3,30.7,2400.030464,0.8487,0x0
2026-03-24T19:16:55.144013,61.7,79.8,30.5,2400.030464,0.8487,0x0
2026-03-24T19:16:56.164410,61.15,75.8,30.3,2400.030464,0.8487,0x0
2026-03-24T19:16:57.186687,61.7,80.0,30.6,2400.030464,0.8487,0x0
2026-03-24T19:16:58.204151,60.6,81.3,31.1,2400.023808,0.8487,0x0
2026-03-24T19:16:59.226867,60.05,79.5,30.8,2400.02048,0.8487,0x0
2026-03-24T19:17:00.254612,61.7,83.4,30.7,2400.02048,0.8487,0x0
2026-03-24T19:17:01.276509,59.5,87.1,30.4,2400.023808,0.8487,0x0
2026-03-24T19:17:02.302833,60.05,78.9,31.0,2400.027136,0.8487,0x0
2026-03-24T19:17:03.339292,61.15,83.3,30.8,2400.02048,0.8487,0x0
2026-03-24T19:17:04.370571,60.05,83.7,30.4,2400.02048,0.8487,0x0
2026-03-24T19:17:05.396553,60.05,83.5,30.3,2400.03712,0.8487,0x0
2026-03-24T19:17:06.417894,61.7,80.2,30.3,2400.027136,0.8487,0x0
2026-03-24T19:17:07.450416,60.6,82.5,30.3,2400.03712,0.8487,0x0
2026-03-24T19:17:08.473236,60.6,77.9,30.4,2400.030464,0.8487,0x0
2026-03-24T19:17:09.493952,61.15,77.4,30.4,2400.02048,0.8487,0x0
2026-03-24T19:17:10.515015,60.6,80.3,30.0,2400.030464,0.8487,0x0
2026-03-24T19:17:11.547625,61.15,81.2,30.1,2400.030464,0.8487,0x0
2026-03-24T19:17:12.566990,60.6,79.1,30.1,2400.03712,0.8487,0x0
2026-03-24T19:17:13.606650,60.6,79.5,30.1,2400.027136,0.8487,0x0
2026-03-24T19:17:14.629779,61.7,82.9,30.5,2400.023808,0.8487,0x0
2026-03-24T19:17:15.652350,61.7,79.6,30.4,2400.027136,0.8487,0x0
2026-03-24T19:17:16.673498,61.15,76.8,30.3,2400.02048,0.8487,0x0
2026-03-24T19:17:17.695205,60.6,83.7,30.2,2400.02048,0.8487,0x0
2026-03-24T19:17:18.713798,61.15,84.1,30.3,2400.030464,0.8487,0x0
2026-03-24T19:17:19.738997,60.6,78.8,30.3,2400.033792,0.8487,0x0
2026-03-24T19:17:20.766908,61.7,83.7,30.2,2400.033792,0.8487,0x0
2026-03-24T19:17:21.787293,60.6,81.7,30.2,2400.030464,0.8487,0x0
2026-03-24T19:17:22.818187,61.7,86.3,30.1,2400.033792,0.8487,0x0
2026-03-24T19:17:23.844542,61.7,82.4,30.2,2400.017408,0.8487,0x0
2026-03-24T19:17:24.868025,61.15,86.8,30.0,2400.027136,0.8487,0x0
2026-03-24T19:17:25.886210,60.6,81.6,30.0,2400.033792,0.8487,0x0
2026-03-24T19:17:26.904455,61.15,85.2,30.0,2400.02048,0.8487,0x0
2026-03-24T19:17:27.940351,60.6,83.9,30.0,2400.033792,0.8487,0x0
2026-03-24T19:17:28.963725,61.15,81.5,30.4,2400.027136,0.8487,0x0
2026-03-24T19:17:29.988690,61.7,80.8,30.9,2400.033792,0.8487,0x0
2026-03-24T19:17:31.010837,60.6,78.9,30.8,2400.023808,0.8487,0x0
2026-03-24T19:17:32.054445,60.6,84.3,30.7,2400.033792,0.8487,0x0
2026-03-24T19:17:33.088392,61.7,81.8,30.5,2400.027136,0.8487,0x0
2026-03-24T19:17:34.119460,60.6,82.8,30.4,2400.030464,0.8487,0x0
2026-03-24T19:17:35.152541,61.7,80.3,30.4,2400.03712,0.8487,0x0
2026-03-24T19:17:36.177410,62.25,83.2,30.3,2400.02048,0.8487,0x0
2026-03-24T19:17:37.197788,59.5,78.7,30.7,2400.027136,0.8487,0x0
2026-03-24T19:17:38.223340,62.25,82.9,30.6,2400.030464,0.8487,0x0
2026-03-24T19:17:39.245908,60.05,92.9,30.3,2400.030464,0.8487,0x0
2026-03-24T19:17:40.268531,61.7,80.9,30.0,2400.02048,0.8487,0x0
2026-03-24T19:17:41.291028,60.6,80.0,30.1,2400.03712,0.8487,0x0
2026-03-24T19:17:42.316026,61.15,85.6,30.1,2400.02048,0.8487,0x0
2026-03-24T19:17:43.337439,62.8,82.7,30.0,2400.03712,0.8487,0x0
2026-03-24T19:17:44.359915,61.7,82.9,30.5,2400.030464,0.8487,0x0
2026-03-24T19:17:45.387668,61.15,80.5,30.6,2400.030464,0.8487,0x0
2026-03-24T19:17:46.415849,61.15,80.3,31.0,2400.017408,0.8487,0x0
2026-03-24T19:17:47.433594,60.6,77.9,31.0,2400.023808,0.8487,0x0
2026-03-24T19:17:48.452610,61.15,79.2,30.6,2400.027136,0.8487,0x0
2026-03-24T19:17:49.485203,60.05,82.8,30.6,2400.023808,0.8487,0x0
2026-03-24T19:17:50.506751,61.7,80.4,30.9,2400.030464,0.8487,0x0
2026-03-24T19:17:51.532376,61.15,89.8,31.3,2400.033792,0.8487,0x0
2026-03-24T19:17:52.569260,60.6,78.9,31.0,2400.023808,0.8487,0x0
2026-03-24T19:17:53.600237,61.15,77.5,30.9,2400.027136,0.8487,0x0
2026-03-24T19:17:54.622500,60.05,78.3,30.8,2400.023808,0.8487,0x0
2026-03-24T19:17:55.650490,60.05,81.1,30.9,2400.023808,0.8487,0x0
2026-03-24T19:17:56.672021,60.6,78.3,30.9,2400.033792,0.8487,0x0
2026-03-24T19:17:57.696735,60.05,78.2,30.7,2400.02048,0.8487,0x0
2026-03-24T19:17:58.716706,61.15,80.3,30.6,2400.02048,0.8487,0x0
2026-03-24T19:17:59.741341,61.15,79.5,30.4,2400.03712,0.8487,0x0
2026-03-24T19:18:00.763668,60.6,78.9,30.6,2400.02048,0.8487,0x0
2026-03-24T19:18:01.784111,60.6,78.2,30.4,2400.027136,0.8487,0x0
2026-03-24T19:18:02.805074,62.25,78.4,30.3,2400.027136,0.8487,0x0
2026-03-24T19:18:03.830598,61.7,76.2,30.2,2400.023808,0.8487,0x0
2026-03-24T19:18:04.853083,61.15,77.0,30.0,2400.030464,0.8487,0x0
2026-03-24T19:18:05.877954,60.6,77.1,30.0,2400.030464,0.8487,0x0
2026-03-24T19:18:06.914791,60.6,77.9,30.0,2400.03712,0.8487,0x0
2026-03-24T19:18:07.934351,62.25,82.1,30.0,2400.027136,0.8487,0x0
2026-03-24T19:18:08.964787,60.6,80.6,29.9,2400.02048,0.8487,0x0
2026-03-24T19:18:09.986173,61.15,77.8,30.0,2400.033792,0.8487,0x0
2026-03-24T19:18:11.017208,61.7,83.4,30.0,2400.03712,0.8487,0x0
2026-03-24T19:18:12.047947,60.6,77.3,30.0,2400.017408,0.8487,0x0
2026-03-24T19:18:13.075327,60.05,80.4,30.0,2400.030464,0.8487,0x0
2026-03-24T19:18:14.115981,60.6,80.2,30.0,2400.027136,0.8487,0x0
2026-03-24T19:18:15.135543,62.25,86.7,29.9,2400.027136,0.8487,0x0
2026-03-24T19:18:16.174009,61.7,77.1,29.9,2400.023808,0.8487,0x0
2026-03-24T19:18:17.197047,60.05,77.8,29.8,2400.033792,0.8487,0x0
2026-03-24T19:18:18.218305,61.15,79.5,30.0,2400.023808,0.8487,0x0
2026-03-24T19:18:19.244594,61.7,79.1,29.9,2400.02048,0.8487,0x0
2026-03-24T19:18:20.267333,60.6,71.9,29.9,2400.027136,0.8487,0x0
2026-03-24T19:18:21.290260,61.15,77.6,29.8,2400.03712,0.8487,0x0
2026-03-24T19:18:22.312831,61.15,79.4,29.9,2400.030464,0.8487,0x0
2026-03-24T19:18:23.334360,61.15,78.7,29.8,2400.023808,0.8487,0x0
2026-03-24T19:18:24.355516,60.05,76.5,30.0,2400.030464,0.8487,0x0
2026-03-24T19:18:25.376769,62.25,78.0,30.6,2400.033792,0.8487,0x0
2026-03-24T19:18:26.401753,61.15,81.2,30.9,2400.027136,0.8487,0x0
2026-03-24T19:18:27.420312,60.05,76.4,31.1,2400.027136,0.8487,0x0
2026-03-24T19:18:28.442887,61.15,77.0,31.1,2400.030464,0.8487,0x0
2026-03-24T19:18:29.463166,60.6,77.6,30.6,2400.033792,0.8487,0x0
2026-03-24T19:18:30.485334,61.7,76.5,30.6,2400.023808,0.8487,0x0
2026-03-24T19:18:31.517150,60.05,77.3,30.3,2400.033792,0.8487,0x0
2026-03-24T19:18:32.541939,60.6,78.2,30.3,2400.023808,0.8487,0x0
2026-03-24T19:18:33.563500,60.6,76.8,30.5,2400.017408,0.8487,0x0
2026-03-24T19:18:34.584228,61.15,77.1,30.7,2400.023808,0.8487,0x0
2026-03-24T19:18:35.609876,62.25,76.3,30.6,2400.023808,0.8487,0x0
2026-03-24T19:18:36.640842,60.6,78.3,30.5,2400.027136,0.8487,0x0
2026-03-24T19:18:37.661101,60.6,80.2,30.4,2400.023808,0.8487,0x0
2026-03-24T19:18:38.685644,60.05,78.5,30.2,2400.033792,0.8487,0x0
2026-03-24T19:18:39.711211,60.05,78.5,30.3,2400.02048,0.8487,0x0
2026-03-24T19:18:40.736231,60.05,79.9,30.1,2400.033792,0.8487,0x0
2026-03-24T19:18:41.763300,59.5,77.8,30.0,2400.02048,0.8487,0x0
2026-03-24T19:18:42.800381,60.6,81.2,30.0,2400.030464,0.8487,0x0
2026-03-24T19:18:43.824306,60.6,80.0,30.0,2400.033792,0.8487,0x0
2026-03-24T19:18:44.854000,62.25,77.9,29.9,2400.03712,0.8487,0x0
2026-03-24T19:18:45.877691,60.05,78.5,29.9,2400.033792,0.8487,0x0
2026-03-24T19:18:46.907327,60.05,80.6,29.9,2400.02048,0.8487,0x0
2026-03-24T19:18:47.927710,61.15,80.0,29.9,2400.023808,0.8487,0x0
2026-03-24T19:18:48.960111,58.95,82.4,29.8,2400.02048,0.8487,0x0
2026-03-24T19:18:49.983972,61.7,79.8,30.0,2400.02048,0.8487,0x0
2026-03-24T19:18:51.009832,60.6,77.8,29.9,2400.033792,0.8487,0x0
2026-03-24T19:18:52.032076,61.15,77.6,29.8,2400.030464,0.8487,0x0
2026-03-24T19:18:53.056032,60.05,81.3,30.0,2400.030464,0.8487,0x0
2026-03-24T19:18:54.081801,60.6,76.6,30.0,2400.033792,0.8487,0x0
2026-03-24T19:18:55.100618,59.5,79.1,29.9,2400.03712,0.8487,0x0
2026-03-24T19:18:56.125767,60.6,82.6,29.8,2400.03712,0.8487,0x0
2026-03-24T19:18:57.143055,62.25,85.4,29.8,2400.02048,0.8487,0x0
2026-03-24T19:18:58.175022,62.25,86.6,29.9,2400.033792,0.8487,0x0
2026-03-24T19:18:59.205396,60.6,82.3,29.9,2400.030464,0.8487,0x0
2026-03-24T19:19:00.229871,61.7,78.8,30.0,2400.027136,0.8487,0x0
2026-03-24T19:19:01.248986,60.6,83.5,30.0,2400.033792,0.8487,0x0
2026-03-24T19:19:02.268600,60.05,82.5,30.1,2400.023808,0.8487,0x0
2026-03-24T19:19:03.313356,60.6,84.7,30.3,2400.027136,0.8487,0x0
2026-03-24T19:19:04.350199,60.05,83.2,30.2,2400.033792,0.8487,0x0
2026-03-24T19:19:05.382010,61.7,86.2,30.1,2400.030464,0.8487,0x0
2026-03-24T19:19:06.399271,60.05,81.2,30.1,2400.027136,0.8487,0x0
2026-03-24T19:19:07.422689,60.6,80.0,30.0,2400.027136,0.8487,0x0
2026-03-24T19:19:08.446815,60.6,83.1,30.1,2400.027136,0.8487,0x0
2026-03-24T19:19:09.485058,60.05,84.8,30.1,2400.03712,0.8487,0x0
2026-03-24T19:19:10.525993,61.15,80.7,30.0,2400.027136,0.8487,0x0
2026-03-24T19:19:11.553823,62.25,80.1,29.9,2400.033792,0.8487,0x0
2026-03-24T19:19:12.573907,62.25,82.6,30.0,2400.023808,0.8487,0x0
2026-03-24T19:19:13.597420,60.05,84.0,30.5,2400.02048,0.8487,0x0
2026-03-24T19:19:14.619837,61.15,83.3,31.1,2400.03712,0.8487,0x0
2026-03-24T19:19:15.661977,60.05,79.1,30.9,2400.033792,0.8487,0x0
2026-03-24T19:19:16.705708,60.6,82.7,31.0,2400.030464,0.8487,0x0
2026-03-24T19:19:17.736908,60.05,83.9,31.2,2400.03712,0.8487,0x0
2026-03-24T19:19:18.769023,60.6,83.5,30.6,2400.027136,0.8487,0x0
2026-03-24T19:19:19.790639,60.05,82.3,30.3,2400.03712,0.8487,0x0
2026-03-24T19:19:20.812266,60.05,81.1,30.5,2400.030464,0.8487,0x0
2026-03-24T19:19:21.836436,60.05,81.1,30.4,2400.027136,0.8487,0x0
2026-03-24T19:19:22.866432,60.05,81.4,30.2,2400.033792,0.8487,0x0
2026-03-24T19:19:23.894592,60.05,78.2,30.3,2400.023808,0.8487,0x0
2026-03-24T19:19:24.923372,61.15,80.7,30.3,2400.030464,0.8487,0x0
2026-03-24T19:19:25.965975,61.15,80.8,30.1,2400.033792,0.8487,0x0
2026-03-24T19:19:26.994307,61.15,83.3,30.1,2400.023808,0.8487,0x0
2026-03-24T19:19:28.027764,60.6,83.5,30.0,2400.027136,0.8487,0x0
2026-03-24T19:19:29.046726,60.05,92.9,30.0,2400.033792,0.8487,0x0
2026-03-24T19:19:30.072103,61.7,83.6,30.4,2400.027136,0.8487,0x0
2026-03-24T19:19:31.093769,60.05,77.1,30.9,2400.023808,0.8487,0x0
2026-03-24T19:19:32.117632,60.05,78.2,31.2,2400.030464,0.8487,0x0
2026-03-24T19:19:33.143668,61.15,81.6,31.3,2400.030464,0.8487,0x0
2026-03-24T19:19:34.185961,61.15,82.6,31.1,2400.023808,0.8487,0x0
2026-03-24T19:19:35.219930,60.05,81.0,31.0,2400.030464,0.8487,0x0
2026-03-24T19:19:36.243661,60.05,78.2,30.6,2400.023808,0.8487,0x0
2026-03-24T19:19:37.262755,61.15,81.4,30.6,2400.033792,0.8487,0x0
2026-03-24T19:19:38.286332,60.6,81.3,30.5,2400.027136,0.8487,0x0
2026-03-24T19:19:39.314234,62.25,81.9,30.4,2400.033792,0.8487,0x0
2026-03-24T19:19:40.337417,60.6,82.6,30.3,2400.02048,0.8487,0x0
2026-03-24T19:19:41.377169,60.05,81.9,30.4,2400.030464,0.8487,0x0
2026-03-24T19:19:42.416143,59.5,83.7,30.2,2400.02048,0.8487,0x0
2026-03-24T19:19:43.437587,60.6,80.5,30.4,2400.033792,0.8487,0x0
2026-03-24T19:19:44.465675,61.15,80.5,30.7,2400.02048,0.8487,0x0
2026-03-24T19:19:45.491345,60.05,79.6,30.8,2400.023808,0.8487,0x0
2026-03-24T19:19:46.511669,61.15,82.3,30.4,2400.027136,0.8487,0x0
2026-03-24T19:19:47.564092,62.25,84.0,30.6,2400.02048,0.8487,0x0
2026-03-24T19:19:48.590127,59.5,83.1,30.8,2400.033792,0.8487,0x0
2026-03-24T19:19:49.608842,60.6,92.3,31.1,2400.027136,0.8487,0x0
2026-03-24T19:19:50.654378,59.5,85.4,31.4,2400.017408,0.8487,0x0
2026-03-24T19:19:51.675779,58.95,84.0,31.3,2400.027136,0.8487,0x0
2026-03-24T19:19:52.699935,60.05,79.9,31.0,2400.030464,0.8487,0x0
2026-03-24T19:19:53.732168,60.05,80.5,30.8,2400.03712,0.8487,0x0
2026-03-24T19:19:54.762463,60.6,81.9,30.8,2400.030464,0.8487,0x0
2026-03-24T19:19:55.783645,60.05,79.5,30.6,2400.027136,0.8487,0x0
2026-03-24T19:19:56.804725,60.6,85.7,30.8,2400.02048,0.8487,0x0
2026-03-24T19:19:57.826649,60.6,89.3,31.0,2400.033792,0.8487,0x0
2026-03-24T19:19:58.870154,60.05,79.8,31.1,2400.023808,0.8487,0x0
2026-03-24T19:19:59.897278,59.5,80.8,30.8,2400.023808,0.8487,0x0
2026-03-24T19:20:00.923273,60.05,81.4,31.1,2400.030464,0.8487,0x0
2026-03-24T19:20:01.944843,60.05,81.8,31.1,2400.030464,0.8487,0x0
2026-03-24T19:20:02.966941,60.6,78.4,30.9,2400.027136,0.8487,0x0
2026-03-24T19:20:03.989596,61.15,77.5,30.8,2400.033792,0.8487,0x0
2026-03-24T19:20:05.011479,61.15,80.6,30.6,2400.033792,0.8487,0x0
2026-03-24T19:20:06.045785,60.05,78.0,30.2,2400.027136,0.8487,0x0
2026-03-24T19:20:07.065270,60.05,78.2,30.5,2400.023808,0.8487,0x0
2026-03-24T19:20:08.089139,61.15,79.8,30.5,2400.02048,0.8487,0x0
2026-03-24T19:20:09.106762,61.7,81.3,30.5,2400.033792,0.8487,0x0
2026-03-24T19:20:10.130244,60.6,81.7,31.1,2400.02048,0.8487,0x0
2026-03-24T19:20:11.160574,60.6,84.3,31.2,2400.03712,0.8487,0x0
2026-03-24T19:20:12.181368,61.7,79.8,31.0,2400.03712,0.8487,0x0
2026-03-24T19:20:13.212037,60.6,79.8,30.9,2400.02048,0.8487,0x0
2026-03-24T19:20:14.243528,60.05,77.6,30.6,2400.033792,0.8487,0x0
2026-03-24T19:20:15.262021,60.05,78.2,30.3,2400.033792,0.8487,0x0
2026-03-24T19:20:16.284646,60.05,78.8,30.1,2400.023808,0.8487,0x0
2026-03-24T19:20:17.312828,60.6,78.7,30.5,2400.027136,0.8487,0x0
2026-03-24T19:20:18.340242,60.05,79.6,30.7,2400.030464,0.8487,0x0
2026-03-24T19:20:19.363777,61.7,80.5,30.6,2400.023808,0.8487,0x0
2026-03-24T19:20:20.392004,60.05,82.2,30.4,2400.027136,0.8487,0x0
2026-03-24T19:20:21.417234,59.5,78.2,30.6,2400.030464,0.8487,0x0
2026-03-24T19:20:22.440019,60.05,77.3,30.3,2400.033792,0.8487,0x0
2026-03-24T19:20:23.460963,60.6,82.6,30.2,2400.02048,0.8487,0x0
2026-03-24T19:20:24.487129,61.7,79.3,30.2,2400.033792,0.8487,0x0
2026-03-24T19:20:25.518216,60.05,80.5,30.0,2400.027136,0.8487,0x0
2026-03-24T19:20:26.543897,60.6,79.8,30.0,2400.02048,0.8487,0x0
2026-03-24T19:20:27.572302,60.05,79.4,30.0,2400.023808,0.8487,0x0
2026-03-24T19:20:28.589873,61.7,80.0,30.3,2400.033792,0.8487,0x0
2026-03-24T19:20:29.608766,61.7,79.1,30.9,2400.023808,0.8487,0x0
2026-03-24T19:20:30.635193,60.05,82.2,30.9,2400.02048,0.8487,0x0
2026-03-24T19:20:31.658723,60.6,79.5,31.0,2400.027136,0.8487,0x0
2026-03-24T19:20:32.684116,60.05,81.9,31.1,2400.033792,0.8487,0x0
2026-03-24T19:20:33.707704,61.7,77.3,31.5,2400.033792,0.8487,0x0
2026-03-24T19:20:34.835289,60.05,77.5,31.3,2400.02048,0.8487,0x0
2026-03-24T19:20:35.855446,60.05,79.1,31.1,2400.023808,0.8487,0x0
2026-03-24T19:20:36.877538,60.6,79.1,31.1,2400.02048,0.8487,0x0
2026-03-24T19:20:37.903234,61.7,81.7,30.9,2400.023808,0.8487,0x0
2026-03-24T19:20:38.924530,60.05,75.8,31.1,2400.027136,0.8487,0x0
2026-03-24T19:20:39.947045,60.6,77.1,30.7,2400.02048,0.8487,0x0
2026-03-24T19:20:40.965778,60.6,84.2,30.6,2400.027136,0.8487,0x0
2026-03-24T19:20:41.995850,60.6,82.3,30.7,2400.030464,0.8487,0x0
2026-03-24T19:20:43.033753,61.7,82.6,30.5,2400.023808,0.8487,0x0
2026-03-24T19:20:44.058576,60.6,80.6,31.1,2400.033792,0.8487,0x0
2026-03-24T19:20:45.080500,60.6,80.1,31.0,2400.033792,0.8487,0x0
2026-03-24T19:20:46.116435,61.7,83.8,30.8,2400.030464,0.8487,0x0
2026-03-24T19:20:47.158740,60.05,86.4,30.8,2400.033792,0.8487,0x0
2026-03-24T19:20:48.186535,60.05,82.1,30.6,2400.03712,0.8487,0x0
2026-03-24T19:20:49.219529,60.05,80.7,30.5,2400.02048,0.8487,0x0
2026-03-24T19:20:50.237503,60.05,78.3,30.3,2400.033792,0.8487,0x0
2026-03-24T19:20:51.271152,60.05,80.6,30.1,2400.02048,0.8487,0x0
2026-03-24T19:20:52.304300,59.5,78.6,30.1,2400.027136,0.8487,0x0
2026-03-24T19:20:53.325788,60.6,77.9,30.0,2400.02048,0.8487,0x0
2026-03-24T19:20:54.346984,61.15,78.6,29.9,2400.023808,0.8487,0x0
2026-03-24T19:20:55.376152,60.6,78.6,30.0,2400.033792,0.8487,0x0
2026-03-24T19:20:56.400410,62.8,79.9,30.0,2400.023808,0.8487,0x0
2026-03-24T19:20:57.437764,61.15,77.1,30.1,2400.027136,0.8487,0x0
2026-03-24T19:20:58.549521,60.05,78.7,30.2,2400.030464,0.8487,0x0
2026-03-24T19:20:59.573136,60.05,78.3,30.2,2400.02048,0.8487,0x0
2026-03-24T19:21:00.650757,62.8,83.8,30.1,2400.033792,0.8487,0x0
2026-03-24T19:21:01.673767,60.6,83.1,30.1,2400.027136,0.8487,0x0
2026-03-24T19:21:02.693346,60.6,86.6,30.1,2400.02048,0.8487,0x0
2026-03-24T19:21:03.727013,61.15,80.2,30.1,2400.02048,0.8487,0x0
2026-03-24T19:21:04.746790,61.15,79.3,30.1,2400.03712,0.8487,0x0
2026-03-24T19:21:05.777562,61.7,76.5,30.1,2400.03712,0.8487,0x0
2026-03-24T19:21:06.801176,60.05,80.6,30.0,2400.030464,0.8487,0x0
2026-03-24T19:21:07.822470,60.6,77.9,30.0,2400.027136,0.8487,0x0
2026-03-24T19:21:08.846988,59.5,78.7,30.0,2400.027136,0.8487,0x0
2026-03-24T19:21:09.872195,61.7,78.4,30.1,2400.033792,0.8487,0x0
2026-03-24T19:21:10.903776,60.05,77.8,30.3,2400.027136,0.8487,0x0
2026-03-24T19:21:11.922694,60.6,79.5,30.6,2400.027136,0.8487,0x0
2026-03-24T19:21:12.944448,60.6,78.3,31.3,2400.033792,0.8487,0x0
2026-03-24T19:21:13.973973,60.05,79.5,31.3,2400.033792,0.8487,0x0
2026-03-24T19:21:14.995176,60.05,75.6,31.5,2400.027136,0.8487,0x0
2026-03-24T19:21:16.023732,60.05,79.0,31.4,2400.033792,0.8487,0x0
2026-03-24T19:21:17.044472,60.05,82.0,31.4,2400.027136,0.8487,0x0
2026-03-24T19:21:18.072136,58.95,79.2,31.1,2400.033792,0.8487,0x0
2026-03-24T19:21:19.092619,61.15,78.6,30.9,2400.030464,0.8487,0x0
2026-03-24T19:21:20.117867,60.05,77.0,30.9,2400.023808,0.8487,0x0
2026-03-24T19:21:21.140459,60.05,82.4,30.7,2400.02048,0.8487,0x0
2026-03-24T19:21:22.174530,60.05,84.0,30.7,2400.02048,0.8487,0x0
2026-03-24T19:21:23.205309,60.05,88.5,30.6,2400.030464,0.8487,0x0
2026-03-24T19:21:24.237640,60.05,85.1,31.0,2400.027136,0.8487,0x0
2026-03-24T19:21:25.259166,61.15,83.2,31.3,2400.023808,0.8487,0x0
2026-03-24T19:21:26.298966,60.05,86.0,31.2,2400.02048,0.8487,0x0
2026-03-24T19:21:27.328339,60.6,78.8,30.9,2400.030464,0.8487,0x0
2026-03-24T19:21:28.350167,58.95,85.8,30.9,2400.027136,0.8487,0x0
2026-03-24T19:21:29.372605,60.6,77.1,30.7,2400.027136,0.8487,0x0
2026-03-24T19:21:30.391441,60.05,86.4,30.8,2400.033792,0.8487,0x0
2026-03-24T19:21:31.415125,61.15,83.5,30.7,2400.033792,0.8487,0x0
2026-03-24T19:21:32.432956,60.05,81.3,30.6,2400.027136,0.8487,0x0
2026-03-24T19:21:33.454675,61.7,83.4,30.3,2400.027136,0.8487,0x0
2026-03-24T19:21:34.478346,59.5,83.5,30.4,2400.017408,0.8487,0x0
2026-03-24T19:21:35.502829,60.6,81.5,30.9,2400.027136,0.8487,0x0
2026-03-24T19:21:36.530928,61.7,81.4,31.2,2400.027136,0.8487,0x0
2026-03-24T19:21:37.553548,60.05,78.1,31.1,2400.030464,0.8487,0x0
2026-03-24T19:21:38.574617,60.05,79.0,31.1,2400.02048,0.8487,0x0
2026-03-24T19:21:39.617971,60.6,80.5,30.6,2400.030464,0.8487,0x0
2026-03-24T19:21:40.646775,60.05,80.7,30.4,2400.017408,0.8487,0x0
2026-03-24T19:21:41.668783,60.05,83.4,30.3,2400.027136,0.8487,0x0
2026-03-24T19:21:42.700016,60.6,83.4,30.5,2400.030464,0.8487,0x0
2026-03-24T19:21:43.721624,60.05,82.5,30.9,2400.023808,0.8487,0x0
2026-03-24T19:21:44.743799,61.7,79.9,31.3,2400.030464,0.8487,0x0
2026-03-24T19:21:45.766940,58.95,80.3,31.4,2400.017408,0.8487,0x0
2026-03-24T19:21:46.787514,61.15,89.6,31.0,2400.030464,0.8487,0x0
2026-03-24T19:21:47.819048,60.05,83.0,30.7,2400.027136,0.8487,0x0
2026-03-24T19:21:48.841677,61.15,79.2,30.4,2400.030464,0.8487,0x0
2026-03-24T19:21:49.862523,60.6,80.7,30.1,2400.030464,0.8487,0x0
2026-03-24T19:21:50.899170,61.7,82.6,30.1,2400.03712,0.8487,0x0
2026-03-24T19:21:51.926673,61.7,85.8,30.0,2400.02048,0.8487,0x0
2026-03-24T19:21:52.958865,61.7,82.0,29.9,2400.02048,0.8487,0x0
2026-03-24T19:21:53.986331,59.5,82.8,29.9,2400.02048,0.8487,0x0
2026-03-24T19:21:55.009903,60.6,80.7,29.8,2400.02048,0.8487,0x0
2026-03-24T19:21:56.036355,61.15,89.2,30.1,2400.027136,0.8487,0x0
2026-03-24T19:21:57.068203,61.15,91.1,30.3,2400.033792,0.8487,0x0
2026-03-24T19:21:58.095599,60.6,93.5,30.7,2400.027136,0.8487,0x0
2026-03-24T19:21:59.125796,60.05,86.7,30.8,2400.02048,0.8487,0x0
2026-03-24T19:22:00.146824,61.7,87.9,31.0,2400.027136,0.8487,0x0
2026-03-24T19:22:01.178806,59.5,90.5,30.8,2400.017408,0.8487,0x0
2026-03-24T19:22:02.215433,60.6,92.4,30.9,2400.030464,0.8487,0x0
2026-03-24T19:22:03.245026,60.6,90.0,30.6,2400.023808,0.8487,0x0
2026-03-24T19:22:04.266148,60.6,93.8,30.4,2400.033792,0.8487,0x0
2026-03-24T19:22:05.285106,61.7,94.1,30.5,2400.033792,0.8487,0x0
2026-03-24T19:22:06.315053,60.6,91.0,30.6,2400.023808,0.8487,0x0
2026-03-24T19:22:07.345456,60.6,93.0,31.2,2400.027136,0.8487,0x0
2026-03-24T19:22:08.374283,60.6,92.7,31.5,2400.033792,0.8487,0x0
2026-03-24T19:22:09.400637,61.15,91.0,31.4,2400.02048,0.8487,0x0
2026-03-24T19:22:10.426324,61.7,94.6,31.4,2400.03712,0.8487,0x0
2026-03-24T19:22:11.453768,60.6,92.1,31.2,2400.023808,0.8487,0x0
2026-03-24T19:22:12.480369,60.6,90.9,31.3,2400.033792,0.8487,0x0
2026-03-24T19:22:13.517766,61.7,90.9,31.4,2400.02048,0.8487,0x0
2026-03-24T19:22:14.543590,60.6,93.9,31.4,2400.030464,0.8487,0x0
2026-03-24T19:22:15.577766,61.15,85.2,31.5,2400.027136,0.8487,0x0
2026-03-24T19:22:16.597105,58.95,77.3,31.1,2400.027136,0.8487,0x0
2026-03-24T19:22:17.721286,60.05,76.7,31.2,2400.030464,0.8487,0x0
2026-03-24T19:22:18.743889,60.05,79.0,30.9,2400.023808,0.8487,0x0
2026-03-24T19:22:19.764527,59.5,76.2,30.7,2400.033792,0.8487,0x0
2026-03-24T19:22:20.789441,60.05,79.9,31.1,2400.033792,0.8487,0x0
2026-03-24T19:22:21.812818,60.6,78.0,30.8,2400.02048,0.8487,0x0
2026-03-24T19:22:22.836939,60.05,77.8,30.8,2400.027136,0.8487,0x0
2026-03-24T19:22:23.857827,61.7,75.9,30.7,2400.030464,0.8487,0x0
2026-03-24T19:22:24.876406,61.15,79.4,31.5,2400.023808,0.8487,0x0
2026-03-24T19:22:25.901266,61.7,77.1,31.6,2400.03712,0.8487,0x0
2026-03-24T19:22:26.924465,60.05,77.4,30.9,2400.030464,0.8487,0x0
2026-03-24T19:22:27.953932,59.5,82.0,30.8,2400.033792,0.8487,0x0
2026-03-24T19:22:28.984168,61.7,78.8,30.7,2400.030464,0.8487,0x0
2026-03-24T19:22:30.009545,60.6,79.2,30.7,2400.02048,0.8487,0x0
2026-03-24T19:22:31.036747,61.15,80.0,30.6,2400.030464,0.8487,0x0
2026-03-24T19:22:32.062174,62.25,78.4,30.5,2400.023808,0.8487,0x0
2026-03-24T19:22:33.192583,60.6,77.8,30.4,2400.030464,0.8487,0x0
2026-03-24T19:22:34.217787,61.7,76.9,30.3,2400.023808,0.8487,0x0
2026-03-24T19:22:35.247013,59.5,75.9,30.3,2400.033792,0.8487,0x0
2026-03-24T19:22:36.266164,62.25,79.5,30.2,2400.023808,0.8487,0x0
2026-03-24T19:22:37.285965,60.05,78.1,30.2,2400.027136,0.8487,0x0
2026-03-24T19:22:38.309762,60.6,78.4,30.4,2400.023808,0.8487,0x0
2026-03-24T19:22:39.330266,61.15,77.4,30.9,2400.023808,0.8487,0x0
2026-03-24T19:22:40.356866,61.15,77.3,30.8,2400.017408,0.8487,0x0
2026-03-24T19:22:41.460541,60.6,78.4,30.8,2400.027136,0.8487,0x0
2026-03-24T19:22:42.483957,60.6,79.9,30.7,2400.030464,0.8487,0x0
2026-03-24T19:22:43.506505,58.95,80.4,30.6,2400.033792,0.8487,0x0
2026-03-24T19:22:44.536705,60.6,79.2,30.4,2400.02048,0.8487,0x0
2026-03-24T19:22:45.555886,61.15,76.3,31.0,2400.030464,0.8487,0x0
2026-03-24T19:22:46.581709,60.05,77.5,31.2,2400.023808,0.8487,0x0
2026-03-24T19:22:47.604691,61.7,78.0,31.1,2400.023808,0.8487,0x0
2026-03-24T19:22:48.640078,61.15,81.3,30.9,2400.033792,0.8487,0x0
2026-03-24T19:22:49.661403,59.5,77.7,30.9,2400.033792,0.8487,0x0
2026-03-24T19:22:50.684965,60.05,79.4,30.9,2400.03712,0.8487,0x0
2026-03-24T19:22:51.708879,61.7,76.9,30.8,2400.023808,0.8487,0x0
2026-03-24T19:22:52.733623,60.05,78.8,30.9,2400.02048,0.8487,0x0
2026-03-24T19:22:53.755216,60.05,79.1,30.7,2400.033792,0.8487,0x0
2026-03-24T19:22:54.788077,61.15,79.6,30.8,2400.033792,0.8487,0x0
2026-03-24T19:22:55.813893,60.05,77.9,30.6,2400.02048,0.8487,0x0
2026-03-24T19:22:56.837095,60.05,78.8,30.5,2400.030464,0.8487,0x0
2026-03-24T19:22:57.859469,60.05,80.8,30.4,2400.030464,0.8487,0x0
2026-03-24T19:22:58.885447,60.05,78.7,30.4,2400.027136,0.8487,0x0
2026-03-24T19:22:59.912223,61.7,79.8,30.3,2400.027136,0.8487,0x0
2026-03-24T19:23:00.935963,61.15,79.2,30.3,2400.033792,0.8487,0x0
2026-03-24T19:23:01.973484,61.15,78.1,30.5,2400.027136,0.8487,0x0
2026-03-24T19:23:02.994301,59.5,80.9,30.4,2400.017408,0.8487,0x0
2026-03-24T19:23:04.021703,60.05,78.6,30.3,2400.02048,0.8487,0x0
2026-03-24T19:23:05.049372,61.15,77.8,30.3,2400.02048,0.8487,0x0
2026-03-24T19:23:06.071719,60.05,78.5,30.4,2400.023808,0.8487,0x0
2026-03-24T19:23:07.097782,61.7,76.6,31.0,2400.030464,0.8487,0x0
2026-03-24T19:23:08.119090,60.05,75.9,31.3,2400.027136,0.8487,0x0
2026-03-24T19:23:09.144146,60.05,76.4,31.0,2400.027136,0.8487,0x0
2026-03-24T19:23:10.166471,62.8,78.3,31.4,2400.027136,0.8487,0x0
2026-03-24T19:23:11.191441,60.6,78.3,31.3,2400.030464,0.8487,0x0
2026-03-24T19:23:12.216268,60.05,78.9,30.9,2400.033792,0.8487,0x0
2026-03-24T19:23:13.244775,61.7,78.7,30.7,2400.027136,0.8487,0x0
2026-03-24T19:23:14.271477,61.15,84.3,30.8,2400.023808,0.8487,0x0
2026-03-24T19:23:15.307783,60.6,82.2,30.7,2400.023808,0.8487,0x0
2026-03-24T19:23:16.336443,60.6,78.5,30.8,2400.023808,0.8487,0x0
2026-03-24T19:23:17.363484,62.8,79.3,30.7,2400.023808,0.8487,0x0
2026-03-24T19:23:18.386598,60.05,82.7,30.9,2400.03712,0.8487,0x0
2026-03-24T19:23:19.411767,59.5,77.2,30.9,2400.030464,0.8487,0x0
2026-03-24T19:23:20.443217,60.6,78.7,30.9,2400.030464,0.8487,0x0
2026-03-24T19:23:21.464110,60.6,80.0,30.7,2400.027136,0.8487,0x0
2026-03-24T19:23:22.494597,60.05,77.3,30.4,2400.03712,0.8487,0x0
2026-03-24T19:23:23.517681,60.6,80.0,30.3,2400.02048,0.8487,0x0
2026-03-24T19:23:24.537026,61.7,79.0,30.2,2400.02048,0.8487,0x0
2026-03-24T19:23:25.561172,61.15,75.7,30.2,2400.027136,0.8487,0x0
2026-03-24T19:23:26.582995,61.15,79.3,30.3,2400.023808,0.8487,0x0
2026-03-24T19:23:27.611930,60.05,81.7,30.5,2400.02048,0.8487,0x0
2026-03-24T19:23:28.641975,60.05,75.7,30.5,2400.030464,0.8487,0x0
2026-03-24T19:23:29.668778,60.6,78.8,30.4,2400.030464,0.8487,0x0
2026-03-24T19:23:30.692377,60.05,77.1,30.4,2400.023808,0.8487,0x0
2026-03-24T19:23:31.716857,60.6,81.4,30.3,2400.03712,0.8487,0x0
2026-03-24T19:23:32.739627,60.05,79.0,30.9,2400.02048,0.8487,0x0
2026-03-24T19:23:33.758797,60.6,79.9,31.5,2400.02048,0.8487,0x0
2026-03-24T19:23:34.780554,60.05,79.3,31.7,2400.027136,0.8487,0x0
2026-03-24T19:23:35.801708,60.05,80.8,31.5,2400.027136,0.8487,0x0
2026-03-24T19:23:36.823469,61.7,78.0,31.0,2400.033792,0.8487,0x0
2026-03-24T19:23:37.846839,60.05,83.1,31.1,2400.023808,0.8487,0x0
2026-03-24T19:23:38.872679,60.6,82.1,31.3,2400.030464,0.8487,0x0
2026-03-24T19:23:39.897667,60.6,79.5,31.1,2400.02048,0.8487,0x0
2026-03-24T19:23:40.932859,61.15,79.6,31.2,2400.023808,0.8487,0x0
2026-03-24T19:23:41.953475,59.5,80.5,31.2,2400.030464,0.8487,0x0
2026-03-24T19:23:42.973646,62.25,78.6,31.0,2400.030464,0.8487,0x0
2026-03-24T19:23:43.995610,60.05,79.7,31.1,2400.030464,0.8487,0x0
2026-03-24T19:23:45.016203,60.6,79.0,30.5,2400.030464,0.8487,0x0
2026-03-24T19:23:46.049142,60.05,78.1,30.4,2400.030464,0.8487,0x0
2026-03-24T19:23:47.067959,60.05,82.5,30.9,2400.033792,0.8487,0x0
2026-03-24T19:23:48.089793,60.05,79.5,31.1,2400.033792,0.8487,0x0
2026-03-24T19:23:49.112563,60.6,83.9,31.0,2400.027136,0.8487,0x0
2026-03-24T19:23:50.146317,60.6,86.5,31.9,2400.030464,0.8487,0x0
2026-03-24T19:23:51.272490,60.05,82.0,32.1,2400.030464,0.8487,0x0
2026-03-24T19:23:52.292146,61.7,80.6,31.8,2400.033792,0.8487,0x0
2026-03-24T19:23:53.322117,60.05,80.1,32.1,2400.030464,0.8487,0x0
2026-03-24T19:23:54.341899,60.05,84.0,31.9,2400.02048,0.8487,0x0
2026-03-24T19:23:55.368906,60.05,82.4,31.6,2400.02048,0.8487,0x0
2026-03-24T19:23:56.394460,60.6,85.1,31.2,2400.027136,0.8487,0x0
2026-03-24T19:23:57.429769,57.85,84.2,31.2,2400.02048,0.8487,0x0
2026-03-24T19:23:58.459594,60.05,79.1,31.2,2400.030464,0.8487,0x0
2026-03-24T19:23:59.482390,60.6,82.2,30.9,2400.027136,0.8487,0x0
2026-03-24T19:24:00.529152,60.6,86.6,30.6,2400.033792,0.8487,0x0
2026-03-24T19:24:01.557783,61.15,76.5,30.7,2400.023808,0.8487,0x0
2026-03-24T19:24:02.586208,60.6,81.8,31.0,2400.030464,0.8487,0x0
2026-03-24T19:24:03.607011,60.05,77.6,31.1,2400.03712,0.8487,0x0
2026-03-24T19:24:04.641779,61.15,89.2,31.2,2400.03712,0.8487,0x0
2026-03-24T19:24:05.662950,61.7,83.5,31.0,2400.023808,0.8487,0x0
2026-03-24T19:24:06.690770,61.15,78.2,30.8,2400.027136,0.8487,0x0
2026-03-24T19:24:07.724981,60.05,84.7,30.5,2400.02048,0.8487,0x0
2026-03-24T19:24:08.762861,60.05,84.9,30.5,2400.030464,0.8487,0x0
2026-03-24T19:24:09.788633,61.15,81.4,30.4,2400.033792,0.8487,0x0
2026-03-24T19:24:10.809705,60.05,78.9,30.4,2400.033792,0.8487,0x0
2026-03-24T19:24:11.846613,60.05,84.6,30.4,2400.030464,0.8487,0x0
2026-03-24T19:24:12.871367,60.05,90.7,30.4,2400.033792,0.8487,0x0
2026-03-24T19:24:13.897101,60.05,81.0,30.3,2400.033792,0.8487,0x0
2026-03-24T19:24:14.917798,59.5,75.3,30.3,2400.030464,0.8487,0x0
2026-03-24T19:24:15.939640,60.05,81.0,30.5,2400.030464,0.8487,0x0
2026-03-24T19:24:16.970646,60.6,81.4,30.3,2400.02048,0.8487,0x0
2026-03-24T19:24:17.992461,59.5,83.5,30.3,2400.027136,0.8487,0x0
2026-03-24T19:24:19.012869,60.05,80.7,30.6,2400.023808,0.8487,0x0
2026-03-24T19:24:20.039466,62.25,81.5,31.0,2400.02048,0.8487,0x0
2026-03-24T19:24:21.067038,59.5,85.3,31.0,2400.02048,0.8487,0x0
2026-03-24T19:24:22.096879,60.05,90.3,30.8,2400.023808,0.8487,0x0
2026-03-24T19:24:23.131494,60.6,81.1,30.8,2400.03712,0.8487,0x0
2026-03-24T19:24:24.155501,61.7,79.2,30.6,2400.023808,0.8487,0x0
2026-03-24T19:24:25.183840,60.6,83.7,30.6,2400.030464,0.8487,0x0
2026-03-24T19:24:26.205231,60.05,79.3,30.3,2400.033792,0.8487,0x0
2026-03-24T19:24:27.238755,61.7,80.5,30.3,2400.033792,0.8487,0x0
2026-03-24T19:24:28.269051,58.4,82.8,30.4,2400.03712,0.8487,0x0
2026-03-24T19:24:29.295282,60.6,78.9,30.1,2400.03712,0.8487,0x0
2026-03-24T19:24:30.319973,58.95,83.8,30.2,2400.030464,0.8487,0x0
2026-03-24T19:24:31.345790,59.5,80.7,30.0,2400.02048,0.8487,0x0
2026-03-24T19:24:32.384817,60.05,82.1,30.5,2400.023808,0.8487,0x0
2026-03-24T19:24:33.411016,60.6,81.5,31.0,2400.027136,0.8487,0x0
2026-03-24T19:24:34.437175,59.5,83.7,30.8,2400.030464,0.8487,0x0
2026-03-24T19:24:35.464451,60.05,78.1,30.6,2400.02048,0.8487,0x0
2026-03-24T19:24:36.493298,61.7,81.2,30.5,2400.030464,0.8487,0x0
2026-03-24T19:24:37.531490,60.6,84.2,30.4,2400.03712,0.8487,0x0
2026-03-24T19:24:38.553793,58.4,80.0,30.3,2400.02048,0.8487,0x0
2026-03-24T19:24:39.583316,60.6,78.0,30.2,2400.033792,0.8487,0x0
2026-03-24T19:24:40.605330,60.05,78.6,30.1,2400.017408,0.8487,0x0
2026-03-24T19:24:41.630224,60.05,80.1,30.1,2400.023808,0.8487,0x0
2026-03-24T19:24:42.653333,60.05,80.5,30.1,2400.023808,0.8487,0x0
2026-03-24T19:24:43.676058,60.05,79.4,30.1,2400.017408,0.8487,0x0
2026-03-24T19:24:44.696592,60.6,76.0,30.7,2400.02048,0.8487,0x0
2026-03-24T19:24:45.727753,61.15,77.8,30.8,2400.033792,0.8487,0x0
2026-03-24T19:24:46.760720,60.6,78.0,30.6,2400.03712,0.8487,0x0
2026-03-24T19:24:47.777357,60.05,80.6,30.6,2400.023808,0.8487,0x0
2026-03-24T19:24:48.820849,60.6,80.9,30.4,2400.027136,0.8487,0x0
2026-03-24T19:24:49.848198,60.05,78.4,30.3,2400.027136,0.8487,0x0
2026-03-24T19:24:50.871667,61.15,81.6,30.4,2400.033792,0.8487,0x0
2026-03-24T19:24:51.904553,61.7,83.1,30.2,2400.02048,0.8487,0x0
2026-03-24T19:24:52.930423,61.7,84.4,30.2,2400.033792,0.8487,0x0
2026-03-24T19:24:53.962250,61.15,81.1,30.5,2400.027136,0.8487,0x0
2026-03-24T19:24:54.986978,61.15,79.4,31.2,2400.023808,0.8487,0x0
2026-03-24T19:24:56.010282,61.7,81.0,31.3,2400.033792,0.8487,0x0
2026-03-24T19:24:57.033671,59.5,82.3,31.1,2400.033792,0.8487,0x0
2026-03-24T19:24:58.068227,60.6,80.8,31.1,2400.023808,0.8487,0x0
2026-03-24T19:24:59.088959,61.15,79.0,30.9,2400.030464,0.8487,0x0
2026-03-24T19:25:00.108370,61.7,76.1,30.9,2400.02048,0.8487,0x0
2026-03-24T19:25:01.129770,58.95,79.3,30.7,2400.03712,0.8487,0x0
2026-03-24T19:25:02.149975,60.05,76.2,30.6,2400.033792,0.8487,0x0
2026-03-24T19:25:03.179696,60.6,80.5,30.5,2400.023808,0.8487,0x0
2026-03-24T19:25:04.208611,60.05,83.0,30.3,2400.030464,0.8487,0x0
2026-03-24T19:25:05.239040,61.7,78.1,30.2,2400.027136,0.8487,0x0
2026-03-24T19:25:06.261069,60.05,79.8,30.1,2400.033792,0.8487,0x0
2026-03-24T19:25:07.302499,61.15,79.3,30.0,2400.03712,0.8487,0x0
2026-03-24T19:25:08.333773,60.05,77.8,29.9,2400.023808,0.8487,0x0
2026-03-24T19:25:09.353607,60.05,81.3,29.9,2400.023808,0.8487,0x0
2026-03-24T19:25:10.374645,61.15,82.5,29.9,2400.023808,0.8487,0x0
2026-03-24T19:25:11.394740,60.05,81.9,30.0,2400.030464,0.8487,0x0
2026-03-24T19:25:12.418394,60.6,82.8,30.0,2400.02048,0.8487,0x0
2026-03-24T19:25:13.442063,60.6,80.7,30.5,2400.027136,0.8487,0x0
2026-03-24T19:25:14.466566,61.15,77.9,31.1,2400.017408,0.8487,0x0
2026-03-24T19:25:15.496964,60.05,80.0,31.1,2400.02048,0.8487,0x0
2026-03-24T19:25:16.618722,61.15,80.9,31.0,2400.027136,0.8487,0x0
2026-03-24T19:25:17.645542,60.05,79.5,30.8,2400.033792,0.8487,0x0
2026-03-24T19:25:18.678272,60.6,84.8,30.5,2400.030464,0.8487,0x0
2026-03-24T19:25:19.700032,60.05,82.3,30.2,2400.02048,0.8487,0x0
2026-03-24T19:25:20.726553,60.6,80.6,30.0,2400.023808,0.8487,0x0
2026-03-24T19:25:21.750130,60.05,81.7,30.0,2400.033792,0.8487,0x0
2026-03-24T19:25:22.776237,61.7,78.3,30.0,2400.02048,0.8487,0x0
2026-03-24T19:25:23.807282,62.8,81.6,30.0,2400.027136,0.8487,0x0
2026-03-24T19:25:24.852441,60.6,81.9,30.0,2400.023808,0.8487,0x0
2026-03-24T19:25:25.881173,60.05,78.0,30.1,2400.033792,0.8487,0x0
2026-03-24T19:25:26.918903,60.05,79.7,30.0,2400.030464,0.8487,0x0
2026-03-24T19:25:27.944443,60.6,83.0,30.0,2400.027136,0.8487,0x0
2026-03-24T19:25:28.972420,60.05,80.1,30.4,2400.02048,0.8487,0x0
2026-03-24T19:25:30.000482,61.7,79.1,30.1,2400.02048,0.8487,0x0
2026-03-24T19:25:31.029326,61.7,80.6,30.1,2400.033792,0.8487,0x0
2026-03-24T19:25:32.051551,61.15,79.2,30.0,2400.023808,0.8487,0x0
2026-03-24T19:25:33.081151,61.15,82.5,30.0,2400.02048,0.8487,0x0
2026-03-24T19:25:34.185222,60.05,82.3,30.0,2400.03712,0.8487,0x0
2026-03-24T19:25:35.217037,60.6,78.9,30.1,2400.033792,0.8487,0x0
2026-03-24T19:25:36.304215,61.15,80.2,30.3,2400.02048,0.8487,0x0
2026-03-24T19:25:37.333412,61.7,80.7,30.4,2400.023808,0.8487,0x0
2026-03-24T19:25:38.368727,60.05,80.5,30.6,2400.030464,0.8487,0x0
2026-03-24T19:25:39.393225,60.6,83.2,31.1,2400.03712,0.8487,0x0
2026-03-24T19:25:40.412882,61.15,80.0,31.3,2400.017408,0.8487,0x0
2026-03-24T19:25:41.433895,60.05,76.7,30.8,2400.02048,0.8487,0x0
2026-03-24T19:25:42.458329,59.5,80.0,30.6,2400.027136,0.8487,0x0
2026-03-24T19:25:43.490307,58.95,80.3,30.4,2400.030464,0.8487,0x0
2026-03-24T19:25:44.518037,61.7,83.0,30.2,2400.030464,0.8487,0x0
2026-03-24T19:25:45.540731,60.6,83.4,30.2,2400.033792,0.8487,0x0
2026-03-24T19:25:46.564910,61.15,79.6,30.5,2400.03712,0.8487,0x0
2026-03-24T19:25:47.596414,60.05,82.2,31.2,2400.033792,0.8487,0x0
2026-03-24T19:25:48.620186,59.5,81.2,31.3,2400.02048,0.8487,0x0
2026-03-24T19:25:49.640725,60.05,83.4,31.3,2400.02048,0.8487,0x0
2026-03-24T19:25:50.671887,58.4,76.7,31.3,2400.03712,0.8487,0x0
2026-03-24T19:25:51.694535,60.05,76.3,31.1,2400.033792,0.8487,0x0
2026-03-24T19:25:52.716932,58.4,82.2,30.4,2400.02048,0.8487,0x0
2026-03-24T19:25:53.741078,60.6,78.6,30.3,2400.023808,0.8487,0x0
2026-03-24T19:25:54.766611,60.05,82.2,30.4,2400.023808,0.8487,0x0
2026-03-24T19:25:55.794736,60.05,81.2,30.3,2400.02048,0.8487,0x0
2026-03-24T19:25:56.816156,58.95,79.2,30.2,2400.033792,0.8487,0x0
2026-03-24T19:25:57.838520,60.6,79.6,30.3,2400.017408,0.8487,0x0
2026-03-24T19:25:58.863570,60.05,78.9,30.0,2400.033792,0.8487,0x0
2026-03-24T19:25:59.889207,61.7,81.5,30.0,2400.02048,0.8487,0x0
2026-03-24T19:26:00.924310,60.6,79.2,30.0,2400.033792,0.8487,0x0
2026-03-24T19:26:01.955280,60.6,78.1,30.1,2400.033792,0.8487,0x0
2026-03-24T19:26:02.980435,60.6,80.4,30.1,2400.030464,0.8487,0x0
2026-03-24T19:26:04.000720,60.05,78.6,29.9,2400.027136,0.8487,0x0
2026-03-24T19:26:05.030033,61.7,78.3,30.1,2400.033792,0.8487,0x0
2026-03-24T19:26:06.046854,61.15,78.4,30.4,2400.027136,0.8487,0x0
2026-03-24T19:26:07.077782,61.7,79.6,30.5,2400.030464,0.8487,0x0
2026-03-24T19:26:08.100809,60.05,82.2,30.6,2400.027136,0.8487,0x0
2026-03-24T19:26:09.124754,60.6,79.6,30.5,2400.030464,0.8487,0x0
2026-03-24T19:26:10.143737,60.6,78.5,30.3,2400.030464,0.8487,0x0
2026-03-24T19:26:11.162603,60.6,76.6,30.3,2400.033792,0.8487,0x0
2026-03-24T19:26:12.184035,60.05,76.9,30.2,2400.023808,0.8487,0x0
2026-03-24T19:26:13.205998,61.7,78.5,30.1,2400.03712,0.8487,0x0
2026-03-24T19:26:14.316231,61.15,79.9,30.1,2400.03712,0.8487,0x0
2026-03-24T19:26:15.341660,58.95,84.0,30.0,2400.02048,0.8487,0x0
2026-03-24T19:26:16.367966,60.05,78.8,30.1,2400.02048,0.8487,0x0
2026-03-24T19:26:17.388875,60.6,79.5,30.2,2400.02048,0.8487,0x0
2026-03-24T19:26:18.431867,60.05,80.6,30.0,2400.023808,0.8487,0x0
2026-03-24T19:26:19.450695,59.5,77.9,29.9,2400.027136,0.8487,0x0
2026-03-24T19:26:20.482078,61.15,80.1,30.0,2400.027136,0.8487,0x0
2026-03-24T19:26:21.510923,58.95,77.9,30.6,2400.030464,0.8487,0x0
2026-03-24T19:26:22.531494,60.6,79.1,30.8,2400.023808,0.8487,0x0
2026-03-24T19:26:23.560104,59.5,79.0,30.7,2400.030464,0.8487,0x0
2026-03-24T19:26:24.587152,59.5,80.4,30.5,2400.023808,0.8487,0x0
2026-03-24T19:26:25.612153,58.95,78.1,30.6,2400.02048,0.8487,0x0
2026-03-24T19:26:26.639960,60.6,79.4,30.5,2400.033792,0.8487,0x0
2026-03-24T19:26:27.665804,58.95,79.7,30.4,2400.030464,0.8487,0x0
2026-03-24T19:26:28.697577,59.5,79.4,30.3,2400.027136,0.8487,0x0
2026-03-24T19:26:29.733667,59.5,81.9,30.2,2400.033792,0.8487,0x0
2026-03-24T19:26:30.756635,60.6,78.0,30.1,2400.030464,0.8487,0x0
2026-03-24T19:26:31.786515,58.95,77.8,30.1,2400.02048,0.8487,0x0
2026-03-24T19:26:32.811122,58.95,79.9,30.0,2400.023808,0.8487,0x0
2026-03-24T19:26:33.830052,60.05,77.0,30.0,2400.027136,0.8487,0x0
2026-03-24T19:26:34.865855,59.5,77.2,29.9,2400.023808,0.8487,0x0
2026-03-24T19:26:35.914981,60.05,80.6,29.9,2400.023808,0.8487,0x0
2026-03-24T19:26:36.937841,58.95,77.5,30.0,2400.023808,0.8487,0x0
2026-03-24T19:26:37.969575,61.15,80.6,29.9,2400.030464,0.8487,0x0
2026-03-24T19:26:38.991948,61.15,79.6,29.9,2400.03712,0.8487,0x0
2026-03-24T19:26:40.011241,60.05,78.7,29.9,2400.030464,0.8487,0x0
2026-03-24T19:26:41.041245,61.7,78.7,30.0,2400.033792,0.8487,0x0
2026-03-24T19:26:42.061149,60.6,79.4,30.1,2400.03712,0.8487,0x0
2026-03-24T19:26:43.104608,60.05,78.9,30.0,2400.023808,0.8487,0x0
2026-03-24T19:26:44.127827,59.5,79.5,30.0,2400.02048,0.8487,0x0
2026-03-24T19:26:45.154159,58.4,77.6,30.4,2400.027136,0.8487,0x0
2026-03-24T19:26:46.181911,60.6,77.8,30.4,2400.027136,0.8487,0x0
2026-03-24T19:26:47.203210,59.5,76.4,31.0,2400.027136,0.8487,0x0
2026-03-24T19:26:48.228186,60.05,79.7,31.2,2400.030464,0.8487,0x0
2026-03-24T19:26:49.248985,61.15,79.9,31.6,2400.023808,0.8487,0x0
2026-03-24T19:26:50.270877,59.5,81.6,31.9,2400.023808,0.8487,0x0
2026-03-24T19:26:51.305305,60.05,78.6,31.7,2400.027136,0.8487,0x0
2026-03-24T19:26:52.413768,60.6,78.3,31.4,2400.027136,0.8487,0x0
2026-03-24T19:26:53.445072,61.15,80.4,30.9,2400.023808,0.8487,0x0
2026-03-24T19:26:54.468487,60.05,80.5,30.8,2400.033792,0.8487,0x0
2026-03-24T19:26:55.496421,60.6,81.0,30.6,2400.027136,0.8487,0x0
2026-03-24T19:26:56.514800,60.6,76.0,30.6,2400.017408,0.8487,0x0
2026-03-24T19:26:57.537777,58.95,80.3,30.8,2400.023808,0.8487,0x0
2026-03-24T19:26:58.555537,60.05,80.3,31.0,2400.02048,0.8487,0x0
2026-03-24T19:26:59.575865,60.05,77.8,30.8,2400.02048,0.8487,0x0
2026-03-24T19:27:00.601777,59.5,79.5,30.8,2400.033792,0.8487,0x0
2026-03-24T19:27:01.657141,60.6,77.0,30.4,2400.027136,0.8487,0x0
2026-03-24T19:27:02.678040,61.7,75.7,30.6,2400.023808,0.8487,0x0
2026-03-24T19:27:03.701380,61.15,87.1,30.8,2400.030464,0.8487,0x0
2026-03-24T19:27:04.731269,58.4,88.8,30.7,2400.02048,0.8487,0x0
2026-03-24T19:27:05.757151,58.95,80.3,30.8,2400.03712,0.8487,0x0
2026-03-24T19:27:06.775053,59.5,76.7,30.5,2400.033792,0.8487,0x0
2026-03-24T19:27:07.797548,61.15,80.6,30.6,2400.033792,0.8487,0x0
2026-03-24T19:27:08.818604,61.7,79.9,30.4,2400.023808,0.8487,0x0
2026-03-24T19:27:09.843388,58.95,76.4,30.3,2400.02048,0.8487,0x0
2026-03-24T19:27:10.872045,59.5,82.1,30.2,2400.027136,0.8487,0x0
2026-03-24T19:27:11.893943,60.05,80.0,30.4,2400.033792,0.8487,0x0
2026-03-24T19:27:12.941787,60.05,78.4,30.3,2400.030464,0.8487,0x0
2026-03-24T19:27:13.976282,60.05,78.9,30.1,2400.030464,0.8487,0x0
2026-03-24T19:27:15.004112,61.15,79.4,30.2,2400.02048,0.8487,0x0
2026-03-24T19:27:16.042160,60.05,81.3,30.6,2400.02048,0.8487,0x0
2026-03-24T19:27:17.070494,60.6,79.8,30.9,2400.030464,0.8487,0x0
2026-03-24T19:27:18.096035,60.05,80.2,30.8,2400.023808,0.8487,0x0
2026-03-24T19:27:19.122721,60.05,79.0,30.7,2400.023808,0.8487,0x0
2026-03-24T19:27:20.143784,60.05,77.0,30.5,2400.023808,0.8487,0x0
2026-03-24T19:27:21.164016,61.15,78.5,30.5,2400.027136,0.8487,0x0
2026-03-24T19:27:22.189370,58.95,79.4,30.8,2400.02048,0.8487,0x0
2026-03-24T19:27:23.211894,60.6,80.0,31.4,2400.023808,0.8487,0x0
2026-03-24T19:27:24.237352,60.05,80.4,31.9,2400.030464,0.8487,0x0
2026-03-24T19:27:25.256835,60.05,79.5,31.7,2400.023808,0.8487,0x0
2026-03-24T19:27:26.301634,61.15,84.5,31.3,2400.023808,0.8487,0x0
2026-03-24T19:27:27.325758,60.05,79.9,31.0,2400.033792,0.8487,0x0
2026-03-24T19:27:28.348602,59.5,80.3,30.7,2400.030464,0.8487,0x0
2026-03-24T19:27:29.373323,59.5,82.0,30.4,2400.023808,0.8487,0x0
2026-03-24T19:27:30.392261,61.15,76.7,30.5,2400.027136,0.8487,0x0
2026-03-24T19:27:31.411529,60.05,80.6,30.8,2400.030464,0.8487,0x0
2026-03-24T19:27:32.431438,59.5,81.3,30.7,2400.033792,0.8487,0x0
2026-03-24T19:27:33.455776,60.05,81.5,30.6,2400.023808,0.8487,0x0
2026-03-24T19:27:34.475597,60.05,81.5,30.5,2400.030464,0.8487,0x0
2026-03-24T19:27:35.520970,60.05,84.7,30.0,2400.027136,0.8487,0x0
2026-03-24T19:27:36.549832,61.7,83.1,30.2,2400.027136,0.8487,0x0
2026-03-24T19:27:37.577777,59.5,81.4,30.4,2400.023808,0.8487,0x0
2026-03-24T19:27:38.595644,61.7,83.1,31.0,2400.027136,0.8487,0x0
2026-03-24T19:27:39.616354,60.6,80.2,30.8,2400.02048,0.8487,0x0
2026-03-24T19:27:40.687915,58.4,85.2,30.6,2400.023808,0.8487,0x0
2026-03-24T19:27:41.724935,59.5,86.5,30.4,2400.023808,0.8487,0x0
2026-03-24T19:27:42.759625,60.05,80.6,30.4,2400.027136,0.8487,0x0
2026-03-24T19:27:43.779004,60.05,80.1,30.2,2400.017408,0.8487,0x0
2026-03-24T19:27:44.824675,60.6,83.7,30.0,2400.027136,0.8487,0x0
2026-03-24T19:27:45.852879,60.6,82.8,29.8,2400.030464,0.8487,0x0
2026-03-24T19:27:46.877474,60.6,77.5,30.1,2400.030464,0.8487,0x0
2026-03-24T19:27:47.911681,58.4,80.1,30.0,2400.030464,0.8487,0x0
2026-03-24T19:27:48.944391,61.7,83.0,29.8,2400.033792,0.8487,0x0
2026-03-24T19:27:49.967918,60.05,84.3,29.8,2400.023808,0.8487,0x0
2026-03-24T19:27:50.992083,60.05,81.6,29.6,2400.023808,0.8487,0x0
2026-03-24T19:27:52.016599,60.6,81.3,29.9,2400.023808,0.8487,0x0
2026-03-24T19:27:53.044722,59.5,84.4,30.2,2400.027136,0.8487,0x0
2026-03-24T19:27:54.072144,61.15,81.6,30.0,2400.027136,0.8487,0x0
2026-03-24T19:27:55.098676,60.6,78.1,30.0,2400.030464,0.8487,0x0
2026-03-24T19:27:56.132690,60.05,83.5,29.9,2400.027136,0.8487,0x0
2026-03-24T19:27:57.227267,60.6,80.6,29.9,2400.02048,0.8487,0x0
2026-03-24T19:27:58.259656,60.05,80.7,30.0,2400.030464,0.8487,0x0
2026-03-24T19:27:59.276584,61.7,77.4,30.1,2400.023808,0.8487,0x0
2026-03-24T19:28:00.298848,60.6,79.6,30.7,2400.030464,0.8487,0x0
2026-03-24T19:28:01.322335,59.5,85.6,30.9,2400.03712,0.8487,0x0
2026-03-24T19:28:02.353410,60.05,82.1,30.7,2400.02048,0.8487,0x0
2026-03-24T19:28:03.388976,59.5,86.0,30.5,2400.02048,0.8487,0x0
2026-03-24T19:28:04.412717,60.6,81.8,30.6,2400.033792,0.8487,0x0
2026-03-24T19:28:05.437583,59.5,83.3,31.0,2400.027136,0.8487,0x0
2026-03-24T19:28:06.460794,60.05,77.5,31.0,2400.033792,0.8487,0x0
2026-03-24T19:28:07.482482,60.6,80.4,30.9,2400.030464,0.8487,0x0
2026-03-24T19:28:08.502482,60.6,84.2,30.5,2400.027136,0.8487,0x0
2026-03-24T19:28:09.521667,61.15,82.9,30.2,2400.023808,0.8487,0x0
2026-03-24T19:28:10.544028,60.05,81.0,30.1,2400.023808,0.8487,0x0
2026-03-24T19:28:11.572319,60.05,83.4,30.0,2400.02048,0.8487,0x0
2026-03-24T19:28:12.612247,59.5,82.7,29.8,2400.030464,0.8487,0x0
2026-03-24T19:28:13.636190,60.05,80.3,29.8,2400.027136,0.8487,0x0
2026-03-24T19:28:14.657841,60.05,84.5,29.8,2400.027136,0.8487,0x0
2026-03-24T19:28:15.679555,60.05,82.0,29.8,2400.02048,0.8487,0x0
2026-03-24T19:28:16.708487,59.5,84.3,29.8,2400.033792,0.8487,0x0
2026-03-24T19:28:17.748004,60.05,81.6,29.7,2400.017408,0.8487,0x0
2026-03-24T19:28:18.778293,60.6,83.0,29.6,2400.02048,0.8487,0x0
2026-03-24T19:28:19.799584,60.6,83.1,29.9,2400.033792,0.8487,0x0
2026-03-24T19:28:20.819196,60.05,85.3,29.7,2400.033792,0.8487,0x0
2026-03-24T19:28:21.842555,60.05,80.5,29.7,2400.027136,0.8487,0x0
2026-03-24T19:28:22.865750,61.15,83.9,29.7,2400.033792,0.8487,0x0
2026-03-24T19:28:23.984857,60.6,84.8,29.7,2400.023808,0.8487,0x0
2026-03-24T19:28:25.006682,60.05,83.1,30.3,2400.030464,0.8487,0x0
2026-03-24T19:28:26.027256,60.05,79.7,30.7,2400.033792,0.8487,0x0
2026-03-24T19:28:27.052803,60.6,80.9,30.6,2400.02048,0.8487,0x0
2026-03-24T19:28:28.076475,60.6,83.1,30.5,2400.02048,0.8487,0x0
2026-03-24T19:28:29.102177,60.6,83.3,30.1,2400.023808,0.8487,0x0
2026-03-24T19:28:30.121213,61.7,81.3,30.2,2400.023808,0.8487,0x0
2026-03-24T19:28:31.145758,58.95,82.1,30.1,2400.02048,0.8487,0x0
2026-03-24T19:28:32.190977,60.05,79.6,30.2,2400.027136,0.8487,0x0
2026-03-24T19:28:33.215882,60.05,79.0,30.2,2400.027136,0.8487,0x0
2026-03-24T19:28:34.236143,60.05,78.7,30.2,2400.023808,0.8487,0x0
2026-03-24T19:28:35.263508,58.95,78.3,29.7,2400.027136,0.8487,0x0
2026-03-24T19:28:36.377760,60.05,77.0,30.5,2400.027136,0.8487,0x0
2026-03-24T19:28:37.402855,58.95,80.9,30.2,2400.033792,0.8487,0x0
2026-03-24T19:28:38.434231,60.6,81.6,30.5,2400.023808,0.8487,0x0
2026-03-24T19:28:39.455164,60.6,84.8,30.9,2400.033792,0.8487,0x0
2026-03-24T19:28:40.473242,61.15,83.4,30.9,2400.02048,0.8487,0x0
2026-03-24T19:28:41.493156,61.15,87.8,30.6,2400.03712,0.8487,0x0
2026-03-24T19:28:42.528901,60.6,85.1,30.7,2400.027136,0.8487,0x0
2026-03-24T19:28:43.549757,60.05,83.9,30.8,2400.033792,0.8487,0x0
2026-03-24T19:28:44.573082,60.05,85.7,30.2,2400.023808,0.8487,0x0
2026-03-24T19:28:45.612073,60.6,81.3,30.0,2400.033792,0.8487,0x0
2026-03-24T19:28:46.638341,60.6,86.2,30.0,2400.023808,0.8487,0x0
2026-03-24T19:28:47.660028,61.15,83.8,29.9,2400.02048,0.8487,0x0
2026-03-24T19:28:48.693380,60.05,83.0,30.4,2400.033792,0.8487,0x0
2026-03-24T19:28:49.719767,61.7,85.1,30.2,2400.02048,0.8487,0x0
2026-03-24T19:28:50.744222,60.6,83.2,30.3,2400.030464,0.8487,0x0
2026-03-24T19:28:51.777123,60.05,83.1,30.1,2400.030464,0.8487,0x0
2026-03-24T19:28:52.808852,60.05,80.6,30.3,2400.017408,0.8487,0x0
2026-03-24T19:28:53.838052,60.6,83.0,30.5,2400.030464,0.8487,0x0
2026-03-24T19:28:54.861567,60.05,80.8,30.6,2400.023808,0.8487,0x0
2026-03-24T19:28:55.897235,61.15,80.3,30.4,2400.02048,0.8487,0x0
2026-03-24T19:28:56.921959,59.5,78.7,30.2,2400.017408,0.8487,0x0
2026-03-24T19:28:57.953346,59.5,81.1,30.0,2400.030464,0.8487,0x0
2026-03-24T19:28:58.985195,59.5,80.0,30.0,2400.023808,0.8487,0x0
2026-03-24T19:29:00.007169,60.05,77.4,29.9,2400.023808,0.8487,0x0
2026-03-24T19:29:01.040855,61.15,78.4,30.2,2400.030464,0.8487,0x0
2026-03-24T19:29:02.058834,61.15,78.3,30.2,2400.030464,0.8487,0x0
2026-03-24T19:29:03.087389,60.05,78.1,30.2,2400.03712,0.8487,0x0
2026-03-24T19:29:04.106731,60.6,76.2,29.6,2400.023808,0.8487,0x0
2026-03-24T19:29:05.126468,60.05,76.4,29.7,2400.03712,0.8487,0x0
2026-03-24T19:29:06.150961,60.05,75.2,29.7,2400.03712,0.8487,0x0
2026-03-24T19:29:07.173774,59.5,76.0,30.1,2400.027136,0.8487,0x0
2026-03-24T19:29:08.194586,61.15,81.0,29.8,2400.023808,0.8487,0x0
2026-03-24T19:29:09.216419,60.05,79.6,29.8,2400.017408,0.8487,0x0
2026-03-24T19:29:10.340021,60.05,80.2,30.4,2400.033792,0.8487,0x0
2026-03-24T19:29:11.360689,59.5,82.0,31.1,2400.030464,0.8487,0x0
2026-03-24T19:29:12.384439,60.05,83.6,31.2,2400.033792,0.8487,0x0
2026-03-24T19:29:13.410690,62.25,84.7,30.9,2400.033792,0.8487,0x0
2026-03-24T19:29:14.433258,59.5,77.4,30.5,2400.030464,0.8487,0x0
2026-03-24T19:29:15.460813,59.5,76.9,30.1,2400.033792,0.8487,0x0
2026-03-24T19:29:16.479995,60.6,77.6,30.5,2400.027136,0.8487,0x0
2026-03-24T19:29:17.509820,60.05,76.9,30.8,2400.02048,0.8487,0x0
2026-03-24T19:29:18.537513,60.05,79.4,31.1,2400.02048,0.8487,0x0
2026-03-24T19:29:19.558358,60.05,80.2,30.8,2400.033792,0.8487,0x0
2026-03-24T19:29:20.585331,62.8,77.8,30.7,2400.033792,0.8487,0x0
2026-03-24T19:29:21.710658,60.6,76.6,30.4,2400.027136,0.8487,0x0
2026-03-24T19:29:22.730382,60.6,78.7,30.1,2400.02048,0.8487,0x0
2026-03-24T19:29:23.761393,61.15,81.8,29.8,2400.033792,0.8487,0x0
2026-03-24T19:29:24.782354,58.95,77.0,29.7,2400.02048,0.8487,0x0
2026-03-24T19:29:25.804171,58.95,77.1,29.6,2400.03712,0.8487,0x0
2026-03-24T19:29:26.824873,60.6,78.1,29.7,2400.030464,0.8487,0x0
2026-03-24T19:29:27.846907,60.05,80.7,29.6,2400.030464,0.8487,0x0
2026-03-24T19:29:28.876958,60.6,80.2,29.5,2400.02048,0.8487,0x0
2026-03-24T19:29:29.903829,60.05,78.0,29.6,2400.033792,0.8487,0x0
2026-03-24T19:29:30.928445,60.6,79.1,29.6,2400.023808,0.8487,0x0
2026-03-24T19:29:31.950096,59.5,80.2,29.5,2400.030464,0.8487,0x0
2026-03-24T19:29:32.972245,60.6,80.4,29.5,2400.030464,0.8487,0x0
2026-03-24T19:29:34.017335,60.6,80.0,29.5,2400.027136,0.8487,0x0
2026-03-24T19:29:35.041276,61.15,80.1,29.6,2400.02048,0.8487,0x0
2026-03-24T19:29:36.069276,60.05,77.6,29.7,2400.030464,0.8487,0x0
2026-03-24T19:29:37.093943,60.6,81.8,29.6,2400.027136,0.8487,0x0
2026-03-24T19:29:38.117287,60.6,78.9,29.7,2400.027136,0.8487,0x0
2026-03-24T19:29:39.145824,61.15,77.9,30.2,2400.033792,0.8487,0x0
2026-03-24T19:29:40.173509,61.15,77.8,30.3,2400.027136,0.8487,0x0
2026-03-24T19:29:41.199908,60.05,80.5,30.2,2400.023808,0.8487,0x0
2026-03-24T19:29:42.231882,61.15,79.0,30.2,2400.02048,0.8487,0x0
2026-03-24T19:29:43.256101,61.7,83.2,30.2,2400.030464,0.8487,0x0
2026-03-24T19:29:44.286074,60.6,86.4,30.3,2400.02048,0.8487,0x0
2026-03-24T19:29:45.306876,60.6,80.0,30.2,2400.030464,0.8487,0x0
2026-03-24T19:29:46.325773,60.05,81.5,30.2,2400.030464,0.8487,0x0
2026-03-24T19:29:47.346489,60.6,77.8,30.1,2400.027136,0.8487,0x0
2026-03-24T19:29:48.373092,61.7,80.0,29.9,2400.027136,0.8487,0x0
2026-03-24T19:29:49.402319,60.05,81.1,29.8,2400.027136,0.8487,0x0
2026-03-24T19:29:50.424578,60.05,78.6,29.7,2400.033792,0.8487,0x0
2026-03-24T19:29:51.464040,60.6,81.9,29.7,2400.023808,0.8487,0x0
2026-03-24T19:29:52.494595,60.6,80.5,29.7,2400.023808,0.8487,0x0
2026-03-24T19:29:53.524943,60.05,80.7,29.6,2400.027136,0.8487,0x0
2026-03-24T19:29:54.556465,60.05,76.7,30.0,2400.027136,0.8487,0x0
2026-03-24T19:29:55.577752,60.6,80.2,30.2,2400.033792,0.8487,0x0
2026-03-24T19:29:56.602562,60.05,85.0,30.4,2400.027136,0.8487,0x0
2026-03-24T19:29:57.632351,60.05,80.7,30.9,2400.030464,0.8487,0x0
2026-03-24T19:29:58.657341,59.5,79.4,30.9,2400.030464,0.8487,0x0
2026-03-24T19:29:59.681916,59.5,80.6,30.6,2400.027136,0.8487,0x0
2026-03-24T19:30:00.701066,61.15,79.3,30.6,2400.03712,0.8487,0x0
2026-03-24T19:30:01.740048,60.05,80.3,30.4,2400.03712,0.8487,0x0
2026-03-24T19:30:02.761763,60.05,79.0,30.3,2400.02048,0.8487,0x0
2026-03-24T19:30:03.781042,60.05,85.3,30.4,2400.027136,0.8487,0x0
2026-03-24T19:30:04.805502,61.15,77.8,30.2,2400.023808,0.8487,0x0
2026-03-24T19:30:05.829599,60.05,76.2,30.5,2400.030464,0.8487,0x0
2026-03-24T19:30:06.862724,58.4,82.2,30.5,2400.023808,0.8487,0x0
2026-03-24T19:30:07.891005,60.05,79.4,30.5,2400.033792,0.8487,0x0
2026-03-24T19:30:08.917445,60.05,84.7,30.7,2400.027136,0.8487,0x0
2026-03-24T19:30:09.953057,60.6,80.6,30.6,2400.02048,0.8487,0x0
2026-03-24T19:30:10.981213,60.05,78.8,30.2,2400.030464,0.8487,0x0
2026-03-24T19:30:12.002477,60.05,77.1,30.1,2400.033792,0.8487,0x0
2026-03-24T19:30:13.021999,58.95,81.5,30.4,2400.030464,0.8487,0x0
2026-03-24T19:30:14.045520,59.5,83.4,31.0,2400.03712,0.8487,0x0
2026-03-24T19:30:15.077589,59.5,78.6,31.1,2400.03712,0.8487,0x0
2026-03-24T19:30:16.105105,60.05,79.4,30.8,2400.03712,0.8487,0x0
2026-03-24T19:30:17.131897,61.7,81.3,30.9,2400.030464,0.8487,0x0
2026-03-24T19:30:18.155899,58.95,80.3,30.6,2400.030464,0.8487,0x0
2026-03-24T19:30:19.183160,60.6,81.1,30.5,2400.023808,0.8487,0x0
2026-03-24T19:30:20.205674,60.6,86.4,30.6,2400.03712,0.8487,0x0
2026-03-24T19:30:21.237803,61.15,83.3,30.6,2400.027136,0.8487,0x0
2026-03-24T19:30:22.256756,61.15,79.6,30.8,2400.027136,0.8487,0x0
2026-03-24T19:30:23.282956,59.5,77.5,30.8,2400.027136,0.8487,0x0
2026-03-24T19:30:24.303480,59.5,80.8,30.7,2400.017408,0.8487,0x0
2026-03-24T19:30:25.326245,60.05,76.9,30.7,2400.027136,0.8487,0x0
2026-03-24T19:30:26.362023,61.15,78.9,30.9,2400.03712,0.8487,0x0
2026-03-24T19:30:27.385245,60.6,79.7,30.5,2400.027136,0.8487,0x0
2026-03-24T19:30:28.409486,60.05,82.4,30.6,2400.033792,0.8487,0x0
2026-03-24T19:30:29.434158,59.5,78.4,30.3,2400.02048,0.8487,0x0
2026-03-24T19:30:30.456326,61.15,78.7,30.2,2400.03712,0.8487,0x0
2026-03-24T19:30:31.478579,60.05,80.2,30.1,2400.033792,0.8487,0x0
2026-03-24T19:30:32.504465,61.15,76.0,30.0,2400.023808,0.8487,0x0
2026-03-24T19:30:33.530997,60.05,80.6,30.0,2400.030464,0.8487,0x0
2026-03-24T19:30:34.552446,60.05,83.0,29.9,2400.02048,0.8487,0x0
2026-03-24T19:30:35.573163,60.05,78.2,30.1,2400.030464,0.8487,0x0
2026-03-24T19:30:36.599835,60.05,80.0,29.8,2400.03712,0.8487,0x0
2026-03-24T19:30:37.630140,60.05,80.1,30.0,2400.027136,0.8487,0x0
2026-03-24T19:30:38.658782,60.6,78.4,30.4,2400.02048,0.8487,0x0
2026-03-24T19:30:39.683385,60.05,82.7,30.5,2400.02048,0.8487,0x0
2026-03-24T19:30:40.722117,60.05,77.2,30.7,2400.03712,0.8487,0x0
2026-03-24T19:30:41.744904,61.7,77.9,30.8,2400.033792,0.8487,0x0
2026-03-24T19:30:42.765658,59.5,80.2,30.5,2400.033792,0.8487,0x0
2026-03-24T19:30:43.791625,60.6,79.2,30.3,2400.027136,0.8487,0x0
2026-03-24T19:30:44.819718,59.5,82.5,30.3,2400.023808,0.8487,0x0
2026-03-24T19:30:45.846827,61.15,79.5,30.3,2400.033792,0.8487,0x0
2026-03-24T19:30:46.869559,59.5,78.8,30.1,2400.03712,0.8487,0x0
2026-03-24T19:30:47.905223,59.5,86.3,30.0,2400.02048,0.8487,0x0
2026-03-24T19:30:48.938483,60.05,82.4,30.0,2400.02048,0.8487,0x0
2026-03-24T19:30:49.964927,61.15,88.4,29.9,2400.027136,0.8487,0x0
2026-03-24T19:30:50.992366,59.5,85.1,29.8,2400.030464,0.8487,0x0
2026-03-24T19:30:52.021968,59.5,80.1,29.9,2400.030464,0.8487,0x0
2026-03-24T19:30:53.044863,58.95,79.5,30.4,2400.030464,0.8487,0x0
2026-03-24T19:30:54.067600,60.05,81.5,30.6,2400.030464,0.8487,0x0
2026-03-24T19:30:55.112546,60.05,77.8,30.4,2400.023808,0.8487,0x0
2026-03-24T19:30:56.135210,60.6,78.9,30.1,2400.023808,0.8487,0x0
2026-03-24T19:30:57.160130,60.05,78.5,30.1,2400.02048,0.8487,0x0
2026-03-24T19:30:58.189960,61.15,79.6,30.2,2400.027136,0.8487,0x0
2026-03-24T19:30:59.217247,59.5,80.2,29.9,2400.023808,0.8487,0x0
2026-03-24T19:31:00.247066,60.05,81.5,30.0,2400.02048,0.8487,0x0
2026-03-24T19:31:01.273541,60.6,79.9,30.0,2400.033792,0.8487,0x0
2026-03-24T19:31:02.308656,61.15,82.0,29.9,2400.030464,0.8487,0x0
2026-03-24T19:31:03.328737,60.05,79.5,29.9,2400.033792,0.8487,0x0
2026-03-24T19:31:04.355894,60.6,80.0,30.1,2400.027136,0.8487,0x0
2026-03-24T19:31:05.380576,61.15,78.0,30.7,2400.02048,0.8487,0x0
2026-03-24T19:31:06.403095,59.5,79.7,31.3,2400.03712,0.8487,0x0
2026-03-24T19:31:07.423064,61.15,79.5,31.1,2400.027136,0.8487,0x0
2026-03-24T19:31:08.458483,60.05,80.9,30.9,2400.033792,0.8487,0x0
2026-03-24T19:31:09.500940,60.6,79.9,30.6,2400.030464,0.8487,0x0
2026-03-24T19:31:10.518301,60.05,79.2,30.6,2400.030464,0.8487,0x0
2026-03-24T19:31:11.548667,60.05,79.1,30.5,2400.027136,0.8487,0x0
2026-03-24T19:31:12.573441,60.05,79.1,30.4,2400.023808,0.8487,0x0
2026-03-24T19:31:13.605260,60.05,77.0,30.6,2400.02048,0.8487,0x0
2026-03-24T19:31:14.627963,61.15,80.5,30.2,2400.02048,0.8487,0x0
2026-03-24T19:31:15.652233,61.7,80.6,30.2,2400.030464,0.8487,0x0
2026-03-24T19:31:16.676939,60.05,78.2,30.2,2400.027136,0.8487,0x0
2026-03-24T19:31:17.698206,60.6,83.4,30.2,2400.030464,0.8487,0x0
2026-03-24T19:31:18.731163,60.05,80.4,30.7,2400.027136,0.8487,0x0
2026-03-24T19:31:19.761244,60.6,84.1,30.9,2400.02048,0.8487,0x0
2026-03-24T19:31:20.788194,61.7,80.4,31.5,2400.017408,0.8487,0x0
2026-03-24T19:31:21.812736,60.05,83.5,31.4,2400.027136,0.8487,0x0
2026-03-24T19:31:22.843432,60.6,85.3,30.9,2400.017408,0.8487,0x0
2026-03-24T19:31:23.863663,59.5,77.2,31.0,2400.023808,0.8487,0x0
2026-03-24T19:31:24.888195,59.5,83.5,30.7,2400.033792,0.8487,0x0
2026-03-24T19:31:25.927926,60.05,83.2,30.2,2400.027136,0.8487,0x0
2026-03-24T19:31:26.952602,60.05,84.5,30.1,2400.02048,0.8487,0x0
2026-03-24T19:31:27.979760,60.6,83.3,30.7,2400.023808,0.8487,0x0
2026-03-24T19:31:29.005432,60.05,84.7,30.7,2400.017408,0.8487,0x0
2026-03-24T19:31:30.030368,60.05,84.5,30.6,2400.033792,0.8487,0x0
2026-03-24T19:31:31.059732,60.05,82.4,30.8,2400.02048,0.8487,0x0
2026-03-24T19:31:32.086323,60.05,85.7,30.9,2400.027136,0.8487,0x0
2026-03-24T19:31:33.117375,62.8,86.5,30.9,2400.023808,0.8487,0x0
2026-03-24T19:31:34.138639,60.6,81.7,30.5,2400.030464,0.8487,0x0
2026-03-24T19:31:35.163054,60.05,82.5,30.5,2400.033792,0.8487,0x0
2026-03-24T19:31:36.185545,60.05,82.1,30.1,2400.027136,0.8487,0x0
2026-03-24T19:31:37.214531,59.5,79.9,30.1,2400.027136,0.8487,0x0
2026-03-24T19:31:38.241772,60.05,82.4,29.9,2400.033792,0.8487,0x0
2026-03-24T19:31:39.260564,60.05,79.7,30.4,2400.030464,0.8487,0x0
2026-03-24T19:31:40.286358,60.6,80.1,30.4,2400.03712,0.8487,0x0
2026-03-24T19:31:41.306613,60.6,83.7,30.1,2400.027136,0.8487,0x0
2026-03-24T19:31:42.328982,60.05,79.2,29.9,2400.023808,0.8487,0x0
2026-03-24T19:31:43.351354,60.6,80.4,29.9,2400.017408,0.8487,0x0
2026-03-24T19:31:44.371864,61.15,86.5,29.8,2400.023808,0.8487,0x0
2026-03-24T19:31:45.394891,61.7,84.3,29.8,2400.027136,0.8487,0x0
2026-03-24T19:31:46.419305,60.05,87.1,29.9,2400.030464,0.8487,0x0
2026-03-24T19:31:47.456545,60.6,84.4,29.8,2400.033792,0.8487,0x0
2026-03-24T19:31:48.488021,60.05,80.0,30.1,2400.02048,0.8487,0x0
2026-03-24T19:31:49.514222,60.05,82.6,30.6,2400.023808,0.8487,0x0
2026-03-24T19:31:50.534865,60.05,86.7,31.0,2400.023808,0.8487,0x0
2026-03-24T19:31:51.558920,60.6,82.8,31.1,2400.02048,0.8487,0x0
2026-03-24T19:31:52.588878,61.15,82.9,30.8,2400.030464,0.8487,0x0
2026-03-24T19:31:53.607222,60.05,86.6,30.6,2400.023808,0.8487,0x0
2026-03-24T19:31:54.632190,58.95,84.5,30.2,2400.02048,0.8487,0x0
2026-03-24T19:31:55.655716,61.15,83.1,30.2,2400.033792,0.8487,0x0
2026-03-24T19:31:56.690094,60.05,81.8,30.1,2400.017408,0.8487,0x0
2026-03-24T19:31:57.709118,61.15,82.3,30.5,2400.033792,0.8487,0x0
2026-03-24T19:31:58.736532,60.6,81.5,30.3,2400.033792,0.8487,0x0
2026-03-24T19:31:59.763718,61.15,78.7,30.2,2400.02048,0.8487,0x0
2026-03-24T19:32:00.789675,61.7,78.7,30.0,2400.02048,0.8487,0x0
2026-03-24T19:32:01.814612,60.05,80.5,30.1,2400.017408,0.8487,0x0
2026-03-24T19:32:02.857263,61.7,80.1,30.7,2400.03712,0.8487,0x0
2026-03-24T19:32:03.884502,62.25,79.4,31.0,2400.02048,0.8487,0x0
2026-03-24T19:32:04.921325,60.6,78.5,31.2,2400.02048,0.8487,0x0
2026-03-24T19:32:05.941757,60.05,81.8,31.3,2400.02048,0.8487,0x0
2026-03-24T19:32:06.966327,61.7,78.8,30.9,2400.030464,0.8487,0x0
2026-03-24T19:32:07.985849,61.15,79.5,30.6,2400.027136,0.8487,0x0
2026-03-24T19:32:09.012476,60.6,81.8,30.4,2400.030464,0.8487,0x0
2026-03-24T19:32:10.035784,61.15,79.8,30.4,2400.027136,0.8487,0x0
2026-03-24T19:32:11.074963,60.05,81.7,30.0,2400.027136,0.8487,0x0
2026-03-24T19:32:12.096422,60.6,81.3,29.9,2400.017408,0.8487,0x0
2026-03-24T19:32:13.127021,60.6,80.1,29.8,2400.017408,0.8487,0x0
2026-03-24T19:32:14.147563,60.6,77.8,29.8,2400.030464,0.8487,0x0
2026-03-24T19:32:15.169861,60.05,77.1,29.7,2400.030464,0.8487,0x0
2026-03-24T19:32:16.193064,60.6,78.6,29.7,2400.02048,0.8487,0x0
2026-03-24T19:32:17.213185,60.6,79.5,30.0,2400.030464,0.8487,0x0
2026-03-24T19:32:18.233605,60.05,76.7,30.1,2400.02048,0.8487,0x0
2026-03-24T19:32:19.271897,61.15,79.0,30.9,2400.030464,0.8487,0x0
2026-03-24T19:32:20.295091,60.05,79.4,30.8,2400.030464,0.8487,0x0
2026-03-24T19:32:21.327927,61.15,80.5,30.8,2400.030464,0.8487,0x0
2026-03-24T19:32:22.346147,60.6,79.8,31.0,2400.033792,0.8487,0x0
2026-03-24T19:32:23.372211,60.6,83.2,30.8,2400.030464,0.8487,0x0
2026-03-24T19:32:24.415493,59.5,80.0,31.3,2400.017408,0.8487,0x0
2026-03-24T19:32:25.448421,61.15,84.2,31.7,2400.027136,0.8487,0x0
2026-03-24T19:32:26.472981,61.7,82.4,32.0,2400.02048,0.8487,0x0
2026-03-24T19:32:27.505282,60.6,76.8,31.6,2400.033792,0.8487,0x0
2026-03-24T19:32:28.525764,60.05,77.8,31.1,2400.03712,0.8487,0x0
2026-03-24T19:32:29.633822,60.6,78.5,30.6,2400.03712,0.8487,0x0
2026-03-24T19:32:30.655144,62.25,80.8,30.2,2400.033792,0.8487,0x0
2026-03-24T19:32:31.673867,61.7,83.9,30.4,2400.033792,0.8487,0x0
2026-03-24T19:32:32.709955,60.6,80.8,30.8,2400.02048,0.8487,0x0
2026-03-24T19:32:33.740301,61.15,83.3,31.3,2400.027136,0.8487,0x0
2026-03-24T19:32:34.769325,61.15,84.4,31.3,2400.027136,0.8487,0x0
2026-03-24T19:32:35.803974,61.15,86.0,31.1,2400.033792,0.8487,0x0
2026-03-24T19:32:36.826776,60.6,84.3,30.7,2400.030464,0.8487,0x0
2026-03-24T19:32:37.863093,61.15,82.7,30.5,2400.017408,0.8487,0x0
2026-03-24T19:32:38.901346,61.7,79.8,30.4,2400.023808,0.8487,0x0
2026-03-24T19:32:39.921604,61.7,80.9,30.0,2400.02048,0.8487,0x0
2026-03-24T19:32:40.944258,61.7,81.3,30.2,2400.027136,0.8487,0x0
2026-03-24T19:32:41.966211,62.8,82.5,30.1,2400.030464,0.8487,0x0
2026-03-24T19:32:42.993800,60.6,78.4,30.0,2400.03712,0.8487,0x0
2026-03-24T19:32:44.021828,60.6,82.4,30.1,2400.02048,0.8487,0x0
2026-03-24T19:32:45.116586,61.7,86.3,30.4,2400.030464,0.8487,0x0
2026-03-24T19:32:46.141066,60.6,80.7,30.4,2400.027136,0.8487,0x0
2026-03-24T19:32:47.163363,61.15,79.7,30.3,2400.017408,0.8487,0x0
2026-03-24T19:32:48.181749,61.15,83.1,30.3,2400.02048,0.8487,0x0
2026-03-24T19:32:49.209341,61.15,80.0,30.7,2400.027136,0.8487,0x0
2026-03-24T19:32:50.231993,60.6,81.8,30.4,2400.030464,0.8487,0x0
2026-03-24T19:32:51.250842,61.7,86.4,30.4,2400.02048,0.8487,0x0
2026-03-24T19:32:52.274060,62.25,84.0,30.7,2400.023808,0.8487,0x0
2026-03-24T19:32:53.308910,61.15,84.0,30.5,2400.030464,0.8487,0x0
2026-03-24T19:32:54.340869,60.6,83.0,30.3,2400.02048,0.8487,0x0
2026-03-24T19:32:55.364945,61.15,76.7,30.2,2400.03712,0.8487,0x0
2026-03-24T19:32:56.390592,61.15,78.7,30.2,2400.027136,0.8487,0x0
2026-03-24T19:32:57.410361,61.15,81.7,29.7,2400.027136,0.8487,0x0
2026-03-24T19:32:58.436125,61.7,81.3,29.8,2400.027136,0.8487,0x0
2026-03-24T19:32:59.456203,60.05,81.2,30.1,2400.030464,0.8487,0x0
2026-03-24T19:33:00.474270,61.7,83.3,30.2,2400.023808,0.8487,0x0
2026-03-24T19:33:01.500742,60.6,84.2,30.5,2400.023808,0.8487,0x0
2026-03-24T19:33:02.532403,61.15,85.9,30.6,2400.030464,0.8487,0x0
2026-03-24T19:33:03.554730,61.15,81.8,30.4,2400.023808,0.8487,0x0
2026-03-24T19:33:04.592018,61.7,83.7,30.4,2400.027136,0.8487,0x0
2026-03-24T19:33:05.617761,62.25,80.0,30.4,2400.023808,0.8487,0x0
2026-03-24T19:33:06.636805,61.15,75.1,30.7,2400.033792,0.8487,0x0
2026-03-24T19:33:07.669774,61.15,81.7,30.4,2400.033792,0.8487,0x0
2026-03-24T19:33:08.691080,60.05,77.2,30.2,2400.02048,0.8487,0x0
2026-03-24T19:33:09.710440,62.8,78.1,30.2,2400.033792,0.8487,0x0
2026-03-24T19:33:10.736247,61.15,80.0,30.0,2400.030464,0.8487,0x0
2026-03-24T19:33:11.757991,60.05,79.1,30.0,2400.02048,0.8487,0x0
2026-03-24T19:33:12.785689,61.15,85.2,30.2,2400.017408,0.8487,0x0
2026-03-24T19:33:13.806509,62.8,81.6,30.2,2400.023808,0.8487,0x0
2026-03-24T19:33:14.846370,60.6,85.8,30.3,2400.027136,0.8487,0x0
2026-03-24T19:33:15.868110,61.15,82.3,30.5,2400.030464,0.8487,0x0
2026-03-24T19:33:16.886776,61.7,80.8,30.6,2400.02048,0.8487,0x0
2026-03-24T19:33:17.912155,61.7,83.8,31.0,2400.02048,0.8487,0x0
2026-03-24T19:33:18.946396,60.6,83.6,30.8,2400.030464,0.8487,0x0
2026-03-24T19:33:19.966272,61.15,81.3,30.7,2400.030464,0.8487,0x0
2026-03-24T19:33:20.985307,62.25,78.6,30.3,2400.033792,0.8487,0x0
2026-03-24T19:33:22.006542,61.15,81.6,30.1,2400.030464,0.8487,0x0
2026-03-24T19:33:23.028138,61.7,82.8,30.0,2400.030464,0.8487,0x0
2026-03-24T19:33:24.049191,61.15,79.2,30.0,2400.030464,0.8487,0x0
2026-03-24T19:33:25.072202,60.05,82.2,30.1,2400.023808,0.8487,0x0
2026-03-24T19:33:26.099501,61.15,83.0,30.1,2400.030464,0.8487,0x0
2026-03-24T19:33:27.141091,61.7,85.0,30.5,2400.03712,0.8487,0x0
2026-03-24T19:33:28.161852,61.15,82.6,30.7,2400.033792,0.8487,0x0
2026-03-24T19:33:29.185798,62.25,79.2,30.5,2400.033792,0.8487,0x0
2026-03-24T19:33:30.206649,61.15,81.9,30.5,2400.03712,0.8487,0x0
2026-03-24T19:33:31.231923,62.25,77.6,30.0,2400.030464,0.8487,0x0
2026-03-24T19:33:32.252999,61.7,85.7,29.9,2400.017408,0.8487,0x0
2026-03-24T19:33:33.273670,61.7,81.0,29.9,2400.023808,0.8487,0x0
2026-03-24T19:33:34.303758,62.25,75.2,29.5,2400.027136,0.8487,0x0
2026-03-24T19:33:35.324376,62.8,79.5,29.7,2400.02048,0.8487,0x0
2026-03-24T19:33:36.349536,61.7,79.7,29.7,2400.02048,0.8487,0x0
2026-03-24T19:33:37.379898,62.25,82.0,29.7,2400.033792,0.8487,0x0
2026-03-24T19:33:38.402800,62.25,80.1,29.9,2400.030464,0.8487,0x0
2026-03-24T19:33:39.436714,61.7,76.8,30.6,2400.027136,0.8487,0x0
2026-03-24T19:33:40.475409,61.7,83.2,30.8,2400.02048,0.8487,0x0
2026-03-24T19:33:41.507482,62.8,81.9,30.5,2400.027136,0.8487,0x0
2026-03-24T19:33:42.533773,61.7,80.3,30.3,2400.017408,0.8487,0x0
2026-03-24T19:33:43.561776,62.8,80.0,30.1,2400.017408,0.8487,0x0
2026-03-24T19:33:44.581309,61.15,76.4,30.1,2400.030464,0.8487,0x0
2026-03-24T19:33:45.603208,61.7,75.6,29.9,2400.027136,0.8487,0x0
2026-03-24T19:33:46.627753,61.7,78.4,29.8,2400.023808,0.8487,0x0
2026-03-24T19:33:47.652429,61.7,79.7,29.8,2400.027136,0.8487,0x0
2026-03-24T19:33:48.675208,63.35,76.4,29.8,2400.033792,0.8487,0x0
2026-03-24T19:33:49.706760,61.7,77.9,29.8,2400.030464,0.8487,0x0
2026-03-24T19:33:50.730224,61.15,77.8,30.0,2400.03712,0.8487,0x0
2026-03-24T19:33:51.759785,62.8,77.0,29.9,2400.023808,0.8487,0x0
2026-03-24T19:33:52.780545,61.15,80.4,29.8,2400.023808,0.8487,0x0
2026-03-24T19:33:53.814517,62.25,83.3,30.1,2400.030464,0.8487,0x0
2026-03-24T19:33:54.846078,62.25,79.5,30.2,2400.027136,0.8487,0x0
2026-03-24T19:33:55.879229,61.7,80.5,30.6,2400.030464,0.8487,0x0
2026-03-24T19:33:56.901332,63.35,81.9,30.5,2400.03712,0.8487,0x0
2026-03-24T19:33:57.922885,63.9,82.6,30.4,2400.033792,0.8487,0x0
2026-03-24T19:33:58.952022,61.15,85.2,30.3,2400.033792,0.8487,0x0
2026-03-24T19:33:59.979172,61.7,82.4,30.6,2400.03712,0.8487,0x0
2026-03-24T19:34:01.006203,61.15,82.9,30.8,2400.023808,0.8487,0x0
2026-03-24T19:34:02.033672,61.7,84.8,30.4,2400.02048,0.8487,0x0
2026-03-24T19:34:03.061788,62.25,85.9,30.1,2400.023808,0.8487,0x0
2026-03-24T19:34:04.086074,61.15,80.4,30.5,2400.02048,0.8487,0x0
2026-03-24T19:34:05.113804,62.25,84.6,30.3,2400.02048,0.8487,0x0
2026-03-24T19:34:06.149995,62.25,81.2,30.0,2400.03712,0.8487,0x0
2026-03-24T19:34:07.169231,62.25,78.9,30.0,2400.023808,0.8487,0x0
2026-03-24T19:34:08.191184,61.7,81.7,29.9,2400.023808,0.8487,0x0
2026-03-24T19:34:09.220606,61.15,83.5,30.0,2400.030464,0.8487,0x0
2026-03-24T19:34:10.244871,62.8,78.9,30.3,2400.030464,0.8487,0x0
2026-03-24T19:34:11.273815,61.7,84.0,30.2,2400.033792,0.8487,0x0
2026-03-24T19:34:12.299768,62.8,84.0,30.5,2400.023808,0.8487,0x0
2026-03-24T19:34:13.328085,61.15,83.3,30.4,2400.02048,0.8487,0x0
2026-03-24T19:34:14.356829,62.25,80.9,30.5,2400.033792,0.8487,0x0
2026-03-24T19:34:15.384817,61.15,79.4,30.6,2400.02048,0.8487,0x0
2026-03-24T19:34:16.432250,61.7,84.0,30.4,2400.02048,0.8487,0x0
2026-03-24T19:34:17.456968,62.8,82.0,30.3,2400.027136,0.8487,0x0
2026-03-24T19:34:18.474939,61.7,81.9,30.1,2400.030464,0.8487,0x0
2026-03-24T19:34:19.511262,62.25,84.6,30.3,2400.030464,0.8487,0x0
2026-03-24T19:34:20.538999,61.7,86.5,30.3,2400.02048,0.8487,0x0
2026-03-24T19:34:21.558308,62.25,86.8,30.3,2400.033792,0.8487,0x0
2026-03-24T19:34:22.580359,62.8,79.8,30.3,2400.02048,0.8487,0x0
2026-03-24T19:34:23.604062,61.15,84.6,30.6,2400.030464,0.8487,0x0
2026-03-24T19:34:24.627862,62.25,80.7,30.6,2400.030464,0.8487,0x0
2026-03-24T19:34:25.652903,61.7,80.1,30.3,2400.030464,0.8487,0x0
2026-03-24T19:34:26.683091,61.7,83.8,29.9,2400.023808,0.8487,0x0
2026-03-24T19:34:27.709257,61.7,88.7,29.9,2400.023808,0.8487,0x0
2026-03-24T19:34:28.735652,62.25,80.8,29.9,2400.03712,0.8487,0x0
2026-03-24T19:34:29.781697,60.6,85.2,30.4,2400.02048,0.8487,0x0
2026-03-24T19:34:30.813340,61.15,86.2,30.5,2400.030464,0.8487,0x0
2026-03-24T19:34:31.832705,61.7,82.3,30.7,2400.030464,0.8487,0x0
2026-03-24T19:34:32.867764,62.25,83.3,30.6,2400.023808,0.8487,0x0
2026-03-24T19:34:33.886417,61.7,84.5,30.7,2400.027136,0.8487,0x0
2026-03-24T19:34:34.903993,60.6,77.9,30.3,2400.023808,0.8487,0x0
2026-03-24T19:34:35.930486,61.7,76.0,29.9,2400.030464,0.8487,0x0
2026-03-24T19:34:36.953942,62.25,83.0,29.7,2400.030464,0.8487,0x0
2026-03-24T19:34:37.981475,61.7,83.4,29.7,2400.027136,0.8487,0x0
2026-03-24T19:34:39.009769,61.7,84.0,29.6,2400.03712,0.8487,0x0
2026-03-24T19:34:40.043938,62.25,85.3,29.8,2400.027136,0.8487,0x0
2026-03-24T19:34:41.074251,63.35,82.5,30.2,2400.027136,0.8487,0x0
2026-03-24T19:34:42.107552,61.7,76.0,30.3,2400.027136,0.8487,0x0
2026-03-24T19:34:43.137772,62.8,81.3,30.3,2400.033792,0.8487,0x0
2026-03-24T19:34:44.164141,62.8,81.0,30.4,2400.030464,0.8487,0x0
2026-03-24T19:34:45.183621,62.8,79.9,31.1,2400.023808,0.8487,0x0
2026-03-24T19:34:46.225862,61.7,82.2,31.0,2400.02048,0.8487,0x0
2026-03-24T19:34:47.256394,61.15,78.0,30.9,2400.02048,0.8487,0x0
2026-03-24T19:34:48.280919,62.25,79.9,30.3,2400.02048,0.8487,0x0
2026-03-24T19:34:49.307811,61.7,80.6,30.2,2400.030464,0.8487,0x0
2026-03-24T19:34:50.333650,61.7,79.2,29.8,2400.030464,0.8487,0x0
2026-03-24T19:34:51.354781,61.7,82.6,29.8,2400.017408,0.8487,0x0
2026-03-24T19:34:52.377053,63.35,80.8,29.8,2400.02048,0.8487,0x0
2026-03-24T19:34:53.406410,62.8,81.4,29.7,2400.033792,0.8487,0x0
2026-03-24T19:34:54.438775,61.15,81.8,29.6,2400.027136,0.8487,0x0
2026-03-24T19:34:55.460884,62.25,78.2,29.7,2400.030464,0.8487,0x0
2026-03-24T19:34:56.486427,61.7,79.9,29.6,2400.027136,0.8487,0x0
2026-03-24T19:34:57.509433,61.15,82.4,29.6,2400.030464,0.8487,0x0
2026-03-24T19:34:58.540039,62.25,81.6,29.5,2400.02048,0.8487,0x0
2026-03-24T19:34:59.566060,61.7,86.0,29.5,2400.033792,0.8487,0x0
2026-03-24T19:35:00.596186,62.25,79.2,29.5,2400.033792,0.8487,0x0
2026-03-24T19:35:01.618615,62.8,79.6,29.6,2400.027136,0.8487,0x0
2026-03-24T19:35:02.641844,63.35,84.0,29.9,2400.023808,0.8487,0x0
2026-03-24T19:35:03.674711,62.8,79.1,29.7,2400.027136,0.8487,0x0
2026-03-24T19:35:04.694682,61.15,80.1,29.6,2400.027136,0.8487,0x0
2026-03-24T19:35:05.722518,61.7,79.9,29.5,2400.023808,0.8487,0x0
2026-03-24T19:35:06.740878,61.7,82.7,29.5,2400.030464,0.8487,0x0
2026-03-24T19:35:07.768002,62.25,77.7,30.0,2400.030464,0.8487,0x0
2026-03-24T19:35:08.790892,62.8,81.2,30.2,2400.02048,0.8487,0x0
2026-03-24T19:35:09.815215,62.25,86.9,30.5,2400.023808,0.8487,0x0
2026-03-24T19:35:10.845772,63.35,77.6,30.5,2400.02048,0.8487,0x0
2026-03-24T19:35:11.879396,61.7,80.3,30.3,2400.033792,0.8487,0x0
2026-03-24T19:35:12.907510,62.25,84.8,30.0,2400.027136,0.8487,0x0
2026-03-24T19:35:13.937177,62.25,80.5,29.6,2400.030464,0.8487,0x0
2026-03-24T19:35:14.956538,62.8,85.2,29.5,2400.023808,0.8487,0x0
2026-03-24T19:35:15.984830,63.35,83.9,29.6,2400.030464,0.8487,0x0
2026-03-24T19:35:17.006099,62.25,79.9,29.5,2400.027136,0.8487,0x0
2026-03-24T19:35:18.041834,60.6,81.0,29.5,2400.027136,0.8487,0x0
2026-03-24T19:35:19.064399,62.25,76.5,30.0,2400.030464,0.8487,0x0
2026-03-24T19:35:20.093402,62.8,84.8,30.0,2400.030464,0.8487,0x0
2026-03-24T19:35:21.120222,62.8,81.1,30.2,2400.027136,0.8487,0x0
2026-03-24T19:35:22.156158,62.8,85.2,29.8,2400.030464,0.8487,0x0
2026-03-24T19:35:23.203100,61.7,83.3,29.7,2400.023808,0.8487,0x0
2026-03-24T19:35:24.223305,63.9,80.2,29.7,2400.030464,0.8487,0x0
2026-03-24T19:35:25.249772,62.25,83.2,29.6,2400.023808,0.8487,0x0
2026-03-24T19:35:26.297096,62.8,83.5,30.0,2400.030464,0.8487,0x0
2026-03-24T19:35:27.321917,62.25,77.7,29.7,2400.027136,0.8487,0x0
2026-03-24T19:35:28.357325,62.8,82.7,29.7,2400.030464,0.8487,0x0
2026-03-24T19:35:29.381990,62.8,77.9,29.7,2400.03712,0.8487,0x0
2026-03-24T19:35:30.416133,63.9,85.8,29.5,2400.02048,0.8487,0x0
2026-03-24T19:35:31.436022,62.25,78.3,29.6,2400.027136,0.8487,0x0
2026-03-24T19:35:32.469913,62.25,80.7,29.6,2400.027136,0.8487,0x0
2026-03-24T19:35:33.497868,62.25,83.1,29.5,2400.030464,0.8487,0x0
2026-03-24T19:35:34.517690,62.8,78.5,30.1,2400.027136,0.8487,0x0
2026-03-24T19:35:35.547112,61.7,88.8,30.4,2400.023808,0.8487,0x0
2026-03-24T19:35:36.579185,61.7,79.8,30.4,2400.030464,0.8487,0x0
2026-03-24T19:35:37.604990,61.7,81.9,30.3,2400.023808,0.8487,0x0
2026-03-24T19:35:38.627936,63.35,84.9,30.2,2400.030464,0.8487,0x0
2026-03-24T19:35:39.657396,62.25,83.8,30.2,2400.027136,0.8487,0x0
2026-03-24T19:35:40.693484,62.8,81.5,29.9,2400.027136,0.8487,0x0
2026-03-24T19:35:41.726330,62.25,80.6,29.9,2400.023808,0.8487,0x0
2026-03-24T19:35:42.764963,61.15,81.3,29.9,2400.027136,0.8487,0x0
2026-03-24T19:35:43.796171,62.25,78.3,30.0,2400.033792,0.8487,0x0
2026-03-24T19:35:44.819374,62.8,81.1,29.9,2400.02048,0.8487,0x0
2026-03-24T19:35:45.841635,62.8,79.7,29.9,2400.030464,0.8487,0x0
2026-03-24T19:35:46.863719,62.8,79.4,30.2,2400.033792,0.8487,0x0
2026-03-24T19:35:47.890670,62.25,81.1,30.1,2400.03712,0.8487,0x0
2026-03-24T19:35:48.917195,62.8,79.1,30.0,2400.030464,0.8487,0x0
2026-03-24T19:35:49.936597,63.9,81.5,30.0,2400.03712,0.8487,0x0
2026-03-24T19:35:50.972185,62.25,80.4,29.9,2400.02048,0.8487,0x0
2026-03-24T19:35:51.997513,63.35,82.2,29.7,2400.02048,0.8487,0x0
2026-03-24T19:35:53.041906,62.8,83.7,30.3,2400.027136,0.8487,0x0
2026-03-24T19:35:54.066548,62.8,80.7,30.1,2400.03712,0.8487,0x0
2026-03-24T19:35:55.101786,63.35,85.6,30.3,2400.02048,0.8487,0x0
2026-03-24T19:35:56.127707,62.8,82.6,30.9,2400.027136,0.8487,0x0
2026-03-24T19:35:57.153315,62.25,78.7,30.7,2400.030464,0.8487,0x0
2026-03-24T19:35:58.174567,63.35,79.4,30.5,2400.027136,0.8487,0x0
2026-03-24T19:35:59.197756,63.9,79.8,30.5,2400.033792,0.8487,0x0
2026-03-24T19:36:00.217683,63.35,83.3,30.3,2400.030464,0.8487,0x0
2026-03-24T19:36:01.241761,63.35,78.7,30.0,2400.023808,0.8487,0x0
2026-03-24T19:36:02.259795,63.9,77.3,30.3,2400.030464,0.8487,0x0
2026-03-24T19:36:03.285977,62.8,79.9,30.6,2400.030464,0.8487,0x0
2026-03-24T19:36:04.321392,62.8,77.6,30.4,2400.030464,0.8487,0x0
2026-03-24T19:36:05.341917,63.35,80.1,30.2,2400.02048,0.8487,0x0
2026-03-24T19:36:06.366975,62.8,82.9,30.2,2400.023808,0.8487,0x0
2026-03-24T19:36:07.396894,62.25,86.2,30.0,2400.030464,0.8487,0x0
2026-03-24T19:36:08.427585,63.35,83.1,30.2,2400.030464,0.8487,0x0
2026-03-24T19:36:09.448582,62.8,82.3,30.4,2400.03712,0.8487,0x0
2026-03-24T19:36:10.575674,63.9,84.0,30.3,2400.030464,0.8487,0x0
2026-03-24T19:36:11.611024,63.9,88.0,30.2,2400.03712,0.8487,0x0
2026-03-24T19:36:12.657462,63.9,83.0,30.1,2400.027136,0.8487,0x0
2026-03-24T19:36:13.680720,62.8,81.5,30.6,2400.02048,0.8487,0x0
2026-03-24T19:36:14.702151,63.9,80.2,30.8,2400.030464,0.8487,0x0
2026-03-24T19:36:15.722154,62.8,84.5,30.7,2400.027136,0.8487,0x0
2026-03-24T19:36:16.759481,62.25,79.1,30.1,2400.03712,0.8487,0x0
2026-03-24T19:36:17.793653,63.35,86.0,30.1,2400.02048,0.8487,0x0
2026-03-24T19:36:18.820358,63.35,83.9,29.8,2400.027136,0.8487,0x0
2026-03-24T19:36:19.843167,62.8,78.7,29.7,2400.023808,0.8487,0x0
2026-03-24T19:36:20.864456,62.8,83.7,29.7,2400.023808,0.8487,0x0
2026-03-24T19:36:21.889510,63.35,82.8,30.1,2400.03712,0.8487,0x0
2026-03-24T19:36:22.914502,62.25,81.1,30.1,2400.033792,0.8487,0x0
2026-03-24T19:36:23.946261,63.35,86.9,30.2,2400.030464,0.8487,0x0
2026-03-24T19:36:24.971033,63.35,79.6,30.2,2400.033792,0.8487,0x0
2026-03-24T19:36:25.998527,63.35,82.7,29.9,2400.033792,0.8487,0x0
2026-03-24T19:36:27.037819,62.25,77.5,29.8,2400.017408,0.8487,0x0
2026-03-24T19:36:28.072289,61.7,84.7,29.9,2400.023808,0.8487,0x0
2026-03-24T19:36:29.101358,61.15,90.1,29.8,2400.02048,0.8487,0x0
2026-03-24T19:36:30.129076,62.25,78.4,29.7,2400.033792,0.8487,0x0
2026-03-24T19:36:31.148125,62.25,79.5,29.5,2400.030464,0.8487,0x0
2026-03-24T19:36:32.176670,63.9,81.4,29.9,2400.030464,0.8487,0x0
2026-03-24T19:36:33.203293,61.15,81.1,30.5,2400.030464,0.8487,0x0
2026-03-24T19:36:34.237262,62.25,82.0,30.7,2400.02048,0.8487,0x0
2026-03-24T19:36:35.260442,62.25,76.4,30.9,2400.033792,0.8487,0x0
2026-03-24T19:36:36.280987,63.9,83.7,30.5,2400.03712,0.8487,0x0
2026-03-24T19:36:37.300682,62.25,78.0,30.2,2400.03712,0.8487,0x0
2026-03-24T19:36:38.323787,61.7,80.0,30.3,2400.023808,0.8487,0x0
2026-03-24T19:36:39.354878,62.25,80.2,30.5,2400.027136,0.8487,0x0
2026-03-24T19:36:40.373784,62.8,80.4,30.1,2400.02048,0.8487,0x0
2026-03-24T19:36:41.416987,62.25,84.9,30.2,2400.023808,0.8487,0x0
2026-03-24T19:36:42.452279,63.9,82.4,30.0,2400.030464,0.8487,0x0
2026-03-24T19:36:43.478734,62.8,84.5,29.9,2400.023808,0.8487,0x0
2026-03-24T19:36:44.506312,62.25,85.0,29.9,2400.030464,0.8487,0x0
2026-03-24T19:36:45.533782,63.35,80.2,30.2,2400.03712,0.8487,0x0
2026-03-24T19:36:46.552814,63.35,86.4,30.2,2400.033792,0.8487,0x0
2026-03-24T19:36:47.585964,63.9,81.3,30.1,2400.02048,0.8487,0x0
2026-03-24T19:36:48.612773,61.15,79.7,30.0,2400.033792,0.8487,0x0
2026-03-24T19:36:49.653932,62.8,81.1,29.8,2400.027136,0.8487,0x0
2026-03-24T19:36:50.675083,61.15,74.9,30.2,2400.027136,0.8487,0x0
2026-03-24T19:36:51.703859,62.8,83.6,30.5,2400.02048,0.8487,0x0
2026-03-24T19:36:52.740081,62.25,83.6,30.2,2400.033792,0.8487,0x0
2026-03-24T19:36:53.778863,63.35,85.7,30.2,2400.033792,0.8487,0x0
2026-03-24T19:36:54.818711,62.8,81.9,30.2,2400.02048,0.8487,0x0
2026-03-24T19:36:55.844272,63.35,82.5,30.4,2400.033792,0.8487,0x0
2026-03-24T19:36:56.865185,62.8,81.5,30.8,2400.033792,0.8487,0x0
2026-03-24T19:36:57.906287,61.7,80.5,30.6,2400.027136,0.8487,0x0
2026-03-24T19:36:58.927998,64.45,84.5,30.6,2400.030464,0.8487,0x0
2026-03-24T19:36:59.954432,62.8,81.6,30.9,2400.027136,0.8487,0x0
2026-03-24T19:37:00.987845,63.35,78.1,30.3,2400.027136,0.8487,0x0
2026-03-24T19:37:02.004624,62.8,80.7,30.0,2400.030464,0.8487,0x0
2026-03-24T19:37:03.027047,62.25,83.4,30.1,2400.023808,0.8487,0x0
2026-03-24T19:37:04.061515,63.35,83.1,30.2,2400.02048,0.8487,0x0
2026-03-24T19:37:05.117172,63.35,86.8,30.6,2400.02048,0.8487,0x0
2026-03-24T19:37:06.141593,61.7,83.9,30.8,2400.03712,0.8487,0x0
2026-03-24T19:37:07.164984,63.9,88.1,30.8,2400.03712,0.8487,0x0
2026-03-24T19:37:08.184637,62.8,78.8,30.5,2400.027136,0.8487,0x0
2026-03-24T19:37:09.211079,62.25,79.8,30.2,2400.02048,0.8487,0x0
2026-03-24T19:37:10.253402,63.9,83.5,30.1,2400.027136,0.8487,0x0
2026-03-24T19:37:11.285827,62.8,82.4,30.1,2400.023808,0.8487,0x0
2026-03-24T19:37:12.313879,63.9,82.6,29.9,2400.033792,0.8487,0x0
2026-03-24T19:37:13.335829,63.35,84.1,29.8,2400.030464,0.8487,0x0
2026-03-24T19:37:14.362753,63.9,81.7,30.1,2400.027136,0.8487,0x0
2026-03-24T19:37:15.390605,63.35,81.8,30.5,2400.033792,0.8487,0x0
2026-03-24T19:37:16.424304,63.35,81.5,30.5,2400.03712,0.8487,0x0
2026-03-24T19:37:17.449381,60.6,88.1,30.7,2400.017408,0.8487,0x0
2026-03-24T19:37:18.474207,63.35,81.7,30.6,2400.027136,0.8487,0x0
2026-03-24T19:37:19.505303,62.8,82.9,30.7,2400.027136,0.8487,0x0
2026-03-24T19:37:20.531827,63.9,81.2,30.6,2400.030464,0.8487,0x0
