[2026-04-17 11:20:07.630] [52467] [HailoRT] [info] [vdevice_native_stream.cpp:331] [read_impl] Failed read from stream HAILO_STREAM_ABORT(63) (device: 0001:01:00.0)
[2026-04-17 11:20:07.630] [52468] [HailoRT] [info] [vdevice_native_stream.cpp:331] [read_impl] Failed read from stream HAILO_STREAM_ABORT(63) (device: 0001:01:00.0)
[2026-04-17 11:20:07.630] [52468] [HailoRT] [info] [edge_elements.cpp:396] [run_pull] Reading from stream was aborted!
[2026-04-17 11:20:07.630] [52469] [HailoRT] [info] [vdevice_native_stream.cpp:331] [read_impl] Failed read from stream HAILO_STREAM_ABORT(63) (device: 0001:01:00.0)
[2026-04-17 11:20:07.630] [52469] [HailoRT] [info] [edge_elements.cpp:396] [run_pull] Reading from stream was aborted!
[2026-04-17 11:20:07.630] [52468] [HailoRT] [info] [queue_elements.cpp:738] [run_in_thread] run_pull of queue element PullQEl_nms15yolov11n/conv62_143 was aborted!
[2026-04-17 11:20:07.630] [52469] [HailoRT] [info] [queue_elements.cpp:738] [run_in_thread] run_pull of queue element PullQEl_nms13yolov11n/conv65_143 was aborted!
[2026-04-17 11:20:07.630] [52470] [HailoRT] [info] [vdevice_native_stream.cpp:331] [read_impl] Failed read from stream HAILO_STREAM_ABORT(63) (device: 0001:01:00.0)
[2026-04-17 11:20:07.630] [52470] [HailoRT] [info] [edge_elements.cpp:396] [run_pull] Reading from stream was aborted!
[2026-04-17 11:20:07.630] [52470] [HailoRT] [info] [queue_elements.cpp:738] [run_in_thread] run_pull of queue element PullQEl_nms1yolov11n/conv77_143 was aborted!
[2026-04-17 11:20:07.630] [52466] [HailoRT] [info] [edge_elements.cpp:396] [run_pull] Reading from stream was aborted!
[2026-04-17 11:20:07.630] [52466] [HailoRT] [info] [queue_elements.cpp:738] [run_in_thread] run_pull of queue element PullQEl_nms3yolov11n/conv51_143 was aborted!
[2026-04-17 11:20:07.630] [52467] [HailoRT] [info] [edge_elements.cpp:396] [run_pull] Reading from stream was aborted!
[2026-04-17 11:20:07.630] [52467] [HailoRT] [info] [queue_elements.cpp:738] [run_in_thread] run_pull of queue element PullQEl_nms12yolov11n/conv54_143 was aborted!
[2026-04-17 11:20:07.631] [52471] [HailoRT] [info] [vdevice_native_stream.cpp:331] [read_impl] Failed read from stream HAILO_STREAM_ABORT(63) (device: 0001:01:00.0)
[2026-04-17 11:20:07.631] [52471] [HailoRT] [info] [edge_elements.cpp:396] [run_pull] Reading from stream was aborted!
[2026-04-17 11:20:07.631] [52471] [HailoRT] [info] [queue_elements.cpp:738] [run_in_thread] run_pull of queue element PullQEl_nms0yolov11n/conv80_143 was aborted!
[2026-04-17 11:20:07.631] [52465] [HailoRT] [info] [vdevice_native_stream.cpp:142] [write_impl] Failed write to stream yolov11n/input_layer1 (device: 0001:01:00.0) with status=HAILO_STREAM_ABORT(63)
[2026-04-17 11:20:07.631] [52465] [HailoRT] [info] [edge_elements.cpp:87] [run_push] Failed to send on input stream InputStream(index=8, name=yolov11n/input_layer1) because stream was aborted
[2026-04-17 11:20:07.631] [52465] [HailoRT] [info] [queue_elements.cpp:401] [run_in_thread] run_push of PushQEl8yolov11n/input_layer1 was aborted!
[2026-04-17 11:20:07.631] [52476] [HailoRT] [info] [vstream.cpp:774] [write] Sending to VStream was shutdown!
[2026-04-17 11:20:07.631] [52476] [HailoRT] [info] [vstream.cpp:778] [write] Sending to VStream was aborted!
[2026-04-17 11:20:07.631] [52475] [HailoRT] [info] [queue_elements.cpp:706] [run_pull] Shutdown event was signaled in dequeue of queue element PullQEl_nms3yolov11n/conv51_143!
[2026-04-17 11:20:07.631] [52475] [HailoRT] [info] [vstream.cpp:1138] [read] Receiving to VStream was shutdown!
[2026-04-17 11:20:07.671] [51943] [HailoRT] [info] [queue_elements.cpp:360] [execute_deactivate] enqueue() in element PushQEl8yolov11n/input_layer1 was aborted, got status = HAILO_SHUTDOWN_EVENT_SIGNALED(57)
[2026-04-17 11:20:07.671] [52465] [HailoRT] [info] [queue_elements.cpp:68] [operator()] Thread in element PushQEl8yolov11n/input_layer1 is not running anymore, exiting..
[2026-04-17 11:20:07.672] [51943] [HailoRT] [info] [queue_elements.cpp:46] [~BaseQueueElement] Queue element PushQEl8yolov11n/input_layer1 has 1 frames in his Queue on destruction
[2026-04-17 11:20:07.672] [52472] [HailoRT] [info] [queue_elements.cpp:68] [operator()] Thread in element UserBufQEl_post_infer0yolov11n/yolov8_nms_postprocess is not running anymore, exiting..
[2026-04-17 11:20:07.672] [51943] [HailoRT] [info] [queue_elements.cpp:46] [~BaseQueueElement] Queue element UserBufQEl_post_infer0yolov11n/yolov8_nms_postprocess has 0 frames in his Queue on destruction
[2026-04-17 11:20:07.672] [52471] [HailoRT] [info] [queue_elements.cpp:68] [operator()] Thread in element PullQEl_nms0yolov11n/conv80_143 is not running anymore, exiting..
[2026-04-17 11:20:07.672] [51943] [HailoRT] [info] [queue_elements.cpp:46] [~BaseQueueElement] Queue element PullQEl_nms0yolov11n/conv80_143 has 0 frames in his Queue on destruction
[2026-04-17 11:20:07.672] [52470] [HailoRT] [info] [queue_elements.cpp:68] [operator()] Thread in element PullQEl_nms1yolov11n/conv77_143 is not running anymore, exiting..
[2026-04-17 11:20:07.672] [51943] [HailoRT] [info] [queue_elements.cpp:46] [~BaseQueueElement] Queue element PullQEl_nms1yolov11n/conv77_143 has 0 frames in his Queue on destruction
[2026-04-17 11:20:07.672] [52469] [HailoRT] [info] [queue_elements.cpp:68] [operator()] Thread in element PullQEl_nms13yolov11n/conv65_143 is not running anymore, exiting..
[2026-04-17 11:20:07.672] [51943] [HailoRT] [info] [queue_elements.cpp:46] [~BaseQueueElement] Queue element PullQEl_nms13yolov11n/conv65_143 has 0 frames in his Queue on destruction
[2026-04-17 11:20:07.672] [52468] [HailoRT] [info] [queue_elements.cpp:68] [operator()] Thread in element PullQEl_nms15yolov11n/conv62_143 is not running anymore, exiting..
[2026-04-17 11:20:07.672] [51943] [HailoRT] [info] [queue_elements.cpp:46] [~BaseQueueElement] Queue element PullQEl_nms15yolov11n/conv62_143 has 0 frames in his Queue on destruction
[2026-04-17 11:20:07.672] [52467] [HailoRT] [info] [queue_elements.cpp:68] [operator()] Thread in element PullQEl_nms12yolov11n/conv54_143 is not running anymore, exiting..
[2026-04-17 11:20:07.672] [51943] [HailoRT] [info] [queue_elements.cpp:46] [~BaseQueueElement] Queue element PullQEl_nms12yolov11n/conv54_143 has 0 frames in his Queue on destruction
[2026-04-17 11:20:07.672] [52466] [HailoRT] [info] [queue_elements.cpp:68] [operator()] Thread in element PullQEl_nms3yolov11n/conv51_143 is not running anymore, exiting..
[2026-04-17 11:20:07.672] [51943] [HailoRT] [info] [queue_elements.cpp:46] [~BaseQueueElement] Queue element PullQEl_nms3yolov11n/conv51_143 has 0 frames in his Queue on destruction
[2026-04-17 11:20:07.672] [51943] [HailoRT] [info] [core_op.cpp:186] [deactivate] Deactivating took 0.007056 ms
[2026-04-17 11:20:07.672] [51943] [HailoRT] [info] [core_op.cpp:186] [deactivate] Deactivating took 0.016259 ms
[2026-04-17 11:20:07.724] [51943] [HailoRT] [info] [vdevice.cpp:535] [create] Creating vdevice with params: device_count: 1, scheduling_algorithm: NONE, multi_process_service: false
[2026-04-17 11:20:07.724] [51943] [HailoRT] [info] [device.cpp:51] [Device] OS Version: Linux 6.12.75+rpt-rpi-2712 #1 SMP PREEMPT Debian 1:6.12.75-1+rpt1 (2026-03-11) aarch64
[2026-04-17 11:20:07.725] [51943] [HailoRT] [info] [control.cpp:113] [control__parse_identify_results] firmware_version is: 4.23.0
[2026-04-17 11:20:07.725] [51943] [HailoRT] [info] [vdevice.cpp:682] [create] VDevice Infos: 0001:01:00.0
[2026-04-17 11:20:07.749] [51943] [HailoRT] [info] [internal_buffer_manager.cpp:77] [print_execution_results] Planned internal buffer memory: CMA=0 CMA-Desc=1376256 Pinned=40040960. memory to edge layer usage factor is 1
[2026-04-17 11:20:07.749] [51943] [HailoRT] [info] [internal_buffer_manager.cpp:86] [print_execution_results] Default Internal buffer planner executed successfully
[2026-04-17 11:20:07.831] [51943] [HailoRT] [info] [device_internal.cpp:57] [configure] Configuring HEF took 106.342475 milliseconds
[2026-04-17 11:20:07.831] [51943] [HailoRT] [info] [vdevice.cpp:780] [configure] Configuring HEF on VDevice took 106.720214 milliseconds
[2026-04-17 11:20:07.832] [51943] [HailoRT] [info] [control.cpp:113] [control__parse_identify_results] firmware_version is: 4.23.0
[2026-04-17 11:20:07.832] [51943] [HailoRT] [info] [control.cpp:113] [control__parse_identify_results] firmware_version is: 4.23.0
[2026-04-17 11:20:07.849] [51943] [HailoRT] [info] [core_op.cpp:156] [activate] Activating yolov11n took 17.389241 milliseconds. Note that the function is asynchronous and thus the network is not fully activated yet.
[2026-04-17 11:20:07.849] [51943] [HailoRT] [info] [core_op.cpp:156] [activate] Activating yolov11n took 17.411611 milliseconds. Note that the function is asynchronous and thus the network is not fully activated yet.
[2026-04-17 11:20:07.864] [51943] [HailoRT] [info] [control.cpp:113] [control__parse_identify_results] firmware_version is: 4.23.0
[2026-04-17 11:20:07.864] [51943] [HailoRT] [info] [control.cpp:113] [control__parse_identify_results] firmware_version is: 4.23.0
[2026-04-17 11:20:07.864] [51943] [HailoRT] [info] [edge_elements.cpp:52] [create] Created (HwWriteEl8yolov11n/input_layer1 | hw_frame_size: 1228800)
[2026-04-17 11:20:07.864] [51943] [HailoRT] [info] [queue_elements.cpp:284] [create] Created (PushQEl8yolov11n/input_layer1 | timeout: 10s)
[2026-04-17 11:20:07.864] [51943] [HailoRT] [info] [filter_elements.cpp:101] [create] Created (PreInferEl8yolov11n/input_layer1 | Reorder - src_order: NHWC, src_shape: (640, 640, 3), dst_order: NHCW, dst_shape: (640, 640, 3))
[2026-04-17 11:20:07.864] [51943] [HailoRT] [info] [vstream.cpp:754] [InputVStreamImpl] Creating yolov11n/input_layer1...
[2026-04-17 11:20:07.864] [51943] [HailoRT] [info] [vstream_builder.cpp:102] [create_inputs] Input pipeline 'yolov11n/input_layer1': (PreInferEl8yolov11n/input_layer1 | Reorder - src_order: NHWC, src_shape: (640, 640, 3), dst_order: NHCW, dst_shape: (640, 640, 3)) >> (PushQEl8yolov11n/input_layer1 | timeout: 10s) >> (HwWriteEl8yolov11n/input_layer1 | hw_frame_size: 1228800) >> HW
[2026-04-17 11:20:07.864] [51943] [HailoRT] [info] [multi_io_elements.cpp:135] [create] Created (NmsPPMuxEl0YOLOV8-Post-Process | Op YOLOV8, Name: YOLOV8-Post-Process, Score threshold: 0.200, IoU threshold: 0.70, Classes: 80, Max bboxes per class: 100, Image height: 640, Image width: 640)
[2026-04-17 11:20:07.864] [51943] [HailoRT] [info] [edge_elements.cpp:287] [create] Created (HwReadEl3yolov11n/conv51_143 | hw_frame_size: 409600)
[2026-04-17 11:20:07.864] [51943] [HailoRT] [info] [queue_elements.cpp:657] [create] Created (PullQEl_nms3yolov11n/conv51_143 | timeout: 10s)
[2026-04-17 11:20:07.864] [51943] [HailoRT] [info] [edge_elements.cpp:287] [create] Created (HwReadEl12yolov11n/conv54_143 | hw_frame_size: 512000)
[2026-04-17 11:20:07.864] [51943] [HailoRT] [info] [queue_elements.cpp:657] [create] Created (PullQEl_nms12yolov11n/conv54_143 | timeout: 10s)
[2026-04-17 11:20:07.864] [51943] [HailoRT] [info] [edge_elements.cpp:287] [create] Created (HwReadEl15yolov11n/conv62_143 | hw_frame_size: 102400)
[2026-04-17 11:20:07.865] [51943] [HailoRT] [info] [queue_elements.cpp:657] [create] Created (PullQEl_nms15yolov11n/conv62_143 | timeout: 10s)
[2026-04-17 11:20:07.865] [51943] [HailoRT] [info] [edge_elements.cpp:287] [create] Created (HwReadEl13yolov11n/conv65_143 | hw_frame_size: 128000)
[2026-04-17 11:20:07.865] [51943] [HailoRT] [info] [queue_elements.cpp:657] [create] Created (PullQEl_nms13yolov11n/conv65_143 | timeout: 10s)
[2026-04-17 11:20:07.865] [51943] [HailoRT] [info] [edge_elements.cpp:287] [create] Created (HwReadEl1yolov11n/conv77_143 | hw_frame_size: 30720)
[2026-04-17 11:20:07.865] [51943] [HailoRT] [info] [queue_elements.cpp:657] [create] Created (PullQEl_nms1yolov11n/conv77_143 | timeout: 10s)
[2026-04-17 11:20:07.865] [51943] [HailoRT] [info] [edge_elements.cpp:287] [create] Created (HwReadEl0yolov11n/conv80_143 | hw_frame_size: 38400)
[2026-04-17 11:20:07.865] [51943] [HailoRT] [info] [queue_elements.cpp:657] [create] Created (PullQEl_nms0yolov11n/conv80_143 | timeout: 10s)
[2026-04-17 11:20:07.865] [51943] [HailoRT] [info] [queue_elements.cpp:800] [create] Created (UserBufQEl_post_infer0yolov11n/yolov8_nms_postprocess | timeout: 10s)
[2026-04-17 11:20:07.865] [51943] [HailoRT] [info] [vstream.cpp:1114] [OutputVStreamImpl] Creating yolov11n/yolov8_nms_postprocess...
[2026-04-17 11:20:07.865] [51943] [HailoRT] [info] [vstream_builder.cpp:622] [create_output_post_process_nms] Output pipeline 'yolov11n/yolov8_nms_postprocess': HW >> (HwReadEl3yolov11n/conv51_143 | hw_frame_size: 409600) >> (PullQEl_nms3yolov11n/conv51_143) >> (HwReadEl12yolov11n/conv54_143 | hw_frame_size: 512000) >> (PullQEl_nms12yolov11n/conv54_143) >> (HwReadEl15yolov11n/conv62_143 | hw_frame_size: 102400) >> (PullQEl_nms15yolov11n/conv62_143) >> (HwReadEl13yolov11n/conv65_143 | hw_frame_size: 128000) >> (PullQEl_nms13yolov11n/conv65_143) >> (HwReadEl1yolov11n/conv77_143 | hw_frame_size: 30720) >> (PullQEl_nms1yolov11n/conv77_143) >> (HwReadEl0yolov11n/conv80_143 | hw_frame_size: 38400) >> (PullQEl_nms0yolov11n/conv80_143) >> (NmsPPMuxEl0YOLOV8-Post-Process | Op YOLOV8, Name: YOLOV8-Post-Process, Score threshold: 0.200, IoU threshold: 0.70, Classes: 80, Max bboxes per class: 100, Image height: 640, Image width: 640) >> (UserBufQEl_post_infer0yolov11n/yolov8_nms_postprocess | timeout: 10s)
[2026-04-17 11:21:07.867] [52956] [HailoRT] [info] [vdevice_native_stream.cpp:331] [read_impl] Failed read from stream HAILO_STREAM_ABORT(63) (device: 0001:01:00.0)
[2026-04-17 11:21:07.867] [52954] [HailoRT] [info] [vdevice_native_stream.cpp:331] [read_impl] Failed read from stream HAILO_STREAM_ABORT(63) (device: 0001:01:00.0)
[2026-04-17 11:21:07.867] [52955] [HailoRT] [info] [vdevice_native_stream.cpp:331] [read_impl] Failed read from stream HAILO_STREAM_ABORT(63) (device: 0001:01:00.0)
[2026-04-17 11:21:07.867] [52955] [HailoRT] [info] [edge_elements.cpp:396] [run_pull] Reading from stream was aborted!
[2026-04-17 11:21:07.867] [52955] [HailoRT] [info] [queue_elements.cpp:738] [run_in_thread] run_pull of queue element PullQEl_nms13yolov11n/conv65_143 was aborted!
[2026-04-17 11:21:07.867] [52952] [HailoRT] [info] [vdevice_native_stream.cpp:331] [read_impl] Failed read from stream HAILO_STREAM_ABORT(63) (device: 0001:01:00.0)
[2026-04-17 11:21:07.867] [52952] [HailoRT] [info] [edge_elements.cpp:396] [run_pull] Reading from stream was aborted!
[2026-04-17 11:21:07.867] [52952] [HailoRT] [info] [queue_elements.cpp:738] [run_in_thread] run_pull of queue element PullQEl_nms3yolov11n/conv51_143 was aborted!
[2026-04-17 11:21:07.867] [52961] [HailoRT] [info] [queue_elements.cpp:706] [run_pull] Shutdown event was signaled in dequeue of queue element PullQEl_nms3yolov11n/conv51_143!
[2026-04-17 11:21:07.867] [52957] [HailoRT] [info] [vdevice_native_stream.cpp:331] [read_impl] Failed read from stream HAILO_STREAM_ABORT(63) (device: 0001:01:00.0)
[2026-04-17 11:21:07.867] [52961] [HailoRT] [info] [vstream.cpp:1138] [read] Receiving to VStream was shutdown!
[2026-04-17 11:21:07.867] [52956] [HailoRT] [info] [edge_elements.cpp:396] [run_pull] Reading from stream was aborted!
[2026-04-17 11:21:07.867] [52953] [HailoRT] [info] [vdevice_native_stream.cpp:331] [read_impl] Failed read from stream HAILO_STREAM_ABORT(63) (device: 0001:01:00.0)
[2026-04-17 11:21:07.867] [52953] [HailoRT] [info] [edge_elements.cpp:396] [run_pull] Reading from stream was aborted!
[2026-04-17 11:21:07.867] [52957] [HailoRT] [info] [edge_elements.cpp:396] [run_pull] Reading from stream was aborted!
[2026-04-17 11:21:07.867] [52953] [HailoRT] [info] [queue_elements.cpp:738] [run_in_thread] run_pull of queue element PullQEl_nms12yolov11n/conv54_143 was aborted!
[2026-04-17 11:21:07.867] [52957] [HailoRT] [info] [queue_elements.cpp:738] [run_in_thread] run_pull of queue element PullQEl_nms0yolov11n/conv80_143 was aborted!
[2026-04-17 11:21:07.867] [52954] [HailoRT] [info] [edge_elements.cpp:396] [run_pull] Reading from stream was aborted!
[2026-04-17 11:21:07.867] [52956] [HailoRT] [info] [queue_elements.cpp:738] [run_in_thread] run_pull of queue element PullQEl_nms1yolov11n/conv77_143 was aborted!
[2026-04-17 11:21:07.867] [52954] [HailoRT] [info] [queue_elements.cpp:738] [run_in_thread] run_pull of queue element PullQEl_nms15yolov11n/conv62_143 was aborted!
[2026-04-17 11:21:07.867] [52951] [HailoRT] [info] [vdevice_native_stream.cpp:142] [write_impl] Failed write to stream yolov11n/input_layer1 (device: 0001:01:00.0) with status=HAILO_STREAM_ABORT(63)
[2026-04-17 11:21:07.867] [52951] [HailoRT] [info] [edge_elements.cpp:87] [run_push] Failed to send on input stream InputStream(index=8, name=yolov11n/input_layer1) because stream was aborted
[2026-04-17 11:21:07.867] [52951] [HailoRT] [info] [queue_elements.cpp:401] [run_in_thread] run_push of PushQEl8yolov11n/input_layer1 was aborted!
[2026-04-17 11:21:07.868] [52962] [HailoRT] [info] [queue_elements.cpp:319] [run_push] run_push of PushQEl8yolov11n/input_layer1 was aborted!
[2026-04-17 11:21:07.868] [52962] [HailoRT] [info] [filter_elements.cpp:35] [run_push] run_push of PreInferEl8yolov11n/input_layer1 was aborted!
[2026-04-17 11:21:07.868] [52962] [HailoRT] [info] [vstream.cpp:778] [write] Sending to VStream was aborted!
[2026-04-17 11:21:07.875] [51943] [HailoRT] [info] [queue_elements.cpp:360] [execute_deactivate] enqueue() in element PushQEl8yolov11n/input_layer1 was aborted, got status = HAILO_SHUTDOWN_EVENT_SIGNALED(57)
[2026-04-17 11:21:07.875] [52951] [HailoRT] [info] [queue_elements.cpp:68] [operator()] Thread in element PushQEl8yolov11n/input_layer1 is not running anymore, exiting..
[2026-04-17 11:21:07.875] [51943] [HailoRT] [info] [queue_elements.cpp:46] [~BaseQueueElement] Queue element PushQEl8yolov11n/input_layer1 has 0 frames in his Queue on destruction
[2026-04-17 11:21:07.875] [52958] [HailoRT] [info] [queue_elements.cpp:68] [operator()] Thread in element UserBufQEl_post_infer0yolov11n/yolov8_nms_postprocess is not running anymore, exiting..
[2026-04-17 11:21:07.875] [51943] [HailoRT] [info] [queue_elements.cpp:46] [~BaseQueueElement] Queue element UserBufQEl_post_infer0yolov11n/yolov8_nms_postprocess has 0 frames in his Queue on destruction
[2026-04-17 11:21:07.875] [52957] [HailoRT] [info] [queue_elements.cpp:68] [operator()] Thread in element PullQEl_nms0yolov11n/conv80_143 is not running anymore, exiting..
[2026-04-17 11:21:07.875] [51943] [HailoRT] [info] [queue_elements.cpp:46] [~BaseQueueElement] Queue element PullQEl_nms0yolov11n/conv80_143 has 0 frames in his Queue on destruction
[2026-04-17 11:21:07.875] [52956] [HailoRT] [info] [queue_elements.cpp:68] [operator()] Thread in element PullQEl_nms1yolov11n/conv77_143 is not running anymore, exiting..
[2026-04-17 11:21:07.879] [51943] [HailoRT] [info] [queue_elements.cpp:46] [~BaseQueueElement] Queue element PullQEl_nms1yolov11n/conv77_143 has 0 frames in his Queue on destruction
[2026-04-17 11:21:07.879] [52955] [HailoRT] [info] [queue_elements.cpp:68] [operator()] Thread in element PullQEl_nms13yolov11n/conv65_143 is not running anymore, exiting..
[2026-04-17 11:21:07.879] [51943] [HailoRT] [info] [queue_elements.cpp:46] [~BaseQueueElement] Queue element PullQEl_nms13yolov11n/conv65_143 has 0 frames in his Queue on destruction
[2026-04-17 11:21:07.879] [52954] [HailoRT] [info] [queue_elements.cpp:68] [operator()] Thread in element PullQEl_nms15yolov11n/conv62_143 is not running anymore, exiting..
[2026-04-17 11:21:07.879] [51943] [HailoRT] [info] [queue_elements.cpp:46] [~BaseQueueElement] Queue element PullQEl_nms15yolov11n/conv62_143 has 0 frames in his Queue on destruction
[2026-04-17 11:21:07.879] [52953] [HailoRT] [info] [queue_elements.cpp:68] [operator()] Thread in element PullQEl_nms12yolov11n/conv54_143 is not running anymore, exiting..
[2026-04-17 11:21:07.879] [51943] [HailoRT] [info] [queue_elements.cpp:46] [~BaseQueueElement] Queue element PullQEl_nms12yolov11n/conv54_143 has 0 frames in his Queue on destruction
[2026-04-17 11:21:07.879] [52952] [HailoRT] [info] [queue_elements.cpp:68] [operator()] Thread in element PullQEl_nms3yolov11n/conv51_143 is not running anymore, exiting..
[2026-04-17 11:21:07.879] [51943] [HailoRT] [info] [queue_elements.cpp:46] [~BaseQueueElement] Queue element PullQEl_nms3yolov11n/conv51_143 has 0 frames in his Queue on destruction
[2026-04-17 11:21:07.879] [51943] [HailoRT] [info] [core_op.cpp:186] [deactivate] Deactivating took 0.00887 ms
[2026-04-17 11:21:07.879] [51943] [HailoRT] [info] [core_op.cpp:186] [deactivate] Deactivating took 0.019482 ms
[2026-04-17 11:21:18.209] [53479] [HailoRT] [info] [vdevice.cpp:535] [create] Creating vdevice with params: device_count: 1, scheduling_algorithm: NONE, multi_process_service: false
[2026-04-17 11:21:18.222] [53479] [HailoRT] [info] [device.cpp:51] [Device] OS Version: Linux 6.12.75+rpt-rpi-2712 #1 SMP PREEMPT Debian 1:6.12.75-1+rpt1 (2026-03-11) aarch64
[2026-04-17 11:21:18.222] [53479] [HailoRT] [info] [control.cpp:113] [control__parse_identify_results] firmware_version is: 4.23.0
[2026-04-17 11:21:18.222] [53479] [HailoRT] [info] [vdevice.cpp:682] [create] VDevice Infos: 0001:01:00.0
[2026-04-17 11:21:18.240] [53479] [HailoRT] [info] [internal_buffer_manager.cpp:77] [print_execution_results] Planned internal buffer memory: CMA=0 CMA-Desc=1376256 Pinned=41218560. memory to edge layer usage factor is 1
[2026-04-17 11:21:18.240] [53479] [HailoRT] [info] [internal_buffer_manager.cpp:86] [print_execution_results] Default Internal buffer planner executed successfully
[2026-04-17 11:21:18.322] [53479] [HailoRT] [info] [device_internal.cpp:57] [configure] Configuring HEF took 99.721163 milliseconds
[2026-04-17 11:21:18.322] [53479] [HailoRT] [info] [vdevice.cpp:780] [configure] Configuring HEF on VDevice took 100.128846 milliseconds
[2026-04-17 11:21:18.323] [53479] [HailoRT] [info] [control.cpp:113] [control__parse_identify_results] firmware_version is: 4.23.0
[2026-04-17 11:21:18.323] [53479] [HailoRT] [info] [control.cpp:113] [control__parse_identify_results] firmware_version is: 4.23.0
[2026-04-17 11:21:18.342] [53479] [HailoRT] [info] [core_op.cpp:156] [activate] Activating yolov11n took 18.825477 milliseconds. Note that the function is asynchronous and thus the network is not fully activated yet.
[2026-04-17 11:21:18.342] [53479] [HailoRT] [info] [core_op.cpp:156] [activate] Activating yolov11n took 18.854773 milliseconds. Note that the function is asynchronous and thus the network is not fully activated yet.
[2026-04-17 11:21:18.355] [53479] [HailoRT] [info] [control.cpp:113] [control__parse_identify_results] firmware_version is: 4.23.0
[2026-04-17 11:21:18.355] [53479] [HailoRT] [info] [control.cpp:113] [control__parse_identify_results] firmware_version is: 4.23.0
[2026-04-17 11:21:19.667] [53471] [HailoRT] [info] [device.cpp:51] [Device] OS Version: Linux 6.12.75+rpt-rpi-2712 #1 SMP PREEMPT Debian 1:6.12.75-1+rpt1 (2026-03-11) aarch64
[2026-04-17 11:21:19.667] [53471] [HailoRT] [info] [control.cpp:113] [control__parse_identify_results] firmware_version is: 4.23.0
[2026-04-17 11:21:19.668] [53471] [HailoRT] [info] [control.cpp:113] [control__parse_identify_results] firmware_version is: 4.23.0
[2026-04-17 11:22:18.356] [53490] [HailoRT] [info] [vdevice_native_stream.cpp:331] [read_impl] Failed read from stream HAILO_STREAM_ABORT(63) (device: 0001:01:00.0)
[2026-04-17 11:22:18.356] [53494] [HailoRT] [info] [vdevice_native_stream.cpp:142] [write_impl] Failed write to stream yolov11n/input_layer1 (device: 0001:01:00.0) with status=HAILO_STREAM_ABORT(63)
[2026-04-17 11:22:18.356] [53493] [HailoRT] [info] [vdevice_native_stream.cpp:331] [read_impl] Failed read from stream HAILO_STREAM_ABORT(63) (device: 0001:01:00.0)
[2026-04-17 11:22:18.356] [53491] [HailoRT] [info] [vdevice_native_stream.cpp:331] [read_impl] Failed read from stream HAILO_STREAM_ABORT(63) (device: 0001:01:00.0)
[2026-04-17 11:22:18.356] [53489] [HailoRT] [info] [vdevice_native_stream.cpp:331] [read_impl] Failed read from stream HAILO_STREAM_ABORT(63) (device: 0001:01:00.0)
[2026-04-17 11:22:18.356] [53492] [HailoRT] [info] [vdevice_native_stream.cpp:331] [read_impl] Failed read from stream HAILO_STREAM_ABORT(63) (device: 0001:01:00.0)
[2026-04-17 11:22:18.356] [53488] [HailoRT] [info] [vdevice_native_stream.cpp:331] [read_impl] Failed read from stream HAILO_STREAM_ABORT(63) (device: 0001:01:00.0)
[2026-04-17 11:22:18.397] [53479] [HailoRT] [info] [core_op.cpp:186] [deactivate] Deactivating took 0.010593 ms
[2026-04-17 11:22:18.397] [53479] [HailoRT] [info] [core_op.cpp:186] [deactivate] Deactivating took 0.047018 ms
[2026-04-17 11:22:18.440] [53479] [HailoRT] [info] [vdevice.cpp:535] [create] Creating vdevice with params: device_count: 1, scheduling_algorithm: NONE, multi_process_service: false
[2026-04-17 11:22:18.440] [53479] [HailoRT] [info] [device.cpp:51] [Device] OS Version: Linux 6.12.75+rpt-rpi-2712 #1 SMP PREEMPT Debian 1:6.12.75-1+rpt1 (2026-03-11) aarch64
[2026-04-17 11:22:18.441] [53479] [HailoRT] [info] [control.cpp:113] [control__parse_identify_results] firmware_version is: 4.23.0
[2026-04-17 11:22:18.441] [53479] [HailoRT] [info] [vdevice.cpp:682] [create] VDevice Infos: 0001:01:00.0
[2026-04-17 11:22:18.466] [53479] [HailoRT] [info] [internal_buffer_manager.cpp:77] [print_execution_results] Planned internal buffer memory: CMA=0 CMA-Desc=1376256 Pinned=41218560. memory to edge layer usage factor is 1
[2026-04-17 11:22:18.466] [53479] [HailoRT] [info] [internal_buffer_manager.cpp:86] [print_execution_results] Default Internal buffer planner executed successfully
[2026-04-17 11:22:18.547] [53479] [HailoRT] [info] [device_internal.cpp:57] [configure] Configuring HEF took 106.166079 milliseconds
[2026-04-17 11:22:18.547] [53479] [HailoRT] [info] [vdevice.cpp:780] [configure] Configuring HEF on VDevice took 106.53515 milliseconds
[2026-04-17 11:22:18.548] [53479] [HailoRT] [info] [control.cpp:113] [control__parse_identify_results] firmware_version is: 4.23.0
[2026-04-17 11:22:18.548] [53479] [HailoRT] [info] [control.cpp:113] [control__parse_identify_results] firmware_version is: 4.23.0
[2026-04-17 11:22:18.566] [53479] [HailoRT] [info] [core_op.cpp:156] [activate] Activating yolov11n took 18.284003 milliseconds. Note that the function is asynchronous and thus the network is not fully activated yet.
[2026-04-17 11:22:18.566] [53479] [HailoRT] [info] [core_op.cpp:156] [activate] Activating yolov11n took 18.306689 milliseconds. Note that the function is asynchronous and thus the network is not fully activated yet.
[2026-04-17 11:22:18.579] [53479] [HailoRT] [info] [control.cpp:113] [control__parse_identify_results] firmware_version is: 4.23.0
[2026-04-17 11:22:18.579] [53479] [HailoRT] [info] [control.cpp:113] [control__parse_identify_results] firmware_version is: 4.23.0
[2026-04-17 11:22:18.580] [53479] [HailoRT] [info] [edge_elements.cpp:52] [create] Created (HwWriteEl8yolov11n/input_layer1 | hw_frame_size: 1228800)
[2026-04-17 11:22:18.580] [53479] [HailoRT] [info] [queue_elements.cpp:284] [create] Created (PushQEl8yolov11n/input_layer1 | timeout: 10s)
[2026-04-17 11:22:18.580] [53479] [HailoRT] [info] [filter_elements.cpp:101] [create] Created (PreInferEl8yolov11n/input_layer1 | Reorder - src_order: NHWC, src_shape: (640, 640, 3), dst_order: NHCW, dst_shape: (640, 640, 3))
[2026-04-17 11:22:18.580] [53479] [HailoRT] [info] [vstream.cpp:754] [InputVStreamImpl] Creating yolov11n/input_layer1...
[2026-04-17 11:22:18.580] [53479] [HailoRT] [info] [vstream_builder.cpp:102] [create_inputs] Input pipeline 'yolov11n/input_layer1': (PreInferEl8yolov11n/input_layer1 | Reorder - src_order: NHWC, src_shape: (640, 640, 3), dst_order: NHCW, dst_shape: (640, 640, 3)) >> (PushQEl8yolov11n/input_layer1 | timeout: 10s) >> (HwWriteEl8yolov11n/input_layer1 | hw_frame_size: 1228800) >> HW
[2026-04-17 11:22:18.580] [53479] [HailoRT] [info] [multi_io_elements.cpp:135] [create] Created (NmsPPMuxEl0YOLOV8-Post-Process | Op YOLOV8, Name: YOLOV8-Post-Process, Score threshold: 0.200, IoU threshold: 0.70, Classes: 80, Max bboxes per class: 100, Image height: 640, Image width: 640)
[2026-04-17 11:22:18.580] [53479] [HailoRT] [info] [edge_elements.cpp:287] [create] Created (HwReadEl3yolov11n/conv51_143 | hw_frame_size: 409600)
[2026-04-17 11:22:18.580] [53479] [HailoRT] [info] [queue_elements.cpp:657] [create] Created (PullQEl_nms3yolov11n/conv51_143 | timeout: 10s)
[2026-04-17 11:22:18.580] [53479] [HailoRT] [info] [edge_elements.cpp:287] [create] Created (HwReadEl12yolov11n/conv54_143 | hw_frame_size: 512000)
[2026-04-17 11:22:18.580] [53479] [HailoRT] [info] [queue_elements.cpp:657] [create] Created (PullQEl_nms12yolov11n/conv54_143 | timeout: 10s)
[2026-04-17 11:22:18.580] [53479] [HailoRT] [info] [edge_elements.cpp:287] [create] Created (HwReadEl15yolov11n/conv62_143 | hw_frame_size: 102400)
[2026-04-17 11:22:18.580] [53479] [HailoRT] [info] [queue_elements.cpp:657] [create] Created (PullQEl_nms15yolov11n/conv62_143 | timeout: 10s)
[2026-04-17 11:22:18.580] [53479] [HailoRT] [info] [edge_elements.cpp:287] [create] Created (HwReadEl13yolov11n/conv65_143 | hw_frame_size: 128000)
[2026-04-17 11:22:18.580] [53479] [HailoRT] [info] [queue_elements.cpp:657] [create] Created (PullQEl_nms13yolov11n/conv65_143 | timeout: 10s)
[2026-04-17 11:22:18.580] [53479] [HailoRT] [info] [edge_elements.cpp:287] [create] Created (HwReadEl1yolov11n/conv77_143 | hw_frame_size: 30720)
[2026-04-17 11:22:18.580] [53479] [HailoRT] [info] [queue_elements.cpp:657] [create] Created (PullQEl_nms1yolov11n/conv77_143 | timeout: 10s)
[2026-04-17 11:22:18.580] [53479] [HailoRT] [info] [edge_elements.cpp:287] [create] Created (HwReadEl0yolov11n/conv80_143 | hw_frame_size: 38400)
[2026-04-17 11:22:18.580] [53479] [HailoRT] [info] [queue_elements.cpp:657] [create] Created (PullQEl_nms0yolov11n/conv80_143 | timeout: 10s)
[2026-04-17 11:22:18.581] [53479] [HailoRT] [info] [queue_elements.cpp:800] [create] Created (UserBufQEl_post_infer0yolov11n/yolov8_nms_postprocess | timeout: 10s)
[2026-04-17 11:22:18.581] [53479] [HailoRT] [info] [vstream.cpp:1114] [OutputVStreamImpl] Creating yolov11n/yolov8_nms_postprocess...
[2026-04-17 11:22:18.581] [53479] [HailoRT] [info] [vstream_builder.cpp:622] [create_output_post_process_nms] Output pipeline 'yolov11n/yolov8_nms_postprocess': HW >> (HwReadEl3yolov11n/conv51_143 | hw_frame_size: 409600) >> (PullQEl_nms3yolov11n/conv51_143) >> (HwReadEl12yolov11n/conv54_143 | hw_frame_size: 512000) >> (PullQEl_nms12yolov11n/conv54_143) >> (HwReadEl15yolov11n/conv62_143 | hw_frame_size: 102400) >> (PullQEl_nms15yolov11n/conv62_143) >> (HwReadEl13yolov11n/conv65_143 | hw_frame_size: 128000) >> (PullQEl_nms13yolov11n/conv65_143) >> (HwReadEl1yolov11n/conv77_143 | hw_frame_size: 30720) >> (PullQEl_nms1yolov11n/conv77_143) >> (HwReadEl0yolov11n/conv80_143 | hw_frame_size: 38400) >> (PullQEl_nms0yolov11n/conv80_143) >> (NmsPPMuxEl0YOLOV8-Post-Process | Op YOLOV8, Name: YOLOV8-Post-Process, Score threshold: 0.200, IoU threshold: 0.70, Classes: 80, Max bboxes per class: 100, Image height: 640, Image width: 640) >> (UserBufQEl_post_infer0yolov11n/yolov8_nms_postprocess | timeout: 10s)
[2026-04-17 11:23:18.581] [54007] [HailoRT] [info] [vdevice_native_stream.cpp:331] [read_impl] Failed read from stream HAILO_STREAM_ABORT(63) (device: 0001:01:00.0)
[2026-04-17 11:23:18.581] [54007] [HailoRT] [info] [edge_elements.cpp:396] [run_pull] Reading from stream was aborted!
[2026-04-17 11:23:18.581] [54008] [HailoRT] [info] [vdevice_native_stream.cpp:331] [read_impl] Failed read from stream HAILO_STREAM_ABORT(63) (device: 0001:01:00.0)
[2026-04-17 11:23:18.581] [54007] [HailoRT] [info] [queue_elements.cpp:738] [run_in_thread] run_pull of queue element PullQEl_nms12yolov11n/conv54_143 was aborted!
[2026-04-17 11:23:18.581] [54006] [HailoRT] [info] [vdevice_native_stream.cpp:331] [read_impl] Failed read from stream HAILO_STREAM_ABORT(63) (device: 0001:01:00.0)
[2026-04-17 11:23:18.581] [54006] [HailoRT] [info] [edge_elements.cpp:396] [run_pull] Reading from stream was aborted!
[2026-04-17 11:23:18.581] [54010] [HailoRT] [info] [vdevice_native_stream.cpp:331] [read_impl] Failed read from stream HAILO_STREAM_ABORT(63) (device: 0001:01:00.0)
[2026-04-17 11:23:18.581] [54008] [HailoRT] [info] [edge_elements.cpp:396] [run_pull] Reading from stream was aborted!
[2026-04-17 11:23:18.581] [54008] [HailoRT] [info] [queue_elements.cpp:738] [run_in_thread] run_pull of queue element PullQEl_nms15yolov11n/conv62_143 was aborted!
[2026-04-17 11:23:18.581] [54010] [HailoRT] [info] [edge_elements.cpp:396] [run_pull] Reading from stream was aborted!
[2026-04-17 11:23:18.581] [54010] [HailoRT] [info] [queue_elements.cpp:738] [run_in_thread] run_pull of queue element PullQEl_nms1yolov11n/conv77_143 was aborted!
[2026-04-17 11:23:18.581] [54006] [HailoRT] [info] [queue_elements.cpp:738] [run_in_thread] run_pull of queue element PullQEl_nms3yolov11n/conv51_143 was aborted!
[2026-04-17 11:23:18.581] [54011] [HailoRT] [info] [vdevice_native_stream.cpp:331] [read_impl] Failed read from stream HAILO_STREAM_ABORT(63) (device: 0001:01:00.0)
[2026-04-17 11:23:18.581] [54011] [HailoRT] [info] [edge_elements.cpp:396] [run_pull] Reading from stream was aborted!
[2026-04-17 11:23:18.581] [54011] [HailoRT] [info] [queue_elements.cpp:738] [run_in_thread] run_pull of queue element PullQEl_nms0yolov11n/conv80_143 was aborted!
[2026-04-17 11:23:18.581] [54015] [HailoRT] [info] [queue_elements.cpp:706] [run_pull] Shutdown event was signaled in dequeue of queue element PullQEl_nms3yolov11n/conv51_143!
[2026-04-17 11:23:18.581] [54015] [HailoRT] [info] [vstream.cpp:1138] [read] Receiving to VStream was shutdown!
[2026-04-17 11:23:18.581] [54005] [HailoRT] [info] [vdevice_native_stream.cpp:142] [write_impl] Failed write to stream yolov11n/input_layer1 (device: 0001:01:00.0) with status=HAILO_STREAM_ABORT(63)
[2026-04-17 11:23:18.581] [54005] [HailoRT] [info] [edge_elements.cpp:87] [run_push] Failed to send on input stream InputStream(index=8, name=yolov11n/input_layer1) because stream was aborted
[2026-04-17 11:23:18.581] [54005] [HailoRT] [info] [queue_elements.cpp:401] [run_in_thread] run_push of PushQEl8yolov11n/input_layer1 was aborted!
[2026-04-17 11:23:18.581] [54016] [HailoRT] [info] [vstream.cpp:774] [write] Sending to VStream was shutdown!
[2026-04-17 11:23:18.581] [54016] [HailoRT] [info] [vstream.cpp:778] [write] Sending to VStream was aborted!
[2026-04-17 11:23:18.581] [54009] [HailoRT] [info] [vdevice_native_stream.cpp:331] [read_impl] Failed read from stream HAILO_STREAM_ABORT(63) (device: 0001:01:00.0)
[2026-04-17 11:23:18.581] [54009] [HailoRT] [info] [edge_elements.cpp:396] [run_pull] Reading from stream was aborted!
[2026-04-17 11:23:18.581] [54009] [HailoRT] [info] [queue_elements.cpp:738] [run_in_thread] run_pull of queue element PullQEl_nms13yolov11n/conv65_143 was aborted!
[2026-04-17 11:23:18.621] [53479] [HailoRT] [info] [queue_elements.cpp:360] [execute_deactivate] enqueue() in element PushQEl8yolov11n/input_layer1 was aborted, got status = HAILO_SHUTDOWN_EVENT_SIGNALED(57)
[2026-04-17 11:23:18.622] [54005] [HailoRT] [info] [queue_elements.cpp:68] [operator()] Thread in element PushQEl8yolov11n/input_layer1 is not running anymore, exiting..
[2026-04-17 11:23:18.622] [53479] [HailoRT] [info] [queue_elements.cpp:46] [~BaseQueueElement] Queue element PushQEl8yolov11n/input_layer1 has 1 frames in his Queue on destruction
[2026-04-17 11:23:18.622] [54012] [HailoRT] [info] [queue_elements.cpp:68] [operator()] Thread in element UserBufQEl_post_infer0yolov11n/yolov8_nms_postprocess is not running anymore, exiting..
[2026-04-17 11:23:18.622] [53479] [HailoRT] [info] [queue_elements.cpp:46] [~BaseQueueElement] Queue element UserBufQEl_post_infer0yolov11n/yolov8_nms_postprocess has 0 frames in his Queue on destruction
[2026-04-17 11:23:18.622] [54011] [HailoRT] [info] [queue_elements.cpp:68] [operator()] Thread in element PullQEl_nms0yolov11n/conv80_143 is not running anymore, exiting..
[2026-04-17 11:23:18.622] [53479] [HailoRT] [info] [queue_elements.cpp:46] [~BaseQueueElement] Queue element PullQEl_nms0yolov11n/conv80_143 has 0 frames in his Queue on destruction
[2026-04-17 11:23:18.622] [54010] [HailoRT] [info] [queue_elements.cpp:68] [operator()] Thread in element PullQEl_nms1yolov11n/conv77_143 is not running anymore, exiting..
[2026-04-17 11:23:18.622] [53479] [HailoRT] [info] [queue_elements.cpp:46] [~BaseQueueElement] Queue element PullQEl_nms1yolov11n/conv77_143 has 0 frames in his Queue on destruction
[2026-04-17 11:23:18.622] [54009] [HailoRT] [info] [queue_elements.cpp:68] [operator()] Thread in element PullQEl_nms13yolov11n/conv65_143 is not running anymore, exiting..
[2026-04-17 11:23:18.622] [53479] [HailoRT] [info] [queue_elements.cpp:46] [~BaseQueueElement] Queue element PullQEl_nms13yolov11n/conv65_143 has 0 frames in his Queue on destruction
[2026-04-17 11:23:18.622] [54008] [HailoRT] [info] [queue_elements.cpp:68] [operator()] Thread in element PullQEl_nms15yolov11n/conv62_143 is not running anymore, exiting..
[2026-04-17 11:23:18.622] [53479] [HailoRT] [info] [queue_elements.cpp:46] [~BaseQueueElement] Queue element PullQEl_nms15yolov11n/conv62_143 has 0 frames in his Queue on destruction
[2026-04-17 11:23:18.622] [54007] [HailoRT] [info] [queue_elements.cpp:68] [operator()] Thread in element PullQEl_nms12yolov11n/conv54_143 is not running anymore, exiting..
[2026-04-17 11:23:18.622] [53479] [HailoRT] [info] [queue_elements.cpp:46] [~BaseQueueElement] Queue element PullQEl_nms12yolov11n/conv54_143 has 0 frames in his Queue on destruction
[2026-04-17 11:23:18.622] [54006] [HailoRT] [info] [queue_elements.cpp:68] [operator()] Thread in element PullQEl_nms3yolov11n/conv51_143 is not running anymore, exiting..
[2026-04-17 11:23:18.622] [53479] [HailoRT] [info] [queue_elements.cpp:46] [~BaseQueueElement] Queue element PullQEl_nms3yolov11n/conv51_143 has 0 frames in his Queue on destruction
[2026-04-17 11:23:18.622] [53479] [HailoRT] [info] [core_op.cpp:186] [deactivate] Deactivating took 0.008648 ms
[2026-04-17 11:23:18.622] [53479] [HailoRT] [info] [core_op.cpp:186] [deactivate] Deactivating took 0.01687 ms
[2026-04-17 11:23:18.669] [53479] [HailoRT] [info] [vdevice.cpp:535] [create] Creating vdevice with params: device_count: 1, scheduling_algorithm: NONE, multi_process_service: false
[2026-04-17 11:23:18.669] [53479] [HailoRT] [info] [device.cpp:51] [Device] OS Version: Linux 6.12.75+rpt-rpi-2712 #1 SMP PREEMPT Debian 1:6.12.75-1+rpt1 (2026-03-11) aarch64
[2026-04-17 11:23:18.670] [53479] [HailoRT] [info] [control.cpp:113] [control__parse_identify_results] firmware_version is: 4.23.0
[2026-04-17 11:23:18.670] [53479] [HailoRT] [info] [vdevice.cpp:682] [create] VDevice Infos: 0001:01:00.0
[2026-04-17 11:23:18.694] [53479] [HailoRT] [info] [internal_buffer_manager.cpp:77] [print_execution_results] Planned internal buffer memory: CMA=0 CMA-Desc=1376256 Pinned=41218560. memory to edge layer usage factor is 1
[2026-04-17 11:23:18.694] [53479] [HailoRT] [info] [internal_buffer_manager.cpp:86] [print_execution_results] Default Internal buffer planner executed successfully
[2026-04-17 11:23:18.778] [53479] [HailoRT] [info] [device_internal.cpp:57] [configure] Configuring HEF took 107.835634 milliseconds
[2026-04-17 11:23:18.778] [53479] [HailoRT] [info] [vdevice.cpp:780] [configure] Configuring HEF on VDevice took 108.216724 milliseconds
[2026-04-17 11:23:18.778] [53479] [HailoRT] [info] [control.cpp:113] [control__parse_identify_results] firmware_version is: 4.23.0
[2026-04-17 11:23:18.779] [53479] [HailoRT] [info] [control.cpp:113] [control__parse_identify_results] firmware_version is: 4.23.0
[2026-04-17 11:23:18.796] [53479] [HailoRT] [info] [core_op.cpp:156] [activate] Activating yolov11n took 17.514753 milliseconds. Note that the function is asynchronous and thus the network is not fully activated yet.
[2026-04-17 11:23:18.796] [53479] [HailoRT] [info] [core_op.cpp:156] [activate] Activating yolov11n took 17.536068 milliseconds. Note that the function is asynchronous and thus the network is not fully activated yet.
[2026-04-17 11:23:18.809] [53479] [HailoRT] [info] [control.cpp:113] [control__parse_identify_results] firmware_version is: 4.23.0
[2026-04-17 11:23:18.810] [53479] [HailoRT] [info] [control.cpp:113] [control__parse_identify_results] firmware_version is: 4.23.0
[2026-04-17 11:23:18.810] [53479] [HailoRT] [info] [edge_elements.cpp:52] [create] Created (HwWriteEl8yolov11n/input_layer1 | hw_frame_size: 1228800)
[2026-04-17 11:23:18.810] [53479] [HailoRT] [info] [queue_elements.cpp:284] [create] Created (PushQEl8yolov11n/input_layer1 | timeout: 10s)
[2026-04-17 11:23:18.810] [53479] [HailoRT] [info] [filter_elements.cpp:101] [create] Created (PreInferEl8yolov11n/input_layer1 | Reorder - src_order: NHWC, src_shape: (640, 640, 3), dst_order: NHCW, dst_shape: (640, 640, 3))
[2026-04-17 11:23:18.810] [53479] [HailoRT] [info] [vstream.cpp:754] [InputVStreamImpl] Creating yolov11n/input_layer1...
[2026-04-17 11:23:18.810] [53479] [HailoRT] [info] [vstream_builder.cpp:102] [create_inputs] Input pipeline 'yolov11n/input_layer1': (PreInferEl8yolov11n/input_layer1 | Reorder - src_order: NHWC, src_shape: (640, 640, 3), dst_order: NHCW, dst_shape: (640, 640, 3)) >> (PushQEl8yolov11n/input_layer1 | timeout: 10s) >> (HwWriteEl8yolov11n/input_layer1 | hw_frame_size: 1228800) >> HW
[2026-04-17 11:23:18.810] [53479] [HailoRT] [info] [multi_io_elements.cpp:135] [create] Created (NmsPPMuxEl0YOLOV8-Post-Process | Op YOLOV8, Name: YOLOV8-Post-Process, Score threshold: 0.200, IoU threshold: 0.70, Classes: 80, Max bboxes per class: 100, Image height: 640, Image width: 640)
[2026-04-17 11:23:18.810] [53479] [HailoRT] [info] [edge_elements.cpp:287] [create] Created (HwReadEl3yolov11n/conv51_143 | hw_frame_size: 409600)
[2026-04-17 11:23:18.810] [53479] [HailoRT] [info] [queue_elements.cpp:657] [create] Created (PullQEl_nms3yolov11n/conv51_143 | timeout: 10s)
[2026-04-17 11:23:18.810] [53479] [HailoRT] [info] [edge_elements.cpp:287] [create] Created (HwReadEl12yolov11n/conv54_143 | hw_frame_size: 512000)
[2026-04-17 11:23:18.810] [53479] [HailoRT] [info] [queue_elements.cpp:657] [create] Created (PullQEl_nms12yolov11n/conv54_143 | timeout: 10s)
[2026-04-17 11:23:18.810] [53479] [HailoRT] [info] [edge_elements.cpp:287] [create] Created (HwReadEl15yolov11n/conv62_143 | hw_frame_size: 102400)
[2026-04-17 11:23:18.810] [53479] [HailoRT] [info] [queue_elements.cpp:657] [create] Created (PullQEl_nms15yolov11n/conv62_143 | timeout: 10s)
[2026-04-17 11:23:18.810] [53479] [HailoRT] [info] [edge_elements.cpp:287] [create] Created (HwReadEl13yolov11n/conv65_143 | hw_frame_size: 128000)
[2026-04-17 11:23:18.810] [53479] [HailoRT] [info] [queue_elements.cpp:657] [create] Created (PullQEl_nms13yolov11n/conv65_143 | timeout: 10s)
[2026-04-17 11:23:18.810] [53479] [HailoRT] [info] [edge_elements.cpp:287] [create] Created (HwReadEl1yolov11n/conv77_143 | hw_frame_size: 30720)
[2026-04-17 11:23:18.810] [53479] [HailoRT] [info] [queue_elements.cpp:657] [create] Created (PullQEl_nms1yolov11n/conv77_143 | timeout: 10s)
[2026-04-17 11:23:18.810] [53479] [HailoRT] [info] [edge_elements.cpp:287] [create] Created (HwReadEl0yolov11n/conv80_143 | hw_frame_size: 38400)
[2026-04-17 11:23:18.810] [53479] [HailoRT] [info] [queue_elements.cpp:657] [create] Created (PullQEl_nms0yolov11n/conv80_143 | timeout: 10s)
[2026-04-17 11:23:18.810] [53479] [HailoRT] [info] [queue_elements.cpp:800] [create] Created (UserBufQEl_post_infer0yolov11n/yolov8_nms_postprocess | timeout: 10s)
[2026-04-17 11:23:18.810] [53479] [HailoRT] [info] [vstream.cpp:1114] [OutputVStreamImpl] Creating yolov11n/yolov8_nms_postprocess...
[2026-04-17 11:23:18.811] [53479] [HailoRT] [info] [vstream_builder.cpp:622] [create_output_post_process_nms] Output pipeline 'yolov11n/yolov8_nms_postprocess': HW >> (HwReadEl3yolov11n/conv51_143 | hw_frame_size: 409600) >> (PullQEl_nms3yolov11n/conv51_143) >> (HwReadEl12yolov11n/conv54_143 | hw_frame_size: 512000) >> (PullQEl_nms12yolov11n/conv54_143) >> (HwReadEl15yolov11n/conv62_143 | hw_frame_size: 102400) >> (PullQEl_nms15yolov11n/conv62_143) >> (HwReadEl13yolov11n/conv65_143 | hw_frame_size: 128000) >> (PullQEl_nms13yolov11n/conv65_143) >> (HwReadEl1yolov11n/conv77_143 | hw_frame_size: 30720) >> (PullQEl_nms1yolov11n/conv77_143) >> (HwReadEl0yolov11n/conv80_143 | hw_frame_size: 38400) >> (PullQEl_nms0yolov11n/conv80_143) >> (NmsPPMuxEl0YOLOV8-Post-Process | Op YOLOV8, Name: YOLOV8-Post-Process, Score threshold: 0.200, IoU threshold: 0.70, Classes: 80, Max bboxes per class: 100, Image height: 640, Image width: 640) >> (UserBufQEl_post_infer0yolov11n/yolov8_nms_postprocess | timeout: 10s)
[2026-04-17 11:24:18.811] [54497] [HailoRT] [info] [vdevice_native_stream.cpp:331] [read_impl] Failed read from stream HAILO_STREAM_ABORT(63) (device: 0001:01:00.0)
[2026-04-17 11:24:18.811] [54497] [HailoRT] [info] [edge_elements.cpp:396] [run_pull] Reading from stream was aborted!
[2026-04-17 11:24:18.811] [54495] [HailoRT] [info] [vdevice_native_stream.cpp:331] [read_impl] Failed read from stream HAILO_STREAM_ABORT(63) (device: 0001:01:00.0)
[2026-04-17 11:24:18.811] [54495] [HailoRT] [info] [edge_elements.cpp:396] [run_pull] Reading from stream was aborted!
[2026-04-17 11:24:18.811] [54497] [HailoRT] [info] [queue_elements.cpp:738] [run_in_thread] run_pull of queue element PullQEl_nms0yolov11n/conv80_143 was aborted!
[2026-04-17 11:24:18.811] [54495] [HailoRT] [info] [queue_elements.cpp:738] [run_in_thread] run_pull of queue element PullQEl_nms13yolov11n/conv65_143 was aborted!
[2026-04-17 11:24:18.811] [54494] [HailoRT] [info] [vdevice_native_stream.cpp:331] [read_impl] Failed read from stream HAILO_STREAM_ABORT(63) (device: 0001:01:00.0)
[2026-04-17 11:24:18.811] [54494] [HailoRT] [info] [edge_elements.cpp:396] [run_pull] Reading from stream was aborted!
[2026-04-17 11:24:18.811] [54496] [HailoRT] [info] [vdevice_native_stream.cpp:331] [read_impl] Failed read from stream HAILO_STREAM_ABORT(63) (device: 0001:01:00.0)
[2026-04-17 11:24:18.811] [54496] [HailoRT] [info] [edge_elements.cpp:396] [run_pull] Reading from stream was aborted!
[2026-04-17 11:24:18.811] [54494] [HailoRT] [info] [queue_elements.cpp:738] [run_in_thread] run_pull of queue element PullQEl_nms15yolov11n/conv62_143 was aborted!
[2026-04-17 11:24:18.811] [54496] [HailoRT] [info] [queue_elements.cpp:738] [run_in_thread] run_pull of queue element PullQEl_nms1yolov11n/conv77_143 was aborted!
[2026-04-17 11:24:18.811] [54492] [HailoRT] [info] [vdevice_native_stream.cpp:331] [read_impl] Failed read from stream HAILO_STREAM_ABORT(63) (device: 0001:01:00.0)
[2026-04-17 11:24:18.811] [54492] [HailoRT] [info] [edge_elements.cpp:396] [run_pull] Reading from stream was aborted!
[2026-04-17 11:24:18.811] [54492] [HailoRT] [info] [queue_elements.cpp:738] [run_in_thread] run_pull of queue element PullQEl_nms3yolov11n/conv51_143 was aborted!
[2026-04-17 11:24:18.811] [54493] [HailoRT] [info] [vdevice_native_stream.cpp:331] [read_impl] Failed read from stream HAILO_STREAM_ABORT(63) (device: 0001:01:00.0)
[2026-04-17 11:24:18.811] [54493] [HailoRT] [info] [edge_elements.cpp:396] [run_pull] Reading from stream was aborted!
[2026-04-17 11:24:18.811] [54501] [HailoRT] [info] [queue_elements.cpp:706] [run_pull] Shutdown event was signaled in dequeue of queue element PullQEl_nms3yolov11n/conv51_143!
[2026-04-17 11:24:18.811] [54493] [HailoRT] [info] [queue_elements.cpp:738] [run_in_thread] run_pull of queue element PullQEl_nms12yolov11n/conv54_143 was aborted!
[2026-04-17 11:24:18.811] [54501] [HailoRT] [info] [vstream.cpp:1138] [read] Receiving to VStream was shutdown!
[2026-04-17 11:24:18.812] [54491] [HailoRT] [info] [vdevice_native_stream.cpp:142] [write_impl] Failed write to stream yolov11n/input_layer1 (device: 0001:01:00.0) with status=HAILO_STREAM_ABORT(63)
[2026-04-17 11:24:18.812] [54491] [HailoRT] [info] [edge_elements.cpp:87] [run_push] Failed to send on input stream InputStream(index=8, name=yolov11n/input_layer1) because stream was aborted
[2026-04-17 11:24:18.812] [54491] [HailoRT] [info] [queue_elements.cpp:401] [run_in_thread] run_push of PushQEl8yolov11n/input_layer1 was aborted!
[2026-04-17 11:24:18.813] [54502] [HailoRT] [info] [queue_elements.cpp:319] [run_push] run_push of PushQEl8yolov11n/input_layer1 was aborted!
[2026-04-17 11:24:18.813] [54502] [HailoRT] [info] [filter_elements.cpp:35] [run_push] run_push of PreInferEl8yolov11n/input_layer1 was aborted!
[2026-04-17 11:24:18.813] [54502] [HailoRT] [info] [vstream.cpp:778] [write] Sending to VStream was aborted!
[2026-04-17 11:24:18.818] [53479] [HailoRT] [info] [queue_elements.cpp:360] [execute_deactivate] enqueue() in element PushQEl8yolov11n/input_layer1 was aborted, got status = HAILO_SHUTDOWN_EVENT_SIGNALED(57)
[2026-04-17 11:24:18.818] [54491] [HailoRT] [info] [queue_elements.cpp:68] [operator()] Thread in element PushQEl8yolov11n/input_layer1 is not running anymore, exiting..
[2026-04-17 11:24:18.818] [53479] [HailoRT] [info] [queue_elements.cpp:46] [~BaseQueueElement] Queue element PushQEl8yolov11n/input_layer1 has 0 frames in his Queue on destruction
[2026-04-17 11:24:18.819] [54498] [HailoRT] [info] [queue_elements.cpp:68] [operator()] Thread in element UserBufQEl_post_infer0yolov11n/yolov8_nms_postprocess is not running anymore, exiting..
[2026-04-17 11:24:18.819] [53479] [HailoRT] [info] [queue_elements.cpp:46] [~BaseQueueElement] Queue element UserBufQEl_post_infer0yolov11n/yolov8_nms_postprocess has 0 frames in his Queue on destruction
[2026-04-17 11:24:18.819] [54497] [HailoRT] [info] [queue_elements.cpp:68] [operator()] Thread in element PullQEl_nms0yolov11n/conv80_143 is not running anymore, exiting..
[2026-04-17 11:24:18.819] [53479] [HailoRT] [info] [queue_elements.cpp:46] [~BaseQueueElement] Queue element PullQEl_nms0yolov11n/conv80_143 has 0 frames in his Queue on destruction
[2026-04-17 11:24:18.819] [54496] [HailoRT] [info] [queue_elements.cpp:68] [operator()] Thread in element PullQEl_nms1yolov11n/conv77_143 is not running anymore, exiting..
[2026-04-17 11:24:18.819] [53479] [HailoRT] [info] [queue_elements.cpp:46] [~BaseQueueElement] Queue element PullQEl_nms1yolov11n/conv77_143 has 0 frames in his Queue on destruction
[2026-04-17 11:24:18.819] [54495] [HailoRT] [info] [queue_elements.cpp:68] [operator()] Thread in element PullQEl_nms13yolov11n/conv65_143 is not running anymore, exiting..
[2026-04-17 11:24:18.819] [53479] [HailoRT] [info] [queue_elements.cpp:46] [~BaseQueueElement] Queue element PullQEl_nms13yolov11n/conv65_143 has 0 frames in his Queue on destruction
[2026-04-17 11:24:18.819] [54494] [HailoRT] [info] [queue_elements.cpp:68] [operator()] Thread in element PullQEl_nms15yolov11n/conv62_143 is not running anymore, exiting..
[2026-04-17 11:24:18.819] [53479] [HailoRT] [info] [queue_elements.cpp:46] [~BaseQueueElement] Queue element PullQEl_nms15yolov11n/conv62_143 has 0 frames in his Queue on destruction
[2026-04-17 11:24:18.819] [54493] [HailoRT] [info] [queue_elements.cpp:68] [operator()] Thread in element PullQEl_nms12yolov11n/conv54_143 is not running anymore, exiting..
[2026-04-17 11:24:18.819] [53479] [HailoRT] [info] [queue_elements.cpp:46] [~BaseQueueElement] Queue element PullQEl_nms12yolov11n/conv54_143 has 0 frames in his Queue on destruction
[2026-04-17 11:24:18.819] [54492] [HailoRT] [info] [queue_elements.cpp:68] [operator()] Thread in element PullQEl_nms3yolov11n/conv51_143 is not running anymore, exiting..
[2026-04-17 11:24:18.819] [53479] [HailoRT] [info] [queue_elements.cpp:46] [~BaseQueueElement] Queue element PullQEl_nms3yolov11n/conv51_143 has 0 frames in his Queue on destruction
[2026-04-17 11:24:18.819] [53479] [HailoRT] [info] [core_op.cpp:186] [deactivate] Deactivating took 0.007185 ms
[2026-04-17 11:24:18.819] [53479] [HailoRT] [info] [core_op.cpp:186] [deactivate] Deactivating took 0.016203 ms
[2026-04-17 11:24:29.161] [55020] [HailoRT] [info] [vdevice.cpp:535] [create] Creating vdevice with params: device_count: 1, scheduling_algorithm: NONE, multi_process_service: false
[2026-04-17 11:24:29.174] [55020] [HailoRT] [info] [device.cpp:51] [Device] OS Version: Linux 6.12.75+rpt-rpi-2712 #1 SMP PREEMPT Debian 1:6.12.75-1+rpt1 (2026-03-11) aarch64
[2026-04-17 11:24:29.174] [55020] [HailoRT] [info] [control.cpp:113] [control__parse_identify_results] firmware_version is: 4.23.0
[2026-04-17 11:24:29.174] [55020] [HailoRT] [info] [vdevice.cpp:682] [create] VDevice Infos: 0001:01:00.0
[2026-04-17 11:24:29.189] [55020] [HailoRT] [info] [internal_buffer_manager.cpp:77] [print_execution_results] Planned internal buffer memory: CMA=0 CMA-Desc=1441792 Pinned=42396160. memory to edge layer usage factor is 1
[2026-04-17 11:24:29.189] [55020] [HailoRT] [info] [internal_buffer_manager.cpp:86] [print_execution_results] Default Internal buffer planner executed successfully
[2026-04-17 11:24:29.269] [55020] [HailoRT] [info] [device_internal.cpp:57] [configure] Configuring HEF took 95.044676 milliseconds
[2026-04-17 11:24:29.270] [55020] [HailoRT] [info] [vdevice.cpp:780] [configure] Configuring HEF on VDevice took 95.438378 milliseconds
[2026-04-17 11:24:29.270] [55020] [HailoRT] [info] [control.cpp:113] [control__parse_identify_results] firmware_version is: 4.23.0
[2026-04-17 11:24:29.270] [55020] [HailoRT] [info] [control.cpp:113] [control__parse_identify_results] firmware_version is: 4.23.0
[2026-04-17 11:24:29.289] [55020] [HailoRT] [info] [core_op.cpp:156] [activate] Activating yolov11n took 18.878362 milliseconds. Note that the function is asynchronous and thus the network is not fully activated yet.
[2026-04-17 11:24:29.289] [55020] [HailoRT] [info] [core_op.cpp:156] [activate] Activating yolov11n took 18.906528 milliseconds. Note that the function is asynchronous and thus the network is not fully activated yet.
[2026-04-17 11:24:29.303] [55020] [HailoRT] [info] [control.cpp:113] [control__parse_identify_results] firmware_version is: 4.23.0
[2026-04-17 11:24:29.303] [55020] [HailoRT] [info] [control.cpp:113] [control__parse_identify_results] firmware_version is: 4.23.0
[2026-04-17 11:24:30.589] [55012] [HailoRT] [info] [device.cpp:51] [Device] OS Version: Linux 6.12.75+rpt-rpi-2712 #1 SMP PREEMPT Debian 1:6.12.75-1+rpt1 (2026-03-11) aarch64
[2026-04-17 11:24:30.590] [55012] [HailoRT] [info] [control.cpp:113] [control__parse_identify_results] firmware_version is: 4.23.0
[2026-04-17 11:24:30.591] [55012] [HailoRT] [info] [control.cpp:113] [control__parse_identify_results] firmware_version is: 4.23.0
[2026-04-17 11:25:29.303] [55034] [HailoRT] [info] [vdevice_native_stream.cpp:331] [read_impl] Failed read from stream HAILO_STREAM_ABORT(63) (device: 0001:01:00.0)
[2026-04-17 11:25:29.303] [55032] [HailoRT] [info] [vdevice_native_stream.cpp:331] [read_impl] Failed read from stream HAILO_STREAM_ABORT(63) (device: 0001:01:00.0)
[2026-04-17 11:25:29.304] [55029] [HailoRT] [info] [vdevice_native_stream.cpp:331] [read_impl] Failed read from stream HAILO_STREAM_ABORT(63) (device: 0001:01:00.0)
[2026-04-17 11:25:29.304] [55031] [HailoRT] [info] [vdevice_native_stream.cpp:331] [read_impl] Failed read from stream HAILO_STREAM_ABORT(63) (device: 0001:01:00.0)
[2026-04-17 11:25:29.304] [55030] [HailoRT] [info] [vdevice_native_stream.cpp:331] [read_impl] Failed read from stream HAILO_STREAM_ABORT(63) (device: 0001:01:00.0)
[2026-04-17 11:25:29.304] [55033] [HailoRT] [info] [vdevice_native_stream.cpp:331] [read_impl] Failed read from stream HAILO_STREAM_ABORT(63) (device: 0001:01:00.0)
[2026-04-17 11:25:29.304] [55035] [HailoRT] [info] [vdevice_native_stream.cpp:142] [write_impl] Failed write to stream yolov11n/input_layer1 (device: 0001:01:00.0) with status=HAILO_STREAM_ABORT(63)
[2026-04-17 11:25:29.312] [55020] [HailoRT] [info] [core_op.cpp:186] [deactivate] Deactivating took 0.007 ms
[2026-04-17 11:25:29.312] [55020] [HailoRT] [info] [core_op.cpp:186] [deactivate] Deactivating took 0.023018 ms
[2026-04-17 11:25:29.372] [55020] [HailoRT] [info] [vdevice.cpp:535] [create] Creating vdevice with params: device_count: 1, scheduling_algorithm: NONE, multi_process_service: false
[2026-04-17 11:25:29.372] [55020] [HailoRT] [info] [device.cpp:51] [Device] OS Version: Linux 6.12.75+rpt-rpi-2712 #1 SMP PREEMPT Debian 1:6.12.75-1+rpt1 (2026-03-11) aarch64
[2026-04-17 11:25:29.372] [55020] [HailoRT] [info] [control.cpp:113] [control__parse_identify_results] firmware_version is: 4.23.0
[2026-04-17 11:25:29.372] [55020] [HailoRT] [info] [vdevice.cpp:682] [create] VDevice Infos: 0001:01:00.0
[2026-04-17 11:25:29.389] [55020] [HailoRT] [info] [internal_buffer_manager.cpp:77] [print_execution_results] Planned internal buffer memory: CMA=0 CMA-Desc=1441792 Pinned=42396160. memory to edge layer usage factor is 1
[2026-04-17 11:25:29.389] [55020] [HailoRT] [info] [internal_buffer_manager.cpp:86] [print_execution_results] Default Internal buffer planner executed successfully
[2026-04-17 11:25:29.480] [55020] [HailoRT] [info] [device_internal.cpp:57] [configure] Configuring HEF took 107.44678 milliseconds
[2026-04-17 11:25:29.480] [55020] [HailoRT] [info] [vdevice.cpp:780] [configure] Configuring HEF on VDevice took 107.814371 milliseconds
[2026-04-17 11:25:29.481] [55020] [HailoRT] [info] [control.cpp:113] [control__parse_identify_results] firmware_version is: 4.23.0
[2026-04-17 11:25:29.481] [55020] [HailoRT] [info] [control.cpp:113] [control__parse_identify_results] firmware_version is: 4.23.0
[2026-04-17 11:25:29.499] [55020] [HailoRT] [info] [core_op.cpp:156] [activate] Activating yolov11n took 18.459793 milliseconds. Note that the function is asynchronous and thus the network is not fully activated yet.
[2026-04-17 11:25:29.499] [55020] [HailoRT] [info] [core_op.cpp:156] [activate] Activating yolov11n took 18.483442 milliseconds. Note that the function is asynchronous and thus the network is not fully activated yet.
[2026-04-17 11:25:29.512] [55020] [HailoRT] [info] [control.cpp:113] [control__parse_identify_results] firmware_version is: 4.23.0
[2026-04-17 11:25:29.513] [55020] [HailoRT] [info] [control.cpp:113] [control__parse_identify_results] firmware_version is: 4.23.0
[2026-04-17 11:25:29.513] [55020] [HailoRT] [info] [edge_elements.cpp:52] [create] Created (HwWriteEl8yolov11n/input_layer1 | hw_frame_size: 1228800)
[2026-04-17 11:25:29.513] [55020] [HailoRT] [info] [queue_elements.cpp:284] [create] Created (PushQEl8yolov11n/input_layer1 | timeout: 10s)
[2026-04-17 11:25:29.513] [55020] [HailoRT] [info] [filter_elements.cpp:101] [create] Created (PreInferEl8yolov11n/input_layer1 | Reorder - src_order: NHWC, src_shape: (640, 640, 3), dst_order: NHCW, dst_shape: (640, 640, 3))
[2026-04-17 11:25:29.513] [55020] [HailoRT] [info] [vstream.cpp:754] [InputVStreamImpl] Creating yolov11n/input_layer1...
[2026-04-17 11:25:29.513] [55020] [HailoRT] [info] [vstream_builder.cpp:102] [create_inputs] Input pipeline 'yolov11n/input_layer1': (PreInferEl8yolov11n/input_layer1 | Reorder - src_order: NHWC, src_shape: (640, 640, 3), dst_order: NHCW, dst_shape: (640, 640, 3)) >> (PushQEl8yolov11n/input_layer1 | timeout: 10s) >> (HwWriteEl8yolov11n/input_layer1 | hw_frame_size: 1228800) >> HW
[2026-04-17 11:25:29.513] [55020] [HailoRT] [info] [multi_io_elements.cpp:135] [create] Created (NmsPPMuxEl0YOLOV8-Post-Process | Op YOLOV8, Name: YOLOV8-Post-Process, Score threshold: 0.200, IoU threshold: 0.70, Classes: 80, Max bboxes per class: 100, Image height: 640, Image width: 640)
[2026-04-17 11:25:29.513] [55020] [HailoRT] [info] [edge_elements.cpp:287] [create] Created (HwReadEl3yolov11n/conv51_143 | hw_frame_size: 409600)
[2026-04-17 11:25:29.513] [55020] [HailoRT] [info] [queue_elements.cpp:657] [create] Created (PullQEl_nms3yolov11n/conv51_143 | timeout: 10s)
[2026-04-17 11:25:29.513] [55020] [HailoRT] [info] [edge_elements.cpp:287] [create] Created (HwReadEl12yolov11n/conv54_143 | hw_frame_size: 512000)
[2026-04-17 11:25:29.514] [55020] [HailoRT] [info] [queue_elements.cpp:657] [create] Created (PullQEl_nms12yolov11n/conv54_143 | timeout: 10s)
[2026-04-17 11:25:29.514] [55020] [HailoRT] [info] [edge_elements.cpp:287] [create] Created (HwReadEl15yolov11n/conv62_143 | hw_frame_size: 102400)
[2026-04-17 11:25:29.514] [55020] [HailoRT] [info] [queue_elements.cpp:657] [create] Created (PullQEl_nms15yolov11n/conv62_143 | timeout: 10s)
[2026-04-17 11:25:29.514] [55020] [HailoRT] [info] [edge_elements.cpp:287] [create] Created (HwReadEl13yolov11n/conv65_143 | hw_frame_size: 128000)
[2026-04-17 11:25:29.514] [55020] [HailoRT] [info] [queue_elements.cpp:657] [create] Created (PullQEl_nms13yolov11n/conv65_143 | timeout: 10s)
[2026-04-17 11:25:29.514] [55020] [HailoRT] [info] [edge_elements.cpp:287] [create] Created (HwReadEl1yolov11n/conv77_143 | hw_frame_size: 30720)
[2026-04-17 11:25:29.514] [55020] [HailoRT] [info] [queue_elements.cpp:657] [create] Created (PullQEl_nms1yolov11n/conv77_143 | timeout: 10s)
[2026-04-17 11:25:29.514] [55020] [HailoRT] [info] [edge_elements.cpp:287] [create] Created (HwReadEl0yolov11n/conv80_143 | hw_frame_size: 38400)
[2026-04-17 11:25:29.514] [55020] [HailoRT] [info] [queue_elements.cpp:657] [create] Created (PullQEl_nms0yolov11n/conv80_143 | timeout: 10s)
[2026-04-17 11:25:29.514] [55020] [HailoRT] [info] [queue_elements.cpp:800] [create] Created (UserBufQEl_post_infer0yolov11n/yolov8_nms_postprocess | timeout: 10s)
[2026-04-17 11:25:29.514] [55020] [HailoRT] [info] [vstream.cpp:1114] [OutputVStreamImpl] Creating yolov11n/yolov8_nms_postprocess...
[2026-04-17 11:25:29.514] [55020] [HailoRT] [info] [vstream_builder.cpp:622] [create_output_post_process_nms] Output pipeline 'yolov11n/yolov8_nms_postprocess': HW >> (HwReadEl3yolov11n/conv51_143 | hw_frame_size: 409600) >> (PullQEl_nms3yolov11n/conv51_143) >> (HwReadEl12yolov11n/conv54_143 | hw_frame_size: 512000) >> (PullQEl_nms12yolov11n/conv54_143) >> (HwReadEl15yolov11n/conv62_143 | hw_frame_size: 102400) >> (PullQEl_nms15yolov11n/conv62_143) >> (HwReadEl13yolov11n/conv65_143 | hw_frame_size: 128000) >> (PullQEl_nms13yolov11n/conv65_143) >> (HwReadEl1yolov11n/conv77_143 | hw_frame_size: 30720) >> (PullQEl_nms1yolov11n/conv77_143) >> (HwReadEl0yolov11n/conv80_143 | hw_frame_size: 38400) >> (PullQEl_nms0yolov11n/conv80_143) >> (NmsPPMuxEl0YOLOV8-Post-Process | Op YOLOV8, Name: YOLOV8-Post-Process, Score threshold: 0.200, IoU threshold: 0.70, Classes: 80, Max bboxes per class: 100, Image height: 640, Image width: 640) >> (UserBufQEl_post_infer0yolov11n/yolov8_nms_postprocess | timeout: 10s)
[2026-04-17 11:26:29.514] [55548] [HailoRT] [info] [vdevice_native_stream.cpp:142] [write_impl] Failed write to stream yolov11n/input_layer1 (device: 0001:01:00.0) with status=HAILO_STREAM_ABORT(63)
[2026-04-17 11:26:29.514] [55552] [HailoRT] [info] [vdevice_native_stream.cpp:331] [read_impl] Failed read from stream HAILO_STREAM_ABORT(63) (device: 0001:01:00.0)
[2026-04-17 11:26:29.514] [55552] [HailoRT] [info] [edge_elements.cpp:396] [run_pull] Reading from stream was aborted!
[2026-04-17 11:26:29.514] [55548] [HailoRT] [info] [edge_elements.cpp:87] [run_push] Failed to send on input stream InputStream(index=8, name=yolov11n/input_layer1) because stream was aborted
[2026-04-17 11:26:29.514] [55548] [HailoRT] [info] [queue_elements.cpp:401] [run_in_thread] run_push of PushQEl8yolov11n/input_layer1 was aborted!
[2026-04-17 11:26:29.514] [55552] [HailoRT] [info] [queue_elements.cpp:738] [run_in_thread] run_pull of queue element PullQEl_nms13yolov11n/conv65_143 was aborted!
[2026-04-17 11:26:29.514] [55549] [HailoRT] [info] [vdevice_native_stream.cpp:331] [read_impl] Failed read from stream HAILO_STREAM_ABORT(63) (device: 0001:01:00.0)
[2026-04-17 11:26:29.514] [55549] [HailoRT] [info] [edge_elements.cpp:396] [run_pull] Reading from stream was aborted!
[2026-04-17 11:26:29.514] [55550] [HailoRT] [info] [vdevice_native_stream.cpp:331] [read_impl] Failed read from stream HAILO_STREAM_ABORT(63) (device: 0001:01:00.0)
[2026-04-17 11:26:29.514] [55550] [HailoRT] [info] [edge_elements.cpp:396] [run_pull] Reading from stream was aborted!
[2026-04-17 11:26:29.514] [55549] [HailoRT] [info] [queue_elements.cpp:738] [run_in_thread] run_pull of queue element PullQEl_nms3yolov11n/conv51_143 was aborted!
[2026-04-17 11:26:29.514] [55550] [HailoRT] [info] [queue_elements.cpp:738] [run_in_thread] run_pull of queue element PullQEl_nms12yolov11n/conv54_143 was aborted!
[2026-04-17 11:26:29.514] [55551] [HailoRT] [info] [vdevice_native_stream.cpp:331] [read_impl] Failed read from stream HAILO_STREAM_ABORT(63) (device: 0001:01:00.0)
[2026-04-17 11:26:29.514] [55551] [HailoRT] [info] [edge_elements.cpp:396] [run_pull] Reading from stream was aborted!
[2026-04-17 11:26:29.514] [55551] [HailoRT] [info] [queue_elements.cpp:738] [run_in_thread] run_pull of queue element PullQEl_nms15yolov11n/conv62_143 was aborted!
[2026-04-17 11:26:29.514] [55553] [HailoRT] [info] [vdevice_native_stream.cpp:331] [read_impl] Failed read from stream HAILO_STREAM_ABORT(63) (device: 0001:01:00.0)
[2026-04-17 11:26:29.514] [55553] [HailoRT] [info] [edge_elements.cpp:396] [run_pull] Reading from stream was aborted!
[2026-04-17 11:26:29.514] [55553] [HailoRT] [info] [queue_elements.cpp:738] [run_in_thread] run_pull of queue element PullQEl_nms1yolov11n/conv77_143 was aborted!
[2026-04-17 11:26:29.514] [55554] [HailoRT] [info] [vdevice_native_stream.cpp:331] [read_impl] Failed read from stream HAILO_STREAM_ABORT(63) (device: 0001:01:00.0)
[2026-04-17 11:26:29.514] [55554] [HailoRT] [info] [edge_elements.cpp:396] [run_pull] Reading from stream was aborted!
[2026-04-17 11:26:29.514] [55554] [HailoRT] [info] [queue_elements.cpp:738] [run_in_thread] run_pull of queue element PullQEl_nms0yolov11n/conv80_143 was aborted!
[2026-04-17 11:26:29.515] [55558] [HailoRT] [info] [queue_elements.cpp:706] [run_pull] Shutdown event was signaled in dequeue of queue element PullQEl_nms3yolov11n/conv51_143!
[2026-04-17 11:26:29.515] [55558] [HailoRT] [info] [vstream.cpp:1138] [read] Receiving to VStream was shutdown!
[2026-04-17 11:26:29.515] [55559] [HailoRT] [info] [queue_elements.cpp:319] [run_push] run_push of PushQEl8yolov11n/input_layer1 was aborted!
[2026-04-17 11:26:29.515] [55559] [HailoRT] [info] [filter_elements.cpp:35] [run_push] run_push of PreInferEl8yolov11n/input_layer1 was aborted!
[2026-04-17 11:26:29.515] [55559] [HailoRT] [info] [vstream.cpp:778] [write] Sending to VStream was aborted!
[2026-04-17 11:26:29.522] [55020] [HailoRT] [info] [queue_elements.cpp:360] [execute_deactivate] enqueue() in element PushQEl8yolov11n/input_layer1 was aborted, got status = HAILO_SHUTDOWN_EVENT_SIGNALED(57)
[2026-04-17 11:26:29.523] [55548] [HailoRT] [info] [queue_elements.cpp:68] [operator()] Thread in element PushQEl8yolov11n/input_layer1 is not running anymore, exiting..
[2026-04-17 11:26:29.523] [55020] [HailoRT] [info] [queue_elements.cpp:46] [~BaseQueueElement] Queue element PushQEl8yolov11n/input_layer1 has 0 frames in his Queue on destruction
[2026-04-17 11:26:29.523] [55555] [HailoRT] [info] [queue_elements.cpp:68] [operator()] Thread in element UserBufQEl_post_infer0yolov11n/yolov8_nms_postprocess is not running anymore, exiting..
[2026-04-17 11:26:29.523] [55020] [HailoRT] [info] [queue_elements.cpp:46] [~BaseQueueElement] Queue element UserBufQEl_post_infer0yolov11n/yolov8_nms_postprocess has 0 frames in his Queue on destruction
[2026-04-17 11:26:29.523] [55554] [HailoRT] [info] [queue_elements.cpp:68] [operator()] Thread in element PullQEl_nms0yolov11n/conv80_143 is not running anymore, exiting..
[2026-04-17 11:26:29.523] [55020] [HailoRT] [info] [queue_elements.cpp:46] [~BaseQueueElement] Queue element PullQEl_nms0yolov11n/conv80_143 has 0 frames in his Queue on destruction
[2026-04-17 11:26:29.523] [55553] [HailoRT] [info] [queue_elements.cpp:68] [operator()] Thread in element PullQEl_nms1yolov11n/conv77_143 is not running anymore, exiting..
[2026-04-17 11:26:29.523] [55020] [HailoRT] [info] [queue_elements.cpp:46] [~BaseQueueElement] Queue element PullQEl_nms1yolov11n/conv77_143 has 0 frames in his Queue on destruction
[2026-04-17 11:26:29.523] [55552] [HailoRT] [info] [queue_elements.cpp:68] [operator()] Thread in element PullQEl_nms13yolov11n/conv65_143 is not running anymore, exiting..
[2026-04-17 11:26:29.523] [55020] [HailoRT] [info] [queue_elements.cpp:46] [~BaseQueueElement] Queue element PullQEl_nms13yolov11n/conv65_143 has 0 frames in his Queue on destruction
[2026-04-17 11:26:29.523] [55551] [HailoRT] [info] [queue_elements.cpp:68] [operator()] Thread in element PullQEl_nms15yolov11n/conv62_143 is not running anymore, exiting..
[2026-04-17 11:26:29.523] [55020] [HailoRT] [info] [queue_elements.cpp:46] [~BaseQueueElement] Queue element PullQEl_nms15yolov11n/conv62_143 has 0 frames in his Queue on destruction
[2026-04-17 11:26:29.523] [55550] [HailoRT] [info] [queue_elements.cpp:68] [operator()] Thread in element PullQEl_nms12yolov11n/conv54_143 is not running anymore, exiting..
[2026-04-17 11:26:29.523] [55020] [HailoRT] [info] [queue_elements.cpp:46] [~BaseQueueElement] Queue element PullQEl_nms12yolov11n/conv54_143 has 0 frames in his Queue on destruction
[2026-04-17 11:26:29.523] [55549] [HailoRT] [info] [queue_elements.cpp:68] [operator()] Thread in element PullQEl_nms3yolov11n/conv51_143 is not running anymore, exiting..
[2026-04-17 11:26:29.523] [55020] [HailoRT] [info] [queue_elements.cpp:46] [~BaseQueueElement] Queue element PullQEl_nms3yolov11n/conv51_143 has 0 frames in his Queue on destruction
[2026-04-17 11:26:29.523] [55020] [HailoRT] [info] [core_op.cpp:186] [deactivate] Deactivating took 0.007537 ms
[2026-04-17 11:26:29.523] [55020] [HailoRT] [info] [core_op.cpp:186] [deactivate] Deactivating took 0.016796 ms
[2026-04-17 11:26:29.576] [55020] [HailoRT] [info] [vdevice.cpp:535] [create] Creating vdevice with params: device_count: 1, scheduling_algorithm: NONE, multi_process_service: false
[2026-04-17 11:26:29.576] [55020] [HailoRT] [info] [device.cpp:51] [Device] OS Version: Linux 6.12.75+rpt-rpi-2712 #1 SMP PREEMPT Debian 1:6.12.75-1+rpt1 (2026-03-11) aarch64
[2026-04-17 11:26:29.576] [55020] [HailoRT] [info] [control.cpp:113] [control__parse_identify_results] firmware_version is: 4.23.0
[2026-04-17 11:26:29.576] [55020] [HailoRT] [info] [vdevice.cpp:682] [create] VDevice Infos: 0001:01:00.0
[2026-04-17 11:26:29.603] [55020] [HailoRT] [info] [internal_buffer_manager.cpp:77] [print_execution_results] Planned internal buffer memory: CMA=0 CMA-Desc=1441792 Pinned=42396160. memory to edge layer usage factor is 1
[2026-04-17 11:26:29.603] [55020] [HailoRT] [info] [internal_buffer_manager.cpp:86] [print_execution_results] Default Internal buffer planner executed successfully
[2026-04-17 11:26:29.686] [55020] [HailoRT] [info] [device_internal.cpp:57] [configure] Configuring HEF took 109.747697 milliseconds
[2026-04-17 11:26:29.686] [55020] [HailoRT] [info] [vdevice.cpp:780] [configure] Configuring HEF on VDevice took 110.120306 milliseconds
[2026-04-17 11:26:29.687] [55020] [HailoRT] [info] [control.cpp:113] [control__parse_identify_results] firmware_version is: 4.23.0
[2026-04-17 11:26:29.687] [55020] [HailoRT] [info] [control.cpp:113] [control__parse_identify_results] firmware_version is: 4.23.0
[2026-04-17 11:26:29.704] [55020] [HailoRT] [info] [core_op.cpp:156] [activate] Activating yolov11n took 17.400859 milliseconds. Note that the function is asynchronous and thus the network is not fully activated yet.
[2026-04-17 11:26:29.704] [55020] [HailoRT] [info] [core_op.cpp:156] [activate] Activating yolov11n took 17.422877 milliseconds. Note that the function is asynchronous and thus the network is not fully activated yet.
[2026-04-17 11:26:29.717] [55020] [HailoRT] [info] [control.cpp:113] [control__parse_identify_results] firmware_version is: 4.23.0
[2026-04-17 11:26:29.718] [55020] [HailoRT] [info] [control.cpp:113] [control__parse_identify_results] firmware_version is: 4.23.0
[2026-04-17 11:26:29.718] [55020] [HailoRT] [info] [edge_elements.cpp:52] [create] Created (HwWriteEl8yolov11n/input_layer1 | hw_frame_size: 1228800)
[2026-04-17 11:26:29.718] [55020] [HailoRT] [info] [queue_elements.cpp:284] [create] Created (PushQEl8yolov11n/input_layer1 | timeout: 10s)
[2026-04-17 11:26:29.718] [55020] [HailoRT] [info] [filter_elements.cpp:101] [create] Created (PreInferEl8yolov11n/input_layer1 | Reorder - src_order: NHWC, src_shape: (640, 640, 3), dst_order: NHCW, dst_shape: (640, 640, 3))
[2026-04-17 11:26:29.718] [55020] [HailoRT] [info] [vstream.cpp:754] [InputVStreamImpl] Creating yolov11n/input_layer1...
[2026-04-17 11:26:29.718] [55020] [HailoRT] [info] [vstream_builder.cpp:102] [create_inputs] Input pipeline 'yolov11n/input_layer1': (PreInferEl8yolov11n/input_layer1 | Reorder - src_order: NHWC, src_shape: (640, 640, 3), dst_order: NHCW, dst_shape: (640, 640, 3)) >> (PushQEl8yolov11n/input_layer1 | timeout: 10s) >> (HwWriteEl8yolov11n/input_layer1 | hw_frame_size: 1228800) >> HW
[2026-04-17 11:26:29.718] [55020] [HailoRT] [info] [multi_io_elements.cpp:135] [create] Created (NmsPPMuxEl0YOLOV8-Post-Process | Op YOLOV8, Name: YOLOV8-Post-Process, Score threshold: 0.200, IoU threshold: 0.70, Classes: 80, Max bboxes per class: 100, Image height: 640, Image width: 640)
[2026-04-17 11:26:29.718] [55020] [HailoRT] [info] [edge_elements.cpp:287] [create] Created (HwReadEl3yolov11n/conv51_143 | hw_frame_size: 409600)
[2026-04-17 11:26:29.718] [55020] [HailoRT] [info] [queue_elements.cpp:657] [create] Created (PullQEl_nms3yolov11n/conv51_143 | timeout: 10s)
[2026-04-17 11:26:29.718] [55020] [HailoRT] [info] [edge_elements.cpp:287] [create] Created (HwReadEl12yolov11n/conv54_143 | hw_frame_size: 512000)
[2026-04-17 11:26:29.718] [55020] [HailoRT] [info] [queue_elements.cpp:657] [create] Created (PullQEl_nms12yolov11n/conv54_143 | timeout: 10s)
[2026-04-17 11:26:29.718] [55020] [HailoRT] [info] [edge_elements.cpp:287] [create] Created (HwReadEl15yolov11n/conv62_143 | hw_frame_size: 102400)
[2026-04-17 11:26:29.718] [55020] [HailoRT] [info] [queue_elements.cpp:657] [create] Created (PullQEl_nms15yolov11n/conv62_143 | timeout: 10s)
[2026-04-17 11:26:29.718] [55020] [HailoRT] [info] [edge_elements.cpp:287] [create] Created (HwReadEl13yolov11n/conv65_143 | hw_frame_size: 128000)
[2026-04-17 11:26:29.718] [55020] [HailoRT] [info] [queue_elements.cpp:657] [create] Created (PullQEl_nms13yolov11n/conv65_143 | timeout: 10s)
[2026-04-17 11:26:29.718] [55020] [HailoRT] [info] [edge_elements.cpp:287] [create] Created (HwReadEl1yolov11n/conv77_143 | hw_frame_size: 30720)
[2026-04-17 11:26:29.719] [55020] [HailoRT] [info] [queue_elements.cpp:657] [create] Created (PullQEl_nms1yolov11n/conv77_143 | timeout: 10s)
[2026-04-17 11:26:29.719] [55020] [HailoRT] [info] [edge_elements.cpp:287] [create] Created (HwReadEl0yolov11n/conv80_143 | hw_frame_size: 38400)
[2026-04-17 11:26:29.719] [55020] [HailoRT] [info] [queue_elements.cpp:657] [create] Created (PullQEl_nms0yolov11n/conv80_143 | timeout: 10s)
[2026-04-17 11:26:29.719] [55020] [HailoRT] [info] [queue_elements.cpp:800] [create] Created (UserBufQEl_post_infer0yolov11n/yolov8_nms_postprocess | timeout: 10s)
[2026-04-17 11:26:29.719] [55020] [HailoRT] [info] [vstream.cpp:1114] [OutputVStreamImpl] Creating yolov11n/yolov8_nms_postprocess...
[2026-04-17 11:26:29.719] [55020] [HailoRT] [info] [vstream_builder.cpp:622] [create_output_post_process_nms] Output pipeline 'yolov11n/yolov8_nms_postprocess': HW >> (HwReadEl3yolov11n/conv51_143 | hw_frame_size: 409600) >> (PullQEl_nms3yolov11n/conv51_143) >> (HwReadEl12yolov11n/conv54_143 | hw_frame_size: 512000) >> (PullQEl_nms12yolov11n/conv54_143) >> (HwReadEl15yolov11n/conv62_143 | hw_frame_size: 102400) >> (PullQEl_nms15yolov11n/conv62_143) >> (HwReadEl13yolov11n/conv65_143 | hw_frame_size: 128000) >> (PullQEl_nms13yolov11n/conv65_143) >> (HwReadEl1yolov11n/conv77_143 | hw_frame_size: 30720) >> (PullQEl_nms1yolov11n/conv77_143) >> (HwReadEl0yolov11n/conv80_143 | hw_frame_size: 38400) >> (PullQEl_nms0yolov11n/conv80_143) >> (NmsPPMuxEl0YOLOV8-Post-Process | Op YOLOV8, Name: YOLOV8-Post-Process, Score threshold: 0.200, IoU threshold: 0.70, Classes: 80, Max bboxes per class: 100, Image height: 640, Image width: 640) >> (UserBufQEl_post_infer0yolov11n/yolov8_nms_postprocess | timeout: 10s)
[2026-04-17 11:27:29.719] [56035] [HailoRT] [info] [vdevice_native_stream.cpp:331] [read_impl] Failed read from stream HAILO_STREAM_ABORT(63) (device: 0001:01:00.0)
[2026-04-17 11:27:29.719] [56035] [HailoRT] [info] [edge_elements.cpp:396] [run_pull] Reading from stream was aborted!
[2026-04-17 11:27:29.719] [56035] [HailoRT] [info] [queue_elements.cpp:738] [run_in_thread] run_pull of queue element PullQEl_nms12yolov11n/conv54_143 was aborted!
[2026-04-17 11:27:29.719] [56034] [HailoRT] [info] [vdevice_native_stream.cpp:331] [read_impl] Failed read from stream HAILO_STREAM_ABORT(63) (device: 0001:01:00.0)
[2026-04-17 11:27:29.719] [56034] [HailoRT] [info] [edge_elements.cpp:396] [run_pull] Reading from stream was aborted!
[2026-04-17 11:27:29.719] [56034] [HailoRT] [info] [queue_elements.cpp:738] [run_in_thread] run_pull of queue element PullQEl_nms3yolov11n/conv51_143 was aborted!
[2026-04-17 11:27:29.719] [56038] [HailoRT] [info] [vdevice_native_stream.cpp:331] [read_impl] Failed read from stream HAILO_STREAM_ABORT(63) (device: 0001:01:00.0)
[2026-04-17 11:27:29.719] [56038] [HailoRT] [info] [edge_elements.cpp:396] [run_pull] Reading from stream was aborted!
[2026-04-17 11:27:29.719] [56043] [HailoRT] [info] [queue_elements.cpp:706] [run_pull] Shutdown event was signaled in dequeue of queue element PullQEl_nms3yolov11n/conv51_143!
[2026-04-17 11:27:29.719] [56038] [HailoRT] [info] [queue_elements.cpp:738] [run_in_thread] run_pull of queue element PullQEl_nms1yolov11n/conv77_143 was aborted!
[2026-04-17 11:27:29.719] [56037] [HailoRT] [info] [vdevice_native_stream.cpp:331] [read_impl] Failed read from stream HAILO_STREAM_ABORT(63) (device: 0001:01:00.0)
[2026-04-17 11:27:29.719] [56037] [HailoRT] [info] [edge_elements.cpp:396] [run_pull] Reading from stream was aborted!
[2026-04-17 11:27:29.719] [56043] [HailoRT] [info] [vstream.cpp:1138] [read] Receiving to VStream was shutdown!
[2026-04-17 11:27:29.719] [56039] [HailoRT] [info] [vdevice_native_stream.cpp:331] [read_impl] Failed read from stream HAILO_STREAM_ABORT(63) (device: 0001:01:00.0)
[2026-04-17 11:27:29.719] [56037] [HailoRT] [info] [queue_elements.cpp:738] [run_in_thread] run_pull of queue element PullQEl_nms13yolov11n/conv65_143 was aborted!
[2026-04-17 11:27:29.719] [56036] [HailoRT] [info] [vdevice_native_stream.cpp:331] [read_impl] Failed read from stream HAILO_STREAM_ABORT(63) (device: 0001:01:00.0)
[2026-04-17 11:27:29.719] [56036] [HailoRT] [info] [edge_elements.cpp:396] [run_pull] Reading from stream was aborted!
[2026-04-17 11:27:29.719] [56039] [HailoRT] [info] [edge_elements.cpp:396] [run_pull] Reading from stream was aborted!
[2026-04-17 11:27:29.719] [56036] [HailoRT] [info] [queue_elements.cpp:738] [run_in_thread] run_pull of queue element PullQEl_nms15yolov11n/conv62_143 was aborted!
[2026-04-17 11:27:29.719] [56039] [HailoRT] [info] [queue_elements.cpp:738] [run_in_thread] run_pull of queue element PullQEl_nms0yolov11n/conv80_143 was aborted!
[2026-04-17 11:27:29.720] [56033] [HailoRT] [info] [vdevice_native_stream.cpp:142] [write_impl] Failed write to stream yolov11n/input_layer1 (device: 0001:01:00.0) with status=HAILO_STREAM_ABORT(63)
[2026-04-17 11:27:29.720] [56033] [HailoRT] [info] [edge_elements.cpp:87] [run_push] Failed to send on input stream InputStream(index=8, name=yolov11n/input_layer1) because stream was aborted
[2026-04-17 11:27:29.720] [56033] [HailoRT] [info] [queue_elements.cpp:401] [run_in_thread] run_push of PushQEl8yolov11n/input_layer1 was aborted!
[2026-04-17 11:27:29.721] [56044] [HailoRT] [info] [queue_elements.cpp:319] [run_push] run_push of PushQEl8yolov11n/input_layer1 was aborted!
[2026-04-17 11:27:29.721] [56044] [HailoRT] [info] [filter_elements.cpp:35] [run_push] run_push of PreInferEl8yolov11n/input_layer1 was aborted!
[2026-04-17 11:27:29.721] [56044] [HailoRT] [info] [vstream.cpp:778] [write] Sending to VStream was aborted!
[2026-04-17 11:27:29.727] [55020] [HailoRT] [info] [queue_elements.cpp:360] [execute_deactivate] enqueue() in element PushQEl8yolov11n/input_layer1 was aborted, got status = HAILO_SHUTDOWN_EVENT_SIGNALED(57)
[2026-04-17 11:27:29.727] [56033] [HailoRT] [info] [queue_elements.cpp:68] [operator()] Thread in element PushQEl8yolov11n/input_layer1 is not running anymore, exiting..
[2026-04-17 11:27:29.727] [55020] [HailoRT] [info] [queue_elements.cpp:46] [~BaseQueueElement] Queue element PushQEl8yolov11n/input_layer1 has 0 frames in his Queue on destruction
[2026-04-17 11:27:29.727] [56040] [HailoRT] [info] [queue_elements.cpp:68] [operator()] Thread in element UserBufQEl_post_infer0yolov11n/yolov8_nms_postprocess is not running anymore, exiting..
[2026-04-17 11:27:29.727] [55020] [HailoRT] [info] [queue_elements.cpp:46] [~BaseQueueElement] Queue element UserBufQEl_post_infer0yolov11n/yolov8_nms_postprocess has 0 frames in his Queue on destruction
[2026-04-17 11:27:29.727] [56039] [HailoRT] [info] [queue_elements.cpp:68] [operator()] Thread in element PullQEl_nms0yolov11n/conv80_143 is not running anymore, exiting..
[2026-04-17 11:27:29.727] [55020] [HailoRT] [info] [queue_elements.cpp:46] [~BaseQueueElement] Queue element PullQEl_nms0yolov11n/conv80_143 has 0 frames in his Queue on destruction
[2026-04-17 11:27:29.727] [56038] [HailoRT] [info] [queue_elements.cpp:68] [operator()] Thread in element PullQEl_nms1yolov11n/conv77_143 is not running anymore, exiting..
[2026-04-17 11:27:29.727] [55020] [HailoRT] [info] [queue_elements.cpp:46] [~BaseQueueElement] Queue element PullQEl_nms1yolov11n/conv77_143 has 0 frames in his Queue on destruction
[2026-04-17 11:27:29.727] [56037] [HailoRT] [info] [queue_elements.cpp:68] [operator()] Thread in element PullQEl_nms13yolov11n/conv65_143 is not running anymore, exiting..
[2026-04-17 11:27:29.727] [55020] [HailoRT] [info] [queue_elements.cpp:46] [~BaseQueueElement] Queue element PullQEl_nms13yolov11n/conv65_143 has 0 frames in his Queue on destruction
[2026-04-17 11:27:29.727] [56036] [HailoRT] [info] [queue_elements.cpp:68] [operator()] Thread in element PullQEl_nms15yolov11n/conv62_143 is not running anymore, exiting..
[2026-04-17 11:27:29.727] [55020] [HailoRT] [info] [queue_elements.cpp:46] [~BaseQueueElement] Queue element PullQEl_nms15yolov11n/conv62_143 has 0 frames in his Queue on destruction
[2026-04-17 11:27:29.727] [56035] [HailoRT] [info] [queue_elements.cpp:68] [operator()] Thread in element PullQEl_nms12yolov11n/conv54_143 is not running anymore, exiting..
[2026-04-17 11:27:29.727] [55020] [HailoRT] [info] [queue_elements.cpp:46] [~BaseQueueElement] Queue element PullQEl_nms12yolov11n/conv54_143 has 0 frames in his Queue on destruction
[2026-04-17 11:27:29.727] [56034] [HailoRT] [info] [queue_elements.cpp:68] [operator()] Thread in element PullQEl_nms3yolov11n/conv51_143 is not running anymore, exiting..
[2026-04-17 11:27:29.727] [55020] [HailoRT] [info] [queue_elements.cpp:46] [~BaseQueueElement] Queue element PullQEl_nms3yolov11n/conv51_143 has 0 frames in his Queue on destruction
[2026-04-17 11:27:29.728] [55020] [HailoRT] [info] [core_op.cpp:186] [deactivate] Deactivating took 0.007444 ms
[2026-04-17 11:27:29.728] [55020] [HailoRT] [info] [core_op.cpp:186] [deactivate] Deactivating took 0.016259 ms
[2026-04-17 11:27:40.070] [56561] [HailoRT] [info] [vdevice.cpp:535] [create] Creating vdevice with params: device_count: 1, scheduling_algorithm: NONE, multi_process_service: false
[2026-04-17 11:27:40.083] [56561] [HailoRT] [info] [device.cpp:51] [Device] OS Version: Linux 6.12.75+rpt-rpi-2712 #1 SMP PREEMPT Debian 1:6.12.75-1+rpt1 (2026-03-11) aarch64
[2026-04-17 11:27:40.083] [56561] [HailoRT] [info] [control.cpp:113] [control__parse_identify_results] firmware_version is: 4.23.0
[2026-04-17 11:27:40.083] [56561] [HailoRT] [info] [vdevice.cpp:682] [create] VDevice Infos: 0001:01:00.0
[2026-04-17 11:27:40.107] [56561] [HailoRT] [info] [internal_buffer_manager.cpp:77] [print_execution_results] Planned internal buffer memory: CMA=0 CMA-Desc=1441792 Pinned=43573760. memory to edge layer usage factor is 1
[2026-04-17 11:27:40.107] [56561] [HailoRT] [info] [internal_buffer_manager.cpp:86] [print_execution_results] Default Internal buffer planner executed successfully
[2026-04-17 11:27:40.191] [56561] [HailoRT] [info] [device_internal.cpp:57] [configure] Configuring HEF took 106.824361 milliseconds
[2026-04-17 11:27:40.191] [56561] [HailoRT] [info] [vdevice.cpp:780] [configure] Configuring HEF on VDevice took 107.381302 milliseconds
[2026-04-17 11:27:40.191] [56561] [HailoRT] [info] [control.cpp:113] [control__parse_identify_results] firmware_version is: 4.23.0
[2026-04-17 11:27:40.192] [56561] [HailoRT] [info] [control.cpp:113] [control__parse_identify_results] firmware_version is: 4.23.0
[2026-04-17 11:27:40.211] [56561] [HailoRT] [info] [core_op.cpp:156] [activate] Activating yolov11n took 19.723035 milliseconds. Note that the function is asynchronous and thus the network is not fully activated yet.
[2026-04-17 11:27:40.211] [56561] [HailoRT] [info] [core_op.cpp:156] [activate] Activating yolov11n took 19.751295 milliseconds. Note that the function is asynchronous and thus the network is not fully activated yet.
[2026-04-17 11:27:40.225] [56561] [HailoRT] [info] [control.cpp:113] [control__parse_identify_results] firmware_version is: 4.23.0
[2026-04-17 11:27:40.225] [56561] [HailoRT] [info] [control.cpp:113] [control__parse_identify_results] firmware_version is: 4.23.0
[2026-04-17 11:27:41.484] [56553] [HailoRT] [info] [device.cpp:51] [Device] OS Version: Linux 6.12.75+rpt-rpi-2712 #1 SMP PREEMPT Debian 1:6.12.75-1+rpt1 (2026-03-11) aarch64
[2026-04-17 11:27:41.485] [56553] [HailoRT] [info] [control.cpp:113] [control__parse_identify_results] firmware_version is: 4.23.0
[2026-04-17 11:27:41.485] [56553] [HailoRT] [info] [control.cpp:113] [control__parse_identify_results] firmware_version is: 4.23.0
[2026-04-17 11:28:40.225] [56572] [HailoRT] [info] [vdevice_native_stream.cpp:331] [read_impl] Failed read from stream HAILO_STREAM_ABORT(63) (device: 0001:01:00.0)
[2026-04-17 11:28:40.225] [56573] [HailoRT] [info] [vdevice_native_stream.cpp:331] [read_impl] Failed read from stream HAILO_STREAM_ABORT(63) (device: 0001:01:00.0)
[2026-04-17 11:28:40.225] [56576] [HailoRT] [info] [vdevice_native_stream.cpp:331] [read_impl] Failed read from stream HAILO_STREAM_ABORT(63) (device: 0001:01:00.0)
[2026-04-17 11:28:40.225] [56571] [HailoRT] [info] [vdevice_native_stream.cpp:331] [read_impl] Failed read from stream HAILO_STREAM_ABORT(63) (device: 0001:01:00.0)
[2026-04-17 11:28:40.225] [56577] [HailoRT] [info] [vdevice_native_stream.cpp:142] [write_impl] Failed write to stream yolov11n/input_layer1 (device: 0001:01:00.0) with status=HAILO_STREAM_ABORT(63)
[2026-04-17 11:28:40.225] [56575] [HailoRT] [info] [vdevice_native_stream.cpp:331] [read_impl] Failed read from stream HAILO_STREAM_ABORT(63) (device: 0001:01:00.0)
[2026-04-17 11:28:40.225] [56574] [HailoRT] [info] [vdevice_native_stream.cpp:331] [read_impl] Failed read from stream HAILO_STREAM_ABORT(63) (device: 0001:01:00.0)
[2026-04-17 11:28:40.233] [56561] [HailoRT] [info] [core_op.cpp:186] [deactivate] Deactivating took 0.008352 ms
[2026-04-17 11:28:40.233] [56561] [HailoRT] [info] [core_op.cpp:186] [deactivate] Deactivating took 0.028166 ms
[2026-04-17 11:28:40.284] [56561] [HailoRT] [info] [vdevice.cpp:535] [create] Creating vdevice with params: device_count: 1, scheduling_algorithm: NONE, multi_process_service: false
[2026-04-17 11:28:40.285] [56561] [HailoRT] [info] [device.cpp:51] [Device] OS Version: Linux 6.12.75+rpt-rpi-2712 #1 SMP PREEMPT Debian 1:6.12.75-1+rpt1 (2026-03-11) aarch64
[2026-04-17 11:28:40.285] [56561] [HailoRT] [info] [control.cpp:113] [control__parse_identify_results] firmware_version is: 4.23.0
[2026-04-17 11:28:40.285] [56561] [HailoRT] [info] [vdevice.cpp:682] [create] VDevice Infos: 0001:01:00.0
[2026-04-17 11:28:40.311] [56561] [HailoRT] [info] [internal_buffer_manager.cpp:77] [print_execution_results] Planned internal buffer memory: CMA=0 CMA-Desc=1441792 Pinned=43573760. memory to edge layer usage factor is 1
[2026-04-17 11:28:40.311] [56561] [HailoRT] [info] [internal_buffer_manager.cpp:86] [print_execution_results] Default Internal buffer planner executed successfully
[2026-04-17 11:28:40.401] [56561] [HailoRT] [info] [device_internal.cpp:57] [configure] Configuring HEF took 116.163703 milliseconds
[2026-04-17 11:28:40.401] [56561] [HailoRT] [info] [vdevice.cpp:780] [configure] Configuring HEF on VDevice took 116.593756 milliseconds
[2026-04-17 11:28:40.402] [56561] [HailoRT] [info] [control.cpp:113] [control__parse_identify_results] firmware_version is: 4.23.0
[2026-04-17 11:28:40.402] [56561] [HailoRT] [info] [control.cpp:113] [control__parse_identify_results] firmware_version is: 4.23.0
[2026-04-17 11:28:40.422] [56561] [HailoRT] [info] [core_op.cpp:156] [activate] Activating yolov11n took 19.797094 milliseconds. Note that the function is asynchronous and thus the network is not fully activated yet.
[2026-04-17 11:28:40.422] [56561] [HailoRT] [info] [core_op.cpp:156] [activate] Activating yolov11n took 19.823093 milliseconds. Note that the function is asynchronous and thus the network is not fully activated yet.
[2026-04-17 11:28:40.435] [56561] [HailoRT] [info] [control.cpp:113] [control__parse_identify_results] firmware_version is: 4.23.0
[2026-04-17 11:28:40.435] [56561] [HailoRT] [info] [control.cpp:113] [control__parse_identify_results] firmware_version is: 4.23.0
[2026-04-17 11:28:40.435] [56561] [HailoRT] [info] [edge_elements.cpp:52] [create] Created (HwWriteEl8yolov11n/input_layer1 | hw_frame_size: 1228800)
[2026-04-17 11:28:40.435] [56561] [HailoRT] [info] [queue_elements.cpp:284] [create] Created (PushQEl8yolov11n/input_layer1 | timeout: 10s)
[2026-04-17 11:28:40.436] [56561] [HailoRT] [info] [filter_elements.cpp:101] [create] Created (PreInferEl8yolov11n/input_layer1 | Reorder - src_order: NHWC, src_shape: (640, 640, 3), dst_order: NHCW, dst_shape: (640, 640, 3))
[2026-04-17 11:28:40.436] [56561] [HailoRT] [info] [vstream.cpp:754] [InputVStreamImpl] Creating yolov11n/input_layer1...
[2026-04-17 11:28:40.436] [56561] [HailoRT] [info] [vstream_builder.cpp:102] [create_inputs] Input pipeline 'yolov11n/input_layer1': (PreInferEl8yolov11n/input_layer1 | Reorder - src_order: NHWC, src_shape: (640, 640, 3), dst_order: NHCW, dst_shape: (640, 640, 3)) >> (PushQEl8yolov11n/input_layer1 | timeout: 10s) >> (HwWriteEl8yolov11n/input_layer1 | hw_frame_size: 1228800) >> HW
[2026-04-17 11:28:40.436] [56561] [HailoRT] [info] [multi_io_elements.cpp:135] [create] Created (NmsPPMuxEl0YOLOV8-Post-Process | Op YOLOV8, Name: YOLOV8-Post-Process, Score threshold: 0.200, IoU threshold: 0.70, Classes: 80, Max bboxes per class: 100, Image height: 640, Image width: 640)
[2026-04-17 11:28:40.436] [56561] [HailoRT] [info] [edge_elements.cpp:287] [create] Created (HwReadEl3yolov11n/conv51_143 | hw_frame_size: 409600)
[2026-04-17 11:28:40.436] [56561] [HailoRT] [info] [queue_elements.cpp:657] [create] Created (PullQEl_nms3yolov11n/conv51_143 | timeout: 10s)
[2026-04-17 11:28:40.436] [56561] [HailoRT] [info] [edge_elements.cpp:287] [create] Created (HwReadEl12yolov11n/conv54_143 | hw_frame_size: 512000)
[2026-04-17 11:28:40.436] [56561] [HailoRT] [info] [queue_elements.cpp:657] [create] Created (PullQEl_nms12yolov11n/conv54_143 | timeout: 10s)
[2026-04-17 11:28:40.436] [56561] [HailoRT] [info] [edge_elements.cpp:287] [create] Created (HwReadEl15yolov11n/conv62_143 | hw_frame_size: 102400)
[2026-04-17 11:28:40.436] [56561] [HailoRT] [info] [queue_elements.cpp:657] [create] Created (PullQEl_nms15yolov11n/conv62_143 | timeout: 10s)
[2026-04-17 11:28:40.436] [56561] [HailoRT] [info] [edge_elements.cpp:287] [create] Created (HwReadEl13yolov11n/conv65_143 | hw_frame_size: 128000)
[2026-04-17 11:28:40.436] [56561] [HailoRT] [info] [queue_elements.cpp:657] [create] Created (PullQEl_nms13yolov11n/conv65_143 | timeout: 10s)
[2026-04-17 11:28:40.436] [56561] [HailoRT] [info] [edge_elements.cpp:287] [create] Created (HwReadEl1yolov11n/conv77_143 | hw_frame_size: 30720)
[2026-04-17 11:28:40.436] [56561] [HailoRT] [info] [queue_elements.cpp:657] [create] Created (PullQEl_nms1yolov11n/conv77_143 | timeout: 10s)
[2026-04-17 11:28:40.436] [56561] [HailoRT] [info] [edge_elements.cpp:287] [create] Created (HwReadEl0yolov11n/conv80_143 | hw_frame_size: 38400)
[2026-04-17 11:28:40.436] [56561] [HailoRT] [info] [queue_elements.cpp:657] [create] Created (PullQEl_nms0yolov11n/conv80_143 | timeout: 10s)
[2026-04-17 11:28:40.436] [56561] [HailoRT] [info] [queue_elements.cpp:800] [create] Created (UserBufQEl_post_infer0yolov11n/yolov8_nms_postprocess | timeout: 10s)
[2026-04-17 11:28:40.436] [56561] [HailoRT] [info] [vstream.cpp:1114] [OutputVStreamImpl] Creating yolov11n/yolov8_nms_postprocess...
[2026-04-17 11:28:40.436] [56561] [HailoRT] [info] [vstream_builder.cpp:622] [create_output_post_process_nms] Output pipeline 'yolov11n/yolov8_nms_postprocess': HW >> (HwReadEl3yolov11n/conv51_143 | hw_frame_size: 409600) >> (PullQEl_nms3yolov11n/conv51_143) >> (HwReadEl12yolov11n/conv54_143 | hw_frame_size: 512000) >> (PullQEl_nms12yolov11n/conv54_143) >> (HwReadEl15yolov11n/conv62_143 | hw_frame_size: 102400) >> (PullQEl_nms15yolov11n/conv62_143) >> (HwReadEl13yolov11n/conv65_143 | hw_frame_size: 128000) >> (PullQEl_nms13yolov11n/conv65_143) >> (HwReadEl1yolov11n/conv77_143 | hw_frame_size: 30720) >> (PullQEl_nms1yolov11n/conv77_143) >> (HwReadEl0yolov11n/conv80_143 | hw_frame_size: 38400) >> (PullQEl_nms0yolov11n/conv80_143) >> (NmsPPMuxEl0YOLOV8-Post-Process | Op YOLOV8, Name: YOLOV8-Post-Process, Score threshold: 0.200, IoU threshold: 0.70, Classes: 80, Max bboxes per class: 100, Image height: 640, Image width: 640) >> (UserBufQEl_post_infer0yolov11n/yolov8_nms_postprocess | timeout: 10s)
[2026-04-17 11:29:40.437] [57064] [HailoRT] [info] [vdevice_native_stream.cpp:142] [write_impl] Failed write to stream yolov11n/input_layer1 (device: 0001:01:00.0) with status=HAILO_STREAM_ABORT(63)
[2026-04-17 11:29:40.437] [57066] [HailoRT] [info] [vdevice_native_stream.cpp:331] [read_impl] Failed read from stream HAILO_STREAM_ABORT(63) (device: 0001:01:00.0)
[2026-04-17 11:29:40.437] [57066] [HailoRT] [info] [edge_elements.cpp:396] [run_pull] Reading from stream was aborted!
[2026-04-17 11:29:40.437] [57064] [HailoRT] [info] [edge_elements.cpp:87] [run_push] Failed to send on input stream InputStream(index=8, name=yolov11n/input_layer1) because stream was aborted
[2026-04-17 11:29:40.437] [57064] [HailoRT] [info] [queue_elements.cpp:401] [run_in_thread] run_push of PushQEl8yolov11n/input_layer1 was aborted!
[2026-04-17 11:29:40.437] [57075] [HailoRT] [info] [queue_elements.cpp:319] [run_push] run_push of PushQEl8yolov11n/input_layer1 was aborted!
[2026-04-17 11:29:40.437] [57075] [HailoRT] [info] [filter_elements.cpp:35] [run_push] run_push of PreInferEl8yolov11n/input_layer1 was aborted!
[2026-04-17 11:29:40.437] [57070] [HailoRT] [info] [vdevice_native_stream.cpp:331] [read_impl] Failed read from stream HAILO_STREAM_ABORT(63) (device: 0001:01:00.0)
[2026-04-17 11:29:40.437] [57069] [HailoRT] [info] [vdevice_native_stream.cpp:331] [read_impl] Failed read from stream HAILO_STREAM_ABORT(63) (device: 0001:01:00.0)
[2026-04-17 11:29:40.437] [57069] [HailoRT] [info] [edge_elements.cpp:396] [run_pull] Reading from stream was aborted!
[2026-04-17 11:29:40.437] [57070] [HailoRT] [info] [edge_elements.cpp:396] [run_pull] Reading from stream was aborted!
[2026-04-17 11:29:40.437] [57068] [HailoRT] [info] [vdevice_native_stream.cpp:331] [read_impl] Failed read from stream HAILO_STREAM_ABORT(63) (device: 0001:01:00.0)
[2026-04-17 11:29:40.437] [57068] [HailoRT] [info] [edge_elements.cpp:396] [run_pull] Reading from stream was aborted!
[2026-04-17 11:29:40.437] [57069] [HailoRT] [info] [queue_elements.cpp:738] [run_in_thread] run_pull of queue element PullQEl_nms1yolov11n/conv77_143 was aborted!
[2026-04-17 11:29:40.437] [57070] [HailoRT] [info] [queue_elements.cpp:738] [run_in_thread] run_pull of queue element PullQEl_nms0yolov11n/conv80_143 was aborted!
[2026-04-17 11:29:40.437] [57068] [HailoRT] [info] [queue_elements.cpp:738] [run_in_thread] run_pull of queue element PullQEl_nms13yolov11n/conv65_143 was aborted!
[2026-04-17 11:29:40.437] [57067] [HailoRT] [info] [vdevice_native_stream.cpp:331] [read_impl] Failed read from stream HAILO_STREAM_ABORT(63) (device: 0001:01:00.0)
[2026-04-17 11:29:40.437] [57065] [HailoRT] [info] [vdevice_native_stream.cpp:331] [read_impl] Failed read from stream HAILO_STREAM_ABORT(63) (device: 0001:01:00.0)
[2026-04-17 11:29:40.437] [57075] [HailoRT] [info] [vstream.cpp:778] [write] Sending to VStream was aborted!
[2026-04-17 11:29:40.437] [57065] [HailoRT] [info] [edge_elements.cpp:396] [run_pull] Reading from stream was aborted!
[2026-04-17 11:29:40.437] [57067] [HailoRT] [info] [edge_elements.cpp:396] [run_pull] Reading from stream was aborted!
[2026-04-17 11:29:40.437] [57066] [HailoRT] [info] [queue_elements.cpp:738] [run_in_thread] run_pull of queue element PullQEl_nms12yolov11n/conv54_143 was aborted!
[2026-04-17 11:29:40.437] [57067] [HailoRT] [info] [queue_elements.cpp:738] [run_in_thread] run_pull of queue element PullQEl_nms15yolov11n/conv62_143 was aborted!
[2026-04-17 11:29:40.437] [57065] [HailoRT] [info] [queue_elements.cpp:738] [run_in_thread] run_pull of queue element PullQEl_nms3yolov11n/conv51_143 was aborted!
[2026-04-17 11:29:40.437] [57074] [HailoRT] [info] [queue_elements.cpp:706] [run_pull] Shutdown event was signaled in dequeue of queue element PullQEl_nms3yolov11n/conv51_143!
[2026-04-17 11:29:40.437] [57074] [HailoRT] [info] [vstream.cpp:1138] [read] Receiving to VStream was shutdown!
[2026-04-17 11:29:40.444] [56561] [HailoRT] [info] [queue_elements.cpp:360] [execute_deactivate] enqueue() in element PushQEl8yolov11n/input_layer1 was aborted, got status = HAILO_SHUTDOWN_EVENT_SIGNALED(57)
[2026-04-17 11:29:40.444] [57064] [HailoRT] [info] [queue_elements.cpp:68] [operator()] Thread in element PushQEl8yolov11n/input_layer1 is not running anymore, exiting..
[2026-04-17 11:29:40.444] [56561] [HailoRT] [info] [queue_elements.cpp:46] [~BaseQueueElement] Queue element PushQEl8yolov11n/input_layer1 has 0 frames in his Queue on destruction
[2026-04-17 11:29:40.445] [57071] [HailoRT] [info] [queue_elements.cpp:68] [operator()] Thread in element UserBufQEl_post_infer0yolov11n/yolov8_nms_postprocess is not running anymore, exiting..
[2026-04-17 11:29:40.445] [56561] [HailoRT] [info] [queue_elements.cpp:46] [~BaseQueueElement] Queue element UserBufQEl_post_infer0yolov11n/yolov8_nms_postprocess has 0 frames in his Queue on destruction
[2026-04-17 11:29:40.445] [57070] [HailoRT] [info] [queue_elements.cpp:68] [operator()] Thread in element PullQEl_nms0yolov11n/conv80_143 is not running anymore, exiting..
[2026-04-17 11:29:40.445] [56561] [HailoRT] [info] [queue_elements.cpp:46] [~BaseQueueElement] Queue element PullQEl_nms0yolov11n/conv80_143 has 0 frames in his Queue on destruction
[2026-04-17 11:29:40.445] [57069] [HailoRT] [info] [queue_elements.cpp:68] [operator()] Thread in element PullQEl_nms1yolov11n/conv77_143 is not running anymore, exiting..
[2026-04-17 11:29:40.445] [56561] [HailoRT] [info] [queue_elements.cpp:46] [~BaseQueueElement] Queue element PullQEl_nms1yolov11n/conv77_143 has 0 frames in his Queue on destruction
[2026-04-17 11:29:40.445] [57068] [HailoRT] [info] [queue_elements.cpp:68] [operator()] Thread in element PullQEl_nms13yolov11n/conv65_143 is not running anymore, exiting..
[2026-04-17 11:29:40.445] [56561] [HailoRT] [info] [queue_elements.cpp:46] [~BaseQueueElement] Queue element PullQEl_nms13yolov11n/conv65_143 has 0 frames in his Queue on destruction
[2026-04-17 11:29:40.445] [57067] [HailoRT] [info] [queue_elements.cpp:68] [operator()] Thread in element PullQEl_nms15yolov11n/conv62_143 is not running anymore, exiting..
[2026-04-17 11:29:40.445] [56561] [HailoRT] [info] [queue_elements.cpp:46] [~BaseQueueElement] Queue element PullQEl_nms15yolov11n/conv62_143 has 0 frames in his Queue on destruction
[2026-04-17 11:29:40.445] [57066] [HailoRT] [info] [queue_elements.cpp:68] [operator()] Thread in element PullQEl_nms12yolov11n/conv54_143 is not running anymore, exiting..
[2026-04-17 11:29:40.445] [56561] [HailoRT] [info] [queue_elements.cpp:46] [~BaseQueueElement] Queue element PullQEl_nms12yolov11n/conv54_143 has 0 frames in his Queue on destruction
[2026-04-17 11:29:40.445] [57065] [HailoRT] [info] [queue_elements.cpp:68] [operator()] Thread in element PullQEl_nms3yolov11n/conv51_143 is not running anymore, exiting..
[2026-04-17 11:29:40.445] [56561] [HailoRT] [info] [queue_elements.cpp:46] [~BaseQueueElement] Queue element PullQEl_nms3yolov11n/conv51_143 has 0 frames in his Queue on destruction
[2026-04-17 11:29:40.445] [56561] [HailoRT] [info] [core_op.cpp:186] [deactivate] Deactivating took 0.007593 ms
[2026-04-17 11:29:40.445] [56561] [HailoRT] [info] [core_op.cpp:186] [deactivate] Deactivating took 0.016407 ms
[2026-04-17 11:29:40.492] [56561] [HailoRT] [info] [vdevice.cpp:535] [create] Creating vdevice with params: device_count: 1, scheduling_algorithm: NONE, multi_process_service: false
[2026-04-17 11:29:40.492] [56561] [HailoRT] [info] [device.cpp:51] [Device] OS Version: Linux 6.12.75+rpt-rpi-2712 #1 SMP PREEMPT Debian 1:6.12.75-1+rpt1 (2026-03-11) aarch64
[2026-04-17 11:29:40.493] [56561] [HailoRT] [info] [control.cpp:113] [control__parse_identify_results] firmware_version is: 4.23.0
[2026-04-17 11:29:40.493] [56561] [HailoRT] [info] [vdevice.cpp:682] [create] VDevice Infos: 0001:01:00.0
[2026-04-17 11:29:40.519] [56561] [HailoRT] [info] [internal_buffer_manager.cpp:77] [print_execution_results] Planned internal buffer memory: CMA=0 CMA-Desc=1441792 Pinned=43573760. memory to edge layer usage factor is 1
[2026-04-17 11:29:40.519] [56561] [HailoRT] [info] [internal_buffer_manager.cpp:86] [print_execution_results] Default Internal buffer planner executed successfully
[2026-04-17 11:29:40.606] [56561] [HailoRT] [info] [device_internal.cpp:57] [configure] Configuring HEF took 112.946399 milliseconds
[2026-04-17 11:29:40.606] [56561] [HailoRT] [info] [vdevice.cpp:780] [configure] Configuring HEF on VDevice took 113.313656 milliseconds
[2026-04-17 11:29:40.606] [56561] [HailoRT] [info] [control.cpp:113] [control__parse_identify_results] firmware_version is: 4.23.0
[2026-04-17 11:29:40.607] [56561] [HailoRT] [info] [control.cpp:113] [control__parse_identify_results] firmware_version is: 4.23.0
[2026-04-17 11:29:40.624] [56561] [HailoRT] [info] [core_op.cpp:156] [activate] Activating yolov11n took 17.511977 milliseconds. Note that the function is asynchronous and thus the network is not fully activated yet.
[2026-04-17 11:29:40.624] [56561] [HailoRT] [info] [core_op.cpp:156] [activate] Activating yolov11n took 17.537217 milliseconds. Note that the function is asynchronous and thus the network is not fully activated yet.
[2026-04-17 11:29:40.637] [56561] [HailoRT] [info] [control.cpp:113] [control__parse_identify_results] firmware_version is: 4.23.0
[2026-04-17 11:29:40.637] [56561] [HailoRT] [info] [control.cpp:113] [control__parse_identify_results] firmware_version is: 4.23.0
[2026-04-17 11:29:40.638] [56561] [HailoRT] [info] [edge_elements.cpp:52] [create] Created (HwWriteEl8yolov11n/input_layer1 | hw_frame_size: 1228800)
[2026-04-17 11:29:40.638] [56561] [HailoRT] [info] [queue_elements.cpp:284] [create] Created (PushQEl8yolov11n/input_layer1 | timeout: 10s)
[2026-04-17 11:29:40.638] [56561] [HailoRT] [info] [filter_elements.cpp:101] [create] Created (PreInferEl8yolov11n/input_layer1 | Reorder - src_order: NHWC, src_shape: (640, 640, 3), dst_order: NHCW, dst_shape: (640, 640, 3))
[2026-04-17 11:29:40.638] [56561] [HailoRT] [info] [vstream.cpp:754] [InputVStreamImpl] Creating yolov11n/input_layer1...
[2026-04-17 11:29:40.638] [56561] [HailoRT] [info] [vstream_builder.cpp:102] [create_inputs] Input pipeline 'yolov11n/input_layer1': (PreInferEl8yolov11n/input_layer1 | Reorder - src_order: NHWC, src_shape: (640, 640, 3), dst_order: NHCW, dst_shape: (640, 640, 3)) >> (PushQEl8yolov11n/input_layer1 | timeout: 10s) >> (HwWriteEl8yolov11n/input_layer1 | hw_frame_size: 1228800) >> HW
[2026-04-17 11:29:40.638] [56561] [HailoRT] [info] [multi_io_elements.cpp:135] [create] Created (NmsPPMuxEl0YOLOV8-Post-Process | Op YOLOV8, Name: YOLOV8-Post-Process, Score threshold: 0.200, IoU threshold: 0.70, Classes: 80, Max bboxes per class: 100, Image height: 640, Image width: 640)
[2026-04-17 11:29:40.638] [56561] [HailoRT] [info] [edge_elements.cpp:287] [create] Created (HwReadEl3yolov11n/conv51_143 | hw_frame_size: 409600)
[2026-04-17 11:29:40.638] [56561] [HailoRT] [info] [queue_elements.cpp:657] [create] Created (PullQEl_nms3yolov11n/conv51_143 | timeout: 10s)
[2026-04-17 11:29:40.638] [56561] [HailoRT] [info] [edge_elements.cpp:287] [create] Created (HwReadEl12yolov11n/conv54_143 | hw_frame_size: 512000)
[2026-04-17 11:29:40.638] [56561] [HailoRT] [info] [queue_elements.cpp:657] [create] Created (PullQEl_nms12yolov11n/conv54_143 | timeout: 10s)
[2026-04-17 11:29:40.638] [56561] [HailoRT] [info] [edge_elements.cpp:287] [create] Created (HwReadEl15yolov11n/conv62_143 | hw_frame_size: 102400)
[2026-04-17 11:29:40.638] [56561] [HailoRT] [info] [queue_elements.cpp:657] [create] Created (PullQEl_nms15yolov11n/conv62_143 | timeout: 10s)
[2026-04-17 11:29:40.638] [56561] [HailoRT] [info] [edge_elements.cpp:287] [create] Created (HwReadEl13yolov11n/conv65_143 | hw_frame_size: 128000)
[2026-04-17 11:29:40.638] [56561] [HailoRT] [info] [queue_elements.cpp:657] [create] Created (PullQEl_nms13yolov11n/conv65_143 | timeout: 10s)
[2026-04-17 11:29:40.638] [56561] [HailoRT] [info] [edge_elements.cpp:287] [create] Created (HwReadEl1yolov11n/conv77_143 | hw_frame_size: 30720)
[2026-04-17 11:29:40.638] [56561] [HailoRT] [info] [queue_elements.cpp:657] [create] Created (PullQEl_nms1yolov11n/conv77_143 | timeout: 10s)
[2026-04-17 11:29:40.638] [56561] [HailoRT] [info] [edge_elements.cpp:287] [create] Created (HwReadEl0yolov11n/conv80_143 | hw_frame_size: 38400)
[2026-04-17 11:29:40.638] [56561] [HailoRT] [info] [queue_elements.cpp:657] [create] Created (PullQEl_nms0yolov11n/conv80_143 | timeout: 10s)
[2026-04-17 11:29:40.638] [56561] [HailoRT] [info] [queue_elements.cpp:800] [create] Created (UserBufQEl_post_infer0yolov11n/yolov8_nms_postprocess | timeout: 10s)
[2026-04-17 11:29:40.638] [56561] [HailoRT] [info] [vstream.cpp:1114] [OutputVStreamImpl] Creating yolov11n/yolov8_nms_postprocess...
[2026-04-17 11:29:40.638] [56561] [HailoRT] [info] [vstream_builder.cpp:622] [create_output_post_process_nms] Output pipeline 'yolov11n/yolov8_nms_postprocess': HW >> (HwReadEl3yolov11n/conv51_143 | hw_frame_size: 409600) >> (PullQEl_nms3yolov11n/conv51_143) >> (HwReadEl12yolov11n/conv54_143 | hw_frame_size: 512000) >> (PullQEl_nms12yolov11n/conv54_143) >> (HwReadEl15yolov11n/conv62_143 | hw_frame_size: 102400) >> (PullQEl_nms15yolov11n/conv62_143) >> (HwReadEl13yolov11n/conv65_143 | hw_frame_size: 128000) >> (PullQEl_nms13yolov11n/conv65_143) >> (HwReadEl1yolov11n/conv77_143 | hw_frame_size: 30720) >> (PullQEl_nms1yolov11n/conv77_143) >> (HwReadEl0yolov11n/conv80_143 | hw_frame_size: 38400) >> (PullQEl_nms0yolov11n/conv80_143) >> (NmsPPMuxEl0YOLOV8-Post-Process | Op YOLOV8, Name: YOLOV8-Post-Process, Score threshold: 0.200, IoU threshold: 0.70, Classes: 80, Max bboxes per class: 100, Image height: 640, Image width: 640) >> (UserBufQEl_post_infer0yolov11n/yolov8_nms_postprocess | timeout: 10s)
[2026-04-17 11:30:40.639] [57573] [HailoRT] [info] [vdevice_native_stream.cpp:331] [read_impl] Failed read from stream HAILO_STREAM_ABORT(63) (device: 0001:01:00.0)
[2026-04-17 11:30:40.639] [57573] [HailoRT] [info] [edge_elements.cpp:396] [run_pull] Reading from stream was aborted!
[2026-04-17 11:30:40.639] [57573] [HailoRT] [info] [queue_elements.cpp:738] [run_in_thread] run_pull of queue element PullQEl_nms3yolov11n/conv51_143 was aborted!
[2026-04-17 11:30:40.639] [57582] [HailoRT] [info] [queue_elements.cpp:706] [run_pull] Shutdown event was signaled in dequeue of queue element PullQEl_nms3yolov11n/conv51_143!
[2026-04-17 11:30:40.639] [57582] [HailoRT] [info] [vstream.cpp:1138] [read] Receiving to VStream was shutdown!
[2026-04-17 11:30:40.639] [57574] [HailoRT] [info] [vdevice_native_stream.cpp:331] [read_impl] Failed read from stream HAILO_STREAM_ABORT(63) (device: 0001:01:00.0)
[2026-04-17 11:30:40.639] [57574] [HailoRT] [info] [edge_elements.cpp:396] [run_pull] Reading from stream was aborted!
[2026-04-17 11:30:40.639] [57574] [HailoRT] [info] [queue_elements.cpp:738] [run_in_thread] run_pull of queue element PullQEl_nms12yolov11n/conv54_143 was aborted!
[2026-04-17 11:30:40.639] [57575] [HailoRT] [info] [vdevice_native_stream.cpp:331] [read_impl] Failed read from stream HAILO_STREAM_ABORT(63) (device: 0001:01:00.0)
[2026-04-17 11:30:40.639] [57575] [HailoRT] [info] [edge_elements.cpp:396] [run_pull] Reading from stream was aborted!
[2026-04-17 11:30:40.639] [57576] [HailoRT] [info] [vdevice_native_stream.cpp:331] [read_impl] Failed read from stream HAILO_STREAM_ABORT(63) (device: 0001:01:00.0)
[2026-04-17 11:30:40.639] [57576] [HailoRT] [info] [edge_elements.cpp:396] [run_pull] Reading from stream was aborted!
[2026-04-17 11:30:40.639] [57575] [HailoRT] [info] [queue_elements.cpp:738] [run_in_thread] run_pull of queue element PullQEl_nms15yolov11n/conv62_143 was aborted!
[2026-04-17 11:30:40.639] [57576] [HailoRT] [info] [queue_elements.cpp:738] [run_in_thread] run_pull of queue element PullQEl_nms13yolov11n/conv65_143 was aborted!
[2026-04-17 11:30:40.639] [57577] [HailoRT] [info] [vdevice_native_stream.cpp:331] [read_impl] Failed read from stream HAILO_STREAM_ABORT(63) (device: 0001:01:00.0)
[2026-04-17 11:30:40.639] [57577] [HailoRT] [info] [edge_elements.cpp:396] [run_pull] Reading from stream was aborted!
[2026-04-17 11:30:40.639] [57577] [HailoRT] [info] [queue_elements.cpp:738] [run_in_thread] run_pull of queue element PullQEl_nms1yolov11n/conv77_143 was aborted!
[2026-04-17 11:30:40.640] [57572] [HailoRT] [info] [vdevice_native_stream.cpp:142] [write_impl] Failed write to stream yolov11n/input_layer1 (device: 0001:01:00.0) with status=HAILO_STREAM_ABORT(63)
[2026-04-17 11:30:40.640] [57572] [HailoRT] [info] [edge_elements.cpp:87] [run_push] Failed to send on input stream InputStream(index=8, name=yolov11n/input_layer1) because stream was aborted
[2026-04-17 11:30:40.640] [57572] [HailoRT] [info] [queue_elements.cpp:401] [run_in_thread] run_push of PushQEl8yolov11n/input_layer1 was aborted!
[2026-04-17 11:30:40.640] [57578] [HailoRT] [info] [vdevice_native_stream.cpp:331] [read_impl] Failed read from stream HAILO_STREAM_ABORT(63) (device: 0001:01:00.0)
[2026-04-17 11:30:40.640] [57578] [HailoRT] [info] [edge_elements.cpp:396] [run_pull] Reading from stream was aborted!
[2026-04-17 11:30:40.640] [57578] [HailoRT] [info] [queue_elements.cpp:738] [run_in_thread] run_pull of queue element PullQEl_nms0yolov11n/conv80_143 was aborted!
[2026-04-17 11:30:40.641] [57583] [HailoRT] [info] [queue_elements.cpp:319] [run_push] run_push of PushQEl8yolov11n/input_layer1 was aborted!
[2026-04-17 11:30:40.641] [57583] [HailoRT] [info] [filter_elements.cpp:35] [run_push] run_push of PreInferEl8yolov11n/input_layer1 was aborted!
[2026-04-17 11:30:40.641] [57583] [HailoRT] [info] [vstream.cpp:778] [write] Sending to VStream was aborted!
[2026-04-17 11:30:40.647] [56561] [HailoRT] [info] [queue_elements.cpp:360] [execute_deactivate] enqueue() in element PushQEl8yolov11n/input_layer1 was aborted, got status = HAILO_SHUTDOWN_EVENT_SIGNALED(57)
[2026-04-17 11:30:40.648] [57572] [HailoRT] [info] [queue_elements.cpp:68] [operator()] Thread in element PushQEl8yolov11n/input_layer1 is not running anymore, exiting..
[2026-04-17 11:30:40.648] [56561] [HailoRT] [info] [queue_elements.cpp:46] [~BaseQueueElement] Queue element PushQEl8yolov11n/input_layer1 has 0 frames in his Queue on destruction
[2026-04-17 11:30:40.648] [57579] [HailoRT] [info] [queue_elements.cpp:68] [operator()] Thread in element UserBufQEl_post_infer0yolov11n/yolov8_nms_postprocess is not running anymore, exiting..
[2026-04-17 11:30:40.648] [56561] [HailoRT] [info] [queue_elements.cpp:46] [~BaseQueueElement] Queue element UserBufQEl_post_infer0yolov11n/yolov8_nms_postprocess has 0 frames in his Queue on destruction
[2026-04-17 11:30:40.648] [57578] [HailoRT] [info] [queue_elements.cpp:68] [operator()] Thread in element PullQEl_nms0yolov11n/conv80_143 is not running anymore, exiting..
[2026-04-17 11:30:40.648] [56561] [HailoRT] [info] [queue_elements.cpp:46] [~BaseQueueElement] Queue element PullQEl_nms0yolov11n/conv80_143 has 0 frames in his Queue on destruction
[2026-04-17 11:30:40.648] [57577] [HailoRT] [info] [queue_elements.cpp:68] [operator()] Thread in element PullQEl_nms1yolov11n/conv77_143 is not running anymore, exiting..
[2026-04-17 11:30:40.648] [56561] [HailoRT] [info] [queue_elements.cpp:46] [~BaseQueueElement] Queue element PullQEl_nms1yolov11n/conv77_143 has 0 frames in his Queue on destruction
[2026-04-17 11:30:40.648] [57576] [HailoRT] [info] [queue_elements.cpp:68] [operator()] Thread in element PullQEl_nms13yolov11n/conv65_143 is not running anymore, exiting..
[2026-04-17 11:30:40.648] [56561] [HailoRT] [info] [queue_elements.cpp:46] [~BaseQueueElement] Queue element PullQEl_nms13yolov11n/conv65_143 has 0 frames in his Queue on destruction
[2026-04-17 11:30:40.648] [57575] [HailoRT] [info] [queue_elements.cpp:68] [operator()] Thread in element PullQEl_nms15yolov11n/conv62_143 is not running anymore, exiting..
[2026-04-17 11:30:40.648] [56561] [HailoRT] [info] [queue_elements.cpp:46] [~BaseQueueElement] Queue element PullQEl_nms15yolov11n/conv62_143 has 0 frames in his Queue on destruction
[2026-04-17 11:30:40.648] [57574] [HailoRT] [info] [queue_elements.cpp:68] [operator()] Thread in element PullQEl_nms12yolov11n/conv54_143 is not running anymore, exiting..
[2026-04-17 11:30:40.648] [56561] [HailoRT] [info] [queue_elements.cpp:46] [~BaseQueueElement] Queue element PullQEl_nms12yolov11n/conv54_143 has 0 frames in his Queue on destruction
[2026-04-17 11:30:40.648] [57573] [HailoRT] [info] [queue_elements.cpp:68] [operator()] Thread in element PullQEl_nms3yolov11n/conv51_143 is not running anymore, exiting..
[2026-04-17 11:30:40.648] [56561] [HailoRT] [info] [queue_elements.cpp:46] [~BaseQueueElement] Queue element PullQEl_nms3yolov11n/conv51_143 has 0 frames in his Queue on destruction
[2026-04-17 11:30:40.648] [56561] [HailoRT] [info] [core_op.cpp:186] [deactivate] Deactivating took 0.007629 ms
[2026-04-17 11:30:40.648] [56561] [HailoRT] [info] [core_op.cpp:186] [deactivate] Deactivating took 0.016537 ms
[2026-04-17 11:30:50.986] [58100] [HailoRT] [info] [vdevice.cpp:535] [create] Creating vdevice with params: device_count: 1, scheduling_algorithm: NONE, multi_process_service: false
[2026-04-17 11:30:50.998] [58100] [HailoRT] [info] [device.cpp:51] [Device] OS Version: Linux 6.12.75+rpt-rpi-2712 #1 SMP PREEMPT Debian 1:6.12.75-1+rpt1 (2026-03-11) aarch64
[2026-04-17 11:30:50.999] [58100] [HailoRT] [info] [control.cpp:113] [control__parse_identify_results] firmware_version is: 4.23.0
[2026-04-17 11:30:50.999] [58100] [HailoRT] [info] [vdevice.cpp:682] [create] VDevice Infos: 0001:01:00.0
[2026-04-17 11:30:51.062] [58100] [HailoRT] [info] [internal_buffer_manager.cpp:77] [print_execution_results] Planned internal buffer memory: CMA=0 CMA-Desc=1441792 Pinned=44751360. memory to edge layer usage factor is 1
[2026-04-17 11:30:51.062] [58100] [HailoRT] [info] [internal_buffer_manager.cpp:86] [print_execution_results] Default Internal buffer planner executed successfully
[2026-04-17 11:30:51.181] [58100] [HailoRT] [info] [device_internal.cpp:57] [configure] Configuring HEF took 181.685353 milliseconds
[2026-04-17 11:30:51.181] [58100] [HailoRT] [info] [vdevice.cpp:780] [configure] Configuring HEF on VDevice took 182.25774 milliseconds
[2026-04-17 11:30:51.182] [58100] [HailoRT] [info] [control.cpp:113] [control__parse_identify_results] firmware_version is: 4.23.0
[2026-04-17 11:30:51.182] [58100] [HailoRT] [info] [control.cpp:113] [control__parse_identify_results] firmware_version is: 4.23.0
[2026-04-17 11:30:51.203] [58100] [HailoRT] [info] [core_op.cpp:156] [activate] Activating yolov11n took 21.546295 milliseconds. Note that the function is asynchronous and thus the network is not fully activated yet.
[2026-04-17 11:30:51.203] [58100] [HailoRT] [info] [core_op.cpp:156] [activate] Activating yolov11n took 21.573313 milliseconds. Note that the function is asynchronous and thus the network is not fully activated yet.
[2026-04-17 11:30:51.216] [58100] [HailoRT] [info] [control.cpp:113] [control__parse_identify_results] firmware_version is: 4.23.0
[2026-04-17 11:30:51.217] [58100] [HailoRT] [info] [control.cpp:113] [control__parse_identify_results] firmware_version is: 4.23.0
[2026-04-17 11:30:52.389] [58092] [HailoRT] [info] [device.cpp:51] [Device] OS Version: Linux 6.12.75+rpt-rpi-2712 #1 SMP PREEMPT Debian 1:6.12.75-1+rpt1 (2026-03-11) aarch64
[2026-04-17 11:30:52.390] [58092] [HailoRT] [info] [control.cpp:113] [control__parse_identify_results] firmware_version is: 4.23.0
[2026-04-17 11:30:52.390] [58092] [HailoRT] [info] [control.cpp:113] [control__parse_identify_results] firmware_version is: 4.23.0
[2026-04-17 11:31:51.217] [58112] [HailoRT] [info] [vdevice_native_stream.cpp:331] [read_impl] Failed read from stream HAILO_STREAM_ABORT(63) (device: 0001:01:00.0)
[2026-04-17 11:31:51.217] [58114] [HailoRT] [info] [vdevice_native_stream.cpp:331] [read_impl] Failed read from stream HAILO_STREAM_ABORT(63) (device: 0001:01:00.0)
[2026-04-17 11:31:51.217] [58111] [HailoRT] [info] [vdevice_native_stream.cpp:331] [read_impl] Failed read from stream HAILO_STREAM_ABORT(63) (device: 0001:01:00.0)
[2026-04-17 11:31:51.217] [58109] [HailoRT] [info] [vdevice_native_stream.cpp:331] [read_impl] Failed read from stream HAILO_STREAM_ABORT(63) (device: 0001:01:00.0)
[2026-04-17 11:31:51.218] [58110] [HailoRT] [info] [vdevice_native_stream.cpp:331] [read_impl] Failed read from stream HAILO_STREAM_ABORT(63) (device: 0001:01:00.0)
[2026-04-17 11:31:51.218] [58113] [HailoRT] [info] [vdevice_native_stream.cpp:331] [read_impl] Failed read from stream HAILO_STREAM_ABORT(63) (device: 0001:01:00.0)
[2026-04-17 11:31:51.218] [58115] [HailoRT] [info] [vdevice_native_stream.cpp:142] [write_impl] Failed write to stream yolov11n/input_layer1 (device: 0001:01:00.0) with status=HAILO_STREAM_ABORT(63)
[2026-04-17 11:31:51.225] [58100] [HailoRT] [info] [core_op.cpp:186] [deactivate] Deactivating took 0.006389 ms
[2026-04-17 11:31:51.225] [58100] [HailoRT] [info] [core_op.cpp:186] [deactivate] Deactivating took 0.023704 ms
[2026-04-17 11:31:51.272] [58100] [HailoRT] [info] [vdevice.cpp:535] [create] Creating vdevice with params: device_count: 1, scheduling_algorithm: NONE, multi_process_service: false
[2026-04-17 11:31:51.272] [58100] [HailoRT] [info] [device.cpp:51] [Device] OS Version: Linux 6.12.75+rpt-rpi-2712 #1 SMP PREEMPT Debian 1:6.12.75-1+rpt1 (2026-03-11) aarch64
[2026-04-17 11:31:51.272] [58100] [HailoRT] [info] [control.cpp:113] [control__parse_identify_results] firmware_version is: 4.23.0
[2026-04-17 11:31:51.272] [58100] [HailoRT] [info] [vdevice.cpp:682] [create] VDevice Infos: 0001:01:00.0
[2026-04-17 11:31:51.299] [58100] [HailoRT] [info] [internal_buffer_manager.cpp:77] [print_execution_results] Planned internal buffer memory: CMA=0 CMA-Desc=1441792 Pinned=44751360. memory to edge layer usage factor is 1
[2026-04-17 11:31:51.299] [58100] [HailoRT] [info] [internal_buffer_manager.cpp:86] [print_execution_results] Default Internal buffer planner executed successfully
[2026-04-17 11:31:51.390] [58100] [HailoRT] [info] [device_internal.cpp:57] [configure] Configuring HEF took 117.202888 milliseconds
[2026-04-17 11:31:51.390] [58100] [HailoRT] [info] [vdevice.cpp:780] [configure] Configuring HEF on VDevice took 117.584516 milliseconds
[2026-04-17 11:31:51.390] [58100] [HailoRT] [info] [control.cpp:113] [control__parse_identify_results] firmware_version is: 4.23.0
[2026-04-17 11:31:51.390] [58100] [HailoRT] [info] [control.cpp:113] [control__parse_identify_results] firmware_version is: 4.23.0
[2026-04-17 11:31:51.412] [58100] [HailoRT] [info] [core_op.cpp:156] [activate] Activating yolov11n took 21.492297 milliseconds. Note that the function is asynchronous and thus the network is not fully activated yet.
[2026-04-17 11:31:51.412] [58100] [HailoRT] [info] [core_op.cpp:156] [activate] Activating yolov11n took 21.53187 milliseconds. Note that the function is asynchronous and thus the network is not fully activated yet.
[2026-04-17 11:31:51.425] [58100] [HailoRT] [info] [control.cpp:113] [control__parse_identify_results] firmware_version is: 4.23.0
[2026-04-17 11:31:51.425] [58100] [HailoRT] [info] [control.cpp:113] [control__parse_identify_results] firmware_version is: 4.23.0
[2026-04-17 11:31:51.425] [58100] [HailoRT] [info] [edge_elements.cpp:52] [create] Created (HwWriteEl8yolov11n/input_layer1 | hw_frame_size: 1228800)
[2026-04-17 11:31:51.426] [58100] [HailoRT] [info] [queue_elements.cpp:284] [create] Created (PushQEl8yolov11n/input_layer1 | timeout: 10s)
[2026-04-17 11:31:51.426] [58100] [HailoRT] [info] [filter_elements.cpp:101] [create] Created (PreInferEl8yolov11n/input_layer1 | Reorder - src_order: NHWC, src_shape: (640, 640, 3), dst_order: NHCW, dst_shape: (640, 640, 3))
[2026-04-17 11:31:51.426] [58100] [HailoRT] [info] [vstream.cpp:754] [InputVStreamImpl] Creating yolov11n/input_layer1...
[2026-04-17 11:31:51.426] [58100] [HailoRT] [info] [vstream_builder.cpp:102] [create_inputs] Input pipeline 'yolov11n/input_layer1': (PreInferEl8yolov11n/input_layer1 | Reorder - src_order: NHWC, src_shape: (640, 640, 3), dst_order: NHCW, dst_shape: (640, 640, 3)) >> (PushQEl8yolov11n/input_layer1 | timeout: 10s) >> (HwWriteEl8yolov11n/input_layer1 | hw_frame_size: 1228800) >> HW
[2026-04-17 11:31:51.426] [58100] [HailoRT] [info] [multi_io_elements.cpp:135] [create] Created (NmsPPMuxEl0YOLOV8-Post-Process | Op YOLOV8, Name: YOLOV8-Post-Process, Score threshold: 0.200, IoU threshold: 0.70, Classes: 80, Max bboxes per class: 100, Image height: 640, Image width: 640)
[2026-04-17 11:31:51.426] [58100] [HailoRT] [info] [edge_elements.cpp:287] [create] Created (HwReadEl3yolov11n/conv51_143 | hw_frame_size: 409600)
[2026-04-17 11:31:51.426] [58100] [HailoRT] [info] [queue_elements.cpp:657] [create] Created (PullQEl_nms3yolov11n/conv51_143 | timeout: 10s)
[2026-04-17 11:31:51.426] [58100] [HailoRT] [info] [edge_elements.cpp:287] [create] Created (HwReadEl12yolov11n/conv54_143 | hw_frame_size: 512000)
[2026-04-17 11:31:51.426] [58100] [HailoRT] [info] [queue_elements.cpp:657] [create] Created (PullQEl_nms12yolov11n/conv54_143 | timeout: 10s)
[2026-04-17 11:31:51.426] [58100] [HailoRT] [info] [edge_elements.cpp:287] [create] Created (HwReadEl15yolov11n/conv62_143 | hw_frame_size: 102400)
[2026-04-17 11:31:51.426] [58100] [HailoRT] [info] [queue_elements.cpp:657] [create] Created (PullQEl_nms15yolov11n/conv62_143 | timeout: 10s)
[2026-04-17 11:31:51.426] [58100] [HailoRT] [info] [edge_elements.cpp:287] [create] Created (HwReadEl13yolov11n/conv65_143 | hw_frame_size: 128000)
[2026-04-17 11:31:51.426] [58100] [HailoRT] [info] [queue_elements.cpp:657] [create] Created (PullQEl_nms13yolov11n/conv65_143 | timeout: 10s)
[2026-04-17 11:31:51.426] [58100] [HailoRT] [info] [edge_elements.cpp:287] [create] Created (HwReadEl1yolov11n/conv77_143 | hw_frame_size: 30720)
[2026-04-17 11:31:51.426] [58100] [HailoRT] [info] [queue_elements.cpp:657] [create] Created (PullQEl_nms1yolov11n/conv77_143 | timeout: 10s)
[2026-04-17 11:31:51.426] [58100] [HailoRT] [info] [edge_elements.cpp:287] [create] Created (HwReadEl0yolov11n/conv80_143 | hw_frame_size: 38400)
[2026-04-17 11:31:51.426] [58100] [HailoRT] [info] [queue_elements.cpp:657] [create] Created (PullQEl_nms0yolov11n/conv80_143 | timeout: 10s)
[2026-04-17 11:31:51.426] [58100] [HailoRT] [info] [queue_elements.cpp:800] [create] Created (UserBufQEl_post_infer0yolov11n/yolov8_nms_postprocess | timeout: 10s)
[2026-04-17 11:31:51.426] [58100] [HailoRT] [info] [vstream.cpp:1114] [OutputVStreamImpl] Creating yolov11n/yolov8_nms_postprocess...
[2026-04-17 11:31:51.426] [58100] [HailoRT] [info] [vstream_builder.cpp:622] [create_output_post_process_nms] Output pipeline 'yolov11n/yolov8_nms_postprocess': HW >> (HwReadEl3yolov11n/conv51_143 | hw_frame_size: 409600) >> (PullQEl_nms3yolov11n/conv51_143) >> (HwReadEl12yolov11n/conv54_143 | hw_frame_size: 512000) >> (PullQEl_nms12yolov11n/conv54_143) >> (HwReadEl15yolov11n/conv62_143 | hw_frame_size: 102400) >> (PullQEl_nms15yolov11n/conv62_143) >> (HwReadEl13yolov11n/conv65_143 | hw_frame_size: 128000) >> (PullQEl_nms13yolov11n/conv65_143) >> (HwReadEl1yolov11n/conv77_143 | hw_frame_size: 30720) >> (PullQEl_nms1yolov11n/conv77_143) >> (HwReadEl0yolov11n/conv80_143 | hw_frame_size: 38400) >> (PullQEl_nms0yolov11n/conv80_143) >> (NmsPPMuxEl0YOLOV8-Post-Process | Op YOLOV8, Name: YOLOV8-Post-Process, Score threshold: 0.200, IoU threshold: 0.70, Classes: 80, Max bboxes per class: 100, Image height: 640, Image width: 640) >> (UserBufQEl_post_infer0yolov11n/yolov8_nms_postprocess | timeout: 10s)
[2026-04-17 11:32:51.427] [58624] [HailoRT] [info] [vdevice_native_stream.cpp:142] [write_impl] Failed write to stream yolov11n/input_layer1 (device: 0001:01:00.0) with status=HAILO_STREAM_ABORT(63)
[2026-04-17 11:32:51.427] [58629] [HailoRT] [info] [vdevice_native_stream.cpp:331] [read_impl] Failed read from stream HAILO_STREAM_ABORT(63) (device: 0001:01:00.0)
[2026-04-17 11:32:51.427] [58629] [HailoRT] [info] [edge_elements.cpp:396] [run_pull] Reading from stream was aborted!
[2026-04-17 11:32:51.427] [58629] [HailoRT] [info] [queue_elements.cpp:738] [run_in_thread] run_pull of queue element PullQEl_nms1yolov11n/conv77_143 was aborted!
[2026-04-17 11:32:51.427] [58630] [HailoRT] [info] [vdevice_native_stream.cpp:331] [read_impl] Failed read from stream HAILO_STREAM_ABORT(63) (device: 0001:01:00.0)
[2026-04-17 11:32:51.427] [58630] [HailoRT] [info] [edge_elements.cpp:396] [run_pull] Reading from stream was aborted!
[2026-04-17 11:32:51.427] [58628] [HailoRT] [info] [vdevice_native_stream.cpp:331] [read_impl] Failed read from stream HAILO_STREAM_ABORT(63) (device: 0001:01:00.0)
[2026-04-17 11:32:51.427] [58628] [HailoRT] [info] [edge_elements.cpp:396] [run_pull] Reading from stream was aborted!
[2026-04-17 11:32:51.427] [58626] [HailoRT] [info] [vdevice_native_stream.cpp:331] [read_impl] Failed read from stream HAILO_STREAM_ABORT(63) (device: 0001:01:00.0)
[2026-04-17 11:32:51.427] [58626] [HailoRT] [info] [edge_elements.cpp:396] [run_pull] Reading from stream was aborted!
[2026-04-17 11:32:51.427] [58624] [HailoRT] [info] [edge_elements.cpp:87] [run_push] Failed to send on input stream InputStream(index=8, name=yolov11n/input_layer1) because stream was aborted
[2026-04-17 11:32:51.427] [58626] [HailoRT] [info] [queue_elements.cpp:738] [run_in_thread] run_pull of queue element PullQEl_nms12yolov11n/conv54_143 was aborted!
[2026-04-17 11:32:51.427] [58624] [HailoRT] [info] [queue_elements.cpp:401] [run_in_thread] run_push of PushQEl8yolov11n/input_layer1 was aborted!
[2026-04-17 11:32:51.427] [58625] [HailoRT] [info] [vdevice_native_stream.cpp:331] [read_impl] Failed read from stream HAILO_STREAM_ABORT(63) (device: 0001:01:00.0)
[2026-04-17 11:32:51.427] [58625] [HailoRT] [info] [edge_elements.cpp:396] [run_pull] Reading from stream was aborted!
[2026-04-17 11:32:51.427] [58635] [HailoRT] [info] [vstream.cpp:774] [write] Sending to VStream was shutdown!
[2026-04-17 11:32:51.427] [58635] [HailoRT] [info] [vstream.cpp:778] [write] Sending to VStream was aborted!
[2026-04-17 11:32:51.427] [58625] [HailoRT] [info] [queue_elements.cpp:738] [run_in_thread] run_pull of queue element PullQEl_nms3yolov11n/conv51_143 was aborted!
[2026-04-17 11:32:51.427] [58627] [HailoRT] [info] [vdevice_native_stream.cpp:331] [read_impl] Failed read from stream HAILO_STREAM_ABORT(63) (device: 0001:01:00.0)
[2026-04-17 11:32:51.427] [58627] [HailoRT] [info] [edge_elements.cpp:396] [run_pull] Reading from stream was aborted!
[2026-04-17 11:32:51.427] [58634] [HailoRT] [info] [queue_elements.cpp:706] [run_pull] Shutdown event was signaled in dequeue of queue element PullQEl_nms3yolov11n/conv51_143!
[2026-04-17 11:32:51.427] [58627] [HailoRT] [info] [queue_elements.cpp:738] [run_in_thread] run_pull of queue element PullQEl_nms15yolov11n/conv62_143 was aborted!
[2026-04-17 11:32:51.427] [58634] [HailoRT] [info] [vstream.cpp:1138] [read] Receiving to VStream was shutdown!
[2026-04-17 11:32:51.427] [58628] [HailoRT] [info] [queue_elements.cpp:738] [run_in_thread] run_pull of queue element PullQEl_nms13yolov11n/conv65_143 was aborted!
[2026-04-17 11:32:51.427] [58630] [HailoRT] [info] [queue_elements.cpp:738] [run_in_thread] run_pull of queue element PullQEl_nms0yolov11n/conv80_143 was aborted!
[2026-04-17 11:32:51.435] [58100] [HailoRT] [info] [queue_elements.cpp:360] [execute_deactivate] enqueue() in element PushQEl8yolov11n/input_layer1 was aborted, got status = HAILO_SHUTDOWN_EVENT_SIGNALED(57)
[2026-04-17 11:32:51.435] [58624] [HailoRT] [info] [queue_elements.cpp:68] [operator()] Thread in element PushQEl8yolov11n/input_layer1 is not running anymore, exiting..
[2026-04-17 11:32:51.435] [58100] [HailoRT] [info] [queue_elements.cpp:46] [~BaseQueueElement] Queue element PushQEl8yolov11n/input_layer1 has 1 frames in his Queue on destruction
[2026-04-17 11:32:51.435] [58631] [HailoRT] [info] [queue_elements.cpp:68] [operator()] Thread in element UserBufQEl_post_infer0yolov11n/yolov8_nms_postprocess is not running anymore, exiting..
[2026-04-17 11:32:51.435] [58100] [HailoRT] [info] [queue_elements.cpp:46] [~BaseQueueElement] Queue element UserBufQEl_post_infer0yolov11n/yolov8_nms_postprocess has 0 frames in his Queue on destruction
[2026-04-17 11:32:51.435] [58630] [HailoRT] [info] [queue_elements.cpp:68] [operator()] Thread in element PullQEl_nms0yolov11n/conv80_143 is not running anymore, exiting..
[2026-04-17 11:32:51.435] [58100] [HailoRT] [info] [queue_elements.cpp:46] [~BaseQueueElement] Queue element PullQEl_nms0yolov11n/conv80_143 has 0 frames in his Queue on destruction
[2026-04-17 11:32:51.435] [58629] [HailoRT] [info] [queue_elements.cpp:68] [operator()] Thread in element PullQEl_nms1yolov11n/conv77_143 is not running anymore, exiting..
[2026-04-17 11:32:51.435] [58100] [HailoRT] [info] [queue_elements.cpp:46] [~BaseQueueElement] Queue element PullQEl_nms1yolov11n/conv77_143 has 0 frames in his Queue on destruction
[2026-04-17 11:32:51.435] [58628] [HailoRT] [info] [queue_elements.cpp:68] [operator()] Thread in element PullQEl_nms13yolov11n/conv65_143 is not running anymore, exiting..
[2026-04-17 11:32:51.435] [58100] [HailoRT] [info] [queue_elements.cpp:46] [~BaseQueueElement] Queue element PullQEl_nms13yolov11n/conv65_143 has 0 frames in his Queue on destruction
[2026-04-17 11:32:51.435] [58627] [HailoRT] [info] [queue_elements.cpp:68] [operator()] Thread in element PullQEl_nms15yolov11n/conv62_143 is not running anymore, exiting..
[2026-04-17 11:32:51.435] [58100] [HailoRT] [info] [queue_elements.cpp:46] [~BaseQueueElement] Queue element PullQEl_nms15yolov11n/conv62_143 has 0 frames in his Queue on destruction
[2026-04-17 11:32:51.435] [58626] [HailoRT] [info] [queue_elements.cpp:68] [operator()] Thread in element PullQEl_nms12yolov11n/conv54_143 is not running anymore, exiting..
[2026-04-17 11:32:51.435] [58100] [HailoRT] [info] [queue_elements.cpp:46] [~BaseQueueElement] Queue element PullQEl_nms12yolov11n/conv54_143 has 0 frames in his Queue on destruction
[2026-04-17 11:32:51.435] [58625] [HailoRT] [info] [queue_elements.cpp:68] [operator()] Thread in element PullQEl_nms3yolov11n/conv51_143 is not running anymore, exiting..
[2026-04-17 11:32:51.435] [58100] [HailoRT] [info] [queue_elements.cpp:46] [~BaseQueueElement] Queue element PullQEl_nms3yolov11n/conv51_143 has 0 frames in his Queue on destruction
[2026-04-17 11:32:51.436] [58100] [HailoRT] [info] [core_op.cpp:186] [deactivate] Deactivating took 0.007259 ms
[2026-04-17 11:32:51.436] [58100] [HailoRT] [info] [core_op.cpp:186] [deactivate] Deactivating took 0.016203 ms
[2026-04-17 11:32:51.492] [58100] [HailoRT] [info] [vdevice.cpp:535] [create] Creating vdevice with params: device_count: 1, scheduling_algorithm: NONE, multi_process_service: false
[2026-04-17 11:32:51.492] [58100] [HailoRT] [info] [device.cpp:51] [Device] OS Version: Linux 6.12.75+rpt-rpi-2712 #1 SMP PREEMPT Debian 1:6.12.75-1+rpt1 (2026-03-11) aarch64
[2026-04-17 11:32:51.492] [58100] [HailoRT] [info] [control.cpp:113] [control__parse_identify_results] firmware_version is: 4.23.0
[2026-04-17 11:32:51.492] [58100] [HailoRT] [info] [vdevice.cpp:682] [create] VDevice Infos: 0001:01:00.0
[2026-04-17 11:32:51.519] [58100] [HailoRT] [info] [internal_buffer_manager.cpp:77] [print_execution_results] Planned internal buffer memory: CMA=0 CMA-Desc=1441792 Pinned=44751360. memory to edge layer usage factor is 1
[2026-04-17 11:32:51.519] [58100] [HailoRT] [info] [internal_buffer_manager.cpp:86] [print_execution_results] Default Internal buffer planner executed successfully
[2026-04-17 11:32:51.605] [58100] [HailoRT] [info] [device_internal.cpp:57] [configure] Configuring HEF took 112.582621 milliseconds
[2026-04-17 11:32:51.605] [58100] [HailoRT] [info] [vdevice.cpp:780] [configure] Configuring HEF on VDevice took 113.022915 milliseconds
[2026-04-17 11:32:51.606] [58100] [HailoRT] [info] [control.cpp:113] [control__parse_identify_results] firmware_version is: 4.23.0
[2026-04-17 11:32:51.606] [58100] [HailoRT] [info] [control.cpp:113] [control__parse_identify_results] firmware_version is: 4.23.0
[2026-04-17 11:32:51.624] [58100] [HailoRT] [info] [core_op.cpp:156] [activate] Activating yolov11n took 17.993184 milliseconds. Note that the function is asynchronous and thus the network is not fully activated yet.
[2026-04-17 11:32:51.624] [58100] [HailoRT] [info] [core_op.cpp:156] [activate] Activating yolov11n took 18.017183 milliseconds. Note that the function is asynchronous and thus the network is not fully activated yet.
[2026-04-17 11:32:51.637] [58100] [HailoRT] [info] [control.cpp:113] [control__parse_identify_results] firmware_version is: 4.23.0
[2026-04-17 11:32:51.638] [58100] [HailoRT] [info] [control.cpp:113] [control__parse_identify_results] firmware_version is: 4.23.0
[2026-04-17 11:32:51.638] [58100] [HailoRT] [info] [edge_elements.cpp:52] [create] Created (HwWriteEl8yolov11n/input_layer1 | hw_frame_size: 1228800)
[2026-04-17 11:32:51.638] [58100] [HailoRT] [info] [queue_elements.cpp:284] [create] Created (PushQEl8yolov11n/input_layer1 | timeout: 10s)
[2026-04-17 11:32:51.638] [58100] [HailoRT] [info] [filter_elements.cpp:101] [create] Created (PreInferEl8yolov11n/input_layer1 | Reorder - src_order: NHWC, src_shape: (640, 640, 3), dst_order: NHCW, dst_shape: (640, 640, 3))
[2026-04-17 11:32:51.638] [58100] [HailoRT] [info] [vstream.cpp:754] [InputVStreamImpl] Creating yolov11n/input_layer1...
[2026-04-17 11:32:51.638] [58100] [HailoRT] [info] [vstream_builder.cpp:102] [create_inputs] Input pipeline 'yolov11n/input_layer1': (PreInferEl8yolov11n/input_layer1 | Reorder - src_order: NHWC, src_shape: (640, 640, 3), dst_order: NHCW, dst_shape: (640, 640, 3)) >> (PushQEl8yolov11n/input_layer1 | timeout: 10s) >> (HwWriteEl8yolov11n/input_layer1 | hw_frame_size: 1228800) >> HW
[2026-04-17 11:32:51.638] [58100] [HailoRT] [info] [multi_io_elements.cpp:135] [create] Created (NmsPPMuxEl0YOLOV8-Post-Process | Op YOLOV8, Name: YOLOV8-Post-Process, Score threshold: 0.200, IoU threshold: 0.70, Classes: 80, Max bboxes per class: 100, Image height: 640, Image width: 640)
[2026-04-17 11:32:51.638] [58100] [HailoRT] [info] [edge_elements.cpp:287] [create] Created (HwReadEl3yolov11n/conv51_143 | hw_frame_size: 409600)
[2026-04-17 11:32:51.638] [58100] [HailoRT] [info] [queue_elements.cpp:657] [create] Created (PullQEl_nms3yolov11n/conv51_143 | timeout: 10s)
[2026-04-17 11:32:51.638] [58100] [HailoRT] [info] [edge_elements.cpp:287] [create] Created (HwReadEl12yolov11n/conv54_143 | hw_frame_size: 512000)
[2026-04-17 11:32:51.638] [58100] [HailoRT] [info] [queue_elements.cpp:657] [create] Created (PullQEl_nms12yolov11n/conv54_143 | timeout: 10s)
[2026-04-17 11:32:51.638] [58100] [HailoRT] [info] [edge_elements.cpp:287] [create] Created (HwReadEl15yolov11n/conv62_143 | hw_frame_size: 102400)
[2026-04-17 11:32:51.638] [58100] [HailoRT] [info] [queue_elements.cpp:657] [create] Created (PullQEl_nms15yolov11n/conv62_143 | timeout: 10s)
[2026-04-17 11:32:51.638] [58100] [HailoRT] [info] [edge_elements.cpp:287] [create] Created (HwReadEl13yolov11n/conv65_143 | hw_frame_size: 128000)
[2026-04-17 11:32:51.638] [58100] [HailoRT] [info] [queue_elements.cpp:657] [create] Created (PullQEl_nms13yolov11n/conv65_143 | timeout: 10s)
[2026-04-17 11:32:51.638] [58100] [HailoRT] [info] [edge_elements.cpp:287] [create] Created (HwReadEl1yolov11n/conv77_143 | hw_frame_size: 30720)
[2026-04-17 11:32:51.638] [58100] [HailoRT] [info] [queue_elements.cpp:657] [create] Created (PullQEl_nms1yolov11n/conv77_143 | timeout: 10s)
[2026-04-17 11:32:51.638] [58100] [HailoRT] [info] [edge_elements.cpp:287] [create] Created (HwReadEl0yolov11n/conv80_143 | hw_frame_size: 38400)
[2026-04-17 11:32:51.638] [58100] [HailoRT] [info] [queue_elements.cpp:657] [create] Created (PullQEl_nms0yolov11n/conv80_143 | timeout: 10s)
[2026-04-17 11:32:51.639] [58100] [HailoRT] [info] [queue_elements.cpp:800] [create] Created (UserBufQEl_post_infer0yolov11n/yolov8_nms_postprocess | timeout: 10s)
[2026-04-17 11:32:51.639] [58100] [HailoRT] [info] [vstream.cpp:1114] [OutputVStreamImpl] Creating yolov11n/yolov8_nms_postprocess...
[2026-04-17 11:32:51.639] [58100] [HailoRT] [info] [vstream_builder.cpp:622] [create_output_post_process_nms] Output pipeline 'yolov11n/yolov8_nms_postprocess': HW >> (HwReadEl3yolov11n/conv51_143 | hw_frame_size: 409600) >> (PullQEl_nms3yolov11n/conv51_143) >> (HwReadEl12yolov11n/conv54_143 | hw_frame_size: 512000) >> (PullQEl_nms12yolov11n/conv54_143) >> (HwReadEl15yolov11n/conv62_143 | hw_frame_size: 102400) >> (PullQEl_nms15yolov11n/conv62_143) >> (HwReadEl13yolov11n/conv65_143 | hw_frame_size: 128000) >> (PullQEl_nms13yolov11n/conv65_143) >> (HwReadEl1yolov11n/conv77_143 | hw_frame_size: 30720) >> (PullQEl_nms1yolov11n/conv77_143) >> (HwReadEl0yolov11n/conv80_143 | hw_frame_size: 38400) >> (PullQEl_nms0yolov11n/conv80_143) >> (NmsPPMuxEl0YOLOV8-Post-Process | Op YOLOV8, Name: YOLOV8-Post-Process, Score threshold: 0.200, IoU threshold: 0.70, Classes: 80, Max bboxes per class: 100, Image height: 640, Image width: 640) >> (UserBufQEl_post_infer0yolov11n/yolov8_nms_postprocess | timeout: 10s)
[2026-04-17 11:33:51.639] [59114] [HailoRT] [info] [vdevice_native_stream.cpp:331] [read_impl] Failed read from stream HAILO_STREAM_ABORT(63) (device: 0001:01:00.0)
[2026-04-17 11:33:51.639] [59114] [HailoRT] [info] [edge_elements.cpp:396] [run_pull] Reading from stream was aborted!
[2026-04-17 11:33:51.639] [59117] [HailoRT] [info] [vdevice_native_stream.cpp:331] [read_impl] Failed read from stream HAILO_STREAM_ABORT(63) (device: 0001:01:00.0)
[2026-04-17 11:33:51.639] [59117] [HailoRT] [info] [edge_elements.cpp:396] [run_pull] Reading from stream was aborted!
[2026-04-17 11:33:51.639] [59114] [HailoRT] [info] [queue_elements.cpp:738] [run_in_thread] run_pull of queue element PullQEl_nms15yolov11n/conv62_143 was aborted!
[2026-04-17 11:33:51.639] [59117] [HailoRT] [info] [queue_elements.cpp:738] [run_in_thread] run_pull of queue element PullQEl_nms0yolov11n/conv80_143 was aborted!
[2026-04-17 11:33:51.639] [59116] [HailoRT] [info] [vdevice_native_stream.cpp:331] [read_impl] Failed read from stream HAILO_STREAM_ABORT(63) (device: 0001:01:00.0)
[2026-04-17 11:33:51.639] [59116] [HailoRT] [info] [edge_elements.cpp:396] [run_pull] Reading from stream was aborted!
[2026-04-17 11:33:51.639] [59116] [HailoRT] [info] [queue_elements.cpp:738] [run_in_thread] run_pull of queue element PullQEl_nms1yolov11n/conv77_143 was aborted!
[2026-04-17 11:33:51.639] [59113] [HailoRT] [info] [vdevice_native_stream.cpp:331] [read_impl] Failed read from stream HAILO_STREAM_ABORT(63) (device: 0001:01:00.0)
[2026-04-17 11:33:51.639] [59113] [HailoRT] [info] [edge_elements.cpp:396] [run_pull] Reading from stream was aborted!
[2026-04-17 11:33:51.639] [59113] [HailoRT] [info] [queue_elements.cpp:738] [run_in_thread] run_pull of queue element PullQEl_nms12yolov11n/conv54_143 was aborted!
[2026-04-17 11:33:51.640] [59111] [HailoRT] [info] [vdevice_native_stream.cpp:142] [write_impl] Failed write to stream yolov11n/input_layer1 (device: 0001:01:00.0) with status=HAILO_STREAM_ABORT(63)
[2026-04-17 11:33:51.640] [59111] [HailoRT] [info] [edge_elements.cpp:87] [run_push] Failed to send on input stream InputStream(index=8, name=yolov11n/input_layer1) because stream was aborted
[2026-04-17 11:33:51.640] [59111] [HailoRT] [info] [queue_elements.cpp:401] [run_in_thread] run_push of PushQEl8yolov11n/input_layer1 was aborted!
[2026-04-17 11:33:51.641] [59122] [HailoRT] [info] [queue_elements.cpp:319] [run_push] run_push of PushQEl8yolov11n/input_layer1 was aborted!
[2026-04-17 11:33:51.641] [59122] [HailoRT] [info] [filter_elements.cpp:35] [run_push] run_push of PreInferEl8yolov11n/input_layer1 was aborted!
[2026-04-17 11:33:51.641] [59122] [HailoRT] [info] [vstream.cpp:778] [write] Sending to VStream was aborted!
[2026-04-17 11:33:51.641] [59112] [HailoRT] [info] [vdevice_native_stream.cpp:331] [read_impl] Failed read from stream HAILO_STREAM_ABORT(63) (device: 0001:01:00.0)
[2026-04-17 11:33:51.641] [59112] [HailoRT] [info] [edge_elements.cpp:396] [run_pull] Reading from stream was aborted!
[2026-04-17 11:33:51.641] [59112] [HailoRT] [info] [queue_elements.cpp:738] [run_in_thread] run_pull of queue element PullQEl_nms3yolov11n/conv51_143 was aborted!
[2026-04-17 11:33:51.641] [59115] [HailoRT] [info] [vdevice_native_stream.cpp:331] [read_impl] Failed read from stream HAILO_STREAM_ABORT(63) (device: 0001:01:00.0)
[2026-04-17 11:33:51.641] [59115] [HailoRT] [info] [edge_elements.cpp:396] [run_pull] Reading from stream was aborted!
[2026-04-17 11:33:51.641] [59121] [HailoRT] [info] [queue_elements.cpp:706] [run_pull] Shutdown event was signaled in dequeue of queue element PullQEl_nms3yolov11n/conv51_143!
[2026-04-17 11:33:51.641] [59115] [HailoRT] [info] [queue_elements.cpp:738] [run_in_thread] run_pull of queue element PullQEl_nms13yolov11n/conv65_143 was aborted!
[2026-04-17 11:33:51.641] [59121] [HailoRT] [info] [vstream.cpp:1138] [read] Receiving to VStream was shutdown!
[2026-04-17 11:33:51.647] [58100] [HailoRT] [info] [queue_elements.cpp:360] [execute_deactivate] enqueue() in element PushQEl8yolov11n/input_layer1 was aborted, got status = HAILO_SHUTDOWN_EVENT_SIGNALED(57)
[2026-04-17 11:33:51.647] [59111] [HailoRT] [info] [queue_elements.cpp:68] [operator()] Thread in element PushQEl8yolov11n/input_layer1 is not running anymore, exiting..
[2026-04-17 11:33:51.647] [58100] [HailoRT] [info] [queue_elements.cpp:46] [~BaseQueueElement] Queue element PushQEl8yolov11n/input_layer1 has 0 frames in his Queue on destruction
[2026-04-17 11:33:51.647] [59118] [HailoRT] [info] [queue_elements.cpp:68] [operator()] Thread in element UserBufQEl_post_infer0yolov11n/yolov8_nms_postprocess is not running anymore, exiting..
[2026-04-17 11:33:51.648] [58100] [HailoRT] [info] [queue_elements.cpp:46] [~BaseQueueElement] Queue element UserBufQEl_post_infer0yolov11n/yolov8_nms_postprocess has 0 frames in his Queue on destruction
[2026-04-17 11:33:51.648] [59117] [HailoRT] [info] [queue_elements.cpp:68] [operator()] Thread in element PullQEl_nms0yolov11n/conv80_143 is not running anymore, exiting..
[2026-04-17 11:33:51.648] [58100] [HailoRT] [info] [queue_elements.cpp:46] [~BaseQueueElement] Queue element PullQEl_nms0yolov11n/conv80_143 has 0 frames in his Queue on destruction
[2026-04-17 11:33:51.648] [59116] [HailoRT] [info] [queue_elements.cpp:68] [operator()] Thread in element PullQEl_nms1yolov11n/conv77_143 is not running anymore, exiting..
[2026-04-17 11:33:51.648] [58100] [HailoRT] [info] [queue_elements.cpp:46] [~BaseQueueElement] Queue element PullQEl_nms1yolov11n/conv77_143 has 0 frames in his Queue on destruction
[2026-04-17 11:33:51.648] [59115] [HailoRT] [info] [queue_elements.cpp:68] [operator()] Thread in element PullQEl_nms13yolov11n/conv65_143 is not running anymore, exiting..
[2026-04-17 11:33:51.648] [58100] [HailoRT] [info] [queue_elements.cpp:46] [~BaseQueueElement] Queue element PullQEl_nms13yolov11n/conv65_143 has 0 frames in his Queue on destruction
[2026-04-17 11:33:51.648] [59114] [HailoRT] [info] [queue_elements.cpp:68] [operator()] Thread in element PullQEl_nms15yolov11n/conv62_143 is not running anymore, exiting..
[2026-04-17 11:33:51.648] [58100] [HailoRT] [info] [queue_elements.cpp:46] [~BaseQueueElement] Queue element PullQEl_nms15yolov11n/conv62_143 has 0 frames in his Queue on destruction
[2026-04-17 11:33:51.648] [59113] [HailoRT] [info] [queue_elements.cpp:68] [operator()] Thread in element PullQEl_nms12yolov11n/conv54_143 is not running anymore, exiting..
[2026-04-17 11:33:51.648] [58100] [HailoRT] [info] [queue_elements.cpp:46] [~BaseQueueElement] Queue element PullQEl_nms12yolov11n/conv54_143 has 0 frames in his Queue on destruction
[2026-04-17 11:33:51.648] [59112] [HailoRT] [info] [queue_elements.cpp:68] [operator()] Thread in element PullQEl_nms3yolov11n/conv51_143 is not running anymore, exiting..
[2026-04-17 11:33:51.648] [58100] [HailoRT] [info] [queue_elements.cpp:46] [~BaseQueueElement] Queue element PullQEl_nms3yolov11n/conv51_143 has 0 frames in his Queue on destruction
[2026-04-17 11:33:51.648] [58100] [HailoRT] [info] [core_op.cpp:186] [deactivate] Deactivating took 0.012611 ms
[2026-04-17 11:33:51.648] [58100] [HailoRT] [info] [core_op.cpp:186] [deactivate] Deactivating took 0.026037 ms
[2026-04-17 11:34:01.985] [59640] [HailoRT] [info] [vdevice.cpp:535] [create] Creating vdevice with params: device_count: 1, scheduling_algorithm: NONE, multi_process_service: false
[2026-04-17 11:34:01.999] [59640] [HailoRT] [info] [device.cpp:51] [Device] OS Version: Linux 6.12.75+rpt-rpi-2712 #1 SMP PREEMPT Debian 1:6.12.75-1+rpt1 (2026-03-11) aarch64
[2026-04-17 11:34:02.001] [59640] [HailoRT] [info] [control.cpp:113] [control__parse_identify_results] firmware_version is: 4.23.0
[2026-04-17 11:34:02.001] [59640] [HailoRT] [info] [vdevice.cpp:682] [create] VDevice Infos: 0001:01:00.0
[2026-04-17 11:34:02.020] [59640] [HailoRT] [info] [internal_buffer_manager.cpp:77] [print_execution_results] Planned internal buffer memory: CMA=0 CMA-Desc=1507328 Pinned=45928960. memory to edge layer usage factor is 1
[2026-04-17 11:34:02.020] [59640] [HailoRT] [info] [internal_buffer_manager.cpp:86] [print_execution_results] Default Internal buffer planner executed successfully
[2026-04-17 11:34:02.103] [59640] [HailoRT] [info] [device_internal.cpp:57] [configure] Configuring HEF took 101.547102 milliseconds
[2026-04-17 11:34:02.103] [59640] [HailoRT] [info] [vdevice.cpp:780] [configure] Configuring HEF on VDevice took 102.019433 milliseconds
[2026-04-17 11:34:02.103] [59640] [HailoRT] [info] [control.cpp:113] [control__parse_identify_results] firmware_version is: 4.23.0
[2026-04-17 11:34:02.104] [59640] [HailoRT] [info] [control.cpp:113] [control__parse_identify_results] firmware_version is: 4.23.0
[2026-04-17 11:34:02.123] [59640] [HailoRT] [info] [core_op.cpp:156] [activate] Activating yolov11n took 18.84359 milliseconds. Note that the function is asynchronous and thus the network is not fully activated yet.
[2026-04-17 11:34:02.123] [59640] [HailoRT] [info] [core_op.cpp:156] [activate] Activating yolov11n took 18.872052 milliseconds. Note that the function is asynchronous and thus the network is not fully activated yet.
[2026-04-17 11:34:02.136] [59640] [HailoRT] [info] [control.cpp:113] [control__parse_identify_results] firmware_version is: 4.23.0
[2026-04-17 11:34:02.136] [59640] [HailoRT] [info] [control.cpp:113] [control__parse_identify_results] firmware_version is: 4.23.0
[2026-04-17 11:34:03.389] [59632] [HailoRT] [info] [device.cpp:51] [Device] OS Version: Linux 6.12.75+rpt-rpi-2712 #1 SMP PREEMPT Debian 1:6.12.75-1+rpt1 (2026-03-11) aarch64
[2026-04-17 11:34:03.389] [59632] [HailoRT] [info] [control.cpp:113] [control__parse_identify_results] firmware_version is: 4.23.0
[2026-04-17 11:34:03.390] [59632] [HailoRT] [info] [control.cpp:113] [control__parse_identify_results] firmware_version is: 4.23.0
[2026-04-17 11:35:02.137] [59655] [HailoRT] [info] [vdevice_native_stream.cpp:142] [write_impl] Failed write to stream yolov11n/input_layer1 (device: 0001:01:00.0) with status=HAILO_STREAM_ABORT(63)
[2026-04-17 11:35:02.137] [59653] [HailoRT] [info] [vdevice_native_stream.cpp:331] [read_impl] Failed read from stream HAILO_STREAM_ABORT(63) (device: 0001:01:00.0)
[2026-04-17 11:35:02.137] [59651] [HailoRT] [info] [vdevice_native_stream.cpp:331] [read_impl] Failed read from stream HAILO_STREAM_ABORT(63) (device: 0001:01:00.0)
[2026-04-17 11:35:02.137] [59650] [HailoRT] [info] [vdevice_native_stream.cpp:331] [read_impl] Failed read from stream HAILO_STREAM_ABORT(63) (device: 0001:01:00.0)
[2026-04-17 11:35:02.137] [59654] [HailoRT] [info] [vdevice_native_stream.cpp:331] [read_impl] Failed read from stream HAILO_STREAM_ABORT(63) (device: 0001:01:00.0)
[2026-04-17 11:35:02.137] [59652] [HailoRT] [info] [vdevice_native_stream.cpp:331] [read_impl] Failed read from stream HAILO_STREAM_ABORT(63) (device: 0001:01:00.0)
[2026-04-17 11:35:02.137] [59649] [HailoRT] [info] [vdevice_native_stream.cpp:331] [read_impl] Failed read from stream HAILO_STREAM_ABORT(63) (device: 0001:01:00.0)
[2026-04-17 11:35:02.145] [59640] [HailoRT] [info] [core_op.cpp:186] [deactivate] Deactivating took 0.007019 ms
[2026-04-17 11:35:02.145] [59640] [HailoRT] [info] [core_op.cpp:186] [deactivate] Deactivating took 0.024537 ms
[2026-04-17 11:35:02.202] [59640] [HailoRT] [info] [vdevice.cpp:535] [create] Creating vdevice with params: device_count: 1, scheduling_algorithm: NONE, multi_process_service: false
[2026-04-17 11:35:02.202] [59640] [HailoRT] [info] [device.cpp:51] [Device] OS Version: Linux 6.12.75+rpt-rpi-2712 #1 SMP PREEMPT Debian 1:6.12.75-1+rpt1 (2026-03-11) aarch64
[2026-04-17 11:35:02.202] [59640] [HailoRT] [info] [control.cpp:113] [control__parse_identify_results] firmware_version is: 4.23.0
[2026-04-17 11:35:02.202] [59640] [HailoRT] [info] [vdevice.cpp:682] [create] VDevice Infos: 0001:01:00.0
[2026-04-17 11:35:02.225] [59640] [HailoRT] [info] [internal_buffer_manager.cpp:77] [print_execution_results] Planned internal buffer memory: CMA=0 CMA-Desc=1507328 Pinned=45928960. memory to edge layer usage factor is 1
[2026-04-17 11:35:02.225] [59640] [HailoRT] [info] [internal_buffer_manager.cpp:86] [print_execution_results] Default Internal buffer planner executed successfully
[2026-04-17 11:35:02.323] [59640] [HailoRT] [info] [device_internal.cpp:57] [configure] Configuring HEF took 120.337515 milliseconds
[2026-04-17 11:35:02.323] [59640] [HailoRT] [info] [vdevice.cpp:780] [configure] Configuring HEF on VDevice took 120.708754 milliseconds
[2026-04-17 11:35:02.324] [59640] [HailoRT] [info] [control.cpp:113] [control__parse_identify_results] firmware_version is: 4.23.0
[2026-04-17 11:35:02.324] [59640] [HailoRT] [info] [control.cpp:113] [control__parse_identify_results] firmware_version is: 4.23.0
[2026-04-17 11:35:02.343] [59640] [HailoRT] [info] [core_op.cpp:156] [activate] Activating yolov11n took 18.915627 milliseconds. Note that the function is asynchronous and thus the network is not fully activated yet.
[2026-04-17 11:35:02.343] [59640] [HailoRT] [info] [core_op.cpp:156] [activate] Activating yolov11n took 18.950664 milliseconds. Note that the function is asynchronous and thus the network is not fully activated yet.
[2026-04-17 11:35:02.356] [59640] [HailoRT] [info] [control.cpp:113] [control__parse_identify_results] firmware_version is: 4.23.0
[2026-04-17 11:35:02.356] [59640] [HailoRT] [info] [control.cpp:113] [control__parse_identify_results] firmware_version is: 4.23.0
[2026-04-17 11:35:02.356] [59640] [HailoRT] [info] [edge_elements.cpp:52] [create] Created (HwWriteEl8yolov11n/input_layer1 | hw_frame_size: 1228800)
[2026-04-17 11:35:02.356] [59640] [HailoRT] [info] [queue_elements.cpp:284] [create] Created (PushQEl8yolov11n/input_layer1 | timeout: 10s)
[2026-04-17 11:35:02.356] [59640] [HailoRT] [info] [filter_elements.cpp:101] [create] Created (PreInferEl8yolov11n/input_layer1 | Reorder - src_order: NHWC, src_shape: (640, 640, 3), dst_order: NHCW, dst_shape: (640, 640, 3))
[2026-04-17 11:35:02.357] [59640] [HailoRT] [info] [vstream.cpp:754] [InputVStreamImpl] Creating yolov11n/input_layer1...
[2026-04-17 11:35:02.357] [59640] [HailoRT] [info] [vstream_builder.cpp:102] [create_inputs] Input pipeline 'yolov11n/input_layer1': (PreInferEl8yolov11n/input_layer1 | Reorder - src_order: NHWC, src_shape: (640, 640, 3), dst_order: NHCW, dst_shape: (640, 640, 3)) >> (PushQEl8yolov11n/input_layer1 | timeout: 10s) >> (HwWriteEl8yolov11n/input_layer1 | hw_frame_size: 1228800) >> HW
[2026-04-17 11:35:02.357] [59640] [HailoRT] [info] [multi_io_elements.cpp:135] [create] Created (NmsPPMuxEl0YOLOV8-Post-Process | Op YOLOV8, Name: YOLOV8-Post-Process, Score threshold: 0.200, IoU threshold: 0.70, Classes: 80, Max bboxes per class: 100, Image height: 640, Image width: 640)
[2026-04-17 11:35:02.357] [59640] [HailoRT] [info] [edge_elements.cpp:287] [create] Created (HwReadEl3yolov11n/conv51_143 | hw_frame_size: 409600)
[2026-04-17 11:35:02.357] [59640] [HailoRT] [info] [queue_elements.cpp:657] [create] Created (PullQEl_nms3yolov11n/conv51_143 | timeout: 10s)
[2026-04-17 11:35:02.357] [59640] [HailoRT] [info] [edge_elements.cpp:287] [create] Created (HwReadEl12yolov11n/conv54_143 | hw_frame_size: 512000)
[2026-04-17 11:35:02.357] [59640] [HailoRT] [info] [queue_elements.cpp:657] [create] Created (PullQEl_nms12yolov11n/conv54_143 | timeout: 10s)
[2026-04-17 11:35:02.357] [59640] [HailoRT] [info] [edge_elements.cpp:287] [create] Created (HwReadEl15yolov11n/conv62_143 | hw_frame_size: 102400)
[2026-04-17 11:35:02.357] [59640] [HailoRT] [info] [queue_elements.cpp:657] [create] Created (PullQEl_nms15yolov11n/conv62_143 | timeout: 10s)
[2026-04-17 11:35:02.357] [59640] [HailoRT] [info] [edge_elements.cpp:287] [create] Created (HwReadEl13yolov11n/conv65_143 | hw_frame_size: 128000)
[2026-04-17 11:35:02.357] [59640] [HailoRT] [info] [queue_elements.cpp:657] [create] Created (PullQEl_nms13yolov11n/conv65_143 | timeout: 10s)
[2026-04-17 11:35:02.357] [59640] [HailoRT] [info] [edge_elements.cpp:287] [create] Created (HwReadEl1yolov11n/conv77_143 | hw_frame_size: 30720)
[2026-04-17 11:35:02.357] [59640] [HailoRT] [info] [queue_elements.cpp:657] [create] Created (PullQEl_nms1yolov11n/conv77_143 | timeout: 10s)
[2026-04-17 11:35:02.357] [59640] [HailoRT] [info] [edge_elements.cpp:287] [create] Created (HwReadEl0yolov11n/conv80_143 | hw_frame_size: 38400)
[2026-04-17 11:35:02.357] [59640] [HailoRT] [info] [queue_elements.cpp:657] [create] Created (PullQEl_nms0yolov11n/conv80_143 | timeout: 10s)
[2026-04-17 11:35:02.357] [59640] [HailoRT] [info] [queue_elements.cpp:800] [create] Created (UserBufQEl_post_infer0yolov11n/yolov8_nms_postprocess | timeout: 10s)
[2026-04-17 11:35:02.357] [59640] [HailoRT] [info] [vstream.cpp:1114] [OutputVStreamImpl] Creating yolov11n/yolov8_nms_postprocess...
[2026-04-17 11:35:02.357] [59640] [HailoRT] [info] [vstream_builder.cpp:622] [create_output_post_process_nms] Output pipeline 'yolov11n/yolov8_nms_postprocess': HW >> (HwReadEl3yolov11n/conv51_143 | hw_frame_size: 409600) >> (PullQEl_nms3yolov11n/conv51_143) >> (HwReadEl12yolov11n/conv54_143 | hw_frame_size: 512000) >> (PullQEl_nms12yolov11n/conv54_143) >> (HwReadEl15yolov11n/conv62_143 | hw_frame_size: 102400) >> (PullQEl_nms15yolov11n/conv62_143) >> (HwReadEl13yolov11n/conv65_143 | hw_frame_size: 128000) >> (PullQEl_nms13yolov11n/conv65_143) >> (HwReadEl1yolov11n/conv77_143 | hw_frame_size: 30720) >> (PullQEl_nms1yolov11n/conv77_143) >> (HwReadEl0yolov11n/conv80_143 | hw_frame_size: 38400) >> (PullQEl_nms0yolov11n/conv80_143) >> (NmsPPMuxEl0YOLOV8-Post-Process | Op YOLOV8, Name: YOLOV8-Post-Process, Score threshold: 0.200, IoU threshold: 0.70, Classes: 80, Max bboxes per class: 100, Image height: 640, Image width: 640) >> (UserBufQEl_post_infer0yolov11n/yolov8_nms_postprocess | timeout: 10s)
[2026-04-17 11:36:02.358] [60161] [HailoRT] [info] [vdevice_native_stream.cpp:142] [write_impl] Failed write to stream yolov11n/input_layer1 (device: 0001:01:00.0) with status=HAILO_STREAM_ABORT(63)
[2026-04-17 11:36:02.358] [60162] [HailoRT] [info] [vdevice_native_stream.cpp:331] [read_impl] Failed read from stream HAILO_STREAM_ABORT(63) (device: 0001:01:00.0)
[2026-04-17 11:36:02.358] [60162] [HailoRT] [info] [edge_elements.cpp:396] [run_pull] Reading from stream was aborted!
[2026-04-17 11:36:02.358] [60161] [HailoRT] [info] [edge_elements.cpp:87] [run_push] Failed to send on input stream InputStream(index=8, name=yolov11n/input_layer1) because stream was aborted
[2026-04-17 11:36:02.358] [60161] [HailoRT] [info] [queue_elements.cpp:401] [run_in_thread] run_push of PushQEl8yolov11n/input_layer1 was aborted!
[2026-04-17 11:36:02.358] [60162] [HailoRT] [info] [queue_elements.cpp:738] [run_in_thread] run_pull of queue element PullQEl_nms3yolov11n/conv51_143 was aborted!
[2026-04-17 11:36:02.358] [60165] [HailoRT] [info] [vdevice_native_stream.cpp:331] [read_impl] Failed read from stream HAILO_STREAM_ABORT(63) (device: 0001:01:00.0)
[2026-04-17 11:36:02.358] [60164] [HailoRT] [info] [vdevice_native_stream.cpp:331] [read_impl] Failed read from stream HAILO_STREAM_ABORT(63) (device: 0001:01:00.0)
[2026-04-17 11:36:02.358] [60171] [HailoRT] [info] [queue_elements.cpp:706] [run_pull] Shutdown event was signaled in dequeue of queue element PullQEl_nms3yolov11n/conv51_143!
[2026-04-17 11:36:02.358] [60163] [HailoRT] [info] [vdevice_native_stream.cpp:331] [read_impl] Failed read from stream HAILO_STREAM_ABORT(63) (device: 0001:01:00.0)
[2026-04-17 11:36:02.358] [60171] [HailoRT] [info] [vstream.cpp:1138] [read] Receiving to VStream was shutdown!
[2026-04-17 11:36:02.358] [60167] [HailoRT] [info] [vdevice_native_stream.cpp:331] [read_impl] Failed read from stream HAILO_STREAM_ABORT(63) (device: 0001:01:00.0)
[2026-04-17 11:36:02.358] [60167] [HailoRT] [info] [edge_elements.cpp:396] [run_pull] Reading from stream was aborted!
[2026-04-17 11:36:02.358] [60163] [HailoRT] [info] [edge_elements.cpp:396] [run_pull] Reading from stream was aborted!
[2026-04-17 11:36:02.358] [60167] [HailoRT] [info] [queue_elements.cpp:738] [run_in_thread] run_pull of queue element PullQEl_nms0yolov11n/conv80_143 was aborted!
[2026-04-17 11:36:02.358] [60163] [HailoRT] [info] [queue_elements.cpp:738] [run_in_thread] run_pull of queue element PullQEl_nms12yolov11n/conv54_143 was aborted!
[2026-04-17 11:36:02.358] [60165] [HailoRT] [info] [edge_elements.cpp:396] [run_pull] Reading from stream was aborted!
[2026-04-17 11:36:02.358] [60164] [HailoRT] [info] [edge_elements.cpp:396] [run_pull] Reading from stream was aborted!
[2026-04-17 11:36:02.358] [60165] [HailoRT] [info] [queue_elements.cpp:738] [run_in_thread] run_pull of queue element PullQEl_nms13yolov11n/conv65_143 was aborted!
[2026-04-17 11:36:02.358] [60164] [HailoRT] [info] [queue_elements.cpp:738] [run_in_thread] run_pull of queue element PullQEl_nms15yolov11n/conv62_143 was aborted!
[2026-04-17 11:36:02.358] [60166] [HailoRT] [info] [vdevice_native_stream.cpp:331] [read_impl] Failed read from stream HAILO_STREAM_ABORT(63) (device: 0001:01:00.0)
[2026-04-17 11:36:02.358] [60166] [HailoRT] [info] [edge_elements.cpp:396] [run_pull] Reading from stream was aborted!
[2026-04-17 11:36:02.358] [60166] [HailoRT] [info] [queue_elements.cpp:738] [run_in_thread] run_pull of queue element PullQEl_nms1yolov11n/conv77_143 was aborted!
[2026-04-17 11:36:02.358] [60172] [HailoRT] [info] [queue_elements.cpp:319] [run_push] run_push of PushQEl8yolov11n/input_layer1 was aborted!
[2026-04-17 11:36:02.358] [60172] [HailoRT] [info] [filter_elements.cpp:35] [run_push] run_push of PreInferEl8yolov11n/input_layer1 was aborted!
[2026-04-17 11:36:02.358] [60172] [HailoRT] [info] [vstream.cpp:778] [write] Sending to VStream was aborted!
[2026-04-17 11:36:02.365] [59640] [HailoRT] [info] [queue_elements.cpp:360] [execute_deactivate] enqueue() in element PushQEl8yolov11n/input_layer1 was aborted, got status = HAILO_SHUTDOWN_EVENT_SIGNALED(57)
[2026-04-17 11:36:02.365] [60161] [HailoRT] [info] [queue_elements.cpp:68] [operator()] Thread in element PushQEl8yolov11n/input_layer1 is not running anymore, exiting..
[2026-04-17 11:36:02.365] [59640] [HailoRT] [info] [queue_elements.cpp:46] [~BaseQueueElement] Queue element PushQEl8yolov11n/input_layer1 has 0 frames in his Queue on destruction
[2026-04-17 11:36:02.365] [60168] [HailoRT] [info] [queue_elements.cpp:68] [operator()] Thread in element UserBufQEl_post_infer0yolov11n/yolov8_nms_postprocess is not running anymore, exiting..
[2026-04-17 11:36:02.366] [59640] [HailoRT] [info] [queue_elements.cpp:46] [~BaseQueueElement] Queue element UserBufQEl_post_infer0yolov11n/yolov8_nms_postprocess has 0 frames in his Queue on destruction
[2026-04-17 11:36:02.366] [60167] [HailoRT] [info] [queue_elements.cpp:68] [operator()] Thread in element PullQEl_nms0yolov11n/conv80_143 is not running anymore, exiting..
[2026-04-17 11:36:02.366] [59640] [HailoRT] [info] [queue_elements.cpp:46] [~BaseQueueElement] Queue element PullQEl_nms0yolov11n/conv80_143 has 0 frames in his Queue on destruction
[2026-04-17 11:36:02.366] [60166] [HailoRT] [info] [queue_elements.cpp:68] [operator()] Thread in element PullQEl_nms1yolov11n/conv77_143 is not running anymore, exiting..
[2026-04-17 11:36:02.366] [59640] [HailoRT] [info] [queue_elements.cpp:46] [~BaseQueueElement] Queue element PullQEl_nms1yolov11n/conv77_143 has 0 frames in his Queue on destruction
[2026-04-17 11:36:02.366] [60165] [HailoRT] [info] [queue_elements.cpp:68] [operator()] Thread in element PullQEl_nms13yolov11n/conv65_143 is not running anymore, exiting..
[2026-04-17 11:36:02.366] [59640] [HailoRT] [info] [queue_elements.cpp:46] [~BaseQueueElement] Queue element PullQEl_nms13yolov11n/conv65_143 has 0 frames in his Queue on destruction
[2026-04-17 11:36:02.366] [60164] [HailoRT] [info] [queue_elements.cpp:68] [operator()] Thread in element PullQEl_nms15yolov11n/conv62_143 is not running anymore, exiting..
[2026-04-17 11:36:02.366] [59640] [HailoRT] [info] [queue_elements.cpp:46] [~BaseQueueElement] Queue element PullQEl_nms15yolov11n/conv62_143 has 0 frames in his Queue on destruction
[2026-04-17 11:36:02.366] [60163] [HailoRT] [info] [queue_elements.cpp:68] [operator()] Thread in element PullQEl_nms12yolov11n/conv54_143 is not running anymore, exiting..
[2026-04-17 11:36:02.366] [59640] [HailoRT] [info] [queue_elements.cpp:46] [~BaseQueueElement] Queue element PullQEl_nms12yolov11n/conv54_143 has 0 frames in his Queue on destruction
[2026-04-17 11:36:02.366] [60162] [HailoRT] [info] [queue_elements.cpp:68] [operator()] Thread in element PullQEl_nms3yolov11n/conv51_143 is not running anymore, exiting..
[2026-04-17 11:36:02.366] [59640] [HailoRT] [info] [queue_elements.cpp:46] [~BaseQueueElement] Queue element PullQEl_nms3yolov11n/conv51_143 has 0 frames in his Queue on destruction
[2026-04-17 11:36:02.366] [59640] [HailoRT] [info] [core_op.cpp:186] [deactivate] Deactivating took 0.007611 ms
[2026-04-17 11:36:02.366] [59640] [HailoRT] [info] [core_op.cpp:186] [deactivate] Deactivating took 0.015926 ms
[2026-04-17 11:36:02.419] [59640] [HailoRT] [info] [vdevice.cpp:535] [create] Creating vdevice with params: device_count: 1, scheduling_algorithm: NONE, multi_process_service: false
[2026-04-17 11:36:02.420] [59640] [HailoRT] [info] [device.cpp:51] [Device] OS Version: Linux 6.12.75+rpt-rpi-2712 #1 SMP PREEMPT Debian 1:6.12.75-1+rpt1 (2026-03-11) aarch64
[2026-04-17 11:36:02.420] [59640] [HailoRT] [info] [control.cpp:113] [control__parse_identify_results] firmware_version is: 4.23.0
[2026-04-17 11:36:02.420] [59640] [HailoRT] [info] [vdevice.cpp:682] [create] VDevice Infos: 0001:01:00.0
[2026-04-17 11:36:02.445] [59640] [HailoRT] [info] [internal_buffer_manager.cpp:77] [print_execution_results] Planned internal buffer memory: CMA=0 CMA-Desc=1507328 Pinned=45928960. memory to edge layer usage factor is 1
[2026-04-17 11:36:02.445] [59640] [HailoRT] [info] [internal_buffer_manager.cpp:86] [print_execution_results] Default Internal buffer planner executed successfully
[2026-04-17 11:36:02.539] [59640] [HailoRT] [info] [device_internal.cpp:57] [configure] Configuring HEF took 118.803713 milliseconds
[2026-04-17 11:36:02.539] [59640] [HailoRT] [info] [vdevice.cpp:780] [configure] Configuring HEF on VDevice took 119.167601 milliseconds
[2026-04-17 11:36:02.540] [59640] [HailoRT] [info] [control.cpp:113] [control__parse_identify_results] firmware_version is: 4.23.0
[2026-04-17 11:36:02.540] [59640] [HailoRT] [info] [control.cpp:113] [control__parse_identify_results] firmware_version is: 4.23.0
[2026-04-17 11:36:02.557] [59640] [HailoRT] [info] [core_op.cpp:156] [activate] Activating yolov11n took 17.422597 milliseconds. Note that the function is asynchronous and thus the network is not fully activated yet.
[2026-04-17 11:36:02.557] [59640] [HailoRT] [info] [core_op.cpp:156] [activate] Activating yolov11n took 17.443653 milliseconds. Note that the function is asynchronous and thus the network is not fully activated yet.
[2026-04-17 11:36:02.570] [59640] [HailoRT] [info] [control.cpp:113] [control__parse_identify_results] firmware_version is: 4.23.0
[2026-04-17 11:36:02.571] [59640] [HailoRT] [info] [control.cpp:113] [control__parse_identify_results] firmware_version is: 4.23.0
[2026-04-17 11:36:02.571] [59640] [HailoRT] [info] [edge_elements.cpp:52] [create] Created (HwWriteEl8yolov11n/input_layer1 | hw_frame_size: 1228800)
[2026-04-17 11:36:02.571] [59640] [HailoRT] [info] [queue_elements.cpp:284] [create] Created (PushQEl8yolov11n/input_layer1 | timeout: 10s)
[2026-04-17 11:36:02.571] [59640] [HailoRT] [info] [filter_elements.cpp:101] [create] Created (PreInferEl8yolov11n/input_layer1 | Reorder - src_order: NHWC, src_shape: (640, 640, 3), dst_order: NHCW, dst_shape: (640, 640, 3))
[2026-04-17 11:36:02.571] [59640] [HailoRT] [info] [vstream.cpp:754] [InputVStreamImpl] Creating yolov11n/input_layer1...
[2026-04-17 11:36:02.571] [59640] [HailoRT] [info] [vstream_builder.cpp:102] [create_inputs] Input pipeline 'yolov11n/input_layer1': (PreInferEl8yolov11n/input_layer1 | Reorder - src_order: NHWC, src_shape: (640, 640, 3), dst_order: NHCW, dst_shape: (640, 640, 3)) >> (PushQEl8yolov11n/input_layer1 | timeout: 10s) >> (HwWriteEl8yolov11n/input_layer1 | hw_frame_size: 1228800) >> HW
[2026-04-17 11:36:02.571] [59640] [HailoRT] [info] [multi_io_elements.cpp:135] [create] Created (NmsPPMuxEl0YOLOV8-Post-Process | Op YOLOV8, Name: YOLOV8-Post-Process, Score threshold: 0.200, IoU threshold: 0.70, Classes: 80, Max bboxes per class: 100, Image height: 640, Image width: 640)
[2026-04-17 11:36:02.571] [59640] [HailoRT] [info] [edge_elements.cpp:287] [create] Created (HwReadEl3yolov11n/conv51_143 | hw_frame_size: 409600)
[2026-04-17 11:36:02.572] [59640] [HailoRT] [info] [queue_elements.cpp:657] [create] Created (PullQEl_nms3yolov11n/conv51_143 | timeout: 10s)
[2026-04-17 11:36:02.572] [59640] [HailoRT] [info] [edge_elements.cpp:287] [create] Created (HwReadEl12yolov11n/conv54_143 | hw_frame_size: 512000)
[2026-04-17 11:36:02.573] [59640] [HailoRT] [info] [queue_elements.cpp:657] [create] Created (PullQEl_nms12yolov11n/conv54_143 | timeout: 10s)
[2026-04-17 11:36:02.573] [59640] [HailoRT] [info] [edge_elements.cpp:287] [create] Created (HwReadEl15yolov11n/conv62_143 | hw_frame_size: 102400)
[2026-04-17 11:36:02.573] [59640] [HailoRT] [info] [queue_elements.cpp:657] [create] Created (PullQEl_nms15yolov11n/conv62_143 | timeout: 10s)
[2026-04-17 11:36:02.573] [59640] [HailoRT] [info] [edge_elements.cpp:287] [create] Created (HwReadEl13yolov11n/conv65_143 | hw_frame_size: 128000)
[2026-04-17 11:36:02.573] [59640] [HailoRT] [info] [queue_elements.cpp:657] [create] Created (PullQEl_nms13yolov11n/conv65_143 | timeout: 10s)
[2026-04-17 11:36:02.573] [59640] [HailoRT] [info] [edge_elements.cpp:287] [create] Created (HwReadEl1yolov11n/conv77_143 | hw_frame_size: 30720)
[2026-04-17 11:36:02.573] [59640] [HailoRT] [info] [queue_elements.cpp:657] [create] Created (PullQEl_nms1yolov11n/conv77_143 | timeout: 10s)
[2026-04-17 11:36:02.573] [59640] [HailoRT] [info] [edge_elements.cpp:287] [create] Created (HwReadEl0yolov11n/conv80_143 | hw_frame_size: 38400)
[2026-04-17 11:36:02.573] [59640] [HailoRT] [info] [queue_elements.cpp:657] [create] Created (PullQEl_nms0yolov11n/conv80_143 | timeout: 10s)
[2026-04-17 11:36:02.573] [59640] [HailoRT] [info] [queue_elements.cpp:800] [create] Created (UserBufQEl_post_infer0yolov11n/yolov8_nms_postprocess | timeout: 10s)
[2026-04-17 11:36:02.573] [59640] [HailoRT] [info] [vstream.cpp:1114] [OutputVStreamImpl] Creating yolov11n/yolov8_nms_postprocess...
[2026-04-17 11:36:02.573] [59640] [HailoRT] [info] [vstream_builder.cpp:622] [create_output_post_process_nms] Output pipeline 'yolov11n/yolov8_nms_postprocess': HW >> (HwReadEl3yolov11n/conv51_143 | hw_frame_size: 409600) >> (PullQEl_nms3yolov11n/conv51_143) >> (HwReadEl12yolov11n/conv54_143 | hw_frame_size: 512000) >> (PullQEl_nms12yolov11n/conv54_143) >> (HwReadEl15yolov11n/conv62_143 | hw_frame_size: 102400) >> (PullQEl_nms15yolov11n/conv62_143) >> (HwReadEl13yolov11n/conv65_143 | hw_frame_size: 128000) >> (PullQEl_nms13yolov11n/conv65_143) >> (HwReadEl1yolov11n/conv77_143 | hw_frame_size: 30720) >> (PullQEl_nms1yolov11n/conv77_143) >> (HwReadEl0yolov11n/conv80_143 | hw_frame_size: 38400) >> (PullQEl_nms0yolov11n/conv80_143) >> (NmsPPMuxEl0YOLOV8-Post-Process | Op YOLOV8, Name: YOLOV8-Post-Process, Score threshold: 0.200, IoU threshold: 0.70, Classes: 80, Max bboxes per class: 100, Image height: 640, Image width: 640) >> (UserBufQEl_post_infer0yolov11n/yolov8_nms_postprocess | timeout: 10s)
[2026-04-17 11:37:02.573] [60654] [HailoRT] [info] [vdevice_native_stream.cpp:331] [read_impl] Failed read from stream HAILO_STREAM_ABORT(63) (device: 0001:01:00.0)
[2026-04-17 11:37:02.573] [60652] [HailoRT] [info] [vdevice_native_stream.cpp:331] [read_impl] Failed read from stream HAILO_STREAM_ABORT(63) (device: 0001:01:00.0)
[2026-04-17 11:37:02.573] [60652] [HailoRT] [info] [edge_elements.cpp:396] [run_pull] Reading from stream was aborted!
[2026-04-17 11:37:02.574] [60652] [HailoRT] [info] [queue_elements.cpp:738] [run_in_thread] run_pull of queue element PullQEl_nms13yolov11n/conv65_143 was aborted!
[2026-04-17 11:37:02.573] [60653] [HailoRT] [info] [vdevice_native_stream.cpp:331] [read_impl] Failed read from stream HAILO_STREAM_ABORT(63) (device: 0001:01:00.0)
[2026-04-17 11:37:02.574] [60653] [HailoRT] [info] [edge_elements.cpp:396] [run_pull] Reading from stream was aborted!
[2026-04-17 11:37:02.574] [60653] [HailoRT] [info] [queue_elements.cpp:738] [run_in_thread] run_pull of queue element PullQEl_nms1yolov11n/conv77_143 was aborted!
[2026-04-17 11:37:02.573] [60649] [HailoRT] [info] [vdevice_native_stream.cpp:331] [read_impl] Failed read from stream HAILO_STREAM_ABORT(63) (device: 0001:01:00.0)
[2026-04-17 11:37:02.574] [60649] [HailoRT] [info] [edge_elements.cpp:396] [run_pull] Reading from stream was aborted!
[2026-04-17 11:37:02.574] [60649] [HailoRT] [info] [queue_elements.cpp:738] [run_in_thread] run_pull of queue element PullQEl_nms3yolov11n/conv51_143 was aborted!
[2026-04-17 11:37:02.573] [60650] [HailoRT] [info] [vdevice_native_stream.cpp:331] [read_impl] Failed read from stream HAILO_STREAM_ABORT(63) (device: 0001:01:00.0)
[2026-04-17 11:37:02.574] [60650] [HailoRT] [info] [edge_elements.cpp:396] [run_pull] Reading from stream was aborted!
[2026-04-17 11:37:02.573] [60654] [HailoRT] [info] [edge_elements.cpp:396] [run_pull] Reading from stream was aborted!
[2026-04-17 11:37:02.574] [60650] [HailoRT] [info] [queue_elements.cpp:738] [run_in_thread] run_pull of queue element PullQEl_nms12yolov11n/conv54_143 was aborted!
[2026-04-17 11:37:02.574] [60654] [HailoRT] [info] [queue_elements.cpp:738] [run_in_thread] run_pull of queue element PullQEl_nms0yolov11n/conv80_143 was aborted!
[2026-04-17 11:37:02.573] [60651] [HailoRT] [info] [vdevice_native_stream.cpp:331] [read_impl] Failed read from stream HAILO_STREAM_ABORT(63) (device: 0001:01:00.0)
[2026-04-17 11:37:02.574] [60651] [HailoRT] [info] [edge_elements.cpp:396] [run_pull] Reading from stream was aborted!
[2026-04-17 11:37:02.574] [60651] [HailoRT] [info] [queue_elements.cpp:738] [run_in_thread] run_pull of queue element PullQEl_nms15yolov11n/conv62_143 was aborted!
[2026-04-17 11:37:02.575] [60658] [HailoRT] [info] [queue_elements.cpp:706] [run_pull] Shutdown event was signaled in dequeue of queue element PullQEl_nms3yolov11n/conv51_143!
[2026-04-17 11:37:02.575] [60658] [HailoRT] [info] [vstream.cpp:1138] [read] Receiving to VStream was shutdown!
[2026-04-17 11:37:02.576] [60648] [HailoRT] [info] [vdevice_native_stream.cpp:142] [write_impl] Failed write to stream yolov11n/input_layer1 (device: 0001:01:00.0) with status=HAILO_STREAM_ABORT(63)
[2026-04-17 11:37:02.576] [60648] [HailoRT] [info] [edge_elements.cpp:87] [run_push] Failed to send on input stream InputStream(index=8, name=yolov11n/input_layer1) because stream was aborted
[2026-04-17 11:37:02.576] [60648] [HailoRT] [info] [queue_elements.cpp:401] [run_in_thread] run_push of PushQEl8yolov11n/input_layer1 was aborted!
[2026-04-17 11:37:02.577] [60659] [HailoRT] [info] [queue_elements.cpp:319] [run_push] run_push of PushQEl8yolov11n/input_layer1 was aborted!
[2026-04-17 11:37:02.577] [60659] [HailoRT] [info] [filter_elements.cpp:35] [run_push] run_push of PreInferEl8yolov11n/input_layer1 was aborted!
[2026-04-17 11:37:02.577] [60659] [HailoRT] [info] [vstream.cpp:778] [write] Sending to VStream was aborted!
[2026-04-17 11:37:02.581] [59640] [HailoRT] [info] [queue_elements.cpp:360] [execute_deactivate] enqueue() in element PushQEl8yolov11n/input_layer1 was aborted, got status = HAILO_SHUTDOWN_EVENT_SIGNALED(57)
[2026-04-17 11:37:02.581] [60648] [HailoRT] [info] [queue_elements.cpp:68] [operator()] Thread in element PushQEl8yolov11n/input_layer1 is not running anymore, exiting..
[2026-04-17 11:37:02.581] [59640] [HailoRT] [info] [queue_elements.cpp:46] [~BaseQueueElement] Queue element PushQEl8yolov11n/input_layer1 has 0 frames in his Queue on destruction
[2026-04-17 11:37:02.581] [60655] [HailoRT] [info] [queue_elements.cpp:68] [operator()] Thread in element UserBufQEl_post_infer0yolov11n/yolov8_nms_postprocess is not running anymore, exiting..
[2026-04-17 11:37:02.581] [59640] [HailoRT] [info] [queue_elements.cpp:46] [~BaseQueueElement] Queue element UserBufQEl_post_infer0yolov11n/yolov8_nms_postprocess has 0 frames in his Queue on destruction
[2026-04-17 11:37:02.581] [60654] [HailoRT] [info] [queue_elements.cpp:68] [operator()] Thread in element PullQEl_nms0yolov11n/conv80_143 is not running anymore, exiting..
[2026-04-17 11:37:02.581] [59640] [HailoRT] [info] [queue_elements.cpp:46] [~BaseQueueElement] Queue element PullQEl_nms0yolov11n/conv80_143 has 0 frames in his Queue on destruction
[2026-04-17 11:37:02.581] [60653] [HailoRT] [info] [queue_elements.cpp:68] [operator()] Thread in element PullQEl_nms1yolov11n/conv77_143 is not running anymore, exiting..
[2026-04-17 11:37:02.581] [59640] [HailoRT] [info] [queue_elements.cpp:46] [~BaseQueueElement] Queue element PullQEl_nms1yolov11n/conv77_143 has 0 frames in his Queue on destruction
[2026-04-17 11:37:02.582] [60652] [HailoRT] [info] [queue_elements.cpp:68] [operator()] Thread in element PullQEl_nms13yolov11n/conv65_143 is not running anymore, exiting..
[2026-04-17 11:37:02.582] [59640] [HailoRT] [info] [queue_elements.cpp:46] [~BaseQueueElement] Queue element PullQEl_nms13yolov11n/conv65_143 has 0 frames in his Queue on destruction
[2026-04-17 11:37:02.582] [60651] [HailoRT] [info] [queue_elements.cpp:68] [operator()] Thread in element PullQEl_nms15yolov11n/conv62_143 is not running anymore, exiting..
[2026-04-17 11:37:02.582] [59640] [HailoRT] [info] [queue_elements.cpp:46] [~BaseQueueElement] Queue element PullQEl_nms15yolov11n/conv62_143 has 0 frames in his Queue on destruction
[2026-04-17 11:37:02.582] [60650] [HailoRT] [info] [queue_elements.cpp:68] [operator()] Thread in element PullQEl_nms12yolov11n/conv54_143 is not running anymore, exiting..
[2026-04-17 11:37:02.582] [59640] [HailoRT] [info] [queue_elements.cpp:46] [~BaseQueueElement] Queue element PullQEl_nms12yolov11n/conv54_143 has 0 frames in his Queue on destruction
[2026-04-17 11:37:02.582] [60649] [HailoRT] [info] [queue_elements.cpp:68] [operator()] Thread in element PullQEl_nms3yolov11n/conv51_143 is not running anymore, exiting..
[2026-04-17 11:37:02.582] [59640] [HailoRT] [info] [queue_elements.cpp:46] [~BaseQueueElement] Queue element PullQEl_nms3yolov11n/conv51_143 has 0 frames in his Queue on destruction
[2026-04-17 11:37:02.582] [59640] [HailoRT] [info] [core_op.cpp:186] [deactivate] Deactivating took 0.008445 ms
[2026-04-17 11:37:02.582] [59640] [HailoRT] [info] [core_op.cpp:186] [deactivate] Deactivating took 0.016537 ms
[2026-04-17 11:37:12.937] [61177] [HailoRT] [info] [vdevice.cpp:535] [create] Creating vdevice with params: device_count: 1, scheduling_algorithm: NONE, multi_process_service: false
[2026-04-17 11:37:12.950] [61177] [HailoRT] [info] [device.cpp:51] [Device] OS Version: Linux 6.12.75+rpt-rpi-2712 #1 SMP PREEMPT Debian 1:6.12.75-1+rpt1 (2026-03-11) aarch64
[2026-04-17 11:37:12.951] [61177] [HailoRT] [info] [control.cpp:113] [control__parse_identify_results] firmware_version is: 4.23.0
[2026-04-17 11:37:12.951] [61177] [HailoRT] [info] [vdevice.cpp:682] [create] VDevice Infos: 0001:01:00.0
[2026-04-17 11:37:12.970] [61177] [HailoRT] [info] [internal_buffer_manager.cpp:77] [print_execution_results] Planned internal buffer memory: CMA=0 CMA-Desc=1507328 Pinned=47106560. memory to edge layer usage factor is 1
[2026-04-17 11:37:12.970] [61177] [HailoRT] [info] [internal_buffer_manager.cpp:86] [print_execution_results] Default Internal buffer planner executed successfully
[2026-04-17 11:37:13.053] [61177] [HailoRT] [info] [device_internal.cpp:57] [configure] Configuring HEF took 101.886435 milliseconds
[2026-04-17 11:37:13.053] [61177] [HailoRT] [info] [vdevice.cpp:780] [configure] Configuring HEF on VDevice took 102.3496 milliseconds
[2026-04-17 11:37:13.053] [61177] [HailoRT] [info] [control.cpp:113] [control__parse_identify_results] firmware_version is: 4.23.0
[2026-04-17 11:37:13.054] [61177] [HailoRT] [info] [control.cpp:113] [control__parse_identify_results] firmware_version is: 4.23.0
[2026-04-17 11:37:13.073] [61177] [HailoRT] [info] [core_op.cpp:156] [activate] Activating yolov11n took 19.154518 milliseconds. Note that the function is asynchronous and thus the network is not fully activated yet.
[2026-04-17 11:37:13.073] [61177] [HailoRT] [info] [core_op.cpp:156] [activate] Activating yolov11n took 19.182962 milliseconds. Note that the function is asynchronous and thus the network is not fully activated yet.
[2026-04-17 11:37:13.086] [61177] [HailoRT] [info] [control.cpp:113] [control__parse_identify_results] firmware_version is: 4.23.0
[2026-04-17 11:37:13.086] [61177] [HailoRT] [info] [control.cpp:113] [control__parse_identify_results] firmware_version is: 4.23.0
[2026-04-17 11:37:14.395] [61169] [HailoRT] [info] [device.cpp:51] [Device] OS Version: Linux 6.12.75+rpt-rpi-2712 #1 SMP PREEMPT Debian 1:6.12.75-1+rpt1 (2026-03-11) aarch64
[2026-04-17 11:37:14.396] [61169] [HailoRT] [info] [control.cpp:113] [control__parse_identify_results] firmware_version is: 4.23.0
[2026-04-17 11:37:14.396] [61169] [HailoRT] [info] [control.cpp:113] [control__parse_identify_results] firmware_version is: 4.23.0
[2026-04-17 11:38:13.087] [61189] [HailoRT] [info] [vdevice_native_stream.cpp:331] [read_impl] Failed read from stream HAILO_STREAM_ABORT(63) (device: 0001:01:00.0)
[2026-04-17 11:38:13.087] [61188] [HailoRT] [info] [vdevice_native_stream.cpp:331] [read_impl] Failed read from stream HAILO_STREAM_ABORT(63) (device: 0001:01:00.0)
[2026-04-17 11:38:13.087] [61187] [HailoRT] [info] [vdevice_native_stream.cpp:331] [read_impl] Failed read from stream HAILO_STREAM_ABORT(63) (device: 0001:01:00.0)
[2026-04-17 11:38:13.087] [61190] [HailoRT] [info] [vdevice_native_stream.cpp:331] [read_impl] Failed read from stream HAILO_STREAM_ABORT(63) (device: 0001:01:00.0)
[2026-04-17 11:38:13.087] [61191] [HailoRT] [info] [vdevice_native_stream.cpp:331] [read_impl] Failed read from stream HAILO_STREAM_ABORT(63) (device: 0001:01:00.0)
[2026-04-17 11:38:13.087] [61186] [HailoRT] [info] [vdevice_native_stream.cpp:331] [read_impl] Failed read from stream HAILO_STREAM_ABORT(63) (device: 0001:01:00.0)
[2026-04-17 11:38:13.087] [61192] [HailoRT] [info] [vdevice_native_stream.cpp:142] [write_impl] Failed write to stream yolov11n/input_layer1 (device: 0001:01:00.0) with status=HAILO_STREAM_ABORT(63)
[2026-04-17 11:38:13.096] [61177] [HailoRT] [info] [core_op.cpp:186] [deactivate] Deactivating took 0.006315 ms
[2026-04-17 11:38:13.096] [61177] [HailoRT] [info] [core_op.cpp:186] [deactivate] Deactivating took 0.023944 ms
[2026-04-17 11:38:13.156] [61177] [HailoRT] [info] [vdevice.cpp:535] [create] Creating vdevice with params: device_count: 1, scheduling_algorithm: NONE, multi_process_service: false
[2026-04-17 11:38:13.156] [61177] [HailoRT] [info] [device.cpp:51] [Device] OS Version: Linux 6.12.75+rpt-rpi-2712 #1 SMP PREEMPT Debian 1:6.12.75-1+rpt1 (2026-03-11) aarch64
[2026-04-17 11:38:13.156] [61177] [HailoRT] [info] [control.cpp:113] [control__parse_identify_results] firmware_version is: 4.23.0
[2026-04-17 11:38:13.156] [61177] [HailoRT] [info] [vdevice.cpp:682] [create] VDevice Infos: 0001:01:00.0
[2026-04-17 11:38:13.187] [61177] [HailoRT] [info] [internal_buffer_manager.cpp:77] [print_execution_results] Planned internal buffer memory: CMA=0 CMA-Desc=1507328 Pinned=47106560. memory to edge layer usage factor is 1
[2026-04-17 11:38:13.187] [61177] [HailoRT] [info] [internal_buffer_manager.cpp:86] [print_execution_results] Default Internal buffer planner executed successfully
[2026-04-17 11:38:13.289] [61177] [HailoRT] [info] [device_internal.cpp:57] [configure] Configuring HEF took 132.737728 milliseconds
[2026-04-17 11:38:13.289] [61177] [HailoRT] [info] [vdevice.cpp:780] [configure] Configuring HEF on VDevice took 133.100968 milliseconds
[2026-04-17 11:38:13.290] [61177] [HailoRT] [info] [control.cpp:113] [control__parse_identify_results] firmware_version is: 4.23.0
[2026-04-17 11:38:13.290] [61177] [HailoRT] [info] [control.cpp:113] [control__parse_identify_results] firmware_version is: 4.23.0
[2026-04-17 11:38:13.309] [61177] [HailoRT] [info] [core_op.cpp:156] [activate] Activating yolov11n took 19.257722 milliseconds. Note that the function is asynchronous and thus the network is not fully activated yet.
[2026-04-17 11:38:13.309] [61177] [HailoRT] [info] [core_op.cpp:156] [activate] Activating yolov11n took 19.281388 milliseconds. Note that the function is asynchronous and thus the network is not fully activated yet.
[2026-04-17 11:38:13.322] [61177] [HailoRT] [info] [control.cpp:113] [control__parse_identify_results] firmware_version is: 4.23.0
[2026-04-17 11:38:13.323] [61177] [HailoRT] [info] [control.cpp:113] [control__parse_identify_results] firmware_version is: 4.23.0
[2026-04-17 11:38:13.323] [61177] [HailoRT] [info] [edge_elements.cpp:52] [create] Created (HwWriteEl8yolov11n/input_layer1 | hw_frame_size: 1228800)
[2026-04-17 11:38:13.323] [61177] [HailoRT] [info] [queue_elements.cpp:284] [create] Created (PushQEl8yolov11n/input_layer1 | timeout: 10s)
[2026-04-17 11:38:13.323] [61177] [HailoRT] [info] [filter_elements.cpp:101] [create] Created (PreInferEl8yolov11n/input_layer1 | Reorder - src_order: NHWC, src_shape: (640, 640, 3), dst_order: NHCW, dst_shape: (640, 640, 3))
[2026-04-17 11:38:13.323] [61177] [HailoRT] [info] [vstream.cpp:754] [InputVStreamImpl] Creating yolov11n/input_layer1...
[2026-04-17 11:38:13.323] [61177] [HailoRT] [info] [vstream_builder.cpp:102] [create_inputs] Input pipeline 'yolov11n/input_layer1': (PreInferEl8yolov11n/input_layer1 | Reorder - src_order: NHWC, src_shape: (640, 640, 3), dst_order: NHCW, dst_shape: (640, 640, 3)) >> (PushQEl8yolov11n/input_layer1 | timeout: 10s) >> (HwWriteEl8yolov11n/input_layer1 | hw_frame_size: 1228800) >> HW
[2026-04-17 11:38:13.323] [61177] [HailoRT] [info] [multi_io_elements.cpp:135] [create] Created (NmsPPMuxEl0YOLOV8-Post-Process | Op YOLOV8, Name: YOLOV8-Post-Process, Score threshold: 0.200, IoU threshold: 0.70, Classes: 80, Max bboxes per class: 100, Image height: 640, Image width: 640)
[2026-04-17 11:38:13.323] [61177] [HailoRT] [info] [edge_elements.cpp:287] [create] Created (HwReadEl3yolov11n/conv51_143 | hw_frame_size: 409600)
[2026-04-17 11:38:13.323] [61177] [HailoRT] [info] [queue_elements.cpp:657] [create] Created (PullQEl_nms3yolov11n/conv51_143 | timeout: 10s)
[2026-04-17 11:38:13.323] [61177] [HailoRT] [info] [edge_elements.cpp:287] [create] Created (HwReadEl12yolov11n/conv54_143 | hw_frame_size: 512000)
[2026-04-17 11:38:13.323] [61177] [HailoRT] [info] [queue_elements.cpp:657] [create] Created (PullQEl_nms12yolov11n/conv54_143 | timeout: 10s)
[2026-04-17 11:38:13.323] [61177] [HailoRT] [info] [edge_elements.cpp:287] [create] Created (HwReadEl15yolov11n/conv62_143 | hw_frame_size: 102400)
[2026-04-17 11:38:13.323] [61177] [HailoRT] [info] [queue_elements.cpp:657] [create] Created (PullQEl_nms15yolov11n/conv62_143 | timeout: 10s)
[2026-04-17 11:38:13.323] [61177] [HailoRT] [info] [edge_elements.cpp:287] [create] Created (HwReadEl13yolov11n/conv65_143 | hw_frame_size: 128000)
[2026-04-17 11:38:13.323] [61177] [HailoRT] [info] [queue_elements.cpp:657] [create] Created (PullQEl_nms13yolov11n/conv65_143 | timeout: 10s)
[2026-04-17 11:38:13.323] [61177] [HailoRT] [info] [edge_elements.cpp:287] [create] Created (HwReadEl1yolov11n/conv77_143 | hw_frame_size: 30720)
[2026-04-17 11:38:13.323] [61177] [HailoRT] [info] [queue_elements.cpp:657] [create] Created (PullQEl_nms1yolov11n/conv77_143 | timeout: 10s)
[2026-04-17 11:38:13.323] [61177] [HailoRT] [info] [edge_elements.cpp:287] [create] Created (HwReadEl0yolov11n/conv80_143 | hw_frame_size: 38400)
[2026-04-17 11:38:13.324] [61177] [HailoRT] [info] [queue_elements.cpp:657] [create] Created (PullQEl_nms0yolov11n/conv80_143 | timeout: 10s)
[2026-04-17 11:38:13.324] [61177] [HailoRT] [info] [queue_elements.cpp:800] [create] Created (UserBufQEl_post_infer0yolov11n/yolov8_nms_postprocess | timeout: 10s)
[2026-04-17 11:38:13.324] [61177] [HailoRT] [info] [vstream.cpp:1114] [OutputVStreamImpl] Creating yolov11n/yolov8_nms_postprocess...
[2026-04-17 11:38:13.324] [61177] [HailoRT] [info] [vstream_builder.cpp:622] [create_output_post_process_nms] Output pipeline 'yolov11n/yolov8_nms_postprocess': HW >> (HwReadEl3yolov11n/conv51_143 | hw_frame_size: 409600) >> (PullQEl_nms3yolov11n/conv51_143) >> (HwReadEl12yolov11n/conv54_143 | hw_frame_size: 512000) >> (PullQEl_nms12yolov11n/conv54_143) >> (HwReadEl15yolov11n/conv62_143 | hw_frame_size: 102400) >> (PullQEl_nms15yolov11n/conv62_143) >> (HwReadEl13yolov11n/conv65_143 | hw_frame_size: 128000) >> (PullQEl_nms13yolov11n/conv65_143) >> (HwReadEl1yolov11n/conv77_143 | hw_frame_size: 30720) >> (PullQEl_nms1yolov11n/conv77_143) >> (HwReadEl0yolov11n/conv80_143 | hw_frame_size: 38400) >> (PullQEl_nms0yolov11n/conv80_143) >> (NmsPPMuxEl0YOLOV8-Post-Process | Op YOLOV8, Name: YOLOV8-Post-Process, Score threshold: 0.200, IoU threshold: 0.70, Classes: 80, Max bboxes per class: 100, Image height: 640, Image width: 640) >> (UserBufQEl_post_infer0yolov11n/yolov8_nms_postprocess | timeout: 10s)
[2026-04-17 11:39:13.324] [61706] [HailoRT] [info] [vdevice_native_stream.cpp:331] [read_impl] Failed read from stream HAILO_STREAM_ABORT(63) (device: 0001:01:00.0)
[2026-04-17 11:39:13.324] [61705] [HailoRT] [info] [vdevice_native_stream.cpp:331] [read_impl] Failed read from stream HAILO_STREAM_ABORT(63) (device: 0001:01:00.0)
[2026-04-17 11:39:13.324] [61705] [HailoRT] [info] [edge_elements.cpp:396] [run_pull] Reading from stream was aborted!
[2026-04-17 11:39:13.324] [61707] [HailoRT] [info] [vdevice_native_stream.cpp:331] [read_impl] Failed read from stream HAILO_STREAM_ABORT(63) (device: 0001:01:00.0)
[2026-04-17 11:39:13.324] [61704] [HailoRT] [info] [vdevice_native_stream.cpp:142] [write_impl] Failed write to stream yolov11n/input_layer1 (device: 0001:01:00.0) with status=HAILO_STREAM_ABORT(63)
[2026-04-17 11:39:13.324] [61705] [HailoRT] [info] [queue_elements.cpp:738] [run_in_thread] run_pull of queue element PullQEl_nms3yolov11n/conv51_143 was aborted!
[2026-04-17 11:39:13.324] [61709] [HailoRT] [info] [vdevice_native_stream.cpp:331] [read_impl] Failed read from stream HAILO_STREAM_ABORT(63) (device: 0001:01:00.0)
[2026-04-17 11:39:13.324] [61709] [HailoRT] [info] [edge_elements.cpp:396] [run_pull] Reading from stream was aborted!
[2026-04-17 11:39:13.324] [61704] [HailoRT] [info] [edge_elements.cpp:87] [run_push] Failed to send on input stream InputStream(index=8, name=yolov11n/input_layer1) because stream was aborted
[2026-04-17 11:39:13.324] [61708] [HailoRT] [info] [vdevice_native_stream.cpp:331] [read_impl] Failed read from stream HAILO_STREAM_ABORT(63) (device: 0001:01:00.0)
[2026-04-17 11:39:13.324] [61704] [HailoRT] [info] [queue_elements.cpp:401] [run_in_thread] run_push of PushQEl8yolov11n/input_layer1 was aborted!
[2026-04-17 11:39:13.324] [61708] [HailoRT] [info] [edge_elements.cpp:396] [run_pull] Reading from stream was aborted!
[2026-04-17 11:39:13.324] [61708] [HailoRT] [info] [queue_elements.cpp:738] [run_in_thread] run_pull of queue element PullQEl_nms13yolov11n/conv65_143 was aborted!
[2026-04-17 11:39:13.324] [61707] [HailoRT] [info] [edge_elements.cpp:396] [run_pull] Reading from stream was aborted!
[2026-04-17 11:39:13.324] [61714] [HailoRT] [info] [queue_elements.cpp:706] [run_pull] Shutdown event was signaled in dequeue of queue element PullQEl_nms3yolov11n/conv51_143!
[2026-04-17 11:39:13.324] [61710] [HailoRT] [info] [vdevice_native_stream.cpp:331] [read_impl] Failed read from stream HAILO_STREAM_ABORT(63) (device: 0001:01:00.0)
[2026-04-17 11:39:13.324] [61714] [HailoRT] [info] [vstream.cpp:1138] [read] Receiving to VStream was shutdown!
[2026-04-17 11:39:13.324] [61707] [HailoRT] [info] [queue_elements.cpp:738] [run_in_thread] run_pull of queue element PullQEl_nms15yolov11n/conv62_143 was aborted!
[2026-04-17 11:39:13.324] [61715] [HailoRT] [info] [vstream.cpp:774] [write] Sending to VStream was shutdown!
[2026-04-17 11:39:13.324] [61715] [HailoRT] [info] [vstream.cpp:778] [write] Sending to VStream was aborted!
[2026-04-17 11:39:13.324] [61709] [HailoRT] [info] [queue_elements.cpp:738] [run_in_thread] run_pull of queue element PullQEl_nms1yolov11n/conv77_143 was aborted!
[2026-04-17 11:39:13.324] [61706] [HailoRT] [info] [edge_elements.cpp:396] [run_pull] Reading from stream was aborted!
[2026-04-17 11:39:13.324] [61706] [HailoRT] [info] [queue_elements.cpp:738] [run_in_thread] run_pull of queue element PullQEl_nms12yolov11n/conv54_143 was aborted!
[2026-04-17 11:39:13.324] [61710] [HailoRT] [info] [edge_elements.cpp:396] [run_pull] Reading from stream was aborted!
[2026-04-17 11:39:13.324] [61710] [HailoRT] [info] [queue_elements.cpp:738] [run_in_thread] run_pull of queue element PullQEl_nms0yolov11n/conv80_143 was aborted!
[2026-04-17 11:39:13.332] [61177] [HailoRT] [info] [queue_elements.cpp:360] [execute_deactivate] enqueue() in element PushQEl8yolov11n/input_layer1 was aborted, got status = HAILO_SHUTDOWN_EVENT_SIGNALED(57)
[2026-04-17 11:39:13.332] [61704] [HailoRT] [info] [queue_elements.cpp:68] [operator()] Thread in element PushQEl8yolov11n/input_layer1 is not running anymore, exiting..
[2026-04-17 11:39:13.332] [61177] [HailoRT] [info] [queue_elements.cpp:46] [~BaseQueueElement] Queue element PushQEl8yolov11n/input_layer1 has 1 frames in his Queue on destruction
[2026-04-17 11:39:13.333] [61711] [HailoRT] [info] [queue_elements.cpp:68] [operator()] Thread in element UserBufQEl_post_infer0yolov11n/yolov8_nms_postprocess is not running anymore, exiting..
[2026-04-17 11:39:13.333] [61177] [HailoRT] [info] [queue_elements.cpp:46] [~BaseQueueElement] Queue element UserBufQEl_post_infer0yolov11n/yolov8_nms_postprocess has 0 frames in his Queue on destruction
[2026-04-17 11:39:13.333] [61710] [HailoRT] [info] [queue_elements.cpp:68] [operator()] Thread in element PullQEl_nms0yolov11n/conv80_143 is not running anymore, exiting..
[2026-04-17 11:39:13.333] [61177] [HailoRT] [info] [queue_elements.cpp:46] [~BaseQueueElement] Queue element PullQEl_nms0yolov11n/conv80_143 has 0 frames in his Queue on destruction
[2026-04-17 11:39:13.333] [61709] [HailoRT] [info] [queue_elements.cpp:68] [operator()] Thread in element PullQEl_nms1yolov11n/conv77_143 is not running anymore, exiting..
[2026-04-17 11:39:13.333] [61177] [HailoRT] [info] [queue_elements.cpp:46] [~BaseQueueElement] Queue element PullQEl_nms1yolov11n/conv77_143 has 0 frames in his Queue on destruction
[2026-04-17 11:39:13.333] [61708] [HailoRT] [info] [queue_elements.cpp:68] [operator()] Thread in element PullQEl_nms13yolov11n/conv65_143 is not running anymore, exiting..
[2026-04-17 11:39:13.333] [61177] [HailoRT] [info] [queue_elements.cpp:46] [~BaseQueueElement] Queue element PullQEl_nms13yolov11n/conv65_143 has 0 frames in his Queue on destruction
[2026-04-17 11:39:13.333] [61707] [HailoRT] [info] [queue_elements.cpp:68] [operator()] Thread in element PullQEl_nms15yolov11n/conv62_143 is not running anymore, exiting..
[2026-04-17 11:39:13.333] [61177] [HailoRT] [info] [queue_elements.cpp:46] [~BaseQueueElement] Queue element PullQEl_nms15yolov11n/conv62_143 has 0 frames in his Queue on destruction
[2026-04-17 11:39:13.333] [61706] [HailoRT] [info] [queue_elements.cpp:68] [operator()] Thread in element PullQEl_nms12yolov11n/conv54_143 is not running anymore, exiting..
[2026-04-17 11:39:13.333] [61177] [HailoRT] [info] [queue_elements.cpp:46] [~BaseQueueElement] Queue element PullQEl_nms12yolov11n/conv54_143 has 0 frames in his Queue on destruction
[2026-04-17 11:39:13.333] [61705] [HailoRT] [info] [queue_elements.cpp:68] [operator()] Thread in element PullQEl_nms3yolov11n/conv51_143 is not running anymore, exiting..
[2026-04-17 11:39:13.333] [61177] [HailoRT] [info] [queue_elements.cpp:46] [~BaseQueueElement] Queue element PullQEl_nms3yolov11n/conv51_143 has 0 frames in his Queue on destruction
[2026-04-17 11:39:13.333] [61177] [HailoRT] [info] [core_op.cpp:186] [deactivate] Deactivating took 0.007574 ms
[2026-04-17 11:39:13.333] [61177] [HailoRT] [info] [core_op.cpp:186] [deactivate] Deactivating took 0.016056 ms
[2026-04-17 11:39:13.384] [61177] [HailoRT] [info] [vdevice.cpp:535] [create] Creating vdevice with params: device_count: 1, scheduling_algorithm: NONE, multi_process_service: false
[2026-04-17 11:39:13.384] [61177] [HailoRT] [info] [device.cpp:51] [Device] OS Version: Linux 6.12.75+rpt-rpi-2712 #1 SMP PREEMPT Debian 1:6.12.75-1+rpt1 (2026-03-11) aarch64
[2026-04-17 11:39:13.384] [61177] [HailoRT] [info] [control.cpp:113] [control__parse_identify_results] firmware_version is: 4.23.0
[2026-04-17 11:39:13.384] [61177] [HailoRT] [info] [vdevice.cpp:682] [create] VDevice Infos: 0001:01:00.0
[2026-04-17 11:39:13.410] [61177] [HailoRT] [info] [internal_buffer_manager.cpp:77] [print_execution_results] Planned internal buffer memory: CMA=0 CMA-Desc=1507328 Pinned=47106560. memory to edge layer usage factor is 1
[2026-04-17 11:39:13.411] [61177] [HailoRT] [info] [internal_buffer_manager.cpp:86] [print_execution_results] Default Internal buffer planner executed successfully
[2026-04-17 11:39:13.506] [61177] [HailoRT] [info] [device_internal.cpp:57] [configure] Configuring HEF took 121.731757 milliseconds
[2026-04-17 11:39:13.506] [61177] [HailoRT] [info] [vdevice.cpp:780] [configure] Configuring HEF on VDevice took 122.126588 milliseconds
[2026-04-17 11:39:13.507] [61177] [HailoRT] [info] [control.cpp:113] [control__parse_identify_results] firmware_version is: 4.23.0
[2026-04-17 11:39:13.507] [61177] [HailoRT] [info] [control.cpp:113] [control__parse_identify_results] firmware_version is: 4.23.0
[2026-04-17 11:39:13.525] [61177] [HailoRT] [info] [core_op.cpp:156] [activate] Activating yolov11n took 18.027098 milliseconds. Note that the function is asynchronous and thus the network is not fully activated yet.
[2026-04-17 11:39:13.525] [61177] [HailoRT] [info] [core_op.cpp:156] [activate] Activating yolov11n took 18.04919 milliseconds. Note that the function is asynchronous and thus the network is not fully activated yet.
[2026-04-17 11:39:13.538] [61177] [HailoRT] [info] [control.cpp:113] [control__parse_identify_results] firmware_version is: 4.23.0
[2026-04-17 11:39:13.539] [61177] [HailoRT] [info] [control.cpp:113] [control__parse_identify_results] firmware_version is: 4.23.0
[2026-04-17 11:39:13.539] [61177] [HailoRT] [info] [edge_elements.cpp:52] [create] Created (HwWriteEl8yolov11n/input_layer1 | hw_frame_size: 1228800)
[2026-04-17 11:39:13.539] [61177] [HailoRT] [info] [queue_elements.cpp:284] [create] Created (PushQEl8yolov11n/input_layer1 | timeout: 10s)
[2026-04-17 11:39:13.539] [61177] [HailoRT] [info] [filter_elements.cpp:101] [create] Created (PreInferEl8yolov11n/input_layer1 | Reorder - src_order: NHWC, src_shape: (640, 640, 3), dst_order: NHCW, dst_shape: (640, 640, 3))
[2026-04-17 11:39:13.539] [61177] [HailoRT] [info] [vstream.cpp:754] [InputVStreamImpl] Creating yolov11n/input_layer1...
[2026-04-17 11:39:13.539] [61177] [HailoRT] [info] [vstream_builder.cpp:102] [create_inputs] Input pipeline 'yolov11n/input_layer1': (PreInferEl8yolov11n/input_layer1 | Reorder - src_order: NHWC, src_shape: (640, 640, 3), dst_order: NHCW, dst_shape: (640, 640, 3)) >> (PushQEl8yolov11n/input_layer1 | timeout: 10s) >> (HwWriteEl8yolov11n/input_layer1 | hw_frame_size: 1228800) >> HW
[2026-04-17 11:39:13.539] [61177] [HailoRT] [info] [multi_io_elements.cpp:135] [create] Created (NmsPPMuxEl0YOLOV8-Post-Process | Op YOLOV8, Name: YOLOV8-Post-Process, Score threshold: 0.200, IoU threshold: 0.70, Classes: 80, Max bboxes per class: 100, Image height: 640, Image width: 640)
[2026-04-17 11:39:13.539] [61177] [HailoRT] [info] [edge_elements.cpp:287] [create] Created (HwReadEl3yolov11n/conv51_143 | hw_frame_size: 409600)
[2026-04-17 11:39:13.539] [61177] [HailoRT] [info] [queue_elements.cpp:657] [create] Created (PullQEl_nms3yolov11n/conv51_143 | timeout: 10s)
[2026-04-17 11:39:13.539] [61177] [HailoRT] [info] [edge_elements.cpp:287] [create] Created (HwReadEl12yolov11n/conv54_143 | hw_frame_size: 512000)
[2026-04-17 11:39:13.539] [61177] [HailoRT] [info] [queue_elements.cpp:657] [create] Created (PullQEl_nms12yolov11n/conv54_143 | timeout: 10s)
[2026-04-17 11:39:13.539] [61177] [HailoRT] [info] [edge_elements.cpp:287] [create] Created (HwReadEl15yolov11n/conv62_143 | hw_frame_size: 102400)
[2026-04-17 11:39:13.539] [61177] [HailoRT] [info] [queue_elements.cpp:657] [create] Created (PullQEl_nms15yolov11n/conv62_143 | timeout: 10s)
[2026-04-17 11:39:13.539] [61177] [HailoRT] [info] [edge_elements.cpp:287] [create] Created (HwReadEl13yolov11n/conv65_143 | hw_frame_size: 128000)
[2026-04-17 11:39:13.539] [61177] [HailoRT] [info] [queue_elements.cpp:657] [create] Created (PullQEl_nms13yolov11n/conv65_143 | timeout: 10s)
[2026-04-17 11:39:13.539] [61177] [HailoRT] [info] [edge_elements.cpp:287] [create] Created (HwReadEl1yolov11n/conv77_143 | hw_frame_size: 30720)
[2026-04-17 11:39:13.539] [61177] [HailoRT] [info] [queue_elements.cpp:657] [create] Created (PullQEl_nms1yolov11n/conv77_143 | timeout: 10s)
[2026-04-17 11:39:13.539] [61177] [HailoRT] [info] [edge_elements.cpp:287] [create] Created (HwReadEl0yolov11n/conv80_143 | hw_frame_size: 38400)
[2026-04-17 11:39:13.539] [61177] [HailoRT] [info] [queue_elements.cpp:657] [create] Created (PullQEl_nms0yolov11n/conv80_143 | timeout: 10s)
[2026-04-17 11:39:13.539] [61177] [HailoRT] [info] [queue_elements.cpp:800] [create] Created (UserBufQEl_post_infer0yolov11n/yolov8_nms_postprocess | timeout: 10s)
[2026-04-17 11:39:13.539] [61177] [HailoRT] [info] [vstream.cpp:1114] [OutputVStreamImpl] Creating yolov11n/yolov8_nms_postprocess...
[2026-04-17 11:39:13.539] [61177] [HailoRT] [info] [vstream_builder.cpp:622] [create_output_post_process_nms] Output pipeline 'yolov11n/yolov8_nms_postprocess': HW >> (HwReadEl3yolov11n/conv51_143 | hw_frame_size: 409600) >> (PullQEl_nms3yolov11n/conv51_143) >> (HwReadEl12yolov11n/conv54_143 | hw_frame_size: 512000) >> (PullQEl_nms12yolov11n/conv54_143) >> (HwReadEl15yolov11n/conv62_143 | hw_frame_size: 102400) >> (PullQEl_nms15yolov11n/conv62_143) >> (HwReadEl13yolov11n/conv65_143 | hw_frame_size: 128000) >> (PullQEl_nms13yolov11n/conv65_143) >> (HwReadEl1yolov11n/conv77_143 | hw_frame_size: 30720) >> (PullQEl_nms1yolov11n/conv77_143) >> (HwReadEl0yolov11n/conv80_143 | hw_frame_size: 38400) >> (PullQEl_nms0yolov11n/conv80_143) >> (NmsPPMuxEl0YOLOV8-Post-Process | Op YOLOV8, Name: YOLOV8-Post-Process, Score threshold: 0.200, IoU threshold: 0.70, Classes: 80, Max bboxes per class: 100, Image height: 640, Image width: 640) >> (UserBufQEl_post_infer0yolov11n/yolov8_nms_postprocess | timeout: 10s)
[2026-04-17 11:40:13.540] [62192] [HailoRT] [info] [vdevice_native_stream.cpp:331] [read_impl] Failed read from stream HAILO_STREAM_ABORT(63) (device: 0001:01:00.0)
[2026-04-17 11:40:13.540] [62192] [HailoRT] [info] [edge_elements.cpp:396] [run_pull] Reading from stream was aborted!
[2026-04-17 11:40:13.540] [62192] [HailoRT] [info] [queue_elements.cpp:738] [run_in_thread] run_pull of queue element PullQEl_nms3yolov11n/conv51_143 was aborted!
[2026-04-17 11:40:13.540] [62195] [HailoRT] [info] [vdevice_native_stream.cpp:331] [read_impl] Failed read from stream HAILO_STREAM_ABORT(63) (device: 0001:01:00.0)
[2026-04-17 11:40:13.540] [62195] [HailoRT] [info] [edge_elements.cpp:396] [run_pull] Reading from stream was aborted!
[2026-04-17 11:40:13.540] [62195] [HailoRT] [info] [queue_elements.cpp:738] [run_in_thread] run_pull of queue element PullQEl_nms13yolov11n/conv65_143 was aborted!
[2026-04-17 11:40:13.540] [62194] [HailoRT] [info] [vdevice_native_stream.cpp:331] [read_impl] Failed read from stream HAILO_STREAM_ABORT(63) (device: 0001:01:00.0)
[2026-04-17 11:40:13.540] [62194] [HailoRT] [info] [edge_elements.cpp:396] [run_pull] Reading from stream was aborted!
[2026-04-17 11:40:13.540] [62194] [HailoRT] [info] [queue_elements.cpp:738] [run_in_thread] run_pull of queue element PullQEl_nms15yolov11n/conv62_143 was aborted!
[2026-04-17 11:40:13.540] [62197] [HailoRT] [info] [vdevice_native_stream.cpp:331] [read_impl] Failed read from stream HAILO_STREAM_ABORT(63) (device: 0001:01:00.0)
[2026-04-17 11:40:13.540] [62197] [HailoRT] [info] [edge_elements.cpp:396] [run_pull] Reading from stream was aborted!
[2026-04-17 11:40:13.540] [62197] [HailoRT] [info] [queue_elements.cpp:738] [run_in_thread] run_pull of queue element PullQEl_nms0yolov11n/conv80_143 was aborted!
[2026-04-17 11:40:13.540] [62193] [HailoRT] [info] [vdevice_native_stream.cpp:331] [read_impl] Failed read from stream HAILO_STREAM_ABORT(63) (device: 0001:01:00.0)
[2026-04-17 11:40:13.540] [62193] [HailoRT] [info] [edge_elements.cpp:396] [run_pull] Reading from stream was aborted!
[2026-04-17 11:40:13.540] [62196] [HailoRT] [info] [vdevice_native_stream.cpp:331] [read_impl] Failed read from stream HAILO_STREAM_ABORT(63) (device: 0001:01:00.0)
[2026-04-17 11:40:13.540] [62193] [HailoRT] [info] [queue_elements.cpp:738] [run_in_thread] run_pull of queue element PullQEl_nms12yolov11n/conv54_143 was aborted!
[2026-04-17 11:40:13.540] [62196] [HailoRT] [info] [edge_elements.cpp:396] [run_pull] Reading from stream was aborted!
[2026-04-17 11:40:13.540] [62196] [HailoRT] [info] [queue_elements.cpp:738] [run_in_thread] run_pull of queue element PullQEl_nms1yolov11n/conv77_143 was aborted!
[2026-04-17 11:40:13.542] [62201] [HailoRT] [info] [queue_elements.cpp:706] [run_pull] Shutdown event was signaled in dequeue of queue element PullQEl_nms3yolov11n/conv51_143!
[2026-04-17 11:40:13.542] [62201] [HailoRT] [info] [vstream.cpp:1138] [read] Receiving to VStream was shutdown!
[2026-04-17 11:40:13.543] [62191] [HailoRT] [info] [vdevice_native_stream.cpp:142] [write_impl] Failed write to stream yolov11n/input_layer1 (device: 0001:01:00.0) with status=HAILO_STREAM_ABORT(63)
[2026-04-17 11:40:13.543] [62191] [HailoRT] [info] [edge_elements.cpp:87] [run_push] Failed to send on input stream InputStream(index=8, name=yolov11n/input_layer1) because stream was aborted
[2026-04-17 11:40:13.543] [62191] [HailoRT] [info] [queue_elements.cpp:401] [run_in_thread] run_push of PushQEl8yolov11n/input_layer1 was aborted!
[2026-04-17 11:40:13.544] [62202] [HailoRT] [info] [queue_elements.cpp:319] [run_push] run_push of PushQEl8yolov11n/input_layer1 was aborted!
[2026-04-17 11:40:13.544] [62202] [HailoRT] [info] [filter_elements.cpp:35] [run_push] run_push of PreInferEl8yolov11n/input_layer1 was aborted!
[2026-04-17 11:40:13.544] [62202] [HailoRT] [info] [vstream.cpp:778] [write] Sending to VStream was aborted!
[2026-04-17 11:40:13.549] [61177] [HailoRT] [info] [queue_elements.cpp:360] [execute_deactivate] enqueue() in element PushQEl8yolov11n/input_layer1 was aborted, got status = HAILO_SHUTDOWN_EVENT_SIGNALED(57)
[2026-04-17 11:40:13.549] [62191] [HailoRT] [info] [queue_elements.cpp:68] [operator()] Thread in element PushQEl8yolov11n/input_layer1 is not running anymore, exiting..
[2026-04-17 11:40:13.549] [61177] [HailoRT] [info] [queue_elements.cpp:46] [~BaseQueueElement] Queue element PushQEl8yolov11n/input_layer1 has 0 frames in his Queue on destruction
[2026-04-17 11:40:13.549] [62198] [HailoRT] [info] [queue_elements.cpp:68] [operator()] Thread in element UserBufQEl_post_infer0yolov11n/yolov8_nms_postprocess is not running anymore, exiting..
[2026-04-17 11:40:13.549] [61177] [HailoRT] [info] [queue_elements.cpp:46] [~BaseQueueElement] Queue element UserBufQEl_post_infer0yolov11n/yolov8_nms_postprocess has 0 frames in his Queue on destruction
[2026-04-17 11:40:13.549] [62197] [HailoRT] [info] [queue_elements.cpp:68] [operator()] Thread in element PullQEl_nms0yolov11n/conv80_143 is not running anymore, exiting..
[2026-04-17 11:40:13.549] [61177] [HailoRT] [info] [queue_elements.cpp:46] [~BaseQueueElement] Queue element PullQEl_nms0yolov11n/conv80_143 has 0 frames in his Queue on destruction
[2026-04-17 11:40:13.549] [62196] [HailoRT] [info] [queue_elements.cpp:68] [operator()] Thread in element PullQEl_nms1yolov11n/conv77_143 is not running anymore, exiting..
[2026-04-17 11:40:13.549] [61177] [HailoRT] [info] [queue_elements.cpp:46] [~BaseQueueElement] Queue element PullQEl_nms1yolov11n/conv77_143 has 0 frames in his Queue on destruction
[2026-04-17 11:40:13.549] [62195] [HailoRT] [info] [queue_elements.cpp:68] [operator()] Thread in element PullQEl_nms13yolov11n/conv65_143 is not running anymore, exiting..
[2026-04-17 11:40:13.549] [61177] [HailoRT] [info] [queue_elements.cpp:46] [~BaseQueueElement] Queue element PullQEl_nms13yolov11n/conv65_143 has 0 frames in his Queue on destruction
[2026-04-17 11:40:13.549] [62194] [HailoRT] [info] [queue_elements.cpp:68] [operator()] Thread in element PullQEl_nms15yolov11n/conv62_143 is not running anymore, exiting..
[2026-04-17 11:40:13.549] [61177] [HailoRT] [info] [queue_elements.cpp:46] [~BaseQueueElement] Queue element PullQEl_nms15yolov11n/conv62_143 has 0 frames in his Queue on destruction
[2026-04-17 11:40:13.549] [62193] [HailoRT] [info] [queue_elements.cpp:68] [operator()] Thread in element PullQEl_nms12yolov11n/conv54_143 is not running anymore, exiting..
[2026-04-17 11:40:13.549] [61177] [HailoRT] [info] [queue_elements.cpp:46] [~BaseQueueElement] Queue element PullQEl_nms12yolov11n/conv54_143 has 0 frames in his Queue on destruction
[2026-04-17 11:40:13.549] [62192] [HailoRT] [info] [queue_elements.cpp:68] [operator()] Thread in element PullQEl_nms3yolov11n/conv51_143 is not running anymore, exiting..
[2026-04-17 11:40:13.549] [61177] [HailoRT] [info] [queue_elements.cpp:46] [~BaseQueueElement] Queue element PullQEl_nms3yolov11n/conv51_143 has 0 frames in his Queue on destruction
[2026-04-17 11:40:13.550] [61177] [HailoRT] [info] [core_op.cpp:186] [deactivate] Deactivating took 0.007722 ms
[2026-04-17 11:40:13.550] [61177] [HailoRT] [info] [core_op.cpp:186] [deactivate] Deactivating took 0.016185 ms
[2026-04-17 11:40:23.920] [62719] [HailoRT] [info] [vdevice.cpp:535] [create] Creating vdevice with params: device_count: 1, scheduling_algorithm: NONE, multi_process_service: false
[2026-04-17 11:40:23.934] [62719] [HailoRT] [info] [device.cpp:51] [Device] OS Version: Linux 6.12.75+rpt-rpi-2712 #1 SMP PREEMPT Debian 1:6.12.75-1+rpt1 (2026-03-11) aarch64
[2026-04-17 11:40:23.934] [62719] [HailoRT] [info] [control.cpp:113] [control__parse_identify_results] firmware_version is: 4.23.0
[2026-04-17 11:40:23.934] [62719] [HailoRT] [info] [vdevice.cpp:682] [create] VDevice Infos: 0001:01:00.0
[2026-04-17 11:40:23.940] [62719] [HailoRT] [warning] [buffer_requirements.cpp:131] [get_buffer_requirements_multiple_transfers] Desc page size value (1024) is not optimal for performance.
[2026-04-17 11:40:23.975] [62719] [HailoRT] [info] [internal_buffer_manager.cpp:77] [print_execution_results] Planned internal buffer memory: CMA=0 CMA-Desc=1310720 Pinned=48284672. memory to edge layer usage factor is 1
[2026-04-17 11:40:23.975] [62719] [HailoRT] [info] [internal_buffer_manager.cpp:86] [print_execution_results] Default Internal buffer planner executed successfully
[2026-04-17 11:40:24.142] [62719] [HailoRT] [info] [device_internal.cpp:57] [configure] Configuring HEF took 207.798714 milliseconds
[2026-04-17 11:40:24.143] [62719] [HailoRT] [info] [vdevice.cpp:780] [configure] Configuring HEF on VDevice took 208.197028 milliseconds
[2026-04-17 11:40:24.143] [62719] [HailoRT] [info] [control.cpp:113] [control__parse_identify_results] firmware_version is: 4.23.0
[2026-04-17 11:40:24.143] [62719] [HailoRT] [info] [control.cpp:113] [control__parse_identify_results] firmware_version is: 4.23.0
[2026-04-17 11:40:24.184] [62719] [HailoRT] [info] [core_op.cpp:156] [activate] Activating yolov11n took 40.43218 milliseconds. Note that the function is asynchronous and thus the network is not fully activated yet.
[2026-04-17 11:40:24.184] [62719] [HailoRT] [info] [core_op.cpp:156] [activate] Activating yolov11n took 40.471884 milliseconds. Note that the function is asynchronous and thus the network is not fully activated yet.
[2026-04-17 11:40:24.197] [62719] [HailoRT] [info] [control.cpp:113] [control__parse_identify_results] firmware_version is: 4.23.0
[2026-04-17 11:40:24.197] [62719] [HailoRT] [info] [control.cpp:113] [control__parse_identify_results] firmware_version is: 4.23.0
[2026-04-17 11:40:25.299] [62711] [HailoRT] [info] [device.cpp:51] [Device] OS Version: Linux 6.12.75+rpt-rpi-2712 #1 SMP PREEMPT Debian 1:6.12.75-1+rpt1 (2026-03-11) aarch64
[2026-04-17 11:40:25.299] [62711] [HailoRT] [info] [control.cpp:113] [control__parse_identify_results] firmware_version is: 4.23.0
[2026-04-17 11:40:25.299] [62711] [HailoRT] [info] [control.cpp:113] [control__parse_identify_results] firmware_version is: 4.23.0
[2026-04-17 11:41:24.198] [62734] [HailoRT] [info] [vdevice_native_stream.cpp:331] [read_impl] Failed read from stream HAILO_STREAM_ABORT(63) (device: 0001:01:00.0)
[2026-04-17 11:41:24.198] [62731] [HailoRT] [info] [vdevice_native_stream.cpp:331] [read_impl] Failed read from stream HAILO_STREAM_ABORT(63) (device: 0001:01:00.0)
[2026-04-17 11:41:24.198] [62735] [HailoRT] [info] [vdevice_native_stream.cpp:142] [write_impl] Failed write to stream yolov11n/input_layer1 (device: 0001:01:00.0) with status=HAILO_STREAM_ABORT(63)
[2026-04-17 11:41:24.198] [62729] [HailoRT] [info] [vdevice_native_stream.cpp:331] [read_impl] Failed read from stream HAILO_STREAM_ABORT(63) (device: 0001:01:00.0)
[2026-04-17 11:41:24.198] [62733] [HailoRT] [info] [vdevice_native_stream.cpp:331] [read_impl] Failed read from stream HAILO_STREAM_ABORT(63) (device: 0001:01:00.0)
[2026-04-17 11:41:24.198] [62730] [HailoRT] [info] [vdevice_native_stream.cpp:331] [read_impl] Failed read from stream HAILO_STREAM_ABORT(63) (device: 0001:01:00.0)
[2026-04-17 11:41:24.198] [62732] [HailoRT] [info] [vdevice_native_stream.cpp:331] [read_impl] Failed read from stream HAILO_STREAM_ABORT(63) (device: 0001:01:00.0)
[2026-04-17 11:41:24.207] [62719] [HailoRT] [info] [core_op.cpp:186] [deactivate] Deactivating took 0.006833 ms
[2026-04-17 11:41:24.207] [62719] [HailoRT] [info] [core_op.cpp:186] [deactivate] Deactivating took 0.025593 ms
[2026-04-17 11:41:24.260] [62719] [HailoRT] [info] [vdevice.cpp:535] [create] Creating vdevice with params: device_count: 1, scheduling_algorithm: NONE, multi_process_service: false
[2026-04-17 11:41:24.260] [62719] [HailoRT] [info] [device.cpp:51] [Device] OS Version: Linux 6.12.75+rpt-rpi-2712 #1 SMP PREEMPT Debian 1:6.12.75-1+rpt1 (2026-03-11) aarch64
[2026-04-17 11:41:24.261] [62719] [HailoRT] [info] [control.cpp:113] [control__parse_identify_results] firmware_version is: 4.23.0
[2026-04-17 11:41:24.261] [62719] [HailoRT] [info] [vdevice.cpp:682] [create] VDevice Infos: 0001:01:00.0
[2026-04-17 11:41:24.267] [62719] [HailoRT] [warning] [buffer_requirements.cpp:131] [get_buffer_requirements_multiple_transfers] Desc page size value (1024) is not optimal for performance.
[2026-04-17 11:41:24.279] [62719] [HailoRT] [info] [internal_buffer_manager.cpp:77] [print_execution_results] Planned internal buffer memory: CMA=0 CMA-Desc=1310720 Pinned=48284672. memory to edge layer usage factor is 1
[2026-04-17 11:41:24.279] [62719] [HailoRT] [info] [internal_buffer_manager.cpp:86] [print_execution_results] Default Internal buffer planner executed successfully
[2026-04-17 11:41:24.377] [62719] [HailoRT] [info] [device_internal.cpp:57] [configure] Configuring HEF took 115.783436 milliseconds
[2026-04-17 11:41:24.377] [62719] [HailoRT] [info] [vdevice.cpp:780] [configure] Configuring HEF on VDevice took 116.196583 milliseconds
[2026-04-17 11:41:24.377] [62719] [HailoRT] [info] [control.cpp:113] [control__parse_identify_results] firmware_version is: 4.23.0
[2026-04-17 11:41:24.378] [62719] [HailoRT] [info] [control.cpp:113] [control__parse_identify_results] firmware_version is: 4.23.0
[2026-04-17 11:41:24.413] [62719] [HailoRT] [info] [core_op.cpp:156] [activate] Activating yolov11n took 35.716199 milliseconds. Note that the function is asynchronous and thus the network is not fully activated yet.
[2026-04-17 11:41:24.413] [62719] [HailoRT] [info] [core_op.cpp:156] [activate] Activating yolov11n took 35.741255 milliseconds. Note that the function is asynchronous and thus the network is not fully activated yet.
[2026-04-17 11:41:24.426] [62719] [HailoRT] [info] [control.cpp:113] [control__parse_identify_results] firmware_version is: 4.23.0
[2026-04-17 11:41:24.427] [62719] [HailoRT] [info] [control.cpp:113] [control__parse_identify_results] firmware_version is: 4.23.0
[2026-04-17 11:41:24.427] [62719] [HailoRT] [info] [edge_elements.cpp:52] [create] Created (HwWriteEl8yolov11n/input_layer1 | hw_frame_size: 1228800)
[2026-04-17 11:41:24.427] [62719] [HailoRT] [info] [queue_elements.cpp:284] [create] Created (PushQEl8yolov11n/input_layer1 | timeout: 10s)
[2026-04-17 11:41:24.427] [62719] [HailoRT] [info] [filter_elements.cpp:101] [create] Created (PreInferEl8yolov11n/input_layer1 | Reorder - src_order: NHWC, src_shape: (640, 640, 3), dst_order: NHCW, dst_shape: (640, 640, 3))
[2026-04-17 11:41:24.427] [62719] [HailoRT] [info] [vstream.cpp:754] [InputVStreamImpl] Creating yolov11n/input_layer1...
[2026-04-17 11:41:24.427] [62719] [HailoRT] [info] [vstream_builder.cpp:102] [create_inputs] Input pipeline 'yolov11n/input_layer1': (PreInferEl8yolov11n/input_layer1 | Reorder - src_order: NHWC, src_shape: (640, 640, 3), dst_order: NHCW, dst_shape: (640, 640, 3)) >> (PushQEl8yolov11n/input_layer1 | timeout: 10s) >> (HwWriteEl8yolov11n/input_layer1 | hw_frame_size: 1228800) >> HW
[2026-04-17 11:41:24.427] [62719] [HailoRT] [info] [multi_io_elements.cpp:135] [create] Created (NmsPPMuxEl0YOLOV8-Post-Process | Op YOLOV8, Name: YOLOV8-Post-Process, Score threshold: 0.200, IoU threshold: 0.70, Classes: 80, Max bboxes per class: 100, Image height: 640, Image width: 640)
[2026-04-17 11:41:24.427] [62719] [HailoRT] [info] [edge_elements.cpp:287] [create] Created (HwReadEl3yolov11n/conv51_143 | hw_frame_size: 409600)
[2026-04-17 11:41:24.427] [62719] [HailoRT] [info] [queue_elements.cpp:657] [create] Created (PullQEl_nms3yolov11n/conv51_143 | timeout: 10s)
[2026-04-17 11:41:24.427] [62719] [HailoRT] [info] [edge_elements.cpp:287] [create] Created (HwReadEl12yolov11n/conv54_143 | hw_frame_size: 512000)
[2026-04-17 11:41:24.427] [62719] [HailoRT] [info] [queue_elements.cpp:657] [create] Created (PullQEl_nms12yolov11n/conv54_143 | timeout: 10s)
[2026-04-17 11:41:24.427] [62719] [HailoRT] [info] [edge_elements.cpp:287] [create] Created (HwReadEl15yolov11n/conv62_143 | hw_frame_size: 102400)
[2026-04-17 11:41:24.427] [62719] [HailoRT] [info] [queue_elements.cpp:657] [create] Created (PullQEl_nms15yolov11n/conv62_143 | timeout: 10s)
[2026-04-17 11:41:24.427] [62719] [HailoRT] [info] [edge_elements.cpp:287] [create] Created (HwReadEl13yolov11n/conv65_143 | hw_frame_size: 128000)
[2026-04-17 11:41:24.427] [62719] [HailoRT] [info] [queue_elements.cpp:657] [create] Created (PullQEl_nms13yolov11n/conv65_143 | timeout: 10s)
[2026-04-17 11:41:24.427] [62719] [HailoRT] [info] [edge_elements.cpp:287] [create] Created (HwReadEl1yolov11n/conv77_143 | hw_frame_size: 30720)
[2026-04-17 11:41:24.428] [62719] [HailoRT] [info] [queue_elements.cpp:657] [create] Created (PullQEl_nms1yolov11n/conv77_143 | timeout: 10s)
[2026-04-17 11:41:24.428] [62719] [HailoRT] [info] [edge_elements.cpp:287] [create] Created (HwReadEl0yolov11n/conv80_143 | hw_frame_size: 38400)
[2026-04-17 11:41:24.428] [62719] [HailoRT] [info] [queue_elements.cpp:657] [create] Created (PullQEl_nms0yolov11n/conv80_143 | timeout: 10s)
[2026-04-17 11:41:24.428] [62719] [HailoRT] [info] [queue_elements.cpp:800] [create] Created (UserBufQEl_post_infer0yolov11n/yolov8_nms_postprocess | timeout: 10s)
[2026-04-17 11:41:24.428] [62719] [HailoRT] [info] [vstream.cpp:1114] [OutputVStreamImpl] Creating yolov11n/yolov8_nms_postprocess...
[2026-04-17 11:41:24.428] [62719] [HailoRT] [info] [vstream_builder.cpp:622] [create_output_post_process_nms] Output pipeline 'yolov11n/yolov8_nms_postprocess': HW >> (HwReadEl3yolov11n/conv51_143 | hw_frame_size: 409600) >> (PullQEl_nms3yolov11n/conv51_143) >> (HwReadEl12yolov11n/conv54_143 | hw_frame_size: 512000) >> (PullQEl_nms12yolov11n/conv54_143) >> (HwReadEl15yolov11n/conv62_143 | hw_frame_size: 102400) >> (PullQEl_nms15yolov11n/conv62_143) >> (HwReadEl13yolov11n/conv65_143 | hw_frame_size: 128000) >> (PullQEl_nms13yolov11n/conv65_143) >> (HwReadEl1yolov11n/conv77_143 | hw_frame_size: 30720) >> (PullQEl_nms1yolov11n/conv77_143) >> (HwReadEl0yolov11n/conv80_143 | hw_frame_size: 38400) >> (PullQEl_nms0yolov11n/conv80_143) >> (NmsPPMuxEl0YOLOV8-Post-Process | Op YOLOV8, Name: YOLOV8-Post-Process, Score threshold: 0.200, IoU threshold: 0.70, Classes: 80, Max bboxes per class: 100, Image height: 640, Image width: 640) >> (UserBufQEl_post_infer0yolov11n/yolov8_nms_postprocess | timeout: 10s)
[2026-04-17 11:42:24.428] [63248] [HailoRT] [info] [vdevice_native_stream.cpp:331] [read_impl] Failed read from stream HAILO_STREAM_ABORT(63) (device: 0001:01:00.0)
[2026-04-17 11:42:24.428] [63248] [HailoRT] [info] [edge_elements.cpp:396] [run_pull] Reading from stream was aborted!
[2026-04-17 11:42:24.428] [63248] [HailoRT] [info] [queue_elements.cpp:738] [run_in_thread] run_pull of queue element PullQEl_nms3yolov11n/conv51_143 was aborted!
[2026-04-17 11:42:24.428] [63247] [HailoRT] [info] [vdevice_native_stream.cpp:142] [write_impl] Failed write to stream yolov11n/input_layer1 (device: 0001:01:00.0) with status=HAILO_STREAM_ABORT(63)
[2026-04-17 11:42:24.428] [63247] [HailoRT] [info] [edge_elements.cpp:87] [run_push] Failed to send on input stream InputStream(index=8, name=yolov11n/input_layer1) because stream was aborted
[2026-04-17 11:42:24.428] [63257] [HailoRT] [info] [queue_elements.cpp:706] [run_pull] Shutdown event was signaled in dequeue of queue element PullQEl_nms3yolov11n/conv51_143!
[2026-04-17 11:42:24.428] [63250] [HailoRT] [info] [vdevice_native_stream.cpp:331] [read_impl] Failed read from stream HAILO_STREAM_ABORT(63) (device: 0001:01:00.0)
[2026-04-17 11:42:24.428] [63250] [HailoRT] [info] [edge_elements.cpp:396] [run_pull] Reading from stream was aborted!
[2026-04-17 11:42:24.428] [63247] [HailoRT] [info] [queue_elements.cpp:401] [run_in_thread] run_push of PushQEl8yolov11n/input_layer1 was aborted!
[2026-04-17 11:42:24.428] [63257] [HailoRT] [info] [vstream.cpp:1138] [read] Receiving to VStream was shutdown!
[2026-04-17 11:42:24.428] [63250] [HailoRT] [info] [queue_elements.cpp:738] [run_in_thread] run_pull of queue element PullQEl_nms15yolov11n/conv62_143 was aborted!
[2026-04-17 11:42:24.428] [63258] [HailoRT] [info] [queue_elements.cpp:319] [run_push] run_push of PushQEl8yolov11n/input_layer1 was aborted!
[2026-04-17 11:42:24.428] [63258] [HailoRT] [info] [filter_elements.cpp:35] [run_push] run_push of PreInferEl8yolov11n/input_layer1 was aborted!
[2026-04-17 11:42:24.428] [63252] [HailoRT] [info] [vdevice_native_stream.cpp:331] [read_impl] Failed read from stream HAILO_STREAM_ABORT(63) (device: 0001:01:00.0)
[2026-04-17 11:42:24.428] [63252] [HailoRT] [info] [edge_elements.cpp:396] [run_pull] Reading from stream was aborted!
[2026-04-17 11:42:24.428] [63258] [HailoRT] [info] [vstream.cpp:778] [write] Sending to VStream was aborted!
[2026-04-17 11:42:24.428] [63252] [HailoRT] [info] [queue_elements.cpp:738] [run_in_thread] run_pull of queue element PullQEl_nms1yolov11n/conv77_143 was aborted!
[2026-04-17 11:42:24.428] [63253] [HailoRT] [info] [vdevice_native_stream.cpp:331] [read_impl] Failed read from stream HAILO_STREAM_ABORT(63) (device: 0001:01:00.0)
[2026-04-17 11:42:24.428] [63253] [HailoRT] [info] [edge_elements.cpp:396] [run_pull] Reading from stream was aborted!
[2026-04-17 11:42:24.428] [63253] [HailoRT] [info] [queue_elements.cpp:738] [run_in_thread] run_pull of queue element PullQEl_nms0yolov11n/conv80_143 was aborted!
[2026-04-17 11:42:24.428] [63249] [HailoRT] [info] [vdevice_native_stream.cpp:331] [read_impl] Failed read from stream HAILO_STREAM_ABORT(63) (device: 0001:01:00.0)
[2026-04-17 11:42:24.428] [63249] [HailoRT] [info] [edge_elements.cpp:396] [run_pull] Reading from stream was aborted!
[2026-04-17 11:42:24.428] [63249] [HailoRT] [info] [queue_elements.cpp:738] [run_in_thread] run_pull of queue element PullQEl_nms12yolov11n/conv54_143 was aborted!
[2026-04-17 11:42:24.428] [63251] [HailoRT] [info] [vdevice_native_stream.cpp:331] [read_impl] Failed read from stream HAILO_STREAM_ABORT(63) (device: 0001:01:00.0)
[2026-04-17 11:42:24.428] [63251] [HailoRT] [info] [edge_elements.cpp:396] [run_pull] Reading from stream was aborted!
[2026-04-17 11:42:24.428] [63251] [HailoRT] [info] [queue_elements.cpp:738] [run_in_thread] run_pull of queue element PullQEl_nms13yolov11n/conv65_143 was aborted!
[2026-04-17 11:42:24.437] [62719] [HailoRT] [info] [queue_elements.cpp:360] [execute_deactivate] enqueue() in element PushQEl8yolov11n/input_layer1 was aborted, got status = HAILO_SHUTDOWN_EVENT_SIGNALED(57)
[2026-04-17 11:42:24.437] [63247] [HailoRT] [info] [queue_elements.cpp:68] [operator()] Thread in element PushQEl8yolov11n/input_layer1 is not running anymore, exiting..
[2026-04-17 11:42:24.437] [62719] [HailoRT] [info] [queue_elements.cpp:46] [~BaseQueueElement] Queue element PushQEl8yolov11n/input_layer1 has 0 frames in his Queue on destruction
[2026-04-17 11:42:24.437] [63254] [HailoRT] [info] [queue_elements.cpp:68] [operator()] Thread in element UserBufQEl_post_infer0yolov11n/yolov8_nms_postprocess is not running anymore, exiting..
[2026-04-17 11:42:24.437] [62719] [HailoRT] [info] [queue_elements.cpp:46] [~BaseQueueElement] Queue element UserBufQEl_post_infer0yolov11n/yolov8_nms_postprocess has 0 frames in his Queue on destruction
[2026-04-17 11:42:24.437] [63253] [HailoRT] [info] [queue_elements.cpp:68] [operator()] Thread in element PullQEl_nms0yolov11n/conv80_143 is not running anymore, exiting..
[2026-04-17 11:42:24.437] [62719] [HailoRT] [info] [queue_elements.cpp:46] [~BaseQueueElement] Queue element PullQEl_nms0yolov11n/conv80_143 has 0 frames in his Queue on destruction
[2026-04-17 11:42:24.437] [63252] [HailoRT] [info] [queue_elements.cpp:68] [operator()] Thread in element PullQEl_nms1yolov11n/conv77_143 is not running anymore, exiting..
[2026-04-17 11:42:24.437] [62719] [HailoRT] [info] [queue_elements.cpp:46] [~BaseQueueElement] Queue element PullQEl_nms1yolov11n/conv77_143 has 0 frames in his Queue on destruction
[2026-04-17 11:42:24.437] [63251] [HailoRT] [info] [queue_elements.cpp:68] [operator()] Thread in element PullQEl_nms13yolov11n/conv65_143 is not running anymore, exiting..
[2026-04-17 11:42:24.437] [62719] [HailoRT] [info] [queue_elements.cpp:46] [~BaseQueueElement] Queue element PullQEl_nms13yolov11n/conv65_143 has 0 frames in his Queue on destruction
[2026-04-17 11:42:24.437] [63250] [HailoRT] [info] [queue_elements.cpp:68] [operator()] Thread in element PullQEl_nms15yolov11n/conv62_143 is not running anymore, exiting..
[2026-04-17 11:42:24.438] [62719] [HailoRT] [info] [queue_elements.cpp:46] [~BaseQueueElement] Queue element PullQEl_nms15yolov11n/conv62_143 has 0 frames in his Queue on destruction
[2026-04-17 11:42:24.438] [63249] [HailoRT] [info] [queue_elements.cpp:68] [operator()] Thread in element PullQEl_nms12yolov11n/conv54_143 is not running anymore, exiting..
[2026-04-17 11:42:24.438] [62719] [HailoRT] [info] [queue_elements.cpp:46] [~BaseQueueElement] Queue element PullQEl_nms12yolov11n/conv54_143 has 0 frames in his Queue on destruction
[2026-04-17 11:42:24.438] [63248] [HailoRT] [info] [queue_elements.cpp:68] [operator()] Thread in element PullQEl_nms3yolov11n/conv51_143 is not running anymore, exiting..
[2026-04-17 11:42:24.438] [62719] [HailoRT] [info] [queue_elements.cpp:46] [~BaseQueueElement] Queue element PullQEl_nms3yolov11n/conv51_143 has 0 frames in his Queue on destruction
[2026-04-17 11:42:24.438] [62719] [HailoRT] [info] [core_op.cpp:186] [deactivate] Deactivating took 0.00763 ms
[2026-04-17 11:42:24.438] [62719] [HailoRT] [info] [core_op.cpp:186] [deactivate] Deactivating took 0.015796 ms
[2026-04-17 11:42:24.497] [62719] [HailoRT] [info] [vdevice.cpp:535] [create] Creating vdevice with params: device_count: 1, scheduling_algorithm: NONE, multi_process_service: false
[2026-04-17 11:42:24.498] [62719] [HailoRT] [info] [device.cpp:51] [Device] OS Version: Linux 6.12.75+rpt-rpi-2712 #1 SMP PREEMPT Debian 1:6.12.75-1+rpt1 (2026-03-11) aarch64
[2026-04-17 11:42:24.498] [62719] [HailoRT] [info] [control.cpp:113] [control__parse_identify_results] firmware_version is: 4.23.0
[2026-04-17 11:42:24.498] [62719] [HailoRT] [info] [vdevice.cpp:682] [create] VDevice Infos: 0001:01:00.0
[2026-04-17 11:42:24.504] [62719] [HailoRT] [warning] [buffer_requirements.cpp:131] [get_buffer_requirements_multiple_transfers] Desc page size value (1024) is not optimal for performance.
[2026-04-17 11:42:24.516] [62719] [HailoRT] [info] [internal_buffer_manager.cpp:77] [print_execution_results] Planned internal buffer memory: CMA=0 CMA-Desc=1310720 Pinned=48284672. memory to edge layer usage factor is 1
[2026-04-17 11:42:24.516] [62719] [HailoRT] [info] [internal_buffer_manager.cpp:86] [print_execution_results] Default Internal buffer planner executed successfully
[2026-04-17 11:42:24.622] [62719] [HailoRT] [info] [device_internal.cpp:57] [configure] Configuring HEF took 123.80191 milliseconds
[2026-04-17 11:42:24.622] [62719] [HailoRT] [info] [vdevice.cpp:780] [configure] Configuring HEF on VDevice took 124.175242 milliseconds
[2026-04-17 11:42:24.623] [62719] [HailoRT] [info] [control.cpp:113] [control__parse_identify_results] firmware_version is: 4.23.0
[2026-04-17 11:42:24.623] [62719] [HailoRT] [info] [control.cpp:113] [control__parse_identify_results] firmware_version is: 4.23.0
[2026-04-17 11:42:24.652] [62719] [HailoRT] [info] [core_op.cpp:156] [activate] Activating yolov11n took 28.90867 milliseconds. Note that the function is asynchronous and thus the network is not fully activated yet.
[2026-04-17 11:42:24.652] [62719] [HailoRT] [info] [core_op.cpp:156] [activate] Activating yolov11n took 28.933689 milliseconds. Note that the function is asynchronous and thus the network is not fully activated yet.
[2026-04-17 11:42:24.665] [62719] [HailoRT] [info] [control.cpp:113] [control__parse_identify_results] firmware_version is: 4.23.0
[2026-04-17 11:42:24.665] [62719] [HailoRT] [info] [control.cpp:113] [control__parse_identify_results] firmware_version is: 4.23.0
[2026-04-17 11:42:24.665] [62719] [HailoRT] [info] [edge_elements.cpp:52] [create] Created (HwWriteEl8yolov11n/input_layer1 | hw_frame_size: 1228800)
[2026-04-17 11:42:24.666] [62719] [HailoRT] [info] [queue_elements.cpp:284] [create] Created (PushQEl8yolov11n/input_layer1 | timeout: 10s)
[2026-04-17 11:42:24.666] [62719] [HailoRT] [info] [filter_elements.cpp:101] [create] Created (PreInferEl8yolov11n/input_layer1 | Reorder - src_order: NHWC, src_shape: (640, 640, 3), dst_order: NHCW, dst_shape: (640, 640, 3))
[2026-04-17 11:42:24.666] [62719] [HailoRT] [info] [vstream.cpp:754] [InputVStreamImpl] Creating yolov11n/input_layer1...
[2026-04-17 11:42:24.666] [62719] [HailoRT] [info] [vstream_builder.cpp:102] [create_inputs] Input pipeline 'yolov11n/input_layer1': (PreInferEl8yolov11n/input_layer1 | Reorder - src_order: NHWC, src_shape: (640, 640, 3), dst_order: NHCW, dst_shape: (640, 640, 3)) >> (PushQEl8yolov11n/input_layer1 | timeout: 10s) >> (HwWriteEl8yolov11n/input_layer1 | hw_frame_size: 1228800) >> HW
[2026-04-17 11:42:24.666] [62719] [HailoRT] [info] [multi_io_elements.cpp:135] [create] Created (NmsPPMuxEl0YOLOV8-Post-Process | Op YOLOV8, Name: YOLOV8-Post-Process, Score threshold: 0.200, IoU threshold: 0.70, Classes: 80, Max bboxes per class: 100, Image height: 640, Image width: 640)
[2026-04-17 11:42:24.666] [62719] [HailoRT] [info] [edge_elements.cpp:287] [create] Created (HwReadEl3yolov11n/conv51_143 | hw_frame_size: 409600)
[2026-04-17 11:42:24.666] [62719] [HailoRT] [info] [queue_elements.cpp:657] [create] Created (PullQEl_nms3yolov11n/conv51_143 | timeout: 10s)
[2026-04-17 11:42:24.666] [62719] [HailoRT] [info] [edge_elements.cpp:287] [create] Created (HwReadEl12yolov11n/conv54_143 | hw_frame_size: 512000)
[2026-04-17 11:42:24.666] [62719] [HailoRT] [info] [queue_elements.cpp:657] [create] Created (PullQEl_nms12yolov11n/conv54_143 | timeout: 10s)
[2026-04-17 11:42:24.666] [62719] [HailoRT] [info] [edge_elements.cpp:287] [create] Created (HwReadEl15yolov11n/conv62_143 | hw_frame_size: 102400)
[2026-04-17 11:42:24.666] [62719] [HailoRT] [info] [queue_elements.cpp:657] [create] Created (PullQEl_nms15yolov11n/conv62_143 | timeout: 10s)
[2026-04-17 11:42:24.666] [62719] [HailoRT] [info] [edge_elements.cpp:287] [create] Created (HwReadEl13yolov11n/conv65_143 | hw_frame_size: 128000)
[2026-04-17 11:42:24.666] [62719] [HailoRT] [info] [queue_elements.cpp:657] [create] Created (PullQEl_nms13yolov11n/conv65_143 | timeout: 10s)
[2026-04-17 11:42:24.666] [62719] [HailoRT] [info] [edge_elements.cpp:287] [create] Created (HwReadEl1yolov11n/conv77_143 | hw_frame_size: 30720)
[2026-04-17 11:42:24.666] [62719] [HailoRT] [info] [queue_elements.cpp:657] [create] Created (PullQEl_nms1yolov11n/conv77_143 | timeout: 10s)
[2026-04-17 11:42:24.666] [62719] [HailoRT] [info] [edge_elements.cpp:287] [create] Created (HwReadEl0yolov11n/conv80_143 | hw_frame_size: 38400)
[2026-04-17 11:42:24.666] [62719] [HailoRT] [info] [queue_elements.cpp:657] [create] Created (PullQEl_nms0yolov11n/conv80_143 | timeout: 10s)
[2026-04-17 11:42:24.666] [62719] [HailoRT] [info] [queue_elements.cpp:800] [create] Created (UserBufQEl_post_infer0yolov11n/yolov8_nms_postprocess | timeout: 10s)
[2026-04-17 11:42:24.666] [62719] [HailoRT] [info] [vstream.cpp:1114] [OutputVStreamImpl] Creating yolov11n/yolov8_nms_postprocess...
[2026-04-17 11:42:24.666] [62719] [HailoRT] [info] [vstream_builder.cpp:622] [create_output_post_process_nms] Output pipeline 'yolov11n/yolov8_nms_postprocess': HW >> (HwReadEl3yolov11n/conv51_143 | hw_frame_size: 409600) >> (PullQEl_nms3yolov11n/conv51_143) >> (HwReadEl12yolov11n/conv54_143 | hw_frame_size: 512000) >> (PullQEl_nms12yolov11n/conv54_143) >> (HwReadEl15yolov11n/conv62_143 | hw_frame_size: 102400) >> (PullQEl_nms15yolov11n/conv62_143) >> (HwReadEl13yolov11n/conv65_143 | hw_frame_size: 128000) >> (PullQEl_nms13yolov11n/conv65_143) >> (HwReadEl1yolov11n/conv77_143 | hw_frame_size: 30720) >> (PullQEl_nms1yolov11n/conv77_143) >> (HwReadEl0yolov11n/conv80_143 | hw_frame_size: 38400) >> (PullQEl_nms0yolov11n/conv80_143) >> (NmsPPMuxEl0YOLOV8-Post-Process | Op YOLOV8, Name: YOLOV8-Post-Process, Score threshold: 0.200, IoU threshold: 0.70, Classes: 80, Max bboxes per class: 100, Image height: 640, Image width: 640) >> (UserBufQEl_post_infer0yolov11n/yolov8_nms_postprocess | timeout: 10s)
[2026-04-17 11:43:24.667] [63739] [HailoRT] [info] [vdevice_native_stream.cpp:331] [read_impl] Failed read from stream HAILO_STREAM_ABORT(63) (device: 0001:01:00.0)
[2026-04-17 11:43:24.667] [63739] [HailoRT] [info] [edge_elements.cpp:396] [run_pull] Reading from stream was aborted!
[2026-04-17 11:43:24.667] [63739] [HailoRT] [info] [queue_elements.cpp:738] [run_in_thread] run_pull of queue element PullQEl_nms3yolov11n/conv51_143 was aborted!
[2026-04-17 11:43:24.667] [63748] [HailoRT] [info] [queue_elements.cpp:706] [run_pull] Shutdown event was signaled in dequeue of queue element PullQEl_nms3yolov11n/conv51_143!
[2026-04-17 11:43:24.667] [63748] [HailoRT] [info] [vstream.cpp:1138] [read] Receiving to VStream was shutdown!
[2026-04-17 11:43:24.667] [63741] [HailoRT] [info] [vdevice_native_stream.cpp:331] [read_impl] Failed read from stream HAILO_STREAM_ABORT(63) (device: 0001:01:00.0)
[2026-04-17 11:43:24.667] [63741] [HailoRT] [info] [edge_elements.cpp:396] [run_pull] Reading from stream was aborted!
[2026-04-17 11:43:24.667] [63741] [HailoRT] [info] [queue_elements.cpp:738] [run_in_thread] run_pull of queue element PullQEl_nms15yolov11n/conv62_143 was aborted!
[2026-04-17 11:43:24.667] [63744] [HailoRT] [info] [vdevice_native_stream.cpp:331] [read_impl] Failed read from stream HAILO_STREAM_ABORT(63) (device: 0001:01:00.0)
[2026-04-17 11:43:24.667] [63744] [HailoRT] [info] [edge_elements.cpp:396] [run_pull] Reading from stream was aborted!
[2026-04-17 11:43:24.667] [63744] [HailoRT] [info] [queue_elements.cpp:738] [run_in_thread] run_pull of queue element PullQEl_nms0yolov11n/conv80_143 was aborted!
[2026-04-17 11:43:24.667] [63740] [HailoRT] [info] [vdevice_native_stream.cpp:331] [read_impl] Failed read from stream HAILO_STREAM_ABORT(63) (device: 0001:01:00.0)
[2026-04-17 11:43:24.667] [63740] [HailoRT] [info] [edge_elements.cpp:396] [run_pull] Reading from stream was aborted!
[2026-04-17 11:43:24.667] [63740] [HailoRT] [info] [queue_elements.cpp:738] [run_in_thread] run_pull of queue element PullQEl_nms12yolov11n/conv54_143 was aborted!
[2026-04-17 11:43:24.667] [63742] [HailoRT] [info] [vdevice_native_stream.cpp:331] [read_impl] Failed read from stream HAILO_STREAM_ABORT(63) (device: 0001:01:00.0)
[2026-04-17 11:43:24.667] [63742] [HailoRT] [info] [edge_elements.cpp:396] [run_pull] Reading from stream was aborted!
[2026-04-17 11:43:24.667] [63742] [HailoRT] [info] [queue_elements.cpp:738] [run_in_thread] run_pull of queue element PullQEl_nms13yolov11n/conv65_143 was aborted!
[2026-04-17 11:43:24.667] [63743] [HailoRT] [info] [vdevice_native_stream.cpp:331] [read_impl] Failed read from stream HAILO_STREAM_ABORT(63) (device: 0001:01:00.0)
[2026-04-17 11:43:24.667] [63743] [HailoRT] [info] [edge_elements.cpp:396] [run_pull] Reading from stream was aborted!
[2026-04-17 11:43:24.667] [63743] [HailoRT] [info] [queue_elements.cpp:738] [run_in_thread] run_pull of queue element PullQEl_nms1yolov11n/conv77_143 was aborted!
[2026-04-17 11:43:24.668] [63738] [HailoRT] [info] [vdevice_native_stream.cpp:142] [write_impl] Failed write to stream yolov11n/input_layer1 (device: 0001:01:00.0) with status=HAILO_STREAM_ABORT(63)
[2026-04-17 11:43:24.668] [63738] [HailoRT] [info] [edge_elements.cpp:87] [run_push] Failed to send on input stream InputStream(index=8, name=yolov11n/input_layer1) because stream was aborted
[2026-04-17 11:43:24.668] [63738] [HailoRT] [info] [queue_elements.cpp:401] [run_in_thread] run_push of PushQEl8yolov11n/input_layer1 was aborted!
[2026-04-17 11:43:24.669] [63749] [HailoRT] [info] [queue_elements.cpp:319] [run_push] run_push of PushQEl8yolov11n/input_layer1 was aborted!
[2026-04-17 11:43:24.669] [63749] [HailoRT] [info] [filter_elements.cpp:35] [run_push] run_push of PreInferEl8yolov11n/input_layer1 was aborted!
[2026-04-17 11:43:24.669] [63749] [HailoRT] [info] [vstream.cpp:778] [write] Sending to VStream was aborted!
[2026-04-17 11:43:24.675] [62719] [HailoRT] [info] [queue_elements.cpp:360] [execute_deactivate] enqueue() in element PushQEl8yolov11n/input_layer1 was aborted, got status = HAILO_SHUTDOWN_EVENT_SIGNALED(57)
[2026-04-17 11:43:24.675] [63738] [HailoRT] [info] [queue_elements.cpp:68] [operator()] Thread in element PushQEl8yolov11n/input_layer1 is not running anymore, exiting..
[2026-04-17 11:43:24.675] [62719] [HailoRT] [info] [queue_elements.cpp:46] [~BaseQueueElement] Queue element PushQEl8yolov11n/input_layer1 has 0 frames in his Queue on destruction
[2026-04-17 11:43:24.676] [63745] [HailoRT] [info] [queue_elements.cpp:68] [operator()] Thread in element UserBufQEl_post_infer0yolov11n/yolov8_nms_postprocess is not running anymore, exiting..
[2026-04-17 11:43:24.676] [62719] [HailoRT] [info] [queue_elements.cpp:46] [~BaseQueueElement] Queue element UserBufQEl_post_infer0yolov11n/yolov8_nms_postprocess has 0 frames in his Queue on destruction
[2026-04-17 11:43:24.676] [63744] [HailoRT] [info] [queue_elements.cpp:68] [operator()] Thread in element PullQEl_nms0yolov11n/conv80_143 is not running anymore, exiting..
[2026-04-17 11:43:24.676] [62719] [HailoRT] [info] [queue_elements.cpp:46] [~BaseQueueElement] Queue element PullQEl_nms0yolov11n/conv80_143 has 0 frames in his Queue on destruction
[2026-04-17 11:43:24.676] [63743] [HailoRT] [info] [queue_elements.cpp:68] [operator()] Thread in element PullQEl_nms1yolov11n/conv77_143 is not running anymore, exiting..
[2026-04-17 11:43:24.676] [62719] [HailoRT] [info] [queue_elements.cpp:46] [~BaseQueueElement] Queue element PullQEl_nms1yolov11n/conv77_143 has 0 frames in his Queue on destruction
[2026-04-17 11:43:24.676] [63742] [HailoRT] [info] [queue_elements.cpp:68] [operator()] Thread in element PullQEl_nms13yolov11n/conv65_143 is not running anymore, exiting..
[2026-04-17 11:43:24.676] [62719] [HailoRT] [info] [queue_elements.cpp:46] [~BaseQueueElement] Queue element PullQEl_nms13yolov11n/conv65_143 has 0 frames in his Queue on destruction
[2026-04-17 11:43:24.676] [63741] [HailoRT] [info] [queue_elements.cpp:68] [operator()] Thread in element PullQEl_nms15yolov11n/conv62_143 is not running anymore, exiting..
[2026-04-17 11:43:24.676] [62719] [HailoRT] [info] [queue_elements.cpp:46] [~BaseQueueElement] Queue element PullQEl_nms15yolov11n/conv62_143 has 0 frames in his Queue on destruction
[2026-04-17 11:43:24.676] [63740] [HailoRT] [info] [queue_elements.cpp:68] [operator()] Thread in element PullQEl_nms12yolov11n/conv54_143 is not running anymore, exiting..
[2026-04-17 11:43:24.676] [62719] [HailoRT] [info] [queue_elements.cpp:46] [~BaseQueueElement] Queue element PullQEl_nms12yolov11n/conv54_143 has 0 frames in his Queue on destruction
[2026-04-17 11:43:24.676] [63739] [HailoRT] [info] [queue_elements.cpp:68] [operator()] Thread in element PullQEl_nms3yolov11n/conv51_143 is not running anymore, exiting..
[2026-04-17 11:43:24.676] [62719] [HailoRT] [info] [queue_elements.cpp:46] [~BaseQueueElement] Queue element PullQEl_nms3yolov11n/conv51_143 has 0 frames in his Queue on destruction
[2026-04-17 11:43:24.676] [62719] [HailoRT] [info] [core_op.cpp:186] [deactivate] Deactivating took 0.007444 ms
[2026-04-17 11:43:24.676] [62719] [HailoRT] [info] [core_op.cpp:186] [deactivate] Deactivating took 0.015889 ms
[2026-04-17 11:43:35.007] [64279] [HailoRT] [info] [vdevice.cpp:535] [create] Creating vdevice with params: device_count: 1, scheduling_algorithm: NONE, multi_process_service: false
[2026-04-17 11:43:35.020] [64279] [HailoRT] [info] [device.cpp:51] [Device] OS Version: Linux 6.12.75+rpt-rpi-2712 #1 SMP PREEMPT Debian 1:6.12.75-1+rpt1 (2026-03-11) aarch64
[2026-04-17 11:43:35.020] [64279] [HailoRT] [info] [control.cpp:113] [control__parse_identify_results] firmware_version is: 4.23.0
[2026-04-17 11:43:35.020] [64279] [HailoRT] [info] [vdevice.cpp:682] [create] VDevice Infos: 0001:01:00.0
[2026-04-17 11:43:35.031] [64279] [HailoRT] [warning] [buffer_requirements.cpp:131] [get_buffer_requirements_multiple_transfers] Desc page size value (1024) is not optimal for performance.
[2026-04-17 11:43:35.047] [64279] [HailoRT] [info] [internal_buffer_manager.cpp:77] [print_execution_results] Planned internal buffer memory: CMA=0 CMA-Desc=1310720 Pinned=49462272. memory to edge layer usage factor is 1
[2026-04-17 11:43:35.047] [64279] [HailoRT] [info] [internal_buffer_manager.cpp:86] [print_execution_results] Default Internal buffer planner executed successfully
[2026-04-17 11:43:35.147] [64279] [HailoRT] [info] [device_internal.cpp:57] [configure] Configuring HEF took 126.125035 milliseconds
[2026-04-17 11:43:35.147] [64279] [HailoRT] [info] [vdevice.cpp:780] [configure] Configuring HEF on VDevice took 126.519496 milliseconds
[2026-04-17 11:43:35.147] [64279] [HailoRT] [info] [control.cpp:113] [control__parse_identify_results] firmware_version is: 4.23.0
[2026-04-17 11:43:35.147] [64279] [HailoRT] [info] [control.cpp:113] [control__parse_identify_results] firmware_version is: 4.23.0
[2026-04-17 11:43:35.181] [64279] [HailoRT] [info] [core_op.cpp:156] [activate] Activating yolov11n took 33.605302 milliseconds. Note that the function is asynchronous and thus the network is not fully activated yet.
[2026-04-17 11:43:35.181] [64279] [HailoRT] [info] [core_op.cpp:156] [activate] Activating yolov11n took 33.636247 milliseconds. Note that the function is asynchronous and thus the network is not fully activated yet.
[2026-04-17 11:43:35.194] [64279] [HailoRT] [info] [control.cpp:113] [control__parse_identify_results] firmware_version is: 4.23.0
[2026-04-17 11:43:35.194] [64279] [HailoRT] [info] [control.cpp:113] [control__parse_identify_results] firmware_version is: 4.23.0
[2026-04-17 11:43:36.420] [64271] [HailoRT] [info] [device.cpp:51] [Device] OS Version: Linux 6.12.75+rpt-rpi-2712 #1 SMP PREEMPT Debian 1:6.12.75-1+rpt1 (2026-03-11) aarch64
[2026-04-17 11:43:36.421] [64271] [HailoRT] [info] [control.cpp:113] [control__parse_identify_results] firmware_version is: 4.23.0
[2026-04-17 11:43:36.422] [64271] [HailoRT] [info] [control.cpp:113] [control__parse_identify_results] firmware_version is: 4.23.0
[2026-04-17 11:44:35.195] [64291] [HailoRT] [info] [vdevice_native_stream.cpp:331] [read_impl] Failed read from stream HAILO_STREAM_ABORT(63) (device: 0001:01:00.0)
[2026-04-17 11:44:35.195] [64293] [HailoRT] [info] [vdevice_native_stream.cpp:331] [read_impl] Failed read from stream HAILO_STREAM_ABORT(63) (device: 0001:01:00.0)
[2026-04-17 11:44:35.195] [64292] [HailoRT] [info] [vdevice_native_stream.cpp:331] [read_impl] Failed read from stream HAILO_STREAM_ABORT(63) (device: 0001:01:00.0)
[2026-04-17 11:44:35.195] [64288] [HailoRT] [info] [vdevice_native_stream.cpp:331] [read_impl] Failed read from stream HAILO_STREAM_ABORT(63) (device: 0001:01:00.0)
[2026-04-17 11:44:35.195] [64289] [HailoRT] [info] [vdevice_native_stream.cpp:331] [read_impl] Failed read from stream HAILO_STREAM_ABORT(63) (device: 0001:01:00.0)
[2026-04-17 11:44:35.195] [64290] [HailoRT] [info] [vdevice_native_stream.cpp:331] [read_impl] Failed read from stream HAILO_STREAM_ABORT(63) (device: 0001:01:00.0)
[2026-04-17 11:44:35.195] [64294] [HailoRT] [info] [vdevice_native_stream.cpp:142] [write_impl] Failed write to stream yolov11n/input_layer1 (device: 0001:01:00.0) with status=HAILO_STREAM_ABORT(63)
[2026-04-17 11:44:35.204] [64279] [HailoRT] [info] [core_op.cpp:186] [deactivate] Deactivating took 0.006852 ms
[2026-04-17 11:44:35.204] [64279] [HailoRT] [info] [core_op.cpp:186] [deactivate] Deactivating took 0.024593 ms
[2026-04-17 11:44:35.267] [64279] [HailoRT] [info] [vdevice.cpp:535] [create] Creating vdevice with params: device_count: 1, scheduling_algorithm: NONE, multi_process_service: false
[2026-04-17 11:44:35.267] [64279] [HailoRT] [info] [device.cpp:51] [Device] OS Version: Linux 6.12.75+rpt-rpi-2712 #1 SMP PREEMPT Debian 1:6.12.75-1+rpt1 (2026-03-11) aarch64
[2026-04-17 11:44:35.268] [64279] [HailoRT] [info] [control.cpp:113] [control__parse_identify_results] firmware_version is: 4.23.0
[2026-04-17 11:44:35.268] [64279] [HailoRT] [info] [vdevice.cpp:682] [create] VDevice Infos: 0001:01:00.0
[2026-04-17 11:44:35.273] [64279] [HailoRT] [warning] [buffer_requirements.cpp:131] [get_buffer_requirements_multiple_transfers] Desc page size value (1024) is not optimal for performance.
[2026-04-17 11:44:35.292] [64279] [HailoRT] [info] [internal_buffer_manager.cpp:77] [print_execution_results] Planned internal buffer memory: CMA=0 CMA-Desc=1310720 Pinned=49462272. memory to edge layer usage factor is 1
[2026-04-17 11:44:35.292] [64279] [HailoRT] [info] [internal_buffer_manager.cpp:86] [print_execution_results] Default Internal buffer planner executed successfully
[2026-04-17 11:44:35.398] [64279] [HailoRT] [info] [device_internal.cpp:57] [configure] Configuring HEF took 129.839505 milliseconds
[2026-04-17 11:44:35.398] [64279] [HailoRT] [info] [vdevice.cpp:780] [configure] Configuring HEF on VDevice took 130.339207 milliseconds
[2026-04-17 11:44:35.399] [64279] [HailoRT] [info] [control.cpp:113] [control__parse_identify_results] firmware_version is: 4.23.0
[2026-04-17 11:44:35.399] [64279] [HailoRT] [info] [control.cpp:113] [control__parse_identify_results] firmware_version is: 4.23.0
[2026-04-17 11:44:35.435] [64279] [HailoRT] [info] [core_op.cpp:156] [activate] Activating yolov11n took 36.033331 milliseconds. Note that the function is asynchronous and thus the network is not fully activated yet.
[2026-04-17 11:44:35.435] [64279] [HailoRT] [info] [core_op.cpp:156] [activate] Activating yolov11n took 36.058368 milliseconds. Note that the function is asynchronous and thus the network is not fully activated yet.
[2026-04-17 11:44:35.448] [64279] [HailoRT] [info] [control.cpp:113] [control__parse_identify_results] firmware_version is: 4.23.0
[2026-04-17 11:44:35.448] [64279] [HailoRT] [info] [control.cpp:113] [control__parse_identify_results] firmware_version is: 4.23.0
[2026-04-17 11:44:35.448] [64279] [HailoRT] [info] [edge_elements.cpp:52] [create] Created (HwWriteEl8yolov11n/input_layer1 | hw_frame_size: 1228800)
[2026-04-17 11:44:35.449] [64279] [HailoRT] [info] [queue_elements.cpp:284] [create] Created (PushQEl8yolov11n/input_layer1 | timeout: 10s)
[2026-04-17 11:44:35.449] [64279] [HailoRT] [info] [filter_elements.cpp:101] [create] Created (PreInferEl8yolov11n/input_layer1 | Reorder - src_order: NHWC, src_shape: (640, 640, 3), dst_order: NHCW, dst_shape: (640, 640, 3))
[2026-04-17 11:44:35.449] [64279] [HailoRT] [info] [vstream.cpp:754] [InputVStreamImpl] Creating yolov11n/input_layer1...
[2026-04-17 11:44:35.449] [64279] [HailoRT] [info] [vstream_builder.cpp:102] [create_inputs] Input pipeline 'yolov11n/input_layer1': (PreInferEl8yolov11n/input_layer1 | Reorder - src_order: NHWC, src_shape: (640, 640, 3), dst_order: NHCW, dst_shape: (640, 640, 3)) >> (PushQEl8yolov11n/input_layer1 | timeout: 10s) >> (HwWriteEl8yolov11n/input_layer1 | hw_frame_size: 1228800) >> HW
[2026-04-17 11:44:35.449] [64279] [HailoRT] [info] [multi_io_elements.cpp:135] [create] Created (NmsPPMuxEl0YOLOV8-Post-Process | Op YOLOV8, Name: YOLOV8-Post-Process, Score threshold: 0.200, IoU threshold: 0.70, Classes: 80, Max bboxes per class: 100, Image height: 640, Image width: 640)
[2026-04-17 11:44:35.449] [64279] [HailoRT] [info] [edge_elements.cpp:287] [create] Created (HwReadEl3yolov11n/conv51_143 | hw_frame_size: 409600)
[2026-04-17 11:44:35.449] [64279] [HailoRT] [info] [queue_elements.cpp:657] [create] Created (PullQEl_nms3yolov11n/conv51_143 | timeout: 10s)
[2026-04-17 11:44:35.449] [64279] [HailoRT] [info] [edge_elements.cpp:287] [create] Created (HwReadEl12yolov11n/conv54_143 | hw_frame_size: 512000)
[2026-04-17 11:44:35.449] [64279] [HailoRT] [info] [queue_elements.cpp:657] [create] Created (PullQEl_nms12yolov11n/conv54_143 | timeout: 10s)
[2026-04-17 11:44:35.449] [64279] [HailoRT] [info] [edge_elements.cpp:287] [create] Created (HwReadEl15yolov11n/conv62_143 | hw_frame_size: 102400)
[2026-04-17 11:44:35.449] [64279] [HailoRT] [info] [queue_elements.cpp:657] [create] Created (PullQEl_nms15yolov11n/conv62_143 | timeout: 10s)
[2026-04-17 11:44:35.449] [64279] [HailoRT] [info] [edge_elements.cpp:287] [create] Created (HwReadEl13yolov11n/conv65_143 | hw_frame_size: 128000)
[2026-04-17 11:44:35.449] [64279] [HailoRT] [info] [queue_elements.cpp:657] [create] Created (PullQEl_nms13yolov11n/conv65_143 | timeout: 10s)
[2026-04-17 11:44:35.449] [64279] [HailoRT] [info] [edge_elements.cpp:287] [create] Created (HwReadEl1yolov11n/conv77_143 | hw_frame_size: 30720)
[2026-04-17 11:44:35.449] [64279] [HailoRT] [info] [queue_elements.cpp:657] [create] Created (PullQEl_nms1yolov11n/conv77_143 | timeout: 10s)
[2026-04-17 11:44:35.449] [64279] [HailoRT] [info] [edge_elements.cpp:287] [create] Created (HwReadEl0yolov11n/conv80_143 | hw_frame_size: 38400)
[2026-04-17 11:44:35.449] [64279] [HailoRT] [info] [queue_elements.cpp:657] [create] Created (PullQEl_nms0yolov11n/conv80_143 | timeout: 10s)
[2026-04-17 11:44:35.449] [64279] [HailoRT] [info] [queue_elements.cpp:800] [create] Created (UserBufQEl_post_infer0yolov11n/yolov8_nms_postprocess | timeout: 10s)
[2026-04-17 11:44:35.449] [64279] [HailoRT] [info] [vstream.cpp:1114] [OutputVStreamImpl] Creating yolov11n/yolov8_nms_postprocess...
[2026-04-17 11:44:35.449] [64279] [HailoRT] [info] [vstream_builder.cpp:622] [create_output_post_process_nms] Output pipeline 'yolov11n/yolov8_nms_postprocess': HW >> (HwReadEl3yolov11n/conv51_143 | hw_frame_size: 409600) >> (PullQEl_nms3yolov11n/conv51_143) >> (HwReadEl12yolov11n/conv54_143 | hw_frame_size: 512000) >> (PullQEl_nms12yolov11n/conv54_143) >> (HwReadEl15yolov11n/conv62_143 | hw_frame_size: 102400) >> (PullQEl_nms15yolov11n/conv62_143) >> (HwReadEl13yolov11n/conv65_143 | hw_frame_size: 128000) >> (PullQEl_nms13yolov11n/conv65_143) >> (HwReadEl1yolov11n/conv77_143 | hw_frame_size: 30720) >> (PullQEl_nms1yolov11n/conv77_143) >> (HwReadEl0yolov11n/conv80_143 | hw_frame_size: 38400) >> (PullQEl_nms0yolov11n/conv80_143) >> (NmsPPMuxEl0YOLOV8-Post-Process | Op YOLOV8, Name: YOLOV8-Post-Process, Score threshold: 0.200, IoU threshold: 0.70, Classes: 80, Max bboxes per class: 100, Image height: 640, Image width: 640) >> (UserBufQEl_post_infer0yolov11n/yolov8_nms_postprocess | timeout: 10s)
[2026-04-17 11:45:35.450] [64808] [HailoRT] [info] [vdevice_native_stream.cpp:142] [write_impl] Failed write to stream yolov11n/input_layer1 (device: 0001:01:00.0) with status=HAILO_STREAM_ABORT(63)
[2026-04-17 11:45:35.450] [64812] [HailoRT] [info] [vdevice_native_stream.cpp:331] [read_impl] Failed read from stream HAILO_STREAM_ABORT(63) (device: 0001:01:00.0)
[2026-04-17 11:45:35.450] [64813] [HailoRT] [info] [vdevice_native_stream.cpp:331] [read_impl] Failed read from stream HAILO_STREAM_ABORT(63) (device: 0001:01:00.0)
[2026-04-17 11:45:35.450] [64814] [HailoRT] [info] [vdevice_native_stream.cpp:331] [read_impl] Failed read from stream HAILO_STREAM_ABORT(63) (device: 0001:01:00.0)
[2026-04-17 11:45:35.450] [64814] [HailoRT] [info] [edge_elements.cpp:396] [run_pull] Reading from stream was aborted!
[2026-04-17 11:45:35.450] [64813] [HailoRT] [info] [edge_elements.cpp:396] [run_pull] Reading from stream was aborted!
[2026-04-17 11:45:35.450] [64814] [HailoRT] [info] [queue_elements.cpp:738] [run_in_thread] run_pull of queue element PullQEl_nms0yolov11n/conv80_143 was aborted!
[2026-04-17 11:45:35.450] [64813] [HailoRT] [info] [queue_elements.cpp:738] [run_in_thread] run_pull of queue element PullQEl_nms1yolov11n/conv77_143 was aborted!
[2026-04-17 11:45:35.450] [64808] [HailoRT] [info] [edge_elements.cpp:87] [run_push] Failed to send on input stream InputStream(index=8, name=yolov11n/input_layer1) because stream was aborted
[2026-04-17 11:45:35.450] [64812] [HailoRT] [info] [edge_elements.cpp:396] [run_pull] Reading from stream was aborted!
[2026-04-17 11:45:35.450] [64812] [HailoRT] [info] [queue_elements.cpp:738] [run_in_thread] run_pull of queue element PullQEl_nms13yolov11n/conv65_143 was aborted!
[2026-04-17 11:45:35.450] [64808] [HailoRT] [info] [queue_elements.cpp:401] [run_in_thread] run_push of PushQEl8yolov11n/input_layer1 was aborted!
[2026-04-17 11:45:35.450] [64811] [HailoRT] [info] [vdevice_native_stream.cpp:331] [read_impl] Failed read from stream HAILO_STREAM_ABORT(63) (device: 0001:01:00.0)
[2026-04-17 11:45:35.450] [64811] [HailoRT] [info] [edge_elements.cpp:396] [run_pull] Reading from stream was aborted!
[2026-04-17 11:45:35.450] [64811] [HailoRT] [info] [queue_elements.cpp:738] [run_in_thread] run_pull of queue element PullQEl_nms15yolov11n/conv62_143 was aborted!
[2026-04-17 11:45:35.450] [64810] [HailoRT] [info] [vdevice_native_stream.cpp:331] [read_impl] Failed read from stream HAILO_STREAM_ABORT(63) (device: 0001:01:00.0)
[2026-04-17 11:45:35.450] [64810] [HailoRT] [info] [edge_elements.cpp:396] [run_pull] Reading from stream was aborted!
[2026-04-17 11:45:35.450] [64810] [HailoRT] [info] [queue_elements.cpp:738] [run_in_thread] run_pull of queue element PullQEl_nms12yolov11n/conv54_143 was aborted!
[2026-04-17 11:45:35.450] [64818] [HailoRT] [info] [queue_elements.cpp:706] [run_pull] Shutdown event was signaled in dequeue of queue element PullQEl_nms15yolov11n/conv62_143!
[2026-04-17 11:45:35.450] [64818] [HailoRT] [info] [vstream.cpp:1138] [read] Receiving to VStream was shutdown!
[2026-04-17 11:45:35.451] [64819] [HailoRT] [info] [queue_elements.cpp:319] [run_push] run_push of PushQEl8yolov11n/input_layer1 was aborted!
[2026-04-17 11:45:35.451] [64819] [HailoRT] [info] [filter_elements.cpp:35] [run_push] run_push of PreInferEl8yolov11n/input_layer1 was aborted!
[2026-04-17 11:45:35.451] [64819] [HailoRT] [info] [vstream.cpp:778] [write] Sending to VStream was aborted!
[2026-04-17 11:45:35.451] [64809] [HailoRT] [info] [vdevice_native_stream.cpp:331] [read_impl] Failed read from stream HAILO_STREAM_ABORT(63) (device: 0001:01:00.0)
[2026-04-17 11:45:35.451] [64809] [HailoRT] [info] [edge_elements.cpp:396] [run_pull] Reading from stream was aborted!
[2026-04-17 11:45:35.451] [64809] [HailoRT] [info] [queue_elements.cpp:738] [run_in_thread] run_pull of queue element PullQEl_nms3yolov11n/conv51_143 was aborted!
[2026-04-17 11:45:35.487] [64279] [HailoRT] [info] [queue_elements.cpp:360] [execute_deactivate] enqueue() in element PushQEl8yolov11n/input_layer1 was aborted, got status = HAILO_SHUTDOWN_EVENT_SIGNALED(57)
[2026-04-17 11:45:35.487] [64808] [HailoRT] [info] [queue_elements.cpp:68] [operator()] Thread in element PushQEl8yolov11n/input_layer1 is not running anymore, exiting..
[2026-04-17 11:45:35.487] [64279] [HailoRT] [info] [queue_elements.cpp:46] [~BaseQueueElement] Queue element PushQEl8yolov11n/input_layer1 has 1 frames in his Queue on destruction
[2026-04-17 11:45:35.487] [64815] [HailoRT] [info] [queue_elements.cpp:68] [operator()] Thread in element UserBufQEl_post_infer0yolov11n/yolov8_nms_postprocess is not running anymore, exiting..
[2026-04-17 11:45:35.487] [64279] [HailoRT] [info] [queue_elements.cpp:46] [~BaseQueueElement] Queue element UserBufQEl_post_infer0yolov11n/yolov8_nms_postprocess has 0 frames in his Queue on destruction
[2026-04-17 11:45:35.487] [64814] [HailoRT] [info] [queue_elements.cpp:68] [operator()] Thread in element PullQEl_nms0yolov11n/conv80_143 is not running anymore, exiting..
[2026-04-17 11:45:35.487] [64279] [HailoRT] [info] [queue_elements.cpp:46] [~BaseQueueElement] Queue element PullQEl_nms0yolov11n/conv80_143 has 0 frames in his Queue on destruction
[2026-04-17 11:45:35.487] [64813] [HailoRT] [info] [queue_elements.cpp:68] [operator()] Thread in element PullQEl_nms1yolov11n/conv77_143 is not running anymore, exiting..
[2026-04-17 11:45:35.488] [64279] [HailoRT] [info] [queue_elements.cpp:46] [~BaseQueueElement] Queue element PullQEl_nms1yolov11n/conv77_143 has 0 frames in his Queue on destruction
[2026-04-17 11:45:35.488] [64812] [HailoRT] [info] [queue_elements.cpp:68] [operator()] Thread in element PullQEl_nms13yolov11n/conv65_143 is not running anymore, exiting..
[2026-04-17 11:45:35.488] [64279] [HailoRT] [info] [queue_elements.cpp:46] [~BaseQueueElement] Queue element PullQEl_nms13yolov11n/conv65_143 has 0 frames in his Queue on destruction
[2026-04-17 11:45:35.488] [64811] [HailoRT] [info] [queue_elements.cpp:68] [operator()] Thread in element PullQEl_nms15yolov11n/conv62_143 is not running anymore, exiting..
[2026-04-17 11:45:35.488] [64279] [HailoRT] [info] [queue_elements.cpp:46] [~BaseQueueElement] Queue element PullQEl_nms15yolov11n/conv62_143 has 0 frames in his Queue on destruction
[2026-04-17 11:45:35.488] [64810] [HailoRT] [info] [queue_elements.cpp:68] [operator()] Thread in element PullQEl_nms12yolov11n/conv54_143 is not running anymore, exiting..
[2026-04-17 11:45:35.488] [64279] [HailoRT] [info] [queue_elements.cpp:46] [~BaseQueueElement] Queue element PullQEl_nms12yolov11n/conv54_143 has 0 frames in his Queue on destruction
[2026-04-17 11:45:35.488] [64809] [HailoRT] [info] [queue_elements.cpp:68] [operator()] Thread in element PullQEl_nms3yolov11n/conv51_143 is not running anymore, exiting..
[2026-04-17 11:45:35.488] [64279] [HailoRT] [info] [queue_elements.cpp:46] [~BaseQueueElement] Queue element PullQEl_nms3yolov11n/conv51_143 has 0 frames in his Queue on destruction
[2026-04-17 11:45:35.488] [64279] [HailoRT] [info] [core_op.cpp:186] [deactivate] Deactivating took 0.009093 ms
[2026-04-17 11:45:35.488] [64279] [HailoRT] [info] [core_op.cpp:186] [deactivate] Deactivating took 0.018259 ms
[2026-04-17 11:45:35.545] [64279] [HailoRT] [info] [vdevice.cpp:535] [create] Creating vdevice with params: device_count: 1, scheduling_algorithm: NONE, multi_process_service: false
[2026-04-17 11:45:35.545] [64279] [HailoRT] [info] [device.cpp:51] [Device] OS Version: Linux 6.12.75+rpt-rpi-2712 #1 SMP PREEMPT Debian 1:6.12.75-1+rpt1 (2026-03-11) aarch64
[2026-04-17 11:45:35.546] [64279] [HailoRT] [info] [control.cpp:113] [control__parse_identify_results] firmware_version is: 4.23.0
[2026-04-17 11:45:35.546] [64279] [HailoRT] [info] [vdevice.cpp:682] [create] VDevice Infos: 0001:01:00.0
[2026-04-17 11:45:35.552] [64279] [HailoRT] [warning] [buffer_requirements.cpp:131] [get_buffer_requirements_multiple_transfers] Desc page size value (1024) is not optimal for performance.
[2026-04-17 11:45:35.568] [64279] [HailoRT] [info] [internal_buffer_manager.cpp:77] [print_execution_results] Planned internal buffer memory: CMA=0 CMA-Desc=1310720 Pinned=49462272. memory to edge layer usage factor is 1
[2026-04-17 11:45:35.568] [64279] [HailoRT] [info] [internal_buffer_manager.cpp:86] [print_execution_results] Default Internal buffer planner executed successfully
[2026-04-17 11:45:35.667] [64279] [HailoRT] [info] [device_internal.cpp:57] [configure] Configuring HEF took 120.72893 milliseconds
[2026-04-17 11:45:35.667] [64279] [HailoRT] [info] [vdevice.cpp:780] [configure] Configuring HEF on VDevice took 121.09604 milliseconds
[2026-04-17 11:45:35.667] [64279] [HailoRT] [info] [control.cpp:113] [control__parse_identify_results] firmware_version is: 4.23.0
[2026-04-17 11:45:35.667] [64279] [HailoRT] [info] [control.cpp:113] [control__parse_identify_results] firmware_version is: 4.23.0
[2026-04-17 11:45:35.696] [64279] [HailoRT] [info] [core_op.cpp:156] [activate] Activating yolov11n took 28.562026 milliseconds. Note that the function is asynchronous and thus the network is not fully activated yet.
[2026-04-17 11:45:35.696] [64279] [HailoRT] [info] [core_op.cpp:156] [activate] Activating yolov11n took 28.584155 milliseconds. Note that the function is asynchronous and thus the network is not fully activated yet.
[2026-04-17 11:45:35.709] [64279] [HailoRT] [info] [control.cpp:113] [control__parse_identify_results] firmware_version is: 4.23.0
[2026-04-17 11:45:35.709] [64279] [HailoRT] [info] [control.cpp:113] [control__parse_identify_results] firmware_version is: 4.23.0
[2026-04-17 11:45:35.709] [64279] [HailoRT] [info] [edge_elements.cpp:52] [create] Created (HwWriteEl8yolov11n/input_layer1 | hw_frame_size: 1228800)
[2026-04-17 11:45:35.710] [64279] [HailoRT] [info] [queue_elements.cpp:284] [create] Created (PushQEl8yolov11n/input_layer1 | timeout: 10s)
[2026-04-17 11:45:35.710] [64279] [HailoRT] [info] [filter_elements.cpp:101] [create] Created (PreInferEl8yolov11n/input_layer1 | Reorder - src_order: NHWC, src_shape: (640, 640, 3), dst_order: NHCW, dst_shape: (640, 640, 3))
[2026-04-17 11:45:35.710] [64279] [HailoRT] [info] [vstream.cpp:754] [InputVStreamImpl] Creating yolov11n/input_layer1...
[2026-04-17 11:45:35.710] [64279] [HailoRT] [info] [vstream_builder.cpp:102] [create_inputs] Input pipeline 'yolov11n/input_layer1': (PreInferEl8yolov11n/input_layer1 | Reorder - src_order: NHWC, src_shape: (640, 640, 3), dst_order: NHCW, dst_shape: (640, 640, 3)) >> (PushQEl8yolov11n/input_layer1 | timeout: 10s) >> (HwWriteEl8yolov11n/input_layer1 | hw_frame_size: 1228800) >> HW
[2026-04-17 11:45:35.710] [64279] [HailoRT] [info] [multi_io_elements.cpp:135] [create] Created (NmsPPMuxEl0YOLOV8-Post-Process | Op YOLOV8, Name: YOLOV8-Post-Process, Score threshold: 0.200, IoU threshold: 0.70, Classes: 80, Max bboxes per class: 100, Image height: 640, Image width: 640)
[2026-04-17 11:45:35.710] [64279] [HailoRT] [info] [edge_elements.cpp:287] [create] Created (HwReadEl3yolov11n/conv51_143 | hw_frame_size: 409600)
[2026-04-17 11:45:35.710] [64279] [HailoRT] [info] [queue_elements.cpp:657] [create] Created (PullQEl_nms3yolov11n/conv51_143 | timeout: 10s)
[2026-04-17 11:45:35.710] [64279] [HailoRT] [info] [edge_elements.cpp:287] [create] Created (HwReadEl12yolov11n/conv54_143 | hw_frame_size: 512000)
[2026-04-17 11:45:35.710] [64279] [HailoRT] [info] [queue_elements.cpp:657] [create] Created (PullQEl_nms12yolov11n/conv54_143 | timeout: 10s)
[2026-04-17 11:45:35.710] [64279] [HailoRT] [info] [edge_elements.cpp:287] [create] Created (HwReadEl15yolov11n/conv62_143 | hw_frame_size: 102400)
[2026-04-17 11:45:35.710] [64279] [HailoRT] [info] [queue_elements.cpp:657] [create] Created (PullQEl_nms15yolov11n/conv62_143 | timeout: 10s)
[2026-04-17 11:45:35.710] [64279] [HailoRT] [info] [edge_elements.cpp:287] [create] Created (HwReadEl13yolov11n/conv65_143 | hw_frame_size: 128000)
[2026-04-17 11:45:35.710] [64279] [HailoRT] [info] [queue_elements.cpp:657] [create] Created (PullQEl_nms13yolov11n/conv65_143 | timeout: 10s)
[2026-04-17 11:45:35.710] [64279] [HailoRT] [info] [edge_elements.cpp:287] [create] Created (HwReadEl1yolov11n/conv77_143 | hw_frame_size: 30720)
[2026-04-17 11:45:35.710] [64279] [HailoRT] [info] [queue_elements.cpp:657] [create] Created (PullQEl_nms1yolov11n/conv77_143 | timeout: 10s)
[2026-04-17 11:45:35.710] [64279] [HailoRT] [info] [edge_elements.cpp:287] [create] Created (HwReadEl0yolov11n/conv80_143 | hw_frame_size: 38400)
[2026-04-17 11:45:35.710] [64279] [HailoRT] [info] [queue_elements.cpp:657] [create] Created (PullQEl_nms0yolov11n/conv80_143 | timeout: 10s)
[2026-04-17 11:45:35.710] [64279] [HailoRT] [info] [queue_elements.cpp:800] [create] Created (UserBufQEl_post_infer0yolov11n/yolov8_nms_postprocess | timeout: 10s)
[2026-04-17 11:45:35.710] [64279] [HailoRT] [info] [vstream.cpp:1114] [OutputVStreamImpl] Creating yolov11n/yolov8_nms_postprocess...
[2026-04-17 11:45:35.710] [64279] [HailoRT] [info] [vstream_builder.cpp:622] [create_output_post_process_nms] Output pipeline 'yolov11n/yolov8_nms_postprocess': HW >> (HwReadEl3yolov11n/conv51_143 | hw_frame_size: 409600) >> (PullQEl_nms3yolov11n/conv51_143) >> (HwReadEl12yolov11n/conv54_143 | hw_frame_size: 512000) >> (PullQEl_nms12yolov11n/conv54_143) >> (HwReadEl15yolov11n/conv62_143 | hw_frame_size: 102400) >> (PullQEl_nms15yolov11n/conv62_143) >> (HwReadEl13yolov11n/conv65_143 | hw_frame_size: 128000) >> (PullQEl_nms13yolov11n/conv65_143) >> (HwReadEl1yolov11n/conv77_143 | hw_frame_size: 30720) >> (PullQEl_nms1yolov11n/conv77_143) >> (HwReadEl0yolov11n/conv80_143 | hw_frame_size: 38400) >> (PullQEl_nms0yolov11n/conv80_143) >> (NmsPPMuxEl0YOLOV8-Post-Process | Op YOLOV8, Name: YOLOV8-Post-Process, Score threshold: 0.200, IoU threshold: 0.70, Classes: 80, Max bboxes per class: 100, Image height: 640, Image width: 640) >> (UserBufQEl_post_infer0yolov11n/yolov8_nms_postprocess | timeout: 10s)
[2026-04-17 11:46:35.711] [65305] [HailoRT] [info] [vdevice_native_stream.cpp:331] [read_impl] Failed read from stream HAILO_STREAM_ABORT(63) (device: 0001:01:00.0)
[2026-04-17 11:46:35.711] [65303] [HailoRT] [info] [vdevice_native_stream.cpp:331] [read_impl] Failed read from stream HAILO_STREAM_ABORT(63) (device: 0001:01:00.0)
[2026-04-17 11:46:35.711] [65303] [HailoRT] [info] [edge_elements.cpp:396] [run_pull] Reading from stream was aborted!
[2026-04-17 11:46:35.711] [65306] [HailoRT] [info] [vdevice_native_stream.cpp:331] [read_impl] Failed read from stream HAILO_STREAM_ABORT(63) (device: 0001:01:00.0)
[2026-04-17 11:46:35.711] [65306] [HailoRT] [info] [edge_elements.cpp:396] [run_pull] Reading from stream was aborted!
[2026-04-17 11:46:35.711] [65305] [HailoRT] [info] [edge_elements.cpp:396] [run_pull] Reading from stream was aborted!
[2026-04-17 11:46:35.711] [65301] [HailoRT] [info] [vdevice_native_stream.cpp:331] [read_impl] Failed read from stream HAILO_STREAM_ABORT(63) (device: 0001:01:00.0)
[2026-04-17 11:46:35.711] [65304] [HailoRT] [info] [vdevice_native_stream.cpp:331] [read_impl] Failed read from stream HAILO_STREAM_ABORT(63) (device: 0001:01:00.0)
[2026-04-17 11:46:35.711] [65301] [HailoRT] [info] [edge_elements.cpp:396] [run_pull] Reading from stream was aborted!
[2026-04-17 11:46:35.711] [65306] [HailoRT] [info] [queue_elements.cpp:738] [run_in_thread] run_pull of queue element PullQEl_nms0yolov11n/conv80_143 was aborted!
[2026-04-17 11:46:35.711] [65305] [HailoRT] [info] [queue_elements.cpp:738] [run_in_thread] run_pull of queue element PullQEl_nms1yolov11n/conv77_143 was aborted!
[2026-04-17 11:46:35.711] [65304] [HailoRT] [info] [edge_elements.cpp:396] [run_pull] Reading from stream was aborted!
[2026-04-17 11:46:35.711] [65301] [HailoRT] [info] [queue_elements.cpp:738] [run_in_thread] run_pull of queue element PullQEl_nms3yolov11n/conv51_143 was aborted!
[2026-04-17 11:46:35.711] [65304] [HailoRT] [info] [queue_elements.cpp:738] [run_in_thread] run_pull of queue element PullQEl_nms13yolov11n/conv65_143 was aborted!
[2026-04-17 11:46:35.711] [65303] [HailoRT] [info] [queue_elements.cpp:738] [run_in_thread] run_pull of queue element PullQEl_nms15yolov11n/conv62_143 was aborted!
[2026-04-17 11:46:35.711] [65302] [HailoRT] [info] [vdevice_native_stream.cpp:331] [read_impl] Failed read from stream HAILO_STREAM_ABORT(63) (device: 0001:01:00.0)
[2026-04-17 11:46:35.711] [65302] [HailoRT] [info] [edge_elements.cpp:396] [run_pull] Reading from stream was aborted!
[2026-04-17 11:46:35.711] [65310] [HailoRT] [info] [queue_elements.cpp:706] [run_pull] Shutdown event was signaled in dequeue of queue element PullQEl_nms3yolov11n/conv51_143!
[2026-04-17 11:46:35.711] [65310] [HailoRT] [info] [vstream.cpp:1138] [read] Receiving to VStream was shutdown!
[2026-04-17 11:46:35.711] [65302] [HailoRT] [info] [queue_elements.cpp:738] [run_in_thread] run_pull of queue element PullQEl_nms12yolov11n/conv54_143 was aborted!
[2026-04-17 11:46:35.712] [65300] [HailoRT] [info] [vdevice_native_stream.cpp:142] [write_impl] Failed write to stream yolov11n/input_layer1 (device: 0001:01:00.0) with status=HAILO_STREAM_ABORT(63)
[2026-04-17 11:46:35.712] [65300] [HailoRT] [info] [edge_elements.cpp:87] [run_push] Failed to send on input stream InputStream(index=8, name=yolov11n/input_layer1) because stream was aborted
[2026-04-17 11:46:35.712] [65300] [HailoRT] [info] [queue_elements.cpp:401] [run_in_thread] run_push of PushQEl8yolov11n/input_layer1 was aborted!
[2026-04-17 11:46:35.713] [65311] [HailoRT] [info] [queue_elements.cpp:319] [run_push] run_push of PushQEl8yolov11n/input_layer1 was aborted!
[2026-04-17 11:46:35.713] [65311] [HailoRT] [info] [filter_elements.cpp:35] [run_push] run_push of PreInferEl8yolov11n/input_layer1 was aborted!
[2026-04-17 11:46:35.713] [65311] [HailoRT] [info] [vstream.cpp:778] [write] Sending to VStream was aborted!
[2026-04-17 11:46:35.720] [64279] [HailoRT] [info] [queue_elements.cpp:360] [execute_deactivate] enqueue() in element PushQEl8yolov11n/input_layer1 was aborted, got status = HAILO_SHUTDOWN_EVENT_SIGNALED(57)
[2026-04-17 11:46:35.720] [65300] [HailoRT] [info] [queue_elements.cpp:68] [operator()] Thread in element PushQEl8yolov11n/input_layer1 is not running anymore, exiting..
[2026-04-17 11:46:35.720] [64279] [HailoRT] [info] [queue_elements.cpp:46] [~BaseQueueElement] Queue element PushQEl8yolov11n/input_layer1 has 0 frames in his Queue on destruction
[2026-04-17 11:46:35.720] [65307] [HailoRT] [info] [queue_elements.cpp:68] [operator()] Thread in element UserBufQEl_post_infer0yolov11n/yolov8_nms_postprocess is not running anymore, exiting..
[2026-04-17 11:46:35.720] [64279] [HailoRT] [info] [queue_elements.cpp:46] [~BaseQueueElement] Queue element UserBufQEl_post_infer0yolov11n/yolov8_nms_postprocess has 0 frames in his Queue on destruction
[2026-04-17 11:46:35.720] [65306] [HailoRT] [info] [queue_elements.cpp:68] [operator()] Thread in element PullQEl_nms0yolov11n/conv80_143 is not running anymore, exiting..
[2026-04-17 11:46:35.720] [64279] [HailoRT] [info] [queue_elements.cpp:46] [~BaseQueueElement] Queue element PullQEl_nms0yolov11n/conv80_143 has 0 frames in his Queue on destruction
[2026-04-17 11:46:35.720] [65305] [HailoRT] [info] [queue_elements.cpp:68] [operator()] Thread in element PullQEl_nms1yolov11n/conv77_143 is not running anymore, exiting..
[2026-04-17 11:46:35.721] [64279] [HailoRT] [info] [queue_elements.cpp:46] [~BaseQueueElement] Queue element PullQEl_nms1yolov11n/conv77_143 has 0 frames in his Queue on destruction
[2026-04-17 11:46:35.721] [65304] [HailoRT] [info] [queue_elements.cpp:68] [operator()] Thread in element PullQEl_nms13yolov11n/conv65_143 is not running anymore, exiting..
[2026-04-17 11:46:35.721] [64279] [HailoRT] [info] [queue_elements.cpp:46] [~BaseQueueElement] Queue element PullQEl_nms13yolov11n/conv65_143 has 0 frames in his Queue on destruction
[2026-04-17 11:46:35.721] [65303] [HailoRT] [info] [queue_elements.cpp:68] [operator()] Thread in element PullQEl_nms15yolov11n/conv62_143 is not running anymore, exiting..
[2026-04-17 11:46:35.721] [64279] [HailoRT] [info] [queue_elements.cpp:46] [~BaseQueueElement] Queue element PullQEl_nms15yolov11n/conv62_143 has 0 frames in his Queue on destruction
[2026-04-17 11:46:35.721] [65302] [HailoRT] [info] [queue_elements.cpp:68] [operator()] Thread in element PullQEl_nms12yolov11n/conv54_143 is not running anymore, exiting..
[2026-04-17 11:46:35.721] [64279] [HailoRT] [info] [queue_elements.cpp:46] [~BaseQueueElement] Queue element PullQEl_nms12yolov11n/conv54_143 has 0 frames in his Queue on destruction
[2026-04-17 11:46:35.721] [65301] [HailoRT] [info] [queue_elements.cpp:68] [operator()] Thread in element PullQEl_nms3yolov11n/conv51_143 is not running anymore, exiting..
[2026-04-17 11:46:35.721] [64279] [HailoRT] [info] [queue_elements.cpp:46] [~BaseQueueElement] Queue element PullQEl_nms3yolov11n/conv51_143 has 0 frames in his Queue on destruction
[2026-04-17 11:46:35.721] [64279] [HailoRT] [info] [core_op.cpp:186] [deactivate] Deactivating took 0.007537 ms
[2026-04-17 11:46:35.721] [64279] [HailoRT] [info] [core_op.cpp:186] [deactivate] Deactivating took 0.015574 ms
[2026-04-17 11:46:46.048] [65858] [HailoRT] [info] [vdevice.cpp:535] [create] Creating vdevice with params: device_count: 1, scheduling_algorithm: NONE, multi_process_service: false
[2026-04-17 11:46:46.059] [65858] [HailoRT] [info] [device.cpp:51] [Device] OS Version: Linux 6.12.75+rpt-rpi-2712 #1 SMP PREEMPT Debian 1:6.12.75-1+rpt1 (2026-03-11) aarch64
[2026-04-17 11:46:46.060] [65858] [HailoRT] [info] [control.cpp:113] [control__parse_identify_results] firmware_version is: 4.23.0
[2026-04-17 11:46:46.060] [65858] [HailoRT] [info] [vdevice.cpp:682] [create] VDevice Infos: 0001:01:00.0
[2026-04-17 11:46:46.069] [65858] [HailoRT] [warning] [buffer_requirements.cpp:131] [get_buffer_requirements_multiple_transfers] Desc page size value (1024) is not optimal for performance.
[2026-04-17 11:46:46.087] [65858] [HailoRT] [info] [internal_buffer_manager.cpp:77] [print_execution_results] Planned internal buffer memory: CMA=0 CMA-Desc=1310720 Pinned=50639872. memory to edge layer usage factor is 1
[2026-04-17 11:46:46.087] [65858] [HailoRT] [info] [internal_buffer_manager.cpp:86] [print_execution_results] Default Internal buffer planner executed successfully
[2026-04-17 11:46:46.204] [65858] [HailoRT] [info] [device_internal.cpp:57] [configure] Configuring HEF took 143.236592 milliseconds
[2026-04-17 11:46:46.204] [65858] [HailoRT] [info] [vdevice.cpp:780] [configure] Configuring HEF on VDevice took 144.208403 milliseconds
[2026-04-17 11:46:46.204] [65858] [HailoRT] [info] [control.cpp:113] [control__parse_identify_results] firmware_version is: 4.23.0
[2026-04-17 11:46:46.205] [65858] [HailoRT] [info] [control.cpp:113] [control__parse_identify_results] firmware_version is: 4.23.0
[2026-04-17 11:46:46.239] [65858] [HailoRT] [info] [core_op.cpp:156] [activate] Activating yolov11n took 34.714707 milliseconds. Note that the function is asynchronous and thus the network is not fully activated yet.
[2026-04-17 11:46:46.239] [65858] [HailoRT] [info] [core_op.cpp:156] [activate] Activating yolov11n took 34.74304 milliseconds. Note that the function is asynchronous and thus the network is not fully activated yet.
[2026-04-17 11:46:46.253] [65858] [HailoRT] [info] [control.cpp:113] [control__parse_identify_results] firmware_version is: 4.23.0
[2026-04-17 11:46:46.253] [65858] [HailoRT] [info] [control.cpp:113] [control__parse_identify_results] firmware_version is: 4.23.0
[2026-04-17 11:46:47.437] [65850] [HailoRT] [info] [device.cpp:51] [Device] OS Version: Linux 6.12.75+rpt-rpi-2712 #1 SMP PREEMPT Debian 1:6.12.75-1+rpt1 (2026-03-11) aarch64
[2026-04-17 11:46:47.438] [65850] [HailoRT] [info] [control.cpp:113] [control__parse_identify_results] firmware_version is: 4.23.0
[2026-04-17 11:46:47.439] [65850] [HailoRT] [info] [control.cpp:113] [control__parse_identify_results] firmware_version is: 4.23.0
[2026-04-17 11:47:46.254] [65872] [HailoRT] [info] [vdevice_native_stream.cpp:331] [read_impl] Failed read from stream HAILO_STREAM_ABORT(63) (device: 0001:01:00.0)
[2026-04-17 11:47:46.254] [65876] [HailoRT] [info] [vdevice_native_stream.cpp:142] [write_impl] Failed write to stream yolov11n/input_layer1 (device: 0001:01:00.0) with status=HAILO_STREAM_ABORT(63)
[2026-04-17 11:47:46.254] [65874] [HailoRT] [info] [vdevice_native_stream.cpp:331] [read_impl] Failed read from stream HAILO_STREAM_ABORT(63) (device: 0001:01:00.0)
[2026-04-17 11:47:46.254] [65870] [HailoRT] [info] [vdevice_native_stream.cpp:331] [read_impl] Failed read from stream HAILO_STREAM_ABORT(63) (device: 0001:01:00.0)
[2026-04-17 11:47:46.254] [65873] [HailoRT] [info] [vdevice_native_stream.cpp:331] [read_impl] Failed read from stream HAILO_STREAM_ABORT(63) (device: 0001:01:00.0)
[2026-04-17 11:47:46.254] [65875] [HailoRT] [info] [vdevice_native_stream.cpp:331] [read_impl] Failed read from stream HAILO_STREAM_ABORT(63) (device: 0001:01:00.0)
[2026-04-17 11:47:46.254] [65871] [HailoRT] [info] [vdevice_native_stream.cpp:331] [read_impl] Failed read from stream HAILO_STREAM_ABORT(63) (device: 0001:01:00.0)
[2026-04-17 11:47:46.290] [65858] [HailoRT] [info] [core_op.cpp:186] [deactivate] Deactivating took 0.00776 ms
[2026-04-17 11:47:46.290] [65858] [HailoRT] [info] [core_op.cpp:186] [deactivate] Deactivating took 0.027574 ms
[2026-04-17 11:47:46.348] [65858] [HailoRT] [info] [vdevice.cpp:535] [create] Creating vdevice with params: device_count: 1, scheduling_algorithm: NONE, multi_process_service: false
[2026-04-17 11:47:46.349] [65858] [HailoRT] [info] [device.cpp:51] [Device] OS Version: Linux 6.12.75+rpt-rpi-2712 #1 SMP PREEMPT Debian 1:6.12.75-1+rpt1 (2026-03-11) aarch64
[2026-04-17 11:47:46.349] [65858] [HailoRT] [info] [control.cpp:113] [control__parse_identify_results] firmware_version is: 4.23.0
[2026-04-17 11:47:46.349] [65858] [HailoRT] [info] [vdevice.cpp:682] [create] VDevice Infos: 0001:01:00.0
[2026-04-17 11:47:46.355] [65858] [HailoRT] [warning] [buffer_requirements.cpp:131] [get_buffer_requirements_multiple_transfers] Desc page size value (1024) is not optimal for performance.
[2026-04-17 11:47:46.374] [65858] [HailoRT] [info] [internal_buffer_manager.cpp:77] [print_execution_results] Planned internal buffer memory: CMA=0 CMA-Desc=1310720 Pinned=50639872. memory to edge layer usage factor is 1
[2026-04-17 11:47:46.374] [65858] [HailoRT] [info] [internal_buffer_manager.cpp:86] [print_execution_results] Default Internal buffer planner executed successfully
[2026-04-17 11:47:46.480] [65858] [HailoRT] [info] [device_internal.cpp:57] [configure] Configuring HEF took 130.744028 milliseconds
[2026-04-17 11:47:46.480] [65858] [HailoRT] [info] [vdevice.cpp:780] [configure] Configuring HEF on VDevice took 131.120063 milliseconds
[2026-04-17 11:47:46.480] [65858] [HailoRT] [info] [control.cpp:113] [control__parse_identify_results] firmware_version is: 4.23.0
[2026-04-17 11:47:46.481] [65858] [HailoRT] [info] [control.cpp:113] [control__parse_identify_results] firmware_version is: 4.23.0
[2026-04-17 11:47:46.514] [65858] [HailoRT] [info] [core_op.cpp:156] [activate] Activating yolov11n took 33.766044 milliseconds. Note that the function is asynchronous and thus the network is not fully activated yet.
[2026-04-17 11:47:46.514] [65858] [HailoRT] [info] [core_op.cpp:156] [activate] Activating yolov11n took 33.791878 milliseconds. Note that the function is asynchronous and thus the network is not fully activated yet.
[2026-04-17 11:47:46.527] [65858] [HailoRT] [info] [control.cpp:113] [control__parse_identify_results] firmware_version is: 4.23.0
[2026-04-17 11:47:46.528] [65858] [HailoRT] [info] [control.cpp:113] [control__parse_identify_results] firmware_version is: 4.23.0
[2026-04-17 11:47:46.528] [65858] [HailoRT] [info] [edge_elements.cpp:52] [create] Created (HwWriteEl8yolov11n/input_layer1 | hw_frame_size: 1228800)
[2026-04-17 11:47:46.528] [65858] [HailoRT] [info] [queue_elements.cpp:284] [create] Created (PushQEl8yolov11n/input_layer1 | timeout: 10s)
[2026-04-17 11:47:46.528] [65858] [HailoRT] [info] [filter_elements.cpp:101] [create] Created (PreInferEl8yolov11n/input_layer1 | Reorder - src_order: NHWC, src_shape: (640, 640, 3), dst_order: NHCW, dst_shape: (640, 640, 3))
[2026-04-17 11:47:46.528] [65858] [HailoRT] [info] [vstream.cpp:754] [InputVStreamImpl] Creating yolov11n/input_layer1...
[2026-04-17 11:47:46.528] [65858] [HailoRT] [info] [vstream_builder.cpp:102] [create_inputs] Input pipeline 'yolov11n/input_layer1': (PreInferEl8yolov11n/input_layer1 | Reorder - src_order: NHWC, src_shape: (640, 640, 3), dst_order: NHCW, dst_shape: (640, 640, 3)) >> (PushQEl8yolov11n/input_layer1 | timeout: 10s) >> (HwWriteEl8yolov11n/input_layer1 | hw_frame_size: 1228800) >> HW
[2026-04-17 11:47:46.528] [65858] [HailoRT] [info] [multi_io_elements.cpp:135] [create] Created (NmsPPMuxEl0YOLOV8-Post-Process | Op YOLOV8, Name: YOLOV8-Post-Process, Score threshold: 0.200, IoU threshold: 0.70, Classes: 80, Max bboxes per class: 100, Image height: 640, Image width: 640)
[2026-04-17 11:47:46.528] [65858] [HailoRT] [info] [edge_elements.cpp:287] [create] Created (HwReadEl3yolov11n/conv51_143 | hw_frame_size: 409600)
[2026-04-17 11:47:46.528] [65858] [HailoRT] [info] [queue_elements.cpp:657] [create] Created (PullQEl_nms3yolov11n/conv51_143 | timeout: 10s)
[2026-04-17 11:47:46.528] [65858] [HailoRT] [info] [edge_elements.cpp:287] [create] Created (HwReadEl12yolov11n/conv54_143 | hw_frame_size: 512000)
[2026-04-17 11:47:46.528] [65858] [HailoRT] [info] [queue_elements.cpp:657] [create] Created (PullQEl_nms12yolov11n/conv54_143 | timeout: 10s)
[2026-04-17 11:47:46.528] [65858] [HailoRT] [info] [edge_elements.cpp:287] [create] Created (HwReadEl15yolov11n/conv62_143 | hw_frame_size: 102400)
[2026-04-17 11:47:46.528] [65858] [HailoRT] [info] [queue_elements.cpp:657] [create] Created (PullQEl_nms15yolov11n/conv62_143 | timeout: 10s)
[2026-04-17 11:47:46.528] [65858] [HailoRT] [info] [edge_elements.cpp:287] [create] Created (HwReadEl13yolov11n/conv65_143 | hw_frame_size: 128000)
[2026-04-17 11:47:46.529] [65858] [HailoRT] [info] [queue_elements.cpp:657] [create] Created (PullQEl_nms13yolov11n/conv65_143 | timeout: 10s)
[2026-04-17 11:47:46.529] [65858] [HailoRT] [info] [edge_elements.cpp:287] [create] Created (HwReadEl1yolov11n/conv77_143 | hw_frame_size: 30720)
[2026-04-17 11:47:46.529] [65858] [HailoRT] [info] [queue_elements.cpp:657] [create] Created (PullQEl_nms1yolov11n/conv77_143 | timeout: 10s)
[2026-04-17 11:47:46.529] [65858] [HailoRT] [info] [edge_elements.cpp:287] [create] Created (HwReadEl0yolov11n/conv80_143 | hw_frame_size: 38400)
[2026-04-17 11:47:46.529] [65858] [HailoRT] [info] [queue_elements.cpp:657] [create] Created (PullQEl_nms0yolov11n/conv80_143 | timeout: 10s)
[2026-04-17 11:47:46.529] [65858] [HailoRT] [info] [queue_elements.cpp:800] [create] Created (UserBufQEl_post_infer0yolov11n/yolov8_nms_postprocess | timeout: 10s)
[2026-04-17 11:47:46.529] [65858] [HailoRT] [info] [vstream.cpp:1114] [OutputVStreamImpl] Creating yolov11n/yolov8_nms_postprocess...
[2026-04-17 11:47:46.529] [65858] [HailoRT] [info] [vstream_builder.cpp:622] [create_output_post_process_nms] Output pipeline 'yolov11n/yolov8_nms_postprocess': HW >> (HwReadEl3yolov11n/conv51_143 | hw_frame_size: 409600) >> (PullQEl_nms3yolov11n/conv51_143) >> (HwReadEl12yolov11n/conv54_143 | hw_frame_size: 512000) >> (PullQEl_nms12yolov11n/conv54_143) >> (HwReadEl15yolov11n/conv62_143 | hw_frame_size: 102400) >> (PullQEl_nms15yolov11n/conv62_143) >> (HwReadEl13yolov11n/conv65_143 | hw_frame_size: 128000) >> (PullQEl_nms13yolov11n/conv65_143) >> (HwReadEl1yolov11n/conv77_143 | hw_frame_size: 30720) >> (PullQEl_nms1yolov11n/conv77_143) >> (HwReadEl0yolov11n/conv80_143 | hw_frame_size: 38400) >> (PullQEl_nms0yolov11n/conv80_143) >> (NmsPPMuxEl0YOLOV8-Post-Process | Op YOLOV8, Name: YOLOV8-Post-Process, Score threshold: 0.200, IoU threshold: 0.70, Classes: 80, Max bboxes per class: 100, Image height: 640, Image width: 640) >> (UserBufQEl_post_infer0yolov11n/yolov8_nms_postprocess | timeout: 10s)
[2026-04-17 11:48:46.529] [66364] [HailoRT] [info] [vdevice_native_stream.cpp:142] [write_impl] Failed write to stream yolov11n/input_layer1 (device: 0001:01:00.0) with status=HAILO_STREAM_ABORT(63)
[2026-04-17 11:48:46.529] [66364] [HailoRT] [info] [edge_elements.cpp:87] [run_push] Failed to send on input stream InputStream(index=8, name=yolov11n/input_layer1) because stream was aborted
[2026-04-17 11:48:46.529] [66364] [HailoRT] [info] [queue_elements.cpp:401] [run_in_thread] run_push of PushQEl8yolov11n/input_layer1 was aborted!
[2026-04-17 11:48:46.530] [66375] [HailoRT] [info] [queue_elements.cpp:319] [run_push] run_push of PushQEl8yolov11n/input_layer1 was aborted!
[2026-04-17 11:48:46.530] [66375] [HailoRT] [info] [filter_elements.cpp:35] [run_push] run_push of PreInferEl8yolov11n/input_layer1 was aborted!
[2026-04-17 11:48:46.530] [66375] [HailoRT] [info] [vstream.cpp:778] [write] Sending to VStream was aborted!
[2026-04-17 11:48:46.530] [66369] [HailoRT] [info] [vdevice_native_stream.cpp:331] [read_impl] Failed read from stream HAILO_STREAM_ABORT(63) (device: 0001:01:00.0)
[2026-04-17 11:48:46.530] [66369] [HailoRT] [info] [edge_elements.cpp:396] [run_pull] Reading from stream was aborted!
[2026-04-17 11:48:46.530] [66369] [HailoRT] [info] [queue_elements.cpp:738] [run_in_thread] run_pull of queue element PullQEl_nms1yolov11n/conv77_143 was aborted!
[2026-04-17 11:48:46.530] [66374] [HailoRT] [info] [queue_elements.cpp:706] [run_pull] Shutdown event was signaled in dequeue of queue element PullQEl_nms1yolov11n/conv77_143!
[2026-04-17 11:48:46.530] [66365] [HailoRT] [info] [vdevice_native_stream.cpp:331] [read_impl] Failed read from stream HAILO_STREAM_ABORT(63) (device: 0001:01:00.0)
[2026-04-17 11:48:46.530] [66370] [HailoRT] [info] [vdevice_native_stream.cpp:331] [read_impl] Failed read from stream HAILO_STREAM_ABORT(63) (device: 0001:01:00.0)
[2026-04-17 11:48:46.530] [66365] [HailoRT] [info] [edge_elements.cpp:396] [run_pull] Reading from stream was aborted!
[2026-04-17 11:48:46.530] [66374] [HailoRT] [info] [vstream.cpp:1138] [read] Receiving to VStream was shutdown!
[2026-04-17 11:48:46.530] [66370] [HailoRT] [info] [edge_elements.cpp:396] [run_pull] Reading from stream was aborted!
[2026-04-17 11:48:46.530] [66365] [HailoRT] [info] [queue_elements.cpp:738] [run_in_thread] run_pull of queue element PullQEl_nms3yolov11n/conv51_143 was aborted!
[2026-04-17 11:48:46.530] [66370] [HailoRT] [info] [queue_elements.cpp:738] [run_in_thread] run_pull of queue element PullQEl_nms0yolov11n/conv80_143 was aborted!
[2026-04-17 11:48:46.530] [66367] [HailoRT] [info] [vdevice_native_stream.cpp:331] [read_impl] Failed read from stream HAILO_STREAM_ABORT(63) (device: 0001:01:00.0)
[2026-04-17 11:48:46.530] [66367] [HailoRT] [info] [edge_elements.cpp:396] [run_pull] Reading from stream was aborted!
[2026-04-17 11:48:46.530] [66367] [HailoRT] [info] [queue_elements.cpp:738] [run_in_thread] run_pull of queue element PullQEl_nms15yolov11n/conv62_143 was aborted!
[2026-04-17 11:48:46.530] [66366] [HailoRT] [info] [vdevice_native_stream.cpp:331] [read_impl] Failed read from stream HAILO_STREAM_ABORT(63) (device: 0001:01:00.0)
[2026-04-17 11:48:46.530] [66366] [HailoRT] [info] [edge_elements.cpp:396] [run_pull] Reading from stream was aborted!
[2026-04-17 11:48:46.530] [66368] [HailoRT] [info] [vdevice_native_stream.cpp:331] [read_impl] Failed read from stream HAILO_STREAM_ABORT(63) (device: 0001:01:00.0)
[2026-04-17 11:48:46.530] [66368] [HailoRT] [info] [edge_elements.cpp:396] [run_pull] Reading from stream was aborted!
[2026-04-17 11:48:46.530] [66366] [HailoRT] [info] [queue_elements.cpp:738] [run_in_thread] run_pull of queue element PullQEl_nms12yolov11n/conv54_143 was aborted!
[2026-04-17 11:48:46.530] [66368] [HailoRT] [info] [queue_elements.cpp:738] [run_in_thread] run_pull of queue element PullQEl_nms13yolov11n/conv65_143 was aborted!
[2026-04-17 11:48:46.566] [65858] [HailoRT] [info] [queue_elements.cpp:360] [execute_deactivate] enqueue() in element PushQEl8yolov11n/input_layer1 was aborted, got status = HAILO_SHUTDOWN_EVENT_SIGNALED(57)
[2026-04-17 11:48:46.566] [66364] [HailoRT] [info] [queue_elements.cpp:68] [operator()] Thread in element PushQEl8yolov11n/input_layer1 is not running anymore, exiting..
[2026-04-17 11:48:46.566] [65858] [HailoRT] [info] [queue_elements.cpp:46] [~BaseQueueElement] Queue element PushQEl8yolov11n/input_layer1 has 1 frames in his Queue on destruction
[2026-04-17 11:48:46.566] [66371] [HailoRT] [info] [queue_elements.cpp:68] [operator()] Thread in element UserBufQEl_post_infer0yolov11n/yolov8_nms_postprocess is not running anymore, exiting..
[2026-04-17 11:48:46.566] [65858] [HailoRT] [info] [queue_elements.cpp:46] [~BaseQueueElement] Queue element UserBufQEl_post_infer0yolov11n/yolov8_nms_postprocess has 0 frames in his Queue on destruction
[2026-04-17 11:48:46.566] [66370] [HailoRT] [info] [queue_elements.cpp:68] [operator()] Thread in element PullQEl_nms0yolov11n/conv80_143 is not running anymore, exiting..
[2026-04-17 11:48:46.566] [65858] [HailoRT] [info] [queue_elements.cpp:46] [~BaseQueueElement] Queue element PullQEl_nms0yolov11n/conv80_143 has 1 frames in his Queue on destruction
[2026-04-17 11:48:46.566] [66369] [HailoRT] [info] [queue_elements.cpp:68] [operator()] Thread in element PullQEl_nms1yolov11n/conv77_143 is not running anymore, exiting..
[2026-04-17 11:48:46.566] [65858] [HailoRT] [info] [queue_elements.cpp:46] [~BaseQueueElement] Queue element PullQEl_nms1yolov11n/conv77_143 has 1 frames in his Queue on destruction
[2026-04-17 11:48:46.566] [66368] [HailoRT] [info] [queue_elements.cpp:68] [operator()] Thread in element PullQEl_nms13yolov11n/conv65_143 is not running anymore, exiting..
[2026-04-17 11:48:46.566] [65858] [HailoRT] [info] [queue_elements.cpp:46] [~BaseQueueElement] Queue element PullQEl_nms13yolov11n/conv65_143 has 0 frames in his Queue on destruction
[2026-04-17 11:48:46.566] [66367] [HailoRT] [info] [queue_elements.cpp:68] [operator()] Thread in element PullQEl_nms15yolov11n/conv62_143 is not running anymore, exiting..
[2026-04-17 11:48:46.566] [65858] [HailoRT] [info] [queue_elements.cpp:46] [~BaseQueueElement] Queue element PullQEl_nms15yolov11n/conv62_143 has 0 frames in his Queue on destruction
[2026-04-17 11:48:46.566] [66366] [HailoRT] [info] [queue_elements.cpp:68] [operator()] Thread in element PullQEl_nms12yolov11n/conv54_143 is not running anymore, exiting..
[2026-04-17 11:48:46.566] [65858] [HailoRT] [info] [queue_elements.cpp:46] [~BaseQueueElement] Queue element PullQEl_nms12yolov11n/conv54_143 has 0 frames in his Queue on destruction
[2026-04-17 11:48:46.566] [66365] [HailoRT] [info] [queue_elements.cpp:68] [operator()] Thread in element PullQEl_nms3yolov11n/conv51_143 is not running anymore, exiting..
[2026-04-17 11:48:46.566] [65858] [HailoRT] [info] [queue_elements.cpp:46] [~BaseQueueElement] Queue element PullQEl_nms3yolov11n/conv51_143 has 0 frames in his Queue on destruction
[2026-04-17 11:48:46.567] [65858] [HailoRT] [info] [core_op.cpp:186] [deactivate] Deactivating took 0.007797 ms
[2026-04-17 11:48:46.567] [65858] [HailoRT] [info] [core_op.cpp:186] [deactivate] Deactivating took 0.016648 ms
[2026-04-17 11:48:46.629] [65858] [HailoRT] [info] [vdevice.cpp:535] [create] Creating vdevice with params: device_count: 1, scheduling_algorithm: NONE, multi_process_service: false
[2026-04-17 11:48:46.629] [65858] [HailoRT] [info] [device.cpp:51] [Device] OS Version: Linux 6.12.75+rpt-rpi-2712 #1 SMP PREEMPT Debian 1:6.12.75-1+rpt1 (2026-03-11) aarch64
[2026-04-17 11:48:46.630] [65858] [HailoRT] [info] [control.cpp:113] [control__parse_identify_results] firmware_version is: 4.23.0
[2026-04-17 11:48:46.630] [65858] [HailoRT] [info] [vdevice.cpp:682] [create] VDevice Infos: 0001:01:00.0
[2026-04-17 11:48:46.636] [65858] [HailoRT] [warning] [buffer_requirements.cpp:131] [get_buffer_requirements_multiple_transfers] Desc page size value (1024) is not optimal for performance.
[2026-04-17 11:48:46.652] [65858] [HailoRT] [info] [internal_buffer_manager.cpp:77] [print_execution_results] Planned internal buffer memory: CMA=0 CMA-Desc=1310720 Pinned=50639872. memory to edge layer usage factor is 1
[2026-04-17 11:48:46.652] [65858] [HailoRT] [info] [internal_buffer_manager.cpp:86] [print_execution_results] Default Internal buffer planner executed successfully
[2026-04-17 11:48:46.760] [65858] [HailoRT] [info] [device_internal.cpp:57] [configure] Configuring HEF took 129.846107 milliseconds
[2026-04-17 11:48:46.760] [65858] [HailoRT] [info] [vdevice.cpp:780] [configure] Configuring HEF on VDevice took 130.220272 milliseconds
[2026-04-17 11:48:46.760] [65858] [HailoRT] [info] [control.cpp:113] [control__parse_identify_results] firmware_version is: 4.23.0
[2026-04-17 11:48:46.761] [65858] [HailoRT] [info] [control.cpp:113] [control__parse_identify_results] firmware_version is: 4.23.0
[2026-04-17 11:48:46.789] [65858] [HailoRT] [info] [core_op.cpp:156] [activate] Activating yolov11n took 28.878174 milliseconds. Note that the function is asynchronous and thus the network is not fully activated yet.
[2026-04-17 11:48:46.789] [65858] [HailoRT] [info] [core_op.cpp:156] [activate] Activating yolov11n took 28.900359 milliseconds. Note that the function is asynchronous and thus the network is not fully activated yet.
[2026-04-17 11:48:46.803] [65858] [HailoRT] [info] [control.cpp:113] [control__parse_identify_results] firmware_version is: 4.23.0
[2026-04-17 11:48:46.803] [65858] [HailoRT] [info] [control.cpp:113] [control__parse_identify_results] firmware_version is: 4.23.0
[2026-04-17 11:48:46.803] [65858] [HailoRT] [info] [edge_elements.cpp:52] [create] Created (HwWriteEl8yolov11n/input_layer1 | hw_frame_size: 1228800)
[2026-04-17 11:48:46.803] [65858] [HailoRT] [info] [queue_elements.cpp:284] [create] Created (PushQEl8yolov11n/input_layer1 | timeout: 10s)
[2026-04-17 11:48:46.803] [65858] [HailoRT] [info] [filter_elements.cpp:101] [create] Created (PreInferEl8yolov11n/input_layer1 | Reorder - src_order: NHWC, src_shape: (640, 640, 3), dst_order: NHCW, dst_shape: (640, 640, 3))
[2026-04-17 11:48:46.803] [65858] [HailoRT] [info] [vstream.cpp:754] [InputVStreamImpl] Creating yolov11n/input_layer1...
[2026-04-17 11:48:46.803] [65858] [HailoRT] [info] [vstream_builder.cpp:102] [create_inputs] Input pipeline 'yolov11n/input_layer1': (PreInferEl8yolov11n/input_layer1 | Reorder - src_order: NHWC, src_shape: (640, 640, 3), dst_order: NHCW, dst_shape: (640, 640, 3)) >> (PushQEl8yolov11n/input_layer1 | timeout: 10s) >> (HwWriteEl8yolov11n/input_layer1 | hw_frame_size: 1228800) >> HW
[2026-04-17 11:48:46.803] [65858] [HailoRT] [info] [multi_io_elements.cpp:135] [create] Created (NmsPPMuxEl0YOLOV8-Post-Process | Op YOLOV8, Name: YOLOV8-Post-Process, Score threshold: 0.200, IoU threshold: 0.70, Classes: 80, Max bboxes per class: 100, Image height: 640, Image width: 640)
[2026-04-17 11:48:46.803] [65858] [HailoRT] [info] [edge_elements.cpp:287] [create] Created (HwReadEl3yolov11n/conv51_143 | hw_frame_size: 409600)
[2026-04-17 11:48:46.803] [65858] [HailoRT] [info] [queue_elements.cpp:657] [create] Created (PullQEl_nms3yolov11n/conv51_143 | timeout: 10s)
[2026-04-17 11:48:46.803] [65858] [HailoRT] [info] [edge_elements.cpp:287] [create] Created (HwReadEl12yolov11n/conv54_143 | hw_frame_size: 512000)
[2026-04-17 11:48:46.803] [65858] [HailoRT] [info] [queue_elements.cpp:657] [create] Created (PullQEl_nms12yolov11n/conv54_143 | timeout: 10s)
[2026-04-17 11:48:46.803] [65858] [HailoRT] [info] [edge_elements.cpp:287] [create] Created (HwReadEl15yolov11n/conv62_143 | hw_frame_size: 102400)
[2026-04-17 11:48:46.803] [65858] [HailoRT] [info] [queue_elements.cpp:657] [create] Created (PullQEl_nms15yolov11n/conv62_143 | timeout: 10s)
[2026-04-17 11:48:46.803] [65858] [HailoRT] [info] [edge_elements.cpp:287] [create] Created (HwReadEl13yolov11n/conv65_143 | hw_frame_size: 128000)
[2026-04-17 11:48:46.804] [65858] [HailoRT] [info] [queue_elements.cpp:657] [create] Created (PullQEl_nms13yolov11n/conv65_143 | timeout: 10s)
[2026-04-17 11:48:46.804] [65858] [HailoRT] [info] [edge_elements.cpp:287] [create] Created (HwReadEl1yolov11n/conv77_143 | hw_frame_size: 30720)
[2026-04-17 11:48:46.804] [65858] [HailoRT] [info] [queue_elements.cpp:657] [create] Created (PullQEl_nms1yolov11n/conv77_143 | timeout: 10s)
[2026-04-17 11:48:46.804] [65858] [HailoRT] [info] [edge_elements.cpp:287] [create] Created (HwReadEl0yolov11n/conv80_143 | hw_frame_size: 38400)
[2026-04-17 11:48:46.804] [65858] [HailoRT] [info] [queue_elements.cpp:657] [create] Created (PullQEl_nms0yolov11n/conv80_143 | timeout: 10s)
[2026-04-17 11:48:46.804] [65858] [HailoRT] [info] [queue_elements.cpp:800] [create] Created (UserBufQEl_post_infer0yolov11n/yolov8_nms_postprocess | timeout: 10s)
[2026-04-17 11:48:46.804] [65858] [HailoRT] [info] [vstream.cpp:1114] [OutputVStreamImpl] Creating yolov11n/yolov8_nms_postprocess...
[2026-04-17 11:48:46.804] [65858] [HailoRT] [info] [vstream_builder.cpp:622] [create_output_post_process_nms] Output pipeline 'yolov11n/yolov8_nms_postprocess': HW >> (HwReadEl3yolov11n/conv51_143 | hw_frame_size: 409600) >> (PullQEl_nms3yolov11n/conv51_143) >> (HwReadEl12yolov11n/conv54_143 | hw_frame_size: 512000) >> (PullQEl_nms12yolov11n/conv54_143) >> (HwReadEl15yolov11n/conv62_143 | hw_frame_size: 102400) >> (PullQEl_nms15yolov11n/conv62_143) >> (HwReadEl13yolov11n/conv65_143 | hw_frame_size: 128000) >> (PullQEl_nms13yolov11n/conv65_143) >> (HwReadEl1yolov11n/conv77_143 | hw_frame_size: 30720) >> (PullQEl_nms1yolov11n/conv77_143) >> (HwReadEl0yolov11n/conv80_143 | hw_frame_size: 38400) >> (PullQEl_nms0yolov11n/conv80_143) >> (NmsPPMuxEl0YOLOV8-Post-Process | Op YOLOV8, Name: YOLOV8-Post-Process, Score threshold: 0.200, IoU threshold: 0.70, Classes: 80, Max bboxes per class: 100, Image height: 640, Image width: 640) >> (UserBufQEl_post_infer0yolov11n/yolov8_nms_postprocess | timeout: 10s)
[2026-04-17 11:49:46.804] [66858] [HailoRT] [info] [vdevice_native_stream.cpp:331] [read_impl] Failed read from stream HAILO_STREAM_ABORT(63) (device: 0001:01:00.0)
[2026-04-17 11:49:46.804] [66857] [HailoRT] [info] [vdevice_native_stream.cpp:331] [read_impl] Failed read from stream HAILO_STREAM_ABORT(63) (device: 0001:01:00.0)
[2026-04-17 11:49:46.804] [66862] [HailoRT] [info] [vdevice_native_stream.cpp:331] [read_impl] Failed read from stream HAILO_STREAM_ABORT(63) (device: 0001:01:00.0)
[2026-04-17 11:49:46.804] [66859] [HailoRT] [info] [vdevice_native_stream.cpp:331] [read_impl] Failed read from stream HAILO_STREAM_ABORT(63) (device: 0001:01:00.0)
[2026-04-17 11:49:46.804] [66862] [HailoRT] [info] [edge_elements.cpp:396] [run_pull] Reading from stream was aborted!
[2026-04-17 11:49:46.804] [66859] [HailoRT] [info] [edge_elements.cpp:396] [run_pull] Reading from stream was aborted!
[2026-04-17 11:49:46.804] [66861] [HailoRT] [info] [vdevice_native_stream.cpp:331] [read_impl] Failed read from stream HAILO_STREAM_ABORT(63) (device: 0001:01:00.0)
[2026-04-17 11:49:46.804] [66861] [HailoRT] [info] [edge_elements.cpp:396] [run_pull] Reading from stream was aborted!
[2026-04-17 11:49:46.804] [66857] [HailoRT] [info] [edge_elements.cpp:396] [run_pull] Reading from stream was aborted!
[2026-04-17 11:49:46.804] [66859] [HailoRT] [info] [queue_elements.cpp:738] [run_in_thread] run_pull of queue element PullQEl_nms15yolov11n/conv62_143 was aborted!
[2026-04-17 11:49:46.804] [66861] [HailoRT] [info] [queue_elements.cpp:738] [run_in_thread] run_pull of queue element PullQEl_nms1yolov11n/conv77_143 was aborted!
[2026-04-17 11:49:46.804] [66857] [HailoRT] [info] [queue_elements.cpp:738] [run_in_thread] run_pull of queue element PullQEl_nms3yolov11n/conv51_143 was aborted!
[2026-04-17 11:49:46.804] [66858] [HailoRT] [info] [edge_elements.cpp:396] [run_pull] Reading from stream was aborted!
[2026-04-17 11:49:46.804] [66860] [HailoRT] [info] [vdevice_native_stream.cpp:331] [read_impl] Failed read from stream HAILO_STREAM_ABORT(63) (device: 0001:01:00.0)
[2026-04-17 11:49:46.804] [66858] [HailoRT] [info] [queue_elements.cpp:738] [run_in_thread] run_pull of queue element PullQEl_nms12yolov11n/conv54_143 was aborted!
[2026-04-17 11:49:46.804] [66860] [HailoRT] [info] [edge_elements.cpp:396] [run_pull] Reading from stream was aborted!
[2026-04-17 11:49:46.804] [66860] [HailoRT] [info] [queue_elements.cpp:738] [run_in_thread] run_pull of queue element PullQEl_nms13yolov11n/conv65_143 was aborted!
[2026-04-17 11:49:46.804] [66866] [HailoRT] [info] [queue_elements.cpp:706] [run_pull] Shutdown event was signaled in dequeue of queue element PullQEl_nms3yolov11n/conv51_143!
[2026-04-17 11:49:46.804] [66862] [HailoRT] [info] [queue_elements.cpp:738] [run_in_thread] run_pull of queue element PullQEl_nms0yolov11n/conv80_143 was aborted!
[2026-04-17 11:49:46.804] [66866] [HailoRT] [info] [vstream.cpp:1138] [read] Receiving to VStream was shutdown!
[2026-04-17 11:49:46.806] [66856] [HailoRT] [info] [vdevice_native_stream.cpp:142] [write_impl] Failed write to stream yolov11n/input_layer1 (device: 0001:01:00.0) with status=HAILO_STREAM_ABORT(63)
[2026-04-17 11:49:46.806] [66856] [HailoRT] [info] [edge_elements.cpp:87] [run_push] Failed to send on input stream InputStream(index=8, name=yolov11n/input_layer1) because stream was aborted
[2026-04-17 11:49:46.806] [66856] [HailoRT] [info] [queue_elements.cpp:401] [run_in_thread] run_push of PushQEl8yolov11n/input_layer1 was aborted!
[2026-04-17 11:49:46.807] [66867] [HailoRT] [info] [queue_elements.cpp:319] [run_push] run_push of PushQEl8yolov11n/input_layer1 was aborted!
[2026-04-17 11:49:46.807] [66867] [HailoRT] [info] [filter_elements.cpp:35] [run_push] run_push of PreInferEl8yolov11n/input_layer1 was aborted!
[2026-04-17 11:49:46.807] [66867] [HailoRT] [info] [vstream.cpp:778] [write] Sending to VStream was aborted!
[2026-04-17 11:49:46.813] [65858] [HailoRT] [info] [queue_elements.cpp:360] [execute_deactivate] enqueue() in element PushQEl8yolov11n/input_layer1 was aborted, got status = HAILO_SHUTDOWN_EVENT_SIGNALED(57)
[2026-04-17 11:49:46.813] [66856] [HailoRT] [info] [queue_elements.cpp:68] [operator()] Thread in element PushQEl8yolov11n/input_layer1 is not running anymore, exiting..
[2026-04-17 11:49:46.813] [65858] [HailoRT] [info] [queue_elements.cpp:46] [~BaseQueueElement] Queue element PushQEl8yolov11n/input_layer1 has 0 frames in his Queue on destruction
[2026-04-17 11:49:46.813] [66863] [HailoRT] [info] [queue_elements.cpp:68] [operator()] Thread in element UserBufQEl_post_infer0yolov11n/yolov8_nms_postprocess is not running anymore, exiting..
[2026-04-17 11:49:46.813] [65858] [HailoRT] [info] [queue_elements.cpp:46] [~BaseQueueElement] Queue element UserBufQEl_post_infer0yolov11n/yolov8_nms_postprocess has 0 frames in his Queue on destruction
[2026-04-17 11:49:46.813] [66862] [HailoRT] [info] [queue_elements.cpp:68] [operator()] Thread in element PullQEl_nms0yolov11n/conv80_143 is not running anymore, exiting..
[2026-04-17 11:49:46.813] [65858] [HailoRT] [info] [queue_elements.cpp:46] [~BaseQueueElement] Queue element PullQEl_nms0yolov11n/conv80_143 has 0 frames in his Queue on destruction
[2026-04-17 11:49:46.813] [66861] [HailoRT] [info] [queue_elements.cpp:68] [operator()] Thread in element PullQEl_nms1yolov11n/conv77_143 is not running anymore, exiting..
[2026-04-17 11:49:46.813] [65858] [HailoRT] [info] [queue_elements.cpp:46] [~BaseQueueElement] Queue element PullQEl_nms1yolov11n/conv77_143 has 0 frames in his Queue on destruction
[2026-04-17 11:49:46.814] [66860] [HailoRT] [info] [queue_elements.cpp:68] [operator()] Thread in element PullQEl_nms13yolov11n/conv65_143 is not running anymore, exiting..
[2026-04-17 11:49:46.814] [65858] [HailoRT] [info] [queue_elements.cpp:46] [~BaseQueueElement] Queue element PullQEl_nms13yolov11n/conv65_143 has 0 frames in his Queue on destruction
[2026-04-17 11:49:46.814] [66859] [HailoRT] [info] [queue_elements.cpp:68] [operator()] Thread in element PullQEl_nms15yolov11n/conv62_143 is not running anymore, exiting..
[2026-04-17 11:49:46.814] [65858] [HailoRT] [info] [queue_elements.cpp:46] [~BaseQueueElement] Queue element PullQEl_nms15yolov11n/conv62_143 has 0 frames in his Queue on destruction
[2026-04-17 11:49:46.814] [66858] [HailoRT] [info] [queue_elements.cpp:68] [operator()] Thread in element PullQEl_nms12yolov11n/conv54_143 is not running anymore, exiting..
[2026-04-17 11:49:46.814] [65858] [HailoRT] [info] [queue_elements.cpp:46] [~BaseQueueElement] Queue element PullQEl_nms12yolov11n/conv54_143 has 0 frames in his Queue on destruction
[2026-04-17 11:49:46.814] [66857] [HailoRT] [info] [queue_elements.cpp:68] [operator()] Thread in element PullQEl_nms3yolov11n/conv51_143 is not running anymore, exiting..
[2026-04-17 11:49:46.814] [65858] [HailoRT] [info] [queue_elements.cpp:46] [~BaseQueueElement] Queue element PullQEl_nms3yolov11n/conv51_143 has 0 frames in his Queue on destruction
[2026-04-17 11:49:46.814] [65858] [HailoRT] [info] [core_op.cpp:186] [deactivate] Deactivating took 0.007352 ms
[2026-04-17 11:49:46.814] [65858] [HailoRT] [info] [core_op.cpp:186] [deactivate] Deactivating took 0.015982 ms
[2026-04-17 11:49:57.163] [67394] [HailoRT] [info] [vdevice.cpp:535] [create] Creating vdevice with params: device_count: 1, scheduling_algorithm: NONE, multi_process_service: false
[2026-04-17 11:49:57.175] [67394] [HailoRT] [info] [device.cpp:51] [Device] OS Version: Linux 6.12.75+rpt-rpi-2712 #1 SMP PREEMPT Debian 1:6.12.75-1+rpt1 (2026-03-11) aarch64
[2026-04-17 11:49:57.176] [67394] [HailoRT] [info] [control.cpp:113] [control__parse_identify_results] firmware_version is: 4.23.0
[2026-04-17 11:49:57.176] [67394] [HailoRT] [info] [vdevice.cpp:682] [create] VDevice Infos: 0001:01:00.0
[2026-04-17 11:49:57.183] [67394] [HailoRT] [warning] [buffer_requirements.cpp:131] [get_buffer_requirements_multiple_transfers] Desc page size value (1024) is not optimal for performance.
[2026-04-17 11:49:57.205] [67394] [HailoRT] [info] [internal_buffer_manager.cpp:77] [print_execution_results] Planned internal buffer memory: CMA=0 CMA-Desc=1310720 Pinned=51817472. memory to edge layer usage factor is 1
[2026-04-17 11:49:57.205] [67394] [HailoRT] [info] [internal_buffer_manager.cpp:86] [print_execution_results] Default Internal buffer planner executed successfully
[2026-04-17 11:49:57.314] [67394] [HailoRT] [info] [device_internal.cpp:57] [configure] Configuring HEF took 137.741376 milliseconds
[2026-04-17 11:49:57.314] [67394] [HailoRT] [info] [vdevice.cpp:780] [configure] Configuring HEF on VDevice took 138.174486 milliseconds
[2026-04-17 11:49:57.314] [67394] [HailoRT] [info] [control.cpp:113] [control__parse_identify_results] firmware_version is: 4.23.0
[2026-04-17 11:49:57.315] [67394] [HailoRT] [info] [control.cpp:113] [control__parse_identify_results] firmware_version is: 4.23.0
[2026-04-17 11:49:57.348] [67394] [HailoRT] [info] [core_op.cpp:156] [activate] Activating yolov11n took 33.581898 milliseconds. Note that the function is asynchronous and thus the network is not fully activated yet.
[2026-04-17 11:49:57.348] [67394] [HailoRT] [info] [core_op.cpp:156] [activate] Activating yolov11n took 33.612231 milliseconds. Note that the function is asynchronous and thus the network is not fully activated yet.
[2026-04-17 11:49:57.362] [67394] [HailoRT] [info] [control.cpp:113] [control__parse_identify_results] firmware_version is: 4.23.0
[2026-04-17 11:49:57.362] [67394] [HailoRT] [info] [control.cpp:113] [control__parse_identify_results] firmware_version is: 4.23.0
[2026-04-17 11:49:58.522] [67386] [HailoRT] [info] [device.cpp:51] [Device] OS Version: Linux 6.12.75+rpt-rpi-2712 #1 SMP PREEMPT Debian 1:6.12.75-1+rpt1 (2026-03-11) aarch64
[2026-04-17 11:49:58.523] [67386] [HailoRT] [info] [control.cpp:113] [control__parse_identify_results] firmware_version is: 4.23.0
[2026-04-17 11:49:58.523] [67386] [HailoRT] [info] [control.cpp:113] [control__parse_identify_results] firmware_version is: 4.23.0
[2026-04-17 11:50:57.362] [67409] [HailoRT] [info] [vdevice_native_stream.cpp:142] [write_impl] Failed write to stream yolov11n/input_layer1 (device: 0001:01:00.0) with status=HAILO_STREAM_ABORT(63)
[2026-04-17 11:50:57.362] [67407] [HailoRT] [info] [vdevice_native_stream.cpp:331] [read_impl] Failed read from stream HAILO_STREAM_ABORT(63) (device: 0001:01:00.0)
[2026-04-17 11:50:57.363] [67404] [HailoRT] [info] [vdevice_native_stream.cpp:331] [read_impl] Failed read from stream HAILO_STREAM_ABORT(63) (device: 0001:01:00.0)
[2026-04-17 11:50:57.362] [67406] [HailoRT] [info] [vdevice_native_stream.cpp:331] [read_impl] Failed read from stream HAILO_STREAM_ABORT(63) (device: 0001:01:00.0)
[2026-04-17 11:50:57.363] [67408] [HailoRT] [info] [vdevice_native_stream.cpp:331] [read_impl] Failed read from stream HAILO_STREAM_ABORT(63) (device: 0001:01:00.0)
[2026-04-17 11:50:57.363] [67403] [HailoRT] [info] [vdevice_native_stream.cpp:331] [read_impl] Failed read from stream HAILO_STREAM_ABORT(63) (device: 0001:01:00.0)
[2026-04-17 11:50:57.362] [67405] [HailoRT] [info] [vdevice_native_stream.cpp:331] [read_impl] Failed read from stream HAILO_STREAM_ABORT(63) (device: 0001:01:00.0)
[2026-04-17 11:50:57.372] [67394] [HailoRT] [info] [core_op.cpp:186] [deactivate] Deactivating took 0.006797 ms
[2026-04-17 11:50:57.372] [67394] [HailoRT] [info] [core_op.cpp:186] [deactivate] Deactivating took 0.028556 ms
[2026-04-17 11:50:57.417] [67394] [HailoRT] [info] [vdevice.cpp:535] [create] Creating vdevice with params: device_count: 1, scheduling_algorithm: NONE, multi_process_service: false
[2026-04-17 11:50:57.418] [67394] [HailoRT] [info] [device.cpp:51] [Device] OS Version: Linux 6.12.75+rpt-rpi-2712 #1 SMP PREEMPT Debian 1:6.12.75-1+rpt1 (2026-03-11) aarch64
[2026-04-17 11:50:57.419] [67394] [HailoRT] [info] [control.cpp:113] [control__parse_identify_results] firmware_version is: 4.23.0
[2026-04-17 11:50:57.419] [67394] [HailoRT] [info] [vdevice.cpp:682] [create] VDevice Infos: 0001:01:00.0
[2026-04-17 11:50:57.431] [67394] [HailoRT] [warning] [buffer_requirements.cpp:131] [get_buffer_requirements_multiple_transfers] Desc page size value (1024) is not optimal for performance.
[2026-04-17 11:50:57.454] [67394] [HailoRT] [info] [internal_buffer_manager.cpp:77] [print_execution_results] Planned internal buffer memory: CMA=0 CMA-Desc=1310720 Pinned=51817472. memory to edge layer usage factor is 1
[2026-04-17 11:50:57.454] [67394] [HailoRT] [info] [internal_buffer_manager.cpp:86] [print_execution_results] Default Internal buffer planner executed successfully
[2026-04-17 11:50:57.556] [67394] [HailoRT] [info] [device_internal.cpp:57] [configure] Configuring HEF took 136.391642 milliseconds
[2026-04-17 11:50:57.556] [67394] [HailoRT] [info] [vdevice.cpp:780] [configure] Configuring HEF on VDevice took 136.801066 milliseconds
[2026-04-17 11:50:57.556] [67394] [HailoRT] [info] [control.cpp:113] [control__parse_identify_results] firmware_version is: 4.23.0
[2026-04-17 11:50:57.557] [67394] [HailoRT] [info] [control.cpp:113] [control__parse_identify_results] firmware_version is: 4.23.0
[2026-04-17 11:50:57.590] [67394] [HailoRT] [info] [core_op.cpp:156] [activate] Activating yolov11n took 33.620157 milliseconds. Note that the function is asynchronous and thus the network is not fully activated yet.
[2026-04-17 11:50:57.590] [67394] [HailoRT] [info] [core_op.cpp:156] [activate] Activating yolov11n took 33.649157 milliseconds. Note that the function is asynchronous and thus the network is not fully activated yet.
[2026-04-17 11:50:57.603] [67394] [HailoRT] [info] [control.cpp:113] [control__parse_identify_results] firmware_version is: 4.23.0
[2026-04-17 11:50:57.604] [67394] [HailoRT] [info] [control.cpp:113] [control__parse_identify_results] firmware_version is: 4.23.0
[2026-04-17 11:50:57.604] [67394] [HailoRT] [info] [edge_elements.cpp:52] [create] Created (HwWriteEl8yolov11n/input_layer1 | hw_frame_size: 1228800)
[2026-04-17 11:50:57.604] [67394] [HailoRT] [info] [queue_elements.cpp:284] [create] Created (PushQEl8yolov11n/input_layer1 | timeout: 10s)
[2026-04-17 11:50:57.604] [67394] [HailoRT] [info] [filter_elements.cpp:101] [create] Created (PreInferEl8yolov11n/input_layer1 | Reorder - src_order: NHWC, src_shape: (640, 640, 3), dst_order: NHCW, dst_shape: (640, 640, 3))
[2026-04-17 11:50:57.604] [67394] [HailoRT] [info] [vstream.cpp:754] [InputVStreamImpl] Creating yolov11n/input_layer1...
[2026-04-17 11:50:57.604] [67394] [HailoRT] [info] [vstream_builder.cpp:102] [create_inputs] Input pipeline 'yolov11n/input_layer1': (PreInferEl8yolov11n/input_layer1 | Reorder - src_order: NHWC, src_shape: (640, 640, 3), dst_order: NHCW, dst_shape: (640, 640, 3)) >> (PushQEl8yolov11n/input_layer1 | timeout: 10s) >> (HwWriteEl8yolov11n/input_layer1 | hw_frame_size: 1228800) >> HW
[2026-04-17 11:50:57.604] [67394] [HailoRT] [info] [multi_io_elements.cpp:135] [create] Created (NmsPPMuxEl0YOLOV8-Post-Process | Op YOLOV8, Name: YOLOV8-Post-Process, Score threshold: 0.200, IoU threshold: 0.70, Classes: 80, Max bboxes per class: 100, Image height: 640, Image width: 640)
[2026-04-17 11:50:57.604] [67394] [HailoRT] [info] [edge_elements.cpp:287] [create] Created (HwReadEl3yolov11n/conv51_143 | hw_frame_size: 409600)
[2026-04-17 11:50:57.604] [67394] [HailoRT] [info] [queue_elements.cpp:657] [create] Created (PullQEl_nms3yolov11n/conv51_143 | timeout: 10s)
[2026-04-17 11:50:57.604] [67394] [HailoRT] [info] [edge_elements.cpp:287] [create] Created (HwReadEl12yolov11n/conv54_143 | hw_frame_size: 512000)
[2026-04-17 11:50:57.604] [67394] [HailoRT] [info] [queue_elements.cpp:657] [create] Created (PullQEl_nms12yolov11n/conv54_143 | timeout: 10s)
[2026-04-17 11:50:57.604] [67394] [HailoRT] [info] [edge_elements.cpp:287] [create] Created (HwReadEl15yolov11n/conv62_143 | hw_frame_size: 102400)
[2026-04-17 11:50:57.604] [67394] [HailoRT] [info] [queue_elements.cpp:657] [create] Created (PullQEl_nms15yolov11n/conv62_143 | timeout: 10s)
[2026-04-17 11:50:57.604] [67394] [HailoRT] [info] [edge_elements.cpp:287] [create] Created (HwReadEl13yolov11n/conv65_143 | hw_frame_size: 128000)
[2026-04-17 11:50:57.604] [67394] [HailoRT] [info] [queue_elements.cpp:657] [create] Created (PullQEl_nms13yolov11n/conv65_143 | timeout: 10s)
[2026-04-17 11:50:57.604] [67394] [HailoRT] [info] [edge_elements.cpp:287] [create] Created (HwReadEl1yolov11n/conv77_143 | hw_frame_size: 30720)
[2026-04-17 11:50:57.604] [67394] [HailoRT] [info] [queue_elements.cpp:657] [create] Created (PullQEl_nms1yolov11n/conv77_143 | timeout: 10s)
[2026-04-17 11:50:57.604] [67394] [HailoRT] [info] [edge_elements.cpp:287] [create] Created (HwReadEl0yolov11n/conv80_143 | hw_frame_size: 38400)
[2026-04-17 11:50:57.605] [67394] [HailoRT] [info] [queue_elements.cpp:657] [create] Created (PullQEl_nms0yolov11n/conv80_143 | timeout: 10s)
[2026-04-17 11:50:57.605] [67394] [HailoRT] [info] [queue_elements.cpp:800] [create] Created (UserBufQEl_post_infer0yolov11n/yolov8_nms_postprocess | timeout: 10s)
[2026-04-17 11:50:57.605] [67394] [HailoRT] [info] [vstream.cpp:1114] [OutputVStreamImpl] Creating yolov11n/yolov8_nms_postprocess...
[2026-04-17 11:50:57.605] [67394] [HailoRT] [info] [vstream_builder.cpp:622] [create_output_post_process_nms] Output pipeline 'yolov11n/yolov8_nms_postprocess': HW >> (HwReadEl3yolov11n/conv51_143 | hw_frame_size: 409600) >> (PullQEl_nms3yolov11n/conv51_143) >> (HwReadEl12yolov11n/conv54_143 | hw_frame_size: 512000) >> (PullQEl_nms12yolov11n/conv54_143) >> (HwReadEl15yolov11n/conv62_143 | hw_frame_size: 102400) >> (PullQEl_nms15yolov11n/conv62_143) >> (HwReadEl13yolov11n/conv65_143 | hw_frame_size: 128000) >> (PullQEl_nms13yolov11n/conv65_143) >> (HwReadEl1yolov11n/conv77_143 | hw_frame_size: 30720) >> (PullQEl_nms1yolov11n/conv77_143) >> (HwReadEl0yolov11n/conv80_143 | hw_frame_size: 38400) >> (PullQEl_nms0yolov11n/conv80_143) >> (NmsPPMuxEl0YOLOV8-Post-Process | Op YOLOV8, Name: YOLOV8-Post-Process, Score threshold: 0.200, IoU threshold: 0.70, Classes: 80, Max bboxes per class: 100, Image height: 640, Image width: 640) >> (UserBufQEl_post_infer0yolov11n/yolov8_nms_postprocess | timeout: 10s)
[2026-04-17 11:51:57.605] [67922] [HailoRT] [info] [vdevice_native_stream.cpp:142] [write_impl] Failed write to stream yolov11n/input_layer1 (device: 0001:01:00.0) with status=HAILO_STREAM_ABORT(63)
[2026-04-17 11:51:57.605] [67926] [HailoRT] [info] [vdevice_native_stream.cpp:331] [read_impl] Failed read from stream HAILO_STREAM_ABORT(63) (device: 0001:01:00.0)
[2026-04-17 11:51:57.605] [67926] [HailoRT] [info] [edge_elements.cpp:396] [run_pull] Reading from stream was aborted!
[2026-04-17 11:51:57.605] [67928] [HailoRT] [info] [vdevice_native_stream.cpp:331] [read_impl] Failed read from stream HAILO_STREAM_ABORT(63) (device: 0001:01:00.0)
[2026-04-17 11:51:57.605] [67928] [HailoRT] [info] [edge_elements.cpp:396] [run_pull] Reading from stream was aborted!
[2026-04-17 11:51:57.605] [67926] [HailoRT] [info] [queue_elements.cpp:738] [run_in_thread] run_pull of queue element PullQEl_nms13yolov11n/conv65_143 was aborted!
[2026-04-17 11:51:57.605] [67927] [HailoRT] [info] [vdevice_native_stream.cpp:331] [read_impl] Failed read from stream HAILO_STREAM_ABORT(63) (device: 0001:01:00.0)
[2026-04-17 11:51:57.605] [67927] [HailoRT] [info] [edge_elements.cpp:396] [run_pull] Reading from stream was aborted!
[2026-04-17 11:51:57.605] [67928] [HailoRT] [info] [queue_elements.cpp:738] [run_in_thread] run_pull of queue element PullQEl_nms0yolov11n/conv80_143 was aborted!
[2026-04-17 11:51:57.605] [67927] [HailoRT] [info] [queue_elements.cpp:738] [run_in_thread] run_pull of queue element PullQEl_nms1yolov11n/conv77_143 was aborted!
[2026-04-17 11:51:57.605] [67924] [HailoRT] [info] [vdevice_native_stream.cpp:331] [read_impl] Failed read from stream HAILO_STREAM_ABORT(63) (device: 0001:01:00.0)
[2026-04-17 11:51:57.605] [67924] [HailoRT] [info] [edge_elements.cpp:396] [run_pull] Reading from stream was aborted!
[2026-04-17 11:51:57.605] [67922] [HailoRT] [info] [edge_elements.cpp:87] [run_push] Failed to send on input stream InputStream(index=8, name=yolov11n/input_layer1) because stream was aborted
[2026-04-17 11:51:57.605] [67924] [HailoRT] [info] [queue_elements.cpp:738] [run_in_thread] run_pull of queue element PullQEl_nms12yolov11n/conv54_143 was aborted!
[2026-04-17 11:51:57.605] [67922] [HailoRT] [info] [queue_elements.cpp:401] [run_in_thread] run_push of PushQEl8yolov11n/input_layer1 was aborted!
[2026-04-17 11:51:57.605] [67925] [HailoRT] [info] [vdevice_native_stream.cpp:331] [read_impl] Failed read from stream HAILO_STREAM_ABORT(63) (device: 0001:01:00.0)
[2026-04-17 11:51:57.605] [67925] [HailoRT] [info] [edge_elements.cpp:396] [run_pull] Reading from stream was aborted!
[2026-04-17 11:51:57.605] [67925] [HailoRT] [info] [queue_elements.cpp:738] [run_in_thread] run_pull of queue element PullQEl_nms15yolov11n/conv62_143 was aborted!
[2026-04-17 11:51:57.606] [67933] [HailoRT] [info] [queue_elements.cpp:319] [run_push] run_push of PushQEl8yolov11n/input_layer1 was aborted!
[2026-04-17 11:51:57.606] [67933] [HailoRT] [info] [filter_elements.cpp:35] [run_push] run_push of PreInferEl8yolov11n/input_layer1 was aborted!
[2026-04-17 11:51:57.606] [67933] [HailoRT] [info] [vstream.cpp:778] [write] Sending to VStream was aborted!
[2026-04-17 11:51:57.606] [67923] [HailoRT] [info] [vdevice_native_stream.cpp:331] [read_impl] Failed read from stream HAILO_STREAM_ABORT(63) (device: 0001:01:00.0)
[2026-04-17 11:51:57.606] [67923] [HailoRT] [info] [edge_elements.cpp:396] [run_pull] Reading from stream was aborted!
[2026-04-17 11:51:57.606] [67923] [HailoRT] [info] [queue_elements.cpp:738] [run_in_thread] run_pull of queue element PullQEl_nms3yolov11n/conv51_143 was aborted!
[2026-04-17 11:51:57.606] [67932] [HailoRT] [info] [queue_elements.cpp:706] [run_pull] Shutdown event was signaled in dequeue of queue element PullQEl_nms3yolov11n/conv51_143!
[2026-04-17 11:51:57.606] [67932] [HailoRT] [info] [vstream.cpp:1138] [read] Receiving to VStream was shutdown!
[2026-04-17 11:51:57.646] [67394] [HailoRT] [info] [queue_elements.cpp:360] [execute_deactivate] enqueue() in element PushQEl8yolov11n/input_layer1 was aborted, got status = HAILO_SHUTDOWN_EVENT_SIGNALED(57)
[2026-04-17 11:51:57.646] [67922] [HailoRT] [info] [queue_elements.cpp:68] [operator()] Thread in element PushQEl8yolov11n/input_layer1 is not running anymore, exiting..
[2026-04-17 11:51:57.646] [67394] [HailoRT] [info] [queue_elements.cpp:46] [~BaseQueueElement] Queue element PushQEl8yolov11n/input_layer1 has 0 frames in his Queue on destruction
[2026-04-17 11:51:57.646] [67929] [HailoRT] [info] [queue_elements.cpp:68] [operator()] Thread in element UserBufQEl_post_infer0yolov11n/yolov8_nms_postprocess is not running anymore, exiting..
[2026-04-17 11:51:57.646] [67394] [HailoRT] [info] [queue_elements.cpp:46] [~BaseQueueElement] Queue element UserBufQEl_post_infer0yolov11n/yolov8_nms_postprocess has 0 frames in his Queue on destruction
[2026-04-17 11:51:57.647] [67928] [HailoRT] [info] [queue_elements.cpp:68] [operator()] Thread in element PullQEl_nms0yolov11n/conv80_143 is not running anymore, exiting..
[2026-04-17 11:51:57.647] [67394] [HailoRT] [info] [queue_elements.cpp:46] [~BaseQueueElement] Queue element PullQEl_nms0yolov11n/conv80_143 has 0 frames in his Queue on destruction
[2026-04-17 11:51:57.647] [67927] [HailoRT] [info] [queue_elements.cpp:68] [operator()] Thread in element PullQEl_nms1yolov11n/conv77_143 is not running anymore, exiting..
[2026-04-17 11:51:57.647] [67394] [HailoRT] [info] [queue_elements.cpp:46] [~BaseQueueElement] Queue element PullQEl_nms1yolov11n/conv77_143 has 0 frames in his Queue on destruction
[2026-04-17 11:51:57.647] [67926] [HailoRT] [info] [queue_elements.cpp:68] [operator()] Thread in element PullQEl_nms13yolov11n/conv65_143 is not running anymore, exiting..
[2026-04-17 11:51:57.647] [67394] [HailoRT] [info] [queue_elements.cpp:46] [~BaseQueueElement] Queue element PullQEl_nms13yolov11n/conv65_143 has 0 frames in his Queue on destruction
[2026-04-17 11:51:57.647] [67925] [HailoRT] [info] [queue_elements.cpp:68] [operator()] Thread in element PullQEl_nms15yolov11n/conv62_143 is not running anymore, exiting..
[2026-04-17 11:51:57.647] [67394] [HailoRT] [info] [queue_elements.cpp:46] [~BaseQueueElement] Queue element PullQEl_nms15yolov11n/conv62_143 has 0 frames in his Queue on destruction
[2026-04-17 11:51:57.647] [67924] [HailoRT] [info] [queue_elements.cpp:68] [operator()] Thread in element PullQEl_nms12yolov11n/conv54_143 is not running anymore, exiting..
[2026-04-17 11:51:57.647] [67394] [HailoRT] [info] [queue_elements.cpp:46] [~BaseQueueElement] Queue element PullQEl_nms12yolov11n/conv54_143 has 0 frames in his Queue on destruction
[2026-04-17 11:51:57.647] [67923] [HailoRT] [info] [queue_elements.cpp:68] [operator()] Thread in element PullQEl_nms3yolov11n/conv51_143 is not running anymore, exiting..
[2026-04-17 11:51:57.647] [67394] [HailoRT] [info] [queue_elements.cpp:46] [~BaseQueueElement] Queue element PullQEl_nms3yolov11n/conv51_143 has 0 frames in his Queue on destruction
[2026-04-17 11:51:57.647] [67394] [HailoRT] [info] [core_op.cpp:186] [deactivate] Deactivating took 0.007222 ms
[2026-04-17 11:51:57.647] [67394] [HailoRT] [info] [core_op.cpp:186] [deactivate] Deactivating took 0.016907 ms
[2026-04-17 11:51:57.700] [67394] [HailoRT] [info] [vdevice.cpp:535] [create] Creating vdevice with params: device_count: 1, scheduling_algorithm: NONE, multi_process_service: false
[2026-04-17 11:51:57.700] [67394] [HailoRT] [info] [device.cpp:51] [Device] OS Version: Linux 6.12.75+rpt-rpi-2712 #1 SMP PREEMPT Debian 1:6.12.75-1+rpt1 (2026-03-11) aarch64
[2026-04-17 11:51:57.700] [67394] [HailoRT] [info] [control.cpp:113] [control__parse_identify_results] firmware_version is: 4.23.0
[2026-04-17 11:51:57.700] [67394] [HailoRT] [info] [vdevice.cpp:682] [create] VDevice Infos: 0001:01:00.0
[2026-04-17 11:51:57.709] [67394] [HailoRT] [warning] [buffer_requirements.cpp:131] [get_buffer_requirements_multiple_transfers] Desc page size value (1024) is not optimal for performance.
[2026-04-17 11:51:57.730] [67394] [HailoRT] [info] [internal_buffer_manager.cpp:77] [print_execution_results] Planned internal buffer memory: CMA=0 CMA-Desc=1310720 Pinned=51817472. memory to edge layer usage factor is 1
[2026-04-17 11:51:57.731] [67394] [HailoRT] [info] [internal_buffer_manager.cpp:86] [print_execution_results] Default Internal buffer planner executed successfully
[2026-04-17 11:51:57.839] [67394] [HailoRT] [info] [device_internal.cpp:57] [configure] Configuring HEF took 138.12986 milliseconds
[2026-04-17 11:51:57.839] [67394] [HailoRT] [info] [vdevice.cpp:780] [configure] Configuring HEF on VDevice took 138.519821 milliseconds
[2026-04-17 11:51:57.839] [67394] [HailoRT] [info] [control.cpp:113] [control__parse_identify_results] firmware_version is: 4.23.0
[2026-04-17 11:51:57.839] [67394] [HailoRT] [info] [control.cpp:113] [control__parse_identify_results] firmware_version is: 4.23.0
[2026-04-17 11:51:57.868] [67394] [HailoRT] [info] [core_op.cpp:156] [activate] Activating yolov11n took 28.837693 milliseconds. Note that the function is asynchronous and thus the network is not fully activated yet.
[2026-04-17 11:51:57.868] [67394] [HailoRT] [info] [core_op.cpp:156] [activate] Activating yolov11n took 28.861379 milliseconds. Note that the function is asynchronous and thus the network is not fully activated yet.
[2026-04-17 11:51:57.881] [67394] [HailoRT] [info] [control.cpp:113] [control__parse_identify_results] firmware_version is: 4.23.0
[2026-04-17 11:51:57.882] [67394] [HailoRT] [info] [control.cpp:113] [control__parse_identify_results] firmware_version is: 4.23.0
[2026-04-17 11:51:57.882] [67394] [HailoRT] [info] [edge_elements.cpp:52] [create] Created (HwWriteEl8yolov11n/input_layer1 | hw_frame_size: 1228800)
[2026-04-17 11:51:57.882] [67394] [HailoRT] [info] [queue_elements.cpp:284] [create] Created (PushQEl8yolov11n/input_layer1 | timeout: 10s)
[2026-04-17 11:51:57.882] [67394] [HailoRT] [info] [filter_elements.cpp:101] [create] Created (PreInferEl8yolov11n/input_layer1 | Reorder - src_order: NHWC, src_shape: (640, 640, 3), dst_order: NHCW, dst_shape: (640, 640, 3))
[2026-04-17 11:51:57.882] [67394] [HailoRT] [info] [vstream.cpp:754] [InputVStreamImpl] Creating yolov11n/input_layer1...
[2026-04-17 11:51:57.882] [67394] [HailoRT] [info] [vstream_builder.cpp:102] [create_inputs] Input pipeline 'yolov11n/input_layer1': (PreInferEl8yolov11n/input_layer1 | Reorder - src_order: NHWC, src_shape: (640, 640, 3), dst_order: NHCW, dst_shape: (640, 640, 3)) >> (PushQEl8yolov11n/input_layer1 | timeout: 10s) >> (HwWriteEl8yolov11n/input_layer1 | hw_frame_size: 1228800) >> HW
[2026-04-17 11:51:57.882] [67394] [HailoRT] [info] [multi_io_elements.cpp:135] [create] Created (NmsPPMuxEl0YOLOV8-Post-Process | Op YOLOV8, Name: YOLOV8-Post-Process, Score threshold: 0.200, IoU threshold: 0.70, Classes: 80, Max bboxes per class: 100, Image height: 640, Image width: 640)
[2026-04-17 11:51:57.882] [67394] [HailoRT] [info] [edge_elements.cpp:287] [create] Created (HwReadEl3yolov11n/conv51_143 | hw_frame_size: 409600)
[2026-04-17 11:51:57.882] [67394] [HailoRT] [info] [queue_elements.cpp:657] [create] Created (PullQEl_nms3yolov11n/conv51_143 | timeout: 10s)
[2026-04-17 11:51:57.882] [67394] [HailoRT] [info] [edge_elements.cpp:287] [create] Created (HwReadEl12yolov11n/conv54_143 | hw_frame_size: 512000)
[2026-04-17 11:51:57.882] [67394] [HailoRT] [info] [queue_elements.cpp:657] [create] Created (PullQEl_nms12yolov11n/conv54_143 | timeout: 10s)
[2026-04-17 11:51:57.882] [67394] [HailoRT] [info] [edge_elements.cpp:287] [create] Created (HwReadEl15yolov11n/conv62_143 | hw_frame_size: 102400)
[2026-04-17 11:51:57.882] [67394] [HailoRT] [info] [queue_elements.cpp:657] [create] Created (PullQEl_nms15yolov11n/conv62_143 | timeout: 10s)
[2026-04-17 11:51:57.882] [67394] [HailoRT] [info] [edge_elements.cpp:287] [create] Created (HwReadEl13yolov11n/conv65_143 | hw_frame_size: 128000)
[2026-04-17 11:51:57.882] [67394] [HailoRT] [info] [queue_elements.cpp:657] [create] Created (PullQEl_nms13yolov11n/conv65_143 | timeout: 10s)
[2026-04-17 11:51:57.882] [67394] [HailoRT] [info] [edge_elements.cpp:287] [create] Created (HwReadEl1yolov11n/conv77_143 | hw_frame_size: 30720)
[2026-04-17 11:51:57.882] [67394] [HailoRT] [info] [queue_elements.cpp:657] [create] Created (PullQEl_nms1yolov11n/conv77_143 | timeout: 10s)
[2026-04-17 11:51:57.883] [67394] [HailoRT] [info] [edge_elements.cpp:287] [create] Created (HwReadEl0yolov11n/conv80_143 | hw_frame_size: 38400)
[2026-04-17 11:51:57.883] [67394] [HailoRT] [info] [queue_elements.cpp:657] [create] Created (PullQEl_nms0yolov11n/conv80_143 | timeout: 10s)
[2026-04-17 11:51:57.883] [67394] [HailoRT] [info] [queue_elements.cpp:800] [create] Created (UserBufQEl_post_infer0yolov11n/yolov8_nms_postprocess | timeout: 10s)
[2026-04-17 11:51:57.883] [67394] [HailoRT] [info] [vstream.cpp:1114] [OutputVStreamImpl] Creating yolov11n/yolov8_nms_postprocess...
[2026-04-17 11:51:57.883] [67394] [HailoRT] [info] [vstream_builder.cpp:622] [create_output_post_process_nms] Output pipeline 'yolov11n/yolov8_nms_postprocess': HW >> (HwReadEl3yolov11n/conv51_143 | hw_frame_size: 409600) >> (PullQEl_nms3yolov11n/conv51_143) >> (HwReadEl12yolov11n/conv54_143 | hw_frame_size: 512000) >> (PullQEl_nms12yolov11n/conv54_143) >> (HwReadEl15yolov11n/conv62_143 | hw_frame_size: 102400) >> (PullQEl_nms15yolov11n/conv62_143) >> (HwReadEl13yolov11n/conv65_143 | hw_frame_size: 128000) >> (PullQEl_nms13yolov11n/conv65_143) >> (HwReadEl1yolov11n/conv77_143 | hw_frame_size: 30720) >> (PullQEl_nms1yolov11n/conv77_143) >> (HwReadEl0yolov11n/conv80_143 | hw_frame_size: 38400) >> (PullQEl_nms0yolov11n/conv80_143) >> (NmsPPMuxEl0YOLOV8-Post-Process | Op YOLOV8, Name: YOLOV8-Post-Process, Score threshold: 0.200, IoU threshold: 0.70, Classes: 80, Max bboxes per class: 100, Image height: 640, Image width: 640) >> (UserBufQEl_post_infer0yolov11n/yolov8_nms_postprocess | timeout: 10s)
[2026-04-17 11:52:57.883] [68412] [HailoRT] [info] [vdevice_native_stream.cpp:331] [read_impl] Failed read from stream HAILO_STREAM_ABORT(63) (device: 0001:01:00.0)
[2026-04-17 11:52:57.883] [68412] [HailoRT] [info] [edge_elements.cpp:396] [run_pull] Reading from stream was aborted!
[2026-04-17 11:52:57.883] [68414] [HailoRT] [info] [vdevice_native_stream.cpp:331] [read_impl] Failed read from stream HAILO_STREAM_ABORT(63) (device: 0001:01:00.0)
[2026-04-17 11:52:57.883] [68414] [HailoRT] [info] [edge_elements.cpp:396] [run_pull] Reading from stream was aborted!
[2026-04-17 11:52:57.883] [68414] [HailoRT] [info] [queue_elements.cpp:738] [run_in_thread] run_pull of queue element PullQEl_nms15yolov11n/conv62_143 was aborted!
[2026-04-17 11:52:57.883] [68416] [HailoRT] [info] [vdevice_native_stream.cpp:331] [read_impl] Failed read from stream HAILO_STREAM_ABORT(63) (device: 0001:01:00.0)
[2026-04-17 11:52:57.883] [68416] [HailoRT] [info] [edge_elements.cpp:396] [run_pull] Reading from stream was aborted!
[2026-04-17 11:52:57.883] [68416] [HailoRT] [info] [queue_elements.cpp:738] [run_in_thread] run_pull of queue element PullQEl_nms1yolov11n/conv77_143 was aborted!
[2026-04-17 11:52:57.883] [68413] [HailoRT] [info] [vdevice_native_stream.cpp:331] [read_impl] Failed read from stream HAILO_STREAM_ABORT(63) (device: 0001:01:00.0)
[2026-04-17 11:52:57.883] [68413] [HailoRT] [info] [edge_elements.cpp:396] [run_pull] Reading from stream was aborted!
[2026-04-17 11:52:57.883] [68417] [HailoRT] [info] [vdevice_native_stream.cpp:331] [read_impl] Failed read from stream HAILO_STREAM_ABORT(63) (device: 0001:01:00.0)
[2026-04-17 11:52:57.883] [68417] [HailoRT] [info] [edge_elements.cpp:396] [run_pull] Reading from stream was aborted!
[2026-04-17 11:52:57.883] [68415] [HailoRT] [info] [vdevice_native_stream.cpp:331] [read_impl] Failed read from stream HAILO_STREAM_ABORT(63) (device: 0001:01:00.0)
[2026-04-17 11:52:57.883] [68415] [HailoRT] [info] [edge_elements.cpp:396] [run_pull] Reading from stream was aborted!
[2026-04-17 11:52:57.883] [68417] [HailoRT] [info] [queue_elements.cpp:738] [run_in_thread] run_pull of queue element PullQEl_nms0yolov11n/conv80_143 was aborted!
[2026-04-17 11:52:57.883] [68415] [HailoRT] [info] [queue_elements.cpp:738] [run_in_thread] run_pull of queue element PullQEl_nms13yolov11n/conv65_143 was aborted!
[2026-04-17 11:52:57.883] [68413] [HailoRT] [info] [queue_elements.cpp:738] [run_in_thread] run_pull of queue element PullQEl_nms12yolov11n/conv54_143 was aborted!
[2026-04-17 11:52:57.883] [68412] [HailoRT] [info] [queue_elements.cpp:738] [run_in_thread] run_pull of queue element PullQEl_nms3yolov11n/conv51_143 was aborted!
[2026-04-17 11:52:57.884] [68421] [HailoRT] [info] [queue_elements.cpp:706] [run_pull] Shutdown event was signaled in dequeue of queue element PullQEl_nms3yolov11n/conv51_143!
[2026-04-17 11:52:57.884] [68421] [HailoRT] [info] [vstream.cpp:1138] [read] Receiving to VStream was shutdown!
[2026-04-17 11:52:57.885] [68411] [HailoRT] [info] [vdevice_native_stream.cpp:142] [write_impl] Failed write to stream yolov11n/input_layer1 (device: 0001:01:00.0) with status=HAILO_STREAM_ABORT(63)
[2026-04-17 11:52:57.885] [68411] [HailoRT] [info] [edge_elements.cpp:87] [run_push] Failed to send on input stream InputStream(index=8, name=yolov11n/input_layer1) because stream was aborted
[2026-04-17 11:52:57.885] [68411] [HailoRT] [info] [queue_elements.cpp:401] [run_in_thread] run_push of PushQEl8yolov11n/input_layer1 was aborted!
[2026-04-17 11:52:57.887] [68422] [HailoRT] [info] [queue_elements.cpp:319] [run_push] run_push of PushQEl8yolov11n/input_layer1 was aborted!
[2026-04-17 11:52:57.887] [68422] [HailoRT] [info] [filter_elements.cpp:35] [run_push] run_push of PreInferEl8yolov11n/input_layer1 was aborted!
[2026-04-17 11:52:57.887] [68422] [HailoRT] [info] [vstream.cpp:778] [write] Sending to VStream was aborted!
[2026-04-17 11:52:57.895] [67394] [HailoRT] [info] [queue_elements.cpp:360] [execute_deactivate] enqueue() in element PushQEl8yolov11n/input_layer1 was aborted, got status = HAILO_SHUTDOWN_EVENT_SIGNALED(57)
[2026-04-17 11:52:57.895] [68411] [HailoRT] [info] [queue_elements.cpp:68] [operator()] Thread in element PushQEl8yolov11n/input_layer1 is not running anymore, exiting..
[2026-04-17 11:52:57.896] [67394] [HailoRT] [info] [queue_elements.cpp:46] [~BaseQueueElement] Queue element PushQEl8yolov11n/input_layer1 has 0 frames in his Queue on destruction
[2026-04-17 11:52:57.896] [68418] [HailoRT] [info] [queue_elements.cpp:68] [operator()] Thread in element UserBufQEl_post_infer0yolov11n/yolov8_nms_postprocess is not running anymore, exiting..
[2026-04-17 11:52:57.896] [67394] [HailoRT] [info] [queue_elements.cpp:46] [~BaseQueueElement] Queue element UserBufQEl_post_infer0yolov11n/yolov8_nms_postprocess has 0 frames in his Queue on destruction
[2026-04-17 11:52:57.896] [68417] [HailoRT] [info] [queue_elements.cpp:68] [operator()] Thread in element PullQEl_nms0yolov11n/conv80_143 is not running anymore, exiting..
[2026-04-17 11:52:57.896] [67394] [HailoRT] [info] [queue_elements.cpp:46] [~BaseQueueElement] Queue element PullQEl_nms0yolov11n/conv80_143 has 0 frames in his Queue on destruction
[2026-04-17 11:52:57.896] [68416] [HailoRT] [info] [queue_elements.cpp:68] [operator()] Thread in element PullQEl_nms1yolov11n/conv77_143 is not running anymore, exiting..
[2026-04-17 11:52:57.896] [67394] [HailoRT] [info] [queue_elements.cpp:46] [~BaseQueueElement] Queue element PullQEl_nms1yolov11n/conv77_143 has 0 frames in his Queue on destruction
[2026-04-17 11:52:57.896] [68415] [HailoRT] [info] [queue_elements.cpp:68] [operator()] Thread in element PullQEl_nms13yolov11n/conv65_143 is not running anymore, exiting..
[2026-04-17 11:52:57.896] [67394] [HailoRT] [info] [queue_elements.cpp:46] [~BaseQueueElement] Queue element PullQEl_nms13yolov11n/conv65_143 has 0 frames in his Queue on destruction
[2026-04-17 11:52:57.896] [68414] [HailoRT] [info] [queue_elements.cpp:68] [operator()] Thread in element PullQEl_nms15yolov11n/conv62_143 is not running anymore, exiting..
[2026-04-17 11:52:57.896] [67394] [HailoRT] [info] [queue_elements.cpp:46] [~BaseQueueElement] Queue element PullQEl_nms15yolov11n/conv62_143 has 0 frames in his Queue on destruction
[2026-04-17 11:52:57.896] [68413] [HailoRT] [info] [queue_elements.cpp:68] [operator()] Thread in element PullQEl_nms12yolov11n/conv54_143 is not running anymore, exiting..
[2026-04-17 11:52:57.896] [67394] [HailoRT] [info] [queue_elements.cpp:46] [~BaseQueueElement] Queue element PullQEl_nms12yolov11n/conv54_143 has 0 frames in his Queue on destruction
[2026-04-17 11:52:57.896] [68412] [HailoRT] [info] [queue_elements.cpp:68] [operator()] Thread in element PullQEl_nms3yolov11n/conv51_143 is not running anymore, exiting..
[2026-04-17 11:52:57.896] [67394] [HailoRT] [info] [queue_elements.cpp:46] [~BaseQueueElement] Queue element PullQEl_nms3yolov11n/conv51_143 has 0 frames in his Queue on destruction
[2026-04-17 11:52:57.897] [67394] [HailoRT] [info] [core_op.cpp:186] [deactivate] Deactivating took 0.013463 ms
[2026-04-17 11:52:57.897] [67394] [HailoRT] [info] [core_op.cpp:186] [deactivate] Deactivating took 0.027037 ms
[2026-04-17 11:53:08.249] [68948] [HailoRT] [info] [vdevice.cpp:535] [create] Creating vdevice with params: device_count: 1, scheduling_algorithm: NONE, multi_process_service: false
[2026-04-17 11:53:08.262] [68948] [HailoRT] [info] [device.cpp:51] [Device] OS Version: Linux 6.12.75+rpt-rpi-2712 #1 SMP PREEMPT Debian 1:6.12.75-1+rpt1 (2026-03-11) aarch64
[2026-04-17 11:53:08.262] [68948] [HailoRT] [info] [control.cpp:113] [control__parse_identify_results] firmware_version is: 4.23.0
[2026-04-17 11:53:08.262] [68948] [HailoRT] [info] [vdevice.cpp:682] [create] VDevice Infos: 0001:01:00.0
[2026-04-17 11:53:08.270] [68948] [HailoRT] [warning] [buffer_requirements.cpp:131] [get_buffer_requirements_multiple_transfers] Desc page size value (1024) is not optimal for performance.
[2026-04-17 11:53:08.292] [68948] [HailoRT] [info] [internal_buffer_manager.cpp:77] [print_execution_results] Planned internal buffer memory: CMA=0 CMA-Desc=1310720 Pinned=52995072. memory to edge layer usage factor is 1
[2026-04-17 11:53:08.292] [68948] [HailoRT] [info] [internal_buffer_manager.cpp:86] [print_execution_results] Default Internal buffer planner executed successfully
[2026-04-17 11:53:08.400] [68948] [HailoRT] [info] [device_internal.cpp:57] [configure] Configuring HEF took 137.55964 milliseconds
[2026-04-17 11:53:08.400] [68948] [HailoRT] [info] [vdevice.cpp:780] [configure] Configuring HEF on VDevice took 137.983176 milliseconds
[2026-04-17 11:53:08.401] [68948] [HailoRT] [info] [control.cpp:113] [control__parse_identify_results] firmware_version is: 4.23.0
[2026-04-17 11:53:08.401] [68948] [HailoRT] [info] [control.cpp:113] [control__parse_identify_results] firmware_version is: 4.23.0
[2026-04-17 11:53:08.438] [68948] [HailoRT] [info] [core_op.cpp:156] [activate] Activating yolov11n took 36.772776 milliseconds. Note that the function is asynchronous and thus the network is not fully activated yet.
[2026-04-17 11:53:08.438] [68948] [HailoRT] [info] [core_op.cpp:156] [activate] Activating yolov11n took 36.804314 milliseconds. Note that the function is asynchronous and thus the network is not fully activated yet.
[2026-04-17 11:53:08.451] [68948] [HailoRT] [info] [control.cpp:113] [control__parse_identify_results] firmware_version is: 4.23.0
[2026-04-17 11:53:08.451] [68948] [HailoRT] [info] [control.cpp:113] [control__parse_identify_results] firmware_version is: 4.23.0
[2026-04-17 11:53:09.706] [68940] [HailoRT] [info] [device.cpp:51] [Device] OS Version: Linux 6.12.75+rpt-rpi-2712 #1 SMP PREEMPT Debian 1:6.12.75-1+rpt1 (2026-03-11) aarch64
[2026-04-17 11:53:09.706] [68940] [HailoRT] [info] [control.cpp:113] [control__parse_identify_results] firmware_version is: 4.23.0
[2026-04-17 11:53:09.707] [68940] [HailoRT] [info] [control.cpp:113] [control__parse_identify_results] firmware_version is: 4.23.0
[2026-04-17 11:54:08.452] [68959] [HailoRT] [info] [vdevice_native_stream.cpp:331] [read_impl] Failed read from stream HAILO_STREAM_ABORT(63) (device: 0001:01:00.0)
[2026-04-17 11:54:08.452] [68963] [HailoRT] [info] [vdevice_native_stream.cpp:331] [read_impl] Failed read from stream HAILO_STREAM_ABORT(63) (device: 0001:01:00.0)
[2026-04-17 11:54:08.452] [68964] [HailoRT] [info] [vdevice_native_stream.cpp:142] [write_impl] Failed write to stream yolov11n/input_layer1 (device: 0001:01:00.0) with status=HAILO_STREAM_ABORT(63)
[2026-04-17 11:54:08.452] [68962] [HailoRT] [info] [vdevice_native_stream.cpp:331] [read_impl] Failed read from stream HAILO_STREAM_ABORT(63) (device: 0001:01:00.0)
[2026-04-17 11:54:08.452] [68961] [HailoRT] [info] [vdevice_native_stream.cpp:331] [read_impl] Failed read from stream HAILO_STREAM_ABORT(63) (device: 0001:01:00.0)
[2026-04-17 11:54:08.452] [68958] [HailoRT] [info] [vdevice_native_stream.cpp:331] [read_impl] Failed read from stream HAILO_STREAM_ABORT(63) (device: 0001:01:00.0)
[2026-04-17 11:54:08.452] [68960] [HailoRT] [info] [vdevice_native_stream.cpp:331] [read_impl] Failed read from stream HAILO_STREAM_ABORT(63) (device: 0001:01:00.0)
[2026-04-17 11:54:08.494] [68948] [HailoRT] [info] [core_op.cpp:186] [deactivate] Deactivating took 0.007445 ms
[2026-04-17 11:54:08.494] [68948] [HailoRT] [info] [core_op.cpp:186] [deactivate] Deactivating took 0.023574 ms
[2026-04-17 11:54:08.545] [68948] [HailoRT] [info] [vdevice.cpp:535] [create] Creating vdevice with params: device_count: 1, scheduling_algorithm: NONE, multi_process_service: false
[2026-04-17 11:54:08.546] [68948] [HailoRT] [info] [device.cpp:51] [Device] OS Version: Linux 6.12.75+rpt-rpi-2712 #1 SMP PREEMPT Debian 1:6.12.75-1+rpt1 (2026-03-11) aarch64
[2026-04-17 11:54:08.546] [68948] [HailoRT] [info] [control.cpp:113] [control__parse_identify_results] firmware_version is: 4.23.0
[2026-04-17 11:54:08.546] [68948] [HailoRT] [info] [vdevice.cpp:682] [create] VDevice Infos: 0001:01:00.0
[2026-04-17 11:54:08.555] [68948] [HailoRT] [warning] [buffer_requirements.cpp:131] [get_buffer_requirements_multiple_transfers] Desc page size value (1024) is not optimal for performance.
[2026-04-17 11:54:08.577] [68948] [HailoRT] [info] [internal_buffer_manager.cpp:77] [print_execution_results] Planned internal buffer memory: CMA=0 CMA-Desc=1310720 Pinned=52995072. memory to edge layer usage factor is 1
[2026-04-17 11:54:08.577] [68948] [HailoRT] [info] [internal_buffer_manager.cpp:86] [print_execution_results] Default Internal buffer planner executed successfully
[2026-04-17 11:54:08.687] [68948] [HailoRT] [info] [device_internal.cpp:57] [configure] Configuring HEF took 140.983259 milliseconds
[2026-04-17 11:54:08.688] [68948] [HailoRT] [info] [vdevice.cpp:780] [configure] Configuring HEF on VDevice took 141.355035 milliseconds
[2026-04-17 11:54:08.688] [68948] [HailoRT] [info] [control.cpp:113] [control__parse_identify_results] firmware_version is: 4.23.0
[2026-04-17 11:54:08.688] [68948] [HailoRT] [info] [control.cpp:113] [control__parse_identify_results] firmware_version is: 4.23.0
[2026-04-17 11:54:08.722] [68948] [HailoRT] [info] [core_op.cpp:156] [activate] Activating yolov11n took 33.903768 milliseconds. Note that the function is asynchronous and thus the network is not fully activated yet.
[2026-04-17 11:54:08.722] [68948] [HailoRT] [info] [core_op.cpp:156] [activate] Activating yolov11n took 33.927232 milliseconds. Note that the function is asynchronous and thus the network is not fully activated yet.
[2026-04-17 11:54:08.735] [68948] [HailoRT] [info] [control.cpp:113] [control__parse_identify_results] firmware_version is: 4.23.0
[2026-04-17 11:54:08.735] [68948] [HailoRT] [info] [control.cpp:113] [control__parse_identify_results] firmware_version is: 4.23.0
[2026-04-17 11:54:08.736] [68948] [HailoRT] [info] [edge_elements.cpp:52] [create] Created (HwWriteEl8yolov11n/input_layer1 | hw_frame_size: 1228800)
[2026-04-17 11:54:08.736] [68948] [HailoRT] [info] [queue_elements.cpp:284] [create] Created (PushQEl8yolov11n/input_layer1 | timeout: 10s)
[2026-04-17 11:54:08.736] [68948] [HailoRT] [info] [filter_elements.cpp:101] [create] Created (PreInferEl8yolov11n/input_layer1 | Reorder - src_order: NHWC, src_shape: (640, 640, 3), dst_order: NHCW, dst_shape: (640, 640, 3))
[2026-04-17 11:54:08.736] [68948] [HailoRT] [info] [vstream.cpp:754] [InputVStreamImpl] Creating yolov11n/input_layer1...
[2026-04-17 11:54:08.736] [68948] [HailoRT] [info] [vstream_builder.cpp:102] [create_inputs] Input pipeline 'yolov11n/input_layer1': (PreInferEl8yolov11n/input_layer1 | Reorder - src_order: NHWC, src_shape: (640, 640, 3), dst_order: NHCW, dst_shape: (640, 640, 3)) >> (PushQEl8yolov11n/input_layer1 | timeout: 10s) >> (HwWriteEl8yolov11n/input_layer1 | hw_frame_size: 1228800) >> HW
[2026-04-17 11:54:08.736] [68948] [HailoRT] [info] [multi_io_elements.cpp:135] [create] Created (NmsPPMuxEl0YOLOV8-Post-Process | Op YOLOV8, Name: YOLOV8-Post-Process, Score threshold: 0.200, IoU threshold: 0.70, Classes: 80, Max bboxes per class: 100, Image height: 640, Image width: 640)
[2026-04-17 11:54:08.736] [68948] [HailoRT] [info] [edge_elements.cpp:287] [create] Created (HwReadEl3yolov11n/conv51_143 | hw_frame_size: 409600)
[2026-04-17 11:54:08.736] [68948] [HailoRT] [info] [queue_elements.cpp:657] [create] Created (PullQEl_nms3yolov11n/conv51_143 | timeout: 10s)
[2026-04-17 11:54:08.736] [68948] [HailoRT] [info] [edge_elements.cpp:287] [create] Created (HwReadEl12yolov11n/conv54_143 | hw_frame_size: 512000)
[2026-04-17 11:54:08.736] [68948] [HailoRT] [info] [queue_elements.cpp:657] [create] Created (PullQEl_nms12yolov11n/conv54_143 | timeout: 10s)
[2026-04-17 11:54:08.736] [68948] [HailoRT] [info] [edge_elements.cpp:287] [create] Created (HwReadEl15yolov11n/conv62_143 | hw_frame_size: 102400)
[2026-04-17 11:54:08.736] [68948] [HailoRT] [info] [queue_elements.cpp:657] [create] Created (PullQEl_nms15yolov11n/conv62_143 | timeout: 10s)
[2026-04-17 11:54:08.736] [68948] [HailoRT] [info] [edge_elements.cpp:287] [create] Created (HwReadEl13yolov11n/conv65_143 | hw_frame_size: 128000)
[2026-04-17 11:54:08.736] [68948] [HailoRT] [info] [queue_elements.cpp:657] [create] Created (PullQEl_nms13yolov11n/conv65_143 | timeout: 10s)
[2026-04-17 11:54:08.736] [68948] [HailoRT] [info] [edge_elements.cpp:287] [create] Created (HwReadEl1yolov11n/conv77_143 | hw_frame_size: 30720)
[2026-04-17 11:54:08.736] [68948] [HailoRT] [info] [queue_elements.cpp:657] [create] Created (PullQEl_nms1yolov11n/conv77_143 | timeout: 10s)
[2026-04-17 11:54:08.736] [68948] [HailoRT] [info] [edge_elements.cpp:287] [create] Created (HwReadEl0yolov11n/conv80_143 | hw_frame_size: 38400)
[2026-04-17 11:54:08.736] [68948] [HailoRT] [info] [queue_elements.cpp:657] [create] Created (PullQEl_nms0yolov11n/conv80_143 | timeout: 10s)
[2026-04-17 11:54:08.736] [68948] [HailoRT] [info] [queue_elements.cpp:800] [create] Created (UserBufQEl_post_infer0yolov11n/yolov8_nms_postprocess | timeout: 10s)
[2026-04-17 11:54:08.736] [68948] [HailoRT] [info] [vstream.cpp:1114] [OutputVStreamImpl] Creating yolov11n/yolov8_nms_postprocess...
[2026-04-17 11:54:08.736] [68948] [HailoRT] [info] [vstream_builder.cpp:622] [create_output_post_process_nms] Output pipeline 'yolov11n/yolov8_nms_postprocess': HW >> (HwReadEl3yolov11n/conv51_143 | hw_frame_size: 409600) >> (PullQEl_nms3yolov11n/conv51_143) >> (HwReadEl12yolov11n/conv54_143 | hw_frame_size: 512000) >> (PullQEl_nms12yolov11n/conv54_143) >> (HwReadEl15yolov11n/conv62_143 | hw_frame_size: 102400) >> (PullQEl_nms15yolov11n/conv62_143) >> (HwReadEl13yolov11n/conv65_143 | hw_frame_size: 128000) >> (PullQEl_nms13yolov11n/conv65_143) >> (HwReadEl1yolov11n/conv77_143 | hw_frame_size: 30720) >> (PullQEl_nms1yolov11n/conv77_143) >> (HwReadEl0yolov11n/conv80_143 | hw_frame_size: 38400) >> (PullQEl_nms0yolov11n/conv80_143) >> (NmsPPMuxEl0YOLOV8-Post-Process | Op YOLOV8, Name: YOLOV8-Post-Process, Score threshold: 0.200, IoU threshold: 0.70, Classes: 80, Max bboxes per class: 100, Image height: 640, Image width: 640) >> (UserBufQEl_post_infer0yolov11n/yolov8_nms_postprocess | timeout: 10s)
[2026-04-17 11:55:08.737] [69479] [HailoRT] [info] [vdevice_native_stream.cpp:142] [write_impl] Failed write to stream yolov11n/input_layer1 (device: 0001:01:00.0) with status=HAILO_STREAM_ABORT(63)
[2026-04-17 11:55:08.737] [69480] [HailoRT] [info] [vdevice_native_stream.cpp:331] [read_impl] Failed read from stream HAILO_STREAM_ABORT(63) (device: 0001:01:00.0)
[2026-04-17 11:55:08.737] [69480] [HailoRT] [info] [edge_elements.cpp:396] [run_pull] Reading from stream was aborted!
[2026-04-17 11:55:08.737] [69479] [HailoRT] [info] [edge_elements.cpp:87] [run_push] Failed to send on input stream InputStream(index=8, name=yolov11n/input_layer1) because stream was aborted
[2026-04-17 11:55:08.737] [69480] [HailoRT] [info] [queue_elements.cpp:738] [run_in_thread] run_pull of queue element PullQEl_nms3yolov11n/conv51_143 was aborted!
[2026-04-17 11:55:08.737] [69479] [HailoRT] [info] [queue_elements.cpp:401] [run_in_thread] run_push of PushQEl8yolov11n/input_layer1 was aborted!
[2026-04-17 11:55:08.737] [69482] [HailoRT] [info] [vdevice_native_stream.cpp:331] [read_impl] Failed read from stream HAILO_STREAM_ABORT(63) (device: 0001:01:00.0)
[2026-04-17 11:55:08.737] [69482] [HailoRT] [info] [edge_elements.cpp:396] [run_pull] Reading from stream was aborted!
[2026-04-17 11:55:08.737] [69489] [HailoRT] [info] [queue_elements.cpp:706] [run_pull] Shutdown event was signaled in dequeue of queue element PullQEl_nms3yolov11n/conv51_143!
[2026-04-17 11:55:08.737] [69489] [HailoRT] [info] [vstream.cpp:1138] [read] Receiving to VStream was shutdown!
[2026-04-17 11:55:08.737] [69481] [HailoRT] [info] [vdevice_native_stream.cpp:331] [read_impl] Failed read from stream HAILO_STREAM_ABORT(63) (device: 0001:01:00.0)
[2026-04-17 11:55:08.737] [69481] [HailoRT] [info] [edge_elements.cpp:396] [run_pull] Reading from stream was aborted!
[2026-04-17 11:55:08.737] [69482] [HailoRT] [info] [queue_elements.cpp:738] [run_in_thread] run_pull of queue element PullQEl_nms15yolov11n/conv62_143 was aborted!
[2026-04-17 11:55:08.737] [69481] [HailoRT] [info] [queue_elements.cpp:738] [run_in_thread] run_pull of queue element PullQEl_nms12yolov11n/conv54_143 was aborted!
[2026-04-17 11:55:08.737] [69483] [HailoRT] [info] [vdevice_native_stream.cpp:331] [read_impl] Failed read from stream HAILO_STREAM_ABORT(63) (device: 0001:01:00.0)
[2026-04-17 11:55:08.737] [69483] [HailoRT] [info] [edge_elements.cpp:396] [run_pull] Reading from stream was aborted!
[2026-04-17 11:55:08.737] [69483] [HailoRT] [info] [queue_elements.cpp:738] [run_in_thread] run_pull of queue element PullQEl_nms13yolov11n/conv65_143 was aborted!
[2026-04-17 11:55:08.737] [69490] [HailoRT] [info] [vstream.cpp:774] [write] Sending to VStream was shutdown!
[2026-04-17 11:55:08.737] [69490] [HailoRT] [info] [vstream.cpp:778] [write] Sending to VStream was aborted!
[2026-04-17 11:55:08.737] [69484] [HailoRT] [info] [vdevice_native_stream.cpp:331] [read_impl] Failed read from stream HAILO_STREAM_ABORT(63) (device: 0001:01:00.0)
[2026-04-17 11:55:08.737] [69484] [HailoRT] [info] [edge_elements.cpp:396] [run_pull] Reading from stream was aborted!
[2026-04-17 11:55:08.737] [69484] [HailoRT] [info] [queue_elements.cpp:738] [run_in_thread] run_pull of queue element PullQEl_nms1yolov11n/conv77_143 was aborted!
[2026-04-17 11:55:08.737] [69485] [HailoRT] [info] [vdevice_native_stream.cpp:331] [read_impl] Failed read from stream HAILO_STREAM_ABORT(63) (device: 0001:01:00.0)
[2026-04-17 11:55:08.737] [69485] [HailoRT] [info] [edge_elements.cpp:396] [run_pull] Reading from stream was aborted!
[2026-04-17 11:55:08.737] [69485] [HailoRT] [info] [queue_elements.cpp:738] [run_in_thread] run_pull of queue element PullQEl_nms0yolov11n/conv80_143 was aborted!
[2026-04-17 11:55:08.780] [68948] [HailoRT] [info] [queue_elements.cpp:360] [execute_deactivate] enqueue() in element PushQEl8yolov11n/input_layer1 was aborted, got status = HAILO_SHUTDOWN_EVENT_SIGNALED(57)
[2026-04-17 11:55:08.780] [69479] [HailoRT] [info] [queue_elements.cpp:68] [operator()] Thread in element PushQEl8yolov11n/input_layer1 is not running anymore, exiting..
[2026-04-17 11:55:08.780] [68948] [HailoRT] [info] [queue_elements.cpp:46] [~BaseQueueElement] Queue element PushQEl8yolov11n/input_layer1 has 1 frames in his Queue on destruction
[2026-04-17 11:55:08.780] [69486] [HailoRT] [info] [queue_elements.cpp:68] [operator()] Thread in element UserBufQEl_post_infer0yolov11n/yolov8_nms_postprocess is not running anymore, exiting..
[2026-04-17 11:55:08.780] [68948] [HailoRT] [info] [queue_elements.cpp:46] [~BaseQueueElement] Queue element UserBufQEl_post_infer0yolov11n/yolov8_nms_postprocess has 0 frames in his Queue on destruction
[2026-04-17 11:55:08.780] [69485] [HailoRT] [info] [queue_elements.cpp:68] [operator()] Thread in element PullQEl_nms0yolov11n/conv80_143 is not running anymore, exiting..
[2026-04-17 11:55:08.780] [68948] [HailoRT] [info] [queue_elements.cpp:46] [~BaseQueueElement] Queue element PullQEl_nms0yolov11n/conv80_143 has 1 frames in his Queue on destruction
[2026-04-17 11:55:08.780] [69484] [HailoRT] [info] [queue_elements.cpp:68] [operator()] Thread in element PullQEl_nms1yolov11n/conv77_143 is not running anymore, exiting..
[2026-04-17 11:55:08.780] [68948] [HailoRT] [info] [queue_elements.cpp:46] [~BaseQueueElement] Queue element PullQEl_nms1yolov11n/conv77_143 has 1 frames in his Queue on destruction
[2026-04-17 11:55:08.780] [69483] [HailoRT] [info] [queue_elements.cpp:68] [operator()] Thread in element PullQEl_nms13yolov11n/conv65_143 is not running anymore, exiting..
[2026-04-17 11:55:08.780] [68948] [HailoRT] [info] [queue_elements.cpp:46] [~BaseQueueElement] Queue element PullQEl_nms13yolov11n/conv65_143 has 0 frames in his Queue on destruction
[2026-04-17 11:55:08.781] [69482] [HailoRT] [info] [queue_elements.cpp:68] [operator()] Thread in element PullQEl_nms15yolov11n/conv62_143 is not running anymore, exiting..
[2026-04-17 11:55:08.781] [68948] [HailoRT] [info] [queue_elements.cpp:46] [~BaseQueueElement] Queue element PullQEl_nms15yolov11n/conv62_143 has 0 frames in his Queue on destruction
[2026-04-17 11:55:08.781] [69481] [HailoRT] [info] [queue_elements.cpp:68] [operator()] Thread in element PullQEl_nms12yolov11n/conv54_143 is not running anymore, exiting..
[2026-04-17 11:55:08.781] [68948] [HailoRT] [info] [queue_elements.cpp:46] [~BaseQueueElement] Queue element PullQEl_nms12yolov11n/conv54_143 has 1 frames in his Queue on destruction
[2026-04-17 11:55:08.781] [69480] [HailoRT] [info] [queue_elements.cpp:68] [operator()] Thread in element PullQEl_nms3yolov11n/conv51_143 is not running anymore, exiting..
[2026-04-17 11:55:08.781] [68948] [HailoRT] [info] [queue_elements.cpp:46] [~BaseQueueElement] Queue element PullQEl_nms3yolov11n/conv51_143 has 0 frames in his Queue on destruction
[2026-04-17 11:55:08.781] [68948] [HailoRT] [info] [core_op.cpp:186] [deactivate] Deactivating took 0.008574 ms
[2026-04-17 11:55:08.781] [68948] [HailoRT] [info] [core_op.cpp:186] [deactivate] Deactivating took 0.018259 ms
[2026-04-17 11:55:08.852] [68948] [HailoRT] [info] [vdevice.cpp:535] [create] Creating vdevice with params: device_count: 1, scheduling_algorithm: NONE, multi_process_service: false
[2026-04-17 11:55:08.852] [68948] [HailoRT] [info] [device.cpp:51] [Device] OS Version: Linux 6.12.75+rpt-rpi-2712 #1 SMP PREEMPT Debian 1:6.12.75-1+rpt1 (2026-03-11) aarch64
[2026-04-17 11:55:08.852] [68948] [HailoRT] [info] [control.cpp:113] [control__parse_identify_results] firmware_version is: 4.23.0
[2026-04-17 11:55:08.852] [68948] [HailoRT] [info] [vdevice.cpp:682] [create] VDevice Infos: 0001:01:00.0
[2026-04-17 11:55:08.858] [68948] [HailoRT] [warning] [buffer_requirements.cpp:131] [get_buffer_requirements_multiple_transfers] Desc page size value (1024) is not optimal for performance.
[2026-04-17 11:55:08.879] [68948] [HailoRT] [info] [internal_buffer_manager.cpp:77] [print_execution_results] Planned internal buffer memory: CMA=0 CMA-Desc=1310720 Pinned=52995072. memory to edge layer usage factor is 1
[2026-04-17 11:55:08.879] [68948] [HailoRT] [info] [internal_buffer_manager.cpp:86] [print_execution_results] Default Internal buffer planner executed successfully
[2026-04-17 11:55:08.985] [68948] [HailoRT] [info] [device_internal.cpp:57] [configure] Configuring HEF took 132.504327 milliseconds
[2026-04-17 11:55:08.985] [68948] [HailoRT] [info] [vdevice.cpp:780] [configure] Configuring HEF on VDevice took 132.92914 milliseconds
[2026-04-17 11:55:08.986] [68948] [HailoRT] [info] [control.cpp:113] [control__parse_identify_results] firmware_version is: 4.23.0
[2026-04-17 11:55:08.986] [68948] [HailoRT] [info] [control.cpp:113] [control__parse_identify_results] firmware_version is: 4.23.0
[2026-04-17 11:55:09.015] [68948] [HailoRT] [info] [core_op.cpp:156] [activate] Activating yolov11n took 28.856157 milliseconds. Note that the function is asynchronous and thus the network is not fully activated yet.
[2026-04-17 11:55:09.015] [68948] [HailoRT] [info] [core_op.cpp:156] [activate] Activating yolov11n took 28.887601 milliseconds. Note that the function is asynchronous and thus the network is not fully activated yet.
[2026-04-17 11:55:09.028] [68948] [HailoRT] [info] [control.cpp:113] [control__parse_identify_results] firmware_version is: 4.23.0
[2026-04-17 11:55:09.028] [68948] [HailoRT] [info] [control.cpp:113] [control__parse_identify_results] firmware_version is: 4.23.0
[2026-04-17 11:55:09.028] [68948] [HailoRT] [info] [edge_elements.cpp:52] [create] Created (HwWriteEl8yolov11n/input_layer1 | hw_frame_size: 1228800)
[2026-04-17 11:55:09.029] [68948] [HailoRT] [info] [queue_elements.cpp:284] [create] Created (PushQEl8yolov11n/input_layer1 | timeout: 10s)
[2026-04-17 11:55:09.029] [68948] [HailoRT] [info] [filter_elements.cpp:101] [create] Created (PreInferEl8yolov11n/input_layer1 | Reorder - src_order: NHWC, src_shape: (640, 640, 3), dst_order: NHCW, dst_shape: (640, 640, 3))
[2026-04-17 11:55:09.029] [68948] [HailoRT] [info] [vstream.cpp:754] [InputVStreamImpl] Creating yolov11n/input_layer1...
[2026-04-17 11:55:09.029] [68948] [HailoRT] [info] [vstream_builder.cpp:102] [create_inputs] Input pipeline 'yolov11n/input_layer1': (PreInferEl8yolov11n/input_layer1 | Reorder - src_order: NHWC, src_shape: (640, 640, 3), dst_order: NHCW, dst_shape: (640, 640, 3)) >> (PushQEl8yolov11n/input_layer1 | timeout: 10s) >> (HwWriteEl8yolov11n/input_layer1 | hw_frame_size: 1228800) >> HW
[2026-04-17 11:55:09.029] [68948] [HailoRT] [info] [multi_io_elements.cpp:135] [create] Created (NmsPPMuxEl0YOLOV8-Post-Process | Op YOLOV8, Name: YOLOV8-Post-Process, Score threshold: 0.200, IoU threshold: 0.70, Classes: 80, Max bboxes per class: 100, Image height: 640, Image width: 640)
[2026-04-17 11:55:09.029] [68948] [HailoRT] [info] [edge_elements.cpp:287] [create] Created (HwReadEl3yolov11n/conv51_143 | hw_frame_size: 409600)
[2026-04-17 11:55:09.029] [68948] [HailoRT] [info] [queue_elements.cpp:657] [create] Created (PullQEl_nms3yolov11n/conv51_143 | timeout: 10s)
[2026-04-17 11:55:09.029] [68948] [HailoRT] [info] [edge_elements.cpp:287] [create] Created (HwReadEl12yolov11n/conv54_143 | hw_frame_size: 512000)
[2026-04-17 11:55:09.029] [68948] [HailoRT] [info] [queue_elements.cpp:657] [create] Created (PullQEl_nms12yolov11n/conv54_143 | timeout: 10s)
[2026-04-17 11:55:09.029] [68948] [HailoRT] [info] [edge_elements.cpp:287] [create] Created (HwReadEl15yolov11n/conv62_143 | hw_frame_size: 102400)
[2026-04-17 11:55:09.029] [68948] [HailoRT] [info] [queue_elements.cpp:657] [create] Created (PullQEl_nms15yolov11n/conv62_143 | timeout: 10s)
[2026-04-17 11:55:09.029] [68948] [HailoRT] [info] [edge_elements.cpp:287] [create] Created (HwReadEl13yolov11n/conv65_143 | hw_frame_size: 128000)
[2026-04-17 11:55:09.029] [68948] [HailoRT] [info] [queue_elements.cpp:657] [create] Created (PullQEl_nms13yolov11n/conv65_143 | timeout: 10s)
[2026-04-17 11:55:09.029] [68948] [HailoRT] [info] [edge_elements.cpp:287] [create] Created (HwReadEl1yolov11n/conv77_143 | hw_frame_size: 30720)
[2026-04-17 11:55:09.029] [68948] [HailoRT] [info] [queue_elements.cpp:657] [create] Created (PullQEl_nms1yolov11n/conv77_143 | timeout: 10s)
[2026-04-17 11:55:09.029] [68948] [HailoRT] [info] [edge_elements.cpp:287] [create] Created (HwReadEl0yolov11n/conv80_143 | hw_frame_size: 38400)
[2026-04-17 11:55:09.029] [68948] [HailoRT] [info] [queue_elements.cpp:657] [create] Created (PullQEl_nms0yolov11n/conv80_143 | timeout: 10s)
[2026-04-17 11:55:09.029] [68948] [HailoRT] [info] [queue_elements.cpp:800] [create] Created (UserBufQEl_post_infer0yolov11n/yolov8_nms_postprocess | timeout: 10s)
[2026-04-17 11:55:09.029] [68948] [HailoRT] [info] [vstream.cpp:1114] [OutputVStreamImpl] Creating yolov11n/yolov8_nms_postprocess...
[2026-04-17 11:55:09.029] [68948] [HailoRT] [info] [vstream_builder.cpp:622] [create_output_post_process_nms] Output pipeline 'yolov11n/yolov8_nms_postprocess': HW >> (HwReadEl3yolov11n/conv51_143 | hw_frame_size: 409600) >> (PullQEl_nms3yolov11n/conv51_143) >> (HwReadEl12yolov11n/conv54_143 | hw_frame_size: 512000) >> (PullQEl_nms12yolov11n/conv54_143) >> (HwReadEl15yolov11n/conv62_143 | hw_frame_size: 102400) >> (PullQEl_nms15yolov11n/conv62_143) >> (HwReadEl13yolov11n/conv65_143 | hw_frame_size: 128000) >> (PullQEl_nms13yolov11n/conv65_143) >> (HwReadEl1yolov11n/conv77_143 | hw_frame_size: 30720) >> (PullQEl_nms1yolov11n/conv77_143) >> (HwReadEl0yolov11n/conv80_143 | hw_frame_size: 38400) >> (PullQEl_nms0yolov11n/conv80_143) >> (NmsPPMuxEl0YOLOV8-Post-Process | Op YOLOV8, Name: YOLOV8-Post-Process, Score threshold: 0.200, IoU threshold: 0.70, Classes: 80, Max bboxes per class: 100, Image height: 640, Image width: 640) >> (UserBufQEl_post_infer0yolov11n/yolov8_nms_postprocess | timeout: 10s)
[2026-04-17 11:56:09.030] [69972] [HailoRT] [info] [vdevice_native_stream.cpp:331] [read_impl] Failed read from stream HAILO_STREAM_ABORT(63) (device: 0001:01:00.0)
[2026-04-17 11:56:09.030] [69974] [HailoRT] [info] [vdevice_native_stream.cpp:331] [read_impl] Failed read from stream HAILO_STREAM_ABORT(63) (device: 0001:01:00.0)
[2026-04-17 11:56:09.030] [69974] [HailoRT] [info] [edge_elements.cpp:396] [run_pull] Reading from stream was aborted!
[2026-04-17 11:56:09.030] [69975] [HailoRT] [info] [vdevice_native_stream.cpp:331] [read_impl] Failed read from stream HAILO_STREAM_ABORT(63) (device: 0001:01:00.0)
[2026-04-17 11:56:09.030] [69970] [HailoRT] [info] [vdevice_native_stream.cpp:331] [read_impl] Failed read from stream HAILO_STREAM_ABORT(63) (device: 0001:01:00.0)
[2026-04-17 11:56:09.030] [69970] [HailoRT] [info] [edge_elements.cpp:396] [run_pull] Reading from stream was aborted!
[2026-04-17 11:56:09.030] [69974] [HailoRT] [info] [queue_elements.cpp:738] [run_in_thread] run_pull of queue element PullQEl_nms1yolov11n/conv77_143 was aborted!
[2026-04-17 11:56:09.030] [69970] [HailoRT] [info] [queue_elements.cpp:738] [run_in_thread] run_pull of queue element PullQEl_nms3yolov11n/conv51_143 was aborted!
[2026-04-17 11:56:09.030] [69971] [HailoRT] [info] [vdevice_native_stream.cpp:331] [read_impl] Failed read from stream HAILO_STREAM_ABORT(63) (device: 0001:01:00.0)
[2026-04-17 11:56:09.030] [69971] [HailoRT] [info] [edge_elements.cpp:396] [run_pull] Reading from stream was aborted!
[2026-04-17 11:56:09.030] [69972] [HailoRT] [info] [edge_elements.cpp:396] [run_pull] Reading from stream was aborted!
[2026-04-17 11:56:09.030] [69971] [HailoRT] [info] [queue_elements.cpp:738] [run_in_thread] run_pull of queue element PullQEl_nms12yolov11n/conv54_143 was aborted!
[2026-04-17 11:56:09.030] [69972] [HailoRT] [info] [queue_elements.cpp:738] [run_in_thread] run_pull of queue element PullQEl_nms15yolov11n/conv62_143 was aborted!
[2026-04-17 11:56:09.030] [69973] [HailoRT] [info] [vdevice_native_stream.cpp:331] [read_impl] Failed read from stream HAILO_STREAM_ABORT(63) (device: 0001:01:00.0)
[2026-04-17 11:56:09.030] [69973] [HailoRT] [info] [edge_elements.cpp:396] [run_pull] Reading from stream was aborted!
[2026-04-17 11:56:09.030] [69975] [HailoRT] [info] [edge_elements.cpp:396] [run_pull] Reading from stream was aborted!
[2026-04-17 11:56:09.030] [69973] [HailoRT] [info] [queue_elements.cpp:738] [run_in_thread] run_pull of queue element PullQEl_nms13yolov11n/conv65_143 was aborted!
[2026-04-17 11:56:09.030] [69975] [HailoRT] [info] [queue_elements.cpp:738] [run_in_thread] run_pull of queue element PullQEl_nms0yolov11n/conv80_143 was aborted!
[2026-04-17 11:56:09.030] [69979] [HailoRT] [info] [queue_elements.cpp:706] [run_pull] Shutdown event was signaled in dequeue of queue element PullQEl_nms3yolov11n/conv51_143!
[2026-04-17 11:56:09.030] [69979] [HailoRT] [info] [vstream.cpp:1138] [read] Receiving to VStream was shutdown!
[2026-04-17 11:56:09.030] [69969] [HailoRT] [info] [vdevice_native_stream.cpp:142] [write_impl] Failed write to stream yolov11n/input_layer1 (device: 0001:01:00.0) with status=HAILO_STREAM_ABORT(63)
[2026-04-17 11:56:09.030] [69969] [HailoRT] [info] [edge_elements.cpp:87] [run_push] Failed to send on input stream InputStream(index=8, name=yolov11n/input_layer1) because stream was aborted
[2026-04-17 11:56:09.030] [69969] [HailoRT] [info] [queue_elements.cpp:401] [run_in_thread] run_push of PushQEl8yolov11n/input_layer1 was aborted!
[2026-04-17 11:56:09.032] [69980] [HailoRT] [info] [queue_elements.cpp:319] [run_push] run_push of PushQEl8yolov11n/input_layer1 was aborted!
[2026-04-17 11:56:09.032] [69980] [HailoRT] [info] [filter_elements.cpp:35] [run_push] run_push of PreInferEl8yolov11n/input_layer1 was aborted!
[2026-04-17 11:56:09.032] [69980] [HailoRT] [info] [vstream.cpp:778] [write] Sending to VStream was aborted!
[2026-04-17 11:56:09.039] [68948] [HailoRT] [info] [queue_elements.cpp:360] [execute_deactivate] enqueue() in element PushQEl8yolov11n/input_layer1 was aborted, got status = HAILO_SHUTDOWN_EVENT_SIGNALED(57)
[2026-04-17 11:56:09.039] [69969] [HailoRT] [info] [queue_elements.cpp:68] [operator()] Thread in element PushQEl8yolov11n/input_layer1 is not running anymore, exiting..
[2026-04-17 11:56:09.039] [68948] [HailoRT] [info] [queue_elements.cpp:46] [~BaseQueueElement] Queue element PushQEl8yolov11n/input_layer1 has 0 frames in his Queue on destruction
[2026-04-17 11:56:09.039] [69976] [HailoRT] [info] [queue_elements.cpp:68] [operator()] Thread in element UserBufQEl_post_infer0yolov11n/yolov8_nms_postprocess is not running anymore, exiting..
[2026-04-17 11:56:09.039] [68948] [HailoRT] [info] [queue_elements.cpp:46] [~BaseQueueElement] Queue element UserBufQEl_post_infer0yolov11n/yolov8_nms_postprocess has 0 frames in his Queue on destruction
[2026-04-17 11:56:09.040] [69975] [HailoRT] [info] [queue_elements.cpp:68] [operator()] Thread in element PullQEl_nms0yolov11n/conv80_143 is not running anymore, exiting..
[2026-04-17 11:56:09.040] [68948] [HailoRT] [info] [queue_elements.cpp:46] [~BaseQueueElement] Queue element PullQEl_nms0yolov11n/conv80_143 has 0 frames in his Queue on destruction
[2026-04-17 11:56:09.040] [69974] [HailoRT] [info] [queue_elements.cpp:68] [operator()] Thread in element PullQEl_nms1yolov11n/conv77_143 is not running anymore, exiting..
[2026-04-17 11:56:09.040] [68948] [HailoRT] [info] [queue_elements.cpp:46] [~BaseQueueElement] Queue element PullQEl_nms1yolov11n/conv77_143 has 0 frames in his Queue on destruction
[2026-04-17 11:56:09.040] [69973] [HailoRT] [info] [queue_elements.cpp:68] [operator()] Thread in element PullQEl_nms13yolov11n/conv65_143 is not running anymore, exiting..
[2026-04-17 11:56:09.040] [68948] [HailoRT] [info] [queue_elements.cpp:46] [~BaseQueueElement] Queue element PullQEl_nms13yolov11n/conv65_143 has 0 frames in his Queue on destruction
[2026-04-17 11:56:09.040] [69972] [HailoRT] [info] [queue_elements.cpp:68] [operator()] Thread in element PullQEl_nms15yolov11n/conv62_143 is not running anymore, exiting..
[2026-04-17 11:56:09.040] [68948] [HailoRT] [info] [queue_elements.cpp:46] [~BaseQueueElement] Queue element PullQEl_nms15yolov11n/conv62_143 has 0 frames in his Queue on destruction
[2026-04-17 11:56:09.040] [69971] [HailoRT] [info] [queue_elements.cpp:68] [operator()] Thread in element PullQEl_nms12yolov11n/conv54_143 is not running anymore, exiting..
[2026-04-17 11:56:09.040] [68948] [HailoRT] [info] [queue_elements.cpp:46] [~BaseQueueElement] Queue element PullQEl_nms12yolov11n/conv54_143 has 0 frames in his Queue on destruction
[2026-04-17 11:56:09.040] [69970] [HailoRT] [info] [queue_elements.cpp:68] [operator()] Thread in element PullQEl_nms3yolov11n/conv51_143 is not running anymore, exiting..
[2026-04-17 11:56:09.040] [68948] [HailoRT] [info] [queue_elements.cpp:46] [~BaseQueueElement] Queue element PullQEl_nms3yolov11n/conv51_143 has 0 frames in his Queue on destruction
[2026-04-17 11:56:09.040] [68948] [HailoRT] [info] [core_op.cpp:186] [deactivate] Deactivating took 0.007278 ms
[2026-04-17 11:56:09.040] [68948] [HailoRT] [info] [core_op.cpp:186] [deactivate] Deactivating took 0.016166 ms
[2026-04-17 11:56:19.402] [70509] [HailoRT] [info] [vdevice.cpp:535] [create] Creating vdevice with params: device_count: 1, scheduling_algorithm: NONE, multi_process_service: false
[2026-04-17 11:56:19.415] [70509] [HailoRT] [info] [device.cpp:51] [Device] OS Version: Linux 6.12.75+rpt-rpi-2712 #1 SMP PREEMPT Debian 1:6.12.75-1+rpt1 (2026-03-11) aarch64
[2026-04-17 11:56:19.415] [70509] [HailoRT] [info] [control.cpp:113] [control__parse_identify_results] firmware_version is: 4.23.0
[2026-04-17 11:56:19.415] [70509] [HailoRT] [info] [vdevice.cpp:682] [create] VDevice Infos: 0001:01:00.0
[2026-04-17 11:56:19.421] [70509] [HailoRT] [warning] [buffer_requirements.cpp:131] [get_buffer_requirements_multiple_transfers] Desc page size value (1024) is not optimal for performance.
[2026-04-17 11:56:19.446] [70509] [HailoRT] [info] [internal_buffer_manager.cpp:77] [print_execution_results] Planned internal buffer memory: CMA=0 CMA-Desc=1310720 Pinned=54172672. memory to edge layer usage factor is 1
[2026-04-17 11:56:19.446] [70509] [HailoRT] [info] [internal_buffer_manager.cpp:86] [print_execution_results] Default Internal buffer planner executed successfully
[2026-04-17 11:56:19.552] [70509] [HailoRT] [info] [device_internal.cpp:57] [configure] Configuring HEF took 136.621591 milliseconds
[2026-04-17 11:56:19.552] [70509] [HailoRT] [info] [vdevice.cpp:780] [configure] Configuring HEF on VDevice took 136.995386 milliseconds
[2026-04-17 11:56:19.553] [70509] [HailoRT] [info] [control.cpp:113] [control__parse_identify_results] firmware_version is: 4.23.0
[2026-04-17 11:56:19.553] [70509] [HailoRT] [info] [control.cpp:113] [control__parse_identify_results] firmware_version is: 4.23.0
[2026-04-17 11:56:19.587] [70509] [HailoRT] [info] [core_op.cpp:156] [activate] Activating yolov11n took 33.946046 milliseconds. Note that the function is asynchronous and thus the network is not fully activated yet.
[2026-04-17 11:56:19.587] [70509] [HailoRT] [info] [core_op.cpp:156] [activate] Activating yolov11n took 34.011787 milliseconds. Note that the function is asynchronous and thus the network is not fully activated yet.
[2026-04-17 11:56:19.600] [70509] [HailoRT] [info] [control.cpp:113] [control__parse_identify_results] firmware_version is: 4.23.0
[2026-04-17 11:56:19.600] [70509] [HailoRT] [info] [control.cpp:113] [control__parse_identify_results] firmware_version is: 4.23.0
[2026-04-17 11:56:20.729] [70501] [HailoRT] [info] [device.cpp:51] [Device] OS Version: Linux 6.12.75+rpt-rpi-2712 #1 SMP PREEMPT Debian 1:6.12.75-1+rpt1 (2026-03-11) aarch64
[2026-04-17 11:56:20.730] [70501] [HailoRT] [info] [control.cpp:113] [control__parse_identify_results] firmware_version is: 4.23.0
[2026-04-17 11:56:20.730] [70501] [HailoRT] [info] [control.cpp:113] [control__parse_identify_results] firmware_version is: 4.23.0
[2026-04-17 11:57:19.601] [70520] [HailoRT] [info] [vdevice_native_stream.cpp:331] [read_impl] Failed read from stream HAILO_STREAM_ABORT(63) (device: 0001:01:00.0)
[2026-04-17 11:57:19.601] [70523] [HailoRT] [info] [vdevice_native_stream.cpp:331] [read_impl] Failed read from stream HAILO_STREAM_ABORT(63) (device: 0001:01:00.0)
[2026-04-17 11:57:19.601] [70518] [HailoRT] [info] [vdevice_native_stream.cpp:331] [read_impl] Failed read from stream HAILO_STREAM_ABORT(63) (device: 0001:01:00.0)
[2026-04-17 11:57:19.601] [70524] [HailoRT] [info] [vdevice_native_stream.cpp:142] [write_impl] Failed write to stream yolov11n/input_layer1 (device: 0001:01:00.0) with status=HAILO_STREAM_ABORT(63)
[2026-04-17 11:57:19.601] [70521] [HailoRT] [info] [vdevice_native_stream.cpp:331] [read_impl] Failed read from stream HAILO_STREAM_ABORT(63) (device: 0001:01:00.0)
[2026-04-17 11:57:19.601] [70519] [HailoRT] [info] [vdevice_native_stream.cpp:331] [read_impl] Failed read from stream HAILO_STREAM_ABORT(63) (device: 0001:01:00.0)
[2026-04-17 11:57:19.601] [70522] [HailoRT] [info] [vdevice_native_stream.cpp:331] [read_impl] Failed read from stream HAILO_STREAM_ABORT(63) (device: 0001:01:00.0)
[2026-04-17 11:57:19.610] [70509] [HailoRT] [info] [core_op.cpp:186] [deactivate] Deactivating took 0.007611 ms
[2026-04-17 11:57:19.610] [70509] [HailoRT] [info] [core_op.cpp:186] [deactivate] Deactivating took 0.025148 ms
[2026-04-17 11:57:19.676] [70509] [HailoRT] [info] [vdevice.cpp:535] [create] Creating vdevice with params: device_count: 1, scheduling_algorithm: NONE, multi_process_service: false
[2026-04-17 11:57:19.676] [70509] [HailoRT] [info] [device.cpp:51] [Device] OS Version: Linux 6.12.75+rpt-rpi-2712 #1 SMP PREEMPT Debian 1:6.12.75-1+rpt1 (2026-03-11) aarch64
[2026-04-17 11:57:19.676] [70509] [HailoRT] [info] [control.cpp:113] [control__parse_identify_results] firmware_version is: 4.23.0
[2026-04-17 11:57:19.676] [70509] [HailoRT] [info] [vdevice.cpp:682] [create] VDevice Infos: 0001:01:00.0
[2026-04-17 11:57:19.684] [70509] [HailoRT] [warning] [buffer_requirements.cpp:131] [get_buffer_requirements_multiple_transfers] Desc page size value (1024) is not optimal for performance.
[2026-04-17 11:57:19.706] [70509] [HailoRT] [info] [internal_buffer_manager.cpp:77] [print_execution_results] Planned internal buffer memory: CMA=0 CMA-Desc=1310720 Pinned=54172672. memory to edge layer usage factor is 1
[2026-04-17 11:57:19.706] [70509] [HailoRT] [info] [internal_buffer_manager.cpp:86] [print_execution_results] Default Internal buffer planner executed successfully
[2026-04-17 11:57:19.819] [70509] [HailoRT] [info] [device_internal.cpp:57] [configure] Configuring HEF took 142.46596 milliseconds
[2026-04-17 11:57:19.819] [70509] [HailoRT] [info] [vdevice.cpp:780] [configure] Configuring HEF on VDevice took 142.837884 milliseconds
[2026-04-17 11:57:19.820] [70509] [HailoRT] [info] [control.cpp:113] [control__parse_identify_results] firmware_version is: 4.23.0
[2026-04-17 11:57:19.820] [70509] [HailoRT] [info] [control.cpp:113] [control__parse_identify_results] firmware_version is: 4.23.0
[2026-04-17 11:57:19.854] [70509] [HailoRT] [info] [core_op.cpp:156] [activate] Activating yolov11n took 34.5981 milliseconds. Note that the function is asynchronous and thus the network is not fully activated yet.
[2026-04-17 11:57:19.854] [70509] [HailoRT] [info] [core_op.cpp:156] [activate] Activating yolov11n took 34.62247 milliseconds. Note that the function is asynchronous and thus the network is not fully activated yet.
[2026-04-17 11:57:19.868] [70509] [HailoRT] [info] [control.cpp:113] [control__parse_identify_results] firmware_version is: 4.23.0
[2026-04-17 11:57:19.868] [70509] [HailoRT] [info] [control.cpp:113] [control__parse_identify_results] firmware_version is: 4.23.0
[2026-04-17 11:57:19.868] [70509] [HailoRT] [info] [edge_elements.cpp:52] [create] Created (HwWriteEl8yolov11n/input_layer1 | hw_frame_size: 1228800)
[2026-04-17 11:57:19.868] [70509] [HailoRT] [info] [queue_elements.cpp:284] [create] Created (PushQEl8yolov11n/input_layer1 | timeout: 10s)
[2026-04-17 11:57:19.868] [70509] [HailoRT] [info] [filter_elements.cpp:101] [create] Created (PreInferEl8yolov11n/input_layer1 | Reorder - src_order: NHWC, src_shape: (640, 640, 3), dst_order: NHCW, dst_shape: (640, 640, 3))
[2026-04-17 11:57:19.868] [70509] [HailoRT] [info] [vstream.cpp:754] [InputVStreamImpl] Creating yolov11n/input_layer1...
[2026-04-17 11:57:19.868] [70509] [HailoRT] [info] [vstream_builder.cpp:102] [create_inputs] Input pipeline 'yolov11n/input_layer1': (PreInferEl8yolov11n/input_layer1 | Reorder - src_order: NHWC, src_shape: (640, 640, 3), dst_order: NHCW, dst_shape: (640, 640, 3)) >> (PushQEl8yolov11n/input_layer1 | timeout: 10s) >> (HwWriteEl8yolov11n/input_layer1 | hw_frame_size: 1228800) >> HW
[2026-04-17 11:57:19.868] [70509] [HailoRT] [info] [multi_io_elements.cpp:135] [create] Created (NmsPPMuxEl0YOLOV8-Post-Process | Op YOLOV8, Name: YOLOV8-Post-Process, Score threshold: 0.200, IoU threshold: 0.70, Classes: 80, Max bboxes per class: 100, Image height: 640, Image width: 640)
[2026-04-17 11:57:19.868] [70509] [HailoRT] [info] [edge_elements.cpp:287] [create] Created (HwReadEl3yolov11n/conv51_143 | hw_frame_size: 409600)
[2026-04-17 11:57:19.868] [70509] [HailoRT] [info] [queue_elements.cpp:657] [create] Created (PullQEl_nms3yolov11n/conv51_143 | timeout: 10s)
[2026-04-17 11:57:19.868] [70509] [HailoRT] [info] [edge_elements.cpp:287] [create] Created (HwReadEl12yolov11n/conv54_143 | hw_frame_size: 512000)
[2026-04-17 11:57:19.868] [70509] [HailoRT] [info] [queue_elements.cpp:657] [create] Created (PullQEl_nms12yolov11n/conv54_143 | timeout: 10s)
[2026-04-17 11:57:19.868] [70509] [HailoRT] [info] [edge_elements.cpp:287] [create] Created (HwReadEl15yolov11n/conv62_143 | hw_frame_size: 102400)
[2026-04-17 11:57:19.869] [70509] [HailoRT] [info] [queue_elements.cpp:657] [create] Created (PullQEl_nms15yolov11n/conv62_143 | timeout: 10s)
[2026-04-17 11:57:19.869] [70509] [HailoRT] [info] [edge_elements.cpp:287] [create] Created (HwReadEl13yolov11n/conv65_143 | hw_frame_size: 128000)
[2026-04-17 11:57:19.869] [70509] [HailoRT] [info] [queue_elements.cpp:657] [create] Created (PullQEl_nms13yolov11n/conv65_143 | timeout: 10s)
[2026-04-17 11:57:19.869] [70509] [HailoRT] [info] [edge_elements.cpp:287] [create] Created (HwReadEl1yolov11n/conv77_143 | hw_frame_size: 30720)
[2026-04-17 11:57:19.869] [70509] [HailoRT] [info] [queue_elements.cpp:657] [create] Created (PullQEl_nms1yolov11n/conv77_143 | timeout: 10s)
[2026-04-17 11:57:19.869] [70509] [HailoRT] [info] [edge_elements.cpp:287] [create] Created (HwReadEl0yolov11n/conv80_143 | hw_frame_size: 38400)
[2026-04-17 11:57:19.869] [70509] [HailoRT] [info] [queue_elements.cpp:657] [create] Created (PullQEl_nms0yolov11n/conv80_143 | timeout: 10s)
[2026-04-17 11:57:19.869] [70509] [HailoRT] [info] [queue_elements.cpp:800] [create] Created (UserBufQEl_post_infer0yolov11n/yolov8_nms_postprocess | timeout: 10s)
[2026-04-17 11:57:19.869] [70509] [HailoRT] [info] [vstream.cpp:1114] [OutputVStreamImpl] Creating yolov11n/yolov8_nms_postprocess...
[2026-04-17 11:57:19.869] [70509] [HailoRT] [info] [vstream_builder.cpp:622] [create_output_post_process_nms] Output pipeline 'yolov11n/yolov8_nms_postprocess': HW >> (HwReadEl3yolov11n/conv51_143 | hw_frame_size: 409600) >> (PullQEl_nms3yolov11n/conv51_143) >> (HwReadEl12yolov11n/conv54_143 | hw_frame_size: 512000) >> (PullQEl_nms12yolov11n/conv54_143) >> (HwReadEl15yolov11n/conv62_143 | hw_frame_size: 102400) >> (PullQEl_nms15yolov11n/conv62_143) >> (HwReadEl13yolov11n/conv65_143 | hw_frame_size: 128000) >> (PullQEl_nms13yolov11n/conv65_143) >> (HwReadEl1yolov11n/conv77_143 | hw_frame_size: 30720) >> (PullQEl_nms1yolov11n/conv77_143) >> (HwReadEl0yolov11n/conv80_143 | hw_frame_size: 38400) >> (PullQEl_nms0yolov11n/conv80_143) >> (NmsPPMuxEl0YOLOV8-Post-Process | Op YOLOV8, Name: YOLOV8-Post-Process, Score threshold: 0.200, IoU threshold: 0.70, Classes: 80, Max bboxes per class: 100, Image height: 640, Image width: 640) >> (UserBufQEl_post_infer0yolov11n/yolov8_nms_postprocess | timeout: 10s)
[2026-04-17 11:58:19.869] [71037] [HailoRT] [info] [vdevice_native_stream.cpp:142] [write_impl] Failed write to stream yolov11n/input_layer1 (device: 0001:01:00.0) with status=HAILO_STREAM_ABORT(63)
[2026-04-17 11:58:19.869] [71039] [HailoRT] [info] [vdevice_native_stream.cpp:331] [read_impl] Failed read from stream HAILO_STREAM_ABORT(63) (device: 0001:01:00.0)
[2026-04-17 11:58:19.869] [71039] [HailoRT] [info] [edge_elements.cpp:396] [run_pull] Reading from stream was aborted!
[2026-04-17 11:58:19.869] [71037] [HailoRT] [info] [edge_elements.cpp:87] [run_push] Failed to send on input stream InputStream(index=8, name=yolov11n/input_layer1) because stream was aborted
[2026-04-17 11:58:19.869] [71038] [HailoRT] [info] [vdevice_native_stream.cpp:331] [read_impl] Failed read from stream HAILO_STREAM_ABORT(63) (device: 0001:01:00.0)
[2026-04-17 11:58:19.869] [71038] [HailoRT] [info] [edge_elements.cpp:396] [run_pull] Reading from stream was aborted!
[2026-04-17 11:58:19.869] [71037] [HailoRT] [info] [queue_elements.cpp:401] [run_in_thread] run_push of PushQEl8yolov11n/input_layer1 was aborted!
[2026-04-17 11:58:19.869] [71039] [HailoRT] [info] [queue_elements.cpp:738] [run_in_thread] run_pull of queue element PullQEl_nms12yolov11n/conv54_143 was aborted!
[2026-04-17 11:58:19.869] [71038] [HailoRT] [info] [queue_elements.cpp:738] [run_in_thread] run_pull of queue element PullQEl_nms3yolov11n/conv51_143 was aborted!
[2026-04-17 11:58:19.869] [71042] [HailoRT] [info] [vdevice_native_stream.cpp:331] [read_impl] Failed read from stream HAILO_STREAM_ABORT(63) (device: 0001:01:00.0)
[2026-04-17 11:58:19.869] [71047] [HailoRT] [info] [queue_elements.cpp:706] [run_pull] Shutdown event was signaled in dequeue of queue element PullQEl_nms3yolov11n/conv51_143!
[2026-04-17 11:58:19.869] [71042] [HailoRT] [info] [edge_elements.cpp:396] [run_pull] Reading from stream was aborted!
[2026-04-17 11:58:19.869] [71041] [HailoRT] [info] [vdevice_native_stream.cpp:331] [read_impl] Failed read from stream HAILO_STREAM_ABORT(63) (device: 0001:01:00.0)
[2026-04-17 11:58:19.869] [71041] [HailoRT] [info] [edge_elements.cpp:396] [run_pull] Reading from stream was aborted!
[2026-04-17 11:58:19.869] [71040] [HailoRT] [info] [vdevice_native_stream.cpp:331] [read_impl] Failed read from stream HAILO_STREAM_ABORT(63) (device: 0001:01:00.0)
[2026-04-17 11:58:19.869] [71043] [HailoRT] [info] [vdevice_native_stream.cpp:331] [read_impl] Failed read from stream HAILO_STREAM_ABORT(63) (device: 0001:01:00.0)
[2026-04-17 11:58:19.870] [71043] [HailoRT] [info] [edge_elements.cpp:396] [run_pull] Reading from stream was aborted!
[2026-04-17 11:58:19.870] [71041] [HailoRT] [info] [queue_elements.cpp:738] [run_in_thread] run_pull of queue element PullQEl_nms13yolov11n/conv65_143 was aborted!
[2026-04-17 11:58:19.870] [71040] [HailoRT] [info] [edge_elements.cpp:396] [run_pull] Reading from stream was aborted!
[2026-04-17 11:58:19.870] [71043] [HailoRT] [info] [queue_elements.cpp:738] [run_in_thread] run_pull of queue element PullQEl_nms0yolov11n/conv80_143 was aborted!
[2026-04-17 11:58:19.869] [71047] [HailoRT] [info] [vstream.cpp:1138] [read] Receiving to VStream was shutdown!
[2026-04-17 11:58:19.869] [71042] [HailoRT] [info] [queue_elements.cpp:738] [run_in_thread] run_pull of queue element PullQEl_nms1yolov11n/conv77_143 was aborted!
[2026-04-17 11:58:19.870] [71040] [HailoRT] [info] [queue_elements.cpp:738] [run_in_thread] run_pull of queue element PullQEl_nms15yolov11n/conv62_143 was aborted!
[2026-04-17 11:58:19.870] [71048] [HailoRT] [info] [vstream.cpp:774] [write] Sending to VStream was shutdown!
[2026-04-17 11:58:19.870] [71048] [HailoRT] [info] [vstream.cpp:778] [write] Sending to VStream was aborted!
[2026-04-17 11:58:19.879] [70509] [HailoRT] [info] [queue_elements.cpp:360] [execute_deactivate] enqueue() in element PushQEl8yolov11n/input_layer1 was aborted, got status = HAILO_SHUTDOWN_EVENT_SIGNALED(57)
[2026-04-17 11:58:19.879] [71037] [HailoRT] [info] [queue_elements.cpp:68] [operator()] Thread in element PushQEl8yolov11n/input_layer1 is not running anymore, exiting..
[2026-04-17 11:58:19.879] [70509] [HailoRT] [info] [queue_elements.cpp:46] [~BaseQueueElement] Queue element PushQEl8yolov11n/input_layer1 has 1 frames in his Queue on destruction
[2026-04-17 11:58:19.879] [71044] [HailoRT] [info] [queue_elements.cpp:68] [operator()] Thread in element UserBufQEl_post_infer0yolov11n/yolov8_nms_postprocess is not running anymore, exiting..
[2026-04-17 11:58:19.879] [70509] [HailoRT] [info] [queue_elements.cpp:46] [~BaseQueueElement] Queue element UserBufQEl_post_infer0yolov11n/yolov8_nms_postprocess has 0 frames in his Queue on destruction
[2026-04-17 11:58:19.879] [71043] [HailoRT] [info] [queue_elements.cpp:68] [operator()] Thread in element PullQEl_nms0yolov11n/conv80_143 is not running anymore, exiting..
[2026-04-17 11:58:19.879] [70509] [HailoRT] [info] [queue_elements.cpp:46] [~BaseQueueElement] Queue element PullQEl_nms0yolov11n/conv80_143 has 0 frames in his Queue on destruction
[2026-04-17 11:58:19.879] [71042] [HailoRT] [info] [queue_elements.cpp:68] [operator()] Thread in element PullQEl_nms1yolov11n/conv77_143 is not running anymore, exiting..
[2026-04-17 11:58:19.879] [70509] [HailoRT] [info] [queue_elements.cpp:46] [~BaseQueueElement] Queue element PullQEl_nms1yolov11n/conv77_143 has 0 frames in his Queue on destruction
[2026-04-17 11:58:19.879] [71041] [HailoRT] [info] [queue_elements.cpp:68] [operator()] Thread in element PullQEl_nms13yolov11n/conv65_143 is not running anymore, exiting..
[2026-04-17 11:58:19.880] [70509] [HailoRT] [info] [queue_elements.cpp:46] [~BaseQueueElement] Queue element PullQEl_nms13yolov11n/conv65_143 has 0 frames in his Queue on destruction
[2026-04-17 11:58:19.880] [71040] [HailoRT] [info] [queue_elements.cpp:68] [operator()] Thread in element PullQEl_nms15yolov11n/conv62_143 is not running anymore, exiting..
[2026-04-17 11:58:19.880] [70509] [HailoRT] [info] [queue_elements.cpp:46] [~BaseQueueElement] Queue element PullQEl_nms15yolov11n/conv62_143 has 0 frames in his Queue on destruction
[2026-04-17 11:58:19.880] [71039] [HailoRT] [info] [queue_elements.cpp:68] [operator()] Thread in element PullQEl_nms12yolov11n/conv54_143 is not running anymore, exiting..
[2026-04-17 11:58:19.880] [70509] [HailoRT] [info] [queue_elements.cpp:46] [~BaseQueueElement] Queue element PullQEl_nms12yolov11n/conv54_143 has 0 frames in his Queue on destruction
[2026-04-17 11:58:19.880] [71038] [HailoRT] [info] [queue_elements.cpp:68] [operator()] Thread in element PullQEl_nms3yolov11n/conv51_143 is not running anymore, exiting..
[2026-04-17 11:58:19.880] [70509] [HailoRT] [info] [queue_elements.cpp:46] [~BaseQueueElement] Queue element PullQEl_nms3yolov11n/conv51_143 has 0 frames in his Queue on destruction
[2026-04-17 11:58:19.880] [70509] [HailoRT] [info] [core_op.cpp:186] [deactivate] Deactivating took 0.007463 ms
[2026-04-17 11:58:19.880] [70509] [HailoRT] [info] [core_op.cpp:186] [deactivate] Deactivating took 0.015315 ms
[2026-04-17 11:58:19.940] [70509] [HailoRT] [info] [vdevice.cpp:535] [create] Creating vdevice with params: device_count: 1, scheduling_algorithm: NONE, multi_process_service: false
[2026-04-17 11:58:19.941] [70509] [HailoRT] [info] [device.cpp:51] [Device] OS Version: Linux 6.12.75+rpt-rpi-2712 #1 SMP PREEMPT Debian 1:6.12.75-1+rpt1 (2026-03-11) aarch64
[2026-04-17 11:58:19.941] [70509] [HailoRT] [info] [control.cpp:113] [control__parse_identify_results] firmware_version is: 4.23.0
[2026-04-17 11:58:19.941] [70509] [HailoRT] [info] [vdevice.cpp:682] [create] VDevice Infos: 0001:01:00.0
[2026-04-17 11:58:19.947] [70509] [HailoRT] [warning] [buffer_requirements.cpp:131] [get_buffer_requirements_multiple_transfers] Desc page size value (1024) is not optimal for performance.
[2026-04-17 11:58:19.961] [70509] [HailoRT] [info] [internal_buffer_manager.cpp:77] [print_execution_results] Planned internal buffer memory: CMA=0 CMA-Desc=1310720 Pinned=54172672. memory to edge layer usage factor is 1
[2026-04-17 11:58:19.961] [70509] [HailoRT] [info] [internal_buffer_manager.cpp:86] [print_execution_results] Default Internal buffer planner executed successfully
[2026-04-17 11:58:20.068] [70509] [HailoRT] [info] [device_internal.cpp:57] [configure] Configuring HEF took 126.811016 milliseconds
[2026-04-17 11:58:20.068] [70509] [HailoRT] [info] [vdevice.cpp:780] [configure] Configuring HEF on VDevice took 127.194811 milliseconds
[2026-04-17 11:58:20.069] [70509] [HailoRT] [info] [control.cpp:113] [control__parse_identify_results] firmware_version is: 4.23.0
[2026-04-17 11:58:20.069] [70509] [HailoRT] [info] [control.cpp:113] [control__parse_identify_results] firmware_version is: 4.23.0
[2026-04-17 11:58:20.098] [70509] [HailoRT] [info] [core_op.cpp:156] [activate] Activating yolov11n took 28.689677 milliseconds. Note that the function is asynchronous and thus the network is not fully activated yet.
[2026-04-17 11:58:20.098] [70509] [HailoRT] [info] [core_op.cpp:156] [activate] Activating yolov11n took 28.714084 milliseconds. Note that the function is asynchronous and thus the network is not fully activated yet.
[2026-04-17 11:58:20.111] [70509] [HailoRT] [info] [control.cpp:113] [control__parse_identify_results] firmware_version is: 4.23.0
[2026-04-17 11:58:20.111] [70509] [HailoRT] [info] [control.cpp:113] [control__parse_identify_results] firmware_version is: 4.23.0
[2026-04-17 11:58:20.111] [70509] [HailoRT] [info] [edge_elements.cpp:52] [create] Created (HwWriteEl8yolov11n/input_layer1 | hw_frame_size: 1228800)
[2026-04-17 11:58:20.111] [70509] [HailoRT] [info] [queue_elements.cpp:284] [create] Created (PushQEl8yolov11n/input_layer1 | timeout: 10s)
[2026-04-17 11:58:20.111] [70509] [HailoRT] [info] [filter_elements.cpp:101] [create] Created (PreInferEl8yolov11n/input_layer1 | Reorder - src_order: NHWC, src_shape: (640, 640, 3), dst_order: NHCW, dst_shape: (640, 640, 3))
[2026-04-17 11:58:20.111] [70509] [HailoRT] [info] [vstream.cpp:754] [InputVStreamImpl] Creating yolov11n/input_layer1...
[2026-04-17 11:58:20.111] [70509] [HailoRT] [info] [vstream_builder.cpp:102] [create_inputs] Input pipeline 'yolov11n/input_layer1': (PreInferEl8yolov11n/input_layer1 | Reorder - src_order: NHWC, src_shape: (640, 640, 3), dst_order: NHCW, dst_shape: (640, 640, 3)) >> (PushQEl8yolov11n/input_layer1 | timeout: 10s) >> (HwWriteEl8yolov11n/input_layer1 | hw_frame_size: 1228800) >> HW
[2026-04-17 11:58:20.111] [70509] [HailoRT] [info] [multi_io_elements.cpp:135] [create] Created (NmsPPMuxEl0YOLOV8-Post-Process | Op YOLOV8, Name: YOLOV8-Post-Process, Score threshold: 0.200, IoU threshold: 0.70, Classes: 80, Max bboxes per class: 100, Image height: 640, Image width: 640)
[2026-04-17 11:58:20.111] [70509] [HailoRT] [info] [edge_elements.cpp:287] [create] Created (HwReadEl3yolov11n/conv51_143 | hw_frame_size: 409600)
[2026-04-17 11:58:20.111] [70509] [HailoRT] [info] [queue_elements.cpp:657] [create] Created (PullQEl_nms3yolov11n/conv51_143 | timeout: 10s)
[2026-04-17 11:58:20.111] [70509] [HailoRT] [info] [edge_elements.cpp:287] [create] Created (HwReadEl12yolov11n/conv54_143 | hw_frame_size: 512000)
[2026-04-17 11:58:20.112] [70509] [HailoRT] [info] [queue_elements.cpp:657] [create] Created (PullQEl_nms12yolov11n/conv54_143 | timeout: 10s)
[2026-04-17 11:58:20.112] [70509] [HailoRT] [info] [edge_elements.cpp:287] [create] Created (HwReadEl15yolov11n/conv62_143 | hw_frame_size: 102400)
[2026-04-17 11:58:20.112] [70509] [HailoRT] [info] [queue_elements.cpp:657] [create] Created (PullQEl_nms15yolov11n/conv62_143 | timeout: 10s)
[2026-04-17 11:58:20.112] [70509] [HailoRT] [info] [edge_elements.cpp:287] [create] Created (HwReadEl13yolov11n/conv65_143 | hw_frame_size: 128000)
[2026-04-17 11:58:20.112] [70509] [HailoRT] [info] [queue_elements.cpp:657] [create] Created (PullQEl_nms13yolov11n/conv65_143 | timeout: 10s)
[2026-04-17 11:58:20.112] [70509] [HailoRT] [info] [edge_elements.cpp:287] [create] Created (HwReadEl1yolov11n/conv77_143 | hw_frame_size: 30720)
[2026-04-17 11:58:20.112] [70509] [HailoRT] [info] [queue_elements.cpp:657] [create] Created (PullQEl_nms1yolov11n/conv77_143 | timeout: 10s)
[2026-04-17 11:58:20.112] [70509] [HailoRT] [info] [edge_elements.cpp:287] [create] Created (HwReadEl0yolov11n/conv80_143 | hw_frame_size: 38400)
[2026-04-17 11:58:20.112] [70509] [HailoRT] [info] [queue_elements.cpp:657] [create] Created (PullQEl_nms0yolov11n/conv80_143 | timeout: 10s)
[2026-04-17 11:58:20.112] [70509] [HailoRT] [info] [queue_elements.cpp:800] [create] Created (UserBufQEl_post_infer0yolov11n/yolov8_nms_postprocess | timeout: 10s)
[2026-04-17 11:58:20.112] [70509] [HailoRT] [info] [vstream.cpp:1114] [OutputVStreamImpl] Creating yolov11n/yolov8_nms_postprocess...
[2026-04-17 11:58:20.112] [70509] [HailoRT] [info] [vstream_builder.cpp:622] [create_output_post_process_nms] Output pipeline 'yolov11n/yolov8_nms_postprocess': HW >> (HwReadEl3yolov11n/conv51_143 | hw_frame_size: 409600) >> (PullQEl_nms3yolov11n/conv51_143) >> (HwReadEl12yolov11n/conv54_143 | hw_frame_size: 512000) >> (PullQEl_nms12yolov11n/conv54_143) >> (HwReadEl15yolov11n/conv62_143 | hw_frame_size: 102400) >> (PullQEl_nms15yolov11n/conv62_143) >> (HwReadEl13yolov11n/conv65_143 | hw_frame_size: 128000) >> (PullQEl_nms13yolov11n/conv65_143) >> (HwReadEl1yolov11n/conv77_143 | hw_frame_size: 30720) >> (PullQEl_nms1yolov11n/conv77_143) >> (HwReadEl0yolov11n/conv80_143 | hw_frame_size: 38400) >> (PullQEl_nms0yolov11n/conv80_143) >> (NmsPPMuxEl0YOLOV8-Post-Process | Op YOLOV8, Name: YOLOV8-Post-Process, Score threshold: 0.200, IoU threshold: 0.70, Classes: 80, Max bboxes per class: 100, Image height: 640, Image width: 640) >> (UserBufQEl_post_infer0yolov11n/yolov8_nms_postprocess | timeout: 10s)
[2026-04-17 11:59:20.112] [71528] [HailoRT] [info] [vdevice_native_stream.cpp:331] [read_impl] Failed read from stream HAILO_STREAM_ABORT(63) (device: 0001:01:00.0)
[2026-04-17 11:59:20.112] [71528] [HailoRT] [info] [edge_elements.cpp:396] [run_pull] Reading from stream was aborted!
[2026-04-17 11:59:20.112] [71528] [HailoRT] [info] [queue_elements.cpp:738] [run_in_thread] run_pull of queue element PullQEl_nms3yolov11n/conv51_143 was aborted!
[2026-04-17 11:59:20.112] [71537] [HailoRT] [info] [queue_elements.cpp:706] [run_pull] Shutdown event was signaled in dequeue of queue element PullQEl_nms3yolov11n/conv51_143!
[2026-04-17 11:59:20.112] [71537] [HailoRT] [info] [vstream.cpp:1138] [read] Receiving to VStream was shutdown!
[2026-04-17 11:59:20.112] [71529] [HailoRT] [info] [vdevice_native_stream.cpp:331] [read_impl] Failed read from stream HAILO_STREAM_ABORT(63) (device: 0001:01:00.0)
[2026-04-17 11:59:20.112] [71529] [HailoRT] [info] [edge_elements.cpp:396] [run_pull] Reading from stream was aborted!
[2026-04-17 11:59:20.112] [71529] [HailoRT] [info] [queue_elements.cpp:738] [run_in_thread] run_pull of queue element PullQEl_nms12yolov11n/conv54_143 was aborted!
[2026-04-17 11:59:20.112] [71531] [HailoRT] [info] [vdevice_native_stream.cpp:331] [read_impl] Failed read from stream HAILO_STREAM_ABORT(63) (device: 0001:01:00.0)
[2026-04-17 11:59:20.112] [71531] [HailoRT] [info] [edge_elements.cpp:396] [run_pull] Reading from stream was aborted!
[2026-04-17 11:59:20.112] [71531] [HailoRT] [info] [queue_elements.cpp:738] [run_in_thread] run_pull of queue element PullQEl_nms13yolov11n/conv65_143 was aborted!
[2026-04-17 11:59:20.112] [71533] [HailoRT] [info] [vdevice_native_stream.cpp:331] [read_impl] Failed read from stream HAILO_STREAM_ABORT(63) (device: 0001:01:00.0)
[2026-04-17 11:59:20.112] [71533] [HailoRT] [info] [edge_elements.cpp:396] [run_pull] Reading from stream was aborted!
[2026-04-17 11:59:20.112] [71533] [HailoRT] [info] [queue_elements.cpp:738] [run_in_thread] run_pull of queue element PullQEl_nms0yolov11n/conv80_143 was aborted!
[2026-04-17 11:59:20.113] [71532] [HailoRT] [info] [vdevice_native_stream.cpp:331] [read_impl] Failed read from stream HAILO_STREAM_ABORT(63) (device: 0001:01:00.0)
[2026-04-17 11:59:20.113] [71532] [HailoRT] [info] [edge_elements.cpp:396] [run_pull] Reading from stream was aborted!
[2026-04-17 11:59:20.113] [71532] [HailoRT] [info] [queue_elements.cpp:738] [run_in_thread] run_pull of queue element PullQEl_nms1yolov11n/conv77_143 was aborted!
[2026-04-17 11:59:20.113] [71530] [HailoRT] [info] [vdevice_native_stream.cpp:331] [read_impl] Failed read from stream HAILO_STREAM_ABORT(63) (device: 0001:01:00.0)
[2026-04-17 11:59:20.113] [71530] [HailoRT] [info] [edge_elements.cpp:396] [run_pull] Reading from stream was aborted!
[2026-04-17 11:59:20.113] [71530] [HailoRT] [info] [queue_elements.cpp:738] [run_in_thread] run_pull of queue element PullQEl_nms15yolov11n/conv62_143 was aborted!
[2026-04-17 11:59:20.113] [71527] [HailoRT] [info] [vdevice_native_stream.cpp:142] [write_impl] Failed write to stream yolov11n/input_layer1 (device: 0001:01:00.0) with status=HAILO_STREAM_ABORT(63)
[2026-04-17 11:59:20.113] [71527] [HailoRT] [info] [edge_elements.cpp:87] [run_push] Failed to send on input stream InputStream(index=8, name=yolov11n/input_layer1) because stream was aborted
[2026-04-17 11:59:20.113] [71527] [HailoRT] [info] [queue_elements.cpp:401] [run_in_thread] run_push of PushQEl8yolov11n/input_layer1 was aborted!
[2026-04-17 11:59:20.114] [71538] [HailoRT] [info] [queue_elements.cpp:319] [run_push] run_push of PushQEl8yolov11n/input_layer1 was aborted!
[2026-04-17 11:59:20.114] [71538] [HailoRT] [info] [filter_elements.cpp:35] [run_push] run_push of PreInferEl8yolov11n/input_layer1 was aborted!
[2026-04-17 11:59:20.114] [71538] [HailoRT] [info] [vstream.cpp:778] [write] Sending to VStream was aborted!
[2026-04-17 11:59:20.120] [70509] [HailoRT] [info] [queue_elements.cpp:360] [execute_deactivate] enqueue() in element PushQEl8yolov11n/input_layer1 was aborted, got status = HAILO_SHUTDOWN_EVENT_SIGNALED(57)
[2026-04-17 11:59:20.120] [71527] [HailoRT] [info] [queue_elements.cpp:68] [operator()] Thread in element PushQEl8yolov11n/input_layer1 is not running anymore, exiting..
[2026-04-17 11:59:20.121] [70509] [HailoRT] [info] [queue_elements.cpp:46] [~BaseQueueElement] Queue element PushQEl8yolov11n/input_layer1 has 0 frames in his Queue on destruction
[2026-04-17 11:59:20.121] [71534] [HailoRT] [info] [queue_elements.cpp:68] [operator()] Thread in element UserBufQEl_post_infer0yolov11n/yolov8_nms_postprocess is not running anymore, exiting..
[2026-04-17 11:59:20.121] [70509] [HailoRT] [info] [queue_elements.cpp:46] [~BaseQueueElement] Queue element UserBufQEl_post_infer0yolov11n/yolov8_nms_postprocess has 0 frames in his Queue on destruction
[2026-04-17 11:59:20.121] [71533] [HailoRT] [info] [queue_elements.cpp:68] [operator()] Thread in element PullQEl_nms0yolov11n/conv80_143 is not running anymore, exiting..
[2026-04-17 11:59:20.121] [70509] [HailoRT] [info] [queue_elements.cpp:46] [~BaseQueueElement] Queue element PullQEl_nms0yolov11n/conv80_143 has 0 frames in his Queue on destruction
[2026-04-17 11:59:20.121] [71532] [HailoRT] [info] [queue_elements.cpp:68] [operator()] Thread in element PullQEl_nms1yolov11n/conv77_143 is not running anymore, exiting..
[2026-04-17 11:59:20.121] [70509] [HailoRT] [info] [queue_elements.cpp:46] [~BaseQueueElement] Queue element PullQEl_nms1yolov11n/conv77_143 has 0 frames in his Queue on destruction
[2026-04-17 11:59:20.121] [71531] [HailoRT] [info] [queue_elements.cpp:68] [operator()] Thread in element PullQEl_nms13yolov11n/conv65_143 is not running anymore, exiting..
[2026-04-17 11:59:20.121] [70509] [HailoRT] [info] [queue_elements.cpp:46] [~BaseQueueElement] Queue element PullQEl_nms13yolov11n/conv65_143 has 0 frames in his Queue on destruction
[2026-04-17 11:59:20.121] [71530] [HailoRT] [info] [queue_elements.cpp:68] [operator()] Thread in element PullQEl_nms15yolov11n/conv62_143 is not running anymore, exiting..
[2026-04-17 11:59:20.121] [70509] [HailoRT] [info] [queue_elements.cpp:46] [~BaseQueueElement] Queue element PullQEl_nms15yolov11n/conv62_143 has 0 frames in his Queue on destruction
[2026-04-17 11:59:20.121] [71529] [HailoRT] [info] [queue_elements.cpp:68] [operator()] Thread in element PullQEl_nms12yolov11n/conv54_143 is not running anymore, exiting..
[2026-04-17 11:59:20.121] [70509] [HailoRT] [info] [queue_elements.cpp:46] [~BaseQueueElement] Queue element PullQEl_nms12yolov11n/conv54_143 has 0 frames in his Queue on destruction
[2026-04-17 11:59:20.121] [71528] [HailoRT] [info] [queue_elements.cpp:68] [operator()] Thread in element PullQEl_nms3yolov11n/conv51_143 is not running anymore, exiting..
[2026-04-17 11:59:20.121] [70509] [HailoRT] [info] [queue_elements.cpp:46] [~BaseQueueElement] Queue element PullQEl_nms3yolov11n/conv51_143 has 0 frames in his Queue on destruction
[2026-04-17 11:59:20.121] [70509] [HailoRT] [info] [core_op.cpp:186] [deactivate] Deactivating took 0.008074 ms
[2026-04-17 11:59:20.121] [70509] [HailoRT] [info] [core_op.cpp:186] [deactivate] Deactivating took 0.017334 ms
[2026-04-17 11:59:30.473] [72096] [HailoRT] [info] [vdevice.cpp:535] [create] Creating vdevice with params: device_count: 1, scheduling_algorithm: NONE, multi_process_service: false
[2026-04-17 11:59:30.486] [72096] [HailoRT] [info] [device.cpp:51] [Device] OS Version: Linux 6.12.75+rpt-rpi-2712 #1 SMP PREEMPT Debian 1:6.12.75-1+rpt1 (2026-03-11) aarch64
[2026-04-17 11:59:30.486] [72096] [HailoRT] [info] [control.cpp:113] [control__parse_identify_results] firmware_version is: 4.23.0
[2026-04-17 11:59:30.486] [72096] [HailoRT] [info] [vdevice.cpp:682] [create] VDevice Infos: 0001:01:00.0
[2026-04-17 11:59:30.496] [72096] [HailoRT] [warning] [buffer_requirements.cpp:131] [get_buffer_requirements_multiple_transfers] Desc page size value (1024) is not optimal for performance.
[2026-04-17 11:59:30.519] [72096] [HailoRT] [info] [internal_buffer_manager.cpp:77] [print_execution_results] Planned internal buffer memory: CMA=0 CMA-Desc=1376256 Pinned=55350272. memory to edge layer usage factor is 1
[2026-04-17 11:59:30.519] [72096] [HailoRT] [info] [internal_buffer_manager.cpp:86] [print_execution_results] Default Internal buffer planner executed successfully
[2026-04-17 11:59:30.626] [72096] [HailoRT] [info] [device_internal.cpp:57] [configure] Configuring HEF took 139.053029 milliseconds
[2026-04-17 11:59:30.626] [72096] [HailoRT] [info] [vdevice.cpp:780] [configure] Configuring HEF on VDevice took 139.598342 milliseconds
[2026-04-17 11:59:30.626] [72096] [HailoRT] [info] [control.cpp:113] [control__parse_identify_results] firmware_version is: 4.23.0
[2026-04-17 11:59:30.627] [72096] [HailoRT] [info] [control.cpp:113] [control__parse_identify_results] firmware_version is: 4.23.0
[2026-04-17 11:59:30.661] [72096] [HailoRT] [info] [core_op.cpp:156] [activate] Activating yolov11n took 34.691581 milliseconds. Note that the function is asynchronous and thus the network is not fully activated yet.
[2026-04-17 11:59:30.661] [72096] [HailoRT] [info] [core_op.cpp:156] [activate] Activating yolov11n took 34.720581 milliseconds. Note that the function is asynchronous and thus the network is not fully activated yet.
[2026-04-17 11:59:30.674] [72096] [HailoRT] [info] [control.cpp:113] [control__parse_identify_results] firmware_version is: 4.23.0
[2026-04-17 11:59:30.675] [72096] [HailoRT] [info] [control.cpp:113] [control__parse_identify_results] firmware_version is: 4.23.0
[2026-04-17 11:59:31.934] [72088] [HailoRT] [info] [device.cpp:51] [Device] OS Version: Linux 6.12.75+rpt-rpi-2712 #1 SMP PREEMPT Debian 1:6.12.75-1+rpt1 (2026-03-11) aarch64
[2026-04-17 11:59:31.935] [72088] [HailoRT] [info] [control.cpp:113] [control__parse_identify_results] firmware_version is: 4.23.0
[2026-04-17 11:59:31.935] [72088] [HailoRT] [info] [control.cpp:113] [control__parse_identify_results] firmware_version is: 4.23.0
[2026-04-17 12:00:30.675] [72108] [HailoRT] [info] [vdevice_native_stream.cpp:331] [read_impl] Failed read from stream HAILO_STREAM_ABORT(63) (device: 0001:01:00.0)
[2026-04-17 12:00:30.675] [72111] [HailoRT] [info] [vdevice_native_stream.cpp:142] [write_impl] Failed write to stream yolov11n/input_layer1 (device: 0001:01:00.0) with status=HAILO_STREAM_ABORT(63)
[2026-04-17 12:00:30.676] [72107] [HailoRT] [info] [vdevice_native_stream.cpp:331] [read_impl] Failed read from stream HAILO_STREAM_ABORT(63) (device: 0001:01:00.0)
[2026-04-17 12:00:30.676] [72109] [HailoRT] [info] [vdevice_native_stream.cpp:331] [read_impl] Failed read from stream HAILO_STREAM_ABORT(63) (device: 0001:01:00.0)
[2026-04-17 12:00:30.676] [72106] [HailoRT] [info] [vdevice_native_stream.cpp:331] [read_impl] Failed read from stream HAILO_STREAM_ABORT(63) (device: 0001:01:00.0)
[2026-04-17 12:00:30.676] [72105] [HailoRT] [info] [vdevice_native_stream.cpp:331] [read_impl] Failed read from stream HAILO_STREAM_ABORT(63) (device: 0001:01:00.0)
[2026-04-17 12:00:30.676] [72110] [HailoRT] [info] [vdevice_native_stream.cpp:331] [read_impl] Failed read from stream HAILO_STREAM_ABORT(63) (device: 0001:01:00.0)
[2026-04-17 12:00:30.718] [72096] [HailoRT] [info] [core_op.cpp:186] [deactivate] Deactivating took 0.008408 ms
[2026-04-17 12:00:30.718] [72096] [HailoRT] [info] [core_op.cpp:186] [deactivate] Deactivating took 0.030463 ms
[2026-04-17 12:00:30.774] [72096] [HailoRT] [info] [vdevice.cpp:535] [create] Creating vdevice with params: device_count: 1, scheduling_algorithm: NONE, multi_process_service: false
[2026-04-17 12:00:30.774] [72096] [HailoRT] [info] [device.cpp:51] [Device] OS Version: Linux 6.12.75+rpt-rpi-2712 #1 SMP PREEMPT Debian 1:6.12.75-1+rpt1 (2026-03-11) aarch64
[2026-04-17 12:00:30.774] [72096] [HailoRT] [info] [control.cpp:113] [control__parse_identify_results] firmware_version is: 4.23.0
[2026-04-17 12:00:30.775] [72096] [HailoRT] [info] [vdevice.cpp:682] [create] VDevice Infos: 0001:01:00.0
[2026-04-17 12:00:30.781] [72096] [HailoRT] [warning] [buffer_requirements.cpp:131] [get_buffer_requirements_multiple_transfers] Desc page size value (1024) is not optimal for performance.
[2026-04-17 12:00:30.798] [72096] [HailoRT] [info] [internal_buffer_manager.cpp:77] [print_execution_results] Planned internal buffer memory: CMA=0 CMA-Desc=1376256 Pinned=55350272. memory to edge layer usage factor is 1
[2026-04-17 12:00:30.798] [72096] [HailoRT] [info] [internal_buffer_manager.cpp:86] [print_execution_results] Default Internal buffer planner executed successfully
[2026-04-17 12:00:30.917] [72096] [HailoRT] [info] [device_internal.cpp:57] [configure] Configuring HEF took 142.559702 milliseconds
[2026-04-17 12:00:30.918] [72096] [HailoRT] [info] [vdevice.cpp:780] [configure] Configuring HEF on VDevice took 143.027201 milliseconds
[2026-04-17 12:00:30.918] [72096] [HailoRT] [info] [control.cpp:113] [control__parse_identify_results] firmware_version is: 4.23.0
[2026-04-17 12:00:30.918] [72096] [HailoRT] [info] [control.cpp:113] [control__parse_identify_results] firmware_version is: 4.23.0
[2026-04-17 12:00:30.953] [72096] [HailoRT] [info] [core_op.cpp:156] [activate] Activating yolov11n took 34.544471 milliseconds. Note that the function is asynchronous and thus the network is not fully activated yet.
[2026-04-17 12:00:30.953] [72096] [HailoRT] [info] [core_op.cpp:156] [activate] Activating yolov11n took 34.567675 milliseconds. Note that the function is asynchronous and thus the network is not fully activated yet.
[2026-04-17 12:00:30.966] [72096] [HailoRT] [info] [control.cpp:113] [control__parse_identify_results] firmware_version is: 4.23.0
[2026-04-17 12:00:30.966] [72096] [HailoRT] [info] [control.cpp:113] [control__parse_identify_results] firmware_version is: 4.23.0
[2026-04-17 12:00:30.966] [72096] [HailoRT] [info] [edge_elements.cpp:52] [create] Created (HwWriteEl8yolov11n/input_layer1 | hw_frame_size: 1228800)
[2026-04-17 12:00:30.966] [72096] [HailoRT] [info] [queue_elements.cpp:284] [create] Created (PushQEl8yolov11n/input_layer1 | timeout: 10s)
[2026-04-17 12:00:30.966] [72096] [HailoRT] [info] [filter_elements.cpp:101] [create] Created (PreInferEl8yolov11n/input_layer1 | Reorder - src_order: NHWC, src_shape: (640, 640, 3), dst_order: NHCW, dst_shape: (640, 640, 3))
[2026-04-17 12:00:30.966] [72096] [HailoRT] [info] [vstream.cpp:754] [InputVStreamImpl] Creating yolov11n/input_layer1...
[2026-04-17 12:00:30.966] [72096] [HailoRT] [info] [vstream_builder.cpp:102] [create_inputs] Input pipeline 'yolov11n/input_layer1': (PreInferEl8yolov11n/input_layer1 | Reorder - src_order: NHWC, src_shape: (640, 640, 3), dst_order: NHCW, dst_shape: (640, 640, 3)) >> (PushQEl8yolov11n/input_layer1 | timeout: 10s) >> (HwWriteEl8yolov11n/input_layer1 | hw_frame_size: 1228800) >> HW
[2026-04-17 12:00:30.967] [72096] [HailoRT] [info] [multi_io_elements.cpp:135] [create] Created (NmsPPMuxEl0YOLOV8-Post-Process | Op YOLOV8, Name: YOLOV8-Post-Process, Score threshold: 0.200, IoU threshold: 0.70, Classes: 80, Max bboxes per class: 100, Image height: 640, Image width: 640)
[2026-04-17 12:00:30.967] [72096] [HailoRT] [info] [edge_elements.cpp:287] [create] Created (HwReadEl3yolov11n/conv51_143 | hw_frame_size: 409600)
[2026-04-17 12:00:30.967] [72096] [HailoRT] [info] [queue_elements.cpp:657] [create] Created (PullQEl_nms3yolov11n/conv51_143 | timeout: 10s)
[2026-04-17 12:00:30.967] [72096] [HailoRT] [info] [edge_elements.cpp:287] [create] Created (HwReadEl12yolov11n/conv54_143 | hw_frame_size: 512000)
[2026-04-17 12:00:30.967] [72096] [HailoRT] [info] [queue_elements.cpp:657] [create] Created (PullQEl_nms12yolov11n/conv54_143 | timeout: 10s)
[2026-04-17 12:00:30.967] [72096] [HailoRT] [info] [edge_elements.cpp:287] [create] Created (HwReadEl15yolov11n/conv62_143 | hw_frame_size: 102400)
[2026-04-17 12:00:30.967] [72096] [HailoRT] [info] [queue_elements.cpp:657] [create] Created (PullQEl_nms15yolov11n/conv62_143 | timeout: 10s)
[2026-04-17 12:00:30.967] [72096] [HailoRT] [info] [edge_elements.cpp:287] [create] Created (HwReadEl13yolov11n/conv65_143 | hw_frame_size: 128000)
[2026-04-17 12:00:30.967] [72096] [HailoRT] [info] [queue_elements.cpp:657] [create] Created (PullQEl_nms13yolov11n/conv65_143 | timeout: 10s)
[2026-04-17 12:00:30.967] [72096] [HailoRT] [info] [edge_elements.cpp:287] [create] Created (HwReadEl1yolov11n/conv77_143 | hw_frame_size: 30720)
[2026-04-17 12:00:30.967] [72096] [HailoRT] [info] [queue_elements.cpp:657] [create] Created (PullQEl_nms1yolov11n/conv77_143 | timeout: 10s)
[2026-04-17 12:00:30.967] [72096] [HailoRT] [info] [edge_elements.cpp:287] [create] Created (HwReadEl0yolov11n/conv80_143 | hw_frame_size: 38400)
[2026-04-17 12:00:30.967] [72096] [HailoRT] [info] [queue_elements.cpp:657] [create] Created (PullQEl_nms0yolov11n/conv80_143 | timeout: 10s)
[2026-04-17 12:00:30.967] [72096] [HailoRT] [info] [queue_elements.cpp:800] [create] Created (UserBufQEl_post_infer0yolov11n/yolov8_nms_postprocess | timeout: 10s)
[2026-04-17 12:00:30.967] [72096] [HailoRT] [info] [vstream.cpp:1114] [OutputVStreamImpl] Creating yolov11n/yolov8_nms_postprocess...
[2026-04-17 12:00:30.967] [72096] [HailoRT] [info] [vstream_builder.cpp:622] [create_output_post_process_nms] Output pipeline 'yolov11n/yolov8_nms_postprocess': HW >> (HwReadEl3yolov11n/conv51_143 | hw_frame_size: 409600) >> (PullQEl_nms3yolov11n/conv51_143) >> (HwReadEl12yolov11n/conv54_143 | hw_frame_size: 512000) >> (PullQEl_nms12yolov11n/conv54_143) >> (HwReadEl15yolov11n/conv62_143 | hw_frame_size: 102400) >> (PullQEl_nms15yolov11n/conv62_143) >> (HwReadEl13yolov11n/conv65_143 | hw_frame_size: 128000) >> (PullQEl_nms13yolov11n/conv65_143) >> (HwReadEl1yolov11n/conv77_143 | hw_frame_size: 30720) >> (PullQEl_nms1yolov11n/conv77_143) >> (HwReadEl0yolov11n/conv80_143 | hw_frame_size: 38400) >> (PullQEl_nms0yolov11n/conv80_143) >> (NmsPPMuxEl0YOLOV8-Post-Process | Op YOLOV8, Name: YOLOV8-Post-Process, Score threshold: 0.200, IoU threshold: 0.70, Classes: 80, Max bboxes per class: 100, Image height: 640, Image width: 640) >> (UserBufQEl_post_infer0yolov11n/yolov8_nms_postprocess | timeout: 10s)
[2026-04-17 12:01:30.968] [72596] [HailoRT] [info] [vdevice_native_stream.cpp:142] [write_impl] Failed write to stream yolov11n/input_layer1 (device: 0001:01:00.0) with status=HAILO_STREAM_ABORT(63)
[2026-04-17 12:01:30.968] [72601] [HailoRT] [info] [vdevice_native_stream.cpp:331] [read_impl] Failed read from stream HAILO_STREAM_ABORT(63) (device: 0001:01:00.0)
[2026-04-17 12:01:30.968] [72601] [HailoRT] [info] [edge_elements.cpp:396] [run_pull] Reading from stream was aborted!
[2026-04-17 12:01:30.968] [72596] [HailoRT] [info] [edge_elements.cpp:87] [run_push] Failed to send on input stream InputStream(index=8, name=yolov11n/input_layer1) because stream was aborted
[2026-04-17 12:01:30.968] [72596] [HailoRT] [info] [queue_elements.cpp:401] [run_in_thread] run_push of PushQEl8yolov11n/input_layer1 was aborted!
[2026-04-17 12:01:30.968] [72601] [HailoRT] [info] [queue_elements.cpp:738] [run_in_thread] run_pull of queue element PullQEl_nms1yolov11n/conv77_143 was aborted!
[2026-04-17 12:01:30.968] [72607] [HailoRT] [info] [vstream.cpp:774] [write] Sending to VStream was shutdown!
[2026-04-17 12:01:30.968] [72607] [HailoRT] [info] [vstream.cpp:778] [write] Sending to VStream was aborted!
[2026-04-17 12:01:30.968] [72597] [HailoRT] [info] [vdevice_native_stream.cpp:331] [read_impl] Failed read from stream HAILO_STREAM_ABORT(63) (device: 0001:01:00.0)
[2026-04-17 12:01:30.968] [72597] [HailoRT] [info] [edge_elements.cpp:396] [run_pull] Reading from stream was aborted!
[2026-04-17 12:01:30.968] [72597] [HailoRT] [info] [queue_elements.cpp:738] [run_in_thread] run_pull of queue element PullQEl_nms3yolov11n/conv51_143 was aborted!
[2026-04-17 12:01:30.968] [72599] [HailoRT] [info] [vdevice_native_stream.cpp:331] [read_impl] Failed read from stream HAILO_STREAM_ABORT(63) (device: 0001:01:00.0)
[2026-04-17 12:01:30.968] [72599] [HailoRT] [info] [edge_elements.cpp:396] [run_pull] Reading from stream was aborted!
[2026-04-17 12:01:30.968] [72600] [HailoRT] [info] [vdevice_native_stream.cpp:331] [read_impl] Failed read from stream HAILO_STREAM_ABORT(63) (device: 0001:01:00.0)
[2026-04-17 12:01:30.968] [72600] [HailoRT] [info] [edge_elements.cpp:396] [run_pull] Reading from stream was aborted!
[2026-04-17 12:01:30.968] [72599] [HailoRT] [info] [queue_elements.cpp:738] [run_in_thread] run_pull of queue element PullQEl_nms15yolov11n/conv62_143 was aborted!
[2026-04-17 12:01:30.968] [72606] [HailoRT] [info] [queue_elements.cpp:706] [run_pull] Shutdown event was signaled in dequeue of queue element PullQEl_nms3yolov11n/conv51_143!
[2026-04-17 12:01:30.968] [72600] [HailoRT] [info] [queue_elements.cpp:738] [run_in_thread] run_pull of queue element PullQEl_nms13yolov11n/conv65_143 was aborted!
[2026-04-17 12:01:30.968] [72606] [HailoRT] [info] [vstream.cpp:1138] [read] Receiving to VStream was shutdown!
[2026-04-17 12:01:30.968] [72598] [HailoRT] [info] [vdevice_native_stream.cpp:331] [read_impl] Failed read from stream HAILO_STREAM_ABORT(63) (device: 0001:01:00.0)
[2026-04-17 12:01:30.968] [72598] [HailoRT] [info] [edge_elements.cpp:396] [run_pull] Reading from stream was aborted!
[2026-04-17 12:01:30.968] [72598] [HailoRT] [info] [queue_elements.cpp:738] [run_in_thread] run_pull of queue element PullQEl_nms12yolov11n/conv54_143 was aborted!
[2026-04-17 12:01:30.968] [72602] [HailoRT] [info] [vdevice_native_stream.cpp:331] [read_impl] Failed read from stream HAILO_STREAM_ABORT(63) (device: 0001:01:00.0)
[2026-04-17 12:01:30.968] [72602] [HailoRT] [info] [edge_elements.cpp:396] [run_pull] Reading from stream was aborted!
[2026-04-17 12:01:30.968] [72602] [HailoRT] [info] [queue_elements.cpp:738] [run_in_thread] run_pull of queue element PullQEl_nms0yolov11n/conv80_143 was aborted!
[2026-04-17 12:01:30.977] [72096] [HailoRT] [info] [queue_elements.cpp:360] [execute_deactivate] enqueue() in element PushQEl8yolov11n/input_layer1 was aborted, got status = HAILO_SHUTDOWN_EVENT_SIGNALED(57)
[2026-04-17 12:01:30.977] [72596] [HailoRT] [info] [queue_elements.cpp:68] [operator()] Thread in element PushQEl8yolov11n/input_layer1 is not running anymore, exiting..
[2026-04-17 12:01:30.977] [72096] [HailoRT] [info] [queue_elements.cpp:46] [~BaseQueueElement] Queue element PushQEl8yolov11n/input_layer1 has 1 frames in his Queue on destruction
[2026-04-17 12:01:30.977] [72603] [HailoRT] [info] [queue_elements.cpp:68] [operator()] Thread in element UserBufQEl_post_infer0yolov11n/yolov8_nms_postprocess is not running anymore, exiting..
[2026-04-17 12:01:30.977] [72096] [HailoRT] [info] [queue_elements.cpp:46] [~BaseQueueElement] Queue element UserBufQEl_post_infer0yolov11n/yolov8_nms_postprocess has 0 frames in his Queue on destruction
[2026-04-17 12:01:30.977] [72602] [HailoRT] [info] [queue_elements.cpp:68] [operator()] Thread in element PullQEl_nms0yolov11n/conv80_143 is not running anymore, exiting..
[2026-04-17 12:01:30.977] [72096] [HailoRT] [info] [queue_elements.cpp:46] [~BaseQueueElement] Queue element PullQEl_nms0yolov11n/conv80_143 has 0 frames in his Queue on destruction
[2026-04-17 12:01:30.977] [72601] [HailoRT] [info] [queue_elements.cpp:68] [operator()] Thread in element PullQEl_nms1yolov11n/conv77_143 is not running anymore, exiting..
[2026-04-17 12:01:30.977] [72096] [HailoRT] [info] [queue_elements.cpp:46] [~BaseQueueElement] Queue element PullQEl_nms1yolov11n/conv77_143 has 0 frames in his Queue on destruction
[2026-04-17 12:01:30.977] [72600] [HailoRT] [info] [queue_elements.cpp:68] [operator()] Thread in element PullQEl_nms13yolov11n/conv65_143 is not running anymore, exiting..
[2026-04-17 12:01:30.977] [72096] [HailoRT] [info] [queue_elements.cpp:46] [~BaseQueueElement] Queue element PullQEl_nms13yolov11n/conv65_143 has 0 frames in his Queue on destruction
[2026-04-17 12:01:30.977] [72599] [HailoRT] [info] [queue_elements.cpp:68] [operator()] Thread in element PullQEl_nms15yolov11n/conv62_143 is not running anymore, exiting..
[2026-04-17 12:01:30.977] [72096] [HailoRT] [info] [queue_elements.cpp:46] [~BaseQueueElement] Queue element PullQEl_nms15yolov11n/conv62_143 has 0 frames in his Queue on destruction
[2026-04-17 12:01:30.977] [72598] [HailoRT] [info] [queue_elements.cpp:68] [operator()] Thread in element PullQEl_nms12yolov11n/conv54_143 is not running anymore, exiting..
[2026-04-17 12:01:30.977] [72096] [HailoRT] [info] [queue_elements.cpp:46] [~BaseQueueElement] Queue element PullQEl_nms12yolov11n/conv54_143 has 0 frames in his Queue on destruction
[2026-04-17 12:01:30.977] [72597] [HailoRT] [info] [queue_elements.cpp:68] [operator()] Thread in element PullQEl_nms3yolov11n/conv51_143 is not running anymore, exiting..
[2026-04-17 12:01:30.977] [72096] [HailoRT] [info] [queue_elements.cpp:46] [~BaseQueueElement] Queue element PullQEl_nms3yolov11n/conv51_143 has 0 frames in his Queue on destruction
[2026-04-17 12:01:30.977] [72096] [HailoRT] [info] [core_op.cpp:186] [deactivate] Deactivating took 0.006907 ms
[2026-04-17 12:01:30.977] [72096] [HailoRT] [info] [core_op.cpp:186] [deactivate] Deactivating took 0.015981 ms
[2026-04-17 12:01:31.045] [72096] [HailoRT] [info] [vdevice.cpp:535] [create] Creating vdevice with params: device_count: 1, scheduling_algorithm: NONE, multi_process_service: false
[2026-04-17 12:01:31.045] [72096] [HailoRT] [info] [device.cpp:51] [Device] OS Version: Linux 6.12.75+rpt-rpi-2712 #1 SMP PREEMPT Debian 1:6.12.75-1+rpt1 (2026-03-11) aarch64
[2026-04-17 12:01:31.045] [72096] [HailoRT] [info] [control.cpp:113] [control__parse_identify_results] firmware_version is: 4.23.0
[2026-04-17 12:01:31.045] [72096] [HailoRT] [info] [vdevice.cpp:682] [create] VDevice Infos: 0001:01:00.0
[2026-04-17 12:01:31.051] [72096] [HailoRT] [warning] [buffer_requirements.cpp:131] [get_buffer_requirements_multiple_transfers] Desc page size value (1024) is not optimal for performance.
[2026-04-17 12:01:31.069] [72096] [HailoRT] [info] [internal_buffer_manager.cpp:77] [print_execution_results] Planned internal buffer memory: CMA=0 CMA-Desc=1376256 Pinned=55350272. memory to edge layer usage factor is 1
[2026-04-17 12:01:31.069] [72096] [HailoRT] [info] [internal_buffer_manager.cpp:86] [print_execution_results] Default Internal buffer planner executed successfully
[2026-04-17 12:01:31.180] [72096] [HailoRT] [info] [device_internal.cpp:57] [configure] Configuring HEF took 134.67723 milliseconds
[2026-04-17 12:01:31.180] [72096] [HailoRT] [info] [vdevice.cpp:780] [configure] Configuring HEF on VDevice took 135.038655 milliseconds
[2026-04-17 12:01:31.181] [72096] [HailoRT] [info] [control.cpp:113] [control__parse_identify_results] firmware_version is: 4.23.0
[2026-04-17 12:01:31.181] [72096] [HailoRT] [info] [control.cpp:113] [control__parse_identify_results] firmware_version is: 4.23.0
[2026-04-17 12:01:31.210] [72096] [HailoRT] [info] [core_op.cpp:156] [activate] Activating yolov11n took 29.158583 milliseconds. Note that the function is asynchronous and thus the network is not fully activated yet.
[2026-04-17 12:01:31.210] [72096] [HailoRT] [info] [core_op.cpp:156] [activate] Activating yolov11n took 29.178379 milliseconds. Note that the function is asynchronous and thus the network is not fully activated yet.
[2026-04-17 12:01:31.223] [72096] [HailoRT] [info] [control.cpp:113] [control__parse_identify_results] firmware_version is: 4.23.0
[2026-04-17 12:01:31.224] [72096] [HailoRT] [info] [control.cpp:113] [control__parse_identify_results] firmware_version is: 4.23.0
[2026-04-17 12:01:31.224] [72096] [HailoRT] [info] [edge_elements.cpp:52] [create] Created (HwWriteEl8yolov11n/input_layer1 | hw_frame_size: 1228800)
[2026-04-17 12:01:31.224] [72096] [HailoRT] [info] [queue_elements.cpp:284] [create] Created (PushQEl8yolov11n/input_layer1 | timeout: 10s)
[2026-04-17 12:01:31.224] [72096] [HailoRT] [info] [filter_elements.cpp:101] [create] Created (PreInferEl8yolov11n/input_layer1 | Reorder - src_order: NHWC, src_shape: (640, 640, 3), dst_order: NHCW, dst_shape: (640, 640, 3))
[2026-04-17 12:01:31.224] [72096] [HailoRT] [info] [vstream.cpp:754] [InputVStreamImpl] Creating yolov11n/input_layer1...
[2026-04-17 12:01:31.224] [72096] [HailoRT] [info] [vstream_builder.cpp:102] [create_inputs] Input pipeline 'yolov11n/input_layer1': (PreInferEl8yolov11n/input_layer1 | Reorder - src_order: NHWC, src_shape: (640, 640, 3), dst_order: NHCW, dst_shape: (640, 640, 3)) >> (PushQEl8yolov11n/input_layer1 | timeout: 10s) >> (HwWriteEl8yolov11n/input_layer1 | hw_frame_size: 1228800) >> HW
[2026-04-17 12:01:31.224] [72096] [HailoRT] [info] [multi_io_elements.cpp:135] [create] Created (NmsPPMuxEl0YOLOV8-Post-Process | Op YOLOV8, Name: YOLOV8-Post-Process, Score threshold: 0.200, IoU threshold: 0.70, Classes: 80, Max bboxes per class: 100, Image height: 640, Image width: 640)
[2026-04-17 12:01:31.224] [72096] [HailoRT] [info] [edge_elements.cpp:287] [create] Created (HwReadEl3yolov11n/conv51_143 | hw_frame_size: 409600)
[2026-04-17 12:01:31.225] [72096] [HailoRT] [info] [queue_elements.cpp:657] [create] Created (PullQEl_nms3yolov11n/conv51_143 | timeout: 10s)
[2026-04-17 12:01:31.225] [72096] [HailoRT] [info] [edge_elements.cpp:287] [create] Created (HwReadEl12yolov11n/conv54_143 | hw_frame_size: 512000)
[2026-04-17 12:01:31.225] [72096] [HailoRT] [info] [queue_elements.cpp:657] [create] Created (PullQEl_nms12yolov11n/conv54_143 | timeout: 10s)
[2026-04-17 12:01:31.225] [72096] [HailoRT] [info] [edge_elements.cpp:287] [create] Created (HwReadEl15yolov11n/conv62_143 | hw_frame_size: 102400)
[2026-04-17 12:01:31.225] [72096] [HailoRT] [info] [queue_elements.cpp:657] [create] Created (PullQEl_nms15yolov11n/conv62_143 | timeout: 10s)
[2026-04-17 12:01:31.225] [72096] [HailoRT] [info] [edge_elements.cpp:287] [create] Created (HwReadEl13yolov11n/conv65_143 | hw_frame_size: 128000)
[2026-04-17 12:01:31.225] [72096] [HailoRT] [info] [queue_elements.cpp:657] [create] Created (PullQEl_nms13yolov11n/conv65_143 | timeout: 10s)
[2026-04-17 12:01:31.225] [72096] [HailoRT] [info] [edge_elements.cpp:287] [create] Created (HwReadEl1yolov11n/conv77_143 | hw_frame_size: 30720)
[2026-04-17 12:01:31.225] [72096] [HailoRT] [info] [queue_elements.cpp:657] [create] Created (PullQEl_nms1yolov11n/conv77_143 | timeout: 10s)
[2026-04-17 12:01:31.225] [72096] [HailoRT] [info] [edge_elements.cpp:287] [create] Created (HwReadEl0yolov11n/conv80_143 | hw_frame_size: 38400)
[2026-04-17 12:01:31.225] [72096] [HailoRT] [info] [queue_elements.cpp:657] [create] Created (PullQEl_nms0yolov11n/conv80_143 | timeout: 10s)
[2026-04-17 12:01:31.225] [72096] [HailoRT] [info] [queue_elements.cpp:800] [create] Created (UserBufQEl_post_infer0yolov11n/yolov8_nms_postprocess | timeout: 10s)
[2026-04-17 12:01:31.225] [72096] [HailoRT] [info] [vstream.cpp:1114] [OutputVStreamImpl] Creating yolov11n/yolov8_nms_postprocess...
[2026-04-17 12:01:31.225] [72096] [HailoRT] [info] [vstream_builder.cpp:622] [create_output_post_process_nms] Output pipeline 'yolov11n/yolov8_nms_postprocess': HW >> (HwReadEl3yolov11n/conv51_143 | hw_frame_size: 409600) >> (PullQEl_nms3yolov11n/conv51_143) >> (HwReadEl12yolov11n/conv54_143 | hw_frame_size: 512000) >> (PullQEl_nms12yolov11n/conv54_143) >> (HwReadEl15yolov11n/conv62_143 | hw_frame_size: 102400) >> (PullQEl_nms15yolov11n/conv62_143) >> (HwReadEl13yolov11n/conv65_143 | hw_frame_size: 128000) >> (PullQEl_nms13yolov11n/conv65_143) >> (HwReadEl1yolov11n/conv77_143 | hw_frame_size: 30720) >> (PullQEl_nms1yolov11n/conv77_143) >> (HwReadEl0yolov11n/conv80_143 | hw_frame_size: 38400) >> (PullQEl_nms0yolov11n/conv80_143) >> (NmsPPMuxEl0YOLOV8-Post-Process | Op YOLOV8, Name: YOLOV8-Post-Process, Score threshold: 0.200, IoU threshold: 0.70, Classes: 80, Max bboxes per class: 100, Image height: 640, Image width: 640) >> (UserBufQEl_post_infer0yolov11n/yolov8_nms_postprocess | timeout: 10s)
[2026-04-17 12:02:31.225] [73089] [HailoRT] [info] [vdevice_native_stream.cpp:331] [read_impl] Failed read from stream HAILO_STREAM_ABORT(63) (device: 0001:01:00.0)
[2026-04-17 12:02:31.225] [73092] [HailoRT] [info] [vdevice_native_stream.cpp:331] [read_impl] Failed read from stream HAILO_STREAM_ABORT(63) (device: 0001:01:00.0)
[2026-04-17 12:02:31.225] [73092] [HailoRT] [info] [edge_elements.cpp:396] [run_pull] Reading from stream was aborted!
[2026-04-17 12:02:31.225] [73093] [HailoRT] [info] [vdevice_native_stream.cpp:331] [read_impl] Failed read from stream HAILO_STREAM_ABORT(63) (device: 0001:01:00.0)
[2026-04-17 12:02:31.225] [73093] [HailoRT] [info] [edge_elements.cpp:396] [run_pull] Reading from stream was aborted!
[2026-04-17 12:02:31.225] [73092] [HailoRT] [info] [queue_elements.cpp:738] [run_in_thread] run_pull of queue element PullQEl_nms13yolov11n/conv65_143 was aborted!
[2026-04-17 12:02:31.225] [73093] [HailoRT] [info] [queue_elements.cpp:738] [run_in_thread] run_pull of queue element PullQEl_nms1yolov11n/conv77_143 was aborted!
[2026-04-17 12:02:31.225] [73091] [HailoRT] [info] [vdevice_native_stream.cpp:331] [read_impl] Failed read from stream HAILO_STREAM_ABORT(63) (device: 0001:01:00.0)
[2026-04-17 12:02:31.225] [73091] [HailoRT] [info] [edge_elements.cpp:396] [run_pull] Reading from stream was aborted!
[2026-04-17 12:02:31.225] [73094] [HailoRT] [info] [vdevice_native_stream.cpp:331] [read_impl] Failed read from stream HAILO_STREAM_ABORT(63) (device: 0001:01:00.0)
[2026-04-17 12:02:31.225] [73091] [HailoRT] [info] [queue_elements.cpp:738] [run_in_thread] run_pull of queue element PullQEl_nms15yolov11n/conv62_143 was aborted!
[2026-04-17 12:02:31.225] [73094] [HailoRT] [info] [edge_elements.cpp:396] [run_pull] Reading from stream was aborted!
[2026-04-17 12:02:31.225] [73089] [HailoRT] [info] [edge_elements.cpp:396] [run_pull] Reading from stream was aborted!
[2026-04-17 12:02:31.225] [73090] [HailoRT] [info] [vdevice_native_stream.cpp:331] [read_impl] Failed read from stream HAILO_STREAM_ABORT(63) (device: 0001:01:00.0)
[2026-04-17 12:02:31.225] [73090] [HailoRT] [info] [edge_elements.cpp:396] [run_pull] Reading from stream was aborted!
[2026-04-17 12:02:31.225] [73089] [HailoRT] [info] [queue_elements.cpp:738] [run_in_thread] run_pull of queue element PullQEl_nms3yolov11n/conv51_143 was aborted!
[2026-04-17 12:02:31.225] [73094] [HailoRT] [info] [queue_elements.cpp:738] [run_in_thread] run_pull of queue element PullQEl_nms0yolov11n/conv80_143 was aborted!
[2026-04-17 12:02:31.225] [73090] [HailoRT] [info] [queue_elements.cpp:738] [run_in_thread] run_pull of queue element PullQEl_nms12yolov11n/conv54_143 was aborted!
[2026-04-17 12:02:31.227] [73098] [HailoRT] [info] [queue_elements.cpp:706] [run_pull] Shutdown event was signaled in dequeue of queue element PullQEl_nms3yolov11n/conv51_143!
[2026-04-17 12:02:31.227] [73098] [HailoRT] [info] [vstream.cpp:1138] [read] Receiving to VStream was shutdown!
[2026-04-17 12:02:31.228] [73088] [HailoRT] [info] [vdevice_native_stream.cpp:142] [write_impl] Failed write to stream yolov11n/input_layer1 (device: 0001:01:00.0) with status=HAILO_STREAM_ABORT(63)
[2026-04-17 12:02:31.228] [73088] [HailoRT] [info] [edge_elements.cpp:87] [run_push] Failed to send on input stream InputStream(index=8, name=yolov11n/input_layer1) because stream was aborted
[2026-04-17 12:02:31.228] [73088] [HailoRT] [info] [queue_elements.cpp:401] [run_in_thread] run_push of PushQEl8yolov11n/input_layer1 was aborted!
[2026-04-17 12:02:31.229] [73099] [HailoRT] [info] [queue_elements.cpp:319] [run_push] run_push of PushQEl8yolov11n/input_layer1 was aborted!
[2026-04-17 12:02:31.229] [73099] [HailoRT] [info] [filter_elements.cpp:35] [run_push] run_push of PreInferEl8yolov11n/input_layer1 was aborted!
[2026-04-17 12:02:31.229] [73099] [HailoRT] [info] [vstream.cpp:778] [write] Sending to VStream was aborted!
[2026-04-17 12:02:31.235] [72096] [HailoRT] [info] [queue_elements.cpp:360] [execute_deactivate] enqueue() in element PushQEl8yolov11n/input_layer1 was aborted, got status = HAILO_SHUTDOWN_EVENT_SIGNALED(57)
[2026-04-17 12:02:31.235] [73088] [HailoRT] [info] [queue_elements.cpp:68] [operator()] Thread in element PushQEl8yolov11n/input_layer1 is not running anymore, exiting..
[2026-04-17 12:02:31.235] [72096] [HailoRT] [info] [queue_elements.cpp:46] [~BaseQueueElement] Queue element PushQEl8yolov11n/input_layer1 has 0 frames in his Queue on destruction
[2026-04-17 12:02:31.236] [73095] [HailoRT] [info] [queue_elements.cpp:68] [operator()] Thread in element UserBufQEl_post_infer0yolov11n/yolov8_nms_postprocess is not running anymore, exiting..
[2026-04-17 12:02:31.236] [72096] [HailoRT] [info] [queue_elements.cpp:46] [~BaseQueueElement] Queue element UserBufQEl_post_infer0yolov11n/yolov8_nms_postprocess has 0 frames in his Queue on destruction
[2026-04-17 12:02:31.236] [73094] [HailoRT] [info] [queue_elements.cpp:68] [operator()] Thread in element PullQEl_nms0yolov11n/conv80_143 is not running anymore, exiting..
[2026-04-17 12:02:31.236] [72096] [HailoRT] [info] [queue_elements.cpp:46] [~BaseQueueElement] Queue element PullQEl_nms0yolov11n/conv80_143 has 0 frames in his Queue on destruction
[2026-04-17 12:02:31.236] [73093] [HailoRT] [info] [queue_elements.cpp:68] [operator()] Thread in element PullQEl_nms1yolov11n/conv77_143 is not running anymore, exiting..
[2026-04-17 12:02:31.236] [72096] [HailoRT] [info] [queue_elements.cpp:46] [~BaseQueueElement] Queue element PullQEl_nms1yolov11n/conv77_143 has 0 frames in his Queue on destruction
[2026-04-17 12:02:31.236] [73092] [HailoRT] [info] [queue_elements.cpp:68] [operator()] Thread in element PullQEl_nms13yolov11n/conv65_143 is not running anymore, exiting..
[2026-04-17 12:02:31.236] [72096] [HailoRT] [info] [queue_elements.cpp:46] [~BaseQueueElement] Queue element PullQEl_nms13yolov11n/conv65_143 has 0 frames in his Queue on destruction
[2026-04-17 12:02:31.236] [73091] [HailoRT] [info] [queue_elements.cpp:68] [operator()] Thread in element PullQEl_nms15yolov11n/conv62_143 is not running anymore, exiting..
[2026-04-17 12:02:31.236] [72096] [HailoRT] [info] [queue_elements.cpp:46] [~BaseQueueElement] Queue element PullQEl_nms15yolov11n/conv62_143 has 0 frames in his Queue on destruction
[2026-04-17 12:02:31.236] [73090] [HailoRT] [info] [queue_elements.cpp:68] [operator()] Thread in element PullQEl_nms12yolov11n/conv54_143 is not running anymore, exiting..
[2026-04-17 12:02:31.236] [72096] [HailoRT] [info] [queue_elements.cpp:46] [~BaseQueueElement] Queue element PullQEl_nms12yolov11n/conv54_143 has 0 frames in his Queue on destruction
[2026-04-17 12:02:31.236] [73089] [HailoRT] [info] [queue_elements.cpp:68] [operator()] Thread in element PullQEl_nms3yolov11n/conv51_143 is not running anymore, exiting..
[2026-04-17 12:02:31.236] [72096] [HailoRT] [info] [queue_elements.cpp:46] [~BaseQueueElement] Queue element PullQEl_nms3yolov11n/conv51_143 has 0 frames in his Queue on destruction
[2026-04-17 12:02:31.236] [72096] [HailoRT] [info] [core_op.cpp:186] [deactivate] Deactivating took 0.007574 ms
[2026-04-17 12:02:31.236] [72096] [HailoRT] [info] [core_op.cpp:186] [deactivate] Deactivating took 0.0155 ms
[2026-04-17 12:02:41.614] [73655] [HailoRT] [info] [vdevice.cpp:535] [create] Creating vdevice with params: device_count: 1, scheduling_algorithm: NONE, multi_process_service: false
[2026-04-17 12:02:41.627] [73655] [HailoRT] [info] [device.cpp:51] [Device] OS Version: Linux 6.12.75+rpt-rpi-2712 #1 SMP PREEMPT Debian 1:6.12.75-1+rpt1 (2026-03-11) aarch64
[2026-04-17 12:02:41.627] [73655] [HailoRT] [info] [control.cpp:113] [control__parse_identify_results] firmware_version is: 4.23.0
[2026-04-17 12:02:41.628] [73655] [HailoRT] [info] [vdevice.cpp:682] [create] VDevice Infos: 0001:01:00.0
[2026-04-17 12:02:41.634] [73655] [HailoRT] [warning] [buffer_requirements.cpp:131] [get_buffer_requirements_multiple_transfers] Desc page size value (1024) is not optimal for performance.
[2026-04-17 12:02:41.653] [73655] [HailoRT] [info] [internal_buffer_manager.cpp:77] [print_execution_results] Planned internal buffer memory: CMA=0 CMA-Desc=1376256 Pinned=56527872. memory to edge layer usage factor is 1
[2026-04-17 12:02:41.653] [73655] [HailoRT] [info] [internal_buffer_manager.cpp:86] [print_execution_results] Default Internal buffer planner executed successfully
[2026-04-17 12:02:41.761] [73655] [HailoRT] [info] [device_internal.cpp:57] [configure] Configuring HEF took 133.163865 milliseconds
[2026-04-17 12:02:41.761] [73655] [HailoRT] [info] [vdevice.cpp:780] [configure] Configuring HEF on VDevice took 133.668641 milliseconds
[2026-04-17 12:02:41.762] [73655] [HailoRT] [info] [control.cpp:113] [control__parse_identify_results] firmware_version is: 4.23.0
[2026-04-17 12:02:41.762] [73655] [HailoRT] [info] [control.cpp:113] [control__parse_identify_results] firmware_version is: 4.23.0
[2026-04-17 12:02:41.796] [73655] [HailoRT] [info] [core_op.cpp:156] [activate] Activating yolov11n took 34.34588 milliseconds. Note that the function is asynchronous and thus the network is not fully activated yet.
[2026-04-17 12:02:41.796] [73655] [HailoRT] [info] [core_op.cpp:156] [activate] Activating yolov11n took 34.378083 milliseconds. Note that the function is asynchronous and thus the network is not fully activated yet.
[2026-04-17 12:02:41.810] [73655] [HailoRT] [info] [control.cpp:113] [control__parse_identify_results] firmware_version is: 4.23.0
[2026-04-17 12:02:41.810] [73655] [HailoRT] [info] [control.cpp:113] [control__parse_identify_results] firmware_version is: 4.23.0
[2026-04-17 12:02:43.048] [73647] [HailoRT] [info] [device.cpp:51] [Device] OS Version: Linux 6.12.75+rpt-rpi-2712 #1 SMP PREEMPT Debian 1:6.12.75-1+rpt1 (2026-03-11) aarch64
[2026-04-17 12:02:43.048] [73647] [HailoRT] [info] [control.cpp:113] [control__parse_identify_results] firmware_version is: 4.23.0
[2026-04-17 12:02:43.048] [73647] [HailoRT] [info] [control.cpp:113] [control__parse_identify_results] firmware_version is: 4.23.0
[2026-04-17 12:03:41.811] [73670] [HailoRT] [info] [vdevice_native_stream.cpp:142] [write_impl] Failed write to stream yolov11n/input_layer1 (device: 0001:01:00.0) with status=HAILO_STREAM_ABORT(63)
[2026-04-17 12:03:41.811] [73665] [HailoRT] [info] [vdevice_native_stream.cpp:331] [read_impl] Failed read from stream HAILO_STREAM_ABORT(63) (device: 0001:01:00.0)
[2026-04-17 12:03:41.811] [73667] [HailoRT] [info] [vdevice_native_stream.cpp:331] [read_impl] Failed read from stream HAILO_STREAM_ABORT(63) (device: 0001:01:00.0)
[2026-04-17 12:03:41.811] [73664] [HailoRT] [info] [vdevice_native_stream.cpp:331] [read_impl] Failed read from stream HAILO_STREAM_ABORT(63) (device: 0001:01:00.0)
[2026-04-17 12:03:41.811] [73668] [HailoRT] [info] [vdevice_native_stream.cpp:331] [read_impl] Failed read from stream HAILO_STREAM_ABORT(63) (device: 0001:01:00.0)
[2026-04-17 12:03:41.811] [73669] [HailoRT] [info] [vdevice_native_stream.cpp:331] [read_impl] Failed read from stream HAILO_STREAM_ABORT(63) (device: 0001:01:00.0)
[2026-04-17 12:03:41.811] [73666] [HailoRT] [info] [vdevice_native_stream.cpp:331] [read_impl] Failed read from stream HAILO_STREAM_ABORT(63) (device: 0001:01:00.0)
[2026-04-17 12:03:41.820] [73655] [HailoRT] [info] [core_op.cpp:186] [deactivate] Deactivating took 0.007834 ms
[2026-04-17 12:03:41.820] [73655] [HailoRT] [info] [core_op.cpp:186] [deactivate] Deactivating took 0.028444 ms
[2026-04-17 12:03:41.880] [73655] [HailoRT] [info] [vdevice.cpp:535] [create] Creating vdevice with params: device_count: 1, scheduling_algorithm: NONE, multi_process_service: false
[2026-04-17 12:03:41.881] [73655] [HailoRT] [info] [device.cpp:51] [Device] OS Version: Linux 6.12.75+rpt-rpi-2712 #1 SMP PREEMPT Debian 1:6.12.75-1+rpt1 (2026-03-11) aarch64
[2026-04-17 12:03:41.881] [73655] [HailoRT] [info] [control.cpp:113] [control__parse_identify_results] firmware_version is: 4.23.0
[2026-04-17 12:03:41.881] [73655] [HailoRT] [info] [vdevice.cpp:682] [create] VDevice Infos: 0001:01:00.0
[2026-04-17 12:03:41.891] [73655] [HailoRT] [warning] [buffer_requirements.cpp:131] [get_buffer_requirements_multiple_transfers] Desc page size value (1024) is not optimal for performance.
[2026-04-17 12:03:41.915] [73655] [HailoRT] [info] [internal_buffer_manager.cpp:77] [print_execution_results] Planned internal buffer memory: CMA=0 CMA-Desc=1376256 Pinned=56527872. memory to edge layer usage factor is 1
[2026-04-17 12:03:41.915] [73655] [HailoRT] [info] [internal_buffer_manager.cpp:86] [print_execution_results] Default Internal buffer planner executed successfully
[2026-04-17 12:03:42.030] [73655] [HailoRT] [info] [device_internal.cpp:57] [configure] Configuring HEF took 149.288661 milliseconds
[2026-04-17 12:03:42.031] [73655] [HailoRT] [info] [vdevice.cpp:780] [configure] Configuring HEF on VDevice took 149.690474 milliseconds
[2026-04-17 12:03:42.031] [73655] [HailoRT] [info] [control.cpp:113] [control__parse_identify_results] firmware_version is: 4.23.0
[2026-04-17 12:03:42.031] [73655] [HailoRT] [info] [control.cpp:113] [control__parse_identify_results] firmware_version is: 4.23.0
[2026-04-17 12:03:42.065] [73655] [HailoRT] [info] [core_op.cpp:156] [activate] Activating yolov11n took 34.043918 milliseconds. Note that the function is asynchronous and thus the network is not fully activated yet.
[2026-04-17 12:03:42.065] [73655] [HailoRT] [info] [core_op.cpp:156] [activate] Activating yolov11n took 34.066621 milliseconds. Note that the function is asynchronous and thus the network is not fully activated yet.
[2026-04-17 12:03:42.078] [73655] [HailoRT] [info] [control.cpp:113] [control__parse_identify_results] firmware_version is: 4.23.0
[2026-04-17 12:03:42.079] [73655] [HailoRT] [info] [control.cpp:113] [control__parse_identify_results] firmware_version is: 4.23.0
[2026-04-17 12:03:42.079] [73655] [HailoRT] [info] [edge_elements.cpp:52] [create] Created (HwWriteEl8yolov11n/input_layer1 | hw_frame_size: 1228800)
[2026-04-17 12:03:42.079] [73655] [HailoRT] [info] [queue_elements.cpp:284] [create] Created (PushQEl8yolov11n/input_layer1 | timeout: 10s)
[2026-04-17 12:03:42.079] [73655] [HailoRT] [info] [filter_elements.cpp:101] [create] Created (PreInferEl8yolov11n/input_layer1 | Reorder - src_order: NHWC, src_shape: (640, 640, 3), dst_order: NHCW, dst_shape: (640, 640, 3))
[2026-04-17 12:03:42.079] [73655] [HailoRT] [info] [vstream.cpp:754] [InputVStreamImpl] Creating yolov11n/input_layer1...
[2026-04-17 12:03:42.079] [73655] [HailoRT] [info] [vstream_builder.cpp:102] [create_inputs] Input pipeline 'yolov11n/input_layer1': (PreInferEl8yolov11n/input_layer1 | Reorder - src_order: NHWC, src_shape: (640, 640, 3), dst_order: NHCW, dst_shape: (640, 640, 3)) >> (PushQEl8yolov11n/input_layer1 | timeout: 10s) >> (HwWriteEl8yolov11n/input_layer1 | hw_frame_size: 1228800) >> HW
[2026-04-17 12:03:42.079] [73655] [HailoRT] [info] [multi_io_elements.cpp:135] [create] Created (NmsPPMuxEl0YOLOV8-Post-Process | Op YOLOV8, Name: YOLOV8-Post-Process, Score threshold: 0.200, IoU threshold: 0.70, Classes: 80, Max bboxes per class: 100, Image height: 640, Image width: 640)
[2026-04-17 12:03:42.079] [73655] [HailoRT] [info] [edge_elements.cpp:287] [create] Created (HwReadEl3yolov11n/conv51_143 | hw_frame_size: 409600)
[2026-04-17 12:03:42.079] [73655] [HailoRT] [info] [queue_elements.cpp:657] [create] Created (PullQEl_nms3yolov11n/conv51_143 | timeout: 10s)
[2026-04-17 12:03:42.079] [73655] [HailoRT] [info] [edge_elements.cpp:287] [create] Created (HwReadEl12yolov11n/conv54_143 | hw_frame_size: 512000)
[2026-04-17 12:03:42.079] [73655] [HailoRT] [info] [queue_elements.cpp:657] [create] Created (PullQEl_nms12yolov11n/conv54_143 | timeout: 10s)
[2026-04-17 12:03:42.079] [73655] [HailoRT] [info] [edge_elements.cpp:287] [create] Created (HwReadEl15yolov11n/conv62_143 | hw_frame_size: 102400)
[2026-04-17 12:03:42.079] [73655] [HailoRT] [info] [queue_elements.cpp:657] [create] Created (PullQEl_nms15yolov11n/conv62_143 | timeout: 10s)
[2026-04-17 12:03:42.079] [73655] [HailoRT] [info] [edge_elements.cpp:287] [create] Created (HwReadEl13yolov11n/conv65_143 | hw_frame_size: 128000)
[2026-04-17 12:03:42.080] [73655] [HailoRT] [info] [queue_elements.cpp:657] [create] Created (PullQEl_nms13yolov11n/conv65_143 | timeout: 10s)
[2026-04-17 12:03:42.080] [73655] [HailoRT] [info] [edge_elements.cpp:287] [create] Created (HwReadEl1yolov11n/conv77_143 | hw_frame_size: 30720)
[2026-04-17 12:03:42.080] [73655] [HailoRT] [info] [queue_elements.cpp:657] [create] Created (PullQEl_nms1yolov11n/conv77_143 | timeout: 10s)
[2026-04-17 12:03:42.080] [73655] [HailoRT] [info] [edge_elements.cpp:287] [create] Created (HwReadEl0yolov11n/conv80_143 | hw_frame_size: 38400)
[2026-04-17 12:03:42.080] [73655] [HailoRT] [info] [queue_elements.cpp:657] [create] Created (PullQEl_nms0yolov11n/conv80_143 | timeout: 10s)
[2026-04-17 12:03:42.080] [73655] [HailoRT] [info] [queue_elements.cpp:800] [create] Created (UserBufQEl_post_infer0yolov11n/yolov8_nms_postprocess | timeout: 10s)
[2026-04-17 12:03:42.080] [73655] [HailoRT] [info] [vstream.cpp:1114] [OutputVStreamImpl] Creating yolov11n/yolov8_nms_postprocess...
[2026-04-17 12:03:42.080] [73655] [HailoRT] [info] [vstream_builder.cpp:622] [create_output_post_process_nms] Output pipeline 'yolov11n/yolov8_nms_postprocess': HW >> (HwReadEl3yolov11n/conv51_143 | hw_frame_size: 409600) >> (PullQEl_nms3yolov11n/conv51_143) >> (HwReadEl12yolov11n/conv54_143 | hw_frame_size: 512000) >> (PullQEl_nms12yolov11n/conv54_143) >> (HwReadEl15yolov11n/conv62_143 | hw_frame_size: 102400) >> (PullQEl_nms15yolov11n/conv62_143) >> (HwReadEl13yolov11n/conv65_143 | hw_frame_size: 128000) >> (PullQEl_nms13yolov11n/conv65_143) >> (HwReadEl1yolov11n/conv77_143 | hw_frame_size: 30720) >> (PullQEl_nms1yolov11n/conv77_143) >> (HwReadEl0yolov11n/conv80_143 | hw_frame_size: 38400) >> (PullQEl_nms0yolov11n/conv80_143) >> (NmsPPMuxEl0YOLOV8-Post-Process | Op YOLOV8, Name: YOLOV8-Post-Process, Score threshold: 0.200, IoU threshold: 0.70, Classes: 80, Max bboxes per class: 100, Image height: 640, Image width: 640) >> (UserBufQEl_post_infer0yolov11n/yolov8_nms_postprocess | timeout: 10s)
[2026-04-17 12:04:42.080] [74157] [HailoRT] [info] [vdevice_native_stream.cpp:331] [read_impl] Failed read from stream HAILO_STREAM_ABORT(63) (device: 0001:01:00.0)
[2026-04-17 12:04:42.080] [74162] [HailoRT] [info] [vdevice_native_stream.cpp:331] [read_impl] Failed read from stream HAILO_STREAM_ABORT(63) (device: 0001:01:00.0)
[2026-04-17 12:04:42.080] [74158] [HailoRT] [info] [vdevice_native_stream.cpp:331] [read_impl] Failed read from stream HAILO_STREAM_ABORT(63) (device: 0001:01:00.0)
[2026-04-17 12:04:42.080] [74158] [HailoRT] [info] [edge_elements.cpp:396] [run_pull] Reading from stream was aborted!
[2026-04-17 12:04:42.080] [74162] [HailoRT] [info] [edge_elements.cpp:396] [run_pull] Reading from stream was aborted!
[2026-04-17 12:04:42.080] [74159] [HailoRT] [info] [vdevice_native_stream.cpp:331] [read_impl] Failed read from stream HAILO_STREAM_ABORT(63) (device: 0001:01:00.0)
[2026-04-17 12:04:42.080] [74158] [HailoRT] [info] [queue_elements.cpp:738] [run_in_thread] run_pull of queue element PullQEl_nms12yolov11n/conv54_143 was aborted!
[2026-04-17 12:04:42.080] [74159] [HailoRT] [info] [edge_elements.cpp:396] [run_pull] Reading from stream was aborted!
[2026-04-17 12:04:42.080] [74159] [HailoRT] [info] [queue_elements.cpp:738] [run_in_thread] run_pull of queue element PullQEl_nms15yolov11n/conv62_143 was aborted!
[2026-04-17 12:04:42.080] [74157] [HailoRT] [info] [edge_elements.cpp:396] [run_pull] Reading from stream was aborted!
[2026-04-17 12:04:42.080] [74162] [HailoRT] [info] [queue_elements.cpp:738] [run_in_thread] run_pull of queue element PullQEl_nms0yolov11n/conv80_143 was aborted!
[2026-04-17 12:04:42.080] [74157] [HailoRT] [info] [queue_elements.cpp:738] [run_in_thread] run_pull of queue element PullQEl_nms3yolov11n/conv51_143 was aborted!
[2026-04-17 12:04:42.080] [74166] [HailoRT] [info] [queue_elements.cpp:706] [run_pull] Shutdown event was signaled in dequeue of queue element PullQEl_nms3yolov11n/conv51_143!
[2026-04-17 12:04:42.080] [74166] [HailoRT] [info] [vstream.cpp:1138] [read] Receiving to VStream was shutdown!
[2026-04-17 12:04:42.080] [74160] [HailoRT] [info] [vdevice_native_stream.cpp:331] [read_impl] Failed read from stream HAILO_STREAM_ABORT(63) (device: 0001:01:00.0)
[2026-04-17 12:04:42.080] [74160] [HailoRT] [info] [edge_elements.cpp:396] [run_pull] Reading from stream was aborted!
[2026-04-17 12:04:42.080] [74160] [HailoRT] [info] [queue_elements.cpp:738] [run_in_thread] run_pull of queue element PullQEl_nms13yolov11n/conv65_143 was aborted!
[2026-04-17 12:04:42.080] [74161] [HailoRT] [info] [vdevice_native_stream.cpp:331] [read_impl] Failed read from stream HAILO_STREAM_ABORT(63) (device: 0001:01:00.0)
[2026-04-17 12:04:42.080] [74161] [HailoRT] [info] [edge_elements.cpp:396] [run_pull] Reading from stream was aborted!
[2026-04-17 12:04:42.080] [74161] [HailoRT] [info] [queue_elements.cpp:738] [run_in_thread] run_pull of queue element PullQEl_nms1yolov11n/conv77_143 was aborted!
[2026-04-17 12:04:42.082] [74156] [HailoRT] [info] [vdevice_native_stream.cpp:142] [write_impl] Failed write to stream yolov11n/input_layer1 (device: 0001:01:00.0) with status=HAILO_STREAM_ABORT(63)
[2026-04-17 12:04:42.082] [74156] [HailoRT] [info] [edge_elements.cpp:87] [run_push] Failed to send on input stream InputStream(index=8, name=yolov11n/input_layer1) because stream was aborted
[2026-04-17 12:04:42.082] [74156] [HailoRT] [info] [queue_elements.cpp:401] [run_in_thread] run_push of PushQEl8yolov11n/input_layer1 was aborted!
[2026-04-17 12:04:42.082] [74167] [HailoRT] [info] [vstream.cpp:774] [write] Sending to VStream was shutdown!
[2026-04-17 12:04:42.082] [74167] [HailoRT] [info] [vstream.cpp:778] [write] Sending to VStream was aborted!
[2026-04-17 12:04:42.090] [73655] [HailoRT] [info] [queue_elements.cpp:360] [execute_deactivate] enqueue() in element PushQEl8yolov11n/input_layer1 was aborted, got status = HAILO_SHUTDOWN_EVENT_SIGNALED(57)
[2026-04-17 12:04:42.090] [74156] [HailoRT] [info] [queue_elements.cpp:68] [operator()] Thread in element PushQEl8yolov11n/input_layer1 is not running anymore, exiting..
[2026-04-17 12:04:42.091] [73655] [HailoRT] [info] [queue_elements.cpp:46] [~BaseQueueElement] Queue element PushQEl8yolov11n/input_layer1 has 1 frames in his Queue on destruction
[2026-04-17 12:04:42.091] [74163] [HailoRT] [info] [queue_elements.cpp:68] [operator()] Thread in element UserBufQEl_post_infer0yolov11n/yolov8_nms_postprocess is not running anymore, exiting..
[2026-04-17 12:04:42.091] [73655] [HailoRT] [info] [queue_elements.cpp:46] [~BaseQueueElement] Queue element UserBufQEl_post_infer0yolov11n/yolov8_nms_postprocess has 0 frames in his Queue on destruction
[2026-04-17 12:04:42.091] [74162] [HailoRT] [info] [queue_elements.cpp:68] [operator()] Thread in element PullQEl_nms0yolov11n/conv80_143 is not running anymore, exiting..
[2026-04-17 12:04:42.091] [73655] [HailoRT] [info] [queue_elements.cpp:46] [~BaseQueueElement] Queue element PullQEl_nms0yolov11n/conv80_143 has 0 frames in his Queue on destruction
[2026-04-17 12:04:42.091] [74161] [HailoRT] [info] [queue_elements.cpp:68] [operator()] Thread in element PullQEl_nms1yolov11n/conv77_143 is not running anymore, exiting..
[2026-04-17 12:04:42.091] [73655] [HailoRT] [info] [queue_elements.cpp:46] [~BaseQueueElement] Queue element PullQEl_nms1yolov11n/conv77_143 has 0 frames in his Queue on destruction
[2026-04-17 12:04:42.091] [74160] [HailoRT] [info] [queue_elements.cpp:68] [operator()] Thread in element PullQEl_nms13yolov11n/conv65_143 is not running anymore, exiting..
[2026-04-17 12:04:42.091] [73655] [HailoRT] [info] [queue_elements.cpp:46] [~BaseQueueElement] Queue element PullQEl_nms13yolov11n/conv65_143 has 0 frames in his Queue on destruction
[2026-04-17 12:04:42.091] [74159] [HailoRT] [info] [queue_elements.cpp:68] [operator()] Thread in element PullQEl_nms15yolov11n/conv62_143 is not running anymore, exiting..
[2026-04-17 12:04:42.091] [73655] [HailoRT] [info] [queue_elements.cpp:46] [~BaseQueueElement] Queue element PullQEl_nms15yolov11n/conv62_143 has 0 frames in his Queue on destruction
[2026-04-17 12:04:42.094] [74158] [HailoRT] [info] [queue_elements.cpp:68] [operator()] Thread in element PullQEl_nms12yolov11n/conv54_143 is not running anymore, exiting..
[2026-04-17 12:04:42.094] [73655] [HailoRT] [info] [queue_elements.cpp:46] [~BaseQueueElement] Queue element PullQEl_nms12yolov11n/conv54_143 has 0 frames in his Queue on destruction
[2026-04-17 12:04:42.094] [74157] [HailoRT] [info] [queue_elements.cpp:68] [operator()] Thread in element PullQEl_nms3yolov11n/conv51_143 is not running anymore, exiting..
[2026-04-17 12:04:42.094] [73655] [HailoRT] [info] [queue_elements.cpp:46] [~BaseQueueElement] Queue element PullQEl_nms3yolov11n/conv51_143 has 0 frames in his Queue on destruction
[2026-04-17 12:04:42.094] [73655] [HailoRT] [info] [core_op.cpp:186] [deactivate] Deactivating took 0.008037 ms
[2026-04-17 12:04:42.094] [73655] [HailoRT] [info] [core_op.cpp:186] [deactivate] Deactivating took 0.017 ms
[2026-04-17 12:04:42.141] [73655] [HailoRT] [info] [vdevice.cpp:535] [create] Creating vdevice with params: device_count: 1, scheduling_algorithm: NONE, multi_process_service: false
[2026-04-17 12:04:42.142] [73655] [HailoRT] [info] [device.cpp:51] [Device] OS Version: Linux 6.12.75+rpt-rpi-2712 #1 SMP PREEMPT Debian 1:6.12.75-1+rpt1 (2026-03-11) aarch64
[2026-04-17 12:04:42.142] [73655] [HailoRT] [info] [control.cpp:113] [control__parse_identify_results] firmware_version is: 4.23.0
[2026-04-17 12:04:42.142] [73655] [HailoRT] [info] [vdevice.cpp:682] [create] VDevice Infos: 0001:01:00.0
[2026-04-17 12:04:42.148] [73655] [HailoRT] [warning] [buffer_requirements.cpp:131] [get_buffer_requirements_multiple_transfers] Desc page size value (1024) is not optimal for performance.
[2026-04-17 12:04:42.166] [73655] [HailoRT] [info] [internal_buffer_manager.cpp:77] [print_execution_results] Planned internal buffer memory: CMA=0 CMA-Desc=1376256 Pinned=56527872. memory to edge layer usage factor is 1
[2026-04-17 12:04:42.166] [73655] [HailoRT] [info] [internal_buffer_manager.cpp:86] [print_execution_results] Default Internal buffer planner executed successfully
[2026-04-17 12:04:42.282] [73655] [HailoRT] [info] [device_internal.cpp:57] [configure] Configuring HEF took 139.329882 milliseconds
[2026-04-17 12:04:42.282] [73655] [HailoRT] [info] [vdevice.cpp:780] [configure] Configuring HEF on VDevice took 139.753232 milliseconds
[2026-04-17 12:04:42.282] [73655] [HailoRT] [info] [control.cpp:113] [control__parse_identify_results] firmware_version is: 4.23.0
[2026-04-17 12:04:42.283] [73655] [HailoRT] [info] [control.cpp:113] [control__parse_identify_results] firmware_version is: 4.23.0
[2026-04-17 12:04:42.312] [73655] [HailoRT] [info] [core_op.cpp:156] [activate] Activating yolov11n took 29.550304 milliseconds. Note that the function is asynchronous and thus the network is not fully activated yet.
[2026-04-17 12:04:42.312] [73655] [HailoRT] [info] [core_op.cpp:156] [activate] Activating yolov11n took 29.575008 milliseconds. Note that the function is asynchronous and thus the network is not fully activated yet.
[2026-04-17 12:04:42.325] [73655] [HailoRT] [info] [control.cpp:113] [control__parse_identify_results] firmware_version is: 4.23.0
[2026-04-17 12:04:42.326] [73655] [HailoRT] [info] [control.cpp:113] [control__parse_identify_results] firmware_version is: 4.23.0
[2026-04-17 12:04:42.326] [73655] [HailoRT] [info] [edge_elements.cpp:52] [create] Created (HwWriteEl8yolov11n/input_layer1 | hw_frame_size: 1228800)
[2026-04-17 12:04:42.326] [73655] [HailoRT] [info] [queue_elements.cpp:284] [create] Created (PushQEl8yolov11n/input_layer1 | timeout: 10s)
[2026-04-17 12:04:42.326] [73655] [HailoRT] [info] [filter_elements.cpp:101] [create] Created (PreInferEl8yolov11n/input_layer1 | Reorder - src_order: NHWC, src_shape: (640, 640, 3), dst_order: NHCW, dst_shape: (640, 640, 3))
[2026-04-17 12:04:42.326] [73655] [HailoRT] [info] [vstream.cpp:754] [InputVStreamImpl] Creating yolov11n/input_layer1...
[2026-04-17 12:04:42.326] [73655] [HailoRT] [info] [vstream_builder.cpp:102] [create_inputs] Input pipeline 'yolov11n/input_layer1': (PreInferEl8yolov11n/input_layer1 | Reorder - src_order: NHWC, src_shape: (640, 640, 3), dst_order: NHCW, dst_shape: (640, 640, 3)) >> (PushQEl8yolov11n/input_layer1 | timeout: 10s) >> (HwWriteEl8yolov11n/input_layer1 | hw_frame_size: 1228800) >> HW
[2026-04-17 12:04:42.326] [73655] [HailoRT] [info] [multi_io_elements.cpp:135] [create] Created (NmsPPMuxEl0YOLOV8-Post-Process | Op YOLOV8, Name: YOLOV8-Post-Process, Score threshold: 0.200, IoU threshold: 0.70, Classes: 80, Max bboxes per class: 100, Image height: 640, Image width: 640)
[2026-04-17 12:04:42.326] [73655] [HailoRT] [info] [edge_elements.cpp:287] [create] Created (HwReadEl3yolov11n/conv51_143 | hw_frame_size: 409600)
[2026-04-17 12:04:42.326] [73655] [HailoRT] [info] [queue_elements.cpp:657] [create] Created (PullQEl_nms3yolov11n/conv51_143 | timeout: 10s)
[2026-04-17 12:04:42.326] [73655] [HailoRT] [info] [edge_elements.cpp:287] [create] Created (HwReadEl12yolov11n/conv54_143 | hw_frame_size: 512000)
[2026-04-17 12:04:42.326] [73655] [HailoRT] [info] [queue_elements.cpp:657] [create] Created (PullQEl_nms12yolov11n/conv54_143 | timeout: 10s)
[2026-04-17 12:04:42.326] [73655] [HailoRT] [info] [edge_elements.cpp:287] [create] Created (HwReadEl15yolov11n/conv62_143 | hw_frame_size: 102400)
[2026-04-17 12:04:42.326] [73655] [HailoRT] [info] [queue_elements.cpp:657] [create] Created (PullQEl_nms15yolov11n/conv62_143 | timeout: 10s)
[2026-04-17 12:04:42.326] [73655] [HailoRT] [info] [edge_elements.cpp:287] [create] Created (HwReadEl13yolov11n/conv65_143 | hw_frame_size: 128000)
[2026-04-17 12:04:42.326] [73655] [HailoRT] [info] [queue_elements.cpp:657] [create] Created (PullQEl_nms13yolov11n/conv65_143 | timeout: 10s)
[2026-04-17 12:04:42.326] [73655] [HailoRT] [info] [edge_elements.cpp:287] [create] Created (HwReadEl1yolov11n/conv77_143 | hw_frame_size: 30720)
[2026-04-17 12:04:42.326] [73655] [HailoRT] [info] [queue_elements.cpp:657] [create] Created (PullQEl_nms1yolov11n/conv77_143 | timeout: 10s)
[2026-04-17 12:04:42.326] [73655] [HailoRT] [info] [edge_elements.cpp:287] [create] Created (HwReadEl0yolov11n/conv80_143 | hw_frame_size: 38400)
[2026-04-17 12:04:42.326] [73655] [HailoRT] [info] [queue_elements.cpp:657] [create] Created (PullQEl_nms0yolov11n/conv80_143 | timeout: 10s)
[2026-04-17 12:04:42.326] [73655] [HailoRT] [info] [queue_elements.cpp:800] [create] Created (UserBufQEl_post_infer0yolov11n/yolov8_nms_postprocess | timeout: 10s)
[2026-04-17 12:04:42.326] [73655] [HailoRT] [info] [vstream.cpp:1114] [OutputVStreamImpl] Creating yolov11n/yolov8_nms_postprocess...
[2026-04-17 12:04:42.327] [73655] [HailoRT] [info] [vstream_builder.cpp:622] [create_output_post_process_nms] Output pipeline 'yolov11n/yolov8_nms_postprocess': HW >> (HwReadEl3yolov11n/conv51_143 | hw_frame_size: 409600) >> (PullQEl_nms3yolov11n/conv51_143) >> (HwReadEl12yolov11n/conv54_143 | hw_frame_size: 512000) >> (PullQEl_nms12yolov11n/conv54_143) >> (HwReadEl15yolov11n/conv62_143 | hw_frame_size: 102400) >> (PullQEl_nms15yolov11n/conv62_143) >> (HwReadEl13yolov11n/conv65_143 | hw_frame_size: 128000) >> (PullQEl_nms13yolov11n/conv65_143) >> (HwReadEl1yolov11n/conv77_143 | hw_frame_size: 30720) >> (PullQEl_nms1yolov11n/conv77_143) >> (HwReadEl0yolov11n/conv80_143 | hw_frame_size: 38400) >> (PullQEl_nms0yolov11n/conv80_143) >> (NmsPPMuxEl0YOLOV8-Post-Process | Op YOLOV8, Name: YOLOV8-Post-Process, Score threshold: 0.200, IoU threshold: 0.70, Classes: 80, Max bboxes per class: 100, Image height: 640, Image width: 640) >> (UserBufQEl_post_infer0yolov11n/yolov8_nms_postprocess | timeout: 10s)
[2026-04-17 12:05:42.329] [74649] [HailoRT] [info] [vdevice_native_stream.cpp:331] [read_impl] Failed read from stream HAILO_STREAM_ABORT(63) (device: 0001:01:00.0)
[2026-04-17 12:05:42.329] [74651] [HailoRT] [info] [vdevice_native_stream.cpp:331] [read_impl] Failed read from stream HAILO_STREAM_ABORT(63) (device: 0001:01:00.0)
[2026-04-17 12:05:42.329] [74651] [HailoRT] [info] [edge_elements.cpp:396] [run_pull] Reading from stream was aborted!
[2026-04-17 12:05:42.329] [74651] [HailoRT] [info] [queue_elements.cpp:738] [run_in_thread] run_pull of queue element PullQEl_nms13yolov11n/conv65_143 was aborted!
[2026-04-17 12:05:42.329] [74648] [HailoRT] [info] [vdevice_native_stream.cpp:331] [read_impl] Failed read from stream HAILO_STREAM_ABORT(63) (device: 0001:01:00.0)
[2026-04-17 12:05:42.329] [74648] [HailoRT] [info] [edge_elements.cpp:396] [run_pull] Reading from stream was aborted!
[2026-04-17 12:05:42.329] [74648] [HailoRT] [info] [queue_elements.cpp:738] [run_in_thread] run_pull of queue element PullQEl_nms3yolov11n/conv51_143 was aborted!
[2026-04-17 12:05:42.329] [74657] [HailoRT] [info] [queue_elements.cpp:706] [run_pull] Shutdown event was signaled in dequeue of queue element PullQEl_nms3yolov11n/conv51_143!
[2026-04-17 12:05:42.329] [74657] [HailoRT] [info] [vstream.cpp:1138] [read] Receiving to VStream was shutdown!
[2026-04-17 12:05:42.329] [74650] [HailoRT] [info] [vdevice_native_stream.cpp:331] [read_impl] Failed read from stream HAILO_STREAM_ABORT(63) (device: 0001:01:00.0)
[2026-04-17 12:05:42.329] [74650] [HailoRT] [info] [edge_elements.cpp:396] [run_pull] Reading from stream was aborted!
[2026-04-17 12:05:42.329] [74650] [HailoRT] [info] [queue_elements.cpp:738] [run_in_thread] run_pull of queue element PullQEl_nms15yolov11n/conv62_143 was aborted!
[2026-04-17 12:05:42.329] [74647] [HailoRT] [info] [vdevice_native_stream.cpp:142] [write_impl] Failed write to stream yolov11n/input_layer1 (device: 0001:01:00.0) with status=HAILO_STREAM_ABORT(63)
[2026-04-17 12:05:42.329] [74647] [HailoRT] [info] [edge_elements.cpp:87] [run_push] Failed to send on input stream InputStream(index=8, name=yolov11n/input_layer1) because stream was aborted
[2026-04-17 12:05:42.329] [74647] [HailoRT] [info] [queue_elements.cpp:401] [run_in_thread] run_push of PushQEl8yolov11n/input_layer1 was aborted!
[2026-04-17 12:05:42.330] [74658] [HailoRT] [info] [queue_elements.cpp:319] [run_push] run_push of PushQEl8yolov11n/input_layer1 was aborted!
[2026-04-17 12:05:42.330] [74658] [HailoRT] [info] [filter_elements.cpp:35] [run_push] run_push of PreInferEl8yolov11n/input_layer1 was aborted!
[2026-04-17 12:05:42.330] [74658] [HailoRT] [info] [vstream.cpp:778] [write] Sending to VStream was aborted!
[2026-04-17 12:05:42.329] [74649] [HailoRT] [info] [edge_elements.cpp:396] [run_pull] Reading from stream was aborted!
[2026-04-17 12:05:42.330] [74649] [HailoRT] [info] [queue_elements.cpp:738] [run_in_thread] run_pull of queue element PullQEl_nms12yolov11n/conv54_143 was aborted!
[2026-04-17 12:05:42.330] [74652] [HailoRT] [info] [vdevice_native_stream.cpp:331] [read_impl] Failed read from stream HAILO_STREAM_ABORT(63) (device: 0001:01:00.0)
[2026-04-17 12:05:42.330] [74652] [HailoRT] [info] [edge_elements.cpp:396] [run_pull] Reading from stream was aborted!
[2026-04-17 12:05:42.330] [74652] [HailoRT] [info] [queue_elements.cpp:738] [run_in_thread] run_pull of queue element PullQEl_nms1yolov11n/conv77_143 was aborted!
[2026-04-17 12:05:42.330] [74653] [HailoRT] [info] [vdevice_native_stream.cpp:331] [read_impl] Failed read from stream HAILO_STREAM_ABORT(63) (device: 0001:01:00.0)
[2026-04-17 12:05:42.330] [74653] [HailoRT] [info] [edge_elements.cpp:396] [run_pull] Reading from stream was aborted!
[2026-04-17 12:05:42.330] [74653] [HailoRT] [info] [queue_elements.cpp:738] [run_in_thread] run_pull of queue element PullQEl_nms0yolov11n/conv80_143 was aborted!
[2026-04-17 12:05:42.338] [73655] [HailoRT] [info] [queue_elements.cpp:360] [execute_deactivate] enqueue() in element PushQEl8yolov11n/input_layer1 was aborted, got status = HAILO_SHUTDOWN_EVENT_SIGNALED(57)
[2026-04-17 12:05:42.338] [74647] [HailoRT] [info] [queue_elements.cpp:68] [operator()] Thread in element PushQEl8yolov11n/input_layer1 is not running anymore, exiting..
[2026-04-17 12:05:42.338] [73655] [HailoRT] [info] [queue_elements.cpp:46] [~BaseQueueElement] Queue element PushQEl8yolov11n/input_layer1 has 0 frames in his Queue on destruction
[2026-04-17 12:05:42.338] [74654] [HailoRT] [info] [queue_elements.cpp:68] [operator()] Thread in element UserBufQEl_post_infer0yolov11n/yolov8_nms_postprocess is not running anymore, exiting..
[2026-04-17 12:05:42.338] [73655] [HailoRT] [info] [queue_elements.cpp:46] [~BaseQueueElement] Queue element UserBufQEl_post_infer0yolov11n/yolov8_nms_postprocess has 0 frames in his Queue on destruction
[2026-04-17 12:05:42.338] [74653] [HailoRT] [info] [queue_elements.cpp:68] [operator()] Thread in element PullQEl_nms0yolov11n/conv80_143 is not running anymore, exiting..
[2026-04-17 12:05:42.338] [73655] [HailoRT] [info] [queue_elements.cpp:46] [~BaseQueueElement] Queue element PullQEl_nms0yolov11n/conv80_143 has 0 frames in his Queue on destruction
[2026-04-17 12:05:42.338] [74652] [HailoRT] [info] [queue_elements.cpp:68] [operator()] Thread in element PullQEl_nms1yolov11n/conv77_143 is not running anymore, exiting..
[2026-04-17 12:05:42.338] [73655] [HailoRT] [info] [queue_elements.cpp:46] [~BaseQueueElement] Queue element PullQEl_nms1yolov11n/conv77_143 has 0 frames in his Queue on destruction
[2026-04-17 12:05:42.338] [74651] [HailoRT] [info] [queue_elements.cpp:68] [operator()] Thread in element PullQEl_nms13yolov11n/conv65_143 is not running anymore, exiting..
[2026-04-17 12:05:42.338] [73655] [HailoRT] [info] [queue_elements.cpp:46] [~BaseQueueElement] Queue element PullQEl_nms13yolov11n/conv65_143 has 0 frames in his Queue on destruction
[2026-04-17 12:05:42.338] [74650] [HailoRT] [info] [queue_elements.cpp:68] [operator()] Thread in element PullQEl_nms15yolov11n/conv62_143 is not running anymore, exiting..
[2026-04-17 12:05:42.338] [73655] [HailoRT] [info] [queue_elements.cpp:46] [~BaseQueueElement] Queue element PullQEl_nms15yolov11n/conv62_143 has 0 frames in his Queue on destruction
[2026-04-17 12:05:42.338] [74649] [HailoRT] [info] [queue_elements.cpp:68] [operator()] Thread in element PullQEl_nms12yolov11n/conv54_143 is not running anymore, exiting..
[2026-04-17 12:05:42.338] [73655] [HailoRT] [info] [queue_elements.cpp:46] [~BaseQueueElement] Queue element PullQEl_nms12yolov11n/conv54_143 has 0 frames in his Queue on destruction
[2026-04-17 12:05:42.338] [74648] [HailoRT] [info] [queue_elements.cpp:68] [operator()] Thread in element PullQEl_nms3yolov11n/conv51_143 is not running anymore, exiting..
[2026-04-17 12:05:42.338] [73655] [HailoRT] [info] [queue_elements.cpp:46] [~BaseQueueElement] Queue element PullQEl_nms3yolov11n/conv51_143 has 0 frames in his Queue on destruction
[2026-04-17 12:05:42.338] [73655] [HailoRT] [info] [core_op.cpp:186] [deactivate] Deactivating took 0.007666 ms
[2026-04-17 12:05:42.339] [73655] [HailoRT] [info] [core_op.cpp:186] [deactivate] Deactivating took 0.016055 ms
[2026-04-17 12:05:52.700] [75222] [HailoRT] [info] [vdevice.cpp:535] [create] Creating vdevice with params: device_count: 1, scheduling_algorithm: NONE, multi_process_service: false
[2026-04-17 12:05:52.713] [75222] [HailoRT] [info] [device.cpp:51] [Device] OS Version: Linux 6.12.75+rpt-rpi-2712 #1 SMP PREEMPT Debian 1:6.12.75-1+rpt1 (2026-03-11) aarch64
[2026-04-17 12:05:52.713] [75222] [HailoRT] [info] [control.cpp:113] [control__parse_identify_results] firmware_version is: 4.23.0
[2026-04-17 12:05:52.713] [75222] [HailoRT] [info] [vdevice.cpp:682] [create] VDevice Infos: 0001:01:00.0
[2026-04-17 12:05:52.720] [75222] [HailoRT] [warning] [buffer_requirements.cpp:131] [get_buffer_requirements_multiple_transfers] Desc page size value (1024) is not optimal for performance.
[2026-04-17 12:05:52.749] [75222] [HailoRT] [info] [internal_buffer_manager.cpp:77] [print_execution_results] Planned internal buffer memory: CMA=0 CMA-Desc=1376256 Pinned=57705472. memory to edge layer usage factor is 1
[2026-04-17 12:05:52.749] [75222] [HailoRT] [info] [internal_buffer_manager.cpp:86] [print_execution_results] Default Internal buffer planner executed successfully
[2026-04-17 12:05:52.863] [75222] [HailoRT] [info] [device_internal.cpp:57] [configure] Configuring HEF took 149.006756 milliseconds
[2026-04-17 12:05:52.863] [75222] [HailoRT] [info] [vdevice.cpp:780] [configure] Configuring HEF on VDevice took 149.437384 milliseconds
[2026-04-17 12:05:52.863] [75222] [HailoRT] [info] [control.cpp:113] [control__parse_identify_results] firmware_version is: 4.23.0
[2026-04-17 12:05:52.864] [75222] [HailoRT] [info] [control.cpp:113] [control__parse_identify_results] firmware_version is: 4.23.0
[2026-04-17 12:05:52.900] [75222] [HailoRT] [info] [core_op.cpp:156] [activate] Activating yolov11n took 36.750871 milliseconds. Note that the function is asynchronous and thus the network is not fully activated yet.
[2026-04-17 12:05:52.900] [75222] [HailoRT] [info] [core_op.cpp:156] [activate] Activating yolov11n took 36.778334 milliseconds. Note that the function is asynchronous and thus the network is not fully activated yet.
[2026-04-17 12:05:52.914] [75222] [HailoRT] [info] [control.cpp:113] [control__parse_identify_results] firmware_version is: 4.23.0
[2026-04-17 12:05:52.914] [75222] [HailoRT] [info] [control.cpp:113] [control__parse_identify_results] firmware_version is: 4.23.0
[2026-04-17 12:05:54.138] [75214] [HailoRT] [info] [device.cpp:51] [Device] OS Version: Linux 6.12.75+rpt-rpi-2712 #1 SMP PREEMPT Debian 1:6.12.75-1+rpt1 (2026-03-11) aarch64
[2026-04-17 12:05:54.139] [75214] [HailoRT] [info] [control.cpp:113] [control__parse_identify_results] firmware_version is: 4.23.0
[2026-04-17 12:05:54.139] [75214] [HailoRT] [info] [control.cpp:113] [control__parse_identify_results] firmware_version is: 4.23.0
[2026-04-17 12:06:52.914] [75233] [HailoRT] [info] [vdevice_native_stream.cpp:331] [read_impl] Failed read from stream HAILO_STREAM_ABORT(63) (device: 0001:01:00.0)
[2026-04-17 12:06:52.914] [75236] [HailoRT] [info] [vdevice_native_stream.cpp:331] [read_impl] Failed read from stream HAILO_STREAM_ABORT(63) (device: 0001:01:00.0)
[2026-04-17 12:06:52.914] [75237] [HailoRT] [info] [vdevice_native_stream.cpp:142] [write_impl] Failed write to stream yolov11n/input_layer1 (device: 0001:01:00.0) with status=HAILO_STREAM_ABORT(63)
[2026-04-17 12:06:52.914] [75235] [HailoRT] [info] [vdevice_native_stream.cpp:331] [read_impl] Failed read from stream HAILO_STREAM_ABORT(63) (device: 0001:01:00.0)
[2026-04-17 12:06:52.914] [75234] [HailoRT] [info] [vdevice_native_stream.cpp:331] [read_impl] Failed read from stream HAILO_STREAM_ABORT(63) (device: 0001:01:00.0)
[2026-04-17 12:06:52.915] [75232] [HailoRT] [info] [vdevice_native_stream.cpp:331] [read_impl] Failed read from stream HAILO_STREAM_ABORT(63) (device: 0001:01:00.0)
[2026-04-17 12:06:52.915] [75231] [HailoRT] [info] [vdevice_native_stream.cpp:331] [read_impl] Failed read from stream HAILO_STREAM_ABORT(63) (device: 0001:01:00.0)
[2026-04-17 12:06:52.955] [75222] [HailoRT] [info] [core_op.cpp:186] [deactivate] Deactivating took 0.006537 ms
[2026-04-17 12:06:52.955] [75222] [HailoRT] [info] [core_op.cpp:186] [deactivate] Deactivating took 0.028315 ms
[2026-04-17 12:06:53.016] [75222] [HailoRT] [info] [vdevice.cpp:535] [create] Creating vdevice with params: device_count: 1, scheduling_algorithm: NONE, multi_process_service: false
[2026-04-17 12:06:53.016] [75222] [HailoRT] [info] [device.cpp:51] [Device] OS Version: Linux 6.12.75+rpt-rpi-2712 #1 SMP PREEMPT Debian 1:6.12.75-1+rpt1 (2026-03-11) aarch64
[2026-04-17 12:06:53.016] [75222] [HailoRT] [info] [control.cpp:113] [control__parse_identify_results] firmware_version is: 4.23.0
[2026-04-17 12:06:53.016] [75222] [HailoRT] [info] [vdevice.cpp:682] [create] VDevice Infos: 0001:01:00.0
[2026-04-17 12:06:53.027] [75222] [HailoRT] [warning] [buffer_requirements.cpp:131] [get_buffer_requirements_multiple_transfers] Desc page size value (1024) is not optimal for performance.
[2026-04-17 12:06:53.053] [75222] [HailoRT] [info] [internal_buffer_manager.cpp:77] [print_execution_results] Planned internal buffer memory: CMA=0 CMA-Desc=1376256 Pinned=57705472. memory to edge layer usage factor is 1
[2026-04-17 12:06:53.053] [75222] [HailoRT] [info] [internal_buffer_manager.cpp:86] [print_execution_results] Default Internal buffer planner executed successfully
[2026-04-17 12:06:53.164] [75222] [HailoRT] [info] [device_internal.cpp:57] [configure] Configuring HEF took 147.985277 milliseconds
[2026-04-17 12:06:53.165] [75222] [HailoRT] [info] [vdevice.cpp:780] [configure] Configuring HEF on VDevice took 148.341665 milliseconds
[2026-04-17 12:06:53.165] [75222] [HailoRT] [info] [control.cpp:113] [control__parse_identify_results] firmware_version is: 4.23.0
[2026-04-17 12:06:53.165] [75222] [HailoRT] [info] [control.cpp:113] [control__parse_identify_results] firmware_version is: 4.23.0
[2026-04-17 12:06:53.200] [75222] [HailoRT] [info] [core_op.cpp:156] [activate] Activating yolov11n took 34.465435 milliseconds. Note that the function is asynchronous and thus the network is not fully activated yet.
[2026-04-17 12:06:53.200] [75222] [HailoRT] [info] [core_op.cpp:156] [activate] Activating yolov11n took 34.491527 milliseconds. Note that the function is asynchronous and thus the network is not fully activated yet.
[2026-04-17 12:06:53.213] [75222] [HailoRT] [info] [control.cpp:113] [control__parse_identify_results] firmware_version is: 4.23.0
[2026-04-17 12:06:53.213] [75222] [HailoRT] [info] [control.cpp:113] [control__parse_identify_results] firmware_version is: 4.23.0
[2026-04-17 12:06:53.213] [75222] [HailoRT] [info] [edge_elements.cpp:52] [create] Created (HwWriteEl8yolov11n/input_layer1 | hw_frame_size: 1228800)
[2026-04-17 12:06:53.213] [75222] [HailoRT] [info] [queue_elements.cpp:284] [create] Created (PushQEl8yolov11n/input_layer1 | timeout: 10s)
[2026-04-17 12:06:53.213] [75222] [HailoRT] [info] [filter_elements.cpp:101] [create] Created (PreInferEl8yolov11n/input_layer1 | Reorder - src_order: NHWC, src_shape: (640, 640, 3), dst_order: NHCW, dst_shape: (640, 640, 3))
[2026-04-17 12:06:53.213] [75222] [HailoRT] [info] [vstream.cpp:754] [InputVStreamImpl] Creating yolov11n/input_layer1...
[2026-04-17 12:06:53.213] [75222] [HailoRT] [info] [vstream_builder.cpp:102] [create_inputs] Input pipeline 'yolov11n/input_layer1': (PreInferEl8yolov11n/input_layer1 | Reorder - src_order: NHWC, src_shape: (640, 640, 3), dst_order: NHCW, dst_shape: (640, 640, 3)) >> (PushQEl8yolov11n/input_layer1 | timeout: 10s) >> (HwWriteEl8yolov11n/input_layer1 | hw_frame_size: 1228800) >> HW
[2026-04-17 12:06:53.214] [75222] [HailoRT] [info] [multi_io_elements.cpp:135] [create] Created (NmsPPMuxEl0YOLOV8-Post-Process | Op YOLOV8, Name: YOLOV8-Post-Process, Score threshold: 0.200, IoU threshold: 0.70, Classes: 80, Max bboxes per class: 100, Image height: 640, Image width: 640)
[2026-04-17 12:06:53.214] [75222] [HailoRT] [info] [edge_elements.cpp:287] [create] Created (HwReadEl3yolov11n/conv51_143 | hw_frame_size: 409600)
[2026-04-17 12:06:53.214] [75222] [HailoRT] [info] [queue_elements.cpp:657] [create] Created (PullQEl_nms3yolov11n/conv51_143 | timeout: 10s)
[2026-04-17 12:06:53.214] [75222] [HailoRT] [info] [edge_elements.cpp:287] [create] Created (HwReadEl12yolov11n/conv54_143 | hw_frame_size: 512000)
[2026-04-17 12:06:53.214] [75222] [HailoRT] [info] [queue_elements.cpp:657] [create] Created (PullQEl_nms12yolov11n/conv54_143 | timeout: 10s)
[2026-04-17 12:06:53.214] [75222] [HailoRT] [info] [edge_elements.cpp:287] [create] Created (HwReadEl15yolov11n/conv62_143 | hw_frame_size: 102400)
[2026-04-17 12:06:53.214] [75222] [HailoRT] [info] [queue_elements.cpp:657] [create] Created (PullQEl_nms15yolov11n/conv62_143 | timeout: 10s)
[2026-04-17 12:06:53.214] [75222] [HailoRT] [info] [edge_elements.cpp:287] [create] Created (HwReadEl13yolov11n/conv65_143 | hw_frame_size: 128000)
[2026-04-17 12:06:53.214] [75222] [HailoRT] [info] [queue_elements.cpp:657] [create] Created (PullQEl_nms13yolov11n/conv65_143 | timeout: 10s)
[2026-04-17 12:06:53.214] [75222] [HailoRT] [info] [edge_elements.cpp:287] [create] Created (HwReadEl1yolov11n/conv77_143 | hw_frame_size: 30720)
[2026-04-17 12:06:53.214] [75222] [HailoRT] [info] [queue_elements.cpp:657] [create] Created (PullQEl_nms1yolov11n/conv77_143 | timeout: 10s)
[2026-04-17 12:06:53.214] [75222] [HailoRT] [info] [edge_elements.cpp:287] [create] Created (HwReadEl0yolov11n/conv80_143 | hw_frame_size: 38400)
[2026-04-17 12:06:53.214] [75222] [HailoRT] [info] [queue_elements.cpp:657] [create] Created (PullQEl_nms0yolov11n/conv80_143 | timeout: 10s)
[2026-04-17 12:06:53.214] [75222] [HailoRT] [info] [queue_elements.cpp:800] [create] Created (UserBufQEl_post_infer0yolov11n/yolov8_nms_postprocess | timeout: 10s)
[2026-04-17 12:06:53.214] [75222] [HailoRT] [info] [vstream.cpp:1114] [OutputVStreamImpl] Creating yolov11n/yolov8_nms_postprocess...
[2026-04-17 12:06:53.214] [75222] [HailoRT] [info] [vstream_builder.cpp:622] [create_output_post_process_nms] Output pipeline 'yolov11n/yolov8_nms_postprocess': HW >> (HwReadEl3yolov11n/conv51_143 | hw_frame_size: 409600) >> (PullQEl_nms3yolov11n/conv51_143) >> (HwReadEl12yolov11n/conv54_143 | hw_frame_size: 512000) >> (PullQEl_nms12yolov11n/conv54_143) >> (HwReadEl15yolov11n/conv62_143 | hw_frame_size: 102400) >> (PullQEl_nms15yolov11n/conv62_143) >> (HwReadEl13yolov11n/conv65_143 | hw_frame_size: 128000) >> (PullQEl_nms13yolov11n/conv65_143) >> (HwReadEl1yolov11n/conv77_143 | hw_frame_size: 30720) >> (PullQEl_nms1yolov11n/conv77_143) >> (HwReadEl0yolov11n/conv80_143 | hw_frame_size: 38400) >> (PullQEl_nms0yolov11n/conv80_143) >> (NmsPPMuxEl0YOLOV8-Post-Process | Op YOLOV8, Name: YOLOV8-Post-Process, Score threshold: 0.200, IoU threshold: 0.70, Classes: 80, Max bboxes per class: 100, Image height: 640, Image width: 640) >> (UserBufQEl_post_infer0yolov11n/yolov8_nms_postprocess | timeout: 10s)
[2026-04-17 12:07:53.215] [75725] [HailoRT] [info] [vdevice_native_stream.cpp:331] [read_impl] Failed read from stream HAILO_STREAM_ABORT(63) (device: 0001:01:00.0)
[2026-04-17 12:07:53.215] [75725] [HailoRT] [info] [edge_elements.cpp:396] [run_pull] Reading from stream was aborted!
[2026-04-17 12:07:53.215] [75728] [HailoRT] [info] [vdevice_native_stream.cpp:331] [read_impl] Failed read from stream HAILO_STREAM_ABORT(63) (device: 0001:01:00.0)
[2026-04-17 12:07:53.215] [75728] [HailoRT] [info] [edge_elements.cpp:396] [run_pull] Reading from stream was aborted!
[2026-04-17 12:07:53.215] [75725] [HailoRT] [info] [queue_elements.cpp:738] [run_in_thread] run_pull of queue element PullQEl_nms3yolov11n/conv51_143 was aborted!
[2026-04-17 12:07:53.215] [75728] [HailoRT] [info] [queue_elements.cpp:738] [run_in_thread] run_pull of queue element PullQEl_nms13yolov11n/conv65_143 was aborted!
[2026-04-17 12:07:53.215] [75726] [HailoRT] [info] [vdevice_native_stream.cpp:331] [read_impl] Failed read from stream HAILO_STREAM_ABORT(63) (device: 0001:01:00.0)
[2026-04-17 12:07:53.215] [75726] [HailoRT] [info] [edge_elements.cpp:396] [run_pull] Reading from stream was aborted!
[2026-04-17 12:07:53.215] [75726] [HailoRT] [info] [queue_elements.cpp:738] [run_in_thread] run_pull of queue element PullQEl_nms12yolov11n/conv54_143 was aborted!
[2026-04-17 12:07:53.215] [75729] [HailoRT] [info] [vdevice_native_stream.cpp:331] [read_impl] Failed read from stream HAILO_STREAM_ABORT(63) (device: 0001:01:00.0)
[2026-04-17 12:07:53.215] [75729] [HailoRT] [info] [edge_elements.cpp:396] [run_pull] Reading from stream was aborted!
[2026-04-17 12:07:53.215] [75729] [HailoRT] [info] [queue_elements.cpp:738] [run_in_thread] run_pull of queue element PullQEl_nms1yolov11n/conv77_143 was aborted!
[2026-04-17 12:07:53.215] [75727] [HailoRT] [info] [vdevice_native_stream.cpp:331] [read_impl] Failed read from stream HAILO_STREAM_ABORT(63) (device: 0001:01:00.0)
[2026-04-17 12:07:53.215] [75727] [HailoRT] [info] [edge_elements.cpp:396] [run_pull] Reading from stream was aborted!
[2026-04-17 12:07:53.215] [75727] [HailoRT] [info] [queue_elements.cpp:738] [run_in_thread] run_pull of queue element PullQEl_nms15yolov11n/conv62_143 was aborted!
[2026-04-17 12:07:53.215] [75734] [HailoRT] [info] [queue_elements.cpp:706] [run_pull] Shutdown event was signaled in dequeue of queue element PullQEl_nms3yolov11n/conv51_143!
[2026-04-17 12:07:53.215] [75730] [HailoRT] [info] [vdevice_native_stream.cpp:331] [read_impl] Failed read from stream HAILO_STREAM_ABORT(63) (device: 0001:01:00.0)
[2026-04-17 12:07:53.215] [75734] [HailoRT] [info] [vstream.cpp:1138] [read] Receiving to VStream was shutdown!
[2026-04-17 12:07:53.215] [75730] [HailoRT] [info] [edge_elements.cpp:396] [run_pull] Reading from stream was aborted!
[2026-04-17 12:07:53.215] [75730] [HailoRT] [info] [queue_elements.cpp:738] [run_in_thread] run_pull of queue element PullQEl_nms0yolov11n/conv80_143 was aborted!
[2026-04-17 12:07:53.215] [75724] [HailoRT] [info] [vdevice_native_stream.cpp:142] [write_impl] Failed write to stream yolov11n/input_layer1 (device: 0001:01:00.0) with status=HAILO_STREAM_ABORT(63)
[2026-04-17 12:07:53.215] [75724] [HailoRT] [info] [edge_elements.cpp:87] [run_push] Failed to send on input stream InputStream(index=8, name=yolov11n/input_layer1) because stream was aborted
[2026-04-17 12:07:53.215] [75724] [HailoRT] [info] [queue_elements.cpp:401] [run_in_thread] run_push of PushQEl8yolov11n/input_layer1 was aborted!
[2026-04-17 12:07:53.215] [75735] [HailoRT] [info] [vstream.cpp:774] [write] Sending to VStream was shutdown!
[2026-04-17 12:07:53.215] [75735] [HailoRT] [info] [vstream.cpp:778] [write] Sending to VStream was aborted!
[2026-04-17 12:07:53.257] [75222] [HailoRT] [info] [queue_elements.cpp:360] [execute_deactivate] enqueue() in element PushQEl8yolov11n/input_layer1 was aborted, got status = HAILO_SHUTDOWN_EVENT_SIGNALED(57)
[2026-04-17 12:07:53.257] [75724] [HailoRT] [info] [queue_elements.cpp:68] [operator()] Thread in element PushQEl8yolov11n/input_layer1 is not running anymore, exiting..
[2026-04-17 12:07:53.257] [75222] [HailoRT] [info] [queue_elements.cpp:46] [~BaseQueueElement] Queue element PushQEl8yolov11n/input_layer1 has 1 frames in his Queue on destruction
[2026-04-17 12:07:53.258] [75731] [HailoRT] [info] [queue_elements.cpp:68] [operator()] Thread in element UserBufQEl_post_infer0yolov11n/yolov8_nms_postprocess is not running anymore, exiting..
[2026-04-17 12:07:53.258] [75222] [HailoRT] [info] [queue_elements.cpp:46] [~BaseQueueElement] Queue element UserBufQEl_post_infer0yolov11n/yolov8_nms_postprocess has 0 frames in his Queue on destruction
[2026-04-17 12:07:53.258] [75730] [HailoRT] [info] [queue_elements.cpp:68] [operator()] Thread in element PullQEl_nms0yolov11n/conv80_143 is not running anymore, exiting..
[2026-04-17 12:07:53.258] [75222] [HailoRT] [info] [queue_elements.cpp:46] [~BaseQueueElement] Queue element PullQEl_nms0yolov11n/conv80_143 has 0 frames in his Queue on destruction
[2026-04-17 12:07:53.258] [75729] [HailoRT] [info] [queue_elements.cpp:68] [operator()] Thread in element PullQEl_nms1yolov11n/conv77_143 is not running anymore, exiting..
[2026-04-17 12:07:53.258] [75222] [HailoRT] [info] [queue_elements.cpp:46] [~BaseQueueElement] Queue element PullQEl_nms1yolov11n/conv77_143 has 0 frames in his Queue on destruction
[2026-04-17 12:07:53.258] [75728] [HailoRT] [info] [queue_elements.cpp:68] [operator()] Thread in element PullQEl_nms13yolov11n/conv65_143 is not running anymore, exiting..
[2026-04-17 12:07:53.258] [75222] [HailoRT] [info] [queue_elements.cpp:46] [~BaseQueueElement] Queue element PullQEl_nms13yolov11n/conv65_143 has 0 frames in his Queue on destruction
[2026-04-17 12:07:53.258] [75727] [HailoRT] [info] [queue_elements.cpp:68] [operator()] Thread in element PullQEl_nms15yolov11n/conv62_143 is not running anymore, exiting..
[2026-04-17 12:07:53.258] [75222] [HailoRT] [info] [queue_elements.cpp:46] [~BaseQueueElement] Queue element PullQEl_nms15yolov11n/conv62_143 has 0 frames in his Queue on destruction
[2026-04-17 12:07:53.258] [75726] [HailoRT] [info] [queue_elements.cpp:68] [operator()] Thread in element PullQEl_nms12yolov11n/conv54_143 is not running anymore, exiting..
[2026-04-17 12:07:53.258] [75222] [HailoRT] [info] [queue_elements.cpp:46] [~BaseQueueElement] Queue element PullQEl_nms12yolov11n/conv54_143 has 0 frames in his Queue on destruction
[2026-04-17 12:07:53.258] [75725] [HailoRT] [info] [queue_elements.cpp:68] [operator()] Thread in element PullQEl_nms3yolov11n/conv51_143 is not running anymore, exiting..
[2026-04-17 12:07:53.258] [75222] [HailoRT] [info] [queue_elements.cpp:46] [~BaseQueueElement] Queue element PullQEl_nms3yolov11n/conv51_143 has 0 frames in his Queue on destruction
[2026-04-17 12:07:53.258] [75222] [HailoRT] [info] [core_op.cpp:186] [deactivate] Deactivating took 0.008463 ms
[2026-04-17 12:07:53.258] [75222] [HailoRT] [info] [core_op.cpp:186] [deactivate] Deactivating took 0.017185 ms
[2026-04-17 12:07:53.319] [75222] [HailoRT] [info] [vdevice.cpp:535] [create] Creating vdevice with params: device_count: 1, scheduling_algorithm: NONE, multi_process_service: false
[2026-04-17 12:07:53.320] [75222] [HailoRT] [info] [device.cpp:51] [Device] OS Version: Linux 6.12.75+rpt-rpi-2712 #1 SMP PREEMPT Debian 1:6.12.75-1+rpt1 (2026-03-11) aarch64
[2026-04-17 12:07:53.320] [75222] [HailoRT] [info] [control.cpp:113] [control__parse_identify_results] firmware_version is: 4.23.0
[2026-04-17 12:07:53.320] [75222] [HailoRT] [info] [vdevice.cpp:682] [create] VDevice Infos: 0001:01:00.0
[2026-04-17 12:07:53.326] [75222] [HailoRT] [warning] [buffer_requirements.cpp:131] [get_buffer_requirements_multiple_transfers] Desc page size value (1024) is not optimal for performance.
[2026-04-17 12:07:53.340] [75222] [HailoRT] [info] [internal_buffer_manager.cpp:77] [print_execution_results] Planned internal buffer memory: CMA=0 CMA-Desc=1376256 Pinned=57705472. memory to edge layer usage factor is 1
[2026-04-17 12:07:53.340] [75222] [HailoRT] [info] [internal_buffer_manager.cpp:86] [print_execution_results] Default Internal buffer planner executed successfully
[2026-04-17 12:07:53.461] [75222] [HailoRT] [info] [device_internal.cpp:57] [configure] Configuring HEF took 140.820025 milliseconds
[2026-04-17 12:07:53.461] [75222] [HailoRT] [info] [vdevice.cpp:780] [configure] Configuring HEF on VDevice took 141.186061 milliseconds
[2026-04-17 12:07:53.462] [75222] [HailoRT] [info] [control.cpp:113] [control__parse_identify_results] firmware_version is: 4.23.0
[2026-04-17 12:07:53.462] [75222] [HailoRT] [info] [control.cpp:113] [control__parse_identify_results] firmware_version is: 4.23.0
[2026-04-17 12:07:53.491] [75222] [HailoRT] [info] [core_op.cpp:156] [activate] Activating yolov11n took 28.677825 milliseconds. Note that the function is asynchronous and thus the network is not fully activated yet.
[2026-04-17 12:07:53.491] [75222] [HailoRT] [info] [core_op.cpp:156] [activate] Activating yolov11n took 28.703862 milliseconds. Note that the function is asynchronous and thus the network is not fully activated yet.
[2026-04-17 12:07:53.504] [75222] [HailoRT] [info] [control.cpp:113] [control__parse_identify_results] firmware_version is: 4.23.0
[2026-04-17 12:07:53.504] [75222] [HailoRT] [info] [control.cpp:113] [control__parse_identify_results] firmware_version is: 4.23.0
[2026-04-17 12:07:53.504] [75222] [HailoRT] [info] [edge_elements.cpp:52] [create] Created (HwWriteEl8yolov11n/input_layer1 | hw_frame_size: 1228800)
[2026-04-17 12:07:53.504] [75222] [HailoRT] [info] [queue_elements.cpp:284] [create] Created (PushQEl8yolov11n/input_layer1 | timeout: 10s)
[2026-04-17 12:07:53.504] [75222] [HailoRT] [info] [filter_elements.cpp:101] [create] Created (PreInferEl8yolov11n/input_layer1 | Reorder - src_order: NHWC, src_shape: (640, 640, 3), dst_order: NHCW, dst_shape: (640, 640, 3))
[2026-04-17 12:07:53.504] [75222] [HailoRT] [info] [vstream.cpp:754] [InputVStreamImpl] Creating yolov11n/input_layer1...
[2026-04-17 12:07:53.504] [75222] [HailoRT] [info] [vstream_builder.cpp:102] [create_inputs] Input pipeline 'yolov11n/input_layer1': (PreInferEl8yolov11n/input_layer1 | Reorder - src_order: NHWC, src_shape: (640, 640, 3), dst_order: NHCW, dst_shape: (640, 640, 3)) >> (PushQEl8yolov11n/input_layer1 | timeout: 10s) >> (HwWriteEl8yolov11n/input_layer1 | hw_frame_size: 1228800) >> HW
[2026-04-17 12:07:53.504] [75222] [HailoRT] [info] [multi_io_elements.cpp:135] [create] Created (NmsPPMuxEl0YOLOV8-Post-Process | Op YOLOV8, Name: YOLOV8-Post-Process, Score threshold: 0.200, IoU threshold: 0.70, Classes: 80, Max bboxes per class: 100, Image height: 640, Image width: 640)
[2026-04-17 12:07:53.504] [75222] [HailoRT] [info] [edge_elements.cpp:287] [create] Created (HwReadEl3yolov11n/conv51_143 | hw_frame_size: 409600)
[2026-04-17 12:07:53.504] [75222] [HailoRT] [info] [queue_elements.cpp:657] [create] Created (PullQEl_nms3yolov11n/conv51_143 | timeout: 10s)
[2026-04-17 12:07:53.504] [75222] [HailoRT] [info] [edge_elements.cpp:287] [create] Created (HwReadEl12yolov11n/conv54_143 | hw_frame_size: 512000)
[2026-04-17 12:07:53.505] [75222] [HailoRT] [info] [queue_elements.cpp:657] [create] Created (PullQEl_nms12yolov11n/conv54_143 | timeout: 10s)
[2026-04-17 12:07:53.505] [75222] [HailoRT] [info] [edge_elements.cpp:287] [create] Created (HwReadEl15yolov11n/conv62_143 | hw_frame_size: 102400)
[2026-04-17 12:07:53.505] [75222] [HailoRT] [info] [queue_elements.cpp:657] [create] Created (PullQEl_nms15yolov11n/conv62_143 | timeout: 10s)
[2026-04-17 12:07:53.505] [75222] [HailoRT] [info] [edge_elements.cpp:287] [create] Created (HwReadEl13yolov11n/conv65_143 | hw_frame_size: 128000)
[2026-04-17 12:07:53.505] [75222] [HailoRT] [info] [queue_elements.cpp:657] [create] Created (PullQEl_nms13yolov11n/conv65_143 | timeout: 10s)
[2026-04-17 12:07:53.505] [75222] [HailoRT] [info] [edge_elements.cpp:287] [create] Created (HwReadEl1yolov11n/conv77_143 | hw_frame_size: 30720)
[2026-04-17 12:07:53.505] [75222] [HailoRT] [info] [queue_elements.cpp:657] [create] Created (PullQEl_nms1yolov11n/conv77_143 | timeout: 10s)
[2026-04-17 12:07:53.505] [75222] [HailoRT] [info] [edge_elements.cpp:287] [create] Created (HwReadEl0yolov11n/conv80_143 | hw_frame_size: 38400)
[2026-04-17 12:07:53.505] [75222] [HailoRT] [info] [queue_elements.cpp:657] [create] Created (PullQEl_nms0yolov11n/conv80_143 | timeout: 10s)
[2026-04-17 12:07:53.505] [75222] [HailoRT] [info] [queue_elements.cpp:800] [create] Created (UserBufQEl_post_infer0yolov11n/yolov8_nms_postprocess | timeout: 10s)
[2026-04-17 12:07:53.505] [75222] [HailoRT] [info] [vstream.cpp:1114] [OutputVStreamImpl] Creating yolov11n/yolov8_nms_postprocess...
[2026-04-17 12:07:53.505] [75222] [HailoRT] [info] [vstream_builder.cpp:622] [create_output_post_process_nms] Output pipeline 'yolov11n/yolov8_nms_postprocess': HW >> (HwReadEl3yolov11n/conv51_143 | hw_frame_size: 409600) >> (PullQEl_nms3yolov11n/conv51_143) >> (HwReadEl12yolov11n/conv54_143 | hw_frame_size: 512000) >> (PullQEl_nms12yolov11n/conv54_143) >> (HwReadEl15yolov11n/conv62_143 | hw_frame_size: 102400) >> (PullQEl_nms15yolov11n/conv62_143) >> (HwReadEl13yolov11n/conv65_143 | hw_frame_size: 128000) >> (PullQEl_nms13yolov11n/conv65_143) >> (HwReadEl1yolov11n/conv77_143 | hw_frame_size: 30720) >> (PullQEl_nms1yolov11n/conv77_143) >> (HwReadEl0yolov11n/conv80_143 | hw_frame_size: 38400) >> (PullQEl_nms0yolov11n/conv80_143) >> (NmsPPMuxEl0YOLOV8-Post-Process | Op YOLOV8, Name: YOLOV8-Post-Process, Score threshold: 0.200, IoU threshold: 0.70, Classes: 80, Max bboxes per class: 100, Image height: 640, Image width: 640) >> (UserBufQEl_post_infer0yolov11n/yolov8_nms_postprocess | timeout: 10s)
[2026-04-17 12:08:53.506] [76218] [HailoRT] [info] [vdevice_native_stream.cpp:331] [read_impl] Failed read from stream HAILO_STREAM_ABORT(63) (device: 0001:01:00.0)
[2026-04-17 12:08:53.506] [76218] [HailoRT] [info] [edge_elements.cpp:396] [run_pull] Reading from stream was aborted!
[2026-04-17 12:08:53.506] [76218] [HailoRT] [info] [queue_elements.cpp:738] [run_in_thread] run_pull of queue element PullQEl_nms12yolov11n/conv54_143 was aborted!
[2026-04-17 12:08:53.506] [76221] [HailoRT] [info] [vdevice_native_stream.cpp:331] [read_impl] Failed read from stream HAILO_STREAM_ABORT(63) (device: 0001:01:00.0)
[2026-04-17 12:08:53.506] [76221] [HailoRT] [info] [edge_elements.cpp:396] [run_pull] Reading from stream was aborted!
[2026-04-17 12:08:53.506] [76221] [HailoRT] [info] [queue_elements.cpp:738] [run_in_thread] run_pull of queue element PullQEl_nms1yolov11n/conv77_143 was aborted!
[2026-04-17 12:08:53.506] [76219] [HailoRT] [info] [vdevice_native_stream.cpp:331] [read_impl] Failed read from stream HAILO_STREAM_ABORT(63) (device: 0001:01:00.0)
[2026-04-17 12:08:53.506] [76219] [HailoRT] [info] [edge_elements.cpp:396] [run_pull] Reading from stream was aborted!
[2026-04-17 12:08:53.506] [76219] [HailoRT] [info] [queue_elements.cpp:738] [run_in_thread] run_pull of queue element PullQEl_nms15yolov11n/conv62_143 was aborted!
[2026-04-17 12:08:53.506] [76222] [HailoRT] [info] [vdevice_native_stream.cpp:331] [read_impl] Failed read from stream HAILO_STREAM_ABORT(63) (device: 0001:01:00.0)
[2026-04-17 12:08:53.506] [76222] [HailoRT] [info] [edge_elements.cpp:396] [run_pull] Reading from stream was aborted!
[2026-04-17 12:08:53.506] [76222] [HailoRT] [info] [queue_elements.cpp:738] [run_in_thread] run_pull of queue element PullQEl_nms0yolov11n/conv80_143 was aborted!
[2026-04-17 12:08:53.506] [76217] [HailoRT] [info] [vdevice_native_stream.cpp:331] [read_impl] Failed read from stream HAILO_STREAM_ABORT(63) (device: 0001:01:00.0)
[2026-04-17 12:08:53.506] [76217] [HailoRT] [info] [edge_elements.cpp:396] [run_pull] Reading from stream was aborted!
[2026-04-17 12:08:53.506] [76220] [HailoRT] [info] [vdevice_native_stream.cpp:331] [read_impl] Failed read from stream HAILO_STREAM_ABORT(63) (device: 0001:01:00.0)
[2026-04-17 12:08:53.506] [76220] [HailoRT] [info] [edge_elements.cpp:396] [run_pull] Reading from stream was aborted!
[2026-04-17 12:08:53.506] [76217] [HailoRT] [info] [queue_elements.cpp:738] [run_in_thread] run_pull of queue element PullQEl_nms3yolov11n/conv51_143 was aborted!
[2026-04-17 12:08:53.506] [76220] [HailoRT] [info] [queue_elements.cpp:738] [run_in_thread] run_pull of queue element PullQEl_nms13yolov11n/conv65_143 was aborted!
[2026-04-17 12:08:53.506] [76227] [HailoRT] [info] [queue_elements.cpp:706] [run_pull] Shutdown event was signaled in dequeue of queue element PullQEl_nms3yolov11n/conv51_143!
[2026-04-17 12:08:53.506] [76227] [HailoRT] [info] [vstream.cpp:1138] [read] Receiving to VStream was shutdown!
[2026-04-17 12:08:53.508] [76216] [HailoRT] [info] [vdevice_native_stream.cpp:142] [write_impl] Failed write to stream yolov11n/input_layer1 (device: 0001:01:00.0) with status=HAILO_STREAM_ABORT(63)
[2026-04-17 12:08:53.508] [76216] [HailoRT] [info] [edge_elements.cpp:87] [run_push] Failed to send on input stream InputStream(index=8, name=yolov11n/input_layer1) because stream was aborted
[2026-04-17 12:08:53.508] [76216] [HailoRT] [info] [queue_elements.cpp:401] [run_in_thread] run_push of PushQEl8yolov11n/input_layer1 was aborted!
[2026-04-17 12:08:53.508] [76228] [HailoRT] [info] [queue_elements.cpp:319] [run_push] run_push of PushQEl8yolov11n/input_layer1 was aborted!
[2026-04-17 12:08:53.508] [76228] [HailoRT] [info] [filter_elements.cpp:35] [run_push] run_push of PreInferEl8yolov11n/input_layer1 was aborted!
[2026-04-17 12:08:53.508] [76228] [HailoRT] [info] [vstream.cpp:778] [write] Sending to VStream was aborted!
[2026-04-17 12:08:53.519] [75222] [HailoRT] [info] [queue_elements.cpp:360] [execute_deactivate] enqueue() in element PushQEl8yolov11n/input_layer1 was aborted, got status = HAILO_SHUTDOWN_EVENT_SIGNALED(57)
[2026-04-17 12:08:53.519] [76216] [HailoRT] [info] [queue_elements.cpp:68] [operator()] Thread in element PushQEl8yolov11n/input_layer1 is not running anymore, exiting..
[2026-04-17 12:08:53.519] [75222] [HailoRT] [info] [queue_elements.cpp:46] [~BaseQueueElement] Queue element PushQEl8yolov11n/input_layer1 has 0 frames in his Queue on destruction
[2026-04-17 12:08:53.519] [76223] [HailoRT] [info] [queue_elements.cpp:68] [operator()] Thread in element UserBufQEl_post_infer0yolov11n/yolov8_nms_postprocess is not running anymore, exiting..
[2026-04-17 12:08:53.519] [75222] [HailoRT] [info] [queue_elements.cpp:46] [~BaseQueueElement] Queue element UserBufQEl_post_infer0yolov11n/yolov8_nms_postprocess has 0 frames in his Queue on destruction
[2026-04-17 12:08:53.519] [76222] [HailoRT] [info] [queue_elements.cpp:68] [operator()] Thread in element PullQEl_nms0yolov11n/conv80_143 is not running anymore, exiting..
[2026-04-17 12:08:53.519] [75222] [HailoRT] [info] [queue_elements.cpp:46] [~BaseQueueElement] Queue element PullQEl_nms0yolov11n/conv80_143 has 0 frames in his Queue on destruction
[2026-04-17 12:08:53.519] [76221] [HailoRT] [info] [queue_elements.cpp:68] [operator()] Thread in element PullQEl_nms1yolov11n/conv77_143 is not running anymore, exiting..
[2026-04-17 12:08:53.519] [75222] [HailoRT] [info] [queue_elements.cpp:46] [~BaseQueueElement] Queue element PullQEl_nms1yolov11n/conv77_143 has 0 frames in his Queue on destruction
[2026-04-17 12:08:53.520] [76220] [HailoRT] [info] [queue_elements.cpp:68] [operator()] Thread in element PullQEl_nms13yolov11n/conv65_143 is not running anymore, exiting..
[2026-04-17 12:08:53.520] [75222] [HailoRT] [info] [queue_elements.cpp:46] [~BaseQueueElement] Queue element PullQEl_nms13yolov11n/conv65_143 has 0 frames in his Queue on destruction
[2026-04-17 12:08:53.520] [76219] [HailoRT] [info] [queue_elements.cpp:68] [operator()] Thread in element PullQEl_nms15yolov11n/conv62_143 is not running anymore, exiting..
[2026-04-17 12:08:53.520] [75222] [HailoRT] [info] [queue_elements.cpp:46] [~BaseQueueElement] Queue element PullQEl_nms15yolov11n/conv62_143 has 0 frames in his Queue on destruction
[2026-04-17 12:08:53.520] [76218] [HailoRT] [info] [queue_elements.cpp:68] [operator()] Thread in element PullQEl_nms12yolov11n/conv54_143 is not running anymore, exiting..
[2026-04-17 12:08:53.520] [75222] [HailoRT] [info] [queue_elements.cpp:46] [~BaseQueueElement] Queue element PullQEl_nms12yolov11n/conv54_143 has 0 frames in his Queue on destruction
[2026-04-17 12:08:53.520] [76217] [HailoRT] [info] [queue_elements.cpp:68] [operator()] Thread in element PullQEl_nms3yolov11n/conv51_143 is not running anymore, exiting..
[2026-04-17 12:08:53.520] [75222] [HailoRT] [info] [queue_elements.cpp:46] [~BaseQueueElement] Queue element PullQEl_nms3yolov11n/conv51_143 has 0 frames in his Queue on destruction
[2026-04-17 12:08:53.520] [75222] [HailoRT] [info] [core_op.cpp:186] [deactivate] Deactivating took 0.010889 ms
[2026-04-17 12:08:53.520] [75222] [HailoRT] [info] [core_op.cpp:186] [deactivate] Deactivating took 0.021444 ms
[2026-04-17 12:09:03.873] [76784] [HailoRT] [info] [vdevice.cpp:535] [create] Creating vdevice with params: device_count: 1, scheduling_algorithm: NONE, multi_process_service: false
[2026-04-17 12:09:03.886] [76784] [HailoRT] [info] [device.cpp:51] [Device] OS Version: Linux 6.12.75+rpt-rpi-2712 #1 SMP PREEMPT Debian 1:6.12.75-1+rpt1 (2026-03-11) aarch64
[2026-04-17 12:09:03.886] [76784] [HailoRT] [info] [control.cpp:113] [control__parse_identify_results] firmware_version is: 4.23.0
[2026-04-17 12:09:03.886] [76784] [HailoRT] [info] [vdevice.cpp:682] [create] VDevice Infos: 0001:01:00.0
[2026-04-17 12:09:03.892] [76784] [HailoRT] [warning] [buffer_requirements.cpp:131] [get_buffer_requirements_multiple_transfers] Desc page size value (1024) is not optimal for performance.
[2026-04-17 12:09:03.917] [76784] [HailoRT] [info] [internal_buffer_manager.cpp:77] [print_execution_results] Planned internal buffer memory: CMA=0 CMA-Desc=1376256 Pinned=58883072. memory to edge layer usage factor is 1
[2026-04-17 12:09:03.917] [76784] [HailoRT] [info] [internal_buffer_manager.cpp:86] [print_execution_results] Default Internal buffer planner executed successfully
[2026-04-17 12:09:04.032] [76784] [HailoRT] [info] [device_internal.cpp:57] [configure] Configuring HEF took 145.135825 milliseconds
[2026-04-17 12:09:04.032] [76784] [HailoRT] [info] [vdevice.cpp:780] [configure] Configuring HEF on VDevice took 145.547805 milliseconds
[2026-04-17 12:09:04.032] [76784] [HailoRT] [info] [control.cpp:113] [control__parse_identify_results] firmware_version is: 4.23.0
[2026-04-17 12:09:04.032] [76784] [HailoRT] [info] [control.cpp:113] [control__parse_identify_results] firmware_version is: 4.23.0
[2026-04-17 12:09:04.067] [76784] [HailoRT] [info] [core_op.cpp:156] [activate] Activating yolov11n took 34.170547 milliseconds. Note that the function is asynchronous and thus the network is not fully activated yet.
[2026-04-17 12:09:04.067] [76784] [HailoRT] [info] [core_op.cpp:156] [activate] Activating yolov11n took 34.200029 milliseconds. Note that the function is asynchronous and thus the network is not fully activated yet.
[2026-04-17 12:09:04.080] [76784] [HailoRT] [info] [control.cpp:113] [control__parse_identify_results] firmware_version is: 4.23.0
[2026-04-17 12:09:04.080] [76784] [HailoRT] [info] [control.cpp:113] [control__parse_identify_results] firmware_version is: 4.23.0
[2026-04-17 12:09:05.263] [76776] [HailoRT] [info] [device.cpp:51] [Device] OS Version: Linux 6.12.75+rpt-rpi-2712 #1 SMP PREEMPT Debian 1:6.12.75-1+rpt1 (2026-03-11) aarch64
[2026-04-17 12:09:05.263] [76776] [HailoRT] [info] [control.cpp:113] [control__parse_identify_results] firmware_version is: 4.23.0
[2026-04-17 12:09:05.267] [76776] [HailoRT] [info] [control.cpp:113] [control__parse_identify_results] firmware_version is: 4.23.0
[2026-04-17 12:10:04.081] [76795] [HailoRT] [info] [vdevice_native_stream.cpp:331] [read_impl] Failed read from stream HAILO_STREAM_ABORT(63) (device: 0001:01:00.0)
[2026-04-17 12:10:04.081] [76798] [HailoRT] [info] [vdevice_native_stream.cpp:331] [read_impl] Failed read from stream HAILO_STREAM_ABORT(63) (device: 0001:01:00.0)
[2026-04-17 12:10:04.081] [76794] [HailoRT] [info] [vdevice_native_stream.cpp:331] [read_impl] Failed read from stream HAILO_STREAM_ABORT(63) (device: 0001:01:00.0)
[2026-04-17 12:10:04.081] [76796] [HailoRT] [info] [vdevice_native_stream.cpp:331] [read_impl] Failed read from stream HAILO_STREAM_ABORT(63) (device: 0001:01:00.0)
[2026-04-17 12:10:04.081] [76793] [HailoRT] [info] [vdevice_native_stream.cpp:331] [read_impl] Failed read from stream HAILO_STREAM_ABORT(63) (device: 0001:01:00.0)
[2026-04-17 12:10:04.081] [76797] [HailoRT] [info] [vdevice_native_stream.cpp:331] [read_impl] Failed read from stream HAILO_STREAM_ABORT(63) (device: 0001:01:00.0)
[2026-04-17 12:10:04.081] [76799] [HailoRT] [info] [vdevice_native_stream.cpp:142] [write_impl] Failed write to stream yolov11n/input_layer1 (device: 0001:01:00.0) with status=HAILO_STREAM_ABORT(63)
[2026-04-17 12:10:04.089] [76784] [HailoRT] [info] [core_op.cpp:186] [deactivate] Deactivating took 0.007204 ms
[2026-04-17 12:10:04.089] [76784] [HailoRT] [info] [core_op.cpp:186] [deactivate] Deactivating took 0.025018 ms
[2026-04-17 12:10:04.148] [76784] [HailoRT] [info] [vdevice.cpp:535] [create] Creating vdevice with params: device_count: 1, scheduling_algorithm: NONE, multi_process_service: false
[2026-04-17 12:10:04.148] [76784] [HailoRT] [info] [device.cpp:51] [Device] OS Version: Linux 6.12.75+rpt-rpi-2712 #1 SMP PREEMPT Debian 1:6.12.75-1+rpt1 (2026-03-11) aarch64
[2026-04-17 12:10:04.149] [76784] [HailoRT] [info] [control.cpp:113] [control__parse_identify_results] firmware_version is: 4.23.0
[2026-04-17 12:10:04.149] [76784] [HailoRT] [info] [vdevice.cpp:682] [create] VDevice Infos: 0001:01:00.0
[2026-04-17 12:10:04.155] [76784] [HailoRT] [warning] [buffer_requirements.cpp:131] [get_buffer_requirements_multiple_transfers] Desc page size value (1024) is not optimal for performance.
[2026-04-17 12:10:04.177] [76784] [HailoRT] [info] [internal_buffer_manager.cpp:77] [print_execution_results] Planned internal buffer memory: CMA=0 CMA-Desc=1376256 Pinned=58883072. memory to edge layer usage factor is 1
[2026-04-17 12:10:04.177] [76784] [HailoRT] [info] [internal_buffer_manager.cpp:86] [print_execution_results] Default Internal buffer planner executed successfully
[2026-04-17 12:10:04.293] [76784] [HailoRT] [info] [device_internal.cpp:57] [configure] Configuring HEF took 144.282995 milliseconds
[2026-04-17 12:10:04.293] [76784] [HailoRT] [info] [vdevice.cpp:780] [configure] Configuring HEF on VDevice took 144.659419 milliseconds
[2026-04-17 12:10:04.294] [76784] [HailoRT] [info] [control.cpp:113] [control__parse_identify_results] firmware_version is: 4.23.0
[2026-04-17 12:10:04.294] [76784] [HailoRT] [info] [control.cpp:113] [control__parse_identify_results] firmware_version is: 4.23.0
[2026-04-17 12:10:04.329] [76784] [HailoRT] [info] [core_op.cpp:156] [activate] Activating yolov11n took 34.572787 milliseconds. Note that the function is asynchronous and thus the network is not fully activated yet.
[2026-04-17 12:10:04.329] [76784] [HailoRT] [info] [core_op.cpp:156] [activate] Activating yolov11n took 34.597749 milliseconds. Note that the function is asynchronous and thus the network is not fully activated yet.
[2026-04-17 12:10:04.342] [76784] [HailoRT] [info] [control.cpp:113] [control__parse_identify_results] firmware_version is: 4.23.0
[2026-04-17 12:10:04.342] [76784] [HailoRT] [info] [control.cpp:113] [control__parse_identify_results] firmware_version is: 4.23.0
[2026-04-17 12:10:04.342] [76784] [HailoRT] [info] [edge_elements.cpp:52] [create] Created (HwWriteEl8yolov11n/input_layer1 | hw_frame_size: 1228800)
[2026-04-17 12:10:04.342] [76784] [HailoRT] [info] [queue_elements.cpp:284] [create] Created (PushQEl8yolov11n/input_layer1 | timeout: 10s)
[2026-04-17 12:10:04.342] [76784] [HailoRT] [info] [filter_elements.cpp:101] [create] Created (PreInferEl8yolov11n/input_layer1 | Reorder - src_order: NHWC, src_shape: (640, 640, 3), dst_order: NHCW, dst_shape: (640, 640, 3))
[2026-04-17 12:10:04.342] [76784] [HailoRT] [info] [vstream.cpp:754] [InputVStreamImpl] Creating yolov11n/input_layer1...
[2026-04-17 12:10:04.342] [76784] [HailoRT] [info] [vstream_builder.cpp:102] [create_inputs] Input pipeline 'yolov11n/input_layer1': (PreInferEl8yolov11n/input_layer1 | Reorder - src_order: NHWC, src_shape: (640, 640, 3), dst_order: NHCW, dst_shape: (640, 640, 3)) >> (PushQEl8yolov11n/input_layer1 | timeout: 10s) >> (HwWriteEl8yolov11n/input_layer1 | hw_frame_size: 1228800) >> HW
[2026-04-17 12:10:04.342] [76784] [HailoRT] [info] [multi_io_elements.cpp:135] [create] Created (NmsPPMuxEl0YOLOV8-Post-Process | Op YOLOV8, Name: YOLOV8-Post-Process, Score threshold: 0.200, IoU threshold: 0.70, Classes: 80, Max bboxes per class: 100, Image height: 640, Image width: 640)
[2026-04-17 12:10:04.342] [76784] [HailoRT] [info] [edge_elements.cpp:287] [create] Created (HwReadEl3yolov11n/conv51_143 | hw_frame_size: 409600)
[2026-04-17 12:10:04.342] [76784] [HailoRT] [info] [queue_elements.cpp:657] [create] Created (PullQEl_nms3yolov11n/conv51_143 | timeout: 10s)
[2026-04-17 12:10:04.343] [76784] [HailoRT] [info] [edge_elements.cpp:287] [create] Created (HwReadEl12yolov11n/conv54_143 | hw_frame_size: 512000)
[2026-04-17 12:10:04.343] [76784] [HailoRT] [info] [queue_elements.cpp:657] [create] Created (PullQEl_nms12yolov11n/conv54_143 | timeout: 10s)
[2026-04-17 12:10:04.343] [76784] [HailoRT] [info] [edge_elements.cpp:287] [create] Created (HwReadEl15yolov11n/conv62_143 | hw_frame_size: 102400)
[2026-04-17 12:10:04.343] [76784] [HailoRT] [info] [queue_elements.cpp:657] [create] Created (PullQEl_nms15yolov11n/conv62_143 | timeout: 10s)
[2026-04-17 12:10:04.343] [76784] [HailoRT] [info] [edge_elements.cpp:287] [create] Created (HwReadEl13yolov11n/conv65_143 | hw_frame_size: 128000)
[2026-04-17 12:10:04.343] [76784] [HailoRT] [info] [queue_elements.cpp:657] [create] Created (PullQEl_nms13yolov11n/conv65_143 | timeout: 10s)
[2026-04-17 12:10:04.343] [76784] [HailoRT] [info] [edge_elements.cpp:287] [create] Created (HwReadEl1yolov11n/conv77_143 | hw_frame_size: 30720)
[2026-04-17 12:10:04.343] [76784] [HailoRT] [info] [queue_elements.cpp:657] [create] Created (PullQEl_nms1yolov11n/conv77_143 | timeout: 10s)
[2026-04-17 12:10:04.343] [76784] [HailoRT] [info] [edge_elements.cpp:287] [create] Created (HwReadEl0yolov11n/conv80_143 | hw_frame_size: 38400)
[2026-04-17 12:10:04.343] [76784] [HailoRT] [info] [queue_elements.cpp:657] [create] Created (PullQEl_nms0yolov11n/conv80_143 | timeout: 10s)
[2026-04-17 12:10:04.343] [76784] [HailoRT] [info] [queue_elements.cpp:800] [create] Created (UserBufQEl_post_infer0yolov11n/yolov8_nms_postprocess | timeout: 10s)
[2026-04-17 12:10:04.343] [76784] [HailoRT] [info] [vstream.cpp:1114] [OutputVStreamImpl] Creating yolov11n/yolov8_nms_postprocess...
[2026-04-17 12:10:04.343] [76784] [HailoRT] [info] [vstream_builder.cpp:622] [create_output_post_process_nms] Output pipeline 'yolov11n/yolov8_nms_postprocess': HW >> (HwReadEl3yolov11n/conv51_143 | hw_frame_size: 409600) >> (PullQEl_nms3yolov11n/conv51_143) >> (HwReadEl12yolov11n/conv54_143 | hw_frame_size: 512000) >> (PullQEl_nms12yolov11n/conv54_143) >> (HwReadEl15yolov11n/conv62_143 | hw_frame_size: 102400) >> (PullQEl_nms15yolov11n/conv62_143) >> (HwReadEl13yolov11n/conv65_143 | hw_frame_size: 128000) >> (PullQEl_nms13yolov11n/conv65_143) >> (HwReadEl1yolov11n/conv77_143 | hw_frame_size: 30720) >> (PullQEl_nms1yolov11n/conv77_143) >> (HwReadEl0yolov11n/conv80_143 | hw_frame_size: 38400) >> (PullQEl_nms0yolov11n/conv80_143) >> (NmsPPMuxEl0YOLOV8-Post-Process | Op YOLOV8, Name: YOLOV8-Post-Process, Score threshold: 0.200, IoU threshold: 0.70, Classes: 80, Max bboxes per class: 100, Image height: 640, Image width: 640) >> (UserBufQEl_post_infer0yolov11n/yolov8_nms_postprocess | timeout: 10s)
[2026-04-17 12:11:04.343] [77284] [HailoRT] [info] [vdevice_native_stream.cpp:142] [write_impl] Failed write to stream yolov11n/input_layer1 (device: 0001:01:00.0) with status=HAILO_STREAM_ABORT(63)
[2026-04-17 12:11:04.343] [77289] [HailoRT] [info] [vdevice_native_stream.cpp:331] [read_impl] Failed read from stream HAILO_STREAM_ABORT(63) (device: 0001:01:00.0)
[2026-04-17 12:11:04.343] [77285] [HailoRT] [info] [vdevice_native_stream.cpp:331] [read_impl] Failed read from stream HAILO_STREAM_ABORT(63) (device: 0001:01:00.0)
[2026-04-17 12:11:04.343] [77285] [HailoRT] [info] [edge_elements.cpp:396] [run_pull] Reading from stream was aborted!
[2026-04-17 12:11:04.343] [77290] [HailoRT] [info] [vdevice_native_stream.cpp:331] [read_impl] Failed read from stream HAILO_STREAM_ABORT(63) (device: 0001:01:00.0)
[2026-04-17 12:11:04.343] [77284] [HailoRT] [info] [edge_elements.cpp:87] [run_push] Failed to send on input stream InputStream(index=8, name=yolov11n/input_layer1) because stream was aborted
[2026-04-17 12:11:04.343] [77290] [HailoRT] [info] [edge_elements.cpp:396] [run_pull] Reading from stream was aborted!
[2026-04-17 12:11:04.343] [77284] [HailoRT] [info] [queue_elements.cpp:401] [run_in_thread] run_push of PushQEl8yolov11n/input_layer1 was aborted!
[2026-04-17 12:11:04.343] [77285] [HailoRT] [info] [queue_elements.cpp:738] [run_in_thread] run_pull of queue element PullQEl_nms3yolov11n/conv51_143 was aborted!
[2026-04-17 12:11:04.343] [77295] [HailoRT] [info] [vstream.cpp:774] [write] Sending to VStream was shutdown!
[2026-04-17 12:11:04.343] [77295] [HailoRT] [info] [vstream.cpp:778] [write] Sending to VStream was aborted!
[2026-04-17 12:11:04.343] [77286] [HailoRT] [info] [vdevice_native_stream.cpp:331] [read_impl] Failed read from stream HAILO_STREAM_ABORT(63) (device: 0001:01:00.0)
[2026-04-17 12:11:04.343] [77286] [HailoRT] [info] [edge_elements.cpp:396] [run_pull] Reading from stream was aborted!
[2026-04-17 12:11:04.343] [77287] [HailoRT] [info] [vdevice_native_stream.cpp:331] [read_impl] Failed read from stream HAILO_STREAM_ABORT(63) (device: 0001:01:00.0)
[2026-04-17 12:11:04.343] [77287] [HailoRT] [info] [edge_elements.cpp:396] [run_pull] Reading from stream was aborted!
[2026-04-17 12:11:04.343] [77286] [HailoRT] [info] [queue_elements.cpp:738] [run_in_thread] run_pull of queue element PullQEl_nms12yolov11n/conv54_143 was aborted!
[2026-04-17 12:11:04.343] [77287] [HailoRT] [info] [queue_elements.cpp:738] [run_in_thread] run_pull of queue element PullQEl_nms15yolov11n/conv62_143 was aborted!
[2026-04-17 12:11:04.343] [77289] [HailoRT] [info] [edge_elements.cpp:396] [run_pull] Reading from stream was aborted!
[2026-04-17 12:11:04.343] [77294] [HailoRT] [info] [queue_elements.cpp:706] [run_pull] Shutdown event was signaled in dequeue of queue element PullQEl_nms3yolov11n/conv51_143!
[2026-04-17 12:11:04.344] [77289] [HailoRT] [info] [queue_elements.cpp:738] [run_in_thread] run_pull of queue element PullQEl_nms1yolov11n/conv77_143 was aborted!
[2026-04-17 12:11:04.344] [77294] [HailoRT] [info] [vstream.cpp:1138] [read] Receiving to VStream was shutdown!
[2026-04-17 12:11:04.343] [77288] [HailoRT] [info] [vdevice_native_stream.cpp:331] [read_impl] Failed read from stream HAILO_STREAM_ABORT(63) (device: 0001:01:00.0)
[2026-04-17 12:11:04.344] [77288] [HailoRT] [info] [edge_elements.cpp:396] [run_pull] Reading from stream was aborted!
[2026-04-17 12:11:04.343] [77290] [HailoRT] [info] [queue_elements.cpp:738] [run_in_thread] run_pull of queue element PullQEl_nms0yolov11n/conv80_143 was aborted!
[2026-04-17 12:11:04.344] [77288] [HailoRT] [info] [queue_elements.cpp:738] [run_in_thread] run_pull of queue element PullQEl_nms13yolov11n/conv65_143 was aborted!
[2026-04-17 12:11:04.380] [76784] [HailoRT] [info] [queue_elements.cpp:360] [execute_deactivate] enqueue() in element PushQEl8yolov11n/input_layer1 was aborted, got status = HAILO_SHUTDOWN_EVENT_SIGNALED(57)
[2026-04-17 12:11:04.380] [77284] [HailoRT] [info] [queue_elements.cpp:68] [operator()] Thread in element PushQEl8yolov11n/input_layer1 is not running anymore, exiting..
[2026-04-17 12:11:04.380] [76784] [HailoRT] [info] [queue_elements.cpp:46] [~BaseQueueElement] Queue element PushQEl8yolov11n/input_layer1 has 1 frames in his Queue on destruction
[2026-04-17 12:11:04.380] [77291] [HailoRT] [info] [queue_elements.cpp:68] [operator()] Thread in element UserBufQEl_post_infer0yolov11n/yolov8_nms_postprocess is not running anymore, exiting..
[2026-04-17 12:11:04.380] [76784] [HailoRT] [info] [queue_elements.cpp:46] [~BaseQueueElement] Queue element UserBufQEl_post_infer0yolov11n/yolov8_nms_postprocess has 0 frames in his Queue on destruction
[2026-04-17 12:11:04.381] [77290] [HailoRT] [info] [queue_elements.cpp:68] [operator()] Thread in element PullQEl_nms0yolov11n/conv80_143 is not running anymore, exiting..
[2026-04-17 12:11:04.381] [76784] [HailoRT] [info] [queue_elements.cpp:46] [~BaseQueueElement] Queue element PullQEl_nms0yolov11n/conv80_143 has 0 frames in his Queue on destruction
[2026-04-17 12:11:04.381] [77289] [HailoRT] [info] [queue_elements.cpp:68] [operator()] Thread in element PullQEl_nms1yolov11n/conv77_143 is not running anymore, exiting..
[2026-04-17 12:11:04.381] [76784] [HailoRT] [info] [queue_elements.cpp:46] [~BaseQueueElement] Queue element PullQEl_nms1yolov11n/conv77_143 has 0 frames in his Queue on destruction
[2026-04-17 12:11:04.381] [77288] [HailoRT] [info] [queue_elements.cpp:68] [operator()] Thread in element PullQEl_nms13yolov11n/conv65_143 is not running anymore, exiting..
[2026-04-17 12:11:04.381] [76784] [HailoRT] [info] [queue_elements.cpp:46] [~BaseQueueElement] Queue element PullQEl_nms13yolov11n/conv65_143 has 0 frames in his Queue on destruction
[2026-04-17 12:11:04.381] [77287] [HailoRT] [info] [queue_elements.cpp:68] [operator()] Thread in element PullQEl_nms15yolov11n/conv62_143 is not running anymore, exiting..
[2026-04-17 12:11:04.381] [76784] [HailoRT] [info] [queue_elements.cpp:46] [~BaseQueueElement] Queue element PullQEl_nms15yolov11n/conv62_143 has 0 frames in his Queue on destruction
[2026-04-17 12:11:04.381] [77286] [HailoRT] [info] [queue_elements.cpp:68] [operator()] Thread in element PullQEl_nms12yolov11n/conv54_143 is not running anymore, exiting..
[2026-04-17 12:11:04.381] [76784] [HailoRT] [info] [queue_elements.cpp:46] [~BaseQueueElement] Queue element PullQEl_nms12yolov11n/conv54_143 has 0 frames in his Queue on destruction
[2026-04-17 12:11:04.381] [77285] [HailoRT] [info] [queue_elements.cpp:68] [operator()] Thread in element PullQEl_nms3yolov11n/conv51_143 is not running anymore, exiting..
[2026-04-17 12:11:04.381] [76784] [HailoRT] [info] [queue_elements.cpp:46] [~BaseQueueElement] Queue element PullQEl_nms3yolov11n/conv51_143 has 0 frames in his Queue on destruction
[2026-04-17 12:11:04.381] [76784] [HailoRT] [info] [core_op.cpp:186] [deactivate] Deactivating took 0.010203 ms
[2026-04-17 12:11:04.381] [76784] [HailoRT] [info] [core_op.cpp:186] [deactivate] Deactivating took 0.020259 ms
[2026-04-17 12:11:04.446] [76784] [HailoRT] [info] [vdevice.cpp:535] [create] Creating vdevice with params: device_count: 1, scheduling_algorithm: NONE, multi_process_service: false
[2026-04-17 12:11:04.446] [76784] [HailoRT] [info] [device.cpp:51] [Device] OS Version: Linux 6.12.75+rpt-rpi-2712 #1 SMP PREEMPT Debian 1:6.12.75-1+rpt1 (2026-03-11) aarch64
[2026-04-17 12:11:04.446] [76784] [HailoRT] [info] [control.cpp:113] [control__parse_identify_results] firmware_version is: 4.23.0
[2026-04-17 12:11:04.446] [76784] [HailoRT] [info] [vdevice.cpp:682] [create] VDevice Infos: 0001:01:00.0
[2026-04-17 12:11:04.452] [76784] [HailoRT] [warning] [buffer_requirements.cpp:131] [get_buffer_requirements_multiple_transfers] Desc page size value (1024) is not optimal for performance.
[2026-04-17 12:11:04.472] [76784] [HailoRT] [info] [internal_buffer_manager.cpp:77] [print_execution_results] Planned internal buffer memory: CMA=0 CMA-Desc=1376256 Pinned=58883072. memory to edge layer usage factor is 1
[2026-04-17 12:11:04.472] [76784] [HailoRT] [info] [internal_buffer_manager.cpp:86] [print_execution_results] Default Internal buffer planner executed successfully
[2026-04-17 12:11:04.586] [76784] [HailoRT] [info] [device_internal.cpp:57] [configure] Configuring HEF took 139.968992 milliseconds
[2026-04-17 12:11:04.587] [76784] [HailoRT] [info] [vdevice.cpp:780] [configure] Configuring HEF on VDevice took 140.365471 milliseconds
[2026-04-17 12:11:04.587] [76784] [HailoRT] [info] [control.cpp:113] [control__parse_identify_results] firmware_version is: 4.23.0
[2026-04-17 12:11:04.587] [76784] [HailoRT] [info] [control.cpp:113] [control__parse_identify_results] firmware_version is: 4.23.0
[2026-04-17 12:11:04.616] [76784] [HailoRT] [info] [core_op.cpp:156] [activate] Activating yolov11n took 28.638085 milliseconds. Note that the function is asynchronous and thus the network is not fully activated yet.
[2026-04-17 12:11:04.616] [76784] [HailoRT] [info] [core_op.cpp:156] [activate] Activating yolov11n took 28.662196 milliseconds. Note that the function is asynchronous and thus the network is not fully activated yet.
[2026-04-17 12:11:04.629] [76784] [HailoRT] [info] [control.cpp:113] [control__parse_identify_results] firmware_version is: 4.23.0
[2026-04-17 12:11:04.629] [76784] [HailoRT] [info] [control.cpp:113] [control__parse_identify_results] firmware_version is: 4.23.0
[2026-04-17 12:11:04.629] [76784] [HailoRT] [info] [edge_elements.cpp:52] [create] Created (HwWriteEl8yolov11n/input_layer1 | hw_frame_size: 1228800)
[2026-04-17 12:11:04.629] [76784] [HailoRT] [info] [queue_elements.cpp:284] [create] Created (PushQEl8yolov11n/input_layer1 | timeout: 10s)
[2026-04-17 12:11:04.629] [76784] [HailoRT] [info] [filter_elements.cpp:101] [create] Created (PreInferEl8yolov11n/input_layer1 | Reorder - src_order: NHWC, src_shape: (640, 640, 3), dst_order: NHCW, dst_shape: (640, 640, 3))
[2026-04-17 12:11:04.629] [76784] [HailoRT] [info] [vstream.cpp:754] [InputVStreamImpl] Creating yolov11n/input_layer1...
[2026-04-17 12:11:04.630] [76784] [HailoRT] [info] [vstream_builder.cpp:102] [create_inputs] Input pipeline 'yolov11n/input_layer1': (PreInferEl8yolov11n/input_layer1 | Reorder - src_order: NHWC, src_shape: (640, 640, 3), dst_order: NHCW, dst_shape: (640, 640, 3)) >> (PushQEl8yolov11n/input_layer1 | timeout: 10s) >> (HwWriteEl8yolov11n/input_layer1 | hw_frame_size: 1228800) >> HW
[2026-04-17 12:11:04.630] [76784] [HailoRT] [info] [multi_io_elements.cpp:135] [create] Created (NmsPPMuxEl0YOLOV8-Post-Process | Op YOLOV8, Name: YOLOV8-Post-Process, Score threshold: 0.200, IoU threshold: 0.70, Classes: 80, Max bboxes per class: 100, Image height: 640, Image width: 640)
[2026-04-17 12:11:04.630] [76784] [HailoRT] [info] [edge_elements.cpp:287] [create] Created (HwReadEl3yolov11n/conv51_143 | hw_frame_size: 409600)
[2026-04-17 12:11:04.630] [76784] [HailoRT] [info] [queue_elements.cpp:657] [create] Created (PullQEl_nms3yolov11n/conv51_143 | timeout: 10s)
[2026-04-17 12:11:04.630] [76784] [HailoRT] [info] [edge_elements.cpp:287] [create] Created (HwReadEl12yolov11n/conv54_143 | hw_frame_size: 512000)
[2026-04-17 12:11:04.630] [76784] [HailoRT] [info] [queue_elements.cpp:657] [create] Created (PullQEl_nms12yolov11n/conv54_143 | timeout: 10s)
[2026-04-17 12:11:04.630] [76784] [HailoRT] [info] [edge_elements.cpp:287] [create] Created (HwReadEl15yolov11n/conv62_143 | hw_frame_size: 102400)
[2026-04-17 12:11:04.630] [76784] [HailoRT] [info] [queue_elements.cpp:657] [create] Created (PullQEl_nms15yolov11n/conv62_143 | timeout: 10s)
[2026-04-17 12:11:04.630] [76784] [HailoRT] [info] [edge_elements.cpp:287] [create] Created (HwReadEl13yolov11n/conv65_143 | hw_frame_size: 128000)
[2026-04-17 12:11:04.630] [76784] [HailoRT] [info] [queue_elements.cpp:657] [create] Created (PullQEl_nms13yolov11n/conv65_143 | timeout: 10s)
[2026-04-17 12:11:04.630] [76784] [HailoRT] [info] [edge_elements.cpp:287] [create] Created (HwReadEl1yolov11n/conv77_143 | hw_frame_size: 30720)
[2026-04-17 12:11:04.630] [76784] [HailoRT] [info] [queue_elements.cpp:657] [create] Created (PullQEl_nms1yolov11n/conv77_143 | timeout: 10s)
[2026-04-17 12:11:04.630] [76784] [HailoRT] [info] [edge_elements.cpp:287] [create] Created (HwReadEl0yolov11n/conv80_143 | hw_frame_size: 38400)
[2026-04-17 12:11:04.630] [76784] [HailoRT] [info] [queue_elements.cpp:657] [create] Created (PullQEl_nms0yolov11n/conv80_143 | timeout: 10s)
[2026-04-17 12:11:04.630] [76784] [HailoRT] [info] [queue_elements.cpp:800] [create] Created (UserBufQEl_post_infer0yolov11n/yolov8_nms_postprocess | timeout: 10s)
[2026-04-17 12:11:04.630] [76784] [HailoRT] [info] [vstream.cpp:1114] [OutputVStreamImpl] Creating yolov11n/yolov8_nms_postprocess...
[2026-04-17 12:11:04.630] [76784] [HailoRT] [info] [vstream_builder.cpp:622] [create_output_post_process_nms] Output pipeline 'yolov11n/yolov8_nms_postprocess': HW >> (HwReadEl3yolov11n/conv51_143 | hw_frame_size: 409600) >> (PullQEl_nms3yolov11n/conv51_143) >> (HwReadEl12yolov11n/conv54_143 | hw_frame_size: 512000) >> (PullQEl_nms12yolov11n/conv54_143) >> (HwReadEl15yolov11n/conv62_143 | hw_frame_size: 102400) >> (PullQEl_nms15yolov11n/conv62_143) >> (HwReadEl13yolov11n/conv65_143 | hw_frame_size: 128000) >> (PullQEl_nms13yolov11n/conv65_143) >> (HwReadEl1yolov11n/conv77_143 | hw_frame_size: 30720) >> (PullQEl_nms1yolov11n/conv77_143) >> (HwReadEl0yolov11n/conv80_143 | hw_frame_size: 38400) >> (PullQEl_nms0yolov11n/conv80_143) >> (NmsPPMuxEl0YOLOV8-Post-Process | Op YOLOV8, Name: YOLOV8-Post-Process, Score threshold: 0.200, IoU threshold: 0.70, Classes: 80, Max bboxes per class: 100, Image height: 640, Image width: 640) >> (UserBufQEl_post_infer0yolov11n/yolov8_nms_postprocess | timeout: 10s)
[2026-04-17 12:12:04.630] [77778] [HailoRT] [info] [vdevice_native_stream.cpp:331] [read_impl] Failed read from stream HAILO_STREAM_ABORT(63) (device: 0001:01:00.0)
[2026-04-17 12:12:04.630] [77779] [HailoRT] [info] [vdevice_native_stream.cpp:331] [read_impl] Failed read from stream HAILO_STREAM_ABORT(63) (device: 0001:01:00.0)
[2026-04-17 12:12:04.631] [77780] [HailoRT] [info] [vdevice_native_stream.cpp:331] [read_impl] Failed read from stream HAILO_STREAM_ABORT(63) (device: 0001:01:00.0)
[2026-04-17 12:12:04.631] [77780] [HailoRT] [info] [edge_elements.cpp:396] [run_pull] Reading from stream was aborted!
[2026-04-17 12:12:04.631] [77779] [HailoRT] [info] [edge_elements.cpp:396] [run_pull] Reading from stream was aborted!
[2026-04-17 12:12:04.631] [77780] [HailoRT] [info] [queue_elements.cpp:738] [run_in_thread] run_pull of queue element PullQEl_nms0yolov11n/conv80_143 was aborted!
[2026-04-17 12:12:04.631] [77779] [HailoRT] [info] [queue_elements.cpp:738] [run_in_thread] run_pull of queue element PullQEl_nms1yolov11n/conv77_143 was aborted!
[2026-04-17 12:12:04.630] [77775] [HailoRT] [info] [vdevice_native_stream.cpp:331] [read_impl] Failed read from stream HAILO_STREAM_ABORT(63) (device: 0001:01:00.0)
[2026-04-17 12:12:04.631] [77775] [HailoRT] [info] [edge_elements.cpp:396] [run_pull] Reading from stream was aborted!
[2026-04-17 12:12:04.631] [77777] [HailoRT] [info] [vdevice_native_stream.cpp:331] [read_impl] Failed read from stream HAILO_STREAM_ABORT(63) (device: 0001:01:00.0)
[2026-04-17 12:12:04.631] [77777] [HailoRT] [info] [edge_elements.cpp:396] [run_pull] Reading from stream was aborted!
[2026-04-17 12:12:04.631] [77775] [HailoRT] [info] [queue_elements.cpp:738] [run_in_thread] run_pull of queue element PullQEl_nms3yolov11n/conv51_143 was aborted!
[2026-04-17 12:12:04.631] [77777] [HailoRT] [info] [queue_elements.cpp:738] [run_in_thread] run_pull of queue element PullQEl_nms15yolov11n/conv62_143 was aborted!
[2026-04-17 12:12:04.631] [77778] [HailoRT] [info] [edge_elements.cpp:396] [run_pull] Reading from stream was aborted!
[2026-04-17 12:12:04.631] [77778] [HailoRT] [info] [queue_elements.cpp:738] [run_in_thread] run_pull of queue element PullQEl_nms13yolov11n/conv65_143 was aborted!
[2026-04-17 12:12:04.631] [77776] [HailoRT] [info] [vdevice_native_stream.cpp:331] [read_impl] Failed read from stream HAILO_STREAM_ABORT(63) (device: 0001:01:00.0)
[2026-04-17 12:12:04.631] [77776] [HailoRT] [info] [edge_elements.cpp:396] [run_pull] Reading from stream was aborted!
[2026-04-17 12:12:04.631] [77776] [HailoRT] [info] [queue_elements.cpp:738] [run_in_thread] run_pull of queue element PullQEl_nms12yolov11n/conv54_143 was aborted!
[2026-04-17 12:12:04.632] [77784] [HailoRT] [info] [queue_elements.cpp:706] [run_pull] Shutdown event was signaled in dequeue of queue element PullQEl_nms3yolov11n/conv51_143!
[2026-04-17 12:12:04.632] [77784] [HailoRT] [info] [vstream.cpp:1138] [read] Receiving to VStream was shutdown!
[2026-04-17 12:12:04.633] [77774] [HailoRT] [info] [vdevice_native_stream.cpp:142] [write_impl] Failed write to stream yolov11n/input_layer1 (device: 0001:01:00.0) with status=HAILO_STREAM_ABORT(63)
[2026-04-17 12:12:04.633] [77774] [HailoRT] [info] [edge_elements.cpp:87] [run_push] Failed to send on input stream InputStream(index=8, name=yolov11n/input_layer1) because stream was aborted
[2026-04-17 12:12:04.633] [77774] [HailoRT] [info] [queue_elements.cpp:401] [run_in_thread] run_push of PushQEl8yolov11n/input_layer1 was aborted!
[2026-04-17 12:12:04.634] [77785] [HailoRT] [info] [queue_elements.cpp:319] [run_push] run_push of PushQEl8yolov11n/input_layer1 was aborted!
[2026-04-17 12:12:04.634] [77785] [HailoRT] [info] [filter_elements.cpp:35] [run_push] run_push of PreInferEl8yolov11n/input_layer1 was aborted!
[2026-04-17 12:12:04.634] [77785] [HailoRT] [info] [vstream.cpp:778] [write] Sending to VStream was aborted!
[2026-04-17 12:12:04.635] [76784] [HailoRT] [info] [queue_elements.cpp:360] [execute_deactivate] enqueue() in element PushQEl8yolov11n/input_layer1 was aborted, got status = HAILO_SHUTDOWN_EVENT_SIGNALED(57)
[2026-04-17 12:12:04.635] [77774] [HailoRT] [info] [queue_elements.cpp:68] [operator()] Thread in element PushQEl8yolov11n/input_layer1 is not running anymore, exiting..
[2026-04-17 12:12:04.635] [76784] [HailoRT] [info] [queue_elements.cpp:46] [~BaseQueueElement] Queue element PushQEl8yolov11n/input_layer1 has 0 frames in his Queue on destruction
[2026-04-17 12:12:04.635] [77781] [HailoRT] [info] [queue_elements.cpp:68] [operator()] Thread in element UserBufQEl_post_infer0yolov11n/yolov8_nms_postprocess is not running anymore, exiting..
[2026-04-17 12:12:04.635] [76784] [HailoRT] [info] [queue_elements.cpp:46] [~BaseQueueElement] Queue element UserBufQEl_post_infer0yolov11n/yolov8_nms_postprocess has 0 frames in his Queue on destruction
[2026-04-17 12:12:04.635] [77780] [HailoRT] [info] [queue_elements.cpp:68] [operator()] Thread in element PullQEl_nms0yolov11n/conv80_143 is not running anymore, exiting..
[2026-04-17 12:12:04.635] [76784] [HailoRT] [info] [queue_elements.cpp:46] [~BaseQueueElement] Queue element PullQEl_nms0yolov11n/conv80_143 has 0 frames in his Queue on destruction
[2026-04-17 12:12:04.636] [77779] [HailoRT] [info] [queue_elements.cpp:68] [operator()] Thread in element PullQEl_nms1yolov11n/conv77_143 is not running anymore, exiting..
[2026-04-17 12:12:04.636] [76784] [HailoRT] [info] [queue_elements.cpp:46] [~BaseQueueElement] Queue element PullQEl_nms1yolov11n/conv77_143 has 0 frames in his Queue on destruction
[2026-04-17 12:12:04.636] [77778] [HailoRT] [info] [queue_elements.cpp:68] [operator()] Thread in element PullQEl_nms13yolov11n/conv65_143 is not running anymore, exiting..
[2026-04-17 12:12:04.636] [76784] [HailoRT] [info] [queue_elements.cpp:46] [~BaseQueueElement] Queue element PullQEl_nms13yolov11n/conv65_143 has 0 frames in his Queue on destruction
[2026-04-17 12:12:04.636] [77777] [HailoRT] [info] [queue_elements.cpp:68] [operator()] Thread in element PullQEl_nms15yolov11n/conv62_143 is not running anymore, exiting..
[2026-04-17 12:12:04.636] [76784] [HailoRT] [info] [queue_elements.cpp:46] [~BaseQueueElement] Queue element PullQEl_nms15yolov11n/conv62_143 has 0 frames in his Queue on destruction
[2026-04-17 12:12:04.636] [77776] [HailoRT] [info] [queue_elements.cpp:68] [operator()] Thread in element PullQEl_nms12yolov11n/conv54_143 is not running anymore, exiting..
[2026-04-17 12:12:04.636] [76784] [HailoRT] [info] [queue_elements.cpp:46] [~BaseQueueElement] Queue element PullQEl_nms12yolov11n/conv54_143 has 0 frames in his Queue on destruction
[2026-04-17 12:12:04.636] [77775] [HailoRT] [info] [queue_elements.cpp:68] [operator()] Thread in element PullQEl_nms3yolov11n/conv51_143 is not running anymore, exiting..
[2026-04-17 12:12:04.636] [76784] [HailoRT] [info] [queue_elements.cpp:46] [~BaseQueueElement] Queue element PullQEl_nms3yolov11n/conv51_143 has 0 frames in his Queue on destruction
[2026-04-17 12:12:04.636] [76784] [HailoRT] [info] [core_op.cpp:186] [deactivate] Deactivating took 0.008834 ms
[2026-04-17 12:12:04.636] [76784] [HailoRT] [info] [core_op.cpp:186] [deactivate] Deactivating took 0.017797 ms
[2026-04-17 12:12:14.997] [78345] [HailoRT] [info] [vdevice.cpp:535] [create] Creating vdevice with params: device_count: 1, scheduling_algorithm: NONE, multi_process_service: false
[2026-04-17 12:12:15.010] [78345] [HailoRT] [info] [device.cpp:51] [Device] OS Version: Linux 6.12.75+rpt-rpi-2712 #1 SMP PREEMPT Debian 1:6.12.75-1+rpt1 (2026-03-11) aarch64
[2026-04-17 12:12:15.010] [78345] [HailoRT] [info] [control.cpp:113] [control__parse_identify_results] firmware_version is: 4.23.0
[2026-04-17 12:12:15.010] [78345] [HailoRT] [info] [vdevice.cpp:682] [create] VDevice Infos: 0001:01:00.0
[2026-04-17 12:12:15.017] [78345] [HailoRT] [warning] [buffer_requirements.cpp:131] [get_buffer_requirements_multiple_transfers] Desc page size value (1024) is not optimal for performance.
[2026-04-17 12:12:15.044] [78345] [HailoRT] [info] [internal_buffer_manager.cpp:77] [print_execution_results] Planned internal buffer memory: CMA=0 CMA-Desc=1376256 Pinned=60060672. memory to edge layer usage factor is 1
[2026-04-17 12:12:15.044] [78345] [HailoRT] [info] [internal_buffer_manager.cpp:86] [print_execution_results] Default Internal buffer planner executed successfully
[2026-04-17 12:12:15.160] [78345] [HailoRT] [info] [device_internal.cpp:57] [configure] Configuring HEF took 149.188719 milliseconds
[2026-04-17 12:12:15.160] [78345] [HailoRT] [info] [vdevice.cpp:780] [configure] Configuring HEF on VDevice took 149.579718 milliseconds
[2026-04-17 12:12:15.160] [78345] [HailoRT] [info] [control.cpp:113] [control__parse_identify_results] firmware_version is: 4.23.0
[2026-04-17 12:12:15.161] [78345] [HailoRT] [info] [control.cpp:113] [control__parse_identify_results] firmware_version is: 4.23.0
[2026-04-17 12:12:15.195] [78345] [HailoRT] [info] [core_op.cpp:156] [activate] Activating yolov11n took 34.484268 milliseconds. Note that the function is asynchronous and thus the network is not fully activated yet.
[2026-04-17 12:12:15.195] [78345] [HailoRT] [info] [core_op.cpp:156] [activate] Activating yolov11n took 34.513509 milliseconds. Note that the function is asynchronous and thus the network is not fully activated yet.
[2026-04-17 12:12:15.208] [78345] [HailoRT] [info] [control.cpp:113] [control__parse_identify_results] firmware_version is: 4.23.0
[2026-04-17 12:12:15.209] [78345] [HailoRT] [info] [control.cpp:113] [control__parse_identify_results] firmware_version is: 4.23.0
[2026-04-17 12:12:16.404] [78337] [HailoRT] [info] [device.cpp:51] [Device] OS Version: Linux 6.12.75+rpt-rpi-2712 #1 SMP PREEMPT Debian 1:6.12.75-1+rpt1 (2026-03-11) aarch64
[2026-04-17 12:12:16.405] [78337] [HailoRT] [info] [control.cpp:113] [control__parse_identify_results] firmware_version is: 4.23.0
[2026-04-17 12:12:16.406] [78337] [HailoRT] [info] [control.cpp:113] [control__parse_identify_results] firmware_version is: 4.23.0
[2026-04-17 12:13:15.209] [78357] [HailoRT] [info] [vdevice_native_stream.cpp:331] [read_impl] Failed read from stream HAILO_STREAM_ABORT(63) (device: 0001:01:00.0)
[2026-04-17 12:13:15.209] [78360] [HailoRT] [info] [vdevice_native_stream.cpp:142] [write_impl] Failed write to stream yolov11n/input_layer1 (device: 0001:01:00.0) with status=HAILO_STREAM_ABORT(63)
[2026-04-17 12:13:15.209] [78358] [HailoRT] [info] [vdevice_native_stream.cpp:331] [read_impl] Failed read from stream HAILO_STREAM_ABORT(63) (device: 0001:01:00.0)
[2026-04-17 12:13:15.209] [78354] [HailoRT] [info] [vdevice_native_stream.cpp:331] [read_impl] Failed read from stream HAILO_STREAM_ABORT(63) (device: 0001:01:00.0)
[2026-04-17 12:13:15.209] [78356] [HailoRT] [info] [vdevice_native_stream.cpp:331] [read_impl] Failed read from stream HAILO_STREAM_ABORT(63) (device: 0001:01:00.0)
[2026-04-17 12:13:15.209] [78359] [HailoRT] [info] [vdevice_native_stream.cpp:331] [read_impl] Failed read from stream HAILO_STREAM_ABORT(63) (device: 0001:01:00.0)
[2026-04-17 12:13:15.209] [78355] [HailoRT] [info] [vdevice_native_stream.cpp:331] [read_impl] Failed read from stream HAILO_STREAM_ABORT(63) (device: 0001:01:00.0)
[2026-04-17 12:13:15.218] [78345] [HailoRT] [info] [core_op.cpp:186] [deactivate] Deactivating took 0.006815 ms
[2026-04-17 12:13:15.218] [78345] [HailoRT] [info] [core_op.cpp:186] [deactivate] Deactivating took 0.024278 ms
[2026-04-17 12:13:15.273] [78345] [HailoRT] [info] [vdevice.cpp:535] [create] Creating vdevice with params: device_count: 1, scheduling_algorithm: NONE, multi_process_service: false
[2026-04-17 12:13:15.273] [78345] [HailoRT] [info] [device.cpp:51] [Device] OS Version: Linux 6.12.75+rpt-rpi-2712 #1 SMP PREEMPT Debian 1:6.12.75-1+rpt1 (2026-03-11) aarch64
[2026-04-17 12:13:15.273] [78345] [HailoRT] [info] [control.cpp:113] [control__parse_identify_results] firmware_version is: 4.23.0
[2026-04-17 12:13:15.273] [78345] [HailoRT] [info] [vdevice.cpp:682] [create] VDevice Infos: 0001:01:00.0
[2026-04-17 12:13:15.280] [78345] [HailoRT] [warning] [buffer_requirements.cpp:131] [get_buffer_requirements_multiple_transfers] Desc page size value (1024) is not optimal for performance.
[2026-04-17 12:13:15.298] [78345] [HailoRT] [info] [internal_buffer_manager.cpp:77] [print_execution_results] Planned internal buffer memory: CMA=0 CMA-Desc=1376256 Pinned=60060672. memory to edge layer usage factor is 1
[2026-04-17 12:13:15.298] [78345] [HailoRT] [info] [internal_buffer_manager.cpp:86] [print_execution_results] Default Internal buffer planner executed successfully
[2026-04-17 12:13:15.421] [78345] [HailoRT] [info] [device_internal.cpp:57] [configure] Configuring HEF took 147.353151 milliseconds
[2026-04-17 12:13:15.421] [78345] [HailoRT] [info] [vdevice.cpp:780] [configure] Configuring HEF on VDevice took 147.857983 milliseconds
[2026-04-17 12:13:15.422] [78345] [HailoRT] [info] [control.cpp:113] [control__parse_identify_results] firmware_version is: 4.23.0
[2026-04-17 12:13:15.422] [78345] [HailoRT] [info] [control.cpp:113] [control__parse_identify_results] firmware_version is: 4.23.0
[2026-04-17 12:13:15.457] [78345] [HailoRT] [info] [core_op.cpp:156] [activate] Activating yolov11n took 35.032841 milliseconds. Note that the function is asynchronous and thus the network is not fully activated yet.
[2026-04-17 12:13:15.457] [78345] [HailoRT] [info] [core_op.cpp:156] [activate] Activating yolov11n took 35.057174 milliseconds. Note that the function is asynchronous and thus the network is not fully activated yet.
[2026-04-17 12:13:15.470] [78345] [HailoRT] [info] [control.cpp:113] [control__parse_identify_results] firmware_version is: 4.23.0
[2026-04-17 12:13:15.470] [78345] [HailoRT] [info] [control.cpp:113] [control__parse_identify_results] firmware_version is: 4.23.0
[2026-04-17 12:13:15.471] [78345] [HailoRT] [info] [edge_elements.cpp:52] [create] Created (HwWriteEl8yolov11n/input_layer1 | hw_frame_size: 1228800)
[2026-04-17 12:13:15.471] [78345] [HailoRT] [info] [queue_elements.cpp:284] [create] Created (PushQEl8yolov11n/input_layer1 | timeout: 10s)
[2026-04-17 12:13:15.471] [78345] [HailoRT] [info] [filter_elements.cpp:101] [create] Created (PreInferEl8yolov11n/input_layer1 | Reorder - src_order: NHWC, src_shape: (640, 640, 3), dst_order: NHCW, dst_shape: (640, 640, 3))
[2026-04-17 12:13:15.471] [78345] [HailoRT] [info] [vstream.cpp:754] [InputVStreamImpl] Creating yolov11n/input_layer1...
[2026-04-17 12:13:15.471] [78345] [HailoRT] [info] [vstream_builder.cpp:102] [create_inputs] Input pipeline 'yolov11n/input_layer1': (PreInferEl8yolov11n/input_layer1 | Reorder - src_order: NHWC, src_shape: (640, 640, 3), dst_order: NHCW, dst_shape: (640, 640, 3)) >> (PushQEl8yolov11n/input_layer1 | timeout: 10s) >> (HwWriteEl8yolov11n/input_layer1 | hw_frame_size: 1228800) >> HW
[2026-04-17 12:13:15.471] [78345] [HailoRT] [info] [multi_io_elements.cpp:135] [create] Created (NmsPPMuxEl0YOLOV8-Post-Process | Op YOLOV8, Name: YOLOV8-Post-Process, Score threshold: 0.200, IoU threshold: 0.70, Classes: 80, Max bboxes per class: 100, Image height: 640, Image width: 640)
[2026-04-17 12:13:15.471] [78345] [HailoRT] [info] [edge_elements.cpp:287] [create] Created (HwReadEl3yolov11n/conv51_143 | hw_frame_size: 409600)
[2026-04-17 12:13:15.471] [78345] [HailoRT] [info] [queue_elements.cpp:657] [create] Created (PullQEl_nms3yolov11n/conv51_143 | timeout: 10s)
[2026-04-17 12:13:15.471] [78345] [HailoRT] [info] [edge_elements.cpp:287] [create] Created (HwReadEl12yolov11n/conv54_143 | hw_frame_size: 512000)
[2026-04-17 12:13:15.471] [78345] [HailoRT] [info] [queue_elements.cpp:657] [create] Created (PullQEl_nms12yolov11n/conv54_143 | timeout: 10s)
[2026-04-17 12:13:15.471] [78345] [HailoRT] [info] [edge_elements.cpp:287] [create] Created (HwReadEl15yolov11n/conv62_143 | hw_frame_size: 102400)
[2026-04-17 12:13:15.471] [78345] [HailoRT] [info] [queue_elements.cpp:657] [create] Created (PullQEl_nms15yolov11n/conv62_143 | timeout: 10s)
[2026-04-17 12:13:15.471] [78345] [HailoRT] [info] [edge_elements.cpp:287] [create] Created (HwReadEl13yolov11n/conv65_143 | hw_frame_size: 128000)
[2026-04-17 12:13:15.471] [78345] [HailoRT] [info] [queue_elements.cpp:657] [create] Created (PullQEl_nms13yolov11n/conv65_143 | timeout: 10s)
[2026-04-17 12:13:15.471] [78345] [HailoRT] [info] [edge_elements.cpp:287] [create] Created (HwReadEl1yolov11n/conv77_143 | hw_frame_size: 30720)
[2026-04-17 12:13:15.471] [78345] [HailoRT] [info] [queue_elements.cpp:657] [create] Created (PullQEl_nms1yolov11n/conv77_143 | timeout: 10s)
[2026-04-17 12:13:15.471] [78345] [HailoRT] [info] [edge_elements.cpp:287] [create] Created (HwReadEl0yolov11n/conv80_143 | hw_frame_size: 38400)
[2026-04-17 12:13:15.471] [78345] [HailoRT] [info] [queue_elements.cpp:657] [create] Created (PullQEl_nms0yolov11n/conv80_143 | timeout: 10s)
[2026-04-17 12:13:15.471] [78345] [HailoRT] [info] [queue_elements.cpp:800] [create] Created (UserBufQEl_post_infer0yolov11n/yolov8_nms_postprocess | timeout: 10s)
[2026-04-17 12:13:15.471] [78345] [HailoRT] [info] [vstream.cpp:1114] [OutputVStreamImpl] Creating yolov11n/yolov8_nms_postprocess...
[2026-04-17 12:13:15.472] [78345] [HailoRT] [info] [vstream_builder.cpp:622] [create_output_post_process_nms] Output pipeline 'yolov11n/yolov8_nms_postprocess': HW >> (HwReadEl3yolov11n/conv51_143 | hw_frame_size: 409600) >> (PullQEl_nms3yolov11n/conv51_143) >> (HwReadEl12yolov11n/conv54_143 | hw_frame_size: 512000) >> (PullQEl_nms12yolov11n/conv54_143) >> (HwReadEl15yolov11n/conv62_143 | hw_frame_size: 102400) >> (PullQEl_nms15yolov11n/conv62_143) >> (HwReadEl13yolov11n/conv65_143 | hw_frame_size: 128000) >> (PullQEl_nms13yolov11n/conv65_143) >> (HwReadEl1yolov11n/conv77_143 | hw_frame_size: 30720) >> (PullQEl_nms1yolov11n/conv77_143) >> (HwReadEl0yolov11n/conv80_143 | hw_frame_size: 38400) >> (PullQEl_nms0yolov11n/conv80_143) >> (NmsPPMuxEl0YOLOV8-Post-Process | Op YOLOV8, Name: YOLOV8-Post-Process, Score threshold: 0.200, IoU threshold: 0.70, Classes: 80, Max bboxes per class: 100, Image height: 640, Image width: 640) >> (UserBufQEl_post_infer0yolov11n/yolov8_nms_postprocess | timeout: 10s)
[2026-04-17 12:14:15.472] [78847] [HailoRT] [info] [vdevice_native_stream.cpp:331] [read_impl] Failed read from stream HAILO_STREAM_ABORT(63) (device: 0001:01:00.0)
[2026-04-17 12:14:15.472] [78846] [HailoRT] [info] [vdevice_native_stream.cpp:142] [write_impl] Failed write to stream yolov11n/input_layer1 (device: 0001:01:00.0) with status=HAILO_STREAM_ABORT(63)
[2026-04-17 12:14:15.472] [78847] [HailoRT] [info] [edge_elements.cpp:396] [run_pull] Reading from stream was aborted!
[2026-04-17 12:14:15.472] [78846] [HailoRT] [info] [edge_elements.cpp:87] [run_push] Failed to send on input stream InputStream(index=8, name=yolov11n/input_layer1) because stream was aborted
[2026-04-17 12:14:15.472] [78847] [HailoRT] [info] [queue_elements.cpp:738] [run_in_thread] run_pull of queue element PullQEl_nms3yolov11n/conv51_143 was aborted!
[2026-04-17 12:14:15.472] [78846] [HailoRT] [info] [queue_elements.cpp:401] [run_in_thread] run_push of PushQEl8yolov11n/input_layer1 was aborted!
[2026-04-17 12:14:15.472] [78856] [HailoRT] [info] [queue_elements.cpp:706] [run_pull] Shutdown event was signaled in dequeue of queue element PullQEl_nms3yolov11n/conv51_143!
[2026-04-17 12:14:15.472] [78856] [HailoRT] [info] [vstream.cpp:1138] [read] Receiving to VStream was shutdown!
[2026-04-17 12:14:15.472] [78857] [HailoRT] [info] [vstream.cpp:774] [write] Sending to VStream was shutdown!
[2026-04-17 12:14:15.472] [78857] [HailoRT] [info] [vstream.cpp:778] [write] Sending to VStream was aborted!
[2026-04-17 12:14:15.472] [78848] [HailoRT] [info] [vdevice_native_stream.cpp:331] [read_impl] Failed read from stream HAILO_STREAM_ABORT(63) (device: 0001:01:00.0)
[2026-04-17 12:14:15.472] [78848] [HailoRT] [info] [edge_elements.cpp:396] [run_pull] Reading from stream was aborted!
[2026-04-17 12:14:15.472] [78852] [HailoRT] [info] [vdevice_native_stream.cpp:331] [read_impl] Failed read from stream HAILO_STREAM_ABORT(63) (device: 0001:01:00.0)
[2026-04-17 12:14:15.472] [78852] [HailoRT] [info] [edge_elements.cpp:396] [run_pull] Reading from stream was aborted!
[2026-04-17 12:14:15.472] [78851] [HailoRT] [info] [vdevice_native_stream.cpp:331] [read_impl] Failed read from stream HAILO_STREAM_ABORT(63) (device: 0001:01:00.0)
[2026-04-17 12:14:15.472] [78851] [HailoRT] [info] [edge_elements.cpp:396] [run_pull] Reading from stream was aborted!
[2026-04-17 12:14:15.472] [78852] [HailoRT] [info] [queue_elements.cpp:738] [run_in_thread] run_pull of queue element PullQEl_nms0yolov11n/conv80_143 was aborted!
[2026-04-17 12:14:15.472] [78851] [HailoRT] [info] [queue_elements.cpp:738] [run_in_thread] run_pull of queue element PullQEl_nms1yolov11n/conv77_143 was aborted!
[2026-04-17 12:14:15.472] [78849] [HailoRT] [info] [vdevice_native_stream.cpp:331] [read_impl] Failed read from stream HAILO_STREAM_ABORT(63) (device: 0001:01:00.0)
[2026-04-17 12:14:15.472] [78849] [HailoRT] [info] [edge_elements.cpp:396] [run_pull] Reading from stream was aborted!
[2026-04-17 12:14:15.472] [78848] [HailoRT] [info] [queue_elements.cpp:738] [run_in_thread] run_pull of queue element PullQEl_nms12yolov11n/conv54_143 was aborted!
[2026-04-17 12:14:15.472] [78849] [HailoRT] [info] [queue_elements.cpp:738] [run_in_thread] run_pull of queue element PullQEl_nms15yolov11n/conv62_143 was aborted!
[2026-04-17 12:14:15.472] [78850] [HailoRT] [info] [vdevice_native_stream.cpp:331] [read_impl] Failed read from stream HAILO_STREAM_ABORT(63) (device: 0001:01:00.0)
[2026-04-17 12:14:15.472] [78850] [HailoRT] [info] [edge_elements.cpp:396] [run_pull] Reading from stream was aborted!
[2026-04-17 12:14:15.472] [78850] [HailoRT] [info] [queue_elements.cpp:738] [run_in_thread] run_pull of queue element PullQEl_nms13yolov11n/conv65_143 was aborted!
[2026-04-17 12:14:15.508] [78345] [HailoRT] [info] [queue_elements.cpp:360] [execute_deactivate] enqueue() in element PushQEl8yolov11n/input_layer1 was aborted, got status = HAILO_SHUTDOWN_EVENT_SIGNALED(57)
[2026-04-17 12:14:15.508] [78846] [HailoRT] [info] [queue_elements.cpp:68] [operator()] Thread in element PushQEl8yolov11n/input_layer1 is not running anymore, exiting..
[2026-04-17 12:14:15.508] [78345] [HailoRT] [info] [queue_elements.cpp:46] [~BaseQueueElement] Queue element PushQEl8yolov11n/input_layer1 has 1 frames in his Queue on destruction
[2026-04-17 12:14:15.508] [78853] [HailoRT] [info] [queue_elements.cpp:68] [operator()] Thread in element UserBufQEl_post_infer0yolov11n/yolov8_nms_postprocess is not running anymore, exiting..
[2026-04-17 12:14:15.508] [78345] [HailoRT] [info] [queue_elements.cpp:46] [~BaseQueueElement] Queue element UserBufQEl_post_infer0yolov11n/yolov8_nms_postprocess has 0 frames in his Queue on destruction
[2026-04-17 12:14:15.508] [78852] [HailoRT] [info] [queue_elements.cpp:68] [operator()] Thread in element PullQEl_nms0yolov11n/conv80_143 is not running anymore, exiting..
[2026-04-17 12:14:15.508] [78345] [HailoRT] [info] [queue_elements.cpp:46] [~BaseQueueElement] Queue element PullQEl_nms0yolov11n/conv80_143 has 0 frames in his Queue on destruction
[2026-04-17 12:14:15.508] [78851] [HailoRT] [info] [queue_elements.cpp:68] [operator()] Thread in element PullQEl_nms1yolov11n/conv77_143 is not running anymore, exiting..
[2026-04-17 12:14:15.508] [78345] [HailoRT] [info] [queue_elements.cpp:46] [~BaseQueueElement] Queue element PullQEl_nms1yolov11n/conv77_143 has 0 frames in his Queue on destruction
[2026-04-17 12:14:15.508] [78850] [HailoRT] [info] [queue_elements.cpp:68] [operator()] Thread in element PullQEl_nms13yolov11n/conv65_143 is not running anymore, exiting..
[2026-04-17 12:14:15.508] [78345] [HailoRT] [info] [queue_elements.cpp:46] [~BaseQueueElement] Queue element PullQEl_nms13yolov11n/conv65_143 has 0 frames in his Queue on destruction
[2026-04-17 12:14:15.508] [78849] [HailoRT] [info] [queue_elements.cpp:68] [operator()] Thread in element PullQEl_nms15yolov11n/conv62_143 is not running anymore, exiting..
[2026-04-17 12:14:15.508] [78345] [HailoRT] [info] [queue_elements.cpp:46] [~BaseQueueElement] Queue element PullQEl_nms15yolov11n/conv62_143 has 0 frames in his Queue on destruction
[2026-04-17 12:14:15.508] [78848] [HailoRT] [info] [queue_elements.cpp:68] [operator()] Thread in element PullQEl_nms12yolov11n/conv54_143 is not running anymore, exiting..
[2026-04-17 12:14:15.508] [78345] [HailoRT] [info] [queue_elements.cpp:46] [~BaseQueueElement] Queue element PullQEl_nms12yolov11n/conv54_143 has 1 frames in his Queue on destruction
[2026-04-17 12:14:15.509] [78847] [HailoRT] [info] [queue_elements.cpp:68] [operator()] Thread in element PullQEl_nms3yolov11n/conv51_143 is not running anymore, exiting..
[2026-04-17 12:14:15.509] [78345] [HailoRT] [info] [queue_elements.cpp:46] [~BaseQueueElement] Queue element PullQEl_nms3yolov11n/conv51_143 has 0 frames in his Queue on destruction
[2026-04-17 12:14:15.509] [78345] [HailoRT] [info] [core_op.cpp:186] [deactivate] Deactivating took 0.007 ms
[2026-04-17 12:14:15.509] [78345] [HailoRT] [info] [core_op.cpp:186] [deactivate] Deactivating took 0.015777 ms
[2026-04-17 12:14:15.568] [78345] [HailoRT] [info] [vdevice.cpp:535] [create] Creating vdevice with params: device_count: 1, scheduling_algorithm: NONE, multi_process_service: false
[2026-04-17 12:14:15.568] [78345] [HailoRT] [info] [device.cpp:51] [Device] OS Version: Linux 6.12.75+rpt-rpi-2712 #1 SMP PREEMPT Debian 1:6.12.75-1+rpt1 (2026-03-11) aarch64
[2026-04-17 12:14:15.568] [78345] [HailoRT] [info] [control.cpp:113] [control__parse_identify_results] firmware_version is: 4.23.0
[2026-04-17 12:14:15.568] [78345] [HailoRT] [info] [vdevice.cpp:682] [create] VDevice Infos: 0001:01:00.0
[2026-04-17 12:14:15.578] [78345] [HailoRT] [warning] [buffer_requirements.cpp:131] [get_buffer_requirements_multiple_transfers] Desc page size value (1024) is not optimal for performance.
[2026-04-17 12:14:15.602] [78345] [HailoRT] [info] [internal_buffer_manager.cpp:77] [print_execution_results] Planned internal buffer memory: CMA=0 CMA-Desc=1376256 Pinned=60060672. memory to edge layer usage factor is 1
[2026-04-17 12:14:15.602] [78345] [HailoRT] [info] [internal_buffer_manager.cpp:86] [print_execution_results] Default Internal buffer planner executed successfully
[2026-04-17 12:14:15.721] [78345] [HailoRT] [info] [device_internal.cpp:57] [configure] Configuring HEF took 152.708892 milliseconds
[2026-04-17 12:14:15.721] [78345] [HailoRT] [info] [vdevice.cpp:780] [configure] Configuring HEF on VDevice took 153.074242 milliseconds
[2026-04-17 12:14:15.722] [78345] [HailoRT] [info] [control.cpp:113] [control__parse_identify_results] firmware_version is: 4.23.0
[2026-04-17 12:14:15.722] [78345] [HailoRT] [info] [control.cpp:113] [control__parse_identify_results] firmware_version is: 4.23.0
[2026-04-17 12:14:15.751] [78345] [HailoRT] [info] [core_op.cpp:156] [activate] Activating yolov11n took 28.749325 milliseconds. Note that the function is asynchronous and thus the network is not fully activated yet.
[2026-04-17 12:14:15.751] [78345] [HailoRT] [info] [core_op.cpp:156] [activate] Activating yolov11n took 28.774714 milliseconds. Note that the function is asynchronous and thus the network is not fully activated yet.
[2026-04-17 12:14:15.764] [78345] [HailoRT] [info] [control.cpp:113] [control__parse_identify_results] firmware_version is: 4.23.0
[2026-04-17 12:14:15.764] [78345] [HailoRT] [info] [control.cpp:113] [control__parse_identify_results] firmware_version is: 4.23.0
[2026-04-17 12:14:15.764] [78345] [HailoRT] [info] [edge_elements.cpp:52] [create] Created (HwWriteEl8yolov11n/input_layer1 | hw_frame_size: 1228800)
[2026-04-17 12:14:15.764] [78345] [HailoRT] [info] [queue_elements.cpp:284] [create] Created (PushQEl8yolov11n/input_layer1 | timeout: 10s)
[2026-04-17 12:14:15.764] [78345] [HailoRT] [info] [filter_elements.cpp:101] [create] Created (PreInferEl8yolov11n/input_layer1 | Reorder - src_order: NHWC, src_shape: (640, 640, 3), dst_order: NHCW, dst_shape: (640, 640, 3))
[2026-04-17 12:14:15.764] [78345] [HailoRT] [info] [vstream.cpp:754] [InputVStreamImpl] Creating yolov11n/input_layer1...
[2026-04-17 12:14:15.764] [78345] [HailoRT] [info] [vstream_builder.cpp:102] [create_inputs] Input pipeline 'yolov11n/input_layer1': (PreInferEl8yolov11n/input_layer1 | Reorder - src_order: NHWC, src_shape: (640, 640, 3), dst_order: NHCW, dst_shape: (640, 640, 3)) >> (PushQEl8yolov11n/input_layer1 | timeout: 10s) >> (HwWriteEl8yolov11n/input_layer1 | hw_frame_size: 1228800) >> HW
[2026-04-17 12:14:15.765] [78345] [HailoRT] [info] [multi_io_elements.cpp:135] [create] Created (NmsPPMuxEl0YOLOV8-Post-Process | Op YOLOV8, Name: YOLOV8-Post-Process, Score threshold: 0.200, IoU threshold: 0.70, Classes: 80, Max bboxes per class: 100, Image height: 640, Image width: 640)
[2026-04-17 12:14:15.765] [78345] [HailoRT] [info] [edge_elements.cpp:287] [create] Created (HwReadEl3yolov11n/conv51_143 | hw_frame_size: 409600)
[2026-04-17 12:14:15.765] [78345] [HailoRT] [info] [queue_elements.cpp:657] [create] Created (PullQEl_nms3yolov11n/conv51_143 | timeout: 10s)
[2026-04-17 12:14:15.765] [78345] [HailoRT] [info] [edge_elements.cpp:287] [create] Created (HwReadEl12yolov11n/conv54_143 | hw_frame_size: 512000)
[2026-04-17 12:14:15.765] [78345] [HailoRT] [info] [queue_elements.cpp:657] [create] Created (PullQEl_nms12yolov11n/conv54_143 | timeout: 10s)
[2026-04-17 12:14:15.765] [78345] [HailoRT] [info] [edge_elements.cpp:287] [create] Created (HwReadEl15yolov11n/conv62_143 | hw_frame_size: 102400)
[2026-04-17 12:14:15.765] [78345] [HailoRT] [info] [queue_elements.cpp:657] [create] Created (PullQEl_nms15yolov11n/conv62_143 | timeout: 10s)
[2026-04-17 12:14:15.765] [78345] [HailoRT] [info] [edge_elements.cpp:287] [create] Created (HwReadEl13yolov11n/conv65_143 | hw_frame_size: 128000)
[2026-04-17 12:14:15.765] [78345] [HailoRT] [info] [queue_elements.cpp:657] [create] Created (PullQEl_nms13yolov11n/conv65_143 | timeout: 10s)
[2026-04-17 12:14:15.765] [78345] [HailoRT] [info] [edge_elements.cpp:287] [create] Created (HwReadEl1yolov11n/conv77_143 | hw_frame_size: 30720)
[2026-04-17 12:14:15.765] [78345] [HailoRT] [info] [queue_elements.cpp:657] [create] Created (PullQEl_nms1yolov11n/conv77_143 | timeout: 10s)
[2026-04-17 12:14:15.765] [78345] [HailoRT] [info] [edge_elements.cpp:287] [create] Created (HwReadEl0yolov11n/conv80_143 | hw_frame_size: 38400)
[2026-04-17 12:14:15.765] [78345] [HailoRT] [info] [queue_elements.cpp:657] [create] Created (PullQEl_nms0yolov11n/conv80_143 | timeout: 10s)
[2026-04-17 12:14:15.765] [78345] [HailoRT] [info] [queue_elements.cpp:800] [create] Created (UserBufQEl_post_infer0yolov11n/yolov8_nms_postprocess | timeout: 10s)
[2026-04-17 12:14:15.765] [78345] [HailoRT] [info] [vstream.cpp:1114] [OutputVStreamImpl] Creating yolov11n/yolov8_nms_postprocess...
[2026-04-17 12:14:15.765] [78345] [HailoRT] [info] [vstream_builder.cpp:622] [create_output_post_process_nms] Output pipeline 'yolov11n/yolov8_nms_postprocess': HW >> (HwReadEl3yolov11n/conv51_143 | hw_frame_size: 409600) >> (PullQEl_nms3yolov11n/conv51_143) >> (HwReadEl12yolov11n/conv54_143 | hw_frame_size: 512000) >> (PullQEl_nms12yolov11n/conv54_143) >> (HwReadEl15yolov11n/conv62_143 | hw_frame_size: 102400) >> (PullQEl_nms15yolov11n/conv62_143) >> (HwReadEl13yolov11n/conv65_143 | hw_frame_size: 128000) >> (PullQEl_nms13yolov11n/conv65_143) >> (HwReadEl1yolov11n/conv77_143 | hw_frame_size: 30720) >> (PullQEl_nms1yolov11n/conv77_143) >> (HwReadEl0yolov11n/conv80_143 | hw_frame_size: 38400) >> (PullQEl_nms0yolov11n/conv80_143) >> (NmsPPMuxEl0YOLOV8-Post-Process | Op YOLOV8, Name: YOLOV8-Post-Process, Score threshold: 0.200, IoU threshold: 0.70, Classes: 80, Max bboxes per class: 100, Image height: 640, Image width: 640) >> (UserBufQEl_post_infer0yolov11n/yolov8_nms_postprocess | timeout: 10s)
[2026-04-17 12:15:15.766] [79339] [HailoRT] [info] [vdevice_native_stream.cpp:331] [read_impl] Failed read from stream HAILO_STREAM_ABORT(63) (device: 0001:01:00.0)
[2026-04-17 12:15:15.766] [79342] [HailoRT] [info] [vdevice_native_stream.cpp:331] [read_impl] Failed read from stream HAILO_STREAM_ABORT(63) (device: 0001:01:00.0)
[2026-04-17 12:15:15.766] [79339] [HailoRT] [info] [edge_elements.cpp:396] [run_pull] Reading from stream was aborted!
[2026-04-17 12:15:15.766] [79342] [HailoRT] [info] [edge_elements.cpp:396] [run_pull] Reading from stream was aborted!
[2026-04-17 12:15:15.766] [79339] [HailoRT] [info] [queue_elements.cpp:738] [run_in_thread] run_pull of queue element PullQEl_nms3yolov11n/conv51_143 was aborted!
[2026-04-17 12:15:15.766] [79342] [HailoRT] [info] [queue_elements.cpp:738] [run_in_thread] run_pull of queue element PullQEl_nms13yolov11n/conv65_143 was aborted!
[2026-04-17 12:15:15.766] [79341] [HailoRT] [info] [vdevice_native_stream.cpp:331] [read_impl] Failed read from stream HAILO_STREAM_ABORT(63) (device: 0001:01:00.0)
[2026-04-17 12:15:15.766] [79341] [HailoRT] [info] [edge_elements.cpp:396] [run_pull] Reading from stream was aborted!
[2026-04-17 12:15:15.766] [79341] [HailoRT] [info] [queue_elements.cpp:738] [run_in_thread] run_pull of queue element PullQEl_nms15yolov11n/conv62_143 was aborted!
[2026-04-17 12:15:15.766] [79348] [HailoRT] [info] [queue_elements.cpp:706] [run_pull] Shutdown event was signaled in dequeue of queue element PullQEl_nms3yolov11n/conv51_143!
[2026-04-17 12:15:15.766] [79348] [HailoRT] [info] [vstream.cpp:1138] [read] Receiving to VStream was shutdown!
[2026-04-17 12:15:15.766] [79343] [HailoRT] [info] [vdevice_native_stream.cpp:331] [read_impl] Failed read from stream HAILO_STREAM_ABORT(63) (device: 0001:01:00.0)
[2026-04-17 12:15:15.766] [79343] [HailoRT] [info] [edge_elements.cpp:396] [run_pull] Reading from stream was aborted!
[2026-04-17 12:15:15.766] [79343] [HailoRT] [info] [queue_elements.cpp:738] [run_in_thread] run_pull of queue element PullQEl_nms1yolov11n/conv77_143 was aborted!
[2026-04-17 12:15:15.766] [79344] [HailoRT] [info] [vdevice_native_stream.cpp:331] [read_impl] Failed read from stream HAILO_STREAM_ABORT(63) (device: 0001:01:00.0)
[2026-04-17 12:15:15.766] [79344] [HailoRT] [info] [edge_elements.cpp:396] [run_pull] Reading from stream was aborted!
[2026-04-17 12:15:15.766] [79340] [HailoRT] [info] [vdevice_native_stream.cpp:331] [read_impl] Failed read from stream HAILO_STREAM_ABORT(63) (device: 0001:01:00.0)
[2026-04-17 12:15:15.766] [79340] [HailoRT] [info] [edge_elements.cpp:396] [run_pull] Reading from stream was aborted!
[2026-04-17 12:15:15.766] [79344] [HailoRT] [info] [queue_elements.cpp:738] [run_in_thread] run_pull of queue element PullQEl_nms0yolov11n/conv80_143 was aborted!
[2026-04-17 12:15:15.766] [79340] [HailoRT] [info] [queue_elements.cpp:738] [run_in_thread] run_pull of queue element PullQEl_nms12yolov11n/conv54_143 was aborted!
[2026-04-17 12:15:15.766] [79338] [HailoRT] [info] [vdevice_native_stream.cpp:142] [write_impl] Failed write to stream yolov11n/input_layer1 (device: 0001:01:00.0) with status=HAILO_STREAM_ABORT(63)
[2026-04-17 12:15:15.766] [79338] [HailoRT] [info] [edge_elements.cpp:87] [run_push] Failed to send on input stream InputStream(index=8, name=yolov11n/input_layer1) because stream was aborted
[2026-04-17 12:15:15.766] [79338] [HailoRT] [info] [queue_elements.cpp:401] [run_in_thread] run_push of PushQEl8yolov11n/input_layer1 was aborted!
[2026-04-17 12:15:15.767] [79349] [HailoRT] [info] [queue_elements.cpp:319] [run_push] run_push of PushQEl8yolov11n/input_layer1 was aborted!
[2026-04-17 12:15:15.767] [79349] [HailoRT] [info] [filter_elements.cpp:35] [run_push] run_push of PreInferEl8yolov11n/input_layer1 was aborted!
[2026-04-17 12:15:15.767] [79349] [HailoRT] [info] [vstream.cpp:778] [write] Sending to VStream was aborted!
[2026-04-17 12:15:15.775] [78345] [HailoRT] [info] [queue_elements.cpp:360] [execute_deactivate] enqueue() in element PushQEl8yolov11n/input_layer1 was aborted, got status = HAILO_SHUTDOWN_EVENT_SIGNALED(57)
[2026-04-17 12:15:15.775] [79338] [HailoRT] [info] [queue_elements.cpp:68] [operator()] Thread in element PushQEl8yolov11n/input_layer1 is not running anymore, exiting..
[2026-04-17 12:15:15.775] [78345] [HailoRT] [info] [queue_elements.cpp:46] [~BaseQueueElement] Queue element PushQEl8yolov11n/input_layer1 has 0 frames in his Queue on destruction
[2026-04-17 12:15:15.775] [79345] [HailoRT] [info] [queue_elements.cpp:68] [operator()] Thread in element UserBufQEl_post_infer0yolov11n/yolov8_nms_postprocess is not running anymore, exiting..
[2026-04-17 12:15:15.775] [78345] [HailoRT] [info] [queue_elements.cpp:46] [~BaseQueueElement] Queue element UserBufQEl_post_infer0yolov11n/yolov8_nms_postprocess has 0 frames in his Queue on destruction
[2026-04-17 12:15:15.776] [79344] [HailoRT] [info] [queue_elements.cpp:68] [operator()] Thread in element PullQEl_nms0yolov11n/conv80_143 is not running anymore, exiting..
[2026-04-17 12:15:15.776] [78345] [HailoRT] [info] [queue_elements.cpp:46] [~BaseQueueElement] Queue element PullQEl_nms0yolov11n/conv80_143 has 0 frames in his Queue on destruction
[2026-04-17 12:15:15.776] [79343] [HailoRT] [info] [queue_elements.cpp:68] [operator()] Thread in element PullQEl_nms1yolov11n/conv77_143 is not running anymore, exiting..
[2026-04-17 12:15:15.776] [78345] [HailoRT] [info] [queue_elements.cpp:46] [~BaseQueueElement] Queue element PullQEl_nms1yolov11n/conv77_143 has 0 frames in his Queue on destruction
[2026-04-17 12:15:15.776] [79342] [HailoRT] [info] [queue_elements.cpp:68] [operator()] Thread in element PullQEl_nms13yolov11n/conv65_143 is not running anymore, exiting..
[2026-04-17 12:15:15.776] [78345] [HailoRT] [info] [queue_elements.cpp:46] [~BaseQueueElement] Queue element PullQEl_nms13yolov11n/conv65_143 has 0 frames in his Queue on destruction
[2026-04-17 12:15:15.776] [79341] [HailoRT] [info] [queue_elements.cpp:68] [operator()] Thread in element PullQEl_nms15yolov11n/conv62_143 is not running anymore, exiting..
[2026-04-17 12:15:15.776] [78345] [HailoRT] [info] [queue_elements.cpp:46] [~BaseQueueElement] Queue element PullQEl_nms15yolov11n/conv62_143 has 0 frames in his Queue on destruction
[2026-04-17 12:15:15.776] [79340] [HailoRT] [info] [queue_elements.cpp:68] [operator()] Thread in element PullQEl_nms12yolov11n/conv54_143 is not running anymore, exiting..
[2026-04-17 12:15:15.776] [78345] [HailoRT] [info] [queue_elements.cpp:46] [~BaseQueueElement] Queue element PullQEl_nms12yolov11n/conv54_143 has 0 frames in his Queue on destruction
[2026-04-17 12:15:15.776] [79339] [HailoRT] [info] [queue_elements.cpp:68] [operator()] Thread in element PullQEl_nms3yolov11n/conv51_143 is not running anymore, exiting..
[2026-04-17 12:15:15.776] [78345] [HailoRT] [info] [queue_elements.cpp:46] [~BaseQueueElement] Queue element PullQEl_nms3yolov11n/conv51_143 has 0 frames in his Queue on destruction
[2026-04-17 12:15:15.776] [78345] [HailoRT] [info] [core_op.cpp:186] [deactivate] Deactivating took 0.007833 ms
[2026-04-17 12:15:15.776] [78345] [HailoRT] [info] [core_op.cpp:186] [deactivate] Deactivating took 0.016241 ms
[2026-04-17 12:15:26.132] [79904] [HailoRT] [info] [vdevice.cpp:535] [create] Creating vdevice with params: device_count: 1, scheduling_algorithm: NONE, multi_process_service: false
[2026-04-17 12:15:26.145] [79904] [HailoRT] [info] [device.cpp:51] [Device] OS Version: Linux 6.12.75+rpt-rpi-2712 #1 SMP PREEMPT Debian 1:6.12.75-1+rpt1 (2026-03-11) aarch64
[2026-04-17 12:15:26.146] [79904] [HailoRT] [info] [control.cpp:113] [control__parse_identify_results] firmware_version is: 4.23.0
[2026-04-17 12:15:26.146] [79904] [HailoRT] [info] [vdevice.cpp:682] [create] VDevice Infos: 0001:01:00.0
[2026-04-17 12:15:26.151] [79904] [HailoRT] [warning] [buffer_requirements.cpp:131] [get_buffer_requirements_multiple_transfers] Desc page size value (1024) is not optimal for performance.
[2026-04-17 12:15:26.177] [79904] [HailoRT] [info] [internal_buffer_manager.cpp:77] [print_execution_results] Planned internal buffer memory: CMA=0 CMA-Desc=1507328 Pinned=61238272. memory to edge layer usage factor is 1
[2026-04-17 12:15:26.177] [79904] [HailoRT] [info] [internal_buffer_manager.cpp:86] [print_execution_results] Default Internal buffer planner executed successfully
[2026-04-17 12:15:26.288] [79904] [HailoRT] [info] [device_internal.cpp:57] [configure] Configuring HEF took 141.737801 milliseconds
[2026-04-17 12:15:26.288] [79904] [HailoRT] [info] [vdevice.cpp:780] [configure] Configuring HEF on VDevice took 142.135651 milliseconds
[2026-04-17 12:15:26.288] [79904] [HailoRT] [info] [control.cpp:113] [control__parse_identify_results] firmware_version is: 4.23.0
[2026-04-17 12:15:26.288] [79904] [HailoRT] [info] [control.cpp:113] [control__parse_identify_results] firmware_version is: 4.23.0
[2026-04-17 12:15:26.323] [79904] [HailoRT] [info] [core_op.cpp:156] [activate] Activating yolov11n took 34.562805 milliseconds. Note that the function is asynchronous and thus the network is not fully activated yet.
[2026-04-17 12:15:26.323] [79904] [HailoRT] [info] [core_op.cpp:156] [activate] Activating yolov11n took 34.592916 milliseconds. Note that the function is asynchronous and thus the network is not fully activated yet.
[2026-04-17 12:15:26.336] [79904] [HailoRT] [info] [control.cpp:113] [control__parse_identify_results] firmware_version is: 4.23.0
[2026-04-17 12:15:26.336] [79904] [HailoRT] [info] [control.cpp:113] [control__parse_identify_results] firmware_version is: 4.23.0
[2026-04-17 12:15:27.523] [79896] [HailoRT] [info] [device.cpp:51] [Device] OS Version: Linux 6.12.75+rpt-rpi-2712 #1 SMP PREEMPT Debian 1:6.12.75-1+rpt1 (2026-03-11) aarch64
[2026-04-17 12:15:27.523] [79896] [HailoRT] [info] [control.cpp:113] [control__parse_identify_results] firmware_version is: 4.23.0
[2026-04-17 12:15:27.523] [79896] [HailoRT] [info] [control.cpp:113] [control__parse_identify_results] firmware_version is: 4.23.0
[2026-04-17 12:16:26.337] [79918] [HailoRT] [info] [vdevice_native_stream.cpp:331] [read_impl] Failed read from stream HAILO_STREAM_ABORT(63) (device: 0001:01:00.0)
[2026-04-17 12:16:26.337] [79917] [HailoRT] [info] [vdevice_native_stream.cpp:331] [read_impl] Failed read from stream HAILO_STREAM_ABORT(63) (device: 0001:01:00.0)
[2026-04-17 12:16:26.337] [79913] [HailoRT] [info] [vdevice_native_stream.cpp:331] [read_impl] Failed read from stream HAILO_STREAM_ABORT(63) (device: 0001:01:00.0)
[2026-04-17 12:16:26.337] [79914] [HailoRT] [info] [vdevice_native_stream.cpp:331] [read_impl] Failed read from stream HAILO_STREAM_ABORT(63) (device: 0001:01:00.0)
[2026-04-17 12:16:26.337] [79919] [HailoRT] [info] [vdevice_native_stream.cpp:142] [write_impl] Failed write to stream yolov11n/input_layer1 (device: 0001:01:00.0) with status=HAILO_STREAM_ABORT(63)
[2026-04-17 12:16:26.337] [79915] [HailoRT] [info] [vdevice_native_stream.cpp:331] [read_impl] Failed read from stream HAILO_STREAM_ABORT(63) (device: 0001:01:00.0)
[2026-04-17 12:16:26.337] [79916] [HailoRT] [info] [vdevice_native_stream.cpp:331] [read_impl] Failed read from stream HAILO_STREAM_ABORT(63) (device: 0001:01:00.0)
[2026-04-17 12:16:26.373] [79904] [HailoRT] [info] [core_op.cpp:186] [deactivate] Deactivating took 0.007129 ms
[2026-04-17 12:16:26.373] [79904] [HailoRT] [info] [core_op.cpp:186] [deactivate] Deactivating took 0.023778 ms
[2026-04-17 12:16:26.436] [79904] [HailoRT] [info] [vdevice.cpp:535] [create] Creating vdevice with params: device_count: 1, scheduling_algorithm: NONE, multi_process_service: false
[2026-04-17 12:16:26.436] [79904] [HailoRT] [info] [device.cpp:51] [Device] OS Version: Linux 6.12.75+rpt-rpi-2712 #1 SMP PREEMPT Debian 1:6.12.75-1+rpt1 (2026-03-11) aarch64
[2026-04-17 12:16:26.436] [79904] [HailoRT] [info] [control.cpp:113] [control__parse_identify_results] firmware_version is: 4.23.0
[2026-04-17 12:16:26.437] [79904] [HailoRT] [info] [vdevice.cpp:682] [create] VDevice Infos: 0001:01:00.0
[2026-04-17 12:16:26.448] [79904] [HailoRT] [warning] [buffer_requirements.cpp:131] [get_buffer_requirements_multiple_transfers] Desc page size value (1024) is not optimal for performance.
[2026-04-17 12:16:26.478] [79904] [HailoRT] [info] [internal_buffer_manager.cpp:77] [print_execution_results] Planned internal buffer memory: CMA=0 CMA-Desc=1507328 Pinned=61238272. memory to edge layer usage factor is 1
[2026-04-17 12:16:26.478] [79904] [HailoRT] [info] [internal_buffer_manager.cpp:86] [print_execution_results] Default Internal buffer planner executed successfully
[2026-04-17 12:16:26.594] [79904] [HailoRT] [info] [device_internal.cpp:57] [configure] Configuring HEF took 157.060025 milliseconds
[2026-04-17 12:16:26.594] [79904] [HailoRT] [info] [vdevice.cpp:780] [configure] Configuring HEF on VDevice took 157.432894 milliseconds
[2026-04-17 12:16:26.594] [79904] [HailoRT] [info] [control.cpp:113] [control__parse_identify_results] firmware_version is: 4.23.0
[2026-04-17 12:16:26.595] [79904] [HailoRT] [info] [control.cpp:113] [control__parse_identify_results] firmware_version is: 4.23.0
[2026-04-17 12:16:26.629] [79904] [HailoRT] [info] [core_op.cpp:156] [activate] Activating yolov11n took 34.484102 milliseconds. Note that the function is asynchronous and thus the network is not fully activated yet.
[2026-04-17 12:16:26.629] [79904] [HailoRT] [info] [core_op.cpp:156] [activate] Activating yolov11n took 34.509991 milliseconds. Note that the function is asynchronous and thus the network is not fully activated yet.
[2026-04-17 12:16:26.642] [79904] [HailoRT] [info] [control.cpp:113] [control__parse_identify_results] firmware_version is: 4.23.0
[2026-04-17 12:16:26.642] [79904] [HailoRT] [info] [control.cpp:113] [control__parse_identify_results] firmware_version is: 4.23.0
[2026-04-17 12:16:26.643] [79904] [HailoRT] [info] [edge_elements.cpp:52] [create] Created (HwWriteEl8yolov11n/input_layer1 | hw_frame_size: 1228800)
[2026-04-17 12:16:26.643] [79904] [HailoRT] [info] [queue_elements.cpp:284] [create] Created (PushQEl8yolov11n/input_layer1 | timeout: 10s)
[2026-04-17 12:16:26.643] [79904] [HailoRT] [info] [filter_elements.cpp:101] [create] Created (PreInferEl8yolov11n/input_layer1 | Reorder - src_order: NHWC, src_shape: (640, 640, 3), dst_order: NHCW, dst_shape: (640, 640, 3))
[2026-04-17 12:16:26.643] [79904] [HailoRT] [info] [vstream.cpp:754] [InputVStreamImpl] Creating yolov11n/input_layer1...
[2026-04-17 12:16:26.643] [79904] [HailoRT] [info] [vstream_builder.cpp:102] [create_inputs] Input pipeline 'yolov11n/input_layer1': (PreInferEl8yolov11n/input_layer1 | Reorder - src_order: NHWC, src_shape: (640, 640, 3), dst_order: NHCW, dst_shape: (640, 640, 3)) >> (PushQEl8yolov11n/input_layer1 | timeout: 10s) >> (HwWriteEl8yolov11n/input_layer1 | hw_frame_size: 1228800) >> HW
[2026-04-17 12:16:26.643] [79904] [HailoRT] [info] [multi_io_elements.cpp:135] [create] Created (NmsPPMuxEl0YOLOV8-Post-Process | Op YOLOV8, Name: YOLOV8-Post-Process, Score threshold: 0.200, IoU threshold: 0.70, Classes: 80, Max bboxes per class: 100, Image height: 640, Image width: 640)
[2026-04-17 12:16:26.643] [79904] [HailoRT] [info] [edge_elements.cpp:287] [create] Created (HwReadEl3yolov11n/conv51_143 | hw_frame_size: 409600)
[2026-04-17 12:16:26.643] [79904] [HailoRT] [info] [queue_elements.cpp:657] [create] Created (PullQEl_nms3yolov11n/conv51_143 | timeout: 10s)
[2026-04-17 12:16:26.643] [79904] [HailoRT] [info] [edge_elements.cpp:287] [create] Created (HwReadEl12yolov11n/conv54_143 | hw_frame_size: 512000)
[2026-04-17 12:16:26.643] [79904] [HailoRT] [info] [queue_elements.cpp:657] [create] Created (PullQEl_nms12yolov11n/conv54_143 | timeout: 10s)
[2026-04-17 12:16:26.643] [79904] [HailoRT] [info] [edge_elements.cpp:287] [create] Created (HwReadEl15yolov11n/conv62_143 | hw_frame_size: 102400)
[2026-04-17 12:16:26.643] [79904] [HailoRT] [info] [queue_elements.cpp:657] [create] Created (PullQEl_nms15yolov11n/conv62_143 | timeout: 10s)
[2026-04-17 12:16:26.643] [79904] [HailoRT] [info] [edge_elements.cpp:287] [create] Created (HwReadEl13yolov11n/conv65_143 | hw_frame_size: 128000)
[2026-04-17 12:16:26.643] [79904] [HailoRT] [info] [queue_elements.cpp:657] [create] Created (PullQEl_nms13yolov11n/conv65_143 | timeout: 10s)
[2026-04-17 12:16:26.643] [79904] [HailoRT] [info] [edge_elements.cpp:287] [create] Created (HwReadEl1yolov11n/conv77_143 | hw_frame_size: 30720)
[2026-04-17 12:16:26.643] [79904] [HailoRT] [info] [queue_elements.cpp:657] [create] Created (PullQEl_nms1yolov11n/conv77_143 | timeout: 10s)
[2026-04-17 12:16:26.643] [79904] [HailoRT] [info] [edge_elements.cpp:287] [create] Created (HwReadEl0yolov11n/conv80_143 | hw_frame_size: 38400)
[2026-04-17 12:16:26.643] [79904] [HailoRT] [info] [queue_elements.cpp:657] [create] Created (PullQEl_nms0yolov11n/conv80_143 | timeout: 10s)
[2026-04-17 12:16:26.643] [79904] [HailoRT] [info] [queue_elements.cpp:800] [create] Created (UserBufQEl_post_infer0yolov11n/yolov8_nms_postprocess | timeout: 10s)
[2026-04-17 12:16:26.643] [79904] [HailoRT] [info] [vstream.cpp:1114] [OutputVStreamImpl] Creating yolov11n/yolov8_nms_postprocess...
[2026-04-17 12:16:26.644] [79904] [HailoRT] [info] [vstream_builder.cpp:622] [create_output_post_process_nms] Output pipeline 'yolov11n/yolov8_nms_postprocess': HW >> (HwReadEl3yolov11n/conv51_143 | hw_frame_size: 409600) >> (PullQEl_nms3yolov11n/conv51_143) >> (HwReadEl12yolov11n/conv54_143 | hw_frame_size: 512000) >> (PullQEl_nms12yolov11n/conv54_143) >> (HwReadEl15yolov11n/conv62_143 | hw_frame_size: 102400) >> (PullQEl_nms15yolov11n/conv62_143) >> (HwReadEl13yolov11n/conv65_143 | hw_frame_size: 128000) >> (PullQEl_nms13yolov11n/conv65_143) >> (HwReadEl1yolov11n/conv77_143 | hw_frame_size: 30720) >> (PullQEl_nms1yolov11n/conv77_143) >> (HwReadEl0yolov11n/conv80_143 | hw_frame_size: 38400) >> (PullQEl_nms0yolov11n/conv80_143) >> (NmsPPMuxEl0YOLOV8-Post-Process | Op YOLOV8, Name: YOLOV8-Post-Process, Score threshold: 0.200, IoU threshold: 0.70, Classes: 80, Max bboxes per class: 100, Image height: 640, Image width: 640) >> (UserBufQEl_post_infer0yolov11n/yolov8_nms_postprocess | timeout: 10s)
[2026-04-17 12:17:26.644] [80402] [HailoRT] [info] [vdevice_native_stream.cpp:142] [write_impl] Failed write to stream yolov11n/input_layer1 (device: 0001:01:00.0) with status=HAILO_STREAM_ABORT(63)
[2026-04-17 12:17:26.644] [80402] [HailoRT] [info] [edge_elements.cpp:87] [run_push] Failed to send on input stream InputStream(index=8, name=yolov11n/input_layer1) because stream was aborted
[2026-04-17 12:17:26.644] [80402] [HailoRT] [info] [queue_elements.cpp:401] [run_in_thread] run_push of PushQEl8yolov11n/input_layer1 was aborted!
[2026-04-17 12:17:26.644] [80403] [HailoRT] [info] [vdevice_native_stream.cpp:331] [read_impl] Failed read from stream HAILO_STREAM_ABORT(63) (device: 0001:01:00.0)
[2026-04-17 12:17:26.644] [80403] [HailoRT] [info] [edge_elements.cpp:396] [run_pull] Reading from stream was aborted!
[2026-04-17 12:17:26.644] [80403] [HailoRT] [info] [queue_elements.cpp:738] [run_in_thread] run_pull of queue element PullQEl_nms3yolov11n/conv51_143 was aborted!
[2026-04-17 12:17:26.644] [80405] [HailoRT] [info] [vdevice_native_stream.cpp:331] [read_impl] Failed read from stream HAILO_STREAM_ABORT(63) (device: 0001:01:00.0)
[2026-04-17 12:17:26.644] [80405] [HailoRT] [info] [edge_elements.cpp:396] [run_pull] Reading from stream was aborted!
[2026-04-17 12:17:26.644] [80405] [HailoRT] [info] [queue_elements.cpp:738] [run_in_thread] run_pull of queue element PullQEl_nms15yolov11n/conv62_143 was aborted!
[2026-04-17 12:17:26.644] [80407] [HailoRT] [info] [vdevice_native_stream.cpp:331] [read_impl] Failed read from stream HAILO_STREAM_ABORT(63) (device: 0001:01:00.0)
[2026-04-17 12:17:26.644] [80407] [HailoRT] [info] [edge_elements.cpp:396] [run_pull] Reading from stream was aborted!
[2026-04-17 12:17:26.644] [80407] [HailoRT] [info] [queue_elements.cpp:738] [run_in_thread] run_pull of queue element PullQEl_nms1yolov11n/conv77_143 was aborted!
[2026-04-17 12:17:26.645] [80413] [HailoRT] [info] [vstream.cpp:774] [write] Sending to VStream was shutdown!
[2026-04-17 12:17:26.645] [80413] [HailoRT] [info] [vstream.cpp:778] [write] Sending to VStream was aborted!
[2026-04-17 12:17:26.645] [80412] [HailoRT] [info] [queue_elements.cpp:706] [run_pull] Shutdown event was signaled in dequeue of queue element PullQEl_nms3yolov11n/conv51_143!
[2026-04-17 12:17:26.645] [80412] [HailoRT] [info] [vstream.cpp:1138] [read] Receiving to VStream was shutdown!
[2026-04-17 12:17:26.645] [80404] [HailoRT] [info] [vdevice_native_stream.cpp:331] [read_impl] Failed read from stream HAILO_STREAM_ABORT(63) (device: 0001:01:00.0)
[2026-04-17 12:17:26.645] [80404] [HailoRT] [info] [edge_elements.cpp:396] [run_pull] Reading from stream was aborted!
[2026-04-17 12:17:26.645] [80404] [HailoRT] [info] [queue_elements.cpp:738] [run_in_thread] run_pull of queue element PullQEl_nms12yolov11n/conv54_143 was aborted!
[2026-04-17 12:17:26.645] [80406] [HailoRT] [info] [vdevice_native_stream.cpp:331] [read_impl] Failed read from stream HAILO_STREAM_ABORT(63) (device: 0001:01:00.0)
[2026-04-17 12:17:26.645] [80406] [HailoRT] [info] [edge_elements.cpp:396] [run_pull] Reading from stream was aborted!
[2026-04-17 12:17:26.645] [80406] [HailoRT] [info] [queue_elements.cpp:738] [run_in_thread] run_pull of queue element PullQEl_nms13yolov11n/conv65_143 was aborted!
[2026-04-17 12:17:26.645] [80408] [HailoRT] [info] [vdevice_native_stream.cpp:331] [read_impl] Failed read from stream HAILO_STREAM_ABORT(63) (device: 0001:01:00.0)
[2026-04-17 12:17:26.645] [80408] [HailoRT] [info] [edge_elements.cpp:396] [run_pull] Reading from stream was aborted!
[2026-04-17 12:17:26.645] [80408] [HailoRT] [info] [queue_elements.cpp:738] [run_in_thread] run_pull of queue element PullQEl_nms0yolov11n/conv80_143 was aborted!
[2026-04-17 12:17:26.687] [79904] [HailoRT] [info] [queue_elements.cpp:360] [execute_deactivate] enqueue() in element PushQEl8yolov11n/input_layer1 was aborted, got status = HAILO_SHUTDOWN_EVENT_SIGNALED(57)
[2026-04-17 12:17:26.687] [80402] [HailoRT] [info] [queue_elements.cpp:68] [operator()] Thread in element PushQEl8yolov11n/input_layer1 is not running anymore, exiting..
[2026-04-17 12:17:26.687] [79904] [HailoRT] [info] [queue_elements.cpp:46] [~BaseQueueElement] Queue element PushQEl8yolov11n/input_layer1 has 1 frames in his Queue on destruction
[2026-04-17 12:17:26.687] [80409] [HailoRT] [info] [queue_elements.cpp:68] [operator()] Thread in element UserBufQEl_post_infer0yolov11n/yolov8_nms_postprocess is not running anymore, exiting..
[2026-04-17 12:17:26.687] [79904] [HailoRT] [info] [queue_elements.cpp:46] [~BaseQueueElement] Queue element UserBufQEl_post_infer0yolov11n/yolov8_nms_postprocess has 0 frames in his Queue on destruction
[2026-04-17 12:17:26.687] [80408] [HailoRT] [info] [queue_elements.cpp:68] [operator()] Thread in element PullQEl_nms0yolov11n/conv80_143 is not running anymore, exiting..
[2026-04-17 12:17:26.687] [79904] [HailoRT] [info] [queue_elements.cpp:46] [~BaseQueueElement] Queue element PullQEl_nms0yolov11n/conv80_143 has 0 frames in his Queue on destruction
[2026-04-17 12:17:26.687] [80407] [HailoRT] [info] [queue_elements.cpp:68] [operator()] Thread in element PullQEl_nms1yolov11n/conv77_143 is not running anymore, exiting..
[2026-04-17 12:17:26.687] [79904] [HailoRT] [info] [queue_elements.cpp:46] [~BaseQueueElement] Queue element PullQEl_nms1yolov11n/conv77_143 has 0 frames in his Queue on destruction
[2026-04-17 12:17:26.687] [80406] [HailoRT] [info] [queue_elements.cpp:68] [operator()] Thread in element PullQEl_nms13yolov11n/conv65_143 is not running anymore, exiting..
[2026-04-17 12:17:26.687] [79904] [HailoRT] [info] [queue_elements.cpp:46] [~BaseQueueElement] Queue element PullQEl_nms13yolov11n/conv65_143 has 0 frames in his Queue on destruction
[2026-04-17 12:17:26.687] [80405] [HailoRT] [info] [queue_elements.cpp:68] [operator()] Thread in element PullQEl_nms15yolov11n/conv62_143 is not running anymore, exiting..
[2026-04-17 12:17:26.687] [79904] [HailoRT] [info] [queue_elements.cpp:46] [~BaseQueueElement] Queue element PullQEl_nms15yolov11n/conv62_143 has 0 frames in his Queue on destruction
[2026-04-17 12:17:26.687] [80404] [HailoRT] [info] [queue_elements.cpp:68] [operator()] Thread in element PullQEl_nms12yolov11n/conv54_143 is not running anymore, exiting..
[2026-04-17 12:17:26.687] [79904] [HailoRT] [info] [queue_elements.cpp:46] [~BaseQueueElement] Queue element PullQEl_nms12yolov11n/conv54_143 has 0 frames in his Queue on destruction
[2026-04-17 12:17:26.688] [80403] [HailoRT] [info] [queue_elements.cpp:68] [operator()] Thread in element PullQEl_nms3yolov11n/conv51_143 is not running anymore, exiting..
[2026-04-17 12:17:26.688] [79904] [HailoRT] [info] [queue_elements.cpp:46] [~BaseQueueElement] Queue element PullQEl_nms3yolov11n/conv51_143 has 0 frames in his Queue on destruction
[2026-04-17 12:17:26.688] [79904] [HailoRT] [info] [core_op.cpp:186] [deactivate] Deactivating took 0.009055 ms
[2026-04-17 12:17:26.688] [79904] [HailoRT] [info] [core_op.cpp:186] [deactivate] Deactivating took 0.020371 ms
[2026-04-17 12:17:26.748] [79904] [HailoRT] [info] [vdevice.cpp:535] [create] Creating vdevice with params: device_count: 1, scheduling_algorithm: NONE, multi_process_service: false
[2026-04-17 12:17:26.749] [79904] [HailoRT] [info] [device.cpp:51] [Device] OS Version: Linux 6.12.75+rpt-rpi-2712 #1 SMP PREEMPT Debian 1:6.12.75-1+rpt1 (2026-03-11) aarch64
[2026-04-17 12:17:26.749] [79904] [HailoRT] [info] [control.cpp:113] [control__parse_identify_results] firmware_version is: 4.23.0
[2026-04-17 12:17:26.749] [79904] [HailoRT] [info] [vdevice.cpp:682] [create] VDevice Infos: 0001:01:00.0
[2026-04-17 12:17:26.758] [79904] [HailoRT] [warning] [buffer_requirements.cpp:131] [get_buffer_requirements_multiple_transfers] Desc page size value (1024) is not optimal for performance.
[2026-04-17 12:17:26.787] [79904] [HailoRT] [info] [internal_buffer_manager.cpp:77] [print_execution_results] Planned internal buffer memory: CMA=0 CMA-Desc=1507328 Pinned=61238272. memory to edge layer usage factor is 1
[2026-04-17 12:17:26.787] [79904] [HailoRT] [info] [internal_buffer_manager.cpp:86] [print_execution_results] Default Internal buffer planner executed successfully
[2026-04-17 12:17:26.945] [79904] [HailoRT] [info] [device_internal.cpp:57] [configure] Configuring HEF took 195.601298 milliseconds
[2026-04-17 12:17:26.945] [79904] [HailoRT] [info] [vdevice.cpp:780] [configure] Configuring HEF on VDevice took 196.085203 milliseconds
[2026-04-17 12:17:26.946] [79904] [HailoRT] [info] [control.cpp:113] [control__parse_identify_results] firmware_version is: 4.23.0
[2026-04-17 12:17:26.946] [79904] [HailoRT] [info] [control.cpp:113] [control__parse_identify_results] firmware_version is: 4.23.0
[2026-04-17 12:17:26.980] [79904] [HailoRT] [info] [core_op.cpp:156] [activate] Activating yolov11n took 33.868586 milliseconds. Note that the function is asynchronous and thus the network is not fully activated yet.
[2026-04-17 12:17:26.980] [79904] [HailoRT] [info] [core_op.cpp:156] [activate] Activating yolov11n took 33.93453 milliseconds. Note that the function is asynchronous and thus the network is not fully activated yet.
[2026-04-17 12:17:26.994] [79904] [HailoRT] [info] [control.cpp:113] [control__parse_identify_results] firmware_version is: 4.23.0
[2026-04-17 12:17:26.994] [79904] [HailoRT] [info] [control.cpp:113] [control__parse_identify_results] firmware_version is: 4.23.0
[2026-04-17 12:17:26.994] [79904] [HailoRT] [info] [edge_elements.cpp:52] [create] Created (HwWriteEl8yolov11n/input_layer1 | hw_frame_size: 1228800)
[2026-04-17 12:17:26.994] [79904] [HailoRT] [info] [queue_elements.cpp:284] [create] Created (PushQEl8yolov11n/input_layer1 | timeout: 10s)
[2026-04-17 12:17:26.995] [79904] [HailoRT] [info] [filter_elements.cpp:101] [create] Created (PreInferEl8yolov11n/input_layer1 | Reorder - src_order: NHWC, src_shape: (640, 640, 3), dst_order: NHCW, dst_shape: (640, 640, 3))
[2026-04-17 12:17:26.995] [79904] [HailoRT] [info] [vstream.cpp:754] [InputVStreamImpl] Creating yolov11n/input_layer1...
[2026-04-17 12:17:26.995] [79904] [HailoRT] [info] [vstream_builder.cpp:102] [create_inputs] Input pipeline 'yolov11n/input_layer1': (PreInferEl8yolov11n/input_layer1 | Reorder - src_order: NHWC, src_shape: (640, 640, 3), dst_order: NHCW, dst_shape: (640, 640, 3)) >> (PushQEl8yolov11n/input_layer1 | timeout: 10s) >> (HwWriteEl8yolov11n/input_layer1 | hw_frame_size: 1228800) >> HW
[2026-04-17 12:17:26.995] [79904] [HailoRT] [info] [multi_io_elements.cpp:135] [create] Created (NmsPPMuxEl0YOLOV8-Post-Process | Op YOLOV8, Name: YOLOV8-Post-Process, Score threshold: 0.200, IoU threshold: 0.70, Classes: 80, Max bboxes per class: 100, Image height: 640, Image width: 640)
[2026-04-17 12:17:26.995] [79904] [HailoRT] [info] [edge_elements.cpp:287] [create] Created (HwReadEl3yolov11n/conv51_143 | hw_frame_size: 409600)
[2026-04-17 12:17:26.995] [79904] [HailoRT] [info] [queue_elements.cpp:657] [create] Created (PullQEl_nms3yolov11n/conv51_143 | timeout: 10s)
[2026-04-17 12:17:26.995] [79904] [HailoRT] [info] [edge_elements.cpp:287] [create] Created (HwReadEl12yolov11n/conv54_143 | hw_frame_size: 512000)
[2026-04-17 12:17:26.995] [79904] [HailoRT] [info] [queue_elements.cpp:657] [create] Created (PullQEl_nms12yolov11n/conv54_143 | timeout: 10s)
[2026-04-17 12:17:26.995] [79904] [HailoRT] [info] [edge_elements.cpp:287] [create] Created (HwReadEl15yolov11n/conv62_143 | hw_frame_size: 102400)
[2026-04-17 12:17:26.995] [79904] [HailoRT] [info] [queue_elements.cpp:657] [create] Created (PullQEl_nms15yolov11n/conv62_143 | timeout: 10s)
[2026-04-17 12:17:26.995] [79904] [HailoRT] [info] [edge_elements.cpp:287] [create] Created (HwReadEl13yolov11n/conv65_143 | hw_frame_size: 128000)
[2026-04-17 12:17:26.995] [79904] [HailoRT] [info] [queue_elements.cpp:657] [create] Created (PullQEl_nms13yolov11n/conv65_143 | timeout: 10s)
[2026-04-17 12:17:26.995] [79904] [HailoRT] [info] [edge_elements.cpp:287] [create] Created (HwReadEl1yolov11n/conv77_143 | hw_frame_size: 30720)
[2026-04-17 12:17:26.995] [79904] [HailoRT] [info] [queue_elements.cpp:657] [create] Created (PullQEl_nms1yolov11n/conv77_143 | timeout: 10s)
[2026-04-17 12:17:26.995] [79904] [HailoRT] [info] [edge_elements.cpp:287] [create] Created (HwReadEl0yolov11n/conv80_143 | hw_frame_size: 38400)
[2026-04-17 12:17:26.995] [79904] [HailoRT] [info] [queue_elements.cpp:657] [create] Created (PullQEl_nms0yolov11n/conv80_143 | timeout: 10s)
[2026-04-17 12:17:26.995] [79904] [HailoRT] [info] [queue_elements.cpp:800] [create] Created (UserBufQEl_post_infer0yolov11n/yolov8_nms_postprocess | timeout: 10s)
[2026-04-17 12:17:26.995] [79904] [HailoRT] [info] [vstream.cpp:1114] [OutputVStreamImpl] Creating yolov11n/yolov8_nms_postprocess...
[2026-04-17 12:17:26.995] [79904] [HailoRT] [info] [vstream_builder.cpp:622] [create_output_post_process_nms] Output pipeline 'yolov11n/yolov8_nms_postprocess': HW >> (HwReadEl3yolov11n/conv51_143 | hw_frame_size: 409600) >> (PullQEl_nms3yolov11n/conv51_143) >> (HwReadEl12yolov11n/conv54_143 | hw_frame_size: 512000) >> (PullQEl_nms12yolov11n/conv54_143) >> (HwReadEl15yolov11n/conv62_143 | hw_frame_size: 102400) >> (PullQEl_nms15yolov11n/conv62_143) >> (HwReadEl13yolov11n/conv65_143 | hw_frame_size: 128000) >> (PullQEl_nms13yolov11n/conv65_143) >> (HwReadEl1yolov11n/conv77_143 | hw_frame_size: 30720) >> (PullQEl_nms1yolov11n/conv77_143) >> (HwReadEl0yolov11n/conv80_143 | hw_frame_size: 38400) >> (PullQEl_nms0yolov11n/conv80_143) >> (NmsPPMuxEl0YOLOV8-Post-Process | Op YOLOV8, Name: YOLOV8-Post-Process, Score threshold: 0.200, IoU threshold: 0.70, Classes: 80, Max bboxes per class: 100, Image height: 640, Image width: 640) >> (UserBufQEl_post_infer0yolov11n/yolov8_nms_postprocess | timeout: 10s)
[2026-04-17 12:18:26.996] [80937] [HailoRT] [info] [vdevice_native_stream.cpp:331] [read_impl] Failed read from stream HAILO_STREAM_ABORT(63) (device: 0001:01:00.0)
[2026-04-17 12:18:26.996] [80937] [HailoRT] [info] [edge_elements.cpp:396] [run_pull] Reading from stream was aborted!
[2026-04-17 12:18:26.996] [80938] [HailoRT] [info] [vdevice_native_stream.cpp:331] [read_impl] Failed read from stream HAILO_STREAM_ABORT(63) (device: 0001:01:00.0)
[2026-04-17 12:18:26.996] [80938] [HailoRT] [info] [edge_elements.cpp:396] [run_pull] Reading from stream was aborted!
[2026-04-17 12:18:26.996] [80937] [HailoRT] [info] [queue_elements.cpp:738] [run_in_thread] run_pull of queue element PullQEl_nms15yolov11n/conv62_143 was aborted!
[2026-04-17 12:18:26.996] [80938] [HailoRT] [info] [queue_elements.cpp:738] [run_in_thread] run_pull of queue element PullQEl_nms13yolov11n/conv65_143 was aborted!
[2026-04-17 12:18:26.996] [80940] [HailoRT] [info] [vdevice_native_stream.cpp:331] [read_impl] Failed read from stream HAILO_STREAM_ABORT(63) (device: 0001:01:00.0)
[2026-04-17 12:18:26.996] [80940] [HailoRT] [info] [edge_elements.cpp:396] [run_pull] Reading from stream was aborted!
[2026-04-17 12:18:26.996] [80940] [HailoRT] [info] [queue_elements.cpp:738] [run_in_thread] run_pull of queue element PullQEl_nms0yolov11n/conv80_143 was aborted!
[2026-04-17 12:18:26.996] [80935] [HailoRT] [info] [vdevice_native_stream.cpp:331] [read_impl] Failed read from stream HAILO_STREAM_ABORT(63) (device: 0001:01:00.0)
[2026-04-17 12:18:26.996] [80935] [HailoRT] [info] [edge_elements.cpp:396] [run_pull] Reading from stream was aborted!
[2026-04-17 12:18:26.996] [80935] [HailoRT] [info] [queue_elements.cpp:738] [run_in_thread] run_pull of queue element PullQEl_nms3yolov11n/conv51_143 was aborted!
[2026-04-17 12:18:26.996] [80936] [HailoRT] [info] [vdevice_native_stream.cpp:331] [read_impl] Failed read from stream HAILO_STREAM_ABORT(63) (device: 0001:01:00.0)
[2026-04-17 12:18:26.996] [80936] [HailoRT] [info] [edge_elements.cpp:396] [run_pull] Reading from stream was aborted!
[2026-04-17 12:18:26.996] [80944] [HailoRT] [info] [queue_elements.cpp:706] [run_pull] Shutdown event was signaled in dequeue of queue element PullQEl_nms3yolov11n/conv51_143!
[2026-04-17 12:18:26.996] [80944] [HailoRT] [info] [vstream.cpp:1138] [read] Receiving to VStream was shutdown!
[2026-04-17 12:18:26.996] [80936] [HailoRT] [info] [queue_elements.cpp:738] [run_in_thread] run_pull of queue element PullQEl_nms12yolov11n/conv54_143 was aborted!
[2026-04-17 12:18:26.996] [80934] [HailoRT] [info] [vdevice_native_stream.cpp:142] [write_impl] Failed write to stream yolov11n/input_layer1 (device: 0001:01:00.0) with status=HAILO_STREAM_ABORT(63)
[2026-04-17 12:18:26.996] [80934] [HailoRT] [info] [edge_elements.cpp:87] [run_push] Failed to send on input stream InputStream(index=8, name=yolov11n/input_layer1) because stream was aborted
[2026-04-17 12:18:26.996] [80934] [HailoRT] [info] [queue_elements.cpp:401] [run_in_thread] run_push of PushQEl8yolov11n/input_layer1 was aborted!
[2026-04-17 12:18:26.996] [80945] [HailoRT] [info] [queue_elements.cpp:319] [run_push] run_push of PushQEl8yolov11n/input_layer1 was aborted!
[2026-04-17 12:18:26.996] [80945] [HailoRT] [info] [filter_elements.cpp:35] [run_push] run_push of PreInferEl8yolov11n/input_layer1 was aborted!
[2026-04-17 12:18:26.996] [80945] [HailoRT] [info] [vstream.cpp:778] [write] Sending to VStream was aborted!
[2026-04-17 12:18:26.996] [80939] [HailoRT] [info] [vdevice_native_stream.cpp:331] [read_impl] Failed read from stream HAILO_STREAM_ABORT(63) (device: 0001:01:00.0)
[2026-04-17 12:18:26.996] [80939] [HailoRT] [info] [edge_elements.cpp:396] [run_pull] Reading from stream was aborted!
[2026-04-17 12:18:26.996] [80939] [HailoRT] [info] [queue_elements.cpp:738] [run_in_thread] run_pull of queue element PullQEl_nms1yolov11n/conv77_143 was aborted!
[2026-04-17 12:18:27.007] [79904] [HailoRT] [info] [queue_elements.cpp:360] [execute_deactivate] enqueue() in element PushQEl8yolov11n/input_layer1 was aborted, got status = HAILO_SHUTDOWN_EVENT_SIGNALED(57)
[2026-04-17 12:18:27.007] [80934] [HailoRT] [info] [queue_elements.cpp:68] [operator()] Thread in element PushQEl8yolov11n/input_layer1 is not running anymore, exiting..
[2026-04-17 12:18:27.007] [79904] [HailoRT] [info] [queue_elements.cpp:46] [~BaseQueueElement] Queue element PushQEl8yolov11n/input_layer1 has 0 frames in his Queue on destruction
[2026-04-17 12:18:27.007] [80941] [HailoRT] [info] [queue_elements.cpp:68] [operator()] Thread in element UserBufQEl_post_infer0yolov11n/yolov8_nms_postprocess is not running anymore, exiting..
[2026-04-17 12:18:27.007] [79904] [HailoRT] [info] [queue_elements.cpp:46] [~BaseQueueElement] Queue element UserBufQEl_post_infer0yolov11n/yolov8_nms_postprocess has 0 frames in his Queue on destruction
[2026-04-17 12:18:27.007] [80940] [HailoRT] [info] [queue_elements.cpp:68] [operator()] Thread in element PullQEl_nms0yolov11n/conv80_143 is not running anymore, exiting..
[2026-04-17 12:18:27.007] [79904] [HailoRT] [info] [queue_elements.cpp:46] [~BaseQueueElement] Queue element PullQEl_nms0yolov11n/conv80_143 has 0 frames in his Queue on destruction
[2026-04-17 12:18:27.008] [80939] [HailoRT] [info] [queue_elements.cpp:68] [operator()] Thread in element PullQEl_nms1yolov11n/conv77_143 is not running anymore, exiting..
[2026-04-17 12:18:27.008] [79904] [HailoRT] [info] [queue_elements.cpp:46] [~BaseQueueElement] Queue element PullQEl_nms1yolov11n/conv77_143 has 0 frames in his Queue on destruction
[2026-04-17 12:18:27.008] [80938] [HailoRT] [info] [queue_elements.cpp:68] [operator()] Thread in element PullQEl_nms13yolov11n/conv65_143 is not running anymore, exiting..
[2026-04-17 12:18:27.008] [79904] [HailoRT] [info] [queue_elements.cpp:46] [~BaseQueueElement] Queue element PullQEl_nms13yolov11n/conv65_143 has 0 frames in his Queue on destruction
[2026-04-17 12:18:27.008] [80937] [HailoRT] [info] [queue_elements.cpp:68] [operator()] Thread in element PullQEl_nms15yolov11n/conv62_143 is not running anymore, exiting..
[2026-04-17 12:18:27.008] [79904] [HailoRT] [info] [queue_elements.cpp:46] [~BaseQueueElement] Queue element PullQEl_nms15yolov11n/conv62_143 has 0 frames in his Queue on destruction
[2026-04-17 12:18:27.008] [80936] [HailoRT] [info] [queue_elements.cpp:68] [operator()] Thread in element PullQEl_nms12yolov11n/conv54_143 is not running anymore, exiting..
[2026-04-17 12:18:27.008] [79904] [HailoRT] [info] [queue_elements.cpp:46] [~BaseQueueElement] Queue element PullQEl_nms12yolov11n/conv54_143 has 0 frames in his Queue on destruction
[2026-04-17 12:18:27.008] [80935] [HailoRT] [info] [queue_elements.cpp:68] [operator()] Thread in element PullQEl_nms3yolov11n/conv51_143 is not running anymore, exiting..
[2026-04-17 12:18:27.008] [79904] [HailoRT] [info] [queue_elements.cpp:46] [~BaseQueueElement] Queue element PullQEl_nms3yolov11n/conv51_143 has 0 frames in his Queue on destruction
[2026-04-17 12:18:27.008] [79904] [HailoRT] [info] [core_op.cpp:186] [deactivate] Deactivating took 0.009296 ms
[2026-04-17 12:18:27.008] [79904] [HailoRT] [info] [core_op.cpp:186] [deactivate] Deactivating took 0.019556 ms
[2026-04-17 12:18:37.347] [81469] [HailoRT] [info] [vdevice.cpp:535] [create] Creating vdevice with params: device_count: 1, scheduling_algorithm: NONE, multi_process_service: false
[2026-04-17 12:18:37.359] [81469] [HailoRT] [info] [device.cpp:51] [Device] OS Version: Linux 6.12.75+rpt-rpi-2712 #1 SMP PREEMPT Debian 1:6.12.75-1+rpt1 (2026-03-11) aarch64
[2026-04-17 12:18:37.360] [81469] [HailoRT] [info] [control.cpp:113] [control__parse_identify_results] firmware_version is: 4.23.0
[2026-04-17 12:18:37.360] [81469] [HailoRT] [info] [vdevice.cpp:682] [create] VDevice Infos: 0001:01:00.0
[2026-04-17 12:18:37.368] [81469] [HailoRT] [warning] [buffer_requirements.cpp:131] [get_buffer_requirements_multiple_transfers] Desc page size value (1024) is not optimal for performance.
[2026-04-17 12:18:37.392] [81469] [HailoRT] [info] [internal_buffer_manager.cpp:77] [print_execution_results] Planned internal buffer memory: CMA=0 CMA-Desc=1507328 Pinned=62415872. memory to edge layer usage factor is 1
[2026-04-17 12:18:37.392] [81469] [HailoRT] [info] [internal_buffer_manager.cpp:86] [print_execution_results] Default Internal buffer planner executed successfully
[2026-04-17 12:18:37.508] [81469] [HailoRT] [info] [device_internal.cpp:57] [configure] Configuring HEF took 148.450889 milliseconds
[2026-04-17 12:18:37.509] [81469] [HailoRT] [info] [vdevice.cpp:780] [configure] Configuring HEF on VDevice took 148.880109 milliseconds
[2026-04-17 12:18:37.509] [81469] [HailoRT] [info] [control.cpp:113] [control__parse_identify_results] firmware_version is: 4.23.0
[2026-04-17 12:18:37.509] [81469] [HailoRT] [info] [control.cpp:113] [control__parse_identify_results] firmware_version is: 4.23.0
[2026-04-17 12:18:37.544] [81469] [HailoRT] [info] [core_op.cpp:156] [activate] Activating yolov11n took 35.12784 milliseconds. Note that the function is asynchronous and thus the network is not fully activated yet.
[2026-04-17 12:18:37.545] [81469] [HailoRT] [info] [core_op.cpp:156] [activate] Activating yolov11n took 35.157322 milliseconds. Note that the function is asynchronous and thus the network is not fully activated yet.
[2026-04-17 12:18:37.558] [81469] [HailoRT] [info] [control.cpp:113] [control__parse_identify_results] firmware_version is: 4.23.0
[2026-04-17 12:18:37.558] [81469] [HailoRT] [info] [control.cpp:113] [control__parse_identify_results] firmware_version is: 4.23.0
[2026-04-17 12:18:38.795] [81461] [HailoRT] [info] [device.cpp:51] [Device] OS Version: Linux 6.12.75+rpt-rpi-2712 #1 SMP PREEMPT Debian 1:6.12.75-1+rpt1 (2026-03-11) aarch64
[2026-04-17 12:18:38.795] [81461] [HailoRT] [info] [control.cpp:113] [control__parse_identify_results] firmware_version is: 4.23.0
[2026-04-17 12:18:38.795] [81461] [HailoRT] [info] [control.cpp:113] [control__parse_identify_results] firmware_version is: 4.23.0
[2026-04-17 12:19:37.558] [81481] [HailoRT] [info] [vdevice_native_stream.cpp:331] [read_impl] Failed read from stream HAILO_STREAM_ABORT(63) (device: 0001:01:00.0)
[2026-04-17 12:19:37.558] [81485] [HailoRT] [info] [vdevice_native_stream.cpp:142] [write_impl] Failed write to stream yolov11n/input_layer1 (device: 0001:01:00.0) with status=HAILO_STREAM_ABORT(63)
[2026-04-17 12:19:37.559] [81482] [HailoRT] [info] [vdevice_native_stream.cpp:331] [read_impl] Failed read from stream HAILO_STREAM_ABORT(63) (device: 0001:01:00.0)
[2026-04-17 12:19:37.559] [81484] [HailoRT] [info] [vdevice_native_stream.cpp:331] [read_impl] Failed read from stream HAILO_STREAM_ABORT(63) (device: 0001:01:00.0)
[2026-04-17 12:19:37.559] [81483] [HailoRT] [info] [vdevice_native_stream.cpp:331] [read_impl] Failed read from stream HAILO_STREAM_ABORT(63) (device: 0001:01:00.0)
[2026-04-17 12:19:37.559] [81480] [HailoRT] [info] [vdevice_native_stream.cpp:331] [read_impl] Failed read from stream HAILO_STREAM_ABORT(63) (device: 0001:01:00.0)
[2026-04-17 12:19:37.559] [81479] [HailoRT] [info] [vdevice_native_stream.cpp:331] [read_impl] Failed read from stream HAILO_STREAM_ABORT(63) (device: 0001:01:00.0)
[2026-04-17 12:19:37.600] [81469] [HailoRT] [info] [core_op.cpp:186] [deactivate] Deactivating took 0.007722 ms
[2026-04-17 12:19:37.600] [81469] [HailoRT] [info] [core_op.cpp:186] [deactivate] Deactivating took 0.02737 ms
[2026-04-17 12:19:37.664] [81469] [HailoRT] [info] [vdevice.cpp:535] [create] Creating vdevice with params: device_count: 1, scheduling_algorithm: NONE, multi_process_service: false
[2026-04-17 12:19:37.664] [81469] [HailoRT] [info] [device.cpp:51] [Device] OS Version: Linux 6.12.75+rpt-rpi-2712 #1 SMP PREEMPT Debian 1:6.12.75-1+rpt1 (2026-03-11) aarch64
[2026-04-17 12:19:37.664] [81469] [HailoRT] [info] [control.cpp:113] [control__parse_identify_results] firmware_version is: 4.23.0
[2026-04-17 12:19:37.664] [81469] [HailoRT] [info] [vdevice.cpp:682] [create] VDevice Infos: 0001:01:00.0
[2026-04-17 12:19:37.670] [81469] [HailoRT] [warning] [buffer_requirements.cpp:131] [get_buffer_requirements_multiple_transfers] Desc page size value (1024) is not optimal for performance.
[2026-04-17 12:19:37.698] [81469] [HailoRT] [info] [internal_buffer_manager.cpp:77] [print_execution_results] Planned internal buffer memory: CMA=0 CMA-Desc=1507328 Pinned=62415872. memory to edge layer usage factor is 1
[2026-04-17 12:19:37.698] [81469] [HailoRT] [info] [internal_buffer_manager.cpp:86] [print_execution_results] Default Internal buffer planner executed successfully
[2026-04-17 12:19:37.816] [81469] [HailoRT] [info] [device_internal.cpp:57] [configure] Configuring HEF took 151.189083 milliseconds
[2026-04-17 12:19:37.816] [81469] [HailoRT] [info] [vdevice.cpp:780] [configure] Configuring HEF on VDevice took 151.551211 milliseconds
[2026-04-17 12:19:37.816] [81469] [HailoRT] [info] [control.cpp:113] [control__parse_identify_results] firmware_version is: 4.23.0
[2026-04-17 12:19:37.816] [81469] [HailoRT] [info] [control.cpp:113] [control__parse_identify_results] firmware_version is: 4.23.0
[2026-04-17 12:19:37.852] [81469] [HailoRT] [info] [core_op.cpp:156] [activate] Activating yolov11n took 35.602913 milliseconds. Note that the function is asynchronous and thus the network is not fully activated yet.
[2026-04-17 12:19:37.852] [81469] [HailoRT] [info] [core_op.cpp:156] [activate] Activating yolov11n took 35.627301 milliseconds. Note that the function is asynchronous and thus the network is not fully activated yet.
[2026-04-17 12:19:37.865] [81469] [HailoRT] [info] [control.cpp:113] [control__parse_identify_results] firmware_version is: 4.23.0
[2026-04-17 12:19:37.865] [81469] [HailoRT] [info] [control.cpp:113] [control__parse_identify_results] firmware_version is: 4.23.0
[2026-04-17 12:19:37.865] [81469] [HailoRT] [info] [edge_elements.cpp:52] [create] Created (HwWriteEl8yolov11n/input_layer1 | hw_frame_size: 1228800)
[2026-04-17 12:19:37.866] [81469] [HailoRT] [info] [queue_elements.cpp:284] [create] Created (PushQEl8yolov11n/input_layer1 | timeout: 10s)
[2026-04-17 12:19:37.866] [81469] [HailoRT] [info] [filter_elements.cpp:101] [create] Created (PreInferEl8yolov11n/input_layer1 | Reorder - src_order: NHWC, src_shape: (640, 640, 3), dst_order: NHCW, dst_shape: (640, 640, 3))
[2026-04-17 12:19:37.866] [81469] [HailoRT] [info] [vstream.cpp:754] [InputVStreamImpl] Creating yolov11n/input_layer1...
[2026-04-17 12:19:37.866] [81469] [HailoRT] [info] [vstream_builder.cpp:102] [create_inputs] Input pipeline 'yolov11n/input_layer1': (PreInferEl8yolov11n/input_layer1 | Reorder - src_order: NHWC, src_shape: (640, 640, 3), dst_order: NHCW, dst_shape: (640, 640, 3)) >> (PushQEl8yolov11n/input_layer1 | timeout: 10s) >> (HwWriteEl8yolov11n/input_layer1 | hw_frame_size: 1228800) >> HW
[2026-04-17 12:19:37.866] [81469] [HailoRT] [info] [multi_io_elements.cpp:135] [create] Created (NmsPPMuxEl0YOLOV8-Post-Process | Op YOLOV8, Name: YOLOV8-Post-Process, Score threshold: 0.200, IoU threshold: 0.70, Classes: 80, Max bboxes per class: 100, Image height: 640, Image width: 640)
[2026-04-17 12:19:37.866] [81469] [HailoRT] [info] [edge_elements.cpp:287] [create] Created (HwReadEl3yolov11n/conv51_143 | hw_frame_size: 409600)
[2026-04-17 12:19:37.866] [81469] [HailoRT] [info] [queue_elements.cpp:657] [create] Created (PullQEl_nms3yolov11n/conv51_143 | timeout: 10s)
[2026-04-17 12:19:37.866] [81469] [HailoRT] [info] [edge_elements.cpp:287] [create] Created (HwReadEl12yolov11n/conv54_143 | hw_frame_size: 512000)
[2026-04-17 12:19:37.866] [81469] [HailoRT] [info] [queue_elements.cpp:657] [create] Created (PullQEl_nms12yolov11n/conv54_143 | timeout: 10s)
[2026-04-17 12:19:37.866] [81469] [HailoRT] [info] [edge_elements.cpp:287] [create] Created (HwReadEl15yolov11n/conv62_143 | hw_frame_size: 102400)
[2026-04-17 12:19:37.866] [81469] [HailoRT] [info] [queue_elements.cpp:657] [create] Created (PullQEl_nms15yolov11n/conv62_143 | timeout: 10s)
[2026-04-17 12:19:37.866] [81469] [HailoRT] [info] [edge_elements.cpp:287] [create] Created (HwReadEl13yolov11n/conv65_143 | hw_frame_size: 128000)
[2026-04-17 12:19:37.866] [81469] [HailoRT] [info] [queue_elements.cpp:657] [create] Created (PullQEl_nms13yolov11n/conv65_143 | timeout: 10s)
[2026-04-17 12:19:37.866] [81469] [HailoRT] [info] [edge_elements.cpp:287] [create] Created (HwReadEl1yolov11n/conv77_143 | hw_frame_size: 30720)
[2026-04-17 12:19:37.866] [81469] [HailoRT] [info] [queue_elements.cpp:657] [create] Created (PullQEl_nms1yolov11n/conv77_143 | timeout: 10s)
[2026-04-17 12:19:37.866] [81469] [HailoRT] [info] [edge_elements.cpp:287] [create] Created (HwReadEl0yolov11n/conv80_143 | hw_frame_size: 38400)
[2026-04-17 12:19:37.866] [81469] [HailoRT] [info] [queue_elements.cpp:657] [create] Created (PullQEl_nms0yolov11n/conv80_143 | timeout: 10s)
[2026-04-17 12:19:37.866] [81469] [HailoRT] [info] [queue_elements.cpp:800] [create] Created (UserBufQEl_post_infer0yolov11n/yolov8_nms_postprocess | timeout: 10s)
[2026-04-17 12:19:37.866] [81469] [HailoRT] [info] [vstream.cpp:1114] [OutputVStreamImpl] Creating yolov11n/yolov8_nms_postprocess...
[2026-04-17 12:19:37.866] [81469] [HailoRT] [info] [vstream_builder.cpp:622] [create_output_post_process_nms] Output pipeline 'yolov11n/yolov8_nms_postprocess': HW >> (HwReadEl3yolov11n/conv51_143 | hw_frame_size: 409600) >> (PullQEl_nms3yolov11n/conv51_143) >> (HwReadEl12yolov11n/conv54_143 | hw_frame_size: 512000) >> (PullQEl_nms12yolov11n/conv54_143) >> (HwReadEl15yolov11n/conv62_143 | hw_frame_size: 102400) >> (PullQEl_nms15yolov11n/conv62_143) >> (HwReadEl13yolov11n/conv65_143 | hw_frame_size: 128000) >> (PullQEl_nms13yolov11n/conv65_143) >> (HwReadEl1yolov11n/conv77_143 | hw_frame_size: 30720) >> (PullQEl_nms1yolov11n/conv77_143) >> (HwReadEl0yolov11n/conv80_143 | hw_frame_size: 38400) >> (PullQEl_nms0yolov11n/conv80_143) >> (NmsPPMuxEl0YOLOV8-Post-Process | Op YOLOV8, Name: YOLOV8-Post-Process, Score threshold: 0.200, IoU threshold: 0.70, Classes: 80, Max bboxes per class: 100, Image height: 640, Image width: 640) >> (UserBufQEl_post_infer0yolov11n/yolov8_nms_postprocess | timeout: 10s)
[2026-04-17 12:20:37.867] [81973] [HailoRT] [info] [vdevice_native_stream.cpp:331] [read_impl] Failed read from stream HAILO_STREAM_ABORT(63) (device: 0001:01:00.0)
[2026-04-17 12:20:37.867] [81976] [HailoRT] [info] [vdevice_native_stream.cpp:331] [read_impl] Failed read from stream HAILO_STREAM_ABORT(63) (device: 0001:01:00.0)
[2026-04-17 12:20:37.867] [81973] [HailoRT] [info] [edge_elements.cpp:396] [run_pull] Reading from stream was aborted!
[2026-04-17 12:20:37.867] [81976] [HailoRT] [info] [edge_elements.cpp:396] [run_pull] Reading from stream was aborted!
[2026-04-17 12:20:37.867] [81973] [HailoRT] [info] [queue_elements.cpp:738] [run_in_thread] run_pull of queue element PullQEl_nms3yolov11n/conv51_143 was aborted!
[2026-04-17 12:20:37.867] [81972] [HailoRT] [info] [vdevice_native_stream.cpp:142] [write_impl] Failed write to stream yolov11n/input_layer1 (device: 0001:01:00.0) with status=HAILO_STREAM_ABORT(63)
[2026-04-17 12:20:37.867] [81978] [HailoRT] [info] [vdevice_native_stream.cpp:331] [read_impl] Failed read from stream HAILO_STREAM_ABORT(63) (device: 0001:01:00.0)
[2026-04-17 12:20:37.867] [81978] [HailoRT] [info] [edge_elements.cpp:396] [run_pull] Reading from stream was aborted!
[2026-04-17 12:20:37.867] [81978] [HailoRT] [info] [queue_elements.cpp:738] [run_in_thread] run_pull of queue element PullQEl_nms0yolov11n/conv80_143 was aborted!
[2026-04-17 12:20:37.867] [81972] [HailoRT] [info] [edge_elements.cpp:87] [run_push] Failed to send on input stream InputStream(index=8, name=yolov11n/input_layer1) because stream was aborted
[2026-04-17 12:20:37.867] [81977] [HailoRT] [info] [vdevice_native_stream.cpp:331] [read_impl] Failed read from stream HAILO_STREAM_ABORT(63) (device: 0001:01:00.0)
[2026-04-17 12:20:37.867] [81977] [HailoRT] [info] [edge_elements.cpp:396] [run_pull] Reading from stream was aborted!
[2026-04-17 12:20:37.867] [81972] [HailoRT] [info] [queue_elements.cpp:401] [run_in_thread] run_push of PushQEl8yolov11n/input_layer1 was aborted!
[2026-04-17 12:20:37.867] [81977] [HailoRT] [info] [queue_elements.cpp:738] [run_in_thread] run_pull of queue element PullQEl_nms1yolov11n/conv77_143 was aborted!
[2026-04-17 12:20:37.867] [81975] [HailoRT] [info] [vdevice_native_stream.cpp:331] [read_impl] Failed read from stream HAILO_STREAM_ABORT(63) (device: 0001:01:00.0)
[2026-04-17 12:20:37.867] [81975] [HailoRT] [info] [edge_elements.cpp:396] [run_pull] Reading from stream was aborted!
[2026-04-17 12:20:37.867] [81976] [HailoRT] [info] [queue_elements.cpp:738] [run_in_thread] run_pull of queue element PullQEl_nms13yolov11n/conv65_143 was aborted!
[2026-04-17 12:20:37.867] [81975] [HailoRT] [info] [queue_elements.cpp:738] [run_in_thread] run_pull of queue element PullQEl_nms15yolov11n/conv62_143 was aborted!
[2026-04-17 12:20:37.867] [81974] [HailoRT] [info] [vdevice_native_stream.cpp:331] [read_impl] Failed read from stream HAILO_STREAM_ABORT(63) (device: 0001:01:00.0)
[2026-04-17 12:20:37.867] [81974] [HailoRT] [info] [edge_elements.cpp:396] [run_pull] Reading from stream was aborted!
[2026-04-17 12:20:37.867] [81974] [HailoRT] [info] [queue_elements.cpp:738] [run_in_thread] run_pull of queue element PullQEl_nms12yolov11n/conv54_143 was aborted!
[2026-04-17 12:20:37.867] [81982] [HailoRT] [info] [queue_elements.cpp:706] [run_pull] Shutdown event was signaled in dequeue of queue element PullQEl_nms3yolov11n/conv51_143!
[2026-04-17 12:20:37.867] [81982] [HailoRT] [info] [vstream.cpp:1138] [read] Receiving to VStream was shutdown!
[2026-04-17 12:20:37.867] [81983] [HailoRT] [info] [vstream.cpp:774] [write] Sending to VStream was shutdown!
[2026-04-17 12:20:37.867] [81983] [HailoRT] [info] [vstream.cpp:778] [write] Sending to VStream was aborted!
[2026-04-17 12:20:37.909] [81469] [HailoRT] [info] [queue_elements.cpp:360] [execute_deactivate] enqueue() in element PushQEl8yolov11n/input_layer1 was aborted, got status = HAILO_SHUTDOWN_EVENT_SIGNALED(57)
[2026-04-17 12:20:37.909] [81972] [HailoRT] [info] [queue_elements.cpp:68] [operator()] Thread in element PushQEl8yolov11n/input_layer1 is not running anymore, exiting..
[2026-04-17 12:20:37.909] [81469] [HailoRT] [info] [queue_elements.cpp:46] [~BaseQueueElement] Queue element PushQEl8yolov11n/input_layer1 has 1 frames in his Queue on destruction
[2026-04-17 12:20:37.909] [81979] [HailoRT] [info] [queue_elements.cpp:68] [operator()] Thread in element UserBufQEl_post_infer0yolov11n/yolov8_nms_postprocess is not running anymore, exiting..
[2026-04-17 12:20:37.910] [81469] [HailoRT] [info] [queue_elements.cpp:46] [~BaseQueueElement] Queue element UserBufQEl_post_infer0yolov11n/yolov8_nms_postprocess has 0 frames in his Queue on destruction
[2026-04-17 12:20:37.910] [81978] [HailoRT] [info] [queue_elements.cpp:68] [operator()] Thread in element PullQEl_nms0yolov11n/conv80_143 is not running anymore, exiting..
[2026-04-17 12:20:37.910] [81469] [HailoRT] [info] [queue_elements.cpp:46] [~BaseQueueElement] Queue element PullQEl_nms0yolov11n/conv80_143 has 0 frames in his Queue on destruction
[2026-04-17 12:20:37.910] [81977] [HailoRT] [info] [queue_elements.cpp:68] [operator()] Thread in element PullQEl_nms1yolov11n/conv77_143 is not running anymore, exiting..
[2026-04-17 12:20:37.910] [81469] [HailoRT] [info] [queue_elements.cpp:46] [~BaseQueueElement] Queue element PullQEl_nms1yolov11n/conv77_143 has 0 frames in his Queue on destruction
[2026-04-17 12:20:37.910] [81976] [HailoRT] [info] [queue_elements.cpp:68] [operator()] Thread in element PullQEl_nms13yolov11n/conv65_143 is not running anymore, exiting..
[2026-04-17 12:20:37.910] [81469] [HailoRT] [info] [queue_elements.cpp:46] [~BaseQueueElement] Queue element PullQEl_nms13yolov11n/conv65_143 has 0 frames in his Queue on destruction
[2026-04-17 12:20:37.910] [81975] [HailoRT] [info] [queue_elements.cpp:68] [operator()] Thread in element PullQEl_nms15yolov11n/conv62_143 is not running anymore, exiting..
[2026-04-17 12:20:37.910] [81469] [HailoRT] [info] [queue_elements.cpp:46] [~BaseQueueElement] Queue element PullQEl_nms15yolov11n/conv62_143 has 0 frames in his Queue on destruction
[2026-04-17 12:20:37.910] [81974] [HailoRT] [info] [queue_elements.cpp:68] [operator()] Thread in element PullQEl_nms12yolov11n/conv54_143 is not running anymore, exiting..
[2026-04-17 12:20:37.910] [81469] [HailoRT] [info] [queue_elements.cpp:46] [~BaseQueueElement] Queue element PullQEl_nms12yolov11n/conv54_143 has 1 frames in his Queue on destruction
[2026-04-17 12:20:37.910] [81973] [HailoRT] [info] [queue_elements.cpp:68] [operator()] Thread in element PullQEl_nms3yolov11n/conv51_143 is not running anymore, exiting..
[2026-04-17 12:20:37.910] [81469] [HailoRT] [info] [queue_elements.cpp:46] [~BaseQueueElement] Queue element PullQEl_nms3yolov11n/conv51_143 has 1 frames in his Queue on destruction
[2026-04-17 12:20:37.910] [81469] [HailoRT] [info] [core_op.cpp:186] [deactivate] Deactivating took 0.00737 ms
[2026-04-17 12:20:37.910] [81469] [HailoRT] [info] [core_op.cpp:186] [deactivate] Deactivating took 0.016889 ms
[2026-04-17 12:20:37.973] [81469] [HailoRT] [info] [vdevice.cpp:535] [create] Creating vdevice with params: device_count: 1, scheduling_algorithm: NONE, multi_process_service: false
[2026-04-17 12:20:37.974] [81469] [HailoRT] [info] [device.cpp:51] [Device] OS Version: Linux 6.12.75+rpt-rpi-2712 #1 SMP PREEMPT Debian 1:6.12.75-1+rpt1 (2026-03-11) aarch64
[2026-04-17 12:20:37.974] [81469] [HailoRT] [info] [control.cpp:113] [control__parse_identify_results] firmware_version is: 4.23.0
[2026-04-17 12:20:37.974] [81469] [HailoRT] [info] [vdevice.cpp:682] [create] VDevice Infos: 0001:01:00.0
[2026-04-17 12:20:37.980] [81469] [HailoRT] [warning] [buffer_requirements.cpp:131] [get_buffer_requirements_multiple_transfers] Desc page size value (1024) is not optimal for performance.
[2026-04-17 12:20:38.000] [81469] [HailoRT] [info] [internal_buffer_manager.cpp:77] [print_execution_results] Planned internal buffer memory: CMA=0 CMA-Desc=1507328 Pinned=62415872. memory to edge layer usage factor is 1
[2026-04-17 12:20:38.000] [81469] [HailoRT] [info] [internal_buffer_manager.cpp:86] [print_execution_results] Default Internal buffer planner executed successfully
[2026-04-17 12:20:38.119] [81469] [HailoRT] [info] [device_internal.cpp:57] [configure] Configuring HEF took 144.741457 milliseconds
[2026-04-17 12:20:38.119] [81469] [HailoRT] [info] [vdevice.cpp:780] [configure] Configuring HEF on VDevice took 145.111141 milliseconds
[2026-04-17 12:20:38.119] [81469] [HailoRT] [info] [control.cpp:113] [control__parse_identify_results] firmware_version is: 4.23.0
[2026-04-17 12:20:38.120] [81469] [HailoRT] [info] [control.cpp:113] [control__parse_identify_results] firmware_version is: 4.23.0
[2026-04-17 12:20:38.149] [81469] [HailoRT] [info] [core_op.cpp:156] [activate] Activating yolov11n took 29.689008 milliseconds. Note that the function is asynchronous and thus the network is not fully activated yet.
[2026-04-17 12:20:38.149] [81469] [HailoRT] [info] [core_op.cpp:156] [activate] Activating yolov11n took 29.712248 milliseconds. Note that the function is asynchronous and thus the network is not fully activated yet.
[2026-04-17 12:20:38.163] [81469] [HailoRT] [info] [control.cpp:113] [control__parse_identify_results] firmware_version is: 4.23.0
[2026-04-17 12:20:38.163] [81469] [HailoRT] [info] [control.cpp:113] [control__parse_identify_results] firmware_version is: 4.23.0
[2026-04-17 12:20:38.163] [81469] [HailoRT] [info] [edge_elements.cpp:52] [create] Created (HwWriteEl8yolov11n/input_layer1 | hw_frame_size: 1228800)
[2026-04-17 12:20:38.163] [81469] [HailoRT] [info] [queue_elements.cpp:284] [create] Created (PushQEl8yolov11n/input_layer1 | timeout: 10s)
[2026-04-17 12:20:38.163] [81469] [HailoRT] [info] [filter_elements.cpp:101] [create] Created (PreInferEl8yolov11n/input_layer1 | Reorder - src_order: NHWC, src_shape: (640, 640, 3), dst_order: NHCW, dst_shape: (640, 640, 3))
[2026-04-17 12:20:38.163] [81469] [HailoRT] [info] [vstream.cpp:754] [InputVStreamImpl] Creating yolov11n/input_layer1...
[2026-04-17 12:20:38.163] [81469] [HailoRT] [info] [vstream_builder.cpp:102] [create_inputs] Input pipeline 'yolov11n/input_layer1': (PreInferEl8yolov11n/input_layer1 | Reorder - src_order: NHWC, src_shape: (640, 640, 3), dst_order: NHCW, dst_shape: (640, 640, 3)) >> (PushQEl8yolov11n/input_layer1 | timeout: 10s) >> (HwWriteEl8yolov11n/input_layer1 | hw_frame_size: 1228800) >> HW
[2026-04-17 12:20:38.163] [81469] [HailoRT] [info] [multi_io_elements.cpp:135] [create] Created (NmsPPMuxEl0YOLOV8-Post-Process | Op YOLOV8, Name: YOLOV8-Post-Process, Score threshold: 0.200, IoU threshold: 0.70, Classes: 80, Max bboxes per class: 100, Image height: 640, Image width: 640)
[2026-04-17 12:20:38.163] [81469] [HailoRT] [info] [edge_elements.cpp:287] [create] Created (HwReadEl3yolov11n/conv51_143 | hw_frame_size: 409600)
[2026-04-17 12:20:38.163] [81469] [HailoRT] [info] [queue_elements.cpp:657] [create] Created (PullQEl_nms3yolov11n/conv51_143 | timeout: 10s)
[2026-04-17 12:20:38.163] [81469] [HailoRT] [info] [edge_elements.cpp:287] [create] Created (HwReadEl12yolov11n/conv54_143 | hw_frame_size: 512000)
[2026-04-17 12:20:38.163] [81469] [HailoRT] [info] [queue_elements.cpp:657] [create] Created (PullQEl_nms12yolov11n/conv54_143 | timeout: 10s)
[2026-04-17 12:20:38.164] [81469] [HailoRT] [info] [edge_elements.cpp:287] [create] Created (HwReadEl15yolov11n/conv62_143 | hw_frame_size: 102400)
[2026-04-17 12:20:38.164] [81469] [HailoRT] [info] [queue_elements.cpp:657] [create] Created (PullQEl_nms15yolov11n/conv62_143 | timeout: 10s)
[2026-04-17 12:20:38.164] [81469] [HailoRT] [info] [edge_elements.cpp:287] [create] Created (HwReadEl13yolov11n/conv65_143 | hw_frame_size: 128000)
[2026-04-17 12:20:38.164] [81469] [HailoRT] [info] [queue_elements.cpp:657] [create] Created (PullQEl_nms13yolov11n/conv65_143 | timeout: 10s)
[2026-04-17 12:20:38.164] [81469] [HailoRT] [info] [edge_elements.cpp:287] [create] Created (HwReadEl1yolov11n/conv77_143 | hw_frame_size: 30720)
[2026-04-17 12:20:38.164] [81469] [HailoRT] [info] [queue_elements.cpp:657] [create] Created (PullQEl_nms1yolov11n/conv77_143 | timeout: 10s)
[2026-04-17 12:20:38.164] [81469] [HailoRT] [info] [edge_elements.cpp:287] [create] Created (HwReadEl0yolov11n/conv80_143 | hw_frame_size: 38400)
[2026-04-17 12:20:38.164] [81469] [HailoRT] [info] [queue_elements.cpp:657] [create] Created (PullQEl_nms0yolov11n/conv80_143 | timeout: 10s)
[2026-04-17 12:20:38.164] [81469] [HailoRT] [info] [queue_elements.cpp:800] [create] Created (UserBufQEl_post_infer0yolov11n/yolov8_nms_postprocess | timeout: 10s)
[2026-04-17 12:20:38.164] [81469] [HailoRT] [info] [vstream.cpp:1114] [OutputVStreamImpl] Creating yolov11n/yolov8_nms_postprocess...
[2026-04-17 12:20:38.164] [81469] [HailoRT] [info] [vstream_builder.cpp:622] [create_output_post_process_nms] Output pipeline 'yolov11n/yolov8_nms_postprocess': HW >> (HwReadEl3yolov11n/conv51_143 | hw_frame_size: 409600) >> (PullQEl_nms3yolov11n/conv51_143) >> (HwReadEl12yolov11n/conv54_143 | hw_frame_size: 512000) >> (PullQEl_nms12yolov11n/conv54_143) >> (HwReadEl15yolov11n/conv62_143 | hw_frame_size: 102400) >> (PullQEl_nms15yolov11n/conv62_143) >> (HwReadEl13yolov11n/conv65_143 | hw_frame_size: 128000) >> (PullQEl_nms13yolov11n/conv65_143) >> (HwReadEl1yolov11n/conv77_143 | hw_frame_size: 30720) >> (PullQEl_nms1yolov11n/conv77_143) >> (HwReadEl0yolov11n/conv80_143 | hw_frame_size: 38400) >> (PullQEl_nms0yolov11n/conv80_143) >> (NmsPPMuxEl0YOLOV8-Post-Process | Op YOLOV8, Name: YOLOV8-Post-Process, Score threshold: 0.200, IoU threshold: 0.70, Classes: 80, Max bboxes per class: 100, Image height: 640, Image width: 640) >> (UserBufQEl_post_infer0yolov11n/yolov8_nms_postprocess | timeout: 10s)
[2026-04-17 12:21:38.164] [82509] [HailoRT] [info] [vdevice_native_stream.cpp:331] [read_impl] Failed read from stream HAILO_STREAM_ABORT(63) (device: 0001:01:00.0)
[2026-04-17 12:21:38.164] [82509] [HailoRT] [info] [edge_elements.cpp:396] [run_pull] Reading from stream was aborted!
[2026-04-17 12:21:38.164] [82509] [HailoRT] [info] [queue_elements.cpp:738] [run_in_thread] run_pull of queue element PullQEl_nms12yolov11n/conv54_143 was aborted!
[2026-04-17 12:21:38.164] [82511] [HailoRT] [info] [vdevice_native_stream.cpp:331] [read_impl] Failed read from stream HAILO_STREAM_ABORT(63) (device: 0001:01:00.0)
[2026-04-17 12:21:38.164] [82511] [HailoRT] [info] [edge_elements.cpp:396] [run_pull] Reading from stream was aborted!
[2026-04-17 12:21:38.164] [82511] [HailoRT] [info] [queue_elements.cpp:738] [run_in_thread] run_pull of queue element PullQEl_nms13yolov11n/conv65_143 was aborted!
[2026-04-17 12:21:38.164] [82510] [HailoRT] [info] [vdevice_native_stream.cpp:331] [read_impl] Failed read from stream HAILO_STREAM_ABORT(63) (device: 0001:01:00.0)
[2026-04-17 12:21:38.164] [82510] [HailoRT] [info] [edge_elements.cpp:396] [run_pull] Reading from stream was aborted!
[2026-04-17 12:21:38.164] [82510] [HailoRT] [info] [queue_elements.cpp:738] [run_in_thread] run_pull of queue element PullQEl_nms15yolov11n/conv62_143 was aborted!
[2026-04-17 12:21:38.164] [82512] [HailoRT] [info] [vdevice_native_stream.cpp:331] [read_impl] Failed read from stream HAILO_STREAM_ABORT(63) (device: 0001:01:00.0)
[2026-04-17 12:21:38.164] [82512] [HailoRT] [info] [edge_elements.cpp:396] [run_pull] Reading from stream was aborted!
[2026-04-17 12:21:38.164] [82512] [HailoRT] [info] [queue_elements.cpp:738] [run_in_thread] run_pull of queue element PullQEl_nms1yolov11n/conv77_143 was aborted!
[2026-04-17 12:21:38.164] [82513] [HailoRT] [info] [vdevice_native_stream.cpp:331] [read_impl] Failed read from stream HAILO_STREAM_ABORT(63) (device: 0001:01:00.0)
[2026-04-17 12:21:38.164] [82513] [HailoRT] [info] [edge_elements.cpp:396] [run_pull] Reading from stream was aborted!
[2026-04-17 12:21:38.164] [82513] [HailoRT] [info] [queue_elements.cpp:738] [run_in_thread] run_pull of queue element PullQEl_nms0yolov11n/conv80_143 was aborted!
[2026-04-17 12:21:38.164] [82508] [HailoRT] [info] [vdevice_native_stream.cpp:331] [read_impl] Failed read from stream HAILO_STREAM_ABORT(63) (device: 0001:01:00.0)
[2026-04-17 12:21:38.165] [82508] [HailoRT] [info] [edge_elements.cpp:396] [run_pull] Reading from stream was aborted!
[2026-04-17 12:21:38.165] [82508] [HailoRT] [info] [queue_elements.cpp:738] [run_in_thread] run_pull of queue element PullQEl_nms3yolov11n/conv51_143 was aborted!
[2026-04-17 12:21:38.165] [82517] [HailoRT] [info] [queue_elements.cpp:706] [run_pull] Shutdown event was signaled in dequeue of queue element PullQEl_nms3yolov11n/conv51_143!
[2026-04-17 12:21:38.165] [82517] [HailoRT] [info] [vstream.cpp:1138] [read] Receiving to VStream was shutdown!
[2026-04-17 12:21:38.166] [82507] [HailoRT] [info] [vdevice_native_stream.cpp:142] [write_impl] Failed write to stream yolov11n/input_layer1 (device: 0001:01:00.0) with status=HAILO_STREAM_ABORT(63)
[2026-04-17 12:21:38.166] [82507] [HailoRT] [info] [edge_elements.cpp:87] [run_push] Failed to send on input stream InputStream(index=8, name=yolov11n/input_layer1) because stream was aborted
[2026-04-17 12:21:38.166] [82507] [HailoRT] [info] [queue_elements.cpp:401] [run_in_thread] run_push of PushQEl8yolov11n/input_layer1 was aborted!
[2026-04-17 12:21:38.167] [82518] [HailoRT] [info] [queue_elements.cpp:319] [run_push] run_push of PushQEl8yolov11n/input_layer1 was aborted!
[2026-04-17 12:21:38.167] [82518] [HailoRT] [info] [filter_elements.cpp:35] [run_push] run_push of PreInferEl8yolov11n/input_layer1 was aborted!
[2026-04-17 12:21:38.167] [82518] [HailoRT] [info] [vstream.cpp:778] [write] Sending to VStream was aborted!
[2026-04-17 12:21:38.173] [81469] [HailoRT] [info] [queue_elements.cpp:360] [execute_deactivate] enqueue() in element PushQEl8yolov11n/input_layer1 was aborted, got status = HAILO_SHUTDOWN_EVENT_SIGNALED(57)
[2026-04-17 12:21:38.173] [82507] [HailoRT] [info] [queue_elements.cpp:68] [operator()] Thread in element PushQEl8yolov11n/input_layer1 is not running anymore, exiting..
[2026-04-17 12:21:38.173] [81469] [HailoRT] [info] [queue_elements.cpp:46] [~BaseQueueElement] Queue element PushQEl8yolov11n/input_layer1 has 0 frames in his Queue on destruction
[2026-04-17 12:21:38.173] [82514] [HailoRT] [info] [queue_elements.cpp:68] [operator()] Thread in element UserBufQEl_post_infer0yolov11n/yolov8_nms_postprocess is not running anymore, exiting..
[2026-04-17 12:21:38.173] [81469] [HailoRT] [info] [queue_elements.cpp:46] [~BaseQueueElement] Queue element UserBufQEl_post_infer0yolov11n/yolov8_nms_postprocess has 0 frames in his Queue on destruction
[2026-04-17 12:21:38.173] [82513] [HailoRT] [info] [queue_elements.cpp:68] [operator()] Thread in element PullQEl_nms0yolov11n/conv80_143 is not running anymore, exiting..
[2026-04-17 12:21:38.173] [81469] [HailoRT] [info] [queue_elements.cpp:46] [~BaseQueueElement] Queue element PullQEl_nms0yolov11n/conv80_143 has 0 frames in his Queue on destruction
[2026-04-17 12:21:38.173] [82512] [HailoRT] [info] [queue_elements.cpp:68] [operator()] Thread in element PullQEl_nms1yolov11n/conv77_143 is not running anymore, exiting..
[2026-04-17 12:21:38.173] [81469] [HailoRT] [info] [queue_elements.cpp:46] [~BaseQueueElement] Queue element PullQEl_nms1yolov11n/conv77_143 has 0 frames in his Queue on destruction
[2026-04-17 12:21:38.173] [82511] [HailoRT] [info] [queue_elements.cpp:68] [operator()] Thread in element PullQEl_nms13yolov11n/conv65_143 is not running anymore, exiting..
[2026-04-17 12:21:38.173] [81469] [HailoRT] [info] [queue_elements.cpp:46] [~BaseQueueElement] Queue element PullQEl_nms13yolov11n/conv65_143 has 0 frames in his Queue on destruction
[2026-04-17 12:21:38.173] [82510] [HailoRT] [info] [queue_elements.cpp:68] [operator()] Thread in element PullQEl_nms15yolov11n/conv62_143 is not running anymore, exiting..
[2026-04-17 12:21:38.173] [81469] [HailoRT] [info] [queue_elements.cpp:46] [~BaseQueueElement] Queue element PullQEl_nms15yolov11n/conv62_143 has 0 frames in his Queue on destruction
[2026-04-17 12:21:38.173] [82509] [HailoRT] [info] [queue_elements.cpp:68] [operator()] Thread in element PullQEl_nms12yolov11n/conv54_143 is not running anymore, exiting..
[2026-04-17 12:21:38.173] [81469] [HailoRT] [info] [queue_elements.cpp:46] [~BaseQueueElement] Queue element PullQEl_nms12yolov11n/conv54_143 has 0 frames in his Queue on destruction
[2026-04-17 12:21:38.173] [82508] [HailoRT] [info] [queue_elements.cpp:68] [operator()] Thread in element PullQEl_nms3yolov11n/conv51_143 is not running anymore, exiting..
[2026-04-17 12:21:38.173] [81469] [HailoRT] [info] [queue_elements.cpp:46] [~BaseQueueElement] Queue element PullQEl_nms3yolov11n/conv51_143 has 0 frames in his Queue on destruction
[2026-04-17 12:21:38.174] [81469] [HailoRT] [info] [core_op.cpp:186] [deactivate] Deactivating took 0.008445 ms
[2026-04-17 12:21:38.174] [81469] [HailoRT] [info] [core_op.cpp:186] [deactivate] Deactivating took 0.016667 ms
[2026-04-17 12:21:48.520] [83033] [HailoRT] [info] [vdevice.cpp:535] [create] Creating vdevice with params: device_count: 1, scheduling_algorithm: NONE, multi_process_service: false
[2026-04-17 12:21:48.535] [83033] [HailoRT] [info] [device.cpp:51] [Device] OS Version: Linux 6.12.75+rpt-rpi-2712 #1 SMP PREEMPT Debian 1:6.12.75-1+rpt1 (2026-03-11) aarch64
[2026-04-17 12:21:48.535] [83033] [HailoRT] [info] [control.cpp:113] [control__parse_identify_results] firmware_version is: 4.23.0
[2026-04-17 12:21:48.535] [83033] [HailoRT] [info] [vdevice.cpp:682] [create] VDevice Infos: 0001:01:00.0
[2026-04-17 12:21:48.544] [83033] [HailoRT] [warning] [buffer_requirements.cpp:131] [get_buffer_requirements_multiple_transfers] Desc page size value (1024) is not optimal for performance.
[2026-04-17 12:21:48.568] [83033] [HailoRT] [info] [internal_buffer_manager.cpp:77] [print_execution_results] Planned internal buffer memory: CMA=0 CMA-Desc=1507328 Pinned=63593472. memory to edge layer usage factor is 1
[2026-04-17 12:21:48.568] [83033] [HailoRT] [info] [internal_buffer_manager.cpp:86] [print_execution_results] Default Internal buffer planner executed successfully
[2026-04-17 12:21:48.686] [83033] [HailoRT] [info] [device_internal.cpp:57] [configure] Configuring HEF took 150.659251 milliseconds
[2026-04-17 12:21:48.686] [83033] [HailoRT] [info] [vdevice.cpp:780] [configure] Configuring HEF on VDevice took 151.061528 milliseconds
[2026-04-17 12:21:48.687] [83033] [HailoRT] [info] [control.cpp:113] [control__parse_identify_results] firmware_version is: 4.23.0
[2026-04-17 12:21:48.687] [83033] [HailoRT] [info] [control.cpp:113] [control__parse_identify_results] firmware_version is: 4.23.0
[2026-04-17 12:21:48.723] [83033] [HailoRT] [info] [core_op.cpp:156] [activate] Activating yolov11n took 35.700857 milliseconds. Note that the function is asynchronous and thus the network is not fully activated yet.
[2026-04-17 12:21:48.723] [83033] [HailoRT] [info] [core_op.cpp:156] [activate] Activating yolov11n took 35.731042 milliseconds. Note that the function is asynchronous and thus the network is not fully activated yet.
[2026-04-17 12:21:48.736] [83033] [HailoRT] [info] [control.cpp:113] [control__parse_identify_results] firmware_version is: 4.23.0
[2026-04-17 12:21:48.736] [83033] [HailoRT] [info] [control.cpp:113] [control__parse_identify_results] firmware_version is: 4.23.0
[2026-04-17 12:21:49.944] [83025] [HailoRT] [info] [device.cpp:51] [Device] OS Version: Linux 6.12.75+rpt-rpi-2712 #1 SMP PREEMPT Debian 1:6.12.75-1+rpt1 (2026-03-11) aarch64
[2026-04-17 12:21:49.945] [83025] [HailoRT] [info] [control.cpp:113] [control__parse_identify_results] firmware_version is: 4.23.0
[2026-04-17 12:21:49.946] [83025] [HailoRT] [info] [control.cpp:113] [control__parse_identify_results] firmware_version is: 4.23.0
[2026-04-17 12:22:48.737] [83043] [HailoRT] [info] [vdevice_native_stream.cpp:331] [read_impl] Failed read from stream HAILO_STREAM_ABORT(63) (device: 0001:01:00.0)
[2026-04-17 12:22:48.737] [83044] [HailoRT] [info] [vdevice_native_stream.cpp:331] [read_impl] Failed read from stream HAILO_STREAM_ABORT(63) (device: 0001:01:00.0)
[2026-04-17 12:22:48.737] [83048] [HailoRT] [info] [vdevice_native_stream.cpp:142] [write_impl] Failed write to stream yolov11n/input_layer1 (device: 0001:01:00.0) with status=HAILO_STREAM_ABORT(63)
[2026-04-17 12:22:48.737] [83046] [HailoRT] [info] [vdevice_native_stream.cpp:331] [read_impl] Failed read from stream HAILO_STREAM_ABORT(63) (device: 0001:01:00.0)
[2026-04-17 12:22:48.737] [83042] [HailoRT] [info] [vdevice_native_stream.cpp:331] [read_impl] Failed read from stream HAILO_STREAM_ABORT(63) (device: 0001:01:00.0)
[2026-04-17 12:22:48.737] [83045] [HailoRT] [info] [vdevice_native_stream.cpp:331] [read_impl] Failed read from stream HAILO_STREAM_ABORT(63) (device: 0001:01:00.0)
[2026-04-17 12:22:48.737] [83047] [HailoRT] [info] [vdevice_native_stream.cpp:331] [read_impl] Failed read from stream HAILO_STREAM_ABORT(63) (device: 0001:01:00.0)
[2026-04-17 12:22:48.746] [83033] [HailoRT] [info] [core_op.cpp:186] [deactivate] Deactivating took 0.007445 ms
[2026-04-17 12:22:48.746] [83033] [HailoRT] [info] [core_op.cpp:186] [deactivate] Deactivating took 0.027907 ms
[2026-04-17 12:22:48.805] [83033] [HailoRT] [info] [vdevice.cpp:535] [create] Creating vdevice with params: device_count: 1, scheduling_algorithm: NONE, multi_process_service: false
[2026-04-17 12:22:48.806] [83033] [HailoRT] [info] [device.cpp:51] [Device] OS Version: Linux 6.12.75+rpt-rpi-2712 #1 SMP PREEMPT Debian 1:6.12.75-1+rpt1 (2026-03-11) aarch64
[2026-04-17 12:22:48.806] [83033] [HailoRT] [info] [control.cpp:113] [control__parse_identify_results] firmware_version is: 4.23.0
[2026-04-17 12:22:48.806] [83033] [HailoRT] [info] [vdevice.cpp:682] [create] VDevice Infos: 0001:01:00.0
[2026-04-17 12:22:48.812] [83033] [HailoRT] [warning] [buffer_requirements.cpp:131] [get_buffer_requirements_multiple_transfers] Desc page size value (1024) is not optimal for performance.
[2026-04-17 12:22:48.833] [83033] [HailoRT] [info] [internal_buffer_manager.cpp:77] [print_execution_results] Planned internal buffer memory: CMA=0 CMA-Desc=1507328 Pinned=63593472. memory to edge layer usage factor is 1
[2026-04-17 12:22:48.833] [83033] [HailoRT] [info] [internal_buffer_manager.cpp:86] [print_execution_results] Default Internal buffer planner executed successfully
[2026-04-17 12:22:48.964] [83033] [HailoRT] [info] [device_internal.cpp:57] [configure] Configuring HEF took 157.440116 milliseconds
[2026-04-17 12:22:48.964] [83033] [HailoRT] [info] [vdevice.cpp:780] [configure] Configuring HEF on VDevice took 157.809264 milliseconds
[2026-04-17 12:22:48.964] [83033] [HailoRT] [info] [control.cpp:113] [control__parse_identify_results] firmware_version is: 4.23.0
[2026-04-17 12:22:48.965] [83033] [HailoRT] [info] [control.cpp:113] [control__parse_identify_results] firmware_version is: 4.23.0
[2026-04-17 12:22:49.000] [83033] [HailoRT] [info] [core_op.cpp:156] [activate] Activating yolov11n took 35.693912 milliseconds. Note that the function is asynchronous and thus the network is not fully activated yet.
[2026-04-17 12:22:49.000] [83033] [HailoRT] [info] [core_op.cpp:156] [activate] Activating yolov11n took 35.731375 milliseconds. Note that the function is asynchronous and thus the network is not fully activated yet.
[2026-04-17 12:22:49.013] [83033] [HailoRT] [info] [control.cpp:113] [control__parse_identify_results] firmware_version is: 4.23.0
[2026-04-17 12:22:49.014] [83033] [HailoRT] [info] [control.cpp:113] [control__parse_identify_results] firmware_version is: 4.23.0
[2026-04-17 12:22:49.014] [83033] [HailoRT] [info] [edge_elements.cpp:52] [create] Created (HwWriteEl8yolov11n/input_layer1 | hw_frame_size: 1228800)
[2026-04-17 12:22:49.014] [83033] [HailoRT] [info] [queue_elements.cpp:284] [create] Created (PushQEl8yolov11n/input_layer1 | timeout: 10s)
[2026-04-17 12:22:49.014] [83033] [HailoRT] [info] [filter_elements.cpp:101] [create] Created (PreInferEl8yolov11n/input_layer1 | Reorder - src_order: NHWC, src_shape: (640, 640, 3), dst_order: NHCW, dst_shape: (640, 640, 3))
[2026-04-17 12:22:49.014] [83033] [HailoRT] [info] [vstream.cpp:754] [InputVStreamImpl] Creating yolov11n/input_layer1...
[2026-04-17 12:22:49.014] [83033] [HailoRT] [info] [vstream_builder.cpp:102] [create_inputs] Input pipeline 'yolov11n/input_layer1': (PreInferEl8yolov11n/input_layer1 | Reorder - src_order: NHWC, src_shape: (640, 640, 3), dst_order: NHCW, dst_shape: (640, 640, 3)) >> (PushQEl8yolov11n/input_layer1 | timeout: 10s) >> (HwWriteEl8yolov11n/input_layer1 | hw_frame_size: 1228800) >> HW
[2026-04-17 12:22:49.014] [83033] [HailoRT] [info] [multi_io_elements.cpp:135] [create] Created (NmsPPMuxEl0YOLOV8-Post-Process | Op YOLOV8, Name: YOLOV8-Post-Process, Score threshold: 0.200, IoU threshold: 0.70, Classes: 80, Max bboxes per class: 100, Image height: 640, Image width: 640)
[2026-04-17 12:22:49.014] [83033] [HailoRT] [info] [edge_elements.cpp:287] [create] Created (HwReadEl3yolov11n/conv51_143 | hw_frame_size: 409600)
[2026-04-17 12:22:49.014] [83033] [HailoRT] [info] [queue_elements.cpp:657] [create] Created (PullQEl_nms3yolov11n/conv51_143 | timeout: 10s)
[2026-04-17 12:22:49.014] [83033] [HailoRT] [info] [edge_elements.cpp:287] [create] Created (HwReadEl12yolov11n/conv54_143 | hw_frame_size: 512000)
[2026-04-17 12:22:49.014] [83033] [HailoRT] [info] [queue_elements.cpp:657] [create] Created (PullQEl_nms12yolov11n/conv54_143 | timeout: 10s)
[2026-04-17 12:22:49.014] [83033] [HailoRT] [info] [edge_elements.cpp:287] [create] Created (HwReadEl15yolov11n/conv62_143 | hw_frame_size: 102400)
[2026-04-17 12:22:49.014] [83033] [HailoRT] [info] [queue_elements.cpp:657] [create] Created (PullQEl_nms15yolov11n/conv62_143 | timeout: 10s)
[2026-04-17 12:22:49.014] [83033] [HailoRT] [info] [edge_elements.cpp:287] [create] Created (HwReadEl13yolov11n/conv65_143 | hw_frame_size: 128000)
[2026-04-17 12:22:49.014] [83033] [HailoRT] [info] [queue_elements.cpp:657] [create] Created (PullQEl_nms13yolov11n/conv65_143 | timeout: 10s)
[2026-04-17 12:22:49.014] [83033] [HailoRT] [info] [edge_elements.cpp:287] [create] Created (HwReadEl1yolov11n/conv77_143 | hw_frame_size: 30720)
[2026-04-17 12:22:49.014] [83033] [HailoRT] [info] [queue_elements.cpp:657] [create] Created (PullQEl_nms1yolov11n/conv77_143 | timeout: 10s)
[2026-04-17 12:22:49.014] [83033] [HailoRT] [info] [edge_elements.cpp:287] [create] Created (HwReadEl0yolov11n/conv80_143 | hw_frame_size: 38400)
[2026-04-17 12:22:49.015] [83033] [HailoRT] [info] [queue_elements.cpp:657] [create] Created (PullQEl_nms0yolov11n/conv80_143 | timeout: 10s)
[2026-04-17 12:22:49.015] [83033] [HailoRT] [info] [queue_elements.cpp:800] [create] Created (UserBufQEl_post_infer0yolov11n/yolov8_nms_postprocess | timeout: 10s)
[2026-04-17 12:22:49.015] [83033] [HailoRT] [info] [vstream.cpp:1114] [OutputVStreamImpl] Creating yolov11n/yolov8_nms_postprocess...
[2026-04-17 12:22:49.015] [83033] [HailoRT] [info] [vstream_builder.cpp:622] [create_output_post_process_nms] Output pipeline 'yolov11n/yolov8_nms_postprocess': HW >> (HwReadEl3yolov11n/conv51_143 | hw_frame_size: 409600) >> (PullQEl_nms3yolov11n/conv51_143) >> (HwReadEl12yolov11n/conv54_143 | hw_frame_size: 512000) >> (PullQEl_nms12yolov11n/conv54_143) >> (HwReadEl15yolov11n/conv62_143 | hw_frame_size: 102400) >> (PullQEl_nms15yolov11n/conv62_143) >> (HwReadEl13yolov11n/conv65_143 | hw_frame_size: 128000) >> (PullQEl_nms13yolov11n/conv65_143) >> (HwReadEl1yolov11n/conv77_143 | hw_frame_size: 30720) >> (PullQEl_nms1yolov11n/conv77_143) >> (HwReadEl0yolov11n/conv80_143 | hw_frame_size: 38400) >> (PullQEl_nms0yolov11n/conv80_143) >> (NmsPPMuxEl0YOLOV8-Post-Process | Op YOLOV8, Name: YOLOV8-Post-Process, Score threshold: 0.200, IoU threshold: 0.70, Classes: 80, Max bboxes per class: 100, Image height: 640, Image width: 640) >> (UserBufQEl_post_infer0yolov11n/yolov8_nms_postprocess | timeout: 10s)
[2026-04-17 12:23:49.015] [83535] [HailoRT] [info] [vdevice_native_stream.cpp:331] [read_impl] Failed read from stream HAILO_STREAM_ABORT(63) (device: 0001:01:00.0)
[2026-04-17 12:23:49.015] [83535] [HailoRT] [info] [edge_elements.cpp:396] [run_pull] Reading from stream was aborted!
[2026-04-17 12:23:49.015] [83535] [HailoRT] [info] [queue_elements.cpp:738] [run_in_thread] run_pull of queue element PullQEl_nms12yolov11n/conv54_143 was aborted!
[2026-04-17 12:23:49.015] [83533] [HailoRT] [info] [vdevice_native_stream.cpp:142] [write_impl] Failed write to stream yolov11n/input_layer1 (device: 0001:01:00.0) with status=HAILO_STREAM_ABORT(63)
[2026-04-17 12:23:49.015] [83533] [HailoRT] [info] [edge_elements.cpp:87] [run_push] Failed to send on input stream InputStream(index=8, name=yolov11n/input_layer1) because stream was aborted
[2026-04-17 12:23:49.015] [83533] [HailoRT] [info] [queue_elements.cpp:401] [run_in_thread] run_push of PushQEl8yolov11n/input_layer1 was aborted!
[2026-04-17 12:23:49.015] [83534] [HailoRT] [info] [vdevice_native_stream.cpp:331] [read_impl] Failed read from stream HAILO_STREAM_ABORT(63) (device: 0001:01:00.0)
[2026-04-17 12:23:49.015] [83534] [HailoRT] [info] [edge_elements.cpp:396] [run_pull] Reading from stream was aborted!
[2026-04-17 12:23:49.015] [83534] [HailoRT] [info] [queue_elements.cpp:738] [run_in_thread] run_pull of queue element PullQEl_nms3yolov11n/conv51_143 was aborted!
[2026-04-17 12:23:49.016] [83544] [HailoRT] [info] [vstream.cpp:774] [write] Sending to VStream was shutdown!
[2026-04-17 12:23:49.016] [83544] [HailoRT] [info] [vstream.cpp:778] [write] Sending to VStream was aborted!
[2026-04-17 12:23:49.016] [83539] [HailoRT] [info] [vdevice_native_stream.cpp:331] [read_impl] Failed read from stream HAILO_STREAM_ABORT(63) (device: 0001:01:00.0)
[2026-04-17 12:23:49.016] [83539] [HailoRT] [info] [edge_elements.cpp:396] [run_pull] Reading from stream was aborted!
[2026-04-17 12:23:49.016] [83539] [HailoRT] [info] [queue_elements.cpp:738] [run_in_thread] run_pull of queue element PullQEl_nms0yolov11n/conv80_143 was aborted!
[2026-04-17 12:23:49.016] [83536] [HailoRT] [info] [vdevice_native_stream.cpp:331] [read_impl] Failed read from stream HAILO_STREAM_ABORT(63) (device: 0001:01:00.0)
[2026-04-17 12:23:49.016] [83536] [HailoRT] [info] [edge_elements.cpp:396] [run_pull] Reading from stream was aborted!
[2026-04-17 12:23:49.016] [83536] [HailoRT] [info] [queue_elements.cpp:738] [run_in_thread] run_pull of queue element PullQEl_nms15yolov11n/conv62_143 was aborted!
[2026-04-17 12:23:49.016] [83543] [HailoRT] [info] [queue_elements.cpp:706] [run_pull] Shutdown event was signaled in dequeue of queue element PullQEl_nms0yolov11n/conv80_143!
[2026-04-17 12:23:49.016] [83537] [HailoRT] [info] [vdevice_native_stream.cpp:331] [read_impl] Failed read from stream HAILO_STREAM_ABORT(63) (device: 0001:01:00.0)
[2026-04-17 12:23:49.016] [83543] [HailoRT] [info] [vstream.cpp:1138] [read] Receiving to VStream was shutdown!
[2026-04-17 12:23:49.016] [83538] [HailoRT] [info] [vdevice_native_stream.cpp:331] [read_impl] Failed read from stream HAILO_STREAM_ABORT(63) (device: 0001:01:00.0)
[2026-04-17 12:23:49.016] [83538] [HailoRT] [info] [edge_elements.cpp:396] [run_pull] Reading from stream was aborted!
[2026-04-17 12:23:49.016] [83538] [HailoRT] [info] [queue_elements.cpp:738] [run_in_thread] run_pull of queue element PullQEl_nms1yolov11n/conv77_143 was aborted!
[2026-04-17 12:23:49.016] [83537] [HailoRT] [info] [edge_elements.cpp:396] [run_pull] Reading from stream was aborted!
[2026-04-17 12:23:49.016] [83537] [HailoRT] [info] [queue_elements.cpp:738] [run_in_thread] run_pull of queue element PullQEl_nms13yolov11n/conv65_143 was aborted!
[2026-04-17 12:23:49.052] [83033] [HailoRT] [info] [queue_elements.cpp:360] [execute_deactivate] enqueue() in element PushQEl8yolov11n/input_layer1 was aborted, got status = HAILO_SHUTDOWN_EVENT_SIGNALED(57)
[2026-04-17 12:23:49.052] [83533] [HailoRT] [info] [queue_elements.cpp:68] [operator()] Thread in element PushQEl8yolov11n/input_layer1 is not running anymore, exiting..
[2026-04-17 12:23:49.052] [83033] [HailoRT] [info] [queue_elements.cpp:46] [~BaseQueueElement] Queue element PushQEl8yolov11n/input_layer1 has 1 frames in his Queue on destruction
[2026-04-17 12:23:49.052] [83540] [HailoRT] [info] [queue_elements.cpp:68] [operator()] Thread in element UserBufQEl_post_infer0yolov11n/yolov8_nms_postprocess is not running anymore, exiting..
[2026-04-17 12:23:49.052] [83033] [HailoRT] [info] [queue_elements.cpp:46] [~BaseQueueElement] Queue element UserBufQEl_post_infer0yolov11n/yolov8_nms_postprocess has 0 frames in his Queue on destruction
[2026-04-17 12:23:49.052] [83539] [HailoRT] [info] [queue_elements.cpp:68] [operator()] Thread in element PullQEl_nms0yolov11n/conv80_143 is not running anymore, exiting..
[2026-04-17 12:23:49.053] [83033] [HailoRT] [info] [queue_elements.cpp:46] [~BaseQueueElement] Queue element PullQEl_nms0yolov11n/conv80_143 has 1 frames in his Queue on destruction
[2026-04-17 12:23:49.053] [83538] [HailoRT] [info] [queue_elements.cpp:68] [operator()] Thread in element PullQEl_nms1yolov11n/conv77_143 is not running anymore, exiting..
[2026-04-17 12:23:49.053] [83033] [HailoRT] [info] [queue_elements.cpp:46] [~BaseQueueElement] Queue element PullQEl_nms1yolov11n/conv77_143 has 0 frames in his Queue on destruction
[2026-04-17 12:23:49.053] [83537] [HailoRT] [info] [queue_elements.cpp:68] [operator()] Thread in element PullQEl_nms13yolov11n/conv65_143 is not running anymore, exiting..
[2026-04-17 12:23:49.053] [83033] [HailoRT] [info] [queue_elements.cpp:46] [~BaseQueueElement] Queue element PullQEl_nms13yolov11n/conv65_143 has 0 frames in his Queue on destruction
[2026-04-17 12:23:49.053] [83536] [HailoRT] [info] [queue_elements.cpp:68] [operator()] Thread in element PullQEl_nms15yolov11n/conv62_143 is not running anymore, exiting..
[2026-04-17 12:23:49.053] [83033] [HailoRT] [info] [queue_elements.cpp:46] [~BaseQueueElement] Queue element PullQEl_nms15yolov11n/conv62_143 has 0 frames in his Queue on destruction
[2026-04-17 12:23:49.053] [83535] [HailoRT] [info] [queue_elements.cpp:68] [operator()] Thread in element PullQEl_nms12yolov11n/conv54_143 is not running anymore, exiting..
[2026-04-17 12:23:49.053] [83033] [HailoRT] [info] [queue_elements.cpp:46] [~BaseQueueElement] Queue element PullQEl_nms12yolov11n/conv54_143 has 0 frames in his Queue on destruction
[2026-04-17 12:23:49.053] [83534] [HailoRT] [info] [queue_elements.cpp:68] [operator()] Thread in element PullQEl_nms3yolov11n/conv51_143 is not running anymore, exiting..
[2026-04-17 12:23:49.053] [83033] [HailoRT] [info] [queue_elements.cpp:46] [~BaseQueueElement] Queue element PullQEl_nms3yolov11n/conv51_143 has 0 frames in his Queue on destruction
[2026-04-17 12:23:49.053] [83033] [HailoRT] [info] [core_op.cpp:186] [deactivate] Deactivating took 0.009741 ms
[2026-04-17 12:23:49.053] [83033] [HailoRT] [info] [core_op.cpp:186] [deactivate] Deactivating took 0.019518 ms
[2026-04-17 12:23:49.128] [83033] [HailoRT] [info] [vdevice.cpp:535] [create] Creating vdevice with params: device_count: 1, scheduling_algorithm: NONE, multi_process_service: false
[2026-04-17 12:23:49.128] [83033] [HailoRT] [info] [device.cpp:51] [Device] OS Version: Linux 6.12.75+rpt-rpi-2712 #1 SMP PREEMPT Debian 1:6.12.75-1+rpt1 (2026-03-11) aarch64
[2026-04-17 12:23:49.128] [83033] [HailoRT] [info] [control.cpp:113] [control__parse_identify_results] firmware_version is: 4.23.0
[2026-04-17 12:23:49.128] [83033] [HailoRT] [info] [vdevice.cpp:682] [create] VDevice Infos: 0001:01:00.0
[2026-04-17 12:23:49.137] [83033] [HailoRT] [warning] [buffer_requirements.cpp:131] [get_buffer_requirements_multiple_transfers] Desc page size value (1024) is not optimal for performance.
[2026-04-17 12:23:49.169] [83033] [HailoRT] [info] [internal_buffer_manager.cpp:77] [print_execution_results] Planned internal buffer memory: CMA=0 CMA-Desc=1507328 Pinned=63593472. memory to edge layer usage factor is 1
[2026-04-17 12:23:49.169] [83033] [HailoRT] [info] [internal_buffer_manager.cpp:86] [print_execution_results] Default Internal buffer planner executed successfully
[2026-04-17 12:23:49.300] [83033] [HailoRT] [info] [device_internal.cpp:57] [configure] Configuring HEF took 171.370013 milliseconds
[2026-04-17 12:23:49.300] [83033] [HailoRT] [info] [vdevice.cpp:780] [configure] Configuring HEF on VDevice took 171.737826 milliseconds
[2026-04-17 12:23:49.300] [83033] [HailoRT] [info] [control.cpp:113] [control__parse_identify_results] firmware_version is: 4.23.0
[2026-04-17 12:23:49.301] [83033] [HailoRT] [info] [control.cpp:113] [control__parse_identify_results] firmware_version is: 4.23.0
[2026-04-17 12:23:49.331] [83033] [HailoRT] [info] [core_op.cpp:156] [activate] Activating yolov11n took 30.337746 milliseconds. Note that the function is asynchronous and thus the network is not fully activated yet.
[2026-04-17 12:23:49.331] [83033] [HailoRT] [info] [core_op.cpp:156] [activate] Activating yolov11n took 30.363005 milliseconds. Note that the function is asynchronous and thus the network is not fully activated yet.
[2026-04-17 12:23:49.344] [83033] [HailoRT] [info] [control.cpp:113] [control__parse_identify_results] firmware_version is: 4.23.0
[2026-04-17 12:23:49.345] [83033] [HailoRT] [info] [control.cpp:113] [control__parse_identify_results] firmware_version is: 4.23.0
[2026-04-17 12:23:49.345] [83033] [HailoRT] [info] [edge_elements.cpp:52] [create] Created (HwWriteEl8yolov11n/input_layer1 | hw_frame_size: 1228800)
[2026-04-17 12:23:49.345] [83033] [HailoRT] [info] [queue_elements.cpp:284] [create] Created (PushQEl8yolov11n/input_layer1 | timeout: 10s)
[2026-04-17 12:23:49.345] [83033] [HailoRT] [info] [filter_elements.cpp:101] [create] Created (PreInferEl8yolov11n/input_layer1 | Reorder - src_order: NHWC, src_shape: (640, 640, 3), dst_order: NHCW, dst_shape: (640, 640, 3))
[2026-04-17 12:23:49.345] [83033] [HailoRT] [info] [vstream.cpp:754] [InputVStreamImpl] Creating yolov11n/input_layer1...
[2026-04-17 12:23:49.345] [83033] [HailoRT] [info] [vstream_builder.cpp:102] [create_inputs] Input pipeline 'yolov11n/input_layer1': (PreInferEl8yolov11n/input_layer1 | Reorder - src_order: NHWC, src_shape: (640, 640, 3), dst_order: NHCW, dst_shape: (640, 640, 3)) >> (PushQEl8yolov11n/input_layer1 | timeout: 10s) >> (HwWriteEl8yolov11n/input_layer1 | hw_frame_size: 1228800) >> HW
[2026-04-17 12:23:49.345] [83033] [HailoRT] [info] [multi_io_elements.cpp:135] [create] Created (NmsPPMuxEl0YOLOV8-Post-Process | Op YOLOV8, Name: YOLOV8-Post-Process, Score threshold: 0.200, IoU threshold: 0.70, Classes: 80, Max bboxes per class: 100, Image height: 640, Image width: 640)
[2026-04-17 12:23:49.345] [83033] [HailoRT] [info] [edge_elements.cpp:287] [create] Created (HwReadEl3yolov11n/conv51_143 | hw_frame_size: 409600)
[2026-04-17 12:23:49.345] [83033] [HailoRT] [info] [queue_elements.cpp:657] [create] Created (PullQEl_nms3yolov11n/conv51_143 | timeout: 10s)
[2026-04-17 12:23:49.345] [83033] [HailoRT] [info] [edge_elements.cpp:287] [create] Created (HwReadEl12yolov11n/conv54_143 | hw_frame_size: 512000)
[2026-04-17 12:23:49.345] [83033] [HailoRT] [info] [queue_elements.cpp:657] [create] Created (PullQEl_nms12yolov11n/conv54_143 | timeout: 10s)
[2026-04-17 12:23:49.345] [83033] [HailoRT] [info] [edge_elements.cpp:287] [create] Created (HwReadEl15yolov11n/conv62_143 | hw_frame_size: 102400)
[2026-04-17 12:23:49.345] [83033] [HailoRT] [info] [queue_elements.cpp:657] [create] Created (PullQEl_nms15yolov11n/conv62_143 | timeout: 10s)
[2026-04-17 12:23:49.345] [83033] [HailoRT] [info] [edge_elements.cpp:287] [create] Created (HwReadEl13yolov11n/conv65_143 | hw_frame_size: 128000)
[2026-04-17 12:23:49.345] [83033] [HailoRT] [info] [queue_elements.cpp:657] [create] Created (PullQEl_nms13yolov11n/conv65_143 | timeout: 10s)
[2026-04-17 12:23:49.345] [83033] [HailoRT] [info] [edge_elements.cpp:287] [create] Created (HwReadEl1yolov11n/conv77_143 | hw_frame_size: 30720)
[2026-04-17 12:23:49.345] [83033] [HailoRT] [info] [queue_elements.cpp:657] [create] Created (PullQEl_nms1yolov11n/conv77_143 | timeout: 10s)
[2026-04-17 12:23:49.345] [83033] [HailoRT] [info] [edge_elements.cpp:287] [create] Created (HwReadEl0yolov11n/conv80_143 | hw_frame_size: 38400)
[2026-04-17 12:23:49.345] [83033] [HailoRT] [info] [queue_elements.cpp:657] [create] Created (PullQEl_nms0yolov11n/conv80_143 | timeout: 10s)
[2026-04-17 12:23:49.345] [83033] [HailoRT] [info] [queue_elements.cpp:800] [create] Created (UserBufQEl_post_infer0yolov11n/yolov8_nms_postprocess | timeout: 10s)
[2026-04-17 12:23:49.345] [83033] [HailoRT] [info] [vstream.cpp:1114] [OutputVStreamImpl] Creating yolov11n/yolov8_nms_postprocess...
[2026-04-17 12:23:49.346] [83033] [HailoRT] [info] [vstream_builder.cpp:622] [create_output_post_process_nms] Output pipeline 'yolov11n/yolov8_nms_postprocess': HW >> (HwReadEl3yolov11n/conv51_143 | hw_frame_size: 409600) >> (PullQEl_nms3yolov11n/conv51_143) >> (HwReadEl12yolov11n/conv54_143 | hw_frame_size: 512000) >> (PullQEl_nms12yolov11n/conv54_143) >> (HwReadEl15yolov11n/conv62_143 | hw_frame_size: 102400) >> (PullQEl_nms15yolov11n/conv62_143) >> (HwReadEl13yolov11n/conv65_143 | hw_frame_size: 128000) >> (PullQEl_nms13yolov11n/conv65_143) >> (HwReadEl1yolov11n/conv77_143 | hw_frame_size: 30720) >> (PullQEl_nms1yolov11n/conv77_143) >> (HwReadEl0yolov11n/conv80_143 | hw_frame_size: 38400) >> (PullQEl_nms0yolov11n/conv80_143) >> (NmsPPMuxEl0YOLOV8-Post-Process | Op YOLOV8, Name: YOLOV8-Post-Process, Score threshold: 0.200, IoU threshold: 0.70, Classes: 80, Max bboxes per class: 100, Image height: 640, Image width: 640) >> (UserBufQEl_post_infer0yolov11n/yolov8_nms_postprocess | timeout: 10s)
[2026-04-17 12:24:49.346] [84064] [HailoRT] [info] [vdevice_native_stream.cpp:331] [read_impl] Failed read from stream HAILO_STREAM_ABORT(63) (device: 0001:01:00.0)
[2026-04-17 12:24:49.346] [84064] [HailoRT] [info] [edge_elements.cpp:396] [run_pull] Reading from stream was aborted!
[2026-04-17 12:24:49.346] [84064] [HailoRT] [info] [queue_elements.cpp:738] [run_in_thread] run_pull of queue element PullQEl_nms3yolov11n/conv51_143 was aborted!
[2026-04-17 12:24:49.346] [84074] [HailoRT] [info] [queue_elements.cpp:706] [run_pull] Shutdown event was signaled in dequeue of queue element PullQEl_nms3yolov11n/conv51_143!
[2026-04-17 12:24:49.346] [84066] [HailoRT] [info] [vdevice_native_stream.cpp:331] [read_impl] Failed read from stream HAILO_STREAM_ABORT(63) (device: 0001:01:00.0)
[2026-04-17 12:24:49.346] [84074] [HailoRT] [info] [vstream.cpp:1138] [read] Receiving to VStream was shutdown!
[2026-04-17 12:24:49.346] [84066] [HailoRT] [info] [edge_elements.cpp:396] [run_pull] Reading from stream was aborted!
[2026-04-17 12:24:49.346] [84066] [HailoRT] [info] [queue_elements.cpp:738] [run_in_thread] run_pull of queue element PullQEl_nms15yolov11n/conv62_143 was aborted!
[2026-04-17 12:24:49.346] [84065] [HailoRT] [info] [vdevice_native_stream.cpp:331] [read_impl] Failed read from stream HAILO_STREAM_ABORT(63) (device: 0001:01:00.0)
[2026-04-17 12:24:49.346] [84065] [HailoRT] [info] [edge_elements.cpp:396] [run_pull] Reading from stream was aborted!
[2026-04-17 12:24:49.346] [84065] [HailoRT] [info] [queue_elements.cpp:738] [run_in_thread] run_pull of queue element PullQEl_nms12yolov11n/conv54_143 was aborted!
[2026-04-17 12:24:49.346] [84067] [HailoRT] [info] [vdevice_native_stream.cpp:331] [read_impl] Failed read from stream HAILO_STREAM_ABORT(63) (device: 0001:01:00.0)
[2026-04-17 12:24:49.346] [84067] [HailoRT] [info] [edge_elements.cpp:396] [run_pull] Reading from stream was aborted!
[2026-04-17 12:24:49.346] [84067] [HailoRT] [info] [queue_elements.cpp:738] [run_in_thread] run_pull of queue element PullQEl_nms13yolov11n/conv65_143 was aborted!
[2026-04-17 12:24:49.346] [84068] [HailoRT] [info] [vdevice_native_stream.cpp:331] [read_impl] Failed read from stream HAILO_STREAM_ABORT(63) (device: 0001:01:00.0)
[2026-04-17 12:24:49.346] [84068] [HailoRT] [info] [edge_elements.cpp:396] [run_pull] Reading from stream was aborted!
[2026-04-17 12:24:49.346] [84068] [HailoRT] [info] [queue_elements.cpp:738] [run_in_thread] run_pull of queue element PullQEl_nms1yolov11n/conv77_143 was aborted!
[2026-04-17 12:24:49.346] [84069] [HailoRT] [info] [vdevice_native_stream.cpp:331] [read_impl] Failed read from stream HAILO_STREAM_ABORT(63) (device: 0001:01:00.0)
[2026-04-17 12:24:49.346] [84069] [HailoRT] [info] [edge_elements.cpp:396] [run_pull] Reading from stream was aborted!
[2026-04-17 12:24:49.346] [84069] [HailoRT] [info] [queue_elements.cpp:738] [run_in_thread] run_pull of queue element PullQEl_nms0yolov11n/conv80_143 was aborted!
[2026-04-17 12:24:49.348] [84063] [HailoRT] [info] [vdevice_native_stream.cpp:142] [write_impl] Failed write to stream yolov11n/input_layer1 (device: 0001:01:00.0) with status=HAILO_STREAM_ABORT(63)
[2026-04-17 12:24:49.348] [84063] [HailoRT] [info] [edge_elements.cpp:87] [run_push] Failed to send on input stream InputStream(index=8, name=yolov11n/input_layer1) because stream was aborted
[2026-04-17 12:24:49.348] [84063] [HailoRT] [info] [queue_elements.cpp:401] [run_in_thread] run_push of PushQEl8yolov11n/input_layer1 was aborted!
[2026-04-17 12:24:49.349] [84075] [HailoRT] [info] [queue_elements.cpp:319] [run_push] run_push of PushQEl8yolov11n/input_layer1 was aborted!
[2026-04-17 12:24:49.349] [84075] [HailoRT] [info] [filter_elements.cpp:35] [run_push] run_push of PreInferEl8yolov11n/input_layer1 was aborted!
[2026-04-17 12:24:49.349] [84075] [HailoRT] [info] [vstream.cpp:778] [write] Sending to VStream was aborted!
[2026-04-17 12:24:49.354] [83033] [HailoRT] [info] [queue_elements.cpp:360] [execute_deactivate] enqueue() in element PushQEl8yolov11n/input_layer1 was aborted, got status = HAILO_SHUTDOWN_EVENT_SIGNALED(57)
[2026-04-17 12:24:49.354] [84063] [HailoRT] [info] [queue_elements.cpp:68] [operator()] Thread in element PushQEl8yolov11n/input_layer1 is not running anymore, exiting..
[2026-04-17 12:24:49.355] [83033] [HailoRT] [info] [queue_elements.cpp:46] [~BaseQueueElement] Queue element PushQEl8yolov11n/input_layer1 has 0 frames in his Queue on destruction
[2026-04-17 12:24:49.355] [84070] [HailoRT] [info] [queue_elements.cpp:68] [operator()] Thread in element UserBufQEl_post_infer0yolov11n/yolov8_nms_postprocess is not running anymore, exiting..
[2026-04-17 12:24:49.355] [83033] [HailoRT] [info] [queue_elements.cpp:46] [~BaseQueueElement] Queue element UserBufQEl_post_infer0yolov11n/yolov8_nms_postprocess has 0 frames in his Queue on destruction
[2026-04-17 12:24:49.355] [84069] [HailoRT] [info] [queue_elements.cpp:68] [operator()] Thread in element PullQEl_nms0yolov11n/conv80_143 is not running anymore, exiting..
[2026-04-17 12:24:49.355] [83033] [HailoRT] [info] [queue_elements.cpp:46] [~BaseQueueElement] Queue element PullQEl_nms0yolov11n/conv80_143 has 0 frames in his Queue on destruction
[2026-04-17 12:24:49.355] [84068] [HailoRT] [info] [queue_elements.cpp:68] [operator()] Thread in element PullQEl_nms1yolov11n/conv77_143 is not running anymore, exiting..
[2026-04-17 12:24:49.355] [83033] [HailoRT] [info] [queue_elements.cpp:46] [~BaseQueueElement] Queue element PullQEl_nms1yolov11n/conv77_143 has 0 frames in his Queue on destruction
[2026-04-17 12:24:49.355] [84067] [HailoRT] [info] [queue_elements.cpp:68] [operator()] Thread in element PullQEl_nms13yolov11n/conv65_143 is not running anymore, exiting..
[2026-04-17 12:24:49.355] [83033] [HailoRT] [info] [queue_elements.cpp:46] [~BaseQueueElement] Queue element PullQEl_nms13yolov11n/conv65_143 has 0 frames in his Queue on destruction
[2026-04-17 12:24:49.355] [84066] [HailoRT] [info] [queue_elements.cpp:68] [operator()] Thread in element PullQEl_nms15yolov11n/conv62_143 is not running anymore, exiting..
[2026-04-17 12:24:49.355] [83033] [HailoRT] [info] [queue_elements.cpp:46] [~BaseQueueElement] Queue element PullQEl_nms15yolov11n/conv62_143 has 0 frames in his Queue on destruction
[2026-04-17 12:24:49.355] [84065] [HailoRT] [info] [queue_elements.cpp:68] [operator()] Thread in element PullQEl_nms12yolov11n/conv54_143 is not running anymore, exiting..
[2026-04-17 12:24:49.355] [83033] [HailoRT] [info] [queue_elements.cpp:46] [~BaseQueueElement] Queue element PullQEl_nms12yolov11n/conv54_143 has 0 frames in his Queue on destruction
[2026-04-17 12:24:49.355] [84064] [HailoRT] [info] [queue_elements.cpp:68] [operator()] Thread in element PullQEl_nms3yolov11n/conv51_143 is not running anymore, exiting..
[2026-04-17 12:24:49.355] [83033] [HailoRT] [info] [queue_elements.cpp:46] [~BaseQueueElement] Queue element PullQEl_nms3yolov11n/conv51_143 has 0 frames in his Queue on destruction
[2026-04-17 12:24:49.355] [83033] [HailoRT] [info] [core_op.cpp:186] [deactivate] Deactivating took 0.007741 ms
[2026-04-17 12:24:49.355] [83033] [HailoRT] [info] [core_op.cpp:186] [deactivate] Deactivating took 0.017333 ms
[2026-04-17 12:24:59.697] [84595] [HailoRT] [info] [vdevice.cpp:535] [create] Creating vdevice with params: device_count: 1, scheduling_algorithm: NONE, multi_process_service: false
[2026-04-17 12:24:59.710] [84595] [HailoRT] [info] [device.cpp:51] [Device] OS Version: Linux 6.12.75+rpt-rpi-2712 #1 SMP PREEMPT Debian 1:6.12.75-1+rpt1 (2026-03-11) aarch64
[2026-04-17 12:24:59.714] [84595] [HailoRT] [info] [control.cpp:113] [control__parse_identify_results] firmware_version is: 4.23.0
[2026-04-17 12:24:59.714] [84595] [HailoRT] [info] [vdevice.cpp:682] [create] VDevice Infos: 0001:01:00.0
[2026-04-17 12:24:59.727] [84595] [HailoRT] [warning] [buffer_requirements.cpp:131] [get_buffer_requirements_multiple_transfers] Desc page size value (1024) is not optimal for performance.
[2026-04-17 12:24:59.755] [84595] [HailoRT] [info] [internal_buffer_manager.cpp:77] [print_execution_results] Planned internal buffer memory: CMA=0 CMA-Desc=1507328 Pinned=64771072. memory to edge layer usage factor is 1
[2026-04-17 12:24:59.755] [84595] [HailoRT] [info] [internal_buffer_manager.cpp:86] [print_execution_results] Default Internal buffer planner executed successfully
[2026-04-17 12:24:59.874] [84595] [HailoRT] [info] [device_internal.cpp:57] [configure] Configuring HEF took 158.861019 milliseconds
[2026-04-17 12:24:59.874] [84595] [HailoRT] [info] [vdevice.cpp:780] [configure] Configuring HEF on VDevice took 159.293851 milliseconds
[2026-04-17 12:24:59.874] [84595] [HailoRT] [info] [control.cpp:113] [control__parse_identify_results] firmware_version is: 4.23.0
[2026-04-17 12:24:59.874] [84595] [HailoRT] [info] [control.cpp:113] [control__parse_identify_results] firmware_version is: 4.23.0
[2026-04-17 12:24:59.913] [84595] [HailoRT] [info] [core_op.cpp:156] [activate] Activating yolov11n took 38.281496 milliseconds. Note that the function is asynchronous and thus the network is not fully activated yet.
[2026-04-17 12:24:59.913] [84595] [HailoRT] [info] [core_op.cpp:156] [activate] Activating yolov11n took 38.312588 milliseconds. Note that the function is asynchronous and thus the network is not fully activated yet.
[2026-04-17 12:24:59.926] [84595] [HailoRT] [info] [control.cpp:113] [control__parse_identify_results] firmware_version is: 4.23.0
[2026-04-17 12:24:59.926] [84595] [HailoRT] [info] [control.cpp:113] [control__parse_identify_results] firmware_version is: 4.23.0
[2026-04-17 12:25:01.070] [84587] [HailoRT] [info] [device.cpp:51] [Device] OS Version: Linux 6.12.75+rpt-rpi-2712 #1 SMP PREEMPT Debian 1:6.12.75-1+rpt1 (2026-03-11) aarch64
[2026-04-17 12:25:01.071] [84587] [HailoRT] [info] [control.cpp:113] [control__parse_identify_results] firmware_version is: 4.23.0
[2026-04-17 12:25:01.073] [84587] [HailoRT] [info] [control.cpp:113] [control__parse_identify_results] firmware_version is: 4.23.0
[2026-04-17 12:25:59.927] [84609] [HailoRT] [info] [vdevice_native_stream.cpp:331] [read_impl] Failed read from stream HAILO_STREAM_ABORT(63) (device: 0001:01:00.0)
[2026-04-17 12:25:59.927] [84605] [HailoRT] [info] [vdevice_native_stream.cpp:331] [read_impl] Failed read from stream HAILO_STREAM_ABORT(63) (device: 0001:01:00.0)
[2026-04-17 12:25:59.927] [84610] [HailoRT] [info] [vdevice_native_stream.cpp:142] [write_impl] Failed write to stream yolov11n/input_layer1 (device: 0001:01:00.0) with status=HAILO_STREAM_ABORT(63)
[2026-04-17 12:25:59.927] [84606] [HailoRT] [info] [vdevice_native_stream.cpp:331] [read_impl] Failed read from stream HAILO_STREAM_ABORT(63) (device: 0001:01:00.0)
[2026-04-17 12:25:59.927] [84607] [HailoRT] [info] [vdevice_native_stream.cpp:331] [read_impl] Failed read from stream HAILO_STREAM_ABORT(63) (device: 0001:01:00.0)
[2026-04-17 12:25:59.927] [84604] [HailoRT] [info] [vdevice_native_stream.cpp:331] [read_impl] Failed read from stream HAILO_STREAM_ABORT(63) (device: 0001:01:00.0)
[2026-04-17 12:25:59.927] [84608] [HailoRT] [info] [vdevice_native_stream.cpp:331] [read_impl] Failed read from stream HAILO_STREAM_ABORT(63) (device: 0001:01:00.0)
[2026-04-17 12:25:59.936] [84595] [HailoRT] [info] [core_op.cpp:186] [deactivate] Deactivating took 0.006444 ms
[2026-04-17 12:25:59.936] [84595] [HailoRT] [info] [core_op.cpp:186] [deactivate] Deactivating took 0.024278 ms
[2026-04-17 12:25:59.992] [84595] [HailoRT] [info] [vdevice.cpp:535] [create] Creating vdevice with params: device_count: 1, scheduling_algorithm: NONE, multi_process_service: false
[2026-04-17 12:25:59.992] [84595] [HailoRT] [info] [device.cpp:51] [Device] OS Version: Linux 6.12.75+rpt-rpi-2712 #1 SMP PREEMPT Debian 1:6.12.75-1+rpt1 (2026-03-11) aarch64
[2026-04-17 12:25:59.992] [84595] [HailoRT] [info] [control.cpp:113] [control__parse_identify_results] firmware_version is: 4.23.0
[2026-04-17 12:25:59.992] [84595] [HailoRT] [info] [vdevice.cpp:682] [create] VDevice Infos: 0001:01:00.0
[2026-04-17 12:26:00.002] [84595] [HailoRT] [warning] [buffer_requirements.cpp:131] [get_buffer_requirements_multiple_transfers] Desc page size value (1024) is not optimal for performance.
[2026-04-17 12:26:00.029] [84595] [HailoRT] [info] [internal_buffer_manager.cpp:77] [print_execution_results] Planned internal buffer memory: CMA=0 CMA-Desc=1507328 Pinned=64771072. memory to edge layer usage factor is 1
[2026-04-17 12:26:00.029] [84595] [HailoRT] [info] [internal_buffer_manager.cpp:86] [print_execution_results] Default Internal buffer planner executed successfully
[2026-04-17 12:26:00.155] [84595] [HailoRT] [info] [device_internal.cpp:57] [configure] Configuring HEF took 162.203211 milliseconds
[2026-04-17 12:26:00.155] [84595] [HailoRT] [info] [vdevice.cpp:780] [configure] Configuring HEF on VDevice took 162.567858 milliseconds
[2026-04-17 12:26:00.155] [84595] [HailoRT] [info] [control.cpp:113] [control__parse_identify_results] firmware_version is: 4.23.0
[2026-04-17 12:26:00.156] [84595] [HailoRT] [info] [control.cpp:113] [control__parse_identify_results] firmware_version is: 4.23.0
[2026-04-17 12:26:00.191] [84595] [HailoRT] [info] [core_op.cpp:156] [activate] Activating yolov11n took 35.694727 milliseconds. Note that the function is asynchronous and thus the network is not fully activated yet.
[2026-04-17 12:26:00.191] [84595] [HailoRT] [info] [core_op.cpp:156] [activate] Activating yolov11n took 35.720357 milliseconds. Note that the function is asynchronous and thus the network is not fully activated yet.
[2026-04-17 12:26:00.204] [84595] [HailoRT] [info] [control.cpp:113] [control__parse_identify_results] firmware_version is: 4.23.0
[2026-04-17 12:26:00.205] [84595] [HailoRT] [info] [control.cpp:113] [control__parse_identify_results] firmware_version is: 4.23.0
[2026-04-17 12:26:00.205] [84595] [HailoRT] [info] [edge_elements.cpp:52] [create] Created (HwWriteEl8yolov11n/input_layer1 | hw_frame_size: 1228800)
[2026-04-17 12:26:00.205] [84595] [HailoRT] [info] [queue_elements.cpp:284] [create] Created (PushQEl8yolov11n/input_layer1 | timeout: 10s)
[2026-04-17 12:26:00.205] [84595] [HailoRT] [info] [filter_elements.cpp:101] [create] Created (PreInferEl8yolov11n/input_layer1 | Reorder - src_order: NHWC, src_shape: (640, 640, 3), dst_order: NHCW, dst_shape: (640, 640, 3))
[2026-04-17 12:26:00.205] [84595] [HailoRT] [info] [vstream.cpp:754] [InputVStreamImpl] Creating yolov11n/input_layer1...
[2026-04-17 12:26:00.205] [84595] [HailoRT] [info] [vstream_builder.cpp:102] [create_inputs] Input pipeline 'yolov11n/input_layer1': (PreInferEl8yolov11n/input_layer1 | Reorder - src_order: NHWC, src_shape: (640, 640, 3), dst_order: NHCW, dst_shape: (640, 640, 3)) >> (PushQEl8yolov11n/input_layer1 | timeout: 10s) >> (HwWriteEl8yolov11n/input_layer1 | hw_frame_size: 1228800) >> HW
[2026-04-17 12:26:00.205] [84595] [HailoRT] [info] [multi_io_elements.cpp:135] [create] Created (NmsPPMuxEl0YOLOV8-Post-Process | Op YOLOV8, Name: YOLOV8-Post-Process, Score threshold: 0.200, IoU threshold: 0.70, Classes: 80, Max bboxes per class: 100, Image height: 640, Image width: 640)
[2026-04-17 12:26:00.205] [84595] [HailoRT] [info] [edge_elements.cpp:287] [create] Created (HwReadEl3yolov11n/conv51_143 | hw_frame_size: 409600)
[2026-04-17 12:26:00.205] [84595] [HailoRT] [info] [queue_elements.cpp:657] [create] Created (PullQEl_nms3yolov11n/conv51_143 | timeout: 10s)
[2026-04-17 12:26:00.205] [84595] [HailoRT] [info] [edge_elements.cpp:287] [create] Created (HwReadEl12yolov11n/conv54_143 | hw_frame_size: 512000)
[2026-04-17 12:26:00.205] [84595] [HailoRT] [info] [queue_elements.cpp:657] [create] Created (PullQEl_nms12yolov11n/conv54_143 | timeout: 10s)
[2026-04-17 12:26:00.205] [84595] [HailoRT] [info] [edge_elements.cpp:287] [create] Created (HwReadEl15yolov11n/conv62_143 | hw_frame_size: 102400)
[2026-04-17 12:26:00.205] [84595] [HailoRT] [info] [queue_elements.cpp:657] [create] Created (PullQEl_nms15yolov11n/conv62_143 | timeout: 10s)
[2026-04-17 12:26:00.205] [84595] [HailoRT] [info] [edge_elements.cpp:287] [create] Created (HwReadEl13yolov11n/conv65_143 | hw_frame_size: 128000)
[2026-04-17 12:26:00.206] [84595] [HailoRT] [info] [queue_elements.cpp:657] [create] Created (PullQEl_nms13yolov11n/conv65_143 | timeout: 10s)
[2026-04-17 12:26:00.206] [84595] [HailoRT] [info] [edge_elements.cpp:287] [create] Created (HwReadEl1yolov11n/conv77_143 | hw_frame_size: 30720)
[2026-04-17 12:26:00.206] [84595] [HailoRT] [info] [queue_elements.cpp:657] [create] Created (PullQEl_nms1yolov11n/conv77_143 | timeout: 10s)
[2026-04-17 12:26:00.206] [84595] [HailoRT] [info] [edge_elements.cpp:287] [create] Created (HwReadEl0yolov11n/conv80_143 | hw_frame_size: 38400)
[2026-04-17 12:26:00.206] [84595] [HailoRT] [info] [queue_elements.cpp:657] [create] Created (PullQEl_nms0yolov11n/conv80_143 | timeout: 10s)
[2026-04-17 12:26:00.206] [84595] [HailoRT] [info] [queue_elements.cpp:800] [create] Created (UserBufQEl_post_infer0yolov11n/yolov8_nms_postprocess | timeout: 10s)
[2026-04-17 12:26:00.206] [84595] [HailoRT] [info] [vstream.cpp:1114] [OutputVStreamImpl] Creating yolov11n/yolov8_nms_postprocess...
[2026-04-17 12:26:00.206] [84595] [HailoRT] [info] [vstream_builder.cpp:622] [create_output_post_process_nms] Output pipeline 'yolov11n/yolov8_nms_postprocess': HW >> (HwReadEl3yolov11n/conv51_143 | hw_frame_size: 409600) >> (PullQEl_nms3yolov11n/conv51_143) >> (HwReadEl12yolov11n/conv54_143 | hw_frame_size: 512000) >> (PullQEl_nms12yolov11n/conv54_143) >> (HwReadEl15yolov11n/conv62_143 | hw_frame_size: 102400) >> (PullQEl_nms15yolov11n/conv62_143) >> (HwReadEl13yolov11n/conv65_143 | hw_frame_size: 128000) >> (PullQEl_nms13yolov11n/conv65_143) >> (HwReadEl1yolov11n/conv77_143 | hw_frame_size: 30720) >> (PullQEl_nms1yolov11n/conv77_143) >> (HwReadEl0yolov11n/conv80_143 | hw_frame_size: 38400) >> (PullQEl_nms0yolov11n/conv80_143) >> (NmsPPMuxEl0YOLOV8-Post-Process | Op YOLOV8, Name: YOLOV8-Post-Process, Score threshold: 0.200, IoU threshold: 0.70, Classes: 80, Max bboxes per class: 100, Image height: 640, Image width: 640) >> (UserBufQEl_post_infer0yolov11n/yolov8_nms_postprocess | timeout: 10s)
[2026-04-17 12:27:00.206] [85095] [HailoRT] [info] [vdevice_native_stream.cpp:142] [write_impl] Failed write to stream yolov11n/input_layer1 (device: 0001:01:00.0) with status=HAILO_STREAM_ABORT(63)
[2026-04-17 12:27:00.206] [85098] [HailoRT] [info] [vdevice_native_stream.cpp:331] [read_impl] Failed read from stream HAILO_STREAM_ABORT(63) (device: 0001:01:00.0)
[2026-04-17 12:27:00.206] [85098] [HailoRT] [info] [edge_elements.cpp:396] [run_pull] Reading from stream was aborted!
[2026-04-17 12:27:00.206] [85095] [HailoRT] [info] [edge_elements.cpp:87] [run_push] Failed to send on input stream InputStream(index=8, name=yolov11n/input_layer1) because stream was aborted
[2026-04-17 12:27:00.206] [85095] [HailoRT] [info] [queue_elements.cpp:401] [run_in_thread] run_push of PushQEl8yolov11n/input_layer1 was aborted!
[2026-04-17 12:27:00.206] [85098] [HailoRT] [info] [queue_elements.cpp:738] [run_in_thread] run_pull of queue element PullQEl_nms15yolov11n/conv62_143 was aborted!
[2026-04-17 12:27:00.206] [85099] [HailoRT] [info] [vdevice_native_stream.cpp:331] [read_impl] Failed read from stream HAILO_STREAM_ABORT(63) (device: 0001:01:00.0)
[2026-04-17 12:27:00.206] [85099] [HailoRT] [info] [edge_elements.cpp:396] [run_pull] Reading from stream was aborted!
[2026-04-17 12:27:00.206] [85099] [HailoRT] [info] [queue_elements.cpp:738] [run_in_thread] run_pull of queue element PullQEl_nms13yolov11n/conv65_143 was aborted!
[2026-04-17 12:27:00.206] [85096] [HailoRT] [info] [vdevice_native_stream.cpp:331] [read_impl] Failed read from stream HAILO_STREAM_ABORT(63) (device: 0001:01:00.0)
[2026-04-17 12:27:00.206] [85096] [HailoRT] [info] [edge_elements.cpp:396] [run_pull] Reading from stream was aborted!
[2026-04-17 12:27:00.206] [85096] [HailoRT] [info] [queue_elements.cpp:738] [run_in_thread] run_pull of queue element PullQEl_nms3yolov11n/conv51_143 was aborted!
[2026-04-17 12:27:00.206] [85105] [HailoRT] [info] [queue_elements.cpp:706] [run_pull] Shutdown event was signaled in dequeue of queue element PullQEl_nms3yolov11n/conv51_143!
[2026-04-17 12:27:00.206] [85097] [HailoRT] [info] [vdevice_native_stream.cpp:331] [read_impl] Failed read from stream HAILO_STREAM_ABORT(63) (device: 0001:01:00.0)
[2026-04-17 12:27:00.206] [85105] [HailoRT] [info] [vstream.cpp:1138] [read] Receiving to VStream was shutdown!
[2026-04-17 12:27:00.206] [85100] [HailoRT] [info] [vdevice_native_stream.cpp:331] [read_impl] Failed read from stream HAILO_STREAM_ABORT(63) (device: 0001:01:00.0)
[2026-04-17 12:27:00.206] [85100] [HailoRT] [info] [edge_elements.cpp:396] [run_pull] Reading from stream was aborted!
[2026-04-17 12:27:00.206] [85100] [HailoRT] [info] [queue_elements.cpp:738] [run_in_thread] run_pull of queue element PullQEl_nms1yolov11n/conv77_143 was aborted!
[2026-04-17 12:27:00.206] [85101] [HailoRT] [info] [vdevice_native_stream.cpp:331] [read_impl] Failed read from stream HAILO_STREAM_ABORT(63) (device: 0001:01:00.0)
[2026-04-17 12:27:00.206] [85101] [HailoRT] [info] [edge_elements.cpp:396] [run_pull] Reading from stream was aborted!
[2026-04-17 12:27:00.206] [85101] [HailoRT] [info] [queue_elements.cpp:738] [run_in_thread] run_pull of queue element PullQEl_nms0yolov11n/conv80_143 was aborted!
[2026-04-17 12:27:00.206] [85097] [HailoRT] [info] [edge_elements.cpp:396] [run_pull] Reading from stream was aborted!
[2026-04-17 12:27:00.206] [85097] [HailoRT] [info] [queue_elements.cpp:738] [run_in_thread] run_pull of queue element PullQEl_nms12yolov11n/conv54_143 was aborted!
[2026-04-17 12:27:00.207] [85106] [HailoRT] [info] [queue_elements.cpp:319] [run_push] run_push of PushQEl8yolov11n/input_layer1 was aborted!
[2026-04-17 12:27:00.207] [85106] [HailoRT] [info] [filter_elements.cpp:35] [run_push] run_push of PreInferEl8yolov11n/input_layer1 was aborted!
[2026-04-17 12:27:00.207] [85106] [HailoRT] [info] [vstream.cpp:778] [write] Sending to VStream was aborted!
[2026-04-17 12:27:00.215] [84595] [HailoRT] [info] [queue_elements.cpp:360] [execute_deactivate] enqueue() in element PushQEl8yolov11n/input_layer1 was aborted, got status = HAILO_SHUTDOWN_EVENT_SIGNALED(57)
[2026-04-17 12:27:00.215] [85095] [HailoRT] [info] [queue_elements.cpp:68] [operator()] Thread in element PushQEl8yolov11n/input_layer1 is not running anymore, exiting..
[2026-04-17 12:27:00.215] [84595] [HailoRT] [info] [queue_elements.cpp:46] [~BaseQueueElement] Queue element PushQEl8yolov11n/input_layer1 has 1 frames in his Queue on destruction
[2026-04-17 12:27:00.216] [85102] [HailoRT] [info] [queue_elements.cpp:68] [operator()] Thread in element UserBufQEl_post_infer0yolov11n/yolov8_nms_postprocess is not running anymore, exiting..
[2026-04-17 12:27:00.216] [84595] [HailoRT] [info] [queue_elements.cpp:46] [~BaseQueueElement] Queue element UserBufQEl_post_infer0yolov11n/yolov8_nms_postprocess has 0 frames in his Queue on destruction
[2026-04-17 12:27:00.216] [85101] [HailoRT] [info] [queue_elements.cpp:68] [operator()] Thread in element PullQEl_nms0yolov11n/conv80_143 is not running anymore, exiting..
[2026-04-17 12:27:00.216] [84595] [HailoRT] [info] [queue_elements.cpp:46] [~BaseQueueElement] Queue element PullQEl_nms0yolov11n/conv80_143 has 0 frames in his Queue on destruction
[2026-04-17 12:27:00.216] [85100] [HailoRT] [info] [queue_elements.cpp:68] [operator()] Thread in element PullQEl_nms1yolov11n/conv77_143 is not running anymore, exiting..
[2026-04-17 12:27:00.216] [84595] [HailoRT] [info] [queue_elements.cpp:46] [~BaseQueueElement] Queue element PullQEl_nms1yolov11n/conv77_143 has 0 frames in his Queue on destruction
[2026-04-17 12:27:00.216] [85099] [HailoRT] [info] [queue_elements.cpp:68] [operator()] Thread in element PullQEl_nms13yolov11n/conv65_143 is not running anymore, exiting..
[2026-04-17 12:27:00.216] [84595] [HailoRT] [info] [queue_elements.cpp:46] [~BaseQueueElement] Queue element PullQEl_nms13yolov11n/conv65_143 has 0 frames in his Queue on destruction
[2026-04-17 12:27:00.216] [85098] [HailoRT] [info] [queue_elements.cpp:68] [operator()] Thread in element PullQEl_nms15yolov11n/conv62_143 is not running anymore, exiting..
[2026-04-17 12:27:00.216] [84595] [HailoRT] [info] [queue_elements.cpp:46] [~BaseQueueElement] Queue element PullQEl_nms15yolov11n/conv62_143 has 0 frames in his Queue on destruction
[2026-04-17 12:27:00.216] [85097] [HailoRT] [info] [queue_elements.cpp:68] [operator()] Thread in element PullQEl_nms12yolov11n/conv54_143 is not running anymore, exiting..
[2026-04-17 12:27:00.216] [84595] [HailoRT] [info] [queue_elements.cpp:46] [~BaseQueueElement] Queue element PullQEl_nms12yolov11n/conv54_143 has 0 frames in his Queue on destruction
[2026-04-17 12:27:00.216] [85096] [HailoRT] [info] [queue_elements.cpp:68] [operator()] Thread in element PullQEl_nms3yolov11n/conv51_143 is not running anymore, exiting..
[2026-04-17 12:27:00.216] [84595] [HailoRT] [info] [queue_elements.cpp:46] [~BaseQueueElement] Queue element PullQEl_nms3yolov11n/conv51_143 has 0 frames in his Queue on destruction
[2026-04-17 12:27:00.216] [84595] [HailoRT] [info] [core_op.cpp:186] [deactivate] Deactivating took 0.007426 ms
[2026-04-17 12:27:00.216] [84595] [HailoRT] [info] [core_op.cpp:186] [deactivate] Deactivating took 0.017574 ms
[2026-04-17 12:27:00.279] [84595] [HailoRT] [info] [vdevice.cpp:535] [create] Creating vdevice with params: device_count: 1, scheduling_algorithm: NONE, multi_process_service: false
[2026-04-17 12:27:00.280] [84595] [HailoRT] [info] [device.cpp:51] [Device] OS Version: Linux 6.12.75+rpt-rpi-2712 #1 SMP PREEMPT Debian 1:6.12.75-1+rpt1 (2026-03-11) aarch64
[2026-04-17 12:27:00.280] [84595] [HailoRT] [info] [control.cpp:113] [control__parse_identify_results] firmware_version is: 4.23.0
[2026-04-17 12:27:00.280] [84595] [HailoRT] [info] [vdevice.cpp:682] [create] VDevice Infos: 0001:01:00.0
[2026-04-17 12:27:00.289] [84595] [HailoRT] [warning] [buffer_requirements.cpp:131] [get_buffer_requirements_multiple_transfers] Desc page size value (1024) is not optimal for performance.
[2026-04-17 12:27:00.319] [84595] [HailoRT] [info] [internal_buffer_manager.cpp:77] [print_execution_results] Planned internal buffer memory: CMA=0 CMA-Desc=1507328 Pinned=64771072. memory to edge layer usage factor is 1
[2026-04-17 12:27:00.319] [84595] [HailoRT] [info] [internal_buffer_manager.cpp:86] [print_execution_results] Default Internal buffer planner executed successfully
[2026-04-17 12:27:00.449] [84595] [HailoRT] [info] [device_internal.cpp:57] [configure] Configuring HEF took 169.223446 milliseconds
[2026-04-17 12:27:00.450] [84595] [HailoRT] [info] [vdevice.cpp:780] [configure] Configuring HEF on VDevice took 169.590741 milliseconds
[2026-04-17 12:27:00.450] [84595] [HailoRT] [info] [control.cpp:113] [control__parse_identify_results] firmware_version is: 4.23.0
[2026-04-17 12:27:00.450] [84595] [HailoRT] [info] [control.cpp:113] [control__parse_identify_results] firmware_version is: 4.23.0
[2026-04-17 12:27:00.479] [84595] [HailoRT] [info] [core_op.cpp:156] [activate] Activating yolov11n took 29.166676 milliseconds. Note that the function is asynchronous and thus the network is not fully activated yet.
[2026-04-17 12:27:00.479] [84595] [HailoRT] [info] [core_op.cpp:156] [activate] Activating yolov11n took 29.190121 milliseconds. Note that the function is asynchronous and thus the network is not fully activated yet.
[2026-04-17 12:27:00.496] [84595] [HailoRT] [info] [control.cpp:113] [control__parse_identify_results] firmware_version is: 4.23.0
[2026-04-17 12:27:00.497] [84595] [HailoRT] [info] [control.cpp:113] [control__parse_identify_results] firmware_version is: 4.23.0
[2026-04-17 12:27:00.497] [84595] [HailoRT] [info] [edge_elements.cpp:52] [create] Created (HwWriteEl8yolov11n/input_layer1 | hw_frame_size: 1228800)
[2026-04-17 12:27:00.497] [84595] [HailoRT] [info] [queue_elements.cpp:284] [create] Created (PushQEl8yolov11n/input_layer1 | timeout: 10s)
[2026-04-17 12:27:00.497] [84595] [HailoRT] [info] [filter_elements.cpp:101] [create] Created (PreInferEl8yolov11n/input_layer1 | Reorder - src_order: NHWC, src_shape: (640, 640, 3), dst_order: NHCW, dst_shape: (640, 640, 3))
[2026-04-17 12:27:00.497] [84595] [HailoRT] [info] [vstream.cpp:754] [InputVStreamImpl] Creating yolov11n/input_layer1...
[2026-04-17 12:27:00.497] [84595] [HailoRT] [info] [vstream_builder.cpp:102] [create_inputs] Input pipeline 'yolov11n/input_layer1': (PreInferEl8yolov11n/input_layer1 | Reorder - src_order: NHWC, src_shape: (640, 640, 3), dst_order: NHCW, dst_shape: (640, 640, 3)) >> (PushQEl8yolov11n/input_layer1 | timeout: 10s) >> (HwWriteEl8yolov11n/input_layer1 | hw_frame_size: 1228800) >> HW
[2026-04-17 12:27:00.497] [84595] [HailoRT] [info] [multi_io_elements.cpp:135] [create] Created (NmsPPMuxEl0YOLOV8-Post-Process | Op YOLOV8, Name: YOLOV8-Post-Process, Score threshold: 0.200, IoU threshold: 0.70, Classes: 80, Max bboxes per class: 100, Image height: 640, Image width: 640)
[2026-04-17 12:27:00.497] [84595] [HailoRT] [info] [edge_elements.cpp:287] [create] Created (HwReadEl3yolov11n/conv51_143 | hw_frame_size: 409600)
[2026-04-17 12:27:00.497] [84595] [HailoRT] [info] [queue_elements.cpp:657] [create] Created (PullQEl_nms3yolov11n/conv51_143 | timeout: 10s)
[2026-04-17 12:27:00.497] [84595] [HailoRT] [info] [edge_elements.cpp:287] [create] Created (HwReadEl12yolov11n/conv54_143 | hw_frame_size: 512000)
[2026-04-17 12:27:00.497] [84595] [HailoRT] [info] [queue_elements.cpp:657] [create] Created (PullQEl_nms12yolov11n/conv54_143 | timeout: 10s)
[2026-04-17 12:27:00.497] [84595] [HailoRT] [info] [edge_elements.cpp:287] [create] Created (HwReadEl15yolov11n/conv62_143 | hw_frame_size: 102400)
[2026-04-17 12:27:00.497] [84595] [HailoRT] [info] [queue_elements.cpp:657] [create] Created (PullQEl_nms15yolov11n/conv62_143 | timeout: 10s)
[2026-04-17 12:27:00.497] [84595] [HailoRT] [info] [edge_elements.cpp:287] [create] Created (HwReadEl13yolov11n/conv65_143 | hw_frame_size: 128000)
[2026-04-17 12:27:00.497] [84595] [HailoRT] [info] [queue_elements.cpp:657] [create] Created (PullQEl_nms13yolov11n/conv65_143 | timeout: 10s)
[2026-04-17 12:27:00.497] [84595] [HailoRT] [info] [edge_elements.cpp:287] [create] Created (HwReadEl1yolov11n/conv77_143 | hw_frame_size: 30720)
[2026-04-17 12:27:00.497] [84595] [HailoRT] [info] [queue_elements.cpp:657] [create] Created (PullQEl_nms1yolov11n/conv77_143 | timeout: 10s)
[2026-04-17 12:27:00.497] [84595] [HailoRT] [info] [edge_elements.cpp:287] [create] Created (HwReadEl0yolov11n/conv80_143 | hw_frame_size: 38400)
[2026-04-17 12:27:00.497] [84595] [HailoRT] [info] [queue_elements.cpp:657] [create] Created (PullQEl_nms0yolov11n/conv80_143 | timeout: 10s)
[2026-04-17 12:27:00.497] [84595] [HailoRT] [info] [queue_elements.cpp:800] [create] Created (UserBufQEl_post_infer0yolov11n/yolov8_nms_postprocess | timeout: 10s)
[2026-04-17 12:27:00.497] [84595] [HailoRT] [info] [vstream.cpp:1114] [OutputVStreamImpl] Creating yolov11n/yolov8_nms_postprocess...
[2026-04-17 12:27:00.498] [84595] [HailoRT] [info] [vstream_builder.cpp:622] [create_output_post_process_nms] Output pipeline 'yolov11n/yolov8_nms_postprocess': HW >> (HwReadEl3yolov11n/conv51_143 | hw_frame_size: 409600) >> (PullQEl_nms3yolov11n/conv51_143) >> (HwReadEl12yolov11n/conv54_143 | hw_frame_size: 512000) >> (PullQEl_nms12yolov11n/conv54_143) >> (HwReadEl15yolov11n/conv62_143 | hw_frame_size: 102400) >> (PullQEl_nms15yolov11n/conv62_143) >> (HwReadEl13yolov11n/conv65_143 | hw_frame_size: 128000) >> (PullQEl_nms13yolov11n/conv65_143) >> (HwReadEl1yolov11n/conv77_143 | hw_frame_size: 30720) >> (PullQEl_nms1yolov11n/conv77_143) >> (HwReadEl0yolov11n/conv80_143 | hw_frame_size: 38400) >> (PullQEl_nms0yolov11n/conv80_143) >> (NmsPPMuxEl0YOLOV8-Post-Process | Op YOLOV8, Name: YOLOV8-Post-Process, Score threshold: 0.200, IoU threshold: 0.70, Classes: 80, Max bboxes per class: 100, Image height: 640, Image width: 640) >> (UserBufQEl_post_infer0yolov11n/yolov8_nms_postprocess | timeout: 10s)
[2026-04-17 12:28:00.498] [85623] [HailoRT] [info] [vdevice_native_stream.cpp:331] [read_impl] Failed read from stream HAILO_STREAM_ABORT(63) (device: 0001:01:00.0)
[2026-04-17 12:28:00.498] [85622] [HailoRT] [info] [vdevice_native_stream.cpp:331] [read_impl] Failed read from stream HAILO_STREAM_ABORT(63) (device: 0001:01:00.0)
[2026-04-17 12:28:00.498] [85622] [HailoRT] [info] [edge_elements.cpp:396] [run_pull] Reading from stream was aborted!
[2026-04-17 12:28:00.498] [85622] [HailoRT] [info] [queue_elements.cpp:738] [run_in_thread] run_pull of queue element PullQEl_nms3yolov11n/conv51_143 was aborted!
[2026-04-17 12:28:00.498] [85626] [HailoRT] [info] [vdevice_native_stream.cpp:331] [read_impl] Failed read from stream HAILO_STREAM_ABORT(63) (device: 0001:01:00.0)
[2026-04-17 12:28:00.498] [85626] [HailoRT] [info] [edge_elements.cpp:396] [run_pull] Reading from stream was aborted!
[2026-04-17 12:28:00.498] [85626] [HailoRT] [info] [queue_elements.cpp:738] [run_in_thread] run_pull of queue element PullQEl_nms1yolov11n/conv77_143 was aborted!
[2026-04-17 12:28:00.498] [85623] [HailoRT] [info] [edge_elements.cpp:396] [run_pull] Reading from stream was aborted!
[2026-04-17 12:28:00.498] [85623] [HailoRT] [info] [queue_elements.cpp:738] [run_in_thread] run_pull of queue element PullQEl_nms12yolov11n/conv54_143 was aborted!
[2026-04-17 12:28:00.498] [85625] [HailoRT] [info] [vdevice_native_stream.cpp:331] [read_impl] Failed read from stream HAILO_STREAM_ABORT(63) (device: 0001:01:00.0)
[2026-04-17 12:28:00.498] [85625] [HailoRT] [info] [edge_elements.cpp:396] [run_pull] Reading from stream was aborted!
[2026-04-17 12:28:00.498] [85625] [HailoRT] [info] [queue_elements.cpp:738] [run_in_thread] run_pull of queue element PullQEl_nms13yolov11n/conv65_143 was aborted!
[2026-04-17 12:28:00.498] [85627] [HailoRT] [info] [vdevice_native_stream.cpp:331] [read_impl] Failed read from stream HAILO_STREAM_ABORT(63) (device: 0001:01:00.0)
[2026-04-17 12:28:00.498] [85627] [HailoRT] [info] [edge_elements.cpp:396] [run_pull] Reading from stream was aborted!
[2026-04-17 12:28:00.498] [85627] [HailoRT] [info] [queue_elements.cpp:738] [run_in_thread] run_pull of queue element PullQEl_nms0yolov11n/conv80_143 was aborted!
[2026-04-17 12:28:00.498] [85624] [HailoRT] [info] [vdevice_native_stream.cpp:331] [read_impl] Failed read from stream HAILO_STREAM_ABORT(63) (device: 0001:01:00.0)
[2026-04-17 12:28:00.498] [85624] [HailoRT] [info] [edge_elements.cpp:396] [run_pull] Reading from stream was aborted!
[2026-04-17 12:28:00.498] [85624] [HailoRT] [info] [queue_elements.cpp:738] [run_in_thread] run_pull of queue element PullQEl_nms15yolov11n/conv62_143 was aborted!
[2026-04-17 12:28:00.498] [85631] [HailoRT] [info] [queue_elements.cpp:706] [run_pull] Shutdown event was signaled in dequeue of queue element PullQEl_nms3yolov11n/conv51_143!
[2026-04-17 12:28:00.498] [85631] [HailoRT] [info] [vstream.cpp:1138] [read] Receiving to VStream was shutdown!
[2026-04-17 12:28:00.500] [85621] [HailoRT] [info] [vdevice_native_stream.cpp:142] [write_impl] Failed write to stream yolov11n/input_layer1 (device: 0001:01:00.0) with status=HAILO_STREAM_ABORT(63)
[2026-04-17 12:28:00.500] [85621] [HailoRT] [info] [edge_elements.cpp:87] [run_push] Failed to send on input stream InputStream(index=8, name=yolov11n/input_layer1) because stream was aborted
[2026-04-17 12:28:00.500] [85621] [HailoRT] [info] [queue_elements.cpp:401] [run_in_thread] run_push of PushQEl8yolov11n/input_layer1 was aborted!
[2026-04-17 12:28:00.501] [85632] [HailoRT] [info] [queue_elements.cpp:319] [run_push] run_push of PushQEl8yolov11n/input_layer1 was aborted!
[2026-04-17 12:28:00.501] [85632] [HailoRT] [info] [filter_elements.cpp:35] [run_push] run_push of PreInferEl8yolov11n/input_layer1 was aborted!
[2026-04-17 12:28:00.501] [85632] [HailoRT] [info] [vstream.cpp:778] [write] Sending to VStream was aborted!
[2026-04-17 12:28:00.511] [84595] [HailoRT] [info] [queue_elements.cpp:360] [execute_deactivate] enqueue() in element PushQEl8yolov11n/input_layer1 was aborted, got status = HAILO_SHUTDOWN_EVENT_SIGNALED(57)
[2026-04-17 12:28:00.511] [85621] [HailoRT] [info] [queue_elements.cpp:68] [operator()] Thread in element PushQEl8yolov11n/input_layer1 is not running anymore, exiting..
[2026-04-17 12:28:00.511] [84595] [HailoRT] [info] [queue_elements.cpp:46] [~BaseQueueElement] Queue element PushQEl8yolov11n/input_layer1 has 0 frames in his Queue on destruction
[2026-04-17 12:28:00.511] [85628] [HailoRT] [info] [queue_elements.cpp:68] [operator()] Thread in element UserBufQEl_post_infer0yolov11n/yolov8_nms_postprocess is not running anymore, exiting..
[2026-04-17 12:28:00.511] [84595] [HailoRT] [info] [queue_elements.cpp:46] [~BaseQueueElement] Queue element UserBufQEl_post_infer0yolov11n/yolov8_nms_postprocess has 0 frames in his Queue on destruction
[2026-04-17 12:28:00.511] [85627] [HailoRT] [info] [queue_elements.cpp:68] [operator()] Thread in element PullQEl_nms0yolov11n/conv80_143 is not running anymore, exiting..
[2026-04-17 12:28:00.511] [84595] [HailoRT] [info] [queue_elements.cpp:46] [~BaseQueueElement] Queue element PullQEl_nms0yolov11n/conv80_143 has 1 frames in his Queue on destruction
[2026-04-17 12:28:00.511] [85626] [HailoRT] [info] [queue_elements.cpp:68] [operator()] Thread in element PullQEl_nms1yolov11n/conv77_143 is not running anymore, exiting..
[2026-04-17 12:28:00.511] [84595] [HailoRT] [info] [queue_elements.cpp:46] [~BaseQueueElement] Queue element PullQEl_nms1yolov11n/conv77_143 has 1 frames in his Queue on destruction
[2026-04-17 12:28:00.512] [85625] [HailoRT] [info] [queue_elements.cpp:68] [operator()] Thread in element PullQEl_nms13yolov11n/conv65_143 is not running anymore, exiting..
[2026-04-17 12:28:00.512] [84595] [HailoRT] [info] [queue_elements.cpp:46] [~BaseQueueElement] Queue element PullQEl_nms13yolov11n/conv65_143 has 1 frames in his Queue on destruction
[2026-04-17 12:28:00.512] [85624] [HailoRT] [info] [queue_elements.cpp:68] [operator()] Thread in element PullQEl_nms15yolov11n/conv62_143 is not running anymore, exiting..
[2026-04-17 12:28:00.512] [84595] [HailoRT] [info] [queue_elements.cpp:46] [~BaseQueueElement] Queue element PullQEl_nms15yolov11n/conv62_143 has 1 frames in his Queue on destruction
[2026-04-17 12:28:00.512] [85623] [HailoRT] [info] [queue_elements.cpp:68] [operator()] Thread in element PullQEl_nms12yolov11n/conv54_143 is not running anymore, exiting..
[2026-04-17 12:28:00.512] [84595] [HailoRT] [info] [queue_elements.cpp:46] [~BaseQueueElement] Queue element PullQEl_nms12yolov11n/conv54_143 has 1 frames in his Queue on destruction
[2026-04-17 12:28:00.512] [85622] [HailoRT] [info] [queue_elements.cpp:68] [operator()] Thread in element PullQEl_nms3yolov11n/conv51_143 is not running anymore, exiting..
[2026-04-17 12:28:00.512] [84595] [HailoRT] [info] [queue_elements.cpp:46] [~BaseQueueElement] Queue element PullQEl_nms3yolov11n/conv51_143 has 1 frames in his Queue on destruction
[2026-04-17 12:28:00.512] [84595] [HailoRT] [info] [core_op.cpp:186] [deactivate] Deactivating took 0.009 ms
[2026-04-17 12:28:00.512] [84595] [HailoRT] [info] [core_op.cpp:186] [deactivate] Deactivating took 0.019037 ms
[2026-04-17 12:28:10.845] [86155] [HailoRT] [info] [vdevice.cpp:535] [create] Creating vdevice with params: device_count: 1, scheduling_algorithm: NONE, multi_process_service: false
[2026-04-17 12:28:10.858] [86155] [HailoRT] [info] [device.cpp:51] [Device] OS Version: Linux 6.12.75+rpt-rpi-2712 #1 SMP PREEMPT Debian 1:6.12.75-1+rpt1 (2026-03-11) aarch64
[2026-04-17 12:28:10.859] [86155] [HailoRT] [info] [control.cpp:113] [control__parse_identify_results] firmware_version is: 4.23.0
[2026-04-17 12:28:10.859] [86155] [HailoRT] [info] [vdevice.cpp:682] [create] VDevice Infos: 0001:01:00.0
[2026-04-17 12:28:10.865] [86155] [HailoRT] [warning] [buffer_requirements.cpp:131] [get_buffer_requirements_multiple_transfers] Desc page size value (1024) is not optimal for performance.
[2026-04-17 12:28:10.895] [86155] [HailoRT] [info] [internal_buffer_manager.cpp:77] [print_execution_results] Planned internal buffer memory: CMA=0 CMA-Desc=1507328 Pinned=65948672. memory to edge layer usage factor is 1
[2026-04-17 12:28:10.895] [86155] [HailoRT] [info] [internal_buffer_manager.cpp:86] [print_execution_results] Default Internal buffer planner executed successfully
[2026-04-17 12:28:11.009] [86155] [HailoRT] [info] [device_internal.cpp:57] [configure] Configuring HEF took 150.067735 milliseconds
[2026-04-17 12:28:11.010] [86155] [HailoRT] [info] [vdevice.cpp:780] [configure] Configuring HEF on VDevice took 150.489104 milliseconds
[2026-04-17 12:28:11.010] [86155] [HailoRT] [info] [control.cpp:113] [control__parse_identify_results] firmware_version is: 4.23.0
[2026-04-17 12:28:11.010] [86155] [HailoRT] [info] [control.cpp:113] [control__parse_identify_results] firmware_version is: 4.23.0
[2026-04-17 12:28:11.046] [86155] [HailoRT] [info] [core_op.cpp:156] [activate] Activating yolov11n took 36.163985 milliseconds. Note that the function is asynchronous and thus the network is not fully activated yet.
[2026-04-17 12:28:11.046] [86155] [HailoRT] [info] [core_op.cpp:156] [activate] Activating yolov11n took 36.195188 milliseconds. Note that the function is asynchronous and thus the network is not fully activated yet.
[2026-04-17 12:28:11.059] [86155] [HailoRT] [info] [control.cpp:113] [control__parse_identify_results] firmware_version is: 4.23.0
[2026-04-17 12:28:11.060] [86155] [HailoRT] [info] [control.cpp:113] [control__parse_identify_results] firmware_version is: 4.23.0
[2026-04-17 12:28:12.281] [86147] [HailoRT] [info] [device.cpp:51] [Device] OS Version: Linux 6.12.75+rpt-rpi-2712 #1 SMP PREEMPT Debian 1:6.12.75-1+rpt1 (2026-03-11) aarch64
[2026-04-17 12:28:12.281] [86147] [HailoRT] [info] [control.cpp:113] [control__parse_identify_results] firmware_version is: 4.23.0
[2026-04-17 12:28:12.282] [86147] [HailoRT] [info] [control.cpp:113] [control__parse_identify_results] firmware_version is: 4.23.0
[2026-04-17 12:29:11.060] [86169] [HailoRT] [info] [vdevice_native_stream.cpp:331] [read_impl] Failed read from stream HAILO_STREAM_ABORT(63) (device: 0001:01:00.0)
[2026-04-17 12:29:11.060] [86170] [HailoRT] [info] [vdevice_native_stream.cpp:331] [read_impl] Failed read from stream HAILO_STREAM_ABORT(63) (device: 0001:01:00.0)
[2026-04-17 12:29:11.060] [86167] [HailoRT] [info] [vdevice_native_stream.cpp:331] [read_impl] Failed read from stream HAILO_STREAM_ABORT(63) (device: 0001:01:00.0)
[2026-04-17 12:29:11.060] [86171] [HailoRT] [info] [vdevice_native_stream.cpp:142] [write_impl] Failed write to stream yolov11n/input_layer1 (device: 0001:01:00.0) with status=HAILO_STREAM_ABORT(63)
[2026-04-17 12:29:11.061] [86168] [HailoRT] [info] [vdevice_native_stream.cpp:331] [read_impl] Failed read from stream HAILO_STREAM_ABORT(63) (device: 0001:01:00.0)
[2026-04-17 12:29:11.061] [86166] [HailoRT] [info] [vdevice_native_stream.cpp:331] [read_impl] Failed read from stream HAILO_STREAM_ABORT(63) (device: 0001:01:00.0)
[2026-04-17 12:29:11.061] [86165] [HailoRT] [info] [vdevice_native_stream.cpp:331] [read_impl] Failed read from stream HAILO_STREAM_ABORT(63) (device: 0001:01:00.0)
[2026-04-17 12:29:11.103] [86155] [HailoRT] [info] [core_op.cpp:186] [deactivate] Deactivating took 0.0065 ms
[2026-04-17 12:29:11.103] [86155] [HailoRT] [info] [core_op.cpp:186] [deactivate] Deactivating took 0.024463 ms
[2026-04-17 12:29:11.164] [86155] [HailoRT] [info] [vdevice.cpp:535] [create] Creating vdevice with params: device_count: 1, scheduling_algorithm: NONE, multi_process_service: false
[2026-04-17 12:29:11.165] [86155] [HailoRT] [info] [device.cpp:51] [Device] OS Version: Linux 6.12.75+rpt-rpi-2712 #1 SMP PREEMPT Debian 1:6.12.75-1+rpt1 (2026-03-11) aarch64
[2026-04-17 12:29:11.165] [86155] [HailoRT] [info] [control.cpp:113] [control__parse_identify_results] firmware_version is: 4.23.0
[2026-04-17 12:29:11.165] [86155] [HailoRT] [info] [vdevice.cpp:682] [create] VDevice Infos: 0001:01:00.0
[2026-04-17 12:29:11.171] [86155] [HailoRT] [warning] [buffer_requirements.cpp:131] [get_buffer_requirements_multiple_transfers] Desc page size value (1024) is not optimal for performance.
[2026-04-17 12:29:11.188] [86155] [HailoRT] [info] [internal_buffer_manager.cpp:77] [print_execution_results] Planned internal buffer memory: CMA=0 CMA-Desc=1507328 Pinned=65948672. memory to edge layer usage factor is 1
[2026-04-17 12:29:11.188] [86155] [HailoRT] [info] [internal_buffer_manager.cpp:86] [print_execution_results] Default Internal buffer planner executed successfully
[2026-04-17 12:29:11.315] [86155] [HailoRT] [info] [device_internal.cpp:57] [configure] Configuring HEF took 150.339308 milliseconds
[2026-04-17 12:29:11.316] [86155] [HailoRT] [info] [vdevice.cpp:780] [configure] Configuring HEF on VDevice took 150.705955 milliseconds
[2026-04-17 12:29:11.316] [86155] [HailoRT] [info] [control.cpp:113] [control__parse_identify_results] firmware_version is: 4.23.0
[2026-04-17 12:29:11.316] [86155] [HailoRT] [info] [control.cpp:113] [control__parse_identify_results] firmware_version is: 4.23.0
[2026-04-17 12:29:11.352] [86155] [HailoRT] [info] [core_op.cpp:156] [activate] Activating yolov11n took 35.927245 milliseconds. Note that the function is asynchronous and thus the network is not fully activated yet.
[2026-04-17 12:29:11.352] [86155] [HailoRT] [info] [core_op.cpp:156] [activate] Activating yolov11n took 35.951801 milliseconds. Note that the function is asynchronous and thus the network is not fully activated yet.
[2026-04-17 12:29:11.365] [86155] [HailoRT] [info] [control.cpp:113] [control__parse_identify_results] firmware_version is: 4.23.0
[2026-04-17 12:29:11.366] [86155] [HailoRT] [info] [control.cpp:113] [control__parse_identify_results] firmware_version is: 4.23.0
[2026-04-17 12:29:11.366] [86155] [HailoRT] [info] [edge_elements.cpp:52] [create] Created (HwWriteEl8yolov11n/input_layer1 | hw_frame_size: 1228800)
[2026-04-17 12:29:11.366] [86155] [HailoRT] [info] [queue_elements.cpp:284] [create] Created (PushQEl8yolov11n/input_layer1 | timeout: 10s)
[2026-04-17 12:29:11.366] [86155] [HailoRT] [info] [filter_elements.cpp:101] [create] Created (PreInferEl8yolov11n/input_layer1 | Reorder - src_order: NHWC, src_shape: (640, 640, 3), dst_order: NHCW, dst_shape: (640, 640, 3))
[2026-04-17 12:29:11.366] [86155] [HailoRT] [info] [vstream.cpp:754] [InputVStreamImpl] Creating yolov11n/input_layer1...
[2026-04-17 12:29:11.366] [86155] [HailoRT] [info] [vstream_builder.cpp:102] [create_inputs] Input pipeline 'yolov11n/input_layer1': (PreInferEl8yolov11n/input_layer1 | Reorder - src_order: NHWC, src_shape: (640, 640, 3), dst_order: NHCW, dst_shape: (640, 640, 3)) >> (PushQEl8yolov11n/input_layer1 | timeout: 10s) >> (HwWriteEl8yolov11n/input_layer1 | hw_frame_size: 1228800) >> HW
[2026-04-17 12:29:11.366] [86155] [HailoRT] [info] [multi_io_elements.cpp:135] [create] Created (NmsPPMuxEl0YOLOV8-Post-Process | Op YOLOV8, Name: YOLOV8-Post-Process, Score threshold: 0.200, IoU threshold: 0.70, Classes: 80, Max bboxes per class: 100, Image height: 640, Image width: 640)
[2026-04-17 12:29:11.366] [86155] [HailoRT] [info] [edge_elements.cpp:287] [create] Created (HwReadEl3yolov11n/conv51_143 | hw_frame_size: 409600)
[2026-04-17 12:29:11.366] [86155] [HailoRT] [info] [queue_elements.cpp:657] [create] Created (PullQEl_nms3yolov11n/conv51_143 | timeout: 10s)
[2026-04-17 12:29:11.366] [86155] [HailoRT] [info] [edge_elements.cpp:287] [create] Created (HwReadEl12yolov11n/conv54_143 | hw_frame_size: 512000)
[2026-04-17 12:29:11.366] [86155] [HailoRT] [info] [queue_elements.cpp:657] [create] Created (PullQEl_nms12yolov11n/conv54_143 | timeout: 10s)
[2026-04-17 12:29:11.366] [86155] [HailoRT] [info] [edge_elements.cpp:287] [create] Created (HwReadEl15yolov11n/conv62_143 | hw_frame_size: 102400)
[2026-04-17 12:29:11.366] [86155] [HailoRT] [info] [queue_elements.cpp:657] [create] Created (PullQEl_nms15yolov11n/conv62_143 | timeout: 10s)
[2026-04-17 12:29:11.366] [86155] [HailoRT] [info] [edge_elements.cpp:287] [create] Created (HwReadEl13yolov11n/conv65_143 | hw_frame_size: 128000)
[2026-04-17 12:29:11.366] [86155] [HailoRT] [info] [queue_elements.cpp:657] [create] Created (PullQEl_nms13yolov11n/conv65_143 | timeout: 10s)
[2026-04-17 12:29:11.366] [86155] [HailoRT] [info] [edge_elements.cpp:287] [create] Created (HwReadEl1yolov11n/conv77_143 | hw_frame_size: 30720)
[2026-04-17 12:29:11.366] [86155] [HailoRT] [info] [queue_elements.cpp:657] [create] Created (PullQEl_nms1yolov11n/conv77_143 | timeout: 10s)
[2026-04-17 12:29:11.366] [86155] [HailoRT] [info] [edge_elements.cpp:287] [create] Created (HwReadEl0yolov11n/conv80_143 | hw_frame_size: 38400)
[2026-04-17 12:29:11.366] [86155] [HailoRT] [info] [queue_elements.cpp:657] [create] Created (PullQEl_nms0yolov11n/conv80_143 | timeout: 10s)
[2026-04-17 12:29:11.367] [86155] [HailoRT] [info] [queue_elements.cpp:800] [create] Created (UserBufQEl_post_infer0yolov11n/yolov8_nms_postprocess | timeout: 10s)
[2026-04-17 12:29:11.367] [86155] [HailoRT] [info] [vstream.cpp:1114] [OutputVStreamImpl] Creating yolov11n/yolov8_nms_postprocess...
[2026-04-17 12:29:11.367] [86155] [HailoRT] [info] [vstream_builder.cpp:622] [create_output_post_process_nms] Output pipeline 'yolov11n/yolov8_nms_postprocess': HW >> (HwReadEl3yolov11n/conv51_143 | hw_frame_size: 409600) >> (PullQEl_nms3yolov11n/conv51_143) >> (HwReadEl12yolov11n/conv54_143 | hw_frame_size: 512000) >> (PullQEl_nms12yolov11n/conv54_143) >> (HwReadEl15yolov11n/conv62_143 | hw_frame_size: 102400) >> (PullQEl_nms15yolov11n/conv62_143) >> (HwReadEl13yolov11n/conv65_143 | hw_frame_size: 128000) >> (PullQEl_nms13yolov11n/conv65_143) >> (HwReadEl1yolov11n/conv77_143 | hw_frame_size: 30720) >> (PullQEl_nms1yolov11n/conv77_143) >> (HwReadEl0yolov11n/conv80_143 | hw_frame_size: 38400) >> (PullQEl_nms0yolov11n/conv80_143) >> (NmsPPMuxEl0YOLOV8-Post-Process | Op YOLOV8, Name: YOLOV8-Post-Process, Score threshold: 0.200, IoU threshold: 0.70, Classes: 80, Max bboxes per class: 100, Image height: 640, Image width: 640) >> (UserBufQEl_post_infer0yolov11n/yolov8_nms_postprocess | timeout: 10s)
[2026-04-17 12:30:11.367] [86662] [HailoRT] [info] [vdevice_native_stream.cpp:331] [read_impl] Failed read from stream HAILO_STREAM_ABORT(63) (device: 0001:01:00.0)
[2026-04-17 12:30:11.367] [86660] [HailoRT] [info] [vdevice_native_stream.cpp:331] [read_impl] Failed read from stream HAILO_STREAM_ABORT(63) (device: 0001:01:00.0)
[2026-04-17 12:30:11.367] [86660] [HailoRT] [info] [edge_elements.cpp:396] [run_pull] Reading from stream was aborted!
[2026-04-17 12:30:11.367] [86663] [HailoRT] [info] [vdevice_native_stream.cpp:331] [read_impl] Failed read from stream HAILO_STREAM_ABORT(63) (device: 0001:01:00.0)
[2026-04-17 12:30:11.367] [86663] [HailoRT] [info] [edge_elements.cpp:396] [run_pull] Reading from stream was aborted!
[2026-04-17 12:30:11.367] [86660] [HailoRT] [info] [queue_elements.cpp:738] [run_in_thread] run_pull of queue element PullQEl_nms12yolov11n/conv54_143 was aborted!
[2026-04-17 12:30:11.367] [86663] [HailoRT] [info] [queue_elements.cpp:738] [run_in_thread] run_pull of queue element PullQEl_nms1yolov11n/conv77_143 was aborted!
[2026-04-17 12:30:11.367] [86661] [HailoRT] [info] [vdevice_native_stream.cpp:331] [read_impl] Failed read from stream HAILO_STREAM_ABORT(63) (device: 0001:01:00.0)
[2026-04-17 12:30:11.367] [86661] [HailoRT] [info] [edge_elements.cpp:396] [run_pull] Reading from stream was aborted!
[2026-04-17 12:30:11.367] [86664] [HailoRT] [info] [vdevice_native_stream.cpp:331] [read_impl] Failed read from stream HAILO_STREAM_ABORT(63) (device: 0001:01:00.0)
[2026-04-17 12:30:11.367] [86664] [HailoRT] [info] [edge_elements.cpp:396] [run_pull] Reading from stream was aborted!
[2026-04-17 12:30:11.367] [86661] [HailoRT] [info] [queue_elements.cpp:738] [run_in_thread] run_pull of queue element PullQEl_nms15yolov11n/conv62_143 was aborted!
[2026-04-17 12:30:11.367] [86664] [HailoRT] [info] [queue_elements.cpp:738] [run_in_thread] run_pull of queue element PullQEl_nms0yolov11n/conv80_143 was aborted!
[2026-04-17 12:30:11.367] [86658] [HailoRT] [info] [vdevice_native_stream.cpp:142] [write_impl] Failed write to stream yolov11n/input_layer1 (device: 0001:01:00.0) with status=HAILO_STREAM_ABORT(63)
[2026-04-17 12:30:11.367] [86662] [HailoRT] [info] [edge_elements.cpp:396] [run_pull] Reading from stream was aborted!
[2026-04-17 12:30:11.367] [86658] [HailoRT] [info] [edge_elements.cpp:87] [run_push] Failed to send on input stream InputStream(index=8, name=yolov11n/input_layer1) because stream was aborted
[2026-04-17 12:30:11.367] [86662] [HailoRT] [info] [queue_elements.cpp:738] [run_in_thread] run_pull of queue element PullQEl_nms13yolov11n/conv65_143 was aborted!
[2026-04-17 12:30:11.367] [86658] [HailoRT] [info] [queue_elements.cpp:401] [run_in_thread] run_push of PushQEl8yolov11n/input_layer1 was aborted!
[2026-04-17 12:30:11.367] [86659] [HailoRT] [info] [vdevice_native_stream.cpp:331] [read_impl] Failed read from stream HAILO_STREAM_ABORT(63) (device: 0001:01:00.0)
[2026-04-17 12:30:11.367] [86659] [HailoRT] [info] [edge_elements.cpp:396] [run_pull] Reading from stream was aborted!
[2026-04-17 12:30:11.367] [86659] [HailoRT] [info] [queue_elements.cpp:738] [run_in_thread] run_pull of queue element PullQEl_nms3yolov11n/conv51_143 was aborted!
[2026-04-17 12:30:11.367] [86668] [HailoRT] [info] [queue_elements.cpp:706] [run_pull] Shutdown event was signaled in dequeue of queue element PullQEl_nms3yolov11n/conv51_143!
[2026-04-17 12:30:11.367] [86668] [HailoRT] [info] [vstream.cpp:1138] [read] Receiving to VStream was shutdown!
[2026-04-17 12:30:11.367] [86669] [HailoRT] [info] [vstream.cpp:774] [write] Sending to VStream was shutdown!
[2026-04-17 12:30:11.367] [86669] [HailoRT] [info] [vstream.cpp:778] [write] Sending to VStream was aborted!
[2026-04-17 12:30:11.410] [86155] [HailoRT] [info] [queue_elements.cpp:360] [execute_deactivate] enqueue() in element PushQEl8yolov11n/input_layer1 was aborted, got status = HAILO_SHUTDOWN_EVENT_SIGNALED(57)
[2026-04-17 12:30:11.410] [86658] [HailoRT] [info] [queue_elements.cpp:68] [operator()] Thread in element PushQEl8yolov11n/input_layer1 is not running anymore, exiting..
[2026-04-17 12:30:11.410] [86155] [HailoRT] [info] [queue_elements.cpp:46] [~BaseQueueElement] Queue element PushQEl8yolov11n/input_layer1 has 1 frames in his Queue on destruction
[2026-04-17 12:30:11.410] [86665] [HailoRT] [info] [queue_elements.cpp:68] [operator()] Thread in element UserBufQEl_post_infer0yolov11n/yolov8_nms_postprocess is not running anymore, exiting..
[2026-04-17 12:30:11.410] [86155] [HailoRT] [info] [queue_elements.cpp:46] [~BaseQueueElement] Queue element UserBufQEl_post_infer0yolov11n/yolov8_nms_postprocess has 0 frames in his Queue on destruction
[2026-04-17 12:30:11.410] [86664] [HailoRT] [info] [queue_elements.cpp:68] [operator()] Thread in element PullQEl_nms0yolov11n/conv80_143 is not running anymore, exiting..
[2026-04-17 12:30:11.410] [86155] [HailoRT] [info] [queue_elements.cpp:46] [~BaseQueueElement] Queue element PullQEl_nms0yolov11n/conv80_143 has 0 frames in his Queue on destruction
[2026-04-17 12:30:11.410] [86663] [HailoRT] [info] [queue_elements.cpp:68] [operator()] Thread in element PullQEl_nms1yolov11n/conv77_143 is not running anymore, exiting..
[2026-04-17 12:30:11.410] [86155] [HailoRT] [info] [queue_elements.cpp:46] [~BaseQueueElement] Queue element PullQEl_nms1yolov11n/conv77_143 has 0 frames in his Queue on destruction
[2026-04-17 12:30:11.410] [86662] [HailoRT] [info] [queue_elements.cpp:68] [operator()] Thread in element PullQEl_nms13yolov11n/conv65_143 is not running anymore, exiting..
[2026-04-17 12:30:11.410] [86155] [HailoRT] [info] [queue_elements.cpp:46] [~BaseQueueElement] Queue element PullQEl_nms13yolov11n/conv65_143 has 0 frames in his Queue on destruction
[2026-04-17 12:30:11.410] [86661] [HailoRT] [info] [queue_elements.cpp:68] [operator()] Thread in element PullQEl_nms15yolov11n/conv62_143 is not running anymore, exiting..
[2026-04-17 12:30:11.411] [86155] [HailoRT] [info] [queue_elements.cpp:46] [~BaseQueueElement] Queue element PullQEl_nms15yolov11n/conv62_143 has 0 frames in his Queue on destruction
[2026-04-17 12:30:11.411] [86660] [HailoRT] [info] [queue_elements.cpp:68] [operator()] Thread in element PullQEl_nms12yolov11n/conv54_143 is not running anymore, exiting..
[2026-04-17 12:30:11.411] [86155] [HailoRT] [info] [queue_elements.cpp:46] [~BaseQueueElement] Queue element PullQEl_nms12yolov11n/conv54_143 has 0 frames in his Queue on destruction
[2026-04-17 12:30:11.411] [86659] [HailoRT] [info] [queue_elements.cpp:68] [operator()] Thread in element PullQEl_nms3yolov11n/conv51_143 is not running anymore, exiting..
[2026-04-17 12:30:11.411] [86155] [HailoRT] [info] [queue_elements.cpp:46] [~BaseQueueElement] Queue element PullQEl_nms3yolov11n/conv51_143 has 0 frames in his Queue on destruction
[2026-04-17 12:30:11.411] [86155] [HailoRT] [info] [core_op.cpp:186] [deactivate] Deactivating took 0.009574 ms
[2026-04-17 12:30:11.411] [86155] [HailoRT] [info] [core_op.cpp:186] [deactivate] Deactivating took 0.030815 ms
[2026-04-17 12:30:11.475] [86155] [HailoRT] [info] [vdevice.cpp:535] [create] Creating vdevice with params: device_count: 1, scheduling_algorithm: NONE, multi_process_service: false
[2026-04-17 12:30:11.476] [86155] [HailoRT] [info] [device.cpp:51] [Device] OS Version: Linux 6.12.75+rpt-rpi-2712 #1 SMP PREEMPT Debian 1:6.12.75-1+rpt1 (2026-03-11) aarch64
[2026-04-17 12:30:11.476] [86155] [HailoRT] [info] [control.cpp:113] [control__parse_identify_results] firmware_version is: 4.23.0
[2026-04-17 12:30:11.476] [86155] [HailoRT] [info] [vdevice.cpp:682] [create] VDevice Infos: 0001:01:00.0
[2026-04-17 12:30:11.482] [86155] [HailoRT] [warning] [buffer_requirements.cpp:131] [get_buffer_requirements_multiple_transfers] Desc page size value (1024) is not optimal for performance.
[2026-04-17 12:30:11.508] [86155] [HailoRT] [info] [internal_buffer_manager.cpp:77] [print_execution_results] Planned internal buffer memory: CMA=0 CMA-Desc=1507328 Pinned=65948672. memory to edge layer usage factor is 1
[2026-04-17 12:30:11.509] [86155] [HailoRT] [info] [internal_buffer_manager.cpp:86] [print_execution_results] Default Internal buffer planner executed successfully
[2026-04-17 12:30:11.637] [86155] [HailoRT] [info] [device_internal.cpp:57] [configure] Configuring HEF took 160.805679 milliseconds
[2026-04-17 12:30:11.637] [86155] [HailoRT] [info] [vdevice.cpp:780] [configure] Configuring HEF on VDevice took 161.220011 milliseconds
[2026-04-17 12:30:11.638] [86155] [HailoRT] [info] [control.cpp:113] [control__parse_identify_results] firmware_version is: 4.23.0
[2026-04-17 12:30:11.638] [86155] [HailoRT] [info] [control.cpp:113] [control__parse_identify_results] firmware_version is: 4.23.0
[2026-04-17 12:30:11.670] [86155] [HailoRT] [info] [core_op.cpp:156] [activate] Activating yolov11n took 32.066944 milliseconds. Note that the function is asynchronous and thus the network is not fully activated yet.
[2026-04-17 12:30:11.670] [86155] [HailoRT] [info] [core_op.cpp:156] [activate] Activating yolov11n took 32.090814 milliseconds. Note that the function is asynchronous and thus the network is not fully activated yet.
[2026-04-17 12:30:11.683] [86155] [HailoRT] [info] [control.cpp:113] [control__parse_identify_results] firmware_version is: 4.23.0
[2026-04-17 12:30:11.683] [86155] [HailoRT] [info] [control.cpp:113] [control__parse_identify_results] firmware_version is: 4.23.0
[2026-04-17 12:30:11.683] [86155] [HailoRT] [info] [edge_elements.cpp:52] [create] Created (HwWriteEl8yolov11n/input_layer1 | hw_frame_size: 1228800)
[2026-04-17 12:30:11.684] [86155] [HailoRT] [info] [queue_elements.cpp:284] [create] Created (PushQEl8yolov11n/input_layer1 | timeout: 10s)
[2026-04-17 12:30:11.684] [86155] [HailoRT] [info] [filter_elements.cpp:101] [create] Created (PreInferEl8yolov11n/input_layer1 | Reorder - src_order: NHWC, src_shape: (640, 640, 3), dst_order: NHCW, dst_shape: (640, 640, 3))
[2026-04-17 12:30:11.684] [86155] [HailoRT] [info] [vstream.cpp:754] [InputVStreamImpl] Creating yolov11n/input_layer1...
[2026-04-17 12:30:11.684] [86155] [HailoRT] [info] [vstream_builder.cpp:102] [create_inputs] Input pipeline 'yolov11n/input_layer1': (PreInferEl8yolov11n/input_layer1 | Reorder - src_order: NHWC, src_shape: (640, 640, 3), dst_order: NHCW, dst_shape: (640, 640, 3)) >> (PushQEl8yolov11n/input_layer1 | timeout: 10s) >> (HwWriteEl8yolov11n/input_layer1 | hw_frame_size: 1228800) >> HW
[2026-04-17 12:30:11.684] [86155] [HailoRT] [info] [multi_io_elements.cpp:135] [create] Created (NmsPPMuxEl0YOLOV8-Post-Process | Op YOLOV8, Name: YOLOV8-Post-Process, Score threshold: 0.200, IoU threshold: 0.70, Classes: 80, Max bboxes per class: 100, Image height: 640, Image width: 640)
[2026-04-17 12:30:11.684] [86155] [HailoRT] [info] [edge_elements.cpp:287] [create] Created (HwReadEl3yolov11n/conv51_143 | hw_frame_size: 409600)
[2026-04-17 12:30:11.684] [86155] [HailoRT] [info] [queue_elements.cpp:657] [create] Created (PullQEl_nms3yolov11n/conv51_143 | timeout: 10s)
[2026-04-17 12:30:11.684] [86155] [HailoRT] [info] [edge_elements.cpp:287] [create] Created (HwReadEl12yolov11n/conv54_143 | hw_frame_size: 512000)
[2026-04-17 12:30:11.684] [86155] [HailoRT] [info] [queue_elements.cpp:657] [create] Created (PullQEl_nms12yolov11n/conv54_143 | timeout: 10s)
[2026-04-17 12:30:11.684] [86155] [HailoRT] [info] [edge_elements.cpp:287] [create] Created (HwReadEl15yolov11n/conv62_143 | hw_frame_size: 102400)
[2026-04-17 12:30:11.684] [86155] [HailoRT] [info] [queue_elements.cpp:657] [create] Created (PullQEl_nms15yolov11n/conv62_143 | timeout: 10s)
[2026-04-17 12:30:11.684] [86155] [HailoRT] [info] [edge_elements.cpp:287] [create] Created (HwReadEl13yolov11n/conv65_143 | hw_frame_size: 128000)
[2026-04-17 12:30:11.684] [86155] [HailoRT] [info] [queue_elements.cpp:657] [create] Created (PullQEl_nms13yolov11n/conv65_143 | timeout: 10s)
[2026-04-17 12:30:11.684] [86155] [HailoRT] [info] [edge_elements.cpp:287] [create] Created (HwReadEl1yolov11n/conv77_143 | hw_frame_size: 30720)
[2026-04-17 12:30:11.684] [86155] [HailoRT] [info] [queue_elements.cpp:657] [create] Created (PullQEl_nms1yolov11n/conv77_143 | timeout: 10s)
[2026-04-17 12:30:11.684] [86155] [HailoRT] [info] [edge_elements.cpp:287] [create] Created (HwReadEl0yolov11n/conv80_143 | hw_frame_size: 38400)
[2026-04-17 12:30:11.684] [86155] [HailoRT] [info] [queue_elements.cpp:657] [create] Created (PullQEl_nms0yolov11n/conv80_143 | timeout: 10s)
[2026-04-17 12:30:11.684] [86155] [HailoRT] [info] [queue_elements.cpp:800] [create] Created (UserBufQEl_post_infer0yolov11n/yolov8_nms_postprocess | timeout: 10s)
[2026-04-17 12:30:11.684] [86155] [HailoRT] [info] [vstream.cpp:1114] [OutputVStreamImpl] Creating yolov11n/yolov8_nms_postprocess...
[2026-04-17 12:30:11.684] [86155] [HailoRT] [info] [vstream_builder.cpp:622] [create_output_post_process_nms] Output pipeline 'yolov11n/yolov8_nms_postprocess': HW >> (HwReadEl3yolov11n/conv51_143 | hw_frame_size: 409600) >> (PullQEl_nms3yolov11n/conv51_143) >> (HwReadEl12yolov11n/conv54_143 | hw_frame_size: 512000) >> (PullQEl_nms12yolov11n/conv54_143) >> (HwReadEl15yolov11n/conv62_143 | hw_frame_size: 102400) >> (PullQEl_nms15yolov11n/conv62_143) >> (HwReadEl13yolov11n/conv65_143 | hw_frame_size: 128000) >> (PullQEl_nms13yolov11n/conv65_143) >> (HwReadEl1yolov11n/conv77_143 | hw_frame_size: 30720) >> (PullQEl_nms1yolov11n/conv77_143) >> (HwReadEl0yolov11n/conv80_143 | hw_frame_size: 38400) >> (PullQEl_nms0yolov11n/conv80_143) >> (NmsPPMuxEl0YOLOV8-Post-Process | Op YOLOV8, Name: YOLOV8-Post-Process, Score threshold: 0.200, IoU threshold: 0.70, Classes: 80, Max bboxes per class: 100, Image height: 640, Image width: 640) >> (UserBufQEl_post_infer0yolov11n/yolov8_nms_postprocess | timeout: 10s)
[2026-04-17 12:31:11.685] [87196] [HailoRT] [info] [vdevice_native_stream.cpp:331] [read_impl] Failed read from stream HAILO_STREAM_ABORT(63) (device: 0001:01:00.0)
[2026-04-17 12:31:11.685] [87195] [HailoRT] [info] [vdevice_native_stream.cpp:331] [read_impl] Failed read from stream HAILO_STREAM_ABORT(63) (device: 0001:01:00.0)
[2026-04-17 12:31:11.685] [87195] [HailoRT] [info] [edge_elements.cpp:396] [run_pull] Reading from stream was aborted!
[2026-04-17 12:31:11.685] [87196] [HailoRT] [info] [edge_elements.cpp:396] [run_pull] Reading from stream was aborted!
[2026-04-17 12:31:11.685] [87196] [HailoRT] [info] [queue_elements.cpp:738] [run_in_thread] run_pull of queue element PullQEl_nms12yolov11n/conv54_143 was aborted!
[2026-04-17 12:31:11.685] [87195] [HailoRT] [info] [queue_elements.cpp:738] [run_in_thread] run_pull of queue element PullQEl_nms3yolov11n/conv51_143 was aborted!
[2026-04-17 12:31:11.685] [87204] [HailoRT] [info] [queue_elements.cpp:706] [run_pull] Shutdown event was signaled in dequeue of queue element PullQEl_nms3yolov11n/conv51_143!
[2026-04-17 12:31:11.685] [87199] [HailoRT] [info] [vdevice_native_stream.cpp:331] [read_impl] Failed read from stream HAILO_STREAM_ABORT(63) (device: 0001:01:00.0)
[2026-04-17 12:31:11.685] [87199] [HailoRT] [info] [edge_elements.cpp:396] [run_pull] Reading from stream was aborted!
[2026-04-17 12:31:11.685] [87204] [HailoRT] [info] [vstream.cpp:1138] [read] Receiving to VStream was shutdown!
[2026-04-17 12:31:11.685] [87199] [HailoRT] [info] [queue_elements.cpp:738] [run_in_thread] run_pull of queue element PullQEl_nms1yolov11n/conv77_143 was aborted!
[2026-04-17 12:31:11.685] [87200] [HailoRT] [info] [vdevice_native_stream.cpp:331] [read_impl] Failed read from stream HAILO_STREAM_ABORT(63) (device: 0001:01:00.0)
[2026-04-17 12:31:11.685] [87200] [HailoRT] [info] [edge_elements.cpp:396] [run_pull] Reading from stream was aborted!
[2026-04-17 12:31:11.685] [87200] [HailoRT] [info] [queue_elements.cpp:738] [run_in_thread] run_pull of queue element PullQEl_nms0yolov11n/conv80_143 was aborted!
[2026-04-17 12:31:11.685] [87197] [HailoRT] [info] [vdevice_native_stream.cpp:331] [read_impl] Failed read from stream HAILO_STREAM_ABORT(63) (device: 0001:01:00.0)
[2026-04-17 12:31:11.685] [87197] [HailoRT] [info] [edge_elements.cpp:396] [run_pull] Reading from stream was aborted!
[2026-04-17 12:31:11.685] [87197] [HailoRT] [info] [queue_elements.cpp:738] [run_in_thread] run_pull of queue element PullQEl_nms15yolov11n/conv62_143 was aborted!
[2026-04-17 12:31:11.685] [87198] [HailoRT] [info] [vdevice_native_stream.cpp:331] [read_impl] Failed read from stream HAILO_STREAM_ABORT(63) (device: 0001:01:00.0)
[2026-04-17 12:31:11.685] [87198] [HailoRT] [info] [edge_elements.cpp:396] [run_pull] Reading from stream was aborted!
[2026-04-17 12:31:11.685] [87198] [HailoRT] [info] [queue_elements.cpp:738] [run_in_thread] run_pull of queue element PullQEl_nms13yolov11n/conv65_143 was aborted!
[2026-04-17 12:31:11.686] [87194] [HailoRT] [info] [vdevice_native_stream.cpp:142] [write_impl] Failed write to stream yolov11n/input_layer1 (device: 0001:01:00.0) with status=HAILO_STREAM_ABORT(63)
[2026-04-17 12:31:11.686] [87194] [HailoRT] [info] [edge_elements.cpp:87] [run_push] Failed to send on input stream InputStream(index=8, name=yolov11n/input_layer1) because stream was aborted
[2026-04-17 12:31:11.686] [87194] [HailoRT] [info] [queue_elements.cpp:401] [run_in_thread] run_push of PushQEl8yolov11n/input_layer1 was aborted!
[2026-04-17 12:31:11.687] [87205] [HailoRT] [info] [queue_elements.cpp:319] [run_push] run_push of PushQEl8yolov11n/input_layer1 was aborted!
[2026-04-17 12:31:11.687] [87205] [HailoRT] [info] [filter_elements.cpp:35] [run_push] run_push of PreInferEl8yolov11n/input_layer1 was aborted!
[2026-04-17 12:31:11.687] [87205] [HailoRT] [info] [vstream.cpp:778] [write] Sending to VStream was aborted!
[2026-04-17 12:31:11.694] [86155] [HailoRT] [info] [queue_elements.cpp:360] [execute_deactivate] enqueue() in element PushQEl8yolov11n/input_layer1 was aborted, got status = HAILO_SHUTDOWN_EVENT_SIGNALED(57)
[2026-04-17 12:31:11.694] [87194] [HailoRT] [info] [queue_elements.cpp:68] [operator()] Thread in element PushQEl8yolov11n/input_layer1 is not running anymore, exiting..
[2026-04-17 12:31:11.694] [86155] [HailoRT] [info] [queue_elements.cpp:46] [~BaseQueueElement] Queue element PushQEl8yolov11n/input_layer1 has 0 frames in his Queue on destruction
[2026-04-17 12:31:11.695] [87201] [HailoRT] [info] [queue_elements.cpp:68] [operator()] Thread in element UserBufQEl_post_infer0yolov11n/yolov8_nms_postprocess is not running anymore, exiting..
[2026-04-17 12:31:11.695] [86155] [HailoRT] [info] [queue_elements.cpp:46] [~BaseQueueElement] Queue element UserBufQEl_post_infer0yolov11n/yolov8_nms_postprocess has 0 frames in his Queue on destruction
[2026-04-17 12:31:11.695] [87200] [HailoRT] [info] [queue_elements.cpp:68] [operator()] Thread in element PullQEl_nms0yolov11n/conv80_143 is not running anymore, exiting..
[2026-04-17 12:31:11.695] [86155] [HailoRT] [info] [queue_elements.cpp:46] [~BaseQueueElement] Queue element PullQEl_nms0yolov11n/conv80_143 has 0 frames in his Queue on destruction
[2026-04-17 12:31:11.695] [87199] [HailoRT] [info] [queue_elements.cpp:68] [operator()] Thread in element PullQEl_nms1yolov11n/conv77_143 is not running anymore, exiting..
[2026-04-17 12:31:11.695] [86155] [HailoRT] [info] [queue_elements.cpp:46] [~BaseQueueElement] Queue element PullQEl_nms1yolov11n/conv77_143 has 0 frames in his Queue on destruction
[2026-04-17 12:31:11.695] [87198] [HailoRT] [info] [queue_elements.cpp:68] [operator()] Thread in element PullQEl_nms13yolov11n/conv65_143 is not running anymore, exiting..
[2026-04-17 12:31:11.695] [86155] [HailoRT] [info] [queue_elements.cpp:46] [~BaseQueueElement] Queue element PullQEl_nms13yolov11n/conv65_143 has 0 frames in his Queue on destruction
[2026-04-17 12:31:11.695] [87197] [HailoRT] [info] [queue_elements.cpp:68] [operator()] Thread in element PullQEl_nms15yolov11n/conv62_143 is not running anymore, exiting..
[2026-04-17 12:31:11.695] [86155] [HailoRT] [info] [queue_elements.cpp:46] [~BaseQueueElement] Queue element PullQEl_nms15yolov11n/conv62_143 has 0 frames in his Queue on destruction
[2026-04-17 12:31:11.695] [87196] [HailoRT] [info] [queue_elements.cpp:68] [operator()] Thread in element PullQEl_nms12yolov11n/conv54_143 is not running anymore, exiting..
[2026-04-17 12:31:11.695] [86155] [HailoRT] [info] [queue_elements.cpp:46] [~BaseQueueElement] Queue element PullQEl_nms12yolov11n/conv54_143 has 0 frames in his Queue on destruction
[2026-04-17 12:31:11.695] [87195] [HailoRT] [info] [queue_elements.cpp:68] [operator()] Thread in element PullQEl_nms3yolov11n/conv51_143 is not running anymore, exiting..
[2026-04-17 12:31:11.695] [86155] [HailoRT] [info] [queue_elements.cpp:46] [~BaseQueueElement] Queue element PullQEl_nms3yolov11n/conv51_143 has 0 frames in his Queue on destruction
[2026-04-17 12:31:11.695] [86155] [HailoRT] [info] [core_op.cpp:186] [deactivate] Deactivating took 0.00737 ms
[2026-04-17 12:31:11.695] [86155] [HailoRT] [info] [core_op.cpp:186] [deactivate] Deactivating took 0.015907 ms
[2026-04-17 12:31:22.053] [87722] [HailoRT] [info] [vdevice.cpp:535] [create] Creating vdevice with params: device_count: 1, scheduling_algorithm: NONE, multi_process_service: false
[2026-04-17 12:31:22.066] [87722] [HailoRT] [info] [device.cpp:51] [Device] OS Version: Linux 6.12.75+rpt-rpi-2712 #1 SMP PREEMPT Debian 1:6.12.75-1+rpt1 (2026-03-11) aarch64
[2026-04-17 12:31:22.066] [87722] [HailoRT] [info] [control.cpp:113] [control__parse_identify_results] firmware_version is: 4.23.0
[2026-04-17 12:31:22.066] [87722] [HailoRT] [info] [vdevice.cpp:682] [create] VDevice Infos: 0001:01:00.0
[2026-04-17 12:31:22.075] [87722] [HailoRT] [warning] [buffer_requirements.cpp:131] [get_buffer_requirements_multiple_transfers] Desc page size value (1024) is not optimal for performance.
[2026-04-17 12:31:22.103] [87722] [HailoRT] [info] [internal_buffer_manager.cpp:77] [print_execution_results] Planned internal buffer memory: CMA=0 CMA-Desc=1572864 Pinned=67126272. memory to edge layer usage factor is 1
[2026-04-17 12:31:22.103] [87722] [HailoRT] [info] [internal_buffer_manager.cpp:86] [print_execution_results] Default Internal buffer planner executed successfully
[2026-04-17 12:31:22.230] [87722] [HailoRT] [info] [device_internal.cpp:57] [configure] Configuring HEF took 162.948809 milliseconds
[2026-04-17 12:31:22.230] [87722] [HailoRT] [info] [vdevice.cpp:780] [configure] Configuring HEF on VDevice took 163.350199 milliseconds
[2026-04-17 12:31:22.230] [87722] [HailoRT] [info] [control.cpp:113] [control__parse_identify_results] firmware_version is: 4.23.0
[2026-04-17 12:31:22.231] [87722] [HailoRT] [info] [control.cpp:113] [control__parse_identify_results] firmware_version is: 4.23.0
[2026-04-17 12:31:22.268] [87722] [HailoRT] [info] [core_op.cpp:156] [activate] Activating yolov11n took 37.239251 milliseconds. Note that the function is asynchronous and thus the network is not fully activated yet.
[2026-04-17 12:31:22.268] [87722] [HailoRT] [info] [core_op.cpp:156] [activate] Activating yolov11n took 37.268844 milliseconds. Note that the function is asynchronous and thus the network is not fully activated yet.
[2026-04-17 12:31:22.281] [87722] [HailoRT] [info] [control.cpp:113] [control__parse_identify_results] firmware_version is: 4.23.0
[2026-04-17 12:31:22.282] [87722] [HailoRT] [info] [control.cpp:113] [control__parse_identify_results] firmware_version is: 4.23.0
[2026-04-17 12:31:23.557] [87714] [HailoRT] [info] [device.cpp:51] [Device] OS Version: Linux 6.12.75+rpt-rpi-2712 #1 SMP PREEMPT Debian 1:6.12.75-1+rpt1 (2026-03-11) aarch64
[2026-04-17 12:31:23.558] [87714] [HailoRT] [info] [control.cpp:113] [control__parse_identify_results] firmware_version is: 4.23.0
[2026-04-17 12:31:23.559] [87714] [HailoRT] [info] [control.cpp:113] [control__parse_identify_results] firmware_version is: 4.23.0
[2026-04-17 12:32:22.282] [87732] [HailoRT] [info] [vdevice_native_stream.cpp:331] [read_impl] Failed read from stream HAILO_STREAM_ABORT(63) (device: 0001:01:00.0)
[2026-04-17 12:32:22.282] [87735] [HailoRT] [info] [vdevice_native_stream.cpp:331] [read_impl] Failed read from stream HAILO_STREAM_ABORT(63) (device: 0001:01:00.0)
[2026-04-17 12:32:22.282] [87737] [HailoRT] [info] [vdevice_native_stream.cpp:142] [write_impl] Failed write to stream yolov11n/input_layer1 (device: 0001:01:00.0) with status=HAILO_STREAM_ABORT(63)
[2026-04-17 12:32:22.282] [87731] [HailoRT] [info] [vdevice_native_stream.cpp:331] [read_impl] Failed read from stream HAILO_STREAM_ABORT(63) (device: 0001:01:00.0)
[2026-04-17 12:32:22.282] [87733] [HailoRT] [info] [vdevice_native_stream.cpp:331] [read_impl] Failed read from stream HAILO_STREAM_ABORT(63) (device: 0001:01:00.0)
[2026-04-17 12:32:22.282] [87734] [HailoRT] [info] [vdevice_native_stream.cpp:331] [read_impl] Failed read from stream HAILO_STREAM_ABORT(63) (device: 0001:01:00.0)
[2026-04-17 12:32:22.282] [87736] [HailoRT] [info] [vdevice_native_stream.cpp:331] [read_impl] Failed read from stream HAILO_STREAM_ABORT(63) (device: 0001:01:00.0)
[2026-04-17 12:32:22.292] [87722] [HailoRT] [info] [core_op.cpp:186] [deactivate] Deactivating took 0.007667 ms
[2026-04-17 12:32:22.292] [87722] [HailoRT] [info] [core_op.cpp:186] [deactivate] Deactivating took 0.024741 ms
[2026-04-17 12:32:22.356] [87722] [HailoRT] [info] [vdevice.cpp:535] [create] Creating vdevice with params: device_count: 1, scheduling_algorithm: NONE, multi_process_service: false
[2026-04-17 12:32:22.357] [87722] [HailoRT] [info] [device.cpp:51] [Device] OS Version: Linux 6.12.75+rpt-rpi-2712 #1 SMP PREEMPT Debian 1:6.12.75-1+rpt1 (2026-03-11) aarch64
[2026-04-17 12:32:22.357] [87722] [HailoRT] [info] [control.cpp:113] [control__parse_identify_results] firmware_version is: 4.23.0
[2026-04-17 12:32:22.357] [87722] [HailoRT] [info] [vdevice.cpp:682] [create] VDevice Infos: 0001:01:00.0
[2026-04-17 12:32:22.363] [87722] [HailoRT] [warning] [buffer_requirements.cpp:131] [get_buffer_requirements_multiple_transfers] Desc page size value (1024) is not optimal for performance.
[2026-04-17 12:32:22.385] [87722] [HailoRT] [info] [internal_buffer_manager.cpp:77] [print_execution_results] Planned internal buffer memory: CMA=0 CMA-Desc=1572864 Pinned=67126272. memory to edge layer usage factor is 1
[2026-04-17 12:32:22.385] [87722] [HailoRT] [info] [internal_buffer_manager.cpp:86] [print_execution_results] Default Internal buffer planner executed successfully
[2026-04-17 12:32:22.511] [87722] [HailoRT] [info] [device_internal.cpp:57] [configure] Configuring HEF took 153.602993 milliseconds
[2026-04-17 12:32:22.511] [87722] [HailoRT] [info] [vdevice.cpp:780] [configure] Configuring HEF on VDevice took 153.983401 milliseconds
[2026-04-17 12:32:22.511] [87722] [HailoRT] [info] [control.cpp:113] [control__parse_identify_results] firmware_version is: 4.23.0
[2026-04-17 12:32:22.512] [87722] [HailoRT] [info] [control.cpp:113] [control__parse_identify_results] firmware_version is: 4.23.0
[2026-04-17 12:32:22.548] [87722] [HailoRT] [info] [core_op.cpp:156] [activate] Activating yolov11n took 36.049139 milliseconds. Note that the function is asynchronous and thus the network is not fully activated yet.
[2026-04-17 12:32:22.548] [87722] [HailoRT] [info] [core_op.cpp:156] [activate] Activating yolov11n took 36.072139 milliseconds. Note that the function is asynchronous and thus the network is not fully activated yet.
[2026-04-17 12:32:22.561] [87722] [HailoRT] [info] [control.cpp:113] [control__parse_identify_results] firmware_version is: 4.23.0
[2026-04-17 12:32:22.561] [87722] [HailoRT] [info] [control.cpp:113] [control__parse_identify_results] firmware_version is: 4.23.0
[2026-04-17 12:32:22.561] [87722] [HailoRT] [info] [edge_elements.cpp:52] [create] Created (HwWriteEl8yolov11n/input_layer1 | hw_frame_size: 1228800)
[2026-04-17 12:32:22.561] [87722] [HailoRT] [info] [queue_elements.cpp:284] [create] Created (PushQEl8yolov11n/input_layer1 | timeout: 10s)
[2026-04-17 12:32:22.561] [87722] [HailoRT] [info] [filter_elements.cpp:101] [create] Created (PreInferEl8yolov11n/input_layer1 | Reorder - src_order: NHWC, src_shape: (640, 640, 3), dst_order: NHCW, dst_shape: (640, 640, 3))
[2026-04-17 12:32:22.561] [87722] [HailoRT] [info] [vstream.cpp:754] [InputVStreamImpl] Creating yolov11n/input_layer1...
[2026-04-17 12:32:22.561] [87722] [HailoRT] [info] [vstream_builder.cpp:102] [create_inputs] Input pipeline 'yolov11n/input_layer1': (PreInferEl8yolov11n/input_layer1 | Reorder - src_order: NHWC, src_shape: (640, 640, 3), dst_order: NHCW, dst_shape: (640, 640, 3)) >> (PushQEl8yolov11n/input_layer1 | timeout: 10s) >> (HwWriteEl8yolov11n/input_layer1 | hw_frame_size: 1228800) >> HW
[2026-04-17 12:32:22.562] [87722] [HailoRT] [info] [multi_io_elements.cpp:135] [create] Created (NmsPPMuxEl0YOLOV8-Post-Process | Op YOLOV8, Name: YOLOV8-Post-Process, Score threshold: 0.200, IoU threshold: 0.70, Classes: 80, Max bboxes per class: 100, Image height: 640, Image width: 640)
[2026-04-17 12:32:22.562] [87722] [HailoRT] [info] [edge_elements.cpp:287] [create] Created (HwReadEl3yolov11n/conv51_143 | hw_frame_size: 409600)
[2026-04-17 12:32:22.562] [87722] [HailoRT] [info] [queue_elements.cpp:657] [create] Created (PullQEl_nms3yolov11n/conv51_143 | timeout: 10s)
[2026-04-17 12:32:22.562] [87722] [HailoRT] [info] [edge_elements.cpp:287] [create] Created (HwReadEl12yolov11n/conv54_143 | hw_frame_size: 512000)
[2026-04-17 12:32:22.562] [87722] [HailoRT] [info] [queue_elements.cpp:657] [create] Created (PullQEl_nms12yolov11n/conv54_143 | timeout: 10s)
[2026-04-17 12:32:22.562] [87722] [HailoRT] [info] [edge_elements.cpp:287] [create] Created (HwReadEl15yolov11n/conv62_143 | hw_frame_size: 102400)
[2026-04-17 12:32:22.562] [87722] [HailoRT] [info] [queue_elements.cpp:657] [create] Created (PullQEl_nms15yolov11n/conv62_143 | timeout: 10s)
[2026-04-17 12:32:22.562] [87722] [HailoRT] [info] [edge_elements.cpp:287] [create] Created (HwReadEl13yolov11n/conv65_143 | hw_frame_size: 128000)
[2026-04-17 12:32:22.562] [87722] [HailoRT] [info] [queue_elements.cpp:657] [create] Created (PullQEl_nms13yolov11n/conv65_143 | timeout: 10s)
[2026-04-17 12:32:22.562] [87722] [HailoRT] [info] [edge_elements.cpp:287] [create] Created (HwReadEl1yolov11n/conv77_143 | hw_frame_size: 30720)
[2026-04-17 12:32:22.562] [87722] [HailoRT] [info] [queue_elements.cpp:657] [create] Created (PullQEl_nms1yolov11n/conv77_143 | timeout: 10s)
[2026-04-17 12:32:22.562] [87722] [HailoRT] [info] [edge_elements.cpp:287] [create] Created (HwReadEl0yolov11n/conv80_143 | hw_frame_size: 38400)
[2026-04-17 12:32:22.562] [87722] [HailoRT] [info] [queue_elements.cpp:657] [create] Created (PullQEl_nms0yolov11n/conv80_143 | timeout: 10s)
[2026-04-17 12:32:22.562] [87722] [HailoRT] [info] [queue_elements.cpp:800] [create] Created (UserBufQEl_post_infer0yolov11n/yolov8_nms_postprocess | timeout: 10s)
[2026-04-17 12:32:22.562] [87722] [HailoRT] [info] [vstream.cpp:1114] [OutputVStreamImpl] Creating yolov11n/yolov8_nms_postprocess...
[2026-04-17 12:32:22.562] [87722] [HailoRT] [info] [vstream_builder.cpp:622] [create_output_post_process_nms] Output pipeline 'yolov11n/yolov8_nms_postprocess': HW >> (HwReadEl3yolov11n/conv51_143 | hw_frame_size: 409600) >> (PullQEl_nms3yolov11n/conv51_143) >> (HwReadEl12yolov11n/conv54_143 | hw_frame_size: 512000) >> (PullQEl_nms12yolov11n/conv54_143) >> (HwReadEl15yolov11n/conv62_143 | hw_frame_size: 102400) >> (PullQEl_nms15yolov11n/conv62_143) >> (HwReadEl13yolov11n/conv65_143 | hw_frame_size: 128000) >> (PullQEl_nms13yolov11n/conv65_143) >> (HwReadEl1yolov11n/conv77_143 | hw_frame_size: 30720) >> (PullQEl_nms1yolov11n/conv77_143) >> (HwReadEl0yolov11n/conv80_143 | hw_frame_size: 38400) >> (PullQEl_nms0yolov11n/conv80_143) >> (NmsPPMuxEl0YOLOV8-Post-Process | Op YOLOV8, Name: YOLOV8-Post-Process, Score threshold: 0.200, IoU threshold: 0.70, Classes: 80, Max bboxes per class: 100, Image height: 640, Image width: 640) >> (UserBufQEl_post_infer0yolov11n/yolov8_nms_postprocess | timeout: 10s)
[2026-04-17 12:33:22.562] [88223] [HailoRT] [info] [vdevice_native_stream.cpp:142] [write_impl] Failed write to stream yolov11n/input_layer1 (device: 0001:01:00.0) with status=HAILO_STREAM_ABORT(63)
[2026-04-17 12:33:22.562] [88227] [HailoRT] [info] [vdevice_native_stream.cpp:331] [read_impl] Failed read from stream HAILO_STREAM_ABORT(63) (device: 0001:01:00.0)
[2026-04-17 12:33:22.562] [88227] [HailoRT] [info] [edge_elements.cpp:396] [run_pull] Reading from stream was aborted!
[2026-04-17 12:33:22.562] [88223] [HailoRT] [info] [edge_elements.cpp:87] [run_push] Failed to send on input stream InputStream(index=8, name=yolov11n/input_layer1) because stream was aborted
[2026-04-17 12:33:22.562] [88223] [HailoRT] [info] [queue_elements.cpp:401] [run_in_thread] run_push of PushQEl8yolov11n/input_layer1 was aborted!
[2026-04-17 12:33:22.563] [88227] [HailoRT] [info] [queue_elements.cpp:738] [run_in_thread] run_pull of queue element PullQEl_nms13yolov11n/conv65_143 was aborted!
[2026-04-17 12:33:22.562] [88225] [HailoRT] [info] [vdevice_native_stream.cpp:331] [read_impl] Failed read from stream HAILO_STREAM_ABORT(63) (device: 0001:01:00.0)
[2026-04-17 12:33:22.563] [88225] [HailoRT] [info] [edge_elements.cpp:396] [run_pull] Reading from stream was aborted!
[2026-04-17 12:33:22.562] [88229] [HailoRT] [info] [vdevice_native_stream.cpp:331] [read_impl] Failed read from stream HAILO_STREAM_ABORT(63) (device: 0001:01:00.0)
[2026-04-17 12:33:22.563] [88229] [HailoRT] [info] [edge_elements.cpp:396] [run_pull] Reading from stream was aborted!
[2026-04-17 12:33:22.563] [88225] [HailoRT] [info] [queue_elements.cpp:738] [run_in_thread] run_pull of queue element PullQEl_nms12yolov11n/conv54_143 was aborted!
[2026-04-17 12:33:22.563] [88229] [HailoRT] [info] [queue_elements.cpp:738] [run_in_thread] run_pull of queue element PullQEl_nms0yolov11n/conv80_143 was aborted!
[2026-04-17 12:33:22.563] [88234] [HailoRT] [info] [queue_elements.cpp:319] [run_push] run_push of PushQEl8yolov11n/input_layer1 was aborted!
[2026-04-17 12:33:22.563] [88234] [HailoRT] [info] [filter_elements.cpp:35] [run_push] run_push of PreInferEl8yolov11n/input_layer1 was aborted!
[2026-04-17 12:33:22.563] [88234] [HailoRT] [info] [vstream.cpp:778] [write] Sending to VStream was aborted!
[2026-04-17 12:33:22.562] [88224] [HailoRT] [info] [vdevice_native_stream.cpp:331] [read_impl] Failed read from stream HAILO_STREAM_ABORT(63) (device: 0001:01:00.0)
[2026-04-17 12:33:22.563] [88224] [HailoRT] [info] [edge_elements.cpp:396] [run_pull] Reading from stream was aborted!
[2026-04-17 12:33:22.562] [88228] [HailoRT] [info] [vdevice_native_stream.cpp:331] [read_impl] Failed read from stream HAILO_STREAM_ABORT(63) (device: 0001:01:00.0)
[2026-04-17 12:33:22.563] [88228] [HailoRT] [info] [edge_elements.cpp:396] [run_pull] Reading from stream was aborted!
[2026-04-17 12:33:22.563] [88226] [HailoRT] [info] [vdevice_native_stream.cpp:331] [read_impl] Failed read from stream HAILO_STREAM_ABORT(63) (device: 0001:01:00.0)
[2026-04-17 12:33:22.563] [88226] [HailoRT] [info] [edge_elements.cpp:396] [run_pull] Reading from stream was aborted!
[2026-04-17 12:33:22.563] [88224] [HailoRT] [info] [queue_elements.cpp:738] [run_in_thread] run_pull of queue element PullQEl_nms3yolov11n/conv51_143 was aborted!
[2026-04-17 12:33:22.563] [88228] [HailoRT] [info] [queue_elements.cpp:738] [run_in_thread] run_pull of queue element PullQEl_nms1yolov11n/conv77_143 was aborted!
[2026-04-17 12:33:22.563] [88226] [HailoRT] [info] [queue_elements.cpp:738] [run_in_thread] run_pull of queue element PullQEl_nms15yolov11n/conv62_143 was aborted!
[2026-04-17 12:33:22.563] [88233] [HailoRT] [info] [queue_elements.cpp:706] [run_pull] Shutdown event was signaled in dequeue of queue element PullQEl_nms3yolov11n/conv51_143!
[2026-04-17 12:33:22.563] [88233] [HailoRT] [info] [vstream.cpp:1138] [read] Receiving to VStream was shutdown!
[2026-04-17 12:33:22.572] [87722] [HailoRT] [info] [queue_elements.cpp:360] [execute_deactivate] enqueue() in element PushQEl8yolov11n/input_layer1 was aborted, got status = HAILO_SHUTDOWN_EVENT_SIGNALED(57)
[2026-04-17 12:33:22.572] [88223] [HailoRT] [info] [queue_elements.cpp:68] [operator()] Thread in element PushQEl8yolov11n/input_layer1 is not running anymore, exiting..
[2026-04-17 12:33:22.572] [87722] [HailoRT] [info] [queue_elements.cpp:46] [~BaseQueueElement] Queue element PushQEl8yolov11n/input_layer1 has 0 frames in his Queue on destruction
[2026-04-17 12:33:22.572] [88230] [HailoRT] [info] [queue_elements.cpp:68] [operator()] Thread in element UserBufQEl_post_infer0yolov11n/yolov8_nms_postprocess is not running anymore, exiting..
[2026-04-17 12:33:22.572] [87722] [HailoRT] [info] [queue_elements.cpp:46] [~BaseQueueElement] Queue element UserBufQEl_post_infer0yolov11n/yolov8_nms_postprocess has 0 frames in his Queue on destruction
[2026-04-17 12:33:22.572] [88229] [HailoRT] [info] [queue_elements.cpp:68] [operator()] Thread in element PullQEl_nms0yolov11n/conv80_143 is not running anymore, exiting..
[2026-04-17 12:33:22.572] [87722] [HailoRT] [info] [queue_elements.cpp:46] [~BaseQueueElement] Queue element PullQEl_nms0yolov11n/conv80_143 has 0 frames in his Queue on destruction
[2026-04-17 12:33:22.572] [88228] [HailoRT] [info] [queue_elements.cpp:68] [operator()] Thread in element PullQEl_nms1yolov11n/conv77_143 is not running anymore, exiting..
[2026-04-17 12:33:22.572] [87722] [HailoRT] [info] [queue_elements.cpp:46] [~BaseQueueElement] Queue element PullQEl_nms1yolov11n/conv77_143 has 0 frames in his Queue on destruction
[2026-04-17 12:33:22.572] [88227] [HailoRT] [info] [queue_elements.cpp:68] [operator()] Thread in element PullQEl_nms13yolov11n/conv65_143 is not running anymore, exiting..
[2026-04-17 12:33:22.572] [87722] [HailoRT] [info] [queue_elements.cpp:46] [~BaseQueueElement] Queue element PullQEl_nms13yolov11n/conv65_143 has 0 frames in his Queue on destruction
[2026-04-17 12:33:22.572] [88226] [HailoRT] [info] [queue_elements.cpp:68] [operator()] Thread in element PullQEl_nms15yolov11n/conv62_143 is not running anymore, exiting..
[2026-04-17 12:33:22.572] [87722] [HailoRT] [info] [queue_elements.cpp:46] [~BaseQueueElement] Queue element PullQEl_nms15yolov11n/conv62_143 has 0 frames in his Queue on destruction
[2026-04-17 12:33:22.572] [88225] [HailoRT] [info] [queue_elements.cpp:68] [operator()] Thread in element PullQEl_nms12yolov11n/conv54_143 is not running anymore, exiting..
[2026-04-17 12:33:22.572] [87722] [HailoRT] [info] [queue_elements.cpp:46] [~BaseQueueElement] Queue element PullQEl_nms12yolov11n/conv54_143 has 0 frames in his Queue on destruction
[2026-04-17 12:33:22.572] [88224] [HailoRT] [info] [queue_elements.cpp:68] [operator()] Thread in element PullQEl_nms3yolov11n/conv51_143 is not running anymore, exiting..
[2026-04-17 12:33:22.572] [87722] [HailoRT] [info] [queue_elements.cpp:46] [~BaseQueueElement] Queue element PullQEl_nms3yolov11n/conv51_143 has 0 frames in his Queue on destruction
[2026-04-17 12:33:22.573] [87722] [HailoRT] [info] [core_op.cpp:186] [deactivate] Deactivating took 0.007186 ms
[2026-04-17 12:33:22.573] [87722] [HailoRT] [info] [core_op.cpp:186] [deactivate] Deactivating took 0.016482 ms
[2026-04-17 12:33:22.640] [87722] [HailoRT] [info] [vdevice.cpp:535] [create] Creating vdevice with params: device_count: 1, scheduling_algorithm: NONE, multi_process_service: false
[2026-04-17 12:33:22.640] [87722] [HailoRT] [info] [device.cpp:51] [Device] OS Version: Linux 6.12.75+rpt-rpi-2712 #1 SMP PREEMPT Debian 1:6.12.75-1+rpt1 (2026-03-11) aarch64
[2026-04-17 12:33:22.640] [87722] [HailoRT] [info] [control.cpp:113] [control__parse_identify_results] firmware_version is: 4.23.0
[2026-04-17 12:33:22.640] [87722] [HailoRT] [info] [vdevice.cpp:682] [create] VDevice Infos: 0001:01:00.0
[2026-04-17 12:33:22.646] [87722] [HailoRT] [warning] [buffer_requirements.cpp:131] [get_buffer_requirements_multiple_transfers] Desc page size value (1024) is not optimal for performance.
[2026-04-17 12:33:22.672] [87722] [HailoRT] [info] [internal_buffer_manager.cpp:77] [print_execution_results] Planned internal buffer memory: CMA=0 CMA-Desc=1572864 Pinned=67126272. memory to edge layer usage factor is 1
[2026-04-17 12:33:22.672] [87722] [HailoRT] [info] [internal_buffer_manager.cpp:86] [print_execution_results] Default Internal buffer planner executed successfully
[2026-04-17 12:33:22.796] [87722] [HailoRT] [info] [device_internal.cpp:57] [configure] Configuring HEF took 155.66339 milliseconds
[2026-04-17 12:33:22.797] [87722] [HailoRT] [info] [vdevice.cpp:780] [configure] Configuring HEF on VDevice took 156.029131 milliseconds
[2026-04-17 12:33:22.797] [87722] [HailoRT] [info] [control.cpp:113] [control__parse_identify_results] firmware_version is: 4.23.0
[2026-04-17 12:33:22.797] [87722] [HailoRT] [info] [control.cpp:113] [control__parse_identify_results] firmware_version is: 4.23.0
[2026-04-17 12:33:22.827] [87722] [HailoRT] [info] [core_op.cpp:156] [activate] Activating yolov11n took 29.966118 milliseconds. Note that the function is asynchronous and thus the network is not fully activated yet.
[2026-04-17 12:33:22.827] [87722] [HailoRT] [info] [core_op.cpp:156] [activate] Activating yolov11n took 29.987488 milliseconds. Note that the function is asynchronous and thus the network is not fully activated yet.
[2026-04-17 12:33:22.841] [87722] [HailoRT] [info] [control.cpp:113] [control__parse_identify_results] firmware_version is: 4.23.0
[2026-04-17 12:33:22.841] [87722] [HailoRT] [info] [control.cpp:113] [control__parse_identify_results] firmware_version is: 4.23.0
[2026-04-17 12:33:22.841] [87722] [HailoRT] [info] [edge_elements.cpp:52] [create] Created (HwWriteEl8yolov11n/input_layer1 | hw_frame_size: 1228800)
[2026-04-17 12:33:22.841] [87722] [HailoRT] [info] [queue_elements.cpp:284] [create] Created (PushQEl8yolov11n/input_layer1 | timeout: 10s)
[2026-04-17 12:33:22.841] [87722] [HailoRT] [info] [filter_elements.cpp:101] [create] Created (PreInferEl8yolov11n/input_layer1 | Reorder - src_order: NHWC, src_shape: (640, 640, 3), dst_order: NHCW, dst_shape: (640, 640, 3))
[2026-04-17 12:33:22.841] [87722] [HailoRT] [info] [vstream.cpp:754] [InputVStreamImpl] Creating yolov11n/input_layer1...
[2026-04-17 12:33:22.841] [87722] [HailoRT] [info] [vstream_builder.cpp:102] [create_inputs] Input pipeline 'yolov11n/input_layer1': (PreInferEl8yolov11n/input_layer1 | Reorder - src_order: NHWC, src_shape: (640, 640, 3), dst_order: NHCW, dst_shape: (640, 640, 3)) >> (PushQEl8yolov11n/input_layer1 | timeout: 10s) >> (HwWriteEl8yolov11n/input_layer1 | hw_frame_size: 1228800) >> HW
[2026-04-17 12:33:22.841] [87722] [HailoRT] [info] [multi_io_elements.cpp:135] [create] Created (NmsPPMuxEl0YOLOV8-Post-Process | Op YOLOV8, Name: YOLOV8-Post-Process, Score threshold: 0.200, IoU threshold: 0.70, Classes: 80, Max bboxes per class: 100, Image height: 640, Image width: 640)
[2026-04-17 12:33:22.841] [87722] [HailoRT] [info] [edge_elements.cpp:287] [create] Created (HwReadEl3yolov11n/conv51_143 | hw_frame_size: 409600)
[2026-04-17 12:33:22.841] [87722] [HailoRT] [info] [queue_elements.cpp:657] [create] Created (PullQEl_nms3yolov11n/conv51_143 | timeout: 10s)
[2026-04-17 12:33:22.841] [87722] [HailoRT] [info] [edge_elements.cpp:287] [create] Created (HwReadEl12yolov11n/conv54_143 | hw_frame_size: 512000)
[2026-04-17 12:33:22.841] [87722] [HailoRT] [info] [queue_elements.cpp:657] [create] Created (PullQEl_nms12yolov11n/conv54_143 | timeout: 10s)
[2026-04-17 12:33:22.841] [87722] [HailoRT] [info] [edge_elements.cpp:287] [create] Created (HwReadEl15yolov11n/conv62_143 | hw_frame_size: 102400)
[2026-04-17 12:33:22.842] [87722] [HailoRT] [info] [queue_elements.cpp:657] [create] Created (PullQEl_nms15yolov11n/conv62_143 | timeout: 10s)
[2026-04-17 12:33:22.842] [87722] [HailoRT] [info] [edge_elements.cpp:287] [create] Created (HwReadEl13yolov11n/conv65_143 | hw_frame_size: 128000)
[2026-04-17 12:33:22.842] [87722] [HailoRT] [info] [queue_elements.cpp:657] [create] Created (PullQEl_nms13yolov11n/conv65_143 | timeout: 10s)
[2026-04-17 12:33:22.842] [87722] [HailoRT] [info] [edge_elements.cpp:287] [create] Created (HwReadEl1yolov11n/conv77_143 | hw_frame_size: 30720)
[2026-04-17 12:33:22.842] [87722] [HailoRT] [info] [queue_elements.cpp:657] [create] Created (PullQEl_nms1yolov11n/conv77_143 | timeout: 10s)
[2026-04-17 12:33:22.842] [87722] [HailoRT] [info] [edge_elements.cpp:287] [create] Created (HwReadEl0yolov11n/conv80_143 | hw_frame_size: 38400)
[2026-04-17 12:33:22.842] [87722] [HailoRT] [info] [queue_elements.cpp:657] [create] Created (PullQEl_nms0yolov11n/conv80_143 | timeout: 10s)
[2026-04-17 12:33:22.842] [87722] [HailoRT] [info] [queue_elements.cpp:800] [create] Created (UserBufQEl_post_infer0yolov11n/yolov8_nms_postprocess | timeout: 10s)
[2026-04-17 12:33:22.842] [87722] [HailoRT] [info] [vstream.cpp:1114] [OutputVStreamImpl] Creating yolov11n/yolov8_nms_postprocess...
[2026-04-17 12:33:22.842] [87722] [HailoRT] [info] [vstream_builder.cpp:622] [create_output_post_process_nms] Output pipeline 'yolov11n/yolov8_nms_postprocess': HW >> (HwReadEl3yolov11n/conv51_143 | hw_frame_size: 409600) >> (PullQEl_nms3yolov11n/conv51_143) >> (HwReadEl12yolov11n/conv54_143 | hw_frame_size: 512000) >> (PullQEl_nms12yolov11n/conv54_143) >> (HwReadEl15yolov11n/conv62_143 | hw_frame_size: 102400) >> (PullQEl_nms15yolov11n/conv62_143) >> (HwReadEl13yolov11n/conv65_143 | hw_frame_size: 128000) >> (PullQEl_nms13yolov11n/conv65_143) >> (HwReadEl1yolov11n/conv77_143 | hw_frame_size: 30720) >> (PullQEl_nms1yolov11n/conv77_143) >> (HwReadEl0yolov11n/conv80_143 | hw_frame_size: 38400) >> (PullQEl_nms0yolov11n/conv80_143) >> (NmsPPMuxEl0YOLOV8-Post-Process | Op YOLOV8, Name: YOLOV8-Post-Process, Score threshold: 0.200, IoU threshold: 0.70, Classes: 80, Max bboxes per class: 100, Image height: 640, Image width: 640) >> (UserBufQEl_post_infer0yolov11n/yolov8_nms_postprocess | timeout: 10s)
[2026-04-17 12:34:22.842] [88745] [HailoRT] [info] [vdevice_native_stream.cpp:331] [read_impl] Failed read from stream HAILO_STREAM_ABORT(63) (device: 0001:01:00.0)
[2026-04-17 12:34:22.842] [88748] [HailoRT] [info] [vdevice_native_stream.cpp:331] [read_impl] Failed read from stream HAILO_STREAM_ABORT(63) (device: 0001:01:00.0)
[2026-04-17 12:34:22.842] [88748] [HailoRT] [info] [edge_elements.cpp:396] [run_pull] Reading from stream was aborted!
[2026-04-17 12:34:22.842] [88748] [HailoRT] [info] [queue_elements.cpp:738] [run_in_thread] run_pull of queue element PullQEl_nms1yolov11n/conv77_143 was aborted!
[2026-04-17 12:34:22.842] [88747] [HailoRT] [info] [vdevice_native_stream.cpp:331] [read_impl] Failed read from stream HAILO_STREAM_ABORT(63) (device: 0001:01:00.0)
[2026-04-17 12:34:22.842] [88747] [HailoRT] [info] [edge_elements.cpp:396] [run_pull] Reading from stream was aborted!
[2026-04-17 12:34:22.842] [88747] [HailoRT] [info] [queue_elements.cpp:738] [run_in_thread] run_pull of queue element PullQEl_nms13yolov11n/conv65_143 was aborted!
[2026-04-17 12:34:22.842] [88749] [HailoRT] [info] [vdevice_native_stream.cpp:331] [read_impl] Failed read from stream HAILO_STREAM_ABORT(63) (device: 0001:01:00.0)
[2026-04-17 12:34:22.842] [88749] [HailoRT] [info] [edge_elements.cpp:396] [run_pull] Reading from stream was aborted!
[2026-04-17 12:34:22.842] [88749] [HailoRT] [info] [queue_elements.cpp:738] [run_in_thread] run_pull of queue element PullQEl_nms0yolov11n/conv80_143 was aborted!
[2026-04-17 12:34:22.842] [88744] [HailoRT] [info] [vdevice_native_stream.cpp:331] [read_impl] Failed read from stream HAILO_STREAM_ABORT(63) (device: 0001:01:00.0)
[2026-04-17 12:34:22.842] [88744] [HailoRT] [info] [edge_elements.cpp:396] [run_pull] Reading from stream was aborted!
[2026-04-17 12:34:22.842] [88745] [HailoRT] [info] [edge_elements.cpp:396] [run_pull] Reading from stream was aborted!
[2026-04-17 12:34:22.842] [88744] [HailoRT] [info] [queue_elements.cpp:738] [run_in_thread] run_pull of queue element PullQEl_nms3yolov11n/conv51_143 was aborted!
[2026-04-17 12:34:22.842] [88745] [HailoRT] [info] [queue_elements.cpp:738] [run_in_thread] run_pull of queue element PullQEl_nms12yolov11n/conv54_143 was aborted!
[2026-04-17 12:34:22.842] [88746] [HailoRT] [info] [vdevice_native_stream.cpp:331] [read_impl] Failed read from stream HAILO_STREAM_ABORT(63) (device: 0001:01:00.0)
[2026-04-17 12:34:22.842] [88746] [HailoRT] [info] [edge_elements.cpp:396] [run_pull] Reading from stream was aborted!
[2026-04-17 12:34:22.842] [88746] [HailoRT] [info] [queue_elements.cpp:738] [run_in_thread] run_pull of queue element PullQEl_nms15yolov11n/conv62_143 was aborted!
[2026-04-17 12:34:22.843] [88753] [HailoRT] [info] [queue_elements.cpp:706] [run_pull] Shutdown event was signaled in dequeue of queue element PullQEl_nms3yolov11n/conv51_143!
[2026-04-17 12:34:22.843] [88753] [HailoRT] [info] [vstream.cpp:1138] [read] Receiving to VStream was shutdown!
[2026-04-17 12:34:22.844] [88742] [HailoRT] [info] [vdevice_native_stream.cpp:142] [write_impl] Failed write to stream yolov11n/input_layer1 (device: 0001:01:00.0) with status=HAILO_STREAM_ABORT(63)
[2026-04-17 12:34:22.844] [88742] [HailoRT] [info] [edge_elements.cpp:87] [run_push] Failed to send on input stream InputStream(index=8, name=yolov11n/input_layer1) because stream was aborted
[2026-04-17 12:34:22.844] [88742] [HailoRT] [info] [queue_elements.cpp:401] [run_in_thread] run_push of PushQEl8yolov11n/input_layer1 was aborted!
[2026-04-17 12:34:22.845] [88754] [HailoRT] [info] [queue_elements.cpp:319] [run_push] run_push of PushQEl8yolov11n/input_layer1 was aborted!
[2026-04-17 12:34:22.845] [88754] [HailoRT] [info] [filter_elements.cpp:35] [run_push] run_push of PreInferEl8yolov11n/input_layer1 was aborted!
[2026-04-17 12:34:22.845] [88754] [HailoRT] [info] [vstream.cpp:778] [write] Sending to VStream was aborted!
[2026-04-17 12:34:22.854] [87722] [HailoRT] [info] [queue_elements.cpp:360] [execute_deactivate] enqueue() in element PushQEl8yolov11n/input_layer1 was aborted, got status = HAILO_SHUTDOWN_EVENT_SIGNALED(57)
[2026-04-17 12:34:22.854] [88742] [HailoRT] [info] [queue_elements.cpp:68] [operator()] Thread in element PushQEl8yolov11n/input_layer1 is not running anymore, exiting..
[2026-04-17 12:34:22.854] [87722] [HailoRT] [info] [queue_elements.cpp:46] [~BaseQueueElement] Queue element PushQEl8yolov11n/input_layer1 has 0 frames in his Queue on destruction
[2026-04-17 12:34:22.854] [88750] [HailoRT] [info] [queue_elements.cpp:68] [operator()] Thread in element UserBufQEl_post_infer0yolov11n/yolov8_nms_postprocess is not running anymore, exiting..
[2026-04-17 12:34:22.854] [87722] [HailoRT] [info] [queue_elements.cpp:46] [~BaseQueueElement] Queue element UserBufQEl_post_infer0yolov11n/yolov8_nms_postprocess has 0 frames in his Queue on destruction
[2026-04-17 12:34:22.854] [88749] [HailoRT] [info] [queue_elements.cpp:68] [operator()] Thread in element PullQEl_nms0yolov11n/conv80_143 is not running anymore, exiting..
[2026-04-17 12:34:22.854] [87722] [HailoRT] [info] [queue_elements.cpp:46] [~BaseQueueElement] Queue element PullQEl_nms0yolov11n/conv80_143 has 0 frames in his Queue on destruction
[2026-04-17 12:34:22.854] [88748] [HailoRT] [info] [queue_elements.cpp:68] [operator()] Thread in element PullQEl_nms1yolov11n/conv77_143 is not running anymore, exiting..
[2026-04-17 12:34:22.854] [87722] [HailoRT] [info] [queue_elements.cpp:46] [~BaseQueueElement] Queue element PullQEl_nms1yolov11n/conv77_143 has 0 frames in his Queue on destruction
[2026-04-17 12:34:22.854] [88747] [HailoRT] [info] [queue_elements.cpp:68] [operator()] Thread in element PullQEl_nms13yolov11n/conv65_143 is not running anymore, exiting..
[2026-04-17 12:34:22.854] [87722] [HailoRT] [info] [queue_elements.cpp:46] [~BaseQueueElement] Queue element PullQEl_nms13yolov11n/conv65_143 has 0 frames in his Queue on destruction
[2026-04-17 12:34:22.854] [88746] [HailoRT] [info] [queue_elements.cpp:68] [operator()] Thread in element PullQEl_nms15yolov11n/conv62_143 is not running anymore, exiting..
[2026-04-17 12:34:22.854] [87722] [HailoRT] [info] [queue_elements.cpp:46] [~BaseQueueElement] Queue element PullQEl_nms15yolov11n/conv62_143 has 0 frames in his Queue on destruction
[2026-04-17 12:34:22.854] [88745] [HailoRT] [info] [queue_elements.cpp:68] [operator()] Thread in element PullQEl_nms12yolov11n/conv54_143 is not running anymore, exiting..
[2026-04-17 12:34:22.854] [87722] [HailoRT] [info] [queue_elements.cpp:46] [~BaseQueueElement] Queue element PullQEl_nms12yolov11n/conv54_143 has 0 frames in his Queue on destruction
[2026-04-17 12:34:22.854] [88744] [HailoRT] [info] [queue_elements.cpp:68] [operator()] Thread in element PullQEl_nms3yolov11n/conv51_143 is not running anymore, exiting..
[2026-04-17 12:34:22.854] [87722] [HailoRT] [info] [queue_elements.cpp:46] [~BaseQueueElement] Queue element PullQEl_nms3yolov11n/conv51_143 has 0 frames in his Queue on destruction
[2026-04-17 12:34:22.854] [87722] [HailoRT] [info] [core_op.cpp:186] [deactivate] Deactivating took 0.009426 ms
[2026-04-17 12:34:22.854] [87722] [HailoRT] [info] [core_op.cpp:186] [deactivate] Deactivating took 0.018371 ms
[2026-04-17 12:34:33.185] [89276] [HailoRT] [info] [vdevice.cpp:535] [create] Creating vdevice with params: device_count: 1, scheduling_algorithm: NONE, multi_process_service: false
[2026-04-17 12:34:33.198] [89276] [HailoRT] [info] [device.cpp:51] [Device] OS Version: Linux 6.12.75+rpt-rpi-2712 #1 SMP PREEMPT Debian 1:6.12.75-1+rpt1 (2026-03-11) aarch64
[2026-04-17 12:34:33.198] [89276] [HailoRT] [info] [control.cpp:113] [control__parse_identify_results] firmware_version is: 4.23.0
[2026-04-17 12:34:33.198] [89276] [HailoRT] [info] [vdevice.cpp:682] [create] VDevice Infos: 0001:01:00.0
[2026-04-17 12:34:33.206] [89276] [HailoRT] [warning] [buffer_requirements.cpp:131] [get_buffer_requirements_multiple_transfers] Desc page size value (1024) is not optimal for performance.
[2026-04-17 12:34:33.234] [89276] [HailoRT] [info] [internal_buffer_manager.cpp:77] [print_execution_results] Planned internal buffer memory: CMA=0 CMA-Desc=1572864 Pinned=68303872. memory to edge layer usage factor is 1
[2026-04-17 12:34:33.234] [89276] [HailoRT] [info] [internal_buffer_manager.cpp:86] [print_execution_results] Default Internal buffer planner executed successfully
[2026-04-17 12:34:33.359] [89276] [HailoRT] [info] [device_internal.cpp:57] [configure] Configuring HEF took 160.115265 milliseconds
[2026-04-17 12:34:33.359] [89276] [HailoRT] [info] [vdevice.cpp:780] [configure] Configuring HEF on VDevice took 160.528005 milliseconds
[2026-04-17 12:34:33.359] [89276] [HailoRT] [info] [control.cpp:113] [control__parse_identify_results] firmware_version is: 4.23.0
[2026-04-17 12:34:33.360] [89276] [HailoRT] [info] [control.cpp:113] [control__parse_identify_results] firmware_version is: 4.23.0
[2026-04-17 12:34:33.396] [89276] [HailoRT] [info] [core_op.cpp:156] [activate] Activating yolov11n took 36.239254 milliseconds. Note that the function is asynchronous and thus the network is not fully activated yet.
[2026-04-17 12:34:33.396] [89276] [HailoRT] [info] [core_op.cpp:156] [activate] Activating yolov11n took 36.268848 milliseconds. Note that the function is asynchronous and thus the network is not fully activated yet.
[2026-04-17 12:34:33.409] [89276] [HailoRT] [info] [control.cpp:113] [control__parse_identify_results] firmware_version is: 4.23.0
[2026-04-17 12:34:33.410] [89276] [HailoRT] [info] [control.cpp:113] [control__parse_identify_results] firmware_version is: 4.23.0
[2026-04-17 12:34:34.557] [89268] [HailoRT] [info] [device.cpp:51] [Device] OS Version: Linux 6.12.75+rpt-rpi-2712 #1 SMP PREEMPT Debian 1:6.12.75-1+rpt1 (2026-03-11) aarch64
[2026-04-17 12:34:34.558] [89268] [HailoRT] [info] [control.cpp:113] [control__parse_identify_results] firmware_version is: 4.23.0
[2026-04-17 12:34:34.558] [89268] [HailoRT] [info] [control.cpp:113] [control__parse_identify_results] firmware_version is: 4.23.0
[2026-04-17 12:35:33.410] [89289] [HailoRT] [info] [vdevice_native_stream.cpp:331] [read_impl] Failed read from stream HAILO_STREAM_ABORT(63) (device: 0001:01:00.0)
[2026-04-17 12:35:33.410] [89292] [HailoRT] [info] [vdevice_native_stream.cpp:142] [write_impl] Failed write to stream yolov11n/input_layer1 (device: 0001:01:00.0) with status=HAILO_STREAM_ABORT(63)
[2026-04-17 12:35:33.410] [89288] [HailoRT] [info] [vdevice_native_stream.cpp:331] [read_impl] Failed read from stream HAILO_STREAM_ABORT(63) (device: 0001:01:00.0)
[2026-04-17 12:35:33.411] [89290] [HailoRT] [info] [vdevice_native_stream.cpp:331] [read_impl] Failed read from stream HAILO_STREAM_ABORT(63) (device: 0001:01:00.0)
[2026-04-17 12:35:33.410] [89291] [HailoRT] [info] [vdevice_native_stream.cpp:331] [read_impl] Failed read from stream HAILO_STREAM_ABORT(63) (device: 0001:01:00.0)
[2026-04-17 12:35:33.410] [89287] [HailoRT] [info] [vdevice_native_stream.cpp:331] [read_impl] Failed read from stream HAILO_STREAM_ABORT(63) (device: 0001:01:00.0)
[2026-04-17 12:35:33.410] [89286] [HailoRT] [info] [vdevice_native_stream.cpp:331] [read_impl] Failed read from stream HAILO_STREAM_ABORT(63) (device: 0001:01:00.0)
[2026-04-17 12:35:33.446] [89276] [HailoRT] [info] [core_op.cpp:186] [deactivate] Deactivating took 0.007908 ms
[2026-04-17 12:35:33.446] [89276] [HailoRT] [info] [core_op.cpp:186] [deactivate] Deactivating took 0.032371 ms
[2026-04-17 12:35:33.512] [89276] [HailoRT] [info] [vdevice.cpp:535] [create] Creating vdevice with params: device_count: 1, scheduling_algorithm: NONE, multi_process_service: false
[2026-04-17 12:35:33.513] [89276] [HailoRT] [info] [device.cpp:51] [Device] OS Version: Linux 6.12.75+rpt-rpi-2712 #1 SMP PREEMPT Debian 1:6.12.75-1+rpt1 (2026-03-11) aarch64
[2026-04-17 12:35:33.513] [89276] [HailoRT] [info] [control.cpp:113] [control__parse_identify_results] firmware_version is: 4.23.0
[2026-04-17 12:35:33.513] [89276] [HailoRT] [info] [vdevice.cpp:682] [create] VDevice Infos: 0001:01:00.0
[2026-04-17 12:35:33.519] [89276] [HailoRT] [warning] [buffer_requirements.cpp:131] [get_buffer_requirements_multiple_transfers] Desc page size value (1024) is not optimal for performance.
[2026-04-17 12:35:33.548] [89276] [HailoRT] [info] [internal_buffer_manager.cpp:77] [print_execution_results] Planned internal buffer memory: CMA=0 CMA-Desc=1572864 Pinned=68303872. memory to edge layer usage factor is 1
[2026-04-17 12:35:33.548] [89276] [HailoRT] [info] [internal_buffer_manager.cpp:86] [print_execution_results] Default Internal buffer planner executed successfully
[2026-04-17 12:35:33.685] [89276] [HailoRT] [info] [device_internal.cpp:57] [configure] Configuring HEF took 172.110266 milliseconds
[2026-04-17 12:35:33.686] [89276] [HailoRT] [info] [vdevice.cpp:780] [configure] Configuring HEF on VDevice took 172.491432 milliseconds
[2026-04-17 12:35:33.686] [89276] [HailoRT] [info] [control.cpp:113] [control__parse_identify_results] firmware_version is: 4.23.0
[2026-04-17 12:35:33.686] [89276] [HailoRT] [info] [control.cpp:113] [control__parse_identify_results] firmware_version is: 4.23.0
[2026-04-17 12:35:33.722] [89276] [HailoRT] [info] [core_op.cpp:156] [activate] Activating yolov11n took 36.190113 milliseconds. Note that the function is asynchronous and thus the network is not fully activated yet.
[2026-04-17 12:35:33.722] [89276] [HailoRT] [info] [core_op.cpp:156] [activate] Activating yolov11n took 36.21589 milliseconds. Note that the function is asynchronous and thus the network is not fully activated yet.
[2026-04-17 12:35:33.736] [89276] [HailoRT] [info] [control.cpp:113] [control__parse_identify_results] firmware_version is: 4.23.0
[2026-04-17 12:35:33.736] [89276] [HailoRT] [info] [control.cpp:113] [control__parse_identify_results] firmware_version is: 4.23.0
[2026-04-17 12:35:33.736] [89276] [HailoRT] [info] [edge_elements.cpp:52] [create] Created (HwWriteEl8yolov11n/input_layer1 | hw_frame_size: 1228800)
[2026-04-17 12:35:33.736] [89276] [HailoRT] [info] [queue_elements.cpp:284] [create] Created (PushQEl8yolov11n/input_layer1 | timeout: 10s)
[2026-04-17 12:35:33.736] [89276] [HailoRT] [info] [filter_elements.cpp:101] [create] Created (PreInferEl8yolov11n/input_layer1 | Reorder - src_order: NHWC, src_shape: (640, 640, 3), dst_order: NHCW, dst_shape: (640, 640, 3))
[2026-04-17 12:35:33.736] [89276] [HailoRT] [info] [vstream.cpp:754] [InputVStreamImpl] Creating yolov11n/input_layer1...
[2026-04-17 12:35:33.736] [89276] [HailoRT] [info] [vstream_builder.cpp:102] [create_inputs] Input pipeline 'yolov11n/input_layer1': (PreInferEl8yolov11n/input_layer1 | Reorder - src_order: NHWC, src_shape: (640, 640, 3), dst_order: NHCW, dst_shape: (640, 640, 3)) >> (PushQEl8yolov11n/input_layer1 | timeout: 10s) >> (HwWriteEl8yolov11n/input_layer1 | hw_frame_size: 1228800) >> HW
[2026-04-17 12:35:33.736] [89276] [HailoRT] [info] [multi_io_elements.cpp:135] [create] Created (NmsPPMuxEl0YOLOV8-Post-Process | Op YOLOV8, Name: YOLOV8-Post-Process, Score threshold: 0.200, IoU threshold: 0.70, Classes: 80, Max bboxes per class: 100, Image height: 640, Image width: 640)
[2026-04-17 12:35:33.736] [89276] [HailoRT] [info] [edge_elements.cpp:287] [create] Created (HwReadEl3yolov11n/conv51_143 | hw_frame_size: 409600)
[2026-04-17 12:35:33.736] [89276] [HailoRT] [info] [queue_elements.cpp:657] [create] Created (PullQEl_nms3yolov11n/conv51_143 | timeout: 10s)
[2026-04-17 12:35:33.736] [89276] [HailoRT] [info] [edge_elements.cpp:287] [create] Created (HwReadEl12yolov11n/conv54_143 | hw_frame_size: 512000)
[2026-04-17 12:35:33.736] [89276] [HailoRT] [info] [queue_elements.cpp:657] [create] Created (PullQEl_nms12yolov11n/conv54_143 | timeout: 10s)
[2026-04-17 12:35:33.736] [89276] [HailoRT] [info] [edge_elements.cpp:287] [create] Created (HwReadEl15yolov11n/conv62_143 | hw_frame_size: 102400)
[2026-04-17 12:35:33.736] [89276] [HailoRT] [info] [queue_elements.cpp:657] [create] Created (PullQEl_nms15yolov11n/conv62_143 | timeout: 10s)
[2026-04-17 12:35:33.736] [89276] [HailoRT] [info] [edge_elements.cpp:287] [create] Created (HwReadEl13yolov11n/conv65_143 | hw_frame_size: 128000)
[2026-04-17 12:35:33.737] [89276] [HailoRT] [info] [queue_elements.cpp:657] [create] Created (PullQEl_nms13yolov11n/conv65_143 | timeout: 10s)
[2026-04-17 12:35:33.737] [89276] [HailoRT] [info] [edge_elements.cpp:287] [create] Created (HwReadEl1yolov11n/conv77_143 | hw_frame_size: 30720)
[2026-04-17 12:35:33.737] [89276] [HailoRT] [info] [queue_elements.cpp:657] [create] Created (PullQEl_nms1yolov11n/conv77_143 | timeout: 10s)
[2026-04-17 12:35:33.737] [89276] [HailoRT] [info] [edge_elements.cpp:287] [create] Created (HwReadEl0yolov11n/conv80_143 | hw_frame_size: 38400)
[2026-04-17 12:35:33.737] [89276] [HailoRT] [info] [queue_elements.cpp:657] [create] Created (PullQEl_nms0yolov11n/conv80_143 | timeout: 10s)
[2026-04-17 12:35:33.737] [89276] [HailoRT] [info] [queue_elements.cpp:800] [create] Created (UserBufQEl_post_infer0yolov11n/yolov8_nms_postprocess | timeout: 10s)
[2026-04-17 12:35:33.737] [89276] [HailoRT] [info] [vstream.cpp:1114] [OutputVStreamImpl] Creating yolov11n/yolov8_nms_postprocess...
[2026-04-17 12:35:33.737] [89276] [HailoRT] [info] [vstream_builder.cpp:622] [create_output_post_process_nms] Output pipeline 'yolov11n/yolov8_nms_postprocess': HW >> (HwReadEl3yolov11n/conv51_143 | hw_frame_size: 409600) >> (PullQEl_nms3yolov11n/conv51_143) >> (HwReadEl12yolov11n/conv54_143 | hw_frame_size: 512000) >> (PullQEl_nms12yolov11n/conv54_143) >> (HwReadEl15yolov11n/conv62_143 | hw_frame_size: 102400) >> (PullQEl_nms15yolov11n/conv62_143) >> (HwReadEl13yolov11n/conv65_143 | hw_frame_size: 128000) >> (PullQEl_nms13yolov11n/conv65_143) >> (HwReadEl1yolov11n/conv77_143 | hw_frame_size: 30720) >> (PullQEl_nms1yolov11n/conv77_143) >> (HwReadEl0yolov11n/conv80_143 | hw_frame_size: 38400) >> (PullQEl_nms0yolov11n/conv80_143) >> (NmsPPMuxEl0YOLOV8-Post-Process | Op YOLOV8, Name: YOLOV8-Post-Process, Score threshold: 0.200, IoU threshold: 0.70, Classes: 80, Max bboxes per class: 100, Image height: 640, Image width: 640) >> (UserBufQEl_post_infer0yolov11n/yolov8_nms_postprocess | timeout: 10s)
[2026-04-17 12:36:33.737] [89810] [HailoRT] [info] [vdevice_native_stream.cpp:331] [read_impl] Failed read from stream HAILO_STREAM_ABORT(63) (device: 0001:01:00.0)
[2026-04-17 12:36:33.737] [89810] [HailoRT] [info] [edge_elements.cpp:396] [run_pull] Reading from stream was aborted!
[2026-04-17 12:36:33.737] [89810] [HailoRT] [info] [queue_elements.cpp:738] [run_in_thread] run_pull of queue element PullQEl_nms12yolov11n/conv54_143 was aborted!
[2026-04-17 12:36:33.737] [89812] [HailoRT] [info] [vdevice_native_stream.cpp:331] [read_impl] Failed read from stream HAILO_STREAM_ABORT(63) (device: 0001:01:00.0)
[2026-04-17 12:36:33.737] [89812] [HailoRT] [info] [edge_elements.cpp:396] [run_pull] Reading from stream was aborted!
[2026-04-17 12:36:33.737] [89811] [HailoRT] [info] [vdevice_native_stream.cpp:331] [read_impl] Failed read from stream HAILO_STREAM_ABORT(63) (device: 0001:01:00.0)
[2026-04-17 12:36:33.737] [89811] [HailoRT] [info] [edge_elements.cpp:396] [run_pull] Reading from stream was aborted!
[2026-04-17 12:36:33.737] [89814] [HailoRT] [info] [vdevice_native_stream.cpp:331] [read_impl] Failed read from stream HAILO_STREAM_ABORT(63) (device: 0001:01:00.0)
[2026-04-17 12:36:33.737] [89814] [HailoRT] [info] [edge_elements.cpp:396] [run_pull] Reading from stream was aborted!
[2026-04-17 12:36:33.737] [89811] [HailoRT] [info] [queue_elements.cpp:738] [run_in_thread] run_pull of queue element PullQEl_nms15yolov11n/conv62_143 was aborted!
[2026-04-17 12:36:33.737] [89814] [HailoRT] [info] [queue_elements.cpp:738] [run_in_thread] run_pull of queue element PullQEl_nms0yolov11n/conv80_143 was aborted!
[2026-04-17 12:36:33.737] [89809] [HailoRT] [info] [vdevice_native_stream.cpp:331] [read_impl] Failed read from stream HAILO_STREAM_ABORT(63) (device: 0001:01:00.0)
[2026-04-17 12:36:33.737] [89809] [HailoRT] [info] [edge_elements.cpp:396] [run_pull] Reading from stream was aborted!
[2026-04-17 12:36:33.737] [89809] [HailoRT] [info] [queue_elements.cpp:738] [run_in_thread] run_pull of queue element PullQEl_nms3yolov11n/conv51_143 was aborted!
[2026-04-17 12:36:33.737] [89812] [HailoRT] [info] [queue_elements.cpp:738] [run_in_thread] run_pull of queue element PullQEl_nms13yolov11n/conv65_143 was aborted!
[2026-04-17 12:36:33.737] [89808] [HailoRT] [info] [vdevice_native_stream.cpp:142] [write_impl] Failed write to stream yolov11n/input_layer1 (device: 0001:01:00.0) with status=HAILO_STREAM_ABORT(63)
[2026-04-17 12:36:33.737] [89808] [HailoRT] [info] [edge_elements.cpp:87] [run_push] Failed to send on input stream InputStream(index=8, name=yolov11n/input_layer1) because stream was aborted
[2026-04-17 12:36:33.737] [89808] [HailoRT] [info] [queue_elements.cpp:401] [run_in_thread] run_push of PushQEl8yolov11n/input_layer1 was aborted!
[2026-04-17 12:36:33.737] [89819] [HailoRT] [info] [vstream.cpp:774] [write] Sending to VStream was shutdown!
[2026-04-17 12:36:33.737] [89819] [HailoRT] [info] [vstream.cpp:778] [write] Sending to VStream was aborted!
[2026-04-17 12:36:33.739] [89818] [HailoRT] [info] [queue_elements.cpp:706] [run_pull] Shutdown event was signaled in dequeue of queue element PullQEl_nms3yolov11n/conv51_143!
[2026-04-17 12:36:33.739] [89818] [HailoRT] [info] [vstream.cpp:1138] [read] Receiving to VStream was shutdown!
[2026-04-17 12:36:33.739] [89813] [HailoRT] [info] [vdevice_native_stream.cpp:331] [read_impl] Failed read from stream HAILO_STREAM_ABORT(63) (device: 0001:01:00.0)
[2026-04-17 12:36:33.739] [89813] [HailoRT] [info] [edge_elements.cpp:396] [run_pull] Reading from stream was aborted!
[2026-04-17 12:36:33.739] [89813] [HailoRT] [info] [queue_elements.cpp:738] [run_in_thread] run_pull of queue element PullQEl_nms1yolov11n/conv77_143 was aborted!
[2026-04-17 12:36:33.780] [89276] [HailoRT] [info] [queue_elements.cpp:360] [execute_deactivate] enqueue() in element PushQEl8yolov11n/input_layer1 was aborted, got status = HAILO_SHUTDOWN_EVENT_SIGNALED(57)
[2026-04-17 12:36:33.780] [89808] [HailoRT] [info] [queue_elements.cpp:68] [operator()] Thread in element PushQEl8yolov11n/input_layer1 is not running anymore, exiting..
[2026-04-17 12:36:33.780] [89276] [HailoRT] [info] [queue_elements.cpp:46] [~BaseQueueElement] Queue element PushQEl8yolov11n/input_layer1 has 1 frames in his Queue on destruction
[2026-04-17 12:36:33.780] [89815] [HailoRT] [info] [queue_elements.cpp:68] [operator()] Thread in element UserBufQEl_post_infer0yolov11n/yolov8_nms_postprocess is not running anymore, exiting..
[2026-04-17 12:36:33.780] [89276] [HailoRT] [info] [queue_elements.cpp:46] [~BaseQueueElement] Queue element UserBufQEl_post_infer0yolov11n/yolov8_nms_postprocess has 0 frames in his Queue on destruction
[2026-04-17 12:36:33.780] [89814] [HailoRT] [info] [queue_elements.cpp:68] [operator()] Thread in element PullQEl_nms0yolov11n/conv80_143 is not running anymore, exiting..
[2026-04-17 12:36:33.780] [89276] [HailoRT] [info] [queue_elements.cpp:46] [~BaseQueueElement] Queue element PullQEl_nms0yolov11n/conv80_143 has 0 frames in his Queue on destruction
[2026-04-17 12:36:33.780] [89813] [HailoRT] [info] [queue_elements.cpp:68] [operator()] Thread in element PullQEl_nms1yolov11n/conv77_143 is not running anymore, exiting..
[2026-04-17 12:36:33.780] [89276] [HailoRT] [info] [queue_elements.cpp:46] [~BaseQueueElement] Queue element PullQEl_nms1yolov11n/conv77_143 has 0 frames in his Queue on destruction
[2026-04-17 12:36:33.781] [89812] [HailoRT] [info] [queue_elements.cpp:68] [operator()] Thread in element PullQEl_nms13yolov11n/conv65_143 is not running anymore, exiting..
[2026-04-17 12:36:33.781] [89276] [HailoRT] [info] [queue_elements.cpp:46] [~BaseQueueElement] Queue element PullQEl_nms13yolov11n/conv65_143 has 0 frames in his Queue on destruction
[2026-04-17 12:36:33.781] [89811] [HailoRT] [info] [queue_elements.cpp:68] [operator()] Thread in element PullQEl_nms15yolov11n/conv62_143 is not running anymore, exiting..
[2026-04-17 12:36:33.781] [89276] [HailoRT] [info] [queue_elements.cpp:46] [~BaseQueueElement] Queue element PullQEl_nms15yolov11n/conv62_143 has 0 frames in his Queue on destruction
[2026-04-17 12:36:33.781] [89810] [HailoRT] [info] [queue_elements.cpp:68] [operator()] Thread in element PullQEl_nms12yolov11n/conv54_143 is not running anymore, exiting..
[2026-04-17 12:36:33.781] [89276] [HailoRT] [info] [queue_elements.cpp:46] [~BaseQueueElement] Queue element PullQEl_nms12yolov11n/conv54_143 has 0 frames in his Queue on destruction
[2026-04-17 12:36:33.781] [89809] [HailoRT] [info] [queue_elements.cpp:68] [operator()] Thread in element PullQEl_nms3yolov11n/conv51_143 is not running anymore, exiting..
[2026-04-17 12:36:33.781] [89276] [HailoRT] [info] [queue_elements.cpp:46] [~BaseQueueElement] Queue element PullQEl_nms3yolov11n/conv51_143 has 0 frames in his Queue on destruction
[2026-04-17 12:36:33.781] [89276] [HailoRT] [info] [core_op.cpp:186] [deactivate] Deactivating took 0.007241 ms
[2026-04-17 12:36:33.781] [89276] [HailoRT] [info] [core_op.cpp:186] [deactivate] Deactivating took 0.0165 ms
[2026-04-17 12:36:33.847] [89276] [HailoRT] [info] [vdevice.cpp:535] [create] Creating vdevice with params: device_count: 1, scheduling_algorithm: NONE, multi_process_service: false
[2026-04-17 12:36:33.848] [89276] [HailoRT] [info] [device.cpp:51] [Device] OS Version: Linux 6.12.75+rpt-rpi-2712 #1 SMP PREEMPT Debian 1:6.12.75-1+rpt1 (2026-03-11) aarch64
[2026-04-17 12:36:33.848] [89276] [HailoRT] [info] [control.cpp:113] [control__parse_identify_results] firmware_version is: 4.23.0
[2026-04-17 12:36:33.848] [89276] [HailoRT] [info] [vdevice.cpp:682] [create] VDevice Infos: 0001:01:00.0
[2026-04-17 12:36:33.858] [89276] [HailoRT] [warning] [buffer_requirements.cpp:131] [get_buffer_requirements_multiple_transfers] Desc page size value (1024) is not optimal for performance.
[2026-04-17 12:36:33.887] [89276] [HailoRT] [info] [internal_buffer_manager.cpp:77] [print_execution_results] Planned internal buffer memory: CMA=0 CMA-Desc=1572864 Pinned=68303872. memory to edge layer usage factor is 1
[2026-04-17 12:36:33.887] [89276] [HailoRT] [info] [internal_buffer_manager.cpp:86] [print_execution_results] Default Internal buffer planner executed successfully
[2026-04-17 12:36:34.013] [89276] [HailoRT] [info] [device_internal.cpp:57] [configure] Configuring HEF took 164.609141 milliseconds
[2026-04-17 12:36:34.013] [89276] [HailoRT] [info] [vdevice.cpp:780] [configure] Configuring HEF on VDevice took 165.001864 milliseconds
[2026-04-17 12:36:34.013] [89276] [HailoRT] [info] [control.cpp:113] [control__parse_identify_results] firmware_version is: 4.23.0
[2026-04-17 12:36:34.014] [89276] [HailoRT] [info] [control.cpp:113] [control__parse_identify_results] firmware_version is: 4.23.0
[2026-04-17 12:36:34.044] [89276] [HailoRT] [info] [core_op.cpp:156] [activate] Activating yolov11n took 30.645177 milliseconds. Note that the function is asynchronous and thus the network is not fully activated yet.
[2026-04-17 12:36:34.044] [89276] [HailoRT] [info] [core_op.cpp:156] [activate] Activating yolov11n took 30.669991 milliseconds. Note that the function is asynchronous and thus the network is not fully activated yet.
[2026-04-17 12:36:34.057] [89276] [HailoRT] [info] [control.cpp:113] [control__parse_identify_results] firmware_version is: 4.23.0
[2026-04-17 12:36:34.058] [89276] [HailoRT] [info] [control.cpp:113] [control__parse_identify_results] firmware_version is: 4.23.0
[2026-04-17 12:36:34.058] [89276] [HailoRT] [info] [edge_elements.cpp:52] [create] Created (HwWriteEl8yolov11n/input_layer1 | hw_frame_size: 1228800)
[2026-04-17 12:36:34.058] [89276] [HailoRT] [info] [queue_elements.cpp:284] [create] Created (PushQEl8yolov11n/input_layer1 | timeout: 10s)
[2026-04-17 12:36:34.058] [89276] [HailoRT] [info] [filter_elements.cpp:101] [create] Created (PreInferEl8yolov11n/input_layer1 | Reorder - src_order: NHWC, src_shape: (640, 640, 3), dst_order: NHCW, dst_shape: (640, 640, 3))
[2026-04-17 12:36:34.058] [89276] [HailoRT] [info] [vstream.cpp:754] [InputVStreamImpl] Creating yolov11n/input_layer1...
[2026-04-17 12:36:34.058] [89276] [HailoRT] [info] [vstream_builder.cpp:102] [create_inputs] Input pipeline 'yolov11n/input_layer1': (PreInferEl8yolov11n/input_layer1 | Reorder - src_order: NHWC, src_shape: (640, 640, 3), dst_order: NHCW, dst_shape: (640, 640, 3)) >> (PushQEl8yolov11n/input_layer1 | timeout: 10s) >> (HwWriteEl8yolov11n/input_layer1 | hw_frame_size: 1228800) >> HW
[2026-04-17 12:36:34.058] [89276] [HailoRT] [info] [multi_io_elements.cpp:135] [create] Created (NmsPPMuxEl0YOLOV8-Post-Process | Op YOLOV8, Name: YOLOV8-Post-Process, Score threshold: 0.200, IoU threshold: 0.70, Classes: 80, Max bboxes per class: 100, Image height: 640, Image width: 640)
[2026-04-17 12:36:34.058] [89276] [HailoRT] [info] [edge_elements.cpp:287] [create] Created (HwReadEl3yolov11n/conv51_143 | hw_frame_size: 409600)
[2026-04-17 12:36:34.058] [89276] [HailoRT] [info] [queue_elements.cpp:657] [create] Created (PullQEl_nms3yolov11n/conv51_143 | timeout: 10s)
[2026-04-17 12:36:34.058] [89276] [HailoRT] [info] [edge_elements.cpp:287] [create] Created (HwReadEl12yolov11n/conv54_143 | hw_frame_size: 512000)
[2026-04-17 12:36:34.058] [89276] [HailoRT] [info] [queue_elements.cpp:657] [create] Created (PullQEl_nms12yolov11n/conv54_143 | timeout: 10s)
[2026-04-17 12:36:34.058] [89276] [HailoRT] [info] [edge_elements.cpp:287] [create] Created (HwReadEl15yolov11n/conv62_143 | hw_frame_size: 102400)
[2026-04-17 12:36:34.058] [89276] [HailoRT] [info] [queue_elements.cpp:657] [create] Created (PullQEl_nms15yolov11n/conv62_143 | timeout: 10s)
[2026-04-17 12:36:34.058] [89276] [HailoRT] [info] [edge_elements.cpp:287] [create] Created (HwReadEl13yolov11n/conv65_143 | hw_frame_size: 128000)
[2026-04-17 12:36:34.058] [89276] [HailoRT] [info] [queue_elements.cpp:657] [create] Created (PullQEl_nms13yolov11n/conv65_143 | timeout: 10s)
[2026-04-17 12:36:34.058] [89276] [HailoRT] [info] [edge_elements.cpp:287] [create] Created (HwReadEl1yolov11n/conv77_143 | hw_frame_size: 30720)
[2026-04-17 12:36:34.059] [89276] [HailoRT] [info] [queue_elements.cpp:657] [create] Created (PullQEl_nms1yolov11n/conv77_143 | timeout: 10s)
[2026-04-17 12:36:34.059] [89276] [HailoRT] [info] [edge_elements.cpp:287] [create] Created (HwReadEl0yolov11n/conv80_143 | hw_frame_size: 38400)
[2026-04-17 12:36:34.059] [89276] [HailoRT] [info] [queue_elements.cpp:657] [create] Created (PullQEl_nms0yolov11n/conv80_143 | timeout: 10s)
[2026-04-17 12:36:34.059] [89276] [HailoRT] [info] [queue_elements.cpp:800] [create] Created (UserBufQEl_post_infer0yolov11n/yolov8_nms_postprocess | timeout: 10s)
[2026-04-17 12:36:34.059] [89276] [HailoRT] [info] [vstream.cpp:1114] [OutputVStreamImpl] Creating yolov11n/yolov8_nms_postprocess...
[2026-04-17 12:36:34.059] [89276] [HailoRT] [info] [vstream_builder.cpp:622] [create_output_post_process_nms] Output pipeline 'yolov11n/yolov8_nms_postprocess': HW >> (HwReadEl3yolov11n/conv51_143 | hw_frame_size: 409600) >> (PullQEl_nms3yolov11n/conv51_143) >> (HwReadEl12yolov11n/conv54_143 | hw_frame_size: 512000) >> (PullQEl_nms12yolov11n/conv54_143) >> (HwReadEl15yolov11n/conv62_143 | hw_frame_size: 102400) >> (PullQEl_nms15yolov11n/conv62_143) >> (HwReadEl13yolov11n/conv65_143 | hw_frame_size: 128000) >> (PullQEl_nms13yolov11n/conv65_143) >> (HwReadEl1yolov11n/conv77_143 | hw_frame_size: 30720) >> (PullQEl_nms1yolov11n/conv77_143) >> (HwReadEl0yolov11n/conv80_143 | hw_frame_size: 38400) >> (PullQEl_nms0yolov11n/conv80_143) >> (NmsPPMuxEl0YOLOV8-Post-Process | Op YOLOV8, Name: YOLOV8-Post-Process, Score threshold: 0.200, IoU threshold: 0.70, Classes: 80, Max bboxes per class: 100, Image height: 640, Image width: 640) >> (UserBufQEl_post_infer0yolov11n/yolov8_nms_postprocess | timeout: 10s)
[2026-04-17 12:37:34.059] [90313] [HailoRT] [info] [vdevice_native_stream.cpp:331] [read_impl] Failed read from stream HAILO_STREAM_ABORT(63) (device: 0001:01:00.0)
[2026-04-17 12:37:34.059] [90313] [HailoRT] [info] [edge_elements.cpp:396] [run_pull] Reading from stream was aborted!
[2026-04-17 12:37:34.059] [90313] [HailoRT] [info] [queue_elements.cpp:738] [run_in_thread] run_pull of queue element PullQEl_nms3yolov11n/conv51_143 was aborted!
[2026-04-17 12:37:34.059] [90315] [HailoRT] [info] [vdevice_native_stream.cpp:331] [read_impl] Failed read from stream HAILO_STREAM_ABORT(63) (device: 0001:01:00.0)
[2026-04-17 12:37:34.059] [90315] [HailoRT] [info] [edge_elements.cpp:396] [run_pull] Reading from stream was aborted!
[2026-04-17 12:37:34.059] [90316] [HailoRT] [info] [vdevice_native_stream.cpp:331] [read_impl] Failed read from stream HAILO_STREAM_ABORT(63) (device: 0001:01:00.0)
[2026-04-17 12:37:34.059] [90316] [HailoRT] [info] [edge_elements.cpp:396] [run_pull] Reading from stream was aborted!
[2026-04-17 12:37:34.059] [90316] [HailoRT] [info] [queue_elements.cpp:738] [run_in_thread] run_pull of queue element PullQEl_nms13yolov11n/conv65_143 was aborted!
[2026-04-17 12:37:34.059] [90314] [HailoRT] [info] [vdevice_native_stream.cpp:331] [read_impl] Failed read from stream HAILO_STREAM_ABORT(63) (device: 0001:01:00.0)
[2026-04-17 12:37:34.059] [90314] [HailoRT] [info] [edge_elements.cpp:396] [run_pull] Reading from stream was aborted!
[2026-04-17 12:37:34.059] [90314] [HailoRT] [info] [queue_elements.cpp:738] [run_in_thread] run_pull of queue element PullQEl_nms12yolov11n/conv54_143 was aborted!
[2026-04-17 12:37:34.059] [90317] [HailoRT] [info] [vdevice_native_stream.cpp:331] [read_impl] Failed read from stream HAILO_STREAM_ABORT(63) (device: 0001:01:00.0)
[2026-04-17 12:37:34.059] [90317] [HailoRT] [info] [edge_elements.cpp:396] [run_pull] Reading from stream was aborted!
[2026-04-17 12:37:34.059] [90317] [HailoRT] [info] [queue_elements.cpp:738] [run_in_thread] run_pull of queue element PullQEl_nms1yolov11n/conv77_143 was aborted!
[2026-04-17 12:37:34.061] [90315] [HailoRT] [info] [queue_elements.cpp:738] [run_in_thread] run_pull of queue element PullQEl_nms15yolov11n/conv62_143 was aborted!
[2026-04-17 12:37:34.061] [90318] [HailoRT] [info] [vdevice_native_stream.cpp:331] [read_impl] Failed read from stream HAILO_STREAM_ABORT(63) (device: 0001:01:00.0)
[2026-04-17 12:37:34.061] [90318] [HailoRT] [info] [edge_elements.cpp:396] [run_pull] Reading from stream was aborted!
[2026-04-17 12:37:34.061] [90318] [HailoRT] [info] [queue_elements.cpp:738] [run_in_thread] run_pull of queue element PullQEl_nms0yolov11n/conv80_143 was aborted!
[2026-04-17 12:37:34.061] [90322] [HailoRT] [info] [queue_elements.cpp:706] [run_pull] Shutdown event was signaled in dequeue of queue element PullQEl_nms3yolov11n/conv51_143!
[2026-04-17 12:37:34.061] [90322] [HailoRT] [info] [vstream.cpp:1138] [read] Receiving to VStream was shutdown!
[2026-04-17 12:37:34.062] [90312] [HailoRT] [info] [vdevice_native_stream.cpp:142] [write_impl] Failed write to stream yolov11n/input_layer1 (device: 0001:01:00.0) with status=HAILO_STREAM_ABORT(63)
[2026-04-17 12:37:34.062] [90312] [HailoRT] [info] [edge_elements.cpp:87] [run_push] Failed to send on input stream InputStream(index=8, name=yolov11n/input_layer1) because stream was aborted
[2026-04-17 12:37:34.062] [90312] [HailoRT] [info] [queue_elements.cpp:401] [run_in_thread] run_push of PushQEl8yolov11n/input_layer1 was aborted!
[2026-04-17 12:37:34.063] [90323] [HailoRT] [info] [queue_elements.cpp:319] [run_push] run_push of PushQEl8yolov11n/input_layer1 was aborted!
[2026-04-17 12:37:34.063] [90323] [HailoRT] [info] [filter_elements.cpp:35] [run_push] run_push of PreInferEl8yolov11n/input_layer1 was aborted!
[2026-04-17 12:37:34.063] [90323] [HailoRT] [info] [vstream.cpp:778] [write] Sending to VStream was aborted!
[2026-04-17 12:37:34.070] [89276] [HailoRT] [info] [queue_elements.cpp:360] [execute_deactivate] enqueue() in element PushQEl8yolov11n/input_layer1 was aborted, got status = HAILO_SHUTDOWN_EVENT_SIGNALED(57)
[2026-04-17 12:37:34.070] [90312] [HailoRT] [info] [queue_elements.cpp:68] [operator()] Thread in element PushQEl8yolov11n/input_layer1 is not running anymore, exiting..
[2026-04-17 12:37:34.070] [89276] [HailoRT] [info] [queue_elements.cpp:46] [~BaseQueueElement] Queue element PushQEl8yolov11n/input_layer1 has 0 frames in his Queue on destruction
[2026-04-17 12:37:34.070] [90319] [HailoRT] [info] [queue_elements.cpp:68] [operator()] Thread in element UserBufQEl_post_infer0yolov11n/yolov8_nms_postprocess is not running anymore, exiting..
[2026-04-17 12:37:34.070] [89276] [HailoRT] [info] [queue_elements.cpp:46] [~BaseQueueElement] Queue element UserBufQEl_post_infer0yolov11n/yolov8_nms_postprocess has 0 frames in his Queue on destruction
[2026-04-17 12:37:34.070] [90318] [HailoRT] [info] [queue_elements.cpp:68] [operator()] Thread in element PullQEl_nms0yolov11n/conv80_143 is not running anymore, exiting..
[2026-04-17 12:37:34.070] [89276] [HailoRT] [info] [queue_elements.cpp:46] [~BaseQueueElement] Queue element PullQEl_nms0yolov11n/conv80_143 has 0 frames in his Queue on destruction
[2026-04-17 12:37:34.070] [90317] [HailoRT] [info] [queue_elements.cpp:68] [operator()] Thread in element PullQEl_nms1yolov11n/conv77_143 is not running anymore, exiting..
[2026-04-17 12:37:34.070] [89276] [HailoRT] [info] [queue_elements.cpp:46] [~BaseQueueElement] Queue element PullQEl_nms1yolov11n/conv77_143 has 0 frames in his Queue on destruction
[2026-04-17 12:37:34.070] [90316] [HailoRT] [info] [queue_elements.cpp:68] [operator()] Thread in element PullQEl_nms13yolov11n/conv65_143 is not running anymore, exiting..
[2026-04-17 12:37:34.070] [89276] [HailoRT] [info] [queue_elements.cpp:46] [~BaseQueueElement] Queue element PullQEl_nms13yolov11n/conv65_143 has 0 frames in his Queue on destruction
[2026-04-17 12:37:34.070] [90315] [HailoRT] [info] [queue_elements.cpp:68] [operator()] Thread in element PullQEl_nms15yolov11n/conv62_143 is not running anymore, exiting..
[2026-04-17 12:37:34.070] [89276] [HailoRT] [info] [queue_elements.cpp:46] [~BaseQueueElement] Queue element PullQEl_nms15yolov11n/conv62_143 has 0 frames in his Queue on destruction
[2026-04-17 12:37:34.070] [90314] [HailoRT] [info] [queue_elements.cpp:68] [operator()] Thread in element PullQEl_nms12yolov11n/conv54_143 is not running anymore, exiting..
[2026-04-17 12:37:34.070] [89276] [HailoRT] [info] [queue_elements.cpp:46] [~BaseQueueElement] Queue element PullQEl_nms12yolov11n/conv54_143 has 0 frames in his Queue on destruction
[2026-04-17 12:37:34.070] [90313] [HailoRT] [info] [queue_elements.cpp:68] [operator()] Thread in element PullQEl_nms3yolov11n/conv51_143 is not running anymore, exiting..
[2026-04-17 12:37:34.070] [89276] [HailoRT] [info] [queue_elements.cpp:46] [~BaseQueueElement] Queue element PullQEl_nms3yolov11n/conv51_143 has 0 frames in his Queue on destruction
[2026-04-17 12:37:34.070] [89276] [HailoRT] [info] [core_op.cpp:186] [deactivate] Deactivating took 0.007519 ms
[2026-04-17 12:37:34.070] [89276] [HailoRT] [info] [core_op.cpp:186] [deactivate] Deactivating took 0.016186 ms
[2026-04-17 12:37:44.437] [90839] [HailoRT] [info] [vdevice.cpp:535] [create] Creating vdevice with params: device_count: 1, scheduling_algorithm: NONE, multi_process_service: false
[2026-04-17 12:37:44.450] [90839] [HailoRT] [info] [device.cpp:51] [Device] OS Version: Linux 6.12.75+rpt-rpi-2712 #1 SMP PREEMPT Debian 1:6.12.75-1+rpt1 (2026-03-11) aarch64
[2026-04-17 12:37:44.451] [90839] [HailoRT] [info] [control.cpp:113] [control__parse_identify_results] firmware_version is: 4.23.0
[2026-04-17 12:37:44.451] [90839] [HailoRT] [info] [vdevice.cpp:682] [create] VDevice Infos: 0001:01:00.0
[2026-04-17 12:37:44.456] [90839] [HailoRT] [warning] [buffer_requirements.cpp:131] [get_buffer_requirements_multiple_transfers] Desc page size value (1024) is not optimal for performance.
[2026-04-17 12:37:44.485] [90839] [HailoRT] [info] [internal_buffer_manager.cpp:77] [print_execution_results] Planned internal buffer memory: CMA=0 CMA-Desc=1572864 Pinned=69481472. memory to edge layer usage factor is 1
[2026-04-17 12:37:44.485] [90839] [HailoRT] [info] [internal_buffer_manager.cpp:86] [print_execution_results] Default Internal buffer planner executed successfully
[2026-04-17 12:37:44.609] [90839] [HailoRT] [info] [device_internal.cpp:57] [configure] Configuring HEF took 158.066871 milliseconds
[2026-04-17 12:37:44.609] [90839] [HailoRT] [info] [vdevice.cpp:780] [configure] Configuring HEF on VDevice took 158.480352 milliseconds
[2026-04-17 12:37:44.609] [90839] [HailoRT] [info] [control.cpp:113] [control__parse_identify_results] firmware_version is: 4.23.0
[2026-04-17 12:37:44.610] [90839] [HailoRT] [info] [control.cpp:113] [control__parse_identify_results] firmware_version is: 4.23.0
[2026-04-17 12:37:44.646] [90839] [HailoRT] [info] [core_op.cpp:156] [activate] Activating yolov11n took 36.406849 milliseconds. Note that the function is asynchronous and thus the network is not fully activated yet.
[2026-04-17 12:37:44.646] [90839] [HailoRT] [info] [core_op.cpp:156] [activate] Activating yolov11n took 36.435108 milliseconds. Note that the function is asynchronous and thus the network is not fully activated yet.
[2026-04-17 12:37:44.659] [90839] [HailoRT] [info] [control.cpp:113] [control__parse_identify_results] firmware_version is: 4.23.0
[2026-04-17 12:37:44.660] [90839] [HailoRT] [info] [control.cpp:113] [control__parse_identify_results] firmware_version is: 4.23.0
[2026-04-17 12:37:45.839] [90831] [HailoRT] [info] [device.cpp:51] [Device] OS Version: Linux 6.12.75+rpt-rpi-2712 #1 SMP PREEMPT Debian 1:6.12.75-1+rpt1 (2026-03-11) aarch64
[2026-04-17 12:37:45.840] [90831] [HailoRT] [info] [control.cpp:113] [control__parse_identify_results] firmware_version is: 4.23.0
[2026-04-17 12:37:45.840] [90831] [HailoRT] [info] [control.cpp:113] [control__parse_identify_results] firmware_version is: 4.23.0
[2026-04-17 12:38:44.660] [90850] [HailoRT] [info] [vdevice_native_stream.cpp:331] [read_impl] Failed read from stream HAILO_STREAM_ABORT(63) (device: 0001:01:00.0)
[2026-04-17 12:38:44.660] [90851] [HailoRT] [info] [vdevice_native_stream.cpp:331] [read_impl] Failed read from stream HAILO_STREAM_ABORT(63) (device: 0001:01:00.0)
[2026-04-17 12:38:44.660] [90848] [HailoRT] [info] [vdevice_native_stream.cpp:331] [read_impl] Failed read from stream HAILO_STREAM_ABORT(63) (device: 0001:01:00.0)
[2026-04-17 12:38:44.661] [90853] [HailoRT] [info] [vdevice_native_stream.cpp:331] [read_impl] Failed read from stream HAILO_STREAM_ABORT(63) (device: 0001:01:00.0)
[2026-04-17 12:38:44.661] [90852] [HailoRT] [info] [vdevice_native_stream.cpp:331] [read_impl] Failed read from stream HAILO_STREAM_ABORT(63) (device: 0001:01:00.0)
[2026-04-17 12:38:44.661] [90854] [HailoRT] [info] [vdevice_native_stream.cpp:142] [write_impl] Failed write to stream yolov11n/input_layer1 (device: 0001:01:00.0) with status=HAILO_STREAM_ABORT(63)
[2026-04-17 12:38:44.661] [90849] [HailoRT] [info] [vdevice_native_stream.cpp:331] [read_impl] Failed read from stream HAILO_STREAM_ABORT(63) (device: 0001:01:00.0)
[2026-04-17 12:38:44.703] [90839] [HailoRT] [info] [core_op.cpp:186] [deactivate] Deactivating took 0.007592 ms
[2026-04-17 12:38:44.703] [90839] [HailoRT] [info] [core_op.cpp:186] [deactivate] Deactivating took 0.028315 ms
[2026-04-17 12:38:44.760] [90839] [HailoRT] [info] [vdevice.cpp:535] [create] Creating vdevice with params: device_count: 1, scheduling_algorithm: NONE, multi_process_service: false
[2026-04-17 12:38:44.760] [90839] [HailoRT] [info] [device.cpp:51] [Device] OS Version: Linux 6.12.75+rpt-rpi-2712 #1 SMP PREEMPT Debian 1:6.12.75-1+rpt1 (2026-03-11) aarch64
[2026-04-17 12:38:44.761] [90839] [HailoRT] [info] [control.cpp:113] [control__parse_identify_results] firmware_version is: 4.23.0
[2026-04-17 12:38:44.761] [90839] [HailoRT] [info] [vdevice.cpp:682] [create] VDevice Infos: 0001:01:00.0
[2026-04-17 12:38:44.768] [90839] [HailoRT] [warning] [buffer_requirements.cpp:131] [get_buffer_requirements_multiple_transfers] Desc page size value (1024) is not optimal for performance.
[2026-04-17 12:38:44.800] [90839] [HailoRT] [info] [internal_buffer_manager.cpp:77] [print_execution_results] Planned internal buffer memory: CMA=0 CMA-Desc=1572864 Pinned=69481472. memory to edge layer usage factor is 1
[2026-04-17 12:38:44.800] [90839] [HailoRT] [info] [internal_buffer_manager.cpp:86] [print_execution_results] Default Internal buffer planner executed successfully
[2026-04-17 12:38:44.945] [90839] [HailoRT] [info] [device_internal.cpp:57] [configure] Configuring HEF took 184.171331 milliseconds
[2026-04-17 12:38:44.945] [90839] [HailoRT] [info] [vdevice.cpp:780] [configure] Configuring HEF on VDevice took 184.542053 milliseconds
[2026-04-17 12:38:44.946] [90839] [HailoRT] [info] [control.cpp:113] [control__parse_identify_results] firmware_version is: 4.23.0
[2026-04-17 12:38:44.946] [90839] [HailoRT] [info] [control.cpp:113] [control__parse_identify_results] firmware_version is: 4.23.0
[2026-04-17 12:38:44.982] [90839] [HailoRT] [info] [core_op.cpp:156] [activate] Activating yolov11n took 36.426656 milliseconds. Note that the function is asynchronous and thus the network is not fully activated yet.
[2026-04-17 12:38:44.982] [90839] [HailoRT] [info] [core_op.cpp:156] [activate] Activating yolov11n took 36.451359 milliseconds. Note that the function is asynchronous and thus the network is not fully activated yet.
[2026-04-17 12:38:44.996] [90839] [HailoRT] [info] [control.cpp:113] [control__parse_identify_results] firmware_version is: 4.23.0
[2026-04-17 12:38:44.996] [90839] [HailoRT] [info] [control.cpp:113] [control__parse_identify_results] firmware_version is: 4.23.0
[2026-04-17 12:38:44.996] [90839] [HailoRT] [info] [edge_elements.cpp:52] [create] Created (HwWriteEl8yolov11n/input_layer1 | hw_frame_size: 1228800)
[2026-04-17 12:38:44.996] [90839] [HailoRT] [info] [queue_elements.cpp:284] [create] Created (PushQEl8yolov11n/input_layer1 | timeout: 10s)
[2026-04-17 12:38:44.996] [90839] [HailoRT] [info] [filter_elements.cpp:101] [create] Created (PreInferEl8yolov11n/input_layer1 | Reorder - src_order: NHWC, src_shape: (640, 640, 3), dst_order: NHCW, dst_shape: (640, 640, 3))
[2026-04-17 12:38:44.996] [90839] [HailoRT] [info] [vstream.cpp:754] [InputVStreamImpl] Creating yolov11n/input_layer1...
[2026-04-17 12:38:44.996] [90839] [HailoRT] [info] [vstream_builder.cpp:102] [create_inputs] Input pipeline 'yolov11n/input_layer1': (PreInferEl8yolov11n/input_layer1 | Reorder - src_order: NHWC, src_shape: (640, 640, 3), dst_order: NHCW, dst_shape: (640, 640, 3)) >> (PushQEl8yolov11n/input_layer1 | timeout: 10s) >> (HwWriteEl8yolov11n/input_layer1 | hw_frame_size: 1228800) >> HW
[2026-04-17 12:38:44.996] [90839] [HailoRT] [info] [multi_io_elements.cpp:135] [create] Created (NmsPPMuxEl0YOLOV8-Post-Process | Op YOLOV8, Name: YOLOV8-Post-Process, Score threshold: 0.200, IoU threshold: 0.70, Classes: 80, Max bboxes per class: 100, Image height: 640, Image width: 640)
[2026-04-17 12:38:44.996] [90839] [HailoRT] [info] [edge_elements.cpp:287] [create] Created (HwReadEl3yolov11n/conv51_143 | hw_frame_size: 409600)
[2026-04-17 12:38:44.996] [90839] [HailoRT] [info] [queue_elements.cpp:657] [create] Created (PullQEl_nms3yolov11n/conv51_143 | timeout: 10s)
[2026-04-17 12:38:44.996] [90839] [HailoRT] [info] [edge_elements.cpp:287] [create] Created (HwReadEl12yolov11n/conv54_143 | hw_frame_size: 512000)
[2026-04-17 12:38:44.996] [90839] [HailoRT] [info] [queue_elements.cpp:657] [create] Created (PullQEl_nms12yolov11n/conv54_143 | timeout: 10s)
[2026-04-17 12:38:44.996] [90839] [HailoRT] [info] [edge_elements.cpp:287] [create] Created (HwReadEl15yolov11n/conv62_143 | hw_frame_size: 102400)
[2026-04-17 12:38:44.996] [90839] [HailoRT] [info] [queue_elements.cpp:657] [create] Created (PullQEl_nms15yolov11n/conv62_143 | timeout: 10s)
[2026-04-17 12:38:44.997] [90839] [HailoRT] [info] [edge_elements.cpp:287] [create] Created (HwReadEl13yolov11n/conv65_143 | hw_frame_size: 128000)
[2026-04-17 12:38:44.997] [90839] [HailoRT] [info] [queue_elements.cpp:657] [create] Created (PullQEl_nms13yolov11n/conv65_143 | timeout: 10s)
[2026-04-17 12:38:44.997] [90839] [HailoRT] [info] [edge_elements.cpp:287] [create] Created (HwReadEl1yolov11n/conv77_143 | hw_frame_size: 30720)
[2026-04-17 12:38:44.997] [90839] [HailoRT] [info] [queue_elements.cpp:657] [create] Created (PullQEl_nms1yolov11n/conv77_143 | timeout: 10s)
[2026-04-17 12:38:44.997] [90839] [HailoRT] [info] [edge_elements.cpp:287] [create] Created (HwReadEl0yolov11n/conv80_143 | hw_frame_size: 38400)
[2026-04-17 12:38:44.997] [90839] [HailoRT] [info] [queue_elements.cpp:657] [create] Created (PullQEl_nms0yolov11n/conv80_143 | timeout: 10s)
[2026-04-17 12:38:44.997] [90839] [HailoRT] [info] [queue_elements.cpp:800] [create] Created (UserBufQEl_post_infer0yolov11n/yolov8_nms_postprocess | timeout: 10s)
[2026-04-17 12:38:44.997] [90839] [HailoRT] [info] [vstream.cpp:1114] [OutputVStreamImpl] Creating yolov11n/yolov8_nms_postprocess...
[2026-04-17 12:38:44.997] [90839] [HailoRT] [info] [vstream_builder.cpp:622] [create_output_post_process_nms] Output pipeline 'yolov11n/yolov8_nms_postprocess': HW >> (HwReadEl3yolov11n/conv51_143 | hw_frame_size: 409600) >> (PullQEl_nms3yolov11n/conv51_143) >> (HwReadEl12yolov11n/conv54_143 | hw_frame_size: 512000) >> (PullQEl_nms12yolov11n/conv54_143) >> (HwReadEl15yolov11n/conv62_143 | hw_frame_size: 102400) >> (PullQEl_nms15yolov11n/conv62_143) >> (HwReadEl13yolov11n/conv65_143 | hw_frame_size: 128000) >> (PullQEl_nms13yolov11n/conv65_143) >> (HwReadEl1yolov11n/conv77_143 | hw_frame_size: 30720) >> (PullQEl_nms1yolov11n/conv77_143) >> (HwReadEl0yolov11n/conv80_143 | hw_frame_size: 38400) >> (PullQEl_nms0yolov11n/conv80_143) >> (NmsPPMuxEl0YOLOV8-Post-Process | Op YOLOV8, Name: YOLOV8-Post-Process, Score threshold: 0.200, IoU threshold: 0.70, Classes: 80, Max bboxes per class: 100, Image height: 640, Image width: 640) >> (UserBufQEl_post_infer0yolov11n/yolov8_nms_postprocess | timeout: 10s)
[2026-04-17 12:39:44.997] [91370] [HailoRT] [info] [vdevice_native_stream.cpp:142] [write_impl] Failed write to stream yolov11n/input_layer1 (device: 0001:01:00.0) with status=HAILO_STREAM_ABORT(63)
[2026-04-17 12:39:44.997] [91374] [HailoRT] [info] [vdevice_native_stream.cpp:331] [read_impl] Failed read from stream HAILO_STREAM_ABORT(63) (device: 0001:01:00.0)
[2026-04-17 12:39:44.997] [91370] [HailoRT] [info] [edge_elements.cpp:87] [run_push] Failed to send on input stream InputStream(index=8, name=yolov11n/input_layer1) because stream was aborted
[2026-04-17 12:39:44.997] [91374] [HailoRT] [info] [edge_elements.cpp:396] [run_pull] Reading from stream was aborted!
[2026-04-17 12:39:44.997] [91374] [HailoRT] [info] [queue_elements.cpp:738] [run_in_thread] run_pull of queue element PullQEl_nms13yolov11n/conv65_143 was aborted!
[2026-04-17 12:39:44.997] [91370] [HailoRT] [info] [queue_elements.cpp:401] [run_in_thread] run_push of PushQEl8yolov11n/input_layer1 was aborted!
[2026-04-17 12:39:44.997] [91372] [HailoRT] [info] [vdevice_native_stream.cpp:331] [read_impl] Failed read from stream HAILO_STREAM_ABORT(63) (device: 0001:01:00.0)
[2026-04-17 12:39:44.997] [91372] [HailoRT] [info] [edge_elements.cpp:396] [run_pull] Reading from stream was aborted!
[2026-04-17 12:39:44.997] [91372] [HailoRT] [info] [queue_elements.cpp:738] [run_in_thread] run_pull of queue element PullQEl_nms12yolov11n/conv54_143 was aborted!
[2026-04-17 12:39:44.997] [91371] [HailoRT] [info] [vdevice_native_stream.cpp:331] [read_impl] Failed read from stream HAILO_STREAM_ABORT(63) (device: 0001:01:00.0)
[2026-04-17 12:39:44.997] [91371] [HailoRT] [info] [edge_elements.cpp:396] [run_pull] Reading from stream was aborted!
[2026-04-17 12:39:44.997] [91373] [HailoRT] [info] [vdevice_native_stream.cpp:331] [read_impl] Failed read from stream HAILO_STREAM_ABORT(63) (device: 0001:01:00.0)
[2026-04-17 12:39:44.997] [91373] [HailoRT] [info] [edge_elements.cpp:396] [run_pull] Reading from stream was aborted!
[2026-04-17 12:39:44.997] [91371] [HailoRT] [info] [queue_elements.cpp:738] [run_in_thread] run_pull of queue element PullQEl_nms3yolov11n/conv51_143 was aborted!
[2026-04-17 12:39:44.997] [91373] [HailoRT] [info] [queue_elements.cpp:738] [run_in_thread] run_pull of queue element PullQEl_nms15yolov11n/conv62_143 was aborted!
[2026-04-17 12:39:44.997] [91381] [HailoRT] [info] [vstream.cpp:774] [write] Sending to VStream was shutdown!
[2026-04-17 12:39:44.997] [91381] [HailoRT] [info] [vstream.cpp:778] [write] Sending to VStream was aborted!
[2026-04-17 12:39:44.998] [91375] [HailoRT] [info] [vdevice_native_stream.cpp:331] [read_impl] Failed read from stream HAILO_STREAM_ABORT(63) (device: 0001:01:00.0)
[2026-04-17 12:39:44.998] [91375] [HailoRT] [info] [edge_elements.cpp:396] [run_pull] Reading from stream was aborted!
[2026-04-17 12:39:44.998] [91375] [HailoRT] [info] [queue_elements.cpp:738] [run_in_thread] run_pull of queue element PullQEl_nms1yolov11n/conv77_143 was aborted!
[2026-04-17 12:39:44.998] [91376] [HailoRT] [info] [vdevice_native_stream.cpp:331] [read_impl] Failed read from stream HAILO_STREAM_ABORT(63) (device: 0001:01:00.0)
[2026-04-17 12:39:44.998] [91376] [HailoRT] [info] [edge_elements.cpp:396] [run_pull] Reading from stream was aborted!
[2026-04-17 12:39:44.998] [91376] [HailoRT] [info] [queue_elements.cpp:738] [run_in_thread] run_pull of queue element PullQEl_nms0yolov11n/conv80_143 was aborted!
[2026-04-17 12:39:45.000] [91380] [HailoRT] [info] [queue_elements.cpp:706] [run_pull] Shutdown event was signaled in dequeue of queue element PullQEl_nms3yolov11n/conv51_143!
[2026-04-17 12:39:45.000] [91380] [HailoRT] [info] [vstream.cpp:1138] [read] Receiving to VStream was shutdown!
[2026-04-17 12:39:45.041] [90839] [HailoRT] [info] [queue_elements.cpp:360] [execute_deactivate] enqueue() in element PushQEl8yolov11n/input_layer1 was aborted, got status = HAILO_SHUTDOWN_EVENT_SIGNALED(57)
[2026-04-17 12:39:45.041] [91370] [HailoRT] [info] [queue_elements.cpp:68] [operator()] Thread in element PushQEl8yolov11n/input_layer1 is not running anymore, exiting..
[2026-04-17 12:39:45.041] [90839] [HailoRT] [info] [queue_elements.cpp:46] [~BaseQueueElement] Queue element PushQEl8yolov11n/input_layer1 has 1 frames in his Queue on destruction
[2026-04-17 12:39:45.041] [91377] [HailoRT] [info] [queue_elements.cpp:68] [operator()] Thread in element UserBufQEl_post_infer0yolov11n/yolov8_nms_postprocess is not running anymore, exiting..
[2026-04-17 12:39:45.042] [90839] [HailoRT] [info] [queue_elements.cpp:46] [~BaseQueueElement] Queue element UserBufQEl_post_infer0yolov11n/yolov8_nms_postprocess has 0 frames in his Queue on destruction
[2026-04-17 12:39:45.042] [91376] [HailoRT] [info] [queue_elements.cpp:68] [operator()] Thread in element PullQEl_nms0yolov11n/conv80_143 is not running anymore, exiting..
[2026-04-17 12:39:45.042] [90839] [HailoRT] [info] [queue_elements.cpp:46] [~BaseQueueElement] Queue element PullQEl_nms0yolov11n/conv80_143 has 0 frames in his Queue on destruction
[2026-04-17 12:39:45.042] [91375] [HailoRT] [info] [queue_elements.cpp:68] [operator()] Thread in element PullQEl_nms1yolov11n/conv77_143 is not running anymore, exiting..
[2026-04-17 12:39:45.042] [90839] [HailoRT] [info] [queue_elements.cpp:46] [~BaseQueueElement] Queue element PullQEl_nms1yolov11n/conv77_143 has 0 frames in his Queue on destruction
[2026-04-17 12:39:45.042] [91374] [HailoRT] [info] [queue_elements.cpp:68] [operator()] Thread in element PullQEl_nms13yolov11n/conv65_143 is not running anymore, exiting..
[2026-04-17 12:39:45.042] [90839] [HailoRT] [info] [queue_elements.cpp:46] [~BaseQueueElement] Queue element PullQEl_nms13yolov11n/conv65_143 has 0 frames in his Queue on destruction
[2026-04-17 12:39:45.042] [91373] [HailoRT] [info] [queue_elements.cpp:68] [operator()] Thread in element PullQEl_nms15yolov11n/conv62_143 is not running anymore, exiting..
[2026-04-17 12:39:45.042] [90839] [HailoRT] [info] [queue_elements.cpp:46] [~BaseQueueElement] Queue element PullQEl_nms15yolov11n/conv62_143 has 0 frames in his Queue on destruction
[2026-04-17 12:39:45.042] [91372] [HailoRT] [info] [queue_elements.cpp:68] [operator()] Thread in element PullQEl_nms12yolov11n/conv54_143 is not running anymore, exiting..
[2026-04-17 12:39:45.042] [90839] [HailoRT] [info] [queue_elements.cpp:46] [~BaseQueueElement] Queue element PullQEl_nms12yolov11n/conv54_143 has 0 frames in his Queue on destruction
[2026-04-17 12:39:45.042] [91371] [HailoRT] [info] [queue_elements.cpp:68] [operator()] Thread in element PullQEl_nms3yolov11n/conv51_143 is not running anymore, exiting..
[2026-04-17 12:39:45.042] [90839] [HailoRT] [info] [queue_elements.cpp:46] [~BaseQueueElement] Queue element PullQEl_nms3yolov11n/conv51_143 has 0 frames in his Queue on destruction
[2026-04-17 12:39:45.042] [90839] [HailoRT] [info] [core_op.cpp:186] [deactivate] Deactivating took 0.009352 ms
[2026-04-17 12:39:45.042] [90839] [HailoRT] [info] [core_op.cpp:186] [deactivate] Deactivating took 0.021297 ms
[2026-04-17 12:39:45.101] [90839] [HailoRT] [info] [vdevice.cpp:535] [create] Creating vdevice with params: device_count: 1, scheduling_algorithm: NONE, multi_process_service: false
[2026-04-17 12:39:45.102] [90839] [HailoRT] [info] [device.cpp:51] [Device] OS Version: Linux 6.12.75+rpt-rpi-2712 #1 SMP PREEMPT Debian 1:6.12.75-1+rpt1 (2026-03-11) aarch64
[2026-04-17 12:39:45.103] [90839] [HailoRT] [info] [control.cpp:113] [control__parse_identify_results] firmware_version is: 4.23.0
[2026-04-17 12:39:45.103] [90839] [HailoRT] [info] [vdevice.cpp:682] [create] VDevice Infos: 0001:01:00.0
[2026-04-17 12:39:45.110] [90839] [HailoRT] [warning] [buffer_requirements.cpp:131] [get_buffer_requirements_multiple_transfers] Desc page size value (1024) is not optimal for performance.
[2026-04-17 12:39:45.141] [90839] [HailoRT] [info] [internal_buffer_manager.cpp:77] [print_execution_results] Planned internal buffer memory: CMA=0 CMA-Desc=1572864 Pinned=69481472. memory to edge layer usage factor is 1
[2026-04-17 12:39:45.141] [90839] [HailoRT] [info] [internal_buffer_manager.cpp:86] [print_execution_results] Default Internal buffer planner executed successfully
[2026-04-17 12:39:45.275] [90839] [HailoRT] [info] [device_internal.cpp:57] [configure] Configuring HEF took 171.858878 milliseconds
[2026-04-17 12:39:45.276] [90839] [HailoRT] [info] [vdevice.cpp:780] [configure] Configuring HEF on VDevice took 172.288137 milliseconds
[2026-04-17 12:39:45.276] [90839] [HailoRT] [info] [control.cpp:113] [control__parse_identify_results] firmware_version is: 4.23.0
[2026-04-17 12:39:45.276] [90839] [HailoRT] [info] [control.cpp:113] [control__parse_identify_results] firmware_version is: 4.23.0
[2026-04-17 12:39:45.306] [90839] [HailoRT] [info] [core_op.cpp:156] [activate] Activating yolov11n took 29.332414 milliseconds. Note that the function is asynchronous and thus the network is not fully activated yet.
[2026-04-17 12:39:45.306] [90839] [HailoRT] [info] [core_op.cpp:156] [activate] Activating yolov11n took 29.360229 milliseconds. Note that the function is asynchronous and thus the network is not fully activated yet.
[2026-04-17 12:39:45.319] [90839] [HailoRT] [info] [control.cpp:113] [control__parse_identify_results] firmware_version is: 4.23.0
[2026-04-17 12:39:45.319] [90839] [HailoRT] [info] [control.cpp:113] [control__parse_identify_results] firmware_version is: 4.23.0
[2026-04-17 12:39:45.319] [90839] [HailoRT] [info] [edge_elements.cpp:52] [create] Created (HwWriteEl8yolov11n/input_layer1 | hw_frame_size: 1228800)
[2026-04-17 12:39:45.319] [90839] [HailoRT] [info] [queue_elements.cpp:284] [create] Created (PushQEl8yolov11n/input_layer1 | timeout: 10s)
[2026-04-17 12:39:45.319] [90839] [HailoRT] [info] [filter_elements.cpp:101] [create] Created (PreInferEl8yolov11n/input_layer1 | Reorder - src_order: NHWC, src_shape: (640, 640, 3), dst_order: NHCW, dst_shape: (640, 640, 3))
[2026-04-17 12:39:45.319] [90839] [HailoRT] [info] [vstream.cpp:754] [InputVStreamImpl] Creating yolov11n/input_layer1...
[2026-04-17 12:39:45.319] [90839] [HailoRT] [info] [vstream_builder.cpp:102] [create_inputs] Input pipeline 'yolov11n/input_layer1': (PreInferEl8yolov11n/input_layer1 | Reorder - src_order: NHWC, src_shape: (640, 640, 3), dst_order: NHCW, dst_shape: (640, 640, 3)) >> (PushQEl8yolov11n/input_layer1 | timeout: 10s) >> (HwWriteEl8yolov11n/input_layer1 | hw_frame_size: 1228800) >> HW
[2026-04-17 12:39:45.319] [90839] [HailoRT] [info] [multi_io_elements.cpp:135] [create] Created (NmsPPMuxEl0YOLOV8-Post-Process | Op YOLOV8, Name: YOLOV8-Post-Process, Score threshold: 0.200, IoU threshold: 0.70, Classes: 80, Max bboxes per class: 100, Image height: 640, Image width: 640)
[2026-04-17 12:39:45.319] [90839] [HailoRT] [info] [edge_elements.cpp:287] [create] Created (HwReadEl3yolov11n/conv51_143 | hw_frame_size: 409600)
[2026-04-17 12:39:45.319] [90839] [HailoRT] [info] [queue_elements.cpp:657] [create] Created (PullQEl_nms3yolov11n/conv51_143 | timeout: 10s)
[2026-04-17 12:39:45.319] [90839] [HailoRT] [info] [edge_elements.cpp:287] [create] Created (HwReadEl12yolov11n/conv54_143 | hw_frame_size: 512000)
[2026-04-17 12:39:45.319] [90839] [HailoRT] [info] [queue_elements.cpp:657] [create] Created (PullQEl_nms12yolov11n/conv54_143 | timeout: 10s)
[2026-04-17 12:39:45.319] [90839] [HailoRT] [info] [edge_elements.cpp:287] [create] Created (HwReadEl15yolov11n/conv62_143 | hw_frame_size: 102400)
[2026-04-17 12:39:45.319] [90839] [HailoRT] [info] [queue_elements.cpp:657] [create] Created (PullQEl_nms15yolov11n/conv62_143 | timeout: 10s)
[2026-04-17 12:39:45.319] [90839] [HailoRT] [info] [edge_elements.cpp:287] [create] Created (HwReadEl13yolov11n/conv65_143 | hw_frame_size: 128000)
[2026-04-17 12:39:45.320] [90839] [HailoRT] [info] [queue_elements.cpp:657] [create] Created (PullQEl_nms13yolov11n/conv65_143 | timeout: 10s)
[2026-04-17 12:39:45.320] [90839] [HailoRT] [info] [edge_elements.cpp:287] [create] Created (HwReadEl1yolov11n/conv77_143 | hw_frame_size: 30720)
[2026-04-17 12:39:45.320] [90839] [HailoRT] [info] [queue_elements.cpp:657] [create] Created (PullQEl_nms1yolov11n/conv77_143 | timeout: 10s)
[2026-04-17 12:39:45.320] [90839] [HailoRT] [info] [edge_elements.cpp:287] [create] Created (HwReadEl0yolov11n/conv80_143 | hw_frame_size: 38400)
[2026-04-17 12:39:45.320] [90839] [HailoRT] [info] [queue_elements.cpp:657] [create] Created (PullQEl_nms0yolov11n/conv80_143 | timeout: 10s)
[2026-04-17 12:39:45.320] [90839] [HailoRT] [info] [queue_elements.cpp:800] [create] Created (UserBufQEl_post_infer0yolov11n/yolov8_nms_postprocess | timeout: 10s)
[2026-04-17 12:39:45.320] [90839] [HailoRT] [info] [vstream.cpp:1114] [OutputVStreamImpl] Creating yolov11n/yolov8_nms_postprocess...
[2026-04-17 12:39:45.320] [90839] [HailoRT] [info] [vstream_builder.cpp:622] [create_output_post_process_nms] Output pipeline 'yolov11n/yolov8_nms_postprocess': HW >> (HwReadEl3yolov11n/conv51_143 | hw_frame_size: 409600) >> (PullQEl_nms3yolov11n/conv51_143) >> (HwReadEl12yolov11n/conv54_143 | hw_frame_size: 512000) >> (PullQEl_nms12yolov11n/conv54_143) >> (HwReadEl15yolov11n/conv62_143 | hw_frame_size: 102400) >> (PullQEl_nms15yolov11n/conv62_143) >> (HwReadEl13yolov11n/conv65_143 | hw_frame_size: 128000) >> (PullQEl_nms13yolov11n/conv65_143) >> (HwReadEl1yolov11n/conv77_143 | hw_frame_size: 30720) >> (PullQEl_nms1yolov11n/conv77_143) >> (HwReadEl0yolov11n/conv80_143 | hw_frame_size: 38400) >> (PullQEl_nms0yolov11n/conv80_143) >> (NmsPPMuxEl0YOLOV8-Post-Process | Op YOLOV8, Name: YOLOV8-Post-Process, Score threshold: 0.200, IoU threshold: 0.70, Classes: 80, Max bboxes per class: 100, Image height: 640, Image width: 640) >> (UserBufQEl_post_infer0yolov11n/yolov8_nms_postprocess | timeout: 10s)
[2026-04-17 12:40:45.320] [91880] [HailoRT] [info] [vdevice_native_stream.cpp:331] [read_impl] Failed read from stream HAILO_STREAM_ABORT(63) (device: 0001:01:00.0)
[2026-04-17 12:40:45.320] [91876] [HailoRT] [info] [vdevice_native_stream.cpp:331] [read_impl] Failed read from stream HAILO_STREAM_ABORT(63) (device: 0001:01:00.0)
[2026-04-17 12:40:45.320] [91878] [HailoRT] [info] [vdevice_native_stream.cpp:331] [read_impl] Failed read from stream HAILO_STREAM_ABORT(63) (device: 0001:01:00.0)
[2026-04-17 12:40:45.320] [91879] [HailoRT] [info] [vdevice_native_stream.cpp:331] [read_impl] Failed read from stream HAILO_STREAM_ABORT(63) (device: 0001:01:00.0)
[2026-04-17 12:40:45.320] [91875] [HailoRT] [info] [vdevice_native_stream.cpp:331] [read_impl] Failed read from stream HAILO_STREAM_ABORT(63) (device: 0001:01:00.0)
[2026-04-17 12:40:45.320] [91877] [HailoRT] [info] [vdevice_native_stream.cpp:331] [read_impl] Failed read from stream HAILO_STREAM_ABORT(63) (device: 0001:01:00.0)
[2026-04-17 12:40:45.320] [91878] [HailoRT] [info] [edge_elements.cpp:396] [run_pull] Reading from stream was aborted!
[2026-04-17 12:40:45.320] [91879] [HailoRT] [info] [edge_elements.cpp:396] [run_pull] Reading from stream was aborted!
[2026-04-17 12:40:45.320] [91878] [HailoRT] [info] [queue_elements.cpp:738] [run_in_thread] run_pull of queue element PullQEl_nms13yolov11n/conv65_143 was aborted!
[2026-04-17 12:40:45.320] [91879] [HailoRT] [info] [queue_elements.cpp:738] [run_in_thread] run_pull of queue element PullQEl_nms1yolov11n/conv77_143 was aborted!
[2026-04-17 12:40:45.320] [91875] [HailoRT] [info] [edge_elements.cpp:396] [run_pull] Reading from stream was aborted!
[2026-04-17 12:40:45.320] [91880] [HailoRT] [info] [edge_elements.cpp:396] [run_pull] Reading from stream was aborted!
[2026-04-17 12:40:45.320] [91877] [HailoRT] [info] [edge_elements.cpp:396] [run_pull] Reading from stream was aborted!
[2026-04-17 12:40:45.320] [91880] [HailoRT] [info] [queue_elements.cpp:738] [run_in_thread] run_pull of queue element PullQEl_nms0yolov11n/conv80_143 was aborted!
[2026-04-17 12:40:45.320] [91875] [HailoRT] [info] [queue_elements.cpp:738] [run_in_thread] run_pull of queue element PullQEl_nms3yolov11n/conv51_143 was aborted!
[2026-04-17 12:40:45.320] [91877] [HailoRT] [info] [queue_elements.cpp:738] [run_in_thread] run_pull of queue element PullQEl_nms15yolov11n/conv62_143 was aborted!
[2026-04-17 12:40:45.320] [91876] [HailoRT] [info] [edge_elements.cpp:396] [run_pull] Reading from stream was aborted!
[2026-04-17 12:40:45.320] [91876] [HailoRT] [info] [queue_elements.cpp:738] [run_in_thread] run_pull of queue element PullQEl_nms12yolov11n/conv54_143 was aborted!
[2026-04-17 12:40:45.320] [91884] [HailoRT] [info] [queue_elements.cpp:706] [run_pull] Shutdown event was signaled in dequeue of queue element PullQEl_nms3yolov11n/conv51_143!
[2026-04-17 12:40:45.320] [91884] [HailoRT] [info] [vstream.cpp:1138] [read] Receiving to VStream was shutdown!
[2026-04-17 12:40:45.321] [91874] [HailoRT] [info] [vdevice_native_stream.cpp:142] [write_impl] Failed write to stream yolov11n/input_layer1 (device: 0001:01:00.0) with status=HAILO_STREAM_ABORT(63)
[2026-04-17 12:40:45.321] [91874] [HailoRT] [info] [edge_elements.cpp:87] [run_push] Failed to send on input stream InputStream(index=8, name=yolov11n/input_layer1) because stream was aborted
[2026-04-17 12:40:45.321] [91874] [HailoRT] [info] [queue_elements.cpp:401] [run_in_thread] run_push of PushQEl8yolov11n/input_layer1 was aborted!
[2026-04-17 12:40:45.322] [91885] [HailoRT] [info] [queue_elements.cpp:319] [run_push] run_push of PushQEl8yolov11n/input_layer1 was aborted!
[2026-04-17 12:40:45.322] [91885] [HailoRT] [info] [filter_elements.cpp:35] [run_push] run_push of PreInferEl8yolov11n/input_layer1 was aborted!
[2026-04-17 12:40:45.322] [91885] [HailoRT] [info] [vstream.cpp:778] [write] Sending to VStream was aborted!
[2026-04-17 12:40:45.329] [90839] [HailoRT] [info] [queue_elements.cpp:360] [execute_deactivate] enqueue() in element PushQEl8yolov11n/input_layer1 was aborted, got status = HAILO_SHUTDOWN_EVENT_SIGNALED(57)
[2026-04-17 12:40:45.329] [91874] [HailoRT] [info] [queue_elements.cpp:68] [operator()] Thread in element PushQEl8yolov11n/input_layer1 is not running anymore, exiting..
[2026-04-17 12:40:45.329] [90839] [HailoRT] [info] [queue_elements.cpp:46] [~BaseQueueElement] Queue element PushQEl8yolov11n/input_layer1 has 0 frames in his Queue on destruction
[2026-04-17 12:40:45.329] [91881] [HailoRT] [info] [queue_elements.cpp:68] [operator()] Thread in element UserBufQEl_post_infer0yolov11n/yolov8_nms_postprocess is not running anymore, exiting..
[2026-04-17 12:40:45.329] [90839] [HailoRT] [info] [queue_elements.cpp:46] [~BaseQueueElement] Queue element UserBufQEl_post_infer0yolov11n/yolov8_nms_postprocess has 0 frames in his Queue on destruction
[2026-04-17 12:40:45.329] [91880] [HailoRT] [info] [queue_elements.cpp:68] [operator()] Thread in element PullQEl_nms0yolov11n/conv80_143 is not running anymore, exiting..
[2026-04-17 12:40:45.329] [90839] [HailoRT] [info] [queue_elements.cpp:46] [~BaseQueueElement] Queue element PullQEl_nms0yolov11n/conv80_143 has 0 frames in his Queue on destruction
[2026-04-17 12:40:45.329] [91879] [HailoRT] [info] [queue_elements.cpp:68] [operator()] Thread in element PullQEl_nms1yolov11n/conv77_143 is not running anymore, exiting..
[2026-04-17 12:40:45.329] [90839] [HailoRT] [info] [queue_elements.cpp:46] [~BaseQueueElement] Queue element PullQEl_nms1yolov11n/conv77_143 has 0 frames in his Queue on destruction
[2026-04-17 12:40:45.329] [91878] [HailoRT] [info] [queue_elements.cpp:68] [operator()] Thread in element PullQEl_nms13yolov11n/conv65_143 is not running anymore, exiting..
[2026-04-17 12:40:45.329] [90839] [HailoRT] [info] [queue_elements.cpp:46] [~BaseQueueElement] Queue element PullQEl_nms13yolov11n/conv65_143 has 0 frames in his Queue on destruction
[2026-04-17 12:40:45.329] [91877] [HailoRT] [info] [queue_elements.cpp:68] [operator()] Thread in element PullQEl_nms15yolov11n/conv62_143 is not running anymore, exiting..
[2026-04-17 12:40:45.329] [90839] [HailoRT] [info] [queue_elements.cpp:46] [~BaseQueueElement] Queue element PullQEl_nms15yolov11n/conv62_143 has 0 frames in his Queue on destruction
[2026-04-17 12:40:45.329] [91876] [HailoRT] [info] [queue_elements.cpp:68] [operator()] Thread in element PullQEl_nms12yolov11n/conv54_143 is not running anymore, exiting..
[2026-04-17 12:40:45.329] [90839] [HailoRT] [info] [queue_elements.cpp:46] [~BaseQueueElement] Queue element PullQEl_nms12yolov11n/conv54_143 has 0 frames in his Queue on destruction
[2026-04-17 12:40:45.329] [91875] [HailoRT] [info] [queue_elements.cpp:68] [operator()] Thread in element PullQEl_nms3yolov11n/conv51_143 is not running anymore, exiting..
[2026-04-17 12:40:45.329] [90839] [HailoRT] [info] [queue_elements.cpp:46] [~BaseQueueElement] Queue element PullQEl_nms3yolov11n/conv51_143 has 0 frames in his Queue on destruction
[2026-04-17 12:40:45.330] [90839] [HailoRT] [info] [core_op.cpp:186] [deactivate] Deactivating took 0.007704 ms
[2026-04-17 12:40:45.330] [90839] [HailoRT] [info] [core_op.cpp:186] [deactivate] Deactivating took 0.016148 ms
[2026-04-17 12:40:55.705] [92402] [HailoRT] [info] [vdevice.cpp:535] [create] Creating vdevice with params: device_count: 1, scheduling_algorithm: NONE, multi_process_service: false
[2026-04-17 12:40:55.718] [92402] [HailoRT] [info] [device.cpp:51] [Device] OS Version: Linux 6.12.75+rpt-rpi-2712 #1 SMP PREEMPT Debian 1:6.12.75-1+rpt1 (2026-03-11) aarch64
[2026-04-17 12:40:55.718] [92402] [HailoRT] [info] [control.cpp:113] [control__parse_identify_results] firmware_version is: 4.23.0
[2026-04-17 12:40:55.719] [92402] [HailoRT] [info] [vdevice.cpp:682] [create] VDevice Infos: 0001:01:00.0
[2026-04-17 12:40:55.726] [92402] [HailoRT] [warning] [buffer_requirements.cpp:131] [get_buffer_requirements_multiple_transfers] Desc page size value (1024) is not optimal for performance.
[2026-04-17 12:40:55.754] [92402] [HailoRT] [info] [internal_buffer_manager.cpp:77] [print_execution_results] Planned internal buffer memory: CMA=0 CMA-Desc=1572864 Pinned=70659072. memory to edge layer usage factor is 1
[2026-04-17 12:40:55.754] [92402] [HailoRT] [info] [internal_buffer_manager.cpp:86] [print_execution_results] Default Internal buffer planner executed successfully
[2026-04-17 12:40:55.882] [92402] [HailoRT] [info] [device_internal.cpp:57] [configure] Configuring HEF took 163.142946 milliseconds
[2026-04-17 12:40:55.882] [92402] [HailoRT] [info] [vdevice.cpp:780] [configure] Configuring HEF on VDevice took 163.616649 milliseconds
[2026-04-17 12:40:55.883] [92402] [HailoRT] [info] [control.cpp:113] [control__parse_identify_results] firmware_version is: 4.23.0
[2026-04-17 12:40:55.883] [92402] [HailoRT] [info] [control.cpp:113] [control__parse_identify_results] firmware_version is: 4.23.0
[2026-04-17 12:40:55.925] [92402] [HailoRT] [info] [core_op.cpp:156] [activate] Activating yolov11n took 41.927467 milliseconds. Note that the function is asynchronous and thus the network is not fully activated yet.
[2026-04-17 12:40:55.925] [92402] [HailoRT] [info] [core_op.cpp:156] [activate] Activating yolov11n took 41.958577 milliseconds. Note that the function is asynchronous and thus the network is not fully activated yet.
[2026-04-17 12:40:55.938] [92402] [HailoRT] [info] [control.cpp:113] [control__parse_identify_results] firmware_version is: 4.23.0
[2026-04-17 12:40:55.938] [92402] [HailoRT] [info] [control.cpp:113] [control__parse_identify_results] firmware_version is: 4.23.0
[2026-04-17 12:40:57.108] [92394] [HailoRT] [info] [device.cpp:51] [Device] OS Version: Linux 6.12.75+rpt-rpi-2712 #1 SMP PREEMPT Debian 1:6.12.75-1+rpt1 (2026-03-11) aarch64
[2026-04-17 12:40:57.108] [92394] [HailoRT] [info] [control.cpp:113] [control__parse_identify_results] firmware_version is: 4.23.0
[2026-04-17 12:40:57.108] [92394] [HailoRT] [info] [control.cpp:113] [control__parse_identify_results] firmware_version is: 4.23.0
[2026-04-17 12:41:55.939] [92417] [HailoRT] [info] [vdevice_native_stream.cpp:142] [write_impl] Failed write to stream yolov11n/input_layer1 (device: 0001:01:00.0) with status=HAILO_STREAM_ABORT(63)
[2026-04-17 12:41:55.939] [92415] [HailoRT] [info] [vdevice_native_stream.cpp:331] [read_impl] Failed read from stream HAILO_STREAM_ABORT(63) (device: 0001:01:00.0)
[2026-04-17 12:41:55.939] [92411] [HailoRT] [info] [vdevice_native_stream.cpp:331] [read_impl] Failed read from stream HAILO_STREAM_ABORT(63) (device: 0001:01:00.0)
[2026-04-17 12:41:55.939] [92414] [HailoRT] [info] [vdevice_native_stream.cpp:331] [read_impl] Failed read from stream HAILO_STREAM_ABORT(63) (device: 0001:01:00.0)
[2026-04-17 12:41:55.939] [92416] [HailoRT] [info] [vdevice_native_stream.cpp:331] [read_impl] Failed read from stream HAILO_STREAM_ABORT(63) (device: 0001:01:00.0)
[2026-04-17 12:41:55.939] [92412] [HailoRT] [info] [vdevice_native_stream.cpp:331] [read_impl] Failed read from stream HAILO_STREAM_ABORT(63) (device: 0001:01:00.0)
[2026-04-17 12:41:55.939] [92413] [HailoRT] [info] [vdevice_native_stream.cpp:331] [read_impl] Failed read from stream HAILO_STREAM_ABORT(63) (device: 0001:01:00.0)
[2026-04-17 12:41:55.982] [92402] [HailoRT] [info] [core_op.cpp:186] [deactivate] Deactivating took 0.007259 ms
[2026-04-17 12:41:55.982] [92402] [HailoRT] [info] [core_op.cpp:186] [deactivate] Deactivating took 0.026389 ms
[2026-04-17 12:41:56.048] [92402] [HailoRT] [info] [vdevice.cpp:535] [create] Creating vdevice with params: device_count: 1, scheduling_algorithm: NONE, multi_process_service: false
[2026-04-17 12:41:56.048] [92402] [HailoRT] [info] [device.cpp:51] [Device] OS Version: Linux 6.12.75+rpt-rpi-2712 #1 SMP PREEMPT Debian 1:6.12.75-1+rpt1 (2026-03-11) aarch64
[2026-04-17 12:41:56.048] [92402] [HailoRT] [info] [control.cpp:113] [control__parse_identify_results] firmware_version is: 4.23.0
[2026-04-17 12:41:56.048] [92402] [HailoRT] [info] [vdevice.cpp:682] [create] VDevice Infos: 0001:01:00.0
[2026-04-17 12:41:56.057] [92402] [HailoRT] [warning] [buffer_requirements.cpp:131] [get_buffer_requirements_multiple_transfers] Desc page size value (1024) is not optimal for performance.
[2026-04-17 12:41:56.084] [92402] [HailoRT] [info] [internal_buffer_manager.cpp:77] [print_execution_results] Planned internal buffer memory: CMA=0 CMA-Desc=1572864 Pinned=70659072. memory to edge layer usage factor is 1
[2026-04-17 12:41:56.084] [92402] [HailoRT] [info] [internal_buffer_manager.cpp:86] [print_execution_results] Default Internal buffer planner executed successfully
[2026-04-17 12:41:56.209] [92402] [HailoRT] [info] [device_internal.cpp:57] [configure] Configuring HEF took 160.512311 milliseconds
[2026-04-17 12:41:56.209] [92402] [HailoRT] [info] [vdevice.cpp:780] [configure] Configuring HEF on VDevice took 160.880736 milliseconds
[2026-04-17 12:41:56.209] [92402] [HailoRT] [info] [control.cpp:113] [control__parse_identify_results] firmware_version is: 4.23.0
[2026-04-17 12:41:56.210] [92402] [HailoRT] [info] [control.cpp:113] [control__parse_identify_results] firmware_version is: 4.23.0
[2026-04-17 12:41:56.246] [92402] [HailoRT] [info] [core_op.cpp:156] [activate] Activating yolov11n took 36.362967 milliseconds. Note that the function is asynchronous and thus the network is not fully activated yet.
[2026-04-17 12:41:56.246] [92402] [HailoRT] [info] [core_op.cpp:156] [activate] Activating yolov11n took 36.385078 milliseconds. Note that the function is asynchronous and thus the network is not fully activated yet.
[2026-04-17 12:41:56.259] [92402] [HailoRT] [info] [control.cpp:113] [control__parse_identify_results] firmware_version is: 4.23.0
[2026-04-17 12:41:56.259] [92402] [HailoRT] [info] [control.cpp:113] [control__parse_identify_results] firmware_version is: 4.23.0
[2026-04-17 12:41:56.259] [92402] [HailoRT] [info] [edge_elements.cpp:52] [create] Created (HwWriteEl8yolov11n/input_layer1 | hw_frame_size: 1228800)
[2026-04-17 12:41:56.260] [92402] [HailoRT] [info] [queue_elements.cpp:284] [create] Created (PushQEl8yolov11n/input_layer1 | timeout: 10s)
[2026-04-17 12:41:56.260] [92402] [HailoRT] [info] [filter_elements.cpp:101] [create] Created (PreInferEl8yolov11n/input_layer1 | Reorder - src_order: NHWC, src_shape: (640, 640, 3), dst_order: NHCW, dst_shape: (640, 640, 3))
[2026-04-17 12:41:56.260] [92402] [HailoRT] [info] [vstream.cpp:754] [InputVStreamImpl] Creating yolov11n/input_layer1...
[2026-04-17 12:41:56.260] [92402] [HailoRT] [info] [vstream_builder.cpp:102] [create_inputs] Input pipeline 'yolov11n/input_layer1': (PreInferEl8yolov11n/input_layer1 | Reorder - src_order: NHWC, src_shape: (640, 640, 3), dst_order: NHCW, dst_shape: (640, 640, 3)) >> (PushQEl8yolov11n/input_layer1 | timeout: 10s) >> (HwWriteEl8yolov11n/input_layer1 | hw_frame_size: 1228800) >> HW
[2026-04-17 12:41:56.260] [92402] [HailoRT] [info] [multi_io_elements.cpp:135] [create] Created (NmsPPMuxEl0YOLOV8-Post-Process | Op YOLOV8, Name: YOLOV8-Post-Process, Score threshold: 0.200, IoU threshold: 0.70, Classes: 80, Max bboxes per class: 100, Image height: 640, Image width: 640)
[2026-04-17 12:41:56.260] [92402] [HailoRT] [info] [edge_elements.cpp:287] [create] Created (HwReadEl3yolov11n/conv51_143 | hw_frame_size: 409600)
[2026-04-17 12:41:56.260] [92402] [HailoRT] [info] [queue_elements.cpp:657] [create] Created (PullQEl_nms3yolov11n/conv51_143 | timeout: 10s)
[2026-04-17 12:41:56.260] [92402] [HailoRT] [info] [edge_elements.cpp:287] [create] Created (HwReadEl12yolov11n/conv54_143 | hw_frame_size: 512000)
[2026-04-17 12:41:56.260] [92402] [HailoRT] [info] [queue_elements.cpp:657] [create] Created (PullQEl_nms12yolov11n/conv54_143 | timeout: 10s)
[2026-04-17 12:41:56.260] [92402] [HailoRT] [info] [edge_elements.cpp:287] [create] Created (HwReadEl15yolov11n/conv62_143 | hw_frame_size: 102400)
[2026-04-17 12:41:56.260] [92402] [HailoRT] [info] [queue_elements.cpp:657] [create] Created (PullQEl_nms15yolov11n/conv62_143 | timeout: 10s)
[2026-04-17 12:41:56.260] [92402] [HailoRT] [info] [edge_elements.cpp:287] [create] Created (HwReadEl13yolov11n/conv65_143 | hw_frame_size: 128000)
[2026-04-17 12:41:56.260] [92402] [HailoRT] [info] [queue_elements.cpp:657] [create] Created (PullQEl_nms13yolov11n/conv65_143 | timeout: 10s)
[2026-04-17 12:41:56.260] [92402] [HailoRT] [info] [edge_elements.cpp:287] [create] Created (HwReadEl1yolov11n/conv77_143 | hw_frame_size: 30720)
[2026-04-17 12:41:56.260] [92402] [HailoRT] [info] [queue_elements.cpp:657] [create] Created (PullQEl_nms1yolov11n/conv77_143 | timeout: 10s)
[2026-04-17 12:41:56.260] [92402] [HailoRT] [info] [edge_elements.cpp:287] [create] Created (HwReadEl0yolov11n/conv80_143 | hw_frame_size: 38400)
[2026-04-17 12:41:56.260] [92402] [HailoRT] [info] [queue_elements.cpp:657] [create] Created (PullQEl_nms0yolov11n/conv80_143 | timeout: 10s)
[2026-04-17 12:41:56.260] [92402] [HailoRT] [info] [queue_elements.cpp:800] [create] Created (UserBufQEl_post_infer0yolov11n/yolov8_nms_postprocess | timeout: 10s)
[2026-04-17 12:41:56.260] [92402] [HailoRT] [info] [vstream.cpp:1114] [OutputVStreamImpl] Creating yolov11n/yolov8_nms_postprocess...
[2026-04-17 12:41:56.260] [92402] [HailoRT] [info] [vstream_builder.cpp:622] [create_output_post_process_nms] Output pipeline 'yolov11n/yolov8_nms_postprocess': HW >> (HwReadEl3yolov11n/conv51_143 | hw_frame_size: 409600) >> (PullQEl_nms3yolov11n/conv51_143) >> (HwReadEl12yolov11n/conv54_143 | hw_frame_size: 512000) >> (PullQEl_nms12yolov11n/conv54_143) >> (HwReadEl15yolov11n/conv62_143 | hw_frame_size: 102400) >> (PullQEl_nms15yolov11n/conv62_143) >> (HwReadEl13yolov11n/conv65_143 | hw_frame_size: 128000) >> (PullQEl_nms13yolov11n/conv65_143) >> (HwReadEl1yolov11n/conv77_143 | hw_frame_size: 30720) >> (PullQEl_nms1yolov11n/conv77_143) >> (HwReadEl0yolov11n/conv80_143 | hw_frame_size: 38400) >> (PullQEl_nms0yolov11n/conv80_143) >> (NmsPPMuxEl0YOLOV8-Post-Process | Op YOLOV8, Name: YOLOV8-Post-Process, Score threshold: 0.200, IoU threshold: 0.70, Classes: 80, Max bboxes per class: 100, Image height: 640, Image width: 640) >> (UserBufQEl_post_infer0yolov11n/yolov8_nms_postprocess | timeout: 10s)
[2026-04-17 12:42:56.261] [92934] [HailoRT] [info] [vdevice_native_stream.cpp:142] [write_impl] Failed write to stream yolov11n/input_layer1 (device: 0001:01:00.0) with status=HAILO_STREAM_ABORT(63)
[2026-04-17 12:42:56.261] [92937] [HailoRT] [info] [vdevice_native_stream.cpp:331] [read_impl] Failed read from stream HAILO_STREAM_ABORT(63) (device: 0001:01:00.0)
[2026-04-17 12:42:56.261] [92937] [HailoRT] [info] [edge_elements.cpp:396] [run_pull] Reading from stream was aborted!
[2026-04-17 12:42:56.261] [92934] [HailoRT] [info] [edge_elements.cpp:87] [run_push] Failed to send on input stream InputStream(index=8, name=yolov11n/input_layer1) because stream was aborted
[2026-04-17 12:42:56.261] [92936] [HailoRT] [info] [vdevice_native_stream.cpp:331] [read_impl] Failed read from stream HAILO_STREAM_ABORT(63) (device: 0001:01:00.0)
[2026-04-17 12:42:56.261] [92936] [HailoRT] [info] [edge_elements.cpp:396] [run_pull] Reading from stream was aborted!
[2026-04-17 12:42:56.261] [92938] [HailoRT] [info] [vdevice_native_stream.cpp:331] [read_impl] Failed read from stream HAILO_STREAM_ABORT(63) (device: 0001:01:00.0)
[2026-04-17 12:42:56.261] [92938] [HailoRT] [info] [edge_elements.cpp:396] [run_pull] Reading from stream was aborted!
[2026-04-17 12:42:56.261] [92934] [HailoRT] [info] [queue_elements.cpp:401] [run_in_thread] run_push of PushQEl8yolov11n/input_layer1 was aborted!
[2026-04-17 12:42:56.261] [92940] [HailoRT] [info] [vdevice_native_stream.cpp:331] [read_impl] Failed read from stream HAILO_STREAM_ABORT(63) (device: 0001:01:00.0)
[2026-04-17 12:42:56.261] [92940] [HailoRT] [info] [edge_elements.cpp:396] [run_pull] Reading from stream was aborted!
[2026-04-17 12:42:56.261] [92938] [HailoRT] [info] [queue_elements.cpp:738] [run_in_thread] run_pull of queue element PullQEl_nms13yolov11n/conv65_143 was aborted!
[2026-04-17 12:42:56.261] [92940] [HailoRT] [info] [queue_elements.cpp:738] [run_in_thread] run_pull of queue element PullQEl_nms0yolov11n/conv80_143 was aborted!
[2026-04-17 12:42:56.261] [92937] [HailoRT] [info] [queue_elements.cpp:738] [run_in_thread] run_pull of queue element PullQEl_nms15yolov11n/conv62_143 was aborted!
[2026-04-17 12:42:56.261] [92936] [HailoRT] [info] [queue_elements.cpp:738] [run_in_thread] run_pull of queue element PullQEl_nms12yolov11n/conv54_143 was aborted!
[2026-04-17 12:42:56.261] [92935] [HailoRT] [info] [vdevice_native_stream.cpp:331] [read_impl] Failed read from stream HAILO_STREAM_ABORT(63) (device: 0001:01:00.0)
[2026-04-17 12:42:56.261] [92935] [HailoRT] [info] [edge_elements.cpp:396] [run_pull] Reading from stream was aborted!
[2026-04-17 12:42:56.261] [92939] [HailoRT] [info] [vdevice_native_stream.cpp:331] [read_impl] Failed read from stream HAILO_STREAM_ABORT(63) (device: 0001:01:00.0)
[2026-04-17 12:42:56.261] [92939] [HailoRT] [info] [edge_elements.cpp:396] [run_pull] Reading from stream was aborted!
[2026-04-17 12:42:56.261] [92935] [HailoRT] [info] [queue_elements.cpp:738] [run_in_thread] run_pull of queue element PullQEl_nms3yolov11n/conv51_143 was aborted!
[2026-04-17 12:42:56.261] [92939] [HailoRT] [info] [queue_elements.cpp:738] [run_in_thread] run_pull of queue element PullQEl_nms1yolov11n/conv77_143 was aborted!
[2026-04-17 12:42:56.261] [92945] [HailoRT] [info] [queue_elements.cpp:319] [run_push] run_push of PushQEl8yolov11n/input_layer1 was aborted!
[2026-04-17 12:42:56.261] [92945] [HailoRT] [info] [filter_elements.cpp:35] [run_push] run_push of PreInferEl8yolov11n/input_layer1 was aborted!
[2026-04-17 12:42:56.261] [92945] [HailoRT] [info] [vstream.cpp:778] [write] Sending to VStream was aborted!
[2026-04-17 12:42:56.261] [92944] [HailoRT] [info] [queue_elements.cpp:706] [run_pull] Shutdown event was signaled in dequeue of queue element PullQEl_nms3yolov11n/conv51_143!
[2026-04-17 12:42:56.261] [92944] [HailoRT] [info] [vstream.cpp:1138] [read] Receiving to VStream was shutdown!
[2026-04-17 12:42:56.269] [92402] [HailoRT] [info] [queue_elements.cpp:360] [execute_deactivate] enqueue() in element PushQEl8yolov11n/input_layer1 was aborted, got status = HAILO_SHUTDOWN_EVENT_SIGNALED(57)
[2026-04-17 12:42:56.269] [92934] [HailoRT] [info] [queue_elements.cpp:68] [operator()] Thread in element PushQEl8yolov11n/input_layer1 is not running anymore, exiting..
[2026-04-17 12:42:56.270] [92402] [HailoRT] [info] [queue_elements.cpp:46] [~BaseQueueElement] Queue element PushQEl8yolov11n/input_layer1 has 0 frames in his Queue on destruction
[2026-04-17 12:42:56.270] [92941] [HailoRT] [info] [queue_elements.cpp:68] [operator()] Thread in element UserBufQEl_post_infer0yolov11n/yolov8_nms_postprocess is not running anymore, exiting..
[2026-04-17 12:42:56.270] [92402] [HailoRT] [info] [queue_elements.cpp:46] [~BaseQueueElement] Queue element UserBufQEl_post_infer0yolov11n/yolov8_nms_postprocess has 0 frames in his Queue on destruction
[2026-04-17 12:42:56.270] [92940] [HailoRT] [info] [queue_elements.cpp:68] [operator()] Thread in element PullQEl_nms0yolov11n/conv80_143 is not running anymore, exiting..
[2026-04-17 12:42:56.270] [92402] [HailoRT] [info] [queue_elements.cpp:46] [~BaseQueueElement] Queue element PullQEl_nms0yolov11n/conv80_143 has 0 frames in his Queue on destruction
[2026-04-17 12:42:56.270] [92939] [HailoRT] [info] [queue_elements.cpp:68] [operator()] Thread in element PullQEl_nms1yolov11n/conv77_143 is not running anymore, exiting..
[2026-04-17 12:42:56.270] [92402] [HailoRT] [info] [queue_elements.cpp:46] [~BaseQueueElement] Queue element PullQEl_nms1yolov11n/conv77_143 has 0 frames in his Queue on destruction
[2026-04-17 12:42:56.270] [92938] [HailoRT] [info] [queue_elements.cpp:68] [operator()] Thread in element PullQEl_nms13yolov11n/conv65_143 is not running anymore, exiting..
[2026-04-17 12:42:56.270] [92402] [HailoRT] [info] [queue_elements.cpp:46] [~BaseQueueElement] Queue element PullQEl_nms13yolov11n/conv65_143 has 0 frames in his Queue on destruction
[2026-04-17 12:42:56.270] [92937] [HailoRT] [info] [queue_elements.cpp:68] [operator()] Thread in element PullQEl_nms15yolov11n/conv62_143 is not running anymore, exiting..
[2026-04-17 12:42:56.270] [92402] [HailoRT] [info] [queue_elements.cpp:46] [~BaseQueueElement] Queue element PullQEl_nms15yolov11n/conv62_143 has 0 frames in his Queue on destruction
[2026-04-17 12:42:56.270] [92936] [HailoRT] [info] [queue_elements.cpp:68] [operator()] Thread in element PullQEl_nms12yolov11n/conv54_143 is not running anymore, exiting..
[2026-04-17 12:42:56.270] [92402] [HailoRT] [info] [queue_elements.cpp:46] [~BaseQueueElement] Queue element PullQEl_nms12yolov11n/conv54_143 has 0 frames in his Queue on destruction
[2026-04-17 12:42:56.270] [92935] [HailoRT] [info] [queue_elements.cpp:68] [operator()] Thread in element PullQEl_nms3yolov11n/conv51_143 is not running anymore, exiting..
[2026-04-17 12:42:56.270] [92402] [HailoRT] [info] [queue_elements.cpp:46] [~BaseQueueElement] Queue element PullQEl_nms3yolov11n/conv51_143 has 0 frames in his Queue on destruction
[2026-04-17 12:42:56.270] [92402] [HailoRT] [info] [core_op.cpp:186] [deactivate] Deactivating took 0.007444 ms
[2026-04-17 12:42:56.270] [92402] [HailoRT] [info] [core_op.cpp:186] [deactivate] Deactivating took 0.016426 ms
[2026-04-17 12:42:56.351] [92402] [HailoRT] [info] [vdevice.cpp:535] [create] Creating vdevice with params: device_count: 1, scheduling_algorithm: NONE, multi_process_service: false
[2026-04-17 12:42:56.352] [92402] [HailoRT] [info] [device.cpp:51] [Device] OS Version: Linux 6.12.75+rpt-rpi-2712 #1 SMP PREEMPT Debian 1:6.12.75-1+rpt1 (2026-03-11) aarch64
[2026-04-17 12:42:56.352] [92402] [HailoRT] [info] [control.cpp:113] [control__parse_identify_results] firmware_version is: 4.23.0
[2026-04-17 12:42:56.352] [92402] [HailoRT] [info] [vdevice.cpp:682] [create] VDevice Infos: 0001:01:00.0
[2026-04-17 12:42:56.361] [92402] [HailoRT] [warning] [buffer_requirements.cpp:131] [get_buffer_requirements_multiple_transfers] Desc page size value (1024) is not optimal for performance.
[2026-04-17 12:42:56.389] [92402] [HailoRT] [info] [internal_buffer_manager.cpp:77] [print_execution_results] Planned internal buffer memory: CMA=0 CMA-Desc=1572864 Pinned=70659072. memory to edge layer usage factor is 1
[2026-04-17 12:42:56.389] [92402] [HailoRT] [info] [internal_buffer_manager.cpp:86] [print_execution_results] Default Internal buffer planner executed successfully
[2026-04-17 12:42:56.533] [92402] [HailoRT] [info] [device_internal.cpp:57] [configure] Configuring HEF took 180.731479 milliseconds
[2026-04-17 12:42:56.533] [92402] [HailoRT] [info] [vdevice.cpp:780] [configure] Configuring HEF on VDevice took 181.097682 milliseconds
[2026-04-17 12:42:56.534] [92402] [HailoRT] [info] [control.cpp:113] [control__parse_identify_results] firmware_version is: 4.23.0
[2026-04-17 12:42:56.534] [92402] [HailoRT] [info] [control.cpp:113] [control__parse_identify_results] firmware_version is: 4.23.0
[2026-04-17 12:42:56.563] [92402] [HailoRT] [info] [core_op.cpp:156] [activate] Activating yolov11n took 29.34188 milliseconds. Note that the function is asynchronous and thus the network is not fully activated yet.
[2026-04-17 12:42:56.563] [92402] [HailoRT] [info] [core_op.cpp:156] [activate] Activating yolov11n took 29.365565 milliseconds. Note that the function is asynchronous and thus the network is not fully activated yet.
[2026-04-17 12:42:56.576] [92402] [HailoRT] [info] [control.cpp:113] [control__parse_identify_results] firmware_version is: 4.23.0
[2026-04-17 12:42:56.577] [92402] [HailoRT] [info] [control.cpp:113] [control__parse_identify_results] firmware_version is: 4.23.0
[2026-04-17 12:42:56.577] [92402] [HailoRT] [info] [edge_elements.cpp:52] [create] Created (HwWriteEl8yolov11n/input_layer1 | hw_frame_size: 1228800)
[2026-04-17 12:42:56.577] [92402] [HailoRT] [info] [queue_elements.cpp:284] [create] Created (PushQEl8yolov11n/input_layer1 | timeout: 10s)
[2026-04-17 12:42:56.577] [92402] [HailoRT] [info] [filter_elements.cpp:101] [create] Created (PreInferEl8yolov11n/input_layer1 | Reorder - src_order: NHWC, src_shape: (640, 640, 3), dst_order: NHCW, dst_shape: (640, 640, 3))
[2026-04-17 12:42:56.577] [92402] [HailoRT] [info] [vstream.cpp:754] [InputVStreamImpl] Creating yolov11n/input_layer1...
[2026-04-17 12:42:56.577] [92402] [HailoRT] [info] [vstream_builder.cpp:102] [create_inputs] Input pipeline 'yolov11n/input_layer1': (PreInferEl8yolov11n/input_layer1 | Reorder - src_order: NHWC, src_shape: (640, 640, 3), dst_order: NHCW, dst_shape: (640, 640, 3)) >> (PushQEl8yolov11n/input_layer1 | timeout: 10s) >> (HwWriteEl8yolov11n/input_layer1 | hw_frame_size: 1228800) >> HW
[2026-04-17 12:42:56.577] [92402] [HailoRT] [info] [multi_io_elements.cpp:135] [create] Created (NmsPPMuxEl0YOLOV8-Post-Process | Op YOLOV8, Name: YOLOV8-Post-Process, Score threshold: 0.200, IoU threshold: 0.70, Classes: 80, Max bboxes per class: 100, Image height: 640, Image width: 640)
[2026-04-17 12:42:56.577] [92402] [HailoRT] [info] [edge_elements.cpp:287] [create] Created (HwReadEl3yolov11n/conv51_143 | hw_frame_size: 409600)
[2026-04-17 12:42:56.577] [92402] [HailoRT] [info] [queue_elements.cpp:657] [create] Created (PullQEl_nms3yolov11n/conv51_143 | timeout: 10s)
[2026-04-17 12:42:56.577] [92402] [HailoRT] [info] [edge_elements.cpp:287] [create] Created (HwReadEl12yolov11n/conv54_143 | hw_frame_size: 512000)
[2026-04-17 12:42:56.577] [92402] [HailoRT] [info] [queue_elements.cpp:657] [create] Created (PullQEl_nms12yolov11n/conv54_143 | timeout: 10s)
[2026-04-17 12:42:56.577] [92402] [HailoRT] [info] [edge_elements.cpp:287] [create] Created (HwReadEl15yolov11n/conv62_143 | hw_frame_size: 102400)
[2026-04-17 12:42:56.577] [92402] [HailoRT] [info] [queue_elements.cpp:657] [create] Created (PullQEl_nms15yolov11n/conv62_143 | timeout: 10s)
[2026-04-17 12:42:56.577] [92402] [HailoRT] [info] [edge_elements.cpp:287] [create] Created (HwReadEl13yolov11n/conv65_143 | hw_frame_size: 128000)
[2026-04-17 12:42:56.577] [92402] [HailoRT] [info] [queue_elements.cpp:657] [create] Created (PullQEl_nms13yolov11n/conv65_143 | timeout: 10s)
[2026-04-17 12:42:56.577] [92402] [HailoRT] [info] [edge_elements.cpp:287] [create] Created (HwReadEl1yolov11n/conv77_143 | hw_frame_size: 30720)
[2026-04-17 12:42:56.577] [92402] [HailoRT] [info] [queue_elements.cpp:657] [create] Created (PullQEl_nms1yolov11n/conv77_143 | timeout: 10s)
[2026-04-17 12:42:56.577] [92402] [HailoRT] [info] [edge_elements.cpp:287] [create] Created (HwReadEl0yolov11n/conv80_143 | hw_frame_size: 38400)
[2026-04-17 12:42:56.577] [92402] [HailoRT] [info] [queue_elements.cpp:657] [create] Created (PullQEl_nms0yolov11n/conv80_143 | timeout: 10s)
[2026-04-17 12:42:56.577] [92402] [HailoRT] [info] [queue_elements.cpp:800] [create] Created (UserBufQEl_post_infer0yolov11n/yolov8_nms_postprocess | timeout: 10s)
[2026-04-17 12:42:56.577] [92402] [HailoRT] [info] [vstream.cpp:1114] [OutputVStreamImpl] Creating yolov11n/yolov8_nms_postprocess...
[2026-04-17 12:42:56.577] [92402] [HailoRT] [info] [vstream_builder.cpp:622] [create_output_post_process_nms] Output pipeline 'yolov11n/yolov8_nms_postprocess': HW >> (HwReadEl3yolov11n/conv51_143 | hw_frame_size: 409600) >> (PullQEl_nms3yolov11n/conv51_143) >> (HwReadEl12yolov11n/conv54_143 | hw_frame_size: 512000) >> (PullQEl_nms12yolov11n/conv54_143) >> (HwReadEl15yolov11n/conv62_143 | hw_frame_size: 102400) >> (PullQEl_nms15yolov11n/conv62_143) >> (HwReadEl13yolov11n/conv65_143 | hw_frame_size: 128000) >> (PullQEl_nms13yolov11n/conv65_143) >> (HwReadEl1yolov11n/conv77_143 | hw_frame_size: 30720) >> (PullQEl_nms1yolov11n/conv77_143) >> (HwReadEl0yolov11n/conv80_143 | hw_frame_size: 38400) >> (PullQEl_nms0yolov11n/conv80_143) >> (NmsPPMuxEl0YOLOV8-Post-Process | Op YOLOV8, Name: YOLOV8-Post-Process, Score threshold: 0.200, IoU threshold: 0.70, Classes: 80, Max bboxes per class: 100, Image height: 640, Image width: 640) >> (UserBufQEl_post_infer0yolov11n/yolov8_nms_postprocess | timeout: 10s)
[2026-04-17 12:43:56.578] [93442] [HailoRT] [info] [vdevice_native_stream.cpp:331] [read_impl] Failed read from stream HAILO_STREAM_ABORT(63) (device: 0001:01:00.0)
[2026-04-17 12:43:56.578] [93442] [HailoRT] [info] [edge_elements.cpp:396] [run_pull] Reading from stream was aborted!
[2026-04-17 12:43:56.578] [93439] [HailoRT] [info] [vdevice_native_stream.cpp:331] [read_impl] Failed read from stream HAILO_STREAM_ABORT(63) (device: 0001:01:00.0)
[2026-04-17 12:43:56.578] [93439] [HailoRT] [info] [edge_elements.cpp:396] [run_pull] Reading from stream was aborted!
[2026-04-17 12:43:56.578] [93443] [HailoRT] [info] [vdevice_native_stream.cpp:331] [read_impl] Failed read from stream HAILO_STREAM_ABORT(63) (device: 0001:01:00.0)
[2026-04-17 12:43:56.578] [93443] [HailoRT] [info] [edge_elements.cpp:396] [run_pull] Reading from stream was aborted!
[2026-04-17 12:43:56.578] [93439] [HailoRT] [info] [queue_elements.cpp:738] [run_in_thread] run_pull of queue element PullQEl_nms12yolov11n/conv54_143 was aborted!
[2026-04-17 12:43:56.578] [93443] [HailoRT] [info] [queue_elements.cpp:738] [run_in_thread] run_pull of queue element PullQEl_nms0yolov11n/conv80_143 was aborted!
[2026-04-17 12:43:56.578] [93438] [HailoRT] [info] [vdevice_native_stream.cpp:331] [read_impl] Failed read from stream HAILO_STREAM_ABORT(63) (device: 0001:01:00.0)
[2026-04-17 12:43:56.578] [93438] [HailoRT] [info] [edge_elements.cpp:396] [run_pull] Reading from stream was aborted!
[2026-04-17 12:43:56.578] [93440] [HailoRT] [info] [vdevice_native_stream.cpp:331] [read_impl] Failed read from stream HAILO_STREAM_ABORT(63) (device: 0001:01:00.0)
[2026-04-17 12:43:56.578] [93440] [HailoRT] [info] [edge_elements.cpp:396] [run_pull] Reading from stream was aborted!
[2026-04-17 12:43:56.578] [93438] [HailoRT] [info] [queue_elements.cpp:738] [run_in_thread] run_pull of queue element PullQEl_nms3yolov11n/conv51_143 was aborted!
[2026-04-17 12:43:56.578] [93440] [HailoRT] [info] [queue_elements.cpp:738] [run_in_thread] run_pull of queue element PullQEl_nms15yolov11n/conv62_143 was aborted!
[2026-04-17 12:43:56.578] [93441] [HailoRT] [info] [vdevice_native_stream.cpp:331] [read_impl] Failed read from stream HAILO_STREAM_ABORT(63) (device: 0001:01:00.0)
[2026-04-17 12:43:56.578] [93442] [HailoRT] [info] [queue_elements.cpp:738] [run_in_thread] run_pull of queue element PullQEl_nms1yolov11n/conv77_143 was aborted!
[2026-04-17 12:43:56.578] [93447] [HailoRT] [info] [queue_elements.cpp:706] [run_pull] Shutdown event was signaled in dequeue of queue element PullQEl_nms3yolov11n/conv51_143!
[2026-04-17 12:43:56.578] [93447] [HailoRT] [info] [vstream.cpp:1138] [read] Receiving to VStream was shutdown!
[2026-04-17 12:43:56.578] [93441] [HailoRT] [info] [edge_elements.cpp:396] [run_pull] Reading from stream was aborted!
[2026-04-17 12:43:56.578] [93441] [HailoRT] [info] [queue_elements.cpp:738] [run_in_thread] run_pull of queue element PullQEl_nms13yolov11n/conv65_143 was aborted!
[2026-04-17 12:43:56.579] [93437] [HailoRT] [info] [vdevice_native_stream.cpp:142] [write_impl] Failed write to stream yolov11n/input_layer1 (device: 0001:01:00.0) with status=HAILO_STREAM_ABORT(63)
[2026-04-17 12:43:56.579] [93437] [HailoRT] [info] [edge_elements.cpp:87] [run_push] Failed to send on input stream InputStream(index=8, name=yolov11n/input_layer1) because stream was aborted
[2026-04-17 12:43:56.579] [93437] [HailoRT] [info] [queue_elements.cpp:401] [run_in_thread] run_push of PushQEl8yolov11n/input_layer1 was aborted!
[2026-04-17 12:43:56.580] [93448] [HailoRT] [info] [queue_elements.cpp:319] [run_push] run_push of PushQEl8yolov11n/input_layer1 was aborted!
[2026-04-17 12:43:56.580] [93448] [HailoRT] [info] [filter_elements.cpp:35] [run_push] run_push of PreInferEl8yolov11n/input_layer1 was aborted!
[2026-04-17 12:43:56.580] [93448] [HailoRT] [info] [vstream.cpp:778] [write] Sending to VStream was aborted!
[2026-04-17 12:43:56.586] [92402] [HailoRT] [info] [queue_elements.cpp:360] [execute_deactivate] enqueue() in element PushQEl8yolov11n/input_layer1 was aborted, got status = HAILO_SHUTDOWN_EVENT_SIGNALED(57)
[2026-04-17 12:43:56.586] [93437] [HailoRT] [info] [queue_elements.cpp:68] [operator()] Thread in element PushQEl8yolov11n/input_layer1 is not running anymore, exiting..
[2026-04-17 12:43:56.586] [92402] [HailoRT] [info] [queue_elements.cpp:46] [~BaseQueueElement] Queue element PushQEl8yolov11n/input_layer1 has 0 frames in his Queue on destruction
[2026-04-17 12:43:56.586] [93444] [HailoRT] [info] [queue_elements.cpp:68] [operator()] Thread in element UserBufQEl_post_infer0yolov11n/yolov8_nms_postprocess is not running anymore, exiting..
[2026-04-17 12:43:56.586] [92402] [HailoRT] [info] [queue_elements.cpp:46] [~BaseQueueElement] Queue element UserBufQEl_post_infer0yolov11n/yolov8_nms_postprocess has 0 frames in his Queue on destruction
[2026-04-17 12:43:56.586] [93443] [HailoRT] [info] [queue_elements.cpp:68] [operator()] Thread in element PullQEl_nms0yolov11n/conv80_143 is not running anymore, exiting..
[2026-04-17 12:43:56.586] [92402] [HailoRT] [info] [queue_elements.cpp:46] [~BaseQueueElement] Queue element PullQEl_nms0yolov11n/conv80_143 has 0 frames in his Queue on destruction
[2026-04-17 12:43:56.586] [93442] [HailoRT] [info] [queue_elements.cpp:68] [operator()] Thread in element PullQEl_nms1yolov11n/conv77_143 is not running anymore, exiting..
[2026-04-17 12:43:56.586] [92402] [HailoRT] [info] [queue_elements.cpp:46] [~BaseQueueElement] Queue element PullQEl_nms1yolov11n/conv77_143 has 0 frames in his Queue on destruction
[2026-04-17 12:43:56.586] [93441] [HailoRT] [info] [queue_elements.cpp:68] [operator()] Thread in element PullQEl_nms13yolov11n/conv65_143 is not running anymore, exiting..
[2026-04-17 12:43:56.586] [92402] [HailoRT] [info] [queue_elements.cpp:46] [~BaseQueueElement] Queue element PullQEl_nms13yolov11n/conv65_143 has 0 frames in his Queue on destruction
[2026-04-17 12:43:56.586] [93440] [HailoRT] [info] [queue_elements.cpp:68] [operator()] Thread in element PullQEl_nms15yolov11n/conv62_143 is not running anymore, exiting..
[2026-04-17 12:43:56.586] [92402] [HailoRT] [info] [queue_elements.cpp:46] [~BaseQueueElement] Queue element PullQEl_nms15yolov11n/conv62_143 has 0 frames in his Queue on destruction
[2026-04-17 12:43:56.586] [93439] [HailoRT] [info] [queue_elements.cpp:68] [operator()] Thread in element PullQEl_nms12yolov11n/conv54_143 is not running anymore, exiting..
[2026-04-17 12:43:56.587] [92402] [HailoRT] [info] [queue_elements.cpp:46] [~BaseQueueElement] Queue element PullQEl_nms12yolov11n/conv54_143 has 0 frames in his Queue on destruction
[2026-04-17 12:43:56.587] [93438] [HailoRT] [info] [queue_elements.cpp:68] [operator()] Thread in element PullQEl_nms3yolov11n/conv51_143 is not running anymore, exiting..
[2026-04-17 12:43:56.587] [92402] [HailoRT] [info] [queue_elements.cpp:46] [~BaseQueueElement] Queue element PullQEl_nms3yolov11n/conv51_143 has 0 frames in his Queue on destruction
[2026-04-17 12:43:56.587] [92402] [HailoRT] [info] [core_op.cpp:186] [deactivate] Deactivating took 0.008722 ms
[2026-04-17 12:43:56.587] [92402] [HailoRT] [info] [core_op.cpp:186] [deactivate] Deactivating took 0.016518 ms
[2026-04-17 12:44:06.932] [93964] [HailoRT] [info] [vdevice.cpp:535] [create] Creating vdevice with params: device_count: 1, scheduling_algorithm: NONE, multi_process_service: false
[2026-04-17 12:44:06.943] [93964] [HailoRT] [info] [device.cpp:51] [Device] OS Version: Linux 6.12.75+rpt-rpi-2712 #1 SMP PREEMPT Debian 1:6.12.75-1+rpt1 (2026-03-11) aarch64
[2026-04-17 12:44:06.943] [93964] [HailoRT] [info] [control.cpp:113] [control__parse_identify_results] firmware_version is: 4.23.0
[2026-04-17 12:44:06.943] [93964] [HailoRT] [info] [vdevice.cpp:682] [create] VDevice Infos: 0001:01:00.0
[2026-04-17 12:44:06.949] [93964] [HailoRT] [warning] [buffer_requirements.cpp:131] [get_buffer_requirements_multiple_transfers] Desc page size value (1024) is not optimal for performance.
[2026-04-17 12:44:06.982] [93964] [HailoRT] [info] [internal_buffer_manager.cpp:77] [print_execution_results] Planned internal buffer memory: CMA=0 CMA-Desc=1572864 Pinned=71836672. memory to edge layer usage factor is 1
[2026-04-17 12:44:06.982] [93964] [HailoRT] [info] [internal_buffer_manager.cpp:86] [print_execution_results] Default Internal buffer planner executed successfully
[2026-04-17 12:44:07.111] [93964] [HailoRT] [info] [device_internal.cpp:57] [configure] Configuring HEF took 167.760585 milliseconds
[2026-04-17 12:44:07.112] [93964] [HailoRT] [info] [vdevice.cpp:780] [configure] Configuring HEF on VDevice took 168.170307 milliseconds
[2026-04-17 12:44:07.112] [93964] [HailoRT] [info] [control.cpp:113] [control__parse_identify_results] firmware_version is: 4.23.0
[2026-04-17 12:44:07.112] [93964] [HailoRT] [info] [control.cpp:113] [control__parse_identify_results] firmware_version is: 4.23.0
[2026-04-17 12:44:07.149] [93964] [HailoRT] [info] [core_op.cpp:156] [activate] Activating yolov11n took 36.584123 milliseconds. Note that the function is asynchronous and thus the network is not fully activated yet.
[2026-04-17 12:44:07.149] [93964] [HailoRT] [info] [core_op.cpp:156] [activate] Activating yolov11n took 36.613548 milliseconds. Note that the function is asynchronous and thus the network is not fully activated yet.
[2026-04-17 12:44:07.162] [93964] [HailoRT] [info] [control.cpp:113] [control__parse_identify_results] firmware_version is: 4.23.0
[2026-04-17 12:44:07.162] [93964] [HailoRT] [info] [control.cpp:113] [control__parse_identify_results] firmware_version is: 4.23.0
[2026-04-17 12:44:08.314] [93956] [HailoRT] [info] [device.cpp:51] [Device] OS Version: Linux 6.12.75+rpt-rpi-2712 #1 SMP PREEMPT Debian 1:6.12.75-1+rpt1 (2026-03-11) aarch64
[2026-04-17 12:44:08.315] [93956] [HailoRT] [info] [control.cpp:113] [control__parse_identify_results] firmware_version is: 4.23.0
[2026-04-17 12:44:08.316] [93956] [HailoRT] [info] [control.cpp:113] [control__parse_identify_results] firmware_version is: 4.23.0
[2026-04-17 12:45:07.163] [93975] [HailoRT] [info] [vdevice_native_stream.cpp:331] [read_impl] Failed read from stream HAILO_STREAM_ABORT(63) (device: 0001:01:00.0)
[2026-04-17 12:45:07.163] [93979] [HailoRT] [info] [vdevice_native_stream.cpp:331] [read_impl] Failed read from stream HAILO_STREAM_ABORT(63) (device: 0001:01:00.0)
[2026-04-17 12:45:07.163] [93974] [HailoRT] [info] [vdevice_native_stream.cpp:331] [read_impl] Failed read from stream HAILO_STREAM_ABORT(63) (device: 0001:01:00.0)
[2026-04-17 12:45:07.163] [93980] [HailoRT] [info] [vdevice_native_stream.cpp:142] [write_impl] Failed write to stream yolov11n/input_layer1 (device: 0001:01:00.0) with status=HAILO_STREAM_ABORT(63)
[2026-04-17 12:45:07.163] [93978] [HailoRT] [info] [vdevice_native_stream.cpp:331] [read_impl] Failed read from stream HAILO_STREAM_ABORT(63) (device: 0001:01:00.0)
[2026-04-17 12:45:07.163] [93977] [HailoRT] [info] [vdevice_native_stream.cpp:331] [read_impl] Failed read from stream HAILO_STREAM_ABORT(63) (device: 0001:01:00.0)
[2026-04-17 12:45:07.163] [93976] [HailoRT] [info] [vdevice_native_stream.cpp:331] [read_impl] Failed read from stream HAILO_STREAM_ABORT(63) (device: 0001:01:00.0)
[2026-04-17 12:45:07.206] [93964] [HailoRT] [info] [core_op.cpp:186] [deactivate] Deactivating took 0.008852 ms
[2026-04-17 12:45:07.206] [93964] [HailoRT] [info] [core_op.cpp:186] [deactivate] Deactivating took 0.033092 ms
[2026-04-17 12:45:07.284] [93964] [HailoRT] [info] [vdevice.cpp:535] [create] Creating vdevice with params: device_count: 1, scheduling_algorithm: NONE, multi_process_service: false
[2026-04-17 12:45:07.284] [93964] [HailoRT] [info] [device.cpp:51] [Device] OS Version: Linux 6.12.75+rpt-rpi-2712 #1 SMP PREEMPT Debian 1:6.12.75-1+rpt1 (2026-03-11) aarch64
[2026-04-17 12:45:07.284] [93964] [HailoRT] [info] [control.cpp:113] [control__parse_identify_results] firmware_version is: 4.23.0
[2026-04-17 12:45:07.284] [93964] [HailoRT] [info] [vdevice.cpp:682] [create] VDevice Infos: 0001:01:00.0
[2026-04-17 12:45:07.293] [93964] [HailoRT] [warning] [buffer_requirements.cpp:131] [get_buffer_requirements_multiple_transfers] Desc page size value (1024) is not optimal for performance.
[2026-04-17 12:45:07.322] [93964] [HailoRT] [info] [internal_buffer_manager.cpp:77] [print_execution_results] Planned internal buffer memory: CMA=0 CMA-Desc=1572864 Pinned=71836672. memory to edge layer usage factor is 1
[2026-04-17 12:45:07.322] [93964] [HailoRT] [info] [internal_buffer_manager.cpp:86] [print_execution_results] Default Internal buffer planner executed successfully
[2026-04-17 12:45:07.463] [93964] [HailoRT] [info] [device_internal.cpp:57] [configure] Configuring HEF took 178.63414 milliseconds
[2026-04-17 12:45:07.463] [93964] [HailoRT] [info] [vdevice.cpp:780] [configure] Configuring HEF on VDevice took 178.997972 milliseconds
[2026-04-17 12:45:07.463] [93964] [HailoRT] [info] [control.cpp:113] [control__parse_identify_results] firmware_version is: 4.23.0
[2026-04-17 12:45:07.464] [93964] [HailoRT] [info] [control.cpp:113] [control__parse_identify_results] firmware_version is: 4.23.0
[2026-04-17 12:45:07.500] [93964] [HailoRT] [info] [core_op.cpp:156] [activate] Activating yolov11n took 36.601471 milliseconds. Note that the function is asynchronous and thus the network is not fully activated yet.
[2026-04-17 12:45:07.500] [93964] [HailoRT] [info] [core_op.cpp:156] [activate] Activating yolov11n took 36.626174 milliseconds. Note that the function is asynchronous and thus the network is not fully activated yet.
[2026-04-17 12:45:07.514] [93964] [HailoRT] [info] [control.cpp:113] [control__parse_identify_results] firmware_version is: 4.23.0
[2026-04-17 12:45:07.514] [93964] [HailoRT] [info] [control.cpp:113] [control__parse_identify_results] firmware_version is: 4.23.0
[2026-04-17 12:45:07.514] [93964] [HailoRT] [info] [edge_elements.cpp:52] [create] Created (HwWriteEl8yolov11n/input_layer1 | hw_frame_size: 1228800)
[2026-04-17 12:45:07.514] [93964] [HailoRT] [info] [queue_elements.cpp:284] [create] Created (PushQEl8yolov11n/input_layer1 | timeout: 10s)
[2026-04-17 12:45:07.514] [93964] [HailoRT] [info] [filter_elements.cpp:101] [create] Created (PreInferEl8yolov11n/input_layer1 | Reorder - src_order: NHWC, src_shape: (640, 640, 3), dst_order: NHCW, dst_shape: (640, 640, 3))
[2026-04-17 12:45:07.514] [93964] [HailoRT] [info] [vstream.cpp:754] [InputVStreamImpl] Creating yolov11n/input_layer1...
[2026-04-17 12:45:07.514] [93964] [HailoRT] [info] [vstream_builder.cpp:102] [create_inputs] Input pipeline 'yolov11n/input_layer1': (PreInferEl8yolov11n/input_layer1 | Reorder - src_order: NHWC, src_shape: (640, 640, 3), dst_order: NHCW, dst_shape: (640, 640, 3)) >> (PushQEl8yolov11n/input_layer1 | timeout: 10s) >> (HwWriteEl8yolov11n/input_layer1 | hw_frame_size: 1228800) >> HW
[2026-04-17 12:45:07.514] [93964] [HailoRT] [info] [multi_io_elements.cpp:135] [create] Created (NmsPPMuxEl0YOLOV8-Post-Process | Op YOLOV8, Name: YOLOV8-Post-Process, Score threshold: 0.200, IoU threshold: 0.70, Classes: 80, Max bboxes per class: 100, Image height: 640, Image width: 640)
[2026-04-17 12:45:07.514] [93964] [HailoRT] [info] [edge_elements.cpp:287] [create] Created (HwReadEl3yolov11n/conv51_143 | hw_frame_size: 409600)
[2026-04-17 12:45:07.514] [93964] [HailoRT] [info] [queue_elements.cpp:657] [create] Created (PullQEl_nms3yolov11n/conv51_143 | timeout: 10s)
[2026-04-17 12:45:07.514] [93964] [HailoRT] [info] [edge_elements.cpp:287] [create] Created (HwReadEl12yolov11n/conv54_143 | hw_frame_size: 512000)
[2026-04-17 12:45:07.514] [93964] [HailoRT] [info] [queue_elements.cpp:657] [create] Created (PullQEl_nms12yolov11n/conv54_143 | timeout: 10s)
[2026-04-17 12:45:07.514] [93964] [HailoRT] [info] [edge_elements.cpp:287] [create] Created (HwReadEl15yolov11n/conv62_143 | hw_frame_size: 102400)
[2026-04-17 12:45:07.514] [93964] [HailoRT] [info] [queue_elements.cpp:657] [create] Created (PullQEl_nms15yolov11n/conv62_143 | timeout: 10s)
[2026-04-17 12:45:07.514] [93964] [HailoRT] [info] [edge_elements.cpp:287] [create] Created (HwReadEl13yolov11n/conv65_143 | hw_frame_size: 128000)
[2026-04-17 12:45:07.515] [93964] [HailoRT] [info] [queue_elements.cpp:657] [create] Created (PullQEl_nms13yolov11n/conv65_143 | timeout: 10s)
[2026-04-17 12:45:07.515] [93964] [HailoRT] [info] [edge_elements.cpp:287] [create] Created (HwReadEl1yolov11n/conv77_143 | hw_frame_size: 30720)
[2026-04-17 12:45:07.515] [93964] [HailoRT] [info] [queue_elements.cpp:657] [create] Created (PullQEl_nms1yolov11n/conv77_143 | timeout: 10s)
[2026-04-17 12:45:07.515] [93964] [HailoRT] [info] [edge_elements.cpp:287] [create] Created (HwReadEl0yolov11n/conv80_143 | hw_frame_size: 38400)
[2026-04-17 12:45:07.515] [93964] [HailoRT] [info] [queue_elements.cpp:657] [create] Created (PullQEl_nms0yolov11n/conv80_143 | timeout: 10s)
[2026-04-17 12:45:07.515] [93964] [HailoRT] [info] [queue_elements.cpp:800] [create] Created (UserBufQEl_post_infer0yolov11n/yolov8_nms_postprocess | timeout: 10s)
[2026-04-17 12:45:07.515] [93964] [HailoRT] [info] [vstream.cpp:1114] [OutputVStreamImpl] Creating yolov11n/yolov8_nms_postprocess...
[2026-04-17 12:45:07.515] [93964] [HailoRT] [info] [vstream_builder.cpp:622] [create_output_post_process_nms] Output pipeline 'yolov11n/yolov8_nms_postprocess': HW >> (HwReadEl3yolov11n/conv51_143 | hw_frame_size: 409600) >> (PullQEl_nms3yolov11n/conv51_143) >> (HwReadEl12yolov11n/conv54_143 | hw_frame_size: 512000) >> (PullQEl_nms12yolov11n/conv54_143) >> (HwReadEl15yolov11n/conv62_143 | hw_frame_size: 102400) >> (PullQEl_nms15yolov11n/conv62_143) >> (HwReadEl13yolov11n/conv65_143 | hw_frame_size: 128000) >> (PullQEl_nms13yolov11n/conv65_143) >> (HwReadEl1yolov11n/conv77_143 | hw_frame_size: 30720) >> (PullQEl_nms1yolov11n/conv77_143) >> (HwReadEl0yolov11n/conv80_143 | hw_frame_size: 38400) >> (PullQEl_nms0yolov11n/conv80_143) >> (NmsPPMuxEl0YOLOV8-Post-Process | Op YOLOV8, Name: YOLOV8-Post-Process, Score threshold: 0.200, IoU threshold: 0.70, Classes: 80, Max bboxes per class: 100, Image height: 640, Image width: 640) >> (UserBufQEl_post_infer0yolov11n/yolov8_nms_postprocess | timeout: 10s)
[2026-04-17 12:46:07.515] [94494] [HailoRT] [info] [vdevice_native_stream.cpp:142] [write_impl] Failed write to stream yolov11n/input_layer1 (device: 0001:01:00.0) with status=HAILO_STREAM_ABORT(63)
[2026-04-17 12:46:07.515] [94494] [HailoRT] [info] [edge_elements.cpp:87] [run_push] Failed to send on input stream InputStream(index=8, name=yolov11n/input_layer1) because stream was aborted
[2026-04-17 12:46:07.515] [94494] [HailoRT] [info] [queue_elements.cpp:401] [run_in_thread] run_push of PushQEl8yolov11n/input_layer1 was aborted!
[2026-04-17 12:46:07.515] [94497] [HailoRT] [info] [vdevice_native_stream.cpp:331] [read_impl] Failed read from stream HAILO_STREAM_ABORT(63) (device: 0001:01:00.0)
[2026-04-17 12:46:07.515] [94497] [HailoRT] [info] [edge_elements.cpp:396] [run_pull] Reading from stream was aborted!
[2026-04-17 12:46:07.515] [94500] [HailoRT] [info] [vdevice_native_stream.cpp:331] [read_impl] Failed read from stream HAILO_STREAM_ABORT(63) (device: 0001:01:00.0)
[2026-04-17 12:46:07.515] [94500] [HailoRT] [info] [edge_elements.cpp:396] [run_pull] Reading from stream was aborted!
[2026-04-17 12:46:07.515] [94497] [HailoRT] [info] [queue_elements.cpp:738] [run_in_thread] run_pull of queue element PullQEl_nms15yolov11n/conv62_143 was aborted!
[2026-04-17 12:46:07.515] [94495] [HailoRT] [info] [vdevice_native_stream.cpp:331] [read_impl] Failed read from stream HAILO_STREAM_ABORT(63) (device: 0001:01:00.0)
[2026-04-17 12:46:07.515] [94500] [HailoRT] [info] [queue_elements.cpp:738] [run_in_thread] run_pull of queue element PullQEl_nms0yolov11n/conv80_143 was aborted!
[2026-04-17 12:46:07.515] [94495] [HailoRT] [info] [edge_elements.cpp:396] [run_pull] Reading from stream was aborted!
[2026-04-17 12:46:07.515] [94499] [HailoRT] [info] [vdevice_native_stream.cpp:331] [read_impl] Failed read from stream HAILO_STREAM_ABORT(63) (device: 0001:01:00.0)
[2026-04-17 12:46:07.515] [94495] [HailoRT] [info] [queue_elements.cpp:738] [run_in_thread] run_pull of queue element PullQEl_nms3yolov11n/conv51_143 was aborted!
[2026-04-17 12:46:07.515] [94499] [HailoRT] [info] [edge_elements.cpp:396] [run_pull] Reading from stream was aborted!
[2026-04-17 12:46:07.515] [94499] [HailoRT] [info] [queue_elements.cpp:738] [run_in_thread] run_pull of queue element PullQEl_nms1yolov11n/conv77_143 was aborted!
[2026-04-17 12:46:07.515] [94496] [HailoRT] [info] [vdevice_native_stream.cpp:331] [read_impl] Failed read from stream HAILO_STREAM_ABORT(63) (device: 0001:01:00.0)
[2026-04-17 12:46:07.515] [94496] [HailoRT] [info] [edge_elements.cpp:396] [run_pull] Reading from stream was aborted!
[2026-04-17 12:46:07.515] [94504] [HailoRT] [info] [queue_elements.cpp:706] [run_pull] Shutdown event was signaled in dequeue of queue element PullQEl_nms3yolov11n/conv51_143!
[2026-04-17 12:46:07.515] [94496] [HailoRT] [info] [queue_elements.cpp:738] [run_in_thread] run_pull of queue element PullQEl_nms12yolov11n/conv54_143 was aborted!
[2026-04-17 12:46:07.515] [94504] [HailoRT] [info] [vstream.cpp:1138] [read] Receiving to VStream was shutdown!
[2026-04-17 12:46:07.515] [94505] [HailoRT] [info] [vstream.cpp:774] [write] Sending to VStream was shutdown!
[2026-04-17 12:46:07.515] [94505] [HailoRT] [info] [vstream.cpp:778] [write] Sending to VStream was aborted!
[2026-04-17 12:46:07.515] [94498] [HailoRT] [info] [vdevice_native_stream.cpp:331] [read_impl] Failed read from stream HAILO_STREAM_ABORT(63) (device: 0001:01:00.0)
[2026-04-17 12:46:07.515] [94498] [HailoRT] [info] [edge_elements.cpp:396] [run_pull] Reading from stream was aborted!
[2026-04-17 12:46:07.515] [94498] [HailoRT] [info] [queue_elements.cpp:738] [run_in_thread] run_pull of queue element PullQEl_nms13yolov11n/conv65_143 was aborted!
[2026-04-17 12:46:07.524] [93964] [HailoRT] [info] [queue_elements.cpp:360] [execute_deactivate] enqueue() in element PushQEl8yolov11n/input_layer1 was aborted, got status = HAILO_SHUTDOWN_EVENT_SIGNALED(57)
[2026-04-17 12:46:07.524] [94494] [HailoRT] [info] [queue_elements.cpp:68] [operator()] Thread in element PushQEl8yolov11n/input_layer1 is not running anymore, exiting..
[2026-04-17 12:46:07.524] [93964] [HailoRT] [info] [queue_elements.cpp:46] [~BaseQueueElement] Queue element PushQEl8yolov11n/input_layer1 has 1 frames in his Queue on destruction
[2026-04-17 12:46:07.525] [94501] [HailoRT] [info] [queue_elements.cpp:68] [operator()] Thread in element UserBufQEl_post_infer0yolov11n/yolov8_nms_postprocess is not running anymore, exiting..
[2026-04-17 12:46:07.525] [93964] [HailoRT] [info] [queue_elements.cpp:46] [~BaseQueueElement] Queue element UserBufQEl_post_infer0yolov11n/yolov8_nms_postprocess has 0 frames in his Queue on destruction
[2026-04-17 12:46:07.525] [94500] [HailoRT] [info] [queue_elements.cpp:68] [operator()] Thread in element PullQEl_nms0yolov11n/conv80_143 is not running anymore, exiting..
[2026-04-17 12:46:07.525] [93964] [HailoRT] [info] [queue_elements.cpp:46] [~BaseQueueElement] Queue element PullQEl_nms0yolov11n/conv80_143 has 0 frames in his Queue on destruction
[2026-04-17 12:46:07.525] [94499] [HailoRT] [info] [queue_elements.cpp:68] [operator()] Thread in element PullQEl_nms1yolov11n/conv77_143 is not running anymore, exiting..
[2026-04-17 12:46:07.525] [93964] [HailoRT] [info] [queue_elements.cpp:46] [~BaseQueueElement] Queue element PullQEl_nms1yolov11n/conv77_143 has 0 frames in his Queue on destruction
[2026-04-17 12:46:07.525] [94498] [HailoRT] [info] [queue_elements.cpp:68] [operator()] Thread in element PullQEl_nms13yolov11n/conv65_143 is not running anymore, exiting..
[2026-04-17 12:46:07.525] [93964] [HailoRT] [info] [queue_elements.cpp:46] [~BaseQueueElement] Queue element PullQEl_nms13yolov11n/conv65_143 has 0 frames in his Queue on destruction
[2026-04-17 12:46:07.525] [94497] [HailoRT] [info] [queue_elements.cpp:68] [operator()] Thread in element PullQEl_nms15yolov11n/conv62_143 is not running anymore, exiting..
[2026-04-17 12:46:07.525] [93964] [HailoRT] [info] [queue_elements.cpp:46] [~BaseQueueElement] Queue element PullQEl_nms15yolov11n/conv62_143 has 0 frames in his Queue on destruction
[2026-04-17 12:46:07.525] [94496] [HailoRT] [info] [queue_elements.cpp:68] [operator()] Thread in element PullQEl_nms12yolov11n/conv54_143 is not running anymore, exiting..
[2026-04-17 12:46:07.525] [93964] [HailoRT] [info] [queue_elements.cpp:46] [~BaseQueueElement] Queue element PullQEl_nms12yolov11n/conv54_143 has 0 frames in his Queue on destruction
[2026-04-17 12:46:07.525] [94495] [HailoRT] [info] [queue_elements.cpp:68] [operator()] Thread in element PullQEl_nms3yolov11n/conv51_143 is not running anymore, exiting..
[2026-04-17 12:46:07.525] [93964] [HailoRT] [info] [queue_elements.cpp:46] [~BaseQueueElement] Queue element PullQEl_nms3yolov11n/conv51_143 has 0 frames in his Queue on destruction
[2026-04-17 12:46:07.525] [93964] [HailoRT] [info] [core_op.cpp:186] [deactivate] Deactivating took 0.008407 ms
[2026-04-17 12:46:07.525] [93964] [HailoRT] [info] [core_op.cpp:186] [deactivate] Deactivating took 0.017945 ms
[2026-04-17 12:46:07.595] [93964] [HailoRT] [info] [vdevice.cpp:535] [create] Creating vdevice with params: device_count: 1, scheduling_algorithm: NONE, multi_process_service: false
[2026-04-17 12:46:07.596] [93964] [HailoRT] [info] [device.cpp:51] [Device] OS Version: Linux 6.12.75+rpt-rpi-2712 #1 SMP PREEMPT Debian 1:6.12.75-1+rpt1 (2026-03-11) aarch64
[2026-04-17 12:46:07.596] [93964] [HailoRT] [info] [control.cpp:113] [control__parse_identify_results] firmware_version is: 4.23.0
[2026-04-17 12:46:07.596] [93964] [HailoRT] [info] [vdevice.cpp:682] [create] VDevice Infos: 0001:01:00.0
[2026-04-17 12:46:07.607] [93964] [HailoRT] [warning] [buffer_requirements.cpp:131] [get_buffer_requirements_multiple_transfers] Desc page size value (1024) is not optimal for performance.
[2026-04-17 12:46:07.638] [93964] [HailoRT] [info] [internal_buffer_manager.cpp:77] [print_execution_results] Planned internal buffer memory: CMA=0 CMA-Desc=1572864 Pinned=71836672. memory to edge layer usage factor is 1
[2026-04-17 12:46:07.638] [93964] [HailoRT] [info] [internal_buffer_manager.cpp:86] [print_execution_results] Default Internal buffer planner executed successfully
[2026-04-17 12:46:07.769] [93964] [HailoRT] [info] [device_internal.cpp:57] [configure] Configuring HEF took 172.890651 milliseconds
[2026-04-17 12:46:07.769] [93964] [HailoRT] [info] [vdevice.cpp:780] [configure] Configuring HEF on VDevice took 173.264872 milliseconds
[2026-04-17 12:46:07.770] [93964] [HailoRT] [info] [control.cpp:113] [control__parse_identify_results] firmware_version is: 4.23.0
[2026-04-17 12:46:07.770] [93964] [HailoRT] [info] [control.cpp:113] [control__parse_identify_results] firmware_version is: 4.23.0
[2026-04-17 12:46:07.801] [93964] [HailoRT] [info] [core_op.cpp:156] [activate] Activating yolov11n took 31.282032 milliseconds. Note that the function is asynchronous and thus the network is not fully activated yet.
[2026-04-17 12:46:07.801] [93964] [HailoRT] [info] [core_op.cpp:156] [activate] Activating yolov11n took 31.328588 milliseconds. Note that the function is asynchronous and thus the network is not fully activated yet.
[2026-04-17 12:46:07.814] [93964] [HailoRT] [info] [control.cpp:113] [control__parse_identify_results] firmware_version is: 4.23.0
[2026-04-17 12:46:07.815] [93964] [HailoRT] [info] [control.cpp:113] [control__parse_identify_results] firmware_version is: 4.23.0
[2026-04-17 12:46:07.815] [93964] [HailoRT] [info] [edge_elements.cpp:52] [create] Created (HwWriteEl8yolov11n/input_layer1 | hw_frame_size: 1228800)
[2026-04-17 12:46:07.815] [93964] [HailoRT] [info] [queue_elements.cpp:284] [create] Created (PushQEl8yolov11n/input_layer1 | timeout: 10s)
[2026-04-17 12:46:07.815] [93964] [HailoRT] [info] [filter_elements.cpp:101] [create] Created (PreInferEl8yolov11n/input_layer1 | Reorder - src_order: NHWC, src_shape: (640, 640, 3), dst_order: NHCW, dst_shape: (640, 640, 3))
[2026-04-17 12:46:07.815] [93964] [HailoRT] [info] [vstream.cpp:754] [InputVStreamImpl] Creating yolov11n/input_layer1...
[2026-04-17 12:46:07.815] [93964] [HailoRT] [info] [vstream_builder.cpp:102] [create_inputs] Input pipeline 'yolov11n/input_layer1': (PreInferEl8yolov11n/input_layer1 | Reorder - src_order: NHWC, src_shape: (640, 640, 3), dst_order: NHCW, dst_shape: (640, 640, 3)) >> (PushQEl8yolov11n/input_layer1 | timeout: 10s) >> (HwWriteEl8yolov11n/input_layer1 | hw_frame_size: 1228800) >> HW
[2026-04-17 12:46:07.815] [93964] [HailoRT] [info] [multi_io_elements.cpp:135] [create] Created (NmsPPMuxEl0YOLOV8-Post-Process | Op YOLOV8, Name: YOLOV8-Post-Process, Score threshold: 0.200, IoU threshold: 0.70, Classes: 80, Max bboxes per class: 100, Image height: 640, Image width: 640)
[2026-04-17 12:46:07.815] [93964] [HailoRT] [info] [edge_elements.cpp:287] [create] Created (HwReadEl3yolov11n/conv51_143 | hw_frame_size: 409600)
[2026-04-17 12:46:07.815] [93964] [HailoRT] [info] [queue_elements.cpp:657] [create] Created (PullQEl_nms3yolov11n/conv51_143 | timeout: 10s)
[2026-04-17 12:46:07.815] [93964] [HailoRT] [info] [edge_elements.cpp:287] [create] Created (HwReadEl12yolov11n/conv54_143 | hw_frame_size: 512000)
[2026-04-17 12:46:07.815] [93964] [HailoRT] [info] [queue_elements.cpp:657] [create] Created (PullQEl_nms12yolov11n/conv54_143 | timeout: 10s)
[2026-04-17 12:46:07.815] [93964] [HailoRT] [info] [edge_elements.cpp:287] [create] Created (HwReadEl15yolov11n/conv62_143 | hw_frame_size: 102400)
[2026-04-17 12:46:07.815] [93964] [HailoRT] [info] [queue_elements.cpp:657] [create] Created (PullQEl_nms15yolov11n/conv62_143 | timeout: 10s)
[2026-04-17 12:46:07.815] [93964] [HailoRT] [info] [edge_elements.cpp:287] [create] Created (HwReadEl13yolov11n/conv65_143 | hw_frame_size: 128000)
[2026-04-17 12:46:07.815] [93964] [HailoRT] [info] [queue_elements.cpp:657] [create] Created (PullQEl_nms13yolov11n/conv65_143 | timeout: 10s)
[2026-04-17 12:46:07.815] [93964] [HailoRT] [info] [edge_elements.cpp:287] [create] Created (HwReadEl1yolov11n/conv77_143 | hw_frame_size: 30720)
[2026-04-17 12:46:07.815] [93964] [HailoRT] [info] [queue_elements.cpp:657] [create] Created (PullQEl_nms1yolov11n/conv77_143 | timeout: 10s)
[2026-04-17 12:46:07.815] [93964] [HailoRT] [info] [edge_elements.cpp:287] [create] Created (HwReadEl0yolov11n/conv80_143 | hw_frame_size: 38400)
[2026-04-17 12:46:07.815] [93964] [HailoRT] [info] [queue_elements.cpp:657] [create] Created (PullQEl_nms0yolov11n/conv80_143 | timeout: 10s)
[2026-04-17 12:46:07.816] [93964] [HailoRT] [info] [queue_elements.cpp:800] [create] Created (UserBufQEl_post_infer0yolov11n/yolov8_nms_postprocess | timeout: 10s)
[2026-04-17 12:46:07.816] [93964] [HailoRT] [info] [vstream.cpp:1114] [OutputVStreamImpl] Creating yolov11n/yolov8_nms_postprocess...
[2026-04-17 12:46:07.816] [93964] [HailoRT] [info] [vstream_builder.cpp:622] [create_output_post_process_nms] Output pipeline 'yolov11n/yolov8_nms_postprocess': HW >> (HwReadEl3yolov11n/conv51_143 | hw_frame_size: 409600) >> (PullQEl_nms3yolov11n/conv51_143) >> (HwReadEl12yolov11n/conv54_143 | hw_frame_size: 512000) >> (PullQEl_nms12yolov11n/conv54_143) >> (HwReadEl15yolov11n/conv62_143 | hw_frame_size: 102400) >> (PullQEl_nms15yolov11n/conv62_143) >> (HwReadEl13yolov11n/conv65_143 | hw_frame_size: 128000) >> (PullQEl_nms13yolov11n/conv65_143) >> (HwReadEl1yolov11n/conv77_143 | hw_frame_size: 30720) >> (PullQEl_nms1yolov11n/conv77_143) >> (HwReadEl0yolov11n/conv80_143 | hw_frame_size: 38400) >> (PullQEl_nms0yolov11n/conv80_143) >> (NmsPPMuxEl0YOLOV8-Post-Process | Op YOLOV8, Name: YOLOV8-Post-Process, Score threshold: 0.200, IoU threshold: 0.70, Classes: 80, Max bboxes per class: 100, Image height: 640, Image width: 640) >> (UserBufQEl_post_infer0yolov11n/yolov8_nms_postprocess | timeout: 10s)
[2026-04-17 12:47:07.816] [95002] [HailoRT] [info] [vdevice_native_stream.cpp:331] [read_impl] Failed read from stream HAILO_STREAM_ABORT(63) (device: 0001:01:00.0)
[2026-04-17 12:47:07.816] [95002] [HailoRT] [info] [edge_elements.cpp:396] [run_pull] Reading from stream was aborted!
[2026-04-17 12:47:07.816] [95004] [HailoRT] [info] [vdevice_native_stream.cpp:331] [read_impl] Failed read from stream HAILO_STREAM_ABORT(63) (device: 0001:01:00.0)
[2026-04-17 12:47:07.816] [95004] [HailoRT] [info] [edge_elements.cpp:396] [run_pull] Reading from stream was aborted!
[2026-04-17 12:47:07.816] [95002] [HailoRT] [info] [queue_elements.cpp:738] [run_in_thread] run_pull of queue element PullQEl_nms15yolov11n/conv62_143 was aborted!
[2026-04-17 12:47:07.816] [95004] [HailoRT] [info] [queue_elements.cpp:738] [run_in_thread] run_pull of queue element PullQEl_nms1yolov11n/conv77_143 was aborted!
[2026-04-17 12:47:07.816] [95003] [HailoRT] [info] [vdevice_native_stream.cpp:331] [read_impl] Failed read from stream HAILO_STREAM_ABORT(63) (device: 0001:01:00.0)
[2026-04-17 12:47:07.816] [95003] [HailoRT] [info] [edge_elements.cpp:396] [run_pull] Reading from stream was aborted!
[2026-04-17 12:47:07.816] [95000] [HailoRT] [info] [vdevice_native_stream.cpp:331] [read_impl] Failed read from stream HAILO_STREAM_ABORT(63) (device: 0001:01:00.0)
[2026-04-17 12:47:07.816] [95000] [HailoRT] [info] [edge_elements.cpp:396] [run_pull] Reading from stream was aborted!
[2026-04-17 12:47:07.816] [95003] [HailoRT] [info] [queue_elements.cpp:738] [run_in_thread] run_pull of queue element PullQEl_nms13yolov11n/conv65_143 was aborted!
[2026-04-17 12:47:07.816] [95000] [HailoRT] [info] [queue_elements.cpp:738] [run_in_thread] run_pull of queue element PullQEl_nms3yolov11n/conv51_143 was aborted!
[2026-04-17 12:47:07.816] [95001] [HailoRT] [info] [vdevice_native_stream.cpp:331] [read_impl] Failed read from stream HAILO_STREAM_ABORT(63) (device: 0001:01:00.0)
[2026-04-17 12:47:07.816] [95001] [HailoRT] [info] [edge_elements.cpp:396] [run_pull] Reading from stream was aborted!
[2026-04-17 12:47:07.816] [95001] [HailoRT] [info] [queue_elements.cpp:738] [run_in_thread] run_pull of queue element PullQEl_nms12yolov11n/conv54_143 was aborted!
[2026-04-17 12:47:07.816] [95005] [HailoRT] [info] [vdevice_native_stream.cpp:331] [read_impl] Failed read from stream HAILO_STREAM_ABORT(63) (device: 0001:01:00.0)
[2026-04-17 12:47:07.816] [95005] [HailoRT] [info] [edge_elements.cpp:396] [run_pull] Reading from stream was aborted!
[2026-04-17 12:47:07.816] [95005] [HailoRT] [info] [queue_elements.cpp:738] [run_in_thread] run_pull of queue element PullQEl_nms0yolov11n/conv80_143 was aborted!
[2026-04-17 12:47:07.816] [95009] [HailoRT] [info] [queue_elements.cpp:706] [run_pull] Shutdown event was signaled in dequeue of queue element PullQEl_nms3yolov11n/conv51_143!
[2026-04-17 12:47:07.816] [95009] [HailoRT] [info] [vstream.cpp:1138] [read] Receiving to VStream was shutdown!
[2026-04-17 12:47:07.818] [94999] [HailoRT] [info] [vdevice_native_stream.cpp:142] [write_impl] Failed write to stream yolov11n/input_layer1 (device: 0001:01:00.0) with status=HAILO_STREAM_ABORT(63)
[2026-04-17 12:47:07.818] [94999] [HailoRT] [info] [edge_elements.cpp:87] [run_push] Failed to send on input stream InputStream(index=8, name=yolov11n/input_layer1) because stream was aborted
[2026-04-17 12:47:07.818] [94999] [HailoRT] [info] [queue_elements.cpp:401] [run_in_thread] run_push of PushQEl8yolov11n/input_layer1 was aborted!
[2026-04-17 12:47:07.819] [95010] [HailoRT] [info] [queue_elements.cpp:319] [run_push] run_push of PushQEl8yolov11n/input_layer1 was aborted!
[2026-04-17 12:47:07.819] [95010] [HailoRT] [info] [filter_elements.cpp:35] [run_push] run_push of PreInferEl8yolov11n/input_layer1 was aborted!
[2026-04-17 12:47:07.819] [95010] [HailoRT] [info] [vstream.cpp:778] [write] Sending to VStream was aborted!
[2026-04-17 12:47:07.829] [93964] [HailoRT] [info] [queue_elements.cpp:360] [execute_deactivate] enqueue() in element PushQEl8yolov11n/input_layer1 was aborted, got status = HAILO_SHUTDOWN_EVENT_SIGNALED(57)
[2026-04-17 12:47:07.830] [94999] [HailoRT] [info] [queue_elements.cpp:68] [operator()] Thread in element PushQEl8yolov11n/input_layer1 is not running anymore, exiting..
[2026-04-17 12:47:07.830] [93964] [HailoRT] [info] [queue_elements.cpp:46] [~BaseQueueElement] Queue element PushQEl8yolov11n/input_layer1 has 0 frames in his Queue on destruction
[2026-04-17 12:47:07.830] [95006] [HailoRT] [info] [queue_elements.cpp:68] [operator()] Thread in element UserBufQEl_post_infer0yolov11n/yolov8_nms_postprocess is not running anymore, exiting..
[2026-04-17 12:47:07.830] [93964] [HailoRT] [info] [queue_elements.cpp:46] [~BaseQueueElement] Queue element UserBufQEl_post_infer0yolov11n/yolov8_nms_postprocess has 0 frames in his Queue on destruction
[2026-04-17 12:47:07.830] [95005] [HailoRT] [info] [queue_elements.cpp:68] [operator()] Thread in element PullQEl_nms0yolov11n/conv80_143 is not running anymore, exiting..
[2026-04-17 12:47:07.830] [93964] [HailoRT] [info] [queue_elements.cpp:46] [~BaseQueueElement] Queue element PullQEl_nms0yolov11n/conv80_143 has 0 frames in his Queue on destruction
[2026-04-17 12:47:07.830] [95004] [HailoRT] [info] [queue_elements.cpp:68] [operator()] Thread in element PullQEl_nms1yolov11n/conv77_143 is not running anymore, exiting..
[2026-04-17 12:47:07.830] [93964] [HailoRT] [info] [queue_elements.cpp:46] [~BaseQueueElement] Queue element PullQEl_nms1yolov11n/conv77_143 has 0 frames in his Queue on destruction
[2026-04-17 12:47:07.830] [95003] [HailoRT] [info] [queue_elements.cpp:68] [operator()] Thread in element PullQEl_nms13yolov11n/conv65_143 is not running anymore, exiting..
[2026-04-17 12:47:07.830] [93964] [HailoRT] [info] [queue_elements.cpp:46] [~BaseQueueElement] Queue element PullQEl_nms13yolov11n/conv65_143 has 0 frames in his Queue on destruction
[2026-04-17 12:47:07.830] [95002] [HailoRT] [info] [queue_elements.cpp:68] [operator()] Thread in element PullQEl_nms15yolov11n/conv62_143 is not running anymore, exiting..
[2026-04-17 12:47:07.830] [93964] [HailoRT] [info] [queue_elements.cpp:46] [~BaseQueueElement] Queue element PullQEl_nms15yolov11n/conv62_143 has 0 frames in his Queue on destruction
[2026-04-17 12:47:07.830] [95001] [HailoRT] [info] [queue_elements.cpp:68] [operator()] Thread in element PullQEl_nms12yolov11n/conv54_143 is not running anymore, exiting..
[2026-04-17 12:47:07.830] [93964] [HailoRT] [info] [queue_elements.cpp:46] [~BaseQueueElement] Queue element PullQEl_nms12yolov11n/conv54_143 has 0 frames in his Queue on destruction
[2026-04-17 12:47:07.830] [95000] [HailoRT] [info] [queue_elements.cpp:68] [operator()] Thread in element PullQEl_nms3yolov11n/conv51_143 is not running anymore, exiting..
[2026-04-17 12:47:07.830] [93964] [HailoRT] [info] [queue_elements.cpp:46] [~BaseQueueElement] Queue element PullQEl_nms3yolov11n/conv51_143 has 0 frames in his Queue on destruction
[2026-04-17 12:47:07.830] [93964] [HailoRT] [info] [core_op.cpp:186] [deactivate] Deactivating took 0.007389 ms
[2026-04-17 12:47:07.830] [93964] [HailoRT] [info] [core_op.cpp:186] [deactivate] Deactivating took 0.016093 ms
[2026-04-17 12:47:18.177] [95525] [HailoRT] [info] [vdevice.cpp:535] [create] Creating vdevice with params: device_count: 1, scheduling_algorithm: NONE, multi_process_service: false
[2026-04-17 12:47:18.190] [95525] [HailoRT] [info] [device.cpp:51] [Device] OS Version: Linux 6.12.75+rpt-rpi-2712 #1 SMP PREEMPT Debian 1:6.12.75-1+rpt1 (2026-03-11) aarch64
[2026-04-17 12:47:18.190] [95525] [HailoRT] [info] [control.cpp:113] [control__parse_identify_results] firmware_version is: 4.23.0
[2026-04-17 12:47:18.191] [95525] [HailoRT] [info] [vdevice.cpp:682] [create] VDevice Infos: 0001:01:00.0
[2026-04-17 12:47:18.197] [95525] [HailoRT] [warning] [buffer_requirements.cpp:131] [get_buffer_requirements_multiple_transfers] Desc page size value (1024) is not optimal for performance.
[2026-04-17 12:47:18.228] [95525] [HailoRT] [info] [internal_buffer_manager.cpp:77] [print_execution_results] Planned internal buffer memory: CMA=0 CMA-Desc=1703936 Pinned=73014272. memory to edge layer usage factor is 1
[2026-04-17 12:47:18.228] [95525] [HailoRT] [info] [internal_buffer_manager.cpp:86] [print_execution_results] Default Internal buffer planner executed successfully
[2026-04-17 12:47:18.352] [95525] [HailoRT] [info] [device_internal.cpp:57] [configure] Configuring HEF took 161.361675 milliseconds
[2026-04-17 12:47:18.352] [95525] [HailoRT] [info] [vdevice.cpp:780] [configure] Configuring HEF on VDevice took 161.817285 milliseconds
[2026-04-17 12:47:18.353] [95525] [HailoRT] [info] [control.cpp:113] [control__parse_identify_results] firmware_version is: 4.23.0
[2026-04-17 12:47:18.353] [95525] [HailoRT] [info] [control.cpp:113] [control__parse_identify_results] firmware_version is: 4.23.0
[2026-04-17 12:47:18.391] [95525] [HailoRT] [info] [core_op.cpp:156] [activate] Activating yolov11n took 37.458277 milliseconds. Note that the function is asynchronous and thus the network is not fully activated yet.
[2026-04-17 12:47:18.391] [95525] [HailoRT] [info] [core_op.cpp:156] [activate] Activating yolov11n took 37.513813 milliseconds. Note that the function is asynchronous and thus the network is not fully activated yet.
[2026-04-17 12:47:18.404] [95525] [HailoRT] [info] [control.cpp:113] [control__parse_identify_results] firmware_version is: 4.23.0
[2026-04-17 12:47:18.404] [95525] [HailoRT] [info] [control.cpp:113] [control__parse_identify_results] firmware_version is: 4.23.0
[2026-04-17 12:47:19.593] [95517] [HailoRT] [info] [device.cpp:51] [Device] OS Version: Linux 6.12.75+rpt-rpi-2712 #1 SMP PREEMPT Debian 1:6.12.75-1+rpt1 (2026-03-11) aarch64
[2026-04-17 12:47:19.593] [95517] [HailoRT] [info] [control.cpp:113] [control__parse_identify_results] firmware_version is: 4.23.0
[2026-04-17 12:47:19.593] [95517] [HailoRT] [info] [control.cpp:113] [control__parse_identify_results] firmware_version is: 4.23.0
[2026-04-17 12:48:18.405] [95540] [HailoRT] [info] [vdevice_native_stream.cpp:142] [write_impl] Failed write to stream yolov11n/input_layer1 (device: 0001:01:00.0) with status=HAILO_STREAM_ABORT(63)
[2026-04-17 12:48:18.405] [95535] [HailoRT] [info] [vdevice_native_stream.cpp:331] [read_impl] Failed read from stream HAILO_STREAM_ABORT(63) (device: 0001:01:00.0)
[2026-04-17 12:48:18.405] [95539] [HailoRT] [info] [vdevice_native_stream.cpp:331] [read_impl] Failed read from stream HAILO_STREAM_ABORT(63) (device: 0001:01:00.0)
[2026-04-17 12:48:18.405] [95536] [HailoRT] [info] [vdevice_native_stream.cpp:331] [read_impl] Failed read from stream HAILO_STREAM_ABORT(63) (device: 0001:01:00.0)
[2026-04-17 12:48:18.405] [95537] [HailoRT] [info] [vdevice_native_stream.cpp:331] [read_impl] Failed read from stream HAILO_STREAM_ABORT(63) (device: 0001:01:00.0)
[2026-04-17 12:48:18.405] [95538] [HailoRT] [info] [vdevice_native_stream.cpp:331] [read_impl] Failed read from stream HAILO_STREAM_ABORT(63) (device: 0001:01:00.0)
[2026-04-17 12:48:18.405] [95534] [HailoRT] [info] [vdevice_native_stream.cpp:331] [read_impl] Failed read from stream HAILO_STREAM_ABORT(63) (device: 0001:01:00.0)
[2026-04-17 12:48:18.449] [95525] [HailoRT] [info] [core_op.cpp:186] [deactivate] Deactivating took 0.009629 ms
[2026-04-17 12:48:18.449] [95525] [HailoRT] [info] [core_op.cpp:186] [deactivate] Deactivating took 0.036315 ms
[2026-04-17 12:48:18.513] [95525] [HailoRT] [info] [vdevice.cpp:535] [create] Creating vdevice with params: device_count: 1, scheduling_algorithm: NONE, multi_process_service: false
[2026-04-17 12:48:18.513] [95525] [HailoRT] [info] [device.cpp:51] [Device] OS Version: Linux 6.12.75+rpt-rpi-2712 #1 SMP PREEMPT Debian 1:6.12.75-1+rpt1 (2026-03-11) aarch64
[2026-04-17 12:48:18.513] [95525] [HailoRT] [info] [control.cpp:113] [control__parse_identify_results] firmware_version is: 4.23.0
[2026-04-17 12:48:18.513] [95525] [HailoRT] [info] [vdevice.cpp:682] [create] VDevice Infos: 0001:01:00.0
[2026-04-17 12:48:18.522] [95525] [HailoRT] [warning] [buffer_requirements.cpp:131] [get_buffer_requirements_multiple_transfers] Desc page size value (1024) is not optimal for performance.
[2026-04-17 12:48:18.556] [95525] [HailoRT] [info] [internal_buffer_manager.cpp:77] [print_execution_results] Planned internal buffer memory: CMA=0 CMA-Desc=1703936 Pinned=73014272. memory to edge layer usage factor is 1
[2026-04-17 12:48:18.556] [95525] [HailoRT] [info] [internal_buffer_manager.cpp:86] [print_execution_results] Default Internal buffer planner executed successfully
[2026-04-17 12:48:18.688] [95525] [HailoRT] [info] [device_internal.cpp:57] [configure] Configuring HEF took 173.933673 milliseconds
[2026-04-17 12:48:18.688] [95525] [HailoRT] [info] [vdevice.cpp:780] [configure] Configuring HEF on VDevice took 174.310709 milliseconds
[2026-04-17 12:48:18.688] [95525] [HailoRT] [info] [control.cpp:113] [control__parse_identify_results] firmware_version is: 4.23.0
[2026-04-17 12:48:18.688] [95525] [HailoRT] [info] [control.cpp:113] [control__parse_identify_results] firmware_version is: 4.23.0
[2026-04-17 12:48:18.725] [95525] [HailoRT] [info] [core_op.cpp:156] [activate] Activating yolov11n took 36.88046 milliseconds. Note that the function is asynchronous and thus the network is not fully activated yet.
[2026-04-17 12:48:18.725] [95525] [HailoRT] [info] [core_op.cpp:156] [activate] Activating yolov11n took 36.907183 milliseconds. Note that the function is asynchronous and thus the network is not fully activated yet.
[2026-04-17 12:48:18.738] [95525] [HailoRT] [info] [control.cpp:113] [control__parse_identify_results] firmware_version is: 4.23.0
[2026-04-17 12:48:18.739] [95525] [HailoRT] [info] [control.cpp:113] [control__parse_identify_results] firmware_version is: 4.23.0
[2026-04-17 12:48:18.739] [95525] [HailoRT] [info] [edge_elements.cpp:52] [create] Created (HwWriteEl8yolov11n/input_layer1 | hw_frame_size: 1228800)
[2026-04-17 12:48:18.739] [95525] [HailoRT] [info] [queue_elements.cpp:284] [create] Created (PushQEl8yolov11n/input_layer1 | timeout: 10s)
[2026-04-17 12:48:18.739] [95525] [HailoRT] [info] [filter_elements.cpp:101] [create] Created (PreInferEl8yolov11n/input_layer1 | Reorder - src_order: NHWC, src_shape: (640, 640, 3), dst_order: NHCW, dst_shape: (640, 640, 3))
[2026-04-17 12:48:18.739] [95525] [HailoRT] [info] [vstream.cpp:754] [InputVStreamImpl] Creating yolov11n/input_layer1...
[2026-04-17 12:48:18.739] [95525] [HailoRT] [info] [vstream_builder.cpp:102] [create_inputs] Input pipeline 'yolov11n/input_layer1': (PreInferEl8yolov11n/input_layer1 | Reorder - src_order: NHWC, src_shape: (640, 640, 3), dst_order: NHCW, dst_shape: (640, 640, 3)) >> (PushQEl8yolov11n/input_layer1 | timeout: 10s) >> (HwWriteEl8yolov11n/input_layer1 | hw_frame_size: 1228800) >> HW
[2026-04-17 12:48:18.739] [95525] [HailoRT] [info] [multi_io_elements.cpp:135] [create] Created (NmsPPMuxEl0YOLOV8-Post-Process | Op YOLOV8, Name: YOLOV8-Post-Process, Score threshold: 0.200, IoU threshold: 0.70, Classes: 80, Max bboxes per class: 100, Image height: 640, Image width: 640)
[2026-04-17 12:48:18.739] [95525] [HailoRT] [info] [edge_elements.cpp:287] [create] Created (HwReadEl3yolov11n/conv51_143 | hw_frame_size: 409600)
[2026-04-17 12:48:18.739] [95525] [HailoRT] [info] [queue_elements.cpp:657] [create] Created (PullQEl_nms3yolov11n/conv51_143 | timeout: 10s)
[2026-04-17 12:48:18.739] [95525] [HailoRT] [info] [edge_elements.cpp:287] [create] Created (HwReadEl12yolov11n/conv54_143 | hw_frame_size: 512000)
[2026-04-17 12:48:18.739] [95525] [HailoRT] [info] [queue_elements.cpp:657] [create] Created (PullQEl_nms12yolov11n/conv54_143 | timeout: 10s)
[2026-04-17 12:48:18.739] [95525] [HailoRT] [info] [edge_elements.cpp:287] [create] Created (HwReadEl15yolov11n/conv62_143 | hw_frame_size: 102400)
[2026-04-17 12:48:18.739] [95525] [HailoRT] [info] [queue_elements.cpp:657] [create] Created (PullQEl_nms15yolov11n/conv62_143 | timeout: 10s)
[2026-04-17 12:48:18.739] [95525] [HailoRT] [info] [edge_elements.cpp:287] [create] Created (HwReadEl13yolov11n/conv65_143 | hw_frame_size: 128000)
[2026-04-17 12:48:18.739] [95525] [HailoRT] [info] [queue_elements.cpp:657] [create] Created (PullQEl_nms13yolov11n/conv65_143 | timeout: 10s)
[2026-04-17 12:48:18.739] [95525] [HailoRT] [info] [edge_elements.cpp:287] [create] Created (HwReadEl1yolov11n/conv77_143 | hw_frame_size: 30720)
[2026-04-17 12:48:18.740] [95525] [HailoRT] [info] [queue_elements.cpp:657] [create] Created (PullQEl_nms1yolov11n/conv77_143 | timeout: 10s)
[2026-04-17 12:48:18.740] [95525] [HailoRT] [info] [edge_elements.cpp:287] [create] Created (HwReadEl0yolov11n/conv80_143 | hw_frame_size: 38400)
[2026-04-17 12:48:18.740] [95525] [HailoRT] [info] [queue_elements.cpp:657] [create] Created (PullQEl_nms0yolov11n/conv80_143 | timeout: 10s)
[2026-04-17 12:48:18.740] [95525] [HailoRT] [info] [queue_elements.cpp:800] [create] Created (UserBufQEl_post_infer0yolov11n/yolov8_nms_postprocess | timeout: 10s)
[2026-04-17 12:48:18.740] [95525] [HailoRT] [info] [vstream.cpp:1114] [OutputVStreamImpl] Creating yolov11n/yolov8_nms_postprocess...
[2026-04-17 12:48:18.740] [95525] [HailoRT] [info] [vstream_builder.cpp:622] [create_output_post_process_nms] Output pipeline 'yolov11n/yolov8_nms_postprocess': HW >> (HwReadEl3yolov11n/conv51_143 | hw_frame_size: 409600) >> (PullQEl_nms3yolov11n/conv51_143) >> (HwReadEl12yolov11n/conv54_143 | hw_frame_size: 512000) >> (PullQEl_nms12yolov11n/conv54_143) >> (HwReadEl15yolov11n/conv62_143 | hw_frame_size: 102400) >> (PullQEl_nms15yolov11n/conv62_143) >> (HwReadEl13yolov11n/conv65_143 | hw_frame_size: 128000) >> (PullQEl_nms13yolov11n/conv65_143) >> (HwReadEl1yolov11n/conv77_143 | hw_frame_size: 30720) >> (PullQEl_nms1yolov11n/conv77_143) >> (HwReadEl0yolov11n/conv80_143 | hw_frame_size: 38400) >> (PullQEl_nms0yolov11n/conv80_143) >> (NmsPPMuxEl0YOLOV8-Post-Process | Op YOLOV8, Name: YOLOV8-Post-Process, Score threshold: 0.200, IoU threshold: 0.70, Classes: 80, Max bboxes per class: 100, Image height: 640, Image width: 640) >> (UserBufQEl_post_infer0yolov11n/yolov8_nms_postprocess | timeout: 10s)
[2026-04-17 12:49:18.740] [96061] [HailoRT] [info] [vdevice_native_stream.cpp:331] [read_impl] Failed read from stream HAILO_STREAM_ABORT(63) (device: 0001:01:00.0)
[2026-04-17 12:49:18.740] [96061] [HailoRT] [info] [edge_elements.cpp:396] [run_pull] Reading from stream was aborted!
[2026-04-17 12:49:18.740] [96060] [HailoRT] [info] [vdevice_native_stream.cpp:331] [read_impl] Failed read from stream HAILO_STREAM_ABORT(63) (device: 0001:01:00.0)
[2026-04-17 12:49:18.740] [96061] [HailoRT] [info] [queue_elements.cpp:738] [run_in_thread] run_pull of queue element PullQEl_nms1yolov11n/conv77_143 was aborted!
[2026-04-17 12:49:18.740] [96060] [HailoRT] [info] [edge_elements.cpp:396] [run_pull] Reading from stream was aborted!
[2026-04-17 12:49:18.740] [96056] [HailoRT] [info] [vdevice_native_stream.cpp:142] [write_impl] Failed write to stream yolov11n/input_layer1 (device: 0001:01:00.0) with status=HAILO_STREAM_ABORT(63)
[2026-04-17 12:49:18.740] [96058] [HailoRT] [info] [vdevice_native_stream.cpp:331] [read_impl] Failed read from stream HAILO_STREAM_ABORT(63) (device: 0001:01:00.0)
[2026-04-17 12:49:18.740] [96058] [HailoRT] [info] [edge_elements.cpp:396] [run_pull] Reading from stream was aborted!
[2026-04-17 12:49:18.740] [96056] [HailoRT] [info] [edge_elements.cpp:87] [run_push] Failed to send on input stream InputStream(index=8, name=yolov11n/input_layer1) because stream was aborted
[2026-04-17 12:49:18.740] [96058] [HailoRT] [info] [queue_elements.cpp:738] [run_in_thread] run_pull of queue element PullQEl_nms12yolov11n/conv54_143 was aborted!
[2026-04-17 12:49:18.740] [96056] [HailoRT] [info] [queue_elements.cpp:401] [run_in_thread] run_push of PushQEl8yolov11n/input_layer1 was aborted!
[2026-04-17 12:49:18.740] [96060] [HailoRT] [info] [queue_elements.cpp:738] [run_in_thread] run_pull of queue element PullQEl_nms13yolov11n/conv65_143 was aborted!
[2026-04-17 12:49:18.740] [96057] [HailoRT] [info] [vdevice_native_stream.cpp:331] [read_impl] Failed read from stream HAILO_STREAM_ABORT(63) (device: 0001:01:00.0)
[2026-04-17 12:49:18.740] [96062] [HailoRT] [info] [vdevice_native_stream.cpp:331] [read_impl] Failed read from stream HAILO_STREAM_ABORT(63) (device: 0001:01:00.0)
[2026-04-17 12:49:18.740] [96057] [HailoRT] [info] [edge_elements.cpp:396] [run_pull] Reading from stream was aborted!
[2026-04-17 12:49:18.740] [96062] [HailoRT] [info] [edge_elements.cpp:396] [run_pull] Reading from stream was aborted!
[2026-04-17 12:49:18.740] [96059] [HailoRT] [info] [vdevice_native_stream.cpp:331] [read_impl] Failed read from stream HAILO_STREAM_ABORT(63) (device: 0001:01:00.0)
[2026-04-17 12:49:18.740] [96057] [HailoRT] [info] [queue_elements.cpp:738] [run_in_thread] run_pull of queue element PullQEl_nms3yolov11n/conv51_143 was aborted!
[2026-04-17 12:49:18.740] [96059] [HailoRT] [info] [edge_elements.cpp:396] [run_pull] Reading from stream was aborted!
[2026-04-17 12:49:18.740] [96062] [HailoRT] [info] [queue_elements.cpp:738] [run_in_thread] run_pull of queue element PullQEl_nms0yolov11n/conv80_143 was aborted!
[2026-04-17 12:49:18.740] [96059] [HailoRT] [info] [queue_elements.cpp:738] [run_in_thread] run_pull of queue element PullQEl_nms15yolov11n/conv62_143 was aborted!
[2026-04-17 12:49:18.740] [96066] [HailoRT] [info] [queue_elements.cpp:706] [run_pull] Shutdown event was signaled in dequeue of queue element PullQEl_nms3yolov11n/conv51_143!
[2026-04-17 12:49:18.740] [96066] [HailoRT] [info] [vstream.cpp:1138] [read] Receiving to VStream was shutdown!
[2026-04-17 12:49:18.741] [96067] [HailoRT] [info] [queue_elements.cpp:319] [run_push] run_push of PushQEl8yolov11n/input_layer1 was aborted!
[2026-04-17 12:49:18.741] [96067] [HailoRT] [info] [filter_elements.cpp:35] [run_push] run_push of PreInferEl8yolov11n/input_layer1 was aborted!
[2026-04-17 12:49:18.741] [96067] [HailoRT] [info] [vstream.cpp:778] [write] Sending to VStream was aborted!
[2026-04-17 12:49:18.783] [95525] [HailoRT] [info] [queue_elements.cpp:360] [execute_deactivate] enqueue() in element PushQEl8yolov11n/input_layer1 was aborted, got status = HAILO_SHUTDOWN_EVENT_SIGNALED(57)
[2026-04-17 12:49:18.784] [96056] [HailoRT] [info] [queue_elements.cpp:68] [operator()] Thread in element PushQEl8yolov11n/input_layer1 is not running anymore, exiting..
[2026-04-17 12:49:18.784] [95525] [HailoRT] [info] [queue_elements.cpp:46] [~BaseQueueElement] Queue element PushQEl8yolov11n/input_layer1 has 1 frames in his Queue on destruction
[2026-04-17 12:49:18.784] [96063] [HailoRT] [info] [queue_elements.cpp:68] [operator()] Thread in element UserBufQEl_post_infer0yolov11n/yolov8_nms_postprocess is not running anymore, exiting..
[2026-04-17 12:49:18.784] [95525] [HailoRT] [info] [queue_elements.cpp:46] [~BaseQueueElement] Queue element UserBufQEl_post_infer0yolov11n/yolov8_nms_postprocess has 0 frames in his Queue on destruction
[2026-04-17 12:49:18.784] [96062] [HailoRT] [info] [queue_elements.cpp:68] [operator()] Thread in element PullQEl_nms0yolov11n/conv80_143 is not running anymore, exiting..
[2026-04-17 12:49:18.784] [95525] [HailoRT] [info] [queue_elements.cpp:46] [~BaseQueueElement] Queue element PullQEl_nms0yolov11n/conv80_143 has 0 frames in his Queue on destruction
[2026-04-17 12:49:18.784] [96061] [HailoRT] [info] [queue_elements.cpp:68] [operator()] Thread in element PullQEl_nms1yolov11n/conv77_143 is not running anymore, exiting..
[2026-04-17 12:49:18.784] [95525] [HailoRT] [info] [queue_elements.cpp:46] [~BaseQueueElement] Queue element PullQEl_nms1yolov11n/conv77_143 has 0 frames in his Queue on destruction
[2026-04-17 12:49:18.784] [96060] [HailoRT] [info] [queue_elements.cpp:68] [operator()] Thread in element PullQEl_nms13yolov11n/conv65_143 is not running anymore, exiting..
[2026-04-17 12:49:18.784] [95525] [HailoRT] [info] [queue_elements.cpp:46] [~BaseQueueElement] Queue element PullQEl_nms13yolov11n/conv65_143 has 0 frames in his Queue on destruction
[2026-04-17 12:49:18.784] [96059] [HailoRT] [info] [queue_elements.cpp:68] [operator()] Thread in element PullQEl_nms15yolov11n/conv62_143 is not running anymore, exiting..
[2026-04-17 12:49:18.784] [95525] [HailoRT] [info] [queue_elements.cpp:46] [~BaseQueueElement] Queue element PullQEl_nms15yolov11n/conv62_143 has 0 frames in his Queue on destruction
[2026-04-17 12:49:18.784] [96058] [HailoRT] [info] [queue_elements.cpp:68] [operator()] Thread in element PullQEl_nms12yolov11n/conv54_143 is not running anymore, exiting..
[2026-04-17 12:49:18.784] [95525] [HailoRT] [info] [queue_elements.cpp:46] [~BaseQueueElement] Queue element PullQEl_nms12yolov11n/conv54_143 has 0 frames in his Queue on destruction
[2026-04-17 12:49:18.784] [96057] [HailoRT] [info] [queue_elements.cpp:68] [operator()] Thread in element PullQEl_nms3yolov11n/conv51_143 is not running anymore, exiting..
[2026-04-17 12:49:18.784] [95525] [HailoRT] [info] [queue_elements.cpp:46] [~BaseQueueElement] Queue element PullQEl_nms3yolov11n/conv51_143 has 0 frames in his Queue on destruction
[2026-04-17 12:49:18.784] [95525] [HailoRT] [info] [core_op.cpp:186] [deactivate] Deactivating took 0.007037 ms
[2026-04-17 12:49:18.784] [95525] [HailoRT] [info] [core_op.cpp:186] [deactivate] Deactivating took 0.015426 ms
[2026-04-17 12:49:18.844] [95525] [HailoRT] [info] [vdevice.cpp:535] [create] Creating vdevice with params: device_count: 1, scheduling_algorithm: NONE, multi_process_service: false
[2026-04-17 12:49:18.844] [95525] [HailoRT] [info] [device.cpp:51] [Device] OS Version: Linux 6.12.75+rpt-rpi-2712 #1 SMP PREEMPT Debian 1:6.12.75-1+rpt1 (2026-03-11) aarch64
[2026-04-17 12:49:18.844] [95525] [HailoRT] [info] [control.cpp:113] [control__parse_identify_results] firmware_version is: 4.23.0
[2026-04-17 12:49:18.844] [95525] [HailoRT] [info] [vdevice.cpp:682] [create] VDevice Infos: 0001:01:00.0
[2026-04-17 12:49:18.851] [95525] [HailoRT] [warning] [buffer_requirements.cpp:131] [get_buffer_requirements_multiple_transfers] Desc page size value (1024) is not optimal for performance.
[2026-04-17 12:49:18.879] [95525] [HailoRT] [info] [internal_buffer_manager.cpp:77] [print_execution_results] Planned internal buffer memory: CMA=0 CMA-Desc=1703936 Pinned=73014272. memory to edge layer usage factor is 1
[2026-04-17 12:49:18.879] [95525] [HailoRT] [info] [internal_buffer_manager.cpp:86] [print_execution_results] Default Internal buffer planner executed successfully
[2026-04-17 12:49:19.014] [95525] [HailoRT] [info] [device_internal.cpp:57] [configure] Configuring HEF took 169.052135 milliseconds
[2026-04-17 12:49:19.014] [95525] [HailoRT] [info] [vdevice.cpp:780] [configure] Configuring HEF on VDevice took 169.489967 milliseconds
[2026-04-17 12:49:19.014] [95525] [HailoRT] [info] [control.cpp:113] [control__parse_identify_results] firmware_version is: 4.23.0
[2026-04-17 12:49:19.015] [95525] [HailoRT] [info] [control.cpp:113] [control__parse_identify_results] firmware_version is: 4.23.0
[2026-04-17 12:49:19.044] [95525] [HailoRT] [info] [core_op.cpp:156] [activate] Activating yolov11n took 29.938361 milliseconds. Note that the function is asynchronous and thus the network is not fully activated yet.
[2026-04-17 12:49:19.045] [95525] [HailoRT] [info] [core_op.cpp:156] [activate] Activating yolov11n took 29.961825 milliseconds. Note that the function is asynchronous and thus the network is not fully activated yet.
[2026-04-17 12:49:19.058] [95525] [HailoRT] [info] [control.cpp:113] [control__parse_identify_results] firmware_version is: 4.23.0
[2026-04-17 12:49:19.058] [95525] [HailoRT] [info] [control.cpp:113] [control__parse_identify_results] firmware_version is: 4.23.0
[2026-04-17 12:49:19.058] [95525] [HailoRT] [info] [edge_elements.cpp:52] [create] Created (HwWriteEl8yolov11n/input_layer1 | hw_frame_size: 1228800)
[2026-04-17 12:49:19.058] [95525] [HailoRT] [info] [queue_elements.cpp:284] [create] Created (PushQEl8yolov11n/input_layer1 | timeout: 10s)
[2026-04-17 12:49:19.058] [95525] [HailoRT] [info] [filter_elements.cpp:101] [create] Created (PreInferEl8yolov11n/input_layer1 | Reorder - src_order: NHWC, src_shape: (640, 640, 3), dst_order: NHCW, dst_shape: (640, 640, 3))
[2026-04-17 12:49:19.058] [95525] [HailoRT] [info] [vstream.cpp:754] [InputVStreamImpl] Creating yolov11n/input_layer1...
[2026-04-17 12:49:19.058] [95525] [HailoRT] [info] [vstream_builder.cpp:102] [create_inputs] Input pipeline 'yolov11n/input_layer1': (PreInferEl8yolov11n/input_layer1 | Reorder - src_order: NHWC, src_shape: (640, 640, 3), dst_order: NHCW, dst_shape: (640, 640, 3)) >> (PushQEl8yolov11n/input_layer1 | timeout: 10s) >> (HwWriteEl8yolov11n/input_layer1 | hw_frame_size: 1228800) >> HW
[2026-04-17 12:49:19.058] [95525] [HailoRT] [info] [multi_io_elements.cpp:135] [create] Created (NmsPPMuxEl0YOLOV8-Post-Process | Op YOLOV8, Name: YOLOV8-Post-Process, Score threshold: 0.200, IoU threshold: 0.70, Classes: 80, Max bboxes per class: 100, Image height: 640, Image width: 640)
[2026-04-17 12:49:19.058] [95525] [HailoRT] [info] [edge_elements.cpp:287] [create] Created (HwReadEl3yolov11n/conv51_143 | hw_frame_size: 409600)
[2026-04-17 12:49:19.058] [95525] [HailoRT] [info] [queue_elements.cpp:657] [create] Created (PullQEl_nms3yolov11n/conv51_143 | timeout: 10s)
[2026-04-17 12:49:19.058] [95525] [HailoRT] [info] [edge_elements.cpp:287] [create] Created (HwReadEl12yolov11n/conv54_143 | hw_frame_size: 512000)
[2026-04-17 12:49:19.058] [95525] [HailoRT] [info] [queue_elements.cpp:657] [create] Created (PullQEl_nms12yolov11n/conv54_143 | timeout: 10s)
[2026-04-17 12:49:19.058] [95525] [HailoRT] [info] [edge_elements.cpp:287] [create] Created (HwReadEl15yolov11n/conv62_143 | hw_frame_size: 102400)
[2026-04-17 12:49:19.058] [95525] [HailoRT] [info] [queue_elements.cpp:657] [create] Created (PullQEl_nms15yolov11n/conv62_143 | timeout: 10s)
[2026-04-17 12:49:19.058] [95525] [HailoRT] [info] [edge_elements.cpp:287] [create] Created (HwReadEl13yolov11n/conv65_143 | hw_frame_size: 128000)
[2026-04-17 12:49:19.059] [95525] [HailoRT] [info] [queue_elements.cpp:657] [create] Created (PullQEl_nms13yolov11n/conv65_143 | timeout: 10s)
[2026-04-17 12:49:19.059] [95525] [HailoRT] [info] [edge_elements.cpp:287] [create] Created (HwReadEl1yolov11n/conv77_143 | hw_frame_size: 30720)
[2026-04-17 12:49:19.059] [95525] [HailoRT] [info] [queue_elements.cpp:657] [create] Created (PullQEl_nms1yolov11n/conv77_143 | timeout: 10s)
[2026-04-17 12:49:19.059] [95525] [HailoRT] [info] [edge_elements.cpp:287] [create] Created (HwReadEl0yolov11n/conv80_143 | hw_frame_size: 38400)
[2026-04-17 12:49:19.059] [95525] [HailoRT] [info] [queue_elements.cpp:657] [create] Created (PullQEl_nms0yolov11n/conv80_143 | timeout: 10s)
[2026-04-17 12:49:19.059] [95525] [HailoRT] [info] [queue_elements.cpp:800] [create] Created (UserBufQEl_post_infer0yolov11n/yolov8_nms_postprocess | timeout: 10s)
[2026-04-17 12:49:19.059] [95525] [HailoRT] [info] [vstream.cpp:1114] [OutputVStreamImpl] Creating yolov11n/yolov8_nms_postprocess...
[2026-04-17 12:49:19.059] [95525] [HailoRT] [info] [vstream_builder.cpp:622] [create_output_post_process_nms] Output pipeline 'yolov11n/yolov8_nms_postprocess': HW >> (HwReadEl3yolov11n/conv51_143 | hw_frame_size: 409600) >> (PullQEl_nms3yolov11n/conv51_143) >> (HwReadEl12yolov11n/conv54_143 | hw_frame_size: 512000) >> (PullQEl_nms12yolov11n/conv54_143) >> (HwReadEl15yolov11n/conv62_143 | hw_frame_size: 102400) >> (PullQEl_nms15yolov11n/conv62_143) >> (HwReadEl13yolov11n/conv65_143 | hw_frame_size: 128000) >> (PullQEl_nms13yolov11n/conv65_143) >> (HwReadEl1yolov11n/conv77_143 | hw_frame_size: 30720) >> (PullQEl_nms1yolov11n/conv77_143) >> (HwReadEl0yolov11n/conv80_143 | hw_frame_size: 38400) >> (PullQEl_nms0yolov11n/conv80_143) >> (NmsPPMuxEl0YOLOV8-Post-Process | Op YOLOV8, Name: YOLOV8-Post-Process, Score threshold: 0.200, IoU threshold: 0.70, Classes: 80, Max bboxes per class: 100, Image height: 640, Image width: 640) >> (UserBufQEl_post_infer0yolov11n/yolov8_nms_postprocess | timeout: 10s)
[2026-04-17 12:50:19.059] [96563] [HailoRT] [info] [vdevice_native_stream.cpp:331] [read_impl] Failed read from stream HAILO_STREAM_ABORT(63) (device: 0001:01:00.0)
[2026-04-17 12:50:19.059] [96566] [HailoRT] [info] [vdevice_native_stream.cpp:331] [read_impl] Failed read from stream HAILO_STREAM_ABORT(63) (device: 0001:01:00.0)
[2026-04-17 12:50:19.059] [96566] [HailoRT] [info] [edge_elements.cpp:396] [run_pull] Reading from stream was aborted!
[2026-04-17 12:50:19.059] [96565] [HailoRT] [info] [vdevice_native_stream.cpp:331] [read_impl] Failed read from stream HAILO_STREAM_ABORT(63) (device: 0001:01:00.0)
[2026-04-17 12:50:19.059] [96565] [HailoRT] [info] [edge_elements.cpp:396] [run_pull] Reading from stream was aborted!
[2026-04-17 12:50:19.059] [96566] [HailoRT] [info] [queue_elements.cpp:738] [run_in_thread] run_pull of queue element PullQEl_nms0yolov11n/conv80_143 was aborted!
[2026-04-17 12:50:19.059] [96565] [HailoRT] [info] [queue_elements.cpp:738] [run_in_thread] run_pull of queue element PullQEl_nms1yolov11n/conv77_143 was aborted!
[2026-04-17 12:50:19.059] [96564] [HailoRT] [info] [vdevice_native_stream.cpp:331] [read_impl] Failed read from stream HAILO_STREAM_ABORT(63) (device: 0001:01:00.0)
[2026-04-17 12:50:19.059] [96564] [HailoRT] [info] [edge_elements.cpp:396] [run_pull] Reading from stream was aborted!
[2026-04-17 12:50:19.059] [96563] [HailoRT] [info] [edge_elements.cpp:396] [run_pull] Reading from stream was aborted!
[2026-04-17 12:50:19.059] [96564] [HailoRT] [info] [queue_elements.cpp:738] [run_in_thread] run_pull of queue element PullQEl_nms13yolov11n/conv65_143 was aborted!
[2026-04-17 12:50:19.059] [96563] [HailoRT] [info] [queue_elements.cpp:738] [run_in_thread] run_pull of queue element PullQEl_nms15yolov11n/conv62_143 was aborted!
[2026-04-17 12:50:19.059] [96561] [HailoRT] [info] [vdevice_native_stream.cpp:331] [read_impl] Failed read from stream HAILO_STREAM_ABORT(63) (device: 0001:01:00.0)
[2026-04-17 12:50:19.059] [96561] [HailoRT] [info] [edge_elements.cpp:396] [run_pull] Reading from stream was aborted!
[2026-04-17 12:50:19.059] [96561] [HailoRT] [info] [queue_elements.cpp:738] [run_in_thread] run_pull of queue element PullQEl_nms3yolov11n/conv51_143 was aborted!
[2026-04-17 12:50:19.059] [96570] [HailoRT] [info] [queue_elements.cpp:706] [run_pull] Shutdown event was signaled in dequeue of queue element PullQEl_nms3yolov11n/conv51_143!
[2026-04-17 12:50:19.059] [96570] [HailoRT] [info] [vstream.cpp:1138] [read] Receiving to VStream was shutdown!
[2026-04-17 12:50:19.059] [96562] [HailoRT] [info] [vdevice_native_stream.cpp:331] [read_impl] Failed read from stream HAILO_STREAM_ABORT(63) (device: 0001:01:00.0)
[2026-04-17 12:50:19.059] [96562] [HailoRT] [info] [edge_elements.cpp:396] [run_pull] Reading from stream was aborted!
[2026-04-17 12:50:19.059] [96562] [HailoRT] [info] [queue_elements.cpp:738] [run_in_thread] run_pull of queue element PullQEl_nms12yolov11n/conv54_143 was aborted!
[2026-04-17 12:50:19.060] [96560] [HailoRT] [info] [vdevice_native_stream.cpp:142] [write_impl] Failed write to stream yolov11n/input_layer1 (device: 0001:01:00.0) with status=HAILO_STREAM_ABORT(63)
[2026-04-17 12:50:19.060] [96560] [HailoRT] [info] [edge_elements.cpp:87] [run_push] Failed to send on input stream InputStream(index=8, name=yolov11n/input_layer1) because stream was aborted
[2026-04-17 12:50:19.060] [96560] [HailoRT] [info] [queue_elements.cpp:401] [run_in_thread] run_push of PushQEl8yolov11n/input_layer1 was aborted!
[2026-04-17 12:50:19.061] [96571] [HailoRT] [info] [queue_elements.cpp:319] [run_push] run_push of PushQEl8yolov11n/input_layer1 was aborted!
[2026-04-17 12:50:19.061] [96571] [HailoRT] [info] [filter_elements.cpp:35] [run_push] run_push of PreInferEl8yolov11n/input_layer1 was aborted!
[2026-04-17 12:50:19.061] [96571] [HailoRT] [info] [vstream.cpp:778] [write] Sending to VStream was aborted!
[2026-04-17 12:50:19.068] [95525] [HailoRT] [info] [queue_elements.cpp:360] [execute_deactivate] enqueue() in element PushQEl8yolov11n/input_layer1 was aborted, got status = HAILO_SHUTDOWN_EVENT_SIGNALED(57)
[2026-04-17 12:50:19.069] [96560] [HailoRT] [info] [queue_elements.cpp:68] [operator()] Thread in element PushQEl8yolov11n/input_layer1 is not running anymore, exiting..
[2026-04-17 12:50:19.069] [95525] [HailoRT] [info] [queue_elements.cpp:46] [~BaseQueueElement] Queue element PushQEl8yolov11n/input_layer1 has 0 frames in his Queue on destruction
[2026-04-17 12:50:19.069] [96567] [HailoRT] [info] [queue_elements.cpp:68] [operator()] Thread in element UserBufQEl_post_infer0yolov11n/yolov8_nms_postprocess is not running anymore, exiting..
[2026-04-17 12:50:19.069] [95525] [HailoRT] [info] [queue_elements.cpp:46] [~BaseQueueElement] Queue element UserBufQEl_post_infer0yolov11n/yolov8_nms_postprocess has 0 frames in his Queue on destruction
[2026-04-17 12:50:19.069] [96566] [HailoRT] [info] [queue_elements.cpp:68] [operator()] Thread in element PullQEl_nms0yolov11n/conv80_143 is not running anymore, exiting..
[2026-04-17 12:50:19.069] [95525] [HailoRT] [info] [queue_elements.cpp:46] [~BaseQueueElement] Queue element PullQEl_nms0yolov11n/conv80_143 has 0 frames in his Queue on destruction
[2026-04-17 12:50:19.069] [96565] [HailoRT] [info] [queue_elements.cpp:68] [operator()] Thread in element PullQEl_nms1yolov11n/conv77_143 is not running anymore, exiting..
[2026-04-17 12:50:19.069] [95525] [HailoRT] [info] [queue_elements.cpp:46] [~BaseQueueElement] Queue element PullQEl_nms1yolov11n/conv77_143 has 0 frames in his Queue on destruction
[2026-04-17 12:50:19.069] [96564] [HailoRT] [info] [queue_elements.cpp:68] [operator()] Thread in element PullQEl_nms13yolov11n/conv65_143 is not running anymore, exiting..
[2026-04-17 12:50:19.069] [95525] [HailoRT] [info] [queue_elements.cpp:46] [~BaseQueueElement] Queue element PullQEl_nms13yolov11n/conv65_143 has 0 frames in his Queue on destruction
[2026-04-17 12:50:19.069] [96563] [HailoRT] [info] [queue_elements.cpp:68] [operator()] Thread in element PullQEl_nms15yolov11n/conv62_143 is not running anymore, exiting..
[2026-04-17 12:50:19.069] [95525] [HailoRT] [info] [queue_elements.cpp:46] [~BaseQueueElement] Queue element PullQEl_nms15yolov11n/conv62_143 has 0 frames in his Queue on destruction
[2026-04-17 12:50:19.069] [96562] [HailoRT] [info] [queue_elements.cpp:68] [operator()] Thread in element PullQEl_nms12yolov11n/conv54_143 is not running anymore, exiting..
[2026-04-17 12:50:19.069] [95525] [HailoRT] [info] [queue_elements.cpp:46] [~BaseQueueElement] Queue element PullQEl_nms12yolov11n/conv54_143 has 0 frames in his Queue on destruction
[2026-04-17 12:50:19.069] [96561] [HailoRT] [info] [queue_elements.cpp:68] [operator()] Thread in element PullQEl_nms3yolov11n/conv51_143 is not running anymore, exiting..
[2026-04-17 12:50:19.069] [95525] [HailoRT] [info] [queue_elements.cpp:46] [~BaseQueueElement] Queue element PullQEl_nms3yolov11n/conv51_143 has 0 frames in his Queue on destruction
[2026-04-17 12:50:19.069] [95525] [HailoRT] [info] [core_op.cpp:186] [deactivate] Deactivating took 0.007 ms
[2026-04-17 12:50:19.069] [95525] [HailoRT] [info] [core_op.cpp:186] [deactivate] Deactivating took 0.015852 ms
[2026-04-17 12:50:29.475] [97085] [HailoRT] [info] [vdevice.cpp:535] [create] Creating vdevice with params: device_count: 1, scheduling_algorithm: NONE, multi_process_service: false
[2026-04-17 12:50:29.487] [97085] [HailoRT] [info] [device.cpp:51] [Device] OS Version: Linux 6.12.75+rpt-rpi-2712 #1 SMP PREEMPT Debian 1:6.12.75-1+rpt1 (2026-03-11) aarch64
[2026-04-17 12:50:29.491] [97085] [HailoRT] [info] [control.cpp:113] [control__parse_identify_results] firmware_version is: 4.23.0
[2026-04-17 12:50:29.491] [97085] [HailoRT] [info] [vdevice.cpp:682] [create] VDevice Infos: 0001:01:00.0
[2026-04-17 12:50:29.503] [97085] [HailoRT] [warning] [buffer_requirements.cpp:131] [get_buffer_requirements_multiple_transfers] Desc page size value (1024) is not optimal for performance.
[2026-04-17 12:50:29.548] [97085] [HailoRT] [info] [internal_buffer_manager.cpp:77] [print_execution_results] Planned internal buffer memory: CMA=0 CMA-Desc=1703936 Pinned=74191872. memory to edge layer usage factor is 1
[2026-04-17 12:50:29.549] [97085] [HailoRT] [info] [internal_buffer_manager.cpp:86] [print_execution_results] Default Internal buffer planner executed successfully
[2026-04-17 12:50:29.708] [97085] [HailoRT] [info] [device_internal.cpp:57] [configure] Configuring HEF took 216.64298 milliseconds
[2026-04-17 12:50:29.708] [97085] [HailoRT] [info] [vdevice.cpp:780] [configure] Configuring HEF on VDevice took 217.087756 milliseconds
[2026-04-17 12:50:29.709] [97085] [HailoRT] [info] [control.cpp:113] [control__parse_identify_results] firmware_version is: 4.23.0
[2026-04-17 12:50:29.709] [97085] [HailoRT] [info] [control.cpp:113] [control__parse_identify_results] firmware_version is: 4.23.0
[2026-04-17 12:50:29.746] [97085] [HailoRT] [info] [core_op.cpp:156] [activate] Activating yolov11n took 36.856899 milliseconds. Note that the function is asynchronous and thus the network is not fully activated yet.
[2026-04-17 12:50:29.746] [97085] [HailoRT] [info] [core_op.cpp:156] [activate] Activating yolov11n took 36.88614 milliseconds. Note that the function is asynchronous and thus the network is not fully activated yet.
[2026-04-17 12:50:29.760] [97085] [HailoRT] [info] [control.cpp:113] [control__parse_identify_results] firmware_version is: 4.23.0
[2026-04-17 12:50:29.760] [97085] [HailoRT] [info] [control.cpp:113] [control__parse_identify_results] firmware_version is: 4.23.0
[2026-04-17 12:50:30.864] [97077] [HailoRT] [info] [device.cpp:51] [Device] OS Version: Linux 6.12.75+rpt-rpi-2712 #1 SMP PREEMPT Debian 1:6.12.75-1+rpt1 (2026-03-11) aarch64
[2026-04-17 12:50:30.865] [97077] [HailoRT] [info] [control.cpp:113] [control__parse_identify_results] firmware_version is: 4.23.0
[2026-04-17 12:50:30.865] [97077] [HailoRT] [info] [control.cpp:113] [control__parse_identify_results] firmware_version is: 4.23.0
[2026-04-17 12:51:29.761] [97100] [HailoRT] [info] [vdevice_native_stream.cpp:142] [write_impl] Failed write to stream yolov11n/input_layer1 (device: 0001:01:00.0) with status=HAILO_STREAM_ABORT(63)
[2026-04-17 12:51:29.761] [97096] [HailoRT] [info] [vdevice_native_stream.cpp:331] [read_impl] Failed read from stream HAILO_STREAM_ABORT(63) (device: 0001:01:00.0)
[2026-04-17 12:51:29.761] [97097] [HailoRT] [info] [vdevice_native_stream.cpp:331] [read_impl] Failed read from stream HAILO_STREAM_ABORT(63) (device: 0001:01:00.0)
[2026-04-17 12:51:29.761] [97095] [HailoRT] [info] [vdevice_native_stream.cpp:331] [read_impl] Failed read from stream HAILO_STREAM_ABORT(63) (device: 0001:01:00.0)
[2026-04-17 12:51:29.761] [97099] [HailoRT] [info] [vdevice_native_stream.cpp:331] [read_impl] Failed read from stream HAILO_STREAM_ABORT(63) (device: 0001:01:00.0)
[2026-04-17 12:51:29.761] [97098] [HailoRT] [info] [vdevice_native_stream.cpp:331] [read_impl] Failed read from stream HAILO_STREAM_ABORT(63) (device: 0001:01:00.0)
[2026-04-17 12:51:29.761] [97094] [HailoRT] [info] [vdevice_native_stream.cpp:331] [read_impl] Failed read from stream HAILO_STREAM_ABORT(63) (device: 0001:01:00.0)
[2026-04-17 12:51:29.804] [97085] [HailoRT] [info] [core_op.cpp:186] [deactivate] Deactivating took 0.007074 ms
[2026-04-17 12:51:29.804] [97085] [HailoRT] [info] [core_op.cpp:186] [deactivate] Deactivating took 0.027444 ms
[2026-04-17 12:51:29.860] [97085] [HailoRT] [info] [vdevice.cpp:535] [create] Creating vdevice with params: device_count: 1, scheduling_algorithm: NONE, multi_process_service: false
[2026-04-17 12:51:29.860] [97085] [HailoRT] [info] [device.cpp:51] [Device] OS Version: Linux 6.12.75+rpt-rpi-2712 #1 SMP PREEMPT Debian 1:6.12.75-1+rpt1 (2026-03-11) aarch64
[2026-04-17 12:51:29.860] [97085] [HailoRT] [info] [control.cpp:113] [control__parse_identify_results] firmware_version is: 4.23.0
[2026-04-17 12:51:29.860] [97085] [HailoRT] [info] [vdevice.cpp:682] [create] VDevice Infos: 0001:01:00.0
[2026-04-17 12:51:29.869] [97085] [HailoRT] [warning] [buffer_requirements.cpp:131] [get_buffer_requirements_multiple_transfers] Desc page size value (1024) is not optimal for performance.
[2026-04-17 12:51:29.901] [97085] [HailoRT] [info] [internal_buffer_manager.cpp:77] [print_execution_results] Planned internal buffer memory: CMA=0 CMA-Desc=1703936 Pinned=74191872. memory to edge layer usage factor is 1
[2026-04-17 12:51:29.901] [97085] [HailoRT] [info] [internal_buffer_manager.cpp:86] [print_execution_results] Default Internal buffer planner executed successfully
[2026-04-17 12:51:30.043] [97085] [HailoRT] [info] [device_internal.cpp:57] [configure] Configuring HEF took 183.076156 milliseconds
[2026-04-17 12:51:30.044] [97085] [HailoRT] [info] [vdevice.cpp:780] [configure] Configuring HEF on VDevice took 183.456341 milliseconds
[2026-04-17 12:51:30.044] [97085] [HailoRT] [info] [control.cpp:113] [control__parse_identify_results] firmware_version is: 4.23.0
[2026-04-17 12:51:30.044] [97085] [HailoRT] [info] [control.cpp:113] [control__parse_identify_results] firmware_version is: 4.23.0
[2026-04-17 12:51:30.081] [97085] [HailoRT] [info] [core_op.cpp:156] [activate] Activating yolov11n took 36.872305 milliseconds. Note that the function is asynchronous and thus the network is not fully activated yet.
[2026-04-17 12:51:30.081] [97085] [HailoRT] [info] [core_op.cpp:156] [activate] Activating yolov11n took 36.895378 milliseconds. Note that the function is asynchronous and thus the network is not fully activated yet.
[2026-04-17 12:51:30.095] [97085] [HailoRT] [info] [control.cpp:113] [control__parse_identify_results] firmware_version is: 4.23.0
[2026-04-17 12:51:30.096] [97085] [HailoRT] [info] [control.cpp:113] [control__parse_identify_results] firmware_version is: 4.23.0
[2026-04-17 12:51:30.096] [97085] [HailoRT] [info] [edge_elements.cpp:52] [create] Created (HwWriteEl8yolov11n/input_layer1 | hw_frame_size: 1228800)
[2026-04-17 12:51:30.096] [97085] [HailoRT] [info] [queue_elements.cpp:284] [create] Created (PushQEl8yolov11n/input_layer1 | timeout: 10s)
[2026-04-17 12:51:30.096] [97085] [HailoRT] [info] [filter_elements.cpp:101] [create] Created (PreInferEl8yolov11n/input_layer1 | Reorder - src_order: NHWC, src_shape: (640, 640, 3), dst_order: NHCW, dst_shape: (640, 640, 3))
[2026-04-17 12:51:30.096] [97085] [HailoRT] [info] [vstream.cpp:754] [InputVStreamImpl] Creating yolov11n/input_layer1...
[2026-04-17 12:51:30.096] [97085] [HailoRT] [info] [vstream_builder.cpp:102] [create_inputs] Input pipeline 'yolov11n/input_layer1': (PreInferEl8yolov11n/input_layer1 | Reorder - src_order: NHWC, src_shape: (640, 640, 3), dst_order: NHCW, dst_shape: (640, 640, 3)) >> (PushQEl8yolov11n/input_layer1 | timeout: 10s) >> (HwWriteEl8yolov11n/input_layer1 | hw_frame_size: 1228800) >> HW
[2026-04-17 12:51:30.096] [97085] [HailoRT] [info] [multi_io_elements.cpp:135] [create] Created (NmsPPMuxEl0YOLOV8-Post-Process | Op YOLOV8, Name: YOLOV8-Post-Process, Score threshold: 0.200, IoU threshold: 0.70, Classes: 80, Max bboxes per class: 100, Image height: 640, Image width: 640)
[2026-04-17 12:51:30.096] [97085] [HailoRT] [info] [edge_elements.cpp:287] [create] Created (HwReadEl3yolov11n/conv51_143 | hw_frame_size: 409600)
[2026-04-17 12:51:30.096] [97085] [HailoRT] [info] [queue_elements.cpp:657] [create] Created (PullQEl_nms3yolov11n/conv51_143 | timeout: 10s)
[2026-04-17 12:51:30.096] [97085] [HailoRT] [info] [edge_elements.cpp:287] [create] Created (HwReadEl12yolov11n/conv54_143 | hw_frame_size: 512000)
[2026-04-17 12:51:30.096] [97085] [HailoRT] [info] [queue_elements.cpp:657] [create] Created (PullQEl_nms12yolov11n/conv54_143 | timeout: 10s)
[2026-04-17 12:51:30.096] [97085] [HailoRT] [info] [edge_elements.cpp:287] [create] Created (HwReadEl15yolov11n/conv62_143 | hw_frame_size: 102400)
[2026-04-17 12:51:30.096] [97085] [HailoRT] [info] [queue_elements.cpp:657] [create] Created (PullQEl_nms15yolov11n/conv62_143 | timeout: 10s)
[2026-04-17 12:51:30.096] [97085] [HailoRT] [info] [edge_elements.cpp:287] [create] Created (HwReadEl13yolov11n/conv65_143 | hw_frame_size: 128000)
[2026-04-17 12:51:30.096] [97085] [HailoRT] [info] [queue_elements.cpp:657] [create] Created (PullQEl_nms13yolov11n/conv65_143 | timeout: 10s)
[2026-04-17 12:51:30.096] [97085] [HailoRT] [info] [edge_elements.cpp:287] [create] Created (HwReadEl1yolov11n/conv77_143 | hw_frame_size: 30720)
[2026-04-17 12:51:30.097] [97085] [HailoRT] [info] [queue_elements.cpp:657] [create] Created (PullQEl_nms1yolov11n/conv77_143 | timeout: 10s)
[2026-04-17 12:51:30.097] [97085] [HailoRT] [info] [edge_elements.cpp:287] [create] Created (HwReadEl0yolov11n/conv80_143 | hw_frame_size: 38400)
[2026-04-17 12:51:30.097] [97085] [HailoRT] [info] [queue_elements.cpp:657] [create] Created (PullQEl_nms0yolov11n/conv80_143 | timeout: 10s)
[2026-04-17 12:51:30.097] [97085] [HailoRT] [info] [queue_elements.cpp:800] [create] Created (UserBufQEl_post_infer0yolov11n/yolov8_nms_postprocess | timeout: 10s)
[2026-04-17 12:51:30.097] [97085] [HailoRT] [info] [vstream.cpp:1114] [OutputVStreamImpl] Creating yolov11n/yolov8_nms_postprocess...
[2026-04-17 12:51:30.097] [97085] [HailoRT] [info] [vstream_builder.cpp:622] [create_output_post_process_nms] Output pipeline 'yolov11n/yolov8_nms_postprocess': HW >> (HwReadEl3yolov11n/conv51_143 | hw_frame_size: 409600) >> (PullQEl_nms3yolov11n/conv51_143) >> (HwReadEl12yolov11n/conv54_143 | hw_frame_size: 512000) >> (PullQEl_nms12yolov11n/conv54_143) >> (HwReadEl15yolov11n/conv62_143 | hw_frame_size: 102400) >> (PullQEl_nms15yolov11n/conv62_143) >> (HwReadEl13yolov11n/conv65_143 | hw_frame_size: 128000) >> (PullQEl_nms13yolov11n/conv65_143) >> (HwReadEl1yolov11n/conv77_143 | hw_frame_size: 30720) >> (PullQEl_nms1yolov11n/conv77_143) >> (HwReadEl0yolov11n/conv80_143 | hw_frame_size: 38400) >> (PullQEl_nms0yolov11n/conv80_143) >> (NmsPPMuxEl0YOLOV8-Post-Process | Op YOLOV8, Name: YOLOV8-Post-Process, Score threshold: 0.200, IoU threshold: 0.70, Classes: 80, Max bboxes per class: 100, Image height: 640, Image width: 640) >> (UserBufQEl_post_infer0yolov11n/yolov8_nms_postprocess | timeout: 10s)
[2026-04-17 12:52:30.097] [97619] [HailoRT] [info] [vdevice_native_stream.cpp:331] [read_impl] Failed read from stream HAILO_STREAM_ABORT(63) (device: 0001:01:00.0)
[2026-04-17 12:52:30.097] [97619] [HailoRT] [info] [edge_elements.cpp:396] [run_pull] Reading from stream was aborted!
[2026-04-17 12:52:30.097] [97619] [HailoRT] [info] [queue_elements.cpp:738] [run_in_thread] run_pull of queue element PullQEl_nms12yolov11n/conv54_143 was aborted!
[2026-04-17 12:52:30.097] [97620] [HailoRT] [info] [vdevice_native_stream.cpp:331] [read_impl] Failed read from stream HAILO_STREAM_ABORT(63) (device: 0001:01:00.0)
[2026-04-17 12:52:30.097] [97620] [HailoRT] [info] [edge_elements.cpp:396] [run_pull] Reading from stream was aborted!
[2026-04-17 12:52:30.097] [97617] [HailoRT] [info] [vdevice_native_stream.cpp:142] [write_impl] Failed write to stream yolov11n/input_layer1 (device: 0001:01:00.0) with status=HAILO_STREAM_ABORT(63)
[2026-04-17 12:52:30.097] [97622] [HailoRT] [info] [vdevice_native_stream.cpp:331] [read_impl] Failed read from stream HAILO_STREAM_ABORT(63) (device: 0001:01:00.0)
[2026-04-17 12:52:30.097] [97622] [HailoRT] [info] [edge_elements.cpp:396] [run_pull] Reading from stream was aborted!
[2026-04-17 12:52:30.097] [97617] [HailoRT] [info] [edge_elements.cpp:87] [run_push] Failed to send on input stream InputStream(index=8, name=yolov11n/input_layer1) because stream was aborted
[2026-04-17 12:52:30.097] [97622] [HailoRT] [info] [queue_elements.cpp:738] [run_in_thread] run_pull of queue element PullQEl_nms1yolov11n/conv77_143 was aborted!
[2026-04-17 12:52:30.097] [97620] [HailoRT] [info] [queue_elements.cpp:738] [run_in_thread] run_pull of queue element PullQEl_nms15yolov11n/conv62_143 was aborted!
[2026-04-17 12:52:30.097] [97617] [HailoRT] [info] [queue_elements.cpp:401] [run_in_thread] run_push of PushQEl8yolov11n/input_layer1 was aborted!
[2026-04-17 12:52:30.097] [97628] [HailoRT] [info] [vstream.cpp:774] [write] Sending to VStream was shutdown!
[2026-04-17 12:52:30.097] [97621] [HailoRT] [info] [vdevice_native_stream.cpp:331] [read_impl] Failed read from stream HAILO_STREAM_ABORT(63) (device: 0001:01:00.0)
[2026-04-17 12:52:30.097] [97621] [HailoRT] [info] [edge_elements.cpp:396] [run_pull] Reading from stream was aborted!
[2026-04-17 12:52:30.097] [97623] [HailoRT] [info] [vdevice_native_stream.cpp:331] [read_impl] Failed read from stream HAILO_STREAM_ABORT(63) (device: 0001:01:00.0)
[2026-04-17 12:52:30.097] [97623] [HailoRT] [info] [edge_elements.cpp:396] [run_pull] Reading from stream was aborted!
[2026-04-17 12:52:30.097] [97628] [HailoRT] [info] [vstream.cpp:778] [write] Sending to VStream was aborted!
[2026-04-17 12:52:30.097] [97623] [HailoRT] [info] [queue_elements.cpp:738] [run_in_thread] run_pull of queue element PullQEl_nms0yolov11n/conv80_143 was aborted!
[2026-04-17 12:52:30.097] [97621] [HailoRT] [info] [queue_elements.cpp:738] [run_in_thread] run_pull of queue element PullQEl_nms13yolov11n/conv65_143 was aborted!
[2026-04-17 12:52:30.097] [97618] [HailoRT] [info] [vdevice_native_stream.cpp:331] [read_impl] Failed read from stream HAILO_STREAM_ABORT(63) (device: 0001:01:00.0)
[2026-04-17 12:52:30.097] [97618] [HailoRT] [info] [edge_elements.cpp:396] [run_pull] Reading from stream was aborted!
[2026-04-17 12:52:30.097] [97618] [HailoRT] [info] [queue_elements.cpp:738] [run_in_thread] run_pull of queue element PullQEl_nms3yolov11n/conv51_143 was aborted!
[2026-04-17 12:52:30.097] [97627] [HailoRT] [info] [queue_elements.cpp:706] [run_pull] Shutdown event was signaled in dequeue of queue element PullQEl_nms3yolov11n/conv51_143!
[2026-04-17 12:52:30.097] [97627] [HailoRT] [info] [vstream.cpp:1138] [read] Receiving to VStream was shutdown!
[2026-04-17 12:52:30.139] [97085] [HailoRT] [info] [queue_elements.cpp:360] [execute_deactivate] enqueue() in element PushQEl8yolov11n/input_layer1 was aborted, got status = HAILO_SHUTDOWN_EVENT_SIGNALED(57)
[2026-04-17 12:52:30.139] [97617] [HailoRT] [info] [queue_elements.cpp:68] [operator()] Thread in element PushQEl8yolov11n/input_layer1 is not running anymore, exiting..
[2026-04-17 12:52:30.139] [97085] [HailoRT] [info] [queue_elements.cpp:46] [~BaseQueueElement] Queue element PushQEl8yolov11n/input_layer1 has 1 frames in his Queue on destruction
[2026-04-17 12:52:30.139] [97624] [HailoRT] [info] [queue_elements.cpp:68] [operator()] Thread in element UserBufQEl_post_infer0yolov11n/yolov8_nms_postprocess is not running anymore, exiting..
[2026-04-17 12:52:30.139] [97085] [HailoRT] [info] [queue_elements.cpp:46] [~BaseQueueElement] Queue element UserBufQEl_post_infer0yolov11n/yolov8_nms_postprocess has 0 frames in his Queue on destruction
[2026-04-17 12:52:30.139] [97623] [HailoRT] [info] [queue_elements.cpp:68] [operator()] Thread in element PullQEl_nms0yolov11n/conv80_143 is not running anymore, exiting..
[2026-04-17 12:52:30.139] [97085] [HailoRT] [info] [queue_elements.cpp:46] [~BaseQueueElement] Queue element PullQEl_nms0yolov11n/conv80_143 has 0 frames in his Queue on destruction
[2026-04-17 12:52:30.139] [97622] [HailoRT] [info] [queue_elements.cpp:68] [operator()] Thread in element PullQEl_nms1yolov11n/conv77_143 is not running anymore, exiting..
[2026-04-17 12:52:30.139] [97085] [HailoRT] [info] [queue_elements.cpp:46] [~BaseQueueElement] Queue element PullQEl_nms1yolov11n/conv77_143 has 0 frames in his Queue on destruction
[2026-04-17 12:52:30.139] [97621] [HailoRT] [info] [queue_elements.cpp:68] [operator()] Thread in element PullQEl_nms13yolov11n/conv65_143 is not running anymore, exiting..
[2026-04-17 12:52:30.139] [97085] [HailoRT] [info] [queue_elements.cpp:46] [~BaseQueueElement] Queue element PullQEl_nms13yolov11n/conv65_143 has 0 frames in his Queue on destruction
[2026-04-17 12:52:30.139] [97620] [HailoRT] [info] [queue_elements.cpp:68] [operator()] Thread in element PullQEl_nms15yolov11n/conv62_143 is not running anymore, exiting..
[2026-04-17 12:52:30.139] [97085] [HailoRT] [info] [queue_elements.cpp:46] [~BaseQueueElement] Queue element PullQEl_nms15yolov11n/conv62_143 has 0 frames in his Queue on destruction
[2026-04-17 12:52:30.139] [97619] [HailoRT] [info] [queue_elements.cpp:68] [operator()] Thread in element PullQEl_nms12yolov11n/conv54_143 is not running anymore, exiting..
[2026-04-17 12:52:30.139] [97085] [HailoRT] [info] [queue_elements.cpp:46] [~BaseQueueElement] Queue element PullQEl_nms12yolov11n/conv54_143 has 0 frames in his Queue on destruction
[2026-04-17 12:52:30.139] [97618] [HailoRT] [info] [queue_elements.cpp:68] [operator()] Thread in element PullQEl_nms3yolov11n/conv51_143 is not running anymore, exiting..
[2026-04-17 12:52:30.140] [97085] [HailoRT] [info] [queue_elements.cpp:46] [~BaseQueueElement] Queue element PullQEl_nms3yolov11n/conv51_143 has 0 frames in his Queue on destruction
[2026-04-17 12:52:30.140] [97085] [HailoRT] [info] [core_op.cpp:186] [deactivate] Deactivating took 0.00787 ms
[2026-04-17 12:52:30.140] [97085] [HailoRT] [info] [core_op.cpp:186] [deactivate] Deactivating took 0.017889 ms
[2026-04-17 12:52:30.205] [97085] [HailoRT] [info] [vdevice.cpp:535] [create] Creating vdevice with params: device_count: 1, scheduling_algorithm: NONE, multi_process_service: false
[2026-04-17 12:52:30.205] [97085] [HailoRT] [info] [device.cpp:51] [Device] OS Version: Linux 6.12.75+rpt-rpi-2712 #1 SMP PREEMPT Debian 1:6.12.75-1+rpt1 (2026-03-11) aarch64
[2026-04-17 12:52:30.205] [97085] [HailoRT] [info] [control.cpp:113] [control__parse_identify_results] firmware_version is: 4.23.0
[2026-04-17 12:52:30.205] [97085] [HailoRT] [info] [vdevice.cpp:682] [create] VDevice Infos: 0001:01:00.0
[2026-04-17 12:52:30.218] [97085] [HailoRT] [warning] [buffer_requirements.cpp:131] [get_buffer_requirements_multiple_transfers] Desc page size value (1024) is not optimal for performance.
[2026-04-17 12:52:30.257] [97085] [HailoRT] [info] [internal_buffer_manager.cpp:77] [print_execution_results] Planned internal buffer memory: CMA=0 CMA-Desc=1703936 Pinned=74191872. memory to edge layer usage factor is 1
[2026-04-17 12:52:30.257] [97085] [HailoRT] [info] [internal_buffer_manager.cpp:86] [print_execution_results] Default Internal buffer planner executed successfully
[2026-04-17 12:52:30.390] [97085] [HailoRT] [info] [device_internal.cpp:57] [configure] Configuring HEF took 183.987571 milliseconds
[2026-04-17 12:52:30.390] [97085] [HailoRT] [info] [vdevice.cpp:780] [configure] Configuring HEF on VDevice took 184.366163 milliseconds
[2026-04-17 12:52:30.390] [97085] [HailoRT] [info] [control.cpp:113] [control__parse_identify_results] firmware_version is: 4.23.0
[2026-04-17 12:52:30.391] [97085] [HailoRT] [info] [control.cpp:113] [control__parse_identify_results] firmware_version is: 4.23.0
[2026-04-17 12:52:30.423] [97085] [HailoRT] [info] [core_op.cpp:156] [activate] Activating yolov11n took 32.632702 milliseconds. Note that the function is asynchronous and thus the network is not fully activated yet.
[2026-04-17 12:52:30.423] [97085] [HailoRT] [info] [core_op.cpp:156] [activate] Activating yolov11n took 32.657202 milliseconds. Note that the function is asynchronous and thus the network is not fully activated yet.
[2026-04-17 12:52:30.437] [97085] [HailoRT] [info] [control.cpp:113] [control__parse_identify_results] firmware_version is: 4.23.0
[2026-04-17 12:52:30.438] [97085] [HailoRT] [info] [control.cpp:113] [control__parse_identify_results] firmware_version is: 4.23.0
[2026-04-17 12:52:30.438] [97085] [HailoRT] [info] [edge_elements.cpp:52] [create] Created (HwWriteEl8yolov11n/input_layer1 | hw_frame_size: 1228800)
[2026-04-17 12:52:30.438] [97085] [HailoRT] [info] [queue_elements.cpp:284] [create] Created (PushQEl8yolov11n/input_layer1 | timeout: 10s)
[2026-04-17 12:52:30.438] [97085] [HailoRT] [info] [filter_elements.cpp:101] [create] Created (PreInferEl8yolov11n/input_layer1 | Reorder - src_order: NHWC, src_shape: (640, 640, 3), dst_order: NHCW, dst_shape: (640, 640, 3))
[2026-04-17 12:52:30.438] [97085] [HailoRT] [info] [vstream.cpp:754] [InputVStreamImpl] Creating yolov11n/input_layer1...
[2026-04-17 12:52:30.438] [97085] [HailoRT] [info] [vstream_builder.cpp:102] [create_inputs] Input pipeline 'yolov11n/input_layer1': (PreInferEl8yolov11n/input_layer1 | Reorder - src_order: NHWC, src_shape: (640, 640, 3), dst_order: NHCW, dst_shape: (640, 640, 3)) >> (PushQEl8yolov11n/input_layer1 | timeout: 10s) >> (HwWriteEl8yolov11n/input_layer1 | hw_frame_size: 1228800) >> HW
[2026-04-17 12:52:30.438] [97085] [HailoRT] [info] [multi_io_elements.cpp:135] [create] Created (NmsPPMuxEl0YOLOV8-Post-Process | Op YOLOV8, Name: YOLOV8-Post-Process, Score threshold: 0.200, IoU threshold: 0.70, Classes: 80, Max bboxes per class: 100, Image height: 640, Image width: 640)
[2026-04-17 12:52:30.438] [97085] [HailoRT] [info] [edge_elements.cpp:287] [create] Created (HwReadEl3yolov11n/conv51_143 | hw_frame_size: 409600)
[2026-04-17 12:52:30.438] [97085] [HailoRT] [info] [queue_elements.cpp:657] [create] Created (PullQEl_nms3yolov11n/conv51_143 | timeout: 10s)
[2026-04-17 12:52:30.438] [97085] [HailoRT] [info] [edge_elements.cpp:287] [create] Created (HwReadEl12yolov11n/conv54_143 | hw_frame_size: 512000)
[2026-04-17 12:52:30.438] [97085] [HailoRT] [info] [queue_elements.cpp:657] [create] Created (PullQEl_nms12yolov11n/conv54_143 | timeout: 10s)
[2026-04-17 12:52:30.438] [97085] [HailoRT] [info] [edge_elements.cpp:287] [create] Created (HwReadEl15yolov11n/conv62_143 | hw_frame_size: 102400)
[2026-04-17 12:52:30.438] [97085] [HailoRT] [info] [queue_elements.cpp:657] [create] Created (PullQEl_nms15yolov11n/conv62_143 | timeout: 10s)
[2026-04-17 12:52:30.438] [97085] [HailoRT] [info] [edge_elements.cpp:287] [create] Created (HwReadEl13yolov11n/conv65_143 | hw_frame_size: 128000)
[2026-04-17 12:52:30.438] [97085] [HailoRT] [info] [queue_elements.cpp:657] [create] Created (PullQEl_nms13yolov11n/conv65_143 | timeout: 10s)
[2026-04-17 12:52:30.438] [97085] [HailoRT] [info] [edge_elements.cpp:287] [create] Created (HwReadEl1yolov11n/conv77_143 | hw_frame_size: 30720)
[2026-04-17 12:52:30.438] [97085] [HailoRT] [info] [queue_elements.cpp:657] [create] Created (PullQEl_nms1yolov11n/conv77_143 | timeout: 10s)
[2026-04-17 12:52:30.438] [97085] [HailoRT] [info] [edge_elements.cpp:287] [create] Created (HwReadEl0yolov11n/conv80_143 | hw_frame_size: 38400)
[2026-04-17 12:52:30.438] [97085] [HailoRT] [info] [queue_elements.cpp:657] [create] Created (PullQEl_nms0yolov11n/conv80_143 | timeout: 10s)
[2026-04-17 12:52:30.439] [97085] [HailoRT] [info] [queue_elements.cpp:800] [create] Created (UserBufQEl_post_infer0yolov11n/yolov8_nms_postprocess | timeout: 10s)
[2026-04-17 12:52:30.439] [97085] [HailoRT] [info] [vstream.cpp:1114] [OutputVStreamImpl] Creating yolov11n/yolov8_nms_postprocess...
[2026-04-17 12:52:30.439] [97085] [HailoRT] [info] [vstream_builder.cpp:622] [create_output_post_process_nms] Output pipeline 'yolov11n/yolov8_nms_postprocess': HW >> (HwReadEl3yolov11n/conv51_143 | hw_frame_size: 409600) >> (PullQEl_nms3yolov11n/conv51_143) >> (HwReadEl12yolov11n/conv54_143 | hw_frame_size: 512000) >> (PullQEl_nms12yolov11n/conv54_143) >> (HwReadEl15yolov11n/conv62_143 | hw_frame_size: 102400) >> (PullQEl_nms15yolov11n/conv62_143) >> (HwReadEl13yolov11n/conv65_143 | hw_frame_size: 128000) >> (PullQEl_nms13yolov11n/conv65_143) >> (HwReadEl1yolov11n/conv77_143 | hw_frame_size: 30720) >> (PullQEl_nms1yolov11n/conv77_143) >> (HwReadEl0yolov11n/conv80_143 | hw_frame_size: 38400) >> (PullQEl_nms0yolov11n/conv80_143) >> (NmsPPMuxEl0YOLOV8-Post-Process | Op YOLOV8, Name: YOLOV8-Post-Process, Score threshold: 0.200, IoU threshold: 0.70, Classes: 80, Max bboxes per class: 100, Image height: 640, Image width: 640) >> (UserBufQEl_post_infer0yolov11n/yolov8_nms_postprocess | timeout: 10s)
[2026-04-17 12:53:30.439] [98124] [HailoRT] [info] [vdevice_native_stream.cpp:331] [read_impl] Failed read from stream HAILO_STREAM_ABORT(63) (device: 0001:01:00.0)
[2026-04-17 12:53:30.439] [98121] [HailoRT] [info] [vdevice_native_stream.cpp:331] [read_impl] Failed read from stream HAILO_STREAM_ABORT(63) (device: 0001:01:00.0)
[2026-04-17 12:53:30.439] [98121] [HailoRT] [info] [edge_elements.cpp:396] [run_pull] Reading from stream was aborted!
[2026-04-17 12:53:30.439] [98125] [HailoRT] [info] [vdevice_native_stream.cpp:331] [read_impl] Failed read from stream HAILO_STREAM_ABORT(63) (device: 0001:01:00.0)
[2026-04-17 12:53:30.439] [98125] [HailoRT] [info] [edge_elements.cpp:396] [run_pull] Reading from stream was aborted!
[2026-04-17 12:53:30.439] [98123] [HailoRT] [info] [vdevice_native_stream.cpp:331] [read_impl] Failed read from stream HAILO_STREAM_ABORT(63) (device: 0001:01:00.0)
[2026-04-17 12:53:30.439] [98125] [HailoRT] [info] [queue_elements.cpp:738] [run_in_thread] run_pull of queue element PullQEl_nms1yolov11n/conv77_143 was aborted!
[2026-04-17 12:53:30.439] [98122] [HailoRT] [info] [vdevice_native_stream.cpp:331] [read_impl] Failed read from stream HAILO_STREAM_ABORT(63) (device: 0001:01:00.0)
[2026-04-17 12:53:30.439] [98126] [HailoRT] [info] [vdevice_native_stream.cpp:331] [read_impl] Failed read from stream HAILO_STREAM_ABORT(63) (device: 0001:01:00.0)
[2026-04-17 12:53:30.439] [98126] [HailoRT] [info] [edge_elements.cpp:396] [run_pull] Reading from stream was aborted!
[2026-04-17 12:53:30.439] [98121] [HailoRT] [info] [queue_elements.cpp:738] [run_in_thread] run_pull of queue element PullQEl_nms3yolov11n/conv51_143 was aborted!
[2026-04-17 12:53:30.439] [98126] [HailoRT] [info] [queue_elements.cpp:738] [run_in_thread] run_pull of queue element PullQEl_nms0yolov11n/conv80_143 was aborted!
[2026-04-17 12:53:30.439] [98124] [HailoRT] [info] [edge_elements.cpp:396] [run_pull] Reading from stream was aborted!
[2026-04-17 12:53:30.439] [98122] [HailoRT] [info] [edge_elements.cpp:396] [run_pull] Reading from stream was aborted!
[2026-04-17 12:53:30.439] [98124] [HailoRT] [info] [queue_elements.cpp:738] [run_in_thread] run_pull of queue element PullQEl_nms13yolov11n/conv65_143 was aborted!
[2026-04-17 12:53:30.439] [98122] [HailoRT] [info] [queue_elements.cpp:738] [run_in_thread] run_pull of queue element PullQEl_nms12yolov11n/conv54_143 was aborted!
[2026-04-17 12:53:30.439] [98123] [HailoRT] [info] [edge_elements.cpp:396] [run_pull] Reading from stream was aborted!
[2026-04-17 12:53:30.439] [98123] [HailoRT] [info] [queue_elements.cpp:738] [run_in_thread] run_pull of queue element PullQEl_nms15yolov11n/conv62_143 was aborted!
[2026-04-17 12:53:30.439] [98130] [HailoRT] [info] [queue_elements.cpp:706] [run_pull] Shutdown event was signaled in dequeue of queue element PullQEl_nms3yolov11n/conv51_143!
[2026-04-17 12:53:30.439] [98130] [HailoRT] [info] [vstream.cpp:1138] [read] Receiving to VStream was shutdown!
[2026-04-17 12:53:30.440] [98120] [HailoRT] [info] [vdevice_native_stream.cpp:142] [write_impl] Failed write to stream yolov11n/input_layer1 (device: 0001:01:00.0) with status=HAILO_STREAM_ABORT(63)
[2026-04-17 12:53:30.440] [98120] [HailoRT] [info] [edge_elements.cpp:87] [run_push] Failed to send on input stream InputStream(index=8, name=yolov11n/input_layer1) because stream was aborted
[2026-04-17 12:53:30.440] [98120] [HailoRT] [info] [queue_elements.cpp:401] [run_in_thread] run_push of PushQEl8yolov11n/input_layer1 was aborted!
[2026-04-17 12:53:30.441] [98131] [HailoRT] [info] [queue_elements.cpp:319] [run_push] run_push of PushQEl8yolov11n/input_layer1 was aborted!
[2026-04-17 12:53:30.441] [98131] [HailoRT] [info] [filter_elements.cpp:35] [run_push] run_push of PreInferEl8yolov11n/input_layer1 was aborted!
[2026-04-17 12:53:30.441] [98131] [HailoRT] [info] [vstream.cpp:778] [write] Sending to VStream was aborted!
[2026-04-17 12:53:30.449] [97085] [HailoRT] [info] [queue_elements.cpp:360] [execute_deactivate] enqueue() in element PushQEl8yolov11n/input_layer1 was aborted, got status = HAILO_SHUTDOWN_EVENT_SIGNALED(57)
[2026-04-17 12:53:30.449] [98120] [HailoRT] [info] [queue_elements.cpp:68] [operator()] Thread in element PushQEl8yolov11n/input_layer1 is not running anymore, exiting..
[2026-04-17 12:53:30.449] [97085] [HailoRT] [info] [queue_elements.cpp:46] [~BaseQueueElement] Queue element PushQEl8yolov11n/input_layer1 has 0 frames in his Queue on destruction
[2026-04-17 12:53:30.450] [98127] [HailoRT] [info] [queue_elements.cpp:68] [operator()] Thread in element UserBufQEl_post_infer0yolov11n/yolov8_nms_postprocess is not running anymore, exiting..
[2026-04-17 12:53:30.450] [97085] [HailoRT] [info] [queue_elements.cpp:46] [~BaseQueueElement] Queue element UserBufQEl_post_infer0yolov11n/yolov8_nms_postprocess has 0 frames in his Queue on destruction
[2026-04-17 12:53:30.450] [98126] [HailoRT] [info] [queue_elements.cpp:68] [operator()] Thread in element PullQEl_nms0yolov11n/conv80_143 is not running anymore, exiting..
[2026-04-17 12:53:30.450] [97085] [HailoRT] [info] [queue_elements.cpp:46] [~BaseQueueElement] Queue element PullQEl_nms0yolov11n/conv80_143 has 0 frames in his Queue on destruction
[2026-04-17 12:53:30.450] [98125] [HailoRT] [info] [queue_elements.cpp:68] [operator()] Thread in element PullQEl_nms1yolov11n/conv77_143 is not running anymore, exiting..
[2026-04-17 12:53:30.450] [97085] [HailoRT] [info] [queue_elements.cpp:46] [~BaseQueueElement] Queue element PullQEl_nms1yolov11n/conv77_143 has 0 frames in his Queue on destruction
[2026-04-17 12:53:30.450] [98124] [HailoRT] [info] [queue_elements.cpp:68] [operator()] Thread in element PullQEl_nms13yolov11n/conv65_143 is not running anymore, exiting..
[2026-04-17 12:53:30.450] [97085] [HailoRT] [info] [queue_elements.cpp:46] [~BaseQueueElement] Queue element PullQEl_nms13yolov11n/conv65_143 has 0 frames in his Queue on destruction
[2026-04-17 12:53:30.450] [98123] [HailoRT] [info] [queue_elements.cpp:68] [operator()] Thread in element PullQEl_nms15yolov11n/conv62_143 is not running anymore, exiting..
[2026-04-17 12:53:30.450] [97085] [HailoRT] [info] [queue_elements.cpp:46] [~BaseQueueElement] Queue element PullQEl_nms15yolov11n/conv62_143 has 0 frames in his Queue on destruction
[2026-04-17 12:53:30.450] [98122] [HailoRT] [info] [queue_elements.cpp:68] [operator()] Thread in element PullQEl_nms12yolov11n/conv54_143 is not running anymore, exiting..
[2026-04-17 12:53:30.450] [97085] [HailoRT] [info] [queue_elements.cpp:46] [~BaseQueueElement] Queue element PullQEl_nms12yolov11n/conv54_143 has 0 frames in his Queue on destruction
[2026-04-17 12:53:30.450] [98121] [HailoRT] [info] [queue_elements.cpp:68] [operator()] Thread in element PullQEl_nms3yolov11n/conv51_143 is not running anymore, exiting..
[2026-04-17 12:53:30.450] [97085] [HailoRT] [info] [queue_elements.cpp:46] [~BaseQueueElement] Queue element PullQEl_nms3yolov11n/conv51_143 has 0 frames in his Queue on destruction
[2026-04-17 12:53:30.450] [97085] [HailoRT] [info] [core_op.cpp:186] [deactivate] Deactivating took 0.007352 ms
[2026-04-17 12:53:30.450] [97085] [HailoRT] [info] [core_op.cpp:186] [deactivate] Deactivating took 0.016408 ms
[2026-04-17 14:51:02.518] [101620] [HailoRT] [info] [vdevice.cpp:535] [create] Creating vdevice with params: device_count: 1, scheduling_algorithm: NONE, multi_process_service: false
[2026-04-17 14:51:02.530] [101620] [HailoRT] [info] [device.cpp:51] [Device] OS Version: Linux 6.12.75+rpt-rpi-2712 #1 SMP PREEMPT Debian 1:6.12.75-1+rpt1 (2026-03-11) aarch64
[2026-04-17 14:51:02.531] [101620] [HailoRT] [info] [control.cpp:113] [control__parse_identify_results] firmware_version is: 4.23.0
[2026-04-17 14:51:02.531] [101620] [HailoRT] [info] [vdevice.cpp:682] [create] VDevice Infos: 0001:01:00.0
[2026-04-17 14:51:02.540] [101620] [HailoRT] [info] [internal_buffer_manager.cpp:77] [print_execution_results] Planned internal buffer memory: CMA=0 CMA-Desc=327680 Pinned=1180160. memory to edge layer usage factor is 1
[2026-04-17 14:51:02.540] [101620] [HailoRT] [info] [internal_buffer_manager.cpp:86] [print_execution_results] Default Internal buffer planner executed successfully
[2026-04-17 14:51:02.599] [101620] [HailoRT] [info] [device_internal.cpp:57] [configure] Configuring HEF took 67.563678 milliseconds
[2026-04-17 14:51:02.599] [101620] [HailoRT] [info] [vdevice.cpp:780] [configure] Configuring HEF on VDevice took 67.981566 milliseconds
[2026-04-17 14:51:02.600] [101620] [HailoRT] [info] [control.cpp:113] [control__parse_identify_results] firmware_version is: 4.23.0
[2026-04-17 14:51:02.600] [101620] [HailoRT] [info] [control.cpp:113] [control__parse_identify_results] firmware_version is: 4.23.0
[2026-04-17 14:51:02.601] [101620] [HailoRT] [info] [core_op.cpp:156] [activate] Activating yolov11n took 0.750813 milliseconds. Note that the function is asynchronous and thus the network is not fully activated yet.
[2026-04-17 14:51:02.601] [101620] [HailoRT] [info] [core_op.cpp:156] [activate] Activating yolov11n took 0.762424 milliseconds. Note that the function is asynchronous and thus the network is not fully activated yet.
[2026-04-17 14:51:02.617] [101620] [HailoRT] [info] [control.cpp:113] [control__parse_identify_results] firmware_version is: 4.23.0
[2026-04-17 14:51:02.617] [101620] [HailoRT] [info] [control.cpp:113] [control__parse_identify_results] firmware_version is: 4.23.0
[2026-04-17 14:51:02.617] [101620] [HailoRT] [info] [edge_elements.cpp:52] [create] Created (HwWriteEl8yolov11n/input_layer1 | hw_frame_size: 1228800)
[2026-04-17 14:51:02.618] [101620] [HailoRT] [info] [queue_elements.cpp:284] [create] Created (PushQEl8yolov11n/input_layer1 | timeout: 10s)
[2026-04-17 14:51:02.618] [101620] [HailoRT] [info] [filter_elements.cpp:101] [create] Created (PreInferEl8yolov11n/input_layer1 | Reorder - src_order: NHWC, src_shape: (640, 640, 3), dst_order: NHCW, dst_shape: (640, 640, 3))
[2026-04-17 14:51:02.618] [101620] [HailoRT] [info] [vstream.cpp:754] [InputVStreamImpl] Creating yolov11n/input_layer1...
[2026-04-17 14:51:02.618] [101620] [HailoRT] [info] [vstream_builder.cpp:102] [create_inputs] Input pipeline 'yolov11n/input_layer1': (PreInferEl8yolov11n/input_layer1 | Reorder - src_order: NHWC, src_shape: (640, 640, 3), dst_order: NHCW, dst_shape: (640, 640, 3)) >> (PushQEl8yolov11n/input_layer1 | timeout: 10s) >> (HwWriteEl8yolov11n/input_layer1 | hw_frame_size: 1228800) >> HW
[2026-04-17 14:51:02.618] [101620] [HailoRT] [info] [multi_io_elements.cpp:135] [create] Created (NmsPPMuxEl0YOLOV8-Post-Process | Op YOLOV8, Name: YOLOV8-Post-Process, Score threshold: 0.200, IoU threshold: 0.70, Classes: 80, Max bboxes per class: 100, Image height: 640, Image width: 640)
[2026-04-17 14:51:02.618] [101620] [HailoRT] [info] [edge_elements.cpp:287] [create] Created (HwReadEl3yolov11n/conv51_143 | hw_frame_size: 409600)
[2026-04-17 14:51:02.618] [101620] [HailoRT] [info] [queue_elements.cpp:657] [create] Created (PullQEl_nms3yolov11n/conv51_143 | timeout: 10s)
[2026-04-17 14:51:02.618] [101620] [HailoRT] [info] [edge_elements.cpp:287] [create] Created (HwReadEl12yolov11n/conv54_143 | hw_frame_size: 512000)
[2026-04-17 14:51:02.618] [101620] [HailoRT] [info] [queue_elements.cpp:657] [create] Created (PullQEl_nms12yolov11n/conv54_143 | timeout: 10s)
[2026-04-17 14:51:02.618] [101620] [HailoRT] [info] [edge_elements.cpp:287] [create] Created (HwReadEl15yolov11n/conv62_143 | hw_frame_size: 102400)
[2026-04-17 14:51:02.618] [101620] [HailoRT] [info] [queue_elements.cpp:657] [create] Created (PullQEl_nms15yolov11n/conv62_143 | timeout: 10s)
[2026-04-17 14:51:02.618] [101620] [HailoRT] [info] [edge_elements.cpp:287] [create] Created (HwReadEl13yolov11n/conv65_143 | hw_frame_size: 128000)
[2026-04-17 14:51:02.618] [101620] [HailoRT] [info] [queue_elements.cpp:657] [create] Created (PullQEl_nms13yolov11n/conv65_143 | timeout: 10s)
[2026-04-17 14:51:02.618] [101620] [HailoRT] [info] [edge_elements.cpp:287] [create] Created (HwReadEl1yolov11n/conv77_143 | hw_frame_size: 30720)
[2026-04-17 14:51:02.618] [101620] [HailoRT] [info] [queue_elements.cpp:657] [create] Created (PullQEl_nms1yolov11n/conv77_143 | timeout: 10s)
[2026-04-17 14:51:02.618] [101620] [HailoRT] [info] [edge_elements.cpp:287] [create] Created (HwReadEl0yolov11n/conv80_143 | hw_frame_size: 38400)
[2026-04-17 14:51:02.618] [101620] [HailoRT] [info] [queue_elements.cpp:657] [create] Created (PullQEl_nms0yolov11n/conv80_143 | timeout: 10s)
[2026-04-17 14:51:02.618] [101620] [HailoRT] [info] [queue_elements.cpp:800] [create] Created (UserBufQEl_post_infer0yolov11n/yolov8_nms_postprocess | timeout: 10s)
[2026-04-17 14:51:02.619] [101620] [HailoRT] [info] [vstream.cpp:1114] [OutputVStreamImpl] Creating yolov11n/yolov8_nms_postprocess...
[2026-04-17 14:51:02.619] [101620] [HailoRT] [info] [vstream_builder.cpp:622] [create_output_post_process_nms] Output pipeline 'yolov11n/yolov8_nms_postprocess': HW >> (HwReadEl3yolov11n/conv51_143 | hw_frame_size: 409600) >> (PullQEl_nms3yolov11n/conv51_143) >> (HwReadEl12yolov11n/conv54_143 | hw_frame_size: 512000) >> (PullQEl_nms12yolov11n/conv54_143) >> (HwReadEl15yolov11n/conv62_143 | hw_frame_size: 102400) >> (PullQEl_nms15yolov11n/conv62_143) >> (HwReadEl13yolov11n/conv65_143 | hw_frame_size: 128000) >> (PullQEl_nms13yolov11n/conv65_143) >> (HwReadEl1yolov11n/conv77_143 | hw_frame_size: 30720) >> (PullQEl_nms1yolov11n/conv77_143) >> (HwReadEl0yolov11n/conv80_143 | hw_frame_size: 38400) >> (PullQEl_nms0yolov11n/conv80_143) >> (NmsPPMuxEl0YOLOV8-Post-Process | Op YOLOV8, Name: YOLOV8-Post-Process, Score threshold: 0.200, IoU threshold: 0.70, Classes: 80, Max bboxes per class: 100, Image height: 640, Image width: 640) >> (UserBufQEl_post_infer0yolov11n/yolov8_nms_postprocess | timeout: 10s)
[2026-04-17 14:51:07.619] [101627] [HailoRT] [info] [vdevice_native_stream.cpp:331] [read_impl] Failed read from stream HAILO_STREAM_ABORT(63) (device: 0001:01:00.0)
[2026-04-17 14:51:07.619] [101631] [HailoRT] [info] [vdevice_native_stream.cpp:331] [read_impl] Failed read from stream HAILO_STREAM_ABORT(63) (device: 0001:01:00.0)
[2026-04-17 14:51:07.619] [101631] [HailoRT] [info] [edge_elements.cpp:396] [run_pull] Reading from stream was aborted!
[2026-04-17 14:51:07.619] [101632] [HailoRT] [info] [vdevice_native_stream.cpp:331] [read_impl] Failed read from stream HAILO_STREAM_ABORT(63) (device: 0001:01:00.0)
[2026-04-17 14:51:07.619] [101632] [HailoRT] [info] [edge_elements.cpp:396] [run_pull] Reading from stream was aborted!
[2026-04-17 14:51:07.619] [101628] [HailoRT] [info] [vdevice_native_stream.cpp:331] [read_impl] Failed read from stream HAILO_STREAM_ABORT(63) (device: 0001:01:00.0)
[2026-04-17 14:51:07.619] [101628] [HailoRT] [info] [edge_elements.cpp:396] [run_pull] Reading from stream was aborted!
[2026-04-17 14:51:07.619] [101630] [HailoRT] [info] [vdevice_native_stream.cpp:331] [read_impl] Failed read from stream HAILO_STREAM_ABORT(63) (device: 0001:01:00.0)
[2026-04-17 14:51:07.619] [101632] [HailoRT] [info] [queue_elements.cpp:738] [run_in_thread] run_pull of queue element PullQEl_nms0yolov11n/conv80_143 was aborted!
[2026-04-17 14:51:07.619] [101626] [HailoRT] [info] [vdevice_native_stream.cpp:142] [write_impl] Failed write to stream yolov11n/input_layer1 (device: 0001:01:00.0) with status=HAILO_STREAM_ABORT(63)
[2026-04-17 14:51:07.619] [101627] [HailoRT] [info] [edge_elements.cpp:396] [run_pull] Reading from stream was aborted!
[2026-04-17 14:51:07.619] [101630] [HailoRT] [info] [edge_elements.cpp:396] [run_pull] Reading from stream was aborted!
[2026-04-17 14:51:07.619] [101627] [HailoRT] [info] [queue_elements.cpp:738] [run_in_thread] run_pull of queue element PullQEl_nms3yolov11n/conv51_143 was aborted!
[2026-04-17 14:51:07.619] [101631] [HailoRT] [info] [queue_elements.cpp:738] [run_in_thread] run_pull of queue element PullQEl_nms1yolov11n/conv77_143 was aborted!
[2026-04-17 14:51:07.619] [101630] [HailoRT] [info] [queue_elements.cpp:738] [run_in_thread] run_pull of queue element PullQEl_nms13yolov11n/conv65_143 was aborted!
[2026-04-17 14:51:07.619] [101628] [HailoRT] [info] [queue_elements.cpp:738] [run_in_thread] run_pull of queue element PullQEl_nms12yolov11n/conv54_143 was aborted!
[2026-04-17 14:51:07.619] [101629] [HailoRT] [info] [vdevice_native_stream.cpp:331] [read_impl] Failed read from stream HAILO_STREAM_ABORT(63) (device: 0001:01:00.0)
[2026-04-17 14:51:07.619] [101629] [HailoRT] [info] [edge_elements.cpp:396] [run_pull] Reading from stream was aborted!
[2026-04-17 14:51:07.619] [101636] [HailoRT] [info] [queue_elements.cpp:706] [run_pull] Shutdown event was signaled in dequeue of queue element PullQEl_nms3yolov11n/conv51_143!
[2026-04-17 14:51:07.619] [101636] [HailoRT] [info] [vstream.cpp:1138] [read] Receiving to VStream was shutdown!
[2026-04-17 14:51:07.619] [101629] [HailoRT] [info] [queue_elements.cpp:738] [run_in_thread] run_pull of queue element PullQEl_nms15yolov11n/conv62_143 was aborted!
[2026-04-17 14:51:07.619] [101626] [HailoRT] [info] [edge_elements.cpp:87] [run_push] Failed to send on input stream InputStream(index=8, name=yolov11n/input_layer1) because stream was aborted
[2026-04-17 14:51:07.619] [101626] [HailoRT] [info] [queue_elements.cpp:401] [run_in_thread] run_push of PushQEl8yolov11n/input_layer1 was aborted!
[2026-04-17 14:51:07.620] [101637] [HailoRT] [info] [queue_elements.cpp:319] [run_push] run_push of PushQEl8yolov11n/input_layer1 was aborted!
[2026-04-17 14:51:07.620] [101637] [HailoRT] [info] [filter_elements.cpp:35] [run_push] run_push of PreInferEl8yolov11n/input_layer1 was aborted!
[2026-04-17 14:51:07.620] [101637] [HailoRT] [info] [vstream.cpp:778] [write] Sending to VStream was aborted!
[2026-04-17 14:51:07.651] [101620] [HailoRT] [info] [queue_elements.cpp:360] [execute_deactivate] enqueue() in element PushQEl8yolov11n/input_layer1 was aborted, got status = HAILO_SHUTDOWN_EVENT_SIGNALED(57)
[2026-04-17 14:51:07.651] [101626] [HailoRT] [info] [queue_elements.cpp:68] [operator()] Thread in element PushQEl8yolov11n/input_layer1 is not running anymore, exiting..
[2026-04-17 14:51:07.652] [101620] [HailoRT] [info] [queue_elements.cpp:46] [~BaseQueueElement] Queue element PushQEl8yolov11n/input_layer1 has 1 frames in his Queue on destruction
[2026-04-17 14:51:07.652] [101633] [HailoRT] [info] [queue_elements.cpp:68] [operator()] Thread in element UserBufQEl_post_infer0yolov11n/yolov8_nms_postprocess is not running anymore, exiting..
[2026-04-17 14:51:07.652] [101620] [HailoRT] [info] [queue_elements.cpp:46] [~BaseQueueElement] Queue element UserBufQEl_post_infer0yolov11n/yolov8_nms_postprocess has 0 frames in his Queue on destruction
[2026-04-17 14:51:07.652] [101632] [HailoRT] [info] [queue_elements.cpp:68] [operator()] Thread in element PullQEl_nms0yolov11n/conv80_143 is not running anymore, exiting..
[2026-04-17 14:51:07.652] [101620] [HailoRT] [info] [queue_elements.cpp:46] [~BaseQueueElement] Queue element PullQEl_nms0yolov11n/conv80_143 has 0 frames in his Queue on destruction
[2026-04-17 14:51:07.652] [101631] [HailoRT] [info] [queue_elements.cpp:68] [operator()] Thread in element PullQEl_nms1yolov11n/conv77_143 is not running anymore, exiting..
[2026-04-17 14:51:07.652] [101620] [HailoRT] [info] [queue_elements.cpp:46] [~BaseQueueElement] Queue element PullQEl_nms1yolov11n/conv77_143 has 0 frames in his Queue on destruction
[2026-04-17 14:51:07.652] [101630] [HailoRT] [info] [queue_elements.cpp:68] [operator()] Thread in element PullQEl_nms13yolov11n/conv65_143 is not running anymore, exiting..
[2026-04-17 14:51:07.652] [101620] [HailoRT] [info] [queue_elements.cpp:46] [~BaseQueueElement] Queue element PullQEl_nms13yolov11n/conv65_143 has 0 frames in his Queue on destruction
[2026-04-17 14:51:07.652] [101629] [HailoRT] [info] [queue_elements.cpp:68] [operator()] Thread in element PullQEl_nms15yolov11n/conv62_143 is not running anymore, exiting..
[2026-04-17 14:51:07.652] [101620] [HailoRT] [info] [queue_elements.cpp:46] [~BaseQueueElement] Queue element PullQEl_nms15yolov11n/conv62_143 has 0 frames in his Queue on destruction
[2026-04-17 14:51:07.652] [101628] [HailoRT] [info] [queue_elements.cpp:68] [operator()] Thread in element PullQEl_nms12yolov11n/conv54_143 is not running anymore, exiting..
[2026-04-17 14:51:07.652] [101620] [HailoRT] [info] [queue_elements.cpp:46] [~BaseQueueElement] Queue element PullQEl_nms12yolov11n/conv54_143 has 0 frames in his Queue on destruction
[2026-04-17 14:51:07.652] [101627] [HailoRT] [info] [queue_elements.cpp:68] [operator()] Thread in element PullQEl_nms3yolov11n/conv51_143 is not running anymore, exiting..
[2026-04-17 14:51:07.652] [101620] [HailoRT] [info] [queue_elements.cpp:46] [~BaseQueueElement] Queue element PullQEl_nms3yolov11n/conv51_143 has 0 frames in his Queue on destruction
[2026-04-17 14:51:07.652] [101620] [HailoRT] [info] [core_op.cpp:186] [deactivate] Deactivating took 0.010037 ms
[2026-04-17 14:51:07.652] [101620] [HailoRT] [info] [core_op.cpp:186] [deactivate] Deactivating took 0.023278 ms
[2026-04-17 14:53:22.937] [101822] [HailoRT] [info] [vdevice.cpp:535] [create] Creating vdevice with params: device_count: 1, scheduling_algorithm: NONE, multi_process_service: false
[2026-04-17 14:53:22.950] [101822] [HailoRT] [info] [device.cpp:51] [Device] OS Version: Linux 6.12.75+rpt-rpi-2712 #1 SMP PREEMPT Debian 1:6.12.75-1+rpt1 (2026-03-11) aarch64
[2026-04-17 14:53:22.951] [101822] [HailoRT] [info] [control.cpp:113] [control__parse_identify_results] firmware_version is: 4.23.0
[2026-04-17 14:53:22.951] [101822] [HailoRT] [info] [vdevice.cpp:682] [create] VDevice Infos: 0001:01:00.0
[2026-04-17 14:53:22.961] [101822] [HailoRT] [info] [internal_buffer_manager.cpp:77] [print_execution_results] Planned internal buffer memory: CMA=0 CMA-Desc=327680 Pinned=1180160. memory to edge layer usage factor is 1
[2026-04-17 14:53:22.961] [101822] [HailoRT] [info] [internal_buffer_manager.cpp:86] [print_execution_results] Default Internal buffer planner executed successfully
[2026-04-17 14:53:23.012] [101822] [HailoRT] [info] [device_internal.cpp:57] [configure] Configuring HEF took 60.48969 milliseconds
[2026-04-17 14:53:23.012] [101822] [HailoRT] [info] [vdevice.cpp:780] [configure] Configuring HEF on VDevice took 61.123966 milliseconds
[2026-04-17 14:53:23.013] [101822] [HailoRT] [info] [control.cpp:113] [control__parse_identify_results] firmware_version is: 4.23.0
[2026-04-17 14:53:23.013] [101822] [HailoRT] [info] [control.cpp:113] [control__parse_identify_results] firmware_version is: 4.23.0
[2026-04-17 14:53:23.014] [101822] [HailoRT] [info] [core_op.cpp:156] [activate] Activating yolov11n took 0.933294 milliseconds. Note that the function is asynchronous and thus the network is not fully activated yet.
[2026-04-17 14:53:23.014] [101822] [HailoRT] [info] [core_op.cpp:156] [activate] Activating yolov11n took 0.982016 milliseconds. Note that the function is asynchronous and thus the network is not fully activated yet.
[2026-04-17 14:53:23.027] [101822] [HailoRT] [info] [control.cpp:113] [control__parse_identify_results] firmware_version is: 4.23.0
[2026-04-17 14:53:23.028] [101822] [HailoRT] [info] [control.cpp:113] [control__parse_identify_results] firmware_version is: 4.23.0
[2026-04-17 14:53:23.028] [101822] [HailoRT] [info] [edge_elements.cpp:52] [create] Created (HwWriteEl8yolov11n/input_layer1 | hw_frame_size: 1228800)
[2026-04-17 14:53:23.028] [101822] [HailoRT] [info] [queue_elements.cpp:284] [create] Created (PushQEl8yolov11n/input_layer1 | timeout: 10s)
[2026-04-17 14:53:23.028] [101822] [HailoRT] [info] [filter_elements.cpp:101] [create] Created (PreInferEl8yolov11n/input_layer1 | Reorder - src_order: NHWC, src_shape: (640, 640, 3), dst_order: NHCW, dst_shape: (640, 640, 3))
[2026-04-17 14:53:23.028] [101822] [HailoRT] [info] [vstream.cpp:754] [InputVStreamImpl] Creating yolov11n/input_layer1...
[2026-04-17 14:53:23.028] [101822] [HailoRT] [info] [vstream_builder.cpp:102] [create_inputs] Input pipeline 'yolov11n/input_layer1': (PreInferEl8yolov11n/input_layer1 | Reorder - src_order: NHWC, src_shape: (640, 640, 3), dst_order: NHCW, dst_shape: (640, 640, 3)) >> (PushQEl8yolov11n/input_layer1 | timeout: 10s) >> (HwWriteEl8yolov11n/input_layer1 | hw_frame_size: 1228800) >> HW
[2026-04-17 14:53:23.028] [101822] [HailoRT] [info] [multi_io_elements.cpp:135] [create] Created (NmsPPMuxEl0YOLOV8-Post-Process | Op YOLOV8, Name: YOLOV8-Post-Process, Score threshold: 0.200, IoU threshold: 0.70, Classes: 80, Max bboxes per class: 100, Image height: 640, Image width: 640)
[2026-04-17 14:53:23.028] [101822] [HailoRT] [info] [edge_elements.cpp:287] [create] Created (HwReadEl3yolov11n/conv51_143 | hw_frame_size: 409600)
[2026-04-17 14:53:23.029] [101822] [HailoRT] [info] [queue_elements.cpp:657] [create] Created (PullQEl_nms3yolov11n/conv51_143 | timeout: 10s)
[2026-04-17 14:53:23.029] [101822] [HailoRT] [info] [edge_elements.cpp:287] [create] Created (HwReadEl12yolov11n/conv54_143 | hw_frame_size: 512000)
[2026-04-17 14:53:23.029] [101822] [HailoRT] [info] [queue_elements.cpp:657] [create] Created (PullQEl_nms12yolov11n/conv54_143 | timeout: 10s)
[2026-04-17 14:53:23.029] [101822] [HailoRT] [info] [edge_elements.cpp:287] [create] Created (HwReadEl15yolov11n/conv62_143 | hw_frame_size: 102400)
[2026-04-17 14:53:23.029] [101822] [HailoRT] [info] [queue_elements.cpp:657] [create] Created (PullQEl_nms15yolov11n/conv62_143 | timeout: 10s)
[2026-04-17 14:53:23.029] [101822] [HailoRT] [info] [edge_elements.cpp:287] [create] Created (HwReadEl13yolov11n/conv65_143 | hw_frame_size: 128000)
[2026-04-17 14:53:23.029] [101822] [HailoRT] [info] [queue_elements.cpp:657] [create] Created (PullQEl_nms13yolov11n/conv65_143 | timeout: 10s)
[2026-04-17 14:53:23.029] [101822] [HailoRT] [info] [edge_elements.cpp:287] [create] Created (HwReadEl1yolov11n/conv77_143 | hw_frame_size: 30720)
[2026-04-17 14:53:23.030] [101822] [HailoRT] [info] [queue_elements.cpp:657] [create] Created (PullQEl_nms1yolov11n/conv77_143 | timeout: 10s)
[2026-04-17 14:53:23.030] [101822] [HailoRT] [info] [edge_elements.cpp:287] [create] Created (HwReadEl0yolov11n/conv80_143 | hw_frame_size: 38400)
[2026-04-17 14:53:23.030] [101822] [HailoRT] [info] [queue_elements.cpp:657] [create] Created (PullQEl_nms0yolov11n/conv80_143 | timeout: 10s)
[2026-04-17 14:53:23.030] [101822] [HailoRT] [info] [queue_elements.cpp:800] [create] Created (UserBufQEl_post_infer0yolov11n/yolov8_nms_postprocess | timeout: 10s)
[2026-04-17 14:53:23.030] [101822] [HailoRT] [info] [vstream.cpp:1114] [OutputVStreamImpl] Creating yolov11n/yolov8_nms_postprocess...
[2026-04-17 14:53:23.030] [101822] [HailoRT] [info] [vstream_builder.cpp:622] [create_output_post_process_nms] Output pipeline 'yolov11n/yolov8_nms_postprocess': HW >> (HwReadEl3yolov11n/conv51_143 | hw_frame_size: 409600) >> (PullQEl_nms3yolov11n/conv51_143) >> (HwReadEl12yolov11n/conv54_143 | hw_frame_size: 512000) >> (PullQEl_nms12yolov11n/conv54_143) >> (HwReadEl15yolov11n/conv62_143 | hw_frame_size: 102400) >> (PullQEl_nms15yolov11n/conv62_143) >> (HwReadEl13yolov11n/conv65_143 | hw_frame_size: 128000) >> (PullQEl_nms13yolov11n/conv65_143) >> (HwReadEl1yolov11n/conv77_143 | hw_frame_size: 30720) >> (PullQEl_nms1yolov11n/conv77_143) >> (HwReadEl0yolov11n/conv80_143 | hw_frame_size: 38400) >> (PullQEl_nms0yolov11n/conv80_143) >> (NmsPPMuxEl0YOLOV8-Post-Process | Op YOLOV8, Name: YOLOV8-Post-Process, Score threshold: 0.200, IoU threshold: 0.70, Classes: 80, Max bboxes per class: 100, Image height: 640, Image width: 640) >> (UserBufQEl_post_infer0yolov11n/yolov8_nms_postprocess | timeout: 10s)
[2026-04-17 14:53:28.031] [101834] [HailoRT] [info] [vdevice_native_stream.cpp:331] [read_impl] Failed read from stream HAILO_STREAM_ABORT(63) (device: 0001:01:00.0)
[2026-04-17 14:53:28.031] [101834] [HailoRT] [info] [edge_elements.cpp:396] [run_pull] Reading from stream was aborted!
[2026-04-17 14:53:28.031] [101833] [HailoRT] [info] [vdevice_native_stream.cpp:331] [read_impl] Failed read from stream HAILO_STREAM_ABORT(63) (device: 0001:01:00.0)
[2026-04-17 14:53:28.031] [101833] [HailoRT] [info] [edge_elements.cpp:396] [run_pull] Reading from stream was aborted!
[2026-04-17 14:53:28.031] [101833] [HailoRT] [info] [queue_elements.cpp:738] [run_in_thread] run_pull of queue element PullQEl_nms1yolov11n/conv77_143 was aborted!
[2026-04-17 14:53:28.031] [101830] [HailoRT] [info] [vdevice_native_stream.cpp:331] [read_impl] Failed read from stream HAILO_STREAM_ABORT(63) (device: 0001:01:00.0)
[2026-04-17 14:53:28.031] [101834] [HailoRT] [info] [queue_elements.cpp:738] [run_in_thread] run_pull of queue element PullQEl_nms0yolov11n/conv80_143 was aborted!
[2026-04-17 14:53:28.031] [101829] [HailoRT] [info] [vdevice_native_stream.cpp:331] [read_impl] Failed read from stream HAILO_STREAM_ABORT(63) (device: 0001:01:00.0)
[2026-04-17 14:53:28.031] [101829] [HailoRT] [info] [edge_elements.cpp:396] [run_pull] Reading from stream was aborted!
[2026-04-17 14:53:28.031] [101829] [HailoRT] [info] [queue_elements.cpp:738] [run_in_thread] run_pull of queue element PullQEl_nms3yolov11n/conv51_143 was aborted!
[2026-04-17 14:53:28.031] [101830] [HailoRT] [info] [edge_elements.cpp:396] [run_pull] Reading from stream was aborted!
[2026-04-17 14:53:28.031] [101830] [HailoRT] [info] [queue_elements.cpp:738] [run_in_thread] run_pull of queue element PullQEl_nms12yolov11n/conv54_143 was aborted!
[2026-04-17 14:53:28.031] [101838] [HailoRT] [info] [queue_elements.cpp:706] [run_pull] Shutdown event was signaled in dequeue of queue element PullQEl_nms3yolov11n/conv51_143!
[2026-04-17 14:53:28.031] [101838] [HailoRT] [info] [vstream.cpp:1138] [read] Receiving to VStream was shutdown!
[2026-04-17 14:53:28.031] [101831] [HailoRT] [info] [vdevice_native_stream.cpp:331] [read_impl] Failed read from stream HAILO_STREAM_ABORT(63) (device: 0001:01:00.0)
[2026-04-17 14:53:28.031] [101831] [HailoRT] [info] [edge_elements.cpp:396] [run_pull] Reading from stream was aborted!
[2026-04-17 14:53:28.031] [101832] [HailoRT] [info] [vdevice_native_stream.cpp:331] [read_impl] Failed read from stream HAILO_STREAM_ABORT(63) (device: 0001:01:00.0)
[2026-04-17 14:53:28.031] [101832] [HailoRT] [info] [edge_elements.cpp:396] [run_pull] Reading from stream was aborted!
[2026-04-17 14:53:28.031] [101831] [HailoRT] [info] [queue_elements.cpp:738] [run_in_thread] run_pull of queue element PullQEl_nms15yolov11n/conv62_143 was aborted!
[2026-04-17 14:53:28.031] [101832] [HailoRT] [info] [queue_elements.cpp:738] [run_in_thread] run_pull of queue element PullQEl_nms13yolov11n/conv65_143 was aborted!
[2026-04-17 14:53:28.032] [101828] [HailoRT] [info] [vdevice_native_stream.cpp:142] [write_impl] Failed write to stream yolov11n/input_layer1 (device: 0001:01:00.0) with status=HAILO_STREAM_ABORT(63)
[2026-04-17 14:53:28.032] [101828] [HailoRT] [info] [edge_elements.cpp:87] [run_push] Failed to send on input stream InputStream(index=8, name=yolov11n/input_layer1) because stream was aborted
[2026-04-17 14:53:28.032] [101828] [HailoRT] [info] [queue_elements.cpp:401] [run_in_thread] run_push of PushQEl8yolov11n/input_layer1 was aborted!
[2026-04-17 14:53:28.033] [101839] [HailoRT] [info] [queue_elements.cpp:319] [run_push] run_push of PushQEl8yolov11n/input_layer1 was aborted!
[2026-04-17 14:53:28.033] [101839] [HailoRT] [info] [filter_elements.cpp:35] [run_push] run_push of PreInferEl8yolov11n/input_layer1 was aborted!
[2026-04-17 14:53:28.033] [101839] [HailoRT] [info] [vstream.cpp:778] [write] Sending to VStream was aborted!
[2026-04-17 14:53:28.034] [101822] [HailoRT] [info] [queue_elements.cpp:360] [execute_deactivate] enqueue() in element PushQEl8yolov11n/input_layer1 was aborted, got status = HAILO_SHUTDOWN_EVENT_SIGNALED(57)
[2026-04-17 14:53:28.034] [101828] [HailoRT] [info] [queue_elements.cpp:68] [operator()] Thread in element PushQEl8yolov11n/input_layer1 is not running anymore, exiting..
[2026-04-17 14:53:28.034] [101822] [HailoRT] [info] [queue_elements.cpp:46] [~BaseQueueElement] Queue element PushQEl8yolov11n/input_layer1 has 0 frames in his Queue on destruction
[2026-04-17 14:53:28.034] [101835] [HailoRT] [info] [queue_elements.cpp:68] [operator()] Thread in element UserBufQEl_post_infer0yolov11n/yolov8_nms_postprocess is not running anymore, exiting..
[2026-04-17 14:53:28.034] [101822] [HailoRT] [info] [queue_elements.cpp:46] [~BaseQueueElement] Queue element UserBufQEl_post_infer0yolov11n/yolov8_nms_postprocess has 0 frames in his Queue on destruction
[2026-04-17 14:53:28.034] [101834] [HailoRT] [info] [queue_elements.cpp:68] [operator()] Thread in element PullQEl_nms0yolov11n/conv80_143 is not running anymore, exiting..
[2026-04-17 14:53:28.034] [101822] [HailoRT] [info] [queue_elements.cpp:46] [~BaseQueueElement] Queue element PullQEl_nms0yolov11n/conv80_143 has 0 frames in his Queue on destruction
[2026-04-17 14:53:28.034] [101833] [HailoRT] [info] [queue_elements.cpp:68] [operator()] Thread in element PullQEl_nms1yolov11n/conv77_143 is not running anymore, exiting..
[2026-04-17 14:53:28.034] [101822] [HailoRT] [info] [queue_elements.cpp:46] [~BaseQueueElement] Queue element PullQEl_nms1yolov11n/conv77_143 has 0 frames in his Queue on destruction
[2026-04-17 14:53:28.034] [101832] [HailoRT] [info] [queue_elements.cpp:68] [operator()] Thread in element PullQEl_nms13yolov11n/conv65_143 is not running anymore, exiting..
[2026-04-17 14:53:28.034] [101822] [HailoRT] [info] [queue_elements.cpp:46] [~BaseQueueElement] Queue element PullQEl_nms13yolov11n/conv65_143 has 0 frames in his Queue on destruction
[2026-04-17 14:53:28.034] [101831] [HailoRT] [info] [queue_elements.cpp:68] [operator()] Thread in element PullQEl_nms15yolov11n/conv62_143 is not running anymore, exiting..
[2026-04-17 14:53:28.034] [101822] [HailoRT] [info] [queue_elements.cpp:46] [~BaseQueueElement] Queue element PullQEl_nms15yolov11n/conv62_143 has 0 frames in his Queue on destruction
[2026-04-17 14:53:28.034] [101830] [HailoRT] [info] [queue_elements.cpp:68] [operator()] Thread in element PullQEl_nms12yolov11n/conv54_143 is not running anymore, exiting..
[2026-04-17 14:53:28.034] [101822] [HailoRT] [info] [queue_elements.cpp:46] [~BaseQueueElement] Queue element PullQEl_nms12yolov11n/conv54_143 has 0 frames in his Queue on destruction
[2026-04-17 14:53:28.034] [101829] [HailoRT] [info] [queue_elements.cpp:68] [operator()] Thread in element PullQEl_nms3yolov11n/conv51_143 is not running anymore, exiting..
[2026-04-17 14:53:28.034] [101822] [HailoRT] [info] [queue_elements.cpp:46] [~BaseQueueElement] Queue element PullQEl_nms3yolov11n/conv51_143 has 0 frames in his Queue on destruction
[2026-04-17 14:53:28.034] [101822] [HailoRT] [info] [core_op.cpp:186] [deactivate] Deactivating took 0.007537 ms
[2026-04-17 14:53:28.034] [101822] [HailoRT] [info] [core_op.cpp:186] [deactivate] Deactivating took 0.01913 ms
