timestamp,temperature_C,cpu_percent,memory_percent,cpu_freq_MHz,cpu_voltage_V,throttled_flags_hex
2026-03-04T11:02:04.759489,49.05,100.0,31.2,2400.02048,0.8431,0x0
2026-03-04T11:02:05.787888,49.6,43.4,31.4,2400.033792,0.8431,0x0
2026-03-04T11:02:06.813984,49.05,36.4,32.2,2400.033792,0.8431,0x0
2026-03-04T11:02:07.830109,49.05,39.3,32.5,2400.017408,0.8431,0x0
2026-03-04T11:02:08.846285,48.5,31.2,33.1,2400.030464,0.8431,0x0
2026-03-04T11:02:09.861933,49.6,49.7,33.7,2400.030464,0.8431,0x0
2026-03-04T11:02:10.889279,51.25,80.1,34.3,2400.030464,0.8431,0x0
2026-03-04T11:02:11.914950,51.8,80.3,34.4,2400.03712,0.8431,0x0
2026-03-04T11:02:12.936008,51.8,81.8,34.2,2400.02048,0.8431,0x0
2026-03-04T11:02:13.959559,52.35,82.2,34.1,2400.027136,0.8431,0x0
2026-03-04T11:02:14.980146,54.0,80.5,34.3,2400.023808,0.8431,0x0
2026-03-04T11:02:16.001367,52.35,81.1,33.8,2400.02048,0.8431,0x0
2026-03-04T11:02:17.019997,53.45,82.8,33.6,2400.030464,0.8431,0x0
2026-03-04T11:02:18.042675,52.9,81.1,33.6,2400.027136,0.8431,0x0
2026-03-04T11:02:19.063720,52.35,79.1,33.8,2400.027136,0.8431,0x0
2026-03-04T11:02:20.088736,53.45,78.5,34.1,2400.027136,0.8431,0x0
2026-03-04T11:02:21.120693,54.0,83.3,34.1,2400.033792,0.8431,0x0
2026-03-04T11:02:22.155123,53.45,80.4,33.9,2400.027136,0.8431,0x0
2026-03-04T11:02:23.179531,55.1,80.9,33.8,2400.023808,0.8431,0x0
2026-03-04T11:02:24.199707,53.45,81.8,33.7,2400.023808,0.8431,0x0
2026-03-04T11:02:25.220824,55.1,80.4,33.7,2400.030464,0.8431,0x0
2026-03-04T11:02:26.245361,55.1,81.3,33.7,2400.023808,0.8431,0x0
2026-03-04T11:02:27.270364,54.0,80.0,33.7,2400.03712,0.8431,0x0
2026-03-04T11:02:28.298034,54.0,79.4,33.8,2400.027136,0.8431,0x0
2026-03-04T11:02:29.327894,54.55,82.4,34.1,2400.02048,0.8431,0x0
2026-03-04T11:02:30.356729,54.55,82.8,34.1,2400.033792,0.8431,0x0
2026-03-04T11:02:31.382624,53.45,79.9,34.6,2400.027136,0.8431,0x0
2026-03-04T11:02:32.411101,54.55,79.6,34.4,2400.02048,0.8431,0x0
2026-03-04T11:02:33.444754,54.55,83.4,34.5,2400.027136,0.8431,0x0
2026-03-04T11:02:34.480680,55.1,81.9,34.5,2400.03712,0.8431,0x0
2026-03-04T11:02:35.514937,55.1,83.1,34.3,2400.030464,0.8431,0x0
2026-03-04T11:02:36.542208,55.1,80.0,33.9,2400.03712,0.8431,0x0
2026-03-04T11:02:37.560503,55.1,81.9,34.0,2400.030464,0.8431,0x0
2026-03-04T11:02:38.585910,56.75,83.4,34.2,2400.02048,0.8431,0x0
2026-03-04T11:02:39.613045,55.1,84.3,33.9,2400.033792,0.8431,0x0
2026-03-04T11:02:40.635500,54.55,81.7,34.2,2400.027136,0.8431,0x0
2026-03-04T11:02:41.657988,55.1,81.0,34.2,2400.030464,0.8431,0x0
2026-03-04T11:02:42.688363,56.75,80.0,34.4,2400.023808,0.8431,0x0
2026-03-04T11:02:43.715836,55.1,77.3,34.4,2400.023808,0.8431,0x0
2026-03-04T11:02:44.743661,57.3,79.2,34.2,2400.03712,0.8431,0x0
2026-03-04T11:02:45.765746,55.65,81.7,33.8,2400.023808,0.8431,0x0
2026-03-04T11:02:46.799124,55.1,81.4,34.1,2400.02048,0.8431,0x0
2026-03-04T11:02:47.824409,56.75,85.4,34.0,2400.023808,0.8431,0x0
2026-03-04T11:02:48.850399,56.2,80.8,34.0,2400.027136,0.8431,0x0
2026-03-04T11:02:49.874567,56.75,81.7,33.8,2400.023808,0.8431,0x0
2026-03-04T11:02:51.001429,55.65,82.5,33.7,2400.027136,0.8431,0x0
2026-03-04T11:02:52.020736,56.2,80.9,34.0,2400.030464,0.8431,0x0
2026-03-04T11:02:53.044038,56.75,82.8,34.2,2400.023808,0.8431,0x0
2026-03-04T11:02:54.078414,54.55,83.7,34.1,2400.017408,0.8431,0x0
2026-03-04T11:02:55.100137,57.85,81.4,34.2,2400.027136,0.8431,0x0
2026-03-04T11:02:56.119833,54.55,81.9,34.4,2400.030464,0.8431,0x0
2026-03-04T11:02:57.144012,56.2,80.7,34.3,2400.023808,0.8431,0x0
2026-03-04T11:02:58.163746,56.2,79.4,34.1,2400.027136,0.8431,0x0
2026-03-04T11:02:59.196728,57.3,79.6,34.3,2400.033792,0.8431,0x0
2026-03-04T11:03:00.220720,56.2,80.7,34.4,2400.02048,0.8431,0x0
2026-03-04T11:03:01.253519,57.3,84.5,34.2,2400.033792,0.8431,0x0
2026-03-04T11:03:02.283347,56.2,81.1,34.1,2400.017408,0.8431,0x0
2026-03-04T11:03:03.312408,56.75,82.9,34.0,2400.023808,0.8431,0x0
2026-03-04T11:03:04.333050,56.2,80.5,34.0,2400.03712,0.8431,0x0
2026-03-04T11:03:05.360695,56.2,89.2,33.8,2400.030464,0.8431,0x0
2026-03-04T11:03:06.395556,57.3,85.1,33.9,2400.023808,0.8431,0x0
2026-03-04T11:03:07.433084,56.2,80.2,34.0,2400.027136,0.8431,0x0
2026-03-04T11:03:08.454461,56.75,80.2,33.8,2400.02048,0.8431,0x0
2026-03-04T11:03:09.480690,57.85,80.7,33.6,2400.02048,0.8431,0x0
2026-03-04T11:03:10.513241,56.75,84.3,33.8,2400.027136,0.8431,0x0
2026-03-04T11:03:11.542553,56.75,79.1,34.1,2400.027136,0.8431,0x0
2026-03-04T11:03:12.566060,55.1,80.5,34.1,2400.02048,0.8431,0x0
2026-03-04T11:03:13.593049,57.3,82.6,34.0,2400.030464,0.8431,0x0
2026-03-04T11:03:14.617071,57.3,80.3,34.1,2400.030464,0.8431,0x0
2026-03-04T11:03:15.645111,56.75,82.6,34.1,2400.02048,0.8431,0x0
2026-03-04T11:03:16.666861,57.3,85.6,34.3,2400.033792,0.8431,0x0
2026-03-04T11:03:17.692171,58.95,81.1,34.4,2400.033792,0.8431,0x0
2026-03-04T11:03:18.712073,58.95,81.3,34.3,2400.023808,0.8431,0x0
2026-03-04T11:03:19.736979,57.85,81.5,34.3,2400.033792,0.8431,0x0
2026-03-04T11:03:20.771710,57.85,80.4,34.0,2400.033792,0.8431,0x0
2026-03-04T11:03:21.800030,58.95,80.3,34.0,2400.023808,0.8431,0x0
2026-03-04T11:03:22.824202,57.85,81.9,33.9,2400.027136,0.8431,0x0
2026-03-04T11:03:23.846894,57.85,82.4,34.2,2400.033792,0.8431,0x0
2026-03-04T11:03:24.869565,57.85,80.7,34.1,2400.033792,0.8431,0x0
2026-03-04T11:03:25.891497,58.95,81.1,33.8,2400.023808,0.8431,0x0
2026-03-04T11:03:26.910401,58.4,79.7,33.9,2400.023808,0.8431,0x0
2026-03-04T11:03:27.938922,58.4,82.5,33.8,2400.02048,0.8431,0x0
2026-03-04T11:03:28.967332,58.95,81.7,33.9,2400.033792,0.8431,0x0
2026-03-04T11:03:29.989031,58.95,80.3,34.1,2400.023808,0.8431,0x0
2026-03-04T11:03:31.014172,58.95,82.1,34.1,2400.027136,0.8431,0x0
2026-03-04T11:03:32.038178,59.5,84.7,34.1,2400.030464,0.8431,0x0
2026-03-04T11:03:33.068853,58.4,81.5,34.1,2400.027136,0.8431,0x0
2026-03-04T11:03:34.089258,59.5,83.1,34.0,2400.023808,0.8431,0x0
2026-03-04T11:03:35.109586,58.95,81.2,34.4,2400.030464,0.8431,0x0
2026-03-04T11:03:36.150066,58.4,79.4,34.4,2400.023808,0.8431,0x0
2026-03-04T11:03:37.168667,57.85,80.8,34.4,2400.027136,0.8431,0x0
2026-03-04T11:03:38.191013,57.3,79.5,34.2,2400.033792,0.8431,0x0
2026-03-04T11:03:39.214177,57.85,80.5,34.2,2400.027136,0.8431,0x0
2026-03-04T11:03:40.246663,58.4,82.8,33.8,2400.030464,0.8431,0x0
2026-03-04T11:03:41.271331,60.05,81.0,33.6,2400.023808,0.8431,0x0
2026-03-04T11:03:42.293366,56.75,83.5,33.7,2400.02048,0.8431,0x0
2026-03-04T11:03:43.313542,58.4,80.6,33.8,2400.023808,0.8431,0x0
2026-03-04T11:03:44.341648,59.5,81.1,33.7,2400.033792,0.8431,0x0
2026-03-04T11:03:45.366705,56.75,81.0,33.8,2400.027136,0.8431,0x0
2026-03-04T11:03:46.391611,58.4,81.6,33.7,2400.023808,0.8431,0x0
2026-03-04T11:03:47.415149,60.05,80.9,33.8,2400.023808,0.8431,0x0
2026-03-04T11:03:48.436466,57.3,83.7,33.8,2400.033792,0.8431,0x0
2026-03-04T11:03:49.454749,57.85,82.3,34.2,2400.027136,0.8431,0x0
2026-03-04T11:03:50.480964,57.85,83.3,34.2,2400.027136,0.8431,0x0
2026-03-04T11:03:51.509078,56.75,82.2,34.2,2400.030464,0.8431,0x0
2026-03-04T11:03:52.541050,57.85,81.6,34.3,2400.027136,0.8431,0x0
2026-03-04T11:03:53.561971,59.5,81.0,34.3,2400.033792,0.8431,0x0
2026-03-04T11:03:54.585400,58.95,81.3,34.0,2400.027136,0.8431,0x0
2026-03-04T11:03:55.613433,59.5,80.1,34.2,2400.02048,0.8431,0x0
2026-03-04T11:03:56.632655,57.85,81.5,34.4,2400.030464,0.8431,0x0
2026-03-04T11:03:57.654125,57.85,80.5,34.7,2400.033792,0.8431,0x0
2026-03-04T11:03:58.674539,58.4,81.0,34.5,2400.030464,0.8431,0x0
2026-03-04T11:03:59.696525,57.85,81.6,34.4,2400.033792,0.8431,0x0
2026-03-04T11:04:00.726547,57.85,79.4,34.1,2400.023808,0.8431,0x0
2026-03-04T11:04:01.759269,59.5,83.1,34.1,2400.03712,0.8431,0x0
2026-03-04T11:04:02.788852,58.95,82.1,34.0,2400.023808,0.8431,0x0
2026-03-04T11:04:03.817909,57.85,78.8,34.3,2400.033792,0.8431,0x0
2026-03-04T11:04:04.851729,57.85,82.3,34.5,2400.03712,0.8431,0x0
2026-03-04T11:04:05.874771,59.5,81.7,34.2,2400.02048,0.8431,0x0
2026-03-04T11:04:06.901056,57.85,80.5,34.1,2400.033792,0.8431,0x0
2026-03-04T11:04:08.017120,58.95,81.9,33.7,2400.027136,0.8431,0x0
2026-03-04T11:04:09.042136,59.5,83.4,33.6,2400.03712,0.8431,0x0
2026-03-04T11:04:10.069200,58.4,80.2,33.6,2400.033792,0.8431,0x0
2026-03-04T11:04:11.089542,58.4,83.2,33.6,2400.030464,0.8431,0x0
2026-03-04T11:04:12.110063,57.85,80.2,33.6,2400.03712,0.8431,0x0
2026-03-04T11:04:13.133040,58.95,81.1,33.6,2400.02048,0.8431,0x0
2026-03-04T11:04:14.154692,57.85,80.7,33.6,2400.023808,0.8431,0x0
2026-03-04T11:04:15.175076,58.4,81.3,33.8,2400.02048,0.8431,0x0
2026-03-04T11:04:16.198750,58.4,80.9,34.3,2400.033792,0.8431,0x0
2026-03-04T11:04:17.227074,58.95,81.6,34.2,2400.023808,0.8431,0x0
2026-03-04T11:04:18.251483,58.4,80.1,34.4,2400.023808,0.8431,0x0
2026-03-04T11:04:19.279077,58.4,83.2,34.7,2400.027136,0.8431,0x0
2026-03-04T11:04:20.297386,58.4,80.3,34.5,2400.030464,0.8431,0x0
2026-03-04T11:04:21.316960,58.4,81.0,34.6,2400.030464,0.8431,0x0
2026-03-04T11:04:22.333855,59.5,79.1,34.7,2400.023808,0.8431,0x0
2026-03-04T11:04:23.355465,58.4,84.0,34.7,2400.030464,0.8431,0x0
2026-03-04T11:04:24.378969,56.75,83.4,34.4,2400.017408,0.8431,0x0
2026-03-04T11:04:25.411618,59.5,80.3,34.3,2400.030464,0.8431,0x0
2026-03-04T11:04:26.446159,58.4,81.2,34.0,2400.030464,0.8431,0x0
2026-03-04T11:04:27.467163,59.5,81.2,34.1,2400.027136,0.8431,0x0
2026-03-04T11:04:28.487137,58.4,81.7,34.1,2400.030464,0.8431,0x0
2026-03-04T11:04:29.505710,58.4,80.8,34.1,2400.033792,0.8431,0x0
2026-03-04T11:04:30.526907,59.5,82.5,34.2,2400.033792,0.8431,0x0
2026-03-04T11:04:31.546835,58.4,84.0,34.0,2400.033792,0.8431,0x0
2026-03-04T11:04:32.580699,58.95,83.3,33.6,2400.030464,0.8431,0x0
2026-03-04T11:04:33.606116,58.4,81.4,33.5,2400.030464,0.8431,0x0
2026-03-04T11:04:34.638439,57.85,81.9,33.8,2400.027136,0.8431,0x0
2026-03-04T11:04:35.658471,57.3,80.7,33.7,2400.027136,0.8431,0x0
2026-03-04T11:04:36.682598,59.5,81.7,33.6,2400.03712,0.8431,0x0
2026-03-04T11:04:37.705370,57.85,80.5,33.6,2400.03712,0.8431,0x0
2026-03-04T11:04:38.727614,58.4,80.3,33.6,2400.030464,0.8431,0x0
2026-03-04T11:04:39.747731,58.95,79.7,33.6,2400.023808,0.8431,0x0
2026-03-04T11:04:40.772767,58.4,80.1,33.8,2400.02048,0.8431,0x0
2026-03-04T11:04:41.801670,59.5,81.0,33.9,2400.02048,0.8431,0x0
2026-03-04T11:04:42.827044,60.05,85.6,34.0,2400.023808,0.8431,0x0
2026-03-04T11:04:43.856696,58.4,79.9,34.0,2400.027136,0.8431,0x0
2026-03-04T11:04:44.877211,60.05,81.0,34.0,2400.033792,0.8431,0x0
2026-03-04T11:04:45.908016,59.5,82.9,33.9,2400.017408,0.8431,0x0
2026-03-04T11:04:46.934551,57.85,85.3,33.7,2400.030464,0.8431,0x0
2026-03-04T11:04:47.956701,58.4,86.7,33.9,2400.023808,0.8431,0x0
2026-03-04T11:04:48.983361,57.85,89.1,33.8,2400.03712,0.8431,0x0
2026-03-04T11:04:50.010333,58.95,84.2,33.9,2400.023808,0.8431,0x0
2026-03-04T11:04:51.038302,60.6,83.8,33.8,2400.02048,0.8431,0x0
2026-03-04T11:04:52.061046,58.95,81.7,33.6,2400.02048,0.8431,0x0
2026-03-04T11:04:53.085204,56.75,80.0,33.4,2400.033792,0.8431,0x0
2026-03-04T11:04:54.109622,58.95,81.7,33.4,2400.030464,0.8431,0x0
2026-03-04T11:04:55.132704,59.5,80.0,33.8,2400.023808,0.8431,0x0
2026-03-04T11:04:56.269379,59.5,83.7,34.2,2400.02048,0.8431,0x0
2026-03-04T11:04:57.298006,57.85,82.6,34.1,2400.030464,0.8431,0x0
2026-03-04T11:04:58.324768,58.4,80.3,34.2,2400.027136,0.8431,0x0
2026-03-04T11:04:59.349219,58.4,81.9,34.5,2400.033792,0.8431,0x0
2026-03-04T11:05:00.367793,59.5,81.2,34.5,2400.027136,0.8431,0x0
2026-03-04T11:05:01.384790,57.85,81.5,34.4,2400.030464,0.8431,0x0
2026-03-04T11:05:02.404905,58.95,81.4,33.8,2400.03712,0.8431,0x0
2026-03-04T11:05:03.427257,58.4,82.0,33.6,2400.030464,0.8431,0x0
2026-03-04T11:05:04.452606,58.4,81.5,33.4,2400.027136,0.8431,0x0
2026-03-04T11:05:05.476641,58.4,81.1,33.6,2400.027136,0.8431,0x0
2026-03-04T11:05:06.495616,59.5,82.5,33.7,2400.033792,0.8431,0x0
2026-03-04T11:05:07.522317,58.4,83.0,33.7,2400.03712,0.8431,0x0
2026-03-04T11:05:08.555761,58.95,86.4,33.5,2400.027136,0.8431,0x0
2026-03-04T11:05:09.581713,60.05,82.9,33.4,2400.030464,0.8431,0x0
2026-03-04T11:05:10.606430,58.4,79.9,33.4,2400.023808,0.8431,0x0
2026-03-04T11:05:11.642172,58.4,82.4,33.6,2400.02048,0.8431,0x0
2026-03-04T11:05:12.669762,58.95,82.7,33.8,2400.027136,0.8431,0x0
2026-03-04T11:05:13.696866,59.5,80.3,33.9,2400.027136,0.8431,0x0
2026-03-04T11:05:14.726101,58.4,79.7,34.2,2400.023808,0.8431,0x0
2026-03-04T11:05:15.755783,60.05,81.3,34.2,2400.03712,0.8431,0x0
2026-03-04T11:05:16.778952,56.75,80.3,34.1,2400.027136,0.8431,0x0
2026-03-04T11:05:17.817268,57.85,82.0,34.1,2400.033792,0.8431,0x0
2026-03-04T11:05:18.845670,57.85,78.8,34.0,2400.033792,0.8431,0x0
2026-03-04T11:05:19.865866,57.85,80.7,33.8,2400.017408,0.8431,0x0
2026-03-04T11:05:20.887881,59.5,80.3,33.7,2400.033792,0.8431,0x0
2026-03-04T11:05:21.909883,58.95,79.4,33.7,2400.033792,0.8431,0x0
2026-03-04T11:05:22.936465,58.4,81.5,33.7,2400.027136,0.8431,0x0
2026-03-04T11:05:23.969559,60.05,81.0,33.7,2400.027136,0.8431,0x0
2026-03-04T11:05:24.996187,58.95,80.4,34.0,2400.017408,0.8431,0x0
2026-03-04T11:05:26.020858,57.85,78.0,33.8,2400.030464,0.8431,0x0
2026-03-04T11:05:27.046386,58.4,80.7,33.6,2400.030464,0.8431,0x0
2026-03-04T11:05:28.066415,58.4,80.9,33.3,2400.023808,0.8431,0x0
2026-03-04T11:05:29.094668,57.85,80.9,33.4,2400.03712,0.8431,0x0
2026-03-04T11:05:30.115470,58.4,79.7,33.7,2400.02048,0.8431,0x0
2026-03-04T11:05:31.135174,57.3,82.7,33.6,2400.033792,0.8431,0x0
2026-03-04T11:05:32.159593,58.4,78.8,33.4,2400.027136,0.8431,0x0
2026-03-04T11:05:33.181786,58.4,81.7,33.3,2400.033792,0.8431,0x0
2026-03-04T11:05:34.311631,58.4,80.9,33.4,2400.033792,0.8431,0x0
2026-03-04T11:05:35.336560,58.4,84.1,33.9,2400.033792,0.8431,0x0
2026-03-04T11:05:36.357221,58.95,88.1,34.0,2400.030464,0.8431,0x0
2026-03-04T11:05:37.382094,59.5,84.3,34.6,2400.030464,0.8431,0x0
2026-03-04T11:05:38.402565,58.95,84.4,34.3,2400.023808,0.8431,0x0
2026-03-04T11:05:39.424660,59.5,81.7,34.0,2400.023808,0.8431,0x0
2026-03-04T11:05:40.444193,57.3,80.7,34.0,2400.027136,0.8431,0x0
2026-03-04T11:05:41.476748,58.4,81.8,33.9,2400.030464,0.8431,0x0
2026-03-04T11:05:42.500302,58.95,79.9,34.3,2400.027136,0.8431,0x0
2026-03-04T11:05:43.533801,58.4,82.1,34.5,2400.023808,0.8431,0x0
2026-03-04T11:05:44.561747,58.4,83.3,34.5,2400.030464,0.8431,0x0
2026-03-04T11:05:45.590075,58.95,81.4,34.2,2400.033792,0.8431,0x0
2026-03-04T11:05:46.614548,57.3,81.5,34.0,2400.017408,0.8431,0x0
2026-03-04T11:05:47.637038,58.4,81.1,33.9,2400.033792,0.8431,0x0
2026-03-04T11:05:48.662571,59.5,85.6,34.2,2400.03712,0.8431,0x0
2026-03-04T11:05:49.698738,59.5,86.8,34.3,2400.03712,0.8431,0x0
2026-03-04T11:05:50.720202,58.4,79.8,34.4,2400.03712,0.8431,0x0
2026-03-04T11:05:51.739751,60.05,80.3,34.6,2400.033792,0.8431,0x0
2026-03-04T11:05:52.760519,59.5,79.9,34.2,2400.033792,0.8431,0x0
2026-03-04T11:05:53.782362,58.4,80.2,33.8,2400.023808,0.8431,0x0
2026-03-04T11:05:54.804246,58.95,80.1,33.7,2400.030464,0.8431,0x0
2026-03-04T11:05:55.829938,58.95,82.9,33.9,2400.027136,0.8431,0x0
2026-03-04T11:05:56.848478,59.5,81.5,33.9,2400.027136,0.8431,0x0
2026-03-04T11:05:57.870869,59.5,80.2,34.0,2400.033792,0.8431,0x0
2026-03-04T11:05:58.901804,59.5,79.8,33.9,2400.033792,0.8431,0x0
2026-03-04T11:05:59.927547,58.4,82.2,33.8,2400.023808,0.8431,0x0
2026-03-04T11:06:00.953010,58.4,81.0,33.8,2400.027136,0.8431,0x0
2026-03-04T11:06:01.977784,58.4,82.0,33.9,2400.027136,0.8431,0x0
2026-03-04T11:06:02.999214,58.4,83.1,34.1,2400.027136,0.8431,0x0
2026-03-04T11:06:04.018433,58.4,82.7,34.2,2400.02048,0.8431,0x0
2026-03-04T11:06:05.141631,58.4,84.2,34.0,2400.023808,0.8431,0x0
2026-03-04T11:06:06.169408,58.95,83.8,33.9,2400.023808,0.8431,0x0
2026-03-04T11:06:07.195277,58.4,82.0,34.0,2400.023808,0.8431,0x0
2026-03-04T11:06:08.217023,60.05,80.5,34.3,2400.03712,0.8431,0x0
2026-03-04T11:06:09.236296,58.4,79.2,34.2,2400.033792,0.8431,0x0
2026-03-04T11:06:10.443508,58.95,81.6,34.0,2400.03712,0.8431,0x0
2026-03-04T11:06:12.504815,59.5,68.9,33.8,2400.027136,0.8431,0x0
2026-03-04T11:06:13.535530,59.5,81.2,33.5,2400.02048,0.8431,0x0
2026-03-04T11:06:14.569003,58.95,85.8,33.9,2400.023808,0.8431,0x0
2026-03-04T11:06:17.151192,59.5,82.8,34.3,2400.02048,0.8431,0x0
2026-03-04T11:06:18.173638,60.05,81.1,34.1,2400.027136,0.8431,0x0
2026-03-04T11:06:19.298330,58.95,80.0,34.3,2400.033792,0.8431,0x0
2026-03-04T11:06:20.319290,58.4,80.8,34.1,2400.030464,0.8431,0x0
2026-03-04T11:06:21.340418,58.95,81.2,34.2,2400.033792,0.8431,0x0
2026-03-04T11:06:22.363059,58.95,82.8,33.9,2400.030464,0.8431,0x0
2026-03-04T11:06:23.389035,58.95,74.3,33.8,2400.033792,0.8431,0x0
2026-03-04T11:06:24.407649,57.3,81.7,33.9,2400.03712,0.8431,0x0
2026-03-04T11:06:25.429268,58.95,81.7,33.9,2400.023808,0.8431,0x0
2026-03-04T11:06:26.451685,58.4,83.0,33.9,2400.033792,0.8431,0x0
2026-03-04T11:06:27.480197,58.4,81.1,34.1,2400.033792,0.8431,0x0
2026-03-04T11:06:28.505172,60.05,80.6,33.9,2400.030464,0.8431,0x0
2026-03-04T11:06:29.532114,58.4,81.4,33.9,2400.03712,0.8431,0x0
2026-03-04T11:06:30.554344,58.4,80.2,33.8,2400.030464,0.8431,0x0
2026-03-04T11:06:31.572414,58.4,82.3,33.7,2400.023808,0.8431,0x0
2026-03-04T11:06:32.598607,58.95,80.7,33.6,2400.027136,0.8431,0x0
2026-03-04T11:06:33.620121,58.95,73.3,33.7,2400.027136,0.8431,0x0
2026-03-04T11:06:34.641689,59.5,81.1,34.2,2400.030464,0.8431,0x0
2026-03-04T11:06:35.668668,58.4,80.7,34.3,2400.027136,0.8431,0x0
2026-03-04T11:06:36.698630,58.4,84.3,34.1,2400.03712,0.8431,0x0
2026-03-04T11:06:37.725899,58.95,85.5,34.3,2400.03712,0.8431,0x0
2026-03-04T11:06:38.753553,58.95,83.5,34.1,2400.030464,0.8431,0x0
2026-03-04T11:06:39.777994,58.4,80.8,34.3,2400.023808,0.8431,0x0
2026-03-04T11:06:40.906432,57.85,79.8,34.4,2400.03712,0.8431,0x0
2026-03-04T11:06:41.930734,58.95,82.5,34.2,2400.027136,0.8431,0x0
2026-03-04T11:06:42.964004,58.95,81.9,34.0,2400.030464,0.8431,0x0
2026-03-04T11:06:43.993299,58.95,85.1,33.8,2400.030464,0.8431,0x0
2026-03-04T11:06:45.013025,60.05,81.8,33.8,2400.023808,0.8431,0x0
2026-03-04T11:06:46.037114,60.6,82.3,34.2,2400.023808,0.8431,0x0
2026-03-04T11:06:47.073694,57.85,80.3,34.2,2400.033792,0.8431,0x0
2026-03-04T11:06:48.102091,59.5,81.4,34.1,2400.027136,0.8431,0x0
2026-03-04T11:06:49.229838,58.95,81.6,34.0,2400.030464,0.8431,0x0
2026-03-04T11:06:50.276716,60.05,81.5,33.8,2400.027136,0.8431,0x0
2026-03-04T11:06:51.301047,58.4,79.8,33.8,2400.033792,0.8431,0x0
2026-03-04T11:06:52.328186,58.95,83.2,33.7,2400.027136,0.8431,0x0
2026-03-04T11:06:53.347336,59.5,82.6,33.8,2400.023808,0.8431,0x0
2026-03-04T11:06:54.381120,60.05,80.5,33.8,2400.017408,0.8431,0x0
2026-03-04T11:06:55.409416,58.95,81.4,33.5,2400.033792,0.8431,0x0
2026-03-04T11:06:56.428739,58.95,82.0,33.6,2400.023808,0.8431,0x0
2026-03-04T11:06:57.451510,59.5,82.5,33.6,2400.03712,0.8431,0x0
2026-03-04T11:06:58.478381,58.95,81.2,33.6,2400.027136,0.8431,0x0
2026-03-04T11:06:59.497563,60.6,80.4,33.7,2400.033792,0.8431,0x0
2026-03-04T11:07:00.533185,58.95,81.1,34.1,2400.027136,0.8431,0x0
2026-03-04T11:07:01.662399,58.95,81.1,34.2,2400.023808,0.8431,0x0
2026-03-04T11:07:02.682405,58.95,80.3,34.3,2400.033792,0.8431,0x0
2026-03-04T11:07:03.703871,60.05,80.0,34.0,2400.02048,0.8431,0x0
2026-03-04T11:07:04.730249,58.95,80.3,34.0,2400.02048,0.8431,0x0
2026-03-04T11:07:05.754780,57.85,81.0,34.1,2400.02048,0.8431,0x0
2026-03-04T11:07:06.774696,58.95,82.4,34.0,2400.02048,0.8431,0x0
2026-03-04T11:07:07.800132,58.4,80.6,33.9,2400.02048,0.8431,0x0
2026-03-04T11:07:08.833229,58.4,81.2,33.9,2400.017408,0.8431,0x0
2026-03-04T11:07:09.867307,59.5,82.5,34.0,2400.030464,0.8431,0x0
2026-03-04T11:07:10.891173,60.05,81.1,34.0,2400.030464,0.8431,0x0
2026-03-04T11:07:11.914981,58.95,83.3,34.0,2400.030464,0.8431,0x0
2026-03-04T11:07:12.944770,60.6,80.6,34.0,2400.03712,0.8431,0x0
2026-03-04T11:07:13.973181,58.4,78.9,34.2,2400.023808,0.8431,0x0
2026-03-04T11:07:14.995717,58.4,80.5,34.2,2400.027136,0.8431,0x0
2026-03-04T11:07:16.015010,58.95,81.3,34.1,2400.03712,0.8431,0x0
2026-03-04T11:07:17.040637,58.4,80.9,34.1,2400.030464,0.8431,0x0
2026-03-04T11:07:18.066481,58.4,80.5,34.1,2400.030464,0.8431,0x0
2026-03-04T11:07:19.089117,58.95,82.5,34.1,2400.02048,0.8431,0x0
2026-03-04T11:07:20.113990,58.95,83.4,34.5,2400.023808,0.8431,0x0
2026-03-04T11:07:21.140674,58.95,82.2,34.4,2400.023808,0.8431,0x0
2026-03-04T11:07:22.160671,60.05,82.0,34.2,2400.027136,0.8431,0x0
2026-03-04T11:07:23.184944,58.95,79.7,34.2,2400.033792,0.8431,0x0
2026-03-04T11:07:24.207110,60.05,80.7,34.4,2400.02048,0.8431,0x0
2026-03-04T11:07:25.234342,58.4,81.0,34.0,2400.023808,0.8431,0x0
2026-03-04T11:07:26.261306,58.95,82.7,33.8,2400.027136,0.8431,0x0
2026-03-04T11:07:27.279777,59.5,80.8,33.8,2400.023808,0.8431,0x0
2026-03-04T11:07:28.306053,59.5,80.3,33.7,2400.02048,0.8431,0x0
2026-03-04T11:07:29.344654,58.4,82.7,33.9,2400.030464,0.8431,0x0
2026-03-04T11:07:30.370107,58.4,86.8,33.9,2400.03712,0.8431,0x0
2026-03-04T11:07:31.390370,58.95,83.0,33.6,2400.023808,0.8431,0x0
2026-03-04T11:07:32.414175,58.4,81.3,33.9,2400.030464,0.8431,0x0
2026-03-04T11:07:33.439283,57.85,80.9,34.2,2400.02048,0.8431,0x0
2026-03-04T11:07:34.473915,59.5,82.9,34.3,2400.023808,0.8431,0x0
2026-03-04T11:07:35.496829,58.4,82.6,34.5,2400.023808,0.8431,0x0
2026-03-04T11:07:36.516758,58.4,81.5,34.7,2400.033792,0.8431,0x0
2026-03-04T11:07:37.539750,58.95,80.6,34.7,2400.030464,0.8431,0x0
2026-03-04T11:07:38.556577,58.95,79.9,34.6,2400.023808,0.8431,0x0
2026-03-04T11:07:39.576892,58.95,80.2,34.7,2400.02048,0.8431,0x0
2026-03-04T11:07:40.603472,58.4,81.5,34.3,2400.030464,0.8431,0x0
2026-03-04T11:07:41.625925,60.05,83.1,34.0,2400.017408,0.8431,0x0
2026-03-04T11:07:42.654369,60.05,79.1,34.0,2400.027136,0.8431,0x0
2026-03-04T11:07:43.676678,57.85,81.4,34.0,2400.030464,0.8431,0x0
2026-03-04T11:07:44.701217,59.5,80.6,33.7,2400.02048,0.8431,0x0
2026-03-04T11:07:45.722350,59.5,82.6,33.5,2400.033792,0.8431,0x0
2026-03-04T11:07:46.744404,58.95,80.9,33.6,2400.023808,0.8431,0x0
2026-03-04T11:07:47.772510,58.95,81.6,33.6,2400.02048,0.8431,0x0
2026-03-04T11:07:48.801296,58.4,80.3,33.6,2400.02048,0.8431,0x0
2026-03-04T11:07:49.833418,58.95,81.4,33.7,2400.033792,0.8431,0x0
2026-03-04T11:07:50.859077,59.5,81.8,33.7,2400.030464,0.8431,0x0
2026-03-04T11:07:51.884284,58.95,82.9,33.6,2400.03712,0.8431,0x0
2026-03-04T11:07:52.903301,58.95,81.5,33.6,2400.030464,0.8431,0x0
2026-03-04T11:07:53.934747,59.5,87.2,34.2,2400.027136,0.8431,0x0
2026-03-04T11:07:54.963603,60.6,84.3,34.0,2400.033792,0.8431,0x0
2026-03-04T11:07:55.994737,58.4,85.6,34.0,2400.027136,0.8431,0x0
2026-03-04T11:07:57.017958,60.05,81.5,33.8,2400.030464,0.8431,0x0
2026-03-04T11:07:58.049826,58.4,80.7,33.9,2400.023808,0.8431,0x0
2026-03-04T11:07:59.089078,59.5,80.6,33.8,2400.02048,0.8431,0x0
2026-03-04T11:08:00.111432,58.4,80.2,34.1,2400.027136,0.8431,0x0
2026-03-04T11:08:01.222601,57.85,79.7,34.0,2400.02048,0.8431,0x0
2026-03-04T11:08:02.253569,58.4,81.7,33.9,2400.02048,0.8431,0x0
2026-03-04T11:08:03.279912,58.4,84.3,33.7,2400.03712,0.8431,0x0
2026-03-04T11:08:04.302672,58.95,83.3,33.9,2400.017408,0.8431,0x0
2026-03-04T11:08:05.320313,60.05,81.8,34.4,2400.02048,0.8431,0x0
2026-03-04T11:08:06.345594,58.95,81.6,35.0,2400.023808,0.8431,0x0
2026-03-04T11:08:07.366722,58.95,82.0,34.8,2400.023808,0.8431,0x0
2026-03-04T11:08:08.385939,58.95,82.5,34.9,2400.023808,0.8431,0x0
2026-03-04T11:08:09.407411,58.95,81.1,34.7,2400.03712,0.8431,0x0
2026-03-04T11:08:10.426384,61.7,76.7,34.7,2400.02048,0.8431,0x0
2026-03-04T11:08:11.448725,58.95,82.7,34.5,2400.027136,0.8431,0x0
2026-03-04T11:08:12.472590,59.5,80.4,34.2,2400.033792,0.8431,0x0
2026-03-04T11:08:13.567667,57.85,80.1,34.3,2400.030464,0.8431,0x0
2026-03-04T11:08:14.591791,57.3,79.8,34.8,2400.030464,0.8431,0x0
2026-03-04T11:08:15.611550,58.95,81.8,34.7,2400.03712,0.8431,0x0
2026-03-04T11:08:16.632652,57.85,83.1,34.5,2400.030464,0.8431,0x0
2026-03-04T11:08:17.655056,58.95,79.8,34.3,2400.033792,0.8431,0x0
2026-03-04T11:08:18.677661,59.5,80.1,34.3,2400.030464,0.8431,0x0
2026-03-04T11:08:19.696010,60.05,80.5,34.0,2400.033792,0.8431,0x0
2026-03-04T11:08:20.717396,58.4,78.1,33.7,2400.023808,0.8431,0x0
2026-03-04T11:08:21.735909,60.05,81.0,33.9,2400.023808,0.8431,0x0
2026-03-04T11:08:22.763262,58.95,81.0,33.9,2400.027136,0.8431,0x0
2026-03-04T11:08:23.789463,59.5,81.0,33.9,2400.017408,0.8431,0x0
2026-03-04T11:08:24.808449,59.5,79.9,33.8,2400.027136,0.8431,0x0
2026-03-04T11:08:25.831895,58.95,80.8,33.9,2400.03712,0.8431,0x0
2026-03-04T11:08:26.860327,58.4,80.1,34.5,2400.033792,0.8431,0x0
2026-03-04T11:08:27.892717,58.95,80.8,34.5,2400.030464,0.8431,0x0
2026-03-04T11:08:28.914563,58.95,80.2,34.6,2400.027136,0.8431,0x0
2026-03-04T11:08:29.935494,58.4,79.3,34.5,2400.03712,0.8431,0x0
2026-03-04T11:08:30.960719,60.6,80.3,34.6,2400.027136,0.8431,0x0
2026-03-04T11:08:31.988441,60.05,80.7,34.2,2400.02048,0.8431,0x0
2026-03-04T11:08:33.016669,58.95,80.5,34.0,2400.02048,0.8431,0x0
2026-03-04T11:08:34.042100,58.4,79.5,34.2,2400.02048,0.8431,0x0
2026-03-04T11:08:35.163702,60.05,74.9,34.3,2400.02048,0.8431,0x0
2026-03-04T11:08:36.189599,58.95,80.8,34.7,2400.033792,0.8431,0x0
2026-03-04T11:08:37.217860,58.95,80.5,34.7,2400.030464,0.8431,0x0
2026-03-04T11:08:38.240561,58.4,83.1,34.2,2400.02048,0.8431,0x0
2026-03-04T11:08:39.269337,59.5,80.7,33.7,2400.033792,0.8431,0x0
2026-03-04T11:08:40.297229,58.95,79.5,34.0,2400.030464,0.8431,0x0
2026-03-04T11:08:41.321274,58.4,81.6,33.8,2400.033792,0.8431,0x0
2026-03-04T11:08:42.348824,60.05,84.5,33.6,2400.030464,0.8431,0x0
2026-03-04T11:08:43.374961,60.6,84.8,33.7,2400.027136,0.8431,0x0
2026-03-04T11:08:44.403846,60.05,86.2,33.6,2400.017408,0.8431,0x0
2026-03-04T11:08:45.428119,59.5,87.1,34.0,2400.033792,0.8431,0x0
2026-03-04T11:08:46.457303,58.4,81.6,34.3,2400.02048,0.8431,0x0
2026-03-04T11:08:47.486844,58.95,80.9,34.5,2400.030464,0.8431,0x0
2026-03-04T11:08:48.518110,58.95,82.5,34.4,2400.030464,0.8431,0x0
2026-03-04T11:08:49.539703,59.5,81.5,34.1,2400.027136,0.8431,0x0
2026-03-04T11:08:50.561051,59.5,81.0,34.0,2400.030464,0.8431,0x0
2026-03-04T11:08:51.584396,58.95,79.2,33.8,2400.02048,0.8431,0x0
2026-03-04T11:08:52.610523,59.5,80.4,33.9,2400.030464,0.8431,0x0
2026-03-04T11:08:53.641820,60.05,81.0,34.0,2400.033792,0.8431,0x0
2026-03-04T11:08:54.672410,60.05,81.8,34.1,2400.02048,0.8431,0x0
2026-03-04T11:08:55.699650,60.6,81.9,34.1,2400.030464,0.8431,0x0
2026-03-04T11:08:56.718514,58.95,79.7,33.8,2400.023808,0.8431,0x0
2026-03-04T11:08:57.737817,60.6,80.0,33.7,2400.017408,0.8431,0x0
2026-03-04T11:08:58.765569,59.5,80.8,33.6,2400.02048,0.8431,0x0
2026-03-04T11:08:59.788791,57.85,81.9,33.5,2400.02048,0.8431,0x0
2026-03-04T11:09:00.904436,58.4,81.8,33.3,2400.033792,0.8431,0x0
2026-03-04T11:09:01.928140,58.4,71.7,33.5,2400.023808,0.8431,0x0
2026-03-04T11:09:02.950327,58.95,81.1,33.7,2400.030464,0.8431,0x0
2026-03-04T11:09:03.971719,58.95,78.9,33.6,2400.02048,0.8431,0x0
2026-03-04T11:09:04.993840,58.95,80.7,34.0,2400.027136,0.8431,0x0
2026-03-04T11:09:06.019274,58.95,80.6,33.9,2400.023808,0.8431,0x0
2026-03-04T11:09:07.045027,59.5,81.2,34.0,2400.033792,0.8431,0x0
2026-03-04T11:09:08.077089,58.95,78.9,34.2,2400.023808,0.8431,0x0
2026-03-04T11:09:09.098661,60.05,81.4,34.6,2400.027136,0.8431,0x0
2026-03-04T11:09:10.125561,58.95,80.3,34.7,2400.033792,0.8431,0x0
2026-03-04T11:09:11.150524,58.95,79.3,34.3,2400.023808,0.8431,0x0
2026-03-04T11:09:12.172315,59.5,81.2,34.3,2400.027136,0.8431,0x0
2026-03-04T11:09:13.198593,60.05,81.9,34.1,2400.023808,0.8431,0x0
2026-03-04T11:09:14.218262,58.95,82.6,33.7,2400.023808,0.8431,0x0
2026-03-04T11:09:15.243678,58.95,85.3,33.9,2400.023808,0.8431,0x0
2026-03-04T11:09:16.275223,58.4,83.7,34.2,2400.02048,0.8431,0x0
2026-03-04T11:09:17.299751,58.95,81.8,34.1,2400.033792,0.8431,0x0
2026-03-04T11:09:18.319666,58.95,81.1,33.9,2400.023808,0.8431,0x0
2026-03-04T11:09:19.348837,58.95,82.7,33.9,2400.027136,0.8431,0x0
2026-03-04T11:09:20.374492,60.05,82.5,33.9,2400.017408,0.8431,0x0
2026-03-04T11:09:21.397027,60.05,80.6,34.1,2400.030464,0.8431,0x0
2026-03-04T11:09:22.424049,58.95,81.3,34.0,2400.033792,0.8431,0x0
2026-03-04T11:09:23.453116,58.95,81.7,33.7,2400.023808,0.8431,0x0
2026-03-04T11:09:24.484747,60.05,84.0,33.7,2400.023808,0.8431,0x0
2026-03-04T11:09:25.516497,58.95,81.5,33.6,2400.02048,0.8431,0x0
2026-03-04T11:09:26.551100,60.05,80.7,33.8,2400.027136,0.8431,0x0
2026-03-04T11:09:27.580673,58.95,81.3,34.0,2400.030464,0.8431,0x0
2026-03-04T11:09:28.602320,59.5,81.7,34.0,2400.023808,0.8431,0x0
2026-03-04T11:09:29.627091,58.4,80.2,34.4,2400.02048,0.8431,0x0
2026-03-04T11:09:30.647736,58.4,80.7,34.5,2400.033792,0.8431,0x0
2026-03-04T11:09:31.670662,58.95,81.8,34.2,2400.030464,0.8431,0x0
2026-03-04T11:09:32.693630,60.05,83.5,33.9,2400.023808,0.8431,0x0
2026-03-04T11:09:33.720804,59.5,81.5,34.0,2400.02048,0.8431,0x0
2026-03-04T11:09:34.743551,59.5,82.0,33.9,2400.023808,0.8431,0x0
2026-03-04T11:09:35.775841,58.4,88.0,34.1,2400.033792,0.8431,0x0
2026-03-04T11:09:36.809977,60.05,87.3,34.5,2400.033792,0.8431,0x0
2026-03-04T11:09:37.831510,58.95,80.5,34.7,2400.02048,0.8431,0x0
2026-03-04T11:09:38.850188,58.4,78.4,34.7,2400.02048,0.8431,0x0
2026-03-04T11:09:39.872201,58.95,80.9,34.8,2400.023808,0.8431,0x0
2026-03-04T11:09:40.900701,58.95,79.4,34.5,2400.023808,0.8431,0x0
2026-03-04T11:09:41.928224,59.5,81.7,34.3,2400.02048,0.8431,0x0
2026-03-04T11:09:42.952339,58.95,82.6,34.2,2400.033792,0.8431,0x0
2026-03-04T11:09:43.977186,59.5,81.9,34.3,2400.030464,0.8431,0x0
2026-03-04T11:09:44.998368,59.5,80.4,34.2,2400.023808,0.8431,0x0
2026-03-04T11:09:46.023192,57.85,82.8,34.2,2400.030464,0.8431,0x0
2026-03-04T11:09:47.046172,60.05,81.8,34.1,2400.017408,0.8431,0x0
2026-03-04T11:09:48.069024,60.6,83.7,34.1,2400.033792,0.8431,0x0
2026-03-04T11:09:49.098123,58.4,82.6,34.0,2400.02048,0.8431,0x0
2026-03-04T11:09:50.132139,58.95,80.2,34.0,2400.02048,0.8431,0x0
2026-03-04T11:09:51.156090,58.95,83.6,34.0,2400.023808,0.8431,0x0
2026-03-04T11:09:52.176389,58.95,79.9,34.5,2400.017408,0.8431,0x0
2026-03-04T11:09:53.199821,57.3,82.6,34.9,2400.030464,0.8431,0x0
2026-03-04T11:09:54.220994,60.6,82.4,35.1,2400.023808,0.8431,0x0
2026-03-04T11:09:55.250514,59.5,80.1,34.9,2400.033792,0.8431,0x0
2026-03-04T11:09:56.272984,60.6,80.1,34.9,2400.033792,0.8431,0x0
2026-03-04T11:09:57.296136,56.75,85.3,34.8,2400.027136,0.8431,0x0
2026-03-04T11:09:58.316357,59.5,83.7,34.8,2400.027136,0.8431,0x0
2026-03-04T11:09:59.337998,60.05,81.6,34.6,2400.033792,0.8431,0x0
2026-03-04T11:10:00.356681,58.95,82.5,34.4,2400.027136,0.8431,0x0
2026-03-04T11:10:01.387145,58.95,81.8,34.3,2400.033792,0.8431,0x0
2026-03-04T11:10:02.404966,58.4,81.5,34.2,2400.02048,0.8431,0x0
2026-03-04T11:10:03.428665,61.15,81.4,34.4,2400.03712,0.8431,0x0
2026-03-04T11:10:04.460659,58.4,80.2,34.1,2400.023808,0.8431,0x0
2026-03-04T11:10:05.480662,58.95,81.3,34.4,2400.033792,0.8431,0x0
2026-03-04T11:10:06.501030,59.5,85.4,34.4,2400.02048,0.8431,0x0
2026-03-04T11:10:07.526731,58.95,85.1,34.4,2400.030464,0.8431,0x0
2026-03-04T11:10:08.553900,58.95,82.2,34.2,2400.02048,0.8431,0x0
2026-03-04T11:10:09.580419,60.05,83.6,34.1,2400.023808,0.8431,0x0
2026-03-04T11:10:10.603615,60.6,81.2,34.4,2400.017408,0.8431,0x0
2026-03-04T11:10:11.630501,58.95,81.4,34.2,2400.023808,0.8431,0x0
2026-03-04T11:10:12.653423,59.5,81.2,33.9,2400.02048,0.8431,0x0
2026-03-04T11:10:13.675288,58.95,80.5,34.3,2400.03712,0.8431,0x0
2026-03-04T11:10:14.697909,58.95,82.2,34.8,2400.027136,0.8431,0x0
2026-03-04T11:10:15.717053,58.95,82.8,34.6,2400.033792,0.8431,0x0
2026-03-04T11:10:16.737187,60.05,82.4,34.5,2400.02048,0.8431,0x0
2026-03-04T11:10:17.763570,58.95,81.7,34.3,2400.017408,0.8431,0x0
2026-03-04T11:10:18.786481,60.6,80.8,34.4,2400.027136,0.8431,0x0
2026-03-04T11:10:19.810032,58.95,81.2,34.4,2400.02048,0.8431,0x0
2026-03-04T11:10:20.832207,58.95,83.3,34.1,2400.017408,0.8431,0x0
2026-03-04T11:10:21.850817,58.95,79.7,34.0,2400.030464,0.8431,0x0
2026-03-04T11:10:22.876319,60.6,82.0,33.8,2400.033792,0.8431,0x0
2026-03-04T11:10:23.900278,57.85,86.6,33.8,2400.027136,0.8431,0x0
2026-03-04T11:10:25.011341,60.05,85.5,33.9,2400.023808,0.8431,0x0
2026-03-04T11:10:26.042194,58.4,84.3,33.9,2400.030464,0.8431,0x0
2026-03-04T11:10:27.067491,58.95,81.5,33.9,2400.033792,0.8431,0x0
2026-03-04T11:10:28.097105,58.4,81.9,34.1,2400.027136,0.8431,0x0
2026-03-04T11:10:29.122333,58.95,82.0,34.1,2400.02048,0.8431,0x0
2026-03-04T11:10:30.150213,59.5,82.0,34.5,2400.030464,0.8431,0x0
2026-03-04T11:10:31.189824,59.5,81.3,34.6,2400.030464,0.8431,0x0
2026-03-04T11:10:32.216864,59.5,81.5,34.4,2400.027136,0.8431,0x0
2026-03-04T11:10:33.241869,58.95,81.3,34.2,2400.023808,0.8431,0x0
2026-03-04T11:10:34.281191,58.4,87.2,34.1,2400.023808,0.8431,0x0
2026-03-04T11:10:35.309199,59.5,88.1,33.9,2400.023808,0.8431,0x0
2026-03-04T11:10:36.335331,58.95,85.1,34.0,2400.023808,0.8431,0x0
2026-03-04T11:10:37.357258,58.95,81.8,34.0,2400.027136,0.8431,0x0
2026-03-04T11:10:38.376812,58.95,79.3,34.1,2400.02048,0.8431,0x0
2026-03-04T11:10:39.402864,58.95,79.3,33.7,2400.027136,0.8431,0x0
2026-03-04T11:10:40.422370,60.05,79.9,33.7,2400.02048,0.8431,0x0
2026-03-04T11:10:41.449839,59.5,84.4,34.1,2400.02048,0.8431,0x0
2026-03-04T11:10:42.475013,59.5,82.7,34.2,2400.030464,0.8431,0x0
2026-03-04T11:10:43.502557,60.05,79.3,34.2,2400.023808,0.8431,0x0
2026-03-04T11:10:44.526253,58.4,84.4,34.0,2400.027136,0.8431,0x0
2026-03-04T11:10:45.548032,58.95,81.3,34.3,2400.030464,0.8431,0x0
2026-03-04T11:10:46.569538,58.95,79.5,34.3,2400.02048,0.8431,0x0
2026-03-04T11:10:47.593923,58.95,86.6,34.1,2400.030464,0.8431,0x0
2026-03-04T11:10:48.620446,58.4,84.8,34.4,2400.023808,0.8431,0x0
2026-03-04T11:10:49.642045,59.5,80.0,33.9,2400.02048,0.8431,0x0
2026-03-04T11:10:50.662644,59.5,80.6,34.4,2400.023808,0.8431,0x0
2026-03-04T11:10:51.684213,58.95,82.2,33.9,2400.027136,0.8431,0x0
2026-03-04T11:10:52.707872,58.4,86.2,33.9,2400.030464,0.8431,0x0
2026-03-04T11:10:53.728761,59.5,82.0,33.8,2400.030464,0.8431,0x0
2026-03-04T11:10:54.749733,58.95,82.8,34.1,2400.023808,0.8431,0x0
2026-03-04T11:10:55.773491,58.95,81.7,34.5,2400.02048,0.8431,0x0
2026-03-04T11:10:56.797455,57.85,82.6,34.3,2400.027136,0.8431,0x0
2026-03-04T11:10:57.820446,58.95,82.9,34.7,2400.023808,0.8431,0x0
2026-03-04T11:10:58.847722,59.5,83.1,34.7,2400.023808,0.8431,0x0
2026-03-04T11:10:59.892590,58.95,82.0,34.6,2400.023808,0.8431,0x0
2026-03-04T11:11:00.916032,58.95,79.6,34.6,2400.033792,0.8431,0x0
2026-03-04T11:11:01.938382,58.4,78.8,34.5,2400.02048,0.8431,0x0
2026-03-04T11:11:02.965002,58.4,81.0,34.5,2400.023808,0.8431,0x0
2026-03-04T11:11:03.994649,58.95,83.0,34.5,2400.030464,0.8431,0x0
2026-03-04T11:11:05.024413,57.85,80.1,34.1,2400.023808,0.8431,0x0
2026-03-04T11:11:06.048077,58.4,80.3,34.1,2400.030464,0.8431,0x0
2026-03-04T11:11:07.067764,58.95,81.1,34.1,2400.02048,0.8431,0x0
2026-03-04T11:11:08.090568,56.75,80.7,34.2,2400.02048,0.8431,0x0
2026-03-04T11:11:09.114459,59.5,81.0,33.8,2400.023808,0.8431,0x0
2026-03-04T11:11:10.140762,58.95,81.0,33.7,2400.03712,0.8431,0x0
2026-03-04T11:11:11.160844,58.95,81.6,33.9,2400.027136,0.8431,0x0
2026-03-04T11:11:12.180065,58.95,73.2,34.3,2400.023808,0.8431,0x0
2026-03-04T11:11:13.208080,58.95,79.0,34.4,2400.030464,0.8431,0x0
2026-03-04T11:11:14.233308,60.05,80.2,34.1,2400.02048,0.8431,0x0
2026-03-04T11:11:15.258147,58.95,81.9,33.8,2400.02048,0.8431,0x0
2026-03-04T11:11:16.278448,57.3,81.9,34.0,2400.023808,0.8431,0x0
2026-03-04T11:11:17.301534,58.4,85.3,34.3,2400.023808,0.8431,0x0
2026-03-04T11:11:18.318674,60.05,82.8,34.1,2400.027136,0.8431,0x0
2026-03-04T11:11:19.336936,58.95,85.3,34.0,2400.027136,0.8431,0x0
2026-03-04T11:11:20.358389,57.85,81.6,33.6,2400.03712,0.8431,0x0
2026-03-04T11:11:21.380075,58.4,83.1,33.7,2400.02048,0.8431,0x0
2026-03-04T11:11:22.402924,60.6,81.7,33.5,2400.03712,0.8431,0x0
2026-03-04T11:11:23.425850,58.95,81.8,33.9,2400.027136,0.8431,0x0
2026-03-04T11:11:24.446391,58.95,80.7,34.1,2400.033792,0.8431,0x0
2026-03-04T11:11:25.469050,60.05,80.9,33.9,2400.023808,0.8431,0x0
2026-03-04T11:11:26.494051,57.85,82.1,33.7,2400.030464,0.8431,0x0
2026-03-04T11:11:27.515851,58.95,78.7,33.8,2400.027136,0.8431,0x0
2026-03-04T11:11:28.635032,58.4,74.5,33.5,2400.02048,0.8431,0x0
2026-03-04T11:11:29.661021,58.4,86.5,33.7,2400.030464,0.8431,0x0
2026-03-04T11:11:30.684795,58.95,81.5,34.0,2400.030464,0.8431,0x0
2026-03-04T11:11:31.710758,57.85,81.1,34.7,2400.023808,0.8431,0x0
2026-03-04T11:11:32.738830,58.4,78.4,34.6,2400.023808,0.8431,0x0
2026-03-04T11:11:33.759529,58.4,82.0,34.8,2400.027136,0.8431,0x0
2026-03-04T11:11:34.782968,58.95,83.7,34.8,2400.027136,0.8431,0x0
2026-03-04T11:11:35.804480,57.3,81.3,34.8,2400.023808,0.8431,0x0
2026-03-04T11:11:36.846480,58.95,82.0,34.3,2400.03712,0.8431,0x0
2026-03-04T11:11:37.879886,60.6,81.8,34.1,2400.03712,0.8431,0x0
2026-03-04T11:11:38.903405,58.4,82.3,33.8,2400.030464,0.8431,0x0
2026-03-04T11:11:39.922820,60.05,79.3,34.0,2400.023808,0.8431,0x0
2026-03-04T11:11:40.946847,58.95,83.0,33.9,2400.017408,0.8431,0x0
2026-03-04T11:11:41.969513,58.95,79.9,33.6,2400.030464,0.8431,0x0
2026-03-04T11:11:42.989266,58.95,81.4,33.5,2400.017408,0.8431,0x0
2026-03-04T11:11:44.015596,58.95,81.5,33.6,2400.023808,0.8431,0x0
2026-03-04T11:11:45.042711,58.95,83.0,33.7,2400.027136,0.8431,0x0
2026-03-04T11:11:46.065084,60.05,79.4,33.6,2400.03712,0.8431,0x0
2026-03-04T11:11:47.089866,58.4,81.8,33.9,2400.030464,0.8431,0x0
2026-03-04T11:11:48.116815,58.95,80.6,33.9,2400.023808,0.8431,0x0
2026-03-04T11:11:49.148677,58.95,80.7,33.8,2400.033792,0.8431,0x0
2026-03-04T11:11:50.174116,58.4,80.8,33.8,2400.033792,0.8431,0x0
2026-03-04T11:11:51.203404,58.95,80.5,33.6,2400.027136,0.8431,0x0
2026-03-04T11:11:52.223456,57.85,79.8,33.8,2400.02048,0.8431,0x0
2026-03-04T11:11:53.253092,57.3,79.4,33.8,2400.027136,0.8431,0x0
2026-03-04T11:11:54.271486,58.95,82.2,33.7,2400.030464,0.8431,0x0
2026-03-04T11:11:55.293278,58.4,81.7,33.8,2400.027136,0.8431,0x0
2026-03-04T11:11:56.317851,59.5,81.0,34.0,2400.027136,0.8431,0x0
2026-03-04T11:11:57.342359,58.95,82.2,34.1,2400.03712,0.8431,0x0
2026-03-04T11:11:58.369313,58.95,80.8,34.3,2400.030464,0.8431,0x0
2026-03-04T11:11:59.394963,58.95,81.8,34.0,2400.02048,0.8431,0x0
2026-03-04T11:12:00.423147,59.5,80.1,34.4,2400.030464,0.8431,0x0
2026-03-04T11:12:01.447358,58.4,81.3,34.1,2400.030464,0.8431,0x0
2026-03-04T11:12:02.475246,59.5,79.9,34.2,2400.033792,0.8431,0x0
2026-03-04T11:12:03.494619,59.5,76.6,34.4,2400.033792,0.8431,0x0
2026-03-04T11:12:04.533682,58.4,82.6,34.2,2400.02048,0.8431,0x0
2026-03-04T11:12:05.556302,60.05,79.4,33.9,2400.030464,0.8431,0x0
2026-03-04T11:12:06.578978,59.5,80.0,33.6,2400.027136,0.8431,0x0
2026-03-04T11:12:07.603381,59.5,79.5,33.8,2400.02048,0.8431,0x0
2026-03-04T11:12:08.639547,58.95,81.2,33.8,2400.033792,0.8431,0x0
2026-03-04T11:12:09.668946,58.95,80.8,33.8,2400.023808,0.8431,0x0
2026-03-04T11:12:10.693491,60.05,81.1,34.0,2400.023808,0.8431,0x0
2026-03-04T11:12:11.723872,60.05,80.8,34.1,2400.023808,0.8431,0x0
2026-03-04T11:12:12.758053,58.95,80.6,34.0,2400.02048,0.8431,0x0
2026-03-04T11:12:13.786933,57.3,80.3,34.0,2400.02048,0.8431,0x0
2026-03-04T11:12:14.807392,60.05,83.8,34.0,2400.033792,0.8431,0x0
2026-03-04T11:12:15.838012,58.95,81.5,34.2,2400.027136,0.8431,0x0
2026-03-04T11:12:16.864649,58.4,81.0,34.1,2400.023808,0.8431,0x0
2026-03-04T11:12:17.894290,60.05,79.6,34.3,2400.023808,0.8431,0x0
2026-03-04T11:12:18.920312,60.05,81.6,34.2,2400.023808,0.8431,0x0
2026-03-04T11:12:19.948575,60.05,81.7,33.9,2400.033792,0.8431,0x0
2026-03-04T11:12:20.975070,59.5,82.0,33.9,2400.02048,0.8431,0x0
2026-03-04T11:12:22.093884,58.4,80.1,34.1,2400.023808,0.8431,0x0
2026-03-04T11:12:23.112391,58.4,80.8,33.6,2400.027136,0.8431,0x0
2026-03-04T11:12:24.134585,58.95,79.4,33.8,2400.033792,0.8431,0x0
2026-03-04T11:12:25.158690,60.05,80.8,34.3,2400.030464,0.8431,0x0
2026-03-04T11:12:26.185150,58.95,84.3,34.2,2400.033792,0.8431,0x0
2026-03-04T11:12:27.215868,58.95,82.1,34.0,2400.02048,0.8431,0x0
2026-03-04T11:12:28.239292,58.4,80.4,33.8,2400.033792,0.8431,0x0
2026-03-04T11:12:29.271473,59.5,81.1,33.6,2400.02048,0.8431,0x0
2026-03-04T11:12:30.296756,58.95,80.3,33.9,2400.027136,0.8431,0x0
2026-03-04T11:12:31.322534,58.95,81.5,33.6,2400.03712,0.8431,0x0
2026-03-04T11:12:32.349549,60.05,81.9,33.7,2400.03712,0.8431,0x0
2026-03-04T11:12:33.370723,58.4,79.8,33.6,2400.027136,0.8431,0x0
2026-03-04T11:12:34.392703,58.4,82.3,33.6,2400.033792,0.8431,0x0
2026-03-04T11:12:35.413372,58.95,83.5,34.0,2400.030464,0.8431,0x0
2026-03-04T11:12:36.435246,58.95,79.2,34.6,2400.017408,0.8431,0x0
2026-03-04T11:12:37.462531,58.4,80.9,34.8,2400.027136,0.8431,0x0
2026-03-04T11:12:38.494014,58.4,83.0,34.6,2400.027136,0.8431,0x0
2026-03-04T11:12:39.528026,59.5,80.2,34.5,2400.027136,0.8431,0x0
2026-03-04T11:12:40.555769,59.5,79.8,34.1,2400.033792,0.8431,0x0
2026-03-04T11:12:41.581450,57.85,79.5,33.8,2400.030464,0.8431,0x0
2026-03-04T11:12:42.605564,58.4,80.3,33.5,2400.027136,0.8431,0x0
2026-03-04T11:12:43.624485,58.95,81.6,33.9,2400.030464,0.8431,0x0
2026-03-04T11:12:44.657245,60.05,88.2,33.7,2400.02048,0.8431,0x0
2026-03-04T11:12:45.679682,58.4,87.3,33.7,2400.023808,0.8431,0x0
2026-03-04T11:12:46.705666,59.5,83.2,34.0,2400.030464,0.8431,0x0
2026-03-04T11:12:47.734886,58.95,82.8,33.9,2400.023808,0.8431,0x0
2026-03-04T11:12:48.757539,58.95,81.3,33.9,2400.027136,0.8431,0x0
2026-03-04T11:12:49.782458,59.5,79.8,34.0,2400.027136,0.8431,0x0
2026-03-04T11:12:50.804433,58.95,80.5,34.2,2400.033792,0.8431,0x0
2026-03-04T11:12:51.919560,57.85,81.3,34.5,2400.02048,0.8431,0x0
2026-03-04T11:12:52.937654,58.95,85.8,34.6,2400.030464,0.8431,0x0
2026-03-04T11:12:53.965175,58.95,81.2,34.3,2400.027136,0.8431,0x0
2026-03-04T11:12:54.991454,59.5,80.7,33.9,2400.027136,0.8431,0x0
2026-03-04T11:12:56.020690,58.95,82.7,33.9,2400.02048,0.8431,0x0
2026-03-04T11:12:57.056461,58.95,87.8,34.0,2400.027136,0.8431,0x0
2026-03-04T11:12:58.079135,58.95,83.4,34.2,2400.027136,0.8431,0x0
2026-03-04T11:12:59.101772,59.5,82.3,34.3,2400.02048,0.8431,0x0
2026-03-04T11:13:00.126662,59.5,81.5,34.3,2400.033792,0.8431,0x0
2026-03-04T11:13:01.150105,60.6,81.5,34.6,2400.027136,0.8431,0x0
2026-03-04T11:13:02.172710,58.95,84.0,34.3,2400.030464,0.8431,0x0
2026-03-04T11:13:03.197231,58.95,80.7,34.0,2400.017408,0.8431,0x0
2026-03-04T11:13:04.221534,59.5,82.8,34.5,2400.033792,0.8431,0x0
2026-03-04T11:13:05.243589,59.5,82.9,34.2,2400.017408,0.8431,0x0
2026-03-04T11:13:06.276700,59.5,81.1,34.2,2400.030464,0.8431,0x0
2026-03-04T11:13:07.309080,58.95,83.8,34.0,2400.03712,0.8431,0x0
2026-03-04T11:13:08.333519,59.5,82.4,33.9,2400.030464,0.8431,0x0
2026-03-04T11:13:09.371625,59.5,80.9,34.3,2400.030464,0.8431,0x0
2026-03-04T11:13:10.401053,58.95,82.8,34.0,2400.030464,0.8431,0x0
2026-03-04T11:13:11.426732,58.95,83.7,33.7,2400.030464,0.8431,0x0
2026-03-04T11:13:12.449066,58.95,82.7,34.1,2400.02048,0.8431,0x0
2026-03-04T11:13:13.466375,59.5,84.7,34.3,2400.030464,0.8431,0x0
2026-03-04T11:13:14.495359,57.85,82.5,34.3,2400.03712,0.8431,0x0
2026-03-04T11:13:15.533703,60.6,82.2,34.1,2400.030464,0.8431,0x0
2026-03-04T11:13:16.564544,59.5,84.1,34.3,2400.03712,0.8431,0x0
2026-03-04T11:13:17.587957,59.5,83.7,34.4,2400.027136,0.8431,0x0
2026-03-04T11:13:18.615775,60.05,81.1,34.4,2400.030464,0.8431,0x0
2026-03-04T11:13:19.637295,58.95,81.8,34.5,2400.027136,0.8431,0x0
2026-03-04T11:13:20.666000,58.95,82.2,34.1,2400.033792,0.8431,0x0
2026-03-04T11:13:21.694944,58.95,81.1,33.9,2400.030464,0.8431,0x0
2026-03-04T11:13:22.726029,58.4,79.9,33.8,2400.027136,0.8431,0x0
2026-03-04T11:13:23.752673,58.95,81.5,33.8,2400.03712,0.8431,0x0
2026-03-04T11:13:24.780582,59.5,82.4,33.7,2400.030464,0.8431,0x0
2026-03-04T11:13:25.808293,58.95,85.3,33.8,2400.023808,0.8431,0x0
2026-03-04T11:13:26.830094,57.85,80.3,33.8,2400.027136,0.8431,0x0
2026-03-04T11:13:27.851545,59.5,80.9,33.8,2400.023808,0.8431,0x0
2026-03-04T11:13:28.874896,61.15,83.6,33.8,2400.030464,0.8431,0x0
2026-03-04T11:13:29.898564,59.5,83.4,33.7,2400.030464,0.8431,0x0
2026-03-04T11:13:30.920376,58.95,80.6,33.8,2400.033792,0.8431,0x0
2026-03-04T11:13:31.944438,58.95,82.0,33.7,2400.03712,0.8431,0x0
2026-03-04T11:13:32.968275,58.95,81.1,33.8,2400.023808,0.8431,0x0
2026-03-04T11:13:33.993140,60.6,81.5,33.7,2400.02048,0.8431,0x0
2026-03-04T11:13:35.024733,58.95,81.0,33.6,2400.027136,0.8431,0x0
2026-03-04T11:13:36.046981,60.05,79.3,33.6,2400.030464,0.8431,0x0
2026-03-04T11:13:37.073996,59.5,81.3,33.6,2400.033792,0.8431,0x0
2026-03-04T11:13:38.102149,58.95,81.6,33.7,2400.030464,0.8431,0x0
2026-03-04T11:13:39.128524,59.5,81.3,33.6,2400.033792,0.8431,0x0
2026-03-04T11:13:40.154891,58.95,80.8,33.9,2400.017408,0.8431,0x0
2026-03-04T11:13:41.180558,60.05,80.9,34.3,2400.027136,0.8431,0x0
2026-03-04T11:13:42.211473,59.5,78.9,34.4,2400.023808,0.8431,0x0
2026-03-04T11:13:43.235920,58.95,81.0,34.6,2400.033792,0.8431,0x0
2026-03-04T11:13:44.273353,58.95,81.2,34.6,2400.033792,0.8431,0x0
2026-03-04T11:13:45.295941,60.05,82.8,34.3,2400.030464,0.8431,0x0
2026-03-04T11:13:46.321843,58.95,80.7,34.1,2400.03712,0.8431,0x0
2026-03-04T11:13:47.342540,58.4,82.0,34.3,2400.033792,0.8431,0x0
2026-03-04T11:13:48.380565,58.95,85.6,34.1,2400.033792,0.8431,0x0
2026-03-04T11:13:49.404264,59.5,84.1,34.1,2400.027136,0.8431,0x0
2026-03-04T11:13:50.427568,60.05,79.1,33.9,2400.030464,0.8431,0x0
2026-03-04T11:13:51.449574,58.95,79.6,33.9,2400.023808,0.8431,0x0
2026-03-04T11:13:52.471900,58.95,80.8,33.9,2400.023808,0.8431,0x0
2026-03-04T11:13:53.494483,60.05,84.6,33.7,2400.027136,0.8431,0x0
2026-03-04T11:13:54.514275,58.4,78.5,33.9,2400.027136,0.8431,0x0
2026-03-04T11:13:55.534748,58.4,78.6,33.8,2400.027136,0.8431,0x0
2026-03-04T11:13:56.573333,59.5,80.0,34.1,2400.023808,0.8431,0x0
2026-03-04T11:13:57.603530,57.3,81.0,34.1,2400.027136,0.8431,0x0
2026-03-04T11:13:58.630901,58.95,79.4,34.2,2400.033792,0.8431,0x0
2026-03-04T11:13:59.652677,60.6,79.8,34.4,2400.02048,0.8431,0x0
2026-03-04T11:14:00.675869,60.05,81.5,34.2,2400.033792,0.8431,0x0
2026-03-04T11:14:01.704701,58.95,81.5,33.9,2400.033792,0.8431,0x0
2026-03-04T11:14:02.736923,59.5,85.1,34.0,2400.027136,0.8431,0x0
2026-03-04T11:14:03.757734,59.5,81.2,34.0,2400.033792,0.8431,0x0
2026-03-04T11:14:04.785033,58.95,79.8,33.8,2400.023808,0.8431,0x0
2026-03-04T11:14:05.816931,60.6,81.5,34.1,2400.030464,0.8431,0x0
2026-03-04T11:14:06.841279,58.95,81.0,34.1,2400.030464,0.8431,0x0
2026-03-04T11:14:07.864654,58.95,81.2,34.1,2400.033792,0.8431,0x0
2026-03-04T11:14:08.886882,58.4,79.2,33.9,2400.030464,0.8431,0x0
2026-03-04T11:14:09.909266,59.5,79.8,33.9,2400.02048,0.8431,0x0
2026-03-04T11:14:10.931557,58.95,79.9,34.1,2400.023808,0.8431,0x0
2026-03-04T11:14:11.956151,60.05,80.4,34.0,2400.02048,0.8431,0x0
2026-03-04T11:14:12.978015,58.4,85.1,33.9,2400.030464,0.8431,0x0
2026-03-04T11:14:14.004974,58.4,83.0,34.0,2400.033792,0.8431,0x0
2026-03-04T11:14:15.029208,58.4,81.8,33.8,2400.030464,0.8431,0x0
2026-03-04T11:14:16.058992,60.05,81.3,34.0,2400.023808,0.8431,0x0
2026-03-04T11:14:17.085620,60.05,80.5,34.0,2400.033792,0.8431,0x0
2026-03-04T11:14:18.108216,61.15,81.4,34.0,2400.023808,0.8431,0x0
2026-03-04T11:14:19.127799,60.6,80.3,33.9,2400.033792,0.8431,0x0
2026-03-04T11:14:20.148144,60.6,80.8,33.8,2400.023808,0.8431,0x0
2026-03-04T11:14:21.185240,60.05,82.8,33.8,2400.030464,0.8431,0x0
2026-03-04T11:14:22.209516,59.5,80.5,33.6,2400.017408,0.8431,0x0
2026-03-04T11:14:23.234818,58.95,80.3,33.6,2400.02048,0.8431,0x0
2026-03-04T11:14:24.254274,59.5,83.4,34.0,2400.023808,0.8431,0x0
2026-03-04T11:14:25.278156,58.95,80.6,34.3,2400.023808,0.8431,0x0
2026-03-04T11:14:26.306052,58.95,80.7,34.2,2400.027136,0.8431,0x0
2026-03-04T11:14:27.337453,60.05,85.4,34.0,2400.023808,0.8431,0x0
2026-03-04T11:14:28.358105,59.5,83.0,34.1,2400.02048,0.8431,0x0
2026-03-04T11:14:29.379179,60.05,82.4,34.4,2400.033792,0.8431,0x0
2026-03-04T11:14:30.402087,59.5,82.1,34.5,2400.023808,0.8431,0x0
2026-03-04T11:14:31.429702,59.5,81.4,34.6,2400.033792,0.8431,0x0
2026-03-04T11:14:32.452470,58.95,80.9,34.5,2400.030464,0.8431,0x0
2026-03-04T11:14:33.479227,58.4,81.0,34.2,2400.030464,0.8431,0x0
2026-03-04T11:14:34.496689,58.4,80.3,33.8,2400.023808,0.8431,0x0
2026-03-04T11:14:35.522246,58.95,82.0,33.7,2400.030464,0.8431,0x0
2026-03-04T11:14:36.543671,58.95,81.0,33.6,2400.027136,0.8431,0x0
2026-03-04T11:14:37.581263,60.05,83.3,33.7,2400.02048,0.8431,0x0
2026-03-04T11:14:38.602809,59.5,82.8,33.7,2400.033792,0.8431,0x0
2026-03-04T11:14:39.625728,58.4,82.7,33.6,2400.027136,0.8431,0x0
2026-03-04T11:14:40.655301,59.5,80.9,33.7,2400.033792,0.8431,0x0
2026-03-04T11:14:41.684348,58.95,81.8,33.6,2400.030464,0.8431,0x0
2026-03-04T11:14:42.709511,60.05,80.6,34.0,2400.027136,0.8431,0x0
2026-03-04T11:14:43.732482,58.95,79.4,34.3,2400.027136,0.8431,0x0
2026-03-04T11:14:44.751182,58.4,79.6,34.6,2400.027136,0.8431,0x0
2026-03-04T11:14:45.777006,60.6,81.5,34.2,2400.023808,0.8431,0x0
2026-03-04T11:14:46.803748,59.5,80.2,33.9,2400.02048,0.8431,0x0
2026-03-04T11:14:47.824638,59.5,79.9,33.8,2400.023808,0.8431,0x0
2026-03-04T11:14:48.843346,58.95,80.5,34.1,2400.02048,0.8431,0x0
2026-03-04T11:14:49.870949,58.95,78.6,34.4,2400.023808,0.8431,0x0
2026-03-04T11:14:50.896491,58.95,81.6,34.6,2400.023808,0.8431,0x0
2026-03-04T11:14:51.923671,58.95,83.7,34.4,2400.030464,0.8431,0x0
2026-03-04T11:14:52.945844,58.95,80.3,34.4,2400.03712,0.8431,0x0
2026-03-04T11:14:53.971065,58.95,83.0,34.5,2400.02048,0.8431,0x0
2026-03-04T11:14:54.992819,58.95,80.5,34.0,2400.033792,0.8431,0x0
2026-03-04T11:14:56.016671,59.5,81.6,33.9,2400.02048,0.8431,0x0
2026-03-04T11:14:57.038308,58.4,80.8,33.9,2400.03712,0.8431,0x0
2026-03-04T11:14:58.064646,58.4,80.5,33.8,2400.027136,0.8431,0x0
2026-03-04T11:14:59.092307,58.95,83.6,33.8,2400.02048,0.8431,0x0
2026-03-04T11:15:00.118987,58.4,81.4,34.0,2400.033792,0.8431,0x0
2026-03-04T11:15:01.145519,57.85,81.2,33.9,2400.030464,0.8431,0x0
2026-03-04T11:15:02.166096,59.5,86.6,33.9,2400.02048,0.8431,0x0
2026-03-04T11:15:03.200116,58.95,87.7,34.1,2400.030464,0.8431,0x0
2026-03-04T11:15:04.219479,58.95,81.7,34.3,2400.027136,0.8431,0x0
2026-03-04T11:15:05.241736,61.15,81.8,34.3,2400.017408,0.8431,0x0
2026-03-04T11:15:06.274100,60.05,81.7,34.1,2400.017408,0.8431,0x0
2026-03-04T11:15:07.295672,57.85,82.9,34.0,2400.033792,0.8431,0x0
2026-03-04T11:15:08.316279,58.95,80.4,34.0,2400.02048,0.8431,0x0
2026-03-04T11:15:09.347640,58.95,82.5,34.2,2400.030464,0.8431,0x0
2026-03-04T11:15:10.368095,59.5,84.0,34.3,2400.02048,0.8431,0x0
2026-03-04T11:15:11.388956,58.95,81.8,34.2,2400.02048,0.8431,0x0
2026-03-04T11:15:12.413571,60.05,82.2,34.2,2400.027136,0.8431,0x0
2026-03-04T11:15:13.440871,58.4,80.8,34.2,2400.02048,0.8431,0x0
2026-03-04T11:15:14.461131,58.95,81.2,34.2,2400.023808,0.8431,0x0
2026-03-04T11:15:15.588987,59.5,80.8,34.1,2400.033792,0.8431,0x0
2026-03-04T11:15:16.609566,60.05,81.1,33.8,2400.023808,0.8431,0x0
2026-03-04T11:15:17.633816,58.95,81.8,33.4,2400.02048,0.8431,0x0
2026-03-04T11:15:18.664206,60.6,86.9,33.3,2400.02048,0.8431,0x0
2026-03-04T11:15:19.685196,59.5,85.9,33.6,2400.027136,0.8431,0x0
2026-03-04T11:15:20.709604,60.05,82.7,34.0,2400.030464,0.8431,0x0
2026-03-04T11:15:21.733231,58.95,83.0,34.0,2400.030464,0.8431,0x0
2026-03-04T11:15:22.758186,60.6,81.8,34.3,2400.027136,0.8431,0x0
2026-03-04T11:15:23.780875,60.6,80.1,34.3,2400.027136,0.8431,0x0
2026-03-04T11:15:24.802664,59.5,80.9,34.2,2400.02048,0.8431,0x0
2026-03-04T11:15:25.830543,58.4,80.1,33.9,2400.023808,0.8431,0x0
2026-03-04T11:15:26.957219,60.05,82.0,34.0,2400.030464,0.8431,0x0
2026-03-04T11:15:27.984196,60.05,79.8,34.2,2400.027136,0.8431,0x0
2026-03-04T11:15:29.005244,58.95,80.2,34.2,2400.030464,0.8431,0x0
2026-03-04T11:15:30.026252,59.5,82.2,34.1,2400.033792,0.8431,0x0
2026-03-04T11:15:31.049776,58.95,80.8,33.8,2400.023808,0.8431,0x0
2026-03-04T11:15:32.072095,58.95,81.8,33.7,2400.030464,0.8431,0x0
2026-03-04T11:15:33.097001,60.05,83.9,33.8,2400.023808,0.8431,0x0
2026-03-04T11:15:34.121343,60.05,85.3,34.0,2400.023808,0.8431,0x0
2026-03-04T11:15:35.145992,58.95,84.1,34.0,2400.033792,0.8431,0x0
2026-03-04T11:15:36.177422,60.05,84.3,34.0,2400.033792,0.8431,0x0
2026-03-04T11:15:37.205844,59.5,81.1,33.9,2400.03712,0.8431,0x0
2026-03-04T11:15:38.232419,59.5,81.2,34.5,2400.027136,0.8431,0x0
2026-03-04T11:15:39.252007,60.6,84.8,34.2,2400.030464,0.8431,0x0
2026-03-04T11:15:40.275934,60.05,79.7,34.5,2400.033792,0.8431,0x0
2026-03-04T11:15:41.297000,58.4,79.2,34.6,2400.027136,0.8431,0x0
2026-03-04T11:15:42.321816,57.85,81.9,34.6,2400.027136,0.8431,0x0
2026-03-04T11:15:43.352749,59.5,80.5,34.5,2400.02048,0.8431,0x0
2026-03-04T11:15:44.378753,58.4,84.6,34.6,2400.017408,0.8431,0x0
2026-03-04T11:15:45.406458,58.4,82.5,34.6,2400.030464,0.8431,0x0
2026-03-04T11:15:46.432555,58.95,82.4,34.4,2400.030464,0.8431,0x0
2026-03-04T11:15:47.463899,58.95,80.6,34.1,2400.033792,0.8431,0x0
2026-03-04T11:15:48.512202,58.95,82.5,33.8,2400.033792,0.8431,0x0
2026-03-04T11:15:49.533148,59.5,81.3,33.8,2400.02048,0.8431,0x0
2026-03-04T11:15:50.552585,58.95,80.9,34.0,2400.023808,0.8431,0x0
2026-03-04T11:15:51.582819,58.95,84.4,33.7,2400.023808,0.8431,0x0
2026-03-04T11:15:52.614151,60.05,83.5,33.6,2400.02048,0.8431,0x0
2026-03-04T11:15:53.636573,58.95,83.2,33.7,2400.027136,0.8431,0x0
2026-03-04T11:15:54.662930,60.05,81.6,33.8,2400.023808,0.8431,0x0
2026-03-04T11:15:55.785641,60.05,80.5,34.1,2400.033792,0.8431,0x0
2026-03-04T11:15:56.808495,60.05,78.5,34.0,2400.027136,0.8431,0x0
2026-03-04T11:15:57.835876,60.05,83.1,33.8,2400.02048,0.8431,0x0
2026-03-04T11:15:58.867582,58.95,82.8,33.7,2400.033792,0.8431,0x0
2026-03-04T11:15:59.891455,58.95,80.3,33.6,2400.023808,0.8431,0x0
2026-03-04T11:16:00.917201,58.95,80.2,33.5,2400.02048,0.8431,0x0
2026-03-04T11:16:01.944660,58.95,87.0,34.2,2400.023808,0.8431,0x0
2026-03-04T11:16:02.968208,60.6,84.9,34.2,2400.023808,0.8431,0x0
2026-03-04T11:16:03.989188,58.95,81.0,34.1,2400.030464,0.8431,0x0
2026-03-04T11:16:05.010395,58.4,78.8,34.0,2400.023808,0.8431,0x0
2026-03-04T11:16:06.036003,58.95,80.1,33.8,2400.03712,0.8431,0x0
2026-03-04T11:16:07.057893,59.5,81.1,34.4,2400.023808,0.8431,0x0
2026-03-04T11:16:08.079678,59.5,87.7,34.2,2400.027136,0.8431,0x0
2026-03-04T11:16:09.111636,60.05,89.8,33.8,2400.033792,0.8431,0x0
2026-03-04T11:16:10.140278,58.95,83.4,33.6,2400.03712,0.8431,0x0
2026-03-04T11:16:11.160082,60.05,81.0,33.7,2400.023808,0.8431,0x0
2026-03-04T11:16:12.192319,59.5,81.6,33.6,2400.030464,0.8431,0x0
2026-03-04T11:16:13.215459,60.6,82.7,33.9,2400.02048,0.8431,0x0
2026-03-04T11:16:14.258520,59.5,79.6,33.9,2400.030464,0.8431,0x0
2026-03-04T11:16:15.284660,58.95,83.8,34.2,2400.027136,0.8431,0x0
2026-03-04T11:16:16.306935,58.95,81.2,34.2,2400.023808,0.8431,0x0
2026-03-04T11:16:17.334350,58.4,81.7,34.0,2400.030464,0.8431,0x0
2026-03-04T11:16:18.362157,58.95,79.8,33.9,2400.027136,0.8431,0x0
2026-03-04T11:16:19.389484,60.05,85.0,34.1,2400.027136,0.8431,0x0
2026-03-04T11:16:20.410986,58.4,84.5,34.0,2400.023808,0.8431,0x0
2026-03-04T11:16:21.434380,59.5,82.3,33.9,2400.030464,0.8431,0x0
2026-03-04T11:16:22.460498,58.95,81.8,33.7,2400.03712,0.8431,0x0
2026-03-04T11:16:23.484720,57.3,83.0,33.7,2400.030464,0.8431,0x0
2026-03-04T11:16:24.507747,60.05,78.0,34.1,2400.030464,0.8431,0x0
2026-03-04T11:16:25.527979,58.95,80.5,34.3,2400.030464,0.8431,0x0
2026-03-04T11:16:26.553420,58.95,81.1,34.0,2400.030464,0.8431,0x0
2026-03-04T11:16:27.575915,58.95,82.6,33.9,2400.030464,0.8431,0x0
2026-03-04T11:16:28.697766,58.95,75.9,33.8,2400.023808,0.8431,0x0
2026-03-04T11:16:29.725952,58.4,80.3,33.8,2400.027136,0.8431,0x0
2026-03-04T11:16:30.750457,58.95,83.9,34.1,2400.030464,0.8431,0x0
2026-03-04T11:16:31.773352,59.5,81.9,34.1,2400.027136,0.8431,0x0
2026-03-04T11:16:32.800478,58.95,81.5,34.1,2400.033792,0.8431,0x0
2026-03-04T11:16:33.824036,58.95,80.9,34.3,2400.030464,0.8431,0x0
2026-03-04T11:16:34.941816,60.05,83.1,34.3,2400.033792,0.8431,0x0
2026-03-04T11:16:35.960412,58.4,82.9,33.9,2400.027136,0.8431,0x0
2026-03-04T11:16:36.981980,59.5,80.5,34.1,2400.030464,0.8431,0x0
2026-03-04T11:16:38.010296,60.05,83.8,34.1,2400.027136,0.8431,0x0
2026-03-04T11:16:39.044731,60.05,83.5,34.5,2400.027136,0.8431,0x0
2026-03-04T11:16:40.069121,58.4,81.0,34.4,2400.030464,0.8431,0x0
2026-03-04T11:16:41.196444,60.05,83.6,34.0,2400.033792,0.8431,0x0
2026-03-04T11:16:42.218733,60.05,87.9,33.9,2400.033792,0.8431,0x0
2026-03-04T11:16:43.249086,60.6,80.5,34.2,2400.030464,0.8431,0x0
2026-03-04T11:16:44.376109,58.95,80.5,34.4,2400.023808,0.8431,0x0
2026-03-04T11:16:45.396533,59.5,86.0,34.6,2400.033792,0.8431,0x0
2026-03-04T11:16:46.431795,59.5,82.1,34.6,2400.02048,0.8431,0x0
2026-03-04T11:16:47.453970,58.4,79.7,34.6,2400.02048,0.8431,0x0
2026-03-04T11:16:48.484329,58.4,81.3,34.6,2400.030464,0.8431,0x0
2026-03-04T11:16:49.507209,59.5,80.0,34.2,2400.030464,0.8431,0x0
2026-03-04T11:16:50.531490,58.4,80.5,34.1,2400.02048,0.8431,0x0
2026-03-04T11:16:51.556526,58.4,81.8,34.0,2400.027136,0.8431,0x0
2026-03-04T11:16:52.587313,59.5,85.6,33.9,2400.030464,0.8431,0x0
2026-03-04T11:16:53.616665,59.5,88.5,33.8,2400.030464,0.8431,0x0
2026-03-04T11:16:54.644703,60.05,82.0,34.0,2400.027136,0.8431,0x0
2026-03-04T11:16:55.664685,59.5,78.5,34.0,2400.030464,0.8431,0x0
2026-03-04T11:16:56.711058,58.95,81.7,34.0,2400.03712,0.8431,0x0
2026-03-04T11:16:57.739618,57.85,81.5,33.9,2400.027136,0.8431,0x0
2026-03-04T11:16:58.771742,57.85,84.1,34.0,2400.027136,0.8431,0x0
2026-03-04T11:16:59.793001,58.95,82.0,34.0,2400.02048,0.8431,0x0
2026-03-04T11:17:00.824165,58.4,78.9,34.3,2400.023808,0.8431,0x0
2026-03-04T11:17:01.848387,58.4,80.0,34.2,2400.02048,0.8431,0x0
2026-03-04T11:17:02.876044,58.4,81.2,34.1,2400.02048,0.8431,0x0
2026-03-04T11:17:03.904681,59.5,83.4,33.9,2400.023808,0.8431,0x0
2026-03-04T11:17:05.029171,59.5,79.7,33.7,2400.02048,0.8431,0x0
2026-03-04T11:17:06.054004,58.95,78.6,33.9,2400.027136,0.8431,0x0
2026-03-04T11:17:07.079694,58.4,82.6,34.1,2400.02048,0.8431,0x0
2026-03-04T11:17:08.107454,58.95,81.3,34.2,2400.033792,0.8431,0x0
2026-03-04T11:17:09.132656,58.95,82.6,33.9,2400.02048,0.8431,0x0
2026-03-04T11:17:10.154869,60.05,85.4,34.0,2400.033792,0.8431,0x0
2026-03-04T11:17:11.178042,60.05,81.9,34.1,2400.030464,0.8431,0x0
2026-03-04T11:17:12.207446,58.4,80.8,33.8,2400.023808,0.8431,0x0
2026-03-04T11:17:13.226448,57.85,81.6,33.8,2400.033792,0.8431,0x0
2026-03-04T11:17:14.248031,58.95,80.3,33.7,2400.030464,0.8431,0x0
2026-03-04T11:17:15.271704,57.3,81.2,34.0,2400.023808,0.8431,0x0
2026-03-04T11:17:16.292787,58.95,85.4,34.4,2400.030464,0.8431,0x0
2026-03-04T11:17:17.317509,58.95,81.0,34.3,2400.027136,0.8431,0x0
2026-03-04T11:17:18.337739,60.6,81.2,34.0,2400.02048,0.8431,0x0
2026-03-04T11:17:19.372075,57.85,79.4,34.0,2400.027136,0.8431,0x0
2026-03-04T11:17:20.392653,58.95,82.2,33.8,2400.02048,0.8431,0x0
2026-03-04T11:17:21.414947,58.4,81.7,33.6,2400.027136,0.8431,0x0
2026-03-04T11:17:22.444354,58.4,80.3,33.7,2400.02048,0.8431,0x0
2026-03-04T11:17:23.462189,57.85,79.4,33.6,2400.023808,0.8431,0x0
2026-03-04T11:17:24.489196,58.95,81.5,34.0,2400.02048,0.8431,0x0
2026-03-04T11:17:25.541128,58.4,81.5,34.0,2400.033792,0.8431,0x0
2026-03-04T11:17:26.570635,59.5,86.9,34.1,2400.027136,0.8431,0x0
2026-03-04T11:17:27.601238,56.75,81.9,34.6,2400.02048,0.8431,0x0
2026-03-04T11:17:28.623890,58.4,79.7,34.7,2400.02048,0.8431,0x0
2026-03-04T11:17:29.650801,58.4,80.5,34.7,2400.023808,0.8431,0x0
2026-03-04T11:17:30.671028,60.05,79.9,34.4,2400.030464,0.8431,0x0
2026-03-04T11:17:31.697646,58.4,79.6,34.4,2400.02048,0.8431,0x0
2026-03-04T11:17:32.720678,58.4,81.0,34.2,2400.027136,0.8431,0x0
2026-03-04T11:17:33.739855,59.5,82.4,34.0,2400.030464,0.8431,0x0
2026-03-04T11:17:34.763150,58.4,85.0,34.0,2400.03712,0.8431,0x0
2026-03-04T11:17:35.796325,58.4,79.7,34.1,2400.023808,0.8431,0x0
2026-03-04T11:17:36.824456,58.4,83.1,34.4,2400.023808,0.8431,0x0
2026-03-04T11:17:37.844291,58.95,86.3,34.6,2400.033792,0.8431,0x0
2026-03-04T11:17:38.867794,58.4,80.8,34.2,2400.027136,0.8431,0x0
2026-03-04T11:17:39.893786,58.4,82.0,34.0,2400.023808,0.8431,0x0
2026-03-04T11:17:40.913040,58.4,81.8,34.0,2400.033792,0.8431,0x0
2026-03-04T11:17:41.938988,58.4,82.1,34.0,2400.033792,0.8431,0x0
2026-03-04T11:17:42.962752,58.95,81.2,33.9,2400.033792,0.8431,0x0
2026-03-04T11:17:43.984948,58.95,81.6,34.1,2400.033792,0.8431,0x0
2026-03-04T11:17:45.002627,58.4,88.4,34.1,2400.023808,0.8431,0x0
2026-03-04T11:17:46.034612,58.4,80.5,34.0,2400.027136,0.8431,0x0
2026-03-04T11:17:47.056735,57.85,82.2,34.2,2400.033792,0.8431,0x0
2026-03-04T11:17:48.080482,58.4,81.9,34.0,2400.030464,0.8431,0x0
2026-03-04T11:17:49.110303,57.85,81.7,34.0,2400.02048,0.8431,0x0
2026-03-04T11:17:50.127459,59.5,82.1,33.8,2400.023808,0.8431,0x0
2026-03-04T11:17:51.156286,58.4,80.6,33.7,2400.03712,0.8431,0x0
2026-03-04T11:17:52.179648,57.85,81.8,33.8,2400.027136,0.8431,0x0
2026-03-04T11:17:53.210047,59.5,81.7,33.6,2400.027136,0.8431,0x0
2026-03-04T11:17:54.230519,59.5,82.4,33.7,2400.023808,0.8431,0x0
2026-03-04T11:17:55.258520,58.95,80.0,33.9,2400.03712,0.8431,0x0
2026-03-04T11:17:56.278070,58.95,80.2,34.4,2400.023808,0.8431,0x0
2026-03-04T11:17:57.300370,58.4,80.7,34.6,2400.033792,0.8431,0x0
2026-03-04T11:17:58.320665,58.95,81.5,34.4,2400.02048,0.8431,0x0
2026-03-04T11:17:59.339948,60.05,82.6,34.3,2400.027136,0.8431,0x0
2026-03-04T11:18:00.361548,57.85,82.2,34.1,2400.02048,0.8431,0x0
2026-03-04T11:18:01.383303,58.95,80.2,34.3,2400.030464,0.8431,0x0
2026-03-04T11:18:02.402997,60.05,81.3,34.2,2400.027136,0.8431,0x0
2026-03-04T11:18:03.424536,59.5,84.7,34.2,2400.033792,0.8431,0x0
2026-03-04T11:18:04.454057,60.05,79.6,33.9,2400.023808,0.8431,0x0
2026-03-04T11:18:05.486899,58.4,82.9,33.9,2400.027136,0.8431,0x0
2026-03-04T11:18:06.518633,59.5,84.9,34.0,2400.033792,0.8431,0x0
2026-03-04T11:18:07.547168,59.5,80.2,34.4,2400.033792,0.8431,0x0
2026-03-04T11:18:08.581989,58.4,87.0,34.3,2400.027136,0.8431,0x0
2026-03-04T11:18:09.608881,57.85,74.7,34.4,2400.02048,0.8431,0x0
2026-03-04T11:18:10.640339,58.95,78.1,34.3,2400.030464,0.8431,0x0
2026-03-04T11:18:11.667255,58.4,79.4,34.2,2400.030464,0.8431,0x0
2026-03-04T11:18:12.689402,58.95,81.0,34.5,2400.027136,0.8431,0x0
2026-03-04T11:18:13.732751,59.5,80.4,34.2,2400.027136,0.8431,0x0
2026-03-04T11:18:14.764853,59.5,81.8,34.1,2400.027136,0.8431,0x0
2026-03-04T11:18:15.788665,58.4,82.2,34.2,2400.027136,0.8431,0x0
2026-03-04T11:18:16.820674,58.4,81.4,34.1,2400.033792,0.8431,0x0
2026-03-04T11:18:17.858862,58.95,80.9,34.4,2400.02048,0.8431,0x0
2026-03-04T11:18:18.891370,60.05,82.9,33.9,2400.02048,0.8431,0x0
2026-03-04T11:18:19.911130,60.05,80.5,34.0,2400.023808,0.8431,0x0
2026-03-04T11:18:20.930400,58.4,82.9,33.8,2400.033792,0.8431,0x0
2026-03-04T11:18:21.954716,58.4,84.3,34.1,2400.023808,0.8431,0x0
2026-03-04T11:18:22.972900,60.05,82.0,34.2,2400.02048,0.8431,0x0
2026-03-04T11:18:23.995058,58.4,81.6,34.2,2400.033792,0.8431,0x0
2026-03-04T11:18:25.015825,59.5,87.9,34.2,2400.027136,0.8431,0x0
2026-03-04T11:18:26.037340,58.4,79.5,34.2,2400.033792,0.8431,0x0
2026-03-04T11:18:27.059470,59.5,83.5,34.1,2400.023808,0.8431,0x0
2026-03-04T11:18:28.080144,58.4,78.8,34.0,2400.033792,0.8431,0x0
2026-03-04T11:18:29.109545,58.4,82.7,33.7,2400.033792,0.8431,0x0
2026-03-04T11:18:30.128675,58.4,80.4,34.0,2400.030464,0.8431,0x0
2026-03-04T11:18:31.152125,57.85,80.5,34.3,2400.023808,0.8431,0x0
2026-03-04T11:18:32.169425,58.4,84.8,34.0,2400.027136,0.8431,0x0
2026-03-04T11:18:33.196824,57.85,82.6,33.7,2400.033792,0.8431,0x0
2026-03-04T11:18:34.232210,58.4,79.7,33.7,2400.030464,0.8431,0x0
2026-03-04T11:18:35.252475,59.5,81.9,34.0,2400.03712,0.8431,0x0
2026-03-04T11:18:36.274094,59.5,82.8,34.4,2400.023808,0.8431,0x0
2026-03-04T11:18:37.298926,57.85,81.7,34.5,2400.030464,0.8431,0x0
2026-03-04T11:18:38.324320,58.4,81.5,34.2,2400.027136,0.8431,0x0
2026-03-04T11:18:39.347466,58.95,78.6,34.0,2400.030464,0.8431,0x0
2026-03-04T11:18:40.377112,58.95,79.7,34.2,2400.023808,0.8431,0x0
2026-03-04T11:18:41.397312,58.95,81.0,34.2,2400.033792,0.8431,0x0
2026-03-04T11:18:42.417329,58.95,81.3,34.2,2400.033792,0.8431,0x0
2026-03-04T11:18:43.441455,59.5,82.2,34.1,2400.03712,0.8431,0x0
2026-03-04T11:18:44.464982,58.95,80.8,34.0,2400.023808,0.8431,0x0
2026-03-04T11:18:45.485630,57.85,84.1,34.1,2400.03712,0.8431,0x0
2026-03-04T11:18:46.508666,57.85,81.0,34.1,2400.033792,0.8431,0x0
2026-03-04T11:18:47.631940,57.85,85.7,34.1,2400.030464,0.8431,0x0
2026-03-04T11:18:48.662755,58.4,83.2,34.3,2400.033792,0.8431,0x0
2026-03-04T11:18:49.681791,58.4,84.2,34.3,2400.023808,0.8431,0x0
2026-03-04T11:18:50.703159,58.4,81.2,34.0,2400.027136,0.8431,0x0
2026-03-04T11:18:51.724392,58.4,81.6,34.1,2400.027136,0.8431,0x0
2026-03-04T11:18:52.743906,58.95,81.5,34.2,2400.033792,0.8431,0x0
2026-03-04T11:18:53.767904,58.4,84.0,34.1,2400.030464,0.8431,0x0
2026-03-04T11:18:54.895971,58.4,82.4,34.3,2400.027136,0.8431,0x0
2026-03-04T11:18:55.925669,58.4,81.0,34.4,2400.027136,0.8431,0x0
2026-03-04T11:18:56.963755,58.4,85.0,34.6,2400.02048,0.8431,0x0
2026-03-04T11:18:57.994301,58.4,81.3,34.4,2400.030464,0.8431,0x0
2026-03-04T11:18:59.017143,57.85,79.4,34.2,2400.027136,0.8431,0x0
2026-03-04T11:19:00.037195,60.05,81.2,34.1,2400.027136,0.8431,0x0
2026-03-04T11:19:01.061648,57.85,81.5,34.1,2400.027136,0.8431,0x0
2026-03-04T11:19:02.082042,58.4,83.0,34.0,2400.033792,0.8431,0x0
2026-03-04T11:19:03.107848,57.3,82.2,34.0,2400.023808,0.8431,0x0
2026-03-04T11:19:04.147436,58.4,83.7,34.3,2400.03712,0.8431,0x0
2026-03-04T11:19:05.173459,58.4,80.9,34.4,2400.030464,0.8431,0x0
2026-03-04T11:19:06.197446,57.85,82.1,34.6,2400.027136,0.8431,0x0
2026-03-04T11:19:07.220701,59.5,82.5,34.4,2400.030464,0.8431,0x0
2026-03-04T11:19:08.242319,58.4,88.4,35.2,2400.023808,0.8431,0x0
2026-03-04T11:19:09.265351,58.4,86.8,35.1,2400.030464,0.8431,0x0
2026-03-04T11:19:10.292595,57.85,86.4,35.3,2400.02048,0.8431,0x0
2026-03-04T11:19:11.320885,57.85,84.1,35.2,2400.02048,0.8431,0x0
2026-03-04T11:19:12.343165,58.4,85.2,35.3,2400.033792,0.8431,0x0
2026-03-04T11:19:13.366792,59.5,85.1,35.2,2400.030464,0.8431,0x0
2026-03-04T11:19:14.396726,58.95,86.4,35.2,2400.027136,0.8431,0x0
2026-03-04T11:19:15.420681,58.4,87.6,35.1,2400.033792,0.8431,0x0
2026-03-04T11:19:16.450772,59.5,86.5,35.3,2400.023808,0.8431,0x0
2026-03-04T11:19:17.477136,58.95,82.8,35.4,2400.02048,0.8431,0x0
2026-03-04T11:19:18.507130,58.4,86.6,35.2,2400.02048,0.8431,0x0
2026-03-04T11:19:19.527529,58.4,86.7,35.2,2400.02048,0.8431,0x0
2026-03-04T11:19:20.553138,59.5,84.6,35.2,2400.030464,0.8431,0x0
2026-03-04T11:19:21.579832,59.5,85.6,35.2,2400.027136,0.8431,0x0
2026-03-04T11:19:22.603292,58.95,86.4,35.1,2400.030464,0.8431,0x0
2026-03-04T11:19:23.623455,57.85,86.1,35.1,2400.033792,0.8431,0x0
2026-03-04T11:19:24.661138,58.95,85.7,35.3,2400.017408,0.8431,0x0
2026-03-04T11:19:25.714909,58.95,83.1,35.2,2400.030464,0.8431,0x0
2026-03-04T11:19:26.740002,58.95,83.2,34.8,2400.030464,0.8431,0x0
2026-03-04T11:19:27.762300,58.4,80.6,34.7,2400.027136,0.8431,0x0
2026-03-04T11:19:28.805186,60.05,82.5,34.6,2400.030464,0.8431,0x0
2026-03-04T11:19:29.843681,57.3,82.0,34.8,2400.033792,0.8431,0x0
2026-03-04T11:19:30.865952,59.5,82.0,35.0,2400.017408,0.8431,0x0
2026-03-04T11:19:31.893810,59.5,80.3,34.9,2400.02048,0.8431,0x0
2026-03-04T11:19:32.919057,58.95,80.3,34.9,2400.027136,0.8431,0x0
2026-03-04T11:19:33.961010,58.4,87.2,34.6,2400.023808,0.8431,0x0
2026-03-04T11:19:34.994113,57.85,86.7,34.9,2400.02048,0.8431,0x0
2026-03-04T11:19:36.023117,58.4,83.4,34.8,2400.03712,0.8431,0x0
2026-03-04T11:19:37.053580,58.4,85.7,34.5,2400.02048,0.8431,0x0
2026-03-04T11:19:38.074215,59.5,80.9,34.7,2400.033792,0.8431,0x0
2026-03-04T11:19:39.095401,59.5,81.0,34.7,2400.017408,0.8431,0x0
2026-03-04T11:19:40.121409,58.4,81.0,34.6,2400.02048,0.8431,0x0
2026-03-04T11:19:41.165248,60.6,82.9,34.6,2400.033792,0.8431,0x0
2026-03-04T11:19:42.193366,57.85,79.3,34.1,2400.033792,0.8431,0x0
2026-03-04T11:19:43.316717,58.95,80.5,34.2,2400.033792,0.8431,0x0
2026-03-04T11:19:44.335371,57.85,79.8,34.0,2400.023808,0.8431,0x0
2026-03-04T11:19:45.362785,58.95,79.3,34.1,2400.023808,0.8431,0x0
2026-03-04T11:19:46.391134,58.4,81.6,34.5,2400.030464,0.8431,0x0
2026-03-04T11:19:47.430501,58.4,80.7,34.7,2400.030464,0.8431,0x0
2026-03-04T11:19:48.455895,58.4,84.1,34.4,2400.027136,0.8431,0x0
2026-03-04T11:19:49.488808,57.85,81.6,34.5,2400.030464,0.8431,0x0
2026-03-04T11:19:50.527280,58.4,96.1,34.7,2400.033792,0.8431,0x0
2026-03-04T11:19:51.585220,58.4,94.6,34.7,2400.030464,0.8431,0x0
2026-03-04T11:19:52.616171,59.5,87.5,34.7,2400.023808,0.8431,0x0
2026-03-04T11:19:53.654182,57.85,78.7,34.6,2400.027136,0.8431,0x0
2026-03-04T11:19:54.687038,58.95,80.9,34.8,2400.033792,0.8431,0x0
2026-03-04T11:19:55.714445,58.4,79.9,35.0,2400.033792,0.8431,0x0
2026-03-04T11:19:56.734172,58.4,79.8,34.9,2400.027136,0.8431,0x0
2026-03-04T11:19:57.755034,59.5,81.1,35.0,2400.033792,0.8431,0x0
2026-03-04T11:19:58.780517,58.4,81.0,34.8,2400.027136,0.8431,0x0
2026-03-04T11:19:59.803386,57.85,82.1,34.6,2400.033792,0.8431,0x0
2026-03-04T11:20:00.853236,58.4,78.9,34.5,2400.033792,0.8431,0x0
2026-03-04T11:20:01.877127,58.95,81.4,34.5,2400.030464,0.8431,0x0
2026-03-04T11:20:02.899413,57.85,80.9,34.5,2400.023808,0.8431,0x0
2026-03-04T11:20:03.921494,57.85,80.5,34.9,2400.017408,0.8431,0x0
2026-03-04T11:20:04.944712,59.5,81.5,35.1,2400.033792,0.8431,0x0
2026-03-04T11:20:05.967002,58.4,82.4,34.8,2400.023808,0.8431,0x0
2026-03-04T11:20:06.989249,58.4,81.7,34.7,2400.030464,0.8431,0x0
2026-03-04T11:20:08.007030,58.4,79.7,34.5,2400.017408,0.8431,0x0
2026-03-04T11:20:09.025710,58.95,87.6,34.6,2400.023808,0.8431,0x0
2026-03-04T11:20:10.061684,60.05,81.4,34.6,2400.02048,0.8431,0x0
2026-03-04T11:20:11.084040,58.4,80.5,34.6,2400.017408,0.8431,0x0
2026-03-04T11:20:12.106324,59.5,84.5,34.9,2400.02048,0.8431,0x0
2026-03-04T11:20:13.131798,58.4,81.2,34.8,2400.02048,0.8431,0x0
2026-03-04T11:20:14.153499,58.95,82.2,34.7,2400.027136,0.8431,0x0
2026-03-04T11:20:15.184449,58.4,84.1,34.6,2400.027136,0.8431,0x0
2026-03-04T11:20:16.212259,58.95,82.5,34.5,2400.023808,0.8431,0x0
2026-03-04T11:20:17.234113,57.85,79.3,34.8,2400.027136,0.8431,0x0
2026-03-04T11:20:18.253598,58.95,82.8,35.0,2400.02048,0.8431,0x0
2026-03-04T11:20:19.277987,60.6,82.7,35.0,2400.023808,0.8431,0x0
2026-03-04T11:20:20.302963,60.6,80.6,35.0,2400.03712,0.8431,0x0
2026-03-04T11:20:21.324274,60.05,80.0,35.1,2400.03712,0.8431,0x0
2026-03-04T11:20:22.351802,58.95,81.4,34.6,2400.02048,0.8431,0x0
2026-03-04T11:20:23.375237,58.4,78.9,34.6,2400.030464,0.8431,0x0
2026-03-04T11:20:24.403214,58.4,82.3,34.9,2400.027136,0.8431,0x0
2026-03-04T11:20:25.430957,58.95,80.9,35.1,2400.030464,0.8431,0x0
2026-03-04T11:20:26.454083,59.5,81.8,35.1,2400.030464,0.8431,0x0
2026-03-04T11:20:27.481712,57.85,80.8,35.0,2400.023808,0.8431,0x0
2026-03-04T11:20:28.510981,57.85,78.3,35.0,2400.027136,0.8431,0x0
2026-03-04T11:20:29.537142,57.85,80.6,34.5,2400.02048,0.8431,0x0
2026-03-04T11:20:30.579735,58.4,90.4,34.6,2400.027136,0.8431,0x0
2026-03-04T11:20:31.611799,57.3,80.4,34.7,2400.027136,0.8431,0x0
2026-03-04T11:20:32.640338,59.5,84.3,35.0,2400.030464,0.8431,0x0
2026-03-04T11:20:33.766545,57.85,84.1,35.1,2400.02048,0.8431,0x0
2026-03-04T11:20:34.795864,58.4,77.9,35.1,2400.033792,0.8431,0x0
2026-03-04T11:20:35.824919,57.3,81.0,35.2,2400.027136,0.8431,0x0
2026-03-04T11:20:36.849266,58.4,78.4,34.8,2400.02048,0.8431,0x0
2026-03-04T11:20:37.880554,57.85,80.3,34.9,2400.027136,0.8431,0x0
2026-03-04T11:20:38.904958,58.4,84.0,34.6,2400.033792,0.8431,0x0
2026-03-04T11:20:39.948472,59.5,83.8,34.7,2400.02048,0.8431,0x0
2026-03-04T11:20:40.973283,57.85,79.6,34.6,2400.023808,0.8431,0x0
2026-03-04T11:20:41.995414,58.4,79.7,34.5,2400.023808,0.8431,0x0
2026-03-04T11:20:43.015386,57.85,81.9,34.6,2400.027136,0.8431,0x0
2026-03-04T11:20:44.041026,57.85,79.3,34.8,2400.033792,0.8431,0x0
2026-03-04T11:20:45.064504,59.5,80.6,34.8,2400.03712,0.8431,0x0
2026-03-04T11:20:46.094204,58.4,84.4,34.8,2400.027136,0.8431,0x0
2026-03-04T11:20:47.127269,59.5,83.0,34.9,2400.033792,0.8431,0x0
2026-03-04T11:20:48.145275,56.75,85.1,34.9,2400.027136,0.8431,0x0
2026-03-04T11:20:49.171247,57.85,87.5,35.0,2400.023808,0.8431,0x0
2026-03-04T11:20:50.201840,58.4,82.0,34.9,2400.027136,0.8431,0x0
2026-03-04T11:20:51.222810,58.95,92.2,34.9,2400.023808,0.8431,0x0
2026-03-04T11:20:52.249125,56.2,86.3,34.8,2400.033792,0.8431,0x0
2026-03-04T11:20:53.290069,58.95,84.2,35.0,2400.027136,0.8431,0x0
2026-03-04T11:20:54.317519,56.75,88.1,35.1,2400.030464,0.8431,0x0
2026-03-04T11:20:55.344433,58.4,82.8,34.8,2400.033792,0.8431,0x0
2026-03-04T11:20:56.363304,58.4,86.4,35.0,2400.02048,0.8431,0x0
2026-03-04T11:20:57.389702,58.95,87.6,35.1,2400.02048,0.8431,0x0
2026-03-04T11:20:58.412067,57.85,85.4,34.9,2400.030464,0.8431,0x0
2026-03-04T11:20:59.442653,57.85,81.9,35.1,2400.030464,0.8431,0x0
2026-03-04T11:21:00.464367,58.4,81.2,35.3,2400.027136,0.8431,0x0
2026-03-04T11:21:01.487000,58.4,80.3,35.2,2400.027136,0.8431,0x0
2026-03-04T11:21:02.516662,58.4,83.2,35.3,2400.02048,0.8431,0x0
2026-03-04T11:21:03.540509,58.4,80.9,35.4,2400.033792,0.8431,0x0
2026-03-04T11:21:04.559938,58.4,80.2,35.3,2400.02048,0.8431,0x0
2026-03-04T11:21:05.581448,58.4,80.8,35.1,2400.027136,0.8431,0x0
2026-03-04T11:21:06.610874,57.85,81.6,35.2,2400.02048,0.8431,0x0
2026-03-04T11:21:07.632714,58.4,82.6,35.0,2400.023808,0.8431,0x0
2026-03-04T11:21:08.660328,57.85,81.4,35.0,2400.030464,0.8431,0x0
2026-03-04T11:21:09.688667,59.5,78.6,35.1,2400.023808,0.8431,0x0
2026-03-04T11:21:10.727676,59.5,87.4,35.5,2400.030464,0.8431,0x0
2026-03-04T11:21:11.757963,58.4,86.3,35.3,2400.030464,0.8431,0x0
2026-03-04T11:21:12.788745,59.5,85.8,35.2,2400.030464,0.8431,0x0
2026-03-04T11:21:13.818912,59.5,87.0,35.1,2400.033792,0.8431,0x0
2026-03-04T11:21:14.840814,58.95,87.1,35.1,2400.027136,0.8431,0x0
2026-03-04T11:21:15.866908,58.4,86.7,35.2,2400.02048,0.8431,0x0
2026-03-04T11:21:16.888679,58.4,91.0,35.2,2400.023808,0.8431,0x0
2026-03-04T11:21:17.910005,59.5,87.6,35.3,2400.030464,0.8431,0x0
2026-03-04T11:21:18.938558,58.4,84.1,35.3,2400.023808,0.8431,0x0
2026-03-04T11:21:19.957050,59.5,80.0,35.0,2400.033792,0.8431,0x0
2026-03-04T11:21:20.986041,58.95,83.8,35.1,2400.033792,0.8431,0x0
2026-03-04T11:21:22.014668,58.95,81.5,35.1,2400.023808,0.8431,0x0
2026-03-04T11:21:23.053420,58.4,85.0,35.1,2400.02048,0.8431,0x0
2026-03-04T11:21:24.078164,58.4,82.5,35.0,2400.027136,0.8431,0x0
2026-03-04T11:21:25.102267,58.4,82.5,35.2,2400.023808,0.8431,0x0
2026-03-04T11:21:26.126181,58.95,81.0,35.0,2400.02048,0.8431,0x0
2026-03-04T11:21:27.155161,59.5,86.7,35.1,2400.033792,0.8431,0x0
2026-03-04T11:21:28.178865,58.95,87.5,35.2,2400.033792,0.8431,0x0
2026-03-04T11:21:29.201123,60.6,91.5,34.9,2400.030464,0.8431,0x0
2026-03-04T11:21:30.230026,58.4,87.7,34.9,2400.02048,0.8431,0x0
2026-03-04T11:21:31.264365,58.4,80.5,34.7,2400.03712,0.8431,0x0
2026-03-04T11:21:32.293714,58.4,81.3,34.5,2400.030464,0.8431,0x0
2026-03-04T11:21:33.320763,58.95,80.0,34.8,2400.023808,0.8431,0x0
2026-03-04T11:21:34.345290,57.85,82.7,34.9,2400.027136,0.8431,0x0
2026-03-04T11:21:35.369367,58.4,81.9,35.4,2400.02048,0.8431,0x0
2026-03-04T11:21:36.396477,58.95,84.5,35.5,2400.017408,0.8431,0x0
2026-03-04T11:21:37.435389,58.95,82.0,34.9,2400.033792,0.8431,0x0
2026-03-04T11:21:38.458618,58.4,80.9,34.9,2400.02048,0.8431,0x0
2026-03-04T11:21:39.491382,56.75,81.3,34.8,2400.027136,0.8431,0x0
2026-03-04T11:21:40.519381,58.4,80.7,34.8,2400.027136,0.8431,0x0
2026-03-04T11:21:41.546400,58.95,82.8,34.5,2400.030464,0.8431,0x0
2026-03-04T11:21:42.567021,58.95,81.6,34.4,2400.033792,0.8431,0x0
2026-03-04T11:21:43.590997,59.5,81.6,34.4,2400.027136,0.8431,0x0
2026-03-04T11:21:44.615815,58.95,79.8,34.6,2400.023808,0.8431,0x0
2026-03-04T11:21:45.640472,58.95,80.1,34.9,2400.02048,0.8431,0x0
2026-03-04T11:21:46.670738,58.4,79.4,35.1,2400.02048,0.8431,0x0
2026-03-04T11:21:47.697171,58.4,81.0,35.0,2400.027136,0.8431,0x0
2026-03-04T11:21:48.718548,57.85,81.0,35.0,2400.02048,0.8431,0x0
2026-03-04T11:21:49.749156,58.4,81.3,35.3,2400.027136,0.8431,0x0
2026-03-04T11:21:50.776394,58.95,86.9,35.1,2400.027136,0.8431,0x0
2026-03-04T11:21:51.903816,58.95,86.7,34.8,2400.030464,0.8431,0x0
2026-03-04T11:21:52.924727,60.6,82.0,34.8,2400.02048,0.8431,0x0
2026-03-04T11:21:53.943238,58.95,82.0,34.9,2400.033792,0.8431,0x0
2026-03-04T11:21:54.967856,57.3,81.0,35.3,2400.02048,0.8431,0x0
2026-03-04T11:21:55.991456,58.4,82.0,35.1,2400.03712,0.8431,0x0
2026-03-04T11:21:57.015577,57.85,79.7,34.9,2400.033792,0.8431,0x0
2026-03-04T11:21:58.036267,58.95,80.8,34.6,2400.02048,0.8431,0x0
2026-03-04T11:21:59.059514,59.5,81.4,34.7,2400.02048,0.8431,0x0
2026-03-04T11:22:00.083259,58.4,83.1,34.9,2400.030464,0.8431,0x0
2026-03-04T11:22:01.102139,58.95,82.2,34.7,2400.033792,0.8431,0x0
2026-03-04T11:22:02.121909,58.4,83.0,35.0,2400.033792,0.8431,0x0
2026-03-04T11:22:03.144675,58.95,82.4,35.0,2400.027136,0.8431,0x0
2026-03-04T11:22:04.165366,58.4,82.8,35.3,2400.03712,0.8431,0x0
2026-03-04T11:22:05.186863,60.05,81.5,35.0,2400.033792,0.8431,0x0
2026-03-04T11:22:06.209186,59.5,80.6,34.8,2400.030464,0.8431,0x0
2026-03-04T11:22:07.232937,60.05,79.6,34.8,2400.033792,0.8431,0x0
2026-03-04T11:22:08.258310,58.95,82.7,35.0,2400.023808,0.8431,0x0
2026-03-04T11:22:09.276944,60.05,79.3,35.1,2400.030464,0.8431,0x0
2026-03-04T11:22:10.308146,58.4,80.5,34.7,2400.027136,0.8431,0x0
2026-03-04T11:22:11.335395,58.4,84.3,34.6,2400.027136,0.8431,0x0
2026-03-04T11:22:12.358263,58.95,79.6,34.5,2400.033792,0.8431,0x0
2026-03-04T11:22:13.386169,58.95,82.6,34.8,2400.023808,0.8431,0x0
2026-03-04T11:22:14.412679,58.4,82.9,34.7,2400.027136,0.8431,0x0
2026-03-04T11:22:15.444939,58.4,88.2,34.9,2400.030464,0.8431,0x0
2026-03-04T11:22:16.483411,58.4,92.1,34.9,2400.027136,0.8431,0x0
2026-03-04T11:22:17.509978,58.95,89.5,34.9,2400.030464,0.8431,0x0
2026-03-04T11:22:18.531950,58.4,82.3,34.7,2400.033792,0.8431,0x0
2026-03-04T11:22:19.559908,58.95,87.5,34.5,2400.027136,0.8431,0x0
2026-03-04T11:22:20.592978,58.95,85.5,34.6,2400.02048,0.8431,0x0
2026-03-04T11:22:21.611753,58.4,81.9,34.5,2400.027136,0.8431,0x0
2026-03-04T11:22:22.642516,58.95,77.9,34.3,2400.023808,0.8431,0x0
2026-03-04T11:22:23.663175,59.5,84.7,34.3,2400.03712,0.8431,0x0
2026-03-04T11:22:24.684660,58.95,84.6,34.3,2400.027136,0.8431,0x0
2026-03-04T11:22:25.712966,58.4,88.1,34.3,2400.023808,0.8431,0x0
2026-03-04T11:22:26.761807,60.05,81.4,34.6,2400.030464,0.8431,0x0
2026-03-04T11:22:27.786158,58.4,79.3,34.6,2400.023808,0.8431,0x0
2026-03-04T11:22:28.812960,58.95,82.1,35.1,2400.033792,0.8431,0x0
2026-03-04T11:22:29.836289,58.95,83.1,35.0,2400.027136,0.8431,0x0
2026-03-04T11:22:30.862759,59.5,81.2,34.8,2400.030464,0.8431,0x0
2026-03-04T11:22:31.891475,58.95,84.4,34.9,2400.033792,0.8431,0x0
2026-03-04T11:22:32.916817,58.95,82.9,34.4,2400.02048,0.8431,0x0
2026-03-04T11:22:33.937356,59.5,86.0,34.8,2400.030464,0.8431,0x0
2026-03-04T11:22:34.960278,58.4,81.7,34.5,2400.033792,0.8431,0x0
2026-03-04T11:22:35.991262,58.95,80.2,34.7,2400.02048,0.8431,0x0
2026-03-04T11:22:37.016482,59.5,85.0,34.8,2400.023808,0.8431,0x0
2026-03-04T11:22:38.047515,60.05,86.3,35.0,2400.033792,0.8431,0x0
2026-03-04T11:22:39.067180,59.5,83.6,34.8,2400.023808,0.8431,0x0
2026-03-04T11:22:40.095079,58.95,80.2,34.7,2400.02048,0.8431,0x0
2026-03-04T11:22:41.119228,59.5,81.0,34.5,2400.033792,0.8431,0x0
2026-03-04T11:22:42.140544,60.05,80.7,34.6,2400.02048,0.8431,0x0
2026-03-04T11:22:43.180680,58.4,80.1,34.3,2400.033792,0.8431,0x0
2026-03-04T11:22:44.205514,58.95,80.9,34.4,2400.030464,0.8431,0x0
2026-03-04T11:22:45.226032,58.4,81.8,34.6,2400.033792,0.8431,0x0
2026-03-04T11:22:46.265614,58.95,83.8,34.5,2400.030464,0.8431,0x0
2026-03-04T11:22:47.290145,58.4,81.4,34.5,2400.027136,0.8431,0x0
2026-03-04T11:22:48.319046,60.05,81.1,34.7,2400.027136,0.8431,0x0
2026-03-04T11:22:49.349759,60.05,83.7,34.6,2400.033792,0.8431,0x0
2026-03-04T11:22:50.378271,59.5,80.9,34.4,2400.033792,0.8431,0x0
2026-03-04T11:22:51.403324,57.3,81.4,34.3,2400.03712,0.8431,0x0
2026-03-04T11:22:52.428479,58.95,81.8,34.3,2400.027136,0.8431,0x0
2026-03-04T11:22:53.455358,58.4,81.7,34.6,2400.030464,0.8431,0x0
2026-03-04T11:22:54.493177,59.5,84.2,34.8,2400.027136,0.8431,0x0
2026-03-04T11:22:55.636628,58.4,82.1,34.7,2400.03712,0.8431,0x0
2026-03-04T11:22:56.662926,58.95,81.7,34.9,2400.023808,0.8431,0x0
2026-03-04T11:22:57.687371,58.95,80.2,34.9,2400.023808,0.8431,0x0
2026-03-04T11:22:58.718677,60.05,85.3,34.5,2400.02048,0.8431,0x0
2026-03-04T11:22:59.741070,58.4,86.4,34.5,2400.027136,0.8431,0x0
2026-03-04T11:23:00.769243,59.5,88.0,34.3,2400.02048,0.8431,0x0
2026-03-04T11:23:01.794368,60.05,86.3,34.3,2400.027136,0.8431,0x0
2026-03-04T11:23:02.814670,57.85,85.1,34.2,2400.023808,0.8431,0x0
2026-03-04T11:23:03.835352,58.4,82.0,34.2,2400.023808,0.8431,0x0
2026-03-04T11:23:04.859985,58.4,84.7,34.2,2400.027136,0.8431,0x0
2026-03-04T11:23:05.888683,59.5,79.4,34.1,2400.030464,0.8431,0x0
2026-03-04T11:23:06.913609,58.4,79.7,34.1,2400.02048,0.8431,0x0
2026-03-04T11:23:07.940799,60.05,81.8,34.2,2400.030464,0.8431,0x0
2026-03-04T11:23:08.960124,58.95,80.6,34.3,2400.017408,0.8431,0x0
2026-03-04T11:23:09.982226,58.4,79.3,34.3,2400.030464,0.8431,0x0
2026-03-04T11:23:11.007444,58.95,84.7,34.3,2400.03712,0.8431,0x0
2026-03-04T11:23:12.040704,59.5,81.4,34.2,2400.033792,0.8431,0x0
2026-03-04T11:23:13.079377,58.95,79.7,34.4,2400.033792,0.8431,0x0
2026-03-04T11:23:14.099894,59.5,88.6,34.4,2400.027136,0.8431,0x0
2026-03-04T11:23:15.227460,60.05,80.7,34.8,2400.02048,0.8431,0x0
2026-03-04T11:23:16.252340,59.5,81.0,34.5,2400.027136,0.8431,0x0
2026-03-04T11:23:17.275725,59.5,80.7,34.5,2400.027136,0.8431,0x0
2026-03-04T11:23:18.302684,59.5,81.8,34.2,2400.033792,0.8431,0x0
2026-03-04T11:23:19.324954,58.95,81.9,34.2,2400.030464,0.8431,0x0
2026-03-04T11:23:20.347752,58.4,82.3,34.5,2400.033792,0.8431,0x0
2026-03-04T11:23:21.376717,58.4,81.9,34.8,2400.030464,0.8431,0x0
2026-03-04T11:23:22.393575,59.5,85.5,34.5,2400.030464,0.8431,0x0
2026-03-04T11:23:23.413777,57.85,82.6,34.4,2400.027136,0.8431,0x0
2026-03-04T11:23:24.453259,58.4,81.9,34.9,2400.023808,0.8431,0x0
2026-03-04T11:23:25.477205,58.95,80.7,34.8,2400.027136,0.8431,0x0
2026-03-04T11:23:26.508597,58.95,81.9,34.5,2400.027136,0.8431,0x0
2026-03-04T11:23:27.534491,58.4,85.4,34.4,2400.030464,0.8431,0x0
2026-03-04T11:23:28.556865,59.5,81.6,34.8,2400.030464,0.8431,0x0
2026-03-04T11:23:29.579219,58.95,84.4,34.9,2400.030464,0.8431,0x0
2026-03-04T11:23:30.613550,58.4,82.9,34.6,2400.030464,0.8431,0x0
2026-03-04T11:23:31.641235,60.05,80.9,34.9,2400.027136,0.8431,0x0
2026-03-04T11:23:32.663539,58.4,83.4,34.7,2400.033792,0.8431,0x0
2026-03-04T11:23:33.688020,60.05,84.6,34.3,2400.027136,0.8431,0x0
2026-03-04T11:23:34.716472,60.05,82.9,34.4,2400.030464,0.8431,0x0
2026-03-04T11:23:35.736012,58.4,83.4,34.8,2400.023808,0.8431,0x0
2026-03-04T11:23:36.761001,60.6,79.0,34.6,2400.033792,0.8431,0x0
2026-03-04T11:23:37.782971,58.4,81.7,34.4,2400.023808,0.8431,0x0
2026-03-04T11:23:38.803403,58.4,78.8,34.6,2400.030464,0.8431,0x0
2026-03-04T11:23:39.824319,58.95,79.7,34.6,2400.027136,0.8431,0x0
2026-03-04T11:23:40.854788,58.4,77.9,34.8,2400.02048,0.8431,0x0
2026-03-04T11:23:41.874652,59.5,79.9,35.1,2400.033792,0.8431,0x0
2026-03-04T11:23:42.897838,58.95,80.2,34.9,2400.023808,0.8431,0x0
2026-03-04T11:23:43.925239,58.4,81.9,35.1,2400.027136,0.8431,0x0
2026-03-04T11:23:44.948874,58.95,79.0,34.9,2400.023808,0.8431,0x0
2026-03-04T11:23:45.969510,58.4,81.1,34.9,2400.03712,0.8431,0x0
2026-03-04T11:23:46.993858,58.95,82.8,34.8,2400.02048,0.8431,0x0
2026-03-04T11:23:48.018417,59.5,80.0,34.6,2400.027136,0.8431,0x0
2026-03-04T11:23:49.043671,60.05,81.3,34.5,2400.023808,0.8431,0x0
2026-03-04T11:23:50.064659,60.05,81.2,34.4,2400.03712,0.8431,0x0
2026-03-04T11:23:51.083270,58.4,77.6,34.4,2400.027136,0.8431,0x0
2026-03-04T11:23:52.107640,58.4,80.2,34.3,2400.033792,0.8431,0x0
2026-03-04T11:23:53.140036,57.3,81.7,34.3,2400.03712,0.8431,0x0
2026-03-04T11:23:54.169051,58.4,82.4,34.5,2400.027136,0.8431,0x0
2026-03-04T11:23:55.188336,58.4,82.5,34.9,2400.02048,0.8431,0x0
2026-03-04T11:23:56.208788,57.3,82.0,34.9,2400.027136,0.8431,0x0
2026-03-04T11:23:57.228691,58.4,80.6,35.0,2400.030464,0.8431,0x0
2026-03-04T11:23:58.246968,60.05,79.9,34.8,2400.033792,0.8431,0x0
2026-03-04T11:23:59.272547,58.95,79.6,34.6,2400.03712,0.8431,0x0
2026-03-04T11:24:00.299459,60.05,80.1,34.7,2400.033792,0.8431,0x0
2026-03-04T11:24:01.329664,58.4,79.5,34.7,2400.023808,0.8431,0x0
2026-03-04T11:24:02.353378,57.85,80.8,34.5,2400.033792,0.8431,0x0
2026-03-04T11:24:03.380269,58.95,80.8,34.4,2400.030464,0.8431,0x0
2026-03-04T11:24:04.406490,58.95,80.4,34.3,2400.02048,0.8431,0x0
2026-03-04T11:24:05.431427,58.4,79.9,34.4,2400.027136,0.8431,0x0
2026-03-04T11:24:06.456602,58.4,81.0,34.7,2400.030464,0.8431,0x0
2026-03-04T11:24:07.479238,60.05,81.4,34.8,2400.023808,0.8431,0x0
2026-03-04T11:24:08.505611,58.95,84.4,34.5,2400.030464,0.8431,0x0
2026-03-04T11:24:09.528357,58.4,81.9,34.5,2400.033792,0.8431,0x0
2026-03-04T11:24:10.554139,58.4,79.6,34.4,2400.030464,0.8431,0x0
2026-03-04T11:24:11.576027,58.95,79.6,34.2,2400.027136,0.8431,0x0
2026-03-04T11:24:12.597227,58.95,83.4,34.2,2400.027136,0.8431,0x0
2026-03-04T11:24:13.616762,58.95,80.4,34.1,2400.023808,0.8431,0x0
2026-03-04T11:24:14.637910,58.95,79.2,33.9,2400.027136,0.8431,0x0
2026-03-04T11:24:15.658866,60.05,83.4,34.3,2400.027136,0.8431,0x0
2026-03-04T11:24:16.681659,58.4,80.9,34.8,2400.017408,0.8431,0x0
2026-03-04T11:24:17.705567,60.05,80.2,35.0,2400.02048,0.8431,0x0
2026-03-04T11:24:18.727493,59.5,78.9,34.8,2400.027136,0.8431,0x0
2026-03-04T11:24:19.755869,58.4,80.5,34.8,2400.027136,0.8431,0x0
2026-03-04T11:24:20.784738,59.5,80.9,35.0,2400.030464,0.8431,0x0
2026-03-04T11:24:21.813218,59.5,81.2,34.9,2400.027136,0.8431,0x0
2026-03-04T11:24:22.839192,60.05,81.8,34.8,2400.02048,0.8431,0x0
2026-03-04T11:24:23.858853,60.05,85.5,34.5,2400.023808,0.8431,0x0
2026-03-04T11:24:24.883713,57.3,78.9,34.7,2400.027136,0.8431,0x0
2026-03-04T11:24:25.912007,59.5,81.4,34.9,2400.027136,0.8431,0x0
2026-03-04T11:24:26.950248,58.4,80.5,35.1,2400.023808,0.8431,0x0
2026-03-04T11:24:27.979899,59.5,81.7,34.6,2400.02048,0.8431,0x0
2026-03-04T11:24:29.015241,59.5,82.2,34.3,2400.03712,0.8431,0x0
2026-03-04T11:24:30.040563,59.5,79.1,34.5,2400.030464,0.8431,0x0
2026-03-04T11:24:31.063315,60.05,79.6,34.3,2400.023808,0.8431,0x0
2026-03-04T11:24:32.100193,59.5,80.5,34.4,2400.027136,0.8431,0x0
2026-03-04T11:24:33.129120,59.5,81.3,34.1,2400.03712,0.8431,0x0
2026-03-04T11:24:34.152682,60.05,83.4,34.1,2400.02048,0.8431,0x0
2026-03-04T11:24:35.173010,58.95,80.4,34.5,2400.023808,0.8431,0x0
2026-03-04T11:24:36.252603,60.05,83.6,34.8,2400.033792,0.8431,0x0
2026-03-04T11:24:37.278275,58.95,81.0,34.9,2400.023808,0.8431,0x0
2026-03-04T11:24:38.300343,58.95,82.0,34.7,2400.023808,0.8431,0x0
2026-03-04T11:24:39.321317,59.5,80.9,34.7,2400.02048,0.8431,0x0
2026-03-04T11:24:40.346073,57.3,82.2,34.1,2400.023808,0.8431,0x0
2026-03-04T11:24:41.368676,59.5,90.0,34.3,2400.02048,0.8431,0x0
2026-03-04T11:24:42.398860,58.4,90.5,34.6,2400.023808,0.8431,0x0
2026-03-04T11:24:43.423808,58.95,86.1,34.5,2400.03712,0.8431,0x0
2026-03-04T11:24:44.449267,58.4,89.5,34.7,2400.02048,0.8431,0x0
2026-03-04T11:24:45.472670,58.4,87.4,34.7,2400.027136,0.8431,0x0
2026-03-04T11:24:46.497825,57.85,84.1,34.7,2400.033792,0.8431,0x0
2026-03-04T11:24:47.520675,58.95,82.6,34.8,2400.02048,0.8431,0x0
2026-03-04T11:24:48.543388,58.4,82.5,34.9,2400.023808,0.8431,0x0
2026-03-04T11:24:49.566969,58.4,81.8,34.5,2400.033792,0.8431,0x0
2026-03-04T11:24:50.594086,57.3,81.8,34.5,2400.023808,0.8431,0x0
2026-03-04T11:24:51.624830,58.95,84.1,34.4,2400.030464,0.8431,0x0
2026-03-04T11:24:52.668885,59.5,80.8,34.4,2400.023808,0.8431,0x0
2026-03-04T11:24:53.698497,60.05,80.5,34.5,2400.023808,0.8431,0x0
2026-03-04T11:24:54.735737,59.5,81.4,34.3,2400.023808,0.8431,0x0
2026-03-04T11:24:55.770794,58.4,82.6,34.6,2400.030464,0.8431,0x0
2026-03-04T11:24:56.800643,58.4,80.5,34.7,2400.030464,0.8431,0x0
2026-03-04T11:24:57.819735,58.4,81.4,34.7,2400.02048,0.8431,0x0
2026-03-04T11:24:58.848326,58.95,80.2,34.2,2400.023808,0.8431,0x0
2026-03-04T11:24:59.878791,58.4,80.7,34.0,2400.030464,0.8431,0x0
2026-03-04T11:25:00.902861,58.95,80.7,34.1,2400.02048,0.8431,0x0
2026-03-04T11:25:01.926228,60.6,83.3,34.5,2400.033792,0.8431,0x0
2026-03-04T11:25:02.961959,57.85,84.7,34.8,2400.027136,0.8431,0x0
2026-03-04T11:25:03.987157,59.5,92.1,34.7,2400.03712,0.8431,0x0
2026-03-04T11:25:05.013761,57.85,85.3,34.4,2400.023808,0.8431,0x0
2026-03-04T11:25:06.033240,58.4,85.6,34.6,2400.027136,0.8431,0x0
2026-03-04T11:25:07.065868,58.95,87.7,34.5,2400.027136,0.8431,0x0
2026-03-04T11:25:08.093601,59.5,84.3,34.6,2400.033792,0.8431,0x0
2026-03-04T11:25:09.113007,60.05,78.1,34.5,2400.033792,0.8431,0x0
2026-03-04T11:25:10.136989,58.4,81.5,34.4,2400.023808,0.8431,0x0
2026-03-04T11:25:11.167363,58.4,81.3,34.4,2400.03712,0.8431,0x0
2026-03-04T11:25:12.196708,58.4,81.5,34.4,2400.03712,0.8431,0x0
2026-03-04T11:25:13.232203,58.4,86.3,34.2,2400.023808,0.8431,0x0
2026-03-04T11:25:14.261228,58.95,85.6,34.3,2400.033792,0.8431,0x0
2026-03-04T11:25:15.302647,58.4,82.9,34.3,2400.033792,0.8431,0x0
2026-03-04T11:25:16.326467,59.5,79.9,34.4,2400.02048,0.8431,0x0
2026-03-04T11:25:17.355786,58.95,82.2,34.6,2400.027136,0.8431,0x0
2026-03-04T11:25:18.384769,58.4,84.1,34.8,2400.030464,0.8431,0x0
2026-03-04T11:25:19.412365,58.4,80.6,34.7,2400.030464,0.8431,0x0
2026-03-04T11:25:20.446100,58.4,80.8,34.8,2400.023808,0.8431,0x0
2026-03-04T11:25:21.477523,58.4,79.4,34.7,2400.030464,0.8431,0x0
2026-03-04T11:25:22.500698,59.5,82.1,34.6,2400.027136,0.8431,0x0
2026-03-04T11:25:23.535862,59.5,81.1,34.4,2400.03712,0.8431,0x0
2026-03-04T11:25:24.566142,58.95,80.3,34.6,2400.027136,0.8431,0x0
2026-03-04T11:25:25.589626,57.85,85.1,34.5,2400.03712,0.8431,0x0
2026-03-04T11:25:26.618020,58.4,82.9,34.6,2400.023808,0.8431,0x0
2026-03-04T11:25:27.646882,57.85,83.6,34.3,2400.030464,0.8431,0x0
2026-03-04T11:25:28.676169,58.95,81.1,34.4,2400.02048,0.8431,0x0
2026-03-04T11:25:29.698520,58.4,84.3,34.5,2400.023808,0.8431,0x0
2026-03-04T11:25:30.723180,58.4,85.3,34.4,2400.02048,0.8431,0x0
2026-03-04T11:25:31.752337,58.4,84.8,34.5,2400.02048,0.8431,0x0
2026-03-04T11:25:32.783422,58.95,83.5,34.5,2400.033792,0.8431,0x0
2026-03-04T11:25:33.807975,59.5,81.2,34.7,2400.027136,0.8431,0x0
2026-03-04T11:25:34.830053,59.5,79.9,34.4,2400.02048,0.8431,0x0
2026-03-04T11:25:35.858774,59.5,81.4,34.4,2400.023808,0.8431,0x0
2026-03-04T11:25:36.883853,57.85,84.2,34.5,2400.02048,0.8431,0x0
2026-03-04T11:25:37.904342,58.95,81.8,34.5,2400.030464,0.8431,0x0
2026-03-04T11:25:38.928702,58.4,80.1,34.3,2400.03712,0.8431,0x0
2026-03-04T11:25:39.951671,60.05,84.1,34.4,2400.027136,0.8431,0x0
2026-03-04T11:25:40.972573,59.5,81.3,34.3,2400.033792,0.8431,0x0
2026-03-04T11:25:42.021109,58.4,80.6,34.4,2400.023808,0.8431,0x0
2026-03-04T11:25:43.061450,59.5,87.1,34.5,2400.027136,0.8431,0x0
2026-03-04T11:25:44.085733,58.4,84.8,34.4,2400.030464,0.8431,0x0
2026-03-04T11:25:45.110057,58.95,86.1,34.4,2400.030464,0.8431,0x0
2026-03-04T11:25:46.150126,58.4,86.4,34.6,2400.027136,0.8431,0x0
2026-03-04T11:25:47.180416,57.85,87.3,34.6,2400.033792,0.8431,0x0
2026-03-04T11:25:48.204856,59.5,78.7,34.4,2400.030464,0.8431,0x0
2026-03-04T11:25:49.330366,57.85,81.2,34.3,2400.030464,0.8431,0x0
2026-03-04T11:25:50.349728,58.95,83.9,34.6,2400.027136,0.8431,0x0
2026-03-04T11:25:51.371782,58.95,80.3,34.5,2400.030464,0.8431,0x0
2026-03-04T11:25:52.392091,58.95,78.4,34.8,2400.02048,0.8431,0x0
2026-03-04T11:25:53.414299,58.4,82.0,34.8,2400.027136,0.8431,0x0
2026-03-04T11:25:54.436699,60.05,81.9,34.9,2400.033792,0.8431,0x0
2026-03-04T11:25:55.458012,58.4,81.5,34.9,2400.033792,0.8431,0x0
2026-03-04T11:25:56.487553,59.5,82.9,34.5,2400.033792,0.8431,0x0
2026-03-04T11:25:57.527975,58.95,81.5,34.7,2400.027136,0.8431,0x0
2026-03-04T11:25:58.551368,58.95,81.8,34.6,2400.033792,0.8431,0x0
2026-03-04T11:25:59.578474,58.95,87.0,34.4,2400.02048,0.8431,0x0
2026-03-04T11:26:00.609867,58.4,90.3,34.4,2400.023808,0.8431,0x0
2026-03-04T11:26:01.639265,58.95,87.2,34.2,2400.030464,0.8431,0x0
2026-03-04T11:26:02.662997,57.85,87.7,34.1,2400.023808,0.8431,0x0
2026-03-04T11:26:03.684430,58.4,88.2,34.4,2400.033792,0.8431,0x0
2026-03-04T11:26:04.710925,59.5,87.8,34.2,2400.02048,0.8431,0x0
2026-03-04T11:26:05.737060,59.5,87.7,34.2,2400.023808,0.8431,0x0
2026-03-04T11:26:06.761295,58.4,88.8,34.2,2400.030464,0.8431,0x0
2026-03-04T11:26:07.795518,58.4,87.0,34.1,2400.027136,0.8431,0x0
2026-03-04T11:26:08.821010,57.85,80.8,34.4,2400.027136,0.8431,0x0
2026-03-04T11:26:09.846404,58.95,81.0,34.3,2400.03712,0.8431,0x0
2026-03-04T11:26:10.870532,58.4,81.2,34.4,2400.030464,0.8431,0x0
2026-03-04T11:26:11.893369,59.5,81.1,34.3,2400.023808,0.8431,0x0
2026-03-04T11:26:12.930547,59.5,82.0,34.5,2400.023808,0.8431,0x0
2026-03-04T11:26:13.955717,58.4,81.7,34.4,2400.030464,0.8431,0x0
2026-03-04T11:26:14.976755,58.95,81.5,34.2,2400.02048,0.8431,0x0
2026-03-04T11:26:16.000418,60.6,79.4,34.1,2400.02048,0.8431,0x0
2026-03-04T11:26:17.023755,59.5,81.2,34.0,2400.02048,0.8431,0x0
2026-03-04T11:26:18.048142,60.05,81.2,34.0,2400.023808,0.8431,0x0
2026-03-04T11:26:19.072025,58.4,79.9,34.1,2400.033792,0.8431,0x0
2026-03-04T11:26:20.104253,60.05,86.9,34.2,2400.033792,0.8431,0x0
2026-03-04T11:26:21.156769,58.4,81.9,34.2,2400.030464,0.8431,0x0
2026-03-04T11:26:22.186107,58.95,84.0,34.4,2400.033792,0.8431,0x0
2026-03-04T11:26:23.216949,59.5,79.6,34.6,2400.02048,0.8431,0x0
2026-03-04T11:26:24.236756,59.5,80.4,34.6,2400.02048,0.8431,0x0
2026-03-04T11:26:25.268593,59.5,83.1,34.4,2400.023808,0.8431,0x0
2026-03-04T11:26:26.291718,58.4,86.6,34.5,2400.02048,0.8431,0x0
2026-03-04T11:26:27.328676,58.4,91.4,34.6,2400.02048,0.8431,0x0
2026-03-04T11:26:28.353412,57.85,84.5,34.6,2400.027136,0.8431,0x0
2026-03-04T11:26:29.377396,58.4,86.3,34.5,2400.023808,0.8431,0x0
2026-03-04T11:26:30.403911,59.5,86.7,34.7,2400.02048,0.8431,0x0
2026-03-04T11:26:31.436670,58.4,92.4,34.7,2400.033792,0.8431,0x0
2026-03-04T11:26:32.463993,58.4,94.6,35.0,2400.033792,0.8431,0x0
2026-03-04T11:26:33.491435,58.4,86.5,35.1,2400.030464,0.8431,0x0
2026-03-04T11:26:34.516381,57.85,86.4,35.1,2400.023808,0.8431,0x0
2026-03-04T11:26:35.541021,56.75,83.7,35.0,2400.033792,0.8431,0x0
2026-03-04T11:26:36.669439,58.4,85.1,35.2,2400.033792,0.8431,0x0
2026-03-04T11:26:37.693187,57.85,86.7,35.2,2400.033792,0.8431,0x0
2026-03-04T11:26:38.717522,57.3,84.3,35.0,2400.033792,0.8431,0x0
2026-03-04T11:26:39.741488,56.75,83.9,35.1,2400.030464,0.8431,0x0
2026-03-04T11:26:40.870149,57.3,85.6,35.4,2400.033792,0.8431,0x0
2026-03-04T11:26:41.914449,57.85,85.8,35.3,2400.030464,0.8431,0x0
2026-03-04T11:26:42.949088,58.4,87.1,35.3,2400.023808,0.8431,0x0
2026-03-04T11:26:43.979294,57.85,91.2,35.3,2400.03712,0.8431,0x0
2026-03-04T11:26:44.998800,59.5,84.4,35.4,2400.017408,0.8431,0x0
2026-03-04T11:26:46.036944,57.85,85.2,35.3,2400.030464,0.8431,0x0
2026-03-04T11:26:47.079032,58.4,84.2,35.5,2400.02048,0.8431,0x0
2026-03-04T11:26:48.110353,59.5,80.1,35.6,2400.030464,0.8431,0x0
2026-03-04T11:26:49.147717,57.85,81.5,35.4,2400.023808,0.8431,0x0
2026-03-04T11:26:50.176306,57.85,86.9,35.5,2400.02048,0.8431,0x0
2026-03-04T11:26:51.196994,58.95,81.4,35.3,2400.027136,0.8431,0x0
2026-03-04T11:26:52.223759,58.4,81.3,35.1,2400.023808,0.8431,0x0
2026-03-04T11:26:53.246346,57.3,81.8,34.8,2400.03712,0.8431,0x0
2026-03-04T11:26:54.268711,58.95,81.0,34.9,2400.023808,0.8431,0x0
2026-03-04T11:26:55.290788,58.95,81.4,35.1,2400.027136,0.8431,0x0
2026-03-04T11:26:56.313322,59.5,85.6,35.3,2400.027136,0.8431,0x0
2026-03-04T11:26:57.350852,58.4,84.4,35.7,2400.03712,0.8431,0x0
2026-03-04T11:26:58.373768,58.4,86.9,35.7,2400.02048,0.8431,0x0
2026-03-04T11:26:59.407557,57.85,93.7,35.2,2400.030464,0.8431,0x0
2026-03-04T11:27:00.437042,58.4,85.6,34.8,2400.030464,0.8431,0x0
2026-03-04T11:27:01.480127,58.4,84.8,34.9,2400.027136,0.8431,0x0
2026-03-04T11:27:02.517026,56.75,83.3,34.8,2400.033792,0.8431,0x0
2026-03-04T11:27:03.539305,57.85,82.0,34.7,2400.033792,0.8431,0x0
2026-03-04T11:27:04.558837,59.5,81.6,34.2,2400.023808,0.8431,0x0
2026-03-04T11:27:05.581948,58.4,80.6,34.2,2400.023808,0.8431,0x0
2026-03-04T11:27:06.607985,58.4,82.0,34.2,2400.027136,0.8431,0x0
2026-03-04T11:27:07.636728,58.4,80.5,34.3,2400.027136,0.8431,0x0
2026-03-04T11:27:08.671720,58.95,88.8,34.1,2400.023808,0.8431,0x0
2026-03-04T11:27:09.699551,59.5,80.4,34.1,2400.030464,0.8431,0x0
2026-03-04T11:27:10.728496,59.5,80.5,34.1,2400.02048,0.8431,0x0
2026-03-04T11:27:11.753052,58.4,84.0,34.0,2400.030464,0.8431,0x0
2026-03-04T11:27:12.780106,60.05,83.4,34.6,2400.027136,0.8431,0x0
2026-03-04T11:27:13.809882,58.95,80.7,34.6,2400.027136,0.8431,0x0
2026-03-04T11:27:14.835058,59.5,80.1,34.6,2400.02048,0.8431,0x0
2026-03-04T11:27:15.858947,58.4,84.0,34.7,2400.030464,0.8431,0x0
2026-03-04T11:27:16.881080,58.4,87.3,34.9,2400.02048,0.8431,0x0
2026-03-04T11:27:17.915829,58.4,84.3,34.9,2400.03712,0.8431,0x0
2026-03-04T11:27:18.936763,58.4,90.4,34.7,2400.033792,0.8431,0x0
2026-03-04T11:27:19.966508,58.4,86.5,34.8,2400.033792,0.8431,0x0
2026-03-04T11:27:20.993238,57.85,87.6,34.7,2400.033792,0.8431,0x0
2026-03-04T11:27:22.014651,57.85,83.0,34.6,2400.02048,0.8431,0x0
2026-03-04T11:27:23.042290,59.5,87.6,34.6,2400.033792,0.8431,0x0
2026-03-04T11:27:24.063904,58.4,78.3,34.5,2400.030464,0.8431,0x0
2026-03-04T11:27:25.088226,60.05,84.0,34.7,2400.027136,0.8431,0x0
2026-03-04T11:27:26.112197,60.05,80.5,34.8,2400.03712,0.8431,0x0
2026-03-04T11:27:27.132843,57.85,81.8,34.6,2400.033792,0.8431,0x0
2026-03-04T11:27:28.163548,58.4,79.8,34.6,2400.033792,0.8431,0x0
2026-03-04T11:27:29.182663,59.5,79.9,34.7,2400.023808,0.8431,0x0
2026-03-04T11:27:30.204354,58.95,79.1,34.4,2400.033792,0.8431,0x0
2026-03-04T11:27:31.224487,58.4,79.5,34.3,2400.023808,0.8431,0x0
2026-03-04T11:27:32.245524,59.5,81.9,34.3,2400.02048,0.8431,0x0
2026-03-04T11:27:33.270483,58.4,81.8,34.6,2400.027136,0.8431,0x0
2026-03-04T11:27:34.298884,58.4,81.9,34.4,2400.027136,0.8431,0x0
2026-03-04T11:27:35.351679,59.5,83.9,34.2,2400.023808,0.8431,0x0
2026-03-04T11:27:36.386978,58.4,84.7,34.5,2400.033792,0.8431,0x0
2026-03-04T11:27:37.412637,58.4,80.7,34.6,2400.027136,0.8431,0x0
2026-03-04T11:27:38.442892,60.05,80.6,34.5,2400.03712,0.8431,0x0
2026-03-04T11:27:39.472801,58.95,80.6,34.7,2400.02048,0.8431,0x0
2026-03-04T11:27:40.500801,59.5,81.5,34.5,2400.030464,0.8431,0x0
2026-03-04T11:27:41.523699,59.5,78.6,34.6,2400.027136,0.8431,0x0
2026-03-04T11:27:42.556998,58.95,80.5,34.6,2400.03712,0.8431,0x0
2026-03-04T11:27:43.579300,59.5,84.6,34.4,2400.030464,0.8431,0x0
2026-03-04T11:27:44.600273,57.85,80.4,34.6,2400.023808,0.8431,0x0
2026-03-04T11:27:45.621254,58.95,84.6,34.4,2400.03712,0.8431,0x0
2026-03-04T11:27:46.645363,57.85,85.6,34.5,2400.030464,0.8431,0x0
2026-03-04T11:27:47.685150,57.85,82.5,34.7,2400.02048,0.8431,0x0
2026-03-04T11:27:48.719204,58.95,85.3,34.7,2400.033792,0.8431,0x0
2026-03-04T11:27:49.742204,57.85,84.3,34.7,2400.027136,0.8431,0x0
2026-03-04T11:27:50.786116,57.3,84.8,34.7,2400.030464,0.8431,0x0
2026-03-04T11:27:51.810523,57.85,84.6,35.0,2400.02048,0.8431,0x0
2026-03-04T11:27:52.840679,58.4,83.7,34.8,2400.033792,0.8431,0x0
2026-03-04T11:27:53.868382,59.5,83.3,34.4,2400.017408,0.8431,0x0
2026-03-04T11:27:54.897317,58.95,80.8,34.2,2400.02048,0.8431,0x0
2026-03-04T11:27:55.919799,58.4,84.6,34.5,2400.030464,0.8431,0x0
2026-03-04T11:27:56.953678,56.75,85.9,34.4,2400.033792,0.8431,0x0
2026-03-04T11:27:57.976326,60.05,87.6,34.4,2400.027136,0.8431,0x0
2026-03-04T11:27:59.004390,58.4,79.5,34.3,2400.03712,0.8431,0x0
2026-03-04T11:28:00.028899,56.75,84.1,34.6,2400.023808,0.8431,0x0
2026-03-04T11:28:01.050522,58.4,86.4,34.7,2400.023808,0.8431,0x0
2026-03-04T11:28:02.069793,58.95,82.0,34.8,2400.030464,0.8431,0x0
2026-03-04T11:28:03.092556,58.4,83.6,34.7,2400.027136,0.8431,0x0
2026-03-04T11:28:04.123003,57.85,84.1,34.5,2400.03712,0.8431,0x0
2026-03-04T11:28:05.145985,59.5,83.4,34.7,2400.027136,0.8431,0x0
2026-03-04T11:28:06.173157,58.4,86.8,34.4,2400.03712,0.8431,0x0
2026-03-04T11:28:07.200788,58.95,84.4,34.4,2400.023808,0.8431,0x0
2026-03-04T11:28:08.222094,59.5,83.6,34.4,2400.023808,0.8431,0x0
2026-03-04T11:28:09.243094,58.4,82.0,34.7,2400.030464,0.8431,0x0
2026-03-04T11:28:10.264883,59.5,80.8,34.6,2400.027136,0.8431,0x0
2026-03-04T11:28:11.291887,59.5,80.4,34.6,2400.030464,0.8431,0x0
2026-03-04T11:28:12.312504,57.85,81.3,34.5,2400.02048,0.8431,0x0
2026-03-04T11:28:13.344103,60.05,81.1,34.5,2400.027136,0.8431,0x0
2026-03-04T11:28:14.365450,59.5,80.8,34.6,2400.02048,0.8431,0x0
2026-03-04T11:28:15.393339,57.3,92.1,34.7,2400.023808,0.8431,0x0
2026-03-04T11:28:16.423832,58.4,92.1,35.0,2400.02048,0.8431,0x0
2026-03-04T11:28:17.497619,58.95,88.4,35.2,2400.030464,0.8431,0x0
2026-03-04T11:28:18.541054,58.95,85.9,35.2,2400.033792,0.8431,0x0
2026-03-04T11:28:19.566884,57.3,86.9,35.5,2400.02048,0.8431,0x0
2026-03-04T11:28:20.593783,58.95,95.6,35.6,2400.02048,0.8431,0x0
2026-03-04T11:28:21.618027,58.95,86.8,36.1,2400.023808,0.8431,0x0
2026-03-04T11:28:22.641887,59.5,87.3,36.1,2400.030464,0.8431,0x0
2026-03-04T11:28:23.661928,57.85,88.1,35.8,2400.023808,0.8431,0x0
2026-03-04T11:28:24.692364,58.4,89.1,35.7,2400.033792,0.8431,0x0
2026-03-04T11:28:25.711264,58.4,83.1,35.6,2400.033792,0.8431,0x0
2026-03-04T11:28:26.734680,58.4,86.9,35.5,2400.023808,0.8431,0x0
2026-03-04T11:28:27.766476,58.95,87.1,35.6,2400.03712,0.8431,0x0
2026-03-04T11:28:28.796171,56.2,80.6,36.1,2400.02048,0.8431,0x0
2026-03-04T11:28:29.924052,60.05,83.8,36.6,2400.030464,0.8431,0x0
2026-03-04T11:28:30.948295,58.4,80.3,36.7,2400.033792,0.8431,0x0
2026-03-04T11:28:31.969262,58.4,81.0,36.5,2400.033792,0.8431,0x0
2026-03-04T11:28:32.993790,58.4,82.3,36.4,2400.033792,0.8431,0x0
2026-03-04T11:28:34.013947,57.85,79.2,36.3,2400.02048,0.8431,0x0
2026-03-04T11:28:35.037245,58.4,81.2,36.3,2400.027136,0.8431,0x0
2026-03-04T11:28:36.054873,57.85,85.2,36.5,2400.03712,0.8431,0x0
2026-03-04T11:28:37.078554,59.5,82.6,36.6,2400.02048,0.8431,0x0
2026-03-04T11:28:38.105050,59.5,81.5,36.3,2400.023808,0.8431,0x0
2026-03-04T11:28:39.133026,58.4,80.3,36.5,2400.03712,0.8431,0x0
2026-03-04T11:28:40.166141,60.05,81.1,36.8,2400.02048,0.8431,0x0
2026-03-04T11:28:41.185565,59.5,82.9,36.8,2400.033792,0.8431,0x0
2026-03-04T11:28:42.208136,57.85,80.4,37.0,2400.027136,0.8431,0x0
2026-03-04T11:28:43.227930,60.05,78.0,36.9,2400.02048,0.8431,0x0
2026-03-04T11:28:44.250942,60.05,82.8,36.8,2400.033792,0.8431,0x0
2026-03-04T11:28:45.280671,58.4,83.3,36.6,2400.023808,0.8431,0x0
2026-03-04T11:28:46.312796,57.85,80.9,36.5,2400.023808,0.8431,0x0
2026-03-04T11:28:47.334424,57.85,80.1,36.4,2400.023808,0.8431,0x0
2026-03-04T11:28:48.369182,58.4,82.7,36.3,2400.030464,0.8431,0x0
2026-03-04T11:28:49.398539,57.85,84.1,36.4,2400.027136,0.8431,0x0
2026-03-04T11:28:50.428698,58.4,83.5,36.4,2400.033792,0.8431,0x0
2026-03-04T11:28:51.455203,58.4,81.6,36.5,2400.027136,0.8431,0x0
2026-03-04T11:28:52.485233,58.95,81.1,36.7,2400.023808,0.8431,0x0
2026-03-04T11:28:53.510355,58.4,81.8,36.7,2400.033792,0.8431,0x0
2026-03-04T11:28:54.623310,57.85,83.2,36.9,2400.02048,0.8431,0x0
2026-03-04T11:28:55.661191,58.95,81.5,36.9,2400.033792,0.8431,0x0
2026-03-04T11:28:56.688664,58.4,79.9,37.0,2400.033792,0.8431,0x0
2026-03-04T11:28:57.708311,57.85,81.3,37.1,2400.033792,0.8431,0x0
2026-03-04T11:28:58.731455,58.4,83.9,37.0,2400.027136,0.8431,0x0
2026-03-04T11:28:59.757056,58.4,81.0,36.8,2400.033792,0.8431,0x0
2026-03-04T11:29:00.778929,56.75,81.2,36.7,2400.027136,0.8431,0x0
2026-03-04T11:29:01.800510,58.95,82.1,36.8,2400.033792,0.8431,0x0
2026-03-04T11:29:02.824158,58.4,81.6,36.9,2400.017408,0.8431,0x0
2026-03-04T11:29:03.855394,59.5,80.9,36.7,2400.027136,0.8431,0x0
2026-03-04T11:29:04.889513,57.85,83.1,36.8,2400.02048,0.8431,0x0
2026-03-04T11:29:05.933947,59.5,81.7,36.8,2400.02048,0.8431,0x0
2026-03-04T11:29:06.965339,57.85,83.6,36.6,2400.033792,0.8431,0x0
2026-03-04T11:29:07.985279,59.5,82.6,36.7,2400.027136,0.8431,0x0
2026-03-04T11:29:09.024360,57.85,82.8,36.4,2400.033792,0.8431,0x0
2026-03-04T11:29:10.055902,58.4,83.8,36.7,2400.027136,0.8431,0x0
2026-03-04T11:29:11.075082,57.85,79.2,36.5,2400.02048,0.8431,0x0
2026-03-04T11:29:12.108584,57.85,84.0,37.0,2400.03712,0.8431,0x0
2026-03-04T11:29:13.138418,58.95,90.4,37.2,2400.030464,0.8431,0x0
2026-03-04T11:29:14.261806,57.85,85.9,37.5,2400.023808,0.8431,0x0
2026-03-04T11:29:15.288047,58.95,87.1,37.3,2400.023808,0.8431,0x0
2026-03-04T11:29:16.317781,57.85,85.8,37.4,2400.027136,0.8431,0x0
2026-03-04T11:29:17.341164,57.85,82.2,37.1,2400.033792,0.8431,0x0
2026-03-04T11:29:18.361785,57.3,79.9,36.9,2400.030464,0.8431,0x0
2026-03-04T11:29:19.391715,58.4,80.2,36.9,2400.023808,0.8431,0x0
2026-03-04T11:29:20.419303,57.85,81.3,37.1,2400.030464,0.8431,0x0
2026-03-04T11:29:21.547292,58.4,80.3,37.2,2400.027136,0.8431,0x0
2026-03-04T11:29:22.566982,57.85,84.0,37.1,2400.030464,0.8431,0x0
2026-03-04T11:29:23.592778,58.95,82.9,37.1,2400.030464,0.8431,0x0
2026-03-04T11:29:24.720065,56.75,80.5,37.0,2400.027136,0.8431,0x0
2026-03-04T11:29:25.743201,58.95,80.2,37.0,2400.02048,0.8431,0x0
2026-03-04T11:29:26.764886,57.85,81.0,36.9,2400.023808,0.8431,0x0
2026-03-04T11:29:27.790179,58.4,80.7,36.8,2400.02048,0.8431,0x0
2026-03-04T11:29:28.820970,58.95,81.5,36.6,2400.033792,0.8431,0x0
2026-03-04T11:29:29.842241,58.95,83.3,36.9,2400.02048,0.8431,0x0
2026-03-04T11:29:30.867730,57.85,81.3,36.9,2400.023808,0.8431,0x0
2026-03-04T11:29:31.889072,57.85,89.6,36.9,2400.030464,0.8431,0x0
2026-03-04T11:29:32.912197,57.85,80.2,37.1,2400.02048,0.8431,0x0
2026-03-04T11:29:33.941338,57.3,81.2,37.2,2400.02048,0.8431,0x0
2026-03-04T11:29:34.967176,57.85,80.7,37.2,2400.023808,0.8431,0x0
2026-03-04T11:29:35.993270,59.5,82.1,37.0,2400.033792,0.8431,0x0
2026-03-04T11:29:37.028519,57.3,82.5,37.1,2400.033792,0.8431,0x0
2026-03-04T11:29:38.069684,58.4,79.7,37.2,2400.033792,0.8431,0x0
2026-03-04T11:29:39.088635,57.85,80.8,36.4,2400.027136,0.8431,0x0
2026-03-04T11:29:40.108847,57.85,82.3,36.4,2400.033792,0.8431,0x0
2026-03-04T11:29:41.126842,58.95,82.1,36.3,2400.033792,0.8431,0x0
2026-03-04T11:29:42.150123,57.85,82.5,36.4,2400.02048,0.8431,0x0
2026-03-04T11:29:43.171329,57.85,81.2,36.7,2400.02048,0.8431,0x0
2026-03-04T11:29:44.217736,59.5,86.3,36.7,2400.027136,0.8431,0x0
2026-03-04T11:29:45.257240,58.95,81.3,36.6,2400.02048,0.8431,0x0
2026-03-04T11:29:46.279802,57.3,85.2,36.6,2400.03712,0.8431,0x0
2026-03-04T11:29:47.318892,57.85,86.2,36.9,2400.027136,0.8431,0x0
2026-03-04T11:29:48.349588,57.85,86.3,37.4,2400.030464,0.8431,0x0
2026-03-04T11:29:49.380277,58.4,82.8,37.4,2400.023808,0.8431,0x0
2026-03-04T11:29:50.402916,58.4,82.0,37.4,2400.03712,0.8431,0x0
2026-03-04T11:29:51.422660,58.4,90.8,37.1,2400.033792,0.8431,0x0
2026-03-04T11:29:52.450750,58.95,80.2,37.2,2400.033792,0.8431,0x0
2026-03-04T11:29:53.482843,58.4,82.3,36.9,2400.023808,0.8431,0x0
2026-03-04T11:29:54.511481,59.5,84.3,37.0,2400.02048,0.8431,0x0
2026-03-04T11:29:55.536878,57.3,84.6,36.9,2400.02048,0.8431,0x0
2026-03-04T11:29:56.560138,59.5,82.6,37.0,2400.027136,0.8431,0x0
2026-03-04T11:29:57.582541,57.85,82.3,36.9,2400.027136,0.8431,0x0
2026-03-04T11:29:58.616663,58.95,79.9,36.8,2400.027136,0.8431,0x0
2026-03-04T11:29:59.644253,58.4,80.8,36.7,2400.033792,0.8431,0x0
2026-03-04T11:30:00.673222,58.95,81.2,36.7,2400.023808,0.8431,0x0
2026-03-04T11:30:01.700962,57.85,82.2,37.0,2400.023808,0.8431,0x0
2026-03-04T11:30:02.722716,58.4,84.4,37.1,2400.027136,0.8431,0x0
2026-03-04T11:30:03.769502,59.5,87.2,36.5,2400.023808,0.8431,0x0
2026-03-04T11:30:04.793561,58.4,86.2,36.6,2400.027136,0.8431,0x0
2026-03-04T11:30:05.816676,57.85,83.5,36.5,2400.027136,0.8431,0x0
2026-03-04T11:30:06.839684,59.5,80.6,36.6,2400.030464,0.8431,0x0
2026-03-04T11:30:07.865182,57.85,83.3,36.6,2400.02048,0.8431,0x0
2026-03-04T11:30:08.897838,59.5,79.6,36.7,2400.030464,0.8431,0x0
2026-03-04T11:30:09.922340,58.95,84.6,36.8,2400.023808,0.8431,0x0
2026-03-04T11:30:10.945383,57.3,81.1,36.6,2400.02048,0.8431,0x0
2026-03-04T11:30:11.980036,57.85,79.9,36.5,2400.027136,0.8431,0x0
2026-03-04T11:30:13.005638,58.95,81.3,36.3,2400.033792,0.8431,0x0
2026-03-04T11:30:14.034614,59.5,80.8,36.3,2400.027136,0.8431,0x0
2026-03-04T11:30:15.071190,57.85,83.3,36.0,2400.02048,0.8431,0x0
2026-03-04T11:30:16.095844,59.5,81.6,35.9,2400.030464,0.8431,0x0
2026-03-04T11:30:17.128705,58.4,81.0,36.0,2400.030464,0.8431,0x0
2026-03-04T11:30:18.154732,57.3,80.5,35.8,2400.02048,0.8431,0x0
2026-03-04T11:30:19.173191,57.3,85.1,35.7,2400.02048,0.8431,0x0
2026-03-04T11:30:20.196150,60.05,82.2,35.7,2400.027136,0.8431,0x0
2026-03-04T11:30:21.216784,57.85,81.2,35.8,2400.017408,0.8431,0x0
2026-03-04T11:30:22.242327,58.4,80.5,36.0,2400.027136,0.8431,0x0
2026-03-04T11:30:23.266049,58.95,82.3,35.8,2400.030464,0.8431,0x0
2026-03-04T11:30:24.290921,57.85,82.0,36.1,2400.02048,0.8431,0x0
2026-03-04T11:30:25.320076,60.05,83.1,36.0,2400.033792,0.8431,0x0
2026-03-04T11:30:26.444650,57.3,86.1,35.8,2400.023808,0.8431,0x0
2026-03-04T11:30:27.477500,58.4,85.1,35.6,2400.023808,0.8431,0x0
2026-03-04T11:30:28.608005,60.05,85.7,35.8,2400.023808,0.8431,0x0
2026-03-04T11:30:29.640012,58.95,85.4,36.0,2400.027136,0.8431,0x0
2026-03-04T11:30:30.662314,57.85,80.0,36.0,2400.02048,0.8431,0x0
2026-03-04T11:30:31.687148,58.95,84.7,35.8,2400.023808,0.8431,0x0
2026-03-04T11:30:32.717495,57.85,91.6,36.0,2400.027136,0.8431,0x0
2026-03-04T11:30:33.745804,57.85,92.2,36.1,2400.033792,0.8431,0x0
2026-03-04T11:30:34.877555,56.75,84.1,36.4,2400.033792,0.8431,0x0
2026-03-04T11:30:35.903223,58.4,86.5,36.5,2400.027136,0.8431,0x0
2026-03-04T11:30:36.923818,57.85,81.5,36.6,2400.027136,0.8431,0x0
2026-03-04T11:30:37.954612,59.5,84.6,36.4,2400.023808,0.8431,0x0
2026-03-04T11:30:38.985273,59.5,82.5,36.3,2400.023808,0.8431,0x0
2026-03-04T11:30:40.020886,56.75,85.2,36.0,2400.027136,0.8431,0x0
2026-03-04T11:30:41.043075,57.85,80.0,36.2,2400.023808,0.8431,0x0
2026-03-04T11:30:42.068290,57.85,81.2,36.3,2400.030464,0.8431,0x0
2026-03-04T11:30:43.100972,58.4,88.3,36.5,2400.023808,0.8431,0x0
2026-03-04T11:30:44.120103,57.3,81.3,36.6,2400.033792,0.8431,0x0
2026-03-04T11:30:45.157354,57.85,83.2,36.6,2400.030464,0.8431,0x0
2026-03-04T11:30:46.178796,57.3,83.2,36.7,2400.030464,0.8431,0x0
2026-03-04T11:30:47.216221,59.5,84.2,36.6,2400.027136,0.8431,0x0
2026-03-04T11:30:48.236728,58.4,79.5,36.5,2400.023808,0.8431,0x0
2026-03-04T11:30:49.259543,58.95,87.6,36.7,2400.02048,0.8431,0x0
2026-03-04T11:30:50.386616,57.85,82.3,36.5,2400.030464,0.8431,0x0
2026-03-04T11:30:51.407062,57.85,81.4,36.6,2400.033792,0.8431,0x0
2026-03-04T11:30:52.435895,58.95,84.5,36.6,2400.023808,0.8431,0x0
2026-03-04T11:30:53.454922,58.95,85.2,36.9,2400.017408,0.8431,0x0
2026-03-04T11:30:54.477313,59.5,84.2,36.7,2400.027136,0.8431,0x0
2026-03-04T11:30:55.503447,57.85,84.6,36.8,2400.027136,0.8431,0x0
2026-03-04T11:30:56.536938,59.5,83.3,36.8,2400.030464,0.8431,0x0
2026-03-04T11:30:57.556675,57.85,82.8,36.7,2400.023808,0.8431,0x0
2026-03-04T11:30:58.581163,58.95,81.2,36.6,2400.02048,0.8431,0x0
2026-03-04T11:30:59.603487,58.4,83.3,36.5,2400.023808,0.8431,0x0
2026-03-04T11:31:00.626476,58.95,83.9,36.8,2400.033792,0.8431,0x0
2026-03-04T11:31:01.647266,57.85,81.8,36.8,2400.02048,0.8431,0x0
2026-03-04T11:31:02.674746,58.95,79.3,36.5,2400.023808,0.8431,0x0
2026-03-04T11:31:03.710144,57.85,81.1,36.6,2400.027136,0.8431,0x0
2026-03-04T11:31:04.735130,58.95,79.2,36.5,2400.02048,0.8431,0x0
2026-03-04T11:31:05.759086,57.85,82.6,36.7,2400.030464,0.8431,0x0
2026-03-04T11:31:06.793553,57.85,88.6,36.6,2400.033792,0.8431,0x0
2026-03-04T11:31:07.819445,58.4,91.5,36.6,2400.02048,0.8431,0x0
2026-03-04T11:31:08.845673,60.05,88.6,36.7,2400.02048,0.8431,0x0
2026-03-04T11:31:09.883306,58.4,87.7,36.8,2400.027136,0.8431,0x0
2026-03-04T11:31:10.910631,57.85,84.5,36.6,2400.023808,0.8431,0x0
2026-03-04T11:31:11.936840,58.4,89.6,36.5,2400.03712,0.8431,0x0
2026-03-04T11:31:12.958038,58.4,82.8,36.3,2400.02048,0.8431,0x0
2026-03-04T11:31:13.986430,57.85,81.6,36.3,2400.027136,0.8431,0x0
2026-03-04T11:31:15.083108,57.85,80.0,36.4,2400.023808,0.8431,0x0
2026-03-04T11:31:16.119320,58.4,81.6,36.7,2400.023808,0.8431,0x0
2026-03-04T11:31:17.144118,58.4,83.1,36.7,2400.030464,0.8431,0x0
2026-03-04T11:31:18.169536,57.85,88.3,36.6,2400.027136,0.8431,0x0
2026-03-04T11:31:19.197789,57.85,89.4,36.4,2400.030464,0.8431,0x0
2026-03-04T11:31:20.223748,57.85,80.6,36.7,2400.030464,0.8431,0x0
2026-03-04T11:31:21.351328,56.75,81.6,36.5,2400.03712,0.8431,0x0
2026-03-04T11:31:22.393394,58.95,81.3,36.5,2400.027136,0.8431,0x0
2026-03-04T11:31:23.420541,57.85,82.1,36.5,2400.027136,0.8431,0x0
2026-03-04T11:31:24.446046,57.85,83.0,36.4,2400.02048,0.8431,0x0
2026-03-04T11:31:25.485758,57.85,81.9,36.6,2400.023808,0.8431,0x0
2026-03-04T11:31:26.516414,58.4,89.4,36.7,2400.02048,0.8431,0x0
2026-03-04T11:31:27.556701,58.95,80.2,37.1,2400.023808,0.8431,0x0
2026-03-04T11:31:28.580783,57.85,84.7,37.2,2400.017408,0.8431,0x0
2026-03-04T11:31:29.610560,58.4,81.0,36.9,2400.02048,0.8431,0x0
2026-03-04T11:31:30.643528,58.4,81.8,37.2,2400.030464,0.8431,0x0
2026-03-04T11:31:31.670480,58.4,88.2,36.9,2400.017408,0.8431,0x0
2026-03-04T11:31:32.693717,57.85,80.8,36.4,2400.033792,0.8431,0x0
2026-03-04T11:31:33.721471,58.4,81.9,36.3,2400.023808,0.8431,0x0
2026-03-04T11:31:34.848959,59.5,86.7,36.6,2400.023808,0.8431,0x0
2026-03-04T11:31:35.900683,57.85,84.0,36.8,2400.02048,0.8431,0x0
2026-03-04T11:31:36.925413,57.85,81.0,36.6,2400.030464,0.8431,0x0
2026-03-04T11:31:37.955469,57.85,80.5,36.2,2400.02048,0.8431,0x0
2026-03-04T11:31:38.978010,57.3,81.1,36.2,2400.023808,0.8431,0x0
2026-03-04T11:31:39.996089,57.85,81.7,36.2,2400.023808,0.8431,0x0
2026-03-04T11:31:41.016124,57.85,81.2,36.4,2400.027136,0.8431,0x0
2026-03-04T11:31:42.038946,58.95,80.4,36.4,2400.023808,0.8431,0x0
2026-03-04T11:31:43.059660,59.5,80.7,36.2,2400.033792,0.8431,0x0
2026-03-04T11:31:44.081289,58.4,86.4,36.1,2400.030464,0.8431,0x0
2026-03-04T11:31:45.112021,57.85,82.5,35.8,2400.023808,0.8431,0x0
2026-03-04T11:31:46.134605,57.85,79.1,35.9,2400.030464,0.8431,0x0
2026-03-04T11:31:47.154732,59.5,84.2,35.8,2400.02048,0.8431,0x0
2026-03-04T11:31:48.280474,58.95,83.0,35.5,2400.033792,0.8431,0x0
2026-03-04T11:31:49.310283,58.4,85.6,35.6,2400.03712,0.8431,0x0
2026-03-04T11:31:50.334297,57.85,82.3,35.6,2400.030464,0.8431,0x0
2026-03-04T11:31:51.359798,57.3,81.8,35.5,2400.027136,0.8431,0x0
2026-03-04T11:31:52.382873,58.4,82.7,35.2,2400.017408,0.8431,0x0
2026-03-04T11:31:53.409158,57.85,83.6,35.2,2400.03712,0.8431,0x0
2026-03-04T11:31:54.432045,57.85,83.8,35.2,2400.023808,0.8431,0x0
2026-03-04T11:31:55.456680,56.75,80.8,35.6,2400.023808,0.8431,0x0
2026-03-04T11:31:56.483449,57.85,80.3,36.0,2400.027136,0.8431,0x0
2026-03-04T11:31:57.509541,59.5,82.4,35.8,2400.030464,0.8431,0x0
2026-03-04T11:31:58.535388,58.95,80.4,35.9,2400.033792,0.8431,0x0
2026-03-04T11:31:59.557292,57.85,77.6,35.9,2400.027136,0.8431,0x0
2026-03-04T11:32:00.592394,57.85,85.6,35.7,2400.02048,0.8431,0x0
2026-03-04T11:32:01.622757,58.4,80.4,35.6,2400.027136,0.8431,0x0
2026-03-04T11:32:02.647249,58.4,79.7,35.8,2400.033792,0.8431,0x0
2026-03-04T11:32:03.689450,59.5,81.2,35.7,2400.030464,0.8431,0x0
