[2026-03-02 18:47:45.430] [4554] [HailoRT] [info] [device.cpp:51] [Device] OS Version: Linux 6.12.62+rpt-rpi-2712 #1 SMP PREEMPT Debian 1:6.12.62-1+rpt1 (2025-12-18) aarch64
[2026-03-02 18:47:45.431] [4554] [HailoRT] [info] [control.cpp:113] [control__parse_identify_results] firmware_version is: 4.23.0
[2026-03-02 18:47:45.431] [4554] [HailoRT] [info] [control.cpp:113] [control__parse_identify_results] firmware_version is: 4.23.0
[2026-03-02 19:27:32.643] [5475] [HailoRT] [info] [vdevice.cpp:535] [create] Creating vdevice with params: device_count: 1, scheduling_algorithm: NONE, multi_process_service: false
[2026-03-02 19:27:32.656] [5475] [HailoRT] [info] [device.cpp:51] [Device] OS Version: Linux 6.12.62+rpt-rpi-2712 #1 SMP PREEMPT Debian 1:6.12.62-1+rpt1 (2025-12-18) aarch64
[2026-03-02 19:27:32.656] [5475] [HailoRT] [info] [control.cpp:113] [control__parse_identify_results] firmware_version is: 4.23.0
[2026-03-02 19:27:32.656] [5475] [HailoRT] [info] [vdevice.cpp:682] [create] VDevice Infos: 0001:01:00.0
[2026-03-02 19:27:32.673] [5475] [HailoRT] [info] [internal_buffer_manager.cpp:77] [print_execution_results] Planned internal buffer memory: CMA=0 CMA-Desc=327680 Pinned=1180160. memory to edge layer usage factor is 1
[2026-03-02 19:27:32.673] [5475] [HailoRT] [info] [internal_buffer_manager.cpp:86] [print_execution_results] Default Internal buffer planner executed successfully
[2026-03-02 19:27:32.727] [5475] [HailoRT] [info] [device_internal.cpp:57] [configure] Configuring HEF took 70.093401 milliseconds
[2026-03-02 19:27:32.727] [5475] [HailoRT] [info] [vdevice.cpp:780] [configure] Configuring HEF on VDevice took 70.932302 milliseconds
[2026-03-02 19:27:32.728] [5475] [HailoRT] [info] [control.cpp:113] [control__parse_identify_results] firmware_version is: 4.23.0
[2026-03-02 19:27:32.728] [5475] [HailoRT] [info] [control.cpp:113] [control__parse_identify_results] firmware_version is: 4.23.0
[2026-03-02 19:27:32.729] [5475] [HailoRT] [info] [core_op.cpp:156] [activate] Activating yolov11n took 0.744182 milliseconds. Note that the function is asynchronous and thus the network is not fully activated yet.
[2026-03-02 19:27:32.729] [5475] [HailoRT] [info] [core_op.cpp:156] [activate] Activating yolov11n took 0.767607 milliseconds. Note that the function is asynchronous and thus the network is not fully activated yet.
[2026-03-02 19:27:32.750] [5475] [HailoRT] [info] [control.cpp:113] [control__parse_identify_results] firmware_version is: 4.23.0
[2026-03-02 19:27:32.751] [5475] [HailoRT] [info] [control.cpp:113] [control__parse_identify_results] firmware_version is: 4.23.0
[2026-03-02 19:27:47.752] [5488] [HailoRT] [info] [vdevice_native_stream.cpp:331] [read_impl] Failed read from stream HAILO_STREAM_ABORT(63) (device: 0001:01:00.0)
[2026-03-02 19:27:47.752] [5489] [HailoRT] [info] [vdevice_native_stream.cpp:142] [write_impl] Failed write to stream yolov11n/input_layer1 (device: 0001:01:00.0) with status=HAILO_STREAM_ABORT(63)
[2026-03-02 19:27:47.752] [5486] [HailoRT] [info] [vdevice_native_stream.cpp:331] [read_impl] Failed read from stream HAILO_STREAM_ABORT(63) (device: 0001:01:00.0)
[2026-03-02 19:27:47.752] [5485] [HailoRT] [info] [vdevice_native_stream.cpp:331] [read_impl] Failed read from stream HAILO_STREAM_ABORT(63) (device: 0001:01:00.0)
[2026-03-02 19:27:47.752] [5484] [HailoRT] [info] [vdevice_native_stream.cpp:331] [read_impl] Failed read from stream HAILO_STREAM_ABORT(63) (device: 0001:01:00.0)
[2026-03-02 19:27:47.752] [5487] [HailoRT] [info] [vdevice_native_stream.cpp:331] [read_impl] Failed read from stream HAILO_STREAM_ABORT(63) (device: 0001:01:00.0)
[2026-03-02 19:27:47.752] [5483] [HailoRT] [info] [vdevice_native_stream.cpp:331] [read_impl] Failed read from stream HAILO_STREAM_ABORT(63) (device: 0001:01:00.0)
[2026-03-02 19:27:47.784] [5475] [HailoRT] [info] [core_op.cpp:186] [deactivate] Deactivating took 0.006777 ms
[2026-03-02 19:27:47.784] [5475] [HailoRT] [info] [core_op.cpp:186] [deactivate] Deactivating took 0.029036 ms
[2026-03-02 19:27:47.839] [5475] [HailoRT] [info] [vdevice.cpp:535] [create] Creating vdevice with params: device_count: 1, scheduling_algorithm: NONE, multi_process_service: false
[2026-03-02 19:27:47.849] [5475] [HailoRT] [info] [device.cpp:51] [Device] OS Version: Linux 6.12.62+rpt-rpi-2712 #1 SMP PREEMPT Debian 1:6.12.62-1+rpt1 (2025-12-18) aarch64
[2026-03-02 19:27:47.849] [5475] [HailoRT] [info] [control.cpp:113] [control__parse_identify_results] firmware_version is: 4.23.0
[2026-03-02 19:27:47.850] [5475] [HailoRT] [info] [vdevice.cpp:682] [create] VDevice Infos: 0001:01:00.0
[2026-03-02 19:27:47.855] [5475] [HailoRT] [info] [internal_buffer_manager.cpp:77] [print_execution_results] Planned internal buffer memory: CMA=0 CMA-Desc=327680 Pinned=1180160. memory to edge layer usage factor is 1
[2026-03-02 19:27:47.855] [5475] [HailoRT] [info] [internal_buffer_manager.cpp:86] [print_execution_results] Default Internal buffer planner executed successfully
[2026-03-02 19:27:47.882] [5475] [HailoRT] [info] [device_internal.cpp:57] [configure] Configuring HEF took 32.550948 milliseconds
[2026-03-02 19:27:47.882] [5475] [HailoRT] [info] [vdevice.cpp:780] [configure] Configuring HEF on VDevice took 32.869532 milliseconds
[2026-03-02 19:27:47.883] [5475] [HailoRT] [info] [control.cpp:113] [control__parse_identify_results] firmware_version is: 4.23.0
[2026-03-02 19:27:47.883] [5475] [HailoRT] [info] [control.cpp:113] [control__parse_identify_results] firmware_version is: 4.23.0
[2026-03-02 19:27:47.884] [5475] [HailoRT] [info] [core_op.cpp:156] [activate] Activating yolov11n took 0.664907 milliseconds. Note that the function is asynchronous and thus the network is not fully activated yet.
[2026-03-02 19:27:47.884] [5475] [HailoRT] [info] [core_op.cpp:156] [activate] Activating yolov11n took 0.672277 milliseconds. Note that the function is asynchronous and thus the network is not fully activated yet.
[2026-03-02 19:27:47.897] [5475] [HailoRT] [info] [control.cpp:113] [control__parse_identify_results] firmware_version is: 4.23.0
[2026-03-02 19:27:47.897] [5475] [HailoRT] [info] [control.cpp:113] [control__parse_identify_results] firmware_version is: 4.23.0
[2026-03-02 19:27:47.897] [5475] [HailoRT] [info] [edge_elements.cpp:52] [create] Created (HwWriteEl8yolov11n/input_layer1 | hw_frame_size: 1228800)
[2026-03-02 19:27:47.899] [5475] [HailoRT] [info] [queue_elements.cpp:284] [create] Created (PushQEl8yolov11n/input_layer1 | timeout: 10s)
[2026-03-02 19:27:47.899] [5475] [HailoRT] [info] [filter_elements.cpp:101] [create] Created (PreInferEl8yolov11n/input_layer1 | Reorder - src_order: NHWC, src_shape: (640, 640, 3), dst_order: NHCW, dst_shape: (640, 640, 3))
[2026-03-02 19:27:47.899] [5475] [HailoRT] [info] [vstream.cpp:754] [InputVStreamImpl] Creating yolov11n/input_layer1...
[2026-03-02 19:27:47.899] [5475] [HailoRT] [info] [vstream_builder.cpp:102] [create_inputs] Input pipeline 'yolov11n/input_layer1': (PreInferEl8yolov11n/input_layer1 | Reorder - src_order: NHWC, src_shape: (640, 640, 3), dst_order: NHCW, dst_shape: (640, 640, 3)) >> (PushQEl8yolov11n/input_layer1 | timeout: 10s) >> (HwWriteEl8yolov11n/input_layer1 | hw_frame_size: 1228800) >> HW
[2026-03-02 19:27:47.899] [5475] [HailoRT] [info] [multi_io_elements.cpp:135] [create] Created (NmsPPMuxEl0YOLOV8-Post-Process | Op YOLOV8, Name: YOLOV8-Post-Process, Score threshold: 0.200, IoU threshold: 0.70, Classes: 80, Max bboxes per class: 100, Image height: 640, Image width: 640)
[2026-03-02 19:27:47.899] [5475] [HailoRT] [info] [edge_elements.cpp:287] [create] Created (HwReadEl3yolov11n/conv51_143 | hw_frame_size: 409600)
[2026-03-02 19:27:47.899] [5475] [HailoRT] [info] [queue_elements.cpp:657] [create] Created (PullQEl_nms3yolov11n/conv51_143 | timeout: 10s)
[2026-03-02 19:27:47.899] [5475] [HailoRT] [info] [edge_elements.cpp:287] [create] Created (HwReadEl12yolov11n/conv54_143 | hw_frame_size: 512000)
[2026-03-02 19:27:47.899] [5475] [HailoRT] [info] [queue_elements.cpp:657] [create] Created (PullQEl_nms12yolov11n/conv54_143 | timeout: 10s)
[2026-03-02 19:27:47.899] [5475] [HailoRT] [info] [edge_elements.cpp:287] [create] Created (HwReadEl15yolov11n/conv62_143 | hw_frame_size: 102400)
[2026-03-02 19:27:47.899] [5475] [HailoRT] [info] [queue_elements.cpp:657] [create] Created (PullQEl_nms15yolov11n/conv62_143 | timeout: 10s)
[2026-03-02 19:27:47.899] [5475] [HailoRT] [info] [edge_elements.cpp:287] [create] Created (HwReadEl13yolov11n/conv65_143 | hw_frame_size: 128000)
[2026-03-02 19:27:47.899] [5475] [HailoRT] [info] [queue_elements.cpp:657] [create] Created (PullQEl_nms13yolov11n/conv65_143 | timeout: 10s)
[2026-03-02 19:27:47.899] [5475] [HailoRT] [info] [edge_elements.cpp:287] [create] Created (HwReadEl1yolov11n/conv77_143 | hw_frame_size: 30720)
[2026-03-02 19:27:47.899] [5475] [HailoRT] [info] [queue_elements.cpp:657] [create] Created (PullQEl_nms1yolov11n/conv77_143 | timeout: 10s)
[2026-03-02 19:27:47.899] [5475] [HailoRT] [info] [edge_elements.cpp:287] [create] Created (HwReadEl0yolov11n/conv80_143 | hw_frame_size: 38400)
[2026-03-02 19:27:47.899] [5475] [HailoRT] [info] [queue_elements.cpp:657] [create] Created (PullQEl_nms0yolov11n/conv80_143 | timeout: 10s)
[2026-03-02 19:27:47.899] [5475] [HailoRT] [info] [queue_elements.cpp:800] [create] Created (UserBufQEl_post_infer0yolov11n/yolov8_nms_postprocess | timeout: 10s)
[2026-03-02 19:27:47.899] [5475] [HailoRT] [info] [vstream.cpp:1114] [OutputVStreamImpl] Creating yolov11n/yolov8_nms_postprocess...
[2026-03-02 19:27:47.899] [5475] [HailoRT] [info] [vstream_builder.cpp:622] [create_output_post_process_nms] Output pipeline 'yolov11n/yolov8_nms_postprocess': HW >> (HwReadEl3yolov11n/conv51_143 | hw_frame_size: 409600) >> (PullQEl_nms3yolov11n/conv51_143) >> (HwReadEl12yolov11n/conv54_143 | hw_frame_size: 512000) >> (PullQEl_nms12yolov11n/conv54_143) >> (HwReadEl15yolov11n/conv62_143 | hw_frame_size: 102400) >> (PullQEl_nms15yolov11n/conv62_143) >> (HwReadEl13yolov11n/conv65_143 | hw_frame_size: 128000) >> (PullQEl_nms13yolov11n/conv65_143) >> (HwReadEl1yolov11n/conv77_143 | hw_frame_size: 30720) >> (PullQEl_nms1yolov11n/conv77_143) >> (HwReadEl0yolov11n/conv80_143 | hw_frame_size: 38400) >> (PullQEl_nms0yolov11n/conv80_143) >> (NmsPPMuxEl0YOLOV8-Post-Process | Op YOLOV8, Name: YOLOV8-Post-Process, Score threshold: 0.200, IoU threshold: 0.70, Classes: 80, Max bboxes per class: 100, Image height: 640, Image width: 640) >> (UserBufQEl_post_infer0yolov11n/yolov8_nms_postprocess | timeout: 10s)
[2026-03-02 19:28:02.900] [5579] [HailoRT] [info] [vdevice_native_stream.cpp:331] [read_impl] Failed read from stream HAILO_STREAM_ABORT(63) (device: 0001:01:00.0)
[2026-03-02 19:28:02.900] [5576] [HailoRT] [info] [vdevice_native_stream.cpp:142] [write_impl] Failed write to stream yolov11n/input_layer1 (device: 0001:01:00.0) with status=HAILO_STREAM_ABORT(63)
[2026-03-02 19:28:02.900] [5578] [HailoRT] [info] [vdevice_native_stream.cpp:331] [read_impl] Failed read from stream HAILO_STREAM_ABORT(63) (device: 0001:01:00.0)
[2026-03-02 19:28:02.900] [5579] [HailoRT] [info] [edge_elements.cpp:396] [run_pull] Reading from stream was aborted!
[2026-03-02 19:28:02.900] [5578] [HailoRT] [info] [edge_elements.cpp:396] [run_pull] Reading from stream was aborted!
[2026-03-02 19:28:02.900] [5576] [HailoRT] [info] [edge_elements.cpp:87] [run_push] Failed to send on input stream InputStream(index=8, name=yolov11n/input_layer1) because stream was aborted
[2026-03-02 19:28:02.900] [5576] [HailoRT] [info] [queue_elements.cpp:401] [run_in_thread] run_push of PushQEl8yolov11n/input_layer1 was aborted!
[2026-03-02 19:28:02.900] [5577] [HailoRT] [info] [vdevice_native_stream.cpp:331] [read_impl] Failed read from stream HAILO_STREAM_ABORT(63) (device: 0001:01:00.0)
[2026-03-02 19:28:02.900] [5577] [HailoRT] [info] [edge_elements.cpp:396] [run_pull] Reading from stream was aborted!
[2026-03-02 19:28:02.900] [5577] [HailoRT] [info] [queue_elements.cpp:738] [run_in_thread] run_pull of queue element PullQEl_nms3yolov11n/conv51_143 was aborted!
[2026-03-02 19:28:02.900] [5581] [HailoRT] [info] [vdevice_native_stream.cpp:331] [read_impl] Failed read from stream HAILO_STREAM_ABORT(63) (device: 0001:01:00.0)
[2026-03-02 19:28:02.900] [5581] [HailoRT] [info] [edge_elements.cpp:396] [run_pull] Reading from stream was aborted!
[2026-03-02 19:28:02.900] [5580] [HailoRT] [info] [vdevice_native_stream.cpp:331] [read_impl] Failed read from stream HAILO_STREAM_ABORT(63) (device: 0001:01:00.0)
[2026-03-02 19:28:02.900] [5580] [HailoRT] [info] [edge_elements.cpp:396] [run_pull] Reading from stream was aborted!
[2026-03-02 19:28:02.900] [5581] [HailoRT] [info] [queue_elements.cpp:738] [run_in_thread] run_pull of queue element PullQEl_nms1yolov11n/conv77_143 was aborted!
[2026-03-02 19:28:02.900] [5580] [HailoRT] [info] [queue_elements.cpp:738] [run_in_thread] run_pull of queue element PullQEl_nms13yolov11n/conv65_143 was aborted!
[2026-03-02 19:28:02.900] [5586] [HailoRT] [info] [queue_elements.cpp:706] [run_pull] Shutdown event was signaled in dequeue of queue element PullQEl_nms3yolov11n/conv51_143!
[2026-03-02 19:28:02.900] [5586] [HailoRT] [info] [vstream.cpp:1138] [read] Receiving to VStream was shutdown!
[2026-03-02 19:28:02.900] [5587] [HailoRT] [info] [vstream.cpp:774] [write] Sending to VStream was shutdown!
[2026-03-02 19:28:02.900] [5587] [HailoRT] [info] [vstream.cpp:778] [write] Sending to VStream was aborted!
[2026-03-02 19:28:02.900] [5582] [HailoRT] [info] [vdevice_native_stream.cpp:331] [read_impl] Failed read from stream HAILO_STREAM_ABORT(63) (device: 0001:01:00.0)
[2026-03-02 19:28:02.900] [5582] [HailoRT] [info] [edge_elements.cpp:396] [run_pull] Reading from stream was aborted!
[2026-03-02 19:28:02.900] [5582] [HailoRT] [info] [queue_elements.cpp:738] [run_in_thread] run_pull of queue element PullQEl_nms0yolov11n/conv80_143 was aborted!
[2026-03-02 19:28:02.900] [5579] [HailoRT] [info] [queue_elements.cpp:738] [run_in_thread] run_pull of queue element PullQEl_nms15yolov11n/conv62_143 was aborted!
[2026-03-02 19:28:02.900] [5578] [HailoRT] [info] [queue_elements.cpp:738] [run_in_thread] run_pull of queue element PullQEl_nms12yolov11n/conv54_143 was aborted!
[2026-03-02 19:28:02.906] [5475] [HailoRT] [info] [queue_elements.cpp:360] [execute_deactivate] enqueue() in element PushQEl8yolov11n/input_layer1 was aborted, got status = HAILO_SHUTDOWN_EVENT_SIGNALED(57)
[2026-03-02 19:28:02.906] [5576] [HailoRT] [info] [queue_elements.cpp:68] [operator()] Thread in element PushQEl8yolov11n/input_layer1 is not running anymore, exiting..
[2026-03-02 19:28:02.906] [5475] [HailoRT] [info] [queue_elements.cpp:46] [~BaseQueueElement] Queue element PushQEl8yolov11n/input_layer1 has 1 frames in his Queue on destruction
[2026-03-02 19:28:02.906] [5583] [HailoRT] [info] [queue_elements.cpp:68] [operator()] Thread in element UserBufQEl_post_infer0yolov11n/yolov8_nms_postprocess is not running anymore, exiting..
[2026-03-02 19:28:02.906] [5475] [HailoRT] [info] [queue_elements.cpp:46] [~BaseQueueElement] Queue element UserBufQEl_post_infer0yolov11n/yolov8_nms_postprocess has 0 frames in his Queue on destruction
[2026-03-02 19:28:02.906] [5582] [HailoRT] [info] [queue_elements.cpp:68] [operator()] Thread in element PullQEl_nms0yolov11n/conv80_143 is not running anymore, exiting..
[2026-03-02 19:28:02.906] [5475] [HailoRT] [info] [queue_elements.cpp:46] [~BaseQueueElement] Queue element PullQEl_nms0yolov11n/conv80_143 has 0 frames in his Queue on destruction
[2026-03-02 19:28:02.906] [5581] [HailoRT] [info] [queue_elements.cpp:68] [operator()] Thread in element PullQEl_nms1yolov11n/conv77_143 is not running anymore, exiting..
[2026-03-02 19:28:02.906] [5475] [HailoRT] [info] [queue_elements.cpp:46] [~BaseQueueElement] Queue element PullQEl_nms1yolov11n/conv77_143 has 0 frames in his Queue on destruction
[2026-03-02 19:28:02.906] [5580] [HailoRT] [info] [queue_elements.cpp:68] [operator()] Thread in element PullQEl_nms13yolov11n/conv65_143 is not running anymore, exiting..
[2026-03-02 19:28:02.906] [5475] [HailoRT] [info] [queue_elements.cpp:46] [~BaseQueueElement] Queue element PullQEl_nms13yolov11n/conv65_143 has 0 frames in his Queue on destruction
[2026-03-02 19:28:02.906] [5579] [HailoRT] [info] [queue_elements.cpp:68] [operator()] Thread in element PullQEl_nms15yolov11n/conv62_143 is not running anymore, exiting..
[2026-03-02 19:28:02.906] [5475] [HailoRT] [info] [queue_elements.cpp:46] [~BaseQueueElement] Queue element PullQEl_nms15yolov11n/conv62_143 has 0 frames in his Queue on destruction
[2026-03-02 19:28:02.906] [5578] [HailoRT] [info] [queue_elements.cpp:68] [operator()] Thread in element PullQEl_nms12yolov11n/conv54_143 is not running anymore, exiting..
[2026-03-02 19:28:02.906] [5475] [HailoRT] [info] [queue_elements.cpp:46] [~BaseQueueElement] Queue element PullQEl_nms12yolov11n/conv54_143 has 0 frames in his Queue on destruction
[2026-03-02 19:28:02.906] [5577] [HailoRT] [info] [queue_elements.cpp:68] [operator()] Thread in element PullQEl_nms3yolov11n/conv51_143 is not running anymore, exiting..
[2026-03-02 19:28:02.907] [5475] [HailoRT] [info] [queue_elements.cpp:46] [~BaseQueueElement] Queue element PullQEl_nms3yolov11n/conv51_143 has 0 frames in his Queue on destruction
[2026-03-02 19:28:02.908] [5475] [HailoRT] [info] [core_op.cpp:186] [deactivate] Deactivating took 0.007981 ms
[2026-03-02 19:28:02.908] [5475] [HailoRT] [info] [core_op.cpp:186] [deactivate] Deactivating took 0.018296 ms
[2026-03-02 19:28:02.958] [5475] [HailoRT] [info] [vdevice.cpp:535] [create] Creating vdevice with params: device_count: 1, scheduling_algorithm: NONE, multi_process_service: false
[2026-03-02 19:28:02.969] [5475] [HailoRT] [info] [device.cpp:51] [Device] OS Version: Linux 6.12.62+rpt-rpi-2712 #1 SMP PREEMPT Debian 1:6.12.62-1+rpt1 (2025-12-18) aarch64
[2026-03-02 19:28:02.970] [5475] [HailoRT] [info] [control.cpp:113] [control__parse_identify_results] firmware_version is: 4.23.0
[2026-03-02 19:28:02.970] [5475] [HailoRT] [info] [vdevice.cpp:682] [create] VDevice Infos: 0001:01:00.0
[2026-03-02 19:28:02.975] [5475] [HailoRT] [info] [internal_buffer_manager.cpp:77] [print_execution_results] Planned internal buffer memory: CMA=0 CMA-Desc=327680 Pinned=1180160. memory to edge layer usage factor is 1
[2026-03-02 19:28:02.975] [5475] [HailoRT] [info] [internal_buffer_manager.cpp:86] [print_execution_results] Default Internal buffer planner executed successfully
[2026-03-02 19:28:03.009] [5475] [HailoRT] [info] [device_internal.cpp:57] [configure] Configuring HEF took 39.03216 milliseconds
[2026-03-02 19:28:03.009] [5475] [HailoRT] [info] [vdevice.cpp:780] [configure] Configuring HEF on VDevice took 39.377836 milliseconds
[2026-03-02 19:28:03.009] [5475] [HailoRT] [info] [control.cpp:113] [control__parse_identify_results] firmware_version is: 4.23.0
[2026-03-02 19:28:03.010] [5475] [HailoRT] [info] [control.cpp:113] [control__parse_identify_results] firmware_version is: 4.23.0
[2026-03-02 19:28:03.010] [5475] [HailoRT] [info] [core_op.cpp:156] [activate] Activating yolov11n took 0.671981 milliseconds. Note that the function is asynchronous and thus the network is not fully activated yet.
[2026-03-02 19:28:03.010] [5475] [HailoRT] [info] [core_op.cpp:156] [activate] Activating yolov11n took 0.683814 milliseconds. Note that the function is asynchronous and thus the network is not fully activated yet.
[2026-03-02 19:28:03.023] [5475] [HailoRT] [info] [control.cpp:113] [control__parse_identify_results] firmware_version is: 4.23.0
[2026-03-02 19:28:03.024] [5475] [HailoRT] [info] [control.cpp:113] [control__parse_identify_results] firmware_version is: 4.23.0
[2026-03-02 19:28:03.024] [5475] [HailoRT] [info] [edge_elements.cpp:52] [create] Created (HwWriteEl8yolov11n/input_layer1 | hw_frame_size: 1228800)
[2026-03-02 19:28:03.024] [5475] [HailoRT] [info] [queue_elements.cpp:284] [create] Created (PushQEl8yolov11n/input_layer1 | timeout: 10s)
[2026-03-02 19:28:03.024] [5475] [HailoRT] [info] [filter_elements.cpp:101] [create] Created (PreInferEl8yolov11n/input_layer1 | Reorder - src_order: NHWC, src_shape: (640, 640, 3), dst_order: NHCW, dst_shape: (640, 640, 3))
[2026-03-02 19:28:03.024] [5475] [HailoRT] [info] [vstream.cpp:754] [InputVStreamImpl] Creating yolov11n/input_layer1...
[2026-03-02 19:28:03.024] [5475] [HailoRT] [info] [vstream_builder.cpp:102] [create_inputs] Input pipeline 'yolov11n/input_layer1': (PreInferEl8yolov11n/input_layer1 | Reorder - src_order: NHWC, src_shape: (640, 640, 3), dst_order: NHCW, dst_shape: (640, 640, 3)) >> (PushQEl8yolov11n/input_layer1 | timeout: 10s) >> (HwWriteEl8yolov11n/input_layer1 | hw_frame_size: 1228800) >> HW
[2026-03-02 19:28:03.024] [5475] [HailoRT] [info] [multi_io_elements.cpp:135] [create] Created (NmsPPMuxEl0YOLOV8-Post-Process | Op YOLOV8, Name: YOLOV8-Post-Process, Score threshold: 0.200, IoU threshold: 0.70, Classes: 80, Max bboxes per class: 100, Image height: 640, Image width: 640)
[2026-03-02 19:28:03.024] [5475] [HailoRT] [info] [edge_elements.cpp:287] [create] Created (HwReadEl3yolov11n/conv51_143 | hw_frame_size: 409600)
[2026-03-02 19:28:03.024] [5475] [HailoRT] [info] [queue_elements.cpp:657] [create] Created (PullQEl_nms3yolov11n/conv51_143 | timeout: 10s)
[2026-03-02 19:28:03.024] [5475] [HailoRT] [info] [edge_elements.cpp:287] [create] Created (HwReadEl12yolov11n/conv54_143 | hw_frame_size: 512000)
[2026-03-02 19:28:03.024] [5475] [HailoRT] [info] [queue_elements.cpp:657] [create] Created (PullQEl_nms12yolov11n/conv54_143 | timeout: 10s)
[2026-03-02 19:28:03.024] [5475] [HailoRT] [info] [edge_elements.cpp:287] [create] Created (HwReadEl15yolov11n/conv62_143 | hw_frame_size: 102400)
[2026-03-02 19:28:03.024] [5475] [HailoRT] [info] [queue_elements.cpp:657] [create] Created (PullQEl_nms15yolov11n/conv62_143 | timeout: 10s)
[2026-03-02 19:28:03.024] [5475] [HailoRT] [info] [edge_elements.cpp:287] [create] Created (HwReadEl13yolov11n/conv65_143 | hw_frame_size: 128000)
[2026-03-02 19:28:03.024] [5475] [HailoRT] [info] [queue_elements.cpp:657] [create] Created (PullQEl_nms13yolov11n/conv65_143 | timeout: 10s)
[2026-03-02 19:28:03.024] [5475] [HailoRT] [info] [edge_elements.cpp:287] [create] Created (HwReadEl1yolov11n/conv77_143 | hw_frame_size: 30720)
[2026-03-02 19:28:03.025] [5475] [HailoRT] [info] [queue_elements.cpp:657] [create] Created (PullQEl_nms1yolov11n/conv77_143 | timeout: 10s)
[2026-03-02 19:28:03.025] [5475] [HailoRT] [info] [edge_elements.cpp:287] [create] Created (HwReadEl0yolov11n/conv80_143 | hw_frame_size: 38400)
[2026-03-02 19:28:03.025] [5475] [HailoRT] [info] [queue_elements.cpp:657] [create] Created (PullQEl_nms0yolov11n/conv80_143 | timeout: 10s)
[2026-03-02 19:28:03.025] [5475] [HailoRT] [info] [queue_elements.cpp:800] [create] Created (UserBufQEl_post_infer0yolov11n/yolov8_nms_postprocess | timeout: 10s)
[2026-03-02 19:28:03.025] [5475] [HailoRT] [info] [vstream.cpp:1114] [OutputVStreamImpl] Creating yolov11n/yolov8_nms_postprocess...
[2026-03-02 19:28:03.025] [5475] [HailoRT] [info] [vstream_builder.cpp:622] [create_output_post_process_nms] Output pipeline 'yolov11n/yolov8_nms_postprocess': HW >> (HwReadEl3yolov11n/conv51_143 | hw_frame_size: 409600) >> (PullQEl_nms3yolov11n/conv51_143) >> (HwReadEl12yolov11n/conv54_143 | hw_frame_size: 512000) >> (PullQEl_nms12yolov11n/conv54_143) >> (HwReadEl15yolov11n/conv62_143 | hw_frame_size: 102400) >> (PullQEl_nms15yolov11n/conv62_143) >> (HwReadEl13yolov11n/conv65_143 | hw_frame_size: 128000) >> (PullQEl_nms13yolov11n/conv65_143) >> (HwReadEl1yolov11n/conv77_143 | hw_frame_size: 30720) >> (PullQEl_nms1yolov11n/conv77_143) >> (HwReadEl0yolov11n/conv80_143 | hw_frame_size: 38400) >> (PullQEl_nms0yolov11n/conv80_143) >> (NmsPPMuxEl0YOLOV8-Post-Process | Op YOLOV8, Name: YOLOV8-Post-Process, Score threshold: 0.200, IoU threshold: 0.70, Classes: 80, Max bboxes per class: 100, Image height: 640, Image width: 640) >> (UserBufQEl_post_infer0yolov11n/yolov8_nms_postprocess | timeout: 10s)
[2026-03-02 19:28:18.025] [5671] [HailoRT] [info] [vdevice_native_stream.cpp:331] [read_impl] Failed read from stream HAILO_STREAM_ABORT(63) (device: 0001:01:00.0)
[2026-03-02 19:28:18.025] [5671] [HailoRT] [info] [edge_elements.cpp:396] [run_pull] Reading from stream was aborted!
[2026-03-02 19:28:18.025] [5671] [HailoRT] [info] [queue_elements.cpp:738] [run_in_thread] run_pull of queue element PullQEl_nms15yolov11n/conv62_143 was aborted!
[2026-03-02 19:28:18.025] [5669] [HailoRT] [info] [vdevice_native_stream.cpp:331] [read_impl] Failed read from stream HAILO_STREAM_ABORT(63) (device: 0001:01:00.0)
[2026-03-02 19:28:18.025] [5669] [HailoRT] [info] [edge_elements.cpp:396] [run_pull] Reading from stream was aborted!
[2026-03-02 19:28:18.025] [5669] [HailoRT] [info] [queue_elements.cpp:738] [run_in_thread] run_pull of queue element PullQEl_nms3yolov11n/conv51_143 was aborted!
[2026-03-02 19:28:18.025] [5670] [HailoRT] [info] [vdevice_native_stream.cpp:331] [read_impl] Failed read from stream HAILO_STREAM_ABORT(63) (device: 0001:01:00.0)
[2026-03-02 19:28:18.025] [5670] [HailoRT] [info] [edge_elements.cpp:396] [run_pull] Reading from stream was aborted!
[2026-03-02 19:28:18.025] [5670] [HailoRT] [info] [queue_elements.cpp:738] [run_in_thread] run_pull of queue element PullQEl_nms12yolov11n/conv54_143 was aborted!
[2026-03-02 19:28:18.025] [5672] [HailoRT] [info] [vdevice_native_stream.cpp:331] [read_impl] Failed read from stream HAILO_STREAM_ABORT(63) (device: 0001:01:00.0)
[2026-03-02 19:28:18.025] [5672] [HailoRT] [info] [edge_elements.cpp:396] [run_pull] Reading from stream was aborted!
[2026-03-02 19:28:18.025] [5672] [HailoRT] [info] [queue_elements.cpp:738] [run_in_thread] run_pull of queue element PullQEl_nms13yolov11n/conv65_143 was aborted!
[2026-03-02 19:28:18.025] [5673] [HailoRT] [info] [vdevice_native_stream.cpp:331] [read_impl] Failed read from stream HAILO_STREAM_ABORT(63) (device: 0001:01:00.0)
[2026-03-02 19:28:18.025] [5673] [HailoRT] [info] [edge_elements.cpp:396] [run_pull] Reading from stream was aborted!
[2026-03-02 19:28:18.025] [5674] [HailoRT] [info] [vdevice_native_stream.cpp:331] [read_impl] Failed read from stream HAILO_STREAM_ABORT(63) (device: 0001:01:00.0)
[2026-03-02 19:28:18.025] [5673] [HailoRT] [info] [queue_elements.cpp:738] [run_in_thread] run_pull of queue element PullQEl_nms1yolov11n/conv77_143 was aborted!
[2026-03-02 19:28:18.025] [5674] [HailoRT] [info] [edge_elements.cpp:396] [run_pull] Reading from stream was aborted!
[2026-03-02 19:28:18.025] [5674] [HailoRT] [info] [queue_elements.cpp:738] [run_in_thread] run_pull of queue element PullQEl_nms0yolov11n/conv80_143 was aborted!
[2026-03-02 19:28:18.027] [5678] [HailoRT] [info] [queue_elements.cpp:706] [run_pull] Shutdown event was signaled in dequeue of queue element PullQEl_nms3yolov11n/conv51_143!
[2026-03-02 19:28:18.027] [5678] [HailoRT] [info] [vstream.cpp:1138] [read] Receiving to VStream was shutdown!
[2026-03-02 19:28:18.027] [5668] [HailoRT] [info] [vdevice_native_stream.cpp:142] [write_impl] Failed write to stream yolov11n/input_layer1 (device: 0001:01:00.0) with status=HAILO_STREAM_ABORT(63)
[2026-03-02 19:28:18.027] [5668] [HailoRT] [info] [edge_elements.cpp:87] [run_push] Failed to send on input stream InputStream(index=8, name=yolov11n/input_layer1) because stream was aborted
[2026-03-02 19:28:18.027] [5668] [HailoRT] [info] [queue_elements.cpp:401] [run_in_thread] run_push of PushQEl8yolov11n/input_layer1 was aborted!
[2026-03-02 19:28:18.028] [5679] [HailoRT] [info] [queue_elements.cpp:319] [run_push] run_push of PushQEl8yolov11n/input_layer1 was aborted!
[2026-03-02 19:28:18.028] [5679] [HailoRT] [info] [filter_elements.cpp:35] [run_push] run_push of PreInferEl8yolov11n/input_layer1 was aborted!
[2026-03-02 19:28:18.029] [5679] [HailoRT] [info] [vstream.cpp:778] [write] Sending to VStream was aborted!
[2026-03-02 19:28:18.029] [5475] [HailoRT] [info] [queue_elements.cpp:360] [execute_deactivate] enqueue() in element PushQEl8yolov11n/input_layer1 was aborted, got status = HAILO_SHUTDOWN_EVENT_SIGNALED(57)
[2026-03-02 19:28:18.029] [5668] [HailoRT] [info] [queue_elements.cpp:68] [operator()] Thread in element PushQEl8yolov11n/input_layer1 is not running anymore, exiting..
[2026-03-02 19:28:18.030] [5475] [HailoRT] [info] [queue_elements.cpp:46] [~BaseQueueElement] Queue element PushQEl8yolov11n/input_layer1 has 0 frames in his Queue on destruction
[2026-03-02 19:28:18.030] [5675] [HailoRT] [info] [queue_elements.cpp:68] [operator()] Thread in element UserBufQEl_post_infer0yolov11n/yolov8_nms_postprocess is not running anymore, exiting..
[2026-03-02 19:28:18.030] [5475] [HailoRT] [info] [queue_elements.cpp:46] [~BaseQueueElement] Queue element UserBufQEl_post_infer0yolov11n/yolov8_nms_postprocess has 0 frames in his Queue on destruction
[2026-03-02 19:28:18.030] [5674] [HailoRT] [info] [queue_elements.cpp:68] [operator()] Thread in element PullQEl_nms0yolov11n/conv80_143 is not running anymore, exiting..
[2026-03-02 19:28:18.030] [5475] [HailoRT] [info] [queue_elements.cpp:46] [~BaseQueueElement] Queue element PullQEl_nms0yolov11n/conv80_143 has 0 frames in his Queue on destruction
[2026-03-02 19:28:18.031] [5673] [HailoRT] [info] [queue_elements.cpp:68] [operator()] Thread in element PullQEl_nms1yolov11n/conv77_143 is not running anymore, exiting..
[2026-03-02 19:28:18.031] [5475] [HailoRT] [info] [queue_elements.cpp:46] [~BaseQueueElement] Queue element PullQEl_nms1yolov11n/conv77_143 has 0 frames in his Queue on destruction
[2026-03-02 19:28:18.031] [5672] [HailoRT] [info] [queue_elements.cpp:68] [operator()] Thread in element PullQEl_nms13yolov11n/conv65_143 is not running anymore, exiting..
[2026-03-02 19:28:18.031] [5475] [HailoRT] [info] [queue_elements.cpp:46] [~BaseQueueElement] Queue element PullQEl_nms13yolov11n/conv65_143 has 0 frames in his Queue on destruction
[2026-03-02 19:28:18.031] [5671] [HailoRT] [info] [queue_elements.cpp:68] [operator()] Thread in element PullQEl_nms15yolov11n/conv62_143 is not running anymore, exiting..
[2026-03-02 19:28:18.031] [5475] [HailoRT] [info] [queue_elements.cpp:46] [~BaseQueueElement] Queue element PullQEl_nms15yolov11n/conv62_143 has 0 frames in his Queue on destruction
[2026-03-02 19:28:18.031] [5670] [HailoRT] [info] [queue_elements.cpp:68] [operator()] Thread in element PullQEl_nms12yolov11n/conv54_143 is not running anymore, exiting..
[2026-03-02 19:28:18.031] [5475] [HailoRT] [info] [queue_elements.cpp:46] [~BaseQueueElement] Queue element PullQEl_nms12yolov11n/conv54_143 has 0 frames in his Queue on destruction
[2026-03-02 19:28:18.031] [5669] [HailoRT] [info] [queue_elements.cpp:68] [operator()] Thread in element PullQEl_nms3yolov11n/conv51_143 is not running anymore, exiting..
[2026-03-02 19:28:18.031] [5475] [HailoRT] [info] [queue_elements.cpp:46] [~BaseQueueElement] Queue element PullQEl_nms3yolov11n/conv51_143 has 0 frames in his Queue on destruction
[2026-03-02 19:28:18.031] [5475] [HailoRT] [info] [core_op.cpp:186] [deactivate] Deactivating took 0.015573 ms
[2026-03-02 19:28:18.031] [5475] [HailoRT] [info] [core_op.cpp:186] [deactivate] Deactivating took 0.030147 ms
[2026-03-02 19:33:13.112] [5899] [HailoRT] [info] [vdevice.cpp:535] [create] Creating vdevice with params: device_count: 1, scheduling_algorithm: NONE, multi_process_service: false
[2026-03-02 19:33:13.125] [5899] [HailoRT] [info] [device.cpp:51] [Device] OS Version: Linux 6.12.62+rpt-rpi-2712 #1 SMP PREEMPT Debian 1:6.12.62-1+rpt1 (2025-12-18) aarch64
[2026-03-02 19:33:13.125] [5899] [HailoRT] [info] [control.cpp:113] [control__parse_identify_results] firmware_version is: 4.23.0
[2026-03-02 19:33:13.125] [5899] [HailoRT] [info] [vdevice.cpp:682] [create] VDevice Infos: 0001:01:00.0
[2026-03-02 19:33:13.134] [5899] [HailoRT] [info] [internal_buffer_manager.cpp:77] [print_execution_results] Planned internal buffer memory: CMA=0 CMA-Desc=327680 Pinned=1180160. memory to edge layer usage factor is 1
[2026-03-02 19:33:13.134] [5899] [HailoRT] [info] [internal_buffer_manager.cpp:86] [print_execution_results] Default Internal buffer planner executed successfully
[2026-03-02 19:33:13.173] [5899] [HailoRT] [info] [device_internal.cpp:57] [configure] Configuring HEF took 47.833957 milliseconds
[2026-03-02 19:33:13.174] [5899] [HailoRT] [info] [vdevice.cpp:780] [configure] Configuring HEF on VDevice took 48.633202 milliseconds
[2026-03-02 19:33:13.174] [5899] [HailoRT] [info] [control.cpp:113] [control__parse_identify_results] firmware_version is: 4.23.0
[2026-03-02 19:33:13.174] [5899] [HailoRT] [info] [control.cpp:113] [control__parse_identify_results] firmware_version is: 4.23.0
[2026-03-02 19:33:13.175] [5899] [HailoRT] [info] [core_op.cpp:156] [activate] Activating yolov11n took 0.673377 milliseconds. Note that the function is asynchronous and thus the network is not fully activated yet.
[2026-03-02 19:33:13.175] [5899] [HailoRT] [info] [core_op.cpp:156] [activate] Activating yolov11n took 0.687266 milliseconds. Note that the function is asynchronous and thus the network is not fully activated yet.
[2026-03-02 19:33:13.189] [5899] [HailoRT] [info] [control.cpp:113] [control__parse_identify_results] firmware_version is: 4.23.0
[2026-03-02 19:33:13.189] [5899] [HailoRT] [info] [control.cpp:113] [control__parse_identify_results] firmware_version is: 4.23.0
[2026-03-02 19:33:13.189] [5899] [HailoRT] [info] [edge_elements.cpp:52] [create] Created (HwWriteEl8yolov11n/input_layer1 | hw_frame_size: 1228800)
[2026-03-02 19:33:13.190] [5899] [HailoRT] [info] [queue_elements.cpp:284] [create] Created (PushQEl8yolov11n/input_layer1 | timeout: 10s)
[2026-03-02 19:33:13.190] [5899] [HailoRT] [info] [filter_elements.cpp:101] [create] Created (PreInferEl8yolov11n/input_layer1 | Reorder - src_order: NHWC, src_shape: (640, 640, 3), dst_order: NHCW, dst_shape: (640, 640, 3))
[2026-03-02 19:33:13.190] [5899] [HailoRT] [info] [vstream.cpp:754] [InputVStreamImpl] Creating yolov11n/input_layer1...
[2026-03-02 19:33:13.190] [5899] [HailoRT] [info] [vstream_builder.cpp:102] [create_inputs] Input pipeline 'yolov11n/input_layer1': (PreInferEl8yolov11n/input_layer1 | Reorder - src_order: NHWC, src_shape: (640, 640, 3), dst_order: NHCW, dst_shape: (640, 640, 3)) >> (PushQEl8yolov11n/input_layer1 | timeout: 10s) >> (HwWriteEl8yolov11n/input_layer1 | hw_frame_size: 1228800) >> HW
[2026-03-02 19:33:13.190] [5899] [HailoRT] [info] [multi_io_elements.cpp:135] [create] Created (NmsPPMuxEl0YOLOV8-Post-Process | Op YOLOV8, Name: YOLOV8-Post-Process, Score threshold: 0.200, IoU threshold: 0.70, Classes: 80, Max bboxes per class: 100, Image height: 640, Image width: 640)
[2026-03-02 19:33:13.190] [5899] [HailoRT] [info] [edge_elements.cpp:287] [create] Created (HwReadEl3yolov11n/conv51_143 | hw_frame_size: 409600)
[2026-03-02 19:33:13.190] [5899] [HailoRT] [info] [queue_elements.cpp:657] [create] Created (PullQEl_nms3yolov11n/conv51_143 | timeout: 10s)
[2026-03-02 19:33:13.190] [5899] [HailoRT] [info] [edge_elements.cpp:287] [create] Created (HwReadEl12yolov11n/conv54_143 | hw_frame_size: 512000)
[2026-03-02 19:33:13.190] [5899] [HailoRT] [info] [queue_elements.cpp:657] [create] Created (PullQEl_nms12yolov11n/conv54_143 | timeout: 10s)
[2026-03-02 19:33:13.190] [5899] [HailoRT] [info] [edge_elements.cpp:287] [create] Created (HwReadEl15yolov11n/conv62_143 | hw_frame_size: 102400)
[2026-03-02 19:33:13.190] [5899] [HailoRT] [info] [queue_elements.cpp:657] [create] Created (PullQEl_nms15yolov11n/conv62_143 | timeout: 10s)
[2026-03-02 19:33:13.190] [5899] [HailoRT] [info] [edge_elements.cpp:287] [create] Created (HwReadEl13yolov11n/conv65_143 | hw_frame_size: 128000)
[2026-03-02 19:33:13.190] [5899] [HailoRT] [info] [queue_elements.cpp:657] [create] Created (PullQEl_nms13yolov11n/conv65_143 | timeout: 10s)
[2026-03-02 19:33:13.190] [5899] [HailoRT] [info] [edge_elements.cpp:287] [create] Created (HwReadEl1yolov11n/conv77_143 | hw_frame_size: 30720)
[2026-03-02 19:33:13.191] [5899] [HailoRT] [info] [queue_elements.cpp:657] [create] Created (PullQEl_nms1yolov11n/conv77_143 | timeout: 10s)
[2026-03-02 19:33:13.191] [5899] [HailoRT] [info] [edge_elements.cpp:287] [create] Created (HwReadEl0yolov11n/conv80_143 | hw_frame_size: 38400)
[2026-03-02 19:33:13.191] [5899] [HailoRT] [info] [queue_elements.cpp:657] [create] Created (PullQEl_nms0yolov11n/conv80_143 | timeout: 10s)
[2026-03-02 19:33:13.191] [5899] [HailoRT] [info] [queue_elements.cpp:800] [create] Created (UserBufQEl_post_infer0yolov11n/yolov8_nms_postprocess | timeout: 10s)
[2026-03-02 19:33:13.191] [5899] [HailoRT] [info] [vstream.cpp:1114] [OutputVStreamImpl] Creating yolov11n/yolov8_nms_postprocess...
[2026-03-02 19:33:13.191] [5899] [HailoRT] [info] [vstream_builder.cpp:622] [create_output_post_process_nms] Output pipeline 'yolov11n/yolov8_nms_postprocess': HW >> (HwReadEl3yolov11n/conv51_143 | hw_frame_size: 409600) >> (PullQEl_nms3yolov11n/conv51_143) >> (HwReadEl12yolov11n/conv54_143 | hw_frame_size: 512000) >> (PullQEl_nms12yolov11n/conv54_143) >> (HwReadEl15yolov11n/conv62_143 | hw_frame_size: 102400) >> (PullQEl_nms15yolov11n/conv62_143) >> (HwReadEl13yolov11n/conv65_143 | hw_frame_size: 128000) >> (PullQEl_nms13yolov11n/conv65_143) >> (HwReadEl1yolov11n/conv77_143 | hw_frame_size: 30720) >> (PullQEl_nms1yolov11n/conv77_143) >> (HwReadEl0yolov11n/conv80_143 | hw_frame_size: 38400) >> (PullQEl_nms0yolov11n/conv80_143) >> (NmsPPMuxEl0YOLOV8-Post-Process | Op YOLOV8, Name: YOLOV8-Post-Process, Score threshold: 0.200, IoU threshold: 0.70, Classes: 80, Max bboxes per class: 100, Image height: 640, Image width: 640) >> (UserBufQEl_post_infer0yolov11n/yolov8_nms_postprocess | timeout: 10s)
[2026-03-02 19:33:18.193] [5908] [HailoRT] [info] [vdevice_native_stream.cpp:331] [read_impl] Failed read from stream HAILO_STREAM_ABORT(63) (device: 0001:01:00.0)
[2026-03-02 19:33:18.193] [5908] [HailoRT] [info] [edge_elements.cpp:396] [run_pull] Reading from stream was aborted!
[2026-03-02 19:33:18.193] [5905] [HailoRT] [info] [vdevice_native_stream.cpp:142] [write_impl] Failed write to stream yolov11n/input_layer1 (device: 0001:01:00.0) with status=HAILO_STREAM_ABORT(63)
[2026-03-02 19:33:18.193] [5905] [HailoRT] [info] [edge_elements.cpp:87] [run_push] Failed to send on input stream InputStream(index=8, name=yolov11n/input_layer1) because stream was aborted
[2026-03-02 19:33:18.193] [5908] [HailoRT] [info] [queue_elements.cpp:738] [run_in_thread] run_pull of queue element PullQEl_nms15yolov11n/conv62_143 was aborted!
[2026-03-02 19:33:18.193] [5905] [HailoRT] [info] [queue_elements.cpp:401] [run_in_thread] run_push of PushQEl8yolov11n/input_layer1 was aborted!
[2026-03-02 19:33:18.193] [5907] [HailoRT] [info] [vdevice_native_stream.cpp:331] [read_impl] Failed read from stream HAILO_STREAM_ABORT(63) (device: 0001:01:00.0)
[2026-03-02 19:33:18.193] [5907] [HailoRT] [info] [edge_elements.cpp:396] [run_pull] Reading from stream was aborted!
[2026-03-02 19:33:18.193] [5906] [HailoRT] [info] [vdevice_native_stream.cpp:331] [read_impl] Failed read from stream HAILO_STREAM_ABORT(63) (device: 0001:01:00.0)
[2026-03-02 19:33:18.193] [5906] [HailoRT] [info] [edge_elements.cpp:396] [run_pull] Reading from stream was aborted!
[2026-03-02 19:33:18.193] [5907] [HailoRT] [info] [queue_elements.cpp:738] [run_in_thread] run_pull of queue element PullQEl_nms12yolov11n/conv54_143 was aborted!
[2026-03-02 19:33:18.193] [5906] [HailoRT] [info] [queue_elements.cpp:738] [run_in_thread] run_pull of queue element PullQEl_nms3yolov11n/conv51_143 was aborted!
[2026-03-02 19:33:18.193] [5916] [HailoRT] [info] [vstream.cpp:774] [write] Sending to VStream was shutdown!
[2026-03-02 19:33:18.193] [5916] [HailoRT] [info] [vstream.cpp:778] [write] Sending to VStream was aborted!
[2026-03-02 19:33:18.193] [5910] [HailoRT] [info] [vdevice_native_stream.cpp:331] [read_impl] Failed read from stream HAILO_STREAM_ABORT(63) (device: 0001:01:00.0)
[2026-03-02 19:33:18.193] [5910] [HailoRT] [info] [edge_elements.cpp:396] [run_pull] Reading from stream was aborted!
[2026-03-02 19:33:18.193] [5910] [HailoRT] [info] [queue_elements.cpp:738] [run_in_thread] run_pull of queue element PullQEl_nms1yolov11n/conv77_143 was aborted!
[2026-03-02 19:33:18.193] [5911] [HailoRT] [info] [vdevice_native_stream.cpp:331] [read_impl] Failed read from stream HAILO_STREAM_ABORT(63) (device: 0001:01:00.0)
[2026-03-02 19:33:18.193] [5911] [HailoRT] [info] [edge_elements.cpp:396] [run_pull] Reading from stream was aborted!
[2026-03-02 19:33:18.193] [5911] [HailoRT] [info] [queue_elements.cpp:738] [run_in_thread] run_pull of queue element PullQEl_nms0yolov11n/conv80_143 was aborted!
[2026-03-02 19:33:18.193] [5909] [HailoRT] [info] [vdevice_native_stream.cpp:331] [read_impl] Failed read from stream HAILO_STREAM_ABORT(63) (device: 0001:01:00.0)
[2026-03-02 19:33:18.193] [5909] [HailoRT] [info] [edge_elements.cpp:396] [run_pull] Reading from stream was aborted!
[2026-03-02 19:33:18.193] [5915] [HailoRT] [info] [queue_elements.cpp:706] [run_pull] Shutdown event was signaled in dequeue of queue element PullQEl_nms3yolov11n/conv51_143!
[2026-03-02 19:33:18.193] [5909] [HailoRT] [info] [queue_elements.cpp:738] [run_in_thread] run_pull of queue element PullQEl_nms13yolov11n/conv65_143 was aborted!
[2026-03-02 19:33:18.193] [5915] [HailoRT] [info] [vstream.cpp:1138] [read] Receiving to VStream was shutdown!
[2026-03-02 19:33:18.225] [5899] [HailoRT] [info] [queue_elements.cpp:360] [execute_deactivate] enqueue() in element PushQEl8yolov11n/input_layer1 was aborted, got status = HAILO_SHUTDOWN_EVENT_SIGNALED(57)
[2026-03-02 19:33:18.225] [5905] [HailoRT] [info] [queue_elements.cpp:68] [operator()] Thread in element PushQEl8yolov11n/input_layer1 is not running anymore, exiting..
[2026-03-02 19:33:18.225] [5899] [HailoRT] [info] [queue_elements.cpp:46] [~BaseQueueElement] Queue element PushQEl8yolov11n/input_layer1 has 1 frames in his Queue on destruction
[2026-03-02 19:33:18.225] [5912] [HailoRT] [info] [queue_elements.cpp:68] [operator()] Thread in element UserBufQEl_post_infer0yolov11n/yolov8_nms_postprocess is not running anymore, exiting..
[2026-03-02 19:33:18.226] [5899] [HailoRT] [info] [queue_elements.cpp:46] [~BaseQueueElement] Queue element UserBufQEl_post_infer0yolov11n/yolov8_nms_postprocess has 0 frames in his Queue on destruction
[2026-03-02 19:33:18.226] [5911] [HailoRT] [info] [queue_elements.cpp:68] [operator()] Thread in element PullQEl_nms0yolov11n/conv80_143 is not running anymore, exiting..
[2026-03-02 19:33:18.226] [5899] [HailoRT] [info] [queue_elements.cpp:46] [~BaseQueueElement] Queue element PullQEl_nms0yolov11n/conv80_143 has 0 frames in his Queue on destruction
[2026-03-02 19:33:18.226] [5910] [HailoRT] [info] [queue_elements.cpp:68] [operator()] Thread in element PullQEl_nms1yolov11n/conv77_143 is not running anymore, exiting..
[2026-03-02 19:33:18.226] [5899] [HailoRT] [info] [queue_elements.cpp:46] [~BaseQueueElement] Queue element PullQEl_nms1yolov11n/conv77_143 has 0 frames in his Queue on destruction
[2026-03-02 19:33:18.226] [5909] [HailoRT] [info] [queue_elements.cpp:68] [operator()] Thread in element PullQEl_nms13yolov11n/conv65_143 is not running anymore, exiting..
[2026-03-02 19:33:18.226] [5899] [HailoRT] [info] [queue_elements.cpp:46] [~BaseQueueElement] Queue element PullQEl_nms13yolov11n/conv65_143 has 1 frames in his Queue on destruction
[2026-03-02 19:33:18.226] [5908] [HailoRT] [info] [queue_elements.cpp:68] [operator()] Thread in element PullQEl_nms15yolov11n/conv62_143 is not running anymore, exiting..
[2026-03-02 19:33:18.226] [5899] [HailoRT] [info] [queue_elements.cpp:46] [~BaseQueueElement] Queue element PullQEl_nms15yolov11n/conv62_143 has 0 frames in his Queue on destruction
[2026-03-02 19:33:18.226] [5907] [HailoRT] [info] [queue_elements.cpp:68] [operator()] Thread in element PullQEl_nms12yolov11n/conv54_143 is not running anymore, exiting..
[2026-03-02 19:33:18.226] [5899] [HailoRT] [info] [queue_elements.cpp:46] [~BaseQueueElement] Queue element PullQEl_nms12yolov11n/conv54_143 has 0 frames in his Queue on destruction
[2026-03-02 19:33:18.226] [5906] [HailoRT] [info] [queue_elements.cpp:68] [operator()] Thread in element PullQEl_nms3yolov11n/conv51_143 is not running anymore, exiting..
[2026-03-02 19:33:18.226] [5899] [HailoRT] [info] [queue_elements.cpp:46] [~BaseQueueElement] Queue element PullQEl_nms3yolov11n/conv51_143 has 0 frames in his Queue on destruction
[2026-03-02 19:33:18.226] [5899] [HailoRT] [info] [core_op.cpp:186] [deactivate] Deactivating took 0.009278 ms
[2026-03-02 19:33:18.226] [5899] [HailoRT] [info] [core_op.cpp:186] [deactivate] Deactivating took 0.021796 ms
[2026-03-03 16:53:54.970] [4152] [HailoRT] [info] [vdevice.cpp:535] [create] Creating vdevice with params: device_count: 1, scheduling_algorithm: NONE, multi_process_service: false
[2026-03-03 16:53:54.986] [4152] [HailoRT] [info] [device.cpp:51] [Device] OS Version: Linux 6.12.62+rpt-rpi-2712 #1 SMP PREEMPT Debian 1:6.12.62-1+rpt1 (2025-12-18) aarch64
[2026-03-03 16:53:54.987] [4152] [HailoRT] [info] [control.cpp:113] [control__parse_identify_results] firmware_version is: 4.23.0
[2026-03-03 16:53:54.987] [4152] [HailoRT] [info] [vdevice.cpp:682] [create] VDevice Infos: 0001:01:00.0
[2026-03-03 16:53:54.999] [4152] [HailoRT] [info] [internal_buffer_manager.cpp:77] [print_execution_results] Planned internal buffer memory: CMA=0 CMA-Desc=524288 Pinned=9423360. memory to edge layer usage factor is 1
[2026-03-03 16:53:54.999] [4152] [HailoRT] [info] [internal_buffer_manager.cpp:86] [print_execution_results] Default Internal buffer planner executed successfully
[2026-03-03 16:53:55.037] [4152] [HailoRT] [info] [device_internal.cpp:57] [configure] Configuring HEF took 49.389071 milliseconds
[2026-03-03 16:53:55.037] [4152] [HailoRT] [info] [vdevice.cpp:780] [configure] Configuring HEF on VDevice took 50.282241 milliseconds
[2026-03-03 16:53:55.037] [4152] [HailoRT] [info] [control.cpp:113] [control__parse_identify_results] firmware_version is: 4.23.0
[2026-03-03 16:53:55.038] [4152] [HailoRT] [info] [control.cpp:113] [control__parse_identify_results] firmware_version is: 4.23.0
[2026-03-03 16:53:55.039] [4152] [HailoRT] [info] [core_op.cpp:156] [activate] Activating yolov11n took 1.195857 milliseconds. Note that the function is asynchronous and thus the network is not fully activated yet.
[2026-03-03 16:53:55.039] [4152] [HailoRT] [info] [core_op.cpp:156] [activate] Activating yolov11n took 1.208319 milliseconds. Note that the function is asynchronous and thus the network is not fully activated yet.
[2026-03-03 16:53:55.053] [4152] [HailoRT] [info] [control.cpp:113] [control__parse_identify_results] firmware_version is: 4.23.0
[2026-03-03 16:53:55.054] [4152] [HailoRT] [info] [control.cpp:113] [control__parse_identify_results] firmware_version is: 4.23.0
[2026-03-03 16:53:55.054] [4152] [HailoRT] [info] [edge_elements.cpp:52] [create] Created (HwWriteEl8yolov11n/input_layer1 | hw_frame_size: 1228800)
[2026-03-03 16:53:55.054] [4152] [HailoRT] [info] [queue_elements.cpp:284] [create] Created (PushQEl8yolov11n/input_layer1 | timeout: 10s)
[2026-03-03 16:53:55.054] [4152] [HailoRT] [info] [filter_elements.cpp:101] [create] Created (PreInferEl8yolov11n/input_layer1 | Reorder - src_order: NHWC, src_shape: (640, 640, 3), dst_order: NHCW, dst_shape: (640, 640, 3))
[2026-03-03 16:53:55.054] [4152] [HailoRT] [info] [vstream.cpp:754] [InputVStreamImpl] Creating yolov11n/input_layer1...
[2026-03-03 16:53:55.054] [4152] [HailoRT] [info] [vstream_builder.cpp:102] [create_inputs] Input pipeline 'yolov11n/input_layer1': (PreInferEl8yolov11n/input_layer1 | Reorder - src_order: NHWC, src_shape: (640, 640, 3), dst_order: NHCW, dst_shape: (640, 640, 3)) >> (PushQEl8yolov11n/input_layer1 | timeout: 10s) >> (HwWriteEl8yolov11n/input_layer1 | hw_frame_size: 1228800) >> HW
[2026-03-03 16:53:55.054] [4152] [HailoRT] [info] [multi_io_elements.cpp:135] [create] Created (NmsPPMuxEl0YOLOV8-Post-Process | Op YOLOV8, Name: YOLOV8-Post-Process, Score threshold: 0.200, IoU threshold: 0.70, Classes: 80, Max bboxes per class: 100, Image height: 640, Image width: 640)
[2026-03-03 16:53:55.055] [4152] [HailoRT] [info] [edge_elements.cpp:287] [create] Created (HwReadEl3yolov11n/conv51_143 | hw_frame_size: 409600)
[2026-03-03 16:53:55.055] [4152] [HailoRT] [info] [queue_elements.cpp:657] [create] Created (PullQEl_nms3yolov11n/conv51_143 | timeout: 10s)
[2026-03-03 16:53:55.055] [4152] [HailoRT] [info] [edge_elements.cpp:287] [create] Created (HwReadEl12yolov11n/conv54_143 | hw_frame_size: 512000)
[2026-03-03 16:53:55.055] [4152] [HailoRT] [info] [queue_elements.cpp:657] [create] Created (PullQEl_nms12yolov11n/conv54_143 | timeout: 10s)
[2026-03-03 16:53:55.056] [4152] [HailoRT] [info] [edge_elements.cpp:287] [create] Created (HwReadEl15yolov11n/conv62_143 | hw_frame_size: 102400)
[2026-03-03 16:53:55.057] [4152] [HailoRT] [info] [queue_elements.cpp:657] [create] Created (PullQEl_nms15yolov11n/conv62_143 | timeout: 10s)
[2026-03-03 16:53:55.057] [4152] [HailoRT] [info] [edge_elements.cpp:287] [create] Created (HwReadEl13yolov11n/conv65_143 | hw_frame_size: 128000)
[2026-03-03 16:53:55.057] [4152] [HailoRT] [info] [queue_elements.cpp:657] [create] Created (PullQEl_nms13yolov11n/conv65_143 | timeout: 10s)
[2026-03-03 16:53:55.057] [4152] [HailoRT] [info] [edge_elements.cpp:287] [create] Created (HwReadEl1yolov11n/conv77_143 | hw_frame_size: 30720)
[2026-03-03 16:53:55.057] [4152] [HailoRT] [info] [queue_elements.cpp:657] [create] Created (PullQEl_nms1yolov11n/conv77_143 | timeout: 10s)
[2026-03-03 16:53:55.057] [4152] [HailoRT] [info] [edge_elements.cpp:287] [create] Created (HwReadEl0yolov11n/conv80_143 | hw_frame_size: 38400)
[2026-03-03 16:53:55.057] [4152] [HailoRT] [info] [queue_elements.cpp:657] [create] Created (PullQEl_nms0yolov11n/conv80_143 | timeout: 10s)
[2026-03-03 16:53:55.057] [4152] [HailoRT] [info] [queue_elements.cpp:800] [create] Created (UserBufQEl_post_infer0yolov11n/yolov8_nms_postprocess | timeout: 10s)
[2026-03-03 16:53:55.057] [4152] [HailoRT] [info] [vstream.cpp:1114] [OutputVStreamImpl] Creating yolov11n/yolov8_nms_postprocess...
[2026-03-03 16:53:55.057] [4152] [HailoRT] [info] [vstream_builder.cpp:622] [create_output_post_process_nms] Output pipeline 'yolov11n/yolov8_nms_postprocess': HW >> (HwReadEl3yolov11n/conv51_143 | hw_frame_size: 409600) >> (PullQEl_nms3yolov11n/conv51_143) >> (HwReadEl12yolov11n/conv54_143 | hw_frame_size: 512000) >> (PullQEl_nms12yolov11n/conv54_143) >> (HwReadEl15yolov11n/conv62_143 | hw_frame_size: 102400) >> (PullQEl_nms15yolov11n/conv62_143) >> (HwReadEl13yolov11n/conv65_143 | hw_frame_size: 128000) >> (PullQEl_nms13yolov11n/conv65_143) >> (HwReadEl1yolov11n/conv77_143 | hw_frame_size: 30720) >> (PullQEl_nms1yolov11n/conv77_143) >> (HwReadEl0yolov11n/conv80_143 | hw_frame_size: 38400) >> (PullQEl_nms0yolov11n/conv80_143) >> (NmsPPMuxEl0YOLOV8-Post-Process | Op YOLOV8, Name: YOLOV8-Post-Process, Score threshold: 0.200, IoU threshold: 0.70, Classes: 80, Max bboxes per class: 100, Image height: 640, Image width: 640) >> (UserBufQEl_post_infer0yolov11n/yolov8_nms_postprocess | timeout: 10s)
[2026-03-03 16:54:00.057] [4170] [HailoRT] [info] [vdevice_native_stream.cpp:331] [read_impl] Failed read from stream HAILO_STREAM_ABORT(63) (device: 0001:01:00.0)
[2026-03-03 16:54:00.057] [4168] [HailoRT] [info] [vdevice_native_stream.cpp:331] [read_impl] Failed read from stream HAILO_STREAM_ABORT(63) (device: 0001:01:00.0)
[2026-03-03 16:54:00.057] [4168] [HailoRT] [info] [edge_elements.cpp:396] [run_pull] Reading from stream was aborted!
[2026-03-03 16:54:00.057] [4164] [HailoRT] [info] [vdevice_native_stream.cpp:142] [write_impl] Failed write to stream yolov11n/input_layer1 (device: 0001:01:00.0) with status=HAILO_STREAM_ABORT(63)
[2026-03-03 16:54:00.057] [4169] [HailoRT] [info] [vdevice_native_stream.cpp:331] [read_impl] Failed read from stream HAILO_STREAM_ABORT(63) (device: 0001:01:00.0)
[2026-03-03 16:54:00.057] [4169] [HailoRT] [info] [edge_elements.cpp:396] [run_pull] Reading from stream was aborted!
[2026-03-03 16:54:00.057] [4164] [HailoRT] [info] [edge_elements.cpp:87] [run_push] Failed to send on input stream InputStream(index=8, name=yolov11n/input_layer1) because stream was aborted
[2026-03-03 16:54:00.057] [4166] [HailoRT] [info] [vdevice_native_stream.cpp:331] [read_impl] Failed read from stream HAILO_STREAM_ABORT(63) (device: 0001:01:00.0)
[2026-03-03 16:54:00.057] [4166] [HailoRT] [info] [edge_elements.cpp:396] [run_pull] Reading from stream was aborted!
[2026-03-03 16:54:00.057] [4164] [HailoRT] [info] [queue_elements.cpp:401] [run_in_thread] run_push of PushQEl8yolov11n/input_layer1 was aborted!
[2026-03-03 16:54:00.057] [4167] [HailoRT] [info] [vdevice_native_stream.cpp:331] [read_impl] Failed read from stream HAILO_STREAM_ABORT(63) (device: 0001:01:00.0)
[2026-03-03 16:54:00.057] [4167] [HailoRT] [info] [edge_elements.cpp:396] [run_pull] Reading from stream was aborted!
[2026-03-03 16:54:00.057] [4166] [HailoRT] [info] [queue_elements.cpp:738] [run_in_thread] run_pull of queue element PullQEl_nms12yolov11n/conv54_143 was aborted!
[2026-03-03 16:54:00.057] [4170] [HailoRT] [info] [edge_elements.cpp:396] [run_pull] Reading from stream was aborted!
[2026-03-03 16:54:00.057] [4167] [HailoRT] [info] [queue_elements.cpp:738] [run_in_thread] run_pull of queue element PullQEl_nms15yolov11n/conv62_143 was aborted!
[2026-03-03 16:54:00.057] [4170] [HailoRT] [info] [queue_elements.cpp:738] [run_in_thread] run_pull of queue element PullQEl_nms0yolov11n/conv80_143 was aborted!
[2026-03-03 16:54:00.057] [4175] [HailoRT] [info] [vstream.cpp:774] [write] Sending to VStream was shutdown!
[2026-03-03 16:54:00.057] [4175] [HailoRT] [info] [vstream.cpp:778] [write] Sending to VStream was aborted!
[2026-03-03 16:54:00.057] [4165] [HailoRT] [info] [vdevice_native_stream.cpp:331] [read_impl] Failed read from stream HAILO_STREAM_ABORT(63) (device: 0001:01:00.0)
[2026-03-03 16:54:00.057] [4165] [HailoRT] [info] [edge_elements.cpp:396] [run_pull] Reading from stream was aborted!
[2026-03-03 16:54:00.057] [4165] [HailoRT] [info] [queue_elements.cpp:738] [run_in_thread] run_pull of queue element PullQEl_nms3yolov11n/conv51_143 was aborted!
[2026-03-03 16:54:00.057] [4169] [HailoRT] [info] [queue_elements.cpp:738] [run_in_thread] run_pull of queue element PullQEl_nms1yolov11n/conv77_143 was aborted!
[2026-03-03 16:54:00.057] [4174] [HailoRT] [info] [queue_elements.cpp:706] [run_pull] Shutdown event was signaled in dequeue of queue element PullQEl_nms3yolov11n/conv51_143!
[2026-03-03 16:54:00.057] [4174] [HailoRT] [info] [vstream.cpp:1138] [read] Receiving to VStream was shutdown!
[2026-03-03 16:54:00.058] [4168] [HailoRT] [info] [queue_elements.cpp:738] [run_in_thread] run_pull of queue element PullQEl_nms13yolov11n/conv65_143 was aborted!
[2026-03-03 16:54:00.063] [4152] [HailoRT] [info] [queue_elements.cpp:360] [execute_deactivate] enqueue() in element PushQEl8yolov11n/input_layer1 was aborted, got status = HAILO_SHUTDOWN_EVENT_SIGNALED(57)
[2026-03-03 16:54:00.063] [4164] [HailoRT] [info] [queue_elements.cpp:68] [operator()] Thread in element PushQEl8yolov11n/input_layer1 is not running anymore, exiting..
[2026-03-03 16:54:00.063] [4152] [HailoRT] [info] [queue_elements.cpp:46] [~BaseQueueElement] Queue element PushQEl8yolov11n/input_layer1 has 1 frames in his Queue on destruction
[2026-03-03 16:54:00.063] [4171] [HailoRT] [info] [queue_elements.cpp:68] [operator()] Thread in element UserBufQEl_post_infer0yolov11n/yolov8_nms_postprocess is not running anymore, exiting..
[2026-03-03 16:54:00.063] [4152] [HailoRT] [info] [queue_elements.cpp:46] [~BaseQueueElement] Queue element UserBufQEl_post_infer0yolov11n/yolov8_nms_postprocess has 0 frames in his Queue on destruction
[2026-03-03 16:54:00.063] [4170] [HailoRT] [info] [queue_elements.cpp:68] [operator()] Thread in element PullQEl_nms0yolov11n/conv80_143 is not running anymore, exiting..
[2026-03-03 16:54:00.063] [4152] [HailoRT] [info] [queue_elements.cpp:46] [~BaseQueueElement] Queue element PullQEl_nms0yolov11n/conv80_143 has 0 frames in his Queue on destruction
[2026-03-03 16:54:00.063] [4169] [HailoRT] [info] [queue_elements.cpp:68] [operator()] Thread in element PullQEl_nms1yolov11n/conv77_143 is not running anymore, exiting..
[2026-03-03 16:54:00.064] [4152] [HailoRT] [info] [queue_elements.cpp:46] [~BaseQueueElement] Queue element PullQEl_nms1yolov11n/conv77_143 has 0 frames in his Queue on destruction
[2026-03-03 16:54:00.064] [4168] [HailoRT] [info] [queue_elements.cpp:68] [operator()] Thread in element PullQEl_nms13yolov11n/conv65_143 is not running anymore, exiting..
[2026-03-03 16:54:00.064] [4152] [HailoRT] [info] [queue_elements.cpp:46] [~BaseQueueElement] Queue element PullQEl_nms13yolov11n/conv65_143 has 0 frames in his Queue on destruction
[2026-03-03 16:54:00.064] [4167] [HailoRT] [info] [queue_elements.cpp:68] [operator()] Thread in element PullQEl_nms15yolov11n/conv62_143 is not running anymore, exiting..
[2026-03-03 16:54:00.064] [4152] [HailoRT] [info] [queue_elements.cpp:46] [~BaseQueueElement] Queue element PullQEl_nms15yolov11n/conv62_143 has 0 frames in his Queue on destruction
[2026-03-03 16:54:00.064] [4166] [HailoRT] [info] [queue_elements.cpp:68] [operator()] Thread in element PullQEl_nms12yolov11n/conv54_143 is not running anymore, exiting..
[2026-03-03 16:54:00.064] [4152] [HailoRT] [info] [queue_elements.cpp:46] [~BaseQueueElement] Queue element PullQEl_nms12yolov11n/conv54_143 has 0 frames in his Queue on destruction
[2026-03-03 16:54:00.064] [4165] [HailoRT] [info] [queue_elements.cpp:68] [operator()] Thread in element PullQEl_nms3yolov11n/conv51_143 is not running anymore, exiting..
[2026-03-03 16:54:00.064] [4152] [HailoRT] [info] [queue_elements.cpp:46] [~BaseQueueElement] Queue element PullQEl_nms3yolov11n/conv51_143 has 0 frames in his Queue on destruction
[2026-03-03 16:54:00.064] [4152] [HailoRT] [info] [core_op.cpp:186] [deactivate] Deactivating took 0.006055 ms
[2026-03-03 16:54:00.064] [4152] [HailoRT] [info] [core_op.cpp:186] [deactivate] Deactivating took 0.014352 ms
[2026-03-03 16:54:15.490] [4252] [HailoRT] [info] [vdevice.cpp:535] [create] Creating vdevice with params: device_count: 1, scheduling_algorithm: NONE, multi_process_service: false
[2026-03-03 16:54:15.503] [4252] [HailoRT] [info] [device.cpp:51] [Device] OS Version: Linux 6.12.62+rpt-rpi-2712 #1 SMP PREEMPT Debian 1:6.12.62-1+rpt1 (2025-12-18) aarch64
[2026-03-03 16:54:15.505] [4252] [HailoRT] [info] [control.cpp:113] [control__parse_identify_results] firmware_version is: 4.23.0
[2026-03-03 16:54:15.505] [4252] [HailoRT] [info] [vdevice.cpp:682] [create] VDevice Infos: 0001:01:00.0
[2026-03-03 16:54:15.513] [4252] [HailoRT] [info] [internal_buffer_manager.cpp:77] [print_execution_results] Planned internal buffer memory: CMA=0 CMA-Desc=327680 Pinned=1180160. memory to edge layer usage factor is 1
[2026-03-03 16:54:15.513] [4252] [HailoRT] [info] [internal_buffer_manager.cpp:86] [print_execution_results] Default Internal buffer planner executed successfully
[2026-03-03 16:54:15.555] [4252] [HailoRT] [info] [device_internal.cpp:57] [configure] Configuring HEF took 50.127609 milliseconds
[2026-03-03 16:54:15.556] [4252] [HailoRT] [info] [vdevice.cpp:780] [configure] Configuring HEF on VDevice took 50.550758 milliseconds
[2026-03-03 16:54:15.556] [4252] [HailoRT] [info] [control.cpp:113] [control__parse_identify_results] firmware_version is: 4.23.0
[2026-03-03 16:54:15.556] [4252] [HailoRT] [info] [control.cpp:113] [control__parse_identify_results] firmware_version is: 4.23.0
[2026-03-03 16:54:15.557] [4252] [HailoRT] [info] [core_op.cpp:156] [activate] Activating yolov11n took 0.825466 milliseconds. Note that the function is asynchronous and thus the network is not fully activated yet.
[2026-03-03 16:54:15.557] [4252] [HailoRT] [info] [core_op.cpp:156] [activate] Activating yolov11n took 0.845281 milliseconds. Note that the function is asynchronous and thus the network is not fully activated yet.
[2026-03-03 16:54:15.576] [4252] [HailoRT] [info] [control.cpp:113] [control__parse_identify_results] firmware_version is: 4.23.0
[2026-03-03 16:54:15.577] [4252] [HailoRT] [info] [control.cpp:113] [control__parse_identify_results] firmware_version is: 4.23.0
[2026-03-03 16:54:15.577] [4252] [HailoRT] [info] [edge_elements.cpp:52] [create] Created (HwWriteEl8yolov11n/input_layer1 | hw_frame_size: 1228800)
[2026-03-03 16:54:15.577] [4252] [HailoRT] [info] [queue_elements.cpp:284] [create] Created (PushQEl8yolov11n/input_layer1 | timeout: 10s)
[2026-03-03 16:54:15.577] [4252] [HailoRT] [info] [filter_elements.cpp:101] [create] Created (PreInferEl8yolov11n/input_layer1 | Reorder - src_order: NHWC, src_shape: (640, 640, 3), dst_order: NHCW, dst_shape: (640, 640, 3))
[2026-03-03 16:54:15.577] [4252] [HailoRT] [info] [vstream.cpp:754] [InputVStreamImpl] Creating yolov11n/input_layer1...
[2026-03-03 16:54:15.577] [4252] [HailoRT] [info] [vstream_builder.cpp:102] [create_inputs] Input pipeline 'yolov11n/input_layer1': (PreInferEl8yolov11n/input_layer1 | Reorder - src_order: NHWC, src_shape: (640, 640, 3), dst_order: NHCW, dst_shape: (640, 640, 3)) >> (PushQEl8yolov11n/input_layer1 | timeout: 10s) >> (HwWriteEl8yolov11n/input_layer1 | hw_frame_size: 1228800) >> HW
[2026-03-03 16:54:15.577] [4252] [HailoRT] [info] [multi_io_elements.cpp:135] [create] Created (NmsPPMuxEl0YOLOV8-Post-Process | Op YOLOV8, Name: YOLOV8-Post-Process, Score threshold: 0.200, IoU threshold: 0.70, Classes: 80, Max bboxes per class: 100, Image height: 640, Image width: 640)
[2026-03-03 16:54:15.577] [4252] [HailoRT] [info] [edge_elements.cpp:287] [create] Created (HwReadEl3yolov11n/conv51_143 | hw_frame_size: 409600)
[2026-03-03 16:54:15.577] [4252] [HailoRT] [info] [queue_elements.cpp:657] [create] Created (PullQEl_nms3yolov11n/conv51_143 | timeout: 10s)
[2026-03-03 16:54:15.577] [4252] [HailoRT] [info] [edge_elements.cpp:287] [create] Created (HwReadEl12yolov11n/conv54_143 | hw_frame_size: 512000)
[2026-03-03 16:54:15.577] [4252] [HailoRT] [info] [queue_elements.cpp:657] [create] Created (PullQEl_nms12yolov11n/conv54_143 | timeout: 10s)
[2026-03-03 16:54:15.578] [4252] [HailoRT] [info] [edge_elements.cpp:287] [create] Created (HwReadEl15yolov11n/conv62_143 | hw_frame_size: 102400)
[2026-03-03 16:54:15.578] [4252] [HailoRT] [info] [queue_elements.cpp:657] [create] Created (PullQEl_nms15yolov11n/conv62_143 | timeout: 10s)
[2026-03-03 16:54:15.578] [4252] [HailoRT] [info] [edge_elements.cpp:287] [create] Created (HwReadEl13yolov11n/conv65_143 | hw_frame_size: 128000)
[2026-03-03 16:54:15.578] [4252] [HailoRT] [info] [queue_elements.cpp:657] [create] Created (PullQEl_nms13yolov11n/conv65_143 | timeout: 10s)
[2026-03-03 16:54:15.578] [4252] [HailoRT] [info] [edge_elements.cpp:287] [create] Created (HwReadEl1yolov11n/conv77_143 | hw_frame_size: 30720)
[2026-03-03 16:54:15.579] [4252] [HailoRT] [info] [queue_elements.cpp:657] [create] Created (PullQEl_nms1yolov11n/conv77_143 | timeout: 10s)
[2026-03-03 16:54:15.579] [4252] [HailoRT] [info] [edge_elements.cpp:287] [create] Created (HwReadEl0yolov11n/conv80_143 | hw_frame_size: 38400)
[2026-03-03 16:54:15.579] [4252] [HailoRT] [info] [queue_elements.cpp:657] [create] Created (PullQEl_nms0yolov11n/conv80_143 | timeout: 10s)
[2026-03-03 16:54:15.579] [4252] [HailoRT] [info] [queue_elements.cpp:800] [create] Created (UserBufQEl_post_infer0yolov11n/yolov8_nms_postprocess | timeout: 10s)
[2026-03-03 16:54:15.579] [4252] [HailoRT] [info] [vstream.cpp:1114] [OutputVStreamImpl] Creating yolov11n/yolov8_nms_postprocess...
[2026-03-03 16:54:15.579] [4252] [HailoRT] [info] [vstream_builder.cpp:622] [create_output_post_process_nms] Output pipeline 'yolov11n/yolov8_nms_postprocess': HW >> (HwReadEl3yolov11n/conv51_143 | hw_frame_size: 409600) >> (PullQEl_nms3yolov11n/conv51_143) >> (HwReadEl12yolov11n/conv54_143 | hw_frame_size: 512000) >> (PullQEl_nms12yolov11n/conv54_143) >> (HwReadEl15yolov11n/conv62_143 | hw_frame_size: 102400) >> (PullQEl_nms15yolov11n/conv62_143) >> (HwReadEl13yolov11n/conv65_143 | hw_frame_size: 128000) >> (PullQEl_nms13yolov11n/conv65_143) >> (HwReadEl1yolov11n/conv77_143 | hw_frame_size: 30720) >> (PullQEl_nms1yolov11n/conv77_143) >> (HwReadEl0yolov11n/conv80_143 | hw_frame_size: 38400) >> (PullQEl_nms0yolov11n/conv80_143) >> (NmsPPMuxEl0YOLOV8-Post-Process | Op YOLOV8, Name: YOLOV8-Post-Process, Score threshold: 0.200, IoU threshold: 0.70, Classes: 80, Max bboxes per class: 100, Image height: 640, Image width: 640) >> (UserBufQEl_post_infer0yolov11n/yolov8_nms_postprocess | timeout: 10s)
[2026-03-03 16:54:20.580] [4268] [HailoRT] [info] [vdevice_native_stream.cpp:331] [read_impl] Failed read from stream HAILO_STREAM_ABORT(63) (device: 0001:01:00.0)
[2026-03-03 16:54:20.580] [4267] [HailoRT] [info] [vdevice_native_stream.cpp:331] [read_impl] Failed read from stream HAILO_STREAM_ABORT(63) (device: 0001:01:00.0)
[2026-03-03 16:54:20.580] [4267] [HailoRT] [info] [edge_elements.cpp:396] [run_pull] Reading from stream was aborted!
[2026-03-03 16:54:20.580] [4265] [HailoRT] [info] [vdevice_native_stream.cpp:142] [write_impl] Failed write to stream yolov11n/input_layer1 (device: 0001:01:00.0) with status=HAILO_STREAM_ABORT(63)
[2026-03-03 16:54:20.580] [4267] [HailoRT] [info] [queue_elements.cpp:738] [run_in_thread] run_pull of queue element PullQEl_nms12yolov11n/conv54_143 was aborted!
[2026-03-03 16:54:20.580] [4266] [HailoRT] [info] [vdevice_native_stream.cpp:331] [read_impl] Failed read from stream HAILO_STREAM_ABORT(63) (device: 0001:01:00.0)
[2026-03-03 16:54:20.580] [4266] [HailoRT] [info] [edge_elements.cpp:396] [run_pull] Reading from stream was aborted!
[2026-03-03 16:54:20.580] [4270] [HailoRT] [info] [vdevice_native_stream.cpp:331] [read_impl] Failed read from stream HAILO_STREAM_ABORT(63) (device: 0001:01:00.0)
[2026-03-03 16:54:20.580] [4270] [HailoRT] [info] [edge_elements.cpp:396] [run_pull] Reading from stream was aborted!
[2026-03-03 16:54:20.580] [4266] [HailoRT] [info] [queue_elements.cpp:738] [run_in_thread] run_pull of queue element PullQEl_nms3yolov11n/conv51_143 was aborted!
[2026-03-03 16:54:20.580] [4268] [HailoRT] [info] [edge_elements.cpp:396] [run_pull] Reading from stream was aborted!
[2026-03-03 16:54:20.580] [4271] [HailoRT] [info] [vdevice_native_stream.cpp:331] [read_impl] Failed read from stream HAILO_STREAM_ABORT(63) (device: 0001:01:00.0)
[2026-03-03 16:54:20.580] [4269] [HailoRT] [info] [vdevice_native_stream.cpp:331] [read_impl] Failed read from stream HAILO_STREAM_ABORT(63) (device: 0001:01:00.0)
[2026-03-03 16:54:20.580] [4271] [HailoRT] [info] [edge_elements.cpp:396] [run_pull] Reading from stream was aborted!
[2026-03-03 16:54:20.580] [4269] [HailoRT] [info] [edge_elements.cpp:396] [run_pull] Reading from stream was aborted!
[2026-03-03 16:54:20.580] [4275] [HailoRT] [info] [queue_elements.cpp:706] [run_pull] Shutdown event was signaled in dequeue of queue element PullQEl_nms3yolov11n/conv51_143!
[2026-03-03 16:54:20.580] [4271] [HailoRT] [info] [queue_elements.cpp:738] [run_in_thread] run_pull of queue element PullQEl_nms0yolov11n/conv80_143 was aborted!
[2026-03-03 16:54:20.580] [4269] [HailoRT] [info] [queue_elements.cpp:738] [run_in_thread] run_pull of queue element PullQEl_nms13yolov11n/conv65_143 was aborted!
[2026-03-03 16:54:20.580] [4265] [HailoRT] [info] [edge_elements.cpp:87] [run_push] Failed to send on input stream InputStream(index=8, name=yolov11n/input_layer1) because stream was aborted
[2026-03-03 16:54:20.580] [4268] [HailoRT] [info] [queue_elements.cpp:738] [run_in_thread] run_pull of queue element PullQEl_nms15yolov11n/conv62_143 was aborted!
[2026-03-03 16:54:20.580] [4265] [HailoRT] [info] [queue_elements.cpp:401] [run_in_thread] run_push of PushQEl8yolov11n/input_layer1 was aborted!
[2026-03-03 16:54:20.580] [4270] [HailoRT] [info] [queue_elements.cpp:738] [run_in_thread] run_pull of queue element PullQEl_nms1yolov11n/conv77_143 was aborted!
[2026-03-03 16:54:20.580] [4276] [HailoRT] [info] [vstream.cpp:774] [write] Sending to VStream was shutdown!
[2026-03-03 16:54:20.580] [4276] [HailoRT] [info] [vstream.cpp:778] [write] Sending to VStream was aborted!
[2026-03-03 16:54:20.580] [4275] [HailoRT] [info] [vstream.cpp:1138] [read] Receiving to VStream was shutdown!
[2026-03-03 16:54:20.612] [4252] [HailoRT] [info] [queue_elements.cpp:360] [execute_deactivate] enqueue() in element PushQEl8yolov11n/input_layer1 was aborted, got status = HAILO_SHUTDOWN_EVENT_SIGNALED(57)
[2026-03-03 16:54:20.612] [4265] [HailoRT] [info] [queue_elements.cpp:68] [operator()] Thread in element PushQEl8yolov11n/input_layer1 is not running anymore, exiting..
[2026-03-03 16:54:20.612] [4252] [HailoRT] [info] [queue_elements.cpp:46] [~BaseQueueElement] Queue element PushQEl8yolov11n/input_layer1 has 1 frames in his Queue on destruction
[2026-03-03 16:54:20.612] [4272] [HailoRT] [info] [queue_elements.cpp:68] [operator()] Thread in element UserBufQEl_post_infer0yolov11n/yolov8_nms_postprocess is not running anymore, exiting..
[2026-03-03 16:54:20.612] [4252] [HailoRT] [info] [queue_elements.cpp:46] [~BaseQueueElement] Queue element UserBufQEl_post_infer0yolov11n/yolov8_nms_postprocess has 0 frames in his Queue on destruction
[2026-03-03 16:54:20.612] [4271] [HailoRT] [info] [queue_elements.cpp:68] [operator()] Thread in element PullQEl_nms0yolov11n/conv80_143 is not running anymore, exiting..
[2026-03-03 16:54:20.612] [4252] [HailoRT] [info] [queue_elements.cpp:46] [~BaseQueueElement] Queue element PullQEl_nms0yolov11n/conv80_143 has 0 frames in his Queue on destruction
[2026-03-03 16:54:20.612] [4270] [HailoRT] [info] [queue_elements.cpp:68] [operator()] Thread in element PullQEl_nms1yolov11n/conv77_143 is not running anymore, exiting..
[2026-03-03 16:54:20.612] [4252] [HailoRT] [info] [queue_elements.cpp:46] [~BaseQueueElement] Queue element PullQEl_nms1yolov11n/conv77_143 has 0 frames in his Queue on destruction
[2026-03-03 16:54:20.612] [4269] [HailoRT] [info] [queue_elements.cpp:68] [operator()] Thread in element PullQEl_nms13yolov11n/conv65_143 is not running anymore, exiting..
[2026-03-03 16:54:20.613] [4252] [HailoRT] [info] [queue_elements.cpp:46] [~BaseQueueElement] Queue element PullQEl_nms13yolov11n/conv65_143 has 0 frames in his Queue on destruction
[2026-03-03 16:54:20.613] [4268] [HailoRT] [info] [queue_elements.cpp:68] [operator()] Thread in element PullQEl_nms15yolov11n/conv62_143 is not running anymore, exiting..
[2026-03-03 16:54:20.613] [4252] [HailoRT] [info] [queue_elements.cpp:46] [~BaseQueueElement] Queue element PullQEl_nms15yolov11n/conv62_143 has 0 frames in his Queue on destruction
[2026-03-03 16:54:20.613] [4267] [HailoRT] [info] [queue_elements.cpp:68] [operator()] Thread in element PullQEl_nms12yolov11n/conv54_143 is not running anymore, exiting..
[2026-03-03 16:54:20.613] [4252] [HailoRT] [info] [queue_elements.cpp:46] [~BaseQueueElement] Queue element PullQEl_nms12yolov11n/conv54_143 has 0 frames in his Queue on destruction
[2026-03-03 16:54:20.613] [4266] [HailoRT] [info] [queue_elements.cpp:68] [operator()] Thread in element PullQEl_nms3yolov11n/conv51_143 is not running anymore, exiting..
[2026-03-03 16:54:20.613] [4252] [HailoRT] [info] [queue_elements.cpp:46] [~BaseQueueElement] Queue element PullQEl_nms3yolov11n/conv51_143 has 0 frames in his Queue on destruction
[2026-03-03 16:54:20.613] [4252] [HailoRT] [info] [core_op.cpp:186] [deactivate] Deactivating took 0.010426 ms
[2026-03-03 16:54:20.613] [4252] [HailoRT] [info] [core_op.cpp:186] [deactivate] Deactivating took 0.025852 ms
[2026-03-03 17:05:33.017] [6011] [HailoRT] [info] [device.cpp:51] [Device] OS Version: Linux 6.12.62+rpt-rpi-2712 #1 SMP PREEMPT Debian 1:6.12.62-1+rpt1 (2025-12-18) aarch64
[2026-03-03 17:05:33.018] [6011] [HailoRT] [info] [control.cpp:113] [control__parse_identify_results] firmware_version is: 4.23.0
[2026-03-03 17:05:33.018] [6011] [HailoRT] [info] [control.cpp:113] [control__parse_identify_results] firmware_version is: 4.23.0
[2026-03-03 17:11:09.142] [6373] [HailoRT] [info] [device.cpp:51] [Device] OS Version: Linux 6.12.62+rpt-rpi-2712 #1 SMP PREEMPT Debian 1:6.12.62-1+rpt1 (2025-12-18) aarch64
[2026-03-03 17:11:09.143] [6373] [HailoRT] [info] [control.cpp:113] [control__parse_identify_results] firmware_version is: 4.23.0
[2026-03-03 17:11:09.143] [6373] [HailoRT] [info] [control.cpp:113] [control__parse_identify_results] firmware_version is: 4.23.0
[2026-03-03 17:17:22.552] [6629] [HailoRT] [info] [vdevice.cpp:535] [create] Creating vdevice with params: device_count: 1, scheduling_algorithm: NONE, multi_process_service: false
[2026-03-03 17:17:22.565] [6629] [HailoRT] [info] [device.cpp:51] [Device] OS Version: Linux 6.12.62+rpt-rpi-2712 #1 SMP PREEMPT Debian 1:6.12.62-1+rpt1 (2025-12-18) aarch64
[2026-03-03 17:17:22.565] [6629] [HailoRT] [info] [control.cpp:113] [control__parse_identify_results] firmware_version is: 4.23.0
[2026-03-03 17:17:22.565] [6629] [HailoRT] [info] [vdevice.cpp:682] [create] VDevice Infos: 0001:01:00.0
[2026-03-03 17:17:22.573] [6629] [HailoRT] [info] [internal_buffer_manager.cpp:77] [print_execution_results] Planned internal buffer memory: CMA=0 CMA-Desc=327680 Pinned=1180160. memory to edge layer usage factor is 1
[2026-03-03 17:17:22.573] [6629] [HailoRT] [info] [internal_buffer_manager.cpp:86] [print_execution_results] Default Internal buffer planner executed successfully
[2026-03-03 17:17:22.608] [6629] [HailoRT] [info] [device_internal.cpp:57] [configure] Configuring HEF took 42.140064 milliseconds
[2026-03-03 17:17:22.608] [6629] [HailoRT] [info] [vdevice.cpp:780] [configure] Configuring HEF on VDevice took 42.482676 milliseconds
[2026-03-03 17:17:22.608] [6629] [HailoRT] [info] [control.cpp:113] [control__parse_identify_results] firmware_version is: 4.23.0
[2026-03-03 17:17:22.608] [6629] [HailoRT] [info] [control.cpp:113] [control__parse_identify_results] firmware_version is: 4.23.0
[2026-03-03 17:17:22.609] [6629] [HailoRT] [info] [core_op.cpp:156] [activate] Activating yolov11n took 0.672205 milliseconds. Note that the function is asynchronous and thus the network is not fully activated yet.
[2026-03-03 17:17:22.609] [6629] [HailoRT] [info] [core_op.cpp:156] [activate] Activating yolov11n took 0.682483 milliseconds. Note that the function is asynchronous and thus the network is not fully activated yet.
[2026-03-03 17:17:22.623] [6629] [HailoRT] [info] [control.cpp:113] [control__parse_identify_results] firmware_version is: 4.23.0
[2026-03-03 17:17:22.623] [6629] [HailoRT] [info] [control.cpp:113] [control__parse_identify_results] firmware_version is: 4.23.0
[2026-03-03 17:17:22.623] [6629] [HailoRT] [info] [edge_elements.cpp:52] [create] Created (HwWriteEl8yolov11n/input_layer1 | hw_frame_size: 1228800)
[2026-03-03 17:17:22.623] [6629] [HailoRT] [info] [queue_elements.cpp:284] [create] Created (PushQEl8yolov11n/input_layer1 | timeout: 10s)
[2026-03-03 17:17:22.623] [6629] [HailoRT] [info] [filter_elements.cpp:101] [create] Created (PreInferEl8yolov11n/input_layer1 | Reorder - src_order: NHWC, src_shape: (640, 640, 3), dst_order: NHCW, dst_shape: (640, 640, 3))
[2026-03-03 17:17:22.623] [6629] [HailoRT] [info] [vstream.cpp:754] [InputVStreamImpl] Creating yolov11n/input_layer1...
[2026-03-03 17:17:22.623] [6629] [HailoRT] [info] [vstream_builder.cpp:102] [create_inputs] Input pipeline 'yolov11n/input_layer1': (PreInferEl8yolov11n/input_layer1 | Reorder - src_order: NHWC, src_shape: (640, 640, 3), dst_order: NHCW, dst_shape: (640, 640, 3)) >> (PushQEl8yolov11n/input_layer1 | timeout: 10s) >> (HwWriteEl8yolov11n/input_layer1 | hw_frame_size: 1228800) >> HW
[2026-03-03 17:17:22.623] [6629] [HailoRT] [info] [multi_io_elements.cpp:135] [create] Created (NmsPPMuxEl0YOLOV8-Post-Process | Op YOLOV8, Name: YOLOV8-Post-Process, Score threshold: 0.200, IoU threshold: 0.70, Classes: 80, Max bboxes per class: 100, Image height: 640, Image width: 640)
[2026-03-03 17:17:22.623] [6629] [HailoRT] [info] [edge_elements.cpp:287] [create] Created (HwReadEl3yolov11n/conv51_143 | hw_frame_size: 409600)
[2026-03-03 17:17:22.623] [6629] [HailoRT] [info] [queue_elements.cpp:657] [create] Created (PullQEl_nms3yolov11n/conv51_143 | timeout: 10s)
[2026-03-03 17:17:22.623] [6629] [HailoRT] [info] [edge_elements.cpp:287] [create] Created (HwReadEl12yolov11n/conv54_143 | hw_frame_size: 512000)
[2026-03-03 17:17:22.624] [6629] [HailoRT] [info] [queue_elements.cpp:657] [create] Created (PullQEl_nms12yolov11n/conv54_143 | timeout: 10s)
[2026-03-03 17:17:22.624] [6629] [HailoRT] [info] [edge_elements.cpp:287] [create] Created (HwReadEl15yolov11n/conv62_143 | hw_frame_size: 102400)
[2026-03-03 17:17:22.624] [6629] [HailoRT] [info] [queue_elements.cpp:657] [create] Created (PullQEl_nms15yolov11n/conv62_143 | timeout: 10s)
[2026-03-03 17:17:22.624] [6629] [HailoRT] [info] [edge_elements.cpp:287] [create] Created (HwReadEl13yolov11n/conv65_143 | hw_frame_size: 128000)
[2026-03-03 17:17:22.624] [6629] [HailoRT] [info] [queue_elements.cpp:657] [create] Created (PullQEl_nms13yolov11n/conv65_143 | timeout: 10s)
[2026-03-03 17:17:22.624] [6629] [HailoRT] [info] [edge_elements.cpp:287] [create] Created (HwReadEl1yolov11n/conv77_143 | hw_frame_size: 30720)
[2026-03-03 17:17:22.624] [6629] [HailoRT] [info] [queue_elements.cpp:657] [create] Created (PullQEl_nms1yolov11n/conv77_143 | timeout: 10s)
[2026-03-03 17:17:22.624] [6629] [HailoRT] [info] [edge_elements.cpp:287] [create] Created (HwReadEl0yolov11n/conv80_143 | hw_frame_size: 38400)
[2026-03-03 17:17:22.624] [6629] [HailoRT] [info] [queue_elements.cpp:657] [create] Created (PullQEl_nms0yolov11n/conv80_143 | timeout: 10s)
[2026-03-03 17:17:22.624] [6629] [HailoRT] [info] [queue_elements.cpp:800] [create] Created (UserBufQEl_post_infer0yolov11n/yolov8_nms_postprocess | timeout: 10s)
[2026-03-03 17:17:22.624] [6629] [HailoRT] [info] [vstream.cpp:1114] [OutputVStreamImpl] Creating yolov11n/yolov8_nms_postprocess...
[2026-03-03 17:17:22.624] [6629] [HailoRT] [info] [vstream_builder.cpp:622] [create_output_post_process_nms] Output pipeline 'yolov11n/yolov8_nms_postprocess': HW >> (HwReadEl3yolov11n/conv51_143 | hw_frame_size: 409600) >> (PullQEl_nms3yolov11n/conv51_143) >> (HwReadEl12yolov11n/conv54_143 | hw_frame_size: 512000) >> (PullQEl_nms12yolov11n/conv54_143) >> (HwReadEl15yolov11n/conv62_143 | hw_frame_size: 102400) >> (PullQEl_nms15yolov11n/conv62_143) >> (HwReadEl13yolov11n/conv65_143 | hw_frame_size: 128000) >> (PullQEl_nms13yolov11n/conv65_143) >> (HwReadEl1yolov11n/conv77_143 | hw_frame_size: 30720) >> (PullQEl_nms1yolov11n/conv77_143) >> (HwReadEl0yolov11n/conv80_143 | hw_frame_size: 38400) >> (PullQEl_nms0yolov11n/conv80_143) >> (NmsPPMuxEl0YOLOV8-Post-Process | Op YOLOV8, Name: YOLOV8-Post-Process, Score threshold: 0.200, IoU threshold: 0.70, Classes: 80, Max bboxes per class: 100, Image height: 640, Image width: 640) >> (UserBufQEl_post_infer0yolov11n/yolov8_nms_postprocess | timeout: 10s)
[2026-03-03 17:17:27.624] [6636] [HailoRT] [info] [vdevice_native_stream.cpp:331] [read_impl] Failed read from stream HAILO_STREAM_ABORT(63) (device: 0001:01:00.0)
[2026-03-03 17:17:27.624] [6636] [HailoRT] [info] [edge_elements.cpp:396] [run_pull] Reading from stream was aborted!
[2026-03-03 17:17:27.624] [6636] [HailoRT] [info] [queue_elements.cpp:738] [run_in_thread] run_pull of queue element PullQEl_nms3yolov11n/conv51_143 was aborted!
[2026-03-03 17:17:27.624] [6645] [HailoRT] [info] [queue_elements.cpp:706] [run_pull] Shutdown event was signaled in dequeue of queue element PullQEl_nms3yolov11n/conv51_143!
[2026-03-03 17:17:27.624] [6645] [HailoRT] [info] [vstream.cpp:1138] [read] Receiving to VStream was shutdown!
[2026-03-03 17:17:27.624] [6637] [HailoRT] [info] [vdevice_native_stream.cpp:331] [read_impl] Failed read from stream HAILO_STREAM_ABORT(63) (device: 0001:01:00.0)
[2026-03-03 17:17:27.624] [6637] [HailoRT] [info] [edge_elements.cpp:396] [run_pull] Reading from stream was aborted!
[2026-03-03 17:17:27.624] [6637] [HailoRT] [info] [queue_elements.cpp:738] [run_in_thread] run_pull of queue element PullQEl_nms12yolov11n/conv54_143 was aborted!
[2026-03-03 17:17:27.624] [6635] [HailoRT] [info] [vdevice_native_stream.cpp:142] [write_impl] Failed write to stream yolov11n/input_layer1 (device: 0001:01:00.0) with status=HAILO_STREAM_ABORT(63)
[2026-03-03 17:17:27.624] [6638] [HailoRT] [info] [vdevice_native_stream.cpp:331] [read_impl] Failed read from stream HAILO_STREAM_ABORT(63) (device: 0001:01:00.0)
[2026-03-03 17:17:27.624] [6638] [HailoRT] [info] [edge_elements.cpp:396] [run_pull] Reading from stream was aborted!
[2026-03-03 17:17:27.624] [6635] [HailoRT] [info] [edge_elements.cpp:87] [run_push] Failed to send on input stream InputStream(index=8, name=yolov11n/input_layer1) because stream was aborted
[2026-03-03 17:17:27.624] [6638] [HailoRT] [info] [queue_elements.cpp:738] [run_in_thread] run_pull of queue element PullQEl_nms15yolov11n/conv62_143 was aborted!
[2026-03-03 17:17:27.624] [6635] [HailoRT] [info] [queue_elements.cpp:401] [run_in_thread] run_push of PushQEl8yolov11n/input_layer1 was aborted!
[2026-03-03 17:17:27.624] [6640] [HailoRT] [info] [vdevice_native_stream.cpp:331] [read_impl] Failed read from stream HAILO_STREAM_ABORT(63) (device: 0001:01:00.0)
[2026-03-03 17:17:27.624] [6640] [HailoRT] [info] [edge_elements.cpp:396] [run_pull] Reading from stream was aborted!
[2026-03-03 17:17:27.624] [6639] [HailoRT] [info] [vdevice_native_stream.cpp:331] [read_impl] Failed read from stream HAILO_STREAM_ABORT(63) (device: 0001:01:00.0)
[2026-03-03 17:17:27.624] [6639] [HailoRT] [info] [edge_elements.cpp:396] [run_pull] Reading from stream was aborted!
[2026-03-03 17:17:27.624] [6640] [HailoRT] [info] [queue_elements.cpp:738] [run_in_thread] run_pull of queue element PullQEl_nms1yolov11n/conv77_143 was aborted!
[2026-03-03 17:17:27.624] [6639] [HailoRT] [info] [queue_elements.cpp:738] [run_in_thread] run_pull of queue element PullQEl_nms13yolov11n/conv65_143 was aborted!
[2026-03-03 17:17:27.624] [6646] [HailoRT] [info] [vstream.cpp:774] [write] Sending to VStream was shutdown!
[2026-03-03 17:17:27.624] [6646] [HailoRT] [info] [vstream.cpp:778] [write] Sending to VStream was aborted!
[2026-03-03 17:17:27.624] [6641] [HailoRT] [info] [vdevice_native_stream.cpp:331] [read_impl] Failed read from stream HAILO_STREAM_ABORT(63) (device: 0001:01:00.0)
[2026-03-03 17:17:27.624] [6641] [HailoRT] [info] [edge_elements.cpp:396] [run_pull] Reading from stream was aborted!
[2026-03-03 17:17:27.624] [6641] [HailoRT] [info] [queue_elements.cpp:738] [run_in_thread] run_pull of queue element PullQEl_nms0yolov11n/conv80_143 was aborted!
[2026-03-03 17:17:27.656] [6629] [HailoRT] [info] [queue_elements.cpp:360] [execute_deactivate] enqueue() in element PushQEl8yolov11n/input_layer1 was aborted, got status = HAILO_SHUTDOWN_EVENT_SIGNALED(57)
[2026-03-03 17:17:27.656] [6635] [HailoRT] [info] [queue_elements.cpp:68] [operator()] Thread in element PushQEl8yolov11n/input_layer1 is not running anymore, exiting..
[2026-03-03 17:17:27.657] [6629] [HailoRT] [info] [queue_elements.cpp:46] [~BaseQueueElement] Queue element PushQEl8yolov11n/input_layer1 has 1 frames in his Queue on destruction
[2026-03-03 17:17:27.657] [6642] [HailoRT] [info] [queue_elements.cpp:68] [operator()] Thread in element UserBufQEl_post_infer0yolov11n/yolov8_nms_postprocess is not running anymore, exiting..
[2026-03-03 17:17:27.657] [6629] [HailoRT] [info] [queue_elements.cpp:46] [~BaseQueueElement] Queue element UserBufQEl_post_infer0yolov11n/yolov8_nms_postprocess has 0 frames in his Queue on destruction
[2026-03-03 17:17:27.657] [6641] [HailoRT] [info] [queue_elements.cpp:68] [operator()] Thread in element PullQEl_nms0yolov11n/conv80_143 is not running anymore, exiting..
[2026-03-03 17:17:27.657] [6629] [HailoRT] [info] [queue_elements.cpp:46] [~BaseQueueElement] Queue element PullQEl_nms0yolov11n/conv80_143 has 0 frames in his Queue on destruction
[2026-03-03 17:17:27.657] [6640] [HailoRT] [info] [queue_elements.cpp:68] [operator()] Thread in element PullQEl_nms1yolov11n/conv77_143 is not running anymore, exiting..
[2026-03-03 17:17:27.657] [6629] [HailoRT] [info] [queue_elements.cpp:46] [~BaseQueueElement] Queue element PullQEl_nms1yolov11n/conv77_143 has 0 frames in his Queue on destruction
[2026-03-03 17:17:27.657] [6639] [HailoRT] [info] [queue_elements.cpp:68] [operator()] Thread in element PullQEl_nms13yolov11n/conv65_143 is not running anymore, exiting..
[2026-03-03 17:17:27.657] [6629] [HailoRT] [info] [queue_elements.cpp:46] [~BaseQueueElement] Queue element PullQEl_nms13yolov11n/conv65_143 has 0 frames in his Queue on destruction
[2026-03-03 17:17:27.657] [6638] [HailoRT] [info] [queue_elements.cpp:68] [operator()] Thread in element PullQEl_nms15yolov11n/conv62_143 is not running anymore, exiting..
[2026-03-03 17:17:27.657] [6629] [HailoRT] [info] [queue_elements.cpp:46] [~BaseQueueElement] Queue element PullQEl_nms15yolov11n/conv62_143 has 0 frames in his Queue on destruction
[2026-03-03 17:17:27.657] [6637] [HailoRT] [info] [queue_elements.cpp:68] [operator()] Thread in element PullQEl_nms12yolov11n/conv54_143 is not running anymore, exiting..
[2026-03-03 17:17:27.657] [6629] [HailoRT] [info] [queue_elements.cpp:46] [~BaseQueueElement] Queue element PullQEl_nms12yolov11n/conv54_143 has 0 frames in his Queue on destruction
[2026-03-03 17:17:27.657] [6636] [HailoRT] [info] [queue_elements.cpp:68] [operator()] Thread in element PullQEl_nms3yolov11n/conv51_143 is not running anymore, exiting..
[2026-03-03 17:17:27.657] [6629] [HailoRT] [info] [queue_elements.cpp:46] [~BaseQueueElement] Queue element PullQEl_nms3yolov11n/conv51_143 has 0 frames in his Queue on destruction
[2026-03-03 17:17:27.657] [6629] [HailoRT] [info] [core_op.cpp:186] [deactivate] Deactivating took 0.009388 ms
[2026-03-03 17:17:27.657] [6629] [HailoRT] [info] [core_op.cpp:186] [deactivate] Deactivating took 0.019686 ms
[2026-03-03 17:40:44.124] [7500] [HailoRT] [info] [vdevice.cpp:535] [create] Creating vdevice with params: device_count: 1, scheduling_algorithm: NONE, multi_process_service: false
[2026-03-03 17:40:44.135] [7500] [HailoRT] [info] [device.cpp:51] [Device] OS Version: Linux 6.12.62+rpt-rpi-2712 #1 SMP PREEMPT Debian 1:6.12.62-1+rpt1 (2025-12-18) aarch64
[2026-03-03 17:40:44.135] [7500] [HailoRT] [info] [control.cpp:113] [control__parse_identify_results] firmware_version is: 4.23.0
[2026-03-03 17:40:44.135] [7500] [HailoRT] [info] [vdevice.cpp:682] [create] VDevice Infos: 0001:01:00.0
[2026-03-03 17:40:44.143] [7500] [HailoRT] [info] [internal_buffer_manager.cpp:75] [print_execution_results] Default Internal buffer planner failed to meet requirements
[2026-03-03 17:40:44.143] [7500] [HailoRT] [info] [internal_buffer_manager.cpp:86] [print_execution_results] Default Internal buffer planner executed successfully
[2026-03-03 17:40:44.171] [7500] [HailoRT] [info] [device_internal.cpp:57] [configure] Configuring HEF took 36.094696 milliseconds
[2026-03-03 17:40:44.172] [7500] [HailoRT] [info] [vdevice.cpp:780] [configure] Configuring HEF on VDevice took 36.637882 milliseconds
[2026-03-03 17:40:44.172] [7500] [HailoRT] [info] [control.cpp:113] [control__parse_identify_results] firmware_version is: 4.23.0
[2026-03-03 17:40:44.172] [7500] [HailoRT] [info] [control.cpp:113] [control__parse_identify_results] firmware_version is: 4.23.0
[2026-03-03 17:40:44.173] [7500] [HailoRT] [info] [core_op.cpp:156] [activate] Activating yolov6n took 0.870502 milliseconds. Note that the function is asynchronous and thus the network is not fully activated yet.
[2026-03-03 17:40:44.173] [7500] [HailoRT] [info] [core_op.cpp:156] [activate] Activating yolov6n took 0.887372 milliseconds. Note that the function is asynchronous and thus the network is not fully activated yet.
[2026-03-03 17:40:44.190] [7500] [HailoRT] [info] [control.cpp:113] [control__parse_identify_results] firmware_version is: 4.23.0
[2026-03-03 17:40:44.190] [7500] [HailoRT] [info] [control.cpp:113] [control__parse_identify_results] firmware_version is: 4.23.0
[2026-03-03 17:40:59.191] [7518] [HailoRT] [info] [vdevice_native_stream.cpp:331] [read_impl] Failed read from stream HAILO_STREAM_ABORT(63) (device: 0001:01:00.0)
[2026-03-03 17:40:59.191] [7515] [HailoRT] [info] [vdevice_native_stream.cpp:331] [read_impl] Failed read from stream HAILO_STREAM_ABORT(63) (device: 0001:01:00.0)
[2026-03-03 17:40:59.191] [7519] [HailoRT] [info] [vdevice_native_stream.cpp:331] [read_impl] Failed read from stream HAILO_STREAM_ABORT(63) (device: 0001:01:00.0)
[2026-03-03 17:40:59.191] [7524] [HailoRT] [info] [vdevice_native_stream.cpp:142] [write_impl] Failed write to stream yolov6n/input_layer1 (device: 0001:01:00.0) with status=HAILO_STREAM_ABORT(63)
[2026-03-03 17:40:59.191] [7521] [HailoRT] [info] [vdevice_native_stream.cpp:331] [read_impl] Failed read from stream HAILO_STREAM_ABORT(63) (device: 0001:01:00.0)
[2026-03-03 17:40:59.191] [7516] [HailoRT] [info] [vdevice_native_stream.cpp:331] [read_impl] Failed read from stream HAILO_STREAM_ABORT(63) (device: 0001:01:00.0)
[2026-03-03 17:40:59.191] [7517] [HailoRT] [info] [vdevice_native_stream.cpp:331] [read_impl] Failed read from stream HAILO_STREAM_ABORT(63) (device: 0001:01:00.0)
[2026-03-03 17:40:59.191] [7523] [HailoRT] [info] [vdevice_native_stream.cpp:331] [read_impl] Failed read from stream HAILO_STREAM_ABORT(63) (device: 0001:01:00.0)
[2026-03-03 17:40:59.191] [7522] [HailoRT] [info] [vdevice_native_stream.cpp:331] [read_impl] Failed read from stream HAILO_STREAM_ABORT(63) (device: 0001:01:00.0)
[2026-03-03 17:40:59.191] [7520] [HailoRT] [info] [vdevice_native_stream.cpp:331] [read_impl] Failed read from stream HAILO_STREAM_ABORT(63) (device: 0001:01:00.0)
[2026-03-03 17:40:59.197] [7500] [HailoRT] [info] [core_op.cpp:186] [deactivate] Deactivating took 0.006982 ms
[2026-03-03 17:40:59.197] [7500] [HailoRT] [info] [core_op.cpp:186] [deactivate] Deactivating took 0.022 ms
[2026-03-03 17:40:59.270] [7500] [HailoRT] [info] [vdevice.cpp:535] [create] Creating vdevice with params: device_count: 1, scheduling_algorithm: NONE, multi_process_service: false
[2026-03-03 17:40:59.282] [7500] [HailoRT] [info] [device.cpp:51] [Device] OS Version: Linux 6.12.62+rpt-rpi-2712 #1 SMP PREEMPT Debian 1:6.12.62-1+rpt1 (2025-12-18) aarch64
[2026-03-03 17:40:59.283] [7500] [HailoRT] [info] [control.cpp:113] [control__parse_identify_results] firmware_version is: 4.23.0
[2026-03-03 17:40:59.283] [7500] [HailoRT] [info] [vdevice.cpp:682] [create] VDevice Infos: 0001:01:00.0
[2026-03-03 17:40:59.288] [7500] [HailoRT] [info] [internal_buffer_manager.cpp:75] [print_execution_results] Default Internal buffer planner failed to meet requirements
[2026-03-03 17:40:59.288] [7500] [HailoRT] [info] [internal_buffer_manager.cpp:86] [print_execution_results] Default Internal buffer planner executed successfully
[2026-03-03 17:40:59.305] [7500] [HailoRT] [info] [device_internal.cpp:57] [configure] Configuring HEF took 21.691403 milliseconds
[2026-03-03 17:40:59.305] [7500] [HailoRT] [info] [vdevice.cpp:780] [configure] Configuring HEF on VDevice took 22.069977 milliseconds
[2026-03-03 17:40:59.305] [7500] [HailoRT] [info] [control.cpp:113] [control__parse_identify_results] firmware_version is: 4.23.0
[2026-03-03 17:40:59.305] [7500] [HailoRT] [info] [control.cpp:113] [control__parse_identify_results] firmware_version is: 4.23.0
[2026-03-03 17:40:59.306] [7500] [HailoRT] [info] [core_op.cpp:156] [activate] Activating yolov6n took 0.678668 milliseconds. Note that the function is asynchronous and thus the network is not fully activated yet.
[2026-03-03 17:40:59.306] [7500] [HailoRT] [info] [core_op.cpp:156] [activate] Activating yolov6n took 0.686168 milliseconds. Note that the function is asynchronous and thus the network is not fully activated yet.
[2026-03-03 17:40:59.319] [7500] [HailoRT] [info] [control.cpp:113] [control__parse_identify_results] firmware_version is: 4.23.0
[2026-03-03 17:40:59.319] [7500] [HailoRT] [info] [control.cpp:113] [control__parse_identify_results] firmware_version is: 4.23.0
[2026-03-03 17:40:59.320] [7500] [HailoRT] [info] [edge_elements.cpp:52] [create] Created (HwWriteEl3yolov6n/input_layer1 | hw_frame_size: 1228800)
[2026-03-03 17:40:59.320] [7500] [HailoRT] [info] [queue_elements.cpp:284] [create] Created (PushQEl3yolov6n/input_layer1 | timeout: 10s)
[2026-03-03 17:40:59.320] [7500] [HailoRT] [info] [filter_elements.cpp:101] [create] Created (PreInferEl3yolov6n/input_layer1 | Reorder - src_order: NHWC, src_shape: (640, 640, 3), dst_order: NHCW, dst_shape: (640, 640, 3))
[2026-03-03 17:40:59.320] [7500] [HailoRT] [info] [vstream.cpp:754] [InputVStreamImpl] Creating yolov6n/input_layer1...
[2026-03-03 17:40:59.320] [7500] [HailoRT] [info] [vstream_builder.cpp:102] [create_inputs] Input pipeline 'yolov6n/input_layer1': (PreInferEl3yolov6n/input_layer1 | Reorder - src_order: NHWC, src_shape: (640, 640, 3), dst_order: NHCW, dst_shape: (640, 640, 3)) >> (PushQEl3yolov6n/input_layer1 | timeout: 10s) >> (HwWriteEl3yolov6n/input_layer1 | hw_frame_size: 1228800) >> HW
[2026-03-03 17:40:59.320] [7500] [HailoRT] [info] [multi_io_elements.cpp:135] [create] Created (NmsPPMuxEl0YOLOX-Post-Process | Op YOLOX, Name: YOLOX-Post-Process, Score threshold: 0.200, IoU threshold: 0.65, Classes: 80, Max bboxes per class: 100, Image height: 640, Image width: 640)
[2026-03-03 17:40:59.320] [7500] [HailoRT] [info] [edge_elements.cpp:287] [create] Created (HwReadEl2yolov6n/conv36_70 | hw_frame_size: 512000)
[2026-03-03 17:40:59.320] [7500] [HailoRT] [info] [queue_elements.cpp:657] [create] Created (PullQEl_nms2yolov6n/conv36_70 | timeout: 10s)
[2026-03-03 17:40:59.320] [7500] [HailoRT] [info] [edge_elements.cpp:287] [create] Created (HwReadEl1yolov6n/conv37_70 | hw_frame_size: 25600)
[2026-03-03 17:40:59.320] [7500] [HailoRT] [info] [queue_elements.cpp:657] [create] Created (PullQEl_nms1yolov6n/conv37_70 | timeout: 10s)
[2026-03-03 17:40:59.320] [7500] [HailoRT] [info] [edge_elements.cpp:287] [create] Created (HwReadEl0yolov6n/conv38_70 | hw_frame_size: 6400)
[2026-03-03 17:40:59.320] [7500] [HailoRT] [info] [queue_elements.cpp:657] [create] Created (PullQEl_nms0yolov6n/conv38_70 | timeout: 10s)
[2026-03-03 17:40:59.320] [7500] [HailoRT] [info] [edge_elements.cpp:287] [create] Created (HwReadEl9yolov6n/conv47_70 | hw_frame_size: 128000)
[2026-03-03 17:40:59.320] [7500] [HailoRT] [info] [queue_elements.cpp:657] [create] Created (PullQEl_nms9yolov6n/conv47_70 | timeout: 10s)
[2026-03-03 17:40:59.320] [7500] [HailoRT] [info] [edge_elements.cpp:287] [create] Created (HwReadEl6yolov6n/conv48_70 | hw_frame_size: 6400)
[2026-03-03 17:40:59.320] [7500] [HailoRT] [info] [queue_elements.cpp:657] [create] Created (PullQEl_nms6yolov6n/conv48_70 | timeout: 10s)
[2026-03-03 17:40:59.320] [7500] [HailoRT] [info] [edge_elements.cpp:287] [create] Created (HwReadEl7yolov6n/conv49_70 | hw_frame_size: 1600)
[2026-03-03 17:40:59.320] [7500] [HailoRT] [info] [queue_elements.cpp:657] [create] Created (PullQEl_nms7yolov6n/conv49_70 | timeout: 10s)
[2026-03-03 17:40:59.321] [7500] [HailoRT] [info] [edge_elements.cpp:287] [create] Created (HwReadEl4yolov6n/conv57_70 | hw_frame_size: 38400)
[2026-03-03 17:40:59.321] [7500] [HailoRT] [info] [queue_elements.cpp:657] [create] Created (PullQEl_nms4yolov6n/conv57_70 | timeout: 10s)
[2026-03-03 17:40:59.321] [7500] [HailoRT] [info] [edge_elements.cpp:287] [create] Created (HwReadEl8yolov6n/conv58_70 | hw_frame_size: 1920)
[2026-03-03 17:40:59.321] [7500] [HailoRT] [info] [queue_elements.cpp:657] [create] Created (PullQEl_nms8yolov6n/conv58_70 | timeout: 10s)
[2026-03-03 17:40:59.321] [7500] [HailoRT] [info] [edge_elements.cpp:287] [create] Created (HwReadEl5yolov6n/conv59_70 | hw_frame_size: 480)
[2026-03-03 17:40:59.321] [7500] [HailoRT] [info] [queue_elements.cpp:657] [create] Created (PullQEl_nms5yolov6n/conv59_70 | timeout: 10s)
[2026-03-03 17:40:59.321] [7500] [HailoRT] [info] [queue_elements.cpp:800] [create] Created (UserBufQEl_post_infer0yolov6n/yolox_nms_postprocess | timeout: 10s)
[2026-03-03 17:40:59.321] [7500] [HailoRT] [info] [vstream.cpp:1114] [OutputVStreamImpl] Creating yolov6n/yolox_nms_postprocess...
[2026-03-03 17:40:59.321] [7500] [HailoRT] [info] [vstream_builder.cpp:622] [create_output_post_process_nms] Output pipeline 'yolov6n/yolox_nms_postprocess': HW >> (HwReadEl2yolov6n/conv36_70 | hw_frame_size: 512000) >> (PullQEl_nms2yolov6n/conv36_70) >> (HwReadEl1yolov6n/conv37_70 | hw_frame_size: 25600) >> (PullQEl_nms1yolov6n/conv37_70) >> (HwReadEl0yolov6n/conv38_70 | hw_frame_size: 6400) >> (PullQEl_nms0yolov6n/conv38_70) >> (HwReadEl9yolov6n/conv47_70 | hw_frame_size: 128000) >> (PullQEl_nms9yolov6n/conv47_70) >> (HwReadEl6yolov6n/conv48_70 | hw_frame_size: 6400) >> (PullQEl_nms6yolov6n/conv48_70) >> (HwReadEl7yolov6n/conv49_70 | hw_frame_size: 1600) >> (PullQEl_nms7yolov6n/conv49_70) >> (HwReadEl4yolov6n/conv57_70 | hw_frame_size: 38400) >> (PullQEl_nms4yolov6n/conv57_70) >> (HwReadEl8yolov6n/conv58_70 | hw_frame_size: 1920) >> (PullQEl_nms8yolov6n/conv58_70) >> (HwReadEl5yolov6n/conv59_70 | hw_frame_size: 480) >> (PullQEl_nms5yolov6n/conv59_70) >> (NmsPPMuxEl0YOLOX-Post-Process | Op YOLOX, Name: YOLOX-Post-Process, Score threshold: 0.200, IoU threshold: 0.65, Classes: 80, Max bboxes per class: 100, Image height: 640, Image width: 640) >> (UserBufQEl_post_infer0yolov6n/yolox_nms_postprocess | timeout: 10s)
[2026-03-03 17:41:14.321] [7584] [HailoRT] [info] [vdevice_native_stream.cpp:331] [read_impl] Failed read from stream HAILO_STREAM_ABORT(63) (device: 0001:01:00.0)
[2026-03-03 17:41:14.321] [7586] [HailoRT] [info] [vdevice_native_stream.cpp:331] [read_impl] Failed read from stream HAILO_STREAM_ABORT(63) (device: 0001:01:00.0)
[2026-03-03 17:41:14.321] [7584] [HailoRT] [info] [edge_elements.cpp:396] [run_pull] Reading from stream was aborted!
[2026-03-03 17:41:14.321] [7586] [HailoRT] [info] [edge_elements.cpp:396] [run_pull] Reading from stream was aborted!
[2026-03-03 17:41:14.321] [7588] [HailoRT] [info] [vdevice_native_stream.cpp:331] [read_impl] Failed read from stream HAILO_STREAM_ABORT(63) (device: 0001:01:00.0)
[2026-03-03 17:41:14.321] [7579] [HailoRT] [info] [vdevice_native_stream.cpp:142] [write_impl] Failed write to stream yolov6n/input_layer1 (device: 0001:01:00.0) with status=HAILO_STREAM_ABORT(63)
[2026-03-03 17:41:14.321] [7584] [HailoRT] [info] [queue_elements.cpp:738] [run_in_thread] run_pull of queue element PullQEl_nms6yolov6n/conv48_70 was aborted!
[2026-03-03 17:41:14.321] [7586] [HailoRT] [info] [queue_elements.cpp:738] [run_in_thread] run_pull of queue element PullQEl_nms4yolov6n/conv57_70 was aborted!
[2026-03-03 17:41:14.321] [7582] [HailoRT] [info] [vdevice_native_stream.cpp:331] [read_impl] Failed read from stream HAILO_STREAM_ABORT(63) (device: 0001:01:00.0)
[2026-03-03 17:41:14.321] [7585] [HailoRT] [info] [vdevice_native_stream.cpp:331] [read_impl] Failed read from stream HAILO_STREAM_ABORT(63) (device: 0001:01:00.0)
[2026-03-03 17:41:14.321] [7582] [HailoRT] [info] [edge_elements.cpp:396] [run_pull] Reading from stream was aborted!
[2026-03-03 17:41:14.321] [7587] [HailoRT] [info] [vdevice_native_stream.cpp:331] [read_impl] Failed read from stream HAILO_STREAM_ABORT(63) (device: 0001:01:00.0)
[2026-03-03 17:41:14.321] [7587] [HailoRT] [info] [edge_elements.cpp:396] [run_pull] Reading from stream was aborted!
[2026-03-03 17:41:14.321] [7582] [HailoRT] [info] [queue_elements.cpp:738] [run_in_thread] run_pull of queue element PullQEl_nms0yolov6n/conv38_70 was aborted!
[2026-03-03 17:41:14.321] [7585] [HailoRT] [info] [edge_elements.cpp:396] [run_pull] Reading from stream was aborted!
[2026-03-03 17:41:14.321] [7587] [HailoRT] [info] [queue_elements.cpp:738] [run_in_thread] run_pull of queue element PullQEl_nms8yolov6n/conv58_70 was aborted!
[2026-03-03 17:41:14.321] [7585] [HailoRT] [info] [queue_elements.cpp:738] [run_in_thread] run_pull of queue element PullQEl_nms7yolov6n/conv49_70 was aborted!
[2026-03-03 17:41:14.321] [7583] [HailoRT] [info] [vdevice_native_stream.cpp:331] [read_impl] Failed read from stream HAILO_STREAM_ABORT(63) (device: 0001:01:00.0)
[2026-03-03 17:41:14.321] [7583] [HailoRT] [info] [edge_elements.cpp:396] [run_pull] Reading from stream was aborted!
[2026-03-03 17:41:14.321] [7580] [HailoRT] [info] [vdevice_native_stream.cpp:331] [read_impl] Failed read from stream HAILO_STREAM_ABORT(63) (device: 0001:01:00.0)
[2026-03-03 17:41:14.321] [7588] [HailoRT] [info] [edge_elements.cpp:396] [run_pull] Reading from stream was aborted!
[2026-03-03 17:41:14.321] [7580] [HailoRT] [info] [edge_elements.cpp:396] [run_pull] Reading from stream was aborted!
[2026-03-03 17:41:14.321] [7583] [HailoRT] [info] [queue_elements.cpp:738] [run_in_thread] run_pull of queue element PullQEl_nms9yolov6n/conv47_70 was aborted!
[2026-03-03 17:41:14.321] [7588] [HailoRT] [info] [queue_elements.cpp:738] [run_in_thread] run_pull of queue element PullQEl_nms5yolov6n/conv59_70 was aborted!
[2026-03-03 17:41:14.321] [7580] [HailoRT] [info] [queue_elements.cpp:738] [run_in_thread] run_pull of queue element PullQEl_nms2yolov6n/conv36_70 was aborted!
[2026-03-03 17:41:14.321] [7581] [HailoRT] [info] [vdevice_native_stream.cpp:331] [read_impl] Failed read from stream HAILO_STREAM_ABORT(63) (device: 0001:01:00.0)
[2026-03-03 17:41:14.321] [7581] [HailoRT] [info] [edge_elements.cpp:396] [run_pull] Reading from stream was aborted!
[2026-03-03 17:41:14.321] [7581] [HailoRT] [info] [queue_elements.cpp:738] [run_in_thread] run_pull of queue element PullQEl_nms1yolov6n/conv37_70 was aborted!
[2026-03-03 17:41:14.321] [7579] [HailoRT] [info] [edge_elements.cpp:87] [run_push] Failed to send on input stream InputStream(index=3, name=yolov6n/input_layer1) because stream was aborted
[2026-03-03 17:41:14.322] [7592] [HailoRT] [info] [queue_elements.cpp:706] [run_pull] Shutdown event was signaled in dequeue of queue element PullQEl_nms2yolov6n/conv36_70!
[2026-03-03 17:41:14.322] [7579] [HailoRT] [info] [queue_elements.cpp:401] [run_in_thread] run_push of PushQEl3yolov6n/input_layer1 was aborted!
[2026-03-03 17:41:14.322] [7592] [HailoRT] [info] [vstream.cpp:1138] [read] Receiving to VStream was shutdown!
[2026-03-03 17:41:14.322] [7593] [HailoRT] [info] [queue_elements.cpp:319] [run_push] run_push of PushQEl3yolov6n/input_layer1 was aborted!
[2026-03-03 17:41:14.322] [7593] [HailoRT] [info] [filter_elements.cpp:35] [run_push] run_push of PreInferEl3yolov6n/input_layer1 was aborted!
[2026-03-03 17:41:14.322] [7593] [HailoRT] [info] [vstream.cpp:778] [write] Sending to VStream was aborted!
[2026-03-03 17:41:14.327] [7500] [HailoRT] [info] [queue_elements.cpp:360] [execute_deactivate] enqueue() in element PushQEl3yolov6n/input_layer1 was aborted, got status = HAILO_SHUTDOWN_EVENT_SIGNALED(57)
[2026-03-03 17:41:14.327] [7579] [HailoRT] [info] [queue_elements.cpp:68] [operator()] Thread in element PushQEl3yolov6n/input_layer1 is not running anymore, exiting..
[2026-03-03 17:41:14.327] [7500] [HailoRT] [info] [queue_elements.cpp:46] [~BaseQueueElement] Queue element PushQEl3yolov6n/input_layer1 has 0 frames in his Queue on destruction
[2026-03-03 17:41:14.327] [7589] [HailoRT] [info] [queue_elements.cpp:68] [operator()] Thread in element UserBufQEl_post_infer0yolov6n/yolox_nms_postprocess is not running anymore, exiting..
[2026-03-03 17:41:14.327] [7500] [HailoRT] [info] [queue_elements.cpp:46] [~BaseQueueElement] Queue element UserBufQEl_post_infer0yolov6n/yolox_nms_postprocess has 0 frames in his Queue on destruction
[2026-03-03 17:41:14.327] [7588] [HailoRT] [info] [queue_elements.cpp:68] [operator()] Thread in element PullQEl_nms5yolov6n/conv59_70 is not running anymore, exiting..
[2026-03-03 17:41:14.327] [7500] [HailoRT] [info] [queue_elements.cpp:46] [~BaseQueueElement] Queue element PullQEl_nms5yolov6n/conv59_70 has 0 frames in his Queue on destruction
[2026-03-03 17:41:14.327] [7587] [HailoRT] [info] [queue_elements.cpp:68] [operator()] Thread in element PullQEl_nms8yolov6n/conv58_70 is not running anymore, exiting..
[2026-03-03 17:41:14.327] [7500] [HailoRT] [info] [queue_elements.cpp:46] [~BaseQueueElement] Queue element PullQEl_nms8yolov6n/conv58_70 has 0 frames in his Queue on destruction
[2026-03-03 17:41:14.328] [7586] [HailoRT] [info] [queue_elements.cpp:68] [operator()] Thread in element PullQEl_nms4yolov6n/conv57_70 is not running anymore, exiting..
[2026-03-03 17:41:14.328] [7500] [HailoRT] [info] [queue_elements.cpp:46] [~BaseQueueElement] Queue element PullQEl_nms4yolov6n/conv57_70 has 0 frames in his Queue on destruction
[2026-03-03 17:41:14.328] [7585] [HailoRT] [info] [queue_elements.cpp:68] [operator()] Thread in element PullQEl_nms7yolov6n/conv49_70 is not running anymore, exiting..
[2026-03-03 17:41:14.328] [7500] [HailoRT] [info] [queue_elements.cpp:46] [~BaseQueueElement] Queue element PullQEl_nms7yolov6n/conv49_70 has 0 frames in his Queue on destruction
[2026-03-03 17:41:14.328] [7584] [HailoRT] [info] [queue_elements.cpp:68] [operator()] Thread in element PullQEl_nms6yolov6n/conv48_70 is not running anymore, exiting..
[2026-03-03 17:41:14.328] [7500] [HailoRT] [info] [queue_elements.cpp:46] [~BaseQueueElement] Queue element PullQEl_nms6yolov6n/conv48_70 has 0 frames in his Queue on destruction
[2026-03-03 17:41:14.328] [7583] [HailoRT] [info] [queue_elements.cpp:68] [operator()] Thread in element PullQEl_nms9yolov6n/conv47_70 is not running anymore, exiting..
[2026-03-03 17:41:14.328] [7500] [HailoRT] [info] [queue_elements.cpp:46] [~BaseQueueElement] Queue element PullQEl_nms9yolov6n/conv47_70 has 0 frames in his Queue on destruction
[2026-03-03 17:41:14.328] [7582] [HailoRT] [info] [queue_elements.cpp:68] [operator()] Thread in element PullQEl_nms0yolov6n/conv38_70 is not running anymore, exiting..
[2026-03-03 17:41:14.328] [7500] [HailoRT] [info] [queue_elements.cpp:46] [~BaseQueueElement] Queue element PullQEl_nms0yolov6n/conv38_70 has 1 frames in his Queue on destruction
[2026-03-03 17:41:14.328] [7581] [HailoRT] [info] [queue_elements.cpp:68] [operator()] Thread in element PullQEl_nms1yolov6n/conv37_70 is not running anymore, exiting..
[2026-03-03 17:41:14.328] [7500] [HailoRT] [info] [queue_elements.cpp:46] [~BaseQueueElement] Queue element PullQEl_nms1yolov6n/conv37_70 has 1 frames in his Queue on destruction
[2026-03-03 17:41:14.328] [7580] [HailoRT] [info] [queue_elements.cpp:68] [operator()] Thread in element PullQEl_nms2yolov6n/conv36_70 is not running anymore, exiting..
[2026-03-03 17:41:14.328] [7500] [HailoRT] [info] [queue_elements.cpp:46] [~BaseQueueElement] Queue element PullQEl_nms2yolov6n/conv36_70 has 0 frames in his Queue on destruction
[2026-03-03 17:41:14.328] [7500] [HailoRT] [info] [core_op.cpp:186] [deactivate] Deactivating took 0.006185 ms
[2026-03-03 17:41:14.328] [7500] [HailoRT] [info] [core_op.cpp:186] [deactivate] Deactivating took 0.015167 ms
[2026-03-03 17:41:14.388] [7500] [HailoRT] [info] [vdevice.cpp:535] [create] Creating vdevice with params: device_count: 1, scheduling_algorithm: NONE, multi_process_service: false
[2026-03-03 17:41:14.401] [7500] [HailoRT] [info] [device.cpp:51] [Device] OS Version: Linux 6.12.62+rpt-rpi-2712 #1 SMP PREEMPT Debian 1:6.12.62-1+rpt1 (2025-12-18) aarch64
[2026-03-03 17:41:14.401] [7500] [HailoRT] [info] [control.cpp:113] [control__parse_identify_results] firmware_version is: 4.23.0
[2026-03-03 17:41:14.401] [7500] [HailoRT] [info] [vdevice.cpp:682] [create] VDevice Infos: 0001:01:00.0
[2026-03-03 17:41:14.407] [7500] [HailoRT] [info] [internal_buffer_manager.cpp:75] [print_execution_results] Default Internal buffer planner failed to meet requirements
[2026-03-03 17:41:14.407] [7500] [HailoRT] [info] [internal_buffer_manager.cpp:86] [print_execution_results] Default Internal buffer planner executed successfully
[2026-03-03 17:41:14.424] [7500] [HailoRT] [info] [device_internal.cpp:57] [configure] Configuring HEF took 22.591238 milliseconds
[2026-03-03 17:41:14.425] [7500] [HailoRT] [info] [vdevice.cpp:780] [configure] Configuring HEF on VDevice took 23.030516 milliseconds
[2026-03-03 17:41:14.425] [7500] [HailoRT] [info] [control.cpp:113] [control__parse_identify_results] firmware_version is: 4.23.0
[2026-03-03 17:41:14.425] [7500] [HailoRT] [info] [control.cpp:113] [control__parse_identify_results] firmware_version is: 4.23.0
[2026-03-03 17:41:14.426] [7500] [HailoRT] [info] [core_op.cpp:156] [activate] Activating yolov6n took 0.810983 milliseconds. Note that the function is asynchronous and thus the network is not fully activated yet.
[2026-03-03 17:41:14.426] [7500] [HailoRT] [info] [core_op.cpp:156] [activate] Activating yolov6n took 0.830688 milliseconds. Note that the function is asynchronous and thus the network is not fully activated yet.
[2026-03-03 17:41:14.440] [7500] [HailoRT] [info] [control.cpp:113] [control__parse_identify_results] firmware_version is: 4.23.0
[2026-03-03 17:41:14.440] [7500] [HailoRT] [info] [control.cpp:113] [control__parse_identify_results] firmware_version is: 4.23.0
[2026-03-03 17:41:14.440] [7500] [HailoRT] [info] [edge_elements.cpp:52] [create] Created (HwWriteEl3yolov6n/input_layer1 | hw_frame_size: 1228800)
[2026-03-03 17:41:14.440] [7500] [HailoRT] [info] [queue_elements.cpp:284] [create] Created (PushQEl3yolov6n/input_layer1 | timeout: 10s)
[2026-03-03 17:41:14.440] [7500] [HailoRT] [info] [filter_elements.cpp:101] [create] Created (PreInferEl3yolov6n/input_layer1 | Reorder - src_order: NHWC, src_shape: (640, 640, 3), dst_order: NHCW, dst_shape: (640, 640, 3))
[2026-03-03 17:41:14.440] [7500] [HailoRT] [info] [vstream.cpp:754] [InputVStreamImpl] Creating yolov6n/input_layer1...
[2026-03-03 17:41:14.440] [7500] [HailoRT] [info] [vstream_builder.cpp:102] [create_inputs] Input pipeline 'yolov6n/input_layer1': (PreInferEl3yolov6n/input_layer1 | Reorder - src_order: NHWC, src_shape: (640, 640, 3), dst_order: NHCW, dst_shape: (640, 640, 3)) >> (PushQEl3yolov6n/input_layer1 | timeout: 10s) >> (HwWriteEl3yolov6n/input_layer1 | hw_frame_size: 1228800) >> HW
[2026-03-03 17:41:14.441] [7500] [HailoRT] [info] [multi_io_elements.cpp:135] [create] Created (NmsPPMuxEl0YOLOX-Post-Process | Op YOLOX, Name: YOLOX-Post-Process, Score threshold: 0.200, IoU threshold: 0.65, Classes: 80, Max bboxes per class: 100, Image height: 640, Image width: 640)
[2026-03-03 17:41:14.441] [7500] [HailoRT] [info] [edge_elements.cpp:287] [create] Created (HwReadEl2yolov6n/conv36_70 | hw_frame_size: 512000)
[2026-03-03 17:41:14.441] [7500] [HailoRT] [info] [queue_elements.cpp:657] [create] Created (PullQEl_nms2yolov6n/conv36_70 | timeout: 10s)
[2026-03-03 17:41:14.441] [7500] [HailoRT] [info] [edge_elements.cpp:287] [create] Created (HwReadEl1yolov6n/conv37_70 | hw_frame_size: 25600)
[2026-03-03 17:41:14.441] [7500] [HailoRT] [info] [queue_elements.cpp:657] [create] Created (PullQEl_nms1yolov6n/conv37_70 | timeout: 10s)
[2026-03-03 17:41:14.441] [7500] [HailoRT] [info] [edge_elements.cpp:287] [create] Created (HwReadEl0yolov6n/conv38_70 | hw_frame_size: 6400)
[2026-03-03 17:41:14.441] [7500] [HailoRT] [info] [queue_elements.cpp:657] [create] Created (PullQEl_nms0yolov6n/conv38_70 | timeout: 10s)
[2026-03-03 17:41:14.441] [7500] [HailoRT] [info] [edge_elements.cpp:287] [create] Created (HwReadEl9yolov6n/conv47_70 | hw_frame_size: 128000)
[2026-03-03 17:41:14.441] [7500] [HailoRT] [info] [queue_elements.cpp:657] [create] Created (PullQEl_nms9yolov6n/conv47_70 | timeout: 10s)
[2026-03-03 17:41:14.441] [7500] [HailoRT] [info] [edge_elements.cpp:287] [create] Created (HwReadEl6yolov6n/conv48_70 | hw_frame_size: 6400)
[2026-03-03 17:41:14.441] [7500] [HailoRT] [info] [queue_elements.cpp:657] [create] Created (PullQEl_nms6yolov6n/conv48_70 | timeout: 10s)
[2026-03-03 17:41:14.441] [7500] [HailoRT] [info] [edge_elements.cpp:287] [create] Created (HwReadEl7yolov6n/conv49_70 | hw_frame_size: 1600)
[2026-03-03 17:41:14.441] [7500] [HailoRT] [info] [queue_elements.cpp:657] [create] Created (PullQEl_nms7yolov6n/conv49_70 | timeout: 10s)
[2026-03-03 17:41:14.441] [7500] [HailoRT] [info] [edge_elements.cpp:287] [create] Created (HwReadEl4yolov6n/conv57_70 | hw_frame_size: 38400)
[2026-03-03 17:41:14.441] [7500] [HailoRT] [info] [queue_elements.cpp:657] [create] Created (PullQEl_nms4yolov6n/conv57_70 | timeout: 10s)
[2026-03-03 17:41:14.441] [7500] [HailoRT] [info] [edge_elements.cpp:287] [create] Created (HwReadEl8yolov6n/conv58_70 | hw_frame_size: 1920)
[2026-03-03 17:41:14.441] [7500] [HailoRT] [info] [queue_elements.cpp:657] [create] Created (PullQEl_nms8yolov6n/conv58_70 | timeout: 10s)
[2026-03-03 17:41:14.441] [7500] [HailoRT] [info] [edge_elements.cpp:287] [create] Created (HwReadEl5yolov6n/conv59_70 | hw_frame_size: 480)
[2026-03-03 17:41:14.441] [7500] [HailoRT] [info] [queue_elements.cpp:657] [create] Created (PullQEl_nms5yolov6n/conv59_70 | timeout: 10s)
[2026-03-03 17:41:14.441] [7500] [HailoRT] [info] [queue_elements.cpp:800] [create] Created (UserBufQEl_post_infer0yolov6n/yolox_nms_postprocess | timeout: 10s)
[2026-03-03 17:41:14.441] [7500] [HailoRT] [info] [vstream.cpp:1114] [OutputVStreamImpl] Creating yolov6n/yolox_nms_postprocess...
[2026-03-03 17:41:14.441] [7500] [HailoRT] [info] [vstream_builder.cpp:622] [create_output_post_process_nms] Output pipeline 'yolov6n/yolox_nms_postprocess': HW >> (HwReadEl2yolov6n/conv36_70 | hw_frame_size: 512000) >> (PullQEl_nms2yolov6n/conv36_70) >> (HwReadEl1yolov6n/conv37_70 | hw_frame_size: 25600) >> (PullQEl_nms1yolov6n/conv37_70) >> (HwReadEl0yolov6n/conv38_70 | hw_frame_size: 6400) >> (PullQEl_nms0yolov6n/conv38_70) >> (HwReadEl9yolov6n/conv47_70 | hw_frame_size: 128000) >> (PullQEl_nms9yolov6n/conv47_70) >> (HwReadEl6yolov6n/conv48_70 | hw_frame_size: 6400) >> (PullQEl_nms6yolov6n/conv48_70) >> (HwReadEl7yolov6n/conv49_70 | hw_frame_size: 1600) >> (PullQEl_nms7yolov6n/conv49_70) >> (HwReadEl4yolov6n/conv57_70 | hw_frame_size: 38400) >> (PullQEl_nms4yolov6n/conv57_70) >> (HwReadEl8yolov6n/conv58_70 | hw_frame_size: 1920) >> (PullQEl_nms8yolov6n/conv58_70) >> (HwReadEl5yolov6n/conv59_70 | hw_frame_size: 480) >> (PullQEl_nms5yolov6n/conv59_70) >> (NmsPPMuxEl0YOLOX-Post-Process | Op YOLOX, Name: YOLOX-Post-Process, Score threshold: 0.200, IoU threshold: 0.65, Classes: 80, Max bboxes per class: 100, Image height: 640, Image width: 640) >> (UserBufQEl_post_infer0yolov6n/yolox_nms_postprocess | timeout: 10s)
[2026-03-03 17:41:29.442] [7655] [HailoRT] [info] [vdevice_native_stream.cpp:331] [read_impl] Failed read from stream HAILO_STREAM_ABORT(63) (device: 0001:01:00.0)
[2026-03-03 17:41:29.442] [7657] [HailoRT] [info] [vdevice_native_stream.cpp:331] [read_impl] Failed read from stream HAILO_STREAM_ABORT(63) (device: 0001:01:00.0)
[2026-03-03 17:41:29.442] [7655] [HailoRT] [info] [edge_elements.cpp:396] [run_pull] Reading from stream was aborted!
[2026-03-03 17:41:29.442] [7657] [HailoRT] [info] [edge_elements.cpp:396] [run_pull] Reading from stream was aborted!
[2026-03-03 17:41:29.442] [7657] [HailoRT] [info] [queue_elements.cpp:738] [run_in_thread] run_pull of queue element PullQEl_nms0yolov6n/conv38_70 was aborted!
[2026-03-03 17:41:29.442] [7663] [HailoRT] [info] [vdevice_native_stream.cpp:331] [read_impl] Failed read from stream HAILO_STREAM_ABORT(63) (device: 0001:01:00.0)
[2026-03-03 17:41:29.442] [7661] [HailoRT] [info] [vdevice_native_stream.cpp:331] [read_impl] Failed read from stream HAILO_STREAM_ABORT(63) (device: 0001:01:00.0)
[2026-03-03 17:41:29.442] [7663] [HailoRT] [info] [edge_elements.cpp:396] [run_pull] Reading from stream was aborted!
[2026-03-03 17:41:29.442] [7661] [HailoRT] [info] [edge_elements.cpp:396] [run_pull] Reading from stream was aborted!
[2026-03-03 17:41:29.442] [7663] [HailoRT] [info] [queue_elements.cpp:738] [run_in_thread] run_pull of queue element PullQEl_nms5yolov6n/conv59_70 was aborted!
[2026-03-03 17:41:29.442] [7662] [HailoRT] [info] [vdevice_native_stream.cpp:331] [read_impl] Failed read from stream HAILO_STREAM_ABORT(63) (device: 0001:01:00.0)
[2026-03-03 17:41:29.442] [7662] [HailoRT] [info] [edge_elements.cpp:396] [run_pull] Reading from stream was aborted!
[2026-03-03 17:41:29.442] [7659] [HailoRT] [info] [vdevice_native_stream.cpp:331] [read_impl] Failed read from stream HAILO_STREAM_ABORT(63) (device: 0001:01:00.0)
[2026-03-03 17:41:29.442] [7660] [HailoRT] [info] [vdevice_native_stream.cpp:331] [read_impl] Failed read from stream HAILO_STREAM_ABORT(63) (device: 0001:01:00.0)
[2026-03-03 17:41:29.442] [7662] [HailoRT] [info] [queue_elements.cpp:738] [run_in_thread] run_pull of queue element PullQEl_nms8yolov6n/conv58_70 was aborted!
[2026-03-03 17:41:29.442] [7660] [HailoRT] [info] [edge_elements.cpp:396] [run_pull] Reading from stream was aborted!
[2026-03-03 17:41:29.442] [7660] [HailoRT] [info] [queue_elements.cpp:738] [run_in_thread] run_pull of queue element PullQEl_nms7yolov6n/conv49_70 was aborted!
[2026-03-03 17:41:29.442] [7661] [HailoRT] [info] [queue_elements.cpp:738] [run_in_thread] run_pull of queue element PullQEl_nms4yolov6n/conv57_70 was aborted!
[2026-03-03 17:41:29.442] [7659] [HailoRT] [info] [edge_elements.cpp:396] [run_pull] Reading from stream was aborted!
[2026-03-03 17:41:29.442] [7655] [HailoRT] [info] [queue_elements.cpp:738] [run_in_thread] run_pull of queue element PullQEl_nms2yolov6n/conv36_70 was aborted!
[2026-03-03 17:41:29.442] [7659] [HailoRT] [info] [queue_elements.cpp:738] [run_in_thread] run_pull of queue element PullQEl_nms6yolov6n/conv48_70 was aborted!
[2026-03-03 17:41:29.442] [7658] [HailoRT] [info] [vdevice_native_stream.cpp:331] [read_impl] Failed read from stream HAILO_STREAM_ABORT(63) (device: 0001:01:00.0)
[2026-03-03 17:41:29.442] [7658] [HailoRT] [info] [edge_elements.cpp:396] [run_pull] Reading from stream was aborted!
[2026-03-03 17:41:29.442] [7667] [HailoRT] [info] [queue_elements.cpp:706] [run_pull] Shutdown event was signaled in dequeue of queue element PullQEl_nms2yolov6n/conv36_70!
[2026-03-03 17:41:29.442] [7658] [HailoRT] [info] [queue_elements.cpp:738] [run_in_thread] run_pull of queue element PullQEl_nms9yolov6n/conv47_70 was aborted!
[2026-03-03 17:41:29.442] [7667] [HailoRT] [info] [vstream.cpp:1138] [read] Receiving to VStream was shutdown!
[2026-03-03 17:41:29.442] [7656] [HailoRT] [info] [vdevice_native_stream.cpp:331] [read_impl] Failed read from stream HAILO_STREAM_ABORT(63) (device: 0001:01:00.0)
[2026-03-03 17:41:29.442] [7656] [HailoRT] [info] [edge_elements.cpp:396] [run_pull] Reading from stream was aborted!
[2026-03-03 17:41:29.442] [7656] [HailoRT] [info] [queue_elements.cpp:738] [run_in_thread] run_pull of queue element PullQEl_nms1yolov6n/conv37_70 was aborted!
[2026-03-03 17:41:29.442] [7654] [HailoRT] [info] [vdevice_native_stream.cpp:142] [write_impl] Failed write to stream yolov6n/input_layer1 (device: 0001:01:00.0) with status=HAILO_STREAM_ABORT(63)
[2026-03-03 17:41:29.442] [7654] [HailoRT] [info] [edge_elements.cpp:87] [run_push] Failed to send on input stream InputStream(index=3, name=yolov6n/input_layer1) because stream was aborted
[2026-03-03 17:41:29.442] [7654] [HailoRT] [info] [queue_elements.cpp:401] [run_in_thread] run_push of PushQEl3yolov6n/input_layer1 was aborted!
[2026-03-03 17:41:29.444] [7668] [HailoRT] [info] [queue_elements.cpp:319] [run_push] run_push of PushQEl3yolov6n/input_layer1 was aborted!
[2026-03-03 17:41:29.444] [7668] [HailoRT] [info] [filter_elements.cpp:35] [run_push] run_push of PreInferEl3yolov6n/input_layer1 was aborted!
[2026-03-03 17:41:29.444] [7668] [HailoRT] [info] [vstream.cpp:778] [write] Sending to VStream was aborted!
[2026-03-03 17:41:29.444] [7500] [HailoRT] [info] [queue_elements.cpp:360] [execute_deactivate] enqueue() in element PushQEl3yolov6n/input_layer1 was aborted, got status = HAILO_SHUTDOWN_EVENT_SIGNALED(57)
[2026-03-03 17:41:29.444] [7654] [HailoRT] [info] [queue_elements.cpp:68] [operator()] Thread in element PushQEl3yolov6n/input_layer1 is not running anymore, exiting..
[2026-03-03 17:41:29.444] [7500] [HailoRT] [info] [queue_elements.cpp:46] [~BaseQueueElement] Queue element PushQEl3yolov6n/input_layer1 has 0 frames in his Queue on destruction
[2026-03-03 17:41:29.444] [7664] [HailoRT] [info] [queue_elements.cpp:68] [operator()] Thread in element UserBufQEl_post_infer0yolov6n/yolox_nms_postprocess is not running anymore, exiting..
[2026-03-03 17:41:29.444] [7500] [HailoRT] [info] [queue_elements.cpp:46] [~BaseQueueElement] Queue element UserBufQEl_post_infer0yolov6n/yolox_nms_postprocess has 0 frames in his Queue on destruction
[2026-03-03 17:41:29.444] [7663] [HailoRT] [info] [queue_elements.cpp:68] [operator()] Thread in element PullQEl_nms5yolov6n/conv59_70 is not running anymore, exiting..
[2026-03-03 17:41:29.444] [7500] [HailoRT] [info] [queue_elements.cpp:46] [~BaseQueueElement] Queue element PullQEl_nms5yolov6n/conv59_70 has 0 frames in his Queue on destruction
[2026-03-03 17:41:29.444] [7662] [HailoRT] [info] [queue_elements.cpp:68] [operator()] Thread in element PullQEl_nms8yolov6n/conv58_70 is not running anymore, exiting..
[2026-03-03 17:41:29.444] [7500] [HailoRT] [info] [queue_elements.cpp:46] [~BaseQueueElement] Queue element PullQEl_nms8yolov6n/conv58_70 has 0 frames in his Queue on destruction
[2026-03-03 17:41:29.444] [7661] [HailoRT] [info] [queue_elements.cpp:68] [operator()] Thread in element PullQEl_nms4yolov6n/conv57_70 is not running anymore, exiting..
[2026-03-03 17:41:29.444] [7500] [HailoRT] [info] [queue_elements.cpp:46] [~BaseQueueElement] Queue element PullQEl_nms4yolov6n/conv57_70 has 0 frames in his Queue on destruction
[2026-03-03 17:41:29.444] [7660] [HailoRT] [info] [queue_elements.cpp:68] [operator()] Thread in element PullQEl_nms7yolov6n/conv49_70 is not running anymore, exiting..
[2026-03-03 17:41:29.444] [7500] [HailoRT] [info] [queue_elements.cpp:46] [~BaseQueueElement] Queue element PullQEl_nms7yolov6n/conv49_70 has 0 frames in his Queue on destruction
[2026-03-03 17:41:29.444] [7659] [HailoRT] [info] [queue_elements.cpp:68] [operator()] Thread in element PullQEl_nms6yolov6n/conv48_70 is not running anymore, exiting..
[2026-03-03 17:41:29.444] [7500] [HailoRT] [info] [queue_elements.cpp:46] [~BaseQueueElement] Queue element PullQEl_nms6yolov6n/conv48_70 has 0 frames in his Queue on destruction
[2026-03-03 17:41:29.444] [7658] [HailoRT] [info] [queue_elements.cpp:68] [operator()] Thread in element PullQEl_nms9yolov6n/conv47_70 is not running anymore, exiting..
[2026-03-03 17:41:29.444] [7500] [HailoRT] [info] [queue_elements.cpp:46] [~BaseQueueElement] Queue element PullQEl_nms9yolov6n/conv47_70 has 0 frames in his Queue on destruction
[2026-03-03 17:41:29.444] [7657] [HailoRT] [info] [queue_elements.cpp:68] [operator()] Thread in element PullQEl_nms0yolov6n/conv38_70 is not running anymore, exiting..
[2026-03-03 17:41:29.444] [7500] [HailoRT] [info] [queue_elements.cpp:46] [~BaseQueueElement] Queue element PullQEl_nms0yolov6n/conv38_70 has 0 frames in his Queue on destruction
[2026-03-03 17:41:29.444] [7656] [HailoRT] [info] [queue_elements.cpp:68] [operator()] Thread in element PullQEl_nms1yolov6n/conv37_70 is not running anymore, exiting..
[2026-03-03 17:41:29.444] [7500] [HailoRT] [info] [queue_elements.cpp:46] [~BaseQueueElement] Queue element PullQEl_nms1yolov6n/conv37_70 has 0 frames in his Queue on destruction
[2026-03-03 17:41:29.444] [7655] [HailoRT] [info] [queue_elements.cpp:68] [operator()] Thread in element PullQEl_nms2yolov6n/conv36_70 is not running anymore, exiting..
[2026-03-03 17:41:29.445] [7500] [HailoRT] [info] [queue_elements.cpp:46] [~BaseQueueElement] Queue element PullQEl_nms2yolov6n/conv36_70 has 0 frames in his Queue on destruction
[2026-03-03 17:41:29.445] [7500] [HailoRT] [info] [core_op.cpp:186] [deactivate] Deactivating took 0.007685 ms
[2026-03-03 17:41:29.445] [7500] [HailoRT] [info] [core_op.cpp:186] [deactivate] Deactivating took 0.018796 ms
[2026-03-03 17:56:06.938] [8381] [HailoRT] [info] [vdevice.cpp:535] [create] Creating vdevice with params: device_count: 1, scheduling_algorithm: NONE, multi_process_service: false
[2026-03-03 17:56:06.950] [8381] [HailoRT] [info] [device.cpp:51] [Device] OS Version: Linux 6.12.62+rpt-rpi-2712 #1 SMP PREEMPT Debian 1:6.12.62-1+rpt1 (2025-12-18) aarch64
[2026-03-03 17:56:06.951] [8381] [HailoRT] [info] [control.cpp:113] [control__parse_identify_results] firmware_version is: 4.23.0
[2026-03-03 17:56:06.951] [8381] [HailoRT] [info] [vdevice.cpp:682] [create] VDevice Infos: 0001:01:00.0
[2026-03-03 17:56:06.959] [8381] [HailoRT] [info] [internal_buffer_manager.cpp:75] [print_execution_results] Default Internal buffer planner failed to meet requirements
[2026-03-03 17:56:06.959] [8381] [HailoRT] [info] [internal_buffer_manager.cpp:86] [print_execution_results] Default Internal buffer planner executed successfully
[2026-03-03 17:56:06.996] [8381] [HailoRT] [info] [device_internal.cpp:57] [configure] Configuring HEF took 44.415788 milliseconds
[2026-03-03 17:56:06.996] [8381] [HailoRT] [info] [vdevice.cpp:780] [configure] Configuring HEF on VDevice took 45.022568 milliseconds
[2026-03-03 17:56:06.996] [8381] [HailoRT] [info] [control.cpp:113] [control__parse_identify_results] firmware_version is: 4.23.0
[2026-03-03 17:56:06.997] [8381] [HailoRT] [info] [control.cpp:113] [control__parse_identify_results] firmware_version is: 4.23.0
[2026-03-03 17:56:06.998] [8381] [HailoRT] [info] [core_op.cpp:156] [activate] Activating yolov6n took 1.175373 milliseconds. Note that the function is asynchronous and thus the network is not fully activated yet.
[2026-03-03 17:56:06.998] [8381] [HailoRT] [info] [core_op.cpp:156] [activate] Activating yolov6n took 1.209392 milliseconds. Note that the function is asynchronous and thus the network is not fully activated yet.
[2026-03-03 17:56:07.016] [8381] [HailoRT] [info] [control.cpp:113] [control__parse_identify_results] firmware_version is: 4.23.0
[2026-03-03 17:56:07.016] [8381] [HailoRT] [info] [control.cpp:113] [control__parse_identify_results] firmware_version is: 4.23.0
[2026-03-03 17:56:22.017] [8411] [HailoRT] [info] [vdevice_native_stream.cpp:331] [read_impl] Failed read from stream HAILO_STREAM_ABORT(63) (device: 0001:01:00.0)
[2026-03-03 17:56:22.017] [8408] [HailoRT] [info] [vdevice_native_stream.cpp:331] [read_impl] Failed read from stream HAILO_STREAM_ABORT(63) (device: 0001:01:00.0)
[2026-03-03 17:56:22.017] [8415] [HailoRT] [info] [vdevice_native_stream.cpp:142] [write_impl] Failed write to stream yolov6n/input_layer1 (device: 0001:01:00.0) with status=HAILO_STREAM_ABORT(63)
[2026-03-03 17:56:22.017] [8406] [HailoRT] [info] [vdevice_native_stream.cpp:331] [read_impl] Failed read from stream HAILO_STREAM_ABORT(63) (device: 0001:01:00.0)
[2026-03-03 17:56:22.017] [8414] [HailoRT] [info] [vdevice_native_stream.cpp:331] [read_impl] Failed read from stream HAILO_STREAM_ABORT(63) (device: 0001:01:00.0)
[2026-03-03 17:56:22.017] [8410] [HailoRT] [info] [vdevice_native_stream.cpp:331] [read_impl] Failed read from stream HAILO_STREAM_ABORT(63) (device: 0001:01:00.0)
[2026-03-03 17:56:22.017] [8409] [HailoRT] [info] [vdevice_native_stream.cpp:331] [read_impl] Failed read from stream HAILO_STREAM_ABORT(63) (device: 0001:01:00.0)
[2026-03-03 17:56:22.017] [8412] [HailoRT] [info] [vdevice_native_stream.cpp:331] [read_impl] Failed read from stream HAILO_STREAM_ABORT(63) (device: 0001:01:00.0)
[2026-03-03 17:56:22.017] [8413] [HailoRT] [info] [vdevice_native_stream.cpp:331] [read_impl] Failed read from stream HAILO_STREAM_ABORT(63) (device: 0001:01:00.0)
[2026-03-03 17:56:22.017] [8407] [HailoRT] [info] [vdevice_native_stream.cpp:331] [read_impl] Failed read from stream HAILO_STREAM_ABORT(63) (device: 0001:01:00.0)
[2026-03-03 17:56:22.023] [8381] [HailoRT] [info] [core_op.cpp:186] [deactivate] Deactivating took 0.013796 ms
[2026-03-03 17:56:22.023] [8381] [HailoRT] [info] [core_op.cpp:186] [deactivate] Deactivating took 0.054778 ms
[2026-03-03 17:56:22.082] [8381] [HailoRT] [info] [vdevice.cpp:535] [create] Creating vdevice with params: device_count: 1, scheduling_algorithm: NONE, multi_process_service: false
[2026-03-03 17:56:22.094] [8381] [HailoRT] [info] [device.cpp:51] [Device] OS Version: Linux 6.12.62+rpt-rpi-2712 #1 SMP PREEMPT Debian 1:6.12.62-1+rpt1 (2025-12-18) aarch64
[2026-03-03 17:56:22.095] [8381] [HailoRT] [info] [control.cpp:113] [control__parse_identify_results] firmware_version is: 4.23.0
[2026-03-03 17:56:22.095] [8381] [HailoRT] [info] [vdevice.cpp:682] [create] VDevice Infos: 0001:01:00.0
[2026-03-03 17:56:22.100] [8381] [HailoRT] [info] [internal_buffer_manager.cpp:75] [print_execution_results] Default Internal buffer planner failed to meet requirements
[2026-03-03 17:56:22.100] [8381] [HailoRT] [info] [internal_buffer_manager.cpp:86] [print_execution_results] Default Internal buffer planner executed successfully
[2026-03-03 17:56:22.119] [8381] [HailoRT] [info] [device_internal.cpp:57] [configure] Configuring HEF took 23.938834 milliseconds
[2026-03-03 17:56:22.119] [8381] [HailoRT] [info] [vdevice.cpp:780] [configure] Configuring HEF on VDevice took 24.366872 milliseconds
[2026-03-03 17:56:22.119] [8381] [HailoRT] [info] [control.cpp:113] [control__parse_identify_results] firmware_version is: 4.23.0
[2026-03-03 17:56:22.120] [8381] [HailoRT] [info] [control.cpp:113] [control__parse_identify_results] firmware_version is: 4.23.0
[2026-03-03 17:56:22.120] [8381] [HailoRT] [info] [core_op.cpp:156] [activate] Activating yolov6n took 0.76265 milliseconds. Note that the function is asynchronous and thus the network is not fully activated yet.
[2026-03-03 17:56:22.120] [8381] [HailoRT] [info] [core_op.cpp:156] [activate] Activating yolov6n took 0.779965 milliseconds. Note that the function is asynchronous and thus the network is not fully activated yet.
[2026-03-03 17:56:22.134] [8381] [HailoRT] [info] [control.cpp:113] [control__parse_identify_results] firmware_version is: 4.23.0
[2026-03-03 17:56:22.134] [8381] [HailoRT] [info] [control.cpp:113] [control__parse_identify_results] firmware_version is: 4.23.0
[2026-03-03 17:56:22.134] [8381] [HailoRT] [info] [edge_elements.cpp:52] [create] Created (HwWriteEl3yolov6n/input_layer1 | hw_frame_size: 1228800)
[2026-03-03 17:56:22.134] [8381] [HailoRT] [info] [queue_elements.cpp:284] [create] Created (PushQEl3yolov6n/input_layer1 | timeout: 10s)
[2026-03-03 17:56:22.135] [8381] [HailoRT] [info] [filter_elements.cpp:101] [create] Created (PreInferEl3yolov6n/input_layer1 | Reorder - src_order: NHWC, src_shape: (640, 640, 3), dst_order: NHCW, dst_shape: (640, 640, 3))
[2026-03-03 17:56:22.135] [8381] [HailoRT] [info] [vstream.cpp:754] [InputVStreamImpl] Creating yolov6n/input_layer1...
[2026-03-03 17:56:22.135] [8381] [HailoRT] [info] [vstream_builder.cpp:102] [create_inputs] Input pipeline 'yolov6n/input_layer1': (PreInferEl3yolov6n/input_layer1 | Reorder - src_order: NHWC, src_shape: (640, 640, 3), dst_order: NHCW, dst_shape: (640, 640, 3)) >> (PushQEl3yolov6n/input_layer1 | timeout: 10s) >> (HwWriteEl3yolov6n/input_layer1 | hw_frame_size: 1228800) >> HW
[2026-03-03 17:56:22.135] [8381] [HailoRT] [info] [multi_io_elements.cpp:135] [create] Created (NmsPPMuxEl0YOLOX-Post-Process | Op YOLOX, Name: YOLOX-Post-Process, Score threshold: 0.200, IoU threshold: 0.65, Classes: 80, Max bboxes per class: 100, Image height: 640, Image width: 640)
[2026-03-03 17:56:22.135] [8381] [HailoRT] [info] [edge_elements.cpp:287] [create] Created (HwReadEl2yolov6n/conv36_70 | hw_frame_size: 512000)
[2026-03-03 17:56:22.135] [8381] [HailoRT] [info] [queue_elements.cpp:657] [create] Created (PullQEl_nms2yolov6n/conv36_70 | timeout: 10s)
[2026-03-03 17:56:22.135] [8381] [HailoRT] [info] [edge_elements.cpp:287] [create] Created (HwReadEl1yolov6n/conv37_70 | hw_frame_size: 25600)
[2026-03-03 17:56:22.135] [8381] [HailoRT] [info] [queue_elements.cpp:657] [create] Created (PullQEl_nms1yolov6n/conv37_70 | timeout: 10s)
[2026-03-03 17:56:22.135] [8381] [HailoRT] [info] [edge_elements.cpp:287] [create] Created (HwReadEl0yolov6n/conv38_70 | hw_frame_size: 6400)
[2026-03-03 17:56:22.135] [8381] [HailoRT] [info] [queue_elements.cpp:657] [create] Created (PullQEl_nms0yolov6n/conv38_70 | timeout: 10s)
[2026-03-03 17:56:22.135] [8381] [HailoRT] [info] [edge_elements.cpp:287] [create] Created (HwReadEl9yolov6n/conv47_70 | hw_frame_size: 128000)
[2026-03-03 17:56:22.135] [8381] [HailoRT] [info] [queue_elements.cpp:657] [create] Created (PullQEl_nms9yolov6n/conv47_70 | timeout: 10s)
[2026-03-03 17:56:22.135] [8381] [HailoRT] [info] [edge_elements.cpp:287] [create] Created (HwReadEl6yolov6n/conv48_70 | hw_frame_size: 6400)
[2026-03-03 17:56:22.135] [8381] [HailoRT] [info] [queue_elements.cpp:657] [create] Created (PullQEl_nms6yolov6n/conv48_70 | timeout: 10s)
[2026-03-03 17:56:22.135] [8381] [HailoRT] [info] [edge_elements.cpp:287] [create] Created (HwReadEl7yolov6n/conv49_70 | hw_frame_size: 1600)
[2026-03-03 17:56:22.135] [8381] [HailoRT] [info] [queue_elements.cpp:657] [create] Created (PullQEl_nms7yolov6n/conv49_70 | timeout: 10s)
[2026-03-03 17:56:22.135] [8381] [HailoRT] [info] [edge_elements.cpp:287] [create] Created (HwReadEl4yolov6n/conv57_70 | hw_frame_size: 38400)
[2026-03-03 17:56:22.135] [8381] [HailoRT] [info] [queue_elements.cpp:657] [create] Created (PullQEl_nms4yolov6n/conv57_70 | timeout: 10s)
[2026-03-03 17:56:22.135] [8381] [HailoRT] [info] [edge_elements.cpp:287] [create] Created (HwReadEl8yolov6n/conv58_70 | hw_frame_size: 1920)
[2026-03-03 17:56:22.135] [8381] [HailoRT] [info] [queue_elements.cpp:657] [create] Created (PullQEl_nms8yolov6n/conv58_70 | timeout: 10s)
[2026-03-03 17:56:22.136] [8381] [HailoRT] [info] [edge_elements.cpp:287] [create] Created (HwReadEl5yolov6n/conv59_70 | hw_frame_size: 480)
[2026-03-03 17:56:22.136] [8381] [HailoRT] [info] [queue_elements.cpp:657] [create] Created (PullQEl_nms5yolov6n/conv59_70 | timeout: 10s)
[2026-03-03 17:56:22.136] [8381] [HailoRT] [info] [queue_elements.cpp:800] [create] Created (UserBufQEl_post_infer0yolov6n/yolox_nms_postprocess | timeout: 10s)
[2026-03-03 17:56:22.136] [8381] [HailoRT] [info] [vstream.cpp:1114] [OutputVStreamImpl] Creating yolov6n/yolox_nms_postprocess...
[2026-03-03 17:56:22.136] [8381] [HailoRT] [info] [vstream_builder.cpp:622] [create_output_post_process_nms] Output pipeline 'yolov6n/yolox_nms_postprocess': HW >> (HwReadEl2yolov6n/conv36_70 | hw_frame_size: 512000) >> (PullQEl_nms2yolov6n/conv36_70) >> (HwReadEl1yolov6n/conv37_70 | hw_frame_size: 25600) >> (PullQEl_nms1yolov6n/conv37_70) >> (HwReadEl0yolov6n/conv38_70 | hw_frame_size: 6400) >> (PullQEl_nms0yolov6n/conv38_70) >> (HwReadEl9yolov6n/conv47_70 | hw_frame_size: 128000) >> (PullQEl_nms9yolov6n/conv47_70) >> (HwReadEl6yolov6n/conv48_70 | hw_frame_size: 6400) >> (PullQEl_nms6yolov6n/conv48_70) >> (HwReadEl7yolov6n/conv49_70 | hw_frame_size: 1600) >> (PullQEl_nms7yolov6n/conv49_70) >> (HwReadEl4yolov6n/conv57_70 | hw_frame_size: 38400) >> (PullQEl_nms4yolov6n/conv57_70) >> (HwReadEl8yolov6n/conv58_70 | hw_frame_size: 1920) >> (PullQEl_nms8yolov6n/conv58_70) >> (HwReadEl5yolov6n/conv59_70 | hw_frame_size: 480) >> (PullQEl_nms5yolov6n/conv59_70) >> (NmsPPMuxEl0YOLOX-Post-Process | Op YOLOX, Name: YOLOX-Post-Process, Score threshold: 0.200, IoU threshold: 0.65, Classes: 80, Max bboxes per class: 100, Image height: 640, Image width: 640) >> (UserBufQEl_post_infer0yolov6n/yolox_nms_postprocess | timeout: 10s)
[2026-03-03 17:56:37.138] [8544] [HailoRT] [info] [vdevice_native_stream.cpp:331] [read_impl] Failed read from stream HAILO_STREAM_ABORT(63) (device: 0001:01:00.0)
[2026-03-03 17:56:37.138] [8544] [HailoRT] [info] [edge_elements.cpp:396] [run_pull] Reading from stream was aborted!
[2026-03-03 17:56:37.138] [8544] [HailoRT] [info] [queue_elements.cpp:738] [run_in_thread] run_pull of queue element PullQEl_nms1yolov6n/conv37_70 was aborted!
[2026-03-03 17:56:37.138] [8555] [HailoRT] [info] [queue_elements.cpp:706] [run_pull] Shutdown event was signaled in dequeue of queue element PullQEl_nms1yolov6n/conv37_70!
[2026-03-03 17:56:37.138] [8543] [HailoRT] [info] [vdevice_native_stream.cpp:331] [read_impl] Failed read from stream HAILO_STREAM_ABORT(63) (device: 0001:01:00.0)
[2026-03-03 17:56:37.138] [8543] [HailoRT] [info] [edge_elements.cpp:396] [run_pull] Reading from stream was aborted!
[2026-03-03 17:56:37.138] [8555] [HailoRT] [info] [vstream.cpp:1138] [read] Receiving to VStream was shutdown!
[2026-03-03 17:56:37.138] [8543] [HailoRT] [info] [queue_elements.cpp:738] [run_in_thread] run_pull of queue element PullQEl_nms2yolov6n/conv36_70 was aborted!
[2026-03-03 17:56:37.138] [8542] [HailoRT] [info] [vdevice_native_stream.cpp:142] [write_impl] Failed write to stream yolov6n/input_layer1 (device: 0001:01:00.0) with status=HAILO_STREAM_ABORT(63)
[2026-03-03 17:56:37.138] [8542] [HailoRT] [info] [edge_elements.cpp:87] [run_push] Failed to send on input stream InputStream(index=3, name=yolov6n/input_layer1) because stream was aborted
[2026-03-03 17:56:37.138] [8542] [HailoRT] [info] [queue_elements.cpp:401] [run_in_thread] run_push of PushQEl3yolov6n/input_layer1 was aborted!
[2026-03-03 17:56:37.138] [8547] [HailoRT] [info] [vdevice_native_stream.cpp:331] [read_impl] Failed read from stream HAILO_STREAM_ABORT(63) (device: 0001:01:00.0)
[2026-03-03 17:56:37.138] [8546] [HailoRT] [info] [vdevice_native_stream.cpp:331] [read_impl] Failed read from stream HAILO_STREAM_ABORT(63) (device: 0001:01:00.0)
[2026-03-03 17:56:37.138] [8548] [HailoRT] [info] [vdevice_native_stream.cpp:331] [read_impl] Failed read from stream HAILO_STREAM_ABORT(63) (device: 0001:01:00.0)
[2026-03-03 17:56:37.138] [8546] [HailoRT] [info] [edge_elements.cpp:396] [run_pull] Reading from stream was aborted!
[2026-03-03 17:56:37.138] [8548] [HailoRT] [info] [edge_elements.cpp:396] [run_pull] Reading from stream was aborted!
[2026-03-03 17:56:37.138] [8547] [HailoRT] [info] [edge_elements.cpp:396] [run_pull] Reading from stream was aborted!
[2026-03-03 17:56:37.138] [8546] [HailoRT] [info] [queue_elements.cpp:738] [run_in_thread] run_pull of queue element PullQEl_nms9yolov6n/conv47_70 was aborted!
[2026-03-03 17:56:37.138] [8547] [HailoRT] [info] [queue_elements.cpp:738] [run_in_thread] run_pull of queue element PullQEl_nms6yolov6n/conv48_70 was aborted!
[2026-03-03 17:56:37.138] [8548] [HailoRT] [info] [queue_elements.cpp:738] [run_in_thread] run_pull of queue element PullQEl_nms7yolov6n/conv49_70 was aborted!
[2026-03-03 17:56:37.138] [8550] [HailoRT] [info] [vdevice_native_stream.cpp:331] [read_impl] Failed read from stream HAILO_STREAM_ABORT(63) (device: 0001:01:00.0)
[2026-03-03 17:56:37.138] [8549] [HailoRT] [info] [vdevice_native_stream.cpp:331] [read_impl] Failed read from stream HAILO_STREAM_ABORT(63) (device: 0001:01:00.0)
[2026-03-03 17:56:37.138] [8550] [HailoRT] [info] [edge_elements.cpp:396] [run_pull] Reading from stream was aborted!
[2026-03-03 17:56:37.138] [8549] [HailoRT] [info] [edge_elements.cpp:396] [run_pull] Reading from stream was aborted!
[2026-03-03 17:56:37.138] [8549] [HailoRT] [info] [queue_elements.cpp:738] [run_in_thread] run_pull of queue element PullQEl_nms4yolov6n/conv57_70 was aborted!
[2026-03-03 17:56:37.138] [8550] [HailoRT] [info] [queue_elements.cpp:738] [run_in_thread] run_pull of queue element PullQEl_nms8yolov6n/conv58_70 was aborted!
[2026-03-03 17:56:37.138] [8551] [HailoRT] [info] [vdevice_native_stream.cpp:331] [read_impl] Failed read from stream HAILO_STREAM_ABORT(63) (device: 0001:01:00.0)
[2026-03-03 17:56:37.138] [8551] [HailoRT] [info] [edge_elements.cpp:396] [run_pull] Reading from stream was aborted!
[2026-03-03 17:56:37.138] [8551] [HailoRT] [info] [queue_elements.cpp:738] [run_in_thread] run_pull of queue element PullQEl_nms5yolov6n/conv59_70 was aborted!
[2026-03-03 17:56:37.139] [8556] [HailoRT] [info] [queue_elements.cpp:319] [run_push] run_push of PushQEl3yolov6n/input_layer1 was aborted!
[2026-03-03 17:56:37.139] [8556] [HailoRT] [info] [filter_elements.cpp:35] [run_push] run_push of PreInferEl3yolov6n/input_layer1 was aborted!
[2026-03-03 17:56:37.139] [8556] [HailoRT] [info] [vstream.cpp:778] [write] Sending to VStream was aborted!
[2026-03-03 17:56:37.144] [8381] [HailoRT] [info] [queue_elements.cpp:360] [execute_deactivate] enqueue() in element PushQEl3yolov6n/input_layer1 was aborted, got status = HAILO_SHUTDOWN_EVENT_SIGNALED(57)
[2026-03-03 17:56:37.144] [8542] [HailoRT] [info] [queue_elements.cpp:68] [operator()] Thread in element PushQEl3yolov6n/input_layer1 is not running anymore, exiting..
[2026-03-03 17:56:37.144] [8381] [HailoRT] [info] [queue_elements.cpp:46] [~BaseQueueElement] Queue element PushQEl3yolov6n/input_layer1 has 0 frames in his Queue on destruction
[2026-03-03 17:56:37.144] [8545] [HailoRT] [info] [queue_elements.cpp:734] [run_in_thread] Shutdown event was signaled in run_pull of queue element PullQEl_nms0yolov6n/conv38_70!
[2026-03-03 17:56:37.144] [8552] [HailoRT] [info] [queue_elements.cpp:68] [operator()] Thread in element UserBufQEl_post_infer0yolov6n/yolox_nms_postprocess is not running anymore, exiting..
[2026-03-03 17:56:37.144] [8381] [HailoRT] [info] [queue_elements.cpp:46] [~BaseQueueElement] Queue element UserBufQEl_post_infer0yolov6n/yolox_nms_postprocess has 0 frames in his Queue on destruction
[2026-03-03 17:56:37.144] [8551] [HailoRT] [info] [queue_elements.cpp:68] [operator()] Thread in element PullQEl_nms5yolov6n/conv59_70 is not running anymore, exiting..
[2026-03-03 17:56:37.144] [8381] [HailoRT] [info] [queue_elements.cpp:46] [~BaseQueueElement] Queue element PullQEl_nms5yolov6n/conv59_70 has 1 frames in his Queue on destruction
[2026-03-03 17:56:37.144] [8550] [HailoRT] [info] [queue_elements.cpp:68] [operator()] Thread in element PullQEl_nms8yolov6n/conv58_70 is not running anymore, exiting..
[2026-03-03 17:56:37.144] [8381] [HailoRT] [info] [queue_elements.cpp:46] [~BaseQueueElement] Queue element PullQEl_nms8yolov6n/conv58_70 has 1 frames in his Queue on destruction
[2026-03-03 17:56:37.144] [8549] [HailoRT] [info] [queue_elements.cpp:68] [operator()] Thread in element PullQEl_nms4yolov6n/conv57_70 is not running anymore, exiting..
[2026-03-03 17:56:37.144] [8381] [HailoRT] [info] [queue_elements.cpp:46] [~BaseQueueElement] Queue element PullQEl_nms4yolov6n/conv57_70 has 1 frames in his Queue on destruction
[2026-03-03 17:56:37.144] [8548] [HailoRT] [info] [queue_elements.cpp:68] [operator()] Thread in element PullQEl_nms7yolov6n/conv49_70 is not running anymore, exiting..
[2026-03-03 17:56:37.144] [8381] [HailoRT] [info] [queue_elements.cpp:46] [~BaseQueueElement] Queue element PullQEl_nms7yolov6n/conv49_70 has 1 frames in his Queue on destruction
[2026-03-03 17:56:37.144] [8547] [HailoRT] [info] [queue_elements.cpp:68] [operator()] Thread in element PullQEl_nms6yolov6n/conv48_70 is not running anymore, exiting..
[2026-03-03 17:56:37.144] [8381] [HailoRT] [info] [queue_elements.cpp:46] [~BaseQueueElement] Queue element PullQEl_nms6yolov6n/conv48_70 has 1 frames in his Queue on destruction
[2026-03-03 17:56:37.144] [8546] [HailoRT] [info] [queue_elements.cpp:68] [operator()] Thread in element PullQEl_nms9yolov6n/conv47_70 is not running anymore, exiting..
[2026-03-03 17:56:37.144] [8381] [HailoRT] [info] [queue_elements.cpp:46] [~BaseQueueElement] Queue element PullQEl_nms9yolov6n/conv47_70 has 1 frames in his Queue on destruction
[2026-03-03 17:56:37.145] [8545] [HailoRT] [info] [queue_elements.cpp:68] [operator()] Thread in element PullQEl_nms0yolov6n/conv38_70 is not running anymore, exiting..
[2026-03-03 17:56:37.145] [8381] [HailoRT] [info] [queue_elements.cpp:46] [~BaseQueueElement] Queue element PullQEl_nms0yolov6n/conv38_70 has 2 frames in his Queue on destruction
[2026-03-03 17:56:37.145] [8544] [HailoRT] [info] [queue_elements.cpp:68] [operator()] Thread in element PullQEl_nms1yolov6n/conv37_70 is not running anymore, exiting..
[2026-03-03 17:56:37.145] [8381] [HailoRT] [info] [queue_elements.cpp:46] [~BaseQueueElement] Queue element PullQEl_nms1yolov6n/conv37_70 has 1 frames in his Queue on destruction
[2026-03-03 17:56:37.145] [8543] [HailoRT] [info] [queue_elements.cpp:68] [operator()] Thread in element PullQEl_nms2yolov6n/conv36_70 is not running anymore, exiting..
[2026-03-03 17:56:37.145] [8381] [HailoRT] [info] [queue_elements.cpp:46] [~BaseQueueElement] Queue element PullQEl_nms2yolov6n/conv36_70 has 0 frames in his Queue on destruction
[2026-03-03 17:56:37.145] [8381] [HailoRT] [info] [core_op.cpp:186] [deactivate] Deactivating took 0.008111 ms
[2026-03-03 17:56:37.145] [8381] [HailoRT] [info] [core_op.cpp:186] [deactivate] Deactivating took 0.016834 ms
[2026-03-03 17:56:37.212] [8381] [HailoRT] [info] [vdevice.cpp:535] [create] Creating vdevice with params: device_count: 1, scheduling_algorithm: NONE, multi_process_service: false
[2026-03-03 17:56:37.225] [8381] [HailoRT] [info] [device.cpp:51] [Device] OS Version: Linux 6.12.62+rpt-rpi-2712 #1 SMP PREEMPT Debian 1:6.12.62-1+rpt1 (2025-12-18) aarch64
[2026-03-03 17:56:37.225] [8381] [HailoRT] [info] [control.cpp:113] [control__parse_identify_results] firmware_version is: 4.23.0
[2026-03-03 17:56:37.225] [8381] [HailoRT] [info] [vdevice.cpp:682] [create] VDevice Infos: 0001:01:00.0
[2026-03-03 17:56:37.230] [8381] [HailoRT] [info] [internal_buffer_manager.cpp:75] [print_execution_results] Default Internal buffer planner failed to meet requirements
[2026-03-03 17:56:37.230] [8381] [HailoRT] [info] [internal_buffer_manager.cpp:86] [print_execution_results] Default Internal buffer planner executed successfully
[2026-03-03 17:56:37.248] [8381] [HailoRT] [info] [device_internal.cpp:57] [configure] Configuring HEF took 22.725145 milliseconds
[2026-03-03 17:56:37.248] [8381] [HailoRT] [info] [vdevice.cpp:780] [configure] Configuring HEF on VDevice took 23.113294 milliseconds
[2026-03-03 17:56:37.248] [8381] [HailoRT] [info] [control.cpp:113] [control__parse_identify_results] firmware_version is: 4.23.0
[2026-03-03 17:56:37.249] [8381] [HailoRT] [info] [control.cpp:113] [control__parse_identify_results] firmware_version is: 4.23.0
[2026-03-03 17:56:37.249] [8381] [HailoRT] [info] [core_op.cpp:156] [activate] Activating yolov6n took 0.674668 milliseconds. Note that the function is asynchronous and thus the network is not fully activated yet.
[2026-03-03 17:56:37.249] [8381] [HailoRT] [info] [core_op.cpp:156] [activate] Activating yolov6n took 0.683649 milliseconds. Note that the function is asynchronous and thus the network is not fully activated yet.
[2026-03-03 17:56:37.263] [8381] [HailoRT] [info] [control.cpp:113] [control__parse_identify_results] firmware_version is: 4.23.0
[2026-03-03 17:56:37.263] [8381] [HailoRT] [info] [control.cpp:113] [control__parse_identify_results] firmware_version is: 4.23.0
[2026-03-03 17:56:37.263] [8381] [HailoRT] [info] [edge_elements.cpp:52] [create] Created (HwWriteEl3yolov6n/input_layer1 | hw_frame_size: 1228800)
[2026-03-03 17:56:37.263] [8381] [HailoRT] [info] [queue_elements.cpp:284] [create] Created (PushQEl3yolov6n/input_layer1 | timeout: 10s)
[2026-03-03 17:56:37.263] [8381] [HailoRT] [info] [filter_elements.cpp:101] [create] Created (PreInferEl3yolov6n/input_layer1 | Reorder - src_order: NHWC, src_shape: (640, 640, 3), dst_order: NHCW, dst_shape: (640, 640, 3))
[2026-03-03 17:56:37.263] [8381] [HailoRT] [info] [vstream.cpp:754] [InputVStreamImpl] Creating yolov6n/input_layer1...
[2026-03-03 17:56:37.263] [8381] [HailoRT] [info] [vstream_builder.cpp:102] [create_inputs] Input pipeline 'yolov6n/input_layer1': (PreInferEl3yolov6n/input_layer1 | Reorder - src_order: NHWC, src_shape: (640, 640, 3), dst_order: NHCW, dst_shape: (640, 640, 3)) >> (PushQEl3yolov6n/input_layer1 | timeout: 10s) >> (HwWriteEl3yolov6n/input_layer1 | hw_frame_size: 1228800) >> HW
[2026-03-03 17:56:37.263] [8381] [HailoRT] [info] [multi_io_elements.cpp:135] [create] Created (NmsPPMuxEl0YOLOX-Post-Process | Op YOLOX, Name: YOLOX-Post-Process, Score threshold: 0.200, IoU threshold: 0.65, Classes: 80, Max bboxes per class: 100, Image height: 640, Image width: 640)
[2026-03-03 17:56:37.263] [8381] [HailoRT] [info] [edge_elements.cpp:287] [create] Created (HwReadEl2yolov6n/conv36_70 | hw_frame_size: 512000)
[2026-03-03 17:56:37.263] [8381] [HailoRT] [info] [queue_elements.cpp:657] [create] Created (PullQEl_nms2yolov6n/conv36_70 | timeout: 10s)
[2026-03-03 17:56:37.263] [8381] [HailoRT] [info] [edge_elements.cpp:287] [create] Created (HwReadEl1yolov6n/conv37_70 | hw_frame_size: 25600)
[2026-03-03 17:56:37.264] [8381] [HailoRT] [info] [queue_elements.cpp:657] [create] Created (PullQEl_nms1yolov6n/conv37_70 | timeout: 10s)
[2026-03-03 17:56:37.264] [8381] [HailoRT] [info] [edge_elements.cpp:287] [create] Created (HwReadEl0yolov6n/conv38_70 | hw_frame_size: 6400)
[2026-03-03 17:56:37.264] [8381] [HailoRT] [info] [queue_elements.cpp:657] [create] Created (PullQEl_nms0yolov6n/conv38_70 | timeout: 10s)
[2026-03-03 17:56:37.264] [8381] [HailoRT] [info] [edge_elements.cpp:287] [create] Created (HwReadEl9yolov6n/conv47_70 | hw_frame_size: 128000)
[2026-03-03 17:56:37.264] [8381] [HailoRT] [info] [queue_elements.cpp:657] [create] Created (PullQEl_nms9yolov6n/conv47_70 | timeout: 10s)
[2026-03-03 17:56:37.264] [8381] [HailoRT] [info] [edge_elements.cpp:287] [create] Created (HwReadEl6yolov6n/conv48_70 | hw_frame_size: 6400)
[2026-03-03 17:56:37.264] [8381] [HailoRT] [info] [queue_elements.cpp:657] [create] Created (PullQEl_nms6yolov6n/conv48_70 | timeout: 10s)
[2026-03-03 17:56:37.264] [8381] [HailoRT] [info] [edge_elements.cpp:287] [create] Created (HwReadEl7yolov6n/conv49_70 | hw_frame_size: 1600)
[2026-03-03 17:56:37.264] [8381] [HailoRT] [info] [queue_elements.cpp:657] [create] Created (PullQEl_nms7yolov6n/conv49_70 | timeout: 10s)
[2026-03-03 17:56:37.264] [8381] [HailoRT] [info] [edge_elements.cpp:287] [create] Created (HwReadEl4yolov6n/conv57_70 | hw_frame_size: 38400)
[2026-03-03 17:56:37.264] [8381] [HailoRT] [info] [queue_elements.cpp:657] [create] Created (PullQEl_nms4yolov6n/conv57_70 | timeout: 10s)
[2026-03-03 17:56:37.264] [8381] [HailoRT] [info] [edge_elements.cpp:287] [create] Created (HwReadEl8yolov6n/conv58_70 | hw_frame_size: 1920)
[2026-03-03 17:56:37.264] [8381] [HailoRT] [info] [queue_elements.cpp:657] [create] Created (PullQEl_nms8yolov6n/conv58_70 | timeout: 10s)
[2026-03-03 17:56:37.264] [8381] [HailoRT] [info] [edge_elements.cpp:287] [create] Created (HwReadEl5yolov6n/conv59_70 | hw_frame_size: 480)
[2026-03-03 17:56:37.264] [8381] [HailoRT] [info] [queue_elements.cpp:657] [create] Created (PullQEl_nms5yolov6n/conv59_70 | timeout: 10s)
[2026-03-03 17:56:37.264] [8381] [HailoRT] [info] [queue_elements.cpp:800] [create] Created (UserBufQEl_post_infer0yolov6n/yolox_nms_postprocess | timeout: 10s)
[2026-03-03 17:56:37.264] [8381] [HailoRT] [info] [vstream.cpp:1114] [OutputVStreamImpl] Creating yolov6n/yolox_nms_postprocess...
[2026-03-03 17:56:37.264] [8381] [HailoRT] [info] [vstream_builder.cpp:622] [create_output_post_process_nms] Output pipeline 'yolov6n/yolox_nms_postprocess': HW >> (HwReadEl2yolov6n/conv36_70 | hw_frame_size: 512000) >> (PullQEl_nms2yolov6n/conv36_70) >> (HwReadEl1yolov6n/conv37_70 | hw_frame_size: 25600) >> (PullQEl_nms1yolov6n/conv37_70) >> (HwReadEl0yolov6n/conv38_70 | hw_frame_size: 6400) >> (PullQEl_nms0yolov6n/conv38_70) >> (HwReadEl9yolov6n/conv47_70 | hw_frame_size: 128000) >> (PullQEl_nms9yolov6n/conv47_70) >> (HwReadEl6yolov6n/conv48_70 | hw_frame_size: 6400) >> (PullQEl_nms6yolov6n/conv48_70) >> (HwReadEl7yolov6n/conv49_70 | hw_frame_size: 1600) >> (PullQEl_nms7yolov6n/conv49_70) >> (HwReadEl4yolov6n/conv57_70 | hw_frame_size: 38400) >> (PullQEl_nms4yolov6n/conv57_70) >> (HwReadEl8yolov6n/conv58_70 | hw_frame_size: 1920) >> (PullQEl_nms8yolov6n/conv58_70) >> (HwReadEl5yolov6n/conv59_70 | hw_frame_size: 480) >> (PullQEl_nms5yolov6n/conv59_70) >> (NmsPPMuxEl0YOLOX-Post-Process | Op YOLOX, Name: YOLOX-Post-Process, Score threshold: 0.200, IoU threshold: 0.65, Classes: 80, Max bboxes per class: 100, Image height: 640, Image width: 640) >> (UserBufQEl_post_infer0yolov6n/yolox_nms_postprocess | timeout: 10s)
[2026-03-03 17:56:52.264] [8672] [HailoRT] [info] [vdevice_native_stream.cpp:331] [read_impl] Failed read from stream HAILO_STREAM_ABORT(63) (device: 0001:01:00.0)
[2026-03-03 17:56:52.264] [8672] [HailoRT] [info] [edge_elements.cpp:396] [run_pull] Reading from stream was aborted!
[2026-03-03 17:56:52.264] [8672] [HailoRT] [info] [queue_elements.cpp:738] [run_in_thread] run_pull of queue element PullQEl_nms6yolov6n/conv48_70 was aborted!
[2026-03-03 17:56:52.264] [8670] [HailoRT] [info] [vdevice_native_stream.cpp:331] [read_impl] Failed read from stream HAILO_STREAM_ABORT(63) (device: 0001:01:00.0)
[2026-03-03 17:56:52.264] [8670] [HailoRT] [info] [edge_elements.cpp:396] [run_pull] Reading from stream was aborted!
[2026-03-03 17:56:52.264] [8670] [HailoRT] [info] [queue_elements.cpp:738] [run_in_thread] run_pull of queue element PullQEl_nms0yolov6n/conv38_70 was aborted!
[2026-03-03 17:56:52.264] [8673] [HailoRT] [info] [vdevice_native_stream.cpp:331] [read_impl] Failed read from stream HAILO_STREAM_ABORT(63) (device: 0001:01:00.0)
[2026-03-03 17:56:52.264] [8673] [HailoRT] [info] [edge_elements.cpp:396] [run_pull] Reading from stream was aborted!
[2026-03-03 17:56:52.264] [8673] [HailoRT] [info] [queue_elements.cpp:738] [run_in_thread] run_pull of queue element PullQEl_nms7yolov6n/conv49_70 was aborted!
[2026-03-03 17:56:52.265] [8671] [HailoRT] [info] [vdevice_native_stream.cpp:331] [read_impl] Failed read from stream HAILO_STREAM_ABORT(63) (device: 0001:01:00.0)
[2026-03-03 17:56:52.265] [8671] [HailoRT] [info] [edge_elements.cpp:396] [run_pull] Reading from stream was aborted!
[2026-03-03 17:56:52.265] [8671] [HailoRT] [info] [queue_elements.cpp:738] [run_in_thread] run_pull of queue element PullQEl_nms9yolov6n/conv47_70 was aborted!
[2026-03-03 17:56:52.265] [8674] [HailoRT] [info] [vdevice_native_stream.cpp:331] [read_impl] Failed read from stream HAILO_STREAM_ABORT(63) (device: 0001:01:00.0)
[2026-03-03 17:56:52.265] [8674] [HailoRT] [info] [edge_elements.cpp:396] [run_pull] Reading from stream was aborted!
[2026-03-03 17:56:52.265] [8674] [HailoRT] [info] [queue_elements.cpp:738] [run_in_thread] run_pull of queue element PullQEl_nms4yolov6n/conv57_70 was aborted!
[2026-03-03 17:56:52.265] [8676] [HailoRT] [info] [vdevice_native_stream.cpp:331] [read_impl] Failed read from stream HAILO_STREAM_ABORT(63) (device: 0001:01:00.0)
[2026-03-03 17:56:52.265] [8676] [HailoRT] [info] [edge_elements.cpp:396] [run_pull] Reading from stream was aborted!
[2026-03-03 17:56:52.265] [8676] [HailoRT] [info] [queue_elements.cpp:738] [run_in_thread] run_pull of queue element PullQEl_nms5yolov6n/conv59_70 was aborted!
[2026-03-03 17:56:52.265] [8675] [HailoRT] [info] [vdevice_native_stream.cpp:331] [read_impl] Failed read from stream HAILO_STREAM_ABORT(63) (device: 0001:01:00.0)
[2026-03-03 17:56:52.265] [8675] [HailoRT] [info] [edge_elements.cpp:396] [run_pull] Reading from stream was aborted!
[2026-03-03 17:56:52.265] [8675] [HailoRT] [info] [queue_elements.cpp:738] [run_in_thread] run_pull of queue element PullQEl_nms8yolov6n/conv58_70 was aborted!
[2026-03-03 17:56:52.265] [8668] [HailoRT] [info] [vdevice_native_stream.cpp:331] [read_impl] Failed read from stream HAILO_STREAM_ABORT(63) (device: 0001:01:00.0)
[2026-03-03 17:56:52.265] [8668] [HailoRT] [info] [edge_elements.cpp:396] [run_pull] Reading from stream was aborted!
[2026-03-03 17:56:52.265] [8668] [HailoRT] [info] [queue_elements.cpp:738] [run_in_thread] run_pull of queue element PullQEl_nms2yolov6n/conv36_70 was aborted!
[2026-03-03 17:56:52.265] [8680] [HailoRT] [info] [queue_elements.cpp:706] [run_pull] Shutdown event was signaled in dequeue of queue element PullQEl_nms2yolov6n/conv36_70!
[2026-03-03 17:56:52.265] [8680] [HailoRT] [info] [vstream.cpp:1138] [read] Receiving to VStream was shutdown!
[2026-03-03 17:56:52.265] [8669] [HailoRT] [info] [vdevice_native_stream.cpp:331] [read_impl] Failed read from stream HAILO_STREAM_ABORT(63) (device: 0001:01:00.0)
[2026-03-03 17:56:52.265] [8669] [HailoRT] [info] [edge_elements.cpp:396] [run_pull] Reading from stream was aborted!
[2026-03-03 17:56:52.265] [8669] [HailoRT] [info] [queue_elements.cpp:738] [run_in_thread] run_pull of queue element PullQEl_nms1yolov6n/conv37_70 was aborted!
[2026-03-03 17:56:52.265] [8667] [HailoRT] [info] [vdevice_native_stream.cpp:142] [write_impl] Failed write to stream yolov6n/input_layer1 (device: 0001:01:00.0) with status=HAILO_STREAM_ABORT(63)
[2026-03-03 17:56:52.265] [8667] [HailoRT] [info] [edge_elements.cpp:87] [run_push] Failed to send on input stream InputStream(index=3, name=yolov6n/input_layer1) because stream was aborted
[2026-03-03 17:56:52.265] [8667] [HailoRT] [info] [queue_elements.cpp:401] [run_in_thread] run_push of PushQEl3yolov6n/input_layer1 was aborted!
[2026-03-03 17:56:52.265] [8681] [HailoRT] [info] [vstream.cpp:774] [write] Sending to VStream was shutdown!
[2026-03-03 17:56:52.265] [8681] [HailoRT] [info] [vstream.cpp:778] [write] Sending to VStream was aborted!
[2026-03-03 17:56:52.267] [8381] [HailoRT] [info] [queue_elements.cpp:360] [execute_deactivate] enqueue() in element PushQEl3yolov6n/input_layer1 was aborted, got status = HAILO_SHUTDOWN_EVENT_SIGNALED(57)
[2026-03-03 17:56:52.267] [8667] [HailoRT] [info] [queue_elements.cpp:68] [operator()] Thread in element PushQEl3yolov6n/input_layer1 is not running anymore, exiting..
[2026-03-03 17:56:52.267] [8381] [HailoRT] [info] [queue_elements.cpp:46] [~BaseQueueElement] Queue element PushQEl3yolov6n/input_layer1 has 0 frames in his Queue on destruction
[2026-03-03 17:56:52.269] [8677] [HailoRT] [info] [queue_elements.cpp:68] [operator()] Thread in element UserBufQEl_post_infer0yolov6n/yolox_nms_postprocess is not running anymore, exiting..
[2026-03-03 17:56:52.269] [8381] [HailoRT] [info] [queue_elements.cpp:46] [~BaseQueueElement] Queue element UserBufQEl_post_infer0yolov6n/yolox_nms_postprocess has 0 frames in his Queue on destruction
[2026-03-03 17:56:52.269] [8676] [HailoRT] [info] [queue_elements.cpp:68] [operator()] Thread in element PullQEl_nms5yolov6n/conv59_70 is not running anymore, exiting..
[2026-03-03 17:56:52.270] [8381] [HailoRT] [info] [queue_elements.cpp:46] [~BaseQueueElement] Queue element PullQEl_nms5yolov6n/conv59_70 has 0 frames in his Queue on destruction
[2026-03-03 17:56:52.270] [8675] [HailoRT] [info] [queue_elements.cpp:68] [operator()] Thread in element PullQEl_nms8yolov6n/conv58_70 is not running anymore, exiting..
[2026-03-03 17:56:52.270] [8381] [HailoRT] [info] [queue_elements.cpp:46] [~BaseQueueElement] Queue element PullQEl_nms8yolov6n/conv58_70 has 0 frames in his Queue on destruction
[2026-03-03 17:56:52.270] [8674] [HailoRT] [info] [queue_elements.cpp:68] [operator()] Thread in element PullQEl_nms4yolov6n/conv57_70 is not running anymore, exiting..
[2026-03-03 17:56:52.270] [8381] [HailoRT] [info] [queue_elements.cpp:46] [~BaseQueueElement] Queue element PullQEl_nms4yolov6n/conv57_70 has 0 frames in his Queue on destruction
[2026-03-03 17:56:52.270] [8673] [HailoRT] [info] [queue_elements.cpp:68] [operator()] Thread in element PullQEl_nms7yolov6n/conv49_70 is not running anymore, exiting..
[2026-03-03 17:56:52.271] [8381] [HailoRT] [info] [queue_elements.cpp:46] [~BaseQueueElement] Queue element PullQEl_nms7yolov6n/conv49_70 has 0 frames in his Queue on destruction
[2026-03-03 17:56:52.271] [8672] [HailoRT] [info] [queue_elements.cpp:68] [operator()] Thread in element PullQEl_nms6yolov6n/conv48_70 is not running anymore, exiting..
[2026-03-03 17:56:52.271] [8381] [HailoRT] [info] [queue_elements.cpp:46] [~BaseQueueElement] Queue element PullQEl_nms6yolov6n/conv48_70 has 0 frames in his Queue on destruction
[2026-03-03 17:56:52.271] [8671] [HailoRT] [info] [queue_elements.cpp:68] [operator()] Thread in element PullQEl_nms9yolov6n/conv47_70 is not running anymore, exiting..
[2026-03-03 17:56:52.271] [8381] [HailoRT] [info] [queue_elements.cpp:46] [~BaseQueueElement] Queue element PullQEl_nms9yolov6n/conv47_70 has 0 frames in his Queue on destruction
[2026-03-03 17:56:52.271] [8670] [HailoRT] [info] [queue_elements.cpp:68] [operator()] Thread in element PullQEl_nms0yolov6n/conv38_70 is not running anymore, exiting..
[2026-03-03 17:56:52.271] [8381] [HailoRT] [info] [queue_elements.cpp:46] [~BaseQueueElement] Queue element PullQEl_nms0yolov6n/conv38_70 has 0 frames in his Queue on destruction
[2026-03-03 17:56:52.271] [8669] [HailoRT] [info] [queue_elements.cpp:68] [operator()] Thread in element PullQEl_nms1yolov6n/conv37_70 is not running anymore, exiting..
[2026-03-03 17:56:52.271] [8381] [HailoRT] [info] [queue_elements.cpp:46] [~BaseQueueElement] Queue element PullQEl_nms1yolov6n/conv37_70 has 0 frames in his Queue on destruction
[2026-03-03 17:56:52.272] [8668] [HailoRT] [info] [queue_elements.cpp:68] [operator()] Thread in element PullQEl_nms2yolov6n/conv36_70 is not running anymore, exiting..
[2026-03-03 17:56:52.272] [8381] [HailoRT] [info] [queue_elements.cpp:46] [~BaseQueueElement] Queue element PullQEl_nms2yolov6n/conv36_70 has 0 frames in his Queue on destruction
[2026-03-03 17:56:52.272] [8381] [HailoRT] [info] [core_op.cpp:186] [deactivate] Deactivating took 0.019482 ms
[2026-03-03 17:56:52.272] [8381] [HailoRT] [info] [core_op.cpp:186] [deactivate] Deactivating took 0.038333 ms
[2026-03-03 17:57:41.324] [9116] [HailoRT] [info] [vdevice.cpp:535] [create] Creating vdevice with params: device_count: 1, scheduling_algorithm: NONE, multi_process_service: false
[2026-03-03 17:57:41.337] [9116] [HailoRT] [info] [device.cpp:51] [Device] OS Version: Linux 6.12.62+rpt-rpi-2712 #1 SMP PREEMPT Debian 1:6.12.62-1+rpt1 (2025-12-18) aarch64
[2026-03-03 17:57:41.337] [9116] [HailoRT] [info] [control.cpp:113] [control__parse_identify_results] firmware_version is: 4.23.0
[2026-03-03 17:57:41.337] [9116] [HailoRT] [info] [vdevice.cpp:682] [create] VDevice Infos: 0001:01:00.0
[2026-03-03 17:57:41.344] [9116] [HailoRT] [info] [internal_buffer_manager.cpp:75] [print_execution_results] Default Internal buffer planner failed to meet requirements
[2026-03-03 17:57:41.344] [9116] [HailoRT] [info] [internal_buffer_manager.cpp:86] [print_execution_results] Default Internal buffer planner executed successfully
[2026-03-03 17:57:41.361] [9116] [HailoRT] [info] [device_internal.cpp:57] [configure] Configuring HEF took 23.056868 milliseconds
[2026-03-03 17:57:41.361] [9116] [HailoRT] [info] [vdevice.cpp:780] [configure] Configuring HEF on VDevice took 23.520999 milliseconds
[2026-03-03 17:57:41.362] [9116] [HailoRT] [info] [control.cpp:113] [control__parse_identify_results] firmware_version is: 4.23.0
[2026-03-03 17:57:41.362] [9116] [HailoRT] [info] [control.cpp:113] [control__parse_identify_results] firmware_version is: 4.23.0
[2026-03-03 17:57:41.363] [9116] [HailoRT] [info] [core_op.cpp:156] [activate] Activating yolov6n took 0.706002 milliseconds. Note that the function is asynchronous and thus the network is not fully activated yet.
[2026-03-03 17:57:41.363] [9116] [HailoRT] [info] [core_op.cpp:156] [activate] Activating yolov6n took 0.718501 milliseconds. Note that the function is asynchronous and thus the network is not fully activated yet.
[2026-03-03 17:57:41.378] [9116] [HailoRT] [info] [control.cpp:113] [control__parse_identify_results] firmware_version is: 4.23.0
[2026-03-03 17:57:41.378] [9116] [HailoRT] [info] [control.cpp:113] [control__parse_identify_results] firmware_version is: 4.23.0
[2026-03-03 17:57:56.379] [9132] [HailoRT] [info] [vdevice_native_stream.cpp:331] [read_impl] Failed read from stream HAILO_STREAM_ABORT(63) (device: 0001:01:00.0)
[2026-03-03 17:57:56.379] [9135] [HailoRT] [info] [vdevice_native_stream.cpp:331] [read_impl] Failed read from stream HAILO_STREAM_ABORT(63) (device: 0001:01:00.0)
[2026-03-03 17:57:56.379] [9131] [HailoRT] [info] [vdevice_native_stream.cpp:331] [read_impl] Failed read from stream HAILO_STREAM_ABORT(63) (device: 0001:01:00.0)
[2026-03-03 17:57:56.379] [9133] [HailoRT] [info] [vdevice_native_stream.cpp:331] [read_impl] Failed read from stream HAILO_STREAM_ABORT(63) (device: 0001:01:00.0)
[2026-03-03 17:57:56.379] [9134] [HailoRT] [info] [vdevice_native_stream.cpp:331] [read_impl] Failed read from stream HAILO_STREAM_ABORT(63) (device: 0001:01:00.0)
[2026-03-03 17:57:56.379] [9137] [HailoRT] [info] [vdevice_native_stream.cpp:331] [read_impl] Failed read from stream HAILO_STREAM_ABORT(63) (device: 0001:01:00.0)
[2026-03-03 17:57:56.379] [9139] [HailoRT] [info] [vdevice_native_stream.cpp:331] [read_impl] Failed read from stream HAILO_STREAM_ABORT(63) (device: 0001:01:00.0)
[2026-03-03 17:57:56.379] [9140] [HailoRT] [info] [vdevice_native_stream.cpp:142] [write_impl] Failed write to stream yolov6n/input_layer1 (device: 0001:01:00.0) with status=HAILO_STREAM_ABORT(63)
[2026-03-03 17:57:56.379] [9136] [HailoRT] [info] [vdevice_native_stream.cpp:331] [read_impl] Failed read from stream HAILO_STREAM_ABORT(63) (device: 0001:01:00.0)
[2026-03-03 17:57:56.379] [9138] [HailoRT] [info] [vdevice_native_stream.cpp:331] [read_impl] Failed read from stream HAILO_STREAM_ABORT(63) (device: 0001:01:00.0)
[2026-03-03 17:57:56.385] [9116] [HailoRT] [info] [core_op.cpp:186] [deactivate] Deactivating took 0.01413 ms
[2026-03-03 17:57:56.385] [9116] [HailoRT] [info] [core_op.cpp:186] [deactivate] Deactivating took 0.051908 ms
[2026-03-03 17:57:56.441] [9116] [HailoRT] [info] [vdevice.cpp:535] [create] Creating vdevice with params: device_count: 1, scheduling_algorithm: NONE, multi_process_service: false
[2026-03-03 17:57:56.453] [9116] [HailoRT] [info] [device.cpp:51] [Device] OS Version: Linux 6.12.62+rpt-rpi-2712 #1 SMP PREEMPT Debian 1:6.12.62-1+rpt1 (2025-12-18) aarch64
[2026-03-03 17:57:56.454] [9116] [HailoRT] [info] [control.cpp:113] [control__parse_identify_results] firmware_version is: 4.23.0
[2026-03-03 17:57:56.454] [9116] [HailoRT] [info] [vdevice.cpp:682] [create] VDevice Infos: 0001:01:00.0
[2026-03-03 17:57:56.462] [9116] [HailoRT] [info] [internal_buffer_manager.cpp:75] [print_execution_results] Default Internal buffer planner failed to meet requirements
[2026-03-03 17:57:56.462] [9116] [HailoRT] [info] [internal_buffer_manager.cpp:86] [print_execution_results] Default Internal buffer planner executed successfully
[2026-03-03 17:57:56.482] [9116] [HailoRT] [info] [device_internal.cpp:57] [configure] Configuring HEF took 27.912583 milliseconds
[2026-03-03 17:57:56.482] [9116] [HailoRT] [info] [vdevice.cpp:780] [configure] Configuring HEF on VDevice took 28.341732 milliseconds
[2026-03-03 17:57:56.482] [9116] [HailoRT] [info] [control.cpp:113] [control__parse_identify_results] firmware_version is: 4.23.0
[2026-03-03 17:57:56.483] [9116] [HailoRT] [info] [control.cpp:113] [control__parse_identify_results] firmware_version is: 4.23.0
[2026-03-03 17:57:56.484] [9116] [HailoRT] [info] [core_op.cpp:156] [activate] Activating yolov6n took 0.756742 milliseconds. Note that the function is asynchronous and thus the network is not fully activated yet.
[2026-03-03 17:57:56.484] [9116] [HailoRT] [info] [core_op.cpp:156] [activate] Activating yolov6n took 0.778557 milliseconds. Note that the function is asynchronous and thus the network is not fully activated yet.
[2026-03-03 17:57:56.497] [9116] [HailoRT] [info] [control.cpp:113] [control__parse_identify_results] firmware_version is: 4.23.0
[2026-03-03 17:57:56.498] [9116] [HailoRT] [info] [control.cpp:113] [control__parse_identify_results] firmware_version is: 4.23.0
[2026-03-03 17:57:56.498] [9116] [HailoRT] [info] [edge_elements.cpp:52] [create] Created (HwWriteEl3yolov6n/input_layer1 | hw_frame_size: 1228800)
[2026-03-03 17:57:56.498] [9116] [HailoRT] [info] [queue_elements.cpp:284] [create] Created (PushQEl3yolov6n/input_layer1 | timeout: 10s)
[2026-03-03 17:57:56.498] [9116] [HailoRT] [info] [filter_elements.cpp:101] [create] Created (PreInferEl3yolov6n/input_layer1 | Reorder - src_order: NHWC, src_shape: (640, 640, 3), dst_order: NHCW, dst_shape: (640, 640, 3))
[2026-03-03 17:57:56.498] [9116] [HailoRT] [info] [vstream.cpp:754] [InputVStreamImpl] Creating yolov6n/input_layer1...
[2026-03-03 17:57:56.498] [9116] [HailoRT] [info] [vstream_builder.cpp:102] [create_inputs] Input pipeline 'yolov6n/input_layer1': (PreInferEl3yolov6n/input_layer1 | Reorder - src_order: NHWC, src_shape: (640, 640, 3), dst_order: NHCW, dst_shape: (640, 640, 3)) >> (PushQEl3yolov6n/input_layer1 | timeout: 10s) >> (HwWriteEl3yolov6n/input_layer1 | hw_frame_size: 1228800) >> HW
[2026-03-03 17:57:56.498] [9116] [HailoRT] [info] [multi_io_elements.cpp:135] [create] Created (NmsPPMuxEl0YOLOX-Post-Process | Op YOLOX, Name: YOLOX-Post-Process, Score threshold: 0.200, IoU threshold: 0.65, Classes: 80, Max bboxes per class: 100, Image height: 640, Image width: 640)
[2026-03-03 17:57:56.498] [9116] [HailoRT] [info] [edge_elements.cpp:287] [create] Created (HwReadEl2yolov6n/conv36_70 | hw_frame_size: 512000)
[2026-03-03 17:57:56.499] [9116] [HailoRT] [info] [queue_elements.cpp:657] [create] Created (PullQEl_nms2yolov6n/conv36_70 | timeout: 10s)
[2026-03-03 17:57:56.499] [9116] [HailoRT] [info] [edge_elements.cpp:287] [create] Created (HwReadEl1yolov6n/conv37_70 | hw_frame_size: 25600)
[2026-03-03 17:57:56.499] [9116] [HailoRT] [info] [queue_elements.cpp:657] [create] Created (PullQEl_nms1yolov6n/conv37_70 | timeout: 10s)
[2026-03-03 17:57:56.499] [9116] [HailoRT] [info] [edge_elements.cpp:287] [create] Created (HwReadEl0yolov6n/conv38_70 | hw_frame_size: 6400)
[2026-03-03 17:57:56.499] [9116] [HailoRT] [info] [queue_elements.cpp:657] [create] Created (PullQEl_nms0yolov6n/conv38_70 | timeout: 10s)
[2026-03-03 17:57:56.499] [9116] [HailoRT] [info] [edge_elements.cpp:287] [create] Created (HwReadEl9yolov6n/conv47_70 | hw_frame_size: 128000)
[2026-03-03 17:57:56.499] [9116] [HailoRT] [info] [queue_elements.cpp:657] [create] Created (PullQEl_nms9yolov6n/conv47_70 | timeout: 10s)
[2026-03-03 17:57:56.499] [9116] [HailoRT] [info] [edge_elements.cpp:287] [create] Created (HwReadEl6yolov6n/conv48_70 | hw_frame_size: 6400)
[2026-03-03 17:57:56.499] [9116] [HailoRT] [info] [queue_elements.cpp:657] [create] Created (PullQEl_nms6yolov6n/conv48_70 | timeout: 10s)
[2026-03-03 17:57:56.499] [9116] [HailoRT] [info] [edge_elements.cpp:287] [create] Created (HwReadEl7yolov6n/conv49_70 | hw_frame_size: 1600)
[2026-03-03 17:57:56.499] [9116] [HailoRT] [info] [queue_elements.cpp:657] [create] Created (PullQEl_nms7yolov6n/conv49_70 | timeout: 10s)
[2026-03-03 17:57:56.499] [9116] [HailoRT] [info] [edge_elements.cpp:287] [create] Created (HwReadEl4yolov6n/conv57_70 | hw_frame_size: 38400)
[2026-03-03 17:57:56.499] [9116] [HailoRT] [info] [queue_elements.cpp:657] [create] Created (PullQEl_nms4yolov6n/conv57_70 | timeout: 10s)
[2026-03-03 17:57:56.499] [9116] [HailoRT] [info] [edge_elements.cpp:287] [create] Created (HwReadEl8yolov6n/conv58_70 | hw_frame_size: 1920)
[2026-03-03 17:57:56.499] [9116] [HailoRT] [info] [queue_elements.cpp:657] [create] Created (PullQEl_nms8yolov6n/conv58_70 | timeout: 10s)
[2026-03-03 17:57:56.499] [9116] [HailoRT] [info] [edge_elements.cpp:287] [create] Created (HwReadEl5yolov6n/conv59_70 | hw_frame_size: 480)
[2026-03-03 17:57:56.499] [9116] [HailoRT] [info] [queue_elements.cpp:657] [create] Created (PullQEl_nms5yolov6n/conv59_70 | timeout: 10s)
[2026-03-03 17:57:56.499] [9116] [HailoRT] [info] [queue_elements.cpp:800] [create] Created (UserBufQEl_post_infer0yolov6n/yolox_nms_postprocess | timeout: 10s)
[2026-03-03 17:57:56.499] [9116] [HailoRT] [info] [vstream.cpp:1114] [OutputVStreamImpl] Creating yolov6n/yolox_nms_postprocess...
[2026-03-03 17:57:56.499] [9116] [HailoRT] [info] [vstream_builder.cpp:622] [create_output_post_process_nms] Output pipeline 'yolov6n/yolox_nms_postprocess': HW >> (HwReadEl2yolov6n/conv36_70 | hw_frame_size: 512000) >> (PullQEl_nms2yolov6n/conv36_70) >> (HwReadEl1yolov6n/conv37_70 | hw_frame_size: 25600) >> (PullQEl_nms1yolov6n/conv37_70) >> (HwReadEl0yolov6n/conv38_70 | hw_frame_size: 6400) >> (PullQEl_nms0yolov6n/conv38_70) >> (HwReadEl9yolov6n/conv47_70 | hw_frame_size: 128000) >> (PullQEl_nms9yolov6n/conv47_70) >> (HwReadEl6yolov6n/conv48_70 | hw_frame_size: 6400) >> (PullQEl_nms6yolov6n/conv48_70) >> (HwReadEl7yolov6n/conv49_70 | hw_frame_size: 1600) >> (PullQEl_nms7yolov6n/conv49_70) >> (HwReadEl4yolov6n/conv57_70 | hw_frame_size: 38400) >> (PullQEl_nms4yolov6n/conv57_70) >> (HwReadEl8yolov6n/conv58_70 | hw_frame_size: 1920) >> (PullQEl_nms8yolov6n/conv58_70) >> (HwReadEl5yolov6n/conv59_70 | hw_frame_size: 480) >> (PullQEl_nms5yolov6n/conv59_70) >> (NmsPPMuxEl0YOLOX-Post-Process | Op YOLOX, Name: YOLOX-Post-Process, Score threshold: 0.200, IoU threshold: 0.65, Classes: 80, Max bboxes per class: 100, Image height: 640, Image width: 640) >> (UserBufQEl_post_infer0yolov6n/yolox_nms_postprocess | timeout: 10s)
[2026-03-03 17:58:11.500] [9267] [HailoRT] [info] [vdevice_native_stream.cpp:331] [read_impl] Failed read from stream HAILO_STREAM_ABORT(63) (device: 0001:01:00.0)
[2026-03-03 17:58:11.500] [9267] [HailoRT] [info] [edge_elements.cpp:396] [run_pull] Reading from stream was aborted!
[2026-03-03 17:58:11.500] [9266] [HailoRT] [info] [vdevice_native_stream.cpp:331] [read_impl] Failed read from stream HAILO_STREAM_ABORT(63) (device: 0001:01:00.0)
[2026-03-03 17:58:11.500] [9266] [HailoRT] [info] [edge_elements.cpp:396] [run_pull] Reading from stream was aborted!
[2026-03-03 17:58:11.500] [9267] [HailoRT] [info] [queue_elements.cpp:738] [run_in_thread] run_pull of queue element PullQEl_nms1yolov6n/conv37_70 was aborted!
[2026-03-03 17:58:11.500] [9266] [HailoRT] [info] [queue_elements.cpp:738] [run_in_thread] run_pull of queue element PullQEl_nms2yolov6n/conv36_70 was aborted!
[2026-03-03 17:58:11.500] [9274] [HailoRT] [info] [vdevice_native_stream.cpp:331] [read_impl] Failed read from stream HAILO_STREAM_ABORT(63) (device: 0001:01:00.0)
[2026-03-03 17:58:11.500] [9274] [HailoRT] [info] [edge_elements.cpp:396] [run_pull] Reading from stream was aborted!
[2026-03-03 17:58:11.500] [9270] [HailoRT] [info] [vdevice_native_stream.cpp:331] [read_impl] Failed read from stream HAILO_STREAM_ABORT(63) (device: 0001:01:00.0)
[2026-03-03 17:58:11.500] [9270] [HailoRT] [info] [edge_elements.cpp:396] [run_pull] Reading from stream was aborted!
[2026-03-03 17:58:11.500] [9274] [HailoRT] [info] [queue_elements.cpp:738] [run_in_thread] run_pull of queue element PullQEl_nms5yolov6n/conv59_70 was aborted!
[2026-03-03 17:58:11.500] [9270] [HailoRT] [info] [queue_elements.cpp:738] [run_in_thread] run_pull of queue element PullQEl_nms6yolov6n/conv48_70 was aborted!
[2026-03-03 17:58:11.500] [9269] [HailoRT] [info] [vdevice_native_stream.cpp:331] [read_impl] Failed read from stream HAILO_STREAM_ABORT(63) (device: 0001:01:00.0)
[2026-03-03 17:58:11.500] [9269] [HailoRT] [info] [edge_elements.cpp:396] [run_pull] Reading from stream was aborted!
[2026-03-03 17:58:11.500] [9269] [HailoRT] [info] [queue_elements.cpp:738] [run_in_thread] run_pull of queue element PullQEl_nms9yolov6n/conv47_70 was aborted!
[2026-03-03 17:58:11.500] [9268] [HailoRT] [info] [vdevice_native_stream.cpp:331] [read_impl] Failed read from stream HAILO_STREAM_ABORT(63) (device: 0001:01:00.0)
[2026-03-03 17:58:11.500] [9268] [HailoRT] [info] [edge_elements.cpp:396] [run_pull] Reading from stream was aborted!
[2026-03-03 17:58:11.500] [9268] [HailoRT] [info] [queue_elements.cpp:738] [run_in_thread] run_pull of queue element PullQEl_nms0yolov6n/conv38_70 was aborted!
[2026-03-03 17:58:11.500] [9278] [HailoRT] [info] [queue_elements.cpp:706] [run_pull] Shutdown event was signaled in dequeue of queue element PullQEl_nms9yolov6n/conv47_70!
[2026-03-03 17:58:11.500] [9278] [HailoRT] [info] [vstream.cpp:1138] [read] Receiving to VStream was shutdown!
[2026-03-03 17:58:11.500] [9273] [HailoRT] [info] [vdevice_native_stream.cpp:331] [read_impl] Failed read from stream HAILO_STREAM_ABORT(63) (device: 0001:01:00.0)
[2026-03-03 17:58:11.500] [9273] [HailoRT] [info] [edge_elements.cpp:396] [run_pull] Reading from stream was aborted!
[2026-03-03 17:58:11.500] [9273] [HailoRT] [info] [queue_elements.cpp:738] [run_in_thread] run_pull of queue element PullQEl_nms8yolov6n/conv58_70 was aborted!
[2026-03-03 17:58:11.501] [9271] [HailoRT] [info] [vdevice_native_stream.cpp:331] [read_impl] Failed read from stream HAILO_STREAM_ABORT(63) (device: 0001:01:00.0)
[2026-03-03 17:58:11.501] [9271] [HailoRT] [info] [edge_elements.cpp:396] [run_pull] Reading from stream was aborted!
[2026-03-03 17:58:11.501] [9271] [HailoRT] [info] [queue_elements.cpp:738] [run_in_thread] run_pull of queue element PullQEl_nms7yolov6n/conv49_70 was aborted!
[2026-03-03 17:58:11.501] [9272] [HailoRT] [info] [vdevice_native_stream.cpp:331] [read_impl] Failed read from stream HAILO_STREAM_ABORT(63) (device: 0001:01:00.0)
[2026-03-03 17:58:11.501] [9272] [HailoRT] [info] [edge_elements.cpp:396] [run_pull] Reading from stream was aborted!
[2026-03-03 17:58:11.501] [9272] [HailoRT] [info] [queue_elements.cpp:738] [run_in_thread] run_pull of queue element PullQEl_nms4yolov6n/conv57_70 was aborted!
[2026-03-03 17:58:11.501] [9265] [HailoRT] [info] [vdevice_native_stream.cpp:142] [write_impl] Failed write to stream yolov6n/input_layer1 (device: 0001:01:00.0) with status=HAILO_STREAM_ABORT(63)
[2026-03-03 17:58:11.501] [9265] [HailoRT] [info] [edge_elements.cpp:87] [run_push] Failed to send on input stream InputStream(index=3, name=yolov6n/input_layer1) because stream was aborted
[2026-03-03 17:58:11.501] [9265] [HailoRT] [info] [queue_elements.cpp:401] [run_in_thread] run_push of PushQEl3yolov6n/input_layer1 was aborted!
[2026-03-03 17:58:11.503] [9279] [HailoRT] [info] [queue_elements.cpp:319] [run_push] run_push of PushQEl3yolov6n/input_layer1 was aborted!
[2026-03-03 17:58:11.503] [9279] [HailoRT] [info] [filter_elements.cpp:35] [run_push] run_push of PreInferEl3yolov6n/input_layer1 was aborted!
[2026-03-03 17:58:11.503] [9279] [HailoRT] [info] [vstream.cpp:778] [write] Sending to VStream was aborted!
[2026-03-03 17:58:11.506] [9116] [HailoRT] [info] [queue_elements.cpp:360] [execute_deactivate] enqueue() in element PushQEl3yolov6n/input_layer1 was aborted, got status = HAILO_SHUTDOWN_EVENT_SIGNALED(57)
[2026-03-03 17:58:11.506] [9265] [HailoRT] [info] [queue_elements.cpp:68] [operator()] Thread in element PushQEl3yolov6n/input_layer1 is not running anymore, exiting..
[2026-03-03 17:58:11.506] [9116] [HailoRT] [info] [queue_elements.cpp:46] [~BaseQueueElement] Queue element PushQEl3yolov6n/input_layer1 has 0 frames in his Queue on destruction
[2026-03-03 17:58:11.507] [9275] [HailoRT] [info] [queue_elements.cpp:68] [operator()] Thread in element UserBufQEl_post_infer0yolov6n/yolox_nms_postprocess is not running anymore, exiting..
[2026-03-03 17:58:11.507] [9116] [HailoRT] [info] [queue_elements.cpp:46] [~BaseQueueElement] Queue element UserBufQEl_post_infer0yolov6n/yolox_nms_postprocess has 0 frames in his Queue on destruction
[2026-03-03 17:58:11.507] [9274] [HailoRT] [info] [queue_elements.cpp:68] [operator()] Thread in element PullQEl_nms5yolov6n/conv59_70 is not running anymore, exiting..
[2026-03-03 17:58:11.507] [9116] [HailoRT] [info] [queue_elements.cpp:46] [~BaseQueueElement] Queue element PullQEl_nms5yolov6n/conv59_70 has 1 frames in his Queue on destruction
[2026-03-03 17:58:11.507] [9273] [HailoRT] [info] [queue_elements.cpp:68] [operator()] Thread in element PullQEl_nms8yolov6n/conv58_70 is not running anymore, exiting..
[2026-03-03 17:58:11.507] [9116] [HailoRT] [info] [queue_elements.cpp:46] [~BaseQueueElement] Queue element PullQEl_nms8yolov6n/conv58_70 has 1 frames in his Queue on destruction
[2026-03-03 17:58:11.507] [9272] [HailoRT] [info] [queue_elements.cpp:68] [operator()] Thread in element PullQEl_nms4yolov6n/conv57_70 is not running anymore, exiting..
[2026-03-03 17:58:11.507] [9116] [HailoRT] [info] [queue_elements.cpp:46] [~BaseQueueElement] Queue element PullQEl_nms4yolov6n/conv57_70 has 1 frames in his Queue on destruction
[2026-03-03 17:58:11.507] [9271] [HailoRT] [info] [queue_elements.cpp:68] [operator()] Thread in element PullQEl_nms7yolov6n/conv49_70 is not running anymore, exiting..
[2026-03-03 17:58:11.507] [9116] [HailoRT] [info] [queue_elements.cpp:46] [~BaseQueueElement] Queue element PullQEl_nms7yolov6n/conv49_70 has 1 frames in his Queue on destruction
[2026-03-03 17:58:11.507] [9270] [HailoRT] [info] [queue_elements.cpp:68] [operator()] Thread in element PullQEl_nms6yolov6n/conv48_70 is not running anymore, exiting..
[2026-03-03 17:58:11.507] [9116] [HailoRT] [info] [queue_elements.cpp:46] [~BaseQueueElement] Queue element PullQEl_nms6yolov6n/conv48_70 has 1 frames in his Queue on destruction
[2026-03-03 17:58:11.507] [9269] [HailoRT] [info] [queue_elements.cpp:68] [operator()] Thread in element PullQEl_nms9yolov6n/conv47_70 is not running anymore, exiting..
[2026-03-03 17:58:11.507] [9116] [HailoRT] [info] [queue_elements.cpp:46] [~BaseQueueElement] Queue element PullQEl_nms9yolov6n/conv47_70 has 1 frames in his Queue on destruction
[2026-03-03 17:58:11.507] [9268] [HailoRT] [info] [queue_elements.cpp:68] [operator()] Thread in element PullQEl_nms0yolov6n/conv38_70 is not running anymore, exiting..
[2026-03-03 17:58:11.507] [9116] [HailoRT] [info] [queue_elements.cpp:46] [~BaseQueueElement] Queue element PullQEl_nms0yolov6n/conv38_70 has 0 frames in his Queue on destruction
[2026-03-03 17:58:11.507] [9267] [HailoRT] [info] [queue_elements.cpp:68] [operator()] Thread in element PullQEl_nms1yolov6n/conv37_70 is not running anymore, exiting..
[2026-03-03 17:58:11.507] [9116] [HailoRT] [info] [queue_elements.cpp:46] [~BaseQueueElement] Queue element PullQEl_nms1yolov6n/conv37_70 has 0 frames in his Queue on destruction
[2026-03-03 17:58:11.507] [9266] [HailoRT] [info] [queue_elements.cpp:68] [operator()] Thread in element PullQEl_nms2yolov6n/conv36_70 is not running anymore, exiting..
[2026-03-03 17:58:11.507] [9116] [HailoRT] [info] [queue_elements.cpp:46] [~BaseQueueElement] Queue element PullQEl_nms2yolov6n/conv36_70 has 0 frames in his Queue on destruction
[2026-03-03 17:58:11.508] [9116] [HailoRT] [info] [core_op.cpp:186] [deactivate] Deactivating took 0.018389 ms
[2026-03-03 17:58:11.508] [9116] [HailoRT] [info] [core_op.cpp:186] [deactivate] Deactivating took 0.034482 ms
[2026-03-03 17:58:11.572] [9116] [HailoRT] [info] [vdevice.cpp:535] [create] Creating vdevice with params: device_count: 1, scheduling_algorithm: NONE, multi_process_service: false
[2026-03-03 17:58:11.585] [9116] [HailoRT] [info] [device.cpp:51] [Device] OS Version: Linux 6.12.62+rpt-rpi-2712 #1 SMP PREEMPT Debian 1:6.12.62-1+rpt1 (2025-12-18) aarch64
[2026-03-03 17:58:11.585] [9116] [HailoRT] [info] [control.cpp:113] [control__parse_identify_results] firmware_version is: 4.23.0
[2026-03-03 17:58:11.585] [9116] [HailoRT] [info] [vdevice.cpp:682] [create] VDevice Infos: 0001:01:00.0
[2026-03-03 17:58:11.591] [9116] [HailoRT] [info] [internal_buffer_manager.cpp:75] [print_execution_results] Default Internal buffer planner failed to meet requirements
[2026-03-03 17:58:11.591] [9116] [HailoRT] [info] [internal_buffer_manager.cpp:86] [print_execution_results] Default Internal buffer planner executed successfully
[2026-03-03 17:58:11.609] [9116] [HailoRT] [info] [device_internal.cpp:57] [configure] Configuring HEF took 23.48748 milliseconds
[2026-03-03 17:58:11.609] [9116] [HailoRT] [info] [vdevice.cpp:780] [configure] Configuring HEF on VDevice took 23.949259 milliseconds
[2026-03-03 17:58:11.610] [9116] [HailoRT] [info] [control.cpp:113] [control__parse_identify_results] firmware_version is: 4.23.0
[2026-03-03 17:58:11.610] [9116] [HailoRT] [info] [control.cpp:113] [control__parse_identify_results] firmware_version is: 4.23.0
[2026-03-03 17:58:11.611] [9116] [HailoRT] [info] [core_op.cpp:156] [activate] Activating yolov6n took 0.837298 milliseconds. Note that the function is asynchronous and thus the network is not fully activated yet.
[2026-03-03 17:58:11.611] [9116] [HailoRT] [info] [core_op.cpp:156] [activate] Activating yolov6n took 0.857187 milliseconds. Note that the function is asynchronous and thus the network is not fully activated yet.
[2026-03-03 17:58:11.624] [9116] [HailoRT] [info] [control.cpp:113] [control__parse_identify_results] firmware_version is: 4.23.0
[2026-03-03 17:58:11.624] [9116] [HailoRT] [info] [control.cpp:113] [control__parse_identify_results] firmware_version is: 4.23.0
[2026-03-03 17:58:11.624] [9116] [HailoRT] [info] [edge_elements.cpp:52] [create] Created (HwWriteEl3yolov6n/input_layer1 | hw_frame_size: 1228800)
[2026-03-03 17:58:11.625] [9116] [HailoRT] [info] [queue_elements.cpp:284] [create] Created (PushQEl3yolov6n/input_layer1 | timeout: 10s)
[2026-03-03 17:58:11.625] [9116] [HailoRT] [info] [filter_elements.cpp:101] [create] Created (PreInferEl3yolov6n/input_layer1 | Reorder - src_order: NHWC, src_shape: (640, 640, 3), dst_order: NHCW, dst_shape: (640, 640, 3))
[2026-03-03 17:58:11.625] [9116] [HailoRT] [info] [vstream.cpp:754] [InputVStreamImpl] Creating yolov6n/input_layer1...
[2026-03-03 17:58:11.625] [9116] [HailoRT] [info] [vstream_builder.cpp:102] [create_inputs] Input pipeline 'yolov6n/input_layer1': (PreInferEl3yolov6n/input_layer1 | Reorder - src_order: NHWC, src_shape: (640, 640, 3), dst_order: NHCW, dst_shape: (640, 640, 3)) >> (PushQEl3yolov6n/input_layer1 | timeout: 10s) >> (HwWriteEl3yolov6n/input_layer1 | hw_frame_size: 1228800) >> HW
[2026-03-03 17:58:11.625] [9116] [HailoRT] [info] [multi_io_elements.cpp:135] [create] Created (NmsPPMuxEl0YOLOX-Post-Process | Op YOLOX, Name: YOLOX-Post-Process, Score threshold: 0.200, IoU threshold: 0.65, Classes: 80, Max bboxes per class: 100, Image height: 640, Image width: 640)
[2026-03-03 17:58:11.625] [9116] [HailoRT] [info] [edge_elements.cpp:287] [create] Created (HwReadEl2yolov6n/conv36_70 | hw_frame_size: 512000)
[2026-03-03 17:58:11.625] [9116] [HailoRT] [info] [queue_elements.cpp:657] [create] Created (PullQEl_nms2yolov6n/conv36_70 | timeout: 10s)
[2026-03-03 17:58:11.625] [9116] [HailoRT] [info] [edge_elements.cpp:287] [create] Created (HwReadEl1yolov6n/conv37_70 | hw_frame_size: 25600)
[2026-03-03 17:58:11.625] [9116] [HailoRT] [info] [queue_elements.cpp:657] [create] Created (PullQEl_nms1yolov6n/conv37_70 | timeout: 10s)
[2026-03-03 17:58:11.625] [9116] [HailoRT] [info] [edge_elements.cpp:287] [create] Created (HwReadEl0yolov6n/conv38_70 | hw_frame_size: 6400)
[2026-03-03 17:58:11.625] [9116] [HailoRT] [info] [queue_elements.cpp:657] [create] Created (PullQEl_nms0yolov6n/conv38_70 | timeout: 10s)
[2026-03-03 17:58:11.625] [9116] [HailoRT] [info] [edge_elements.cpp:287] [create] Created (HwReadEl9yolov6n/conv47_70 | hw_frame_size: 128000)
[2026-03-03 17:58:11.625] [9116] [HailoRT] [info] [queue_elements.cpp:657] [create] Created (PullQEl_nms9yolov6n/conv47_70 | timeout: 10s)
[2026-03-03 17:58:11.625] [9116] [HailoRT] [info] [edge_elements.cpp:287] [create] Created (HwReadEl6yolov6n/conv48_70 | hw_frame_size: 6400)
[2026-03-03 17:58:11.625] [9116] [HailoRT] [info] [queue_elements.cpp:657] [create] Created (PullQEl_nms6yolov6n/conv48_70 | timeout: 10s)
[2026-03-03 17:58:11.625] [9116] [HailoRT] [info] [edge_elements.cpp:287] [create] Created (HwReadEl7yolov6n/conv49_70 | hw_frame_size: 1600)
[2026-03-03 17:58:11.625] [9116] [HailoRT] [info] [queue_elements.cpp:657] [create] Created (PullQEl_nms7yolov6n/conv49_70 | timeout: 10s)
[2026-03-03 17:58:11.625] [9116] [HailoRT] [info] [edge_elements.cpp:287] [create] Created (HwReadEl4yolov6n/conv57_70 | hw_frame_size: 38400)
[2026-03-03 17:58:11.625] [9116] [HailoRT] [info] [queue_elements.cpp:657] [create] Created (PullQEl_nms4yolov6n/conv57_70 | timeout: 10s)
[2026-03-03 17:58:11.625] [9116] [HailoRT] [info] [edge_elements.cpp:287] [create] Created (HwReadEl8yolov6n/conv58_70 | hw_frame_size: 1920)
[2026-03-03 17:58:11.625] [9116] [HailoRT] [info] [queue_elements.cpp:657] [create] Created (PullQEl_nms8yolov6n/conv58_70 | timeout: 10s)
[2026-03-03 17:58:11.625] [9116] [HailoRT] [info] [edge_elements.cpp:287] [create] Created (HwReadEl5yolov6n/conv59_70 | hw_frame_size: 480)
[2026-03-03 17:58:11.625] [9116] [HailoRT] [info] [queue_elements.cpp:657] [create] Created (PullQEl_nms5yolov6n/conv59_70 | timeout: 10s)
[2026-03-03 17:58:11.625] [9116] [HailoRT] [info] [queue_elements.cpp:800] [create] Created (UserBufQEl_post_infer0yolov6n/yolox_nms_postprocess | timeout: 10s)
[2026-03-03 17:58:11.625] [9116] [HailoRT] [info] [vstream.cpp:1114] [OutputVStreamImpl] Creating yolov6n/yolox_nms_postprocess...
[2026-03-03 17:58:11.625] [9116] [HailoRT] [info] [vstream_builder.cpp:622] [create_output_post_process_nms] Output pipeline 'yolov6n/yolox_nms_postprocess': HW >> (HwReadEl2yolov6n/conv36_70 | hw_frame_size: 512000) >> (PullQEl_nms2yolov6n/conv36_70) >> (HwReadEl1yolov6n/conv37_70 | hw_frame_size: 25600) >> (PullQEl_nms1yolov6n/conv37_70) >> (HwReadEl0yolov6n/conv38_70 | hw_frame_size: 6400) >> (PullQEl_nms0yolov6n/conv38_70) >> (HwReadEl9yolov6n/conv47_70 | hw_frame_size: 128000) >> (PullQEl_nms9yolov6n/conv47_70) >> (HwReadEl6yolov6n/conv48_70 | hw_frame_size: 6400) >> (PullQEl_nms6yolov6n/conv48_70) >> (HwReadEl7yolov6n/conv49_70 | hw_frame_size: 1600) >> (PullQEl_nms7yolov6n/conv49_70) >> (HwReadEl4yolov6n/conv57_70 | hw_frame_size: 38400) >> (PullQEl_nms4yolov6n/conv57_70) >> (HwReadEl8yolov6n/conv58_70 | hw_frame_size: 1920) >> (PullQEl_nms8yolov6n/conv58_70) >> (HwReadEl5yolov6n/conv59_70 | hw_frame_size: 480) >> (PullQEl_nms5yolov6n/conv59_70) >> (NmsPPMuxEl0YOLOX-Post-Process | Op YOLOX, Name: YOLOX-Post-Process, Score threshold: 0.200, IoU threshold: 0.65, Classes: 80, Max bboxes per class: 100, Image height: 640, Image width: 640) >> (UserBufQEl_post_infer0yolov6n/yolox_nms_postprocess | timeout: 10s)
[2026-03-03 17:58:26.626] [9413] [HailoRT] [info] [vdevice_native_stream.cpp:331] [read_impl] Failed read from stream HAILO_STREAM_ABORT(63) (device: 0001:01:00.0)
[2026-03-03 17:58:26.626] [9414] [HailoRT] [info] [vdevice_native_stream.cpp:331] [read_impl] Failed read from stream HAILO_STREAM_ABORT(63) (device: 0001:01:00.0)
[2026-03-03 17:58:26.626] [9414] [HailoRT] [info] [edge_elements.cpp:396] [run_pull] Reading from stream was aborted!
[2026-03-03 17:58:26.626] [9412] [HailoRT] [info] [vdevice_native_stream.cpp:331] [read_impl] Failed read from stream HAILO_STREAM_ABORT(63) (device: 0001:01:00.0)
[2026-03-03 17:58:26.626] [9412] [HailoRT] [info] [edge_elements.cpp:396] [run_pull] Reading from stream was aborted!
[2026-03-03 17:58:26.626] [9414] [HailoRT] [info] [queue_elements.cpp:738] [run_in_thread] run_pull of queue element PullQEl_nms6yolov6n/conv48_70 was aborted!
[2026-03-03 17:58:26.626] [9412] [HailoRT] [info] [queue_elements.cpp:738] [run_in_thread] run_pull of queue element PullQEl_nms0yolov6n/conv38_70 was aborted!
[2026-03-03 17:58:26.626] [9411] [HailoRT] [info] [vdevice_native_stream.cpp:331] [read_impl] Failed read from stream HAILO_STREAM_ABORT(63) (device: 0001:01:00.0)
[2026-03-03 17:58:26.626] [9411] [HailoRT] [info] [edge_elements.cpp:396] [run_pull] Reading from stream was aborted!
[2026-03-03 17:58:26.626] [9410] [HailoRT] [info] [vdevice_native_stream.cpp:331] [read_impl] Failed read from stream HAILO_STREAM_ABORT(63) (device: 0001:01:00.0)
[2026-03-03 17:58:26.626] [9411] [HailoRT] [info] [queue_elements.cpp:738] [run_in_thread] run_pull of queue element PullQEl_nms1yolov6n/conv37_70 was aborted!
[2026-03-03 17:58:26.626] [9410] [HailoRT] [info] [edge_elements.cpp:396] [run_pull] Reading from stream was aborted!
[2026-03-03 17:58:26.626] [9413] [HailoRT] [info] [edge_elements.cpp:396] [run_pull] Reading from stream was aborted!
[2026-03-03 17:58:26.626] [9415] [HailoRT] [info] [vdevice_native_stream.cpp:331] [read_impl] Failed read from stream HAILO_STREAM_ABORT(63) (device: 0001:01:00.0)
[2026-03-03 17:58:26.626] [9410] [HailoRT] [info] [queue_elements.cpp:738] [run_in_thread] run_pull of queue element PullQEl_nms2yolov6n/conv36_70 was aborted!
[2026-03-03 17:58:26.626] [9417] [HailoRT] [info] [vdevice_native_stream.cpp:331] [read_impl] Failed read from stream HAILO_STREAM_ABORT(63) (device: 0001:01:00.0)
[2026-03-03 17:58:26.626] [9416] [HailoRT] [info] [vdevice_native_stream.cpp:331] [read_impl] Failed read from stream HAILO_STREAM_ABORT(63) (device: 0001:01:00.0)
[2026-03-03 17:58:26.626] [9415] [HailoRT] [info] [edge_elements.cpp:396] [run_pull] Reading from stream was aborted!
[2026-03-03 17:58:26.626] [9416] [HailoRT] [info] [edge_elements.cpp:396] [run_pull] Reading from stream was aborted!
[2026-03-03 17:58:26.626] [9418] [HailoRT] [info] [vdevice_native_stream.cpp:331] [read_impl] Failed read from stream HAILO_STREAM_ABORT(63) (device: 0001:01:00.0)
[2026-03-03 17:58:26.626] [9415] [HailoRT] [info] [queue_elements.cpp:738] [run_in_thread] run_pull of queue element PullQEl_nms7yolov6n/conv49_70 was aborted!
[2026-03-03 17:58:26.626] [9418] [HailoRT] [info] [edge_elements.cpp:396] [run_pull] Reading from stream was aborted!
[2026-03-03 17:58:26.626] [9416] [HailoRT] [info] [queue_elements.cpp:738] [run_in_thread] run_pull of queue element PullQEl_nms4yolov6n/conv57_70 was aborted!
[2026-03-03 17:58:26.626] [9417] [HailoRT] [info] [edge_elements.cpp:396] [run_pull] Reading from stream was aborted!
[2026-03-03 17:58:26.626] [9418] [HailoRT] [info] [queue_elements.cpp:738] [run_in_thread] run_pull of queue element PullQEl_nms5yolov6n/conv59_70 was aborted!
[2026-03-03 17:58:26.626] [9417] [HailoRT] [info] [queue_elements.cpp:738] [run_in_thread] run_pull of queue element PullQEl_nms8yolov6n/conv58_70 was aborted!
[2026-03-03 17:58:26.626] [9422] [HailoRT] [info] [queue_elements.cpp:706] [run_pull] Shutdown event was signaled in dequeue of queue element PullQEl_nms2yolov6n/conv36_70!
[2026-03-03 17:58:26.626] [9422] [HailoRT] [info] [vstream.cpp:1138] [read] Receiving to VStream was shutdown!
[2026-03-03 17:58:26.626] [9413] [HailoRT] [info] [queue_elements.cpp:738] [run_in_thread] run_pull of queue element PullQEl_nms9yolov6n/conv47_70 was aborted!
[2026-03-03 17:58:26.629] [9409] [HailoRT] [info] [vdevice_native_stream.cpp:142] [write_impl] Failed write to stream yolov6n/input_layer1 (device: 0001:01:00.0) with status=HAILO_STREAM_ABORT(63)
[2026-03-03 17:58:26.629] [9409] [HailoRT] [info] [edge_elements.cpp:87] [run_push] Failed to send on input stream InputStream(index=3, name=yolov6n/input_layer1) because stream was aborted
[2026-03-03 17:58:26.629] [9409] [HailoRT] [info] [queue_elements.cpp:401] [run_in_thread] run_push of PushQEl3yolov6n/input_layer1 was aborted!
[2026-03-03 17:58:26.629] [9423] [HailoRT] [info] [vstream.cpp:774] [write] Sending to VStream was shutdown!
[2026-03-03 17:58:26.629] [9423] [HailoRT] [info] [vstream.cpp:778] [write] Sending to VStream was aborted!
[2026-03-03 17:58:26.631] [9116] [HailoRT] [info] [queue_elements.cpp:360] [execute_deactivate] enqueue() in element PushQEl3yolov6n/input_layer1 was aborted, got status = HAILO_SHUTDOWN_EVENT_SIGNALED(57)
[2026-03-03 17:58:26.631] [9409] [HailoRT] [info] [queue_elements.cpp:68] [operator()] Thread in element PushQEl3yolov6n/input_layer1 is not running anymore, exiting..
[2026-03-03 17:58:26.631] [9116] [HailoRT] [info] [queue_elements.cpp:46] [~BaseQueueElement] Queue element PushQEl3yolov6n/input_layer1 has 1 frames in his Queue on destruction
[2026-03-03 17:58:26.632] [9419] [HailoRT] [info] [queue_elements.cpp:68] [operator()] Thread in element UserBufQEl_post_infer0yolov6n/yolox_nms_postprocess is not running anymore, exiting..
[2026-03-03 17:58:26.632] [9116] [HailoRT] [info] [queue_elements.cpp:46] [~BaseQueueElement] Queue element UserBufQEl_post_infer0yolov6n/yolox_nms_postprocess has 0 frames in his Queue on destruction
[2026-03-03 17:58:26.632] [9418] [HailoRT] [info] [queue_elements.cpp:68] [operator()] Thread in element PullQEl_nms5yolov6n/conv59_70 is not running anymore, exiting..
[2026-03-03 17:58:26.632] [9116] [HailoRT] [info] [queue_elements.cpp:46] [~BaseQueueElement] Queue element PullQEl_nms5yolov6n/conv59_70 has 0 frames in his Queue on destruction
[2026-03-03 17:58:26.632] [9417] [HailoRT] [info] [queue_elements.cpp:68] [operator()] Thread in element PullQEl_nms8yolov6n/conv58_70 is not running anymore, exiting..
[2026-03-03 17:58:26.632] [9116] [HailoRT] [info] [queue_elements.cpp:46] [~BaseQueueElement] Queue element PullQEl_nms8yolov6n/conv58_70 has 0 frames in his Queue on destruction
[2026-03-03 17:58:26.632] [9416] [HailoRT] [info] [queue_elements.cpp:68] [operator()] Thread in element PullQEl_nms4yolov6n/conv57_70 is not running anymore, exiting..
[2026-03-03 17:58:26.632] [9116] [HailoRT] [info] [queue_elements.cpp:46] [~BaseQueueElement] Queue element PullQEl_nms4yolov6n/conv57_70 has 0 frames in his Queue on destruction
[2026-03-03 17:58:26.632] [9415] [HailoRT] [info] [queue_elements.cpp:68] [operator()] Thread in element PullQEl_nms7yolov6n/conv49_70 is not running anymore, exiting..
[2026-03-03 17:58:26.632] [9116] [HailoRT] [info] [queue_elements.cpp:46] [~BaseQueueElement] Queue element PullQEl_nms7yolov6n/conv49_70 has 0 frames in his Queue on destruction
[2026-03-03 17:58:26.632] [9414] [HailoRT] [info] [queue_elements.cpp:68] [operator()] Thread in element PullQEl_nms6yolov6n/conv48_70 is not running anymore, exiting..
[2026-03-03 17:58:26.632] [9116] [HailoRT] [info] [queue_elements.cpp:46] [~BaseQueueElement] Queue element PullQEl_nms6yolov6n/conv48_70 has 0 frames in his Queue on destruction
[2026-03-03 17:58:26.632] [9413] [HailoRT] [info] [queue_elements.cpp:68] [operator()] Thread in element PullQEl_nms9yolov6n/conv47_70 is not running anymore, exiting..
[2026-03-03 17:58:26.632] [9116] [HailoRT] [info] [queue_elements.cpp:46] [~BaseQueueElement] Queue element PullQEl_nms9yolov6n/conv47_70 has 0 frames in his Queue on destruction
[2026-03-03 17:58:26.632] [9412] [HailoRT] [info] [queue_elements.cpp:68] [operator()] Thread in element PullQEl_nms0yolov6n/conv38_70 is not running anymore, exiting..
[2026-03-03 17:58:26.632] [9116] [HailoRT] [info] [queue_elements.cpp:46] [~BaseQueueElement] Queue element PullQEl_nms0yolov6n/conv38_70 has 0 frames in his Queue on destruction
[2026-03-03 17:58:26.632] [9411] [HailoRT] [info] [queue_elements.cpp:68] [operator()] Thread in element PullQEl_nms1yolov6n/conv37_70 is not running anymore, exiting..
[2026-03-03 17:58:26.632] [9116] [HailoRT] [info] [queue_elements.cpp:46] [~BaseQueueElement] Queue element PullQEl_nms1yolov6n/conv37_70 has 0 frames in his Queue on destruction
[2026-03-03 17:58:26.632] [9410] [HailoRT] [info] [queue_elements.cpp:68] [operator()] Thread in element PullQEl_nms2yolov6n/conv36_70 is not running anymore, exiting..
[2026-03-03 17:58:26.632] [9116] [HailoRT] [info] [queue_elements.cpp:46] [~BaseQueueElement] Queue element PullQEl_nms2yolov6n/conv36_70 has 0 frames in his Queue on destruction
[2026-03-03 17:58:26.633] [9116] [HailoRT] [info] [core_op.cpp:186] [deactivate] Deactivating took 0.008129 ms
[2026-03-03 17:58:26.633] [9116] [HailoRT] [info] [core_op.cpp:186] [deactivate] Deactivating took 0.017741 ms
[2026-03-03 17:58:37.343] [9608] [HailoRT] [info] [vdevice.cpp:535] [create] Creating vdevice with params: device_count: 1, scheduling_algorithm: NONE, multi_process_service: false
[2026-03-03 17:58:37.355] [9608] [HailoRT] [info] [device.cpp:51] [Device] OS Version: Linux 6.12.62+rpt-rpi-2712 #1 SMP PREEMPT Debian 1:6.12.62-1+rpt1 (2025-12-18) aarch64
[2026-03-03 17:58:37.355] [9608] [HailoRT] [info] [control.cpp:113] [control__parse_identify_results] firmware_version is: 4.23.0
[2026-03-03 17:58:37.355] [9608] [HailoRT] [info] [vdevice.cpp:682] [create] VDevice Infos: 0001:01:00.0
[2026-03-03 17:58:37.361] [9608] [HailoRT] [info] [internal_buffer_manager.cpp:75] [print_execution_results] Default Internal buffer planner failed to meet requirements
[2026-03-03 17:58:37.361] [9608] [HailoRT] [info] [internal_buffer_manager.cpp:86] [print_execution_results] Default Internal buffer planner executed successfully
[2026-03-03 17:58:37.382] [9608] [HailoRT] [info] [device_internal.cpp:57] [configure] Configuring HEF took 26.488432 milliseconds
[2026-03-03 17:58:37.382] [9608] [HailoRT] [info] [vdevice.cpp:780] [configure] Configuring HEF on VDevice took 26.961507 milliseconds
[2026-03-03 17:58:37.382] [9608] [HailoRT] [info] [control.cpp:113] [control__parse_identify_results] firmware_version is: 4.23.0
[2026-03-03 17:58:37.383] [9608] [HailoRT] [info] [control.cpp:113] [control__parse_identify_results] firmware_version is: 4.23.0
[2026-03-03 17:58:37.383] [9608] [HailoRT] [info] [core_op.cpp:156] [activate] Activating yolov6n took 0.798891 milliseconds. Note that the function is asynchronous and thus the network is not fully activated yet.
[2026-03-03 17:58:37.383] [9608] [HailoRT] [info] [core_op.cpp:156] [activate] Activating yolov6n took 0.821206 milliseconds. Note that the function is asynchronous and thus the network is not fully activated yet.
[2026-03-03 17:58:37.398] [9608] [HailoRT] [info] [control.cpp:113] [control__parse_identify_results] firmware_version is: 4.23.0
[2026-03-03 17:58:37.399] [9608] [HailoRT] [info] [control.cpp:113] [control__parse_identify_results] firmware_version is: 4.23.0
[2026-03-03 17:58:52.399] [9625] [HailoRT] [info] [vdevice_native_stream.cpp:331] [read_impl] Failed read from stream HAILO_STREAM_ABORT(63) (device: 0001:01:00.0)
[2026-03-03 17:58:52.399] [9632] [HailoRT] [info] [vdevice_native_stream.cpp:142] [write_impl] Failed write to stream yolov6n/input_layer1 (device: 0001:01:00.0) with status=HAILO_STREAM_ABORT(63)
[2026-03-03 17:58:52.399] [9624] [HailoRT] [info] [vdevice_native_stream.cpp:331] [read_impl] Failed read from stream HAILO_STREAM_ABORT(63) (device: 0001:01:00.0)
[2026-03-03 17:58:52.399] [9628] [HailoRT] [info] [vdevice_native_stream.cpp:331] [read_impl] Failed read from stream HAILO_STREAM_ABORT(63) (device: 0001:01:00.0)
[2026-03-03 17:58:52.399] [9631] [HailoRT] [info] [vdevice_native_stream.cpp:331] [read_impl] Failed read from stream HAILO_STREAM_ABORT(63) (device: 0001:01:00.0)
[2026-03-03 17:58:52.399] [9626] [HailoRT] [info] [vdevice_native_stream.cpp:331] [read_impl] Failed read from stream HAILO_STREAM_ABORT(63) (device: 0001:01:00.0)
[2026-03-03 17:58:52.399] [9629] [HailoRT] [info] [vdevice_native_stream.cpp:331] [read_impl] Failed read from stream HAILO_STREAM_ABORT(63) (device: 0001:01:00.0)
[2026-03-03 17:58:52.399] [9630] [HailoRT] [info] [vdevice_native_stream.cpp:331] [read_impl] Failed read from stream HAILO_STREAM_ABORT(63) (device: 0001:01:00.0)
[2026-03-03 17:58:52.399] [9623] [HailoRT] [info] [vdevice_native_stream.cpp:331] [read_impl] Failed read from stream HAILO_STREAM_ABORT(63) (device: 0001:01:00.0)
[2026-03-03 17:58:52.399] [9627] [HailoRT] [info] [vdevice_native_stream.cpp:331] [read_impl] Failed read from stream HAILO_STREAM_ABORT(63) (device: 0001:01:00.0)
[2026-03-03 17:58:52.406] [9608] [HailoRT] [info] [core_op.cpp:186] [deactivate] Deactivating took 0.012074 ms
[2026-03-03 17:58:52.406] [9608] [HailoRT] [info] [core_op.cpp:186] [deactivate] Deactivating took 0.052129 ms
[2026-03-03 17:58:52.474] [9608] [HailoRT] [info] [vdevice.cpp:535] [create] Creating vdevice with params: device_count: 1, scheduling_algorithm: NONE, multi_process_service: false
[2026-03-03 17:58:52.486] [9608] [HailoRT] [info] [device.cpp:51] [Device] OS Version: Linux 6.12.62+rpt-rpi-2712 #1 SMP PREEMPT Debian 1:6.12.62-1+rpt1 (2025-12-18) aarch64
[2026-03-03 17:58:52.487] [9608] [HailoRT] [info] [control.cpp:113] [control__parse_identify_results] firmware_version is: 4.23.0
[2026-03-03 17:58:52.487] [9608] [HailoRT] [info] [vdevice.cpp:682] [create] VDevice Infos: 0001:01:00.0
[2026-03-03 17:58:52.494] [9608] [HailoRT] [info] [internal_buffer_manager.cpp:75] [print_execution_results] Default Internal buffer planner failed to meet requirements
[2026-03-03 17:58:52.494] [9608] [HailoRT] [info] [internal_buffer_manager.cpp:86] [print_execution_results] Default Internal buffer planner executed successfully
[2026-03-03 17:58:52.511] [9608] [HailoRT] [info] [device_internal.cpp:57] [configure] Configuring HEF took 23.541888 milliseconds
[2026-03-03 17:58:52.511] [9608] [HailoRT] [info] [vdevice.cpp:780] [configure] Configuring HEF on VDevice took 23.94037 milliseconds
[2026-03-03 17:58:52.511] [9608] [HailoRT] [info] [control.cpp:113] [control__parse_identify_results] firmware_version is: 4.23.0
[2026-03-03 17:58:52.511] [9608] [HailoRT] [info] [control.cpp:113] [control__parse_identify_results] firmware_version is: 4.23.0
[2026-03-03 17:58:52.512] [9608] [HailoRT] [info] [core_op.cpp:156] [activate] Activating yolov6n took 0.694853 milliseconds. Note that the function is asynchronous and thus the network is not fully activated yet.
[2026-03-03 17:58:52.512] [9608] [HailoRT] [info] [core_op.cpp:156] [activate] Activating yolov6n took 0.705502 milliseconds. Note that the function is asynchronous and thus the network is not fully activated yet.
[2026-03-03 17:58:52.525] [9608] [HailoRT] [info] [control.cpp:113] [control__parse_identify_results] firmware_version is: 4.23.0
[2026-03-03 17:58:52.526] [9608] [HailoRT] [info] [control.cpp:113] [control__parse_identify_results] firmware_version is: 4.23.0
[2026-03-03 17:58:52.526] [9608] [HailoRT] [info] [edge_elements.cpp:52] [create] Created (HwWriteEl3yolov6n/input_layer1 | hw_frame_size: 1228800)
[2026-03-03 17:58:52.526] [9608] [HailoRT] [info] [queue_elements.cpp:284] [create] Created (PushQEl3yolov6n/input_layer1 | timeout: 10s)
[2026-03-03 17:58:52.526] [9608] [HailoRT] [info] [filter_elements.cpp:101] [create] Created (PreInferEl3yolov6n/input_layer1 | Reorder - src_order: NHWC, src_shape: (640, 640, 3), dst_order: NHCW, dst_shape: (640, 640, 3))
[2026-03-03 17:58:52.526] [9608] [HailoRT] [info] [vstream.cpp:754] [InputVStreamImpl] Creating yolov6n/input_layer1...
[2026-03-03 17:58:52.526] [9608] [HailoRT] [info] [vstream_builder.cpp:102] [create_inputs] Input pipeline 'yolov6n/input_layer1': (PreInferEl3yolov6n/input_layer1 | Reorder - src_order: NHWC, src_shape: (640, 640, 3), dst_order: NHCW, dst_shape: (640, 640, 3)) >> (PushQEl3yolov6n/input_layer1 | timeout: 10s) >> (HwWriteEl3yolov6n/input_layer1 | hw_frame_size: 1228800) >> HW
[2026-03-03 17:58:52.526] [9608] [HailoRT] [info] [multi_io_elements.cpp:135] [create] Created (NmsPPMuxEl0YOLOX-Post-Process | Op YOLOX, Name: YOLOX-Post-Process, Score threshold: 0.200, IoU threshold: 0.65, Classes: 80, Max bboxes per class: 100, Image height: 640, Image width: 640)
[2026-03-03 17:58:52.526] [9608] [HailoRT] [info] [edge_elements.cpp:287] [create] Created (HwReadEl2yolov6n/conv36_70 | hw_frame_size: 512000)
[2026-03-03 17:58:52.526] [9608] [HailoRT] [info] [queue_elements.cpp:657] [create] Created (PullQEl_nms2yolov6n/conv36_70 | timeout: 10s)
[2026-03-03 17:58:52.526] [9608] [HailoRT] [info] [edge_elements.cpp:287] [create] Created (HwReadEl1yolov6n/conv37_70 | hw_frame_size: 25600)
[2026-03-03 17:58:52.526] [9608] [HailoRT] [info] [queue_elements.cpp:657] [create] Created (PullQEl_nms1yolov6n/conv37_70 | timeout: 10s)
[2026-03-03 17:58:52.526] [9608] [HailoRT] [info] [edge_elements.cpp:287] [create] Created (HwReadEl0yolov6n/conv38_70 | hw_frame_size: 6400)
[2026-03-03 17:58:52.527] [9608] [HailoRT] [info] [queue_elements.cpp:657] [create] Created (PullQEl_nms0yolov6n/conv38_70 | timeout: 10s)
[2026-03-03 17:58:52.527] [9608] [HailoRT] [info] [edge_elements.cpp:287] [create] Created (HwReadEl9yolov6n/conv47_70 | hw_frame_size: 128000)
[2026-03-03 17:58:52.527] [9608] [HailoRT] [info] [queue_elements.cpp:657] [create] Created (PullQEl_nms9yolov6n/conv47_70 | timeout: 10s)
[2026-03-03 17:58:52.527] [9608] [HailoRT] [info] [edge_elements.cpp:287] [create] Created (HwReadEl6yolov6n/conv48_70 | hw_frame_size: 6400)
[2026-03-03 17:58:52.527] [9608] [HailoRT] [info] [queue_elements.cpp:657] [create] Created (PullQEl_nms6yolov6n/conv48_70 | timeout: 10s)
[2026-03-03 17:58:52.527] [9608] [HailoRT] [info] [edge_elements.cpp:287] [create] Created (HwReadEl7yolov6n/conv49_70 | hw_frame_size: 1600)
[2026-03-03 17:58:52.527] [9608] [HailoRT] [info] [queue_elements.cpp:657] [create] Created (PullQEl_nms7yolov6n/conv49_70 | timeout: 10s)
[2026-03-03 17:58:52.527] [9608] [HailoRT] [info] [edge_elements.cpp:287] [create] Created (HwReadEl4yolov6n/conv57_70 | hw_frame_size: 38400)
[2026-03-03 17:58:52.527] [9608] [HailoRT] [info] [queue_elements.cpp:657] [create] Created (PullQEl_nms4yolov6n/conv57_70 | timeout: 10s)
[2026-03-03 17:58:52.527] [9608] [HailoRT] [info] [edge_elements.cpp:287] [create] Created (HwReadEl8yolov6n/conv58_70 | hw_frame_size: 1920)
[2026-03-03 17:58:52.527] [9608] [HailoRT] [info] [queue_elements.cpp:657] [create] Created (PullQEl_nms8yolov6n/conv58_70 | timeout: 10s)
[2026-03-03 17:58:52.527] [9608] [HailoRT] [info] [edge_elements.cpp:287] [create] Created (HwReadEl5yolov6n/conv59_70 | hw_frame_size: 480)
[2026-03-03 17:58:52.528] [9608] [HailoRT] [info] [queue_elements.cpp:657] [create] Created (PullQEl_nms5yolov6n/conv59_70 | timeout: 10s)
[2026-03-03 17:58:52.528] [9608] [HailoRT] [info] [queue_elements.cpp:800] [create] Created (UserBufQEl_post_infer0yolov6n/yolox_nms_postprocess | timeout: 10s)
[2026-03-03 17:58:52.528] [9608] [HailoRT] [info] [vstream.cpp:1114] [OutputVStreamImpl] Creating yolov6n/yolox_nms_postprocess...
[2026-03-03 17:58:52.528] [9608] [HailoRT] [info] [vstream_builder.cpp:622] [create_output_post_process_nms] Output pipeline 'yolov6n/yolox_nms_postprocess': HW >> (HwReadEl2yolov6n/conv36_70 | hw_frame_size: 512000) >> (PullQEl_nms2yolov6n/conv36_70) >> (HwReadEl1yolov6n/conv37_70 | hw_frame_size: 25600) >> (PullQEl_nms1yolov6n/conv37_70) >> (HwReadEl0yolov6n/conv38_70 | hw_frame_size: 6400) >> (PullQEl_nms0yolov6n/conv38_70) >> (HwReadEl9yolov6n/conv47_70 | hw_frame_size: 128000) >> (PullQEl_nms9yolov6n/conv47_70) >> (HwReadEl6yolov6n/conv48_70 | hw_frame_size: 6400) >> (PullQEl_nms6yolov6n/conv48_70) >> (HwReadEl7yolov6n/conv49_70 | hw_frame_size: 1600) >> (PullQEl_nms7yolov6n/conv49_70) >> (HwReadEl4yolov6n/conv57_70 | hw_frame_size: 38400) >> (PullQEl_nms4yolov6n/conv57_70) >> (HwReadEl8yolov6n/conv58_70 | hw_frame_size: 1920) >> (PullQEl_nms8yolov6n/conv58_70) >> (HwReadEl5yolov6n/conv59_70 | hw_frame_size: 480) >> (PullQEl_nms5yolov6n/conv59_70) >> (NmsPPMuxEl0YOLOX-Post-Process | Op YOLOX, Name: YOLOX-Post-Process, Score threshold: 0.200, IoU threshold: 0.65, Classes: 80, Max bboxes per class: 100, Image height: 640, Image width: 640) >> (UserBufQEl_post_infer0yolov6n/yolox_nms_postprocess | timeout: 10s)
[2026-03-03 17:59:07.529] [9757] [HailoRT] [info] [vdevice_native_stream.cpp:142] [write_impl] Failed write to stream yolov6n/input_layer1 (device: 0001:01:00.0) with status=HAILO_STREAM_ABORT(63)
[2026-03-03 17:59:07.529] [9759] [HailoRT] [info] [vdevice_native_stream.cpp:331] [read_impl] Failed read from stream HAILO_STREAM_ABORT(63) (device: 0001:01:00.0)
[2026-03-03 17:59:07.529] [9759] [HailoRT] [info] [edge_elements.cpp:396] [run_pull] Reading from stream was aborted!
[2026-03-03 17:59:07.529] [9757] [HailoRT] [info] [edge_elements.cpp:87] [run_push] Failed to send on input stream InputStream(index=3, name=yolov6n/input_layer1) because stream was aborted
[2026-03-03 17:59:07.529] [9759] [HailoRT] [info] [queue_elements.cpp:738] [run_in_thread] run_pull of queue element PullQEl_nms1yolov6n/conv37_70 was aborted!
[2026-03-03 17:59:07.529] [9757] [HailoRT] [info] [queue_elements.cpp:401] [run_in_thread] run_push of PushQEl3yolov6n/input_layer1 was aborted!
[2026-03-03 17:59:07.529] [9758] [HailoRT] [info] [vdevice_native_stream.cpp:331] [read_impl] Failed read from stream HAILO_STREAM_ABORT(63) (device: 0001:01:00.0)
[2026-03-03 17:59:07.529] [9758] [HailoRT] [info] [edge_elements.cpp:396] [run_pull] Reading from stream was aborted!
[2026-03-03 17:59:07.529] [9758] [HailoRT] [info] [queue_elements.cpp:738] [run_in_thread] run_pull of queue element PullQEl_nms2yolov6n/conv36_70 was aborted!
[2026-03-03 17:59:07.529] [9770] [HailoRT] [info] [queue_elements.cpp:706] [run_pull] Shutdown event was signaled in dequeue of queue element PullQEl_nms2yolov6n/conv36_70!
[2026-03-03 17:59:07.529] [9770] [HailoRT] [info] [vstream.cpp:1138] [read] Receiving to VStream was shutdown!
[2026-03-03 17:59:07.529] [9761] [HailoRT] [info] [vdevice_native_stream.cpp:331] [read_impl] Failed read from stream HAILO_STREAM_ABORT(63) (device: 0001:01:00.0)
[2026-03-03 17:59:07.529] [9761] [HailoRT] [info] [edge_elements.cpp:396] [run_pull] Reading from stream was aborted!
[2026-03-03 17:59:07.529] [9762] [HailoRT] [info] [vdevice_native_stream.cpp:331] [read_impl] Failed read from stream HAILO_STREAM_ABORT(63) (device: 0001:01:00.0)
[2026-03-03 17:59:07.529] [9762] [HailoRT] [info] [edge_elements.cpp:396] [run_pull] Reading from stream was aborted!
[2026-03-03 17:59:07.529] [9761] [HailoRT] [info] [queue_elements.cpp:738] [run_in_thread] run_pull of queue element PullQEl_nms9yolov6n/conv47_70 was aborted!
[2026-03-03 17:59:07.529] [9762] [HailoRT] [info] [queue_elements.cpp:738] [run_in_thread] run_pull of queue element PullQEl_nms6yolov6n/conv48_70 was aborted!
[2026-03-03 17:59:07.529] [9760] [HailoRT] [info] [vdevice_native_stream.cpp:331] [read_impl] Failed read from stream HAILO_STREAM_ABORT(63) (device: 0001:01:00.0)
[2026-03-03 17:59:07.529] [9760] [HailoRT] [info] [edge_elements.cpp:396] [run_pull] Reading from stream was aborted!
[2026-03-03 17:59:07.529] [9766] [HailoRT] [info] [vdevice_native_stream.cpp:331] [read_impl] Failed read from stream HAILO_STREAM_ABORT(63) (device: 0001:01:00.0)
[2026-03-03 17:59:07.529] [9760] [HailoRT] [info] [queue_elements.cpp:738] [run_in_thread] run_pull of queue element PullQEl_nms0yolov6n/conv38_70 was aborted!
[2026-03-03 17:59:07.529] [9763] [HailoRT] [info] [vdevice_native_stream.cpp:331] [read_impl] Failed read from stream HAILO_STREAM_ABORT(63) (device: 0001:01:00.0)
[2026-03-03 17:59:07.529] [9763] [HailoRT] [info] [edge_elements.cpp:396] [run_pull] Reading from stream was aborted!
[2026-03-03 17:59:07.529] [9765] [HailoRT] [info] [vdevice_native_stream.cpp:331] [read_impl] Failed read from stream HAILO_STREAM_ABORT(63) (device: 0001:01:00.0)
[2026-03-03 17:59:07.529] [9763] [HailoRT] [info] [queue_elements.cpp:738] [run_in_thread] run_pull of queue element PullQEl_nms7yolov6n/conv49_70 was aborted!
[2026-03-03 17:59:07.529] [9764] [HailoRT] [info] [vdevice_native_stream.cpp:331] [read_impl] Failed read from stream HAILO_STREAM_ABORT(63) (device: 0001:01:00.0)
[2026-03-03 17:59:07.530] [9764] [HailoRT] [info] [edge_elements.cpp:396] [run_pull] Reading from stream was aborted!
[2026-03-03 17:59:07.529] [9766] [HailoRT] [info] [edge_elements.cpp:396] [run_pull] Reading from stream was aborted!
[2026-03-03 17:59:07.530] [9764] [HailoRT] [info] [queue_elements.cpp:738] [run_in_thread] run_pull of queue element PullQEl_nms4yolov6n/conv57_70 was aborted!
[2026-03-03 17:59:07.530] [9766] [HailoRT] [info] [queue_elements.cpp:738] [run_in_thread] run_pull of queue element PullQEl_nms5yolov6n/conv59_70 was aborted!
[2026-03-03 17:59:07.530] [9771] [HailoRT] [info] [queue_elements.cpp:319] [run_push] run_push of PushQEl3yolov6n/input_layer1 was aborted!
[2026-03-03 17:59:07.530] [9771] [HailoRT] [info] [filter_elements.cpp:35] [run_push] run_push of PreInferEl3yolov6n/input_layer1 was aborted!
[2026-03-03 17:59:07.530] [9771] [HailoRT] [info] [vstream.cpp:778] [write] Sending to VStream was aborted!
[2026-03-03 17:59:07.529] [9765] [HailoRT] [info] [edge_elements.cpp:396] [run_pull] Reading from stream was aborted!
[2026-03-03 17:59:07.530] [9765] [HailoRT] [info] [queue_elements.cpp:738] [run_in_thread] run_pull of queue element PullQEl_nms8yolov6n/conv58_70 was aborted!
[2026-03-03 17:59:07.536] [9608] [HailoRT] [info] [queue_elements.cpp:360] [execute_deactivate] enqueue() in element PushQEl3yolov6n/input_layer1 was aborted, got status = HAILO_SHUTDOWN_EVENT_SIGNALED(57)
[2026-03-03 17:59:07.536] [9757] [HailoRT] [info] [queue_elements.cpp:68] [operator()] Thread in element PushQEl3yolov6n/input_layer1 is not running anymore, exiting..
[2026-03-03 17:59:07.536] [9608] [HailoRT] [info] [queue_elements.cpp:46] [~BaseQueueElement] Queue element PushQEl3yolov6n/input_layer1 has 0 frames in his Queue on destruction
[2026-03-03 17:59:07.536] [9767] [HailoRT] [info] [queue_elements.cpp:68] [operator()] Thread in element UserBufQEl_post_infer0yolov6n/yolox_nms_postprocess is not running anymore, exiting..
[2026-03-03 17:59:07.536] [9608] [HailoRT] [info] [queue_elements.cpp:46] [~BaseQueueElement] Queue element UserBufQEl_post_infer0yolov6n/yolox_nms_postprocess has 0 frames in his Queue on destruction
[2026-03-03 17:59:07.537] [9766] [HailoRT] [info] [queue_elements.cpp:68] [operator()] Thread in element PullQEl_nms5yolov6n/conv59_70 is not running anymore, exiting..
[2026-03-03 17:59:07.537] [9608] [HailoRT] [info] [queue_elements.cpp:46] [~BaseQueueElement] Queue element PullQEl_nms5yolov6n/conv59_70 has 1 frames in his Queue on destruction
[2026-03-03 17:59:07.537] [9765] [HailoRT] [info] [queue_elements.cpp:68] [operator()] Thread in element PullQEl_nms8yolov6n/conv58_70 is not running anymore, exiting..
[2026-03-03 17:59:07.537] [9608] [HailoRT] [info] [queue_elements.cpp:46] [~BaseQueueElement] Queue element PullQEl_nms8yolov6n/conv58_70 has 0 frames in his Queue on destruction
[2026-03-03 17:59:07.537] [9764] [HailoRT] [info] [queue_elements.cpp:68] [operator()] Thread in element PullQEl_nms4yolov6n/conv57_70 is not running anymore, exiting..
[2026-03-03 17:59:07.537] [9608] [HailoRT] [info] [queue_elements.cpp:46] [~BaseQueueElement] Queue element PullQEl_nms4yolov6n/conv57_70 has 1 frames in his Queue on destruction
[2026-03-03 17:59:07.537] [9763] [HailoRT] [info] [queue_elements.cpp:68] [operator()] Thread in element PullQEl_nms7yolov6n/conv49_70 is not running anymore, exiting..
[2026-03-03 17:59:07.537] [9608] [HailoRT] [info] [queue_elements.cpp:46] [~BaseQueueElement] Queue element PullQEl_nms7yolov6n/conv49_70 has 1 frames in his Queue on destruction
[2026-03-03 17:59:07.537] [9762] [HailoRT] [info] [queue_elements.cpp:68] [operator()] Thread in element PullQEl_nms6yolov6n/conv48_70 is not running anymore, exiting..
[2026-03-03 17:59:07.537] [9608] [HailoRT] [info] [queue_elements.cpp:46] [~BaseQueueElement] Queue element PullQEl_nms6yolov6n/conv48_70 has 1 frames in his Queue on destruction
[2026-03-03 17:59:07.537] [9761] [HailoRT] [info] [queue_elements.cpp:68] [operator()] Thread in element PullQEl_nms9yolov6n/conv47_70 is not running anymore, exiting..
[2026-03-03 17:59:07.537] [9608] [HailoRT] [info] [queue_elements.cpp:46] [~BaseQueueElement] Queue element PullQEl_nms9yolov6n/conv47_70 has 1 frames in his Queue on destruction
[2026-03-03 17:59:07.538] [9760] [HailoRT] [info] [queue_elements.cpp:68] [operator()] Thread in element PullQEl_nms0yolov6n/conv38_70 is not running anymore, exiting..
[2026-03-03 17:59:07.538] [9608] [HailoRT] [info] [queue_elements.cpp:46] [~BaseQueueElement] Queue element PullQEl_nms0yolov6n/conv38_70 has 1 frames in his Queue on destruction
[2026-03-03 17:59:07.538] [9759] [HailoRT] [info] [queue_elements.cpp:68] [operator()] Thread in element PullQEl_nms1yolov6n/conv37_70 is not running anymore, exiting..
[2026-03-03 17:59:07.538] [9608] [HailoRT] [info] [queue_elements.cpp:46] [~BaseQueueElement] Queue element PullQEl_nms1yolov6n/conv37_70 has 1 frames in his Queue on destruction
[2026-03-03 17:59:07.538] [9758] [HailoRT] [info] [queue_elements.cpp:68] [operator()] Thread in element PullQEl_nms2yolov6n/conv36_70 is not running anymore, exiting..
[2026-03-03 17:59:07.538] [9608] [HailoRT] [info] [queue_elements.cpp:46] [~BaseQueueElement] Queue element PullQEl_nms2yolov6n/conv36_70 has 1 frames in his Queue on destruction
[2026-03-03 17:59:07.538] [9608] [HailoRT] [info] [core_op.cpp:186] [deactivate] Deactivating took 0.020019 ms
[2026-03-03 17:59:07.538] [9608] [HailoRT] [info] [core_op.cpp:186] [deactivate] Deactivating took 0.038445 ms
[2026-03-03 17:59:07.616] [9608] [HailoRT] [info] [vdevice.cpp:535] [create] Creating vdevice with params: device_count: 1, scheduling_algorithm: NONE, multi_process_service: false
[2026-03-03 17:59:07.628] [9608] [HailoRT] [info] [device.cpp:51] [Device] OS Version: Linux 6.12.62+rpt-rpi-2712 #1 SMP PREEMPT Debian 1:6.12.62-1+rpt1 (2025-12-18) aarch64
[2026-03-03 17:59:07.628] [9608] [HailoRT] [info] [control.cpp:113] [control__parse_identify_results] firmware_version is: 4.23.0
[2026-03-03 17:59:07.628] [9608] [HailoRT] [info] [vdevice.cpp:682] [create] VDevice Infos: 0001:01:00.0
[2026-03-03 17:59:07.634] [9608] [HailoRT] [info] [internal_buffer_manager.cpp:75] [print_execution_results] Default Internal buffer planner failed to meet requirements
[2026-03-03 17:59:07.634] [9608] [HailoRT] [info] [internal_buffer_manager.cpp:86] [print_execution_results] Default Internal buffer planner executed successfully
[2026-03-03 17:59:07.652] [9608] [HailoRT] [info] [device_internal.cpp:57] [configure] Configuring HEF took 23.544333 milliseconds
[2026-03-03 17:59:07.653] [9608] [HailoRT] [info] [vdevice.cpp:780] [configure] Configuring HEF on VDevice took 24.171815 milliseconds
[2026-03-03 17:59:07.653] [9608] [HailoRT] [info] [control.cpp:113] [control__parse_identify_results] firmware_version is: 4.23.0
[2026-03-03 17:59:07.653] [9608] [HailoRT] [info] [control.cpp:113] [control__parse_identify_results] firmware_version is: 4.23.0
[2026-03-03 17:59:07.654] [9608] [HailoRT] [info] [core_op.cpp:156] [activate] Activating yolov6n took 0.945613 milliseconds. Note that the function is asynchronous and thus the network is not fully activated yet.
[2026-03-03 17:59:07.654] [9608] [HailoRT] [info] [core_op.cpp:156] [activate] Activating yolov6n took 0.963798 milliseconds. Note that the function is asynchronous and thus the network is not fully activated yet.
[2026-03-03 17:59:07.667] [9608] [HailoRT] [info] [control.cpp:113] [control__parse_identify_results] firmware_version is: 4.23.0
[2026-03-03 17:59:07.668] [9608] [HailoRT] [info] [control.cpp:113] [control__parse_identify_results] firmware_version is: 4.23.0
[2026-03-03 17:59:07.668] [9608] [HailoRT] [info] [edge_elements.cpp:52] [create] Created (HwWriteEl3yolov6n/input_layer1 | hw_frame_size: 1228800)
[2026-03-03 17:59:07.668] [9608] [HailoRT] [info] [queue_elements.cpp:284] [create] Created (PushQEl3yolov6n/input_layer1 | timeout: 10s)
[2026-03-03 17:59:07.668] [9608] [HailoRT] [info] [filter_elements.cpp:101] [create] Created (PreInferEl3yolov6n/input_layer1 | Reorder - src_order: NHWC, src_shape: (640, 640, 3), dst_order: NHCW, dst_shape: (640, 640, 3))
[2026-03-03 17:59:07.668] [9608] [HailoRT] [info] [vstream.cpp:754] [InputVStreamImpl] Creating yolov6n/input_layer1...
[2026-03-03 17:59:07.668] [9608] [HailoRT] [info] [vstream_builder.cpp:102] [create_inputs] Input pipeline 'yolov6n/input_layer1': (PreInferEl3yolov6n/input_layer1 | Reorder - src_order: NHWC, src_shape: (640, 640, 3), dst_order: NHCW, dst_shape: (640, 640, 3)) >> (PushQEl3yolov6n/input_layer1 | timeout: 10s) >> (HwWriteEl3yolov6n/input_layer1 | hw_frame_size: 1228800) >> HW
[2026-03-03 17:59:07.668] [9608] [HailoRT] [info] [multi_io_elements.cpp:135] [create] Created (NmsPPMuxEl0YOLOX-Post-Process | Op YOLOX, Name: YOLOX-Post-Process, Score threshold: 0.200, IoU threshold: 0.65, Classes: 80, Max bboxes per class: 100, Image height: 640, Image width: 640)
[2026-03-03 17:59:07.668] [9608] [HailoRT] [info] [edge_elements.cpp:287] [create] Created (HwReadEl2yolov6n/conv36_70 | hw_frame_size: 512000)
[2026-03-03 17:59:07.669] [9608] [HailoRT] [info] [queue_elements.cpp:657] [create] Created (PullQEl_nms2yolov6n/conv36_70 | timeout: 10s)
[2026-03-03 17:59:07.669] [9608] [HailoRT] [info] [edge_elements.cpp:287] [create] Created (HwReadEl1yolov6n/conv37_70 | hw_frame_size: 25600)
[2026-03-03 17:59:07.669] [9608] [HailoRT] [info] [queue_elements.cpp:657] [create] Created (PullQEl_nms1yolov6n/conv37_70 | timeout: 10s)
[2026-03-03 17:59:07.669] [9608] [HailoRT] [info] [edge_elements.cpp:287] [create] Created (HwReadEl0yolov6n/conv38_70 | hw_frame_size: 6400)
[2026-03-03 17:59:07.669] [9608] [HailoRT] [info] [queue_elements.cpp:657] [create] Created (PullQEl_nms0yolov6n/conv38_70 | timeout: 10s)
[2026-03-03 17:59:07.669] [9608] [HailoRT] [info] [edge_elements.cpp:287] [create] Created (HwReadEl9yolov6n/conv47_70 | hw_frame_size: 128000)
[2026-03-03 17:59:07.669] [9608] [HailoRT] [info] [queue_elements.cpp:657] [create] Created (PullQEl_nms9yolov6n/conv47_70 | timeout: 10s)
[2026-03-03 17:59:07.669] [9608] [HailoRT] [info] [edge_elements.cpp:287] [create] Created (HwReadEl6yolov6n/conv48_70 | hw_frame_size: 6400)
[2026-03-03 17:59:07.669] [9608] [HailoRT] [info] [queue_elements.cpp:657] [create] Created (PullQEl_nms6yolov6n/conv48_70 | timeout: 10s)
[2026-03-03 17:59:07.669] [9608] [HailoRT] [info] [edge_elements.cpp:287] [create] Created (HwReadEl7yolov6n/conv49_70 | hw_frame_size: 1600)
[2026-03-03 17:59:07.669] [9608] [HailoRT] [info] [queue_elements.cpp:657] [create] Created (PullQEl_nms7yolov6n/conv49_70 | timeout: 10s)
[2026-03-03 17:59:07.669] [9608] [HailoRT] [info] [edge_elements.cpp:287] [create] Created (HwReadEl4yolov6n/conv57_70 | hw_frame_size: 38400)
[2026-03-03 17:59:07.669] [9608] [HailoRT] [info] [queue_elements.cpp:657] [create] Created (PullQEl_nms4yolov6n/conv57_70 | timeout: 10s)
[2026-03-03 17:59:07.669] [9608] [HailoRT] [info] [edge_elements.cpp:287] [create] Created (HwReadEl8yolov6n/conv58_70 | hw_frame_size: 1920)
[2026-03-03 17:59:07.669] [9608] [HailoRT] [info] [queue_elements.cpp:657] [create] Created (PullQEl_nms8yolov6n/conv58_70 | timeout: 10s)
[2026-03-03 17:59:07.669] [9608] [HailoRT] [info] [edge_elements.cpp:287] [create] Created (HwReadEl5yolov6n/conv59_70 | hw_frame_size: 480)
[2026-03-03 17:59:07.669] [9608] [HailoRT] [info] [queue_elements.cpp:657] [create] Created (PullQEl_nms5yolov6n/conv59_70 | timeout: 10s)
[2026-03-03 17:59:07.669] [9608] [HailoRT] [info] [queue_elements.cpp:800] [create] Created (UserBufQEl_post_infer0yolov6n/yolox_nms_postprocess | timeout: 10s)
[2026-03-03 17:59:07.669] [9608] [HailoRT] [info] [vstream.cpp:1114] [OutputVStreamImpl] Creating yolov6n/yolox_nms_postprocess...
[2026-03-03 17:59:07.669] [9608] [HailoRT] [info] [vstream_builder.cpp:622] [create_output_post_process_nms] Output pipeline 'yolov6n/yolox_nms_postprocess': HW >> (HwReadEl2yolov6n/conv36_70 | hw_frame_size: 512000) >> (PullQEl_nms2yolov6n/conv36_70) >> (HwReadEl1yolov6n/conv37_70 | hw_frame_size: 25600) >> (PullQEl_nms1yolov6n/conv37_70) >> (HwReadEl0yolov6n/conv38_70 | hw_frame_size: 6400) >> (PullQEl_nms0yolov6n/conv38_70) >> (HwReadEl9yolov6n/conv47_70 | hw_frame_size: 128000) >> (PullQEl_nms9yolov6n/conv47_70) >> (HwReadEl6yolov6n/conv48_70 | hw_frame_size: 6400) >> (PullQEl_nms6yolov6n/conv48_70) >> (HwReadEl7yolov6n/conv49_70 | hw_frame_size: 1600) >> (PullQEl_nms7yolov6n/conv49_70) >> (HwReadEl4yolov6n/conv57_70 | hw_frame_size: 38400) >> (PullQEl_nms4yolov6n/conv57_70) >> (HwReadEl8yolov6n/conv58_70 | hw_frame_size: 1920) >> (PullQEl_nms8yolov6n/conv58_70) >> (HwReadEl5yolov6n/conv59_70 | hw_frame_size: 480) >> (PullQEl_nms5yolov6n/conv59_70) >> (NmsPPMuxEl0YOLOX-Post-Process | Op YOLOX, Name: YOLOX-Post-Process, Score threshold: 0.200, IoU threshold: 0.65, Classes: 80, Max bboxes per class: 100, Image height: 640, Image width: 640) >> (UserBufQEl_post_infer0yolov6n/yolox_nms_postprocess | timeout: 10s)
[2026-03-03 17:59:22.670] [9888] [HailoRT] [info] [vdevice_native_stream.cpp:331] [read_impl] Failed read from stream HAILO_STREAM_ABORT(63) (device: 0001:01:00.0)
[2026-03-03 17:59:22.670] [9888] [HailoRT] [info] [edge_elements.cpp:396] [run_pull] Reading from stream was aborted!
[2026-03-03 17:59:22.670] [9888] [HailoRT] [info] [queue_elements.cpp:738] [run_in_thread] run_pull of queue element PullQEl_nms9yolov6n/conv47_70 was aborted!
[2026-03-03 17:59:22.670] [9891] [HailoRT] [info] [vdevice_native_stream.cpp:331] [read_impl] Failed read from stream HAILO_STREAM_ABORT(63) (device: 0001:01:00.0)
[2026-03-03 17:59:22.670] [9891] [HailoRT] [info] [edge_elements.cpp:396] [run_pull] Reading from stream was aborted!
[2026-03-03 17:59:22.670] [9891] [HailoRT] [info] [queue_elements.cpp:738] [run_in_thread] run_pull of queue element PullQEl_nms4yolov6n/conv57_70 was aborted!
[2026-03-03 17:59:22.670] [9887] [HailoRT] [info] [vdevice_native_stream.cpp:331] [read_impl] Failed read from stream HAILO_STREAM_ABORT(63) (device: 0001:01:00.0)
[2026-03-03 17:59:22.670] [9887] [HailoRT] [info] [edge_elements.cpp:396] [run_pull] Reading from stream was aborted!
[2026-03-03 17:59:22.670] [9892] [HailoRT] [info] [vdevice_native_stream.cpp:331] [read_impl] Failed read from stream HAILO_STREAM_ABORT(63) (device: 0001:01:00.0)
[2026-03-03 17:59:22.670] [9887] [HailoRT] [info] [queue_elements.cpp:738] [run_in_thread] run_pull of queue element PullQEl_nms0yolov6n/conv38_70 was aborted!
[2026-03-03 17:59:22.670] [9890] [HailoRT] [info] [vdevice_native_stream.cpp:331] [read_impl] Failed read from stream HAILO_STREAM_ABORT(63) (device: 0001:01:00.0)
[2026-03-03 17:59:22.670] [9890] [HailoRT] [info] [edge_elements.cpp:396] [run_pull] Reading from stream was aborted!
[2026-03-03 17:59:22.670] [9890] [HailoRT] [info] [queue_elements.cpp:738] [run_in_thread] run_pull of queue element PullQEl_nms7yolov6n/conv49_70 was aborted!
[2026-03-03 17:59:22.670] [9892] [HailoRT] [info] [edge_elements.cpp:396] [run_pull] Reading from stream was aborted!
[2026-03-03 17:59:22.670] [9892] [HailoRT] [info] [queue_elements.cpp:738] [run_in_thread] run_pull of queue element PullQEl_nms8yolov6n/conv58_70 was aborted!
[2026-03-03 17:59:22.670] [9885] [HailoRT] [info] [vdevice_native_stream.cpp:331] [read_impl] Failed read from stream HAILO_STREAM_ABORT(63) (device: 0001:01:00.0)
[2026-03-03 17:59:22.670] [9889] [HailoRT] [info] [vdevice_native_stream.cpp:331] [read_impl] Failed read from stream HAILO_STREAM_ABORT(63) (device: 0001:01:00.0)
[2026-03-03 17:59:22.670] [9885] [HailoRT] [info] [edge_elements.cpp:396] [run_pull] Reading from stream was aborted!
[2026-03-03 17:59:22.670] [9889] [HailoRT] [info] [edge_elements.cpp:396] [run_pull] Reading from stream was aborted!
[2026-03-03 17:59:22.670] [9889] [HailoRT] [info] [queue_elements.cpp:738] [run_in_thread] run_pull of queue element PullQEl_nms6yolov6n/conv48_70 was aborted!
[2026-03-03 17:59:22.670] [9885] [HailoRT] [info] [queue_elements.cpp:738] [run_in_thread] run_pull of queue element PullQEl_nms2yolov6n/conv36_70 was aborted!
[2026-03-03 17:59:22.670] [9886] [HailoRT] [info] [vdevice_native_stream.cpp:331] [read_impl] Failed read from stream HAILO_STREAM_ABORT(63) (device: 0001:01:00.0)
[2026-03-03 17:59:22.670] [9886] [HailoRT] [info] [edge_elements.cpp:396] [run_pull] Reading from stream was aborted!
[2026-03-03 17:59:22.670] [9886] [HailoRT] [info] [queue_elements.cpp:738] [run_in_thread] run_pull of queue element PullQEl_nms1yolov6n/conv37_70 was aborted!
[2026-03-03 17:59:22.670] [9893] [HailoRT] [info] [vdevice_native_stream.cpp:331] [read_impl] Failed read from stream HAILO_STREAM_ABORT(63) (device: 0001:01:00.0)
[2026-03-03 17:59:22.670] [9893] [HailoRT] [info] [edge_elements.cpp:396] [run_pull] Reading from stream was aborted!
[2026-03-03 17:59:22.670] [9893] [HailoRT] [info] [queue_elements.cpp:738] [run_in_thread] run_pull of queue element PullQEl_nms5yolov6n/conv59_70 was aborted!
[2026-03-03 17:59:22.670] [9897] [HailoRT] [info] [queue_elements.cpp:706] [run_pull] Shutdown event was signaled in dequeue of queue element PullQEl_nms2yolov6n/conv36_70!
[2026-03-03 17:59:22.670] [9897] [HailoRT] [info] [vstream.cpp:1138] [read] Receiving to VStream was shutdown!
[2026-03-03 17:59:22.673] [9884] [HailoRT] [info] [vdevice_native_stream.cpp:142] [write_impl] Failed write to stream yolov6n/input_layer1 (device: 0001:01:00.0) with status=HAILO_STREAM_ABORT(63)
[2026-03-03 17:59:22.673] [9884] [HailoRT] [info] [edge_elements.cpp:87] [run_push] Failed to send on input stream InputStream(index=3, name=yolov6n/input_layer1) because stream was aborted
[2026-03-03 17:59:22.673] [9884] [HailoRT] [info] [queue_elements.cpp:401] [run_in_thread] run_push of PushQEl3yolov6n/input_layer1 was aborted!
[2026-03-03 17:59:22.673] [9898] [HailoRT] [info] [queue_elements.cpp:319] [run_push] run_push of PushQEl3yolov6n/input_layer1 was aborted!
[2026-03-03 17:59:22.673] [9898] [HailoRT] [info] [filter_elements.cpp:35] [run_push] run_push of PreInferEl3yolov6n/input_layer1 was aborted!
[2026-03-03 17:59:22.673] [9898] [HailoRT] [info] [vstream.cpp:778] [write] Sending to VStream was aborted!
[2026-03-03 17:59:22.676] [9608] [HailoRT] [info] [queue_elements.cpp:360] [execute_deactivate] enqueue() in element PushQEl3yolov6n/input_layer1 was aborted, got status = HAILO_SHUTDOWN_EVENT_SIGNALED(57)
[2026-03-03 17:59:22.676] [9884] [HailoRT] [info] [queue_elements.cpp:68] [operator()] Thread in element PushQEl3yolov6n/input_layer1 is not running anymore, exiting..
[2026-03-03 17:59:22.676] [9608] [HailoRT] [info] [queue_elements.cpp:46] [~BaseQueueElement] Queue element PushQEl3yolov6n/input_layer1 has 0 frames in his Queue on destruction
[2026-03-03 17:59:22.676] [9894] [HailoRT] [info] [queue_elements.cpp:68] [operator()] Thread in element UserBufQEl_post_infer0yolov6n/yolox_nms_postprocess is not running anymore, exiting..
[2026-03-03 17:59:22.676] [9608] [HailoRT] [info] [queue_elements.cpp:46] [~BaseQueueElement] Queue element UserBufQEl_post_infer0yolov6n/yolox_nms_postprocess has 0 frames in his Queue on destruction
[2026-03-03 17:59:22.676] [9893] [HailoRT] [info] [queue_elements.cpp:68] [operator()] Thread in element PullQEl_nms5yolov6n/conv59_70 is not running anymore, exiting..
[2026-03-03 17:59:22.676] [9608] [HailoRT] [info] [queue_elements.cpp:46] [~BaseQueueElement] Queue element PullQEl_nms5yolov6n/conv59_70 has 0 frames in his Queue on destruction
[2026-03-03 17:59:22.676] [9892] [HailoRT] [info] [queue_elements.cpp:68] [operator()] Thread in element PullQEl_nms8yolov6n/conv58_70 is not running anymore, exiting..
[2026-03-03 17:59:22.676] [9608] [HailoRT] [info] [queue_elements.cpp:46] [~BaseQueueElement] Queue element PullQEl_nms8yolov6n/conv58_70 has 0 frames in his Queue on destruction
[2026-03-03 17:59:22.676] [9891] [HailoRT] [info] [queue_elements.cpp:68] [operator()] Thread in element PullQEl_nms4yolov6n/conv57_70 is not running anymore, exiting..
[2026-03-03 17:59:22.676] [9608] [HailoRT] [info] [queue_elements.cpp:46] [~BaseQueueElement] Queue element PullQEl_nms4yolov6n/conv57_70 has 0 frames in his Queue on destruction
[2026-03-03 17:59:22.676] [9890] [HailoRT] [info] [queue_elements.cpp:68] [operator()] Thread in element PullQEl_nms7yolov6n/conv49_70 is not running anymore, exiting..
[2026-03-03 17:59:22.676] [9608] [HailoRT] [info] [queue_elements.cpp:46] [~BaseQueueElement] Queue element PullQEl_nms7yolov6n/conv49_70 has 0 frames in his Queue on destruction
[2026-03-03 17:59:22.676] [9889] [HailoRT] [info] [queue_elements.cpp:68] [operator()] Thread in element PullQEl_nms6yolov6n/conv48_70 is not running anymore, exiting..
[2026-03-03 17:59:22.676] [9608] [HailoRT] [info] [queue_elements.cpp:46] [~BaseQueueElement] Queue element PullQEl_nms6yolov6n/conv48_70 has 0 frames in his Queue on destruction
[2026-03-03 17:59:22.676] [9888] [HailoRT] [info] [queue_elements.cpp:68] [operator()] Thread in element PullQEl_nms9yolov6n/conv47_70 is not running anymore, exiting..
[2026-03-03 17:59:22.676] [9608] [HailoRT] [info] [queue_elements.cpp:46] [~BaseQueueElement] Queue element PullQEl_nms9yolov6n/conv47_70 has 0 frames in his Queue on destruction
[2026-03-03 17:59:22.676] [9887] [HailoRT] [info] [queue_elements.cpp:68] [operator()] Thread in element PullQEl_nms0yolov6n/conv38_70 is not running anymore, exiting..
[2026-03-03 17:59:22.676] [9608] [HailoRT] [info] [queue_elements.cpp:46] [~BaseQueueElement] Queue element PullQEl_nms0yolov6n/conv38_70 has 0 frames in his Queue on destruction
[2026-03-03 17:59:22.676] [9886] [HailoRT] [info] [queue_elements.cpp:68] [operator()] Thread in element PullQEl_nms1yolov6n/conv37_70 is not running anymore, exiting..
[2026-03-03 17:59:22.677] [9608] [HailoRT] [info] [queue_elements.cpp:46] [~BaseQueueElement] Queue element PullQEl_nms1yolov6n/conv37_70 has 0 frames in his Queue on destruction
[2026-03-03 17:59:22.677] [9885] [HailoRT] [info] [queue_elements.cpp:68] [operator()] Thread in element PullQEl_nms2yolov6n/conv36_70 is not running anymore, exiting..
[2026-03-03 17:59:22.677] [9608] [HailoRT] [info] [queue_elements.cpp:46] [~BaseQueueElement] Queue element PullQEl_nms2yolov6n/conv36_70 has 0 frames in his Queue on destruction
[2026-03-03 17:59:22.677] [9608] [HailoRT] [info] [core_op.cpp:186] [deactivate] Deactivating took 0.008204 ms
[2026-03-03 17:59:22.677] [9608] [HailoRT] [info] [core_op.cpp:186] [deactivate] Deactivating took 0.018426 ms
[2026-03-03 17:59:25.960] [10026] [HailoRT] [info] [vdevice.cpp:535] [create] Creating vdevice with params: device_count: 1, scheduling_algorithm: NONE, multi_process_service: false
[2026-03-03 17:59:25.975] [10026] [HailoRT] [info] [device.cpp:51] [Device] OS Version: Linux 6.12.62+rpt-rpi-2712 #1 SMP PREEMPT Debian 1:6.12.62-1+rpt1 (2025-12-18) aarch64
[2026-03-03 17:59:25.975] [10026] [HailoRT] [info] [control.cpp:113] [control__parse_identify_results] firmware_version is: 4.23.0
[2026-03-03 17:59:25.975] [10026] [HailoRT] [info] [vdevice.cpp:682] [create] VDevice Infos: 0001:01:00.0
[2026-03-03 17:59:25.985] [10026] [HailoRT] [info] [internal_buffer_manager.cpp:75] [print_execution_results] Default Internal buffer planner failed to meet requirements
[2026-03-03 17:59:25.985] [10026] [HailoRT] [info] [internal_buffer_manager.cpp:86] [print_execution_results] Default Internal buffer planner executed successfully
[2026-03-03 17:59:26.034] [10026] [HailoRT] [info] [device_internal.cpp:57] [configure] Configuring HEF took 58.346691 milliseconds
[2026-03-03 17:59:26.038] [10026] [HailoRT] [info] [vdevice.cpp:780] [configure] Configuring HEF on VDevice took 63.302721 milliseconds
[2026-03-03 17:59:26.039] [10026] [HailoRT] [info] [control.cpp:113] [control__parse_identify_results] firmware_version is: 4.23.0
[2026-03-03 17:59:26.039] [10026] [HailoRT] [info] [control.cpp:113] [control__parse_identify_results] firmware_version is: 4.23.0
[2026-03-03 17:59:26.040] [10026] [HailoRT] [info] [core_op.cpp:156] [activate] Activating yolov6n took 0.84041 milliseconds. Note that the function is asynchronous and thus the network is not fully activated yet.
[2026-03-03 17:59:26.040] [10026] [HailoRT] [info] [core_op.cpp:156] [activate] Activating yolov6n took 0.871447 milliseconds. Note that the function is asynchronous and thus the network is not fully activated yet.
[2026-03-03 17:59:26.067] [10026] [HailoRT] [info] [control.cpp:113] [control__parse_identify_results] firmware_version is: 4.23.0
[2026-03-03 17:59:26.068] [10026] [HailoRT] [info] [control.cpp:113] [control__parse_identify_results] firmware_version is: 4.23.0
[2026-03-03 17:59:41.069] [10046] [HailoRT] [info] [vdevice_native_stream.cpp:331] [read_impl] Failed read from stream HAILO_STREAM_ABORT(63) (device: 0001:01:00.0)
[2026-03-03 17:59:41.069] [10049] [HailoRT] [info] [vdevice_native_stream.cpp:331] [read_impl] Failed read from stream HAILO_STREAM_ABORT(63) (device: 0001:01:00.0)
[2026-03-03 17:59:41.069] [10043] [HailoRT] [info] [vdevice_native_stream.cpp:331] [read_impl] Failed read from stream HAILO_STREAM_ABORT(63) (device: 0001:01:00.0)
[2026-03-03 17:59:41.069] [10047] [HailoRT] [info] [vdevice_native_stream.cpp:331] [read_impl] Failed read from stream HAILO_STREAM_ABORT(63) (device: 0001:01:00.0)
[2026-03-03 17:59:41.069] [10041] [HailoRT] [info] [vdevice_native_stream.cpp:331] [read_impl] Failed read from stream HAILO_STREAM_ABORT(63) (device: 0001:01:00.0)
[2026-03-03 17:59:41.069] [10048] [HailoRT] [info] [vdevice_native_stream.cpp:331] [read_impl] Failed read from stream HAILO_STREAM_ABORT(63) (device: 0001:01:00.0)
[2026-03-03 17:59:41.069] [10044] [HailoRT] [info] [vdevice_native_stream.cpp:331] [read_impl] Failed read from stream HAILO_STREAM_ABORT(63) (device: 0001:01:00.0)
[2026-03-03 17:59:41.069] [10042] [HailoRT] [info] [vdevice_native_stream.cpp:331] [read_impl] Failed read from stream HAILO_STREAM_ABORT(63) (device: 0001:01:00.0)
[2026-03-03 17:59:41.069] [10045] [HailoRT] [info] [vdevice_native_stream.cpp:331] [read_impl] Failed read from stream HAILO_STREAM_ABORT(63) (device: 0001:01:00.0)
[2026-03-03 17:59:41.069] [10050] [HailoRT] [info] [vdevice_native_stream.cpp:142] [write_impl] Failed write to stream yolov6n/input_layer1 (device: 0001:01:00.0) with status=HAILO_STREAM_ABORT(63)
[2026-03-03 17:59:41.075] [10026] [HailoRT] [info] [core_op.cpp:186] [deactivate] Deactivating took 0.010963 ms
[2026-03-03 17:59:41.075] [10026] [HailoRT] [info] [core_op.cpp:186] [deactivate] Deactivating took 0.036556 ms
[2026-03-03 17:59:41.141] [10026] [HailoRT] [info] [vdevice.cpp:535] [create] Creating vdevice with params: device_count: 1, scheduling_algorithm: NONE, multi_process_service: false
[2026-03-03 17:59:41.154] [10026] [HailoRT] [info] [device.cpp:51] [Device] OS Version: Linux 6.12.62+rpt-rpi-2712 #1 SMP PREEMPT Debian 1:6.12.62-1+rpt1 (2025-12-18) aarch64
[2026-03-03 17:59:41.154] [10026] [HailoRT] [info] [control.cpp:113] [control__parse_identify_results] firmware_version is: 4.23.0
[2026-03-03 17:59:41.154] [10026] [HailoRT] [info] [vdevice.cpp:682] [create] VDevice Infos: 0001:01:00.0
[2026-03-03 17:59:41.162] [10026] [HailoRT] [info] [internal_buffer_manager.cpp:75] [print_execution_results] Default Internal buffer planner failed to meet requirements
[2026-03-03 17:59:41.162] [10026] [HailoRT] [info] [internal_buffer_manager.cpp:86] [print_execution_results] Default Internal buffer planner executed successfully
[2026-03-03 17:59:41.188] [10026] [HailoRT] [info] [device_internal.cpp:57] [configure] Configuring HEF took 33.576078 milliseconds
[2026-03-03 17:59:41.189] [10026] [HailoRT] [info] [vdevice.cpp:780] [configure] Configuring HEF on VDevice took 34.211376 milliseconds
[2026-03-03 17:59:41.189] [10026] [HailoRT] [info] [control.cpp:113] [control__parse_identify_results] firmware_version is: 4.23.0
[2026-03-03 17:59:41.189] [10026] [HailoRT] [info] [control.cpp:113] [control__parse_identify_results] firmware_version is: 4.23.0
[2026-03-03 17:59:41.191] [10026] [HailoRT] [info] [core_op.cpp:156] [activate] Activating yolov6n took 2.01169 milliseconds. Note that the function is asynchronous and thus the network is not fully activated yet.
[2026-03-03 17:59:41.192] [10026] [HailoRT] [info] [core_op.cpp:156] [activate] Activating yolov6n took 2.054431 milliseconds. Note that the function is asynchronous and thus the network is not fully activated yet.
[2026-03-03 17:59:41.205] [10026] [HailoRT] [info] [control.cpp:113] [control__parse_identify_results] firmware_version is: 4.23.0
[2026-03-03 17:59:41.205] [10026] [HailoRT] [info] [control.cpp:113] [control__parse_identify_results] firmware_version is: 4.23.0
[2026-03-03 17:59:41.206] [10026] [HailoRT] [info] [edge_elements.cpp:52] [create] Created (HwWriteEl3yolov6n/input_layer1 | hw_frame_size: 1228800)
[2026-03-03 17:59:41.206] [10026] [HailoRT] [info] [queue_elements.cpp:284] [create] Created (PushQEl3yolov6n/input_layer1 | timeout: 10s)
[2026-03-03 17:59:41.206] [10026] [HailoRT] [info] [filter_elements.cpp:101] [create] Created (PreInferEl3yolov6n/input_layer1 | Reorder - src_order: NHWC, src_shape: (640, 640, 3), dst_order: NHCW, dst_shape: (640, 640, 3))
[2026-03-03 17:59:41.206] [10026] [HailoRT] [info] [vstream.cpp:754] [InputVStreamImpl] Creating yolov6n/input_layer1...
[2026-03-03 17:59:41.206] [10026] [HailoRT] [info] [vstream_builder.cpp:102] [create_inputs] Input pipeline 'yolov6n/input_layer1': (PreInferEl3yolov6n/input_layer1 | Reorder - src_order: NHWC, src_shape: (640, 640, 3), dst_order: NHCW, dst_shape: (640, 640, 3)) >> (PushQEl3yolov6n/input_layer1 | timeout: 10s) >> (HwWriteEl3yolov6n/input_layer1 | hw_frame_size: 1228800) >> HW
[2026-03-03 17:59:41.206] [10026] [HailoRT] [info] [multi_io_elements.cpp:135] [create] Created (NmsPPMuxEl0YOLOX-Post-Process | Op YOLOX, Name: YOLOX-Post-Process, Score threshold: 0.200, IoU threshold: 0.65, Classes: 80, Max bboxes per class: 100, Image height: 640, Image width: 640)
[2026-03-03 17:59:41.206] [10026] [HailoRT] [info] [edge_elements.cpp:287] [create] Created (HwReadEl2yolov6n/conv36_70 | hw_frame_size: 512000)
[2026-03-03 17:59:41.207] [10026] [HailoRT] [info] [queue_elements.cpp:657] [create] Created (PullQEl_nms2yolov6n/conv36_70 | timeout: 10s)
[2026-03-03 17:59:41.207] [10026] [HailoRT] [info] [edge_elements.cpp:287] [create] Created (HwReadEl1yolov6n/conv37_70 | hw_frame_size: 25600)
[2026-03-03 17:59:41.207] [10026] [HailoRT] [info] [queue_elements.cpp:657] [create] Created (PullQEl_nms1yolov6n/conv37_70 | timeout: 10s)
[2026-03-03 17:59:41.207] [10026] [HailoRT] [info] [edge_elements.cpp:287] [create] Created (HwReadEl0yolov6n/conv38_70 | hw_frame_size: 6400)
[2026-03-03 17:59:41.207] [10026] [HailoRT] [info] [queue_elements.cpp:657] [create] Created (PullQEl_nms0yolov6n/conv38_70 | timeout: 10s)
[2026-03-03 17:59:41.207] [10026] [HailoRT] [info] [edge_elements.cpp:287] [create] Created (HwReadEl9yolov6n/conv47_70 | hw_frame_size: 128000)
[2026-03-03 17:59:41.207] [10026] [HailoRT] [info] [queue_elements.cpp:657] [create] Created (PullQEl_nms9yolov6n/conv47_70 | timeout: 10s)
[2026-03-03 17:59:41.207] [10026] [HailoRT] [info] [edge_elements.cpp:287] [create] Created (HwReadEl6yolov6n/conv48_70 | hw_frame_size: 6400)
[2026-03-03 17:59:41.207] [10026] [HailoRT] [info] [queue_elements.cpp:657] [create] Created (PullQEl_nms6yolov6n/conv48_70 | timeout: 10s)
[2026-03-03 17:59:41.207] [10026] [HailoRT] [info] [edge_elements.cpp:287] [create] Created (HwReadEl7yolov6n/conv49_70 | hw_frame_size: 1600)
[2026-03-03 17:59:41.207] [10026] [HailoRT] [info] [queue_elements.cpp:657] [create] Created (PullQEl_nms7yolov6n/conv49_70 | timeout: 10s)
[2026-03-03 17:59:41.207] [10026] [HailoRT] [info] [edge_elements.cpp:287] [create] Created (HwReadEl4yolov6n/conv57_70 | hw_frame_size: 38400)
[2026-03-03 17:59:41.207] [10026] [HailoRT] [info] [queue_elements.cpp:657] [create] Created (PullQEl_nms4yolov6n/conv57_70 | timeout: 10s)
[2026-03-03 17:59:41.207] [10026] [HailoRT] [info] [edge_elements.cpp:287] [create] Created (HwReadEl8yolov6n/conv58_70 | hw_frame_size: 1920)
[2026-03-03 17:59:41.207] [10026] [HailoRT] [info] [queue_elements.cpp:657] [create] Created (PullQEl_nms8yolov6n/conv58_70 | timeout: 10s)
[2026-03-03 17:59:41.207] [10026] [HailoRT] [info] [edge_elements.cpp:287] [create] Created (HwReadEl5yolov6n/conv59_70 | hw_frame_size: 480)
[2026-03-03 17:59:41.207] [10026] [HailoRT] [info] [queue_elements.cpp:657] [create] Created (PullQEl_nms5yolov6n/conv59_70 | timeout: 10s)
[2026-03-03 17:59:41.207] [10026] [HailoRT] [info] [queue_elements.cpp:800] [create] Created (UserBufQEl_post_infer0yolov6n/yolox_nms_postprocess | timeout: 10s)
[2026-03-03 17:59:41.208] [10026] [HailoRT] [info] [vstream.cpp:1114] [OutputVStreamImpl] Creating yolov6n/yolox_nms_postprocess...
[2026-03-03 17:59:41.208] [10026] [HailoRT] [info] [vstream_builder.cpp:622] [create_output_post_process_nms] Output pipeline 'yolov6n/yolox_nms_postprocess': HW >> (HwReadEl2yolov6n/conv36_70 | hw_frame_size: 512000) >> (PullQEl_nms2yolov6n/conv36_70) >> (HwReadEl1yolov6n/conv37_70 | hw_frame_size: 25600) >> (PullQEl_nms1yolov6n/conv37_70) >> (HwReadEl0yolov6n/conv38_70 | hw_frame_size: 6400) >> (PullQEl_nms0yolov6n/conv38_70) >> (HwReadEl9yolov6n/conv47_70 | hw_frame_size: 128000) >> (PullQEl_nms9yolov6n/conv47_70) >> (HwReadEl6yolov6n/conv48_70 | hw_frame_size: 6400) >> (PullQEl_nms6yolov6n/conv48_70) >> (HwReadEl7yolov6n/conv49_70 | hw_frame_size: 1600) >> (PullQEl_nms7yolov6n/conv49_70) >> (HwReadEl4yolov6n/conv57_70 | hw_frame_size: 38400) >> (PullQEl_nms4yolov6n/conv57_70) >> (HwReadEl8yolov6n/conv58_70 | hw_frame_size: 1920) >> (PullQEl_nms8yolov6n/conv58_70) >> (HwReadEl5yolov6n/conv59_70 | hw_frame_size: 480) >> (PullQEl_nms5yolov6n/conv59_70) >> (NmsPPMuxEl0YOLOX-Post-Process | Op YOLOX, Name: YOLOX-Post-Process, Score threshold: 0.200, IoU threshold: 0.65, Classes: 80, Max bboxes per class: 100, Image height: 640, Image width: 640) >> (UserBufQEl_post_infer0yolov6n/yolox_nms_postprocess | timeout: 10s)
[2026-03-03 17:59:56.208] [10175] [HailoRT] [info] [vdevice_native_stream.cpp:331] [read_impl] Failed read from stream HAILO_STREAM_ABORT(63) (device: 0001:01:00.0)
[2026-03-03 17:59:56.208] [10175] [HailoRT] [info] [edge_elements.cpp:396] [run_pull] Reading from stream was aborted!
[2026-03-03 17:59:56.208] [10175] [HailoRT] [info] [queue_elements.cpp:738] [run_in_thread] run_pull of queue element PullQEl_nms1yolov6n/conv37_70 was aborted!
[2026-03-03 17:59:56.208] [10176] [HailoRT] [info] [vdevice_native_stream.cpp:331] [read_impl] Failed read from stream HAILO_STREAM_ABORT(63) (device: 0001:01:00.0)
[2026-03-03 17:59:56.208] [10176] [HailoRT] [info] [edge_elements.cpp:396] [run_pull] Reading from stream was aborted!
[2026-03-03 17:59:56.208] [10176] [HailoRT] [info] [queue_elements.cpp:738] [run_in_thread] run_pull of queue element PullQEl_nms0yolov6n/conv38_70 was aborted!
[2026-03-03 17:59:56.208] [10177] [HailoRT] [info] [vdevice_native_stream.cpp:331] [read_impl] Failed read from stream HAILO_STREAM_ABORT(63) (device: 0001:01:00.0)
[2026-03-03 17:59:56.208] [10177] [HailoRT] [info] [edge_elements.cpp:396] [run_pull] Reading from stream was aborted!
[2026-03-03 17:59:56.208] [10177] [HailoRT] [info] [queue_elements.cpp:738] [run_in_thread] run_pull of queue element PullQEl_nms9yolov6n/conv47_70 was aborted!
[2026-03-03 17:59:56.208] [10178] [HailoRT] [info] [vdevice_native_stream.cpp:331] [read_impl] Failed read from stream HAILO_STREAM_ABORT(63) (device: 0001:01:00.0)
[2026-03-03 17:59:56.208] [10178] [HailoRT] [info] [edge_elements.cpp:396] [run_pull] Reading from stream was aborted!
[2026-03-03 17:59:56.208] [10178] [HailoRT] [info] [queue_elements.cpp:738] [run_in_thread] run_pull of queue element PullQEl_nms6yolov6n/conv48_70 was aborted!
[2026-03-03 17:59:56.208] [10174] [HailoRT] [info] [vdevice_native_stream.cpp:331] [read_impl] Failed read from stream HAILO_STREAM_ABORT(63) (device: 0001:01:00.0)
[2026-03-03 17:59:56.208] [10174] [HailoRT] [info] [edge_elements.cpp:396] [run_pull] Reading from stream was aborted!
[2026-03-03 17:59:56.208] [10180] [HailoRT] [info] [vdevice_native_stream.cpp:331] [read_impl] Failed read from stream HAILO_STREAM_ABORT(63) (device: 0001:01:00.0)
[2026-03-03 17:59:56.208] [10180] [HailoRT] [info] [edge_elements.cpp:396] [run_pull] Reading from stream was aborted!
[2026-03-03 17:59:56.208] [10180] [HailoRT] [info] [queue_elements.cpp:738] [run_in_thread] run_pull of queue element PullQEl_nms4yolov6n/conv57_70 was aborted!
[2026-03-03 17:59:56.208] [10174] [HailoRT] [info] [queue_elements.cpp:738] [run_in_thread] run_pull of queue element PullQEl_nms2yolov6n/conv36_70 was aborted!
[2026-03-03 17:59:56.208] [10181] [HailoRT] [info] [vdevice_native_stream.cpp:331] [read_impl] Failed read from stream HAILO_STREAM_ABORT(63) (device: 0001:01:00.0)
[2026-03-03 17:59:56.208] [10181] [HailoRT] [info] [edge_elements.cpp:396] [run_pull] Reading from stream was aborted!
[2026-03-03 17:59:56.208] [10186] [HailoRT] [info] [queue_elements.cpp:706] [run_pull] Shutdown event was signaled in dequeue of queue element PullQEl_nms2yolov6n/conv36_70!
[2026-03-03 17:59:56.208] [10181] [HailoRT] [info] [queue_elements.cpp:738] [run_in_thread] run_pull of queue element PullQEl_nms8yolov6n/conv58_70 was aborted!
[2026-03-03 17:59:56.208] [10186] [HailoRT] [info] [vstream.cpp:1138] [read] Receiving to VStream was shutdown!
[2026-03-03 17:59:56.208] [10182] [HailoRT] [info] [vdevice_native_stream.cpp:331] [read_impl] Failed read from stream HAILO_STREAM_ABORT(63) (device: 0001:01:00.0)
[2026-03-03 17:59:56.208] [10182] [HailoRT] [info] [edge_elements.cpp:396] [run_pull] Reading from stream was aborted!
[2026-03-03 17:59:56.208] [10182] [HailoRT] [info] [queue_elements.cpp:738] [run_in_thread] run_pull of queue element PullQEl_nms5yolov6n/conv59_70 was aborted!
[2026-03-03 17:59:56.208] [10179] [HailoRT] [info] [vdevice_native_stream.cpp:331] [read_impl] Failed read from stream HAILO_STREAM_ABORT(63) (device: 0001:01:00.0)
[2026-03-03 17:59:56.209] [10179] [HailoRT] [info] [edge_elements.cpp:396] [run_pull] Reading from stream was aborted!
[2026-03-03 17:59:56.209] [10179] [HailoRT] [info] [queue_elements.cpp:738] [run_in_thread] run_pull of queue element PullQEl_nms7yolov6n/conv49_70 was aborted!
[2026-03-03 17:59:56.209] [10173] [HailoRT] [info] [vdevice_native_stream.cpp:142] [write_impl] Failed write to stream yolov6n/input_layer1 (device: 0001:01:00.0) with status=HAILO_STREAM_ABORT(63)
[2026-03-03 17:59:56.209] [10173] [HailoRT] [info] [edge_elements.cpp:87] [run_push] Failed to send on input stream InputStream(index=3, name=yolov6n/input_layer1) because stream was aborted
[2026-03-03 17:59:56.209] [10173] [HailoRT] [info] [queue_elements.cpp:401] [run_in_thread] run_push of PushQEl3yolov6n/input_layer1 was aborted!
[2026-03-03 17:59:56.210] [10187] [HailoRT] [info] [queue_elements.cpp:319] [run_push] run_push of PushQEl3yolov6n/input_layer1 was aborted!
[2026-03-03 17:59:56.210] [10187] [HailoRT] [info] [filter_elements.cpp:35] [run_push] run_push of PreInferEl3yolov6n/input_layer1 was aborted!
[2026-03-03 17:59:56.210] [10187] [HailoRT] [info] [vstream.cpp:778] [write] Sending to VStream was aborted!
[2026-03-03 17:59:56.214] [10026] [HailoRT] [info] [queue_elements.cpp:360] [execute_deactivate] enqueue() in element PushQEl3yolov6n/input_layer1 was aborted, got status = HAILO_SHUTDOWN_EVENT_SIGNALED(57)
[2026-03-03 17:59:56.214] [10173] [HailoRT] [info] [queue_elements.cpp:68] [operator()] Thread in element PushQEl3yolov6n/input_layer1 is not running anymore, exiting..
[2026-03-03 17:59:56.214] [10026] [HailoRT] [info] [queue_elements.cpp:46] [~BaseQueueElement] Queue element PushQEl3yolov6n/input_layer1 has 0 frames in his Queue on destruction
[2026-03-03 17:59:56.214] [10183] [HailoRT] [info] [queue_elements.cpp:68] [operator()] Thread in element UserBufQEl_post_infer0yolov6n/yolox_nms_postprocess is not running anymore, exiting..
[2026-03-03 17:59:56.214] [10026] [HailoRT] [info] [queue_elements.cpp:46] [~BaseQueueElement] Queue element UserBufQEl_post_infer0yolov6n/yolox_nms_postprocess has 0 frames in his Queue on destruction
[2026-03-03 17:59:56.214] [10182] [HailoRT] [info] [queue_elements.cpp:68] [operator()] Thread in element PullQEl_nms5yolov6n/conv59_70 is not running anymore, exiting..
[2026-03-03 17:59:56.214] [10026] [HailoRT] [info] [queue_elements.cpp:46] [~BaseQueueElement] Queue element PullQEl_nms5yolov6n/conv59_70 has 0 frames in his Queue on destruction
[2026-03-03 17:59:56.214] [10181] [HailoRT] [info] [queue_elements.cpp:68] [operator()] Thread in element PullQEl_nms8yolov6n/conv58_70 is not running anymore, exiting..
[2026-03-03 17:59:56.214] [10026] [HailoRT] [info] [queue_elements.cpp:46] [~BaseQueueElement] Queue element PullQEl_nms8yolov6n/conv58_70 has 0 frames in his Queue on destruction
[2026-03-03 17:59:56.214] [10180] [HailoRT] [info] [queue_elements.cpp:68] [operator()] Thread in element PullQEl_nms4yolov6n/conv57_70 is not running anymore, exiting..
[2026-03-03 17:59:56.214] [10026] [HailoRT] [info] [queue_elements.cpp:46] [~BaseQueueElement] Queue element PullQEl_nms4yolov6n/conv57_70 has 0 frames in his Queue on destruction
[2026-03-03 17:59:56.214] [10179] [HailoRT] [info] [queue_elements.cpp:68] [operator()] Thread in element PullQEl_nms7yolov6n/conv49_70 is not running anymore, exiting..
[2026-03-03 17:59:56.214] [10026] [HailoRT] [info] [queue_elements.cpp:46] [~BaseQueueElement] Queue element PullQEl_nms7yolov6n/conv49_70 has 0 frames in his Queue on destruction
[2026-03-03 17:59:56.215] [10178] [HailoRT] [info] [queue_elements.cpp:68] [operator()] Thread in element PullQEl_nms6yolov6n/conv48_70 is not running anymore, exiting..
[2026-03-03 17:59:56.215] [10026] [HailoRT] [info] [queue_elements.cpp:46] [~BaseQueueElement] Queue element PullQEl_nms6yolov6n/conv48_70 has 0 frames in his Queue on destruction
[2026-03-03 17:59:56.215] [10177] [HailoRT] [info] [queue_elements.cpp:68] [operator()] Thread in element PullQEl_nms9yolov6n/conv47_70 is not running anymore, exiting..
[2026-03-03 17:59:56.215] [10026] [HailoRT] [info] [queue_elements.cpp:46] [~BaseQueueElement] Queue element PullQEl_nms9yolov6n/conv47_70 has 0 frames in his Queue on destruction
[2026-03-03 17:59:56.215] [10176] [HailoRT] [info] [queue_elements.cpp:68] [operator()] Thread in element PullQEl_nms0yolov6n/conv38_70 is not running anymore, exiting..
[2026-03-03 17:59:56.217] [10026] [HailoRT] [info] [queue_elements.cpp:46] [~BaseQueueElement] Queue element PullQEl_nms0yolov6n/conv38_70 has 0 frames in his Queue on destruction
[2026-03-03 17:59:56.217] [10175] [HailoRT] [info] [queue_elements.cpp:68] [operator()] Thread in element PullQEl_nms1yolov6n/conv37_70 is not running anymore, exiting..
[2026-03-03 17:59:56.217] [10026] [HailoRT] [info] [queue_elements.cpp:46] [~BaseQueueElement] Queue element PullQEl_nms1yolov6n/conv37_70 has 0 frames in his Queue on destruction
[2026-03-03 17:59:56.218] [10174] [HailoRT] [info] [queue_elements.cpp:68] [operator()] Thread in element PullQEl_nms2yolov6n/conv36_70 is not running anymore, exiting..
[2026-03-03 17:59:56.218] [10026] [HailoRT] [info] [queue_elements.cpp:46] [~BaseQueueElement] Queue element PullQEl_nms2yolov6n/conv36_70 has 0 frames in his Queue on destruction
[2026-03-03 17:59:56.218] [10026] [HailoRT] [info] [core_op.cpp:186] [deactivate] Deactivating took 0.019037 ms
[2026-03-03 17:59:56.218] [10026] [HailoRT] [info] [core_op.cpp:186] [deactivate] Deactivating took 0.039074 ms
[2026-03-03 17:59:56.279] [10026] [HailoRT] [info] [vdevice.cpp:535] [create] Creating vdevice with params: device_count: 1, scheduling_algorithm: NONE, multi_process_service: false
[2026-03-03 17:59:56.290] [10026] [HailoRT] [info] [device.cpp:51] [Device] OS Version: Linux 6.12.62+rpt-rpi-2712 #1 SMP PREEMPT Debian 1:6.12.62-1+rpt1 (2025-12-18) aarch64
[2026-03-03 17:59:56.291] [10026] [HailoRT] [info] [control.cpp:113] [control__parse_identify_results] firmware_version is: 4.23.0
[2026-03-03 17:59:56.291] [10026] [HailoRT] [info] [vdevice.cpp:682] [create] VDevice Infos: 0001:01:00.0
[2026-03-03 17:59:56.297] [10026] [HailoRT] [info] [internal_buffer_manager.cpp:75] [print_execution_results] Default Internal buffer planner failed to meet requirements
[2026-03-03 17:59:56.297] [10026] [HailoRT] [info] [internal_buffer_manager.cpp:86] [print_execution_results] Default Internal buffer planner executed successfully
[2026-03-03 17:59:56.325] [10026] [HailoRT] [info] [device_internal.cpp:57] [configure] Configuring HEF took 33.692671 milliseconds
[2026-03-03 17:59:56.325] [10026] [HailoRT] [info] [vdevice.cpp:780] [configure] Configuring HEF on VDevice took 34.18345 milliseconds
[2026-03-03 17:59:56.325] [10026] [HailoRT] [info] [control.cpp:113] [control__parse_identify_results] firmware_version is: 4.23.0
[2026-03-03 17:59:56.326] [10026] [HailoRT] [info] [control.cpp:113] [control__parse_identify_results] firmware_version is: 4.23.0
[2026-03-03 17:59:56.327] [10026] [HailoRT] [info] [core_op.cpp:156] [activate] Activating yolov6n took 0.789965 milliseconds. Note that the function is asynchronous and thus the network is not fully activated yet.
[2026-03-03 17:59:56.327] [10026] [HailoRT] [info] [core_op.cpp:156] [activate] Activating yolov6n took 0.807964 milliseconds. Note that the function is asynchronous and thus the network is not fully activated yet.
[2026-03-03 17:59:56.340] [10026] [HailoRT] [info] [control.cpp:113] [control__parse_identify_results] firmware_version is: 4.23.0
[2026-03-03 17:59:56.340] [10026] [HailoRT] [info] [control.cpp:113] [control__parse_identify_results] firmware_version is: 4.23.0
[2026-03-03 17:59:56.340] [10026] [HailoRT] [info] [edge_elements.cpp:52] [create] Created (HwWriteEl3yolov6n/input_layer1 | hw_frame_size: 1228800)
[2026-03-03 17:59:56.340] [10026] [HailoRT] [info] [queue_elements.cpp:284] [create] Created (PushQEl3yolov6n/input_layer1 | timeout: 10s)
[2026-03-03 17:59:56.340] [10026] [HailoRT] [info] [filter_elements.cpp:101] [create] Created (PreInferEl3yolov6n/input_layer1 | Reorder - src_order: NHWC, src_shape: (640, 640, 3), dst_order: NHCW, dst_shape: (640, 640, 3))
[2026-03-03 17:59:56.340] [10026] [HailoRT] [info] [vstream.cpp:754] [InputVStreamImpl] Creating yolov6n/input_layer1...
[2026-03-03 17:59:56.340] [10026] [HailoRT] [info] [vstream_builder.cpp:102] [create_inputs] Input pipeline 'yolov6n/input_layer1': (PreInferEl3yolov6n/input_layer1 | Reorder - src_order: NHWC, src_shape: (640, 640, 3), dst_order: NHCW, dst_shape: (640, 640, 3)) >> (PushQEl3yolov6n/input_layer1 | timeout: 10s) >> (HwWriteEl3yolov6n/input_layer1 | hw_frame_size: 1228800) >> HW
[2026-03-03 17:59:56.341] [10026] [HailoRT] [info] [multi_io_elements.cpp:135] [create] Created (NmsPPMuxEl0YOLOX-Post-Process | Op YOLOX, Name: YOLOX-Post-Process, Score threshold: 0.200, IoU threshold: 0.65, Classes: 80, Max bboxes per class: 100, Image height: 640, Image width: 640)
[2026-03-03 17:59:56.341] [10026] [HailoRT] [info] [edge_elements.cpp:287] [create] Created (HwReadEl2yolov6n/conv36_70 | hw_frame_size: 512000)
[2026-03-03 17:59:56.341] [10026] [HailoRT] [info] [queue_elements.cpp:657] [create] Created (PullQEl_nms2yolov6n/conv36_70 | timeout: 10s)
[2026-03-03 17:59:56.341] [10026] [HailoRT] [info] [edge_elements.cpp:287] [create] Created (HwReadEl1yolov6n/conv37_70 | hw_frame_size: 25600)
[2026-03-03 17:59:56.341] [10026] [HailoRT] [info] [queue_elements.cpp:657] [create] Created (PullQEl_nms1yolov6n/conv37_70 | timeout: 10s)
[2026-03-03 17:59:56.341] [10026] [HailoRT] [info] [edge_elements.cpp:287] [create] Created (HwReadEl0yolov6n/conv38_70 | hw_frame_size: 6400)
[2026-03-03 17:59:56.341] [10026] [HailoRT] [info] [queue_elements.cpp:657] [create] Created (PullQEl_nms0yolov6n/conv38_70 | timeout: 10s)
[2026-03-03 17:59:56.341] [10026] [HailoRT] [info] [edge_elements.cpp:287] [create] Created (HwReadEl9yolov6n/conv47_70 | hw_frame_size: 128000)
[2026-03-03 17:59:56.341] [10026] [HailoRT] [info] [queue_elements.cpp:657] [create] Created (PullQEl_nms9yolov6n/conv47_70 | timeout: 10s)
[2026-03-03 17:59:56.341] [10026] [HailoRT] [info] [edge_elements.cpp:287] [create] Created (HwReadEl6yolov6n/conv48_70 | hw_frame_size: 6400)
[2026-03-03 17:59:56.341] [10026] [HailoRT] [info] [queue_elements.cpp:657] [create] Created (PullQEl_nms6yolov6n/conv48_70 | timeout: 10s)
[2026-03-03 17:59:56.341] [10026] [HailoRT] [info] [edge_elements.cpp:287] [create] Created (HwReadEl7yolov6n/conv49_70 | hw_frame_size: 1600)
[2026-03-03 17:59:56.341] [10026] [HailoRT] [info] [queue_elements.cpp:657] [create] Created (PullQEl_nms7yolov6n/conv49_70 | timeout: 10s)
[2026-03-03 17:59:56.341] [10026] [HailoRT] [info] [edge_elements.cpp:287] [create] Created (HwReadEl4yolov6n/conv57_70 | hw_frame_size: 38400)
[2026-03-03 17:59:56.341] [10026] [HailoRT] [info] [queue_elements.cpp:657] [create] Created (PullQEl_nms4yolov6n/conv57_70 | timeout: 10s)
[2026-03-03 17:59:56.341] [10026] [HailoRT] [info] [edge_elements.cpp:287] [create] Created (HwReadEl8yolov6n/conv58_70 | hw_frame_size: 1920)
[2026-03-03 17:59:56.341] [10026] [HailoRT] [info] [queue_elements.cpp:657] [create] Created (PullQEl_nms8yolov6n/conv58_70 | timeout: 10s)
[2026-03-03 17:59:56.341] [10026] [HailoRT] [info] [edge_elements.cpp:287] [create] Created (HwReadEl5yolov6n/conv59_70 | hw_frame_size: 480)
[2026-03-03 17:59:56.341] [10026] [HailoRT] [info] [queue_elements.cpp:657] [create] Created (PullQEl_nms5yolov6n/conv59_70 | timeout: 10s)
[2026-03-03 17:59:56.341] [10026] [HailoRT] [info] [queue_elements.cpp:800] [create] Created (UserBufQEl_post_infer0yolov6n/yolox_nms_postprocess | timeout: 10s)
[2026-03-03 17:59:56.341] [10026] [HailoRT] [info] [vstream.cpp:1114] [OutputVStreamImpl] Creating yolov6n/yolox_nms_postprocess...
[2026-03-03 17:59:56.341] [10026] [HailoRT] [info] [vstream_builder.cpp:622] [create_output_post_process_nms] Output pipeline 'yolov6n/yolox_nms_postprocess': HW >> (HwReadEl2yolov6n/conv36_70 | hw_frame_size: 512000) >> (PullQEl_nms2yolov6n/conv36_70) >> (HwReadEl1yolov6n/conv37_70 | hw_frame_size: 25600) >> (PullQEl_nms1yolov6n/conv37_70) >> (HwReadEl0yolov6n/conv38_70 | hw_frame_size: 6400) >> (PullQEl_nms0yolov6n/conv38_70) >> (HwReadEl9yolov6n/conv47_70 | hw_frame_size: 128000) >> (PullQEl_nms9yolov6n/conv47_70) >> (HwReadEl6yolov6n/conv48_70 | hw_frame_size: 6400) >> (PullQEl_nms6yolov6n/conv48_70) >> (HwReadEl7yolov6n/conv49_70 | hw_frame_size: 1600) >> (PullQEl_nms7yolov6n/conv49_70) >> (HwReadEl4yolov6n/conv57_70 | hw_frame_size: 38400) >> (PullQEl_nms4yolov6n/conv57_70) >> (HwReadEl8yolov6n/conv58_70 | hw_frame_size: 1920) >> (PullQEl_nms8yolov6n/conv58_70) >> (HwReadEl5yolov6n/conv59_70 | hw_frame_size: 480) >> (PullQEl_nms5yolov6n/conv59_70) >> (NmsPPMuxEl0YOLOX-Post-Process | Op YOLOX, Name: YOLOX-Post-Process, Score threshold: 0.200, IoU threshold: 0.65, Classes: 80, Max bboxes per class: 100, Image height: 640, Image width: 640) >> (UserBufQEl_post_infer0yolov6n/yolox_nms_postprocess | timeout: 10s)
[2026-03-03 18:00:11.342] [10300] [HailoRT] [info] [vdevice_native_stream.cpp:331] [read_impl] Failed read from stream HAILO_STREAM_ABORT(63) (device: 0001:01:00.0)
[2026-03-03 18:00:11.342] [10302] [HailoRT] [info] [vdevice_native_stream.cpp:331] [read_impl] Failed read from stream HAILO_STREAM_ABORT(63) (device: 0001:01:00.0)
[2026-03-03 18:00:11.342] [10302] [HailoRT] [info] [edge_elements.cpp:396] [run_pull] Reading from stream was aborted!
[2026-03-03 18:00:11.342] [10306] [HailoRT] [info] [vdevice_native_stream.cpp:331] [read_impl] Failed read from stream HAILO_STREAM_ABORT(63) (device: 0001:01:00.0)
[2026-03-03 18:00:11.342] [10306] [HailoRT] [info] [edge_elements.cpp:396] [run_pull] Reading from stream was aborted!
[2026-03-03 18:00:11.342] [10299] [HailoRT] [info] [vdevice_native_stream.cpp:331] [read_impl] Failed read from stream HAILO_STREAM_ABORT(63) (device: 0001:01:00.0)
[2026-03-03 18:00:11.342] [10303] [HailoRT] [info] [vdevice_native_stream.cpp:331] [read_impl] Failed read from stream HAILO_STREAM_ABORT(63) (device: 0001:01:00.0)
[2026-03-03 18:00:11.342] [10305] [HailoRT] [info] [vdevice_native_stream.cpp:331] [read_impl] Failed read from stream HAILO_STREAM_ABORT(63) (device: 0001:01:00.0)
[2026-03-03 18:00:11.342] [10304] [HailoRT] [info] [vdevice_native_stream.cpp:331] [read_impl] Failed read from stream HAILO_STREAM_ABORT(63) (device: 0001:01:00.0)
[2026-03-03 18:00:11.342] [10305] [HailoRT] [info] [edge_elements.cpp:396] [run_pull] Reading from stream was aborted!
[2026-03-03 18:00:11.342] [10307] [HailoRT] [info] [vdevice_native_stream.cpp:331] [read_impl] Failed read from stream HAILO_STREAM_ABORT(63) (device: 0001:01:00.0)
[2026-03-03 18:00:11.342] [10301] [HailoRT] [info] [vdevice_native_stream.cpp:331] [read_impl] Failed read from stream HAILO_STREAM_ABORT(63) (device: 0001:01:00.0)
[2026-03-03 18:00:11.342] [10307] [HailoRT] [info] [edge_elements.cpp:396] [run_pull] Reading from stream was aborted!
[2026-03-03 18:00:11.342] [10305] [HailoRT] [info] [queue_elements.cpp:738] [run_in_thread] run_pull of queue element PullQEl_nms4yolov6n/conv57_70 was aborted!
[2026-03-03 18:00:11.342] [10304] [HailoRT] [info] [edge_elements.cpp:396] [run_pull] Reading from stream was aborted!
[2026-03-03 18:00:11.342] [10307] [HailoRT] [info] [queue_elements.cpp:738] [run_in_thread] run_pull of queue element PullQEl_nms5yolov6n/conv59_70 was aborted!
[2026-03-03 18:00:11.342] [10304] [HailoRT] [info] [queue_elements.cpp:738] [run_in_thread] run_pull of queue element PullQEl_nms7yolov6n/conv49_70 was aborted!
[2026-03-03 18:00:11.342] [10306] [HailoRT] [info] [queue_elements.cpp:738] [run_in_thread] run_pull of queue element PullQEl_nms8yolov6n/conv58_70 was aborted!
[2026-03-03 18:00:11.342] [10298] [HailoRT] [info] [vdevice_native_stream.cpp:142] [write_impl] Failed write to stream yolov6n/input_layer1 (device: 0001:01:00.0) with status=HAILO_STREAM_ABORT(63)
[2026-03-03 18:00:11.342] [10302] [HailoRT] [info] [queue_elements.cpp:738] [run_in_thread] run_pull of queue element PullQEl_nms9yolov6n/conv47_70 was aborted!
[2026-03-03 18:00:11.342] [10298] [HailoRT] [info] [edge_elements.cpp:87] [run_push] Failed to send on input stream InputStream(index=3, name=yolov6n/input_layer1) because stream was aborted
[2026-03-03 18:00:11.342] [10300] [HailoRT] [info] [edge_elements.cpp:396] [run_pull] Reading from stream was aborted!
[2026-03-03 18:00:11.342] [10301] [HailoRT] [info] [edge_elements.cpp:396] [run_pull] Reading from stream was aborted!
[2026-03-03 18:00:11.342] [10298] [HailoRT] [info] [queue_elements.cpp:401] [run_in_thread] run_push of PushQEl3yolov6n/input_layer1 was aborted!
[2026-03-03 18:00:11.342] [10301] [HailoRT] [info] [queue_elements.cpp:738] [run_in_thread] run_pull of queue element PullQEl_nms0yolov6n/conv38_70 was aborted!
[2026-03-03 18:00:11.342] [10300] [HailoRT] [info] [queue_elements.cpp:738] [run_in_thread] run_pull of queue element PullQEl_nms1yolov6n/conv37_70 was aborted!
[2026-03-03 18:00:11.342] [10303] [HailoRT] [info] [edge_elements.cpp:396] [run_pull] Reading from stream was aborted!
[2026-03-03 18:00:11.342] [10303] [HailoRT] [info] [queue_elements.cpp:738] [run_in_thread] run_pull of queue element PullQEl_nms6yolov6n/conv48_70 was aborted!
[2026-03-03 18:00:11.342] [10299] [HailoRT] [info] [edge_elements.cpp:396] [run_pull] Reading from stream was aborted!
[2026-03-03 18:00:11.342] [10299] [HailoRT] [info] [queue_elements.cpp:738] [run_in_thread] run_pull of queue element PullQEl_nms2yolov6n/conv36_70 was aborted!
[2026-03-03 18:00:11.342] [10311] [HailoRT] [info] [queue_elements.cpp:706] [run_pull] Shutdown event was signaled in dequeue of queue element PullQEl_nms2yolov6n/conv36_70!
[2026-03-03 18:00:11.342] [10311] [HailoRT] [info] [vstream.cpp:1138] [read] Receiving to VStream was shutdown!
[2026-03-03 18:00:11.342] [10312] [HailoRT] [info] [vstream.cpp:774] [write] Sending to VStream was shutdown!
[2026-03-03 18:00:11.342] [10312] [HailoRT] [info] [vstream.cpp:778] [write] Sending to VStream was aborted!
[2026-03-03 18:00:11.342] [10026] [HailoRT] [info] [queue_elements.cpp:360] [execute_deactivate] enqueue() in element PushQEl3yolov6n/input_layer1 was aborted, got status = HAILO_SHUTDOWN_EVENT_SIGNALED(57)
[2026-03-03 18:00:11.343] [10298] [HailoRT] [info] [queue_elements.cpp:68] [operator()] Thread in element PushQEl3yolov6n/input_layer1 is not running anymore, exiting..
[2026-03-03 18:00:11.343] [10026] [HailoRT] [info] [queue_elements.cpp:46] [~BaseQueueElement] Queue element PushQEl3yolov6n/input_layer1 has 0 frames in his Queue on destruction
[2026-03-03 18:00:11.343] [10308] [HailoRT] [info] [queue_elements.cpp:68] [operator()] Thread in element UserBufQEl_post_infer0yolov6n/yolox_nms_postprocess is not running anymore, exiting..
[2026-03-03 18:00:11.343] [10026] [HailoRT] [info] [queue_elements.cpp:46] [~BaseQueueElement] Queue element UserBufQEl_post_infer0yolov6n/yolox_nms_postprocess has 0 frames in his Queue on destruction
[2026-03-03 18:00:11.343] [10307] [HailoRT] [info] [queue_elements.cpp:68] [operator()] Thread in element PullQEl_nms5yolov6n/conv59_70 is not running anymore, exiting..
[2026-03-03 18:00:11.343] [10026] [HailoRT] [info] [queue_elements.cpp:46] [~BaseQueueElement] Queue element PullQEl_nms5yolov6n/conv59_70 has 0 frames in his Queue on destruction
[2026-03-03 18:00:11.343] [10306] [HailoRT] [info] [queue_elements.cpp:68] [operator()] Thread in element PullQEl_nms8yolov6n/conv58_70 is not running anymore, exiting..
[2026-03-03 18:00:11.343] [10026] [HailoRT] [info] [queue_elements.cpp:46] [~BaseQueueElement] Queue element PullQEl_nms8yolov6n/conv58_70 has 0 frames in his Queue on destruction
[2026-03-03 18:00:11.343] [10305] [HailoRT] [info] [queue_elements.cpp:68] [operator()] Thread in element PullQEl_nms4yolov6n/conv57_70 is not running anymore, exiting..
[2026-03-03 18:00:11.343] [10026] [HailoRT] [info] [queue_elements.cpp:46] [~BaseQueueElement] Queue element PullQEl_nms4yolov6n/conv57_70 has 0 frames in his Queue on destruction
[2026-03-03 18:00:11.343] [10304] [HailoRT] [info] [queue_elements.cpp:68] [operator()] Thread in element PullQEl_nms7yolov6n/conv49_70 is not running anymore, exiting..
[2026-03-03 18:00:11.343] [10026] [HailoRT] [info] [queue_elements.cpp:46] [~BaseQueueElement] Queue element PullQEl_nms7yolov6n/conv49_70 has 0 frames in his Queue on destruction
[2026-03-03 18:00:11.343] [10303] [HailoRT] [info] [queue_elements.cpp:68] [operator()] Thread in element PullQEl_nms6yolov6n/conv48_70 is not running anymore, exiting..
[2026-03-03 18:00:11.343] [10026] [HailoRT] [info] [queue_elements.cpp:46] [~BaseQueueElement] Queue element PullQEl_nms6yolov6n/conv48_70 has 0 frames in his Queue on destruction
[2026-03-03 18:00:11.343] [10302] [HailoRT] [info] [queue_elements.cpp:68] [operator()] Thread in element PullQEl_nms9yolov6n/conv47_70 is not running anymore, exiting..
[2026-03-03 18:00:11.343] [10026] [HailoRT] [info] [queue_elements.cpp:46] [~BaseQueueElement] Queue element PullQEl_nms9yolov6n/conv47_70 has 0 frames in his Queue on destruction
[2026-03-03 18:00:11.343] [10301] [HailoRT] [info] [queue_elements.cpp:68] [operator()] Thread in element PullQEl_nms0yolov6n/conv38_70 is not running anymore, exiting..
[2026-03-03 18:00:11.343] [10026] [HailoRT] [info] [queue_elements.cpp:46] [~BaseQueueElement] Queue element PullQEl_nms0yolov6n/conv38_70 has 0 frames in his Queue on destruction
[2026-03-03 18:00:11.343] [10300] [HailoRT] [info] [queue_elements.cpp:68] [operator()] Thread in element PullQEl_nms1yolov6n/conv37_70 is not running anymore, exiting..
[2026-03-03 18:00:11.343] [10026] [HailoRT] [info] [queue_elements.cpp:46] [~BaseQueueElement] Queue element PullQEl_nms1yolov6n/conv37_70 has 0 frames in his Queue on destruction
[2026-03-03 18:00:11.343] [10299] [HailoRT] [info] [queue_elements.cpp:68] [operator()] Thread in element PullQEl_nms2yolov6n/conv36_70 is not running anymore, exiting..
[2026-03-03 18:00:11.343] [10026] [HailoRT] [info] [queue_elements.cpp:46] [~BaseQueueElement] Queue element PullQEl_nms2yolov6n/conv36_70 has 0 frames in his Queue on destruction
[2026-03-03 18:00:11.343] [10026] [HailoRT] [info] [core_op.cpp:186] [deactivate] Deactivating took 0.00787 ms
[2026-03-03 18:00:11.343] [10026] [HailoRT] [info] [core_op.cpp:186] [deactivate] Deactivating took 0.016647 ms
[2026-03-03 19:41:45.487] [3115] [HailoRT] [info] [vdevice.cpp:535] [create] Creating vdevice with params: device_count: 1, scheduling_algorithm: ROUND_ROBIN, multi_process_service: false
[2026-03-03 19:41:45.505] [3115] [HailoRT] [info] [device.cpp:51] [Device] OS Version: Linux 6.12.62+rpt-rpi-2712 #1 SMP PREEMPT Debian 1:6.12.62-1+rpt1 (2025-12-18) aarch64
[2026-03-03 19:41:45.506] [3115] [HailoRT] [info] [control.cpp:113] [control__parse_identify_results] firmware_version is: 4.23.0
[2026-03-03 19:41:45.507] [3115] [HailoRT] [info] [vdevice.cpp:682] [create] VDevice Infos: 0001:01:00.0
[2026-03-03 19:41:45.641] [3115] [HailoRT] [info] [hef.cpp:1994] [get_network_group_and_network_name] No name was given. Addressing all networks of default network_group: yolov11n
[2026-03-03 19:41:45.641] [3115] [HailoRT] [info] [hef.cpp:1994] [get_network_group_and_network_name] No name was given. Addressing all networks of default network_group: yolov11n
[2026-03-03 19:42:53.985] [3214] [HailoRT] [info] [vdevice.cpp:535] [create] Creating vdevice with params: device_count: 1, scheduling_algorithm: ROUND_ROBIN, multi_process_service: false
[2026-03-03 19:42:54.002] [3214] [HailoRT] [info] [device.cpp:51] [Device] OS Version: Linux 6.12.62+rpt-rpi-2712 #1 SMP PREEMPT Debian 1:6.12.62-1+rpt1 (2025-12-18) aarch64
[2026-03-03 19:42:54.002] [3214] [HailoRT] [info] [control.cpp:113] [control__parse_identify_results] firmware_version is: 4.23.0
[2026-03-03 19:42:54.002] [3214] [HailoRT] [info] [vdevice.cpp:682] [create] VDevice Infos: 0001:01:00.0
[2026-03-03 19:42:54.009] [3214] [HailoRT] [info] [hef.cpp:1994] [get_network_group_and_network_name] No name was given. Addressing all networks of default network_group: yolov11n
[2026-03-03 19:42:54.009] [3214] [HailoRT] [info] [hef.cpp:1994] [get_network_group_and_network_name] No name was given. Addressing all networks of default network_group: yolov11n
[2026-03-03 19:45:16.779] [3447] [HailoRT] [info] [vdevice.cpp:535] [create] Creating vdevice with params: device_count: 1, scheduling_algorithm: ROUND_ROBIN, multi_process_service: false
[2026-03-03 19:45:16.790] [3447] [HailoRT] [info] [device.cpp:51] [Device] OS Version: Linux 6.12.62+rpt-rpi-2712 #1 SMP PREEMPT Debian 1:6.12.62-1+rpt1 (2025-12-18) aarch64
[2026-03-03 19:45:16.790] [3447] [HailoRT] [info] [control.cpp:113] [control__parse_identify_results] firmware_version is: 4.23.0
[2026-03-03 19:45:16.790] [3447] [HailoRT] [info] [vdevice.cpp:682] [create] VDevice Infos: 0001:01:00.0
[2026-03-03 19:45:16.800] [3447] [HailoRT] [info] [hef.cpp:1994] [get_network_group_and_network_name] No name was given. Addressing all networks of default network_group: yolov11n
[2026-03-03 19:45:16.800] [3447] [HailoRT] [info] [hef.cpp:1994] [get_network_group_and_network_name] No name was given. Addressing all networks of default network_group: yolov11n
[2026-03-03 19:45:17.556] [3461] [HailoRT] [info] [internal_buffer_manager.cpp:77] [print_execution_results] Planned internal buffer memory: CMA=0 CMA-Desc=327680 Pinned=1180160. memory to edge layer usage factor is 1
[2026-03-03 19:45:17.556] [3461] [HailoRT] [info] [internal_buffer_manager.cpp:86] [print_execution_results] Default Internal buffer planner executed successfully
[2026-03-03 19:45:17.581] [3461] [HailoRT] [info] [device_internal.cpp:57] [configure] Configuring HEF took 37.97538 milliseconds
[2026-03-03 19:45:17.581] [3461] [HailoRT] [info] [vdevice.cpp:780] [configure] Configuring HEF on VDevice took 38.737195 milliseconds
[2026-03-03 19:45:17.581] [3461] [HailoRT] [info] [infer_model.cpp:417] [configure] Configuring network group 'yolov11n' with params: batch size: 0, power mode: PERFORMANCE, latency: NONE
[2026-03-03 19:45:17.584] [3461] [HailoRT] [info] [multi_io_elements.cpp:754] [create] Created (AsyncHwEl)
[2026-03-03 19:45:17.585] [3461] [HailoRT] [info] [queue_elements.cpp:450] [create] Created (EntryPushQEl0yolov11n/input_layer1 | timeout: 10s)
[2026-03-03 19:45:17.585] [3461] [HailoRT] [info] [filter_elements.cpp:101] [create] Created (PreInferEl8yolov11n/input_layer1 | Reorder - src_order: RGB4, src_shape: (640, 640, 3), dst_order: NHCW, dst_shape: (640, 640, 3))
[2026-03-03 19:45:17.585] [3461] [HailoRT] [info] [queue_elements.cpp:450] [create] Created (PushQEl8yolov11n/input_layer1 | timeout: 10s)
[2026-03-03 19:45:17.585] [3461] [HailoRT] [info] [multi_io_elements.cpp:135] [create] Created (NmsPPMuxEl0YOLOV8-Post-Process | Op YOLOV8, Name: YOLOV8-Post-Process, Score threshold: 0.200, IoU threshold: 0.70, Classes: 80, Max bboxes per class: 100, Image height: 640, Image width: 640)
[2026-03-03 19:45:17.585] [3461] [HailoRT] [info] [queue_elements.cpp:942] [create] Created (MultiPushQEl0YOLOV8-Post-Process | timeout: 10s)
[2026-03-03 19:45:17.585] [3461] [HailoRT] [info] [edge_elements.cpp:187] [create] Created (LastAsyncEl0NmsPPMuxEl0YOLOV8-Post-Process)
[2026-03-03 19:45:17.585] [3461] [HailoRT] [info] [pipeline.cpp:891] [print_deep_description] EntryPushQEl0yolov11n/input_layer1 | inputs: user | outputs: PreInferEl8yolov11n/input_layer1(running in thread_id: 3477)
[2026-03-03 19:45:17.586] [3461] [HailoRT] [info] [pipeline.cpp:891] [print_deep_description] PreInferEl8yolov11n/input_layer1 | inputs: EntryPushQEl0yolov11n/input_layer1[0] | outputs: PushQEl8yolov11n/input_layer1
[2026-03-03 19:45:17.586] [3461] [HailoRT] [info] [pipeline.cpp:891] [print_deep_description] PushQEl8yolov11n/input_layer1 | inputs: PreInferEl8yolov11n/input_layer1[0] | outputs: AsyncHwEl(running in thread_id: 3478)
[2026-03-03 19:45:17.586] [3461] [HailoRT] [info] [pipeline.cpp:891] [print_deep_description] AsyncHwEl | inputs: PushQEl8yolov11n/input_layer1[0] | outputs: MultiPushQEl0YOLOV8-Post-Process MultiPushQEl0YOLOV8-Post-Process MultiPushQEl0YOLOV8-Post-Process MultiPushQEl0YOLOV8-Post-Process MultiPushQEl0YOLOV8-Post-Process MultiPushQEl0YOLOV8-Post-Process
[2026-03-03 19:45:17.586] [3461] [HailoRT] [info] [pipeline.cpp:891] [print_deep_description] MultiPushQEl0YOLOV8-Post-Process | inputs: AsyncHwEl[0] AsyncHwEl[1] AsyncHwEl[2] AsyncHwEl[3] AsyncHwEl[4] AsyncHwEl[5] | outputs: NmsPPMuxEl0YOLOV8-Post-Process(running in thread_id: 3479)
[2026-03-03 19:45:17.586] [3461] [HailoRT] [info] [pipeline.cpp:891] [print_deep_description] NmsPPMuxEl0YOLOV8-Post-Process | inputs: MultiPushQEl0YOLOV8-Post-Process[0] | outputs: LastAsyncEl0NmsPPMuxEl0YOLOV8-Post-Process
[2026-03-03 19:45:17.586] [3461] [HailoRT] [info] [pipeline.cpp:891] [print_deep_description] LastAsyncEl0NmsPPMuxEl0YOLOV8-Post-Process | inputs: NmsPPMuxEl0YOLOV8-Post-Process[0] | outputs: user
[2026-03-03 19:45:17.600] [3461] [HailoRT] [info] [hef.cpp:1994] [get_network_group_and_network_name] No name was given. Addressing all networks of default network_group: yolov11n
