timestamp,temperature_C,cpu_percent,memory_percent,cpu_freq_MHz,cpu_voltage_V,throttled_flags_hex
2026-02-03T20:20:54.340327,53.45,100.0,25.9,2400.023808,0.8438,0x0
2026-02-03T20:20:55.358084,55.1,42.9,26.8,2400.023808,0.8438,0x0
2026-02-03T20:20:56.377433,52.9,41.2,27.0,2400.027136,0.8438,0x0
2026-02-03T20:20:57.396346,55.1,35.6,27.6,2400.03712,0.8438,0x0
2026-02-03T20:20:58.415936,53.45,38.1,28.0,2400.023808,0.8438,0x0
2026-02-03T20:20:59.434664,57.85,60.5,28.4,2400.02048,0.8438,0x0
2026-02-03T20:21:00.467509,55.1,63.3,28.3,2400.02048,0.8438,0x0
2026-02-03T20:21:01.486262,56.75,58.2,28.2,2400.033792,0.8438,0x0
2026-02-03T20:21:02.504236,57.85,61.0,28.2,2400.023808,0.8438,0x0
2026-02-03T20:21:03.531930,57.85,63.0,28.5,2400.033792,0.8438,0x0
2026-02-03T20:21:04.559423,58.4,63.0,28.5,2400.023808,0.8438,0x0
2026-02-03T20:21:05.582133,56.2,67.8,28.3,2400.030464,0.8438,0x0
2026-02-03T20:21:06.603272,57.3,58.4,28.5,2400.023808,0.8438,0x0
2026-02-03T20:21:07.627691,58.95,60.5,28.2,2400.030464,0.8438,0x0
2026-02-03T20:21:08.652030,57.3,58.4,28.2,2400.03712,0.8438,0x0
2026-02-03T20:21:09.771018,57.3,60.8,28.2,2400.027136,0.8438,0x0
2026-02-03T20:21:10.795918,58.4,70.9,28.3,2400.030464,0.8438,0x0
2026-02-03T20:21:11.816637,57.85,57.9,28.3,2400.023808,0.8438,0x0
2026-02-03T20:21:12.837163,57.3,58.4,28.4,2400.030464,0.8438,0x0
2026-02-03T20:21:13.861349,58.95,61.8,28.5,2400.023808,0.8438,0x0
2026-02-03T20:21:14.884131,58.4,65.2,28.5,2400.030464,0.8438,0x0
2026-02-03T20:21:15.903307,57.85,60.9,28.4,2400.030464,0.8438,0x0
2026-02-03T20:21:16.923931,57.3,68.0,28.4,2400.030464,0.8438,0x0
2026-02-03T20:21:17.943795,56.75,58.3,28.4,2400.027136,0.8438,0x0
2026-02-03T20:21:18.966137,59.5,73.2,28.3,2400.033792,0.8438,0x0
2026-02-03T20:21:19.997080,58.4,72.2,28.5,2400.03712,0.8438,0x0
2026-02-03T20:21:21.018576,58.4,57.5,28.4,2400.02048,0.8438,0x0
2026-02-03T20:21:22.037461,57.85,58.2,28.2,2400.02048,0.8438,0x0
2026-02-03T20:21:23.060135,59.5,62.8,28.2,2400.030464,0.8438,0x0
2026-02-03T20:21:24.080020,59.5,64.0,28.4,2400.033792,0.8438,0x0
2026-02-03T20:21:25.103211,58.4,59.4,28.3,2400.023808,0.8438,0x0
2026-02-03T20:21:26.132403,58.4,61.6,28.4,2400.023808,0.8438,0x0
2026-02-03T20:21:27.151543,58.4,62.7,28.5,2400.030464,0.8438,0x0
2026-02-03T20:21:28.174133,58.4,59.2,28.3,2400.033792,0.8438,0x0
2026-02-03T20:21:29.196461,59.5,59.6,28.4,2400.033792,0.8438,0x0
2026-02-03T20:21:30.218348,57.85,59.2,28.3,2400.033792,0.8438,0x0
2026-02-03T20:21:31.243444,57.85,58.8,28.2,2400.030464,0.8438,0x0
2026-02-03T20:21:32.265913,58.95,60.0,28.2,2400.033792,0.8438,0x0
2026-02-03T20:21:33.289644,60.05,62.8,28.1,2400.030464,0.8438,0x0
2026-02-03T20:21:34.313272,60.05,61.0,28.1,2400.017408,0.8438,0x0
2026-02-03T20:21:35.334688,58.95,62.0,28.0,2400.03712,0.8438,0x0
2026-02-03T20:21:36.354046,60.6,60.2,28.2,2400.023808,0.8438,0x0
2026-02-03T20:21:37.382659,58.95,71.2,28.2,2400.030464,0.8438,0x0
2026-02-03T20:21:38.409264,59.5,60.4,28.1,2400.027136,0.8438,0x0
2026-02-03T20:21:39.530672,57.3,57.1,28.2,2400.023808,0.8438,0x0
2026-02-03T20:21:40.549880,60.6,61.0,28.6,2400.02048,0.8438,0x0
2026-02-03T20:21:41.579024,58.4,62.8,28.6,2400.030464,0.8438,0x0
2026-02-03T20:21:42.601849,58.95,57.3,28.4,2400.027136,0.8438,0x0
2026-02-03T20:21:43.720485,57.85,58.9,28.4,2400.033792,0.8438,0x0
2026-02-03T20:21:44.740683,59.5,59.1,28.7,2400.02048,0.8438,0x0
2026-02-03T20:21:45.764602,58.95,60.0,28.7,2400.02048,0.8438,0x0
2026-02-03T20:21:46.803672,59.5,60.7,28.6,2400.027136,0.8438,0x0
2026-02-03T20:21:47.823790,58.95,60.6,28.4,2400.033792,0.8438,0x0
2026-02-03T20:21:48.846398,60.05,65.3,28.2,2400.027136,0.8438,0x0
2026-02-03T20:21:49.870129,59.5,60.4,28.1,2400.030464,0.8438,0x0
2026-02-03T20:21:50.895222,58.95,61.1,28.4,2400.027136,0.8438,0x0
2026-02-03T20:21:51.922380,58.4,59.7,28.3,2400.027136,0.8438,0x0
2026-02-03T20:21:52.949312,58.4,61.9,28.2,2400.03712,0.8438,0x0
2026-02-03T20:21:53.967569,57.85,60.3,28.2,2400.03712,0.8438,0x0
2026-02-03T20:21:54.991900,60.05,59.7,28.2,2400.033792,0.8438,0x0
2026-02-03T20:21:56.015039,58.4,59.8,28.2,2400.030464,0.8438,0x0
2026-02-03T20:21:57.042114,58.95,66.6,28.3,2400.02048,0.8438,0x0
2026-02-03T20:21:58.063990,58.95,58.0,28.7,2400.023808,0.8438,0x0
2026-02-03T20:21:59.088887,60.6,62.4,28.6,2400.030464,0.8438,0x0
2026-02-03T20:22:00.114938,58.4,60.7,28.3,2400.02048,0.8438,0x0
2026-02-03T20:22:01.135522,59.5,62.0,28.5,2400.02048,0.8438,0x0
2026-02-03T20:22:02.158743,57.85,58.3,28.6,2400.023808,0.8438,0x0
2026-02-03T20:22:03.184187,60.05,61.5,28.6,2400.027136,0.8438,0x0
2026-02-03T20:22:04.205735,58.95,58.5,28.4,2400.027136,0.8438,0x0
2026-02-03T20:22:05.229766,58.95,60.7,28.4,2400.033792,0.8438,0x0
2026-02-03T20:22:06.255027,58.95,59.6,28.3,2400.03712,0.8438,0x0
2026-02-03T20:22:07.281942,59.5,60.1,28.5,2400.023808,0.8438,0x0
2026-02-03T20:22:08.404754,59.5,60.0,28.6,2400.03712,0.8438,0x0
2026-02-03T20:22:09.530622,58.4,59.0,28.4,2400.03712,0.8438,0x0
2026-02-03T20:22:10.550766,60.05,63.0,28.4,2400.03712,0.8438,0x0
2026-02-03T20:22:11.572607,59.5,60.6,28.3,2400.027136,0.8438,0x0
2026-02-03T20:22:12.592971,59.5,59.3,28.4,2400.027136,0.8438,0x0
2026-02-03T20:22:13.615253,58.95,61.8,28.2,2400.03712,0.8438,0x0
2026-02-03T20:22:14.636678,58.95,71.2,28.3,2400.030464,0.8438,0x0
2026-02-03T20:22:15.660987,58.95,57.9,28.3,2400.033792,0.8438,0x0
2026-02-03T20:22:16.681207,60.6,60.2,28.2,2400.023808,0.8438,0x0
2026-02-03T20:22:17.699951,60.6,57.7,28.3,2400.023808,0.8438,0x0
2026-02-03T20:22:18.729806,58.95,59.1,28.3,2400.017408,0.8438,0x0
2026-02-03T20:22:19.749963,60.05,59.6,28.3,2400.030464,0.8438,0x0
2026-02-03T20:22:20.770838,59.5,60.4,28.5,2400.030464,0.8438,0x0
2026-02-03T20:22:21.794157,58.4,58.9,28.4,2400.02048,0.8438,0x0
2026-02-03T20:22:22.815087,59.5,60.6,28.3,2400.030464,0.8438,0x0
2026-02-03T20:22:23.836300,58.95,61.9,28.3,2400.030464,0.8438,0x0
2026-02-03T20:22:24.861938,60.05,62.6,28.1,2400.02048,0.8438,0x0
2026-02-03T20:22:25.881832,60.05,62.0,28.0,2400.023808,0.8438,0x0
2026-02-03T20:22:26.903990,60.6,61.8,28.3,2400.02048,0.8438,0x0
2026-02-03T20:22:27.931911,59.5,60.7,28.3,2400.030464,0.8438,0x0
2026-02-03T20:22:28.953827,58.95,59.4,28.3,2400.02048,0.8438,0x0
2026-02-03T20:22:29.983915,60.6,60.5,28.2,2400.027136,0.8438,0x0
2026-02-03T20:22:31.004453,59.5,62.1,28.1,2400.030464,0.8438,0x0
2026-02-03T20:22:32.028944,60.6,59.9,28.4,2400.03712,0.8438,0x0
2026-02-03T20:22:33.050652,57.85,59.3,28.5,2400.030464,0.8438,0x0
2026-02-03T20:22:34.077909,60.6,69.8,28.6,2400.023808,0.8438,0x0
2026-02-03T20:22:35.101063,59.5,63.1,28.4,2400.023808,0.8438,0x0
2026-02-03T20:22:36.128008,58.95,63.4,28.6,2400.03712,0.8438,0x0
2026-02-03T20:22:37.154696,58.95,60.0,28.5,2400.023808,0.8438,0x0
2026-02-03T20:22:38.178064,60.6,63.4,28.5,2400.02048,0.8438,0x0
2026-02-03T20:22:39.198161,60.05,62.8,28.1,2400.033792,0.8438,0x0
2026-02-03T20:22:40.220157,59.5,58.8,28.0,2400.030464,0.8438,0x0
2026-02-03T20:22:41.245255,60.05,60.6,28.0,2400.030464,0.8438,0x0
2026-02-03T20:22:42.266823,59.5,59.8,28.2,2400.02048,0.8438,0x0
2026-02-03T20:22:43.292140,57.85,62.4,28.3,2400.027136,0.8438,0x0
2026-02-03T20:22:44.316548,60.05,62.8,28.5,2400.03712,0.8438,0x0
2026-02-03T20:22:45.337968,58.95,61.7,28.5,2400.02048,0.8438,0x0
2026-02-03T20:22:46.363063,58.95,62.1,28.5,2400.017408,0.8438,0x0
2026-02-03T20:22:47.382150,61.15,62.6,28.3,2400.023808,0.8438,0x0
2026-02-03T20:22:48.404226,58.95,61.6,28.3,2400.033792,0.8438,0x0
2026-02-03T20:22:49.426665,58.95,65.4,28.1,2400.023808,0.8438,0x0
2026-02-03T20:22:50.453071,60.6,64.2,28.2,2400.03712,0.8438,0x0
2026-02-03T20:22:51.475681,58.95,60.8,28.1,2400.02048,0.8438,0x0
2026-02-03T20:22:52.504739,58.95,70.0,28.1,2400.02048,0.8438,0x0
2026-02-03T20:22:53.535655,60.05,62.9,28.1,2400.033792,0.8438,0x0
2026-02-03T20:22:54.555118,58.95,60.9,28.1,2400.033792,0.8438,0x0
2026-02-03T20:22:55.577661,60.6,61.7,28.1,2400.023808,0.8438,0x0
2026-02-03T20:22:56.597214,58.95,61.5,28.4,2400.027136,0.8438,0x0
2026-02-03T20:22:57.616522,60.05,60.0,28.4,2400.023808,0.8438,0x0
2026-02-03T20:22:58.641574,59.5,65.8,28.6,2400.02048,0.8438,0x0
2026-02-03T20:22:59.686726,58.95,62.8,28.5,2400.027136,0.8438,0x0
2026-02-03T20:23:00.710523,60.6,63.7,28.2,2400.030464,0.8438,0x0
2026-02-03T20:23:01.735278,60.6,59.2,28.1,2400.030464,0.8438,0x0
2026-02-03T20:23:02.753380,58.95,63.0,28.4,2400.023808,0.8438,0x0
2026-02-03T20:23:03.779349,58.95,60.1,28.5,2400.027136,0.8438,0x0
2026-02-03T20:23:04.799648,59.5,60.4,28.5,2400.033792,0.8438,0x0
2026-02-03T20:23:05.819773,58.95,60.7,28.3,2400.030464,0.8438,0x0
2026-02-03T20:23:06.840411,58.4,58.9,28.2,2400.033792,0.8438,0x0
2026-02-03T20:23:07.866810,59.5,62.0,28.0,2400.03712,0.8438,0x0
2026-02-03T20:23:08.891852,58.95,58.8,28.0,2400.033792,0.8438,0x0
2026-02-03T20:23:09.914971,58.95,61.6,28.3,2400.027136,0.8438,0x0
2026-02-03T20:23:11.039427,59.5,69.5,28.2,2400.023808,0.8438,0x0
2026-02-03T20:23:12.064178,60.05,59.7,28.4,2400.02048,0.8438,0x0
2026-02-03T20:23:13.086744,59.5,60.3,28.0,2400.033792,0.8438,0x0
2026-02-03T20:23:14.110438,60.6,62.2,28.0,2400.027136,0.8438,0x0
2026-02-03T20:23:15.129769,60.6,62.2,28.3,2400.033792,0.8438,0x0
2026-02-03T20:23:16.149115,60.05,61.0,28.3,2400.030464,0.8438,0x0
2026-02-03T20:23:17.167074,58.95,60.2,28.3,2400.03712,0.8438,0x0
2026-02-03T20:23:18.194258,60.6,61.3,28.4,2400.02048,0.8438,0x0
2026-02-03T20:23:19.226181,58.95,60.5,28.2,2400.027136,0.8438,0x0
2026-02-03T20:23:20.248982,60.6,58.5,28.1,2400.023808,0.8438,0x0
2026-02-03T20:23:21.276159,58.95,59.6,28.1,2400.03712,0.8438,0x0
2026-02-03T20:23:22.297987,60.6,61.4,28.3,2400.03712,0.8438,0x0
2026-02-03T20:23:23.319723,59.5,61.7,28.1,2400.027136,0.8438,0x0
2026-02-03T20:23:24.342938,60.6,59.6,28.1,2400.033792,0.8438,0x0
2026-02-03T20:23:25.363569,61.15,59.4,28.4,2400.030464,0.8438,0x0
2026-02-03T20:23:26.395253,59.5,65.0,28.6,2400.02048,0.8438,0x0
2026-02-03T20:23:27.417892,58.95,60.6,28.7,2400.027136,0.8438,0x0
2026-02-03T20:23:28.440413,58.95,59.8,28.4,2400.030464,0.8438,0x0
2026-02-03T20:23:29.461072,58.95,60.8,28.3,2400.027136,0.8438,0x0
2026-02-03T20:23:30.483111,58.95,69.9,28.3,2400.027136,0.8438,0x0
2026-02-03T20:23:31.510746,58.95,58.2,28.0,2400.017408,0.8438,0x0
2026-02-03T20:23:32.533238,60.05,59.6,28.1,2400.023808,0.8438,0x0
2026-02-03T20:23:33.552737,57.85,60.8,28.1,2400.027136,0.8438,0x0
2026-02-03T20:23:34.583037,60.6,64.0,28.4,2400.02048,0.8438,0x0
2026-02-03T20:23:35.604628,61.15,60.2,28.3,2400.030464,0.8438,0x0
2026-02-03T20:23:36.632119,59.5,58.3,28.3,2400.02048,0.8438,0x0
2026-02-03T20:23:37.652670,59.5,58.4,28.3,2400.02048,0.8438,0x0
2026-02-03T20:23:38.772327,59.5,60.3,28.5,2400.027136,0.8438,0x0
2026-02-03T20:23:39.795261,60.05,60.0,28.7,2400.02048,0.8438,0x0
2026-02-03T20:23:40.815235,60.6,61.4,28.4,2400.027136,0.8438,0x0
2026-02-03T20:23:41.936494,60.6,60.3,28.5,2400.027136,0.8438,0x0
2026-02-03T20:23:42.962166,58.95,60.2,28.2,2400.030464,0.8438,0x0
2026-02-03T20:23:43.982545,61.15,58.1,28.1,2400.033792,0.8438,0x0
2026-02-03T20:23:45.003004,59.5,59.5,28.2,2400.02048,0.8438,0x0
2026-02-03T20:23:46.028142,60.05,61.8,28.2,2400.03712,0.8438,0x0
2026-02-03T20:23:47.049824,61.15,59.3,28.1,2400.030464,0.8438,0x0
2026-02-03T20:23:48.072139,58.95,58.4,28.2,2400.027136,0.8438,0x0
2026-02-03T20:23:49.095682,58.95,70.9,28.4,2400.02048,0.8438,0x0
2026-02-03T20:23:50.122910,58.95,65.8,28.2,2400.023808,0.8438,0x0
2026-02-03T20:23:51.147930,60.05,60.2,28.3,2400.030464,0.8438,0x0
2026-02-03T20:23:52.169288,60.05,78.3,28.0,2400.027136,0.8438,0x0
2026-02-03T20:23:53.197984,61.15,77.4,28.0,2400.02048,0.8438,0x0
2026-02-03T20:23:54.235090,59.5,71.5,28.2,2400.02048,0.8438,0x0
2026-02-03T20:23:55.257235,59.5,64.3,28.4,2400.023808,0.8438,0x0
2026-02-03T20:23:56.284307,61.15,59.4,28.5,2400.02048,0.8438,0x0
2026-02-03T20:23:57.307022,58.95,57.9,28.3,2400.02048,0.8438,0x0
2026-02-03T20:23:58.431007,58.95,61.4,28.3,2400.030464,0.8438,0x0
2026-02-03T20:23:59.452388,59.5,63.2,28.1,2400.03712,0.8438,0x0
2026-02-03T20:24:00.474823,59.5,64.4,28.3,2400.033792,0.8438,0x0
2026-02-03T20:24:01.498377,59.5,59.3,28.1,2400.030464,0.8438,0x0
2026-02-03T20:24:02.629163,59.5,61.6,28.2,2400.030464,0.8438,0x0
2026-02-03T20:24:03.647752,59.5,62.3,28.2,2400.02048,0.8438,0x0
2026-02-03T20:24:04.666921,58.95,58.7,28.4,2400.02048,0.8438,0x0
2026-02-03T20:24:05.700111,59.5,60.3,28.5,2400.023808,0.8438,0x0
2026-02-03T20:24:06.718459,59.5,62.6,28.3,2400.033792,0.8438,0x0
2026-02-03T20:24:07.744149,60.6,61.4,28.1,2400.033792,0.8438,0x0
2026-02-03T20:24:08.767175,59.5,70.9,28.3,2400.027136,0.8438,0x0
2026-02-03T20:24:09.793325,60.05,64.3,28.4,2400.030464,0.8438,0x0
2026-02-03T20:24:10.813505,59.5,63.2,28.2,2400.023808,0.8438,0x0
2026-02-03T20:24:11.845158,59.5,61.0,28.3,2400.027136,0.8438,0x0
2026-02-03T20:24:12.867026,60.05,62.6,28.4,2400.02048,0.8438,0x0
2026-02-03T20:24:13.887636,59.5,64.6,28.3,2400.027136,0.8438,0x0
2026-02-03T20:24:14.907177,61.15,63.7,28.4,2400.030464,0.8438,0x0
2026-02-03T20:24:15.937102,59.5,61.2,28.1,2400.033792,0.8438,0x0
2026-02-03T20:24:16.965935,59.5,61.7,28.2,2400.02048,0.8438,0x0
2026-02-03T20:24:17.988778,58.95,60.1,28.2,2400.02048,0.8438,0x0
2026-02-03T20:24:19.109369,61.15,60.0,28.2,2400.02048,0.8438,0x0
2026-02-03T20:24:20.136349,60.05,61.1,28.1,2400.02048,0.8438,0x0
2026-02-03T20:24:21.166919,59.5,61.4,28.1,2400.030464,0.8438,0x0
2026-02-03T20:24:22.192459,58.95,62.0,28.2,2400.033792,0.8438,0x0
2026-02-03T20:24:23.213401,59.5,63.5,28.2,2400.02048,0.8438,0x0
2026-02-03T20:24:24.234119,60.05,59.3,28.3,2400.030464,0.8438,0x0
2026-02-03T20:24:25.254595,59.5,65.2,28.2,2400.033792,0.8438,0x0
2026-02-03T20:24:26.277726,58.95,71.1,28.3,2400.023808,0.8438,0x0
2026-02-03T20:24:27.300940,60.05,59.4,28.2,2400.03712,0.8438,0x0
2026-02-03T20:24:28.324889,59.5,61.7,28.0,2400.023808,0.8438,0x0
2026-02-03T20:24:29.349860,59.5,63.1,28.3,2400.02048,0.8438,0x0
2026-02-03T20:24:30.374194,59.5,61.5,28.7,2400.033792,0.8438,0x0
2026-02-03T20:24:31.397905,60.05,60.9,28.9,2400.027136,0.8438,0x0
2026-02-03T20:24:32.418177,60.05,61.6,28.6,2400.027136,0.8438,0x0
2026-02-03T20:24:33.435660,60.05,60.1,28.7,2400.03712,0.8438,0x0
2026-02-03T20:24:34.462165,59.5,67.6,28.7,2400.027136,0.8438,0x0
2026-02-03T20:24:35.483778,60.6,59.7,28.6,2400.017408,0.8438,0x0
2026-02-03T20:24:36.505082,59.5,61.5,28.5,2400.033792,0.8438,0x0
2026-02-03T20:24:37.535672,58.95,58.3,28.4,2400.033792,0.8438,0x0
2026-02-03T20:24:38.557896,59.5,61.3,28.2,2400.027136,0.8438,0x0
2026-02-03T20:24:39.682558,58.95,60.9,28.4,2400.03712,0.8438,0x0
2026-02-03T20:24:40.705182,60.05,63.7,28.3,2400.027136,0.8438,0x0
2026-02-03T20:24:41.727098,59.5,60.6,28.4,2400.02048,0.8438,0x0
2026-02-03T20:24:42.753106,59.5,60.0,28.2,2400.02048,0.8438,0x0
2026-02-03T20:24:43.779139,59.5,59.5,28.0,2400.027136,0.8438,0x0
2026-02-03T20:24:44.803629,60.6,61.5,28.2,2400.030464,0.8438,0x0
2026-02-03T20:24:45.829395,61.15,72.2,28.3,2400.02048,0.8438,0x0
2026-02-03T20:24:46.853052,60.6,59.7,28.5,2400.017408,0.8438,0x0
2026-02-03T20:24:47.873091,59.5,62.3,28.3,2400.033792,0.8438,0x0
2026-02-03T20:24:48.895150,60.05,62.8,28.2,2400.033792,0.8438,0x0
2026-02-03T20:24:49.919507,60.05,60.8,28.3,2400.023808,0.8438,0x0
2026-02-03T20:24:50.947955,60.05,60.7,28.3,2400.02048,0.8438,0x0
2026-02-03T20:24:51.967794,59.5,58.1,28.3,2400.023808,0.8438,0x0
2026-02-03T20:24:52.986169,58.95,59.8,28.3,2400.030464,0.8438,0x0
2026-02-03T20:24:54.005917,58.95,58.4,28.3,2400.02048,0.8438,0x0
2026-02-03T20:24:55.032774,60.05,60.0,28.3,2400.023808,0.8438,0x0
2026-02-03T20:24:56.055641,59.5,59.9,28.5,2400.02048,0.8438,0x0
2026-02-03T20:24:57.077411,58.95,58.9,28.4,2400.033792,0.8438,0x0
2026-02-03T20:24:58.102825,60.6,58.3,28.3,2400.027136,0.8438,0x0
2026-02-03T20:24:59.126391,59.5,60.0,28.3,2400.033792,0.8438,0x0
2026-02-03T20:25:00.245993,58.95,58.4,28.5,2400.027136,0.8438,0x0
2026-02-03T20:25:01.265833,61.7,60.3,28.3,2400.033792,0.8438,0x0
2026-02-03T20:25:02.285122,58.95,61.0,28.4,2400.033792,0.8438,0x0
2026-02-03T20:25:03.312410,60.05,60.3,28.1,2400.027136,0.8438,0x0
2026-02-03T20:25:04.333160,58.95,67.7,28.1,2400.033792,0.8438,0x0
2026-02-03T20:25:05.353138,60.05,60.6,28.3,2400.033792,0.8438,0x0
2026-02-03T20:25:06.380058,59.5,62.7,28.3,2400.03712,0.8438,0x0
2026-02-03T20:25:07.408739,60.6,62.5,28.4,2400.030464,0.8438,0x0
2026-02-03T20:25:08.434839,58.95,61.8,28.0,2400.023808,0.8438,0x0
2026-02-03T20:25:09.456704,60.05,63.8,28.2,2400.02048,0.8438,0x0
2026-02-03T20:25:10.482406,59.5,61.2,28.0,2400.017408,0.8438,0x0
2026-02-03T20:25:11.507890,60.05,61.0,28.0,2400.027136,0.8438,0x0
2026-02-03T20:25:12.541804,59.5,60.5,28.4,2400.030464,0.8438,0x0
2026-02-03T20:25:13.566207,58.95,60.6,28.4,2400.030464,0.8438,0x0
2026-02-03T20:25:14.584806,61.15,59.6,28.5,2400.023808,0.8438,0x0
2026-02-03T20:25:15.612830,60.05,63.9,28.4,2400.02048,0.8438,0x0
2026-02-03T20:25:16.634044,60.05,60.7,28.0,2400.030464,0.8438,0x0
2026-02-03T20:25:17.655828,60.05,58.7,28.0,2400.030464,0.8438,0x0
2026-02-03T20:25:18.687477,59.5,59.1,28.3,2400.030464,0.8438,0x0
2026-02-03T20:25:19.817159,60.6,62.2,28.2,2400.027136,0.8438,0x0
2026-02-03T20:25:20.838374,59.5,58.7,28.3,2400.030464,0.8438,0x0
2026-02-03T20:25:21.861241,60.05,68.3,28.4,2400.027136,0.8438,0x0
2026-02-03T20:25:22.891240,59.5,60.2,28.3,2400.027136,0.8438,0x0
2026-02-03T20:25:23.913956,61.15,59.7,28.2,2400.030464,0.8438,0x0
2026-02-03T20:25:24.933330,60.6,62.3,28.2,2400.027136,0.8438,0x0
2026-02-03T20:25:25.954657,60.05,58.9,28.2,2400.033792,0.8438,0x0
2026-02-03T20:25:26.981690,60.05,58.1,28.1,2400.02048,0.8438,0x0
2026-02-03T20:25:28.003498,58.95,58.8,28.1,2400.027136,0.8438,0x0
2026-02-03T20:25:29.025959,61.15,62.6,28.3,2400.023808,0.8438,0x0
2026-02-03T20:25:30.047685,58.95,61.6,28.4,2400.023808,0.8438,0x0
2026-02-03T20:25:31.069811,60.05,60.4,28.2,2400.027136,0.8438,0x0
2026-02-03T20:25:32.094498,59.5,62.5,28.4,2400.027136,0.8438,0x0
2026-02-03T20:25:33.121362,60.05,65.8,28.6,2400.030464,0.8438,0x0
2026-02-03T20:25:34.147270,58.95,63.0,28.5,2400.02048,0.8438,0x0
2026-02-03T20:25:35.167322,60.05,61.9,28.4,2400.017408,0.8438,0x0
2026-02-03T20:25:36.291258,60.05,59.3,28.1,2400.02048,0.8438,0x0
2026-02-03T20:25:37.314601,60.05,58.5,28.1,2400.02048,0.8438,0x0
2026-02-03T20:25:38.333367,58.95,61.5,28.2,2400.023808,0.8438,0x0
2026-02-03T20:25:39.353703,60.6,61.8,28.5,2400.023808,0.8438,0x0
2026-02-03T20:25:40.374735,59.5,61.5,28.7,2400.027136,0.8438,0x0
2026-02-03T20:25:41.394730,59.5,70.2,28.5,2400.027136,0.8438,0x0
2026-02-03T20:25:42.417839,59.5,60.4,28.5,2400.017408,0.8438,0x0
2026-02-03T20:25:43.443221,61.15,62.0,28.1,2400.033792,0.8438,0x0
2026-02-03T20:25:44.467997,60.05,60.2,28.1,2400.02048,0.8438,0x0
2026-02-03T20:25:45.492585,58.95,58.7,28.4,2400.033792,0.8438,0x0
2026-02-03T20:25:46.514911,59.5,57.6,28.4,2400.023808,0.8438,0x0
2026-02-03T20:25:47.533881,59.5,60.5,28.1,2400.027136,0.8438,0x0
2026-02-03T20:25:48.553047,60.6,58.7,28.2,2400.027136,0.8438,0x0
2026-02-03T20:25:49.578949,60.6,59.6,28.1,2400.033792,0.8438,0x0
2026-02-03T20:25:50.601495,60.05,60.4,28.1,2400.02048,0.8438,0x0
2026-02-03T20:25:51.624291,61.15,58.4,28.1,2400.023808,0.8438,0x0
2026-02-03T20:25:52.644964,60.05,59.5,28.3,2400.023808,0.8438,0x0
2026-02-03T20:25:53.667326,59.5,58.7,28.2,2400.033792,0.8438,0x0
2026-02-03T20:25:54.703237,60.6,63.3,28.3,2400.023808,0.8438,0x0
2026-02-03T20:25:55.727668,58.95,65.3,28.3,2400.030464,0.8438,0x0
2026-02-03T20:25:56.748249,60.6,60.9,28.4,2400.030464,0.8438,0x0
2026-02-03T20:25:57.777005,60.05,67.4,28.6,2400.017408,0.8438,0x0
2026-02-03T20:25:58.806657,60.6,60.4,28.4,2400.02048,0.8438,0x0
2026-02-03T20:25:59.829048,58.4,60.0,28.3,2400.02048,0.8438,0x0
2026-02-03T20:26:00.846805,59.5,59.3,28.1,2400.02048,0.8438,0x0
2026-02-03T20:26:01.865677,59.5,58.5,28.0,2400.033792,0.8438,0x0
2026-02-03T20:26:02.885817,59.5,57.7,28.3,2400.023808,0.8438,0x0
2026-02-03T20:26:03.908921,60.6,56.4,28.4,2400.030464,0.8438,0x0
2026-02-03T20:26:04.931147,60.6,60.0,28.6,2400.033792,0.8438,0x0
2026-02-03T20:26:05.966379,59.5,59.7,28.4,2400.023808,0.8438,0x0
2026-02-03T20:26:06.993113,60.05,58.6,28.5,2400.023808,0.8438,0x0
2026-02-03T20:26:08.023458,60.05,64.1,28.2,2400.030464,0.8438,0x0
2026-02-03T20:26:09.051911,60.6,60.0,28.3,2400.033792,0.8438,0x0
2026-02-03T20:26:10.076558,60.05,64.5,28.3,2400.023808,0.8438,0x0
2026-02-03T20:26:11.098076,60.05,62.4,28.4,2400.033792,0.8438,0x0
2026-02-03T20:26:12.117742,59.5,60.1,28.3,2400.033792,0.8438,0x0
2026-02-03T20:26:13.139369,61.15,58.7,28.5,2400.023808,0.8438,0x0
2026-02-03T20:26:14.167276,60.05,61.2,28.7,2400.02048,0.8438,0x0
2026-02-03T20:26:15.201262,59.5,58.7,28.7,2400.027136,0.8438,0x0
2026-02-03T20:26:16.221397,61.15,69.7,28.7,2400.033792,0.8438,0x0
2026-02-03T20:26:17.246398,60.6,60.4,28.6,2400.02048,0.8438,0x0
2026-02-03T20:26:18.266325,58.95,61.7,28.3,2400.03712,0.8438,0x0
2026-02-03T20:26:19.286258,60.6,58.4,28.5,2400.027136,0.8438,0x0
2026-02-03T20:26:20.311768,60.6,61.8,28.6,2400.017408,0.8438,0x0
2026-02-03T20:26:21.334649,60.05,63.2,28.4,2400.027136,0.8438,0x0
2026-02-03T20:26:22.361665,60.6,61.0,28.4,2400.02048,0.8438,0x0
2026-02-03T20:26:23.381993,59.5,60.2,28.3,2400.030464,0.8438,0x0
2026-02-03T20:26:24.401639,58.95,59.5,28.2,2400.023808,0.8438,0x0
2026-02-03T20:26:25.425684,59.5,61.8,28.3,2400.030464,0.8438,0x0
2026-02-03T20:26:26.447013,58.4,60.6,28.3,2400.02048,0.8438,0x0
2026-02-03T20:26:27.474924,59.5,63.8,28.2,2400.02048,0.8438,0x0
2026-02-03T20:26:28.497520,60.6,60.4,28.3,2400.02048,0.8438,0x0
2026-02-03T20:26:29.519240,59.5,59.5,28.1,2400.02048,0.8438,0x0
2026-02-03T20:26:30.538346,58.95,59.8,28.2,2400.033792,0.8438,0x0
2026-02-03T20:26:31.563088,58.95,60.0,28.1,2400.030464,0.8438,0x0
2026-02-03T20:26:32.582947,59.5,63.1,28.1,2400.023808,0.8438,0x0
2026-02-03T20:26:33.600691,59.5,71.0,28.1,2400.030464,0.8438,0x0
2026-02-03T20:26:34.626692,59.5,59.5,28.2,2400.027136,0.8438,0x0
2026-02-03T20:26:35.646562,60.05,60.8,28.4,2400.023808,0.8438,0x0
2026-02-03T20:26:36.667319,60.05,57.6,28.5,2400.02048,0.8438,0x0
2026-02-03T20:26:37.685666,60.05,60.4,28.6,2400.023808,0.8438,0x0
2026-02-03T20:26:38.708067,59.5,60.6,28.5,2400.027136,0.8438,0x0
2026-02-03T20:26:39.728317,59.5,60.3,28.2,2400.033792,0.8438,0x0
2026-02-03T20:26:40.750915,60.05,61.0,28.5,2400.030464,0.8438,0x0
2026-02-03T20:26:41.767751,58.4,60.8,28.4,2400.03712,0.8438,0x0
2026-02-03T20:26:42.796548,60.05,62.0,28.5,2400.023808,0.8438,0x0
2026-02-03T20:26:43.818149,60.05,59.6,28.3,2400.023808,0.8438,0x0
2026-02-03T20:26:44.847413,60.05,60.4,28.4,2400.033792,0.8438,0x0
2026-02-03T20:26:45.868452,61.15,60.8,28.3,2400.027136,0.8438,0x0
2026-02-03T20:26:46.891857,61.15,61.5,28.3,2400.02048,0.8438,0x0
2026-02-03T20:26:48.016515,60.05,60.3,28.1,2400.023808,0.8438,0x0
2026-02-03T20:26:49.034504,59.5,61.2,28.1,2400.023808,0.8438,0x0
2026-02-03T20:26:50.064583,60.05,62.0,28.6,2400.023808,0.8438,0x0
2026-02-03T20:26:51.084263,60.05,58.2,28.8,2400.030464,0.8438,0x0
2026-02-03T20:26:52.102591,59.5,66.5,28.8,2400.027136,0.8438,0x0
2026-02-03T20:26:53.125213,58.95,61.5,28.7,2400.033792,0.8438,0x0
2026-02-03T20:26:54.153857,59.5,59.6,28.3,2400.027136,0.8438,0x0
2026-02-03T20:26:55.180160,58.95,58.9,28.2,2400.033792,0.8438,0x0
2026-02-03T20:26:56.198409,59.5,60.4,28.3,2400.017408,0.8438,0x0
2026-02-03T20:26:57.221798,60.05,58.3,28.2,2400.023808,0.8438,0x0
2026-02-03T20:26:58.243019,60.05,63.6,28.4,2400.033792,0.8438,0x0
2026-02-03T20:26:59.266405,61.15,61.2,28.5,2400.02048,0.8438,0x0
2026-02-03T20:27:00.290753,57.85,62.1,28.5,2400.023808,0.8438,0x0
2026-02-03T20:27:01.313405,61.15,59.1,28.5,2400.027136,0.8438,0x0
2026-02-03T20:27:02.332578,59.5,58.4,28.5,2400.030464,0.8438,0x0
2026-02-03T20:27:03.352014,59.5,59.7,28.3,2400.02048,0.8438,0x0
2026-02-03T20:27:04.377903,60.05,60.4,28.4,2400.03712,0.8438,0x0
2026-02-03T20:27:05.400803,59.5,58.0,28.5,2400.02048,0.8438,0x0
2026-02-03T20:27:06.419732,61.15,60.5,28.2,2400.02048,0.8438,0x0
2026-02-03T20:27:07.444730,61.15,63.3,28.4,2400.03712,0.8438,0x0
2026-02-03T20:27:08.467781,60.05,61.9,28.5,2400.027136,0.8438,0x0
2026-02-03T20:27:09.486312,60.05,67.1,28.4,2400.033792,0.8438,0x0
2026-02-03T20:27:10.506473,59.5,62.6,28.6,2400.030464,0.8438,0x0
2026-02-03T20:27:11.536504,60.05,62.5,28.2,2400.030464,0.8438,0x0
2026-02-03T20:27:12.558574,60.05,62.6,28.2,2400.030464,0.8438,0x0
2026-02-03T20:27:13.579800,59.5,60.9,28.3,2400.023808,0.8438,0x0
2026-02-03T20:27:14.598371,60.6,59.1,28.6,2400.03712,0.8438,0x0
2026-02-03T20:27:15.622990,59.5,60.7,28.6,2400.02048,0.8438,0x0
2026-02-03T20:27:16.645043,58.95,62.0,28.4,2400.02048,0.8438,0x0
2026-02-03T20:27:17.665977,59.5,61.3,28.5,2400.033792,0.8438,0x0
2026-02-03T20:27:18.692191,59.5,63.4,28.5,2400.03712,0.8438,0x0
2026-02-03T20:27:19.714049,58.95,64.1,28.3,2400.033792,0.8438,0x0
2026-02-03T20:27:20.741026,60.05,62.8,28.6,2400.033792,0.8438,0x0
2026-02-03T20:27:21.763302,59.5,60.2,28.6,2400.030464,0.8438,0x0
2026-02-03T20:27:22.785833,59.5,60.9,28.6,2400.027136,0.8438,0x0
2026-02-03T20:27:23.809785,60.05,62.4,28.5,2400.017408,0.8438,0x0
2026-02-03T20:27:24.930330,60.05,59.3,28.7,2400.030464,0.8438,0x0
2026-02-03T20:27:25.949295,61.7,63.4,28.6,2400.023808,0.8438,0x0
2026-02-03T20:27:26.979838,60.05,61.1,28.5,2400.027136,0.8438,0x0
2026-02-03T20:27:27.998090,62.8,71.7,28.4,2400.030464,0.8438,0x0
2026-02-03T20:27:29.020140,60.6,60.9,28.4,2400.023808,0.8438,0x0
2026-02-03T20:27:30.044679,59.5,60.1,28.2,2400.02048,0.8438,0x0
2026-02-03T20:27:31.074074,60.6,65.7,28.3,2400.027136,0.8438,0x0
2026-02-03T20:27:32.094904,60.05,63.2,28.2,2400.02048,0.8438,0x0
2026-02-03T20:27:33.116492,60.05,59.3,28.2,2400.033792,0.8438,0x0
2026-02-03T20:27:34.242834,60.05,64.0,28.4,2400.02048,0.8438,0x0
2026-02-03T20:27:35.262779,60.05,60.7,28.5,2400.02048,0.8438,0x0
2026-02-03T20:27:36.286617,60.05,58.1,28.6,2400.023808,0.8438,0x0
2026-02-03T20:27:37.314098,59.5,59.8,28.7,2400.030464,0.8438,0x0
2026-02-03T20:27:38.335402,60.6,57.3,28.8,2400.030464,0.8438,0x0
2026-02-03T20:27:39.363294,60.05,59.2,28.5,2400.033792,0.8438,0x0
2026-02-03T20:27:40.384812,60.6,61.6,28.3,2400.027136,0.8438,0x0
2026-02-03T20:27:41.403393,59.5,61.1,28.2,2400.023808,0.8438,0x0
2026-02-03T20:27:42.426373,61.15,58.0,28.3,2400.02048,0.8438,0x0
2026-02-03T20:27:43.448107,59.5,61.6,28.4,2400.023808,0.8438,0x0
2026-02-03T20:27:44.471654,61.15,59.9,28.5,2400.033792,0.8438,0x0
2026-02-03T20:27:45.595398,60.05,69.8,28.7,2400.023808,0.8438,0x0
2026-02-03T20:27:46.629592,58.95,66.6,28.6,2400.027136,0.8438,0x0
2026-02-03T20:27:47.647612,60.6,61.9,28.5,2400.02048,0.8438,0x0
2026-02-03T20:27:48.665953,60.05,60.5,28.3,2400.030464,0.8438,0x0
2026-02-03T20:27:49.687926,59.5,58.9,28.5,2400.033792,0.8438,0x0
2026-02-03T20:27:50.711167,61.15,61.8,28.3,2400.027136,0.8438,0x0
2026-02-03T20:27:51.731505,59.5,60.7,28.2,2400.030464,0.8438,0x0
2026-02-03T20:27:52.756879,59.5,61.7,28.1,2400.023808,0.8438,0x0
2026-02-03T20:27:53.787669,61.7,60.8,28.2,2400.033792,0.8438,0x0
2026-02-03T20:27:54.807515,59.5,60.0,28.1,2400.030464,0.8438,0x0
2026-02-03T20:27:55.832208,61.15,62.2,28.0,2400.02048,0.8438,0x0
2026-02-03T20:27:56.854522,60.05,57.6,28.0,2400.033792,0.8438,0x0
2026-02-03T20:27:57.880277,59.5,57.7,28.1,2400.027136,0.8438,0x0
2026-02-03T20:27:58.901915,60.05,62.9,28.3,2400.02048,0.8438,0x0
2026-02-03T20:27:59.920923,60.6,58.7,28.5,2400.023808,0.8438,0x0
2026-02-03T20:28:00.946837,61.15,61.7,28.4,2400.023808,0.8438,0x0
2026-02-03T20:28:01.967359,58.4,60.9,28.3,2400.030464,0.8438,0x0
2026-02-03T20:28:02.991135,60.05,62.9,28.4,2400.033792,0.8438,0x0
2026-02-03T20:28:04.013450,59.5,67.8,28.3,2400.030464,0.8438,0x0
2026-02-03T20:28:05.031626,61.15,60.7,28.1,2400.02048,0.8438,0x0
2026-02-03T20:28:06.051399,60.6,58.1,28.2,2400.030464,0.8438,0x0
2026-02-03T20:28:07.074638,59.5,63.1,28.1,2400.030464,0.8438,0x0
2026-02-03T20:28:08.094675,59.5,62.7,28.2,2400.023808,0.8438,0x0
2026-02-03T20:28:09.116053,60.05,63.4,28.2,2400.030464,0.8438,0x0
2026-02-03T20:28:10.142983,58.95,60.8,28.6,2400.030464,0.8438,0x0
2026-02-03T20:28:11.165549,61.7,64.6,28.5,2400.02048,0.8438,0x0
2026-02-03T20:28:12.194595,59.5,62.1,28.6,2400.027136,0.8438,0x0
2026-02-03T20:28:13.219376,60.05,59.2,28.4,2400.023808,0.8438,0x0
2026-02-03T20:28:14.243741,60.6,55.8,28.4,2400.02048,0.8438,0x0
2026-02-03T20:28:15.268653,60.05,60.9,28.3,2400.033792,0.8438,0x0
2026-02-03T20:28:16.292370,60.05,63.6,28.1,2400.033792,0.8438,0x0
2026-02-03T20:28:17.313489,60.05,58.5,28.1,2400.030464,0.8438,0x0
2026-02-03T20:28:18.335407,59.5,61.7,28.1,2400.027136,0.8438,0x0
2026-02-03T20:28:19.355654,60.05,60.1,28.3,2400.030464,0.8438,0x0
2026-02-03T20:28:20.379891,59.5,60.7,28.3,2400.023808,0.8438,0x0
2026-02-03T20:28:21.402178,59.5,70.0,28.3,2400.017408,0.8438,0x0
2026-02-03T20:28:22.422023,60.05,63.8,28.3,2400.030464,0.8438,0x0
2026-02-03T20:28:23.449377,60.05,61.8,28.2,2400.023808,0.8438,0x0
2026-02-03T20:28:24.476323,60.05,59.7,28.4,2400.02048,0.8438,0x0
2026-02-03T20:28:25.498531,59.5,60.4,28.4,2400.02048,0.8438,0x0
2026-02-03T20:28:26.518372,59.5,56.3,28.3,2400.02048,0.8438,0x0
2026-02-03T20:28:27.547077,59.5,61.4,28.1,2400.033792,0.8438,0x0
2026-02-03T20:28:28.566124,59.5,60.0,28.1,2400.033792,0.8438,0x0
2026-02-03T20:28:29.585752,59.5,60.1,28.2,2400.02048,0.8438,0x0
2026-02-03T20:28:30.610115,60.05,60.2,28.3,2400.030464,0.8438,0x0
2026-02-03T20:28:31.634019,59.5,62.5,28.2,2400.03712,0.8438,0x0
2026-02-03T20:28:32.666039,59.5,59.4,28.2,2400.027136,0.8438,0x0
2026-02-03T20:28:33.683636,59.5,59.5,28.0,2400.017408,0.8438,0x0
2026-02-03T20:28:34.701511,59.5,60.0,28.1,2400.03712,0.8438,0x0
2026-02-03T20:28:35.727679,59.5,58.7,28.3,2400.027136,0.8438,0x0
2026-02-03T20:28:36.747935,59.5,60.0,28.3,2400.027136,0.8438,0x0
2026-02-03T20:28:37.779557,60.05,59.6,28.1,2400.033792,0.8438,0x0
2026-02-03T20:28:38.804608,61.15,65.9,28.2,2400.027136,0.8438,0x0
2026-02-03T20:28:39.828886,59.5,68.7,27.9,2400.023808,0.8438,0x0
2026-02-03T20:28:40.850355,60.05,61.4,27.9,2400.033792,0.8438,0x0
2026-02-03T20:28:41.870896,60.05,58.1,28.1,2400.033792,0.8438,0x0
2026-02-03T20:28:42.895859,59.5,60.7,28.0,2400.027136,0.8438,0x0
2026-02-03T20:28:43.915167,60.05,59.2,28.4,2400.03712,0.8438,0x0
2026-02-03T20:28:44.934042,60.6,59.3,28.6,2400.027136,0.8438,0x0
2026-02-03T20:28:45.955543,60.6,59.5,28.4,2400.027136,0.8438,0x0
2026-02-03T20:28:46.978960,59.5,59.5,28.5,2400.023808,0.8438,0x0
2026-02-03T20:28:47.999076,59.5,59.4,28.6,2400.03712,0.8438,0x0
2026-02-03T20:28:49.019766,59.5,59.7,28.3,2400.03712,0.8438,0x0
2026-02-03T20:28:50.042756,58.95,58.7,28.2,2400.030464,0.8438,0x0
2026-02-03T20:28:51.066888,58.95,59.7,28.8,2400.023808,0.8438,0x0
2026-02-03T20:28:52.086387,60.05,59.4,28.7,2400.027136,0.8438,0x0
2026-02-03T20:28:53.110135,60.05,58.6,28.7,2400.023808,0.8438,0x0
2026-02-03T20:28:54.132639,60.05,59.5,28.6,2400.027136,0.8438,0x0
2026-02-03T20:28:55.153589,60.6,61.0,28.4,2400.023808,0.8438,0x0
2026-02-03T20:28:56.175640,59.5,59.6,28.2,2400.033792,0.8438,0x0
2026-02-03T20:28:57.201430,60.05,68.7,28.3,2400.02048,0.8438,0x0
2026-02-03T20:28:58.229860,60.05,59.6,28.0,2400.027136,0.8438,0x0
2026-02-03T20:28:59.252264,60.05,58.1,28.3,2400.02048,0.8438,0x0
2026-02-03T20:29:00.280813,60.6,59.9,28.3,2400.023808,0.8438,0x0
2026-02-03T20:29:01.307133,58.95,60.8,28.3,2400.030464,0.8438,0x0
2026-02-03T20:29:02.325652,60.05,59.9,28.5,2400.030464,0.8438,0x0
2026-02-03T20:29:03.347739,61.15,58.3,28.3,2400.033792,0.8438,0x0
2026-02-03T20:29:04.377636,60.05,59.5,28.1,2400.027136,0.8438,0x0
2026-02-03T20:29:05.501809,58.95,64.0,28.3,2400.033792,0.8438,0x0
2026-02-03T20:29:06.526885,61.15,62.2,28.4,2400.027136,0.8438,0x0
2026-02-03T20:29:07.546750,60.6,58.4,28.3,2400.023808,0.8438,0x0
2026-02-03T20:29:08.566486,59.5,58.6,28.4,2400.017408,0.8438,0x0
2026-02-03T20:29:09.585635,59.5,61.5,28.4,2400.027136,0.8438,0x0
2026-02-03T20:29:10.612423,60.6,60.4,28.1,2400.030464,0.8438,0x0
2026-02-03T20:29:11.635122,59.5,59.5,28.1,2400.02048,0.8438,0x0
2026-02-03T20:29:12.663348,59.5,58.7,28.4,2400.033792,0.8438,0x0
2026-02-03T20:29:13.784804,59.5,58.6,28.5,2400.023808,0.8438,0x0
2026-02-03T20:29:14.907654,60.05,62.9,28.2,2400.03712,0.8438,0x0
2026-02-03T20:29:15.931564,59.5,68.9,28.2,2400.033792,0.8438,0x0
2026-02-03T20:29:16.950343,60.05,58.7,28.1,2400.023808,0.8438,0x0
2026-02-03T20:29:17.967111,60.6,60.8,28.0,2400.03712,0.8438,0x0
2026-02-03T20:29:19.090535,60.05,61.1,28.2,2400.03712,0.8438,0x0
2026-02-03T20:29:20.116694,60.6,59.5,28.2,2400.023808,0.8438,0x0
2026-02-03T20:29:21.135671,58.95,59.6,28.4,2400.027136,0.8438,0x0
2026-02-03T20:29:22.161136,60.6,59.0,28.5,2400.030464,0.8438,0x0
2026-02-03T20:29:23.186307,58.95,59.9,28.3,2400.030464,0.8438,0x0
2026-02-03T20:29:24.213449,60.05,59.0,28.3,2400.030464,0.8438,0x0
2026-02-03T20:29:25.235251,61.7,59.5,28.2,2400.030464,0.8438,0x0
2026-02-03T20:29:26.260560,58.95,62.6,28.2,2400.03712,0.8438,0x0
2026-02-03T20:29:27.281641,59.5,58.8,28.5,2400.023808,0.8438,0x0
2026-02-03T20:29:28.310871,58.95,59.1,28.3,2400.023808,0.8438,0x0
2026-02-03T20:29:29.333714,60.05,60.8,28.2,2400.02048,0.8438,0x0
2026-02-03T20:29:30.356398,61.15,60.8,28.1,2400.030464,0.8438,0x0
2026-02-03T20:29:31.381243,59.5,68.5,28.2,2400.030464,0.8438,0x0
2026-02-03T20:29:32.402601,61.15,57.2,28.2,2400.03712,0.8438,0x0
2026-02-03T20:29:33.420798,59.5,62.2,28.0,2400.027136,0.8438,0x0
2026-02-03T20:29:34.445135,59.5,59.2,28.2,2400.03712,0.8438,0x0
2026-02-03T20:29:35.475850,60.6,62.4,28.3,2400.02048,0.8438,0x0
2026-02-03T20:29:36.498522,60.6,59.7,28.4,2400.02048,0.8438,0x0
2026-02-03T20:29:37.517531,60.05,57.7,28.4,2400.033792,0.8438,0x0
2026-02-03T20:29:38.550596,58.95,60.2,28.2,2400.027136,0.8438,0x0
2026-02-03T20:29:39.573945,60.05,59.7,28.3,2400.023808,0.8438,0x0
2026-02-03T20:29:40.598509,60.6,59.7,28.1,2400.017408,0.8438,0x0
2026-02-03T20:29:41.617884,58.95,61.2,28.0,2400.02048,0.8438,0x0
2026-02-03T20:29:42.643063,59.5,60.1,28.1,2400.027136,0.8438,0x0
2026-02-03T20:29:43.668904,60.05,57.9,28.1,2400.033792,0.8438,0x0
2026-02-03T20:29:44.693899,60.6,60.6,28.1,2400.030464,0.8438,0x0
2026-02-03T20:29:45.715695,60.05,59.7,28.2,2400.023808,0.8438,0x0
2026-02-03T20:29:46.738404,59.5,60.6,28.3,2400.023808,0.8438,0x0
2026-02-03T20:29:47.761056,60.6,59.0,28.1,2400.017408,0.8438,0x0
2026-02-03T20:29:48.779656,60.05,58.9,28.2,2400.033792,0.8438,0x0
2026-02-03T20:29:49.799623,61.7,70.3,28.4,2400.030464,0.8438,0x0
2026-02-03T20:29:50.820918,58.95,59.5,28.7,2400.03712,0.8438,0x0
2026-02-03T20:29:51.841805,57.85,59.1,28.4,2400.033792,0.8438,0x0
2026-02-03T20:29:52.866338,60.05,60.6,28.3,2400.023808,0.8438,0x0
2026-02-03T20:29:53.886810,60.6,59.4,28.2,2400.033792,0.8438,0x0
2026-02-03T20:29:54.916388,60.05,59.4,28.3,2400.02048,0.8438,0x0
2026-02-03T20:29:55.937612,60.05,73.0,28.2,2400.033792,0.8438,0x0
2026-02-03T20:29:56.963137,59.5,67.8,28.3,2400.030464,0.8438,0x0
2026-02-03T20:29:57.987810,58.95,59.9,28.3,2400.017408,0.8438,0x0
2026-02-03T20:29:59.010827,60.6,57.1,28.2,2400.033792,0.8438,0x0
2026-02-03T20:30:00.032840,60.05,60.8,28.0,2400.027136,0.8438,0x0
2026-02-03T20:30:01.058024,60.05,62.6,28.0,2400.027136,0.8438,0x0
2026-02-03T20:30:02.078708,61.15,62.0,28.0,2400.02048,0.8438,0x0
2026-02-03T20:30:03.108583,58.95,60.8,28.0,2400.030464,0.8438,0x0
2026-02-03T20:30:04.131501,59.5,57.9,28.1,2400.027136,0.8438,0x0
2026-02-03T20:30:05.154120,60.05,60.6,28.5,2400.033792,0.8438,0x0
2026-02-03T20:30:06.176762,60.05,61.2,28.3,2400.033792,0.8438,0x0
2026-02-03T20:30:07.197965,60.05,68.2,28.3,2400.023808,0.8438,0x0
2026-02-03T20:30:08.218080,60.6,59.3,28.3,2400.023808,0.8438,0x0
2026-02-03T20:30:09.240884,59.5,55.6,28.4,2400.02048,0.8438,0x0
2026-02-03T20:30:10.264795,58.95,59.4,28.5,2400.02048,0.8438,0x0
2026-02-03T20:30:11.284964,61.15,60.0,28.5,2400.030464,0.8438,0x0
2026-02-03T20:30:12.313535,59.5,59.5,28.5,2400.033792,0.8438,0x0
2026-02-03T20:30:13.337272,59.5,67.7,28.7,2400.030464,0.8438,0x0
2026-02-03T20:30:14.460860,59.5,60.4,28.5,2400.023808,0.8438,0x0
2026-02-03T20:30:15.482298,60.05,59.4,28.6,2400.03712,0.8438,0x0
2026-02-03T20:30:16.504308,61.15,68.0,28.3,2400.023808,0.8438,0x0
2026-02-03T20:30:17.529509,59.5,61.8,28.5,2400.027136,0.8438,0x0
2026-02-03T20:30:18.558430,60.6,60.6,28.5,2400.023808,0.8438,0x0
2026-02-03T20:30:19.578157,58.95,63.0,28.3,2400.030464,0.8438,0x0
2026-02-03T20:30:20.597331,61.15,59.8,28.3,2400.03712,0.8438,0x0
2026-02-03T20:30:21.626390,60.05,61.9,28.4,2400.02048,0.8438,0x0
2026-02-03T20:30:22.648538,61.15,60.6,28.5,2400.03712,0.8438,0x0
2026-02-03T20:30:23.668577,59.5,60.2,28.6,2400.023808,0.8438,0x0
2026-02-03T20:30:24.695244,60.6,57.6,28.5,2400.03712,0.8438,0x0
2026-02-03T20:30:25.718505,59.5,70.8,28.2,2400.030464,0.8438,0x0
2026-02-03T20:30:26.755359,60.6,60.5,28.2,2400.027136,0.8438,0x0
2026-02-03T20:30:27.778254,60.05,57.0,28.0,2400.030464,0.8438,0x0
2026-02-03T20:30:28.799068,60.05,59.2,28.1,2400.023808,0.8438,0x0
2026-02-03T20:30:29.827882,60.05,59.1,28.1,2400.030464,0.8438,0x0
2026-02-03T20:30:30.849809,60.05,58.1,28.3,2400.030464,0.8438,0x0
2026-02-03T20:30:31.869987,61.15,60.4,28.2,2400.023808,0.8438,0x0
2026-02-03T20:30:32.992937,59.5,60.0,28.1,2400.030464,0.8438,0x0
2026-02-03T20:30:34.015185,60.05,62.5,28.0,2400.02048,0.8438,0x0
2026-02-03T20:30:35.035344,61.15,62.5,28.0,2400.023808,0.8438,0x0
2026-02-03T20:30:36.061215,60.05,61.0,27.9,2400.027136,0.8438,0x0
2026-02-03T20:30:37.079660,60.05,59.8,28.3,2400.033792,0.8438,0x0
2026-02-03T20:30:38.102324,59.5,58.6,28.3,2400.02048,0.8438,0x0
2026-02-03T20:30:39.129432,59.5,57.0,28.1,2400.023808,0.8438,0x0
2026-02-03T20:30:40.156047,60.6,62.6,28.1,2400.02048,0.8438,0x0
2026-02-03T20:30:41.175999,59.5,57.4,28.4,2400.03712,0.8438,0x0
2026-02-03T20:30:42.199724,61.15,59.2,28.5,2400.030464,0.8438,0x0
2026-02-03T20:30:43.218105,60.05,68.2,28.6,2400.033792,0.8438,0x0
2026-02-03T20:30:44.340700,60.05,60.6,28.5,2400.033792,0.8438,0x0
2026-02-03T20:30:45.364407,59.5,59.7,28.2,2400.02048,0.8438,0x0
2026-02-03T20:30:46.389634,60.05,58.3,28.4,2400.030464,0.8438,0x0
2026-02-03T20:30:47.415660,59.5,61.6,28.2,2400.02048,0.8438,0x0
2026-02-03T20:30:48.437849,60.05,62.0,28.1,2400.027136,0.8438,0x0
2026-02-03T20:30:49.468547,61.15,61.3,28.1,2400.02048,0.8438,0x0
2026-02-03T20:30:50.591991,60.6,60.1,28.3,2400.03712,0.8438,0x0
2026-02-03T20:30:51.613848,60.05,62.7,28.4,2400.033792,0.8438,0x0
2026-02-03T20:30:52.642974,59.5,59.7,28.4,2400.023808,0.8438,0x0
2026-02-03T20:30:53.665023,61.15,61.0,28.1,2400.02048,0.8438,0x0
2026-02-03T20:30:54.683860,60.05,62.4,28.1,2400.030464,0.8438,0x0
2026-02-03T20:30:55.704031,59.5,57.7,27.9,2400.02048,0.8438,0x0
2026-02-03T20:30:56.727095,61.15,61.0,28.2,2400.017408,0.8438,0x0
2026-02-03T20:30:57.750337,59.5,58.8,28.0,2400.030464,0.8438,0x0
2026-02-03T20:30:58.770424,59.5,59.5,28.2,2400.02048,0.8438,0x0
2026-02-03T20:30:59.795176,59.5,59.2,28.3,2400.033792,0.8438,0x0
2026-02-03T20:31:00.818483,59.5,60.9,28.3,2400.03712,0.8438,0x0
2026-02-03T20:31:01.846010,59.5,69.6,28.1,2400.023808,0.8438,0x0
2026-02-03T20:31:02.868817,59.5,60.2,28.4,2400.030464,0.8438,0x0
2026-02-03T20:31:03.892429,61.15,63.7,28.5,2400.02048,0.8438,0x0
2026-02-03T20:31:05.018260,59.5,59.1,28.5,2400.030464,0.8438,0x0
2026-02-03T20:31:06.047404,60.05,58.4,28.7,2400.02048,0.8438,0x0
2026-02-03T20:31:07.077301,60.05,62.0,28.3,2400.033792,0.8438,0x0
2026-02-03T20:31:08.100065,60.6,61.0,28.1,2400.033792,0.8438,0x0
2026-02-03T20:31:09.122256,58.95,59.0,28.5,2400.027136,0.8438,0x0
2026-02-03T20:31:10.145888,61.15,57.9,28.5,2400.02048,0.8438,0x0
2026-02-03T20:31:11.165968,59.5,58.3,28.1,2400.023808,0.8438,0x0
2026-02-03T20:31:12.191859,60.05,58.4,28.3,2400.030464,0.8438,0x0
2026-02-03T20:31:13.214786,60.6,60.2,28.5,2400.030464,0.8438,0x0
2026-02-03T20:31:14.240174,59.5,62.1,28.4,2400.02048,0.8438,0x0
2026-02-03T20:31:15.263305,61.15,64.0,28.5,2400.033792,0.8438,0x0
2026-02-03T20:31:16.282127,59.5,61.9,28.4,2400.023808,0.8438,0x0
2026-02-03T20:31:17.301411,60.05,59.4,28.2,2400.033792,0.8438,0x0
2026-02-03T20:31:18.332899,60.6,62.9,28.2,2400.03712,0.8438,0x0
2026-02-03T20:31:19.351058,59.5,70.4,28.3,2400.033792,0.8438,0x0
2026-02-03T20:31:20.379452,60.05,58.7,28.5,2400.033792,0.8438,0x0
2026-02-03T20:31:21.405298,61.15,58.8,28.4,2400.027136,0.8438,0x0
2026-02-03T20:31:22.430558,60.05,58.3,28.6,2400.033792,0.8438,0x0
2026-02-03T20:31:23.449293,59.5,59.7,28.3,2400.027136,0.8438,0x0
2026-02-03T20:31:24.473452,60.05,58.1,28.2,2400.02048,0.8438,0x0
2026-02-03T20:31:25.495446,61.15,58.7,28.0,2400.027136,0.8438,0x0
2026-02-03T20:31:26.513999,59.5,60.9,28.0,2400.02048,0.8438,0x0
2026-02-03T20:31:27.532096,61.7,63.6,28.3,2400.02048,0.8438,0x0
2026-02-03T20:31:28.556827,60.6,61.1,28.3,2400.033792,0.8438,0x0
2026-02-03T20:31:29.577916,60.05,63.7,28.3,2400.03712,0.8438,0x0
2026-02-03T20:31:30.601348,60.05,62.4,28.1,2400.027136,0.8438,0x0
2026-02-03T20:31:31.622227,61.15,58.4,28.1,2400.023808,0.8438,0x0
2026-02-03T20:31:32.641942,59.5,59.5,28.3,2400.027136,0.8438,0x0
2026-02-03T20:31:33.662029,58.95,62.5,28.3,2400.030464,0.8438,0x0
2026-02-03T20:31:34.784753,59.5,60.0,28.3,2400.027136,0.8438,0x0
2026-02-03T20:31:35.808340,59.5,57.1,28.2,2400.03712,0.8438,0x0
2026-02-03T20:31:36.828082,60.6,61.6,28.1,2400.030464,0.8438,0x0
2026-02-03T20:31:37.847673,61.15,70.4,28.3,2400.023808,0.8438,0x0
2026-02-03T20:31:38.866297,60.05,63.0,28.5,2400.030464,0.8438,0x0
2026-02-03T20:31:39.884433,59.5,59.6,28.5,2400.02048,0.8438,0x0
2026-02-03T20:31:40.913714,59.5,60.9,28.3,2400.027136,0.8438,0x0
2026-02-03T20:31:41.937374,58.95,60.7,28.2,2400.03712,0.8438,0x0
2026-02-03T20:31:42.959222,60.05,59.8,28.3,2400.023808,0.8438,0x0
2026-02-03T20:31:43.980058,60.6,60.6,28.6,2400.02048,0.8438,0x0
2026-02-03T20:31:45.000081,61.15,59.7,28.5,2400.023808,0.8438,0x0
2026-02-03T20:31:46.027350,60.05,61.0,28.4,2400.023808,0.8438,0x0
2026-02-03T20:31:47.048055,60.05,57.4,28.5,2400.030464,0.8438,0x0
2026-02-03T20:31:48.073700,60.05,58.5,28.2,2400.033792,0.8438,0x0
2026-02-03T20:31:49.097769,58.95,57.0,28.5,2400.030464,0.8438,0x0
2026-02-03T20:31:50.117729,60.05,59.9,28.2,2400.033792,0.8438,0x0
2026-02-03T20:31:51.139344,60.05,59.3,28.4,2400.023808,0.8438,0x0
2026-02-03T20:31:52.171618,60.6,58.2,28.5,2400.023808,0.8438,0x0
2026-02-03T20:31:53.200209,58.95,60.5,28.2,2400.030464,0.8438,0x0
2026-02-03T20:31:54.224530,60.6,59.7,28.1,2400.02048,0.8438,0x0
2026-02-03T20:31:55.246544,58.95,70.7,28.1,2400.030464,0.8438,0x0
2026-02-03T20:31:56.372809,60.6,60.5,28.0,2400.030464,0.8438,0x0
2026-02-03T20:31:57.394881,60.05,60.0,28.3,2400.02048,0.8438,0x0
2026-02-03T20:31:58.418280,60.05,58.1,28.2,2400.02048,0.8438,0x0
2026-02-03T20:31:59.447009,60.05,60.0,28.3,2400.03712,0.8438,0x0
2026-02-03T20:32:00.474150,59.5,62.3,28.4,2400.023808,0.8438,0x0
2026-02-03T20:32:01.497081,61.15,60.3,28.5,2400.017408,0.8438,0x0
2026-02-03T20:32:02.517362,60.05,62.4,28.5,2400.033792,0.8438,0x0
2026-02-03T20:32:03.642996,60.05,61.3,28.4,2400.02048,0.8438,0x0
2026-02-03T20:32:04.660849,58.95,58.5,28.2,2400.027136,0.8438,0x0
2026-02-03T20:32:05.682755,60.6,60.7,28.4,2400.033792,0.8438,0x0
2026-02-03T20:32:06.699805,59.5,61.7,28.2,2400.030464,0.8438,0x0
2026-02-03T20:32:07.725427,60.6,60.1,28.1,2400.027136,0.8438,0x0
2026-02-03T20:32:08.751226,60.6,60.8,28.5,2400.027136,0.8438,0x0
2026-02-03T20:32:09.774636,60.6,59.0,28.7,2400.027136,0.8438,0x0
2026-02-03T20:32:10.795399,60.05,58.9,28.6,2400.03712,0.8438,0x0
2026-02-03T20:32:11.814565,59.5,59.4,28.4,2400.023808,0.8438,0x0
2026-02-03T20:32:12.843064,59.5,68.7,28.3,2400.033792,0.8438,0x0
2026-02-03T20:32:13.865783,61.15,59.5,28.6,2400.027136,0.8438,0x0
2026-02-03T20:32:14.900497,60.05,60.0,28.6,2400.02048,0.8438,0x0
2026-02-03T20:32:15.927664,59.5,57.7,28.2,2400.033792,0.8438,0x0
2026-02-03T20:32:17.052639,59.5,56.9,28.1,2400.03712,0.8438,0x0
2026-02-03T20:32:18.073716,60.6,58.0,28.4,2400.033792,0.8438,0x0
2026-02-03T20:32:19.094961,59.5,59.8,28.6,2400.030464,0.8438,0x0
2026-02-03T20:32:20.113879,58.95,59.8,28.5,2400.027136,0.8438,0x0
2026-02-03T20:32:21.132732,58.95,57.5,28.3,2400.033792,0.8438,0x0
2026-02-03T20:32:22.158162,59.5,60.4,28.2,2400.023808,0.8438,0x0
2026-02-03T20:32:23.179635,60.05,59.9,28.3,2400.033792,0.8438,0x0
2026-02-03T20:32:24.207718,60.6,56.5,28.5,2400.023808,0.8438,0x0
2026-02-03T20:32:25.231640,60.05,59.3,28.6,2400.017408,0.8438,0x0
2026-02-03T20:32:26.253981,58.95,61.6,28.5,2400.017408,0.8438,0x0
2026-02-03T20:32:27.278068,59.5,57.6,28.5,2400.027136,0.8438,0x0
2026-02-03T20:32:28.303210,59.5,57.8,28.5,2400.030464,0.8438,0x0
2026-02-03T20:32:29.326072,60.6,69.0,28.5,2400.030464,0.8438,0x0
2026-02-03T20:32:30.354453,60.05,65.7,28.2,2400.017408,0.8438,0x0
2026-02-03T20:32:31.381160,60.6,64.3,28.2,2400.030464,0.8438,0x0
2026-02-03T20:32:32.412190,59.5,59.8,28.0,2400.033792,0.8438,0x0
2026-02-03T20:32:33.436353,58.95,60.4,28.1,2400.023808,0.8438,0x0
2026-02-03T20:32:34.460532,58.95,63.3,28.4,2400.030464,0.8438,0x0
2026-02-03T20:32:35.481244,60.05,60.6,28.4,2400.03712,0.8438,0x0
2026-02-03T20:32:36.503340,59.5,57.9,28.5,2400.030464,0.8438,0x0
2026-02-03T20:32:37.526033,60.05,59.2,28.7,2400.030464,0.8438,0x0
2026-02-03T20:32:38.546355,60.05,60.0,28.4,2400.027136,0.8438,0x0
2026-02-03T20:32:39.569335,58.95,57.3,28.4,2400.027136,0.8438,0x0
2026-02-03T20:32:40.589982,58.95,62.3,28.3,2400.030464,0.8438,0x0
2026-02-03T20:32:41.612012,60.6,58.7,28.3,2400.02048,0.8438,0x0
2026-02-03T20:32:42.631980,59.5,59.0,28.2,2400.023808,0.8438,0x0
2026-02-03T20:32:43.651519,60.6,57.8,28.0,2400.027136,0.8438,0x0
2026-02-03T20:32:44.675584,60.6,58.5,28.2,2400.030464,0.8438,0x0
2026-02-03T20:32:45.700329,60.6,59.6,28.2,2400.030464,0.8438,0x0
2026-02-03T20:32:46.721736,61.15,70.5,28.2,2400.023808,0.8438,0x0
2026-02-03T20:32:47.746067,60.6,60.5,28.4,2400.023808,0.8438,0x0
2026-02-03T20:32:48.773122,60.05,57.8,28.5,2400.027136,0.8438,0x0
2026-02-03T20:32:49.796116,60.05,61.7,28.5,2400.023808,0.8438,0x0
2026-02-03T20:32:50.814712,60.05,60.2,28.6,2400.033792,0.8438,0x0
2026-02-03T20:32:51.833945,60.6,60.2,28.5,2400.030464,0.8438,0x0
2026-02-03T20:32:52.864031,60.6,59.9,28.3,2400.023808,0.8438,0x0
2026-02-03T20:32:53.881342,61.15,59.3,28.0,2400.023808,0.8438,0x0
2026-02-03T20:32:54.899242,60.05,58.8,28.0,2400.033792,0.8438,0x0
2026-02-03T20:32:55.927215,59.5,59.0,28.3,2400.023808,0.8438,0x0
2026-02-03T20:32:56.946006,59.5,58.1,28.4,2400.023808,0.8438,0x0
2026-02-03T20:32:57.965571,59.5,57.9,28.5,2400.027136,0.8438,0x0
2026-02-03T20:32:58.986292,59.5,60.0,28.5,2400.03712,0.8438,0x0
2026-02-03T20:33:00.014773,60.05,60.3,28.4,2400.027136,0.8438,0x0
2026-02-03T20:33:01.033346,59.5,62.5,28.4,2400.023808,0.8438,0x0
2026-02-03T20:33:02.061943,58.95,59.1,28.2,2400.030464,0.8438,0x0
2026-02-03T20:33:03.080092,61.15,68.7,28.2,2400.030464,0.8438,0x0
2026-02-03T20:33:04.203510,60.05,59.6,28.3,2400.027136,0.8438,0x0
2026-02-03T20:33:05.222195,59.5,58.6,28.4,2400.02048,0.8438,0x0
2026-02-03T20:33:06.242527,58.95,59.1,28.3,2400.02048,0.8438,0x0
2026-02-03T20:33:07.263564,60.6,57.9,28.4,2400.033792,0.8438,0x0
2026-02-03T20:33:08.283916,59.5,61.8,28.4,2400.02048,0.8438,0x0
2026-02-03T20:33:09.311371,60.05,59.3,28.2,2400.027136,0.8438,0x0
2026-02-03T20:33:10.331355,60.6,58.4,28.1,2400.023808,0.8438,0x0
2026-02-03T20:33:11.351850,59.5,62.2,28.0,2400.023808,0.8438,0x0
2026-02-03T20:33:12.377166,60.6,60.8,28.2,2400.027136,0.8438,0x0
2026-02-03T20:33:13.399887,58.95,59.9,28.6,2400.030464,0.8438,0x0
2026-02-03T20:33:14.424537,59.5,59.1,28.6,2400.017408,0.8438,0x0
2026-02-03T20:33:15.447241,61.15,61.4,28.6,2400.030464,0.8438,0x0
2026-02-03T20:33:16.468475,59.5,60.7,28.5,2400.023808,0.8438,0x0
2026-02-03T20:33:17.494440,58.95,60.0,28.4,2400.033792,0.8438,0x0
2026-02-03T20:33:18.515515,60.6,58.1,28.2,2400.033792,0.8438,0x0
2026-02-03T20:33:19.533872,60.6,62.2,28.2,2400.030464,0.8438,0x0
2026-02-03T20:33:20.560110,60.6,69.4,28.4,2400.033792,0.8438,0x0
2026-02-03T20:33:21.580164,57.85,60.9,28.2,2400.023808,0.8438,0x0
2026-02-03T20:33:22.604162,60.05,60.3,28.3,2400.027136,0.8438,0x0
2026-02-03T20:33:23.625538,60.05,58.1,28.5,2400.023808,0.8438,0x0
2026-02-03T20:33:24.647054,60.05,61.0,28.7,2400.033792,0.8438,0x0
2026-02-03T20:33:25.666558,60.05,61.6,28.3,2400.027136,0.8438,0x0
2026-02-03T20:33:26.695677,59.5,56.7,28.3,2400.033792,0.8438,0x0
2026-02-03T20:33:27.714554,59.5,57.8,28.4,2400.030464,0.8438,0x0
2026-02-03T20:33:28.733584,59.5,58.5,28.5,2400.017408,0.8438,0x0
2026-02-03T20:33:29.762380,60.05,59.3,28.5,2400.02048,0.8438,0x0
2026-02-03T20:33:30.789911,60.05,58.6,28.7,2400.030464,0.8438,0x0
2026-02-03T20:33:31.810195,59.5,59.9,28.3,2400.02048,0.8438,0x0
2026-02-03T20:33:32.831885,58.95,57.6,28.2,2400.023808,0.8438,0x0
2026-02-03T20:33:33.853136,61.7,58.0,28.1,2400.030464,0.8438,0x0
2026-02-03T20:33:34.877603,60.05,58.5,28.3,2400.030464,0.8438,0x0
2026-02-03T20:33:35.902979,60.6,62.1,28.3,2400.02048,0.8438,0x0
2026-02-03T20:33:36.925683,60.05,68.3,28.3,2400.033792,0.8438,0x0
2026-02-03T20:33:37.953670,60.05,58.6,28.2,2400.027136,0.8438,0x0
2026-02-03T20:33:39.094278,61.15,60.6,28.1,2400.027136,0.8438,0x0
2026-02-03T20:33:40.114486,60.05,60.6,28.4,2400.02048,0.8438,0x0
2026-02-03T20:33:41.136194,59.5,58.0,28.4,2400.030464,0.8438,0x0
2026-02-03T20:33:42.160855,60.05,58.8,28.3,2400.027136,0.8438,0x0
2026-02-03T20:33:43.180278,58.95,58.3,28.2,2400.02048,0.8438,0x0
2026-02-03T20:33:44.200827,60.6,58.4,28.4,2400.030464,0.8438,0x0
2026-02-03T20:33:45.225204,58.95,58.7,28.7,2400.02048,0.8438,0x0
2026-02-03T20:33:46.247502,60.05,59.2,28.6,2400.02048,0.8438,0x0
2026-02-03T20:33:47.282344,60.05,60.2,28.4,2400.017408,0.8438,0x0
2026-02-03T20:33:48.309213,60.05,58.0,28.5,2400.027136,0.8438,0x0
2026-02-03T20:33:49.333799,60.6,58.5,28.5,2400.030464,0.8438,0x0
2026-02-03T20:33:50.358659,58.4,58.8,28.2,2400.023808,0.8438,0x0
2026-02-03T20:33:51.382106,60.05,59.6,28.5,2400.02048,0.8438,0x0
2026-02-03T20:33:52.406521,61.15,59.6,28.5,2400.03712,0.8438,0x0
2026-02-03T20:33:53.431910,60.05,59.3,28.2,2400.033792,0.8438,0x0
2026-02-03T20:33:54.449370,58.95,66.0,28.4,2400.027136,0.8438,0x0
2026-02-03T20:33:55.470337,60.05,60.1,28.2,2400.017408,0.8438,0x0
2026-02-03T20:33:56.497164,59.5,59.9,28.2,2400.033792,0.8438,0x0
2026-02-03T20:33:57.620920,58.4,57.8,28.4,2400.023808,0.8438,0x0
2026-02-03T20:33:58.641099,60.05,60.3,28.4,2400.033792,0.8438,0x0
2026-02-03T20:33:59.662665,60.6,57.6,28.2,2400.02048,0.8438,0x0
2026-02-03T20:34:00.683216,60.05,60.0,28.1,2400.02048,0.8438,0x0
2026-02-03T20:34:01.709429,60.05,58.1,28.2,2400.023808,0.8438,0x0
2026-02-03T20:34:02.730503,61.15,59.3,28.6,2400.023808,0.8438,0x0
2026-02-03T20:34:03.765410,59.5,60.4,28.6,2400.033792,0.8438,0x0
2026-02-03T20:34:04.788895,60.6,60.6,28.7,2400.030464,0.8438,0x0
2026-02-03T20:34:05.811631,61.15,59.2,28.6,2400.02048,0.8438,0x0
2026-02-03T20:34:06.830022,60.6,58.1,28.7,2400.033792,0.8438,0x0
2026-02-03T20:34:07.849843,60.05,61.1,28.6,2400.023808,0.8438,0x0
2026-02-03T20:34:08.878987,58.95,61.1,28.5,2400.030464,0.8438,0x0
2026-02-03T20:34:09.907197,59.5,59.7,28.6,2400.033792,0.8438,0x0
2026-02-03T20:34:10.933321,59.5,61.8,28.6,2400.030464,0.8438,0x0
2026-02-03T20:34:12.053643,58.95,68.6,28.4,2400.023808,0.8438,0x0
2026-02-03T20:34:13.078132,58.95,59.0,28.1,2400.023808,0.8438,0x0
2026-02-03T20:34:14.096794,59.5,60.2,28.1,2400.023808,0.8438,0x0
2026-02-03T20:34:15.116412,61.7,60.7,28.4,2400.023808,0.8438,0x0
2026-02-03T20:34:16.141389,59.5,57.1,28.3,2400.03712,0.8438,0x0
2026-02-03T20:34:17.164644,58.95,59.0,28.4,2400.02048,0.8438,0x0
2026-02-03T20:34:18.187783,59.5,58.3,28.5,2400.02048,0.8438,0x0
2026-02-03T20:34:19.214627,60.05,58.4,28.3,2400.02048,0.8438,0x0
2026-02-03T20:34:20.238977,60.05,60.0,28.3,2400.027136,0.8438,0x0
2026-02-03T20:34:21.262243,57.85,59.3,28.4,2400.030464,0.8438,0x0
2026-02-03T20:34:22.282445,59.5,57.3,28.5,2400.033792,0.8438,0x0
2026-02-03T20:34:23.312598,60.05,60.0,28.4,2400.033792,0.8438,0x0
2026-02-03T20:34:24.332432,60.6,60.4,28.2,2400.03712,0.8438,0x0
2026-02-03T20:34:25.355949,59.5,61.1,28.1,2400.033792,0.8438,0x0
2026-02-03T20:34:26.383648,60.6,60.3,28.1,2400.03712,0.8438,0x0
2026-02-03T20:34:27.404625,59.5,59.6,28.1,2400.02048,0.8438,0x0
2026-02-03T20:34:28.426005,58.95,60.1,28.4,2400.030464,0.8438,0x0
2026-02-03T20:34:29.449684,60.05,70.3,28.3,2400.02048,0.8438,0x0
2026-02-03T20:34:30.478905,60.05,61.3,28.1,2400.027136,0.8438,0x0
2026-02-03T20:34:31.505466,61.15,60.0,28.4,2400.030464,0.8438,0x0
2026-02-03T20:34:32.526551,58.95,58.0,28.5,2400.023808,0.8438,0x0
2026-02-03T20:34:33.549659,60.05,59.4,28.5,2400.027136,0.8438,0x0
2026-02-03T20:34:34.568440,59.5,60.3,28.4,2400.030464,0.8438,0x0
2026-02-03T20:34:35.592193,60.6,59.1,28.3,2400.03712,0.8438,0x0
2026-02-03T20:34:36.615701,58.4,58.6,28.3,2400.030464,0.8438,0x0
2026-02-03T20:34:37.639831,58.95,58.3,28.2,2400.02048,0.8438,0x0
2026-02-03T20:34:38.663902,58.95,60.2,28.2,2400.02048,0.8438,0x0
2026-02-03T20:34:39.695505,60.05,60.9,28.3,2400.02048,0.8438,0x0
2026-02-03T20:34:40.714952,60.6,61.3,28.5,2400.030464,0.8438,0x0
2026-02-03T20:34:41.732811,60.6,59.4,28.7,2400.033792,0.8438,0x0
2026-02-03T20:34:42.770559,61.15,63.0,28.3,2400.030464,0.8438,0x0
2026-02-03T20:34:43.793740,58.95,60.8,28.4,2400.02048,0.8438,0x0
2026-02-03T20:34:44.814357,58.95,56.6,28.3,2400.027136,0.8438,0x0
2026-02-03T20:34:45.834110,61.15,59.1,28.3,2400.03712,0.8438,0x0
2026-02-03T20:34:46.963262,59.5,67.3,28.2,2400.030464,0.8438,0x0
2026-02-03T20:34:47.987294,59.5,58.7,28.5,2400.033792,0.8438,0x0
2026-02-03T20:34:49.011272,58.95,60.8,28.3,2400.03712,0.8438,0x0
2026-02-03T20:34:50.033079,59.5,58.1,28.4,2400.023808,0.8438,0x0
2026-02-03T20:34:51.054982,61.15,58.9,28.5,2400.02048,0.8438,0x0
2026-02-03T20:34:52.078107,61.15,60.2,28.7,2400.023808,0.8438,0x0
2026-02-03T20:34:53.102408,60.05,59.6,28.4,2400.030464,0.8438,0x0
2026-02-03T20:34:54.127683,59.5,57.7,28.6,2400.017408,0.8438,0x0
2026-02-03T20:34:55.149463,59.5,58.5,28.6,2400.033792,0.8438,0x0
2026-02-03T20:34:56.173811,59.5,57.9,28.6,2400.023808,0.8438,0x0
2026-02-03T20:34:57.197890,58.95,59.4,28.4,2400.023808,0.8438,0x0
2026-02-03T20:34:58.217497,60.6,60.0,28.6,2400.027136,0.8438,0x0
2026-02-03T20:34:59.247684,59.5,60.4,28.3,2400.017408,0.8438,0x0
2026-02-03T20:35:00.275691,60.6,59.9,28.3,2400.03712,0.8438,0x0
2026-02-03T20:35:01.304480,59.5,59.8,28.2,2400.027136,0.8438,0x0
2026-02-03T20:35:02.324938,59.5,58.7,28.4,2400.03712,0.8438,0x0
2026-02-03T20:35:03.347960,59.5,59.5,28.3,2400.02048,0.8438,0x0
2026-02-03T20:35:04.369224,60.05,68.6,28.3,2400.02048,0.8438,0x0
2026-02-03T20:35:05.392790,60.6,57.8,28.3,2400.023808,0.8438,0x0
2026-02-03T20:35:06.417217,59.5,57.2,28.5,2400.027136,0.8438,0x0
2026-02-03T20:35:07.442154,60.05,58.1,28.1,2400.027136,0.8438,0x0
2026-02-03T20:35:08.462909,60.05,59.4,28.2,2400.030464,0.8438,0x0
2026-02-03T20:35:09.482408,58.95,60.1,28.1,2400.03712,0.8438,0x0
2026-02-03T20:35:10.521480,58.95,61.6,28.1,2400.02048,0.8438,0x0
2026-02-03T20:35:11.546270,60.05,60.6,28.1,2400.02048,0.8438,0x0
2026-02-03T20:35:12.568471,61.15,57.1,28.2,2400.030464,0.8438,0x0
2026-02-03T20:35:13.590340,58.95,58.1,28.4,2400.030464,0.8438,0x0
2026-02-03T20:35:14.611163,59.5,63.5,28.3,2400.03712,0.8438,0x0
2026-02-03T20:35:15.630792,58.4,60.0,28.1,2400.02048,0.8438,0x0
2026-02-03T20:35:16.653774,60.05,60.3,28.5,2400.027136,0.8438,0x0
2026-02-03T20:35:17.676258,60.6,57.4,28.7,2400.033792,0.8438,0x0
2026-02-03T20:35:18.695851,60.05,58.1,28.8,2400.027136,0.8438,0x0
2026-02-03T20:35:19.715368,61.15,60.5,28.5,2400.033792,0.8438,0x0
2026-02-03T20:35:20.735562,60.6,60.6,28.5,2400.033792,0.8438,0x0
2026-02-03T20:35:21.762329,58.4,67.8,28.6,2400.030464,0.8438,0x0
2026-02-03T20:35:22.780132,59.5,59.7,28.6,2400.023808,0.8438,0x0
2026-02-03T20:35:23.804565,61.15,58.5,28.9,2400.023808,0.8438,0x0
2026-02-03T20:35:24.828297,61.15,57.8,28.8,2400.023808,0.8438,0x0
2026-02-03T20:35:25.849412,60.05,64.5,28.8,2400.033792,0.8438,0x0
2026-02-03T20:35:26.872139,60.05,59.3,28.6,2400.017408,0.8438,0x0
2026-02-03T20:35:27.894431,59.5,59.1,28.4,2400.027136,0.8438,0x0
2026-02-03T20:35:28.913193,60.05,61.2,28.4,2400.030464,0.8438,0x0
2026-02-03T20:35:29.938471,58.4,59.0,28.5,2400.033792,0.8438,0x0
2026-02-03T20:35:30.960095,60.05,59.5,28.3,2400.027136,0.8438,0x0
2026-02-03T20:35:31.979687,58.95,63.9,28.1,2400.023808,0.8438,0x0
2026-02-03T20:35:32.997346,59.5,61.9,28.1,2400.027136,0.8438,0x0
2026-02-03T20:35:34.017621,60.6,60.2,28.4,2400.02048,0.8438,0x0
2026-02-03T20:35:35.047868,61.15,57.4,28.8,2400.02048,0.8438,0x0
2026-02-03T20:35:36.066539,58.95,58.9,28.8,2400.02048,0.8438,0x0
2026-02-03T20:35:37.090867,59.5,59.9,28.7,2400.030464,0.8438,0x0
2026-02-03T20:35:38.111767,60.05,61.3,28.5,2400.023808,0.8438,0x0
2026-02-03T20:35:39.130579,60.6,66.9,28.4,2400.027136,0.8438,0x0
2026-02-03T20:35:40.150660,61.15,60.7,28.4,2400.033792,0.8438,0x0
2026-02-03T20:35:41.178712,59.5,59.4,28.2,2400.02048,0.8438,0x0
2026-02-03T20:35:42.199522,61.15,60.1,28.4,2400.027136,0.8438,0x0
2026-02-03T20:35:43.225024,58.95,59.0,28.5,2400.02048,0.8438,0x0
2026-02-03T20:35:44.246207,60.6,59.5,28.6,2400.02048,0.8438,0x0
2026-02-03T20:35:45.364988,60.6,61.5,28.6,2400.017408,0.8438,0x0
2026-02-03T20:35:46.388369,59.5,57.6,28.4,2400.027136,0.8438,0x0
2026-02-03T20:35:47.408998,60.05,55.9,28.3,2400.023808,0.8438,0x0
2026-02-03T20:35:48.428366,60.05,57.9,28.2,2400.030464,0.8438,0x0
2026-02-03T20:35:49.446961,58.95,58.8,28.5,2400.023808,0.8438,0x0
2026-02-03T20:35:50.467659,60.6,59.0,28.5,2400.027136,0.8438,0x0
2026-02-03T20:35:51.493945,58.95,61.4,28.6,2400.017408,0.8438,0x0
2026-02-03T20:35:52.514678,59.5,58.9,28.4,2400.017408,0.8438,0x0
2026-02-03T20:35:53.535979,60.05,58.5,28.3,2400.033792,0.8438,0x0
2026-02-03T20:35:54.559571,59.5,59.6,28.6,2400.023808,0.8438,0x0
2026-02-03T20:35:55.578401,60.05,60.8,28.4,2400.02048,0.8438,0x0
2026-02-03T20:35:56.611994,59.5,67.5,28.6,2400.023808,0.8438,0x0
2026-02-03T20:35:57.632198,60.6,61.3,28.4,2400.033792,0.8438,0x0
2026-02-03T20:35:58.663642,59.5,56.4,28.5,2400.023808,0.8438,0x0
2026-02-03T20:35:59.684137,60.05,60.5,28.5,2400.023808,0.8438,0x0
2026-02-03T20:36:00.707731,60.6,58.8,28.7,2400.030464,0.8438,0x0
2026-02-03T20:36:01.731772,59.5,60.7,28.4,2400.03712,0.8438,0x0
2026-02-03T20:36:02.750182,60.05,60.5,28.4,2400.027136,0.8438,0x0
2026-02-03T20:36:03.773875,58.95,60.1,28.5,2400.023808,0.8438,0x0
2026-02-03T20:36:04.795047,58.4,57.5,28.4,2400.02048,0.8438,0x0
2026-02-03T20:36:05.814684,61.7,57.8,28.7,2400.023808,0.8438,0x0
2026-02-03T20:36:06.838190,60.05,58.1,28.6,2400.023808,0.8438,0x0
2026-02-03T20:36:07.871804,59.5,59.6,28.3,2400.02048,0.8438,0x0
2026-02-03T20:36:08.895659,59.5,57.8,28.4,2400.033792,0.8438,0x0
2026-02-03T20:36:09.913560,60.6,58.0,28.2,2400.023808,0.8438,0x0
2026-02-03T20:36:10.938716,58.95,63.3,28.1,2400.030464,0.8438,0x0
2026-02-03T20:36:11.962680,59.5,59.5,28.5,2400.033792,0.8438,0x0
2026-02-03T20:36:12.982681,61.7,58.1,28.4,2400.02048,0.8438,0x0
2026-02-03T20:36:14.007650,60.6,69.8,28.4,2400.02048,0.8438,0x0
2026-02-03T20:36:15.038541,59.5,59.5,28.5,2400.03712,0.8438,0x0
2026-02-03T20:36:16.066087,58.4,59.1,28.5,2400.023808,0.8438,0x0
2026-02-03T20:36:17.089698,59.5,58.3,28.5,2400.02048,0.8438,0x0
2026-02-03T20:36:18.112919,60.05,60.0,28.8,2400.03712,0.8438,0x0
2026-02-03T20:36:19.137231,60.6,60.4,28.5,2400.030464,0.8438,0x0
2026-02-03T20:36:20.160858,60.05,59.2,28.6,2400.033792,0.8438,0x0
2026-02-03T20:36:21.189701,60.6,58.8,28.6,2400.030464,0.8438,0x0
2026-02-03T20:36:22.211039,59.5,59.6,28.4,2400.03712,0.8438,0x0
2026-02-03T20:36:23.231111,59.5,57.8,28.4,2400.02048,0.8438,0x0
2026-02-03T20:36:24.259679,59.5,58.2,28.3,2400.033792,0.8438,0x0
2026-02-03T20:36:25.383097,60.6,61.1,28.3,2400.02048,0.8438,0x0
2026-02-03T20:36:26.402538,60.05,60.6,28.2,2400.03712,0.8438,0x0
2026-02-03T20:36:27.426956,59.5,57.9,28.4,2400.030464,0.8438,0x0
2026-02-03T20:36:28.449100,58.95,60.7,28.3,2400.02048,0.8438,0x0
2026-02-03T20:36:29.473241,59.5,59.6,28.6,2400.02048,0.8438,0x0
2026-02-03T20:36:30.494725,61.15,59.2,28.4,2400.030464,0.8438,0x0
2026-02-03T20:36:31.516087,59.5,69.6,28.4,2400.030464,0.8438,0x0
2026-02-03T20:36:32.542783,58.95,58.4,28.2,2400.033792,0.8438,0x0
2026-02-03T20:36:33.569834,62.8,60.7,28.4,2400.017408,0.8438,0x0
2026-02-03T20:36:34.592383,60.6,58.0,28.6,2400.027136,0.8438,0x0
2026-02-03T20:36:35.612531,59.5,60.2,28.5,2400.023808,0.8438,0x0
2026-02-03T20:36:36.636164,58.95,60.8,28.5,2400.030464,0.8438,0x0
2026-02-03T20:36:37.663679,59.5,58.4,28.4,2400.02048,0.8438,0x0
2026-02-03T20:36:38.685966,60.05,59.1,28.2,2400.023808,0.8438,0x0
2026-02-03T20:36:39.714903,59.5,58.6,28.5,2400.030464,0.8438,0x0
2026-02-03T20:36:40.733962,59.5,55.8,28.4,2400.033792,0.8438,0x0
2026-02-03T20:36:41.758280,61.15,57.1,28.4,2400.030464,0.8438,0x0
2026-02-03T20:36:42.780937,59.5,59.4,28.6,2400.030464,0.8438,0x0
2026-02-03T20:36:43.800223,59.5,58.5,28.4,2400.03712,0.8438,0x0
2026-02-03T20:36:44.836639,59.5,58.7,28.4,2400.030464,0.8438,0x0
2026-02-03T20:36:45.867333,58.95,56.0,28.6,2400.017408,0.8438,0x0
2026-02-03T20:36:46.887654,60.05,56.1,28.8,2400.030464,0.8438,0x0
2026-02-03T20:36:47.911816,61.15,58.3,28.8,2400.027136,0.8438,0x0
2026-02-03T20:36:48.931279,58.95,72.4,28.7,2400.02048,0.8438,0x0
2026-02-03T20:36:49.958040,59.5,60.3,28.4,2400.027136,0.8438,0x0
2026-02-03T20:36:50.980641,60.05,59.9,28.5,2400.02048,0.8438,0x0
2026-02-03T20:36:52.001523,59.5,56.8,28.5,2400.033792,0.8438,0x0
2026-02-03T20:36:53.026027,60.6,58.9,28.2,2400.033792,0.8438,0x0
2026-02-03T20:36:54.052995,60.05,61.4,28.2,2400.017408,0.8438,0x0
2026-02-03T20:36:55.077199,59.5,58.4,28.3,2400.023808,0.8438,0x0
2026-02-03T20:36:56.099430,60.05,60.0,28.4,2400.023808,0.8438,0x0
2026-02-03T20:36:57.120644,59.5,59.9,28.2,2400.017408,0.8438,0x0
2026-02-03T20:36:58.147120,60.6,60.5,28.4,2400.023808,0.8438,0x0
2026-02-03T20:36:59.171272,60.05,58.3,28.4,2400.023808,0.8438,0x0
2026-02-03T20:37:00.195172,59.5,60.5,28.3,2400.027136,0.8438,0x0
2026-02-03T20:37:01.214697,60.6,60.1,28.4,2400.030464,0.8438,0x0
2026-02-03T20:37:02.238356,58.95,59.5,28.3,2400.017408,0.8438,0x0
2026-02-03T20:37:03.264191,60.05,60.0,28.1,2400.033792,0.8438,0x0
2026-02-03T20:37:04.282846,60.05,60.0,28.4,2400.023808,0.8438,0x0
2026-02-03T20:37:05.313603,61.7,60.3,28.4,2400.027136,0.8438,0x0
2026-02-03T20:37:06.336431,59.5,69.2,28.3,2400.030464,0.8438,0x0
2026-02-03T20:37:07.362537,59.5,59.6,28.7,2400.02048,0.8438,0x0
2026-02-03T20:37:08.389177,60.05,57.8,28.8,2400.030464,0.8438,0x0
2026-02-03T20:37:09.414505,61.15,59.4,28.8,2400.023808,0.8438,0x0
2026-02-03T20:37:10.435342,59.5,60.2,28.6,2400.03712,0.8438,0x0
2026-02-03T20:37:11.457040,59.5,58.8,28.6,2400.030464,0.8438,0x0
2026-02-03T20:37:12.478766,59.5,58.4,28.6,2400.030464,0.8438,0x0
2026-02-03T20:37:13.498398,60.6,57.4,28.5,2400.02048,0.8438,0x0
2026-02-03T20:37:14.522590,60.05,60.0,28.5,2400.030464,0.8438,0x0
2026-02-03T20:37:15.549601,60.05,59.0,28.2,2400.027136,0.8438,0x0
2026-02-03T20:37:16.574404,60.6,60.8,28.3,2400.03712,0.8438,0x0
2026-02-03T20:37:17.599141,58.95,60.7,28.4,2400.02048,0.8438,0x0
2026-02-03T20:37:18.626365,59.5,59.0,28.2,2400.030464,0.8438,0x0
2026-02-03T20:37:19.657838,59.5,57.9,28.6,2400.033792,0.8438,0x0
2026-02-03T20:37:20.679210,60.6,56.5,28.7,2400.027136,0.8438,0x0
2026-02-03T20:37:21.712429,59.5,59.2,28.4,2400.02048,0.8438,0x0
2026-02-03T20:37:22.736098,60.6,68.9,28.6,2400.030464,0.8438,0x0
2026-02-03T20:37:23.759154,59.5,56.7,28.4,2400.02048,0.8438,0x0
2026-02-03T20:37:24.782599,60.05,57.1,28.5,2400.02048,0.8438,0x0
2026-02-03T20:37:25.806496,59.5,58.1,28.4,2400.027136,0.8438,0x0
2026-02-03T20:37:26.826533,59.5,59.2,28.4,2400.033792,0.8438,0x0
2026-02-03T20:37:27.847633,60.6,59.7,28.3,2400.030464,0.8438,0x0
2026-02-03T20:37:28.868047,58.4,60.9,28.2,2400.030464,0.8438,0x0
2026-02-03T20:37:29.993109,59.5,60.6,28.3,2400.030464,0.8438,0x0
2026-02-03T20:37:31.012181,60.05,59.0,28.2,2400.023808,0.8438,0x0
2026-02-03T20:37:32.029061,60.05,59.2,28.1,2400.033792,0.8438,0x0
2026-02-03T20:37:33.048761,59.5,58.8,28.4,2400.02048,0.8438,0x0
2026-02-03T20:37:34.071574,60.05,58.6,28.5,2400.03712,0.8438,0x0
2026-02-03T20:37:35.096692,60.6,58.4,28.8,2400.023808,0.8438,0x0
2026-02-03T20:37:36.113209,60.05,60.7,28.7,2400.030464,0.8438,0x0
2026-02-03T20:37:37.139090,59.5,57.4,28.3,2400.027136,0.8438,0x0
2026-02-03T20:37:38.166320,60.05,57.6,28.5,2400.02048,0.8438,0x0
2026-02-03T20:37:39.189876,59.5,58.8,28.2,2400.033792,0.8438,0x0
2026-02-03T20:37:40.210861,60.05,68.3,28.4,2400.030464,0.8438,0x0
2026-02-03T20:37:41.231950,60.05,59.4,28.4,2400.030464,0.8438,0x0
2026-02-03T20:37:42.261842,58.95,57.6,28.4,2400.03712,0.8438,0x0
2026-02-03T20:37:43.283623,59.5,59.2,28.3,2400.030464,0.8438,0x0
2026-02-03T20:37:44.304659,59.5,57.3,28.3,2400.033792,0.8438,0x0
2026-02-03T20:37:45.331481,60.05,58.9,28.3,2400.030464,0.8438,0x0
2026-02-03T20:37:46.358054,59.5,63.7,28.2,2400.027136,0.8438,0x0
2026-02-03T20:37:47.382212,59.5,58.8,28.5,2400.033792,0.8438,0x0
2026-02-03T20:37:48.404188,59.5,57.3,28.4,2400.033792,0.8438,0x0
2026-02-03T20:37:49.426562,60.05,61.5,28.3,2400.027136,0.8438,0x0
2026-02-03T20:37:50.463927,60.05,61.6,28.6,2400.033792,0.8438,0x0
2026-02-03T20:37:51.488565,60.6,58.8,28.8,2400.030464,0.8438,0x0
2026-02-03T20:37:52.515422,60.6,58.8,28.9,2400.027136,0.8438,0x0
2026-02-03T20:37:53.542075,59.5,60.9,28.9,2400.033792,0.8438,0x0
2026-02-03T20:37:54.567015,59.5,61.0,28.8,2400.027136,0.8438,0x0
2026-02-03T20:37:55.593189,58.95,70.0,28.5,2400.030464,0.8438,0x0
2026-02-03T20:37:56.613193,58.95,58.6,28.4,2400.033792,0.8438,0x0
2026-02-03T20:37:57.633886,61.15,58.0,28.5,2400.033792,0.8438,0x0
2026-02-03T20:37:58.658496,59.5,59.1,28.3,2400.033792,0.8438,0x0
2026-02-03T20:37:59.679129,58.95,60.3,28.2,2400.033792,0.8438,0x0
2026-02-03T20:38:00.707540,59.5,61.7,28.3,2400.027136,0.8438,0x0
2026-02-03T20:38:01.730680,58.95,58.7,28.3,2400.027136,0.8438,0x0
2026-02-03T20:38:02.755898,60.6,60.3,28.1,2400.023808,0.8438,0x0
2026-02-03T20:38:03.789436,61.15,62.6,28.2,2400.023808,0.8438,0x0
2026-02-03T20:38:04.813071,58.95,62.9,28.2,2400.033792,0.8438,0x0
2026-02-03T20:38:05.839224,60.05,61.1,28.4,2400.033792,0.8438,0x0
2026-02-03T20:38:06.860622,60.6,60.0,28.5,2400.023808,0.8438,0x0
2026-02-03T20:38:07.888250,61.15,59.0,28.5,2400.02048,0.8438,0x0
2026-02-03T20:38:08.911728,60.05,63.5,28.6,2400.030464,0.8438,0x0
2026-02-03T20:38:09.938705,60.05,60.5,28.5,2400.027136,0.8438,0x0
2026-02-03T20:38:10.962543,60.6,68.4,28.3,2400.030464,0.8438,0x0
2026-02-03T20:38:11.981824,60.05,58.9,28.5,2400.033792,0.8438,0x0
2026-02-03T20:38:13.005493,59.5,59.1,28.8,2400.02048,0.8438,0x0
2026-02-03T20:38:14.030039,58.95,60.8,28.6,2400.023808,0.8438,0x0
2026-02-03T20:38:15.050508,60.05,58.6,28.4,2400.030464,0.8438,0x0
2026-02-03T20:38:16.070990,58.95,60.6,28.5,2400.033792,0.8438,0x0
2026-02-03T20:38:17.095047,58.95,60.1,28.4,2400.033792,0.8438,0x0
2026-02-03T20:38:18.116502,59.5,59.2,28.3,2400.023808,0.8438,0x0
2026-02-03T20:38:19.143442,60.05,59.4,28.3,2400.033792,0.8438,0x0
2026-02-03T20:38:20.164216,60.05,60.5,28.4,2400.027136,0.8438,0x0
2026-02-03T20:38:21.188899,59.5,59.0,28.4,2400.017408,0.8438,0x0
2026-02-03T20:38:22.217472,60.05,57.8,28.3,2400.030464,0.8438,0x0
2026-02-03T20:38:23.242860,59.5,59.4,28.3,2400.023808,0.8438,0x0
2026-02-03T20:38:24.266007,60.05,59.8,28.1,2400.017408,0.8438,0x0
2026-02-03T20:38:25.287512,58.95,58.3,28.3,2400.027136,0.8438,0x0
2026-02-03T20:38:26.315850,60.6,59.8,28.3,2400.02048,0.8438,0x0
2026-02-03T20:38:27.341447,59.5,70.6,28.3,2400.027136,0.8438,0x0
2026-02-03T20:38:28.361295,59.5,59.0,28.1,2400.033792,0.8438,0x0
2026-02-03T20:38:29.385741,60.6,59.6,28.3,2400.02048,0.8438,0x0
2026-02-03T20:38:30.414205,61.15,61.6,28.1,2400.027136,0.8438,0x0
2026-02-03T20:38:31.437382,61.7,61.0,28.3,2400.030464,0.8438,0x0
2026-02-03T20:38:32.464070,61.15,60.9,28.5,2400.030464,0.8438,0x0
2026-02-03T20:38:33.486662,60.6,57.5,28.4,2400.03712,0.8438,0x0
2026-02-03T20:38:34.509747,60.05,58.0,28.3,2400.023808,0.8438,0x0
2026-02-03T20:38:35.530034,60.05,61.2,28.3,2400.023808,0.8438,0x0
2026-02-03T20:38:36.554378,61.15,61.2,28.3,2400.02048,0.8438,0x0
2026-02-03T20:38:37.575973,60.05,61.7,28.3,2400.027136,0.8438,0x0
2026-02-03T20:38:38.596175,60.05,58.7,28.3,2400.030464,0.8438,0x0
2026-02-03T20:38:39.619847,60.05,61.1,28.2,2400.027136,0.8438,0x0
2026-02-03T20:38:40.646227,61.7,59.2,28.2,2400.030464,0.8438,0x0
2026-02-03T20:38:41.671323,59.5,56.5,28.5,2400.027136,0.8438,0x0
2026-02-03T20:38:42.693708,59.5,59.8,28.8,2400.023808,0.8438,0x0
2026-02-03T20:38:43.715582,60.6,60.3,28.8,2400.030464,0.8438,0x0
2026-02-03T20:38:44.736882,59.5,66.7,28.7,2400.02048,0.8438,0x0
2026-02-03T20:38:45.761598,60.05,58.6,28.5,2400.027136,0.8438,0x0
2026-02-03T20:38:46.788271,59.5,58.7,28.4,2400.030464,0.8438,0x0
2026-02-03T20:38:47.808697,60.6,59.0,28.3,2400.02048,0.8438,0x0
2026-02-03T20:38:48.830859,59.5,60.8,28.6,2400.03712,0.8438,0x0
2026-02-03T20:38:49.856705,60.6,62.1,28.5,2400.02048,0.8438,0x0
2026-02-03T20:38:50.877242,60.05,60.4,28.8,2400.030464,0.8438,0x0
2026-02-03T20:38:51.897556,58.95,59.2,28.6,2400.033792,0.8438,0x0
2026-02-03T20:38:52.921221,60.05,61.4,28.6,2400.030464,0.8438,0x0
2026-02-03T20:38:53.942093,61.7,58.1,28.6,2400.03712,0.8438,0x0
2026-02-03T20:38:54.968255,60.05,61.0,28.5,2400.03712,0.8438,0x0
2026-02-03T20:38:55.992895,60.05,57.0,28.4,2400.023808,0.8438,0x0
2026-02-03T20:38:57.011947,60.05,59.3,28.3,2400.027136,0.8438,0x0
2026-02-03T20:38:58.030959,59.5,60.6,28.4,2400.02048,0.8438,0x0
2026-02-03T20:38:59.051568,60.6,58.1,28.6,2400.033792,0.8438,0x0
2026-02-03T20:39:00.099121,61.15,58.7,28.6,2400.030464,0.8438,0x0
2026-02-03T20:39:01.122515,58.95,69.5,28.7,2400.027136,0.8438,0x0
2026-02-03T20:39:02.149760,60.6,60.6,28.4,2400.027136,0.8438,0x0
2026-02-03T20:39:03.169594,61.7,59.8,28.4,2400.030464,0.8438,0x0
2026-02-03T20:39:04.193703,60.05,56.7,28.3,2400.023808,0.8438,0x0
2026-02-03T20:39:05.215841,59.5,59.7,28.2,2400.033792,0.8438,0x0
2026-02-03T20:39:06.239688,60.05,58.5,28.4,2400.030464,0.8438,0x0
2026-02-03T20:39:07.263722,58.95,62.3,28.3,2400.017408,0.8438,0x0
2026-02-03T20:39:08.286563,61.15,59.5,28.1,2400.033792,0.8438,0x0
2026-02-03T20:39:09.310806,60.6,60.3,28.1,2400.030464,0.8438,0x0
2026-02-03T20:39:10.345469,58.95,64.1,28.4,2400.030464,0.8438,0x0
2026-02-03T20:39:11.366316,59.5,62.1,28.6,2400.023808,0.8438,0x0
2026-02-03T20:39:12.391438,60.6,60.3,28.5,2400.023808,0.8438,0x0
2026-02-03T20:39:13.411640,59.5,57.8,28.6,2400.030464,0.8438,0x0
2026-02-03T20:39:14.444002,60.05,62.4,28.3,2400.030464,0.8438,0x0
2026-02-03T20:39:15.462636,58.95,58.3,28.2,2400.023808,0.8438,0x0
2026-02-03T20:39:16.492454,60.05,59.4,28.1,2400.023808,0.8438,0x0
2026-02-03T20:39:17.516203,60.05,68.9,28.2,2400.030464,0.8438,0x0
2026-02-03T20:39:18.542048,60.05,60.0,28.4,2400.02048,0.8438,0x0
2026-02-03T20:39:19.579903,60.6,60.2,28.3,2400.02048,0.8438,0x0
2026-02-03T20:39:20.598046,60.6,58.3,28.4,2400.033792,0.8438,0x0
2026-02-03T20:39:21.625051,60.6,60.0,28.5,2400.023808,0.8438,0x0
2026-02-03T20:39:22.647579,61.7,58.9,28.3,2400.033792,0.8438,0x0
2026-02-03T20:39:23.666244,59.5,58.3,28.3,2400.02048,0.8438,0x0
2026-02-03T20:39:24.693540,59.5,61.8,28.3,2400.033792,0.8438,0x0
2026-02-03T20:39:25.714549,59.5,61.0,28.2,2400.030464,0.8438,0x0
2026-02-03T20:39:26.733997,60.6,58.3,28.1,2400.02048,0.8438,0x0
2026-02-03T20:39:27.763024,61.15,59.3,28.0,2400.023808,0.8438,0x0
2026-02-03T20:39:28.887331,58.95,58.6,28.4,2400.02048,0.8438,0x0
2026-02-03T20:39:29.909479,61.15,59.3,28.7,2400.033792,0.8438,0x0
2026-02-03T20:39:30.929036,61.15,58.7,28.7,2400.03712,0.8438,0x0
2026-02-03T20:39:31.948691,60.05,58.1,28.5,2400.027136,0.8438,0x0
2026-02-03T20:39:32.968934,59.5,57.6,28.2,2400.027136,0.8438,0x0
2026-02-03T20:39:34.098075,61.7,58.7,28.2,2400.02048,0.8438,0x0
2026-02-03T20:39:35.118844,58.95,68.2,28.3,2400.02048,0.8438,0x0
2026-02-03T20:39:36.145443,60.05,59.9,28.2,2400.02048,0.8438,0x0
2026-02-03T20:39:37.168465,59.5,60.7,28.4,2400.030464,0.8438,0x0
2026-02-03T20:39:38.192237,58.95,59.4,28.7,2400.027136,0.8438,0x0
2026-02-03T20:39:39.214280,59.5,59.7,28.7,2400.03712,0.8438,0x0
2026-02-03T20:39:40.252493,60.05,68.7,28.9,2400.027136,0.8438,0x0
2026-02-03T20:39:41.273293,60.05,58.6,28.8,2400.033792,0.8438,0x0
2026-02-03T20:39:42.297814,60.6,57.7,28.8,2400.023808,0.8438,0x0
2026-02-03T20:39:43.314367,59.5,58.9,28.5,2400.030464,0.8438,0x0
2026-02-03T20:39:44.335631,60.6,59.0,28.3,2400.023808,0.8438,0x0
2026-02-03T20:39:45.358543,60.6,58.7,28.1,2400.033792,0.8438,0x0
2026-02-03T20:39:46.382694,58.95,59.8,28.2,2400.033792,0.8438,0x0
2026-02-03T20:39:47.403176,60.05,61.5,28.2,2400.023808,0.8438,0x0
2026-02-03T20:39:48.424768,58.95,58.5,28.1,2400.030464,0.8438,0x0
2026-02-03T20:39:49.444029,59.5,59.8,28.1,2400.023808,0.8438,0x0
2026-02-03T20:39:50.462853,60.6,59.1,28.4,2400.033792,0.8438,0x0
2026-02-03T20:39:51.484511,59.5,66.3,28.4,2400.027136,0.8438,0x0
2026-02-03T20:39:52.512070,60.05,61.4,28.6,2400.03712,0.8438,0x0
2026-02-03T20:39:53.541061,60.05,59.8,28.6,2400.033792,0.8438,0x0
2026-02-03T20:39:54.563979,59.5,61.3,28.6,2400.02048,0.8438,0x0
2026-02-03T20:39:55.581921,60.05,57.4,28.6,2400.033792,0.8438,0x0
2026-02-03T20:39:56.612265,59.5,57.7,28.2,2400.023808,0.8438,0x0
2026-02-03T20:39:57.631242,60.05,60.2,28.1,2400.030464,0.8438,0x0
2026-02-03T20:39:58.652727,60.6,57.6,28.1,2400.030464,0.8438,0x0
2026-02-03T20:39:59.679670,60.05,57.4,28.2,2400.017408,0.8438,0x0
2026-02-03T20:40:00.699703,58.95,60.9,28.2,2400.033792,0.8438,0x0
2026-02-03T20:40:01.742548,59.5,61.8,28.4,2400.033792,0.8438,0x0
2026-02-03T20:40:02.759849,60.05,58.7,28.2,2400.030464,0.8438,0x0
2026-02-03T20:40:03.778681,58.4,60.6,28.2,2400.027136,0.8438,0x0
2026-02-03T20:40:04.798753,60.05,60.4,28.3,2400.027136,0.8438,0x0
2026-02-03T20:40:05.827511,60.6,62.9,28.4,2400.033792,0.8438,0x0
2026-02-03T20:40:06.848917,61.15,58.8,28.3,2400.023808,0.8438,0x0
2026-02-03T20:40:07.879529,59.5,68.9,28.5,2400.03712,0.8438,0x0
2026-02-03T20:40:08.912078,60.05,60.5,28.3,2400.023808,0.8438,0x0
2026-02-03T20:40:09.943730,58.4,61.4,28.2,2400.023808,0.8438,0x0
2026-02-03T20:40:10.965454,60.05,60.1,28.1,2400.02048,0.8438,0x0
2026-02-03T20:40:11.991103,57.85,57.8,28.4,2400.030464,0.8438,0x0
2026-02-03T20:40:13.012255,60.05,63.2,28.3,2400.03712,0.8438,0x0
2026-02-03T20:40:14.034757,58.4,61.4,28.2,2400.03712,0.8438,0x0
2026-02-03T20:40:15.059628,59.5,56.3,28.2,2400.023808,0.8438,0x0
2026-02-03T20:40:16.079141,60.6,57.1,28.2,2400.03712,0.8438,0x0
2026-02-03T20:40:17.107594,59.5,61.3,28.3,2400.033792,0.8438,0x0
2026-02-03T20:40:18.126540,60.6,61.6,28.5,2400.03712,0.8438,0x0
2026-02-03T20:40:19.155206,58.95,59.7,28.1,2400.023808,0.8438,0x0
2026-02-03T20:40:20.178448,60.05,58.9,28.2,2400.02048,0.8438,0x0
2026-02-03T20:40:21.205228,59.5,60.4,28.1,2400.030464,0.8438,0x0
2026-02-03T20:40:22.227671,60.05,59.2,28.2,2400.033792,0.8438,0x0
2026-02-03T20:40:23.250038,61.15,59.7,28.4,2400.033792,0.8438,0x0
2026-02-03T20:40:24.275706,58.95,64.4,28.6,2400.027136,0.8438,0x0
2026-02-03T20:40:25.300688,60.05,62.8,28.6,2400.030464,0.8438,0x0
2026-02-03T20:40:26.324317,60.6,59.1,28.4,2400.030464,0.8438,0x0
2026-02-03T20:40:27.345740,59.5,59.7,28.6,2400.03712,0.8438,0x0
2026-02-03T20:40:28.369267,61.7,79.4,28.6,2400.030464,0.8438,0x0
2026-02-03T20:40:29.393472,60.6,79.7,28.3,2400.030464,0.8438,0x0
2026-02-03T20:40:30.432100,60.6,79.8,28.3,2400.02048,0.8438,0x0
2026-02-03T20:40:31.455483,60.6,79.4,28.3,2400.03712,0.8438,0x0
2026-02-03T20:40:32.483441,62.25,63.8,28.3,2400.02048,0.8438,0x0
2026-02-03T20:40:33.506394,60.6,61.7,28.4,2400.02048,0.8438,0x0
2026-02-03T20:40:34.531711,61.7,62.9,28.2,2400.030464,0.8438,0x0
2026-02-03T20:40:35.549610,58.95,59.5,28.4,2400.030464,0.8438,0x0
2026-02-03T20:40:36.573288,61.15,61.7,28.6,2400.023808,0.8438,0x0
2026-02-03T20:40:37.596736,60.05,63.0,28.6,2400.02048,0.8438,0x0
2026-02-03T20:40:38.615138,61.15,60.4,28.5,2400.030464,0.8438,0x0
2026-02-03T20:40:39.633257,60.05,58.6,28.6,2400.027136,0.8438,0x0
2026-02-03T20:40:40.657144,60.6,61.1,28.4,2400.023808,0.8438,0x0
2026-02-03T20:40:41.677114,61.15,71.3,28.2,2400.02048,0.8438,0x0
2026-02-03T20:40:42.704109,60.6,64.6,28.3,2400.027136,0.8438,0x0
2026-02-03T20:40:43.727835,58.95,60.3,28.2,2400.027136,0.8438,0x0
2026-02-03T20:40:44.752896,59.5,59.6,28.3,2400.02048,0.8438,0x0
2026-02-03T20:40:45.776064,59.5,59.5,28.4,2400.033792,0.8438,0x0
2026-02-03T20:40:46.796470,60.6,57.0,28.4,2400.033792,0.8438,0x0
2026-02-03T20:40:47.823413,58.95,58.5,28.3,2400.023808,0.8438,0x0
2026-02-03T20:40:48.847133,61.15,62.4,28.3,2400.023808,0.8438,0x0
2026-02-03T20:40:49.865583,60.05,59.6,28.3,2400.033792,0.8438,0x0
2026-02-03T20:40:50.905004,61.15,61.9,28.2,2400.030464,0.8438,0x0
2026-02-03T20:40:51.930516,58.95,60.7,28.5,2400.030464,0.8438,0x0
2026-02-03T20:40:52.949666,59.5,57.7,28.7,2400.023808,0.8438,0x0
2026-02-03T20:40:53.974371,60.6,59.7,28.8,2400.033792,0.8438,0x0
2026-02-03T20:40:54.996755,60.05,60.7,28.6,2400.033792,0.8438,0x0
2026-02-03T20:40:56.016414,58.95,59.7,28.6,2400.030464,0.8438,0x0
2026-02-03T20:40:57.043653,60.6,57.5,28.6,2400.033792,0.8438,0x0
2026-02-03T20:40:58.173712,57.85,60.6,28.6,2400.03712,0.8438,0x0
2026-02-03T20:40:59.194322,58.95,69.7,28.3,2400.027136,0.8438,0x0
2026-02-03T20:41:00.226908,60.05,59.9,28.1,2400.033792,0.8438,0x0
2026-02-03T20:41:01.245202,59.5,57.5,28.2,2400.033792,0.8438,0x0
2026-02-03T20:41:02.265427,59.5,58.6,28.0,2400.033792,0.8438,0x0
2026-02-03T20:41:03.289531,60.05,59.9,28.3,2400.033792,0.8438,0x0
2026-02-03T20:41:04.314257,58.4,59.6,28.0,2400.033792,0.8438,0x0
2026-02-03T20:41:05.339792,58.95,57.2,28.2,2400.027136,0.8438,0x0
2026-02-03T20:41:06.368370,61.15,60.1,28.3,2400.02048,0.8438,0x0
2026-02-03T20:41:07.390145,58.95,57.6,28.6,2400.02048,0.8438,0x0
2026-02-03T20:41:08.410371,58.95,58.9,28.6,2400.033792,0.8438,0x0
2026-02-03T20:41:09.433070,58.95,60.5,28.2,2400.027136,0.8438,0x0
2026-02-03T20:41:10.468529,59.5,59.8,28.4,2400.033792,0.8438,0x0
2026-02-03T20:41:11.492323,61.15,59.3,28.5,2400.023808,0.8438,0x0
2026-02-03T20:41:12.514881,58.95,58.8,28.3,2400.027136,0.8438,0x0
2026-02-03T20:41:13.534872,60.05,58.8,28.3,2400.027136,0.8438,0x0
2026-02-03T20:41:14.566574,59.5,71.0,28.4,2400.023808,0.8438,0x0
2026-02-03T20:41:15.689400,60.05,58.8,28.5,2400.02048,0.8438,0x0
2026-02-03T20:41:16.710323,60.05,58.5,28.6,2400.023808,0.8438,0x0
2026-02-03T20:41:17.741649,61.15,60.2,28.5,2400.023808,0.8438,0x0
2026-02-03T20:41:18.763526,60.05,60.4,28.5,2400.033792,0.8438,0x0
2026-02-03T20:41:19.884072,59.5,57.9,28.4,2400.030464,0.8438,0x0
2026-02-03T20:41:20.908815,59.5,61.9,28.4,2400.033792,0.8438,0x0
2026-02-03T20:41:21.931658,60.6,62.7,28.4,2400.030464,0.8438,0x0
2026-02-03T20:41:23.056289,60.05,64.8,28.5,2400.030464,0.8438,0x0
2026-02-03T20:41:24.077516,60.05,62.4,28.4,2400.023808,0.8438,0x0
2026-02-03T20:41:25.102212,60.6,58.0,28.4,2400.03712,0.8438,0x0
2026-02-03T20:41:26.132312,61.15,60.2,28.2,2400.02048,0.8438,0x0
2026-02-03T20:41:27.151251,60.6,58.2,28.2,2400.027136,0.8438,0x0
2026-02-03T20:41:28.172729,60.05,57.2,28.3,2400.02048,0.8438,0x0
2026-02-03T20:41:29.196457,60.05,60.3,28.4,2400.02048,0.8438,0x0
2026-02-03T20:41:30.220102,59.5,61.3,28.2,2400.023808,0.8438,0x0
2026-02-03T20:41:31.241386,60.05,67.0,28.2,2400.02048,0.8438,0x0
2026-02-03T20:41:32.264073,59.5,58.6,28.3,2400.023808,0.8438,0x0
2026-02-03T20:41:33.282879,59.5,58.0,28.1,2400.030464,0.8438,0x0
2026-02-03T20:41:34.306020,60.05,61.0,28.4,2400.02048,0.8438,0x0
2026-02-03T20:41:35.336882,61.15,61.2,28.5,2400.027136,0.8438,0x0
2026-02-03T20:41:36.360402,59.5,59.7,28.5,2400.02048,0.8438,0x0
2026-02-03T20:41:37.382194,59.5,59.3,28.4,2400.02048,0.8438,0x0
2026-02-03T20:41:38.403989,59.5,60.4,28.2,2400.03712,0.8438,0x0
2026-02-03T20:41:39.427695,60.05,60.2,28.0,2400.023808,0.8438,0x0
2026-02-03T20:41:40.448789,60.05,60.4,28.1,2400.02048,0.8438,0x0
2026-02-03T20:41:41.474192,59.5,59.1,28.1,2400.023808,0.8438,0x0
2026-02-03T20:41:42.500232,60.05,60.2,28.2,2400.017408,0.8438,0x0
2026-02-03T20:41:43.521026,60.05,60.2,28.0,2400.033792,0.8438,0x0
2026-02-03T20:41:44.542160,60.05,59.2,28.0,2400.030464,0.8438,0x0
2026-02-03T20:41:45.563842,58.95,60.5,28.2,2400.033792,0.8438,0x0
2026-02-03T20:41:46.583194,60.6,60.3,28.1,2400.023808,0.8438,0x0
2026-02-03T20:41:47.618171,60.05,69.6,28.1,2400.030464,0.8438,0x0
2026-02-03T20:41:48.642130,61.15,61.4,28.1,2400.027136,0.8438,0x0
2026-02-03T20:41:49.666636,58.95,57.7,27.9,2400.030464,0.8438,0x0
2026-02-03T20:41:50.687439,60.6,60.4,28.1,2400.030464,0.8438,0x0
2026-02-03T20:41:51.710565,59.5,57.3,28.1,2400.027136,0.8438,0x0
2026-02-03T20:41:52.734798,58.95,57.8,28.0,2400.030464,0.8438,0x0
2026-02-03T20:41:53.761079,60.05,57.3,28.0,2400.027136,0.8438,0x0
2026-02-03T20:41:54.783132,60.6,57.7,27.9,2400.033792,0.8438,0x0
2026-02-03T20:41:55.802162,60.05,60.3,27.7,2400.027136,0.8438,0x0
2026-02-03T20:41:56.826679,61.15,64.6,27.9,2400.027136,0.8438,0x0
2026-02-03T20:41:57.851671,58.4,57.8,27.7,2400.017408,0.8438,0x0
2026-02-03T20:41:58.877247,60.6,59.2,28.0,2400.030464,0.8438,0x0
2026-02-03T20:41:59.904409,61.15,59.8,28.2,2400.023808,0.8438,0x0
2026-02-03T20:42:00.928920,60.05,58.2,28.2,2400.027136,0.8438,0x0
2026-02-03T20:42:01.947298,60.05,68.2,28.1,2400.017408,0.8438,0x0
2026-02-03T20:42:02.967062,60.6,57.0,28.0,2400.033792,0.8438,0x0
2026-02-03T20:42:03.996592,60.05,56.5,27.8,2400.027136,0.8438,0x0
2026-02-03T20:42:05.014147,60.05,56.3,27.9,2400.023808,0.8438,0x0
2026-02-03T20:42:06.037737,58.95,59.7,27.8,2400.030464,0.8438,0x0
2026-02-03T20:42:07.059359,58.4,60.2,28.0,2400.02048,0.8438,0x0
2026-02-03T20:42:08.080144,61.7,57.8,28.0,2400.030464,0.8438,0x0
2026-02-03T20:42:09.104465,60.05,58.5,28.0,2400.030464,0.8438,0x0
2026-02-03T20:42:10.125071,59.5,64.7,28.1,2400.02048,0.8438,0x0
2026-02-03T20:42:11.148530,59.5,63.7,28.0,2400.023808,0.8438,0x0
2026-02-03T20:42:12.166874,58.95,56.6,28.1,2400.030464,0.8438,0x0
2026-02-03T20:42:13.191749,60.05,57.2,28.3,2400.027136,0.8438,0x0
2026-02-03T20:42:14.214888,61.15,61.9,28.3,2400.030464,0.8438,0x0
2026-02-03T20:42:15.237513,60.05,64.7,28.2,2400.033792,0.8438,0x0
2026-02-03T20:42:16.261456,60.05,57.3,28.4,2400.027136,0.8438,0x0
2026-02-03T20:42:17.282940,60.6,67.7,28.2,2400.02048,0.8438,0x0
2026-02-03T20:42:18.309053,58.4,58.5,28.4,2400.030464,0.8438,0x0
2026-02-03T20:42:19.328651,60.6,59.1,28.3,2400.03712,0.8438,0x0
2026-02-03T20:42:20.349161,60.05,57.7,28.2,2400.033792,0.8438,0x0
2026-02-03T20:42:21.479912,61.15,58.6,27.9,2400.027136,0.8438,0x0
2026-02-03T20:42:22.500432,58.95,59.0,27.7,2400.030464,0.8438,0x0
2026-02-03T20:42:23.524067,60.6,59.5,28.1,2400.02048,0.8438,0x0
2026-02-03T20:42:24.544631,58.95,59.0,27.9,2400.030464,0.8438,0x0
2026-02-03T20:42:25.564772,60.6,57.4,27.9,2400.033792,0.8438,0x0
2026-02-03T20:42:26.583547,59.5,57.9,27.8,2400.030464,0.8438,0x0
2026-02-03T20:42:27.604299,61.7,56.9,28.0,2400.023808,0.8438,0x0
2026-02-03T20:42:28.625223,60.6,58.6,28.1,2400.02048,0.8438,0x0
2026-02-03T20:42:29.646390,60.05,57.3,28.2,2400.02048,0.8438,0x0
2026-02-03T20:42:30.667348,59.5,60.0,28.4,2400.033792,0.8438,0x0
2026-02-03T20:42:31.695984,59.5,59.9,28.1,2400.030464,0.8438,0x0
2026-02-03T20:42:32.715049,60.6,66.8,28.0,2400.027136,0.8438,0x0
2026-02-03T20:42:33.733057,60.6,60.9,27.9,2400.030464,0.8438,0x0
2026-02-03T20:42:34.751945,58.4,60.9,27.8,2400.033792,0.8438,0x0
2026-02-03T20:42:35.776408,60.05,60.0,27.9,2400.027136,0.8438,0x0
2026-02-03T20:42:36.796658,60.05,58.4,28.0,2400.030464,0.8438,0x0
2026-02-03T20:42:37.824689,60.6,58.8,28.0,2400.023808,0.8438,0x0
2026-02-03T20:42:38.846328,59.5,58.3,28.1,2400.023808,0.8438,0x0
2026-02-03T20:42:39.865787,60.05,58.5,28.3,2400.033792,0.8438,0x0
2026-02-03T20:42:40.891136,61.15,59.3,28.2,2400.02048,0.8438,0x0
2026-02-03T20:42:41.909695,59.5,60.9,28.2,2400.023808,0.8438,0x0
2026-02-03T20:42:42.929835,60.05,58.2,28.2,2400.027136,0.8438,0x0
2026-02-03T20:42:43.951175,58.95,57.9,28.1,2400.02048,0.8438,0x0
2026-02-03T20:42:44.982638,60.05,59.3,28.1,2400.023808,0.8438,0x0
2026-02-03T20:42:46.003661,60.05,59.9,28.1,2400.027136,0.8438,0x0
2026-02-03T20:42:47.028250,61.15,59.5,28.4,2400.02048,0.8438,0x0
2026-02-03T20:42:48.046748,61.15,67.7,28.3,2400.027136,0.8438,0x0
2026-02-03T20:42:49.066265,59.5,59.3,28.1,2400.033792,0.8438,0x0
2026-02-03T20:42:50.090764,60.05,59.4,28.1,2400.027136,0.8438,0x0
2026-02-03T20:42:51.114742,60.6,58.7,28.1,2400.03712,0.8438,0x0
2026-02-03T20:42:52.139524,60.6,58.9,28.1,2400.023808,0.8438,0x0
2026-02-03T20:42:53.161768,58.95,59.5,28.2,2400.033792,0.8438,0x0
2026-02-03T20:42:54.191178,60.6,60.2,27.9,2400.02048,0.8438,0x0
2026-02-03T20:42:55.214778,60.05,58.5,28.0,2400.027136,0.8438,0x0
2026-02-03T20:42:56.236204,61.15,57.0,28.2,2400.030464,0.8438,0x0
2026-02-03T20:42:57.262579,61.15,58.9,28.2,2400.02048,0.8438,0x0
2026-02-03T20:42:58.286556,60.6,59.7,27.9,2400.030464,0.8438,0x0
2026-02-03T20:42:59.315554,59.5,59.5,27.9,2400.023808,0.8438,0x0
2026-02-03T20:43:00.343386,59.5,59.1,27.8,2400.02048,0.8438,0x0
2026-02-03T20:43:01.364323,60.05,59.5,28.0,2400.02048,0.8438,0x0
2026-02-03T20:43:02.384453,59.5,58.1,28.1,2400.033792,0.8438,0x0
2026-02-03T20:43:03.415898,60.05,68.9,28.0,2400.03712,0.8438,0x0
2026-02-03T20:43:04.439707,61.15,58.6,28.1,2400.033792,0.8438,0x0
2026-02-03T20:43:05.464216,60.6,59.0,28.0,2400.030464,0.8438,0x0
2026-02-03T20:43:06.483856,58.95,60.1,28.0,2400.02048,0.8438,0x0
2026-02-03T20:43:07.505249,60.05,60.0,28.0,2400.027136,0.8438,0x0
2026-02-03T20:43:08.528882,60.05,60.1,28.2,2400.02048,0.8438,0x0
2026-02-03T20:43:09.548512,61.15,58.7,28.1,2400.02048,0.8438,0x0
2026-02-03T20:43:10.571984,58.95,59.0,28.0,2400.030464,0.8438,0x0
2026-02-03T20:43:11.595286,60.05,60.3,28.1,2400.02048,0.8438,0x0
2026-02-03T20:43:12.617624,59.5,56.5,28.2,2400.017408,0.8438,0x0
2026-02-03T20:43:13.642984,60.05,56.5,28.0,2400.02048,0.8438,0x0
2026-02-03T20:43:14.665580,60.6,58.8,27.8,2400.030464,0.8438,0x0
2026-02-03T20:43:15.686880,60.6,58.5,27.9,2400.033792,0.8438,0x0
2026-02-03T20:43:16.717638,60.05,59.7,27.8,2400.033792,0.8438,0x0
2026-02-03T20:43:17.744593,59.5,61.2,27.8,2400.02048,0.8438,0x0
2026-02-03T20:43:18.766071,60.05,58.3,27.8,2400.030464,0.8438,0x0
2026-02-03T20:43:19.793773,59.5,70.9,28.0,2400.02048,0.8438,0x0
2026-02-03T20:43:20.816456,61.15,60.8,28.1,2400.023808,0.8438,0x0
2026-02-03T20:43:21.839302,60.05,64.0,28.2,2400.027136,0.8438,0x0
2026-02-03T20:43:22.862280,61.15,60.0,28.0,2400.033792,0.8438,0x0
2026-02-03T20:43:23.890068,60.05,59.7,27.9,2400.033792,0.8438,0x0
2026-02-03T20:43:24.914701,59.5,58.4,28.0,2400.027136,0.8438,0x0
2026-02-03T20:43:25.935217,58.95,59.2,28.2,2400.030464,0.8438,0x0
2026-02-03T20:43:26.956857,60.05,56.6,28.4,2400.02048,0.8438,0x0
2026-02-03T20:43:27.979138,60.6,58.5,28.3,2400.030464,0.8438,0x0
2026-02-03T20:43:29.002262,59.5,57.5,28.2,2400.033792,0.8438,0x0
2026-02-03T20:43:30.022227,59.5,60.2,28.0,2400.030464,0.8438,0x0
2026-02-03T20:43:31.050446,60.6,60.2,28.0,2400.027136,0.8438,0x0
2026-02-03T20:43:32.075857,59.5,59.7,28.0,2400.023808,0.8438,0x0
2026-02-03T20:43:33.105006,60.05,60.3,28.3,2400.033792,0.8438,0x0
2026-02-03T20:43:34.125267,59.5,59.3,28.3,2400.023808,0.8438,0x0
2026-02-03T20:43:35.145626,59.5,68.6,28.0,2400.02048,0.8438,0x0
2026-02-03T20:43:36.171766,59.5,62.9,27.9,2400.02048,0.8438,0x0
2026-02-03T20:43:37.192317,61.15,59.1,28.0,2400.030464,0.8438,0x0
2026-02-03T20:43:38.216455,59.5,61.4,27.9,2400.03712,0.8438,0x0
2026-02-03T20:43:39.250402,60.05,59.1,28.1,2400.02048,0.8438,0x0
2026-02-03T20:43:40.272234,60.6,58.7,28.0,2400.030464,0.8438,0x0
2026-02-03T20:43:41.294845,60.05,62.1,27.7,2400.023808,0.8438,0x0
2026-02-03T20:43:42.323530,60.05,58.7,27.8,2400.033792,0.8438,0x0
2026-02-03T20:43:43.345430,61.15,57.2,28.0,2400.027136,0.8438,0x0
2026-02-03T20:43:44.364283,58.4,59.2,28.2,2400.02048,0.8438,0x0
2026-02-03T20:43:45.381356,60.6,57.5,28.3,2400.033792,0.8438,0x0
2026-02-03T20:43:46.412866,61.7,58.4,28.2,2400.027136,0.8438,0x0
2026-02-03T20:43:47.430868,59.5,57.4,27.9,2400.030464,0.8438,0x0
2026-02-03T20:43:48.450683,60.6,57.5,28.0,2400.02048,0.8438,0x0
2026-02-03T20:43:49.482091,60.05,69.2,28.0,2400.033792,0.8438,0x0
2026-02-03T20:43:50.506541,57.85,58.4,27.9,2400.027136,0.8438,0x0
2026-02-03T20:43:51.533348,60.05,60.0,28.1,2400.033792,0.8438,0x0
2026-02-03T20:43:52.557772,61.15,58.8,28.2,2400.033792,0.8438,0x0
2026-02-03T20:43:53.582195,58.95,62.0,27.8,2400.030464,0.8438,0x0
2026-02-03T20:43:54.614022,59.5,59.9,27.8,2400.027136,0.8438,0x0
2026-02-03T20:43:55.635922,60.6,59.4,27.9,2400.033792,0.8438,0x0
2026-02-03T20:43:56.662851,61.15,61.2,27.9,2400.02048,0.8438,0x0
2026-02-03T20:43:57.692783,60.6,59.6,27.8,2400.027136,0.8438,0x0
2026-02-03T20:43:58.716810,60.05,61.7,27.9,2400.027136,0.8438,0x0
2026-02-03T20:43:59.743685,60.6,61.2,28.1,2400.030464,0.8438,0x0
2026-02-03T20:44:00.765275,60.05,60.3,28.5,2400.02048,0.8438,0x0
2026-02-03T20:44:01.789290,60.6,61.2,28.7,2400.033792,0.8438,0x0
2026-02-03T20:44:02.811965,59.5,61.5,28.4,2400.027136,0.8438,0x0
2026-02-03T20:44:03.833488,60.05,61.8,28.0,2400.027136,0.8438,0x0
2026-02-03T20:44:04.853097,61.15,68.9,28.0,2400.033792,0.8438,0x0
2026-02-03T20:44:05.879735,59.5,62.1,28.0,2400.023808,0.8438,0x0
2026-02-03T20:44:06.905462,59.5,58.3,28.1,2400.033792,0.8438,0x0
2026-02-03T20:44:07.930510,59.5,58.7,28.0,2400.033792,0.8438,0x0
2026-02-03T20:44:08.955663,61.15,59.6,27.9,2400.023808,0.8438,0x0
2026-02-03T20:44:09.977722,60.05,58.4,28.0,2400.023808,0.8438,0x0
2026-02-03T20:44:11.008834,61.15,57.4,27.8,2400.03712,0.8438,0x0
2026-02-03T20:44:12.031486,60.05,62.3,27.8,2400.027136,0.8438,0x0
2026-02-03T20:44:13.049757,60.05,60.8,28.1,2400.033792,0.8438,0x0
2026-02-03T20:44:14.076765,60.05,60.0,28.0,2400.030464,0.8438,0x0
2026-02-03T20:44:15.098600,58.95,61.2,27.9,2400.030464,0.8438,0x0
2026-02-03T20:44:16.123475,60.6,57.9,28.1,2400.030464,0.8438,0x0
2026-02-03T20:44:17.146063,61.15,58.7,27.9,2400.02048,0.8438,0x0
2026-02-03T20:44:18.166122,60.05,59.5,28.0,2400.033792,0.8438,0x0
2026-02-03T20:44:19.189366,60.6,58.3,28.1,2400.023808,0.8438,0x0
2026-02-03T20:44:20.210675,59.5,67.6,28.2,2400.02048,0.8438,0x0
2026-02-03T20:44:21.230433,60.05,60.4,28.1,2400.023808,0.8438,0x0
2026-02-03T20:44:22.255639,60.6,59.5,28.1,2400.033792,0.8438,0x0
2026-02-03T20:44:23.276407,59.5,60.6,28.0,2400.023808,0.8438,0x0
2026-02-03T20:44:24.296602,60.6,57.0,28.0,2400.02048,0.8438,0x0
2026-02-03T20:44:25.315374,58.4,56.7,28.0,2400.023808,0.8438,0x0
2026-02-03T20:44:26.436989,59.5,60.9,28.0,2400.023808,0.8438,0x0
2026-02-03T20:44:27.463499,59.5,60.7,28.3,2400.030464,0.8438,0x0
2026-02-03T20:44:28.482626,60.05,58.2,28.2,2400.03712,0.8438,0x0
2026-02-03T20:44:29.506381,60.05,58.6,28.1,2400.027136,0.8438,0x0
2026-02-03T20:44:30.527122,61.15,60.3,28.3,2400.023808,0.8438,0x0
2026-02-03T20:44:31.546321,60.6,61.7,28.2,2400.033792,0.8438,0x0
2026-02-03T20:44:32.563921,60.05,59.5,28.2,2400.023808,0.8438,0x0
2026-02-03T20:44:33.587084,60.05,71.5,27.9,2400.017408,0.8438,0x0
2026-02-03T20:44:34.609938,59.5,59.6,28.0,2400.02048,0.8438,0x0
2026-02-03T20:44:35.633288,60.05,60.0,28.2,2400.027136,0.8438,0x0
2026-02-03T20:44:36.661970,58.95,59.0,28.0,2400.023808,0.8438,0x0
2026-02-03T20:44:37.680965,61.15,59.2,28.0,2400.030464,0.8438,0x0
2026-02-03T20:44:38.699060,60.6,61.6,27.9,2400.02048,0.8438,0x0
2026-02-03T20:44:39.723506,60.05,61.2,27.8,2400.030464,0.8438,0x0
2026-02-03T20:44:40.746425,60.05,58.6,27.7,2400.02048,0.8438,0x0
2026-02-03T20:44:41.771107,61.15,60.6,27.8,2400.027136,0.8438,0x0
2026-02-03T20:44:42.796211,61.15,60.1,27.7,2400.023808,0.8438,0x0
2026-02-03T20:44:43.815448,59.5,58.5,28.0,2400.033792,0.8438,0x0
2026-02-03T20:44:44.835163,59.5,58.3,28.2,2400.030464,0.8438,0x0
2026-02-03T20:44:45.858630,60.6,69.1,28.4,2400.02048,0.8438,0x0
2026-02-03T20:44:46.879005,61.7,60.9,28.5,2400.027136,0.8438,0x0
2026-02-03T20:44:47.905290,59.5,60.7,28.2,2400.02048,0.8438,0x0
2026-02-03T20:44:48.926125,60.05,60.0,28.1,2400.023808,0.8438,0x0
2026-02-03T20:44:49.945891,61.15,58.0,28.0,2400.030464,0.8438,0x0
2026-02-03T20:44:50.966442,61.15,60.2,28.0,2400.030464,0.8438,0x0
2026-02-03T20:44:52.089387,59.5,60.4,28.1,2400.023808,0.8438,0x0
2026-02-03T20:44:53.111286,60.05,59.9,28.1,2400.03712,0.8438,0x0
2026-02-03T20:44:54.131572,60.05,60.6,27.9,2400.033792,0.8438,0x0
2026-02-03T20:44:55.159693,58.95,59.5,27.8,2400.033792,0.8438,0x0
2026-02-03T20:44:56.280851,60.05,59.0,27.9,2400.033792,0.8438,0x0
2026-02-03T20:44:57.298740,59.5,58.9,28.1,2400.033792,0.8438,0x0
2026-02-03T20:44:58.317530,60.05,58.0,28.0,2400.017408,0.8438,0x0
2026-02-03T20:44:59.339740,61.15,60.4,27.8,2400.017408,0.8438,0x0
2026-02-03T20:45:00.359664,59.5,59.2,28.0,2400.03712,0.8438,0x0
2026-02-03T20:45:01.382914,59.5,69.0,28.1,2400.03712,0.8438,0x0
2026-02-03T20:45:02.412286,61.15,60.7,27.9,2400.027136,0.8438,0x0
2026-02-03T20:45:03.433371,60.6,59.5,27.9,2400.02048,0.8438,0x0
2026-02-03T20:45:04.459168,60.05,57.9,28.1,2400.030464,0.8438,0x0
2026-02-03T20:45:05.480069,61.15,58.9,28.1,2400.017408,0.8438,0x0
2026-02-03T20:45:06.503669,58.95,60.5,28.0,2400.02048,0.8438,0x0
2026-02-03T20:45:07.524855,60.05,60.9,28.1,2400.027136,0.8438,0x0
2026-02-03T20:45:08.549566,60.05,58.4,28.4,2400.033792,0.8438,0x0
2026-02-03T20:45:09.572271,60.6,62.7,28.3,2400.023808,0.8438,0x0
2026-02-03T20:45:10.598066,60.05,59.0,28.3,2400.030464,0.8438,0x0
2026-02-03T20:45:11.619151,60.05,60.3,28.4,2400.023808,0.8438,0x0
2026-02-03T20:45:12.641538,59.5,59.3,27.9,2400.023808,0.8438,0x0
2026-02-03T20:45:13.672936,58.95,60.1,28.0,2400.033792,0.8438,0x0
2026-02-03T20:45:14.700812,61.15,58.5,28.0,2400.030464,0.8438,0x0
2026-02-03T20:45:15.723158,60.6,60.5,28.2,2400.027136,0.8438,0x0
2026-02-03T20:45:16.746080,60.05,70.3,28.0,2400.033792,0.8438,0x0
2026-02-03T20:45:17.766144,61.15,60.5,27.9,2400.030464,0.8438,0x0
2026-02-03T20:45:18.790571,59.5,60.2,28.2,2400.027136,0.8438,0x0
2026-02-03T20:45:19.812439,61.15,59.9,28.1,2400.03712,0.8438,0x0
2026-02-03T20:45:20.833409,60.6,59.3,28.2,2400.03712,0.8438,0x0
2026-02-03T20:45:21.863111,60.05,57.8,28.3,2400.02048,0.8438,0x0
2026-02-03T20:45:22.881510,61.15,58.1,28.2,2400.02048,0.8438,0x0
2026-02-03T20:45:23.905155,61.7,59.7,28.1,2400.017408,0.8438,0x0
2026-02-03T20:45:24.928711,59.5,57.5,28.1,2400.02048,0.8438,0x0
2026-02-03T20:45:26.057363,59.5,60.7,28.1,2400.033792,0.8438,0x0
2026-02-03T20:45:27.077568,59.5,58.4,28.1,2400.030464,0.8438,0x0
2026-02-03T20:45:28.099580,60.6,61.6,28.0,2400.030464,0.8438,0x0
2026-02-03T20:45:29.121515,58.4,58.7,28.0,2400.033792,0.8438,0x0
2026-02-03T20:45:30.142101,60.05,60.1,27.9,2400.033792,0.8438,0x0
2026-02-03T20:45:31.164999,59.5,57.9,28.2,2400.027136,0.8438,0x0
2026-02-03T20:45:32.185306,61.15,67.8,28.2,2400.033792,0.8438,0x0
2026-02-03T20:45:33.212455,60.6,59.1,28.2,2400.027136,0.8438,0x0
2026-02-03T20:45:34.234455,60.05,62.1,28.1,2400.02048,0.8438,0x0
2026-02-03T20:45:35.255300,61.15,58.2,28.1,2400.030464,0.8438,0x0
2026-02-03T20:45:36.278873,58.95,56.9,27.8,2400.023808,0.8438,0x0
2026-02-03T20:45:37.298609,58.95,58.1,27.9,2400.02048,0.8438,0x0
2026-02-03T20:45:38.320225,60.05,58.4,27.9,2400.030464,0.8438,0x0
2026-02-03T20:45:39.345907,59.5,58.3,28.0,2400.027136,0.8438,0x0
2026-02-03T20:45:40.369128,59.5,62.3,27.9,2400.023808,0.8438,0x0
2026-02-03T20:45:41.391345,60.6,60.2,28.0,2400.033792,0.8438,0x0
2026-02-03T20:45:42.416887,60.05,59.7,28.1,2400.027136,0.8438,0x0
2026-02-03T20:45:43.443926,60.6,60.5,28.0,2400.030464,0.8438,0x0
2026-02-03T20:45:44.464576,61.15,57.9,28.2,2400.02048,0.8438,0x0
2026-02-03T20:45:45.497860,61.15,57.7,28.3,2400.030464,0.8438,0x0
2026-02-03T20:45:46.526338,60.05,60.9,28.2,2400.030464,0.8438,0x0
2026-02-03T20:45:47.548747,59.5,68.1,28.0,2400.027136,0.8438,0x0
2026-02-03T20:45:48.576319,60.6,58.5,28.0,2400.033792,0.8438,0x0
2026-02-03T20:45:49.598960,59.5,60.1,27.8,2400.030464,0.8438,0x0
2026-02-03T20:45:50.619935,60.05,59.8,27.7,2400.027136,0.8438,0x0
2026-02-03T20:45:51.644868,59.5,57.6,28.0,2400.027136,0.8438,0x0
2026-02-03T20:45:52.680003,60.05,59.5,28.0,2400.030464,0.8438,0x0
2026-02-03T20:45:53.698034,60.05,61.8,28.2,2400.03712,0.8438,0x0
2026-02-03T20:45:54.716452,61.15,56.7,28.1,2400.023808,0.8438,0x0
2026-02-03T20:45:55.738585,60.05,57.9,28.1,2400.023808,0.8438,0x0
2026-02-03T20:45:56.762585,59.5,58.2,28.1,2400.030464,0.8438,0x0
2026-02-03T20:45:57.881604,58.95,58.3,28.1,2400.033792,0.8438,0x0
2026-02-03T20:45:58.901288,60.05,58.4,28.2,2400.033792,0.8438,0x0
2026-02-03T20:45:59.925815,61.15,59.0,28.2,2400.027136,0.8438,0x0
2026-02-03T20:46:00.946809,60.05,58.1,28.2,2400.023808,0.8438,0x0
2026-02-03T20:46:01.968580,60.05,58.4,28.2,2400.033792,0.8438,0x0
2026-02-03T20:46:02.991929,60.05,70.3,28.0,2400.023808,0.8438,0x0
2026-02-03T20:46:04.012374,59.5,61.6,27.9,2400.030464,0.8438,0x0
2026-02-03T20:46:05.133100,59.5,59.5,28.0,2400.023808,0.8438,0x0
2026-02-03T20:46:06.156822,60.05,60.3,27.9,2400.03712,0.8438,0x0
2026-02-03T20:46:07.181581,60.05,59.2,28.0,2400.03712,0.8438,0x0
2026-02-03T20:46:08.204274,60.05,61.6,28.2,2400.03712,0.8438,0x0
2026-02-03T20:46:09.227126,61.15,60.0,28.3,2400.02048,0.8438,0x0
2026-02-03T20:46:10.245056,61.15,62.7,28.1,2400.023808,0.8438,0x0
2026-02-03T20:46:11.266001,59.5,58.5,28.2,2400.027136,0.8438,0x0
2026-02-03T20:46:12.300613,60.6,60.1,28.2,2400.033792,0.8438,0x0
2026-02-03T20:46:13.328113,60.6,61.3,28.3,2400.03712,0.8438,0x0
2026-02-03T20:46:14.346987,60.05,59.2,28.1,2400.023808,0.8438,0x0
2026-02-03T20:46:15.377003,61.15,58.7,28.1,2400.02048,0.8438,0x0
2026-02-03T20:46:16.398156,60.05,59.3,28.2,2400.030464,0.8438,0x0
2026-02-03T20:46:17.418242,59.5,70.9,28.3,2400.033792,0.8438,0x0
2026-02-03T20:46:18.443725,60.05,60.4,28.1,2400.023808,0.8438,0x0
2026-02-03T20:46:19.464635,60.6,59.4,28.1,2400.027136,0.8438,0x0
2026-02-03T20:46:20.489337,61.7,58.6,28.1,2400.023808,0.8438,0x0
2026-02-03T20:46:21.512887,60.05,59.4,28.0,2400.030464,0.8438,0x0
2026-02-03T20:46:22.540503,60.05,57.2,27.9,2400.030464,0.8438,0x0
2026-02-03T20:46:23.561766,59.5,57.8,28.1,2400.02048,0.8438,0x0
2026-02-03T20:46:24.582797,58.95,59.0,27.9,2400.030464,0.8438,0x0
2026-02-03T20:46:25.605542,58.95,58.9,27.8,2400.030464,0.8438,0x0
2026-02-03T20:46:26.629202,60.05,59.2,27.9,2400.027136,0.8438,0x0
2026-02-03T20:46:27.649934,57.85,58.0,28.0,2400.027136,0.8438,0x0
2026-02-03T20:46:28.675675,60.05,58.7,28.3,2400.03712,0.8438,0x0
2026-02-03T20:46:29.698269,60.05,61.7,28.2,2400.017408,0.8438,0x0
2026-02-03T20:46:30.716624,61.15,59.3,28.1,2400.027136,0.8438,0x0
2026-02-03T20:46:31.740744,60.05,60.0,28.3,2400.030464,0.8438,0x0
2026-02-03T20:46:32.761551,60.6,69.3,28.4,2400.023808,0.8438,0x0
2026-02-03T20:46:33.784757,60.05,61.0,28.1,2400.033792,0.8438,0x0
2026-02-03T20:46:34.815688,60.6,61.9,28.1,2400.03712,0.8438,0x0
2026-02-03T20:46:35.843727,60.05,60.0,28.1,2400.023808,0.8438,0x0
2026-02-03T20:46:36.865445,60.05,61.5,28.1,2400.03712,0.8438,0x0
2026-02-03T20:46:37.892053,60.05,60.5,28.1,2400.023808,0.8438,0x0
2026-02-03T20:46:38.914798,61.15,59.5,28.2,2400.033792,0.8438,0x0
2026-02-03T20:46:39.937666,60.05,64.0,28.2,2400.027136,0.8438,0x0
2026-02-03T20:46:40.960400,60.05,61.0,28.1,2400.03712,0.8438,0x0
2026-02-03T20:46:41.981014,60.05,60.0,28.1,2400.033792,0.8438,0x0
2026-02-03T20:46:43.000551,60.6,62.0,28.2,2400.02048,0.8438,0x0
2026-02-03T20:46:44.034018,61.7,60.5,28.1,2400.017408,0.8438,0x0
2026-02-03T20:46:45.057657,60.6,58.8,28.1,2400.023808,0.8438,0x0
2026-02-03T20:46:46.078208,61.15,59.1,28.0,2400.023808,0.8438,0x0
2026-02-03T20:46:47.096536,60.6,58.4,28.2,2400.033792,0.8438,0x0
2026-02-03T20:46:48.119532,59.5,69.4,28.0,2400.023808,0.8438,0x0
2026-02-03T20:46:49.142732,61.15,57.0,28.1,2400.023808,0.8438,0x0
2026-02-03T20:46:50.161943,61.15,58.9,27.9,2400.02048,0.8438,0x0
2026-02-03T20:46:51.182045,58.95,60.1,28.0,2400.023808,0.8438,0x0
2026-02-03T20:46:52.203825,60.05,60.0,28.0,2400.02048,0.8438,0x0
2026-02-03T20:46:53.229133,58.95,58.9,28.1,2400.02048,0.8438,0x0
2026-02-03T20:46:54.246866,61.7,60.8,28.1,2400.027136,0.8438,0x0
2026-02-03T20:46:55.266364,59.5,61.5,28.3,2400.027136,0.8438,0x0
2026-02-03T20:46:56.290590,59.5,60.3,27.9,2400.023808,0.8438,0x0
2026-02-03T20:46:57.311002,59.5,57.3,28.1,2400.02048,0.8438,0x0
2026-02-03T20:46:58.339244,60.05,59.0,27.9,2400.03712,0.8438,0x0
2026-02-03T20:46:59.360403,61.15,59.7,28.2,2400.030464,0.8438,0x0
2026-02-03T20:47:00.381075,61.15,60.3,28.3,2400.033792,0.8438,0x0
2026-02-03T20:47:01.404972,61.7,59.6,28.2,2400.033792,0.8438,0x0
2026-02-03T20:47:02.425885,59.5,58.4,28.1,2400.027136,0.8438,0x0
2026-02-03T20:47:03.447903,61.15,68.3,28.1,2400.033792,0.8438,0x0
2026-02-03T20:47:04.469210,60.05,57.6,28.0,2400.033792,0.8438,0x0
2026-02-03T20:47:05.495767,61.15,58.1,27.8,2400.02048,0.8438,0x0
2026-02-03T20:47:06.514461,60.05,60.0,27.7,2400.02048,0.8438,0x0
2026-02-03T20:47:07.535267,59.5,60.3,27.9,2400.03712,0.8438,0x0
2026-02-03T20:47:08.562377,59.5,64.2,27.9,2400.027136,0.8438,0x0
2026-02-03T20:47:09.582104,60.6,62.0,27.9,2400.02048,0.8438,0x0
2026-02-03T20:47:10.610570,58.95,58.9,28.2,2400.027136,0.8438,0x0
2026-02-03T20:47:11.647767,58.4,58.9,28.3,2400.030464,0.8438,0x0
2026-02-03T20:47:12.667677,58.95,60.6,28.5,2400.02048,0.8438,0x0
2026-02-03T20:47:13.686163,58.95,56.8,28.1,2400.033792,0.8438,0x0
2026-02-03T20:47:14.708698,60.6,61.1,28.2,2400.030464,0.8438,0x0
2026-02-03T20:47:15.730526,60.6,60.5,28.0,2400.033792,0.8438,0x0
2026-02-03T20:47:16.756221,58.95,67.4,28.2,2400.03712,0.8438,0x0
2026-02-03T20:47:17.781664,59.5,57.9,28.2,2400.030464,0.8438,0x0
2026-02-03T20:47:18.801635,60.6,60.7,27.8,2400.02048,0.8438,0x0
2026-02-03T20:47:19.825023,61.15,58.2,28.0,2400.02048,0.8438,0x0
2026-02-03T20:47:20.851448,60.05,62.9,28.0,2400.03712,0.8438,0x0
2026-02-03T20:47:21.974401,60.05,60.4,27.9,2400.02048,0.8438,0x0
2026-02-03T20:47:22.994490,61.15,56.8,28.0,2400.023808,0.8438,0x0
2026-02-03T20:47:24.013314,61.7,57.1,28.0,2400.030464,0.8438,0x0
2026-02-03T20:47:25.033693,58.95,59.3,28.0,2400.023808,0.8438,0x0
2026-02-03T20:47:26.058984,59.5,58.9,28.2,2400.033792,0.8438,0x0
2026-02-03T20:47:27.081923,60.05,59.6,28.1,2400.023808,0.8438,0x0
2026-02-03T20:47:28.110178,60.05,59.1,28.2,2400.030464,0.8438,0x0
2026-02-03T20:47:29.130010,60.05,57.2,28.1,2400.023808,0.8438,0x0
2026-02-03T20:47:30.149412,59.5,72.8,28.0,2400.023808,0.8438,0x0
2026-02-03T20:47:31.173609,61.15,60.1,28.0,2400.023808,0.8438,0x0
2026-02-03T20:47:32.196124,58.95,58.4,28.1,2400.030464,0.8438,0x0
2026-02-03T20:47:33.215822,60.6,57.2,28.1,2400.033792,0.8438,0x0
2026-02-03T20:47:34.239273,60.6,60.4,28.0,2400.027136,0.8438,0x0
2026-02-03T20:47:35.260704,57.85,58.9,28.0,2400.027136,0.8438,0x0
2026-02-03T20:47:36.283633,60.05,57.6,28.2,2400.017408,0.8438,0x0
2026-02-03T20:47:37.312473,61.15,60.0,28.1,2400.030464,0.8438,0x0
2026-02-03T20:47:38.333793,59.5,59.2,28.0,2400.033792,0.8438,0x0
2026-02-03T20:47:39.362037,59.5,58.3,28.2,2400.033792,0.8438,0x0
2026-02-03T20:47:40.382480,60.6,57.5,28.4,2400.02048,0.8438,0x0
2026-02-03T20:47:41.408423,59.5,58.4,28.2,2400.030464,0.8438,0x0
2026-02-03T20:47:42.433022,58.95,60.3,28.1,2400.030464,0.8438,0x0
2026-02-03T20:47:43.457520,60.05,57.5,28.0,2400.023808,0.8438,0x0
2026-02-03T20:47:44.480425,60.05,58.1,28.2,2400.033792,0.8438,0x0
2026-02-03T20:47:45.503588,60.05,68.4,28.1,2400.030464,0.8438,0x0
2026-02-03T20:47:46.535677,61.7,59.8,28.1,2400.017408,0.8438,0x0
2026-02-03T20:47:47.576019,61.15,61.2,28.0,2400.02048,0.8438,0x0
2026-02-03T20:47:48.599900,60.05,73.2,28.0,2400.030464,0.8438,0x0
2026-02-03T20:47:49.622732,60.6,60.6,27.9,2400.030464,0.8438,0x0
2026-02-03T20:47:50.646268,60.05,59.8,27.8,2400.027136,0.8438,0x0
2026-02-03T20:47:51.664382,60.6,57.5,27.9,2400.033792,0.8438,0x0
2026-02-03T20:47:52.784645,60.6,58.3,27.9,2400.030464,0.8438,0x0
2026-02-03T20:47:53.806152,60.05,60.4,28.2,2400.030464,0.8438,0x0
2026-02-03T20:47:54.827820,61.15,59.7,28.1,2400.030464,0.8438,0x0
2026-02-03T20:47:55.848297,60.05,56.1,28.1,2400.03712,0.8438,0x0
2026-02-03T20:47:56.875636,60.05,60.7,27.8,2400.023808,0.8438,0x0
2026-02-03T20:47:57.897381,59.5,61.0,27.9,2400.027136,0.8438,0x0
2026-02-03T20:47:58.925500,60.05,57.5,27.9,2400.023808,0.8438,0x0
2026-02-03T20:47:59.945596,61.15,68.6,28.2,2400.033792,0.8438,0x0
2026-02-03T20:48:00.969396,60.05,63.0,28.2,2400.033792,0.8438,0x0
2026-02-03T20:48:01.994300,60.05,61.5,28.4,2400.030464,0.8438,0x0
2026-02-03T20:48:03.015748,59.5,59.6,28.5,2400.027136,0.8438,0x0
2026-02-03T20:48:04.043723,59.5,56.3,28.4,2400.03712,0.8438,0x0
2026-02-03T20:48:05.063184,59.5,59.8,28.4,2400.02048,0.8438,0x0
2026-02-03T20:48:06.083223,60.05,58.8,28.3,2400.033792,0.8438,0x0
2026-02-03T20:48:07.108012,59.5,57.0,28.1,2400.03712,0.8438,0x0
2026-02-03T20:48:08.129130,60.05,58.0,28.1,2400.03712,0.8438,0x0
2026-02-03T20:48:09.154489,60.05,60.7,28.0,2400.03712,0.8438,0x0
2026-02-03T20:48:10.180110,59.5,58.8,27.8,2400.033792,0.8438,0x0
2026-02-03T20:48:11.199191,62.8,57.5,28.0,2400.030464,0.8438,0x0
2026-02-03T20:48:12.227634,59.5,58.6,28.2,2400.030464,0.8438,0x0
2026-02-03T20:48:13.250491,60.05,61.1,28.2,2400.023808,0.8438,0x0
2026-02-03T20:48:14.271781,59.5,60.4,28.2,2400.030464,0.8438,0x0
2026-02-03T20:48:15.292356,60.05,66.3,28.3,2400.023808,0.8438,0x0
2026-02-03T20:48:16.312821,59.5,60.2,28.2,2400.030464,0.8438,0x0
2026-02-03T20:48:17.334071,60.6,58.2,28.1,2400.02048,0.8438,0x0
2026-02-03T20:48:18.360742,60.6,58.2,27.9,2400.023808,0.8438,0x0
2026-02-03T20:48:19.380289,60.6,58.9,28.0,2400.023808,0.8438,0x0
2026-02-03T20:48:20.398515,60.05,56.5,28.1,2400.030464,0.8438,0x0
2026-02-03T20:48:21.424044,59.5,59.1,27.9,2400.02048,0.8438,0x0
2026-02-03T20:48:22.444965,58.95,59.4,27.9,2400.027136,0.8438,0x0
2026-02-03T20:48:23.470732,59.5,59.0,27.8,2400.033792,0.8438,0x0
2026-02-03T20:48:24.491996,59.5,58.9,28.0,2400.030464,0.8438,0x0
2026-02-03T20:48:25.512645,61.15,59.6,28.2,2400.02048,0.8438,0x0
2026-02-03T20:48:26.631261,60.05,58.2,28.0,2400.02048,0.8438,0x0
2026-02-03T20:48:27.658328,59.5,61.0,27.9,2400.033792,0.8438,0x0
2026-02-03T20:48:28.678429,58.95,67.2,28.1,2400.027136,0.8438,0x0
2026-02-03T20:48:29.703927,60.05,57.8,28.2,2400.030464,0.8438,0x0
2026-02-03T20:48:30.727159,57.85,59.1,28.3,2400.033792,0.8438,0x0
2026-02-03T20:48:31.745396,59.5,59.0,28.5,2400.02048,0.8438,0x0
2026-02-03T20:48:32.765354,60.05,58.9,28.5,2400.02048,0.8438,0x0
2026-02-03T20:48:33.786965,59.5,59.7,28.3,2400.023808,0.8438,0x0
2026-02-03T20:48:34.813513,58.95,58.2,28.1,2400.02048,0.8438,0x0
2026-02-03T20:48:35.834694,60.6,59.4,27.9,2400.02048,0.8438,0x0
2026-02-03T20:48:36.856452,58.95,59.5,28.1,2400.027136,0.8438,0x0
2026-02-03T20:48:37.878196,60.05,62.0,28.0,2400.023808,0.8438,0x0
2026-02-03T20:48:38.897862,60.6,58.2,27.9,2400.02048,0.8438,0x0
2026-02-03T20:48:39.919162,60.05,58.5,28.0,2400.03712,0.8438,0x0
2026-02-03T20:48:40.947128,60.05,63.0,28.0,2400.030464,0.8438,0x0
2026-02-03T20:48:41.967114,59.5,62.8,27.8,2400.023808,0.8438,0x0
2026-02-03T20:48:42.988412,60.6,60.1,27.9,2400.030464,0.8438,0x0
2026-02-03T20:48:44.017834,58.95,70.2,27.9,2400.02048,0.8438,0x0
2026-02-03T20:48:45.042044,60.6,63.3,28.2,2400.030464,0.8438,0x0
2026-02-03T20:48:46.067241,60.6,58.8,28.4,2400.02048,0.8438,0x0
2026-02-03T20:48:47.096026,60.05,57.7,28.5,2400.03712,0.8438,0x0
2026-02-03T20:48:48.117916,60.05,57.0,28.4,2400.030464,0.8438,0x0
2026-02-03T20:48:49.142865,59.5,58.4,28.4,2400.023808,0.8438,0x0
2026-02-03T20:48:50.162044,59.5,59.5,28.3,2400.017408,0.8438,0x0
2026-02-03T20:48:51.179319,60.6,63.0,28.3,2400.030464,0.8438,0x0
2026-02-03T20:48:52.207679,59.5,60.0,28.0,2400.03712,0.8438,0x0
2026-02-03T20:48:53.232180,60.05,60.2,28.1,2400.017408,0.8438,0x0
2026-02-03T20:48:54.252654,58.95,59.4,28.3,2400.027136,0.8438,0x0
2026-02-03T20:48:55.275275,61.15,58.3,28.2,2400.033792,0.8438,0x0
2026-02-03T20:48:56.294655,60.05,68.3,28.3,2400.033792,0.8438,0x0
2026-02-03T20:48:57.323411,60.05,59.9,27.9,2400.03712,0.8438,0x0
2026-02-03T20:48:58.343631,60.05,61.3,28.1,2400.027136,0.8438,0x0
2026-02-03T20:48:59.364282,60.05,58.9,28.3,2400.017408,0.8438,0x0
2026-02-03T20:49:00.385222,60.6,58.0,28.2,2400.017408,0.8438,0x0
2026-02-03T20:49:01.407277,61.15,59.3,28.0,2400.027136,0.8438,0x0
2026-02-03T20:49:02.430047,60.05,59.7,28.0,2400.030464,0.8438,0x0
2026-02-03T20:49:03.451860,60.6,58.7,27.8,2400.030464,0.8438,0x0
2026-02-03T20:49:04.473031,59.5,59.7,27.9,2400.02048,0.8438,0x0
2026-02-03T20:49:05.507771,60.6,60.2,28.0,2400.033792,0.8438,0x0
2026-02-03T20:49:06.531802,58.4,60.4,28.3,2400.033792,0.8438,0x0
2026-02-03T20:49:07.549989,59.5,57.9,28.4,2400.030464,0.8438,0x0
2026-02-03T20:49:08.580170,60.05,57.9,28.1,2400.02048,0.8438,0x0
2026-02-03T20:49:09.598238,58.95,59.4,28.1,2400.02048,0.8438,0x0
2026-02-03T20:49:10.621707,59.5,60.1,27.8,2400.030464,0.8438,0x0
2026-02-03T20:49:11.647866,60.6,72.5,28.0,2400.023808,0.8438,0x0
2026-02-03T20:49:12.667490,61.7,59.7,28.1,2400.023808,0.8438,0x0
2026-02-03T20:49:13.693030,59.5,58.1,28.0,2400.02048,0.8438,0x0
2026-02-03T20:49:14.717621,60.6,59.8,28.1,2400.02048,0.8438,0x0
2026-02-03T20:49:15.740811,61.15,59.8,28.0,2400.030464,0.8438,0x0
2026-02-03T20:49:16.764048,60.6,60.1,28.3,2400.027136,0.8438,0x0
2026-02-03T20:49:17.783322,58.95,62.4,28.3,2400.023808,0.8438,0x0
2026-02-03T20:49:18.812775,59.5,62.2,28.4,2400.033792,0.8438,0x0
2026-02-03T20:49:19.831783,60.05,60.0,28.4,2400.030464,0.8438,0x0
2026-02-03T20:49:20.853496,60.05,60.7,28.4,2400.033792,0.8438,0x0
2026-02-03T20:49:21.888171,58.95,59.8,28.3,2400.027136,0.8438,0x0
2026-02-03T20:49:22.910412,59.5,59.6,28.4,2400.033792,0.8438,0x0
2026-02-03T20:49:23.935829,60.05,60.0,28.1,2400.033792,0.8438,0x0
2026-02-03T20:49:24.964045,60.05,68.4,28.0,2400.033792,0.8438,0x0
2026-02-03T20:49:25.995734,58.95,61.8,27.9,2400.023808,0.8438,0x0
2026-02-03T20:49:27.018379,61.15,57.4,28.0,2400.030464,0.8438,0x0
2026-02-03T20:49:28.047267,60.05,58.8,27.9,2400.027136,0.8438,0x0
2026-02-03T20:49:29.065244,60.05,60.8,28.1,2400.033792,0.8438,0x0
2026-02-03T20:49:30.089029,59.5,60.2,28.0,2400.033792,0.8438,0x0
2026-02-03T20:49:31.114313,59.5,58.2,28.1,2400.023808,0.8438,0x0
2026-02-03T20:49:32.132204,60.6,58.7,28.0,2400.02048,0.8438,0x0
2026-02-03T20:49:33.150923,61.15,57.1,27.9,2400.02048,0.8438,0x0
2026-02-03T20:49:34.174561,60.05,60.0,27.9,2400.02048,0.8438,0x0
2026-02-03T20:49:35.197319,59.5,57.6,28.3,2400.02048,0.8438,0x0
2026-02-03T20:49:36.227729,61.15,62.0,28.2,2400.030464,0.8438,0x0
2026-02-03T20:49:37.252972,59.5,59.5,28.1,2400.023808,0.8438,0x0
2026-02-03T20:49:38.277763,58.95,70.2,28.0,2400.02048,0.8438,0x0
2026-02-03T20:49:39.297913,60.05,59.8,28.2,2400.017408,0.8438,0x0
2026-02-03T20:49:40.318321,60.6,68.0,28.4,2400.027136,0.8438,0x0
2026-02-03T20:49:41.339239,59.5,59.7,28.0,2400.027136,0.8438,0x0
2026-02-03T20:49:42.362169,61.15,59.3,28.1,2400.03712,0.8438,0x0
2026-02-03T20:49:43.383377,60.6,59.1,28.1,2400.023808,0.8438,0x0
2026-02-03T20:49:44.412582,60.05,60.6,27.8,2400.02048,0.8438,0x0
2026-02-03T20:49:45.435985,60.6,58.9,27.8,2400.02048,0.8438,0x0
2026-02-03T20:49:46.464329,60.05,60.5,28.1,2400.030464,0.8438,0x0
2026-02-03T20:49:47.582479,59.5,60.8,28.3,2400.02048,0.8438,0x0
2026-02-03T20:49:48.705650,60.6,57.3,28.1,2400.030464,0.8438,0x0
2026-02-03T20:49:49.726158,60.05,58.6,28.0,2400.02048,0.8438,0x0
2026-02-03T20:49:50.748799,59.5,56.7,28.2,2400.02048,0.8438,0x0
2026-02-03T20:49:51.766099,60.6,60.1,28.3,2400.033792,0.8438,0x0
2026-02-03T20:49:52.792708,60.6,59.0,28.1,2400.023808,0.8438,0x0
2026-02-03T20:49:53.814248,59.5,70.8,27.9,2400.030464,0.8438,0x0
2026-02-03T20:49:54.838029,59.5,59.4,27.8,2400.030464,0.8438,0x0
2026-02-03T20:49:55.875687,61.15,60.4,27.8,2400.030464,0.8438,0x0
2026-02-03T20:49:56.901736,59.5,63.4,27.9,2400.033792,0.8438,0x0
2026-02-03T20:49:57.925284,61.15,59.3,28.1,2400.033792,0.8438,0x0
2026-02-03T20:49:58.955990,61.15,59.3,28.4,2400.017408,0.8438,0x0
2026-02-03T20:49:59.976889,59.5,60.3,28.4,2400.03712,0.8438,0x0
2026-02-03T20:50:01.001237,60.6,59.5,28.3,2400.027136,0.8438,0x0
2026-02-03T20:50:02.026415,60.05,57.2,28.2,2400.030464,0.8438,0x0
2026-02-03T20:50:03.046042,60.6,60.3,28.2,2400.02048,0.8438,0x0
2026-02-03T20:50:04.068037,60.05,56.3,28.1,2400.027136,0.8438,0x0
2026-02-03T20:50:05.090917,61.15,59.1,28.0,2400.033792,0.8438,0x0
2026-02-03T20:50:06.112110,59.5,58.8,28.0,2400.02048,0.8438,0x0
2026-02-03T20:50:07.131876,60.6,58.7,28.1,2400.027136,0.8438,0x0
2026-02-03T20:50:08.162264,59.5,71.8,28.0,2400.027136,0.8438,0x0
2026-02-03T20:50:09.187380,57.85,59.9,28.1,2400.02048,0.8438,0x0
2026-02-03T20:50:10.208846,59.5,60.1,28.1,2400.03712,0.8438,0x0
2026-02-03T20:50:11.230350,60.05,60.6,28.2,2400.02048,0.8438,0x0
2026-02-03T20:50:12.262701,59.5,57.7,28.1,2400.033792,0.8438,0x0
2026-02-03T20:50:13.291651,61.15,58.2,28.1,2400.023808,0.8438,0x0
2026-02-03T20:50:14.316950,61.15,59.1,28.2,2400.023808,0.8438,0x0
2026-02-03T20:50:15.347590,60.6,57.2,28.1,2400.02048,0.8438,0x0
2026-02-03T20:50:16.373828,60.05,60.7,27.9,2400.027136,0.8438,0x0
2026-02-03T20:50:17.397399,60.6,59.9,27.8,2400.027136,0.8438,0x0
2026-02-03T20:50:18.424719,60.05,58.7,27.7,2400.023808,0.8438,0x0
2026-02-03T20:50:19.446580,60.05,58.4,28.0,2400.023808,0.8438,0x0
2026-02-03T20:50:20.465509,59.5,58.4,27.9,2400.023808,0.8438,0x0
2026-02-03T20:50:21.488149,60.05,61.5,28.1,2400.02048,0.8438,0x0
2026-02-03T20:50:22.510739,61.15,59.6,28.4,2400.030464,0.8438,0x0
2026-02-03T20:50:23.531121,60.05,68.9,28.2,2400.027136,0.8438,0x0
2026-02-03T20:50:24.560647,59.5,58.1,28.1,2400.030464,0.8438,0x0
2026-02-03T20:50:25.580911,61.15,57.7,28.1,2400.033792,0.8438,0x0
2026-02-03T20:50:26.605820,60.05,59.3,28.2,2400.033792,0.8438,0x0
2026-02-03T20:50:27.627031,58.95,60.2,27.9,2400.03712,0.8438,0x0
2026-02-03T20:50:28.648409,60.05,57.7,28.0,2400.023808,0.8438,0x0
2026-02-03T20:50:29.670496,60.05,58.9,28.1,2400.023808,0.8438,0x0
2026-02-03T20:50:30.690465,59.5,61.1,28.1,2400.030464,0.8438,0x0
2026-02-03T20:50:31.718499,60.05,61.1,28.1,2400.03712,0.8438,0x0
2026-02-03T20:50:32.744301,60.6,58.9,28.1,2400.023808,0.8438,0x0
2026-02-03T20:50:33.765288,60.05,60.3,28.2,2400.033792,0.8438,0x0
2026-02-03T20:50:34.792865,60.6,61.1,28.3,2400.030464,0.8438,0x0
2026-02-03T20:50:35.813788,60.05,61.3,28.3,2400.027136,0.8438,0x0
2026-02-03T20:50:36.842083,60.05,59.7,28.6,2400.033792,0.8438,0x0
2026-02-03T20:50:37.864251,60.6,70.4,28.6,2400.033792,0.8438,0x0
2026-02-03T20:50:38.882587,61.15,60.0,28.4,2400.02048,0.8438,0x0
2026-02-03T20:50:39.907131,60.05,59.0,28.1,2400.02048,0.8438,0x0
2026-02-03T20:50:40.926705,60.6,58.2,28.1,2400.023808,0.8438,0x0
2026-02-03T20:50:41.945154,58.95,58.5,28.0,2400.03712,0.8438,0x0
2026-02-03T20:50:42.971751,59.5,58.9,27.7,2400.023808,0.8438,0x0
2026-02-03T20:50:43.995408,60.05,56.5,27.8,2400.033792,0.8438,0x0
2026-02-03T20:50:45.124002,60.6,59.9,28.1,2400.027136,0.8438,0x0
2026-02-03T20:50:46.149312,61.15,57.5,27.9,2400.03712,0.8438,0x0
2026-02-03T20:50:47.168544,58.95,58.7,28.1,2400.027136,0.8438,0x0
2026-02-03T20:50:48.193400,60.05,58.5,28.2,2400.030464,0.8438,0x0
2026-02-03T20:50:49.213720,59.5,59.7,28.2,2400.030464,0.8438,0x0
2026-02-03T20:50:50.240677,61.15,69.3,28.3,2400.027136,0.8438,0x0
2026-02-03T20:50:51.264653,59.5,59.5,28.2,2400.023808,0.8438,0x0
2026-02-03T20:50:52.293130,60.05,60.2,28.0,2400.03712,0.8438,0x0
2026-02-03T20:50:53.319772,59.5,58.7,28.1,2400.030464,0.8438,0x0
