timestamp,temperature_C,cpu_percent,memory_percent,cpu_freq_MHz,cpu_voltage_V,throttled_flags_hex,num_threads,running_threads
2026-03-29T14:55:40.712647,47.4,50.0,27.7,2400.030464,0.852,0x0,1,1
2026-03-29T14:55:41.803351,49.05,37.9,28.4,2400.033792,0.852,0x0,4,1
2026-03-29T14:55:42.819888,50.15,38.5,28.9,2400.027136,0.852,0x0,16,1
2026-03-29T14:55:43.838039,49.6,50.7,29.3,2400.027136,0.852,0x0,33,0
2026-03-29T14:55:44.857054,49.05,42.2,29.5,2400.030464,0.852,0x0,27,3
2026-03-29T14:55:45.893124,49.6,66.3,29.7,2400.030464,0.852,0x0,28,
2026-03-29T14:55:46.912534,51.8,67.8,29.9,2400.030464,0.852,0x0,34,
2026-03-29T14:55:47.932950,51.25,65.8,29.9,2400.030464,0.852,0x0,34,9
2026-03-29T14:55:48.954934,51.8,67.4,30.1,2400.033792,0.852,0x0,29,1
2026-03-29T14:55:49.977806,51.8,65.2,30.3,2400.023808,0.852,0x0,34,3
2026-03-29T14:55:51.003493,52.9,68.0,30.3,2400.027136,0.852,0x0,30,
2026-03-29T14:55:52.024173,52.35,67.5,30.1,2400.023808,0.852,0x0,27,1
2026-03-29T14:55:53.048655,52.35,66.1,30.3,2400.027136,0.852,0x0,34,5
2026-03-29T14:55:54.069385,51.8,67.7,30.3,2400.033792,0.852,0x0,27,4
2026-03-29T14:55:55.092437,53.45,67.3,30.3,2400.030464,0.852,0x0,27,2
2026-03-29T14:55:56.115371,53.45,66.7,30.3,2400.027136,0.852,0x0,27,4
2026-03-29T14:55:57.141348,53.45,76.5,30.0,2400.027136,0.852,0x0,34,
2026-03-29T14:55:58.164933,52.35,68.9,29.8,2400.03712,0.852,0x0,27,3
2026-03-29T14:55:59.186710,52.35,71.8,29.6,2400.02048,0.852,0x0,27,1
2026-03-29T14:56:00.209827,52.35,66.0,29.6,2400.030464,0.852,0x0,27,3
2026-03-29T14:56:01.228888,54.0,67.2,29.8,2400.027136,0.852,0x0,27,0
2026-03-29T14:56:02.248051,53.45,67.3,29.8,2400.03712,0.852,0x0,27,3
2026-03-29T14:56:03.273971,52.9,66.3,29.7,2400.023808,0.852,0x0,30,
2026-03-29T14:56:04.398883,52.9,66.1,29.6,2400.023808,0.852,0x0,34,1
2026-03-29T14:56:05.420007,54.55,68.0,29.5,2400.02048,0.852,0x0,27,4
2026-03-29T14:56:06.447252,54.0,67.2,29.4,2400.027136,0.852,0x0,34,10
2026-03-29T14:56:07.465818,53.45,68.0,29.4,2400.027136,0.852,0x0,34,2
2026-03-29T14:56:08.491833,53.45,66.4,29.2,2400.023808,0.852,0x0,34,
2026-03-29T14:56:09.515651,53.45,66.8,29.2,2400.02048,0.852,0x0,34,1
2026-03-29T14:56:10.539753,53.45,66.8,29.2,2400.033792,0.852,0x0,34,2
2026-03-29T14:56:11.562672,53.45,68.0,29.5,2400.033792,0.852,0x0,34,1
2026-03-29T14:56:12.585736,52.9,66.2,29.4,2400.033792,0.852,0x0,27,3
2026-03-29T14:56:13.609785,54.55,69.5,29.4,2400.023808,0.852,0x0,34,2
2026-03-29T14:56:14.640306,54.0,67.8,29.4,2400.030464,0.852,0x0,35,2
2026-03-29T14:56:15.662316,55.65,67.7,29.5,2400.027136,0.852,0x0,27,1
2026-03-29T14:56:16.682817,55.65,65.8,29.6,2400.027136,0.852,0x0,29,
2026-03-29T14:56:17.703864,55.1,66.6,29.8,2400.023808,0.852,0x0,34,2
2026-03-29T14:56:18.730407,54.55,67.7,29.6,2400.030464,0.852,0x0,34,
2026-03-29T14:56:19.753283,54.55,65.2,29.6,2400.033792,0.852,0x0,27,3
2026-03-29T14:56:20.782299,56.2,68.1,29.6,2400.027136,0.852,0x0,34,2
2026-03-29T14:56:21.803649,55.65,72.6,29.7,2400.030464,0.852,0x0,34,4
2026-03-29T14:56:22.827758,56.75,66.7,29.7,2400.030464,0.852,0x0,27,1
2026-03-29T14:56:23.858212,54.55,65.9,29.8,2400.023808,0.852,0x0,34,0
2026-03-29T14:56:24.879641,55.1,67.2,30.1,2400.033792,0.852,0x0,34,2
2026-03-29T14:56:25.903515,54.55,65.4,30.1,2400.027136,0.852,0x0,34,0
2026-03-29T14:56:26.924027,55.1,66.5,30.0,2400.033792,0.852,0x0,27,1
2026-03-29T14:56:27.941845,56.75,66.6,29.9,2400.030464,0.852,0x0,27,4
2026-03-29T14:56:28.961578,55.1,67.7,30.0,2400.023808,0.852,0x0,27,2
2026-03-29T14:56:29.983565,55.65,66.9,30.2,2400.033792,0.852,0x0,27,1
2026-03-29T14:56:31.007591,55.1,67.3,30.4,2400.030464,0.852,0x0,27,2
2026-03-29T14:56:32.033929,55.1,67.8,30.3,2400.030464,0.852,0x0,27,3
2026-03-29T14:56:33.056864,56.75,66.7,30.1,2400.027136,0.852,0x0,34,1
2026-03-29T14:56:34.079251,55.65,66.8,30.1,2400.030464,0.852,0x0,34,7
2026-03-29T14:56:35.101007,55.65,66.6,30.0,2400.03712,0.852,0x0,34,8
2026-03-29T14:56:36.131210,55.1,68.0,30.0,2400.027136,0.852,0x0,34,1
2026-03-29T14:56:37.154137,54.55,69.0,30.1,2400.02048,0.852,0x0,27,0
2026-03-29T14:56:38.174873,55.65,66.9,30.3,2400.033792,0.852,0x0,34,
2026-03-29T14:56:39.199212,56.75,66.5,30.3,2400.027136,0.852,0x0,27,3
2026-03-29T14:56:40.225265,55.65,67.8,30.3,2400.023808,0.852,0x0,34,1
2026-03-29T14:56:41.251609,56.2,65.4,30.4,2400.030464,0.852,0x0,34,1
2026-03-29T14:56:42.273255,55.65,68.8,30.5,2400.02048,0.852,0x0,31,
2026-03-29T14:56:43.294039,56.75,65.6,30.4,2400.023808,0.852,0x0,27,1
2026-03-29T14:56:44.314163,56.2,68.5,30.2,2400.030464,0.852,0x0,34,1
2026-03-29T14:56:45.344063,56.2,68.6,30.0,2400.033792,0.852,0x0,34,1
2026-03-29T14:56:46.368190,57.3,66.0,30.2,2400.030464,0.852,0x0,27,3
2026-03-29T14:56:47.392595,57.3,68.1,30.1,2400.030464,0.852,0x0,34,1
2026-03-29T14:56:48.419488,56.2,66.2,30.2,2400.030464,0.852,0x0,34,1
2026-03-29T14:56:49.443160,57.3,66.8,30.3,2400.027136,0.852,0x0,34,3
2026-03-29T14:56:50.468184,56.2,67.9,30.4,2400.023808,0.852,0x0,27,4
2026-03-29T14:56:51.494055,56.2,67.7,30.3,2400.02048,0.852,0x0,27,1
2026-03-29T14:56:52.518607,56.2,68.1,30.1,2400.023808,0.852,0x0,28,
2026-03-29T14:56:53.541853,58.4,67.6,30.0,2400.033792,0.852,0x0,34,1
2026-03-29T14:56:54.563577,56.75,68.0,30.2,2400.03712,0.852,0x0,27,1
2026-03-29T14:56:55.590140,56.2,67.5,30.2,2400.02048,0.852,0x0,34,4
2026-03-29T14:56:56.613637,56.75,65.9,29.9,2400.02048,0.852,0x0,34,1
2026-03-29T14:56:57.640817,55.65,67.8,29.9,2400.033792,0.852,0x0,30,6
2026-03-29T14:56:58.664986,57.85,67.2,30.0,2400.02048,0.852,0x0,32,
2026-03-29T14:56:59.694460,55.65,66.7,30.2,2400.03712,0.852,0x0,27,2
2026-03-29T14:57:00.822127,56.75,67.0,30.0,2400.030464,0.852,0x0,34,1
2026-03-29T14:57:01.843801,57.3,67.3,30.1,2400.023808,0.852,0x0,27,3
2026-03-29T14:57:02.871636,55.65,67.3,30.3,2400.027136,0.852,0x0,27,1
2026-03-29T14:57:03.894091,57.85,67.8,30.2,2400.023808,0.852,0x0,28,
2026-03-29T14:57:04.923332,56.2,67.6,30.2,2400.027136,0.852,0x0,34,1
2026-03-29T14:57:05.944375,57.3,67.0,30.4,2400.027136,0.852,0x0,27,2
2026-03-29T14:57:06.969709,56.75,66.1,30.2,2400.027136,0.852,0x0,34,3
2026-03-29T14:57:07.994446,57.85,72.7,30.2,2400.03712,0.852,0x0,34,
2026-03-29T14:57:09.019635,56.75,66.7,30.0,2400.030464,0.852,0x0,32,
2026-03-29T14:57:10.045601,56.75,66.9,30.0,2400.017408,0.852,0x0,34,
2026-03-29T14:57:11.068891,58.95,60.9,29.9,2400.030464,0.852,0x0,34,1
2026-03-29T14:57:12.090715,57.85,66.6,30.0,2400.033792,0.852,0x0,33,
2026-03-29T14:57:13.120632,57.85,69.1,30.2,2400.023808,0.852,0x0,27,2
2026-03-29T14:57:14.148807,58.4,59.9,29.9,2400.027136,0.852,0x0,34,3
2026-03-29T14:57:15.168921,58.4,67.9,30.0,2400.023808,0.852,0x0,27,3
2026-03-29T14:57:16.193633,56.2,65.7,30.1,2400.033792,0.852,0x0,34,2
2026-03-29T14:57:17.215186,58.4,67.2,30.1,2400.03712,0.852,0x0,34,1
2026-03-29T14:57:18.244988,58.4,66.5,29.9,2400.027136,0.852,0x0,34,3
2026-03-29T14:57:19.268463,57.85,65.9,29.7,2400.027136,0.852,0x0,27,1
2026-03-29T14:57:20.295667,57.3,67.5,29.8,2400.02048,0.852,0x0,34,1
2026-03-29T14:57:21.320647,57.85,66.5,30.1,2400.02048,0.852,0x0,29,
2026-03-29T14:57:22.354066,58.4,68.1,30.0,2400.033792,0.852,0x0,27,3
2026-03-29T14:57:23.379641,58.4,65.8,30.1,2400.027136,0.852,0x0,34,1
2026-03-29T14:57:24.403685,57.3,65.1,29.9,2400.033792,0.852,0x0,34,
2026-03-29T14:57:25.424724,58.95,66.8,29.8,2400.027136,0.852,0x0,27,0
2026-03-29T14:57:26.445643,58.4,66.2,29.9,2400.017408,0.852,0x0,27,3
2026-03-29T14:57:27.480901,59.5,68.0,29.9,2400.03712,0.852,0x0,27,0
2026-03-29T14:57:28.501265,58.4,67.6,29.8,2400.027136,0.852,0x0,34,3
2026-03-29T14:57:29.524610,58.4,67.0,29.8,2400.030464,0.852,0x0,34,
2026-03-29T14:57:30.557417,58.4,67.2,29.9,2400.030464,0.852,0x0,34,1
2026-03-29T14:57:31.578950,57.85,70.6,29.8,2400.023808,0.852,0x0,34,5
2026-03-29T14:57:32.602301,58.95,66.4,29.7,2400.030464,0.852,0x0,28,2
2026-03-29T14:57:33.629449,57.85,68.2,29.8,2400.030464,0.852,0x0,34,1
2026-03-29T14:57:34.652971,57.85,65.6,29.8,2400.02048,0.852,0x0,34,1
2026-03-29T14:57:35.680747,56.75,68.1,29.8,2400.033792,0.852,0x0,28,
2026-03-29T14:57:36.705293,58.4,66.7,30.0,2400.03712,0.852,0x0,27,2
2026-03-29T14:57:37.733390,57.85,66.8,30.0,2400.033792,0.852,0x0,34,1
2026-03-29T14:57:38.760301,57.3,66.8,30.0,2400.027136,0.852,0x0,34,3
2026-03-29T14:57:39.788486,60.05,66.4,29.9,2400.030464,0.852,0x0,34,1
2026-03-29T14:57:40.812331,57.85,67.3,30.1,2400.03712,0.852,0x0,27,1
2026-03-29T14:57:41.840119,57.3,67.0,30.2,2400.027136,0.852,0x0,27,2
2026-03-29T14:57:42.862902,58.95,69.3,30.0,2400.030464,0.852,0x0,34,2
2026-03-29T14:57:43.888325,57.85,67.2,29.9,2400.02048,0.852,0x0,29,5
2026-03-29T14:57:44.909559,58.4,68.1,29.9,2400.02048,0.852,0x0,35,1
2026-03-29T14:57:45.939323,57.85,67.2,29.8,2400.033792,0.852,0x0,34,2
2026-03-29T14:57:46.967724,59.5,68.0,29.6,2400.030464,0.852,0x0,28,
2026-03-29T14:57:47.990924,58.4,66.6,29.8,2400.02048,0.852,0x0,34,
2026-03-29T14:57:49.015713,59.5,66.8,29.9,2400.02048,0.852,0x0,27,3
2026-03-29T14:57:50.042006,58.4,66.7,29.7,2400.027136,0.852,0x0,34,3
2026-03-29T14:57:51.124668,58.4,66.7,29.7,2400.027136,0.852,0x0,30,
2026-03-29T14:57:52.148311,58.4,66.2,29.7,2400.023808,0.852,0x0,34,4
2026-03-29T14:57:53.169808,58.4,72.9,29.9,2400.02048,0.852,0x0,27,1
2026-03-29T14:57:54.191133,59.5,66.5,30.0,2400.030464,0.852,0x0,27,3
2026-03-29T14:57:55.216883,59.5,67.0,29.9,2400.023808,0.852,0x0,33,
2026-03-29T14:57:56.242391,59.5,65.7,29.9,2400.017408,0.852,0x0,30,
2026-03-29T14:57:57.268133,58.95,67.8,29.8,2400.030464,0.852,0x0,34,1
2026-03-29T14:57:58.298380,58.4,67.4,29.8,2400.030464,0.852,0x0,27,3
2026-03-29T14:57:59.325303,58.95,66.7,29.7,2400.033792,0.852,0x0,34,2
2026-03-29T14:58:00.351588,60.05,66.4,29.8,2400.033792,0.852,0x0,27,3
2026-03-29T14:58:01.377676,58.95,67.2,29.9,2400.030464,0.852,0x0,29,
2026-03-29T14:58:02.398177,57.85,68.1,30.0,2400.033792,0.852,0x0,27,4
2026-03-29T14:58:03.422798,58.95,68.4,30.0,2400.033792,0.852,0x0,27,3
2026-03-29T14:58:04.445202,57.85,66.8,29.9,2400.030464,0.852,0x0,27,2
2026-03-29T14:58:05.472628,57.85,68.1,30.0,2400.017408,0.852,0x0,34,0
2026-03-29T14:58:06.495732,58.95,66.2,29.9,2400.033792,0.852,0x0,34,1
2026-03-29T14:58:07.519298,59.5,67.1,29.9,2400.030464,0.852,0x0,30,3
2026-03-29T14:58:08.543162,57.85,67.3,29.8,2400.03712,0.852,0x0,27,1
2026-03-29T14:58:09.571625,59.5,67.6,30.0,2400.03712,0.852,0x0,27,2
2026-03-29T14:58:10.593462,57.85,67.9,30.0,2400.023808,0.852,0x0,28,
2026-03-29T14:58:11.621071,59.5,66.6,30.2,2400.023808,0.852,0x0,29,
2026-03-29T14:58:12.647614,58.4,66.3,30.0,2400.033792,0.852,0x0,34,
2026-03-29T14:58:13.673422,58.4,69.1,29.8,2400.033792,0.852,0x0,28,
2026-03-29T14:58:14.692790,58.95,65.9,30.1,2400.023808,0.852,0x0,34,1
2026-03-29T14:58:15.714159,59.5,66.5,30.0,2400.027136,0.852,0x0,27,2
2026-03-29T14:58:16.737980,58.4,70.9,30.0,2400.033792,0.852,0x0,27,1
2026-03-29T14:58:17.763225,56.75,67.1,30.0,2400.03712,0.852,0x0,34,
2026-03-29T14:58:18.789508,60.05,67.8,29.8,2400.030464,0.852,0x0,34,2
2026-03-29T14:58:19.814900,57.85,64.2,29.7,2400.023808,0.852,0x0,34,2
2026-03-29T14:58:20.839581,58.4,66.5,29.9,2400.033792,0.852,0x0,34,
2026-03-29T14:58:21.863831,58.4,67.3,30.1,2400.017408,0.852,0x0,34,1
2026-03-29T14:58:22.883112,57.85,67.2,30.1,2400.023808,0.852,0x0,33,9
2026-03-29T14:58:23.905933,57.85,66.7,30.1,2400.030464,0.852,0x0,27,2
2026-03-29T14:58:24.930699,58.4,66.3,30.1,2400.03712,0.852,0x0,34,1
2026-03-29T14:58:25.955603,59.5,66.3,29.9,2400.033792,0.852,0x0,34,1
2026-03-29T14:58:26.980632,57.85,67.1,30.1,2400.033792,0.852,0x0,34,0
2026-03-29T14:58:28.002275,56.75,67.3,30.2,2400.02048,0.852,0x0,31,
2026-03-29T14:58:29.026201,58.4,69.2,30.1,2400.03712,0.852,0x0,27,1
2026-03-29T14:58:30.047734,58.4,66.4,30.1,2400.030464,0.852,0x0,27,1
2026-03-29T14:58:31.068530,58.4,66.2,29.9,2400.02048,0.852,0x0,34,1
2026-03-29T14:58:32.090957,59.5,68.1,29.7,2400.033792,0.852,0x0,27,1
2026-03-29T14:58:33.112254,58.4,65.8,29.5,2400.02048,0.852,0x0,27,2
2026-03-29T14:58:34.131554,58.4,65.5,29.8,2400.02048,0.852,0x0,34,2
2026-03-29T14:58:35.156553,58.95,66.2,29.7,2400.03712,0.852,0x0,34,
2026-03-29T14:58:36.180048,58.4,66.2,29.8,2400.033792,0.852,0x0,34,6
2026-03-29T14:58:37.205182,57.85,67.2,29.9,2400.027136,0.852,0x0,27,2
2026-03-29T14:58:38.226874,57.3,66.4,29.9,2400.027136,0.852,0x0,27,0
2026-03-29T14:58:39.247358,56.2,71.6,30.0,2400.02048,0.852,0x0,34,1
2026-03-29T14:58:40.272330,56.75,66.6,30.1,2400.023808,0.852,0x0,27,1
2026-03-29T14:58:41.293984,57.85,67.0,30.1,2400.023808,0.852,0x0,27,2
2026-03-29T14:58:42.332786,58.95,67.3,30.3,2400.023808,0.852,0x0,29,6
2026-03-29T14:58:43.355168,57.3,67.3,30.1,2400.03712,0.852,0x0,30,
2026-03-29T14:58:44.386888,58.4,68.6,30.2,2400.030464,0.852,0x0,34,
2026-03-29T14:58:45.412135,58.95,65.8,30.4,2400.033792,0.852,0x0,27,6
2026-03-29T14:58:46.439609,57.85,67.6,30.4,2400.027136,0.852,0x0,27,1
2026-03-29T14:58:47.459588,57.85,65.7,30.3,2400.033792,0.852,0x0,29,3
2026-03-29T14:58:48.485953,59.5,66.8,30.2,2400.027136,0.852,0x0,34,1
2026-03-29T14:58:49.519014,58.4,65.6,30.3,2400.02048,0.852,0x0,27,3
2026-03-29T14:58:50.546223,57.85,67.1,30.1,2400.033792,0.852,0x0,27,2
2026-03-29T14:58:51.566835,57.85,66.6,30.1,2400.027136,0.852,0x0,27,3
2026-03-29T14:58:52.597164,58.4,67.5,30.0,2400.027136,0.852,0x0,32,
2026-03-29T14:58:53.622361,58.95,66.6,29.9,2400.02048,0.852,0x0,34,4
2026-03-29T14:58:54.649468,57.85,66.8,29.8,2400.033792,0.852,0x0,34,1
2026-03-29T14:58:55.674329,57.85,66.9,29.9,2400.033792,0.852,0x0,27,3
2026-03-29T14:58:56.703833,59.5,67.2,29.7,2400.027136,0.852,0x0,27,1
2026-03-29T14:58:57.728154,58.95,68.0,30.0,2400.030464,0.852,0x0,31,6
2026-03-29T14:58:58.754381,57.3,73.4,30.0,2400.023808,0.852,0x0,34,7
2026-03-29T14:58:59.776346,58.4,67.2,29.9,2400.02048,0.852,0x0,34,3
2026-03-29T14:59:00.801206,57.85,65.6,29.9,2400.030464,0.852,0x0,34,6
2026-03-29T14:59:01.827728,59.5,67.9,29.8,2400.027136,0.852,0x0,27,1
2026-03-29T14:59:02.852599,60.6,66.4,29.8,2400.033792,0.852,0x0,27,3
2026-03-29T14:59:03.879877,57.85,67.1,29.9,2400.02048,0.852,0x0,27,2
2026-03-29T14:59:04.907192,57.85,67.3,29.9,2400.027136,0.852,0x0,27,1
2026-03-29T14:59:05.934021,58.4,65.8,30.0,2400.02048,0.852,0x0,27,1
2026-03-29T14:59:06.955576,59.5,66.7,29.9,2400.023808,0.852,0x0,27,3
2026-03-29T14:59:07.980040,59.5,68.4,29.8,2400.033792,0.852,0x0,34,1
2026-03-29T14:59:09.005704,58.4,67.0,30.0,2400.030464,0.852,0x0,27,2
2026-03-29T14:59:10.043073,58.95,67.6,30.1,2400.02048,0.852,0x0,34,4
2026-03-29T14:59:11.066126,57.85,66.8,30.3,2400.027136,0.852,0x0,34,2
2026-03-29T14:59:12.094476,57.85,66.8,30.3,2400.027136,0.852,0x0,30,6
2026-03-29T14:59:13.119682,57.85,65.8,30.2,2400.017408,0.852,0x0,27,3
2026-03-29T14:59:14.152458,58.4,68.6,30.1,2400.033792,0.852,0x0,27,1
2026-03-29T14:59:15.173115,57.85,66.2,30.2,2400.027136,0.852,0x0,31,
2026-03-29T14:59:16.195392,58.95,67.4,30.2,2400.027136,0.852,0x0,27,3
2026-03-29T14:59:17.217149,59.5,67.8,30.0,2400.030464,0.852,0x0,27,0
2026-03-29T14:59:18.237690,57.85,67.0,30.2,2400.02048,0.852,0x0,34,1
2026-03-29T14:59:19.262084,57.85,71.8,30.5,2400.017408,0.852,0x0,27,1
2026-03-29T14:59:20.287070,57.85,66.8,30.5,2400.023808,0.852,0x0,27,2
2026-03-29T14:59:21.309587,57.85,66.7,30.3,2400.030464,0.852,0x0,36,2
2026-03-29T14:59:22.337988,57.3,66.9,30.4,2400.03712,0.852,0x0,27,3
2026-03-29T14:59:23.365902,57.85,67.0,30.3,2400.02048,0.852,0x0,34,2
2026-03-29T14:59:24.387794,58.4,67.8,30.3,2400.023808,0.852,0x0,27,1
2026-03-29T14:59:25.423601,58.4,67.2,30.1,2400.027136,0.852,0x0,34,1
2026-03-29T14:59:26.447748,58.4,66.0,30.1,2400.030464,0.852,0x0,27,4
2026-03-29T14:59:27.475652,57.3,67.3,30.0,2400.02048,0.852,0x0,34,1
2026-03-29T14:59:28.497205,59.5,66.2,30.1,2400.030464,0.852,0x0,27,3
2026-03-29T14:59:29.520464,59.5,67.5,30.1,2400.02048,0.852,0x0,27,3
2026-03-29T14:59:30.546288,57.85,65.5,30.1,2400.030464,0.852,0x0,27,2
2026-03-29T14:59:31.577013,58.4,67.1,30.1,2400.027136,0.852,0x0,27,3
2026-03-29T14:59:32.598362,58.4,67.9,30.1,2400.02048,0.852,0x0,34,1
2026-03-29T14:59:33.624470,59.5,66.4,29.9,2400.027136,0.852,0x0,27,2
2026-03-29T14:59:34.646193,57.85,67.7,29.9,2400.023808,0.852,0x0,28,5
2026-03-29T14:59:35.672185,57.85,67.4,30.1,2400.027136,0.852,0x0,27,1
2026-03-29T14:59:36.695594,57.85,64.7,30.1,2400.027136,0.852,0x0,27,2
2026-03-29T14:59:37.716575,57.3,66.7,30.0,2400.027136,0.852,0x0,34,
2026-03-29T14:59:38.745275,58.4,66.8,29.9,2400.027136,0.852,0x0,27,1
2026-03-29T14:59:39.773820,58.95,66.1,29.8,2400.030464,0.852,0x0,27,2
2026-03-29T14:59:40.799377,58.4,66.3,29.9,2400.027136,0.852,0x0,27,3
2026-03-29T14:59:41.822403,57.85,67.5,29.7,2400.023808,0.852,0x0,32,
2026-03-29T14:59:42.842290,58.4,68.2,29.8,2400.023808,0.852,0x0,34,
2026-03-29T14:59:43.876144,58.95,66.2,30.2,2400.033792,0.852,0x0,27,2
2026-03-29T14:59:44.901943,57.85,72.8,30.0,2400.02048,0.852,0x0,34,1
2026-03-29T14:59:45.922190,58.95,66.5,30.1,2400.033792,0.852,0x0,27,2
2026-03-29T14:59:46.949520,58.95,67.8,30.2,2400.033792,0.852,0x0,34,
2026-03-29T14:59:47.975632,59.5,67.5,30.2,2400.02048,0.852,0x0,34,
2026-03-29T14:59:49.004551,58.4,67.1,30.1,2400.02048,0.852,0x0,27,0
2026-03-29T14:59:50.029018,56.75,67.2,30.0,2400.03712,0.852,0x0,27,4
2026-03-29T14:59:51.052100,57.85,65.7,29.7,2400.023808,0.852,0x0,34,2
2026-03-29T14:59:52.074077,58.4,67.0,29.8,2400.033792,0.852,0x0,27,2
2026-03-29T14:59:53.096455,57.85,65.6,29.8,2400.02048,0.852,0x0,34,
2026-03-29T14:59:54.119810,57.85,67.3,29.6,2400.033792,0.852,0x0,34,1
2026-03-29T14:59:55.142476,58.95,68.3,29.9,2400.030464,0.852,0x0,27,3
2026-03-29T14:59:56.166751,57.85,67.4,29.8,2400.027136,0.852,0x0,27,3
2026-03-29T14:59:57.193148,57.85,67.7,29.8,2400.017408,0.852,0x0,34,2
2026-03-29T14:59:58.215678,57.85,67.1,29.9,2400.02048,0.852,0x0,34,1
2026-03-29T14:59:59.241399,56.75,66.9,29.9,2400.033792,0.852,0x0,27,3
2026-03-29T15:00:00.267771,59.5,66.4,29.7,2400.023808,0.852,0x0,27,3
2026-03-29T15:00:01.293312,57.85,67.1,29.8,2400.030464,0.852,0x0,34,0
2026-03-29T15:00:02.315432,57.85,67.3,29.8,2400.023808,0.852,0x0,29,3
2026-03-29T15:00:03.341418,58.4,66.5,29.9,2400.033792,0.852,0x0,31,
2026-03-29T15:00:04.360266,57.85,67.8,30.2,2400.023808,0.852,0x0,34,7
2026-03-29T15:00:05.384539,58.4,71.9,29.9,2400.027136,0.852,0x0,29,
2026-03-29T15:00:06.410256,58.4,66.6,29.7,2400.027136,0.852,0x0,34,1
2026-03-29T15:00:07.433651,57.85,67.1,29.7,2400.02048,0.852,0x0,27,1
2026-03-29T15:00:08.456668,58.95,66.2,29.5,2400.033792,0.852,0x0,27,2
2026-03-29T15:00:09.488560,57.85,68.7,29.8,2400.02048,0.852,0x0,34,2
2026-03-29T15:00:10.511576,58.4,66.3,29.7,2400.02048,0.852,0x0,27,3
2026-03-29T15:00:11.530961,57.85,67.2,29.7,2400.023808,0.852,0x0,34,1
2026-03-29T15:00:12.555265,57.85,66.9,29.6,2400.033792,0.852,0x0,34,4
2026-03-29T15:00:13.578336,58.4,68.6,29.5,2400.033792,0.852,0x0,29,
2026-03-29T15:00:14.602153,58.4,66.6,29.7,2400.030464,0.852,0x0,31,
2026-03-29T15:00:15.624467,57.3,67.5,29.9,2400.017408,0.852,0x0,28,
2026-03-29T15:00:16.648413,57.3,67.4,30.2,2400.023808,0.852,0x0,31,4
2026-03-29T15:00:17.674086,57.85,66.7,30.1,2400.030464,0.852,0x0,28,
2026-03-29T15:00:18.698363,58.4,66.0,30.0,2400.02048,0.852,0x0,34,3
2026-03-29T15:00:19.723763,58.95,66.7,29.8,2400.023808,0.852,0x0,27,2
2026-03-29T15:00:20.747208,57.3,68.4,29.8,2400.027136,0.852,0x0,27,2
2026-03-29T15:00:21.771338,58.4,67.7,29.8,2400.023808,0.852,0x0,27,3
2026-03-29T15:00:22.794662,57.85,66.7,30.0,2400.027136,0.852,0x0,34,3
2026-03-29T15:00:23.818193,57.85,67.2,29.7,2400.033792,0.852,0x0,27,3
2026-03-29T15:00:24.845391,57.85,67.8,29.7,2400.02048,0.852,0x0,34,1
2026-03-29T15:00:25.869794,58.95,67.3,29.7,2400.033792,0.852,0x0,27,3
2026-03-29T15:00:26.890811,58.4,66.4,29.7,2400.030464,0.852,0x0,27,2
2026-03-29T15:00:27.912639,57.3,67.6,29.7,2400.033792,0.852,0x0,27,1
2026-03-29T15:00:28.941879,58.95,66.9,29.9,2400.033792,0.852,0x0,27,0
2026-03-29T15:00:29.962737,57.3,72.6,29.8,2400.02048,0.852,0x0,34,
2026-03-29T15:00:30.986800,57.85,68.6,29.9,2400.033792,0.852,0x0,27,3
2026-03-29T15:00:32.011227,56.75,68.7,30.1,2400.023808,0.852,0x0,27,1
2026-03-29T15:00:33.034105,57.3,67.1,30.0,2400.023808,0.852,0x0,34,6
2026-03-29T15:00:34.058240,58.95,65.2,30.0,2400.027136,0.852,0x0,32,8
2026-03-29T15:00:35.087651,57.3,69.5,30.0,2400.023808,0.852,0x0,27,2
2026-03-29T15:00:36.110852,58.4,65.8,29.8,2400.03712,0.852,0x0,27,3
2026-03-29T15:00:37.133695,58.4,68.3,29.5,2400.027136,0.852,0x0,27,1
2026-03-29T15:00:38.156779,58.4,66.8,29.7,2400.03712,0.852,0x0,32,
2026-03-29T15:00:39.181280,58.4,66.6,29.4,2400.023808,0.852,0x0,33,
2026-03-29T15:00:40.205624,59.5,68.1,29.6,2400.023808,0.852,0x0,34,0
2026-03-29T15:00:41.229176,58.4,71.3,29.8,2400.023808,0.852,0x0,34,3
2026-03-29T15:00:42.259611,58.4,82.8,30.2,2400.033792,0.852,0x0,27,2
2026-03-29T15:00:43.279634,58.4,81.7,30.4,2400.023808,0.852,0x0,27,2
2026-03-29T15:00:44.301708,60.05,91.2,32.8,2400.033792,0.852,0x0,34,1
2026-03-29T15:00:45.337593,58.4,89.3,32.9,2400.030464,0.852,0x0,27,1
2026-03-29T15:00:46.366050,57.85,90.0,32.8,2400.030464,0.852,0x0,28,1
2026-03-29T15:00:47.390825,58.4,66.7,32.3,2400.030464,0.852,0x0,35,1
2026-03-29T15:00:48.415063,58.4,66.8,31.9,2400.03712,0.852,0x0,29,
2026-03-29T15:00:49.437172,58.4,67.8,31.8,2400.023808,0.852,0x0,27,1
2026-03-29T15:00:50.458574,56.2,72.6,31.6,2400.03712,0.852,0x0,35,
2026-03-29T15:00:51.486507,57.85,67.2,31.4,2400.033792,0.852,0x0,27,3
2026-03-29T15:00:52.512598,58.4,67.8,30.9,2400.030464,0.852,0x0,34,
2026-03-29T15:00:53.537965,56.75,66.1,30.7,2400.02048,0.852,0x0,27,1
2026-03-29T15:00:54.559129,57.85,68.5,30.7,2400.03712,0.852,0x0,27,3
2026-03-29T15:00:55.588488,58.4,73.3,30.2,2400.02048,0.852,0x0,34,2
2026-03-29T15:00:56.610195,57.3,71.8,30.1,2400.027136,0.852,0x0,27,1
2026-03-29T15:00:57.638097,58.4,67.2,30.0,2400.027136,0.852,0x0,27,0
2026-03-29T15:00:58.760439,57.85,65.1,30.1,2400.033792,0.852,0x0,27,3
2026-03-29T15:00:59.778283,58.4,66.0,29.8,2400.023808,0.852,0x0,27,1
2026-03-29T15:01:00.806454,58.4,69.8,29.8,2400.027136,0.852,0x0,27,2
2026-03-29T15:01:01.829165,57.85,68.7,29.7,2400.023808,0.852,0x0,30,3
2026-03-29T15:01:02.851608,59.5,67.4,29.8,2400.03712,0.852,0x0,34,6
2026-03-29T15:01:03.878803,57.85,66.6,29.6,2400.02048,0.852,0x0,29,
2026-03-29T15:01:04.907658,58.4,67.3,29.2,2400.033792,0.852,0x0,34,1
2026-03-29T15:01:05.930123,57.3,68.8,29.6,2400.023808,0.852,0x0,34,1
2026-03-29T15:01:06.957114,58.4,66.6,29.6,2400.02048,0.852,0x0,34,1
2026-03-29T15:01:07.977987,57.85,67.0,29.8,2400.023808,0.852,0x0,27,3
2026-03-29T15:01:09.001709,57.85,66.8,29.8,2400.027136,0.852,0x0,29,5
2026-03-29T15:01:10.027681,59.5,65.7,29.8,2400.02048,0.852,0x0,27,3
2026-03-29T15:01:11.067130,57.3,67.8,29.9,2400.033792,0.852,0x0,27,3
2026-03-29T15:01:12.197182,57.85,65.5,30.1,2400.027136,0.852,0x0,34,
2026-03-29T15:01:13.218837,57.85,67.7,30.2,2400.027136,0.852,0x0,34,1
2026-03-29T15:01:14.344094,58.95,70.9,30.3,2400.023808,0.852,0x0,28,2
2026-03-29T15:01:15.367347,57.3,67.9,30.0,2400.027136,0.852,0x0,32,1
2026-03-29T15:01:16.393489,57.85,68.6,30.0,2400.033792,0.852,0x0,27,3
2026-03-29T15:01:17.418881,58.4,65.8,30.1,2400.02048,0.852,0x0,30,
2026-03-29T15:01:18.447073,57.85,65.9,30.2,2400.033792,0.852,0x0,27,3
2026-03-29T15:01:19.474409,57.85,68.0,30.0,2400.033792,0.852,0x0,34,1
2026-03-29T15:01:20.494134,58.4,68.5,29.9,2400.023808,0.852,0x0,27,1
2026-03-29T15:01:21.516957,56.75,65.6,29.9,2400.030464,0.852,0x0,34,1
2026-03-29T15:01:22.539294,58.95,67.5,30.0,2400.033792,0.852,0x0,34,2
2026-03-29T15:01:23.562617,59.5,68.6,30.1,2400.02048,0.852,0x0,30,2
2026-03-29T15:01:24.584286,58.95,67.2,30.1,2400.033792,0.852,0x0,32,
2026-03-29T15:01:25.615604,58.4,68.9,30.1,2400.033792,0.852,0x0,27,3
2026-03-29T15:01:26.640822,57.3,66.4,30.1,2400.027136,0.852,0x0,34,1
2026-03-29T15:01:27.666178,57.85,67.5,29.9,2400.03712,0.852,0x0,34,9
2026-03-29T15:01:28.691204,58.95,67.2,30.1,2400.030464,0.852,0x0,27,3
2026-03-29T15:01:29.713766,58.4,66.0,30.4,2400.023808,0.852,0x0,27,1
2026-03-29T15:01:30.739923,57.85,68.2,30.2,2400.027136,0.852,0x0,27,1
2026-03-29T15:01:31.768485,57.3,67.1,30.5,2400.023808,0.852,0x0,34,1
2026-03-29T15:01:32.791652,57.85,66.6,30.3,2400.023808,0.852,0x0,34,3
2026-03-29T15:01:33.816965,58.4,67.3,30.3,2400.027136,0.852,0x0,27,3
2026-03-29T15:01:34.839824,57.85,67.2,30.2,2400.02048,0.852,0x0,27,1
2026-03-29T15:01:35.865089,57.85,73.1,30.1,2400.033792,0.852,0x0,34,6
2026-03-29T15:01:36.885614,59.5,66.6,29.9,2400.033792,0.852,0x0,27,3
2026-03-29T15:01:37.908729,57.85,67.3,30.0,2400.030464,0.852,0x0,30,
2026-03-29T15:01:38.932542,58.4,66.1,30.2,2400.027136,0.852,0x0,34,2
2026-03-29T15:01:39.959652,58.4,66.7,30.3,2400.03712,0.852,0x0,29,2
2026-03-29T15:01:40.982419,60.05,67.6,30.2,2400.023808,0.852,0x0,34,
2026-03-29T15:01:42.004923,56.75,67.6,30.1,2400.033792,0.852,0x0,27,2
2026-03-29T15:01:43.040626,58.95,68.0,29.9,2400.02048,0.852,0x0,27,3
2026-03-29T15:01:44.059316,58.95,66.3,29.9,2400.027136,0.852,0x0,35,2
2026-03-29T15:01:45.084447,59.5,66.9,29.9,2400.02048,0.852,0x0,34,1
2026-03-29T15:01:46.107330,57.3,66.8,29.9,2400.02048,0.852,0x0,35,1
2026-03-29T15:01:47.132201,57.85,68.4,30.1,2400.027136,0.852,0x0,27,1
2026-03-29T15:01:48.156522,58.4,65.4,30.0,2400.027136,0.852,0x0,29,
2026-03-29T15:01:49.180091,59.5,67.3,29.8,2400.02048,0.852,0x0,32,
2026-03-29T15:01:50.203596,57.85,67.2,29.9,2400.033792,0.852,0x0,34,2
2026-03-29T15:01:51.230341,58.4,67.9,30.0,2400.03712,0.852,0x0,27,3
2026-03-29T15:01:52.249016,58.4,66.6,30.1,2400.030464,0.852,0x0,34,
2026-03-29T15:01:53.276583,58.95,66.7,30.1,2400.027136,0.852,0x0,27,1
2026-03-29T15:01:54.297488,59.5,66.2,29.8,2400.023808,0.852,0x0,34,5
2026-03-29T15:01:55.322442,57.85,67.2,30.0,2400.033792,0.852,0x0,27,2
2026-03-29T15:01:56.344624,57.85,67.6,30.1,2400.02048,0.852,0x0,34,1
2026-03-29T15:01:57.363912,57.85,66.2,30.0,2400.027136,0.852,0x0,28,
2026-03-29T15:01:58.386317,58.4,68.1,30.1,2400.033792,0.852,0x0,34,4
2026-03-29T15:01:59.411345,57.85,72.1,30.1,2400.033792,0.852,0x0,34,1
2026-03-29T15:02:00.435454,58.4,68.8,29.9,2400.033792,0.852,0x0,27,1
2026-03-29T15:02:01.460978,57.3,67.4,29.9,2400.027136,0.852,0x0,27,3
2026-03-29T15:02:02.485190,58.95,66.1,29.9,2400.02048,0.852,0x0,34,2
2026-03-29T15:02:03.512492,57.85,67.3,29.8,2400.030464,0.852,0x0,27,1
2026-03-29T15:02:04.534754,57.85,66.8,29.7,2400.027136,0.852,0x0,27,3
2026-03-29T15:02:05.555002,57.3,66.7,29.7,2400.030464,0.852,0x0,34,1
2026-03-29T15:02:06.580259,57.85,67.4,29.7,2400.023808,0.852,0x0,34,0
2026-03-29T15:02:07.603678,57.85,65.4,29.9,2400.033792,0.852,0x0,28,
2026-03-29T15:02:08.627009,58.4,67.3,29.9,2400.030464,0.852,0x0,31,8
2026-03-29T15:02:09.647291,58.95,65.7,29.9,2400.023808,0.852,0x0,28,
2026-03-29T15:02:10.672734,57.85,66.8,29.8,2400.030464,0.852,0x0,34,1
2026-03-29T15:02:11.698451,58.4,66.5,29.9,2400.03712,0.852,0x0,34,3
2026-03-29T15:02:12.726605,57.3,67.7,30.0,2400.027136,0.852,0x0,34,1
2026-03-29T15:02:13.751248,58.4,68.0,29.8,2400.03712,0.852,0x0,34,6
2026-03-29T15:02:14.773684,60.05,66.1,29.7,2400.030464,0.852,0x0,34,1
2026-03-29T15:02:15.796659,57.85,67.3,29.8,2400.033792,0.852,0x0,34,3
2026-03-29T15:02:16.818457,60.05,68.3,29.8,2400.023808,0.852,0x0,34,2
2026-03-29T15:02:17.844416,58.4,67.2,29.9,2400.02048,0.852,0x0,34,2
2026-03-29T15:02:18.966934,57.85,70.5,29.7,2400.030464,0.852,0x0,34,2
2026-03-29T15:02:19.988284,56.2,66.2,29.9,2400.033792,0.852,0x0,34,
2026-03-29T15:02:21.011794,57.85,67.7,29.7,2400.027136,0.852,0x0,34,2
2026-03-29T15:02:22.037057,58.95,66.4,29.6,2400.02048,0.852,0x0,34,2
2026-03-29T15:02:23.063358,57.85,67.5,29.6,2400.033792,0.852,0x0,27,2
2026-03-29T15:02:24.082682,57.85,67.0,29.6,2400.023808,0.852,0x0,34,3
2026-03-29T15:02:25.104487,58.4,68.4,29.7,2400.030464,0.852,0x0,35,7
2026-03-29T15:02:26.125848,57.85,66.5,29.8,2400.023808,0.852,0x0,34,4
2026-03-29T15:02:27.147583,57.85,67.6,29.7,2400.023808,0.852,0x0,27,1
2026-03-29T15:02:28.219635,58.4,66.3,29.8,2400.033792,0.852,0x0,34,3
2026-03-29T15:02:29.245646,57.85,67.2,29.8,2400.023808,0.852,0x0,30,7
2026-03-29T15:02:30.270971,57.3,66.4,29.7,2400.030464,0.852,0x0,27,1
2026-03-29T15:02:31.293617,58.95,69.3,29.8,2400.02048,0.852,0x0,34,1
2026-03-29T15:02:32.314834,58.95,68.1,30.1,2400.02048,0.852,0x0,34,5
2026-03-29T15:02:33.338248,58.95,65.7,30.0,2400.023808,0.852,0x0,34,5
2026-03-29T15:02:34.466440,59.5,66.4,29.9,2400.033792,0.852,0x0,34,6
2026-03-29T15:02:35.491082,56.2,67.4,29.8,2400.033792,0.852,0x0,34,7
2026-03-29T15:02:36.518805,58.95,68.0,29.8,2400.030464,0.852,0x0,28,
2026-03-29T15:02:37.539305,57.85,68.4,29.9,2400.023808,0.852,0x0,34,2
2026-03-29T15:02:38.561544,57.85,67.3,29.9,2400.023808,0.852,0x0,27,1
2026-03-29T15:02:39.686690,58.95,66.9,29.7,2400.030464,0.852,0x0,34,0
2026-03-29T15:02:40.711137,59.5,68.2,30.0,2400.02048,0.852,0x0,33,
2026-03-29T15:02:41.740843,57.85,71.4,30.0,2400.033792,0.852,0x0,27,3
2026-03-29T15:02:42.770516,57.85,67.2,30.1,2400.033792,0.852,0x0,34,7
2026-03-29T15:02:43.790506,58.95,67.1,30.3,2400.023808,0.852,0x0,27,3
2026-03-29T15:02:44.816204,59.5,67.2,30.2,2400.023808,0.852,0x0,31,4
2026-03-29T15:02:45.837065,58.4,67.2,30.2,2400.030464,0.852,0x0,28,
2026-03-29T15:02:46.865579,59.5,67.6,30.3,2400.030464,0.852,0x0,28,4
2026-03-29T15:02:47.883449,57.85,67.2,30.1,2400.030464,0.852,0x0,27,3
2026-03-29T15:02:48.912135,57.85,65.9,30.2,2400.02048,0.852,0x0,27,1
2026-03-29T15:02:49.933942,57.85,66.2,30.3,2400.02048,0.852,0x0,35,3
2026-03-29T15:02:50.957356,58.4,67.0,30.3,2400.027136,0.852,0x0,34,
2026-03-29T15:02:51.978306,58.95,66.5,30.2,2400.027136,0.852,0x0,34,
2026-03-29T15:02:52.999991,58.4,66.1,30.0,2400.027136,0.852,0x0,27,2
2026-03-29T15:02:54.022773,57.85,66.2,30.1,2400.023808,0.852,0x0,27,3
2026-03-29T15:02:55.050865,58.4,67.0,29.9,2400.033792,0.852,0x0,28,
2026-03-29T15:02:56.074656,56.75,66.3,29.8,2400.02048,0.852,0x0,27,3
2026-03-29T15:02:57.100926,59.5,67.9,29.9,2400.023808,0.852,0x0,33,
2026-03-29T15:02:58.121755,58.95,66.7,30.0,2400.033792,0.852,0x0,31,
2026-03-29T15:02:59.145581,59.5,66.3,29.8,2400.02048,0.852,0x0,34,1
2026-03-29T15:03:00.166879,59.5,66.9,29.6,2400.033792,0.852,0x0,27,3
2026-03-29T15:03:01.197734,58.95,68.4,29.7,2400.033792,0.852,0x0,34,8
2026-03-29T15:03:02.221651,57.85,69.3,29.8,2400.030464,0.852,0x0,27,1
2026-03-29T15:03:03.243399,57.85,70.7,29.8,2400.033792,0.852,0x0,34,
2026-03-29T15:03:04.270199,57.85,67.6,29.7,2400.030464,0.852,0x0,27,1
2026-03-29T15:03:05.295627,58.95,66.7,29.5,2400.033792,0.852,0x0,34,
2026-03-29T15:03:06.320525,57.85,68.5,29.7,2400.02048,0.852,0x0,34,4
2026-03-29T15:03:07.351483,57.85,68.0,29.9,2400.030464,0.852,0x0,34,
2026-03-29T15:03:08.379527,59.5,65.8,29.9,2400.027136,0.852,0x0,34,3
2026-03-29T15:03:09.403939,58.4,67.0,30.0,2400.02048,0.852,0x0,27,3
2026-03-29T15:03:10.426632,57.85,66.8,30.1,2400.030464,0.852,0x0,34,1
2026-03-29T15:03:11.450702,58.4,66.8,30.0,2400.023808,0.852,0x0,34,1
2026-03-29T15:03:12.479652,57.3,68.6,29.9,2400.02048,0.852,0x0,28,
2026-03-29T15:03:13.500710,57.85,68.2,30.0,2400.033792,0.852,0x0,27,3
2026-03-29T15:03:14.531519,57.85,67.7,29.9,2400.02048,0.852,0x0,28,
2026-03-29T15:03:15.554730,58.95,67.7,29.9,2400.033792,0.852,0x0,27,3
2026-03-29T15:03:16.579866,58.95,66.3,29.9,2400.033792,0.852,0x0,35,
2026-03-29T15:03:17.602772,58.95,66.8,29.9,2400.033792,0.852,0x0,32,8
2026-03-29T15:03:18.625568,57.3,66.8,29.8,2400.03712,0.852,0x0,34,2
2026-03-29T15:03:19.644646,57.85,66.7,30.0,2400.023808,0.852,0x0,27,4
2026-03-29T15:03:20.671306,58.4,67.2,29.8,2400.033792,0.852,0x0,34,5
2026-03-29T15:03:21.694099,58.95,66.1,29.9,2400.027136,0.852,0x0,27,2
2026-03-29T15:03:22.718692,57.3,68.1,30.0,2400.023808,0.852,0x0,36,2
2026-03-29T15:03:23.747327,57.85,66.8,30.2,2400.023808,0.852,0x0,32,8
2026-03-29T15:03:24.771416,58.4,66.5,29.8,2400.033792,0.852,0x0,37,
2026-03-29T15:03:25.794056,57.85,66.7,30.0,2400.030464,0.852,0x0,27,0
2026-03-29T15:03:26.813207,57.85,69.2,30.0,2400.030464,0.852,0x0,27,1
2026-03-29T15:03:27.841291,58.4,69.7,29.9,2400.033792,0.852,0x0,27,3
2026-03-29T15:03:28.861819,57.85,67.4,29.9,2400.017408,0.852,0x0,27,2
2026-03-29T15:03:29.889804,57.3,67.2,29.7,2400.030464,0.852,0x0,27,4
2026-03-29T15:03:30.914424,58.4,66.1,29.7,2400.033792,0.852,0x0,34,1
2026-03-29T15:03:31.944832,57.85,68.5,29.9,2400.03712,0.852,0x0,27,1
2026-03-29T15:03:32.962743,57.3,65.0,30.1,2400.02048,0.852,0x0,27,1
2026-03-29T15:03:33.989056,57.85,67.5,29.8,2400.033792,0.852,0x0,34,6
2026-03-29T15:03:35.013522,57.85,65.5,29.9,2400.023808,0.852,0x0,27,1
2026-03-29T15:03:36.042068,58.95,66.3,29.9,2400.027136,0.852,0x0,27,1
2026-03-29T15:03:37.064526,58.4,67.3,29.9,2400.030464,0.852,0x0,28,1
2026-03-29T15:03:38.088869,58.95,67.9,29.7,2400.027136,0.852,0x0,34,5
2026-03-29T15:03:39.114448,58.4,65.8,29.8,2400.02048,0.852,0x0,34,
2026-03-29T15:03:40.132872,57.85,69.3,29.8,2400.02048,0.852,0x0,29,
2026-03-29T15:03:41.157048,58.4,66.8,29.7,2400.03712,0.852,0x0,27,1
2026-03-29T15:03:42.180312,58.4,66.7,29.5,2400.02048,0.852,0x0,27,2
2026-03-29T15:03:43.204241,58.4,66.8,29.6,2400.027136,0.852,0x0,34,1
2026-03-29T15:03:44.223692,58.4,65.7,29.5,2400.02048,0.852,0x0,33,1
2026-03-29T15:03:45.250083,57.3,68.1,29.7,2400.030464,0.852,0x0,29,5
2026-03-29T15:03:46.272818,58.95,67.3,29.7,2400.023808,0.852,0x0,34,1
2026-03-29T15:03:47.294940,57.85,66.2,29.8,2400.03712,0.852,0x0,35,
2026-03-29T15:03:48.315606,59.5,68.3,29.7,2400.030464,0.852,0x0,35,
2026-03-29T15:03:49.341852,58.4,65.9,29.9,2400.02048,0.852,0x0,34,1
2026-03-29T15:03:50.372064,57.85,71.8,30.1,2400.033792,0.852,0x0,27,1
2026-03-29T15:03:51.394293,58.95,65.6,30.1,2400.03712,0.852,0x0,31,3
2026-03-29T15:03:52.423710,58.95,69.2,30.1,2400.033792,0.852,0x0,31,
2026-03-29T15:03:53.447604,57.85,67.3,30.2,2400.027136,0.852,0x0,31,3
2026-03-29T15:03:54.472691,57.85,68.0,30.1,2400.030464,0.852,0x0,27,4
2026-03-29T15:03:55.500399,57.85,68.3,30.0,2400.023808,0.852,0x0,27,1
2026-03-29T15:03:56.522182,57.85,65.8,29.9,2400.02048,0.852,0x0,34,9
2026-03-29T15:03:57.544156,58.95,68.1,29.8,2400.027136,0.852,0x0,34,2
2026-03-29T15:03:58.568972,58.4,66.5,29.7,2400.03712,0.852,0x0,32,
2026-03-29T15:03:59.592893,57.85,66.3,29.6,2400.02048,0.852,0x0,32,3
2026-03-29T15:04:00.622537,57.85,67.8,29.7,2400.033792,0.852,0x0,27,2
2026-03-29T15:04:01.645795,58.95,67.6,29.8,2400.033792,0.852,0x0,34,1
2026-03-29T15:04:02.668223,58.95,67.2,29.9,2400.030464,0.852,0x0,34,1
2026-03-29T15:04:03.690513,58.95,66.2,29.8,2400.030464,0.852,0x0,29,
2026-03-29T15:04:04.714918,59.5,64.2,29.9,2400.027136,0.852,0x0,30,
2026-03-29T15:04:05.740881,57.85,67.0,29.9,2400.027136,0.852,0x0,30,
2026-03-29T15:04:06.763597,59.5,68.2,29.7,2400.023808,0.852,0x0,34,1
2026-03-29T15:04:07.787698,57.3,68.5,29.7,2400.033792,0.852,0x0,28,4
2026-03-29T15:04:08.815683,57.85,67.5,29.6,2400.02048,0.852,0x0,34,6
2026-03-29T15:04:09.839217,58.95,66.7,29.8,2400.02048,0.852,0x0,27,3
2026-03-29T15:04:10.866219,57.85,67.7,29.7,2400.023808,0.852,0x0,34,1
2026-03-29T15:04:11.887456,57.3,66.5,29.8,2400.023808,0.852,0x0,27,2
2026-03-29T15:04:12.911628,59.5,71.7,29.8,2400.033792,0.852,0x0,27,4
2026-03-29T15:04:13.935157,57.85,67.3,29.5,2400.02048,0.852,0x0,31,
2026-03-29T15:04:14.959911,57.3,67.2,29.6,2400.027136,0.852,0x0,27,1
2026-03-29T15:04:15.984347,57.3,66.0,29.7,2400.03712,0.852,0x0,27,1
2026-03-29T15:04:17.007525,57.3,66.4,29.6,2400.027136,0.852,0x0,34,2
2026-03-29T15:04:18.032812,57.85,68.2,29.6,2400.033792,0.852,0x0,29,
2026-03-29T15:04:19.057402,58.4,67.3,29.7,2400.033792,0.852,0x0,27,3
2026-03-29T15:04:20.086672,57.85,68.1,29.8,2400.030464,0.852,0x0,27,3
2026-03-29T15:04:21.109751,58.4,65.1,29.9,2400.03712,0.852,0x0,27,3
2026-03-29T15:04:22.131703,57.3,67.0,29.9,2400.017408,0.852,0x0,27,
2026-03-29T15:04:23.152591,59.5,67.9,30.0,2400.027136,0.852,0x0,27,2
2026-03-29T15:04:24.177468,57.85,66.9,29.9,2400.027136,0.852,0x0,27,1
2026-03-29T15:04:25.203481,58.95,66.2,29.8,2400.033792,0.852,0x0,34,1
2026-03-29T15:04:26.223983,58.95,67.3,29.8,2400.02048,0.852,0x0,34,
2026-03-29T15:04:27.352670,58.95,67.1,29.8,2400.033792,0.852,0x0,34,2
2026-03-29T15:04:28.376123,58.95,67.3,29.7,2400.017408,0.852,0x0,34,
2026-03-29T15:04:29.398303,58.4,66.4,30.0,2400.033792,0.852,0x0,27,3
2026-03-29T15:04:30.421535,57.85,65.7,30.2,2400.033792,0.852,0x0,27,2
2026-03-29T15:04:31.440942,57.85,66.5,30.1,2400.033792,0.852,0x0,28,1
2026-03-29T15:04:32.466811,58.95,67.9,30.0,2400.023808,0.852,0x0,28,2
2026-03-29T15:04:33.489126,57.3,67.9,29.9,2400.023808,0.852,0x0,34,1
2026-03-29T15:04:34.512712,56.75,66.7,30.0,2400.027136,0.852,0x0,27,3
2026-03-29T15:04:35.533456,57.85,66.6,29.9,2400.02048,0.852,0x0,34,3
2026-03-29T15:04:36.559581,57.85,66.8,30.1,2400.027136,0.852,0x0,30,
2026-03-29T15:04:37.582620,58.95,65.7,30.2,2400.033792,0.852,0x0,27,2
2026-03-29T15:04:38.617769,57.85,71.7,30.3,2400.023808,0.852,0x0,34,0
2026-03-29T15:04:39.647143,58.95,65.9,30.1,2400.030464,0.852,0x0,27,1
2026-03-29T15:04:40.673135,58.4,65.8,30.0,2400.023808,0.852,0x0,27,3
2026-03-29T15:04:41.697968,57.3,66.6,29.9,2400.017408,0.852,0x0,34,0
2026-03-29T15:04:42.723189,58.4,68.0,30.0,2400.023808,0.852,0x0,27,1
2026-03-29T15:04:43.745937,57.3,67.3,30.1,2400.027136,0.852,0x0,27,3
2026-03-29T15:04:44.765454,57.85,65.7,30.3,2400.033792,0.852,0x0,27,2
2026-03-29T15:04:45.790392,57.85,67.1,30.3,2400.033792,0.852,0x0,27,3
2026-03-29T15:04:46.810528,57.85,66.1,30.3,2400.033792,0.852,0x0,28,2
2026-03-29T15:04:47.839964,57.85,65.9,30.0,2400.033792,0.852,0x0,34,5
2026-03-29T15:04:48.863313,58.4,66.7,29.8,2400.030464,0.852,0x0,34,0
2026-03-29T15:04:49.886760,57.3,65.8,29.9,2400.02048,0.852,0x0,31,3
2026-03-29T15:04:50.912440,56.75,67.2,29.6,2400.02048,0.852,0x0,34,1
2026-03-29T15:04:51.941005,57.85,68.0,29.6,2400.02048,0.852,0x0,27,3
2026-03-29T15:04:52.965320,57.85,67.4,29.8,2400.030464,0.852,0x0,34,4
2026-03-29T15:04:53.988704,57.3,66.8,29.7,2400.017408,0.852,0x0,34,1
2026-03-29T15:04:55.011593,57.85,67.2,29.8,2400.027136,0.852,0x0,28,
2026-03-29T15:04:56.032964,57.3,65.6,29.5,2400.02048,0.852,0x0,34,4
2026-03-29T15:04:57.055335,57.3,67.6,29.5,2400.023808,0.852,0x0,27,2
2026-03-29T15:04:58.077712,57.3,67.6,29.6,2400.02048,0.852,0x0,34,3
2026-03-29T15:04:59.101021,57.85,73.7,29.8,2400.027136,0.852,0x0,27,1
2026-03-29T15:05:00.122644,57.3,67.4,29.7,2400.033792,0.852,0x0,27,1
2026-03-29T15:05:01.148337,57.3,68.2,29.5,2400.03712,0.852,0x0,34,1
2026-03-29T15:05:02.173912,59.5,67.8,29.7,2400.030464,0.852,0x0,27,0
2026-03-29T15:05:03.193978,57.85,68.0,29.5,2400.02048,0.852,0x0,27,1
2026-03-29T15:05:04.220643,57.85,67.5,29.6,2400.02048,0.852,0x0,27,0
2026-03-29T15:05:05.314563,57.3,66.4,29.7,2400.027136,0.852,0x0,30,
2026-03-29T15:05:06.336606,59.5,65.8,29.7,2400.02048,0.852,0x0,27,0
2026-03-29T15:05:07.360391,57.85,68.8,29.9,2400.023808,0.852,0x0,34,1
2026-03-29T15:05:08.381587,60.05,67.4,29.8,2400.02048,0.852,0x0,27,1
2026-03-29T15:05:09.405497,59.5,67.4,30.0,2400.033792,0.852,0x0,28,3
2026-03-29T15:05:10.428945,58.4,67.6,29.9,2400.027136,0.852,0x0,34,1
2026-03-29T15:05:11.452814,57.85,65.9,29.8,2400.017408,0.852,0x0,27,3
2026-03-29T15:05:12.474532,57.85,67.5,29.9,2400.033792,0.852,0x0,27,1
2026-03-29T15:05:13.498067,58.4,68.6,30.1,2400.030464,0.852,0x0,27,3
2026-03-29T15:05:14.528969,57.85,70.6,29.8,2400.023808,0.852,0x0,34,1
2026-03-29T15:05:15.551055,58.4,65.9,29.9,2400.033792,0.852,0x0,27,1
2026-03-29T15:05:16.574488,59.5,66.3,29.9,2400.030464,0.852,0x0,27,1
2026-03-29T15:05:17.596556,58.95,67.3,30.0,2400.030464,0.852,0x0,27,4
2026-03-29T15:05:18.620253,57.85,65.5,30.1,2400.02048,0.852,0x0,27,3
2026-03-29T15:05:19.650955,58.4,65.6,30.0,2400.033792,0.852,0x0,27,2
2026-03-29T15:05:20.676802,58.95,68.2,30.0,2400.03712,0.852,0x0,34,1
2026-03-29T15:05:21.698575,57.3,67.1,30.0,2400.02048,0.852,0x0,33,5
2026-03-29T15:05:22.721366,57.85,67.5,29.7,2400.023808,0.852,0x0,27,2
2026-03-29T15:05:23.751062,58.95,66.7,29.6,2400.02048,0.852,0x0,34,1
2026-03-29T15:05:24.773062,58.4,68.1,29.7,2400.033792,0.852,0x0,29,
2026-03-29T15:05:25.798723,57.3,67.6,29.7,2400.027136,0.852,0x0,27,1
2026-03-29T15:05:26.817499,58.4,66.3,29.5,2400.030464,0.852,0x0,34,1
2026-03-29T15:05:27.844136,57.85,67.2,29.6,2400.030464,0.852,0x0,27,0
2026-03-29T15:05:28.965462,58.4,65.7,29.6,2400.027136,0.852,0x0,27,3
2026-03-29T15:05:29.987603,57.3,66.8,29.7,2400.023808,0.852,0x0,34,
2026-03-29T15:05:31.013301,57.85,61.2,29.6,2400.03712,0.852,0x0,27,3
2026-03-29T15:05:32.042537,58.4,70.1,29.5,2400.03712,0.852,0x0,34,6
2026-03-29T15:05:33.067640,57.85,66.2,29.4,2400.02048,0.852,0x0,34,4
2026-03-29T15:05:34.095836,58.95,67.1,29.2,2400.030464,0.852,0x0,34,0
2026-03-29T15:05:35.122030,58.4,67.0,29.3,2400.02048,0.852,0x0,34,
2026-03-29T15:05:36.154302,57.85,66.7,29.6,2400.030464,0.852,0x0,34,1
2026-03-29T15:05:37.175970,57.85,71.1,29.7,2400.03712,0.852,0x0,30,
2026-03-29T15:05:38.199651,58.4,65.2,29.5,2400.030464,0.852,0x0,27,2
2026-03-29T15:05:39.227595,59.5,68.2,29.7,2400.033792,0.852,0x0,34,
2026-03-29T15:05:40.251616,57.3,67.3,29.9,2400.023808,0.852,0x0,27,1
2026-03-29T15:05:41.272854,57.85,66.9,29.7,2400.033792,0.852,0x0,27,3
2026-03-29T15:05:42.292459,57.85,66.8,29.5,2400.023808,0.852,0x0,27,1
2026-03-29T15:05:43.318517,57.85,67.1,29.9,2400.033792,0.852,0x0,31,7
2026-03-29T15:05:44.341154,57.85,68.1,30.0,2400.027136,0.852,0x0,27,3
2026-03-29T15:05:45.365269,57.3,67.2,30.0,2400.027136,0.852,0x0,35,3
2026-03-29T15:05:46.384685,58.4,66.8,30.0,2400.030464,0.852,0x0,27,3
2026-03-29T15:05:47.415941,57.3,66.5,29.7,2400.03712,0.852,0x0,35,
2026-03-29T15:05:48.439704,58.95,66.7,29.7,2400.027136,0.852,0x0,34,6
2026-03-29T15:05:49.467793,58.4,67.2,29.6,2400.027136,0.852,0x0,27,3
2026-03-29T15:05:50.494217,57.85,66.3,29.8,2400.02048,0.852,0x0,29,5
2026-03-29T15:05:51.519593,57.85,66.7,30.0,2400.027136,0.852,0x0,27,1
2026-03-29T15:05:52.540397,58.4,66.3,30.1,2400.02048,0.852,0x0,34,
2026-03-29T15:05:53.561270,58.4,67.5,30.2,2400.017408,0.852,0x0,34,2
2026-03-29T15:05:54.585609,58.4,67.4,30.1,2400.030464,0.852,0x0,34,1
2026-03-29T15:05:55.610594,57.85,67.2,30.2,2400.023808,0.852,0x0,34,
2026-03-29T15:05:56.633799,57.85,67.0,30.2,2400.033792,0.852,0x0,29,5
2026-03-29T15:05:57.656101,58.95,67.9,30.1,2400.03712,0.852,0x0,34,
2026-03-29T15:05:58.681596,58.95,67.0,30.2,2400.02048,0.852,0x0,34,1
2026-03-29T15:05:59.705987,58.95,71.8,30.1,2400.023808,0.852,0x0,31,
2026-03-29T15:06:00.728935,58.4,67.7,29.8,2400.027136,0.852,0x0,27,1
2026-03-29T15:06:01.753430,57.85,66.9,29.7,2400.027136,0.852,0x0,27,3
2026-03-29T15:06:02.774504,57.85,67.5,29.7,2400.027136,0.852,0x0,28,
2026-03-29T15:06:03.795707,57.3,66.6,29.9,2400.030464,0.852,0x0,27,0
2026-03-29T15:06:04.816470,59.5,67.4,30.3,2400.027136,0.852,0x0,27,1
2026-03-29T15:06:05.842876,58.95,68.6,30.0,2400.033792,0.852,0x0,34,5
2026-03-29T15:06:06.866496,58.4,66.3,29.9,2400.023808,0.852,0x0,34,1
2026-03-29T15:06:07.897345,57.85,66.1,29.8,2400.030464,0.852,0x0,34,2
2026-03-29T15:06:08.919428,57.85,67.0,29.9,2400.02048,0.852,0x0,27,3
2026-03-29T15:06:09.949705,57.85,67.6,29.8,2400.033792,0.852,0x0,32,1
2026-03-29T15:06:11.001944,58.4,66.4,29.7,2400.023808,0.852,0x0,34,6
2026-03-29T15:06:12.027597,57.85,75.3,29.8,2400.033792,0.852,0x0,27,1
2026-03-29T15:06:13.059321,58.95,70.6,30.0,2400.030464,0.852,0x0,27,2
2026-03-29T15:06:14.088400,57.85,71.4,29.9,2400.02048,0.852,0x0,28,
2026-03-29T15:06:15.119804,58.4,70.5,29.9,2400.02048,0.852,0x0,31,
2026-03-29T15:06:16.147631,57.85,67.5,30.0,2400.033792,0.852,0x0,34,4
2026-03-29T15:06:17.166596,58.4,67.2,29.9,2400.033792,0.852,0x0,34,2
2026-03-29T15:06:18.193494,58.95,67.3,30.0,2400.023808,0.852,0x0,29,
2026-03-29T15:06:19.217288,57.85,68.8,29.9,2400.033792,0.852,0x0,34,6
2026-03-29T15:06:20.244730,57.3,66.8,30.0,2400.023808,0.852,0x0,27,2
2026-03-29T15:06:21.265753,57.85,66.7,30.0,2400.027136,0.852,0x0,27,3
2026-03-29T15:06:22.288257,57.85,66.8,30.0,2400.030464,0.852,0x0,34,5
2026-03-29T15:06:23.316579,57.85,67.2,30.3,2400.030464,0.852,0x0,27,2
2026-03-29T15:06:24.338813,58.4,69.6,30.4,2400.02048,0.852,0x0,27,1
2026-03-29T15:06:25.368432,57.85,71.6,30.5,2400.027136,0.852,0x0,29,6
2026-03-29T15:06:26.391891,57.85,67.7,30.5,2400.03712,0.852,0x0,34,1
2026-03-29T15:06:27.417525,57.85,67.8,30.3,2400.027136,0.852,0x0,27,3
2026-03-29T15:06:28.441749,57.3,66.2,30.1,2400.033792,0.852,0x0,27,2
2026-03-29T15:06:29.459713,57.85,66.8,30.0,2400.02048,0.852,0x0,34,4
2026-03-29T15:06:30.480335,57.85,67.4,29.6,2400.030464,0.852,0x0,29,6
2026-03-29T15:06:31.508467,57.3,67.2,29.6,2400.023808,0.852,0x0,34,1
2026-03-29T15:06:32.535171,59.5,67.8,29.6,2400.02048,0.852,0x0,27,1
2026-03-29T15:06:33.562800,57.85,66.4,29.5,2400.023808,0.852,0x0,27,3
2026-03-29T15:06:34.581818,58.4,67.3,29.4,2400.02048,0.852,0x0,34,2
2026-03-29T15:06:35.612521,57.85,67.4,29.6,2400.03712,0.852,0x0,34,5
2026-03-29T15:06:36.634894,57.3,67.3,29.6,2400.033792,0.852,0x0,30,
2026-03-29T15:06:37.663577,57.85,67.1,29.5,2400.033792,0.852,0x0,34,8
2026-03-29T15:06:38.687618,57.85,66.6,29.7,2400.017408,0.852,0x0,34,2
2026-03-29T15:06:39.710855,58.95,66.7,29.7,2400.023808,0.852,0x0,27,1
2026-03-29T15:06:40.729674,57.85,67.3,29.7,2400.02048,0.852,0x0,34,6
2026-03-29T15:06:41.758162,57.85,67.7,29.5,2400.023808,0.852,0x0,34,1
2026-03-29T15:06:42.783676,57.85,66.5,29.6,2400.023808,0.852,0x0,27,2
2026-03-29T15:06:43.806727,58.95,67.3,29.9,2400.017408,0.852,0x0,34,2
2026-03-29T15:06:44.834457,58.4,67.6,29.8,2400.027136,0.852,0x0,27,3
2026-03-29T15:06:45.866948,59.5,68.0,29.8,2400.02048,0.852,0x0,31,
2026-03-29T15:06:46.890519,57.85,67.0,29.7,2400.033792,0.852,0x0,27,3
2026-03-29T15:06:47.915239,58.4,66.8,29.6,2400.02048,0.852,0x0,35,
2026-03-29T15:06:48.941306,59.5,66.3,29.7,2400.023808,0.852,0x0,28,3
2026-03-29T15:06:49.967721,59.5,71.9,29.8,2400.023808,0.852,0x0,27,1
2026-03-29T15:06:50.996326,59.5,67.1,29.7,2400.027136,0.852,0x0,34,3
2026-03-29T15:06:52.018901,58.4,66.4,29.9,2400.02048,0.852,0x0,27,1
2026-03-29T15:06:53.041776,57.85,68.2,29.9,2400.033792,0.852,0x0,34,3
2026-03-29T15:06:54.067620,57.85,67.3,29.8,2400.030464,0.852,0x0,34,1
2026-03-29T15:06:55.095327,58.95,66.9,29.7,2400.02048,0.852,0x0,34,
2026-03-29T15:06:56.121913,57.85,66.5,29.7,2400.033792,0.852,0x0,33,
2026-03-29T15:06:57.150517,58.4,65.9,29.6,2400.027136,0.852,0x0,30,6
2026-03-29T15:06:58.177525,57.85,66.5,29.4,2400.02048,0.852,0x0,27,1
2026-03-29T15:06:59.205260,58.95,67.2,29.5,2400.027136,0.852,0x0,34,
2026-03-29T15:07:00.228693,57.85,69.8,29.6,2400.02048,0.852,0x0,27,2
2026-03-29T15:07:01.258610,57.85,67.6,29.6,2400.02048,0.852,0x0,33,9
2026-03-29T15:07:02.277836,59.5,67.8,29.8,2400.023808,0.852,0x0,31,7
2026-03-29T15:07:03.302664,58.4,66.7,29.9,2400.033792,0.852,0x0,34,5
2026-03-29T15:07:04.327695,58.95,67.5,30.1,2400.033792,0.852,0x0,27,3
2026-03-29T15:07:05.353636,58.95,67.0,30.2,2400.023808,0.852,0x0,27,1
2026-03-29T15:07:06.373754,57.85,66.4,30.3,2400.02048,0.852,0x0,27,3
2026-03-29T15:07:07.405526,57.85,66.4,30.5,2400.02048,0.852,0x0,34,3
2026-03-29T15:07:08.430806,58.4,68.4,30.5,2400.02048,0.852,0x0,28,5
2026-03-29T15:07:09.453003,58.4,65.8,30.3,2400.02048,0.852,0x0,34,2
2026-03-29T15:07:10.475630,58.95,67.3,30.3,2400.02048,0.852,0x0,31,4
2026-03-29T15:07:11.503117,58.4,68.0,30.2,2400.03712,0.852,0x0,31,
2026-03-29T15:07:12.524984,58.4,70.7,30.1,2400.033792,0.852,0x0,34,5
2026-03-29T15:07:13.548277,57.85,67.4,30.1,2400.027136,0.852,0x0,34,
2026-03-29T15:07:14.582829,58.4,68.1,29.9,2400.027136,0.852,0x0,34,
2026-03-29T15:07:15.609871,58.4,69.7,29.8,2400.027136,0.852,0x0,27,4
2026-03-29T15:07:16.633161,59.5,65.5,30.0,2400.02048,0.852,0x0,34,1
2026-03-29T15:07:17.652522,56.75,65.4,30.0,2400.023808,0.852,0x0,30,6
2026-03-29T15:07:18.676735,58.95,67.4,29.8,2400.03712,0.852,0x0,34,1
2026-03-29T15:07:19.701392,58.4,66.1,29.9,2400.017408,0.852,0x0,27,2
2026-03-29T15:07:20.721223,57.85,66.8,30.0,2400.030464,0.852,0x0,27,3
2026-03-29T15:07:21.745593,58.95,68.4,29.9,2400.033792,0.852,0x0,34,1
2026-03-29T15:07:22.768797,59.5,68.1,29.8,2400.030464,0.852,0x0,34,
2026-03-29T15:07:23.791323,58.4,66.3,29.7,2400.030464,0.852,0x0,27,2
2026-03-29T15:07:24.817256,57.85,66.1,29.6,2400.030464,0.852,0x0,27,2
2026-03-29T15:07:25.844781,58.95,67.1,29.6,2400.02048,0.852,0x0,34,4
2026-03-29T15:07:26.870639,57.85,67.8,29.5,2400.027136,0.852,0x0,34,7
2026-03-29T15:07:27.895076,58.4,67.2,29.5,2400.03712,0.852,0x0,34,
2026-03-29T15:07:28.922968,58.4,66.7,29.6,2400.02048,0.852,0x0,34,1
2026-03-29T15:07:29.944090,57.85,67.3,29.5,2400.027136,0.852,0x0,27,2
2026-03-29T15:07:30.966056,58.4,70.4,29.4,2400.023808,0.852,0x0,28,
2026-03-29T15:07:31.988135,59.5,66.2,29.5,2400.030464,0.852,0x0,27,1
2026-03-29T15:07:33.009134,58.95,67.8,29.7,2400.033792,0.852,0x0,34,1
2026-03-29T15:07:34.031249,58.4,64.5,29.6,2400.02048,0.852,0x0,34,5
2026-03-29T15:07:35.055805,58.4,67.6,29.7,2400.030464,0.852,0x0,27,3
2026-03-29T15:07:36.081745,58.4,71.6,29.7,2400.033792,0.852,0x0,34,0
2026-03-29T15:07:37.106193,59.5,67.5,29.6,2400.023808,0.852,0x0,27,2
2026-03-29T15:07:38.125835,58.95,67.8,29.8,2400.023808,0.852,0x0,27,1
2026-03-29T15:07:39.151250,56.75,66.8,29.8,2400.033792,0.852,0x0,27,1
2026-03-29T15:07:40.170569,58.4,68.4,29.8,2400.03712,0.852,0x0,28,
2026-03-29T15:07:41.192971,58.95,66.6,29.9,2400.017408,0.852,0x0,34,4
2026-03-29T15:07:42.219835,58.95,66.8,30.1,2400.030464,0.852,0x0,27,2
2026-03-29T15:07:43.243321,58.95,66.2,30.1,2400.023808,0.852,0x0,27,1
2026-03-29T15:07:44.267592,59.5,66.9,30.0,2400.033792,0.852,0x0,32,5
2026-03-29T15:07:45.299446,58.4,67.7,29.8,2400.033792,0.852,0x0,28,1
2026-03-29T15:07:46.325926,59.5,66.9,29.8,2400.023808,0.852,0x0,32,
2026-03-29T15:07:47.351564,58.4,67.8,29.7,2400.03712,0.852,0x0,28,4
2026-03-29T15:07:48.378623,58.4,66.3,29.6,2400.02048,0.852,0x0,27,1
2026-03-29T15:07:49.404713,58.4,67.8,29.6,2400.033792,0.852,0x0,34,1
2026-03-29T15:07:50.433674,57.3,66.4,29.8,2400.027136,0.852,0x0,27,3
2026-03-29T15:07:51.457680,58.95,67.2,29.8,2400.027136,0.852,0x0,34,6
2026-03-29T15:07:52.482422,57.85,66.3,29.9,2400.033792,0.852,0x0,27,1
2026-03-29T15:07:53.503749,59.5,67.3,29.9,2400.02048,0.852,0x0,34,2
2026-03-29T15:07:54.528760,57.85,66.7,30.0,2400.017408,0.852,0x0,27,3
2026-03-29T15:07:55.558053,57.85,69.2,30.2,2400.02048,0.852,0x0,34,
2026-03-29T15:07:56.585132,59.5,66.8,30.3,2400.023808,0.852,0x0,27,1
2026-03-29T15:07:57.605432,58.95,66.6,30.3,2400.033792,0.852,0x0,35,1
2026-03-29T15:07:58.630679,58.95,65.4,30.0,2400.017408,0.852,0x0,27,3
2026-03-29T15:07:59.668132,60.05,73.3,29.8,2400.027136,0.852,0x0,27,3
2026-03-29T15:08:00.700246,58.4,69.7,29.7,2400.027136,0.852,0x0,27,3
2026-03-29T15:08:01.734604,57.85,67.3,29.9,2400.030464,0.852,0x0,33,1
2026-03-29T15:08:02.755608,59.5,66.9,30.1,2400.027136,0.852,0x0,34,1
2026-03-29T15:08:03.779569,58.4,66.7,30.1,2400.017408,0.852,0x0,27,2
2026-03-29T15:08:04.805988,58.95,66.2,30.1,2400.023808,0.852,0x0,27,1
2026-03-29T15:08:05.824574,58.4,68.4,30.1,2400.030464,0.852,0x0,34,2
2026-03-29T15:08:06.846763,58.4,66.9,29.9,2400.033792,0.852,0x0,28,3
2026-03-29T15:08:07.871005,58.95,67.2,29.8,2400.02048,0.852,0x0,28,3
2026-03-29T15:08:08.895006,57.85,67.1,29.7,2400.033792,0.852,0x0,30,4
2026-03-29T15:08:09.918695,58.4,67.5,29.6,2400.027136,0.852,0x0,27,3
2026-03-29T15:08:10.938467,58.95,68.1,29.7,2400.023808,0.852,0x0,27,1
2026-03-29T15:08:11.964611,57.85,68.4,29.7,2400.033792,0.852,0x0,27,3
2026-03-29T15:08:12.986027,59.5,65.3,29.8,2400.023808,0.852,0x0,29,4
2026-03-29T15:08:14.007472,57.3,67.7,30.0,2400.030464,0.852,0x0,28,3
2026-03-29T15:08:15.028275,58.4,66.6,30.1,2400.03712,0.852,0x0,27,1
2026-03-29T15:08:16.048190,57.3,71.7,29.9,2400.02048,0.852,0x0,34,1
2026-03-29T15:08:17.072526,58.4,66.2,29.7,2400.027136,0.852,0x0,27,1
2026-03-29T15:08:18.098605,58.95,67.5,29.9,2400.017408,0.852,0x0,34,5
2026-03-29T15:08:19.124449,57.3,64.6,29.9,2400.033792,0.852,0x0,34,3
2026-03-29T15:08:20.146278,58.95,67.6,29.8,2400.02048,0.852,0x0,27,1
2026-03-29T15:08:21.170581,59.5,66.5,29.9,2400.03712,0.852,0x0,27,4
2026-03-29T15:08:22.193509,58.4,66.0,30.1,2400.027136,0.852,0x0,34,1
2026-03-29T15:08:23.221213,57.85,66.4,30.0,2400.027136,0.852,0x0,27,2
2026-03-29T15:08:24.242818,58.4,67.3,29.8,2400.027136,0.852,0x0,27,1
2026-03-29T15:08:25.266334,58.4,67.2,29.9,2400.023808,0.852,0x0,28,
2026-03-29T15:08:26.290943,58.95,69.0,30.1,2400.030464,0.852,0x0,34,2
2026-03-29T15:08:27.315193,59.5,66.2,30.2,2400.033792,0.852,0x0,34,4
2026-03-29T15:08:28.341581,58.4,67.3,30.2,2400.030464,0.852,0x0,27,2
2026-03-29T15:08:29.367752,58.95,67.1,30.2,2400.030464,0.852,0x0,27,1
2026-03-29T15:08:30.393786,57.85,67.3,30.0,2400.023808,0.852,0x0,34,4
2026-03-29T15:08:31.417059,59.5,68.7,29.9,2400.033792,0.852,0x0,34,1
2026-03-29T15:08:32.439610,58.4,66.7,29.6,2400.033792,0.852,0x0,34,4
2026-03-29T15:08:33.459591,58.4,66.0,29.7,2400.03712,0.852,0x0,27,1
2026-03-29T15:08:34.482628,57.85,66.0,29.6,2400.027136,0.852,0x0,34,
2026-03-29T15:08:35.510914,58.4,66.2,29.6,2400.017408,0.852,0x0,34,3
2026-03-29T15:08:36.533797,58.95,66.9,29.3,2400.02048,0.852,0x0,27,2
2026-03-29T15:08:37.559967,59.5,67.3,29.4,2400.02048,0.852,0x0,28,2
2026-03-29T15:08:38.578193,57.85,67.8,29.4,2400.030464,0.852,0x0,27,5
2026-03-29T15:08:39.612057,58.4,69.9,29.3,2400.02048,0.852,0x0,34,1
2026-03-29T15:08:40.636438,58.4,65.8,29.4,2400.030464,0.852,0x0,34,4
2026-03-29T15:08:41.770293,58.4,68.1,29.6,2400.03712,0.852,0x0,34,
2026-03-29T15:08:42.859600,58.95,67.1,29.8,2400.033792,0.852,0x0,27,4
2026-03-29T15:08:43.883928,60.6,67.3,29.3,2400.023808,0.852,0x0,34,2
2026-03-29T15:08:44.905828,58.95,66.6,29.6,2400.023808,0.852,0x0,27,2
2026-03-29T15:08:45.929847,57.85,67.8,29.7,2400.02048,0.852,0x0,27,3
2026-03-29T15:08:46.951292,57.85,65.4,29.6,2400.033792,0.852,0x0,34,5
2026-03-29T15:08:47.982656,57.85,68.1,29.5,2400.03712,0.852,0x0,30,
2026-03-29T15:08:49.004716,58.95,65.9,29.7,2400.03712,0.852,0x0,27,1
2026-03-29T15:08:50.029348,58.4,67.9,30.0,2400.03712,0.852,0x0,27,1
2026-03-29T15:08:51.051647,58.4,69.1,30.2,2400.030464,0.852,0x0,27,3
2026-03-29T15:08:52.077284,59.5,67.9,30.2,2400.02048,0.852,0x0,34,
2026-03-29T15:08:53.102497,58.4,66.3,30.1,2400.02048,0.852,0x0,28,1
2026-03-29T15:08:54.127851,57.85,66.4,30.0,2400.02048,0.852,0x0,34,1
2026-03-29T15:08:55.150115,57.85,68.0,30.0,2400.030464,0.852,0x0,27,2
2026-03-29T15:08:56.177769,57.85,67.1,30.0,2400.02048,0.852,0x0,27,1
2026-03-29T15:08:57.200314,57.85,68.4,30.0,2400.033792,0.852,0x0,29,5
2026-03-29T15:08:58.224853,57.85,67.0,29.9,2400.02048,0.852,0x0,27,1
2026-03-29T15:08:59.247620,59.5,64.6,30.1,2400.02048,0.852,0x0,34,6
2026-03-29T15:09:00.275614,58.95,68.2,30.4,2400.027136,0.852,0x0,34,10
2026-03-29T15:09:01.301629,58.4,70.2,30.2,2400.023808,0.852,0x0,27,2
2026-03-29T15:09:02.334458,57.85,68.5,30.2,2400.027136,0.852,0x0,34,1
2026-03-29T15:09:03.356952,57.85,67.2,30.2,2400.027136,0.852,0x0,34,5
2026-03-29T15:09:04.382887,58.4,68.4,30.0,2400.033792,0.852,0x0,34,2
2026-03-29T15:09:05.405558,58.4,67.2,29.7,2400.02048,0.852,0x0,33,7
2026-03-29T15:09:06.427833,58.4,68.3,29.5,2400.033792,0.852,0x0,27,3
2026-03-29T15:09:07.473303,58.4,66.6,29.6,2400.02048,0.852,0x0,34,
2026-03-29T15:09:08.600750,58.4,65.3,29.5,2400.030464,0.852,0x0,34,1
2026-03-29T15:09:09.625243,57.85,65.6,29.4,2400.023808,0.852,0x0,34,2
2026-03-29T15:09:10.648186,59.5,62.8,29.5,2400.02048,0.852,0x0,27,3
2026-03-29T15:09:11.667497,58.4,67.9,29.5,2400.02048,0.852,0x0,34,1
2026-03-29T15:09:12.687322,58.95,67.4,29.6,2400.02048,0.852,0x0,34,
2026-03-29T15:09:13.818649,58.4,66.4,29.7,2400.027136,0.852,0x0,27,4
2026-03-29T15:09:14.844897,58.95,66.7,29.7,2400.033792,0.852,0x0,34,1
2026-03-29T15:09:15.873288,59.5,64.8,29.7,2400.02048,0.852,0x0,27,1
2026-03-29T15:09:16.895786,59.5,68.6,29.5,2400.023808,0.852,0x0,30,
2026-03-29T15:09:17.915614,58.95,67.1,29.4,2400.03712,0.852,0x0,27,2
2026-03-29T15:09:18.936262,58.4,65.7,29.7,2400.027136,0.852,0x0,34,3
2026-03-29T15:09:19.958329,58.4,67.3,29.7,2400.023808,0.852,0x0,27,4
2026-03-29T15:09:20.982815,59.5,67.3,29.7,2400.033792,0.852,0x0,34,2
2026-03-29T15:09:22.007687,58.4,67.4,29.6,2400.030464,0.852,0x0,27,1
2026-03-29T15:09:23.030875,58.95,68.1,29.7,2400.033792,0.852,0x0,34,1
2026-03-29T15:09:24.050738,58.4,66.3,29.5,2400.023808,0.852,0x0,34,
2026-03-29T15:09:25.080985,56.75,67.4,29.4,2400.023808,0.852,0x0,34,3
2026-03-29T15:09:26.102498,58.4,70.8,29.6,2400.030464,0.852,0x0,27,2
2026-03-29T15:09:27.122265,58.4,66.8,29.5,2400.033792,0.852,0x0,27,3
2026-03-29T15:09:28.143751,57.85,66.5,29.5,2400.027136,0.852,0x0,34,6
2026-03-29T15:09:29.167134,58.95,66.2,29.5,2400.03712,0.852,0x0,34,4
2026-03-29T15:09:30.190452,58.4,65.4,29.6,2400.017408,0.852,0x0,34,2
2026-03-29T15:09:31.214979,58.4,66.5,29.7,2400.03712,0.852,0x0,27,0
2026-03-29T15:09:32.236288,60.05,68.2,29.7,2400.030464,0.852,0x0,27,3
2026-03-29T15:09:33.265481,58.95,67.5,29.9,2400.017408,0.852,0x0,34,
2026-03-29T15:09:34.290578,59.5,64.6,29.8,2400.027136,0.852,0x0,30,6
2026-03-29T15:09:35.320364,60.6,67.0,29.6,2400.033792,0.852,0x0,32,8
2026-03-29T15:09:36.344790,58.4,68.9,29.8,2400.023808,0.852,0x0,27,3
2026-03-29T15:09:37.476856,57.85,67.5,29.7,2400.02048,0.852,0x0,27,2
2026-03-29T15:09:38.502110,58.95,67.4,29.7,2400.030464,0.852,0x0,34,
2026-03-29T15:09:39.527685,58.95,65.9,29.7,2400.027136,0.852,0x0,27,3
2026-03-29T15:09:40.549550,60.05,66.7,29.7,2400.02048,0.852,0x0,34,4
2026-03-29T15:09:41.575582,58.95,67.2,29.8,2400.030464,0.852,0x0,30,
2026-03-29T15:09:42.609811,57.85,68.1,29.9,2400.033792,0.852,0x0,34,5
2026-03-29T15:09:43.710812,58.95,65.7,30.0,2400.023808,0.852,0x0,27,4
2026-03-29T15:09:44.735402,58.4,66.0,29.7,2400.02048,0.852,0x0,27,3
2026-03-29T15:09:45.758522,57.3,66.5,29.7,2400.033792,0.852,0x0,27,1
2026-03-29T15:09:46.782240,57.85,67.3,29.6,2400.027136,0.852,0x0,28,4
2026-03-29T15:09:47.804969,60.05,72.0,29.6,2400.023808,0.852,0x0,27,4
2026-03-29T15:09:48.832700,58.4,66.2,29.5,2400.023808,0.852,0x0,35,2
2026-03-29T15:09:49.860833,60.05,66.3,29.4,2400.033792,0.852,0x0,28,3
2026-03-29T15:09:50.890140,57.3,67.9,29.4,2400.023808,0.852,0x0,34,6
2026-03-29T15:09:51.910707,58.4,68.9,29.4,2400.030464,0.852,0x0,27,1
2026-03-29T15:09:52.933512,58.95,66.9,29.2,2400.023808,0.852,0x0,34,0
2026-03-29T15:09:53.955007,58.4,67.6,29.5,2400.027136,0.852,0x0,34,
2026-03-29T15:09:54.976485,58.4,67.0,29.7,2400.023808,0.852,0x0,27,2
2026-03-29T15:09:55.996194,58.4,66.2,29.9,2400.02048,0.852,0x0,27,1
2026-03-29T15:09:57.019801,57.3,66.8,30.0,2400.027136,0.852,0x0,28,2
2026-03-29T15:09:58.041433,59.5,67.0,30.1,2400.027136,0.852,0x0,34,6
2026-03-29T15:09:59.062781,57.85,67.4,30.1,2400.02048,0.852,0x0,34,2
2026-03-29T15:10:00.086901,58.4,66.1,30.0,2400.03712,0.852,0x0,27,3
2026-03-29T15:10:01.108376,58.4,68.5,29.7,2400.027136,0.852,0x0,28,7
2026-03-29T15:10:02.133083,59.5,67.8,29.4,2400.033792,0.852,0x0,34,
2026-03-29T15:10:03.156013,58.4,67.2,29.5,2400.027136,0.852,0x0,27,3
2026-03-29T15:10:04.179615,58.4,66.3,29.6,2400.023808,0.852,0x0,29,5
2026-03-29T15:10:05.207035,58.4,67.0,29.6,2400.02048,0.852,0x0,27,1
2026-03-29T15:10:06.227477,59.5,68.5,29.8,2400.030464,0.852,0x0,34,0
2026-03-29T15:10:07.250259,57.85,68.2,29.7,2400.03712,0.852,0x0,27,3
2026-03-29T15:10:08.272580,59.5,67.6,29.7,2400.030464,0.852,0x0,29,
2026-03-29T15:10:09.386788,58.95,65.2,29.8,2400.030464,0.852,0x0,35,2
2026-03-29T15:10:10.414792,59.5,67.0,29.8,2400.027136,0.852,0x0,34,3
2026-03-29T15:10:11.437815,58.4,68.3,29.5,2400.023808,0.852,0x0,34,6
2026-03-29T15:10:12.565497,58.4,72.1,29.6,2400.023808,0.852,0x0,27,1
2026-03-29T15:10:13.587457,57.3,65.6,29.5,2400.030464,0.852,0x0,27,3
2026-03-29T15:10:14.612776,57.85,67.3,29.5,2400.03712,0.852,0x0,34,3
2026-03-29T15:10:15.635881,58.95,67.0,29.6,2400.027136,0.852,0x0,34,5
2026-03-29T15:10:16.664453,58.4,66.1,29.6,2400.027136,0.852,0x0,27,3
2026-03-29T15:10:17.683588,57.85,67.6,29.8,2400.03712,0.852,0x0,29,
2026-03-29T15:10:18.704248,58.4,66.4,29.9,2400.023808,0.852,0x0,28,3
2026-03-29T15:10:19.730540,57.85,67.3,30.0,2400.03712,0.852,0x0,34,
2026-03-29T15:10:20.758204,58.4,68.6,29.8,2400.033792,0.852,0x0,27,1
2026-03-29T15:10:21.782149,58.4,67.3,29.7,2400.017408,0.852,0x0,27,1
2026-03-29T15:10:22.802895,58.4,68.0,29.7,2400.02048,0.852,0x0,27,2
2026-03-29T15:10:23.828907,58.95,67.2,29.9,2400.02048,0.852,0x0,34,2
2026-03-29T15:10:24.858637,58.4,67.3,29.7,2400.030464,0.852,0x0,34,6
2026-03-29T15:10:25.882024,58.4,66.7,29.8,2400.02048,0.852,0x0,34,1
2026-03-29T15:10:26.908933,59.5,67.7,29.6,2400.023808,0.852,0x0,28,1
2026-03-29T15:10:27.929131,58.4,67.5,29.4,2400.027136,0.852,0x0,33,
2026-03-29T15:10:28.951728,58.4,66.4,29.5,2400.02048,0.852,0x0,34,3
2026-03-29T15:10:29.973387,58.4,65.8,29.5,2400.023808,0.852,0x0,28,
2026-03-29T15:10:30.996296,57.85,67.0,29.4,2400.030464,0.852,0x0,34,3
2026-03-29T15:10:32.018814,58.95,68.5,29.2,2400.027136,0.852,0x0,27,3
2026-03-29T15:10:33.040025,58.95,67.8,29.3,2400.03712,0.852,0x0,27,2
2026-03-29T15:10:34.065291,58.4,66.4,29.3,2400.023808,0.852,0x0,34,1
2026-03-29T15:10:35.086617,57.85,71.5,29.2,2400.027136,0.852,0x0,27,3
2026-03-29T15:10:36.114697,58.4,66.8,29.3,2400.023808,0.852,0x0,34,1
2026-03-29T15:10:37.137458,58.95,66.4,29.3,2400.030464,0.852,0x0,27,2
2026-03-29T15:10:38.157822,57.85,68.0,29.3,2400.023808,0.852,0x0,27,3
2026-03-29T15:10:39.185002,59.5,67.4,29.2,2400.033792,0.852,0x0,27,3
2026-03-29T15:10:40.204633,58.95,66.3,29.3,2400.03712,0.852,0x0,29,
2026-03-29T15:10:41.235357,58.4,67.6,29.2,2400.023808,0.852,0x0,27,2
2026-03-29T15:10:42.258561,58.4,72.6,29.7,2400.030464,0.852,0x0,27,1
2026-03-29T15:10:43.291813,60.05,82.6,30.2,2400.023808,0.852,0x0,34,3
2026-03-29T15:10:44.320552,59.5,84.5,30.7,2400.030464,0.852,0x0,34,3
2026-03-29T15:10:45.345678,60.05,89.5,32.3,2400.033792,0.852,0x0,27,2
2026-03-29T15:10:46.370043,59.5,88.9,33.1,2400.02048,0.852,0x0,27,3
2026-03-29T15:10:47.394679,60.6,92.8,32.3,2400.03712,0.852,0x0,27,3
2026-03-29T15:10:48.418570,58.95,67.6,32.2,2400.027136,0.852,0x0,34,1
2026-03-29T15:10:49.440360,58.4,65.9,31.9,2400.027136,0.852,0x0,34,2
2026-03-29T15:10:50.465472,57.3,66.1,31.5,2400.027136,0.852,0x0,34,6
2026-03-29T15:10:51.487638,58.95,67.3,31.1,2400.030464,0.852,0x0,34,1
2026-03-29T15:10:52.510291,59.5,68.8,31.1,2400.017408,0.852,0x0,31,
2026-03-29T15:10:53.531969,58.4,66.4,31.0,2400.030464,0.852,0x0,27,3
2026-03-29T15:10:54.554837,57.85,66.7,30.7,2400.023808,0.852,0x0,29,
2026-03-29T15:10:55.574884,57.85,68.3,30.7,2400.023808,0.852,0x0,27,1
2026-03-29T15:10:56.596677,57.85,71.9,29.8,2400.02048,0.852,0x0,28,1
2026-03-29T15:10:57.628383,58.4,78.0,29.6,2400.027136,0.852,0x0,28,2
2026-03-29T15:10:58.648917,58.4,65.7,29.4,2400.02048,0.852,0x0,27,1
2026-03-29T15:10:59.674971,59.5,68.5,29.8,2400.033792,0.852,0x0,34,0
2026-03-29T15:11:00.696196,60.05,70.3,29.7,2400.023808,0.852,0x0,33,
2026-03-29T15:11:01.720130,59.5,66.9,29.7,2400.023808,0.852,0x0,34,
2026-03-29T15:11:02.757971,59.5,69.4,29.7,2400.033792,0.852,0x0,27,1
2026-03-29T15:11:03.778683,58.4,66.8,29.7,2400.033792,0.852,0x0,34,2
2026-03-29T15:11:04.803756,60.05,67.5,29.7,2400.02048,0.852,0x0,34,4
2026-03-29T15:11:05.829350,59.5,66.3,29.6,2400.030464,0.852,0x0,34,1
2026-03-29T15:11:06.855649,57.85,68.2,29.8,2400.027136,0.852,0x0,27,5
2026-03-29T15:11:07.879574,59.5,66.8,30.0,2400.027136,0.852,0x0,27,2
2026-03-29T15:11:08.903691,58.95,66.5,30.2,2400.027136,0.852,0x0,27,4
2026-03-29T15:11:09.931872,58.95,66.7,30.1,2400.023808,0.852,0x0,34,1
2026-03-29T15:11:10.951831,57.85,66.7,30.0,2400.023808,0.852,0x0,27,4
2026-03-29T15:11:11.982124,58.95,67.2,30.0,2400.02048,0.852,0x0,27,3
2026-03-29T15:11:13.006087,58.4,67.3,30.0,2400.030464,0.852,0x0,27,1
2026-03-29T15:11:14.027589,58.95,66.7,29.8,2400.027136,0.852,0x0,27,2
2026-03-29T15:11:15.048849,58.95,71.8,30.1,2400.030464,0.852,0x0,31,
2026-03-29T15:11:16.070323,58.4,65.4,30.0,2400.030464,0.852,0x0,27,2
2026-03-29T15:11:17.097009,58.4,68.3,29.9,2400.02048,0.852,0x0,34,4
2026-03-29T15:11:18.119110,60.6,67.3,30.0,2400.033792,0.852,0x0,27,0
2026-03-29T15:11:19.137899,58.4,67.3,29.9,2400.02048,0.852,0x0,28,3
2026-03-29T15:11:20.161054,58.4,66.8,29.9,2400.033792,0.852,0x0,27,3
2026-03-29T15:11:21.185463,58.4,65.6,30.0,2400.027136,0.852,0x0,27,3
2026-03-29T15:11:22.268535,57.85,66.7,30.1,2400.02048,0.852,0x0,28,3
2026-03-29T15:11:23.294730,59.5,69.2,30.1,2400.033792,0.852,0x0,27,2
2026-03-29T15:11:24.315604,58.95,66.5,30.0,2400.023808,0.852,0x0,27,2
2026-03-29T15:11:25.343268,58.95,67.6,29.9,2400.033792,0.852,0x0,28,
2026-03-29T15:11:26.367315,59.5,66.5,29.7,2400.02048,0.852,0x0,27,3
2026-03-29T15:11:27.399094,58.95,68.5,29.5,2400.033792,0.852,0x0,34,1
2026-03-29T15:11:28.424037,58.95,67.9,29.7,2400.02048,0.852,0x0,27,0
2026-03-29T15:11:29.446178,60.05,67.1,29.9,2400.033792,0.852,0x0,34,0
2026-03-29T15:11:30.465216,58.4,65.9,30.1,2400.023808,0.852,0x0,27,2
2026-03-29T15:11:31.493192,57.85,67.4,30.1,2400.023808,0.852,0x0,29,5
2026-03-29T15:11:32.522151,58.4,67.9,29.8,2400.027136,0.852,0x0,29,
2026-03-29T15:11:33.547066,57.85,68.3,29.7,2400.033792,0.852,0x0,27,1
2026-03-29T15:11:34.567166,58.4,66.9,29.8,2400.02048,0.852,0x0,27,3
2026-03-29T15:11:35.594351,57.85,65.8,29.8,2400.030464,0.852,0x0,30,
2026-03-29T15:11:36.619366,58.4,66.6,30.1,2400.033792,0.852,0x0,27,3
2026-03-29T15:11:37.642240,57.85,66.8,30.1,2400.02048,0.852,0x0,27,3
2026-03-29T15:11:38.665051,57.85,72.1,30.1,2400.030464,0.852,0x0,34,
2026-03-29T15:11:39.783787,58.4,66.7,30.0,2400.030464,0.852,0x0,34,6
2026-03-29T15:11:40.803756,58.4,67.0,30.1,2400.030464,0.852,0x0,27,1
2026-03-29T15:11:41.827590,57.3,67.2,30.1,2400.03712,0.852,0x0,34,2
2026-03-29T15:11:42.947265,59.5,66.5,30.2,2400.02048,0.852,0x0,27,3
2026-03-29T15:11:43.967255,60.05,68.7,30.1,2400.023808,0.852,0x0,34,6
2026-03-29T15:11:44.991027,58.4,67.2,30.0,2400.030464,0.852,0x0,27,1
2026-03-29T15:11:46.016706,58.95,66.6,30.1,2400.030464,0.852,0x0,27,3
2026-03-29T15:11:47.037217,58.4,66.3,30.0,2400.023808,0.852,0x0,27,3
2026-03-29T15:11:48.070842,59.5,69.2,29.8,2400.027136,0.852,0x0,27,1
2026-03-29T15:11:49.092738,58.4,66.2,29.8,2400.033792,0.852,0x0,30,1
2026-03-29T15:11:50.117183,57.85,67.1,29.8,2400.02048,0.852,0x0,27,3
2026-03-29T15:11:51.138496,58.95,65.8,29.7,2400.017408,0.852,0x0,34,2
2026-03-29T15:11:52.164003,58.95,67.8,29.7,2400.03712,0.852,0x0,34,6
2026-03-29T15:11:53.186345,58.95,65.7,29.6,2400.02048,0.852,0x0,30,
2026-03-29T15:11:54.213240,58.4,69.3,29.6,2400.027136,0.852,0x0,28,
2026-03-29T15:11:55.235114,58.95,67.5,29.4,2400.030464,0.852,0x0,27,3
2026-03-29T15:11:56.269736,57.85,67.7,29.4,2400.03712,0.852,0x0,27,1
2026-03-29T15:11:57.292009,57.85,67.0,29.5,2400.017408,0.852,0x0,34,3
2026-03-29T15:11:58.315180,58.4,67.3,29.5,2400.023808,0.852,0x0,34,2
2026-03-29T15:11:59.341219,59.5,67.5,29.6,2400.02048,0.852,0x0,27,3
2026-03-29T15:12:00.365531,58.95,67.7,29.6,2400.030464,0.852,0x0,27,3
2026-03-29T15:12:01.389875,58.4,70.4,29.4,2400.030464,0.852,0x0,34,1
2026-03-29T15:12:02.411251,58.4,66.1,29.4,2400.03712,0.852,0x0,34,1
2026-03-29T15:12:03.435356,58.95,67.0,29.4,2400.023808,0.852,0x0,34,3
2026-03-29T15:12:04.458879,57.85,66.6,29.3,2400.02048,0.852,0x0,27,3
2026-03-29T15:12:05.481577,58.4,67.2,29.4,2400.02048,0.852,0x0,34,
2026-03-29T15:12:06.505274,58.4,69.2,29.4,2400.027136,0.852,0x0,34,2
2026-03-29T15:12:07.529029,59.5,67.6,29.5,2400.02048,0.852,0x0,27,0
2026-03-29T15:12:08.548746,58.4,66.9,29.6,2400.033792,0.852,0x0,34,10
2026-03-29T15:12:09.574279,57.85,66.3,29.5,2400.030464,0.852,0x0,34,
2026-03-29T15:12:10.596717,59.5,67.3,29.5,2400.033792,0.852,0x0,27,2
2026-03-29T15:12:11.618033,57.85,66.8,29.7,2400.033792,0.852,0x0,34,1
2026-03-29T15:12:12.643301,58.95,66.6,29.7,2400.02048,0.852,0x0,34,1
2026-03-29T15:12:13.666931,59.5,70.1,30.0,2400.033792,0.852,0x0,34,
2026-03-29T15:12:14.690030,58.4,68.4,30.0,2400.033792,0.852,0x0,27,2
2026-03-29T15:12:15.712963,59.5,66.8,29.9,2400.02048,0.852,0x0,31,
2026-03-29T15:12:16.736737,58.4,66.7,29.7,2400.023808,0.852,0x0,34,1
2026-03-29T15:12:17.769351,58.95,67.5,29.7,2400.033792,0.852,0x0,34,
2026-03-29T15:12:18.789882,58.4,67.6,29.7,2400.030464,0.852,0x0,27,2
2026-03-29T15:12:19.812101,58.95,67.3,29.6,2400.027136,0.852,0x0,34,1
2026-03-29T15:12:20.841528,58.4,67.4,29.7,2400.02048,0.852,0x0,28,
2026-03-29T15:12:21.873664,58.4,67.3,29.7,2400.033792,0.852,0x0,27,2
2026-03-29T15:12:22.893649,58.4,67.1,29.7,2400.027136,0.852,0x0,27,4
2026-03-29T15:12:23.921704,59.5,72.8,29.3,2400.030464,0.852,0x0,34,
2026-03-29T15:12:24.948702,60.05,68.0,29.6,2400.033792,0.852,0x0,28,6
2026-03-29T15:12:25.971014,58.95,67.0,29.5,2400.03712,0.852,0x0,27,3
2026-03-29T15:12:26.993723,60.6,65.2,29.6,2400.03712,0.852,0x0,27,1
2026-03-29T15:12:28.020434,58.95,66.3,30.0,2400.033792,0.852,0x0,34,6
2026-03-29T15:12:29.047620,58.4,67.6,30.2,2400.033792,0.852,0x0,27,1
2026-03-29T15:12:30.073603,59.5,68.0,30.2,2400.033792,0.852,0x0,34,1
2026-03-29T15:12:31.095251,58.4,68.7,30.1,2400.027136,0.852,0x0,31,
2026-03-29T15:12:32.118015,59.5,65.9,29.9,2400.030464,0.852,0x0,34,1
2026-03-29T15:12:33.144921,58.4,65.9,29.8,2400.017408,0.852,0x0,27,4
2026-03-29T15:12:34.169188,58.4,66.5,29.7,2400.027136,0.852,0x0,27,3
2026-03-29T15:12:35.197099,58.4,67.9,29.8,2400.023808,0.852,0x0,34,
2026-03-29T15:12:36.218794,60.05,66.8,29.7,2400.023808,0.852,0x0,34,2
2026-03-29T15:12:37.246647,58.4,67.4,29.9,2400.023808,0.852,0x0,34,2
2026-03-29T15:12:38.271191,58.4,68.3,29.8,2400.033792,0.852,0x0,34,2
2026-03-29T15:12:39.398259,57.85,68.2,30.1,2400.030464,0.852,0x0,27,4
2026-03-29T15:12:40.424492,58.4,66.9,29.9,2400.027136,0.852,0x0,28,
2026-03-29T15:12:41.447593,58.4,66.2,29.8,2400.030464,0.852,0x0,27,1
2026-03-29T15:12:42.472381,58.4,67.3,29.8,2400.027136,0.852,0x0,27,1
2026-03-29T15:12:43.546175,58.4,66.3,30.0,2400.02048,0.852,0x0,29,4
2026-03-29T15:12:44.571450,59.5,68.0,30.1,2400.027136,0.852,0x0,34,2
2026-03-29T15:12:45.591480,58.4,66.0,30.1,2400.030464,0.852,0x0,27,3
2026-03-29T15:12:46.622476,57.85,71.5,30.3,2400.027136,0.852,0x0,29,
2026-03-29T15:12:47.647272,57.85,67.4,30.1,2400.033792,0.852,0x0,34,1
2026-03-29T15:12:48.668095,59.5,65.8,30.1,2400.030464,0.852,0x0,34,2
2026-03-29T15:12:49.693184,58.95,66.8,29.8,2400.023808,0.852,0x0,35,4
2026-03-29T15:12:50.720414,58.4,66.8,29.9,2400.02048,0.852,0x0,28,2
2026-03-29T15:12:51.740926,58.95,67.7,29.8,2400.027136,0.852,0x0,35,1
2026-03-29T15:12:52.764731,58.95,67.5,29.9,2400.030464,0.852,0x0,30,1
2026-03-29T15:12:53.787599,58.4,69.3,29.9,2400.023808,0.852,0x0,27,3
2026-03-29T15:12:54.866264,58.95,72.8,30.0,2400.033792,0.852,0x0,34,0
2026-03-29T15:12:55.886611,58.4,67.0,30.2,2400.030464,0.852,0x0,27,3
2026-03-29T15:12:56.913230,58.95,66.2,30.0,2400.030464,0.852,0x0,34,3
2026-03-29T15:12:57.939423,58.4,66.3,29.9,2400.02048,0.852,0x0,27,2
2026-03-29T15:12:58.970311,58.4,67.9,29.8,2400.033792,0.852,0x0,29,
2026-03-29T15:12:59.995675,58.95,67.1,29.9,2400.027136,0.852,0x0,34,0
2026-03-29T15:13:01.022228,58.95,67.0,29.8,2400.02048,0.852,0x0,27,2
2026-03-29T15:13:02.091583,59.5,66.7,29.8,2400.023808,0.852,0x0,34,
2026-03-29T15:13:03.113354,60.05,67.4,29.9,2400.030464,0.852,0x0,34,10
2026-03-29T15:13:04.142379,58.4,68.3,30.1,2400.027136,0.852,0x0,34,1
2026-03-29T15:13:05.164386,58.4,67.2,30.0,2400.03712,0.852,0x0,34,2
2026-03-29T15:13:06.187072,58.4,65.7,29.9,2400.02048,0.852,0x0,34,0
2026-03-29T15:13:07.211137,58.4,68.2,29.9,2400.03712,0.852,0x0,34,3
2026-03-29T15:13:08.233292,60.05,65.9,30.0,2400.017408,0.852,0x0,27,1
2026-03-29T15:13:09.256592,58.95,71.4,30.2,2400.02048,0.852,0x0,27,3
2026-03-29T15:13:10.277734,58.95,66.9,30.4,2400.023808,0.852,0x0,34,
2026-03-29T15:13:11.303664,58.4,66.7,30.2,2400.023808,0.852,0x0,34,
2026-03-29T15:13:12.332391,57.85,66.8,29.9,2400.027136,0.852,0x0,34,2
2026-03-29T15:13:13.351194,60.05,67.0,30.0,2400.033792,0.852,0x0,27,4
2026-03-29T15:13:14.382268,59.5,67.3,30.3,2400.023808,0.852,0x0,27,2
2026-03-29T15:13:15.405426,60.05,66.0,30.3,2400.023808,0.852,0x0,27,3
2026-03-29T15:13:16.437370,57.85,68.2,30.1,2400.023808,0.852,0x0,27,3
2026-03-29T15:13:17.460986,58.4,66.4,30.0,2400.033792,0.852,0x0,27,1
2026-03-29T15:13:18.491355,58.95,68.1,29.9,2400.02048,0.852,0x0,27,3
2026-03-29T15:13:19.514977,58.95,68.3,30.0,2400.023808,0.852,0x0,27,4
2026-03-29T15:13:20.546945,59.5,66.9,30.0,2400.023808,0.852,0x0,27,2
2026-03-29T15:13:21.572480,58.4,66.5,29.8,2400.02048,0.852,0x0,34,2
2026-03-29T15:13:22.607625,58.95,68.0,30.0,2400.023808,0.852,0x0,34,
2026-03-29T15:13:23.633800,57.3,66.6,30.1,2400.027136,0.852,0x0,27,3
2026-03-29T15:13:24.659748,58.4,69.2,30.2,2400.023808,0.852,0x0,33,9
2026-03-29T15:13:25.685209,58.4,67.0,30.1,2400.027136,0.852,0x0,27,3
2026-03-29T15:13:26.713846,58.95,66.8,30.1,2400.030464,0.852,0x0,34,1
2026-03-29T15:13:27.737869,58.4,66.7,30.1,2400.02048,0.852,0x0,27,3
2026-03-29T15:13:28.767455,57.85,67.5,29.8,2400.023808,0.852,0x0,34,2
2026-03-29T15:13:29.785852,57.85,72.3,29.9,2400.033792,0.852,0x0,27,1
2026-03-29T15:13:30.808580,58.95,66.3,29.9,2400.02048,0.852,0x0,27,3
2026-03-29T15:13:31.836108,58.4,68.4,29.8,2400.033792,0.852,0x0,34,6
2026-03-29T15:13:32.865581,58.4,68.2,30.0,2400.03712,0.852,0x0,34,
2026-03-29T15:13:33.891994,57.85,66.6,29.9,2400.033792,0.852,0x0,27,2
2026-03-29T15:13:34.912739,58.4,67.8,30.0,2400.023808,0.852,0x0,27,3
2026-03-29T15:13:35.945429,58.4,68.4,29.9,2400.02048,0.852,0x0,28,
2026-03-29T15:13:36.967727,58.4,66.8,29.9,2400.023808,0.852,0x0,28,
2026-03-29T15:13:37.992257,58.4,66.4,29.8,2400.027136,0.852,0x0,34,5
2026-03-29T15:13:39.011657,57.3,66.2,29.7,2400.033792,0.852,0x0,34,1
2026-03-29T15:13:40.038409,57.85,67.5,29.4,2400.023808,0.852,0x0,27,2
2026-03-29T15:13:41.060162,58.4,66.2,29.5,2400.02048,0.852,0x0,27,4
2026-03-29T15:13:42.091349,58.95,68.1,29.4,2400.027136,0.852,0x0,28,4
2026-03-29T15:13:43.115729,59.5,67.6,29.4,2400.030464,0.852,0x0,30,
2026-03-29T15:13:44.141791,57.3,66.5,29.3,2400.03712,0.852,0x0,27,2
2026-03-29T15:13:45.165519,58.4,69.2,29.4,2400.023808,0.852,0x0,27,3
2026-03-29T15:13:46.197649,57.85,67.2,29.6,2400.033792,0.852,0x0,32,1
2026-03-29T15:13:47.220282,58.4,67.2,29.4,2400.03712,0.852,0x0,34,3
2026-03-29T15:13:48.249252,59.5,66.9,29.5,2400.033792,0.852,0x0,27,1
2026-03-29T15:13:49.269979,59.5,66.4,29.6,2400.027136,0.852,0x0,27,1
2026-03-29T15:13:50.293473,59.5,67.3,29.4,2400.03712,0.852,0x0,34,3
2026-03-29T15:13:51.315692,58.4,67.6,29.5,2400.023808,0.852,0x0,31,
2026-03-29T15:13:52.339611,58.95,66.4,29.7,2400.027136,0.852,0x0,28,4
2026-03-29T15:13:53.364203,58.4,65.8,29.5,2400.030464,0.852,0x0,27,2
2026-03-29T15:13:54.386273,58.4,66.1,29.4,2400.023808,0.852,0x0,27,2
2026-03-29T15:13:55.424493,58.95,70.8,29.4,2400.02048,0.852,0x0,35,5
2026-03-29T15:13:56.445707,58.4,68.1,29.4,2400.027136,0.852,0x0,29,
2026-03-29T15:13:57.470895,57.85,67.2,29.7,2400.023808,0.852,0x0,29,5
2026-03-29T15:13:58.500176,58.95,67.0,29.9,2400.030464,0.852,0x0,34,1
2026-03-29T15:13:59.523380,58.4,67.9,29.9,2400.030464,0.852,0x0,27,2
2026-03-29T15:14:00.546796,59.5,66.2,30.0,2400.027136,0.852,0x0,34,
2026-03-29T15:14:01.575804,57.85,69.2,30.3,2400.030464,0.852,0x0,35,
2026-03-29T15:14:02.600559,59.5,66.5,30.3,2400.030464,0.852,0x0,34,4
2026-03-29T15:14:03.626931,58.4,67.5,30.0,2400.02048,0.852,0x0,27,2
2026-03-29T15:14:04.651860,59.5,67.0,29.8,2400.033792,0.852,0x0,35,5
2026-03-29T15:14:05.672882,58.95,66.7,29.7,2400.023808,0.852,0x0,27,3
2026-03-29T15:14:06.697424,59.5,66.8,29.6,2400.02048,0.852,0x0,34,3
2026-03-29T15:14:07.722508,58.95,67.3,29.7,2400.02048,0.852,0x0,34,0
2026-03-29T15:14:08.753434,58.4,66.7,29.6,2400.030464,0.852,0x0,27,1
2026-03-29T15:14:09.776966,58.4,66.3,29.5,2400.023808,0.852,0x0,27,3
2026-03-29T15:14:10.807865,58.4,68.1,29.5,2400.027136,0.852,0x0,28,4
2026-03-29T15:14:11.830894,58.95,67.5,29.5,2400.02048,0.852,0x0,27,3
2026-03-29T15:14:12.853946,57.85,67.1,29.3,2400.033792,0.852,0x0,27,1
2026-03-29T15:14:13.878801,58.4,67.8,29.3,2400.033792,0.852,0x0,28,4
2026-03-29T15:14:14.914741,58.95,72.9,29.2,2400.027136,0.852,0x0,27,1
2026-03-29T15:14:15.940932,58.4,67.7,29.3,2400.023808,0.852,0x0,34,
2026-03-29T15:14:16.968386,58.95,66.5,29.2,2400.023808,0.852,0x0,27,3
2026-03-29T15:14:17.999102,58.4,67.7,29.2,2400.033792,0.852,0x0,34,1
2026-03-29T15:14:19.023024,57.85,66.3,29.2,2400.027136,0.852,0x0,34,7
2026-03-29T15:14:20.045258,57.85,66.3,29.2,2400.033792,0.852,0x0,27,1
2026-03-29T15:14:21.067145,57.85,67.0,29.4,2400.030464,0.852,0x0,27,1
2026-03-29T15:14:22.089466,57.85,68.3,29.4,2400.02048,0.852,0x0,27,3
2026-03-29T15:14:23.116345,58.95,66.6,29.6,2400.017408,0.852,0x0,27,1
2026-03-29T15:14:24.141905,59.5,67.0,29.7,2400.023808,0.852,0x0,28,4
2026-03-29T15:14:25.166053,58.4,68.8,29.6,2400.023808,0.852,0x0,27,3
2026-03-29T15:14:26.189788,58.4,67.0,30.0,2400.027136,0.852,0x0,34,4
2026-03-29T15:14:27.213194,58.4,66.5,29.8,2400.030464,0.852,0x0,27,1
2026-03-29T15:14:28.238434,58.4,65.3,29.6,2400.030464,0.852,0x0,31,
2026-03-29T15:14:29.257821,58.95,66.7,29.6,2400.030464,0.852,0x0,27,2
2026-03-29T15:14:30.289876,59.5,69.4,29.7,2400.02048,0.852,0x0,34,1
2026-03-29T15:14:31.314660,58.4,66.7,29.7,2400.023808,0.852,0x0,27,1
2026-03-29T15:14:32.337920,58.4,66.9,29.7,2400.027136,0.852,0x0,30,
2026-03-29T15:14:33.449547,58.4,67.4,29.8,2400.033792,0.852,0x0,33,
2026-03-29T15:14:34.473757,58.4,66.4,29.7,2400.030464,0.852,0x0,27,1
2026-03-29T15:14:35.494147,58.4,69.2,29.6,2400.02048,0.852,0x0,27,2
2026-03-29T15:14:36.518102,59.5,66.8,29.7,2400.03712,0.852,0x0,29,
2026-03-29T15:14:37.537961,58.95,70.6,29.5,2400.027136,0.852,0x0,27,0
2026-03-29T15:14:38.562991,58.4,66.8,29.5,2400.030464,0.852,0x0,34,0
2026-03-29T15:14:39.586177,58.4,66.7,29.5,2400.033792,0.852,0x0,28,
2026-03-29T15:14:40.618813,57.85,68.0,29.6,2400.027136,0.852,0x0,27,1
2026-03-29T15:14:41.640630,58.4,66.6,29.6,2400.02048,0.852,0x0,34,
2026-03-29T15:14:42.664871,58.4,67.7,29.5,2400.033792,0.852,0x0,34,1
2026-03-29T15:14:43.684181,57.3,65.8,29.7,2400.030464,0.852,0x0,27,3
2026-03-29T15:14:44.719390,60.05,66.4,29.5,2400.033792,0.852,0x0,27,2
2026-03-29T15:14:45.741109,58.4,65.7,29.6,2400.033792,0.852,0x0,34,1
2026-03-29T15:14:46.765127,60.05,67.7,29.8,2400.030464,0.852,0x0,27,1
2026-03-29T15:14:47.786414,58.95,67.1,29.8,2400.027136,0.852,0x0,34,2
2026-03-29T15:14:48.809660,58.4,67.3,29.9,2400.02048,0.852,0x0,31,7
2026-03-29T15:14:49.839584,58.95,66.7,29.9,2400.02048,0.852,0x0,29,
2026-03-29T15:14:50.865588,58.4,67.0,29.7,2400.027136,0.852,0x0,34,3
2026-03-29T15:14:51.890186,59.5,67.1,29.7,2400.030464,0.852,0x0,34,1
2026-03-29T15:14:52.914582,58.4,67.2,29.5,2400.02048,0.852,0x0,27,3
2026-03-29T15:14:53.939344,58.4,67.3,29.4,2400.030464,0.852,0x0,34,1
2026-03-29T15:14:54.962785,58.95,68.1,29.2,2400.027136,0.852,0x0,27,3
2026-03-29T15:14:55.987598,57.85,66.8,29.3,2400.030464,0.852,0x0,34,3
2026-03-29T15:14:57.010764,57.85,67.2,29.4,2400.030464,0.852,0x0,27,1
2026-03-29T15:14:58.041987,60.05,66.8,29.5,2400.030464,0.852,0x0,34,1
2026-03-29T15:14:59.065786,58.95,67.7,29.5,2400.023808,0.852,0x0,34,3
2026-03-29T15:15:00.092141,58.95,65.9,29.7,2400.030464,0.852,0x0,34,3
2026-03-29T15:15:01.117631,58.4,73.0,29.8,2400.023808,0.852,0x0,34,3
2026-03-29T15:15:02.138420,58.4,65.9,29.6,2400.033792,0.852,0x0,27,1
2026-03-29T15:15:03.163610,58.95,67.0,29.4,2400.030464,0.852,0x0,27,1
2026-03-29T15:15:04.184638,58.4,66.5,29.7,2400.027136,0.852,0x0,27,3
2026-03-29T15:15:05.205461,58.4,65.2,29.6,2400.027136,0.852,0x0,27,1
2026-03-29T15:15:06.233095,58.4,67.5,29.7,2400.02048,0.852,0x0,27,3
2026-03-29T15:15:07.264487,58.95,68.5,29.8,2400.02048,0.852,0x0,34,
2026-03-29T15:15:08.287740,60.05,67.4,29.9,2400.023808,0.852,0x0,34,3
2026-03-29T15:15:09.310980,58.95,67.2,30.0,2400.02048,0.852,0x0,31,3
2026-03-29T15:15:10.333160,60.05,67.7,29.9,2400.033792,0.852,0x0,34,0
2026-03-29T15:15:11.362218,58.95,67.3,29.9,2400.017408,0.852,0x0,30,
2026-03-29T15:15:12.393698,58.4,66.1,29.7,2400.030464,0.852,0x0,27,3
2026-03-29T15:15:13.417821,58.95,67.0,30.0,2400.023808,0.852,0x0,34,3
2026-03-29T15:15:14.443700,58.95,66.9,29.9,2400.033792,0.852,0x0,34,
2026-03-29T15:15:15.475586,58.95,69.3,29.9,2400.023808,0.852,0x0,28,3
2026-03-29T15:15:16.498122,57.3,67.1,30.0,2400.027136,0.852,0x0,27,2
2026-03-29T15:15:17.521316,58.95,67.6,30.0,2400.02048,0.852,0x0,34,
2026-03-29T15:15:18.540489,58.4,67.2,30.0,2400.033792,0.852,0x0,31,2
2026-03-29T15:15:19.566264,58.95,65.8,30.2,2400.027136,0.852,0x0,31,
2026-03-29T15:15:20.688508,58.4,66.3,30.2,2400.033792,0.852,0x0,27,1
2026-03-29T15:15:21.783444,57.85,65.6,30.0,2400.02048,0.852,0x0,27,1
2026-03-29T15:15:22.807682,60.05,68.7,29.9,2400.030464,0.852,0x0,34,0
2026-03-29T15:15:23.831809,58.4,68.0,29.9,2400.033792,0.852,0x0,34,3
2026-03-29T15:15:24.859311,59.5,71.7,29.9,2400.027136,0.852,0x0,27,1
2026-03-29T15:15:25.882840,58.95,67.2,30.2,2400.033792,0.852,0x0,34,2
2026-03-29T15:15:26.908409,58.95,66.7,30.2,2400.017408,0.852,0x0,27,1
2026-03-29T15:15:27.931950,60.05,67.3,29.8,2400.027136,0.852,0x0,27,1
2026-03-29T15:15:28.954004,58.95,66.6,29.9,2400.023808,0.852,0x0,34,3
2026-03-29T15:15:29.979164,58.95,65.4,29.7,2400.023808,0.852,0x0,29,
2026-03-29T15:15:31.001952,59.5,66.3,29.7,2400.033792,0.852,0x0,27,1
2026-03-29T15:15:32.027816,60.05,70.0,29.9,2400.02048,0.852,0x0,29,
2026-03-29T15:15:33.050459,57.85,66.9,29.6,2400.030464,0.852,0x0,27,5
2026-03-29T15:15:34.076136,59.5,66.6,29.7,2400.02048,0.852,0x0,34,3
2026-03-29T15:15:35.101576,60.05,67.3,29.8,2400.027136,0.852,0x0,27,2
2026-03-29T15:15:36.131180,58.95,69.1,30.0,2400.023808,0.852,0x0,34,1
2026-03-29T15:15:37.150463,58.4,67.3,30.0,2400.030464,0.852,0x0,27,4
2026-03-29T15:15:38.176248,60.6,68.0,30.1,2400.027136,0.852,0x0,27,2
2026-03-29T15:15:39.198842,59.5,67.1,30.2,2400.017408,0.852,0x0,34,10
2026-03-29T15:15:40.228736,58.95,67.6,30.1,2400.030464,0.852,0x0,34,
2026-03-29T15:15:41.249477,60.6,69.1,29.9,2400.030464,0.852,0x0,27,4
2026-03-29T15:15:42.274841,58.4,66.1,29.9,2400.023808,0.852,0x0,34,1
2026-03-29T15:15:43.296837,57.85,66.8,29.8,2400.033792,0.852,0x0,27,3
2026-03-29T15:15:44.318824,58.4,66.7,29.6,2400.027136,0.852,0x0,35,2
2026-03-29T15:15:45.342961,58.95,67.2,29.3,2400.023808,0.852,0x0,34,
2026-03-29T15:15:46.370794,57.85,71.2,29.3,2400.027136,0.852,0x0,27,3
2026-03-29T15:15:47.394478,58.95,67.2,29.4,2400.030464,0.852,0x0,27,3
2026-03-29T15:15:48.417700,58.4,66.3,29.6,2400.02048,0.852,0x0,28,5
2026-03-29T15:15:49.442114,58.95,65.6,29.8,2400.027136,0.852,0x0,34,9
2026-03-29T15:15:50.466369,59.5,66.9,29.9,2400.03712,0.852,0x0,27,1
2026-03-29T15:15:51.492123,58.95,68.8,29.7,2400.02048,0.852,0x0,35,3
2026-03-29T15:15:52.515990,58.95,67.1,29.6,2400.023808,0.852,0x0,35,2
2026-03-29T15:15:53.542935,57.3,66.4,29.5,2400.02048,0.852,0x0,27,3
2026-03-29T15:15:54.569938,59.5,66.7,29.5,2400.02048,0.852,0x0,34,2
2026-03-29T15:15:55.593284,57.85,67.4,29.7,2400.023808,0.852,0x0,34,6
2026-03-29T15:15:56.619578,58.4,68.1,29.8,2400.02048,0.852,0x0,27,0
2026-03-29T15:15:57.639584,58.95,66.5,29.8,2400.027136,0.852,0x0,32,
2026-03-29T15:15:58.666395,58.4,67.5,29.6,2400.023808,0.852,0x0,27,3
2026-03-29T15:15:59.692994,60.05,68.2,29.7,2400.02048,0.852,0x0,34,2
2026-03-29T15:16:00.723385,60.05,68.3,29.8,2400.023808,0.852,0x0,27,3
2026-03-29T15:16:01.749692,58.95,67.7,30.2,2400.02048,0.852,0x0,27,3
2026-03-29T15:16:02.768747,58.95,67.1,30.3,2400.027136,0.852,0x0,28,4
2026-03-29T15:16:03.799473,58.95,67.3,30.1,2400.027136,0.852,0x0,27,3
2026-03-29T15:16:04.819587,58.95,67.1,30.0,2400.030464,0.852,0x0,27,3
2026-03-29T15:16:05.844009,58.95,66.5,30.0,2400.027136,0.852,0x0,34,9
2026-03-29T15:16:06.867719,58.95,68.5,30.0,2400.017408,0.852,0x0,27,2
2026-03-29T15:16:07.891692,58.95,66.4,29.8,2400.027136,0.852,0x0,34,1
2026-03-29T15:16:08.917541,59.5,67.1,29.8,2400.030464,0.852,0x0,27,3
2026-03-29T15:16:09.943724,57.85,66.5,29.9,2400.017408,0.852,0x0,29,
2026-03-29T15:16:10.964681,59.5,71.2,30.1,2400.030464,0.852,0x0,27,3
2026-03-29T15:16:11.986191,60.05,68.3,30.1,2400.033792,0.852,0x0,34,2
2026-03-29T15:16:13.012630,59.5,66.9,30.0,2400.030464,0.852,0x0,34,2
2026-03-29T15:16:14.041458,58.95,66.8,30.0,2400.027136,0.852,0x0,33,
2026-03-29T15:16:15.069101,58.95,66.6,30.0,2400.027136,0.852,0x0,33,9
2026-03-29T15:16:16.095065,60.05,68.8,30.0,2400.033792,0.852,0x0,28,2
2026-03-29T15:16:17.211318,59.5,67.1,30.1,2400.030464,0.852,0x0,27,4
2026-03-29T15:16:18.246688,60.6,66.0,30.3,2400.030464,0.852,0x0,30,
2026-03-29T15:16:19.266581,59.5,66.5,30.5,2400.027136,0.852,0x0,34,5
2026-03-29T15:16:20.291144,58.95,68.1,30.6,2400.030464,0.852,0x0,29,
2026-03-29T15:16:21.314742,60.05,68.9,30.4,2400.023808,0.852,0x0,27,3
2026-03-29T15:16:22.339344,59.5,67.3,30.2,2400.023808,0.852,0x0,27,3
2026-03-29T15:16:23.363574,58.95,66.7,30.1,2400.02048,0.852,0x0,27,4
2026-03-29T15:16:24.389890,59.5,67.1,30.0,2400.030464,0.852,0x0,34,2
2026-03-29T15:16:25.411734,59.5,67.2,30.1,2400.030464,0.852,0x0,27,4
2026-03-29T15:16:26.437584,58.95,67.8,30.1,2400.030464,0.852,0x0,34,2
2026-03-29T15:16:27.466222,57.85,67.1,30.1,2400.033792,0.852,0x0,31,
2026-03-29T15:16:28.494004,58.4,66.0,30.0,2400.02048,0.852,0x0,27,1
2026-03-29T15:16:29.519735,58.95,66.1,30.2,2400.023808,0.852,0x0,27,3
2026-03-29T15:16:30.549834,60.6,67.1,30.3,2400.033792,0.852,0x0,27,1
2026-03-29T15:16:31.570056,58.4,71.2,30.1,2400.033792,0.852,0x0,34,
2026-03-29T15:16:32.595248,58.4,69.1,30.0,2400.030464,0.852,0x0,34,1
2026-03-29T15:16:33.618016,58.95,67.3,29.8,2400.02048,0.852,0x0,34,1
2026-03-29T15:16:34.640356,58.4,66.1,29.7,2400.033792,0.852,0x0,31,3
2026-03-29T15:16:35.663975,58.95,65.4,29.8,2400.030464,0.852,0x0,28,2
2026-03-29T15:16:36.689526,58.95,69.0,29.7,2400.027136,0.852,0x0,27,3
2026-03-29T15:16:37.716715,58.95,66.5,29.7,2400.023808,0.852,0x0,34,0
2026-03-29T15:16:38.740058,59.5,67.3,29.7,2400.027136,0.852,0x0,27,1
2026-03-29T15:16:39.762508,59.5,67.8,29.7,2400.033792,0.852,0x0,29,3
2026-03-29T15:16:40.787593,59.5,68.4,29.7,2400.030464,0.852,0x0,27,4
2026-03-29T15:16:41.817401,57.85,67.8,29.6,2400.03712,0.852,0x0,27,1
2026-03-29T15:16:42.839388,59.5,67.0,29.5,2400.02048,0.852,0x0,27,3
2026-03-29T15:16:43.862620,59.5,65.7,29.6,2400.027136,0.852,0x0,34,4
2026-03-29T15:16:44.888552,58.4,65.8,29.7,2400.033792,0.852,0x0,27,1
2026-03-29T15:16:45.910849,58.95,67.6,29.8,2400.023808,0.852,0x0,34,2
2026-03-29T15:16:46.934139,59.5,67.2,29.8,2400.027136,0.852,0x0,34,2
2026-03-29T15:16:47.957127,60.05,66.8,29.7,2400.033792,0.852,0x0,34,1
2026-03-29T15:16:48.984444,60.05,65.8,29.6,2400.033792,0.852,0x0,31,
2026-03-29T15:16:50.010545,59.5,67.2,29.5,2400.03712,0.852,0x0,34,1
2026-03-29T15:16:51.031109,60.6,66.1,29.4,2400.030464,0.852,0x0,28,2
2026-03-29T15:16:52.061498,58.95,70.2,29.5,2400.02048,0.852,0x0,27,1
2026-03-29T15:16:53.083423,60.6,66.0,29.9,2400.017408,0.852,0x0,27,1
2026-03-29T15:16:54.105616,60.6,66.3,30.0,2400.027136,0.852,0x0,27,1
2026-03-29T15:16:55.123386,59.5,66.0,30.1,2400.023808,0.852,0x0,27,1
2026-03-29T15:16:56.148705,58.95,71.6,30.0,2400.030464,0.852,0x0,34,
2026-03-29T15:16:57.180032,60.6,69.6,30.0,2400.033792,0.852,0x0,34,5
2026-03-29T15:16:58.208194,59.5,67.6,29.8,2400.027136,0.852,0x0,27,1
2026-03-29T15:16:59.230357,57.85,65.4,29.8,2400.030464,0.852,0x0,29,
2026-03-29T15:17:00.259340,58.95,67.8,29.7,2400.027136,0.852,0x0,28,2
2026-03-29T15:17:01.287447,58.95,67.5,29.6,2400.023808,0.852,0x0,27,2
2026-03-29T15:17:02.315324,58.95,73.2,29.5,2400.030464,0.852,0x0,34,6
2026-03-29T15:17:03.339695,58.4,67.2,29.5,2400.027136,0.852,0x0,34,3
2026-03-29T15:17:04.366569,60.6,69.0,29.5,2400.03712,0.852,0x0,27,3
2026-03-29T15:17:05.393408,59.5,67.3,29.6,2400.033792,0.852,0x0,34,1
2026-03-29T15:17:06.418804,58.95,67.1,29.7,2400.03712,0.852,0x0,27,3
2026-03-29T15:17:07.442976,58.4,67.5,29.6,2400.02048,0.852,0x0,34,1
2026-03-29T15:17:08.469132,58.95,66.9,29.6,2400.023808,0.852,0x0,27,4
2026-03-29T15:17:09.497103,58.95,67.9,29.8,2400.023808,0.852,0x0,31,
2026-03-29T15:17:10.519830,59.5,68.7,30.0,2400.027136,0.852,0x0,27,3
2026-03-29T15:17:11.543050,60.6,65.9,29.9,2400.033792,0.852,0x0,34,3
2026-03-29T15:17:12.568118,59.5,68.4,30.0,2400.027136,0.852,0x0,34,2
2026-03-29T15:17:13.595607,58.95,71.7,30.0,2400.030464,0.852,0x0,27,2
2026-03-29T15:17:14.616596,59.5,67.8,29.9,2400.027136,0.852,0x0,34,7
2026-03-29T15:17:15.647706,60.05,67.5,29.8,2400.027136,0.852,0x0,34,1
2026-03-29T15:17:16.671588,60.05,66.7,29.9,2400.023808,0.852,0x0,34,3
2026-03-29T15:17:17.697350,60.05,67.3,30.0,2400.030464,0.852,0x0,27,3
2026-03-29T15:17:18.720210,60.05,67.8,29.9,2400.027136,0.852,0x0,34,1
2026-03-29T15:17:19.743196,59.5,66.0,30.1,2400.027136,0.852,0x0,30,
2026-03-29T15:17:20.767908,59.5,67.8,30.2,2400.030464,0.852,0x0,32,
2026-03-29T15:17:21.788799,61.15,66.8,30.3,2400.033792,0.852,0x0,28,3
2026-03-29T15:17:22.813697,59.5,68.7,30.2,2400.030464,0.852,0x0,27,1
2026-03-29T15:17:23.934548,60.05,67.3,30.0,2400.02048,0.852,0x0,34,0
2026-03-29T15:17:24.956501,58.95,65.9,30.0,2400.02048,0.852,0x0,28,
2026-03-29T15:17:25.984427,59.5,68.1,29.9,2400.030464,0.852,0x0,34,5
2026-03-29T15:17:27.010556,58.95,67.7,30.1,2400.027136,0.852,0x0,34,1
2026-03-29T15:17:28.038423,58.95,68.4,30.4,2400.027136,0.852,0x0,27,2
2026-03-29T15:17:29.058191,60.05,66.1,30.4,2400.023808,0.852,0x0,34,
2026-03-29T15:17:30.087644,58.95,66.3,30.3,2400.030464,0.852,0x0,34,
2026-03-29T15:17:31.112174,59.5,67.3,30.0,2400.023808,0.852,0x0,34,
2026-03-29T15:17:32.144820,58.95,68.3,29.9,2400.030464,0.852,0x0,27,1
2026-03-29T15:17:33.172886,58.95,67.9,29.8,2400.03712,0.852,0x0,27,1
2026-03-29T15:17:34.194272,58.95,65.8,30.0,2400.03712,0.852,0x0,34,
2026-03-29T15:17:35.217856,58.95,66.8,30.0,2400.023808,0.852,0x0,29,
2026-03-29T15:17:36.244551,60.05,66.5,30.1,2400.033792,0.852,0x0,34,1
2026-03-29T15:17:37.265284,60.05,71.8,30.1,2400.030464,0.852,0x0,34,0
2026-03-29T15:17:38.288854,60.05,68.1,30.0,2400.02048,0.852,0x0,30,6
2026-03-29T15:17:39.317925,58.95,68.1,29.9,2400.03712,0.852,0x0,34,1
2026-03-29T15:17:40.347694,60.05,66.5,29.8,2400.027136,0.852,0x0,27,5
2026-03-29T15:17:41.373481,60.05,67.8,29.5,2400.023808,0.852,0x0,27,3
2026-03-29T15:17:42.396564,60.6,67.3,29.5,2400.023808,0.852,0x0,35,2
2026-03-29T15:17:43.419198,59.5,68.4,29.6,2400.027136,0.852,0x0,33,4
2026-03-29T15:17:44.443861,60.05,67.0,29.5,2400.033792,0.852,0x0,28,3
2026-03-29T15:17:45.469369,60.05,67.3,29.5,2400.023808,0.852,0x0,28,4
2026-03-29T15:17:46.593892,57.85,68.1,29.5,2400.033792,0.852,0x0,27,3
2026-03-29T15:17:47.654286,58.4,67.0,29.4,2400.02048,0.852,0x0,27,3
2026-03-29T15:17:48.679636,60.6,67.9,29.6,2400.033792,0.852,0x0,34,1
2026-03-29T15:17:49.703729,60.05,66.8,29.6,2400.033792,0.852,0x0,34,2
2026-03-29T15:17:50.729418,59.5,67.1,29.5,2400.030464,0.852,0x0,34,1
2026-03-29T15:17:51.750707,59.5,66.7,29.5,2400.023808,0.852,0x0,27,3
2026-03-29T15:17:52.777789,60.05,68.3,29.6,2400.02048,0.852,0x0,32,
2026-03-29T15:17:53.799282,59.5,66.5,29.6,2400.03712,0.852,0x0,34,1
2026-03-29T15:17:54.829103,59.5,66.4,29.6,2400.033792,0.852,0x0,34,4
2026-03-29T15:17:55.857253,57.85,67.8,29.7,2400.017408,0.852,0x0,27,3
2026-03-29T15:17:56.881609,59.5,66.8,29.7,2400.02048,0.852,0x0,34,2
2026-03-29T15:17:57.901677,61.15,73.5,29.7,2400.03712,0.852,0x0,27,2
2026-03-29T15:17:58.926524,59.5,66.2,29.7,2400.02048,0.852,0x0,27,0
2026-03-29T15:17:59.959322,60.6,68.0,29.7,2400.027136,0.852,0x0,34,1
2026-03-29T15:18:00.981017,61.15,67.7,29.6,2400.02048,0.852,0x0,30,6
2026-03-29T15:18:02.009326,60.05,66.8,29.5,2400.033792,0.852,0x0,34,1
2026-03-29T15:18:03.033202,59.5,67.2,29.4,2400.027136,0.852,0x0,34,1
2026-03-29T15:18:04.062936,59.5,67.9,29.4,2400.033792,0.852,0x0,33,3
2026-03-29T15:18:05.084923,59.5,66.9,29.5,2400.030464,0.852,0x0,27,3
2026-03-29T15:18:06.113234,58.95,66.5,29.5,2400.02048,0.852,0x0,27,3
2026-03-29T15:18:07.245168,59.5,68.3,29.4,2400.030464,0.852,0x0,34,1
2026-03-29T15:18:08.264974,58.95,67.6,29.4,2400.02048,0.852,0x0,27,1
2026-03-29T15:18:09.292797,58.95,67.2,29.0,2400.023808,0.852,0x0,34,1
2026-03-29T15:18:10.314919,59.5,67.3,29.2,2400.02048,0.852,0x0,27,3
2026-03-29T15:18:11.343521,59.5,68.1,29.2,2400.033792,0.852,0x0,27,1
2026-03-29T15:18:12.365772,58.95,68.4,29.3,2400.027136,0.852,0x0,27,1
2026-03-29T15:18:13.393596,60.05,66.8,29.5,2400.027136,0.852,0x0,34,0
2026-03-29T15:18:14.415620,60.05,65.6,29.5,2400.023808,0.852,0x0,27,1
2026-03-29T15:18:15.435757,60.05,65.5,29.4,2400.033792,0.852,0x0,34,3
2026-03-29T15:18:16.458441,59.5,66.3,29.5,2400.030464,0.852,0x0,33,
2026-03-29T15:18:17.479637,58.4,67.4,29.5,2400.023808,0.852,0x0,27,4
2026-03-29T15:18:18.503616,60.6,68.1,29.7,2400.03712,0.852,0x0,32,
2026-03-29T15:18:19.526862,58.95,66.2,29.5,2400.017408,0.852,0x0,34,1
2026-03-29T15:18:20.554549,60.05,66.4,29.8,2400.033792,0.852,0x0,34,1
2026-03-29T15:18:21.574459,59.5,66.3,29.7,2400.027136,0.852,0x0,28,2
2026-03-29T15:18:22.596374,60.05,70.3,29.7,2400.017408,0.852,0x0,27,1
2026-03-29T15:18:23.616732,59.5,68.2,29.9,2400.033792,0.852,0x0,29,
2026-03-29T15:18:24.639672,61.15,67.0,29.8,2400.023808,0.852,0x0,34,4
2026-03-29T15:18:25.664681,58.4,66.5,29.7,2400.02048,0.852,0x0,27,4
2026-03-29T15:18:26.687101,59.5,66.8,29.6,2400.030464,0.852,0x0,27,2
2026-03-29T15:18:27.710267,61.15,66.9,29.6,2400.027136,0.852,0x0,34,
2026-03-29T15:18:28.731950,59.5,67.4,29.8,2400.027136,0.852,0x0,34,2
2026-03-29T15:18:29.757760,60.6,67.1,29.8,2400.027136,0.852,0x0,34,
2026-03-29T15:18:30.779975,58.4,67.1,30.0,2400.02048,0.852,0x0,27,3
2026-03-29T15:18:31.811124,61.15,65.2,29.8,2400.02048,0.852,0x0,34,2
2026-03-29T15:18:32.831741,59.5,66.0,30.0,2400.03712,0.852,0x0,27,3
2026-03-29T15:18:33.856802,60.05,68.0,30.0,2400.027136,0.852,0x0,27,1
2026-03-29T15:18:34.976412,59.5,67.0,29.9,2400.02048,0.852,0x0,34,
2026-03-29T15:18:36.002344,59.5,66.8,29.9,2400.030464,0.852,0x0,34,1
2026-03-29T15:18:37.023923,60.05,67.0,30.0,2400.030464,0.852,0x0,27,3
2026-03-29T15:18:38.049373,60.05,66.8,30.0,2400.023808,0.852,0x0,31,
2026-03-29T15:18:39.073395,59.5,70.9,30.0,2400.027136,0.852,0x0,34,2
2026-03-29T15:18:40.099888,60.05,66.1,30.1,2400.02048,0.852,0x0,34,
2026-03-29T15:18:41.126283,60.05,67.2,29.9,2400.027136,0.852,0x0,34,
2026-03-29T15:18:42.148576,59.5,66.9,29.8,2400.030464,0.852,0x0,34,1
2026-03-29T15:18:43.168598,57.85,66.7,29.7,2400.030464,0.852,0x0,34,4
2026-03-29T15:18:44.191704,58.95,71.1,29.7,2400.033792,0.852,0x0,27,3
2026-03-29T15:18:45.214776,60.05,65.8,29.8,2400.030464,0.852,0x0,27,3
2026-03-29T15:18:46.233950,59.5,66.8,29.7,2400.033792,0.852,0x0,27,3
2026-03-29T15:18:47.257405,59.5,68.1,29.6,2400.030464,0.852,0x0,34,
2026-03-29T15:18:48.276666,58.95,68.0,29.5,2400.02048,0.852,0x0,27,2
2026-03-29T15:18:49.304402,60.6,66.8,29.7,2400.023808,0.852,0x0,34,11
2026-03-29T15:18:50.326333,58.95,67.2,29.8,2400.033792,0.852,0x0,34,1
2026-03-29T15:18:51.351069,61.15,66.7,30.0,2400.023808,0.852,0x0,34,
2026-03-29T15:18:52.372284,60.05,67.9,30.2,2400.030464,0.852,0x0,30,
2026-03-29T15:18:53.398297,59.5,67.3,30.2,2400.027136,0.852,0x0,35,2
2026-03-29T15:18:54.425022,60.05,68.2,29.9,2400.027136,0.852,0x0,27,3
2026-03-29T15:18:55.445532,60.05,66.0,29.7,2400.023808,0.852,0x0,34,7
2026-03-29T15:18:56.465995,61.15,66.7,30.0,2400.03712,0.852,0x0,27,2
2026-03-29T15:18:57.492607,60.05,66.8,30.0,2400.023808,0.852,0x0,34,1
2026-03-29T15:18:58.621567,60.05,67.2,29.9,2400.02048,0.852,0x0,34,
2026-03-29T15:18:59.646250,60.6,67.3,29.9,2400.02048,0.852,0x0,28,
2026-03-29T15:19:00.670432,60.05,65.7,30.1,2400.027136,0.852,0x0,34,0
2026-03-29T15:19:01.698983,60.05,67.5,30.1,2400.03712,0.852,0x0,27,3
2026-03-29T15:19:02.724709,59.5,66.1,30.3,2400.027136,0.852,0x0,27,3
2026-03-29T15:19:03.752355,60.6,67.3,30.3,2400.030464,0.852,0x0,34,2
2026-03-29T15:19:04.781656,60.05,68.2,30.2,2400.030464,0.852,0x0,27,3
2026-03-29T15:19:05.803934,58.95,66.1,30.3,2400.033792,0.852,0x0,27,1
2026-03-29T15:19:06.822828,60.05,65.6,30.0,2400.030464,0.852,0x0,27,1
2026-03-29T15:19:07.845239,60.6,66.8,30.1,2400.030464,0.852,0x0,27,3
2026-03-29T15:19:08.872711,60.6,72.4,30.0,2400.02048,0.852,0x0,34,2
2026-03-29T15:19:09.898116,60.05,67.3,30.1,2400.03712,0.852,0x0,35,6
2026-03-29T15:19:10.918870,60.6,67.3,30.0,2400.023808,0.852,0x0,34,7
2026-03-29T15:19:11.944835,60.05,65.5,30.2,2400.03712,0.852,0x0,34,
2026-03-29T15:19:12.973329,60.05,68.7,30.2,2400.033792,0.852,0x0,27,1
2026-03-29T15:19:14.095476,60.6,67.5,30.4,2400.033792,0.852,0x0,27,3
2026-03-29T15:19:15.129273,61.15,66.5,30.2,2400.030464,0.852,0x0,34,4
2026-03-29T15:19:16.155682,61.15,65.6,30.4,2400.02048,0.852,0x0,27,4
2026-03-29T15:19:17.185524,60.05,67.4,30.3,2400.027136,0.852,0x0,28,
2026-03-29T15:19:18.207796,58.4,67.2,30.3,2400.030464,0.852,0x0,34,3
2026-03-29T15:19:19.231603,59.5,66.8,30.3,2400.030464,0.852,0x0,34,6
2026-03-29T15:19:20.258857,59.5,65.6,30.3,2400.03712,0.852,0x0,27,3
2026-03-29T15:19:21.366286,60.05,66.8,30.2,2400.02048,0.852,0x0,31,
2026-03-29T15:19:22.385995,60.05,67.0,30.1,2400.033792,0.852,0x0,35,9
2026-03-29T15:19:23.414753,58.95,67.0,30.1,2400.03712,0.852,0x0,34,3
2026-03-29T15:19:24.439365,58.95,69.3,30.3,2400.033792,0.852,0x0,34,1
2026-03-29T15:19:25.463284,61.7,67.9,30.3,2400.033792,0.852,0x0,27,2
2026-03-29T15:19:26.490018,60.05,65.9,30.0,2400.033792,0.852,0x0,27,3
2026-03-29T15:19:27.512505,60.6,66.5,29.8,2400.033792,0.852,0x0,27,3
2026-03-29T15:19:28.536284,59.5,67.3,29.9,2400.02048,0.852,0x0,27,2
2026-03-29T15:19:29.553856,60.05,73.7,30.1,2400.027136,0.852,0x0,27,2
2026-03-29T15:19:30.574630,59.5,66.5,30.1,2400.017408,0.852,0x0,34,
2026-03-29T15:19:31.595922,60.05,67.8,30.2,2400.02048,0.852,0x0,28,3
2026-03-29T15:19:32.621033,59.5,65.6,30.1,2400.030464,0.852,0x0,27,3
2026-03-29T15:19:33.650217,60.05,66.6,30.0,2400.03712,0.852,0x0,34,2
2026-03-29T15:19:34.672164,61.7,66.5,30.2,2400.023808,0.852,0x0,29,
2026-03-29T15:19:35.694679,60.6,66.9,30.1,2400.027136,0.852,0x0,27,1
2026-03-29T15:19:36.719281,59.5,66.5,30.1,2400.033792,0.852,0x0,27,4
2026-03-29T15:19:37.740707,59.5,66.9,30.1,2400.023808,0.852,0x0,29,
2026-03-29T15:19:38.763085,60.05,67.8,29.9,2400.027136,0.852,0x0,27,4
2026-03-29T15:19:39.789986,58.95,70.0,29.9,2400.023808,0.852,0x0,34,1
2026-03-29T15:19:40.811615,60.6,66.6,29.8,2400.033792,0.852,0x0,27,4
2026-03-29T15:19:41.840970,60.05,66.6,29.7,2400.023808,0.852,0x0,32,8
2026-03-29T15:19:42.867089,60.05,65.7,29.6,2400.03712,0.852,0x0,27,1
2026-03-29T15:19:43.888328,59.5,66.8,29.5,2400.030464,0.852,0x0,30,6
2026-03-29T15:19:44.914069,59.5,67.6,29.6,2400.027136,0.852,0x0,27,1
2026-03-29T15:19:45.939524,59.5,67.2,29.7,2400.017408,0.852,0x0,27,3
2026-03-29T15:19:46.967869,60.05,66.8,29.6,2400.03712,0.852,0x0,27,1
2026-03-29T15:19:47.992240,60.6,66.7,29.5,2400.023808,0.852,0x0,27,3
2026-03-29T15:19:49.012468,59.5,66.4,29.4,2400.027136,0.852,0x0,27,3
2026-03-29T15:19:50.033612,60.05,67.4,29.3,2400.023808,0.852,0x0,34,2
2026-03-29T15:19:51.056819,61.15,66.3,29.6,2400.027136,0.852,0x0,27,1
2026-03-29T15:19:52.086497,60.05,68.1,29.5,2400.033792,0.852,0x0,35,5
2026-03-29T15:19:53.111522,61.7,70.9,29.6,2400.023808,0.852,0x0,34,2
2026-03-29T15:19:54.134120,60.6,66.6,29.9,2400.023808,0.852,0x0,34,2
2026-03-29T15:19:55.155500,59.5,66.2,30.0,2400.02048,0.852,0x0,27,1
2026-03-29T15:19:56.181641,60.6,66.1,30.0,2400.027136,0.852,0x0,27,2
2026-03-29T15:19:57.204434,61.15,66.6,30.0,2400.02048,0.852,0x0,29,3
2026-03-29T15:19:58.230212,60.6,66.9,29.9,2400.033792,0.852,0x0,34,1
2026-03-29T15:19:59.251425,61.7,68.0,29.8,2400.033792,0.852,0x0,27,1
2026-03-29T15:20:00.278409,60.05,66.7,29.8,2400.02048,0.852,0x0,34,
2026-03-29T15:20:01.303738,60.05,65.3,29.8,2400.033792,0.852,0x0,27,3
2026-03-29T15:20:02.333760,60.05,67.9,29.8,2400.030464,0.852,0x0,31,2
2026-03-29T15:20:03.359857,60.05,67.0,29.9,2400.02048,0.852,0x0,27,1
2026-03-29T15:20:04.387826,60.6,67.9,29.9,2400.017408,0.852,0x0,34,
2026-03-29T15:20:05.423329,60.05,66.2,29.9,2400.023808,0.852,0x0,27,2
2026-03-29T15:20:06.444144,59.5,65.3,29.8,2400.033792,0.852,0x0,32,1
2026-03-29T15:20:07.467317,59.5,67.1,29.7,2400.03712,0.852,0x0,34,4
2026-03-29T15:20:08.491391,60.6,66.1,29.7,2400.02048,0.852,0x0,34,
2026-03-29T15:20:09.517634,60.6,70.5,29.7,2400.033792,0.852,0x0,32,
2026-03-29T15:20:10.537518,59.5,67.7,29.8,2400.027136,0.852,0x0,27,3
2026-03-29T15:20:11.558747,61.15,65.8,30.0,2400.033792,0.852,0x0,34,1
2026-03-29T15:20:12.582812,60.6,68.1,30.2,2400.02048,0.852,0x0,34,6
2026-03-29T15:20:13.610784,60.05,67.3,30.2,2400.02048,0.852,0x0,27,1
2026-03-29T15:20:14.630818,58.95,67.4,30.2,2400.033792,0.852,0x0,34,2
2026-03-29T15:20:15.655098,60.6,68.9,30.4,2400.02048,0.852,0x0,34,9
2026-03-29T15:20:16.677820,61.7,65.6,30.2,2400.033792,0.852,0x0,27,1
2026-03-29T15:20:17.697492,60.6,68.2,30.2,2400.030464,0.852,0x0,27,1
2026-03-29T15:20:18.718583,60.05,67.8,30.4,2400.023808,0.852,0x0,27,2
2026-03-29T15:20:19.740137,61.15,66.1,30.3,2400.02048,0.852,0x0,34,4
2026-03-29T15:20:20.765421,61.7,68.4,30.3,2400.030464,0.852,0x0,34,6
2026-03-29T15:20:21.789056,60.05,67.1,30.4,2400.023808,0.852,0x0,27,1
2026-03-29T15:20:22.810424,61.7,67.9,30.1,2400.033792,0.852,0x0,34,
2026-03-29T15:20:23.832785,60.05,65.3,30.3,2400.033792,0.852,0x0,27,0
2026-03-29T15:20:24.852155,60.05,66.0,30.0,2400.030464,0.852,0x0,27,3
2026-03-29T15:20:25.877798,60.6,67.3,30.1,2400.02048,0.852,0x0,34,1
2026-03-29T15:20:26.906254,61.15,67.7,30.0,2400.027136,0.852,0x0,34,
2026-03-29T15:20:27.929153,59.5,66.7,29.9,2400.030464,0.852,0x0,27,3
2026-03-29T15:20:28.956429,60.6,67.0,29.8,2400.033792,0.852,0x0,27,2
2026-03-29T15:20:29.983945,60.6,67.1,29.8,2400.027136,0.852,0x0,34,3
2026-03-29T15:20:31.008465,61.15,72.1,29.8,2400.02048,0.852,0x0,34,2
2026-03-29T15:20:32.032028,61.7,66.4,29.9,2400.02048,0.852,0x0,34,2
2026-03-29T15:20:33.052716,60.05,66.2,29.7,2400.030464,0.852,0x0,27,1
2026-03-29T15:20:34.074311,58.95,67.4,29.7,2400.023808,0.852,0x0,33,6
2026-03-29T15:20:35.101007,60.6,68.3,29.7,2400.027136,0.852,0x0,27,1
2026-03-29T15:20:36.128768,60.05,68.5,29.7,2400.02048,0.852,0x0,34,
2026-03-29T15:20:37.155128,59.5,67.3,30.0,2400.033792,0.852,0x0,30,6
2026-03-29T15:20:38.186496,60.05,67.1,30.1,2400.03712,0.852,0x0,34,1
2026-03-29T15:20:39.210239,60.6,68.7,30.2,2400.023808,0.852,0x0,27,3
2026-03-29T15:20:40.235638,59.5,68.3,30.1,2400.02048,0.852,0x0,27,1
2026-03-29T15:20:41.259592,60.6,67.3,30.0,2400.033792,0.852,0x0,27,2
2026-03-29T15:20:42.286597,61.15,67.4,29.8,2400.030464,0.852,0x0,34,1
2026-03-29T15:20:43.309610,60.05,71.9,29.9,2400.027136,0.852,0x0,34,1
2026-03-29T15:20:44.339266,61.7,82.8,30.5,2400.027136,0.852,0x0,27,3
2026-03-29T15:20:45.372325,60.6,84.3,30.7,2400.033792,0.852,0x0,34,2
2026-03-29T15:20:46.403024,60.6,90.8,32.6,2400.03712,0.852,0x0,27,2
2026-03-29T15:20:47.427224,61.7,86.9,33.0,2400.03712,0.852,0x0,27,3
2026-03-29T15:20:48.453721,61.7,89.9,32.3,2400.033792,0.852,0x0,34,1
2026-03-29T15:20:49.474183,60.6,66.1,31.8,2400.033792,0.852,0x0,27,4
2026-03-29T15:20:50.498187,60.6,69.7,31.5,2400.03712,0.852,0x0,34,2
2026-03-29T15:20:51.523143,61.7,66.7,31.2,2400.02048,0.852,0x0,27,2
2026-03-29T15:20:52.544598,60.05,67.6,31.1,2400.033792,0.852,0x0,27,2
2026-03-29T15:20:53.564628,61.15,65.5,30.7,2400.023808,0.852,0x0,34,2
2026-03-29T15:20:54.590550,61.15,67.8,30.7,2400.02048,0.852,0x0,27,3
2026-03-29T15:20:55.610915,61.15,74.2,30.6,2400.02048,0.852,0x0,29,
2026-03-29T15:20:56.638673,60.6,69.5,30.5,2400.02048,0.852,0x0,34,2
2026-03-29T15:20:57.660134,61.7,72.9,29.7,2400.02048,0.852,0x0,27,2
2026-03-29T15:20:58.695282,61.7,71.9,29.5,2400.023808,0.852,0x0,34,
2026-03-29T15:20:59.718079,60.05,66.4,29.6,2400.023808,0.852,0x0,29,2
2026-03-29T15:21:00.739609,60.6,69.9,29.7,2400.023808,0.852,0x0,27,3
2026-03-29T15:21:01.766325,60.6,67.7,29.5,2400.027136,0.852,0x0,29,
2026-03-29T15:21:02.786496,60.6,66.3,29.7,2400.027136,0.852,0x0,27,4
2026-03-29T15:21:03.810910,60.05,66.5,29.7,2400.033792,0.852,0x0,34,1
2026-03-29T15:21:04.833473,60.05,68.4,29.9,2400.023808,0.852,0x0,34,3
2026-03-29T15:21:05.860102,60.05,67.7,30.0,2400.03712,0.852,0x0,27,3
2026-03-29T15:21:06.891651,60.05,66.6,30.1,2400.023808,0.852,0x0,34,1
2026-03-29T15:21:07.913170,60.05,65.2,30.1,2400.033792,0.852,0x0,34,1
2026-03-29T15:21:08.938300,60.05,68.3,30.0,2400.023808,0.852,0x0,34,3
2026-03-29T15:21:09.967629,61.7,66.6,29.7,2400.030464,0.852,0x0,27,1
2026-03-29T15:21:10.989177,60.05,67.3,29.9,2400.030464,0.852,0x0,27,3
2026-03-29T15:21:12.017806,60.05,67.2,30.0,2400.027136,0.852,0x0,27,2
2026-03-29T15:21:13.039667,60.05,66.5,30.2,2400.02048,0.852,0x0,27,4
2026-03-29T15:21:14.064854,60.05,67.3,30.0,2400.033792,0.852,0x0,27,2
2026-03-29T15:21:15.086202,60.6,68.6,29.9,2400.02048,0.852,0x0,34,10
2026-03-29T15:21:16.109247,60.05,67.5,30.3,2400.02048,0.852,0x0,27,1
2026-03-29T15:21:17.129502,60.6,68.1,30.2,2400.030464,0.852,0x0,34,1
2026-03-29T15:21:18.157409,62.25,67.4,30.1,2400.033792,0.852,0x0,34,1
2026-03-29T15:21:19.183327,60.6,70.6,30.2,2400.030464,0.852,0x0,27,2
2026-03-29T15:21:20.203076,60.6,67.3,30.0,2400.033792,0.852,0x0,27,3
2026-03-29T15:21:21.235654,60.6,67.2,30.1,2400.030464,0.852,0x0,27,1
2026-03-29T15:21:22.257180,60.6,67.3,30.4,2400.03712,0.852,0x0,27,1
2026-03-29T15:21:23.280431,60.05,67.3,30.5,2400.030464,0.852,0x0,34,5
2026-03-29T15:21:24.301401,60.05,66.6,30.4,2400.033792,0.852,0x0,27,2
2026-03-29T15:21:25.329163,60.6,69.7,30.4,2400.033792,0.852,0x0,34,1
2026-03-29T15:21:26.351201,61.7,67.4,30.4,2400.030464,0.852,0x0,27,1
2026-03-29T15:21:27.373940,60.6,67.7,30.6,2400.033792,0.852,0x0,31,2
2026-03-29T15:21:28.397559,61.7,66.1,30.5,2400.027136,0.852,0x0,34,4
2026-03-29T15:21:29.429076,60.6,65.9,30.5,2400.027136,0.852,0x0,34,6
2026-03-29T15:21:30.449874,60.6,68.5,30.4,2400.030464,0.852,0x0,27,3
2026-03-29T15:21:31.472561,61.7,67.6,30.2,2400.03712,0.852,0x0,34,11
2026-03-29T15:21:32.498533,60.05,67.2,30.2,2400.02048,0.852,0x0,34,4
2026-03-29T15:21:33.522571,60.6,67.3,30.3,2400.023808,0.852,0x0,27,3
2026-03-29T15:21:34.542540,60.6,68.2,30.3,2400.02048,0.852,0x0,27,3
2026-03-29T15:21:35.567164,61.7,69.6,30.2,2400.033792,0.852,0x0,33,4
2026-03-29T15:21:36.590579,60.05,65.8,30.1,2400.030464,0.852,0x0,27,3
2026-03-29T15:21:37.618638,61.15,67.8,29.7,2400.02048,0.852,0x0,27,3
2026-03-29T15:21:38.641621,60.05,67.3,29.6,2400.030464,0.852,0x0,27,3
2026-03-29T15:21:39.663692,60.6,68.1,29.4,2400.02048,0.852,0x0,34,1
2026-03-29T15:21:40.683611,61.15,71.9,29.6,2400.033792,0.852,0x0,27,2
2026-03-29T15:21:41.711779,60.05,67.2,29.5,2400.027136,0.852,0x0,27,3
2026-03-29T15:21:42.735569,61.7,67.3,29.6,2400.02048,0.852,0x0,34,0
2026-03-29T15:21:43.759061,60.6,67.8,29.5,2400.027136,0.852,0x0,34,1
2026-03-29T15:21:44.801546,61.15,65.8,29.7,2400.02048,0.852,0x0,34,1
2026-03-29T15:21:45.826513,60.05,68.3,29.8,2400.030464,0.852,0x0,34,
2026-03-29T15:21:46.855122,61.15,66.3,29.7,2400.027136,0.852,0x0,27,2
2026-03-29T15:21:47.877531,60.05,66.6,29.8,2400.030464,0.852,0x0,31,4
2026-03-29T15:21:48.904113,60.05,67.4,30.0,2400.017408,0.852,0x0,34,2
2026-03-29T15:21:49.924798,60.6,65.5,29.9,2400.017408,0.852,0x0,28,
2026-03-29T15:21:50.947818,60.6,68.8,29.8,2400.030464,0.852,0x0,34,1
2026-03-29T15:21:51.967187,60.6,65.6,29.7,2400.030464,0.852,0x0,29,
2026-03-29T15:21:52.994309,60.6,66.4,29.7,2400.023808,0.852,0x0,32,
2026-03-29T15:21:54.020694,60.6,67.0,29.7,2400.030464,0.852,0x0,28,1
2026-03-29T15:21:55.048874,60.6,65.7,29.8,2400.027136,0.852,0x0,27,1
2026-03-29T15:21:56.077518,61.7,68.8,29.9,2400.02048,0.852,0x0,34,
2026-03-29T15:21:57.102321,61.7,66.3,29.8,2400.030464,0.852,0x0,34,5
2026-03-29T15:21:58.127608,60.6,67.5,30.0,2400.030464,0.852,0x0,34,2
2026-03-29T15:21:59.151586,60.6,66.2,30.0,2400.027136,0.852,0x0,29,6
2026-03-29T15:22:00.173984,61.7,68.0,29.8,2400.030464,0.852,0x0,31,
2026-03-29T15:22:01.201581,61.7,67.4,29.8,2400.030464,0.852,0x0,27,1
2026-03-29T15:22:02.223883,60.05,66.6,29.9,2400.033792,0.852,0x0,34,3
2026-03-29T15:22:03.251338,58.95,67.8,30.0,2400.027136,0.852,0x0,27,3
2026-03-29T15:22:04.274699,60.05,65.6,29.9,2400.03712,0.852,0x0,27,2
2026-03-29T15:22:05.297944,61.15,67.4,29.8,2400.030464,0.852,0x0,34,2
2026-03-29T15:22:06.321182,60.6,73.6,29.9,2400.02048,0.852,0x0,27,2
2026-03-29T15:22:07.345225,58.95,68.1,29.6,2400.02048,0.852,0x0,27,4
2026-03-29T15:22:08.373752,61.7,65.6,29.6,2400.027136,0.852,0x0,29,1
2026-03-29T15:22:09.400622,60.6,67.2,29.8,2400.030464,0.852,0x0,34,3
2026-03-29T15:22:10.525887,60.6,67.3,29.8,2400.027136,0.852,0x0,30,
2026-03-29T15:22:11.553947,60.05,68.8,29.9,2400.03712,0.852,0x0,34,0
2026-03-29T15:22:12.579590,61.15,67.2,30.0,2400.030464,0.852,0x0,27,1
2026-03-29T15:22:13.599609,60.6,67.8,30.1,2400.023808,0.852,0x0,34,10
2026-03-29T15:22:14.631940,60.6,66.1,30.3,2400.02048,0.852,0x0,27,1
2026-03-29T15:22:15.656158,62.25,67.4,30.2,2400.023808,0.852,0x0,34,2
2026-03-29T15:22:16.682659,60.6,66.2,29.9,2400.02048,0.852,0x0,27,4
2026-03-29T15:22:17.707704,60.05,67.3,29.8,2400.027136,0.852,0x0,27,3
2026-03-29T15:22:18.728177,61.15,65.4,29.8,2400.023808,0.852,0x0,27,3
2026-03-29T15:22:19.753809,60.6,67.0,29.7,2400.03712,0.852,0x0,34,4
2026-03-29T15:22:20.775339,60.05,67.1,29.6,2400.030464,0.852,0x0,28,
2026-03-29T15:22:21.800693,59.5,67.2,29.4,2400.033792,0.852,0x0,34,2
2026-03-29T15:22:22.824911,60.6,67.4,29.3,2400.023808,0.852,0x0,34,
2026-03-29T15:22:23.854621,60.6,67.1,29.5,2400.030464,0.852,0x0,34,3
2026-03-29T15:22:24.877324,60.05,68.9,29.4,2400.023808,0.852,0x0,34,3
2026-03-29T15:22:25.903387,60.6,66.8,29.6,2400.023808,0.852,0x0,27,4
2026-03-29T15:22:26.925691,60.05,68.1,29.7,2400.030464,0.852,0x0,27,3
2026-03-29T15:22:27.949795,60.6,67.6,29.7,2400.033792,0.852,0x0,34,10
2026-03-29T15:22:28.972959,60.05,67.8,29.8,2400.027136,0.852,0x0,27,1
2026-03-29T15:22:29.995498,61.7,66.3,30.0,2400.023808,0.852,0x0,34,5
2026-03-29T15:22:31.018127,61.7,67.2,29.9,2400.027136,0.852,0x0,34,3
2026-03-29T15:22:32.086365,60.6,72.9,29.8,2400.027136,0.852,0x0,34,
2026-03-29T15:22:33.106640,60.6,65.4,29.8,2400.017408,0.852,0x0,38,2
2026-03-29T15:22:34.127138,60.6,67.0,29.5,2400.027136,0.852,0x0,34,3
2026-03-29T15:22:35.243322,60.6,67.3,29.4,2400.023808,0.852,0x0,34,7
2026-03-29T15:22:36.266692,61.7,67.7,29.6,2400.023808,0.852,0x0,29,4
2026-03-29T15:22:37.288306,61.7,68.6,29.6,2400.030464,0.852,0x0,27,0
2026-03-29T15:22:38.310186,61.7,67.1,29.7,2400.02048,0.852,0x0,29,
2026-03-29T15:22:39.333846,60.05,65.6,29.7,2400.033792,0.852,0x0,27,3
2026-03-29T15:22:40.362152,60.6,66.8,29.8,2400.023808,0.852,0x0,29,6
2026-03-29T15:22:41.384235,61.7,66.2,29.9,2400.02048,0.852,0x0,34,1
2026-03-29T15:22:42.407608,60.05,66.8,30.0,2400.02048,0.852,0x0,29,
2026-03-29T15:22:43.429797,60.6,65.9,30.0,2400.023808,0.852,0x0,34,
2026-03-29T15:22:44.459589,60.05,66.1,29.7,2400.033792,0.852,0x0,29,1
2026-03-29T15:22:45.483581,62.25,66.5,29.6,2400.027136,0.852,0x0,27,3
2026-03-29T15:22:46.504390,60.6,66.7,29.8,2400.02048,0.852,0x0,27,2
2026-03-29T15:22:47.527572,61.15,68.2,29.8,2400.023808,0.852,0x0,31,2
2026-03-29T15:22:48.549293,61.15,65.6,30.1,2400.033792,0.852,0x0,34,10
2026-03-29T15:22:49.572834,60.6,68.2,30.3,2400.023808,0.852,0x0,27,2
2026-03-29T15:22:50.593332,60.6,67.6,30.6,2400.02048,0.852,0x0,27,3
2026-03-29T15:22:51.617266,61.15,68.1,30.5,2400.033792,0.852,0x0,27,3
2026-03-29T15:22:52.641942,60.6,69.4,30.7,2400.033792,0.852,0x0,28,4
2026-03-29T15:22:53.668656,60.6,66.0,30.7,2400.03712,0.852,0x0,27,1
2026-03-29T15:22:54.690455,61.15,66.7,30.8,2400.033792,0.852,0x0,34,2
2026-03-29T15:22:55.716860,60.05,72.2,30.8,2400.033792,0.852,0x0,27,2
2026-03-29T15:22:56.743621,61.15,67.7,30.8,2400.027136,0.852,0x0,31,
2026-03-29T15:22:57.769216,61.7,67.3,30.7,2400.027136,0.852,0x0,31,1
2026-03-29T15:22:58.797199,60.6,66.4,30.6,2400.027136,0.852,0x0,33,
2026-03-29T15:22:59.818900,61.15,68.0,30.3,2400.030464,0.852,0x0,29,
2026-03-29T15:23:00.840455,60.05,67.2,30.1,2400.03712,0.852,0x0,27,0
2026-03-29T15:23:01.866210,59.5,70.2,29.9,2400.027136,0.852,0x0,34,1
2026-03-29T15:23:02.895734,60.6,69.2,30.1,2400.03712,0.852,0x0,27,1
2026-03-29T15:23:03.923127,60.6,67.8,30.2,2400.02048,0.852,0x0,27,1
2026-03-29T15:23:04.952764,60.05,67.0,30.1,2400.023808,0.852,0x0,34,2
2026-03-29T15:23:05.977804,61.15,66.8,30.0,2400.027136,0.852,0x0,34,3
2026-03-29T15:23:07.004755,60.6,68.0,30.0,2400.023808,0.852,0x0,34,6
2026-03-29T15:23:08.025851,60.6,67.7,30.0,2400.017408,0.852,0x0,34,10
2026-03-29T15:23:09.047506,61.7,66.0,30.0,2400.023808,0.852,0x0,34,
2026-03-29T15:23:10.075044,62.25,67.5,29.9,2400.033792,0.852,0x0,34,1
2026-03-29T15:23:11.100994,60.6,66.1,29.7,2400.027136,0.852,0x0,27,4
2026-03-29T15:23:12.129822,60.05,73.4,29.8,2400.02048,0.852,0x0,32,
2026-03-29T15:23:13.157903,60.6,65.9,30.0,2400.023808,0.852,0x0,27,2
2026-03-29T15:23:14.176837,61.7,68.0,29.9,2400.027136,0.852,0x0,33,3
2026-03-29T15:23:15.198231,61.7,66.5,29.9,2400.030464,0.852,0x0,27,1
2026-03-29T15:23:16.217835,62.8,66.8,30.0,2400.027136,0.852,0x0,27,0
2026-03-29T15:23:17.236479,61.7,67.3,30.1,2400.033792,0.852,0x0,27,3
2026-03-29T15:23:18.266620,61.15,67.3,29.9,2400.033792,0.852,0x0,27,2
2026-03-29T15:23:19.292278,60.05,66.5,29.9,2400.023808,0.852,0x0,27,3
2026-03-29T15:23:20.313291,60.6,67.3,29.9,2400.027136,0.852,0x0,28,
2026-03-29T15:23:21.336630,60.6,65.5,30.0,2400.02048,0.852,0x0,34,
2026-03-29T15:23:22.357058,60.6,66.8,30.0,2400.030464,0.852,0x0,27,2
2026-03-29T15:23:23.375691,61.7,67.5,30.0,2400.027136,0.852,0x0,31,8
2026-03-29T15:23:24.403581,61.7,66.7,29.8,2400.027136,0.852,0x0,27,3
2026-03-29T15:23:25.426603,61.7,67.3,29.9,2400.02048,0.852,0x0,34,2
2026-03-29T15:23:26.457573,61.15,67.7,29.8,2400.02048,0.852,0x0,30,
2026-03-29T15:23:27.478093,61.15,66.4,29.9,2400.02048,0.852,0x0,30,
2026-03-29T15:23:28.504554,59.5,67.9,29.7,2400.02048,0.852,0x0,34,
2026-03-29T15:23:29.533165,60.6,67.5,29.9,2400.027136,0.852,0x0,27,4
2026-03-29T15:23:30.562498,60.05,66.1,29.7,2400.023808,0.852,0x0,28,3
2026-03-29T15:23:31.583081,60.6,66.1,29.9,2400.033792,0.852,0x0,27,2
2026-03-29T15:23:32.608470,60.6,66.4,29.9,2400.027136,0.852,0x0,27,2
2026-03-29T15:23:33.633123,61.7,66.5,29.8,2400.030464,0.852,0x0,27,4
2026-03-29T15:23:34.665833,61.15,65.5,29.8,2400.030464,0.852,0x0,34,5
2026-03-29T15:23:35.687316,61.15,71.1,29.6,2400.023808,0.852,0x0,34,1
2026-03-29T15:23:36.710302,60.6,66.0,29.6,2400.033792,0.852,0x0,29,
2026-03-29T15:23:37.735645,60.6,69.0,29.5,2400.030464,0.852,0x0,34,1
2026-03-29T15:23:38.766830,60.6,66.2,29.7,2400.033792,0.852,0x0,34,1
2026-03-29T15:23:39.789443,61.7,66.9,29.4,2400.027136,0.852,0x0,30,
2026-03-29T15:23:40.815472,60.6,65.5,29.6,2400.033792,0.852,0x0,30,4
2026-03-29T15:23:41.839840,61.15,67.1,29.7,2400.023808,0.852,0x0,34,
2026-03-29T15:23:42.868868,60.05,66.4,29.8,2400.023808,0.852,0x0,27,1
2026-03-29T15:23:43.892372,60.6,67.3,29.8,2400.030464,0.852,0x0,34,1
2026-03-29T15:23:44.913751,60.6,67.7,29.9,2400.02048,0.852,0x0,27,3
2026-03-29T15:23:45.933818,60.6,68.8,29.9,2400.033792,0.852,0x0,34,
2026-03-29T15:23:46.959722,61.15,68.0,29.9,2400.033792,0.852,0x0,27,2
2026-03-29T15:23:48.083572,61.15,66.5,29.9,2400.030464,0.852,0x0,28,3
2026-03-29T15:23:49.104703,61.7,66.9,29.9,2400.023808,0.852,0x0,29,4
2026-03-29T15:23:50.131997,61.15,66.5,30.0,2400.030464,0.852,0x0,30,
2026-03-29T15:23:51.152492,61.15,67.6,30.1,2400.02048,0.852,0x0,34,4
2026-03-29T15:23:52.174640,61.15,67.9,29.9,2400.027136,0.852,0x0,27,3
2026-03-29T15:23:53.196720,60.6,67.7,29.9,2400.02048,0.852,0x0,27,4
2026-03-29T15:23:54.230227,61.7,66.3,29.9,2400.03712,0.852,0x0,27,2
2026-03-29T15:23:55.253584,61.7,66.7,30.1,2400.023808,0.852,0x0,34,1
2026-03-29T15:23:56.284900,60.6,67.5,30.2,2400.027136,0.852,0x0,34,11
2026-03-29T15:23:57.312606,61.15,73.8,30.3,2400.033792,0.852,0x0,34,4
2026-03-29T15:23:58.335749,60.6,67.1,30.0,2400.017408,0.852,0x0,34,1
2026-03-29T15:23:59.357438,59.5,66.5,30.0,2400.023808,0.852,0x0,27,1
2026-03-29T15:24:00.377097,61.7,67.5,29.9,2400.027136,0.852,0x0,27,2
2026-03-29T15:24:01.397476,60.6,66.9,30.2,2400.030464,0.852,0x0,34,4
2026-03-29T15:24:02.423353,61.15,68.5,30.3,2400.03712,0.852,0x0,29,5
2026-03-29T15:24:03.450251,61.7,67.3,30.2,2400.033792,0.852,0x0,34,1
2026-03-29T15:24:04.470800,61.15,68.1,30.0,2400.02048,0.852,0x0,34,1
2026-03-29T15:24:05.495863,61.15,67.1,30.1,2400.02048,0.852,0x0,28,7
2026-03-29T15:24:06.521387,61.15,68.3,30.0,2400.023808,0.852,0x0,29,
2026-03-29T15:24:07.545291,60.6,66.1,29.9,2400.030464,0.852,0x0,34,
2026-03-29T15:24:08.570450,61.7,66.2,29.7,2400.02048,0.852,0x0,34,1
2026-03-29T15:24:09.595623,61.7,65.2,30.0,2400.027136,0.852,0x0,34,
2026-03-29T15:24:10.615433,61.7,66.7,30.0,2400.033792,0.852,0x0,34,4
2026-03-29T15:24:11.739251,60.6,67.6,29.8,2400.030464,0.852,0x0,31,1
2026-03-29T15:24:12.762156,62.8,67.6,30.0,2400.023808,0.852,0x0,34,2
2026-03-29T15:24:13.784586,60.6,69.9,30.3,2400.02048,0.852,0x0,31,
2026-03-29T15:24:14.804165,61.7,66.7,30.1,2400.030464,0.852,0x0,34,1
2026-03-29T15:24:15.828933,61.15,66.9,29.8,2400.033792,0.852,0x0,27,1
2026-03-29T15:24:16.849714,61.7,66.4,29.9,2400.023808,0.852,0x0,27,2
2026-03-29T15:24:17.880766,60.6,68.2,30.1,2400.027136,0.852,0x0,27,3
2026-03-29T15:24:18.900896,61.15,67.5,30.0,2400.023808,0.852,0x0,27,1
2026-03-29T15:24:19.927647,61.15,67.5,30.2,2400.027136,0.852,0x0,27,3
2026-03-29T15:24:20.952861,60.05,67.1,30.1,2400.030464,0.852,0x0,27,1
2026-03-29T15:24:21.983771,60.6,66.8,30.1,2400.030464,0.852,0x0,27,3
2026-03-29T15:24:23.008390,61.15,71.6,30.1,2400.027136,0.852,0x0,27,2
2026-03-29T15:24:24.029121,62.25,67.7,30.0,2400.017408,0.852,0x0,34,1
2026-03-29T15:24:25.059052,62.25,67.9,30.1,2400.02048,0.852,0x0,34,1
2026-03-29T15:24:26.083597,61.7,66.9,30.3,2400.030464,0.852,0x0,27,4
2026-03-29T15:24:27.110887,61.7,67.0,30.3,2400.03712,0.852,0x0,34,5
2026-03-29T15:24:28.133895,61.7,66.6,30.4,2400.023808,0.852,0x0,27,2
2026-03-29T15:24:29.154411,61.7,67.4,30.5,2400.017408,0.852,0x0,27,3
2026-03-29T15:24:30.264835,60.6,66.9,30.7,2400.02048,0.852,0x0,27,3
2026-03-29T15:24:31.287710,61.7,66.7,30.6,2400.033792,0.852,0x0,34,2
2026-03-29T15:24:32.314299,62.25,66.5,30.7,2400.023808,0.852,0x0,34,6
2026-03-29T15:24:33.337747,60.6,68.1,30.7,2400.030464,0.852,0x0,34,3
2026-03-29T15:24:34.361902,60.6,67.3,30.7,2400.017408,0.852,0x0,27,3
2026-03-29T15:24:35.394252,61.15,67.7,30.5,2400.027136,0.852,0x0,27,1
2026-03-29T15:24:36.416525,61.15,66.2,30.3,2400.033792,0.852,0x0,27,1
2026-03-29T15:24:37.443421,61.15,68.1,30.4,2400.023808,0.852,0x0,34,3
2026-03-29T15:24:38.467698,60.6,66.2,30.4,2400.027136,0.852,0x0,27,3
2026-03-29T15:24:39.493630,61.7,66.8,30.2,2400.02048,0.852,0x0,27,3
2026-03-29T15:24:40.519631,60.05,67.0,30.2,2400.033792,0.852,0x0,27,3
2026-03-29T15:24:41.544281,60.6,68.0,30.3,2400.027136,0.852,0x0,27,2
2026-03-29T15:24:42.566240,60.05,65.1,30.4,2400.033792,0.852,0x0,27,3
2026-03-29T15:24:43.589174,61.15,72.4,30.3,2400.030464,0.852,0x0,27,2
2026-03-29T15:24:44.621323,61.15,67.1,30.4,2400.033792,0.852,0x0,34,
2026-03-29T15:24:45.645812,60.05,68.5,30.3,2400.023808,0.852,0x0,28,
2026-03-29T15:24:46.669228,59.5,67.1,30.2,2400.027136,0.852,0x0,27,1
2026-03-29T15:24:47.693224,60.6,68.0,29.8,2400.02048,0.852,0x0,27,3
2026-03-29T15:24:48.714075,60.6,67.9,29.9,2400.023808,0.852,0x0,30,6
2026-03-29T15:24:49.736291,61.15,68.4,30.0,2400.023808,0.852,0x0,27,3
2026-03-29T15:24:50.762321,61.15,66.5,30.1,2400.033792,0.852,0x0,27,3
2026-03-29T15:24:51.789804,60.6,66.3,30.1,2400.027136,0.852,0x0,27,2
2026-03-29T15:24:52.808402,61.15,68.1,30.1,2400.030464,0.852,0x0,27,1
2026-03-29T15:24:53.827593,61.15,66.7,30.0,2400.027136,0.852,0x0,30,
2026-03-29T15:24:54.850704,61.15,67.9,30.0,2400.023808,0.852,0x0,28,3
2026-03-29T15:24:55.882447,61.15,67.1,29.9,2400.030464,0.852,0x0,32,1
2026-03-29T15:24:56.974947,61.15,65.4,30.0,2400.033792,0.852,0x0,27,1
2026-03-29T15:24:58.001349,61.15,67.8,30.2,2400.02048,0.852,0x0,27,1
2026-03-29T15:24:59.027651,61.15,67.9,30.0,2400.033792,0.852,0x0,27,1
2026-03-29T15:25:00.055474,60.6,66.3,29.9,2400.027136,0.852,0x0,34,3
2026-03-29T15:25:01.077145,60.6,66.6,30.0,2400.030464,0.852,0x0,27,1
2026-03-29T15:25:02.098784,61.15,66.8,30.1,2400.023808,0.852,0x0,34,1
2026-03-29T15:25:03.118952,60.05,68.3,30.4,2400.033792,0.852,0x0,27,1
2026-03-29T15:25:04.145916,60.6,65.6,30.4,2400.033792,0.852,0x0,27,4
2026-03-29T15:25:05.169490,61.15,67.2,30.2,2400.02048,0.852,0x0,27,2
2026-03-29T15:25:06.196296,61.15,67.2,30.1,2400.023808,0.852,0x0,27,1
2026-03-29T15:25:07.219435,61.15,70.7,29.8,2400.033792,0.852,0x0,27,5
2026-03-29T15:25:08.251838,61.15,69.9,29.8,2400.027136,0.852,0x0,28,4
2026-03-29T15:25:09.272149,61.7,66.2,29.3,2400.030464,0.852,0x0,27,3
2026-03-29T15:25:10.305176,61.7,67.0,29.4,2400.033792,0.852,0x0,27,2
2026-03-29T15:25:11.327656,61.7,66.5,29.5,2400.030464,0.852,0x0,27,2
2026-03-29T15:25:12.354353,60.05,67.3,29.6,2400.027136,0.852,0x0,34,2
2026-03-29T15:25:13.377357,61.7,67.2,29.9,2400.030464,0.852,0x0,34,1
2026-03-29T15:25:14.399380,59.5,67.0,30.0,2400.030464,0.852,0x0,27,1
2026-03-29T15:25:15.426394,61.7,66.3,30.0,2400.023808,0.852,0x0,27,1
2026-03-29T15:25:16.453092,60.6,67.7,29.9,2400.033792,0.852,0x0,27,3
2026-03-29T15:25:17.576691,60.6,65.9,29.9,2400.03712,0.852,0x0,27,3
2026-03-29T15:25:18.606455,61.15,67.0,30.1,2400.017408,0.852,0x0,34,2
2026-03-29T15:25:19.628086,61.7,66.6,30.2,2400.023808,0.852,0x0,34,2
2026-03-29T15:25:20.658234,61.15,69.2,30.1,2400.02048,0.852,0x0,34,1
2026-03-29T15:25:21.723601,61.15,67.1,29.8,2400.023808,0.852,0x0,28,4
2026-03-29T15:25:22.747663,60.05,67.0,29.8,2400.033792,0.852,0x0,34,10
2026-03-29T15:25:23.768980,60.6,68.7,30.1,2400.02048,0.852,0x0,27,4
2026-03-29T15:25:24.796023,60.6,66.2,29.8,2400.02048,0.852,0x0,34,
2026-03-29T15:25:25.853116,60.6,66.3,30.1,2400.030464,0.852,0x0,31,
2026-03-29T15:25:26.875017,61.15,67.7,30.1,2400.030464,0.852,0x0,32,
2026-03-29T15:25:27.894173,60.6,66.6,29.8,2400.033792,0.852,0x0,29,
2026-03-29T15:25:28.915444,62.25,70.4,29.8,2400.02048,0.852,0x0,27,2
2026-03-29T15:25:29.940294,61.7,67.5,29.9,2400.02048,0.852,0x0,27,1
2026-03-29T15:25:30.965095,61.15,68.1,29.9,2400.027136,0.852,0x0,27,1
2026-03-29T15:25:31.988870,60.6,67.3,29.8,2400.033792,0.852,0x0,30,3
2026-03-29T15:25:33.010656,62.25,66.6,29.8,2400.030464,0.852,0x0,27,1
2026-03-29T15:25:34.038170,61.7,66.5,29.7,2400.023808,0.852,0x0,27,1
2026-03-29T15:25:35.059276,61.7,66.8,29.9,2400.03712,0.852,0x0,27,1
2026-03-29T15:25:36.080574,61.7,67.4,30.1,2400.017408,0.852,0x0,27,2
2026-03-29T15:25:37.104533,62.8,67.5,30.3,2400.033792,0.852,0x0,28,2
2026-03-29T15:25:38.129429,61.7,67.1,30.5,2400.02048,0.852,0x0,27,2
2026-03-29T15:25:39.152741,61.15,67.2,30.7,2400.03712,0.852,0x0,27,4
2026-03-29T15:25:40.179386,61.15,67.1,30.3,2400.03712,0.852,0x0,34,
