[2026-04-13 11:02:07.920] [5765] [HailoRT] [info] [vdevice.cpp:535] [create] Creating vdevice with params: device_count: 1, scheduling_algorithm: NONE, multi_process_service: false
[2026-04-13 11:02:07.937] [5765] [HailoRT] [info] [device.cpp:51] [Device] OS Version: Linux 6.12.62+rpt-rpi-2712 #1 SMP PREEMPT Debian 1:6.12.62-1+rpt1 (2025-12-18) aarch64
[2026-04-13 11:02:07.937] [5765] [HailoRT] [info] [control.cpp:113] [control__parse_identify_results] firmware_version is: 4.23.0
[2026-04-13 11:02:07.937] [5765] [HailoRT] [info] [vdevice.cpp:682] [create] VDevice Infos: 0001:01:00.0
[2026-04-13 11:02:07.947] [5765] [HailoRT] [info] [internal_buffer_manager.cpp:77] [print_execution_results] Planned internal buffer memory: CMA=0 CMA-Desc=327680 Pinned=1180160. memory to edge layer usage factor is 1
[2026-04-13 11:02:07.947] [5765] [HailoRT] [info] [internal_buffer_manager.cpp:86] [print_execution_results] Default Internal buffer planner executed successfully
[2026-04-13 11:02:07.974] [5765] [HailoRT] [info] [device_internal.cpp:57] [configure] Configuring HEF took 36.178615 milliseconds
[2026-04-13 11:02:07.974] [5765] [HailoRT] [info] [vdevice.cpp:780] [configure] Configuring HEF on VDevice took 36.959407 milliseconds
[2026-04-13 11:02:07.974] [5765] [HailoRT] [info] [control.cpp:113] [control__parse_identify_results] firmware_version is: 4.23.0
[2026-04-13 11:02:07.975] [5765] [HailoRT] [info] [control.cpp:113] [control__parse_identify_results] firmware_version is: 4.23.0
[2026-04-13 11:02:07.975] [5765] [HailoRT] [info] [core_op.cpp:156] [activate] Activating yolov11n took 0.635977 milliseconds. Note that the function is asynchronous and thus the network is not fully activated yet.
[2026-04-13 11:02:07.975] [5765] [HailoRT] [info] [core_op.cpp:156] [activate] Activating yolov11n took 0.646162 milliseconds. Note that the function is asynchronous and thus the network is not fully activated yet.
[2026-04-13 11:02:07.989] [5765] [HailoRT] [info] [control.cpp:113] [control__parse_identify_results] firmware_version is: 4.23.0
[2026-04-13 11:02:07.989] [5765] [HailoRT] [info] [control.cpp:113] [control__parse_identify_results] firmware_version is: 4.23.0
[2026-04-13 11:02:09.058] [5757] [HailoRT] [info] [device.cpp:51] [Device] OS Version: Linux 6.12.62+rpt-rpi-2712 #1 SMP PREEMPT Debian 1:6.12.62-1+rpt1 (2025-12-18) aarch64
[2026-04-13 11:02:09.058] [5757] [HailoRT] [info] [control.cpp:113] [control__parse_identify_results] firmware_version is: 4.23.0
[2026-04-13 11:02:09.058] [5757] [HailoRT] [info] [control.cpp:113] [control__parse_identify_results] firmware_version is: 4.23.0
[2026-04-13 11:17:07.990] [5776] [HailoRT] [info] [vdevice_native_stream.cpp:331] [read_impl] Failed read from stream HAILO_STREAM_ABORT(63) (device: 0001:01:00.0)
[2026-04-13 11:17:07.990] [5778] [HailoRT] [info] [vdevice_native_stream.cpp:331] [read_impl] Failed read from stream HAILO_STREAM_ABORT(63) (device: 0001:01:00.0)
[2026-04-13 11:17:07.990] [5775] [HailoRT] [info] [vdevice_native_stream.cpp:331] [read_impl] Failed read from stream HAILO_STREAM_ABORT(63) (device: 0001:01:00.0)
[2026-04-13 11:17:07.990] [5780] [HailoRT] [info] [vdevice_native_stream.cpp:142] [write_impl] Failed write to stream yolov11n/input_layer1 (device: 0001:01:00.0) with status=HAILO_STREAM_ABORT(63)
[2026-04-13 11:17:07.990] [5774] [HailoRT] [info] [vdevice_native_stream.cpp:331] [read_impl] Failed read from stream HAILO_STREAM_ABORT(63) (device: 0001:01:00.0)
[2026-04-13 11:17:07.990] [5777] [HailoRT] [info] [vdevice_native_stream.cpp:331] [read_impl] Failed read from stream HAILO_STREAM_ABORT(63) (device: 0001:01:00.0)
[2026-04-13 11:17:07.990] [5779] [HailoRT] [info] [vdevice_native_stream.cpp:331] [read_impl] Failed read from stream HAILO_STREAM_ABORT(63) (device: 0001:01:00.0)
[2026-04-13 11:17:08.022] [5765] [HailoRT] [info] [core_op.cpp:186] [deactivate] Deactivating took 0.008722 ms
[2026-04-13 11:17:08.022] [5765] [HailoRT] [info] [core_op.cpp:186] [deactivate] Deactivating took 0.036686 ms
[2026-04-13 11:17:08.066] [5765] [HailoRT] [info] [vdevice.cpp:535] [create] Creating vdevice with params: device_count: 1, scheduling_algorithm: NONE, multi_process_service: false
[2026-04-13 11:17:08.067] [5765] [HailoRT] [info] [device.cpp:51] [Device] OS Version: Linux 6.12.62+rpt-rpi-2712 #1 SMP PREEMPT Debian 1:6.12.62-1+rpt1 (2025-12-18) aarch64
[2026-04-13 11:17:08.068] [5765] [HailoRT] [info] [control.cpp:113] [control__parse_identify_results] firmware_version is: 4.23.0
[2026-04-13 11:17:08.068] [5765] [HailoRT] [info] [vdevice.cpp:682] [create] VDevice Infos: 0001:01:00.0
[2026-04-13 11:17:08.074] [5765] [HailoRT] [info] [internal_buffer_manager.cpp:77] [print_execution_results] Planned internal buffer memory: CMA=0 CMA-Desc=327680 Pinned=1180160. memory to edge layer usage factor is 1
[2026-04-13 11:17:08.074] [5765] [HailoRT] [info] [internal_buffer_manager.cpp:86] [print_execution_results] Default Internal buffer planner executed successfully
[2026-04-13 11:17:08.112] [5765] [HailoRT] [info] [device_internal.cpp:57] [configure] Configuring HEF took 43.914106 milliseconds
[2026-04-13 11:17:08.112] [5765] [HailoRT] [info] [vdevice.cpp:780] [configure] Configuring HEF on VDevice took 44.393605 milliseconds
[2026-04-13 11:17:08.112] [5765] [HailoRT] [info] [control.cpp:113] [control__parse_identify_results] firmware_version is: 4.23.0
[2026-04-13 11:17:08.113] [5765] [HailoRT] [info] [control.cpp:113] [control__parse_identify_results] firmware_version is: 4.23.0
[2026-04-13 11:17:08.114] [5765] [HailoRT] [info] [core_op.cpp:156] [activate] Activating yolov11n took 0.96422 milliseconds. Note that the function is asynchronous and thus the network is not fully activated yet.
[2026-04-13 11:17:08.114] [5765] [HailoRT] [info] [core_op.cpp:156] [activate] Activating yolov11n took 0.989442 milliseconds. Note that the function is asynchronous and thus the network is not fully activated yet.
[2026-04-13 11:17:08.134] [5765] [HailoRT] [info] [control.cpp:113] [control__parse_identify_results] firmware_version is: 4.23.0
[2026-04-13 11:17:08.134] [5765] [HailoRT] [info] [control.cpp:113] [control__parse_identify_results] firmware_version is: 4.23.0
[2026-04-13 11:17:08.134] [5765] [HailoRT] [info] [edge_elements.cpp:52] [create] Created (HwWriteEl8yolov11n/input_layer1 | hw_frame_size: 1228800)
[2026-04-13 11:17:08.135] [5765] [HailoRT] [info] [queue_elements.cpp:284] [create] Created (PushQEl8yolov11n/input_layer1 | timeout: 10s)
[2026-04-13 11:17:08.135] [5765] [HailoRT] [info] [filter_elements.cpp:101] [create] Created (PreInferEl8yolov11n/input_layer1 | Reorder - src_order: NHWC, src_shape: (640, 640, 3), dst_order: NHCW, dst_shape: (640, 640, 3))
[2026-04-13 11:17:08.136] [5765] [HailoRT] [info] [vstream.cpp:754] [InputVStreamImpl] Creating yolov11n/input_layer1...
[2026-04-13 11:17:08.136] [5765] [HailoRT] [info] [vstream_builder.cpp:102] [create_inputs] Input pipeline 'yolov11n/input_layer1': (PreInferEl8yolov11n/input_layer1 | Reorder - src_order: NHWC, src_shape: (640, 640, 3), dst_order: NHCW, dst_shape: (640, 640, 3)) >> (PushQEl8yolov11n/input_layer1 | timeout: 10s) >> (HwWriteEl8yolov11n/input_layer1 | hw_frame_size: 1228800) >> HW
[2026-04-13 11:17:08.136] [5765] [HailoRT] [info] [multi_io_elements.cpp:135] [create] Created (NmsPPMuxEl0YOLOV8-Post-Process | Op YOLOV8, Name: YOLOV8-Post-Process, Score threshold: 0.200, IoU threshold: 0.70, Classes: 80, Max bboxes per class: 100, Image height: 640, Image width: 640)
[2026-04-13 11:17:08.136] [5765] [HailoRT] [info] [edge_elements.cpp:287] [create] Created (HwReadEl3yolov11n/conv51_143 | hw_frame_size: 409600)
[2026-04-13 11:17:08.136] [5765] [HailoRT] [info] [queue_elements.cpp:657] [create] Created (PullQEl_nms3yolov11n/conv51_143 | timeout: 10s)
[2026-04-13 11:17:08.136] [5765] [HailoRT] [info] [edge_elements.cpp:287] [create] Created (HwReadEl12yolov11n/conv54_143 | hw_frame_size: 512000)
[2026-04-13 11:17:08.136] [5765] [HailoRT] [info] [queue_elements.cpp:657] [create] Created (PullQEl_nms12yolov11n/conv54_143 | timeout: 10s)
[2026-04-13 11:17:08.136] [5765] [HailoRT] [info] [edge_elements.cpp:287] [create] Created (HwReadEl15yolov11n/conv62_143 | hw_frame_size: 102400)
[2026-04-13 11:17:08.136] [5765] [HailoRT] [info] [queue_elements.cpp:657] [create] Created (PullQEl_nms15yolov11n/conv62_143 | timeout: 10s)
[2026-04-13 11:17:08.136] [5765] [HailoRT] [info] [edge_elements.cpp:287] [create] Created (HwReadEl13yolov11n/conv65_143 | hw_frame_size: 128000)
[2026-04-13 11:17:08.136] [5765] [HailoRT] [info] [queue_elements.cpp:657] [create] Created (PullQEl_nms13yolov11n/conv65_143 | timeout: 10s)
[2026-04-13 11:17:08.136] [5765] [HailoRT] [info] [edge_elements.cpp:287] [create] Created (HwReadEl1yolov11n/conv77_143 | hw_frame_size: 30720)
[2026-04-13 11:17:08.136] [5765] [HailoRT] [info] [queue_elements.cpp:657] [create] Created (PullQEl_nms1yolov11n/conv77_143 | timeout: 10s)
[2026-04-13 11:17:08.136] [5765] [HailoRT] [info] [edge_elements.cpp:287] [create] Created (HwReadEl0yolov11n/conv80_143 | hw_frame_size: 38400)
[2026-04-13 11:17:08.136] [5765] [HailoRT] [info] [queue_elements.cpp:657] [create] Created (PullQEl_nms0yolov11n/conv80_143 | timeout: 10s)
[2026-04-13 11:17:08.136] [5765] [HailoRT] [info] [queue_elements.cpp:800] [create] Created (UserBufQEl_post_infer0yolov11n/yolov8_nms_postprocess | timeout: 10s)
[2026-04-13 11:17:08.136] [5765] [HailoRT] [info] [vstream.cpp:1114] [OutputVStreamImpl] Creating yolov11n/yolov8_nms_postprocess...
[2026-04-13 11:17:08.137] [5765] [HailoRT] [info] [vstream_builder.cpp:622] [create_output_post_process_nms] Output pipeline 'yolov11n/yolov8_nms_postprocess': HW >> (HwReadEl3yolov11n/conv51_143 | hw_frame_size: 409600) >> (PullQEl_nms3yolov11n/conv51_143) >> (HwReadEl12yolov11n/conv54_143 | hw_frame_size: 512000) >> (PullQEl_nms12yolov11n/conv54_143) >> (HwReadEl15yolov11n/conv62_143 | hw_frame_size: 102400) >> (PullQEl_nms15yolov11n/conv62_143) >> (HwReadEl13yolov11n/conv65_143 | hw_frame_size: 128000) >> (PullQEl_nms13yolov11n/conv65_143) >> (HwReadEl1yolov11n/conv77_143 | hw_frame_size: 30720) >> (PullQEl_nms1yolov11n/conv77_143) >> (HwReadEl0yolov11n/conv80_143 | hw_frame_size: 38400) >> (PullQEl_nms0yolov11n/conv80_143) >> (NmsPPMuxEl0YOLOV8-Post-Process | Op YOLOV8, Name: YOLOV8-Post-Process, Score threshold: 0.200, IoU threshold: 0.70, Classes: 80, Max bboxes per class: 100, Image height: 640, Image width: 640) >> (UserBufQEl_post_infer0yolov11n/yolov8_nms_postprocess | timeout: 10s)
[2026-04-13 11:32:08.137] [12246] [HailoRT] [info] [vdevice_native_stream.cpp:142] [write_impl] Failed write to stream yolov11n/input_layer1 (device: 0001:01:00.0) with status=HAILO_STREAM_ABORT(63)
[2026-04-13 11:32:08.137] [12252] [HailoRT] [info] [vdevice_native_stream.cpp:331] [read_impl] Failed read from stream HAILO_STREAM_ABORT(63) (device: 0001:01:00.0)
[2026-04-13 11:32:08.137] [12252] [HailoRT] [info] [edge_elements.cpp:396] [run_pull] Reading from stream was aborted!
[2026-04-13 11:32:08.137] [12249] [HailoRT] [info] [vdevice_native_stream.cpp:331] [read_impl] Failed read from stream HAILO_STREAM_ABORT(63) (device: 0001:01:00.0)
[2026-04-13 11:32:08.137] [12249] [HailoRT] [info] [edge_elements.cpp:396] [run_pull] Reading from stream was aborted!
[2026-04-13 11:32:08.137] [12247] [HailoRT] [info] [vdevice_native_stream.cpp:331] [read_impl] Failed read from stream HAILO_STREAM_ABORT(63) (device: 0001:01:00.0)
[2026-04-13 11:32:08.137] [12247] [HailoRT] [info] [edge_elements.cpp:396] [run_pull] Reading from stream was aborted!
[2026-04-13 11:32:08.137] [12247] [HailoRT] [info] [queue_elements.cpp:738] [run_in_thread] run_pull of queue element PullQEl_nms3yolov11n/conv51_143 was aborted!
[2026-04-13 11:32:08.137] [12251] [HailoRT] [info] [vdevice_native_stream.cpp:331] [read_impl] Failed read from stream HAILO_STREAM_ABORT(63) (device: 0001:01:00.0)
[2026-04-13 11:32:08.137] [12251] [HailoRT] [info] [edge_elements.cpp:396] [run_pull] Reading from stream was aborted!
[2026-04-13 11:32:08.137] [12256] [HailoRT] [info] [queue_elements.cpp:706] [run_pull] Shutdown event was signaled in dequeue of queue element PullQEl_nms3yolov11n/conv51_143!
[2026-04-13 11:32:08.137] [12256] [HailoRT] [info] [vstream.cpp:1138] [read] Receiving to VStream was shutdown!
[2026-04-13 11:32:08.137] [12250] [HailoRT] [info] [vdevice_native_stream.cpp:331] [read_impl] Failed read from stream HAILO_STREAM_ABORT(63) (device: 0001:01:00.0)
[2026-04-13 11:32:08.137] [12250] [HailoRT] [info] [edge_elements.cpp:396] [run_pull] Reading from stream was aborted!
[2026-04-13 11:32:08.137] [12250] [HailoRT] [info] [queue_elements.cpp:738] [run_in_thread] run_pull of queue element PullQEl_nms13yolov11n/conv65_143 was aborted!
[2026-04-13 11:32:08.137] [12249] [HailoRT] [info] [queue_elements.cpp:738] [run_in_thread] run_pull of queue element PullQEl_nms15yolov11n/conv62_143 was aborted!
[2026-04-13 11:32:08.137] [12248] [HailoRT] [info] [vdevice_native_stream.cpp:331] [read_impl] Failed read from stream HAILO_STREAM_ABORT(63) (device: 0001:01:00.0)
[2026-04-13 11:32:08.137] [12251] [HailoRT] [info] [queue_elements.cpp:738] [run_in_thread] run_pull of queue element PullQEl_nms1yolov11n/conv77_143 was aborted!
[2026-04-13 11:32:08.137] [12248] [HailoRT] [info] [edge_elements.cpp:396] [run_pull] Reading from stream was aborted!
[2026-04-13 11:32:08.137] [12246] [HailoRT] [info] [edge_elements.cpp:87] [run_push] Failed to send on input stream InputStream(index=8, name=yolov11n/input_layer1) because stream was aborted
[2026-04-13 11:32:08.137] [12248] [HailoRT] [info] [queue_elements.cpp:738] [run_in_thread] run_pull of queue element PullQEl_nms12yolov11n/conv54_143 was aborted!
[2026-04-13 11:32:08.137] [12246] [HailoRT] [info] [queue_elements.cpp:401] [run_in_thread] run_push of PushQEl8yolov11n/input_layer1 was aborted!
[2026-04-13 11:32:08.137] [12252] [HailoRT] [info] [queue_elements.cpp:738] [run_in_thread] run_pull of queue element PullQEl_nms0yolov11n/conv80_143 was aborted!
[2026-04-13 11:32:08.137] [12257] [HailoRT] [info] [vstream.cpp:774] [write] Sending to VStream was shutdown!
[2026-04-13 11:32:08.137] [12257] [HailoRT] [info] [vstream.cpp:778] [write] Sending to VStream was aborted!
[2026-04-13 11:32:08.169] [5765] [HailoRT] [info] [queue_elements.cpp:360] [execute_deactivate] enqueue() in element PushQEl8yolov11n/input_layer1 was aborted, got status = HAILO_SHUTDOWN_EVENT_SIGNALED(57)
[2026-04-13 11:32:08.169] [12246] [HailoRT] [info] [queue_elements.cpp:68] [operator()] Thread in element PushQEl8yolov11n/input_layer1 is not running anymore, exiting..
[2026-04-13 11:32:08.169] [5765] [HailoRT] [info] [queue_elements.cpp:46] [~BaseQueueElement] Queue element PushQEl8yolov11n/input_layer1 has 1 frames in his Queue on destruction
[2026-04-13 11:32:08.170] [12253] [HailoRT] [info] [queue_elements.cpp:68] [operator()] Thread in element UserBufQEl_post_infer0yolov11n/yolov8_nms_postprocess is not running anymore, exiting..
[2026-04-13 11:32:08.170] [5765] [HailoRT] [info] [queue_elements.cpp:46] [~BaseQueueElement] Queue element UserBufQEl_post_infer0yolov11n/yolov8_nms_postprocess has 0 frames in his Queue on destruction
[2026-04-13 11:32:08.170] [12252] [HailoRT] [info] [queue_elements.cpp:68] [operator()] Thread in element PullQEl_nms0yolov11n/conv80_143 is not running anymore, exiting..
[2026-04-13 11:32:08.170] [5765] [HailoRT] [info] [queue_elements.cpp:46] [~BaseQueueElement] Queue element PullQEl_nms0yolov11n/conv80_143 has 0 frames in his Queue on destruction
[2026-04-13 11:32:08.170] [12251] [HailoRT] [info] [queue_elements.cpp:68] [operator()] Thread in element PullQEl_nms1yolov11n/conv77_143 is not running anymore, exiting..
[2026-04-13 11:32:08.171] [5765] [HailoRT] [info] [queue_elements.cpp:46] [~BaseQueueElement] Queue element PullQEl_nms1yolov11n/conv77_143 has 0 frames in his Queue on destruction
[2026-04-13 11:32:08.171] [12250] [HailoRT] [info] [queue_elements.cpp:68] [operator()] Thread in element PullQEl_nms13yolov11n/conv65_143 is not running anymore, exiting..
[2026-04-13 11:32:08.171] [5765] [HailoRT] [info] [queue_elements.cpp:46] [~BaseQueueElement] Queue element PullQEl_nms13yolov11n/conv65_143 has 0 frames in his Queue on destruction
[2026-04-13 11:32:08.171] [12249] [HailoRT] [info] [queue_elements.cpp:68] [operator()] Thread in element PullQEl_nms15yolov11n/conv62_143 is not running anymore, exiting..
[2026-04-13 11:32:08.171] [5765] [HailoRT] [info] [queue_elements.cpp:46] [~BaseQueueElement] Queue element PullQEl_nms15yolov11n/conv62_143 has 0 frames in his Queue on destruction
[2026-04-13 11:32:08.171] [12248] [HailoRT] [info] [queue_elements.cpp:68] [operator()] Thread in element PullQEl_nms12yolov11n/conv54_143 is not running anymore, exiting..
[2026-04-13 11:32:08.171] [5765] [HailoRT] [info] [queue_elements.cpp:46] [~BaseQueueElement] Queue element PullQEl_nms12yolov11n/conv54_143 has 0 frames in his Queue on destruction
[2026-04-13 11:32:08.171] [12247] [HailoRT] [info] [queue_elements.cpp:68] [operator()] Thread in element PullQEl_nms3yolov11n/conv51_143 is not running anymore, exiting..
[2026-04-13 11:32:08.171] [5765] [HailoRT] [info] [queue_elements.cpp:46] [~BaseQueueElement] Queue element PullQEl_nms3yolov11n/conv51_143 has 0 frames in his Queue on destruction
[2026-04-13 11:32:08.171] [5765] [HailoRT] [info] [core_op.cpp:186] [deactivate] Deactivating took 0.013167 ms
[2026-04-13 11:32:08.171] [5765] [HailoRT] [info] [core_op.cpp:186] [deactivate] Deactivating took 0.028777 ms
[2026-04-13 11:32:08.200] [5765] [HailoRT] [info] [vdevice.cpp:535] [create] Creating vdevice with params: device_count: 1, scheduling_algorithm: NONE, multi_process_service: false
[2026-04-13 11:32:08.201] [5765] [HailoRT] [info] [device.cpp:51] [Device] OS Version: Linux 6.12.62+rpt-rpi-2712 #1 SMP PREEMPT Debian 1:6.12.62-1+rpt1 (2025-12-18) aarch64
[2026-04-13 11:32:08.201] [5765] [HailoRT] [info] [control.cpp:113] [control__parse_identify_results] firmware_version is: 4.23.0
[2026-04-13 11:32:08.201] [5765] [HailoRT] [info] [vdevice.cpp:682] [create] VDevice Infos: 0001:01:00.0
[2026-04-13 11:32:08.207] [5765] [HailoRT] [info] [internal_buffer_manager.cpp:77] [print_execution_results] Planned internal buffer memory: CMA=0 CMA-Desc=327680 Pinned=1180160. memory to edge layer usage factor is 1
[2026-04-13 11:32:08.207] [5765] [HailoRT] [info] [internal_buffer_manager.cpp:86] [print_execution_results] Default Internal buffer planner executed successfully
[2026-04-13 11:32:08.237] [5765] [HailoRT] [info] [device_internal.cpp:57] [configure] Configuring HEF took 36.251334 milliseconds
[2026-04-13 11:32:08.238] [5765] [HailoRT] [info] [vdevice.cpp:780] [configure] Configuring HEF on VDevice took 36.621554 milliseconds
[2026-04-13 11:32:08.238] [5765] [HailoRT] [info] [control.cpp:113] [control__parse_identify_results] firmware_version is: 4.23.0
[2026-04-13 11:32:08.238] [5765] [HailoRT] [info] [control.cpp:113] [control__parse_identify_results] firmware_version is: 4.23.0
[2026-04-13 11:32:08.239] [5765] [HailoRT] [info] [core_op.cpp:156] [activate] Activating yolov11n took 0.775941 milliseconds. Note that the function is asynchronous and thus the network is not fully activated yet.
[2026-04-13 11:32:08.239] [5765] [HailoRT] [info] [core_op.cpp:156] [activate] Activating yolov11n took 0.784904 milliseconds. Note that the function is asynchronous and thus the network is not fully activated yet.
[2026-04-13 11:32:08.257] [5765] [HailoRT] [info] [control.cpp:113] [control__parse_identify_results] firmware_version is: 4.23.0
[2026-04-13 11:32:08.257] [5765] [HailoRT] [info] [control.cpp:113] [control__parse_identify_results] firmware_version is: 4.23.0
[2026-04-13 11:32:08.257] [5765] [HailoRT] [info] [edge_elements.cpp:52] [create] Created (HwWriteEl8yolov11n/input_layer1 | hw_frame_size: 1228800)
[2026-04-13 11:32:08.257] [5765] [HailoRT] [info] [queue_elements.cpp:284] [create] Created (PushQEl8yolov11n/input_layer1 | timeout: 10s)
[2026-04-13 11:32:08.257] [5765] [HailoRT] [info] [filter_elements.cpp:101] [create] Created (PreInferEl8yolov11n/input_layer1 | Reorder - src_order: NHWC, src_shape: (640, 640, 3), dst_order: NHCW, dst_shape: (640, 640, 3))
[2026-04-13 11:32:08.257] [5765] [HailoRT] [info] [vstream.cpp:754] [InputVStreamImpl] Creating yolov11n/input_layer1...
[2026-04-13 11:32:08.257] [5765] [HailoRT] [info] [vstream_builder.cpp:102] [create_inputs] Input pipeline 'yolov11n/input_layer1': (PreInferEl8yolov11n/input_layer1 | Reorder - src_order: NHWC, src_shape: (640, 640, 3), dst_order: NHCW, dst_shape: (640, 640, 3)) >> (PushQEl8yolov11n/input_layer1 | timeout: 10s) >> (HwWriteEl8yolov11n/input_layer1 | hw_frame_size: 1228800) >> HW
[2026-04-13 11:32:08.257] [5765] [HailoRT] [info] [multi_io_elements.cpp:135] [create] Created (NmsPPMuxEl0YOLOV8-Post-Process | Op YOLOV8, Name: YOLOV8-Post-Process, Score threshold: 0.200, IoU threshold: 0.70, Classes: 80, Max bboxes per class: 100, Image height: 640, Image width: 640)
[2026-04-13 11:32:08.257] [5765] [HailoRT] [info] [edge_elements.cpp:287] [create] Created (HwReadEl3yolov11n/conv51_143 | hw_frame_size: 409600)
[2026-04-13 11:32:08.257] [5765] [HailoRT] [info] [queue_elements.cpp:657] [create] Created (PullQEl_nms3yolov11n/conv51_143 | timeout: 10s)
[2026-04-13 11:32:08.258] [5765] [HailoRT] [info] [edge_elements.cpp:287] [create] Created (HwReadEl12yolov11n/conv54_143 | hw_frame_size: 512000)
[2026-04-13 11:32:08.258] [5765] [HailoRT] [info] [queue_elements.cpp:657] [create] Created (PullQEl_nms12yolov11n/conv54_143 | timeout: 10s)
[2026-04-13 11:32:08.258] [5765] [HailoRT] [info] [edge_elements.cpp:287] [create] Created (HwReadEl15yolov11n/conv62_143 | hw_frame_size: 102400)
[2026-04-13 11:32:08.258] [5765] [HailoRT] [info] [queue_elements.cpp:657] [create] Created (PullQEl_nms15yolov11n/conv62_143 | timeout: 10s)
[2026-04-13 11:32:08.258] [5765] [HailoRT] [info] [edge_elements.cpp:287] [create] Created (HwReadEl13yolov11n/conv65_143 | hw_frame_size: 128000)
[2026-04-13 11:32:08.258] [5765] [HailoRT] [info] [queue_elements.cpp:657] [create] Created (PullQEl_nms13yolov11n/conv65_143 | timeout: 10s)
[2026-04-13 11:32:08.258] [5765] [HailoRT] [info] [edge_elements.cpp:287] [create] Created (HwReadEl1yolov11n/conv77_143 | hw_frame_size: 30720)
[2026-04-13 11:32:08.258] [5765] [HailoRT] [info] [queue_elements.cpp:657] [create] Created (PullQEl_nms1yolov11n/conv77_143 | timeout: 10s)
[2026-04-13 11:32:08.258] [5765] [HailoRT] [info] [edge_elements.cpp:287] [create] Created (HwReadEl0yolov11n/conv80_143 | hw_frame_size: 38400)
[2026-04-13 11:32:08.258] [5765] [HailoRT] [info] [queue_elements.cpp:657] [create] Created (PullQEl_nms0yolov11n/conv80_143 | timeout: 10s)
[2026-04-13 11:32:08.258] [5765] [HailoRT] [info] [queue_elements.cpp:800] [create] Created (UserBufQEl_post_infer0yolov11n/yolov8_nms_postprocess | timeout: 10s)
[2026-04-13 11:32:08.258] [5765] [HailoRT] [info] [vstream.cpp:1114] [OutputVStreamImpl] Creating yolov11n/yolov8_nms_postprocess...
[2026-04-13 11:32:08.258] [5765] [HailoRT] [info] [vstream_builder.cpp:622] [create_output_post_process_nms] Output pipeline 'yolov11n/yolov8_nms_postprocess': HW >> (HwReadEl3yolov11n/conv51_143 | hw_frame_size: 409600) >> (PullQEl_nms3yolov11n/conv51_143) >> (HwReadEl12yolov11n/conv54_143 | hw_frame_size: 512000) >> (PullQEl_nms12yolov11n/conv54_143) >> (HwReadEl15yolov11n/conv62_143 | hw_frame_size: 102400) >> (PullQEl_nms15yolov11n/conv62_143) >> (HwReadEl13yolov11n/conv65_143 | hw_frame_size: 128000) >> (PullQEl_nms13yolov11n/conv65_143) >> (HwReadEl1yolov11n/conv77_143 | hw_frame_size: 30720) >> (PullQEl_nms1yolov11n/conv77_143) >> (HwReadEl0yolov11n/conv80_143 | hw_frame_size: 38400) >> (PullQEl_nms0yolov11n/conv80_143) >> (NmsPPMuxEl0YOLOV8-Post-Process | Op YOLOV8, Name: YOLOV8-Post-Process, Score threshold: 0.200, IoU threshold: 0.70, Classes: 80, Max bboxes per class: 100, Image height: 640, Image width: 640) >> (UserBufQEl_post_infer0yolov11n/yolov8_nms_postprocess | timeout: 10s)
[2026-04-13 11:47:08.259] [19054] [HailoRT] [info] [vdevice_native_stream.cpp:331] [read_impl] Failed read from stream HAILO_STREAM_ABORT(63) (device: 0001:01:00.0)
[2026-04-13 11:47:08.259] [19054] [HailoRT] [info] [edge_elements.cpp:396] [run_pull] Reading from stream was aborted!
[2026-04-13 11:47:08.259] [19058] [HailoRT] [info] [vdevice_native_stream.cpp:331] [read_impl] Failed read from stream HAILO_STREAM_ABORT(63) (device: 0001:01:00.0)
[2026-04-13 11:47:08.259] [19058] [HailoRT] [info] [edge_elements.cpp:396] [run_pull] Reading from stream was aborted!
[2026-04-13 11:47:08.259] [19054] [HailoRT] [info] [queue_elements.cpp:738] [run_in_thread] run_pull of queue element PullQEl_nms3yolov11n/conv51_143 was aborted!
[2026-04-13 11:47:08.259] [19058] [HailoRT] [info] [queue_elements.cpp:738] [run_in_thread] run_pull of queue element PullQEl_nms1yolov11n/conv77_143 was aborted!
[2026-04-13 11:47:08.259] [19055] [HailoRT] [info] [vdevice_native_stream.cpp:331] [read_impl] Failed read from stream HAILO_STREAM_ABORT(63) (device: 0001:01:00.0)
[2026-04-13 11:47:08.259] [19055] [HailoRT] [info] [edge_elements.cpp:396] [run_pull] Reading from stream was aborted!
[2026-04-13 11:47:08.259] [19055] [HailoRT] [info] [queue_elements.cpp:738] [run_in_thread] run_pull of queue element PullQEl_nms12yolov11n/conv54_143 was aborted!
[2026-04-13 11:47:08.259] [19059] [HailoRT] [info] [vdevice_native_stream.cpp:331] [read_impl] Failed read from stream HAILO_STREAM_ABORT(63) (device: 0001:01:00.0)
[2026-04-13 11:47:08.259] [19059] [HailoRT] [info] [edge_elements.cpp:396] [run_pull] Reading from stream was aborted!
[2026-04-13 11:47:08.259] [19057] [HailoRT] [info] [vdevice_native_stream.cpp:331] [read_impl] Failed read from stream HAILO_STREAM_ABORT(63) (device: 0001:01:00.0)
[2026-04-13 11:47:08.259] [19059] [HailoRT] [info] [queue_elements.cpp:738] [run_in_thread] run_pull of queue element PullQEl_nms0yolov11n/conv80_143 was aborted!
[2026-04-13 11:47:08.259] [19057] [HailoRT] [info] [edge_elements.cpp:396] [run_pull] Reading from stream was aborted!
[2026-04-13 11:47:08.259] [19063] [HailoRT] [info] [queue_elements.cpp:706] [run_pull] Shutdown event was signaled in dequeue of queue element PullQEl_nms3yolov11n/conv51_143!
[2026-04-13 11:47:08.259] [19063] [HailoRT] [info] [vstream.cpp:1138] [read] Receiving to VStream was shutdown!
[2026-04-13 11:47:08.259] [19057] [HailoRT] [info] [queue_elements.cpp:738] [run_in_thread] run_pull of queue element PullQEl_nms13yolov11n/conv65_143 was aborted!
[2026-04-13 11:47:08.259] [19056] [HailoRT] [info] [vdevice_native_stream.cpp:331] [read_impl] Failed read from stream HAILO_STREAM_ABORT(63) (device: 0001:01:00.0)
[2026-04-13 11:47:08.259] [19056] [HailoRT] [info] [edge_elements.cpp:396] [run_pull] Reading from stream was aborted!
[2026-04-13 11:47:08.259] [19056] [HailoRT] [info] [queue_elements.cpp:738] [run_in_thread] run_pull of queue element PullQEl_nms15yolov11n/conv62_143 was aborted!
[2026-04-13 11:47:08.261] [19053] [HailoRT] [info] [vdevice_native_stream.cpp:142] [write_impl] Failed write to stream yolov11n/input_layer1 (device: 0001:01:00.0) with status=HAILO_STREAM_ABORT(63)
[2026-04-13 11:47:08.261] [19053] [HailoRT] [info] [edge_elements.cpp:87] [run_push] Failed to send on input stream InputStream(index=8, name=yolov11n/input_layer1) because stream was aborted
[2026-04-13 11:47:08.261] [19053] [HailoRT] [info] [queue_elements.cpp:401] [run_in_thread] run_push of PushQEl8yolov11n/input_layer1 was aborted!
[2026-04-13 11:47:08.261] [19064] [HailoRT] [info] [queue_elements.cpp:319] [run_push] run_push of PushQEl8yolov11n/input_layer1 was aborted!
[2026-04-13 11:47:08.261] [19064] [HailoRT] [info] [filter_elements.cpp:35] [run_push] run_push of PreInferEl8yolov11n/input_layer1 was aborted!
[2026-04-13 11:47:08.261] [19064] [HailoRT] [info] [vstream.cpp:778] [write] Sending to VStream was aborted!
[2026-04-13 11:47:08.265] [5765] [HailoRT] [info] [queue_elements.cpp:360] [execute_deactivate] enqueue() in element PushQEl8yolov11n/input_layer1 was aborted, got status = HAILO_SHUTDOWN_EVENT_SIGNALED(57)
[2026-04-13 11:47:08.265] [19053] [HailoRT] [info] [queue_elements.cpp:68] [operator()] Thread in element PushQEl8yolov11n/input_layer1 is not running anymore, exiting..
[2026-04-13 11:47:08.265] [5765] [HailoRT] [info] [queue_elements.cpp:46] [~BaseQueueElement] Queue element PushQEl8yolov11n/input_layer1 has 0 frames in his Queue on destruction
[2026-04-13 11:47:08.265] [19060] [HailoRT] [info] [queue_elements.cpp:68] [operator()] Thread in element UserBufQEl_post_infer0yolov11n/yolov8_nms_postprocess is not running anymore, exiting..
[2026-04-13 11:47:08.265] [5765] [HailoRT] [info] [queue_elements.cpp:46] [~BaseQueueElement] Queue element UserBufQEl_post_infer0yolov11n/yolov8_nms_postprocess has 0 frames in his Queue on destruction
[2026-04-13 11:47:08.265] [19059] [HailoRT] [info] [queue_elements.cpp:68] [operator()] Thread in element PullQEl_nms0yolov11n/conv80_143 is not running anymore, exiting..
[2026-04-13 11:47:08.265] [5765] [HailoRT] [info] [queue_elements.cpp:46] [~BaseQueueElement] Queue element PullQEl_nms0yolov11n/conv80_143 has 0 frames in his Queue on destruction
[2026-04-13 11:47:08.265] [19058] [HailoRT] [info] [queue_elements.cpp:68] [operator()] Thread in element PullQEl_nms1yolov11n/conv77_143 is not running anymore, exiting..
[2026-04-13 11:47:08.265] [5765] [HailoRT] [info] [queue_elements.cpp:46] [~BaseQueueElement] Queue element PullQEl_nms1yolov11n/conv77_143 has 0 frames in his Queue on destruction
[2026-04-13 11:47:08.265] [19057] [HailoRT] [info] [queue_elements.cpp:68] [operator()] Thread in element PullQEl_nms13yolov11n/conv65_143 is not running anymore, exiting..
[2026-04-13 11:47:08.265] [5765] [HailoRT] [info] [queue_elements.cpp:46] [~BaseQueueElement] Queue element PullQEl_nms13yolov11n/conv65_143 has 0 frames in his Queue on destruction
[2026-04-13 11:47:08.265] [19056] [HailoRT] [info] [queue_elements.cpp:68] [operator()] Thread in element PullQEl_nms15yolov11n/conv62_143 is not running anymore, exiting..
[2026-04-13 11:47:08.265] [5765] [HailoRT] [info] [queue_elements.cpp:46] [~BaseQueueElement] Queue element PullQEl_nms15yolov11n/conv62_143 has 0 frames in his Queue on destruction
[2026-04-13 11:47:08.265] [19055] [HailoRT] [info] [queue_elements.cpp:68] [operator()] Thread in element PullQEl_nms12yolov11n/conv54_143 is not running anymore, exiting..
[2026-04-13 11:47:08.265] [5765] [HailoRT] [info] [queue_elements.cpp:46] [~BaseQueueElement] Queue element PullQEl_nms12yolov11n/conv54_143 has 0 frames in his Queue on destruction
[2026-04-13 11:47:08.265] [19054] [HailoRT] [info] [queue_elements.cpp:68] [operator()] Thread in element PullQEl_nms3yolov11n/conv51_143 is not running anymore, exiting..
[2026-04-13 11:47:08.265] [5765] [HailoRT] [info] [queue_elements.cpp:46] [~BaseQueueElement] Queue element PullQEl_nms3yolov11n/conv51_143 has 0 frames in his Queue on destruction
[2026-04-13 11:47:08.266] [5765] [HailoRT] [info] [core_op.cpp:186] [deactivate] Deactivating took 0.011185 ms
[2026-04-13 11:47:08.266] [5765] [HailoRT] [info] [core_op.cpp:186] [deactivate] Deactivating took 0.0225 ms
[2026-04-13 12:06:33.159] [33221] [HailoRT] [info] [vdevice.cpp:535] [create] Creating vdevice with params: device_count: 1, scheduling_algorithm: NONE, multi_process_service: false
[2026-04-13 12:06:33.171] [33221] [HailoRT] [info] [device.cpp:51] [Device] OS Version: Linux 6.12.62+rpt-rpi-2712 #1 SMP PREEMPT Debian 1:6.12.62-1+rpt1 (2025-12-18) aarch64
[2026-04-13 12:06:33.172] [33221] [HailoRT] [info] [control.cpp:113] [control__parse_identify_results] firmware_version is: 4.23.0
[2026-04-13 12:06:33.172] [33221] [HailoRT] [info] [vdevice.cpp:682] [create] VDevice Infos: 0001:01:00.0
[2026-04-13 12:06:33.178] [33221] [HailoRT] [info] [internal_buffer_manager.cpp:77] [print_execution_results] Planned internal buffer memory: CMA=0 CMA-Desc=327680 Pinned=1180160. memory to edge layer usage factor is 1
[2026-04-13 12:06:33.178] [33221] [HailoRT] [info] [internal_buffer_manager.cpp:86] [print_execution_results] Default Internal buffer planner executed successfully
[2026-04-13 12:06:33.208] [33221] [HailoRT] [info] [device_internal.cpp:57] [configure] Configuring HEF took 36.227253 milliseconds
[2026-04-13 12:06:33.208] [33221] [HailoRT] [info] [vdevice.cpp:780] [configure] Configuring HEF on VDevice took 36.582103 milliseconds
[2026-04-13 12:06:33.209] [33221] [HailoRT] [info] [control.cpp:113] [control__parse_identify_results] firmware_version is: 4.23.0
[2026-04-13 12:06:33.209] [33221] [HailoRT] [info] [control.cpp:113] [control__parse_identify_results] firmware_version is: 4.23.0
[2026-04-13 12:06:33.210] [33221] [HailoRT] [info] [core_op.cpp:156] [activate] Activating yolov11n took 0.629405 milliseconds. Note that the function is asynchronous and thus the network is not fully activated yet.
[2026-04-13 12:06:33.210] [33221] [HailoRT] [info] [core_op.cpp:156] [activate] Activating yolov11n took 0.640868 milliseconds. Note that the function is asynchronous and thus the network is not fully activated yet.
[2026-04-13 12:06:33.223] [33221] [HailoRT] [info] [control.cpp:113] [control__parse_identify_results] firmware_version is: 4.23.0
[2026-04-13 12:06:33.223] [33221] [HailoRT] [info] [control.cpp:113] [control__parse_identify_results] firmware_version is: 4.23.0
[2026-04-13 12:06:34.480] [33213] [HailoRT] [info] [device.cpp:51] [Device] OS Version: Linux 6.12.62+rpt-rpi-2712 #1 SMP PREEMPT Debian 1:6.12.62-1+rpt1 (2025-12-18) aarch64
[2026-04-13 12:06:34.481] [33213] [HailoRT] [info] [control.cpp:113] [control__parse_identify_results] firmware_version is: 4.23.0
[2026-04-13 12:06:34.481] [33213] [HailoRT] [info] [control.cpp:113] [control__parse_identify_results] firmware_version is: 4.23.0
[2026-04-13 12:11:33.224] [33232] [HailoRT] [info] [vdevice_native_stream.cpp:331] [read_impl] Failed read from stream HAILO_STREAM_ABORT(63) (device: 0001:01:00.0)
[2026-04-13 12:11:33.224] [33236] [HailoRT] [info] [vdevice_native_stream.cpp:142] [write_impl] Failed write to stream yolov11n/input_layer1 (device: 0001:01:00.0) with status=HAILO_STREAM_ABORT(63)
[2026-04-13 12:11:33.224] [33233] [HailoRT] [info] [vdevice_native_stream.cpp:331] [read_impl] Failed read from stream HAILO_STREAM_ABORT(63) (device: 0001:01:00.0)
[2026-04-13 12:11:33.224] [33230] [HailoRT] [info] [vdevice_native_stream.cpp:331] [read_impl] Failed read from stream HAILO_STREAM_ABORT(63) (device: 0001:01:00.0)
[2026-04-13 12:11:33.224] [33231] [HailoRT] [info] [vdevice_native_stream.cpp:331] [read_impl] Failed read from stream HAILO_STREAM_ABORT(63) (device: 0001:01:00.0)
[2026-04-13 12:11:33.224] [33234] [HailoRT] [info] [vdevice_native_stream.cpp:331] [read_impl] Failed read from stream HAILO_STREAM_ABORT(63) (device: 0001:01:00.0)
[2026-04-13 12:11:33.224] [33235] [HailoRT] [info] [vdevice_native_stream.cpp:331] [read_impl] Failed read from stream HAILO_STREAM_ABORT(63) (device: 0001:01:00.0)
[2026-04-13 12:11:33.230] [33221] [HailoRT] [info] [core_op.cpp:186] [deactivate] Deactivating took 0.006907 ms
[2026-04-13 12:11:33.230] [33221] [HailoRT] [info] [core_op.cpp:186] [deactivate] Deactivating took 0.025462 ms
[2026-04-13 12:11:33.269] [33221] [HailoRT] [info] [vdevice.cpp:535] [create] Creating vdevice with params: device_count: 1, scheduling_algorithm: NONE, multi_process_service: false
[2026-04-13 12:11:33.270] [33221] [HailoRT] [info] [device.cpp:51] [Device] OS Version: Linux 6.12.62+rpt-rpi-2712 #1 SMP PREEMPT Debian 1:6.12.62-1+rpt1 (2025-12-18) aarch64
[2026-04-13 12:11:33.270] [33221] [HailoRT] [info] [control.cpp:113] [control__parse_identify_results] firmware_version is: 4.23.0
[2026-04-13 12:11:33.270] [33221] [HailoRT] [info] [vdevice.cpp:682] [create] VDevice Infos: 0001:01:00.0
[2026-04-13 12:11:33.277] [33221] [HailoRT] [info] [internal_buffer_manager.cpp:77] [print_execution_results] Planned internal buffer memory: CMA=0 CMA-Desc=327680 Pinned=1180160. memory to edge layer usage factor is 1
[2026-04-13 12:11:33.277] [33221] [HailoRT] [info] [internal_buffer_manager.cpp:86] [print_execution_results] Default Internal buffer planner executed successfully
[2026-04-13 12:11:33.309] [33221] [HailoRT] [info] [device_internal.cpp:57] [configure] Configuring HEF took 38.260592 milliseconds
[2026-04-13 12:11:33.309] [33221] [HailoRT] [info] [vdevice.cpp:780] [configure] Configuring HEF on VDevice took 38.660795 milliseconds
[2026-04-13 12:11:33.309] [33221] [HailoRT] [info] [control.cpp:113] [control__parse_identify_results] firmware_version is: 4.23.0
[2026-04-13 12:11:33.310] [33221] [HailoRT] [info] [control.cpp:113] [control__parse_identify_results] firmware_version is: 4.23.0
[2026-04-13 12:11:33.310] [33221] [HailoRT] [info] [core_op.cpp:156] [activate] Activating yolov11n took 0.790256 milliseconds. Note that the function is asynchronous and thus the network is not fully activated yet.
[2026-04-13 12:11:33.310] [33221] [HailoRT] [info] [core_op.cpp:156] [activate] Activating yolov11n took 0.799738 milliseconds. Note that the function is asynchronous and thus the network is not fully activated yet.
[2026-04-13 12:11:33.329] [33221] [HailoRT] [info] [control.cpp:113] [control__parse_identify_results] firmware_version is: 4.23.0
[2026-04-13 12:11:33.329] [33221] [HailoRT] [info] [control.cpp:113] [control__parse_identify_results] firmware_version is: 4.23.0
[2026-04-13 12:11:33.329] [33221] [HailoRT] [info] [edge_elements.cpp:52] [create] Created (HwWriteEl8yolov11n/input_layer1 | hw_frame_size: 1228800)
[2026-04-13 12:11:33.329] [33221] [HailoRT] [info] [queue_elements.cpp:284] [create] Created (PushQEl8yolov11n/input_layer1 | timeout: 10s)
[2026-04-13 12:11:33.329] [33221] [HailoRT] [info] [filter_elements.cpp:101] [create] Created (PreInferEl8yolov11n/input_layer1 | Reorder - src_order: NHWC, src_shape: (640, 640, 3), dst_order: NHCW, dst_shape: (640, 640, 3))
[2026-04-13 12:11:33.329] [33221] [HailoRT] [info] [vstream.cpp:754] [InputVStreamImpl] Creating yolov11n/input_layer1...
[2026-04-13 12:11:33.329] [33221] [HailoRT] [info] [vstream_builder.cpp:102] [create_inputs] Input pipeline 'yolov11n/input_layer1': (PreInferEl8yolov11n/input_layer1 | Reorder - src_order: NHWC, src_shape: (640, 640, 3), dst_order: NHCW, dst_shape: (640, 640, 3)) >> (PushQEl8yolov11n/input_layer1 | timeout: 10s) >> (HwWriteEl8yolov11n/input_layer1 | hw_frame_size: 1228800) >> HW
[2026-04-13 12:11:33.330] [33221] [HailoRT] [info] [multi_io_elements.cpp:135] [create] Created (NmsPPMuxEl0YOLOV8-Post-Process | Op YOLOV8, Name: YOLOV8-Post-Process, Score threshold: 0.200, IoU threshold: 0.70, Classes: 80, Max bboxes per class: 100, Image height: 640, Image width: 640)
[2026-04-13 12:11:33.330] [33221] [HailoRT] [info] [edge_elements.cpp:287] [create] Created (HwReadEl3yolov11n/conv51_143 | hw_frame_size: 409600)
[2026-04-13 12:11:33.330] [33221] [HailoRT] [info] [queue_elements.cpp:657] [create] Created (PullQEl_nms3yolov11n/conv51_143 | timeout: 10s)
[2026-04-13 12:11:33.330] [33221] [HailoRT] [info] [edge_elements.cpp:287] [create] Created (HwReadEl12yolov11n/conv54_143 | hw_frame_size: 512000)
[2026-04-13 12:11:33.330] [33221] [HailoRT] [info] [queue_elements.cpp:657] [create] Created (PullQEl_nms12yolov11n/conv54_143 | timeout: 10s)
[2026-04-13 12:11:33.330] [33221] [HailoRT] [info] [edge_elements.cpp:287] [create] Created (HwReadEl15yolov11n/conv62_143 | hw_frame_size: 102400)
[2026-04-13 12:11:33.330] [33221] [HailoRT] [info] [queue_elements.cpp:657] [create] Created (PullQEl_nms15yolov11n/conv62_143 | timeout: 10s)
[2026-04-13 12:11:33.330] [33221] [HailoRT] [info] [edge_elements.cpp:287] [create] Created (HwReadEl13yolov11n/conv65_143 | hw_frame_size: 128000)
[2026-04-13 12:11:33.330] [33221] [HailoRT] [info] [queue_elements.cpp:657] [create] Created (PullQEl_nms13yolov11n/conv65_143 | timeout: 10s)
[2026-04-13 12:11:33.330] [33221] [HailoRT] [info] [edge_elements.cpp:287] [create] Created (HwReadEl1yolov11n/conv77_143 | hw_frame_size: 30720)
[2026-04-13 12:11:33.330] [33221] [HailoRT] [info] [queue_elements.cpp:657] [create] Created (PullQEl_nms1yolov11n/conv77_143 | timeout: 10s)
[2026-04-13 12:11:33.330] [33221] [HailoRT] [info] [edge_elements.cpp:287] [create] Created (HwReadEl0yolov11n/conv80_143 | hw_frame_size: 38400)
[2026-04-13 12:11:33.331] [33221] [HailoRT] [info] [queue_elements.cpp:657] [create] Created (PullQEl_nms0yolov11n/conv80_143 | timeout: 10s)
[2026-04-13 12:11:33.331] [33221] [HailoRT] [info] [queue_elements.cpp:800] [create] Created (UserBufQEl_post_infer0yolov11n/yolov8_nms_postprocess | timeout: 10s)
[2026-04-13 12:11:33.331] [33221] [HailoRT] [info] [vstream.cpp:1114] [OutputVStreamImpl] Creating yolov11n/yolov8_nms_postprocess...
[2026-04-13 12:11:33.331] [33221] [HailoRT] [info] [vstream_builder.cpp:622] [create_output_post_process_nms] Output pipeline 'yolov11n/yolov8_nms_postprocess': HW >> (HwReadEl3yolov11n/conv51_143 | hw_frame_size: 409600) >> (PullQEl_nms3yolov11n/conv51_143) >> (HwReadEl12yolov11n/conv54_143 | hw_frame_size: 512000) >> (PullQEl_nms12yolov11n/conv54_143) >> (HwReadEl15yolov11n/conv62_143 | hw_frame_size: 102400) >> (PullQEl_nms15yolov11n/conv62_143) >> (HwReadEl13yolov11n/conv65_143 | hw_frame_size: 128000) >> (PullQEl_nms13yolov11n/conv65_143) >> (HwReadEl1yolov11n/conv77_143 | hw_frame_size: 30720) >> (PullQEl_nms1yolov11n/conv77_143) >> (HwReadEl0yolov11n/conv80_143 | hw_frame_size: 38400) >> (PullQEl_nms0yolov11n/conv80_143) >> (NmsPPMuxEl0YOLOV8-Post-Process | Op YOLOV8, Name: YOLOV8-Post-Process, Score threshold: 0.200, IoU threshold: 0.70, Classes: 80, Max bboxes per class: 100, Image height: 640, Image width: 640) >> (UserBufQEl_post_infer0yolov11n/yolov8_nms_postprocess | timeout: 10s)
[2026-04-13 12:16:33.331] [36193] [HailoRT] [info] [vdevice_native_stream.cpp:331] [read_impl] Failed read from stream HAILO_STREAM_ABORT(63) (device: 0001:01:00.0)
[2026-04-13 12:16:33.331] [36194] [HailoRT] [info] [vdevice_native_stream.cpp:331] [read_impl] Failed read from stream HAILO_STREAM_ABORT(63) (device: 0001:01:00.0)
[2026-04-13 12:16:33.331] [36193] [HailoRT] [info] [edge_elements.cpp:396] [run_pull] Reading from stream was aborted!
[2026-04-13 12:16:33.331] [36194] [HailoRT] [info] [edge_elements.cpp:396] [run_pull] Reading from stream was aborted!
[2026-04-13 12:16:33.331] [36193] [HailoRT] [info] [queue_elements.cpp:738] [run_in_thread] run_pull of queue element PullQEl_nms13yolov11n/conv65_143 was aborted!
[2026-04-13 12:16:33.331] [36194] [HailoRT] [info] [queue_elements.cpp:738] [run_in_thread] run_pull of queue element PullQEl_nms1yolov11n/conv77_143 was aborted!
[2026-04-13 12:16:33.331] [36190] [HailoRT] [info] [vdevice_native_stream.cpp:331] [read_impl] Failed read from stream HAILO_STREAM_ABORT(63) (device: 0001:01:00.0)
[2026-04-13 12:16:33.331] [36190] [HailoRT] [info] [edge_elements.cpp:396] [run_pull] Reading from stream was aborted!
[2026-04-13 12:16:33.331] [36189] [HailoRT] [info] [vdevice_native_stream.cpp:142] [write_impl] Failed write to stream yolov11n/input_layer1 (device: 0001:01:00.0) with status=HAILO_STREAM_ABORT(63)
[2026-04-13 12:16:33.331] [36190] [HailoRT] [info] [queue_elements.cpp:738] [run_in_thread] run_pull of queue element PullQEl_nms3yolov11n/conv51_143 was aborted!
[2026-04-13 12:16:33.331] [36189] [HailoRT] [info] [edge_elements.cpp:87] [run_push] Failed to send on input stream InputStream(index=8, name=yolov11n/input_layer1) because stream was aborted
[2026-04-13 12:16:33.331] [36192] [HailoRT] [info] [vdevice_native_stream.cpp:331] [read_impl] Failed read from stream HAILO_STREAM_ABORT(63) (device: 0001:01:00.0)
[2026-04-13 12:16:33.331] [36192] [HailoRT] [info] [edge_elements.cpp:396] [run_pull] Reading from stream was aborted!
[2026-04-13 12:16:33.331] [36189] [HailoRT] [info] [queue_elements.cpp:401] [run_in_thread] run_push of PushQEl8yolov11n/input_layer1 was aborted!
[2026-04-13 12:16:33.331] [36192] [HailoRT] [info] [queue_elements.cpp:738] [run_in_thread] run_pull of queue element PullQEl_nms15yolov11n/conv62_143 was aborted!
[2026-04-13 12:16:33.331] [36200] [HailoRT] [info] [vstream.cpp:774] [write] Sending to VStream was shutdown!
[2026-04-13 12:16:33.331] [36200] [HailoRT] [info] [vstream.cpp:778] [write] Sending to VStream was aborted!
[2026-04-13 12:16:33.331] [36199] [HailoRT] [info] [queue_elements.cpp:706] [run_pull] Shutdown event was signaled in dequeue of queue element PullQEl_nms3yolov11n/conv51_143!
[2026-04-13 12:16:33.331] [36199] [HailoRT] [info] [vstream.cpp:1138] [read] Receiving to VStream was shutdown!
[2026-04-13 12:16:33.331] [36191] [HailoRT] [info] [vdevice_native_stream.cpp:331] [read_impl] Failed read from stream HAILO_STREAM_ABORT(63) (device: 0001:01:00.0)
[2026-04-13 12:16:33.331] [36191] [HailoRT] [info] [edge_elements.cpp:396] [run_pull] Reading from stream was aborted!
[2026-04-13 12:16:33.331] [36195] [HailoRT] [info] [vdevice_native_stream.cpp:331] [read_impl] Failed read from stream HAILO_STREAM_ABORT(63) (device: 0001:01:00.0)
[2026-04-13 12:16:33.331] [36195] [HailoRT] [info] [edge_elements.cpp:396] [run_pull] Reading from stream was aborted!
[2026-04-13 12:16:33.331] [36191] [HailoRT] [info] [queue_elements.cpp:738] [run_in_thread] run_pull of queue element PullQEl_nms12yolov11n/conv54_143 was aborted!
[2026-04-13 12:16:33.331] [36195] [HailoRT] [info] [queue_elements.cpp:738] [run_in_thread] run_pull of queue element PullQEl_nms0yolov11n/conv80_143 was aborted!
[2026-04-13 12:16:33.363] [33221] [HailoRT] [info] [queue_elements.cpp:360] [execute_deactivate] enqueue() in element PushQEl8yolov11n/input_layer1 was aborted, got status = HAILO_SHUTDOWN_EVENT_SIGNALED(57)
[2026-04-13 12:16:33.363] [36189] [HailoRT] [info] [queue_elements.cpp:68] [operator()] Thread in element PushQEl8yolov11n/input_layer1 is not running anymore, exiting..
[2026-04-13 12:16:33.363] [33221] [HailoRT] [info] [queue_elements.cpp:46] [~BaseQueueElement] Queue element PushQEl8yolov11n/input_layer1 has 1 frames in his Queue on destruction
[2026-04-13 12:16:33.364] [36196] [HailoRT] [info] [queue_elements.cpp:68] [operator()] Thread in element UserBufQEl_post_infer0yolov11n/yolov8_nms_postprocess is not running anymore, exiting..
[2026-04-13 12:16:33.364] [33221] [HailoRT] [info] [queue_elements.cpp:46] [~BaseQueueElement] Queue element UserBufQEl_post_infer0yolov11n/yolov8_nms_postprocess has 0 frames in his Queue on destruction
[2026-04-13 12:16:33.364] [36195] [HailoRT] [info] [queue_elements.cpp:68] [operator()] Thread in element PullQEl_nms0yolov11n/conv80_143 is not running anymore, exiting..
[2026-04-13 12:16:33.364] [33221] [HailoRT] [info] [queue_elements.cpp:46] [~BaseQueueElement] Queue element PullQEl_nms0yolov11n/conv80_143 has 0 frames in his Queue on destruction
[2026-04-13 12:16:33.364] [36194] [HailoRT] [info] [queue_elements.cpp:68] [operator()] Thread in element PullQEl_nms1yolov11n/conv77_143 is not running anymore, exiting..
[2026-04-13 12:16:33.364] [33221] [HailoRT] [info] [queue_elements.cpp:46] [~BaseQueueElement] Queue element PullQEl_nms1yolov11n/conv77_143 has 0 frames in his Queue on destruction
[2026-04-13 12:16:33.364] [36193] [HailoRT] [info] [queue_elements.cpp:68] [operator()] Thread in element PullQEl_nms13yolov11n/conv65_143 is not running anymore, exiting..
[2026-04-13 12:16:33.364] [33221] [HailoRT] [info] [queue_elements.cpp:46] [~BaseQueueElement] Queue element PullQEl_nms13yolov11n/conv65_143 has 0 frames in his Queue on destruction
[2026-04-13 12:16:33.364] [36192] [HailoRT] [info] [queue_elements.cpp:68] [operator()] Thread in element PullQEl_nms15yolov11n/conv62_143 is not running anymore, exiting..
[2026-04-13 12:16:33.364] [33221] [HailoRT] [info] [queue_elements.cpp:46] [~BaseQueueElement] Queue element PullQEl_nms15yolov11n/conv62_143 has 0 frames in his Queue on destruction
[2026-04-13 12:16:33.364] [36191] [HailoRT] [info] [queue_elements.cpp:68] [operator()] Thread in element PullQEl_nms12yolov11n/conv54_143 is not running anymore, exiting..
[2026-04-13 12:16:33.364] [33221] [HailoRT] [info] [queue_elements.cpp:46] [~BaseQueueElement] Queue element PullQEl_nms12yolov11n/conv54_143 has 0 frames in his Queue on destruction
[2026-04-13 12:16:33.364] [36190] [HailoRT] [info] [queue_elements.cpp:68] [operator()] Thread in element PullQEl_nms3yolov11n/conv51_143 is not running anymore, exiting..
[2026-04-13 12:16:33.364] [33221] [HailoRT] [info] [queue_elements.cpp:46] [~BaseQueueElement] Queue element PullQEl_nms3yolov11n/conv51_143 has 0 frames in his Queue on destruction
[2026-04-13 12:16:33.364] [33221] [HailoRT] [info] [core_op.cpp:186] [deactivate] Deactivating took 0.010407 ms
[2026-04-13 12:16:33.364] [33221] [HailoRT] [info] [core_op.cpp:186] [deactivate] Deactivating took 0.022037 ms
[2026-04-13 12:16:33.413] [33221] [HailoRT] [info] [vdevice.cpp:535] [create] Creating vdevice with params: device_count: 1, scheduling_algorithm: NONE, multi_process_service: false
[2026-04-13 12:16:33.413] [33221] [HailoRT] [info] [device.cpp:51] [Device] OS Version: Linux 6.12.62+rpt-rpi-2712 #1 SMP PREEMPT Debian 1:6.12.62-1+rpt1 (2025-12-18) aarch64
[2026-04-13 12:16:33.414] [33221] [HailoRT] [info] [control.cpp:113] [control__parse_identify_results] firmware_version is: 4.23.0
[2026-04-13 12:16:33.414] [33221] [HailoRT] [info] [vdevice.cpp:682] [create] VDevice Infos: 0001:01:00.0
[2026-04-13 12:16:33.422] [33221] [HailoRT] [info] [internal_buffer_manager.cpp:77] [print_execution_results] Planned internal buffer memory: CMA=0 CMA-Desc=327680 Pinned=1180160. memory to edge layer usage factor is 1
[2026-04-13 12:16:33.422] [33221] [HailoRT] [info] [internal_buffer_manager.cpp:86] [print_execution_results] Default Internal buffer planner executed successfully
[2026-04-13 12:16:33.464] [33221] [HailoRT] [info] [device_internal.cpp:57] [configure] Configuring HEF took 49.200794 milliseconds
[2026-04-13 12:16:33.464] [33221] [HailoRT] [info] [vdevice.cpp:780] [configure] Configuring HEF on VDevice took 49.608365 milliseconds
[2026-04-13 12:16:33.464] [33221] [HailoRT] [info] [control.cpp:113] [control__parse_identify_results] firmware_version is: 4.23.0
[2026-04-13 12:16:33.464] [33221] [HailoRT] [info] [control.cpp:113] [control__parse_identify_results] firmware_version is: 4.23.0
[2026-04-13 12:16:33.466] [33221] [HailoRT] [info] [core_op.cpp:156] [activate] Activating yolov11n took 1.057158 milliseconds. Note that the function is asynchronous and thus the network is not fully activated yet.
[2026-04-13 12:16:33.466] [33221] [HailoRT] [info] [core_op.cpp:156] [activate] Activating yolov11n took 1.094843 milliseconds. Note that the function is asynchronous and thus the network is not fully activated yet.
[2026-04-13 12:16:33.479] [33221] [HailoRT] [info] [control.cpp:113] [control__parse_identify_results] firmware_version is: 4.23.0
[2026-04-13 12:16:33.479] [33221] [HailoRT] [info] [control.cpp:113] [control__parse_identify_results] firmware_version is: 4.23.0
[2026-04-13 12:16:33.479] [33221] [HailoRT] [info] [edge_elements.cpp:52] [create] Created (HwWriteEl8yolov11n/input_layer1 | hw_frame_size: 1228800)
[2026-04-13 12:16:33.480] [33221] [HailoRT] [info] [queue_elements.cpp:284] [create] Created (PushQEl8yolov11n/input_layer1 | timeout: 10s)
[2026-04-13 12:16:33.480] [33221] [HailoRT] [info] [filter_elements.cpp:101] [create] Created (PreInferEl8yolov11n/input_layer1 | Reorder - src_order: NHWC, src_shape: (640, 640, 3), dst_order: NHCW, dst_shape: (640, 640, 3))
[2026-04-13 12:16:33.480] [33221] [HailoRT] [info] [vstream.cpp:754] [InputVStreamImpl] Creating yolov11n/input_layer1...
[2026-04-13 12:16:33.480] [33221] [HailoRT] [info] [vstream_builder.cpp:102] [create_inputs] Input pipeline 'yolov11n/input_layer1': (PreInferEl8yolov11n/input_layer1 | Reorder - src_order: NHWC, src_shape: (640, 640, 3), dst_order: NHCW, dst_shape: (640, 640, 3)) >> (PushQEl8yolov11n/input_layer1 | timeout: 10s) >> (HwWriteEl8yolov11n/input_layer1 | hw_frame_size: 1228800) >> HW
[2026-04-13 12:16:33.480] [33221] [HailoRT] [info] [multi_io_elements.cpp:135] [create] Created (NmsPPMuxEl0YOLOV8-Post-Process | Op YOLOV8, Name: YOLOV8-Post-Process, Score threshold: 0.200, IoU threshold: 0.70, Classes: 80, Max bboxes per class: 100, Image height: 640, Image width: 640)
[2026-04-13 12:16:33.480] [33221] [HailoRT] [info] [edge_elements.cpp:287] [create] Created (HwReadEl3yolov11n/conv51_143 | hw_frame_size: 409600)
[2026-04-13 12:16:33.480] [33221] [HailoRT] [info] [queue_elements.cpp:657] [create] Created (PullQEl_nms3yolov11n/conv51_143 | timeout: 10s)
[2026-04-13 12:16:33.480] [33221] [HailoRT] [info] [edge_elements.cpp:287] [create] Created (HwReadEl12yolov11n/conv54_143 | hw_frame_size: 512000)
[2026-04-13 12:16:33.480] [33221] [HailoRT] [info] [queue_elements.cpp:657] [create] Created (PullQEl_nms12yolov11n/conv54_143 | timeout: 10s)
[2026-04-13 12:16:33.480] [33221] [HailoRT] [info] [edge_elements.cpp:287] [create] Created (HwReadEl15yolov11n/conv62_143 | hw_frame_size: 102400)
[2026-04-13 12:16:33.480] [33221] [HailoRT] [info] [queue_elements.cpp:657] [create] Created (PullQEl_nms15yolov11n/conv62_143 | timeout: 10s)
[2026-04-13 12:16:33.480] [33221] [HailoRT] [info] [edge_elements.cpp:287] [create] Created (HwReadEl13yolov11n/conv65_143 | hw_frame_size: 128000)
[2026-04-13 12:16:33.480] [33221] [HailoRT] [info] [queue_elements.cpp:657] [create] Created (PullQEl_nms13yolov11n/conv65_143 | timeout: 10s)
[2026-04-13 12:16:33.480] [33221] [HailoRT] [info] [edge_elements.cpp:287] [create] Created (HwReadEl1yolov11n/conv77_143 | hw_frame_size: 30720)
[2026-04-13 12:16:33.480] [33221] [HailoRT] [info] [queue_elements.cpp:657] [create] Created (PullQEl_nms1yolov11n/conv77_143 | timeout: 10s)
[2026-04-13 12:16:33.480] [33221] [HailoRT] [info] [edge_elements.cpp:287] [create] Created (HwReadEl0yolov11n/conv80_143 | hw_frame_size: 38400)
[2026-04-13 12:16:33.480] [33221] [HailoRT] [info] [queue_elements.cpp:657] [create] Created (PullQEl_nms0yolov11n/conv80_143 | timeout: 10s)
[2026-04-13 12:16:33.480] [33221] [HailoRT] [info] [queue_elements.cpp:800] [create] Created (UserBufQEl_post_infer0yolov11n/yolov8_nms_postprocess | timeout: 10s)
[2026-04-13 12:16:33.480] [33221] [HailoRT] [info] [vstream.cpp:1114] [OutputVStreamImpl] Creating yolov11n/yolov8_nms_postprocess...
[2026-04-13 12:16:33.480] [33221] [HailoRT] [info] [vstream_builder.cpp:622] [create_output_post_process_nms] Output pipeline 'yolov11n/yolov8_nms_postprocess': HW >> (HwReadEl3yolov11n/conv51_143 | hw_frame_size: 409600) >> (PullQEl_nms3yolov11n/conv51_143) >> (HwReadEl12yolov11n/conv54_143 | hw_frame_size: 512000) >> (PullQEl_nms12yolov11n/conv54_143) >> (HwReadEl15yolov11n/conv62_143 | hw_frame_size: 102400) >> (PullQEl_nms15yolov11n/conv62_143) >> (HwReadEl13yolov11n/conv65_143 | hw_frame_size: 128000) >> (PullQEl_nms13yolov11n/conv65_143) >> (HwReadEl1yolov11n/conv77_143 | hw_frame_size: 30720) >> (PullQEl_nms1yolov11n/conv77_143) >> (HwReadEl0yolov11n/conv80_143 | hw_frame_size: 38400) >> (PullQEl_nms0yolov11n/conv80_143) >> (NmsPPMuxEl0YOLOV8-Post-Process | Op YOLOV8, Name: YOLOV8-Post-Process, Score threshold: 0.200, IoU threshold: 0.70, Classes: 80, Max bboxes per class: 100, Image height: 640, Image width: 640) >> (UserBufQEl_post_infer0yolov11n/yolov8_nms_postprocess | timeout: 10s)
[2026-04-13 12:21:33.481] [39291] [HailoRT] [info] [vdevice_native_stream.cpp:331] [read_impl] Failed read from stream HAILO_STREAM_ABORT(63) (device: 0001:01:00.0)
[2026-04-13 12:21:33.481] [39292] [HailoRT] [info] [vdevice_native_stream.cpp:331] [read_impl] Failed read from stream HAILO_STREAM_ABORT(63) (device: 0001:01:00.0)
[2026-04-13 12:21:33.481] [39291] [HailoRT] [info] [edge_elements.cpp:396] [run_pull] Reading from stream was aborted!
[2026-04-13 12:21:33.481] [39292] [HailoRT] [info] [edge_elements.cpp:396] [run_pull] Reading from stream was aborted!
[2026-04-13 12:21:33.481] [39292] [HailoRT] [info] [queue_elements.cpp:738] [run_in_thread] run_pull of queue element PullQEl_nms0yolov11n/conv80_143 was aborted!
[2026-04-13 12:21:33.481] [39288] [HailoRT] [info] [vdevice_native_stream.cpp:331] [read_impl] Failed read from stream HAILO_STREAM_ABORT(63) (device: 0001:01:00.0)
[2026-04-13 12:21:33.481] [39287] [HailoRT] [info] [vdevice_native_stream.cpp:331] [read_impl] Failed read from stream HAILO_STREAM_ABORT(63) (device: 0001:01:00.0)
[2026-04-13 12:21:33.481] [39288] [HailoRT] [info] [edge_elements.cpp:396] [run_pull] Reading from stream was aborted!
[2026-04-13 12:21:33.481] [39289] [HailoRT] [info] [vdevice_native_stream.cpp:331] [read_impl] Failed read from stream HAILO_STREAM_ABORT(63) (device: 0001:01:00.0)
[2026-04-13 12:21:33.481] [39291] [HailoRT] [info] [queue_elements.cpp:738] [run_in_thread] run_pull of queue element PullQEl_nms1yolov11n/conv77_143 was aborted!
[2026-04-13 12:21:33.481] [39288] [HailoRT] [info] [queue_elements.cpp:738] [run_in_thread] run_pull of queue element PullQEl_nms12yolov11n/conv54_143 was aborted!
[2026-04-13 12:21:33.481] [39287] [HailoRT] [info] [edge_elements.cpp:396] [run_pull] Reading from stream was aborted!
[2026-04-13 12:21:33.481] [39289] [HailoRT] [info] [edge_elements.cpp:396] [run_pull] Reading from stream was aborted!
[2026-04-13 12:21:33.481] [39290] [HailoRT] [info] [vdevice_native_stream.cpp:331] [read_impl] Failed read from stream HAILO_STREAM_ABORT(63) (device: 0001:01:00.0)
[2026-04-13 12:21:33.481] [39287] [HailoRT] [info] [queue_elements.cpp:738] [run_in_thread] run_pull of queue element PullQEl_nms3yolov11n/conv51_143 was aborted!
[2026-04-13 12:21:33.481] [39290] [HailoRT] [info] [edge_elements.cpp:396] [run_pull] Reading from stream was aborted!
[2026-04-13 12:21:33.481] [39289] [HailoRT] [info] [queue_elements.cpp:738] [run_in_thread] run_pull of queue element PullQEl_nms15yolov11n/conv62_143 was aborted!
[2026-04-13 12:21:33.481] [39290] [HailoRT] [info] [queue_elements.cpp:738] [run_in_thread] run_pull of queue element PullQEl_nms13yolov11n/conv65_143 was aborted!
[2026-04-13 12:21:33.481] [39296] [HailoRT] [info] [queue_elements.cpp:706] [run_pull] Shutdown event was signaled in dequeue of queue element PullQEl_nms3yolov11n/conv51_143!
[2026-04-13 12:21:33.481] [39296] [HailoRT] [info] [vstream.cpp:1138] [read] Receiving to VStream was shutdown!
[2026-04-13 12:21:33.482] [39286] [HailoRT] [info] [vdevice_native_stream.cpp:142] [write_impl] Failed write to stream yolov11n/input_layer1 (device: 0001:01:00.0) with status=HAILO_STREAM_ABORT(63)
[2026-04-13 12:21:33.482] [39286] [HailoRT] [info] [edge_elements.cpp:87] [run_push] Failed to send on input stream InputStream(index=8, name=yolov11n/input_layer1) because stream was aborted
[2026-04-13 12:21:33.482] [39286] [HailoRT] [info] [queue_elements.cpp:401] [run_in_thread] run_push of PushQEl8yolov11n/input_layer1 was aborted!
[2026-04-13 12:21:33.483] [39297] [HailoRT] [info] [queue_elements.cpp:319] [run_push] run_push of PushQEl8yolov11n/input_layer1 was aborted!
[2026-04-13 12:21:33.483] [39297] [HailoRT] [info] [filter_elements.cpp:35] [run_push] run_push of PreInferEl8yolov11n/input_layer1 was aborted!
[2026-04-13 12:21:33.483] [39297] [HailoRT] [info] [vstream.cpp:778] [write] Sending to VStream was aborted!
[2026-04-13 12:21:33.484] [33221] [HailoRT] [info] [queue_elements.cpp:360] [execute_deactivate] enqueue() in element PushQEl8yolov11n/input_layer1 was aborted, got status = HAILO_SHUTDOWN_EVENT_SIGNALED(57)
[2026-04-13 12:21:33.484] [39286] [HailoRT] [info] [queue_elements.cpp:68] [operator()] Thread in element PushQEl8yolov11n/input_layer1 is not running anymore, exiting..
[2026-04-13 12:21:33.484] [33221] [HailoRT] [info] [queue_elements.cpp:46] [~BaseQueueElement] Queue element PushQEl8yolov11n/input_layer1 has 0 frames in his Queue on destruction
[2026-04-13 12:21:33.484] [39293] [HailoRT] [info] [queue_elements.cpp:68] [operator()] Thread in element UserBufQEl_post_infer0yolov11n/yolov8_nms_postprocess is not running anymore, exiting..
[2026-04-13 12:21:33.484] [33221] [HailoRT] [info] [queue_elements.cpp:46] [~BaseQueueElement] Queue element UserBufQEl_post_infer0yolov11n/yolov8_nms_postprocess has 0 frames in his Queue on destruction
[2026-04-13 12:21:33.484] [39292] [HailoRT] [info] [queue_elements.cpp:68] [operator()] Thread in element PullQEl_nms0yolov11n/conv80_143 is not running anymore, exiting..
[2026-04-13 12:21:33.484] [33221] [HailoRT] [info] [queue_elements.cpp:46] [~BaseQueueElement] Queue element PullQEl_nms0yolov11n/conv80_143 has 0 frames in his Queue on destruction
[2026-04-13 12:21:33.484] [39291] [HailoRT] [info] [queue_elements.cpp:68] [operator()] Thread in element PullQEl_nms1yolov11n/conv77_143 is not running anymore, exiting..
[2026-04-13 12:21:33.484] [33221] [HailoRT] [info] [queue_elements.cpp:46] [~BaseQueueElement] Queue element PullQEl_nms1yolov11n/conv77_143 has 0 frames in his Queue on destruction
[2026-04-13 12:21:33.484] [39290] [HailoRT] [info] [queue_elements.cpp:68] [operator()] Thread in element PullQEl_nms13yolov11n/conv65_143 is not running anymore, exiting..
[2026-04-13 12:21:33.484] [33221] [HailoRT] [info] [queue_elements.cpp:46] [~BaseQueueElement] Queue element PullQEl_nms13yolov11n/conv65_143 has 0 frames in his Queue on destruction
[2026-04-13 12:21:33.484] [39289] [HailoRT] [info] [queue_elements.cpp:68] [operator()] Thread in element PullQEl_nms15yolov11n/conv62_143 is not running anymore, exiting..
[2026-04-13 12:21:33.484] [33221] [HailoRT] [info] [queue_elements.cpp:46] [~BaseQueueElement] Queue element PullQEl_nms15yolov11n/conv62_143 has 0 frames in his Queue on destruction
[2026-04-13 12:21:33.484] [39288] [HailoRT] [info] [queue_elements.cpp:68] [operator()] Thread in element PullQEl_nms12yolov11n/conv54_143 is not running anymore, exiting..
[2026-04-13 12:21:33.484] [33221] [HailoRT] [info] [queue_elements.cpp:46] [~BaseQueueElement] Queue element PullQEl_nms12yolov11n/conv54_143 has 0 frames in his Queue on destruction
[2026-04-13 12:21:33.484] [39287] [HailoRT] [info] [queue_elements.cpp:68] [operator()] Thread in element PullQEl_nms3yolov11n/conv51_143 is not running anymore, exiting..
[2026-04-13 12:21:33.484] [33221] [HailoRT] [info] [queue_elements.cpp:46] [~BaseQueueElement] Queue element PullQEl_nms3yolov11n/conv51_143 has 0 frames in his Queue on destruction
[2026-04-13 12:21:33.484] [33221] [HailoRT] [info] [core_op.cpp:186] [deactivate] Deactivating took 0.011389 ms
[2026-04-13 12:21:33.484] [33221] [HailoRT] [info] [core_op.cpp:186] [deactivate] Deactivating took 0.021278 ms
[2026-04-13 12:28:12.365] [43952] [HailoRT] [info] [vdevice.cpp:535] [create] Creating vdevice with params: device_count: 1, scheduling_algorithm: NONE, multi_process_service: false
[2026-04-13 12:28:12.379] [43952] [HailoRT] [info] [device.cpp:51] [Device] OS Version: Linux 6.12.62+rpt-rpi-2712 #1 SMP PREEMPT Debian 1:6.12.62-1+rpt1 (2025-12-18) aarch64
[2026-04-13 12:28:12.379] [43952] [HailoRT] [info] [control.cpp:113] [control__parse_identify_results] firmware_version is: 4.23.0
[2026-04-13 12:28:12.379] [43952] [HailoRT] [info] [vdevice.cpp:682] [create] VDevice Infos: 0001:01:00.0
[2026-04-13 12:28:12.387] [43952] [HailoRT] [info] [internal_buffer_manager.cpp:77] [print_execution_results] Planned internal buffer memory: CMA=0 CMA-Desc=327680 Pinned=1180160. memory to edge layer usage factor is 1
[2026-04-13 12:28:12.387] [43952] [HailoRT] [info] [internal_buffer_manager.cpp:86] [print_execution_results] Default Internal buffer planner executed successfully
[2026-04-13 12:28:12.421] [43952] [HailoRT] [info] [device_internal.cpp:57] [configure] Configuring HEF took 41.851515 milliseconds
[2026-04-13 12:28:12.421] [43952] [HailoRT] [info] [vdevice.cpp:780] [configure] Configuring HEF on VDevice took 42.227864 milliseconds
[2026-04-13 12:28:12.422] [43952] [HailoRT] [info] [control.cpp:113] [control__parse_identify_results] firmware_version is: 4.23.0
[2026-04-13 12:28:12.422] [43952] [HailoRT] [info] [control.cpp:113] [control__parse_identify_results] firmware_version is: 4.23.0
[2026-04-13 12:28:12.423] [43952] [HailoRT] [info] [core_op.cpp:156] [activate] Activating yolov11n took 0.66957 milliseconds. Note that the function is asynchronous and thus the network is not fully activated yet.
[2026-04-13 12:28:12.423] [43952] [HailoRT] [info] [core_op.cpp:156] [activate] Activating yolov11n took 0.680366 milliseconds. Note that the function is asynchronous and thus the network is not fully activated yet.
[2026-04-13 12:28:12.436] [43952] [HailoRT] [info] [control.cpp:113] [control__parse_identify_results] firmware_version is: 4.23.0
[2026-04-13 12:28:12.436] [43952] [HailoRT] [info] [control.cpp:113] [control__parse_identify_results] firmware_version is: 4.23.0
[2026-04-13 12:28:13.618] [43944] [HailoRT] [info] [device.cpp:51] [Device] OS Version: Linux 6.12.62+rpt-rpi-2712 #1 SMP PREEMPT Debian 1:6.12.62-1+rpt1 (2025-12-18) aarch64
[2026-04-13 12:28:13.618] [43944] [HailoRT] [info] [control.cpp:113] [control__parse_identify_results] firmware_version is: 4.23.0
[2026-04-13 12:28:13.618] [43944] [HailoRT] [info] [control.cpp:113] [control__parse_identify_results] firmware_version is: 4.23.0
[2026-04-13 12:33:12.437] [43967] [HailoRT] [info] [vdevice_native_stream.cpp:142] [write_impl] Failed write to stream yolov11n/input_layer1 (device: 0001:01:00.0) with status=HAILO_STREAM_ABORT(63)
[2026-04-13 12:33:12.437] [43962] [HailoRT] [info] [vdevice_native_stream.cpp:331] [read_impl] Failed read from stream HAILO_STREAM_ABORT(63) (device: 0001:01:00.0)
[2026-04-13 12:33:12.437] [43966] [HailoRT] [info] [vdevice_native_stream.cpp:331] [read_impl] Failed read from stream HAILO_STREAM_ABORT(63) (device: 0001:01:00.0)
[2026-04-13 12:33:12.437] [43965] [HailoRT] [info] [vdevice_native_stream.cpp:331] [read_impl] Failed read from stream HAILO_STREAM_ABORT(63) (device: 0001:01:00.0)
[2026-04-13 12:33:12.437] [43963] [HailoRT] [info] [vdevice_native_stream.cpp:331] [read_impl] Failed read from stream HAILO_STREAM_ABORT(63) (device: 0001:01:00.0)
[2026-04-13 12:33:12.437] [43961] [HailoRT] [info] [vdevice_native_stream.cpp:331] [read_impl] Failed read from stream HAILO_STREAM_ABORT(63) (device: 0001:01:00.0)
[2026-04-13 12:33:12.437] [43964] [HailoRT] [info] [vdevice_native_stream.cpp:331] [read_impl] Failed read from stream HAILO_STREAM_ABORT(63) (device: 0001:01:00.0)
[2026-04-13 12:33:12.442] [43952] [HailoRT] [info] [core_op.cpp:186] [deactivate] Deactivating took 0.007204 ms
[2026-04-13 12:33:12.442] [43952] [HailoRT] [info] [core_op.cpp:186] [deactivate] Deactivating took 0.023556 ms
[2026-04-13 12:33:12.473] [43952] [HailoRT] [info] [vdevice.cpp:535] [create] Creating vdevice with params: device_count: 1, scheduling_algorithm: NONE, multi_process_service: false
[2026-04-13 12:33:12.473] [43952] [HailoRT] [info] [device.cpp:51] [Device] OS Version: Linux 6.12.62+rpt-rpi-2712 #1 SMP PREEMPT Debian 1:6.12.62-1+rpt1 (2025-12-18) aarch64
[2026-04-13 12:33:12.473] [43952] [HailoRT] [info] [control.cpp:113] [control__parse_identify_results] firmware_version is: 4.23.0
[2026-04-13 12:33:12.473] [43952] [HailoRT] [info] [vdevice.cpp:682] [create] VDevice Infos: 0001:01:00.0
[2026-04-13 12:33:12.480] [43952] [HailoRT] [info] [internal_buffer_manager.cpp:77] [print_execution_results] Planned internal buffer memory: CMA=0 CMA-Desc=327680 Pinned=1180160. memory to edge layer usage factor is 1
[2026-04-13 12:33:12.480] [43952] [HailoRT] [info] [internal_buffer_manager.cpp:86] [print_execution_results] Default Internal buffer planner executed successfully
[2026-04-13 12:33:12.520] [43952] [HailoRT] [info] [device_internal.cpp:57] [configure] Configuring HEF took 46.421802 milliseconds
[2026-04-13 12:33:12.520] [43952] [HailoRT] [info] [vdevice.cpp:780] [configure] Configuring HEF on VDevice took 46.814226 milliseconds
[2026-04-13 12:33:12.520] [43952] [HailoRT] [info] [control.cpp:113] [control__parse_identify_results] firmware_version is: 4.23.0
[2026-04-13 12:33:12.521] [43952] [HailoRT] [info] [control.cpp:113] [control__parse_identify_results] firmware_version is: 4.23.0
[2026-04-13 12:33:12.522] [43952] [HailoRT] [info] [core_op.cpp:156] [activate] Activating yolov11n took 0.819162 milliseconds. Note that the function is asynchronous and thus the network is not fully activated yet.
[2026-04-13 12:33:12.522] [43952] [HailoRT] [info] [core_op.cpp:156] [activate] Activating yolov11n took 0.828699 milliseconds. Note that the function is asynchronous and thus the network is not fully activated yet.
[2026-04-13 12:33:12.541] [43952] [HailoRT] [info] [control.cpp:113] [control__parse_identify_results] firmware_version is: 4.23.0
[2026-04-13 12:33:12.542] [43952] [HailoRT] [info] [control.cpp:113] [control__parse_identify_results] firmware_version is: 4.23.0
[2026-04-13 12:33:12.542] [43952] [HailoRT] [info] [edge_elements.cpp:52] [create] Created (HwWriteEl8yolov11n/input_layer1 | hw_frame_size: 1228800)
[2026-04-13 12:33:12.542] [43952] [HailoRT] [info] [queue_elements.cpp:284] [create] Created (PushQEl8yolov11n/input_layer1 | timeout: 10s)
[2026-04-13 12:33:12.542] [43952] [HailoRT] [info] [filter_elements.cpp:101] [create] Created (PreInferEl8yolov11n/input_layer1 | Reorder - src_order: NHWC, src_shape: (640, 640, 3), dst_order: NHCW, dst_shape: (640, 640, 3))
[2026-04-13 12:33:12.542] [43952] [HailoRT] [info] [vstream.cpp:754] [InputVStreamImpl] Creating yolov11n/input_layer1...
[2026-04-13 12:33:12.542] [43952] [HailoRT] [info] [vstream_builder.cpp:102] [create_inputs] Input pipeline 'yolov11n/input_layer1': (PreInferEl8yolov11n/input_layer1 | Reorder - src_order: NHWC, src_shape: (640, 640, 3), dst_order: NHCW, dst_shape: (640, 640, 3)) >> (PushQEl8yolov11n/input_layer1 | timeout: 10s) >> (HwWriteEl8yolov11n/input_layer1 | hw_frame_size: 1228800) >> HW
[2026-04-13 12:33:12.542] [43952] [HailoRT] [info] [multi_io_elements.cpp:135] [create] Created (NmsPPMuxEl0YOLOV8-Post-Process | Op YOLOV8, Name: YOLOV8-Post-Process, Score threshold: 0.200, IoU threshold: 0.70, Classes: 80, Max bboxes per class: 100, Image height: 640, Image width: 640)
[2026-04-13 12:33:12.542] [43952] [HailoRT] [info] [edge_elements.cpp:287] [create] Created (HwReadEl3yolov11n/conv51_143 | hw_frame_size: 409600)
[2026-04-13 12:33:12.543] [43952] [HailoRT] [info] [queue_elements.cpp:657] [create] Created (PullQEl_nms3yolov11n/conv51_143 | timeout: 10s)
[2026-04-13 12:33:12.543] [43952] [HailoRT] [info] [edge_elements.cpp:287] [create] Created (HwReadEl12yolov11n/conv54_143 | hw_frame_size: 512000)
[2026-04-13 12:33:12.543] [43952] [HailoRT] [info] [queue_elements.cpp:657] [create] Created (PullQEl_nms12yolov11n/conv54_143 | timeout: 10s)
[2026-04-13 12:33:12.543] [43952] [HailoRT] [info] [edge_elements.cpp:287] [create] Created (HwReadEl15yolov11n/conv62_143 | hw_frame_size: 102400)
[2026-04-13 12:33:12.543] [43952] [HailoRT] [info] [queue_elements.cpp:657] [create] Created (PullQEl_nms15yolov11n/conv62_143 | timeout: 10s)
[2026-04-13 12:33:12.543] [43952] [HailoRT] [info] [edge_elements.cpp:287] [create] Created (HwReadEl13yolov11n/conv65_143 | hw_frame_size: 128000)
[2026-04-13 12:33:12.543] [43952] [HailoRT] [info] [queue_elements.cpp:657] [create] Created (PullQEl_nms13yolov11n/conv65_143 | timeout: 10s)
[2026-04-13 12:33:12.543] [43952] [HailoRT] [info] [edge_elements.cpp:287] [create] Created (HwReadEl1yolov11n/conv77_143 | hw_frame_size: 30720)
[2026-04-13 12:33:12.544] [43952] [HailoRT] [info] [queue_elements.cpp:657] [create] Created (PullQEl_nms1yolov11n/conv77_143 | timeout: 10s)
[2026-04-13 12:33:12.544] [43952] [HailoRT] [info] [edge_elements.cpp:287] [create] Created (HwReadEl0yolov11n/conv80_143 | hw_frame_size: 38400)
[2026-04-13 12:33:12.544] [43952] [HailoRT] [info] [queue_elements.cpp:657] [create] Created (PullQEl_nms0yolov11n/conv80_143 | timeout: 10s)
[2026-04-13 12:33:12.544] [43952] [HailoRT] [info] [queue_elements.cpp:800] [create] Created (UserBufQEl_post_infer0yolov11n/yolov8_nms_postprocess | timeout: 10s)
[2026-04-13 12:33:12.544] [43952] [HailoRT] [info] [vstream.cpp:1114] [OutputVStreamImpl] Creating yolov11n/yolov8_nms_postprocess...
[2026-04-13 12:33:12.544] [43952] [HailoRT] [info] [vstream_builder.cpp:622] [create_output_post_process_nms] Output pipeline 'yolov11n/yolov8_nms_postprocess': HW >> (HwReadEl3yolov11n/conv51_143 | hw_frame_size: 409600) >> (PullQEl_nms3yolov11n/conv51_143) >> (HwReadEl12yolov11n/conv54_143 | hw_frame_size: 512000) >> (PullQEl_nms12yolov11n/conv54_143) >> (HwReadEl15yolov11n/conv62_143 | hw_frame_size: 102400) >> (PullQEl_nms15yolov11n/conv62_143) >> (HwReadEl13yolov11n/conv65_143 | hw_frame_size: 128000) >> (PullQEl_nms13yolov11n/conv65_143) >> (HwReadEl1yolov11n/conv77_143 | hw_frame_size: 30720) >> (PullQEl_nms1yolov11n/conv77_143) >> (HwReadEl0yolov11n/conv80_143 | hw_frame_size: 38400) >> (PullQEl_nms0yolov11n/conv80_143) >> (NmsPPMuxEl0YOLOV8-Post-Process | Op YOLOV8, Name: YOLOV8-Post-Process, Score threshold: 0.200, IoU threshold: 0.70, Classes: 80, Max bboxes per class: 100, Image height: 640, Image width: 640) >> (UserBufQEl_post_infer0yolov11n/yolov8_nms_postprocess | timeout: 10s)
[2026-04-13 12:38:12.544] [47159] [HailoRT] [info] [vdevice_native_stream.cpp:331] [read_impl] Failed read from stream HAILO_STREAM_ABORT(63) (device: 0001:01:00.0)
[2026-04-13 12:38:12.544] [47159] [HailoRT] [info] [edge_elements.cpp:396] [run_pull] Reading from stream was aborted!
[2026-04-13 12:38:12.544] [47158] [HailoRT] [info] [vdevice_native_stream.cpp:331] [read_impl] Failed read from stream HAILO_STREAM_ABORT(63) (device: 0001:01:00.0)
[2026-04-13 12:38:12.544] [47159] [HailoRT] [info] [queue_elements.cpp:738] [run_in_thread] run_pull of queue element PullQEl_nms13yolov11n/conv65_143 was aborted!
[2026-04-13 12:38:12.544] [47161] [HailoRT] [info] [vdevice_native_stream.cpp:331] [read_impl] Failed read from stream HAILO_STREAM_ABORT(63) (device: 0001:01:00.0)
[2026-04-13 12:38:12.544] [47161] [HailoRT] [info] [edge_elements.cpp:396] [run_pull] Reading from stream was aborted!
[2026-04-13 12:38:12.544] [47156] [HailoRT] [info] [vdevice_native_stream.cpp:331] [read_impl] Failed read from stream HAILO_STREAM_ABORT(63) (device: 0001:01:00.0)
[2026-04-13 12:38:12.544] [47156] [HailoRT] [info] [edge_elements.cpp:396] [run_pull] Reading from stream was aborted!
[2026-04-13 12:38:12.544] [47161] [HailoRT] [info] [queue_elements.cpp:738] [run_in_thread] run_pull of queue element PullQEl_nms0yolov11n/conv80_143 was aborted!
[2026-04-13 12:38:12.544] [47157] [HailoRT] [info] [vdevice_native_stream.cpp:331] [read_impl] Failed read from stream HAILO_STREAM_ABORT(63) (device: 0001:01:00.0)
[2026-04-13 12:38:12.544] [47157] [HailoRT] [info] [edge_elements.cpp:396] [run_pull] Reading from stream was aborted!
[2026-04-13 12:38:12.544] [47156] [HailoRT] [info] [queue_elements.cpp:738] [run_in_thread] run_pull of queue element PullQEl_nms3yolov11n/conv51_143 was aborted!
[2026-04-13 12:38:12.544] [47157] [HailoRT] [info] [queue_elements.cpp:738] [run_in_thread] run_pull of queue element PullQEl_nms12yolov11n/conv54_143 was aborted!
[2026-04-13 12:38:12.544] [47155] [HailoRT] [info] [vdevice_native_stream.cpp:142] [write_impl] Failed write to stream yolov11n/input_layer1 (device: 0001:01:00.0) with status=HAILO_STREAM_ABORT(63)
[2026-04-13 12:38:12.544] [47158] [HailoRT] [info] [edge_elements.cpp:396] [run_pull] Reading from stream was aborted!
[2026-04-13 12:38:12.544] [47165] [HailoRT] [info] [queue_elements.cpp:706] [run_pull] Shutdown event was signaled in dequeue of queue element PullQEl_nms3yolov11n/conv51_143!
[2026-04-13 12:38:12.544] [47155] [HailoRT] [info] [edge_elements.cpp:87] [run_push] Failed to send on input stream InputStream(index=8, name=yolov11n/input_layer1) because stream was aborted
[2026-04-13 12:38:12.544] [47165] [HailoRT] [info] [vstream.cpp:1138] [read] Receiving to VStream was shutdown!
[2026-04-13 12:38:12.544] [47155] [HailoRT] [info] [queue_elements.cpp:401] [run_in_thread] run_push of PushQEl8yolov11n/input_layer1 was aborted!
[2026-04-13 12:38:12.544] [47158] [HailoRT] [info] [queue_elements.cpp:738] [run_in_thread] run_pull of queue element PullQEl_nms15yolov11n/conv62_143 was aborted!
[2026-04-13 12:38:12.545] [47166] [HailoRT] [info] [vstream.cpp:774] [write] Sending to VStream was shutdown!
[2026-04-13 12:38:12.545] [47166] [HailoRT] [info] [vstream.cpp:778] [write] Sending to VStream was aborted!
[2026-04-13 12:38:12.545] [47160] [HailoRT] [info] [vdevice_native_stream.cpp:331] [read_impl] Failed read from stream HAILO_STREAM_ABORT(63) (device: 0001:01:00.0)
[2026-04-13 12:38:12.545] [47160] [HailoRT] [info] [edge_elements.cpp:396] [run_pull] Reading from stream was aborted!
[2026-04-13 12:38:12.545] [47160] [HailoRT] [info] [queue_elements.cpp:738] [run_in_thread] run_pull of queue element PullQEl_nms1yolov11n/conv77_143 was aborted!
[2026-04-13 12:38:12.576] [43952] [HailoRT] [info] [queue_elements.cpp:360] [execute_deactivate] enqueue() in element PushQEl8yolov11n/input_layer1 was aborted, got status = HAILO_SHUTDOWN_EVENT_SIGNALED(57)
[2026-04-13 12:38:12.577] [47155] [HailoRT] [info] [queue_elements.cpp:68] [operator()] Thread in element PushQEl8yolov11n/input_layer1 is not running anymore, exiting..
[2026-04-13 12:38:12.577] [43952] [HailoRT] [info] [queue_elements.cpp:46] [~BaseQueueElement] Queue element PushQEl8yolov11n/input_layer1 has 1 frames in his Queue on destruction
[2026-04-13 12:38:12.577] [47162] [HailoRT] [info] [queue_elements.cpp:68] [operator()] Thread in element UserBufQEl_post_infer0yolov11n/yolov8_nms_postprocess is not running anymore, exiting..
[2026-04-13 12:38:12.577] [43952] [HailoRT] [info] [queue_elements.cpp:46] [~BaseQueueElement] Queue element UserBufQEl_post_infer0yolov11n/yolov8_nms_postprocess has 0 frames in his Queue on destruction
[2026-04-13 12:38:12.577] [47161] [HailoRT] [info] [queue_elements.cpp:68] [operator()] Thread in element PullQEl_nms0yolov11n/conv80_143 is not running anymore, exiting..
[2026-04-13 12:38:12.577] [43952] [HailoRT] [info] [queue_elements.cpp:46] [~BaseQueueElement] Queue element PullQEl_nms0yolov11n/conv80_143 has 0 frames in his Queue on destruction
[2026-04-13 12:38:12.577] [47160] [HailoRT] [info] [queue_elements.cpp:68] [operator()] Thread in element PullQEl_nms1yolov11n/conv77_143 is not running anymore, exiting..
[2026-04-13 12:38:12.577] [43952] [HailoRT] [info] [queue_elements.cpp:46] [~BaseQueueElement] Queue element PullQEl_nms1yolov11n/conv77_143 has 0 frames in his Queue on destruction
[2026-04-13 12:38:12.577] [47159] [HailoRT] [info] [queue_elements.cpp:68] [operator()] Thread in element PullQEl_nms13yolov11n/conv65_143 is not running anymore, exiting..
[2026-04-13 12:38:12.577] [43952] [HailoRT] [info] [queue_elements.cpp:46] [~BaseQueueElement] Queue element PullQEl_nms13yolov11n/conv65_143 has 0 frames in his Queue on destruction
[2026-04-13 12:38:12.577] [47158] [HailoRT] [info] [queue_elements.cpp:68] [operator()] Thread in element PullQEl_nms15yolov11n/conv62_143 is not running anymore, exiting..
[2026-04-13 12:38:12.577] [43952] [HailoRT] [info] [queue_elements.cpp:46] [~BaseQueueElement] Queue element PullQEl_nms15yolov11n/conv62_143 has 0 frames in his Queue on destruction
[2026-04-13 12:38:12.577] [47157] [HailoRT] [info] [queue_elements.cpp:68] [operator()] Thread in element PullQEl_nms12yolov11n/conv54_143 is not running anymore, exiting..
[2026-04-13 12:38:12.577] [43952] [HailoRT] [info] [queue_elements.cpp:46] [~BaseQueueElement] Queue element PullQEl_nms12yolov11n/conv54_143 has 0 frames in his Queue on destruction
[2026-04-13 12:38:12.577] [47156] [HailoRT] [info] [queue_elements.cpp:68] [operator()] Thread in element PullQEl_nms3yolov11n/conv51_143 is not running anymore, exiting..
[2026-04-13 12:38:12.577] [43952] [HailoRT] [info] [queue_elements.cpp:46] [~BaseQueueElement] Queue element PullQEl_nms3yolov11n/conv51_143 has 0 frames in his Queue on destruction
[2026-04-13 12:38:12.577] [43952] [HailoRT] [info] [core_op.cpp:186] [deactivate] Deactivating took 0.008648 ms
[2026-04-13 12:38:12.577] [43952] [HailoRT] [info] [core_op.cpp:186] [deactivate] Deactivating took 0.01987 ms
[2026-04-13 12:38:12.619] [43952] [HailoRT] [info] [vdevice.cpp:535] [create] Creating vdevice with params: device_count: 1, scheduling_algorithm: NONE, multi_process_service: false
[2026-04-13 12:38:12.619] [43952] [HailoRT] [info] [device.cpp:51] [Device] OS Version: Linux 6.12.62+rpt-rpi-2712 #1 SMP PREEMPT Debian 1:6.12.62-1+rpt1 (2025-12-18) aarch64
[2026-04-13 12:38:12.620] [43952] [HailoRT] [info] [control.cpp:113] [control__parse_identify_results] firmware_version is: 4.23.0
[2026-04-13 12:38:12.620] [43952] [HailoRT] [info] [vdevice.cpp:682] [create] VDevice Infos: 0001:01:00.0
[2026-04-13 12:38:12.628] [43952] [HailoRT] [info] [internal_buffer_manager.cpp:77] [print_execution_results] Planned internal buffer memory: CMA=0 CMA-Desc=327680 Pinned=1180160. memory to edge layer usage factor is 1
[2026-04-13 12:38:12.628] [43952] [HailoRT] [info] [internal_buffer_manager.cpp:86] [print_execution_results] Default Internal buffer planner executed successfully
[2026-04-13 12:38:12.701] [43952] [HailoRT] [info] [device_internal.cpp:57] [configure] Configuring HEF took 81.328973 milliseconds
[2026-04-13 12:38:12.701] [43952] [HailoRT] [info] [vdevice.cpp:780] [configure] Configuring HEF on VDevice took 81.698119 milliseconds
[2026-04-13 12:38:12.707] [43952] [HailoRT] [info] [control.cpp:113] [control__parse_identify_results] firmware_version is: 4.23.0
[2026-04-13 12:38:12.707] [43952] [HailoRT] [info] [control.cpp:113] [control__parse_identify_results] firmware_version is: 4.23.0
[2026-04-13 12:38:12.708] [43952] [HailoRT] [info] [core_op.cpp:156] [activate] Activating yolov11n took 0.729811 milliseconds. Note that the function is asynchronous and thus the network is not fully activated yet.
[2026-04-13 12:38:12.708] [43952] [HailoRT] [info] [core_op.cpp:156] [activate] Activating yolov11n took 0.748978 milliseconds. Note that the function is asynchronous and thus the network is not fully activated yet.
[2026-04-13 12:38:12.726] [43952] [HailoRT] [info] [control.cpp:113] [control__parse_identify_results] firmware_version is: 4.23.0
[2026-04-13 12:38:12.727] [43952] [HailoRT] [info] [control.cpp:113] [control__parse_identify_results] firmware_version is: 4.23.0
[2026-04-13 12:38:12.727] [43952] [HailoRT] [info] [edge_elements.cpp:52] [create] Created (HwWriteEl8yolov11n/input_layer1 | hw_frame_size: 1228800)
[2026-04-13 12:38:12.727] [43952] [HailoRT] [info] [queue_elements.cpp:284] [create] Created (PushQEl8yolov11n/input_layer1 | timeout: 10s)
[2026-04-13 12:38:12.727] [43952] [HailoRT] [info] [filter_elements.cpp:101] [create] Created (PreInferEl8yolov11n/input_layer1 | Reorder - src_order: NHWC, src_shape: (640, 640, 3), dst_order: NHCW, dst_shape: (640, 640, 3))
[2026-04-13 12:38:12.727] [43952] [HailoRT] [info] [vstream.cpp:754] [InputVStreamImpl] Creating yolov11n/input_layer1...
[2026-04-13 12:38:12.727] [43952] [HailoRT] [info] [vstream_builder.cpp:102] [create_inputs] Input pipeline 'yolov11n/input_layer1': (PreInferEl8yolov11n/input_layer1 | Reorder - src_order: NHWC, src_shape: (640, 640, 3), dst_order: NHCW, dst_shape: (640, 640, 3)) >> (PushQEl8yolov11n/input_layer1 | timeout: 10s) >> (HwWriteEl8yolov11n/input_layer1 | hw_frame_size: 1228800) >> HW
[2026-04-13 12:38:12.727] [43952] [HailoRT] [info] [multi_io_elements.cpp:135] [create] Created (NmsPPMuxEl0YOLOV8-Post-Process | Op YOLOV8, Name: YOLOV8-Post-Process, Score threshold: 0.200, IoU threshold: 0.70, Classes: 80, Max bboxes per class: 100, Image height: 640, Image width: 640)
[2026-04-13 12:38:12.727] [43952] [HailoRT] [info] [edge_elements.cpp:287] [create] Created (HwReadEl3yolov11n/conv51_143 | hw_frame_size: 409600)
[2026-04-13 12:38:12.728] [43952] [HailoRT] [info] [queue_elements.cpp:657] [create] Created (PullQEl_nms3yolov11n/conv51_143 | timeout: 10s)
[2026-04-13 12:38:12.728] [43952] [HailoRT] [info] [edge_elements.cpp:287] [create] Created (HwReadEl12yolov11n/conv54_143 | hw_frame_size: 512000)
[2026-04-13 12:38:12.728] [43952] [HailoRT] [info] [queue_elements.cpp:657] [create] Created (PullQEl_nms12yolov11n/conv54_143 | timeout: 10s)
[2026-04-13 12:38:12.728] [43952] [HailoRT] [info] [edge_elements.cpp:287] [create] Created (HwReadEl15yolov11n/conv62_143 | hw_frame_size: 102400)
[2026-04-13 12:38:12.729] [43952] [HailoRT] [info] [queue_elements.cpp:657] [create] Created (PullQEl_nms15yolov11n/conv62_143 | timeout: 10s)
[2026-04-13 12:38:12.729] [43952] [HailoRT] [info] [edge_elements.cpp:287] [create] Created (HwReadEl13yolov11n/conv65_143 | hw_frame_size: 128000)
[2026-04-13 12:38:12.731] [43952] [HailoRT] [info] [queue_elements.cpp:657] [create] Created (PullQEl_nms13yolov11n/conv65_143 | timeout: 10s)
[2026-04-13 12:38:12.731] [43952] [HailoRT] [info] [edge_elements.cpp:287] [create] Created (HwReadEl1yolov11n/conv77_143 | hw_frame_size: 30720)
[2026-04-13 12:38:12.731] [43952] [HailoRT] [info] [queue_elements.cpp:657] [create] Created (PullQEl_nms1yolov11n/conv77_143 | timeout: 10s)
[2026-04-13 12:38:12.731] [43952] [HailoRT] [info] [edge_elements.cpp:287] [create] Created (HwReadEl0yolov11n/conv80_143 | hw_frame_size: 38400)
[2026-04-13 12:38:12.732] [43952] [HailoRT] [info] [queue_elements.cpp:657] [create] Created (PullQEl_nms0yolov11n/conv80_143 | timeout: 10s)
[2026-04-13 12:38:12.732] [43952] [HailoRT] [info] [queue_elements.cpp:800] [create] Created (UserBufQEl_post_infer0yolov11n/yolov8_nms_postprocess | timeout: 10s)
[2026-04-13 12:38:12.732] [43952] [HailoRT] [info] [vstream.cpp:1114] [OutputVStreamImpl] Creating yolov11n/yolov8_nms_postprocess...
[2026-04-13 12:38:12.732] [43952] [HailoRT] [info] [vstream_builder.cpp:622] [create_output_post_process_nms] Output pipeline 'yolov11n/yolov8_nms_postprocess': HW >> (HwReadEl3yolov11n/conv51_143 | hw_frame_size: 409600) >> (PullQEl_nms3yolov11n/conv51_143) >> (HwReadEl12yolov11n/conv54_143 | hw_frame_size: 512000) >> (PullQEl_nms12yolov11n/conv54_143) >> (HwReadEl15yolov11n/conv62_143 | hw_frame_size: 102400) >> (PullQEl_nms15yolov11n/conv62_143) >> (HwReadEl13yolov11n/conv65_143 | hw_frame_size: 128000) >> (PullQEl_nms13yolov11n/conv65_143) >> (HwReadEl1yolov11n/conv77_143 | hw_frame_size: 30720) >> (PullQEl_nms1yolov11n/conv77_143) >> (HwReadEl0yolov11n/conv80_143 | hw_frame_size: 38400) >> (PullQEl_nms0yolov11n/conv80_143) >> (NmsPPMuxEl0YOLOV8-Post-Process | Op YOLOV8, Name: YOLOV8-Post-Process, Score threshold: 0.200, IoU threshold: 0.70, Classes: 80, Max bboxes per class: 100, Image height: 640, Image width: 640) >> (UserBufQEl_post_infer0yolov11n/yolov8_nms_postprocess | timeout: 10s)
[2026-04-13 12:43:12.732] [50113] [HailoRT] [info] [vdevice_native_stream.cpp:331] [read_impl] Failed read from stream HAILO_STREAM_ABORT(63) (device: 0001:01:00.0)
[2026-04-13 12:43:12.732] [50113] [HailoRT] [info] [edge_elements.cpp:396] [run_pull] Reading from stream was aborted!
[2026-04-13 12:43:12.732] [50116] [HailoRT] [info] [vdevice_native_stream.cpp:331] [read_impl] Failed read from stream HAILO_STREAM_ABORT(63) (device: 0001:01:00.0)
[2026-04-13 12:43:12.732] [50113] [HailoRT] [info] [queue_elements.cpp:738] [run_in_thread] run_pull of queue element PullQEl_nms15yolov11n/conv62_143 was aborted!
[2026-04-13 12:43:12.732] [50112] [HailoRT] [info] [vdevice_native_stream.cpp:331] [read_impl] Failed read from stream HAILO_STREAM_ABORT(63) (device: 0001:01:00.0)
[2026-04-13 12:43:12.732] [50111] [HailoRT] [info] [vdevice_native_stream.cpp:331] [read_impl] Failed read from stream HAILO_STREAM_ABORT(63) (device: 0001:01:00.0)
[2026-04-13 12:43:12.732] [50111] [HailoRT] [info] [edge_elements.cpp:396] [run_pull] Reading from stream was aborted!
[2026-04-13 12:43:12.732] [50111] [HailoRT] [info] [queue_elements.cpp:738] [run_in_thread] run_pull of queue element PullQEl_nms3yolov11n/conv51_143 was aborted!
[2026-04-13 12:43:12.732] [50115] [HailoRT] [info] [vdevice_native_stream.cpp:331] [read_impl] Failed read from stream HAILO_STREAM_ABORT(63) (device: 0001:01:00.0)
[2026-04-13 12:43:12.732] [50115] [HailoRT] [info] [edge_elements.cpp:396] [run_pull] Reading from stream was aborted!
[2026-04-13 12:43:12.732] [50115] [HailoRT] [info] [queue_elements.cpp:738] [run_in_thread] run_pull of queue element PullQEl_nms1yolov11n/conv77_143 was aborted!
[2026-04-13 12:43:12.732] [50114] [HailoRT] [info] [vdevice_native_stream.cpp:331] [read_impl] Failed read from stream HAILO_STREAM_ABORT(63) (device: 0001:01:00.0)
[2026-04-13 12:43:12.732] [50114] [HailoRT] [info] [edge_elements.cpp:396] [run_pull] Reading from stream was aborted!
[2026-04-13 12:43:12.732] [50120] [HailoRT] [info] [queue_elements.cpp:706] [run_pull] Shutdown event was signaled in dequeue of queue element PullQEl_nms3yolov11n/conv51_143!
[2026-04-13 12:43:12.732] [50120] [HailoRT] [info] [vstream.cpp:1138] [read] Receiving to VStream was shutdown!
[2026-04-13 12:43:12.732] [50114] [HailoRT] [info] [queue_elements.cpp:738] [run_in_thread] run_pull of queue element PullQEl_nms13yolov11n/conv65_143 was aborted!
[2026-04-13 12:43:12.732] [50116] [HailoRT] [info] [edge_elements.cpp:396] [run_pull] Reading from stream was aborted!
[2026-04-13 12:43:12.732] [50116] [HailoRT] [info] [queue_elements.cpp:738] [run_in_thread] run_pull of queue element PullQEl_nms0yolov11n/conv80_143 was aborted!
[2026-04-13 12:43:12.732] [50112] [HailoRT] [info] [edge_elements.cpp:396] [run_pull] Reading from stream was aborted!
[2026-04-13 12:43:12.733] [50112] [HailoRT] [info] [queue_elements.cpp:738] [run_in_thread] run_pull of queue element PullQEl_nms12yolov11n/conv54_143 was aborted!
[2026-04-13 12:43:12.734] [50110] [HailoRT] [info] [vdevice_native_stream.cpp:142] [write_impl] Failed write to stream yolov11n/input_layer1 (device: 0001:01:00.0) with status=HAILO_STREAM_ABORT(63)
[2026-04-13 12:43:12.734] [50110] [HailoRT] [info] [edge_elements.cpp:87] [run_push] Failed to send on input stream InputStream(index=8, name=yolov11n/input_layer1) because stream was aborted
[2026-04-13 12:43:12.734] [50110] [HailoRT] [info] [queue_elements.cpp:401] [run_in_thread] run_push of PushQEl8yolov11n/input_layer1 was aborted!
[2026-04-13 12:43:12.735] [50121] [HailoRT] [info] [queue_elements.cpp:319] [run_push] run_push of PushQEl8yolov11n/input_layer1 was aborted!
[2026-04-13 12:43:12.735] [50121] [HailoRT] [info] [filter_elements.cpp:35] [run_push] run_push of PreInferEl8yolov11n/input_layer1 was aborted!
[2026-04-13 12:43:12.735] [50121] [HailoRT] [info] [vstream.cpp:778] [write] Sending to VStream was aborted!
[2026-04-13 12:43:12.738] [43952] [HailoRT] [info] [queue_elements.cpp:360] [execute_deactivate] enqueue() in element PushQEl8yolov11n/input_layer1 was aborted, got status = HAILO_SHUTDOWN_EVENT_SIGNALED(57)
[2026-04-13 12:43:12.738] [50110] [HailoRT] [info] [queue_elements.cpp:68] [operator()] Thread in element PushQEl8yolov11n/input_layer1 is not running anymore, exiting..
[2026-04-13 12:43:12.738] [43952] [HailoRT] [info] [queue_elements.cpp:46] [~BaseQueueElement] Queue element PushQEl8yolov11n/input_layer1 has 0 frames in his Queue on destruction
[2026-04-13 12:43:12.738] [50117] [HailoRT] [info] [queue_elements.cpp:68] [operator()] Thread in element UserBufQEl_post_infer0yolov11n/yolov8_nms_postprocess is not running anymore, exiting..
[2026-04-13 12:43:12.738] [43952] [HailoRT] [info] [queue_elements.cpp:46] [~BaseQueueElement] Queue element UserBufQEl_post_infer0yolov11n/yolov8_nms_postprocess has 0 frames in his Queue on destruction
[2026-04-13 12:43:12.738] [50116] [HailoRT] [info] [queue_elements.cpp:68] [operator()] Thread in element PullQEl_nms0yolov11n/conv80_143 is not running anymore, exiting..
[2026-04-13 12:43:12.738] [43952] [HailoRT] [info] [queue_elements.cpp:46] [~BaseQueueElement] Queue element PullQEl_nms0yolov11n/conv80_143 has 0 frames in his Queue on destruction
[2026-04-13 12:43:12.739] [50115] [HailoRT] [info] [queue_elements.cpp:68] [operator()] Thread in element PullQEl_nms1yolov11n/conv77_143 is not running anymore, exiting..
[2026-04-13 12:43:12.739] [43952] [HailoRT] [info] [queue_elements.cpp:46] [~BaseQueueElement] Queue element PullQEl_nms1yolov11n/conv77_143 has 0 frames in his Queue on destruction
[2026-04-13 12:43:12.739] [50114] [HailoRT] [info] [queue_elements.cpp:68] [operator()] Thread in element PullQEl_nms13yolov11n/conv65_143 is not running anymore, exiting..
[2026-04-13 12:43:12.739] [43952] [HailoRT] [info] [queue_elements.cpp:46] [~BaseQueueElement] Queue element PullQEl_nms13yolov11n/conv65_143 has 0 frames in his Queue on destruction
[2026-04-13 12:43:12.739] [50113] [HailoRT] [info] [queue_elements.cpp:68] [operator()] Thread in element PullQEl_nms15yolov11n/conv62_143 is not running anymore, exiting..
[2026-04-13 12:43:12.739] [43952] [HailoRT] [info] [queue_elements.cpp:46] [~BaseQueueElement] Queue element PullQEl_nms15yolov11n/conv62_143 has 0 frames in his Queue on destruction
[2026-04-13 12:43:12.739] [50112] [HailoRT] [info] [queue_elements.cpp:68] [operator()] Thread in element PullQEl_nms12yolov11n/conv54_143 is not running anymore, exiting..
[2026-04-13 12:43:12.739] [43952] [HailoRT] [info] [queue_elements.cpp:46] [~BaseQueueElement] Queue element PullQEl_nms12yolov11n/conv54_143 has 0 frames in his Queue on destruction
[2026-04-13 12:43:12.739] [50111] [HailoRT] [info] [queue_elements.cpp:68] [operator()] Thread in element PullQEl_nms3yolov11n/conv51_143 is not running anymore, exiting..
[2026-04-13 12:43:12.739] [43952] [HailoRT] [info] [queue_elements.cpp:46] [~BaseQueueElement] Queue element PullQEl_nms3yolov11n/conv51_143 has 0 frames in his Queue on destruction
[2026-04-13 12:43:12.739] [43952] [HailoRT] [info] [core_op.cpp:186] [deactivate] Deactivating took 0.008685 ms
[2026-04-13 12:43:12.739] [43952] [HailoRT] [info] [core_op.cpp:186] [deactivate] Deactivating took 0.018851 ms
[2026-04-13 12:46:55.684] [54264] [HailoRT] [info] [vdevice.cpp:535] [create] Creating vdevice with params: device_count: 1, scheduling_algorithm: NONE, multi_process_service: false
[2026-04-13 12:46:55.696] [54264] [HailoRT] [info] [device.cpp:51] [Device] OS Version: Linux 6.12.62+rpt-rpi-2712 #1 SMP PREEMPT Debian 1:6.12.62-1+rpt1 (2025-12-18) aarch64
[2026-04-13 12:46:55.697] [54264] [HailoRT] [info] [control.cpp:113] [control__parse_identify_results] firmware_version is: 4.23.0
[2026-04-13 12:46:55.697] [54264] [HailoRT] [info] [vdevice.cpp:682] [create] VDevice Infos: 0001:01:00.0
[2026-04-13 12:46:55.703] [54264] [HailoRT] [info] [internal_buffer_manager.cpp:77] [print_execution_results] Planned internal buffer memory: CMA=0 CMA-Desc=327680 Pinned=1180160. memory to edge layer usage factor is 1
[2026-04-13 12:46:55.703] [54264] [HailoRT] [info] [internal_buffer_manager.cpp:86] [print_execution_results] Default Internal buffer planner executed successfully
[2026-04-13 12:46:55.731] [54264] [HailoRT] [info] [device_internal.cpp:57] [configure] Configuring HEF took 34.062777 milliseconds
[2026-04-13 12:46:55.731] [54264] [HailoRT] [info] [vdevice.cpp:780] [configure] Configuring HEF on VDevice took 34.426299 milliseconds
[2026-04-13 12:46:55.731] [54264] [HailoRT] [info] [control.cpp:113] [control__parse_identify_results] firmware_version is: 4.23.0
[2026-04-13 12:46:55.732] [54264] [HailoRT] [info] [control.cpp:113] [control__parse_identify_results] firmware_version is: 4.23.0
[2026-04-13 12:46:55.732] [54264] [HailoRT] [info] [core_op.cpp:156] [activate] Activating yolov11n took 0.675712 milliseconds. Note that the function is asynchronous and thus the network is not fully activated yet.
[2026-04-13 12:46:55.732] [54264] [HailoRT] [info] [core_op.cpp:156] [activate] Activating yolov11n took 0.688156 milliseconds. Note that the function is asynchronous and thus the network is not fully activated yet.
[2026-04-13 12:46:55.747] [54264] [HailoRT] [info] [control.cpp:113] [control__parse_identify_results] firmware_version is: 4.23.0
[2026-04-13 12:46:55.747] [54264] [HailoRT] [info] [control.cpp:113] [control__parse_identify_results] firmware_version is: 4.23.0
[2026-04-13 12:46:57.160] [54249] [HailoRT] [info] [device.cpp:51] [Device] OS Version: Linux 6.12.62+rpt-rpi-2712 #1 SMP PREEMPT Debian 1:6.12.62-1+rpt1 (2025-12-18) aarch64
[2026-04-13 12:46:57.161] [54249] [HailoRT] [info] [control.cpp:113] [control__parse_identify_results] firmware_version is: 4.23.0
[2026-04-13 12:46:57.161] [54249] [HailoRT] [info] [control.cpp:113] [control__parse_identify_results] firmware_version is: 4.23.0
[2026-04-13 12:51:55.748] [54279] [HailoRT] [info] [vdevice_native_stream.cpp:142] [write_impl] Failed write to stream yolov11n/input_layer1 (device: 0001:01:00.0) with status=HAILO_STREAM_ABORT(63)
[2026-04-13 12:51:55.748] [54278] [HailoRT] [info] [vdevice_native_stream.cpp:331] [read_impl] Failed read from stream HAILO_STREAM_ABORT(63) (device: 0001:01:00.0)
[2026-04-13 12:51:55.748] [54277] [HailoRT] [info] [vdevice_native_stream.cpp:331] [read_impl] Failed read from stream HAILO_STREAM_ABORT(63) (device: 0001:01:00.0)
[2026-04-13 12:51:55.748] [54274] [HailoRT] [info] [vdevice_native_stream.cpp:331] [read_impl] Failed read from stream HAILO_STREAM_ABORT(63) (device: 0001:01:00.0)
[2026-04-13 12:51:55.748] [54273] [HailoRT] [info] [vdevice_native_stream.cpp:331] [read_impl] Failed read from stream HAILO_STREAM_ABORT(63) (device: 0001:01:00.0)
[2026-04-13 12:51:55.748] [54276] [HailoRT] [info] [vdevice_native_stream.cpp:331] [read_impl] Failed read from stream HAILO_STREAM_ABORT(63) (device: 0001:01:00.0)
[2026-04-13 12:51:55.748] [54275] [HailoRT] [info] [vdevice_native_stream.cpp:331] [read_impl] Failed read from stream HAILO_STREAM_ABORT(63) (device: 0001:01:00.0)
[2026-04-13 12:51:55.780] [54264] [HailoRT] [info] [core_op.cpp:186] [deactivate] Deactivating took 0.008389 ms
[2026-04-13 12:51:55.780] [54264] [HailoRT] [info] [core_op.cpp:186] [deactivate] Deactivating took 0.029686 ms
[2026-04-13 12:51:55.820] [54264] [HailoRT] [info] [vdevice.cpp:535] [create] Creating vdevice with params: device_count: 1, scheduling_algorithm: NONE, multi_process_service: false
[2026-04-13 12:51:55.821] [54264] [HailoRT] [info] [device.cpp:51] [Device] OS Version: Linux 6.12.62+rpt-rpi-2712 #1 SMP PREEMPT Debian 1:6.12.62-1+rpt1 (2025-12-18) aarch64
[2026-04-13 12:51:55.821] [54264] [HailoRT] [info] [control.cpp:113] [control__parse_identify_results] firmware_version is: 4.23.0
[2026-04-13 12:51:55.821] [54264] [HailoRT] [info] [vdevice.cpp:682] [create] VDevice Infos: 0001:01:00.0
[2026-04-13 12:51:55.828] [54264] [HailoRT] [info] [internal_buffer_manager.cpp:77] [print_execution_results] Planned internal buffer memory: CMA=0 CMA-Desc=327680 Pinned=1180160. memory to edge layer usage factor is 1
[2026-04-13 12:51:55.828] [54264] [HailoRT] [info] [internal_buffer_manager.cpp:86] [print_execution_results] Default Internal buffer planner executed successfully
[2026-04-13 12:51:55.867] [54264] [HailoRT] [info] [device_internal.cpp:57] [configure] Configuring HEF took 45.391289 milliseconds
[2026-04-13 12:51:55.867] [54264] [HailoRT] [info] [vdevice.cpp:780] [configure] Configuring HEF on VDevice took 45.751735 milliseconds
[2026-04-13 12:51:55.867] [54264] [HailoRT] [info] [control.cpp:113] [control__parse_identify_results] firmware_version is: 4.23.0
[2026-04-13 12:51:55.867] [54264] [HailoRT] [info] [control.cpp:113] [control__parse_identify_results] firmware_version is: 4.23.0
[2026-04-13 12:51:55.868] [54264] [HailoRT] [info] [core_op.cpp:156] [activate] Activating yolov11n took 0.706522 milliseconds. Note that the function is asynchronous and thus the network is not fully activated yet.
[2026-04-13 12:51:55.868] [54264] [HailoRT] [info] [core_op.cpp:156] [activate] Activating yolov11n took 0.717411 milliseconds. Note that the function is asynchronous and thus the network is not fully activated yet.
[2026-04-13 12:51:55.882] [54264] [HailoRT] [info] [control.cpp:113] [control__parse_identify_results] firmware_version is: 4.23.0
[2026-04-13 12:51:55.883] [54264] [HailoRT] [info] [control.cpp:113] [control__parse_identify_results] firmware_version is: 4.23.0
[2026-04-13 12:51:55.883] [54264] [HailoRT] [info] [edge_elements.cpp:52] [create] Created (HwWriteEl8yolov11n/input_layer1 | hw_frame_size: 1228800)
[2026-04-13 12:51:55.883] [54264] [HailoRT] [info] [queue_elements.cpp:284] [create] Created (PushQEl8yolov11n/input_layer1 | timeout: 10s)
[2026-04-13 12:51:55.883] [54264] [HailoRT] [info] [filter_elements.cpp:101] [create] Created (PreInferEl8yolov11n/input_layer1 | Reorder - src_order: NHWC, src_shape: (640, 640, 3), dst_order: NHCW, dst_shape: (640, 640, 3))
[2026-04-13 12:51:55.883] [54264] [HailoRT] [info] [vstream.cpp:754] [InputVStreamImpl] Creating yolov11n/input_layer1...
[2026-04-13 12:51:55.883] [54264] [HailoRT] [info] [vstream_builder.cpp:102] [create_inputs] Input pipeline 'yolov11n/input_layer1': (PreInferEl8yolov11n/input_layer1 | Reorder - src_order: NHWC, src_shape: (640, 640, 3), dst_order: NHCW, dst_shape: (640, 640, 3)) >> (PushQEl8yolov11n/input_layer1 | timeout: 10s) >> (HwWriteEl8yolov11n/input_layer1 | hw_frame_size: 1228800) >> HW
[2026-04-13 12:51:55.883] [54264] [HailoRT] [info] [multi_io_elements.cpp:135] [create] Created (NmsPPMuxEl0YOLOV8-Post-Process | Op YOLOV8, Name: YOLOV8-Post-Process, Score threshold: 0.200, IoU threshold: 0.70, Classes: 80, Max bboxes per class: 100, Image height: 640, Image width: 640)
[2026-04-13 12:51:55.883] [54264] [HailoRT] [info] [edge_elements.cpp:287] [create] Created (HwReadEl3yolov11n/conv51_143 | hw_frame_size: 409600)
[2026-04-13 12:51:55.883] [54264] [HailoRT] [info] [queue_elements.cpp:657] [create] Created (PullQEl_nms3yolov11n/conv51_143 | timeout: 10s)
[2026-04-13 12:51:55.883] [54264] [HailoRT] [info] [edge_elements.cpp:287] [create] Created (HwReadEl12yolov11n/conv54_143 | hw_frame_size: 512000)
[2026-04-13 12:51:55.883] [54264] [HailoRT] [info] [queue_elements.cpp:657] [create] Created (PullQEl_nms12yolov11n/conv54_143 | timeout: 10s)
[2026-04-13 12:51:55.883] [54264] [HailoRT] [info] [edge_elements.cpp:287] [create] Created (HwReadEl15yolov11n/conv62_143 | hw_frame_size: 102400)
[2026-04-13 12:51:55.883] [54264] [HailoRT] [info] [queue_elements.cpp:657] [create] Created (PullQEl_nms15yolov11n/conv62_143 | timeout: 10s)
[2026-04-13 12:51:55.883] [54264] [HailoRT] [info] [edge_elements.cpp:287] [create] Created (HwReadEl13yolov11n/conv65_143 | hw_frame_size: 128000)
[2026-04-13 12:51:55.884] [54264] [HailoRT] [info] [queue_elements.cpp:657] [create] Created (PullQEl_nms13yolov11n/conv65_143 | timeout: 10s)
[2026-04-13 12:51:55.884] [54264] [HailoRT] [info] [edge_elements.cpp:287] [create] Created (HwReadEl1yolov11n/conv77_143 | hw_frame_size: 30720)
[2026-04-13 12:51:55.884] [54264] [HailoRT] [info] [queue_elements.cpp:657] [create] Created (PullQEl_nms1yolov11n/conv77_143 | timeout: 10s)
[2026-04-13 12:51:55.884] [54264] [HailoRT] [info] [edge_elements.cpp:287] [create] Created (HwReadEl0yolov11n/conv80_143 | hw_frame_size: 38400)
[2026-04-13 12:51:55.884] [54264] [HailoRT] [info] [queue_elements.cpp:657] [create] Created (PullQEl_nms0yolov11n/conv80_143 | timeout: 10s)
[2026-04-13 12:51:55.884] [54264] [HailoRT] [info] [queue_elements.cpp:800] [create] Created (UserBufQEl_post_infer0yolov11n/yolov8_nms_postprocess | timeout: 10s)
[2026-04-13 12:51:55.884] [54264] [HailoRT] [info] [vstream.cpp:1114] [OutputVStreamImpl] Creating yolov11n/yolov8_nms_postprocess...
[2026-04-13 12:51:55.884] [54264] [HailoRT] [info] [vstream_builder.cpp:622] [create_output_post_process_nms] Output pipeline 'yolov11n/yolov8_nms_postprocess': HW >> (HwReadEl3yolov11n/conv51_143 | hw_frame_size: 409600) >> (PullQEl_nms3yolov11n/conv51_143) >> (HwReadEl12yolov11n/conv54_143 | hw_frame_size: 512000) >> (PullQEl_nms12yolov11n/conv54_143) >> (HwReadEl15yolov11n/conv62_143 | hw_frame_size: 102400) >> (PullQEl_nms15yolov11n/conv62_143) >> (HwReadEl13yolov11n/conv65_143 | hw_frame_size: 128000) >> (PullQEl_nms13yolov11n/conv65_143) >> (HwReadEl1yolov11n/conv77_143 | hw_frame_size: 30720) >> (PullQEl_nms1yolov11n/conv77_143) >> (HwReadEl0yolov11n/conv80_143 | hw_frame_size: 38400) >> (PullQEl_nms0yolov11n/conv80_143) >> (NmsPPMuxEl0YOLOV8-Post-Process | Op YOLOV8, Name: YOLOV8-Post-Process, Score threshold: 0.200, IoU threshold: 0.70, Classes: 80, Max bboxes per class: 100, Image height: 640, Image width: 640) >> (UserBufQEl_post_infer0yolov11n/yolov8_nms_postprocess | timeout: 10s)
[2026-04-13 12:56:55.884] [57314] [HailoRT] [info] [vdevice_native_stream.cpp:331] [read_impl] Failed read from stream HAILO_STREAM_ABORT(63) (device: 0001:01:00.0)
[2026-04-13 12:56:55.884] [57317] [HailoRT] [info] [vdevice_native_stream.cpp:331] [read_impl] Failed read from stream HAILO_STREAM_ABORT(63) (device: 0001:01:00.0)
[2026-04-13 12:56:55.884] [57317] [HailoRT] [info] [edge_elements.cpp:396] [run_pull] Reading from stream was aborted!
[2026-04-13 12:56:55.884] [57318] [HailoRT] [info] [vdevice_native_stream.cpp:331] [read_impl] Failed read from stream HAILO_STREAM_ABORT(63) (device: 0001:01:00.0)
[2026-04-13 12:56:55.884] [57318] [HailoRT] [info] [edge_elements.cpp:396] [run_pull] Reading from stream was aborted!
[2026-04-13 12:56:55.884] [57317] [HailoRT] [info] [queue_elements.cpp:738] [run_in_thread] run_pull of queue element PullQEl_nms1yolov11n/conv77_143 was aborted!
[2026-04-13 12:56:55.884] [57318] [HailoRT] [info] [queue_elements.cpp:738] [run_in_thread] run_pull of queue element PullQEl_nms0yolov11n/conv80_143 was aborted!
[2026-04-13 12:56:55.884] [57312] [HailoRT] [info] [vdevice_native_stream.cpp:142] [write_impl] Failed write to stream yolov11n/input_layer1 (device: 0001:01:00.0) with status=HAILO_STREAM_ABORT(63)
[2026-04-13 12:56:55.884] [57316] [HailoRT] [info] [vdevice_native_stream.cpp:331] [read_impl] Failed read from stream HAILO_STREAM_ABORT(63) (device: 0001:01:00.0)
[2026-04-13 12:56:55.884] [57316] [HailoRT] [info] [edge_elements.cpp:396] [run_pull] Reading from stream was aborted!
[2026-04-13 12:56:55.884] [57312] [HailoRT] [info] [edge_elements.cpp:87] [run_push] Failed to send on input stream InputStream(index=8, name=yolov11n/input_layer1) because stream was aborted
[2026-04-13 12:56:55.884] [57316] [HailoRT] [info] [queue_elements.cpp:738] [run_in_thread] run_pull of queue element PullQEl_nms13yolov11n/conv65_143 was aborted!
[2026-04-13 12:56:55.884] [57313] [HailoRT] [info] [vdevice_native_stream.cpp:331] [read_impl] Failed read from stream HAILO_STREAM_ABORT(63) (device: 0001:01:00.0)
[2026-04-13 12:56:55.884] [57313] [HailoRT] [info] [edge_elements.cpp:396] [run_pull] Reading from stream was aborted!
[2026-04-13 12:56:55.884] [57313] [HailoRT] [info] [queue_elements.cpp:738] [run_in_thread] run_pull of queue element PullQEl_nms3yolov11n/conv51_143 was aborted!
[2026-04-13 12:56:55.884] [57312] [HailoRT] [info] [queue_elements.cpp:401] [run_in_thread] run_push of PushQEl8yolov11n/input_layer1 was aborted!
[2026-04-13 12:56:55.884] [57322] [HailoRT] [info] [queue_elements.cpp:706] [run_pull] Shutdown event was signaled in dequeue of queue element PullQEl_nms3yolov11n/conv51_143!
[2026-04-13 12:56:55.884] [57322] [HailoRT] [info] [vstream.cpp:1138] [read] Receiving to VStream was shutdown!
[2026-04-13 12:56:55.884] [57314] [HailoRT] [info] [edge_elements.cpp:396] [run_pull] Reading from stream was aborted!
[2026-04-13 12:56:55.884] [57314] [HailoRT] [info] [queue_elements.cpp:738] [run_in_thread] run_pull of queue element PullQEl_nms12yolov11n/conv54_143 was aborted!
[2026-04-13 12:56:55.885] [57323] [HailoRT] [info] [queue_elements.cpp:319] [run_push] run_push of PushQEl8yolov11n/input_layer1 was aborted!
[2026-04-13 12:56:55.885] [57323] [HailoRT] [info] [filter_elements.cpp:35] [run_push] run_push of PreInferEl8yolov11n/input_layer1 was aborted!
[2026-04-13 12:56:55.885] [57323] [HailoRT] [info] [vstream.cpp:778] [write] Sending to VStream was aborted!
[2026-04-13 12:56:55.884] [57315] [HailoRT] [info] [vdevice_native_stream.cpp:331] [read_impl] Failed read from stream HAILO_STREAM_ABORT(63) (device: 0001:01:00.0)
[2026-04-13 12:56:55.885] [57315] [HailoRT] [info] [edge_elements.cpp:396] [run_pull] Reading from stream was aborted!
[2026-04-13 12:56:55.885] [57315] [HailoRT] [info] [queue_elements.cpp:738] [run_in_thread] run_pull of queue element PullQEl_nms15yolov11n/conv62_143 was aborted!
[2026-04-13 12:56:55.916] [54264] [HailoRT] [info] [queue_elements.cpp:360] [execute_deactivate] enqueue() in element PushQEl8yolov11n/input_layer1 was aborted, got status = HAILO_SHUTDOWN_EVENT_SIGNALED(57)
[2026-04-13 12:56:55.916] [57312] [HailoRT] [info] [queue_elements.cpp:68] [operator()] Thread in element PushQEl8yolov11n/input_layer1 is not running anymore, exiting..
[2026-04-13 12:56:55.916] [54264] [HailoRT] [info] [queue_elements.cpp:46] [~BaseQueueElement] Queue element PushQEl8yolov11n/input_layer1 has 1 frames in his Queue on destruction
[2026-04-13 12:56:55.916] [57319] [HailoRT] [info] [queue_elements.cpp:68] [operator()] Thread in element UserBufQEl_post_infer0yolov11n/yolov8_nms_postprocess is not running anymore, exiting..
[2026-04-13 12:56:55.916] [54264] [HailoRT] [info] [queue_elements.cpp:46] [~BaseQueueElement] Queue element UserBufQEl_post_infer0yolov11n/yolov8_nms_postprocess has 0 frames in his Queue on destruction
[2026-04-13 12:56:55.917] [57318] [HailoRT] [info] [queue_elements.cpp:68] [operator()] Thread in element PullQEl_nms0yolov11n/conv80_143 is not running anymore, exiting..
[2026-04-13 12:56:55.917] [54264] [HailoRT] [info] [queue_elements.cpp:46] [~BaseQueueElement] Queue element PullQEl_nms0yolov11n/conv80_143 has 0 frames in his Queue on destruction
[2026-04-13 12:56:55.917] [57317] [HailoRT] [info] [queue_elements.cpp:68] [operator()] Thread in element PullQEl_nms1yolov11n/conv77_143 is not running anymore, exiting..
[2026-04-13 12:56:55.917] [54264] [HailoRT] [info] [queue_elements.cpp:46] [~BaseQueueElement] Queue element PullQEl_nms1yolov11n/conv77_143 has 0 frames in his Queue on destruction
[2026-04-13 12:56:55.917] [57316] [HailoRT] [info] [queue_elements.cpp:68] [operator()] Thread in element PullQEl_nms13yolov11n/conv65_143 is not running anymore, exiting..
[2026-04-13 12:56:55.917] [54264] [HailoRT] [info] [queue_elements.cpp:46] [~BaseQueueElement] Queue element PullQEl_nms13yolov11n/conv65_143 has 0 frames in his Queue on destruction
[2026-04-13 12:56:55.917] [57315] [HailoRT] [info] [queue_elements.cpp:68] [operator()] Thread in element PullQEl_nms15yolov11n/conv62_143 is not running anymore, exiting..
[2026-04-13 12:56:55.917] [54264] [HailoRT] [info] [queue_elements.cpp:46] [~BaseQueueElement] Queue element PullQEl_nms15yolov11n/conv62_143 has 0 frames in his Queue on destruction
[2026-04-13 12:56:55.917] [57314] [HailoRT] [info] [queue_elements.cpp:68] [operator()] Thread in element PullQEl_nms12yolov11n/conv54_143 is not running anymore, exiting..
[2026-04-13 12:56:55.917] [54264] [HailoRT] [info] [queue_elements.cpp:46] [~BaseQueueElement] Queue element PullQEl_nms12yolov11n/conv54_143 has 0 frames in his Queue on destruction
[2026-04-13 12:56:55.917] [57313] [HailoRT] [info] [queue_elements.cpp:68] [operator()] Thread in element PullQEl_nms3yolov11n/conv51_143 is not running anymore, exiting..
[2026-04-13 12:56:55.917] [54264] [HailoRT] [info] [queue_elements.cpp:46] [~BaseQueueElement] Queue element PullQEl_nms3yolov11n/conv51_143 has 0 frames in his Queue on destruction
[2026-04-13 12:56:55.917] [54264] [HailoRT] [info] [core_op.cpp:186] [deactivate] Deactivating took 0.008686 ms
[2026-04-13 12:56:55.917] [54264] [HailoRT] [info] [core_op.cpp:186] [deactivate] Deactivating took 0.019 ms
[2026-04-13 12:56:55.952] [54264] [HailoRT] [info] [vdevice.cpp:535] [create] Creating vdevice with params: device_count: 1, scheduling_algorithm: NONE, multi_process_service: false
[2026-04-13 12:56:55.952] [54264] [HailoRT] [info] [device.cpp:51] [Device] OS Version: Linux 6.12.62+rpt-rpi-2712 #1 SMP PREEMPT Debian 1:6.12.62-1+rpt1 (2025-12-18) aarch64
[2026-04-13 12:56:55.952] [54264] [HailoRT] [info] [control.cpp:113] [control__parse_identify_results] firmware_version is: 4.23.0
[2026-04-13 12:56:55.953] [54264] [HailoRT] [info] [vdevice.cpp:682] [create] VDevice Infos: 0001:01:00.0
[2026-04-13 12:56:55.959] [54264] [HailoRT] [info] [internal_buffer_manager.cpp:77] [print_execution_results] Planned internal buffer memory: CMA=0 CMA-Desc=327680 Pinned=1180160. memory to edge layer usage factor is 1
[2026-04-13 12:56:55.959] [54264] [HailoRT] [info] [internal_buffer_manager.cpp:86] [print_execution_results] Default Internal buffer planner executed successfully
[2026-04-13 12:56:55.996] [54264] [HailoRT] [info] [device_internal.cpp:57] [configure] Configuring HEF took 42.952571 milliseconds
[2026-04-13 12:56:55.996] [54264] [HailoRT] [info] [vdevice.cpp:780] [configure] Configuring HEF on VDevice took 43.46061 milliseconds
[2026-04-13 12:56:55.996] [54264] [HailoRT] [info] [control.cpp:113] [control__parse_identify_results] firmware_version is: 4.23.0
[2026-04-13 12:56:55.997] [54264] [HailoRT] [info] [control.cpp:113] [control__parse_identify_results] firmware_version is: 4.23.0
[2026-04-13 12:56:55.998] [54264] [HailoRT] [info] [core_op.cpp:156] [activate] Activating yolov11n took 0.765927 milliseconds. Note that the function is asynchronous and thus the network is not fully activated yet.
[2026-04-13 12:56:55.998] [54264] [HailoRT] [info] [core_op.cpp:156] [activate] Activating yolov11n took 0.781298 milliseconds. Note that the function is asynchronous and thus the network is not fully activated yet.
[2026-04-13 12:56:56.012] [54264] [HailoRT] [info] [control.cpp:113] [control__parse_identify_results] firmware_version is: 4.23.0
[2026-04-13 12:56:56.013] [54264] [HailoRT] [info] [control.cpp:113] [control__parse_identify_results] firmware_version is: 4.23.0
[2026-04-13 12:56:56.013] [54264] [HailoRT] [info] [edge_elements.cpp:52] [create] Created (HwWriteEl8yolov11n/input_layer1 | hw_frame_size: 1228800)
[2026-04-13 12:56:56.013] [54264] [HailoRT] [info] [queue_elements.cpp:284] [create] Created (PushQEl8yolov11n/input_layer1 | timeout: 10s)
[2026-04-13 12:56:56.013] [54264] [HailoRT] [info] [filter_elements.cpp:101] [create] Created (PreInferEl8yolov11n/input_layer1 | Reorder - src_order: NHWC, src_shape: (640, 640, 3), dst_order: NHCW, dst_shape: (640, 640, 3))
[2026-04-13 12:56:56.013] [54264] [HailoRT] [info] [vstream.cpp:754] [InputVStreamImpl] Creating yolov11n/input_layer1...
[2026-04-13 12:56:56.013] [54264] [HailoRT] [info] [vstream_builder.cpp:102] [create_inputs] Input pipeline 'yolov11n/input_layer1': (PreInferEl8yolov11n/input_layer1 | Reorder - src_order: NHWC, src_shape: (640, 640, 3), dst_order: NHCW, dst_shape: (640, 640, 3)) >> (PushQEl8yolov11n/input_layer1 | timeout: 10s) >> (HwWriteEl8yolov11n/input_layer1 | hw_frame_size: 1228800) >> HW
[2026-04-13 12:56:56.013] [54264] [HailoRT] [info] [multi_io_elements.cpp:135] [create] Created (NmsPPMuxEl0YOLOV8-Post-Process | Op YOLOV8, Name: YOLOV8-Post-Process, Score threshold: 0.200, IoU threshold: 0.70, Classes: 80, Max bboxes per class: 100, Image height: 640, Image width: 640)
[2026-04-13 12:56:56.013] [54264] [HailoRT] [info] [edge_elements.cpp:287] [create] Created (HwReadEl3yolov11n/conv51_143 | hw_frame_size: 409600)
[2026-04-13 12:56:56.013] [54264] [HailoRT] [info] [queue_elements.cpp:657] [create] Created (PullQEl_nms3yolov11n/conv51_143 | timeout: 10s)
[2026-04-13 12:56:56.013] [54264] [HailoRT] [info] [edge_elements.cpp:287] [create] Created (HwReadEl12yolov11n/conv54_143 | hw_frame_size: 512000)
[2026-04-13 12:56:56.013] [54264] [HailoRT] [info] [queue_elements.cpp:657] [create] Created (PullQEl_nms12yolov11n/conv54_143 | timeout: 10s)
[2026-04-13 12:56:56.013] [54264] [HailoRT] [info] [edge_elements.cpp:287] [create] Created (HwReadEl15yolov11n/conv62_143 | hw_frame_size: 102400)
[2026-04-13 12:56:56.014] [54264] [HailoRT] [info] [queue_elements.cpp:657] [create] Created (PullQEl_nms15yolov11n/conv62_143 | timeout: 10s)
[2026-04-13 12:56:56.014] [54264] [HailoRT] [info] [edge_elements.cpp:287] [create] Created (HwReadEl13yolov11n/conv65_143 | hw_frame_size: 128000)
[2026-04-13 12:56:56.014] [54264] [HailoRT] [info] [queue_elements.cpp:657] [create] Created (PullQEl_nms13yolov11n/conv65_143 | timeout: 10s)
[2026-04-13 12:56:56.014] [54264] [HailoRT] [info] [edge_elements.cpp:287] [create] Created (HwReadEl1yolov11n/conv77_143 | hw_frame_size: 30720)
[2026-04-13 12:56:56.014] [54264] [HailoRT] [info] [queue_elements.cpp:657] [create] Created (PullQEl_nms1yolov11n/conv77_143 | timeout: 10s)
[2026-04-13 12:56:56.014] [54264] [HailoRT] [info] [edge_elements.cpp:287] [create] Created (HwReadEl0yolov11n/conv80_143 | hw_frame_size: 38400)
[2026-04-13 12:56:56.014] [54264] [HailoRT] [info] [queue_elements.cpp:657] [create] Created (PullQEl_nms0yolov11n/conv80_143 | timeout: 10s)
[2026-04-13 12:56:56.014] [54264] [HailoRT] [info] [queue_elements.cpp:800] [create] Created (UserBufQEl_post_infer0yolov11n/yolov8_nms_postprocess | timeout: 10s)
[2026-04-13 12:56:56.014] [54264] [HailoRT] [info] [vstream.cpp:1114] [OutputVStreamImpl] Creating yolov11n/yolov8_nms_postprocess...
[2026-04-13 12:56:56.014] [54264] [HailoRT] [info] [vstream_builder.cpp:622] [create_output_post_process_nms] Output pipeline 'yolov11n/yolov8_nms_postprocess': HW >> (HwReadEl3yolov11n/conv51_143 | hw_frame_size: 409600) >> (PullQEl_nms3yolov11n/conv51_143) >> (HwReadEl12yolov11n/conv54_143 | hw_frame_size: 512000) >> (PullQEl_nms12yolov11n/conv54_143) >> (HwReadEl15yolov11n/conv62_143 | hw_frame_size: 102400) >> (PullQEl_nms15yolov11n/conv62_143) >> (HwReadEl13yolov11n/conv65_143 | hw_frame_size: 128000) >> (PullQEl_nms13yolov11n/conv65_143) >> (HwReadEl1yolov11n/conv77_143 | hw_frame_size: 30720) >> (PullQEl_nms1yolov11n/conv77_143) >> (HwReadEl0yolov11n/conv80_143 | hw_frame_size: 38400) >> (PullQEl_nms0yolov11n/conv80_143) >> (NmsPPMuxEl0YOLOV8-Post-Process | Op YOLOV8, Name: YOLOV8-Post-Process, Score threshold: 0.200, IoU threshold: 0.70, Classes: 80, Max bboxes per class: 100, Image height: 640, Image width: 640) >> (UserBufQEl_post_infer0yolov11n/yolov8_nms_postprocess | timeout: 10s)
[2026-04-13 13:01:56.015] [60221] [HailoRT] [info] [vdevice_native_stream.cpp:331] [read_impl] Failed read from stream HAILO_STREAM_ABORT(63) (device: 0001:01:00.0)
[2026-04-13 13:01:56.015] [60220] [HailoRT] [info] [vdevice_native_stream.cpp:331] [read_impl] Failed read from stream HAILO_STREAM_ABORT(63) (device: 0001:01:00.0)
[2026-04-13 13:01:56.015] [60224] [HailoRT] [info] [vdevice_native_stream.cpp:331] [read_impl] Failed read from stream HAILO_STREAM_ABORT(63) (device: 0001:01:00.0)
[2026-04-13 13:01:56.015] [60224] [HailoRT] [info] [edge_elements.cpp:396] [run_pull] Reading from stream was aborted!
[2026-04-13 13:01:56.015] [60219] [HailoRT] [info] [vdevice_native_stream.cpp:331] [read_impl] Failed read from stream HAILO_STREAM_ABORT(63) (device: 0001:01:00.0)
[2026-04-13 13:01:56.015] [60224] [HailoRT] [info] [queue_elements.cpp:738] [run_in_thread] run_pull of queue element PullQEl_nms0yolov11n/conv80_143 was aborted!
[2026-04-13 13:01:56.015] [60221] [HailoRT] [info] [edge_elements.cpp:396] [run_pull] Reading from stream was aborted!
[2026-04-13 13:01:56.015] [60222] [HailoRT] [info] [vdevice_native_stream.cpp:331] [read_impl] Failed read from stream HAILO_STREAM_ABORT(63) (device: 0001:01:00.0)
[2026-04-13 13:01:56.015] [60221] [HailoRT] [info] [queue_elements.cpp:738] [run_in_thread] run_pull of queue element PullQEl_nms15yolov11n/conv62_143 was aborted!
[2026-04-13 13:01:56.015] [60223] [HailoRT] [info] [vdevice_native_stream.cpp:331] [read_impl] Failed read from stream HAILO_STREAM_ABORT(63) (device: 0001:01:00.0)
[2026-04-13 13:01:56.015] [60220] [HailoRT] [info] [edge_elements.cpp:396] [run_pull] Reading from stream was aborted!
[2026-04-13 13:01:56.015] [60223] [HailoRT] [info] [edge_elements.cpp:396] [run_pull] Reading from stream was aborted!
[2026-04-13 13:01:56.015] [60223] [HailoRT] [info] [queue_elements.cpp:738] [run_in_thread] run_pull of queue element PullQEl_nms1yolov11n/conv77_143 was aborted!
[2026-04-13 13:01:56.015] [60220] [HailoRT] [info] [queue_elements.cpp:738] [run_in_thread] run_pull of queue element PullQEl_nms12yolov11n/conv54_143 was aborted!
[2026-04-13 13:01:56.015] [60219] [HailoRT] [info] [edge_elements.cpp:396] [run_pull] Reading from stream was aborted!
[2026-04-13 13:01:56.015] [60219] [HailoRT] [info] [queue_elements.cpp:738] [run_in_thread] run_pull of queue element PullQEl_nms3yolov11n/conv51_143 was aborted!
[2026-04-13 13:01:56.015] [60222] [HailoRT] [info] [edge_elements.cpp:396] [run_pull] Reading from stream was aborted!
[2026-04-13 13:01:56.015] [60228] [HailoRT] [info] [queue_elements.cpp:706] [run_pull] Shutdown event was signaled in dequeue of queue element PullQEl_nms3yolov11n/conv51_143!
[2026-04-13 13:01:56.015] [60222] [HailoRT] [info] [queue_elements.cpp:738] [run_in_thread] run_pull of queue element PullQEl_nms13yolov11n/conv65_143 was aborted!
[2026-04-13 13:01:56.015] [60228] [HailoRT] [info] [vstream.cpp:1138] [read] Receiving to VStream was shutdown!
[2026-04-13 13:01:56.018] [60218] [HailoRT] [info] [vdevice_native_stream.cpp:142] [write_impl] Failed write to stream yolov11n/input_layer1 (device: 0001:01:00.0) with status=HAILO_STREAM_ABORT(63)
[2026-04-13 13:01:56.018] [60218] [HailoRT] [info] [edge_elements.cpp:87] [run_push] Failed to send on input stream InputStream(index=8, name=yolov11n/input_layer1) because stream was aborted
[2026-04-13 13:01:56.018] [60218] [HailoRT] [info] [queue_elements.cpp:401] [run_in_thread] run_push of PushQEl8yolov11n/input_layer1 was aborted!
[2026-04-13 13:01:56.018] [60229] [HailoRT] [info] [vstream.cpp:774] [write] Sending to VStream was shutdown!
[2026-04-13 13:01:56.018] [60229] [HailoRT] [info] [vstream.cpp:778] [write] Sending to VStream was aborted!
[2026-04-13 13:01:56.018] [54264] [HailoRT] [info] [queue_elements.cpp:360] [execute_deactivate] enqueue() in element PushQEl8yolov11n/input_layer1 was aborted, got status = HAILO_SHUTDOWN_EVENT_SIGNALED(57)
[2026-04-13 13:01:56.018] [60218] [HailoRT] [info] [queue_elements.cpp:68] [operator()] Thread in element PushQEl8yolov11n/input_layer1 is not running anymore, exiting..
[2026-04-13 13:01:56.018] [54264] [HailoRT] [info] [queue_elements.cpp:46] [~BaseQueueElement] Queue element PushQEl8yolov11n/input_layer1 has 1 frames in his Queue on destruction
[2026-04-13 13:01:56.018] [60225] [HailoRT] [info] [queue_elements.cpp:68] [operator()] Thread in element UserBufQEl_post_infer0yolov11n/yolov8_nms_postprocess is not running anymore, exiting..
[2026-04-13 13:01:56.018] [54264] [HailoRT] [info] [queue_elements.cpp:46] [~BaseQueueElement] Queue element UserBufQEl_post_infer0yolov11n/yolov8_nms_postprocess has 0 frames in his Queue on destruction
[2026-04-13 13:01:56.018] [60224] [HailoRT] [info] [queue_elements.cpp:68] [operator()] Thread in element PullQEl_nms0yolov11n/conv80_143 is not running anymore, exiting..
[2026-04-13 13:01:56.018] [54264] [HailoRT] [info] [queue_elements.cpp:46] [~BaseQueueElement] Queue element PullQEl_nms0yolov11n/conv80_143 has 0 frames in his Queue on destruction
[2026-04-13 13:01:56.018] [60223] [HailoRT] [info] [queue_elements.cpp:68] [operator()] Thread in element PullQEl_nms1yolov11n/conv77_143 is not running anymore, exiting..
[2026-04-13 13:01:56.019] [54264] [HailoRT] [info] [queue_elements.cpp:46] [~BaseQueueElement] Queue element PullQEl_nms1yolov11n/conv77_143 has 0 frames in his Queue on destruction
[2026-04-13 13:01:56.019] [60222] [HailoRT] [info] [queue_elements.cpp:68] [operator()] Thread in element PullQEl_nms13yolov11n/conv65_143 is not running anymore, exiting..
[2026-04-13 13:01:56.019] [54264] [HailoRT] [info] [queue_elements.cpp:46] [~BaseQueueElement] Queue element PullQEl_nms13yolov11n/conv65_143 has 0 frames in his Queue on destruction
[2026-04-13 13:01:56.019] [60221] [HailoRT] [info] [queue_elements.cpp:68] [operator()] Thread in element PullQEl_nms15yolov11n/conv62_143 is not running anymore, exiting..
[2026-04-13 13:01:56.019] [54264] [HailoRT] [info] [queue_elements.cpp:46] [~BaseQueueElement] Queue element PullQEl_nms15yolov11n/conv62_143 has 0 frames in his Queue on destruction
[2026-04-13 13:01:56.019] [60220] [HailoRT] [info] [queue_elements.cpp:68] [operator()] Thread in element PullQEl_nms12yolov11n/conv54_143 is not running anymore, exiting..
[2026-04-13 13:01:56.019] [54264] [HailoRT] [info] [queue_elements.cpp:46] [~BaseQueueElement] Queue element PullQEl_nms12yolov11n/conv54_143 has 0 frames in his Queue on destruction
[2026-04-13 13:01:56.019] [60219] [HailoRT] [info] [queue_elements.cpp:68] [operator()] Thread in element PullQEl_nms3yolov11n/conv51_143 is not running anymore, exiting..
[2026-04-13 13:01:56.019] [54264] [HailoRT] [info] [queue_elements.cpp:46] [~BaseQueueElement] Queue element PullQEl_nms3yolov11n/conv51_143 has 0 frames in his Queue on destruction
[2026-04-13 13:01:56.019] [54264] [HailoRT] [info] [core_op.cpp:186] [deactivate] Deactivating took 0.008352 ms
[2026-04-13 13:01:56.019] [54264] [HailoRT] [info] [core_op.cpp:186] [deactivate] Deactivating took 0.018351 ms
[2026-04-13 13:22:39.208] [68554] [HailoRT] [info] [vdevice.cpp:535] [create] Creating vdevice with params: device_count: 1, scheduling_algorithm: NONE, multi_process_service: false
[2026-04-13 13:22:39.219] [68554] [HailoRT] [info] [device.cpp:51] [Device] OS Version: Linux 6.12.62+rpt-rpi-2712 #1 SMP PREEMPT Debian 1:6.12.62-1+rpt1 (2025-12-18) aarch64
[2026-04-13 13:22:39.220] [68554] [HailoRT] [info] [control.cpp:113] [control__parse_identify_results] firmware_version is: 4.23.0
[2026-04-13 13:22:39.220] [68554] [HailoRT] [info] [vdevice.cpp:682] [create] VDevice Infos: 0001:01:00.0
[2026-04-13 13:22:39.227] [68554] [HailoRT] [info] [internal_buffer_manager.cpp:77] [print_execution_results] Planned internal buffer memory: CMA=0 CMA-Desc=327680 Pinned=2357760. memory to edge layer usage factor is 1
[2026-04-13 13:22:39.227] [68554] [HailoRT] [info] [internal_buffer_manager.cpp:86] [print_execution_results] Default Internal buffer planner executed successfully
[2026-04-13 13:22:39.255] [68554] [HailoRT] [info] [device_internal.cpp:57] [configure] Configuring HEF took 34.832139 milliseconds
[2026-04-13 13:22:39.255] [68554] [HailoRT] [info] [vdevice.cpp:780] [configure] Configuring HEF on VDevice took 35.219435 milliseconds
[2026-04-13 13:22:39.255] [68554] [HailoRT] [info] [control.cpp:113] [control__parse_identify_results] firmware_version is: 4.23.0
[2026-04-13 13:22:39.256] [68554] [HailoRT] [info] [control.cpp:113] [control__parse_identify_results] firmware_version is: 4.23.0
[2026-04-13 13:22:39.256] [68554] [HailoRT] [info] [core_op.cpp:156] [activate] Activating yolov11n took 0.665684 milliseconds. Note that the function is asynchronous and thus the network is not fully activated yet.
[2026-04-13 13:22:39.256] [68554] [HailoRT] [info] [core_op.cpp:156] [activate] Activating yolov11n took 0.67924 milliseconds. Note that the function is asynchronous and thus the network is not fully activated yet.
[2026-04-13 13:22:39.269] [68554] [HailoRT] [info] [control.cpp:113] [control__parse_identify_results] firmware_version is: 4.23.0
[2026-04-13 13:22:39.270] [68554] [HailoRT] [info] [control.cpp:113] [control__parse_identify_results] firmware_version is: 4.23.0
[2026-04-13 13:22:40.489] [68546] [HailoRT] [info] [device.cpp:51] [Device] OS Version: Linux 6.12.62+rpt-rpi-2712 #1 SMP PREEMPT Debian 1:6.12.62-1+rpt1 (2025-12-18) aarch64
[2026-04-13 13:22:40.489] [68546] [HailoRT] [info] [control.cpp:113] [control__parse_identify_results] firmware_version is: 4.23.0
[2026-04-13 13:22:40.489] [68546] [HailoRT] [info] [control.cpp:113] [control__parse_identify_results] firmware_version is: 4.23.0
[2026-04-13 13:27:39.270] [68566] [HailoRT] [info] [vdevice_native_stream.cpp:331] [read_impl] Failed read from stream HAILO_STREAM_ABORT(63) (device: 0001:01:00.0)
[2026-04-13 13:27:39.270] [68568] [HailoRT] [info] [vdevice_native_stream.cpp:331] [read_impl] Failed read from stream HAILO_STREAM_ABORT(63) (device: 0001:01:00.0)
[2026-04-13 13:27:39.270] [68567] [HailoRT] [info] [vdevice_native_stream.cpp:331] [read_impl] Failed read from stream HAILO_STREAM_ABORT(63) (device: 0001:01:00.0)
[2026-04-13 13:27:39.270] [68563] [HailoRT] [info] [vdevice_native_stream.cpp:331] [read_impl] Failed read from stream HAILO_STREAM_ABORT(63) (device: 0001:01:00.0)
[2026-04-13 13:27:39.270] [68565] [HailoRT] [info] [vdevice_native_stream.cpp:331] [read_impl] Failed read from stream HAILO_STREAM_ABORT(63) (device: 0001:01:00.0)
[2026-04-13 13:27:39.270] [68564] [HailoRT] [info] [vdevice_native_stream.cpp:331] [read_impl] Failed read from stream HAILO_STREAM_ABORT(63) (device: 0001:01:00.0)
[2026-04-13 13:27:39.270] [68569] [HailoRT] [info] [vdevice_native_stream.cpp:142] [write_impl] Failed write to stream yolov11n/input_layer1 (device: 0001:01:00.0) with status=HAILO_STREAM_ABORT(63)
[2026-04-13 13:27:39.276] [68554] [HailoRT] [info] [core_op.cpp:186] [deactivate] Deactivating took 0.010871 ms
[2026-04-13 13:27:39.276] [68554] [HailoRT] [info] [core_op.cpp:186] [deactivate] Deactivating took 0.050907 ms
[2026-04-13 13:27:39.316] [68554] [HailoRT] [info] [vdevice.cpp:535] [create] Creating vdevice with params: device_count: 1, scheduling_algorithm: NONE, multi_process_service: false
[2026-04-13 13:27:39.316] [68554] [HailoRT] [info] [device.cpp:51] [Device] OS Version: Linux 6.12.62+rpt-rpi-2712 #1 SMP PREEMPT Debian 1:6.12.62-1+rpt1 (2025-12-18) aarch64
[2026-04-13 13:27:39.316] [68554] [HailoRT] [info] [control.cpp:113] [control__parse_identify_results] firmware_version is: 4.23.0
[2026-04-13 13:27:39.316] [68554] [HailoRT] [info] [vdevice.cpp:682] [create] VDevice Infos: 0001:01:00.0
[2026-04-13 13:27:39.326] [68554] [HailoRT] [info] [internal_buffer_manager.cpp:77] [print_execution_results] Planned internal buffer memory: CMA=0 CMA-Desc=327680 Pinned=2357760. memory to edge layer usage factor is 1
[2026-04-13 13:27:39.326] [68554] [HailoRT] [info] [internal_buffer_manager.cpp:86] [print_execution_results] Default Internal buffer planner executed successfully
[2026-04-13 13:27:39.365] [68554] [HailoRT] [info] [device_internal.cpp:57] [configure] Configuring HEF took 48.538821 milliseconds
[2026-04-13 13:27:39.365] [68554] [HailoRT] [info] [vdevice.cpp:780] [configure] Configuring HEF on VDevice took 48.932542 milliseconds
[2026-04-13 13:27:39.366] [68554] [HailoRT] [info] [control.cpp:113] [control__parse_identify_results] firmware_version is: 4.23.0
[2026-04-13 13:27:39.366] [68554] [HailoRT] [info] [control.cpp:113] [control__parse_identify_results] firmware_version is: 4.23.0
[2026-04-13 13:27:39.367] [68554] [HailoRT] [info] [core_op.cpp:156] [activate] Activating yolov11n took 0.811906 milliseconds. Note that the function is asynchronous and thus the network is not fully activated yet.
[2026-04-13 13:27:39.367] [68554] [HailoRT] [info] [core_op.cpp:156] [activate] Activating yolov11n took 0.827535 milliseconds. Note that the function is asynchronous and thus the network is not fully activated yet.
[2026-04-13 13:27:39.381] [68554] [HailoRT] [info] [control.cpp:113] [control__parse_identify_results] firmware_version is: 4.23.0
[2026-04-13 13:27:39.381] [68554] [HailoRT] [info] [control.cpp:113] [control__parse_identify_results] firmware_version is: 4.23.0
[2026-04-13 13:27:39.381] [68554] [HailoRT] [info] [edge_elements.cpp:52] [create] Created (HwWriteEl8yolov11n/input_layer1 | hw_frame_size: 1228800)
[2026-04-13 13:27:39.382] [68554] [HailoRT] [info] [queue_elements.cpp:284] [create] Created (PushQEl8yolov11n/input_layer1 | timeout: 10s)
[2026-04-13 13:27:39.382] [68554] [HailoRT] [info] [filter_elements.cpp:101] [create] Created (PreInferEl8yolov11n/input_layer1 | Reorder - src_order: NHWC, src_shape: (640, 640, 3), dst_order: NHCW, dst_shape: (640, 640, 3))
[2026-04-13 13:27:39.382] [68554] [HailoRT] [info] [vstream.cpp:754] [InputVStreamImpl] Creating yolov11n/input_layer1...
[2026-04-13 13:27:39.382] [68554] [HailoRT] [info] [vstream_builder.cpp:102] [create_inputs] Input pipeline 'yolov11n/input_layer1': (PreInferEl8yolov11n/input_layer1 | Reorder - src_order: NHWC, src_shape: (640, 640, 3), dst_order: NHCW, dst_shape: (640, 640, 3)) >> (PushQEl8yolov11n/input_layer1 | timeout: 10s) >> (HwWriteEl8yolov11n/input_layer1 | hw_frame_size: 1228800) >> HW
[2026-04-13 13:27:39.382] [68554] [HailoRT] [info] [multi_io_elements.cpp:135] [create] Created (NmsPPMuxEl0YOLOV8-Post-Process | Op YOLOV8, Name: YOLOV8-Post-Process, Score threshold: 0.200, IoU threshold: 0.70, Classes: 80, Max bboxes per class: 100, Image height: 640, Image width: 640)
[2026-04-13 13:27:39.382] [68554] [HailoRT] [info] [edge_elements.cpp:287] [create] Created (HwReadEl3yolov11n/conv51_143 | hw_frame_size: 409600)
[2026-04-13 13:27:39.382] [68554] [HailoRT] [info] [queue_elements.cpp:657] [create] Created (PullQEl_nms3yolov11n/conv51_143 | timeout: 10s)
[2026-04-13 13:27:39.382] [68554] [HailoRT] [info] [edge_elements.cpp:287] [create] Created (HwReadEl12yolov11n/conv54_143 | hw_frame_size: 512000)
[2026-04-13 13:27:39.382] [68554] [HailoRT] [info] [queue_elements.cpp:657] [create] Created (PullQEl_nms12yolov11n/conv54_143 | timeout: 10s)
[2026-04-13 13:27:39.382] [68554] [HailoRT] [info] [edge_elements.cpp:287] [create] Created (HwReadEl15yolov11n/conv62_143 | hw_frame_size: 102400)
[2026-04-13 13:27:39.382] [68554] [HailoRT] [info] [queue_elements.cpp:657] [create] Created (PullQEl_nms15yolov11n/conv62_143 | timeout: 10s)
[2026-04-13 13:27:39.382] [68554] [HailoRT] [info] [edge_elements.cpp:287] [create] Created (HwReadEl13yolov11n/conv65_143 | hw_frame_size: 128000)
[2026-04-13 13:27:39.382] [68554] [HailoRT] [info] [queue_elements.cpp:657] [create] Created (PullQEl_nms13yolov11n/conv65_143 | timeout: 10s)
[2026-04-13 13:27:39.382] [68554] [HailoRT] [info] [edge_elements.cpp:287] [create] Created (HwReadEl1yolov11n/conv77_143 | hw_frame_size: 30720)
[2026-04-13 13:27:39.382] [68554] [HailoRT] [info] [queue_elements.cpp:657] [create] Created (PullQEl_nms1yolov11n/conv77_143 | timeout: 10s)
[2026-04-13 13:27:39.382] [68554] [HailoRT] [info] [edge_elements.cpp:287] [create] Created (HwReadEl0yolov11n/conv80_143 | hw_frame_size: 38400)
[2026-04-13 13:27:39.382] [68554] [HailoRT] [info] [queue_elements.cpp:657] [create] Created (PullQEl_nms0yolov11n/conv80_143 | timeout: 10s)
[2026-04-13 13:27:39.382] [68554] [HailoRT] [info] [queue_elements.cpp:800] [create] Created (UserBufQEl_post_infer0yolov11n/yolov8_nms_postprocess | timeout: 10s)
[2026-04-13 13:27:39.383] [68554] [HailoRT] [info] [vstream.cpp:1114] [OutputVStreamImpl] Creating yolov11n/yolov8_nms_postprocess...
[2026-04-13 13:27:39.383] [68554] [HailoRT] [info] [vstream_builder.cpp:622] [create_output_post_process_nms] Output pipeline 'yolov11n/yolov8_nms_postprocess': HW >> (HwReadEl3yolov11n/conv51_143 | hw_frame_size: 409600) >> (PullQEl_nms3yolov11n/conv51_143) >> (HwReadEl12yolov11n/conv54_143 | hw_frame_size: 512000) >> (PullQEl_nms12yolov11n/conv54_143) >> (HwReadEl15yolov11n/conv62_143 | hw_frame_size: 102400) >> (PullQEl_nms15yolov11n/conv62_143) >> (HwReadEl13yolov11n/conv65_143 | hw_frame_size: 128000) >> (PullQEl_nms13yolov11n/conv65_143) >> (HwReadEl1yolov11n/conv77_143 | hw_frame_size: 30720) >> (PullQEl_nms1yolov11n/conv77_143) >> (HwReadEl0yolov11n/conv80_143 | hw_frame_size: 38400) >> (PullQEl_nms0yolov11n/conv80_143) >> (NmsPPMuxEl0YOLOV8-Post-Process | Op YOLOV8, Name: YOLOV8-Post-Process, Score threshold: 0.200, IoU threshold: 0.70, Classes: 80, Max bboxes per class: 100, Image height: 640, Image width: 640) >> (UserBufQEl_post_infer0yolov11n/yolov8_nms_postprocess | timeout: 10s)
[2026-04-13 13:32:39.383] [71767] [HailoRT] [info] [vdevice_native_stream.cpp:142] [write_impl] Failed write to stream yolov11n/input_layer1 (device: 0001:01:00.0) with status=HAILO_STREAM_ABORT(63)
[2026-04-13 13:32:39.383] [71770] [HailoRT] [info] [vdevice_native_stream.cpp:331] [read_impl] Failed read from stream HAILO_STREAM_ABORT(63) (device: 0001:01:00.0)
[2026-04-13 13:32:39.383] [71770] [HailoRT] [info] [edge_elements.cpp:396] [run_pull] Reading from stream was aborted!
[2026-04-13 13:32:39.383] [71767] [HailoRT] [info] [edge_elements.cpp:87] [run_push] Failed to send on input stream InputStream(index=8, name=yolov11n/input_layer1) because stream was aborted
[2026-04-13 13:32:39.383] [71770] [HailoRT] [info] [queue_elements.cpp:738] [run_in_thread] run_pull of queue element PullQEl_nms15yolov11n/conv62_143 was aborted!
[2026-04-13 13:32:39.383] [71767] [HailoRT] [info] [queue_elements.cpp:401] [run_in_thread] run_push of PushQEl8yolov11n/input_layer1 was aborted!
[2026-04-13 13:32:39.383] [71769] [HailoRT] [info] [vdevice_native_stream.cpp:331] [read_impl] Failed read from stream HAILO_STREAM_ABORT(63) (device: 0001:01:00.0)
[2026-04-13 13:32:39.383] [71769] [HailoRT] [info] [edge_elements.cpp:396] [run_pull] Reading from stream was aborted!
[2026-04-13 13:32:39.383] [71772] [HailoRT] [info] [vdevice_native_stream.cpp:331] [read_impl] Failed read from stream HAILO_STREAM_ABORT(63) (device: 0001:01:00.0)
[2026-04-13 13:32:39.383] [71768] [HailoRT] [info] [vdevice_native_stream.cpp:331] [read_impl] Failed read from stream HAILO_STREAM_ABORT(63) (device: 0001:01:00.0)
[2026-04-13 13:32:39.383] [71772] [HailoRT] [info] [edge_elements.cpp:396] [run_pull] Reading from stream was aborted!
[2026-04-13 13:32:39.383] [71768] [HailoRT] [info] [edge_elements.cpp:396] [run_pull] Reading from stream was aborted!
[2026-04-13 13:32:39.383] [71778] [HailoRT] [info] [vstream.cpp:774] [write] Sending to VStream was shutdown!
[2026-04-13 13:32:39.383] [71778] [HailoRT] [info] [vstream.cpp:778] [write] Sending to VStream was aborted!
[2026-04-13 13:32:39.383] [71772] [HailoRT] [info] [queue_elements.cpp:738] [run_in_thread] run_pull of queue element PullQEl_nms1yolov11n/conv77_143 was aborted!
[2026-04-13 13:32:39.383] [71771] [HailoRT] [info] [vdevice_native_stream.cpp:331] [read_impl] Failed read from stream HAILO_STREAM_ABORT(63) (device: 0001:01:00.0)
[2026-04-13 13:32:39.383] [71771] [HailoRT] [info] [edge_elements.cpp:396] [run_pull] Reading from stream was aborted!
[2026-04-13 13:32:39.383] [71771] [HailoRT] [info] [queue_elements.cpp:738] [run_in_thread] run_pull of queue element PullQEl_nms13yolov11n/conv65_143 was aborted!
[2026-04-13 13:32:39.383] [71768] [HailoRT] [info] [queue_elements.cpp:738] [run_in_thread] run_pull of queue element PullQEl_nms3yolov11n/conv51_143 was aborted!
[2026-04-13 13:32:39.383] [71769] [HailoRT] [info] [queue_elements.cpp:738] [run_in_thread] run_pull of queue element PullQEl_nms12yolov11n/conv54_143 was aborted!
[2026-04-13 13:32:39.383] [71773] [HailoRT] [info] [vdevice_native_stream.cpp:331] [read_impl] Failed read from stream HAILO_STREAM_ABORT(63) (device: 0001:01:00.0)
[2026-04-13 13:32:39.383] [71773] [HailoRT] [info] [edge_elements.cpp:396] [run_pull] Reading from stream was aborted!
[2026-04-13 13:32:39.383] [71773] [HailoRT] [info] [queue_elements.cpp:738] [run_in_thread] run_pull of queue element PullQEl_nms0yolov11n/conv80_143 was aborted!
[2026-04-13 13:32:39.384] [71777] [HailoRT] [info] [queue_elements.cpp:706] [run_pull] Shutdown event was signaled in dequeue of queue element PullQEl_nms3yolov11n/conv51_143!
[2026-04-13 13:32:39.384] [71777] [HailoRT] [info] [vstream.cpp:1138] [read] Receiving to VStream was shutdown!
[2026-04-13 13:32:39.415] [68554] [HailoRT] [info] [queue_elements.cpp:360] [execute_deactivate] enqueue() in element PushQEl8yolov11n/input_layer1 was aborted, got status = HAILO_SHUTDOWN_EVENT_SIGNALED(57)
[2026-04-13 13:32:39.415] [71767] [HailoRT] [info] [queue_elements.cpp:68] [operator()] Thread in element PushQEl8yolov11n/input_layer1 is not running anymore, exiting..
[2026-04-13 13:32:39.415] [68554] [HailoRT] [info] [queue_elements.cpp:46] [~BaseQueueElement] Queue element PushQEl8yolov11n/input_layer1 has 1 frames in his Queue on destruction
[2026-04-13 13:32:39.415] [71774] [HailoRT] [info] [queue_elements.cpp:68] [operator()] Thread in element UserBufQEl_post_infer0yolov11n/yolov8_nms_postprocess is not running anymore, exiting..
[2026-04-13 13:32:39.415] [68554] [HailoRT] [info] [queue_elements.cpp:46] [~BaseQueueElement] Queue element UserBufQEl_post_infer0yolov11n/yolov8_nms_postprocess has 0 frames in his Queue on destruction
[2026-04-13 13:32:39.415] [71773] [HailoRT] [info] [queue_elements.cpp:68] [operator()] Thread in element PullQEl_nms0yolov11n/conv80_143 is not running anymore, exiting..
[2026-04-13 13:32:39.415] [68554] [HailoRT] [info] [queue_elements.cpp:46] [~BaseQueueElement] Queue element PullQEl_nms0yolov11n/conv80_143 has 0 frames in his Queue on destruction
[2026-04-13 13:32:39.415] [71772] [HailoRT] [info] [queue_elements.cpp:68] [operator()] Thread in element PullQEl_nms1yolov11n/conv77_143 is not running anymore, exiting..
[2026-04-13 13:32:39.415] [68554] [HailoRT] [info] [queue_elements.cpp:46] [~BaseQueueElement] Queue element PullQEl_nms1yolov11n/conv77_143 has 0 frames in his Queue on destruction
[2026-04-13 13:32:39.415] [71771] [HailoRT] [info] [queue_elements.cpp:68] [operator()] Thread in element PullQEl_nms13yolov11n/conv65_143 is not running anymore, exiting..
[2026-04-13 13:32:39.415] [68554] [HailoRT] [info] [queue_elements.cpp:46] [~BaseQueueElement] Queue element PullQEl_nms13yolov11n/conv65_143 has 0 frames in his Queue on destruction
[2026-04-13 13:32:39.415] [71770] [HailoRT] [info] [queue_elements.cpp:68] [operator()] Thread in element PullQEl_nms15yolov11n/conv62_143 is not running anymore, exiting..
[2026-04-13 13:32:39.415] [68554] [HailoRT] [info] [queue_elements.cpp:46] [~BaseQueueElement] Queue element PullQEl_nms15yolov11n/conv62_143 has 0 frames in his Queue on destruction
[2026-04-13 13:32:39.415] [71769] [HailoRT] [info] [queue_elements.cpp:68] [operator()] Thread in element PullQEl_nms12yolov11n/conv54_143 is not running anymore, exiting..
[2026-04-13 13:32:39.415] [68554] [HailoRT] [info] [queue_elements.cpp:46] [~BaseQueueElement] Queue element PullQEl_nms12yolov11n/conv54_143 has 0 frames in his Queue on destruction
[2026-04-13 13:32:39.415] [71768] [HailoRT] [info] [queue_elements.cpp:68] [operator()] Thread in element PullQEl_nms3yolov11n/conv51_143 is not running anymore, exiting..
[2026-04-13 13:32:39.415] [68554] [HailoRT] [info] [queue_elements.cpp:46] [~BaseQueueElement] Queue element PullQEl_nms3yolov11n/conv51_143 has 0 frames in his Queue on destruction
[2026-04-13 13:32:39.415] [68554] [HailoRT] [info] [core_op.cpp:186] [deactivate] Deactivating took 0.007333 ms
[2026-04-13 13:32:39.415] [68554] [HailoRT] [info] [core_op.cpp:186] [deactivate] Deactivating took 0.016352 ms
[2026-04-13 13:32:39.444] [68554] [HailoRT] [info] [vdevice.cpp:535] [create] Creating vdevice with params: device_count: 1, scheduling_algorithm: NONE, multi_process_service: false
[2026-04-13 13:32:39.444] [68554] [HailoRT] [info] [device.cpp:51] [Device] OS Version: Linux 6.12.62+rpt-rpi-2712 #1 SMP PREEMPT Debian 1:6.12.62-1+rpt1 (2025-12-18) aarch64
[2026-04-13 13:32:39.444] [68554] [HailoRT] [info] [control.cpp:113] [control__parse_identify_results] firmware_version is: 4.23.0
[2026-04-13 13:32:39.444] [68554] [HailoRT] [info] [vdevice.cpp:682] [create] VDevice Infos: 0001:01:00.0
[2026-04-13 13:32:39.450] [68554] [HailoRT] [info] [internal_buffer_manager.cpp:77] [print_execution_results] Planned internal buffer memory: CMA=0 CMA-Desc=327680 Pinned=2357760. memory to edge layer usage factor is 1
[2026-04-13 13:32:39.451] [68554] [HailoRT] [info] [internal_buffer_manager.cpp:86] [print_execution_results] Default Internal buffer planner executed successfully
[2026-04-13 13:32:39.476] [68554] [HailoRT] [info] [device_internal.cpp:57] [configure] Configuring HEF took 31.518631 milliseconds
[2026-04-13 13:32:39.476] [68554] [HailoRT] [info] [vdevice.cpp:780] [configure] Configuring HEF on VDevice took 31.842945 milliseconds
[2026-04-13 13:32:39.477] [68554] [HailoRT] [info] [control.cpp:113] [control__parse_identify_results] firmware_version is: 4.23.0
[2026-04-13 13:32:39.477] [68554] [HailoRT] [info] [control.cpp:113] [control__parse_identify_results] firmware_version is: 4.23.0
[2026-04-13 13:32:39.478] [68554] [HailoRT] [info] [core_op.cpp:156] [activate] Activating yolov11n took 0.670517 milliseconds. Note that the function is asynchronous and thus the network is not fully activated yet.
[2026-04-13 13:32:39.478] [68554] [HailoRT] [info] [core_op.cpp:156] [activate] Activating yolov11n took 0.679425 milliseconds. Note that the function is asynchronous and thus the network is not fully activated yet.
[2026-04-13 13:32:39.491] [68554] [HailoRT] [info] [control.cpp:113] [control__parse_identify_results] firmware_version is: 4.23.0
[2026-04-13 13:32:39.491] [68554] [HailoRT] [info] [control.cpp:113] [control__parse_identify_results] firmware_version is: 4.23.0
[2026-04-13 13:32:39.491] [68554] [HailoRT] [info] [edge_elements.cpp:52] [create] Created (HwWriteEl8yolov11n/input_layer1 | hw_frame_size: 1228800)
[2026-04-13 13:32:39.491] [68554] [HailoRT] [info] [queue_elements.cpp:284] [create] Created (PushQEl8yolov11n/input_layer1 | timeout: 10s)
[2026-04-13 13:32:39.491] [68554] [HailoRT] [info] [filter_elements.cpp:101] [create] Created (PreInferEl8yolov11n/input_layer1 | Reorder - src_order: NHWC, src_shape: (640, 640, 3), dst_order: NHCW, dst_shape: (640, 640, 3))
[2026-04-13 13:32:39.491] [68554] [HailoRT] [info] [vstream.cpp:754] [InputVStreamImpl] Creating yolov11n/input_layer1...
[2026-04-13 13:32:39.491] [68554] [HailoRT] [info] [vstream_builder.cpp:102] [create_inputs] Input pipeline 'yolov11n/input_layer1': (PreInferEl8yolov11n/input_layer1 | Reorder - src_order: NHWC, src_shape: (640, 640, 3), dst_order: NHCW, dst_shape: (640, 640, 3)) >> (PushQEl8yolov11n/input_layer1 | timeout: 10s) >> (HwWriteEl8yolov11n/input_layer1 | hw_frame_size: 1228800) >> HW
[2026-04-13 13:32:39.491] [68554] [HailoRT] [info] [multi_io_elements.cpp:135] [create] Created (NmsPPMuxEl0YOLOV8-Post-Process | Op YOLOV8, Name: YOLOV8-Post-Process, Score threshold: 0.200, IoU threshold: 0.70, Classes: 80, Max bboxes per class: 100, Image height: 640, Image width: 640)
[2026-04-13 13:32:39.491] [68554] [HailoRT] [info] [edge_elements.cpp:287] [create] Created (HwReadEl3yolov11n/conv51_143 | hw_frame_size: 409600)
[2026-04-13 13:32:39.492] [68554] [HailoRT] [info] [queue_elements.cpp:657] [create] Created (PullQEl_nms3yolov11n/conv51_143 | timeout: 10s)
[2026-04-13 13:32:39.492] [68554] [HailoRT] [info] [edge_elements.cpp:287] [create] Created (HwReadEl12yolov11n/conv54_143 | hw_frame_size: 512000)
[2026-04-13 13:32:39.492] [68554] [HailoRT] [info] [queue_elements.cpp:657] [create] Created (PullQEl_nms12yolov11n/conv54_143 | timeout: 10s)
[2026-04-13 13:32:39.492] [68554] [HailoRT] [info] [edge_elements.cpp:287] [create] Created (HwReadEl15yolov11n/conv62_143 | hw_frame_size: 102400)
[2026-04-13 13:32:39.492] [68554] [HailoRT] [info] [queue_elements.cpp:657] [create] Created (PullQEl_nms15yolov11n/conv62_143 | timeout: 10s)
[2026-04-13 13:32:39.492] [68554] [HailoRT] [info] [edge_elements.cpp:287] [create] Created (HwReadEl13yolov11n/conv65_143 | hw_frame_size: 128000)
[2026-04-13 13:32:39.492] [68554] [HailoRT] [info] [queue_elements.cpp:657] [create] Created (PullQEl_nms13yolov11n/conv65_143 | timeout: 10s)
[2026-04-13 13:32:39.492] [68554] [HailoRT] [info] [edge_elements.cpp:287] [create] Created (HwReadEl1yolov11n/conv77_143 | hw_frame_size: 30720)
[2026-04-13 13:32:39.492] [68554] [HailoRT] [info] [queue_elements.cpp:657] [create] Created (PullQEl_nms1yolov11n/conv77_143 | timeout: 10s)
[2026-04-13 13:32:39.492] [68554] [HailoRT] [info] [edge_elements.cpp:287] [create] Created (HwReadEl0yolov11n/conv80_143 | hw_frame_size: 38400)
[2026-04-13 13:32:39.492] [68554] [HailoRT] [info] [queue_elements.cpp:657] [create] Created (PullQEl_nms0yolov11n/conv80_143 | timeout: 10s)
[2026-04-13 13:32:39.492] [68554] [HailoRT] [info] [queue_elements.cpp:800] [create] Created (UserBufQEl_post_infer0yolov11n/yolov8_nms_postprocess | timeout: 10s)
[2026-04-13 13:32:39.492] [68554] [HailoRT] [info] [vstream.cpp:1114] [OutputVStreamImpl] Creating yolov11n/yolov8_nms_postprocess...
[2026-04-13 13:32:39.492] [68554] [HailoRT] [info] [vstream_builder.cpp:622] [create_output_post_process_nms] Output pipeline 'yolov11n/yolov8_nms_postprocess': HW >> (HwReadEl3yolov11n/conv51_143 | hw_frame_size: 409600) >> (PullQEl_nms3yolov11n/conv51_143) >> (HwReadEl12yolov11n/conv54_143 | hw_frame_size: 512000) >> (PullQEl_nms12yolov11n/conv54_143) >> (HwReadEl15yolov11n/conv62_143 | hw_frame_size: 102400) >> (PullQEl_nms15yolov11n/conv62_143) >> (HwReadEl13yolov11n/conv65_143 | hw_frame_size: 128000) >> (PullQEl_nms13yolov11n/conv65_143) >> (HwReadEl1yolov11n/conv77_143 | hw_frame_size: 30720) >> (PullQEl_nms1yolov11n/conv77_143) >> (HwReadEl0yolov11n/conv80_143 | hw_frame_size: 38400) >> (PullQEl_nms0yolov11n/conv80_143) >> (NmsPPMuxEl0YOLOV8-Post-Process | Op YOLOV8, Name: YOLOV8-Post-Process, Score threshold: 0.200, IoU threshold: 0.70, Classes: 80, Max bboxes per class: 100, Image height: 640, Image width: 640) >> (UserBufQEl_post_infer0yolov11n/yolov8_nms_postprocess | timeout: 10s)
[2026-04-13 13:37:39.493] [75349] [HailoRT] [info] [vdevice_native_stream.cpp:331] [read_impl] Failed read from stream HAILO_STREAM_ABORT(63) (device: 0001:01:00.0)
[2026-04-13 13:37:39.493] [75352] [HailoRT] [info] [vdevice_native_stream.cpp:331] [read_impl] Failed read from stream HAILO_STREAM_ABORT(63) (device: 0001:01:00.0)
[2026-04-13 13:37:39.493] [75349] [HailoRT] [info] [edge_elements.cpp:396] [run_pull] Reading from stream was aborted!
[2026-04-13 13:37:39.493] [75352] [HailoRT] [info] [edge_elements.cpp:396] [run_pull] Reading from stream was aborted!
[2026-04-13 13:37:39.493] [75349] [HailoRT] [info] [queue_elements.cpp:738] [run_in_thread] run_pull of queue element PullQEl_nms12yolov11n/conv54_143 was aborted!
[2026-04-13 13:37:39.493] [75352] [HailoRT] [info] [queue_elements.cpp:738] [run_in_thread] run_pull of queue element PullQEl_nms1yolov11n/conv77_143 was aborted!
[2026-04-13 13:37:39.493] [75353] [HailoRT] [info] [vdevice_native_stream.cpp:331] [read_impl] Failed read from stream HAILO_STREAM_ABORT(63) (device: 0001:01:00.0)
[2026-04-13 13:37:39.493] [75353] [HailoRT] [info] [edge_elements.cpp:396] [run_pull] Reading from stream was aborted!
[2026-04-13 13:37:39.493] [75351] [HailoRT] [info] [vdevice_native_stream.cpp:331] [read_impl] Failed read from stream HAILO_STREAM_ABORT(63) (device: 0001:01:00.0)
[2026-04-13 13:37:39.493] [75351] [HailoRT] [info] [edge_elements.cpp:396] [run_pull] Reading from stream was aborted!
[2026-04-13 13:37:39.493] [75353] [HailoRT] [info] [queue_elements.cpp:738] [run_in_thread] run_pull of queue element PullQEl_nms0yolov11n/conv80_143 was aborted!
[2026-04-13 13:37:39.493] [75351] [HailoRT] [info] [queue_elements.cpp:738] [run_in_thread] run_pull of queue element PullQEl_nms13yolov11n/conv65_143 was aborted!
[2026-04-13 13:37:39.493] [75350] [HailoRT] [info] [vdevice_native_stream.cpp:331] [read_impl] Failed read from stream HAILO_STREAM_ABORT(63) (device: 0001:01:00.0)
[2026-04-13 13:37:39.493] [75350] [HailoRT] [info] [edge_elements.cpp:396] [run_pull] Reading from stream was aborted!
[2026-04-13 13:37:39.493] [75350] [HailoRT] [info] [queue_elements.cpp:738] [run_in_thread] run_pull of queue element PullQEl_nms15yolov11n/conv62_143 was aborted!
[2026-04-13 13:37:39.493] [75348] [HailoRT] [info] [vdevice_native_stream.cpp:331] [read_impl] Failed read from stream HAILO_STREAM_ABORT(63) (device: 0001:01:00.0)
[2026-04-13 13:37:39.493] [75348] [HailoRT] [info] [edge_elements.cpp:396] [run_pull] Reading from stream was aborted!
[2026-04-13 13:37:39.493] [75348] [HailoRT] [info] [queue_elements.cpp:738] [run_in_thread] run_pull of queue element PullQEl_nms3yolov11n/conv51_143 was aborted!
[2026-04-13 13:37:39.493] [75357] [HailoRT] [info] [queue_elements.cpp:706] [run_pull] Shutdown event was signaled in dequeue of queue element PullQEl_nms3yolov11n/conv51_143!
[2026-04-13 13:37:39.493] [75357] [HailoRT] [info] [vstream.cpp:1138] [read] Receiving to VStream was shutdown!
[2026-04-13 13:37:39.494] [75347] [HailoRT] [info] [vdevice_native_stream.cpp:142] [write_impl] Failed write to stream yolov11n/input_layer1 (device: 0001:01:00.0) with status=HAILO_STREAM_ABORT(63)
[2026-04-13 13:37:39.494] [75347] [HailoRT] [info] [edge_elements.cpp:87] [run_push] Failed to send on input stream InputStream(index=8, name=yolov11n/input_layer1) because stream was aborted
[2026-04-13 13:37:39.494] [75347] [HailoRT] [info] [queue_elements.cpp:401] [run_in_thread] run_push of PushQEl8yolov11n/input_layer1 was aborted!
[2026-04-13 13:37:39.496] [75358] [HailoRT] [info] [queue_elements.cpp:319] [run_push] run_push of PushQEl8yolov11n/input_layer1 was aborted!
[2026-04-13 13:37:39.496] [75358] [HailoRT] [info] [filter_elements.cpp:35] [run_push] run_push of PreInferEl8yolov11n/input_layer1 was aborted!
[2026-04-13 13:37:39.496] [75358] [HailoRT] [info] [vstream.cpp:778] [write] Sending to VStream was aborted!
[2026-04-13 13:37:39.499] [68554] [HailoRT] [info] [queue_elements.cpp:360] [execute_deactivate] enqueue() in element PushQEl8yolov11n/input_layer1 was aborted, got status = HAILO_SHUTDOWN_EVENT_SIGNALED(57)
[2026-04-13 13:37:39.499] [75347] [HailoRT] [info] [queue_elements.cpp:68] [operator()] Thread in element PushQEl8yolov11n/input_layer1 is not running anymore, exiting..
[2026-04-13 13:37:39.499] [68554] [HailoRT] [info] [queue_elements.cpp:46] [~BaseQueueElement] Queue element PushQEl8yolov11n/input_layer1 has 0 frames in his Queue on destruction
[2026-04-13 13:37:39.499] [75354] [HailoRT] [info] [queue_elements.cpp:68] [operator()] Thread in element UserBufQEl_post_infer0yolov11n/yolov8_nms_postprocess is not running anymore, exiting..
[2026-04-13 13:37:39.499] [68554] [HailoRT] [info] [queue_elements.cpp:46] [~BaseQueueElement] Queue element UserBufQEl_post_infer0yolov11n/yolov8_nms_postprocess has 0 frames in his Queue on destruction
[2026-04-13 13:37:39.499] [75353] [HailoRT] [info] [queue_elements.cpp:68] [operator()] Thread in element PullQEl_nms0yolov11n/conv80_143 is not running anymore, exiting..
[2026-04-13 13:37:39.499] [68554] [HailoRT] [info] [queue_elements.cpp:46] [~BaseQueueElement] Queue element PullQEl_nms0yolov11n/conv80_143 has 0 frames in his Queue on destruction
[2026-04-13 13:37:39.499] [75352] [HailoRT] [info] [queue_elements.cpp:68] [operator()] Thread in element PullQEl_nms1yolov11n/conv77_143 is not running anymore, exiting..
[2026-04-13 13:37:39.499] [68554] [HailoRT] [info] [queue_elements.cpp:46] [~BaseQueueElement] Queue element PullQEl_nms1yolov11n/conv77_143 has 0 frames in his Queue on destruction
[2026-04-13 13:37:39.499] [75351] [HailoRT] [info] [queue_elements.cpp:68] [operator()] Thread in element PullQEl_nms13yolov11n/conv65_143 is not running anymore, exiting..
[2026-04-13 13:37:39.499] [68554] [HailoRT] [info] [queue_elements.cpp:46] [~BaseQueueElement] Queue element PullQEl_nms13yolov11n/conv65_143 has 0 frames in his Queue on destruction
[2026-04-13 13:37:39.499] [75350] [HailoRT] [info] [queue_elements.cpp:68] [operator()] Thread in element PullQEl_nms15yolov11n/conv62_143 is not running anymore, exiting..
[2026-04-13 13:37:39.499] [68554] [HailoRT] [info] [queue_elements.cpp:46] [~BaseQueueElement] Queue element PullQEl_nms15yolov11n/conv62_143 has 0 frames in his Queue on destruction
[2026-04-13 13:37:39.499] [75349] [HailoRT] [info] [queue_elements.cpp:68] [operator()] Thread in element PullQEl_nms12yolov11n/conv54_143 is not running anymore, exiting..
[2026-04-13 13:37:39.499] [68554] [HailoRT] [info] [queue_elements.cpp:46] [~BaseQueueElement] Queue element PullQEl_nms12yolov11n/conv54_143 has 0 frames in his Queue on destruction
[2026-04-13 13:37:39.499] [75348] [HailoRT] [info] [queue_elements.cpp:68] [operator()] Thread in element PullQEl_nms3yolov11n/conv51_143 is not running anymore, exiting..
[2026-04-13 13:37:39.499] [68554] [HailoRT] [info] [queue_elements.cpp:46] [~BaseQueueElement] Queue element PullQEl_nms3yolov11n/conv51_143 has 0 frames in his Queue on destruction
[2026-04-13 13:37:39.500] [68554] [HailoRT] [info] [core_op.cpp:186] [deactivate] Deactivating took 0.008926 ms
[2026-04-13 13:37:39.500] [68554] [HailoRT] [info] [core_op.cpp:186] [deactivate] Deactivating took 0.01937 ms
[2026-04-13 13:41:13.095] [79761] [HailoRT] [info] [vdevice.cpp:535] [create] Creating vdevice with params: device_count: 1, scheduling_algorithm: NONE, multi_process_service: false
[2026-04-13 13:41:13.107] [79761] [HailoRT] [info] [device.cpp:51] [Device] OS Version: Linux 6.12.62+rpt-rpi-2712 #1 SMP PREEMPT Debian 1:6.12.62-1+rpt1 (2025-12-18) aarch64
[2026-04-13 13:41:13.108] [79761] [HailoRT] [info] [control.cpp:113] [control__parse_identify_results] firmware_version is: 4.23.0
[2026-04-13 13:41:13.108] [79761] [HailoRT] [info] [vdevice.cpp:682] [create] VDevice Infos: 0001:01:00.0
[2026-04-13 13:41:13.116] [79761] [HailoRT] [info] [internal_buffer_manager.cpp:77] [print_execution_results] Planned internal buffer memory: CMA=0 CMA-Desc=327680 Pinned=2357760. memory to edge layer usage factor is 1
[2026-04-13 13:41:13.116] [79761] [HailoRT] [info] [internal_buffer_manager.cpp:86] [print_execution_results] Default Internal buffer planner executed successfully
[2026-04-13 13:41:13.148] [79761] [HailoRT] [info] [device_internal.cpp:57] [configure] Configuring HEF took 39.570051 milliseconds
[2026-04-13 13:41:13.148] [79761] [HailoRT] [info] [vdevice.cpp:780] [configure] Configuring HEF on VDevice took 39.929884 milliseconds
[2026-04-13 13:41:13.148] [79761] [HailoRT] [info] [control.cpp:113] [control__parse_identify_results] firmware_version is: 4.23.0
[2026-04-13 13:41:13.148] [79761] [HailoRT] [info] [control.cpp:113] [control__parse_identify_results] firmware_version is: 4.23.0
[2026-04-13 13:41:13.149] [79761] [HailoRT] [info] [core_op.cpp:156] [activate] Activating yolov11n took 0.644146 milliseconds. Note that the function is asynchronous and thus the network is not fully activated yet.
[2026-04-13 13:41:13.149] [79761] [HailoRT] [info] [core_op.cpp:156] [activate] Activating yolov11n took 0.655221 milliseconds. Note that the function is asynchronous and thus the network is not fully activated yet.
[2026-04-13 13:41:13.162] [79761] [HailoRT] [info] [control.cpp:113] [control__parse_identify_results] firmware_version is: 4.23.0
[2026-04-13 13:41:13.162] [79761] [HailoRT] [info] [control.cpp:113] [control__parse_identify_results] firmware_version is: 4.23.0
[2026-04-13 13:41:14.395] [79753] [HailoRT] [info] [device.cpp:51] [Device] OS Version: Linux 6.12.62+rpt-rpi-2712 #1 SMP PREEMPT Debian 1:6.12.62-1+rpt1 (2025-12-18) aarch64
[2026-04-13 13:41:14.395] [79753] [HailoRT] [info] [control.cpp:113] [control__parse_identify_results] firmware_version is: 4.23.0
[2026-04-13 13:41:14.396] [79753] [HailoRT] [info] [control.cpp:113] [control__parse_identify_results] firmware_version is: 4.23.0
[2026-04-13 13:46:13.163] [79776] [HailoRT] [info] [vdevice_native_stream.cpp:142] [write_impl] Failed write to stream yolov11n/input_layer1 (device: 0001:01:00.0) with status=HAILO_STREAM_ABORT(63)
[2026-04-13 13:46:13.163] [79775] [HailoRT] [info] [vdevice_native_stream.cpp:331] [read_impl] Failed read from stream HAILO_STREAM_ABORT(63) (device: 0001:01:00.0)
[2026-04-13 13:46:13.163] [79774] [HailoRT] [info] [vdevice_native_stream.cpp:331] [read_impl] Failed read from stream HAILO_STREAM_ABORT(63) (device: 0001:01:00.0)
[2026-04-13 13:46:13.163] [79770] [HailoRT] [info] [vdevice_native_stream.cpp:331] [read_impl] Failed read from stream HAILO_STREAM_ABORT(63) (device: 0001:01:00.0)
[2026-04-13 13:46:13.163] [79771] [HailoRT] [info] [vdevice_native_stream.cpp:331] [read_impl] Failed read from stream HAILO_STREAM_ABORT(63) (device: 0001:01:00.0)
[2026-04-13 13:46:13.163] [79773] [HailoRT] [info] [vdevice_native_stream.cpp:331] [read_impl] Failed read from stream HAILO_STREAM_ABORT(63) (device: 0001:01:00.0)
[2026-04-13 13:46:13.163] [79772] [HailoRT] [info] [vdevice_native_stream.cpp:331] [read_impl] Failed read from stream HAILO_STREAM_ABORT(63) (device: 0001:01:00.0)
[2026-04-13 13:46:13.195] [79761] [HailoRT] [info] [core_op.cpp:186] [deactivate] Deactivating took 0.018463 ms
[2026-04-13 13:46:13.195] [79761] [HailoRT] [info] [core_op.cpp:186] [deactivate] Deactivating took 0.047018 ms
[2026-04-13 13:46:13.235] [79761] [HailoRT] [info] [vdevice.cpp:535] [create] Creating vdevice with params: device_count: 1, scheduling_algorithm: NONE, multi_process_service: false
[2026-04-13 13:46:13.236] [79761] [HailoRT] [info] [device.cpp:51] [Device] OS Version: Linux 6.12.62+rpt-rpi-2712 #1 SMP PREEMPT Debian 1:6.12.62-1+rpt1 (2025-12-18) aarch64
[2026-04-13 13:46:13.236] [79761] [HailoRT] [info] [control.cpp:113] [control__parse_identify_results] firmware_version is: 4.23.0
[2026-04-13 13:46:13.236] [79761] [HailoRT] [info] [vdevice.cpp:682] [create] VDevice Infos: 0001:01:00.0
[2026-04-13 13:46:13.244] [79761] [HailoRT] [info] [internal_buffer_manager.cpp:77] [print_execution_results] Planned internal buffer memory: CMA=0 CMA-Desc=327680 Pinned=2357760. memory to edge layer usage factor is 1
[2026-04-13 13:46:13.244] [79761] [HailoRT] [info] [internal_buffer_manager.cpp:86] [print_execution_results] Default Internal buffer planner executed successfully
[2026-04-13 13:46:13.278] [79761] [HailoRT] [info] [device_internal.cpp:57] [configure] Configuring HEF took 41.582009 milliseconds
[2026-04-13 13:46:13.278] [79761] [HailoRT] [info] [vdevice.cpp:780] [configure] Configuring HEF on VDevice took 41.989933 milliseconds
[2026-04-13 13:46:13.279] [79761] [HailoRT] [info] [control.cpp:113] [control__parse_identify_results] firmware_version is: 4.23.0
[2026-04-13 13:46:13.279] [79761] [HailoRT] [info] [control.cpp:113] [control__parse_identify_results] firmware_version is: 4.23.0
[2026-04-13 13:46:13.280] [79761] [HailoRT] [info] [core_op.cpp:156] [activate] Activating yolov11n took 0.806054 milliseconds. Note that the function is asynchronous and thus the network is not fully activated yet.
[2026-04-13 13:46:13.280] [79761] [HailoRT] [info] [core_op.cpp:156] [activate] Activating yolov11n took 0.827553 milliseconds. Note that the function is asynchronous and thus the network is not fully activated yet.
[2026-04-13 13:46:13.293] [79761] [HailoRT] [info] [control.cpp:113] [control__parse_identify_results] firmware_version is: 4.23.0
[2026-04-13 13:46:13.293] [79761] [HailoRT] [info] [control.cpp:113] [control__parse_identify_results] firmware_version is: 4.23.0
[2026-04-13 13:46:13.293] [79761] [HailoRT] [info] [edge_elements.cpp:52] [create] Created (HwWriteEl8yolov11n/input_layer1 | hw_frame_size: 1228800)
[2026-04-13 13:46:13.294] [79761] [HailoRT] [info] [queue_elements.cpp:284] [create] Created (PushQEl8yolov11n/input_layer1 | timeout: 10s)
[2026-04-13 13:46:13.294] [79761] [HailoRT] [info] [filter_elements.cpp:101] [create] Created (PreInferEl8yolov11n/input_layer1 | Reorder - src_order: NHWC, src_shape: (640, 640, 3), dst_order: NHCW, dst_shape: (640, 640, 3))
[2026-04-13 13:46:13.294] [79761] [HailoRT] [info] [vstream.cpp:754] [InputVStreamImpl] Creating yolov11n/input_layer1...
[2026-04-13 13:46:13.294] [79761] [HailoRT] [info] [vstream_builder.cpp:102] [create_inputs] Input pipeline 'yolov11n/input_layer1': (PreInferEl8yolov11n/input_layer1 | Reorder - src_order: NHWC, src_shape: (640, 640, 3), dst_order: NHCW, dst_shape: (640, 640, 3)) >> (PushQEl8yolov11n/input_layer1 | timeout: 10s) >> (HwWriteEl8yolov11n/input_layer1 | hw_frame_size: 1228800) >> HW
[2026-04-13 13:46:13.294] [79761] [HailoRT] [info] [multi_io_elements.cpp:135] [create] Created (NmsPPMuxEl0YOLOV8-Post-Process | Op YOLOV8, Name: YOLOV8-Post-Process, Score threshold: 0.200, IoU threshold: 0.70, Classes: 80, Max bboxes per class: 100, Image height: 640, Image width: 640)
[2026-04-13 13:46:13.294] [79761] [HailoRT] [info] [edge_elements.cpp:287] [create] Created (HwReadEl3yolov11n/conv51_143 | hw_frame_size: 409600)
[2026-04-13 13:46:13.294] [79761] [HailoRT] [info] [queue_elements.cpp:657] [create] Created (PullQEl_nms3yolov11n/conv51_143 | timeout: 10s)
[2026-04-13 13:46:13.294] [79761] [HailoRT] [info] [edge_elements.cpp:287] [create] Created (HwReadEl12yolov11n/conv54_143 | hw_frame_size: 512000)
[2026-04-13 13:46:13.294] [79761] [HailoRT] [info] [queue_elements.cpp:657] [create] Created (PullQEl_nms12yolov11n/conv54_143 | timeout: 10s)
[2026-04-13 13:46:13.294] [79761] [HailoRT] [info] [edge_elements.cpp:287] [create] Created (HwReadEl15yolov11n/conv62_143 | hw_frame_size: 102400)
[2026-04-13 13:46:13.294] [79761] [HailoRT] [info] [queue_elements.cpp:657] [create] Created (PullQEl_nms15yolov11n/conv62_143 | timeout: 10s)
[2026-04-13 13:46:13.294] [79761] [HailoRT] [info] [edge_elements.cpp:287] [create] Created (HwReadEl13yolov11n/conv65_143 | hw_frame_size: 128000)
[2026-04-13 13:46:13.294] [79761] [HailoRT] [info] [queue_elements.cpp:657] [create] Created (PullQEl_nms13yolov11n/conv65_143 | timeout: 10s)
[2026-04-13 13:46:13.294] [79761] [HailoRT] [info] [edge_elements.cpp:287] [create] Created (HwReadEl1yolov11n/conv77_143 | hw_frame_size: 30720)
[2026-04-13 13:46:13.294] [79761] [HailoRT] [info] [queue_elements.cpp:657] [create] Created (PullQEl_nms1yolov11n/conv77_143 | timeout: 10s)
[2026-04-13 13:46:13.294] [79761] [HailoRT] [info] [edge_elements.cpp:287] [create] Created (HwReadEl0yolov11n/conv80_143 | hw_frame_size: 38400)
[2026-04-13 13:46:13.295] [79761] [HailoRT] [info] [queue_elements.cpp:657] [create] Created (PullQEl_nms0yolov11n/conv80_143 | timeout: 10s)
[2026-04-13 13:46:13.295] [79761] [HailoRT] [info] [queue_elements.cpp:800] [create] Created (UserBufQEl_post_infer0yolov11n/yolov8_nms_postprocess | timeout: 10s)
[2026-04-13 13:46:13.295] [79761] [HailoRT] [info] [vstream.cpp:1114] [OutputVStreamImpl] Creating yolov11n/yolov8_nms_postprocess...
[2026-04-13 13:46:13.295] [79761] [HailoRT] [info] [vstream_builder.cpp:622] [create_output_post_process_nms] Output pipeline 'yolov11n/yolov8_nms_postprocess': HW >> (HwReadEl3yolov11n/conv51_143 | hw_frame_size: 409600) >> (PullQEl_nms3yolov11n/conv51_143) >> (HwReadEl12yolov11n/conv54_143 | hw_frame_size: 512000) >> (PullQEl_nms12yolov11n/conv54_143) >> (HwReadEl15yolov11n/conv62_143 | hw_frame_size: 102400) >> (PullQEl_nms15yolov11n/conv62_143) >> (HwReadEl13yolov11n/conv65_143 | hw_frame_size: 128000) >> (PullQEl_nms13yolov11n/conv65_143) >> (HwReadEl1yolov11n/conv77_143 | hw_frame_size: 30720) >> (PullQEl_nms1yolov11n/conv77_143) >> (HwReadEl0yolov11n/conv80_143 | hw_frame_size: 38400) >> (PullQEl_nms0yolov11n/conv80_143) >> (NmsPPMuxEl0YOLOV8-Post-Process | Op YOLOV8, Name: YOLOV8-Post-Process, Score threshold: 0.200, IoU threshold: 0.70, Classes: 80, Max bboxes per class: 100, Image height: 640, Image width: 640) >> (UserBufQEl_post_infer0yolov11n/yolov8_nms_postprocess | timeout: 10s)
[2026-04-13 13:51:13.296] [82853] [HailoRT] [info] [vdevice_native_stream.cpp:331] [read_impl] Failed read from stream HAILO_STREAM_ABORT(63) (device: 0001:01:00.0)
[2026-04-13 13:51:13.296] [82850] [HailoRT] [info] [vdevice_native_stream.cpp:331] [read_impl] Failed read from stream HAILO_STREAM_ABORT(63) (device: 0001:01:00.0)
[2026-04-13 13:51:13.296] [82850] [HailoRT] [info] [edge_elements.cpp:396] [run_pull] Reading from stream was aborted!
[2026-04-13 13:51:13.296] [82852] [HailoRT] [info] [vdevice_native_stream.cpp:331] [read_impl] Failed read from stream HAILO_STREAM_ABORT(63) (device: 0001:01:00.0)
[2026-04-13 13:51:13.296] [82852] [HailoRT] [info] [edge_elements.cpp:396] [run_pull] Reading from stream was aborted!
[2026-04-13 13:51:13.296] [82850] [HailoRT] [info] [queue_elements.cpp:738] [run_in_thread] run_pull of queue element PullQEl_nms3yolov11n/conv51_143 was aborted!
[2026-04-13 13:51:13.296] [82852] [HailoRT] [info] [queue_elements.cpp:738] [run_in_thread] run_pull of queue element PullQEl_nms15yolov11n/conv62_143 was aborted!
[2026-04-13 13:51:13.296] [82854] [HailoRT] [info] [vdevice_native_stream.cpp:331] [read_impl] Failed read from stream HAILO_STREAM_ABORT(63) (device: 0001:01:00.0)
[2026-04-13 13:51:13.296] [82854] [HailoRT] [info] [edge_elements.cpp:396] [run_pull] Reading from stream was aborted!
[2026-04-13 13:51:13.296] [82853] [HailoRT] [info] [edge_elements.cpp:396] [run_pull] Reading from stream was aborted!
[2026-04-13 13:51:13.296] [82854] [HailoRT] [info] [queue_elements.cpp:738] [run_in_thread] run_pull of queue element PullQEl_nms1yolov11n/conv77_143 was aborted!
[2026-04-13 13:51:13.296] [82853] [HailoRT] [info] [queue_elements.cpp:738] [run_in_thread] run_pull of queue element PullQEl_nms13yolov11n/conv65_143 was aborted!
[2026-04-13 13:51:13.296] [82851] [HailoRT] [info] [vdevice_native_stream.cpp:331] [read_impl] Failed read from stream HAILO_STREAM_ABORT(63) (device: 0001:01:00.0)
[2026-04-13 13:51:13.296] [82851] [HailoRT] [info] [edge_elements.cpp:396] [run_pull] Reading from stream was aborted!
[2026-04-13 13:51:13.296] [82851] [HailoRT] [info] [queue_elements.cpp:738] [run_in_thread] run_pull of queue element PullQEl_nms12yolov11n/conv54_143 was aborted!
[2026-04-13 13:51:13.296] [82855] [HailoRT] [info] [vdevice_native_stream.cpp:331] [read_impl] Failed read from stream HAILO_STREAM_ABORT(63) (device: 0001:01:00.0)
[2026-04-13 13:51:13.296] [82855] [HailoRT] [info] [edge_elements.cpp:396] [run_pull] Reading from stream was aborted!
[2026-04-13 13:51:13.296] [82855] [HailoRT] [info] [queue_elements.cpp:738] [run_in_thread] run_pull of queue element PullQEl_nms0yolov11n/conv80_143 was aborted!
[2026-04-13 13:51:13.296] [82849] [HailoRT] [info] [vdevice_native_stream.cpp:142] [write_impl] Failed write to stream yolov11n/input_layer1 (device: 0001:01:00.0) with status=HAILO_STREAM_ABORT(63)
[2026-04-13 13:51:13.296] [82849] [HailoRT] [info] [edge_elements.cpp:87] [run_push] Failed to send on input stream InputStream(index=8, name=yolov11n/input_layer1) because stream was aborted
[2026-04-13 13:51:13.296] [82849] [HailoRT] [info] [queue_elements.cpp:401] [run_in_thread] run_push of PushQEl8yolov11n/input_layer1 was aborted!
[2026-04-13 13:51:13.296] [82860] [HailoRT] [info] [vstream.cpp:774] [write] Sending to VStream was shutdown!
[2026-04-13 13:51:13.296] [82860] [HailoRT] [info] [vstream.cpp:778] [write] Sending to VStream was aborted!
[2026-04-13 13:51:13.298] [82859] [HailoRT] [info] [queue_elements.cpp:706] [run_pull] Shutdown event was signaled in dequeue of queue element PullQEl_nms3yolov11n/conv51_143!
[2026-04-13 13:51:13.298] [82859] [HailoRT] [info] [vstream.cpp:1138] [read] Receiving to VStream was shutdown!
[2026-04-13 13:51:13.328] [79761] [HailoRT] [info] [queue_elements.cpp:360] [execute_deactivate] enqueue() in element PushQEl8yolov11n/input_layer1 was aborted, got status = HAILO_SHUTDOWN_EVENT_SIGNALED(57)
[2026-04-13 13:51:13.328] [82849] [HailoRT] [info] [queue_elements.cpp:68] [operator()] Thread in element PushQEl8yolov11n/input_layer1 is not running anymore, exiting..
[2026-04-13 13:51:13.328] [79761] [HailoRT] [info] [queue_elements.cpp:46] [~BaseQueueElement] Queue element PushQEl8yolov11n/input_layer1 has 0 frames in his Queue on destruction
[2026-04-13 13:51:13.329] [82856] [HailoRT] [info] [queue_elements.cpp:68] [operator()] Thread in element UserBufQEl_post_infer0yolov11n/yolov8_nms_postprocess is not running anymore, exiting..
[2026-04-13 13:51:13.329] [79761] [HailoRT] [info] [queue_elements.cpp:46] [~BaseQueueElement] Queue element UserBufQEl_post_infer0yolov11n/yolov8_nms_postprocess has 0 frames in his Queue on destruction
[2026-04-13 13:51:13.329] [82855] [HailoRT] [info] [queue_elements.cpp:68] [operator()] Thread in element PullQEl_nms0yolov11n/conv80_143 is not running anymore, exiting..
[2026-04-13 13:51:13.329] [79761] [HailoRT] [info] [queue_elements.cpp:46] [~BaseQueueElement] Queue element PullQEl_nms0yolov11n/conv80_143 has 0 frames in his Queue on destruction
[2026-04-13 13:51:13.329] [82854] [HailoRT] [info] [queue_elements.cpp:68] [operator()] Thread in element PullQEl_nms1yolov11n/conv77_143 is not running anymore, exiting..
[2026-04-13 13:51:13.329] [79761] [HailoRT] [info] [queue_elements.cpp:46] [~BaseQueueElement] Queue element PullQEl_nms1yolov11n/conv77_143 has 0 frames in his Queue on destruction
[2026-04-13 13:51:13.329] [82853] [HailoRT] [info] [queue_elements.cpp:68] [operator()] Thread in element PullQEl_nms13yolov11n/conv65_143 is not running anymore, exiting..
[2026-04-13 13:51:13.329] [79761] [HailoRT] [info] [queue_elements.cpp:46] [~BaseQueueElement] Queue element PullQEl_nms13yolov11n/conv65_143 has 0 frames in his Queue on destruction
[2026-04-13 13:51:13.329] [82852] [HailoRT] [info] [queue_elements.cpp:68] [operator()] Thread in element PullQEl_nms15yolov11n/conv62_143 is not running anymore, exiting..
[2026-04-13 13:51:13.330] [79761] [HailoRT] [info] [queue_elements.cpp:46] [~BaseQueueElement] Queue element PullQEl_nms15yolov11n/conv62_143 has 0 frames in his Queue on destruction
[2026-04-13 13:51:13.330] [82851] [HailoRT] [info] [queue_elements.cpp:68] [operator()] Thread in element PullQEl_nms12yolov11n/conv54_143 is not running anymore, exiting..
[2026-04-13 13:51:13.330] [79761] [HailoRT] [info] [queue_elements.cpp:46] [~BaseQueueElement] Queue element PullQEl_nms12yolov11n/conv54_143 has 0 frames in his Queue on destruction
[2026-04-13 13:51:13.330] [82850] [HailoRT] [info] [queue_elements.cpp:68] [operator()] Thread in element PullQEl_nms3yolov11n/conv51_143 is not running anymore, exiting..
[2026-04-13 13:51:13.330] [79761] [HailoRT] [info] [queue_elements.cpp:46] [~BaseQueueElement] Queue element PullQEl_nms3yolov11n/conv51_143 has 0 frames in his Queue on destruction
[2026-04-13 13:51:13.330] [79761] [HailoRT] [info] [core_op.cpp:186] [deactivate] Deactivating took 0.012056 ms
[2026-04-13 13:51:13.330] [79761] [HailoRT] [info] [core_op.cpp:186] [deactivate] Deactivating took 0.023445 ms
[2026-04-13 13:51:13.364] [79761] [HailoRT] [info] [vdevice.cpp:535] [create] Creating vdevice with params: device_count: 1, scheduling_algorithm: NONE, multi_process_service: false
[2026-04-13 13:51:13.365] [79761] [HailoRT] [info] [device.cpp:51] [Device] OS Version: Linux 6.12.62+rpt-rpi-2712 #1 SMP PREEMPT Debian 1:6.12.62-1+rpt1 (2025-12-18) aarch64
[2026-04-13 13:51:13.365] [79761] [HailoRT] [info] [control.cpp:113] [control__parse_identify_results] firmware_version is: 4.23.0
[2026-04-13 13:51:13.365] [79761] [HailoRT] [info] [vdevice.cpp:682] [create] VDevice Infos: 0001:01:00.0
[2026-04-13 13:51:13.372] [79761] [HailoRT] [info] [internal_buffer_manager.cpp:77] [print_execution_results] Planned internal buffer memory: CMA=0 CMA-Desc=327680 Pinned=2357760. memory to edge layer usage factor is 1
[2026-04-13 13:51:13.372] [79761] [HailoRT] [info] [internal_buffer_manager.cpp:86] [print_execution_results] Default Internal buffer planner executed successfully
[2026-04-13 13:51:13.400] [79761] [HailoRT] [info] [device_internal.cpp:57] [configure] Configuring HEF took 34.935264 milliseconds
[2026-04-13 13:51:13.400] [79761] [HailoRT] [info] [vdevice.cpp:780] [configure] Configuring HEF on VDevice took 35.294394 milliseconds
[2026-04-13 13:51:13.401] [79761] [HailoRT] [info] [control.cpp:113] [control__parse_identify_results] firmware_version is: 4.23.0
[2026-04-13 13:51:13.401] [79761] [HailoRT] [info] [control.cpp:113] [control__parse_identify_results] firmware_version is: 4.23.0
[2026-04-13 13:51:13.402] [79761] [HailoRT] [info] [core_op.cpp:156] [activate] Activating yolov11n took 0.739331 milliseconds. Note that the function is asynchronous and thus the network is not fully activated yet.
[2026-04-13 13:51:13.402] [79761] [HailoRT] [info] [core_op.cpp:156] [activate] Activating yolov11n took 0.74898 milliseconds. Note that the function is asynchronous and thus the network is not fully activated yet.
[2026-04-13 13:51:13.418] [79761] [HailoRT] [info] [control.cpp:113] [control__parse_identify_results] firmware_version is: 4.23.0
[2026-04-13 13:51:13.418] [79761] [HailoRT] [info] [control.cpp:113] [control__parse_identify_results] firmware_version is: 4.23.0
[2026-04-13 13:51:13.418] [79761] [HailoRT] [info] [edge_elements.cpp:52] [create] Created (HwWriteEl8yolov11n/input_layer1 | hw_frame_size: 1228800)
[2026-04-13 13:51:13.419] [79761] [HailoRT] [info] [queue_elements.cpp:284] [create] Created (PushQEl8yolov11n/input_layer1 | timeout: 10s)
[2026-04-13 13:51:13.419] [79761] [HailoRT] [info] [filter_elements.cpp:101] [create] Created (PreInferEl8yolov11n/input_layer1 | Reorder - src_order: NHWC, src_shape: (640, 640, 3), dst_order: NHCW, dst_shape: (640, 640, 3))
[2026-04-13 13:51:13.419] [79761] [HailoRT] [info] [vstream.cpp:754] [InputVStreamImpl] Creating yolov11n/input_layer1...
[2026-04-13 13:51:13.419] [79761] [HailoRT] [info] [vstream_builder.cpp:102] [create_inputs] Input pipeline 'yolov11n/input_layer1': (PreInferEl8yolov11n/input_layer1 | Reorder - src_order: NHWC, src_shape: (640, 640, 3), dst_order: NHCW, dst_shape: (640, 640, 3)) >> (PushQEl8yolov11n/input_layer1 | timeout: 10s) >> (HwWriteEl8yolov11n/input_layer1 | hw_frame_size: 1228800) >> HW
[2026-04-13 13:51:13.419] [79761] [HailoRT] [info] [multi_io_elements.cpp:135] [create] Created (NmsPPMuxEl0YOLOV8-Post-Process | Op YOLOV8, Name: YOLOV8-Post-Process, Score threshold: 0.200, IoU threshold: 0.70, Classes: 80, Max bboxes per class: 100, Image height: 640, Image width: 640)
[2026-04-13 13:51:13.419] [79761] [HailoRT] [info] [edge_elements.cpp:287] [create] Created (HwReadEl3yolov11n/conv51_143 | hw_frame_size: 409600)
[2026-04-13 13:51:13.419] [79761] [HailoRT] [info] [queue_elements.cpp:657] [create] Created (PullQEl_nms3yolov11n/conv51_143 | timeout: 10s)
[2026-04-13 13:51:13.419] [79761] [HailoRT] [info] [edge_elements.cpp:287] [create] Created (HwReadEl12yolov11n/conv54_143 | hw_frame_size: 512000)
[2026-04-13 13:51:13.419] [79761] [HailoRT] [info] [queue_elements.cpp:657] [create] Created (PullQEl_nms12yolov11n/conv54_143 | timeout: 10s)
[2026-04-13 13:51:13.419] [79761] [HailoRT] [info] [edge_elements.cpp:287] [create] Created (HwReadEl15yolov11n/conv62_143 | hw_frame_size: 102400)
[2026-04-13 13:51:13.419] [79761] [HailoRT] [info] [queue_elements.cpp:657] [create] Created (PullQEl_nms15yolov11n/conv62_143 | timeout: 10s)
[2026-04-13 13:51:13.419] [79761] [HailoRT] [info] [edge_elements.cpp:287] [create] Created (HwReadEl13yolov11n/conv65_143 | hw_frame_size: 128000)
[2026-04-13 13:51:13.419] [79761] [HailoRT] [info] [queue_elements.cpp:657] [create] Created (PullQEl_nms13yolov11n/conv65_143 | timeout: 10s)
[2026-04-13 13:51:13.419] [79761] [HailoRT] [info] [edge_elements.cpp:287] [create] Created (HwReadEl1yolov11n/conv77_143 | hw_frame_size: 30720)
[2026-04-13 13:51:13.419] [79761] [HailoRT] [info] [queue_elements.cpp:657] [create] Created (PullQEl_nms1yolov11n/conv77_143 | timeout: 10s)
[2026-04-13 13:51:13.419] [79761] [HailoRT] [info] [edge_elements.cpp:287] [create] Created (HwReadEl0yolov11n/conv80_143 | hw_frame_size: 38400)
[2026-04-13 13:51:13.419] [79761] [HailoRT] [info] [queue_elements.cpp:657] [create] Created (PullQEl_nms0yolov11n/conv80_143 | timeout: 10s)
[2026-04-13 13:51:13.420] [79761] [HailoRT] [info] [queue_elements.cpp:800] [create] Created (UserBufQEl_post_infer0yolov11n/yolov8_nms_postprocess | timeout: 10s)
[2026-04-13 13:51:13.420] [79761] [HailoRT] [info] [vstream.cpp:1114] [OutputVStreamImpl] Creating yolov11n/yolov8_nms_postprocess...
[2026-04-13 13:51:13.420] [79761] [HailoRT] [info] [vstream_builder.cpp:622] [create_output_post_process_nms] Output pipeline 'yolov11n/yolov8_nms_postprocess': HW >> (HwReadEl3yolov11n/conv51_143 | hw_frame_size: 409600) >> (PullQEl_nms3yolov11n/conv51_143) >> (HwReadEl12yolov11n/conv54_143 | hw_frame_size: 512000) >> (PullQEl_nms12yolov11n/conv54_143) >> (HwReadEl15yolov11n/conv62_143 | hw_frame_size: 102400) >> (PullQEl_nms15yolov11n/conv62_143) >> (HwReadEl13yolov11n/conv65_143 | hw_frame_size: 128000) >> (PullQEl_nms13yolov11n/conv65_143) >> (HwReadEl1yolov11n/conv77_143 | hw_frame_size: 30720) >> (PullQEl_nms1yolov11n/conv77_143) >> (HwReadEl0yolov11n/conv80_143 | hw_frame_size: 38400) >> (PullQEl_nms0yolov11n/conv80_143) >> (NmsPPMuxEl0YOLOV8-Post-Process | Op YOLOV8, Name: YOLOV8-Post-Process, Score threshold: 0.200, IoU threshold: 0.70, Classes: 80, Max bboxes per class: 100, Image height: 640, Image width: 640) >> (UserBufQEl_post_infer0yolov11n/yolov8_nms_postprocess | timeout: 10s)
[2026-04-13 13:56:13.420] [85939] [HailoRT] [info] [vdevice_native_stream.cpp:331] [read_impl] Failed read from stream HAILO_STREAM_ABORT(63) (device: 0001:01:00.0)
[2026-04-13 13:56:13.420] [85939] [HailoRT] [info] [edge_elements.cpp:396] [run_pull] Reading from stream was aborted!
[2026-04-13 13:56:13.420] [85939] [HailoRT] [info] [queue_elements.cpp:738] [run_in_thread] run_pull of queue element PullQEl_nms12yolov11n/conv54_143 was aborted!
[2026-04-13 13:56:13.420] [85943] [HailoRT] [info] [vdevice_native_stream.cpp:331] [read_impl] Failed read from stream HAILO_STREAM_ABORT(63) (device: 0001:01:00.0)
[2026-04-13 13:56:13.420] [85940] [HailoRT] [info] [vdevice_native_stream.cpp:331] [read_impl] Failed read from stream HAILO_STREAM_ABORT(63) (device: 0001:01:00.0)
[2026-04-13 13:56:13.420] [85942] [HailoRT] [info] [vdevice_native_stream.cpp:331] [read_impl] Failed read from stream HAILO_STREAM_ABORT(63) (device: 0001:01:00.0)
[2026-04-13 13:56:13.420] [85941] [HailoRT] [info] [vdevice_native_stream.cpp:331] [read_impl] Failed read from stream HAILO_STREAM_ABORT(63) (device: 0001:01:00.0)
[2026-04-13 13:56:13.420] [85938] [HailoRT] [info] [vdevice_native_stream.cpp:331] [read_impl] Failed read from stream HAILO_STREAM_ABORT(63) (device: 0001:01:00.0)
[2026-04-13 13:56:13.420] [85941] [HailoRT] [info] [edge_elements.cpp:396] [run_pull] Reading from stream was aborted!
[2026-04-13 13:56:13.420] [85943] [HailoRT] [info] [edge_elements.cpp:396] [run_pull] Reading from stream was aborted!
[2026-04-13 13:56:13.420] [85942] [HailoRT] [info] [edge_elements.cpp:396] [run_pull] Reading from stream was aborted!
[2026-04-13 13:56:13.420] [85941] [HailoRT] [info] [queue_elements.cpp:738] [run_in_thread] run_pull of queue element PullQEl_nms13yolov11n/conv65_143 was aborted!
[2026-04-13 13:56:13.420] [85940] [HailoRT] [info] [edge_elements.cpp:396] [run_pull] Reading from stream was aborted!
[2026-04-13 13:56:13.420] [85942] [HailoRT] [info] [queue_elements.cpp:738] [run_in_thread] run_pull of queue element PullQEl_nms1yolov11n/conv77_143 was aborted!
[2026-04-13 13:56:13.420] [85940] [HailoRT] [info] [queue_elements.cpp:738] [run_in_thread] run_pull of queue element PullQEl_nms15yolov11n/conv62_143 was aborted!
[2026-04-13 13:56:13.420] [85938] [HailoRT] [info] [edge_elements.cpp:396] [run_pull] Reading from stream was aborted!
[2026-04-13 13:56:13.420] [85943] [HailoRT] [info] [queue_elements.cpp:738] [run_in_thread] run_pull of queue element PullQEl_nms0yolov11n/conv80_143 was aborted!
[2026-04-13 13:56:13.420] [85938] [HailoRT] [info] [queue_elements.cpp:738] [run_in_thread] run_pull of queue element PullQEl_nms3yolov11n/conv51_143 was aborted!
[2026-04-13 13:56:13.420] [85947] [HailoRT] [info] [queue_elements.cpp:706] [run_pull] Shutdown event was signaled in dequeue of queue element PullQEl_nms3yolov11n/conv51_143!
[2026-04-13 13:56:13.420] [85947] [HailoRT] [info] [vstream.cpp:1138] [read] Receiving to VStream was shutdown!
[2026-04-13 13:56:13.421] [85937] [HailoRT] [info] [vdevice_native_stream.cpp:142] [write_impl] Failed write to stream yolov11n/input_layer1 (device: 0001:01:00.0) with status=HAILO_STREAM_ABORT(63)
[2026-04-13 13:56:13.421] [85937] [HailoRT] [info] [edge_elements.cpp:87] [run_push] Failed to send on input stream InputStream(index=8, name=yolov11n/input_layer1) because stream was aborted
[2026-04-13 13:56:13.421] [85937] [HailoRT] [info] [queue_elements.cpp:401] [run_in_thread] run_push of PushQEl8yolov11n/input_layer1 was aborted!
[2026-04-13 13:56:13.422] [85948] [HailoRT] [info] [queue_elements.cpp:319] [run_push] run_push of PushQEl8yolov11n/input_layer1 was aborted!
[2026-04-13 13:56:13.422] [85948] [HailoRT] [info] [filter_elements.cpp:35] [run_push] run_push of PreInferEl8yolov11n/input_layer1 was aborted!
[2026-04-13 13:56:13.422] [85948] [HailoRT] [info] [vstream.cpp:778] [write] Sending to VStream was aborted!
[2026-04-13 13:56:13.426] [79761] [HailoRT] [info] [queue_elements.cpp:360] [execute_deactivate] enqueue() in element PushQEl8yolov11n/input_layer1 was aborted, got status = HAILO_SHUTDOWN_EVENT_SIGNALED(57)
[2026-04-13 13:56:13.426] [85937] [HailoRT] [info] [queue_elements.cpp:68] [operator()] Thread in element PushQEl8yolov11n/input_layer1 is not running anymore, exiting..
[2026-04-13 13:56:13.426] [79761] [HailoRT] [info] [queue_elements.cpp:46] [~BaseQueueElement] Queue element PushQEl8yolov11n/input_layer1 has 0 frames in his Queue on destruction
[2026-04-13 13:56:13.426] [85944] [HailoRT] [info] [queue_elements.cpp:68] [operator()] Thread in element UserBufQEl_post_infer0yolov11n/yolov8_nms_postprocess is not running anymore, exiting..
[2026-04-13 13:56:13.426] [79761] [HailoRT] [info] [queue_elements.cpp:46] [~BaseQueueElement] Queue element UserBufQEl_post_infer0yolov11n/yolov8_nms_postprocess has 0 frames in his Queue on destruction
[2026-04-13 13:56:13.426] [85943] [HailoRT] [info] [queue_elements.cpp:68] [operator()] Thread in element PullQEl_nms0yolov11n/conv80_143 is not running anymore, exiting..
[2026-04-13 13:56:13.426] [79761] [HailoRT] [info] [queue_elements.cpp:46] [~BaseQueueElement] Queue element PullQEl_nms0yolov11n/conv80_143 has 0 frames in his Queue on destruction
[2026-04-13 13:56:13.426] [85942] [HailoRT] [info] [queue_elements.cpp:68] [operator()] Thread in element PullQEl_nms1yolov11n/conv77_143 is not running anymore, exiting..
[2026-04-13 13:56:13.426] [79761] [HailoRT] [info] [queue_elements.cpp:46] [~BaseQueueElement] Queue element PullQEl_nms1yolov11n/conv77_143 has 0 frames in his Queue on destruction
[2026-04-13 13:56:13.426] [85941] [HailoRT] [info] [queue_elements.cpp:68] [operator()] Thread in element PullQEl_nms13yolov11n/conv65_143 is not running anymore, exiting..
[2026-04-13 13:56:13.426] [79761] [HailoRT] [info] [queue_elements.cpp:46] [~BaseQueueElement] Queue element PullQEl_nms13yolov11n/conv65_143 has 0 frames in his Queue on destruction
[2026-04-13 13:56:13.426] [85940] [HailoRT] [info] [queue_elements.cpp:68] [operator()] Thread in element PullQEl_nms15yolov11n/conv62_143 is not running anymore, exiting..
[2026-04-13 13:56:13.426] [79761] [HailoRT] [info] [queue_elements.cpp:46] [~BaseQueueElement] Queue element PullQEl_nms15yolov11n/conv62_143 has 0 frames in his Queue on destruction
[2026-04-13 13:56:13.427] [85939] [HailoRT] [info] [queue_elements.cpp:68] [operator()] Thread in element PullQEl_nms12yolov11n/conv54_143 is not running anymore, exiting..
[2026-04-13 13:56:13.427] [79761] [HailoRT] [info] [queue_elements.cpp:46] [~BaseQueueElement] Queue element PullQEl_nms12yolov11n/conv54_143 has 0 frames in his Queue on destruction
[2026-04-13 13:56:13.427] [85938] [HailoRT] [info] [queue_elements.cpp:68] [operator()] Thread in element PullQEl_nms3yolov11n/conv51_143 is not running anymore, exiting..
[2026-04-13 13:56:13.427] [79761] [HailoRT] [info] [queue_elements.cpp:46] [~BaseQueueElement] Queue element PullQEl_nms3yolov11n/conv51_143 has 0 frames in his Queue on destruction
[2026-04-13 13:56:13.427] [79761] [HailoRT] [info] [core_op.cpp:186] [deactivate] Deactivating took 0.007055 ms
[2026-04-13 13:56:13.427] [79761] [HailoRT] [info] [core_op.cpp:186] [deactivate] Deactivating took 0.015796 ms
[2026-04-13 14:13:43.985] [93113] [HailoRT] [info] [vdevice.cpp:535] [create] Creating vdevice with params: device_count: 1, scheduling_algorithm: NONE, multi_process_service: false
[2026-04-13 14:13:43.997] [93113] [HailoRT] [info] [device.cpp:51] [Device] OS Version: Linux 6.12.62+rpt-rpi-2712 #1 SMP PREEMPT Debian 1:6.12.62-1+rpt1 (2025-12-18) aarch64
[2026-04-13 14:13:43.998] [93113] [HailoRT] [info] [control.cpp:113] [control__parse_identify_results] firmware_version is: 4.23.0
[2026-04-13 14:13:43.998] [93113] [HailoRT] [info] [vdevice.cpp:682] [create] VDevice Infos: 0001:01:00.0
[2026-04-13 14:13:44.004] [93113] [HailoRT] [info] [internal_buffer_manager.cpp:77] [print_execution_results] Planned internal buffer memory: CMA=0 CMA-Desc=327680 Pinned=2357760. memory to edge layer usage factor is 1
[2026-04-13 14:13:44.004] [93113] [HailoRT] [info] [internal_buffer_manager.cpp:86] [print_execution_results] Default Internal buffer planner executed successfully
[2026-04-13 14:13:44.034] [93113] [HailoRT] [info] [device_internal.cpp:57] [configure] Configuring HEF took 36.15014 milliseconds
[2026-04-13 14:13:44.034] [93113] [HailoRT] [info] [vdevice.cpp:780] [configure] Configuring HEF on VDevice took 36.501453 milliseconds
[2026-04-13 14:13:44.035] [93113] [HailoRT] [info] [control.cpp:113] [control__parse_identify_results] firmware_version is: 4.23.0
[2026-04-13 14:13:44.035] [93113] [HailoRT] [info] [control.cpp:113] [control__parse_identify_results] firmware_version is: 4.23.0
[2026-04-13 14:13:44.036] [93113] [HailoRT] [info] [core_op.cpp:156] [activate] Activating yolov11n took 0.675422 milliseconds. Note that the function is asynchronous and thus the network is not fully activated yet.
[2026-04-13 14:13:44.036] [93113] [HailoRT] [info] [core_op.cpp:156] [activate] Activating yolov11n took 0.688033 milliseconds. Note that the function is asynchronous and thus the network is not fully activated yet.
[2026-04-13 14:13:44.049] [93113] [HailoRT] [info] [control.cpp:113] [control__parse_identify_results] firmware_version is: 4.23.0
[2026-04-13 14:13:44.049] [93113] [HailoRT] [info] [control.cpp:113] [control__parse_identify_results] firmware_version is: 4.23.0
[2026-04-13 14:13:45.249] [93105] [HailoRT] [info] [device.cpp:51] [Device] OS Version: Linux 6.12.62+rpt-rpi-2712 #1 SMP PREEMPT Debian 1:6.12.62-1+rpt1 (2025-12-18) aarch64
[2026-04-13 14:13:45.250] [93105] [HailoRT] [info] [control.cpp:113] [control__parse_identify_results] firmware_version is: 4.23.0
[2026-04-13 14:13:45.250] [93105] [HailoRT] [info] [control.cpp:113] [control__parse_identify_results] firmware_version is: 4.23.0
[2026-04-13 14:18:44.050] [93124] [HailoRT] [info] [vdevice_native_stream.cpp:331] [read_impl] Failed read from stream HAILO_STREAM_ABORT(63) (device: 0001:01:00.0)
[2026-04-13 14:18:44.050] [93125] [HailoRT] [info] [vdevice_native_stream.cpp:331] [read_impl] Failed read from stream HAILO_STREAM_ABORT(63) (device: 0001:01:00.0)
[2026-04-13 14:18:44.050] [93122] [HailoRT] [info] [vdevice_native_stream.cpp:331] [read_impl] Failed read from stream HAILO_STREAM_ABORT(63) (device: 0001:01:00.0)
[2026-04-13 14:18:44.050] [93128] [HailoRT] [info] [vdevice_native_stream.cpp:142] [write_impl] Failed write to stream yolov11n/input_layer1 (device: 0001:01:00.0) with status=HAILO_STREAM_ABORT(63)
[2026-04-13 14:18:44.050] [93127] [HailoRT] [info] [vdevice_native_stream.cpp:331] [read_impl] Failed read from stream HAILO_STREAM_ABORT(63) (device: 0001:01:00.0)
[2026-04-13 14:18:44.050] [93126] [HailoRT] [info] [vdevice_native_stream.cpp:331] [read_impl] Failed read from stream HAILO_STREAM_ABORT(63) (device: 0001:01:00.0)
[2026-04-13 14:18:44.050] [93123] [HailoRT] [info] [vdevice_native_stream.cpp:331] [read_impl] Failed read from stream HAILO_STREAM_ABORT(63) (device: 0001:01:00.0)
[2026-04-13 14:18:44.055] [93113] [HailoRT] [info] [core_op.cpp:186] [deactivate] Deactivating took 0.007611 ms
[2026-04-13 14:18:44.055] [93113] [HailoRT] [info] [core_op.cpp:186] [deactivate] Deactivating took 0.023296 ms
[2026-04-13 14:18:44.094] [93113] [HailoRT] [info] [vdevice.cpp:535] [create] Creating vdevice with params: device_count: 1, scheduling_algorithm: NONE, multi_process_service: false
[2026-04-13 14:18:44.095] [93113] [HailoRT] [info] [device.cpp:51] [Device] OS Version: Linux 6.12.62+rpt-rpi-2712 #1 SMP PREEMPT Debian 1:6.12.62-1+rpt1 (2025-12-18) aarch64
[2026-04-13 14:18:44.095] [93113] [HailoRT] [info] [control.cpp:113] [control__parse_identify_results] firmware_version is: 4.23.0
[2026-04-13 14:18:44.095] [93113] [HailoRT] [info] [vdevice.cpp:682] [create] VDevice Infos: 0001:01:00.0
[2026-04-13 14:18:44.104] [93113] [HailoRT] [info] [internal_buffer_manager.cpp:77] [print_execution_results] Planned internal buffer memory: CMA=0 CMA-Desc=327680 Pinned=2357760. memory to edge layer usage factor is 1
[2026-04-13 14:18:44.104] [93113] [HailoRT] [info] [internal_buffer_manager.cpp:86] [print_execution_results] Default Internal buffer planner executed successfully
[2026-04-13 14:18:44.142] [93113] [HailoRT] [info] [device_internal.cpp:57] [configure] Configuring HEF took 47.155311 milliseconds
[2026-04-13 14:18:44.143] [93113] [HailoRT] [info] [vdevice.cpp:780] [configure] Configuring HEF on VDevice took 47.712993 milliseconds
[2026-04-13 14:18:44.143] [93113] [HailoRT] [info] [control.cpp:113] [control__parse_identify_results] firmware_version is: 4.23.0
[2026-04-13 14:18:44.143] [93113] [HailoRT] [info] [control.cpp:113] [control__parse_identify_results] firmware_version is: 4.23.0
[2026-04-13 14:18:44.144] [93113] [HailoRT] [info] [core_op.cpp:156] [activate] Activating yolov11n took 0.920236 milliseconds. Note that the function is asynchronous and thus the network is not fully activated yet.
[2026-04-13 14:18:44.144] [93113] [HailoRT] [info] [core_op.cpp:156] [activate] Activating yolov11n took 0.946328 milliseconds. Note that the function is asynchronous and thus the network is not fully activated yet.
[2026-04-13 14:18:44.158] [93113] [HailoRT] [info] [control.cpp:113] [control__parse_identify_results] firmware_version is: 4.23.0
[2026-04-13 14:18:44.158] [93113] [HailoRT] [info] [control.cpp:113] [control__parse_identify_results] firmware_version is: 4.23.0
[2026-04-13 14:18:44.159] [93113] [HailoRT] [info] [edge_elements.cpp:52] [create] Created (HwWriteEl8yolov11n/input_layer1 | hw_frame_size: 1228800)
[2026-04-13 14:18:44.159] [93113] [HailoRT] [info] [queue_elements.cpp:284] [create] Created (PushQEl8yolov11n/input_layer1 | timeout: 10s)
[2026-04-13 14:18:44.159] [93113] [HailoRT] [info] [filter_elements.cpp:101] [create] Created (PreInferEl8yolov11n/input_layer1 | Reorder - src_order: NHWC, src_shape: (640, 640, 3), dst_order: NHCW, dst_shape: (640, 640, 3))
[2026-04-13 14:18:44.159] [93113] [HailoRT] [info] [vstream.cpp:754] [InputVStreamImpl] Creating yolov11n/input_layer1...
[2026-04-13 14:18:44.159] [93113] [HailoRT] [info] [vstream_builder.cpp:102] [create_inputs] Input pipeline 'yolov11n/input_layer1': (PreInferEl8yolov11n/input_layer1 | Reorder - src_order: NHWC, src_shape: (640, 640, 3), dst_order: NHCW, dst_shape: (640, 640, 3)) >> (PushQEl8yolov11n/input_layer1 | timeout: 10s) >> (HwWriteEl8yolov11n/input_layer1 | hw_frame_size: 1228800) >> HW
[2026-04-13 14:18:44.160] [93113] [HailoRT] [info] [multi_io_elements.cpp:135] [create] Created (NmsPPMuxEl0YOLOV8-Post-Process | Op YOLOV8, Name: YOLOV8-Post-Process, Score threshold: 0.200, IoU threshold: 0.70, Classes: 80, Max bboxes per class: 100, Image height: 640, Image width: 640)
[2026-04-13 14:18:44.160] [93113] [HailoRT] [info] [edge_elements.cpp:287] [create] Created (HwReadEl3yolov11n/conv51_143 | hw_frame_size: 409600)
[2026-04-13 14:18:44.160] [93113] [HailoRT] [info] [queue_elements.cpp:657] [create] Created (PullQEl_nms3yolov11n/conv51_143 | timeout: 10s)
[2026-04-13 14:18:44.160] [93113] [HailoRT] [info] [edge_elements.cpp:287] [create] Created (HwReadEl12yolov11n/conv54_143 | hw_frame_size: 512000)
[2026-04-13 14:18:44.160] [93113] [HailoRT] [info] [queue_elements.cpp:657] [create] Created (PullQEl_nms12yolov11n/conv54_143 | timeout: 10s)
[2026-04-13 14:18:44.160] [93113] [HailoRT] [info] [edge_elements.cpp:287] [create] Created (HwReadEl15yolov11n/conv62_143 | hw_frame_size: 102400)
[2026-04-13 14:18:44.161] [93113] [HailoRT] [info] [queue_elements.cpp:657] [create] Created (PullQEl_nms15yolov11n/conv62_143 | timeout: 10s)
[2026-04-13 14:18:44.161] [93113] [HailoRT] [info] [edge_elements.cpp:287] [create] Created (HwReadEl13yolov11n/conv65_143 | hw_frame_size: 128000)
[2026-04-13 14:18:44.161] [93113] [HailoRT] [info] [queue_elements.cpp:657] [create] Created (PullQEl_nms13yolov11n/conv65_143 | timeout: 10s)
[2026-04-13 14:18:44.161] [93113] [HailoRT] [info] [edge_elements.cpp:287] [create] Created (HwReadEl1yolov11n/conv77_143 | hw_frame_size: 30720)
[2026-04-13 14:18:44.161] [93113] [HailoRT] [info] [queue_elements.cpp:657] [create] Created (PullQEl_nms1yolov11n/conv77_143 | timeout: 10s)
[2026-04-13 14:18:44.161] [93113] [HailoRT] [info] [edge_elements.cpp:287] [create] Created (HwReadEl0yolov11n/conv80_143 | hw_frame_size: 38400)
[2026-04-13 14:18:44.161] [93113] [HailoRT] [info] [queue_elements.cpp:657] [create] Created (PullQEl_nms0yolov11n/conv80_143 | timeout: 10s)
[2026-04-13 14:18:44.161] [93113] [HailoRT] [info] [queue_elements.cpp:800] [create] Created (UserBufQEl_post_infer0yolov11n/yolov8_nms_postprocess | timeout: 10s)
[2026-04-13 14:18:44.161] [93113] [HailoRT] [info] [vstream.cpp:1114] [OutputVStreamImpl] Creating yolov11n/yolov8_nms_postprocess...
[2026-04-13 14:18:44.161] [93113] [HailoRT] [info] [vstream_builder.cpp:622] [create_output_post_process_nms] Output pipeline 'yolov11n/yolov8_nms_postprocess': HW >> (HwReadEl3yolov11n/conv51_143 | hw_frame_size: 409600) >> (PullQEl_nms3yolov11n/conv51_143) >> (HwReadEl12yolov11n/conv54_143 | hw_frame_size: 512000) >> (PullQEl_nms12yolov11n/conv54_143) >> (HwReadEl15yolov11n/conv62_143 | hw_frame_size: 102400) >> (PullQEl_nms15yolov11n/conv62_143) >> (HwReadEl13yolov11n/conv65_143 | hw_frame_size: 128000) >> (PullQEl_nms13yolov11n/conv65_143) >> (HwReadEl1yolov11n/conv77_143 | hw_frame_size: 30720) >> (PullQEl_nms1yolov11n/conv77_143) >> (HwReadEl0yolov11n/conv80_143 | hw_frame_size: 38400) >> (PullQEl_nms0yolov11n/conv80_143) >> (NmsPPMuxEl0YOLOV8-Post-Process | Op YOLOV8, Name: YOLOV8-Post-Process, Score threshold: 0.200, IoU threshold: 0.70, Classes: 80, Max bboxes per class: 100, Image height: 640, Image width: 640) >> (UserBufQEl_post_infer0yolov11n/yolov8_nms_postprocess | timeout: 10s)
[2026-04-13 14:23:44.161] [96551] [HailoRT] [info] [vdevice_native_stream.cpp:142] [write_impl] Failed write to stream yolov11n/input_layer1 (device: 0001:01:00.0) with status=HAILO_STREAM_ABORT(63)
[2026-04-13 14:23:44.161] [96551] [HailoRT] [info] [edge_elements.cpp:87] [run_push] Failed to send on input stream InputStream(index=8, name=yolov11n/input_layer1) because stream was aborted
[2026-04-13 14:23:44.162] [96551] [HailoRT] [info] [queue_elements.cpp:401] [run_in_thread] run_push of PushQEl8yolov11n/input_layer1 was aborted!
[2026-04-13 14:23:44.161] [96557] [HailoRT] [info] [vdevice_native_stream.cpp:331] [read_impl] Failed read from stream HAILO_STREAM_ABORT(63) (device: 0001:01:00.0)
[2026-04-13 14:23:44.162] [96556] [HailoRT] [info] [vdevice_native_stream.cpp:331] [read_impl] Failed read from stream HAILO_STREAM_ABORT(63) (device: 0001:01:00.0)
[2026-04-13 14:23:44.162] [96556] [HailoRT] [info] [edge_elements.cpp:396] [run_pull] Reading from stream was aborted!
[2026-04-13 14:23:44.162] [96557] [HailoRT] [info] [edge_elements.cpp:396] [run_pull] Reading from stream was aborted!
[2026-04-13 14:23:44.162] [96556] [HailoRT] [info] [queue_elements.cpp:738] [run_in_thread] run_pull of queue element PullQEl_nms1yolov11n/conv77_143 was aborted!
[2026-04-13 14:23:44.162] [96557] [HailoRT] [info] [queue_elements.cpp:738] [run_in_thread] run_pull of queue element PullQEl_nms0yolov11n/conv80_143 was aborted!
[2026-04-13 14:23:44.162] [96554] [HailoRT] [info] [vdevice_native_stream.cpp:331] [read_impl] Failed read from stream HAILO_STREAM_ABORT(63) (device: 0001:01:00.0)
[2026-04-13 14:23:44.162] [96554] [HailoRT] [info] [edge_elements.cpp:396] [run_pull] Reading from stream was aborted!
[2026-04-13 14:23:44.162] [96554] [HailoRT] [info] [queue_elements.cpp:738] [run_in_thread] run_pull of queue element PullQEl_nms15yolov11n/conv62_143 was aborted!
[2026-04-13 14:23:44.162] [96555] [HailoRT] [info] [vdevice_native_stream.cpp:331] [read_impl] Failed read from stream HAILO_STREAM_ABORT(63) (device: 0001:01:00.0)
[2026-04-13 14:23:44.162] [96555] [HailoRT] [info] [edge_elements.cpp:396] [run_pull] Reading from stream was aborted!
[2026-04-13 14:23:44.162] [96555] [HailoRT] [info] [queue_elements.cpp:738] [run_in_thread] run_pull of queue element PullQEl_nms13yolov11n/conv65_143 was aborted!
[2026-04-13 14:23:44.162] [96562] [HailoRT] [info] [vstream.cpp:774] [write] Sending to VStream was shutdown!
[2026-04-13 14:23:44.162] [96562] [HailoRT] [info] [vstream.cpp:778] [write] Sending to VStream was aborted!
[2026-04-13 14:23:44.162] [96553] [HailoRT] [info] [vdevice_native_stream.cpp:331] [read_impl] Failed read from stream HAILO_STREAM_ABORT(63) (device: 0001:01:00.0)
[2026-04-13 14:23:44.162] [96552] [HailoRT] [info] [vdevice_native_stream.cpp:331] [read_impl] Failed read from stream HAILO_STREAM_ABORT(63) (device: 0001:01:00.0)
[2026-04-13 14:23:44.162] [96552] [HailoRT] [info] [edge_elements.cpp:396] [run_pull] Reading from stream was aborted!
[2026-04-13 14:23:44.162] [96553] [HailoRT] [info] [edge_elements.cpp:396] [run_pull] Reading from stream was aborted!
[2026-04-13 14:23:44.162] [96552] [HailoRT] [info] [queue_elements.cpp:738] [run_in_thread] run_pull of queue element PullQEl_nms3yolov11n/conv51_143 was aborted!
[2026-04-13 14:23:44.162] [96553] [HailoRT] [info] [queue_elements.cpp:738] [run_in_thread] run_pull of queue element PullQEl_nms12yolov11n/conv54_143 was aborted!
[2026-04-13 14:23:44.162] [96561] [HailoRT] [info] [queue_elements.cpp:706] [run_pull] Shutdown event was signaled in dequeue of queue element PullQEl_nms3yolov11n/conv51_143!
[2026-04-13 14:23:44.162] [96561] [HailoRT] [info] [vstream.cpp:1138] [read] Receiving to VStream was shutdown!
[2026-04-13 14:23:44.169] [93113] [HailoRT] [info] [queue_elements.cpp:360] [execute_deactivate] enqueue() in element PushQEl8yolov11n/input_layer1 was aborted, got status = HAILO_SHUTDOWN_EVENT_SIGNALED(57)
[2026-04-13 14:23:44.169] [96551] [HailoRT] [info] [queue_elements.cpp:68] [operator()] Thread in element PushQEl8yolov11n/input_layer1 is not running anymore, exiting..
[2026-04-13 14:23:44.170] [93113] [HailoRT] [info] [queue_elements.cpp:46] [~BaseQueueElement] Queue element PushQEl8yolov11n/input_layer1 has 1 frames in his Queue on destruction
[2026-04-13 14:23:44.170] [96558] [HailoRT] [info] [queue_elements.cpp:68] [operator()] Thread in element UserBufQEl_post_infer0yolov11n/yolov8_nms_postprocess is not running anymore, exiting..
[2026-04-13 14:23:44.170] [93113] [HailoRT] [info] [queue_elements.cpp:46] [~BaseQueueElement] Queue element UserBufQEl_post_infer0yolov11n/yolov8_nms_postprocess has 0 frames in his Queue on destruction
[2026-04-13 14:23:44.170] [96557] [HailoRT] [info] [queue_elements.cpp:68] [operator()] Thread in element PullQEl_nms0yolov11n/conv80_143 is not running anymore, exiting..
[2026-04-13 14:23:44.170] [93113] [HailoRT] [info] [queue_elements.cpp:46] [~BaseQueueElement] Queue element PullQEl_nms0yolov11n/conv80_143 has 0 frames in his Queue on destruction
[2026-04-13 14:23:44.170] [96556] [HailoRT] [info] [queue_elements.cpp:68] [operator()] Thread in element PullQEl_nms1yolov11n/conv77_143 is not running anymore, exiting..
[2026-04-13 14:23:44.170] [93113] [HailoRT] [info] [queue_elements.cpp:46] [~BaseQueueElement] Queue element PullQEl_nms1yolov11n/conv77_143 has 0 frames in his Queue on destruction
[2026-04-13 14:23:44.170] [96555] [HailoRT] [info] [queue_elements.cpp:68] [operator()] Thread in element PullQEl_nms13yolov11n/conv65_143 is not running anymore, exiting..
[2026-04-13 14:23:44.170] [93113] [HailoRT] [info] [queue_elements.cpp:46] [~BaseQueueElement] Queue element PullQEl_nms13yolov11n/conv65_143 has 0 frames in his Queue on destruction
[2026-04-13 14:23:44.170] [96554] [HailoRT] [info] [queue_elements.cpp:68] [operator()] Thread in element PullQEl_nms15yolov11n/conv62_143 is not running anymore, exiting..
[2026-04-13 14:23:44.170] [93113] [HailoRT] [info] [queue_elements.cpp:46] [~BaseQueueElement] Queue element PullQEl_nms15yolov11n/conv62_143 has 0 frames in his Queue on destruction
[2026-04-13 14:23:44.170] [96553] [HailoRT] [info] [queue_elements.cpp:68] [operator()] Thread in element PullQEl_nms12yolov11n/conv54_143 is not running anymore, exiting..
[2026-04-13 14:23:44.170] [93113] [HailoRT] [info] [queue_elements.cpp:46] [~BaseQueueElement] Queue element PullQEl_nms12yolov11n/conv54_143 has 0 frames in his Queue on destruction
[2026-04-13 14:23:44.170] [96552] [HailoRT] [info] [queue_elements.cpp:68] [operator()] Thread in element PullQEl_nms3yolov11n/conv51_143 is not running anymore, exiting..
[2026-04-13 14:23:44.170] [93113] [HailoRT] [info] [queue_elements.cpp:46] [~BaseQueueElement] Queue element PullQEl_nms3yolov11n/conv51_143 has 0 frames in his Queue on destruction
[2026-04-13 14:23:44.170] [93113] [HailoRT] [info] [core_op.cpp:186] [deactivate] Deactivating took 0.011833 ms
[2026-04-13 14:23:44.170] [93113] [HailoRT] [info] [core_op.cpp:186] [deactivate] Deactivating took 0.023556 ms
[2026-04-13 14:23:44.232] [93113] [HailoRT] [info] [vdevice.cpp:535] [create] Creating vdevice with params: device_count: 1, scheduling_algorithm: NONE, multi_process_service: false
[2026-04-13 14:23:44.245] [93113] [HailoRT] [info] [device.cpp:51] [Device] OS Version: Linux 6.12.62+rpt-rpi-2712 #1 SMP PREEMPT Debian 1:6.12.62-1+rpt1 (2025-12-18) aarch64
[2026-04-13 14:23:44.245] [93113] [HailoRT] [info] [control.cpp:113] [control__parse_identify_results] firmware_version is: 4.23.0
[2026-04-13 14:23:44.245] [93113] [HailoRT] [info] [vdevice.cpp:682] [create] VDevice Infos: 0001:01:00.0
[2026-04-13 14:23:44.252] [93113] [HailoRT] [info] [internal_buffer_manager.cpp:77] [print_execution_results] Planned internal buffer memory: CMA=0 CMA-Desc=327680 Pinned=2357760. memory to edge layer usage factor is 1
[2026-04-13 14:23:44.252] [93113] [HailoRT] [info] [internal_buffer_manager.cpp:86] [print_execution_results] Default Internal buffer planner executed successfully
[2026-04-13 14:23:44.313] [93113] [HailoRT] [info] [device_internal.cpp:57] [configure] Configuring HEF took 67.946302 milliseconds
[2026-04-13 14:23:44.313] [93113] [HailoRT] [info] [vdevice.cpp:780] [configure] Configuring HEF on VDevice took 68.382985 milliseconds
[2026-04-13 14:23:44.314] [93113] [HailoRT] [info] [control.cpp:113] [control__parse_identify_results] firmware_version is: 4.23.0
[2026-04-13 14:23:44.314] [93113] [HailoRT] [info] [control.cpp:113] [control__parse_identify_results] firmware_version is: 4.23.0
[2026-04-13 14:23:44.315] [93113] [HailoRT] [info] [core_op.cpp:156] [activate] Activating yolov11n took 0.697738 milliseconds. Note that the function is asynchronous and thus the network is not fully activated yet.
[2026-04-13 14:23:44.315] [93113] [HailoRT] [info] [core_op.cpp:156] [activate] Activating yolov11n took 0.711755 milliseconds. Note that the function is asynchronous and thus the network is not fully activated yet.
[2026-04-13 14:23:44.331] [93113] [HailoRT] [info] [control.cpp:113] [control__parse_identify_results] firmware_version is: 4.23.0
[2026-04-13 14:23:44.331] [93113] [HailoRT] [info] [control.cpp:113] [control__parse_identify_results] firmware_version is: 4.23.0
[2026-04-13 14:23:44.331] [93113] [HailoRT] [info] [edge_elements.cpp:52] [create] Created (HwWriteEl8yolov11n/input_layer1 | hw_frame_size: 1228800)
[2026-04-13 14:23:44.331] [93113] [HailoRT] [info] [queue_elements.cpp:284] [create] Created (PushQEl8yolov11n/input_layer1 | timeout: 10s)
[2026-04-13 14:23:44.331] [93113] [HailoRT] [info] [filter_elements.cpp:101] [create] Created (PreInferEl8yolov11n/input_layer1 | Reorder - src_order: NHWC, src_shape: (640, 640, 3), dst_order: NHCW, dst_shape: (640, 640, 3))
[2026-04-13 14:23:44.331] [93113] [HailoRT] [info] [vstream.cpp:754] [InputVStreamImpl] Creating yolov11n/input_layer1...
[2026-04-13 14:23:44.331] [93113] [HailoRT] [info] [vstream_builder.cpp:102] [create_inputs] Input pipeline 'yolov11n/input_layer1': (PreInferEl8yolov11n/input_layer1 | Reorder - src_order: NHWC, src_shape: (640, 640, 3), dst_order: NHCW, dst_shape: (640, 640, 3)) >> (PushQEl8yolov11n/input_layer1 | timeout: 10s) >> (HwWriteEl8yolov11n/input_layer1 | hw_frame_size: 1228800) >> HW
[2026-04-13 14:23:44.331] [93113] [HailoRT] [info] [multi_io_elements.cpp:135] [create] Created (NmsPPMuxEl0YOLOV8-Post-Process | Op YOLOV8, Name: YOLOV8-Post-Process, Score threshold: 0.200, IoU threshold: 0.70, Classes: 80, Max bboxes per class: 100, Image height: 640, Image width: 640)
[2026-04-13 14:23:44.332] [93113] [HailoRT] [info] [edge_elements.cpp:287] [create] Created (HwReadEl3yolov11n/conv51_143 | hw_frame_size: 409600)
[2026-04-13 14:23:44.332] [93113] [HailoRT] [info] [queue_elements.cpp:657] [create] Created (PullQEl_nms3yolov11n/conv51_143 | timeout: 10s)
[2026-04-13 14:23:44.332] [93113] [HailoRT] [info] [edge_elements.cpp:287] [create] Created (HwReadEl12yolov11n/conv54_143 | hw_frame_size: 512000)
[2026-04-13 14:23:44.332] [93113] [HailoRT] [info] [queue_elements.cpp:657] [create] Created (PullQEl_nms12yolov11n/conv54_143 | timeout: 10s)
[2026-04-13 14:23:44.332] [93113] [HailoRT] [info] [edge_elements.cpp:287] [create] Created (HwReadEl15yolov11n/conv62_143 | hw_frame_size: 102400)
[2026-04-13 14:23:44.332] [93113] [HailoRT] [info] [queue_elements.cpp:657] [create] Created (PullQEl_nms15yolov11n/conv62_143 | timeout: 10s)
[2026-04-13 14:23:44.332] [93113] [HailoRT] [info] [edge_elements.cpp:287] [create] Created (HwReadEl13yolov11n/conv65_143 | hw_frame_size: 128000)
[2026-04-13 14:23:44.332] [93113] [HailoRT] [info] [queue_elements.cpp:657] [create] Created (PullQEl_nms13yolov11n/conv65_143 | timeout: 10s)
[2026-04-13 14:23:44.332] [93113] [HailoRT] [info] [edge_elements.cpp:287] [create] Created (HwReadEl1yolov11n/conv77_143 | hw_frame_size: 30720)
[2026-04-13 14:23:44.332] [93113] [HailoRT] [info] [queue_elements.cpp:657] [create] Created (PullQEl_nms1yolov11n/conv77_143 | timeout: 10s)
[2026-04-13 14:23:44.332] [93113] [HailoRT] [info] [edge_elements.cpp:287] [create] Created (HwReadEl0yolov11n/conv80_143 | hw_frame_size: 38400)
[2026-04-13 14:23:44.333] [93113] [HailoRT] [info] [queue_elements.cpp:657] [create] Created (PullQEl_nms0yolov11n/conv80_143 | timeout: 10s)
[2026-04-13 14:23:44.333] [93113] [HailoRT] [info] [queue_elements.cpp:800] [create] Created (UserBufQEl_post_infer0yolov11n/yolov8_nms_postprocess | timeout: 10s)
[2026-04-13 14:23:44.333] [93113] [HailoRT] [info] [vstream.cpp:1114] [OutputVStreamImpl] Creating yolov11n/yolov8_nms_postprocess...
[2026-04-13 14:23:44.333] [93113] [HailoRT] [info] [vstream_builder.cpp:622] [create_output_post_process_nms] Output pipeline 'yolov11n/yolov8_nms_postprocess': HW >> (HwReadEl3yolov11n/conv51_143 | hw_frame_size: 409600) >> (PullQEl_nms3yolov11n/conv51_143) >> (HwReadEl12yolov11n/conv54_143 | hw_frame_size: 512000) >> (PullQEl_nms12yolov11n/conv54_143) >> (HwReadEl15yolov11n/conv62_143 | hw_frame_size: 102400) >> (PullQEl_nms15yolov11n/conv62_143) >> (HwReadEl13yolov11n/conv65_143 | hw_frame_size: 128000) >> (PullQEl_nms13yolov11n/conv65_143) >> (HwReadEl1yolov11n/conv77_143 | hw_frame_size: 30720) >> (PullQEl_nms1yolov11n/conv77_143) >> (HwReadEl0yolov11n/conv80_143 | hw_frame_size: 38400) >> (PullQEl_nms0yolov11n/conv80_143) >> (NmsPPMuxEl0YOLOV8-Post-Process | Op YOLOV8, Name: YOLOV8-Post-Process, Score threshold: 0.200, IoU threshold: 0.70, Classes: 80, Max bboxes per class: 100, Image height: 640, Image width: 640) >> (UserBufQEl_post_infer0yolov11n/yolov8_nms_postprocess | timeout: 10s)
[2026-04-13 14:28:44.334] [98780] [HailoRT] [info] [vdevice_native_stream.cpp:331] [read_impl] Failed read from stream HAILO_STREAM_ABORT(63) (device: 0001:01:00.0)
[2026-04-13 14:28:44.334] [98780] [HailoRT] [info] [edge_elements.cpp:396] [run_pull] Reading from stream was aborted!
[2026-04-13 14:28:44.334] [98779] [HailoRT] [info] [vdevice_native_stream.cpp:331] [read_impl] Failed read from stream HAILO_STREAM_ABORT(63) (device: 0001:01:00.0)
[2026-04-13 14:28:44.334] [98779] [HailoRT] [info] [edge_elements.cpp:396] [run_pull] Reading from stream was aborted!
[2026-04-13 14:28:44.334] [98781] [HailoRT] [info] [vdevice_native_stream.cpp:331] [read_impl] Failed read from stream HAILO_STREAM_ABORT(63) (device: 0001:01:00.0)
[2026-04-13 14:28:44.334] [98779] [HailoRT] [info] [queue_elements.cpp:738] [run_in_thread] run_pull of queue element PullQEl_nms13yolov11n/conv65_143 was aborted!
[2026-04-13 14:28:44.334] [98780] [HailoRT] [info] [queue_elements.cpp:738] [run_in_thread] run_pull of queue element PullQEl_nms1yolov11n/conv77_143 was aborted!
[2026-04-13 14:28:44.334] [98781] [HailoRT] [info] [edge_elements.cpp:396] [run_pull] Reading from stream was aborted!
[2026-04-13 14:28:44.334] [98778] [HailoRT] [info] [vdevice_native_stream.cpp:331] [read_impl] Failed read from stream HAILO_STREAM_ABORT(63) (device: 0001:01:00.0)
[2026-04-13 14:28:44.334] [98778] [HailoRT] [info] [edge_elements.cpp:396] [run_pull] Reading from stream was aborted!
[2026-04-13 14:28:44.334] [98781] [HailoRT] [info] [queue_elements.cpp:738] [run_in_thread] run_pull of queue element PullQEl_nms0yolov11n/conv80_143 was aborted!
[2026-04-13 14:28:44.334] [98778] [HailoRT] [info] [queue_elements.cpp:738] [run_in_thread] run_pull of queue element PullQEl_nms15yolov11n/conv62_143 was aborted!
[2026-04-13 14:28:44.334] [98777] [HailoRT] [info] [vdevice_native_stream.cpp:331] [read_impl] Failed read from stream HAILO_STREAM_ABORT(63) (device: 0001:01:00.0)
[2026-04-13 14:28:44.334] [98777] [HailoRT] [info] [edge_elements.cpp:396] [run_pull] Reading from stream was aborted!
[2026-04-13 14:28:44.334] [98777] [HailoRT] [info] [queue_elements.cpp:738] [run_in_thread] run_pull of queue element PullQEl_nms12yolov11n/conv54_143 was aborted!
[2026-04-13 14:28:44.334] [98776] [HailoRT] [info] [vdevice_native_stream.cpp:331] [read_impl] Failed read from stream HAILO_STREAM_ABORT(63) (device: 0001:01:00.0)
[2026-04-13 14:28:44.334] [98776] [HailoRT] [info] [edge_elements.cpp:396] [run_pull] Reading from stream was aborted!
[2026-04-13 14:28:44.334] [98776] [HailoRT] [info] [queue_elements.cpp:738] [run_in_thread] run_pull of queue element PullQEl_nms3yolov11n/conv51_143 was aborted!
[2026-04-13 14:28:44.334] [98785] [HailoRT] [info] [queue_elements.cpp:706] [run_pull] Shutdown event was signaled in dequeue of queue element PullQEl_nms3yolov11n/conv51_143!
[2026-04-13 14:28:44.334] [98785] [HailoRT] [info] [vstream.cpp:1138] [read] Receiving to VStream was shutdown!
[2026-04-13 14:28:44.335] [98775] [HailoRT] [info] [vdevice_native_stream.cpp:142] [write_impl] Failed write to stream yolov11n/input_layer1 (device: 0001:01:00.0) with status=HAILO_STREAM_ABORT(63)
[2026-04-13 14:28:44.335] [98775] [HailoRT] [info] [edge_elements.cpp:87] [run_push] Failed to send on input stream InputStream(index=8, name=yolov11n/input_layer1) because stream was aborted
[2026-04-13 14:28:44.335] [98775] [HailoRT] [info] [queue_elements.cpp:401] [run_in_thread] run_push of PushQEl8yolov11n/input_layer1 was aborted!
[2026-04-13 14:28:44.337] [98786] [HailoRT] [info] [queue_elements.cpp:319] [run_push] run_push of PushQEl8yolov11n/input_layer1 was aborted!
[2026-04-13 14:28:44.337] [98786] [HailoRT] [info] [filter_elements.cpp:35] [run_push] run_push of PreInferEl8yolov11n/input_layer1 was aborted!
[2026-04-13 14:28:44.337] [98786] [HailoRT] [info] [vstream.cpp:778] [write] Sending to VStream was aborted!
[2026-04-13 14:28:44.340] [93113] [HailoRT] [info] [queue_elements.cpp:360] [execute_deactivate] enqueue() in element PushQEl8yolov11n/input_layer1 was aborted, got status = HAILO_SHUTDOWN_EVENT_SIGNALED(57)
[2026-04-13 14:28:44.340] [98775] [HailoRT] [info] [queue_elements.cpp:68] [operator()] Thread in element PushQEl8yolov11n/input_layer1 is not running anymore, exiting..
[2026-04-13 14:28:44.340] [93113] [HailoRT] [info] [queue_elements.cpp:46] [~BaseQueueElement] Queue element PushQEl8yolov11n/input_layer1 has 0 frames in his Queue on destruction
[2026-04-13 14:28:44.340] [98782] [HailoRT] [info] [queue_elements.cpp:68] [operator()] Thread in element UserBufQEl_post_infer0yolov11n/yolov8_nms_postprocess is not running anymore, exiting..
[2026-04-13 14:28:44.340] [93113] [HailoRT] [info] [queue_elements.cpp:46] [~BaseQueueElement] Queue element UserBufQEl_post_infer0yolov11n/yolov8_nms_postprocess has 0 frames in his Queue on destruction
[2026-04-13 14:28:44.340] [98781] [HailoRT] [info] [queue_elements.cpp:68] [operator()] Thread in element PullQEl_nms0yolov11n/conv80_143 is not running anymore, exiting..
[2026-04-13 14:28:44.340] [93113] [HailoRT] [info] [queue_elements.cpp:46] [~BaseQueueElement] Queue element PullQEl_nms0yolov11n/conv80_143 has 0 frames in his Queue on destruction
[2026-04-13 14:28:44.340] [98780] [HailoRT] [info] [queue_elements.cpp:68] [operator()] Thread in element PullQEl_nms1yolov11n/conv77_143 is not running anymore, exiting..
[2026-04-13 14:28:44.340] [93113] [HailoRT] [info] [queue_elements.cpp:46] [~BaseQueueElement] Queue element PullQEl_nms1yolov11n/conv77_143 has 0 frames in his Queue on destruction
[2026-04-13 14:28:44.340] [98779] [HailoRT] [info] [queue_elements.cpp:68] [operator()] Thread in element PullQEl_nms13yolov11n/conv65_143 is not running anymore, exiting..
[2026-04-13 14:28:44.340] [93113] [HailoRT] [info] [queue_elements.cpp:46] [~BaseQueueElement] Queue element PullQEl_nms13yolov11n/conv65_143 has 0 frames in his Queue on destruction
[2026-04-13 14:28:44.340] [98778] [HailoRT] [info] [queue_elements.cpp:68] [operator()] Thread in element PullQEl_nms15yolov11n/conv62_143 is not running anymore, exiting..
[2026-04-13 14:28:44.340] [93113] [HailoRT] [info] [queue_elements.cpp:46] [~BaseQueueElement] Queue element PullQEl_nms15yolov11n/conv62_143 has 0 frames in his Queue on destruction
[2026-04-13 14:28:44.340] [98777] [HailoRT] [info] [queue_elements.cpp:68] [operator()] Thread in element PullQEl_nms12yolov11n/conv54_143 is not running anymore, exiting..
[2026-04-13 14:28:44.340] [93113] [HailoRT] [info] [queue_elements.cpp:46] [~BaseQueueElement] Queue element PullQEl_nms12yolov11n/conv54_143 has 0 frames in his Queue on destruction
[2026-04-13 14:28:44.340] [98776] [HailoRT] [info] [queue_elements.cpp:68] [operator()] Thread in element PullQEl_nms3yolov11n/conv51_143 is not running anymore, exiting..
[2026-04-13 14:28:44.340] [93113] [HailoRT] [info] [queue_elements.cpp:46] [~BaseQueueElement] Queue element PullQEl_nms3yolov11n/conv51_143 has 0 frames in his Queue on destruction
[2026-04-13 14:28:44.341] [93113] [HailoRT] [info] [core_op.cpp:186] [deactivate] Deactivating took 0.008963 ms
[2026-04-13 14:28:44.341] [93113] [HailoRT] [info] [core_op.cpp:186] [deactivate] Deactivating took 0.019463 ms
[2026-04-13 14:39:55.475] [103385] [HailoRT] [info] [vdevice.cpp:535] [create] Creating vdevice with params: device_count: 1, scheduling_algorithm: NONE, multi_process_service: false
[2026-04-13 14:39:55.489] [103385] [HailoRT] [info] [device.cpp:51] [Device] OS Version: Linux 6.12.62+rpt-rpi-2712 #1 SMP PREEMPT Debian 1:6.12.62-1+rpt1 (2025-12-18) aarch64
[2026-04-13 14:39:55.489] [103385] [HailoRT] [info] [control.cpp:113] [control__parse_identify_results] firmware_version is: 4.23.0
[2026-04-13 14:39:55.489] [103385] [HailoRT] [info] [vdevice.cpp:682] [create] VDevice Infos: 0001:01:00.0
[2026-04-13 14:39:55.496] [103385] [HailoRT] [info] [internal_buffer_manager.cpp:77] [print_execution_results] Planned internal buffer memory: CMA=0 CMA-Desc=327680 Pinned=2357760. memory to edge layer usage factor is 1
[2026-04-13 14:39:55.496] [103385] [HailoRT] [info] [internal_buffer_manager.cpp:86] [print_execution_results] Default Internal buffer planner executed successfully
[2026-04-13 14:39:55.522] [103385] [HailoRT] [info] [device_internal.cpp:57] [configure] Configuring HEF took 33.139372 milliseconds
[2026-04-13 14:39:55.523] [103385] [HailoRT] [info] [vdevice.cpp:780] [configure] Configuring HEF on VDevice took 33.547743 milliseconds
[2026-04-13 14:39:55.523] [103385] [HailoRT] [info] [control.cpp:113] [control__parse_identify_results] firmware_version is: 4.23.0
[2026-04-13 14:39:55.523] [103385] [HailoRT] [info] [control.cpp:113] [control__parse_identify_results] firmware_version is: 4.23.0
[2026-04-13 14:39:55.524] [103385] [HailoRT] [info] [core_op.cpp:156] [activate] Activating yolov11n took 0.671223 milliseconds. Note that the function is asynchronous and thus the network is not fully activated yet.
[2026-04-13 14:39:55.524] [103385] [HailoRT] [info] [core_op.cpp:156] [activate] Activating yolov11n took 0.683075 milliseconds. Note that the function is asynchronous and thus the network is not fully activated yet.
[2026-04-13 14:39:55.537] [103385] [HailoRT] [info] [control.cpp:113] [control__parse_identify_results] firmware_version is: 4.23.0
[2026-04-13 14:39:55.537] [103385] [HailoRT] [info] [control.cpp:113] [control__parse_identify_results] firmware_version is: 4.23.0
[2026-04-13 14:39:56.751] [103377] [HailoRT] [info] [device.cpp:51] [Device] OS Version: Linux 6.12.62+rpt-rpi-2712 #1 SMP PREEMPT Debian 1:6.12.62-1+rpt1 (2025-12-18) aarch64
[2026-04-13 14:39:56.751] [103377] [HailoRT] [info] [control.cpp:113] [control__parse_identify_results] firmware_version is: 4.23.0
[2026-04-13 14:39:56.752] [103377] [HailoRT] [info] [control.cpp:113] [control__parse_identify_results] firmware_version is: 4.23.0
[2026-04-13 14:44:55.538] [103399] [HailoRT] [info] [vdevice_native_stream.cpp:331] [read_impl] Failed read from stream HAILO_STREAM_ABORT(63) (device: 0001:01:00.0)
[2026-04-13 14:44:55.538] [103394] [HailoRT] [info] [vdevice_native_stream.cpp:331] [read_impl] Failed read from stream HAILO_STREAM_ABORT(63) (device: 0001:01:00.0)
[2026-04-13 14:44:55.538] [103397] [HailoRT] [info] [vdevice_native_stream.cpp:331] [read_impl] Failed read from stream HAILO_STREAM_ABORT(63) (device: 0001:01:00.0)
[2026-04-13 14:44:55.538] [103398] [HailoRT] [info] [vdevice_native_stream.cpp:331] [read_impl] Failed read from stream HAILO_STREAM_ABORT(63) (device: 0001:01:00.0)
[2026-04-13 14:44:55.538] [103396] [HailoRT] [info] [vdevice_native_stream.cpp:331] [read_impl] Failed read from stream HAILO_STREAM_ABORT(63) (device: 0001:01:00.0)
[2026-04-13 14:44:55.538] [103400] [HailoRT] [info] [vdevice_native_stream.cpp:142] [write_impl] Failed write to stream yolov11n/input_layer1 (device: 0001:01:00.0) with status=HAILO_STREAM_ABORT(63)
[2026-04-13 14:44:55.538] [103395] [HailoRT] [info] [vdevice_native_stream.cpp:331] [read_impl] Failed read from stream HAILO_STREAM_ABORT(63) (device: 0001:01:00.0)
[2026-04-13 14:44:55.570] [103385] [HailoRT] [info] [core_op.cpp:186] [deactivate] Deactivating took 0.00824 ms
[2026-04-13 14:44:55.570] [103385] [HailoRT] [info] [core_op.cpp:186] [deactivate] Deactivating took 0.03 ms
[2026-04-13 14:44:55.613] [103385] [HailoRT] [info] [vdevice.cpp:535] [create] Creating vdevice with params: device_count: 1, scheduling_algorithm: NONE, multi_process_service: false
[2026-04-13 14:44:55.614] [103385] [HailoRT] [info] [device.cpp:51] [Device] OS Version: Linux 6.12.62+rpt-rpi-2712 #1 SMP PREEMPT Debian 1:6.12.62-1+rpt1 (2025-12-18) aarch64
[2026-04-13 14:44:55.614] [103385] [HailoRT] [info] [control.cpp:113] [control__parse_identify_results] firmware_version is: 4.23.0
[2026-04-13 14:44:55.614] [103385] [HailoRT] [info] [vdevice.cpp:682] [create] VDevice Infos: 0001:01:00.0
[2026-04-13 14:44:55.620] [103385] [HailoRT] [info] [internal_buffer_manager.cpp:77] [print_execution_results] Planned internal buffer memory: CMA=0 CMA-Desc=327680 Pinned=2357760. memory to edge layer usage factor is 1
[2026-04-13 14:44:55.620] [103385] [HailoRT] [info] [internal_buffer_manager.cpp:86] [print_execution_results] Default Internal buffer planner executed successfully
[2026-04-13 14:44:55.653] [103385] [HailoRT] [info] [device_internal.cpp:57] [configure] Configuring HEF took 39.371595 milliseconds
[2026-04-13 14:44:55.654] [103385] [HailoRT] [info] [vdevice.cpp:780] [configure] Configuring HEF on VDevice took 39.763632 milliseconds
[2026-04-13 14:44:55.654] [103385] [HailoRT] [info] [control.cpp:113] [control__parse_identify_results] firmware_version is: 4.23.0
[2026-04-13 14:44:55.654] [103385] [HailoRT] [info] [control.cpp:113] [control__parse_identify_results] firmware_version is: 4.23.0
[2026-04-13 14:44:55.655] [103385] [HailoRT] [info] [core_op.cpp:156] [activate] Activating yolov11n took 0.822685 milliseconds. Note that the function is asynchronous and thus the network is not fully activated yet.
[2026-04-13 14:44:55.655] [103385] [HailoRT] [info] [core_op.cpp:156] [activate] Activating yolov11n took 0.833185 milliseconds. Note that the function is asynchronous and thus the network is not fully activated yet.
[2026-04-13 14:44:55.675] [103385] [HailoRT] [info] [control.cpp:113] [control__parse_identify_results] firmware_version is: 4.23.0
[2026-04-13 14:44:55.675] [103385] [HailoRT] [info] [control.cpp:113] [control__parse_identify_results] firmware_version is: 4.23.0
[2026-04-13 14:44:55.675] [103385] [HailoRT] [info] [edge_elements.cpp:52] [create] Created (HwWriteEl8yolov11n/input_layer1 | hw_frame_size: 1228800)
[2026-04-13 14:44:55.675] [103385] [HailoRT] [info] [queue_elements.cpp:284] [create] Created (PushQEl8yolov11n/input_layer1 | timeout: 10s)
[2026-04-13 14:44:55.675] [103385] [HailoRT] [info] [filter_elements.cpp:101] [create] Created (PreInferEl8yolov11n/input_layer1 | Reorder - src_order: NHWC, src_shape: (640, 640, 3), dst_order: NHCW, dst_shape: (640, 640, 3))
[2026-04-13 14:44:55.675] [103385] [HailoRT] [info] [vstream.cpp:754] [InputVStreamImpl] Creating yolov11n/input_layer1...
[2026-04-13 14:44:55.675] [103385] [HailoRT] [info] [vstream_builder.cpp:102] [create_inputs] Input pipeline 'yolov11n/input_layer1': (PreInferEl8yolov11n/input_layer1 | Reorder - src_order: NHWC, src_shape: (640, 640, 3), dst_order: NHCW, dst_shape: (640, 640, 3)) >> (PushQEl8yolov11n/input_layer1 | timeout: 10s) >> (HwWriteEl8yolov11n/input_layer1 | hw_frame_size: 1228800) >> HW
[2026-04-13 14:44:55.675] [103385] [HailoRT] [info] [multi_io_elements.cpp:135] [create] Created (NmsPPMuxEl0YOLOV8-Post-Process | Op YOLOV8, Name: YOLOV8-Post-Process, Score threshold: 0.200, IoU threshold: 0.70, Classes: 80, Max bboxes per class: 100, Image height: 640, Image width: 640)
[2026-04-13 14:44:55.675] [103385] [HailoRT] [info] [edge_elements.cpp:287] [create] Created (HwReadEl3yolov11n/conv51_143 | hw_frame_size: 409600)
[2026-04-13 14:44:55.676] [103385] [HailoRT] [info] [queue_elements.cpp:657] [create] Created (PullQEl_nms3yolov11n/conv51_143 | timeout: 10s)
[2026-04-13 14:44:55.676] [103385] [HailoRT] [info] [edge_elements.cpp:287] [create] Created (HwReadEl12yolov11n/conv54_143 | hw_frame_size: 512000)
[2026-04-13 14:44:55.676] [103385] [HailoRT] [info] [queue_elements.cpp:657] [create] Created (PullQEl_nms12yolov11n/conv54_143 | timeout: 10s)
[2026-04-13 14:44:55.676] [103385] [HailoRT] [info] [edge_elements.cpp:287] [create] Created (HwReadEl15yolov11n/conv62_143 | hw_frame_size: 102400)
[2026-04-13 14:44:55.676] [103385] [HailoRT] [info] [queue_elements.cpp:657] [create] Created (PullQEl_nms15yolov11n/conv62_143 | timeout: 10s)
[2026-04-13 14:44:55.676] [103385] [HailoRT] [info] [edge_elements.cpp:287] [create] Created (HwReadEl13yolov11n/conv65_143 | hw_frame_size: 128000)
[2026-04-13 14:44:55.676] [103385] [HailoRT] [info] [queue_elements.cpp:657] [create] Created (PullQEl_nms13yolov11n/conv65_143 | timeout: 10s)
[2026-04-13 14:44:55.676] [103385] [HailoRT] [info] [edge_elements.cpp:287] [create] Created (HwReadEl1yolov11n/conv77_143 | hw_frame_size: 30720)
[2026-04-13 14:44:55.676] [103385] [HailoRT] [info] [queue_elements.cpp:657] [create] Created (PullQEl_nms1yolov11n/conv77_143 | timeout: 10s)
[2026-04-13 14:44:55.676] [103385] [HailoRT] [info] [edge_elements.cpp:287] [create] Created (HwReadEl0yolov11n/conv80_143 | hw_frame_size: 38400)
[2026-04-13 14:44:55.676] [103385] [HailoRT] [info] [queue_elements.cpp:657] [create] Created (PullQEl_nms0yolov11n/conv80_143 | timeout: 10s)
[2026-04-13 14:44:55.676] [103385] [HailoRT] [info] [queue_elements.cpp:800] [create] Created (UserBufQEl_post_infer0yolov11n/yolov8_nms_postprocess | timeout: 10s)
[2026-04-13 14:44:55.676] [103385] [HailoRT] [info] [vstream.cpp:1114] [OutputVStreamImpl] Creating yolov11n/yolov8_nms_postprocess...
[2026-04-13 14:44:55.676] [103385] [HailoRT] [info] [vstream_builder.cpp:622] [create_output_post_process_nms] Output pipeline 'yolov11n/yolov8_nms_postprocess': HW >> (HwReadEl3yolov11n/conv51_143 | hw_frame_size: 409600) >> (PullQEl_nms3yolov11n/conv51_143) >> (HwReadEl12yolov11n/conv54_143 | hw_frame_size: 512000) >> (PullQEl_nms12yolov11n/conv54_143) >> (HwReadEl15yolov11n/conv62_143 | hw_frame_size: 102400) >> (PullQEl_nms15yolov11n/conv62_143) >> (HwReadEl13yolov11n/conv65_143 | hw_frame_size: 128000) >> (PullQEl_nms13yolov11n/conv65_143) >> (HwReadEl1yolov11n/conv77_143 | hw_frame_size: 30720) >> (PullQEl_nms1yolov11n/conv77_143) >> (HwReadEl0yolov11n/conv80_143 | hw_frame_size: 38400) >> (PullQEl_nms0yolov11n/conv80_143) >> (NmsPPMuxEl0YOLOV8-Post-Process | Op YOLOV8, Name: YOLOV8-Post-Process, Score threshold: 0.200, IoU threshold: 0.70, Classes: 80, Max bboxes per class: 100, Image height: 640, Image width: 640) >> (UserBufQEl_post_infer0yolov11n/yolov8_nms_postprocess | timeout: 10s)
[2026-04-13 14:49:55.677] [106323] [HailoRT] [info] [vdevice_native_stream.cpp:331] [read_impl] Failed read from stream HAILO_STREAM_ABORT(63) (device: 0001:01:00.0)
[2026-04-13 14:49:55.677] [106323] [HailoRT] [info] [edge_elements.cpp:396] [run_pull] Reading from stream was aborted!
[2026-04-13 14:49:55.677] [106321] [HailoRT] [info] [vdevice_native_stream.cpp:142] [write_impl] Failed write to stream yolov11n/input_layer1 (device: 0001:01:00.0) with status=HAILO_STREAM_ABORT(63)
[2026-04-13 14:49:55.677] [106324] [HailoRT] [info] [vdevice_native_stream.cpp:331] [read_impl] Failed read from stream HAILO_STREAM_ABORT(63) (device: 0001:01:00.0)
[2026-04-13 14:49:55.677] [106324] [HailoRT] [info] [edge_elements.cpp:396] [run_pull] Reading from stream was aborted!
[2026-04-13 14:49:55.677] [106321] [HailoRT] [info] [edge_elements.cpp:87] [run_push] Failed to send on input stream InputStream(index=8, name=yolov11n/input_layer1) because stream was aborted
[2026-04-13 14:49:55.677] [106324] [HailoRT] [info] [queue_elements.cpp:738] [run_in_thread] run_pull of queue element PullQEl_nms15yolov11n/conv62_143 was aborted!
[2026-04-13 14:49:55.677] [106321] [HailoRT] [info] [queue_elements.cpp:401] [run_in_thread] run_push of PushQEl8yolov11n/input_layer1 was aborted!
[2026-04-13 14:49:55.677] [106327] [HailoRT] [info] [vdevice_native_stream.cpp:331] [read_impl] Failed read from stream HAILO_STREAM_ABORT(63) (device: 0001:01:00.0)
[2026-04-13 14:49:55.677] [106327] [HailoRT] [info] [edge_elements.cpp:396] [run_pull] Reading from stream was aborted!
[2026-04-13 14:49:55.677] [106322] [HailoRT] [info] [vdevice_native_stream.cpp:331] [read_impl] Failed read from stream HAILO_STREAM_ABORT(63) (device: 0001:01:00.0)
[2026-04-13 14:49:55.677] [106322] [HailoRT] [info] [edge_elements.cpp:396] [run_pull] Reading from stream was aborted!
[2026-04-13 14:49:55.677] [106327] [HailoRT] [info] [queue_elements.cpp:738] [run_in_thread] run_pull of queue element PullQEl_nms0yolov11n/conv80_143 was aborted!
[2026-04-13 14:49:55.677] [106326] [HailoRT] [info] [vdevice_native_stream.cpp:331] [read_impl] Failed read from stream HAILO_STREAM_ABORT(63) (device: 0001:01:00.0)
[2026-04-13 14:49:55.677] [106326] [HailoRT] [info] [edge_elements.cpp:396] [run_pull] Reading from stream was aborted!
[2026-04-13 14:49:55.677] [106322] [HailoRT] [info] [queue_elements.cpp:738] [run_in_thread] run_pull of queue element PullQEl_nms3yolov11n/conv51_143 was aborted!
[2026-04-13 14:49:55.677] [106326] [HailoRT] [info] [queue_elements.cpp:738] [run_in_thread] run_pull of queue element PullQEl_nms1yolov11n/conv77_143 was aborted!
[2026-04-13 14:49:55.677] [106331] [HailoRT] [info] [queue_elements.cpp:706] [run_pull] Shutdown event was signaled in dequeue of queue element PullQEl_nms3yolov11n/conv51_143!
[2026-04-13 14:49:55.677] [106325] [HailoRT] [info] [vdevice_native_stream.cpp:331] [read_impl] Failed read from stream HAILO_STREAM_ABORT(63) (device: 0001:01:00.0)
[2026-04-13 14:49:55.677] [106331] [HailoRT] [info] [vstream.cpp:1138] [read] Receiving to VStream was shutdown!
[2026-04-13 14:49:55.677] [106325] [HailoRT] [info] [edge_elements.cpp:396] [run_pull] Reading from stream was aborted!
[2026-04-13 14:49:55.677] [106325] [HailoRT] [info] [queue_elements.cpp:738] [run_in_thread] run_pull of queue element PullQEl_nms13yolov11n/conv65_143 was aborted!
[2026-04-13 14:49:55.677] [106332] [HailoRT] [info] [queue_elements.cpp:319] [run_push] run_push of PushQEl8yolov11n/input_layer1 was aborted!
[2026-04-13 14:49:55.677] [106332] [HailoRT] [info] [filter_elements.cpp:35] [run_push] run_push of PreInferEl8yolov11n/input_layer1 was aborted!
[2026-04-13 14:49:55.677] [106332] [HailoRT] [info] [vstream.cpp:778] [write] Sending to VStream was aborted!
[2026-04-13 14:49:55.677] [106323] [HailoRT] [info] [queue_elements.cpp:738] [run_in_thread] run_pull of queue element PullQEl_nms12yolov11n/conv54_143 was aborted!
[2026-04-13 14:49:55.708] [103385] [HailoRT] [info] [queue_elements.cpp:360] [execute_deactivate] enqueue() in element PushQEl8yolov11n/input_layer1 was aborted, got status = HAILO_SHUTDOWN_EVENT_SIGNALED(57)
[2026-04-13 14:49:55.708] [106321] [HailoRT] [info] [queue_elements.cpp:68] [operator()] Thread in element PushQEl8yolov11n/input_layer1 is not running anymore, exiting..
[2026-04-13 14:49:55.709] [103385] [HailoRT] [info] [queue_elements.cpp:46] [~BaseQueueElement] Queue element PushQEl8yolov11n/input_layer1 has 0 frames in his Queue on destruction
[2026-04-13 14:49:55.709] [106328] [HailoRT] [info] [queue_elements.cpp:68] [operator()] Thread in element UserBufQEl_post_infer0yolov11n/yolov8_nms_postprocess is not running anymore, exiting..
[2026-04-13 14:49:55.709] [103385] [HailoRT] [info] [queue_elements.cpp:46] [~BaseQueueElement] Queue element UserBufQEl_post_infer0yolov11n/yolov8_nms_postprocess has 0 frames in his Queue on destruction
[2026-04-13 14:49:55.709] [106327] [HailoRT] [info] [queue_elements.cpp:68] [operator()] Thread in element PullQEl_nms0yolov11n/conv80_143 is not running anymore, exiting..
[2026-04-13 14:49:55.709] [103385] [HailoRT] [info] [queue_elements.cpp:46] [~BaseQueueElement] Queue element PullQEl_nms0yolov11n/conv80_143 has 0 frames in his Queue on destruction
[2026-04-13 14:49:55.709] [106326] [HailoRT] [info] [queue_elements.cpp:68] [operator()] Thread in element PullQEl_nms1yolov11n/conv77_143 is not running anymore, exiting..
[2026-04-13 14:49:55.709] [103385] [HailoRT] [info] [queue_elements.cpp:46] [~BaseQueueElement] Queue element PullQEl_nms1yolov11n/conv77_143 has 0 frames in his Queue on destruction
[2026-04-13 14:49:55.709] [106325] [HailoRT] [info] [queue_elements.cpp:68] [operator()] Thread in element PullQEl_nms13yolov11n/conv65_143 is not running anymore, exiting..
[2026-04-13 14:49:55.709] [103385] [HailoRT] [info] [queue_elements.cpp:46] [~BaseQueueElement] Queue element PullQEl_nms13yolov11n/conv65_143 has 0 frames in his Queue on destruction
[2026-04-13 14:49:55.709] [106324] [HailoRT] [info] [queue_elements.cpp:68] [operator()] Thread in element PullQEl_nms15yolov11n/conv62_143 is not running anymore, exiting..
[2026-04-13 14:49:55.709] [103385] [HailoRT] [info] [queue_elements.cpp:46] [~BaseQueueElement] Queue element PullQEl_nms15yolov11n/conv62_143 has 0 frames in his Queue on destruction
[2026-04-13 14:49:55.709] [106323] [HailoRT] [info] [queue_elements.cpp:68] [operator()] Thread in element PullQEl_nms12yolov11n/conv54_143 is not running anymore, exiting..
[2026-04-13 14:49:55.709] [103385] [HailoRT] [info] [queue_elements.cpp:46] [~BaseQueueElement] Queue element PullQEl_nms12yolov11n/conv54_143 has 0 frames in his Queue on destruction
[2026-04-13 14:49:55.709] [106322] [HailoRT] [info] [queue_elements.cpp:68] [operator()] Thread in element PullQEl_nms3yolov11n/conv51_143 is not running anymore, exiting..
[2026-04-13 14:49:55.709] [103385] [HailoRT] [info] [queue_elements.cpp:46] [~BaseQueueElement] Queue element PullQEl_nms3yolov11n/conv51_143 has 0 frames in his Queue on destruction
[2026-04-13 14:49:55.709] [103385] [HailoRT] [info] [core_op.cpp:186] [deactivate] Deactivating took 0.006945 ms
[2026-04-13 14:49:55.709] [103385] [HailoRT] [info] [core_op.cpp:186] [deactivate] Deactivating took 0.016074 ms
[2026-04-13 14:49:55.744] [103385] [HailoRT] [info] [vdevice.cpp:535] [create] Creating vdevice with params: device_count: 1, scheduling_algorithm: NONE, multi_process_service: false
[2026-04-13 14:49:55.744] [103385] [HailoRT] [info] [device.cpp:51] [Device] OS Version: Linux 6.12.62+rpt-rpi-2712 #1 SMP PREEMPT Debian 1:6.12.62-1+rpt1 (2025-12-18) aarch64
[2026-04-13 14:49:55.744] [103385] [HailoRT] [info] [control.cpp:113] [control__parse_identify_results] firmware_version is: 4.23.0
[2026-04-13 14:49:55.744] [103385] [HailoRT] [info] [vdevice.cpp:682] [create] VDevice Infos: 0001:01:00.0
[2026-04-13 14:49:55.750] [103385] [HailoRT] [info] [internal_buffer_manager.cpp:77] [print_execution_results] Planned internal buffer memory: CMA=0 CMA-Desc=327680 Pinned=2357760. memory to edge layer usage factor is 1
[2026-04-13 14:49:55.750] [103385] [HailoRT] [info] [internal_buffer_manager.cpp:86] [print_execution_results] Default Internal buffer planner executed successfully
[2026-04-13 14:49:55.776] [103385] [HailoRT] [info] [device_internal.cpp:57] [configure] Configuring HEF took 31.787872 milliseconds
[2026-04-13 14:49:55.776] [103385] [HailoRT] [info] [vdevice.cpp:780] [configure] Configuring HEF on VDevice took 32.117779 milliseconds
[2026-04-13 14:49:55.777] [103385] [HailoRT] [info] [control.cpp:113] [control__parse_identify_results] firmware_version is: 4.23.0
[2026-04-13 14:49:55.777] [103385] [HailoRT] [info] [control.cpp:113] [control__parse_identify_results] firmware_version is: 4.23.0
[2026-04-13 14:49:55.778] [103385] [HailoRT] [info] [core_op.cpp:156] [activate] Activating yolov11n took 0.666222 milliseconds. Note that the function is asynchronous and thus the network is not fully activated yet.
[2026-04-13 14:49:55.778] [103385] [HailoRT] [info] [core_op.cpp:156] [activate] Activating yolov11n took 0.673684 milliseconds. Note that the function is asynchronous and thus the network is not fully activated yet.
[2026-04-13 14:49:55.791] [103385] [HailoRT] [info] [control.cpp:113] [control__parse_identify_results] firmware_version is: 4.23.0
[2026-04-13 14:49:55.792] [103385] [HailoRT] [info] [control.cpp:113] [control__parse_identify_results] firmware_version is: 4.23.0
[2026-04-13 14:49:55.792] [103385] [HailoRT] [info] [edge_elements.cpp:52] [create] Created (HwWriteEl8yolov11n/input_layer1 | hw_frame_size: 1228800)
[2026-04-13 14:49:55.792] [103385] [HailoRT] [info] [queue_elements.cpp:284] [create] Created (PushQEl8yolov11n/input_layer1 | timeout: 10s)
[2026-04-13 14:49:55.792] [103385] [HailoRT] [info] [filter_elements.cpp:101] [create] Created (PreInferEl8yolov11n/input_layer1 | Reorder - src_order: NHWC, src_shape: (640, 640, 3), dst_order: NHCW, dst_shape: (640, 640, 3))
[2026-04-13 14:49:55.792] [103385] [HailoRT] [info] [vstream.cpp:754] [InputVStreamImpl] Creating yolov11n/input_layer1...
[2026-04-13 14:49:55.792] [103385] [HailoRT] [info] [vstream_builder.cpp:102] [create_inputs] Input pipeline 'yolov11n/input_layer1': (PreInferEl8yolov11n/input_layer1 | Reorder - src_order: NHWC, src_shape: (640, 640, 3), dst_order: NHCW, dst_shape: (640, 640, 3)) >> (PushQEl8yolov11n/input_layer1 | timeout: 10s) >> (HwWriteEl8yolov11n/input_layer1 | hw_frame_size: 1228800) >> HW
[2026-04-13 14:49:55.792] [103385] [HailoRT] [info] [multi_io_elements.cpp:135] [create] Created (NmsPPMuxEl0YOLOV8-Post-Process | Op YOLOV8, Name: YOLOV8-Post-Process, Score threshold: 0.200, IoU threshold: 0.70, Classes: 80, Max bboxes per class: 100, Image height: 640, Image width: 640)
[2026-04-13 14:49:55.792] [103385] [HailoRT] [info] [edge_elements.cpp:287] [create] Created (HwReadEl3yolov11n/conv51_143 | hw_frame_size: 409600)
[2026-04-13 14:49:55.792] [103385] [HailoRT] [info] [queue_elements.cpp:657] [create] Created (PullQEl_nms3yolov11n/conv51_143 | timeout: 10s)
[2026-04-13 14:49:55.792] [103385] [HailoRT] [info] [edge_elements.cpp:287] [create] Created (HwReadEl12yolov11n/conv54_143 | hw_frame_size: 512000)
[2026-04-13 14:49:55.792] [103385] [HailoRT] [info] [queue_elements.cpp:657] [create] Created (PullQEl_nms12yolov11n/conv54_143 | timeout: 10s)
[2026-04-13 14:49:55.792] [103385] [HailoRT] [info] [edge_elements.cpp:287] [create] Created (HwReadEl15yolov11n/conv62_143 | hw_frame_size: 102400)
[2026-04-13 14:49:55.792] [103385] [HailoRT] [info] [queue_elements.cpp:657] [create] Created (PullQEl_nms15yolov11n/conv62_143 | timeout: 10s)
[2026-04-13 14:49:55.792] [103385] [HailoRT] [info] [edge_elements.cpp:287] [create] Created (HwReadEl13yolov11n/conv65_143 | hw_frame_size: 128000)
[2026-04-13 14:49:55.792] [103385] [HailoRT] [info] [queue_elements.cpp:657] [create] Created (PullQEl_nms13yolov11n/conv65_143 | timeout: 10s)
[2026-04-13 14:49:55.792] [103385] [HailoRT] [info] [edge_elements.cpp:287] [create] Created (HwReadEl1yolov11n/conv77_143 | hw_frame_size: 30720)
[2026-04-13 14:49:55.792] [103385] [HailoRT] [info] [queue_elements.cpp:657] [create] Created (PullQEl_nms1yolov11n/conv77_143 | timeout: 10s)
[2026-04-13 14:49:55.792] [103385] [HailoRT] [info] [edge_elements.cpp:287] [create] Created (HwReadEl0yolov11n/conv80_143 | hw_frame_size: 38400)
[2026-04-13 14:49:55.792] [103385] [HailoRT] [info] [queue_elements.cpp:657] [create] Created (PullQEl_nms0yolov11n/conv80_143 | timeout: 10s)
[2026-04-13 14:49:55.792] [103385] [HailoRT] [info] [queue_elements.cpp:800] [create] Created (UserBufQEl_post_infer0yolov11n/yolov8_nms_postprocess | timeout: 10s)
[2026-04-13 14:49:55.792] [103385] [HailoRT] [info] [vstream.cpp:1114] [OutputVStreamImpl] Creating yolov11n/yolov8_nms_postprocess...
[2026-04-13 14:49:55.793] [103385] [HailoRT] [info] [vstream_builder.cpp:622] [create_output_post_process_nms] Output pipeline 'yolov11n/yolov8_nms_postprocess': HW >> (HwReadEl3yolov11n/conv51_143 | hw_frame_size: 409600) >> (PullQEl_nms3yolov11n/conv51_143) >> (HwReadEl12yolov11n/conv54_143 | hw_frame_size: 512000) >> (PullQEl_nms12yolov11n/conv54_143) >> (HwReadEl15yolov11n/conv62_143 | hw_frame_size: 102400) >> (PullQEl_nms15yolov11n/conv62_143) >> (HwReadEl13yolov11n/conv65_143 | hw_frame_size: 128000) >> (PullQEl_nms13yolov11n/conv65_143) >> (HwReadEl1yolov11n/conv77_143 | hw_frame_size: 30720) >> (PullQEl_nms1yolov11n/conv77_143) >> (HwReadEl0yolov11n/conv80_143 | hw_frame_size: 38400) >> (PullQEl_nms0yolov11n/conv80_143) >> (NmsPPMuxEl0YOLOV8-Post-Process | Op YOLOV8, Name: YOLOV8-Post-Process, Score threshold: 0.200, IoU threshold: 0.70, Classes: 80, Max bboxes per class: 100, Image height: 640, Image width: 640) >> (UserBufQEl_post_infer0yolov11n/yolov8_nms_postprocess | timeout: 10s)
[2026-04-13 14:54:55.794] [109207] [HailoRT] [info] [vdevice_native_stream.cpp:142] [write_impl] Failed write to stream yolov11n/input_layer1 (device: 0001:01:00.0) with status=HAILO_STREAM_ABORT(63)
[2026-04-13 14:54:55.794] [109208] [HailoRT] [info] [vdevice_native_stream.cpp:331] [read_impl] Failed read from stream HAILO_STREAM_ABORT(63) (device: 0001:01:00.0)
[2026-04-13 14:54:55.794] [109213] [HailoRT] [info] [vdevice_native_stream.cpp:331] [read_impl] Failed read from stream HAILO_STREAM_ABORT(63) (device: 0001:01:00.0)
[2026-04-13 14:54:55.794] [109213] [HailoRT] [info] [edge_elements.cpp:396] [run_pull] Reading from stream was aborted!
[2026-04-13 14:54:55.794] [109207] [HailoRT] [info] [edge_elements.cpp:87] [run_push] Failed to send on input stream InputStream(index=8, name=yolov11n/input_layer1) because stream was aborted
[2026-04-13 14:54:55.794] [109211] [HailoRT] [info] [vdevice_native_stream.cpp:331] [read_impl] Failed read from stream HAILO_STREAM_ABORT(63) (device: 0001:01:00.0)
[2026-04-13 14:54:55.794] [109207] [HailoRT] [info] [queue_elements.cpp:401] [run_in_thread] run_push of PushQEl8yolov11n/input_layer1 was aborted!
[2026-04-13 14:54:55.794] [109210] [HailoRT] [info] [vdevice_native_stream.cpp:331] [read_impl] Failed read from stream HAILO_STREAM_ABORT(63) (device: 0001:01:00.0)
[2026-04-13 14:54:55.794] [109211] [HailoRT] [info] [edge_elements.cpp:396] [run_pull] Reading from stream was aborted!
[2026-04-13 14:54:55.794] [109210] [HailoRT] [info] [edge_elements.cpp:396] [run_pull] Reading from stream was aborted!
[2026-04-13 14:54:55.794] [109211] [HailoRT] [info] [queue_elements.cpp:738] [run_in_thread] run_pull of queue element PullQEl_nms13yolov11n/conv65_143 was aborted!
[2026-04-13 14:54:55.794] [109210] [HailoRT] [info] [queue_elements.cpp:738] [run_in_thread] run_pull of queue element PullQEl_nms15yolov11n/conv62_143 was aborted!
[2026-04-13 14:54:55.794] [109209] [HailoRT] [info] [vdevice_native_stream.cpp:331] [read_impl] Failed read from stream HAILO_STREAM_ABORT(63) (device: 0001:01:00.0)
[2026-04-13 14:54:55.794] [109209] [HailoRT] [info] [edge_elements.cpp:396] [run_pull] Reading from stream was aborted!
[2026-04-13 14:54:55.794] [109212] [HailoRT] [info] [vdevice_native_stream.cpp:331] [read_impl] Failed read from stream HAILO_STREAM_ABORT(63) (device: 0001:01:00.0)
[2026-04-13 14:54:55.794] [109208] [HailoRT] [info] [edge_elements.cpp:396] [run_pull] Reading from stream was aborted!
[2026-04-13 14:54:55.794] [109212] [HailoRT] [info] [edge_elements.cpp:396] [run_pull] Reading from stream was aborted!
[2026-04-13 14:54:55.794] [109209] [HailoRT] [info] [queue_elements.cpp:738] [run_in_thread] run_pull of queue element PullQEl_nms12yolov11n/conv54_143 was aborted!
[2026-04-13 14:54:55.794] [109208] [HailoRT] [info] [queue_elements.cpp:738] [run_in_thread] run_pull of queue element PullQEl_nms3yolov11n/conv51_143 was aborted!
[2026-04-13 14:54:55.794] [109212] [HailoRT] [info] [queue_elements.cpp:738] [run_in_thread] run_pull of queue element PullQEl_nms1yolov11n/conv77_143 was aborted!
[2026-04-13 14:54:55.794] [109213] [HailoRT] [info] [queue_elements.cpp:738] [run_in_thread] run_pull of queue element PullQEl_nms0yolov11n/conv80_143 was aborted!
[2026-04-13 14:54:55.794] [109217] [HailoRT] [info] [queue_elements.cpp:706] [run_pull] Shutdown event was signaled in dequeue of queue element PullQEl_nms3yolov11n/conv51_143!
[2026-04-13 14:54:55.794] [109217] [HailoRT] [info] [vstream.cpp:1138] [read] Receiving to VStream was shutdown!
[2026-04-13 14:54:55.794] [109218] [HailoRT] [info] [vstream.cpp:774] [write] Sending to VStream was shutdown!
[2026-04-13 14:54:55.794] [109218] [HailoRT] [info] [vstream.cpp:778] [write] Sending to VStream was aborted!
[2026-04-13 14:54:55.799] [103385] [HailoRT] [info] [queue_elements.cpp:360] [execute_deactivate] enqueue() in element PushQEl8yolov11n/input_layer1 was aborted, got status = HAILO_SHUTDOWN_EVENT_SIGNALED(57)
[2026-04-13 14:54:55.799] [109207] [HailoRT] [info] [queue_elements.cpp:68] [operator()] Thread in element PushQEl8yolov11n/input_layer1 is not running anymore, exiting..
[2026-04-13 14:54:55.799] [103385] [HailoRT] [info] [queue_elements.cpp:46] [~BaseQueueElement] Queue element PushQEl8yolov11n/input_layer1 has 0 frames in his Queue on destruction
[2026-04-13 14:54:55.800] [109214] [HailoRT] [info] [queue_elements.cpp:68] [operator()] Thread in element UserBufQEl_post_infer0yolov11n/yolov8_nms_postprocess is not running anymore, exiting..
[2026-04-13 14:54:55.800] [103385] [HailoRT] [info] [queue_elements.cpp:46] [~BaseQueueElement] Queue element UserBufQEl_post_infer0yolov11n/yolov8_nms_postprocess has 0 frames in his Queue on destruction
[2026-04-13 14:54:55.800] [109213] [HailoRT] [info] [queue_elements.cpp:68] [operator()] Thread in element PullQEl_nms0yolov11n/conv80_143 is not running anymore, exiting..
[2026-04-13 14:54:55.800] [103385] [HailoRT] [info] [queue_elements.cpp:46] [~BaseQueueElement] Queue element PullQEl_nms0yolov11n/conv80_143 has 0 frames in his Queue on destruction
[2026-04-13 14:54:55.800] [109212] [HailoRT] [info] [queue_elements.cpp:68] [operator()] Thread in element PullQEl_nms1yolov11n/conv77_143 is not running anymore, exiting..
[2026-04-13 14:54:55.800] [103385] [HailoRT] [info] [queue_elements.cpp:46] [~BaseQueueElement] Queue element PullQEl_nms1yolov11n/conv77_143 has 0 frames in his Queue on destruction
[2026-04-13 14:54:55.800] [109211] [HailoRT] [info] [queue_elements.cpp:68] [operator()] Thread in element PullQEl_nms13yolov11n/conv65_143 is not running anymore, exiting..
[2026-04-13 14:54:55.800] [103385] [HailoRT] [info] [queue_elements.cpp:46] [~BaseQueueElement] Queue element PullQEl_nms13yolov11n/conv65_143 has 0 frames in his Queue on destruction
[2026-04-13 14:54:55.800] [109210] [HailoRT] [info] [queue_elements.cpp:68] [operator()] Thread in element PullQEl_nms15yolov11n/conv62_143 is not running anymore, exiting..
[2026-04-13 14:54:55.800] [103385] [HailoRT] [info] [queue_elements.cpp:46] [~BaseQueueElement] Queue element PullQEl_nms15yolov11n/conv62_143 has 0 frames in his Queue on destruction
[2026-04-13 14:54:55.800] [109209] [HailoRT] [info] [queue_elements.cpp:68] [operator()] Thread in element PullQEl_nms12yolov11n/conv54_143 is not running anymore, exiting..
[2026-04-13 14:54:55.800] [103385] [HailoRT] [info] [queue_elements.cpp:46] [~BaseQueueElement] Queue element PullQEl_nms12yolov11n/conv54_143 has 0 frames in his Queue on destruction
[2026-04-13 14:54:55.800] [109208] [HailoRT] [info] [queue_elements.cpp:68] [operator()] Thread in element PullQEl_nms3yolov11n/conv51_143 is not running anymore, exiting..
[2026-04-13 14:54:55.800] [103385] [HailoRT] [info] [queue_elements.cpp:46] [~BaseQueueElement] Queue element PullQEl_nms3yolov11n/conv51_143 has 0 frames in his Queue on destruction
[2026-04-13 14:54:55.800] [103385] [HailoRT] [info] [core_op.cpp:186] [deactivate] Deactivating took 0.007648 ms
[2026-04-13 14:54:55.800] [103385] [HailoRT] [info] [core_op.cpp:186] [deactivate] Deactivating took 0.017833 ms
[2026-04-13 20:20:13.412] [183007] [HailoRT] [info] [vdevice.cpp:535] [create] Creating vdevice with params: device_count: 1, scheduling_algorithm: NONE, multi_process_service: false
[2026-04-13 20:20:13.423] [183007] [HailoRT] [info] [device.cpp:51] [Device] OS Version: Linux 6.12.62+rpt-rpi-2712 #1 SMP PREEMPT Debian 1:6.12.62-1+rpt1 (2025-12-18) aarch64
[2026-04-13 20:20:13.424] [183007] [HailoRT] [info] [control.cpp:113] [control__parse_identify_results] firmware_version is: 4.23.0
[2026-04-13 20:20:13.424] [183007] [HailoRT] [info] [vdevice.cpp:682] [create] VDevice Infos: 0001:01:00.0
[2026-04-13 20:20:13.432] [183007] [HailoRT] [info] [internal_buffer_manager.cpp:77] [print_execution_results] Planned internal buffer memory: CMA=0 CMA-Desc=393216 Pinned=4712960. memory to edge layer usage factor is 1
[2026-04-13 20:20:13.432] [183007] [HailoRT] [info] [internal_buffer_manager.cpp:86] [print_execution_results] Default Internal buffer planner executed successfully
[2026-04-13 20:20:13.464] [183007] [HailoRT] [info] [device_internal.cpp:57] [configure] Configuring HEF took 40.414738 milliseconds
[2026-04-13 20:20:13.465] [183007] [HailoRT] [info] [vdevice.cpp:780] [configure] Configuring HEF on VDevice took 40.831661 milliseconds
[2026-04-13 20:20:13.465] [183007] [HailoRT] [info] [control.cpp:113] [control__parse_identify_results] firmware_version is: 4.23.0
[2026-04-13 20:20:13.465] [183007] [HailoRT] [info] [control.cpp:113] [control__parse_identify_results] firmware_version is: 4.23.0
[2026-04-13 20:20:13.466] [183007] [HailoRT] [info] [core_op.cpp:156] [activate] Activating yolov11n took 0.792459 milliseconds. Note that the function is asynchronous and thus the network is not fully activated yet.
[2026-04-13 20:20:13.466] [183007] [HailoRT] [info] [core_op.cpp:156] [activate] Activating yolov11n took 0.819774 milliseconds. Note that the function is asynchronous and thus the network is not fully activated yet.
[2026-04-13 20:20:13.479] [183007] [HailoRT] [info] [control.cpp:113] [control__parse_identify_results] firmware_version is: 4.23.0
[2026-04-13 20:20:13.480] [183007] [HailoRT] [info] [control.cpp:113] [control__parse_identify_results] firmware_version is: 4.23.0
[2026-04-13 20:20:14.774] [182999] [HailoRT] [info] [device.cpp:51] [Device] OS Version: Linux 6.12.62+rpt-rpi-2712 #1 SMP PREEMPT Debian 1:6.12.62-1+rpt1 (2025-12-18) aarch64
[2026-04-13 20:20:14.774] [182999] [HailoRT] [info] [control.cpp:113] [control__parse_identify_results] firmware_version is: 4.23.0
[2026-04-13 20:20:14.775] [182999] [HailoRT] [info] [control.cpp:113] [control__parse_identify_results] firmware_version is: 4.23.0
[2026-04-13 20:25:13.480] [183020] [HailoRT] [info] [vdevice_native_stream.cpp:331] [read_impl] Failed read from stream HAILO_STREAM_ABORT(63) (device: 0001:01:00.0)
[2026-04-13 20:25:13.480] [183021] [HailoRT] [info] [vdevice_native_stream.cpp:331] [read_impl] Failed read from stream HAILO_STREAM_ABORT(63) (device: 0001:01:00.0)
[2026-04-13 20:25:13.480] [183019] [HailoRT] [info] [vdevice_native_stream.cpp:331] [read_impl] Failed read from stream HAILO_STREAM_ABORT(63) (device: 0001:01:00.0)
[2026-04-13 20:25:13.480] [183022] [HailoRT] [info] [vdevice_native_stream.cpp:142] [write_impl] Failed write to stream yolov11n/input_layer1 (device: 0001:01:00.0) with status=HAILO_STREAM_ABORT(63)
[2026-04-13 20:25:13.480] [183017] [HailoRT] [info] [vdevice_native_stream.cpp:331] [read_impl] Failed read from stream HAILO_STREAM_ABORT(63) (device: 0001:01:00.0)
[2026-04-13 20:25:13.480] [183018] [HailoRT] [info] [vdevice_native_stream.cpp:331] [read_impl] Failed read from stream HAILO_STREAM_ABORT(63) (device: 0001:01:00.0)
[2026-04-13 20:25:13.481] [183016] [HailoRT] [info] [vdevice_native_stream.cpp:331] [read_impl] Failed read from stream HAILO_STREAM_ABORT(63) (device: 0001:01:00.0)
[2026-04-13 20:25:13.487] [183007] [HailoRT] [info] [core_op.cpp:186] [deactivate] Deactivating took 0.0095 ms
[2026-04-13 20:25:13.487] [183007] [HailoRT] [info] [core_op.cpp:186] [deactivate] Deactivating took 0.036834 ms
[2026-04-13 20:25:13.532] [183007] [HailoRT] [info] [vdevice.cpp:535] [create] Creating vdevice with params: device_count: 1, scheduling_algorithm: NONE, multi_process_service: false
[2026-04-13 20:25:13.533] [183007] [HailoRT] [info] [device.cpp:51] [Device] OS Version: Linux 6.12.62+rpt-rpi-2712 #1 SMP PREEMPT Debian 1:6.12.62-1+rpt1 (2025-12-18) aarch64
[2026-04-13 20:25:13.533] [183007] [HailoRT] [info] [control.cpp:113] [control__parse_identify_results] firmware_version is: 4.23.0
[2026-04-13 20:25:13.533] [183007] [HailoRT] [info] [vdevice.cpp:682] [create] VDevice Infos: 0001:01:00.0
[2026-04-13 20:25:13.541] [183007] [HailoRT] [info] [internal_buffer_manager.cpp:77] [print_execution_results] Planned internal buffer memory: CMA=0 CMA-Desc=393216 Pinned=4712960. memory to edge layer usage factor is 1
[2026-04-13 20:25:13.541] [183007] [HailoRT] [info] [internal_buffer_manager.cpp:86] [print_execution_results] Default Internal buffer planner executed successfully
[2026-04-13 20:25:13.617] [183007] [HailoRT] [info] [device_internal.cpp:57] [configure] Configuring HEF took 83.298796 milliseconds
[2026-04-13 20:25:13.617] [183007] [HailoRT] [info] [vdevice.cpp:780] [configure] Configuring HEF on VDevice took 83.738702 milliseconds
[2026-04-13 20:25:13.619] [183007] [HailoRT] [info] [control.cpp:113] [control__parse_identify_results] firmware_version is: 4.23.0
[2026-04-13 20:25:13.620] [183007] [HailoRT] [info] [control.cpp:113] [control__parse_identify_results] firmware_version is: 4.23.0
[2026-04-13 20:25:13.621] [183007] [HailoRT] [info] [core_op.cpp:156] [activate] Activating yolov11n took 0.822053 milliseconds. Note that the function is asynchronous and thus the network is not fully activated yet.
[2026-04-13 20:25:13.621] [183007] [HailoRT] [info] [core_op.cpp:156] [activate] Activating yolov11n took 0.851812 milliseconds. Note that the function is asynchronous and thus the network is not fully activated yet.
[2026-04-13 20:25:13.638] [183007] [HailoRT] [info] [control.cpp:113] [control__parse_identify_results] firmware_version is: 4.23.0
[2026-04-13 20:25:13.638] [183007] [HailoRT] [info] [control.cpp:113] [control__parse_identify_results] firmware_version is: 4.23.0
[2026-04-13 20:25:13.638] [183007] [HailoRT] [info] [edge_elements.cpp:52] [create] Created (HwWriteEl8yolov11n/input_layer1 | hw_frame_size: 1228800)
[2026-04-13 20:25:13.639] [183007] [HailoRT] [info] [queue_elements.cpp:284] [create] Created (PushQEl8yolov11n/input_layer1 | timeout: 10s)
[2026-04-13 20:25:13.639] [183007] [HailoRT] [info] [filter_elements.cpp:101] [create] Created (PreInferEl8yolov11n/input_layer1 | Reorder - src_order: NHWC, src_shape: (640, 640, 3), dst_order: NHCW, dst_shape: (640, 640, 3))
[2026-04-13 20:25:13.639] [183007] [HailoRT] [info] [vstream.cpp:754] [InputVStreamImpl] Creating yolov11n/input_layer1...
[2026-04-13 20:25:13.639] [183007] [HailoRT] [info] [vstream_builder.cpp:102] [create_inputs] Input pipeline 'yolov11n/input_layer1': (PreInferEl8yolov11n/input_layer1 | Reorder - src_order: NHWC, src_shape: (640, 640, 3), dst_order: NHCW, dst_shape: (640, 640, 3)) >> (PushQEl8yolov11n/input_layer1 | timeout: 10s) >> (HwWriteEl8yolov11n/input_layer1 | hw_frame_size: 1228800) >> HW
[2026-04-13 20:25:13.639] [183007] [HailoRT] [info] [multi_io_elements.cpp:135] [create] Created (NmsPPMuxEl0YOLOV8-Post-Process | Op YOLOV8, Name: YOLOV8-Post-Process, Score threshold: 0.200, IoU threshold: 0.70, Classes: 80, Max bboxes per class: 100, Image height: 640, Image width: 640)
[2026-04-13 20:25:13.639] [183007] [HailoRT] [info] [edge_elements.cpp:287] [create] Created (HwReadEl3yolov11n/conv51_143 | hw_frame_size: 409600)
[2026-04-13 20:25:13.639] [183007] [HailoRT] [info] [queue_elements.cpp:657] [create] Created (PullQEl_nms3yolov11n/conv51_143 | timeout: 10s)
[2026-04-13 20:25:13.639] [183007] [HailoRT] [info] [edge_elements.cpp:287] [create] Created (HwReadEl12yolov11n/conv54_143 | hw_frame_size: 512000)
[2026-04-13 20:25:13.639] [183007] [HailoRT] [info] [queue_elements.cpp:657] [create] Created (PullQEl_nms12yolov11n/conv54_143 | timeout: 10s)
[2026-04-13 20:25:13.639] [183007] [HailoRT] [info] [edge_elements.cpp:287] [create] Created (HwReadEl15yolov11n/conv62_143 | hw_frame_size: 102400)
[2026-04-13 20:25:13.639] [183007] [HailoRT] [info] [queue_elements.cpp:657] [create] Created (PullQEl_nms15yolov11n/conv62_143 | timeout: 10s)
[2026-04-13 20:25:13.639] [183007] [HailoRT] [info] [edge_elements.cpp:287] [create] Created (HwReadEl13yolov11n/conv65_143 | hw_frame_size: 128000)
[2026-04-13 20:25:13.639] [183007] [HailoRT] [info] [queue_elements.cpp:657] [create] Created (PullQEl_nms13yolov11n/conv65_143 | timeout: 10s)
[2026-04-13 20:25:13.639] [183007] [HailoRT] [info] [edge_elements.cpp:287] [create] Created (HwReadEl1yolov11n/conv77_143 | hw_frame_size: 30720)
[2026-04-13 20:25:13.639] [183007] [HailoRT] [info] [queue_elements.cpp:657] [create] Created (PullQEl_nms1yolov11n/conv77_143 | timeout: 10s)
[2026-04-13 20:25:13.639] [183007] [HailoRT] [info] [edge_elements.cpp:287] [create] Created (HwReadEl0yolov11n/conv80_143 | hw_frame_size: 38400)
[2026-04-13 20:25:13.640] [183007] [HailoRT] [info] [queue_elements.cpp:657] [create] Created (PullQEl_nms0yolov11n/conv80_143 | timeout: 10s)
[2026-04-13 20:25:13.640] [183007] [HailoRT] [info] [queue_elements.cpp:800] [create] Created (UserBufQEl_post_infer0yolov11n/yolov8_nms_postprocess | timeout: 10s)
[2026-04-13 20:25:13.640] [183007] [HailoRT] [info] [vstream.cpp:1114] [OutputVStreamImpl] Creating yolov11n/yolov8_nms_postprocess...
[2026-04-13 20:25:13.640] [183007] [HailoRT] [info] [vstream_builder.cpp:622] [create_output_post_process_nms] Output pipeline 'yolov11n/yolov8_nms_postprocess': HW >> (HwReadEl3yolov11n/conv51_143 | hw_frame_size: 409600) >> (PullQEl_nms3yolov11n/conv51_143) >> (HwReadEl12yolov11n/conv54_143 | hw_frame_size: 512000) >> (PullQEl_nms12yolov11n/conv54_143) >> (HwReadEl15yolov11n/conv62_143 | hw_frame_size: 102400) >> (PullQEl_nms15yolov11n/conv62_143) >> (HwReadEl13yolov11n/conv65_143 | hw_frame_size: 128000) >> (PullQEl_nms13yolov11n/conv65_143) >> (HwReadEl1yolov11n/conv77_143 | hw_frame_size: 30720) >> (PullQEl_nms1yolov11n/conv77_143) >> (HwReadEl0yolov11n/conv80_143 | hw_frame_size: 38400) >> (PullQEl_nms0yolov11n/conv80_143) >> (NmsPPMuxEl0YOLOV8-Post-Process | Op YOLOV8, Name: YOLOV8-Post-Process, Score threshold: 0.200, IoU threshold: 0.70, Classes: 80, Max bboxes per class: 100, Image height: 640, Image width: 640) >> (UserBufQEl_post_infer0yolov11n/yolov8_nms_postprocess | timeout: 10s)
[2026-04-13 20:30:13.640] [186040] [HailoRT] [info] [vdevice_native_stream.cpp:142] [write_impl] Failed write to stream yolov11n/input_layer1 (device: 0001:01:00.0) with status=HAILO_STREAM_ABORT(63)
[2026-04-13 20:30:13.640] [186042] [HailoRT] [info] [vdevice_native_stream.cpp:331] [read_impl] Failed read from stream HAILO_STREAM_ABORT(63) (device: 0001:01:00.0)
[2026-04-13 20:30:13.640] [186042] [HailoRT] [info] [edge_elements.cpp:396] [run_pull] Reading from stream was aborted!
[2026-04-13 20:30:13.640] [186043] [HailoRT] [info] [vdevice_native_stream.cpp:331] [read_impl] Failed read from stream HAILO_STREAM_ABORT(63) (device: 0001:01:00.0)
[2026-04-13 20:30:13.640] [186043] [HailoRT] [info] [edge_elements.cpp:396] [run_pull] Reading from stream was aborted!
[2026-04-13 20:30:13.640] [186044] [HailoRT] [info] [vdevice_native_stream.cpp:331] [read_impl] Failed read from stream HAILO_STREAM_ABORT(63) (device: 0001:01:00.0)
[2026-04-13 20:30:13.640] [186044] [HailoRT] [info] [edge_elements.cpp:396] [run_pull] Reading from stream was aborted!
[2026-04-13 20:30:13.640] [186043] [HailoRT] [info] [queue_elements.cpp:738] [run_in_thread] run_pull of queue element PullQEl_nms15yolov11n/conv62_143 was aborted!
[2026-04-13 20:30:13.640] [186040] [HailoRT] [info] [edge_elements.cpp:87] [run_push] Failed to send on input stream InputStream(index=8, name=yolov11n/input_layer1) because stream was aborted
[2026-04-13 20:30:13.640] [186044] [HailoRT] [info] [queue_elements.cpp:738] [run_in_thread] run_pull of queue element PullQEl_nms13yolov11n/conv65_143 was aborted!
[2026-04-13 20:30:13.640] [186046] [HailoRT] [info] [vdevice_native_stream.cpp:331] [read_impl] Failed read from stream HAILO_STREAM_ABORT(63) (device: 0001:01:00.0)
[2026-04-13 20:30:13.640] [186041] [HailoRT] [info] [vdevice_native_stream.cpp:331] [read_impl] Failed read from stream HAILO_STREAM_ABORT(63) (device: 0001:01:00.0)
[2026-04-13 20:30:13.640] [186046] [HailoRT] [info] [edge_elements.cpp:396] [run_pull] Reading from stream was aborted!
[2026-04-13 20:30:13.640] [186040] [HailoRT] [info] [queue_elements.cpp:401] [run_in_thread] run_push of PushQEl8yolov11n/input_layer1 was aborted!
[2026-04-13 20:30:13.640] [186041] [HailoRT] [info] [edge_elements.cpp:396] [run_pull] Reading from stream was aborted!
[2026-04-13 20:30:13.640] [186046] [HailoRT] [info] [queue_elements.cpp:738] [run_in_thread] run_pull of queue element PullQEl_nms0yolov11n/conv80_143 was aborted!
[2026-04-13 20:30:13.640] [186041] [HailoRT] [info] [queue_elements.cpp:738] [run_in_thread] run_pull of queue element PullQEl_nms3yolov11n/conv51_143 was aborted!
[2026-04-13 20:30:13.640] [186042] [HailoRT] [info] [queue_elements.cpp:738] [run_in_thread] run_pull of queue element PullQEl_nms12yolov11n/conv54_143 was aborted!
[2026-04-13 20:30:13.640] [186051] [HailoRT] [info] [vstream.cpp:774] [write] Sending to VStream was shutdown!
[2026-04-13 20:30:13.640] [186051] [HailoRT] [info] [vstream.cpp:778] [write] Sending to VStream was aborted!
[2026-04-13 20:30:13.640] [186045] [HailoRT] [info] [vdevice_native_stream.cpp:331] [read_impl] Failed read from stream HAILO_STREAM_ABORT(63) (device: 0001:01:00.0)
[2026-04-13 20:30:13.640] [186045] [HailoRT] [info] [edge_elements.cpp:396] [run_pull] Reading from stream was aborted!
[2026-04-13 20:30:13.640] [186045] [HailoRT] [info] [queue_elements.cpp:738] [run_in_thread] run_pull of queue element PullQEl_nms1yolov11n/conv77_143 was aborted!
[2026-04-13 20:30:13.640] [186050] [HailoRT] [info] [queue_elements.cpp:706] [run_pull] Shutdown event was signaled in dequeue of queue element PullQEl_nms3yolov11n/conv51_143!
[2026-04-13 20:30:13.640] [186050] [HailoRT] [info] [vstream.cpp:1138] [read] Receiving to VStream was shutdown!
[2026-04-13 20:30:13.672] [183007] [HailoRT] [info] [queue_elements.cpp:360] [execute_deactivate] enqueue() in element PushQEl8yolov11n/input_layer1 was aborted, got status = HAILO_SHUTDOWN_EVENT_SIGNALED(57)
[2026-04-13 20:30:13.672] [186040] [HailoRT] [info] [queue_elements.cpp:68] [operator()] Thread in element PushQEl8yolov11n/input_layer1 is not running anymore, exiting..
[2026-04-13 20:30:13.672] [183007] [HailoRT] [info] [queue_elements.cpp:46] [~BaseQueueElement] Queue element PushQEl8yolov11n/input_layer1 has 1 frames in his Queue on destruction
[2026-04-13 20:30:13.673] [186047] [HailoRT] [info] [queue_elements.cpp:68] [operator()] Thread in element UserBufQEl_post_infer0yolov11n/yolov8_nms_postprocess is not running anymore, exiting..
[2026-04-13 20:30:13.673] [183007] [HailoRT] [info] [queue_elements.cpp:46] [~BaseQueueElement] Queue element UserBufQEl_post_infer0yolov11n/yolov8_nms_postprocess has 0 frames in his Queue on destruction
[2026-04-13 20:30:13.673] [186046] [HailoRT] [info] [queue_elements.cpp:68] [operator()] Thread in element PullQEl_nms0yolov11n/conv80_143 is not running anymore, exiting..
[2026-04-13 20:30:13.673] [183007] [HailoRT] [info] [queue_elements.cpp:46] [~BaseQueueElement] Queue element PullQEl_nms0yolov11n/conv80_143 has 0 frames in his Queue on destruction
[2026-04-13 20:30:13.673] [186045] [HailoRT] [info] [queue_elements.cpp:68] [operator()] Thread in element PullQEl_nms1yolov11n/conv77_143 is not running anymore, exiting..
[2026-04-13 20:30:13.673] [183007] [HailoRT] [info] [queue_elements.cpp:46] [~BaseQueueElement] Queue element PullQEl_nms1yolov11n/conv77_143 has 0 frames in his Queue on destruction
[2026-04-13 20:30:13.673] [186044] [HailoRT] [info] [queue_elements.cpp:68] [operator()] Thread in element PullQEl_nms13yolov11n/conv65_143 is not running anymore, exiting..
[2026-04-13 20:30:13.673] [183007] [HailoRT] [info] [queue_elements.cpp:46] [~BaseQueueElement] Queue element PullQEl_nms13yolov11n/conv65_143 has 0 frames in his Queue on destruction
[2026-04-13 20:30:13.673] [186043] [HailoRT] [info] [queue_elements.cpp:68] [operator()] Thread in element PullQEl_nms15yolov11n/conv62_143 is not running anymore, exiting..
[2026-04-13 20:30:13.673] [183007] [HailoRT] [info] [queue_elements.cpp:46] [~BaseQueueElement] Queue element PullQEl_nms15yolov11n/conv62_143 has 0 frames in his Queue on destruction
[2026-04-13 20:30:13.673] [186042] [HailoRT] [info] [queue_elements.cpp:68] [operator()] Thread in element PullQEl_nms12yolov11n/conv54_143 is not running anymore, exiting..
[2026-04-13 20:30:13.673] [183007] [HailoRT] [info] [queue_elements.cpp:46] [~BaseQueueElement] Queue element PullQEl_nms12yolov11n/conv54_143 has 0 frames in his Queue on destruction
[2026-04-13 20:30:13.673] [186041] [HailoRT] [info] [queue_elements.cpp:68] [operator()] Thread in element PullQEl_nms3yolov11n/conv51_143 is not running anymore, exiting..
[2026-04-13 20:30:13.673] [183007] [HailoRT] [info] [queue_elements.cpp:46] [~BaseQueueElement] Queue element PullQEl_nms3yolov11n/conv51_143 has 0 frames in his Queue on destruction
[2026-04-13 20:30:13.673] [183007] [HailoRT] [info] [core_op.cpp:186] [deactivate] Deactivating took 0.007297 ms
[2026-04-13 20:30:13.673] [183007] [HailoRT] [info] [core_op.cpp:186] [deactivate] Deactivating took 0.015704 ms
[2026-04-13 20:30:13.709] [183007] [HailoRT] [info] [vdevice.cpp:535] [create] Creating vdevice with params: device_count: 1, scheduling_algorithm: NONE, multi_process_service: false
[2026-04-13 20:30:13.709] [183007] [HailoRT] [info] [device.cpp:51] [Device] OS Version: Linux 6.12.62+rpt-rpi-2712 #1 SMP PREEMPT Debian 1:6.12.62-1+rpt1 (2025-12-18) aarch64
[2026-04-13 20:30:13.709] [183007] [HailoRT] [info] [control.cpp:113] [control__parse_identify_results] firmware_version is: 4.23.0
[2026-04-13 20:30:13.709] [183007] [HailoRT] [info] [vdevice.cpp:682] [create] VDevice Infos: 0001:01:00.0
[2026-04-13 20:30:13.716] [183007] [HailoRT] [info] [internal_buffer_manager.cpp:77] [print_execution_results] Planned internal buffer memory: CMA=0 CMA-Desc=393216 Pinned=4712960. memory to edge layer usage factor is 1
[2026-04-13 20:30:13.716] [183007] [HailoRT] [info] [internal_buffer_manager.cpp:86] [print_execution_results] Default Internal buffer planner executed successfully
[2026-04-13 20:30:13.751] [183007] [HailoRT] [info] [device_internal.cpp:57] [configure] Configuring HEF took 41.629062 milliseconds
[2026-04-13 20:30:13.751] [183007] [HailoRT] [info] [vdevice.cpp:780] [configure] Configuring HEF on VDevice took 42.124709 milliseconds
[2026-04-13 20:30:13.752] [183007] [HailoRT] [info] [control.cpp:113] [control__parse_identify_results] firmware_version is: 4.23.0
[2026-04-13 20:30:13.752] [183007] [HailoRT] [info] [control.cpp:113] [control__parse_identify_results] firmware_version is: 4.23.0
[2026-04-13 20:30:13.753] [183007] [HailoRT] [info] [core_op.cpp:156] [activate] Activating yolov11n took 0.758997 milliseconds. Note that the function is asynchronous and thus the network is not fully activated yet.
[2026-04-13 20:30:13.753] [183007] [HailoRT] [info] [core_op.cpp:156] [activate] Activating yolov11n took 0.77872 milliseconds. Note that the function is asynchronous and thus the network is not fully activated yet.
[2026-04-13 20:30:13.766] [183007] [HailoRT] [info] [control.cpp:113] [control__parse_identify_results] firmware_version is: 4.23.0
[2026-04-13 20:30:13.766] [183007] [HailoRT] [info] [control.cpp:113] [control__parse_identify_results] firmware_version is: 4.23.0
[2026-04-13 20:30:13.766] [183007] [HailoRT] [info] [edge_elements.cpp:52] [create] Created (HwWriteEl8yolov11n/input_layer1 | hw_frame_size: 1228800)
[2026-04-13 20:30:13.767] [183007] [HailoRT] [info] [queue_elements.cpp:284] [create] Created (PushQEl8yolov11n/input_layer1 | timeout: 10s)
[2026-04-13 20:30:13.767] [183007] [HailoRT] [info] [filter_elements.cpp:101] [create] Created (PreInferEl8yolov11n/input_layer1 | Reorder - src_order: NHWC, src_shape: (640, 640, 3), dst_order: NHCW, dst_shape: (640, 640, 3))
[2026-04-13 20:30:13.767] [183007] [HailoRT] [info] [vstream.cpp:754] [InputVStreamImpl] Creating yolov11n/input_layer1...
[2026-04-13 20:30:13.767] [183007] [HailoRT] [info] [vstream_builder.cpp:102] [create_inputs] Input pipeline 'yolov11n/input_layer1': (PreInferEl8yolov11n/input_layer1 | Reorder - src_order: NHWC, src_shape: (640, 640, 3), dst_order: NHCW, dst_shape: (640, 640, 3)) >> (PushQEl8yolov11n/input_layer1 | timeout: 10s) >> (HwWriteEl8yolov11n/input_layer1 | hw_frame_size: 1228800) >> HW
[2026-04-13 20:30:13.767] [183007] [HailoRT] [info] [multi_io_elements.cpp:135] [create] Created (NmsPPMuxEl0YOLOV8-Post-Process | Op YOLOV8, Name: YOLOV8-Post-Process, Score threshold: 0.200, IoU threshold: 0.70, Classes: 80, Max bboxes per class: 100, Image height: 640, Image width: 640)
[2026-04-13 20:30:13.767] [183007] [HailoRT] [info] [edge_elements.cpp:287] [create] Created (HwReadEl3yolov11n/conv51_143 | hw_frame_size: 409600)
[2026-04-13 20:30:13.767] [183007] [HailoRT] [info] [queue_elements.cpp:657] [create] Created (PullQEl_nms3yolov11n/conv51_143 | timeout: 10s)
[2026-04-13 20:30:13.767] [183007] [HailoRT] [info] [edge_elements.cpp:287] [create] Created (HwReadEl12yolov11n/conv54_143 | hw_frame_size: 512000)
[2026-04-13 20:30:13.767] [183007] [HailoRT] [info] [queue_elements.cpp:657] [create] Created (PullQEl_nms12yolov11n/conv54_143 | timeout: 10s)
[2026-04-13 20:30:13.767] [183007] [HailoRT] [info] [edge_elements.cpp:287] [create] Created (HwReadEl15yolov11n/conv62_143 | hw_frame_size: 102400)
[2026-04-13 20:30:13.767] [183007] [HailoRT] [info] [queue_elements.cpp:657] [create] Created (PullQEl_nms15yolov11n/conv62_143 | timeout: 10s)
[2026-04-13 20:30:13.767] [183007] [HailoRT] [info] [edge_elements.cpp:287] [create] Created (HwReadEl13yolov11n/conv65_143 | hw_frame_size: 128000)
[2026-04-13 20:30:13.767] [183007] [HailoRT] [info] [queue_elements.cpp:657] [create] Created (PullQEl_nms13yolov11n/conv65_143 | timeout: 10s)
[2026-04-13 20:30:13.767] [183007] [HailoRT] [info] [edge_elements.cpp:287] [create] Created (HwReadEl1yolov11n/conv77_143 | hw_frame_size: 30720)
[2026-04-13 20:30:13.767] [183007] [HailoRT] [info] [queue_elements.cpp:657] [create] Created (PullQEl_nms1yolov11n/conv77_143 | timeout: 10s)
[2026-04-13 20:30:13.767] [183007] [HailoRT] [info] [edge_elements.cpp:287] [create] Created (HwReadEl0yolov11n/conv80_143 | hw_frame_size: 38400)
[2026-04-13 20:30:13.767] [183007] [HailoRT] [info] [queue_elements.cpp:657] [create] Created (PullQEl_nms0yolov11n/conv80_143 | timeout: 10s)
[2026-04-13 20:30:13.767] [183007] [HailoRT] [info] [queue_elements.cpp:800] [create] Created (UserBufQEl_post_infer0yolov11n/yolov8_nms_postprocess | timeout: 10s)
[2026-04-13 20:30:13.767] [183007] [HailoRT] [info] [vstream.cpp:1114] [OutputVStreamImpl] Creating yolov11n/yolov8_nms_postprocess...
[2026-04-13 20:30:13.767] [183007] [HailoRT] [info] [vstream_builder.cpp:622] [create_output_post_process_nms] Output pipeline 'yolov11n/yolov8_nms_postprocess': HW >> (HwReadEl3yolov11n/conv51_143 | hw_frame_size: 409600) >> (PullQEl_nms3yolov11n/conv51_143) >> (HwReadEl12yolov11n/conv54_143 | hw_frame_size: 512000) >> (PullQEl_nms12yolov11n/conv54_143) >> (HwReadEl15yolov11n/conv62_143 | hw_frame_size: 102400) >> (PullQEl_nms15yolov11n/conv62_143) >> (HwReadEl13yolov11n/conv65_143 | hw_frame_size: 128000) >> (PullQEl_nms13yolov11n/conv65_143) >> (HwReadEl1yolov11n/conv77_143 | hw_frame_size: 30720) >> (PullQEl_nms1yolov11n/conv77_143) >> (HwReadEl0yolov11n/conv80_143 | hw_frame_size: 38400) >> (PullQEl_nms0yolov11n/conv80_143) >> (NmsPPMuxEl0YOLOV8-Post-Process | Op YOLOV8, Name: YOLOV8-Post-Process, Score threshold: 0.200, IoU threshold: 0.70, Classes: 80, Max bboxes per class: 100, Image height: 640, Image width: 640) >> (UserBufQEl_post_infer0yolov11n/yolov8_nms_postprocess | timeout: 10s)
[2026-04-13 20:35:13.768] [188932] [HailoRT] [info] [vdevice_native_stream.cpp:331] [read_impl] Failed read from stream HAILO_STREAM_ABORT(63) (device: 0001:01:00.0)
[2026-04-13 20:35:13.768] [188934] [HailoRT] [info] [vdevice_native_stream.cpp:331] [read_impl] Failed read from stream HAILO_STREAM_ABORT(63) (device: 0001:01:00.0)
[2026-04-13 20:35:13.768] [188934] [HailoRT] [info] [edge_elements.cpp:396] [run_pull] Reading from stream was aborted!
[2026-04-13 20:35:13.768] [188930] [HailoRT] [info] [vdevice_native_stream.cpp:331] [read_impl] Failed read from stream HAILO_STREAM_ABORT(63) (device: 0001:01:00.0)
[2026-04-13 20:35:13.768] [188930] [HailoRT] [info] [edge_elements.cpp:396] [run_pull] Reading from stream was aborted!
[2026-04-13 20:35:13.768] [188934] [HailoRT] [info] [queue_elements.cpp:738] [run_in_thread] run_pull of queue element PullQEl_nms0yolov11n/conv80_143 was aborted!
[2026-04-13 20:35:13.768] [188932] [HailoRT] [info] [edge_elements.cpp:396] [run_pull] Reading from stream was aborted!
[2026-04-13 20:35:13.768] [188933] [HailoRT] [info] [vdevice_native_stream.cpp:331] [read_impl] Failed read from stream HAILO_STREAM_ABORT(63) (device: 0001:01:00.0)
[2026-04-13 20:35:13.768] [188933] [HailoRT] [info] [edge_elements.cpp:396] [run_pull] Reading from stream was aborted!
[2026-04-13 20:35:13.768] [188931] [HailoRT] [info] [vdevice_native_stream.cpp:331] [read_impl] Failed read from stream HAILO_STREAM_ABORT(63) (device: 0001:01:00.0)
[2026-04-13 20:35:13.768] [188931] [HailoRT] [info] [edge_elements.cpp:396] [run_pull] Reading from stream was aborted!
[2026-04-13 20:35:13.768] [188933] [HailoRT] [info] [queue_elements.cpp:738] [run_in_thread] run_pull of queue element PullQEl_nms1yolov11n/conv77_143 was aborted!
[2026-04-13 20:35:13.768] [188931] [HailoRT] [info] [queue_elements.cpp:738] [run_in_thread] run_pull of queue element PullQEl_nms15yolov11n/conv62_143 was aborted!
[2026-04-13 20:35:13.768] [188932] [HailoRT] [info] [queue_elements.cpp:738] [run_in_thread] run_pull of queue element PullQEl_nms13yolov11n/conv65_143 was aborted!
[2026-04-13 20:35:13.768] [188930] [HailoRT] [info] [queue_elements.cpp:738] [run_in_thread] run_pull of queue element PullQEl_nms12yolov11n/conv54_143 was aborted!
[2026-04-13 20:35:13.768] [188929] [HailoRT] [info] [vdevice_native_stream.cpp:331] [read_impl] Failed read from stream HAILO_STREAM_ABORT(63) (device: 0001:01:00.0)
[2026-04-13 20:35:13.768] [188929] [HailoRT] [info] [edge_elements.cpp:396] [run_pull] Reading from stream was aborted!
[2026-04-13 20:35:13.768] [188929] [HailoRT] [info] [queue_elements.cpp:738] [run_in_thread] run_pull of queue element PullQEl_nms3yolov11n/conv51_143 was aborted!
[2026-04-13 20:35:13.768] [188938] [HailoRT] [info] [queue_elements.cpp:706] [run_pull] Shutdown event was signaled in dequeue of queue element PullQEl_nms3yolov11n/conv51_143!
[2026-04-13 20:35:13.768] [188938] [HailoRT] [info] [vstream.cpp:1138] [read] Receiving to VStream was shutdown!
[2026-04-13 20:35:13.769] [188928] [HailoRT] [info] [vdevice_native_stream.cpp:142] [write_impl] Failed write to stream yolov11n/input_layer1 (device: 0001:01:00.0) with status=HAILO_STREAM_ABORT(63)
[2026-04-13 20:35:13.769] [188928] [HailoRT] [info] [edge_elements.cpp:87] [run_push] Failed to send on input stream InputStream(index=8, name=yolov11n/input_layer1) because stream was aborted
[2026-04-13 20:35:13.769] [188928] [HailoRT] [info] [queue_elements.cpp:401] [run_in_thread] run_push of PushQEl8yolov11n/input_layer1 was aborted!
[2026-04-13 20:35:13.770] [188939] [HailoRT] [info] [queue_elements.cpp:319] [run_push] run_push of PushQEl8yolov11n/input_layer1 was aborted!
[2026-04-13 20:35:13.770] [188939] [HailoRT] [info] [filter_elements.cpp:35] [run_push] run_push of PreInferEl8yolov11n/input_layer1 was aborted!
[2026-04-13 20:35:13.770] [188939] [HailoRT] [info] [vstream.cpp:778] [write] Sending to VStream was aborted!
[2026-04-13 20:35:13.774] [183007] [HailoRT] [info] [queue_elements.cpp:360] [execute_deactivate] enqueue() in element PushQEl8yolov11n/input_layer1 was aborted, got status = HAILO_SHUTDOWN_EVENT_SIGNALED(57)
[2026-04-13 20:35:13.774] [188928] [HailoRT] [info] [queue_elements.cpp:68] [operator()] Thread in element PushQEl8yolov11n/input_layer1 is not running anymore, exiting..
[2026-04-13 20:35:13.774] [183007] [HailoRT] [info] [queue_elements.cpp:46] [~BaseQueueElement] Queue element PushQEl8yolov11n/input_layer1 has 0 frames in his Queue on destruction
[2026-04-13 20:35:13.774] [188935] [HailoRT] [info] [queue_elements.cpp:68] [operator()] Thread in element UserBufQEl_post_infer0yolov11n/yolov8_nms_postprocess is not running anymore, exiting..
[2026-04-13 20:35:13.774] [183007] [HailoRT] [info] [queue_elements.cpp:46] [~BaseQueueElement] Queue element UserBufQEl_post_infer0yolov11n/yolov8_nms_postprocess has 0 frames in his Queue on destruction
[2026-04-13 20:35:13.774] [188934] [HailoRT] [info] [queue_elements.cpp:68] [operator()] Thread in element PullQEl_nms0yolov11n/conv80_143 is not running anymore, exiting..
[2026-04-13 20:35:13.774] [183007] [HailoRT] [info] [queue_elements.cpp:46] [~BaseQueueElement] Queue element PullQEl_nms0yolov11n/conv80_143 has 0 frames in his Queue on destruction
[2026-04-13 20:35:13.774] [188933] [HailoRT] [info] [queue_elements.cpp:68] [operator()] Thread in element PullQEl_nms1yolov11n/conv77_143 is not running anymore, exiting..
[2026-04-13 20:35:13.774] [183007] [HailoRT] [info] [queue_elements.cpp:46] [~BaseQueueElement] Queue element PullQEl_nms1yolov11n/conv77_143 has 0 frames in his Queue on destruction
[2026-04-13 20:35:13.774] [188932] [HailoRT] [info] [queue_elements.cpp:68] [operator()] Thread in element PullQEl_nms13yolov11n/conv65_143 is not running anymore, exiting..
[2026-04-13 20:35:13.774] [183007] [HailoRT] [info] [queue_elements.cpp:46] [~BaseQueueElement] Queue element PullQEl_nms13yolov11n/conv65_143 has 0 frames in his Queue on destruction
[2026-04-13 20:35:13.774] [188931] [HailoRT] [info] [queue_elements.cpp:68] [operator()] Thread in element PullQEl_nms15yolov11n/conv62_143 is not running anymore, exiting..
[2026-04-13 20:35:13.774] [183007] [HailoRT] [info] [queue_elements.cpp:46] [~BaseQueueElement] Queue element PullQEl_nms15yolov11n/conv62_143 has 0 frames in his Queue on destruction
[2026-04-13 20:35:13.774] [188930] [HailoRT] [info] [queue_elements.cpp:68] [operator()] Thread in element PullQEl_nms12yolov11n/conv54_143 is not running anymore, exiting..
[2026-04-13 20:35:13.774] [183007] [HailoRT] [info] [queue_elements.cpp:46] [~BaseQueueElement] Queue element PullQEl_nms12yolov11n/conv54_143 has 0 frames in his Queue on destruction
[2026-04-13 20:35:13.774] [188929] [HailoRT] [info] [queue_elements.cpp:68] [operator()] Thread in element PullQEl_nms3yolov11n/conv51_143 is not running anymore, exiting..
[2026-04-13 20:35:13.775] [183007] [HailoRT] [info] [queue_elements.cpp:46] [~BaseQueueElement] Queue element PullQEl_nms3yolov11n/conv51_143 has 0 frames in his Queue on destruction
[2026-04-13 20:35:13.775] [183007] [HailoRT] [info] [core_op.cpp:186] [deactivate] Deactivating took 0.006111 ms
[2026-04-13 20:35:13.775] [183007] [HailoRT] [info] [core_op.cpp:186] [deactivate] Deactivating took 0.014482 ms
[2026-04-13 20:49:07.627] [194996] [HailoRT] [info] [vdevice.cpp:535] [create] Creating vdevice with params: device_count: 1, scheduling_algorithm: NONE, multi_process_service: false
[2026-04-13 20:49:07.639] [194996] [HailoRT] [info] [device.cpp:51] [Device] OS Version: Linux 6.12.62+rpt-rpi-2712 #1 SMP PREEMPT Debian 1:6.12.62-1+rpt1 (2025-12-18) aarch64
[2026-04-13 20:49:07.641] [194996] [HailoRT] [info] [control.cpp:113] [control__parse_identify_results] firmware_version is: 4.23.0
[2026-04-13 20:49:07.641] [194996] [HailoRT] [info] [vdevice.cpp:682] [create] VDevice Infos: 0001:01:00.0
[2026-04-13 20:49:07.649] [194996] [HailoRT] [info] [internal_buffer_manager.cpp:77] [print_execution_results] Planned internal buffer memory: CMA=0 CMA-Desc=393216 Pinned=4712960. memory to edge layer usage factor is 1
[2026-04-13 20:49:07.649] [194996] [HailoRT] [info] [internal_buffer_manager.cpp:86] [print_execution_results] Default Internal buffer planner executed successfully
[2026-04-13 20:49:07.677] [194996] [HailoRT] [info] [device_internal.cpp:57] [configure] Configuring HEF took 35.962877 milliseconds
[2026-04-13 20:49:07.678] [194996] [HailoRT] [info] [vdevice.cpp:780] [configure] Configuring HEF on VDevice took 36.36084 milliseconds
[2026-04-13 20:49:07.678] [194996] [HailoRT] [info] [control.cpp:113] [control__parse_identify_results] firmware_version is: 4.23.0
[2026-04-13 20:49:07.678] [194996] [HailoRT] [info] [control.cpp:113] [control__parse_identify_results] firmware_version is: 4.23.0
[2026-04-13 20:49:07.679] [194996] [HailoRT] [info] [core_op.cpp:156] [activate] Activating yolov11n took 0.674258 milliseconds. Note that the function is asynchronous and thus the network is not fully activated yet.
[2026-04-13 20:49:07.679] [194996] [HailoRT] [info] [core_op.cpp:156] [activate] Activating yolov11n took 0.685629 milliseconds. Note that the function is asynchronous and thus the network is not fully activated yet.
[2026-04-13 20:49:07.692] [194996] [HailoRT] [info] [control.cpp:113] [control__parse_identify_results] firmware_version is: 4.23.0
[2026-04-13 20:49:07.692] [194996] [HailoRT] [info] [control.cpp:113] [control__parse_identify_results] firmware_version is: 4.23.0
[2026-04-13 20:49:08.937] [194988] [HailoRT] [info] [device.cpp:51] [Device] OS Version: Linux 6.12.62+rpt-rpi-2712 #1 SMP PREEMPT Debian 1:6.12.62-1+rpt1 (2025-12-18) aarch64
[2026-04-13 20:49:08.937] [194988] [HailoRT] [info] [control.cpp:113] [control__parse_identify_results] firmware_version is: 4.23.0
[2026-04-13 20:49:08.938] [194988] [HailoRT] [info] [control.cpp:113] [control__parse_identify_results] firmware_version is: 4.23.0
[2026-04-13 20:54:07.693] [195010] [HailoRT] [info] [vdevice_native_stream.cpp:331] [read_impl] Failed read from stream HAILO_STREAM_ABORT(63) (device: 0001:01:00.0)
[2026-04-13 20:54:07.693] [195009] [HailoRT] [info] [vdevice_native_stream.cpp:331] [read_impl] Failed read from stream HAILO_STREAM_ABORT(63) (device: 0001:01:00.0)
[2026-04-13 20:54:07.693] [195008] [HailoRT] [info] [vdevice_native_stream.cpp:331] [read_impl] Failed read from stream HAILO_STREAM_ABORT(63) (device: 0001:01:00.0)
[2026-04-13 20:54:07.693] [195005] [HailoRT] [info] [vdevice_native_stream.cpp:331] [read_impl] Failed read from stream HAILO_STREAM_ABORT(63) (device: 0001:01:00.0)
[2026-04-13 20:54:07.693] [195007] [HailoRT] [info] [vdevice_native_stream.cpp:331] [read_impl] Failed read from stream HAILO_STREAM_ABORT(63) (device: 0001:01:00.0)
[2026-04-13 20:54:07.693] [195006] [HailoRT] [info] [vdevice_native_stream.cpp:331] [read_impl] Failed read from stream HAILO_STREAM_ABORT(63) (device: 0001:01:00.0)
[2026-04-13 20:54:07.693] [195011] [HailoRT] [info] [vdevice_native_stream.cpp:142] [write_impl] Failed write to stream yolov11n/input_layer1 (device: 0001:01:00.0) with status=HAILO_STREAM_ABORT(63)
[2026-04-13 20:54:07.725] [194996] [HailoRT] [info] [core_op.cpp:186] [deactivate] Deactivating took 0.008555 ms
[2026-04-13 20:54:07.725] [194996] [HailoRT] [info] [core_op.cpp:186] [deactivate] Deactivating took 0.034019 ms
[2026-04-13 20:54:07.759] [194996] [HailoRT] [info] [vdevice.cpp:535] [create] Creating vdevice with params: device_count: 1, scheduling_algorithm: NONE, multi_process_service: false
[2026-04-13 20:54:07.759] [194996] [HailoRT] [info] [device.cpp:51] [Device] OS Version: Linux 6.12.62+rpt-rpi-2712 #1 SMP PREEMPT Debian 1:6.12.62-1+rpt1 (2025-12-18) aarch64
[2026-04-13 20:54:07.760] [194996] [HailoRT] [info] [control.cpp:113] [control__parse_identify_results] firmware_version is: 4.23.0
[2026-04-13 20:54:07.760] [194996] [HailoRT] [info] [vdevice.cpp:682] [create] VDevice Infos: 0001:01:00.0
[2026-04-13 20:54:07.766] [194996] [HailoRT] [info] [internal_buffer_manager.cpp:77] [print_execution_results] Planned internal buffer memory: CMA=0 CMA-Desc=393216 Pinned=4712960. memory to edge layer usage factor is 1
[2026-04-13 20:54:07.766] [194996] [HailoRT] [info] [internal_buffer_manager.cpp:86] [print_execution_results] Default Internal buffer planner executed successfully
[2026-04-13 20:54:07.803] [194996] [HailoRT] [info] [device_internal.cpp:57] [configure] Configuring HEF took 42.904526 milliseconds
[2026-04-13 20:54:07.803] [194996] [HailoRT] [info] [vdevice.cpp:780] [configure] Configuring HEF on VDevice took 43.277636 milliseconds
[2026-04-13 20:54:07.803] [194996] [HailoRT] [info] [control.cpp:113] [control__parse_identify_results] firmware_version is: 4.23.0
[2026-04-13 20:54:07.804] [194996] [HailoRT] [info] [control.cpp:113] [control__parse_identify_results] firmware_version is: 4.23.0
[2026-04-13 20:54:07.804] [194996] [HailoRT] [info] [core_op.cpp:156] [activate] Activating yolov11n took 0.830072 milliseconds. Note that the function is asynchronous and thus the network is not fully activated yet.
[2026-04-13 20:54:07.804] [194996] [HailoRT] [info] [core_op.cpp:156] [activate] Activating yolov11n took 0.847813 milliseconds. Note that the function is asynchronous and thus the network is not fully activated yet.
[2026-04-13 20:54:07.822] [194996] [HailoRT] [info] [control.cpp:113] [control__parse_identify_results] firmware_version is: 4.23.0
[2026-04-13 20:54:07.822] [194996] [HailoRT] [info] [control.cpp:113] [control__parse_identify_results] firmware_version is: 4.23.0
[2026-04-13 20:54:07.822] [194996] [HailoRT] [info] [edge_elements.cpp:52] [create] Created (HwWriteEl8yolov11n/input_layer1 | hw_frame_size: 1228800)
[2026-04-13 20:54:07.822] [194996] [HailoRT] [info] [queue_elements.cpp:284] [create] Created (PushQEl8yolov11n/input_layer1 | timeout: 10s)
[2026-04-13 20:54:07.822] [194996] [HailoRT] [info] [filter_elements.cpp:101] [create] Created (PreInferEl8yolov11n/input_layer1 | Reorder - src_order: NHWC, src_shape: (640, 640, 3), dst_order: NHCW, dst_shape: (640, 640, 3))
[2026-04-13 20:54:07.822] [194996] [HailoRT] [info] [vstream.cpp:754] [InputVStreamImpl] Creating yolov11n/input_layer1...
[2026-04-13 20:54:07.823] [194996] [HailoRT] [info] [vstream_builder.cpp:102] [create_inputs] Input pipeline 'yolov11n/input_layer1': (PreInferEl8yolov11n/input_layer1 | Reorder - src_order: NHWC, src_shape: (640, 640, 3), dst_order: NHCW, dst_shape: (640, 640, 3)) >> (PushQEl8yolov11n/input_layer1 | timeout: 10s) >> (HwWriteEl8yolov11n/input_layer1 | hw_frame_size: 1228800) >> HW
[2026-04-13 20:54:07.823] [194996] [HailoRT] [info] [multi_io_elements.cpp:135] [create] Created (NmsPPMuxEl0YOLOV8-Post-Process | Op YOLOV8, Name: YOLOV8-Post-Process, Score threshold: 0.200, IoU threshold: 0.70, Classes: 80, Max bboxes per class: 100, Image height: 640, Image width: 640)
[2026-04-13 20:54:07.823] [194996] [HailoRT] [info] [edge_elements.cpp:287] [create] Created (HwReadEl3yolov11n/conv51_143 | hw_frame_size: 409600)
[2026-04-13 20:54:07.823] [194996] [HailoRT] [info] [queue_elements.cpp:657] [create] Created (PullQEl_nms3yolov11n/conv51_143 | timeout: 10s)
[2026-04-13 20:54:07.823] [194996] [HailoRT] [info] [edge_elements.cpp:287] [create] Created (HwReadEl12yolov11n/conv54_143 | hw_frame_size: 512000)
[2026-04-13 20:54:07.823] [194996] [HailoRT] [info] [queue_elements.cpp:657] [create] Created (PullQEl_nms12yolov11n/conv54_143 | timeout: 10s)
[2026-04-13 20:54:07.823] [194996] [HailoRT] [info] [edge_elements.cpp:287] [create] Created (HwReadEl15yolov11n/conv62_143 | hw_frame_size: 102400)
[2026-04-13 20:54:07.823] [194996] [HailoRT] [info] [queue_elements.cpp:657] [create] Created (PullQEl_nms15yolov11n/conv62_143 | timeout: 10s)
[2026-04-13 20:54:07.823] [194996] [HailoRT] [info] [edge_elements.cpp:287] [create] Created (HwReadEl13yolov11n/conv65_143 | hw_frame_size: 128000)
[2026-04-13 20:54:07.823] [194996] [HailoRT] [info] [queue_elements.cpp:657] [create] Created (PullQEl_nms13yolov11n/conv65_143 | timeout: 10s)
[2026-04-13 20:54:07.823] [194996] [HailoRT] [info] [edge_elements.cpp:287] [create] Created (HwReadEl1yolov11n/conv77_143 | hw_frame_size: 30720)
[2026-04-13 20:54:07.823] [194996] [HailoRT] [info] [queue_elements.cpp:657] [create] Created (PullQEl_nms1yolov11n/conv77_143 | timeout: 10s)
[2026-04-13 20:54:07.823] [194996] [HailoRT] [info] [edge_elements.cpp:287] [create] Created (HwReadEl0yolov11n/conv80_143 | hw_frame_size: 38400)
[2026-04-13 20:54:07.823] [194996] [HailoRT] [info] [queue_elements.cpp:657] [create] Created (PullQEl_nms0yolov11n/conv80_143 | timeout: 10s)
[2026-04-13 20:54:07.823] [194996] [HailoRT] [info] [queue_elements.cpp:800] [create] Created (UserBufQEl_post_infer0yolov11n/yolov8_nms_postprocess | timeout: 10s)
[2026-04-13 20:54:07.823] [194996] [HailoRT] [info] [vstream.cpp:1114] [OutputVStreamImpl] Creating yolov11n/yolov8_nms_postprocess...
[2026-04-13 20:54:07.823] [194996] [HailoRT] [info] [vstream_builder.cpp:622] [create_output_post_process_nms] Output pipeline 'yolov11n/yolov8_nms_postprocess': HW >> (HwReadEl3yolov11n/conv51_143 | hw_frame_size: 409600) >> (PullQEl_nms3yolov11n/conv51_143) >> (HwReadEl12yolov11n/conv54_143 | hw_frame_size: 512000) >> (PullQEl_nms12yolov11n/conv54_143) >> (HwReadEl15yolov11n/conv62_143 | hw_frame_size: 102400) >> (PullQEl_nms15yolov11n/conv62_143) >> (HwReadEl13yolov11n/conv65_143 | hw_frame_size: 128000) >> (PullQEl_nms13yolov11n/conv65_143) >> (HwReadEl1yolov11n/conv77_143 | hw_frame_size: 30720) >> (PullQEl_nms1yolov11n/conv77_143) >> (HwReadEl0yolov11n/conv80_143 | hw_frame_size: 38400) >> (PullQEl_nms0yolov11n/conv80_143) >> (NmsPPMuxEl0YOLOV8-Post-Process | Op YOLOV8, Name: YOLOV8-Post-Process, Score threshold: 0.200, IoU threshold: 0.70, Classes: 80, Max bboxes per class: 100, Image height: 640, Image width: 640) >> (UserBufQEl_post_infer0yolov11n/yolov8_nms_postprocess | timeout: 10s)
[2026-04-13 20:59:07.824] [198278] [HailoRT] [info] [vdevice_native_stream.cpp:331] [read_impl] Failed read from stream HAILO_STREAM_ABORT(63) (device: 0001:01:00.0)
[2026-04-13 20:59:07.824] [198277] [HailoRT] [info] [vdevice_native_stream.cpp:331] [read_impl] Failed read from stream HAILO_STREAM_ABORT(63) (device: 0001:01:00.0)
[2026-04-13 20:59:07.824] [198277] [HailoRT] [info] [edge_elements.cpp:396] [run_pull] Reading from stream was aborted!
[2026-04-13 20:59:07.824] [198276] [HailoRT] [info] [vdevice_native_stream.cpp:142] [write_impl] Failed write to stream yolov11n/input_layer1 (device: 0001:01:00.0) with status=HAILO_STREAM_ABORT(63)
[2026-04-13 20:59:07.824] [198277] [HailoRT] [info] [queue_elements.cpp:738] [run_in_thread] run_pull of queue element PullQEl_nms3yolov11n/conv51_143 was aborted!
[2026-04-13 20:59:07.824] [198279] [HailoRT] [info] [vdevice_native_stream.cpp:331] [read_impl] Failed read from stream HAILO_STREAM_ABORT(63) (device: 0001:01:00.0)
[2026-04-13 20:59:07.824] [198279] [HailoRT] [info] [edge_elements.cpp:396] [run_pull] Reading from stream was aborted!
[2026-04-13 20:59:07.824] [198276] [HailoRT] [info] [edge_elements.cpp:87] [run_push] Failed to send on input stream InputStream(index=8, name=yolov11n/input_layer1) because stream was aborted
[2026-04-13 20:59:07.824] [198286] [HailoRT] [info] [queue_elements.cpp:706] [run_pull] Shutdown event was signaled in dequeue of queue element PullQEl_nms3yolov11n/conv51_143!
[2026-04-13 20:59:07.824] [198278] [HailoRT] [info] [edge_elements.cpp:396] [run_pull] Reading from stream was aborted!
[2026-04-13 20:59:07.824] [198286] [HailoRT] [info] [vstream.cpp:1138] [read] Receiving to VStream was shutdown!
[2026-04-13 20:59:07.824] [198276] [HailoRT] [info] [queue_elements.cpp:401] [run_in_thread] run_push of PushQEl8yolov11n/input_layer1 was aborted!
[2026-04-13 20:59:07.824] [198278] [HailoRT] [info] [queue_elements.cpp:738] [run_in_thread] run_pull of queue element PullQEl_nms12yolov11n/conv54_143 was aborted!
[2026-04-13 20:59:07.824] [198279] [HailoRT] [info] [queue_elements.cpp:738] [run_in_thread] run_pull of queue element PullQEl_nms15yolov11n/conv62_143 was aborted!
[2026-04-13 20:59:07.824] [198281] [HailoRT] [info] [vdevice_native_stream.cpp:331] [read_impl] Failed read from stream HAILO_STREAM_ABORT(63) (device: 0001:01:00.0)
[2026-04-13 20:59:07.824] [198281] [HailoRT] [info] [edge_elements.cpp:396] [run_pull] Reading from stream was aborted!
[2026-04-13 20:59:07.824] [198280] [HailoRT] [info] [vdevice_native_stream.cpp:331] [read_impl] Failed read from stream HAILO_STREAM_ABORT(63) (device: 0001:01:00.0)
[2026-04-13 20:59:07.824] [198280] [HailoRT] [info] [edge_elements.cpp:396] [run_pull] Reading from stream was aborted!
[2026-04-13 20:59:07.824] [198281] [HailoRT] [info] [queue_elements.cpp:738] [run_in_thread] run_pull of queue element PullQEl_nms1yolov11n/conv77_143 was aborted!
[2026-04-13 20:59:07.824] [198280] [HailoRT] [info] [queue_elements.cpp:738] [run_in_thread] run_pull of queue element PullQEl_nms13yolov11n/conv65_143 was aborted!
[2026-04-13 20:59:07.824] [198282] [HailoRT] [info] [vdevice_native_stream.cpp:331] [read_impl] Failed read from stream HAILO_STREAM_ABORT(63) (device: 0001:01:00.0)
[2026-04-13 20:59:07.824] [198282] [HailoRT] [info] [edge_elements.cpp:396] [run_pull] Reading from stream was aborted!
[2026-04-13 20:59:07.824] [198282] [HailoRT] [info] [queue_elements.cpp:738] [run_in_thread] run_pull of queue element PullQEl_nms0yolov11n/conv80_143 was aborted!
[2026-04-13 20:59:07.824] [198287] [HailoRT] [info] [vstream.cpp:774] [write] Sending to VStream was shutdown!
[2026-04-13 20:59:07.824] [198287] [HailoRT] [info] [vstream.cpp:778] [write] Sending to VStream was aborted!
[2026-04-13 20:59:07.829] [194996] [HailoRT] [info] [queue_elements.cpp:360] [execute_deactivate] enqueue() in element PushQEl8yolov11n/input_layer1 was aborted, got status = HAILO_SHUTDOWN_EVENT_SIGNALED(57)
[2026-04-13 20:59:07.829] [198276] [HailoRT] [info] [queue_elements.cpp:68] [operator()] Thread in element PushQEl8yolov11n/input_layer1 is not running anymore, exiting..
[2026-04-13 20:59:07.830] [194996] [HailoRT] [info] [queue_elements.cpp:46] [~BaseQueueElement] Queue element PushQEl8yolov11n/input_layer1 has 1 frames in his Queue on destruction
[2026-04-13 20:59:07.830] [198283] [HailoRT] [info] [queue_elements.cpp:68] [operator()] Thread in element UserBufQEl_post_infer0yolov11n/yolov8_nms_postprocess is not running anymore, exiting..
[2026-04-13 20:59:07.830] [194996] [HailoRT] [info] [queue_elements.cpp:46] [~BaseQueueElement] Queue element UserBufQEl_post_infer0yolov11n/yolov8_nms_postprocess has 0 frames in his Queue on destruction
[2026-04-13 20:59:07.830] [198282] [HailoRT] [info] [queue_elements.cpp:68] [operator()] Thread in element PullQEl_nms0yolov11n/conv80_143 is not running anymore, exiting..
[2026-04-13 20:59:07.830] [194996] [HailoRT] [info] [queue_elements.cpp:46] [~BaseQueueElement] Queue element PullQEl_nms0yolov11n/conv80_143 has 0 frames in his Queue on destruction
[2026-04-13 20:59:07.830] [198281] [HailoRT] [info] [queue_elements.cpp:68] [operator()] Thread in element PullQEl_nms1yolov11n/conv77_143 is not running anymore, exiting..
[2026-04-13 20:59:07.830] [194996] [HailoRT] [info] [queue_elements.cpp:46] [~BaseQueueElement] Queue element PullQEl_nms1yolov11n/conv77_143 has 0 frames in his Queue on destruction
[2026-04-13 20:59:07.830] [198280] [HailoRT] [info] [queue_elements.cpp:68] [operator()] Thread in element PullQEl_nms13yolov11n/conv65_143 is not running anymore, exiting..
[2026-04-13 20:59:07.830] [194996] [HailoRT] [info] [queue_elements.cpp:46] [~BaseQueueElement] Queue element PullQEl_nms13yolov11n/conv65_143 has 0 frames in his Queue on destruction
[2026-04-13 20:59:07.830] [198279] [HailoRT] [info] [queue_elements.cpp:68] [operator()] Thread in element PullQEl_nms15yolov11n/conv62_143 is not running anymore, exiting..
[2026-04-13 20:59:07.830] [194996] [HailoRT] [info] [queue_elements.cpp:46] [~BaseQueueElement] Queue element PullQEl_nms15yolov11n/conv62_143 has 0 frames in his Queue on destruction
[2026-04-13 20:59:07.830] [198278] [HailoRT] [info] [queue_elements.cpp:68] [operator()] Thread in element PullQEl_nms12yolov11n/conv54_143 is not running anymore, exiting..
[2026-04-13 20:59:07.830] [194996] [HailoRT] [info] [queue_elements.cpp:46] [~BaseQueueElement] Queue element PullQEl_nms12yolov11n/conv54_143 has 0 frames in his Queue on destruction
[2026-04-13 20:59:07.830] [198277] [HailoRT] [info] [queue_elements.cpp:68] [operator()] Thread in element PullQEl_nms3yolov11n/conv51_143 is not running anymore, exiting..
[2026-04-13 20:59:07.830] [194996] [HailoRT] [info] [queue_elements.cpp:46] [~BaseQueueElement] Queue element PullQEl_nms3yolov11n/conv51_143 has 0 frames in his Queue on destruction
[2026-04-13 20:59:07.830] [194996] [HailoRT] [info] [core_op.cpp:186] [deactivate] Deactivating took 0.00724 ms
[2026-04-13 20:59:07.830] [194996] [HailoRT] [info] [core_op.cpp:186] [deactivate] Deactivating took 0.015704 ms
[2026-04-13 20:59:07.860] [194996] [HailoRT] [info] [vdevice.cpp:535] [create] Creating vdevice with params: device_count: 1, scheduling_algorithm: NONE, multi_process_service: false
[2026-04-13 20:59:07.860] [194996] [HailoRT] [info] [device.cpp:51] [Device] OS Version: Linux 6.12.62+rpt-rpi-2712 #1 SMP PREEMPT Debian 1:6.12.62-1+rpt1 (2025-12-18) aarch64
[2026-04-13 20:59:07.860] [194996] [HailoRT] [info] [control.cpp:113] [control__parse_identify_results] firmware_version is: 4.23.0
[2026-04-13 20:59:07.860] [194996] [HailoRT] [info] [vdevice.cpp:682] [create] VDevice Infos: 0001:01:00.0
[2026-04-13 20:59:07.867] [194996] [HailoRT] [info] [internal_buffer_manager.cpp:77] [print_execution_results] Planned internal buffer memory: CMA=0 CMA-Desc=393216 Pinned=4712960. memory to edge layer usage factor is 1
[2026-04-13 20:59:07.867] [194996] [HailoRT] [info] [internal_buffer_manager.cpp:86] [print_execution_results] Default Internal buffer planner executed successfully
[2026-04-13 20:59:07.892] [194996] [HailoRT] [info] [device_internal.cpp:57] [configure] Configuring HEF took 31.669954 milliseconds
[2026-04-13 20:59:07.892] [194996] [HailoRT] [info] [vdevice.cpp:780] [configure] Configuring HEF on VDevice took 32.035786 milliseconds
[2026-04-13 20:59:07.893] [194996] [HailoRT] [info] [control.cpp:113] [control__parse_identify_results] firmware_version is: 4.23.0
[2026-04-13 20:59:07.893] [194996] [HailoRT] [info] [control.cpp:113] [control__parse_identify_results] firmware_version is: 4.23.0
[2026-04-13 20:59:07.894] [194996] [HailoRT] [info] [core_op.cpp:156] [activate] Activating yolov11n took 0.665055 milliseconds. Note that the function is asynchronous and thus the network is not fully activated yet.
[2026-04-13 20:59:07.894] [194996] [HailoRT] [info] [core_op.cpp:156] [activate] Activating yolov11n took 0.672165 milliseconds. Note that the function is asynchronous and thus the network is not fully activated yet.
[2026-04-13 20:59:07.907] [194996] [HailoRT] [info] [control.cpp:113] [control__parse_identify_results] firmware_version is: 4.23.0
[2026-04-13 20:59:07.907] [194996] [HailoRT] [info] [control.cpp:113] [control__parse_identify_results] firmware_version is: 4.23.0
[2026-04-13 20:59:07.907] [194996] [HailoRT] [info] [edge_elements.cpp:52] [create] Created (HwWriteEl8yolov11n/input_layer1 | hw_frame_size: 1228800)
[2026-04-13 20:59:07.907] [194996] [HailoRT] [info] [queue_elements.cpp:284] [create] Created (PushQEl8yolov11n/input_layer1 | timeout: 10s)
[2026-04-13 20:59:07.907] [194996] [HailoRT] [info] [filter_elements.cpp:101] [create] Created (PreInferEl8yolov11n/input_layer1 | Reorder - src_order: NHWC, src_shape: (640, 640, 3), dst_order: NHCW, dst_shape: (640, 640, 3))
[2026-04-13 20:59:07.907] [194996] [HailoRT] [info] [vstream.cpp:754] [InputVStreamImpl] Creating yolov11n/input_layer1...
[2026-04-13 20:59:07.907] [194996] [HailoRT] [info] [vstream_builder.cpp:102] [create_inputs] Input pipeline 'yolov11n/input_layer1': (PreInferEl8yolov11n/input_layer1 | Reorder - src_order: NHWC, src_shape: (640, 640, 3), dst_order: NHCW, dst_shape: (640, 640, 3)) >> (PushQEl8yolov11n/input_layer1 | timeout: 10s) >> (HwWriteEl8yolov11n/input_layer1 | hw_frame_size: 1228800) >> HW
[2026-04-13 20:59:07.907] [194996] [HailoRT] [info] [multi_io_elements.cpp:135] [create] Created (NmsPPMuxEl0YOLOV8-Post-Process | Op YOLOV8, Name: YOLOV8-Post-Process, Score threshold: 0.200, IoU threshold: 0.70, Classes: 80, Max bboxes per class: 100, Image height: 640, Image width: 640)
[2026-04-13 20:59:07.907] [194996] [HailoRT] [info] [edge_elements.cpp:287] [create] Created (HwReadEl3yolov11n/conv51_143 | hw_frame_size: 409600)
[2026-04-13 20:59:07.907] [194996] [HailoRT] [info] [queue_elements.cpp:657] [create] Created (PullQEl_nms3yolov11n/conv51_143 | timeout: 10s)
[2026-04-13 20:59:07.907] [194996] [HailoRT] [info] [edge_elements.cpp:287] [create] Created (HwReadEl12yolov11n/conv54_143 | hw_frame_size: 512000)
[2026-04-13 20:59:07.907] [194996] [HailoRT] [info] [queue_elements.cpp:657] [create] Created (PullQEl_nms12yolov11n/conv54_143 | timeout: 10s)
[2026-04-13 20:59:07.907] [194996] [HailoRT] [info] [edge_elements.cpp:287] [create] Created (HwReadEl15yolov11n/conv62_143 | hw_frame_size: 102400)
[2026-04-13 20:59:07.907] [194996] [HailoRT] [info] [queue_elements.cpp:657] [create] Created (PullQEl_nms15yolov11n/conv62_143 | timeout: 10s)
[2026-04-13 20:59:07.907] [194996] [HailoRT] [info] [edge_elements.cpp:287] [create] Created (HwReadEl13yolov11n/conv65_143 | hw_frame_size: 128000)
[2026-04-13 20:59:07.908] [194996] [HailoRT] [info] [queue_elements.cpp:657] [create] Created (PullQEl_nms13yolov11n/conv65_143 | timeout: 10s)
[2026-04-13 20:59:07.908] [194996] [HailoRT] [info] [edge_elements.cpp:287] [create] Created (HwReadEl1yolov11n/conv77_143 | hw_frame_size: 30720)
[2026-04-13 20:59:07.908] [194996] [HailoRT] [info] [queue_elements.cpp:657] [create] Created (PullQEl_nms1yolov11n/conv77_143 | timeout: 10s)
[2026-04-13 20:59:07.908] [194996] [HailoRT] [info] [edge_elements.cpp:287] [create] Created (HwReadEl0yolov11n/conv80_143 | hw_frame_size: 38400)
[2026-04-13 20:59:07.908] [194996] [HailoRT] [info] [queue_elements.cpp:657] [create] Created (PullQEl_nms0yolov11n/conv80_143 | timeout: 10s)
[2026-04-13 20:59:07.908] [194996] [HailoRT] [info] [queue_elements.cpp:800] [create] Created (UserBufQEl_post_infer0yolov11n/yolov8_nms_postprocess | timeout: 10s)
[2026-04-13 20:59:07.908] [194996] [HailoRT] [info] [vstream.cpp:1114] [OutputVStreamImpl] Creating yolov11n/yolov8_nms_postprocess...
[2026-04-13 20:59:07.908] [194996] [HailoRT] [info] [vstream_builder.cpp:622] [create_output_post_process_nms] Output pipeline 'yolov11n/yolov8_nms_postprocess': HW >> (HwReadEl3yolov11n/conv51_143 | hw_frame_size: 409600) >> (PullQEl_nms3yolov11n/conv51_143) >> (HwReadEl12yolov11n/conv54_143 | hw_frame_size: 512000) >> (PullQEl_nms12yolov11n/conv54_143) >> (HwReadEl15yolov11n/conv62_143 | hw_frame_size: 102400) >> (PullQEl_nms15yolov11n/conv62_143) >> (HwReadEl13yolov11n/conv65_143 | hw_frame_size: 128000) >> (PullQEl_nms13yolov11n/conv65_143) >> (HwReadEl1yolov11n/conv77_143 | hw_frame_size: 30720) >> (PullQEl_nms1yolov11n/conv77_143) >> (HwReadEl0yolov11n/conv80_143 | hw_frame_size: 38400) >> (PullQEl_nms0yolov11n/conv80_143) >> (NmsPPMuxEl0YOLOV8-Post-Process | Op YOLOV8, Name: YOLOV8-Post-Process, Score threshold: 0.200, IoU threshold: 0.70, Classes: 80, Max bboxes per class: 100, Image height: 640, Image width: 640) >> (UserBufQEl_post_infer0yolov11n/yolov8_nms_postprocess | timeout: 10s)
[2026-04-13 21:04:07.908] [201318] [HailoRT] [info] [vdevice_native_stream.cpp:331] [read_impl] Failed read from stream HAILO_STREAM_ABORT(63) (device: 0001:01:00.0)
[2026-04-13 21:04:07.908] [201321] [HailoRT] [info] [vdevice_native_stream.cpp:331] [read_impl] Failed read from stream HAILO_STREAM_ABORT(63) (device: 0001:01:00.0)
[2026-04-13 21:04:07.908] [201318] [HailoRT] [info] [edge_elements.cpp:396] [run_pull] Reading from stream was aborted!
[2026-04-13 21:04:07.908] [201321] [HailoRT] [info] [edge_elements.cpp:396] [run_pull] Reading from stream was aborted!
[2026-04-13 21:04:07.908] [201318] [HailoRT] [info] [queue_elements.cpp:738] [run_in_thread] run_pull of queue element PullQEl_nms12yolov11n/conv54_143 was aborted!
[2026-04-13 21:04:07.908] [201317] [HailoRT] [info] [vdevice_native_stream.cpp:331] [read_impl] Failed read from stream HAILO_STREAM_ABORT(63) (device: 0001:01:00.0)
[2026-04-13 21:04:07.908] [201317] [HailoRT] [info] [edge_elements.cpp:396] [run_pull] Reading from stream was aborted!
[2026-04-13 21:04:07.908] [201319] [HailoRT] [info] [vdevice_native_stream.cpp:331] [read_impl] Failed read from stream HAILO_STREAM_ABORT(63) (device: 0001:01:00.0)
[2026-04-13 21:04:07.908] [201322] [HailoRT] [info] [vdevice_native_stream.cpp:331] [read_impl] Failed read from stream HAILO_STREAM_ABORT(63) (device: 0001:01:00.0)
[2026-04-13 21:04:07.908] [201319] [HailoRT] [info] [edge_elements.cpp:396] [run_pull] Reading from stream was aborted!
[2026-04-13 21:04:07.908] [201322] [HailoRT] [info] [edge_elements.cpp:396] [run_pull] Reading from stream was aborted!
[2026-04-13 21:04:07.908] [201322] [HailoRT] [info] [queue_elements.cpp:738] [run_in_thread] run_pull of queue element PullQEl_nms0yolov11n/conv80_143 was aborted!
[2026-04-13 21:04:07.908] [201319] [HailoRT] [info] [queue_elements.cpp:738] [run_in_thread] run_pull of queue element PullQEl_nms15yolov11n/conv62_143 was aborted!
[2026-04-13 21:04:07.908] [201321] [HailoRT] [info] [queue_elements.cpp:738] [run_in_thread] run_pull of queue element PullQEl_nms1yolov11n/conv77_143 was aborted!
[2026-04-13 21:04:07.908] [201320] [HailoRT] [info] [vdevice_native_stream.cpp:331] [read_impl] Failed read from stream HAILO_STREAM_ABORT(63) (device: 0001:01:00.0)
[2026-04-13 21:04:07.908] [201320] [HailoRT] [info] [edge_elements.cpp:396] [run_pull] Reading from stream was aborted!
[2026-04-13 21:04:07.908] [201317] [HailoRT] [info] [queue_elements.cpp:738] [run_in_thread] run_pull of queue element PullQEl_nms3yolov11n/conv51_143 was aborted!
[2026-04-13 21:04:07.908] [201320] [HailoRT] [info] [queue_elements.cpp:738] [run_in_thread] run_pull of queue element PullQEl_nms13yolov11n/conv65_143 was aborted!
[2026-04-13 21:04:07.908] [201326] [HailoRT] [info] [queue_elements.cpp:706] [run_pull] Shutdown event was signaled in dequeue of queue element PullQEl_nms3yolov11n/conv51_143!
[2026-04-13 21:04:07.908] [201326] [HailoRT] [info] [vstream.cpp:1138] [read] Receiving to VStream was shutdown!
[2026-04-13 21:04:07.910] [201316] [HailoRT] [info] [vdevice_native_stream.cpp:142] [write_impl] Failed write to stream yolov11n/input_layer1 (device: 0001:01:00.0) with status=HAILO_STREAM_ABORT(63)
[2026-04-13 21:04:07.910] [201316] [HailoRT] [info] [edge_elements.cpp:87] [run_push] Failed to send on input stream InputStream(index=8, name=yolov11n/input_layer1) because stream was aborted
[2026-04-13 21:04:07.910] [201316] [HailoRT] [info] [queue_elements.cpp:401] [run_in_thread] run_push of PushQEl8yolov11n/input_layer1 was aborted!
[2026-04-13 21:04:07.911] [201327] [HailoRT] [info] [queue_elements.cpp:319] [run_push] run_push of PushQEl8yolov11n/input_layer1 was aborted!
[2026-04-13 21:04:07.911] [201327] [HailoRT] [info] [filter_elements.cpp:35] [run_push] run_push of PreInferEl8yolov11n/input_layer1 was aborted!
[2026-04-13 21:04:07.911] [201327] [HailoRT] [info] [vstream.cpp:778] [write] Sending to VStream was aborted!
[2026-04-13 21:04:07.911] [194996] [HailoRT] [info] [queue_elements.cpp:360] [execute_deactivate] enqueue() in element PushQEl8yolov11n/input_layer1 was aborted, got status = HAILO_SHUTDOWN_EVENT_SIGNALED(57)
[2026-04-13 21:04:07.911] [201316] [HailoRT] [info] [queue_elements.cpp:68] [operator()] Thread in element PushQEl8yolov11n/input_layer1 is not running anymore, exiting..
[2026-04-13 21:04:07.911] [194996] [HailoRT] [info] [queue_elements.cpp:46] [~BaseQueueElement] Queue element PushQEl8yolov11n/input_layer1 has 0 frames in his Queue on destruction
[2026-04-13 21:04:07.911] [201323] [HailoRT] [info] [queue_elements.cpp:68] [operator()] Thread in element UserBufQEl_post_infer0yolov11n/yolov8_nms_postprocess is not running anymore, exiting..
[2026-04-13 21:04:07.912] [194996] [HailoRT] [info] [queue_elements.cpp:46] [~BaseQueueElement] Queue element UserBufQEl_post_infer0yolov11n/yolov8_nms_postprocess has 0 frames in his Queue on destruction
[2026-04-13 21:04:07.912] [201322] [HailoRT] [info] [queue_elements.cpp:68] [operator()] Thread in element PullQEl_nms0yolov11n/conv80_143 is not running anymore, exiting..
[2026-04-13 21:04:07.912] [194996] [HailoRT] [info] [queue_elements.cpp:46] [~BaseQueueElement] Queue element PullQEl_nms0yolov11n/conv80_143 has 0 frames in his Queue on destruction
[2026-04-13 21:04:07.912] [201321] [HailoRT] [info] [queue_elements.cpp:68] [operator()] Thread in element PullQEl_nms1yolov11n/conv77_143 is not running anymore, exiting..
[2026-04-13 21:04:07.912] [194996] [HailoRT] [info] [queue_elements.cpp:46] [~BaseQueueElement] Queue element PullQEl_nms1yolov11n/conv77_143 has 0 frames in his Queue on destruction
[2026-04-13 21:04:07.912] [201320] [HailoRT] [info] [queue_elements.cpp:68] [operator()] Thread in element PullQEl_nms13yolov11n/conv65_143 is not running anymore, exiting..
[2026-04-13 21:04:07.912] [194996] [HailoRT] [info] [queue_elements.cpp:46] [~BaseQueueElement] Queue element PullQEl_nms13yolov11n/conv65_143 has 0 frames in his Queue on destruction
[2026-04-13 21:04:07.912] [201319] [HailoRT] [info] [queue_elements.cpp:68] [operator()] Thread in element PullQEl_nms15yolov11n/conv62_143 is not running anymore, exiting..
[2026-04-13 21:04:07.912] [194996] [HailoRT] [info] [queue_elements.cpp:46] [~BaseQueueElement] Queue element PullQEl_nms15yolov11n/conv62_143 has 0 frames in his Queue on destruction
[2026-04-13 21:04:07.912] [201318] [HailoRT] [info] [queue_elements.cpp:68] [operator()] Thread in element PullQEl_nms12yolov11n/conv54_143 is not running anymore, exiting..
[2026-04-13 21:04:07.912] [194996] [HailoRT] [info] [queue_elements.cpp:46] [~BaseQueueElement] Queue element PullQEl_nms12yolov11n/conv54_143 has 0 frames in his Queue on destruction
[2026-04-13 21:04:07.912] [201317] [HailoRT] [info] [queue_elements.cpp:68] [operator()] Thread in element PullQEl_nms3yolov11n/conv51_143 is not running anymore, exiting..
[2026-04-13 21:04:07.912] [194996] [HailoRT] [info] [queue_elements.cpp:46] [~BaseQueueElement] Queue element PullQEl_nms3yolov11n/conv51_143 has 0 frames in his Queue on destruction
[2026-04-13 21:04:07.912] [194996] [HailoRT] [info] [core_op.cpp:186] [deactivate] Deactivating took 0.007926 ms
[2026-04-13 21:04:07.912] [194996] [HailoRT] [info] [core_op.cpp:186] [deactivate] Deactivating took 0.017871 ms
[2026-04-15 16:39:42.786] [775928] [HailoRT] [info] [vdevice.cpp:535] [create] Creating vdevice with params: device_count: 1, scheduling_algorithm: NONE, multi_process_service: false
[2026-04-15 16:39:42.799] [775928] [HailoRT] [info] [device.cpp:51] [Device] OS Version: Linux 6.12.62+rpt-rpi-2712 #1 SMP PREEMPT Debian 1:6.12.62-1+rpt1 (2025-12-18) aarch64
[2026-04-15 16:39:42.800] [775928] [HailoRT] [info] [control.cpp:113] [control__parse_identify_results] firmware_version is: 4.23.0
[2026-04-15 16:39:42.800] [775928] [HailoRT] [info] [vdevice.cpp:682] [create] VDevice Infos: 0001:01:00.0
[2026-04-15 16:39:42.806] [775928] [HailoRT] [info] [internal_buffer_manager.cpp:77] [print_execution_results] Planned internal buffer memory: CMA=0 CMA-Desc=327680 Pinned=1180160. memory to edge layer usage factor is 1
[2026-04-15 16:39:42.806] [775928] [HailoRT] [info] [internal_buffer_manager.cpp:86] [print_execution_results] Default Internal buffer planner executed successfully
[2026-04-15 16:39:42.836] [775928] [HailoRT] [info] [device_internal.cpp:57] [configure] Configuring HEF took 36.402912 milliseconds
[2026-04-15 16:39:42.836] [775928] [HailoRT] [info] [vdevice.cpp:780] [configure] Configuring HEF on VDevice took 36.749392 milliseconds
[2026-04-15 16:39:42.837] [775928] [HailoRT] [info] [control.cpp:113] [control__parse_identify_results] firmware_version is: 4.23.0
[2026-04-15 16:39:42.837] [775928] [HailoRT] [info] [control.cpp:113] [control__parse_identify_results] firmware_version is: 4.23.0
[2026-04-15 16:39:42.838] [775928] [HailoRT] [info] [core_op.cpp:156] [activate] Activating yolov11n took 0.670126 milliseconds. Note that the function is asynchronous and thus the network is not fully activated yet.
[2026-04-15 16:39:42.838] [775928] [HailoRT] [info] [core_op.cpp:156] [activate] Activating yolov11n took 0.680403 milliseconds. Note that the function is asynchronous and thus the network is not fully activated yet.
[2026-04-15 16:39:42.851] [775928] [HailoRT] [info] [control.cpp:113] [control__parse_identify_results] firmware_version is: 4.23.0
[2026-04-15 16:39:42.851] [775928] [HailoRT] [info] [control.cpp:113] [control__parse_identify_results] firmware_version is: 4.23.0
[2026-04-15 16:39:44.062] [775920] [HailoRT] [info] [device.cpp:51] [Device] OS Version: Linux 6.12.62+rpt-rpi-2712 #1 SMP PREEMPT Debian 1:6.12.62-1+rpt1 (2025-12-18) aarch64
[2026-04-15 16:39:44.062] [775920] [HailoRT] [info] [control.cpp:113] [control__parse_identify_results] firmware_version is: 4.23.0
[2026-04-15 16:39:44.063] [775920] [HailoRT] [info] [control.cpp:113] [control__parse_identify_results] firmware_version is: 4.23.0
[2026-04-15 16:40:42.852] [775940] [HailoRT] [info] [vdevice_native_stream.cpp:331] [read_impl] Failed read from stream HAILO_STREAM_ABORT(63) (device: 0001:01:00.0)
[2026-04-15 16:40:42.852] [775942] [HailoRT] [info] [vdevice_native_stream.cpp:331] [read_impl] Failed read from stream HAILO_STREAM_ABORT(63) (device: 0001:01:00.0)
[2026-04-15 16:40:42.852] [775941] [HailoRT] [info] [vdevice_native_stream.cpp:331] [read_impl] Failed read from stream HAILO_STREAM_ABORT(63) (device: 0001:01:00.0)
[2026-04-15 16:40:42.852] [775938] [HailoRT] [info] [vdevice_native_stream.cpp:331] [read_impl] Failed read from stream HAILO_STREAM_ABORT(63) (device: 0001:01:00.0)
[2026-04-15 16:40:42.852] [775939] [HailoRT] [info] [vdevice_native_stream.cpp:331] [read_impl] Failed read from stream HAILO_STREAM_ABORT(63) (device: 0001:01:00.0)
[2026-04-15 16:40:42.852] [775937] [HailoRT] [info] [vdevice_native_stream.cpp:331] [read_impl] Failed read from stream HAILO_STREAM_ABORT(63) (device: 0001:01:00.0)
[2026-04-15 16:40:42.852] [775943] [HailoRT] [info] [vdevice_native_stream.cpp:142] [write_impl] Failed write to stream yolov11n/input_layer1 (device: 0001:01:00.0) with status=HAILO_STREAM_ABORT(63)
[2026-04-15 16:40:42.858] [775928] [HailoRT] [info] [core_op.cpp:186] [deactivate] Deactivating took 0.00863 ms
[2026-04-15 16:40:42.858] [775928] [HailoRT] [info] [core_op.cpp:186] [deactivate] Deactivating took 0.027296 ms
[2026-04-15 16:40:42.909] [775928] [HailoRT] [info] [vdevice.cpp:535] [create] Creating vdevice with params: device_count: 1, scheduling_algorithm: NONE, multi_process_service: false
[2026-04-15 16:40:42.919] [775928] [HailoRT] [info] [device.cpp:51] [Device] OS Version: Linux 6.12.62+rpt-rpi-2712 #1 SMP PREEMPT Debian 1:6.12.62-1+rpt1 (2025-12-18) aarch64
[2026-04-15 16:40:42.920] [775928] [HailoRT] [info] [control.cpp:113] [control__parse_identify_results] firmware_version is: 4.23.0
[2026-04-15 16:40:42.920] [775928] [HailoRT] [info] [vdevice.cpp:682] [create] VDevice Infos: 0001:01:00.0
[2026-04-15 16:40:42.927] [775928] [HailoRT] [info] [internal_buffer_manager.cpp:77] [print_execution_results] Planned internal buffer memory: CMA=0 CMA-Desc=327680 Pinned=1180160. memory to edge layer usage factor is 1
[2026-04-15 16:40:42.927] [775928] [HailoRT] [info] [internal_buffer_manager.cpp:86] [print_execution_results] Default Internal buffer planner executed successfully
[2026-04-15 16:40:42.960] [775928] [HailoRT] [info] [device_internal.cpp:57] [configure] Configuring HEF took 39.747582 milliseconds
[2026-04-15 16:40:42.961] [775928] [HailoRT] [info] [vdevice.cpp:780] [configure] Configuring HEF on VDevice took 40.753984 milliseconds
[2026-04-15 16:40:42.961] [775928] [HailoRT] [info] [control.cpp:113] [control__parse_identify_results] firmware_version is: 4.23.0
[2026-04-15 16:40:42.961] [775928] [HailoRT] [info] [control.cpp:113] [control__parse_identify_results] firmware_version is: 4.23.0
[2026-04-15 16:40:42.962] [775928] [HailoRT] [info] [core_op.cpp:156] [activate] Activating yolov11n took 0.767274 milliseconds. Note that the function is asynchronous and thus the network is not fully activated yet.
[2026-04-15 16:40:42.962] [775928] [HailoRT] [info] [core_op.cpp:156] [activate] Activating yolov11n took 0.776069 milliseconds. Note that the function is asynchronous and thus the network is not fully activated yet.
[2026-04-15 16:40:42.979] [775928] [HailoRT] [info] [control.cpp:113] [control__parse_identify_results] firmware_version is: 4.23.0
[2026-04-15 16:40:42.979] [775928] [HailoRT] [info] [control.cpp:113] [control__parse_identify_results] firmware_version is: 4.23.0
[2026-04-15 16:40:42.979] [775928] [HailoRT] [info] [edge_elements.cpp:52] [create] Created (HwWriteEl8yolov11n/input_layer1 | hw_frame_size: 1228800)
[2026-04-15 16:40:42.979] [775928] [HailoRT] [info] [queue_elements.cpp:284] [create] Created (PushQEl8yolov11n/input_layer1 | timeout: 10s)
[2026-04-15 16:40:42.979] [775928] [HailoRT] [info] [filter_elements.cpp:101] [create] Created (PreInferEl8yolov11n/input_layer1 | Reorder - src_order: NHWC, src_shape: (640, 640, 3), dst_order: NHCW, dst_shape: (640, 640, 3))
[2026-04-15 16:40:42.979] [775928] [HailoRT] [info] [vstream.cpp:754] [InputVStreamImpl] Creating yolov11n/input_layer1...
[2026-04-15 16:40:42.979] [775928] [HailoRT] [info] [vstream_builder.cpp:102] [create_inputs] Input pipeline 'yolov11n/input_layer1': (PreInferEl8yolov11n/input_layer1 | Reorder - src_order: NHWC, src_shape: (640, 640, 3), dst_order: NHCW, dst_shape: (640, 640, 3)) >> (PushQEl8yolov11n/input_layer1 | timeout: 10s) >> (HwWriteEl8yolov11n/input_layer1 | hw_frame_size: 1228800) >> HW
[2026-04-15 16:40:42.980] [775928] [HailoRT] [info] [multi_io_elements.cpp:135] [create] Created (NmsPPMuxEl0YOLOV8-Post-Process | Op YOLOV8, Name: YOLOV8-Post-Process, Score threshold: 0.200, IoU threshold: 0.70, Classes: 80, Max bboxes per class: 100, Image height: 640, Image width: 640)
[2026-04-15 16:40:42.980] [775928] [HailoRT] [info] [edge_elements.cpp:287] [create] Created (HwReadEl3yolov11n/conv51_143 | hw_frame_size: 409600)
[2026-04-15 16:40:42.980] [775928] [HailoRT] [info] [queue_elements.cpp:657] [create] Created (PullQEl_nms3yolov11n/conv51_143 | timeout: 10s)
[2026-04-15 16:40:42.980] [775928] [HailoRT] [info] [edge_elements.cpp:287] [create] Created (HwReadEl12yolov11n/conv54_143 | hw_frame_size: 512000)
[2026-04-15 16:40:42.980] [775928] [HailoRT] [info] [queue_elements.cpp:657] [create] Created (PullQEl_nms12yolov11n/conv54_143 | timeout: 10s)
[2026-04-15 16:40:42.980] [775928] [HailoRT] [info] [edge_elements.cpp:287] [create] Created (HwReadEl15yolov11n/conv62_143 | hw_frame_size: 102400)
[2026-04-15 16:40:42.980] [775928] [HailoRT] [info] [queue_elements.cpp:657] [create] Created (PullQEl_nms15yolov11n/conv62_143 | timeout: 10s)
[2026-04-15 16:40:42.980] [775928] [HailoRT] [info] [edge_elements.cpp:287] [create] Created (HwReadEl13yolov11n/conv65_143 | hw_frame_size: 128000)
[2026-04-15 16:40:42.980] [775928] [HailoRT] [info] [queue_elements.cpp:657] [create] Created (PullQEl_nms13yolov11n/conv65_143 | timeout: 10s)
[2026-04-15 16:40:42.980] [775928] [HailoRT] [info] [edge_elements.cpp:287] [create] Created (HwReadEl1yolov11n/conv77_143 | hw_frame_size: 30720)
[2026-04-15 16:40:42.980] [775928] [HailoRT] [info] [queue_elements.cpp:657] [create] Created (PullQEl_nms1yolov11n/conv77_143 | timeout: 10s)
[2026-04-15 16:40:42.980] [775928] [HailoRT] [info] [edge_elements.cpp:287] [create] Created (HwReadEl0yolov11n/conv80_143 | hw_frame_size: 38400)
[2026-04-15 16:40:42.980] [775928] [HailoRT] [info] [queue_elements.cpp:657] [create] Created (PullQEl_nms0yolov11n/conv80_143 | timeout: 10s)
[2026-04-15 16:40:42.980] [775928] [HailoRT] [info] [queue_elements.cpp:800] [create] Created (UserBufQEl_post_infer0yolov11n/yolov8_nms_postprocess | timeout: 10s)
[2026-04-15 16:40:42.980] [775928] [HailoRT] [info] [vstream.cpp:1114] [OutputVStreamImpl] Creating yolov11n/yolov8_nms_postprocess...
[2026-04-15 16:40:42.980] [775928] [HailoRT] [info] [vstream_builder.cpp:622] [create_output_post_process_nms] Output pipeline 'yolov11n/yolov8_nms_postprocess': HW >> (HwReadEl3yolov11n/conv51_143 | hw_frame_size: 409600) >> (PullQEl_nms3yolov11n/conv51_143) >> (HwReadEl12yolov11n/conv54_143 | hw_frame_size: 512000) >> (PullQEl_nms12yolov11n/conv54_143) >> (HwReadEl15yolov11n/conv62_143 | hw_frame_size: 102400) >> (PullQEl_nms15yolov11n/conv62_143) >> (HwReadEl13yolov11n/conv65_143 | hw_frame_size: 128000) >> (PullQEl_nms13yolov11n/conv65_143) >> (HwReadEl1yolov11n/conv77_143 | hw_frame_size: 30720) >> (PullQEl_nms1yolov11n/conv77_143) >> (HwReadEl0yolov11n/conv80_143 | hw_frame_size: 38400) >> (PullQEl_nms0yolov11n/conv80_143) >> (NmsPPMuxEl0YOLOV8-Post-Process | Op YOLOV8, Name: YOLOV8-Post-Process, Score threshold: 0.200, IoU threshold: 0.70, Classes: 80, Max bboxes per class: 100, Image height: 640, Image width: 640) >> (UserBufQEl_post_infer0yolov11n/yolov8_nms_postprocess | timeout: 10s)
[2026-04-15 16:41:42.981] [776552] [HailoRT] [info] [vdevice_native_stream.cpp:331] [read_impl] Failed read from stream HAILO_STREAM_ABORT(63) (device: 0001:01:00.0)
[2026-04-15 16:41:42.981] [776551] [HailoRT] [info] [vdevice_native_stream.cpp:331] [read_impl] Failed read from stream HAILO_STREAM_ABORT(63) (device: 0001:01:00.0)
[2026-04-15 16:41:42.981] [776551] [HailoRT] [info] [edge_elements.cpp:396] [run_pull] Reading from stream was aborted!
[2026-04-15 16:41:42.981] [776551] [HailoRT] [info] [queue_elements.cpp:738] [run_in_thread] run_pull of queue element PullQEl_nms3yolov11n/conv51_143 was aborted!
[2026-04-15 16:41:42.981] [776550] [HailoRT] [info] [vdevice_native_stream.cpp:142] [write_impl] Failed write to stream yolov11n/input_layer1 (device: 0001:01:00.0) with status=HAILO_STREAM_ABORT(63)
[2026-04-15 16:41:42.981] [776554] [HailoRT] [info] [vdevice_native_stream.cpp:331] [read_impl] Failed read from stream HAILO_STREAM_ABORT(63) (device: 0001:01:00.0)
[2026-04-15 16:41:42.981] [776554] [HailoRT] [info] [edge_elements.cpp:396] [run_pull] Reading from stream was aborted!
[2026-04-15 16:41:42.981] [776550] [HailoRT] [info] [edge_elements.cpp:87] [run_push] Failed to send on input stream InputStream(index=8, name=yolov11n/input_layer1) because stream was aborted
[2026-04-15 16:41:42.981] [776552] [HailoRT] [info] [edge_elements.cpp:396] [run_pull] Reading from stream was aborted!
[2026-04-15 16:41:42.981] [776553] [HailoRT] [info] [vdevice_native_stream.cpp:331] [read_impl] Failed read from stream HAILO_STREAM_ABORT(63) (device: 0001:01:00.0)
[2026-04-15 16:41:42.981] [776553] [HailoRT] [info] [edge_elements.cpp:396] [run_pull] Reading from stream was aborted!
[2026-04-15 16:41:42.981] [776552] [HailoRT] [info] [queue_elements.cpp:738] [run_in_thread] run_pull of queue element PullQEl_nms12yolov11n/conv54_143 was aborted!
[2026-04-15 16:41:42.981] [776555] [HailoRT] [info] [vdevice_native_stream.cpp:331] [read_impl] Failed read from stream HAILO_STREAM_ABORT(63) (device: 0001:01:00.0)
[2026-04-15 16:41:42.981] [776555] [HailoRT] [info] [edge_elements.cpp:396] [run_pull] Reading from stream was aborted!
[2026-04-15 16:41:42.981] [776550] [HailoRT] [info] [queue_elements.cpp:401] [run_in_thread] run_push of PushQEl8yolov11n/input_layer1 was aborted!
[2026-04-15 16:41:42.981] [776555] [HailoRT] [info] [queue_elements.cpp:738] [run_in_thread] run_pull of queue element PullQEl_nms1yolov11n/conv77_143 was aborted!
[2026-04-15 16:41:42.981] [776553] [HailoRT] [info] [queue_elements.cpp:738] [run_in_thread] run_pull of queue element PullQEl_nms15yolov11n/conv62_143 was aborted!
[2026-04-15 16:41:42.981] [776560] [HailoRT] [info] [queue_elements.cpp:706] [run_pull] Shutdown event was signaled in dequeue of queue element PullQEl_nms3yolov11n/conv51_143!
[2026-04-15 16:41:42.981] [776560] [HailoRT] [info] [vstream.cpp:1138] [read] Receiving to VStream was shutdown!
[2026-04-15 16:41:42.981] [776556] [HailoRT] [info] [vdevice_native_stream.cpp:331] [read_impl] Failed read from stream HAILO_STREAM_ABORT(63) (device: 0001:01:00.0)
[2026-04-15 16:41:42.981] [776556] [HailoRT] [info] [edge_elements.cpp:396] [run_pull] Reading from stream was aborted!
[2026-04-15 16:41:42.981] [776556] [HailoRT] [info] [queue_elements.cpp:738] [run_in_thread] run_pull of queue element PullQEl_nms0yolov11n/conv80_143 was aborted!
[2026-04-15 16:41:42.981] [776554] [HailoRT] [info] [queue_elements.cpp:738] [run_in_thread] run_pull of queue element PullQEl_nms13yolov11n/conv65_143 was aborted!
[2026-04-15 16:41:42.982] [776561] [HailoRT] [info] [queue_elements.cpp:319] [run_push] run_push of PushQEl8yolov11n/input_layer1 was aborted!
[2026-04-15 16:41:42.982] [776561] [HailoRT] [info] [filter_elements.cpp:35] [run_push] run_push of PreInferEl8yolov11n/input_layer1 was aborted!
[2026-04-15 16:41:42.982] [776561] [HailoRT] [info] [vstream.cpp:778] [write] Sending to VStream was aborted!
[2026-04-15 16:41:43.013] [775928] [HailoRT] [info] [queue_elements.cpp:360] [execute_deactivate] enqueue() in element PushQEl8yolov11n/input_layer1 was aborted, got status = HAILO_SHUTDOWN_EVENT_SIGNALED(57)
[2026-04-15 16:41:43.013] [776550] [HailoRT] [info] [queue_elements.cpp:68] [operator()] Thread in element PushQEl8yolov11n/input_layer1 is not running anymore, exiting..
[2026-04-15 16:41:43.013] [775928] [HailoRT] [info] [queue_elements.cpp:46] [~BaseQueueElement] Queue element PushQEl8yolov11n/input_layer1 has 1 frames in his Queue on destruction
[2026-04-15 16:41:43.013] [776557] [HailoRT] [info] [queue_elements.cpp:68] [operator()] Thread in element UserBufQEl_post_infer0yolov11n/yolov8_nms_postprocess is not running anymore, exiting..
[2026-04-15 16:41:43.013] [775928] [HailoRT] [info] [queue_elements.cpp:46] [~BaseQueueElement] Queue element UserBufQEl_post_infer0yolov11n/yolov8_nms_postprocess has 0 frames in his Queue on destruction
[2026-04-15 16:41:43.013] [776556] [HailoRT] [info] [queue_elements.cpp:68] [operator()] Thread in element PullQEl_nms0yolov11n/conv80_143 is not running anymore, exiting..
[2026-04-15 16:41:43.013] [775928] [HailoRT] [info] [queue_elements.cpp:46] [~BaseQueueElement] Queue element PullQEl_nms0yolov11n/conv80_143 has 0 frames in his Queue on destruction
[2026-04-15 16:41:43.013] [776555] [HailoRT] [info] [queue_elements.cpp:68] [operator()] Thread in element PullQEl_nms1yolov11n/conv77_143 is not running anymore, exiting..
[2026-04-15 16:41:43.013] [775928] [HailoRT] [info] [queue_elements.cpp:46] [~BaseQueueElement] Queue element PullQEl_nms1yolov11n/conv77_143 has 0 frames in his Queue on destruction
[2026-04-15 16:41:43.013] [776554] [HailoRT] [info] [queue_elements.cpp:68] [operator()] Thread in element PullQEl_nms13yolov11n/conv65_143 is not running anymore, exiting..
[2026-04-15 16:41:43.013] [775928] [HailoRT] [info] [queue_elements.cpp:46] [~BaseQueueElement] Queue element PullQEl_nms13yolov11n/conv65_143 has 0 frames in his Queue on destruction
[2026-04-15 16:41:43.013] [776553] [HailoRT] [info] [queue_elements.cpp:68] [operator()] Thread in element PullQEl_nms15yolov11n/conv62_143 is not running anymore, exiting..
[2026-04-15 16:41:43.013] [775928] [HailoRT] [info] [queue_elements.cpp:46] [~BaseQueueElement] Queue element PullQEl_nms15yolov11n/conv62_143 has 0 frames in his Queue on destruction
[2026-04-15 16:41:43.013] [776552] [HailoRT] [info] [queue_elements.cpp:68] [operator()] Thread in element PullQEl_nms12yolov11n/conv54_143 is not running anymore, exiting..
[2026-04-15 16:41:43.013] [775928] [HailoRT] [info] [queue_elements.cpp:46] [~BaseQueueElement] Queue element PullQEl_nms12yolov11n/conv54_143 has 0 frames in his Queue on destruction
[2026-04-15 16:41:43.013] [776551] [HailoRT] [info] [queue_elements.cpp:68] [operator()] Thread in element PullQEl_nms3yolov11n/conv51_143 is not running anymore, exiting..
[2026-04-15 16:41:43.013] [775928] [HailoRT] [info] [queue_elements.cpp:46] [~BaseQueueElement] Queue element PullQEl_nms3yolov11n/conv51_143 has 0 frames in his Queue on destruction
[2026-04-15 16:41:43.013] [775928] [HailoRT] [info] [core_op.cpp:186] [deactivate] Deactivating took 0.007074 ms
[2026-04-15 16:41:43.013] [775928] [HailoRT] [info] [core_op.cpp:186] [deactivate] Deactivating took 0.015222 ms
[2026-04-15 16:41:43.056] [775928] [HailoRT] [info] [vdevice.cpp:535] [create] Creating vdevice with params: device_count: 1, scheduling_algorithm: NONE, multi_process_service: false
[2026-04-15 16:41:43.067] [775928] [HailoRT] [info] [device.cpp:51] [Device] OS Version: Linux 6.12.62+rpt-rpi-2712 #1 SMP PREEMPT Debian 1:6.12.62-1+rpt1 (2025-12-18) aarch64
[2026-04-15 16:41:43.067] [775928] [HailoRT] [info] [control.cpp:113] [control__parse_identify_results] firmware_version is: 4.23.0
[2026-04-15 16:41:43.067] [775928] [HailoRT] [info] [vdevice.cpp:682] [create] VDevice Infos: 0001:01:00.0
[2026-04-15 16:41:43.073] [775928] [HailoRT] [info] [internal_buffer_manager.cpp:77] [print_execution_results] Planned internal buffer memory: CMA=0 CMA-Desc=327680 Pinned=1180160. memory to edge layer usage factor is 1
[2026-04-15 16:41:43.073] [775928] [HailoRT] [info] [internal_buffer_manager.cpp:86] [print_execution_results] Default Internal buffer planner executed successfully
[2026-04-15 16:41:43.099] [775928] [HailoRT] [info] [device_internal.cpp:57] [configure] Configuring HEF took 31.505819 milliseconds
[2026-04-15 16:41:43.099] [775928] [HailoRT] [info] [vdevice.cpp:780] [configure] Configuring HEF on VDevice took 31.831409 milliseconds
[2026-04-15 16:41:43.100] [775928] [HailoRT] [info] [control.cpp:113] [control__parse_identify_results] firmware_version is: 4.23.0
[2026-04-15 16:41:43.100] [775928] [HailoRT] [info] [control.cpp:113] [control__parse_identify_results] firmware_version is: 4.23.0
[2026-04-15 16:41:43.101] [775928] [HailoRT] [info] [core_op.cpp:156] [activate] Activating yolov11n took 0.669071 milliseconds. Note that the function is asynchronous and thus the network is not fully activated yet.
[2026-04-15 16:41:43.101] [775928] [HailoRT] [info] [core_op.cpp:156] [activate] Activating yolov11n took 0.677515 milliseconds. Note that the function is asynchronous and thus the network is not fully activated yet.
[2026-04-15 16:41:43.114] [775928] [HailoRT] [info] [control.cpp:113] [control__parse_identify_results] firmware_version is: 4.23.0
[2026-04-15 16:41:43.114] [775928] [HailoRT] [info] [control.cpp:113] [control__parse_identify_results] firmware_version is: 4.23.0
[2026-04-15 16:41:43.114] [775928] [HailoRT] [info] [edge_elements.cpp:52] [create] Created (HwWriteEl8yolov11n/input_layer1 | hw_frame_size: 1228800)
[2026-04-15 16:41:43.114] [775928] [HailoRT] [info] [queue_elements.cpp:284] [create] Created (PushQEl8yolov11n/input_layer1 | timeout: 10s)
[2026-04-15 16:41:43.114] [775928] [HailoRT] [info] [filter_elements.cpp:101] [create] Created (PreInferEl8yolov11n/input_layer1 | Reorder - src_order: NHWC, src_shape: (640, 640, 3), dst_order: NHCW, dst_shape: (640, 640, 3))
[2026-04-15 16:41:43.114] [775928] [HailoRT] [info] [vstream.cpp:754] [InputVStreamImpl] Creating yolov11n/input_layer1...
[2026-04-15 16:41:43.114] [775928] [HailoRT] [info] [vstream_builder.cpp:102] [create_inputs] Input pipeline 'yolov11n/input_layer1': (PreInferEl8yolov11n/input_layer1 | Reorder - src_order: NHWC, src_shape: (640, 640, 3), dst_order: NHCW, dst_shape: (640, 640, 3)) >> (PushQEl8yolov11n/input_layer1 | timeout: 10s) >> (HwWriteEl8yolov11n/input_layer1 | hw_frame_size: 1228800) >> HW
[2026-04-15 16:41:43.114] [775928] [HailoRT] [info] [multi_io_elements.cpp:135] [create] Created (NmsPPMuxEl0YOLOV8-Post-Process | Op YOLOV8, Name: YOLOV8-Post-Process, Score threshold: 0.200, IoU threshold: 0.70, Classes: 80, Max bboxes per class: 100, Image height: 640, Image width: 640)
[2026-04-15 16:41:43.114] [775928] [HailoRT] [info] [edge_elements.cpp:287] [create] Created (HwReadEl3yolov11n/conv51_143 | hw_frame_size: 409600)
[2026-04-15 16:41:43.114] [775928] [HailoRT] [info] [queue_elements.cpp:657] [create] Created (PullQEl_nms3yolov11n/conv51_143 | timeout: 10s)
[2026-04-15 16:41:43.114] [775928] [HailoRT] [info] [edge_elements.cpp:287] [create] Created (HwReadEl12yolov11n/conv54_143 | hw_frame_size: 512000)
[2026-04-15 16:41:43.114] [775928] [HailoRT] [info] [queue_elements.cpp:657] [create] Created (PullQEl_nms12yolov11n/conv54_143 | timeout: 10s)
[2026-04-15 16:41:43.114] [775928] [HailoRT] [info] [edge_elements.cpp:287] [create] Created (HwReadEl15yolov11n/conv62_143 | hw_frame_size: 102400)
[2026-04-15 16:41:43.114] [775928] [HailoRT] [info] [queue_elements.cpp:657] [create] Created (PullQEl_nms15yolov11n/conv62_143 | timeout: 10s)
[2026-04-15 16:41:43.115] [775928] [HailoRT] [info] [edge_elements.cpp:287] [create] Created (HwReadEl13yolov11n/conv65_143 | hw_frame_size: 128000)
[2026-04-15 16:41:43.115] [775928] [HailoRT] [info] [queue_elements.cpp:657] [create] Created (PullQEl_nms13yolov11n/conv65_143 | timeout: 10s)
[2026-04-15 16:41:43.115] [775928] [HailoRT] [info] [edge_elements.cpp:287] [create] Created (HwReadEl1yolov11n/conv77_143 | hw_frame_size: 30720)
[2026-04-15 16:41:43.115] [775928] [HailoRT] [info] [queue_elements.cpp:657] [create] Created (PullQEl_nms1yolov11n/conv77_143 | timeout: 10s)
[2026-04-15 16:41:43.115] [775928] [HailoRT] [info] [edge_elements.cpp:287] [create] Created (HwReadEl0yolov11n/conv80_143 | hw_frame_size: 38400)
[2026-04-15 16:41:43.115] [775928] [HailoRT] [info] [queue_elements.cpp:657] [create] Created (PullQEl_nms0yolov11n/conv80_143 | timeout: 10s)
[2026-04-15 16:41:43.115] [775928] [HailoRT] [info] [queue_elements.cpp:800] [create] Created (UserBufQEl_post_infer0yolov11n/yolov8_nms_postprocess | timeout: 10s)
[2026-04-15 16:41:43.115] [775928] [HailoRT] [info] [vstream.cpp:1114] [OutputVStreamImpl] Creating yolov11n/yolov8_nms_postprocess...
[2026-04-15 16:41:43.115] [775928] [HailoRT] [info] [vstream_builder.cpp:622] [create_output_post_process_nms] Output pipeline 'yolov11n/yolov8_nms_postprocess': HW >> (HwReadEl3yolov11n/conv51_143 | hw_frame_size: 409600) >> (PullQEl_nms3yolov11n/conv51_143) >> (HwReadEl12yolov11n/conv54_143 | hw_frame_size: 512000) >> (PullQEl_nms12yolov11n/conv54_143) >> (HwReadEl15yolov11n/conv62_143 | hw_frame_size: 102400) >> (PullQEl_nms15yolov11n/conv62_143) >> (HwReadEl13yolov11n/conv65_143 | hw_frame_size: 128000) >> (PullQEl_nms13yolov11n/conv65_143) >> (HwReadEl1yolov11n/conv77_143 | hw_frame_size: 30720) >> (PullQEl_nms1yolov11n/conv77_143) >> (HwReadEl0yolov11n/conv80_143 | hw_frame_size: 38400) >> (PullQEl_nms0yolov11n/conv80_143) >> (NmsPPMuxEl0YOLOV8-Post-Process | Op YOLOV8, Name: YOLOV8-Post-Process, Score threshold: 0.200, IoU threshold: 0.70, Classes: 80, Max bboxes per class: 100, Image height: 640, Image width: 640) >> (UserBufQEl_post_infer0yolov11n/yolov8_nms_postprocess | timeout: 10s)
[2026-04-15 16:46:26.259] [779935] [HailoRT] [info] [vdevice.cpp:535] [create] Creating vdevice with params: device_count: 1, scheduling_algorithm: NONE, multi_process_service: false
[2026-04-15 16:46:26.271] [779935] [HailoRT] [info] [device.cpp:51] [Device] OS Version: Linux 6.12.62+rpt-rpi-2712 #1 SMP PREEMPT Debian 1:6.12.62-1+rpt1 (2025-12-18) aarch64
[2026-04-15 16:46:26.272] [779935] [HailoRT] [info] [control.cpp:113] [control__parse_identify_results] firmware_version is: 4.23.0
[2026-04-15 16:46:26.272] [779935] [HailoRT] [info] [vdevice.cpp:682] [create] VDevice Infos: 0001:01:00.0
[2026-04-15 16:46:26.286] [779935] [HailoRT] [info] [internal_buffer_manager.cpp:77] [print_execution_results] Planned internal buffer memory: CMA=0 CMA-Desc=327680 Pinned=1180160. memory to edge layer usage factor is 1
[2026-04-15 16:46:26.286] [779935] [HailoRT] [info] [internal_buffer_manager.cpp:86] [print_execution_results] Default Internal buffer planner executed successfully
[2026-04-15 16:46:26.316] [779935] [HailoRT] [info] [device_internal.cpp:57] [configure] Configuring HEF took 43.537579 milliseconds
[2026-04-15 16:46:26.316] [779935] [HailoRT] [info] [vdevice.cpp:780] [configure] Configuring HEF on VDevice took 43.904669 milliseconds
[2026-04-15 16:46:26.316] [779935] [HailoRT] [info] [control.cpp:113] [control__parse_identify_results] firmware_version is: 4.23.0
[2026-04-15 16:46:26.316] [779935] [HailoRT] [info] [control.cpp:113] [control__parse_identify_results] firmware_version is: 4.23.0
[2026-04-15 16:46:26.317] [779935] [HailoRT] [info] [core_op.cpp:156] [activate] Activating yolov11n took 0.672404 milliseconds. Note that the function is asynchronous and thus the network is not fully activated yet.
[2026-04-15 16:46:26.317] [779935] [HailoRT] [info] [core_op.cpp:156] [activate] Activating yolov11n took 0.684589 milliseconds. Note that the function is asynchronous and thus the network is not fully activated yet.
[2026-04-15 16:46:26.330] [779935] [HailoRT] [info] [control.cpp:113] [control__parse_identify_results] firmware_version is: 4.23.0
[2026-04-15 16:46:26.330] [779935] [HailoRT] [info] [control.cpp:113] [control__parse_identify_results] firmware_version is: 4.23.0
[2026-04-15 16:46:27.495] [779927] [HailoRT] [info] [device.cpp:51] [Device] OS Version: Linux 6.12.62+rpt-rpi-2712 #1 SMP PREEMPT Debian 1:6.12.62-1+rpt1 (2025-12-18) aarch64
[2026-04-15 16:46:27.495] [779927] [HailoRT] [info] [control.cpp:113] [control__parse_identify_results] firmware_version is: 4.23.0
[2026-04-15 16:46:27.496] [779927] [HailoRT] [info] [control.cpp:113] [control__parse_identify_results] firmware_version is: 4.23.0
[2026-04-15 16:47:26.331] [779946] [HailoRT] [info] [vdevice_native_stream.cpp:331] [read_impl] Failed read from stream HAILO_STREAM_ABORT(63) (device: 0001:01:00.0)
[2026-04-15 16:47:26.331] [779950] [HailoRT] [info] [vdevice_native_stream.cpp:142] [write_impl] Failed write to stream yolov11n/input_layer1 (device: 0001:01:00.0) with status=HAILO_STREAM_ABORT(63)
[2026-04-15 16:47:26.331] [779949] [HailoRT] [info] [vdevice_native_stream.cpp:331] [read_impl] Failed read from stream HAILO_STREAM_ABORT(63) (device: 0001:01:00.0)
[2026-04-15 16:47:26.331] [779945] [HailoRT] [info] [vdevice_native_stream.cpp:331] [read_impl] Failed read from stream HAILO_STREAM_ABORT(63) (device: 0001:01:00.0)
[2026-04-15 16:47:26.331] [779944] [HailoRT] [info] [vdevice_native_stream.cpp:331] [read_impl] Failed read from stream HAILO_STREAM_ABORT(63) (device: 0001:01:00.0)
[2026-04-15 16:47:26.331] [779947] [HailoRT] [info] [vdevice_native_stream.cpp:331] [read_impl] Failed read from stream HAILO_STREAM_ABORT(63) (device: 0001:01:00.0)
[2026-04-15 16:47:26.331] [779948] [HailoRT] [info] [vdevice_native_stream.cpp:331] [read_impl] Failed read from stream HAILO_STREAM_ABORT(63) (device: 0001:01:00.0)
[2026-04-15 16:47:26.337] [779935] [HailoRT] [info] [core_op.cpp:186] [deactivate] Deactivating took 0.007555 ms
[2026-04-15 16:47:26.337] [779935] [HailoRT] [info] [core_op.cpp:186] [deactivate] Deactivating took 0.024741 ms
[2026-04-15 16:47:26.382] [779935] [HailoRT] [info] [vdevice.cpp:535] [create] Creating vdevice with params: device_count: 1, scheduling_algorithm: NONE, multi_process_service: false
[2026-04-15 16:47:26.383] [779935] [HailoRT] [info] [device.cpp:51] [Device] OS Version: Linux 6.12.62+rpt-rpi-2712 #1 SMP PREEMPT Debian 1:6.12.62-1+rpt1 (2025-12-18) aarch64
[2026-04-15 16:47:26.383] [779935] [HailoRT] [info] [control.cpp:113] [control__parse_identify_results] firmware_version is: 4.23.0
[2026-04-15 16:47:26.383] [779935] [HailoRT] [info] [vdevice.cpp:682] [create] VDevice Infos: 0001:01:00.0
[2026-04-15 16:47:26.392] [779935] [HailoRT] [info] [internal_buffer_manager.cpp:77] [print_execution_results] Planned internal buffer memory: CMA=0 CMA-Desc=327680 Pinned=1180160. memory to edge layer usage factor is 1
[2026-04-15 16:47:26.392] [779935] [HailoRT] [info] [internal_buffer_manager.cpp:86] [print_execution_results] Default Internal buffer planner executed successfully
[2026-04-15 16:47:26.428] [779935] [HailoRT] [info] [device_internal.cpp:57] [configure] Configuring HEF took 44.309003 milliseconds
[2026-04-15 16:47:26.428] [779935] [HailoRT] [info] [vdevice.cpp:780] [configure] Configuring HEF on VDevice took 44.759296 milliseconds
[2026-04-15 16:47:26.428] [779935] [HailoRT] [info] [control.cpp:113] [control__parse_identify_results] firmware_version is: 4.23.0
[2026-04-15 16:47:26.429] [779935] [HailoRT] [info] [control.cpp:113] [control__parse_identify_results] firmware_version is: 4.23.0
[2026-04-15 16:47:26.429] [779935] [HailoRT] [info] [core_op.cpp:156] [activate] Activating yolov11n took 0.861533 milliseconds. Note that the function is asynchronous and thus the network is not fully activated yet.
[2026-04-15 16:47:26.429] [779935] [HailoRT] [info] [core_op.cpp:156] [activate] Activating yolov11n took 0.874514 milliseconds. Note that the function is asynchronous and thus the network is not fully activated yet.
[2026-04-15 16:47:26.446] [779935] [HailoRT] [info] [control.cpp:113] [control__parse_identify_results] firmware_version is: 4.23.0
[2026-04-15 16:47:26.446] [779935] [HailoRT] [info] [control.cpp:113] [control__parse_identify_results] firmware_version is: 4.23.0
[2026-04-15 16:47:26.446] [779935] [HailoRT] [info] [edge_elements.cpp:52] [create] Created (HwWriteEl8yolov11n/input_layer1 | hw_frame_size: 1228800)
[2026-04-15 16:47:26.447] [779935] [HailoRT] [info] [queue_elements.cpp:284] [create] Created (PushQEl8yolov11n/input_layer1 | timeout: 10s)
[2026-04-15 16:47:26.447] [779935] [HailoRT] [info] [filter_elements.cpp:101] [create] Created (PreInferEl8yolov11n/input_layer1 | Reorder - src_order: NHWC, src_shape: (640, 640, 3), dst_order: NHCW, dst_shape: (640, 640, 3))
[2026-04-15 16:47:26.447] [779935] [HailoRT] [info] [vstream.cpp:754] [InputVStreamImpl] Creating yolov11n/input_layer1...
[2026-04-15 16:47:26.447] [779935] [HailoRT] [info] [vstream_builder.cpp:102] [create_inputs] Input pipeline 'yolov11n/input_layer1': (PreInferEl8yolov11n/input_layer1 | Reorder - src_order: NHWC, src_shape: (640, 640, 3), dst_order: NHCW, dst_shape: (640, 640, 3)) >> (PushQEl8yolov11n/input_layer1 | timeout: 10s) >> (HwWriteEl8yolov11n/input_layer1 | hw_frame_size: 1228800) >> HW
[2026-04-15 16:47:26.447] [779935] [HailoRT] [info] [multi_io_elements.cpp:135] [create] Created (NmsPPMuxEl0YOLOV8-Post-Process | Op YOLOV8, Name: YOLOV8-Post-Process, Score threshold: 0.200, IoU threshold: 0.70, Classes: 80, Max bboxes per class: 100, Image height: 640, Image width: 640)
[2026-04-15 16:47:26.447] [779935] [HailoRT] [info] [edge_elements.cpp:287] [create] Created (HwReadEl3yolov11n/conv51_143 | hw_frame_size: 409600)
[2026-04-15 16:47:26.447] [779935] [HailoRT] [info] [queue_elements.cpp:657] [create] Created (PullQEl_nms3yolov11n/conv51_143 | timeout: 10s)
[2026-04-15 16:47:26.447] [779935] [HailoRT] [info] [edge_elements.cpp:287] [create] Created (HwReadEl12yolov11n/conv54_143 | hw_frame_size: 512000)
[2026-04-15 16:47:26.447] [779935] [HailoRT] [info] [queue_elements.cpp:657] [create] Created (PullQEl_nms12yolov11n/conv54_143 | timeout: 10s)
[2026-04-15 16:47:26.447] [779935] [HailoRT] [info] [edge_elements.cpp:287] [create] Created (HwReadEl15yolov11n/conv62_143 | hw_frame_size: 102400)
[2026-04-15 16:47:26.447] [779935] [HailoRT] [info] [queue_elements.cpp:657] [create] Created (PullQEl_nms15yolov11n/conv62_143 | timeout: 10s)
[2026-04-15 16:47:26.447] [779935] [HailoRT] [info] [edge_elements.cpp:287] [create] Created (HwReadEl13yolov11n/conv65_143 | hw_frame_size: 128000)
[2026-04-15 16:47:26.447] [779935] [HailoRT] [info] [queue_elements.cpp:657] [create] Created (PullQEl_nms13yolov11n/conv65_143 | timeout: 10s)
[2026-04-15 16:47:26.447] [779935] [HailoRT] [info] [edge_elements.cpp:287] [create] Created (HwReadEl1yolov11n/conv77_143 | hw_frame_size: 30720)
[2026-04-15 16:47:26.447] [779935] [HailoRT] [info] [queue_elements.cpp:657] [create] Created (PullQEl_nms1yolov11n/conv77_143 | timeout: 10s)
[2026-04-15 16:47:26.447] [779935] [HailoRT] [info] [edge_elements.cpp:287] [create] Created (HwReadEl0yolov11n/conv80_143 | hw_frame_size: 38400)
[2026-04-15 16:47:26.447] [779935] [HailoRT] [info] [queue_elements.cpp:657] [create] Created (PullQEl_nms0yolov11n/conv80_143 | timeout: 10s)
[2026-04-15 16:47:26.448] [779935] [HailoRT] [info] [queue_elements.cpp:800] [create] Created (UserBufQEl_post_infer0yolov11n/yolov8_nms_postprocess | timeout: 10s)
[2026-04-15 16:47:26.448] [779935] [HailoRT] [info] [vstream.cpp:1114] [OutputVStreamImpl] Creating yolov11n/yolov8_nms_postprocess...
[2026-04-15 16:47:26.448] [779935] [HailoRT] [info] [vstream_builder.cpp:622] [create_output_post_process_nms] Output pipeline 'yolov11n/yolov8_nms_postprocess': HW >> (HwReadEl3yolov11n/conv51_143 | hw_frame_size: 409600) >> (PullQEl_nms3yolov11n/conv51_143) >> (HwReadEl12yolov11n/conv54_143 | hw_frame_size: 512000) >> (PullQEl_nms12yolov11n/conv54_143) >> (HwReadEl15yolov11n/conv62_143 | hw_frame_size: 102400) >> (PullQEl_nms15yolov11n/conv62_143) >> (HwReadEl13yolov11n/conv65_143 | hw_frame_size: 128000) >> (PullQEl_nms13yolov11n/conv65_143) >> (HwReadEl1yolov11n/conv77_143 | hw_frame_size: 30720) >> (PullQEl_nms1yolov11n/conv77_143) >> (HwReadEl0yolov11n/conv80_143 | hw_frame_size: 38400) >> (PullQEl_nms0yolov11n/conv80_143) >> (NmsPPMuxEl0YOLOV8-Post-Process | Op YOLOV8, Name: YOLOV8-Post-Process, Score threshold: 0.200, IoU threshold: 0.70, Classes: 80, Max bboxes per class: 100, Image height: 640, Image width: 640) >> (UserBufQEl_post_infer0yolov11n/yolov8_nms_postprocess | timeout: 10s)
[2026-04-15 16:48:26.449] [780350] [HailoRT] [info] [vdevice_native_stream.cpp:331] [read_impl] Failed read from stream HAILO_STREAM_ABORT(63) (device: 0001:01:00.0)
[2026-04-15 16:48:26.449] [780348] [HailoRT] [info] [vdevice_native_stream.cpp:142] [write_impl] Failed write to stream yolov11n/input_layer1 (device: 0001:01:00.0) with status=HAILO_STREAM_ABORT(63)
[2026-04-15 16:48:26.449] [780352] [HailoRT] [info] [vdevice_native_stream.cpp:331] [read_impl] Failed read from stream HAILO_STREAM_ABORT(63) (device: 0001:01:00.0)
[2026-04-15 16:48:26.449] [780352] [HailoRT] [info] [edge_elements.cpp:396] [run_pull] Reading from stream was aborted!
[2026-04-15 16:48:26.449] [780348] [HailoRT] [info] [edge_elements.cpp:87] [run_push] Failed to send on input stream InputStream(index=8, name=yolov11n/input_layer1) because stream was aborted
[2026-04-15 16:48:26.449] [780352] [HailoRT] [info] [queue_elements.cpp:738] [run_in_thread] run_pull of queue element PullQEl_nms13yolov11n/conv65_143 was aborted!
[2026-04-15 16:48:26.449] [780348] [HailoRT] [info] [queue_elements.cpp:401] [run_in_thread] run_push of PushQEl8yolov11n/input_layer1 was aborted!
[2026-04-15 16:48:26.449] [780349] [HailoRT] [info] [vdevice_native_stream.cpp:331] [read_impl] Failed read from stream HAILO_STREAM_ABORT(63) (device: 0001:01:00.0)
[2026-04-15 16:48:26.449] [780349] [HailoRT] [info] [edge_elements.cpp:396] [run_pull] Reading from stream was aborted!
[2026-04-15 16:48:26.449] [780353] [HailoRT] [info] [vdevice_native_stream.cpp:331] [read_impl] Failed read from stream HAILO_STREAM_ABORT(63) (device: 0001:01:00.0)
[2026-04-15 16:48:26.449] [780349] [HailoRT] [info] [queue_elements.cpp:738] [run_in_thread] run_pull of queue element PullQEl_nms3yolov11n/conv51_143 was aborted!
[2026-04-15 16:48:26.449] [780353] [HailoRT] [info] [edge_elements.cpp:396] [run_pull] Reading from stream was aborted!
[2026-04-15 16:48:26.449] [780354] [HailoRT] [info] [vdevice_native_stream.cpp:331] [read_impl] Failed read from stream HAILO_STREAM_ABORT(63) (device: 0001:01:00.0)
[2026-04-15 16:48:26.449] [780354] [HailoRT] [info] [edge_elements.cpp:396] [run_pull] Reading from stream was aborted!
[2026-04-15 16:48:26.449] [780351] [HailoRT] [info] [vdevice_native_stream.cpp:331] [read_impl] Failed read from stream HAILO_STREAM_ABORT(63) (device: 0001:01:00.0)
[2026-04-15 16:48:26.449] [780359] [HailoRT] [info] [vstream.cpp:774] [write] Sending to VStream was shutdown!
[2026-04-15 16:48:26.449] [780353] [HailoRT] [info] [queue_elements.cpp:738] [run_in_thread] run_pull of queue element PullQEl_nms1yolov11n/conv77_143 was aborted!
[2026-04-15 16:48:26.449] [780354] [HailoRT] [info] [queue_elements.cpp:738] [run_in_thread] run_pull of queue element PullQEl_nms0yolov11n/conv80_143 was aborted!
[2026-04-15 16:48:26.449] [780351] [HailoRT] [info] [edge_elements.cpp:396] [run_pull] Reading from stream was aborted!
[2026-04-15 16:48:26.449] [780350] [HailoRT] [info] [edge_elements.cpp:396] [run_pull] Reading from stream was aborted!
[2026-04-15 16:48:26.449] [780359] [HailoRT] [info] [vstream.cpp:778] [write] Sending to VStream was aborted!
[2026-04-15 16:48:26.449] [780351] [HailoRT] [info] [queue_elements.cpp:738] [run_in_thread] run_pull of queue element PullQEl_nms15yolov11n/conv62_143 was aborted!
[2026-04-15 16:48:26.449] [780350] [HailoRT] [info] [queue_elements.cpp:738] [run_in_thread] run_pull of queue element PullQEl_nms12yolov11n/conv54_143 was aborted!
[2026-04-15 16:48:26.449] [780358] [HailoRT] [info] [queue_elements.cpp:706] [run_pull] Shutdown event was signaled in dequeue of queue element PullQEl_nms3yolov11n/conv51_143!
[2026-04-15 16:48:26.449] [780358] [HailoRT] [info] [vstream.cpp:1138] [read] Receiving to VStream was shutdown!
[2026-04-15 16:48:26.455] [779935] [HailoRT] [info] [queue_elements.cpp:360] [execute_deactivate] enqueue() in element PushQEl8yolov11n/input_layer1 was aborted, got status = HAILO_SHUTDOWN_EVENT_SIGNALED(57)
[2026-04-15 16:48:26.455] [780348] [HailoRT] [info] [queue_elements.cpp:68] [operator()] Thread in element PushQEl8yolov11n/input_layer1 is not running anymore, exiting..
[2026-04-15 16:48:26.455] [779935] [HailoRT] [info] [queue_elements.cpp:46] [~BaseQueueElement] Queue element PushQEl8yolov11n/input_layer1 has 1 frames in his Queue on destruction
[2026-04-15 16:48:26.455] [780355] [HailoRT] [info] [queue_elements.cpp:68] [operator()] Thread in element UserBufQEl_post_infer0yolov11n/yolov8_nms_postprocess is not running anymore, exiting..
[2026-04-15 16:48:26.455] [779935] [HailoRT] [info] [queue_elements.cpp:46] [~BaseQueueElement] Queue element UserBufQEl_post_infer0yolov11n/yolov8_nms_postprocess has 0 frames in his Queue on destruction
[2026-04-15 16:48:26.455] [780354] [HailoRT] [info] [queue_elements.cpp:68] [operator()] Thread in element PullQEl_nms0yolov11n/conv80_143 is not running anymore, exiting..
[2026-04-15 16:48:26.455] [779935] [HailoRT] [info] [queue_elements.cpp:46] [~BaseQueueElement] Queue element PullQEl_nms0yolov11n/conv80_143 has 0 frames in his Queue on destruction
[2026-04-15 16:48:26.455] [780353] [HailoRT] [info] [queue_elements.cpp:68] [operator()] Thread in element PullQEl_nms1yolov11n/conv77_143 is not running anymore, exiting..
[2026-04-15 16:48:26.455] [779935] [HailoRT] [info] [queue_elements.cpp:46] [~BaseQueueElement] Queue element PullQEl_nms1yolov11n/conv77_143 has 0 frames in his Queue on destruction
[2026-04-15 16:48:26.455] [780352] [HailoRT] [info] [queue_elements.cpp:68] [operator()] Thread in element PullQEl_nms13yolov11n/conv65_143 is not running anymore, exiting..
[2026-04-15 16:48:26.455] [779935] [HailoRT] [info] [queue_elements.cpp:46] [~BaseQueueElement] Queue element PullQEl_nms13yolov11n/conv65_143 has 0 frames in his Queue on destruction
[2026-04-15 16:48:26.455] [780351] [HailoRT] [info] [queue_elements.cpp:68] [operator()] Thread in element PullQEl_nms15yolov11n/conv62_143 is not running anymore, exiting..
[2026-04-15 16:48:26.455] [779935] [HailoRT] [info] [queue_elements.cpp:46] [~BaseQueueElement] Queue element PullQEl_nms15yolov11n/conv62_143 has 0 frames in his Queue on destruction
[2026-04-15 16:48:26.455] [780350] [HailoRT] [info] [queue_elements.cpp:68] [operator()] Thread in element PullQEl_nms12yolov11n/conv54_143 is not running anymore, exiting..
[2026-04-15 16:48:26.455] [779935] [HailoRT] [info] [queue_elements.cpp:46] [~BaseQueueElement] Queue element PullQEl_nms12yolov11n/conv54_143 has 0 frames in his Queue on destruction
[2026-04-15 16:48:26.455] [780349] [HailoRT] [info] [queue_elements.cpp:68] [operator()] Thread in element PullQEl_nms3yolov11n/conv51_143 is not running anymore, exiting..
[2026-04-15 16:48:26.455] [779935] [HailoRT] [info] [queue_elements.cpp:46] [~BaseQueueElement] Queue element PullQEl_nms3yolov11n/conv51_143 has 0 frames in his Queue on destruction
[2026-04-15 16:48:26.456] [779935] [HailoRT] [info] [core_op.cpp:186] [deactivate] Deactivating took 0.007055 ms
[2026-04-15 16:48:26.456] [779935] [HailoRT] [info] [core_op.cpp:186] [deactivate] Deactivating took 0.016 ms
[2026-04-15 16:48:26.490] [779935] [HailoRT] [info] [vdevice.cpp:535] [create] Creating vdevice with params: device_count: 1, scheduling_algorithm: NONE, multi_process_service: false
[2026-04-15 16:48:26.490] [779935] [HailoRT] [info] [device.cpp:51] [Device] OS Version: Linux 6.12.62+rpt-rpi-2712 #1 SMP PREEMPT Debian 1:6.12.62-1+rpt1 (2025-12-18) aarch64
[2026-04-15 16:48:26.490] [779935] [HailoRT] [info] [control.cpp:113] [control__parse_identify_results] firmware_version is: 4.23.0
[2026-04-15 16:48:26.490] [779935] [HailoRT] [info] [vdevice.cpp:682] [create] VDevice Infos: 0001:01:00.0
[2026-04-15 16:48:26.498] [779935] [HailoRT] [info] [internal_buffer_manager.cpp:77] [print_execution_results] Planned internal buffer memory: CMA=0 CMA-Desc=327680 Pinned=1180160. memory to edge layer usage factor is 1
[2026-04-15 16:48:26.498] [779935] [HailoRT] [info] [internal_buffer_manager.cpp:86] [print_execution_results] Default Internal buffer planner executed successfully
[2026-04-15 16:48:26.533] [779935] [HailoRT] [info] [device_internal.cpp:57] [configure] Configuring HEF took 42.644847 milliseconds
[2026-04-15 16:48:26.534] [779935] [HailoRT] [info] [vdevice.cpp:780] [configure] Configuring HEF on VDevice took 43.311251 milliseconds
[2026-04-15 16:48:26.534] [779935] [HailoRT] [info] [control.cpp:113] [control__parse_identify_results] firmware_version is: 4.23.0
[2026-04-15 16:48:26.534] [779935] [HailoRT] [info] [control.cpp:113] [control__parse_identify_results] firmware_version is: 4.23.0
[2026-04-15 16:48:26.535] [779935] [HailoRT] [info] [core_op.cpp:156] [activate] Activating yolov11n took 0.808885 milliseconds. Note that the function is asynchronous and thus the network is not fully activated yet.
[2026-04-15 16:48:26.535] [779935] [HailoRT] [info] [core_op.cpp:156] [activate] Activating yolov11n took 0.824737 milliseconds. Note that the function is asynchronous and thus the network is not fully activated yet.
[2026-04-15 16:48:26.549] [779935] [HailoRT] [info] [control.cpp:113] [control__parse_identify_results] firmware_version is: 4.23.0
[2026-04-15 16:48:26.549] [779935] [HailoRT] [info] [control.cpp:113] [control__parse_identify_results] firmware_version is: 4.23.0
[2026-04-15 16:48:26.549] [779935] [HailoRT] [info] [edge_elements.cpp:52] [create] Created (HwWriteEl8yolov11n/input_layer1 | hw_frame_size: 1228800)
[2026-04-15 16:48:26.549] [779935] [HailoRT] [info] [queue_elements.cpp:284] [create] Created (PushQEl8yolov11n/input_layer1 | timeout: 10s)
[2026-04-15 16:48:26.549] [779935] [HailoRT] [info] [filter_elements.cpp:101] [create] Created (PreInferEl8yolov11n/input_layer1 | Reorder - src_order: NHWC, src_shape: (640, 640, 3), dst_order: NHCW, dst_shape: (640, 640, 3))
[2026-04-15 16:48:26.549] [779935] [HailoRT] [info] [vstream.cpp:754] [InputVStreamImpl] Creating yolov11n/input_layer1...
[2026-04-15 16:48:26.549] [779935] [HailoRT] [info] [vstream_builder.cpp:102] [create_inputs] Input pipeline 'yolov11n/input_layer1': (PreInferEl8yolov11n/input_layer1 | Reorder - src_order: NHWC, src_shape: (640, 640, 3), dst_order: NHCW, dst_shape: (640, 640, 3)) >> (PushQEl8yolov11n/input_layer1 | timeout: 10s) >> (HwWriteEl8yolov11n/input_layer1 | hw_frame_size: 1228800) >> HW
[2026-04-15 16:48:26.549] [779935] [HailoRT] [info] [multi_io_elements.cpp:135] [create] Created (NmsPPMuxEl0YOLOV8-Post-Process | Op YOLOV8, Name: YOLOV8-Post-Process, Score threshold: 0.200, IoU threshold: 0.70, Classes: 80, Max bboxes per class: 100, Image height: 640, Image width: 640)
[2026-04-15 16:48:26.549] [779935] [HailoRT] [info] [edge_elements.cpp:287] [create] Created (HwReadEl3yolov11n/conv51_143 | hw_frame_size: 409600)
[2026-04-15 16:48:26.550] [779935] [HailoRT] [info] [queue_elements.cpp:657] [create] Created (PullQEl_nms3yolov11n/conv51_143 | timeout: 10s)
[2026-04-15 16:48:26.550] [779935] [HailoRT] [info] [edge_elements.cpp:287] [create] Created (HwReadEl12yolov11n/conv54_143 | hw_frame_size: 512000)
[2026-04-15 16:48:26.550] [779935] [HailoRT] [info] [queue_elements.cpp:657] [create] Created (PullQEl_nms12yolov11n/conv54_143 | timeout: 10s)
[2026-04-15 16:48:26.550] [779935] [HailoRT] [info] [edge_elements.cpp:287] [create] Created (HwReadEl15yolov11n/conv62_143 | hw_frame_size: 102400)
[2026-04-15 16:48:26.550] [779935] [HailoRT] [info] [queue_elements.cpp:657] [create] Created (PullQEl_nms15yolov11n/conv62_143 | timeout: 10s)
[2026-04-15 16:48:26.550] [779935] [HailoRT] [info] [edge_elements.cpp:287] [create] Created (HwReadEl13yolov11n/conv65_143 | hw_frame_size: 128000)
[2026-04-15 16:48:26.550] [779935] [HailoRT] [info] [queue_elements.cpp:657] [create] Created (PullQEl_nms13yolov11n/conv65_143 | timeout: 10s)
[2026-04-15 16:48:26.550] [779935] [HailoRT] [info] [edge_elements.cpp:287] [create] Created (HwReadEl1yolov11n/conv77_143 | hw_frame_size: 30720)
[2026-04-15 16:48:26.550] [779935] [HailoRT] [info] [queue_elements.cpp:657] [create] Created (PullQEl_nms1yolov11n/conv77_143 | timeout: 10s)
[2026-04-15 16:48:26.550] [779935] [HailoRT] [info] [edge_elements.cpp:287] [create] Created (HwReadEl0yolov11n/conv80_143 | hw_frame_size: 38400)
[2026-04-15 16:48:26.550] [779935] [HailoRT] [info] [queue_elements.cpp:657] [create] Created (PullQEl_nms0yolov11n/conv80_143 | timeout: 10s)
[2026-04-15 16:48:26.550] [779935] [HailoRT] [info] [queue_elements.cpp:800] [create] Created (UserBufQEl_post_infer0yolov11n/yolov8_nms_postprocess | timeout: 10s)
[2026-04-15 16:48:26.550] [779935] [HailoRT] [info] [vstream.cpp:1114] [OutputVStreamImpl] Creating yolov11n/yolov8_nms_postprocess...
[2026-04-15 16:48:26.550] [779935] [HailoRT] [info] [vstream_builder.cpp:622] [create_output_post_process_nms] Output pipeline 'yolov11n/yolov8_nms_postprocess': HW >> (HwReadEl3yolov11n/conv51_143 | hw_frame_size: 409600) >> (PullQEl_nms3yolov11n/conv51_143) >> (HwReadEl12yolov11n/conv54_143 | hw_frame_size: 512000) >> (PullQEl_nms12yolov11n/conv54_143) >> (HwReadEl15yolov11n/conv62_143 | hw_frame_size: 102400) >> (PullQEl_nms15yolov11n/conv62_143) >> (HwReadEl13yolov11n/conv65_143 | hw_frame_size: 128000) >> (PullQEl_nms13yolov11n/conv65_143) >> (HwReadEl1yolov11n/conv77_143 | hw_frame_size: 30720) >> (PullQEl_nms1yolov11n/conv77_143) >> (HwReadEl0yolov11n/conv80_143 | hw_frame_size: 38400) >> (PullQEl_nms0yolov11n/conv80_143) >> (NmsPPMuxEl0YOLOV8-Post-Process | Op YOLOV8, Name: YOLOV8-Post-Process, Score threshold: 0.200, IoU threshold: 0.70, Classes: 80, Max bboxes per class: 100, Image height: 640, Image width: 640) >> (UserBufQEl_post_infer0yolov11n/yolov8_nms_postprocess | timeout: 10s)
[2026-04-15 16:49:26.551] [780725] [HailoRT] [info] [vdevice_native_stream.cpp:331] [read_impl] Failed read from stream HAILO_STREAM_ABORT(63) (device: 0001:01:00.0)
[2026-04-15 16:49:26.551] [780724] [HailoRT] [info] [vdevice_native_stream.cpp:331] [read_impl] Failed read from stream HAILO_STREAM_ABORT(63) (device: 0001:01:00.0)
[2026-04-15 16:49:26.551] [780724] [HailoRT] [info] [edge_elements.cpp:396] [run_pull] Reading from stream was aborted!
[2026-04-15 16:49:26.551] [780725] [HailoRT] [info] [edge_elements.cpp:396] [run_pull] Reading from stream was aborted!
[2026-04-15 16:49:26.551] [780725] [HailoRT] [info] [queue_elements.cpp:738] [run_in_thread] run_pull of queue element PullQEl_nms12yolov11n/conv54_143 was aborted!
[2026-04-15 16:49:26.551] [780724] [HailoRT] [info] [queue_elements.cpp:738] [run_in_thread] run_pull of queue element PullQEl_nms3yolov11n/conv51_143 was aborted!
[2026-04-15 16:49:26.551] [780726] [HailoRT] [info] [vdevice_native_stream.cpp:331] [read_impl] Failed read from stream HAILO_STREAM_ABORT(63) (device: 0001:01:00.0)
[2026-04-15 16:49:26.551] [780733] [HailoRT] [info] [queue_elements.cpp:706] [run_pull] Shutdown event was signaled in dequeue of queue element PullQEl_nms3yolov11n/conv51_143!
[2026-04-15 16:49:26.551] [780726] [HailoRT] [info] [edge_elements.cpp:396] [run_pull] Reading from stream was aborted!
[2026-04-15 16:49:26.551] [780733] [HailoRT] [info] [vstream.cpp:1138] [read] Receiving to VStream was shutdown!
[2026-04-15 16:49:26.551] [780727] [HailoRT] [info] [vdevice_native_stream.cpp:331] [read_impl] Failed read from stream HAILO_STREAM_ABORT(63) (device: 0001:01:00.0)
[2026-04-15 16:49:26.551] [780727] [HailoRT] [info] [edge_elements.cpp:396] [run_pull] Reading from stream was aborted!
[2026-04-15 16:49:26.551] [780726] [HailoRT] [info] [queue_elements.cpp:738] [run_in_thread] run_pull of queue element PullQEl_nms15yolov11n/conv62_143 was aborted!
[2026-04-15 16:49:26.551] [780727] [HailoRT] [info] [queue_elements.cpp:738] [run_in_thread] run_pull of queue element PullQEl_nms13yolov11n/conv65_143 was aborted!
[2026-04-15 16:49:26.551] [780729] [HailoRT] [info] [vdevice_native_stream.cpp:331] [read_impl] Failed read from stream HAILO_STREAM_ABORT(63) (device: 0001:01:00.0)
[2026-04-15 16:49:26.551] [780729] [HailoRT] [info] [edge_elements.cpp:396] [run_pull] Reading from stream was aborted!
[2026-04-15 16:49:26.551] [780729] [HailoRT] [info] [queue_elements.cpp:738] [run_in_thread] run_pull of queue element PullQEl_nms0yolov11n/conv80_143 was aborted!
[2026-04-15 16:49:26.551] [780728] [HailoRT] [info] [vdevice_native_stream.cpp:331] [read_impl] Failed read from stream HAILO_STREAM_ABORT(63) (device: 0001:01:00.0)
[2026-04-15 16:49:26.551] [780728] [HailoRT] [info] [edge_elements.cpp:396] [run_pull] Reading from stream was aborted!
[2026-04-15 16:49:26.551] [780728] [HailoRT] [info] [queue_elements.cpp:738] [run_in_thread] run_pull of queue element PullQEl_nms1yolov11n/conv77_143 was aborted!
[2026-04-15 16:49:26.554] [780723] [HailoRT] [info] [vdevice_native_stream.cpp:142] [write_impl] Failed write to stream yolov11n/input_layer1 (device: 0001:01:00.0) with status=HAILO_STREAM_ABORT(63)
[2026-04-15 16:49:26.554] [780723] [HailoRT] [info] [edge_elements.cpp:87] [run_push] Failed to send on input stream InputStream(index=8, name=yolov11n/input_layer1) because stream was aborted
[2026-04-15 16:49:26.554] [780723] [HailoRT] [info] [queue_elements.cpp:401] [run_in_thread] run_push of PushQEl8yolov11n/input_layer1 was aborted!
[2026-04-15 16:49:26.554] [780734] [HailoRT] [info] [vstream.cpp:774] [write] Sending to VStream was shutdown!
[2026-04-15 16:49:26.554] [780734] [HailoRT] [info] [vstream.cpp:778] [write] Sending to VStream was aborted!
[2026-04-15 16:49:26.557] [779935] [HailoRT] [info] [queue_elements.cpp:360] [execute_deactivate] enqueue() in element PushQEl8yolov11n/input_layer1 was aborted, got status = HAILO_SHUTDOWN_EVENT_SIGNALED(57)
[2026-04-15 16:49:26.557] [780723] [HailoRT] [info] [queue_elements.cpp:68] [operator()] Thread in element PushQEl8yolov11n/input_layer1 is not running anymore, exiting..
[2026-04-15 16:49:26.557] [779935] [HailoRT] [info] [queue_elements.cpp:46] [~BaseQueueElement] Queue element PushQEl8yolov11n/input_layer1 has 1 frames in his Queue on destruction
[2026-04-15 16:49:26.557] [780730] [HailoRT] [info] [queue_elements.cpp:68] [operator()] Thread in element UserBufQEl_post_infer0yolov11n/yolov8_nms_postprocess is not running anymore, exiting..
[2026-04-15 16:49:26.557] [779935] [HailoRT] [info] [queue_elements.cpp:46] [~BaseQueueElement] Queue element UserBufQEl_post_infer0yolov11n/yolov8_nms_postprocess has 0 frames in his Queue on destruction
[2026-04-15 16:49:26.557] [780729] [HailoRT] [info] [queue_elements.cpp:68] [operator()] Thread in element PullQEl_nms0yolov11n/conv80_143 is not running anymore, exiting..
[2026-04-15 16:49:26.557] [779935] [HailoRT] [info] [queue_elements.cpp:46] [~BaseQueueElement] Queue element PullQEl_nms0yolov11n/conv80_143 has 0 frames in his Queue on destruction
[2026-04-15 16:49:26.557] [780728] [HailoRT] [info] [queue_elements.cpp:68] [operator()] Thread in element PullQEl_nms1yolov11n/conv77_143 is not running anymore, exiting..
[2026-04-15 16:49:26.557] [779935] [HailoRT] [info] [queue_elements.cpp:46] [~BaseQueueElement] Queue element PullQEl_nms1yolov11n/conv77_143 has 0 frames in his Queue on destruction
[2026-04-15 16:49:26.557] [780727] [HailoRT] [info] [queue_elements.cpp:68] [operator()] Thread in element PullQEl_nms13yolov11n/conv65_143 is not running anymore, exiting..
[2026-04-15 16:49:26.557] [779935] [HailoRT] [info] [queue_elements.cpp:46] [~BaseQueueElement] Queue element PullQEl_nms13yolov11n/conv65_143 has 0 frames in his Queue on destruction
[2026-04-15 16:49:26.557] [780726] [HailoRT] [info] [queue_elements.cpp:68] [operator()] Thread in element PullQEl_nms15yolov11n/conv62_143 is not running anymore, exiting..
[2026-04-15 16:49:26.557] [779935] [HailoRT] [info] [queue_elements.cpp:46] [~BaseQueueElement] Queue element PullQEl_nms15yolov11n/conv62_143 has 0 frames in his Queue on destruction
[2026-04-15 16:49:26.557] [780725] [HailoRT] [info] [queue_elements.cpp:68] [operator()] Thread in element PullQEl_nms12yolov11n/conv54_143 is not running anymore, exiting..
[2026-04-15 16:49:26.557] [779935] [HailoRT] [info] [queue_elements.cpp:46] [~BaseQueueElement] Queue element PullQEl_nms12yolov11n/conv54_143 has 0 frames in his Queue on destruction
[2026-04-15 16:49:26.557] [780724] [HailoRT] [info] [queue_elements.cpp:68] [operator()] Thread in element PullQEl_nms3yolov11n/conv51_143 is not running anymore, exiting..
[2026-04-15 16:49:26.557] [779935] [HailoRT] [info] [queue_elements.cpp:46] [~BaseQueueElement] Queue element PullQEl_nms3yolov11n/conv51_143 has 0 frames in his Queue on destruction
[2026-04-15 16:49:26.558] [779935] [HailoRT] [info] [core_op.cpp:186] [deactivate] Deactivating took 0.007833 ms
[2026-04-15 16:49:26.558] [779935] [HailoRT] [info] [core_op.cpp:186] [deactivate] Deactivating took 0.018055 ms
[2026-04-15 17:13:04.636] [781589] [HailoRT] [info] [vdevice.cpp:535] [create] Creating vdevice with params: device_count: 1, scheduling_algorithm: NONE, multi_process_service: false
[2026-04-15 17:13:04.647] [781589] [HailoRT] [info] [device.cpp:51] [Device] OS Version: Linux 6.12.62+rpt-rpi-2712 #1 SMP PREEMPT Debian 1:6.12.62-1+rpt1 (2025-12-18) aarch64
[2026-04-15 17:13:04.648] [781589] [HailoRT] [info] [control.cpp:113] [control__parse_identify_results] firmware_version is: 4.23.0
[2026-04-15 17:13:04.648] [781589] [HailoRT] [info] [vdevice.cpp:682] [create] VDevice Infos: 0001:01:00.0
[2026-04-15 17:13:04.656] [781589] [HailoRT] [info] [internal_buffer_manager.cpp:77] [print_execution_results] Planned internal buffer memory: CMA=0 CMA-Desc=327680 Pinned=1180160. memory to edge layer usage factor is 1
[2026-04-15 17:13:04.656] [781589] [HailoRT] [info] [internal_buffer_manager.cpp:86] [print_execution_results] Default Internal buffer planner executed successfully
[2026-04-15 17:13:04.688] [781589] [HailoRT] [info] [device_internal.cpp:57] [configure] Configuring HEF took 40.033935 milliseconds
[2026-04-15 17:13:04.688] [781589] [HailoRT] [info] [vdevice.cpp:780] [configure] Configuring HEF on VDevice took 40.393027 milliseconds
[2026-04-15 17:13:04.688] [781589] [HailoRT] [info] [control.cpp:113] [control__parse_identify_results] firmware_version is: 4.23.0
[2026-04-15 17:13:04.689] [781589] [HailoRT] [info] [control.cpp:113] [control__parse_identify_results] firmware_version is: 4.23.0
[2026-04-15 17:13:04.689] [781589] [HailoRT] [info] [core_op.cpp:156] [activate] Activating yolov11n took 0.648202 milliseconds. Note that the function is asynchronous and thus the network is not fully activated yet.
[2026-04-15 17:13:04.689] [781589] [HailoRT] [info] [core_op.cpp:156] [activate] Activating yolov11n took 0.659498 milliseconds. Note that the function is asynchronous and thus the network is not fully activated yet.
[2026-04-15 17:13:04.703] [781589] [HailoRT] [info] [control.cpp:113] [control__parse_identify_results] firmware_version is: 4.23.0
[2026-04-15 17:13:04.703] [781589] [HailoRT] [info] [control.cpp:113] [control__parse_identify_results] firmware_version is: 4.23.0
[2026-04-15 17:13:05.954] [781581] [HailoRT] [info] [device.cpp:51] [Device] OS Version: Linux 6.12.62+rpt-rpi-2712 #1 SMP PREEMPT Debian 1:6.12.62-1+rpt1 (2025-12-18) aarch64
[2026-04-15 17:13:05.954] [781581] [HailoRT] [info] [control.cpp:113] [control__parse_identify_results] firmware_version is: 4.23.0
[2026-04-15 17:13:05.954] [781581] [HailoRT] [info] [control.cpp:113] [control__parse_identify_results] firmware_version is: 4.23.0
[2026-04-15 17:14:04.704] [781601] [HailoRT] [info] [vdevice_native_stream.cpp:331] [read_impl] Failed read from stream HAILO_STREAM_ABORT(63) (device: 0001:01:00.0)
[2026-04-15 17:14:04.704] [781603] [HailoRT] [info] [vdevice_native_stream.cpp:331] [read_impl] Failed read from stream HAILO_STREAM_ABORT(63) (device: 0001:01:00.0)
[2026-04-15 17:14:04.704] [781600] [HailoRT] [info] [vdevice_native_stream.cpp:331] [read_impl] Failed read from stream HAILO_STREAM_ABORT(63) (device: 0001:01:00.0)
[2026-04-15 17:14:04.704] [781604] [HailoRT] [info] [vdevice_native_stream.cpp:142] [write_impl] Failed write to stream yolov11n/input_layer1 (device: 0001:01:00.0) with status=HAILO_STREAM_ABORT(63)
[2026-04-15 17:14:04.704] [781599] [HailoRT] [info] [vdevice_native_stream.cpp:331] [read_impl] Failed read from stream HAILO_STREAM_ABORT(63) (device: 0001:01:00.0)
[2026-04-15 17:14:04.704] [781602] [HailoRT] [info] [vdevice_native_stream.cpp:331] [read_impl] Failed read from stream HAILO_STREAM_ABORT(63) (device: 0001:01:00.0)
[2026-04-15 17:14:04.704] [781598] [HailoRT] [info] [vdevice_native_stream.cpp:331] [read_impl] Failed read from stream HAILO_STREAM_ABORT(63) (device: 0001:01:00.0)
[2026-04-15 17:14:04.736] [781589] [HailoRT] [info] [core_op.cpp:186] [deactivate] Deactivating took 0.009185 ms
[2026-04-15 17:14:04.736] [781589] [HailoRT] [info] [core_op.cpp:186] [deactivate] Deactivating took 0.034519 ms
[2026-04-15 17:14:04.767] [781589] [HailoRT] [info] [vdevice.cpp:535] [create] Creating vdevice with params: device_count: 1, scheduling_algorithm: NONE, multi_process_service: false
[2026-04-15 17:14:04.768] [781589] [HailoRT] [info] [device.cpp:51] [Device] OS Version: Linux 6.12.62+rpt-rpi-2712 #1 SMP PREEMPT Debian 1:6.12.62-1+rpt1 (2025-12-18) aarch64
[2026-04-15 17:14:04.769] [781589] [HailoRT] [info] [control.cpp:113] [control__parse_identify_results] firmware_version is: 4.23.0
[2026-04-15 17:14:04.769] [781589] [HailoRT] [info] [vdevice.cpp:682] [create] VDevice Infos: 0001:01:00.0
[2026-04-15 17:14:04.775] [781589] [HailoRT] [info] [internal_buffer_manager.cpp:77] [print_execution_results] Planned internal buffer memory: CMA=0 CMA-Desc=327680 Pinned=1180160. memory to edge layer usage factor is 1
[2026-04-15 17:14:04.775] [781589] [HailoRT] [info] [internal_buffer_manager.cpp:86] [print_execution_results] Default Internal buffer planner executed successfully
[2026-04-15 17:14:04.818] [781589] [HailoRT] [info] [device_internal.cpp:57] [configure] Configuring HEF took 49.340959 milliseconds
[2026-04-15 17:14:04.819] [781589] [HailoRT] [info] [vdevice.cpp:780] [configure] Configuring HEF on VDevice took 49.81494 milliseconds
[2026-04-15 17:14:04.819] [781589] [HailoRT] [info] [control.cpp:113] [control__parse_identify_results] firmware_version is: 4.23.0
[2026-04-15 17:14:04.819] [781589] [HailoRT] [info] [control.cpp:113] [control__parse_identify_results] firmware_version is: 4.23.0
[2026-04-15 17:14:04.820] [781589] [HailoRT] [info] [core_op.cpp:156] [activate] Activating yolov11n took 0.905349 milliseconds. Note that the function is asynchronous and thus the network is not fully activated yet.
[2026-04-15 17:14:04.820] [781589] [HailoRT] [info] [core_op.cpp:156] [activate] Activating yolov11n took 0.923701 milliseconds. Note that the function is asynchronous and thus the network is not fully activated yet.
[2026-04-15 17:14:04.840] [781589] [HailoRT] [info] [control.cpp:113] [control__parse_identify_results] firmware_version is: 4.23.0
[2026-04-15 17:14:04.841] [781589] [HailoRT] [info] [control.cpp:113] [control__parse_identify_results] firmware_version is: 4.23.0
[2026-04-15 17:14:04.841] [781589] [HailoRT] [info] [edge_elements.cpp:52] [create] Created (HwWriteEl8yolov11n/input_layer1 | hw_frame_size: 1228800)
[2026-04-15 17:14:04.841] [781589] [HailoRT] [info] [queue_elements.cpp:284] [create] Created (PushQEl8yolov11n/input_layer1 | timeout: 10s)
[2026-04-15 17:14:04.841] [781589] [HailoRT] [info] [filter_elements.cpp:101] [create] Created (PreInferEl8yolov11n/input_layer1 | Reorder - src_order: NHWC, src_shape: (640, 640, 3), dst_order: NHCW, dst_shape: (640, 640, 3))
[2026-04-15 17:14:04.841] [781589] [HailoRT] [info] [vstream.cpp:754] [InputVStreamImpl] Creating yolov11n/input_layer1...
[2026-04-15 17:14:04.841] [781589] [HailoRT] [info] [vstream_builder.cpp:102] [create_inputs] Input pipeline 'yolov11n/input_layer1': (PreInferEl8yolov11n/input_layer1 | Reorder - src_order: NHWC, src_shape: (640, 640, 3), dst_order: NHCW, dst_shape: (640, 640, 3)) >> (PushQEl8yolov11n/input_layer1 | timeout: 10s) >> (HwWriteEl8yolov11n/input_layer1 | hw_frame_size: 1228800) >> HW
[2026-04-15 17:14:04.841] [781589] [HailoRT] [info] [multi_io_elements.cpp:135] [create] Created (NmsPPMuxEl0YOLOV8-Post-Process | Op YOLOV8, Name: YOLOV8-Post-Process, Score threshold: 0.200, IoU threshold: 0.70, Classes: 80, Max bboxes per class: 100, Image height: 640, Image width: 640)
[2026-04-15 17:14:04.842] [781589] [HailoRT] [info] [edge_elements.cpp:287] [create] Created (HwReadEl3yolov11n/conv51_143 | hw_frame_size: 409600)
[2026-04-15 17:14:04.843] [781589] [HailoRT] [info] [queue_elements.cpp:657] [create] Created (PullQEl_nms3yolov11n/conv51_143 | timeout: 10s)
[2026-04-15 17:14:04.843] [781589] [HailoRT] [info] [edge_elements.cpp:287] [create] Created (HwReadEl12yolov11n/conv54_143 | hw_frame_size: 512000)
[2026-04-15 17:14:04.843] [781589] [HailoRT] [info] [queue_elements.cpp:657] [create] Created (PullQEl_nms12yolov11n/conv54_143 | timeout: 10s)
[2026-04-15 17:14:04.843] [781589] [HailoRT] [info] [edge_elements.cpp:287] [create] Created (HwReadEl15yolov11n/conv62_143 | hw_frame_size: 102400)
[2026-04-15 17:14:04.843] [781589] [HailoRT] [info] [queue_elements.cpp:657] [create] Created (PullQEl_nms15yolov11n/conv62_143 | timeout: 10s)
[2026-04-15 17:14:04.843] [781589] [HailoRT] [info] [edge_elements.cpp:287] [create] Created (HwReadEl13yolov11n/conv65_143 | hw_frame_size: 128000)
[2026-04-15 17:14:04.843] [781589] [HailoRT] [info] [queue_elements.cpp:657] [create] Created (PullQEl_nms13yolov11n/conv65_143 | timeout: 10s)
[2026-04-15 17:14:04.843] [781589] [HailoRT] [info] [edge_elements.cpp:287] [create] Created (HwReadEl1yolov11n/conv77_143 | hw_frame_size: 30720)
[2026-04-15 17:14:04.843] [781589] [HailoRT] [info] [queue_elements.cpp:657] [create] Created (PullQEl_nms1yolov11n/conv77_143 | timeout: 10s)
[2026-04-15 17:14:04.843] [781589] [HailoRT] [info] [edge_elements.cpp:287] [create] Created (HwReadEl0yolov11n/conv80_143 | hw_frame_size: 38400)
[2026-04-15 17:14:04.843] [781589] [HailoRT] [info] [queue_elements.cpp:657] [create] Created (PullQEl_nms0yolov11n/conv80_143 | timeout: 10s)
[2026-04-15 17:14:04.843] [781589] [HailoRT] [info] [queue_elements.cpp:800] [create] Created (UserBufQEl_post_infer0yolov11n/yolov8_nms_postprocess | timeout: 10s)
[2026-04-15 17:14:04.843] [781589] [HailoRT] [info] [vstream.cpp:1114] [OutputVStreamImpl] Creating yolov11n/yolov8_nms_postprocess...
[2026-04-15 17:14:04.843] [781589] [HailoRT] [info] [vstream_builder.cpp:622] [create_output_post_process_nms] Output pipeline 'yolov11n/yolov8_nms_postprocess': HW >> (HwReadEl3yolov11n/conv51_143 | hw_frame_size: 409600) >> (PullQEl_nms3yolov11n/conv51_143) >> (HwReadEl12yolov11n/conv54_143 | hw_frame_size: 512000) >> (PullQEl_nms12yolov11n/conv54_143) >> (HwReadEl15yolov11n/conv62_143 | hw_frame_size: 102400) >> (PullQEl_nms15yolov11n/conv62_143) >> (HwReadEl13yolov11n/conv65_143 | hw_frame_size: 128000) >> (PullQEl_nms13yolov11n/conv65_143) >> (HwReadEl1yolov11n/conv77_143 | hw_frame_size: 30720) >> (PullQEl_nms1yolov11n/conv77_143) >> (HwReadEl0yolov11n/conv80_143 | hw_frame_size: 38400) >> (PullQEl_nms0yolov11n/conv80_143) >> (NmsPPMuxEl0YOLOV8-Post-Process | Op YOLOV8, Name: YOLOV8-Post-Process, Score threshold: 0.200, IoU threshold: 0.70, Classes: 80, Max bboxes per class: 100, Image height: 640, Image width: 640) >> (UserBufQEl_post_infer0yolov11n/yolov8_nms_postprocess | timeout: 10s)
[2026-04-15 17:15:04.844] [782035] [HailoRT] [info] [vdevice_native_stream.cpp:331] [read_impl] Failed read from stream HAILO_STREAM_ABORT(63) (device: 0001:01:00.0)
[2026-04-15 17:15:04.844] [782040] [HailoRT] [info] [vdevice_native_stream.cpp:331] [read_impl] Failed read from stream HAILO_STREAM_ABORT(63) (device: 0001:01:00.0)
[2026-04-15 17:15:04.844] [782040] [HailoRT] [info] [edge_elements.cpp:396] [run_pull] Reading from stream was aborted!
[2026-04-15 17:15:04.844] [782034] [HailoRT] [info] [vdevice_native_stream.cpp:142] [write_impl] Failed write to stream yolov11n/input_layer1 (device: 0001:01:00.0) with status=HAILO_STREAM_ABORT(63)
[2026-04-15 17:15:04.844] [782035] [HailoRT] [info] [edge_elements.cpp:396] [run_pull] Reading from stream was aborted!
[2026-04-15 17:15:04.844] [782040] [HailoRT] [info] [queue_elements.cpp:738] [run_in_thread] run_pull of queue element PullQEl_nms0yolov11n/conv80_143 was aborted!
[2026-04-15 17:15:04.844] [782035] [HailoRT] [info] [queue_elements.cpp:738] [run_in_thread] run_pull of queue element PullQEl_nms3yolov11n/conv51_143 was aborted!
[2026-04-15 17:15:04.844] [782034] [HailoRT] [info] [edge_elements.cpp:87] [run_push] Failed to send on input stream InputStream(index=8, name=yolov11n/input_layer1) because stream was aborted
[2026-04-15 17:15:04.844] [782037] [HailoRT] [info] [vdevice_native_stream.cpp:331] [read_impl] Failed read from stream HAILO_STREAM_ABORT(63) (device: 0001:01:00.0)
[2026-04-15 17:15:04.844] [782037] [HailoRT] [info] [edge_elements.cpp:396] [run_pull] Reading from stream was aborted!
[2026-04-15 17:15:04.844] [782034] [HailoRT] [info] [queue_elements.cpp:401] [run_in_thread] run_push of PushQEl8yolov11n/input_layer1 was aborted!
[2026-04-15 17:15:04.844] [782037] [HailoRT] [info] [queue_elements.cpp:738] [run_in_thread] run_pull of queue element PullQEl_nms15yolov11n/conv62_143 was aborted!
[2026-04-15 17:15:04.844] [782039] [HailoRT] [info] [vdevice_native_stream.cpp:331] [read_impl] Failed read from stream HAILO_STREAM_ABORT(63) (device: 0001:01:00.0)
[2026-04-15 17:15:04.844] [782039] [HailoRT] [info] [edge_elements.cpp:396] [run_pull] Reading from stream was aborted!
[2026-04-15 17:15:04.844] [782039] [HailoRT] [info] [queue_elements.cpp:738] [run_in_thread] run_pull of queue element PullQEl_nms1yolov11n/conv77_143 was aborted!
[2026-04-15 17:15:04.844] [782036] [HailoRT] [info] [vdevice_native_stream.cpp:331] [read_impl] Failed read from stream HAILO_STREAM_ABORT(63) (device: 0001:01:00.0)
[2026-04-15 17:15:04.844] [782036] [HailoRT] [info] [edge_elements.cpp:396] [run_pull] Reading from stream was aborted!
[2026-04-15 17:15:04.844] [782036] [HailoRT] [info] [queue_elements.cpp:738] [run_in_thread] run_pull of queue element PullQEl_nms12yolov11n/conv54_143 was aborted!
[2026-04-15 17:15:04.844] [782045] [HailoRT] [info] [vstream.cpp:774] [write] Sending to VStream was shutdown!
[2026-04-15 17:15:04.844] [782045] [HailoRT] [info] [vstream.cpp:778] [write] Sending to VStream was aborted!
[2026-04-15 17:15:04.845] [782044] [HailoRT] [info] [queue_elements.cpp:706] [run_pull] Shutdown event was signaled in dequeue of queue element PullQEl_nms3yolov11n/conv51_143!
[2026-04-15 17:15:04.845] [782044] [HailoRT] [info] [vstream.cpp:1138] [read] Receiving to VStream was shutdown!
[2026-04-15 17:15:04.844] [782038] [HailoRT] [info] [vdevice_native_stream.cpp:331] [read_impl] Failed read from stream HAILO_STREAM_ABORT(63) (device: 0001:01:00.0)
[2026-04-15 17:15:04.845] [782038] [HailoRT] [info] [edge_elements.cpp:396] [run_pull] Reading from stream was aborted!
[2026-04-15 17:15:04.845] [782038] [HailoRT] [info] [queue_elements.cpp:738] [run_in_thread] run_pull of queue element PullQEl_nms13yolov11n/conv65_143 was aborted!
[2026-04-15 17:15:04.849] [781589] [HailoRT] [info] [queue_elements.cpp:360] [execute_deactivate] enqueue() in element PushQEl8yolov11n/input_layer1 was aborted, got status = HAILO_SHUTDOWN_EVENT_SIGNALED(57)
[2026-04-15 17:15:04.849] [782034] [HailoRT] [info] [queue_elements.cpp:68] [operator()] Thread in element PushQEl8yolov11n/input_layer1 is not running anymore, exiting..
[2026-04-15 17:15:04.849] [781589] [HailoRT] [info] [queue_elements.cpp:46] [~BaseQueueElement] Queue element PushQEl8yolov11n/input_layer1 has 1 frames in his Queue on destruction
[2026-04-15 17:15:04.850] [782041] [HailoRT] [info] [queue_elements.cpp:68] [operator()] Thread in element UserBufQEl_post_infer0yolov11n/yolov8_nms_postprocess is not running anymore, exiting..
[2026-04-15 17:15:04.850] [781589] [HailoRT] [info] [queue_elements.cpp:46] [~BaseQueueElement] Queue element UserBufQEl_post_infer0yolov11n/yolov8_nms_postprocess has 0 frames in his Queue on destruction
[2026-04-15 17:15:04.850] [782040] [HailoRT] [info] [queue_elements.cpp:68] [operator()] Thread in element PullQEl_nms0yolov11n/conv80_143 is not running anymore, exiting..
[2026-04-15 17:15:04.850] [781589] [HailoRT] [info] [queue_elements.cpp:46] [~BaseQueueElement] Queue element PullQEl_nms0yolov11n/conv80_143 has 0 frames in his Queue on destruction
[2026-04-15 17:15:04.850] [782039] [HailoRT] [info] [queue_elements.cpp:68] [operator()] Thread in element PullQEl_nms1yolov11n/conv77_143 is not running anymore, exiting..
[2026-04-15 17:15:04.850] [781589] [HailoRT] [info] [queue_elements.cpp:46] [~BaseQueueElement] Queue element PullQEl_nms1yolov11n/conv77_143 has 0 frames in his Queue on destruction
[2026-04-15 17:15:04.850] [782038] [HailoRT] [info] [queue_elements.cpp:68] [operator()] Thread in element PullQEl_nms13yolov11n/conv65_143 is not running anymore, exiting..
[2026-04-15 17:15:04.850] [781589] [HailoRT] [info] [queue_elements.cpp:46] [~BaseQueueElement] Queue element PullQEl_nms13yolov11n/conv65_143 has 0 frames in his Queue on destruction
[2026-04-15 17:15:04.850] [782037] [HailoRT] [info] [queue_elements.cpp:68] [operator()] Thread in element PullQEl_nms15yolov11n/conv62_143 is not running anymore, exiting..
[2026-04-15 17:15:04.850] [781589] [HailoRT] [info] [queue_elements.cpp:46] [~BaseQueueElement] Queue element PullQEl_nms15yolov11n/conv62_143 has 0 frames in his Queue on destruction
[2026-04-15 17:15:04.850] [782036] [HailoRT] [info] [queue_elements.cpp:68] [operator()] Thread in element PullQEl_nms12yolov11n/conv54_143 is not running anymore, exiting..
[2026-04-15 17:15:04.850] [781589] [HailoRT] [info] [queue_elements.cpp:46] [~BaseQueueElement] Queue element PullQEl_nms12yolov11n/conv54_143 has 0 frames in his Queue on destruction
[2026-04-15 17:15:04.850] [782035] [HailoRT] [info] [queue_elements.cpp:68] [operator()] Thread in element PullQEl_nms3yolov11n/conv51_143 is not running anymore, exiting..
[2026-04-15 17:15:04.850] [781589] [HailoRT] [info] [queue_elements.cpp:46] [~BaseQueueElement] Queue element PullQEl_nms3yolov11n/conv51_143 has 0 frames in his Queue on destruction
[2026-04-15 17:15:04.850] [781589] [HailoRT] [info] [core_op.cpp:186] [deactivate] Deactivating took 0.007592 ms
[2026-04-15 17:15:04.850] [781589] [HailoRT] [info] [core_op.cpp:186] [deactivate] Deactivating took 0.016777 ms
[2026-04-15 17:15:04.885] [781589] [HailoRT] [info] [vdevice.cpp:535] [create] Creating vdevice with params: device_count: 1, scheduling_algorithm: NONE, multi_process_service: false
[2026-04-15 17:15:04.885] [781589] [HailoRT] [info] [device.cpp:51] [Device] OS Version: Linux 6.12.62+rpt-rpi-2712 #1 SMP PREEMPT Debian 1:6.12.62-1+rpt1 (2025-12-18) aarch64
[2026-04-15 17:15:04.886] [781589] [HailoRT] [info] [control.cpp:113] [control__parse_identify_results] firmware_version is: 4.23.0
[2026-04-15 17:15:04.886] [781589] [HailoRT] [info] [vdevice.cpp:682] [create] VDevice Infos: 0001:01:00.0
[2026-04-15 17:15:04.892] [781589] [HailoRT] [info] [internal_buffer_manager.cpp:77] [print_execution_results] Planned internal buffer memory: CMA=0 CMA-Desc=327680 Pinned=1180160. memory to edge layer usage factor is 1
[2026-04-15 17:15:04.892] [781589] [HailoRT] [info] [internal_buffer_manager.cpp:86] [print_execution_results] Default Internal buffer planner executed successfully
[2026-04-15 17:15:04.926] [781589] [HailoRT] [info] [device_internal.cpp:57] [configure] Configuring HEF took 39.792765 milliseconds
[2026-04-15 17:15:04.926] [781589] [HailoRT] [info] [vdevice.cpp:780] [configure] Configuring HEF on VDevice took 40.273948 milliseconds
[2026-04-15 17:15:04.926] [781589] [HailoRT] [info] [control.cpp:113] [control__parse_identify_results] firmware_version is: 4.23.0
[2026-04-15 17:15:04.927] [781589] [HailoRT] [info] [control.cpp:113] [control__parse_identify_results] firmware_version is: 4.23.0
[2026-04-15 17:15:04.928] [781589] [HailoRT] [info] [core_op.cpp:156] [activate] Activating yolov11n took 0.73709 milliseconds. Note that the function is asynchronous and thus the network is not fully activated yet.
[2026-04-15 17:15:04.928] [781589] [HailoRT] [info] [core_op.cpp:156] [activate] Activating yolov11n took 0.752905 milliseconds. Note that the function is asynchronous and thus the network is not fully activated yet.
[2026-04-15 17:15:04.941] [781589] [HailoRT] [info] [control.cpp:113] [control__parse_identify_results] firmware_version is: 4.23.0
[2026-04-15 17:15:04.942] [781589] [HailoRT] [info] [control.cpp:113] [control__parse_identify_results] firmware_version is: 4.23.0
[2026-04-15 17:15:04.942] [781589] [HailoRT] [info] [edge_elements.cpp:52] [create] Created (HwWriteEl8yolov11n/input_layer1 | hw_frame_size: 1228800)
[2026-04-15 17:15:04.942] [781589] [HailoRT] [info] [queue_elements.cpp:284] [create] Created (PushQEl8yolov11n/input_layer1 | timeout: 10s)
[2026-04-15 17:15:04.942] [781589] [HailoRT] [info] [filter_elements.cpp:101] [create] Created (PreInferEl8yolov11n/input_layer1 | Reorder - src_order: NHWC, src_shape: (640, 640, 3), dst_order: NHCW, dst_shape: (640, 640, 3))
[2026-04-15 17:15:04.942] [781589] [HailoRT] [info] [vstream.cpp:754] [InputVStreamImpl] Creating yolov11n/input_layer1...
[2026-04-15 17:15:04.942] [781589] [HailoRT] [info] [vstream_builder.cpp:102] [create_inputs] Input pipeline 'yolov11n/input_layer1': (PreInferEl8yolov11n/input_layer1 | Reorder - src_order: NHWC, src_shape: (640, 640, 3), dst_order: NHCW, dst_shape: (640, 640, 3)) >> (PushQEl8yolov11n/input_layer1 | timeout: 10s) >> (HwWriteEl8yolov11n/input_layer1 | hw_frame_size: 1228800) >> HW
[2026-04-15 17:15:04.942] [781589] [HailoRT] [info] [multi_io_elements.cpp:135] [create] Created (NmsPPMuxEl0YOLOV8-Post-Process | Op YOLOV8, Name: YOLOV8-Post-Process, Score threshold: 0.200, IoU threshold: 0.70, Classes: 80, Max bboxes per class: 100, Image height: 640, Image width: 640)
[2026-04-15 17:15:04.942] [781589] [HailoRT] [info] [edge_elements.cpp:287] [create] Created (HwReadEl3yolov11n/conv51_143 | hw_frame_size: 409600)
[2026-04-15 17:15:04.942] [781589] [HailoRT] [info] [queue_elements.cpp:657] [create] Created (PullQEl_nms3yolov11n/conv51_143 | timeout: 10s)
[2026-04-15 17:15:04.942] [781589] [HailoRT] [info] [edge_elements.cpp:287] [create] Created (HwReadEl12yolov11n/conv54_143 | hw_frame_size: 512000)
[2026-04-15 17:15:04.942] [781589] [HailoRT] [info] [queue_elements.cpp:657] [create] Created (PullQEl_nms12yolov11n/conv54_143 | timeout: 10s)
[2026-04-15 17:15:04.942] [781589] [HailoRT] [info] [edge_elements.cpp:287] [create] Created (HwReadEl15yolov11n/conv62_143 | hw_frame_size: 102400)
[2026-04-15 17:15:04.942] [781589] [HailoRT] [info] [queue_elements.cpp:657] [create] Created (PullQEl_nms15yolov11n/conv62_143 | timeout: 10s)
[2026-04-15 17:15:04.942] [781589] [HailoRT] [info] [edge_elements.cpp:287] [create] Created (HwReadEl13yolov11n/conv65_143 | hw_frame_size: 128000)
[2026-04-15 17:15:04.942] [781589] [HailoRT] [info] [queue_elements.cpp:657] [create] Created (PullQEl_nms13yolov11n/conv65_143 | timeout: 10s)
[2026-04-15 17:15:04.942] [781589] [HailoRT] [info] [edge_elements.cpp:287] [create] Created (HwReadEl1yolov11n/conv77_143 | hw_frame_size: 30720)
[2026-04-15 17:15:04.942] [781589] [HailoRT] [info] [queue_elements.cpp:657] [create] Created (PullQEl_nms1yolov11n/conv77_143 | timeout: 10s)
[2026-04-15 17:15:04.942] [781589] [HailoRT] [info] [edge_elements.cpp:287] [create] Created (HwReadEl0yolov11n/conv80_143 | hw_frame_size: 38400)
[2026-04-15 17:15:04.943] [781589] [HailoRT] [info] [queue_elements.cpp:657] [create] Created (PullQEl_nms0yolov11n/conv80_143 | timeout: 10s)
[2026-04-15 17:15:04.943] [781589] [HailoRT] [info] [queue_elements.cpp:800] [create] Created (UserBufQEl_post_infer0yolov11n/yolov8_nms_postprocess | timeout: 10s)
[2026-04-15 17:15:04.943] [781589] [HailoRT] [info] [vstream.cpp:1114] [OutputVStreamImpl] Creating yolov11n/yolov8_nms_postprocess...
[2026-04-15 17:15:04.943] [781589] [HailoRT] [info] [vstream_builder.cpp:622] [create_output_post_process_nms] Output pipeline 'yolov11n/yolov8_nms_postprocess': HW >> (HwReadEl3yolov11n/conv51_143 | hw_frame_size: 409600) >> (PullQEl_nms3yolov11n/conv51_143) >> (HwReadEl12yolov11n/conv54_143 | hw_frame_size: 512000) >> (PullQEl_nms12yolov11n/conv54_143) >> (HwReadEl15yolov11n/conv62_143 | hw_frame_size: 102400) >> (PullQEl_nms15yolov11n/conv62_143) >> (HwReadEl13yolov11n/conv65_143 | hw_frame_size: 128000) >> (PullQEl_nms13yolov11n/conv65_143) >> (HwReadEl1yolov11n/conv77_143 | hw_frame_size: 30720) >> (PullQEl_nms1yolov11n/conv77_143) >> (HwReadEl0yolov11n/conv80_143 | hw_frame_size: 38400) >> (PullQEl_nms0yolov11n/conv80_143) >> (NmsPPMuxEl0YOLOV8-Post-Process | Op YOLOV8, Name: YOLOV8-Post-Process, Score threshold: 0.200, IoU threshold: 0.70, Classes: 80, Max bboxes per class: 100, Image height: 640, Image width: 640) >> (UserBufQEl_post_infer0yolov11n/yolov8_nms_postprocess | timeout: 10s)
[2026-04-15 17:16:04.943] [782496] [HailoRT] [info] [vdevice_native_stream.cpp:331] [read_impl] Failed read from stream HAILO_STREAM_ABORT(63) (device: 0001:01:00.0)
[2026-04-15 17:16:04.943] [782495] [HailoRT] [info] [vdevice_native_stream.cpp:331] [read_impl] Failed read from stream HAILO_STREAM_ABORT(63) (device: 0001:01:00.0)
[2026-04-15 17:16:04.943] [782495] [HailoRT] [info] [edge_elements.cpp:396] [run_pull] Reading from stream was aborted!
[2026-04-15 17:16:04.943] [782493] [HailoRT] [info] [vdevice_native_stream.cpp:331] [read_impl] Failed read from stream HAILO_STREAM_ABORT(63) (device: 0001:01:00.0)
[2026-04-15 17:16:04.943] [782497] [HailoRT] [info] [vdevice_native_stream.cpp:331] [read_impl] Failed read from stream HAILO_STREAM_ABORT(63) (device: 0001:01:00.0)
[2026-04-15 17:16:04.943] [782497] [HailoRT] [info] [edge_elements.cpp:396] [run_pull] Reading from stream was aborted!
[2026-04-15 17:16:04.943] [782493] [HailoRT] [info] [edge_elements.cpp:396] [run_pull] Reading from stream was aborted!
[2026-04-15 17:16:04.943] [782498] [HailoRT] [info] [vdevice_native_stream.cpp:331] [read_impl] Failed read from stream HAILO_STREAM_ABORT(63) (device: 0001:01:00.0)
[2026-04-15 17:16:04.943] [782495] [HailoRT] [info] [queue_elements.cpp:738] [run_in_thread] run_pull of queue element PullQEl_nms15yolov11n/conv62_143 was aborted!
[2026-04-15 17:16:04.943] [782493] [HailoRT] [info] [queue_elements.cpp:738] [run_in_thread] run_pull of queue element PullQEl_nms3yolov11n/conv51_143 was aborted!
[2026-04-15 17:16:04.943] [782494] [HailoRT] [info] [vdevice_native_stream.cpp:331] [read_impl] Failed read from stream HAILO_STREAM_ABORT(63) (device: 0001:01:00.0)
[2026-04-15 17:16:04.943] [782494] [HailoRT] [info] [edge_elements.cpp:396] [run_pull] Reading from stream was aborted!
[2026-04-15 17:16:04.943] [782494] [HailoRT] [info] [queue_elements.cpp:738] [run_in_thread] run_pull of queue element PullQEl_nms12yolov11n/conv54_143 was aborted!
[2026-04-15 17:16:04.943] [782502] [HailoRT] [info] [queue_elements.cpp:706] [run_pull] Shutdown event was signaled in dequeue of queue element PullQEl_nms3yolov11n/conv51_143!
[2026-04-15 17:16:04.943] [782497] [HailoRT] [info] [queue_elements.cpp:738] [run_in_thread] run_pull of queue element PullQEl_nms1yolov11n/conv77_143 was aborted!
[2026-04-15 17:16:04.943] [782502] [HailoRT] [info] [vstream.cpp:1138] [read] Receiving to VStream was shutdown!
[2026-04-15 17:16:04.943] [782498] [HailoRT] [info] [edge_elements.cpp:396] [run_pull] Reading from stream was aborted!
[2026-04-15 17:16:04.943] [782496] [HailoRT] [info] [edge_elements.cpp:396] [run_pull] Reading from stream was aborted!
[2026-04-15 17:16:04.943] [782498] [HailoRT] [info] [queue_elements.cpp:738] [run_in_thread] run_pull of queue element PullQEl_nms0yolov11n/conv80_143 was aborted!
[2026-04-15 17:16:04.943] [782496] [HailoRT] [info] [queue_elements.cpp:738] [run_in_thread] run_pull of queue element PullQEl_nms13yolov11n/conv65_143 was aborted!
[2026-04-15 17:16:04.945] [782492] [HailoRT] [info] [vdevice_native_stream.cpp:142] [write_impl] Failed write to stream yolov11n/input_layer1 (device: 0001:01:00.0) with status=HAILO_STREAM_ABORT(63)
[2026-04-15 17:16:04.945] [782492] [HailoRT] [info] [edge_elements.cpp:87] [run_push] Failed to send on input stream InputStream(index=8, name=yolov11n/input_layer1) because stream was aborted
[2026-04-15 17:16:04.945] [782492] [HailoRT] [info] [queue_elements.cpp:401] [run_in_thread] run_push of PushQEl8yolov11n/input_layer1 was aborted!
[2026-04-15 17:16:04.946] [782503] [HailoRT] [info] [queue_elements.cpp:319] [run_push] run_push of PushQEl8yolov11n/input_layer1 was aborted!
[2026-04-15 17:16:04.946] [782503] [HailoRT] [info] [filter_elements.cpp:35] [run_push] run_push of PreInferEl8yolov11n/input_layer1 was aborted!
[2026-04-15 17:16:04.946] [782503] [HailoRT] [info] [vstream.cpp:778] [write] Sending to VStream was aborted!
[2026-04-15 17:16:04.949] [781589] [HailoRT] [info] [queue_elements.cpp:360] [execute_deactivate] enqueue() in element PushQEl8yolov11n/input_layer1 was aborted, got status = HAILO_SHUTDOWN_EVENT_SIGNALED(57)
[2026-04-15 17:16:04.949] [782492] [HailoRT] [info] [queue_elements.cpp:68] [operator()] Thread in element PushQEl8yolov11n/input_layer1 is not running anymore, exiting..
[2026-04-15 17:16:04.949] [781589] [HailoRT] [info] [queue_elements.cpp:46] [~BaseQueueElement] Queue element PushQEl8yolov11n/input_layer1 has 0 frames in his Queue on destruction
[2026-04-15 17:16:04.949] [782499] [HailoRT] [info] [queue_elements.cpp:68] [operator()] Thread in element UserBufQEl_post_infer0yolov11n/yolov8_nms_postprocess is not running anymore, exiting..
[2026-04-15 17:16:04.949] [781589] [HailoRT] [info] [queue_elements.cpp:46] [~BaseQueueElement] Queue element UserBufQEl_post_infer0yolov11n/yolov8_nms_postprocess has 0 frames in his Queue on destruction
[2026-04-15 17:16:04.949] [782498] [HailoRT] [info] [queue_elements.cpp:68] [operator()] Thread in element PullQEl_nms0yolov11n/conv80_143 is not running anymore, exiting..
[2026-04-15 17:16:04.949] [781589] [HailoRT] [info] [queue_elements.cpp:46] [~BaseQueueElement] Queue element PullQEl_nms0yolov11n/conv80_143 has 0 frames in his Queue on destruction
[2026-04-15 17:16:04.949] [782497] [HailoRT] [info] [queue_elements.cpp:68] [operator()] Thread in element PullQEl_nms1yolov11n/conv77_143 is not running anymore, exiting..
[2026-04-15 17:16:04.949] [781589] [HailoRT] [info] [queue_elements.cpp:46] [~BaseQueueElement] Queue element PullQEl_nms1yolov11n/conv77_143 has 0 frames in his Queue on destruction
[2026-04-15 17:16:04.949] [782496] [HailoRT] [info] [queue_elements.cpp:68] [operator()] Thread in element PullQEl_nms13yolov11n/conv65_143 is not running anymore, exiting..
[2026-04-15 17:16:04.949] [781589] [HailoRT] [info] [queue_elements.cpp:46] [~BaseQueueElement] Queue element PullQEl_nms13yolov11n/conv65_143 has 0 frames in his Queue on destruction
[2026-04-15 17:16:04.949] [782495] [HailoRT] [info] [queue_elements.cpp:68] [operator()] Thread in element PullQEl_nms15yolov11n/conv62_143 is not running anymore, exiting..
[2026-04-15 17:16:04.950] [781589] [HailoRT] [info] [queue_elements.cpp:46] [~BaseQueueElement] Queue element PullQEl_nms15yolov11n/conv62_143 has 0 frames in his Queue on destruction
[2026-04-15 17:16:04.950] [782494] [HailoRT] [info] [queue_elements.cpp:68] [operator()] Thread in element PullQEl_nms12yolov11n/conv54_143 is not running anymore, exiting..
[2026-04-15 17:16:04.950] [781589] [HailoRT] [info] [queue_elements.cpp:46] [~BaseQueueElement] Queue element PullQEl_nms12yolov11n/conv54_143 has 0 frames in his Queue on destruction
[2026-04-15 17:16:04.950] [782493] [HailoRT] [info] [queue_elements.cpp:68] [operator()] Thread in element PullQEl_nms3yolov11n/conv51_143 is not running anymore, exiting..
[2026-04-15 17:16:04.950] [781589] [HailoRT] [info] [queue_elements.cpp:46] [~BaseQueueElement] Queue element PullQEl_nms3yolov11n/conv51_143 has 0 frames in his Queue on destruction
[2026-04-15 17:16:04.950] [781589] [HailoRT] [info] [core_op.cpp:186] [deactivate] Deactivating took 0.008704 ms
[2026-04-15 17:16:04.950] [781589] [HailoRT] [info] [core_op.cpp:186] [deactivate] Deactivating took 0.020519 ms
[2026-04-15 17:18:41.716] [783135] [HailoRT] [info] [vdevice.cpp:535] [create] Creating vdevice with params: device_count: 1, scheduling_algorithm: NONE, multi_process_service: false
[2026-04-15 17:18:41.727] [783135] [HailoRT] [info] [device.cpp:51] [Device] OS Version: Linux 6.12.62+rpt-rpi-2712 #1 SMP PREEMPT Debian 1:6.12.62-1+rpt1 (2025-12-18) aarch64
[2026-04-15 17:18:41.728] [783135] [HailoRT] [info] [control.cpp:113] [control__parse_identify_results] firmware_version is: 4.23.0
[2026-04-15 17:18:41.728] [783135] [HailoRT] [info] [vdevice.cpp:682] [create] VDevice Infos: 0001:01:00.0
[2026-04-15 17:18:41.734] [783135] [HailoRT] [info] [internal_buffer_manager.cpp:77] [print_execution_results] Planned internal buffer memory: CMA=0 CMA-Desc=327680 Pinned=1180160. memory to edge layer usage factor is 1
[2026-04-15 17:18:41.734] [783135] [HailoRT] [info] [internal_buffer_manager.cpp:86] [print_execution_results] Default Internal buffer planner executed successfully
[2026-04-15 17:18:41.767] [783135] [HailoRT] [info] [device_internal.cpp:57] [configure] Configuring HEF took 39.588017 milliseconds
[2026-04-15 17:18:41.768] [783135] [HailoRT] [info] [vdevice.cpp:780] [configure] Configuring HEF on VDevice took 40.006904 milliseconds
[2026-04-15 17:18:41.768] [783135] [HailoRT] [info] [control.cpp:113] [control__parse_identify_results] firmware_version is: 4.23.0
[2026-04-15 17:18:41.768] [783135] [HailoRT] [info] [control.cpp:113] [control__parse_identify_results] firmware_version is: 4.23.0
[2026-04-15 17:18:41.769] [783135] [HailoRT] [info] [core_op.cpp:156] [activate] Activating yolov11n took 0.722201 milliseconds. Note that the function is asynchronous and thus the network is not fully activated yet.
[2026-04-15 17:18:41.769] [783135] [HailoRT] [info] [core_op.cpp:156] [activate] Activating yolov11n took 0.735849 milliseconds. Note that the function is asynchronous and thus the network is not fully activated yet.
[2026-04-15 17:18:41.782] [783135] [HailoRT] [info] [control.cpp:113] [control__parse_identify_results] firmware_version is: 4.23.0
[2026-04-15 17:18:41.783] [783135] [HailoRT] [info] [control.cpp:113] [control__parse_identify_results] firmware_version is: 4.23.0
[2026-04-15 17:18:42.964] [783127] [HailoRT] [info] [device.cpp:51] [Device] OS Version: Linux 6.12.62+rpt-rpi-2712 #1 SMP PREEMPT Debian 1:6.12.62-1+rpt1 (2025-12-18) aarch64
[2026-04-15 17:18:42.964] [783127] [HailoRT] [info] [control.cpp:113] [control__parse_identify_results] firmware_version is: 4.23.0
[2026-04-15 17:18:42.965] [783127] [HailoRT] [info] [control.cpp:113] [control__parse_identify_results] firmware_version is: 4.23.0
[2026-04-15 17:19:41.783] [783150] [HailoRT] [info] [vdevice_native_stream.cpp:142] [write_impl] Failed write to stream yolov11n/input_layer1 (device: 0001:01:00.0) with status=HAILO_STREAM_ABORT(63)
[2026-04-15 17:19:41.783] [783145] [HailoRT] [info] [vdevice_native_stream.cpp:331] [read_impl] Failed read from stream HAILO_STREAM_ABORT(63) (device: 0001:01:00.0)
[2026-04-15 17:19:41.783] [783148] [HailoRT] [info] [vdevice_native_stream.cpp:331] [read_impl] Failed read from stream HAILO_STREAM_ABORT(63) (device: 0001:01:00.0)
[2026-04-15 17:19:41.783] [783144] [HailoRT] [info] [vdevice_native_stream.cpp:331] [read_impl] Failed read from stream HAILO_STREAM_ABORT(63) (device: 0001:01:00.0)
[2026-04-15 17:19:41.783] [783146] [HailoRT] [info] [vdevice_native_stream.cpp:331] [read_impl] Failed read from stream HAILO_STREAM_ABORT(63) (device: 0001:01:00.0)
[2026-04-15 17:19:41.783] [783149] [HailoRT] [info] [vdevice_native_stream.cpp:331] [read_impl] Failed read from stream HAILO_STREAM_ABORT(63) (device: 0001:01:00.0)
[2026-04-15 17:19:41.783] [783147] [HailoRT] [info] [vdevice_native_stream.cpp:331] [read_impl] Failed read from stream HAILO_STREAM_ABORT(63) (device: 0001:01:00.0)
[2026-04-15 17:19:41.790] [783135] [HailoRT] [info] [core_op.cpp:186] [deactivate] Deactivating took 0.011981 ms
[2026-04-15 17:19:41.790] [783135] [HailoRT] [info] [core_op.cpp:186] [deactivate] Deactivating took 0.044129 ms
[2026-04-15 17:19:41.829] [783135] [HailoRT] [info] [vdevice.cpp:535] [create] Creating vdevice with params: device_count: 1, scheduling_algorithm: NONE, multi_process_service: false
[2026-04-15 17:19:41.830] [783135] [HailoRT] [info] [device.cpp:51] [Device] OS Version: Linux 6.12.62+rpt-rpi-2712 #1 SMP PREEMPT Debian 1:6.12.62-1+rpt1 (2025-12-18) aarch64
[2026-04-15 17:19:41.834] [783135] [HailoRT] [info] [control.cpp:113] [control__parse_identify_results] firmware_version is: 4.23.0
[2026-04-15 17:19:41.834] [783135] [HailoRT] [info] [vdevice.cpp:682] [create] VDevice Infos: 0001:01:00.0
[2026-04-15 17:19:41.845] [783135] [HailoRT] [info] [internal_buffer_manager.cpp:77] [print_execution_results] Planned internal buffer memory: CMA=0 CMA-Desc=327680 Pinned=1180160. memory to edge layer usage factor is 1
[2026-04-15 17:19:41.845] [783135] [HailoRT] [info] [internal_buffer_manager.cpp:86] [print_execution_results] Default Internal buffer planner executed successfully
[2026-04-15 17:19:41.917] [783135] [HailoRT] [info] [device_internal.cpp:57] [configure] Configuring HEF took 82.889369 milliseconds
[2026-04-15 17:19:41.917] [783135] [HailoRT] [info] [vdevice.cpp:780] [configure] Configuring HEF on VDevice took 83.271424 milliseconds
[2026-04-15 17:19:41.918] [783135] [HailoRT] [info] [control.cpp:113] [control__parse_identify_results] firmware_version is: 4.23.0
[2026-04-15 17:19:41.918] [783135] [HailoRT] [info] [control.cpp:113] [control__parse_identify_results] firmware_version is: 4.23.0
[2026-04-15 17:19:41.919] [783135] [HailoRT] [info] [core_op.cpp:156] [activate] Activating yolov11n took 0.698035 milliseconds. Note that the function is asynchronous and thus the network is not fully activated yet.
[2026-04-15 17:19:41.919] [783135] [HailoRT] [info] [core_op.cpp:156] [activate] Activating yolov11n took 0.716405 milliseconds. Note that the function is asynchronous and thus the network is not fully activated yet.
[2026-04-15 17:19:41.937] [783135] [HailoRT] [info] [control.cpp:113] [control__parse_identify_results] firmware_version is: 4.23.0
[2026-04-15 17:19:41.938] [783135] [HailoRT] [info] [control.cpp:113] [control__parse_identify_results] firmware_version is: 4.23.0
[2026-04-15 17:19:41.938] [783135] [HailoRT] [info] [edge_elements.cpp:52] [create] Created (HwWriteEl8yolov11n/input_layer1 | hw_frame_size: 1228800)
[2026-04-15 17:19:41.939] [783135] [HailoRT] [info] [queue_elements.cpp:284] [create] Created (PushQEl8yolov11n/input_layer1 | timeout: 10s)
[2026-04-15 17:19:41.939] [783135] [HailoRT] [info] [filter_elements.cpp:101] [create] Created (PreInferEl8yolov11n/input_layer1 | Reorder - src_order: NHWC, src_shape: (640, 640, 3), dst_order: NHCW, dst_shape: (640, 640, 3))
[2026-04-15 17:19:41.939] [783135] [HailoRT] [info] [vstream.cpp:754] [InputVStreamImpl] Creating yolov11n/input_layer1...
[2026-04-15 17:19:41.939] [783135] [HailoRT] [info] [vstream_builder.cpp:102] [create_inputs] Input pipeline 'yolov11n/input_layer1': (PreInferEl8yolov11n/input_layer1 | Reorder - src_order: NHWC, src_shape: (640, 640, 3), dst_order: NHCW, dst_shape: (640, 640, 3)) >> (PushQEl8yolov11n/input_layer1 | timeout: 10s) >> (HwWriteEl8yolov11n/input_layer1 | hw_frame_size: 1228800) >> HW
[2026-04-15 17:19:41.939] [783135] [HailoRT] [info] [multi_io_elements.cpp:135] [create] Created (NmsPPMuxEl0YOLOV8-Post-Process | Op YOLOV8, Name: YOLOV8-Post-Process, Score threshold: 0.200, IoU threshold: 0.70, Classes: 80, Max bboxes per class: 100, Image height: 640, Image width: 640)
[2026-04-15 17:19:41.939] [783135] [HailoRT] [info] [edge_elements.cpp:287] [create] Created (HwReadEl3yolov11n/conv51_143 | hw_frame_size: 409600)
[2026-04-15 17:19:41.943] [783135] [HailoRT] [info] [queue_elements.cpp:657] [create] Created (PullQEl_nms3yolov11n/conv51_143 | timeout: 10s)
[2026-04-15 17:19:41.943] [783135] [HailoRT] [info] [edge_elements.cpp:287] [create] Created (HwReadEl12yolov11n/conv54_143 | hw_frame_size: 512000)
[2026-04-15 17:19:41.943] [783135] [HailoRT] [info] [queue_elements.cpp:657] [create] Created (PullQEl_nms12yolov11n/conv54_143 | timeout: 10s)
[2026-04-15 17:19:41.943] [783135] [HailoRT] [info] [edge_elements.cpp:287] [create] Created (HwReadEl15yolov11n/conv62_143 | hw_frame_size: 102400)
[2026-04-15 17:19:41.944] [783135] [HailoRT] [info] [queue_elements.cpp:657] [create] Created (PullQEl_nms15yolov11n/conv62_143 | timeout: 10s)
[2026-04-15 17:19:41.944] [783135] [HailoRT] [info] [edge_elements.cpp:287] [create] Created (HwReadEl13yolov11n/conv65_143 | hw_frame_size: 128000)
[2026-04-15 17:19:41.944] [783135] [HailoRT] [info] [queue_elements.cpp:657] [create] Created (PullQEl_nms13yolov11n/conv65_143 | timeout: 10s)
[2026-04-15 17:19:41.944] [783135] [HailoRT] [info] [edge_elements.cpp:287] [create] Created (HwReadEl1yolov11n/conv77_143 | hw_frame_size: 30720)
[2026-04-15 17:19:41.944] [783135] [HailoRT] [info] [queue_elements.cpp:657] [create] Created (PullQEl_nms1yolov11n/conv77_143 | timeout: 10s)
[2026-04-15 17:19:41.944] [783135] [HailoRT] [info] [edge_elements.cpp:287] [create] Created (HwReadEl0yolov11n/conv80_143 | hw_frame_size: 38400)
[2026-04-15 17:19:41.944] [783135] [HailoRT] [info] [queue_elements.cpp:657] [create] Created (PullQEl_nms0yolov11n/conv80_143 | timeout: 10s)
[2026-04-15 17:19:41.944] [783135] [HailoRT] [info] [queue_elements.cpp:800] [create] Created (UserBufQEl_post_infer0yolov11n/yolov8_nms_postprocess | timeout: 10s)
[2026-04-15 17:19:41.944] [783135] [HailoRT] [info] [vstream.cpp:1114] [OutputVStreamImpl] Creating yolov11n/yolov8_nms_postprocess...
[2026-04-15 17:19:41.944] [783135] [HailoRT] [info] [vstream_builder.cpp:622] [create_output_post_process_nms] Output pipeline 'yolov11n/yolov8_nms_postprocess': HW >> (HwReadEl3yolov11n/conv51_143 | hw_frame_size: 409600) >> (PullQEl_nms3yolov11n/conv51_143) >> (HwReadEl12yolov11n/conv54_143 | hw_frame_size: 512000) >> (PullQEl_nms12yolov11n/conv54_143) >> (HwReadEl15yolov11n/conv62_143 | hw_frame_size: 102400) >> (PullQEl_nms15yolov11n/conv62_143) >> (HwReadEl13yolov11n/conv65_143 | hw_frame_size: 128000) >> (PullQEl_nms13yolov11n/conv65_143) >> (HwReadEl1yolov11n/conv77_143 | hw_frame_size: 30720) >> (PullQEl_nms1yolov11n/conv77_143) >> (HwReadEl0yolov11n/conv80_143 | hw_frame_size: 38400) >> (PullQEl_nms0yolov11n/conv80_143) >> (NmsPPMuxEl0YOLOV8-Post-Process | Op YOLOV8, Name: YOLOV8-Post-Process, Score threshold: 0.200, IoU threshold: 0.70, Classes: 80, Max bboxes per class: 100, Image height: 640, Image width: 640) >> (UserBufQEl_post_infer0yolov11n/yolov8_nms_postprocess | timeout: 10s)
[2026-04-15 17:20:41.945] [783581] [HailoRT] [info] [vdevice_native_stream.cpp:331] [read_impl] Failed read from stream HAILO_STREAM_ABORT(63) (device: 0001:01:00.0)
[2026-04-15 17:20:41.945] [783586] [HailoRT] [info] [vdevice_native_stream.cpp:331] [read_impl] Failed read from stream HAILO_STREAM_ABORT(63) (device: 0001:01:00.0)
[2026-04-15 17:20:41.945] [783586] [HailoRT] [info] [edge_elements.cpp:396] [run_pull] Reading from stream was aborted!
[2026-04-15 17:20:41.945] [783586] [HailoRT] [info] [queue_elements.cpp:738] [run_in_thread] run_pull of queue element PullQEl_nms0yolov11n/conv80_143 was aborted!
[2026-04-15 17:20:41.945] [783582] [HailoRT] [info] [vdevice_native_stream.cpp:331] [read_impl] Failed read from stream HAILO_STREAM_ABORT(63) (device: 0001:01:00.0)
[2026-04-15 17:20:41.945] [783582] [HailoRT] [info] [edge_elements.cpp:396] [run_pull] Reading from stream was aborted!
[2026-04-15 17:20:41.945] [783582] [HailoRT] [info] [queue_elements.cpp:738] [run_in_thread] run_pull of queue element PullQEl_nms12yolov11n/conv54_143 was aborted!
[2026-04-15 17:20:41.945] [783585] [HailoRT] [info] [vdevice_native_stream.cpp:331] [read_impl] Failed read from stream HAILO_STREAM_ABORT(63) (device: 0001:01:00.0)
[2026-04-15 17:20:41.945] [783585] [HailoRT] [info] [edge_elements.cpp:396] [run_pull] Reading from stream was aborted!
[2026-04-15 17:20:41.945] [783580] [HailoRT] [info] [vdevice_native_stream.cpp:142] [write_impl] Failed write to stream yolov11n/input_layer1 (device: 0001:01:00.0) with status=HAILO_STREAM_ABORT(63)
[2026-04-15 17:20:41.945] [783585] [HailoRT] [info] [queue_elements.cpp:738] [run_in_thread] run_pull of queue element PullQEl_nms1yolov11n/conv77_143 was aborted!
[2026-04-15 17:20:41.945] [783580] [HailoRT] [info] [edge_elements.cpp:87] [run_push] Failed to send on input stream InputStream(index=8, name=yolov11n/input_layer1) because stream was aborted
[2026-04-15 17:20:41.945] [783581] [HailoRT] [info] [edge_elements.cpp:396] [run_pull] Reading from stream was aborted!
[2026-04-15 17:20:41.945] [783580] [HailoRT] [info] [queue_elements.cpp:401] [run_in_thread] run_push of PushQEl8yolov11n/input_layer1 was aborted!
[2026-04-15 17:20:41.945] [783581] [HailoRT] [info] [queue_elements.cpp:738] [run_in_thread] run_pull of queue element PullQEl_nms3yolov11n/conv51_143 was aborted!
[2026-04-15 17:20:41.945] [783591] [HailoRT] [info] [vstream.cpp:774] [write] Sending to VStream was shutdown!
[2026-04-15 17:20:41.945] [783591] [HailoRT] [info] [vstream.cpp:778] [write] Sending to VStream was aborted!
[2026-04-15 17:20:41.945] [783583] [HailoRT] [info] [vdevice_native_stream.cpp:331] [read_impl] Failed read from stream HAILO_STREAM_ABORT(63) (device: 0001:01:00.0)
[2026-04-15 17:20:41.945] [783583] [HailoRT] [info] [edge_elements.cpp:396] [run_pull] Reading from stream was aborted!
[2026-04-15 17:20:41.945] [783583] [HailoRT] [info] [queue_elements.cpp:738] [run_in_thread] run_pull of queue element PullQEl_nms15yolov11n/conv62_143 was aborted!
[2026-04-15 17:20:41.945] [783584] [HailoRT] [info] [vdevice_native_stream.cpp:331] [read_impl] Failed read from stream HAILO_STREAM_ABORT(63) (device: 0001:01:00.0)
[2026-04-15 17:20:41.945] [783584] [HailoRT] [info] [edge_elements.cpp:396] [run_pull] Reading from stream was aborted!
[2026-04-15 17:20:41.945] [783584] [HailoRT] [info] [queue_elements.cpp:738] [run_in_thread] run_pull of queue element PullQEl_nms13yolov11n/conv65_143 was aborted!
[2026-04-15 17:20:41.946] [783590] [HailoRT] [info] [queue_elements.cpp:706] [run_pull] Shutdown event was signaled in dequeue of queue element PullQEl_nms3yolov11n/conv51_143!
[2026-04-15 17:20:41.946] [783590] [HailoRT] [info] [vstream.cpp:1138] [read] Receiving to VStream was shutdown!
[2026-04-15 17:20:41.951] [783135] [HailoRT] [info] [queue_elements.cpp:360] [execute_deactivate] enqueue() in element PushQEl8yolov11n/input_layer1 was aborted, got status = HAILO_SHUTDOWN_EVENT_SIGNALED(57)
[2026-04-15 17:20:41.951] [783580] [HailoRT] [info] [queue_elements.cpp:68] [operator()] Thread in element PushQEl8yolov11n/input_layer1 is not running anymore, exiting..
[2026-04-15 17:20:41.951] [783135] [HailoRT] [info] [queue_elements.cpp:46] [~BaseQueueElement] Queue element PushQEl8yolov11n/input_layer1 has 1 frames in his Queue on destruction
[2026-04-15 17:20:41.951] [783587] [HailoRT] [info] [queue_elements.cpp:68] [operator()] Thread in element UserBufQEl_post_infer0yolov11n/yolov8_nms_postprocess is not running anymore, exiting..
[2026-04-15 17:20:41.951] [783135] [HailoRT] [info] [queue_elements.cpp:46] [~BaseQueueElement] Queue element UserBufQEl_post_infer0yolov11n/yolov8_nms_postprocess has 0 frames in his Queue on destruction
[2026-04-15 17:20:41.951] [783586] [HailoRT] [info] [queue_elements.cpp:68] [operator()] Thread in element PullQEl_nms0yolov11n/conv80_143 is not running anymore, exiting..
[2026-04-15 17:20:41.951] [783135] [HailoRT] [info] [queue_elements.cpp:46] [~BaseQueueElement] Queue element PullQEl_nms0yolov11n/conv80_143 has 0 frames in his Queue on destruction
[2026-04-15 17:20:41.951] [783585] [HailoRT] [info] [queue_elements.cpp:68] [operator()] Thread in element PullQEl_nms1yolov11n/conv77_143 is not running anymore, exiting..
[2026-04-15 17:20:41.951] [783135] [HailoRT] [info] [queue_elements.cpp:46] [~BaseQueueElement] Queue element PullQEl_nms1yolov11n/conv77_143 has 0 frames in his Queue on destruction
[2026-04-15 17:20:41.951] [783584] [HailoRT] [info] [queue_elements.cpp:68] [operator()] Thread in element PullQEl_nms13yolov11n/conv65_143 is not running anymore, exiting..
[2026-04-15 17:20:41.952] [783135] [HailoRT] [info] [queue_elements.cpp:46] [~BaseQueueElement] Queue element PullQEl_nms13yolov11n/conv65_143 has 0 frames in his Queue on destruction
[2026-04-15 17:20:41.952] [783583] [HailoRT] [info] [queue_elements.cpp:68] [operator()] Thread in element PullQEl_nms15yolov11n/conv62_143 is not running anymore, exiting..
[2026-04-15 17:20:41.952] [783135] [HailoRT] [info] [queue_elements.cpp:46] [~BaseQueueElement] Queue element PullQEl_nms15yolov11n/conv62_143 has 0 frames in his Queue on destruction
[2026-04-15 17:20:41.952] [783582] [HailoRT] [info] [queue_elements.cpp:68] [operator()] Thread in element PullQEl_nms12yolov11n/conv54_143 is not running anymore, exiting..
[2026-04-15 17:20:41.952] [783135] [HailoRT] [info] [queue_elements.cpp:46] [~BaseQueueElement] Queue element PullQEl_nms12yolov11n/conv54_143 has 0 frames in his Queue on destruction
[2026-04-15 17:20:41.952] [783581] [HailoRT] [info] [queue_elements.cpp:68] [operator()] Thread in element PullQEl_nms3yolov11n/conv51_143 is not running anymore, exiting..
[2026-04-15 17:20:41.952] [783135] [HailoRT] [info] [queue_elements.cpp:46] [~BaseQueueElement] Queue element PullQEl_nms3yolov11n/conv51_143 has 0 frames in his Queue on destruction
[2026-04-15 17:20:41.952] [783135] [HailoRT] [info] [core_op.cpp:186] [deactivate] Deactivating took 0.008277 ms
[2026-04-15 17:20:41.952] [783135] [HailoRT] [info] [core_op.cpp:186] [deactivate] Deactivating took 0.018686 ms
[2026-04-15 17:20:41.989] [783135] [HailoRT] [info] [vdevice.cpp:535] [create] Creating vdevice with params: device_count: 1, scheduling_algorithm: NONE, multi_process_service: false
[2026-04-15 17:20:41.990] [783135] [HailoRT] [info] [device.cpp:51] [Device] OS Version: Linux 6.12.62+rpt-rpi-2712 #1 SMP PREEMPT Debian 1:6.12.62-1+rpt1 (2025-12-18) aarch64
[2026-04-15 17:20:41.990] [783135] [HailoRT] [info] [control.cpp:113] [control__parse_identify_results] firmware_version is: 4.23.0
[2026-04-15 17:20:41.990] [783135] [HailoRT] [info] [vdevice.cpp:682] [create] VDevice Infos: 0001:01:00.0
[2026-04-15 17:20:41.998] [783135] [HailoRT] [info] [internal_buffer_manager.cpp:77] [print_execution_results] Planned internal buffer memory: CMA=0 CMA-Desc=327680 Pinned=1180160. memory to edge layer usage factor is 1
[2026-04-15 17:20:41.998] [783135] [HailoRT] [info] [internal_buffer_manager.cpp:86] [print_execution_results] Default Internal buffer planner executed successfully
[2026-04-15 17:20:42.037] [783135] [HailoRT] [info] [device_internal.cpp:57] [configure] Configuring HEF took 47.010303 milliseconds
[2026-04-15 17:20:42.038] [783135] [HailoRT] [info] [vdevice.cpp:780] [configure] Configuring HEF on VDevice took 47.608061 milliseconds
[2026-04-15 17:20:42.038] [783135] [HailoRT] [info] [control.cpp:113] [control__parse_identify_results] firmware_version is: 4.23.0
[2026-04-15 17:20:42.038] [783135] [HailoRT] [info] [control.cpp:113] [control__parse_identify_results] firmware_version is: 4.23.0
[2026-04-15 17:20:42.039] [783135] [HailoRT] [info] [core_op.cpp:156] [activate] Activating yolov11n took 0.801256 milliseconds. Note that the function is asynchronous and thus the network is not fully activated yet.
[2026-04-15 17:20:42.039] [783135] [HailoRT] [info] [core_op.cpp:156] [activate] Activating yolov11n took 0.813256 milliseconds. Note that the function is asynchronous and thus the network is not fully activated yet.
[2026-04-15 17:20:42.056] [783135] [HailoRT] [info] [control.cpp:113] [control__parse_identify_results] firmware_version is: 4.23.0
[2026-04-15 17:20:42.056] [783135] [HailoRT] [info] [control.cpp:113] [control__parse_identify_results] firmware_version is: 4.23.0
[2026-04-15 17:20:42.056] [783135] [HailoRT] [info] [edge_elements.cpp:52] [create] Created (HwWriteEl8yolov11n/input_layer1 | hw_frame_size: 1228800)
[2026-04-15 17:20:42.057] [783135] [HailoRT] [info] [queue_elements.cpp:284] [create] Created (PushQEl8yolov11n/input_layer1 | timeout: 10s)
[2026-04-15 17:20:42.057] [783135] [HailoRT] [info] [filter_elements.cpp:101] [create] Created (PreInferEl8yolov11n/input_layer1 | Reorder - src_order: NHWC, src_shape: (640, 640, 3), dst_order: NHCW, dst_shape: (640, 640, 3))
[2026-04-15 17:20:42.057] [783135] [HailoRT] [info] [vstream.cpp:754] [InputVStreamImpl] Creating yolov11n/input_layer1...
[2026-04-15 17:20:42.057] [783135] [HailoRT] [info] [vstream_builder.cpp:102] [create_inputs] Input pipeline 'yolov11n/input_layer1': (PreInferEl8yolov11n/input_layer1 | Reorder - src_order: NHWC, src_shape: (640, 640, 3), dst_order: NHCW, dst_shape: (640, 640, 3)) >> (PushQEl8yolov11n/input_layer1 | timeout: 10s) >> (HwWriteEl8yolov11n/input_layer1 | hw_frame_size: 1228800) >> HW
[2026-04-15 17:20:42.057] [783135] [HailoRT] [info] [multi_io_elements.cpp:135] [create] Created (NmsPPMuxEl0YOLOV8-Post-Process | Op YOLOV8, Name: YOLOV8-Post-Process, Score threshold: 0.200, IoU threshold: 0.70, Classes: 80, Max bboxes per class: 100, Image height: 640, Image width: 640)
[2026-04-15 17:20:42.057] [783135] [HailoRT] [info] [edge_elements.cpp:287] [create] Created (HwReadEl3yolov11n/conv51_143 | hw_frame_size: 409600)
[2026-04-15 17:20:42.057] [783135] [HailoRT] [info] [queue_elements.cpp:657] [create] Created (PullQEl_nms3yolov11n/conv51_143 | timeout: 10s)
[2026-04-15 17:20:42.057] [783135] [HailoRT] [info] [edge_elements.cpp:287] [create] Created (HwReadEl12yolov11n/conv54_143 | hw_frame_size: 512000)
[2026-04-15 17:20:42.057] [783135] [HailoRT] [info] [queue_elements.cpp:657] [create] Created (PullQEl_nms12yolov11n/conv54_143 | timeout: 10s)
[2026-04-15 17:20:42.057] [783135] [HailoRT] [info] [edge_elements.cpp:287] [create] Created (HwReadEl15yolov11n/conv62_143 | hw_frame_size: 102400)
[2026-04-15 17:20:42.057] [783135] [HailoRT] [info] [queue_elements.cpp:657] [create] Created (PullQEl_nms15yolov11n/conv62_143 | timeout: 10s)
[2026-04-15 17:20:42.057] [783135] [HailoRT] [info] [edge_elements.cpp:287] [create] Created (HwReadEl13yolov11n/conv65_143 | hw_frame_size: 128000)
[2026-04-15 17:20:42.057] [783135] [HailoRT] [info] [queue_elements.cpp:657] [create] Created (PullQEl_nms13yolov11n/conv65_143 | timeout: 10s)
[2026-04-15 17:20:42.057] [783135] [HailoRT] [info] [edge_elements.cpp:287] [create] Created (HwReadEl1yolov11n/conv77_143 | hw_frame_size: 30720)
[2026-04-15 17:20:42.057] [783135] [HailoRT] [info] [queue_elements.cpp:657] [create] Created (PullQEl_nms1yolov11n/conv77_143 | timeout: 10s)
[2026-04-15 17:20:42.057] [783135] [HailoRT] [info] [edge_elements.cpp:287] [create] Created (HwReadEl0yolov11n/conv80_143 | hw_frame_size: 38400)
[2026-04-15 17:20:42.057] [783135] [HailoRT] [info] [queue_elements.cpp:657] [create] Created (PullQEl_nms0yolov11n/conv80_143 | timeout: 10s)
[2026-04-15 17:20:42.057] [783135] [HailoRT] [info] [queue_elements.cpp:800] [create] Created (UserBufQEl_post_infer0yolov11n/yolov8_nms_postprocess | timeout: 10s)
[2026-04-15 17:20:42.057] [783135] [HailoRT] [info] [vstream.cpp:1114] [OutputVStreamImpl] Creating yolov11n/yolov8_nms_postprocess...
[2026-04-15 17:20:42.057] [783135] [HailoRT] [info] [vstream_builder.cpp:622] [create_output_post_process_nms] Output pipeline 'yolov11n/yolov8_nms_postprocess': HW >> (HwReadEl3yolov11n/conv51_143 | hw_frame_size: 409600) >> (PullQEl_nms3yolov11n/conv51_143) >> (HwReadEl12yolov11n/conv54_143 | hw_frame_size: 512000) >> (PullQEl_nms12yolov11n/conv54_143) >> (HwReadEl15yolov11n/conv62_143 | hw_frame_size: 102400) >> (PullQEl_nms15yolov11n/conv62_143) >> (HwReadEl13yolov11n/conv65_143 | hw_frame_size: 128000) >> (PullQEl_nms13yolov11n/conv65_143) >> (HwReadEl1yolov11n/conv77_143 | hw_frame_size: 30720) >> (PullQEl_nms1yolov11n/conv77_143) >> (HwReadEl0yolov11n/conv80_143 | hw_frame_size: 38400) >> (PullQEl_nms0yolov11n/conv80_143) >> (NmsPPMuxEl0YOLOV8-Post-Process | Op YOLOV8, Name: YOLOV8-Post-Process, Score threshold: 0.200, IoU threshold: 0.70, Classes: 80, Max bboxes per class: 100, Image height: 640, Image width: 640) >> (UserBufQEl_post_infer0yolov11n/yolov8_nms_postprocess | timeout: 10s)
[2026-04-15 17:21:42.058] [784058] [HailoRT] [info] [vdevice_native_stream.cpp:331] [read_impl] Failed read from stream HAILO_STREAM_ABORT(63) (device: 0001:01:00.0)
[2026-04-15 17:21:42.058] [784057] [HailoRT] [info] [vdevice_native_stream.cpp:331] [read_impl] Failed read from stream HAILO_STREAM_ABORT(63) (device: 0001:01:00.0)
[2026-04-15 17:21:42.058] [784060] [HailoRT] [info] [vdevice_native_stream.cpp:331] [read_impl] Failed read from stream HAILO_STREAM_ABORT(63) (device: 0001:01:00.0)
[2026-04-15 17:21:42.058] [784060] [HailoRT] [info] [edge_elements.cpp:396] [run_pull] Reading from stream was aborted!
[2026-04-15 17:21:42.058] [784055] [HailoRT] [info] [vdevice_native_stream.cpp:331] [read_impl] Failed read from stream HAILO_STREAM_ABORT(63) (device: 0001:01:00.0)
[2026-04-15 17:21:42.058] [784058] [HailoRT] [info] [edge_elements.cpp:396] [run_pull] Reading from stream was aborted!
[2026-04-15 17:21:42.058] [784055] [HailoRT] [info] [edge_elements.cpp:396] [run_pull] Reading from stream was aborted!
[2026-04-15 17:21:42.058] [784057] [HailoRT] [info] [edge_elements.cpp:396] [run_pull] Reading from stream was aborted!
[2026-04-15 17:21:42.058] [784055] [HailoRT] [info] [queue_elements.cpp:738] [run_in_thread] run_pull of queue element PullQEl_nms3yolov11n/conv51_143 was aborted!
[2026-04-15 17:21:42.058] [784059] [HailoRT] [info] [vdevice_native_stream.cpp:331] [read_impl] Failed read from stream HAILO_STREAM_ABORT(63) (device: 0001:01:00.0)
[2026-04-15 17:21:42.058] [784057] [HailoRT] [info] [queue_elements.cpp:738] [run_in_thread] run_pull of queue element PullQEl_nms15yolov11n/conv62_143 was aborted!
[2026-04-15 17:21:42.058] [784058] [HailoRT] [info] [queue_elements.cpp:738] [run_in_thread] run_pull of queue element PullQEl_nms13yolov11n/conv65_143 was aborted!
[2026-04-15 17:21:42.058] [784056] [HailoRT] [info] [vdevice_native_stream.cpp:331] [read_impl] Failed read from stream HAILO_STREAM_ABORT(63) (device: 0001:01:00.0)
[2026-04-15 17:21:42.058] [784056] [HailoRT] [info] [edge_elements.cpp:396] [run_pull] Reading from stream was aborted!
[2026-04-15 17:21:42.058] [784056] [HailoRT] [info] [queue_elements.cpp:738] [run_in_thread] run_pull of queue element PullQEl_nms12yolov11n/conv54_143 was aborted!
[2026-04-15 17:21:42.058] [784064] [HailoRT] [info] [queue_elements.cpp:706] [run_pull] Shutdown event was signaled in dequeue of queue element PullQEl_nms3yolov11n/conv51_143!
[2026-04-15 17:21:42.058] [784059] [HailoRT] [info] [edge_elements.cpp:396] [run_pull] Reading from stream was aborted!
[2026-04-15 17:21:42.058] [784064] [HailoRT] [info] [vstream.cpp:1138] [read] Receiving to VStream was shutdown!
[2026-04-15 17:21:42.058] [784059] [HailoRT] [info] [queue_elements.cpp:738] [run_in_thread] run_pull of queue element PullQEl_nms1yolov11n/conv77_143 was aborted!
[2026-04-15 17:21:42.058] [784060] [HailoRT] [info] [queue_elements.cpp:738] [run_in_thread] run_pull of queue element PullQEl_nms0yolov11n/conv80_143 was aborted!
[2026-04-15 17:21:42.059] [784054] [HailoRT] [info] [vdevice_native_stream.cpp:142] [write_impl] Failed write to stream yolov11n/input_layer1 (device: 0001:01:00.0) with status=HAILO_STREAM_ABORT(63)
[2026-04-15 17:21:42.059] [784054] [HailoRT] [info] [edge_elements.cpp:87] [run_push] Failed to send on input stream InputStream(index=8, name=yolov11n/input_layer1) because stream was aborted
[2026-04-15 17:21:42.059] [784054] [HailoRT] [info] [queue_elements.cpp:401] [run_in_thread] run_push of PushQEl8yolov11n/input_layer1 was aborted!
[2026-04-15 17:21:42.060] [784065] [HailoRT] [info] [queue_elements.cpp:319] [run_push] run_push of PushQEl8yolov11n/input_layer1 was aborted!
[2026-04-15 17:21:42.060] [784065] [HailoRT] [info] [filter_elements.cpp:35] [run_push] run_push of PreInferEl8yolov11n/input_layer1 was aborted!
[2026-04-15 17:21:42.060] [784065] [HailoRT] [info] [vstream.cpp:778] [write] Sending to VStream was aborted!
[2026-04-15 17:21:42.063] [783135] [HailoRT] [info] [queue_elements.cpp:360] [execute_deactivate] enqueue() in element PushQEl8yolov11n/input_layer1 was aborted, got status = HAILO_SHUTDOWN_EVENT_SIGNALED(57)
[2026-04-15 17:21:42.063] [784054] [HailoRT] [info] [queue_elements.cpp:68] [operator()] Thread in element PushQEl8yolov11n/input_layer1 is not running anymore, exiting..
[2026-04-15 17:21:42.063] [783135] [HailoRT] [info] [queue_elements.cpp:46] [~BaseQueueElement] Queue element PushQEl8yolov11n/input_layer1 has 0 frames in his Queue on destruction
[2026-04-15 17:21:42.063] [784061] [HailoRT] [info] [queue_elements.cpp:68] [operator()] Thread in element UserBufQEl_post_infer0yolov11n/yolov8_nms_postprocess is not running anymore, exiting..
[2026-04-15 17:21:42.063] [783135] [HailoRT] [info] [queue_elements.cpp:46] [~BaseQueueElement] Queue element UserBufQEl_post_infer0yolov11n/yolov8_nms_postprocess has 0 frames in his Queue on destruction
[2026-04-15 17:21:42.064] [784060] [HailoRT] [info] [queue_elements.cpp:68] [operator()] Thread in element PullQEl_nms0yolov11n/conv80_143 is not running anymore, exiting..
[2026-04-15 17:21:42.064] [783135] [HailoRT] [info] [queue_elements.cpp:46] [~BaseQueueElement] Queue element PullQEl_nms0yolov11n/conv80_143 has 0 frames in his Queue on destruction
[2026-04-15 17:21:42.064] [784059] [HailoRT] [info] [queue_elements.cpp:68] [operator()] Thread in element PullQEl_nms1yolov11n/conv77_143 is not running anymore, exiting..
[2026-04-15 17:21:42.064] [783135] [HailoRT] [info] [queue_elements.cpp:46] [~BaseQueueElement] Queue element PullQEl_nms1yolov11n/conv77_143 has 0 frames in his Queue on destruction
[2026-04-15 17:21:42.064] [784058] [HailoRT] [info] [queue_elements.cpp:68] [operator()] Thread in element PullQEl_nms13yolov11n/conv65_143 is not running anymore, exiting..
[2026-04-15 17:21:42.064] [783135] [HailoRT] [info] [queue_elements.cpp:46] [~BaseQueueElement] Queue element PullQEl_nms13yolov11n/conv65_143 has 0 frames in his Queue on destruction
[2026-04-15 17:21:42.064] [784057] [HailoRT] [info] [queue_elements.cpp:68] [operator()] Thread in element PullQEl_nms15yolov11n/conv62_143 is not running anymore, exiting..
[2026-04-15 17:21:42.064] [783135] [HailoRT] [info] [queue_elements.cpp:46] [~BaseQueueElement] Queue element PullQEl_nms15yolov11n/conv62_143 has 0 frames in his Queue on destruction
[2026-04-15 17:21:42.064] [784056] [HailoRT] [info] [queue_elements.cpp:68] [operator()] Thread in element PullQEl_nms12yolov11n/conv54_143 is not running anymore, exiting..
[2026-04-15 17:21:42.064] [783135] [HailoRT] [info] [queue_elements.cpp:46] [~BaseQueueElement] Queue element PullQEl_nms12yolov11n/conv54_143 has 0 frames in his Queue on destruction
[2026-04-15 17:21:42.064] [784055] [HailoRT] [info] [queue_elements.cpp:68] [operator()] Thread in element PullQEl_nms3yolov11n/conv51_143 is not running anymore, exiting..
[2026-04-15 17:21:42.064] [783135] [HailoRT] [info] [queue_elements.cpp:46] [~BaseQueueElement] Queue element PullQEl_nms3yolov11n/conv51_143 has 0 frames in his Queue on destruction
[2026-04-15 17:21:42.064] [783135] [HailoRT] [info] [core_op.cpp:186] [deactivate] Deactivating took 0.007259 ms
[2026-04-15 17:21:42.064] [783135] [HailoRT] [info] [core_op.cpp:186] [deactivate] Deactivating took 0.015203 ms
[2026-04-15 17:27:00.868] [785680] [HailoRT] [info] [vdevice.cpp:535] [create] Creating vdevice with params: device_count: 1, scheduling_algorithm: NONE, multi_process_service: false
[2026-04-15 17:27:00.879] [785680] [HailoRT] [info] [device.cpp:51] [Device] OS Version: Linux 6.12.62+rpt-rpi-2712 #1 SMP PREEMPT Debian 1:6.12.62-1+rpt1 (2025-12-18) aarch64
[2026-04-15 17:27:00.880] [785680] [HailoRT] [info] [control.cpp:113] [control__parse_identify_results] firmware_version is: 4.23.0
[2026-04-15 17:27:00.880] [785680] [HailoRT] [info] [vdevice.cpp:682] [create] VDevice Infos: 0001:01:00.0
[2026-04-15 17:27:00.888] [785680] [HailoRT] [info] [internal_buffer_manager.cpp:77] [print_execution_results] Planned internal buffer memory: CMA=0 CMA-Desc=327680 Pinned=1180160. memory to edge layer usage factor is 1
[2026-04-15 17:27:00.888] [785680] [HailoRT] [info] [internal_buffer_manager.cpp:86] [print_execution_results] Default Internal buffer planner executed successfully
[2026-04-15 17:27:00.929] [785680] [HailoRT] [info] [device_internal.cpp:57] [configure] Configuring HEF took 49.037651 milliseconds
[2026-04-15 17:27:00.929] [785680] [HailoRT] [info] [vdevice.cpp:780] [configure] Configuring HEF on VDevice took 49.505679 milliseconds
[2026-04-15 17:27:00.930] [785680] [HailoRT] [info] [control.cpp:113] [control__parse_identify_results] firmware_version is: 4.23.0
[2026-04-15 17:27:00.930] [785680] [HailoRT] [info] [control.cpp:113] [control__parse_identify_results] firmware_version is: 4.23.0
[2026-04-15 17:27:00.931] [785680] [HailoRT] [info] [core_op.cpp:156] [activate] Activating yolov11n took 1.22029 milliseconds. Note that the function is asynchronous and thus the network is not fully activated yet.
[2026-04-15 17:27:00.931] [785680] [HailoRT] [info] [core_op.cpp:156] [activate] Activating yolov11n took 1.241549 milliseconds. Note that the function is asynchronous and thus the network is not fully activated yet.
[2026-04-15 17:27:00.944] [785680] [HailoRT] [info] [control.cpp:113] [control__parse_identify_results] firmware_version is: 4.23.0
[2026-04-15 17:27:00.945] [785680] [HailoRT] [info] [control.cpp:113] [control__parse_identify_results] firmware_version is: 4.23.0
[2026-04-15 17:27:02.094] [785672] [HailoRT] [info] [device.cpp:51] [Device] OS Version: Linux 6.12.62+rpt-rpi-2712 #1 SMP PREEMPT Debian 1:6.12.62-1+rpt1 (2025-12-18) aarch64
[2026-04-15 17:27:02.095] [785672] [HailoRT] [info] [control.cpp:113] [control__parse_identify_results] firmware_version is: 4.23.0
[2026-04-15 17:27:02.095] [785672] [HailoRT] [info] [control.cpp:113] [control__parse_identify_results] firmware_version is: 4.23.0
[2026-04-15 17:28:00.945] [785691] [HailoRT] [info] [vdevice_native_stream.cpp:331] [read_impl] Failed read from stream HAILO_STREAM_ABORT(63) (device: 0001:01:00.0)
[2026-04-15 17:28:00.945] [785695] [HailoRT] [info] [vdevice_native_stream.cpp:142] [write_impl] Failed write to stream yolov11n/input_layer1 (device: 0001:01:00.0) with status=HAILO_STREAM_ABORT(63)
[2026-04-15 17:28:00.945] [785692] [HailoRT] [info] [vdevice_native_stream.cpp:331] [read_impl] Failed read from stream HAILO_STREAM_ABORT(63) (device: 0001:01:00.0)
[2026-04-15 17:28:00.945] [785694] [HailoRT] [info] [vdevice_native_stream.cpp:331] [read_impl] Failed read from stream HAILO_STREAM_ABORT(63) (device: 0001:01:00.0)
[2026-04-15 17:28:00.945] [785690] [HailoRT] [info] [vdevice_native_stream.cpp:331] [read_impl] Failed read from stream HAILO_STREAM_ABORT(63) (device: 0001:01:00.0)
[2026-04-15 17:28:00.945] [785693] [HailoRT] [info] [vdevice_native_stream.cpp:331] [read_impl] Failed read from stream HAILO_STREAM_ABORT(63) (device: 0001:01:00.0)
[2026-04-15 17:28:00.946] [785689] [HailoRT] [info] [vdevice_native_stream.cpp:331] [read_impl] Failed read from stream HAILO_STREAM_ABORT(63) (device: 0001:01:00.0)
[2026-04-15 17:28:00.952] [785680] [HailoRT] [info] [core_op.cpp:186] [deactivate] Deactivating took 0.009611 ms
[2026-04-15 17:28:00.952] [785680] [HailoRT] [info] [core_op.cpp:186] [deactivate] Deactivating took 0.032296 ms
[2026-04-15 17:28:00.985] [785680] [HailoRT] [info] [vdevice.cpp:535] [create] Creating vdevice with params: device_count: 1, scheduling_algorithm: NONE, multi_process_service: false
[2026-04-15 17:28:00.985] [785680] [HailoRT] [info] [device.cpp:51] [Device] OS Version: Linux 6.12.62+rpt-rpi-2712 #1 SMP PREEMPT Debian 1:6.12.62-1+rpt1 (2025-12-18) aarch64
[2026-04-15 17:28:00.986] [785680] [HailoRT] [info] [control.cpp:113] [control__parse_identify_results] firmware_version is: 4.23.0
[2026-04-15 17:28:00.986] [785680] [HailoRT] [info] [vdevice.cpp:682] [create] VDevice Infos: 0001:01:00.0
[2026-04-15 17:28:00.993] [785680] [HailoRT] [info] [internal_buffer_manager.cpp:77] [print_execution_results] Planned internal buffer memory: CMA=0 CMA-Desc=327680 Pinned=1180160. memory to edge layer usage factor is 1
[2026-04-15 17:28:00.993] [785680] [HailoRT] [info] [internal_buffer_manager.cpp:86] [print_execution_results] Default Internal buffer planner executed successfully
[2026-04-15 17:28:01.035] [785680] [HailoRT] [info] [device_internal.cpp:57] [configure] Configuring HEF took 48.764158 milliseconds
[2026-04-15 17:28:01.035] [785680] [HailoRT] [info] [vdevice.cpp:780] [configure] Configuring HEF on VDevice took 49.221372 milliseconds
[2026-04-15 17:28:01.035] [785680] [HailoRT] [info] [control.cpp:113] [control__parse_identify_results] firmware_version is: 4.23.0
[2026-04-15 17:28:01.036] [785680] [HailoRT] [info] [control.cpp:113] [control__parse_identify_results] firmware_version is: 4.23.0
[2026-04-15 17:28:01.037] [785680] [HailoRT] [info] [core_op.cpp:156] [activate] Activating yolov11n took 1.073887 milliseconds. Note that the function is asynchronous and thus the network is not fully activated yet.
[2026-04-15 17:28:01.037] [785680] [HailoRT] [info] [core_op.cpp:156] [activate] Activating yolov11n took 1.100313 milliseconds. Note that the function is asynchronous and thus the network is not fully activated yet.
[2026-04-15 17:28:01.056] [785680] [HailoRT] [info] [control.cpp:113] [control__parse_identify_results] firmware_version is: 4.23.0
[2026-04-15 17:28:01.056] [785680] [HailoRT] [info] [control.cpp:113] [control__parse_identify_results] firmware_version is: 4.23.0
[2026-04-15 17:28:01.056] [785680] [HailoRT] [info] [edge_elements.cpp:52] [create] Created (HwWriteEl8yolov11n/input_layer1 | hw_frame_size: 1228800)
[2026-04-15 17:28:01.056] [785680] [HailoRT] [info] [queue_elements.cpp:284] [create] Created (PushQEl8yolov11n/input_layer1 | timeout: 10s)
[2026-04-15 17:28:01.056] [785680] [HailoRT] [info] [filter_elements.cpp:101] [create] Created (PreInferEl8yolov11n/input_layer1 | Reorder - src_order: NHWC, src_shape: (640, 640, 3), dst_order: NHCW, dst_shape: (640, 640, 3))
[2026-04-15 17:28:01.057] [785680] [HailoRT] [info] [vstream.cpp:754] [InputVStreamImpl] Creating yolov11n/input_layer1...
[2026-04-15 17:28:01.057] [785680] [HailoRT] [info] [vstream_builder.cpp:102] [create_inputs] Input pipeline 'yolov11n/input_layer1': (PreInferEl8yolov11n/input_layer1 | Reorder - src_order: NHWC, src_shape: (640, 640, 3), dst_order: NHCW, dst_shape: (640, 640, 3)) >> (PushQEl8yolov11n/input_layer1 | timeout: 10s) >> (HwWriteEl8yolov11n/input_layer1 | hw_frame_size: 1228800) >> HW
[2026-04-15 17:28:01.057] [785680] [HailoRT] [info] [multi_io_elements.cpp:135] [create] Created (NmsPPMuxEl0YOLOV8-Post-Process | Op YOLOV8, Name: YOLOV8-Post-Process, Score threshold: 0.200, IoU threshold: 0.70, Classes: 80, Max bboxes per class: 100, Image height: 640, Image width: 640)
[2026-04-15 17:28:01.057] [785680] [HailoRT] [info] [edge_elements.cpp:287] [create] Created (HwReadEl3yolov11n/conv51_143 | hw_frame_size: 409600)
[2026-04-15 17:28:01.057] [785680] [HailoRT] [info] [queue_elements.cpp:657] [create] Created (PullQEl_nms3yolov11n/conv51_143 | timeout: 10s)
[2026-04-15 17:28:01.057] [785680] [HailoRT] [info] [edge_elements.cpp:287] [create] Created (HwReadEl12yolov11n/conv54_143 | hw_frame_size: 512000)
[2026-04-15 17:28:01.057] [785680] [HailoRT] [info] [queue_elements.cpp:657] [create] Created (PullQEl_nms12yolov11n/conv54_143 | timeout: 10s)
[2026-04-15 17:28:01.057] [785680] [HailoRT] [info] [edge_elements.cpp:287] [create] Created (HwReadEl15yolov11n/conv62_143 | hw_frame_size: 102400)
[2026-04-15 17:28:01.057] [785680] [HailoRT] [info] [queue_elements.cpp:657] [create] Created (PullQEl_nms15yolov11n/conv62_143 | timeout: 10s)
[2026-04-15 17:28:01.057] [785680] [HailoRT] [info] [edge_elements.cpp:287] [create] Created (HwReadEl13yolov11n/conv65_143 | hw_frame_size: 128000)
[2026-04-15 17:28:01.057] [785680] [HailoRT] [info] [queue_elements.cpp:657] [create] Created (PullQEl_nms13yolov11n/conv65_143 | timeout: 10s)
[2026-04-15 17:28:01.057] [785680] [HailoRT] [info] [edge_elements.cpp:287] [create] Created (HwReadEl1yolov11n/conv77_143 | hw_frame_size: 30720)
[2026-04-15 17:28:01.057] [785680] [HailoRT] [info] [queue_elements.cpp:657] [create] Created (PullQEl_nms1yolov11n/conv77_143 | timeout: 10s)
[2026-04-15 17:28:01.057] [785680] [HailoRT] [info] [edge_elements.cpp:287] [create] Created (HwReadEl0yolov11n/conv80_143 | hw_frame_size: 38400)
[2026-04-15 17:28:01.057] [785680] [HailoRT] [info] [queue_elements.cpp:657] [create] Created (PullQEl_nms0yolov11n/conv80_143 | timeout: 10s)
[2026-04-15 17:28:01.057] [785680] [HailoRT] [info] [queue_elements.cpp:800] [create] Created (UserBufQEl_post_infer0yolov11n/yolov8_nms_postprocess | timeout: 10s)
[2026-04-15 17:28:01.057] [785680] [HailoRT] [info] [vstream.cpp:1114] [OutputVStreamImpl] Creating yolov11n/yolov8_nms_postprocess...
[2026-04-15 17:28:01.057] [785680] [HailoRT] [info] [vstream_builder.cpp:622] [create_output_post_process_nms] Output pipeline 'yolov11n/yolov8_nms_postprocess': HW >> (HwReadEl3yolov11n/conv51_143 | hw_frame_size: 409600) >> (PullQEl_nms3yolov11n/conv51_143) >> (HwReadEl12yolov11n/conv54_143 | hw_frame_size: 512000) >> (PullQEl_nms12yolov11n/conv54_143) >> (HwReadEl15yolov11n/conv62_143 | hw_frame_size: 102400) >> (PullQEl_nms15yolov11n/conv62_143) >> (HwReadEl13yolov11n/conv65_143 | hw_frame_size: 128000) >> (PullQEl_nms13yolov11n/conv65_143) >> (HwReadEl1yolov11n/conv77_143 | hw_frame_size: 30720) >> (PullQEl_nms1yolov11n/conv77_143) >> (HwReadEl0yolov11n/conv80_143 | hw_frame_size: 38400) >> (PullQEl_nms0yolov11n/conv80_143) >> (NmsPPMuxEl0YOLOV8-Post-Process | Op YOLOV8, Name: YOLOV8-Post-Process, Score threshold: 0.200, IoU threshold: 0.70, Classes: 80, Max bboxes per class: 100, Image height: 640, Image width: 640) >> (UserBufQEl_post_infer0yolov11n/yolov8_nms_postprocess | timeout: 10s)
[2026-04-15 17:29:01.058] [786512] [HailoRT] [info] [vdevice_native_stream.cpp:331] [read_impl] Failed read from stream HAILO_STREAM_ABORT(63) (device: 0001:01:00.0)
[2026-04-15 17:29:01.058] [786511] [HailoRT] [info] [vdevice_native_stream.cpp:142] [write_impl] Failed write to stream yolov11n/input_layer1 (device: 0001:01:00.0) with status=HAILO_STREAM_ABORT(63)
[2026-04-15 17:29:01.058] [786512] [HailoRT] [info] [edge_elements.cpp:396] [run_pull] Reading from stream was aborted!
[2026-04-15 17:29:01.058] [786512] [HailoRT] [info] [queue_elements.cpp:738] [run_in_thread] run_pull of queue element PullQEl_nms3yolov11n/conv51_143 was aborted!
[2026-04-15 17:29:01.058] [786517] [HailoRT] [info] [vdevice_native_stream.cpp:331] [read_impl] Failed read from stream HAILO_STREAM_ABORT(63) (device: 0001:01:00.0)
[2026-04-15 17:29:01.058] [786513] [HailoRT] [info] [vdevice_native_stream.cpp:331] [read_impl] Failed read from stream HAILO_STREAM_ABORT(63) (device: 0001:01:00.0)
[2026-04-15 17:29:01.058] [786521] [HailoRT] [info] [queue_elements.cpp:706] [run_pull] Shutdown event was signaled in dequeue of queue element PullQEl_nms3yolov11n/conv51_143!
[2026-04-15 17:29:01.058] [786513] [HailoRT] [info] [edge_elements.cpp:396] [run_pull] Reading from stream was aborted!
[2026-04-15 17:29:01.058] [786515] [HailoRT] [info] [vdevice_native_stream.cpp:331] [read_impl] Failed read from stream HAILO_STREAM_ABORT(63) (device: 0001:01:00.0)
[2026-04-15 17:29:01.058] [786515] [HailoRT] [info] [edge_elements.cpp:396] [run_pull] Reading from stream was aborted!
[2026-04-15 17:29:01.058] [786513] [HailoRT] [info] [queue_elements.cpp:738] [run_in_thread] run_pull of queue element PullQEl_nms12yolov11n/conv54_143 was aborted!
[2026-04-15 17:29:01.058] [786521] [HailoRT] [info] [vstream.cpp:1138] [read] Receiving to VStream was shutdown!
[2026-04-15 17:29:01.058] [786515] [HailoRT] [info] [queue_elements.cpp:738] [run_in_thread] run_pull of queue element PullQEl_nms13yolov11n/conv65_143 was aborted!
[2026-04-15 17:29:01.058] [786511] [HailoRT] [info] [edge_elements.cpp:87] [run_push] Failed to send on input stream InputStream(index=8, name=yolov11n/input_layer1) because stream was aborted
[2026-04-15 17:29:01.058] [786516] [HailoRT] [info] [vdevice_native_stream.cpp:331] [read_impl] Failed read from stream HAILO_STREAM_ABORT(63) (device: 0001:01:00.0)
[2026-04-15 17:29:01.058] [786511] [HailoRT] [info] [queue_elements.cpp:401] [run_in_thread] run_push of PushQEl8yolov11n/input_layer1 was aborted!
[2026-04-15 17:29:01.058] [786516] [HailoRT] [info] [edge_elements.cpp:396] [run_pull] Reading from stream was aborted!
[2026-04-15 17:29:01.058] [786514] [HailoRT] [info] [vdevice_native_stream.cpp:331] [read_impl] Failed read from stream HAILO_STREAM_ABORT(63) (device: 0001:01:00.0)
[2026-04-15 17:29:01.058] [786514] [HailoRT] [info] [edge_elements.cpp:396] [run_pull] Reading from stream was aborted!
[2026-04-15 17:29:01.058] [786516] [HailoRT] [info] [queue_elements.cpp:738] [run_in_thread] run_pull of queue element PullQEl_nms1yolov11n/conv77_143 was aborted!
[2026-04-15 17:29:01.058] [786514] [HailoRT] [info] [queue_elements.cpp:738] [run_in_thread] run_pull of queue element PullQEl_nms15yolov11n/conv62_143 was aborted!
[2026-04-15 17:29:01.058] [786517] [HailoRT] [info] [edge_elements.cpp:396] [run_pull] Reading from stream was aborted!
[2026-04-15 17:29:01.058] [786517] [HailoRT] [info] [queue_elements.cpp:738] [run_in_thread] run_pull of queue element PullQEl_nms0yolov11n/conv80_143 was aborted!
[2026-04-15 17:29:01.058] [786522] [HailoRT] [info] [vstream.cpp:774] [write] Sending to VStream was shutdown!
[2026-04-15 17:29:01.058] [786522] [HailoRT] [info] [vstream.cpp:778] [write] Sending to VStream was aborted!
[2026-04-15 17:29:01.090] [785680] [HailoRT] [info] [queue_elements.cpp:360] [execute_deactivate] enqueue() in element PushQEl8yolov11n/input_layer1 was aborted, got status = HAILO_SHUTDOWN_EVENT_SIGNALED(57)
[2026-04-15 17:29:01.090] [786511] [HailoRT] [info] [queue_elements.cpp:68] [operator()] Thread in element PushQEl8yolov11n/input_layer1 is not running anymore, exiting..
[2026-04-15 17:29:01.090] [785680] [HailoRT] [info] [queue_elements.cpp:46] [~BaseQueueElement] Queue element PushQEl8yolov11n/input_layer1 has 1 frames in his Queue on destruction
[2026-04-15 17:29:01.091] [786518] [HailoRT] [info] [queue_elements.cpp:68] [operator()] Thread in element UserBufQEl_post_infer0yolov11n/yolov8_nms_postprocess is not running anymore, exiting..
[2026-04-15 17:29:01.091] [785680] [HailoRT] [info] [queue_elements.cpp:46] [~BaseQueueElement] Queue element UserBufQEl_post_infer0yolov11n/yolov8_nms_postprocess has 0 frames in his Queue on destruction
[2026-04-15 17:29:01.091] [786517] [HailoRT] [info] [queue_elements.cpp:68] [operator()] Thread in element PullQEl_nms0yolov11n/conv80_143 is not running anymore, exiting..
[2026-04-15 17:29:01.091] [785680] [HailoRT] [info] [queue_elements.cpp:46] [~BaseQueueElement] Queue element PullQEl_nms0yolov11n/conv80_143 has 0 frames in his Queue on destruction
[2026-04-15 17:29:01.091] [786516] [HailoRT] [info] [queue_elements.cpp:68] [operator()] Thread in element PullQEl_nms1yolov11n/conv77_143 is not running anymore, exiting..
[2026-04-15 17:29:01.091] [785680] [HailoRT] [info] [queue_elements.cpp:46] [~BaseQueueElement] Queue element PullQEl_nms1yolov11n/conv77_143 has 0 frames in his Queue on destruction
[2026-04-15 17:29:01.091] [786515] [HailoRT] [info] [queue_elements.cpp:68] [operator()] Thread in element PullQEl_nms13yolov11n/conv65_143 is not running anymore, exiting..
[2026-04-15 17:29:01.091] [785680] [HailoRT] [info] [queue_elements.cpp:46] [~BaseQueueElement] Queue element PullQEl_nms13yolov11n/conv65_143 has 0 frames in his Queue on destruction
[2026-04-15 17:29:01.091] [786514] [HailoRT] [info] [queue_elements.cpp:68] [operator()] Thread in element PullQEl_nms15yolov11n/conv62_143 is not running anymore, exiting..
[2026-04-15 17:29:01.091] [785680] [HailoRT] [info] [queue_elements.cpp:46] [~BaseQueueElement] Queue element PullQEl_nms15yolov11n/conv62_143 has 0 frames in his Queue on destruction
[2026-04-15 17:29:01.091] [786513] [HailoRT] [info] [queue_elements.cpp:68] [operator()] Thread in element PullQEl_nms12yolov11n/conv54_143 is not running anymore, exiting..
[2026-04-15 17:29:01.091] [785680] [HailoRT] [info] [queue_elements.cpp:46] [~BaseQueueElement] Queue element PullQEl_nms12yolov11n/conv54_143 has 0 frames in his Queue on destruction
[2026-04-15 17:29:01.091] [786512] [HailoRT] [info] [queue_elements.cpp:68] [operator()] Thread in element PullQEl_nms3yolov11n/conv51_143 is not running anymore, exiting..
[2026-04-15 17:29:01.091] [785680] [HailoRT] [info] [queue_elements.cpp:46] [~BaseQueueElement] Queue element PullQEl_nms3yolov11n/conv51_143 has 0 frames in his Queue on destruction
[2026-04-15 17:29:01.091] [785680] [HailoRT] [info] [core_op.cpp:186] [deactivate] Deactivating took 0.009944 ms
[2026-04-15 17:29:01.091] [785680] [HailoRT] [info] [core_op.cpp:186] [deactivate] Deactivating took 0.022129 ms
[2026-04-15 17:29:01.122] [785680] [HailoRT] [info] [vdevice.cpp:535] [create] Creating vdevice with params: device_count: 1, scheduling_algorithm: NONE, multi_process_service: false
[2026-04-15 17:29:01.123] [785680] [HailoRT] [info] [device.cpp:51] [Device] OS Version: Linux 6.12.62+rpt-rpi-2712 #1 SMP PREEMPT Debian 1:6.12.62-1+rpt1 (2025-12-18) aarch64
[2026-04-15 17:29:01.123] [785680] [HailoRT] [info] [control.cpp:113] [control__parse_identify_results] firmware_version is: 4.23.0
[2026-04-15 17:29:01.124] [785680] [HailoRT] [info] [vdevice.cpp:682] [create] VDevice Infos: 0001:01:00.0
[2026-04-15 17:29:01.132] [785680] [HailoRT] [info] [internal_buffer_manager.cpp:77] [print_execution_results] Planned internal buffer memory: CMA=0 CMA-Desc=327680 Pinned=1180160. memory to edge layer usage factor is 1
[2026-04-15 17:29:01.132] [785680] [HailoRT] [info] [internal_buffer_manager.cpp:86] [print_execution_results] Default Internal buffer planner executed successfully
[2026-04-15 17:29:01.170] [785680] [HailoRT] [info] [device_internal.cpp:57] [configure] Configuring HEF took 45.652277 milliseconds
[2026-04-15 17:29:01.171] [785680] [HailoRT] [info] [vdevice.cpp:780] [configure] Configuring HEF on VDevice took 47.060773 milliseconds
[2026-04-15 17:29:01.171] [785680] [HailoRT] [info] [control.cpp:113] [control__parse_identify_results] firmware_version is: 4.23.0
[2026-04-15 17:29:01.171] [785680] [HailoRT] [info] [control.cpp:113] [control__parse_identify_results] firmware_version is: 4.23.0
[2026-04-15 17:29:01.172] [785680] [HailoRT] [info] [core_op.cpp:156] [activate] Activating yolov11n took 0.882726 milliseconds. Note that the function is asynchronous and thus the network is not fully activated yet.
[2026-04-15 17:29:01.172] [785680] [HailoRT] [info] [core_op.cpp:156] [activate] Activating yolov11n took 0.901892 milliseconds. Note that the function is asynchronous and thus the network is not fully activated yet.
[2026-04-15 17:29:01.189] [785680] [HailoRT] [info] [control.cpp:113] [control__parse_identify_results] firmware_version is: 4.23.0
[2026-04-15 17:29:01.189] [785680] [HailoRT] [info] [control.cpp:113] [control__parse_identify_results] firmware_version is: 4.23.0
[2026-04-15 17:29:01.189] [785680] [HailoRT] [info] [edge_elements.cpp:52] [create] Created (HwWriteEl8yolov11n/input_layer1 | hw_frame_size: 1228800)
[2026-04-15 17:29:01.190] [785680] [HailoRT] [info] [queue_elements.cpp:284] [create] Created (PushQEl8yolov11n/input_layer1 | timeout: 10s)
[2026-04-15 17:29:01.190] [785680] [HailoRT] [info] [filter_elements.cpp:101] [create] Created (PreInferEl8yolov11n/input_layer1 | Reorder - src_order: NHWC, src_shape: (640, 640, 3), dst_order: NHCW, dst_shape: (640, 640, 3))
[2026-04-15 17:29:01.190] [785680] [HailoRT] [info] [vstream.cpp:754] [InputVStreamImpl] Creating yolov11n/input_layer1...
[2026-04-15 17:29:01.190] [785680] [HailoRT] [info] [vstream_builder.cpp:102] [create_inputs] Input pipeline 'yolov11n/input_layer1': (PreInferEl8yolov11n/input_layer1 | Reorder - src_order: NHWC, src_shape: (640, 640, 3), dst_order: NHCW, dst_shape: (640, 640, 3)) >> (PushQEl8yolov11n/input_layer1 | timeout: 10s) >> (HwWriteEl8yolov11n/input_layer1 | hw_frame_size: 1228800) >> HW
[2026-04-15 17:29:01.190] [785680] [HailoRT] [info] [multi_io_elements.cpp:135] [create] Created (NmsPPMuxEl0YOLOV8-Post-Process | Op YOLOV8, Name: YOLOV8-Post-Process, Score threshold: 0.200, IoU threshold: 0.70, Classes: 80, Max bboxes per class: 100, Image height: 640, Image width: 640)
[2026-04-15 17:29:01.190] [785680] [HailoRT] [info] [edge_elements.cpp:287] [create] Created (HwReadEl3yolov11n/conv51_143 | hw_frame_size: 409600)
[2026-04-15 17:29:01.190] [785680] [HailoRT] [info] [queue_elements.cpp:657] [create] Created (PullQEl_nms3yolov11n/conv51_143 | timeout: 10s)
[2026-04-15 17:29:01.190] [785680] [HailoRT] [info] [edge_elements.cpp:287] [create] Created (HwReadEl12yolov11n/conv54_143 | hw_frame_size: 512000)
[2026-04-15 17:29:01.190] [785680] [HailoRT] [info] [queue_elements.cpp:657] [create] Created (PullQEl_nms12yolov11n/conv54_143 | timeout: 10s)
[2026-04-15 17:29:01.190] [785680] [HailoRT] [info] [edge_elements.cpp:287] [create] Created (HwReadEl15yolov11n/conv62_143 | hw_frame_size: 102400)
[2026-04-15 17:29:01.190] [785680] [HailoRT] [info] [queue_elements.cpp:657] [create] Created (PullQEl_nms15yolov11n/conv62_143 | timeout: 10s)
[2026-04-15 17:29:01.190] [785680] [HailoRT] [info] [edge_elements.cpp:287] [create] Created (HwReadEl13yolov11n/conv65_143 | hw_frame_size: 128000)
[2026-04-15 17:29:01.190] [785680] [HailoRT] [info] [queue_elements.cpp:657] [create] Created (PullQEl_nms13yolov11n/conv65_143 | timeout: 10s)
[2026-04-15 17:29:01.190] [785680] [HailoRT] [info] [edge_elements.cpp:287] [create] Created (HwReadEl1yolov11n/conv77_143 | hw_frame_size: 30720)
[2026-04-15 17:29:01.190] [785680] [HailoRT] [info] [queue_elements.cpp:657] [create] Created (PullQEl_nms1yolov11n/conv77_143 | timeout: 10s)
[2026-04-15 17:29:01.190] [785680] [HailoRT] [info] [edge_elements.cpp:287] [create] Created (HwReadEl0yolov11n/conv80_143 | hw_frame_size: 38400)
[2026-04-15 17:29:01.190] [785680] [HailoRT] [info] [queue_elements.cpp:657] [create] Created (PullQEl_nms0yolov11n/conv80_143 | timeout: 10s)
[2026-04-15 17:29:01.191] [785680] [HailoRT] [info] [queue_elements.cpp:800] [create] Created (UserBufQEl_post_infer0yolov11n/yolov8_nms_postprocess | timeout: 10s)
[2026-04-15 17:29:01.191] [785680] [HailoRT] [info] [vstream.cpp:1114] [OutputVStreamImpl] Creating yolov11n/yolov8_nms_postprocess...
[2026-04-15 17:29:01.191] [785680] [HailoRT] [info] [vstream_builder.cpp:622] [create_output_post_process_nms] Output pipeline 'yolov11n/yolov8_nms_postprocess': HW >> (HwReadEl3yolov11n/conv51_143 | hw_frame_size: 409600) >> (PullQEl_nms3yolov11n/conv51_143) >> (HwReadEl12yolov11n/conv54_143 | hw_frame_size: 512000) >> (PullQEl_nms12yolov11n/conv54_143) >> (HwReadEl15yolov11n/conv62_143 | hw_frame_size: 102400) >> (PullQEl_nms15yolov11n/conv62_143) >> (HwReadEl13yolov11n/conv65_143 | hw_frame_size: 128000) >> (PullQEl_nms13yolov11n/conv65_143) >> (HwReadEl1yolov11n/conv77_143 | hw_frame_size: 30720) >> (PullQEl_nms1yolov11n/conv77_143) >> (HwReadEl0yolov11n/conv80_143 | hw_frame_size: 38400) >> (PullQEl_nms0yolov11n/conv80_143) >> (NmsPPMuxEl0YOLOV8-Post-Process | Op YOLOV8, Name: YOLOV8-Post-Process, Score threshold: 0.200, IoU threshold: 0.70, Classes: 80, Max bboxes per class: 100, Image height: 640, Image width: 640) >> (UserBufQEl_post_infer0yolov11n/yolov8_nms_postprocess | timeout: 10s)
[2026-04-15 17:30:01.191] [787312] [HailoRT] [info] [vdevice_native_stream.cpp:331] [read_impl] Failed read from stream HAILO_STREAM_ABORT(63) (device: 0001:01:00.0)
[2026-04-15 17:30:01.191] [787312] [HailoRT] [info] [edge_elements.cpp:396] [run_pull] Reading from stream was aborted!
[2026-04-15 17:30:01.191] [787312] [HailoRT] [info] [queue_elements.cpp:738] [run_in_thread] run_pull of queue element PullQEl_nms12yolov11n/conv54_143 was aborted!
[2026-04-15 17:30:01.191] [787314] [HailoRT] [info] [vdevice_native_stream.cpp:331] [read_impl] Failed read from stream HAILO_STREAM_ABORT(63) (device: 0001:01:00.0)
[2026-04-15 17:30:01.191] [787316] [HailoRT] [info] [vdevice_native_stream.cpp:331] [read_impl] Failed read from stream HAILO_STREAM_ABORT(63) (device: 0001:01:00.0)
[2026-04-15 17:30:01.191] [787315] [HailoRT] [info] [vdevice_native_stream.cpp:331] [read_impl] Failed read from stream HAILO_STREAM_ABORT(63) (device: 0001:01:00.0)
[2026-04-15 17:30:01.191] [787313] [HailoRT] [info] [vdevice_native_stream.cpp:331] [read_impl] Failed read from stream HAILO_STREAM_ABORT(63) (device: 0001:01:00.0)
[2026-04-15 17:30:01.191] [787315] [HailoRT] [info] [edge_elements.cpp:396] [run_pull] Reading from stream was aborted!
[2026-04-15 17:30:01.191] [787313] [HailoRT] [info] [edge_elements.cpp:396] [run_pull] Reading from stream was aborted!
[2026-04-15 17:30:01.191] [787315] [HailoRT] [info] [queue_elements.cpp:738] [run_in_thread] run_pull of queue element PullQEl_nms1yolov11n/conv77_143 was aborted!
[2026-04-15 17:30:01.191] [787311] [HailoRT] [info] [vdevice_native_stream.cpp:331] [read_impl] Failed read from stream HAILO_STREAM_ABORT(63) (device: 0001:01:00.0)
[2026-04-15 17:30:01.191] [787311] [HailoRT] [info] [edge_elements.cpp:396] [run_pull] Reading from stream was aborted!
[2026-04-15 17:30:01.191] [787314] [HailoRT] [info] [edge_elements.cpp:396] [run_pull] Reading from stream was aborted!
[2026-04-15 17:30:01.191] [787316] [HailoRT] [info] [edge_elements.cpp:396] [run_pull] Reading from stream was aborted!
[2026-04-15 17:30:01.191] [787313] [HailoRT] [info] [queue_elements.cpp:738] [run_in_thread] run_pull of queue element PullQEl_nms15yolov11n/conv62_143 was aborted!
[2026-04-15 17:30:01.191] [787311] [HailoRT] [info] [queue_elements.cpp:738] [run_in_thread] run_pull of queue element PullQEl_nms3yolov11n/conv51_143 was aborted!
[2026-04-15 17:30:01.191] [787314] [HailoRT] [info] [queue_elements.cpp:738] [run_in_thread] run_pull of queue element PullQEl_nms13yolov11n/conv65_143 was aborted!
[2026-04-15 17:30:01.191] [787316] [HailoRT] [info] [queue_elements.cpp:738] [run_in_thread] run_pull of queue element PullQEl_nms0yolov11n/conv80_143 was aborted!
[2026-04-15 17:30:01.191] [787320] [HailoRT] [info] [queue_elements.cpp:706] [run_pull] Shutdown event was signaled in dequeue of queue element PullQEl_nms3yolov11n/conv51_143!
[2026-04-15 17:30:01.191] [787320] [HailoRT] [info] [vstream.cpp:1138] [read] Receiving to VStream was shutdown!
[2026-04-15 17:30:01.193] [787310] [HailoRT] [info] [vdevice_native_stream.cpp:142] [write_impl] Failed write to stream yolov11n/input_layer1 (device: 0001:01:00.0) with status=HAILO_STREAM_ABORT(63)
[2026-04-15 17:30:01.193] [787310] [HailoRT] [info] [edge_elements.cpp:87] [run_push] Failed to send on input stream InputStream(index=8, name=yolov11n/input_layer1) because stream was aborted
[2026-04-15 17:30:01.193] [787310] [HailoRT] [info] [queue_elements.cpp:401] [run_in_thread] run_push of PushQEl8yolov11n/input_layer1 was aborted!
[2026-04-15 17:30:01.194] [787321] [HailoRT] [info] [queue_elements.cpp:319] [run_push] run_push of PushQEl8yolov11n/input_layer1 was aborted!
[2026-04-15 17:30:01.194] [787321] [HailoRT] [info] [filter_elements.cpp:35] [run_push] run_push of PreInferEl8yolov11n/input_layer1 was aborted!
[2026-04-15 17:30:01.194] [787321] [HailoRT] [info] [vstream.cpp:778] [write] Sending to VStream was aborted!
[2026-04-15 17:30:01.197] [785680] [HailoRT] [info] [queue_elements.cpp:360] [execute_deactivate] enqueue() in element PushQEl8yolov11n/input_layer1 was aborted, got status = HAILO_SHUTDOWN_EVENT_SIGNALED(57)
[2026-04-15 17:30:01.197] [787310] [HailoRT] [info] [queue_elements.cpp:68] [operator()] Thread in element PushQEl8yolov11n/input_layer1 is not running anymore, exiting..
[2026-04-15 17:30:01.197] [785680] [HailoRT] [info] [queue_elements.cpp:46] [~BaseQueueElement] Queue element PushQEl8yolov11n/input_layer1 has 0 frames in his Queue on destruction
[2026-04-15 17:30:01.197] [787317] [HailoRT] [info] [queue_elements.cpp:68] [operator()] Thread in element UserBufQEl_post_infer0yolov11n/yolov8_nms_postprocess is not running anymore, exiting..
[2026-04-15 17:30:01.197] [785680] [HailoRT] [info] [queue_elements.cpp:46] [~BaseQueueElement] Queue element UserBufQEl_post_infer0yolov11n/yolov8_nms_postprocess has 0 frames in his Queue on destruction
[2026-04-15 17:30:01.197] [787316] [HailoRT] [info] [queue_elements.cpp:68] [operator()] Thread in element PullQEl_nms0yolov11n/conv80_143 is not running anymore, exiting..
[2026-04-15 17:30:01.197] [785680] [HailoRT] [info] [queue_elements.cpp:46] [~BaseQueueElement] Queue element PullQEl_nms0yolov11n/conv80_143 has 0 frames in his Queue on destruction
[2026-04-15 17:30:01.197] [787315] [HailoRT] [info] [queue_elements.cpp:68] [operator()] Thread in element PullQEl_nms1yolov11n/conv77_143 is not running anymore, exiting..
[2026-04-15 17:30:01.197] [785680] [HailoRT] [info] [queue_elements.cpp:46] [~BaseQueueElement] Queue element PullQEl_nms1yolov11n/conv77_143 has 0 frames in his Queue on destruction
[2026-04-15 17:30:01.197] [787314] [HailoRT] [info] [queue_elements.cpp:68] [operator()] Thread in element PullQEl_nms13yolov11n/conv65_143 is not running anymore, exiting..
[2026-04-15 17:30:01.197] [785680] [HailoRT] [info] [queue_elements.cpp:46] [~BaseQueueElement] Queue element PullQEl_nms13yolov11n/conv65_143 has 0 frames in his Queue on destruction
[2026-04-15 17:30:01.197] [787313] [HailoRT] [info] [queue_elements.cpp:68] [operator()] Thread in element PullQEl_nms15yolov11n/conv62_143 is not running anymore, exiting..
[2026-04-15 17:30:01.197] [785680] [HailoRT] [info] [queue_elements.cpp:46] [~BaseQueueElement] Queue element PullQEl_nms15yolov11n/conv62_143 has 0 frames in his Queue on destruction
[2026-04-15 17:30:01.197] [787312] [HailoRT] [info] [queue_elements.cpp:68] [operator()] Thread in element PullQEl_nms12yolov11n/conv54_143 is not running anymore, exiting..
[2026-04-15 17:30:01.197] [785680] [HailoRT] [info] [queue_elements.cpp:46] [~BaseQueueElement] Queue element PullQEl_nms12yolov11n/conv54_143 has 0 frames in his Queue on destruction
[2026-04-15 17:30:01.198] [787311] [HailoRT] [info] [queue_elements.cpp:68] [operator()] Thread in element PullQEl_nms3yolov11n/conv51_143 is not running anymore, exiting..
[2026-04-15 17:30:01.198] [785680] [HailoRT] [info] [queue_elements.cpp:46] [~BaseQueueElement] Queue element PullQEl_nms3yolov11n/conv51_143 has 0 frames in his Queue on destruction
[2026-04-15 17:30:01.198] [785680] [HailoRT] [info] [core_op.cpp:186] [deactivate] Deactivating took 0.007481 ms
[2026-04-15 17:30:01.198] [785680] [HailoRT] [info] [core_op.cpp:186] [deactivate] Deactivating took 0.018 ms
[2026-04-15 17:30:11.530] [788217] [HailoRT] [info] [vdevice.cpp:535] [create] Creating vdevice with params: device_count: 1, scheduling_algorithm: NONE, multi_process_service: false
[2026-04-15 17:30:11.543] [788217] [HailoRT] [info] [device.cpp:51] [Device] OS Version: Linux 6.12.62+rpt-rpi-2712 #1 SMP PREEMPT Debian 1:6.12.62-1+rpt1 (2025-12-18) aarch64
[2026-04-15 17:30:11.543] [788217] [HailoRT] [info] [control.cpp:113] [control__parse_identify_results] firmware_version is: 4.23.0
[2026-04-15 17:30:11.543] [788217] [HailoRT] [info] [vdevice.cpp:682] [create] VDevice Infos: 0001:01:00.0
[2026-04-15 17:30:11.550] [788217] [HailoRT] [info] [internal_buffer_manager.cpp:77] [print_execution_results] Planned internal buffer memory: CMA=0 CMA-Desc=327680 Pinned=2357760. memory to edge layer usage factor is 1
[2026-04-15 17:30:11.550] [788217] [HailoRT] [info] [internal_buffer_manager.cpp:86] [print_execution_results] Default Internal buffer planner executed successfully
[2026-04-15 17:30:11.581] [788217] [HailoRT] [info] [device_internal.cpp:57] [configure] Configuring HEF took 37.03305 milliseconds
[2026-04-15 17:30:11.581] [788217] [HailoRT] [info] [vdevice.cpp:780] [configure] Configuring HEF on VDevice took 37.396841 milliseconds
[2026-04-15 17:30:11.581] [788217] [HailoRT] [info] [control.cpp:113] [control__parse_identify_results] firmware_version is: 4.23.0
[2026-04-15 17:30:11.581] [788217] [HailoRT] [info] [control.cpp:113] [control__parse_identify_results] firmware_version is: 4.23.0
[2026-04-15 17:30:11.582] [788217] [HailoRT] [info] [core_op.cpp:156] [activate] Activating yolov11n took 0.645971 milliseconds. Note that the function is asynchronous and thus the network is not fully activated yet.
[2026-04-15 17:30:11.582] [788217] [HailoRT] [info] [core_op.cpp:156] [activate] Activating yolov11n took 0.658026 milliseconds. Note that the function is asynchronous and thus the network is not fully activated yet.
[2026-04-15 17:30:11.596] [788217] [HailoRT] [info] [control.cpp:113] [control__parse_identify_results] firmware_version is: 4.23.0
[2026-04-15 17:30:11.596] [788217] [HailoRT] [info] [control.cpp:113] [control__parse_identify_results] firmware_version is: 4.23.0
[2026-04-15 17:30:12.875] [788209] [HailoRT] [info] [device.cpp:51] [Device] OS Version: Linux 6.12.62+rpt-rpi-2712 #1 SMP PREEMPT Debian 1:6.12.62-1+rpt1 (2025-12-18) aarch64
[2026-04-15 17:30:12.875] [788209] [HailoRT] [info] [control.cpp:113] [control__parse_identify_results] firmware_version is: 4.23.0
[2026-04-15 17:30:12.875] [788209] [HailoRT] [info] [control.cpp:113] [control__parse_identify_results] firmware_version is: 4.23.0
[2026-04-15 17:31:11.596] [788232] [HailoRT] [info] [vdevice_native_stream.cpp:142] [write_impl] Failed write to stream yolov11n/input_layer1 (device: 0001:01:00.0) with status=HAILO_STREAM_ABORT(63)
[2026-04-15 17:31:11.596] [788229] [HailoRT] [info] [vdevice_native_stream.cpp:331] [read_impl] Failed read from stream HAILO_STREAM_ABORT(63) (device: 0001:01:00.0)
[2026-04-15 17:31:11.596] [788230] [HailoRT] [info] [vdevice_native_stream.cpp:331] [read_impl] Failed read from stream HAILO_STREAM_ABORT(63) (device: 0001:01:00.0)
[2026-04-15 17:31:11.596] [788228] [HailoRT] [info] [vdevice_native_stream.cpp:331] [read_impl] Failed read from stream HAILO_STREAM_ABORT(63) (device: 0001:01:00.0)
[2026-04-15 17:31:11.596] [788226] [HailoRT] [info] [vdevice_native_stream.cpp:331] [read_impl] Failed read from stream HAILO_STREAM_ABORT(63) (device: 0001:01:00.0)
[2026-04-15 17:31:11.596] [788227] [HailoRT] [info] [vdevice_native_stream.cpp:331] [read_impl] Failed read from stream HAILO_STREAM_ABORT(63) (device: 0001:01:00.0)
[2026-04-15 17:31:11.596] [788231] [HailoRT] [info] [vdevice_native_stream.cpp:331] [read_impl] Failed read from stream HAILO_STREAM_ABORT(63) (device: 0001:01:00.0)
[2026-04-15 17:31:11.629] [788217] [HailoRT] [info] [core_op.cpp:186] [deactivate] Deactivating took 0.006908 ms
[2026-04-15 17:31:11.629] [788217] [HailoRT] [info] [core_op.cpp:186] [deactivate] Deactivating took 0.023037 ms
[2026-04-15 17:31:11.673] [788217] [HailoRT] [info] [vdevice.cpp:535] [create] Creating vdevice with params: device_count: 1, scheduling_algorithm: NONE, multi_process_service: false
[2026-04-15 17:31:11.673] [788217] [HailoRT] [info] [device.cpp:51] [Device] OS Version: Linux 6.12.62+rpt-rpi-2712 #1 SMP PREEMPT Debian 1:6.12.62-1+rpt1 (2025-12-18) aarch64
[2026-04-15 17:31:11.673] [788217] [HailoRT] [info] [control.cpp:113] [control__parse_identify_results] firmware_version is: 4.23.0
[2026-04-15 17:31:11.673] [788217] [HailoRT] [info] [vdevice.cpp:682] [create] VDevice Infos: 0001:01:00.0
[2026-04-15 17:31:11.680] [788217] [HailoRT] [info] [internal_buffer_manager.cpp:77] [print_execution_results] Planned internal buffer memory: CMA=0 CMA-Desc=327680 Pinned=2357760. memory to edge layer usage factor is 1
[2026-04-15 17:31:11.680] [788217] [HailoRT] [info] [internal_buffer_manager.cpp:86] [print_execution_results] Default Internal buffer planner executed successfully
[2026-04-15 17:31:11.715] [788217] [HailoRT] [info] [device_internal.cpp:57] [configure] Configuring HEF took 41.236454 milliseconds
[2026-04-15 17:31:11.715] [788217] [HailoRT] [info] [vdevice.cpp:780] [configure] Configuring HEF on VDevice took 41.855426 milliseconds
[2026-04-15 17:31:11.716] [788217] [HailoRT] [info] [control.cpp:113] [control__parse_identify_results] firmware_version is: 4.23.0
[2026-04-15 17:31:11.716] [788217] [HailoRT] [info] [control.cpp:113] [control__parse_identify_results] firmware_version is: 4.23.0
[2026-04-15 17:31:11.717] [788217] [HailoRT] [info] [core_op.cpp:156] [activate] Activating yolov11n took 0.995374 milliseconds. Note that the function is asynchronous and thus the network is not fully activated yet.
[2026-04-15 17:31:11.717] [788217] [HailoRT] [info] [core_op.cpp:156] [activate] Activating yolov11n took 1.025374 milliseconds. Note that the function is asynchronous and thus the network is not fully activated yet.
[2026-04-15 17:31:11.731] [788217] [HailoRT] [info] [control.cpp:113] [control__parse_identify_results] firmware_version is: 4.23.0
[2026-04-15 17:31:11.731] [788217] [HailoRT] [info] [control.cpp:113] [control__parse_identify_results] firmware_version is: 4.23.0
[2026-04-15 17:31:11.731] [788217] [HailoRT] [info] [edge_elements.cpp:52] [create] Created (HwWriteEl8yolov11n/input_layer1 | hw_frame_size: 1228800)
[2026-04-15 17:31:11.732] [788217] [HailoRT] [info] [queue_elements.cpp:284] [create] Created (PushQEl8yolov11n/input_layer1 | timeout: 10s)
[2026-04-15 17:31:11.732] [788217] [HailoRT] [info] [filter_elements.cpp:101] [create] Created (PreInferEl8yolov11n/input_layer1 | Reorder - src_order: NHWC, src_shape: (640, 640, 3), dst_order: NHCW, dst_shape: (640, 640, 3))
[2026-04-15 17:31:11.732] [788217] [HailoRT] [info] [vstream.cpp:754] [InputVStreamImpl] Creating yolov11n/input_layer1...
[2026-04-15 17:31:11.732] [788217] [HailoRT] [info] [vstream_builder.cpp:102] [create_inputs] Input pipeline 'yolov11n/input_layer1': (PreInferEl8yolov11n/input_layer1 | Reorder - src_order: NHWC, src_shape: (640, 640, 3), dst_order: NHCW, dst_shape: (640, 640, 3)) >> (PushQEl8yolov11n/input_layer1 | timeout: 10s) >> (HwWriteEl8yolov11n/input_layer1 | hw_frame_size: 1228800) >> HW
[2026-04-15 17:31:11.732] [788217] [HailoRT] [info] [multi_io_elements.cpp:135] [create] Created (NmsPPMuxEl0YOLOV8-Post-Process | Op YOLOV8, Name: YOLOV8-Post-Process, Score threshold: 0.200, IoU threshold: 0.70, Classes: 80, Max bboxes per class: 100, Image height: 640, Image width: 640)
[2026-04-15 17:31:11.732] [788217] [HailoRT] [info] [edge_elements.cpp:287] [create] Created (HwReadEl3yolov11n/conv51_143 | hw_frame_size: 409600)
[2026-04-15 17:31:11.732] [788217] [HailoRT] [info] [queue_elements.cpp:657] [create] Created (PullQEl_nms3yolov11n/conv51_143 | timeout: 10s)
[2026-04-15 17:31:11.732] [788217] [HailoRT] [info] [edge_elements.cpp:287] [create] Created (HwReadEl12yolov11n/conv54_143 | hw_frame_size: 512000)
[2026-04-15 17:31:11.732] [788217] [HailoRT] [info] [queue_elements.cpp:657] [create] Created (PullQEl_nms12yolov11n/conv54_143 | timeout: 10s)
[2026-04-15 17:31:11.732] [788217] [HailoRT] [info] [edge_elements.cpp:287] [create] Created (HwReadEl15yolov11n/conv62_143 | hw_frame_size: 102400)
[2026-04-15 17:31:11.733] [788217] [HailoRT] [info] [queue_elements.cpp:657] [create] Created (PullQEl_nms15yolov11n/conv62_143 | timeout: 10s)
[2026-04-15 17:31:11.733] [788217] [HailoRT] [info] [edge_elements.cpp:287] [create] Created (HwReadEl13yolov11n/conv65_143 | hw_frame_size: 128000)
[2026-04-15 17:31:11.733] [788217] [HailoRT] [info] [queue_elements.cpp:657] [create] Created (PullQEl_nms13yolov11n/conv65_143 | timeout: 10s)
[2026-04-15 17:31:11.733] [788217] [HailoRT] [info] [edge_elements.cpp:287] [create] Created (HwReadEl1yolov11n/conv77_143 | hw_frame_size: 30720)
[2026-04-15 17:31:11.734] [788217] [HailoRT] [info] [queue_elements.cpp:657] [create] Created (PullQEl_nms1yolov11n/conv77_143 | timeout: 10s)
[2026-04-15 17:31:11.734] [788217] [HailoRT] [info] [edge_elements.cpp:287] [create] Created (HwReadEl0yolov11n/conv80_143 | hw_frame_size: 38400)
[2026-04-15 17:31:11.734] [788217] [HailoRT] [info] [queue_elements.cpp:657] [create] Created (PullQEl_nms0yolov11n/conv80_143 | timeout: 10s)
[2026-04-15 17:31:11.734] [788217] [HailoRT] [info] [queue_elements.cpp:800] [create] Created (UserBufQEl_post_infer0yolov11n/yolov8_nms_postprocess | timeout: 10s)
[2026-04-15 17:31:11.734] [788217] [HailoRT] [info] [vstream.cpp:1114] [OutputVStreamImpl] Creating yolov11n/yolov8_nms_postprocess...
[2026-04-15 17:31:11.734] [788217] [HailoRT] [info] [vstream_builder.cpp:622] [create_output_post_process_nms] Output pipeline 'yolov11n/yolov8_nms_postprocess': HW >> (HwReadEl3yolov11n/conv51_143 | hw_frame_size: 409600) >> (PullQEl_nms3yolov11n/conv51_143) >> (HwReadEl12yolov11n/conv54_143 | hw_frame_size: 512000) >> (PullQEl_nms12yolov11n/conv54_143) >> (HwReadEl15yolov11n/conv62_143 | hw_frame_size: 102400) >> (PullQEl_nms15yolov11n/conv62_143) >> (HwReadEl13yolov11n/conv65_143 | hw_frame_size: 128000) >> (PullQEl_nms13yolov11n/conv65_143) >> (HwReadEl1yolov11n/conv77_143 | hw_frame_size: 30720) >> (PullQEl_nms1yolov11n/conv77_143) >> (HwReadEl0yolov11n/conv80_143 | hw_frame_size: 38400) >> (PullQEl_nms0yolov11n/conv80_143) >> (NmsPPMuxEl0YOLOV8-Post-Process | Op YOLOV8, Name: YOLOV8-Post-Process, Score threshold: 0.200, IoU threshold: 0.70, Classes: 80, Max bboxes per class: 100, Image height: 640, Image width: 640) >> (UserBufQEl_post_infer0yolov11n/yolov8_nms_postprocess | timeout: 10s)
[2026-04-15 17:32:11.734] [789029] [HailoRT] [info] [vdevice_native_stream.cpp:331] [read_impl] Failed read from stream HAILO_STREAM_ABORT(63) (device: 0001:01:00.0)
[2026-04-15 17:32:11.734] [789029] [HailoRT] [info] [edge_elements.cpp:396] [run_pull] Reading from stream was aborted!
[2026-04-15 17:32:11.734] [789026] [HailoRT] [info] [vdevice_native_stream.cpp:331] [read_impl] Failed read from stream HAILO_STREAM_ABORT(63) (device: 0001:01:00.0)
[2026-04-15 17:32:11.734] [789026] [HailoRT] [info] [edge_elements.cpp:396] [run_pull] Reading from stream was aborted!
[2026-04-15 17:32:11.734] [789029] [HailoRT] [info] [queue_elements.cpp:738] [run_in_thread] run_pull of queue element PullQEl_nms0yolov11n/conv80_143 was aborted!
[2026-04-15 17:32:11.734] [789026] [HailoRT] [info] [queue_elements.cpp:738] [run_in_thread] run_pull of queue element PullQEl_nms15yolov11n/conv62_143 was aborted!
[2026-04-15 17:32:11.735] [789023] [HailoRT] [info] [vdevice_native_stream.cpp:142] [write_impl] Failed write to stream yolov11n/input_layer1 (device: 0001:01:00.0) with status=HAILO_STREAM_ABORT(63)
[2026-04-15 17:32:11.735] [789023] [HailoRT] [info] [edge_elements.cpp:87] [run_push] Failed to send on input stream InputStream(index=8, name=yolov11n/input_layer1) because stream was aborted
[2026-04-15 17:32:11.735] [789023] [HailoRT] [info] [queue_elements.cpp:401] [run_in_thread] run_push of PushQEl8yolov11n/input_layer1 was aborted!
[2026-04-15 17:32:11.735] [789024] [HailoRT] [info] [vdevice_native_stream.cpp:331] [read_impl] Failed read from stream HAILO_STREAM_ABORT(63) (device: 0001:01:00.0)
[2026-04-15 17:32:11.734] [789025] [HailoRT] [info] [vdevice_native_stream.cpp:331] [read_impl] Failed read from stream HAILO_STREAM_ABORT(63) (device: 0001:01:00.0)
[2026-04-15 17:32:11.735] [789034] [HailoRT] [info] [vstream.cpp:774] [write] Sending to VStream was shutdown!
[2026-04-15 17:32:11.735] [789025] [HailoRT] [info] [edge_elements.cpp:396] [run_pull] Reading from stream was aborted!
[2026-04-15 17:32:11.735] [789034] [HailoRT] [info] [vstream.cpp:778] [write] Sending to VStream was aborted!
[2026-04-15 17:32:11.735] [789027] [HailoRT] [info] [vdevice_native_stream.cpp:331] [read_impl] Failed read from stream HAILO_STREAM_ABORT(63) (device: 0001:01:00.0)
[2026-04-15 17:32:11.735] [789027] [HailoRT] [info] [edge_elements.cpp:396] [run_pull] Reading from stream was aborted!
[2026-04-15 17:32:11.735] [789025] [HailoRT] [info] [queue_elements.cpp:738] [run_in_thread] run_pull of queue element PullQEl_nms12yolov11n/conv54_143 was aborted!
[2026-04-15 17:32:11.735] [789027] [HailoRT] [info] [queue_elements.cpp:738] [run_in_thread] run_pull of queue element PullQEl_nms13yolov11n/conv65_143 was aborted!
[2026-04-15 17:32:11.735] [789028] [HailoRT] [info] [vdevice_native_stream.cpp:331] [read_impl] Failed read from stream HAILO_STREAM_ABORT(63) (device: 0001:01:00.0)
[2026-04-15 17:32:11.735] [789024] [HailoRT] [info] [edge_elements.cpp:396] [run_pull] Reading from stream was aborted!
[2026-04-15 17:32:11.735] [789028] [HailoRT] [info] [edge_elements.cpp:396] [run_pull] Reading from stream was aborted!
[2026-04-15 17:32:11.735] [789024] [HailoRT] [info] [queue_elements.cpp:738] [run_in_thread] run_pull of queue element PullQEl_nms3yolov11n/conv51_143 was aborted!
[2026-04-15 17:32:11.735] [789028] [HailoRT] [info] [queue_elements.cpp:738] [run_in_thread] run_pull of queue element PullQEl_nms1yolov11n/conv77_143 was aborted!
[2026-04-15 17:32:11.735] [789033] [HailoRT] [info] [queue_elements.cpp:706] [run_pull] Shutdown event was signaled in dequeue of queue element PullQEl_nms3yolov11n/conv51_143!
[2026-04-15 17:32:11.735] [789033] [HailoRT] [info] [vstream.cpp:1138] [read] Receiving to VStream was shutdown!
[2026-04-15 17:32:11.767] [788217] [HailoRT] [info] [queue_elements.cpp:360] [execute_deactivate] enqueue() in element PushQEl8yolov11n/input_layer1 was aborted, got status = HAILO_SHUTDOWN_EVENT_SIGNALED(57)
[2026-04-15 17:32:11.767] [789023] [HailoRT] [info] [queue_elements.cpp:68] [operator()] Thread in element PushQEl8yolov11n/input_layer1 is not running anymore, exiting..
[2026-04-15 17:32:11.767] [788217] [HailoRT] [info] [queue_elements.cpp:46] [~BaseQueueElement] Queue element PushQEl8yolov11n/input_layer1 has 1 frames in his Queue on destruction
[2026-04-15 17:32:11.767] [789030] [HailoRT] [info] [queue_elements.cpp:68] [operator()] Thread in element UserBufQEl_post_infer0yolov11n/yolov8_nms_postprocess is not running anymore, exiting..
[2026-04-15 17:32:11.767] [788217] [HailoRT] [info] [queue_elements.cpp:46] [~BaseQueueElement] Queue element UserBufQEl_post_infer0yolov11n/yolov8_nms_postprocess has 0 frames in his Queue on destruction
[2026-04-15 17:32:11.767] [789029] [HailoRT] [info] [queue_elements.cpp:68] [operator()] Thread in element PullQEl_nms0yolov11n/conv80_143 is not running anymore, exiting..
[2026-04-15 17:32:11.767] [788217] [HailoRT] [info] [queue_elements.cpp:46] [~BaseQueueElement] Queue element PullQEl_nms0yolov11n/conv80_143 has 0 frames in his Queue on destruction
[2026-04-15 17:32:11.767] [789028] [HailoRT] [info] [queue_elements.cpp:68] [operator()] Thread in element PullQEl_nms1yolov11n/conv77_143 is not running anymore, exiting..
[2026-04-15 17:32:11.767] [788217] [HailoRT] [info] [queue_elements.cpp:46] [~BaseQueueElement] Queue element PullQEl_nms1yolov11n/conv77_143 has 0 frames in his Queue on destruction
[2026-04-15 17:32:11.767] [789027] [HailoRT] [info] [queue_elements.cpp:68] [operator()] Thread in element PullQEl_nms13yolov11n/conv65_143 is not running anymore, exiting..
[2026-04-15 17:32:11.767] [788217] [HailoRT] [info] [queue_elements.cpp:46] [~BaseQueueElement] Queue element PullQEl_nms13yolov11n/conv65_143 has 0 frames in his Queue on destruction
[2026-04-15 17:32:11.767] [789026] [HailoRT] [info] [queue_elements.cpp:68] [operator()] Thread in element PullQEl_nms15yolov11n/conv62_143 is not running anymore, exiting..
[2026-04-15 17:32:11.767] [788217] [HailoRT] [info] [queue_elements.cpp:46] [~BaseQueueElement] Queue element PullQEl_nms15yolov11n/conv62_143 has 0 frames in his Queue on destruction
[2026-04-15 17:32:11.767] [789025] [HailoRT] [info] [queue_elements.cpp:68] [operator()] Thread in element PullQEl_nms12yolov11n/conv54_143 is not running anymore, exiting..
[2026-04-15 17:32:11.767] [788217] [HailoRT] [info] [queue_elements.cpp:46] [~BaseQueueElement] Queue element PullQEl_nms12yolov11n/conv54_143 has 0 frames in his Queue on destruction
[2026-04-15 17:32:11.767] [789024] [HailoRT] [info] [queue_elements.cpp:68] [operator()] Thread in element PullQEl_nms3yolov11n/conv51_143 is not running anymore, exiting..
[2026-04-15 17:32:11.768] [788217] [HailoRT] [info] [queue_elements.cpp:46] [~BaseQueueElement] Queue element PullQEl_nms3yolov11n/conv51_143 has 0 frames in his Queue on destruction
[2026-04-15 17:32:11.768] [788217] [HailoRT] [info] [core_op.cpp:186] [deactivate] Deactivating took 0.009537 ms
[2026-04-15 17:32:11.768] [788217] [HailoRT] [info] [core_op.cpp:186] [deactivate] Deactivating took 0.021222 ms
[2026-04-15 17:32:11.807] [788217] [HailoRT] [info] [vdevice.cpp:535] [create] Creating vdevice with params: device_count: 1, scheduling_algorithm: NONE, multi_process_service: false
[2026-04-15 17:32:11.808] [788217] [HailoRT] [info] [device.cpp:51] [Device] OS Version: Linux 6.12.62+rpt-rpi-2712 #1 SMP PREEMPT Debian 1:6.12.62-1+rpt1 (2025-12-18) aarch64
[2026-04-15 17:32:11.808] [788217] [HailoRT] [info] [control.cpp:113] [control__parse_identify_results] firmware_version is: 4.23.0
[2026-04-15 17:32:11.808] [788217] [HailoRT] [info] [vdevice.cpp:682] [create] VDevice Infos: 0001:01:00.0
[2026-04-15 17:32:11.815] [788217] [HailoRT] [info] [internal_buffer_manager.cpp:77] [print_execution_results] Planned internal buffer memory: CMA=0 CMA-Desc=327680 Pinned=2357760. memory to edge layer usage factor is 1
[2026-04-15 17:32:11.815] [788217] [HailoRT] [info] [internal_buffer_manager.cpp:86] [print_execution_results] Default Internal buffer planner executed successfully
[2026-04-15 17:32:11.853] [788217] [HailoRT] [info] [device_internal.cpp:57] [configure] Configuring HEF took 44.81574 milliseconds
[2026-04-15 17:32:11.853] [788217] [HailoRT] [info] [vdevice.cpp:780] [configure] Configuring HEF on VDevice took 45.334381 milliseconds
[2026-04-15 17:32:11.854] [788217] [HailoRT] [info] [control.cpp:113] [control__parse_identify_results] firmware_version is: 4.23.0
[2026-04-15 17:32:11.854] [788217] [HailoRT] [info] [control.cpp:113] [control__parse_identify_results] firmware_version is: 4.23.0
[2026-04-15 17:32:11.855] [788217] [HailoRT] [info] [core_op.cpp:156] [activate] Activating yolov11n took 0.893118 milliseconds. Note that the function is asynchronous and thus the network is not fully activated yet.
[2026-04-15 17:32:11.855] [788217] [HailoRT] [info] [core_op.cpp:156] [activate] Activating yolov11n took 0.913284 milliseconds. Note that the function is asynchronous and thus the network is not fully activated yet.
[2026-04-15 17:32:11.873] [788217] [HailoRT] [info] [control.cpp:113] [control__parse_identify_results] firmware_version is: 4.23.0
[2026-04-15 17:32:11.874] [788217] [HailoRT] [info] [control.cpp:113] [control__parse_identify_results] firmware_version is: 4.23.0
[2026-04-15 17:32:11.874] [788217] [HailoRT] [info] [edge_elements.cpp:52] [create] Created (HwWriteEl8yolov11n/input_layer1 | hw_frame_size: 1228800)
[2026-04-15 17:32:11.874] [788217] [HailoRT] [info] [queue_elements.cpp:284] [create] Created (PushQEl8yolov11n/input_layer1 | timeout: 10s)
[2026-04-15 17:32:11.874] [788217] [HailoRT] [info] [filter_elements.cpp:101] [create] Created (PreInferEl8yolov11n/input_layer1 | Reorder - src_order: NHWC, src_shape: (640, 640, 3), dst_order: NHCW, dst_shape: (640, 640, 3))
[2026-04-15 17:32:11.874] [788217] [HailoRT] [info] [vstream.cpp:754] [InputVStreamImpl] Creating yolov11n/input_layer1...
[2026-04-15 17:32:11.874] [788217] [HailoRT] [info] [vstream_builder.cpp:102] [create_inputs] Input pipeline 'yolov11n/input_layer1': (PreInferEl8yolov11n/input_layer1 | Reorder - src_order: NHWC, src_shape: (640, 640, 3), dst_order: NHCW, dst_shape: (640, 640, 3)) >> (PushQEl8yolov11n/input_layer1 | timeout: 10s) >> (HwWriteEl8yolov11n/input_layer1 | hw_frame_size: 1228800) >> HW
[2026-04-15 17:32:11.874] [788217] [HailoRT] [info] [multi_io_elements.cpp:135] [create] Created (NmsPPMuxEl0YOLOV8-Post-Process | Op YOLOV8, Name: YOLOV8-Post-Process, Score threshold: 0.200, IoU threshold: 0.70, Classes: 80, Max bboxes per class: 100, Image height: 640, Image width: 640)
[2026-04-15 17:32:11.874] [788217] [HailoRT] [info] [edge_elements.cpp:287] [create] Created (HwReadEl3yolov11n/conv51_143 | hw_frame_size: 409600)
[2026-04-15 17:32:11.874] [788217] [HailoRT] [info] [queue_elements.cpp:657] [create] Created (PullQEl_nms3yolov11n/conv51_143 | timeout: 10s)
[2026-04-15 17:32:11.874] [788217] [HailoRT] [info] [edge_elements.cpp:287] [create] Created (HwReadEl12yolov11n/conv54_143 | hw_frame_size: 512000)
[2026-04-15 17:32:11.874] [788217] [HailoRT] [info] [queue_elements.cpp:657] [create] Created (PullQEl_nms12yolov11n/conv54_143 | timeout: 10s)
[2026-04-15 17:32:11.874] [788217] [HailoRT] [info] [edge_elements.cpp:287] [create] Created (HwReadEl15yolov11n/conv62_143 | hw_frame_size: 102400)
[2026-04-15 17:32:11.875] [788217] [HailoRT] [info] [queue_elements.cpp:657] [create] Created (PullQEl_nms15yolov11n/conv62_143 | timeout: 10s)
[2026-04-15 17:32:11.875] [788217] [HailoRT] [info] [edge_elements.cpp:287] [create] Created (HwReadEl13yolov11n/conv65_143 | hw_frame_size: 128000)
[2026-04-15 17:32:11.875] [788217] [HailoRT] [info] [queue_elements.cpp:657] [create] Created (PullQEl_nms13yolov11n/conv65_143 | timeout: 10s)
[2026-04-15 17:32:11.875] [788217] [HailoRT] [info] [edge_elements.cpp:287] [create] Created (HwReadEl1yolov11n/conv77_143 | hw_frame_size: 30720)
[2026-04-15 17:32:11.875] [788217] [HailoRT] [info] [queue_elements.cpp:657] [create] Created (PullQEl_nms1yolov11n/conv77_143 | timeout: 10s)
[2026-04-15 17:32:11.875] [788217] [HailoRT] [info] [edge_elements.cpp:287] [create] Created (HwReadEl0yolov11n/conv80_143 | hw_frame_size: 38400)
[2026-04-15 17:32:11.875] [788217] [HailoRT] [info] [queue_elements.cpp:657] [create] Created (PullQEl_nms0yolov11n/conv80_143 | timeout: 10s)
[2026-04-15 17:32:11.875] [788217] [HailoRT] [info] [queue_elements.cpp:800] [create] Created (UserBufQEl_post_infer0yolov11n/yolov8_nms_postprocess | timeout: 10s)
[2026-04-15 17:32:11.875] [788217] [HailoRT] [info] [vstream.cpp:1114] [OutputVStreamImpl] Creating yolov11n/yolov8_nms_postprocess...
[2026-04-15 17:32:11.875] [788217] [HailoRT] [info] [vstream_builder.cpp:622] [create_output_post_process_nms] Output pipeline 'yolov11n/yolov8_nms_postprocess': HW >> (HwReadEl3yolov11n/conv51_143 | hw_frame_size: 409600) >> (PullQEl_nms3yolov11n/conv51_143) >> (HwReadEl12yolov11n/conv54_143 | hw_frame_size: 512000) >> (PullQEl_nms12yolov11n/conv54_143) >> (HwReadEl15yolov11n/conv62_143 | hw_frame_size: 102400) >> (PullQEl_nms15yolov11n/conv62_143) >> (HwReadEl13yolov11n/conv65_143 | hw_frame_size: 128000) >> (PullQEl_nms13yolov11n/conv65_143) >> (HwReadEl1yolov11n/conv77_143 | hw_frame_size: 30720) >> (PullQEl_nms1yolov11n/conv77_143) >> (HwReadEl0yolov11n/conv80_143 | hw_frame_size: 38400) >> (PullQEl_nms0yolov11n/conv80_143) >> (NmsPPMuxEl0YOLOV8-Post-Process | Op YOLOV8, Name: YOLOV8-Post-Process, Score threshold: 0.200, IoU threshold: 0.70, Classes: 80, Max bboxes per class: 100, Image height: 640, Image width: 640) >> (UserBufQEl_post_infer0yolov11n/yolov8_nms_postprocess | timeout: 10s)
[2026-04-15 17:33:11.876] [789824] [HailoRT] [info] [vdevice_native_stream.cpp:331] [read_impl] Failed read from stream HAILO_STREAM_ABORT(63) (device: 0001:01:00.0)
[2026-04-15 17:33:11.876] [789824] [HailoRT] [info] [edge_elements.cpp:396] [run_pull] Reading from stream was aborted!
[2026-04-15 17:33:11.876] [789824] [HailoRT] [info] [queue_elements.cpp:738] [run_in_thread] run_pull of queue element PullQEl_nms3yolov11n/conv51_143 was aborted!
[2026-04-15 17:33:11.876] [789825] [HailoRT] [info] [vdevice_native_stream.cpp:331] [read_impl] Failed read from stream HAILO_STREAM_ABORT(63) (device: 0001:01:00.0)
[2026-04-15 17:33:11.876] [789825] [HailoRT] [info] [edge_elements.cpp:396] [run_pull] Reading from stream was aborted!
[2026-04-15 17:33:11.876] [789825] [HailoRT] [info] [queue_elements.cpp:738] [run_in_thread] run_pull of queue element PullQEl_nms12yolov11n/conv54_143 was aborted!
[2026-04-15 17:33:11.876] [789826] [HailoRT] [info] [vdevice_native_stream.cpp:331] [read_impl] Failed read from stream HAILO_STREAM_ABORT(63) (device: 0001:01:00.0)
[2026-04-15 17:33:11.876] [789827] [HailoRT] [info] [vdevice_native_stream.cpp:331] [read_impl] Failed read from stream HAILO_STREAM_ABORT(63) (device: 0001:01:00.0)
[2026-04-15 17:33:11.876] [789826] [HailoRT] [info] [edge_elements.cpp:396] [run_pull] Reading from stream was aborted!
[2026-04-15 17:33:11.876] [789827] [HailoRT] [info] [edge_elements.cpp:396] [run_pull] Reading from stream was aborted!
[2026-04-15 17:33:11.876] [789826] [HailoRT] [info] [queue_elements.cpp:738] [run_in_thread] run_pull of queue element PullQEl_nms15yolov11n/conv62_143 was aborted!
[2026-04-15 17:33:11.876] [789827] [HailoRT] [info] [queue_elements.cpp:738] [run_in_thread] run_pull of queue element PullQEl_nms13yolov11n/conv65_143 was aborted!
[2026-04-15 17:33:11.876] [789829] [HailoRT] [info] [vdevice_native_stream.cpp:331] [read_impl] Failed read from stream HAILO_STREAM_ABORT(63) (device: 0001:01:00.0)
[2026-04-15 17:33:11.876] [789833] [HailoRT] [info] [queue_elements.cpp:706] [run_pull] Shutdown event was signaled in dequeue of queue element PullQEl_nms12yolov11n/conv54_143!
[2026-04-15 17:33:11.876] [789828] [HailoRT] [info] [vdevice_native_stream.cpp:331] [read_impl] Failed read from stream HAILO_STREAM_ABORT(63) (device: 0001:01:00.0)
[2026-04-15 17:33:11.876] [789828] [HailoRT] [info] [edge_elements.cpp:396] [run_pull] Reading from stream was aborted!
[2026-04-15 17:33:11.876] [789833] [HailoRT] [info] [vstream.cpp:1138] [read] Receiving to VStream was shutdown!
[2026-04-15 17:33:11.876] [789828] [HailoRT] [info] [queue_elements.cpp:738] [run_in_thread] run_pull of queue element PullQEl_nms1yolov11n/conv77_143 was aborted!
[2026-04-15 17:33:11.876] [789829] [HailoRT] [info] [edge_elements.cpp:396] [run_pull] Reading from stream was aborted!
[2026-04-15 17:33:11.876] [789829] [HailoRT] [info] [queue_elements.cpp:738] [run_in_thread] run_pull of queue element PullQEl_nms0yolov11n/conv80_143 was aborted!
[2026-04-15 17:33:11.877] [789823] [HailoRT] [info] [vdevice_native_stream.cpp:142] [write_impl] Failed write to stream yolov11n/input_layer1 (device: 0001:01:00.0) with status=HAILO_STREAM_ABORT(63)
[2026-04-15 17:33:11.877] [789823] [HailoRT] [info] [edge_elements.cpp:87] [run_push] Failed to send on input stream InputStream(index=8, name=yolov11n/input_layer1) because stream was aborted
[2026-04-15 17:33:11.877] [789823] [HailoRT] [info] [queue_elements.cpp:401] [run_in_thread] run_push of PushQEl8yolov11n/input_layer1 was aborted!
[2026-04-15 17:33:11.878] [789834] [HailoRT] [info] [queue_elements.cpp:319] [run_push] run_push of PushQEl8yolov11n/input_layer1 was aborted!
[2026-04-15 17:33:11.878] [789834] [HailoRT] [info] [filter_elements.cpp:35] [run_push] run_push of PreInferEl8yolov11n/input_layer1 was aborted!
[2026-04-15 17:33:11.878] [789834] [HailoRT] [info] [vstream.cpp:778] [write] Sending to VStream was aborted!
[2026-04-15 17:33:11.878] [788217] [HailoRT] [info] [queue_elements.cpp:360] [execute_deactivate] enqueue() in element PushQEl8yolov11n/input_layer1 was aborted, got status = HAILO_SHUTDOWN_EVENT_SIGNALED(57)
[2026-04-15 17:33:11.878] [789823] [HailoRT] [info] [queue_elements.cpp:68] [operator()] Thread in element PushQEl8yolov11n/input_layer1 is not running anymore, exiting..
[2026-04-15 17:33:11.878] [788217] [HailoRT] [info] [queue_elements.cpp:46] [~BaseQueueElement] Queue element PushQEl8yolov11n/input_layer1 has 0 frames in his Queue on destruction
[2026-04-15 17:33:11.878] [789830] [HailoRT] [info] [queue_elements.cpp:68] [operator()] Thread in element UserBufQEl_post_infer0yolov11n/yolov8_nms_postprocess is not running anymore, exiting..
[2026-04-15 17:33:11.879] [788217] [HailoRT] [info] [queue_elements.cpp:46] [~BaseQueueElement] Queue element UserBufQEl_post_infer0yolov11n/yolov8_nms_postprocess has 0 frames in his Queue on destruction
[2026-04-15 17:33:11.879] [789829] [HailoRT] [info] [queue_elements.cpp:68] [operator()] Thread in element PullQEl_nms0yolov11n/conv80_143 is not running anymore, exiting..
[2026-04-15 17:33:11.879] [788217] [HailoRT] [info] [queue_elements.cpp:46] [~BaseQueueElement] Queue element PullQEl_nms0yolov11n/conv80_143 has 1 frames in his Queue on destruction
[2026-04-15 17:33:11.879] [789828] [HailoRT] [info] [queue_elements.cpp:68] [operator()] Thread in element PullQEl_nms1yolov11n/conv77_143 is not running anymore, exiting..
[2026-04-15 17:33:11.879] [788217] [HailoRT] [info] [queue_elements.cpp:46] [~BaseQueueElement] Queue element PullQEl_nms1yolov11n/conv77_143 has 1 frames in his Queue on destruction
[2026-04-15 17:33:11.879] [789827] [HailoRT] [info] [queue_elements.cpp:68] [operator()] Thread in element PullQEl_nms13yolov11n/conv65_143 is not running anymore, exiting..
[2026-04-15 17:33:11.879] [788217] [HailoRT] [info] [queue_elements.cpp:46] [~BaseQueueElement] Queue element PullQEl_nms13yolov11n/conv65_143 has 0 frames in his Queue on destruction
[2026-04-15 17:33:11.879] [789826] [HailoRT] [info] [queue_elements.cpp:68] [operator()] Thread in element PullQEl_nms15yolov11n/conv62_143 is not running anymore, exiting..
[2026-04-15 17:33:11.879] [788217] [HailoRT] [info] [queue_elements.cpp:46] [~BaseQueueElement] Queue element PullQEl_nms15yolov11n/conv62_143 has 1 frames in his Queue on destruction
[2026-04-15 17:33:11.879] [789825] [HailoRT] [info] [queue_elements.cpp:68] [operator()] Thread in element PullQEl_nms12yolov11n/conv54_143 is not running anymore, exiting..
[2026-04-15 17:33:11.879] [788217] [HailoRT] [info] [queue_elements.cpp:46] [~BaseQueueElement] Queue element PullQEl_nms12yolov11n/conv54_143 has 1 frames in his Queue on destruction
[2026-04-15 17:33:11.879] [789824] [HailoRT] [info] [queue_elements.cpp:68] [operator()] Thread in element PullQEl_nms3yolov11n/conv51_143 is not running anymore, exiting..
[2026-04-15 17:33:11.879] [788217] [HailoRT] [info] [queue_elements.cpp:46] [~BaseQueueElement] Queue element PullQEl_nms3yolov11n/conv51_143 has 0 frames in his Queue on destruction
[2026-04-15 17:33:11.879] [788217] [HailoRT] [info] [core_op.cpp:186] [deactivate] Deactivating took 0.009222 ms
[2026-04-15 17:33:11.879] [788217] [HailoRT] [info] [core_op.cpp:186] [deactivate] Deactivating took 0.019963 ms
[2026-04-15 17:33:22.205] [790749] [HailoRT] [info] [vdevice.cpp:535] [create] Creating vdevice with params: device_count: 1, scheduling_algorithm: NONE, multi_process_service: false
[2026-04-15 17:33:22.218] [790749] [HailoRT] [info] [device.cpp:51] [Device] OS Version: Linux 6.12.62+rpt-rpi-2712 #1 SMP PREEMPT Debian 1:6.12.62-1+rpt1 (2025-12-18) aarch64
[2026-04-15 17:33:22.218] [790749] [HailoRT] [info] [control.cpp:113] [control__parse_identify_results] firmware_version is: 4.23.0
[2026-04-15 17:33:22.218] [790749] [HailoRT] [info] [vdevice.cpp:682] [create] VDevice Infos: 0001:01:00.0
[2026-04-15 17:33:22.225] [790749] [HailoRT] [info] [internal_buffer_manager.cpp:77] [print_execution_results] Planned internal buffer memory: CMA=0 CMA-Desc=393216 Pinned=4712960. memory to edge layer usage factor is 1
[2026-04-15 17:33:22.225] [790749] [HailoRT] [info] [internal_buffer_manager.cpp:86] [print_execution_results] Default Internal buffer planner executed successfully
[2026-04-15 17:33:22.260] [790749] [HailoRT] [info] [device_internal.cpp:57] [configure] Configuring HEF took 41.462196 milliseconds
[2026-04-15 17:33:22.260] [790749] [HailoRT] [info] [vdevice.cpp:780] [configure] Configuring HEF on VDevice took 41.826006 milliseconds
[2026-04-15 17:33:22.260] [790749] [HailoRT] [info] [control.cpp:113] [control__parse_identify_results] firmware_version is: 4.23.0
[2026-04-15 17:33:22.261] [790749] [HailoRT] [info] [control.cpp:113] [control__parse_identify_results] firmware_version is: 4.23.0
[2026-04-15 17:33:22.261] [790749] [HailoRT] [info] [core_op.cpp:156] [activate] Activating yolov11n took 0.663936 milliseconds. Note that the function is asynchronous and thus the network is not fully activated yet.
[2026-04-15 17:33:22.261] [790749] [HailoRT] [info] [core_op.cpp:156] [activate] Activating yolov11n took 0.68038 milliseconds. Note that the function is asynchronous and thus the network is not fully activated yet.
[2026-04-15 17:33:22.275] [790749] [HailoRT] [info] [control.cpp:113] [control__parse_identify_results] firmware_version is: 4.23.0
[2026-04-15 17:33:22.276] [790749] [HailoRT] [info] [control.cpp:113] [control__parse_identify_results] firmware_version is: 4.23.0
[2026-04-15 17:33:23.595] [790741] [HailoRT] [info] [device.cpp:51] [Device] OS Version: Linux 6.12.62+rpt-rpi-2712 #1 SMP PREEMPT Debian 1:6.12.62-1+rpt1 (2025-12-18) aarch64
[2026-04-15 17:33:23.595] [790741] [HailoRT] [info] [control.cpp:113] [control__parse_identify_results] firmware_version is: 4.23.0
[2026-04-15 17:33:23.595] [790741] [HailoRT] [info] [control.cpp:113] [control__parse_identify_results] firmware_version is: 4.23.0
[2026-04-15 17:34:22.276] [790761] [HailoRT] [info] [vdevice_native_stream.cpp:331] [read_impl] Failed read from stream HAILO_STREAM_ABORT(63) (device: 0001:01:00.0)
[2026-04-15 17:34:22.276] [790762] [HailoRT] [info] [vdevice_native_stream.cpp:331] [read_impl] Failed read from stream HAILO_STREAM_ABORT(63) (device: 0001:01:00.0)
[2026-04-15 17:34:22.276] [790764] [HailoRT] [info] [vdevice_native_stream.cpp:142] [write_impl] Failed write to stream yolov11n/input_layer1 (device: 0001:01:00.0) with status=HAILO_STREAM_ABORT(63)
[2026-04-15 17:34:22.276] [790758] [HailoRT] [info] [vdevice_native_stream.cpp:331] [read_impl] Failed read from stream HAILO_STREAM_ABORT(63) (device: 0001:01:00.0)
[2026-04-15 17:34:22.276] [790760] [HailoRT] [info] [vdevice_native_stream.cpp:331] [read_impl] Failed read from stream HAILO_STREAM_ABORT(63) (device: 0001:01:00.0)
[2026-04-15 17:34:22.276] [790763] [HailoRT] [info] [vdevice_native_stream.cpp:331] [read_impl] Failed read from stream HAILO_STREAM_ABORT(63) (device: 0001:01:00.0)
[2026-04-15 17:34:22.276] [790759] [HailoRT] [info] [vdevice_native_stream.cpp:331] [read_impl] Failed read from stream HAILO_STREAM_ABORT(63) (device: 0001:01:00.0)
[2026-04-15 17:34:22.282] [790749] [HailoRT] [info] [core_op.cpp:186] [deactivate] Deactivating took 0.006926 ms
[2026-04-15 17:34:22.282] [790749] [HailoRT] [info] [core_op.cpp:186] [deactivate] Deactivating took 0.026555 ms
[2026-04-15 17:34:22.317] [790749] [HailoRT] [info] [vdevice.cpp:535] [create] Creating vdevice with params: device_count: 1, scheduling_algorithm: NONE, multi_process_service: false
[2026-04-15 17:34:22.318] [790749] [HailoRT] [info] [device.cpp:51] [Device] OS Version: Linux 6.12.62+rpt-rpi-2712 #1 SMP PREEMPT Debian 1:6.12.62-1+rpt1 (2025-12-18) aarch64
[2026-04-15 17:34:22.318] [790749] [HailoRT] [info] [control.cpp:113] [control__parse_identify_results] firmware_version is: 4.23.0
[2026-04-15 17:34:22.318] [790749] [HailoRT] [info] [vdevice.cpp:682] [create] VDevice Infos: 0001:01:00.0
[2026-04-15 17:34:22.325] [790749] [HailoRT] [info] [internal_buffer_manager.cpp:77] [print_execution_results] Planned internal buffer memory: CMA=0 CMA-Desc=393216 Pinned=4712960. memory to edge layer usage factor is 1
[2026-04-15 17:34:22.325] [790749] [HailoRT] [info] [internal_buffer_manager.cpp:86] [print_execution_results] Default Internal buffer planner executed successfully
[2026-04-15 17:34:22.357] [790749] [HailoRT] [info] [device_internal.cpp:57] [configure] Configuring HEF took 39.164884 milliseconds
[2026-04-15 17:34:22.358] [790749] [HailoRT] [info] [vdevice.cpp:780] [configure] Configuring HEF on VDevice took 39.556545 milliseconds
[2026-04-15 17:34:22.358] [790749] [HailoRT] [info] [control.cpp:113] [control__parse_identify_results] firmware_version is: 4.23.0
[2026-04-15 17:34:22.358] [790749] [HailoRT] [info] [control.cpp:113] [control__parse_identify_results] firmware_version is: 4.23.0
[2026-04-15 17:34:22.359] [790749] [HailoRT] [info] [core_op.cpp:156] [activate] Activating yolov11n took 0.743788 milliseconds. Note that the function is asynchronous and thus the network is not fully activated yet.
[2026-04-15 17:34:22.359] [790749] [HailoRT] [info] [core_op.cpp:156] [activate] Activating yolov11n took 0.757528 milliseconds. Note that the function is asynchronous and thus the network is not fully activated yet.
[2026-04-15 17:34:22.372] [790749] [HailoRT] [info] [control.cpp:113] [control__parse_identify_results] firmware_version is: 4.23.0
[2026-04-15 17:34:22.372] [790749] [HailoRT] [info] [control.cpp:113] [control__parse_identify_results] firmware_version is: 4.23.0
[2026-04-15 17:34:22.373] [790749] [HailoRT] [info] [edge_elements.cpp:52] [create] Created (HwWriteEl8yolov11n/input_layer1 | hw_frame_size: 1228800)
[2026-04-15 17:34:22.373] [790749] [HailoRT] [info] [queue_elements.cpp:284] [create] Created (PushQEl8yolov11n/input_layer1 | timeout: 10s)
[2026-04-15 17:34:22.373] [790749] [HailoRT] [info] [filter_elements.cpp:101] [create] Created (PreInferEl8yolov11n/input_layer1 | Reorder - src_order: NHWC, src_shape: (640, 640, 3), dst_order: NHCW, dst_shape: (640, 640, 3))
[2026-04-15 17:34:22.373] [790749] [HailoRT] [info] [vstream.cpp:754] [InputVStreamImpl] Creating yolov11n/input_layer1...
[2026-04-15 17:34:22.373] [790749] [HailoRT] [info] [vstream_builder.cpp:102] [create_inputs] Input pipeline 'yolov11n/input_layer1': (PreInferEl8yolov11n/input_layer1 | Reorder - src_order: NHWC, src_shape: (640, 640, 3), dst_order: NHCW, dst_shape: (640, 640, 3)) >> (PushQEl8yolov11n/input_layer1 | timeout: 10s) >> (HwWriteEl8yolov11n/input_layer1 | hw_frame_size: 1228800) >> HW
[2026-04-15 17:34:22.373] [790749] [HailoRT] [info] [multi_io_elements.cpp:135] [create] Created (NmsPPMuxEl0YOLOV8-Post-Process | Op YOLOV8, Name: YOLOV8-Post-Process, Score threshold: 0.200, IoU threshold: 0.70, Classes: 80, Max bboxes per class: 100, Image height: 640, Image width: 640)
[2026-04-15 17:34:22.373] [790749] [HailoRT] [info] [edge_elements.cpp:287] [create] Created (HwReadEl3yolov11n/conv51_143 | hw_frame_size: 409600)
[2026-04-15 17:34:22.373] [790749] [HailoRT] [info] [queue_elements.cpp:657] [create] Created (PullQEl_nms3yolov11n/conv51_143 | timeout: 10s)
[2026-04-15 17:34:22.373] [790749] [HailoRT] [info] [edge_elements.cpp:287] [create] Created (HwReadEl12yolov11n/conv54_143 | hw_frame_size: 512000)
[2026-04-15 17:34:22.373] [790749] [HailoRT] [info] [queue_elements.cpp:657] [create] Created (PullQEl_nms12yolov11n/conv54_143 | timeout: 10s)
[2026-04-15 17:34:22.373] [790749] [HailoRT] [info] [edge_elements.cpp:287] [create] Created (HwReadEl15yolov11n/conv62_143 | hw_frame_size: 102400)
[2026-04-15 17:34:22.373] [790749] [HailoRT] [info] [queue_elements.cpp:657] [create] Created (PullQEl_nms15yolov11n/conv62_143 | timeout: 10s)
[2026-04-15 17:34:22.373] [790749] [HailoRT] [info] [edge_elements.cpp:287] [create] Created (HwReadEl13yolov11n/conv65_143 | hw_frame_size: 128000)
[2026-04-15 17:34:22.373] [790749] [HailoRT] [info] [queue_elements.cpp:657] [create] Created (PullQEl_nms13yolov11n/conv65_143 | timeout: 10s)
[2026-04-15 17:34:22.373] [790749] [HailoRT] [info] [edge_elements.cpp:287] [create] Created (HwReadEl1yolov11n/conv77_143 | hw_frame_size: 30720)
[2026-04-15 17:34:22.374] [790749] [HailoRT] [info] [queue_elements.cpp:657] [create] Created (PullQEl_nms1yolov11n/conv77_143 | timeout: 10s)
[2026-04-15 17:34:22.374] [790749] [HailoRT] [info] [edge_elements.cpp:287] [create] Created (HwReadEl0yolov11n/conv80_143 | hw_frame_size: 38400)
[2026-04-15 17:34:22.374] [790749] [HailoRT] [info] [queue_elements.cpp:657] [create] Created (PullQEl_nms0yolov11n/conv80_143 | timeout: 10s)
[2026-04-15 17:34:22.374] [790749] [HailoRT] [info] [queue_elements.cpp:800] [create] Created (UserBufQEl_post_infer0yolov11n/yolov8_nms_postprocess | timeout: 10s)
[2026-04-15 17:34:22.374] [790749] [HailoRT] [info] [vstream.cpp:1114] [OutputVStreamImpl] Creating yolov11n/yolov8_nms_postprocess...
[2026-04-15 17:34:22.374] [790749] [HailoRT] [info] [vstream_builder.cpp:622] [create_output_post_process_nms] Output pipeline 'yolov11n/yolov8_nms_postprocess': HW >> (HwReadEl3yolov11n/conv51_143 | hw_frame_size: 409600) >> (PullQEl_nms3yolov11n/conv51_143) >> (HwReadEl12yolov11n/conv54_143 | hw_frame_size: 512000) >> (PullQEl_nms12yolov11n/conv54_143) >> (HwReadEl15yolov11n/conv62_143 | hw_frame_size: 102400) >> (PullQEl_nms15yolov11n/conv62_143) >> (HwReadEl13yolov11n/conv65_143 | hw_frame_size: 128000) >> (PullQEl_nms13yolov11n/conv65_143) >> (HwReadEl1yolov11n/conv77_143 | hw_frame_size: 30720) >> (PullQEl_nms1yolov11n/conv77_143) >> (HwReadEl0yolov11n/conv80_143 | hw_frame_size: 38400) >> (PullQEl_nms0yolov11n/conv80_143) >> (NmsPPMuxEl0YOLOV8-Post-Process | Op YOLOV8, Name: YOLOV8-Post-Process, Score threshold: 0.200, IoU threshold: 0.70, Classes: 80, Max bboxes per class: 100, Image height: 640, Image width: 640) >> (UserBufQEl_post_infer0yolov11n/yolov8_nms_postprocess | timeout: 10s)
[2026-04-15 17:35:22.374] [791553] [HailoRT] [info] [vdevice_native_stream.cpp:142] [write_impl] Failed write to stream yolov11n/input_layer1 (device: 0001:01:00.0) with status=HAILO_STREAM_ABORT(63)
[2026-04-15 17:35:22.374] [791556] [HailoRT] [info] [vdevice_native_stream.cpp:331] [read_impl] Failed read from stream HAILO_STREAM_ABORT(63) (device: 0001:01:00.0)
[2026-04-15 17:35:22.374] [791556] [HailoRT] [info] [edge_elements.cpp:396] [run_pull] Reading from stream was aborted!
[2026-04-15 17:35:22.374] [791553] [HailoRT] [info] [edge_elements.cpp:87] [run_push] Failed to send on input stream InputStream(index=8, name=yolov11n/input_layer1) because stream was aborted
[2026-04-15 17:35:22.374] [791556] [HailoRT] [info] [queue_elements.cpp:738] [run_in_thread] run_pull of queue element PullQEl_nms15yolov11n/conv62_143 was aborted!
[2026-04-15 17:35:22.374] [791553] [HailoRT] [info] [queue_elements.cpp:401] [run_in_thread] run_push of PushQEl8yolov11n/input_layer1 was aborted!
[2026-04-15 17:35:22.374] [791564] [HailoRT] [info] [vstream.cpp:774] [write] Sending to VStream was shutdown!
[2026-04-15 17:35:22.374] [791564] [HailoRT] [info] [vstream.cpp:778] [write] Sending to VStream was aborted!
[2026-04-15 17:35:22.374] [791558] [HailoRT] [info] [vdevice_native_stream.cpp:331] [read_impl] Failed read from stream HAILO_STREAM_ABORT(63) (device: 0001:01:00.0)
[2026-04-15 17:35:22.374] [791558] [HailoRT] [info] [edge_elements.cpp:396] [run_pull] Reading from stream was aborted!
[2026-04-15 17:35:22.374] [791558] [HailoRT] [info] [queue_elements.cpp:738] [run_in_thread] run_pull of queue element PullQEl_nms1yolov11n/conv77_143 was aborted!
[2026-04-15 17:35:22.374] [791559] [HailoRT] [info] [vdevice_native_stream.cpp:331] [read_impl] Failed read from stream HAILO_STREAM_ABORT(63) (device: 0001:01:00.0)
[2026-04-15 17:35:22.374] [791559] [HailoRT] [info] [edge_elements.cpp:396] [run_pull] Reading from stream was aborted!
[2026-04-15 17:35:22.374] [791559] [HailoRT] [info] [queue_elements.cpp:738] [run_in_thread] run_pull of queue element PullQEl_nms0yolov11n/conv80_143 was aborted!
[2026-04-15 17:35:22.374] [791555] [HailoRT] [info] [vdevice_native_stream.cpp:331] [read_impl] Failed read from stream HAILO_STREAM_ABORT(63) (device: 0001:01:00.0)
[2026-04-15 17:35:22.375] [791555] [HailoRT] [info] [edge_elements.cpp:396] [run_pull] Reading from stream was aborted!
[2026-04-15 17:35:22.374] [791557] [HailoRT] [info] [vdevice_native_stream.cpp:331] [read_impl] Failed read from stream HAILO_STREAM_ABORT(63) (device: 0001:01:00.0)
[2026-04-15 17:35:22.375] [791557] [HailoRT] [info] [edge_elements.cpp:396] [run_pull] Reading from stream was aborted!
[2026-04-15 17:35:22.375] [791555] [HailoRT] [info] [queue_elements.cpp:738] [run_in_thread] run_pull of queue element PullQEl_nms12yolov11n/conv54_143 was aborted!
[2026-04-15 17:35:22.375] [791557] [HailoRT] [info] [queue_elements.cpp:738] [run_in_thread] run_pull of queue element PullQEl_nms13yolov11n/conv65_143 was aborted!
[2026-04-15 17:35:22.374] [791554] [HailoRT] [info] [vdevice_native_stream.cpp:331] [read_impl] Failed read from stream HAILO_STREAM_ABORT(63) (device: 0001:01:00.0)
[2026-04-15 17:35:22.375] [791554] [HailoRT] [info] [edge_elements.cpp:396] [run_pull] Reading from stream was aborted!
[2026-04-15 17:35:22.375] [791554] [HailoRT] [info] [queue_elements.cpp:738] [run_in_thread] run_pull of queue element PullQEl_nms3yolov11n/conv51_143 was aborted!
[2026-04-15 17:35:22.375] [791563] [HailoRT] [info] [queue_elements.cpp:706] [run_pull] Shutdown event was signaled in dequeue of queue element PullQEl_nms3yolov11n/conv51_143!
[2026-04-15 17:35:22.375] [791563] [HailoRT] [info] [vstream.cpp:1138] [read] Receiving to VStream was shutdown!
[2026-04-15 17:35:22.380] [790749] [HailoRT] [info] [queue_elements.cpp:360] [execute_deactivate] enqueue() in element PushQEl8yolov11n/input_layer1 was aborted, got status = HAILO_SHUTDOWN_EVENT_SIGNALED(57)
[2026-04-15 17:35:22.380] [791553] [HailoRT] [info] [queue_elements.cpp:68] [operator()] Thread in element PushQEl8yolov11n/input_layer1 is not running anymore, exiting..
[2026-04-15 17:35:22.380] [790749] [HailoRT] [info] [queue_elements.cpp:46] [~BaseQueueElement] Queue element PushQEl8yolov11n/input_layer1 has 1 frames in his Queue on destruction
[2026-04-15 17:35:22.380] [791560] [HailoRT] [info] [queue_elements.cpp:68] [operator()] Thread in element UserBufQEl_post_infer0yolov11n/yolov8_nms_postprocess is not running anymore, exiting..
[2026-04-15 17:35:22.380] [790749] [HailoRT] [info] [queue_elements.cpp:46] [~BaseQueueElement] Queue element UserBufQEl_post_infer0yolov11n/yolov8_nms_postprocess has 0 frames in his Queue on destruction
[2026-04-15 17:35:22.380] [791559] [HailoRT] [info] [queue_elements.cpp:68] [operator()] Thread in element PullQEl_nms0yolov11n/conv80_143 is not running anymore, exiting..
[2026-04-15 17:35:22.380] [790749] [HailoRT] [info] [queue_elements.cpp:46] [~BaseQueueElement] Queue element PullQEl_nms0yolov11n/conv80_143 has 0 frames in his Queue on destruction
[2026-04-15 17:35:22.380] [791558] [HailoRT] [info] [queue_elements.cpp:68] [operator()] Thread in element PullQEl_nms1yolov11n/conv77_143 is not running anymore, exiting..
[2026-04-15 17:35:22.380] [790749] [HailoRT] [info] [queue_elements.cpp:46] [~BaseQueueElement] Queue element PullQEl_nms1yolov11n/conv77_143 has 0 frames in his Queue on destruction
[2026-04-15 17:35:22.380] [791557] [HailoRT] [info] [queue_elements.cpp:68] [operator()] Thread in element PullQEl_nms13yolov11n/conv65_143 is not running anymore, exiting..
[2026-04-15 17:35:22.380] [790749] [HailoRT] [info] [queue_elements.cpp:46] [~BaseQueueElement] Queue element PullQEl_nms13yolov11n/conv65_143 has 0 frames in his Queue on destruction
[2026-04-15 17:35:22.380] [791556] [HailoRT] [info] [queue_elements.cpp:68] [operator()] Thread in element PullQEl_nms15yolov11n/conv62_143 is not running anymore, exiting..
[2026-04-15 17:35:22.380] [790749] [HailoRT] [info] [queue_elements.cpp:46] [~BaseQueueElement] Queue element PullQEl_nms15yolov11n/conv62_143 has 0 frames in his Queue on destruction
[2026-04-15 17:35:22.380] [791555] [HailoRT] [info] [queue_elements.cpp:68] [operator()] Thread in element PullQEl_nms12yolov11n/conv54_143 is not running anymore, exiting..
[2026-04-15 17:35:22.380] [790749] [HailoRT] [info] [queue_elements.cpp:46] [~BaseQueueElement] Queue element PullQEl_nms12yolov11n/conv54_143 has 0 frames in his Queue on destruction
[2026-04-15 17:35:22.380] [791554] [HailoRT] [info] [queue_elements.cpp:68] [operator()] Thread in element PullQEl_nms3yolov11n/conv51_143 is not running anymore, exiting..
[2026-04-15 17:35:22.380] [790749] [HailoRT] [info] [queue_elements.cpp:46] [~BaseQueueElement] Queue element PullQEl_nms3yolov11n/conv51_143 has 0 frames in his Queue on destruction
[2026-04-15 17:35:22.381] [790749] [HailoRT] [info] [core_op.cpp:186] [deactivate] Deactivating took 0.008593 ms
[2026-04-15 17:35:22.381] [790749] [HailoRT] [info] [core_op.cpp:186] [deactivate] Deactivating took 0.017815 ms
[2026-04-15 17:35:22.410] [790749] [HailoRT] [info] [vdevice.cpp:535] [create] Creating vdevice with params: device_count: 1, scheduling_algorithm: NONE, multi_process_service: false
[2026-04-15 17:35:22.411] [790749] [HailoRT] [info] [device.cpp:51] [Device] OS Version: Linux 6.12.62+rpt-rpi-2712 #1 SMP PREEMPT Debian 1:6.12.62-1+rpt1 (2025-12-18) aarch64
[2026-04-15 17:35:22.411] [790749] [HailoRT] [info] [control.cpp:113] [control__parse_identify_results] firmware_version is: 4.23.0
[2026-04-15 17:35:22.411] [790749] [HailoRT] [info] [vdevice.cpp:682] [create] VDevice Infos: 0001:01:00.0
[2026-04-15 17:35:22.418] [790749] [HailoRT] [info] [internal_buffer_manager.cpp:77] [print_execution_results] Planned internal buffer memory: CMA=0 CMA-Desc=393216 Pinned=4712960. memory to edge layer usage factor is 1
[2026-04-15 17:35:22.418] [790749] [HailoRT] [info] [internal_buffer_manager.cpp:86] [print_execution_results] Default Internal buffer planner executed successfully
[2026-04-15 17:35:22.475] [790749] [HailoRT] [info] [device_internal.cpp:57] [configure] Configuring HEF took 63.668336 milliseconds
[2026-04-15 17:35:22.479] [790749] [HailoRT] [info] [vdevice.cpp:780] [configure] Configuring HEF on VDevice took 68.164821 milliseconds
[2026-04-15 17:35:22.480] [790749] [HailoRT] [info] [control.cpp:113] [control__parse_identify_results] firmware_version is: 4.23.0
[2026-04-15 17:35:22.480] [790749] [HailoRT] [info] [control.cpp:113] [control__parse_identify_results] firmware_version is: 4.23.0
[2026-04-15 17:35:22.481] [790749] [HailoRT] [info] [core_op.cpp:156] [activate] Activating yolov11n took 0.765103 milliseconds. Note that the function is asynchronous and thus the network is not fully activated yet.
[2026-04-15 17:35:22.481] [790749] [HailoRT] [info] [core_op.cpp:156] [activate] Activating yolov11n took 0.786232 milliseconds. Note that the function is asynchronous and thus the network is not fully activated yet.
[2026-04-15 17:35:22.497] [790749] [HailoRT] [info] [control.cpp:113] [control__parse_identify_results] firmware_version is: 4.23.0
[2026-04-15 17:35:22.498] [790749] [HailoRT] [info] [control.cpp:113] [control__parse_identify_results] firmware_version is: 4.23.0
[2026-04-15 17:35:22.498] [790749] [HailoRT] [info] [edge_elements.cpp:52] [create] Created (HwWriteEl8yolov11n/input_layer1 | hw_frame_size: 1228800)
[2026-04-15 17:35:22.498] [790749] [HailoRT] [info] [queue_elements.cpp:284] [create] Created (PushQEl8yolov11n/input_layer1 | timeout: 10s)
[2026-04-15 17:35:22.498] [790749] [HailoRT] [info] [filter_elements.cpp:101] [create] Created (PreInferEl8yolov11n/input_layer1 | Reorder - src_order: NHWC, src_shape: (640, 640, 3), dst_order: NHCW, dst_shape: (640, 640, 3))
[2026-04-15 17:35:22.498] [790749] [HailoRT] [info] [vstream.cpp:754] [InputVStreamImpl] Creating yolov11n/input_layer1...
[2026-04-15 17:35:22.498] [790749] [HailoRT] [info] [vstream_builder.cpp:102] [create_inputs] Input pipeline 'yolov11n/input_layer1': (PreInferEl8yolov11n/input_layer1 | Reorder - src_order: NHWC, src_shape: (640, 640, 3), dst_order: NHCW, dst_shape: (640, 640, 3)) >> (PushQEl8yolov11n/input_layer1 | timeout: 10s) >> (HwWriteEl8yolov11n/input_layer1 | hw_frame_size: 1228800) >> HW
[2026-04-15 17:35:22.498] [790749] [HailoRT] [info] [multi_io_elements.cpp:135] [create] Created (NmsPPMuxEl0YOLOV8-Post-Process | Op YOLOV8, Name: YOLOV8-Post-Process, Score threshold: 0.200, IoU threshold: 0.70, Classes: 80, Max bboxes per class: 100, Image height: 640, Image width: 640)
[2026-04-15 17:35:22.498] [790749] [HailoRT] [info] [edge_elements.cpp:287] [create] Created (HwReadEl3yolov11n/conv51_143 | hw_frame_size: 409600)
[2026-04-15 17:35:22.499] [790749] [HailoRT] [info] [queue_elements.cpp:657] [create] Created (PullQEl_nms3yolov11n/conv51_143 | timeout: 10s)
[2026-04-15 17:35:22.499] [790749] [HailoRT] [info] [edge_elements.cpp:287] [create] Created (HwReadEl12yolov11n/conv54_143 | hw_frame_size: 512000)
[2026-04-15 17:35:22.501] [790749] [HailoRT] [info] [queue_elements.cpp:657] [create] Created (PullQEl_nms12yolov11n/conv54_143 | timeout: 10s)
[2026-04-15 17:35:22.501] [790749] [HailoRT] [info] [edge_elements.cpp:287] [create] Created (HwReadEl15yolov11n/conv62_143 | hw_frame_size: 102400)
[2026-04-15 17:35:22.501] [790749] [HailoRT] [info] [queue_elements.cpp:657] [create] Created (PullQEl_nms15yolov11n/conv62_143 | timeout: 10s)
[2026-04-15 17:35:22.501] [790749] [HailoRT] [info] [edge_elements.cpp:287] [create] Created (HwReadEl13yolov11n/conv65_143 | hw_frame_size: 128000)
[2026-04-15 17:35:22.502] [790749] [HailoRT] [info] [queue_elements.cpp:657] [create] Created (PullQEl_nms13yolov11n/conv65_143 | timeout: 10s)
[2026-04-15 17:35:22.502] [790749] [HailoRT] [info] [edge_elements.cpp:287] [create] Created (HwReadEl1yolov11n/conv77_143 | hw_frame_size: 30720)
[2026-04-15 17:35:22.503] [790749] [HailoRT] [info] [queue_elements.cpp:657] [create] Created (PullQEl_nms1yolov11n/conv77_143 | timeout: 10s)
[2026-04-15 17:35:22.503] [790749] [HailoRT] [info] [edge_elements.cpp:287] [create] Created (HwReadEl0yolov11n/conv80_143 | hw_frame_size: 38400)
[2026-04-15 17:35:22.503] [790749] [HailoRT] [info] [queue_elements.cpp:657] [create] Created (PullQEl_nms0yolov11n/conv80_143 | timeout: 10s)
[2026-04-15 17:35:22.503] [790749] [HailoRT] [info] [queue_elements.cpp:800] [create] Created (UserBufQEl_post_infer0yolov11n/yolov8_nms_postprocess | timeout: 10s)
[2026-04-15 17:35:22.504] [790749] [HailoRT] [info] [vstream.cpp:1114] [OutputVStreamImpl] Creating yolov11n/yolov8_nms_postprocess...
[2026-04-15 17:35:22.504] [790749] [HailoRT] [info] [vstream_builder.cpp:622] [create_output_post_process_nms] Output pipeline 'yolov11n/yolov8_nms_postprocess': HW >> (HwReadEl3yolov11n/conv51_143 | hw_frame_size: 409600) >> (PullQEl_nms3yolov11n/conv51_143) >> (HwReadEl12yolov11n/conv54_143 | hw_frame_size: 512000) >> (PullQEl_nms12yolov11n/conv54_143) >> (HwReadEl15yolov11n/conv62_143 | hw_frame_size: 102400) >> (PullQEl_nms15yolov11n/conv62_143) >> (HwReadEl13yolov11n/conv65_143 | hw_frame_size: 128000) >> (PullQEl_nms13yolov11n/conv65_143) >> (HwReadEl1yolov11n/conv77_143 | hw_frame_size: 30720) >> (PullQEl_nms1yolov11n/conv77_143) >> (HwReadEl0yolov11n/conv80_143 | hw_frame_size: 38400) >> (PullQEl_nms0yolov11n/conv80_143) >> (NmsPPMuxEl0YOLOV8-Post-Process | Op YOLOV8, Name: YOLOV8-Post-Process, Score threshold: 0.200, IoU threshold: 0.70, Classes: 80, Max bboxes per class: 100, Image height: 640, Image width: 640) >> (UserBufQEl_post_infer0yolov11n/yolov8_nms_postprocess | timeout: 10s)
[2026-04-15 17:36:22.504] [792379] [HailoRT] [info] [vdevice_native_stream.cpp:331] [read_impl] Failed read from stream HAILO_STREAM_ABORT(63) (device: 0001:01:00.0)
[2026-04-15 17:36:22.504] [792379] [HailoRT] [info] [edge_elements.cpp:396] [run_pull] Reading from stream was aborted!
[2026-04-15 17:36:22.504] [792381] [HailoRT] [info] [vdevice_native_stream.cpp:331] [read_impl] Failed read from stream HAILO_STREAM_ABORT(63) (device: 0001:01:00.0)
[2026-04-15 17:36:22.504] [792381] [HailoRT] [info] [edge_elements.cpp:396] [run_pull] Reading from stream was aborted!
[2026-04-15 17:36:22.504] [792379] [HailoRT] [info] [queue_elements.cpp:738] [run_in_thread] run_pull of queue element PullQEl_nms15yolov11n/conv62_143 was aborted!
[2026-04-15 17:36:22.504] [792381] [HailoRT] [info] [queue_elements.cpp:738] [run_in_thread] run_pull of queue element PullQEl_nms1yolov11n/conv77_143 was aborted!
[2026-04-15 17:36:22.504] [792380] [HailoRT] [info] [vdevice_native_stream.cpp:331] [read_impl] Failed read from stream HAILO_STREAM_ABORT(63) (device: 0001:01:00.0)
[2026-04-15 17:36:22.504] [792380] [HailoRT] [info] [edge_elements.cpp:396] [run_pull] Reading from stream was aborted!
[2026-04-15 17:36:22.504] [792382] [HailoRT] [info] [vdevice_native_stream.cpp:331] [read_impl] Failed read from stream HAILO_STREAM_ABORT(63) (device: 0001:01:00.0)
[2026-04-15 17:36:22.504] [792382] [HailoRT] [info] [edge_elements.cpp:396] [run_pull] Reading from stream was aborted!
[2026-04-15 17:36:22.504] [792380] [HailoRT] [info] [queue_elements.cpp:738] [run_in_thread] run_pull of queue element PullQEl_nms13yolov11n/conv65_143 was aborted!
[2026-04-15 17:36:22.504] [792382] [HailoRT] [info] [queue_elements.cpp:738] [run_in_thread] run_pull of queue element PullQEl_nms0yolov11n/conv80_143 was aborted!
[2026-04-15 17:36:22.504] [792378] [HailoRT] [info] [vdevice_native_stream.cpp:331] [read_impl] Failed read from stream HAILO_STREAM_ABORT(63) (device: 0001:01:00.0)
[2026-04-15 17:36:22.504] [792378] [HailoRT] [info] [edge_elements.cpp:396] [run_pull] Reading from stream was aborted!
[2026-04-15 17:36:22.504] [792377] [HailoRT] [info] [vdevice_native_stream.cpp:331] [read_impl] Failed read from stream HAILO_STREAM_ABORT(63) (device: 0001:01:00.0)
[2026-04-15 17:36:22.504] [792377] [HailoRT] [info] [edge_elements.cpp:396] [run_pull] Reading from stream was aborted!
[2026-04-15 17:36:22.504] [792378] [HailoRT] [info] [queue_elements.cpp:738] [run_in_thread] run_pull of queue element PullQEl_nms12yolov11n/conv54_143 was aborted!
[2026-04-15 17:36:22.504] [792377] [HailoRT] [info] [queue_elements.cpp:738] [run_in_thread] run_pull of queue element PullQEl_nms3yolov11n/conv51_143 was aborted!
[2026-04-15 17:36:22.504] [792386] [HailoRT] [info] [queue_elements.cpp:706] [run_pull] Shutdown event was signaled in dequeue of queue element PullQEl_nms3yolov11n/conv51_143!
[2026-04-15 17:36:22.504] [792386] [HailoRT] [info] [vstream.cpp:1138] [read] Receiving to VStream was shutdown!
[2026-04-15 17:36:22.505] [792376] [HailoRT] [info] [vdevice_native_stream.cpp:142] [write_impl] Failed write to stream yolov11n/input_layer1 (device: 0001:01:00.0) with status=HAILO_STREAM_ABORT(63)
[2026-04-15 17:36:22.505] [792376] [HailoRT] [info] [edge_elements.cpp:87] [run_push] Failed to send on input stream InputStream(index=8, name=yolov11n/input_layer1) because stream was aborted
[2026-04-15 17:36:22.505] [792376] [HailoRT] [info] [queue_elements.cpp:401] [run_in_thread] run_push of PushQEl8yolov11n/input_layer1 was aborted!
[2026-04-15 17:36:22.506] [792387] [HailoRT] [info] [queue_elements.cpp:319] [run_push] run_push of PushQEl8yolov11n/input_layer1 was aborted!
[2026-04-15 17:36:22.506] [792387] [HailoRT] [info] [filter_elements.cpp:35] [run_push] run_push of PreInferEl8yolov11n/input_layer1 was aborted!
[2026-04-15 17:36:22.506] [792387] [HailoRT] [info] [vstream.cpp:778] [write] Sending to VStream was aborted!
[2026-04-15 17:36:22.511] [790749] [HailoRT] [info] [queue_elements.cpp:360] [execute_deactivate] enqueue() in element PushQEl8yolov11n/input_layer1 was aborted, got status = HAILO_SHUTDOWN_EVENT_SIGNALED(57)
[2026-04-15 17:36:22.511] [792376] [HailoRT] [info] [queue_elements.cpp:68] [operator()] Thread in element PushQEl8yolov11n/input_layer1 is not running anymore, exiting..
[2026-04-15 17:36:22.511] [790749] [HailoRT] [info] [queue_elements.cpp:46] [~BaseQueueElement] Queue element PushQEl8yolov11n/input_layer1 has 0 frames in his Queue on destruction
[2026-04-15 17:36:22.511] [792383] [HailoRT] [info] [queue_elements.cpp:68] [operator()] Thread in element UserBufQEl_post_infer0yolov11n/yolov8_nms_postprocess is not running anymore, exiting..
[2026-04-15 17:36:22.511] [790749] [HailoRT] [info] [queue_elements.cpp:46] [~BaseQueueElement] Queue element UserBufQEl_post_infer0yolov11n/yolov8_nms_postprocess has 0 frames in his Queue on destruction
[2026-04-15 17:36:22.511] [792382] [HailoRT] [info] [queue_elements.cpp:68] [operator()] Thread in element PullQEl_nms0yolov11n/conv80_143 is not running anymore, exiting..
[2026-04-15 17:36:22.511] [790749] [HailoRT] [info] [queue_elements.cpp:46] [~BaseQueueElement] Queue element PullQEl_nms0yolov11n/conv80_143 has 0 frames in his Queue on destruction
[2026-04-15 17:36:22.511] [792381] [HailoRT] [info] [queue_elements.cpp:68] [operator()] Thread in element PullQEl_nms1yolov11n/conv77_143 is not running anymore, exiting..
[2026-04-15 17:36:22.511] [790749] [HailoRT] [info] [queue_elements.cpp:46] [~BaseQueueElement] Queue element PullQEl_nms1yolov11n/conv77_143 has 0 frames in his Queue on destruction
[2026-04-15 17:36:22.511] [792380] [HailoRT] [info] [queue_elements.cpp:68] [operator()] Thread in element PullQEl_nms13yolov11n/conv65_143 is not running anymore, exiting..
[2026-04-15 17:36:22.511] [790749] [HailoRT] [info] [queue_elements.cpp:46] [~BaseQueueElement] Queue element PullQEl_nms13yolov11n/conv65_143 has 0 frames in his Queue on destruction
[2026-04-15 17:36:22.511] [792379] [HailoRT] [info] [queue_elements.cpp:68] [operator()] Thread in element PullQEl_nms15yolov11n/conv62_143 is not running anymore, exiting..
[2026-04-15 17:36:22.511] [790749] [HailoRT] [info] [queue_elements.cpp:46] [~BaseQueueElement] Queue element PullQEl_nms15yolov11n/conv62_143 has 0 frames in his Queue on destruction
[2026-04-15 17:36:22.511] [792378] [HailoRT] [info] [queue_elements.cpp:68] [operator()] Thread in element PullQEl_nms12yolov11n/conv54_143 is not running anymore, exiting..
[2026-04-15 17:36:22.511] [790749] [HailoRT] [info] [queue_elements.cpp:46] [~BaseQueueElement] Queue element PullQEl_nms12yolov11n/conv54_143 has 0 frames in his Queue on destruction
[2026-04-15 17:36:22.511] [792377] [HailoRT] [info] [queue_elements.cpp:68] [operator()] Thread in element PullQEl_nms3yolov11n/conv51_143 is not running anymore, exiting..
[2026-04-15 17:36:22.511] [790749] [HailoRT] [info] [queue_elements.cpp:46] [~BaseQueueElement] Queue element PullQEl_nms3yolov11n/conv51_143 has 0 frames in his Queue on destruction
[2026-04-15 17:36:22.511] [790749] [HailoRT] [info] [core_op.cpp:186] [deactivate] Deactivating took 0.006388 ms
[2026-04-15 17:36:22.511] [790749] [HailoRT] [info] [core_op.cpp:186] [deactivate] Deactivating took 0.01537 ms
[2026-04-15 17:36:32.853] [793279] [HailoRT] [info] [vdevice.cpp:535] [create] Creating vdevice with params: device_count: 1, scheduling_algorithm: NONE, multi_process_service: false
[2026-04-15 17:36:32.863] [793279] [HailoRT] [info] [device.cpp:51] [Device] OS Version: Linux 6.12.62+rpt-rpi-2712 #1 SMP PREEMPT Debian 1:6.12.62-1+rpt1 (2025-12-18) aarch64
[2026-04-15 17:36:32.866] [793279] [HailoRT] [info] [control.cpp:113] [control__parse_identify_results] firmware_version is: 4.23.0
[2026-04-15 17:36:32.866] [793279] [HailoRT] [info] [vdevice.cpp:682] [create] VDevice Infos: 0001:01:00.0
[2026-04-15 17:36:32.883] [793279] [HailoRT] [info] [internal_buffer_manager.cpp:77] [print_execution_results] Planned internal buffer memory: CMA=0 CMA-Desc=524288 Pinned=9423360. memory to edge layer usage factor is 1
[2026-04-15 17:36:32.883] [793279] [HailoRT] [info] [internal_buffer_manager.cpp:86] [print_execution_results] Default Internal buffer planner executed successfully
[2026-04-15 17:36:32.923] [793279] [HailoRT] [info] [device_internal.cpp:57] [configure] Configuring HEF took 56.137494 milliseconds
[2026-04-15 17:36:32.923] [793279] [HailoRT] [info] [vdevice.cpp:780] [configure] Configuring HEF on VDevice took 56.512565 milliseconds
[2026-04-15 17:36:32.923] [793279] [HailoRT] [info] [control.cpp:113] [control__parse_identify_results] firmware_version is: 4.23.0
[2026-04-15 17:36:32.924] [793279] [HailoRT] [info] [control.cpp:113] [control__parse_identify_results] firmware_version is: 4.23.0
[2026-04-15 17:36:32.925] [793279] [HailoRT] [info] [core_op.cpp:156] [activate] Activating yolov11n took 1.14571 milliseconds. Note that the function is asynchronous and thus the network is not fully activated yet.
[2026-04-15 17:36:32.925] [793279] [HailoRT] [info] [core_op.cpp:156] [activate] Activating yolov11n took 1.156709 milliseconds. Note that the function is asynchronous and thus the network is not fully activated yet.
[2026-04-15 17:36:32.938] [793279] [HailoRT] [info] [control.cpp:113] [control__parse_identify_results] firmware_version is: 4.23.0
[2026-04-15 17:36:32.938] [793279] [HailoRT] [info] [control.cpp:113] [control__parse_identify_results] firmware_version is: 4.23.0
[2026-04-15 17:36:34.279] [793266] [HailoRT] [info] [device.cpp:51] [Device] OS Version: Linux 6.12.62+rpt-rpi-2712 #1 SMP PREEMPT Debian 1:6.12.62-1+rpt1 (2025-12-18) aarch64
[2026-04-15 17:36:34.280] [793266] [HailoRT] [info] [control.cpp:113] [control__parse_identify_results] firmware_version is: 4.23.0
[2026-04-15 17:36:34.280] [793266] [HailoRT] [info] [control.cpp:113] [control__parse_identify_results] firmware_version is: 4.23.0
[2026-04-15 17:37:32.939] [793294] [HailoRT] [info] [vdevice_native_stream.cpp:142] [write_impl] Failed write to stream yolov11n/input_layer1 (device: 0001:01:00.0) with status=HAILO_STREAM_ABORT(63)
[2026-04-15 17:37:32.939] [793291] [HailoRT] [info] [vdevice_native_stream.cpp:331] [read_impl] Failed read from stream HAILO_STREAM_ABORT(63) (device: 0001:01:00.0)
[2026-04-15 17:37:32.939] [793289] [HailoRT] [info] [vdevice_native_stream.cpp:331] [read_impl] Failed read from stream HAILO_STREAM_ABORT(63) (device: 0001:01:00.0)
[2026-04-15 17:37:32.939] [793290] [HailoRT] [info] [vdevice_native_stream.cpp:331] [read_impl] Failed read from stream HAILO_STREAM_ABORT(63) (device: 0001:01:00.0)
[2026-04-15 17:37:32.939] [793292] [HailoRT] [info] [vdevice_native_stream.cpp:331] [read_impl] Failed read from stream HAILO_STREAM_ABORT(63) (device: 0001:01:00.0)
[2026-04-15 17:37:32.939] [793293] [HailoRT] [info] [vdevice_native_stream.cpp:331] [read_impl] Failed read from stream HAILO_STREAM_ABORT(63) (device: 0001:01:00.0)
[2026-04-15 17:37:32.939] [793288] [HailoRT] [info] [vdevice_native_stream.cpp:331] [read_impl] Failed read from stream HAILO_STREAM_ABORT(63) (device: 0001:01:00.0)
[2026-04-15 17:37:32.945] [793279] [HailoRT] [info] [core_op.cpp:186] [deactivate] Deactivating took 0.008944 ms
[2026-04-15 17:37:32.945] [793279] [HailoRT] [info] [core_op.cpp:186] [deactivate] Deactivating took 0.034611 ms
[2026-04-15 17:37:32.997] [793279] [HailoRT] [info] [vdevice.cpp:535] [create] Creating vdevice with params: device_count: 1, scheduling_algorithm: NONE, multi_process_service: false
[2026-04-15 17:37:32.998] [793279] [HailoRT] [info] [device.cpp:51] [Device] OS Version: Linux 6.12.62+rpt-rpi-2712 #1 SMP PREEMPT Debian 1:6.12.62-1+rpt1 (2025-12-18) aarch64
[2026-04-15 17:37:32.998] [793279] [HailoRT] [info] [control.cpp:113] [control__parse_identify_results] firmware_version is: 4.23.0
[2026-04-15 17:37:32.998] [793279] [HailoRT] [info] [vdevice.cpp:682] [create] VDevice Infos: 0001:01:00.0
[2026-04-15 17:37:33.009] [793279] [HailoRT] [info] [internal_buffer_manager.cpp:77] [print_execution_results] Planned internal buffer memory: CMA=0 CMA-Desc=524288 Pinned=9423360. memory to edge layer usage factor is 1
[2026-04-15 17:37:33.009] [793279] [HailoRT] [info] [internal_buffer_manager.cpp:86] [print_execution_results] Default Internal buffer planner executed successfully
[2026-04-15 17:37:33.062] [793279] [HailoRT] [info] [device_internal.cpp:57] [configure] Configuring HEF took 64.047813 milliseconds
[2026-04-15 17:37:33.063] [793279] [HailoRT] [info] [vdevice.cpp:780] [configure] Configuring HEF on VDevice took 64.465661 milliseconds
[2026-04-15 17:37:33.063] [793279] [HailoRT] [info] [control.cpp:113] [control__parse_identify_results] firmware_version is: 4.23.0
[2026-04-15 17:37:33.063] [793279] [HailoRT] [info] [control.cpp:113] [control__parse_identify_results] firmware_version is: 4.23.0
[2026-04-15 17:37:33.065] [793279] [HailoRT] [info] [core_op.cpp:156] [activate] Activating yolov11n took 1.802241 milliseconds. Note that the function is asynchronous and thus the network is not fully activated yet.
[2026-04-15 17:37:33.065] [793279] [HailoRT] [info] [core_op.cpp:156] [activate] Activating yolov11n took 1.825944 milliseconds. Note that the function is asynchronous and thus the network is not fully activated yet.
[2026-04-15 17:37:33.082] [793279] [HailoRT] [info] [control.cpp:113] [control__parse_identify_results] firmware_version is: 4.23.0
[2026-04-15 17:37:33.082] [793279] [HailoRT] [info] [control.cpp:113] [control__parse_identify_results] firmware_version is: 4.23.0
[2026-04-15 17:37:33.082] [793279] [HailoRT] [info] [edge_elements.cpp:52] [create] Created (HwWriteEl8yolov11n/input_layer1 | hw_frame_size: 1228800)
[2026-04-15 17:37:33.082] [793279] [HailoRT] [info] [queue_elements.cpp:284] [create] Created (PushQEl8yolov11n/input_layer1 | timeout: 10s)
[2026-04-15 17:37:33.082] [793279] [HailoRT] [info] [filter_elements.cpp:101] [create] Created (PreInferEl8yolov11n/input_layer1 | Reorder - src_order: NHWC, src_shape: (640, 640, 3), dst_order: NHCW, dst_shape: (640, 640, 3))
[2026-04-15 17:37:33.082] [793279] [HailoRT] [info] [vstream.cpp:754] [InputVStreamImpl] Creating yolov11n/input_layer1...
[2026-04-15 17:37:33.083] [793279] [HailoRT] [info] [vstream_builder.cpp:102] [create_inputs] Input pipeline 'yolov11n/input_layer1': (PreInferEl8yolov11n/input_layer1 | Reorder - src_order: NHWC, src_shape: (640, 640, 3), dst_order: NHCW, dst_shape: (640, 640, 3)) >> (PushQEl8yolov11n/input_layer1 | timeout: 10s) >> (HwWriteEl8yolov11n/input_layer1 | hw_frame_size: 1228800) >> HW
[2026-04-15 17:37:33.083] [793279] [HailoRT] [info] [multi_io_elements.cpp:135] [create] Created (NmsPPMuxEl0YOLOV8-Post-Process | Op YOLOV8, Name: YOLOV8-Post-Process, Score threshold: 0.200, IoU threshold: 0.70, Classes: 80, Max bboxes per class: 100, Image height: 640, Image width: 640)
[2026-04-15 17:37:33.083] [793279] [HailoRT] [info] [edge_elements.cpp:287] [create] Created (HwReadEl3yolov11n/conv51_143 | hw_frame_size: 409600)
[2026-04-15 17:37:33.083] [793279] [HailoRT] [info] [queue_elements.cpp:657] [create] Created (PullQEl_nms3yolov11n/conv51_143 | timeout: 10s)
[2026-04-15 17:37:33.083] [793279] [HailoRT] [info] [edge_elements.cpp:287] [create] Created (HwReadEl12yolov11n/conv54_143 | hw_frame_size: 512000)
[2026-04-15 17:37:33.083] [793279] [HailoRT] [info] [queue_elements.cpp:657] [create] Created (PullQEl_nms12yolov11n/conv54_143 | timeout: 10s)
[2026-04-15 17:37:33.083] [793279] [HailoRT] [info] [edge_elements.cpp:287] [create] Created (HwReadEl15yolov11n/conv62_143 | hw_frame_size: 102400)
[2026-04-15 17:37:33.083] [793279] [HailoRT] [info] [queue_elements.cpp:657] [create] Created (PullQEl_nms15yolov11n/conv62_143 | timeout: 10s)
[2026-04-15 17:37:33.083] [793279] [HailoRT] [info] [edge_elements.cpp:287] [create] Created (HwReadEl13yolov11n/conv65_143 | hw_frame_size: 128000)
[2026-04-15 17:37:33.083] [793279] [HailoRT] [info] [queue_elements.cpp:657] [create] Created (PullQEl_nms13yolov11n/conv65_143 | timeout: 10s)
[2026-04-15 17:37:33.083] [793279] [HailoRT] [info] [edge_elements.cpp:287] [create] Created (HwReadEl1yolov11n/conv77_143 | hw_frame_size: 30720)
[2026-04-15 17:37:33.083] [793279] [HailoRT] [info] [queue_elements.cpp:657] [create] Created (PullQEl_nms1yolov11n/conv77_143 | timeout: 10s)
[2026-04-15 17:37:33.083] [793279] [HailoRT] [info] [edge_elements.cpp:287] [create] Created (HwReadEl0yolov11n/conv80_143 | hw_frame_size: 38400)
[2026-04-15 17:37:33.083] [793279] [HailoRT] [info] [queue_elements.cpp:657] [create] Created (PullQEl_nms0yolov11n/conv80_143 | timeout: 10s)
[2026-04-15 17:37:33.083] [793279] [HailoRT] [info] [queue_elements.cpp:800] [create] Created (UserBufQEl_post_infer0yolov11n/yolov8_nms_postprocess | timeout: 10s)
[2026-04-15 17:37:33.083] [793279] [HailoRT] [info] [vstream.cpp:1114] [OutputVStreamImpl] Creating yolov11n/yolov8_nms_postprocess...
[2026-04-15 17:37:33.084] [793279] [HailoRT] [info] [vstream_builder.cpp:622] [create_output_post_process_nms] Output pipeline 'yolov11n/yolov8_nms_postprocess': HW >> (HwReadEl3yolov11n/conv51_143 | hw_frame_size: 409600) >> (PullQEl_nms3yolov11n/conv51_143) >> (HwReadEl12yolov11n/conv54_143 | hw_frame_size: 512000) >> (PullQEl_nms12yolov11n/conv54_143) >> (HwReadEl15yolov11n/conv62_143 | hw_frame_size: 102400) >> (PullQEl_nms15yolov11n/conv62_143) >> (HwReadEl13yolov11n/conv65_143 | hw_frame_size: 128000) >> (PullQEl_nms13yolov11n/conv65_143) >> (HwReadEl1yolov11n/conv77_143 | hw_frame_size: 30720) >> (PullQEl_nms1yolov11n/conv77_143) >> (HwReadEl0yolov11n/conv80_143 | hw_frame_size: 38400) >> (PullQEl_nms0yolov11n/conv80_143) >> (NmsPPMuxEl0YOLOV8-Post-Process | Op YOLOV8, Name: YOLOV8-Post-Process, Score threshold: 0.200, IoU threshold: 0.70, Classes: 80, Max bboxes per class: 100, Image height: 640, Image width: 640) >> (UserBufQEl_post_infer0yolov11n/yolov8_nms_postprocess | timeout: 10s)
[2026-04-15 17:38:33.084] [794091] [HailoRT] [info] [vdevice_native_stream.cpp:142] [write_impl] Failed write to stream yolov11n/input_layer1 (device: 0001:01:00.0) with status=HAILO_STREAM_ABORT(63)
[2026-04-15 17:38:33.084] [794093] [HailoRT] [info] [vdevice_native_stream.cpp:331] [read_impl] Failed read from stream HAILO_STREAM_ABORT(63) (device: 0001:01:00.0)
[2026-04-15 17:38:33.084] [794093] [HailoRT] [info] [edge_elements.cpp:396] [run_pull] Reading from stream was aborted!
[2026-04-15 17:38:33.084] [794091] [HailoRT] [info] [edge_elements.cpp:87] [run_push] Failed to send on input stream InputStream(index=8, name=yolov11n/input_layer1) because stream was aborted
[2026-04-15 17:38:33.084] [794091] [HailoRT] [info] [queue_elements.cpp:401] [run_in_thread] run_push of PushQEl8yolov11n/input_layer1 was aborted!
[2026-04-15 17:38:33.084] [794093] [HailoRT] [info] [queue_elements.cpp:738] [run_in_thread] run_pull of queue element PullQEl_nms12yolov11n/conv54_143 was aborted!
[2026-04-15 17:38:33.084] [794095] [HailoRT] [info] [vdevice_native_stream.cpp:331] [read_impl] Failed read from stream HAILO_STREAM_ABORT(63) (device: 0001:01:00.0)
[2026-04-15 17:38:33.084] [794092] [HailoRT] [info] [vdevice_native_stream.cpp:331] [read_impl] Failed read from stream HAILO_STREAM_ABORT(63) (device: 0001:01:00.0)
[2026-04-15 17:38:33.084] [794092] [HailoRT] [info] [edge_elements.cpp:396] [run_pull] Reading from stream was aborted!
[2026-04-15 17:38:33.084] [794095] [HailoRT] [info] [edge_elements.cpp:396] [run_pull] Reading from stream was aborted!
[2026-04-15 17:38:33.084] [794092] [HailoRT] [info] [queue_elements.cpp:738] [run_in_thread] run_pull of queue element PullQEl_nms3yolov11n/conv51_143 was aborted!
[2026-04-15 17:38:33.084] [794096] [HailoRT] [info] [vdevice_native_stream.cpp:331] [read_impl] Failed read from stream HAILO_STREAM_ABORT(63) (device: 0001:01:00.0)
[2026-04-15 17:38:33.084] [794095] [HailoRT] [info] [queue_elements.cpp:738] [run_in_thread] run_pull of queue element PullQEl_nms13yolov11n/conv65_143 was aborted!
[2026-04-15 17:38:33.084] [794096] [HailoRT] [info] [edge_elements.cpp:396] [run_pull] Reading from stream was aborted!
[2026-04-15 17:38:33.084] [794094] [HailoRT] [info] [vdevice_native_stream.cpp:331] [read_impl] Failed read from stream HAILO_STREAM_ABORT(63) (device: 0001:01:00.0)
[2026-04-15 17:38:33.084] [794094] [HailoRT] [info] [edge_elements.cpp:396] [run_pull] Reading from stream was aborted!
[2026-04-15 17:38:33.084] [794096] [HailoRT] [info] [queue_elements.cpp:738] [run_in_thread] run_pull of queue element PullQEl_nms1yolov11n/conv77_143 was aborted!
[2026-04-15 17:38:33.084] [794094] [HailoRT] [info] [queue_elements.cpp:738] [run_in_thread] run_pull of queue element PullQEl_nms15yolov11n/conv62_143 was aborted!
[2026-04-15 17:38:33.084] [794097] [HailoRT] [info] [vdevice_native_stream.cpp:331] [read_impl] Failed read from stream HAILO_STREAM_ABORT(63) (device: 0001:01:00.0)
[2026-04-15 17:38:33.084] [794097] [HailoRT] [info] [edge_elements.cpp:396] [run_pull] Reading from stream was aborted!
[2026-04-15 17:38:33.085] [794097] [HailoRT] [info] [queue_elements.cpp:738] [run_in_thread] run_pull of queue element PullQEl_nms0yolov11n/conv80_143 was aborted!
[2026-04-15 17:38:33.085] [794101] [HailoRT] [info] [queue_elements.cpp:706] [run_pull] Shutdown event was signaled in dequeue of queue element PullQEl_nms3yolov11n/conv51_143!
[2026-04-15 17:38:33.085] [794101] [HailoRT] [info] [vstream.cpp:1138] [read] Receiving to VStream was shutdown!
[2026-04-15 17:38:33.085] [794102] [HailoRT] [info] [queue_elements.cpp:319] [run_push] run_push of PushQEl8yolov11n/input_layer1 was aborted!
[2026-04-15 17:38:33.085] [794102] [HailoRT] [info] [filter_elements.cpp:35] [run_push] run_push of PreInferEl8yolov11n/input_layer1 was aborted!
[2026-04-15 17:38:33.085] [794102] [HailoRT] [info] [vstream.cpp:778] [write] Sending to VStream was aborted!
[2026-04-15 17:38:33.117] [793279] [HailoRT] [info] [queue_elements.cpp:360] [execute_deactivate] enqueue() in element PushQEl8yolov11n/input_layer1 was aborted, got status = HAILO_SHUTDOWN_EVENT_SIGNALED(57)
[2026-04-15 17:38:33.117] [794091] [HailoRT] [info] [queue_elements.cpp:68] [operator()] Thread in element PushQEl8yolov11n/input_layer1 is not running anymore, exiting..
[2026-04-15 17:38:33.117] [793279] [HailoRT] [info] [queue_elements.cpp:46] [~BaseQueueElement] Queue element PushQEl8yolov11n/input_layer1 has 0 frames in his Queue on destruction
[2026-04-15 17:38:33.117] [794098] [HailoRT] [info] [queue_elements.cpp:68] [operator()] Thread in element UserBufQEl_post_infer0yolov11n/yolov8_nms_postprocess is not running anymore, exiting..
[2026-04-15 17:38:33.118] [793279] [HailoRT] [info] [queue_elements.cpp:46] [~BaseQueueElement] Queue element UserBufQEl_post_infer0yolov11n/yolov8_nms_postprocess has 0 frames in his Queue on destruction
[2026-04-15 17:38:33.118] [794097] [HailoRT] [info] [queue_elements.cpp:68] [operator()] Thread in element PullQEl_nms0yolov11n/conv80_143 is not running anymore, exiting..
[2026-04-15 17:38:33.118] [793279] [HailoRT] [info] [queue_elements.cpp:46] [~BaseQueueElement] Queue element PullQEl_nms0yolov11n/conv80_143 has 0 frames in his Queue on destruction
[2026-04-15 17:38:33.118] [794096] [HailoRT] [info] [queue_elements.cpp:68] [operator()] Thread in element PullQEl_nms1yolov11n/conv77_143 is not running anymore, exiting..
[2026-04-15 17:38:33.118] [793279] [HailoRT] [info] [queue_elements.cpp:46] [~BaseQueueElement] Queue element PullQEl_nms1yolov11n/conv77_143 has 0 frames in his Queue on destruction
[2026-04-15 17:38:33.118] [794095] [HailoRT] [info] [queue_elements.cpp:68] [operator()] Thread in element PullQEl_nms13yolov11n/conv65_143 is not running anymore, exiting..
[2026-04-15 17:38:33.118] [793279] [HailoRT] [info] [queue_elements.cpp:46] [~BaseQueueElement] Queue element PullQEl_nms13yolov11n/conv65_143 has 0 frames in his Queue on destruction
[2026-04-15 17:38:33.118] [794094] [HailoRT] [info] [queue_elements.cpp:68] [operator()] Thread in element PullQEl_nms15yolov11n/conv62_143 is not running anymore, exiting..
[2026-04-15 17:38:33.118] [793279] [HailoRT] [info] [queue_elements.cpp:46] [~BaseQueueElement] Queue element PullQEl_nms15yolov11n/conv62_143 has 0 frames in his Queue on destruction
[2026-04-15 17:38:33.118] [794093] [HailoRT] [info] [queue_elements.cpp:68] [operator()] Thread in element PullQEl_nms12yolov11n/conv54_143 is not running anymore, exiting..
[2026-04-15 17:38:33.118] [793279] [HailoRT] [info] [queue_elements.cpp:46] [~BaseQueueElement] Queue element PullQEl_nms12yolov11n/conv54_143 has 0 frames in his Queue on destruction
[2026-04-15 17:38:33.118] [794092] [HailoRT] [info] [queue_elements.cpp:68] [operator()] Thread in element PullQEl_nms3yolov11n/conv51_143 is not running anymore, exiting..
[2026-04-15 17:38:33.118] [793279] [HailoRT] [info] [queue_elements.cpp:46] [~BaseQueueElement] Queue element PullQEl_nms3yolov11n/conv51_143 has 0 frames in his Queue on destruction
[2026-04-15 17:38:33.118] [793279] [HailoRT] [info] [core_op.cpp:186] [deactivate] Deactivating took 0.007555 ms
[2026-04-15 17:38:33.118] [793279] [HailoRT] [info] [core_op.cpp:186] [deactivate] Deactivating took 0.016185 ms
[2026-04-15 17:38:33.150] [793279] [HailoRT] [info] [vdevice.cpp:535] [create] Creating vdevice with params: device_count: 1, scheduling_algorithm: NONE, multi_process_service: false
[2026-04-15 17:38:33.150] [793279] [HailoRT] [info] [device.cpp:51] [Device] OS Version: Linux 6.12.62+rpt-rpi-2712 #1 SMP PREEMPT Debian 1:6.12.62-1+rpt1 (2025-12-18) aarch64
[2026-04-15 17:38:33.151] [793279] [HailoRT] [info] [control.cpp:113] [control__parse_identify_results] firmware_version is: 4.23.0
[2026-04-15 17:38:33.151] [793279] [HailoRT] [info] [vdevice.cpp:682] [create] VDevice Infos: 0001:01:00.0
[2026-04-15 17:38:33.159] [793279] [HailoRT] [info] [internal_buffer_manager.cpp:77] [print_execution_results] Planned internal buffer memory: CMA=0 CMA-Desc=524288 Pinned=9423360. memory to edge layer usage factor is 1
[2026-04-15 17:38:33.159] [793279] [HailoRT] [info] [internal_buffer_manager.cpp:86] [print_execution_results] Default Internal buffer planner executed successfully
[2026-04-15 17:38:33.209] [793279] [HailoRT] [info] [device_internal.cpp:57] [configure] Configuring HEF took 57.958456 milliseconds
[2026-04-15 17:38:33.209] [793279] [HailoRT] [info] [vdevice.cpp:780] [configure] Configuring HEF on VDevice took 58.416267 milliseconds
[2026-04-15 17:38:33.210] [793279] [HailoRT] [info] [control.cpp:113] [control__parse_identify_results] firmware_version is: 4.23.0
[2026-04-15 17:38:33.210] [793279] [HailoRT] [info] [control.cpp:113] [control__parse_identify_results] firmware_version is: 4.23.0
[2026-04-15 17:38:33.211] [793279] [HailoRT] [info] [core_op.cpp:156] [activate] Activating yolov11n took 1.424283 milliseconds. Note that the function is asynchronous and thus the network is not fully activated yet.
[2026-04-15 17:38:33.211] [793279] [HailoRT] [info] [core_op.cpp:156] [activate] Activating yolov11n took 1.44993 milliseconds. Note that the function is asynchronous and thus the network is not fully activated yet.
[2026-04-15 17:38:33.225] [793279] [HailoRT] [info] [control.cpp:113] [control__parse_identify_results] firmware_version is: 4.23.0
[2026-04-15 17:38:33.225] [793279] [HailoRT] [info] [control.cpp:113] [control__parse_identify_results] firmware_version is: 4.23.0
[2026-04-15 17:38:33.225] [793279] [HailoRT] [info] [edge_elements.cpp:52] [create] Created (HwWriteEl8yolov11n/input_layer1 | hw_frame_size: 1228800)
[2026-04-15 17:38:33.225] [793279] [HailoRT] [info] [queue_elements.cpp:284] [create] Created (PushQEl8yolov11n/input_layer1 | timeout: 10s)
[2026-04-15 17:38:33.225] [793279] [HailoRT] [info] [filter_elements.cpp:101] [create] Created (PreInferEl8yolov11n/input_layer1 | Reorder - src_order: NHWC, src_shape: (640, 640, 3), dst_order: NHCW, dst_shape: (640, 640, 3))
[2026-04-15 17:38:33.225] [793279] [HailoRT] [info] [vstream.cpp:754] [InputVStreamImpl] Creating yolov11n/input_layer1...
[2026-04-15 17:38:33.225] [793279] [HailoRT] [info] [vstream_builder.cpp:102] [create_inputs] Input pipeline 'yolov11n/input_layer1': (PreInferEl8yolov11n/input_layer1 | Reorder - src_order: NHWC, src_shape: (640, 640, 3), dst_order: NHCW, dst_shape: (640, 640, 3)) >> (PushQEl8yolov11n/input_layer1 | timeout: 10s) >> (HwWriteEl8yolov11n/input_layer1 | hw_frame_size: 1228800) >> HW
[2026-04-15 17:38:33.225] [793279] [HailoRT] [info] [multi_io_elements.cpp:135] [create] Created (NmsPPMuxEl0YOLOV8-Post-Process | Op YOLOV8, Name: YOLOV8-Post-Process, Score threshold: 0.200, IoU threshold: 0.70, Classes: 80, Max bboxes per class: 100, Image height: 640, Image width: 640)
[2026-04-15 17:38:33.225] [793279] [HailoRT] [info] [edge_elements.cpp:287] [create] Created (HwReadEl3yolov11n/conv51_143 | hw_frame_size: 409600)
[2026-04-15 17:38:33.225] [793279] [HailoRT] [info] [queue_elements.cpp:657] [create] Created (PullQEl_nms3yolov11n/conv51_143 | timeout: 10s)
[2026-04-15 17:38:33.225] [793279] [HailoRT] [info] [edge_elements.cpp:287] [create] Created (HwReadEl12yolov11n/conv54_143 | hw_frame_size: 512000)
[2026-04-15 17:38:33.225] [793279] [HailoRT] [info] [queue_elements.cpp:657] [create] Created (PullQEl_nms12yolov11n/conv54_143 | timeout: 10s)
[2026-04-15 17:38:33.225] [793279] [HailoRT] [info] [edge_elements.cpp:287] [create] Created (HwReadEl15yolov11n/conv62_143 | hw_frame_size: 102400)
[2026-04-15 17:38:33.225] [793279] [HailoRT] [info] [queue_elements.cpp:657] [create] Created (PullQEl_nms15yolov11n/conv62_143 | timeout: 10s)
[2026-04-15 17:38:33.225] [793279] [HailoRT] [info] [edge_elements.cpp:287] [create] Created (HwReadEl13yolov11n/conv65_143 | hw_frame_size: 128000)
[2026-04-15 17:38:33.226] [793279] [HailoRT] [info] [queue_elements.cpp:657] [create] Created (PullQEl_nms13yolov11n/conv65_143 | timeout: 10s)
[2026-04-15 17:38:33.226] [793279] [HailoRT] [info] [edge_elements.cpp:287] [create] Created (HwReadEl1yolov11n/conv77_143 | hw_frame_size: 30720)
[2026-04-15 17:38:33.226] [793279] [HailoRT] [info] [queue_elements.cpp:657] [create] Created (PullQEl_nms1yolov11n/conv77_143 | timeout: 10s)
[2026-04-15 17:38:33.226] [793279] [HailoRT] [info] [edge_elements.cpp:287] [create] Created (HwReadEl0yolov11n/conv80_143 | hw_frame_size: 38400)
[2026-04-15 17:38:33.226] [793279] [HailoRT] [info] [queue_elements.cpp:657] [create] Created (PullQEl_nms0yolov11n/conv80_143 | timeout: 10s)
[2026-04-15 17:38:33.226] [793279] [HailoRT] [info] [queue_elements.cpp:800] [create] Created (UserBufQEl_post_infer0yolov11n/yolov8_nms_postprocess | timeout: 10s)
[2026-04-15 17:38:33.226] [793279] [HailoRT] [info] [vstream.cpp:1114] [OutputVStreamImpl] Creating yolov11n/yolov8_nms_postprocess...
[2026-04-15 17:38:33.226] [793279] [HailoRT] [info] [vstream_builder.cpp:622] [create_output_post_process_nms] Output pipeline 'yolov11n/yolov8_nms_postprocess': HW >> (HwReadEl3yolov11n/conv51_143 | hw_frame_size: 409600) >> (PullQEl_nms3yolov11n/conv51_143) >> (HwReadEl12yolov11n/conv54_143 | hw_frame_size: 512000) >> (PullQEl_nms12yolov11n/conv54_143) >> (HwReadEl15yolov11n/conv62_143 | hw_frame_size: 102400) >> (PullQEl_nms15yolov11n/conv62_143) >> (HwReadEl13yolov11n/conv65_143 | hw_frame_size: 128000) >> (PullQEl_nms13yolov11n/conv65_143) >> (HwReadEl1yolov11n/conv77_143 | hw_frame_size: 30720) >> (PullQEl_nms1yolov11n/conv77_143) >> (HwReadEl0yolov11n/conv80_143 | hw_frame_size: 38400) >> (PullQEl_nms0yolov11n/conv80_143) >> (NmsPPMuxEl0YOLOV8-Post-Process | Op YOLOV8, Name: YOLOV8-Post-Process, Score threshold: 0.200, IoU threshold: 0.70, Classes: 80, Max bboxes per class: 100, Image height: 640, Image width: 640) >> (UserBufQEl_post_infer0yolov11n/yolov8_nms_postprocess | timeout: 10s)
[2026-04-15 17:39:33.227] [794921] [HailoRT] [info] [vdevice_native_stream.cpp:331] [read_impl] Failed read from stream HAILO_STREAM_ABORT(63) (device: 0001:01:00.0)
[2026-04-15 17:39:33.227] [794925] [HailoRT] [info] [vdevice_native_stream.cpp:331] [read_impl] Failed read from stream HAILO_STREAM_ABORT(63) (device: 0001:01:00.0)
[2026-04-15 17:39:33.227] [794921] [HailoRT] [info] [edge_elements.cpp:396] [run_pull] Reading from stream was aborted!
[2026-04-15 17:39:33.227] [794924] [HailoRT] [info] [vdevice_native_stream.cpp:331] [read_impl] Failed read from stream HAILO_STREAM_ABORT(63) (device: 0001:01:00.0)
[2026-04-15 17:39:33.227] [794923] [HailoRT] [info] [vdevice_native_stream.cpp:331] [read_impl] Failed read from stream HAILO_STREAM_ABORT(63) (device: 0001:01:00.0)
[2026-04-15 17:39:33.227] [794920] [HailoRT] [info] [vdevice_native_stream.cpp:331] [read_impl] Failed read from stream HAILO_STREAM_ABORT(63) (device: 0001:01:00.0)
[2026-04-15 17:39:33.227] [794921] [HailoRT] [info] [queue_elements.cpp:738] [run_in_thread] run_pull of queue element PullQEl_nms12yolov11n/conv54_143 was aborted!
[2026-04-15 17:39:33.227] [794924] [HailoRT] [info] [edge_elements.cpp:396] [run_pull] Reading from stream was aborted!
[2026-04-15 17:39:33.227] [794923] [HailoRT] [info] [edge_elements.cpp:396] [run_pull] Reading from stream was aborted!
[2026-04-15 17:39:33.227] [794920] [HailoRT] [info] [edge_elements.cpp:396] [run_pull] Reading from stream was aborted!
[2026-04-15 17:39:33.227] [794924] [HailoRT] [info] [queue_elements.cpp:738] [run_in_thread] run_pull of queue element PullQEl_nms1yolov11n/conv77_143 was aborted!
[2026-04-15 17:39:33.227] [794922] [HailoRT] [info] [vdevice_native_stream.cpp:331] [read_impl] Failed read from stream HAILO_STREAM_ABORT(63) (device: 0001:01:00.0)
[2026-04-15 17:39:33.227] [794923] [HailoRT] [info] [queue_elements.cpp:738] [run_in_thread] run_pull of queue element PullQEl_nms13yolov11n/conv65_143 was aborted!
[2026-04-15 17:39:33.227] [794922] [HailoRT] [info] [edge_elements.cpp:396] [run_pull] Reading from stream was aborted!
[2026-04-15 17:39:33.227] [794919] [HailoRT] [info] [vdevice_native_stream.cpp:142] [write_impl] Failed write to stream yolov11n/input_layer1 (device: 0001:01:00.0) with status=HAILO_STREAM_ABORT(63)
[2026-04-15 17:39:33.228] [794922] [HailoRT] [info] [queue_elements.cpp:738] [run_in_thread] run_pull of queue element PullQEl_nms15yolov11n/conv62_143 was aborted!
[2026-04-15 17:39:33.227] [794925] [HailoRT] [info] [edge_elements.cpp:396] [run_pull] Reading from stream was aborted!
[2026-04-15 17:39:33.228] [794919] [HailoRT] [info] [edge_elements.cpp:87] [run_push] Failed to send on input stream InputStream(index=8, name=yolov11n/input_layer1) because stream was aborted
[2026-04-15 17:39:33.228] [794925] [HailoRT] [info] [queue_elements.cpp:738] [run_in_thread] run_pull of queue element PullQEl_nms0yolov11n/conv80_143 was aborted!
[2026-04-15 17:39:33.228] [794919] [HailoRT] [info] [queue_elements.cpp:401] [run_in_thread] run_push of PushQEl8yolov11n/input_layer1 was aborted!
[2026-04-15 17:39:33.227] [794920] [HailoRT] [info] [queue_elements.cpp:738] [run_in_thread] run_pull of queue element PullQEl_nms3yolov11n/conv51_143 was aborted!
[2026-04-15 17:39:33.228] [794929] [HailoRT] [info] [queue_elements.cpp:706] [run_pull] Shutdown event was signaled in dequeue of queue element PullQEl_nms3yolov11n/conv51_143!
[2026-04-15 17:39:33.228] [794929] [HailoRT] [info] [vstream.cpp:1138] [read] Receiving to VStream was shutdown!
[2026-04-15 17:39:33.228] [794930] [HailoRT] [info] [queue_elements.cpp:319] [run_push] run_push of PushQEl8yolov11n/input_layer1 was aborted!
[2026-04-15 17:39:33.228] [794930] [HailoRT] [info] [filter_elements.cpp:35] [run_push] run_push of PreInferEl8yolov11n/input_layer1 was aborted!
[2026-04-15 17:39:33.228] [794930] [HailoRT] [info] [vstream.cpp:778] [write] Sending to VStream was aborted!
[2026-04-15 17:39:33.232] [793279] [HailoRT] [info] [queue_elements.cpp:360] [execute_deactivate] enqueue() in element PushQEl8yolov11n/input_layer1 was aborted, got status = HAILO_SHUTDOWN_EVENT_SIGNALED(57)
[2026-04-15 17:39:33.232] [794919] [HailoRT] [info] [queue_elements.cpp:68] [operator()] Thread in element PushQEl8yolov11n/input_layer1 is not running anymore, exiting..
[2026-04-15 17:39:33.232] [793279] [HailoRT] [info] [queue_elements.cpp:46] [~BaseQueueElement] Queue element PushQEl8yolov11n/input_layer1 has 0 frames in his Queue on destruction
[2026-04-15 17:39:33.233] [794926] [HailoRT] [info] [queue_elements.cpp:68] [operator()] Thread in element UserBufQEl_post_infer0yolov11n/yolov8_nms_postprocess is not running anymore, exiting..
[2026-04-15 17:39:33.233] [793279] [HailoRT] [info] [queue_elements.cpp:46] [~BaseQueueElement] Queue element UserBufQEl_post_infer0yolov11n/yolov8_nms_postprocess has 0 frames in his Queue on destruction
[2026-04-15 17:39:33.233] [794925] [HailoRT] [info] [queue_elements.cpp:68] [operator()] Thread in element PullQEl_nms0yolov11n/conv80_143 is not running anymore, exiting..
[2026-04-15 17:39:33.233] [793279] [HailoRT] [info] [queue_elements.cpp:46] [~BaseQueueElement] Queue element PullQEl_nms0yolov11n/conv80_143 has 0 frames in his Queue on destruction
[2026-04-15 17:39:33.233] [794924] [HailoRT] [info] [queue_elements.cpp:68] [operator()] Thread in element PullQEl_nms1yolov11n/conv77_143 is not running anymore, exiting..
[2026-04-15 17:39:33.233] [793279] [HailoRT] [info] [queue_elements.cpp:46] [~BaseQueueElement] Queue element PullQEl_nms1yolov11n/conv77_143 has 0 frames in his Queue on destruction
[2026-04-15 17:39:33.233] [794923] [HailoRT] [info] [queue_elements.cpp:68] [operator()] Thread in element PullQEl_nms13yolov11n/conv65_143 is not running anymore, exiting..
[2026-04-15 17:39:33.233] [793279] [HailoRT] [info] [queue_elements.cpp:46] [~BaseQueueElement] Queue element PullQEl_nms13yolov11n/conv65_143 has 0 frames in his Queue on destruction
[2026-04-15 17:39:33.233] [794922] [HailoRT] [info] [queue_elements.cpp:68] [operator()] Thread in element PullQEl_nms15yolov11n/conv62_143 is not running anymore, exiting..
[2026-04-15 17:39:33.233] [793279] [HailoRT] [info] [queue_elements.cpp:46] [~BaseQueueElement] Queue element PullQEl_nms15yolov11n/conv62_143 has 0 frames in his Queue on destruction
[2026-04-15 17:39:33.233] [794921] [HailoRT] [info] [queue_elements.cpp:68] [operator()] Thread in element PullQEl_nms12yolov11n/conv54_143 is not running anymore, exiting..
[2026-04-15 17:39:33.233] [793279] [HailoRT] [info] [queue_elements.cpp:46] [~BaseQueueElement] Queue element PullQEl_nms12yolov11n/conv54_143 has 0 frames in his Queue on destruction
[2026-04-15 17:39:33.233] [794920] [HailoRT] [info] [queue_elements.cpp:68] [operator()] Thread in element PullQEl_nms3yolov11n/conv51_143 is not running anymore, exiting..
[2026-04-15 17:39:33.233] [793279] [HailoRT] [info] [queue_elements.cpp:46] [~BaseQueueElement] Queue element PullQEl_nms3yolov11n/conv51_143 has 0 frames in his Queue on destruction
[2026-04-15 17:39:33.233] [793279] [HailoRT] [info] [core_op.cpp:186] [deactivate] Deactivating took 0.008611 ms
[2026-04-15 17:39:33.233] [793279] [HailoRT] [info] [core_op.cpp:186] [deactivate] Deactivating took 0.017667 ms
[2026-04-15 17:39:43.549] [795822] [HailoRT] [info] [vdevice.cpp:535] [create] Creating vdevice with params: device_count: 1, scheduling_algorithm: NONE, multi_process_service: false
[2026-04-15 17:39:43.561] [795822] [HailoRT] [info] [device.cpp:51] [Device] OS Version: Linux 6.12.62+rpt-rpi-2712 #1 SMP PREEMPT Debian 1:6.12.62-1+rpt1 (2025-12-18) aarch64
[2026-04-15 17:39:43.562] [795822] [HailoRT] [info] [control.cpp:113] [control__parse_identify_results] firmware_version is: 4.23.0
[2026-04-15 17:39:43.562] [795822] [HailoRT] [info] [vdevice.cpp:682] [create] VDevice Infos: 0001:01:00.0
[2026-04-15 17:39:43.572] [795822] [HailoRT] [info] [internal_buffer_manager.cpp:77] [print_execution_results] Planned internal buffer memory: CMA=0 CMA-Desc=786432 Pinned=18844160. memory to edge layer usage factor is 1
[2026-04-15 17:39:43.572] [795822] [HailoRT] [info] [internal_buffer_manager.cpp:86] [print_execution_results] Default Internal buffer planner executed successfully
[2026-04-15 17:39:43.624] [795822] [HailoRT] [info] [device_internal.cpp:57] [configure] Configuring HEF took 61.760151 milliseconds
[2026-04-15 17:39:43.624] [795822] [HailoRT] [info] [vdevice.cpp:780] [configure] Configuring HEF on VDevice took 62.148073 milliseconds
[2026-04-15 17:39:43.624] [795822] [HailoRT] [info] [control.cpp:113] [control__parse_identify_results] firmware_version is: 4.23.0
[2026-04-15 17:39:43.625] [795822] [HailoRT] [info] [control.cpp:113] [control__parse_identify_results] firmware_version is: 4.23.0
[2026-04-15 17:39:43.627] [795822] [HailoRT] [info] [core_op.cpp:156] [activate] Activating yolov11n took 2.292812 milliseconds. Note that the function is asynchronous and thus the network is not fully activated yet.
[2026-04-15 17:39:43.627] [795822] [HailoRT] [info] [core_op.cpp:156] [activate] Activating yolov11n took 2.30646 milliseconds. Note that the function is asynchronous and thus the network is not fully activated yet.
[2026-04-15 17:39:43.640] [795822] [HailoRT] [info] [control.cpp:113] [control__parse_identify_results] firmware_version is: 4.23.0
[2026-04-15 17:39:43.640] [795822] [HailoRT] [info] [control.cpp:113] [control__parse_identify_results] firmware_version is: 4.23.0
[2026-04-15 17:39:44.956] [795814] [HailoRT] [info] [device.cpp:51] [Device] OS Version: Linux 6.12.62+rpt-rpi-2712 #1 SMP PREEMPT Debian 1:6.12.62-1+rpt1 (2025-12-18) aarch64
[2026-04-15 17:39:44.957] [795814] [HailoRT] [info] [control.cpp:113] [control__parse_identify_results] firmware_version is: 4.23.0
[2026-04-15 17:39:44.957] [795814] [HailoRT] [info] [control.cpp:113] [control__parse_identify_results] firmware_version is: 4.23.0
[2026-04-15 17:40:43.641] [795834] [HailoRT] [info] [vdevice_native_stream.cpp:331] [read_impl] Failed read from stream HAILO_STREAM_ABORT(63) (device: 0001:01:00.0)
[2026-04-15 17:40:43.641] [795836] [HailoRT] [info] [vdevice_native_stream.cpp:331] [read_impl] Failed read from stream HAILO_STREAM_ABORT(63) (device: 0001:01:00.0)
[2026-04-15 17:40:43.641] [795837] [HailoRT] [info] [vdevice_native_stream.cpp:142] [write_impl] Failed write to stream yolov11n/input_layer1 (device: 0001:01:00.0) with status=HAILO_STREAM_ABORT(63)
[2026-04-15 17:40:43.641] [795835] [HailoRT] [info] [vdevice_native_stream.cpp:331] [read_impl] Failed read from stream HAILO_STREAM_ABORT(63) (device: 0001:01:00.0)
[2026-04-15 17:40:43.641] [795833] [HailoRT] [info] [vdevice_native_stream.cpp:331] [read_impl] Failed read from stream HAILO_STREAM_ABORT(63) (device: 0001:01:00.0)
[2026-04-15 17:40:43.641] [795832] [HailoRT] [info] [vdevice_native_stream.cpp:331] [read_impl] Failed read from stream HAILO_STREAM_ABORT(63) (device: 0001:01:00.0)
[2026-04-15 17:40:43.641] [795831] [HailoRT] [info] [vdevice_native_stream.cpp:331] [read_impl] Failed read from stream HAILO_STREAM_ABORT(63) (device: 0001:01:00.0)
[2026-04-15 17:40:43.674] [795822] [HailoRT] [info] [core_op.cpp:186] [deactivate] Deactivating took 0.008686 ms
[2026-04-15 17:40:43.674] [795822] [HailoRT] [info] [core_op.cpp:186] [deactivate] Deactivating took 0.031444 ms
[2026-04-15 17:40:43.732] [795822] [HailoRT] [info] [vdevice.cpp:535] [create] Creating vdevice with params: device_count: 1, scheduling_algorithm: NONE, multi_process_service: false
[2026-04-15 17:40:43.732] [795822] [HailoRT] [info] [device.cpp:51] [Device] OS Version: Linux 6.12.62+rpt-rpi-2712 #1 SMP PREEMPT Debian 1:6.12.62-1+rpt1 (2025-12-18) aarch64
[2026-04-15 17:40:43.732] [795822] [HailoRT] [info] [control.cpp:113] [control__parse_identify_results] firmware_version is: 4.23.0
[2026-04-15 17:40:43.732] [795822] [HailoRT] [info] [vdevice.cpp:682] [create] VDevice Infos: 0001:01:00.0
[2026-04-15 17:40:43.743] [795822] [HailoRT] [info] [internal_buffer_manager.cpp:77] [print_execution_results] Planned internal buffer memory: CMA=0 CMA-Desc=786432 Pinned=18844160. memory to edge layer usage factor is 1
[2026-04-15 17:40:43.743] [795822] [HailoRT] [info] [internal_buffer_manager.cpp:86] [print_execution_results] Default Internal buffer planner executed successfully
[2026-04-15 17:40:43.803] [795822] [HailoRT] [info] [device_internal.cpp:57] [configure] Configuring HEF took 70.331151 milliseconds
[2026-04-15 17:40:43.803] [795822] [HailoRT] [info] [vdevice.cpp:780] [configure] Configuring HEF on VDevice took 70.784944 milliseconds
[2026-04-15 17:40:43.804] [795822] [HailoRT] [info] [control.cpp:113] [control__parse_identify_results] firmware_version is: 4.23.0
[2026-04-15 17:40:43.804] [795822] [HailoRT] [info] [control.cpp:113] [control__parse_identify_results] firmware_version is: 4.23.0
[2026-04-15 17:40:43.807] [795822] [HailoRT] [info] [core_op.cpp:156] [activate] Activating yolov11n took 2.671402 milliseconds. Note that the function is asynchronous and thus the network is not fully activated yet.
[2026-04-15 17:40:43.807] [795822] [HailoRT] [info] [core_op.cpp:156] [activate] Activating yolov11n took 2.684217 milliseconds. Note that the function is asynchronous and thus the network is not fully activated yet.
[2026-04-15 17:40:43.821] [795822] [HailoRT] [info] [control.cpp:113] [control__parse_identify_results] firmware_version is: 4.23.0
[2026-04-15 17:40:43.821] [795822] [HailoRT] [info] [control.cpp:113] [control__parse_identify_results] firmware_version is: 4.23.0
[2026-04-15 17:40:43.821] [795822] [HailoRT] [info] [edge_elements.cpp:52] [create] Created (HwWriteEl8yolov11n/input_layer1 | hw_frame_size: 1228800)
[2026-04-15 17:40:43.822] [795822] [HailoRT] [info] [queue_elements.cpp:284] [create] Created (PushQEl8yolov11n/input_layer1 | timeout: 10s)
[2026-04-15 17:40:43.822] [795822] [HailoRT] [info] [filter_elements.cpp:101] [create] Created (PreInferEl8yolov11n/input_layer1 | Reorder - src_order: NHWC, src_shape: (640, 640, 3), dst_order: NHCW, dst_shape: (640, 640, 3))
[2026-04-15 17:40:43.822] [795822] [HailoRT] [info] [vstream.cpp:754] [InputVStreamImpl] Creating yolov11n/input_layer1...
[2026-04-15 17:40:43.822] [795822] [HailoRT] [info] [vstream_builder.cpp:102] [create_inputs] Input pipeline 'yolov11n/input_layer1': (PreInferEl8yolov11n/input_layer1 | Reorder - src_order: NHWC, src_shape: (640, 640, 3), dst_order: NHCW, dst_shape: (640, 640, 3)) >> (PushQEl8yolov11n/input_layer1 | timeout: 10s) >> (HwWriteEl8yolov11n/input_layer1 | hw_frame_size: 1228800) >> HW
[2026-04-15 17:40:43.822] [795822] [HailoRT] [info] [multi_io_elements.cpp:135] [create] Created (NmsPPMuxEl0YOLOV8-Post-Process | Op YOLOV8, Name: YOLOV8-Post-Process, Score threshold: 0.200, IoU threshold: 0.70, Classes: 80, Max bboxes per class: 100, Image height: 640, Image width: 640)
[2026-04-15 17:40:43.822] [795822] [HailoRT] [info] [edge_elements.cpp:287] [create] Created (HwReadEl3yolov11n/conv51_143 | hw_frame_size: 409600)
[2026-04-15 17:40:43.822] [795822] [HailoRT] [info] [queue_elements.cpp:657] [create] Created (PullQEl_nms3yolov11n/conv51_143 | timeout: 10s)
[2026-04-15 17:40:43.822] [795822] [HailoRT] [info] [edge_elements.cpp:287] [create] Created (HwReadEl12yolov11n/conv54_143 | hw_frame_size: 512000)
[2026-04-15 17:40:43.822] [795822] [HailoRT] [info] [queue_elements.cpp:657] [create] Created (PullQEl_nms12yolov11n/conv54_143 | timeout: 10s)
[2026-04-15 17:40:43.822] [795822] [HailoRT] [info] [edge_elements.cpp:287] [create] Created (HwReadEl15yolov11n/conv62_143 | hw_frame_size: 102400)
[2026-04-15 17:40:43.822] [795822] [HailoRT] [info] [queue_elements.cpp:657] [create] Created (PullQEl_nms15yolov11n/conv62_143 | timeout: 10s)
[2026-04-15 17:40:43.822] [795822] [HailoRT] [info] [edge_elements.cpp:287] [create] Created (HwReadEl13yolov11n/conv65_143 | hw_frame_size: 128000)
[2026-04-15 17:40:43.822] [795822] [HailoRT] [info] [queue_elements.cpp:657] [create] Created (PullQEl_nms13yolov11n/conv65_143 | timeout: 10s)
[2026-04-15 17:40:43.822] [795822] [HailoRT] [info] [edge_elements.cpp:287] [create] Created (HwReadEl1yolov11n/conv77_143 | hw_frame_size: 30720)
[2026-04-15 17:40:43.822] [795822] [HailoRT] [info] [queue_elements.cpp:657] [create] Created (PullQEl_nms1yolov11n/conv77_143 | timeout: 10s)
[2026-04-15 17:40:43.822] [795822] [HailoRT] [info] [edge_elements.cpp:287] [create] Created (HwReadEl0yolov11n/conv80_143 | hw_frame_size: 38400)
[2026-04-15 17:40:43.822] [795822] [HailoRT] [info] [queue_elements.cpp:657] [create] Created (PullQEl_nms0yolov11n/conv80_143 | timeout: 10s)
[2026-04-15 17:40:43.822] [795822] [HailoRT] [info] [queue_elements.cpp:800] [create] Created (UserBufQEl_post_infer0yolov11n/yolov8_nms_postprocess | timeout: 10s)
[2026-04-15 17:40:43.822] [795822] [HailoRT] [info] [vstream.cpp:1114] [OutputVStreamImpl] Creating yolov11n/yolov8_nms_postprocess...
[2026-04-15 17:40:43.822] [795822] [HailoRT] [info] [vstream_builder.cpp:622] [create_output_post_process_nms] Output pipeline 'yolov11n/yolov8_nms_postprocess': HW >> (HwReadEl3yolov11n/conv51_143 | hw_frame_size: 409600) >> (PullQEl_nms3yolov11n/conv51_143) >> (HwReadEl12yolov11n/conv54_143 | hw_frame_size: 512000) >> (PullQEl_nms12yolov11n/conv54_143) >> (HwReadEl15yolov11n/conv62_143 | hw_frame_size: 102400) >> (PullQEl_nms15yolov11n/conv62_143) >> (HwReadEl13yolov11n/conv65_143 | hw_frame_size: 128000) >> (PullQEl_nms13yolov11n/conv65_143) >> (HwReadEl1yolov11n/conv77_143 | hw_frame_size: 30720) >> (PullQEl_nms1yolov11n/conv77_143) >> (HwReadEl0yolov11n/conv80_143 | hw_frame_size: 38400) >> (PullQEl_nms0yolov11n/conv80_143) >> (NmsPPMuxEl0YOLOV8-Post-Process | Op YOLOV8, Name: YOLOV8-Post-Process, Score threshold: 0.200, IoU threshold: 0.70, Classes: 80, Max bboxes per class: 100, Image height: 640, Image width: 640) >> (UserBufQEl_post_infer0yolov11n/yolov8_nms_postprocess | timeout: 10s)
[2026-04-15 17:41:43.823] [796646] [HailoRT] [info] [vdevice_native_stream.cpp:142] [write_impl] Failed write to stream yolov11n/input_layer1 (device: 0001:01:00.0) with status=HAILO_STREAM_ABORT(63)
[2026-04-15 17:41:43.823] [796651] [HailoRT] [info] [vdevice_native_stream.cpp:331] [read_impl] Failed read from stream HAILO_STREAM_ABORT(63) (device: 0001:01:00.0)
[2026-04-15 17:41:43.823] [796651] [HailoRT] [info] [edge_elements.cpp:396] [run_pull] Reading from stream was aborted!
[2026-04-15 17:41:43.823] [796646] [HailoRT] [info] [edge_elements.cpp:87] [run_push] Failed to send on input stream InputStream(index=8, name=yolov11n/input_layer1) because stream was aborted
[2026-04-15 17:41:43.823] [796648] [HailoRT] [info] [vdevice_native_stream.cpp:331] [read_impl] Failed read from stream HAILO_STREAM_ABORT(63) (device: 0001:01:00.0)
[2026-04-15 17:41:43.823] [796648] [HailoRT] [info] [edge_elements.cpp:396] [run_pull] Reading from stream was aborted!
[2026-04-15 17:41:43.823] [796646] [HailoRT] [info] [queue_elements.cpp:401] [run_in_thread] run_push of PushQEl8yolov11n/input_layer1 was aborted!
[2026-04-15 17:41:43.823] [796649] [HailoRT] [info] [vdevice_native_stream.cpp:331] [read_impl] Failed read from stream HAILO_STREAM_ABORT(63) (device: 0001:01:00.0)
[2026-04-15 17:41:43.823] [796651] [HailoRT] [info] [queue_elements.cpp:738] [run_in_thread] run_pull of queue element PullQEl_nms1yolov11n/conv77_143 was aborted!
[2026-04-15 17:41:43.823] [796649] [HailoRT] [info] [edge_elements.cpp:396] [run_pull] Reading from stream was aborted!
[2026-04-15 17:41:43.823] [796647] [HailoRT] [info] [vdevice_native_stream.cpp:331] [read_impl] Failed read from stream HAILO_STREAM_ABORT(63) (device: 0001:01:00.0)
[2026-04-15 17:41:43.823] [796647] [HailoRT] [info] [edge_elements.cpp:396] [run_pull] Reading from stream was aborted!
[2026-04-15 17:41:43.823] [796648] [HailoRT] [info] [queue_elements.cpp:738] [run_in_thread] run_pull of queue element PullQEl_nms12yolov11n/conv54_143 was aborted!
[2026-04-15 17:41:43.823] [796649] [HailoRT] [info] [queue_elements.cpp:738] [run_in_thread] run_pull of queue element PullQEl_nms15yolov11n/conv62_143 was aborted!
[2026-04-15 17:41:43.823] [796647] [HailoRT] [info] [queue_elements.cpp:738] [run_in_thread] run_pull of queue element PullQEl_nms3yolov11n/conv51_143 was aborted!
[2026-04-15 17:41:43.823] [796652] [HailoRT] [info] [vdevice_native_stream.cpp:331] [read_impl] Failed read from stream HAILO_STREAM_ABORT(63) (device: 0001:01:00.0)
[2026-04-15 17:41:43.823] [796652] [HailoRT] [info] [edge_elements.cpp:396] [run_pull] Reading from stream was aborted!
[2026-04-15 17:41:43.823] [796656] [HailoRT] [info] [queue_elements.cpp:706] [run_pull] Shutdown event was signaled in dequeue of queue element PullQEl_nms3yolov11n/conv51_143!
[2026-04-15 17:41:43.823] [796650] [HailoRT] [info] [vdevice_native_stream.cpp:331] [read_impl] Failed read from stream HAILO_STREAM_ABORT(63) (device: 0001:01:00.0)
[2026-04-15 17:41:43.823] [796656] [HailoRT] [info] [vstream.cpp:1138] [read] Receiving to VStream was shutdown!
[2026-04-15 17:41:43.823] [796650] [HailoRT] [info] [edge_elements.cpp:396] [run_pull] Reading from stream was aborted!
[2026-04-15 17:41:43.823] [796650] [HailoRT] [info] [queue_elements.cpp:738] [run_in_thread] run_pull of queue element PullQEl_nms13yolov11n/conv65_143 was aborted!
[2026-04-15 17:41:43.823] [796657] [HailoRT] [info] [vstream.cpp:774] [write] Sending to VStream was shutdown!
[2026-04-15 17:41:43.823] [796657] [HailoRT] [info] [vstream.cpp:778] [write] Sending to VStream was aborted!
[2026-04-15 17:41:43.823] [796652] [HailoRT] [info] [queue_elements.cpp:738] [run_in_thread] run_pull of queue element PullQEl_nms0yolov11n/conv80_143 was aborted!
[2026-04-15 17:41:43.829] [795822] [HailoRT] [info] [queue_elements.cpp:360] [execute_deactivate] enqueue() in element PushQEl8yolov11n/input_layer1 was aborted, got status = HAILO_SHUTDOWN_EVENT_SIGNALED(57)
[2026-04-15 17:41:43.829] [796646] [HailoRT] [info] [queue_elements.cpp:68] [operator()] Thread in element PushQEl8yolov11n/input_layer1 is not running anymore, exiting..
[2026-04-15 17:41:43.829] [795822] [HailoRT] [info] [queue_elements.cpp:46] [~BaseQueueElement] Queue element PushQEl8yolov11n/input_layer1 has 1 frames in his Queue on destruction
[2026-04-15 17:41:43.829] [796653] [HailoRT] [info] [queue_elements.cpp:68] [operator()] Thread in element UserBufQEl_post_infer0yolov11n/yolov8_nms_postprocess is not running anymore, exiting..
[2026-04-15 17:41:43.829] [795822] [HailoRT] [info] [queue_elements.cpp:46] [~BaseQueueElement] Queue element UserBufQEl_post_infer0yolov11n/yolov8_nms_postprocess has 0 frames in his Queue on destruction
[2026-04-15 17:41:43.829] [796652] [HailoRT] [info] [queue_elements.cpp:68] [operator()] Thread in element PullQEl_nms0yolov11n/conv80_143 is not running anymore, exiting..
[2026-04-15 17:41:43.829] [795822] [HailoRT] [info] [queue_elements.cpp:46] [~BaseQueueElement] Queue element PullQEl_nms0yolov11n/conv80_143 has 0 frames in his Queue on destruction
[2026-04-15 17:41:43.829] [796651] [HailoRT] [info] [queue_elements.cpp:68] [operator()] Thread in element PullQEl_nms1yolov11n/conv77_143 is not running anymore, exiting..
[2026-04-15 17:41:43.829] [795822] [HailoRT] [info] [queue_elements.cpp:46] [~BaseQueueElement] Queue element PullQEl_nms1yolov11n/conv77_143 has 0 frames in his Queue on destruction
[2026-04-15 17:41:43.829] [796650] [HailoRT] [info] [queue_elements.cpp:68] [operator()] Thread in element PullQEl_nms13yolov11n/conv65_143 is not running anymore, exiting..
[2026-04-15 17:41:43.829] [795822] [HailoRT] [info] [queue_elements.cpp:46] [~BaseQueueElement] Queue element PullQEl_nms13yolov11n/conv65_143 has 0 frames in his Queue on destruction
[2026-04-15 17:41:43.829] [796649] [HailoRT] [info] [queue_elements.cpp:68] [operator()] Thread in element PullQEl_nms15yolov11n/conv62_143 is not running anymore, exiting..
[2026-04-15 17:41:43.829] [795822] [HailoRT] [info] [queue_elements.cpp:46] [~BaseQueueElement] Queue element PullQEl_nms15yolov11n/conv62_143 has 0 frames in his Queue on destruction
[2026-04-15 17:41:43.829] [796648] [HailoRT] [info] [queue_elements.cpp:68] [operator()] Thread in element PullQEl_nms12yolov11n/conv54_143 is not running anymore, exiting..
[2026-04-15 17:41:43.829] [795822] [HailoRT] [info] [queue_elements.cpp:46] [~BaseQueueElement] Queue element PullQEl_nms12yolov11n/conv54_143 has 0 frames in his Queue on destruction
[2026-04-15 17:41:43.830] [796647] [HailoRT] [info] [queue_elements.cpp:68] [operator()] Thread in element PullQEl_nms3yolov11n/conv51_143 is not running anymore, exiting..
[2026-04-15 17:41:43.830] [795822] [HailoRT] [info] [queue_elements.cpp:46] [~BaseQueueElement] Queue element PullQEl_nms3yolov11n/conv51_143 has 0 frames in his Queue on destruction
[2026-04-15 17:41:43.830] [795822] [HailoRT] [info] [core_op.cpp:186] [deactivate] Deactivating took 0.008111 ms
[2026-04-15 17:41:43.830] [795822] [HailoRT] [info] [core_op.cpp:186] [deactivate] Deactivating took 0.016648 ms
[2026-04-15 17:41:43.869] [795822] [HailoRT] [info] [vdevice.cpp:535] [create] Creating vdevice with params: device_count: 1, scheduling_algorithm: NONE, multi_process_service: false
[2026-04-15 17:41:43.870] [795822] [HailoRT] [info] [device.cpp:51] [Device] OS Version: Linux 6.12.62+rpt-rpi-2712 #1 SMP PREEMPT Debian 1:6.12.62-1+rpt1 (2025-12-18) aarch64
[2026-04-15 17:41:43.870] [795822] [HailoRT] [info] [control.cpp:113] [control__parse_identify_results] firmware_version is: 4.23.0
[2026-04-15 17:41:43.870] [795822] [HailoRT] [info] [vdevice.cpp:682] [create] VDevice Infos: 0001:01:00.0
[2026-04-15 17:41:43.882] [795822] [HailoRT] [info] [internal_buffer_manager.cpp:77] [print_execution_results] Planned internal buffer memory: CMA=0 CMA-Desc=786432 Pinned=18844160. memory to edge layer usage factor is 1
[2026-04-15 17:41:43.883] [795822] [HailoRT] [info] [internal_buffer_manager.cpp:86] [print_execution_results] Default Internal buffer planner executed successfully
[2026-04-15 17:41:43.941] [795822] [HailoRT] [info] [device_internal.cpp:57] [configure] Configuring HEF took 71.022223 milliseconds
[2026-04-15 17:41:43.942] [795822] [HailoRT] [info] [vdevice.cpp:780] [configure] Configuring HEF on VDevice took 71.524089 milliseconds
[2026-04-15 17:41:43.942] [795822] [HailoRT] [info] [control.cpp:113] [control__parse_identify_results] firmware_version is: 4.23.0
[2026-04-15 17:41:43.943] [795822] [HailoRT] [info] [control.cpp:113] [control__parse_identify_results] firmware_version is: 4.23.0
[2026-04-15 17:41:43.946] [795822] [HailoRT] [info] [core_op.cpp:156] [activate] Activating yolov11n took 3.648339 milliseconds. Note that the function is asynchronous and thus the network is not fully activated yet.
[2026-04-15 17:41:43.946] [795822] [HailoRT] [info] [core_op.cpp:156] [activate] Activating yolov11n took 3.689635 milliseconds. Note that the function is asynchronous and thus the network is not fully activated yet.
[2026-04-15 17:41:43.960] [795822] [HailoRT] [info] [control.cpp:113] [control__parse_identify_results] firmware_version is: 4.23.0
[2026-04-15 17:41:43.960] [795822] [HailoRT] [info] [control.cpp:113] [control__parse_identify_results] firmware_version is: 4.23.0
[2026-04-15 17:41:43.960] [795822] [HailoRT] [info] [edge_elements.cpp:52] [create] Created (HwWriteEl8yolov11n/input_layer1 | hw_frame_size: 1228800)
[2026-04-15 17:41:43.960] [795822] [HailoRT] [info] [queue_elements.cpp:284] [create] Created (PushQEl8yolov11n/input_layer1 | timeout: 10s)
[2026-04-15 17:41:43.960] [795822] [HailoRT] [info] [filter_elements.cpp:101] [create] Created (PreInferEl8yolov11n/input_layer1 | Reorder - src_order: NHWC, src_shape: (640, 640, 3), dst_order: NHCW, dst_shape: (640, 640, 3))
[2026-04-15 17:41:43.961] [795822] [HailoRT] [info] [vstream.cpp:754] [InputVStreamImpl] Creating yolov11n/input_layer1...
[2026-04-15 17:41:43.961] [795822] [HailoRT] [info] [vstream_builder.cpp:102] [create_inputs] Input pipeline 'yolov11n/input_layer1': (PreInferEl8yolov11n/input_layer1 | Reorder - src_order: NHWC, src_shape: (640, 640, 3), dst_order: NHCW, dst_shape: (640, 640, 3)) >> (PushQEl8yolov11n/input_layer1 | timeout: 10s) >> (HwWriteEl8yolov11n/input_layer1 | hw_frame_size: 1228800) >> HW
[2026-04-15 17:41:43.961] [795822] [HailoRT] [info] [multi_io_elements.cpp:135] [create] Created (NmsPPMuxEl0YOLOV8-Post-Process | Op YOLOV8, Name: YOLOV8-Post-Process, Score threshold: 0.200, IoU threshold: 0.70, Classes: 80, Max bboxes per class: 100, Image height: 640, Image width: 640)
[2026-04-15 17:41:43.961] [795822] [HailoRT] [info] [edge_elements.cpp:287] [create] Created (HwReadEl3yolov11n/conv51_143 | hw_frame_size: 409600)
[2026-04-15 17:41:43.961] [795822] [HailoRT] [info] [queue_elements.cpp:657] [create] Created (PullQEl_nms3yolov11n/conv51_143 | timeout: 10s)
[2026-04-15 17:41:43.961] [795822] [HailoRT] [info] [edge_elements.cpp:287] [create] Created (HwReadEl12yolov11n/conv54_143 | hw_frame_size: 512000)
[2026-04-15 17:41:43.961] [795822] [HailoRT] [info] [queue_elements.cpp:657] [create] Created (PullQEl_nms12yolov11n/conv54_143 | timeout: 10s)
[2026-04-15 17:41:43.961] [795822] [HailoRT] [info] [edge_elements.cpp:287] [create] Created (HwReadEl15yolov11n/conv62_143 | hw_frame_size: 102400)
[2026-04-15 17:41:43.961] [795822] [HailoRT] [info] [queue_elements.cpp:657] [create] Created (PullQEl_nms15yolov11n/conv62_143 | timeout: 10s)
[2026-04-15 17:41:43.961] [795822] [HailoRT] [info] [edge_elements.cpp:287] [create] Created (HwReadEl13yolov11n/conv65_143 | hw_frame_size: 128000)
[2026-04-15 17:41:43.961] [795822] [HailoRT] [info] [queue_elements.cpp:657] [create] Created (PullQEl_nms13yolov11n/conv65_143 | timeout: 10s)
[2026-04-15 17:41:43.961] [795822] [HailoRT] [info] [edge_elements.cpp:287] [create] Created (HwReadEl1yolov11n/conv77_143 | hw_frame_size: 30720)
[2026-04-15 17:41:43.962] [795822] [HailoRT] [info] [queue_elements.cpp:657] [create] Created (PullQEl_nms1yolov11n/conv77_143 | timeout: 10s)
[2026-04-15 17:41:43.962] [795822] [HailoRT] [info] [edge_elements.cpp:287] [create] Created (HwReadEl0yolov11n/conv80_143 | hw_frame_size: 38400)
[2026-04-15 17:41:43.962] [795822] [HailoRT] [info] [queue_elements.cpp:657] [create] Created (PullQEl_nms0yolov11n/conv80_143 | timeout: 10s)
[2026-04-15 17:41:43.962] [795822] [HailoRT] [info] [queue_elements.cpp:800] [create] Created (UserBufQEl_post_infer0yolov11n/yolov8_nms_postprocess | timeout: 10s)
[2026-04-15 17:41:43.962] [795822] [HailoRT] [info] [vstream.cpp:1114] [OutputVStreamImpl] Creating yolov11n/yolov8_nms_postprocess...
[2026-04-15 17:41:43.962] [795822] [HailoRT] [info] [vstream_builder.cpp:622] [create_output_post_process_nms] Output pipeline 'yolov11n/yolov8_nms_postprocess': HW >> (HwReadEl3yolov11n/conv51_143 | hw_frame_size: 409600) >> (PullQEl_nms3yolov11n/conv51_143) >> (HwReadEl12yolov11n/conv54_143 | hw_frame_size: 512000) >> (PullQEl_nms12yolov11n/conv54_143) >> (HwReadEl15yolov11n/conv62_143 | hw_frame_size: 102400) >> (PullQEl_nms15yolov11n/conv62_143) >> (HwReadEl13yolov11n/conv65_143 | hw_frame_size: 128000) >> (PullQEl_nms13yolov11n/conv65_143) >> (HwReadEl1yolov11n/conv77_143 | hw_frame_size: 30720) >> (PullQEl_nms1yolov11n/conv77_143) >> (HwReadEl0yolov11n/conv80_143 | hw_frame_size: 38400) >> (PullQEl_nms0yolov11n/conv80_143) >> (NmsPPMuxEl0YOLOV8-Post-Process | Op YOLOV8, Name: YOLOV8-Post-Process, Score threshold: 0.200, IoU threshold: 0.70, Classes: 80, Max bboxes per class: 100, Image height: 640, Image width: 640) >> (UserBufQEl_post_infer0yolov11n/yolov8_nms_postprocess | timeout: 10s)
[2026-04-15 17:42:43.963] [797490] [HailoRT] [info] [vdevice_native_stream.cpp:331] [read_impl] Failed read from stream HAILO_STREAM_ABORT(63) (device: 0001:01:00.0)
[2026-04-15 17:42:43.963] [797489] [HailoRT] [info] [vdevice_native_stream.cpp:331] [read_impl] Failed read from stream HAILO_STREAM_ABORT(63) (device: 0001:01:00.0)
[2026-04-15 17:42:43.963] [797489] [HailoRT] [info] [edge_elements.cpp:396] [run_pull] Reading from stream was aborted!
[2026-04-15 17:42:43.963] [797488] [HailoRT] [info] [vdevice_native_stream.cpp:331] [read_impl] Failed read from stream HAILO_STREAM_ABORT(63) (device: 0001:01:00.0)
[2026-04-15 17:42:43.963] [797489] [HailoRT] [info] [queue_elements.cpp:738] [run_in_thread] run_pull of queue element PullQEl_nms15yolov11n/conv62_143 was aborted!
[2026-04-15 17:42:43.963] [797492] [HailoRT] [info] [vdevice_native_stream.cpp:331] [read_impl] Failed read from stream HAILO_STREAM_ABORT(63) (device: 0001:01:00.0)
[2026-04-15 17:42:43.963] [797487] [HailoRT] [info] [vdevice_native_stream.cpp:331] [read_impl] Failed read from stream HAILO_STREAM_ABORT(63) (device: 0001:01:00.0)
[2026-04-15 17:42:43.963] [797490] [HailoRT] [info] [edge_elements.cpp:396] [run_pull] Reading from stream was aborted!
[2026-04-15 17:42:43.963] [797487] [HailoRT] [info] [edge_elements.cpp:396] [run_pull] Reading from stream was aborted!
[2026-04-15 17:42:43.963] [797491] [HailoRT] [info] [vdevice_native_stream.cpp:331] [read_impl] Failed read from stream HAILO_STREAM_ABORT(63) (device: 0001:01:00.0)
[2026-04-15 17:42:43.963] [797490] [HailoRT] [info] [queue_elements.cpp:738] [run_in_thread] run_pull of queue element PullQEl_nms13yolov11n/conv65_143 was aborted!
[2026-04-15 17:42:43.963] [797487] [HailoRT] [info] [queue_elements.cpp:738] [run_in_thread] run_pull of queue element PullQEl_nms3yolov11n/conv51_143 was aborted!
[2026-04-15 17:42:43.963] [797488] [HailoRT] [info] [edge_elements.cpp:396] [run_pull] Reading from stream was aborted!
[2026-04-15 17:42:43.963] [797488] [HailoRT] [info] [queue_elements.cpp:738] [run_in_thread] run_pull of queue element PullQEl_nms12yolov11n/conv54_143 was aborted!
[2026-04-15 17:42:43.963] [797492] [HailoRT] [info] [edge_elements.cpp:396] [run_pull] Reading from stream was aborted!
[2026-04-15 17:42:43.963] [797492] [HailoRT] [info] [queue_elements.cpp:738] [run_in_thread] run_pull of queue element PullQEl_nms0yolov11n/conv80_143 was aborted!
[2026-04-15 17:42:43.963] [797491] [HailoRT] [info] [edge_elements.cpp:396] [run_pull] Reading from stream was aborted!
[2026-04-15 17:42:43.963] [797491] [HailoRT] [info] [queue_elements.cpp:738] [run_in_thread] run_pull of queue element PullQEl_nms1yolov11n/conv77_143 was aborted!
[2026-04-15 17:42:43.964] [797496] [HailoRT] [info] [queue_elements.cpp:706] [run_pull] Shutdown event was signaled in dequeue of queue element PullQEl_nms3yolov11n/conv51_143!
[2026-04-15 17:42:43.964] [797496] [HailoRT] [info] [vstream.cpp:1138] [read] Receiving to VStream was shutdown!
[2026-04-15 17:42:43.965] [797486] [HailoRT] [info] [vdevice_native_stream.cpp:142] [write_impl] Failed write to stream yolov11n/input_layer1 (device: 0001:01:00.0) with status=HAILO_STREAM_ABORT(63)
[2026-04-15 17:42:43.965] [797486] [HailoRT] [info] [edge_elements.cpp:87] [run_push] Failed to send on input stream InputStream(index=8, name=yolov11n/input_layer1) because stream was aborted
[2026-04-15 17:42:43.965] [797486] [HailoRT] [info] [queue_elements.cpp:401] [run_in_thread] run_push of PushQEl8yolov11n/input_layer1 was aborted!
[2026-04-15 17:42:43.966] [797497] [HailoRT] [info] [queue_elements.cpp:319] [run_push] run_push of PushQEl8yolov11n/input_layer1 was aborted!
[2026-04-15 17:42:43.966] [797497] [HailoRT] [info] [filter_elements.cpp:35] [run_push] run_push of PreInferEl8yolov11n/input_layer1 was aborted!
[2026-04-15 17:42:43.966] [797497] [HailoRT] [info] [vstream.cpp:778] [write] Sending to VStream was aborted!
[2026-04-15 17:42:43.970] [795822] [HailoRT] [info] [queue_elements.cpp:360] [execute_deactivate] enqueue() in element PushQEl8yolov11n/input_layer1 was aborted, got status = HAILO_SHUTDOWN_EVENT_SIGNALED(57)
[2026-04-15 17:42:43.970] [797486] [HailoRT] [info] [queue_elements.cpp:68] [operator()] Thread in element PushQEl8yolov11n/input_layer1 is not running anymore, exiting..
[2026-04-15 17:42:43.970] [795822] [HailoRT] [info] [queue_elements.cpp:46] [~BaseQueueElement] Queue element PushQEl8yolov11n/input_layer1 has 0 frames in his Queue on destruction
[2026-04-15 17:42:43.970] [797493] [HailoRT] [info] [queue_elements.cpp:68] [operator()] Thread in element UserBufQEl_post_infer0yolov11n/yolov8_nms_postprocess is not running anymore, exiting..
[2026-04-15 17:42:43.970] [795822] [HailoRT] [info] [queue_elements.cpp:46] [~BaseQueueElement] Queue element UserBufQEl_post_infer0yolov11n/yolov8_nms_postprocess has 0 frames in his Queue on destruction
[2026-04-15 17:42:43.970] [797492] [HailoRT] [info] [queue_elements.cpp:68] [operator()] Thread in element PullQEl_nms0yolov11n/conv80_143 is not running anymore, exiting..
[2026-04-15 17:42:43.970] [795822] [HailoRT] [info] [queue_elements.cpp:46] [~BaseQueueElement] Queue element PullQEl_nms0yolov11n/conv80_143 has 0 frames in his Queue on destruction
[2026-04-15 17:42:43.970] [797491] [HailoRT] [info] [queue_elements.cpp:68] [operator()] Thread in element PullQEl_nms1yolov11n/conv77_143 is not running anymore, exiting..
[2026-04-15 17:42:43.970] [795822] [HailoRT] [info] [queue_elements.cpp:46] [~BaseQueueElement] Queue element PullQEl_nms1yolov11n/conv77_143 has 0 frames in his Queue on destruction
[2026-04-15 17:42:43.970] [797490] [HailoRT] [info] [queue_elements.cpp:68] [operator()] Thread in element PullQEl_nms13yolov11n/conv65_143 is not running anymore, exiting..
[2026-04-15 17:42:43.970] [795822] [HailoRT] [info] [queue_elements.cpp:46] [~BaseQueueElement] Queue element PullQEl_nms13yolov11n/conv65_143 has 0 frames in his Queue on destruction
[2026-04-15 17:42:43.970] [797489] [HailoRT] [info] [queue_elements.cpp:68] [operator()] Thread in element PullQEl_nms15yolov11n/conv62_143 is not running anymore, exiting..
[2026-04-15 17:42:43.970] [795822] [HailoRT] [info] [queue_elements.cpp:46] [~BaseQueueElement] Queue element PullQEl_nms15yolov11n/conv62_143 has 0 frames in his Queue on destruction
[2026-04-15 17:42:43.970] [797488] [HailoRT] [info] [queue_elements.cpp:68] [operator()] Thread in element PullQEl_nms12yolov11n/conv54_143 is not running anymore, exiting..
[2026-04-15 17:42:43.970] [795822] [HailoRT] [info] [queue_elements.cpp:46] [~BaseQueueElement] Queue element PullQEl_nms12yolov11n/conv54_143 has 0 frames in his Queue on destruction
[2026-04-15 17:42:43.970] [797487] [HailoRT] [info] [queue_elements.cpp:68] [operator()] Thread in element PullQEl_nms3yolov11n/conv51_143 is not running anymore, exiting..
[2026-04-15 17:42:43.970] [795822] [HailoRT] [info] [queue_elements.cpp:46] [~BaseQueueElement] Queue element PullQEl_nms3yolov11n/conv51_143 has 0 frames in his Queue on destruction
[2026-04-15 17:42:43.970] [795822] [HailoRT] [info] [core_op.cpp:186] [deactivate] Deactivating took 0.007074 ms
[2026-04-15 17:42:43.970] [795822] [HailoRT] [info] [core_op.cpp:186] [deactivate] Deactivating took 0.015685 ms
[2026-04-15 17:52:06.754] [801938] [HailoRT] [info] [vdevice.cpp:535] [create] Creating vdevice with params: device_count: 1, scheduling_algorithm: NONE, multi_process_service: false
[2026-04-15 17:52:06.767] [801938] [HailoRT] [info] [device.cpp:51] [Device] OS Version: Linux 6.12.62+rpt-rpi-2712 #1 SMP PREEMPT Debian 1:6.12.62-1+rpt1 (2025-12-18) aarch64
[2026-04-15 17:52:06.767] [801938] [HailoRT] [info] [control.cpp:113] [control__parse_identify_results] firmware_version is: 4.23.0
[2026-04-15 17:52:06.767] [801938] [HailoRT] [info] [vdevice.cpp:682] [create] VDevice Infos: 0001:01:00.0
[2026-04-15 17:52:06.785] [801938] [HailoRT] [info] [internal_buffer_manager.cpp:77] [print_execution_results] Planned internal buffer memory: CMA=0 CMA-Desc=786432 Pinned=18844160. memory to edge layer usage factor is 1
[2026-04-15 17:52:06.785] [801938] [HailoRT] [info] [internal_buffer_manager.cpp:86] [print_execution_results] Default Internal buffer planner executed successfully
[2026-04-15 17:52:06.856] [801938] [HailoRT] [info] [device_internal.cpp:57] [configure] Configuring HEF took 89.090684 milliseconds
[2026-04-15 17:52:06.857] [801938] [HailoRT] [info] [vdevice.cpp:780] [configure] Configuring HEF on VDevice took 89.605143 milliseconds
[2026-04-15 17:52:06.857] [801938] [HailoRT] [info] [control.cpp:113] [control__parse_identify_results] firmware_version is: 4.23.0
[2026-04-15 17:52:06.857] [801938] [HailoRT] [info] [control.cpp:113] [control__parse_identify_results] firmware_version is: 4.23.0
[2026-04-15 17:52:06.861] [801938] [HailoRT] [info] [core_op.cpp:156] [activate] Activating yolov11n took 3.397032 milliseconds. Note that the function is asynchronous and thus the network is not fully activated yet.
[2026-04-15 17:52:06.861] [801938] [HailoRT] [info] [core_op.cpp:156] [activate] Activating yolov11n took 3.461847 milliseconds. Note that the function is asynchronous and thus the network is not fully activated yet.
[2026-04-15 17:52:06.874] [801938] [HailoRT] [info] [control.cpp:113] [control__parse_identify_results] firmware_version is: 4.23.0
[2026-04-15 17:52:06.874] [801938] [HailoRT] [info] [control.cpp:113] [control__parse_identify_results] firmware_version is: 4.23.0
[2026-04-15 17:52:08.055] [801930] [HailoRT] [info] [device.cpp:51] [Device] OS Version: Linux 6.12.62+rpt-rpi-2712 #1 SMP PREEMPT Debian 1:6.12.62-1+rpt1 (2025-12-18) aarch64
[2026-04-15 17:52:08.056] [801930] [HailoRT] [info] [control.cpp:113] [control__parse_identify_results] firmware_version is: 4.23.0
[2026-04-15 17:52:08.056] [801930] [HailoRT] [info] [control.cpp:113] [control__parse_identify_results] firmware_version is: 4.23.0
[2026-04-15 17:53:06.880] [801963] [HailoRT] [info] [vdevice_native_stream.cpp:142] [write_impl] Failed write to stream yolov11n/input_layer1 (device: 0001:01:00.0) with status=HAILO_STREAM_ABORT(63)
[2026-04-15 17:53:06.880] [801958] [HailoRT] [info] [vdevice_native_stream.cpp:331] [read_impl] Failed read from stream HAILO_STREAM_ABORT(63) (device: 0001:01:00.0)
[2026-04-15 17:53:06.880] [801961] [HailoRT] [info] [vdevice_native_stream.cpp:331] [read_impl] Failed read from stream HAILO_STREAM_ABORT(63) (device: 0001:01:00.0)
[2026-04-15 17:53:06.880] [801959] [HailoRT] [info] [vdevice_native_stream.cpp:331] [read_impl] Failed read from stream HAILO_STREAM_ABORT(63) (device: 0001:01:00.0)
[2026-04-15 17:53:06.880] [801962] [HailoRT] [info] [vdevice_native_stream.cpp:331] [read_impl] Failed read from stream HAILO_STREAM_ABORT(63) (device: 0001:01:00.0)
[2026-04-15 17:53:06.880] [801957] [HailoRT] [info] [vdevice_native_stream.cpp:331] [read_impl] Failed read from stream HAILO_STREAM_ABORT(63) (device: 0001:01:00.0)
[2026-04-15 17:53:06.880] [801960] [HailoRT] [info] [vdevice_native_stream.cpp:331] [read_impl] Failed read from stream HAILO_STREAM_ABORT(63) (device: 0001:01:00.0)
[2026-04-15 17:53:06.913] [801938] [HailoRT] [info] [core_op.cpp:186] [deactivate] Deactivating took 0.012741 ms
[2026-04-15 17:53:06.913] [801938] [HailoRT] [info] [core_op.cpp:186] [deactivate] Deactivating took 0.04363 ms
[2026-04-15 17:53:06.962] [801938] [HailoRT] [info] [vdevice.cpp:535] [create] Creating vdevice with params: device_count: 1, scheduling_algorithm: NONE, multi_process_service: false
[2026-04-15 17:53:06.962] [801938] [HailoRT] [info] [device.cpp:51] [Device] OS Version: Linux 6.12.62+rpt-rpi-2712 #1 SMP PREEMPT Debian 1:6.12.62-1+rpt1 (2025-12-18) aarch64
[2026-04-15 17:53:06.963] [801938] [HailoRT] [info] [control.cpp:113] [control__parse_identify_results] firmware_version is: 4.23.0
[2026-04-15 17:53:06.963] [801938] [HailoRT] [info] [vdevice.cpp:682] [create] VDevice Infos: 0001:01:00.0
[2026-04-15 17:53:06.988] [801938] [HailoRT] [info] [internal_buffer_manager.cpp:77] [print_execution_results] Planned internal buffer memory: CMA=0 CMA-Desc=786432 Pinned=18844160. memory to edge layer usage factor is 1
[2026-04-15 17:53:06.988] [801938] [HailoRT] [info] [internal_buffer_manager.cpp:86] [print_execution_results] Default Internal buffer planner executed successfully
[2026-04-15 17:53:07.079] [801938] [HailoRT] [info] [device_internal.cpp:57] [configure] Configuring HEF took 115.865658 milliseconds
[2026-04-15 17:53:07.080] [801938] [HailoRT] [info] [vdevice.cpp:780] [configure] Configuring HEF on VDevice took 116.46832 milliseconds
[2026-04-15 17:53:07.080] [801938] [HailoRT] [info] [control.cpp:113] [control__parse_identify_results] firmware_version is: 4.23.0
[2026-04-15 17:53:07.081] [801938] [HailoRT] [info] [control.cpp:113] [control__parse_identify_results] firmware_version is: 4.23.0
[2026-04-15 17:53:07.085] [801938] [HailoRT] [info] [core_op.cpp:156] [activate] Activating yolov11n took 4.577283 milliseconds. Note that the function is asynchronous and thus the network is not fully activated yet.
[2026-04-15 17:53:07.085] [801938] [HailoRT] [info] [core_op.cpp:156] [activate] Activating yolov11n took 4.626191 milliseconds. Note that the function is asynchronous and thus the network is not fully activated yet.
[2026-04-15 17:53:07.101] [801938] [HailoRT] [info] [control.cpp:113] [control__parse_identify_results] firmware_version is: 4.23.0
[2026-04-15 17:53:07.101] [801938] [HailoRT] [info] [control.cpp:113] [control__parse_identify_results] firmware_version is: 4.23.0
[2026-04-15 17:53:07.101] [801938] [HailoRT] [info] [edge_elements.cpp:52] [create] Created (HwWriteEl8yolov11n/input_layer1 | hw_frame_size: 1228800)
[2026-04-15 17:53:07.102] [801938] [HailoRT] [info] [queue_elements.cpp:284] [create] Created (PushQEl8yolov11n/input_layer1 | timeout: 10s)
[2026-04-15 17:53:07.102] [801938] [HailoRT] [info] [filter_elements.cpp:101] [create] Created (PreInferEl8yolov11n/input_layer1 | Reorder - src_order: NHWC, src_shape: (640, 640, 3), dst_order: NHCW, dst_shape: (640, 640, 3))
[2026-04-15 17:53:07.102] [801938] [HailoRT] [info] [vstream.cpp:754] [InputVStreamImpl] Creating yolov11n/input_layer1...
[2026-04-15 17:53:07.102] [801938] [HailoRT] [info] [vstream_builder.cpp:102] [create_inputs] Input pipeline 'yolov11n/input_layer1': (PreInferEl8yolov11n/input_layer1 | Reorder - src_order: NHWC, src_shape: (640, 640, 3), dst_order: NHCW, dst_shape: (640, 640, 3)) >> (PushQEl8yolov11n/input_layer1 | timeout: 10s) >> (HwWriteEl8yolov11n/input_layer1 | hw_frame_size: 1228800) >> HW
[2026-04-15 17:53:07.102] [801938] [HailoRT] [info] [multi_io_elements.cpp:135] [create] Created (NmsPPMuxEl0YOLOV8-Post-Process | Op YOLOV8, Name: YOLOV8-Post-Process, Score threshold: 0.200, IoU threshold: 0.70, Classes: 80, Max bboxes per class: 100, Image height: 640, Image width: 640)
[2026-04-15 17:53:07.102] [801938] [HailoRT] [info] [edge_elements.cpp:287] [create] Created (HwReadEl3yolov11n/conv51_143 | hw_frame_size: 409600)
[2026-04-15 17:53:07.102] [801938] [HailoRT] [info] [queue_elements.cpp:657] [create] Created (PullQEl_nms3yolov11n/conv51_143 | timeout: 10s)
[2026-04-15 17:53:07.102] [801938] [HailoRT] [info] [edge_elements.cpp:287] [create] Created (HwReadEl12yolov11n/conv54_143 | hw_frame_size: 512000)
[2026-04-15 17:53:07.103] [801938] [HailoRT] [info] [queue_elements.cpp:657] [create] Created (PullQEl_nms12yolov11n/conv54_143 | timeout: 10s)
[2026-04-15 17:53:07.103] [801938] [HailoRT] [info] [edge_elements.cpp:287] [create] Created (HwReadEl15yolov11n/conv62_143 | hw_frame_size: 102400)
[2026-04-15 17:53:07.103] [801938] [HailoRT] [info] [queue_elements.cpp:657] [create] Created (PullQEl_nms15yolov11n/conv62_143 | timeout: 10s)
[2026-04-15 17:53:07.103] [801938] [HailoRT] [info] [edge_elements.cpp:287] [create] Created (HwReadEl13yolov11n/conv65_143 | hw_frame_size: 128000)
[2026-04-15 17:53:07.103] [801938] [HailoRT] [info] [queue_elements.cpp:657] [create] Created (PullQEl_nms13yolov11n/conv65_143 | timeout: 10s)
[2026-04-15 17:53:07.103] [801938] [HailoRT] [info] [edge_elements.cpp:287] [create] Created (HwReadEl1yolov11n/conv77_143 | hw_frame_size: 30720)
[2026-04-15 17:53:07.103] [801938] [HailoRT] [info] [queue_elements.cpp:657] [create] Created (PullQEl_nms1yolov11n/conv77_143 | timeout: 10s)
[2026-04-15 17:53:07.103] [801938] [HailoRT] [info] [edge_elements.cpp:287] [create] Created (HwReadEl0yolov11n/conv80_143 | hw_frame_size: 38400)
[2026-04-15 17:53:07.103] [801938] [HailoRT] [info] [queue_elements.cpp:657] [create] Created (PullQEl_nms0yolov11n/conv80_143 | timeout: 10s)
[2026-04-15 17:53:07.103] [801938] [HailoRT] [info] [queue_elements.cpp:800] [create] Created (UserBufQEl_post_infer0yolov11n/yolov8_nms_postprocess | timeout: 10s)
[2026-04-15 17:53:07.103] [801938] [HailoRT] [info] [vstream.cpp:1114] [OutputVStreamImpl] Creating yolov11n/yolov8_nms_postprocess...
[2026-04-15 17:53:07.103] [801938] [HailoRT] [info] [vstream_builder.cpp:622] [create_output_post_process_nms] Output pipeline 'yolov11n/yolov8_nms_postprocess': HW >> (HwReadEl3yolov11n/conv51_143 | hw_frame_size: 409600) >> (PullQEl_nms3yolov11n/conv51_143) >> (HwReadEl12yolov11n/conv54_143 | hw_frame_size: 512000) >> (PullQEl_nms12yolov11n/conv54_143) >> (HwReadEl15yolov11n/conv62_143 | hw_frame_size: 102400) >> (PullQEl_nms15yolov11n/conv62_143) >> (HwReadEl13yolov11n/conv65_143 | hw_frame_size: 128000) >> (PullQEl_nms13yolov11n/conv65_143) >> (HwReadEl1yolov11n/conv77_143 | hw_frame_size: 30720) >> (PullQEl_nms1yolov11n/conv77_143) >> (HwReadEl0yolov11n/conv80_143 | hw_frame_size: 38400) >> (PullQEl_nms0yolov11n/conv80_143) >> (NmsPPMuxEl0YOLOV8-Post-Process | Op YOLOV8, Name: YOLOV8-Post-Process, Score threshold: 0.200, IoU threshold: 0.70, Classes: 80, Max bboxes per class: 100, Image height: 640, Image width: 640) >> (UserBufQEl_post_infer0yolov11n/yolov8_nms_postprocess | timeout: 10s)
[2026-04-15 17:54:07.105] [802774] [HailoRT] [info] [vdevice_native_stream.cpp:331] [read_impl] Failed read from stream HAILO_STREAM_ABORT(63) (device: 0001:01:00.0)
[2026-04-15 17:54:07.105] [802774] [HailoRT] [info] [edge_elements.cpp:396] [run_pull] Reading from stream was aborted!
[2026-04-15 17:54:07.105] [802777] [HailoRT] [info] [vdevice_native_stream.cpp:331] [read_impl] Failed read from stream HAILO_STREAM_ABORT(63) (device: 0001:01:00.0)
[2026-04-15 17:54:07.105] [802777] [HailoRT] [info] [edge_elements.cpp:396] [run_pull] Reading from stream was aborted!
[2026-04-15 17:54:07.105] [802775] [HailoRT] [info] [vdevice_native_stream.cpp:331] [read_impl] Failed read from stream HAILO_STREAM_ABORT(63) (device: 0001:01:00.0)
[2026-04-15 17:54:07.105] [802773] [HailoRT] [info] [vdevice_native_stream.cpp:331] [read_impl] Failed read from stream HAILO_STREAM_ABORT(63) (device: 0001:01:00.0)
[2026-04-15 17:54:07.105] [802773] [HailoRT] [info] [edge_elements.cpp:396] [run_pull] Reading from stream was aborted!
[2026-04-15 17:54:07.105] [802777] [HailoRT] [info] [queue_elements.cpp:738] [run_in_thread] run_pull of queue element PullQEl_nms0yolov11n/conv80_143 was aborted!
[2026-04-15 17:54:07.105] [802773] [HailoRT] [info] [queue_elements.cpp:738] [run_in_thread] run_pull of queue element PullQEl_nms12yolov11n/conv54_143 was aborted!
[2026-04-15 17:54:07.105] [802775] [HailoRT] [info] [edge_elements.cpp:396] [run_pull] Reading from stream was aborted!
[2026-04-15 17:54:07.105] [802775] [HailoRT] [info] [queue_elements.cpp:738] [run_in_thread] run_pull of queue element PullQEl_nms13yolov11n/conv65_143 was aborted!
[2026-04-15 17:54:07.105] [802776] [HailoRT] [info] [vdevice_native_stream.cpp:331] [read_impl] Failed read from stream HAILO_STREAM_ABORT(63) (device: 0001:01:00.0)
[2026-04-15 17:54:07.105] [802776] [HailoRT] [info] [edge_elements.cpp:396] [run_pull] Reading from stream was aborted!
[2026-04-15 17:54:07.105] [802776] [HailoRT] [info] [queue_elements.cpp:738] [run_in_thread] run_pull of queue element PullQEl_nms1yolov11n/conv77_143 was aborted!
[2026-04-15 17:54:07.105] [802772] [HailoRT] [info] [vdevice_native_stream.cpp:331] [read_impl] Failed read from stream HAILO_STREAM_ABORT(63) (device: 0001:01:00.0)
[2026-04-15 17:54:07.105] [802772] [HailoRT] [info] [edge_elements.cpp:396] [run_pull] Reading from stream was aborted!
[2026-04-15 17:54:07.105] [802772] [HailoRT] [info] [queue_elements.cpp:738] [run_in_thread] run_pull of queue element PullQEl_nms3yolov11n/conv51_143 was aborted!
[2026-04-15 17:54:07.105] [802781] [HailoRT] [info] [queue_elements.cpp:706] [run_pull] Shutdown event was signaled in dequeue of queue element PullQEl_nms3yolov11n/conv51_143!
[2026-04-15 17:54:07.105] [802781] [HailoRT] [info] [vstream.cpp:1138] [read] Receiving to VStream was shutdown!
[2026-04-15 17:54:07.105] [802774] [HailoRT] [info] [queue_elements.cpp:738] [run_in_thread] run_pull of queue element PullQEl_nms15yolov11n/conv62_143 was aborted!
[2026-04-15 17:54:07.105] [802771] [HailoRT] [info] [vdevice_native_stream.cpp:142] [write_impl] Failed write to stream yolov11n/input_layer1 (device: 0001:01:00.0) with status=HAILO_STREAM_ABORT(63)
[2026-04-15 17:54:07.105] [802771] [HailoRT] [info] [edge_elements.cpp:87] [run_push] Failed to send on input stream InputStream(index=8, name=yolov11n/input_layer1) because stream was aborted
[2026-04-15 17:54:07.105] [802771] [HailoRT] [info] [queue_elements.cpp:401] [run_in_thread] run_push of PushQEl8yolov11n/input_layer1 was aborted!
[2026-04-15 17:54:07.105] [802782] [HailoRT] [info] [vstream.cpp:774] [write] Sending to VStream was shutdown!
[2026-04-15 17:54:07.105] [802782] [HailoRT] [info] [vstream.cpp:778] [write] Sending to VStream was aborted!
[2026-04-15 17:54:07.113] [801938] [HailoRT] [info] [queue_elements.cpp:360] [execute_deactivate] enqueue() in element PushQEl8yolov11n/input_layer1 was aborted, got status = HAILO_SHUTDOWN_EVENT_SIGNALED(57)
[2026-04-15 17:54:07.113] [802771] [HailoRT] [info] [queue_elements.cpp:68] [operator()] Thread in element PushQEl8yolov11n/input_layer1 is not running anymore, exiting..
[2026-04-15 17:54:07.114] [801938] [HailoRT] [info] [queue_elements.cpp:46] [~BaseQueueElement] Queue element PushQEl8yolov11n/input_layer1 has 0 frames in his Queue on destruction
[2026-04-15 17:54:07.114] [802778] [HailoRT] [info] [queue_elements.cpp:68] [operator()] Thread in element UserBufQEl_post_infer0yolov11n/yolov8_nms_postprocess is not running anymore, exiting..
[2026-04-15 17:54:07.114] [801938] [HailoRT] [info] [queue_elements.cpp:46] [~BaseQueueElement] Queue element UserBufQEl_post_infer0yolov11n/yolov8_nms_postprocess has 0 frames in his Queue on destruction
[2026-04-15 17:54:07.114] [802777] [HailoRT] [info] [queue_elements.cpp:68] [operator()] Thread in element PullQEl_nms0yolov11n/conv80_143 is not running anymore, exiting..
[2026-04-15 17:54:07.114] [801938] [HailoRT] [info] [queue_elements.cpp:46] [~BaseQueueElement] Queue element PullQEl_nms0yolov11n/conv80_143 has 0 frames in his Queue on destruction
[2026-04-15 17:54:07.114] [802776] [HailoRT] [info] [queue_elements.cpp:68] [operator()] Thread in element PullQEl_nms1yolov11n/conv77_143 is not running anymore, exiting..
[2026-04-15 17:54:07.114] [801938] [HailoRT] [info] [queue_elements.cpp:46] [~BaseQueueElement] Queue element PullQEl_nms1yolov11n/conv77_143 has 0 frames in his Queue on destruction
[2026-04-15 17:54:07.114] [802775] [HailoRT] [info] [queue_elements.cpp:68] [operator()] Thread in element PullQEl_nms13yolov11n/conv65_143 is not running anymore, exiting..
[2026-04-15 17:54:07.114] [801938] [HailoRT] [info] [queue_elements.cpp:46] [~BaseQueueElement] Queue element PullQEl_nms13yolov11n/conv65_143 has 0 frames in his Queue on destruction
[2026-04-15 17:54:07.114] [802774] [HailoRT] [info] [queue_elements.cpp:68] [operator()] Thread in element PullQEl_nms15yolov11n/conv62_143 is not running anymore, exiting..
[2026-04-15 17:54:07.114] [801938] [HailoRT] [info] [queue_elements.cpp:46] [~BaseQueueElement] Queue element PullQEl_nms15yolov11n/conv62_143 has 0 frames in his Queue on destruction
[2026-04-15 17:54:07.114] [802773] [HailoRT] [info] [queue_elements.cpp:68] [operator()] Thread in element PullQEl_nms12yolov11n/conv54_143 is not running anymore, exiting..
[2026-04-15 17:54:07.114] [801938] [HailoRT] [info] [queue_elements.cpp:46] [~BaseQueueElement] Queue element PullQEl_nms12yolov11n/conv54_143 has 0 frames in his Queue on destruction
[2026-04-15 17:54:07.114] [802772] [HailoRT] [info] [queue_elements.cpp:68] [operator()] Thread in element PullQEl_nms3yolov11n/conv51_143 is not running anymore, exiting..
[2026-04-15 17:54:07.114] [801938] [HailoRT] [info] [queue_elements.cpp:46] [~BaseQueueElement] Queue element PullQEl_nms3yolov11n/conv51_143 has 0 frames in his Queue on destruction
[2026-04-15 17:54:07.114] [801938] [HailoRT] [info] [core_op.cpp:186] [deactivate] Deactivating took 0.010926 ms
[2026-04-15 17:54:07.114] [801938] [HailoRT] [info] [core_op.cpp:186] [deactivate] Deactivating took 0.023185 ms
[2026-04-15 17:54:07.143] [801938] [HailoRT] [info] [vdevice.cpp:535] [create] Creating vdevice with params: device_count: 1, scheduling_algorithm: NONE, multi_process_service: false
[2026-04-15 17:54:07.144] [801938] [HailoRT] [info] [device.cpp:51] [Device] OS Version: Linux 6.12.62+rpt-rpi-2712 #1 SMP PREEMPT Debian 1:6.12.62-1+rpt1 (2025-12-18) aarch64
[2026-04-15 17:54:07.144] [801938] [HailoRT] [info] [control.cpp:113] [control__parse_identify_results] firmware_version is: 4.23.0
[2026-04-15 17:54:07.144] [801938] [HailoRT] [info] [vdevice.cpp:682] [create] VDevice Infos: 0001:01:00.0
[2026-04-15 17:54:07.155] [801938] [HailoRT] [info] [internal_buffer_manager.cpp:77] [print_execution_results] Planned internal buffer memory: CMA=0 CMA-Desc=786432 Pinned=18844160. memory to edge layer usage factor is 1
[2026-04-15 17:54:07.156] [801938] [HailoRT] [info] [internal_buffer_manager.cpp:86] [print_execution_results] Default Internal buffer planner executed successfully
[2026-04-15 17:54:07.218] [801938] [HailoRT] [info] [device_internal.cpp:57] [configure] Configuring HEF took 73.330397 milliseconds
[2026-04-15 17:54:07.218] [801938] [HailoRT] [info] [vdevice.cpp:780] [configure] Configuring HEF on VDevice took 73.797097 milliseconds
[2026-04-15 17:54:07.218] [801938] [HailoRT] [info] [control.cpp:113] [control__parse_identify_results] firmware_version is: 4.23.0
[2026-04-15 17:54:07.218] [801938] [HailoRT] [info] [control.cpp:113] [control__parse_identify_results] firmware_version is: 4.23.0
[2026-04-15 17:54:07.221] [801938] [HailoRT] [info] [core_op.cpp:156] [activate] Activating yolov11n took 2.754018 milliseconds. Note that the function is asynchronous and thus the network is not fully activated yet.
[2026-04-15 17:54:07.221] [801938] [HailoRT] [info] [core_op.cpp:156] [activate] Activating yolov11n took 2.79337 milliseconds. Note that the function is asynchronous and thus the network is not fully activated yet.
[2026-04-15 17:54:07.234] [801938] [HailoRT] [info] [control.cpp:113] [control__parse_identify_results] firmware_version is: 4.23.0
[2026-04-15 17:54:07.235] [801938] [HailoRT] [info] [control.cpp:113] [control__parse_identify_results] firmware_version is: 4.23.0
[2026-04-15 17:54:07.235] [801938] [HailoRT] [info] [edge_elements.cpp:52] [create] Created (HwWriteEl8yolov11n/input_layer1 | hw_frame_size: 1228800)
[2026-04-15 17:54:07.235] [801938] [HailoRT] [info] [queue_elements.cpp:284] [create] Created (PushQEl8yolov11n/input_layer1 | timeout: 10s)
[2026-04-15 17:54:07.235] [801938] [HailoRT] [info] [filter_elements.cpp:101] [create] Created (PreInferEl8yolov11n/input_layer1 | Reorder - src_order: NHWC, src_shape: (640, 640, 3), dst_order: NHCW, dst_shape: (640, 640, 3))
[2026-04-15 17:54:07.235] [801938] [HailoRT] [info] [vstream.cpp:754] [InputVStreamImpl] Creating yolov11n/input_layer1...
[2026-04-15 17:54:07.235] [801938] [HailoRT] [info] [vstream_builder.cpp:102] [create_inputs] Input pipeline 'yolov11n/input_layer1': (PreInferEl8yolov11n/input_layer1 | Reorder - src_order: NHWC, src_shape: (640, 640, 3), dst_order: NHCW, dst_shape: (640, 640, 3)) >> (PushQEl8yolov11n/input_layer1 | timeout: 10s) >> (HwWriteEl8yolov11n/input_layer1 | hw_frame_size: 1228800) >> HW
[2026-04-15 17:54:07.235] [801938] [HailoRT] [info] [multi_io_elements.cpp:135] [create] Created (NmsPPMuxEl0YOLOV8-Post-Process | Op YOLOV8, Name: YOLOV8-Post-Process, Score threshold: 0.200, IoU threshold: 0.70, Classes: 80, Max bboxes per class: 100, Image height: 640, Image width: 640)
[2026-04-15 17:54:07.235] [801938] [HailoRT] [info] [edge_elements.cpp:287] [create] Created (HwReadEl3yolov11n/conv51_143 | hw_frame_size: 409600)
[2026-04-15 17:54:07.235] [801938] [HailoRT] [info] [queue_elements.cpp:657] [create] Created (PullQEl_nms3yolov11n/conv51_143 | timeout: 10s)
[2026-04-15 17:54:07.235] [801938] [HailoRT] [info] [edge_elements.cpp:287] [create] Created (HwReadEl12yolov11n/conv54_143 | hw_frame_size: 512000)
[2026-04-15 17:54:07.235] [801938] [HailoRT] [info] [queue_elements.cpp:657] [create] Created (PullQEl_nms12yolov11n/conv54_143 | timeout: 10s)
[2026-04-15 17:54:07.235] [801938] [HailoRT] [info] [edge_elements.cpp:287] [create] Created (HwReadEl15yolov11n/conv62_143 | hw_frame_size: 102400)
[2026-04-15 17:54:07.235] [801938] [HailoRT] [info] [queue_elements.cpp:657] [create] Created (PullQEl_nms15yolov11n/conv62_143 | timeout: 10s)
[2026-04-15 17:54:07.235] [801938] [HailoRT] [info] [edge_elements.cpp:287] [create] Created (HwReadEl13yolov11n/conv65_143 | hw_frame_size: 128000)
[2026-04-15 17:54:07.235] [801938] [HailoRT] [info] [queue_elements.cpp:657] [create] Created (PullQEl_nms13yolov11n/conv65_143 | timeout: 10s)
[2026-04-15 17:54:07.235] [801938] [HailoRT] [info] [edge_elements.cpp:287] [create] Created (HwReadEl1yolov11n/conv77_143 | hw_frame_size: 30720)
[2026-04-15 17:54:07.236] [801938] [HailoRT] [info] [queue_elements.cpp:657] [create] Created (PullQEl_nms1yolov11n/conv77_143 | timeout: 10s)
[2026-04-15 17:54:07.236] [801938] [HailoRT] [info] [edge_elements.cpp:287] [create] Created (HwReadEl0yolov11n/conv80_143 | hw_frame_size: 38400)
[2026-04-15 17:54:07.236] [801938] [HailoRT] [info] [queue_elements.cpp:657] [create] Created (PullQEl_nms0yolov11n/conv80_143 | timeout: 10s)
[2026-04-15 17:54:07.236] [801938] [HailoRT] [info] [queue_elements.cpp:800] [create] Created (UserBufQEl_post_infer0yolov11n/yolov8_nms_postprocess | timeout: 10s)
[2026-04-15 17:54:07.236] [801938] [HailoRT] [info] [vstream.cpp:1114] [OutputVStreamImpl] Creating yolov11n/yolov8_nms_postprocess...
[2026-04-15 17:54:07.236] [801938] [HailoRT] [info] [vstream_builder.cpp:622] [create_output_post_process_nms] Output pipeline 'yolov11n/yolov8_nms_postprocess': HW >> (HwReadEl3yolov11n/conv51_143 | hw_frame_size: 409600) >> (PullQEl_nms3yolov11n/conv51_143) >> (HwReadEl12yolov11n/conv54_143 | hw_frame_size: 512000) >> (PullQEl_nms12yolov11n/conv54_143) >> (HwReadEl15yolov11n/conv62_143 | hw_frame_size: 102400) >> (PullQEl_nms15yolov11n/conv62_143) >> (HwReadEl13yolov11n/conv65_143 | hw_frame_size: 128000) >> (PullQEl_nms13yolov11n/conv65_143) >> (HwReadEl1yolov11n/conv77_143 | hw_frame_size: 30720) >> (PullQEl_nms1yolov11n/conv77_143) >> (HwReadEl0yolov11n/conv80_143 | hw_frame_size: 38400) >> (PullQEl_nms0yolov11n/conv80_143) >> (NmsPPMuxEl0YOLOV8-Post-Process | Op YOLOV8, Name: YOLOV8-Post-Process, Score threshold: 0.200, IoU threshold: 0.70, Classes: 80, Max bboxes per class: 100, Image height: 640, Image width: 640) >> (UserBufQEl_post_infer0yolov11n/yolov8_nms_postprocess | timeout: 10s)
[2026-04-15 17:55:07.236] [803609] [HailoRT] [info] [vdevice_native_stream.cpp:331] [read_impl] Failed read from stream HAILO_STREAM_ABORT(63) (device: 0001:01:00.0)
[2026-04-15 17:55:07.236] [803612] [HailoRT] [info] [vdevice_native_stream.cpp:331] [read_impl] Failed read from stream HAILO_STREAM_ABORT(63) (device: 0001:01:00.0)
[2026-04-15 17:55:07.236] [803611] [HailoRT] [info] [vdevice_native_stream.cpp:331] [read_impl] Failed read from stream HAILO_STREAM_ABORT(63) (device: 0001:01:00.0)
[2026-04-15 17:55:07.236] [803611] [HailoRT] [info] [edge_elements.cpp:396] [run_pull] Reading from stream was aborted!
[2026-04-15 17:55:07.236] [803609] [HailoRT] [info] [edge_elements.cpp:396] [run_pull] Reading from stream was aborted!
[2026-04-15 17:55:07.236] [803613] [HailoRT] [info] [vdevice_native_stream.cpp:331] [read_impl] Failed read from stream HAILO_STREAM_ABORT(63) (device: 0001:01:00.0)
[2026-04-15 17:55:07.236] [803613] [HailoRT] [info] [edge_elements.cpp:396] [run_pull] Reading from stream was aborted!
[2026-04-15 17:55:07.236] [803611] [HailoRT] [info] [queue_elements.cpp:738] [run_in_thread] run_pull of queue element PullQEl_nms13yolov11n/conv65_143 was aborted!
[2026-04-15 17:55:07.236] [803609] [HailoRT] [info] [queue_elements.cpp:738] [run_in_thread] run_pull of queue element PullQEl_nms12yolov11n/conv54_143 was aborted!
[2026-04-15 17:55:07.236] [803613] [HailoRT] [info] [queue_elements.cpp:738] [run_in_thread] run_pull of queue element PullQEl_nms0yolov11n/conv80_143 was aborted!
[2026-04-15 17:55:07.236] [803608] [HailoRT] [info] [vdevice_native_stream.cpp:331] [read_impl] Failed read from stream HAILO_STREAM_ABORT(63) (device: 0001:01:00.0)
[2026-04-15 17:55:07.236] [803608] [HailoRT] [info] [edge_elements.cpp:396] [run_pull] Reading from stream was aborted!
[2026-04-15 17:55:07.236] [803608] [HailoRT] [info] [queue_elements.cpp:738] [run_in_thread] run_pull of queue element PullQEl_nms3yolov11n/conv51_143 was aborted!
[2026-04-15 17:55:07.236] [803612] [HailoRT] [info] [edge_elements.cpp:396] [run_pull] Reading from stream was aborted!
[2026-04-15 17:55:07.236] [803612] [HailoRT] [info] [queue_elements.cpp:738] [run_in_thread] run_pull of queue element PullQEl_nms1yolov11n/conv77_143 was aborted!
[2026-04-15 17:55:07.236] [803610] [HailoRT] [info] [vdevice_native_stream.cpp:331] [read_impl] Failed read from stream HAILO_STREAM_ABORT(63) (device: 0001:01:00.0)
[2026-04-15 17:55:07.236] [803610] [HailoRT] [info] [edge_elements.cpp:396] [run_pull] Reading from stream was aborted!
[2026-04-15 17:55:07.236] [803610] [HailoRT] [info] [queue_elements.cpp:738] [run_in_thread] run_pull of queue element PullQEl_nms15yolov11n/conv62_143 was aborted!
[2026-04-15 17:55:07.236] [803617] [HailoRT] [info] [queue_elements.cpp:706] [run_pull] Shutdown event was signaled in dequeue of queue element PullQEl_nms3yolov11n/conv51_143!
[2026-04-15 17:55:07.236] [803617] [HailoRT] [info] [vstream.cpp:1138] [read] Receiving to VStream was shutdown!
[2026-04-15 17:55:07.237] [803607] [HailoRT] [info] [vdevice_native_stream.cpp:142] [write_impl] Failed write to stream yolov11n/input_layer1 (device: 0001:01:00.0) with status=HAILO_STREAM_ABORT(63)
[2026-04-15 17:55:07.237] [803607] [HailoRT] [info] [edge_elements.cpp:87] [run_push] Failed to send on input stream InputStream(index=8, name=yolov11n/input_layer1) because stream was aborted
[2026-04-15 17:55:07.237] [803607] [HailoRT] [info] [queue_elements.cpp:401] [run_in_thread] run_push of PushQEl8yolov11n/input_layer1 was aborted!
[2026-04-15 17:55:07.238] [803618] [HailoRT] [info] [queue_elements.cpp:319] [run_push] run_push of PushQEl8yolov11n/input_layer1 was aborted!
[2026-04-15 17:55:07.238] [803618] [HailoRT] [info] [filter_elements.cpp:35] [run_push] run_push of PreInferEl8yolov11n/input_layer1 was aborted!
[2026-04-15 17:55:07.238] [803618] [HailoRT] [info] [vstream.cpp:778] [write] Sending to VStream was aborted!
[2026-04-15 17:55:07.238] [801938] [HailoRT] [info] [queue_elements.cpp:360] [execute_deactivate] enqueue() in element PushQEl8yolov11n/input_layer1 was aborted, got status = HAILO_SHUTDOWN_EVENT_SIGNALED(57)
[2026-04-15 17:55:07.239] [803607] [HailoRT] [info] [queue_elements.cpp:68] [operator()] Thread in element PushQEl8yolov11n/input_layer1 is not running anymore, exiting..
[2026-04-15 17:55:07.239] [801938] [HailoRT] [info] [queue_elements.cpp:46] [~BaseQueueElement] Queue element PushQEl8yolov11n/input_layer1 has 0 frames in his Queue on destruction
[2026-04-15 17:55:07.239] [803614] [HailoRT] [info] [queue_elements.cpp:68] [operator()] Thread in element UserBufQEl_post_infer0yolov11n/yolov8_nms_postprocess is not running anymore, exiting..
[2026-04-15 17:55:07.239] [801938] [HailoRT] [info] [queue_elements.cpp:46] [~BaseQueueElement] Queue element UserBufQEl_post_infer0yolov11n/yolov8_nms_postprocess has 0 frames in his Queue on destruction
[2026-04-15 17:55:07.239] [803613] [HailoRT] [info] [queue_elements.cpp:68] [operator()] Thread in element PullQEl_nms0yolov11n/conv80_143 is not running anymore, exiting..
[2026-04-15 17:55:07.239] [801938] [HailoRT] [info] [queue_elements.cpp:46] [~BaseQueueElement] Queue element PullQEl_nms0yolov11n/conv80_143 has 0 frames in his Queue on destruction
[2026-04-15 17:55:07.239] [803612] [HailoRT] [info] [queue_elements.cpp:68] [operator()] Thread in element PullQEl_nms1yolov11n/conv77_143 is not running anymore, exiting..
[2026-04-15 17:55:07.239] [801938] [HailoRT] [info] [queue_elements.cpp:46] [~BaseQueueElement] Queue element PullQEl_nms1yolov11n/conv77_143 has 0 frames in his Queue on destruction
[2026-04-15 17:55:07.239] [803611] [HailoRT] [info] [queue_elements.cpp:68] [operator()] Thread in element PullQEl_nms13yolov11n/conv65_143 is not running anymore, exiting..
[2026-04-15 17:55:07.239] [801938] [HailoRT] [info] [queue_elements.cpp:46] [~BaseQueueElement] Queue element PullQEl_nms13yolov11n/conv65_143 has 0 frames in his Queue on destruction
[2026-04-15 17:55:07.239] [803610] [HailoRT] [info] [queue_elements.cpp:68] [operator()] Thread in element PullQEl_nms15yolov11n/conv62_143 is not running anymore, exiting..
[2026-04-15 17:55:07.239] [801938] [HailoRT] [info] [queue_elements.cpp:46] [~BaseQueueElement] Queue element PullQEl_nms15yolov11n/conv62_143 has 0 frames in his Queue on destruction
[2026-04-15 17:55:07.239] [803609] [HailoRT] [info] [queue_elements.cpp:68] [operator()] Thread in element PullQEl_nms12yolov11n/conv54_143 is not running anymore, exiting..
[2026-04-15 17:55:07.239] [801938] [HailoRT] [info] [queue_elements.cpp:46] [~BaseQueueElement] Queue element PullQEl_nms12yolov11n/conv54_143 has 0 frames in his Queue on destruction
[2026-04-15 17:55:07.239] [803608] [HailoRT] [info] [queue_elements.cpp:68] [operator()] Thread in element PullQEl_nms3yolov11n/conv51_143 is not running anymore, exiting..
[2026-04-15 17:55:07.239] [801938] [HailoRT] [info] [queue_elements.cpp:46] [~BaseQueueElement] Queue element PullQEl_nms3yolov11n/conv51_143 has 0 frames in his Queue on destruction
[2026-04-15 17:55:07.239] [801938] [HailoRT] [info] [core_op.cpp:186] [deactivate] Deactivating took 0.007333 ms
[2026-04-15 17:55:07.239] [801938] [HailoRT] [info] [core_op.cpp:186] [deactivate] Deactivating took 0.015926 ms
[2026-04-15 17:55:17.582] [804525] [HailoRT] [info] [vdevice.cpp:535] [create] Creating vdevice with params: device_count: 1, scheduling_algorithm: NONE, multi_process_service: false
[2026-04-15 17:55:17.595] [804525] [HailoRT] [info] [device.cpp:51] [Device] OS Version: Linux 6.12.62+rpt-rpi-2712 #1 SMP PREEMPT Debian 1:6.12.62-1+rpt1 (2025-12-18) aarch64
[2026-04-15 17:55:17.596] [804525] [HailoRT] [info] [control.cpp:113] [control__parse_identify_results] firmware_version is: 4.23.0
[2026-04-15 17:55:17.596] [804525] [HailoRT] [info] [vdevice.cpp:682] [create] VDevice Infos: 0001:01:00.0
[2026-04-15 17:55:17.618] [804525] [HailoRT] [info] [internal_buffer_manager.cpp:77] [print_execution_results] Planned internal buffer memory: CMA=0 CMA-Desc=1310720 Pinned=37685760. memory to edge layer usage factor is 1
[2026-04-15 17:55:17.618] [804525] [HailoRT] [info] [internal_buffer_manager.cpp:86] [print_execution_results] Default Internal buffer planner executed successfully
[2026-04-15 17:55:17.700] [804525] [HailoRT] [info] [device_internal.cpp:57] [configure] Configuring HEF took 103.56496 milliseconds
[2026-04-15 17:55:17.700] [804525] [HailoRT] [info] [vdevice.cpp:780] [configure] Configuring HEF on VDevice took 104.055568 milliseconds
[2026-04-15 17:55:17.700] [804525] [HailoRT] [info] [control.cpp:113] [control__parse_identify_results] firmware_version is: 4.23.0
[2026-04-15 17:55:17.701] [804525] [HailoRT] [info] [control.cpp:113] [control__parse_identify_results] firmware_version is: 4.23.0
[2026-04-15 17:55:17.706] [804525] [HailoRT] [info] [core_op.cpp:156] [activate] Activating yolov11n took 5.447797 milliseconds. Note that the function is asynchronous and thus the network is not fully activated yet.
[2026-04-15 17:55:17.706] [804525] [HailoRT] [info] [core_op.cpp:156] [activate] Activating yolov11n took 5.46776 milliseconds. Note that the function is asynchronous and thus the network is not fully activated yet.
[2026-04-15 17:55:17.719] [804525] [HailoRT] [info] [control.cpp:113] [control__parse_identify_results] firmware_version is: 4.23.0
[2026-04-15 17:55:17.719] [804525] [HailoRT] [info] [control.cpp:113] [control__parse_identify_results] firmware_version is: 4.23.0
[2026-04-15 17:55:19.044] [804517] [HailoRT] [info] [device.cpp:51] [Device] OS Version: Linux 6.12.62+rpt-rpi-2712 #1 SMP PREEMPT Debian 1:6.12.62-1+rpt1 (2025-12-18) aarch64
[2026-04-15 17:55:19.045] [804517] [HailoRT] [info] [control.cpp:113] [control__parse_identify_results] firmware_version is: 4.23.0
[2026-04-15 17:55:19.045] [804517] [HailoRT] [info] [control.cpp:113] [control__parse_identify_results] firmware_version is: 4.23.0
[2026-04-15 17:56:17.720] [804537] [HailoRT] [info] [vdevice_native_stream.cpp:331] [read_impl] Failed read from stream HAILO_STREAM_ABORT(63) (device: 0001:01:00.0)
[2026-04-15 17:56:17.720] [804536] [HailoRT] [info] [vdevice_native_stream.cpp:331] [read_impl] Failed read from stream HAILO_STREAM_ABORT(63) (device: 0001:01:00.0)
[2026-04-15 17:56:17.720] [804535] [HailoRT] [info] [vdevice_native_stream.cpp:331] [read_impl] Failed read from stream HAILO_STREAM_ABORT(63) (device: 0001:01:00.0)
[2026-04-15 17:56:17.720] [804534] [HailoRT] [info] [vdevice_native_stream.cpp:331] [read_impl] Failed read from stream HAILO_STREAM_ABORT(63) (device: 0001:01:00.0)
[2026-04-15 17:56:17.720] [804539] [HailoRT] [info] [vdevice_native_stream.cpp:331] [read_impl] Failed read from stream HAILO_STREAM_ABORT(63) (device: 0001:01:00.0)
[2026-04-15 17:56:17.720] [804540] [HailoRT] [info] [vdevice_native_stream.cpp:142] [write_impl] Failed write to stream yolov11n/input_layer1 (device: 0001:01:00.0) with status=HAILO_STREAM_ABORT(63)
[2026-04-15 17:56:17.720] [804538] [HailoRT] [info] [vdevice_native_stream.cpp:331] [read_impl] Failed read from stream HAILO_STREAM_ABORT(63) (device: 0001:01:00.0)
[2026-04-15 17:56:17.753] [804525] [HailoRT] [info] [core_op.cpp:186] [deactivate] Deactivating took 0.006963 ms
[2026-04-15 17:56:17.753] [804525] [HailoRT] [info] [core_op.cpp:186] [deactivate] Deactivating took 0.026722 ms
[2026-04-15 17:56:17.801] [804525] [HailoRT] [info] [vdevice.cpp:535] [create] Creating vdevice with params: device_count: 1, scheduling_algorithm: NONE, multi_process_service: false
[2026-04-15 17:56:17.801] [804525] [HailoRT] [info] [device.cpp:51] [Device] OS Version: Linux 6.12.62+rpt-rpi-2712 #1 SMP PREEMPT Debian 1:6.12.62-1+rpt1 (2025-12-18) aarch64
[2026-04-15 17:56:17.802] [804525] [HailoRT] [info] [control.cpp:113] [control__parse_identify_results] firmware_version is: 4.23.0
[2026-04-15 17:56:17.802] [804525] [HailoRT] [info] [vdevice.cpp:682] [create] VDevice Infos: 0001:01:00.0
[2026-04-15 17:56:17.821] [804525] [HailoRT] [info] [internal_buffer_manager.cpp:77] [print_execution_results] Planned internal buffer memory: CMA=0 CMA-Desc=1310720 Pinned=37685760. memory to edge layer usage factor is 1
[2026-04-15 17:56:17.821] [804525] [HailoRT] [info] [internal_buffer_manager.cpp:86] [print_execution_results] Default Internal buffer planner executed successfully
[2026-04-15 17:56:17.918] [804525] [HailoRT] [info] [device_internal.cpp:57] [configure] Configuring HEF took 116.570973 milliseconds
[2026-04-15 17:56:17.919] [804525] [HailoRT] [info] [vdevice.cpp:780] [configure] Configuring HEF on VDevice took 116.969841 milliseconds
[2026-04-15 17:56:17.919] [804525] [HailoRT] [info] [control.cpp:113] [control__parse_identify_results] firmware_version is: 4.23.0
[2026-04-15 17:56:17.919] [804525] [HailoRT] [info] [control.cpp:113] [control__parse_identify_results] firmware_version is: 4.23.0
[2026-04-15 17:56:17.928] [804525] [HailoRT] [info] [core_op.cpp:156] [activate] Activating yolov11n took 8.132983 milliseconds. Note that the function is asynchronous and thus the network is not fully activated yet.
[2026-04-15 17:56:17.928] [804525] [HailoRT] [info] [core_op.cpp:156] [activate] Activating yolov11n took 8.156279 milliseconds. Note that the function is asynchronous and thus the network is not fully activated yet.
[2026-04-15 17:56:17.941] [804525] [HailoRT] [info] [control.cpp:113] [control__parse_identify_results] firmware_version is: 4.23.0
[2026-04-15 17:56:17.941] [804525] [HailoRT] [info] [control.cpp:113] [control__parse_identify_results] firmware_version is: 4.23.0
[2026-04-15 17:56:17.941] [804525] [HailoRT] [info] [edge_elements.cpp:52] [create] Created (HwWriteEl8yolov11n/input_layer1 | hw_frame_size: 1228800)
[2026-04-15 17:56:17.941] [804525] [HailoRT] [info] [queue_elements.cpp:284] [create] Created (PushQEl8yolov11n/input_layer1 | timeout: 10s)
[2026-04-15 17:56:17.941] [804525] [HailoRT] [info] [filter_elements.cpp:101] [create] Created (PreInferEl8yolov11n/input_layer1 | Reorder - src_order: NHWC, src_shape: (640, 640, 3), dst_order: NHCW, dst_shape: (640, 640, 3))
[2026-04-15 17:56:17.941] [804525] [HailoRT] [info] [vstream.cpp:754] [InputVStreamImpl] Creating yolov11n/input_layer1...
[2026-04-15 17:56:17.941] [804525] [HailoRT] [info] [vstream_builder.cpp:102] [create_inputs] Input pipeline 'yolov11n/input_layer1': (PreInferEl8yolov11n/input_layer1 | Reorder - src_order: NHWC, src_shape: (640, 640, 3), dst_order: NHCW, dst_shape: (640, 640, 3)) >> (PushQEl8yolov11n/input_layer1 | timeout: 10s) >> (HwWriteEl8yolov11n/input_layer1 | hw_frame_size: 1228800) >> HW
[2026-04-15 17:56:17.942] [804525] [HailoRT] [info] [multi_io_elements.cpp:135] [create] Created (NmsPPMuxEl0YOLOV8-Post-Process | Op YOLOV8, Name: YOLOV8-Post-Process, Score threshold: 0.200, IoU threshold: 0.70, Classes: 80, Max bboxes per class: 100, Image height: 640, Image width: 640)
[2026-04-15 17:56:17.942] [804525] [HailoRT] [info] [edge_elements.cpp:287] [create] Created (HwReadEl3yolov11n/conv51_143 | hw_frame_size: 409600)
[2026-04-15 17:56:17.942] [804525] [HailoRT] [info] [queue_elements.cpp:657] [create] Created (PullQEl_nms3yolov11n/conv51_143 | timeout: 10s)
[2026-04-15 17:56:17.942] [804525] [HailoRT] [info] [edge_elements.cpp:287] [create] Created (HwReadEl12yolov11n/conv54_143 | hw_frame_size: 512000)
[2026-04-15 17:56:17.942] [804525] [HailoRT] [info] [queue_elements.cpp:657] [create] Created (PullQEl_nms12yolov11n/conv54_143 | timeout: 10s)
[2026-04-15 17:56:17.942] [804525] [HailoRT] [info] [edge_elements.cpp:287] [create] Created (HwReadEl15yolov11n/conv62_143 | hw_frame_size: 102400)
[2026-04-15 17:56:17.942] [804525] [HailoRT] [info] [queue_elements.cpp:657] [create] Created (PullQEl_nms15yolov11n/conv62_143 | timeout: 10s)
[2026-04-15 17:56:17.942] [804525] [HailoRT] [info] [edge_elements.cpp:287] [create] Created (HwReadEl13yolov11n/conv65_143 | hw_frame_size: 128000)
[2026-04-15 17:56:17.942] [804525] [HailoRT] [info] [queue_elements.cpp:657] [create] Created (PullQEl_nms13yolov11n/conv65_143 | timeout: 10s)
[2026-04-15 17:56:17.942] [804525] [HailoRT] [info] [edge_elements.cpp:287] [create] Created (HwReadEl1yolov11n/conv77_143 | hw_frame_size: 30720)
[2026-04-15 17:56:17.942] [804525] [HailoRT] [info] [queue_elements.cpp:657] [create] Created (PullQEl_nms1yolov11n/conv77_143 | timeout: 10s)
[2026-04-15 17:56:17.942] [804525] [HailoRT] [info] [edge_elements.cpp:287] [create] Created (HwReadEl0yolov11n/conv80_143 | hw_frame_size: 38400)
[2026-04-15 17:56:17.942] [804525] [HailoRT] [info] [queue_elements.cpp:657] [create] Created (PullQEl_nms0yolov11n/conv80_143 | timeout: 10s)
[2026-04-15 17:56:17.942] [804525] [HailoRT] [info] [queue_elements.cpp:800] [create] Created (UserBufQEl_post_infer0yolov11n/yolov8_nms_postprocess | timeout: 10s)
[2026-04-15 17:56:17.942] [804525] [HailoRT] [info] [vstream.cpp:1114] [OutputVStreamImpl] Creating yolov11n/yolov8_nms_postprocess...
[2026-04-15 17:56:17.942] [804525] [HailoRT] [info] [vstream_builder.cpp:622] [create_output_post_process_nms] Output pipeline 'yolov11n/yolov8_nms_postprocess': HW >> (HwReadEl3yolov11n/conv51_143 | hw_frame_size: 409600) >> (PullQEl_nms3yolov11n/conv51_143) >> (HwReadEl12yolov11n/conv54_143 | hw_frame_size: 512000) >> (PullQEl_nms12yolov11n/conv54_143) >> (HwReadEl15yolov11n/conv62_143 | hw_frame_size: 102400) >> (PullQEl_nms15yolov11n/conv62_143) >> (HwReadEl13yolov11n/conv65_143 | hw_frame_size: 128000) >> (PullQEl_nms13yolov11n/conv65_143) >> (HwReadEl1yolov11n/conv77_143 | hw_frame_size: 30720) >> (PullQEl_nms1yolov11n/conv77_143) >> (HwReadEl0yolov11n/conv80_143 | hw_frame_size: 38400) >> (PullQEl_nms0yolov11n/conv80_143) >> (NmsPPMuxEl0YOLOV8-Post-Process | Op YOLOV8, Name: YOLOV8-Post-Process, Score threshold: 0.200, IoU threshold: 0.70, Classes: 80, Max bboxes per class: 100, Image height: 640, Image width: 640) >> (UserBufQEl_post_infer0yolov11n/yolov8_nms_postprocess | timeout: 10s)
[2026-04-15 17:57:17.943] [805355] [HailoRT] [info] [vdevice_native_stream.cpp:331] [read_impl] Failed read from stream HAILO_STREAM_ABORT(63) (device: 0001:01:00.0)
[2026-04-15 17:57:17.943] [805355] [HailoRT] [info] [edge_elements.cpp:396] [run_pull] Reading from stream was aborted!
[2026-04-15 17:57:17.943] [805355] [HailoRT] [info] [queue_elements.cpp:738] [run_in_thread] run_pull of queue element PullQEl_nms3yolov11n/conv51_143 was aborted!
[2026-04-15 17:57:17.943] [805354] [HailoRT] [info] [vdevice_native_stream.cpp:142] [write_impl] Failed write to stream yolov11n/input_layer1 (device: 0001:01:00.0) with status=HAILO_STREAM_ABORT(63)
[2026-04-15 17:57:17.943] [805354] [HailoRT] [info] [edge_elements.cpp:87] [run_push] Failed to send on input stream InputStream(index=8, name=yolov11n/input_layer1) because stream was aborted
[2026-04-15 17:57:17.943] [805354] [HailoRT] [info] [queue_elements.cpp:401] [run_in_thread] run_push of PushQEl8yolov11n/input_layer1 was aborted!
[2026-04-15 17:57:17.943] [805356] [HailoRT] [info] [vdevice_native_stream.cpp:331] [read_impl] Failed read from stream HAILO_STREAM_ABORT(63) (device: 0001:01:00.0)
[2026-04-15 17:57:17.943] [805359] [HailoRT] [info] [vdevice_native_stream.cpp:331] [read_impl] Failed read from stream HAILO_STREAM_ABORT(63) (device: 0001:01:00.0)
[2026-04-15 17:57:17.943] [805359] [HailoRT] [info] [edge_elements.cpp:396] [run_pull] Reading from stream was aborted!
[2026-04-15 17:57:17.943] [805356] [HailoRT] [info] [edge_elements.cpp:396] [run_pull] Reading from stream was aborted!
[2026-04-15 17:57:17.943] [805359] [HailoRT] [info] [queue_elements.cpp:738] [run_in_thread] run_pull of queue element PullQEl_nms1yolov11n/conv77_143 was aborted!
[2026-04-15 17:57:17.943] [805356] [HailoRT] [info] [queue_elements.cpp:738] [run_in_thread] run_pull of queue element PullQEl_nms12yolov11n/conv54_143 was aborted!
[2026-04-15 17:57:17.943] [805358] [HailoRT] [info] [vdevice_native_stream.cpp:331] [read_impl] Failed read from stream HAILO_STREAM_ABORT(63) (device: 0001:01:00.0)
[2026-04-15 17:57:17.943] [805358] [HailoRT] [info] [edge_elements.cpp:396] [run_pull] Reading from stream was aborted!
[2026-04-15 17:57:17.943] [805358] [HailoRT] [info] [queue_elements.cpp:738] [run_in_thread] run_pull of queue element PullQEl_nms13yolov11n/conv65_143 was aborted!
[2026-04-15 17:57:17.943] [805357] [HailoRT] [info] [vdevice_native_stream.cpp:331] [read_impl] Failed read from stream HAILO_STREAM_ABORT(63) (device: 0001:01:00.0)
[2026-04-15 17:57:17.943] [805357] [HailoRT] [info] [edge_elements.cpp:396] [run_pull] Reading from stream was aborted!
[2026-04-15 17:57:17.943] [805357] [HailoRT] [info] [queue_elements.cpp:738] [run_in_thread] run_pull of queue element PullQEl_nms15yolov11n/conv62_143 was aborted!
[2026-04-15 17:57:17.943] [805360] [HailoRT] [info] [vdevice_native_stream.cpp:331] [read_impl] Failed read from stream HAILO_STREAM_ABORT(63) (device: 0001:01:00.0)
[2026-04-15 17:57:17.943] [805360] [HailoRT] [info] [edge_elements.cpp:396] [run_pull] Reading from stream was aborted!
[2026-04-15 17:57:17.943] [805360] [HailoRT] [info] [queue_elements.cpp:738] [run_in_thread] run_pull of queue element PullQEl_nms0yolov11n/conv80_143 was aborted!
[2026-04-15 17:57:17.944] [805365] [HailoRT] [info] [queue_elements.cpp:319] [run_push] run_push of PushQEl8yolov11n/input_layer1 was aborted!
[2026-04-15 17:57:17.944] [805365] [HailoRT] [info] [filter_elements.cpp:35] [run_push] run_push of PreInferEl8yolov11n/input_layer1 was aborted!
[2026-04-15 17:57:17.944] [805365] [HailoRT] [info] [vstream.cpp:778] [write] Sending to VStream was aborted!
[2026-04-15 17:57:17.944] [805364] [HailoRT] [info] [queue_elements.cpp:706] [run_pull] Shutdown event was signaled in dequeue of queue element PullQEl_nms12yolov11n/conv54_143!
[2026-04-15 17:57:17.944] [805364] [HailoRT] [info] [vstream.cpp:1138] [read] Receiving to VStream was shutdown!
[2026-04-15 17:57:17.976] [804525] [HailoRT] [info] [queue_elements.cpp:360] [execute_deactivate] enqueue() in element PushQEl8yolov11n/input_layer1 was aborted, got status = HAILO_SHUTDOWN_EVENT_SIGNALED(57)
[2026-04-15 17:57:17.976] [805354] [HailoRT] [info] [queue_elements.cpp:68] [operator()] Thread in element PushQEl8yolov11n/input_layer1 is not running anymore, exiting..
[2026-04-15 17:57:17.976] [804525] [HailoRT] [info] [queue_elements.cpp:46] [~BaseQueueElement] Queue element PushQEl8yolov11n/input_layer1 has 1 frames in his Queue on destruction
[2026-04-15 17:57:17.976] [805361] [HailoRT] [info] [queue_elements.cpp:68] [operator()] Thread in element UserBufQEl_post_infer0yolov11n/yolov8_nms_postprocess is not running anymore, exiting..
[2026-04-15 17:57:17.976] [804525] [HailoRT] [info] [queue_elements.cpp:46] [~BaseQueueElement] Queue element UserBufQEl_post_infer0yolov11n/yolov8_nms_postprocess has 0 frames in his Queue on destruction
[2026-04-15 17:57:17.976] [805360] [HailoRT] [info] [queue_elements.cpp:68] [operator()] Thread in element PullQEl_nms0yolov11n/conv80_143 is not running anymore, exiting..
[2026-04-15 17:57:17.976] [804525] [HailoRT] [info] [queue_elements.cpp:46] [~BaseQueueElement] Queue element PullQEl_nms0yolov11n/conv80_143 has 1 frames in his Queue on destruction
[2026-04-15 17:57:17.976] [805359] [HailoRT] [info] [queue_elements.cpp:68] [operator()] Thread in element PullQEl_nms1yolov11n/conv77_143 is not running anymore, exiting..
[2026-04-15 17:57:17.976] [804525] [HailoRT] [info] [queue_elements.cpp:46] [~BaseQueueElement] Queue element PullQEl_nms1yolov11n/conv77_143 has 1 frames in his Queue on destruction
[2026-04-15 17:57:17.976] [805358] [HailoRT] [info] [queue_elements.cpp:68] [operator()] Thread in element PullQEl_nms13yolov11n/conv65_143 is not running anymore, exiting..
[2026-04-15 17:57:17.976] [804525] [HailoRT] [info] [queue_elements.cpp:46] [~BaseQueueElement] Queue element PullQEl_nms13yolov11n/conv65_143 has 1 frames in his Queue on destruction
[2026-04-15 17:57:17.977] [805357] [HailoRT] [info] [queue_elements.cpp:68] [operator()] Thread in element PullQEl_nms15yolov11n/conv62_143 is not running anymore, exiting..
[2026-04-15 17:57:17.977] [804525] [HailoRT] [info] [queue_elements.cpp:46] [~BaseQueueElement] Queue element PullQEl_nms15yolov11n/conv62_143 has 1 frames in his Queue on destruction
[2026-04-15 17:57:17.977] [805356] [HailoRT] [info] [queue_elements.cpp:68] [operator()] Thread in element PullQEl_nms12yolov11n/conv54_143 is not running anymore, exiting..
[2026-04-15 17:57:17.977] [804525] [HailoRT] [info] [queue_elements.cpp:46] [~BaseQueueElement] Queue element PullQEl_nms12yolov11n/conv54_143 has 1 frames in his Queue on destruction
[2026-04-15 17:57:17.977] [805355] [HailoRT] [info] [queue_elements.cpp:68] [operator()] Thread in element PullQEl_nms3yolov11n/conv51_143 is not running anymore, exiting..
[2026-04-15 17:57:17.977] [804525] [HailoRT] [info] [queue_elements.cpp:46] [~BaseQueueElement] Queue element PullQEl_nms3yolov11n/conv51_143 has 0 frames in his Queue on destruction
[2026-04-15 17:57:17.977] [804525] [HailoRT] [info] [core_op.cpp:186] [deactivate] Deactivating took 0.008741 ms
[2026-04-15 17:57:17.977] [804525] [HailoRT] [info] [core_op.cpp:186] [deactivate] Deactivating took 0.019186 ms
[2026-04-15 17:57:18.028] [804525] [HailoRT] [info] [vdevice.cpp:535] [create] Creating vdevice with params: device_count: 1, scheduling_algorithm: NONE, multi_process_service: false
[2026-04-15 17:57:18.028] [804525] [HailoRT] [info] [device.cpp:51] [Device] OS Version: Linux 6.12.62+rpt-rpi-2712 #1 SMP PREEMPT Debian 1:6.12.62-1+rpt1 (2025-12-18) aarch64
[2026-04-15 17:57:18.029] [804525] [HailoRT] [info] [control.cpp:113] [control__parse_identify_results] firmware_version is: 4.23.0
[2026-04-15 17:57:18.029] [804525] [HailoRT] [info] [vdevice.cpp:682] [create] VDevice Infos: 0001:01:00.0
[2026-04-15 17:57:18.047] [804525] [HailoRT] [info] [internal_buffer_manager.cpp:77] [print_execution_results] Planned internal buffer memory: CMA=0 CMA-Desc=1310720 Pinned=37685760. memory to edge layer usage factor is 1
[2026-04-15 17:57:18.047] [804525] [HailoRT] [info] [internal_buffer_manager.cpp:86] [print_execution_results] Default Internal buffer planner executed successfully
[2026-04-15 17:57:18.144] [804525] [HailoRT] [info] [device_internal.cpp:57] [configure] Configuring HEF took 115.116266 milliseconds
[2026-04-15 17:57:18.144] [804525] [HailoRT] [info] [vdevice.cpp:780] [configure] Configuring HEF on VDevice took 115.539041 milliseconds
[2026-04-15 17:57:18.145] [804525] [HailoRT] [info] [control.cpp:113] [control__parse_identify_results] firmware_version is: 4.23.0
[2026-04-15 17:57:18.145] [804525] [HailoRT] [info] [control.cpp:113] [control__parse_identify_results] firmware_version is: 4.23.0
[2026-04-15 17:57:18.151] [804525] [HailoRT] [info] [core_op.cpp:156] [activate] Activating yolov11n took 6.237219 milliseconds. Note that the function is asynchronous and thus the network is not fully activated yet.
[2026-04-15 17:57:18.151] [804525] [HailoRT] [info] [core_op.cpp:156] [activate] Activating yolov11n took 6.274959 milliseconds. Note that the function is asynchronous and thus the network is not fully activated yet.
[2026-04-15 17:57:18.164] [804525] [HailoRT] [info] [control.cpp:113] [control__parse_identify_results] firmware_version is: 4.23.0
[2026-04-15 17:57:18.165] [804525] [HailoRT] [info] [control.cpp:113] [control__parse_identify_results] firmware_version is: 4.23.0
[2026-04-15 17:57:18.165] [804525] [HailoRT] [info] [edge_elements.cpp:52] [create] Created (HwWriteEl8yolov11n/input_layer1 | hw_frame_size: 1228800)
[2026-04-15 17:57:18.165] [804525] [HailoRT] [info] [queue_elements.cpp:284] [create] Created (PushQEl8yolov11n/input_layer1 | timeout: 10s)
[2026-04-15 17:57:18.165] [804525] [HailoRT] [info] [filter_elements.cpp:101] [create] Created (PreInferEl8yolov11n/input_layer1 | Reorder - src_order: NHWC, src_shape: (640, 640, 3), dst_order: NHCW, dst_shape: (640, 640, 3))
[2026-04-15 17:57:18.165] [804525] [HailoRT] [info] [vstream.cpp:754] [InputVStreamImpl] Creating yolov11n/input_layer1...
[2026-04-15 17:57:18.165] [804525] [HailoRT] [info] [vstream_builder.cpp:102] [create_inputs] Input pipeline 'yolov11n/input_layer1': (PreInferEl8yolov11n/input_layer1 | Reorder - src_order: NHWC, src_shape: (640, 640, 3), dst_order: NHCW, dst_shape: (640, 640, 3)) >> (PushQEl8yolov11n/input_layer1 | timeout: 10s) >> (HwWriteEl8yolov11n/input_layer1 | hw_frame_size: 1228800) >> HW
[2026-04-15 17:57:18.165] [804525] [HailoRT] [info] [multi_io_elements.cpp:135] [create] Created (NmsPPMuxEl0YOLOV8-Post-Process | Op YOLOV8, Name: YOLOV8-Post-Process, Score threshold: 0.200, IoU threshold: 0.70, Classes: 80, Max bboxes per class: 100, Image height: 640, Image width: 640)
[2026-04-15 17:57:18.165] [804525] [HailoRT] [info] [edge_elements.cpp:287] [create] Created (HwReadEl3yolov11n/conv51_143 | hw_frame_size: 409600)
[2026-04-15 17:57:18.165] [804525] [HailoRT] [info] [queue_elements.cpp:657] [create] Created (PullQEl_nms3yolov11n/conv51_143 | timeout: 10s)
[2026-04-15 17:57:18.165] [804525] [HailoRT] [info] [edge_elements.cpp:287] [create] Created (HwReadEl12yolov11n/conv54_143 | hw_frame_size: 512000)
[2026-04-15 17:57:18.165] [804525] [HailoRT] [info] [queue_elements.cpp:657] [create] Created (PullQEl_nms12yolov11n/conv54_143 | timeout: 10s)
[2026-04-15 17:57:18.165] [804525] [HailoRT] [info] [edge_elements.cpp:287] [create] Created (HwReadEl15yolov11n/conv62_143 | hw_frame_size: 102400)
[2026-04-15 17:57:18.165] [804525] [HailoRT] [info] [queue_elements.cpp:657] [create] Created (PullQEl_nms15yolov11n/conv62_143 | timeout: 10s)
[2026-04-15 17:57:18.165] [804525] [HailoRT] [info] [edge_elements.cpp:287] [create] Created (HwReadEl13yolov11n/conv65_143 | hw_frame_size: 128000)
[2026-04-15 17:57:18.165] [804525] [HailoRT] [info] [queue_elements.cpp:657] [create] Created (PullQEl_nms13yolov11n/conv65_143 | timeout: 10s)
[2026-04-15 17:57:18.165] [804525] [HailoRT] [info] [edge_elements.cpp:287] [create] Created (HwReadEl1yolov11n/conv77_143 | hw_frame_size: 30720)
[2026-04-15 17:57:18.165] [804525] [HailoRT] [info] [queue_elements.cpp:657] [create] Created (PullQEl_nms1yolov11n/conv77_143 | timeout: 10s)
[2026-04-15 17:57:18.165] [804525] [HailoRT] [info] [edge_elements.cpp:287] [create] Created (HwReadEl0yolov11n/conv80_143 | hw_frame_size: 38400)
[2026-04-15 17:57:18.166] [804525] [HailoRT] [info] [queue_elements.cpp:657] [create] Created (PullQEl_nms0yolov11n/conv80_143 | timeout: 10s)
[2026-04-15 17:57:18.166] [804525] [HailoRT] [info] [queue_elements.cpp:800] [create] Created (UserBufQEl_post_infer0yolov11n/yolov8_nms_postprocess | timeout: 10s)
[2026-04-15 17:57:18.166] [804525] [HailoRT] [info] [vstream.cpp:1114] [OutputVStreamImpl] Creating yolov11n/yolov8_nms_postprocess...
[2026-04-15 17:57:18.166] [804525] [HailoRT] [info] [vstream_builder.cpp:622] [create_output_post_process_nms] Output pipeline 'yolov11n/yolov8_nms_postprocess': HW >> (HwReadEl3yolov11n/conv51_143 | hw_frame_size: 409600) >> (PullQEl_nms3yolov11n/conv51_143) >> (HwReadEl12yolov11n/conv54_143 | hw_frame_size: 512000) >> (PullQEl_nms12yolov11n/conv54_143) >> (HwReadEl15yolov11n/conv62_143 | hw_frame_size: 102400) >> (PullQEl_nms15yolov11n/conv62_143) >> (HwReadEl13yolov11n/conv65_143 | hw_frame_size: 128000) >> (PullQEl_nms13yolov11n/conv65_143) >> (HwReadEl1yolov11n/conv77_143 | hw_frame_size: 30720) >> (PullQEl_nms1yolov11n/conv77_143) >> (HwReadEl0yolov11n/conv80_143 | hw_frame_size: 38400) >> (PullQEl_nms0yolov11n/conv80_143) >> (NmsPPMuxEl0YOLOV8-Post-Process | Op YOLOV8, Name: YOLOV8-Post-Process, Score threshold: 0.200, IoU threshold: 0.70, Classes: 80, Max bboxes per class: 100, Image height: 640, Image width: 640) >> (UserBufQEl_post_infer0yolov11n/yolov8_nms_postprocess | timeout: 10s)
[2026-04-15 17:58:18.167] [806199] [HailoRT] [info] [vdevice_native_stream.cpp:331] [read_impl] Failed read from stream HAILO_STREAM_ABORT(63) (device: 0001:01:00.0)
[2026-04-15 17:58:18.167] [806202] [HailoRT] [info] [vdevice_native_stream.cpp:331] [read_impl] Failed read from stream HAILO_STREAM_ABORT(63) (device: 0001:01:00.0)
[2026-04-15 17:58:18.167] [806202] [HailoRT] [info] [edge_elements.cpp:396] [run_pull] Reading from stream was aborted!
[2026-04-15 17:58:18.167] [806202] [HailoRT] [info] [queue_elements.cpp:738] [run_in_thread] run_pull of queue element PullQEl_nms1yolov11n/conv77_143 was aborted!
[2026-04-15 17:58:18.167] [806200] [HailoRT] [info] [vdevice_native_stream.cpp:331] [read_impl] Failed read from stream HAILO_STREAM_ABORT(63) (device: 0001:01:00.0)
[2026-04-15 17:58:18.167] [806200] [HailoRT] [info] [edge_elements.cpp:396] [run_pull] Reading from stream was aborted!
[2026-04-15 17:58:18.167] [806200] [HailoRT] [info] [queue_elements.cpp:738] [run_in_thread] run_pull of queue element PullQEl_nms15yolov11n/conv62_143 was aborted!
[2026-04-15 17:58:18.167] [806201] [HailoRT] [info] [vdevice_native_stream.cpp:331] [read_impl] Failed read from stream HAILO_STREAM_ABORT(63) (device: 0001:01:00.0)
[2026-04-15 17:58:18.167] [806201] [HailoRT] [info] [edge_elements.cpp:396] [run_pull] Reading from stream was aborted!
[2026-04-15 17:58:18.167] [806199] [HailoRT] [info] [edge_elements.cpp:396] [run_pull] Reading from stream was aborted!
[2026-04-15 17:58:18.167] [806201] [HailoRT] [info] [queue_elements.cpp:738] [run_in_thread] run_pull of queue element PullQEl_nms13yolov11n/conv65_143 was aborted!
[2026-04-15 17:58:18.167] [806203] [HailoRT] [info] [vdevice_native_stream.cpp:331] [read_impl] Failed read from stream HAILO_STREAM_ABORT(63) (device: 0001:01:00.0)
[2026-04-15 17:58:18.167] [806203] [HailoRT] [info] [edge_elements.cpp:396] [run_pull] Reading from stream was aborted!
[2026-04-15 17:58:18.167] [806199] [HailoRT] [info] [queue_elements.cpp:738] [run_in_thread] run_pull of queue element PullQEl_nms12yolov11n/conv54_143 was aborted!
[2026-04-15 17:58:18.167] [806203] [HailoRT] [info] [queue_elements.cpp:738] [run_in_thread] run_pull of queue element PullQEl_nms0yolov11n/conv80_143 was aborted!
[2026-04-15 17:58:18.167] [806198] [HailoRT] [info] [vdevice_native_stream.cpp:331] [read_impl] Failed read from stream HAILO_STREAM_ABORT(63) (device: 0001:01:00.0)
[2026-04-15 17:58:18.167] [806198] [HailoRT] [info] [edge_elements.cpp:396] [run_pull] Reading from stream was aborted!
[2026-04-15 17:58:18.167] [806198] [HailoRT] [info] [queue_elements.cpp:738] [run_in_thread] run_pull of queue element PullQEl_nms3yolov11n/conv51_143 was aborted!
[2026-04-15 17:58:18.167] [806207] [HailoRT] [info] [queue_elements.cpp:706] [run_pull] Shutdown event was signaled in dequeue of queue element PullQEl_nms3yolov11n/conv51_143!
[2026-04-15 17:58:18.167] [806207] [HailoRT] [info] [vstream.cpp:1138] [read] Receiving to VStream was shutdown!
[2026-04-15 17:58:18.167] [806197] [HailoRT] [info] [vdevice_native_stream.cpp:142] [write_impl] Failed write to stream yolov11n/input_layer1 (device: 0001:01:00.0) with status=HAILO_STREAM_ABORT(63)
[2026-04-15 17:58:18.167] [806197] [HailoRT] [info] [edge_elements.cpp:87] [run_push] Failed to send on input stream InputStream(index=8, name=yolov11n/input_layer1) because stream was aborted
[2026-04-15 17:58:18.167] [806197] [HailoRT] [info] [queue_elements.cpp:401] [run_in_thread] run_push of PushQEl8yolov11n/input_layer1 was aborted!
[2026-04-15 17:58:18.168] [806208] [HailoRT] [info] [queue_elements.cpp:319] [run_push] run_push of PushQEl8yolov11n/input_layer1 was aborted!
[2026-04-15 17:58:18.168] [806208] [HailoRT] [info] [filter_elements.cpp:35] [run_push] run_push of PreInferEl8yolov11n/input_layer1 was aborted!
[2026-04-15 17:58:18.168] [806208] [HailoRT] [info] [vstream.cpp:778] [write] Sending to VStream was aborted!
[2026-04-15 17:58:18.174] [804525] [HailoRT] [info] [queue_elements.cpp:360] [execute_deactivate] enqueue() in element PushQEl8yolov11n/input_layer1 was aborted, got status = HAILO_SHUTDOWN_EVENT_SIGNALED(57)
[2026-04-15 17:58:18.174] [806197] [HailoRT] [info] [queue_elements.cpp:68] [operator()] Thread in element PushQEl8yolov11n/input_layer1 is not running anymore, exiting..
[2026-04-15 17:58:18.174] [804525] [HailoRT] [info] [queue_elements.cpp:46] [~BaseQueueElement] Queue element PushQEl8yolov11n/input_layer1 has 0 frames in his Queue on destruction
[2026-04-15 17:58:18.174] [806204] [HailoRT] [info] [queue_elements.cpp:68] [operator()] Thread in element UserBufQEl_post_infer0yolov11n/yolov8_nms_postprocess is not running anymore, exiting..
[2026-04-15 17:58:18.174] [804525] [HailoRT] [info] [queue_elements.cpp:46] [~BaseQueueElement] Queue element UserBufQEl_post_infer0yolov11n/yolov8_nms_postprocess has 0 frames in his Queue on destruction
[2026-04-15 17:58:18.174] [806203] [HailoRT] [info] [queue_elements.cpp:68] [operator()] Thread in element PullQEl_nms0yolov11n/conv80_143 is not running anymore, exiting..
[2026-04-15 17:58:18.174] [804525] [HailoRT] [info] [queue_elements.cpp:46] [~BaseQueueElement] Queue element PullQEl_nms0yolov11n/conv80_143 has 0 frames in his Queue on destruction
[2026-04-15 17:58:18.174] [806202] [HailoRT] [info] [queue_elements.cpp:68] [operator()] Thread in element PullQEl_nms1yolov11n/conv77_143 is not running anymore, exiting..
[2026-04-15 17:58:18.174] [804525] [HailoRT] [info] [queue_elements.cpp:46] [~BaseQueueElement] Queue element PullQEl_nms1yolov11n/conv77_143 has 0 frames in his Queue on destruction
[2026-04-15 17:58:18.174] [806201] [HailoRT] [info] [queue_elements.cpp:68] [operator()] Thread in element PullQEl_nms13yolov11n/conv65_143 is not running anymore, exiting..
[2026-04-15 17:58:18.174] [804525] [HailoRT] [info] [queue_elements.cpp:46] [~BaseQueueElement] Queue element PullQEl_nms13yolov11n/conv65_143 has 0 frames in his Queue on destruction
[2026-04-15 17:58:18.174] [806200] [HailoRT] [info] [queue_elements.cpp:68] [operator()] Thread in element PullQEl_nms15yolov11n/conv62_143 is not running anymore, exiting..
[2026-04-15 17:58:18.175] [804525] [HailoRT] [info] [queue_elements.cpp:46] [~BaseQueueElement] Queue element PullQEl_nms15yolov11n/conv62_143 has 0 frames in his Queue on destruction
[2026-04-15 17:58:18.175] [806199] [HailoRT] [info] [queue_elements.cpp:68] [operator()] Thread in element PullQEl_nms12yolov11n/conv54_143 is not running anymore, exiting..
[2026-04-15 17:58:18.175] [804525] [HailoRT] [info] [queue_elements.cpp:46] [~BaseQueueElement] Queue element PullQEl_nms12yolov11n/conv54_143 has 0 frames in his Queue on destruction
[2026-04-15 17:58:18.175] [806198] [HailoRT] [info] [queue_elements.cpp:68] [operator()] Thread in element PullQEl_nms3yolov11n/conv51_143 is not running anymore, exiting..
[2026-04-15 17:58:18.175] [804525] [HailoRT] [info] [queue_elements.cpp:46] [~BaseQueueElement] Queue element PullQEl_nms3yolov11n/conv51_143 has 0 frames in his Queue on destruction
[2026-04-15 17:58:18.175] [804525] [HailoRT] [info] [core_op.cpp:186] [deactivate] Deactivating took 0.00876 ms
[2026-04-15 17:58:18.175] [804525] [HailoRT] [info] [core_op.cpp:186] [deactivate] Deactivating took 0.017092 ms
[2026-04-15 17:58:28.511] [807116] [HailoRT] [info] [vdevice.cpp:535] [create] Creating vdevice with params: device_count: 1, scheduling_algorithm: NONE, multi_process_service: false
[2026-04-15 17:58:28.523] [807116] [HailoRT] [info] [device.cpp:51] [Device] OS Version: Linux 6.12.62+rpt-rpi-2712 #1 SMP PREEMPT Debian 1:6.12.62-1+rpt1 (2025-12-18) aarch64
[2026-04-15 17:58:28.524] [807116] [HailoRT] [info] [control.cpp:113] [control__parse_identify_results] firmware_version is: 4.23.0
[2026-04-15 17:58:28.524] [807116] [HailoRT] [info] [vdevice.cpp:682] [create] VDevice Infos: 0001:01:00.0
[2026-04-15 17:58:28.529] [807116] [HailoRT] [error] [resource_manager_builder.cpp:1321] [build] CHECK failed - Given batch size (64) for network group yolov11n, network yolov11n/yolov11n is bigger than max allowed (63)
[2026-04-15 17:58:28.529] [807116] [HailoRT] [error] [vdma_device.cpp:165] [create_configured_network_group] CHECK_SUCCESS failed with status=HAILO_INVALID_ARGUMENT(2)
[2026-04-15 17:58:28.529] [807116] [HailoRT] [error] [vdma_device.cpp:382] [create_networks_group_vector] CHECK_SUCCESS failed with status=HAILO_INVALID_ARGUMENT(2)
[2026-04-15 17:58:28.529] [807116] [HailoRT] [error] [vdma_device.cpp:144] [add_hef] CHECK_SUCCESS failed with status=HAILO_INVALID_ARGUMENT(2)
[2026-04-15 17:58:28.529] [807116] [HailoRT] [error] [device_internal.cpp:54] [configure] CHECK_SUCCESS failed with status=HAILO_INVALID_ARGUMENT(2)
[2026-04-15 17:58:28.529] [807116] [HailoRT] [error] [vdevice.cpp:939] [create_physical_core_op] CHECK_SUCCESS failed with status=HAILO_INVALID_ARGUMENT(2)
[2026-04-15 17:58:28.530] [807116] [HailoRT] [error] [vdevice.cpp:967] [create_vdevice_core_op] CHECK_SUCCESS failed with status=HAILO_INVALID_ARGUMENT(2)
[2026-04-15 17:58:28.530] [807116] [HailoRT] [error] [vdevice.cpp:749] [configure] CHECK_SUCCESS failed with status=HAILO_INVALID_ARGUMENT(2)
[2026-04-15 17:58:38.936] [807234] [HailoRT] [info] [vdevice.cpp:535] [create] Creating vdevice with params: device_count: 1, scheduling_algorithm: NONE, multi_process_service: false
[2026-04-15 17:58:38.948] [807234] [HailoRT] [info] [device.cpp:51] [Device] OS Version: Linux 6.12.62+rpt-rpi-2712 #1 SMP PREEMPT Debian 1:6.12.62-1+rpt1 (2025-12-18) aarch64
[2026-04-15 17:58:38.950] [807234] [HailoRT] [info] [control.cpp:113] [control__parse_identify_results] firmware_version is: 4.23.0
[2026-04-15 17:58:38.950] [807234] [HailoRT] [info] [vdevice.cpp:682] [create] VDevice Infos: 0001:01:00.0
[2026-04-15 17:58:38.956] [807234] [HailoRT] [error] [resource_manager_builder.cpp:1321] [build] CHECK failed - Given batch size (128) for network group yolov11n, network yolov11n/yolov11n is bigger than max allowed (63)
[2026-04-15 17:58:38.956] [807234] [HailoRT] [error] [vdma_device.cpp:165] [create_configured_network_group] CHECK_SUCCESS failed with status=HAILO_INVALID_ARGUMENT(2)
[2026-04-15 17:58:38.956] [807234] [HailoRT] [error] [vdma_device.cpp:382] [create_networks_group_vector] CHECK_SUCCESS failed with status=HAILO_INVALID_ARGUMENT(2)
[2026-04-15 17:58:38.956] [807234] [HailoRT] [error] [vdma_device.cpp:144] [add_hef] CHECK_SUCCESS failed with status=HAILO_INVALID_ARGUMENT(2)
[2026-04-15 17:58:38.957] [807234] [HailoRT] [error] [device_internal.cpp:54] [configure] CHECK_SUCCESS failed with status=HAILO_INVALID_ARGUMENT(2)
[2026-04-15 17:58:38.958] [807234] [HailoRT] [error] [vdevice.cpp:939] [create_physical_core_op] CHECK_SUCCESS failed with status=HAILO_INVALID_ARGUMENT(2)
[2026-04-15 17:58:38.959] [807234] [HailoRT] [error] [vdevice.cpp:967] [create_vdevice_core_op] CHECK_SUCCESS failed with status=HAILO_INVALID_ARGUMENT(2)
[2026-04-15 17:58:38.960] [807234] [HailoRT] [error] [vdevice.cpp:749] [configure] CHECK_SUCCESS failed with status=HAILO_INVALID_ARGUMENT(2)
[2026-04-15 18:10:15.616] [811635] [HailoRT] [info] [vdevice.cpp:535] [create] Creating vdevice with params: device_count: 1, scheduling_algorithm: NONE, multi_process_service: false
[2026-04-15 18:10:15.627] [811635] [HailoRT] [info] [device.cpp:51] [Device] OS Version: Linux 6.12.62+rpt-rpi-2712 #1 SMP PREEMPT Debian 1:6.12.62-1+rpt1 (2025-12-18) aarch64
[2026-04-15 18:10:15.628] [811635] [HailoRT] [info] [control.cpp:113] [control__parse_identify_results] firmware_version is: 4.23.0
[2026-04-15 18:10:15.628] [811635] [HailoRT] [info] [vdevice.cpp:682] [create] VDevice Infos: 0001:01:00.0
[2026-04-15 18:10:15.650] [811635] [HailoRT] [info] [internal_buffer_manager.cpp:77] [print_execution_results] Planned internal buffer memory: CMA=0 CMA-Desc=1507328 Pinned=47106560. memory to edge layer usage factor is 1
[2026-04-15 18:10:15.650] [811635] [HailoRT] [info] [internal_buffer_manager.cpp:86] [print_execution_results] Default Internal buffer planner executed successfully
[2026-04-15 18:10:15.737] [811635] [HailoRT] [info] [device_internal.cpp:57] [configure] Configuring HEF took 108.733358 milliseconds
[2026-04-15 18:10:15.737] [811635] [HailoRT] [info] [vdevice.cpp:780] [configure] Configuring HEF on VDevice took 109.112783 milliseconds
[2026-04-15 18:10:15.737] [811635] [HailoRT] [info] [control.cpp:113] [control__parse_identify_results] firmware_version is: 4.23.0
[2026-04-15 18:10:15.737] [811635] [HailoRT] [info] [control.cpp:113] [control__parse_identify_results] firmware_version is: 4.23.0
[2026-04-15 18:10:15.757] [811635] [HailoRT] [info] [core_op.cpp:156] [activate] Activating yolov11n took 19.121171 milliseconds. Note that the function is asynchronous and thus the network is not fully activated yet.
[2026-04-15 18:10:15.757] [811635] [HailoRT] [info] [core_op.cpp:156] [activate] Activating yolov11n took 19.168301 milliseconds. Note that the function is asynchronous and thus the network is not fully activated yet.
[2026-04-15 18:10:15.770] [811635] [HailoRT] [info] [control.cpp:113] [control__parse_identify_results] firmware_version is: 4.23.0
[2026-04-15 18:10:15.770] [811635] [HailoRT] [info] [control.cpp:113] [control__parse_identify_results] firmware_version is: 4.23.0
[2026-04-15 18:10:17.234] [811627] [HailoRT] [info] [device.cpp:51] [Device] OS Version: Linux 6.12.62+rpt-rpi-2712 #1 SMP PREEMPT Debian 1:6.12.62-1+rpt1 (2025-12-18) aarch64
[2026-04-15 18:10:17.235] [811627] [HailoRT] [info] [control.cpp:113] [control__parse_identify_results] firmware_version is: 4.23.0
[2026-04-15 18:10:17.239] [811627] [HailoRT] [info] [control.cpp:113] [control__parse_identify_results] firmware_version is: 4.23.0
[2026-04-15 18:11:15.771] [811650] [HailoRT] [info] [vdevice_native_stream.cpp:142] [write_impl] Failed write to stream yolov11n/input_layer1 (device: 0001:01:00.0) with status=HAILO_STREAM_ABORT(63)
[2026-04-15 18:11:15.771] [811648] [HailoRT] [info] [vdevice_native_stream.cpp:331] [read_impl] Failed read from stream HAILO_STREAM_ABORT(63) (device: 0001:01:00.0)
[2026-04-15 18:11:15.771] [811647] [HailoRT] [info] [vdevice_native_stream.cpp:331] [read_impl] Failed read from stream HAILO_STREAM_ABORT(63) (device: 0001:01:00.0)
[2026-04-15 18:11:15.771] [811649] [HailoRT] [info] [vdevice_native_stream.cpp:331] [read_impl] Failed read from stream HAILO_STREAM_ABORT(63) (device: 0001:01:00.0)
[2026-04-15 18:11:15.771] [811645] [HailoRT] [info] [vdevice_native_stream.cpp:331] [read_impl] Failed read from stream HAILO_STREAM_ABORT(63) (device: 0001:01:00.0)
[2026-04-15 18:11:15.771] [811644] [HailoRT] [info] [vdevice_native_stream.cpp:331] [read_impl] Failed read from stream HAILO_STREAM_ABORT(63) (device: 0001:01:00.0)
[2026-04-15 18:11:15.771] [811646] [HailoRT] [info] [vdevice_native_stream.cpp:331] [read_impl] Failed read from stream HAILO_STREAM_ABORT(63) (device: 0001:01:00.0)
[2026-04-15 18:11:15.779] [811635] [HailoRT] [info] [core_op.cpp:186] [deactivate] Deactivating took 0.016944 ms
[2026-04-15 18:11:15.779] [811635] [HailoRT] [info] [core_op.cpp:186] [deactivate] Deactivating took 0.039352 ms
[2026-04-15 18:11:15.848] [811635] [HailoRT] [info] [vdevice.cpp:535] [create] Creating vdevice with params: device_count: 1, scheduling_algorithm: NONE, multi_process_service: false
[2026-04-15 18:11:15.848] [811635] [HailoRT] [info] [device.cpp:51] [Device] OS Version: Linux 6.12.62+rpt-rpi-2712 #1 SMP PREEMPT Debian 1:6.12.62-1+rpt1 (2025-12-18) aarch64
[2026-04-15 18:11:15.848] [811635] [HailoRT] [info] [control.cpp:113] [control__parse_identify_results] firmware_version is: 4.23.0
[2026-04-15 18:11:15.848] [811635] [HailoRT] [info] [vdevice.cpp:682] [create] VDevice Infos: 0001:01:00.0
[2026-04-15 18:11:15.868] [811635] [HailoRT] [info] [internal_buffer_manager.cpp:77] [print_execution_results] Planned internal buffer memory: CMA=0 CMA-Desc=1507328 Pinned=47106560. memory to edge layer usage factor is 1
[2026-04-15 18:11:15.868] [811635] [HailoRT] [info] [internal_buffer_manager.cpp:86] [print_execution_results] Default Internal buffer planner executed successfully
[2026-04-15 18:11:15.961] [811635] [HailoRT] [info] [device_internal.cpp:57] [configure] Configuring HEF took 112.071455 milliseconds
[2026-04-15 18:11:15.961] [811635] [HailoRT] [info] [vdevice.cpp:780] [configure] Configuring HEF on VDevice took 112.440268 milliseconds
[2026-04-15 18:11:15.961] [811635] [HailoRT] [info] [control.cpp:113] [control__parse_identify_results] firmware_version is: 4.23.0
[2026-04-15 18:11:15.961] [811635] [HailoRT] [info] [control.cpp:113] [control__parse_identify_results] firmware_version is: 4.23.0
[2026-04-15 18:11:15.981] [811635] [HailoRT] [info] [core_op.cpp:156] [activate] Activating yolov11n took 19.021723 milliseconds. Note that the function is asynchronous and thus the network is not fully activated yet.
[2026-04-15 18:11:15.981] [811635] [HailoRT] [info] [core_op.cpp:156] [activate] Activating yolov11n took 19.046334 milliseconds. Note that the function is asynchronous and thus the network is not fully activated yet.
[2026-04-15 18:11:15.994] [811635] [HailoRT] [info] [control.cpp:113] [control__parse_identify_results] firmware_version is: 4.23.0
[2026-04-15 18:11:15.994] [811635] [HailoRT] [info] [control.cpp:113] [control__parse_identify_results] firmware_version is: 4.23.0
[2026-04-15 18:11:15.994] [811635] [HailoRT] [info] [edge_elements.cpp:52] [create] Created (HwWriteEl8yolov11n/input_layer1 | hw_frame_size: 1228800)
[2026-04-15 18:11:15.994] [811635] [HailoRT] [info] [queue_elements.cpp:284] [create] Created (PushQEl8yolov11n/input_layer1 | timeout: 10s)
[2026-04-15 18:11:15.994] [811635] [HailoRT] [info] [filter_elements.cpp:101] [create] Created (PreInferEl8yolov11n/input_layer1 | Reorder - src_order: NHWC, src_shape: (640, 640, 3), dst_order: NHCW, dst_shape: (640, 640, 3))
[2026-04-15 18:11:15.994] [811635] [HailoRT] [info] [vstream.cpp:754] [InputVStreamImpl] Creating yolov11n/input_layer1...
[2026-04-15 18:11:15.994] [811635] [HailoRT] [info] [vstream_builder.cpp:102] [create_inputs] Input pipeline 'yolov11n/input_layer1': (PreInferEl8yolov11n/input_layer1 | Reorder - src_order: NHWC, src_shape: (640, 640, 3), dst_order: NHCW, dst_shape: (640, 640, 3)) >> (PushQEl8yolov11n/input_layer1 | timeout: 10s) >> (HwWriteEl8yolov11n/input_layer1 | hw_frame_size: 1228800) >> HW
[2026-04-15 18:11:15.995] [811635] [HailoRT] [info] [multi_io_elements.cpp:135] [create] Created (NmsPPMuxEl0YOLOV8-Post-Process | Op YOLOV8, Name: YOLOV8-Post-Process, Score threshold: 0.200, IoU threshold: 0.70, Classes: 80, Max bboxes per class: 100, Image height: 640, Image width: 640)
[2026-04-15 18:11:15.995] [811635] [HailoRT] [info] [edge_elements.cpp:287] [create] Created (HwReadEl3yolov11n/conv51_143 | hw_frame_size: 409600)
[2026-04-15 18:11:15.995] [811635] [HailoRT] [info] [queue_elements.cpp:657] [create] Created (PullQEl_nms3yolov11n/conv51_143 | timeout: 10s)
[2026-04-15 18:11:15.995] [811635] [HailoRT] [info] [edge_elements.cpp:287] [create] Created (HwReadEl12yolov11n/conv54_143 | hw_frame_size: 512000)
[2026-04-15 18:11:15.995] [811635] [HailoRT] [info] [queue_elements.cpp:657] [create] Created (PullQEl_nms12yolov11n/conv54_143 | timeout: 10s)
[2026-04-15 18:11:15.995] [811635] [HailoRT] [info] [edge_elements.cpp:287] [create] Created (HwReadEl15yolov11n/conv62_143 | hw_frame_size: 102400)
[2026-04-15 18:11:15.995] [811635] [HailoRT] [info] [queue_elements.cpp:657] [create] Created (PullQEl_nms15yolov11n/conv62_143 | timeout: 10s)
[2026-04-15 18:11:15.995] [811635] [HailoRT] [info] [edge_elements.cpp:287] [create] Created (HwReadEl13yolov11n/conv65_143 | hw_frame_size: 128000)
[2026-04-15 18:11:15.995] [811635] [HailoRT] [info] [queue_elements.cpp:657] [create] Created (PullQEl_nms13yolov11n/conv65_143 | timeout: 10s)
[2026-04-15 18:11:15.995] [811635] [HailoRT] [info] [edge_elements.cpp:287] [create] Created (HwReadEl1yolov11n/conv77_143 | hw_frame_size: 30720)
[2026-04-15 18:11:15.995] [811635] [HailoRT] [info] [queue_elements.cpp:657] [create] Created (PullQEl_nms1yolov11n/conv77_143 | timeout: 10s)
[2026-04-15 18:11:15.995] [811635] [HailoRT] [info] [edge_elements.cpp:287] [create] Created (HwReadEl0yolov11n/conv80_143 | hw_frame_size: 38400)
[2026-04-15 18:11:15.995] [811635] [HailoRT] [info] [queue_elements.cpp:657] [create] Created (PullQEl_nms0yolov11n/conv80_143 | timeout: 10s)
[2026-04-15 18:11:15.995] [811635] [HailoRT] [info] [queue_elements.cpp:800] [create] Created (UserBufQEl_post_infer0yolov11n/yolov8_nms_postprocess | timeout: 10s)
[2026-04-15 18:11:15.995] [811635] [HailoRT] [info] [vstream.cpp:1114] [OutputVStreamImpl] Creating yolov11n/yolov8_nms_postprocess...
[2026-04-15 18:11:15.995] [811635] [HailoRT] [info] [vstream_builder.cpp:622] [create_output_post_process_nms] Output pipeline 'yolov11n/yolov8_nms_postprocess': HW >> (HwReadEl3yolov11n/conv51_143 | hw_frame_size: 409600) >> (PullQEl_nms3yolov11n/conv51_143) >> (HwReadEl12yolov11n/conv54_143 | hw_frame_size: 512000) >> (PullQEl_nms12yolov11n/conv54_143) >> (HwReadEl15yolov11n/conv62_143 | hw_frame_size: 102400) >> (PullQEl_nms15yolov11n/conv62_143) >> (HwReadEl13yolov11n/conv65_143 | hw_frame_size: 128000) >> (PullQEl_nms13yolov11n/conv65_143) >> (HwReadEl1yolov11n/conv77_143 | hw_frame_size: 30720) >> (PullQEl_nms1yolov11n/conv77_143) >> (HwReadEl0yolov11n/conv80_143 | hw_frame_size: 38400) >> (PullQEl_nms0yolov11n/conv80_143) >> (NmsPPMuxEl0YOLOV8-Post-Process | Op YOLOV8, Name: YOLOV8-Post-Process, Score threshold: 0.200, IoU threshold: 0.70, Classes: 80, Max bboxes per class: 100, Image height: 640, Image width: 640) >> (UserBufQEl_post_infer0yolov11n/yolov8_nms_postprocess | timeout: 10s)
[2026-04-15 18:12:15.996] [812508] [HailoRT] [info] [vdevice_native_stream.cpp:142] [write_impl] Failed write to stream yolov11n/input_layer1 (device: 0001:01:00.0) with status=HAILO_STREAM_ABORT(63)
[2026-04-15 18:12:15.996] [812514] [HailoRT] [info] [vdevice_native_stream.cpp:331] [read_impl] Failed read from stream HAILO_STREAM_ABORT(63) (device: 0001:01:00.0)
[2026-04-15 18:12:15.996] [812514] [HailoRT] [info] [edge_elements.cpp:396] [run_pull] Reading from stream was aborted!
[2026-04-15 18:12:15.996] [812508] [HailoRT] [info] [edge_elements.cpp:87] [run_push] Failed to send on input stream InputStream(index=8, name=yolov11n/input_layer1) because stream was aborted
[2026-04-15 18:12:15.996] [812508] [HailoRT] [info] [queue_elements.cpp:401] [run_in_thread] run_push of PushQEl8yolov11n/input_layer1 was aborted!
[2026-04-15 18:12:15.996] [812514] [HailoRT] [info] [queue_elements.cpp:738] [run_in_thread] run_pull of queue element PullQEl_nms0yolov11n/conv80_143 was aborted!
[2026-04-15 18:12:15.996] [812511] [HailoRT] [info] [vdevice_native_stream.cpp:331] [read_impl] Failed read from stream HAILO_STREAM_ABORT(63) (device: 0001:01:00.0)
[2026-04-15 18:12:15.996] [812511] [HailoRT] [info] [edge_elements.cpp:396] [run_pull] Reading from stream was aborted!
[2026-04-15 18:12:15.996] [812511] [HailoRT] [info] [queue_elements.cpp:738] [run_in_thread] run_pull of queue element PullQEl_nms15yolov11n/conv62_143 was aborted!
[2026-04-15 18:12:15.996] [812509] [HailoRT] [info] [vdevice_native_stream.cpp:331] [read_impl] Failed read from stream HAILO_STREAM_ABORT(63) (device: 0001:01:00.0)
[2026-04-15 18:12:15.996] [812509] [HailoRT] [info] [edge_elements.cpp:396] [run_pull] Reading from stream was aborted!
[2026-04-15 18:12:15.996] [812512] [HailoRT] [info] [vdevice_native_stream.cpp:331] [read_impl] Failed read from stream HAILO_STREAM_ABORT(63) (device: 0001:01:00.0)
[2026-04-15 18:12:15.996] [812512] [HailoRT] [info] [edge_elements.cpp:396] [run_pull] Reading from stream was aborted!
[2026-04-15 18:12:15.996] [812509] [HailoRT] [info] [queue_elements.cpp:738] [run_in_thread] run_pull of queue element PullQEl_nms3yolov11n/conv51_143 was aborted!
[2026-04-15 18:12:15.996] [812512] [HailoRT] [info] [queue_elements.cpp:738] [run_in_thread] run_pull of queue element PullQEl_nms13yolov11n/conv65_143 was aborted!
[2026-04-15 18:12:15.996] [812513] [HailoRT] [info] [vdevice_native_stream.cpp:331] [read_impl] Failed read from stream HAILO_STREAM_ABORT(63) (device: 0001:01:00.0)
[2026-04-15 18:12:15.996] [812513] [HailoRT] [info] [edge_elements.cpp:396] [run_pull] Reading from stream was aborted!
[2026-04-15 18:12:15.996] [812518] [HailoRT] [info] [queue_elements.cpp:706] [run_pull] Shutdown event was signaled in dequeue of queue element PullQEl_nms3yolov11n/conv51_143!
[2026-04-15 18:12:15.996] [812513] [HailoRT] [info] [queue_elements.cpp:738] [run_in_thread] run_pull of queue element PullQEl_nms1yolov11n/conv77_143 was aborted!
[2026-04-15 18:12:15.996] [812518] [HailoRT] [info] [vstream.cpp:1138] [read] Receiving to VStream was shutdown!
[2026-04-15 18:12:15.996] [812510] [HailoRT] [info] [vdevice_native_stream.cpp:331] [read_impl] Failed read from stream HAILO_STREAM_ABORT(63) (device: 0001:01:00.0)
[2026-04-15 18:12:15.996] [812510] [HailoRT] [info] [edge_elements.cpp:396] [run_pull] Reading from stream was aborted!
[2026-04-15 18:12:15.996] [812510] [HailoRT] [info] [queue_elements.cpp:738] [run_in_thread] run_pull of queue element PullQEl_nms12yolov11n/conv54_143 was aborted!
[2026-04-15 18:12:15.996] [812519] [HailoRT] [info] [queue_elements.cpp:319] [run_push] run_push of PushQEl8yolov11n/input_layer1 was aborted!
[2026-04-15 18:12:15.996] [812519] [HailoRT] [info] [filter_elements.cpp:35] [run_push] run_push of PreInferEl8yolov11n/input_layer1 was aborted!
[2026-04-15 18:12:15.996] [812519] [HailoRT] [info] [vstream.cpp:778] [write] Sending to VStream was aborted!
[2026-04-15 18:12:16.004] [811635] [HailoRT] [info] [queue_elements.cpp:360] [execute_deactivate] enqueue() in element PushQEl8yolov11n/input_layer1 was aborted, got status = HAILO_SHUTDOWN_EVENT_SIGNALED(57)
[2026-04-15 18:12:16.004] [812508] [HailoRT] [info] [queue_elements.cpp:68] [operator()] Thread in element PushQEl8yolov11n/input_layer1 is not running anymore, exiting..
[2026-04-15 18:12:16.005] [811635] [HailoRT] [info] [queue_elements.cpp:46] [~BaseQueueElement] Queue element PushQEl8yolov11n/input_layer1 has 0 frames in his Queue on destruction
[2026-04-15 18:12:16.005] [812515] [HailoRT] [info] [queue_elements.cpp:68] [operator()] Thread in element UserBufQEl_post_infer0yolov11n/yolov8_nms_postprocess is not running anymore, exiting..
[2026-04-15 18:12:16.005] [811635] [HailoRT] [info] [queue_elements.cpp:46] [~BaseQueueElement] Queue element UserBufQEl_post_infer0yolov11n/yolov8_nms_postprocess has 0 frames in his Queue on destruction
[2026-04-15 18:12:16.005] [812514] [HailoRT] [info] [queue_elements.cpp:68] [operator()] Thread in element PullQEl_nms0yolov11n/conv80_143 is not running anymore, exiting..
[2026-04-15 18:12:16.005] [811635] [HailoRT] [info] [queue_elements.cpp:46] [~BaseQueueElement] Queue element PullQEl_nms0yolov11n/conv80_143 has 0 frames in his Queue on destruction
[2026-04-15 18:12:16.005] [812513] [HailoRT] [info] [queue_elements.cpp:68] [operator()] Thread in element PullQEl_nms1yolov11n/conv77_143 is not running anymore, exiting..
[2026-04-15 18:12:16.005] [811635] [HailoRT] [info] [queue_elements.cpp:46] [~BaseQueueElement] Queue element PullQEl_nms1yolov11n/conv77_143 has 0 frames in his Queue on destruction
[2026-04-15 18:12:16.005] [812512] [HailoRT] [info] [queue_elements.cpp:68] [operator()] Thread in element PullQEl_nms13yolov11n/conv65_143 is not running anymore, exiting..
[2026-04-15 18:12:16.005] [811635] [HailoRT] [info] [queue_elements.cpp:46] [~BaseQueueElement] Queue element PullQEl_nms13yolov11n/conv65_143 has 0 frames in his Queue on destruction
[2026-04-15 18:12:16.005] [812511] [HailoRT] [info] [queue_elements.cpp:68] [operator()] Thread in element PullQEl_nms15yolov11n/conv62_143 is not running anymore, exiting..
[2026-04-15 18:12:16.005] [811635] [HailoRT] [info] [queue_elements.cpp:46] [~BaseQueueElement] Queue element PullQEl_nms15yolov11n/conv62_143 has 0 frames in his Queue on destruction
[2026-04-15 18:12:16.005] [812510] [HailoRT] [info] [queue_elements.cpp:68] [operator()] Thread in element PullQEl_nms12yolov11n/conv54_143 is not running anymore, exiting..
[2026-04-15 18:12:16.005] [811635] [HailoRT] [info] [queue_elements.cpp:46] [~BaseQueueElement] Queue element PullQEl_nms12yolov11n/conv54_143 has 0 frames in his Queue on destruction
[2026-04-15 18:12:16.005] [812509] [HailoRT] [info] [queue_elements.cpp:68] [operator()] Thread in element PullQEl_nms3yolov11n/conv51_143 is not running anymore, exiting..
[2026-04-15 18:12:16.005] [811635] [HailoRT] [info] [queue_elements.cpp:46] [~BaseQueueElement] Queue element PullQEl_nms3yolov11n/conv51_143 has 0 frames in his Queue on destruction
[2026-04-15 18:12:16.005] [811635] [HailoRT] [info] [core_op.cpp:186] [deactivate] Deactivating took 0.007852 ms
[2026-04-15 18:12:16.005] [811635] [HailoRT] [info] [core_op.cpp:186] [deactivate] Deactivating took 0.017796 ms
[2026-04-15 18:12:16.064] [811635] [HailoRT] [info] [vdevice.cpp:535] [create] Creating vdevice with params: device_count: 1, scheduling_algorithm: NONE, multi_process_service: false
[2026-04-15 18:12:16.064] [811635] [HailoRT] [info] [device.cpp:51] [Device] OS Version: Linux 6.12.62+rpt-rpi-2712 #1 SMP PREEMPT Debian 1:6.12.62-1+rpt1 (2025-12-18) aarch64
[2026-04-15 18:12:16.065] [811635] [HailoRT] [info] [control.cpp:113] [control__parse_identify_results] firmware_version is: 4.23.0
[2026-04-15 18:12:16.065] [811635] [HailoRT] [info] [vdevice.cpp:682] [create] VDevice Infos: 0001:01:00.0
[2026-04-15 18:12:16.083] [811635] [HailoRT] [info] [internal_buffer_manager.cpp:77] [print_execution_results] Planned internal buffer memory: CMA=0 CMA-Desc=1507328 Pinned=47106560. memory to edge layer usage factor is 1
[2026-04-15 18:12:16.083] [811635] [HailoRT] [info] [internal_buffer_manager.cpp:86] [print_execution_results] Default Internal buffer planner executed successfully
[2026-04-15 18:12:16.179] [811635] [HailoRT] [info] [device_internal.cpp:57] [configure] Configuring HEF took 114.236092 milliseconds
[2026-04-15 18:12:16.179] [811635] [HailoRT] [info] [vdevice.cpp:780] [configure] Configuring HEF on VDevice took 114.637665 milliseconds
[2026-04-15 18:12:16.180] [811635] [HailoRT] [info] [control.cpp:113] [control__parse_identify_results] firmware_version is: 4.23.0
[2026-04-15 18:12:16.180] [811635] [HailoRT] [info] [control.cpp:113] [control__parse_identify_results] firmware_version is: 4.23.0
[2026-04-15 18:12:16.198] [811635] [HailoRT] [info] [core_op.cpp:156] [activate] Activating yolov11n took 17.849741 milliseconds. Note that the function is asynchronous and thus the network is not fully activated yet.
[2026-04-15 18:12:16.198] [811635] [HailoRT] [info] [core_op.cpp:156] [activate] Activating yolov11n took 17.87337 milliseconds. Note that the function is asynchronous and thus the network is not fully activated yet.
[2026-04-15 18:12:16.212] [811635] [HailoRT] [info] [control.cpp:113] [control__parse_identify_results] firmware_version is: 4.23.0
[2026-04-15 18:12:16.212] [811635] [HailoRT] [info] [control.cpp:113] [control__parse_identify_results] firmware_version is: 4.23.0
[2026-04-15 18:12:16.212] [811635] [HailoRT] [info] [edge_elements.cpp:52] [create] Created (HwWriteEl8yolov11n/input_layer1 | hw_frame_size: 1228800)
[2026-04-15 18:12:16.212] [811635] [HailoRT] [info] [queue_elements.cpp:284] [create] Created (PushQEl8yolov11n/input_layer1 | timeout: 10s)
[2026-04-15 18:12:16.212] [811635] [HailoRT] [info] [filter_elements.cpp:101] [create] Created (PreInferEl8yolov11n/input_layer1 | Reorder - src_order: NHWC, src_shape: (640, 640, 3), dst_order: NHCW, dst_shape: (640, 640, 3))
[2026-04-15 18:12:16.212] [811635] [HailoRT] [info] [vstream.cpp:754] [InputVStreamImpl] Creating yolov11n/input_layer1...
[2026-04-15 18:12:16.212] [811635] [HailoRT] [info] [vstream_builder.cpp:102] [create_inputs] Input pipeline 'yolov11n/input_layer1': (PreInferEl8yolov11n/input_layer1 | Reorder - src_order: NHWC, src_shape: (640, 640, 3), dst_order: NHCW, dst_shape: (640, 640, 3)) >> (PushQEl8yolov11n/input_layer1 | timeout: 10s) >> (HwWriteEl8yolov11n/input_layer1 | hw_frame_size: 1228800) >> HW
[2026-04-15 18:12:16.212] [811635] [HailoRT] [info] [multi_io_elements.cpp:135] [create] Created (NmsPPMuxEl0YOLOV8-Post-Process | Op YOLOV8, Name: YOLOV8-Post-Process, Score threshold: 0.200, IoU threshold: 0.70, Classes: 80, Max bboxes per class: 100, Image height: 640, Image width: 640)
[2026-04-15 18:12:16.212] [811635] [HailoRT] [info] [edge_elements.cpp:287] [create] Created (HwReadEl3yolov11n/conv51_143 | hw_frame_size: 409600)
[2026-04-15 18:12:16.212] [811635] [HailoRT] [info] [queue_elements.cpp:657] [create] Created (PullQEl_nms3yolov11n/conv51_143 | timeout: 10s)
[2026-04-15 18:12:16.213] [811635] [HailoRT] [info] [edge_elements.cpp:287] [create] Created (HwReadEl12yolov11n/conv54_143 | hw_frame_size: 512000)
[2026-04-15 18:12:16.213] [811635] [HailoRT] [info] [queue_elements.cpp:657] [create] Created (PullQEl_nms12yolov11n/conv54_143 | timeout: 10s)
[2026-04-15 18:12:16.213] [811635] [HailoRT] [info] [edge_elements.cpp:287] [create] Created (HwReadEl15yolov11n/conv62_143 | hw_frame_size: 102400)
[2026-04-15 18:12:16.213] [811635] [HailoRT] [info] [queue_elements.cpp:657] [create] Created (PullQEl_nms15yolov11n/conv62_143 | timeout: 10s)
[2026-04-15 18:12:16.213] [811635] [HailoRT] [info] [edge_elements.cpp:287] [create] Created (HwReadEl13yolov11n/conv65_143 | hw_frame_size: 128000)
[2026-04-15 18:12:16.213] [811635] [HailoRT] [info] [queue_elements.cpp:657] [create] Created (PullQEl_nms13yolov11n/conv65_143 | timeout: 10s)
[2026-04-15 18:12:16.213] [811635] [HailoRT] [info] [edge_elements.cpp:287] [create] Created (HwReadEl1yolov11n/conv77_143 | hw_frame_size: 30720)
[2026-04-15 18:12:16.213] [811635] [HailoRT] [info] [queue_elements.cpp:657] [create] Created (PullQEl_nms1yolov11n/conv77_143 | timeout: 10s)
[2026-04-15 18:12:16.213] [811635] [HailoRT] [info] [edge_elements.cpp:287] [create] Created (HwReadEl0yolov11n/conv80_143 | hw_frame_size: 38400)
[2026-04-15 18:12:16.213] [811635] [HailoRT] [info] [queue_elements.cpp:657] [create] Created (PullQEl_nms0yolov11n/conv80_143 | timeout: 10s)
[2026-04-15 18:12:16.213] [811635] [HailoRT] [info] [queue_elements.cpp:800] [create] Created (UserBufQEl_post_infer0yolov11n/yolov8_nms_postprocess | timeout: 10s)
[2026-04-15 18:12:16.213] [811635] [HailoRT] [info] [vstream.cpp:1114] [OutputVStreamImpl] Creating yolov11n/yolov8_nms_postprocess...
[2026-04-15 18:12:16.213] [811635] [HailoRT] [info] [vstream_builder.cpp:622] [create_output_post_process_nms] Output pipeline 'yolov11n/yolov8_nms_postprocess': HW >> (HwReadEl3yolov11n/conv51_143 | hw_frame_size: 409600) >> (PullQEl_nms3yolov11n/conv51_143) >> (HwReadEl12yolov11n/conv54_143 | hw_frame_size: 512000) >> (PullQEl_nms12yolov11n/conv54_143) >> (HwReadEl15yolov11n/conv62_143 | hw_frame_size: 102400) >> (PullQEl_nms15yolov11n/conv62_143) >> (HwReadEl13yolov11n/conv65_143 | hw_frame_size: 128000) >> (PullQEl_nms13yolov11n/conv65_143) >> (HwReadEl1yolov11n/conv77_143 | hw_frame_size: 30720) >> (PullQEl_nms1yolov11n/conv77_143) >> (HwReadEl0yolov11n/conv80_143 | hw_frame_size: 38400) >> (PullQEl_nms0yolov11n/conv80_143) >> (NmsPPMuxEl0YOLOV8-Post-Process | Op YOLOV8, Name: YOLOV8-Post-Process, Score threshold: 0.200, IoU threshold: 0.70, Classes: 80, Max bboxes per class: 100, Image height: 640, Image width: 640) >> (UserBufQEl_post_infer0yolov11n/yolov8_nms_postprocess | timeout: 10s)
[2026-04-15 18:13:16.214] [813368] [HailoRT] [info] [vdevice_native_stream.cpp:331] [read_impl] Failed read from stream HAILO_STREAM_ABORT(63) (device: 0001:01:00.0)
[2026-04-15 18:13:16.214] [813370] [HailoRT] [info] [vdevice_native_stream.cpp:331] [read_impl] Failed read from stream HAILO_STREAM_ABORT(63) (device: 0001:01:00.0)
[2026-04-15 18:13:16.214] [813370] [HailoRT] [info] [edge_elements.cpp:396] [run_pull] Reading from stream was aborted!
[2026-04-15 18:13:16.214] [813369] [HailoRT] [info] [vdevice_native_stream.cpp:331] [read_impl] Failed read from stream HAILO_STREAM_ABORT(63) (device: 0001:01:00.0)
[2026-04-15 18:13:16.214] [813369] [HailoRT] [info] [edge_elements.cpp:396] [run_pull] Reading from stream was aborted!
[2026-04-15 18:13:16.214] [813369] [HailoRT] [info] [queue_elements.cpp:738] [run_in_thread] run_pull of queue element PullQEl_nms12yolov11n/conv54_143 was aborted!
[2026-04-15 18:13:16.214] [813370] [HailoRT] [info] [queue_elements.cpp:738] [run_in_thread] run_pull of queue element PullQEl_nms15yolov11n/conv62_143 was aborted!
[2026-04-15 18:13:16.214] [813368] [HailoRT] [info] [edge_elements.cpp:396] [run_pull] Reading from stream was aborted!
[2026-04-15 18:13:16.214] [813368] [HailoRT] [info] [queue_elements.cpp:738] [run_in_thread] run_pull of queue element PullQEl_nms3yolov11n/conv51_143 was aborted!
[2026-04-15 18:13:16.214] [813377] [HailoRT] [info] [queue_elements.cpp:706] [run_pull] Shutdown event was signaled in dequeue of queue element PullQEl_nms3yolov11n/conv51_143!
[2026-04-15 18:13:16.214] [813377] [HailoRT] [info] [vstream.cpp:1138] [read] Receiving to VStream was shutdown!
[2026-04-15 18:13:16.214] [813373] [HailoRT] [info] [vdevice_native_stream.cpp:331] [read_impl] Failed read from stream HAILO_STREAM_ABORT(63) (device: 0001:01:00.0)
[2026-04-15 18:13:16.214] [813373] [HailoRT] [info] [edge_elements.cpp:396] [run_pull] Reading from stream was aborted!
[2026-04-15 18:13:16.214] [813373] [HailoRT] [info] [queue_elements.cpp:738] [run_in_thread] run_pull of queue element PullQEl_nms0yolov11n/conv80_143 was aborted!
[2026-04-15 18:13:16.214] [813372] [HailoRT] [info] [vdevice_native_stream.cpp:331] [read_impl] Failed read from stream HAILO_STREAM_ABORT(63) (device: 0001:01:00.0)
[2026-04-15 18:13:16.214] [813372] [HailoRT] [info] [edge_elements.cpp:396] [run_pull] Reading from stream was aborted!
[2026-04-15 18:13:16.214] [813372] [HailoRT] [info] [queue_elements.cpp:738] [run_in_thread] run_pull of queue element PullQEl_nms1yolov11n/conv77_143 was aborted!
[2026-04-15 18:13:16.214] [813371] [HailoRT] [info] [vdevice_native_stream.cpp:331] [read_impl] Failed read from stream HAILO_STREAM_ABORT(63) (device: 0001:01:00.0)
[2026-04-15 18:13:16.214] [813371] [HailoRT] [info] [edge_elements.cpp:396] [run_pull] Reading from stream was aborted!
[2026-04-15 18:13:16.214] [813371] [HailoRT] [info] [queue_elements.cpp:738] [run_in_thread] run_pull of queue element PullQEl_nms13yolov11n/conv65_143 was aborted!
[2026-04-15 18:13:16.215] [813367] [HailoRT] [info] [vdevice_native_stream.cpp:142] [write_impl] Failed write to stream yolov11n/input_layer1 (device: 0001:01:00.0) with status=HAILO_STREAM_ABORT(63)
[2026-04-15 18:13:16.215] [813367] [HailoRT] [info] [edge_elements.cpp:87] [run_push] Failed to send on input stream InputStream(index=8, name=yolov11n/input_layer1) because stream was aborted
[2026-04-15 18:13:16.215] [813367] [HailoRT] [info] [queue_elements.cpp:401] [run_in_thread] run_push of PushQEl8yolov11n/input_layer1 was aborted!
[2026-04-15 18:13:16.216] [813378] [HailoRT] [info] [queue_elements.cpp:319] [run_push] run_push of PushQEl8yolov11n/input_layer1 was aborted!
[2026-04-15 18:13:16.216] [813378] [HailoRT] [info] [filter_elements.cpp:35] [run_push] run_push of PreInferEl8yolov11n/input_layer1 was aborted!
[2026-04-15 18:13:16.216] [813378] [HailoRT] [info] [vstream.cpp:778] [write] Sending to VStream was aborted!
[2026-04-15 18:13:16.221] [811635] [HailoRT] [info] [queue_elements.cpp:360] [execute_deactivate] enqueue() in element PushQEl8yolov11n/input_layer1 was aborted, got status = HAILO_SHUTDOWN_EVENT_SIGNALED(57)
[2026-04-15 18:13:16.221] [813367] [HailoRT] [info] [queue_elements.cpp:68] [operator()] Thread in element PushQEl8yolov11n/input_layer1 is not running anymore, exiting..
[2026-04-15 18:13:16.221] [811635] [HailoRT] [info] [queue_elements.cpp:46] [~BaseQueueElement] Queue element PushQEl8yolov11n/input_layer1 has 0 frames in his Queue on destruction
[2026-04-15 18:13:16.221] [813374] [HailoRT] [info] [queue_elements.cpp:68] [operator()] Thread in element UserBufQEl_post_infer0yolov11n/yolov8_nms_postprocess is not running anymore, exiting..
[2026-04-15 18:13:16.221] [811635] [HailoRT] [info] [queue_elements.cpp:46] [~BaseQueueElement] Queue element UserBufQEl_post_infer0yolov11n/yolov8_nms_postprocess has 0 frames in his Queue on destruction
[2026-04-15 18:13:16.221] [813373] [HailoRT] [info] [queue_elements.cpp:68] [operator()] Thread in element PullQEl_nms0yolov11n/conv80_143 is not running anymore, exiting..
[2026-04-15 18:13:16.221] [811635] [HailoRT] [info] [queue_elements.cpp:46] [~BaseQueueElement] Queue element PullQEl_nms0yolov11n/conv80_143 has 1 frames in his Queue on destruction
[2026-04-15 18:13:16.221] [813372] [HailoRT] [info] [queue_elements.cpp:68] [operator()] Thread in element PullQEl_nms1yolov11n/conv77_143 is not running anymore, exiting..
[2026-04-15 18:13:16.221] [811635] [HailoRT] [info] [queue_elements.cpp:46] [~BaseQueueElement] Queue element PullQEl_nms1yolov11n/conv77_143 has 1 frames in his Queue on destruction
[2026-04-15 18:13:16.221] [813371] [HailoRT] [info] [queue_elements.cpp:68] [operator()] Thread in element PullQEl_nms13yolov11n/conv65_143 is not running anymore, exiting..
[2026-04-15 18:13:16.221] [811635] [HailoRT] [info] [queue_elements.cpp:46] [~BaseQueueElement] Queue element PullQEl_nms13yolov11n/conv65_143 has 1 frames in his Queue on destruction
[2026-04-15 18:13:16.221] [813370] [HailoRT] [info] [queue_elements.cpp:68] [operator()] Thread in element PullQEl_nms15yolov11n/conv62_143 is not running anymore, exiting..
[2026-04-15 18:13:16.221] [811635] [HailoRT] [info] [queue_elements.cpp:46] [~BaseQueueElement] Queue element PullQEl_nms15yolov11n/conv62_143 has 1 frames in his Queue on destruction
[2026-04-15 18:13:16.221] [813369] [HailoRT] [info] [queue_elements.cpp:68] [operator()] Thread in element PullQEl_nms12yolov11n/conv54_143 is not running anymore, exiting..
[2026-04-15 18:13:16.221] [811635] [HailoRT] [info] [queue_elements.cpp:46] [~BaseQueueElement] Queue element PullQEl_nms12yolov11n/conv54_143 has 1 frames in his Queue on destruction
[2026-04-15 18:13:16.221] [813368] [HailoRT] [info] [queue_elements.cpp:68] [operator()] Thread in element PullQEl_nms3yolov11n/conv51_143 is not running anymore, exiting..
[2026-04-15 18:13:16.221] [811635] [HailoRT] [info] [queue_elements.cpp:46] [~BaseQueueElement] Queue element PullQEl_nms3yolov11n/conv51_143 has 1 frames in his Queue on destruction
[2026-04-15 18:13:16.221] [811635] [HailoRT] [info] [core_op.cpp:186] [deactivate] Deactivating took 0.008074 ms
[2026-04-15 18:13:16.221] [811635] [HailoRT] [info] [core_op.cpp:186] [deactivate] Deactivating took 0.016426 ms
[2026-04-15 18:13:26.553] [814294] [HailoRT] [info] [vdevice.cpp:535] [create] Creating vdevice with params: device_count: 1, scheduling_algorithm: NONE, multi_process_service: false
[2026-04-15 18:13:26.564] [814294] [HailoRT] [info] [device.cpp:51] [Device] OS Version: Linux 6.12.62+rpt-rpi-2712 #1 SMP PREEMPT Debian 1:6.12.62-1+rpt1 (2025-12-18) aarch64
[2026-04-15 18:13:26.564] [814294] [HailoRT] [info] [control.cpp:113] [control__parse_identify_results] firmware_version is: 4.23.0
[2026-04-15 18:13:26.564] [814294] [HailoRT] [info] [vdevice.cpp:682] [create] VDevice Infos: 0001:01:00.0
[2026-04-15 18:13:26.572] [814294] [HailoRT] [warning] [buffer_requirements.cpp:131] [get_buffer_requirements_multiple_transfers] Desc page size value (1024) is not optimal for performance.
[2026-04-15 18:13:26.594] [814294] [HailoRT] [info] [internal_buffer_manager.cpp:77] [print_execution_results] Planned internal buffer memory: CMA=0 CMA-Desc=1376256 Pinned=56527872. memory to edge layer usage factor is 1
[2026-04-15 18:13:26.594] [814294] [HailoRT] [info] [internal_buffer_manager.cpp:86] [print_execution_results] Default Internal buffer planner executed successfully
[2026-04-15 18:13:26.711] [814294] [HailoRT] [info] [device_internal.cpp:57] [configure] Configuring HEF took 146.714388 milliseconds
[2026-04-15 18:13:26.711] [814294] [HailoRT] [info] [vdevice.cpp:780] [configure] Configuring HEF on VDevice took 147.143943 milliseconds
[2026-04-15 18:13:26.712] [814294] [HailoRT] [info] [control.cpp:113] [control__parse_identify_results] firmware_version is: 4.23.0
[2026-04-15 18:13:26.712] [814294] [HailoRT] [info] [control.cpp:113] [control__parse_identify_results] firmware_version is: 4.23.0
[2026-04-15 18:13:26.746] [814294] [HailoRT] [info] [core_op.cpp:156] [activate] Activating yolov11n took 33.867259 milliseconds. Note that the function is asynchronous and thus the network is not fully activated yet.
[2026-04-15 18:13:26.746] [814294] [HailoRT] [info] [core_op.cpp:156] [activate] Activating yolov11n took 33.897778 milliseconds. Note that the function is asynchronous and thus the network is not fully activated yet.
[2026-04-15 18:13:26.759] [814294] [HailoRT] [info] [control.cpp:113] [control__parse_identify_results] firmware_version is: 4.23.0
[2026-04-15 18:13:26.759] [814294] [HailoRT] [info] [control.cpp:113] [control__parse_identify_results] firmware_version is: 4.23.0
[2026-04-15 18:13:27.980] [814286] [HailoRT] [info] [device.cpp:51] [Device] OS Version: Linux 6.12.62+rpt-rpi-2712 #1 SMP PREEMPT Debian 1:6.12.62-1+rpt1 (2025-12-18) aarch64
[2026-04-15 18:13:27.981] [814286] [HailoRT] [info] [control.cpp:113] [control__parse_identify_results] firmware_version is: 4.23.0
[2026-04-15 18:13:27.981] [814286] [HailoRT] [info] [control.cpp:113] [control__parse_identify_results] firmware_version is: 4.23.0
[2026-04-15 18:14:26.760] [814309] [HailoRT] [info] [vdevice_native_stream.cpp:142] [write_impl] Failed write to stream yolov11n/input_layer1 (device: 0001:01:00.0) with status=HAILO_STREAM_ABORT(63)
[2026-04-15 18:14:26.760] [814304] [HailoRT] [info] [vdevice_native_stream.cpp:331] [read_impl] Failed read from stream HAILO_STREAM_ABORT(63) (device: 0001:01:00.0)
[2026-04-15 18:14:26.760] [814305] [HailoRT] [info] [vdevice_native_stream.cpp:331] [read_impl] Failed read from stream HAILO_STREAM_ABORT(63) (device: 0001:01:00.0)
[2026-04-15 18:14:26.760] [814307] [HailoRT] [info] [vdevice_native_stream.cpp:331] [read_impl] Failed read from stream HAILO_STREAM_ABORT(63) (device: 0001:01:00.0)
[2026-04-15 18:14:26.760] [814308] [HailoRT] [info] [vdevice_native_stream.cpp:331] [read_impl] Failed read from stream HAILO_STREAM_ABORT(63) (device: 0001:01:00.0)
[2026-04-15 18:14:26.760] [814306] [HailoRT] [info] [vdevice_native_stream.cpp:331] [read_impl] Failed read from stream HAILO_STREAM_ABORT(63) (device: 0001:01:00.0)
[2026-04-15 18:14:26.760] [814303] [HailoRT] [info] [vdevice_native_stream.cpp:331] [read_impl] Failed read from stream HAILO_STREAM_ABORT(63) (device: 0001:01:00.0)
[2026-04-15 18:14:26.806] [814294] [HailoRT] [info] [core_op.cpp:186] [deactivate] Deactivating took 0.015778 ms
[2026-04-15 18:14:26.806] [814294] [HailoRT] [info] [core_op.cpp:186] [deactivate] Deactivating took 0.046797 ms
[2026-04-15 18:14:26.853] [814294] [HailoRT] [info] [vdevice.cpp:535] [create] Creating vdevice with params: device_count: 1, scheduling_algorithm: NONE, multi_process_service: false
[2026-04-15 18:14:26.853] [814294] [HailoRT] [info] [device.cpp:51] [Device] OS Version: Linux 6.12.62+rpt-rpi-2712 #1 SMP PREEMPT Debian 1:6.12.62-1+rpt1 (2025-12-18) aarch64
[2026-04-15 18:14:26.854] [814294] [HailoRT] [info] [control.cpp:113] [control__parse_identify_results] firmware_version is: 4.23.0
[2026-04-15 18:14:26.854] [814294] [HailoRT] [info] [vdevice.cpp:682] [create] VDevice Infos: 0001:01:00.0
[2026-04-15 18:14:26.864] [814294] [HailoRT] [warning] [buffer_requirements.cpp:131] [get_buffer_requirements_multiple_transfers] Desc page size value (1024) is not optimal for performance.
[2026-04-15 18:14:26.880] [814294] [HailoRT] [info] [internal_buffer_manager.cpp:77] [print_execution_results] Planned internal buffer memory: CMA=0 CMA-Desc=1376256 Pinned=56527872. memory to edge layer usage factor is 1
[2026-04-15 18:14:26.880] [814294] [HailoRT] [info] [internal_buffer_manager.cpp:86] [print_execution_results] Default Internal buffer planner executed successfully
[2026-04-15 18:14:27.007] [814294] [HailoRT] [info] [device_internal.cpp:57] [configure] Configuring HEF took 152.825401 milliseconds
[2026-04-15 18:14:27.007] [814294] [HailoRT] [info] [vdevice.cpp:780] [configure] Configuring HEF on VDevice took 153.22414 milliseconds
[2026-04-15 18:14:27.007] [814294] [HailoRT] [info] [control.cpp:113] [control__parse_identify_results] firmware_version is: 4.23.0
[2026-04-15 18:14:27.007] [814294] [HailoRT] [info] [control.cpp:113] [control__parse_identify_results] firmware_version is: 4.23.0
[2026-04-15 18:14:27.042] [814294] [HailoRT] [info] [core_op.cpp:156] [activate] Activating yolov11n took 35.014824 milliseconds. Note that the function is asynchronous and thus the network is not fully activated yet.
[2026-04-15 18:14:27.043] [814294] [HailoRT] [info] [core_op.cpp:156] [activate] Activating yolov11n took 35.037768 milliseconds. Note that the function is asynchronous and thus the network is not fully activated yet.
[2026-04-15 18:14:27.056] [814294] [HailoRT] [info] [control.cpp:113] [control__parse_identify_results] firmware_version is: 4.23.0
[2026-04-15 18:14:27.056] [814294] [HailoRT] [info] [control.cpp:113] [control__parse_identify_results] firmware_version is: 4.23.0
[2026-04-15 18:14:27.056] [814294] [HailoRT] [info] [edge_elements.cpp:52] [create] Created (HwWriteEl8yolov11n/input_layer1 | hw_frame_size: 1228800)
[2026-04-15 18:14:27.056] [814294] [HailoRT] [info] [queue_elements.cpp:284] [create] Created (PushQEl8yolov11n/input_layer1 | timeout: 10s)
[2026-04-15 18:14:27.056] [814294] [HailoRT] [info] [filter_elements.cpp:101] [create] Created (PreInferEl8yolov11n/input_layer1 | Reorder - src_order: NHWC, src_shape: (640, 640, 3), dst_order: NHCW, dst_shape: (640, 640, 3))
[2026-04-15 18:14:27.056] [814294] [HailoRT] [info] [vstream.cpp:754] [InputVStreamImpl] Creating yolov11n/input_layer1...
[2026-04-15 18:14:27.056] [814294] [HailoRT] [info] [vstream_builder.cpp:102] [create_inputs] Input pipeline 'yolov11n/input_layer1': (PreInferEl8yolov11n/input_layer1 | Reorder - src_order: NHWC, src_shape: (640, 640, 3), dst_order: NHCW, dst_shape: (640, 640, 3)) >> (PushQEl8yolov11n/input_layer1 | timeout: 10s) >> (HwWriteEl8yolov11n/input_layer1 | hw_frame_size: 1228800) >> HW
[2026-04-15 18:14:27.056] [814294] [HailoRT] [info] [multi_io_elements.cpp:135] [create] Created (NmsPPMuxEl0YOLOV8-Post-Process | Op YOLOV8, Name: YOLOV8-Post-Process, Score threshold: 0.200, IoU threshold: 0.70, Classes: 80, Max bboxes per class: 100, Image height: 640, Image width: 640)
[2026-04-15 18:14:27.056] [814294] [HailoRT] [info] [edge_elements.cpp:287] [create] Created (HwReadEl3yolov11n/conv51_143 | hw_frame_size: 409600)
[2026-04-15 18:14:27.056] [814294] [HailoRT] [info] [queue_elements.cpp:657] [create] Created (PullQEl_nms3yolov11n/conv51_143 | timeout: 10s)
[2026-04-15 18:14:27.056] [814294] [HailoRT] [info] [edge_elements.cpp:287] [create] Created (HwReadEl12yolov11n/conv54_143 | hw_frame_size: 512000)
[2026-04-15 18:14:27.056] [814294] [HailoRT] [info] [queue_elements.cpp:657] [create] Created (PullQEl_nms12yolov11n/conv54_143 | timeout: 10s)
[2026-04-15 18:14:27.056] [814294] [HailoRT] [info] [edge_elements.cpp:287] [create] Created (HwReadEl15yolov11n/conv62_143 | hw_frame_size: 102400)
[2026-04-15 18:14:27.057] [814294] [HailoRT] [info] [queue_elements.cpp:657] [create] Created (PullQEl_nms15yolov11n/conv62_143 | timeout: 10s)
[2026-04-15 18:14:27.057] [814294] [HailoRT] [info] [edge_elements.cpp:287] [create] Created (HwReadEl13yolov11n/conv65_143 | hw_frame_size: 128000)
[2026-04-15 18:14:27.057] [814294] [HailoRT] [info] [queue_elements.cpp:657] [create] Created (PullQEl_nms13yolov11n/conv65_143 | timeout: 10s)
[2026-04-15 18:14:27.057] [814294] [HailoRT] [info] [edge_elements.cpp:287] [create] Created (HwReadEl1yolov11n/conv77_143 | hw_frame_size: 30720)
[2026-04-15 18:14:27.057] [814294] [HailoRT] [info] [queue_elements.cpp:657] [create] Created (PullQEl_nms1yolov11n/conv77_143 | timeout: 10s)
[2026-04-15 18:14:27.057] [814294] [HailoRT] [info] [edge_elements.cpp:287] [create] Created (HwReadEl0yolov11n/conv80_143 | hw_frame_size: 38400)
[2026-04-15 18:14:27.057] [814294] [HailoRT] [info] [queue_elements.cpp:657] [create] Created (PullQEl_nms0yolov11n/conv80_143 | timeout: 10s)
[2026-04-15 18:14:27.057] [814294] [HailoRT] [info] [queue_elements.cpp:800] [create] Created (UserBufQEl_post_infer0yolov11n/yolov8_nms_postprocess | timeout: 10s)
[2026-04-15 18:14:27.057] [814294] [HailoRT] [info] [vstream.cpp:1114] [OutputVStreamImpl] Creating yolov11n/yolov8_nms_postprocess...
[2026-04-15 18:14:27.057] [814294] [HailoRT] [info] [vstream_builder.cpp:622] [create_output_post_process_nms] Output pipeline 'yolov11n/yolov8_nms_postprocess': HW >> (HwReadEl3yolov11n/conv51_143 | hw_frame_size: 409600) >> (PullQEl_nms3yolov11n/conv51_143) >> (HwReadEl12yolov11n/conv54_143 | hw_frame_size: 512000) >> (PullQEl_nms12yolov11n/conv54_143) >> (HwReadEl15yolov11n/conv62_143 | hw_frame_size: 102400) >> (PullQEl_nms15yolov11n/conv62_143) >> (HwReadEl13yolov11n/conv65_143 | hw_frame_size: 128000) >> (PullQEl_nms13yolov11n/conv65_143) >> (HwReadEl1yolov11n/conv77_143 | hw_frame_size: 30720) >> (PullQEl_nms1yolov11n/conv77_143) >> (HwReadEl0yolov11n/conv80_143 | hw_frame_size: 38400) >> (PullQEl_nms0yolov11n/conv80_143) >> (NmsPPMuxEl0YOLOV8-Post-Process | Op YOLOV8, Name: YOLOV8-Post-Process, Score threshold: 0.200, IoU threshold: 0.70, Classes: 80, Max bboxes per class: 100, Image height: 640, Image width: 640) >> (UserBufQEl_post_infer0yolov11n/yolov8_nms_postprocess | timeout: 10s)
[2026-04-15 18:15:27.057] [815159] [HailoRT] [info] [vdevice_native_stream.cpp:331] [read_impl] Failed read from stream HAILO_STREAM_ABORT(63) (device: 0001:01:00.0)
[2026-04-15 18:15:27.057] [815159] [HailoRT] [info] [edge_elements.cpp:396] [run_pull] Reading from stream was aborted!
[2026-04-15 18:15:27.057] [815155] [HailoRT] [info] [vdevice_native_stream.cpp:142] [write_impl] Failed write to stream yolov11n/input_layer1 (device: 0001:01:00.0) with status=HAILO_STREAM_ABORT(63)
[2026-04-15 18:15:27.057] [815159] [HailoRT] [info] [queue_elements.cpp:738] [run_in_thread] run_pull of queue element PullQEl_nms13yolov11n/conv65_143 was aborted!
[2026-04-15 18:15:27.057] [815155] [HailoRT] [info] [edge_elements.cpp:87] [run_push] Failed to send on input stream InputStream(index=8, name=yolov11n/input_layer1) because stream was aborted
[2026-04-15 18:15:27.057] [815155] [HailoRT] [info] [queue_elements.cpp:401] [run_in_thread] run_push of PushQEl8yolov11n/input_layer1 was aborted!
[2026-04-15 18:15:27.057] [815157] [HailoRT] [info] [vdevice_native_stream.cpp:331] [read_impl] Failed read from stream HAILO_STREAM_ABORT(63) (device: 0001:01:00.0)
[2026-04-15 18:15:27.057] [815160] [HailoRT] [info] [vdevice_native_stream.cpp:331] [read_impl] Failed read from stream HAILO_STREAM_ABORT(63) (device: 0001:01:00.0)
[2026-04-15 18:15:27.057] [815157] [HailoRT] [info] [edge_elements.cpp:396] [run_pull] Reading from stream was aborted!
[2026-04-15 18:15:27.057] [815160] [HailoRT] [info] [edge_elements.cpp:396] [run_pull] Reading from stream was aborted!
[2026-04-15 18:15:27.057] [815158] [HailoRT] [info] [vdevice_native_stream.cpp:331] [read_impl] Failed read from stream HAILO_STREAM_ABORT(63) (device: 0001:01:00.0)
[2026-04-15 18:15:27.057] [815160] [HailoRT] [info] [queue_elements.cpp:738] [run_in_thread] run_pull of queue element PullQEl_nms1yolov11n/conv77_143 was aborted!
[2026-04-15 18:15:27.057] [815158] [HailoRT] [info] [edge_elements.cpp:396] [run_pull] Reading from stream was aborted!
[2026-04-15 18:15:27.057] [815166] [HailoRT] [info] [vstream.cpp:774] [write] Sending to VStream was shutdown!
[2026-04-15 18:15:27.057] [815166] [HailoRT] [info] [vstream.cpp:778] [write] Sending to VStream was aborted!
[2026-04-15 18:15:27.057] [815158] [HailoRT] [info] [queue_elements.cpp:738] [run_in_thread] run_pull of queue element PullQEl_nms15yolov11n/conv62_143 was aborted!
[2026-04-15 18:15:27.057] [815156] [HailoRT] [info] [vdevice_native_stream.cpp:331] [read_impl] Failed read from stream HAILO_STREAM_ABORT(63) (device: 0001:01:00.0)
[2026-04-15 18:15:27.057] [815156] [HailoRT] [info] [edge_elements.cpp:396] [run_pull] Reading from stream was aborted!
[2026-04-15 18:15:27.057] [815161] [HailoRT] [info] [vdevice_native_stream.cpp:331] [read_impl] Failed read from stream HAILO_STREAM_ABORT(63) (device: 0001:01:00.0)
[2026-04-15 18:15:27.057] [815161] [HailoRT] [info] [edge_elements.cpp:396] [run_pull] Reading from stream was aborted!
[2026-04-15 18:15:27.057] [815156] [HailoRT] [info] [queue_elements.cpp:738] [run_in_thread] run_pull of queue element PullQEl_nms3yolov11n/conv51_143 was aborted!
[2026-04-15 18:15:27.057] [815161] [HailoRT] [info] [queue_elements.cpp:738] [run_in_thread] run_pull of queue element PullQEl_nms0yolov11n/conv80_143 was aborted!
[2026-04-15 18:15:27.057] [815157] [HailoRT] [info] [queue_elements.cpp:738] [run_in_thread] run_pull of queue element PullQEl_nms12yolov11n/conv54_143 was aborted!
[2026-04-15 18:15:27.057] [815165] [HailoRT] [info] [queue_elements.cpp:706] [run_pull] Shutdown event was signaled in dequeue of queue element PullQEl_nms3yolov11n/conv51_143!
[2026-04-15 18:15:27.057] [815165] [HailoRT] [info] [vstream.cpp:1138] [read] Receiving to VStream was shutdown!
[2026-04-15 18:15:27.099] [814294] [HailoRT] [info] [queue_elements.cpp:360] [execute_deactivate] enqueue() in element PushQEl8yolov11n/input_layer1 was aborted, got status = HAILO_SHUTDOWN_EVENT_SIGNALED(57)
[2026-04-15 18:15:27.099] [815155] [HailoRT] [info] [queue_elements.cpp:68] [operator()] Thread in element PushQEl8yolov11n/input_layer1 is not running anymore, exiting..
[2026-04-15 18:15:27.100] [814294] [HailoRT] [info] [queue_elements.cpp:46] [~BaseQueueElement] Queue element PushQEl8yolov11n/input_layer1 has 1 frames in his Queue on destruction
[2026-04-15 18:15:27.100] [815162] [HailoRT] [info] [queue_elements.cpp:68] [operator()] Thread in element UserBufQEl_post_infer0yolov11n/yolov8_nms_postprocess is not running anymore, exiting..
[2026-04-15 18:15:27.100] [814294] [HailoRT] [info] [queue_elements.cpp:46] [~BaseQueueElement] Queue element UserBufQEl_post_infer0yolov11n/yolov8_nms_postprocess has 0 frames in his Queue on destruction
[2026-04-15 18:15:27.100] [815161] [HailoRT] [info] [queue_elements.cpp:68] [operator()] Thread in element PullQEl_nms0yolov11n/conv80_143 is not running anymore, exiting..
[2026-04-15 18:15:27.100] [814294] [HailoRT] [info] [queue_elements.cpp:46] [~BaseQueueElement] Queue element PullQEl_nms0yolov11n/conv80_143 has 0 frames in his Queue on destruction
[2026-04-15 18:15:27.100] [815160] [HailoRT] [info] [queue_elements.cpp:68] [operator()] Thread in element PullQEl_nms1yolov11n/conv77_143 is not running anymore, exiting..
[2026-04-15 18:15:27.100] [814294] [HailoRT] [info] [queue_elements.cpp:46] [~BaseQueueElement] Queue element PullQEl_nms1yolov11n/conv77_143 has 0 frames in his Queue on destruction
[2026-04-15 18:15:27.100] [815159] [HailoRT] [info] [queue_elements.cpp:68] [operator()] Thread in element PullQEl_nms13yolov11n/conv65_143 is not running anymore, exiting..
[2026-04-15 18:15:27.100] [814294] [HailoRT] [info] [queue_elements.cpp:46] [~BaseQueueElement] Queue element PullQEl_nms13yolov11n/conv65_143 has 0 frames in his Queue on destruction
[2026-04-15 18:15:27.100] [815158] [HailoRT] [info] [queue_elements.cpp:68] [operator()] Thread in element PullQEl_nms15yolov11n/conv62_143 is not running anymore, exiting..
[2026-04-15 18:15:27.100] [814294] [HailoRT] [info] [queue_elements.cpp:46] [~BaseQueueElement] Queue element PullQEl_nms15yolov11n/conv62_143 has 0 frames in his Queue on destruction
[2026-04-15 18:15:27.100] [815157] [HailoRT] [info] [queue_elements.cpp:68] [operator()] Thread in element PullQEl_nms12yolov11n/conv54_143 is not running anymore, exiting..
[2026-04-15 18:15:27.100] [814294] [HailoRT] [info] [queue_elements.cpp:46] [~BaseQueueElement] Queue element PullQEl_nms12yolov11n/conv54_143 has 0 frames in his Queue on destruction
[2026-04-15 18:15:27.100] [815156] [HailoRT] [info] [queue_elements.cpp:68] [operator()] Thread in element PullQEl_nms3yolov11n/conv51_143 is not running anymore, exiting..
[2026-04-15 18:15:27.100] [814294] [HailoRT] [info] [queue_elements.cpp:46] [~BaseQueueElement] Queue element PullQEl_nms3yolov11n/conv51_143 has 0 frames in his Queue on destruction
[2026-04-15 18:15:27.100] [814294] [HailoRT] [info] [core_op.cpp:186] [deactivate] Deactivating took 0.008278 ms
[2026-04-15 18:15:27.100] [814294] [HailoRT] [info] [core_op.cpp:186] [deactivate] Deactivating took 0.017351 ms
[2026-04-15 18:15:27.156] [814294] [HailoRT] [info] [vdevice.cpp:535] [create] Creating vdevice with params: device_count: 1, scheduling_algorithm: NONE, multi_process_service: false
[2026-04-15 18:15:27.156] [814294] [HailoRT] [info] [device.cpp:51] [Device] OS Version: Linux 6.12.62+rpt-rpi-2712 #1 SMP PREEMPT Debian 1:6.12.62-1+rpt1 (2025-12-18) aarch64
[2026-04-15 18:15:27.156] [814294] [HailoRT] [info] [control.cpp:113] [control__parse_identify_results] firmware_version is: 4.23.0
[2026-04-15 18:15:27.156] [814294] [HailoRT] [info] [vdevice.cpp:682] [create] VDevice Infos: 0001:01:00.0
[2026-04-15 18:15:27.164] [814294] [HailoRT] [warning] [buffer_requirements.cpp:131] [get_buffer_requirements_multiple_transfers] Desc page size value (1024) is not optimal for performance.
[2026-04-15 18:15:27.179] [814294] [HailoRT] [info] [internal_buffer_manager.cpp:77] [print_execution_results] Planned internal buffer memory: CMA=0 CMA-Desc=1376256 Pinned=56527872. memory to edge layer usage factor is 1
[2026-04-15 18:15:27.179] [814294] [HailoRT] [info] [internal_buffer_manager.cpp:86] [print_execution_results] Default Internal buffer planner executed successfully
[2026-04-15 18:15:27.290] [814294] [HailoRT] [info] [device_internal.cpp:57] [configure] Configuring HEF took 133.461709 milliseconds
[2026-04-15 18:15:27.290] [814294] [HailoRT] [info] [vdevice.cpp:780] [configure] Configuring HEF on VDevice took 133.836763 milliseconds
[2026-04-15 18:15:27.290] [814294] [HailoRT] [info] [control.cpp:113] [control__parse_identify_results] firmware_version is: 4.23.0
[2026-04-15 18:15:27.291] [814294] [HailoRT] [info] [control.cpp:113] [control__parse_identify_results] firmware_version is: 4.23.0
[2026-04-15 18:15:27.320] [814294] [HailoRT] [info] [core_op.cpp:156] [activate] Activating yolov11n took 29.07397 milliseconds. Note that the function is asynchronous and thus the network is not fully activated yet.
[2026-04-15 18:15:27.320] [814294] [HailoRT] [info] [core_op.cpp:156] [activate] Activating yolov11n took 29.098655 milliseconds. Note that the function is asynchronous and thus the network is not fully activated yet.
[2026-04-15 18:15:27.333] [814294] [HailoRT] [info] [control.cpp:113] [control__parse_identify_results] firmware_version is: 4.23.0
[2026-04-15 18:15:27.333] [814294] [HailoRT] [info] [control.cpp:113] [control__parse_identify_results] firmware_version is: 4.23.0
[2026-04-15 18:15:27.333] [814294] [HailoRT] [info] [edge_elements.cpp:52] [create] Created (HwWriteEl8yolov11n/input_layer1 | hw_frame_size: 1228800)
[2026-04-15 18:15:27.333] [814294] [HailoRT] [info] [queue_elements.cpp:284] [create] Created (PushQEl8yolov11n/input_layer1 | timeout: 10s)
[2026-04-15 18:15:27.333] [814294] [HailoRT] [info] [filter_elements.cpp:101] [create] Created (PreInferEl8yolov11n/input_layer1 | Reorder - src_order: NHWC, src_shape: (640, 640, 3), dst_order: NHCW, dst_shape: (640, 640, 3))
[2026-04-15 18:15:27.333] [814294] [HailoRT] [info] [vstream.cpp:754] [InputVStreamImpl] Creating yolov11n/input_layer1...
[2026-04-15 18:15:27.333] [814294] [HailoRT] [info] [vstream_builder.cpp:102] [create_inputs] Input pipeline 'yolov11n/input_layer1': (PreInferEl8yolov11n/input_layer1 | Reorder - src_order: NHWC, src_shape: (640, 640, 3), dst_order: NHCW, dst_shape: (640, 640, 3)) >> (PushQEl8yolov11n/input_layer1 | timeout: 10s) >> (HwWriteEl8yolov11n/input_layer1 | hw_frame_size: 1228800) >> HW
[2026-04-15 18:15:27.334] [814294] [HailoRT] [info] [multi_io_elements.cpp:135] [create] Created (NmsPPMuxEl0YOLOV8-Post-Process | Op YOLOV8, Name: YOLOV8-Post-Process, Score threshold: 0.200, IoU threshold: 0.70, Classes: 80, Max bboxes per class: 100, Image height: 640, Image width: 640)
[2026-04-15 18:15:27.334] [814294] [HailoRT] [info] [edge_elements.cpp:287] [create] Created (HwReadEl3yolov11n/conv51_143 | hw_frame_size: 409600)
[2026-04-15 18:15:27.334] [814294] [HailoRT] [info] [queue_elements.cpp:657] [create] Created (PullQEl_nms3yolov11n/conv51_143 | timeout: 10s)
[2026-04-15 18:15:27.334] [814294] [HailoRT] [info] [edge_elements.cpp:287] [create] Created (HwReadEl12yolov11n/conv54_143 | hw_frame_size: 512000)
[2026-04-15 18:15:27.334] [814294] [HailoRT] [info] [queue_elements.cpp:657] [create] Created (PullQEl_nms12yolov11n/conv54_143 | timeout: 10s)
[2026-04-15 18:15:27.334] [814294] [HailoRT] [info] [edge_elements.cpp:287] [create] Created (HwReadEl15yolov11n/conv62_143 | hw_frame_size: 102400)
[2026-04-15 18:15:27.334] [814294] [HailoRT] [info] [queue_elements.cpp:657] [create] Created (PullQEl_nms15yolov11n/conv62_143 | timeout: 10s)
[2026-04-15 18:15:27.334] [814294] [HailoRT] [info] [edge_elements.cpp:287] [create] Created (HwReadEl13yolov11n/conv65_143 | hw_frame_size: 128000)
[2026-04-15 18:15:27.334] [814294] [HailoRT] [info] [queue_elements.cpp:657] [create] Created (PullQEl_nms13yolov11n/conv65_143 | timeout: 10s)
[2026-04-15 18:15:27.334] [814294] [HailoRT] [info] [edge_elements.cpp:287] [create] Created (HwReadEl1yolov11n/conv77_143 | hw_frame_size: 30720)
[2026-04-15 18:15:27.334] [814294] [HailoRT] [info] [queue_elements.cpp:657] [create] Created (PullQEl_nms1yolov11n/conv77_143 | timeout: 10s)
[2026-04-15 18:15:27.334] [814294] [HailoRT] [info] [edge_elements.cpp:287] [create] Created (HwReadEl0yolov11n/conv80_143 | hw_frame_size: 38400)
[2026-04-15 18:15:27.334] [814294] [HailoRT] [info] [queue_elements.cpp:657] [create] Created (PullQEl_nms0yolov11n/conv80_143 | timeout: 10s)
[2026-04-15 18:15:27.334] [814294] [HailoRT] [info] [queue_elements.cpp:800] [create] Created (UserBufQEl_post_infer0yolov11n/yolov8_nms_postprocess | timeout: 10s)
[2026-04-15 18:15:27.334] [814294] [HailoRT] [info] [vstream.cpp:1114] [OutputVStreamImpl] Creating yolov11n/yolov8_nms_postprocess...
[2026-04-15 18:15:27.334] [814294] [HailoRT] [info] [vstream_builder.cpp:622] [create_output_post_process_nms] Output pipeline 'yolov11n/yolov8_nms_postprocess': HW >> (HwReadEl3yolov11n/conv51_143 | hw_frame_size: 409600) >> (PullQEl_nms3yolov11n/conv51_143) >> (HwReadEl12yolov11n/conv54_143 | hw_frame_size: 512000) >> (PullQEl_nms12yolov11n/conv54_143) >> (HwReadEl15yolov11n/conv62_143 | hw_frame_size: 102400) >> (PullQEl_nms15yolov11n/conv62_143) >> (HwReadEl13yolov11n/conv65_143 | hw_frame_size: 128000) >> (PullQEl_nms13yolov11n/conv65_143) >> (HwReadEl1yolov11n/conv77_143 | hw_frame_size: 30720) >> (PullQEl_nms1yolov11n/conv77_143) >> (HwReadEl0yolov11n/conv80_143 | hw_frame_size: 38400) >> (PullQEl_nms0yolov11n/conv80_143) >> (NmsPPMuxEl0YOLOV8-Post-Process | Op YOLOV8, Name: YOLOV8-Post-Process, Score threshold: 0.200, IoU threshold: 0.70, Classes: 80, Max bboxes per class: 100, Image height: 640, Image width: 640) >> (UserBufQEl_post_infer0yolov11n/yolov8_nms_postprocess | timeout: 10s)
[2026-04-15 18:16:27.334] [816026] [HailoRT] [info] [vdevice_native_stream.cpp:331] [read_impl] Failed read from stream HAILO_STREAM_ABORT(63) (device: 0001:01:00.0)
[2026-04-15 18:16:27.334] [816023] [HailoRT] [info] [vdevice_native_stream.cpp:331] [read_impl] Failed read from stream HAILO_STREAM_ABORT(63) (device: 0001:01:00.0)
[2026-04-15 18:16:27.335] [816023] [HailoRT] [info] [edge_elements.cpp:396] [run_pull] Reading from stream was aborted!
[2026-04-15 18:16:27.335] [816027] [HailoRT] [info] [vdevice_native_stream.cpp:331] [read_impl] Failed read from stream HAILO_STREAM_ABORT(63) (device: 0001:01:00.0)
[2026-04-15 18:16:27.335] [816027] [HailoRT] [info] [edge_elements.cpp:396] [run_pull] Reading from stream was aborted!
[2026-04-15 18:16:27.335] [816023] [HailoRT] [info] [queue_elements.cpp:738] [run_in_thread] run_pull of queue element PullQEl_nms3yolov11n/conv51_143 was aborted!
[2026-04-15 18:16:27.335] [816027] [HailoRT] [info] [queue_elements.cpp:738] [run_in_thread] run_pull of queue element PullQEl_nms1yolov11n/conv77_143 was aborted!
[2026-04-15 18:16:27.335] [816032] [HailoRT] [info] [queue_elements.cpp:706] [run_pull] Shutdown event was signaled in dequeue of queue element PullQEl_nms3yolov11n/conv51_143!
[2026-04-15 18:16:27.335] [816032] [HailoRT] [info] [vstream.cpp:1138] [read] Receiving to VStream was shutdown!
[2026-04-15 18:16:27.335] [816028] [HailoRT] [info] [vdevice_native_stream.cpp:331] [read_impl] Failed read from stream HAILO_STREAM_ABORT(63) (device: 0001:01:00.0)
[2026-04-15 18:16:27.335] [816028] [HailoRT] [info] [edge_elements.cpp:396] [run_pull] Reading from stream was aborted!
[2026-04-15 18:16:27.335] [816028] [HailoRT] [info] [queue_elements.cpp:738] [run_in_thread] run_pull of queue element PullQEl_nms0yolov11n/conv80_143 was aborted!
[2026-04-15 18:16:27.335] [816024] [HailoRT] [info] [vdevice_native_stream.cpp:331] [read_impl] Failed read from stream HAILO_STREAM_ABORT(63) (device: 0001:01:00.0)
[2026-04-15 18:16:27.335] [816024] [HailoRT] [info] [edge_elements.cpp:396] [run_pull] Reading from stream was aborted!
[2026-04-15 18:16:27.335] [816024] [HailoRT] [info] [queue_elements.cpp:738] [run_in_thread] run_pull of queue element PullQEl_nms12yolov11n/conv54_143 was aborted!
[2026-04-15 18:16:27.335] [816025] [HailoRT] [info] [vdevice_native_stream.cpp:331] [read_impl] Failed read from stream HAILO_STREAM_ABORT(63) (device: 0001:01:00.0)
[2026-04-15 18:16:27.335] [816025] [HailoRT] [info] [edge_elements.cpp:396] [run_pull] Reading from stream was aborted!
[2026-04-15 18:16:27.335] [816025] [HailoRT] [info] [queue_elements.cpp:738] [run_in_thread] run_pull of queue element PullQEl_nms15yolov11n/conv62_143 was aborted!
[2026-04-15 18:16:27.335] [816026] [HailoRT] [info] [edge_elements.cpp:396] [run_pull] Reading from stream was aborted!
[2026-04-15 18:16:27.335] [816026] [HailoRT] [info] [queue_elements.cpp:738] [run_in_thread] run_pull of queue element PullQEl_nms13yolov11n/conv65_143 was aborted!
[2026-04-15 18:16:27.335] [816022] [HailoRT] [info] [vdevice_native_stream.cpp:142] [write_impl] Failed write to stream yolov11n/input_layer1 (device: 0001:01:00.0) with status=HAILO_STREAM_ABORT(63)
[2026-04-15 18:16:27.335] [816022] [HailoRT] [info] [edge_elements.cpp:87] [run_push] Failed to send on input stream InputStream(index=8, name=yolov11n/input_layer1) because stream was aborted
[2026-04-15 18:16:27.335] [816022] [HailoRT] [info] [queue_elements.cpp:401] [run_in_thread] run_push of PushQEl8yolov11n/input_layer1 was aborted!
[2026-04-15 18:16:27.336] [816033] [HailoRT] [info] [queue_elements.cpp:319] [run_push] run_push of PushQEl8yolov11n/input_layer1 was aborted!
[2026-04-15 18:16:27.336] [816033] [HailoRT] [info] [filter_elements.cpp:35] [run_push] run_push of PreInferEl8yolov11n/input_layer1 was aborted!
[2026-04-15 18:16:27.336] [816033] [HailoRT] [info] [vstream.cpp:778] [write] Sending to VStream was aborted!
[2026-04-15 18:16:27.344] [814294] [HailoRT] [info] [queue_elements.cpp:360] [execute_deactivate] enqueue() in element PushQEl8yolov11n/input_layer1 was aborted, got status = HAILO_SHUTDOWN_EVENT_SIGNALED(57)
[2026-04-15 18:16:27.344] [816022] [HailoRT] [info] [queue_elements.cpp:68] [operator()] Thread in element PushQEl8yolov11n/input_layer1 is not running anymore, exiting..
[2026-04-15 18:16:27.344] [814294] [HailoRT] [info] [queue_elements.cpp:46] [~BaseQueueElement] Queue element PushQEl8yolov11n/input_layer1 has 0 frames in his Queue on destruction
[2026-04-15 18:16:27.344] [816029] [HailoRT] [info] [queue_elements.cpp:68] [operator()] Thread in element UserBufQEl_post_infer0yolov11n/yolov8_nms_postprocess is not running anymore, exiting..
[2026-04-15 18:16:27.344] [814294] [HailoRT] [info] [queue_elements.cpp:46] [~BaseQueueElement] Queue element UserBufQEl_post_infer0yolov11n/yolov8_nms_postprocess has 0 frames in his Queue on destruction
[2026-04-15 18:16:27.344] [816028] [HailoRT] [info] [queue_elements.cpp:68] [operator()] Thread in element PullQEl_nms0yolov11n/conv80_143 is not running anymore, exiting..
[2026-04-15 18:16:27.344] [814294] [HailoRT] [info] [queue_elements.cpp:46] [~BaseQueueElement] Queue element PullQEl_nms0yolov11n/conv80_143 has 0 frames in his Queue on destruction
[2026-04-15 18:16:27.344] [816027] [HailoRT] [info] [queue_elements.cpp:68] [operator()] Thread in element PullQEl_nms1yolov11n/conv77_143 is not running anymore, exiting..
[2026-04-15 18:16:27.344] [814294] [HailoRT] [info] [queue_elements.cpp:46] [~BaseQueueElement] Queue element PullQEl_nms1yolov11n/conv77_143 has 0 frames in his Queue on destruction
[2026-04-15 18:16:27.345] [816026] [HailoRT] [info] [queue_elements.cpp:68] [operator()] Thread in element PullQEl_nms13yolov11n/conv65_143 is not running anymore, exiting..
[2026-04-15 18:16:27.345] [814294] [HailoRT] [info] [queue_elements.cpp:46] [~BaseQueueElement] Queue element PullQEl_nms13yolov11n/conv65_143 has 0 frames in his Queue on destruction
[2026-04-15 18:16:27.345] [816025] [HailoRT] [info] [queue_elements.cpp:68] [operator()] Thread in element PullQEl_nms15yolov11n/conv62_143 is not running anymore, exiting..
[2026-04-15 18:16:27.345] [814294] [HailoRT] [info] [queue_elements.cpp:46] [~BaseQueueElement] Queue element PullQEl_nms15yolov11n/conv62_143 has 0 frames in his Queue on destruction
[2026-04-15 18:16:27.345] [816024] [HailoRT] [info] [queue_elements.cpp:68] [operator()] Thread in element PullQEl_nms12yolov11n/conv54_143 is not running anymore, exiting..
[2026-04-15 18:16:27.345] [814294] [HailoRT] [info] [queue_elements.cpp:46] [~BaseQueueElement] Queue element PullQEl_nms12yolov11n/conv54_143 has 0 frames in his Queue on destruction
[2026-04-15 18:16:27.345] [816023] [HailoRT] [info] [queue_elements.cpp:68] [operator()] Thread in element PullQEl_nms3yolov11n/conv51_143 is not running anymore, exiting..
[2026-04-15 18:16:27.345] [814294] [HailoRT] [info] [queue_elements.cpp:46] [~BaseQueueElement] Queue element PullQEl_nms3yolov11n/conv51_143 has 0 frames in his Queue on destruction
[2026-04-15 18:16:27.345] [814294] [HailoRT] [info] [core_op.cpp:186] [deactivate] Deactivating took 0.008093 ms
[2026-04-15 18:16:27.345] [814294] [HailoRT] [info] [core_op.cpp:186] [deactivate] Deactivating took 0.016925 ms
[2026-04-15 18:16:37.673] [816968] [HailoRT] [info] [vdevice.cpp:535] [create] Creating vdevice with params: device_count: 1, scheduling_algorithm: NONE, multi_process_service: false
[2026-04-15 18:16:37.686] [816968] [HailoRT] [info] [device.cpp:51] [Device] OS Version: Linux 6.12.62+rpt-rpi-2712 #1 SMP PREEMPT Debian 1:6.12.62-1+rpt1 (2025-12-18) aarch64
[2026-04-15 18:16:37.686] [816968] [HailoRT] [info] [control.cpp:113] [control__parse_identify_results] firmware_version is: 4.23.0
[2026-04-15 18:16:37.686] [816968] [HailoRT] [info] [vdevice.cpp:682] [create] VDevice Infos: 0001:01:00.0
[2026-04-15 18:16:37.693] [816968] [HailoRT] [warning] [buffer_requirements.cpp:131] [get_buffer_requirements_multiple_transfers] Desc page size value (1024) is not optimal for performance.
[2026-04-15 18:16:37.716] [816968] [HailoRT] [info] [internal_buffer_manager.cpp:77] [print_execution_results] Planned internal buffer memory: CMA=0 CMA-Desc=1507328 Pinned=65948672. memory to edge layer usage factor is 1
[2026-04-15 18:16:37.716] [816968] [HailoRT] [info] [internal_buffer_manager.cpp:86] [print_execution_results] Default Internal buffer planner executed successfully
[2026-04-15 18:16:37.839] [816968] [HailoRT] [info] [device_internal.cpp:57] [configure] Configuring HEF took 153.197969 milliseconds
[2026-04-15 18:16:37.840] [816968] [HailoRT] [info] [vdevice.cpp:780] [configure] Configuring HEF on VDevice took 153.598857 milliseconds
[2026-04-15 18:16:37.840] [816968] [HailoRT] [info] [control.cpp:113] [control__parse_identify_results] firmware_version is: 4.23.0
[2026-04-15 18:16:37.840] [816968] [HailoRT] [info] [control.cpp:113] [control__parse_identify_results] firmware_version is: 4.23.0
[2026-04-15 18:16:37.877] [816968] [HailoRT] [info] [core_op.cpp:156] [activate] Activating yolov11n took 36.846678 milliseconds. Note that the function is asynchronous and thus the network is not fully activated yet.
[2026-04-15 18:16:37.877] [816968] [HailoRT] [info] [core_op.cpp:156] [activate] Activating yolov11n took 36.873381 milliseconds. Note that the function is asynchronous and thus the network is not fully activated yet.
[2026-04-15 18:16:37.890] [816968] [HailoRT] [info] [control.cpp:113] [control__parse_identify_results] firmware_version is: 4.23.0
[2026-04-15 18:16:37.891] [816968] [HailoRT] [info] [control.cpp:113] [control__parse_identify_results] firmware_version is: 4.23.0
[2026-04-15 18:16:39.079] [816960] [HailoRT] [info] [device.cpp:51] [Device] OS Version: Linux 6.12.62+rpt-rpi-2712 #1 SMP PREEMPT Debian 1:6.12.62-1+rpt1 (2025-12-18) aarch64
[2026-04-15 18:16:39.079] [816960] [HailoRT] [info] [control.cpp:113] [control__parse_identify_results] firmware_version is: 4.23.0
[2026-04-15 18:16:39.079] [816960] [HailoRT] [info] [control.cpp:113] [control__parse_identify_results] firmware_version is: 4.23.0
[2026-04-15 18:17:37.892] [816988] [HailoRT] [info] [vdevice_native_stream.cpp:142] [write_impl] Failed write to stream yolov11n/input_layer1 (device: 0001:01:00.0) with status=HAILO_STREAM_ABORT(63)
[2026-04-15 18:17:37.892] [816984] [HailoRT] [info] [vdevice_native_stream.cpp:331] [read_impl] Failed read from stream HAILO_STREAM_ABORT(63) (device: 0001:01:00.0)
[2026-04-15 18:17:37.892] [816987] [HailoRT] [info] [vdevice_native_stream.cpp:331] [read_impl] Failed read from stream HAILO_STREAM_ABORT(63) (device: 0001:01:00.0)
[2026-04-15 18:17:37.892] [816985] [HailoRT] [info] [vdevice_native_stream.cpp:331] [read_impl] Failed read from stream HAILO_STREAM_ABORT(63) (device: 0001:01:00.0)
[2026-04-15 18:17:37.893] [816983] [HailoRT] [info] [vdevice_native_stream.cpp:331] [read_impl] Failed read from stream HAILO_STREAM_ABORT(63) (device: 0001:01:00.0)
[2026-04-15 18:17:37.893] [816986] [HailoRT] [info] [vdevice_native_stream.cpp:331] [read_impl] Failed read from stream HAILO_STREAM_ABORT(63) (device: 0001:01:00.0)
[2026-04-15 18:17:37.893] [816982] [HailoRT] [info] [vdevice_native_stream.cpp:331] [read_impl] Failed read from stream HAILO_STREAM_ABORT(63) (device: 0001:01:00.0)
[2026-04-15 18:17:37.928] [816968] [HailoRT] [info] [core_op.cpp:186] [deactivate] Deactivating took 0.009926 ms
[2026-04-15 18:17:37.928] [816968] [HailoRT] [info] [core_op.cpp:186] [deactivate] Deactivating took 0.040834 ms
[2026-04-15 18:17:37.974] [816968] [HailoRT] [info] [vdevice.cpp:535] [create] Creating vdevice with params: device_count: 1, scheduling_algorithm: NONE, multi_process_service: false
[2026-04-15 18:17:37.974] [816968] [HailoRT] [info] [device.cpp:51] [Device] OS Version: Linux 6.12.62+rpt-rpi-2712 #1 SMP PREEMPT Debian 1:6.12.62-1+rpt1 (2025-12-18) aarch64
[2026-04-15 18:17:37.974] [816968] [HailoRT] [info] [control.cpp:113] [control__parse_identify_results] firmware_version is: 4.23.0
[2026-04-15 18:17:37.974] [816968] [HailoRT] [info] [vdevice.cpp:682] [create] VDevice Infos: 0001:01:00.0
[2026-04-15 18:17:37.980] [816968] [HailoRT] [warning] [buffer_requirements.cpp:131] [get_buffer_requirements_multiple_transfers] Desc page size value (1024) is not optimal for performance.
[2026-04-15 18:17:38.003] [816968] [HailoRT] [info] [internal_buffer_manager.cpp:77] [print_execution_results] Planned internal buffer memory: CMA=0 CMA-Desc=1507328 Pinned=65948672. memory to edge layer usage factor is 1
[2026-04-15 18:17:38.003] [816968] [HailoRT] [info] [internal_buffer_manager.cpp:86] [print_execution_results] Default Internal buffer planner executed successfully
[2026-04-15 18:17:38.128] [816968] [HailoRT] [info] [device_internal.cpp:57] [configure] Configuring HEF took 153.750044 milliseconds
[2026-04-15 18:17:38.129] [816968] [HailoRT] [info] [vdevice.cpp:780] [configure] Configuring HEF on VDevice took 154.160209 milliseconds
[2026-04-15 18:17:38.129] [816968] [HailoRT] [info] [control.cpp:113] [control__parse_identify_results] firmware_version is: 4.23.0
[2026-04-15 18:17:38.129] [816968] [HailoRT] [info] [control.cpp:113] [control__parse_identify_results] firmware_version is: 4.23.0
[2026-04-15 18:17:38.165] [816968] [HailoRT] [info] [core_op.cpp:156] [activate] Activating yolov11n took 36.03264 milliseconds. Note that the function is asynchronous and thus the network is not fully activated yet.
[2026-04-15 18:17:38.165] [816968] [HailoRT] [info] [core_op.cpp:156] [activate] Activating yolov11n took 36.054567 milliseconds. Note that the function is asynchronous and thus the network is not fully activated yet.
[2026-04-15 18:17:38.178] [816968] [HailoRT] [info] [control.cpp:113] [control__parse_identify_results] firmware_version is: 4.23.0
[2026-04-15 18:17:38.179] [816968] [HailoRT] [info] [control.cpp:113] [control__parse_identify_results] firmware_version is: 4.23.0
[2026-04-15 18:17:38.179] [816968] [HailoRT] [info] [edge_elements.cpp:52] [create] Created (HwWriteEl8yolov11n/input_layer1 | hw_frame_size: 1228800)
[2026-04-15 18:17:38.179] [816968] [HailoRT] [info] [queue_elements.cpp:284] [create] Created (PushQEl8yolov11n/input_layer1 | timeout: 10s)
[2026-04-15 18:17:38.179] [816968] [HailoRT] [info] [filter_elements.cpp:101] [create] Created (PreInferEl8yolov11n/input_layer1 | Reorder - src_order: NHWC, src_shape: (640, 640, 3), dst_order: NHCW, dst_shape: (640, 640, 3))
[2026-04-15 18:17:38.179] [816968] [HailoRT] [info] [vstream.cpp:754] [InputVStreamImpl] Creating yolov11n/input_layer1...
[2026-04-15 18:17:38.179] [816968] [HailoRT] [info] [vstream_builder.cpp:102] [create_inputs] Input pipeline 'yolov11n/input_layer1': (PreInferEl8yolov11n/input_layer1 | Reorder - src_order: NHWC, src_shape: (640, 640, 3), dst_order: NHCW, dst_shape: (640, 640, 3)) >> (PushQEl8yolov11n/input_layer1 | timeout: 10s) >> (HwWriteEl8yolov11n/input_layer1 | hw_frame_size: 1228800) >> HW
[2026-04-15 18:17:38.179] [816968] [HailoRT] [info] [multi_io_elements.cpp:135] [create] Created (NmsPPMuxEl0YOLOV8-Post-Process | Op YOLOV8, Name: YOLOV8-Post-Process, Score threshold: 0.200, IoU threshold: 0.70, Classes: 80, Max bboxes per class: 100, Image height: 640, Image width: 640)
[2026-04-15 18:17:38.179] [816968] [HailoRT] [info] [edge_elements.cpp:287] [create] Created (HwReadEl3yolov11n/conv51_143 | hw_frame_size: 409600)
[2026-04-15 18:17:38.179] [816968] [HailoRT] [info] [queue_elements.cpp:657] [create] Created (PullQEl_nms3yolov11n/conv51_143 | timeout: 10s)
[2026-04-15 18:17:38.179] [816968] [HailoRT] [info] [edge_elements.cpp:287] [create] Created (HwReadEl12yolov11n/conv54_143 | hw_frame_size: 512000)
[2026-04-15 18:17:38.179] [816968] [HailoRT] [info] [queue_elements.cpp:657] [create] Created (PullQEl_nms12yolov11n/conv54_143 | timeout: 10s)
[2026-04-15 18:17:38.179] [816968] [HailoRT] [info] [edge_elements.cpp:287] [create] Created (HwReadEl15yolov11n/conv62_143 | hw_frame_size: 102400)
[2026-04-15 18:17:38.179] [816968] [HailoRT] [info] [queue_elements.cpp:657] [create] Created (PullQEl_nms15yolov11n/conv62_143 | timeout: 10s)
[2026-04-15 18:17:38.179] [816968] [HailoRT] [info] [edge_elements.cpp:287] [create] Created (HwReadEl13yolov11n/conv65_143 | hw_frame_size: 128000)
[2026-04-15 18:17:38.179] [816968] [HailoRT] [info] [queue_elements.cpp:657] [create] Created (PullQEl_nms13yolov11n/conv65_143 | timeout: 10s)
[2026-04-15 18:17:38.180] [816968] [HailoRT] [info] [edge_elements.cpp:287] [create] Created (HwReadEl1yolov11n/conv77_143 | hw_frame_size: 30720)
[2026-04-15 18:17:38.180] [816968] [HailoRT] [info] [queue_elements.cpp:657] [create] Created (PullQEl_nms1yolov11n/conv77_143 | timeout: 10s)
[2026-04-15 18:17:38.180] [816968] [HailoRT] [info] [edge_elements.cpp:287] [create] Created (HwReadEl0yolov11n/conv80_143 | hw_frame_size: 38400)
[2026-04-15 18:17:38.180] [816968] [HailoRT] [info] [queue_elements.cpp:657] [create] Created (PullQEl_nms0yolov11n/conv80_143 | timeout: 10s)
[2026-04-15 18:17:38.180] [816968] [HailoRT] [info] [queue_elements.cpp:800] [create] Created (UserBufQEl_post_infer0yolov11n/yolov8_nms_postprocess | timeout: 10s)
[2026-04-15 18:17:38.180] [816968] [HailoRT] [info] [vstream.cpp:1114] [OutputVStreamImpl] Creating yolov11n/yolov8_nms_postprocess...
[2026-04-15 18:17:38.180] [816968] [HailoRT] [info] [vstream_builder.cpp:622] [create_output_post_process_nms] Output pipeline 'yolov11n/yolov8_nms_postprocess': HW >> (HwReadEl3yolov11n/conv51_143 | hw_frame_size: 409600) >> (PullQEl_nms3yolov11n/conv51_143) >> (HwReadEl12yolov11n/conv54_143 | hw_frame_size: 512000) >> (PullQEl_nms12yolov11n/conv54_143) >> (HwReadEl15yolov11n/conv62_143 | hw_frame_size: 102400) >> (PullQEl_nms15yolov11n/conv62_143) >> (HwReadEl13yolov11n/conv65_143 | hw_frame_size: 128000) >> (PullQEl_nms13yolov11n/conv65_143) >> (HwReadEl1yolov11n/conv77_143 | hw_frame_size: 30720) >> (PullQEl_nms1yolov11n/conv77_143) >> (HwReadEl0yolov11n/conv80_143 | hw_frame_size: 38400) >> (PullQEl_nms0yolov11n/conv80_143) >> (NmsPPMuxEl0YOLOV8-Post-Process | Op YOLOV8, Name: YOLOV8-Post-Process, Score threshold: 0.200, IoU threshold: 0.70, Classes: 80, Max bboxes per class: 100, Image height: 640, Image width: 640) >> (UserBufQEl_post_infer0yolov11n/yolov8_nms_postprocess | timeout: 10s)
[2026-04-15 18:18:38.180] [817826] [HailoRT] [info] [vdevice_native_stream.cpp:142] [write_impl] Failed write to stream yolov11n/input_layer1 (device: 0001:01:00.0) with status=HAILO_STREAM_ABORT(63)
[2026-04-15 18:18:38.180] [817826] [HailoRT] [info] [edge_elements.cpp:87] [run_push] Failed to send on input stream InputStream(index=8, name=yolov11n/input_layer1) because stream was aborted
[2026-04-15 18:18:38.180] [817826] [HailoRT] [info] [queue_elements.cpp:401] [run_in_thread] run_push of PushQEl8yolov11n/input_layer1 was aborted!
[2026-04-15 18:18:38.180] [817827] [HailoRT] [info] [vdevice_native_stream.cpp:331] [read_impl] Failed read from stream HAILO_STREAM_ABORT(63) (device: 0001:01:00.0)
[2026-04-15 18:18:38.180] [817827] [HailoRT] [info] [edge_elements.cpp:396] [run_pull] Reading from stream was aborted!
[2026-04-15 18:18:38.180] [817827] [HailoRT] [info] [queue_elements.cpp:738] [run_in_thread] run_pull of queue element PullQEl_nms3yolov11n/conv51_143 was aborted!
[2026-04-15 18:18:38.180] [817828] [HailoRT] [info] [vdevice_native_stream.cpp:331] [read_impl] Failed read from stream HAILO_STREAM_ABORT(63) (device: 0001:01:00.0)
[2026-04-15 18:18:38.180] [817828] [HailoRT] [info] [edge_elements.cpp:396] [run_pull] Reading from stream was aborted!
[2026-04-15 18:18:38.180] [817828] [HailoRT] [info] [queue_elements.cpp:738] [run_in_thread] run_pull of queue element PullQEl_nms12yolov11n/conv54_143 was aborted!
[2026-04-15 18:18:38.180] [817830] [HailoRT] [info] [vdevice_native_stream.cpp:331] [read_impl] Failed read from stream HAILO_STREAM_ABORT(63) (device: 0001:01:00.0)
[2026-04-15 18:18:38.180] [817830] [HailoRT] [info] [edge_elements.cpp:396] [run_pull] Reading from stream was aborted!
[2026-04-15 18:18:38.180] [817830] [HailoRT] [info] [queue_elements.cpp:738] [run_in_thread] run_pull of queue element PullQEl_nms13yolov11n/conv65_143 was aborted!
[2026-04-15 18:18:38.180] [817832] [HailoRT] [info] [vdevice_native_stream.cpp:331] [read_impl] Failed read from stream HAILO_STREAM_ABORT(63) (device: 0001:01:00.0)
[2026-04-15 18:18:38.180] [817832] [HailoRT] [info] [edge_elements.cpp:396] [run_pull] Reading from stream was aborted!
[2026-04-15 18:18:38.180] [817832] [HailoRT] [info] [queue_elements.cpp:738] [run_in_thread] run_pull of queue element PullQEl_nms0yolov11n/conv80_143 was aborted!
[2026-04-15 18:18:38.180] [817831] [HailoRT] [info] [vdevice_native_stream.cpp:331] [read_impl] Failed read from stream HAILO_STREAM_ABORT(63) (device: 0001:01:00.0)
[2026-04-15 18:18:38.180] [817831] [HailoRT] [info] [edge_elements.cpp:396] [run_pull] Reading from stream was aborted!
[2026-04-15 18:18:38.180] [817831] [HailoRT] [info] [queue_elements.cpp:738] [run_in_thread] run_pull of queue element PullQEl_nms1yolov11n/conv77_143 was aborted!
[2026-04-15 18:18:38.180] [817836] [HailoRT] [info] [queue_elements.cpp:706] [run_pull] Shutdown event was signaled in dequeue of queue element PullQEl_nms13yolov11n/conv65_143!
[2026-04-15 18:18:38.180] [817836] [HailoRT] [info] [vstream.cpp:1138] [read] Receiving to VStream was shutdown!
[2026-04-15 18:18:38.180] [817837] [HailoRT] [info] [vstream.cpp:774] [write] Sending to VStream was shutdown!
[2026-04-15 18:18:38.180] [817837] [HailoRT] [info] [vstream.cpp:778] [write] Sending to VStream was aborted!
[2026-04-15 18:18:38.181] [817829] [HailoRT] [info] [vdevice_native_stream.cpp:331] [read_impl] Failed read from stream HAILO_STREAM_ABORT(63) (device: 0001:01:00.0)
[2026-04-15 18:18:38.181] [817829] [HailoRT] [info] [edge_elements.cpp:396] [run_pull] Reading from stream was aborted!
[2026-04-15 18:18:38.181] [817829] [HailoRT] [info] [queue_elements.cpp:738] [run_in_thread] run_pull of queue element PullQEl_nms15yolov11n/conv62_143 was aborted!
[2026-04-15 18:18:38.223] [816968] [HailoRT] [info] [queue_elements.cpp:360] [execute_deactivate] enqueue() in element PushQEl8yolov11n/input_layer1 was aborted, got status = HAILO_SHUTDOWN_EVENT_SIGNALED(57)
[2026-04-15 18:18:38.223] [817826] [HailoRT] [info] [queue_elements.cpp:68] [operator()] Thread in element PushQEl8yolov11n/input_layer1 is not running anymore, exiting..
[2026-04-15 18:18:38.223] [816968] [HailoRT] [info] [queue_elements.cpp:46] [~BaseQueueElement] Queue element PushQEl8yolov11n/input_layer1 has 1 frames in his Queue on destruction
[2026-04-15 18:18:38.223] [817833] [HailoRT] [info] [queue_elements.cpp:68] [operator()] Thread in element UserBufQEl_post_infer0yolov11n/yolov8_nms_postprocess is not running anymore, exiting..
[2026-04-15 18:18:38.223] [816968] [HailoRT] [info] [queue_elements.cpp:46] [~BaseQueueElement] Queue element UserBufQEl_post_infer0yolov11n/yolov8_nms_postprocess has 0 frames in his Queue on destruction
[2026-04-15 18:18:38.223] [817832] [HailoRT] [info] [queue_elements.cpp:68] [operator()] Thread in element PullQEl_nms0yolov11n/conv80_143 is not running anymore, exiting..
[2026-04-15 18:18:38.223] [816968] [HailoRT] [info] [queue_elements.cpp:46] [~BaseQueueElement] Queue element PullQEl_nms0yolov11n/conv80_143 has 0 frames in his Queue on destruction
[2026-04-15 18:18:38.223] [817831] [HailoRT] [info] [queue_elements.cpp:68] [operator()] Thread in element PullQEl_nms1yolov11n/conv77_143 is not running anymore, exiting..
[2026-04-15 18:18:38.223] [816968] [HailoRT] [info] [queue_elements.cpp:46] [~BaseQueueElement] Queue element PullQEl_nms1yolov11n/conv77_143 has 1 frames in his Queue on destruction
[2026-04-15 18:18:38.223] [817830] [HailoRT] [info] [queue_elements.cpp:68] [operator()] Thread in element PullQEl_nms13yolov11n/conv65_143 is not running anymore, exiting..
[2026-04-15 18:18:38.223] [816968] [HailoRT] [info] [queue_elements.cpp:46] [~BaseQueueElement] Queue element PullQEl_nms13yolov11n/conv65_143 has 1 frames in his Queue on destruction
[2026-04-15 18:18:38.223] [817829] [HailoRT] [info] [queue_elements.cpp:68] [operator()] Thread in element PullQEl_nms15yolov11n/conv62_143 is not running anymore, exiting..
[2026-04-15 18:18:38.224] [816968] [HailoRT] [info] [queue_elements.cpp:46] [~BaseQueueElement] Queue element PullQEl_nms15yolov11n/conv62_143 has 0 frames in his Queue on destruction
[2026-04-15 18:18:38.224] [817828] [HailoRT] [info] [queue_elements.cpp:68] [operator()] Thread in element PullQEl_nms12yolov11n/conv54_143 is not running anymore, exiting..
[2026-04-15 18:18:38.224] [816968] [HailoRT] [info] [queue_elements.cpp:46] [~BaseQueueElement] Queue element PullQEl_nms12yolov11n/conv54_143 has 0 frames in his Queue on destruction
[2026-04-15 18:18:38.224] [817827] [HailoRT] [info] [queue_elements.cpp:68] [operator()] Thread in element PullQEl_nms3yolov11n/conv51_143 is not running anymore, exiting..
[2026-04-15 18:18:38.224] [816968] [HailoRT] [info] [queue_elements.cpp:46] [~BaseQueueElement] Queue element PullQEl_nms3yolov11n/conv51_143 has 0 frames in his Queue on destruction
[2026-04-15 18:18:38.224] [816968] [HailoRT] [info] [core_op.cpp:186] [deactivate] Deactivating took 0.008463 ms
[2026-04-15 18:18:38.224] [816968] [HailoRT] [info] [core_op.cpp:186] [deactivate] Deactivating took 0.01724 ms
[2026-04-15 18:18:38.276] [816968] [HailoRT] [info] [vdevice.cpp:535] [create] Creating vdevice with params: device_count: 1, scheduling_algorithm: NONE, multi_process_service: false
[2026-04-15 18:18:38.276] [816968] [HailoRT] [info] [device.cpp:51] [Device] OS Version: Linux 6.12.62+rpt-rpi-2712 #1 SMP PREEMPT Debian 1:6.12.62-1+rpt1 (2025-12-18) aarch64
[2026-04-15 18:18:38.276] [816968] [HailoRT] [info] [control.cpp:113] [control__parse_identify_results] firmware_version is: 4.23.0
[2026-04-15 18:18:38.276] [816968] [HailoRT] [info] [vdevice.cpp:682] [create] VDevice Infos: 0001:01:00.0
[2026-04-15 18:18:38.283] [816968] [HailoRT] [warning] [buffer_requirements.cpp:131] [get_buffer_requirements_multiple_transfers] Desc page size value (1024) is not optimal for performance.
[2026-04-15 18:18:38.306] [816968] [HailoRT] [info] [internal_buffer_manager.cpp:77] [print_execution_results] Planned internal buffer memory: CMA=0 CMA-Desc=1507328 Pinned=65948672. memory to edge layer usage factor is 1
[2026-04-15 18:18:38.306] [816968] [HailoRT] [info] [internal_buffer_manager.cpp:86] [print_execution_results] Default Internal buffer planner executed successfully
[2026-04-15 18:18:38.433] [816968] [HailoRT] [info] [device_internal.cpp:57] [configure] Configuring HEF took 156.849629 milliseconds
[2026-04-15 18:18:38.434] [816968] [HailoRT] [info] [vdevice.cpp:780] [configure] Configuring HEF on VDevice took 157.221942 milliseconds
[2026-04-15 18:18:38.434] [816968] [HailoRT] [info] [control.cpp:113] [control__parse_identify_results] firmware_version is: 4.23.0
[2026-04-15 18:18:38.434] [816968] [HailoRT] [info] [control.cpp:113] [control__parse_identify_results] firmware_version is: 4.23.0
[2026-04-15 18:18:38.464] [816968] [HailoRT] [info] [core_op.cpp:156] [activate] Activating yolov11n took 29.993253 milliseconds. Note that the function is asynchronous and thus the network is not fully activated yet.
[2026-04-15 18:18:38.464] [816968] [HailoRT] [info] [core_op.cpp:156] [activate] Activating yolov11n took 30.017123 milliseconds. Note that the function is asynchronous and thus the network is not fully activated yet.
[2026-04-15 18:18:38.478] [816968] [HailoRT] [info] [control.cpp:113] [control__parse_identify_results] firmware_version is: 4.23.0
[2026-04-15 18:18:38.478] [816968] [HailoRT] [info] [control.cpp:113] [control__parse_identify_results] firmware_version is: 4.23.0
[2026-04-15 18:18:38.478] [816968] [HailoRT] [info] [edge_elements.cpp:52] [create] Created (HwWriteEl8yolov11n/input_layer1 | hw_frame_size: 1228800)
[2026-04-15 18:18:38.478] [816968] [HailoRT] [info] [queue_elements.cpp:284] [create] Created (PushQEl8yolov11n/input_layer1 | timeout: 10s)
[2026-04-15 18:18:38.478] [816968] [HailoRT] [info] [filter_elements.cpp:101] [create] Created (PreInferEl8yolov11n/input_layer1 | Reorder - src_order: NHWC, src_shape: (640, 640, 3), dst_order: NHCW, dst_shape: (640, 640, 3))
[2026-04-15 18:18:38.478] [816968] [HailoRT] [info] [vstream.cpp:754] [InputVStreamImpl] Creating yolov11n/input_layer1...
[2026-04-15 18:18:38.478] [816968] [HailoRT] [info] [vstream_builder.cpp:102] [create_inputs] Input pipeline 'yolov11n/input_layer1': (PreInferEl8yolov11n/input_layer1 | Reorder - src_order: NHWC, src_shape: (640, 640, 3), dst_order: NHCW, dst_shape: (640, 640, 3)) >> (PushQEl8yolov11n/input_layer1 | timeout: 10s) >> (HwWriteEl8yolov11n/input_layer1 | hw_frame_size: 1228800) >> HW
[2026-04-15 18:18:38.478] [816968] [HailoRT] [info] [multi_io_elements.cpp:135] [create] Created (NmsPPMuxEl0YOLOV8-Post-Process | Op YOLOV8, Name: YOLOV8-Post-Process, Score threshold: 0.200, IoU threshold: 0.70, Classes: 80, Max bboxes per class: 100, Image height: 640, Image width: 640)
[2026-04-15 18:18:38.478] [816968] [HailoRT] [info] [edge_elements.cpp:287] [create] Created (HwReadEl3yolov11n/conv51_143 | hw_frame_size: 409600)
[2026-04-15 18:18:38.478] [816968] [HailoRT] [info] [queue_elements.cpp:657] [create] Created (PullQEl_nms3yolov11n/conv51_143 | timeout: 10s)
[2026-04-15 18:18:38.478] [816968] [HailoRT] [info] [edge_elements.cpp:287] [create] Created (HwReadEl12yolov11n/conv54_143 | hw_frame_size: 512000)
[2026-04-15 18:18:38.478] [816968] [HailoRT] [info] [queue_elements.cpp:657] [create] Created (PullQEl_nms12yolov11n/conv54_143 | timeout: 10s)
[2026-04-15 18:18:38.478] [816968] [HailoRT] [info] [edge_elements.cpp:287] [create] Created (HwReadEl15yolov11n/conv62_143 | hw_frame_size: 102400)
[2026-04-15 18:18:38.478] [816968] [HailoRT] [info] [queue_elements.cpp:657] [create] Created (PullQEl_nms15yolov11n/conv62_143 | timeout: 10s)
[2026-04-15 18:18:38.478] [816968] [HailoRT] [info] [edge_elements.cpp:287] [create] Created (HwReadEl13yolov11n/conv65_143 | hw_frame_size: 128000)
[2026-04-15 18:18:38.479] [816968] [HailoRT] [info] [queue_elements.cpp:657] [create] Created (PullQEl_nms13yolov11n/conv65_143 | timeout: 10s)
[2026-04-15 18:18:38.479] [816968] [HailoRT] [info] [edge_elements.cpp:287] [create] Created (HwReadEl1yolov11n/conv77_143 | hw_frame_size: 30720)
[2026-04-15 18:18:38.479] [816968] [HailoRT] [info] [queue_elements.cpp:657] [create] Created (PullQEl_nms1yolov11n/conv77_143 | timeout: 10s)
[2026-04-15 18:18:38.479] [816968] [HailoRT] [info] [edge_elements.cpp:287] [create] Created (HwReadEl0yolov11n/conv80_143 | hw_frame_size: 38400)
[2026-04-15 18:18:38.479] [816968] [HailoRT] [info] [queue_elements.cpp:657] [create] Created (PullQEl_nms0yolov11n/conv80_143 | timeout: 10s)
[2026-04-15 18:18:38.479] [816968] [HailoRT] [info] [queue_elements.cpp:800] [create] Created (UserBufQEl_post_infer0yolov11n/yolov8_nms_postprocess | timeout: 10s)
[2026-04-15 18:18:38.479] [816968] [HailoRT] [info] [vstream.cpp:1114] [OutputVStreamImpl] Creating yolov11n/yolov8_nms_postprocess...
[2026-04-15 18:18:38.479] [816968] [HailoRT] [info] [vstream_builder.cpp:622] [create_output_post_process_nms] Output pipeline 'yolov11n/yolov8_nms_postprocess': HW >> (HwReadEl3yolov11n/conv51_143 | hw_frame_size: 409600) >> (PullQEl_nms3yolov11n/conv51_143) >> (HwReadEl12yolov11n/conv54_143 | hw_frame_size: 512000) >> (PullQEl_nms12yolov11n/conv54_143) >> (HwReadEl15yolov11n/conv62_143 | hw_frame_size: 102400) >> (PullQEl_nms15yolov11n/conv62_143) >> (HwReadEl13yolov11n/conv65_143 | hw_frame_size: 128000) >> (PullQEl_nms13yolov11n/conv65_143) >> (HwReadEl1yolov11n/conv77_143 | hw_frame_size: 30720) >> (PullQEl_nms1yolov11n/conv77_143) >> (HwReadEl0yolov11n/conv80_143 | hw_frame_size: 38400) >> (PullQEl_nms0yolov11n/conv80_143) >> (NmsPPMuxEl0YOLOV8-Post-Process | Op YOLOV8, Name: YOLOV8-Post-Process, Score threshold: 0.200, IoU threshold: 0.70, Classes: 80, Max bboxes per class: 100, Image height: 640, Image width: 640) >> (UserBufQEl_post_infer0yolov11n/yolov8_nms_postprocess | timeout: 10s)
[2026-04-15 18:19:38.479] [818698] [HailoRT] [info] [vdevice_native_stream.cpp:331] [read_impl] Failed read from stream HAILO_STREAM_ABORT(63) (device: 0001:01:00.0)
[2026-04-15 18:19:38.479] [818698] [HailoRT] [info] [edge_elements.cpp:396] [run_pull] Reading from stream was aborted!
[2026-04-15 18:19:38.479] [818698] [HailoRT] [info] [queue_elements.cpp:738] [run_in_thread] run_pull of queue element PullQEl_nms12yolov11n/conv54_143 was aborted!
[2026-04-15 18:19:38.479] [818702] [HailoRT] [info] [vdevice_native_stream.cpp:331] [read_impl] Failed read from stream HAILO_STREAM_ABORT(63) (device: 0001:01:00.0)
[2026-04-15 18:19:38.479] [818702] [HailoRT] [info] [edge_elements.cpp:396] [run_pull] Reading from stream was aborted!
[2026-04-15 18:19:38.479] [818702] [HailoRT] [info] [queue_elements.cpp:738] [run_in_thread] run_pull of queue element PullQEl_nms0yolov11n/conv80_143 was aborted!
[2026-04-15 18:19:38.479] [818697] [HailoRT] [info] [vdevice_native_stream.cpp:331] [read_impl] Failed read from stream HAILO_STREAM_ABORT(63) (device: 0001:01:00.0)
[2026-04-15 18:19:38.479] [818697] [HailoRT] [info] [edge_elements.cpp:396] [run_pull] Reading from stream was aborted!
[2026-04-15 18:19:38.479] [818697] [HailoRT] [info] [queue_elements.cpp:738] [run_in_thread] run_pull of queue element PullQEl_nms3yolov11n/conv51_143 was aborted!
[2026-04-15 18:19:38.479] [818701] [HailoRT] [info] [vdevice_native_stream.cpp:331] [read_impl] Failed read from stream HAILO_STREAM_ABORT(63) (device: 0001:01:00.0)
[2026-04-15 18:19:38.479] [818701] [HailoRT] [info] [edge_elements.cpp:396] [run_pull] Reading from stream was aborted!
[2026-04-15 18:19:38.479] [818701] [HailoRT] [info] [queue_elements.cpp:738] [run_in_thread] run_pull of queue element PullQEl_nms1yolov11n/conv77_143 was aborted!
[2026-04-15 18:19:38.479] [818699] [HailoRT] [info] [vdevice_native_stream.cpp:331] [read_impl] Failed read from stream HAILO_STREAM_ABORT(63) (device: 0001:01:00.0)
[2026-04-15 18:19:38.479] [818699] [HailoRT] [info] [edge_elements.cpp:396] [run_pull] Reading from stream was aborted!
[2026-04-15 18:19:38.479] [818699] [HailoRT] [info] [queue_elements.cpp:738] [run_in_thread] run_pull of queue element PullQEl_nms15yolov11n/conv62_143 was aborted!
[2026-04-15 18:19:38.479] [818700] [HailoRT] [info] [vdevice_native_stream.cpp:331] [read_impl] Failed read from stream HAILO_STREAM_ABORT(63) (device: 0001:01:00.0)
[2026-04-15 18:19:38.479] [818700] [HailoRT] [info] [edge_elements.cpp:396] [run_pull] Reading from stream was aborted!
[2026-04-15 18:19:38.479] [818700] [HailoRT] [info] [queue_elements.cpp:738] [run_in_thread] run_pull of queue element PullQEl_nms13yolov11n/conv65_143 was aborted!
[2026-04-15 18:19:38.480] [818706] [HailoRT] [info] [queue_elements.cpp:706] [run_pull] Shutdown event was signaled in dequeue of queue element PullQEl_nms3yolov11n/conv51_143!
[2026-04-15 18:19:38.480] [818706] [HailoRT] [info] [vstream.cpp:1138] [read] Receiving to VStream was shutdown!
[2026-04-15 18:19:38.481] [818696] [HailoRT] [info] [vdevice_native_stream.cpp:142] [write_impl] Failed write to stream yolov11n/input_layer1 (device: 0001:01:00.0) with status=HAILO_STREAM_ABORT(63)
[2026-04-15 18:19:38.481] [818696] [HailoRT] [info] [edge_elements.cpp:87] [run_push] Failed to send on input stream InputStream(index=8, name=yolov11n/input_layer1) because stream was aborted
[2026-04-15 18:19:38.481] [818696] [HailoRT] [info] [queue_elements.cpp:401] [run_in_thread] run_push of PushQEl8yolov11n/input_layer1 was aborted!
[2026-04-15 18:19:38.482] [818707] [HailoRT] [info] [queue_elements.cpp:319] [run_push] run_push of PushQEl8yolov11n/input_layer1 was aborted!
[2026-04-15 18:19:38.482] [818707] [HailoRT] [info] [filter_elements.cpp:35] [run_push] run_push of PreInferEl8yolov11n/input_layer1 was aborted!
[2026-04-15 18:19:38.482] [818707] [HailoRT] [info] [vstream.cpp:778] [write] Sending to VStream was aborted!
[2026-04-15 18:19:38.490] [816968] [HailoRT] [info] [queue_elements.cpp:360] [execute_deactivate] enqueue() in element PushQEl8yolov11n/input_layer1 was aborted, got status = HAILO_SHUTDOWN_EVENT_SIGNALED(57)
[2026-04-15 18:19:38.490] [818696] [HailoRT] [info] [queue_elements.cpp:68] [operator()] Thread in element PushQEl8yolov11n/input_layer1 is not running anymore, exiting..
[2026-04-15 18:19:38.490] [816968] [HailoRT] [info] [queue_elements.cpp:46] [~BaseQueueElement] Queue element PushQEl8yolov11n/input_layer1 has 0 frames in his Queue on destruction
[2026-04-15 18:19:38.490] [818703] [HailoRT] [info] [queue_elements.cpp:68] [operator()] Thread in element UserBufQEl_post_infer0yolov11n/yolov8_nms_postprocess is not running anymore, exiting..
[2026-04-15 18:19:38.491] [816968] [HailoRT] [info] [queue_elements.cpp:46] [~BaseQueueElement] Queue element UserBufQEl_post_infer0yolov11n/yolov8_nms_postprocess has 0 frames in his Queue on destruction
[2026-04-15 18:19:38.491] [818702] [HailoRT] [info] [queue_elements.cpp:68] [operator()] Thread in element PullQEl_nms0yolov11n/conv80_143 is not running anymore, exiting..
[2026-04-15 18:19:38.491] [816968] [HailoRT] [info] [queue_elements.cpp:46] [~BaseQueueElement] Queue element PullQEl_nms0yolov11n/conv80_143 has 0 frames in his Queue on destruction
[2026-04-15 18:19:38.491] [818701] [HailoRT] [info] [queue_elements.cpp:68] [operator()] Thread in element PullQEl_nms1yolov11n/conv77_143 is not running anymore, exiting..
[2026-04-15 18:19:38.491] [816968] [HailoRT] [info] [queue_elements.cpp:46] [~BaseQueueElement] Queue element PullQEl_nms1yolov11n/conv77_143 has 0 frames in his Queue on destruction
[2026-04-15 18:19:38.491] [818700] [HailoRT] [info] [queue_elements.cpp:68] [operator()] Thread in element PullQEl_nms13yolov11n/conv65_143 is not running anymore, exiting..
[2026-04-15 18:19:38.491] [816968] [HailoRT] [info] [queue_elements.cpp:46] [~BaseQueueElement] Queue element PullQEl_nms13yolov11n/conv65_143 has 0 frames in his Queue on destruction
[2026-04-15 18:19:38.491] [818699] [HailoRT] [info] [queue_elements.cpp:68] [operator()] Thread in element PullQEl_nms15yolov11n/conv62_143 is not running anymore, exiting..
[2026-04-15 18:19:38.491] [816968] [HailoRT] [info] [queue_elements.cpp:46] [~BaseQueueElement] Queue element PullQEl_nms15yolov11n/conv62_143 has 0 frames in his Queue on destruction
[2026-04-15 18:19:38.491] [818698] [HailoRT] [info] [queue_elements.cpp:68] [operator()] Thread in element PullQEl_nms12yolov11n/conv54_143 is not running anymore, exiting..
[2026-04-15 18:19:38.491] [816968] [HailoRT] [info] [queue_elements.cpp:46] [~BaseQueueElement] Queue element PullQEl_nms12yolov11n/conv54_143 has 0 frames in his Queue on destruction
[2026-04-15 18:19:38.491] [818697] [HailoRT] [info] [queue_elements.cpp:68] [operator()] Thread in element PullQEl_nms3yolov11n/conv51_143 is not running anymore, exiting..
[2026-04-15 18:19:38.491] [816968] [HailoRT] [info] [queue_elements.cpp:46] [~BaseQueueElement] Queue element PullQEl_nms3yolov11n/conv51_143 has 0 frames in his Queue on destruction
[2026-04-15 18:19:38.491] [816968] [HailoRT] [info] [core_op.cpp:186] [deactivate] Deactivating took 0.009981 ms
[2026-04-15 18:19:38.491] [816968] [HailoRT] [info] [core_op.cpp:186] [deactivate] Deactivating took 0.019352 ms
[2026-04-15 18:19:48.834] [819639] [HailoRT] [info] [vdevice.cpp:535] [create] Creating vdevice with params: device_count: 1, scheduling_algorithm: NONE, multi_process_service: false
[2026-04-15 18:19:48.847] [819639] [HailoRT] [info] [device.cpp:51] [Device] OS Version: Linux 6.12.62+rpt-rpi-2712 #1 SMP PREEMPT Debian 1:6.12.62-1+rpt1 (2025-12-18) aarch64
[2026-04-15 18:19:48.847] [819639] [HailoRT] [info] [control.cpp:113] [control__parse_identify_results] firmware_version is: 4.23.0
[2026-04-15 18:19:48.847] [819639] [HailoRT] [info] [vdevice.cpp:682] [create] VDevice Infos: 0001:01:00.0
[2026-04-15 18:19:48.855] [819639] [HailoRT] [warning] [buffer_requirements.cpp:131] [get_buffer_requirements_multiple_transfers] Desc page size value (1024) is not optimal for performance.
[2026-04-15 18:19:48.879] [819639] [HailoRT] [info] [internal_buffer_manager.cpp:77] [print_execution_results] Planned internal buffer memory: CMA=0 CMA-Desc=1703936 Pinned=74191872. memory to edge layer usage factor is 1
[2026-04-15 18:19:48.879] [819639] [HailoRT] [info] [internal_buffer_manager.cpp:86] [print_execution_results] Default Internal buffer planner executed successfully
[2026-04-15 18:19:49.006] [819639] [HailoRT] [info] [device_internal.cpp:57] [configure] Configuring HEF took 157.924128 milliseconds
[2026-04-15 18:19:49.006] [819639] [HailoRT] [info] [vdevice.cpp:780] [configure] Configuring HEF on VDevice took 158.364663 milliseconds
[2026-04-15 18:19:49.006] [819639] [HailoRT] [info] [control.cpp:113] [control__parse_identify_results] firmware_version is: 4.23.0
[2026-04-15 18:19:49.007] [819639] [HailoRT] [info] [control.cpp:113] [control__parse_identify_results] firmware_version is: 4.23.0
[2026-04-15 18:19:49.044] [819639] [HailoRT] [info] [core_op.cpp:156] [activate] Activating yolov11n took 37.834275 milliseconds. Note that the function is asynchronous and thus the network is not fully activated yet.
[2026-04-15 18:19:49.044] [819639] [HailoRT] [info] [core_op.cpp:156] [activate] Activating yolov11n took 37.86283 milliseconds. Note that the function is asynchronous and thus the network is not fully activated yet.
[2026-04-15 18:19:49.058] [819639] [HailoRT] [info] [control.cpp:113] [control__parse_identify_results] firmware_version is: 4.23.0
[2026-04-15 18:19:49.058] [819639] [HailoRT] [info] [control.cpp:113] [control__parse_identify_results] firmware_version is: 4.23.0
[2026-04-15 18:19:50.238] [819631] [HailoRT] [info] [device.cpp:51] [Device] OS Version: Linux 6.12.62+rpt-rpi-2712 #1 SMP PREEMPT Debian 1:6.12.62-1+rpt1 (2025-12-18) aarch64
[2026-04-15 18:19:50.239] [819631] [HailoRT] [info] [control.cpp:113] [control__parse_identify_results] firmware_version is: 4.23.0
[2026-04-15 18:19:50.239] [819631] [HailoRT] [info] [control.cpp:113] [control__parse_identify_results] firmware_version is: 4.23.0
[2026-04-15 18:20:49.058] [819654] [HailoRT] [info] [vdevice_native_stream.cpp:331] [read_impl] Failed read from stream HAILO_STREAM_ABORT(63) (device: 0001:01:00.0)
[2026-04-15 18:20:49.058] [819653] [HailoRT] [info] [vdevice_native_stream.cpp:331] [read_impl] Failed read from stream HAILO_STREAM_ABORT(63) (device: 0001:01:00.0)
[2026-04-15 18:20:49.058] [819652] [HailoRT] [info] [vdevice_native_stream.cpp:331] [read_impl] Failed read from stream HAILO_STREAM_ABORT(63) (device: 0001:01:00.0)
[2026-04-15 18:20:49.058] [819650] [HailoRT] [info] [vdevice_native_stream.cpp:331] [read_impl] Failed read from stream HAILO_STREAM_ABORT(63) (device: 0001:01:00.0)
[2026-04-15 18:20:49.058] [819651] [HailoRT] [info] [vdevice_native_stream.cpp:331] [read_impl] Failed read from stream HAILO_STREAM_ABORT(63) (device: 0001:01:00.0)
[2026-04-15 18:20:49.058] [819649] [HailoRT] [info] [vdevice_native_stream.cpp:331] [read_impl] Failed read from stream HAILO_STREAM_ABORT(63) (device: 0001:01:00.0)
[2026-04-15 18:20:49.058] [819655] [HailoRT] [info] [vdevice_native_stream.cpp:142] [write_impl] Failed write to stream yolov11n/input_layer1 (device: 0001:01:00.0) with status=HAILO_STREAM_ABORT(63)
[2026-04-15 18:20:49.094] [819639] [HailoRT] [info] [core_op.cpp:186] [deactivate] Deactivating took 0.008796 ms
[2026-04-15 18:20:49.094] [819639] [HailoRT] [info] [core_op.cpp:186] [deactivate] Deactivating took 0.031297 ms
[2026-04-15 18:20:49.152] [819639] [HailoRT] [info] [vdevice.cpp:535] [create] Creating vdevice with params: device_count: 1, scheduling_algorithm: NONE, multi_process_service: false
[2026-04-15 18:20:49.153] [819639] [HailoRT] [info] [device.cpp:51] [Device] OS Version: Linux 6.12.62+rpt-rpi-2712 #1 SMP PREEMPT Debian 1:6.12.62-1+rpt1 (2025-12-18) aarch64
[2026-04-15 18:20:49.153] [819639] [HailoRT] [info] [control.cpp:113] [control__parse_identify_results] firmware_version is: 4.23.0
[2026-04-15 18:20:49.153] [819639] [HailoRT] [info] [vdevice.cpp:682] [create] VDevice Infos: 0001:01:00.0
[2026-04-15 18:20:49.159] [819639] [HailoRT] [warning] [buffer_requirements.cpp:131] [get_buffer_requirements_multiple_transfers] Desc page size value (1024) is not optimal for performance.
[2026-04-15 18:20:49.180] [819639] [HailoRT] [info] [internal_buffer_manager.cpp:77] [print_execution_results] Planned internal buffer memory: CMA=0 CMA-Desc=1703936 Pinned=74191872. memory to edge layer usage factor is 1
[2026-04-15 18:20:49.180] [819639] [HailoRT] [info] [internal_buffer_manager.cpp:86] [print_execution_results] Default Internal buffer planner executed successfully
[2026-04-15 18:20:49.311] [819639] [HailoRT] [info] [device_internal.cpp:57] [configure] Configuring HEF took 157.484544 milliseconds
[2026-04-15 18:20:49.311] [819639] [HailoRT] [info] [vdevice.cpp:780] [configure] Configuring HEF on VDevice took 157.857673 milliseconds
[2026-04-15 18:20:49.311] [819639] [HailoRT] [info] [control.cpp:113] [control__parse_identify_results] firmware_version is: 4.23.0
[2026-04-15 18:20:49.311] [819639] [HailoRT] [info] [control.cpp:113] [control__parse_identify_results] firmware_version is: 4.23.0
[2026-04-15 18:20:49.349] [819639] [HailoRT] [info] [core_op.cpp:156] [activate] Activating yolov11n took 37.3112 milliseconds. Note that the function is asynchronous and thus the network is not fully activated yet.
[2026-04-15 18:20:49.349] [819639] [HailoRT] [info] [core_op.cpp:156] [activate] Activating yolov11n took 37.335682 milliseconds. Note that the function is asynchronous and thus the network is not fully activated yet.
[2026-04-15 18:20:49.362] [819639] [HailoRT] [info] [control.cpp:113] [control__parse_identify_results] firmware_version is: 4.23.0
[2026-04-15 18:20:49.362] [819639] [HailoRT] [info] [control.cpp:113] [control__parse_identify_results] firmware_version is: 4.23.0
[2026-04-15 18:20:49.362] [819639] [HailoRT] [info] [edge_elements.cpp:52] [create] Created (HwWriteEl8yolov11n/input_layer1 | hw_frame_size: 1228800)
[2026-04-15 18:20:49.362] [819639] [HailoRT] [info] [queue_elements.cpp:284] [create] Created (PushQEl8yolov11n/input_layer1 | timeout: 10s)
[2026-04-15 18:20:49.362] [819639] [HailoRT] [info] [filter_elements.cpp:101] [create] Created (PreInferEl8yolov11n/input_layer1 | Reorder - src_order: NHWC, src_shape: (640, 640, 3), dst_order: NHCW, dst_shape: (640, 640, 3))
[2026-04-15 18:20:49.362] [819639] [HailoRT] [info] [vstream.cpp:754] [InputVStreamImpl] Creating yolov11n/input_layer1...
[2026-04-15 18:20:49.362] [819639] [HailoRT] [info] [vstream_builder.cpp:102] [create_inputs] Input pipeline 'yolov11n/input_layer1': (PreInferEl8yolov11n/input_layer1 | Reorder - src_order: NHWC, src_shape: (640, 640, 3), dst_order: NHCW, dst_shape: (640, 640, 3)) >> (PushQEl8yolov11n/input_layer1 | timeout: 10s) >> (HwWriteEl8yolov11n/input_layer1 | hw_frame_size: 1228800) >> HW
[2026-04-15 18:20:49.362] [819639] [HailoRT] [info] [multi_io_elements.cpp:135] [create] Created (NmsPPMuxEl0YOLOV8-Post-Process | Op YOLOV8, Name: YOLOV8-Post-Process, Score threshold: 0.200, IoU threshold: 0.70, Classes: 80, Max bboxes per class: 100, Image height: 640, Image width: 640)
[2026-04-15 18:20:49.362] [819639] [HailoRT] [info] [edge_elements.cpp:287] [create] Created (HwReadEl3yolov11n/conv51_143 | hw_frame_size: 409600)
[2026-04-15 18:20:49.363] [819639] [HailoRT] [info] [queue_elements.cpp:657] [create] Created (PullQEl_nms3yolov11n/conv51_143 | timeout: 10s)
[2026-04-15 18:20:49.363] [819639] [HailoRT] [info] [edge_elements.cpp:287] [create] Created (HwReadEl12yolov11n/conv54_143 | hw_frame_size: 512000)
[2026-04-15 18:20:49.363] [819639] [HailoRT] [info] [queue_elements.cpp:657] [create] Created (PullQEl_nms12yolov11n/conv54_143 | timeout: 10s)
[2026-04-15 18:20:49.363] [819639] [HailoRT] [info] [edge_elements.cpp:287] [create] Created (HwReadEl15yolov11n/conv62_143 | hw_frame_size: 102400)
[2026-04-15 18:20:49.363] [819639] [HailoRT] [info] [queue_elements.cpp:657] [create] Created (PullQEl_nms15yolov11n/conv62_143 | timeout: 10s)
[2026-04-15 18:20:49.363] [819639] [HailoRT] [info] [edge_elements.cpp:287] [create] Created (HwReadEl13yolov11n/conv65_143 | hw_frame_size: 128000)
[2026-04-15 18:20:49.363] [819639] [HailoRT] [info] [queue_elements.cpp:657] [create] Created (PullQEl_nms13yolov11n/conv65_143 | timeout: 10s)
[2026-04-15 18:20:49.363] [819639] [HailoRT] [info] [edge_elements.cpp:287] [create] Created (HwReadEl1yolov11n/conv77_143 | hw_frame_size: 30720)
[2026-04-15 18:20:49.363] [819639] [HailoRT] [info] [queue_elements.cpp:657] [create] Created (PullQEl_nms1yolov11n/conv77_143 | timeout: 10s)
[2026-04-15 18:20:49.363] [819639] [HailoRT] [info] [edge_elements.cpp:287] [create] Created (HwReadEl0yolov11n/conv80_143 | hw_frame_size: 38400)
[2026-04-15 18:20:49.363] [819639] [HailoRT] [info] [queue_elements.cpp:657] [create] Created (PullQEl_nms0yolov11n/conv80_143 | timeout: 10s)
[2026-04-15 18:20:49.363] [819639] [HailoRT] [info] [queue_elements.cpp:800] [create] Created (UserBufQEl_post_infer0yolov11n/yolov8_nms_postprocess | timeout: 10s)
[2026-04-15 18:20:49.363] [819639] [HailoRT] [info] [vstream.cpp:1114] [OutputVStreamImpl] Creating yolov11n/yolov8_nms_postprocess...
[2026-04-15 18:20:49.363] [819639] [HailoRT] [info] [vstream_builder.cpp:622] [create_output_post_process_nms] Output pipeline 'yolov11n/yolov8_nms_postprocess': HW >> (HwReadEl3yolov11n/conv51_143 | hw_frame_size: 409600) >> (PullQEl_nms3yolov11n/conv51_143) >> (HwReadEl12yolov11n/conv54_143 | hw_frame_size: 512000) >> (PullQEl_nms12yolov11n/conv54_143) >> (HwReadEl15yolov11n/conv62_143 | hw_frame_size: 102400) >> (PullQEl_nms15yolov11n/conv62_143) >> (HwReadEl13yolov11n/conv65_143 | hw_frame_size: 128000) >> (PullQEl_nms13yolov11n/conv65_143) >> (HwReadEl1yolov11n/conv77_143 | hw_frame_size: 30720) >> (PullQEl_nms1yolov11n/conv77_143) >> (HwReadEl0yolov11n/conv80_143 | hw_frame_size: 38400) >> (PullQEl_nms0yolov11n/conv80_143) >> (NmsPPMuxEl0YOLOV8-Post-Process | Op YOLOV8, Name: YOLOV8-Post-Process, Score threshold: 0.200, IoU threshold: 0.70, Classes: 80, Max bboxes per class: 100, Image height: 640, Image width: 640) >> (UserBufQEl_post_infer0yolov11n/yolov8_nms_postprocess | timeout: 10s)
[2026-04-15 18:21:49.363] [820499] [HailoRT] [info] [vdevice_native_stream.cpp:331] [read_impl] Failed read from stream HAILO_STREAM_ABORT(63) (device: 0001:01:00.0)
[2026-04-15 18:21:49.364] [820499] [HailoRT] [info] [edge_elements.cpp:396] [run_pull] Reading from stream was aborted!
[2026-04-15 18:21:49.364] [820499] [HailoRT] [info] [queue_elements.cpp:738] [run_in_thread] run_pull of queue element PullQEl_nms3yolov11n/conv51_143 was aborted!
[2026-04-15 18:21:49.364] [820504] [HailoRT] [info] [vdevice_native_stream.cpp:331] [read_impl] Failed read from stream HAILO_STREAM_ABORT(63) (device: 0001:01:00.0)
[2026-04-15 18:21:49.364] [820504] [HailoRT] [info] [edge_elements.cpp:396] [run_pull] Reading from stream was aborted!
[2026-04-15 18:21:49.364] [820504] [HailoRT] [info] [queue_elements.cpp:738] [run_in_thread] run_pull of queue element PullQEl_nms0yolov11n/conv80_143 was aborted!
[2026-04-15 18:21:49.364] [820500] [HailoRT] [info] [vdevice_native_stream.cpp:331] [read_impl] Failed read from stream HAILO_STREAM_ABORT(63) (device: 0001:01:00.0)
[2026-04-15 18:21:49.364] [820500] [HailoRT] [info] [edge_elements.cpp:396] [run_pull] Reading from stream was aborted!
[2026-04-15 18:21:49.364] [820500] [HailoRT] [info] [queue_elements.cpp:738] [run_in_thread] run_pull of queue element PullQEl_nms12yolov11n/conv54_143 was aborted!
[2026-04-15 18:21:49.364] [820503] [HailoRT] [info] [vdevice_native_stream.cpp:331] [read_impl] Failed read from stream HAILO_STREAM_ABORT(63) (device: 0001:01:00.0)
[2026-04-15 18:21:49.364] [820503] [HailoRT] [info] [edge_elements.cpp:396] [run_pull] Reading from stream was aborted!
[2026-04-15 18:21:49.364] [820503] [HailoRT] [info] [queue_elements.cpp:738] [run_in_thread] run_pull of queue element PullQEl_nms1yolov11n/conv77_143 was aborted!
[2026-04-15 18:21:49.364] [820508] [HailoRT] [info] [queue_elements.cpp:706] [run_pull] Shutdown event was signaled in dequeue of queue element PullQEl_nms0yolov11n/conv80_143!
[2026-04-15 18:21:49.364] [820508] [HailoRT] [info] [vstream.cpp:1138] [read] Receiving to VStream was shutdown!
[2026-04-15 18:21:49.364] [820501] [HailoRT] [info] [vdevice_native_stream.cpp:331] [read_impl] Failed read from stream HAILO_STREAM_ABORT(63) (device: 0001:01:00.0)
[2026-04-15 18:21:49.364] [820501] [HailoRT] [info] [edge_elements.cpp:396] [run_pull] Reading from stream was aborted!
[2026-04-15 18:21:49.364] [820501] [HailoRT] [info] [queue_elements.cpp:738] [run_in_thread] run_pull of queue element PullQEl_nms15yolov11n/conv62_143 was aborted!
[2026-04-15 18:21:49.364] [820502] [HailoRT] [info] [vdevice_native_stream.cpp:331] [read_impl] Failed read from stream HAILO_STREAM_ABORT(63) (device: 0001:01:00.0)
[2026-04-15 18:21:49.364] [820502] [HailoRT] [info] [edge_elements.cpp:396] [run_pull] Reading from stream was aborted!
[2026-04-15 18:21:49.364] [820502] [HailoRT] [info] [queue_elements.cpp:738] [run_in_thread] run_pull of queue element PullQEl_nms13yolov11n/conv65_143 was aborted!
[2026-04-15 18:21:49.364] [820498] [HailoRT] [info] [vdevice_native_stream.cpp:142] [write_impl] Failed write to stream yolov11n/input_layer1 (device: 0001:01:00.0) with status=HAILO_STREAM_ABORT(63)
[2026-04-15 18:21:49.364] [820498] [HailoRT] [info] [edge_elements.cpp:87] [run_push] Failed to send on input stream InputStream(index=8, name=yolov11n/input_layer1) because stream was aborted
[2026-04-15 18:21:49.364] [820498] [HailoRT] [info] [queue_elements.cpp:401] [run_in_thread] run_push of PushQEl8yolov11n/input_layer1 was aborted!
[2026-04-15 18:21:49.364] [820509] [HailoRT] [info] [vstream.cpp:774] [write] Sending to VStream was shutdown!
[2026-04-15 18:21:49.364] [820509] [HailoRT] [info] [vstream.cpp:778] [write] Sending to VStream was aborted!
[2026-04-15 18:21:49.405] [819639] [HailoRT] [info] [queue_elements.cpp:360] [execute_deactivate] enqueue() in element PushQEl8yolov11n/input_layer1 was aborted, got status = HAILO_SHUTDOWN_EVENT_SIGNALED(57)
[2026-04-15 18:21:49.406] [820498] [HailoRT] [info] [queue_elements.cpp:68] [operator()] Thread in element PushQEl8yolov11n/input_layer1 is not running anymore, exiting..
[2026-04-15 18:21:49.406] [819639] [HailoRT] [info] [queue_elements.cpp:46] [~BaseQueueElement] Queue element PushQEl8yolov11n/input_layer1 has 1 frames in his Queue on destruction
[2026-04-15 18:21:49.406] [820505] [HailoRT] [info] [queue_elements.cpp:68] [operator()] Thread in element UserBufQEl_post_infer0yolov11n/yolov8_nms_postprocess is not running anymore, exiting..
[2026-04-15 18:21:49.406] [819639] [HailoRT] [info] [queue_elements.cpp:46] [~BaseQueueElement] Queue element UserBufQEl_post_infer0yolov11n/yolov8_nms_postprocess has 0 frames in his Queue on destruction
[2026-04-15 18:21:49.406] [820504] [HailoRT] [info] [queue_elements.cpp:68] [operator()] Thread in element PullQEl_nms0yolov11n/conv80_143 is not running anymore, exiting..
[2026-04-15 18:21:49.406] [819639] [HailoRT] [info] [queue_elements.cpp:46] [~BaseQueueElement] Queue element PullQEl_nms0yolov11n/conv80_143 has 1 frames in his Queue on destruction
[2026-04-15 18:21:49.406] [820503] [HailoRT] [info] [queue_elements.cpp:68] [operator()] Thread in element PullQEl_nms1yolov11n/conv77_143 is not running anymore, exiting..
[2026-04-15 18:21:49.406] [819639] [HailoRT] [info] [queue_elements.cpp:46] [~BaseQueueElement] Queue element PullQEl_nms1yolov11n/conv77_143 has 0 frames in his Queue on destruction
[2026-04-15 18:21:49.406] [820502] [HailoRT] [info] [queue_elements.cpp:68] [operator()] Thread in element PullQEl_nms13yolov11n/conv65_143 is not running anymore, exiting..
[2026-04-15 18:21:49.406] [819639] [HailoRT] [info] [queue_elements.cpp:46] [~BaseQueueElement] Queue element PullQEl_nms13yolov11n/conv65_143 has 0 frames in his Queue on destruction
[2026-04-15 18:21:49.406] [820501] [HailoRT] [info] [queue_elements.cpp:68] [operator()] Thread in element PullQEl_nms15yolov11n/conv62_143 is not running anymore, exiting..
[2026-04-15 18:21:49.406] [819639] [HailoRT] [info] [queue_elements.cpp:46] [~BaseQueueElement] Queue element PullQEl_nms15yolov11n/conv62_143 has 0 frames in his Queue on destruction
[2026-04-15 18:21:49.406] [820500] [HailoRT] [info] [queue_elements.cpp:68] [operator()] Thread in element PullQEl_nms12yolov11n/conv54_143 is not running anymore, exiting..
[2026-04-15 18:21:49.406] [819639] [HailoRT] [info] [queue_elements.cpp:46] [~BaseQueueElement] Queue element PullQEl_nms12yolov11n/conv54_143 has 0 frames in his Queue on destruction
[2026-04-15 18:21:49.406] [820499] [HailoRT] [info] [queue_elements.cpp:68] [operator()] Thread in element PullQEl_nms3yolov11n/conv51_143 is not running anymore, exiting..
[2026-04-15 18:21:49.406] [819639] [HailoRT] [info] [queue_elements.cpp:46] [~BaseQueueElement] Queue element PullQEl_nms3yolov11n/conv51_143 has 0 frames in his Queue on destruction
[2026-04-15 18:21:49.406] [819639] [HailoRT] [info] [core_op.cpp:186] [deactivate] Deactivating took 0.008444 ms
[2026-04-15 18:21:49.406] [819639] [HailoRT] [info] [core_op.cpp:186] [deactivate] Deactivating took 0.017259 ms
[2026-04-15 18:21:49.464] [819639] [HailoRT] [info] [vdevice.cpp:535] [create] Creating vdevice with params: device_count: 1, scheduling_algorithm: NONE, multi_process_service: false
[2026-04-15 18:21:49.465] [819639] [HailoRT] [info] [device.cpp:51] [Device] OS Version: Linux 6.12.62+rpt-rpi-2712 #1 SMP PREEMPT Debian 1:6.12.62-1+rpt1 (2025-12-18) aarch64
[2026-04-15 18:21:49.465] [819639] [HailoRT] [info] [control.cpp:113] [control__parse_identify_results] firmware_version is: 4.23.0
[2026-04-15 18:21:49.465] [819639] [HailoRT] [info] [vdevice.cpp:682] [create] VDevice Infos: 0001:01:00.0
[2026-04-15 18:21:49.473] [819639] [HailoRT] [warning] [buffer_requirements.cpp:131] [get_buffer_requirements_multiple_transfers] Desc page size value (1024) is not optimal for performance.
[2026-04-15 18:21:49.500] [819639] [HailoRT] [info] [internal_buffer_manager.cpp:77] [print_execution_results] Planned internal buffer memory: CMA=0 CMA-Desc=1703936 Pinned=74191872. memory to edge layer usage factor is 1
[2026-04-15 18:21:49.500] [819639] [HailoRT] [info] [internal_buffer_manager.cpp:86] [print_execution_results] Default Internal buffer planner executed successfully
[2026-04-15 18:21:49.630] [819639] [HailoRT] [info] [device_internal.cpp:57] [configure] Configuring HEF took 164.983614 milliseconds
[2026-04-15 18:21:49.630] [819639] [HailoRT] [info] [vdevice.cpp:780] [configure] Configuring HEF on VDevice took 165.358686 milliseconds
[2026-04-15 18:21:49.631] [819639] [HailoRT] [info] [control.cpp:113] [control__parse_identify_results] firmware_version is: 4.23.0
[2026-04-15 18:21:49.631] [819639] [HailoRT] [info] [control.cpp:113] [control__parse_identify_results] firmware_version is: 4.23.0
[2026-04-15 18:21:49.662] [819639] [HailoRT] [info] [core_op.cpp:156] [activate] Activating yolov11n took 31.424074 milliseconds. Note that the function is asynchronous and thus the network is not fully activated yet.
[2026-04-15 18:21:49.662] [819639] [HailoRT] [info] [core_op.cpp:156] [activate] Activating yolov11n took 31.454036 milliseconds. Note that the function is asynchronous and thus the network is not fully activated yet.
[2026-04-15 18:21:49.676] [819639] [HailoRT] [info] [control.cpp:113] [control__parse_identify_results] firmware_version is: 4.23.0
[2026-04-15 18:21:49.676] [819639] [HailoRT] [info] [control.cpp:113] [control__parse_identify_results] firmware_version is: 4.23.0
[2026-04-15 18:21:49.676] [819639] [HailoRT] [info] [edge_elements.cpp:52] [create] Created (HwWriteEl8yolov11n/input_layer1 | hw_frame_size: 1228800)
[2026-04-15 18:21:49.676] [819639] [HailoRT] [info] [queue_elements.cpp:284] [create] Created (PushQEl8yolov11n/input_layer1 | timeout: 10s)
[2026-04-15 18:21:49.676] [819639] [HailoRT] [info] [filter_elements.cpp:101] [create] Created (PreInferEl8yolov11n/input_layer1 | Reorder - src_order: NHWC, src_shape: (640, 640, 3), dst_order: NHCW, dst_shape: (640, 640, 3))
[2026-04-15 18:21:49.676] [819639] [HailoRT] [info] [vstream.cpp:754] [InputVStreamImpl] Creating yolov11n/input_layer1...
[2026-04-15 18:21:49.676] [819639] [HailoRT] [info] [vstream_builder.cpp:102] [create_inputs] Input pipeline 'yolov11n/input_layer1': (PreInferEl8yolov11n/input_layer1 | Reorder - src_order: NHWC, src_shape: (640, 640, 3), dst_order: NHCW, dst_shape: (640, 640, 3)) >> (PushQEl8yolov11n/input_layer1 | timeout: 10s) >> (HwWriteEl8yolov11n/input_layer1 | hw_frame_size: 1228800) >> HW
[2026-04-15 18:21:49.676] [819639] [HailoRT] [info] [multi_io_elements.cpp:135] [create] Created (NmsPPMuxEl0YOLOV8-Post-Process | Op YOLOV8, Name: YOLOV8-Post-Process, Score threshold: 0.200, IoU threshold: 0.70, Classes: 80, Max bboxes per class: 100, Image height: 640, Image width: 640)
[2026-04-15 18:21:49.676] [819639] [HailoRT] [info] [edge_elements.cpp:287] [create] Created (HwReadEl3yolov11n/conv51_143 | hw_frame_size: 409600)
[2026-04-15 18:21:49.677] [819639] [HailoRT] [info] [queue_elements.cpp:657] [create] Created (PullQEl_nms3yolov11n/conv51_143 | timeout: 10s)
[2026-04-15 18:21:49.677] [819639] [HailoRT] [info] [edge_elements.cpp:287] [create] Created (HwReadEl12yolov11n/conv54_143 | hw_frame_size: 512000)
[2026-04-15 18:21:49.677] [819639] [HailoRT] [info] [queue_elements.cpp:657] [create] Created (PullQEl_nms12yolov11n/conv54_143 | timeout: 10s)
[2026-04-15 18:21:49.677] [819639] [HailoRT] [info] [edge_elements.cpp:287] [create] Created (HwReadEl15yolov11n/conv62_143 | hw_frame_size: 102400)
[2026-04-15 18:21:49.677] [819639] [HailoRT] [info] [queue_elements.cpp:657] [create] Created (PullQEl_nms15yolov11n/conv62_143 | timeout: 10s)
[2026-04-15 18:21:49.677] [819639] [HailoRT] [info] [edge_elements.cpp:287] [create] Created (HwReadEl13yolov11n/conv65_143 | hw_frame_size: 128000)
[2026-04-15 18:21:49.677] [819639] [HailoRT] [info] [queue_elements.cpp:657] [create] Created (PullQEl_nms13yolov11n/conv65_143 | timeout: 10s)
[2026-04-15 18:21:49.677] [819639] [HailoRT] [info] [edge_elements.cpp:287] [create] Created (HwReadEl1yolov11n/conv77_143 | hw_frame_size: 30720)
[2026-04-15 18:21:49.677] [819639] [HailoRT] [info] [queue_elements.cpp:657] [create] Created (PullQEl_nms1yolov11n/conv77_143 | timeout: 10s)
[2026-04-15 18:21:49.677] [819639] [HailoRT] [info] [edge_elements.cpp:287] [create] Created (HwReadEl0yolov11n/conv80_143 | hw_frame_size: 38400)
[2026-04-15 18:21:49.677] [819639] [HailoRT] [info] [queue_elements.cpp:657] [create] Created (PullQEl_nms0yolov11n/conv80_143 | timeout: 10s)
[2026-04-15 18:21:49.677] [819639] [HailoRT] [info] [queue_elements.cpp:800] [create] Created (UserBufQEl_post_infer0yolov11n/yolov8_nms_postprocess | timeout: 10s)
[2026-04-15 18:21:49.677] [819639] [HailoRT] [info] [vstream.cpp:1114] [OutputVStreamImpl] Creating yolov11n/yolov8_nms_postprocess...
[2026-04-15 18:21:49.677] [819639] [HailoRT] [info] [vstream_builder.cpp:622] [create_output_post_process_nms] Output pipeline 'yolov11n/yolov8_nms_postprocess': HW >> (HwReadEl3yolov11n/conv51_143 | hw_frame_size: 409600) >> (PullQEl_nms3yolov11n/conv51_143) >> (HwReadEl12yolov11n/conv54_143 | hw_frame_size: 512000) >> (PullQEl_nms12yolov11n/conv54_143) >> (HwReadEl15yolov11n/conv62_143 | hw_frame_size: 102400) >> (PullQEl_nms15yolov11n/conv62_143) >> (HwReadEl13yolov11n/conv65_143 | hw_frame_size: 128000) >> (PullQEl_nms13yolov11n/conv65_143) >> (HwReadEl1yolov11n/conv77_143 | hw_frame_size: 30720) >> (PullQEl_nms1yolov11n/conv77_143) >> (HwReadEl0yolov11n/conv80_143 | hw_frame_size: 38400) >> (PullQEl_nms0yolov11n/conv80_143) >> (NmsPPMuxEl0YOLOV8-Post-Process | Op YOLOV8, Name: YOLOV8-Post-Process, Score threshold: 0.200, IoU threshold: 0.70, Classes: 80, Max bboxes per class: 100, Image height: 640, Image width: 640) >> (UserBufQEl_post_infer0yolov11n/yolov8_nms_postprocess | timeout: 10s)
[2026-04-15 18:22:49.678] [821367] [HailoRT] [info] [vdevice_native_stream.cpp:331] [read_impl] Failed read from stream HAILO_STREAM_ABORT(63) (device: 0001:01:00.0)
[2026-04-15 18:22:49.678] [821370] [HailoRT] [info] [vdevice_native_stream.cpp:331] [read_impl] Failed read from stream HAILO_STREAM_ABORT(63) (device: 0001:01:00.0)
[2026-04-15 18:22:49.678] [821370] [HailoRT] [info] [edge_elements.cpp:396] [run_pull] Reading from stream was aborted!
[2026-04-15 18:22:49.678] [821370] [HailoRT] [info] [queue_elements.cpp:738] [run_in_thread] run_pull of queue element PullQEl_nms1yolov11n/conv77_143 was aborted!
[2026-04-15 18:22:49.678] [821371] [HailoRT] [info] [vdevice_native_stream.cpp:331] [read_impl] Failed read from stream HAILO_STREAM_ABORT(63) (device: 0001:01:00.0)
[2026-04-15 18:22:49.678] [821371] [HailoRT] [info] [edge_elements.cpp:396] [run_pull] Reading from stream was aborted!
[2026-04-15 18:22:49.678] [821367] [HailoRT] [info] [edge_elements.cpp:396] [run_pull] Reading from stream was aborted!
[2026-04-15 18:22:49.678] [821371] [HailoRT] [info] [queue_elements.cpp:738] [run_in_thread] run_pull of queue element PullQEl_nms0yolov11n/conv80_143 was aborted!
[2026-04-15 18:22:49.678] [821367] [HailoRT] [info] [queue_elements.cpp:738] [run_in_thread] run_pull of queue element PullQEl_nms12yolov11n/conv54_143 was aborted!
[2026-04-15 18:22:49.678] [821368] [HailoRT] [info] [vdevice_native_stream.cpp:331] [read_impl] Failed read from stream HAILO_STREAM_ABORT(63) (device: 0001:01:00.0)
[2026-04-15 18:22:49.678] [821368] [HailoRT] [info] [edge_elements.cpp:396] [run_pull] Reading from stream was aborted!
[2026-04-15 18:22:49.678] [821368] [HailoRT] [info] [queue_elements.cpp:738] [run_in_thread] run_pull of queue element PullQEl_nms15yolov11n/conv62_143 was aborted!
[2026-04-15 18:22:49.678] [821369] [HailoRT] [info] [vdevice_native_stream.cpp:331] [read_impl] Failed read from stream HAILO_STREAM_ABORT(63) (device: 0001:01:00.0)
[2026-04-15 18:22:49.678] [821369] [HailoRT] [info] [edge_elements.cpp:396] [run_pull] Reading from stream was aborted!
[2026-04-15 18:22:49.678] [821369] [HailoRT] [info] [queue_elements.cpp:738] [run_in_thread] run_pull of queue element PullQEl_nms13yolov11n/conv65_143 was aborted!
[2026-04-15 18:22:49.679] [821375] [HailoRT] [info] [queue_elements.cpp:706] [run_pull] Shutdown event was signaled in dequeue of queue element PullQEl_nms15yolov11n/conv62_143!
[2026-04-15 18:22:49.679] [821375] [HailoRT] [info] [vstream.cpp:1138] [read] Receiving to VStream was shutdown!
[2026-04-15 18:22:49.679] [821366] [HailoRT] [info] [vdevice_native_stream.cpp:331] [read_impl] Failed read from stream HAILO_STREAM_ABORT(63) (device: 0001:01:00.0)
[2026-04-15 18:22:49.679] [821366] [HailoRT] [info] [edge_elements.cpp:396] [run_pull] Reading from stream was aborted!
[2026-04-15 18:22:49.679] [821366] [HailoRT] [info] [queue_elements.cpp:738] [run_in_thread] run_pull of queue element PullQEl_nms3yolov11n/conv51_143 was aborted!
[2026-04-15 18:22:49.681] [821365] [HailoRT] [info] [vdevice_native_stream.cpp:142] [write_impl] Failed write to stream yolov11n/input_layer1 (device: 0001:01:00.0) with status=HAILO_STREAM_ABORT(63)
[2026-04-15 18:22:49.681] [821365] [HailoRT] [info] [edge_elements.cpp:87] [run_push] Failed to send on input stream InputStream(index=8, name=yolov11n/input_layer1) because stream was aborted
[2026-04-15 18:22:49.681] [821365] [HailoRT] [info] [queue_elements.cpp:401] [run_in_thread] run_push of PushQEl8yolov11n/input_layer1 was aborted!
[2026-04-15 18:22:49.682] [821376] [HailoRT] [info] [queue_elements.cpp:319] [run_push] run_push of PushQEl8yolov11n/input_layer1 was aborted!
[2026-04-15 18:22:49.682] [821376] [HailoRT] [info] [filter_elements.cpp:35] [run_push] run_push of PreInferEl8yolov11n/input_layer1 was aborted!
[2026-04-15 18:22:49.682] [821376] [HailoRT] [info] [vstream.cpp:778] [write] Sending to VStream was aborted!
[2026-04-15 18:22:49.688] [819639] [HailoRT] [info] [queue_elements.cpp:360] [execute_deactivate] enqueue() in element PushQEl8yolov11n/input_layer1 was aborted, got status = HAILO_SHUTDOWN_EVENT_SIGNALED(57)
[2026-04-15 18:22:49.688] [821365] [HailoRT] [info] [queue_elements.cpp:68] [operator()] Thread in element PushQEl8yolov11n/input_layer1 is not running anymore, exiting..
[2026-04-15 18:22:49.689] [819639] [HailoRT] [info] [queue_elements.cpp:46] [~BaseQueueElement] Queue element PushQEl8yolov11n/input_layer1 has 0 frames in his Queue on destruction
[2026-04-15 18:22:49.689] [821372] [HailoRT] [info] [queue_elements.cpp:68] [operator()] Thread in element UserBufQEl_post_infer0yolov11n/yolov8_nms_postprocess is not running anymore, exiting..
[2026-04-15 18:22:49.689] [819639] [HailoRT] [info] [queue_elements.cpp:46] [~BaseQueueElement] Queue element UserBufQEl_post_infer0yolov11n/yolov8_nms_postprocess has 0 frames in his Queue on destruction
[2026-04-15 18:22:49.689] [821371] [HailoRT] [info] [queue_elements.cpp:68] [operator()] Thread in element PullQEl_nms0yolov11n/conv80_143 is not running anymore, exiting..
[2026-04-15 18:22:49.689] [819639] [HailoRT] [info] [queue_elements.cpp:46] [~BaseQueueElement] Queue element PullQEl_nms0yolov11n/conv80_143 has 0 frames in his Queue on destruction
[2026-04-15 18:22:49.689] [821370] [HailoRT] [info] [queue_elements.cpp:68] [operator()] Thread in element PullQEl_nms1yolov11n/conv77_143 is not running anymore, exiting..
[2026-04-15 18:22:49.689] [819639] [HailoRT] [info] [queue_elements.cpp:46] [~BaseQueueElement] Queue element PullQEl_nms1yolov11n/conv77_143 has 1 frames in his Queue on destruction
[2026-04-15 18:22:49.689] [821369] [HailoRT] [info] [queue_elements.cpp:68] [operator()] Thread in element PullQEl_nms13yolov11n/conv65_143 is not running anymore, exiting..
[2026-04-15 18:22:49.689] [819639] [HailoRT] [info] [queue_elements.cpp:46] [~BaseQueueElement] Queue element PullQEl_nms13yolov11n/conv65_143 has 1 frames in his Queue on destruction
[2026-04-15 18:22:49.689] [821368] [HailoRT] [info] [queue_elements.cpp:68] [operator()] Thread in element PullQEl_nms15yolov11n/conv62_143 is not running anymore, exiting..
[2026-04-15 18:22:49.689] [819639] [HailoRT] [info] [queue_elements.cpp:46] [~BaseQueueElement] Queue element PullQEl_nms15yolov11n/conv62_143 has 0 frames in his Queue on destruction
[2026-04-15 18:22:49.689] [821367] [HailoRT] [info] [queue_elements.cpp:68] [operator()] Thread in element PullQEl_nms12yolov11n/conv54_143 is not running anymore, exiting..
[2026-04-15 18:22:49.689] [819639] [HailoRT] [info] [queue_elements.cpp:46] [~BaseQueueElement] Queue element PullQEl_nms12yolov11n/conv54_143 has 0 frames in his Queue on destruction
[2026-04-15 18:22:49.689] [821366] [HailoRT] [info] [queue_elements.cpp:68] [operator()] Thread in element PullQEl_nms3yolov11n/conv51_143 is not running anymore, exiting..
[2026-04-15 18:22:49.689] [819639] [HailoRT] [info] [queue_elements.cpp:46] [~BaseQueueElement] Queue element PullQEl_nms3yolov11n/conv51_143 has 0 frames in his Queue on destruction
[2026-04-15 18:22:49.689] [819639] [HailoRT] [info] [core_op.cpp:186] [deactivate] Deactivating took 0.008926 ms
[2026-04-15 18:22:49.689] [819639] [HailoRT] [info] [core_op.cpp:186] [deactivate] Deactivating took 0.017722 ms
