timestamp,temperature_C,cpu_percent,memory_percent,cpu_freq_MHz,cpu_voltage_V,throttled_flags_hex
2026-03-24T18:29:59.886657,52.9,100.0,13.5,2400.02048,0.8487,0x0
2026-03-24T18:30:00.915410,52.35,36.1,14.2,2400.033792,0.8487,0x0
2026-03-24T18:30:01.932868,52.9,45.7,15.4,2400.030464,0.8487,0x0
2026-03-24T18:30:02.950893,52.35,51.1,16.1,2400.02048,0.8487,0x0
2026-03-24T18:30:03.976150,54.55,41.5,16.5,2400.030464,0.8487,0x0
2026-03-24T18:30:04.996858,55.1,58.8,16.8,2400.02048,0.8487,0x0
2026-03-24T18:30:06.023169,54.55,57.6,16.9,2400.030464,0.8487,0x0
2026-03-24T18:30:07.046757,54.55,72.3,16.9,2400.02048,0.8487,0x0
2026-03-24T18:30:08.068108,54.55,67.1,16.8,2400.023808,0.8487,0x0
2026-03-24T18:30:09.084938,54.0,70.5,16.5,2400.027136,0.8487,0x0
2026-03-24T18:30:10.102935,54.55,57.3,16.5,2400.030464,0.8487,0x0
2026-03-24T18:30:11.120112,55.1,57.0,16.5,2400.023808,0.8487,0x0
2026-03-24T18:30:12.137984,54.55,61.0,16.4,2400.030464,0.8487,0x0
2026-03-24T18:30:13.158453,55.65,66.9,16.5,2400.023808,0.8487,0x0
2026-03-24T18:30:14.180598,55.65,68.7,16.3,2400.017408,0.8487,0x0
2026-03-24T18:30:15.200844,56.75,61.3,16.2,2400.02048,0.8487,0x0
2026-03-24T18:30:16.221360,56.2,68.5,16.1,2400.03712,0.8487,0x0
2026-03-24T18:30:17.248410,55.65,65.0,16.3,2400.023808,0.8487,0x0
2026-03-24T18:30:18.277787,56.2,65.5,16.4,2400.02048,0.8487,0x0
2026-03-24T18:30:19.297982,56.2,53.8,16.2,2400.033792,0.8487,0x0
2026-03-24T18:30:20.320442,54.55,51.6,16.3,2400.027136,0.8487,0x0
2026-03-24T18:30:21.339046,55.65,51.4,16.4,2400.02048,0.8487,0x0
2026-03-24T18:30:22.360165,56.2,55.1,16.3,2400.030464,0.8487,0x0
2026-03-24T18:30:23.380525,56.2,62.3,16.3,2400.030464,0.8487,0x0
2026-03-24T18:30:24.403282,56.2,57.8,16.2,2400.02048,0.8487,0x0
2026-03-24T18:30:25.426541,58.4,65.0,16.3,2400.030464,0.8487,0x0
2026-03-24T18:30:26.448686,57.85,58.1,16.6,2400.02048,0.8487,0x0
2026-03-24T18:30:27.468382,56.75,55.3,17.0,2400.023808,0.8487,0x0
2026-03-24T18:30:28.487614,56.2,53.7,16.8,2400.030464,0.8487,0x0
2026-03-24T18:30:29.508040,56.75,52.7,16.4,2400.023808,0.8487,0x0
2026-03-24T18:30:30.527849,55.65,50.9,16.3,2400.02048,0.8487,0x0
2026-03-24T18:30:31.545546,56.2,53.3,16.4,2400.033792,0.8487,0x0
2026-03-24T18:30:32.567741,57.3,56.8,16.2,2400.030464,0.8487,0x0
2026-03-24T18:30:33.586441,56.75,62.2,15.9,2400.023808,0.8487,0x0
2026-03-24T18:30:34.612370,56.2,60.6,15.9,2400.027136,0.8487,0x0
2026-03-24T18:30:35.638251,56.75,57.4,15.8,2400.027136,0.8487,0x0
2026-03-24T18:30:36.669307,57.85,54.0,15.6,2400.030464,0.8487,0x0
2026-03-24T18:30:37.690733,57.3,67.3,15.9,2400.023808,0.8487,0x0
2026-03-24T18:30:38.715704,57.85,61.4,15.8,2400.02048,0.8487,0x0
2026-03-24T18:30:39.737332,56.75,55.6,15.8,2400.02048,0.8487,0x0
2026-03-24T18:30:40.755512,56.75,53.0,15.6,2400.030464,0.8487,0x0
2026-03-24T18:30:41.777306,57.3,52.1,15.9,2400.023808,0.8487,0x0
2026-03-24T18:30:42.803708,57.3,53.0,16.0,2400.030464,0.8487,0x0
2026-03-24T18:30:43.822094,57.85,53.1,15.9,2400.023808,0.8487,0x0
2026-03-24T18:30:44.839200,55.65,50.6,16.0,2400.027136,0.8487,0x0
2026-03-24T18:30:45.857656,56.75,52.7,15.9,2400.030464,0.8487,0x0
2026-03-24T18:30:46.880333,58.4,56.0,15.8,2400.027136,0.8487,0x0
2026-03-24T18:30:47.903687,57.85,73.0,16.0,2400.023808,0.8487,0x0
2026-03-24T18:30:49.033040,58.95,86.9,17.1,2400.030464,0.8487,0x0
2026-03-24T18:30:50.054120,57.3,84.8,17.2,2400.02048,0.8487,0x0
2026-03-24T18:30:51.080143,58.4,80.6,17.4,2400.030464,0.8487,0x0
2026-03-24T18:30:52.106178,60.05,84.7,19.1,2400.023808,0.8487,0x0
2026-03-24T18:30:53.137469,58.4,80.8,18.7,2400.03712,0.8487,0x0
2026-03-24T18:30:54.157465,57.3,59.2,18.6,2400.030464,0.8487,0x0
2026-03-24T18:30:55.175548,58.4,55.3,18.4,2400.03712,0.8487,0x0
2026-03-24T18:30:56.198173,57.3,61.8,18.3,2400.033792,0.8487,0x0
2026-03-24T18:30:57.215510,56.75,58.0,18.2,2400.02048,0.8487,0x0
2026-03-24T18:30:58.239544,57.85,61.6,17.8,2400.03712,0.8487,0x0
2026-03-24T18:30:59.264224,57.85,61.0,17.4,2400.033792,0.8487,0x0
2026-03-24T18:31:00.290986,58.95,56.8,17.1,2400.027136,0.8487,0x0
2026-03-24T18:31:01.315375,58.95,60.5,17.1,2400.023808,0.8487,0x0
2026-03-24T18:31:02.336241,58.4,60.5,17.1,2400.030464,0.8487,0x0
2026-03-24T18:31:03.461153,57.85,57.5,17.2,2400.02048,0.8487,0x0
2026-03-24T18:31:04.481464,58.4,62.7,17.0,2400.030464,0.8487,0x0
2026-03-24T18:31:05.510073,58.95,58.0,16.8,2400.027136,0.8487,0x0
2026-03-24T18:31:06.535799,59.5,57.8,17.0,2400.033792,0.8487,0x0
2026-03-24T18:31:07.561396,58.95,68.7,17.3,2400.027136,0.8487,0x0
2026-03-24T18:31:08.584536,58.95,83.1,17.5,2400.017408,0.8487,0x0
2026-03-24T18:31:09.611866,58.95,83.0,17.5,2400.030464,0.8487,0x0
2026-03-24T18:31:10.638428,58.4,80.7,17.5,2400.030464,0.8487,0x0
2026-03-24T18:31:11.668213,58.4,61.5,17.5,2400.027136,0.8487,0x0
2026-03-24T18:31:12.689270,58.4,75.2,17.7,2400.02048,0.8487,0x0
2026-03-24T18:31:13.715162,57.85,64.5,17.5,2400.02048,0.8487,0x0
2026-03-24T18:31:14.740061,57.85,54.9,17.4,2400.023808,0.8487,0x0
2026-03-24T18:31:15.763024,59.5,57.2,17.7,2400.033792,0.8487,0x0
2026-03-24T18:31:16.786878,59.5,65.3,17.7,2400.027136,0.8487,0x0
2026-03-24T18:31:17.809896,57.3,82.8,17.6,2400.030464,0.8487,0x0
2026-03-24T18:31:18.836879,59.5,81.3,17.9,2400.017408,0.8487,0x0
2026-03-24T18:31:19.857857,58.4,58.4,18.2,2400.02048,0.8487,0x0
2026-03-24T18:31:20.875938,57.85,58.6,17.6,2400.027136,0.8487,0x0
2026-03-24T18:31:21.894795,58.4,54.6,17.5,2400.027136,0.8487,0x0
2026-03-24T18:31:22.913476,58.4,55.4,17.8,2400.033792,0.8487,0x0
2026-03-24T18:31:23.933790,58.95,67.1,18.2,2400.023808,0.8487,0x0
2026-03-24T18:31:24.961776,58.4,68.6,17.8,2400.027136,0.8487,0x0
2026-03-24T18:31:25.983521,57.85,57.6,17.9,2400.027136,0.8487,0x0
2026-03-24T18:31:27.002912,58.95,67.2,17.8,2400.030464,0.8487,0x0
2026-03-24T18:31:28.023562,58.4,58.4,17.6,2400.027136,0.8487,0x0
2026-03-24T18:31:29.049585,58.4,58.1,17.7,2400.030464,0.8487,0x0
2026-03-24T18:31:30.075735,60.05,62.2,17.5,2400.02048,0.8487,0x0
2026-03-24T18:31:31.094975,58.4,58.9,17.4,2400.033792,0.8487,0x0
2026-03-24T18:31:32.117918,57.85,57.7,17.3,2400.023808,0.8487,0x0
2026-03-24T18:31:33.141454,58.95,58.1,17.3,2400.030464,0.8487,0x0
2026-03-24T18:31:34.162755,60.05,60.2,17.2,2400.027136,0.8487,0x0
2026-03-24T18:31:35.186240,58.4,69.3,17.2,2400.023808,0.8487,0x0
2026-03-24T18:31:36.211242,58.4,73.3,17.0,2400.023808,0.8487,0x0
2026-03-24T18:31:37.231415,58.4,58.1,16.8,2400.030464,0.8487,0x0
2026-03-24T18:31:38.251321,59.5,54.8,16.6,2400.02048,0.8487,0x0
2026-03-24T18:31:39.269486,58.4,56.9,16.6,2400.023808,0.8487,0x0
2026-03-24T18:31:40.294031,59.5,57.9,16.3,2400.02048,0.8487,0x0
2026-03-24T18:31:41.315939,58.4,58.3,16.5,2400.02048,0.8487,0x0
2026-03-24T18:31:42.336474,58.95,60.0,16.5,2400.030464,0.8487,0x0
2026-03-24T18:31:43.363806,58.4,66.6,16.9,2400.033792,0.8487,0x0
2026-03-24T18:31:44.390170,57.85,68.8,17.2,2400.03712,0.8487,0x0
2026-03-24T18:31:45.408567,57.85,54.8,17.4,2400.027136,0.8487,0x0
2026-03-24T18:31:46.429682,59.5,55.9,17.6,2400.027136,0.8487,0x0
2026-03-24T18:31:47.452246,58.4,58.3,17.3,2400.030464,0.8487,0x0
2026-03-24T18:31:48.481476,58.95,56.3,17.1,2400.030464,0.8487,0x0
2026-03-24T18:31:49.503788,58.4,59.0,16.9,2400.02048,0.8487,0x0
2026-03-24T18:31:50.526513,58.4,64.4,16.8,2400.030464,0.8487,0x0
2026-03-24T18:31:51.558812,58.4,62.2,16.9,2400.02048,0.8487,0x0
2026-03-24T18:31:52.578518,57.3,62.1,16.8,2400.030464,0.8487,0x0
2026-03-24T18:31:53.598358,58.4,60.7,16.8,2400.02048,0.8487,0x0
2026-03-24T18:31:54.617819,57.3,58.2,16.8,2400.017408,0.8487,0x0
2026-03-24T18:31:55.636086,57.85,62.4,16.9,2400.030464,0.8487,0x0
2026-03-24T18:31:56.657134,57.85,57.8,16.8,2400.02048,0.8487,0x0
2026-03-24T18:31:57.676483,57.85,60.0,16.9,2400.033792,0.8487,0x0
2026-03-24T18:31:58.698452,57.3,61.2,16.9,2400.03712,0.8487,0x0
2026-03-24T18:31:59.716247,57.85,61.8,16.8,2400.030464,0.8487,0x0
2026-03-24T18:32:00.737767,57.85,61.2,16.8,2400.030464,0.8487,0x0
2026-03-24T18:32:01.766766,58.4,57.8,17.2,2400.023808,0.8487,0x0
2026-03-24T18:32:02.786552,58.4,57.3,17.2,2400.027136,0.8487,0x0
2026-03-24T18:32:03.811873,59.5,62.0,17.3,2400.027136,0.8487,0x0
2026-03-24T18:32:04.830558,58.4,58.3,17.0,2400.030464,0.8487,0x0
2026-03-24T18:32:05.851388,56.75,55.3,16.9,2400.023808,0.8487,0x0
2026-03-24T18:32:06.870836,57.85,56.2,16.8,2400.033792,0.8487,0x0
2026-03-24T18:32:07.892637,57.85,70.2,16.9,2400.033792,0.8487,0x0
2026-03-24T18:32:08.911575,57.85,67.6,16.9,2400.023808,0.8487,0x0
2026-03-24T18:32:09.931292,58.4,59.5,16.7,2400.02048,0.8487,0x0
2026-03-24T18:32:10.951352,58.95,59.3,16.6,2400.030464,0.8487,0x0
2026-03-24T18:32:11.967963,58.4,59.9,16.5,2400.027136,0.8487,0x0
2026-03-24T18:32:13.096027,58.4,59.6,16.5,2400.027136,0.8487,0x0
2026-03-24T18:32:14.115313,58.4,61.2,16.5,2400.030464,0.8487,0x0
2026-03-24T18:32:15.136507,55.65,55.1,16.7,2400.023808,0.8487,0x0
2026-03-24T18:32:16.166406,58.95,58.7,16.8,2400.030464,0.8487,0x0
2026-03-24T18:32:17.186303,57.85,58.0,16.6,2400.030464,0.8487,0x0
2026-03-24T18:32:18.207144,57.85,62.0,16.5,2400.023808,0.8487,0x0
2026-03-24T18:32:19.233105,57.85,64.4,16.7,2400.033792,0.8487,0x0
2026-03-24T18:32:20.252468,57.85,60.1,16.8,2400.027136,0.8487,0x0
2026-03-24T18:32:21.271996,57.3,58.7,16.8,2400.02048,0.8487,0x0
2026-03-24T18:32:22.294675,57.3,63.5,16.6,2400.030464,0.8487,0x0
2026-03-24T18:32:23.316401,57.3,60.8,16.6,2400.030464,0.8487,0x0
2026-03-24T18:32:24.339418,58.4,65.2,16.4,2400.027136,0.8487,0x0
2026-03-24T18:32:25.356289,58.4,57.2,16.5,2400.017408,0.8487,0x0
2026-03-24T18:32:26.375262,57.3,58.7,16.5,2400.023808,0.8487,0x0
2026-03-24T18:32:27.394255,57.85,60.2,16.5,2400.030464,0.8487,0x0
2026-03-24T18:32:28.420815,57.3,55.6,16.9,2400.017408,0.8487,0x0
2026-03-24T18:32:29.447757,58.4,61.9,17.3,2400.03712,0.8487,0x0
2026-03-24T18:32:30.471431,57.85,62.6,17.2,2400.02048,0.8487,0x0
2026-03-24T18:32:31.493797,56.75,58.6,17.2,2400.023808,0.8487,0x0
2026-03-24T18:32:32.520037,57.3,55.2,17.0,2400.030464,0.8487,0x0
2026-03-24T18:32:33.545049,57.85,55.5,16.8,2400.023808,0.8487,0x0
2026-03-24T18:32:34.568817,57.3,61.9,16.9,2400.030464,0.8487,0x0
2026-03-24T18:32:35.590640,57.85,66.5,16.8,2400.03712,0.8487,0x0
2026-03-24T18:32:36.611865,58.95,60.1,16.9,2400.030464,0.8487,0x0
2026-03-24T18:32:37.632035,58.95,60.3,17.1,2400.023808,0.8487,0x0
2026-03-24T18:32:38.651076,57.85,57.0,17.0,2400.027136,0.8487,0x0
2026-03-24T18:32:39.669390,58.95,63.4,16.9,2400.033792,0.8487,0x0
2026-03-24T18:32:40.694223,58.4,61.0,17.0,2400.017408,0.8487,0x0
2026-03-24T18:32:41.712565,57.3,62.2,16.7,2400.02048,0.8487,0x0
2026-03-24T18:32:42.734774,58.95,60.2,17.0,2400.023808,0.8487,0x0
2026-03-24T18:32:43.772756,57.3,58.5,16.9,2400.02048,0.8487,0x0
2026-03-24T18:32:44.792792,58.95,53.6,16.8,2400.02048,0.8487,0x0
2026-03-24T18:32:45.812381,58.4,54.6,16.8,2400.02048,0.8487,0x0
2026-03-24T18:32:46.835202,57.3,57.0,17.0,2400.033792,0.8487,0x0
2026-03-24T18:32:47.871304,58.4,62.2,16.7,2400.027136,0.8487,0x0
2026-03-24T18:32:48.895564,58.95,61.7,16.7,2400.023808,0.8487,0x0
2026-03-24T18:32:49.914035,56.75,58.5,17.0,2400.030464,0.8487,0x0
2026-03-24T18:32:50.933523,56.75,66.8,17.0,2400.030464,0.8487,0x0
2026-03-24T18:32:51.952385,58.95,79.7,17.2,2400.033792,0.8487,0x0
2026-03-24T18:32:52.978475,58.4,86.4,17.2,2400.033792,0.8487,0x0
2026-03-24T18:32:54.004817,59.5,80.9,17.3,2400.02048,0.8487,0x0
2026-03-24T18:32:55.129959,59.5,78.9,17.6,2400.030464,0.8487,0x0
2026-03-24T18:32:56.153196,58.95,80.5,17.7,2400.027136,0.8487,0x0
2026-03-24T18:32:57.181520,57.85,83.0,18.0,2400.03712,0.8487,0x0
2026-03-24T18:32:58.201609,57.85,79.1,18.1,2400.027136,0.8487,0x0
2026-03-24T18:32:59.225602,56.75,83.3,18.2,2400.023808,0.8487,0x0
2026-03-24T18:33:00.251948,58.4,71.4,18.3,2400.027136,0.8487,0x0
2026-03-24T18:33:01.272083,58.95,74.4,18.1,2400.030464,0.8487,0x0
2026-03-24T18:33:02.293594,58.4,74.6,17.9,2400.027136,0.8487,0x0
2026-03-24T18:33:03.315655,58.4,78.3,18.0,2400.023808,0.8487,0x0
2026-03-24T18:33:04.341095,59.5,75.3,18.2,2400.02048,0.8487,0x0
2026-03-24T18:33:05.366090,58.4,81.5,18.3,2400.02048,0.8487,0x0
2026-03-24T18:33:06.395943,58.95,83.2,18.3,2400.033792,0.8487,0x0
2026-03-24T18:33:07.418947,59.5,76.6,18.4,2400.02048,0.8487,0x0
2026-03-24T18:33:08.438178,58.4,77.6,18.3,2400.033792,0.8487,0x0
2026-03-24T18:33:09.466142,59.5,77.6,18.2,2400.033792,0.8487,0x0
2026-03-24T18:33:10.486362,58.95,79.0,18.3,2400.030464,0.8487,0x0
2026-03-24T18:33:11.509016,57.85,79.1,18.2,2400.023808,0.8487,0x0
2026-03-24T18:33:12.537614,58.4,77.8,18.3,2400.030464,0.8487,0x0
2026-03-24T18:33:13.565631,58.4,78.3,18.4,2400.030464,0.8487,0x0
2026-03-24T18:33:14.587150,58.95,85.9,18.6,2400.027136,0.8487,0x0
2026-03-24T18:33:15.610118,58.4,53.2,18.3,2400.017408,0.8487,0x0
2026-03-24T18:33:16.630300,58.95,52.9,18.7,2400.030464,0.8487,0x0
2026-03-24T18:33:17.650789,58.4,58.6,18.5,2400.027136,0.8487,0x0
2026-03-24T18:33:18.670356,57.85,53.6,18.6,2400.023808,0.8487,0x0
2026-03-24T18:33:19.691189,58.4,55.4,18.5,2400.033792,0.8487,0x0
2026-03-24T18:33:20.709753,58.4,53.4,18.5,2400.033792,0.8487,0x0
2026-03-24T18:33:21.731856,58.4,52.0,18.4,2400.023808,0.8487,0x0
2026-03-24T18:33:22.753557,56.75,55.4,18.4,2400.030464,0.8487,0x0
2026-03-24T18:33:23.775863,58.4,53.0,18.7,2400.030464,0.8487,0x0
2026-03-24T18:33:24.799320,58.4,55.7,18.7,2400.02048,0.8487,0x0
2026-03-24T18:33:25.828510,57.85,62.6,18.6,2400.023808,0.8487,0x0
2026-03-24T18:33:26.853171,57.85,63.0,18.0,2400.030464,0.8487,0x0
2026-03-24T18:33:27.974853,58.4,57.7,17.7,2400.033792,0.8487,0x0
2026-03-24T18:33:28.999975,56.2,52.6,17.7,2400.03712,0.8487,0x0
2026-03-24T18:33:30.016729,57.3,52.2,17.7,2400.023808,0.8487,0x0
2026-03-24T18:33:31.039095,57.85,51.5,17.9,2400.030464,0.8487,0x0
2026-03-24T18:33:32.064094,56.75,53.3,17.7,2400.02048,0.8487,0x0
2026-03-24T18:33:33.086755,56.75,54.9,17.5,2400.030464,0.8487,0x0
2026-03-24T18:33:34.195701,56.2,53.2,17.3,2400.030464,0.8487,0x0
2026-03-24T18:33:35.271827,59.5,67.5,17.1,2400.02048,0.8487,0x0
2026-03-24T18:33:36.292385,56.75,58.9,17.4,2400.030464,0.8487,0x0
2026-03-24T18:33:37.309773,57.85,60.2,17.7,2400.023808,0.8487,0x0
2026-03-24T18:33:38.328701,56.75,57.5,17.5,2400.033792,0.8487,0x0
2026-03-24T18:33:39.348707,57.3,53.4,17.4,2400.027136,0.8487,0x0
2026-03-24T18:33:40.371151,57.3,55.7,17.3,2400.033792,0.8487,0x0
2026-03-24T18:33:41.393982,57.3,62.6,17.3,2400.030464,0.8487,0x0
2026-03-24T18:33:42.413214,57.3,53.7,17.4,2400.030464,0.8487,0x0
2026-03-24T18:33:43.431187,57.3,53.8,17.3,2400.033792,0.8487,0x0
2026-03-24T18:33:44.449313,56.75,53.0,17.6,2400.030464,0.8487,0x0
2026-03-24T18:33:45.472599,57.3,54.2,17.4,2400.02048,0.8487,0x0
2026-03-24T18:33:46.496859,56.75,50.9,17.4,2400.027136,0.8487,0x0
2026-03-24T18:33:47.516529,56.75,56.8,17.4,2400.023808,0.8487,0x0
2026-03-24T18:33:48.535373,58.95,56.7,17.3,2400.027136,0.8487,0x0
2026-03-24T18:33:49.558458,58.4,52.9,17.2,2400.03712,0.8487,0x0
2026-03-24T18:33:50.579008,57.85,52.8,17.4,2400.02048,0.8487,0x0
2026-03-24T18:33:51.598167,57.3,52.3,17.6,2400.03712,0.8487,0x0
2026-03-24T18:33:52.618979,55.65,52.7,17.5,2400.030464,0.8487,0x0
2026-03-24T18:33:53.643484,57.3,53.3,17.5,2400.023808,0.8487,0x0
2026-03-24T18:33:54.660162,57.85,51.9,17.5,2400.023808,0.8487,0x0
2026-03-24T18:33:55.681804,57.85,53.1,17.4,2400.030464,0.8487,0x0
2026-03-24T18:33:56.701192,55.1,52.5,17.2,2400.017408,0.8487,0x0
2026-03-24T18:33:57.723471,56.75,55.9,17.2,2400.030464,0.8487,0x0
2026-03-24T18:33:58.751522,57.3,55.0,17.4,2400.030464,0.8487,0x0
2026-03-24T18:33:59.775394,56.75,52.4,17.6,2400.02048,0.8487,0x0
2026-03-24T18:34:00.795785,56.75,52.9,17.8,2400.033792,0.8487,0x0
2026-03-24T18:34:01.814958,57.85,53.3,18.0,2400.030464,0.8487,0x0
2026-03-24T18:34:02.837916,58.4,53.8,17.7,2400.027136,0.8487,0x0
2026-03-24T18:34:03.858613,56.2,52.4,17.5,2400.023808,0.8487,0x0
2026-03-24T18:34:04.876445,56.75,53.2,17.3,2400.02048,0.8487,0x0
2026-03-24T18:34:05.896616,57.85,52.1,17.6,2400.027136,0.8487,0x0
2026-03-24T18:34:06.914890,56.75,52.5,17.6,2400.030464,0.8487,0x0
2026-03-24T18:34:07.938313,56.75,63.4,17.5,2400.030464,0.8487,0x0
2026-03-24T18:34:08.961788,56.75,55.1,17.7,2400.033792,0.8487,0x0
2026-03-24T18:34:09.980197,56.75,52.8,17.9,2400.033792,0.8487,0x0
2026-03-24T18:34:11.001137,56.75,51.6,17.4,2400.02048,0.8487,0x0
2026-03-24T18:34:12.021894,57.3,53.1,17.3,2400.03712,0.8487,0x0
2026-03-24T18:34:13.045798,57.3,54.2,17.2,2400.03712,0.8487,0x0
2026-03-24T18:34:14.068863,58.4,52.0,17.0,2400.023808,0.8487,0x0
2026-03-24T18:34:15.088802,56.75,51.1,17.0,2400.02048,0.8487,0x0
2026-03-24T18:34:16.106162,56.2,53.8,17.2,2400.030464,0.8487,0x0
2026-03-24T18:34:17.125738,56.2,52.8,17.6,2400.027136,0.8487,0x0
2026-03-24T18:34:18.143472,57.3,56.9,18.0,2400.030464,0.8487,0x0
2026-03-24T18:34:19.165378,56.75,53.1,17.6,2400.023808,0.8487,0x0
2026-03-24T18:34:20.185051,57.3,51.2,17.3,2400.02048,0.8487,0x0
2026-03-24T18:34:21.203703,57.3,51.5,17.3,2400.02048,0.8487,0x0
2026-03-24T18:34:22.224472,57.3,53.8,17.2,2400.033792,0.8487,0x0
2026-03-24T18:34:23.247386,56.2,54.3,17.2,2400.027136,0.8487,0x0
2026-03-24T18:34:24.271968,56.2,53.3,17.2,2400.02048,0.8487,0x0
2026-03-24T18:34:25.292285,56.75,52.1,17.2,2400.023808,0.8487,0x0
2026-03-24T18:34:26.310235,57.3,51.7,17.5,2400.02048,0.8487,0x0
2026-03-24T18:34:27.328824,56.75,54.2,17.5,2400.023808,0.8487,0x0
2026-03-24T18:34:28.348787,56.75,58.7,17.9,2400.030464,0.8487,0x0
2026-03-24T18:34:29.469428,57.85,52.2,17.7,2400.030464,0.8487,0x0
2026-03-24T18:34:30.485577,57.3,52.8,17.7,2400.03712,0.8487,0x0
2026-03-24T18:34:31.505056,56.2,52.8,17.7,2400.02048,0.8487,0x0
2026-03-24T18:34:32.528508,56.2,50.8,17.7,2400.023808,0.8487,0x0
2026-03-24T18:34:33.553596,55.1,53.6,17.3,2400.03712,0.8487,0x0
2026-03-24T18:34:34.573766,57.3,52.9,17.1,2400.033792,0.8487,0x0
2026-03-24T18:34:35.593811,56.2,57.2,17.3,2400.02048,0.8487,0x0
2026-03-24T18:34:36.613694,56.2,52.4,17.1,2400.023808,0.8487,0x0
2026-03-24T18:34:37.643104,55.65,57.7,17.1,2400.033792,0.8487,0x0
2026-03-24T18:34:38.660368,57.3,54.3,17.1,2400.030464,0.8487,0x0
2026-03-24T18:34:39.677321,56.75,52.1,17.1,2400.027136,0.8487,0x0
2026-03-24T18:34:40.696741,56.2,52.5,17.1,2400.02048,0.8487,0x0
2026-03-24T18:34:41.715475,56.2,50.4,17.2,2400.027136,0.8487,0x0
2026-03-24T18:34:42.733693,55.1,53.0,17.1,2400.027136,0.8487,0x0
2026-03-24T18:34:43.755981,56.2,52.8,17.1,2400.030464,0.8487,0x0
2026-03-24T18:34:44.775575,56.75,52.0,17.1,2400.033792,0.8487,0x0
2026-03-24T18:34:45.798108,55.65,52.7,17.2,2400.023808,0.8487,0x0
2026-03-24T18:34:46.815505,56.2,53.2,17.4,2400.03712,0.8487,0x0
2026-03-24T18:34:47.836858,56.75,56.7,17.3,2400.027136,0.8487,0x0
2026-03-24T18:34:48.858600,57.85,53.5,17.5,2400.023808,0.8487,0x0
2026-03-24T18:34:49.883002,56.75,53.4,17.3,2400.02048,0.8487,0x0
2026-03-24T18:34:50.899418,56.2,50.4,17.1,2400.03712,0.8487,0x0
2026-03-24T18:34:51.919781,57.3,50.5,17.1,2400.02048,0.8487,0x0
2026-03-24T18:34:52.939412,57.85,54.0,17.0,2400.030464,0.8487,0x0
2026-03-24T18:34:53.959939,56.2,51.2,17.0,2400.023808,0.8487,0x0
2026-03-24T18:34:54.978296,55.65,52.1,17.2,2400.030464,0.8487,0x0
2026-03-24T18:34:55.994756,56.75,52.3,17.1,2400.017408,0.8487,0x0
2026-03-24T18:34:57.021795,56.75,53.5,17.3,2400.027136,0.8487,0x0
2026-03-24T18:34:58.044498,55.65,57.7,17.2,2400.033792,0.8487,0x0
2026-03-24T18:34:59.065620,56.2,54.4,17.0,2400.033792,0.8487,0x0
2026-03-24T18:35:00.086725,56.2,52.6,16.9,2400.030464,0.8487,0x0
2026-03-24T18:35:01.106254,56.2,52.4,16.8,2400.030464,0.8487,0x0
2026-03-24T18:35:02.124868,56.75,52.7,17.0,2400.023808,0.8487,0x0
2026-03-24T18:35:03.149835,58.4,65.3,17.0,2400.033792,0.8487,0x0
2026-03-24T18:35:04.272967,56.2,58.8,16.9,2400.027136,0.8487,0x0
2026-03-24T18:35:05.293647,56.2,62.4,17.2,2400.030464,0.8487,0x0
2026-03-24T18:35:06.313407,56.75,52.9,17.6,2400.023808,0.8487,0x0
2026-03-24T18:35:07.335196,57.3,54.7,17.5,2400.017408,0.8487,0x0
2026-03-24T18:35:08.357872,57.85,58.0,17.5,2400.03712,0.8487,0x0
2026-03-24T18:35:09.375264,57.3,52.6,17.4,2400.017408,0.8487,0x0
2026-03-24T18:35:10.394445,56.2,56.7,17.3,2400.027136,0.8487,0x0
2026-03-24T18:35:11.413914,55.65,55.8,17.0,2400.033792,0.8487,0x0
2026-03-24T18:35:12.438755,56.2,55.4,17.0,2400.027136,0.8487,0x0
2026-03-24T18:35:13.469769,55.65,63.6,17.1,2400.030464,0.8487,0x0
2026-03-24T18:35:14.489522,55.65,61.5,17.1,2400.023808,0.8487,0x0
2026-03-24T18:35:15.507385,57.85,52.0,17.1,2400.02048,0.8487,0x0
2026-03-24T18:35:16.527211,57.3,59.6,17.1,2400.030464,0.8487,0x0
2026-03-24T18:35:17.547100,57.3,64.3,17.1,2400.030464,0.8487,0x0
2026-03-24T18:35:18.568404,58.4,65.4,17.3,2400.030464,0.8487,0x0
2026-03-24T18:35:19.594387,57.3,58.9,17.5,2400.033792,0.8487,0x0
2026-03-24T18:35:20.619496,57.3,66.1,17.6,2400.030464,0.8487,0x0
2026-03-24T18:35:21.644690,56.75,73.1,17.6,2400.033792,0.8487,0x0
2026-03-24T18:35:22.661081,58.4,59.4,17.9,2400.027136,0.8487,0x0
2026-03-24T18:35:23.684391,58.95,84.0,18.0,2400.023808,0.8487,0x0
2026-03-24T18:35:24.714207,57.85,85.0,18.0,2400.027136,0.8487,0x0
2026-03-24T18:35:25.739986,57.85,64.5,17.9,2400.030464,0.8487,0x0
2026-03-24T18:35:26.759710,57.85,55.3,17.9,2400.030464,0.8487,0x0
2026-03-24T18:35:27.779877,57.85,66.8,18.4,2400.030464,0.8487,0x0
2026-03-24T18:35:28.808483,56.75,63.9,18.4,2400.033792,0.8487,0x0
2026-03-24T18:35:29.829459,57.3,57.9,18.5,2400.030464,0.8487,0x0
2026-03-24T18:35:30.848229,56.75,55.6,18.4,2400.027136,0.8487,0x0
2026-03-24T18:35:31.870311,57.3,59.8,18.3,2400.027136,0.8487,0x0
2026-03-24T18:35:32.893064,56.75,54.6,18.3,2400.027136,0.8487,0x0
2026-03-24T18:35:33.913187,57.85,52.3,18.1,2400.03712,0.8487,0x0
2026-03-24T18:35:34.931048,57.3,52.7,18.0,2400.030464,0.8487,0x0
2026-03-24T18:35:35.952763,57.3,52.2,18.1,2400.02048,0.8487,0x0
2026-03-24T18:35:36.973115,56.75,50.8,18.0,2400.027136,0.8487,0x0
2026-03-24T18:35:37.994961,57.3,53.1,18.1,2400.02048,0.8487,0x0
2026-03-24T18:35:39.012559,57.3,53.3,18.4,2400.023808,0.8487,0x0
2026-03-24T18:35:40.032319,57.3,54.7,18.3,2400.030464,0.8487,0x0
2026-03-24T18:35:41.057118,57.85,57.4,18.5,2400.030464,0.8487,0x0
2026-03-24T18:35:42.082230,59.5,53.1,18.4,2400.030464,0.8487,0x0
2026-03-24T18:35:43.104032,58.95,55.5,18.2,2400.033792,0.8487,0x0
2026-03-24T18:35:44.124510,57.3,59.5,18.3,2400.03712,0.8487,0x0
2026-03-24T18:35:45.150772,57.85,66.8,18.4,2400.023808,0.8487,0x0
2026-03-24T18:35:46.172588,57.3,56.6,18.3,2400.023808,0.8487,0x0
2026-03-24T18:35:47.191096,57.3,52.6,18.2,2400.027136,0.8487,0x0
2026-03-24T18:35:48.211215,57.3,53.8,18.1,2400.02048,0.8487,0x0
2026-03-24T18:35:49.229945,58.4,54.6,18.1,2400.027136,0.8487,0x0
2026-03-24T18:35:50.249786,57.3,54.9,18.0,2400.033792,0.8487,0x0
2026-03-24T18:35:51.268211,57.3,54.5,18.0,2400.023808,0.8487,0x0
2026-03-24T18:35:52.287533,58.95,53.1,18.2,2400.033792,0.8487,0x0
2026-03-24T18:35:53.306505,58.95,54.7,18.0,2400.02048,0.8487,0x0
2026-03-24T18:35:54.325759,58.4,47.4,18.0,2400.02048,0.8487,0x0
2026-03-24T18:35:55.348414,56.75,52.0,18.3,2400.023808,0.8487,0x0
2026-03-24T18:35:56.367011,57.3,47.4,18.7,2400.02048,0.8487,0x0
2026-03-24T18:35:57.385219,57.85,52.0,18.4,2400.027136,0.8487,0x0
2026-03-24T18:35:58.403280,57.85,53.9,18.2,2400.02048,0.8487,0x0
2026-03-24T18:35:59.423683,59.5,52.3,18.2,2400.027136,0.8487,0x0
2026-03-24T18:36:00.445756,58.4,59.7,18.1,2400.027136,0.8487,0x0
2026-03-24T18:36:01.469764,58.95,56.7,18.3,2400.017408,0.8487,0x0
2026-03-24T18:36:02.487684,57.85,55.7,18.4,2400.03712,0.8487,0x0
2026-03-24T18:36:03.510241,57.85,52.9,18.3,2400.017408,0.8487,0x0
2026-03-24T18:36:04.527048,56.75,51.7,18.1,2400.030464,0.8487,0x0
2026-03-24T18:36:05.546765,59.5,52.5,18.2,2400.030464,0.8487,0x0
2026-03-24T18:36:06.668256,59.5,51.0,18.2,2400.033792,0.8487,0x0
2026-03-24T18:36:07.691911,56.75,52.8,18.3,2400.03712,0.8487,0x0
2026-03-24T18:36:08.710841,57.85,52.8,18.0,2400.027136,0.8487,0x0
2026-03-24T18:36:09.731538,56.75,53.0,17.8,2400.023808,0.8487,0x0
2026-03-24T18:36:10.754393,58.95,55.6,17.7,2400.03712,0.8487,0x0
2026-03-24T18:36:11.784693,58.4,55.4,17.9,2400.02048,0.8487,0x0
2026-03-24T18:36:12.806259,58.95,54.0,17.9,2400.033792,0.8487,0x0
2026-03-24T18:36:13.830183,56.75,52.6,18.0,2400.02048,0.8487,0x0
2026-03-24T18:36:14.850026,56.75,52.8,17.9,2400.033792,0.8487,0x0
2026-03-24T18:36:15.868079,58.4,53.0,17.8,2400.02048,0.8487,0x0
2026-03-24T18:36:16.888681,59.5,52.7,17.7,2400.02048,0.8487,0x0
2026-03-24T18:36:17.907155,57.85,54.2,17.7,2400.033792,0.8487,0x0
2026-03-24T18:36:18.928284,57.85,51.7,17.7,2400.030464,0.8487,0x0
2026-03-24T18:36:19.950706,59.5,53.0,18.2,2400.017408,0.8487,0x0
2026-03-24T18:36:20.970494,59.5,56.7,18.3,2400.033792,0.8487,0x0
2026-03-24T18:36:21.993791,58.4,53.8,17.9,2400.023808,0.8487,0x0
2026-03-24T18:36:23.016922,57.85,53.8,17.9,2400.023808,0.8487,0x0
2026-03-24T18:36:24.035141,58.95,51.9,18.3,2400.02048,0.8487,0x0
2026-03-24T18:36:25.052072,58.95,51.1,18.3,2400.03712,0.8487,0x0
2026-03-24T18:36:26.073927,58.95,51.6,18.2,2400.033792,0.8487,0x0
2026-03-24T18:36:27.090697,59.5,51.5,18.2,2400.030464,0.8487,0x0
2026-03-24T18:36:28.114137,58.4,59.0,18.0,2400.023808,0.8487,0x0
2026-03-24T18:36:29.131494,57.85,51.5,18.0,2400.023808,0.8487,0x0
2026-03-24T18:36:30.151599,58.4,53.4,18.2,2400.023808,0.8487,0x0
2026-03-24T18:36:31.172232,57.85,58.0,18.3,2400.03712,0.8487,0x0
2026-03-24T18:36:32.197065,58.4,53.5,18.3,2400.023808,0.8487,0x0
2026-03-24T18:36:33.220819,57.85,53.3,18.5,2400.017408,0.8487,0x0
2026-03-24T18:36:34.239676,57.85,52.9,18.3,2400.02048,0.8487,0x0
2026-03-24T18:36:35.262392,58.95,52.7,18.0,2400.02048,0.8487,0x0
2026-03-24T18:36:36.284034,60.05,52.7,17.7,2400.017408,0.8487,0x0
2026-03-24T18:36:37.405252,57.85,52.1,17.6,2400.023808,0.8487,0x0
2026-03-24T18:36:38.428848,58.95,53.5,18.1,2400.033792,0.8487,0x0
2026-03-24T18:36:39.449739,57.3,52.7,18.3,2400.027136,0.8487,0x0
2026-03-24T18:36:40.470499,57.85,54.9,18.1,2400.033792,0.8487,0x0
2026-03-24T18:36:41.488903,58.4,55.6,18.1,2400.023808,0.8487,0x0
2026-03-24T18:36:42.509132,57.85,53.4,17.8,2400.02048,0.8487,0x0
2026-03-24T18:36:43.528180,59.5,53.1,18.1,2400.02048,0.8487,0x0
2026-03-24T18:36:44.548196,57.3,53.0,18.2,2400.02048,0.8487,0x0
2026-03-24T18:36:45.569295,58.95,52.0,18.2,2400.033792,0.8487,0x0
2026-03-24T18:36:46.688281,60.6,53.0,17.8,2400.02048,0.8487,0x0
2026-03-24T18:36:47.705882,58.4,52.8,18.0,2400.033792,0.8487,0x0
2026-03-24T18:36:48.727486,58.95,51.3,17.9,2400.02048,0.8487,0x0
2026-03-24T18:36:49.749541,58.4,53.5,18.0,2400.023808,0.8487,0x0
2026-03-24T18:36:50.769934,58.95,57.2,18.2,2400.030464,0.8487,0x0
2026-03-24T18:36:51.788831,58.4,53.8,18.1,2400.02048,0.8487,0x0
2026-03-24T18:36:52.807616,58.4,52.8,18.0,2400.033792,0.8487,0x0
2026-03-24T18:36:53.825935,57.85,52.5,17.7,2400.033792,0.8487,0x0
2026-03-24T18:36:54.850988,57.3,52.8,17.9,2400.02048,0.8487,0x0
2026-03-24T18:36:55.873809,58.4,57.8,18.2,2400.023808,0.8487,0x0
2026-03-24T18:36:56.903877,60.05,54.0,18.3,2400.02048,0.8487,0x0
2026-03-24T18:36:57.926808,58.4,51.9,17.9,2400.033792,0.8487,0x0
2026-03-24T18:36:58.951004,59.5,51.4,17.6,2400.033792,0.8487,0x0
2026-03-24T18:36:59.971651,60.05,54.5,17.7,2400.027136,0.8487,0x0
2026-03-24T18:37:00.990648,58.4,56.5,17.6,2400.030464,0.8487,0x0
2026-03-24T18:37:02.013425,57.85,52.8,17.5,2400.027136,0.8487,0x0
2026-03-24T18:37:03.033285,57.85,53.9,17.6,2400.033792,0.8487,0x0
2026-03-24T18:37:04.051527,57.85,52.5,17.5,2400.033792,0.8487,0x0
2026-03-24T18:37:05.069629,58.4,52.3,17.5,2400.030464,0.8487,0x0
2026-03-24T18:37:06.094626,57.85,50.6,17.5,2400.030464,0.8487,0x0
2026-03-24T18:37:07.116342,58.95,65.0,17.6,2400.033792,0.8487,0x0
2026-03-24T18:37:08.138328,58.4,75.2,17.4,2400.017408,0.8487,0x0
2026-03-24T18:37:09.154920,58.4,53.0,17.8,2400.02048,0.8487,0x0
2026-03-24T18:37:10.172309,58.95,55.4,17.8,2400.03712,0.8487,0x0
2026-03-24T18:37:11.231492,55.65,56.2,17.7,2400.027136,0.8487,0x0
2026-03-24T18:37:12.249227,57.85,52.1,17.8,2400.033792,0.8487,0x0
2026-03-24T18:37:13.267404,57.85,53.4,17.7,2400.030464,0.8487,0x0
2026-03-24T18:37:14.286301,57.85,52.1,17.6,2400.033792,0.8487,0x0
2026-03-24T18:37:15.306882,59.5,52.7,17.8,2400.02048,0.8487,0x0
2026-03-24T18:37:16.333428,57.85,53.8,17.8,2400.02048,0.8487,0x0
2026-03-24T18:37:17.355187,57.85,52.1,17.4,2400.027136,0.8487,0x0
2026-03-24T18:37:18.372926,58.95,53.4,17.4,2400.033792,0.8487,0x0
2026-03-24T18:37:19.392539,57.3,52.7,17.4,2400.027136,0.8487,0x0
2026-03-24T18:37:20.410796,57.3,53.6,17.4,2400.02048,0.8487,0x0
2026-03-24T18:37:21.431143,58.4,56.5,17.8,2400.030464,0.8487,0x0
2026-03-24T18:37:22.450611,56.2,60.1,17.9,2400.030464,0.8487,0x0
2026-03-24T18:37:23.470273,58.4,51.9,17.8,2400.033792,0.8487,0x0
2026-03-24T18:37:24.489758,57.85,52.8,17.6,2400.02048,0.8487,0x0
2026-03-24T18:37:25.509781,57.3,51.5,17.6,2400.023808,0.8487,0x0
2026-03-24T18:37:26.528884,56.75,51.5,17.5,2400.023808,0.8487,0x0
2026-03-24T18:37:27.556877,56.75,53.1,17.5,2400.030464,0.8487,0x0
2026-03-24T18:37:28.586355,56.75,54.2,17.7,2400.030464,0.8487,0x0
2026-03-24T18:37:29.605848,57.3,52.2,18.0,2400.030464,0.8487,0x0
2026-03-24T18:37:30.626112,57.3,57.0,17.8,2400.027136,0.8487,0x0
2026-03-24T18:37:31.648348,56.2,53.1,17.5,2400.030464,0.8487,0x0
2026-03-24T18:37:32.669836,58.4,53.8,17.3,2400.02048,0.8487,0x0
2026-03-24T18:37:33.691118,56.75,52.8,17.6,2400.030464,0.8487,0x0
2026-03-24T18:37:34.709477,56.75,51.3,17.9,2400.023808,0.8487,0x0
2026-03-24T18:37:35.728235,56.75,51.6,17.8,2400.030464,0.8487,0x0
2026-03-24T18:37:36.753319,56.2,53.0,17.8,2400.033792,0.8487,0x0
2026-03-24T18:37:37.772964,56.75,55.6,17.6,2400.023808,0.8487,0x0
2026-03-24T18:37:38.794513,56.75,51.7,17.8,2400.03712,0.8487,0x0
2026-03-24T18:37:39.815676,56.75,54.3,18.1,2400.02048,0.8487,0x0
2026-03-24T18:37:40.838337,57.85,56.1,18.0,2400.027136,0.8487,0x0
2026-03-24T18:37:41.859865,56.75,52.3,17.9,2400.02048,0.8487,0x0
2026-03-24T18:37:42.880025,56.75,54.3,17.8,2400.030464,0.8487,0x0
2026-03-24T18:37:43.898158,57.3,52.9,17.7,2400.023808,0.8487,0x0
2026-03-24T18:37:44.917341,57.3,51.0,17.7,2400.033792,0.8487,0x0
2026-03-24T18:37:45.939520,57.3,52.3,17.6,2400.033792,0.8487,0x0
2026-03-24T18:37:46.961782,57.3,52.1,17.6,2400.02048,0.8487,0x0
2026-03-24T18:37:47.979241,56.2,52.0,17.9,2400.033792,0.8487,0x0
2026-03-24T18:37:48.998646,56.75,52.5,17.8,2400.027136,0.8487,0x0
2026-03-24T18:37:50.019054,56.75,63.3,18.0,2400.033792,0.8487,0x0
2026-03-24T18:37:51.042209,57.3,54.5,18.0,2400.017408,0.8487,0x0
2026-03-24T18:37:52.062774,56.75,51.4,18.2,2400.027136,0.8487,0x0
2026-03-24T18:37:53.081559,57.3,53.7,18.1,2400.023808,0.8487,0x0
2026-03-24T18:37:54.099894,56.2,51.5,18.0,2400.02048,0.8487,0x0
2026-03-24T18:37:55.117450,56.2,51.0,17.8,2400.02048,0.8487,0x0
2026-03-24T18:37:56.138268,56.2,52.1,17.8,2400.033792,0.8487,0x0
2026-03-24T18:37:57.155905,55.1,52.0,17.6,2400.023808,0.8487,0x0
2026-03-24T18:37:58.178413,56.75,53.1,17.6,2400.023808,0.8487,0x0
2026-03-24T18:37:59.205986,56.75,52.7,17.9,2400.02048,0.8487,0x0
2026-03-24T18:38:00.341081,56.2,55.6,18.0,2400.027136,0.8487,0x0
2026-03-24T18:38:01.360650,56.75,52.6,17.7,2400.02048,0.8487,0x0
2026-03-24T18:38:02.380213,56.75,54.1,17.6,2400.033792,0.8487,0x0
2026-03-24T18:38:03.401105,56.2,53.0,17.8,2400.033792,0.8487,0x0
2026-03-24T18:38:04.422331,56.75,53.1,18.2,2400.027136,0.8487,0x0
2026-03-24T18:38:05.442046,58.4,52.6,18.2,2400.02048,0.8487,0x0
2026-03-24T18:38:06.460101,56.75,51.5,18.1,2400.027136,0.8487,0x0
2026-03-24T18:38:07.479355,57.3,53.9,17.9,2400.033792,0.8487,0x0
2026-03-24T18:38:08.497030,55.65,53.5,18.3,2400.02048,0.8487,0x0
2026-03-24T18:38:09.516069,55.65,53.4,18.1,2400.023808,0.8487,0x0
2026-03-24T18:38:10.537750,56.75,55.2,17.9,2400.023808,0.8487,0x0
2026-03-24T18:38:11.555986,56.75,52.1,17.6,2400.02048,0.8487,0x0
2026-03-24T18:38:12.575881,57.3,52.9,17.6,2400.030464,0.8487,0x0
2026-03-24T18:38:13.600373,57.85,52.7,17.9,2400.027136,0.8487,0x0
2026-03-24T18:38:14.618816,55.65,52.7,17.7,2400.023808,0.8487,0x0
2026-03-24T18:38:15.641118,56.75,51.8,17.6,2400.02048,0.8487,0x0
2026-03-24T18:38:16.660986,56.2,58.1,17.5,2400.033792,0.8487,0x0
2026-03-24T18:38:17.680154,55.65,54.0,17.4,2400.033792,0.8487,0x0
2026-03-24T18:38:18.699115,56.75,51.6,17.4,2400.033792,0.8487,0x0
2026-03-24T18:38:19.718048,57.3,56.4,17.6,2400.033792,0.8487,0x0
2026-03-24T18:38:20.735247,55.65,54.5,17.8,2400.030464,0.8487,0x0
2026-03-24T18:38:21.757047,56.2,52.1,17.6,2400.02048,0.8487,0x0
2026-03-24T18:38:22.776516,55.65,53.2,17.7,2400.023808,0.8487,0x0
2026-03-24T18:38:23.797029,56.2,52.7,17.6,2400.017408,0.8487,0x0
2026-03-24T18:38:24.815452,57.3,52.3,17.4,2400.033792,0.8487,0x0
2026-03-24T18:38:25.836922,56.2,52.2,17.4,2400.03712,0.8487,0x0
2026-03-24T18:38:26.859500,57.3,52.7,17.4,2400.023808,0.8487,0x0
2026-03-24T18:38:27.879034,56.75,51.9,17.6,2400.033792,0.8487,0x0
2026-03-24T18:38:28.901350,57.85,52.8,18.0,2400.023808,0.8487,0x0
2026-03-24T18:38:29.920236,56.75,57.7,17.8,2400.030464,0.8487,0x0
2026-03-24T18:38:30.937886,56.75,51.7,17.8,2400.02048,0.8487,0x0
2026-03-24T18:38:31.961800,56.75,53.1,17.8,2400.02048,0.8487,0x0
2026-03-24T18:38:33.063017,58.4,53.4,17.7,2400.027136,0.8487,0x0
2026-03-24T18:38:34.081253,56.75,50.7,17.8,2400.030464,0.8487,0x0
2026-03-24T18:38:35.100158,56.2,51.1,17.9,2400.033792,0.8487,0x0
2026-03-24T18:38:36.118611,56.2,51.2,18.0,2400.027136,0.8487,0x0
2026-03-24T18:38:37.136673,56.75,51.2,18.1,2400.023808,0.8487,0x0
2026-03-24T18:38:38.159248,58.4,52.5,18.0,2400.02048,0.8487,0x0
2026-03-24T18:38:39.182558,55.65,56.6,17.8,2400.02048,0.8487,0x0
2026-03-24T18:38:40.203671,55.65,54.7,17.8,2400.02048,0.8487,0x0
2026-03-24T18:38:41.223213,55.65,51.0,17.7,2400.033792,0.8487,0x0
2026-03-24T18:38:42.241331,56.2,51.6,17.5,2400.02048,0.8487,0x0
2026-03-24T18:38:43.262335,56.75,53.8,17.7,2400.033792,0.8487,0x0
2026-03-24T18:38:44.280095,57.3,57.1,18.0,2400.030464,0.8487,0x0
2026-03-24T18:38:45.298893,57.85,48.0,17.7,2400.017408,0.8487,0x0
2026-03-24T18:38:46.318618,57.3,51.3,17.7,2400.033792,0.8487,0x0
2026-03-24T18:38:47.336989,57.85,52.1,17.9,2400.027136,0.8487,0x0
2026-03-24T18:38:48.361991,56.75,53.3,17.8,2400.033792,0.8487,0x0
2026-03-24T18:38:49.386199,57.3,54.0,18.0,2400.030464,0.8487,0x0
2026-03-24T18:38:50.411733,56.75,55.0,18.0,2400.03712,0.8487,0x0
2026-03-24T18:38:51.432651,57.85,52.6,17.9,2400.030464,0.8487,0x0
2026-03-24T18:38:52.450821,56.75,51.9,17.7,2400.02048,0.8487,0x0
2026-03-24T18:38:53.469003,56.2,54.3,17.7,2400.033792,0.8487,0x0
2026-03-24T18:38:54.487955,56.75,51.7,17.7,2400.033792,0.8487,0x0
2026-03-24T18:38:55.510740,56.2,46.7,17.6,2400.02048,0.8487,0x0
2026-03-24T18:38:56.530863,55.1,51.5,17.7,2400.023808,0.8487,0x0
2026-03-24T18:38:57.552541,57.85,53.1,18.0,2400.027136,0.8487,0x0
2026-03-24T18:38:58.572400,58.95,52.0,18.2,2400.03712,0.8487,0x0
2026-03-24T18:38:59.591399,57.3,56.3,18.3,2400.02048,0.8487,0x0
2026-03-24T18:39:00.611309,56.75,55.4,18.1,2400.030464,0.8487,0x0
2026-03-24T18:39:01.632860,56.75,52.3,18.0,2400.027136,0.8487,0x0
2026-03-24T18:39:02.656830,56.75,55.6,17.8,2400.023808,0.8487,0x0
2026-03-24T18:39:03.676533,57.85,52.0,17.7,2400.03712,0.8487,0x0
2026-03-24T18:39:04.697830,58.4,51.2,17.8,2400.02048,0.8487,0x0
2026-03-24T18:39:05.718177,57.3,51.5,17.9,2400.030464,0.8487,0x0
2026-03-24T18:39:06.738368,58.4,56.1,18.0,2400.02048,0.8487,0x0
2026-03-24T18:39:07.759451,57.85,59.2,18.4,2400.03712,0.8487,0x0
2026-03-24T18:39:08.778322,56.2,54.5,18.1,2400.02048,0.8487,0x0
2026-03-24T18:39:09.795629,57.85,55.6,18.1,2400.033792,0.8487,0x0
2026-03-24T18:39:10.815392,57.3,62.1,17.8,2400.030464,0.8487,0x0
2026-03-24T18:39:11.836331,56.2,55.6,17.6,2400.033792,0.8487,0x0
2026-03-24T18:39:12.857800,57.3,54.7,17.8,2400.030464,0.8487,0x0
2026-03-24T18:39:13.881176,58.4,52.9,17.6,2400.030464,0.8487,0x0
2026-03-24T18:39:14.900357,56.75,51.8,17.5,2400.023808,0.8487,0x0
2026-03-24T18:39:15.923467,57.85,52.1,17.5,2400.02048,0.8487,0x0
2026-03-24T18:39:16.944749,57.3,51.2,17.7,2400.030464,0.8487,0x0
2026-03-24T18:39:17.963239,56.2,53.7,17.6,2400.033792,0.8487,0x0
2026-03-24T18:39:18.990393,57.3,55.4,17.7,2400.023808,0.8487,0x0
2026-03-24T18:39:20.012411,58.4,56.0,18.0,2400.030464,0.8487,0x0
2026-03-24T18:39:21.042135,57.3,52.5,18.1,2400.030464,0.8487,0x0
2026-03-24T18:39:22.162112,57.3,53.8,18.2,2400.023808,0.8487,0x0
2026-03-24T18:39:23.178419,57.85,53.8,17.9,2400.033792,0.8487,0x0
2026-03-24T18:39:24.197158,56.75,53.1,17.9,2400.030464,0.8487,0x0
2026-03-24T18:39:25.218446,58.95,52.7,17.7,2400.030464,0.8487,0x0
2026-03-24T18:39:26.238927,57.85,52.5,17.8,2400.023808,0.8487,0x0
2026-03-24T18:39:27.258806,58.4,53.6,17.7,2400.02048,0.8487,0x0
2026-03-24T18:39:28.276616,58.4,53.7,18.0,2400.02048,0.8487,0x0
2026-03-24T18:39:29.297872,57.85,56.6,18.1,2400.033792,0.8487,0x0
2026-03-24T18:39:30.321569,57.85,55.1,18.1,2400.030464,0.8487,0x0
2026-03-24T18:39:31.343252,57.3,52.6,18.2,2400.023808,0.8487,0x0
2026-03-24T18:39:32.365939,58.95,52.2,18.3,2400.023808,0.8487,0x0
2026-03-24T18:39:33.490082,58.95,53.4,18.0,2400.030464,0.8487,0x0
2026-03-24T18:39:34.507456,58.4,51.4,18.1,2400.03712,0.8487,0x0
2026-03-24T18:39:35.526478,57.3,53.7,17.7,2400.03712,0.8487,0x0
2026-03-24T18:39:36.554031,57.3,53.3,17.7,2400.033792,0.8487,0x0
2026-03-24T18:39:37.571689,57.85,53.6,17.5,2400.03712,0.8487,0x0
2026-03-24T18:39:38.594274,57.3,60.9,17.7,2400.027136,0.8487,0x0
2026-03-24T18:39:39.615203,58.4,56.1,17.7,2400.027136,0.8487,0x0
2026-03-24T18:39:40.643754,57.85,51.5,17.8,2400.023808,0.8487,0x0
2026-03-24T18:39:41.664704,57.85,52.2,17.6,2400.027136,0.8487,0x0
2026-03-24T18:39:42.684100,57.85,53.2,17.7,2400.02048,0.8487,0x0
2026-03-24T18:39:43.703113,55.65,53.4,17.7,2400.033792,0.8487,0x0
2026-03-24T18:39:44.721100,56.75,51.0,17.5,2400.027136,0.8487,0x0
2026-03-24T18:39:45.741322,57.3,52.1,17.3,2400.02048,0.8487,0x0
2026-03-24T18:39:46.762220,58.4,52.7,17.4,2400.02048,0.8487,0x0
2026-03-24T18:39:47.779493,58.95,54.3,17.4,2400.02048,0.8487,0x0
2026-03-24T18:39:48.797847,57.3,57.9,17.6,2400.02048,0.8487,0x0
2026-03-24T18:39:49.816367,58.4,53.7,18.0,2400.02048,0.8487,0x0
2026-03-24T18:39:50.837253,58.4,52.5,18.0,2400.023808,0.8487,0x0
2026-03-24T18:39:51.856647,58.4,52.6,17.8,2400.03712,0.8487,0x0
2026-03-24T18:39:52.875646,58.4,52.6,17.6,2400.03712,0.8487,0x0
2026-03-24T18:39:53.897477,58.95,52.3,17.7,2400.030464,0.8487,0x0
2026-03-24T18:39:54.918216,57.85,61.9,17.8,2400.023808,0.8487,0x0
2026-03-24T18:39:55.943584,59.5,79.9,18.5,2400.033792,0.8487,0x0
2026-03-24T18:39:56.976151,58.95,80.1,18.6,2400.023808,0.8487,0x0
2026-03-24T18:39:58.107282,58.95,82.6,18.8,2400.027136,0.8487,0x0
2026-03-24T18:39:59.232364,60.05,78.7,18.8,2400.033792,0.8487,0x0
2026-03-24T18:40:00.258427,58.95,81.5,18.6,2400.030464,0.8487,0x0
2026-03-24T18:40:01.286156,58.95,87.7,19.0,2400.030464,0.8487,0x0
2026-03-24T18:40:02.315414,58.95,81.8,19.1,2400.027136,0.8487,0x0
2026-03-24T18:40:03.342964,60.05,78.0,19.3,2400.02048,0.8487,0x0
2026-03-24T18:40:04.365746,57.85,77.3,19.2,2400.033792,0.8487,0x0
2026-03-24T18:40:05.384230,57.85,61.9,19.1,2400.033792,0.8487,0x0
2026-03-24T18:40:06.403470,57.85,78.3,19.3,2400.023808,0.8487,0x0
2026-03-24T18:40:07.423339,58.95,60.6,19.3,2400.033792,0.8487,0x0
2026-03-24T18:40:08.441738,57.85,56.5,19.1,2400.027136,0.8487,0x0
2026-03-24T18:40:09.461284,59.5,55.6,19.1,2400.02048,0.8487,0x0
2026-03-24T18:40:10.480419,58.4,60.9,19.5,2400.02048,0.8487,0x0
2026-03-24T18:40:11.507165,58.4,62.3,19.4,2400.023808,0.8487,0x0
2026-03-24T18:40:12.531653,57.85,77.3,19.7,2400.030464,0.8487,0x0
2026-03-24T18:40:13.560737,58.95,71.4,19.9,2400.030464,0.8487,0x0
2026-03-24T18:40:14.581236,57.3,65.6,19.9,2400.03712,0.8487,0x0
2026-03-24T18:40:15.603668,58.95,51.4,19.7,2400.03712,0.8487,0x0
2026-03-24T18:40:16.622278,60.05,52.9,19.7,2400.02048,0.8487,0x0
2026-03-24T18:40:17.644169,58.4,56.4,19.4,2400.030464,0.8487,0x0
2026-03-24T18:40:18.661367,58.95,60.5,19.5,2400.033792,0.8487,0x0
2026-03-24T18:40:19.681674,58.4,63.3,19.3,2400.030464,0.8487,0x0
2026-03-24T18:40:20.699195,57.85,52.6,19.2,2400.033792,0.8487,0x0
2026-03-24T18:40:21.722049,57.3,52.2,19.6,2400.033792,0.8487,0x0
2026-03-24T18:40:22.851843,58.4,51.7,19.7,2400.033792,0.8487,0x0
2026-03-24T18:40:23.874385,58.4,54.7,19.4,2400.027136,0.8487,0x0
2026-03-24T18:40:24.892722,58.4,55.2,19.6,2400.023808,0.8487,0x0
2026-03-24T18:40:25.910608,57.85,57.4,19.5,2400.023808,0.8487,0x0
2026-03-24T18:40:26.930178,57.3,54.0,19.2,2400.02048,0.8487,0x0
2026-03-24T18:40:28.024147,58.95,52.8,19.1,2400.033792,0.8487,0x0
2026-03-24T18:40:29.043272,57.3,53.0,19.2,2400.03712,0.8487,0x0
2026-03-24T18:40:30.065452,57.85,51.1,19.2,2400.027136,0.8487,0x0
2026-03-24T18:40:31.085987,57.3,51.6,19.2,2400.02048,0.8487,0x0
2026-03-24T18:40:32.107461,58.95,52.2,19.1,2400.030464,0.8487,0x0
2026-03-24T18:40:33.128056,58.4,55.1,19.0,2400.027136,0.8487,0x0
2026-03-24T18:40:34.148597,57.85,61.6,18.9,2400.023808,0.8487,0x0
2026-03-24T18:40:35.168020,58.95,55.9,18.8,2400.017408,0.8487,0x0
2026-03-24T18:40:36.194066,57.3,53.3,18.8,2400.033792,0.8487,0x0
2026-03-24T18:40:37.218721,56.75,50.3,18.8,2400.033792,0.8487,0x0
2026-03-24T18:40:38.247777,56.2,54.0,18.9,2400.02048,0.8487,0x0
2026-03-24T18:40:39.266800,58.4,53.0,18.8,2400.033792,0.8487,0x0
2026-03-24T18:40:40.286271,57.3,51.5,18.9,2400.030464,0.8487,0x0
2026-03-24T18:40:41.306047,58.4,52.8,18.8,2400.030464,0.8487,0x0
2026-03-24T18:40:42.331056,57.85,53.9,18.9,2400.023808,0.8487,0x0
2026-03-24T18:40:43.352174,57.3,53.4,18.8,2400.030464,0.8487,0x0
2026-03-24T18:40:44.373739,57.3,56.9,19.0,2400.02048,0.8487,0x0
2026-03-24T18:40:45.395131,57.85,54.4,19.4,2400.033792,0.8487,0x0
2026-03-24T18:40:46.415150,57.3,52.3,19.4,2400.027136,0.8487,0x0
2026-03-24T18:40:47.434434,57.3,54.1,19.2,2400.033792,0.8487,0x0
2026-03-24T18:40:48.453156,55.1,53.6,19.0,2400.027136,0.8487,0x0
2026-03-24T18:40:49.472886,57.3,51.8,18.8,2400.033792,0.8487,0x0
2026-03-24T18:40:50.493093,57.3,54.5,18.7,2400.030464,0.8487,0x0
2026-03-24T18:40:51.514412,57.3,52.2,18.9,2400.017408,0.8487,0x0
2026-03-24T18:40:52.536633,57.85,52.8,18.9,2400.02048,0.8487,0x0
2026-03-24T18:40:53.558959,57.85,54.5,18.7,2400.02048,0.8487,0x0
2026-03-24T18:40:54.581010,57.3,58.0,18.6,2400.02048,0.8487,0x0
2026-03-24T18:40:55.600836,57.3,53.1,18.7,2400.027136,0.8487,0x0
2026-03-24T18:40:56.710949,57.3,52.8,18.8,2400.02048,0.8487,0x0
2026-03-24T18:40:57.729195,56.75,52.4,19.1,2400.017408,0.8487,0x0
2026-03-24T18:40:58.750682,57.85,52.1,19.4,2400.02048,0.8487,0x0
2026-03-24T18:40:59.774661,58.4,53.2,19.3,2400.02048,0.8487,0x0
2026-03-24T18:41:00.794532,57.3,58.7,19.5,2400.033792,0.8487,0x0
2026-03-24T18:41:01.818005,56.75,53.4,19.1,2400.030464,0.8487,0x0
2026-03-24T18:41:02.838133,57.85,55.7,19.1,2400.027136,0.8487,0x0
2026-03-24T18:41:03.860253,56.75,61.9,19.1,2400.027136,0.8487,0x0
2026-03-24T18:41:04.879510,57.85,56.5,18.8,2400.030464,0.8487,0x0
2026-03-24T18:41:05.901030,57.3,53.6,18.7,2400.027136,0.8487,0x0
2026-03-24T18:41:06.920029,56.2,51.5,18.8,2400.033792,0.8487,0x0
2026-03-24T18:41:07.941591,57.85,53.2,18.8,2400.02048,0.8487,0x0
2026-03-24T18:41:08.960855,56.75,54.0,18.7,2400.023808,0.8487,0x0
2026-03-24T18:41:09.981441,57.3,51.0,18.6,2400.023808,0.8487,0x0
2026-03-24T18:41:11.002910,56.75,51.3,18.8,2400.033792,0.8487,0x0
2026-03-24T18:41:12.022095,57.85,52.0,18.7,2400.017408,0.8487,0x0
2026-03-24T18:41:13.040343,57.3,53.2,18.7,2400.03712,0.8487,0x0
2026-03-24T18:41:14.058481,56.2,53.0,19.0,2400.03712,0.8487,0x0
2026-03-24T18:41:15.077386,57.3,59.0,19.0,2400.017408,0.8487,0x0
2026-03-24T18:41:16.096236,56.75,51.4,18.9,2400.023808,0.8487,0x0
2026-03-24T18:41:17.113478,57.3,52.0,19.0,2400.023808,0.8487,0x0
2026-03-24T18:41:18.135858,56.75,53.5,18.8,2400.027136,0.8487,0x0
2026-03-24T18:41:19.161787,58.4,53.5,18.8,2400.027136,0.8487,0x0
2026-03-24T18:41:20.181319,57.3,52.4,19.0,2400.02048,0.8487,0x0
2026-03-24T18:41:21.199896,57.3,52.6,19.0,2400.02048,0.8487,0x0
2026-03-24T18:41:22.221763,58.4,52.1,18.9,2400.02048,0.8487,0x0
2026-03-24T18:41:23.241456,57.3,52.7,18.9,2400.030464,0.8487,0x0
2026-03-24T18:41:24.260859,56.75,55.9,19.3,2400.033792,0.8487,0x0
2026-03-24T18:41:25.277300,56.2,54.0,19.5,2400.02048,0.8487,0x0
2026-03-24T18:41:26.294143,57.3,58.4,19.4,2400.033792,0.8487,0x0
2026-03-24T18:41:27.312792,57.3,54.0,19.1,2400.02048,0.8487,0x0
2026-03-24T18:41:28.335462,57.3,53.3,18.9,2400.027136,0.8487,0x0
2026-03-24T18:41:29.359772,56.2,52.8,19.1,2400.033792,0.8487,0x0
2026-03-24T18:41:30.383562,56.2,51.3,18.9,2400.027136,0.8487,0x0
2026-03-24T18:41:31.404384,56.2,51.8,19.1,2400.023808,0.8487,0x0
2026-03-24T18:41:32.425290,56.2,62.8,19.0,2400.030464,0.8487,0x0
2026-03-24T18:41:33.447787,56.75,65.8,19.0,2400.02048,0.8487,0x0
2026-03-24T18:41:34.468127,56.2,74.9,19.3,2400.03712,0.8487,0x0
2026-03-24T18:41:35.494682,57.85,57.6,19.6,2400.030464,0.8487,0x0
2026-03-24T18:41:36.518597,58.4,57.9,19.6,2400.023808,0.8487,0x0
2026-03-24T18:41:37.540503,56.2,62.2,19.5,2400.033792,0.8487,0x0
2026-03-24T18:41:38.561077,56.75,58.8,19.4,2400.02048,0.8487,0x0
2026-03-24T18:41:39.578458,55.65,54.6,19.3,2400.03712,0.8487,0x0
2026-03-24T18:41:40.597967,57.3,54.9,19.3,2400.02048,0.8487,0x0
2026-03-24T18:41:41.614254,55.65,64.9,19.4,2400.027136,0.8487,0x0
2026-03-24T18:41:42.640669,56.2,55.1,19.6,2400.02048,0.8487,0x0
2026-03-24T18:41:43.660296,57.85,52.0,19.5,2400.02048,0.8487,0x0
2026-03-24T18:41:44.678220,57.3,53.7,19.8,2400.030464,0.8487,0x0
2026-03-24T18:41:45.695945,57.3,56.0,19.9,2400.023808,0.8487,0x0
2026-03-24T18:41:46.714987,55.65,52.5,19.6,2400.033792,0.8487,0x0
2026-03-24T18:41:47.732917,56.75,53.9,19.7,2400.030464,0.8487,0x0
2026-03-24T18:41:48.754267,57.85,58.1,19.3,2400.023808,0.8487,0x0
2026-03-24T18:41:49.771252,57.85,52.1,19.2,2400.02048,0.8487,0x0
2026-03-24T18:41:50.789648,56.75,51.4,19.2,2400.02048,0.8487,0x0
2026-03-24T18:41:51.806152,55.65,52.5,19.6,2400.027136,0.8487,0x0
2026-03-24T18:41:52.826197,57.85,52.9,19.7,2400.023808,0.8487,0x0
2026-03-24T18:41:53.848837,56.2,52.6,19.6,2400.023808,0.8487,0x0
2026-03-24T18:41:54.873670,56.75,55.3,19.5,2400.030464,0.8487,0x0
2026-03-24T18:41:55.906648,57.3,57.0,19.6,2400.027136,0.8487,0x0
2026-03-24T18:41:56.928957,57.3,54.1,19.4,2400.023808,0.8487,0x0
2026-03-24T18:41:57.951308,56.75,53.6,19.6,2400.02048,0.8487,0x0
2026-03-24T18:41:58.974416,56.75,52.2,19.4,2400.023808,0.8487,0x0
2026-03-24T18:41:59.996677,57.85,52.5,19.4,2400.017408,0.8487,0x0
2026-03-24T18:42:01.015418,57.3,53.4,19.3,2400.030464,0.8487,0x0
2026-03-24T18:42:02.031903,57.85,51.4,19.3,2400.027136,0.8487,0x0
2026-03-24T18:42:03.051716,58.4,54.8,19.3,2400.033792,0.8487,0x0
2026-03-24T18:42:04.161773,55.65,52.0,19.4,2400.033792,0.8487,0x0
2026-03-24T18:42:05.178941,57.85,56.0,19.6,2400.030464,0.8487,0x0
2026-03-24T18:42:06.196053,56.2,56.9,19.4,2400.030464,0.8487,0x0
2026-03-24T18:42:07.214092,55.65,52.6,19.3,2400.023808,0.8487,0x0
2026-03-24T18:42:08.237172,56.2,52.4,19.5,2400.023808,0.8487,0x0
2026-03-24T18:42:09.256432,56.2,53.5,19.4,2400.033792,0.8487,0x0
2026-03-24T18:42:10.273294,56.2,52.0,19.4,2400.02048,0.8487,0x0
2026-03-24T18:42:11.297755,56.75,52.1,19.4,2400.027136,0.8487,0x0
2026-03-24T18:42:12.315804,55.65,53.9,19.3,2400.03712,0.8487,0x0
2026-03-24T18:42:13.332965,55.65,57.3,19.3,2400.033792,0.8487,0x0
2026-03-24T18:42:14.351880,57.3,57.9,19.1,2400.023808,0.8487,0x0
2026-03-24T18:42:15.372107,57.3,56.7,19.6,2400.033792,0.8487,0x0
2026-03-24T18:42:16.394735,56.2,54.9,19.6,2400.023808,0.8487,0x0
2026-03-24T18:42:17.415778,56.2,53.4,19.7,2400.02048,0.8487,0x0
2026-03-24T18:42:18.439139,55.65,55.2,19.8,2400.033792,0.8487,0x0
2026-03-24T18:42:19.455795,57.3,53.6,19.6,2400.030464,0.8487,0x0
2026-03-24T18:42:20.479562,56.75,52.8,19.5,2400.017408,0.8487,0x0
2026-03-24T18:42:21.500786,57.85,51.5,19.4,2400.03712,0.8487,0x0
2026-03-24T18:42:22.625776,57.85,53.5,19.2,2400.023808,0.8487,0x0
2026-03-24T18:42:23.644841,56.75,51.6,19.2,2400.027136,0.8487,0x0
2026-03-24T18:42:24.661927,56.75,55.0,19.4,2400.02048,0.8487,0x0
2026-03-24T18:42:25.683052,56.75,57.1,19.4,2400.03712,0.8487,0x0
2026-03-24T18:42:26.702659,56.2,51.4,19.3,2400.02048,0.8487,0x0
2026-03-24T18:42:27.725130,55.65,54.3,19.7,2400.03712,0.8487,0x0
2026-03-24T18:42:28.746447,56.2,52.5,19.6,2400.027136,0.8487,0x0
2026-03-24T18:42:29.762778,55.1,51.2,19.5,2400.030464,0.8487,0x0
2026-03-24T18:42:30.783301,57.3,52.7,19.6,2400.033792,0.8487,0x0
2026-03-24T18:42:31.802310,56.2,51.8,19.3,2400.027136,0.8487,0x0
2026-03-24T18:42:32.820180,56.75,53.1,19.3,2400.033792,0.8487,0x0
2026-03-24T18:42:33.838283,57.3,51.9,19.3,2400.033792,0.8487,0x0
2026-03-24T18:42:34.857970,56.2,56.6,19.3,2400.027136,0.8487,0x0
2026-03-24T18:42:35.877609,56.2,55.5,19.3,2400.030464,0.8487,0x0
2026-03-24T18:42:36.903097,56.2,51.6,19.3,2400.02048,0.8487,0x0
2026-03-24T18:42:37.921382,56.75,56.3,19.4,2400.033792,0.8487,0x0
2026-03-24T18:42:38.939991,56.75,51.7,19.6,2400.023808,0.8487,0x0
2026-03-24T18:42:39.959872,57.3,53.3,19.5,2400.023808,0.8487,0x0
2026-03-24T18:42:40.977413,55.65,58.0,19.5,2400.023808,0.8487,0x0
2026-03-24T18:42:41.999156,55.65,52.3,19.4,2400.027136,0.8487,0x0
2026-03-24T18:42:43.020153,55.65,59.5,19.3,2400.02048,0.8487,0x0
2026-03-24T18:42:44.043213,57.3,54.2,19.4,2400.030464,0.8487,0x0
2026-03-24T18:42:45.065350,56.2,59.6,19.6,2400.023808,0.8487,0x0
2026-03-24T18:42:46.085731,55.65,61.7,19.5,2400.027136,0.8487,0x0
2026-03-24T18:42:47.120225,56.2,62.1,19.9,2400.027136,0.8487,0x0
2026-03-24T18:42:48.138262,57.3,58.9,19.9,2400.023808,0.8487,0x0
2026-03-24T18:42:49.158818,56.75,61.8,19.9,2400.027136,0.8487,0x0
2026-03-24T18:42:50.280926,57.3,68.6,19.9,2400.023808,0.8487,0x0
2026-03-24T18:42:51.304568,56.2,65.0,19.6,2400.027136,0.8487,0x0
2026-03-24T18:42:52.321522,56.2,57.4,19.6,2400.030464,0.8487,0x0
2026-03-24T18:42:53.348888,56.75,59.5,19.8,2400.030464,0.8487,0x0
2026-03-24T18:42:54.374801,57.3,73.3,18.5,2400.023808,0.8487,0x0
2026-03-24T18:42:55.401770,56.2,62.5,18.2,2400.02048,0.8487,0x0
2026-03-24T18:42:56.429482,57.3,72.0,18.4,2400.030464,0.8487,0x0
2026-03-24T18:42:57.451055,57.3,58.8,18.7,2400.030464,0.8487,0x0
2026-03-24T18:42:58.473919,56.75,69.5,18.6,2400.023808,0.8487,0x0
2026-03-24T18:42:59.503891,55.65,80.9,19.1,2400.027136,0.8487,0x0
2026-03-24T18:43:00.533932,55.1,58.2,19.0,2400.033792,0.8487,0x0
2026-03-24T18:43:01.556381,57.3,59.1,19.0,2400.027136,0.8487,0x0
2026-03-24T18:43:02.578198,56.75,61.8,18.9,2400.023808,0.8487,0x0
2026-03-24T18:43:03.597813,55.65,57.2,18.9,2400.02048,0.8487,0x0
2026-03-24T18:43:04.620453,55.65,61.6,19.2,2400.030464,0.8487,0x0
2026-03-24T18:43:05.638371,56.2,57.5,18.9,2400.02048,0.8487,0x0
2026-03-24T18:43:06.656890,56.2,64.3,18.7,2400.033792,0.8487,0x0
2026-03-24T18:43:07.679898,56.2,58.5,18.7,2400.030464,0.8487,0x0
2026-03-24T18:43:08.702086,56.75,64.5,19.0,2400.027136,0.8487,0x0
2026-03-24T18:43:09.733079,56.2,71.6,19.0,2400.02048,0.8487,0x0
2026-03-24T18:43:10.758646,55.65,67.6,19.1,2400.02048,0.8487,0x0
2026-03-24T18:43:11.779826,55.65,65.3,19.6,2400.02048,0.8487,0x0
2026-03-24T18:43:12.808570,57.85,85.5,19.9,2400.030464,0.8487,0x0
2026-03-24T18:43:13.934818,57.85,82.9,20.4,2400.03712,0.8487,0x0
2026-03-24T18:43:14.960368,56.2,84.8,20.4,2400.030464,0.8487,0x0
2026-03-24T18:43:15.990595,56.2,87.1,20.7,2400.017408,0.8487,0x0
2026-03-24T18:43:17.020307,56.75,85.5,20.9,2400.027136,0.8487,0x0
2026-03-24T18:43:18.054657,56.75,76.3,20.9,2400.030464,0.8487,0x0
2026-03-24T18:43:19.078599,56.2,80.4,21.0,2400.033792,0.8487,0x0
2026-03-24T18:43:20.107149,57.85,85.4,21.3,2400.03712,0.8487,0x0
2026-03-24T18:43:21.133575,56.75,87.7,21.3,2400.027136,0.8487,0x0
2026-03-24T18:43:22.155675,57.85,79.0,21.3,2400.030464,0.8487,0x0
2026-03-24T18:43:23.174220,57.3,80.1,21.1,2400.02048,0.8487,0x0
2026-03-24T18:43:24.197517,57.3,82.5,21.0,2400.027136,0.8487,0x0
2026-03-24T18:43:25.223402,56.75,79.8,21.2,2400.033792,0.8487,0x0
2026-03-24T18:43:26.362069,56.75,81.9,21.6,2400.033792,0.8487,0x0
2026-03-24T18:43:27.388294,57.85,84.3,21.6,2400.030464,0.8487,0x0
2026-03-24T18:43:28.415464,56.75,76.7,21.6,2400.023808,0.8487,0x0
2026-03-24T18:43:29.439763,57.3,82.1,21.7,2400.023808,0.8487,0x0
2026-03-24T18:43:30.471405,56.75,71.1,21.9,2400.023808,0.8487,0x0
2026-03-24T18:43:31.498061,56.75,64.9,21.5,2400.030464,0.8487,0x0
2026-03-24T18:43:32.531186,57.3,76.4,21.3,2400.030464,0.8487,0x0
2026-03-24T18:43:33.551151,56.75,64.6,21.5,2400.030464,0.8487,0x0
2026-03-24T18:43:34.582359,57.3,60.4,21.9,2400.033792,0.8487,0x0
2026-03-24T18:43:35.602996,57.3,57.0,21.9,2400.023808,0.8487,0x0
2026-03-24T18:43:36.620107,56.2,59.6,21.8,2400.027136,0.8487,0x0
2026-03-24T18:43:37.639687,58.4,57.9,21.7,2400.027136,0.8487,0x0
2026-03-24T18:43:38.660549,56.75,72.6,21.5,2400.030464,0.8487,0x0
2026-03-24T18:43:39.712991,56.75,76.2,21.5,2400.033792,0.8487,0x0
2026-03-24T18:43:40.732828,56.75,67.8,21.3,2400.027136,0.8487,0x0
2026-03-24T18:43:41.760398,56.75,70.2,21.4,2400.023808,0.8487,0x0
2026-03-24T18:43:42.795141,56.2,77.6,21.5,2400.023808,0.8487,0x0
2026-03-24T18:43:43.827006,56.2,79.9,21.7,2400.03712,0.8487,0x0
2026-03-24T18:43:44.847684,58.4,74.8,21.8,2400.023808,0.8487,0x0
2026-03-24T18:43:45.871466,58.4,73.9,21.7,2400.02048,0.8487,0x0
2026-03-24T18:43:46.896875,56.75,74.7,22.1,2400.027136,0.8487,0x0
2026-03-24T18:43:47.921759,57.3,56.9,21.9,2400.033792,0.8487,0x0
2026-03-24T18:43:48.940353,56.2,54.4,21.8,2400.033792,0.8487,0x0
2026-03-24T18:43:49.960778,56.75,52.8,21.7,2400.027136,0.8487,0x0
2026-03-24T18:43:50.978051,56.75,56.5,21.5,2400.023808,0.8487,0x0
2026-03-24T18:43:51.995675,56.2,63.3,21.5,2400.030464,0.8487,0x0
2026-03-24T18:43:53.013394,56.2,65.8,21.6,2400.027136,0.8487,0x0
2026-03-24T18:43:54.041085,57.85,72.8,22.4,2400.023808,0.8487,0x0
2026-03-24T18:43:55.064657,58.4,83.0,22.7,2400.02048,0.8487,0x0
2026-03-24T18:43:56.089277,56.75,87.7,22.9,2400.02048,0.8487,0x0
2026-03-24T18:43:57.111357,56.75,85.0,22.3,2400.030464,0.8487,0x0
2026-03-24T18:43:58.136344,57.3,89.3,23.1,2400.033792,0.8487,0x0
2026-03-24T18:43:59.166462,57.3,88.7,22.7,2400.030464,0.8487,0x0
2026-03-24T18:44:00.298843,57.85,87.0,22.8,2400.023808,0.8487,0x0
2026-03-24T18:44:01.325785,57.85,84.9,23.0,2400.030464,0.8487,0x0
2026-03-24T18:44:02.351444,56.75,85.7,23.4,2400.030464,0.8487,0x0
2026-03-24T18:44:03.377477,56.2,64.9,23.2,2400.02048,0.8487,0x0
2026-03-24T18:44:04.399862,56.75,59.4,22.8,2400.033792,0.8487,0x0
2026-03-24T18:44:05.429789,56.75,68.0,23.0,2400.02048,0.8487,0x0
2026-03-24T18:44:06.451114,56.75,64.6,23.0,2400.02048,0.8487,0x0
2026-03-24T18:44:07.474004,56.2,54.9,22.9,2400.02048,0.8487,0x0
2026-03-24T18:44:08.497848,56.2,63.3,22.6,2400.030464,0.8487,0x0
2026-03-24T18:44:09.518097,57.3,56.7,22.8,2400.027136,0.8487,0x0
2026-03-24T18:44:10.538764,56.2,61.4,22.7,2400.030464,0.8487,0x0
2026-03-24T18:44:11.567551,57.85,63.3,22.5,2400.017408,0.8487,0x0
2026-03-24T18:44:12.587258,56.2,64.4,22.8,2400.02048,0.8487,0x0
2026-03-24T18:44:13.608900,56.75,60.0,22.6,2400.017408,0.8487,0x0
2026-03-24T18:44:14.628759,57.85,60.0,22.8,2400.02048,0.8487,0x0
2026-03-24T18:44:15.652461,56.2,63.7,22.8,2400.030464,0.8487,0x0
2026-03-24T18:44:16.672188,58.4,68.7,22.7,2400.027136,0.8487,0x0
2026-03-24T18:44:17.692778,56.75,64.5,23.0,2400.023808,0.8487,0x0
2026-03-24T18:44:18.715555,57.85,64.0,23.1,2400.030464,0.8487,0x0
2026-03-24T18:44:19.736165,56.2,68.7,23.1,2400.030464,0.8487,0x0
2026-03-24T18:44:20.758872,57.3,84.9,24.4,2400.027136,0.8487,0x0
2026-03-24T18:44:21.783779,56.75,91.6,23.7,2400.02048,0.8487,0x0
2026-03-24T18:44:22.814342,56.75,64.8,23.9,2400.02048,0.8487,0x0
2026-03-24T18:44:23.834321,57.3,60.3,23.6,2400.030464,0.8487,0x0
2026-03-24T18:44:24.854211,56.2,69.5,23.7,2400.023808,0.8487,0x0
2026-03-24T18:44:25.872434,57.3,61.0,23.4,2400.023808,0.8487,0x0
2026-03-24T18:44:26.894782,56.75,52.4,23.2,2400.030464,0.8487,0x0
2026-03-24T18:44:27.920367,55.1,61.2,23.3,2400.023808,0.8487,0x0
2026-03-24T18:44:28.940610,56.2,64.7,23.0,2400.02048,0.8487,0x0
2026-03-24T18:44:29.963803,56.75,79.4,23.1,2400.023808,0.8487,0x0
2026-03-24T18:44:30.982437,56.75,71.3,22.9,2400.030464,0.8487,0x0
2026-03-24T18:44:32.005776,58.4,71.7,22.7,2400.02048,0.8487,0x0
2026-03-24T18:44:33.027842,55.65,65.2,22.6,2400.033792,0.8487,0x0
2026-03-24T18:44:34.052140,57.3,70.6,22.8,2400.027136,0.8487,0x0
2026-03-24T18:44:35.075466,55.65,66.3,22.9,2400.03712,0.8487,0x0
2026-03-24T18:44:36.101485,57.3,63.1,22.6,2400.03712,0.8487,0x0
2026-03-24T18:44:37.121594,57.3,60.6,22.6,2400.030464,0.8487,0x0
2026-03-24T18:44:38.141062,56.2,56.6,22.6,2400.027136,0.8487,0x0
2026-03-24T18:44:39.168577,56.2,66.3,22.5,2400.023808,0.8487,0x0
2026-03-24T18:44:40.191848,57.85,61.5,22.4,2400.030464,0.8487,0x0
2026-03-24T18:44:41.220551,57.85,66.3,22.6,2400.023808,0.8487,0x0
2026-03-24T18:44:42.242019,58.4,64.4,22.9,2400.033792,0.8487,0x0
2026-03-24T18:44:43.263946,57.85,65.4,22.9,2400.02048,0.8487,0x0
2026-03-24T18:44:44.287486,55.65,57.5,22.7,2400.023808,0.8487,0x0
2026-03-24T18:44:45.312351,56.75,62.4,22.8,2400.023808,0.8487,0x0
2026-03-24T18:44:46.337130,57.3,63.3,22.9,2400.03712,0.8487,0x0
2026-03-24T18:44:47.365335,56.2,56.7,22.8,2400.02048,0.8487,0x0
2026-03-24T18:44:48.398854,56.75,60.2,22.8,2400.017408,0.8487,0x0
2026-03-24T18:44:49.425019,56.75,61.8,22.8,2400.023808,0.8487,0x0
2026-03-24T18:44:50.445745,56.75,54.4,22.5,2400.02048,0.8487,0x0
2026-03-24T18:44:51.464381,56.2,66.5,22.5,2400.030464,0.8487,0x0
2026-03-24T18:44:52.485435,58.4,57.5,22.5,2400.017408,0.8487,0x0
2026-03-24T18:44:53.507246,56.2,69.1,22.6,2400.02048,0.8487,0x0
2026-03-24T18:44:54.527985,56.2,70.2,22.6,2400.030464,0.8487,0x0
2026-03-24T18:44:55.550749,57.3,62.1,22.7,2400.027136,0.8487,0x0
2026-03-24T18:44:56.570349,56.75,66.4,22.6,2400.02048,0.8487,0x0
2026-03-24T18:44:57.691978,57.85,67.0,23.0,2400.02048,0.8487,0x0
2026-03-24T18:44:58.711389,56.2,69.6,23.1,2400.03712,0.8487,0x0
2026-03-24T18:44:59.731660,56.2,60.1,23.0,2400.030464,0.8487,0x0
2026-03-24T18:45:00.750927,56.2,55.5,22.9,2400.027136,0.8487,0x0
2026-03-24T18:45:01.777910,56.75,61.8,23.0,2400.030464,0.8487,0x0
2026-03-24T18:45:02.801939,56.75,61.7,23.0,2400.023808,0.8487,0x0
2026-03-24T18:45:03.826079,56.75,68.4,22.9,2400.03712,0.8487,0x0
2026-03-24T18:45:04.848929,57.3,62.0,22.9,2400.033792,0.8487,0x0
2026-03-24T18:45:05.869596,56.75,59.5,22.7,2400.02048,0.8487,0x0
2026-03-24T18:45:06.893795,57.3,60.9,22.7,2400.027136,0.8487,0x0
2026-03-24T18:45:08.014685,56.2,59.5,22.8,2400.030464,0.8487,0x0
2026-03-24T18:45:09.037637,57.3,65.5,22.6,2400.030464,0.8487,0x0
2026-03-24T18:45:10.056758,57.85,72.2,22.4,2400.027136,0.8487,0x0
2026-03-24T18:45:11.091498,58.4,80.0,22.5,2400.02048,0.8487,0x0
2026-03-24T18:45:12.113450,57.3,83.3,22.9,2400.02048,0.8487,0x0
2026-03-24T18:45:13.158090,56.2,86.9,23.1,2400.023808,0.8487,0x0
2026-03-24T18:45:14.179791,57.3,81.0,23.2,2400.02048,0.8487,0x0
2026-03-24T18:45:15.311452,56.75,69.6,23.0,2400.03712,0.8487,0x0
2026-03-24T18:45:16.331402,57.85,65.3,23.1,2400.033792,0.8487,0x0
2026-03-24T18:45:17.348996,57.3,53.2,23.0,2400.030464,0.8487,0x0
2026-03-24T18:45:18.366894,57.85,64.4,23.1,2400.023808,0.8487,0x0
2026-03-24T18:45:19.397389,56.75,65.8,23.1,2400.017408,0.8487,0x0
2026-03-24T18:45:20.415855,57.85,59.6,22.8,2400.027136,0.8487,0x0
2026-03-24T18:45:21.443846,56.75,71.9,23.1,2400.027136,0.8487,0x0
2026-03-24T18:45:22.467540,56.2,82.2,23.1,2400.02048,0.8487,0x0
2026-03-24T18:45:23.489966,56.75,69.6,23.2,2400.027136,0.8487,0x0
2026-03-24T18:45:24.513686,57.85,55.5,23.0,2400.023808,0.8487,0x0
2026-03-24T18:45:25.535378,56.75,55.9,22.9,2400.033792,0.8487,0x0
2026-03-24T18:45:26.559634,56.2,78.1,22.8,2400.02048,0.8487,0x0
2026-03-24T18:45:27.578230,56.2,62.6,23.1,2400.02048,0.8487,0x0
2026-03-24T18:45:28.600341,55.1,56.6,23.0,2400.03712,0.8487,0x0
2026-03-24T18:45:29.627055,57.85,54.9,22.7,2400.017408,0.8487,0x0
2026-03-24T18:45:30.645633,57.3,61.4,22.7,2400.02048,0.8487,0x0
2026-03-24T18:45:31.667465,56.2,53.8,22.7,2400.030464,0.8487,0x0
2026-03-24T18:45:32.687632,58.4,60.7,22.7,2400.030464,0.8487,0x0
2026-03-24T18:45:33.707835,58.4,64.0,23.0,2400.033792,0.8487,0x0
2026-03-24T18:45:34.729767,57.85,65.3,23.2,2400.02048,0.8487,0x0
2026-03-24T18:45:35.750568,56.75,59.2,23.2,2400.033792,0.8487,0x0
2026-03-24T18:45:36.778001,57.3,63.8,23.3,2400.030464,0.8487,0x0
2026-03-24T18:45:37.798831,55.1,54.2,22.8,2400.023808,0.8487,0x0
2026-03-24T18:45:38.817842,57.3,58.5,22.9,2400.02048,0.8487,0x0
2026-03-24T18:45:39.840621,56.2,78.8,23.1,2400.027136,0.8487,0x0
2026-03-24T18:45:40.864141,57.3,56.8,22.9,2400.02048,0.8487,0x0
2026-03-24T18:45:41.886364,55.65,68.1,22.9,2400.02048,0.8487,0x0
2026-03-24T18:45:42.914396,56.75,74.3,22.8,2400.03712,0.8487,0x0
2026-03-24T18:45:43.935613,56.75,57.3,23.0,2400.030464,0.8487,0x0
2026-03-24T18:45:44.954406,56.75,70.9,22.9,2400.017408,0.8487,0x0
2026-03-24T18:45:45.982992,55.65,72.6,22.6,2400.027136,0.8487,0x0
2026-03-24T18:45:47.008975,56.75,58.5,22.6,2400.033792,0.8487,0x0
2026-03-24T18:45:48.029737,57.3,76.0,22.9,2400.03712,0.8487,0x0
2026-03-24T18:45:49.053869,56.75,86.9,23.2,2400.02048,0.8487,0x0
2026-03-24T18:45:50.074737,56.75,80.9,23.1,2400.02048,0.8487,0x0
2026-03-24T18:45:51.102906,58.4,89.3,23.5,2400.027136,0.8487,0x0
2026-03-24T18:45:52.126577,58.4,84.5,23.5,2400.023808,0.8487,0x0
2026-03-24T18:45:53.171827,55.65,76.5,23.6,2400.02048,0.8487,0x0
2026-03-24T18:45:54.194524,56.75,65.4,23.6,2400.02048,0.8487,0x0
2026-03-24T18:45:55.212208,56.75,77.5,23.2,2400.03712,0.8487,0x0
2026-03-24T18:45:56.231930,58.4,63.5,23.1,2400.033792,0.8487,0x0
2026-03-24T18:45:57.255724,57.3,59.3,23.1,2400.033792,0.8487,0x0
2026-03-24T18:45:58.277006,57.85,78.8,23.3,2400.023808,0.8487,0x0
2026-03-24T18:45:59.305114,57.3,58.5,23.4,2400.02048,0.8487,0x0
2026-03-24T18:46:00.326599,56.75,60.8,23.7,2400.023808,0.8487,0x0
2026-03-24T18:46:01.347908,56.2,62.2,23.8,2400.030464,0.8487,0x0
2026-03-24T18:46:02.367658,57.85,56.4,23.8,2400.02048,0.8487,0x0
2026-03-24T18:46:03.398650,57.3,61.6,23.4,2400.023808,0.8487,0x0
2026-03-24T18:46:04.421767,57.85,65.4,23.1,2400.017408,0.8487,0x0
2026-03-24T18:46:05.444723,57.3,63.1,23.3,2400.033792,0.8487,0x0
2026-03-24T18:46:06.466455,57.85,71.9,23.5,2400.027136,0.8487,0x0
2026-03-24T18:46:07.488976,56.75,62.2,23.4,2400.030464,0.8487,0x0
2026-03-24T18:46:08.523350,57.85,73.3,23.1,2400.02048,0.8487,0x0
2026-03-24T18:46:09.542427,56.2,57.7,23.3,2400.030464,0.8487,0x0
2026-03-24T18:46:10.562476,57.85,53.4,23.3,2400.027136,0.8487,0x0
2026-03-24T18:46:11.582632,55.65,68.2,23.1,2400.03712,0.8487,0x0
2026-03-24T18:46:12.611616,56.75,62.1,22.9,2400.030464,0.8487,0x0
2026-03-24T18:46:13.641875,56.2,58.9,23.2,2400.023808,0.8487,0x0
2026-03-24T18:46:14.662110,57.3,76.8,23.2,2400.027136,0.8487,0x0
2026-03-24T18:46:15.680615,56.2,73.1,23.4,2400.030464,0.8487,0x0
2026-03-24T18:46:16.699851,55.65,63.6,23.3,2400.030464,0.8487,0x0
2026-03-24T18:46:17.717216,57.85,60.9,23.2,2400.023808,0.8487,0x0
2026-03-24T18:46:18.739562,56.75,59.6,23.0,2400.027136,0.8487,0x0
2026-03-24T18:46:19.758258,56.2,56.9,23.0,2400.033792,0.8487,0x0
2026-03-24T18:46:20.781175,56.75,55.4,22.7,2400.023808,0.8487,0x0
2026-03-24T18:46:21.809945,58.4,89.1,22.9,2400.023808,0.8487,0x0
2026-03-24T18:46:22.829048,56.75,80.5,23.0,2400.027136,0.8487,0x0
2026-03-24T18:46:23.853991,57.3,66.8,23.1,2400.030464,0.8487,0x0
2026-03-24T18:46:24.881863,56.75,61.5,22.8,2400.027136,0.8487,0x0
2026-03-24T18:46:25.908283,57.3,80.9,23.2,2400.02048,0.8487,0x0
2026-03-24T18:46:26.936037,58.4,88.5,23.3,2400.027136,0.8487,0x0
2026-03-24T18:46:27.958761,57.85,77.8,23.3,2400.027136,0.8487,0x0
2026-03-24T18:46:28.981910,56.75,65.4,23.3,2400.027136,0.8487,0x0
2026-03-24T18:46:30.009747,58.95,61.9,23.2,2400.03712,0.8487,0x0
2026-03-24T18:46:31.036181,57.85,62.1,23.1,2400.030464,0.8487,0x0
2026-03-24T18:46:32.055841,57.85,61.3,23.1,2400.033792,0.8487,0x0
2026-03-24T18:46:33.076132,56.75,64.2,22.8,2400.03712,0.8487,0x0
2026-03-24T18:46:34.096966,56.75,63.1,23.1,2400.023808,0.8487,0x0
2026-03-24T18:46:35.117541,56.75,63.4,23.4,2400.030464,0.8487,0x0
2026-03-24T18:46:36.147141,57.3,81.0,23.5,2400.030464,0.8487,0x0
2026-03-24T18:46:37.168766,55.65,65.8,23.4,2400.033792,0.8487,0x0
2026-03-24T18:46:38.195030,57.3,76.1,23.6,2400.033792,0.8487,0x0
2026-03-24T18:46:39.220632,57.3,69.0,23.9,2400.033792,0.8487,0x0
2026-03-24T18:46:40.243099,56.2,59.3,23.6,2400.02048,0.8487,0x0
2026-03-24T18:46:41.270091,56.75,73.7,23.4,2400.023808,0.8487,0x0
2026-03-24T18:46:42.297774,56.75,74.0,23.8,2400.02048,0.8487,0x0
2026-03-24T18:46:43.319459,57.3,75.4,23.9,2400.023808,0.8487,0x0
2026-03-24T18:46:44.341352,57.85,60.5,24.1,2400.017408,0.8487,0x0
2026-03-24T18:46:45.362955,56.75,53.0,23.9,2400.023808,0.8487,0x0
2026-03-24T18:46:46.383575,56.2,57.3,23.9,2400.02048,0.8487,0x0
2026-03-24T18:46:47.404677,57.3,54.6,23.6,2400.027136,0.8487,0x0
2026-03-24T18:46:48.427415,56.75,63.7,23.9,2400.03712,0.8487,0x0
2026-03-24T18:46:49.455334,56.2,63.9,23.9,2400.027136,0.8487,0x0
2026-03-24T18:46:50.478720,56.75,65.2,23.7,2400.033792,0.8487,0x0
2026-03-24T18:46:51.496131,58.4,68.9,23.7,2400.030464,0.8487,0x0
2026-03-24T18:46:52.521785,57.3,60.6,23.8,2400.02048,0.8487,0x0
2026-03-24T18:46:53.539780,56.75,55.1,23.6,2400.027136,0.8487,0x0
2026-03-24T18:46:54.558771,57.3,54.7,23.3,2400.03712,0.8487,0x0
2026-03-24T18:46:55.579582,56.75,60.5,23.1,2400.033792,0.8487,0x0
2026-03-24T18:46:56.598756,54.55,66.2,23.2,2400.033792,0.8487,0x0
2026-03-24T18:46:57.621590,56.75,65.9,23.6,2400.023808,0.8487,0x0
2026-03-24T18:46:58.653899,57.85,62.2,23.5,2400.02048,0.8487,0x0
2026-03-24T18:46:59.676182,57.3,66.7,23.5,2400.027136,0.8487,0x0
2026-03-24T18:47:00.698208,57.3,66.6,23.3,2400.033792,0.8487,0x0
2026-03-24T18:47:01.718054,56.75,61.7,23.3,2400.033792,0.8487,0x0
2026-03-24T18:47:02.743279,56.2,63.8,23.0,2400.027136,0.8487,0x0
2026-03-24T18:47:03.762425,57.85,66.0,23.2,2400.02048,0.8487,0x0
2026-03-24T18:47:04.780449,56.75,59.7,23.3,2400.033792,0.8487,0x0
2026-03-24T18:47:05.800481,57.3,63.4,23.2,2400.023808,0.8487,0x0
2026-03-24T18:47:06.823763,55.65,61.4,23.1,2400.02048,0.8487,0x0
2026-03-24T18:47:07.843699,57.85,71.6,23.0,2400.017408,0.8487,0x0
2026-03-24T18:47:08.863773,56.75,88.0,23.1,2400.017408,0.8487,0x0
2026-03-24T18:47:09.898935,58.4,78.6,23.4,2400.023808,0.8487,0x0
2026-03-24T18:47:10.929515,57.3,82.6,23.2,2400.023808,0.8487,0x0
2026-03-24T18:47:11.948149,56.75,75.9,23.6,2400.033792,0.8487,0x0
2026-03-24T18:47:12.977930,56.2,66.2,23.9,2400.02048,0.8487,0x0
2026-03-24T18:47:14.003081,56.75,72.2,23.9,2400.030464,0.8487,0x0
2026-03-24T18:47:15.028448,57.3,56.9,24.1,2400.03712,0.8487,0x0
2026-03-24T18:47:16.053379,56.75,62.1,23.9,2400.027136,0.8487,0x0
2026-03-24T18:47:17.079957,58.4,61.1,23.6,2400.027136,0.8487,0x0
2026-03-24T18:47:18.105126,56.75,69.2,23.9,2400.023808,0.8487,0x0
2026-03-24T18:47:19.135995,57.3,61.1,23.6,2400.023808,0.8487,0x0
2026-03-24T18:47:20.160029,55.65,68.1,23.4,2400.027136,0.8487,0x0
2026-03-24T18:47:21.193144,55.65,62.9,23.4,2400.023808,0.8487,0x0
2026-03-24T18:47:22.213755,57.85,74.4,23.6,2400.027136,0.8487,0x0
2026-03-24T18:47:23.236862,57.3,85.0,23.9,2400.02048,0.8487,0x0
2026-03-24T18:47:24.258934,56.75,85.1,24.1,2400.027136,0.8487,0x0
2026-03-24T18:47:25.283966,57.85,84.9,24.6,2400.023808,0.8487,0x0
2026-03-24T18:47:26.314903,58.4,86.9,24.7,2400.033792,0.8487,0x0
2026-03-24T18:47:27.339776,56.75,85.1,24.8,2400.027136,0.8487,0x0
2026-03-24T18:47:28.366134,57.3,84.3,24.8,2400.033792,0.8487,0x0
2026-03-24T18:47:29.404384,57.3,88.3,24.9,2400.02048,0.8487,0x0
2026-03-24T18:47:30.428741,56.75,77.6,25.0,2400.02048,0.8487,0x0
2026-03-24T18:47:31.457633,57.3,81.5,25.3,2400.023808,0.8487,0x0
2026-03-24T18:47:32.500889,57.85,79.9,25.3,2400.030464,0.8487,0x0
2026-03-24T18:47:33.519854,57.85,59.8,24.9,2400.023808,0.8487,0x0
2026-03-24T18:47:34.538525,57.85,60.4,24.7,2400.023808,0.8487,0x0
2026-03-24T18:47:35.560115,57.3,79.4,24.6,2400.027136,0.8487,0x0
2026-03-24T18:47:36.582569,57.3,64.4,24.7,2400.03712,0.8487,0x0
2026-03-24T18:47:37.602300,56.2,66.7,24.6,2400.027136,0.8487,0x0
2026-03-24T18:47:38.626368,56.75,66.4,24.5,2400.02048,0.8487,0x0
2026-03-24T18:47:39.651705,56.75,69.7,24.3,2400.03712,0.8487,0x0
2026-03-24T18:47:40.679581,56.75,71.6,24.4,2400.027136,0.8487,0x0
2026-03-24T18:47:41.807702,57.85,66.3,24.3,2400.027136,0.8487,0x0
2026-03-24T18:47:42.828251,57.85,70.9,24.4,2400.023808,0.8487,0x0
2026-03-24T18:47:43.854432,56.75,72.5,24.5,2400.030464,0.8487,0x0
2026-03-24T18:47:44.879574,58.95,75.4,24.4,2400.027136,0.8487,0x0
2026-03-24T18:47:45.914519,57.3,57.0,24.3,2400.02048,0.8487,0x0
2026-03-24T18:47:46.936856,57.3,61.7,24.4,2400.030464,0.8487,0x0
2026-03-24T18:47:47.961816,55.65,60.5,24.4,2400.033792,0.8487,0x0
2026-03-24T18:47:48.981309,56.2,62.1,24.7,2400.033792,0.8487,0x0
2026-03-24T18:47:50.000214,55.65,66.0,24.9,2400.023808,0.8487,0x0
2026-03-24T18:47:51.025431,56.75,59.5,24.9,2400.030464,0.8487,0x0
2026-03-24T18:47:52.045161,56.75,62.8,24.8,2400.033792,0.8487,0x0
2026-03-24T18:47:53.078012,56.2,71.6,24.2,2400.02048,0.8487,0x0
2026-03-24T18:47:54.097262,56.75,74.4,23.7,2400.02048,0.8487,0x0
2026-03-24T18:47:55.116693,57.85,54.1,23.3,2400.02048,0.8487,0x0
2026-03-24T18:47:56.137980,57.3,54.6,23.1,2400.030464,0.8487,0x0
2026-03-24T18:47:57.161402,57.3,56.1,23.1,2400.02048,0.8487,0x0
2026-03-24T18:47:58.181156,56.75,54.3,23.4,2400.02048,0.8487,0x0
2026-03-24T18:47:59.200507,56.75,62.8,23.2,2400.030464,0.8487,0x0
2026-03-24T18:48:00.224506,56.2,54.4,23.2,2400.023808,0.8487,0x0
2026-03-24T18:48:01.246796,56.75,52.3,23.0,2400.030464,0.8487,0x0
2026-03-24T18:48:02.264442,56.2,53.9,23.2,2400.03712,0.8487,0x0
2026-03-24T18:48:03.283241,55.1,60.7,23.0,2400.02048,0.8487,0x0
2026-03-24T18:48:04.404232,57.85,58.1,23.4,2400.017408,0.8487,0x0
2026-03-24T18:48:05.422468,56.75,56.7,23.4,2400.033792,0.8487,0x0
2026-03-24T18:48:06.441760,58.4,58.9,23.3,2400.03712,0.8487,0x0
2026-03-24T18:48:07.467257,56.2,61.7,23.4,2400.023808,0.8487,0x0
2026-03-24T18:48:08.486571,57.3,58.3,23.3,2400.027136,0.8487,0x0
2026-03-24T18:48:09.512614,56.75,52.1,23.1,2400.023808,0.8487,0x0
2026-03-24T18:48:10.531551,56.2,53.4,23.2,2400.030464,0.8487,0x0
2026-03-24T18:48:11.552128,56.2,58.6,23.2,2400.030464,0.8487,0x0
2026-03-24T18:48:12.570556,56.75,52.9,23.1,2400.027136,0.8487,0x0
2026-03-24T18:48:13.591201,56.2,53.5,22.9,2400.033792,0.8487,0x0
2026-03-24T18:48:14.612533,56.2,56.7,23.0,2400.03712,0.8487,0x0
2026-03-24T18:48:15.637499,55.65,58.6,23.2,2400.033792,0.8487,0x0
2026-03-24T18:48:16.656784,56.2,50.5,23.1,2400.03712,0.8487,0x0
2026-03-24T18:48:17.675800,57.3,58.2,23.3,2400.033792,0.8487,0x0
2026-03-24T18:48:18.693902,56.75,52.6,23.2,2400.02048,0.8487,0x0
2026-03-24T18:48:19.712909,55.65,51.4,23.0,2400.02048,0.8487,0x0
2026-03-24T18:48:20.731704,56.75,52.7,22.8,2400.023808,0.8487,0x0
2026-03-24T18:48:21.752860,56.2,53.0,22.8,2400.02048,0.8487,0x0
2026-03-24T18:48:22.775179,55.65,52.4,22.8,2400.030464,0.8487,0x0
2026-03-24T18:48:23.795107,56.75,54.9,22.8,2400.03712,0.8487,0x0
2026-03-24T18:48:24.818335,56.75,54.7,22.7,2400.033792,0.8487,0x0
2026-03-24T18:48:25.840357,56.2,55.3,22.7,2400.030464,0.8487,0x0
2026-03-24T18:48:26.858641,57.3,54.1,22.8,2400.030464,0.8487,0x0
2026-03-24T18:48:27.878937,55.65,60.0,23.3,2400.033792,0.8487,0x0
2026-03-24T18:48:28.898291,58.4,54.3,23.4,2400.03712,0.8487,0x0
2026-03-24T18:48:29.917532,56.75,53.3,23.3,2400.02048,0.8487,0x0
2026-03-24T18:48:30.939648,57.3,56.7,23.5,2400.02048,0.8487,0x0
2026-03-24T18:48:31.963398,57.85,92.1,25.1,2400.030464,0.8487,0x0
2026-03-24T18:48:32.995117,57.85,87.6,24.4,2400.030464,0.8487,0x0
2026-03-24T18:48:34.017166,56.2,63.6,23.9,2400.030464,0.8487,0x0
2026-03-24T18:48:35.037211,56.75,55.9,23.5,2400.02048,0.8487,0x0
2026-03-24T18:48:36.054367,55.65,61.2,23.2,2400.023808,0.8487,0x0
2026-03-24T18:48:37.073464,56.75,57.1,23.0,2400.023808,0.8487,0x0
2026-03-24T18:48:38.096710,56.75,63.4,23.2,2400.027136,0.8487,0x0
2026-03-24T18:48:39.115236,56.2,55.6,22.7,2400.033792,0.8487,0x0
2026-03-24T18:48:40.137135,55.65,65.3,22.7,2400.02048,0.8487,0x0
2026-03-24T18:48:41.166995,57.3,68.9,22.6,2400.02048,0.8487,0x0
2026-03-24T18:48:42.191137,55.1,68.3,22.6,2400.02048,0.8487,0x0
2026-03-24T18:48:43.213430,56.75,67.8,22.7,2400.030464,0.8487,0x0
2026-03-24T18:48:44.231946,57.3,55.9,22.8,2400.033792,0.8487,0x0
2026-03-24T18:48:45.251015,56.75,53.0,22.6,2400.02048,0.8487,0x0
2026-03-24T18:48:46.270399,56.75,54.6,22.6,2400.027136,0.8487,0x0
2026-03-24T18:48:47.289300,56.2,70.3,22.8,2400.030464,0.8487,0x0
2026-03-24T18:48:48.311308,56.75,57.8,23.0,2400.023808,0.8487,0x0
2026-03-24T18:48:49.331258,56.75,71.1,23.1,2400.033792,0.8487,0x0
2026-03-24T18:48:50.351611,57.85,64.7,22.9,2400.027136,0.8487,0x0
2026-03-24T18:48:51.371903,56.2,57.6,22.7,2400.030464,0.8487,0x0
2026-03-24T18:48:52.398443,55.65,58.5,22.8,2400.03712,0.8487,0x0
2026-03-24T18:48:53.426881,57.3,56.2,22.9,2400.023808,0.8487,0x0
2026-03-24T18:48:54.446663,55.65,56.5,22.7,2400.033792,0.8487,0x0
2026-03-24T18:48:55.465501,56.2,51.9,22.4,2400.033792,0.8487,0x0
2026-03-24T18:48:56.490678,56.2,53.8,22.4,2400.023808,0.8487,0x0
2026-03-24T18:48:57.544045,56.2,53.4,22.3,2400.027136,0.8487,0x0
2026-03-24T18:48:58.562891,57.85,58.6,22.7,2400.03712,0.8487,0x0
2026-03-24T18:48:59.689034,56.2,62.4,23.0,2400.023808,0.8487,0x0
2026-03-24T18:49:00.712190,57.85,54.1,22.9,2400.033792,0.8487,0x0
2026-03-24T18:49:01.730316,57.3,60.7,22.8,2400.033792,0.8487,0x0
2026-03-24T18:49:02.755220,56.2,70.6,22.7,2400.02048,0.8487,0x0
2026-03-24T18:49:03.777551,56.75,56.8,22.8,2400.030464,0.8487,0x0
2026-03-24T18:49:04.798616,57.3,60.8,22.7,2400.02048,0.8487,0x0
2026-03-24T18:49:05.821770,57.3,57.8,22.6,2400.03712,0.8487,0x0
2026-03-24T18:49:06.855538,57.85,64.5,22.6,2400.02048,0.8487,0x0
2026-03-24T18:49:07.879110,57.85,66.0,22.6,2400.033792,0.8487,0x0
2026-03-24T18:49:08.903410,57.3,66.0,22.8,2400.030464,0.8487,0x0
2026-03-24T18:49:10.030195,58.4,72.3,23.1,2400.02048,0.8487,0x0
2026-03-24T18:49:11.060577,58.95,88.5,23.0,2400.033792,0.8487,0x0
2026-03-24T18:49:12.082083,57.85,79.5,23.0,2400.027136,0.8487,0x0
2026-03-24T18:49:13.107850,58.95,77.1,23.0,2400.03712,0.8487,0x0
2026-03-24T18:49:14.129321,56.2,66.1,23.2,2400.033792,0.8487,0x0
2026-03-24T18:49:15.149753,57.85,52.9,23.0,2400.027136,0.8487,0x0
2026-03-24T18:49:16.171213,57.3,65.5,23.1,2400.027136,0.8487,0x0
2026-03-24T18:49:17.201819,57.85,60.5,23.2,2400.023808,0.8487,0x0
2026-03-24T18:49:18.225557,56.75,67.7,23.7,2400.027136,0.8487,0x0
2026-03-24T18:49:19.246005,57.3,90.6,24.2,2400.033792,0.8487,0x0
2026-03-24T18:49:20.272939,58.95,69.9,24.2,2400.03712,0.8487,0x0
2026-03-24T18:49:21.292021,57.3,54.8,23.9,2400.02048,0.8487,0x0
2026-03-24T18:49:22.316561,57.3,70.3,24.1,2400.030464,0.8487,0x0
2026-03-24T18:49:23.344594,58.4,77.6,24.2,2400.023808,0.8487,0x0
2026-03-24T18:49:24.381750,56.75,70.6,24.0,2400.030464,0.8487,0x0
2026-03-24T18:49:25.400887,57.85,60.3,23.9,2400.017408,0.8487,0x0
2026-03-24T18:49:26.425751,60.05,66.7,23.8,2400.03712,0.8487,0x0
2026-03-24T18:49:27.446661,59.5,67.0,23.7,2400.02048,0.8487,0x0
2026-03-24T18:49:28.466857,57.3,61.8,23.8,2400.017408,0.8487,0x0
2026-03-24T18:49:29.485785,58.4,61.2,23.9,2400.030464,0.8487,0x0
2026-03-24T18:49:30.511159,57.85,68.9,23.9,2400.027136,0.8487,0x0
2026-03-24T18:49:31.529265,58.4,58.3,23.8,2400.030464,0.8487,0x0
2026-03-24T18:49:32.546842,58.4,57.0,23.5,2400.033792,0.8487,0x0
2026-03-24T18:49:33.564277,58.4,55.7,23.4,2400.017408,0.8487,0x0
2026-03-24T18:49:34.582711,58.4,55.0,23.5,2400.023808,0.8487,0x0
2026-03-24T18:49:35.611190,57.85,58.6,23.5,2400.023808,0.8487,0x0
2026-03-24T18:49:36.629398,58.95,57.1,23.6,2400.023808,0.8487,0x0
2026-03-24T18:49:37.652309,59.5,56.0,23.6,2400.033792,0.8487,0x0
2026-03-24T18:49:38.691806,58.4,65.4,23.2,2400.03712,0.8487,0x0
2026-03-24T18:49:39.709964,57.85,63.4,22.9,2400.030464,0.8487,0x0
2026-03-24T18:49:40.728883,57.85,53.2,23.1,2400.033792,0.8487,0x0
2026-03-24T18:49:41.750468,57.85,55.9,23.4,2400.030464,0.8487,0x0
2026-03-24T18:49:42.767732,58.4,57.5,23.2,2400.017408,0.8487,0x0
2026-03-24T18:49:43.786667,57.85,53.9,22.9,2400.027136,0.8487,0x0
2026-03-24T18:49:44.804212,58.4,54.9,22.9,2400.030464,0.8487,0x0
2026-03-24T18:49:45.822754,57.85,64.0,23.0,2400.030464,0.8487,0x0
2026-03-24T18:49:46.871642,57.85,62.4,23.3,2400.027136,0.8487,0x0
2026-03-24T18:49:47.903969,57.85,72.7,23.6,2400.027136,0.8487,0x0
2026-03-24T18:49:48.920960,57.85,57.3,23.4,2400.023808,0.8487,0x0
2026-03-24T18:49:49.938676,58.4,57.8,23.7,2400.023808,0.8487,0x0
2026-03-24T18:49:50.960461,59.5,61.9,23.6,2400.033792,0.8487,0x0
2026-03-24T18:49:51.991320,58.95,71.1,23.6,2400.030464,0.8487,0x0
2026-03-24T18:49:53.009652,57.3,58.2,23.6,2400.030464,0.8487,0x0
2026-03-24T18:49:54.038437,57.85,58.0,23.5,2400.027136,0.8487,0x0
2026-03-24T18:49:55.058568,59.5,61.3,23.7,2400.02048,0.8487,0x0
2026-03-24T18:49:56.077365,58.4,59.5,23.7,2400.027136,0.8487,0x0
2026-03-24T18:49:57.109467,59.5,82.6,24.0,2400.023808,0.8487,0x0
2026-03-24T18:49:58.132608,60.05,82.1,24.1,2400.033792,0.8487,0x0
2026-03-24T18:49:59.264810,58.95,87.7,24.3,2400.023808,0.8487,0x0
2026-03-24T18:50:00.293368,59.5,66.3,24.4,2400.02048,0.8487,0x0
2026-03-24T18:50:01.320686,58.95,59.2,24.3,2400.02048,0.8487,0x0
2026-03-24T18:50:02.340172,57.85,56.1,24.1,2400.027136,0.8487,0x0
2026-03-24T18:50:03.359537,58.4,55.5,24.0,2400.030464,0.8487,0x0
2026-03-24T18:50:04.379761,57.85,53.2,23.9,2400.023808,0.8487,0x0
2026-03-24T18:50:05.400518,58.95,54.3,24.2,2400.033792,0.8487,0x0
2026-03-24T18:50:06.423609,57.85,54.1,24.2,2400.02048,0.8487,0x0
2026-03-24T18:50:07.443313,57.85,55.4,24.1,2400.02048,0.8487,0x0
2026-03-24T18:50:08.469089,57.85,55.1,24.0,2400.02048,0.8487,0x0
2026-03-24T18:50:09.489073,57.85,57.0,24.4,2400.017408,0.8487,0x0
2026-03-24T18:50:10.511675,58.4,64.8,24.6,2400.030464,0.8487,0x0
2026-03-24T18:50:11.535121,57.85,55.4,24.3,2400.027136,0.8487,0x0
2026-03-24T18:50:12.558581,59.5,62.7,24.2,2400.03712,0.8487,0x0
2026-03-24T18:50:13.579404,58.4,57.7,24.1,2400.02048,0.8487,0x0
2026-03-24T18:50:14.597926,57.3,59.1,24.1,2400.027136,0.8487,0x0
2026-03-24T18:50:15.618814,57.85,70.4,24.6,2400.017408,0.8487,0x0
2026-03-24T18:50:16.644840,58.4,57.4,24.6,2400.017408,0.8487,0x0
2026-03-24T18:50:17.665347,58.4,58.7,24.6,2400.023808,0.8487,0x0
2026-03-24T18:50:18.689627,58.4,60.4,24.7,2400.03712,0.8487,0x0
2026-03-24T18:50:19.715635,56.75,61.6,24.4,2400.02048,0.8487,0x0
2026-03-24T18:50:20.742399,57.3,57.3,24.5,2400.027136,0.8487,0x0
2026-03-24T18:50:21.761167,57.3,66.5,24.4,2400.030464,0.8487,0x0
2026-03-24T18:50:22.781770,58.4,68.1,24.4,2400.027136,0.8487,0x0
2026-03-24T18:50:23.803027,58.95,74.0,24.4,2400.033792,0.8487,0x0
2026-03-24T18:50:24.825539,57.85,55.4,24.2,2400.03712,0.8487,0x0
2026-03-24T18:50:25.844872,57.85,74.3,24.3,2400.02048,0.8487,0x0
2026-03-24T18:50:26.864296,57.3,72.5,24.5,2400.027136,0.8487,0x0
2026-03-24T18:50:27.883778,57.85,68.7,24.3,2400.030464,0.8487,0x0
2026-03-24T18:50:28.910534,57.85,68.8,24.3,2400.027136,0.8487,0x0
2026-03-24T18:50:29.930355,57.85,70.2,24.4,2400.023808,0.8487,0x0
2026-03-24T18:50:30.954400,58.4,68.0,24.5,2400.033792,0.8487,0x0
2026-03-24T18:50:31.981975,57.85,65.8,24.1,2400.02048,0.8487,0x0
2026-03-24T18:50:33.009778,57.3,75.9,24.3,2400.027136,0.8487,0x0
2026-03-24T18:50:34.028545,58.95,76.6,24.5,2400.017408,0.8487,0x0
2026-03-24T18:50:35.053040,57.85,67.6,24.5,2400.023808,0.8487,0x0
2026-03-24T18:50:36.074468,58.4,65.9,24.7,2400.03712,0.8487,0x0
2026-03-24T18:50:37.096918,57.85,66.5,24.5,2400.027136,0.8487,0x0
2026-03-24T18:50:38.117425,57.3,58.5,24.3,2400.033792,0.8487,0x0
2026-03-24T18:50:39.141294,57.3,55.8,24.1,2400.023808,0.8487,0x0
2026-03-24T18:50:40.160549,56.75,56.6,24.3,2400.023808,0.8487,0x0
2026-03-24T18:50:41.244943,57.85,56.0,24.5,2400.033792,0.8487,0x0
2026-03-24T18:50:42.262696,56.2,55.3,24.2,2400.027136,0.8487,0x0
2026-03-24T18:50:43.280693,57.85,53.1,24.3,2400.03712,0.8487,0x0
2026-03-24T18:50:44.304003,57.3,53.4,24.3,2400.02048,0.8487,0x0
2026-03-24T18:50:45.321147,58.95,59.2,24.1,2400.023808,0.8487,0x0
2026-03-24T18:50:46.342542,57.85,59.9,24.0,2400.017408,0.8487,0x0
2026-03-24T18:50:47.363600,56.75,63.5,24.1,2400.033792,0.8487,0x0
2026-03-24T18:50:48.387579,56.75,57.4,24.1,2400.033792,0.8487,0x0
2026-03-24T18:50:49.408494,55.65,53.8,24.3,2400.02048,0.8487,0x0
2026-03-24T18:50:50.431980,57.3,54.7,24.5,2400.030464,0.8487,0x0
2026-03-24T18:50:51.453384,57.3,53.1,24.4,2400.03712,0.8487,0x0
2026-03-24T18:50:52.473894,56.75,54.0,24.2,2400.02048,0.8487,0x0
2026-03-24T18:50:53.492138,57.85,54.1,24.0,2400.02048,0.8487,0x0
2026-03-24T18:50:54.514134,56.2,53.1,24.0,2400.03712,0.8487,0x0
2026-03-24T18:50:55.532188,57.3,56.2,24.0,2400.03712,0.8487,0x0
2026-03-24T18:50:56.555239,57.3,62.8,23.9,2400.03712,0.8487,0x0
2026-03-24T18:50:57.573077,56.75,56.3,23.9,2400.033792,0.8487,0x0
2026-03-24T18:50:58.594150,57.3,51.6,23.7,2400.027136,0.8487,0x0
2026-03-24T18:50:59.614790,56.2,55.1,23.7,2400.030464,0.8487,0x0
2026-03-24T18:51:00.638959,57.3,57.9,23.9,2400.027136,0.8487,0x0
2026-03-24T18:51:01.657661,57.85,55.0,24.4,2400.027136,0.8487,0x0
2026-03-24T18:51:02.674202,57.3,55.6,24.7,2400.030464,0.8487,0x0
2026-03-24T18:51:03.692383,57.85,53.6,24.8,2400.033792,0.8487,0x0
2026-03-24T18:51:04.710333,57.3,52.5,24.7,2400.03712,0.8487,0x0
2026-03-24T18:51:05.728969,56.2,56.5,24.8,2400.02048,0.8487,0x0
2026-03-24T18:51:06.850832,56.75,54.3,24.6,2400.02048,0.8487,0x0
2026-03-24T18:51:07.871338,58.95,67.2,24.3,2400.033792,0.8487,0x0
2026-03-24T18:51:08.892483,58.4,75.9,24.2,2400.030464,0.8487,0x0
2026-03-24T18:51:09.911791,57.3,53.7,24.0,2400.02048,0.8487,0x0
2026-03-24T18:51:10.932157,56.75,51.7,23.8,2400.033792,0.8487,0x0
2026-03-24T18:51:11.951957,57.3,53.9,23.9,2400.030464,0.8487,0x0
2026-03-24T18:51:12.973448,57.85,64.9,24.2,2400.02048,0.8487,0x0
2026-03-24T18:51:13.992709,57.85,55.7,24.2,2400.027136,0.8487,0x0
2026-03-24T18:51:15.096343,57.85,53.5,24.2,2400.023808,0.8487,0x0
2026-03-24T18:51:16.113255,57.85,53.8,24.2,2400.023808,0.8487,0x0
2026-03-24T18:51:17.136700,57.3,56.3,24.0,2400.023808,0.8487,0x0
2026-03-24T18:51:18.162126,57.85,53.0,23.9,2400.023808,0.8487,0x0
2026-03-24T18:51:19.180827,58.4,54.1,23.8,2400.030464,0.8487,0x0
2026-03-24T18:51:20.198566,58.4,53.5,23.8,2400.02048,0.8487,0x0
2026-03-24T18:51:21.220373,56.75,72.1,24.0,2400.02048,0.8487,0x0
2026-03-24T18:51:22.246377,56.75,64.6,24.3,2400.027136,0.8487,0x0
2026-03-24T18:51:23.268221,57.3,57.9,24.1,2400.030464,0.8487,0x0
2026-03-24T18:51:24.292506,56.75,72.8,24.0,2400.027136,0.8487,0x0
2026-03-24T18:51:25.314575,57.85,64.3,24.0,2400.02048,0.8487,0x0
2026-03-24T18:51:26.334929,56.75,56.1,23.9,2400.023808,0.8487,0x0
2026-03-24T18:51:27.361012,57.85,59.8,24.1,2400.02048,0.8487,0x0
2026-03-24T18:51:28.380470,59.5,62.7,24.3,2400.027136,0.8487,0x0
2026-03-24T18:51:29.409740,56.75,64.1,24.6,2400.033792,0.8487,0x0
2026-03-24T18:51:30.427470,56.75,57.6,24.7,2400.030464,0.8487,0x0
2026-03-24T18:51:31.445546,57.3,61.8,24.5,2400.02048,0.8487,0x0
2026-03-24T18:51:32.467546,58.4,61.1,24.3,2400.03712,0.8487,0x0
2026-03-24T18:51:33.485312,57.85,58.6,24.2,2400.017408,0.8487,0x0
2026-03-24T18:51:34.508693,56.75,59.5,24.2,2400.033792,0.8487,0x0
2026-03-24T18:51:35.528799,56.75,57.7,24.2,2400.023808,0.8487,0x0
2026-03-24T18:51:36.546196,57.3,66.8,24.7,2400.030464,0.8487,0x0
2026-03-24T18:51:37.566211,57.85,69.3,25.1,2400.030464,0.8487,0x0
2026-03-24T18:51:38.589893,57.3,54.2,25.1,2400.023808,0.8487,0x0
2026-03-24T18:51:39.611421,56.75,60.5,24.7,2400.027136,0.8487,0x0
2026-03-24T18:51:40.632735,57.3,55.4,24.9,2400.03712,0.8487,0x0
2026-03-24T18:51:41.653517,56.2,53.8,24.7,2400.027136,0.8487,0x0
2026-03-24T18:51:42.672226,56.75,62.5,24.4,2400.030464,0.8487,0x0
2026-03-24T18:51:43.690329,56.75,54.8,24.5,2400.02048,0.8487,0x0
2026-03-24T18:51:44.712905,56.75,60.1,24.6,2400.017408,0.8487,0x0
2026-03-24T18:51:45.736871,57.85,63.9,25.0,2400.02048,0.8487,0x0
2026-03-24T18:51:46.766582,57.3,59.9,24.8,2400.023808,0.8487,0x0
2026-03-24T18:51:47.784793,57.3,58.6,24.5,2400.02048,0.8487,0x0
2026-03-24T18:51:48.805891,57.85,60.5,24.3,2400.02048,0.8487,0x0
2026-03-24T18:51:49.928604,56.75,59.9,24.4,2400.03712,0.8487,0x0
2026-03-24T18:51:50.954188,58.4,58.1,24.4,2400.023808,0.8487,0x0
2026-03-24T18:51:51.976176,56.2,63.1,24.4,2400.023808,0.8487,0x0
2026-03-24T18:51:52.998774,57.3,59.5,24.3,2400.02048,0.8487,0x0
2026-03-24T18:51:54.017204,57.85,59.4,24.2,2400.02048,0.8487,0x0
2026-03-24T18:51:55.036263,56.2,54.7,24.2,2400.023808,0.8487,0x0
2026-03-24T18:51:56.056396,56.75,53.3,24.5,2400.03712,0.8487,0x0
2026-03-24T18:51:57.077265,56.2,56.0,24.4,2400.023808,0.8487,0x0
2026-03-24T18:51:58.110213,56.75,57.8,24.8,2400.027136,0.8487,0x0
2026-03-24T18:51:59.132069,55.65,53.8,24.8,2400.027136,0.8487,0x0
2026-03-24T18:52:00.150740,57.85,59.1,24.6,2400.02048,0.8487,0x0
2026-03-24T18:52:01.173777,56.75,54.9,24.6,2400.030464,0.8487,0x0
2026-03-24T18:52:02.193158,56.75,50.8,24.3,2400.027136,0.8487,0x0
2026-03-24T18:52:03.212297,56.75,55.1,24.2,2400.027136,0.8487,0x0
2026-03-24T18:52:04.231665,57.85,54.7,24.1,2400.033792,0.8487,0x0
2026-03-24T18:52:05.250661,55.65,51.6,24.1,2400.033792,0.8487,0x0
2026-03-24T18:52:06.268268,57.3,59.5,24.2,2400.030464,0.8487,0x0
2026-03-24T18:52:07.287198,57.3,53.1,24.4,2400.02048,0.8487,0x0
2026-03-24T18:52:08.306139,58.4,59.0,24.5,2400.02048,0.8487,0x0
2026-03-24T18:52:09.329343,56.2,54.8,24.4,2400.030464,0.8487,0x0
2026-03-24T18:52:10.349778,56.2,54.8,24.4,2400.02048,0.8487,0x0
2026-03-24T18:52:11.369490,56.75,54.0,24.6,2400.023808,0.8487,0x0
2026-03-24T18:52:12.389536,56.2,52.8,24.7,2400.027136,0.8487,0x0
2026-03-24T18:52:13.409730,56.75,53.3,24.6,2400.027136,0.8487,0x0
2026-03-24T18:52:14.426695,56.75,51.5,24.4,2400.02048,0.8487,0x0
2026-03-24T18:52:15.446515,55.65,52.2,24.3,2400.017408,0.8487,0x0
2026-03-24T18:52:16.466052,56.2,53.8,23.9,2400.017408,0.8487,0x0
2026-03-24T18:52:17.486666,56.2,52.4,23.9,2400.030464,0.8487,0x0
2026-03-24T18:52:18.505367,57.3,54.5,23.9,2400.023808,0.8487,0x0
2026-03-24T18:52:19.527190,58.4,53.1,24.3,2400.027136,0.8487,0x0
2026-03-24T18:52:20.546558,57.3,55.0,24.4,2400.030464,0.8487,0x0
2026-03-24T18:52:21.568579,57.85,54.2,24.7,2400.02048,0.8487,0x0
2026-03-24T18:52:22.586285,56.75,53.8,24.5,2400.030464,0.8487,0x0
2026-03-24T18:52:23.603711,56.2,57.9,24.4,2400.033792,0.8487,0x0
2026-03-24T18:52:24.621835,56.2,51.5,24.6,2400.033792,0.8487,0x0
2026-03-24T18:52:25.648537,56.2,53.1,24.4,2400.033792,0.8487,0x0
2026-03-24T18:52:26.669950,56.75,51.7,24.1,2400.030464,0.8487,0x0
2026-03-24T18:52:27.690585,55.65,63.4,24.4,2400.033792,0.8487,0x0
2026-03-24T18:52:28.712079,55.65,63.0,24.4,2400.027136,0.8487,0x0
2026-03-24T18:52:29.732865,56.2,61.3,24.6,2400.023808,0.8487,0x0
2026-03-24T18:52:30.761784,57.85,63.4,24.5,2400.02048,0.8487,0x0
2026-03-24T18:52:31.778378,56.2,58.0,24.4,2400.023808,0.8487,0x0
2026-03-24T18:52:32.798530,56.75,55.9,24.3,2400.033792,0.8487,0x0
2026-03-24T18:52:33.817860,56.75,59.2,24.4,2400.03712,0.8487,0x0
2026-03-24T18:52:34.836429,56.2,56.1,24.2,2400.030464,0.8487,0x0
2026-03-24T18:52:35.856990,55.65,55.4,24.5,2400.023808,0.8487,0x0
2026-03-24T18:52:36.878486,56.75,55.9,24.4,2400.033792,0.8487,0x0
2026-03-24T18:52:37.916637,56.2,61.8,24.4,2400.02048,0.8487,0x0
2026-03-24T18:52:38.938974,56.2,55.3,24.3,2400.027136,0.8487,0x0
2026-03-24T18:52:39.957864,57.3,56.6,24.4,2400.023808,0.8487,0x0
2026-03-24T18:52:40.977815,57.85,62.6,24.3,2400.033792,0.8487,0x0
2026-03-24T18:52:42.000482,56.75,63.2,24.6,2400.02048,0.8487,0x0
2026-03-24T18:52:43.021349,57.85,57.9,24.5,2400.02048,0.8487,0x0
2026-03-24T18:52:44.041383,56.75,54.1,24.8,2400.02048,0.8487,0x0
2026-03-24T18:52:45.063999,56.75,62.7,24.7,2400.023808,0.8487,0x0
2026-03-24T18:52:46.097177,56.2,62.7,24.6,2400.02048,0.8487,0x0
2026-03-24T18:52:47.114923,56.2,59.7,24.4,2400.023808,0.8487,0x0
2026-03-24T18:52:48.133594,56.75,64.9,24.7,2400.030464,0.8487,0x0
2026-03-24T18:52:49.157880,56.2,62.4,24.5,2400.027136,0.8487,0x0
2026-03-24T18:52:50.175301,55.65,53.3,24.7,2400.03712,0.8487,0x0
2026-03-24T18:52:51.192612,56.75,59.4,24.5,2400.023808,0.8487,0x0
2026-03-24T18:52:52.216060,57.3,61.2,24.5,2400.027136,0.8487,0x0
2026-03-24T18:52:53.249142,56.2,62.8,24.6,2400.030464,0.8487,0x0
2026-03-24T18:52:54.266410,57.3,60.9,24.4,2400.023808,0.8487,0x0
2026-03-24T18:52:55.286414,56.2,58.6,24.4,2400.027136,0.8487,0x0
2026-03-24T18:52:56.309385,57.3,59.5,24.4,2400.03712,0.8487,0x0
2026-03-24T18:52:57.337822,55.65,57.2,24.3,2400.033792,0.8487,0x0
2026-03-24T18:52:58.368988,56.2,59.3,24.0,2400.02048,0.8487,0x0
2026-03-24T18:52:59.389591,56.75,52.1,24.0,2400.023808,0.8487,0x0
2026-03-24T18:53:00.409138,55.65,54.2,24.2,2400.02048,0.8487,0x0
2026-03-24T18:53:01.427960,57.85,51.8,24.1,2400.033792,0.8487,0x0
2026-03-24T18:53:02.445256,56.2,53.6,23.9,2400.03712,0.8487,0x0
2026-03-24T18:53:03.469858,56.2,61.7,23.8,2400.027136,0.8487,0x0
2026-03-24T18:53:04.490016,56.75,54.7,23.8,2400.023808,0.8487,0x0
2026-03-24T18:53:05.507753,57.3,53.3,23.9,2400.030464,0.8487,0x0
2026-03-24T18:53:06.526888,58.4,65.7,24.1,2400.023808,0.8487,0x0
2026-03-24T18:53:07.545591,57.3,77.2,24.1,2400.023808,0.8487,0x0
2026-03-24T18:53:08.564860,56.2,64.9,24.0,2400.027136,0.8487,0x0
2026-03-24T18:53:09.591123,56.2,64.2,23.9,2400.027136,0.8487,0x0
2026-03-24T18:53:10.613416,56.2,61.4,24.0,2400.027136,0.8487,0x0
2026-03-24T18:53:11.635236,56.75,60.0,24.0,2400.023808,0.8487,0x0
2026-03-24T18:53:12.659129,56.2,60.8,24.0,2400.027136,0.8487,0x0
2026-03-24T18:53:13.683149,56.75,76.7,24.1,2400.033792,0.8487,0x0
2026-03-24T18:53:14.710788,56.75,87.8,24.2,2400.02048,0.8487,0x0
2026-03-24T18:53:15.739334,57.85,78.9,24.2,2400.030464,0.8487,0x0
2026-03-24T18:53:16.758974,57.85,67.8,24.6,2400.033792,0.8487,0x0
2026-03-24T18:53:17.789835,56.75,75.1,24.7,2400.030464,0.8487,0x0
2026-03-24T18:53:18.815048,56.75,89.5,25.2,2400.02048,0.8487,0x0
2026-03-24T18:53:19.840211,56.75,82.1,25.6,2400.027136,0.8487,0x0
2026-03-24T18:53:20.861131,57.3,86.7,25.8,2400.023808,0.8487,0x0
2026-03-24T18:53:21.881525,58.4,81.1,25.8,2400.03712,0.8487,0x0
2026-03-24T18:53:22.907928,56.75,88.3,26.1,2400.033792,0.8487,0x0
2026-03-24T18:53:23.942821,57.3,76.2,26.7,2400.027136,0.8487,0x0
2026-03-24T18:53:24.963316,57.85,60.6,26.9,2400.030464,0.8487,0x0
2026-03-24T18:53:25.984271,57.3,62.9,27.0,2400.02048,0.8487,0x0
2026-03-24T18:53:27.005211,56.75,54.7,26.7,2400.02048,0.8487,0x0
2026-03-24T18:53:28.029924,56.2,56.6,26.8,2400.023808,0.8487,0x0
2026-03-24T18:53:29.048239,56.2,54.7,25.8,2400.02048,0.8487,0x0
2026-03-24T18:53:30.071436,55.65,56.3,25.4,2400.033792,0.8487,0x0
2026-03-24T18:53:31.093561,56.2,56.3,25.3,2400.02048,0.8487,0x0
2026-03-24T18:53:32.112724,55.1,61.1,25.3,2400.023808,0.8487,0x0
2026-03-24T18:53:33.137140,57.3,55.7,25.3,2400.02048,0.8487,0x0
2026-03-24T18:53:34.179449,56.75,64.1,24.6,2400.02048,0.8487,0x0
2026-03-24T18:53:35.306693,55.1,54.7,24.3,2400.023808,0.8487,0x0
2026-03-24T18:53:36.325920,57.3,57.6,23.9,2400.023808,0.8487,0x0
2026-03-24T18:53:37.343782,56.2,57.7,23.8,2400.03712,0.8487,0x0
2026-03-24T18:53:38.363901,57.85,53.3,24.1,2400.03712,0.8487,0x0
2026-03-24T18:53:39.381665,56.75,59.3,24.0,2400.030464,0.8487,0x0
2026-03-24T18:53:40.402239,56.75,56.6,23.8,2400.027136,0.8487,0x0
2026-03-24T18:53:41.424906,57.3,59.6,24.1,2400.017408,0.8487,0x0
2026-03-24T18:53:42.453081,56.75,69.6,24.1,2400.02048,0.8487,0x0
2026-03-24T18:53:43.475512,57.3,66.0,23.9,2400.023808,0.8487,0x0
2026-03-24T18:53:44.495661,55.65,65.0,24.2,2400.02048,0.8487,0x0
2026-03-24T18:53:45.514845,56.75,59.9,24.1,2400.030464,0.8487,0x0
2026-03-24T18:53:46.536054,57.85,60.8,24.1,2400.030464,0.8487,0x0
2026-03-24T18:53:47.564259,56.2,74.1,24.1,2400.02048,0.8487,0x0
2026-03-24T18:53:48.588810,56.75,57.9,24.0,2400.033792,0.8487,0x0
2026-03-24T18:53:49.611742,56.75,57.1,23.9,2400.02048,0.8487,0x0
2026-03-24T18:53:50.633942,55.65,53.4,23.5,2400.027136,0.8487,0x0
2026-03-24T18:53:51.655137,57.85,55.9,23.6,2400.017408,0.8487,0x0
2026-03-24T18:53:52.676413,56.75,60.6,23.7,2400.033792,0.8487,0x0
2026-03-24T18:53:53.703969,56.75,56.8,23.7,2400.030464,0.8487,0x0
2026-03-24T18:53:54.724624,56.75,64.6,23.7,2400.033792,0.8487,0x0
2026-03-24T18:53:55.744000,57.3,54.6,23.5,2400.030464,0.8487,0x0
2026-03-24T18:53:56.765075,56.75,54.9,23.4,2400.027136,0.8487,0x0
2026-03-24T18:53:57.791579,57.3,60.0,23.6,2400.023808,0.8487,0x0
2026-03-24T18:53:58.813305,57.3,60.2,23.4,2400.030464,0.8487,0x0
2026-03-24T18:53:59.832315,57.85,57.7,23.4,2400.033792,0.8487,0x0
2026-03-24T18:54:00.856894,55.65,59.6,23.8,2400.03712,0.8487,0x0
2026-03-24T18:54:01.878947,56.75,54.6,23.9,2400.030464,0.8487,0x0
2026-03-24T18:54:02.896790,57.3,59.5,24.0,2400.033792,0.8487,0x0
2026-03-24T18:54:03.919122,55.65,65.1,23.8,2400.027136,0.8487,0x0
2026-03-24T18:54:04.943799,56.2,64.9,24.1,2400.027136,0.8487,0x0
2026-03-24T18:54:05.969360,55.65,69.4,24.2,2400.02048,0.8487,0x0
2026-03-24T18:54:06.990151,56.75,58.5,23.9,2400.030464,0.8487,0x0
2026-03-24T18:54:08.011453,57.3,57.2,24.1,2400.027136,0.8487,0x0
2026-03-24T18:54:09.031607,56.2,67.6,24.0,2400.023808,0.8487,0x0
2026-03-24T18:54:10.065007,56.75,70.5,24.0,2400.027136,0.8487,0x0
2026-03-24T18:54:11.092094,57.3,56.6,24.1,2400.027136,0.8487,0x0
2026-03-24T18:54:12.118286,56.75,61.0,23.7,2400.02048,0.8487,0x0
2026-03-24T18:54:13.135847,56.75,54.5,23.9,2400.023808,0.8487,0x0
2026-03-24T18:54:14.154067,56.2,52.1,23.7,2400.027136,0.8487,0x0
2026-03-24T18:54:15.175329,56.2,60.8,23.7,2400.02048,0.8487,0x0
2026-03-24T18:54:16.198547,56.2,70.2,23.8,2400.033792,0.8487,0x0
2026-03-24T18:54:17.221680,55.65,60.0,23.5,2400.030464,0.8487,0x0
2026-03-24T18:54:18.243588,56.2,59.2,23.4,2400.027136,0.8487,0x0
2026-03-24T18:54:19.264335,56.75,66.6,23.7,2400.030464,0.8487,0x0
2026-03-24T18:54:20.285760,56.2,57.5,23.7,2400.023808,0.8487,0x0
2026-03-24T18:54:21.309768,55.65,52.0,23.7,2400.027136,0.8487,0x0
2026-03-24T18:54:22.331565,56.2,54.9,23.6,2400.03712,0.8487,0x0
2026-03-24T18:54:23.351858,56.2,65.5,23.8,2400.02048,0.8487,0x0
2026-03-24T18:54:24.375547,57.85,63.5,23.9,2400.023808,0.8487,0x0
2026-03-24T18:54:25.395988,56.75,56.9,24.2,2400.033792,0.8487,0x0
2026-03-24T18:54:26.416757,56.75,57.9,23.8,2400.03712,0.8487,0x0
2026-03-24T18:54:27.437429,56.75,67.3,23.7,2400.027136,0.8487,0x0
2026-03-24T18:54:28.456984,56.75,67.2,24.0,2400.02048,0.8487,0x0
2026-03-24T18:54:29.485570,56.75,68.4,24.1,2400.023808,0.8487,0x0
2026-03-24T18:54:30.508704,55.65,60.7,24.0,2400.02048,0.8487,0x0
2026-03-24T18:54:31.528675,57.3,60.4,24.1,2400.030464,0.8487,0x0
2026-03-24T18:54:32.549168,56.75,65.6,24.2,2400.02048,0.8487,0x0
2026-03-24T18:54:33.577507,58.4,82.8,23.9,2400.023808,0.8487,0x0
2026-03-24T18:54:34.602251,57.85,87.6,24.0,2400.033792,0.8487,0x0
2026-03-24T18:54:35.630877,57.3,83.9,24.3,2400.030464,0.8487,0x0
2026-03-24T18:54:36.661512,57.3,81.9,24.6,2400.027136,0.8487,0x0
2026-03-24T18:54:37.696344,57.85,75.1,25.2,2400.027136,0.8487,0x0
2026-03-24T18:54:38.724512,57.85,87.7,25.0,2400.03712,0.8487,0x0
2026-03-24T18:54:39.761235,57.3,85.1,25.3,2400.03712,0.8487,0x0
2026-03-24T18:54:40.788107,58.95,84.7,25.6,2400.017408,0.8487,0x0
2026-03-24T18:54:41.826653,57.85,82.8,25.9,2400.030464,0.8487,0x0
2026-03-24T18:54:42.856413,57.3,84.1,25.9,2400.027136,0.8487,0x0
2026-03-24T18:54:43.986132,58.4,87.0,26.6,2400.033792,0.8487,0x0
2026-03-24T18:54:45.018413,57.85,81.7,26.3,2400.03712,0.8487,0x0
2026-03-24T18:54:46.041818,57.3,78.7,26.1,2400.03712,0.8487,0x0
2026-03-24T18:54:47.064978,57.3,83.2,26.1,2400.033792,0.8487,0x0
2026-03-24T18:54:48.084676,58.95,84.2,25.9,2400.027136,0.8487,0x0
2026-03-24T18:54:49.117793,58.95,83.3,25.9,2400.027136,0.8487,0x0
2026-03-24T18:54:50.141543,57.85,87.8,26.1,2400.023808,0.8487,0x0
2026-03-24T18:54:51.159888,57.3,84.2,26.0,2400.027136,0.8487,0x0
2026-03-24T18:54:52.193583,57.85,82.1,26.2,2400.02048,0.8487,0x0
2026-03-24T18:54:53.221166,56.75,63.4,26.4,2400.033792,0.8487,0x0
2026-03-24T18:54:54.247946,58.4,61.4,26.1,2400.02048,0.8487,0x0
2026-03-24T18:54:55.269034,57.85,66.2,26.3,2400.033792,0.8487,0x0
2026-03-24T18:54:56.292135,58.95,71.1,26.3,2400.033792,0.8487,0x0
2026-03-24T18:54:57.319235,56.75,67.3,26.0,2400.033792,0.8487,0x0
2026-03-24T18:54:58.343286,56.75,63.7,25.9,2400.017408,0.8487,0x0
2026-03-24T18:54:59.368131,56.2,64.4,26.1,2400.023808,0.8487,0x0
2026-03-24T18:55:00.387966,56.75,64.5,26.0,2400.02048,0.8487,0x0
2026-03-24T18:55:01.416650,58.95,82.6,26.0,2400.02048,0.8487,0x0
2026-03-24T18:55:02.446320,57.85,82.2,26.0,2400.02048,0.8487,0x0
2026-03-24T18:55:03.466233,57.3,68.2,25.2,2400.030464,0.8487,0x0
2026-03-24T18:55:04.492219,56.2,58.5,25.0,2400.027136,0.8487,0x0
2026-03-24T18:55:05.519823,56.75,62.0,24.9,2400.030464,0.8487,0x0
2026-03-24T18:55:06.545201,56.2,62.5,24.9,2400.023808,0.8487,0x0
2026-03-24T18:55:07.565343,58.4,60.7,24.7,2400.027136,0.8487,0x0
2026-03-24T18:55:08.598228,56.2,67.4,24.7,2400.023808,0.8487,0x0
2026-03-24T18:55:09.624007,56.2,63.4,24.9,2400.03712,0.8487,0x0
2026-03-24T18:55:10.648653,57.3,66.4,24.8,2400.02048,0.8487,0x0
2026-03-24T18:55:11.675224,55.65,68.5,24.7,2400.02048,0.8487,0x0
2026-03-24T18:55:12.697264,56.75,64.9,24.6,2400.030464,0.8487,0x0
2026-03-24T18:55:13.725227,57.3,66.9,23.4,2400.027136,0.8487,0x0
2026-03-24T18:55:14.748221,56.75,65.2,23.5,2400.033792,0.8487,0x0
2026-03-24T18:55:15.769797,55.1,58.1,23.3,2400.027136,0.8487,0x0
2026-03-24T18:55:16.795628,55.65,56.7,23.0,2400.027136,0.8487,0x0
2026-03-24T18:55:17.819630,56.75,70.6,23.3,2400.030464,0.8487,0x0
2026-03-24T18:55:18.842855,57.3,67.2,23.3,2400.030464,0.8487,0x0
2026-03-24T18:55:19.860550,58.95,62.8,23.2,2400.02048,0.8487,0x0
2026-03-24T18:55:20.881674,57.3,62.1,23.1,2400.03712,0.8487,0x0
2026-03-24T18:55:21.905474,57.3,64.9,23.0,2400.030464,0.8487,0x0
2026-03-24T18:55:22.938313,56.2,61.5,23.3,2400.023808,0.8487,0x0
2026-03-24T18:55:23.956852,56.2,53.8,23.2,2400.023808,0.8487,0x0
2026-03-24T18:55:24.976559,56.75,57.7,23.1,2400.023808,0.8487,0x0
2026-03-24T18:55:26.099513,56.2,53.3,23.0,2400.027136,0.8487,0x0
2026-03-24T18:55:27.119634,56.2,53.5,23.0,2400.027136,0.8487,0x0
2026-03-24T18:55:28.138080,56.75,54.1,23.1,2400.033792,0.8487,0x0
2026-03-24T18:55:29.164449,57.3,53.7,23.1,2400.030464,0.8487,0x0
2026-03-24T18:55:30.183616,56.75,52.8,23.1,2400.027136,0.8487,0x0
2026-03-24T18:55:31.205135,56.75,53.6,23.0,2400.02048,0.8487,0x0
2026-03-24T18:55:32.225584,56.2,57.0,23.0,2400.02048,0.8487,0x0
2026-03-24T18:55:33.249740,57.3,58.5,23.2,2400.027136,0.8487,0x0
2026-03-24T18:55:34.271094,56.75,54.8,23.0,2400.027136,0.8487,0x0
2026-03-24T18:55:35.292458,56.75,52.5,23.0,2400.030464,0.8487,0x0
2026-03-24T18:55:36.312838,55.65,54.9,22.9,2400.023808,0.8487,0x0
2026-03-24T18:55:37.333899,54.55,53.3,23.0,2400.030464,0.8487,0x0
2026-03-24T18:55:38.351922,56.2,54.4,23.3,2400.030464,0.8487,0x0
2026-03-24T18:55:39.372664,56.75,59.3,23.5,2400.023808,0.8487,0x0
2026-03-24T18:55:40.394428,57.3,54.2,23.3,2400.033792,0.8487,0x0
2026-03-24T18:55:41.417359,56.2,50.9,23.1,2400.02048,0.8487,0x0
2026-03-24T18:55:42.439616,56.75,60.0,22.8,2400.023808,0.8487,0x0
2026-03-24T18:55:43.464020,56.2,57.5,22.8,2400.033792,0.8487,0x0
2026-03-24T18:55:44.486782,56.2,52.3,22.7,2400.030464,0.8487,0x0
2026-03-24T18:55:45.504232,56.75,54.5,22.6,2400.023808,0.8487,0x0
2026-03-24T18:55:46.531333,55.65,53.5,22.4,2400.030464,0.8487,0x0
2026-03-24T18:55:47.556133,57.3,52.8,22.4,2400.030464,0.8487,0x0
2026-03-24T18:55:48.577257,56.75,55.2,22.7,2400.030464,0.8487,0x0
2026-03-24T18:55:49.596660,56.2,52.8,22.6,2400.02048,0.8487,0x0
2026-03-24T18:55:50.616252,57.3,54.5,22.6,2400.023808,0.8487,0x0
2026-03-24T18:55:51.636268,57.3,54.8,22.8,2400.02048,0.8487,0x0
2026-03-24T18:55:52.656493,55.65,58.2,22.7,2400.033792,0.8487,0x0
2026-03-24T18:55:53.674079,55.65,55.8,22.7,2400.023808,0.8487,0x0
2026-03-24T18:55:54.691992,56.2,53.3,22.6,2400.02048,0.8487,0x0
2026-03-24T18:55:55.713952,56.2,53.0,22.6,2400.023808,0.8487,0x0
2026-03-24T18:55:56.740235,56.2,52.7,22.5,2400.030464,0.8487,0x0
2026-03-24T18:55:57.759471,55.65,55.6,22.7,2400.03712,0.8487,0x0
2026-03-24T18:55:58.777075,56.75,54.4,22.6,2400.033792,0.8487,0x0
2026-03-24T18:55:59.795322,55.65,51.3,22.5,2400.027136,0.8487,0x0
2026-03-24T18:56:00.814485,55.65,52.6,22.8,2400.030464,0.8487,0x0
2026-03-24T18:56:01.837414,57.3,61.4,22.9,2400.03712,0.8487,0x0
2026-03-24T18:56:02.854686,55.1,57.8,23.0,2400.030464,0.8487,0x0
2026-03-24T18:56:03.874759,57.3,55.3,22.7,2400.02048,0.8487,0x0
2026-03-24T18:56:04.894300,56.75,53.9,22.6,2400.027136,0.8487,0x0
2026-03-24T18:56:05.914501,56.75,55.0,22.4,2400.030464,0.8487,0x0
2026-03-24T18:56:06.933199,58.4,54.6,22.3,2400.027136,0.8487,0x0
2026-03-24T18:56:07.957327,55.65,56.1,22.3,2400.030464,0.8487,0x0
2026-03-24T18:56:08.975536,57.3,54.6,22.3,2400.030464,0.8487,0x0
2026-03-24T18:56:09.996149,55.65,54.1,22.5,2400.027136,0.8487,0x0
2026-03-24T18:56:11.016281,55.65,55.0,22.8,2400.030464,0.8487,0x0
2026-03-24T18:56:12.037435,55.1,54.7,22.6,2400.02048,0.8487,0x0
2026-03-24T18:56:13.061513,55.1,59.2,22.6,2400.033792,0.8487,0x0
2026-03-24T18:56:14.085422,56.2,53.7,22.5,2400.030464,0.8487,0x0
2026-03-24T18:56:15.104076,57.85,54.1,22.5,2400.027136,0.8487,0x0
2026-03-24T18:56:16.127164,55.65,55.2,22.5,2400.03712,0.8487,0x0
2026-03-24T18:56:17.146729,54.55,55.8,22.4,2400.03712,0.8487,0x0
2026-03-24T18:56:18.170133,56.75,54.1,22.5,2400.030464,0.8487,0x0
2026-03-24T18:56:19.193418,55.65,54.9,22.5,2400.030464,0.8487,0x0
2026-03-24T18:56:20.214778,56.2,54.1,22.6,2400.030464,0.8487,0x0
2026-03-24T18:56:21.235605,55.65,53.1,22.5,2400.023808,0.8487,0x0
2026-03-24T18:56:22.258006,55.65,62.6,22.6,2400.027136,0.8487,0x0
2026-03-24T18:56:23.284092,56.2,60.3,22.4,2400.033792,0.8487,0x0
2026-03-24T18:56:24.301990,55.65,54.4,22.3,2400.030464,0.8487,0x0
2026-03-24T18:56:25.319312,56.75,52.6,22.5,2400.027136,0.8487,0x0
2026-03-24T18:56:26.337236,55.65,53.2,22.5,2400.030464,0.8487,0x0
2026-03-24T18:56:27.359221,56.75,53.0,22.8,2400.030464,0.8487,0x0
2026-03-24T18:56:28.378747,54.55,55.5,22.9,2400.030464,0.8487,0x0
2026-03-24T18:56:29.397772,56.2,57.7,22.7,2400.02048,0.8487,0x0
2026-03-24T18:56:30.417867,55.1,53.4,22.9,2400.030464,0.8487,0x0
2026-03-24T18:56:31.434717,55.65,56.0,22.6,2400.033792,0.8487,0x0
2026-03-24T18:56:32.455160,55.65,55.5,22.8,2400.02048,0.8487,0x0
2026-03-24T18:56:33.477096,55.1,58.3,22.8,2400.02048,0.8487,0x0
2026-03-24T18:56:34.494838,56.2,52.3,22.7,2400.02048,0.8487,0x0
2026-03-24T18:56:35.514107,55.65,53.7,22.6,2400.023808,0.8487,0x0
2026-03-24T18:56:36.533280,56.2,54.1,22.6,2400.023808,0.8487,0x0
2026-03-24T18:56:37.554894,56.2,54.9,22.7,2400.027136,0.8487,0x0
2026-03-24T18:56:38.576506,56.2,56.4,22.7,2400.03712,0.8487,0x0
2026-03-24T18:56:39.600875,54.0,58.0,22.9,2400.033792,0.8487,0x0
2026-03-24T18:56:40.623614,56.2,55.7,22.8,2400.030464,0.8487,0x0
2026-03-24T18:56:41.642129,55.1,71.6,22.5,2400.030464,0.8487,0x0
2026-03-24T18:56:42.660936,56.2,56.1,22.7,2400.027136,0.8487,0x0
2026-03-24T18:56:43.683524,55.1,65.9,22.5,2400.033792,0.8487,0x0
2026-03-24T18:56:44.700519,55.1,55.3,22.4,2400.033792,0.8487,0x0
2026-03-24T18:56:45.725475,55.65,55.0,22.2,2400.03712,0.8487,0x0
2026-03-24T18:56:46.747729,55.1,53.8,22.0,2400.027136,0.8487,0x0
2026-03-24T18:56:47.765276,55.65,54.2,22.1,2400.023808,0.8487,0x0
2026-03-24T18:56:48.782850,56.75,53.1,22.1,2400.027136,0.8487,0x0
2026-03-24T18:56:49.799259,57.3,52.4,22.3,2400.02048,0.8487,0x0
2026-03-24T18:56:50.816429,55.65,54.1,22.4,2400.02048,0.8487,0x0
2026-03-24T18:56:51.838031,57.3,55.4,22.4,2400.023808,0.8487,0x0
2026-03-24T18:56:52.857099,56.75,58.9,22.3,2400.033792,0.8487,0x0
2026-03-24T18:56:53.875473,54.55,56.1,22.1,2400.02048,0.8487,0x0
2026-03-24T18:56:54.892466,56.2,54.2,22.0,2400.027136,0.8487,0x0
2026-03-24T18:56:55.915317,57.3,54.1,22.0,2400.023808,0.8487,0x0
2026-03-24T18:56:56.938864,56.2,53.4,22.1,2400.030464,0.8487,0x0
2026-03-24T18:56:57.960598,56.2,53.8,22.2,2400.033792,0.8487,0x0
2026-03-24T18:56:58.979905,56.75,54.0,22.3,2400.033792,0.8487,0x0
2026-03-24T18:57:00.000039,56.75,55.3,22.0,2400.03712,0.8487,0x0
2026-03-24T18:57:01.019546,56.75,54.6,22.0,2400.017408,0.8487,0x0
2026-03-24T18:57:02.040565,56.2,53.7,22.1,2400.023808,0.8487,0x0
2026-03-24T18:57:03.061801,57.85,57.6,22.0,2400.030464,0.8487,0x0
2026-03-24T18:57:04.083368,55.1,57.0,22.0,2400.033792,0.8487,0x0
2026-03-24T18:57:05.103244,56.75,53.3,22.2,2400.027136,0.8487,0x0
2026-03-24T18:57:06.122089,56.2,59.4,22.5,2400.02048,0.8487,0x0
2026-03-24T18:57:07.139145,57.3,54.6,22.2,2400.033792,0.8487,0x0
2026-03-24T18:57:08.157345,56.2,56.6,22.4,2400.033792,0.8487,0x0
2026-03-24T18:57:09.178696,56.75,54.3,22.2,2400.030464,0.8487,0x0
2026-03-24T18:57:10.201495,56.75,55.0,22.0,2400.033792,0.8487,0x0
2026-03-24T18:57:11.221078,56.2,52.5,22.0,2400.027136,0.8487,0x0
2026-03-24T18:57:12.241232,57.85,54.3,21.9,2400.030464,0.8487,0x0
2026-03-24T18:57:13.264072,56.2,61.8,22.2,2400.027136,0.8487,0x0
2026-03-24T18:57:14.281760,56.2,56.3,22.3,2400.030464,0.8487,0x0
2026-03-24T18:57:15.300376,58.4,53.2,22.1,2400.02048,0.8487,0x0
2026-03-24T18:57:16.318546,56.2,53.5,22.0,2400.023808,0.8487,0x0
2026-03-24T18:57:17.339135,57.3,55.4,22.0,2400.02048,0.8487,0x0
2026-03-24T18:57:18.357674,56.75,55.1,22.1,2400.027136,0.8487,0x0
2026-03-24T18:57:19.446589,57.3,54.8,22.3,2400.027136,0.8487,0x0
2026-03-24T18:57:20.466646,57.3,53.1,22.4,2400.017408,0.8487,0x0
2026-03-24T18:57:21.485521,54.55,53.9,22.2,2400.030464,0.8487,0x0
2026-03-24T18:57:22.503423,56.75,55.8,22.0,2400.017408,0.8487,0x0
2026-03-24T18:57:23.524545,56.75,58.2,21.9,2400.027136,0.8487,0x0
2026-03-24T18:57:24.542704,56.2,54.5,22.0,2400.033792,0.8487,0x0
2026-03-24T18:57:25.562369,55.65,52.9,22.0,2400.033792,0.8487,0x0
2026-03-24T18:57:26.665183,56.75,60.4,22.0,2400.023808,0.8487,0x0
2026-03-24T18:57:27.685665,56.2,53.8,22.0,2400.017408,0.8487,0x0
2026-03-24T18:57:28.710323,56.2,54.7,22.0,2400.027136,0.8487,0x0
2026-03-24T18:57:29.728683,57.85,54.5,21.9,2400.02048,0.8487,0x0
2026-03-24T18:57:30.750546,57.85,53.4,22.3,2400.027136,0.8487,0x0
2026-03-24T18:57:31.767393,57.3,55.1,22.2,2400.030464,0.8487,0x0
2026-03-24T18:57:32.784070,57.3,56.0,22.3,2400.03712,0.8487,0x0
2026-03-24T18:57:33.801839,57.85,57.2,22.2,2400.023808,0.8487,0x0
2026-03-24T18:57:34.822465,58.4,55.5,22.1,2400.023808,0.8487,0x0
2026-03-24T18:57:35.842796,58.4,53.9,22.2,2400.03712,0.8487,0x0
2026-03-24T18:57:36.862066,56.75,53.0,22.5,2400.027136,0.8487,0x0
2026-03-24T18:57:37.880751,57.3,56.0,22.4,2400.033792,0.8487,0x0
2026-03-24T18:57:38.900070,55.1,54.8,22.3,2400.02048,0.8487,0x0
2026-03-24T18:57:39.923031,56.75,52.8,22.3,2400.027136,0.8487,0x0
2026-03-24T18:57:40.947328,56.75,53.7,22.3,2400.02048,0.8487,0x0
2026-03-24T18:57:41.969771,57.85,54.1,22.1,2400.033792,0.8487,0x0
2026-03-24T18:57:42.992705,58.4,58.5,22.2,2400.033792,0.8487,0x0
2026-03-24T18:57:44.013775,57.3,57.4,22.4,2400.027136,0.8487,0x0
2026-03-24T18:57:45.033025,56.75,53.2,22.6,2400.033792,0.8487,0x0
2026-03-24T18:57:46.055510,57.3,61.1,22.5,2400.023808,0.8487,0x0
2026-03-24T18:57:47.074966,57.3,54.3,22.3,2400.023808,0.8487,0x0
2026-03-24T18:57:48.093987,56.75,54.5,22.3,2400.02048,0.8487,0x0
2026-03-24T18:57:49.115096,56.2,55.6,22.2,2400.023808,0.8487,0x0
2026-03-24T18:57:50.133472,57.3,52.8,22.3,2400.027136,0.8487,0x0
2026-03-24T18:57:51.150825,57.3,53.1,22.4,2400.030464,0.8487,0x0
2026-03-24T18:57:52.173878,56.75,55.3,22.1,2400.027136,0.8487,0x0
2026-03-24T18:57:53.194102,58.4,58.2,22.1,2400.023808,0.8487,0x0
2026-03-24T18:57:54.214716,57.85,55.7,22.2,2400.033792,0.8487,0x0
2026-03-24T18:57:55.233766,57.85,52.4,22.0,2400.033792,0.8487,0x0
2026-03-24T18:57:56.253190,57.3,54.4,21.9,2400.023808,0.8487,0x0
2026-03-24T18:57:57.279347,57.3,52.5,21.9,2400.02048,0.8487,0x0
2026-03-24T18:57:58.299152,57.85,54.9,21.9,2400.030464,0.8487,0x0
2026-03-24T18:57:59.317861,57.85,54.6,21.8,2400.023808,0.8487,0x0
2026-03-24T18:58:00.339213,57.3,53.5,21.8,2400.023808,0.8487,0x0
2026-03-24T18:58:01.357312,58.95,53.2,21.8,2400.027136,0.8487,0x0
2026-03-24T18:58:02.376590,57.3,53.8,21.8,2400.03712,0.8487,0x0
2026-03-24T18:58:03.398635,57.3,59.5,21.8,2400.03712,0.8487,0x0
2026-03-24T18:58:04.420367,57.85,56.4,21.8,2400.027136,0.8487,0x0
2026-03-24T18:58:05.439723,56.75,53.9,21.8,2400.030464,0.8487,0x0
2026-03-24T18:58:06.458362,57.3,53.5,22.2,2400.030464,0.8487,0x0
2026-03-24T18:58:07.479200,57.85,61.3,22.3,2400.030464,0.8487,0x0
2026-03-24T18:58:08.500295,57.3,53.9,22.5,2400.02048,0.8487,0x0
2026-03-24T18:58:09.520480,57.85,71.4,22.8,2400.033792,0.8487,0x0
2026-03-24T18:58:10.537891,58.95,51.1,22.5,2400.027136,0.8487,0x0
2026-03-24T18:58:11.554245,58.4,53.5,22.4,2400.030464,0.8487,0x0
2026-03-24T18:58:12.572857,57.85,53.4,22.4,2400.027136,0.8487,0x0
2026-03-24T18:58:13.592770,57.85,55.5,22.3,2400.02048,0.8487,0x0
2026-03-24T18:58:14.613264,57.3,57.9,22.1,2400.030464,0.8487,0x0
2026-03-24T18:58:15.635282,58.95,53.8,22.2,2400.02048,0.8487,0x0
2026-03-24T18:58:16.653612,58.4,53.8,22.3,2400.023808,0.8487,0x0
2026-03-24T18:58:17.671904,58.4,53.5,22.3,2400.027136,0.8487,0x0
2026-03-24T18:58:18.688036,56.75,53.4,22.4,2400.017408,0.8487,0x0
2026-03-24T18:58:19.704548,56.2,54.0,22.4,2400.023808,0.8487,0x0
2026-03-24T18:58:20.725142,58.4,54.6,22.4,2400.030464,0.8487,0x0
2026-03-24T18:58:21.848330,56.2,55.0,22.3,2400.033792,0.8487,0x0
2026-03-24T18:58:22.867200,59.5,56.1,22.5,2400.030464,0.8487,0x0
2026-03-24T18:58:23.886689,58.95,57.9,22.3,2400.023808,0.8487,0x0
2026-03-24T18:58:24.908362,58.4,56.1,22.2,2400.030464,0.8487,0x0
2026-03-24T18:58:25.932548,58.4,54.1,22.1,2400.033792,0.8487,0x0
2026-03-24T18:58:26.954946,58.4,60.6,22.0,2400.027136,0.8487,0x0
2026-03-24T18:58:27.972803,57.85,55.7,22.0,2400.033792,0.8487,0x0
2026-03-24T18:58:29.080402,57.85,57.8,22.0,2400.033792,0.8487,0x0
2026-03-24T18:58:30.098398,58.95,55.2,22.0,2400.02048,0.8487,0x0
2026-03-24T18:58:31.120195,58.4,53.2,21.9,2400.030464,0.8487,0x0
2026-03-24T18:58:32.138198,60.05,54.7,22.0,2400.023808,0.8487,0x0
2026-03-24T18:58:33.161206,57.3,55.6,21.9,2400.027136,0.8487,0x0
2026-03-24T18:58:34.182587,58.4,58.3,22.3,2400.033792,0.8487,0x0
2026-03-24T18:58:35.201544,57.3,58.8,22.8,2400.027136,0.8487,0x0
2026-03-24T18:58:36.221128,56.75,55.2,23.1,2400.023808,0.8487,0x0
2026-03-24T18:58:37.242547,58.95,54.9,23.0,2400.027136,0.8487,0x0
2026-03-24T18:58:38.263497,58.95,55.6,22.8,2400.023808,0.8487,0x0
2026-03-24T18:58:39.284681,58.4,55.9,22.8,2400.033792,0.8487,0x0
2026-03-24T18:58:40.302597,56.75,53.3,22.7,2400.02048,0.8487,0x0
2026-03-24T18:58:41.324515,58.95,63.2,22.6,2400.027136,0.8487,0x0
2026-03-24T18:58:42.358463,59.5,85.6,23.0,2400.027136,0.8487,0x0
2026-03-24T18:58:43.381795,57.85,56.0,23.2,2400.030464,0.8487,0x0
2026-03-24T18:58:44.403648,56.75,57.1,23.2,2400.030464,0.8487,0x0
2026-03-24T18:58:45.423402,58.4,58.0,23.1,2400.027136,0.8487,0x0
2026-03-24T18:58:46.445321,58.4,55.7,23.1,2400.030464,0.8487,0x0
2026-03-24T18:58:47.464803,56.75,57.5,23.2,2400.030464,0.8487,0x0
2026-03-24T18:58:48.484269,58.4,60.4,23.0,2400.033792,0.8487,0x0
2026-03-24T18:58:49.517389,57.3,63.1,23.0,2400.023808,0.8487,0x0
2026-03-24T18:58:50.543520,58.4,53.3,23.1,2400.02048,0.8487,0x0
2026-03-24T18:58:51.565773,56.2,54.2,22.7,2400.03712,0.8487,0x0
2026-03-24T18:58:52.587307,57.85,54.8,22.6,2400.02048,0.8487,0x0
2026-03-24T18:58:53.605249,57.3,55.9,22.5,2400.027136,0.8487,0x0
2026-03-24T18:58:54.624260,57.85,55.4,22.6,2400.02048,0.8487,0x0
2026-03-24T18:58:55.644399,57.85,60.4,22.5,2400.027136,0.8487,0x0
2026-03-24T18:58:56.665763,58.95,60.3,22.7,2400.023808,0.8487,0x0
2026-03-24T18:58:57.697657,58.4,62.6,22.6,2400.023808,0.8487,0x0
2026-03-24T18:58:58.723398,58.4,60.9,22.5,2400.030464,0.8487,0x0
2026-03-24T18:58:59.745468,57.85,63.7,22.8,2400.017408,0.8487,0x0
2026-03-24T18:59:00.775025,58.4,61.9,23.0,2400.027136,0.8487,0x0
2026-03-24T18:59:01.803790,58.4,57.4,23.0,2400.027136,0.8487,0x0
2026-03-24T18:59:02.829136,57.85,55.8,23.1,2400.033792,0.8487,0x0
2026-03-24T18:59:03.857532,58.95,55.8,23.2,2400.023808,0.8487,0x0
2026-03-24T18:59:04.878236,58.4,53.3,23.0,2400.02048,0.8487,0x0
2026-03-24T18:59:05.981539,58.95,57.2,22.9,2400.03712,0.8487,0x0
2026-03-24T18:59:07.008303,56.75,64.8,22.8,2400.017408,0.8487,0x0
2026-03-24T18:59:08.079628,57.85,63.0,23.2,2400.030464,0.8487,0x0
2026-03-24T18:59:09.103234,58.4,59.1,23.1,2400.027136,0.8487,0x0
2026-03-24T18:59:10.120903,57.85,53.8,22.7,2400.030464,0.8487,0x0
2026-03-24T18:59:11.243181,57.3,58.2,22.8,2400.030464,0.8487,0x0
2026-03-24T18:59:12.263088,57.85,61.9,22.5,2400.03712,0.8487,0x0
2026-03-24T18:59:13.286537,58.4,66.4,22.5,2400.030464,0.8487,0x0
2026-03-24T18:59:14.304776,57.3,61.8,22.4,2400.023808,0.8487,0x0
2026-03-24T18:59:15.327633,57.85,60.8,22.4,2400.02048,0.8487,0x0
2026-03-24T18:59:16.344500,55.65,56.9,22.4,2400.030464,0.8487,0x0
2026-03-24T18:59:17.361041,57.3,56.7,22.4,2400.033792,0.8487,0x0
2026-03-24T18:59:18.382231,57.3,57.8,22.4,2400.027136,0.8487,0x0
2026-03-24T18:59:19.403315,57.3,56.3,22.1,2400.02048,0.8487,0x0
2026-03-24T18:59:20.420477,57.3,53.6,22.2,2400.030464,0.8487,0x0
2026-03-24T18:59:21.439338,56.75,54.6,22.4,2400.03712,0.8487,0x0
2026-03-24T18:59:22.458710,57.3,54.8,22.2,2400.027136,0.8487,0x0
2026-03-24T18:59:23.481991,56.2,54.3,22.4,2400.033792,0.8487,0x0
2026-03-24T18:59:24.500931,57.85,64.4,22.6,2400.02048,0.8487,0x0
2026-03-24T18:59:25.522182,56.75,57.6,22.5,2400.027136,0.8487,0x0
2026-03-24T18:59:26.546848,57.3,56.7,22.6,2400.02048,0.8487,0x0
2026-03-24T18:59:27.565565,57.3,62.1,22.3,2400.02048,0.8487,0x0
2026-03-24T18:59:28.587614,57.85,61.0,22.3,2400.023808,0.8487,0x0
2026-03-24T18:59:29.610134,57.3,53.8,22.2,2400.023808,0.8487,0x0
2026-03-24T18:59:30.629375,56.75,54.2,22.5,2400.027136,0.8487,0x0
2026-03-24T18:59:31.653651,56.75,53.6,22.4,2400.027136,0.8487,0x0
2026-03-24T18:59:32.673376,57.3,53.5,22.3,2400.03712,0.8487,0x0
2026-03-24T18:59:33.728663,56.75,55.6,22.3,2400.033792,0.8487,0x0
2026-03-24T18:59:34.751808,57.85,53.9,22.5,2400.02048,0.8487,0x0
2026-03-24T18:59:35.772489,58.4,60.2,22.4,2400.03712,0.8487,0x0
2026-03-24T18:59:36.796823,56.75,55.1,22.2,2400.02048,0.8487,0x0
2026-03-24T18:59:37.818032,58.4,56.3,22.3,2400.030464,0.8487,0x0
2026-03-24T18:59:38.835743,56.75,57.2,22.0,2400.033792,0.8487,0x0
2026-03-24T18:59:39.860713,56.75,54.4,22.3,2400.033792,0.8487,0x0
2026-03-24T18:59:40.878937,56.75,53.9,22.1,2400.023808,0.8487,0x0
2026-03-24T18:59:41.896214,56.75,53.7,22.1,2400.030464,0.8487,0x0
2026-03-24T18:59:42.916623,57.85,62.5,22.3,2400.02048,0.8487,0x0
2026-03-24T18:59:44.037961,58.4,56.4,22.2,2400.030464,0.8487,0x0
2026-03-24T18:59:45.054981,56.75,58.4,22.0,2400.027136,0.8487,0x0
2026-03-24T18:59:46.077289,58.4,58.4,22.2,2400.03712,0.8487,0x0
2026-03-24T18:59:47.099425,57.3,60.9,22.1,2400.023808,0.8487,0x0
2026-03-24T18:59:48.119884,57.3,63.7,22.3,2400.02048,0.8487,0x0
2026-03-24T18:59:49.141772,57.3,71.5,22.5,2400.030464,0.8487,0x0
2026-03-24T18:59:50.167148,56.75,59.1,22.4,2400.033792,0.8487,0x0
2026-03-24T18:59:51.186902,56.75,53.3,22.6,2400.023808,0.8487,0x0
2026-03-24T18:59:52.211543,57.3,62.1,22.5,2400.033792,0.8487,0x0
2026-03-24T18:59:53.238432,57.85,66.9,22.6,2400.033792,0.8487,0x0
2026-03-24T18:59:54.258321,56.2,63.0,22.6,2400.03712,0.8487,0x0
2026-03-24T18:59:55.275788,57.85,64.1,22.6,2400.02048,0.8487,0x0
2026-03-24T18:59:56.296563,56.75,63.3,22.8,2400.027136,0.8487,0x0
2026-03-24T18:59:57.322211,56.75,60.3,22.4,2400.030464,0.8487,0x0
2026-03-24T18:59:58.343740,57.3,72.7,22.3,2400.02048,0.8487,0x0
2026-03-24T18:59:59.370762,58.4,75.7,22.3,2400.030464,0.8487,0x0
