timestamp,npu_utilization_percent,hailo_temp_C,hailo_clock_MHz
2026-04-22T13:35:47.973693,,38.9854736328125,400.0
2026-04-22T13:35:50.364503,100.0,40.40188980102539,400.0
2026-04-22T13:35:52.567497,100.0,41.31243896484375,400.0
2026-04-22T13:35:54.770858,100.0,42.17240524291992,400.0
2026-04-22T13:35:56.974062,100.0,42.83002853393555,400.0
2026-04-22T13:35:59.177804,100.0,43.43706130981445,400.0
2026-04-22T13:36:01.387591,100.0,43.99351119995117,400.0
2026-04-22T13:36:03.592406,100.0,44.49937057495117,400.0
2026-04-22T13:36:05.804981,100.0,44.954647064208984,400.0
2026-04-22T13:36:08.007734,100.0,45.51110076904297,400.0
2026-04-22T13:36:10.209809,100.0,45.91579055786133,400.0
2026-04-22T13:36:12.411825,100.0,45.91579055786133,400.0
2026-04-22T13:36:14.613823,100.0,45.86520767211914,400.0
2026-04-22T13:36:16.816645,100.0,46.47224044799805,400.0
2026-04-22T13:36:19.019659,100.0,46.7757568359375,400.0
2026-04-22T13:36:21.239334,100.0,47.129859924316406,400.0
2026-04-22T13:36:23.440892,100.0,47.433380126953125,400.0
2026-04-22T13:36:25.643450,100.0,47.686309814453125,400.0
2026-04-22T13:36:27.845684,100.0,47.939239501953125,400.0
2026-04-22T13:36:30.047727,100.0,48.14158630371094,400.0
2026-04-22T13:36:32.250240,100.0,48.343929290771484,400.0
2026-04-22T13:36:34.452407,100.0,48.495689392089844,400.0
2026-04-22T13:36:36.655587,100.0,48.69803237915039,400.0
2026-04-22T13:36:38.859382,100.0,48.9003791809082,400.0
2026-04-22T13:36:41.062439,100.0,49.05213928222656,400.0
2026-04-22T13:36:43.269892,100.0,49.203895568847656,400.0
2026-04-22T13:36:45.472239,100.0,49.25448226928711,400.0
2026-04-22T13:36:47.674360,100.0,49.40624237060547,400.0
2026-04-22T13:36:49.877176,100.0,49.55799865722656,400.0
2026-04-22T13:36:52.079053,100.0,49.861515045166016,400.0
2026-04-22T13:36:54.280867,100.0,49.91210174560547,400.0
2026-04-22T13:36:56.483946,100.0,50.013275146484375,400.0
2026-04-22T13:36:58.686086,100.0,50.21562194824219,400.0
2026-04-22T13:37:00.889811,100.0,50.31679153442383,400.0
2026-04-22T13:37:03.091531,100.0,50.36737823486328,400.0
2026-04-22T13:37:05.294083,100.0,50.569725036621094,400.0
2026-04-22T13:37:07.497428,100.0,50.77206802368164,400.0
2026-04-22T13:37:09.699446,100.0,50.923828125,400.0
2026-04-22T13:37:11.902288,100.0,51.1767578125,400.0
2026-04-22T13:37:14.109806,100.0,51.277931213378906,400.0
2026-04-22T13:37:16.312397,100.0,51.37910461425781,400.0
2026-04-22T13:37:18.514851,100.0,51.32851791381836,400.0
2026-04-22T13:37:20.718400,100.0,51.48027420043945,400.0
2026-04-22T13:37:22.920548,100.0,51.58144760131836,400.0
2026-04-22T13:37:25.123640,100.0,51.682621002197266,400.0
2026-04-22T13:37:27.327927,100.0,51.78379440307617,400.0
2026-04-22T13:37:29.530879,100.0,51.88496398925781,400.0
2026-04-22T13:37:31.732558,100.0,51.98613739013672,400.0
2026-04-22T13:37:33.938961,100.0,52.13789749145508,400.0
2026-04-22T13:37:36.141445,100.0,52.18848419189453,400.0
2026-04-22T13:37:38.343479,100.0,52.28965377807617,400.0
2026-04-22T13:37:40.544957,100.0,52.39082717895508,400.0
2026-04-22T13:37:42.748401,100.0,52.44141387939453,400.0
2026-04-22T13:37:44.950729,100.0,52.492000579833984,400.0
2026-04-22T13:37:47.152963,100.0,52.59317398071289,400.0
2026-04-22T13:37:49.357370,100.0,52.64375686645508,400.0
2026-04-22T13:37:51.561446,100.0,52.64375686645508,400.0
2026-04-22T13:37:53.764516,100.0,52.64375686645508,400.0
2026-04-22T13:37:55.968090,100.0,52.69434356689453,400.0
2026-04-22T13:37:58.173062,100.0,52.79551696777344,400.0
2026-04-22T13:38:00.377256,100.0,52.744930267333984,400.0
2026-04-22T13:38:02.580287,100.0,52.79551696777344,400.0
2026-04-22T13:38:04.781997,100.0,52.9472770690918,400.0
2026-04-22T13:38:06.983731,100.0,52.896690368652344,400.0
2026-04-22T13:38:09.186403,100.0,52.99786376953125,400.0
2026-04-22T13:38:11.388423,100.0,53.04844665527344,400.0
2026-04-22T13:38:13.592213,100.0,53.09903335571289,400.0
2026-04-22T13:38:15.794624,100.0,53.149620056152344,400.0
2026-04-22T13:38:17.997512,100.0,53.149620056152344,400.0
2026-04-22T13:38:20.200476,100.0,53.3013801574707,400.0
2026-04-22T13:38:22.402697,100.0,53.40255355834961,400.0
2026-04-22T13:38:24.604425,100.0,53.50372314453125,400.0
2026-04-22T13:38:26.807863,100.0,53.4531364440918,400.0
2026-04-22T13:38:29.016667,100.0,53.50372314453125,400.0
2026-04-22T13:38:31.220659,100.0,53.50372314453125,400.0
2026-04-22T13:38:33.423961,100.0,53.50372314453125,400.0
2026-04-22T13:38:35.629266,100.0,53.604896545410156,400.0
2026-04-22T13:38:37.830829,100.0,53.70606994628906,400.0
2026-04-22T13:38:40.034414,100.0,53.604896545410156,400.0
2026-04-22T13:38:42.238022,100.0,53.65548324584961,400.0
2026-04-22T13:38:44.444258,100.0,53.65548324584961,400.0
2026-04-22T13:38:46.646157,100.0,53.70606994628906,400.0
2026-04-22T13:38:48.848505,100.0,53.604896545410156,400.0
2026-04-22T13:38:51.051979,100.0,53.5543098449707,400.0
2026-04-22T13:38:53.254046,100.0,53.604896545410156,400.0
2026-04-22T13:38:55.455655,100.0,53.65548324584961,400.0
2026-04-22T13:38:57.658975,100.0,53.70606994628906,400.0
2026-04-22T13:38:59.862393,100.0,53.65548324584961,400.0
2026-04-22T13:39:02.064889,100.0,53.65548324584961,400.0
2026-04-22T13:39:04.267165,100.0,53.65548324584961,400.0
2026-04-22T13:39:06.469162,100.0,53.5543098449707,400.0
2026-04-22T13:39:08.671139,100.0,53.604896545410156,400.0
2026-04-22T13:39:10.875069,100.0,53.756656646728516,400.0
2026-04-22T13:39:13.076795,100.0,53.756656646728516,400.0
2026-04-22T13:39:15.282256,100.0,53.756656646728516,400.0
2026-04-22T13:39:17.484303,100.0,53.65548324584961,400.0
2026-04-22T13:39:19.688398,100.0,53.65548324584961,400.0
2026-04-22T13:39:21.890477,100.0,53.65548324584961,400.0
2026-04-22T13:39:24.098422,100.0,53.65548324584961,400.0
2026-04-22T13:39:26.302881,100.0,53.70606994628906,400.0
2026-04-22T13:39:28.506125,100.0,53.70606994628906,400.0
2026-04-22T13:39:30.710995,100.0,53.756656646728516,400.0
2026-04-22T13:39:32.912805,100.0,53.70606994628906,400.0
2026-04-22T13:39:35.114735,100.0,53.70606994628906,400.0
2026-04-22T13:39:37.317700,100.0,53.756656646728516,400.0
2026-04-22T13:39:39.522347,100.0,53.8072395324707,400.0
2026-04-22T13:39:41.732628,100.0,53.8072395324707,400.0
2026-04-22T13:39:43.935075,100.0,53.8072395324707,400.0
2026-04-22T13:39:46.138057,100.0,53.756656646728516,400.0
2026-04-22T13:39:48.339688,100.0,53.8072395324707,400.0
2026-04-22T13:39:50.541840,100.0,53.70606994628906,400.0
2026-04-22T13:39:52.743733,100.0,53.70606994628906,400.0
2026-04-22T13:39:54.947600,100.0,53.70606994628906,400.0
2026-04-22T13:39:57.150108,100.0,53.756656646728516,400.0
2026-04-22T13:39:59.351671,100.0,53.70606994628906,400.0
2026-04-22T13:40:01.554742,100.0,53.756656646728516,400.0
2026-04-22T13:40:03.756539,100.0,53.8072395324707,400.0
2026-04-22T13:40:05.959935,100.0,53.756656646728516,400.0
2026-04-22T13:40:08.162859,100.0,53.756656646728516,400.0
2026-04-22T13:40:10.364772,100.0,53.857826232910156,400.0
2026-04-22T13:40:12.566709,100.0,53.857826232910156,400.0
2026-04-22T13:40:14.768280,100.0,53.8072395324707,400.0
2026-04-22T13:40:16.969794,100.0,53.857826232910156,400.0
2026-04-22T13:40:19.172785,100.0,53.90841293334961,400.0
2026-04-22T13:40:21.376207,100.0,53.90841293334961,400.0
2026-04-22T13:40:23.579400,100.0,54.009586334228516,400.0
2026-04-22T13:40:25.782324,100.0,53.90841293334961,400.0
2026-04-22T13:40:27.986131,100.0,53.90841293334961,400.0
2026-04-22T13:40:30.188007,100.0,53.95899963378906,400.0
2026-04-22T13:40:32.390754,100.0,53.95899963378906,400.0
2026-04-22T13:40:34.592337,100.0,53.95899963378906,400.0
2026-04-22T13:40:36.794001,100.0,53.95899963378906,400.0
2026-04-22T13:40:38.996693,100.0,54.009586334228516,400.0
2026-04-22T13:40:41.199961,100.0,54.11075973510742,400.0
2026-04-22T13:40:43.403800,100.0,53.90841293334961,400.0
2026-04-22T13:40:45.606239,100.0,54.009586334228516,400.0
2026-04-22T13:40:47.807924,100.0,53.90841293334961,400.0
2026-04-22T13:40:50.010472,100.0,53.95899963378906,400.0
2026-04-22T13:40:52.214628,100.0,54.06017303466797,400.0
2026-04-22T13:40:54.417775,100.0,54.06017303466797,400.0
2026-04-22T13:40:56.621405,100.0,54.009586334228516,400.0
2026-04-22T13:40:58.826102,100.0,54.06017303466797,400.0
2026-04-22T13:41:01.027966,100.0,54.161346435546875,400.0
2026-04-22T13:41:03.231140,100.0,54.161346435546875,400.0
2026-04-22T13:41:05.434817,100.0,54.06017303466797,400.0
2026-04-22T13:41:07.638409,100.0,54.161346435546875,400.0
2026-04-22T13:41:09.840338,100.0,54.11075973510742,400.0
2026-04-22T13:41:12.044233,100.0,54.21192932128906,400.0
2026-04-22T13:41:14.247026,100.0,54.161346435546875,400.0
2026-04-22T13:41:16.449853,100.0,54.161346435546875,400.0
2026-04-22T13:41:18.652120,100.0,54.161346435546875,400.0
2026-04-22T13:41:20.855185,100.0,54.06017303466797,400.0
2026-04-22T13:41:23.064818,100.0,54.11075973510742,400.0
2026-04-22T13:41:25.268826,100.0,54.009586334228516,400.0
2026-04-22T13:41:27.472359,100.0,53.95899963378906,400.0
2026-04-22T13:41:29.678714,100.0,53.857826232910156,400.0
2026-04-22T13:41:31.880315,100.0,54.009586334228516,400.0
2026-04-22T13:41:34.089580,100.0,53.95899963378906,400.0
2026-04-22T13:41:36.291677,100.0,54.009586334228516,400.0
2026-04-22T13:41:38.494242,100.0,54.11075973510742,400.0
2026-04-22T13:41:40.696064,100.0,54.009586334228516,400.0
2026-04-22T13:41:42.898130,100.0,54.11075973510742,400.0
2026-04-22T13:41:45.102755,100.0,54.21192932128906,400.0
2026-04-22T13:41:47.304724,100.0,54.21192932128906,400.0
2026-04-22T13:41:49.507799,100.0,54.161346435546875,400.0
2026-04-22T13:41:51.709518,100.0,54.161346435546875,400.0
2026-04-22T13:41:53.918342,100.0,54.161346435546875,400.0
2026-04-22T13:41:56.120288,100.0,54.11075973510742,400.0
2026-04-22T13:41:58.323835,100.0,54.11075973510742,400.0
2026-04-22T13:42:00.526855,100.0,54.161346435546875,400.0
2026-04-22T13:42:02.733030,100.0,54.262516021728516,400.0
2026-04-22T13:42:04.935255,100.0,54.262516021728516,400.0
2026-04-22T13:42:07.138294,100.0,54.21192932128906,400.0
2026-04-22T13:42:09.339844,100.0,54.262516021728516,400.0
2026-04-22T13:42:11.542698,100.0,54.21192932128906,400.0
2026-04-22T13:42:13.746482,100.0,54.161346435546875,400.0
2026-04-22T13:42:15.948631,100.0,54.262516021728516,400.0
2026-04-22T13:42:18.153072,100.0,54.262516021728516,400.0
2026-04-22T13:42:20.355095,100.0,54.31310272216797,400.0
2026-04-22T13:42:22.557021,100.0,54.36368942260742,400.0
2026-04-22T13:42:24.765366,100.0,54.262516021728516,400.0
2026-04-22T13:42:26.967389,100.0,54.262516021728516,400.0
2026-04-22T13:42:29.169010,100.0,54.21192932128906,400.0
2026-04-22T13:42:31.371967,100.0,54.11075973510742,400.0
2026-04-22T13:42:33.575511,100.0,54.414276123046875,400.0
2026-04-22T13:42:35.778966,100.0,54.31310272216797,400.0
2026-04-22T13:42:37.982393,100.0,54.36368942260742,400.0
2026-04-22T13:42:40.186085,100.0,54.414276123046875,400.0
2026-04-22T13:42:42.397701,100.0,54.31310272216797,400.0
2026-04-22T13:42:44.603983,100.0,54.262516021728516,400.0
2026-04-22T13:42:46.806142,100.0,54.31310272216797,400.0
2026-04-22T13:42:49.009728,100.0,54.262516021728516,400.0
2026-04-22T13:42:51.211356,100.0,54.21192932128906,400.0
2026-04-22T13:42:53.413372,100.0,54.262516021728516,400.0
2026-04-22T13:42:55.615954,100.0,54.262516021728516,400.0
2026-04-22T13:42:57.818477,100.0,54.161346435546875,400.0
2026-04-22T13:43:00.022471,100.0,54.262516021728516,400.0
2026-04-22T13:43:02.225701,100.0,54.161346435546875,400.0
2026-04-22T13:43:04.427409,100.0,54.21192932128906,400.0
2026-04-22T13:43:06.630926,100.0,54.161346435546875,400.0
2026-04-22T13:43:08.832597,100.0,54.21192932128906,400.0
2026-04-22T13:43:11.034925,100.0,54.262516021728516,400.0
2026-04-22T13:43:13.239096,100.0,54.161346435546875,400.0
2026-04-22T13:43:15.443014,100.0,54.161346435546875,400.0
2026-04-22T13:43:17.645888,100.0,54.31310272216797,400.0
2026-04-22T13:43:19.847496,100.0,54.11075973510742,400.0
2026-04-22T13:43:22.049846,100.0,54.262516021728516,400.0
2026-04-22T13:43:24.251599,100.0,54.21192932128906,400.0
2026-04-22T13:43:26.454885,100.0,54.31310272216797,400.0
2026-04-22T13:43:28.656512,100.0,54.262516021728516,400.0
2026-04-22T13:43:30.859273,100.0,54.31310272216797,400.0
2026-04-22T13:43:33.060996,100.0,54.31310272216797,400.0
2026-04-22T13:43:35.264311,100.0,54.36368942260742,400.0
2026-04-22T13:43:37.466430,100.0,54.414276123046875,400.0
2026-04-22T13:43:39.669510,100.0,54.414276123046875,400.0
2026-04-22T13:43:41.871154,100.0,54.46486282348633,400.0
2026-04-22T13:43:44.077073,100.0,54.46486282348633,400.0
2026-04-22T13:43:46.279768,100.0,54.51544952392578,400.0
2026-04-22T13:43:48.481854,100.0,54.566036224365234,400.0
2026-04-22T13:43:50.685539,100.0,54.566036224365234,400.0
2026-04-22T13:43:52.888553,100.0,54.61661911010742,400.0
2026-04-22T13:43:55.090403,100.0,54.61661911010742,400.0
2026-04-22T13:43:57.292579,100.0,54.61661911010742,400.0
2026-04-22T13:43:59.496100,100.0,54.566036224365234,400.0
2026-04-22T13:44:01.698498,100.0,54.71779251098633,400.0
2026-04-22T13:44:03.902620,100.0,54.566036224365234,400.0
2026-04-22T13:44:06.105476,100.0,54.51544952392578,400.0
2026-04-22T13:44:08.307202,100.0,54.61661911010742,400.0
2026-04-22T13:44:10.509799,100.0,54.566036224365234,400.0
2026-04-22T13:44:12.713979,100.0,54.46486282348633,400.0
2026-04-22T13:44:14.916040,100.0,54.566036224365234,400.0
2026-04-22T13:44:17.118056,100.0,54.566036224365234,400.0
2026-04-22T13:44:19.319675,100.0,54.51544952392578,400.0
2026-04-22T13:44:21.522214,100.0,54.46486282348633,400.0
2026-04-22T13:44:23.724059,100.0,54.414276123046875,400.0
2026-04-22T13:44:25.925887,100.0,54.46486282348633,400.0
2026-04-22T13:44:28.128216,100.0,54.36368942260742,400.0
2026-04-22T13:44:30.331853,100.0,54.31310272216797,400.0
2026-04-22T13:44:32.534522,100.0,54.46486282348633,400.0
2026-04-22T13:44:34.738608,100.0,54.46486282348633,400.0
2026-04-22T13:44:36.940996,100.0,54.36368942260742,400.0
2026-04-22T13:44:39.143126,100.0,54.36368942260742,400.0
2026-04-22T13:44:41.345926,100.0,54.31310272216797,400.0
2026-04-22T13:44:43.549795,100.0,54.36368942260742,400.0
2026-04-22T13:44:45.755402,100.0,54.31310272216797,400.0
2026-04-22T13:44:47.958881,100.0,54.46486282348633,400.0
2026-04-22T13:44:50.160899,100.0,54.414276123046875,400.0
2026-04-22T13:44:52.368743,100.0,54.51544952392578,400.0
2026-04-22T13:44:54.571697,100.0,54.51544952392578,400.0
2026-04-22T13:44:56.774199,100.0,54.51544952392578,400.0
2026-04-22T13:44:58.979040,100.0,54.51544952392578,400.0
2026-04-22T13:45:01.180864,100.0,54.46486282348633,400.0
2026-04-22T13:45:03.383089,100.0,54.566036224365234,400.0
2026-04-22T13:45:05.588486,100.0,54.566036224365234,400.0
2026-04-22T13:45:07.791802,100.0,54.566036224365234,400.0
2026-04-22T13:45:09.994732,100.0,54.566036224365234,400.0
2026-04-22T13:45:12.196486,100.0,54.61661911010742,400.0
2026-04-22T13:45:14.398801,100.0,54.46486282348633,400.0
2026-04-22T13:45:16.600742,100.0,54.566036224365234,400.0
2026-04-22T13:45:18.803208,100.0,54.46486282348633,400.0
2026-04-22T13:45:21.005618,100.0,54.36368942260742,400.0
2026-04-22T13:45:23.209348,100.0,54.46486282348633,400.0
2026-04-22T13:45:25.411461,100.0,54.46486282348633,400.0
2026-04-22T13:45:27.615020,100.0,54.36368942260742,400.0
2026-04-22T13:45:29.816962,100.0,54.414276123046875,400.0
2026-04-22T13:45:32.020298,100.0,54.414276123046875,400.0
2026-04-22T13:45:34.222068,100.0,54.262516021728516,400.0
2026-04-22T13:45:36.425693,100.0,54.31310272216797,400.0
2026-04-22T13:45:38.627903,100.0,54.31310272216797,400.0
2026-04-22T13:45:40.830889,100.0,54.36368942260742,400.0
2026-04-22T13:45:43.034159,100.0,54.36368942260742,400.0
2026-04-22T13:45:45.239106,100.0,54.262516021728516,400.0
2026-04-22T13:45:47.440835,100.0,54.262516021728516,400.0
2026-04-22T13:45:49.642491,100.0,54.31310272216797,400.0
2026-04-22T13:45:51.844213,100.0,54.414276123046875,400.0
2026-04-22T13:45:54.048176,100.0,54.46486282348633,400.0
2026-04-22T13:45:56.251211,100.0,54.414276123046875,400.0
2026-04-22T13:45:58.453911,100.0,54.31310272216797,400.0
2026-04-22T13:46:00.656760,100.0,54.36368942260742,400.0
2026-04-22T13:46:02.859764,100.0,54.36368942260742,400.0
2026-04-22T13:46:05.062123,100.0,54.46486282348633,400.0
2026-04-22T13:46:07.264399,100.0,54.46486282348633,400.0
2026-04-22T13:46:09.467517,100.0,54.46486282348633,400.0
2026-04-22T13:46:11.670821,100.0,54.46486282348633,400.0
2026-04-22T13:46:13.872777,100.0,54.51544952392578,400.0
2026-04-22T13:46:16.075844,100.0,54.414276123046875,400.0
2026-04-22T13:46:18.277401,100.0,54.46486282348633,400.0
2026-04-22T13:46:20.479542,100.0,54.36368942260742,400.0
2026-04-22T13:46:22.681590,100.0,54.414276123046875,400.0
2026-04-22T13:46:24.886964,100.0,54.46486282348633,400.0
2026-04-22T13:46:27.090601,100.0,54.414276123046875,400.0
2026-04-22T13:46:29.292404,100.0,54.51544952392578,400.0
2026-04-22T13:46:31.495114,100.0,54.414276123046875,400.0
2026-04-22T13:46:33.698028,100.0,54.36368942260742,400.0
2026-04-22T13:46:35.901447,100.0,54.31310272216797,400.0
2026-04-22T13:46:38.103116,100.0,54.36368942260742,400.0
2026-04-22T13:46:40.307825,100.0,54.36368942260742,400.0
2026-04-22T13:46:42.509692,100.0,54.36368942260742,400.0
2026-04-22T13:46:44.712464,100.0,54.36368942260742,400.0
2026-04-22T13:46:46.916296,100.0,54.31310272216797,400.0
2026-04-22T13:46:49.120178,100.0,54.36368942260742,400.0
2026-04-22T13:46:51.323077,100.0,54.31310272216797,400.0
2026-04-22T13:46:53.526504,100.0,54.262516021728516,400.0
2026-04-22T13:46:55.732146,100.0,54.161346435546875,400.0
2026-04-22T13:46:57.935479,100.0,54.262516021728516,400.0
2026-04-22T13:47:00.138894,100.0,54.36368942260742,400.0
2026-04-22T13:47:02.341195,100.0,54.21192932128906,400.0
2026-04-22T13:47:04.545768,100.0,54.262516021728516,400.0
2026-04-22T13:47:06.748648,100.0,54.11075973510742,400.0
2026-04-22T13:47:08.951156,100.0,54.161346435546875,400.0
2026-04-22T13:47:11.155686,100.0,54.06017303466797,400.0
2026-04-22T13:47:13.358999,100.0,54.009586334228516,400.0
2026-04-22T13:47:15.560885,100.0,53.90841293334961,400.0
2026-04-22T13:47:17.762917,100.0,53.95899963378906,400.0
2026-04-22T13:47:19.966694,100.0,53.90841293334961,400.0
2026-04-22T13:47:22.168761,100.0,53.90841293334961,400.0
2026-04-22T13:47:24.371862,100.0,53.95899963378906,400.0
2026-04-22T13:47:26.576789,100.0,53.90841293334961,400.0
2026-04-22T13:47:28.779050,100.0,53.90841293334961,400.0
2026-04-22T13:47:30.980829,100.0,53.857826232910156,400.0
2026-04-22T13:47:33.185013,100.0,53.8072395324707,400.0
2026-04-22T13:47:35.389027,100.0,53.70606994628906,400.0
2026-04-22T13:47:37.592572,100.0,53.8072395324707,400.0
2026-04-22T13:47:39.796613,100.0,53.857826232910156,400.0
2026-04-22T13:47:41.998706,100.0,53.90841293334961,400.0
2026-04-22T13:47:44.201384,100.0,53.65548324584961,400.0
2026-04-22T13:47:46.403499,100.0,53.65548324584961,400.0
2026-04-22T13:47:48.606577,100.0,53.8072395324707,400.0
2026-04-22T13:47:50.808127,100.0,53.604896545410156,400.0
2026-04-22T13:47:53.010553,100.0,53.604896545410156,400.0
2026-04-22T13:47:55.213818,100.0,53.604896545410156,400.0
2026-04-22T13:47:57.417132,100.0,53.50372314453125,400.0
2026-04-22T13:47:59.620293,100.0,53.604896545410156,400.0
2026-04-22T13:48:01.824182,100.0,53.50372314453125,400.0
2026-04-22T13:48:04.026979,100.0,53.65548324584961,400.0
2026-04-22T13:48:06.229719,100.0,53.5543098449707,400.0
2026-04-22T13:48:08.431661,100.0,53.604896545410156,400.0
2026-04-22T13:48:10.634821,100.0,53.604896545410156,400.0
2026-04-22T13:48:12.837008,100.0,53.756656646728516,400.0
2026-04-22T13:48:15.038980,100.0,53.8072395324707,400.0
2026-04-22T13:48:17.241962,100.0,53.8072395324707,400.0
2026-04-22T13:48:19.444962,100.0,53.8072395324707,400.0
2026-04-22T13:48:21.649051,100.0,53.8072395324707,400.0
2026-04-22T13:48:23.852646,100.0,53.756656646728516,400.0
2026-04-22T13:48:26.055081,100.0,53.70606994628906,400.0
2026-04-22T13:48:28.257538,100.0,53.756656646728516,400.0
2026-04-22T13:48:30.460630,100.0,53.8072395324707,400.0
2026-04-22T13:48:32.663688,100.0,53.90841293334961,400.0
2026-04-22T13:48:34.865800,100.0,53.857826232910156,400.0
2026-04-22T13:48:37.068370,100.0,53.756656646728516,400.0
2026-04-22T13:48:39.271691,100.0,53.756656646728516,400.0
2026-04-22T13:48:41.474869,100.0,53.857826232910156,400.0
2026-04-22T13:48:43.677240,100.0,53.70606994628906,400.0
2026-04-22T13:48:45.880691,100.0,53.8072395324707,400.0
2026-04-22T13:48:48.091692,100.0,53.8072395324707,400.0
2026-04-22T13:48:50.296624,100.0,53.756656646728516,400.0
2026-04-22T13:48:52.500557,100.0,53.857826232910156,400.0
2026-04-22T13:48:54.704535,100.0,53.756656646728516,400.0
2026-04-22T13:48:56.906364,100.0,53.90841293334961,400.0
2026-04-22T13:48:59.110308,100.0,53.90841293334961,400.0
2026-04-22T13:49:01.313369,100.0,53.90841293334961,400.0
2026-04-22T13:49:03.520846,100.0,53.756656646728516,400.0
2026-04-22T13:49:05.722964,100.0,53.756656646728516,400.0
2026-04-22T13:49:07.925265,100.0,53.756656646728516,400.0
2026-04-22T13:49:10.129573,100.0,53.70606994628906,400.0
2026-04-22T13:49:12.331294,100.0,53.756656646728516,400.0
2026-04-22T13:49:14.534589,100.0,53.756656646728516,400.0
2026-04-22T13:49:16.736231,100.0,53.8072395324707,400.0
2026-04-22T13:49:18.947518,100.0,53.8072395324707,400.0
2026-04-22T13:49:21.151372,100.0,53.756656646728516,400.0
2026-04-22T13:49:23.354763,100.0,53.604896545410156,400.0
2026-04-22T13:49:25.558956,100.0,53.70606994628906,400.0
2026-04-22T13:49:27.762912,100.0,53.604896545410156,400.0
2026-04-22T13:49:29.966088,100.0,53.70606994628906,400.0
2026-04-22T13:49:32.175406,100.0,53.604896545410156,400.0
2026-04-22T13:49:34.378062,100.0,53.65548324584961,400.0
2026-04-22T13:49:36.581391,100.0,53.604896545410156,400.0
2026-04-22T13:49:38.783564,100.0,53.604896545410156,400.0
2026-04-22T13:49:40.985881,100.0,53.604896545410156,400.0
2026-04-22T13:49:43.187493,100.0,53.5543098449707,400.0
2026-04-22T13:49:45.391137,100.0,53.4531364440918,400.0
2026-04-22T13:49:47.592975,100.0,53.40255355834961,400.0
2026-04-22T13:49:49.795643,100.0,53.4531364440918,400.0
2026-04-22T13:49:51.998713,100.0,53.40255355834961,400.0
2026-04-22T13:49:54.203612,100.0,53.3013801574707,400.0
2026-04-22T13:49:56.406200,100.0,53.40255355834961,400.0
2026-04-22T13:49:58.609046,100.0,53.351966857910156,400.0
2026-04-22T13:50:00.811688,100.0,53.50372314453125,400.0
2026-04-22T13:50:03.013572,100.0,53.40255355834961,400.0
2026-04-22T13:50:05.218145,100.0,53.351966857910156,400.0
2026-04-22T13:50:07.421436,100.0,53.3013801574707,400.0
2026-04-22T13:50:09.625646,100.0,53.351966857910156,400.0
2026-04-22T13:50:11.827672,100.0,53.351966857910156,400.0
2026-04-22T13:50:14.029851,100.0,53.3013801574707,400.0
2026-04-22T13:50:16.233958,100.0,53.3013801574707,400.0
2026-04-22T13:50:18.435680,100.0,53.3013801574707,400.0
2026-04-22T13:50:20.642653,100.0,53.351966857910156,400.0
2026-04-22T13:50:22.844280,100.0,53.351966857910156,400.0
2026-04-22T13:50:25.048224,100.0,53.351966857910156,400.0
2026-04-22T13:50:27.251681,100.0,53.25079345703125,400.0
2026-04-22T13:50:29.457049,100.0,53.149620056152344,400.0
2026-04-22T13:50:31.659034,100.0,53.149620056152344,400.0
2026-04-22T13:50:33.861697,100.0,53.149620056152344,400.0
2026-04-22T13:50:36.063346,100.0,53.2002067565918,400.0
2026-04-22T13:50:38.266622,100.0,53.2002067565918,400.0
2026-04-22T13:50:40.470986,100.0,53.09903335571289,400.0
2026-04-22T13:50:42.672885,100.0,53.09903335571289,400.0
2026-04-22T13:50:44.876079,100.0,53.149620056152344,400.0
2026-04-22T13:50:47.079813,100.0,53.149620056152344,400.0
2026-04-22T13:50:49.282819,100.0,53.2002067565918,400.0
2026-04-22T13:50:51.484859,100.0,53.2002067565918,400.0
2026-04-22T13:50:53.688328,100.0,53.149620056152344,400.0
2026-04-22T13:50:55.892391,100.0,53.04844665527344,400.0
2026-04-22T13:50:58.095481,100.0,53.149620056152344,400.0
2026-04-22T13:51:00.299528,100.0,53.09903335571289,400.0
2026-04-22T13:51:02.502696,100.0,53.149620056152344,400.0
2026-04-22T13:51:04.704334,100.0,53.149620056152344,400.0
2026-04-22T13:51:06.906413,100.0,53.04844665527344,400.0
2026-04-22T13:51:09.108939,100.0,53.09903335571289,400.0
2026-04-22T13:51:11.312478,100.0,53.04844665527344,400.0
2026-04-22T13:51:13.517119,100.0,53.149620056152344,400.0
2026-04-22T13:51:15.719988,100.0,53.04844665527344,400.0
2026-04-22T13:51:17.922933,100.0,53.09903335571289,400.0
2026-04-22T13:51:20.124616,100.0,52.99786376953125,400.0
2026-04-22T13:51:22.328330,100.0,53.04844665527344,400.0
2026-04-22T13:51:24.532324,100.0,53.04844665527344,400.0
2026-04-22T13:51:26.741531,100.0,53.04844665527344,400.0
2026-04-22T13:51:28.944873,100.0,52.99786376953125,400.0
2026-04-22T13:51:31.147873,100.0,52.99786376953125,400.0
2026-04-22T13:51:33.349823,100.0,53.149620056152344,400.0
2026-04-22T13:51:35.553337,100.0,53.149620056152344,400.0
2026-04-22T13:51:37.755083,100.0,53.09903335571289,400.0
2026-04-22T13:51:39.956785,100.0,53.149620056152344,400.0
2026-04-22T13:51:42.161870,100.0,53.2002067565918,400.0
2026-04-22T13:51:44.363623,100.0,53.25079345703125,400.0
2026-04-22T13:51:46.566884,100.0,53.3013801574707,400.0
2026-04-22T13:51:48.768562,100.0,53.4531364440918,400.0
2026-04-22T13:51:50.971963,100.0,53.40255355834961,400.0
2026-04-22T13:51:53.174019,100.0,53.351966857910156,400.0
2026-04-22T13:51:55.376909,100.0,53.3013801574707,400.0
2026-04-22T13:51:57.579803,100.0,53.3013801574707,400.0
2026-04-22T13:51:59.782950,100.0,53.3013801574707,400.0
2026-04-22T13:52:01.990109,100.0,53.3013801574707,400.0
2026-04-22T13:52:04.192253,100.0,53.351966857910156,400.0
2026-04-22T13:52:06.395079,100.0,53.40255355834961,400.0
2026-04-22T13:52:08.598076,100.0,53.40255355834961,400.0
2026-04-22T13:52:10.801642,100.0,53.351966857910156,400.0
2026-04-22T13:52:13.003326,100.0,53.3013801574707,400.0
2026-04-22T13:52:15.206613,100.0,53.40255355834961,400.0
2026-04-22T13:52:17.409520,100.0,53.3013801574707,400.0
2026-04-22T13:52:19.612355,100.0,53.351966857910156,400.0
2026-04-22T13:52:21.818220,100.0,53.3013801574707,400.0
2026-04-22T13:52:24.021747,100.0,53.3013801574707,400.0
2026-04-22T13:52:26.224927,100.0,53.25079345703125,400.0
2026-04-22T13:52:28.427041,100.0,53.2002067565918,400.0
2026-04-22T13:52:30.630556,100.0,53.3013801574707,400.0
2026-04-22T13:52:32.833490,100.0,53.25079345703125,400.0
2026-04-22T13:52:35.036633,100.0,53.40255355834961,400.0
2026-04-22T13:52:37.239356,100.0,53.25079345703125,400.0
2026-04-22T13:52:39.446069,100.0,53.351966857910156,400.0
2026-04-22T13:52:41.648414,100.0,53.40255355834961,400.0
2026-04-22T13:52:43.864464,100.0,53.351966857910156,400.0
2026-04-22T13:52:46.067221,100.0,53.351966857910156,400.0
2026-04-22T13:52:48.270381,100.0,53.351966857910156,400.0
2026-04-22T13:52:50.473712,100.0,53.40255355834961,400.0
2026-04-22T13:52:52.676939,100.0,53.351966857910156,400.0
2026-04-22T13:52:54.879804,100.0,53.351966857910156,400.0
2026-04-22T13:52:57.083616,100.0,53.351966857910156,400.0
2026-04-22T13:52:59.285567,100.0,53.40255355834961,400.0
2026-04-22T13:53:01.487319,100.0,53.351966857910156,400.0
2026-04-22T13:53:03.690016,100.0,53.351966857910156,400.0
2026-04-22T13:53:05.892777,100.0,53.50372314453125,400.0
2026-04-22T13:53:08.100237,100.0,53.5543098449707,400.0
2026-04-22T13:53:10.302501,100.0,53.40255355834961,400.0
2026-04-22T13:53:12.506046,100.0,53.50372314453125,400.0
2026-04-22T13:53:14.709489,100.0,53.4531364440918,400.0
2026-04-22T13:53:16.911420,100.0,53.5543098449707,400.0
2026-04-22T13:53:19.116418,100.0,53.40255355834961,400.0
2026-04-22T13:53:21.319860,100.0,53.4531364440918,400.0
2026-04-22T13:53:23.523614,100.0,53.50372314453125,400.0
2026-04-22T13:53:25.725293,100.0,53.50372314453125,400.0
2026-04-22T13:53:27.928996,100.0,53.4531364440918,400.0
2026-04-22T13:53:30.132169,100.0,53.40255355834961,400.0
2026-04-22T13:53:32.333922,100.0,53.351966857910156,400.0
2026-04-22T13:53:34.565952,100.0,53.4531364440918,400.0
2026-04-22T13:53:36.767983,100.0,53.351966857910156,400.0
2026-04-22T13:53:38.971404,100.0,53.50372314453125,400.0
2026-04-22T13:53:41.173254,100.0,53.5543098449707,400.0
2026-04-22T13:53:43.375410,100.0,53.50372314453125,400.0
2026-04-22T13:53:45.578630,100.0,53.50372314453125,400.0
2026-04-22T13:53:47.787821,100.0,53.40255355834961,400.0
2026-04-22T13:53:49.990026,100.0,53.50372314453125,400.0
2026-04-22T13:53:52.191946,100.0,53.40255355834961,400.0
2026-04-22T13:53:54.393662,100.0,53.40255355834961,400.0
2026-04-22T13:53:56.595945,100.0,53.4531364440918,400.0
2026-04-22T13:53:58.799271,100.0,53.40255355834961,400.0
2026-04-22T13:54:01.001412,100.0,53.4531364440918,400.0
2026-04-22T13:54:03.204464,100.0,53.50372314453125,400.0
2026-04-22T13:54:05.417908,100.0,53.40255355834961,400.0
2026-04-22T13:54:07.619954,100.0,53.351966857910156,400.0
2026-04-22T13:54:09.822614,100.0,53.4531364440918,400.0
2026-04-22T13:54:12.025728,100.0,53.40255355834961,400.0
2026-04-22T13:54:14.229386,100.0,53.3013801574707,400.0
2026-04-22T13:54:16.432153,100.0,53.4531364440918,400.0
2026-04-22T13:54:18.634756,100.0,53.351966857910156,400.0
2026-04-22T13:54:20.839876,100.0,53.351966857910156,400.0
2026-04-22T13:54:23.043434,100.0,53.40255355834961,400.0
2026-04-22T13:54:25.245910,100.0,53.40255355834961,400.0
2026-04-22T13:54:27.449886,100.0,53.351966857910156,400.0
2026-04-22T13:54:29.655380,100.0,53.351966857910156,400.0
2026-04-22T13:54:31.857683,100.0,53.3013801574707,400.0
2026-04-22T13:54:34.059798,100.0,53.351966857910156,400.0
2026-04-22T13:54:36.263954,100.0,53.3013801574707,400.0
2026-04-22T13:54:38.467101,100.0,53.3013801574707,400.0
2026-04-22T13:54:40.670440,100.0,53.3013801574707,400.0
2026-04-22T13:54:42.873313,100.0,53.25079345703125,400.0
2026-04-22T13:54:45.075308,100.0,53.25079345703125,400.0
2026-04-22T13:54:47.278217,100.0,53.25079345703125,400.0
2026-04-22T13:54:49.480327,100.0,53.351966857910156,400.0
2026-04-22T13:54:51.684133,100.0,53.351966857910156,400.0
2026-04-22T13:54:53.886961,100.0,53.351966857910156,400.0
2026-04-22T13:54:56.090681,100.0,53.3013801574707,400.0
2026-04-22T13:54:58.292772,100.0,53.3013801574707,400.0
2026-04-22T13:55:00.497056,100.0,53.351966857910156,400.0
2026-04-22T13:55:02.700128,100.0,53.351966857910156,400.0
2026-04-22T13:55:04.902051,100.0,53.3013801574707,400.0
2026-04-22T13:55:07.106254,100.0,53.351966857910156,400.0
2026-04-22T13:55:09.308445,100.0,53.3013801574707,400.0
2026-04-22T13:55:11.510500,100.0,53.4531364440918,400.0
2026-04-22T13:55:13.713493,100.0,53.3013801574707,400.0
2026-04-22T13:55:15.917405,100.0,53.4531364440918,400.0
2026-04-22T13:55:18.120859,100.0,53.40255355834961,400.0
2026-04-22T13:55:20.324826,100.0,53.25079345703125,400.0
2026-04-22T13:55:22.528576,100.0,53.3013801574707,400.0
2026-04-22T13:55:24.732488,100.0,53.25079345703125,400.0
2026-04-22T13:55:26.935706,100.0,53.351966857910156,400.0
2026-04-22T13:55:29.142517,100.0,53.3013801574707,400.0
2026-04-22T13:55:31.344426,100.0,53.351966857910156,400.0
2026-04-22T13:55:33.547357,100.0,53.4531364440918,400.0
2026-04-22T13:55:35.750542,100.0,53.351966857910156,400.0
2026-04-22T13:55:37.953403,100.0,53.351966857910156,400.0
2026-04-22T13:55:40.155210,100.0,53.351966857910156,400.0
2026-04-22T13:55:42.358676,100.0,53.3013801574707,400.0
2026-04-22T13:55:44.562915,100.0,53.25079345703125,400.0
2026-04-22T13:55:46.766358,100.0,53.3013801574707,400.0
2026-04-22T13:55:48.971162,100.0,53.351966857910156,400.0
2026-04-22T13:55:51.174468,100.0,53.3013801574707,400.0
2026-04-22T13:55:53.379089,100.0,53.3013801574707,400.0
2026-04-22T13:55:55.583205,100.0,53.351966857910156,400.0
2026-04-22T13:55:57.785756,100.0,53.351966857910156,400.0
2026-04-22T13:55:59.987966,100.0,53.40255355834961,400.0
2026-04-22T13:56:02.190726,100.0,53.351966857910156,400.0
2026-04-22T13:56:04.392716,100.0,53.3013801574707,400.0
2026-04-22T13:56:06.596343,100.0,53.3013801574707,400.0
2026-04-22T13:56:08.798121,100.0,53.25079345703125,400.0
2026-04-22T13:56:11.001137,100.0,53.3013801574707,400.0
2026-04-22T13:56:13.204428,100.0,53.25079345703125,400.0
2026-04-22T13:56:15.407546,100.0,53.3013801574707,400.0
2026-04-22T13:56:17.611948,100.0,53.40255355834961,400.0
2026-04-22T13:56:19.819402,100.0,53.40255355834961,400.0
2026-04-22T13:56:22.022533,100.0,53.40255355834961,400.0
2026-04-22T13:56:24.228009,100.0,53.40255355834961,400.0
2026-04-22T13:56:26.429811,100.0,53.3013801574707,400.0
2026-04-22T13:56:28.637925,100.0,53.3013801574707,400.0
2026-04-22T13:56:30.840235,100.0,53.3013801574707,400.0
2026-04-22T13:56:33.043284,100.0,53.351966857910156,400.0
2026-04-22T13:56:35.247856,100.0,53.40255355834961,400.0
2026-04-22T13:56:37.449798,100.0,53.40255355834961,400.0
2026-04-22T13:56:39.651453,100.0,53.4531364440918,400.0
2026-04-22T13:56:41.853273,100.0,53.50372314453125,400.0
2026-04-22T13:56:44.055587,100.0,53.50372314453125,400.0
2026-04-22T13:56:46.257470,100.0,53.50372314453125,400.0
2026-04-22T13:56:48.461936,100.0,53.4531364440918,400.0
2026-04-22T13:56:50.666888,100.0,53.40255355834961,400.0
2026-04-22T13:56:52.868494,100.0,53.40255355834961,400.0
2026-04-22T13:56:55.070058,100.0,53.351966857910156,400.0
2026-04-22T13:56:57.271849,100.0,53.351966857910156,400.0
2026-04-22T13:56:59.474617,100.0,53.25079345703125,400.0
2026-04-22T13:57:01.677236,100.0,53.3013801574707,400.0
2026-04-22T13:57:03.879228,100.0,53.40255355834961,400.0
2026-04-22T13:57:06.080883,100.0,53.40255355834961,400.0
2026-04-22T13:57:08.282812,100.0,53.50372314453125,400.0
2026-04-22T13:57:10.484783,100.0,53.40255355834961,400.0
2026-04-22T13:57:12.688008,100.0,53.40255355834961,400.0
2026-04-22T13:57:14.893823,100.0,53.40255355834961,400.0
2026-04-22T13:57:17.095643,100.0,53.4531364440918,400.0
2026-04-22T13:57:19.297847,100.0,53.351966857910156,400.0
2026-04-22T13:57:21.501101,100.0,53.351966857910156,400.0
2026-04-22T13:57:23.703119,100.0,53.4531364440918,400.0
2026-04-22T13:57:25.906599,100.0,53.40255355834961,400.0
2026-04-22T13:57:28.108285,100.0,53.351966857910156,400.0
2026-04-22T13:57:30.311349,100.0,53.40255355834961,400.0
2026-04-22T13:57:32.512995,100.0,53.351966857910156,400.0
2026-04-22T13:57:34.716495,100.0,53.3013801574707,400.0
2026-04-22T13:57:36.921056,100.0,53.25079345703125,400.0
2026-04-22T13:57:39.125407,100.0,53.351966857910156,400.0
2026-04-22T13:57:41.327106,100.0,53.351966857910156,400.0
2026-04-22T13:57:43.531057,100.0,53.25079345703125,400.0
2026-04-22T13:57:45.738132,100.0,53.25079345703125,400.0
2026-04-22T13:57:47.940457,100.0,53.149620056152344,400.0
2026-04-22T13:57:50.150152,100.0,53.149620056152344,400.0
2026-04-22T13:57:52.353207,100.0,53.149620056152344,400.0
2026-04-22T13:57:54.555731,100.0,53.3013801574707,400.0
2026-04-22T13:57:56.757608,100.0,53.25079345703125,400.0
2026-04-22T13:57:58.960837,100.0,53.25079345703125,400.0
2026-04-22T13:58:01.164056,100.0,53.25079345703125,400.0
2026-04-22T13:58:03.366174,100.0,53.3013801574707,400.0
2026-04-22T13:58:05.568169,100.0,53.3013801574707,400.0
2026-04-22T13:58:07.771657,100.0,53.351966857910156,400.0
2026-04-22T13:58:09.976349,100.0,53.351966857910156,400.0
2026-04-22T13:58:12.180220,100.0,53.351966857910156,400.0
2026-04-22T13:58:14.383749,100.0,53.351966857910156,400.0
2026-04-22T13:58:16.585438,100.0,53.351966857910156,400.0
2026-04-22T13:58:18.787825,100.0,53.4531364440918,400.0
2026-04-22T13:58:20.996584,100.0,53.40255355834961,400.0
2026-04-22T13:58:23.200562,100.0,53.50372314453125,400.0
2026-04-22T13:58:25.405020,100.0,53.4531364440918,400.0
2026-04-22T13:58:27.607373,100.0,53.4531364440918,400.0
2026-04-22T13:58:29.811012,100.0,53.4531364440918,400.0
2026-04-22T13:58:32.014185,100.0,53.4531364440918,400.0
2026-04-22T13:58:34.217851,100.0,53.4531364440918,400.0
2026-04-22T13:58:36.421024,100.0,53.40255355834961,400.0
2026-04-22T13:58:38.624201,100.0,53.40255355834961,400.0
2026-04-22T13:58:40.826207,100.0,53.25079345703125,400.0
2026-04-22T13:58:43.028131,100.0,53.25079345703125,400.0
2026-04-22T13:58:45.231288,100.0,53.3013801574707,400.0
2026-04-22T13:58:47.442388,100.0,53.25079345703125,400.0
2026-04-22T13:58:49.645984,100.0,53.351966857910156,400.0
2026-04-22T13:58:51.849231,100.0,53.40255355834961,400.0
2026-04-22T13:58:54.050981,100.0,53.40255355834961,400.0
2026-04-22T13:58:56.253349,100.0,53.351966857910156,400.0
2026-04-22T13:58:58.456989,100.0,53.40255355834961,400.0
2026-04-22T13:59:00.660728,100.0,53.3013801574707,400.0
2026-04-22T13:59:02.862746,100.0,53.3013801574707,400.0
2026-04-22T13:59:05.066797,100.0,53.25079345703125,400.0
2026-04-22T13:59:07.269693,100.0,53.25079345703125,400.0
2026-04-22T13:59:09.471651,100.0,53.351966857910156,400.0
2026-04-22T13:59:11.675249,100.0,53.40255355834961,400.0
2026-04-22T13:59:13.879651,100.0,53.3013801574707,400.0
2026-04-22T13:59:16.083298,100.0,53.351966857910156,400.0
2026-04-22T13:59:18.286880,100.0,53.351966857910156,400.0
2026-04-22T13:59:20.488618,100.0,53.351966857910156,400.0
2026-04-22T13:59:22.695432,100.0,53.3013801574707,400.0
2026-04-22T13:59:24.897345,100.0,53.351966857910156,400.0
2026-04-22T13:59:27.100546,100.0,53.351966857910156,400.0
2026-04-22T13:59:29.306722,100.0,53.3013801574707,400.0
2026-04-22T13:59:31.509599,100.0,53.351966857910156,400.0
2026-04-22T13:59:33.711358,100.0,53.351966857910156,400.0
2026-04-22T13:59:35.913843,100.0,53.3013801574707,400.0
2026-04-22T13:59:38.116231,100.0,53.25079345703125,400.0
2026-04-22T13:59:40.327669,100.0,53.3013801574707,400.0
2026-04-22T13:59:42.530657,100.0,53.3013801574707,400.0
2026-04-22T13:59:44.734476,100.0,53.25079345703125,400.0
2026-04-22T13:59:46.937411,100.0,53.25079345703125,400.0
2026-04-22T13:59:49.140108,100.0,53.2002067565918,400.0
2026-04-22T13:59:51.344370,100.0,53.2002067565918,400.0
2026-04-22T13:59:53.551508,100.0,53.25079345703125,400.0
2026-04-22T13:59:55.754168,100.0,53.25079345703125,400.0
2026-04-22T13:59:57.956650,100.0,53.149620056152344,400.0
2026-04-22T14:00:00.159445,100.0,53.2002067565918,400.0
2026-04-22T14:00:02.361641,100.0,53.25079345703125,400.0
2026-04-22T14:00:04.564432,100.0,53.2002067565918,400.0
2026-04-22T14:00:06.767455,100.0,53.2002067565918,400.0
2026-04-22T14:00:08.973537,100.0,53.2002067565918,400.0
2026-04-22T14:00:11.176334,100.0,53.3013801574707,400.0
2026-04-22T14:00:13.378250,100.0,53.25079345703125,400.0
2026-04-22T14:00:15.581203,100.0,53.3013801574707,400.0
2026-04-22T14:00:17.784734,100.0,53.25079345703125,400.0
2026-04-22T14:00:19.987776,100.0,53.25079345703125,400.0
2026-04-22T14:00:22.190623,100.0,53.351966857910156,400.0
2026-04-22T14:00:24.392457,100.0,53.3013801574707,400.0
2026-04-22T14:00:26.594521,100.0,53.4531364440918,400.0
2026-04-22T14:00:28.798713,100.0,53.351966857910156,400.0
2026-04-22T14:00:31.000599,100.0,53.40255355834961,400.0
2026-04-22T14:00:33.202575,100.0,53.351966857910156,400.0
2026-04-22T14:00:35.406109,100.0,53.25079345703125,400.0
2026-04-22T14:00:37.607762,100.0,53.2002067565918,400.0
2026-04-22T14:00:39.809523,100.0,53.2002067565918,400.0
2026-04-22T14:00:42.011633,100.0,53.2002067565918,400.0
2026-04-22T14:00:44.214430,100.0,53.2002067565918,400.0
2026-04-22T14:00:46.417772,100.0,53.2002067565918,400.0
2026-04-22T14:00:48.620840,100.0,53.149620056152344,400.0
2026-04-22T14:00:50.823016,100.0,53.2002067565918,400.0
2026-04-22T14:00:53.024923,100.0,53.149620056152344,400.0
2026-04-22T14:00:55.228002,100.0,53.25079345703125,400.0
2026-04-22T14:00:57.436499,100.0,53.2002067565918,400.0
2026-04-22T14:00:59.640154,100.0,53.09903335571289,400.0
2026-04-22T14:01:01.842867,100.0,53.149620056152344,400.0
2026-04-22T14:01:04.044844,100.0,53.25079345703125,400.0
2026-04-22T14:01:06.250719,100.0,53.2002067565918,400.0
2026-04-22T14:01:08.452570,100.0,53.2002067565918,400.0
2026-04-22T14:01:10.655312,100.0,53.09903335571289,400.0
2026-04-22T14:01:12.857323,100.0,53.09903335571289,400.0
2026-04-22T14:01:15.060540,100.0,53.2002067565918,400.0
2026-04-22T14:01:17.263891,100.0,53.149620056152344,400.0
2026-04-22T14:01:19.465762,100.0,53.149620056152344,400.0
2026-04-22T14:01:21.669129,100.0,53.09903335571289,400.0
2026-04-22T14:01:23.871104,100.0,53.04844665527344,400.0
2026-04-22T14:01:26.074241,100.0,53.04844665527344,400.0
2026-04-22T14:01:28.275935,100.0,53.04844665527344,400.0
2026-04-22T14:01:30.478744,100.0,53.09903335571289,400.0
2026-04-22T14:01:32.680718,100.0,53.149620056152344,400.0
2026-04-22T14:01:34.883908,100.0,53.09903335571289,400.0
2026-04-22T14:01:37.087754,100.0,53.2002067565918,400.0
2026-04-22T14:01:39.290569,100.0,53.149620056152344,400.0
2026-04-22T14:01:41.492250,100.0,53.2002067565918,400.0
2026-04-22T14:01:43.695245,100.0,53.149620056152344,400.0
2026-04-22T14:01:45.898967,100.0,53.09903335571289,400.0
2026-04-22T14:01:48.106285,100.0,53.2002067565918,400.0
2026-04-22T14:01:50.307872,100.0,53.09903335571289,400.0
2026-04-22T14:01:52.510388,100.0,53.09903335571289,400.0
2026-04-22T14:01:54.713285,100.0,53.149620056152344,400.0
2026-04-22T14:01:56.914948,100.0,53.149620056152344,400.0
2026-04-22T14:01:59.119643,100.0,53.2002067565918,400.0
2026-04-22T14:02:01.323872,100.0,53.149620056152344,400.0
2026-04-22T14:02:03.526837,100.0,53.2002067565918,400.0
2026-04-22T14:02:05.728717,100.0,53.25079345703125,400.0
2026-04-22T14:02:07.932221,100.0,53.25079345703125,400.0
2026-04-22T14:02:10.135962,100.0,53.3013801574707,400.0
2026-04-22T14:02:12.338887,100.0,53.25079345703125,400.0
2026-04-22T14:02:14.540596,100.0,53.25079345703125,400.0
2026-04-22T14:02:16.746736,100.0,53.2002067565918,400.0
2026-04-22T14:02:18.949138,100.0,53.2002067565918,400.0
2026-04-22T14:02:21.150975,100.0,53.25079345703125,400.0
2026-04-22T14:02:23.352531,100.0,53.149620056152344,400.0
2026-04-22T14:02:25.555402,100.0,53.2002067565918,400.0
2026-04-22T14:02:27.758221,100.0,53.149620056152344,400.0
2026-04-22T14:02:29.961502,100.0,53.149620056152344,400.0
2026-04-22T14:02:32.163879,100.0,53.149620056152344,400.0
2026-04-22T14:02:34.367289,100.0,53.2002067565918,400.0
2026-04-22T14:02:36.570868,100.0,53.04844665527344,400.0
2026-04-22T14:02:38.774926,100.0,53.149620056152344,400.0
2026-04-22T14:02:40.978408,100.0,53.04844665527344,400.0
2026-04-22T14:02:43.180587,100.0,52.99786376953125,400.0
2026-04-22T14:02:45.382846,100.0,52.99786376953125,400.0
2026-04-22T14:02:47.587435,100.0,52.99786376953125,400.0
2026-04-22T14:02:49.789000,100.0,52.9472770690918,400.0
2026-04-22T14:02:51.990964,100.0,53.09903335571289,400.0
2026-04-22T14:02:54.194401,100.0,53.04844665527344,400.0
2026-04-22T14:02:56.397761,100.0,53.09903335571289,400.0
2026-04-22T14:02:58.600993,100.0,53.09903335571289,400.0
2026-04-22T14:03:00.803033,100.0,53.149620056152344,400.0
2026-04-22T14:03:03.005956,100.0,53.149620056152344,400.0
2026-04-22T14:03:05.209684,100.0,53.04844665527344,400.0
2026-04-22T14:03:07.412230,100.0,53.149620056152344,400.0
2026-04-22T14:03:09.614856,100.0,53.149620056152344,400.0
2026-04-22T14:03:11.818345,100.0,53.2002067565918,400.0
2026-04-22T14:03:14.020219,100.0,53.2002067565918,400.0
2026-04-22T14:03:16.222463,100.0,53.149620056152344,400.0
2026-04-22T14:03:18.424422,100.0,53.3013801574707,400.0
2026-04-22T14:03:20.626097,100.0,53.2002067565918,400.0
2026-04-22T14:03:22.828909,100.0,53.25079345703125,400.0
2026-04-22T14:03:25.031642,100.0,53.2002067565918,400.0
2026-04-22T14:03:27.234455,100.0,53.25079345703125,400.0
2026-04-22T14:03:29.436235,100.0,53.2002067565918,400.0
2026-04-22T14:03:31.638986,100.0,53.149620056152344,400.0
2026-04-22T14:03:33.840893,100.0,53.149620056152344,400.0
2026-04-22T14:03:36.044662,100.0,53.2002067565918,400.0
2026-04-22T14:03:38.246438,100.0,53.149620056152344,400.0
2026-04-22T14:03:40.449774,100.0,53.2002067565918,400.0
2026-04-22T14:03:42.652253,100.0,53.09903335571289,400.0
2026-04-22T14:03:44.857502,100.0,52.99786376953125,400.0
2026-04-22T14:03:47.060616,100.0,52.99786376953125,400.0
2026-04-22T14:03:49.269975,100.0,52.9472770690918,400.0
2026-04-22T14:03:51.473078,100.0,52.9472770690918,400.0
2026-04-22T14:03:53.682631,100.0,53.149620056152344,400.0
2026-04-22T14:03:55.884502,100.0,52.99786376953125,400.0
2026-04-22T14:03:58.088254,100.0,53.149620056152344,400.0
2026-04-22T14:04:00.292708,100.0,53.04844665527344,400.0
2026-04-22T14:04:02.496465,100.0,53.2002067565918,400.0
2026-04-22T14:04:04.700062,100.0,53.2002067565918,400.0
2026-04-22T14:04:06.902033,100.0,53.04844665527344,400.0
2026-04-22T14:04:09.117039,100.0,53.149620056152344,400.0
2026-04-22T14:04:11.320321,100.0,53.04844665527344,400.0
2026-04-22T14:04:13.522418,100.0,53.04844665527344,400.0
2026-04-22T14:04:15.724420,100.0,53.04844665527344,400.0
2026-04-22T14:04:17.927583,100.0,53.09903335571289,400.0
2026-04-22T14:04:20.132122,100.0,53.09903335571289,400.0
2026-04-22T14:04:22.335925,100.0,52.99786376953125,400.0
2026-04-22T14:04:24.542473,100.0,53.09903335571289,400.0
2026-04-22T14:04:26.744541,100.0,53.04844665527344,400.0
2026-04-22T14:04:28.947479,100.0,53.149620056152344,400.0
2026-04-22T14:04:31.151424,100.0,53.25079345703125,400.0
2026-04-22T14:04:33.356772,100.0,53.149620056152344,400.0
2026-04-22T14:04:35.560192,100.0,53.04844665527344,400.0
2026-04-22T14:04:37.763688,100.0,52.99786376953125,400.0
2026-04-22T14:04:39.969686,100.0,52.9472770690918,400.0
2026-04-22T14:04:42.172961,100.0,52.99786376953125,400.0
2026-04-22T14:04:44.375319,100.0,52.99786376953125,400.0
2026-04-22T14:04:46.577832,100.0,53.09903335571289,400.0
2026-04-22T14:04:48.780567,100.0,52.99786376953125,400.0
2026-04-22T14:04:50.983999,100.0,52.9472770690918,400.0
2026-04-22T14:04:53.186998,100.0,52.9472770690918,400.0
2026-04-22T14:04:55.390534,100.0,52.99786376953125,400.0
2026-04-22T14:04:57.592652,100.0,52.99786376953125,400.0
2026-04-22T14:04:59.794996,100.0,52.99786376953125,400.0
2026-04-22T14:05:01.997728,100.0,53.04844665527344,400.0
2026-04-22T14:05:04.201370,100.0,52.99786376953125,400.0
2026-04-22T14:05:06.404778,100.0,52.9472770690918,400.0
2026-04-22T14:05:08.607970,100.0,52.9472770690918,400.0
2026-04-22T14:05:10.814349,100.0,53.04844665527344,400.0
2026-04-22T14:05:13.016575,100.0,52.99786376953125,400.0
2026-04-22T14:05:15.220351,100.0,52.9472770690918,400.0
2026-04-22T14:05:17.424555,100.0,52.896690368652344,400.0
2026-04-22T14:05:19.631369,100.0,52.84610366821289,400.0
2026-04-22T14:05:21.833007,100.0,52.896690368652344,400.0
2026-04-22T14:05:24.035532,100.0,52.79551696777344,400.0
2026-04-22T14:05:26.239543,100.0,52.79551696777344,400.0
2026-04-22T14:05:28.442831,100.0,52.84610366821289,400.0
2026-04-22T14:05:30.646689,100.0,52.84610366821289,400.0
2026-04-22T14:05:32.849737,100.0,52.79551696777344,400.0
2026-04-22T14:05:35.057014,100.0,52.79551696777344,400.0
2026-04-22T14:05:37.261594,100.0,52.84610366821289,400.0
2026-04-22T14:05:39.463307,100.0,52.84610366821289,400.0
2026-04-22T14:05:41.666355,100.0,52.84610366821289,400.0
2026-04-22T14:05:43.868373,100.0,52.9472770690918,400.0
2026-04-22T14:05:46.072230,100.0,52.9472770690918,400.0
2026-04-22T14:05:48.275172,100.0,52.99786376953125,400.0
2026-04-22T14:05:50.478216,100.0,52.9472770690918,400.0
2026-04-22T14:05:52.680293,100.0,52.9472770690918,400.0
2026-04-22T14:05:54.883620,100.0,52.99786376953125,400.0
2026-04-22T14:05:57.090728,100.0,52.99786376953125,400.0
2026-04-22T14:05:59.293039,100.0,52.9472770690918,400.0
2026-04-22T14:06:01.498868,100.0,52.896690368652344,400.0
2026-04-22T14:06:03.701082,100.0,52.9472770690918,400.0
2026-04-22T14:06:05.904320,100.0,52.99786376953125,400.0
2026-04-22T14:06:08.111223,100.0,52.99786376953125,400.0
2026-04-22T14:06:10.313368,100.0,53.04844665527344,400.0
2026-04-22T14:06:12.516778,100.0,52.99786376953125,400.0
2026-04-22T14:06:14.719558,100.0,52.99786376953125,400.0
2026-04-22T14:06:16.924541,100.0,52.9472770690918,400.0
2026-04-22T14:06:19.129795,100.0,52.9472770690918,400.0
2026-04-22T14:06:21.332235,100.0,52.9472770690918,400.0
2026-04-22T14:06:23.535031,100.0,52.896690368652344,400.0
2026-04-22T14:06:25.740651,100.0,52.99786376953125,400.0
2026-04-22T14:06:27.945253,100.0,53.04844665527344,400.0
2026-04-22T14:06:30.147310,100.0,53.09903335571289,400.0
2026-04-22T14:06:32.350676,100.0,53.149620056152344,400.0
2026-04-22T14:06:34.552660,100.0,53.09903335571289,400.0
2026-04-22T14:06:36.757453,100.0,52.99786376953125,400.0
2026-04-22T14:06:38.959191,100.0,53.04844665527344,400.0
2026-04-22T14:06:41.161970,100.0,53.04844665527344,400.0
2026-04-22T14:06:43.364818,100.0,53.09903335571289,400.0
2026-04-22T14:06:45.566909,100.0,53.04844665527344,400.0
2026-04-22T14:06:47.775925,100.0,52.99786376953125,400.0
2026-04-22T14:06:49.978082,100.0,52.896690368652344,400.0
2026-04-22T14:06:52.180220,100.0,52.9472770690918,400.0
2026-04-22T14:06:54.384235,100.0,52.99786376953125,400.0
2026-04-22T14:06:56.587029,100.0,52.9472770690918,400.0
2026-04-22T14:06:58.788735,100.0,52.896690368652344,400.0
2026-04-22T14:07:00.991506,100.0,52.896690368652344,400.0
2026-04-22T14:07:03.193560,100.0,52.896690368652344,400.0
2026-04-22T14:07:05.396651,100.0,52.896690368652344,400.0
2026-04-22T14:07:07.600008,100.0,52.9472770690918,400.0
2026-04-22T14:07:09.802435,100.0,52.9472770690918,400.0
2026-04-22T14:07:12.005527,100.0,52.896690368652344,400.0
2026-04-22T14:07:14.213710,100.0,52.79551696777344,400.0
2026-04-22T14:07:16.416038,100.0,52.744930267333984,400.0
2026-04-22T14:07:18.619952,100.0,52.79551696777344,400.0
2026-04-22T14:07:20.822698,100.0,52.84610366821289,400.0
2026-04-22T14:07:23.025543,100.0,52.69434356689453,400.0
2026-04-22T14:07:25.228866,100.0,52.744930267333984,400.0
2026-04-22T14:07:27.432141,100.0,52.896690368652344,400.0
2026-04-22T14:07:29.636393,100.0,52.84610366821289,400.0
2026-04-22T14:07:31.839332,100.0,52.79551696777344,400.0
2026-04-22T14:07:34.046236,100.0,52.744930267333984,400.0
2026-04-22T14:07:36.248046,100.0,52.79551696777344,400.0
2026-04-22T14:07:38.451188,100.0,52.79551696777344,400.0
2026-04-22T14:07:40.654894,100.0,52.84610366821289,400.0
2026-04-22T14:07:42.858408,100.0,52.84610366821289,400.0
2026-04-22T14:07:45.061177,100.0,52.896690368652344,400.0
2026-04-22T14:07:47.263412,100.0,52.79551696777344,400.0
2026-04-22T14:07:49.466378,100.0,52.84610366821289,400.0
2026-04-22T14:07:51.667995,100.0,52.84610366821289,400.0
2026-04-22T14:07:53.869714,100.0,52.84610366821289,400.0
2026-04-22T14:07:56.071319,100.0,52.79551696777344,400.0
2026-04-22T14:07:58.274097,100.0,52.896690368652344,400.0
2026-04-22T14:08:00.476129,100.0,52.79551696777344,400.0
2026-04-22T14:08:02.679516,100.0,52.79551696777344,400.0
2026-04-22T14:08:04.882582,100.0,52.84610366821289,400.0
2026-04-22T14:08:07.084182,100.0,52.84610366821289,400.0
2026-04-22T14:08:09.287229,100.0,52.84610366821289,400.0
2026-04-22T14:08:11.488796,100.0,52.84610366821289,400.0
2026-04-22T14:08:13.692191,100.0,52.896690368652344,400.0
2026-04-22T14:08:15.894697,100.0,52.84610366821289,400.0
2026-04-22T14:08:18.096311,100.0,52.79551696777344,400.0
2026-04-22T14:08:20.299414,100.0,52.744930267333984,400.0
2026-04-22T14:08:22.501397,100.0,52.79551696777344,400.0
2026-04-22T14:08:24.703290,100.0,52.79551696777344,400.0
2026-04-22T14:08:26.906134,100.0,52.84610366821289,400.0
2026-04-22T14:08:29.108235,100.0,52.79551696777344,400.0
2026-04-22T14:08:31.310704,100.0,52.896690368652344,400.0
2026-04-22T14:08:33.513723,100.0,52.9472770690918,400.0
2026-04-22T14:08:35.716999,100.0,52.84610366821289,400.0
2026-04-22T14:08:37.920362,100.0,52.896690368652344,400.0
2026-04-22T14:08:40.125959,100.0,52.896690368652344,400.0
2026-04-22T14:08:42.328163,100.0,52.84610366821289,400.0
2026-04-22T14:08:44.530537,100.0,52.896690368652344,400.0
2026-04-22T14:08:46.732743,100.0,52.896690368652344,400.0
2026-04-22T14:08:48.935697,100.0,52.9472770690918,400.0
2026-04-22T14:08:51.137851,100.0,52.84610366821289,400.0
2026-04-22T14:08:53.341464,100.0,52.896690368652344,400.0
2026-04-22T14:08:55.547223,100.0,52.84610366821289,400.0
2026-04-22T14:08:57.748959,100.0,52.84610366821289,400.0
2026-04-22T14:08:59.951967,100.0,52.84610366821289,400.0
2026-04-22T14:09:02.156281,100.0,52.79551696777344,400.0
2026-04-22T14:09:04.358475,100.0,52.84610366821289,400.0
2026-04-22T14:09:06.560206,100.0,52.744930267333984,400.0
2026-04-22T14:09:08.763553,100.0,52.744930267333984,400.0
2026-04-22T14:09:10.967292,100.0,52.84610366821289,400.0
2026-04-22T14:09:13.170083,100.0,52.79551696777344,400.0
2026-04-22T14:09:15.374115,100.0,52.79551696777344,400.0
2026-04-22T14:09:17.575697,100.0,52.744930267333984,400.0
2026-04-22T14:09:19.778929,100.0,52.64375686645508,400.0
2026-04-22T14:09:21.980877,100.0,52.744930267333984,400.0
2026-04-22T14:09:24.190240,100.0,52.69434356689453,400.0
2026-04-22T14:09:26.396500,100.0,52.69434356689453,400.0
2026-04-22T14:09:28.600485,100.0,52.69434356689453,400.0
2026-04-22T14:09:30.803635,100.0,52.64375686645508,400.0
2026-04-22T14:09:33.005169,100.0,52.59317398071289,400.0
2026-04-22T14:09:35.207576,100.0,52.59317398071289,400.0
2026-04-22T14:09:37.410104,100.0,52.64375686645508,400.0
2026-04-22T14:09:39.612780,100.0,52.64375686645508,400.0
2026-04-22T14:09:41.816088,100.0,52.59317398071289,400.0
2026-04-22T14:09:44.018019,100.0,52.492000579833984,400.0
2026-04-22T14:09:46.219755,100.0,52.54258728027344,400.0
2026-04-22T14:09:48.422663,100.0,52.54258728027344,400.0
2026-04-22T14:09:50.625581,100.0,52.492000579833984,400.0
2026-04-22T14:09:52.827647,100.0,52.59317398071289,400.0
2026-04-22T14:09:55.029680,100.0,52.59317398071289,400.0
2026-04-22T14:09:57.233078,100.0,52.59317398071289,400.0
2026-04-22T14:09:59.435367,100.0,52.54258728027344,400.0
2026-04-22T14:10:01.637717,100.0,52.59317398071289,400.0
2026-04-22T14:10:03.840830,100.0,52.54258728027344,400.0
2026-04-22T14:10:06.044403,100.0,52.59317398071289,400.0
2026-04-22T14:10:08.247281,100.0,52.59317398071289,400.0
2026-04-22T14:10:10.451161,100.0,52.54258728027344,400.0
2026-04-22T14:10:12.653339,100.0,52.54258728027344,400.0
2026-04-22T14:10:14.856958,100.0,52.54258728027344,400.0
2026-04-22T14:10:17.058527,100.0,52.54258728027344,400.0
2026-04-22T14:10:19.260167,100.0,52.59317398071289,400.0
2026-04-22T14:10:21.463463,100.0,52.54258728027344,400.0
2026-04-22T14:10:23.666838,100.0,52.64375686645508,400.0
2026-04-22T14:10:25.868991,100.0,52.59317398071289,400.0
2026-04-22T14:10:28.072547,100.0,52.59317398071289,400.0
2026-04-22T14:10:30.277129,100.0,52.64375686645508,400.0
2026-04-22T14:10:32.484893,100.0,52.64375686645508,400.0
2026-04-22T14:10:34.689836,100.0,52.69434356689453,400.0
2026-04-22T14:10:36.891631,100.0,52.59317398071289,400.0
2026-04-22T14:10:39.094438,100.0,52.59317398071289,400.0
2026-04-22T14:10:41.297788,100.0,52.69434356689453,400.0
2026-04-22T14:10:43.500918,100.0,52.79551696777344,400.0
2026-04-22T14:10:45.703350,100.0,52.84610366821289,400.0
2026-04-22T14:10:47.908188,100.0,52.79551696777344,400.0
2026-04-22T14:10:50.110073,100.0,52.84610366821289,400.0
2026-04-22T14:10:52.312917,100.0,52.84610366821289,400.0
2026-04-22T14:10:54.515110,100.0,52.84610366821289,400.0
2026-04-22T14:10:56.717230,100.0,52.79551696777344,400.0
2026-04-22T14:10:58.921221,100.0,52.84610366821289,400.0
2026-04-22T14:11:01.125310,100.0,52.84610366821289,400.0
2026-04-22T14:11:03.334436,100.0,52.84610366821289,400.0
2026-04-22T14:11:05.538309,100.0,52.79551696777344,400.0
2026-04-22T14:11:07.739979,100.0,52.79551696777344,400.0
2026-04-22T14:11:09.945436,100.0,52.84610366821289,400.0
2026-04-22T14:11:12.149123,100.0,52.744930267333984,400.0
2026-04-22T14:11:14.351129,100.0,52.744930267333984,400.0
2026-04-22T14:11:16.553203,100.0,52.69434356689453,400.0
2026-04-22T14:11:18.758570,100.0,52.744930267333984,400.0
2026-04-22T14:11:20.962049,100.0,52.64375686645508,400.0
2026-04-22T14:11:23.163900,100.0,52.64375686645508,400.0
2026-04-22T14:11:25.366979,100.0,52.69434356689453,400.0
2026-04-22T14:11:27.569419,100.0,52.59317398071289,400.0
2026-04-22T14:11:29.774416,100.0,52.59317398071289,400.0
2026-04-22T14:11:31.976006,100.0,52.54258728027344,400.0
2026-04-22T14:11:34.182503,100.0,52.492000579833984,400.0
2026-04-22T14:11:36.384446,100.0,52.54258728027344,400.0
2026-04-22T14:11:38.587631,100.0,52.492000579833984,400.0
2026-04-22T14:11:40.790657,100.0,52.492000579833984,400.0
2026-04-22T14:11:42.994314,100.0,52.44141387939453,400.0
2026-04-22T14:11:45.200174,100.0,52.340240478515625,400.0
2026-04-22T14:11:47.402946,100.0,52.39082717895508,400.0
2026-04-22T14:11:49.605603,100.0,52.340240478515625,400.0
2026-04-22T14:11:51.807261,100.0,52.44141387939453,400.0
2026-04-22T14:11:54.010521,100.0,52.340240478515625,400.0
2026-04-22T14:11:56.212946,100.0,52.39082717895508,400.0
2026-04-22T14:11:58.416547,100.0,52.23906707763672,400.0
2026-04-22T14:12:00.619301,100.0,52.23906707763672,400.0
2026-04-22T14:12:02.821211,100.0,52.23906707763672,400.0
2026-04-22T14:12:05.024278,100.0,52.23906707763672,400.0
2026-04-22T14:12:07.226032,100.0,52.18848419189453,400.0
2026-04-22T14:12:09.428699,100.0,52.28965377807617,400.0
2026-04-22T14:12:11.631815,100.0,52.18848419189453,400.0
2026-04-22T14:12:13.833932,100.0,52.23906707763672,400.0
2026-04-22T14:12:16.036778,100.0,52.23906707763672,400.0
2026-04-22T14:12:18.240592,100.0,52.23906707763672,400.0
2026-04-22T14:12:20.442836,100.0,52.28965377807617,400.0
2026-04-22T14:12:22.644816,100.0,52.23906707763672,400.0
2026-04-22T14:12:24.847877,100.0,52.28965377807617,400.0
2026-04-22T14:12:27.050171,100.0,52.28965377807617,400.0
2026-04-22T14:12:29.254748,100.0,52.28965377807617,400.0
2026-04-22T14:12:31.457710,100.0,52.18848419189453,400.0
2026-04-22T14:12:33.660296,100.0,52.087310791015625,400.0
2026-04-22T14:12:35.862036,100.0,52.13789749145508,400.0
2026-04-22T14:12:38.063602,100.0,52.18848419189453,400.0
2026-04-22T14:12:40.266729,100.0,52.18848419189453,400.0
2026-04-22T14:12:42.468500,100.0,52.23906707763672,400.0
2026-04-22T14:12:44.672913,100.0,52.28965377807617,400.0
2026-04-22T14:12:46.876154,100.0,52.18848419189453,400.0
2026-04-22T14:12:49.077903,100.0,52.087310791015625,400.0
2026-04-22T14:12:51.280153,100.0,52.18848419189453,400.0
2026-04-22T14:12:53.481878,100.0,52.23906707763672,400.0
2026-04-22T14:12:55.683839,100.0,52.18848419189453,400.0
2026-04-22T14:12:57.887720,100.0,52.087310791015625,400.0
2026-04-22T14:13:00.090880,100.0,52.18848419189453,400.0
2026-04-22T14:13:02.293523,100.0,52.18848419189453,400.0
2026-04-22T14:13:04.495230,100.0,52.18848419189453,400.0
2026-04-22T14:13:06.696790,100.0,52.18848419189453,400.0
2026-04-22T14:13:08.899925,100.0,52.13789749145508,400.0
2026-04-22T14:13:11.101618,100.0,52.087310791015625,400.0
2026-04-22T14:13:13.303270,100.0,52.13789749145508,400.0
2026-04-22T14:13:15.506214,100.0,52.13789749145508,400.0
2026-04-22T14:13:17.709406,100.0,52.18848419189453,400.0
2026-04-22T14:13:19.912916,100.0,52.18848419189453,400.0
2026-04-22T14:13:22.114744,100.0,52.18848419189453,400.0
2026-04-22T14:13:24.322313,100.0,52.13789749145508,400.0
2026-04-22T14:13:26.525256,100.0,52.13789749145508,400.0
2026-04-22T14:13:28.727410,100.0,52.23906707763672,400.0
2026-04-22T14:13:30.929387,100.0,52.18848419189453,400.0
2026-04-22T14:13:33.132548,100.0,52.13789749145508,400.0
2026-04-22T14:13:35.335121,100.0,52.18848419189453,400.0
2026-04-22T14:13:37.539115,100.0,52.13789749145508,400.0
2026-04-22T14:13:39.742633,100.0,52.13789749145508,400.0
2026-04-22T14:13:41.946118,100.0,52.18848419189453,400.0
2026-04-22T14:13:44.149292,100.0,52.087310791015625,400.0
2026-04-22T14:13:46.351859,100.0,52.18848419189453,400.0
2026-04-22T14:13:48.555789,100.0,52.23906707763672,400.0
2026-04-22T14:13:50.758744,100.0,52.18848419189453,400.0
2026-04-22T14:13:52.961991,100.0,52.13789749145508,400.0
2026-04-22T14:13:55.163598,100.0,52.13789749145508,400.0
2026-04-22T14:13:57.366789,100.0,52.087310791015625,400.0
2026-04-22T14:13:59.569817,100.0,52.087310791015625,400.0
2026-04-22T14:14:01.771575,100.0,52.087310791015625,400.0
2026-04-22T14:14:03.974997,100.0,52.087310791015625,400.0
2026-04-22T14:14:06.176546,100.0,52.087310791015625,400.0
2026-04-22T14:14:08.378923,100.0,52.03672409057617,400.0
2026-04-22T14:14:10.580578,100.0,52.03672409057617,400.0
2026-04-22T14:14:12.786098,100.0,52.03672409057617,400.0
2026-04-22T14:14:14.987953,100.0,52.03672409057617,400.0
2026-04-22T14:14:17.190890,100.0,52.03672409057617,400.0
2026-04-22T14:14:19.392861,100.0,52.13789749145508,400.0
2026-04-22T14:14:21.595057,100.0,52.13789749145508,400.0
2026-04-22T14:14:23.798165,100.0,52.087310791015625,400.0
2026-04-22T14:14:25.999750,100.0,52.087310791015625,400.0
2026-04-22T14:14:28.211382,100.0,52.087310791015625,400.0
2026-04-22T14:14:30.413809,100.0,52.03672409057617,400.0
2026-04-22T14:14:32.616632,100.0,51.98613739013672,400.0
2026-04-22T14:14:34.819072,100.0,52.03672409057617,400.0
2026-04-22T14:14:37.022072,100.0,52.03672409057617,400.0
2026-04-22T14:14:39.236557,100.0,52.03672409057617,400.0
2026-04-22T14:14:41.440198,100.0,52.03672409057617,400.0
2026-04-22T14:14:43.650691,100.0,51.98613739013672,400.0
2026-04-22T14:14:45.852605,100.0,51.935550689697266,400.0
2026-04-22T14:14:48.054710,100.0,51.88496398925781,400.0
2026-04-22T14:14:50.256271,100.0,51.88496398925781,400.0
2026-04-22T14:14:52.458259,100.0,51.83437728881836,400.0
2026-04-22T14:14:54.661560,100.0,51.83437728881836,400.0
2026-04-22T14:14:56.866243,100.0,51.83437728881836,400.0
2026-04-22T14:14:59.071362,100.0,51.83437728881836,400.0
2026-04-22T14:15:01.273227,100.0,51.83437728881836,400.0
2026-04-22T14:15:03.474890,100.0,51.73320770263672,400.0
2026-04-22T14:15:05.676709,100.0,51.83437728881836,400.0
2026-04-22T14:15:07.880405,100.0,51.88496398925781,400.0
2026-04-22T14:15:10.084871,100.0,51.83437728881836,400.0
2026-04-22T14:15:12.287464,100.0,51.78379440307617,400.0
2026-04-22T14:15:14.489370,100.0,51.88496398925781,400.0
2026-04-22T14:15:16.691363,100.0,51.88496398925781,400.0
2026-04-22T14:15:18.895044,100.0,51.83437728881836,400.0
2026-04-22T14:15:21.098246,100.0,51.83437728881836,400.0
2026-04-22T14:15:23.300056,100.0,51.935550689697266,400.0
2026-04-22T14:15:25.503974,100.0,51.935550689697266,400.0
2026-04-22T14:15:27.706299,100.0,51.88496398925781,400.0
2026-04-22T14:15:29.908011,100.0,51.83437728881836,400.0
2026-04-22T14:15:32.110680,100.0,51.83437728881836,400.0
2026-04-22T14:15:34.312606,100.0,51.83437728881836,400.0
2026-04-22T14:15:36.515666,100.0,51.935550689697266,400.0
2026-04-22T14:15:38.717894,100.0,51.935550689697266,400.0
2026-04-22T14:15:40.920833,100.0,51.88496398925781,400.0
2026-04-22T14:15:43.123235,100.0,51.88496398925781,400.0
2026-04-22T14:15:45.326297,100.0,51.935550689697266,400.0
2026-04-22T14:15:47.529193,100.0,51.935550689697266,400.0
2026-04-22T14:15:49.731218,100.0,51.935550689697266,400.0
2026-04-22T14:15:51.933570,100.0,51.935550689697266,400.0
2026-04-22T14:15:54.135369,100.0,51.935550689697266,400.0
2026-04-22T14:15:56.338782,100.0,51.88496398925781,400.0
2026-04-22T14:15:58.541405,100.0,51.88496398925781,400.0
2026-04-22T14:16:00.744103,100.0,51.935550689697266,400.0
2026-04-22T14:16:02.946891,100.0,51.88496398925781,400.0
2026-04-22T14:16:05.149854,100.0,51.78379440307617,400.0
2026-04-22T14:16:07.351606,100.0,51.88496398925781,400.0
2026-04-22T14:16:09.553521,100.0,51.83437728881836,400.0
2026-04-22T14:16:11.756193,100.0,51.78379440307617,400.0
2026-04-22T14:16:13.957897,100.0,51.83437728881836,400.0
2026-04-22T14:16:16.164904,100.0,51.83437728881836,400.0
2026-04-22T14:16:18.366981,100.0,51.73320770263672,400.0
2026-04-22T14:16:20.570910,100.0,51.73320770263672,400.0
2026-04-22T14:16:22.774755,100.0,51.73320770263672,400.0
2026-04-22T14:16:24.978157,100.0,51.83437728881836,400.0
2026-04-22T14:16:27.181372,100.0,51.83437728881836,400.0
2026-04-22T14:16:29.384529,100.0,51.78379440307617,400.0
2026-04-22T14:16:31.586475,100.0,51.73320770263672,400.0
2026-04-22T14:16:33.788236,100.0,51.83437728881836,400.0
2026-04-22T14:16:35.992278,100.0,51.88496398925781,400.0
2026-04-22T14:16:38.197418,100.0,51.83437728881836,400.0
2026-04-22T14:16:40.403064,100.0,51.83437728881836,400.0
2026-04-22T14:16:42.607201,100.0,51.935550689697266,400.0
2026-04-22T14:16:44.809702,100.0,51.98613739013672,400.0
2026-04-22T14:16:47.012849,100.0,51.935550689697266,400.0
2026-04-22T14:16:49.214459,100.0,51.935550689697266,400.0
2026-04-22T14:16:51.417573,100.0,51.98613739013672,400.0
2026-04-22T14:16:53.619489,100.0,52.087310791015625,400.0
2026-04-22T14:16:55.821703,100.0,52.087310791015625,400.0
2026-04-22T14:16:58.026087,100.0,52.03672409057617,400.0
2026-04-22T14:17:00.228793,100.0,52.03672409057617,400.0
2026-04-22T14:17:02.432639,100.0,52.13789749145508,400.0
2026-04-22T14:17:04.636007,100.0,52.13789749145508,400.0
2026-04-22T14:17:06.842373,100.0,52.13789749145508,400.0
2026-04-22T14:17:09.047135,100.0,52.13789749145508,400.0
2026-04-22T14:17:11.250679,100.0,52.13789749145508,400.0
2026-04-22T14:17:13.454163,100.0,52.23906707763672,400.0
2026-04-22T14:17:15.656244,100.0,52.18848419189453,400.0
2026-04-22T14:17:17.858446,100.0,52.087310791015625,400.0
2026-04-22T14:17:20.061235,100.0,52.18848419189453,400.0
2026-04-22T14:17:22.269307,100.0,52.18848419189453,400.0
2026-04-22T14:17:24.471127,100.0,52.28965377807617,400.0
2026-04-22T14:17:26.672725,100.0,52.28965377807617,400.0
2026-04-22T14:17:28.875342,100.0,52.340240478515625,400.0
2026-04-22T14:17:31.077688,100.0,52.28965377807617,400.0
2026-04-22T14:17:33.280265,100.0,52.28965377807617,400.0
2026-04-22T14:17:35.482798,100.0,52.39082717895508,400.0
2026-04-22T14:17:37.689561,100.0,52.340240478515625,400.0
2026-04-22T14:17:39.891722,100.0,52.340240478515625,400.0
2026-04-22T14:17:42.096216,100.0,52.340240478515625,400.0
2026-04-22T14:17:44.302380,100.0,52.28965377807617,400.0
2026-04-22T14:17:46.504487,100.0,52.18848419189453,400.0
2026-04-22T14:17:48.707631,100.0,52.23906707763672,400.0
2026-04-22T14:17:50.910185,100.0,52.23906707763672,400.0
2026-04-22T14:17:53.114001,100.0,52.28965377807617,400.0
2026-04-22T14:17:55.315613,100.0,52.28965377807617,400.0
2026-04-22T14:17:57.517367,100.0,52.28965377807617,400.0
2026-04-22T14:17:59.719388,100.0,52.23906707763672,400.0
2026-04-22T14:18:01.922214,100.0,52.23906707763672,400.0
2026-04-22T14:18:04.126071,100.0,52.28965377807617,400.0
2026-04-22T14:18:06.328594,100.0,52.340240478515625,400.0
2026-04-22T14:18:08.532132,100.0,52.340240478515625,400.0
2026-04-22T14:18:10.734230,100.0,52.39082717895508,400.0
2026-04-22T14:18:12.937016,100.0,52.28965377807617,400.0
2026-04-22T14:18:15.140272,100.0,52.39082717895508,400.0
2026-04-22T14:18:17.341878,100.0,52.44141387939453,400.0
2026-04-22T14:18:19.543518,100.0,52.340240478515625,400.0
2026-04-22T14:18:21.746999,100.0,52.340240478515625,400.0
2026-04-22T14:18:23.949432,100.0,52.44141387939453,400.0
2026-04-22T14:18:26.152993,100.0,52.44141387939453,400.0
2026-04-22T14:18:28.358212,100.0,52.44141387939453,400.0
2026-04-22T14:18:30.561555,100.0,52.340240478515625,400.0
2026-04-22T14:18:32.764425,100.0,52.340240478515625,400.0
2026-04-22T14:18:34.969702,100.0,52.340240478515625,400.0
2026-04-22T14:18:37.175152,100.0,52.28965377807617,400.0
2026-04-22T14:18:39.379581,100.0,52.28965377807617,400.0
2026-04-22T14:18:41.582586,100.0,52.28965377807617,400.0
2026-04-22T14:18:43.785568,100.0,52.18848419189453,400.0
2026-04-22T14:18:45.988642,100.0,52.28965377807617,400.0
2026-04-22T14:18:48.191304,100.0,52.340240478515625,400.0
2026-04-22T14:18:50.399033,100.0,52.28965377807617,400.0
2026-04-22T14:18:52.600939,100.0,52.28965377807617,400.0
2026-04-22T14:18:54.804172,100.0,52.23906707763672,400.0
2026-04-22T14:18:57.007420,100.0,52.23906707763672,400.0
2026-04-22T14:18:59.211204,100.0,52.18848419189453,400.0
2026-04-22T14:19:01.414323,100.0,52.18848419189453,400.0
2026-04-22T14:19:03.616633,100.0,52.28965377807617,400.0
2026-04-22T14:19:05.819556,100.0,52.28965377807617,400.0
2026-04-22T14:19:08.022695,100.0,52.28965377807617,400.0
2026-04-22T14:19:10.224381,100.0,52.28965377807617,400.0
2026-04-22T14:19:12.427291,100.0,52.28965377807617,400.0
2026-04-22T14:19:14.631821,100.0,52.340240478515625,400.0
2026-04-22T14:19:16.833933,100.0,52.340240478515625,400.0
2026-04-22T14:19:19.036159,100.0,52.28965377807617,400.0
2026-04-22T14:19:21.239953,100.0,52.28965377807617,400.0
2026-04-22T14:19:23.442313,100.0,52.28965377807617,400.0
2026-04-22T14:19:25.644519,100.0,52.23906707763672,400.0
2026-04-22T14:19:27.846085,100.0,52.39082717895508,400.0
2026-04-22T14:19:30.050732,100.0,52.28965377807617,400.0
2026-04-22T14:19:32.252359,100.0,52.39082717895508,400.0
2026-04-22T14:19:34.453968,100.0,52.340240478515625,400.0
2026-04-22T14:19:36.657701,100.0,52.39082717895508,400.0
2026-04-22T14:19:38.859772,100.0,52.340240478515625,400.0
2026-04-22T14:19:41.061779,100.0,52.340240478515625,400.0
2026-04-22T14:19:43.263661,100.0,52.39082717895508,400.0
2026-04-22T14:19:45.466695,100.0,52.28965377807617,400.0
2026-04-22T14:19:47.668325,100.0,52.39082717895508,400.0
2026-04-22T14:19:49.870858,100.0,52.340240478515625,400.0
2026-04-22T14:19:52.072605,100.0,52.28965377807617,400.0
2026-04-22T14:19:54.276414,100.0,52.340240478515625,400.0
2026-04-22T14:19:56.479229,100.0,52.28965377807617,400.0
2026-04-22T14:19:58.681285,100.0,52.28965377807617,400.0
2026-04-22T14:20:00.883014,100.0,52.23906707763672,400.0
2026-04-22T14:20:03.086111,100.0,52.23906707763672,400.0
2026-04-22T14:20:05.288278,100.0,52.23906707763672,400.0
2026-04-22T14:20:07.490639,100.0,52.28965377807617,400.0
2026-04-22T14:20:09.697022,100.0,52.18848419189453,400.0
2026-04-22T14:20:11.898912,100.0,52.28965377807617,400.0
2026-04-22T14:20:14.101021,100.0,52.18848419189453,400.0
2026-04-22T14:20:16.304392,100.0,52.18848419189453,400.0
2026-04-22T14:20:18.507947,100.0,52.340240478515625,400.0
2026-04-22T14:20:20.709904,100.0,52.28965377807617,400.0
2026-04-22T14:20:22.911747,100.0,52.23906707763672,400.0
2026-04-22T14:20:25.114947,100.0,52.28965377807617,400.0
2026-04-22T14:20:27.318137,100.0,52.28965377807617,400.0
2026-04-22T14:20:29.519967,100.0,52.340240478515625,400.0
2026-04-22T14:20:31.723605,100.0,52.39082717895508,400.0
2026-04-22T14:20:33.925730,100.0,52.340240478515625,400.0
2026-04-22T14:20:36.127769,100.0,52.39082717895508,400.0
2026-04-22T14:20:38.330254,100.0,52.340240478515625,400.0
2026-04-22T14:20:40.532017,100.0,52.44141387939453,400.0
2026-04-22T14:20:42.735295,100.0,52.39082717895508,400.0
2026-04-22T14:20:44.938119,100.0,52.340240478515625,400.0
2026-04-22T14:20:47.139701,100.0,52.39082717895508,400.0
2026-04-22T14:20:49.342880,100.0,52.39082717895508,400.0
2026-04-22T14:20:51.549867,100.0,52.39082717895508,400.0
2026-04-22T14:20:53.751778,100.0,52.492000579833984,400.0
2026-04-22T14:20:55.954364,100.0,52.39082717895508,400.0
2026-04-22T14:20:58.156078,100.0,52.340240478515625,400.0
2026-04-22T14:21:00.357801,100.0,52.39082717895508,400.0
2026-04-22T14:21:02.560646,100.0,52.28965377807617,400.0
2026-04-22T14:21:04.763472,100.0,52.28965377807617,400.0
2026-04-22T14:21:06.969013,100.0,52.340240478515625,400.0
2026-04-22T14:21:09.172194,100.0,52.340240478515625,400.0
2026-04-22T14:21:11.374707,100.0,52.340240478515625,400.0
2026-04-22T14:21:13.577078,100.0,52.340240478515625,400.0
2026-04-22T14:21:15.780492,100.0,52.39082717895508,400.0
2026-04-22T14:21:17.983788,100.0,52.44141387939453,400.0
2026-04-22T14:21:20.185917,100.0,52.492000579833984,400.0
2026-04-22T14:21:22.388028,100.0,52.54258728027344,400.0
2026-04-22T14:21:24.590408,100.0,52.54258728027344,400.0
2026-04-22T14:21:26.793303,100.0,52.44141387939453,400.0
2026-04-22T14:21:28.994981,100.0,52.492000579833984,400.0
2026-04-22T14:21:31.197706,100.0,52.492000579833984,400.0
2026-04-22T14:21:33.401087,100.0,52.44141387939453,400.0
2026-04-22T14:21:35.603114,100.0,52.492000579833984,400.0
2026-04-22T14:21:37.808648,100.0,52.44141387939453,400.0
2026-04-22T14:21:40.011845,100.0,52.340240478515625,400.0
2026-04-22T14:21:42.217179,100.0,52.39082717895508,400.0
2026-04-22T14:21:44.422546,100.0,52.39082717895508,400.0
2026-04-22T14:21:46.625336,100.0,52.44141387939453,400.0
2026-04-22T14:21:48.827761,100.0,52.54258728027344,400.0
2026-04-22T14:21:51.030922,100.0,52.492000579833984,400.0
2026-04-22T14:21:53.235640,100.0,52.492000579833984,400.0
2026-04-22T14:21:55.438956,100.0,52.54258728027344,400.0
2026-04-22T14:21:57.641053,100.0,52.54258728027344,400.0
2026-04-22T14:21:59.845680,100.0,52.492000579833984,400.0
2026-04-22T14:22:02.047706,100.0,52.44141387939453,400.0
2026-04-22T14:22:04.250748,100.0,52.44141387939453,400.0
2026-04-22T14:22:06.453532,100.0,52.44141387939453,400.0
2026-04-22T14:22:08.656634,100.0,52.54258728027344,400.0
2026-04-22T14:22:10.861900,100.0,52.492000579833984,400.0
2026-04-22T14:22:13.063466,100.0,52.54258728027344,400.0
2026-04-22T14:22:15.266770,100.0,52.59317398071289,400.0
2026-04-22T14:22:17.471179,100.0,52.492000579833984,400.0
2026-04-22T14:22:19.673154,100.0,52.54258728027344,400.0
2026-04-22T14:22:21.876026,100.0,52.54258728027344,400.0
2026-04-22T14:22:24.083272,100.0,52.492000579833984,400.0
2026-04-22T14:22:26.285188,100.0,52.59317398071289,400.0
2026-04-22T14:22:28.487248,100.0,52.492000579833984,400.0
2026-04-22T14:22:30.689216,100.0,52.54258728027344,400.0
2026-04-22T14:22:32.892606,100.0,52.44141387939453,400.0
2026-04-22T14:22:35.096004,100.0,52.39082717895508,400.0
2026-04-22T14:22:37.299241,100.0,52.44141387939453,400.0
2026-04-22T14:22:39.502189,100.0,52.492000579833984,400.0
2026-04-22T14:22:41.704194,100.0,52.492000579833984,400.0
2026-04-22T14:22:43.912174,100.0,52.59317398071289,400.0
2026-04-22T14:22:46.115495,100.0,52.59317398071289,400.0
2026-04-22T14:22:48.318910,100.0,52.54258728027344,400.0
2026-04-22T14:22:50.521249,100.0,52.492000579833984,400.0
2026-04-22T14:22:52.724789,100.0,52.492000579833984,400.0
2026-04-22T14:22:54.927780,100.0,52.54258728027344,400.0
2026-04-22T14:22:57.130620,100.0,52.64375686645508,400.0
2026-04-22T14:22:59.334862,100.0,52.492000579833984,400.0
2026-04-22T14:23:01.536558,100.0,52.54258728027344,400.0
2026-04-22T14:23:03.739876,100.0,52.54258728027344,400.0
2026-04-22T14:23:05.943096,100.0,52.59317398071289,400.0
2026-04-22T14:23:08.146792,100.0,52.59317398071289,400.0
2026-04-22T14:23:10.350032,100.0,52.64375686645508,400.0
2026-04-22T14:23:12.551920,100.0,52.59317398071289,400.0
2026-04-22T14:23:14.762063,100.0,52.59317398071289,400.0
2026-04-22T14:23:16.964927,100.0,52.64375686645508,400.0
2026-04-22T14:23:19.168110,100.0,52.69434356689453,400.0
2026-04-22T14:23:21.371342,100.0,52.69434356689453,400.0
2026-04-22T14:23:23.573877,100.0,52.69434356689453,400.0
2026-04-22T14:23:25.776601,100.0,52.69434356689453,400.0
2026-04-22T14:23:27.978562,100.0,52.59317398071289,400.0
2026-04-22T14:23:30.181886,100.0,52.64375686645508,400.0
2026-04-22T14:23:32.384014,100.0,52.69434356689453,400.0
2026-04-22T14:23:34.586098,100.0,52.69434356689453,400.0
2026-04-22T14:23:36.787799,100.0,52.59317398071289,400.0
2026-04-22T14:23:38.991161,100.0,52.64375686645508,400.0
2026-04-22T14:23:41.193275,100.0,52.64375686645508,400.0
2026-04-22T14:23:43.395550,100.0,52.59317398071289,400.0
2026-04-22T14:23:45.600919,100.0,52.59317398071289,400.0
2026-04-22T14:23:47.803565,100.0,52.54258728027344,400.0
2026-04-22T14:23:50.005535,100.0,52.54258728027344,400.0
2026-04-22T14:23:52.209928,100.0,52.54258728027344,400.0
2026-04-22T14:23:54.412041,100.0,52.54258728027344,400.0
2026-04-22T14:23:56.615200,100.0,52.54258728027344,400.0
2026-04-22T14:23:58.817004,100.0,52.492000579833984,400.0
2026-04-22T14:24:01.018905,100.0,52.492000579833984,400.0
2026-04-22T14:24:03.220684,100.0,52.54258728027344,400.0
2026-04-22T14:24:05.432299,100.0,52.44141387939453,400.0
2026-04-22T14:24:07.635514,100.0,52.44141387939453,400.0
2026-04-22T14:24:09.841020,100.0,52.492000579833984,400.0
2026-04-22T14:24:12.043342,100.0,52.492000579833984,400.0
2026-04-22T14:24:14.245863,100.0,52.54258728027344,400.0
2026-04-22T14:24:16.448456,100.0,52.59317398071289,400.0
2026-04-22T14:24:18.650995,100.0,52.492000579833984,400.0
2026-04-22T14:24:20.855003,100.0,52.492000579833984,400.0
2026-04-22T14:24:23.057941,100.0,52.54258728027344,400.0
2026-04-22T14:24:25.259519,100.0,52.54258728027344,400.0
2026-04-22T14:24:27.461891,100.0,52.492000579833984,400.0
2026-04-22T14:24:29.663607,100.0,52.54258728027344,400.0
2026-04-22T14:24:31.866345,100.0,52.64375686645508,400.0
2026-04-22T14:24:34.068579,100.0,52.59317398071289,400.0
2026-04-22T14:24:36.271363,100.0,52.59317398071289,400.0
2026-04-22T14:24:38.475045,100.0,52.54258728027344,400.0
2026-04-22T14:24:40.678063,100.0,52.54258728027344,400.0
2026-04-22T14:24:42.879743,100.0,52.54258728027344,400.0
2026-04-22T14:24:45.082016,100.0,52.59317398071289,400.0
2026-04-22T14:24:47.284825,100.0,52.54258728027344,400.0
2026-04-22T14:24:49.488382,100.0,52.59317398071289,400.0
2026-04-22T14:24:51.692881,100.0,52.64375686645508,400.0
2026-04-22T14:24:53.895717,100.0,52.69434356689453,400.0
2026-04-22T14:24:56.097899,100.0,52.64375686645508,400.0
2026-04-22T14:24:58.299892,100.0,52.64375686645508,400.0
2026-04-22T14:25:00.504087,100.0,52.64375686645508,400.0
2026-04-22T14:25:02.706134,100.0,52.69434356689453,400.0
2026-04-22T14:25:04.907770,100.0,52.69434356689453,400.0
2026-04-22T14:25:07.111176,100.0,52.64375686645508,400.0
2026-04-22T14:25:09.315631,100.0,52.64375686645508,400.0
2026-04-22T14:25:11.517473,100.0,52.69434356689453,400.0
2026-04-22T14:25:13.720378,100.0,52.69434356689453,400.0
2026-04-22T14:25:15.924045,100.0,52.69434356689453,400.0
2026-04-22T14:25:18.127292,100.0,52.84610366821289,400.0
2026-04-22T14:25:20.329064,100.0,52.744930267333984,400.0
2026-04-22T14:25:22.535410,100.0,52.79551696777344,400.0
2026-04-22T14:25:24.738144,100.0,52.744930267333984,400.0
2026-04-22T14:25:26.941669,100.0,52.69434356689453,400.0
2026-04-22T14:25:29.145267,100.0,52.79551696777344,400.0
2026-04-22T14:25:31.347363,100.0,52.744930267333984,400.0
2026-04-22T14:25:33.550006,100.0,52.69434356689453,400.0
2026-04-22T14:25:35.753973,100.0,52.744930267333984,400.0
2026-04-22T14:25:37.960762,100.0,52.64375686645508,400.0
2026-04-22T14:25:40.163438,100.0,52.59317398071289,400.0
2026-04-22T14:25:42.366350,100.0,52.59317398071289,400.0
2026-04-22T14:25:44.570323,100.0,52.59317398071289,400.0
2026-04-22T14:25:46.773096,100.0,52.69434356689453,400.0
2026-04-22T14:25:48.976402,100.0,52.64375686645508,400.0
2026-04-22T14:25:51.178459,100.0,52.64375686645508,400.0
2026-04-22T14:25:53.380540,100.0,52.69434356689453,400.0
2026-04-22T14:25:55.582644,100.0,52.69434356689453,400.0
2026-04-22T14:25:57.784397,100.0,52.64375686645508,400.0
2026-04-22T14:25:59.987514,100.0,52.69434356689453,400.0
2026-04-22T14:26:02.191951,100.0,52.69434356689453,400.0
2026-04-22T14:26:04.399888,100.0,52.69434356689453,400.0
2026-04-22T14:26:06.601895,100.0,52.79551696777344,400.0
2026-04-22T14:26:08.804641,100.0,52.744930267333984,400.0
2026-04-22T14:26:11.007535,100.0,52.744930267333984,400.0
2026-04-22T14:26:13.209719,100.0,52.69434356689453,400.0
2026-04-22T14:26:15.411388,100.0,52.84610366821289,400.0
2026-04-22T14:26:17.613484,100.0,52.79551696777344,400.0
2026-04-22T14:26:19.816469,100.0,52.84610366821289,400.0
2026-04-22T14:26:22.019814,100.0,52.744930267333984,400.0
2026-04-22T14:26:24.222988,100.0,52.79551696777344,400.0
2026-04-22T14:26:26.426633,100.0,52.896690368652344,400.0
2026-04-22T14:26:28.629883,100.0,52.79551696777344,400.0
2026-04-22T14:26:30.832232,100.0,52.84610366821289,400.0
2026-04-22T14:26:33.036320,100.0,52.79551696777344,400.0
2026-04-22T14:26:35.238539,100.0,52.896690368652344,400.0
2026-04-22T14:26:37.442767,100.0,52.896690368652344,400.0
2026-04-22T14:26:39.645961,100.0,52.79551696777344,400.0
2026-04-22T14:26:41.849320,100.0,52.84610366821289,400.0
2026-04-22T14:26:44.051196,100.0,52.79551696777344,400.0
2026-04-22T14:26:46.254017,100.0,52.84610366821289,400.0
2026-04-22T14:26:48.456270,100.0,52.84610366821289,400.0
2026-04-22T14:26:50.659441,100.0,52.79551696777344,400.0
2026-04-22T14:26:52.862743,100.0,52.79551696777344,400.0
2026-04-22T14:26:55.065645,100.0,52.744930267333984,400.0
2026-04-22T14:26:57.268475,100.0,52.744930267333984,400.0
2026-04-22T14:26:59.470811,100.0,52.744930267333984,400.0
2026-04-22T14:27:01.673114,100.0,52.744930267333984,400.0
2026-04-22T14:27:03.875308,100.0,52.79551696777344,400.0
2026-04-22T14:27:06.078195,100.0,52.744930267333984,400.0
2026-04-22T14:27:08.280143,100.0,52.69434356689453,400.0
2026-04-22T14:27:10.483507,100.0,52.744930267333984,400.0
2026-04-22T14:27:12.685461,100.0,52.69434356689453,400.0
2026-04-22T14:27:14.891840,100.0,52.69434356689453,400.0
2026-04-22T14:27:17.094886,100.0,52.69434356689453,400.0
2026-04-22T14:27:19.298913,100.0,52.744930267333984,400.0
2026-04-22T14:27:21.501166,100.0,52.744930267333984,400.0
2026-04-22T14:27:23.704000,100.0,52.744930267333984,400.0
2026-04-22T14:27:25.920940,100.0,52.64375686645508,400.0
2026-04-22T14:27:28.123244,100.0,52.59317398071289,400.0
2026-04-22T14:27:30.324942,100.0,52.64375686645508,400.0
2026-04-22T14:27:32.528948,100.0,52.59317398071289,400.0
2026-04-22T14:27:34.731918,100.0,52.64375686645508,400.0
2026-04-22T14:27:36.934899,100.0,52.69434356689453,400.0
2026-04-22T14:27:39.136781,100.0,52.59317398071289,400.0
2026-04-22T14:27:41.339404,100.0,52.59317398071289,400.0
2026-04-22T14:27:43.541612,100.0,52.59317398071289,400.0
2026-04-22T14:27:45.745523,100.0,52.64375686645508,400.0
2026-04-22T14:27:47.948579,100.0,52.54258728027344,400.0
2026-04-22T14:27:50.150422,100.0,52.64375686645508,400.0
2026-04-22T14:27:52.353955,100.0,52.59317398071289,400.0
2026-04-22T14:27:54.555925,100.0,52.59317398071289,400.0
2026-04-22T14:27:56.758545,100.0,52.64375686645508,400.0
2026-04-22T14:27:58.961700,100.0,52.69434356689453,400.0
2026-04-22T14:28:01.166848,100.0,52.69434356689453,400.0
2026-04-22T14:28:03.370238,100.0,52.64375686645508,400.0
2026-04-22T14:28:05.576182,100.0,52.744930267333984,400.0
2026-04-22T14:28:07.778970,100.0,52.744930267333984,400.0
2026-04-22T14:28:09.983414,100.0,52.64375686645508,400.0
2026-04-22T14:28:12.186578,100.0,52.64375686645508,400.0
2026-04-22T14:28:14.388581,100.0,52.64375686645508,400.0
2026-04-22T14:28:16.592324,100.0,52.64375686645508,400.0
2026-04-22T14:28:18.795407,100.0,52.59317398071289,400.0
2026-04-22T14:28:21.005047,100.0,52.59317398071289,400.0
2026-04-22T14:28:23.207507,100.0,52.64375686645508,400.0
2026-04-22T14:28:25.411074,100.0,52.64375686645508,400.0
2026-04-22T14:28:27.613045,100.0,52.59317398071289,400.0
2026-04-22T14:28:29.816482,100.0,52.69434356689453,400.0
2026-04-22T14:28:32.019865,100.0,52.69434356689453,400.0
2026-04-22T14:28:34.222232,100.0,52.69434356689453,400.0
2026-04-22T14:28:36.425632,100.0,52.69434356689453,400.0
2026-04-22T14:28:38.631476,100.0,52.744930267333984,400.0
2026-04-22T14:28:40.835531,100.0,52.69434356689453,400.0
2026-04-22T14:28:43.041995,100.0,52.69434356689453,400.0
2026-04-22T14:28:45.244374,100.0,52.64375686645508,400.0
2026-04-22T14:28:47.448634,100.0,52.64375686645508,400.0
2026-04-22T14:28:49.651609,100.0,52.79551696777344,400.0
2026-04-22T14:28:51.855827,100.0,52.744930267333984,400.0
2026-04-22T14:28:54.059196,100.0,52.69434356689453,400.0
2026-04-22T14:28:56.263198,100.0,52.69434356689453,400.0
2026-04-22T14:28:58.465388,100.0,52.744930267333984,400.0
2026-04-22T14:29:00.667400,100.0,52.744930267333984,400.0
2026-04-22T14:29:02.869140,100.0,52.69434356689453,400.0
2026-04-22T14:29:05.071933,100.0,52.744930267333984,400.0
2026-04-22T14:29:07.275004,100.0,52.69434356689453,400.0
2026-04-22T14:29:09.476932,100.0,52.59317398071289,400.0
2026-04-22T14:29:11.678503,100.0,52.59317398071289,400.0
2026-04-22T14:29:13.881530,100.0,52.64375686645508,400.0
2026-04-22T14:29:16.083265,100.0,52.64375686645508,400.0
2026-04-22T14:29:18.286103,100.0,52.59317398071289,400.0
2026-04-22T14:29:20.487724,100.0,52.54258728027344,400.0
2026-04-22T14:29:22.691327,100.0,52.59317398071289,400.0
2026-04-22T14:29:24.893556,100.0,52.54258728027344,400.0
2026-04-22T14:29:27.095524,100.0,52.492000579833984,400.0
2026-04-22T14:29:29.299603,100.0,52.54258728027344,400.0
2026-04-22T14:29:31.501706,100.0,52.59317398071289,400.0
2026-04-22T14:29:33.704851,100.0,52.54258728027344,400.0
2026-04-22T14:29:35.909314,100.0,52.54258728027344,400.0
2026-04-22T14:29:38.111016,100.0,52.59317398071289,400.0
2026-04-22T14:29:40.312923,100.0,52.64375686645508,400.0
2026-04-22T14:29:42.516184,100.0,52.64375686645508,400.0
2026-04-22T14:29:44.718858,100.0,52.64375686645508,400.0
2026-04-22T14:29:46.921893,100.0,52.69434356689453,400.0
2026-04-22T14:29:49.123985,100.0,52.69434356689453,400.0
2026-04-22T14:29:51.325732,100.0,52.69434356689453,400.0
2026-04-22T14:29:53.532996,100.0,52.69434356689453,400.0
2026-04-22T14:29:55.735937,100.0,52.69434356689453,400.0
2026-04-22T14:29:57.938988,100.0,52.69434356689453,400.0
2026-04-22T14:30:00.142622,100.0,52.79551696777344,400.0
2026-04-22T14:30:02.345710,100.0,52.64375686645508,400.0
2026-04-22T14:30:04.547414,100.0,52.744930267333984,400.0
2026-04-22T14:30:06.751247,100.0,52.69434356689453,400.0
2026-04-22T14:30:08.955586,100.0,52.69434356689453,400.0
2026-04-22T14:30:11.158759,100.0,52.744930267333984,400.0
2026-04-22T14:30:13.360869,100.0,52.744930267333984,400.0
2026-04-22T14:30:15.562686,100.0,52.79551696777344,400.0
2026-04-22T14:30:17.764871,100.0,52.744930267333984,400.0
2026-04-22T14:30:19.968121,100.0,52.79551696777344,400.0
2026-04-22T14:30:22.171140,100.0,52.84610366821289,400.0
2026-04-22T14:30:24.376157,100.0,52.79551696777344,400.0
2026-04-22T14:30:26.577994,100.0,52.84610366821289,400.0
2026-04-22T14:30:28.780896,100.0,52.84610366821289,400.0
2026-04-22T14:30:30.984370,100.0,52.896690368652344,400.0
2026-04-22T14:30:33.186288,100.0,52.84610366821289,400.0
2026-04-22T14:30:35.387961,100.0,52.744930267333984,400.0
2026-04-22T14:30:37.590719,100.0,52.79551696777344,400.0
2026-04-22T14:30:39.795933,100.0,52.79551696777344,400.0
2026-04-22T14:30:42.001438,100.0,52.84610366821289,400.0
2026-04-22T14:30:44.204545,100.0,52.744930267333984,400.0
2026-04-22T14:30:46.406799,100.0,52.744930267333984,400.0
2026-04-22T14:30:48.609632,100.0,52.79551696777344,400.0
2026-04-22T14:30:50.812135,100.0,52.79551696777344,400.0
2026-04-22T14:30:53.014954,100.0,52.896690368652344,400.0
2026-04-22T14:30:55.226644,100.0,52.744930267333984,400.0
2026-04-22T14:30:57.429415,100.0,52.64375686645508,400.0
2026-04-22T14:30:59.631051,100.0,52.64375686645508,400.0
2026-04-22T14:31:01.833144,100.0,52.79551696777344,400.0
2026-04-22T14:31:04.036297,100.0,52.69434356689453,400.0
2026-04-22T14:31:06.239987,100.0,52.744930267333984,400.0
2026-04-22T14:31:08.441998,100.0,52.69434356689453,400.0
2026-04-22T14:31:10.646271,100.0,52.59317398071289,400.0
2026-04-22T14:31:12.849769,100.0,52.54258728027344,400.0
2026-04-22T14:31:15.051768,100.0,52.54258728027344,400.0
2026-04-22T14:31:17.254059,100.0,52.492000579833984,400.0
2026-04-22T14:31:19.456845,100.0,52.492000579833984,400.0
2026-04-22T14:31:21.660687,100.0,52.492000579833984,400.0
2026-04-22T14:31:23.863141,100.0,52.44141387939453,400.0
2026-04-22T14:31:26.065197,100.0,52.44141387939453,400.0
2026-04-22T14:31:28.267099,100.0,52.340240478515625,400.0
2026-04-22T14:31:30.468774,100.0,52.39082717895508,400.0
2026-04-22T14:31:32.675930,100.0,52.44141387939453,400.0
2026-04-22T14:31:34.879814,100.0,52.39082717895508,400.0
2026-04-22T14:31:37.082692,100.0,52.39082717895508,400.0
2026-04-22T14:31:39.284748,100.0,52.340240478515625,400.0
2026-04-22T14:31:41.488552,100.0,52.340240478515625,400.0
2026-04-22T14:31:43.691699,100.0,52.44141387939453,400.0
2026-04-22T14:31:45.893928,100.0,52.492000579833984,400.0
2026-04-22T14:31:48.095999,100.0,52.54258728027344,400.0
2026-04-22T14:31:50.299040,100.0,52.59317398071289,400.0
2026-04-22T14:31:52.501623,100.0,52.492000579833984,400.0
2026-04-22T14:31:54.703174,100.0,52.492000579833984,400.0
2026-04-22T14:31:56.910159,100.0,52.44141387939453,400.0
2026-04-22T14:31:59.112867,100.0,52.59317398071289,400.0
2026-04-22T14:32:01.315602,100.0,52.54258728027344,400.0
2026-04-22T14:32:03.517474,100.0,52.54258728027344,400.0
2026-04-22T14:32:05.719376,100.0,52.54258728027344,400.0
2026-04-22T14:32:07.921850,100.0,52.59317398071289,400.0
2026-04-22T14:32:10.123667,100.0,52.492000579833984,400.0
2026-04-22T14:32:12.330557,100.0,52.54258728027344,400.0
2026-04-22T14:32:14.534068,100.0,52.54258728027344,400.0
2026-04-22T14:32:16.738607,100.0,52.59317398071289,400.0
2026-04-22T14:32:18.940803,100.0,52.59317398071289,400.0
2026-04-22T14:32:21.144547,100.0,52.64375686645508,400.0
2026-04-22T14:32:23.346904,100.0,52.54258728027344,400.0
2026-04-22T14:32:25.549241,100.0,52.69434356689453,400.0
2026-04-22T14:32:27.773700,100.0,52.59317398071289,400.0
2026-04-22T14:32:29.975592,100.0,52.744930267333984,400.0
2026-04-22T14:32:32.178418,100.0,52.69434356689453,400.0
2026-04-22T14:32:34.380428,100.0,52.69434356689453,400.0
2026-04-22T14:32:36.583716,100.0,52.744930267333984,400.0
2026-04-22T14:32:38.786600,100.0,52.69434356689453,400.0
2026-04-22T14:32:40.988350,100.0,52.744930267333984,400.0
2026-04-22T14:32:43.192057,100.0,52.744930267333984,400.0
2026-04-22T14:32:45.394948,100.0,52.84610366821289,400.0
2026-04-22T14:32:47.599291,100.0,52.744930267333984,400.0
2026-04-22T14:32:49.802838,100.0,52.69434356689453,400.0
2026-04-22T14:32:52.005262,100.0,52.79551696777344,400.0
2026-04-22T14:32:54.210158,100.0,52.64375686645508,400.0
2026-04-22T14:32:56.413310,100.0,52.59317398071289,400.0
2026-04-22T14:32:58.615560,100.0,52.54258728027344,400.0
2026-04-22T14:33:00.818451,100.0,52.54258728027344,400.0
2026-04-22T14:33:03.020285,100.0,52.64375686645508,400.0
2026-04-22T14:33:05.225502,100.0,52.59317398071289,400.0
2026-04-22T14:33:07.429449,100.0,52.59317398071289,400.0
2026-04-22T14:33:09.639804,100.0,52.59317398071289,400.0
2026-04-22T14:33:11.841584,100.0,52.492000579833984,400.0
2026-04-22T14:33:14.045152,100.0,52.54258728027344,400.0
2026-04-22T14:33:16.246768,100.0,52.59317398071289,400.0
2026-04-22T14:33:18.450377,100.0,52.492000579833984,400.0
2026-04-22T14:33:20.652103,100.0,52.39082717895508,400.0
2026-04-22T14:33:22.854582,100.0,52.492000579833984,400.0
2026-04-22T14:33:25.058264,100.0,52.39082717895508,400.0
2026-04-22T14:33:27.260509,100.0,52.340240478515625,400.0
2026-04-22T14:33:29.463652,100.0,52.39082717895508,400.0
2026-04-22T14:33:31.667223,100.0,52.39082717895508,400.0
2026-04-22T14:33:33.870254,100.0,52.28965377807617,400.0
2026-04-22T14:33:36.074206,100.0,52.39082717895508,400.0
2026-04-22T14:33:38.277938,100.0,52.39082717895508,400.0
2026-04-22T14:33:40.479796,100.0,52.39082717895508,400.0
2026-04-22T14:33:42.682693,100.0,52.39082717895508,400.0
2026-04-22T14:33:44.884498,100.0,52.44141387939453,400.0
2026-04-22T14:33:47.086485,100.0,52.492000579833984,400.0
2026-04-22T14:33:49.292126,100.0,52.492000579833984,400.0
2026-04-22T14:33:51.495773,100.0,52.492000579833984,400.0
2026-04-22T14:33:53.699240,100.0,52.492000579833984,400.0
2026-04-22T14:33:55.907107,100.0,52.44141387939453,400.0
2026-04-22T14:33:58.109153,100.0,52.492000579833984,400.0
2026-04-22T14:34:00.312017,100.0,52.492000579833984,400.0
2026-04-22T14:34:02.516062,100.0,52.54258728027344,400.0
2026-04-22T14:34:04.724990,100.0,52.54258728027344,400.0
2026-04-22T14:34:06.930842,100.0,52.39082717895508,400.0
2026-04-22T14:34:09.132904,100.0,52.39082717895508,400.0
2026-04-22T14:34:11.338545,100.0,52.44141387939453,400.0
2026-04-22T14:34:13.540598,100.0,52.39082717895508,400.0
2026-04-22T14:34:15.745528,100.0,52.28965377807617,400.0
2026-04-22T14:34:17.949071,100.0,52.23906707763672,400.0
2026-04-22T14:34:20.151862,100.0,52.28965377807617,400.0
2026-04-22T14:34:22.355498,100.0,52.28965377807617,400.0
2026-04-22T14:34:24.557239,100.0,52.28965377807617,400.0
2026-04-22T14:34:26.758972,100.0,52.340240478515625,400.0
2026-04-22T14:34:28.960627,100.0,52.28965377807617,400.0
2026-04-22T14:34:31.163518,100.0,52.28965377807617,400.0
2026-04-22T14:34:33.365504,100.0,52.23906707763672,400.0
2026-04-22T14:34:35.571242,100.0,52.18848419189453,400.0
2026-04-22T14:34:37.774751,100.0,52.23906707763672,400.0
2026-04-22T14:34:39.977950,100.0,52.23906707763672,400.0
2026-04-22T14:34:42.179619,100.0,52.23906707763672,400.0
2026-04-22T14:34:44.381748,100.0,52.28965377807617,400.0
2026-04-22T14:34:46.585767,100.0,52.23906707763672,400.0
2026-04-22T14:34:48.789019,100.0,52.340240478515625,400.0
2026-04-22T14:34:51.005445,100.0,52.340240478515625,400.0
2026-04-22T14:34:53.210459,100.0,52.28965377807617,400.0
2026-04-22T14:34:55.412322,100.0,52.28965377807617,400.0
2026-04-22T14:34:57.614929,100.0,52.340240478515625,400.0
2026-04-22T14:34:59.816551,100.0,52.28965377807617,400.0
2026-04-22T14:35:02.019495,100.0,52.340240478515625,400.0
2026-04-22T14:35:04.222439,100.0,52.39082717895508,400.0
2026-04-22T14:35:06.424133,100.0,52.39082717895508,400.0
2026-04-22T14:35:08.626245,100.0,52.340240478515625,400.0
2026-04-22T14:35:10.829956,100.0,52.39082717895508,400.0
2026-04-22T14:35:13.031561,100.0,52.28965377807617,400.0
2026-04-22T14:35:15.234512,100.0,52.39082717895508,400.0
2026-04-22T14:35:17.436672,100.0,52.39082717895508,400.0
2026-04-22T14:35:19.639083,100.0,52.492000579833984,400.0
2026-04-22T14:35:21.841598,100.0,52.340240478515625,400.0
2026-04-22T14:35:24.045162,100.0,52.44141387939453,400.0
2026-04-22T14:35:26.250286,100.0,52.492000579833984,400.0
2026-04-22T14:35:28.461457,100.0,52.492000579833984,400.0
2026-04-22T14:35:30.664357,100.0,52.492000579833984,400.0
2026-04-22T14:35:32.870234,100.0,52.59317398071289,400.0
2026-04-22T14:35:35.073714,100.0,52.492000579833984,400.0
2026-04-22T14:35:37.276675,100.0,52.492000579833984,400.0
2026-04-22T14:35:39.479428,100.0,52.59317398071289,400.0
2026-04-22T14:35:41.682603,100.0,52.54258728027344,400.0
2026-04-22T14:35:43.885405,100.0,52.59317398071289,400.0
2026-04-22T14:35:46.087340,100.0,52.54258728027344,400.0
2026-04-22T14:35:48.290740,100.0,52.54258728027344,400.0
2026-04-22T14:35:50.493571,100.0,52.59317398071289,400.0
2026-04-22T14:35:52.698952,100.0,52.492000579833984,400.0
2026-04-22T14:35:54.901359,100.0,52.44141387939453,400.0
2026-04-22T14:35:57.105715,100.0,52.54258728027344,400.0
2026-04-22T14:35:59.307849,100.0,52.59317398071289,400.0
2026-04-22T14:36:01.509681,100.0,52.54258728027344,400.0
2026-04-22T14:36:03.716605,100.0,52.44141387939453,400.0
2026-04-22T14:36:05.919934,100.0,52.44141387939453,400.0
2026-04-22T14:36:08.123331,100.0,52.44141387939453,400.0
2026-04-22T14:36:10.325977,100.0,52.44141387939453,400.0
2026-04-22T14:36:12.527817,100.0,52.492000579833984,400.0
2026-04-22T14:36:14.729464,100.0,52.39082717895508,400.0
2026-04-22T14:36:16.931076,100.0,52.44141387939453,400.0
2026-04-22T14:36:19.132989,100.0,52.54258728027344,400.0
2026-04-22T14:36:21.335413,100.0,52.44141387939453,400.0
2026-04-22T14:36:23.538868,100.0,52.44141387939453,400.0
2026-04-22T14:36:25.742098,100.0,52.492000579833984,400.0
2026-04-22T14:36:27.945730,100.0,52.39082717895508,400.0
2026-04-22T14:36:30.147823,100.0,52.340240478515625,400.0
2026-04-22T14:36:32.350789,100.0,52.39082717895508,400.0
2026-04-22T14:36:34.552874,100.0,52.340240478515625,400.0
2026-04-22T14:36:36.754762,100.0,52.23906707763672,400.0
2026-04-22T14:36:38.957864,100.0,52.28965377807617,400.0
2026-04-22T14:36:41.160805,100.0,52.340240478515625,400.0
2026-04-22T14:36:43.363328,100.0,52.340240478515625,400.0
2026-04-22T14:36:45.564876,100.0,52.340240478515625,400.0
2026-04-22T14:36:47.768376,100.0,52.28965377807617,400.0
2026-04-22T14:36:49.970498,100.0,52.340240478515625,400.0
2026-04-22T14:36:52.172995,100.0,52.28965377807617,400.0
2026-04-22T14:36:54.374973,100.0,52.28965377807617,400.0
2026-04-22T14:36:56.578820,100.0,52.28965377807617,400.0
2026-04-22T14:36:58.780990,100.0,52.28965377807617,400.0
2026-04-22T14:37:00.982649,100.0,52.340240478515625,400.0
2026-04-22T14:37:03.186471,100.0,52.28965377807617,400.0
2026-04-22T14:37:05.389367,100.0,52.23906707763672,400.0
2026-04-22T14:37:07.591626,100.0,52.28965377807617,400.0
2026-04-22T14:37:09.794375,100.0,52.18848419189453,400.0
2026-04-22T14:37:11.997377,100.0,52.23906707763672,400.0
2026-04-22T14:37:14.201051,100.0,52.39082717895508,400.0
2026-04-22T14:37:16.404679,100.0,52.23906707763672,400.0
2026-04-22T14:37:18.608245,100.0,52.18848419189453,400.0
2026-04-22T14:37:20.811393,100.0,52.28965377807617,400.0
2026-04-22T14:37:23.017017,100.0,52.23906707763672,400.0
2026-04-22T14:37:25.219765,100.0,52.18848419189453,400.0
2026-04-22T14:37:27.421665,100.0,52.23906707763672,400.0
2026-04-22T14:37:29.623229,100.0,52.23906707763672,400.0
2026-04-22T14:37:31.824924,100.0,52.18848419189453,400.0
2026-04-22T14:37:34.028480,100.0,52.28965377807617,400.0
2026-04-22T14:37:36.230926,100.0,52.23906707763672,400.0
2026-04-22T14:37:38.434175,100.0,52.13789749145508,400.0
2026-04-22T14:37:40.637591,100.0,52.087310791015625,400.0
2026-04-22T14:37:42.840726,100.0,52.087310791015625,400.0
2026-04-22T14:37:45.046672,100.0,52.03672409057617,400.0
2026-04-22T14:37:47.248641,100.0,52.087310791015625,400.0
2026-04-22T14:37:49.454058,100.0,52.13789749145508,400.0
2026-04-22T14:37:51.657025,100.0,52.23906707763672,400.0
2026-04-22T14:37:53.860276,100.0,52.18848419189453,400.0
2026-04-22T14:37:56.064418,100.0,52.087310791015625,400.0
2026-04-22T14:37:58.267818,100.0,52.13789749145508,400.0
2026-04-22T14:38:00.470496,100.0,52.18848419189453,400.0
2026-04-22T14:38:02.672585,100.0,52.23906707763672,400.0
2026-04-22T14:38:04.876053,100.0,52.087310791015625,400.0
2026-04-22T14:38:07.078910,100.0,52.13789749145508,400.0
2026-04-22T14:38:09.281890,100.0,52.13789749145508,400.0
2026-04-22T14:38:11.485044,100.0,52.087310791015625,400.0
2026-04-22T14:38:13.689495,100.0,52.13789749145508,400.0
2026-04-22T14:38:15.893275,100.0,52.18848419189453,400.0
2026-04-22T14:38:18.096058,100.0,52.13789749145508,400.0
2026-04-22T14:38:20.300368,100.0,52.18848419189453,400.0
2026-04-22T14:38:22.504602,100.0,52.23906707763672,400.0
2026-04-22T14:38:24.706993,100.0,52.087310791015625,400.0
2026-04-22T14:38:26.908607,100.0,52.03672409057617,400.0
2026-04-22T14:38:29.112039,100.0,52.087310791015625,400.0
2026-04-22T14:38:31.313835,100.0,52.13789749145508,400.0
2026-04-22T14:38:33.517674,100.0,52.03672409057617,400.0
2026-04-22T14:38:35.719626,100.0,52.03672409057617,400.0
2026-04-22T14:38:37.921461,100.0,52.13789749145508,400.0
2026-04-22T14:38:40.124096,100.0,52.03672409057617,400.0
2026-04-22T14:38:42.325735,100.0,52.13789749145508,400.0
2026-04-22T14:38:44.528140,100.0,52.18848419189453,400.0
2026-04-22T14:38:46.731204,100.0,52.087310791015625,400.0
2026-04-22T14:38:48.933508,100.0,51.98613739013672,400.0
2026-04-22T14:38:51.150560,100.0,51.935550689697266,400.0
2026-04-22T14:38:53.353755,100.0,51.935550689697266,400.0
2026-04-22T14:38:55.555753,100.0,51.88496398925781,400.0
2026-04-22T14:38:57.757688,100.0,51.88496398925781,400.0
2026-04-22T14:38:59.960368,100.0,51.88496398925781,400.0
2026-04-22T14:39:02.163190,100.0,51.88496398925781,400.0
2026-04-22T14:39:04.364782,100.0,51.83437728881836,400.0
2026-04-22T14:39:06.581225,100.0,51.78379440307617,400.0
2026-04-22T14:39:08.783300,100.0,51.78379440307617,400.0
2026-04-22T14:39:10.985002,100.0,51.73320770263672,400.0
2026-04-22T14:39:13.186668,100.0,51.73320770263672,400.0
2026-04-22T14:39:15.389026,100.0,51.73320770263672,400.0
2026-04-22T14:39:17.592357,100.0,51.73320770263672,400.0
2026-04-22T14:39:19.795740,100.0,51.73320770263672,400.0
2026-04-22T14:39:21.997904,100.0,51.73320770263672,400.0
2026-04-22T14:39:24.202215,100.0,51.83437728881836,400.0
2026-04-22T14:39:26.404447,100.0,51.83437728881836,400.0
2026-04-22T14:39:28.606525,100.0,51.78379440307617,400.0
2026-04-22T14:39:30.813034,100.0,51.78379440307617,400.0
2026-04-22T14:39:33.015072,100.0,51.83437728881836,400.0
2026-04-22T14:39:35.216701,100.0,51.935550689697266,400.0
2026-04-22T14:39:37.418926,100.0,51.88496398925781,400.0
2026-04-22T14:39:39.622359,100.0,51.935550689697266,400.0
2026-04-22T14:39:41.825049,100.0,51.88496398925781,400.0
2026-04-22T14:39:44.028075,100.0,51.88496398925781,400.0
2026-04-22T14:39:46.231178,100.0,51.83437728881836,400.0
2026-04-22T14:39:48.433268,100.0,51.78379440307617,400.0
2026-04-22T14:39:50.636266,100.0,51.83437728881836,400.0
2026-04-22T14:39:52.837965,100.0,51.78379440307617,400.0
2026-04-22T14:39:55.040457,100.0,51.78379440307617,400.0
2026-04-22T14:39:57.248664,100.0,51.83437728881836,400.0
2026-04-22T14:39:59.450624,100.0,51.83437728881836,400.0
2026-04-22T14:40:01.653448,100.0,51.83437728881836,400.0
2026-04-22T14:40:03.855597,100.0,51.83437728881836,400.0
2026-04-22T14:40:06.058722,100.0,51.88496398925781,400.0
2026-04-22T14:40:08.260316,100.0,51.83437728881836,400.0
2026-04-22T14:40:10.462214,100.0,51.78379440307617,400.0
2026-04-22T14:40:12.667276,100.0,51.78379440307617,400.0
2026-04-22T14:40:14.871807,100.0,51.73320770263672,400.0
2026-04-22T14:40:17.075039,100.0,51.682621002197266,400.0
2026-04-22T14:40:19.283293,100.0,51.682621002197266,400.0
2026-04-22T14:40:21.484996,100.0,51.58144760131836,400.0
2026-04-22T14:40:23.688687,100.0,51.530860900878906,400.0
2026-04-22T14:40:25.895144,100.0,51.530860900878906,400.0
2026-04-22T14:40:28.097002,100.0,51.58144760131836,400.0
2026-04-22T14:40:30.299216,100.0,51.58144760131836,400.0
2026-04-22T14:40:32.502464,100.0,51.530860900878906,400.0
2026-04-22T14:40:34.705846,100.0,51.530860900878906,400.0
2026-04-22T14:40:36.907802,100.0,51.530860900878906,400.0
2026-04-22T14:40:39.109725,100.0,51.48027420043945,400.0
2026-04-22T14:40:41.311595,100.0,51.48027420043945,400.0
2026-04-22T14:40:43.517087,100.0,51.530860900878906,400.0
2026-04-22T14:40:45.719948,100.0,51.530860900878906,400.0
2026-04-22T14:40:47.922454,100.0,51.58144760131836,400.0
2026-04-22T14:40:50.125383,100.0,51.58144760131836,400.0
2026-04-22T14:40:52.327558,100.0,51.530860900878906,400.0
2026-04-22T14:40:54.529820,100.0,51.63203430175781,400.0
2026-04-22T14:40:56.731426,100.0,51.530860900878906,400.0
2026-04-22T14:40:58.935956,100.0,51.530860900878906,400.0
2026-04-22T14:41:01.139663,100.0,51.530860900878906,400.0
2026-04-22T14:41:03.342624,100.0,51.530860900878906,400.0
2026-04-22T14:41:05.545962,100.0,51.530860900878906,400.0
2026-04-22T14:41:07.749010,100.0,51.530860900878906,400.0
2026-04-22T14:41:09.950808,100.0,51.48027420043945,400.0
2026-04-22T14:41:12.152652,100.0,51.37910461425781,400.0
2026-04-22T14:41:14.359597,100.0,51.48027420043945,400.0
2026-04-22T14:41:16.562606,100.0,51.48027420043945,400.0
2026-04-22T14:41:18.764484,100.0,51.48027420043945,400.0
2026-04-22T14:41:20.967196,100.0,51.4296875,400.0
2026-04-22T14:41:23.169616,100.0,51.4296875,400.0
2026-04-22T14:41:25.372928,100.0,51.4296875,400.0
2026-04-22T14:41:27.577044,100.0,51.4296875,400.0
2026-04-22T14:41:29.781005,100.0,51.37910461425781,400.0
2026-04-22T14:41:31.982700,100.0,51.37910461425781,400.0
2026-04-22T14:41:34.184464,100.0,51.4296875,400.0
2026-04-22T14:41:36.387069,100.0,51.32851791381836,400.0
2026-04-22T14:41:38.591148,100.0,51.37910461425781,400.0
2026-04-22T14:41:40.794479,100.0,51.277931213378906,400.0
2026-04-22T14:41:42.998745,100.0,51.277931213378906,400.0
2026-04-22T14:41:45.201414,100.0,51.37910461425781,400.0
2026-04-22T14:41:47.404432,100.0,51.37910461425781,400.0
2026-04-22T14:41:49.607085,100.0,51.4296875,400.0
2026-04-22T14:41:51.809330,100.0,51.4296875,400.0
2026-04-22T14:41:54.011494,100.0,51.4296875,400.0
2026-04-22T14:41:56.218208,100.0,51.4296875,400.0
2026-04-22T14:41:58.419890,100.0,51.4296875,400.0
2026-04-22T14:42:00.623410,100.0,51.37910461425781,400.0
2026-04-22T14:42:02.825392,100.0,51.4296875,400.0
2026-04-22T14:42:05.027701,100.0,51.4296875,400.0
2026-04-22T14:42:07.230605,100.0,51.37910461425781,400.0
2026-04-22T14:42:09.433875,100.0,51.530860900878906,400.0
2026-04-22T14:42:11.636769,100.0,51.58144760131836,400.0
2026-04-22T14:42:13.839654,100.0,51.530860900878906,400.0
2026-04-22T14:42:16.042112,100.0,51.63203430175781,400.0
2026-04-22T14:42:18.245473,100.0,51.530860900878906,400.0
2026-04-22T14:42:20.451553,100.0,51.58144760131836,400.0
2026-04-22T14:42:22.653446,100.0,51.58144760131836,400.0
2026-04-22T14:42:24.858587,100.0,51.58144760131836,400.0
2026-04-22T14:42:27.060386,100.0,51.63203430175781,400.0
2026-04-22T14:42:29.267742,100.0,51.63203430175781,400.0
2026-04-22T14:42:31.471013,100.0,51.63203430175781,400.0
2026-04-22T14:42:33.674254,100.0,51.73320770263672,400.0
2026-04-22T14:42:35.876515,100.0,51.78379440307617,400.0
2026-04-22T14:42:38.080297,100.0,51.78379440307617,400.0
2026-04-22T14:42:40.282584,100.0,51.73320770263672,400.0
2026-04-22T14:42:42.486078,100.0,51.78379440307617,400.0
2026-04-22T14:42:44.687754,100.0,51.73320770263672,400.0
2026-04-22T14:42:46.889961,100.0,51.73320770263672,400.0
2026-04-22T14:42:49.094527,100.0,51.88496398925781,400.0
2026-04-22T14:42:51.298352,100.0,51.83437728881836,400.0
2026-04-22T14:42:53.500936,100.0,51.935550689697266,400.0
2026-04-22T14:42:55.702800,100.0,51.935550689697266,400.0
2026-04-22T14:42:57.908652,100.0,51.935550689697266,400.0
2026-04-22T14:43:00.111973,100.0,51.88496398925781,400.0
2026-04-22T14:43:02.313729,100.0,51.88496398925781,400.0
2026-04-22T14:43:04.517205,100.0,51.73320770263672,400.0
2026-04-22T14:43:06.719621,100.0,51.73320770263672,400.0
2026-04-22T14:43:08.921348,100.0,51.73320770263672,400.0
2026-04-22T14:43:11.124828,100.0,51.73320770263672,400.0
2026-04-22T14:43:13.326798,100.0,51.88496398925781,400.0
2026-04-22T14:43:15.529524,100.0,51.73320770263672,400.0
2026-04-22T14:43:17.731655,100.0,51.73320770263672,400.0
2026-04-22T14:43:19.935273,100.0,51.682621002197266,400.0
2026-04-22T14:43:22.139911,100.0,51.73320770263672,400.0
2026-04-22T14:43:24.342236,100.0,51.83437728881836,400.0
2026-04-22T14:43:26.543837,100.0,51.78379440307617,400.0
2026-04-22T14:43:28.745447,100.0,51.78379440307617,400.0
2026-04-22T14:43:30.948842,100.0,51.83437728881836,400.0
2026-04-22T14:43:33.150776,100.0,51.83437728881836,400.0
2026-04-22T14:43:35.354808,100.0,51.78379440307617,400.0
2026-04-22T14:43:37.556856,100.0,51.83437728881836,400.0
2026-04-22T14:43:39.758980,100.0,51.88496398925781,400.0
2026-04-22T14:43:41.960772,100.0,51.88496398925781,400.0
2026-04-22T14:43:44.162540,100.0,51.83437728881836,400.0
2026-04-22T14:43:46.364728,100.0,51.83437728881836,400.0
2026-04-22T14:43:48.568923,100.0,51.935550689697266,400.0
2026-04-22T14:43:50.770597,100.0,51.88496398925781,400.0
2026-04-22T14:43:52.972951,100.0,51.83437728881836,400.0
2026-04-22T14:43:55.175964,100.0,51.88496398925781,400.0
2026-04-22T14:43:57.377707,100.0,51.78379440307617,400.0
2026-04-22T14:43:59.579590,100.0,51.78379440307617,400.0
2026-04-22T14:44:01.785045,100.0,51.83437728881836,400.0
2026-04-22T14:44:03.988601,100.0,51.88496398925781,400.0
2026-04-22T14:44:06.190939,100.0,51.88496398925781,400.0
2026-04-22T14:44:08.393004,100.0,51.88496398925781,400.0
2026-04-22T14:44:10.596108,100.0,51.83437728881836,400.0
2026-04-22T14:44:12.799628,100.0,51.83437728881836,400.0
2026-04-22T14:44:15.002478,100.0,51.88496398925781,400.0
2026-04-22T14:44:17.204632,100.0,51.83437728881836,400.0
2026-04-22T14:44:19.406980,100.0,51.88496398925781,400.0
2026-04-22T14:44:21.609764,100.0,51.935550689697266,400.0
2026-04-22T14:44:23.812537,100.0,51.83437728881836,400.0
2026-04-22T14:44:26.015892,100.0,51.935550689697266,400.0
2026-04-22T14:44:28.219820,100.0,51.935550689697266,400.0
2026-04-22T14:44:30.422636,100.0,51.935550689697266,400.0
2026-04-22T14:44:32.625946,100.0,51.83437728881836,400.0
2026-04-22T14:44:34.828043,100.0,51.83437728881836,400.0
2026-04-22T14:44:37.031054,100.0,51.78379440307617,400.0
2026-04-22T14:44:39.233123,100.0,51.78379440307617,400.0
2026-04-22T14:44:41.435904,100.0,51.83437728881836,400.0
2026-04-22T14:44:43.640850,100.0,51.83437728881836,400.0
2026-04-22T14:44:45.843746,100.0,51.83437728881836,400.0
2026-04-22T14:44:48.047428,100.0,51.78379440307617,400.0
2026-04-22T14:44:50.249444,100.0,51.78379440307617,400.0
2026-04-22T14:44:52.452373,100.0,51.78379440307617,400.0
2026-04-22T14:44:54.654730,100.0,51.78379440307617,400.0
2026-04-22T14:44:56.856856,100.0,51.83437728881836,400.0
2026-04-22T14:44:59.060321,100.0,51.88496398925781,400.0
2026-04-22T14:45:01.262090,100.0,51.935550689697266,400.0
2026-04-22T14:45:03.466157,100.0,51.935550689697266,400.0
2026-04-22T14:45:05.669122,100.0,51.935550689697266,400.0
2026-04-22T14:45:07.870738,100.0,52.03672409057617,400.0
2026-04-22T14:45:10.072636,100.0,52.03672409057617,400.0
2026-04-22T14:45:12.275416,100.0,52.03672409057617,400.0
2026-04-22T14:45:14.479695,100.0,51.935550689697266,400.0
2026-04-22T14:45:16.681663,100.0,51.98613739013672,400.0
2026-04-22T14:45:18.885302,100.0,52.03672409057617,400.0
2026-04-22T14:45:21.088289,100.0,52.087310791015625,400.0
2026-04-22T14:45:23.291003,100.0,52.03672409057617,400.0
2026-04-22T14:45:25.492725,100.0,52.087310791015625,400.0
2026-04-22T14:45:27.696260,100.0,52.087310791015625,400.0
2026-04-22T14:45:29.899061,100.0,52.03672409057617,400.0
2026-04-22T14:45:32.100800,100.0,52.03672409057617,400.0
2026-04-22T14:45:34.302895,100.0,51.935550689697266,400.0
2026-04-22T14:45:36.504741,100.0,52.03672409057617,400.0
2026-04-22T14:45:38.708102,100.0,52.03672409057617,400.0
2026-04-22T14:45:40.913234,100.0,52.13789749145508,400.0
2026-04-22T14:45:43.115798,100.0,52.03672409057617,400.0
2026-04-22T14:45:45.319397,100.0,52.03672409057617,400.0
2026-04-22T14:45:47.521351,100.0,52.03672409057617,400.0
2026-04-22T14:45:49.724729,100.0,52.03672409057617,400.0
2026-04-22T14:45:51.927986,100.0,52.03672409057617,400.0
2026-04-22T14:45:54.132161,100.0,52.087310791015625,400.0
2026-04-22T14:45:56.335230,100.0,51.98613739013672,400.0
2026-04-22T14:45:58.538255,100.0,51.98613739013672,400.0
2026-04-22T14:46:00.743679,100.0,51.935550689697266,400.0
2026-04-22T14:46:02.945731,100.0,51.88496398925781,400.0
2026-04-22T14:46:05.147753,100.0,51.98613739013672,400.0
2026-04-22T14:46:07.351312,100.0,51.935550689697266,400.0
2026-04-22T14:46:09.554254,100.0,51.98613739013672,400.0
2026-04-22T14:46:11.756125,100.0,51.98613739013672,400.0
2026-04-22T14:46:13.958157,100.0,51.88496398925781,400.0
2026-04-22T14:46:16.160477,100.0,51.935550689697266,400.0
2026-04-22T14:46:18.363599,100.0,51.98613739013672,400.0
2026-04-22T14:46:20.565279,100.0,51.935550689697266,400.0
2026-04-22T14:46:22.768162,100.0,51.98613739013672,400.0
2026-04-22T14:46:24.969791,100.0,51.98613739013672,400.0
2026-04-22T14:46:27.172950,100.0,52.03672409057617,400.0
2026-04-22T14:46:29.376125,100.0,52.03672409057617,400.0
2026-04-22T14:46:31.583629,100.0,51.98613739013672,400.0
2026-04-22T14:46:33.785623,100.0,51.98613739013672,400.0
2026-04-22T14:46:35.988429,100.0,51.98613739013672,400.0
2026-04-22T14:46:38.190286,100.0,52.087310791015625,400.0
2026-04-22T14:46:40.392102,100.0,52.087310791015625,400.0
2026-04-22T14:46:42.595124,100.0,52.13789749145508,400.0
2026-04-22T14:46:44.798596,100.0,52.18848419189453,400.0
2026-04-22T14:46:47.002458,100.0,52.13789749145508,400.0
2026-04-22T14:46:49.205641,100.0,52.087310791015625,400.0
2026-04-22T14:46:51.407564,100.0,52.18848419189453,400.0
2026-04-22T14:46:53.609586,100.0,52.03672409057617,400.0
2026-04-22T14:46:55.812863,100.0,51.98613739013672,400.0
2026-04-22T14:46:58.015504,100.0,51.935550689697266,400.0
2026-04-22T14:47:00.217807,100.0,52.03672409057617,400.0
2026-04-22T14:47:02.422371,100.0,51.98613739013672,400.0
2026-04-22T14:47:04.624952,100.0,51.98613739013672,400.0
2026-04-22T14:47:06.826565,100.0,51.88496398925781,400.0
2026-04-22T14:47:09.029386,100.0,51.98613739013672,400.0
2026-04-22T14:47:11.232370,100.0,51.98613739013672,400.0
2026-04-22T14:47:13.434780,100.0,51.98613739013672,400.0
2026-04-22T14:47:15.636606,100.0,51.88496398925781,400.0
2026-04-22T14:47:17.839597,100.0,51.935550689697266,400.0
2026-04-22T14:47:20.042918,100.0,51.935550689697266,400.0
2026-04-22T14:47:22.246614,100.0,51.88496398925781,400.0
2026-04-22T14:47:24.448531,100.0,51.935550689697266,400.0
2026-04-22T14:47:26.651188,100.0,51.98613739013672,400.0
2026-04-22T14:47:28.854655,100.0,51.935550689697266,400.0
2026-04-22T14:47:31.057858,100.0,51.935550689697266,400.0
2026-04-22T14:47:33.263128,100.0,51.98613739013672,400.0
2026-04-22T14:47:35.465843,100.0,51.88496398925781,400.0
2026-04-22T14:47:37.668199,100.0,51.98613739013672,400.0
2026-04-22T14:47:39.869998,100.0,51.935550689697266,400.0
2026-04-22T14:47:42.074208,100.0,51.98613739013672,400.0
2026-04-22T14:47:44.275879,100.0,52.03672409057617,400.0
2026-04-22T14:47:46.478536,100.0,51.98613739013672,400.0
2026-04-22T14:47:48.683068,100.0,52.087310791015625,400.0
2026-04-22T14:47:50.886454,100.0,52.03672409057617,400.0
2026-04-22T14:47:53.089297,100.0,52.13789749145508,400.0
2026-04-22T14:47:55.291259,100.0,52.03672409057617,400.0
2026-04-22T14:47:57.494973,100.0,51.98613739013672,400.0
2026-04-22T14:47:59.697280,100.0,51.98613739013672,400.0
2026-04-22T14:48:01.899980,100.0,51.98613739013672,400.0
2026-04-22T14:48:04.103834,100.0,51.98613739013672,400.0
2026-04-22T14:48:06.305426,100.0,51.98613739013672,400.0
2026-04-22T14:48:08.508341,100.0,52.087310791015625,400.0
2026-04-22T14:48:10.710234,100.0,51.98613739013672,400.0
2026-04-22T14:48:12.913211,100.0,52.03672409057617,400.0
2026-04-22T14:48:15.115658,100.0,52.087310791015625,400.0
2026-04-22T14:48:17.317670,100.0,52.087310791015625,400.0
2026-04-22T14:48:19.520578,100.0,52.03672409057617,400.0
2026-04-22T14:48:21.725655,100.0,52.087310791015625,400.0
2026-04-22T14:48:23.927986,100.0,52.03672409057617,400.0
2026-04-22T14:48:26.130019,100.0,52.13789749145508,400.0
2026-04-22T14:48:28.334157,100.0,52.087310791015625,400.0
2026-04-22T14:48:30.539222,100.0,52.13789749145508,400.0
2026-04-22T14:48:32.742612,100.0,52.03672409057617,400.0
2026-04-22T14:48:34.945842,100.0,52.03672409057617,400.0
2026-04-22T14:48:37.148078,100.0,51.98613739013672,400.0
2026-04-22T14:48:39.355208,100.0,51.98613739013672,400.0
2026-04-22T14:48:41.558052,100.0,51.935550689697266,400.0
2026-04-22T14:48:43.761666,100.0,52.03672409057617,400.0
2026-04-22T14:48:45.963578,100.0,51.98613739013672,400.0
2026-04-22T14:48:48.165251,100.0,52.03672409057617,400.0
2026-04-22T14:48:50.368307,100.0,52.03672409057617,400.0
2026-04-22T14:48:52.570247,100.0,52.087310791015625,400.0
2026-04-22T14:48:54.773777,100.0,52.03672409057617,400.0
2026-04-22T14:48:56.976574,100.0,52.087310791015625,400.0
2026-04-22T14:48:59.181043,100.0,52.087310791015625,400.0
2026-04-22T14:49:01.384231,100.0,52.087310791015625,400.0
2026-04-22T14:49:03.587365,100.0,52.03672409057617,400.0
2026-04-22T14:49:05.789090,100.0,52.03672409057617,400.0
2026-04-22T14:49:07.990902,100.0,52.03672409057617,400.0
2026-04-22T14:49:10.193060,100.0,51.98613739013672,400.0
2026-04-22T14:49:12.396331,100.0,51.98613739013672,400.0
2026-04-22T14:49:14.598120,100.0,52.13789749145508,400.0
2026-04-22T14:49:16.801344,100.0,52.087310791015625,400.0
2026-04-22T14:49:19.004598,100.0,52.03672409057617,400.0
2026-04-22T14:49:21.207164,100.0,52.087310791015625,400.0
2026-04-22T14:49:23.410621,100.0,52.03672409057617,400.0
2026-04-22T14:49:25.612493,100.0,52.13789749145508,400.0
2026-04-22T14:49:27.815661,100.0,52.087310791015625,400.0
2026-04-22T14:49:30.017308,100.0,52.087310791015625,400.0
2026-04-22T14:49:32.219224,100.0,51.98613739013672,400.0
2026-04-22T14:49:34.420812,100.0,51.98613739013672,400.0
2026-04-22T14:49:36.628269,100.0,51.88496398925781,400.0
2026-04-22T14:49:38.829946,100.0,51.935550689697266,400.0
2026-04-22T14:49:41.034451,100.0,51.935550689697266,400.0
2026-04-22T14:49:43.239326,100.0,51.98613739013672,400.0
2026-04-22T14:49:45.444118,100.0,51.88496398925781,400.0
2026-04-22T14:49:47.647507,100.0,51.935550689697266,400.0
2026-04-22T14:49:49.849999,100.0,51.88496398925781,400.0
2026-04-22T14:49:52.053290,100.0,51.935550689697266,400.0
2026-04-22T14:49:54.259626,100.0,52.087310791015625,400.0
2026-04-22T14:49:56.463495,100.0,51.98613739013672,400.0
2026-04-22T14:49:58.666997,100.0,51.935550689697266,400.0
2026-04-22T14:50:00.868948,100.0,51.935550689697266,400.0
2026-04-22T14:50:03.070657,100.0,51.98613739013672,400.0
2026-04-22T14:50:05.274884,100.0,51.98613739013672,400.0
2026-04-22T14:50:07.477520,100.0,52.087310791015625,400.0
2026-04-22T14:50:09.681177,100.0,52.03672409057617,400.0
2026-04-22T14:50:11.884184,100.0,51.98613739013672,400.0
2026-04-22T14:50:14.086548,100.0,52.03672409057617,400.0
2026-04-22T14:50:16.293742,100.0,52.03672409057617,400.0
2026-04-22T14:50:18.497713,100.0,52.13789749145508,400.0
2026-04-22T14:50:20.700679,100.0,52.03672409057617,400.0
2026-04-22T14:50:22.902649,100.0,52.03672409057617,400.0
2026-04-22T14:50:25.104352,100.0,51.98613739013672,400.0
2026-04-22T14:50:27.308226,100.0,52.087310791015625,400.0
2026-04-22T14:50:29.511851,100.0,52.087310791015625,400.0
2026-04-22T14:50:31.714828,100.0,51.98613739013672,400.0
2026-04-22T14:50:33.916443,100.0,51.935550689697266,400.0
2026-04-22T14:50:36.120155,100.0,52.03672409057617,400.0
2026-04-22T14:50:38.324377,100.0,51.98613739013672,400.0
2026-04-22T14:50:40.528015,100.0,52.087310791015625,400.0
2026-04-22T14:50:42.730389,100.0,52.18848419189453,400.0
2026-04-22T14:50:44.932173,100.0,52.18848419189453,400.0
2026-04-22T14:50:47.135671,100.0,52.28965377807617,400.0
2026-04-22T14:50:49.338630,100.0,52.28965377807617,400.0
2026-04-22T14:50:51.540437,100.0,52.340240478515625,400.0
2026-04-22T14:50:53.742328,100.0,52.28965377807617,400.0
2026-04-22T14:50:55.950372,100.0,52.340240478515625,400.0
2026-04-22T14:50:58.152385,100.0,52.340240478515625,400.0
2026-04-22T14:51:00.355571,100.0,52.340240478515625,400.0
2026-04-22T14:51:02.557287,100.0,52.340240478515625,400.0
2026-04-22T14:51:04.760202,100.0,52.340240478515625,400.0
2026-04-22T14:51:06.962608,100.0,52.44141387939453,400.0
2026-04-22T14:51:09.165668,100.0,52.44141387939453,400.0
2026-04-22T14:51:11.369553,100.0,52.340240478515625,400.0
2026-04-22T14:51:13.573604,100.0,52.340240478515625,400.0
2026-04-22T14:51:15.775775,100.0,52.340240478515625,400.0
2026-04-22T14:51:17.979961,100.0,52.28965377807617,400.0
2026-04-22T14:51:20.183515,100.0,52.340240478515625,400.0
2026-04-22T14:51:22.386945,100.0,52.340240478515625,400.0
2026-04-22T14:51:24.591751,100.0,52.39082717895508,400.0
2026-04-22T14:51:26.795658,100.0,52.28965377807617,400.0
2026-04-22T14:51:28.998538,100.0,52.28965377807617,400.0
2026-04-22T14:51:31.201666,100.0,52.28965377807617,400.0
2026-04-22T14:51:33.405509,100.0,52.340240478515625,400.0
2026-04-22T14:51:35.607399,100.0,52.340240478515625,400.0
2026-04-22T14:51:37.809283,100.0,52.340240478515625,400.0
2026-04-22T14:51:40.012868,100.0,52.44141387939453,400.0
2026-04-22T14:51:42.216096,100.0,52.28965377807617,400.0
2026-04-22T14:51:44.418092,100.0,52.23906707763672,400.0
2026-04-22T14:51:46.620443,100.0,52.23906707763672,400.0
2026-04-22T14:51:48.822994,100.0,52.18848419189453,400.0
2026-04-22T14:51:51.024909,100.0,52.18848419189453,400.0
2026-04-22T14:51:53.227243,100.0,52.13789749145508,400.0
2026-04-22T14:51:55.429172,100.0,52.23906707763672,400.0
2026-04-22T14:51:57.632493,100.0,52.13789749145508,400.0
2026-04-22T14:51:59.836261,100.0,52.23906707763672,400.0
2026-04-22T14:52:02.041017,100.0,52.18848419189453,400.0
2026-04-22T14:52:04.245006,100.0,52.18848419189453,400.0
2026-04-22T14:52:06.446634,100.0,52.28965377807617,400.0
2026-04-22T14:52:08.648496,100.0,52.23906707763672,400.0
2026-04-22T14:52:10.851648,100.0,52.340240478515625,400.0
2026-04-22T14:52:13.053482,100.0,52.340240478515625,400.0
2026-04-22T14:52:15.255807,100.0,52.28965377807617,400.0
2026-04-22T14:52:17.459399,100.0,52.18848419189453,400.0
2026-04-22T14:52:19.662210,100.0,52.340240478515625,400.0
2026-04-22T14:52:21.864172,100.0,52.340240478515625,400.0
2026-04-22T14:52:24.068003,100.0,52.39082717895508,400.0
2026-04-22T14:52:26.270956,100.0,52.39082717895508,400.0
2026-04-22T14:52:28.472565,100.0,52.39082717895508,400.0
2026-04-22T14:52:30.676541,100.0,52.39082717895508,400.0
2026-04-22T14:52:32.879031,100.0,52.39082717895508,400.0
2026-04-22T14:52:35.081057,100.0,52.44141387939453,400.0
2026-04-22T14:52:37.283150,100.0,52.39082717895508,400.0
2026-04-22T14:52:39.486306,100.0,52.39082717895508,400.0
2026-04-22T14:52:41.688199,100.0,52.39082717895508,400.0
2026-04-22T14:52:43.891997,100.0,52.39082717895508,400.0
2026-04-22T14:52:46.094047,100.0,52.54258728027344,400.0
2026-04-22T14:52:48.296916,100.0,52.54258728027344,400.0
2026-04-22T14:52:50.501581,100.0,52.59317398071289,400.0
2026-04-22T14:52:52.706206,100.0,52.64375686645508,400.0
2026-04-22T14:52:54.909143,100.0,52.744930267333984,400.0
2026-04-22T14:52:57.112668,100.0,52.69434356689453,400.0
2026-04-22T14:52:59.315929,100.0,52.69434356689453,400.0
2026-04-22T14:53:01.521354,100.0,52.744930267333984,400.0
2026-04-22T14:53:03.724637,100.0,52.64375686645508,400.0
2026-04-22T14:53:05.927972,100.0,52.64375686645508,400.0
2026-04-22T14:53:08.130226,100.0,52.64375686645508,400.0
2026-04-22T14:53:10.337009,100.0,52.64375686645508,400.0
2026-04-22T14:53:12.539158,100.0,52.69434356689453,400.0
2026-04-22T14:53:14.744629,100.0,52.69434356689453,400.0
2026-04-22T14:53:16.948750,100.0,52.744930267333984,400.0
2026-04-22T14:53:19.151658,100.0,52.744930267333984,400.0
2026-04-22T14:53:21.353492,100.0,52.744930267333984,400.0
2026-04-22T14:53:23.556901,100.0,52.744930267333984,400.0
2026-04-22T14:53:25.762338,100.0,52.69434356689453,400.0
2026-04-22T14:53:27.964089,100.0,52.69434356689453,400.0
2026-04-22T14:53:30.167206,100.0,52.744930267333984,400.0
2026-04-22T14:53:32.368796,100.0,52.69434356689453,400.0
2026-04-22T14:53:34.571674,100.0,52.744930267333984,400.0
2026-04-22T14:53:36.775884,100.0,52.744930267333984,400.0
2026-04-22T14:53:38.977670,100.0,52.744930267333984,400.0
2026-04-22T14:53:41.179390,100.0,52.744930267333984,400.0
2026-04-22T14:53:43.382055,100.0,52.79551696777344,400.0
2026-04-22T14:53:45.583617,100.0,52.79551696777344,400.0
2026-04-22T14:53:47.785452,100.0,52.79551696777344,400.0
2026-04-22T14:53:49.987313,100.0,52.744930267333984,400.0
2026-04-22T14:53:52.189775,100.0,52.69434356689453,400.0
2026-04-22T14:53:54.392560,100.0,52.64375686645508,400.0
2026-04-22T14:53:56.597340,100.0,52.64375686645508,400.0
2026-04-22T14:53:58.799187,100.0,52.64375686645508,400.0
2026-04-22T14:54:01.001109,100.0,52.69434356689453,400.0
2026-04-22T14:54:03.204648,100.0,52.64375686645508,400.0
2026-04-22T14:54:05.408189,100.0,52.59317398071289,400.0
2026-04-22T14:54:07.609993,100.0,52.64375686645508,400.0
2026-04-22T14:54:09.811622,100.0,52.69434356689453,400.0
2026-04-22T14:54:12.013332,100.0,52.744930267333984,400.0
2026-04-22T14:54:14.216396,100.0,52.744930267333984,400.0
2026-04-22T14:54:16.419310,100.0,52.79551696777344,400.0
2026-04-22T14:54:18.621126,100.0,52.84610366821289,400.0
2026-04-22T14:54:20.823294,100.0,52.84610366821289,400.0
2026-04-22T14:54:23.028498,100.0,52.744930267333984,400.0
2026-04-22T14:54:25.232484,100.0,52.69434356689453,400.0
2026-04-22T14:54:27.434774,100.0,52.744930267333984,400.0
2026-04-22T14:54:29.638482,100.0,52.744930267333984,400.0
2026-04-22T14:54:31.840052,100.0,52.79551696777344,400.0
2026-04-22T14:54:34.044228,100.0,52.744930267333984,400.0
2026-04-22T14:54:36.248119,100.0,52.69434356689453,400.0
2026-04-22T14:54:38.449939,100.0,52.64375686645508,400.0
2026-04-22T14:54:40.651829,100.0,52.64375686645508,400.0
2026-04-22T14:54:42.856432,100.0,52.69434356689453,400.0
2026-04-22T14:54:45.058975,100.0,52.69434356689453,400.0
2026-04-22T14:54:47.264248,100.0,52.79551696777344,400.0
2026-04-22T14:54:49.467504,100.0,52.744930267333984,400.0
2026-04-22T14:54:51.670510,100.0,52.744930267333984,400.0
2026-04-22T14:54:53.872402,100.0,52.744930267333984,400.0
2026-04-22T14:54:56.074447,100.0,52.744930267333984,400.0
2026-04-22T14:54:58.276553,100.0,52.64375686645508,400.0
2026-04-22T14:55:00.478677,100.0,52.744930267333984,400.0
2026-04-22T14:55:02.683036,100.0,52.79551696777344,400.0
2026-04-22T14:55:04.887276,100.0,52.744930267333984,400.0
2026-04-22T14:55:07.089263,100.0,52.79551696777344,400.0
2026-04-22T14:55:09.291996,100.0,52.69434356689453,400.0
2026-04-22T14:55:11.493716,100.0,52.69434356689453,400.0
2026-04-22T14:55:13.696932,100.0,52.64375686645508,400.0
2026-04-22T14:55:15.900801,100.0,52.69434356689453,400.0
2026-04-22T14:55:18.102363,100.0,52.79551696777344,400.0
2026-04-22T14:55:20.308588,100.0,52.744930267333984,400.0
2026-04-22T14:55:22.510851,100.0,52.69434356689453,400.0
2026-04-22T14:55:24.712472,100.0,52.69434356689453,400.0
2026-04-22T14:55:26.914442,100.0,52.79551696777344,400.0
2026-04-22T14:55:29.116691,100.0,52.79551696777344,400.0
2026-04-22T14:55:31.318762,100.0,52.84610366821289,400.0
2026-04-22T14:55:33.521941,100.0,52.896690368652344,400.0
2026-04-22T14:55:35.726535,100.0,52.84610366821289,400.0
2026-04-22T14:55:37.928690,100.0,52.84610366821289,400.0
2026-04-22T14:55:40.131242,100.0,52.744930267333984,400.0
2026-04-22T14:55:42.333009,100.0,52.79551696777344,400.0
2026-04-22T14:55:44.535212,100.0,52.744930267333984,400.0
2026-04-22T14:55:46.736834,100.0,52.79551696777344,400.0
2026-04-22T14:55:48.940207,100.0,52.79551696777344,400.0
2026-04-22T14:55:51.141802,100.0,52.79551696777344,400.0
2026-04-22T14:55:53.345344,100.0,52.79551696777344,400.0
2026-04-22T14:55:55.547200,100.0,52.744930267333984,400.0
2026-04-22T14:55:57.749685,100.0,52.744930267333984,400.0
2026-04-22T14:55:59.951332,100.0,52.79551696777344,400.0
2026-04-22T14:56:02.152907,100.0,52.9472770690918,400.0
2026-04-22T14:56:04.355046,100.0,52.896690368652344,400.0
2026-04-22T14:56:06.559726,100.0,52.79551696777344,400.0
2026-04-22T14:56:08.763212,100.0,52.744930267333984,400.0
2026-04-22T14:56:10.966508,100.0,52.69434356689453,400.0
2026-04-22T14:56:13.168251,100.0,52.69434356689453,400.0
2026-04-22T14:56:15.371158,100.0,52.744930267333984,400.0
2026-04-22T14:56:17.574017,100.0,52.69434356689453,400.0
2026-04-22T14:56:19.776764,100.0,52.744930267333984,400.0
2026-04-22T14:56:21.980532,100.0,52.59317398071289,400.0
2026-04-22T14:56:24.183206,100.0,52.744930267333984,400.0
2026-04-22T14:56:26.385216,100.0,52.64375686645508,400.0
2026-04-22T14:56:28.588880,100.0,52.69434356689453,400.0
2026-04-22T14:56:30.791077,100.0,52.69434356689453,400.0
2026-04-22T14:56:32.994538,100.0,52.69434356689453,400.0
2026-04-22T14:56:35.198249,100.0,52.64375686645508,400.0
2026-04-22T14:56:37.402402,100.0,52.69434356689453,400.0
2026-04-22T14:56:39.604325,100.0,52.744930267333984,400.0
2026-04-22T14:56:41.807025,100.0,52.69434356689453,400.0
2026-04-22T14:56:44.010735,100.0,52.69434356689453,400.0
2026-04-22T14:56:46.212353,100.0,52.744930267333984,400.0
2026-04-22T14:56:48.415307,100.0,52.64375686645508,400.0
2026-04-22T14:56:50.618688,100.0,52.59317398071289,400.0
2026-04-22T14:56:52.820582,100.0,52.64375686645508,400.0
2026-04-22T14:56:55.024058,100.0,52.59317398071289,400.0
2026-04-22T14:56:57.228074,100.0,52.492000579833984,400.0
2026-04-22T14:56:59.429718,100.0,52.54258728027344,400.0
2026-04-22T14:57:01.631369,100.0,52.54258728027344,400.0
2026-04-22T14:57:03.838381,100.0,52.54258728027344,400.0
2026-04-22T14:57:06.044454,100.0,52.44141387939453,400.0
2026-04-22T14:57:08.248447,100.0,52.44141387939453,400.0
2026-04-22T14:57:10.454682,100.0,52.492000579833984,400.0
2026-04-22T14:57:12.658931,100.0,52.44141387939453,400.0
2026-04-22T14:57:14.861149,100.0,52.492000579833984,400.0
2026-04-22T14:57:17.063808,100.0,52.492000579833984,400.0
2026-04-22T14:57:19.266157,100.0,52.492000579833984,400.0
2026-04-22T14:57:21.468401,100.0,52.44141387939453,400.0
2026-04-22T14:57:23.670630,100.0,52.492000579833984,400.0
2026-04-22T14:57:25.872815,100.0,52.44141387939453,400.0
2026-04-22T14:57:28.077279,100.0,52.44141387939453,400.0
2026-04-22T14:57:30.279490,100.0,52.492000579833984,400.0
2026-04-22T14:57:32.482588,100.0,52.492000579833984,400.0
2026-04-22T14:57:34.684218,100.0,52.492000579833984,400.0
2026-04-22T14:57:36.886060,100.0,52.44141387939453,400.0
2026-04-22T14:57:39.087715,100.0,52.44141387939453,400.0
2026-04-22T14:57:41.290762,100.0,52.39082717895508,400.0
2026-04-22T14:57:43.498375,100.0,52.44141387939453,400.0
2026-04-22T14:57:45.700234,100.0,52.340240478515625,400.0
2026-04-22T14:57:47.903437,100.0,52.44141387939453,400.0
2026-04-22T14:57:50.105614,100.0,52.44141387939453,400.0
2026-04-22T14:57:52.310194,100.0,52.492000579833984,400.0
2026-04-22T14:57:54.512088,100.0,52.44141387939453,400.0
2026-04-22T14:57:56.715592,100.0,52.44141387939453,400.0
2026-04-22T14:57:58.917599,100.0,52.492000579833984,400.0
2026-04-22T14:58:01.119562,100.0,52.39082717895508,400.0
2026-04-22T14:58:03.323045,100.0,52.44141387939453,400.0
2026-04-22T14:58:05.527859,100.0,52.492000579833984,400.0
2026-04-22T14:58:07.731487,100.0,52.54258728027344,400.0
2026-04-22T14:58:09.936659,100.0,52.492000579833984,400.0
2026-04-22T14:58:12.139877,100.0,52.39082717895508,400.0
2026-04-22T14:58:14.342654,100.0,52.492000579833984,400.0
2026-04-22T14:58:16.544869,100.0,52.39082717895508,400.0
2026-04-22T14:58:18.746962,100.0,52.44141387939453,400.0
2026-04-22T14:58:20.951246,100.0,52.44141387939453,400.0
2026-04-22T14:58:23.154574,100.0,52.340240478515625,400.0
2026-04-22T14:58:25.357746,100.0,52.39082717895508,400.0
2026-04-22T14:58:27.560486,100.0,52.44141387939453,400.0
2026-04-22T14:58:29.766076,100.0,52.39082717895508,400.0
2026-04-22T14:58:31.969550,100.0,52.44141387939453,400.0
2026-04-22T14:58:34.172448,100.0,52.39082717895508,400.0
2026-04-22T14:58:36.376428,100.0,52.340240478515625,400.0
2026-04-22T14:58:38.579093,100.0,52.340240478515625,400.0
2026-04-22T14:58:40.781057,100.0,52.28965377807617,400.0
2026-04-22T14:58:42.984157,100.0,52.28965377807617,400.0
2026-04-22T14:58:45.186485,100.0,52.23906707763672,400.0
2026-04-22T14:58:47.390256,100.0,52.28965377807617,400.0
2026-04-22T14:58:49.596171,100.0,52.340240478515625,400.0
2026-04-22T14:58:51.799561,100.0,52.340240478515625,400.0
2026-04-22T14:58:54.001587,100.0,52.28965377807617,400.0
2026-04-22T14:58:56.203283,100.0,52.28965377807617,400.0
2026-04-22T14:58:58.404912,100.0,52.23906707763672,400.0
2026-04-22T14:59:00.606455,100.0,52.23906707763672,400.0
2026-04-22T14:59:02.808514,100.0,52.340240478515625,400.0
2026-04-22T14:59:05.011386,100.0,52.23906707763672,400.0
2026-04-22T14:59:07.213899,100.0,52.23906707763672,400.0
2026-04-22T14:59:09.415821,100.0,52.23906707763672,400.0
2026-04-22T14:59:11.618606,100.0,52.23906707763672,400.0
2026-04-22T14:59:13.820729,100.0,52.28965377807617,400.0
2026-04-22T14:59:16.022834,100.0,52.23906707763672,400.0
2026-04-22T14:59:18.227790,100.0,52.28965377807617,400.0
2026-04-22T14:59:20.431160,100.0,52.23906707763672,400.0
2026-04-22T14:59:22.634368,100.0,52.18848419189453,400.0
2026-04-22T14:59:24.836358,100.0,52.13789749145508,400.0
2026-04-22T14:59:27.038252,100.0,52.087310791015625,400.0
2026-04-22T14:59:29.240448,100.0,52.13789749145508,400.0
2026-04-22T14:59:31.442712,100.0,52.23906707763672,400.0
2026-04-22T14:59:33.644643,100.0,52.18848419189453,400.0
2026-04-22T14:59:35.848597,100.0,52.23906707763672,400.0
2026-04-22T14:59:38.051395,100.0,52.18848419189453,400.0
2026-04-22T14:59:40.253058,100.0,52.18848419189453,400.0
2026-04-22T14:59:42.456152,100.0,52.13789749145508,400.0
2026-04-22T14:59:44.658265,100.0,52.18848419189453,400.0
2026-04-22T14:59:46.861660,100.0,52.087310791015625,400.0
2026-04-22T14:59:49.063729,100.0,52.13789749145508,400.0
2026-04-22T14:59:51.267036,100.0,52.18848419189453,400.0
2026-04-22T14:59:53.470387,100.0,52.28965377807617,400.0
2026-04-22T14:59:55.672333,100.0,52.18848419189453,400.0
2026-04-22T14:59:57.873902,100.0,52.23906707763672,400.0
2026-04-22T15:00:00.077737,100.0,52.28965377807617,400.0
2026-04-22T15:00:02.279641,100.0,52.18848419189453,400.0
2026-04-22T15:00:04.482126,100.0,52.28965377807617,400.0
2026-04-22T15:00:06.684201,100.0,52.18848419189453,400.0
2026-04-22T15:00:08.886474,100.0,52.18848419189453,400.0
2026-04-22T15:00:11.088416,100.0,52.18848419189453,400.0
2026-04-22T15:00:13.290672,100.0,52.18848419189453,400.0
2026-04-22T15:00:15.495334,100.0,52.13789749145508,400.0
2026-04-22T15:00:17.698230,100.0,52.18848419189453,400.0
2026-04-22T15:00:19.899967,100.0,52.23906707763672,400.0
2026-04-22T15:00:22.101798,100.0,52.23906707763672,400.0
2026-04-22T15:00:24.305789,100.0,52.28965377807617,400.0
2026-04-22T15:00:26.508816,100.0,52.28965377807617,400.0
2026-04-22T15:00:28.713486,100.0,52.28965377807617,400.0
2026-04-22T15:00:30.915323,100.0,52.28965377807617,400.0
2026-04-22T15:00:33.118274,100.0,52.18848419189453,400.0
2026-04-22T15:00:35.321005,100.0,52.18848419189453,400.0
2026-04-22T15:00:37.526463,100.0,52.23906707763672,400.0
2026-04-22T15:00:39.728098,100.0,52.13789749145508,400.0
2026-04-22T15:00:41.931007,100.0,52.18848419189453,400.0
2026-04-22T15:00:44.132978,100.0,52.28965377807617,400.0
2026-04-22T15:00:46.337501,100.0,52.23906707763672,400.0
2026-04-22T15:00:48.540343,100.0,52.18848419189453,400.0
2026-04-22T15:00:50.743215,100.0,52.23906707763672,400.0
2026-04-22T15:00:52.944938,100.0,52.18848419189453,400.0
2026-04-22T15:00:55.146772,100.0,52.23906707763672,400.0
2026-04-22T15:00:57.349444,100.0,52.18848419189453,400.0
2026-04-22T15:00:59.552328,100.0,52.18848419189453,400.0
2026-04-22T15:01:01.755420,100.0,52.23906707763672,400.0
2026-04-22T15:01:03.958161,100.0,52.13789749145508,400.0
2026-04-22T15:01:06.160226,100.0,52.13789749145508,400.0
2026-04-22T15:01:08.363397,100.0,52.13789749145508,400.0
2026-04-22T15:01:10.566655,100.0,52.18848419189453,400.0
2026-04-22T15:01:12.771186,100.0,52.13789749145508,400.0
2026-04-22T15:01:14.975920,100.0,52.18848419189453,400.0
2026-04-22T15:01:17.178337,100.0,52.18848419189453,400.0
2026-04-22T15:01:19.385612,100.0,52.18848419189453,400.0
2026-04-22T15:01:21.589503,100.0,52.18848419189453,400.0
2026-04-22T15:01:23.796941,100.0,52.18848419189453,400.0
2026-04-22T15:01:26.000063,100.0,52.23906707763672,400.0
2026-04-22T15:01:28.202847,100.0,52.28965377807617,400.0
2026-04-22T15:01:30.405995,100.0,52.28965377807617,400.0
2026-04-22T15:01:32.608227,100.0,52.23906707763672,400.0
2026-04-22T15:01:34.810878,100.0,52.23906707763672,400.0
2026-04-22T15:01:37.014495,100.0,52.23906707763672,400.0
2026-04-22T15:01:39.216190,100.0,52.23906707763672,400.0
2026-04-22T15:01:41.419157,100.0,52.28965377807617,400.0
2026-04-22T15:01:43.622807,100.0,52.23906707763672,400.0
2026-04-22T15:01:45.824523,100.0,52.28965377807617,400.0
2026-04-22T15:01:48.026392,100.0,52.340240478515625,400.0
2026-04-22T15:01:50.228009,100.0,52.23906707763672,400.0
2026-04-22T15:01:52.430948,100.0,52.18848419189453,400.0
2026-04-22T15:01:54.635520,100.0,52.23906707763672,400.0
2026-04-22T15:01:56.837283,100.0,52.18848419189453,400.0
2026-04-22T15:01:59.040696,100.0,52.13789749145508,400.0
2026-04-22T15:02:01.243138,100.0,52.13789749145508,400.0
2026-04-22T15:02:03.444962,100.0,52.18848419189453,400.0
2026-04-22T15:02:05.648028,100.0,52.18848419189453,400.0
2026-04-22T15:02:07.851272,100.0,52.13789749145508,400.0
2026-04-22T15:02:10.060696,100.0,52.03672409057617,400.0
2026-04-22T15:02:12.262303,100.0,52.087310791015625,400.0
2026-04-22T15:02:14.465861,100.0,52.18848419189453,400.0
2026-04-22T15:02:16.668599,100.0,52.13789749145508,400.0
2026-04-22T15:02:18.870694,100.0,52.18848419189453,400.0
2026-04-22T15:02:21.072382,100.0,52.18848419189453,400.0
2026-04-22T15:02:23.276719,100.0,52.18848419189453,400.0
2026-04-22T15:02:25.480345,100.0,52.23906707763672,400.0
2026-04-22T15:02:27.682821,100.0,52.23906707763672,400.0
2026-04-22T15:02:29.884478,100.0,52.23906707763672,400.0
2026-04-22T15:02:32.087631,100.0,52.23906707763672,400.0
2026-04-22T15:02:34.291078,100.0,52.23906707763672,400.0
2026-04-22T15:02:36.494156,100.0,52.18848419189453,400.0
2026-04-22T15:02:38.695908,100.0,52.13789749145508,400.0
2026-04-22T15:02:40.898941,100.0,52.23906707763672,400.0
2026-04-22T15:02:43.102067,100.0,52.18848419189453,400.0
2026-04-22T15:02:45.305529,100.0,52.18848419189453,400.0
2026-04-22T15:02:47.508359,100.0,52.18848419189453,400.0
2026-04-22T15:02:49.710869,100.0,52.18848419189453,400.0
2026-04-22T15:02:51.913230,100.0,52.087310791015625,400.0
2026-04-22T15:02:54.116357,100.0,52.087310791015625,400.0
2026-04-22T15:02:56.318157,100.0,52.03672409057617,400.0
2026-04-22T15:02:58.520989,100.0,52.03672409057617,400.0
2026-04-22T15:03:00.724221,100.0,52.03672409057617,400.0
2026-04-22T15:03:02.927256,100.0,52.087310791015625,400.0
2026-04-22T15:03:05.130225,100.0,52.087310791015625,400.0
2026-04-22T15:03:07.334432,100.0,52.087310791015625,400.0
2026-04-22T15:03:09.536303,100.0,52.087310791015625,400.0
2026-04-22T15:03:11.746043,100.0,52.087310791015625,400.0
2026-04-22T15:03:13.947977,100.0,52.13789749145508,400.0
2026-04-22T15:03:16.151364,100.0,52.13789749145508,400.0
2026-04-22T15:03:18.354817,100.0,52.13789749145508,400.0
2026-04-22T15:03:20.558477,100.0,52.13789749145508,400.0
2026-04-22T15:03:22.764042,100.0,52.087310791015625,400.0
2026-04-22T15:03:24.967034,100.0,52.18848419189453,400.0
2026-04-22T15:03:27.170247,100.0,52.23906707763672,400.0
2026-04-22T15:03:29.375499,100.0,52.13789749145508,400.0
2026-04-22T15:03:31.580398,100.0,52.087310791015625,400.0
2026-04-22T15:03:33.782126,100.0,52.13789749145508,400.0
2026-04-22T15:03:35.984299,100.0,52.087310791015625,400.0
2026-04-22T15:03:38.186020,100.0,51.98613739013672,400.0
2026-04-22T15:03:40.388061,100.0,52.03672409057617,400.0
2026-04-22T15:03:42.590866,100.0,51.98613739013672,400.0
2026-04-22T15:03:44.792717,100.0,51.98613739013672,400.0
2026-04-22T15:03:46.997435,100.0,51.98613739013672,400.0
2026-04-22T15:03:49.199741,100.0,51.98613739013672,400.0
2026-04-22T15:03:51.402095,100.0,51.88496398925781,400.0
2026-04-22T15:03:53.604038,100.0,51.83437728881836,400.0
2026-04-22T15:03:55.806812,100.0,51.83437728881836,400.0
2026-04-22T15:03:58.009748,100.0,51.88496398925781,400.0
2026-04-22T15:04:00.211545,100.0,51.88496398925781,400.0
2026-04-22T15:04:02.415424,100.0,51.78379440307617,400.0
2026-04-22T15:04:04.617332,100.0,51.73320770263672,400.0
2026-04-22T15:04:06.819193,100.0,51.73320770263672,400.0
2026-04-22T15:04:09.020808,100.0,51.88496398925781,400.0
2026-04-22T15:04:11.224163,100.0,51.83437728881836,400.0
2026-04-22T15:04:13.427242,100.0,51.88496398925781,400.0
2026-04-22T15:04:15.629085,100.0,51.88496398925781,400.0
2026-04-22T15:04:17.832114,100.0,51.83437728881836,400.0
2026-04-22T15:04:20.033842,100.0,51.88496398925781,400.0
2026-04-22T15:04:22.236953,100.0,51.83437728881836,400.0
2026-04-22T15:04:24.439296,100.0,51.98613739013672,400.0
2026-04-22T15:04:26.641532,100.0,51.935550689697266,400.0
2026-04-22T15:04:28.845645,100.0,51.935550689697266,400.0
2026-04-22T15:04:31.047961,100.0,52.03672409057617,400.0
2026-04-22T15:04:33.250031,100.0,52.087310791015625,400.0
2026-04-22T15:04:35.451875,100.0,51.98613739013672,400.0
2026-04-22T15:04:37.653560,100.0,52.087310791015625,400.0
2026-04-22T15:04:39.856418,100.0,52.13789749145508,400.0
2026-04-22T15:04:42.058724,100.0,52.13789749145508,400.0
2026-04-22T15:04:44.262712,100.0,52.13789749145508,400.0
2026-04-22T15:04:46.465570,100.0,52.18848419189453,400.0
2026-04-22T15:04:48.667433,100.0,52.18848419189453,400.0
2026-04-22T15:04:50.869932,100.0,52.28965377807617,400.0
2026-04-22T15:04:53.071613,100.0,52.28965377807617,400.0
2026-04-22T15:04:55.274858,100.0,52.28965377807617,400.0
2026-04-22T15:04:57.478910,100.0,52.28965377807617,400.0
2026-04-22T15:04:59.680599,100.0,52.28965377807617,400.0
2026-04-22T15:05:01.883110,100.0,52.39082717895508,400.0
2026-04-22T15:05:04.084901,100.0,52.44141387939453,400.0
2026-04-22T15:05:06.287729,100.0,52.39082717895508,400.0
2026-04-22T15:05:08.490185,100.0,52.44141387939453,400.0
2026-04-22T15:05:10.699027,100.0,52.492000579833984,400.0
2026-04-22T15:05:12.901070,100.0,52.44141387939453,400.0
2026-04-22T15:05:15.104226,100.0,52.44141387939453,400.0
2026-04-22T15:05:17.309135,100.0,52.44141387939453,400.0
2026-04-22T15:05:19.513319,100.0,52.44141387939453,400.0
2026-04-22T15:05:21.716521,100.0,52.492000579833984,400.0
2026-04-22T15:05:23.919374,100.0,52.44141387939453,400.0
2026-04-22T15:05:26.122962,100.0,52.39082717895508,400.0
2026-04-22T15:05:28.325978,100.0,52.340240478515625,400.0
2026-04-22T15:05:30.527710,100.0,52.340240478515625,400.0
2026-04-22T15:05:32.729851,100.0,52.28965377807617,400.0
2026-04-22T15:05:34.931543,100.0,52.23906707763672,400.0
2026-04-22T15:05:37.134619,100.0,52.28965377807617,400.0
2026-04-22T15:05:39.336604,100.0,52.28965377807617,400.0
2026-04-22T15:05:41.539313,100.0,52.39082717895508,400.0
2026-04-22T15:05:43.747706,100.0,52.28965377807617,400.0
2026-04-22T15:05:45.949534,100.0,52.340240478515625,400.0
2026-04-22T15:05:48.151432,100.0,52.340240478515625,400.0
2026-04-22T15:05:50.353460,100.0,52.340240478515625,400.0
2026-04-22T15:05:52.555906,100.0,52.340240478515625,400.0
2026-04-22T15:05:54.760443,100.0,52.340240478515625,400.0
2026-04-22T15:05:56.964307,100.0,52.23906707763672,400.0
2026-04-22T15:05:59.168069,100.0,52.23906707763672,400.0
2026-04-22T15:06:01.378030,100.0,52.23906707763672,400.0
2026-04-22T15:06:03.581520,100.0,52.23906707763672,400.0
2026-04-22T15:06:05.784051,100.0,52.13789749145508,400.0
2026-04-22T15:06:07.986473,100.0,52.13789749145508,400.0
2026-04-22T15:06:10.190290,100.0,52.23906707763672,400.0
2026-04-22T15:06:12.392585,100.0,52.28965377807617,400.0
2026-04-22T15:06:14.595292,100.0,52.28965377807617,400.0
2026-04-22T15:06:16.798239,100.0,52.28965377807617,400.0
2026-04-22T15:06:19.000105,100.0,52.18848419189453,400.0
2026-04-22T15:06:21.202021,100.0,52.28965377807617,400.0
2026-04-22T15:06:23.405356,100.0,52.23906707763672,400.0
2026-04-22T15:06:25.609369,100.0,52.23906707763672,400.0
2026-04-22T15:06:27.811149,100.0,52.18848419189453,400.0
2026-04-22T15:06:30.014544,100.0,52.28965377807617,400.0
2026-04-22T15:06:32.219020,100.0,52.28965377807617,400.0
2026-04-22T15:06:34.422725,100.0,52.28965377807617,400.0
2026-04-22T15:06:36.626432,100.0,52.28965377807617,400.0
2026-04-22T15:06:38.828021,100.0,52.23906707763672,400.0
2026-04-22T15:06:41.031670,100.0,52.23906707763672,400.0
2026-04-22T15:06:43.235707,100.0,52.28965377807617,400.0
2026-04-22T15:06:45.438040,100.0,52.340240478515625,400.0
2026-04-22T15:06:47.640413,100.0,52.340240478515625,400.0
2026-04-22T15:06:49.842787,100.0,52.340240478515625,400.0
2026-04-22T15:06:52.045978,100.0,52.340240478515625,400.0
2026-04-22T15:06:54.248949,100.0,52.340240478515625,400.0
2026-04-22T15:06:56.458728,100.0,52.340240478515625,400.0
2026-04-22T15:06:58.661042,100.0,52.23906707763672,400.0
2026-04-22T15:07:00.863528,100.0,52.28965377807617,400.0
2026-04-22T15:07:03.066289,100.0,52.28965377807617,400.0
2026-04-22T15:07:05.267900,100.0,52.28965377807617,400.0
2026-04-22T15:07:07.469870,100.0,52.28965377807617,400.0
2026-04-22T15:07:09.671869,100.0,52.23906707763672,400.0
2026-04-22T15:07:11.874784,100.0,52.18848419189453,400.0
2026-04-22T15:07:14.076357,100.0,52.18848419189453,400.0
2026-04-22T15:07:16.278936,100.0,52.23906707763672,400.0
2026-04-22T15:07:18.482578,100.0,52.18848419189453,400.0
2026-04-22T15:07:20.685890,100.0,52.13789749145508,400.0
2026-04-22T15:07:22.887492,100.0,52.18848419189453,400.0
2026-04-22T15:07:25.090210,100.0,52.18848419189453,400.0
2026-04-22T15:07:27.291945,100.0,52.087310791015625,400.0
2026-04-22T15:07:29.493991,100.0,52.03672409057617,400.0
2026-04-22T15:07:31.695934,100.0,52.087310791015625,400.0
2026-04-22T15:07:33.897606,100.0,52.13789749145508,400.0
2026-04-22T15:07:36.100997,100.0,52.13789749145508,400.0
2026-04-22T15:07:38.304511,100.0,52.087310791015625,400.0
2026-04-22T15:07:40.507353,100.0,52.13789749145508,400.0
2026-04-22T15:07:42.709586,100.0,52.13789749145508,400.0
2026-04-22T15:07:44.912391,100.0,52.13789749145508,400.0
2026-04-22T15:07:47.116468,100.0,52.23906707763672,400.0
2026-04-22T15:07:49.323528,100.0,52.18848419189453,400.0
2026-04-22T15:07:51.526730,100.0,52.18848419189453,400.0
2026-04-22T15:07:53.731281,100.0,52.13789749145508,400.0
2026-04-22T15:07:55.933269,100.0,52.18848419189453,400.0
2026-04-22T15:07:58.136145,100.0,52.23906707763672,400.0
2026-04-22T15:08:00.337921,100.0,52.18848419189453,400.0
2026-04-22T15:08:02.541334,100.0,52.39082717895508,400.0
2026-04-22T15:08:04.744699,100.0,52.28965377807617,400.0
2026-04-22T15:08:06.946852,100.0,52.28965377807617,400.0
2026-04-22T15:08:09.148837,100.0,52.28965377807617,400.0
2026-04-22T15:08:11.352525,100.0,52.28965377807617,400.0
2026-04-22T15:08:13.556282,100.0,52.23906707763672,400.0
2026-04-22T15:08:15.758133,100.0,52.23906707763672,400.0
2026-04-22T15:08:17.964203,100.0,52.13789749145508,400.0
2026-04-22T15:08:20.167744,100.0,52.087310791015625,400.0
2026-04-22T15:08:22.370589,100.0,51.935550689697266,400.0
2026-04-22T15:08:24.574299,100.0,52.03672409057617,400.0
2026-04-22T15:08:26.777611,100.0,52.087310791015625,400.0
2026-04-22T15:08:28.980074,100.0,52.087310791015625,400.0
2026-04-22T15:08:31.181786,100.0,52.087310791015625,400.0
2026-04-22T15:08:33.383464,100.0,52.03672409057617,400.0
2026-04-22T15:08:35.586255,100.0,52.087310791015625,400.0
2026-04-22T15:08:37.788264,100.0,52.13789749145508,400.0
2026-04-22T15:08:39.991639,100.0,52.13789749145508,400.0
2026-04-22T15:08:42.194369,100.0,52.087310791015625,400.0
2026-04-22T15:08:44.395943,100.0,52.13789749145508,400.0
2026-04-22T15:08:46.599525,100.0,52.18848419189453,400.0
2026-04-22T15:08:48.803643,100.0,52.18848419189453,400.0
2026-04-22T15:08:51.005415,100.0,52.18848419189453,400.0
2026-04-22T15:08:53.207484,100.0,52.18848419189453,400.0
2026-04-22T15:08:55.409698,100.0,52.18848419189453,400.0
2026-04-22T15:08:57.612982,100.0,52.13789749145508,400.0
2026-04-22T15:08:59.817034,100.0,52.13789749145508,400.0
2026-04-22T15:09:02.018718,100.0,52.23906707763672,400.0
2026-04-22T15:09:04.220671,100.0,52.23906707763672,400.0
2026-04-22T15:09:06.423157,100.0,52.23906707763672,400.0
2026-04-22T15:09:08.626092,100.0,52.23906707763672,400.0
2026-04-22T15:09:10.829051,100.0,52.23906707763672,400.0
2026-04-22T15:09:13.032471,100.0,52.28965377807617,400.0
2026-04-22T15:09:15.237858,100.0,52.18848419189453,400.0
2026-04-22T15:09:17.439470,100.0,52.23906707763672,400.0
2026-04-22T15:09:19.641088,100.0,52.28965377807617,400.0
2026-04-22T15:09:21.844514,100.0,52.340240478515625,400.0
2026-04-22T15:09:24.047649,100.0,52.28965377807617,400.0
2026-04-22T15:09:26.249437,100.0,52.23906707763672,400.0
2026-04-22T15:09:28.451177,100.0,52.28965377807617,400.0
2026-04-22T15:09:30.654073,100.0,52.23906707763672,400.0
2026-04-22T15:09:32.855733,100.0,52.23906707763672,400.0
2026-04-22T15:09:35.057529,100.0,52.23906707763672,400.0
2026-04-22T15:09:37.260878,100.0,52.28965377807617,400.0
2026-04-22T15:09:39.463594,100.0,52.28965377807617,400.0
2026-04-22T15:09:41.666822,100.0,52.340240478515625,400.0
2026-04-22T15:09:43.868992,100.0,52.340240478515625,400.0
2026-04-22T15:09:46.071987,100.0,52.28965377807617,400.0
2026-04-22T15:09:48.274012,100.0,52.23906707763672,400.0
2026-04-22T15:09:50.475530,100.0,52.340240478515625,400.0
2026-04-22T15:09:52.679004,100.0,52.23906707763672,400.0
2026-04-22T15:09:54.881114,100.0,52.087310791015625,400.0
2026-04-22T15:09:57.090991,100.0,52.03672409057617,400.0
2026-04-22T15:09:59.294708,100.0,52.13789749145508,400.0
2026-04-22T15:10:01.499501,100.0,52.18848419189453,400.0
2026-04-22T15:10:03.701065,100.0,52.13789749145508,400.0
2026-04-22T15:10:05.903780,100.0,52.13789749145508,400.0
2026-04-22T15:10:08.107207,100.0,52.18848419189453,400.0
2026-04-22T15:10:10.310875,100.0,52.087310791015625,400.0
2026-04-22T15:10:12.513744,100.0,52.03672409057617,400.0
2026-04-22T15:10:14.717844,100.0,52.03672409057617,400.0
2026-04-22T15:10:16.920537,100.0,52.03672409057617,400.0
2026-04-22T15:10:19.122374,100.0,52.13789749145508,400.0
2026-04-22T15:10:21.329291,100.0,52.03672409057617,400.0
2026-04-22T15:10:23.532484,100.0,52.13789749145508,400.0
2026-04-22T15:10:25.735253,100.0,52.18848419189453,400.0
2026-04-22T15:10:27.939334,100.0,52.23906707763672,400.0
2026-04-22T15:10:30.141278,100.0,52.23906707763672,400.0
2026-04-22T15:10:32.343850,100.0,52.18848419189453,400.0
2026-04-22T15:10:34.546924,100.0,52.340240478515625,400.0
2026-04-22T15:10:36.751125,100.0,52.28965377807617,400.0
2026-04-22T15:10:38.952867,100.0,52.28965377807617,400.0
2026-04-22T15:10:41.156409,100.0,52.23906707763672,400.0
2026-04-22T15:10:43.362381,100.0,52.23906707763672,400.0
2026-04-22T15:10:45.564434,100.0,52.18848419189453,400.0
2026-04-22T15:10:47.767597,100.0,52.18848419189453,400.0
2026-04-22T15:10:49.969132,100.0,52.13789749145508,400.0
2026-04-22T15:10:52.177597,100.0,52.18848419189453,400.0
2026-04-22T15:10:54.380592,100.0,52.23906707763672,400.0
2026-04-22T15:10:56.583302,100.0,52.28965377807617,400.0
2026-04-22T15:10:58.784824,100.0,52.340240478515625,400.0
2026-04-22T15:11:00.987257,100.0,52.28965377807617,400.0
2026-04-22T15:11:03.190660,100.0,52.340240478515625,400.0
2026-04-22T15:11:05.393717,100.0,52.39082717895508,400.0
2026-04-22T15:11:07.596114,100.0,52.39082717895508,400.0
2026-04-22T15:11:09.798953,100.0,52.28965377807617,400.0
2026-04-22T15:11:12.001400,100.0,52.28965377807617,400.0
2026-04-22T15:11:14.203084,100.0,52.28965377807617,400.0
2026-04-22T15:11:16.404898,100.0,52.340240478515625,400.0
2026-04-22T15:11:18.607852,100.0,52.28965377807617,400.0
2026-04-22T15:11:20.813460,100.0,52.340240478515625,400.0
2026-04-22T15:11:23.015415,100.0,52.39082717895508,400.0
2026-04-22T15:11:25.218632,100.0,52.492000579833984,400.0
2026-04-22T15:11:27.422254,100.0,52.492000579833984,400.0
2026-04-22T15:11:29.624297,100.0,52.44141387939453,400.0
2026-04-22T15:11:31.827548,100.0,52.39082717895508,400.0
2026-04-22T15:11:34.030589,100.0,52.492000579833984,400.0
2026-04-22T15:11:36.233457,100.0,52.54258728027344,400.0
2026-04-22T15:11:38.435850,100.0,52.44141387939453,400.0
2026-04-22T15:11:40.639480,100.0,52.44141387939453,400.0
2026-04-22T15:11:42.843118,100.0,52.39082717895508,400.0
2026-04-22T15:11:45.044961,100.0,52.44141387939453,400.0
2026-04-22T15:11:47.247303,100.0,52.44141387939453,400.0
2026-04-22T15:11:49.452289,100.0,52.44141387939453,400.0
2026-04-22T15:11:51.656712,100.0,52.44141387939453,400.0
2026-04-22T15:11:53.858576,100.0,52.492000579833984,400.0
2026-04-22T15:11:56.061418,100.0,52.492000579833984,400.0
2026-04-22T15:11:58.264480,100.0,52.492000579833984,400.0
2026-04-22T15:12:00.467764,100.0,52.492000579833984,400.0
2026-04-22T15:12:02.671278,100.0,52.54258728027344,400.0
2026-04-22T15:12:04.874990,100.0,52.59317398071289,400.0
2026-04-22T15:12:07.076816,100.0,52.64375686645508,400.0
2026-04-22T15:12:09.281781,100.0,52.54258728027344,400.0
2026-04-22T15:12:11.484854,100.0,52.492000579833984,400.0
2026-04-22T15:12:13.687700,100.0,52.492000579833984,400.0
2026-04-22T15:12:15.890503,100.0,52.44141387939453,400.0
2026-04-22T15:12:18.094181,100.0,52.54258728027344,400.0
2026-04-22T15:12:20.297529,100.0,52.492000579833984,400.0
2026-04-22T15:12:22.500328,100.0,52.54258728027344,400.0
2026-04-22T15:12:24.702441,100.0,52.492000579833984,400.0
2026-04-22T15:12:26.903997,100.0,52.54258728027344,400.0
2026-04-22T15:12:29.113653,100.0,52.492000579833984,400.0
2026-04-22T15:12:31.315379,100.0,52.54258728027344,400.0
2026-04-22T15:12:33.517803,100.0,52.59317398071289,400.0
2026-04-22T15:12:35.720399,100.0,52.64375686645508,400.0
2026-04-22T15:12:37.923496,100.0,52.492000579833984,400.0
2026-04-22T15:12:40.125193,100.0,52.492000579833984,400.0
2026-04-22T15:12:42.326866,100.0,52.44141387939453,400.0
2026-04-22T15:12:44.531546,100.0,52.44141387939453,400.0
2026-04-22T15:12:46.733845,100.0,52.492000579833984,400.0
2026-04-22T15:12:48.935825,100.0,52.54258728027344,400.0
2026-04-22T15:12:51.138711,100.0,52.44141387939453,400.0
2026-04-22T15:12:53.342081,100.0,52.44141387939453,400.0
2026-04-22T15:12:55.543924,100.0,52.39082717895508,400.0
2026-04-22T15:12:57.747329,100.0,52.44141387939453,400.0
2026-04-22T15:12:59.950751,100.0,52.23906707763672,400.0
2026-04-22T15:13:02.152600,100.0,52.39082717895508,400.0
2026-04-22T15:13:04.355170,100.0,52.340240478515625,400.0
2026-04-22T15:13:06.558713,100.0,52.340240478515625,400.0
2026-04-22T15:13:08.762980,100.0,52.340240478515625,400.0
2026-04-22T15:13:10.967044,100.0,52.28965377807617,400.0
2026-04-22T15:13:13.168993,100.0,52.340240478515625,400.0
2026-04-22T15:13:15.370673,100.0,52.28965377807617,400.0
2026-04-22T15:13:17.573714,100.0,52.23906707763672,400.0
2026-04-22T15:13:19.775626,100.0,52.18848419189453,400.0
2026-04-22T15:13:21.977490,100.0,52.18848419189453,400.0
2026-04-22T15:13:24.180180,100.0,52.087310791015625,400.0
2026-04-22T15:13:26.382785,100.0,52.13789749145508,400.0
2026-04-22T15:13:28.584359,100.0,52.13789749145508,400.0
2026-04-22T15:13:30.786695,100.0,52.23906707763672,400.0
2026-04-22T15:13:32.989695,100.0,52.18848419189453,400.0
2026-04-22T15:13:35.191486,100.0,52.28965377807617,400.0
2026-04-22T15:13:37.395357,100.0,52.28965377807617,400.0
2026-04-22T15:13:39.598069,100.0,52.28965377807617,400.0
2026-04-22T15:13:41.800341,100.0,52.340240478515625,400.0
2026-04-22T15:13:44.003462,100.0,52.28965377807617,400.0
2026-04-22T15:13:46.205843,100.0,52.28965377807617,400.0
2026-04-22T15:13:48.407794,100.0,52.28965377807617,400.0
2026-04-22T15:13:50.609898,100.0,52.340240478515625,400.0
2026-04-22T15:13:52.812253,100.0,52.28965377807617,400.0
2026-04-22T15:13:55.013964,100.0,52.340240478515625,400.0
2026-04-22T15:13:57.216024,100.0,52.340240478515625,400.0
2026-04-22T15:13:59.419513,100.0,52.44141387939453,400.0
2026-04-22T15:14:01.622962,100.0,52.54258728027344,400.0
2026-04-22T15:14:03.826096,100.0,52.44141387939453,400.0
2026-04-22T15:14:06.030372,100.0,52.39082717895508,400.0
2026-04-22T15:14:08.232458,100.0,52.44141387939453,400.0
2026-04-22T15:14:10.435360,100.0,52.39082717895508,400.0
2026-04-22T15:14:12.638941,100.0,52.39082717895508,400.0
2026-04-22T15:14:14.840508,100.0,52.39082717895508,400.0
2026-04-22T15:14:17.042665,100.0,52.44141387939453,400.0
2026-04-22T15:14:19.244992,100.0,52.39082717895508,400.0
2026-04-22T15:14:21.447939,100.0,52.492000579833984,400.0
2026-04-22T15:14:23.650979,100.0,52.39082717895508,400.0
2026-04-22T15:14:25.854186,100.0,52.340240478515625,400.0
2026-04-22T15:14:28.057726,100.0,52.39082717895508,400.0
2026-04-22T15:14:30.259478,100.0,52.28965377807617,400.0
2026-04-22T15:14:32.464711,100.0,52.340240478515625,400.0
2026-04-22T15:14:34.668221,100.0,52.23906707763672,400.0
2026-04-22T15:14:36.869981,100.0,52.28965377807617,400.0
2026-04-22T15:14:39.072615,100.0,52.23906707763672,400.0
2026-04-22T15:14:41.275877,100.0,52.23906707763672,400.0
2026-04-22T15:14:43.478966,100.0,52.18848419189453,400.0
2026-04-22T15:14:45.681662,100.0,52.23906707763672,400.0
2026-04-22T15:14:47.884923,100.0,52.28965377807617,400.0
2026-04-22T15:14:50.088054,100.0,52.340240478515625,400.0
2026-04-22T15:14:52.290214,100.0,52.28965377807617,400.0
2026-04-22T15:14:54.492194,100.0,52.28965377807617,400.0
2026-04-22T15:14:56.694926,100.0,52.23906707763672,400.0
2026-04-22T15:14:58.897159,100.0,52.340240478515625,400.0
2026-04-22T15:15:01.098721,100.0,52.28965377807617,400.0
2026-04-22T15:15:03.302551,100.0,52.23906707763672,400.0
2026-04-22T15:15:05.508226,100.0,52.13789749145508,400.0
2026-04-22T15:15:07.712222,100.0,52.23906707763672,400.0
2026-04-22T15:15:09.915529,100.0,52.23906707763672,400.0
2026-04-22T15:15:12.117725,100.0,52.18848419189453,400.0
2026-04-22T15:15:14.321425,100.0,52.087310791015625,400.0
2026-04-22T15:15:16.525045,100.0,52.087310791015625,400.0
2026-04-22T15:15:18.735422,100.0,51.98613739013672,400.0
2026-04-22T15:15:20.939528,100.0,51.98613739013672,400.0
2026-04-22T15:15:23.142778,100.0,51.98613739013672,400.0
2026-04-22T15:15:25.344617,100.0,52.03672409057617,400.0
2026-04-22T15:15:27.547959,100.0,52.03672409057617,400.0
2026-04-22T15:15:29.751380,100.0,51.98613739013672,400.0
2026-04-22T15:15:31.954042,100.0,52.03672409057617,400.0
2026-04-22T15:15:34.162140,100.0,51.98613739013672,400.0
2026-04-22T15:15:36.363765,100.0,51.98613739013672,400.0
2026-04-22T15:15:38.565779,100.0,52.087310791015625,400.0
2026-04-22T15:15:40.769016,100.0,51.98613739013672,400.0
2026-04-22T15:15:42.975665,100.0,52.03672409057617,400.0
2026-04-22T15:15:45.179239,100.0,52.087310791015625,400.0
2026-04-22T15:15:47.382352,100.0,52.03672409057617,400.0
2026-04-22T15:15:49.584786,100.0,51.935550689697266,400.0
2026-04-22T15:15:51.787349,100.0,51.88496398925781,400.0
2026-04-22T15:15:53.989967,100.0,51.98613739013672,400.0
2026-04-22T15:15:56.192120,100.0,52.03672409057617,400.0
2026-04-22T15:15:58.395794,100.0,52.03672409057617,400.0
2026-04-22T15:16:00.597519,100.0,52.03672409057617,400.0
2026-04-22T15:16:02.800947,100.0,51.98613739013672,400.0
2026-04-22T15:16:05.002787,100.0,51.98613739013672,400.0
2026-04-22T15:16:07.204520,100.0,51.98613739013672,400.0
2026-04-22T15:16:09.406180,100.0,51.98613739013672,400.0
2026-04-22T15:16:11.609832,100.0,51.98613739013672,400.0
2026-04-22T15:16:13.837840,100.0,51.935550689697266,400.0
2026-04-22T15:16:16.044956,100.0,51.935550689697266,400.0
2026-04-22T15:16:18.247940,100.0,51.935550689697266,400.0
2026-04-22T15:16:20.450849,100.0,51.88496398925781,400.0
2026-04-22T15:16:22.652708,100.0,51.88496398925781,400.0
2026-04-22T15:16:24.858090,100.0,51.88496398925781,400.0
2026-04-22T15:16:27.060808,100.0,51.83437728881836,400.0
2026-04-22T15:16:29.263844,100.0,51.78379440307617,400.0
2026-04-22T15:16:31.466557,100.0,51.83437728881836,400.0
2026-04-22T15:16:33.668412,100.0,51.78379440307617,400.0
2026-04-22T15:16:35.872606,100.0,51.83437728881836,400.0
2026-04-22T15:16:38.075802,100.0,51.73320770263672,400.0
2026-04-22T15:16:40.279311,100.0,51.78379440307617,400.0
2026-04-22T15:16:42.480921,100.0,51.83437728881836,400.0
2026-04-22T15:16:44.683473,100.0,51.78379440307617,400.0
2026-04-22T15:16:46.886221,100.0,51.73320770263672,400.0
2026-04-22T15:16:49.090268,100.0,51.63203430175781,400.0
2026-04-22T15:16:51.292433,100.0,51.682621002197266,400.0
2026-04-22T15:16:53.496526,100.0,51.682621002197266,400.0
2026-04-22T15:16:55.700872,100.0,51.63203430175781,400.0
2026-04-22T15:16:57.903662,100.0,51.78379440307617,400.0
2026-04-22T15:17:00.109397,100.0,51.73320770263672,400.0
2026-04-22T15:17:02.312253,100.0,51.73320770263672,400.0
2026-04-22T15:17:04.516118,100.0,51.682621002197266,400.0
2026-04-22T15:17:06.718906,100.0,51.63203430175781,400.0
2026-04-22T15:17:08.923430,100.0,51.63203430175781,400.0
2026-04-22T15:17:11.128253,100.0,51.63203430175781,400.0
2026-04-22T15:17:13.332567,100.0,51.63203430175781,400.0
2026-04-22T15:17:15.536348,100.0,51.682621002197266,400.0
2026-04-22T15:17:17.739919,100.0,51.682621002197266,400.0
2026-04-22T15:17:19.943900,100.0,51.73320770263672,400.0
2026-04-22T15:17:22.149484,100.0,51.73320770263672,400.0
2026-04-22T15:17:24.351881,100.0,51.73320770263672,400.0
2026-04-22T15:17:26.554780,100.0,51.73320770263672,400.0
2026-04-22T15:17:28.758258,100.0,51.682621002197266,400.0
2026-04-22T15:17:30.959873,100.0,51.682621002197266,400.0
2026-04-22T15:17:33.163283,100.0,51.63203430175781,400.0
2026-04-22T15:17:35.367330,100.0,51.78379440307617,400.0
2026-04-22T15:17:37.569263,100.0,51.73320770263672,400.0
2026-04-22T15:17:39.773130,100.0,51.83437728881836,400.0
2026-04-22T15:17:41.976429,100.0,51.78379440307617,400.0
2026-04-22T15:17:44.179509,100.0,51.73320770263672,400.0
2026-04-22T15:17:46.381843,100.0,51.73320770263672,400.0
2026-04-22T15:17:48.583412,100.0,51.83437728881836,400.0
2026-04-22T15:17:50.785709,100.0,51.83437728881836,400.0
2026-04-22T15:17:52.987895,100.0,51.83437728881836,400.0
2026-04-22T15:17:55.191032,100.0,51.83437728881836,400.0
2026-04-22T15:17:57.395153,100.0,51.73320770263672,400.0
2026-04-22T15:17:59.596766,100.0,51.78379440307617,400.0
2026-04-22T15:18:01.801240,100.0,51.88496398925781,400.0
2026-04-22T15:18:04.004374,100.0,51.83437728881836,400.0
2026-04-22T15:18:06.211775,100.0,51.88496398925781,400.0
2026-04-22T15:18:08.413957,100.0,51.78379440307617,400.0
2026-04-22T15:18:10.616803,100.0,51.935550689697266,400.0
2026-04-22T15:18:12.819254,100.0,51.83437728881836,400.0
2026-04-22T15:18:15.022210,100.0,51.78379440307617,400.0
2026-04-22T15:18:17.224198,100.0,51.78379440307617,400.0
2026-04-22T15:18:19.425872,100.0,51.73320770263672,400.0
2026-04-22T15:18:21.628058,100.0,51.73320770263672,400.0
2026-04-22T15:18:23.831273,100.0,51.73320770263672,400.0
2026-04-22T15:18:26.035001,100.0,51.682621002197266,400.0
2026-04-22T15:18:28.236964,100.0,51.73320770263672,400.0
2026-04-22T15:18:30.439809,100.0,51.682621002197266,400.0
2026-04-22T15:18:32.643756,100.0,51.73320770263672,400.0
2026-04-22T15:18:34.846908,100.0,51.682621002197266,400.0
2026-04-22T15:18:37.052391,100.0,51.63203430175781,400.0
2026-04-22T15:18:39.255150,100.0,51.63203430175781,400.0
2026-04-22T15:18:41.458604,100.0,51.63203430175781,400.0
2026-04-22T15:18:43.663068,100.0,51.63203430175781,400.0
2026-04-22T15:18:45.864698,100.0,51.63203430175781,400.0
2026-04-22T15:18:48.067536,100.0,51.63203430175781,400.0
2026-04-22T15:18:50.270067,100.0,51.78379440307617,400.0
2026-04-22T15:18:52.474002,100.0,51.73320770263672,400.0
2026-04-22T15:18:54.677399,100.0,51.63203430175781,400.0
2026-04-22T15:18:56.880909,100.0,51.682621002197266,400.0
2026-04-22T15:18:59.082930,100.0,51.58144760131836,400.0
2026-04-22T15:19:01.284504,100.0,51.58144760131836,400.0
2026-04-22T15:19:03.491449,100.0,51.682621002197266,400.0
2026-04-22T15:19:05.693489,100.0,51.682621002197266,400.0
2026-04-22T15:19:07.899321,100.0,51.63203430175781,400.0
2026-04-22T15:19:10.101889,100.0,51.63203430175781,400.0
2026-04-22T15:19:12.304056,100.0,51.63203430175781,400.0
2026-04-22T15:19:14.506642,100.0,51.63203430175781,400.0
2026-04-22T15:19:16.708712,100.0,51.58144760131836,400.0
2026-04-22T15:19:18.911789,100.0,51.73320770263672,400.0
2026-04-22T15:19:21.115827,100.0,51.73320770263672,400.0
2026-04-22T15:19:23.318915,100.0,51.63203430175781,400.0
2026-04-22T15:19:25.521262,100.0,51.682621002197266,400.0
2026-04-22T15:19:27.723317,100.0,51.73320770263672,400.0
2026-04-22T15:19:29.926535,100.0,51.682621002197266,400.0
2026-04-22T15:19:32.130052,100.0,51.682621002197266,400.0
2026-04-22T15:19:34.345777,100.0,51.63203430175781,400.0
2026-04-22T15:19:36.547750,100.0,51.682621002197266,400.0
2026-04-22T15:19:38.750526,100.0,51.63203430175781,400.0
2026-04-22T15:19:40.953518,100.0,51.682621002197266,400.0
2026-04-22T15:19:43.155374,100.0,51.682621002197266,400.0
2026-04-22T15:19:45.359296,100.0,51.682621002197266,400.0
2026-04-22T15:19:47.561265,100.0,51.682621002197266,400.0
2026-04-22T15:19:49.766479,100.0,51.73320770263672,400.0
2026-04-22T15:19:51.976487,100.0,51.78379440307617,400.0
2026-04-22T15:19:54.181133,100.0,51.73320770263672,400.0
2026-04-22T15:19:56.384600,100.0,51.682621002197266,400.0
2026-04-22T15:19:58.588991,100.0,51.63203430175781,400.0
2026-04-22T15:20:00.791117,100.0,51.63203430175781,400.0
2026-04-22T15:20:02.994178,100.0,51.682621002197266,400.0
2026-04-22T15:20:05.197501,100.0,51.58144760131836,400.0
2026-04-22T15:20:07.402399,100.0,51.58144760131836,400.0
2026-04-22T15:20:09.604133,100.0,51.58144760131836,400.0
2026-04-22T15:20:11.808729,100.0,51.63203430175781,400.0
2026-04-22T15:20:14.010498,100.0,51.530860900878906,400.0
2026-04-22T15:20:16.213619,100.0,51.48027420043945,400.0
2026-04-22T15:20:18.416858,100.0,51.48027420043945,400.0
2026-04-22T15:20:20.619895,100.0,51.63203430175781,400.0
2026-04-22T15:20:22.822617,100.0,51.63203430175781,400.0
2026-04-22T15:20:25.024722,100.0,51.682621002197266,400.0
2026-04-22T15:20:27.236514,100.0,51.682621002197266,400.0
2026-04-22T15:20:29.438770,100.0,51.73320770263672,400.0
2026-04-22T15:20:31.645778,100.0,51.78379440307617,400.0
2026-04-22T15:20:33.850977,100.0,51.88496398925781,400.0
2026-04-22T15:20:36.055024,100.0,51.88496398925781,400.0
2026-04-22T15:20:38.258307,100.0,51.88496398925781,400.0
2026-04-22T15:20:40.462350,100.0,51.78379440307617,400.0
2026-04-22T15:20:42.667288,100.0,51.78379440307617,400.0
2026-04-22T15:20:44.869261,100.0,51.73320770263672,400.0
2026-04-22T15:20:47.072489,100.0,51.73320770263672,400.0
2026-04-22T15:20:49.274324,100.0,51.78379440307617,400.0
2026-04-22T15:20:51.476358,100.0,51.73320770263672,400.0
2026-04-22T15:20:53.681796,100.0,51.682621002197266,400.0
2026-04-22T15:20:55.883520,100.0,51.682621002197266,400.0
2026-04-22T15:20:58.085442,100.0,51.73320770263672,400.0
2026-04-22T15:21:00.288608,100.0,51.78379440307617,400.0
2026-04-22T15:21:02.491983,100.0,51.73320770263672,400.0
2026-04-22T15:21:04.693692,100.0,51.73320770263672,400.0
2026-04-22T15:21:06.895846,100.0,51.78379440307617,400.0
2026-04-22T15:21:09.098163,100.0,51.78379440307617,400.0
2026-04-22T15:21:11.299993,100.0,51.83437728881836,400.0
2026-04-22T15:21:13.503238,100.0,51.88496398925781,400.0
2026-04-22T15:21:15.704842,100.0,51.98613739013672,400.0
2026-04-22T15:21:17.907991,100.0,51.98613739013672,400.0
2026-04-22T15:21:20.110345,100.0,52.087310791015625,400.0
2026-04-22T15:21:22.318616,100.0,52.18848419189453,400.0
2026-04-22T15:21:24.520705,100.0,52.23906707763672,400.0
2026-04-22T15:21:26.723451,100.0,52.28965377807617,400.0
2026-04-22T15:21:28.932291,100.0,52.340240478515625,400.0
2026-04-22T15:21:31.135596,100.0,52.39082717895508,400.0
2026-04-22T15:21:33.338696,100.0,52.59317398071289,400.0
2026-04-22T15:21:35.540195,100.0,52.59317398071289,400.0
2026-04-22T15:21:37.742427,100.0,52.69434356689453,400.0
2026-04-22T15:21:39.944109,100.0,52.79551696777344,400.0
2026-04-22T15:21:42.147043,100.0,52.84610366821289,400.0
2026-04-22T15:21:44.349999,100.0,52.896690368652344,400.0
2026-04-22T15:21:46.551663,100.0,52.896690368652344,400.0
2026-04-22T15:21:48.756200,100.0,52.99786376953125,400.0
2026-04-22T15:21:50.958512,100.0,52.99786376953125,400.0
2026-04-22T15:21:53.160607,100.0,53.04844665527344,400.0
2026-04-22T15:21:55.363248,100.0,53.09903335571289,400.0
2026-04-22T15:21:57.566888,100.0,53.149620056152344,400.0
2026-04-22T15:21:59.770075,100.0,53.149620056152344,400.0
2026-04-22T15:22:01.972057,100.0,53.149620056152344,400.0
2026-04-22T15:22:04.176210,100.0,53.25079345703125,400.0
2026-04-22T15:22:06.378289,100.0,53.2002067565918,400.0
2026-04-22T15:22:08.581337,100.0,53.3013801574707,400.0
2026-04-22T15:22:10.783573,100.0,53.3013801574707,400.0
2026-04-22T15:22:12.986319,100.0,53.40255355834961,400.0
2026-04-22T15:22:15.187935,100.0,53.4531364440918,400.0
2026-04-22T15:22:17.390012,100.0,53.5543098449707,400.0
2026-04-22T15:22:19.593212,100.0,53.5543098449707,400.0
2026-04-22T15:22:21.797540,100.0,53.604896545410156,400.0
2026-04-22T15:22:24.000994,100.0,53.604896545410156,400.0
2026-04-22T15:22:26.203254,100.0,53.604896545410156,400.0
2026-04-22T15:22:28.406699,100.0,53.70606994628906,400.0
2026-04-22T15:22:30.609737,100.0,53.756656646728516,400.0
2026-04-22T15:22:32.813089,100.0,53.756656646728516,400.0
2026-04-22T15:22:35.014749,100.0,53.756656646728516,400.0
2026-04-22T15:22:37.216757,100.0,53.857826232910156,400.0
2026-04-22T15:22:39.419864,100.0,53.90841293334961,400.0
2026-04-22T15:22:41.621676,100.0,54.009586334228516,400.0
2026-04-22T15:22:43.826130,100.0,53.90841293334961,400.0
2026-04-22T15:22:46.028138,100.0,54.06017303466797,400.0
2026-04-22T15:22:48.232053,100.0,54.009586334228516,400.0
2026-04-22T15:22:50.434997,100.0,54.161346435546875,400.0
2026-04-22T15:22:52.636632,100.0,54.11075973510742,400.0
2026-04-22T15:22:54.840347,100.0,54.262516021728516,400.0
2026-04-22T15:22:57.043005,100.0,54.31310272216797,400.0
2026-04-22T15:22:59.246781,100.0,54.31310272216797,400.0
2026-04-22T15:23:01.449698,100.0,54.414276123046875,400.0
2026-04-22T15:23:03.651505,100.0,54.414276123046875,400.0
2026-04-22T15:23:05.853645,100.0,54.46486282348633,400.0
2026-04-22T15:23:08.056845,100.0,54.46486282348633,400.0
2026-04-22T15:23:10.259707,100.0,54.51544952392578,400.0
2026-04-22T15:23:12.461679,100.0,54.566036224365234,400.0
2026-04-22T15:23:14.663400,100.0,54.51544952392578,400.0
2026-04-22T15:23:16.867151,100.0,54.566036224365234,400.0
2026-04-22T15:23:19.069698,100.0,54.61661911010742,400.0
2026-04-22T15:23:21.272609,100.0,54.61661911010742,400.0
2026-04-22T15:23:23.476275,100.0,54.61661911010742,400.0
2026-04-22T15:23:25.679191,100.0,54.566036224365234,400.0
2026-04-22T15:23:27.882011,100.0,54.71779251098633,400.0
2026-04-22T15:23:30.085268,100.0,54.818965911865234,400.0
2026-04-22T15:23:32.287964,100.0,54.818965911865234,400.0
2026-04-22T15:23:34.491310,100.0,54.86955261230469,400.0
2026-04-22T15:23:36.692993,100.0,54.818965911865234,400.0
2026-04-22T15:23:38.896335,100.0,54.86955261230469,400.0
2026-04-22T15:23:41.099698,100.0,54.76837921142578,400.0
2026-04-22T15:23:43.301402,100.0,54.818965911865234,400.0
2026-04-22T15:23:45.507185,100.0,54.970726013183594,400.0
2026-04-22T15:23:47.709459,100.0,54.86955261230469,400.0
2026-04-22T15:23:49.911500,100.0,54.86955261230469,400.0
2026-04-22T15:23:52.115417,100.0,54.92013931274414,400.0
2026-04-22T15:23:54.318564,100.0,54.970726013183594,400.0
2026-04-22T15:23:56.520620,100.0,54.92013931274414,400.0
2026-04-22T15:23:58.723691,100.0,54.92013931274414,400.0
2026-04-22T15:24:00.926375,100.0,54.970726013183594,400.0
2026-04-22T15:24:03.128419,100.0,54.92013931274414,400.0
2026-04-22T15:24:05.330978,100.0,55.02130889892578,400.0
2026-04-22T15:24:07.535278,100.0,54.970726013183594,400.0
2026-04-22T15:24:09.739630,100.0,55.071895599365234,400.0
2026-04-22T15:24:11.942940,100.0,55.071895599365234,400.0
2026-04-22T15:24:14.145099,100.0,55.12248229980469,400.0
2026-04-22T15:24:16.347168,100.0,55.17306900024414,400.0
2026-04-22T15:24:18.549142,100.0,55.223655700683594,400.0
2026-04-22T15:24:20.751973,100.0,55.17306900024414,400.0
2026-04-22T15:24:22.955469,100.0,55.17306900024414,400.0
2026-04-22T15:24:25.157308,100.0,55.223655700683594,400.0
2026-04-22T15:24:27.360153,100.0,55.27424240112305,400.0
2026-04-22T15:24:29.563353,100.0,55.3248291015625,400.0
2026-04-22T15:24:31.766456,100.0,55.3248291015625,400.0
2026-04-22T15:24:33.969253,100.0,55.42599868774414,400.0
2026-04-22T15:24:36.171679,100.0,55.37541580200195,400.0
2026-04-22T15:24:38.374668,100.0,55.37541580200195,400.0
2026-04-22T15:24:40.577771,100.0,55.37541580200195,400.0
2026-04-22T15:24:42.779653,100.0,55.476585388183594,400.0
2026-04-22T15:24:44.983638,100.0,55.42599868774414,400.0
2026-04-22T15:24:47.185991,100.0,55.476585388183594,400.0
2026-04-22T15:24:49.388162,100.0,55.52717208862305,400.0
2026-04-22T15:24:51.597011,100.0,55.476585388183594,400.0
2026-04-22T15:24:53.800672,100.0,55.5777587890625,400.0
2026-04-22T15:24:56.004689,100.0,55.678932189941406,400.0
2026-04-22T15:24:58.208327,100.0,55.678932189941406,400.0
2026-04-22T15:25:00.410761,100.0,55.78010559082031,400.0
2026-04-22T15:25:02.612606,100.0,55.72951889038086,400.0
2026-04-22T15:25:04.815624,100.0,55.8306884765625,400.0
2026-04-22T15:25:07.018213,100.0,55.8306884765625,400.0
2026-04-22T15:25:09.220470,100.0,55.8306884765625,400.0
2026-04-22T15:25:11.422871,100.0,55.8306884765625,400.0
2026-04-22T15:25:13.624512,100.0,55.78010559082031,400.0
2026-04-22T15:25:15.827497,100.0,55.678932189941406,400.0
2026-04-22T15:25:18.030183,100.0,55.72951889038086,400.0
2026-04-22T15:25:20.232269,100.0,55.678932189941406,400.0
2026-04-22T15:25:22.435739,100.0,55.72951889038086,400.0
2026-04-22T15:25:24.637700,100.0,55.78010559082031,400.0
2026-04-22T15:25:26.841754,100.0,55.8306884765625,400.0
2026-04-22T15:25:29.044161,100.0,55.88127517700195,400.0
2026-04-22T15:25:31.248056,100.0,55.8306884765625,400.0
2026-04-22T15:25:33.454434,100.0,55.931861877441406,400.0
2026-04-22T15:25:35.656458,100.0,55.88127517700195,400.0
2026-04-22T15:25:37.858961,100.0,55.931861877441406,400.0
2026-04-22T15:25:40.062468,100.0,55.98244857788086,400.0
2026-04-22T15:25:42.265529,100.0,55.931861877441406,400.0
2026-04-22T15:25:44.467691,100.0,55.8306884765625,400.0
2026-04-22T15:25:46.669361,100.0,55.8306884765625,400.0
2026-04-22T15:25:48.871567,100.0,55.88127517700195,400.0
2026-04-22T15:25:51.074745,100.0,55.931861877441406,400.0
2026-04-22T15:25:53.276441,100.0,55.931861877441406,400.0
2026-04-22T15:25:55.479907,100.0,55.88127517700195,400.0
2026-04-22T15:25:57.682902,100.0,55.98244857788086,400.0
2026-04-22T15:25:59.885089,100.0,55.931861877441406,400.0
2026-04-22T15:26:02.088709,100.0,55.931861877441406,400.0
2026-04-22T15:26:04.292858,100.0,55.98244857788086,400.0
2026-04-22T15:26:06.494936,100.0,56.03303527832031,400.0
2026-04-22T15:26:08.698153,100.0,56.03303527832031,400.0
2026-04-22T15:26:10.901700,100.0,56.083621978759766,400.0
2026-04-22T15:26:13.103524,100.0,56.083621978759766,400.0
2026-04-22T15:26:15.306276,100.0,56.03303527832031,400.0
2026-04-22T15:26:17.508030,100.0,56.13420867919922,400.0
2026-04-22T15:26:19.709714,100.0,56.03303527832031,400.0
2026-04-22T15:26:21.912835,100.0,56.184791564941406,400.0
2026-04-22T15:26:24.115064,100.0,56.184791564941406,400.0
2026-04-22T15:26:26.318025,100.0,56.184791564941406,400.0
2026-04-22T15:26:28.520780,100.0,56.23537826538086,400.0
2026-04-22T15:26:30.723883,100.0,56.184791564941406,400.0
2026-04-22T15:26:32.927511,100.0,56.28596496582031,400.0
2026-04-22T15:26:35.129700,100.0,56.28596496582031,400.0
2026-04-22T15:26:37.333203,100.0,56.28596496582031,400.0
2026-04-22T15:26:39.534869,100.0,56.28596496582031,400.0
2026-04-22T15:26:41.737811,100.0,56.28596496582031,400.0
2026-04-22T15:26:43.939561,100.0,56.28596496582031,400.0
2026-04-22T15:26:46.142491,100.0,56.28596496582031,400.0
2026-04-22T15:26:48.346611,100.0,56.38713836669922,400.0
2026-04-22T15:26:50.552625,100.0,56.28596496582031,400.0
2026-04-22T15:26:52.754644,100.0,56.28596496582031,400.0
2026-04-22T15:26:54.956643,100.0,56.23537826538086,400.0
2026-04-22T15:26:57.159656,100.0,56.336551666259766,400.0
2026-04-22T15:26:59.363259,100.0,56.184791564941406,400.0
2026-04-22T15:27:01.566131,100.0,56.184791564941406,400.0
2026-04-22T15:27:03.769888,100.0,56.13420867919922,400.0
2026-04-22T15:27:05.971972,100.0,56.083621978759766,400.0
2026-04-22T15:27:08.173829,100.0,56.13420867919922,400.0
2026-04-22T15:27:10.394046,100.0,56.184791564941406,400.0
2026-04-22T15:27:12.596939,100.0,56.23537826538086,400.0
2026-04-22T15:27:14.799610,100.0,56.23537826538086,400.0
2026-04-22T15:27:17.004169,100.0,56.23537826538086,400.0
2026-04-22T15:27:19.207468,100.0,56.28596496582031,400.0
2026-04-22T15:27:21.410938,100.0,56.28596496582031,400.0
2026-04-22T15:27:23.612801,100.0,56.23537826538086,400.0
2026-04-22T15:27:25.815590,100.0,56.23537826538086,400.0
2026-04-22T15:27:28.018440,100.0,56.23537826538086,400.0
2026-04-22T15:27:30.221987,100.0,56.38713836669922,400.0
2026-04-22T15:27:32.423851,100.0,56.38713836669922,400.0
2026-04-22T15:27:34.626322,100.0,56.336551666259766,400.0
2026-04-22T15:27:36.830076,100.0,56.23537826538086,400.0
2026-04-22T15:27:39.032891,100.0,56.28596496582031,400.0
2026-04-22T15:27:41.236007,100.0,56.23537826538086,400.0
2026-04-22T15:27:43.438003,100.0,56.13420867919922,400.0
2026-04-22T15:27:45.640892,100.0,56.184791564941406,400.0
2026-04-22T15:27:47.843247,100.0,56.184791564941406,400.0
2026-04-22T15:27:50.046650,100.0,56.28596496582031,400.0
2026-04-22T15:27:52.253180,100.0,56.184791564941406,400.0
2026-04-22T15:27:54.456547,100.0,56.184791564941406,400.0
2026-04-22T15:27:56.660365,100.0,56.13420867919922,400.0
2026-04-22T15:27:58.863233,100.0,56.184791564941406,400.0
2026-04-22T15:28:01.066870,100.0,56.23537826538086,400.0
2026-04-22T15:28:03.269683,100.0,56.184791564941406,400.0
2026-04-22T15:28:05.472161,100.0,56.13420867919922,400.0
2026-04-22T15:28:07.674876,100.0,56.13420867919922,400.0
2026-04-22T15:28:09.879709,100.0,56.13420867919922,400.0
2026-04-22T15:28:12.085716,100.0,56.13420867919922,400.0
2026-04-22T15:28:14.287647,100.0,56.184791564941406,400.0
2026-04-22T15:28:16.489684,100.0,56.13420867919922,400.0
2026-04-22T15:28:18.691661,100.0,56.03303527832031,400.0
2026-04-22T15:28:20.895729,100.0,56.13420867919922,400.0
2026-04-22T15:28:23.099210,100.0,56.083621978759766,400.0
2026-04-22T15:28:25.301082,100.0,56.23537826538086,400.0
2026-04-22T15:28:27.504204,100.0,56.23537826538086,400.0
2026-04-22T15:28:29.705971,100.0,56.184791564941406,400.0
2026-04-22T15:28:31.910744,100.0,56.184791564941406,400.0
2026-04-22T15:28:34.112717,100.0,56.13420867919922,400.0
2026-04-22T15:28:36.315513,100.0,56.184791564941406,400.0
2026-04-22T15:28:38.518761,100.0,56.083621978759766,400.0
2026-04-22T15:28:40.720963,100.0,56.03303527832031,400.0
2026-04-22T15:28:42.924760,100.0,56.03303527832031,400.0
2026-04-22T15:28:45.127420,100.0,56.03303527832031,400.0
2026-04-22T15:28:47.330162,100.0,56.083621978759766,400.0
2026-04-22T15:28:49.532446,100.0,56.03303527832031,400.0
2026-04-22T15:28:51.735388,100.0,55.98244857788086,400.0
2026-04-22T15:28:53.938907,100.0,55.98244857788086,400.0
2026-04-22T15:28:56.142028,100.0,55.88127517700195,400.0
2026-04-22T15:28:58.346049,100.0,56.03303527832031,400.0
2026-04-22T15:29:00.547733,100.0,55.98244857788086,400.0
2026-04-22T15:29:02.751413,100.0,55.88127517700195,400.0
2026-04-22T15:29:04.956196,100.0,55.98244857788086,400.0
2026-04-22T15:29:07.159535,100.0,55.88127517700195,400.0
2026-04-22T15:29:09.362767,100.0,55.72951889038086,400.0
2026-04-22T15:29:11.565688,100.0,55.8306884765625,400.0
2026-04-22T15:29:13.768483,100.0,55.72951889038086,400.0
2026-04-22T15:29:15.976867,100.0,55.678932189941406,400.0
2026-04-22T15:29:18.179255,100.0,55.72951889038086,400.0
2026-04-22T15:29:20.382189,100.0,55.72951889038086,400.0
2026-04-22T15:29:22.584398,100.0,55.78010559082031,400.0
2026-04-22T15:29:24.788100,100.0,55.78010559082031,400.0
2026-04-22T15:29:26.992493,100.0,55.78010559082031,400.0
2026-04-22T15:29:29.200320,100.0,55.72951889038086,400.0
2026-04-22T15:29:31.402092,100.0,55.8306884765625,400.0
2026-04-22T15:29:33.604191,100.0,55.8306884765625,400.0
2026-04-22T15:29:35.806240,100.0,55.8306884765625,400.0
2026-04-22T15:29:38.009063,100.0,55.8306884765625,400.0
2026-04-22T15:29:40.215795,100.0,55.8306884765625,400.0
2026-04-22T15:29:42.417659,100.0,55.8306884765625,400.0
2026-04-22T15:29:44.619287,100.0,55.8306884765625,400.0
2026-04-22T15:29:46.821103,100.0,55.88127517700195,400.0
2026-04-22T15:29:49.027766,100.0,55.8306884765625,400.0
2026-04-22T15:29:51.231041,100.0,55.8306884765625,400.0
2026-04-22T15:29:53.434408,100.0,55.78010559082031,400.0
2026-04-22T15:29:55.636243,100.0,55.78010559082031,400.0
2026-04-22T15:29:57.837968,100.0,55.8306884765625,400.0
2026-04-22T15:30:00.040399,100.0,55.88127517700195,400.0
2026-04-22T15:30:02.244615,100.0,55.8306884765625,400.0
2026-04-22T15:30:04.448172,100.0,55.678932189941406,400.0
2026-04-22T15:30:06.651766,100.0,55.72951889038086,400.0
2026-04-22T15:30:08.855851,100.0,55.72951889038086,400.0
2026-04-22T15:30:11.058196,100.0,55.78010559082031,400.0
2026-04-22T15:30:13.260721,100.0,55.72951889038086,400.0
2026-04-22T15:30:15.462850,100.0,55.8306884765625,400.0
2026-04-22T15:30:17.664986,100.0,55.78010559082031,400.0
2026-04-22T15:30:19.871390,100.0,55.72951889038086,400.0
2026-04-22T15:30:22.073241,100.0,55.678932189941406,400.0
2026-04-22T15:30:24.276927,100.0,55.78010559082031,400.0
2026-04-22T15:30:26.480393,100.0,55.5777587890625,400.0
2026-04-22T15:30:28.682751,100.0,55.678932189941406,400.0
2026-04-22T15:30:30.886228,100.0,55.8306884765625,400.0
2026-04-22T15:30:33.088318,100.0,55.8306884765625,400.0
2026-04-22T15:30:35.297937,100.0,55.72951889038086,400.0
2026-04-22T15:30:37.500994,100.0,55.72951889038086,400.0
2026-04-22T15:30:39.704253,100.0,55.678932189941406,400.0
2026-04-22T15:30:41.906475,100.0,55.78010559082031,400.0
2026-04-22T15:30:44.108080,100.0,55.78010559082031,400.0
2026-04-22T15:30:46.311438,100.0,55.678932189941406,400.0
2026-04-22T15:30:48.514295,100.0,55.62834548950195,400.0
2026-04-22T15:30:50.717766,100.0,55.72951889038086,400.0
2026-04-22T15:30:52.920804,100.0,55.62834548950195,400.0
2026-04-22T15:30:55.123536,100.0,55.62834548950195,400.0
2026-04-22T15:30:57.327561,100.0,55.42599868774414,400.0
2026-04-22T15:30:59.531172,100.0,55.5777587890625,400.0
2026-04-22T15:31:01.733420,100.0,55.62834548950195,400.0
2026-04-22T15:31:03.935449,100.0,55.678932189941406,400.0
2026-04-22T15:31:06.137566,100.0,55.72951889038086,400.0
2026-04-22T15:31:08.339379,100.0,55.678932189941406,400.0
2026-04-22T15:31:10.542749,100.0,55.62834548950195,400.0
2026-04-22T15:31:12.746460,100.0,55.5777587890625,400.0
2026-04-22T15:31:14.948238,100.0,55.5777587890625,400.0
2026-04-22T15:31:17.150473,100.0,55.476585388183594,400.0
2026-04-22T15:31:19.352771,100.0,55.52717208862305,400.0
2026-04-22T15:31:21.554853,100.0,55.5777587890625,400.0
2026-04-22T15:31:23.758665,100.0,55.476585388183594,400.0
2026-04-22T15:31:25.960455,100.0,55.476585388183594,400.0
2026-04-22T15:31:28.162447,100.0,55.5777587890625,400.0
2026-04-22T15:31:30.364515,100.0,55.62834548950195,400.0
2026-04-22T15:31:32.567541,100.0,55.62834548950195,400.0
2026-04-22T15:31:34.769520,100.0,55.5777587890625,400.0
2026-04-22T15:31:36.972686,100.0,55.62834548950195,400.0
2026-04-22T15:31:39.175071,100.0,55.72951889038086,400.0
2026-04-22T15:31:41.379776,100.0,55.8306884765625,400.0
2026-04-22T15:31:43.581300,100.0,55.78010559082031,400.0
2026-04-22T15:31:45.783341,100.0,55.931861877441406,400.0
2026-04-22T15:31:47.986690,100.0,55.88127517700195,400.0
2026-04-22T15:31:50.190253,100.0,55.88127517700195,400.0
2026-04-22T15:31:52.393396,100.0,55.8306884765625,400.0
2026-04-22T15:31:54.596530,100.0,55.88127517700195,400.0
2026-04-22T15:31:56.807524,100.0,55.98244857788086,400.0
2026-04-22T15:31:59.009881,100.0,56.03303527832031,400.0
2026-04-22T15:32:01.212160,100.0,55.98244857788086,400.0
2026-04-22T15:32:03.418345,100.0,55.88127517700195,400.0
2026-04-22T15:32:05.621209,100.0,55.931861877441406,400.0
2026-04-22T15:32:07.823146,100.0,55.98244857788086,400.0
2026-04-22T15:32:10.026592,100.0,55.931861877441406,400.0
2026-04-22T15:32:12.231626,100.0,56.03303527832031,400.0
2026-04-22T15:32:14.438408,100.0,56.03303527832031,400.0
2026-04-22T15:32:16.640368,100.0,56.03303527832031,400.0
2026-04-22T15:32:18.843194,100.0,56.083621978759766,400.0
2026-04-22T15:32:21.045474,100.0,56.13420867919922,400.0
2026-04-22T15:32:23.247301,100.0,56.03303527832031,400.0
2026-04-22T15:32:25.449760,100.0,55.931861877441406,400.0
2026-04-22T15:32:27.655303,100.0,55.98244857788086,400.0
2026-04-22T15:32:29.858220,100.0,55.88127517700195,400.0
2026-04-22T15:32:32.060064,100.0,56.03303527832031,400.0
2026-04-22T15:32:34.261790,100.0,56.03303527832031,400.0
2026-04-22T15:32:36.464478,100.0,55.88127517700195,400.0
2026-04-22T15:32:38.666904,100.0,55.931861877441406,400.0
2026-04-22T15:32:40.869007,100.0,55.8306884765625,400.0
2026-04-22T15:32:43.071262,100.0,55.98244857788086,400.0
2026-04-22T15:32:45.273969,100.0,55.931861877441406,400.0
2026-04-22T15:32:47.479004,100.0,55.98244857788086,400.0
2026-04-22T15:32:49.684776,100.0,55.931861877441406,400.0
2026-04-22T15:32:51.886665,100.0,55.98244857788086,400.0
2026-04-22T15:32:54.088408,100.0,56.03303527832031,400.0
2026-04-22T15:32:56.290187,100.0,56.083621978759766,400.0
2026-04-22T15:32:58.492000,100.0,56.03303527832031,400.0
2026-04-22T15:33:00.700087,100.0,56.083621978759766,400.0
2026-04-22T15:33:02.901779,100.0,56.03303527832031,400.0
2026-04-22T15:33:05.103842,100.0,56.083621978759766,400.0
2026-04-22T15:33:07.307416,100.0,56.23537826538086,400.0
2026-04-22T15:33:09.510007,100.0,56.184791564941406,400.0
2026-04-22T15:33:11.712201,100.0,56.28596496582031,400.0
2026-04-22T15:33:13.915415,100.0,56.184791564941406,400.0
2026-04-22T15:33:16.118533,100.0,56.28596496582031,400.0
2026-04-22T15:33:18.322260,100.0,56.184791564941406,400.0
2026-04-22T15:33:20.526674,100.0,56.28596496582031,400.0
2026-04-22T15:33:22.728984,100.0,56.23537826538086,400.0
2026-04-22T15:33:24.931493,100.0,56.13420867919922,400.0
2026-04-22T15:33:27.133585,100.0,56.13420867919922,400.0
2026-04-22T15:33:29.336176,100.0,56.184791564941406,400.0
2026-04-22T15:33:31.539856,100.0,56.28596496582031,400.0
2026-04-22T15:33:33.742167,100.0,56.13420867919922,400.0
2026-04-22T15:33:35.944016,100.0,56.13420867919922,400.0
2026-04-22T15:33:38.147272,100.0,56.23537826538086,400.0
2026-04-22T15:33:40.350378,100.0,56.184791564941406,400.0
2026-04-22T15:33:42.553640,100.0,56.13420867919922,400.0
2026-04-22T15:33:44.758419,100.0,56.13420867919922,400.0
2026-04-22T15:33:46.960452,100.0,56.23537826538086,400.0
2026-04-22T15:33:49.164999,100.0,56.23537826538086,400.0
2026-04-22T15:33:51.367094,100.0,56.28596496582031,400.0
2026-04-22T15:33:53.570275,100.0,56.28596496582031,400.0
2026-04-22T15:33:55.773550,100.0,56.43772506713867,400.0
2026-04-22T15:33:57.975226,100.0,56.53889846801758,400.0
2026-04-22T15:34:00.177736,100.0,56.38713836669922,400.0
2026-04-22T15:34:02.379375,100.0,56.43772506713867,400.0
2026-04-22T15:34:04.583038,100.0,56.43772506713867,400.0
2026-04-22T15:34:06.785647,100.0,56.43772506713867,400.0
2026-04-22T15:34:08.988806,100.0,56.336551666259766,400.0
2026-04-22T15:34:11.192261,100.0,56.488311767578125,400.0
2026-04-22T15:34:13.396128,100.0,56.488311767578125,400.0
2026-04-22T15:34:15.598959,100.0,56.43772506713867,400.0
2026-04-22T15:34:17.800791,100.0,56.38713836669922,400.0
2026-04-22T15:34:20.002966,100.0,56.336551666259766,400.0
2026-04-22T15:34:22.204981,100.0,56.43772506713867,400.0
2026-04-22T15:34:24.408108,100.0,56.38713836669922,400.0
2026-04-22T15:34:26.610156,100.0,56.43772506713867,400.0
2026-04-22T15:34:28.813717,100.0,56.38713836669922,400.0
2026-04-22T15:34:31.015612,100.0,56.38713836669922,400.0
2026-04-22T15:34:33.218672,100.0,56.38713836669922,400.0
2026-04-22T15:34:35.421774,100.0,56.336551666259766,400.0
2026-04-22T15:34:37.624070,100.0,56.336551666259766,400.0
2026-04-22T15:34:39.826583,100.0,56.38713836669922,400.0
2026-04-22T15:34:42.028630,100.0,56.336551666259766,400.0
2026-04-22T15:34:44.235005,100.0,56.28596496582031,400.0
2026-04-22T15:34:46.436679,100.0,56.28596496582031,400.0
2026-04-22T15:34:48.640370,100.0,56.184791564941406,400.0
2026-04-22T15:34:50.843425,100.0,56.23537826538086,400.0
2026-04-22T15:34:53.047127,100.0,56.28596496582031,400.0
2026-04-22T15:34:55.249911,100.0,56.28596496582031,400.0
2026-04-22T15:34:57.453174,100.0,56.43772506713867,400.0
2026-04-22T15:34:59.655061,100.0,56.38713836669922,400.0
2026-04-22T15:35:01.856830,100.0,56.23537826538086,400.0
2026-04-22T15:35:04.059967,100.0,56.184791564941406,400.0
2026-04-22T15:35:06.262910,100.0,56.28596496582031,400.0
2026-04-22T15:35:08.464600,100.0,56.28596496582031,400.0
2026-04-22T15:35:10.667338,100.0,56.336551666259766,400.0
2026-04-22T15:35:12.869345,100.0,56.336551666259766,400.0
2026-04-22T15:35:15.072385,100.0,56.28596496582031,400.0
2026-04-22T15:35:17.275356,100.0,56.23537826538086,400.0
2026-04-22T15:35:19.477173,100.0,56.23537826538086,400.0
2026-04-22T15:35:21.678819,100.0,56.23537826538086,400.0
2026-04-22T15:35:23.881742,100.0,56.336551666259766,400.0
2026-04-22T15:35:26.083788,100.0,56.28596496582031,400.0
2026-04-22T15:35:28.287089,100.0,56.23537826538086,400.0
2026-04-22T15:35:30.490154,100.0,56.28596496582031,400.0
2026-04-22T15:35:32.693736,100.0,56.336551666259766,400.0
2026-04-22T15:35:34.896906,100.0,56.23537826538086,400.0
2026-04-22T15:35:37.098498,100.0,56.23537826538086,400.0
2026-04-22T15:35:39.302267,100.0,56.336551666259766,400.0
2026-04-22T15:35:41.504446,100.0,56.336551666259766,400.0
2026-04-22T15:35:43.707169,100.0,56.28596496582031,400.0
2026-04-22T15:35:45.910403,100.0,56.336551666259766,400.0
2026-04-22T15:35:48.112505,100.0,56.28596496582031,400.0
2026-04-22T15:35:50.315897,100.0,56.336551666259766,400.0
2026-04-22T15:35:52.519268,100.0,56.336551666259766,400.0
2026-04-22T15:35:54.721005,100.0,56.38713836669922,400.0
2026-04-22T15:35:56.924448,100.0,56.43772506713867,400.0
2026-04-22T15:35:59.127704,100.0,56.43772506713867,400.0
2026-04-22T15:36:01.330767,100.0,56.43772506713867,400.0
2026-04-22T15:36:03.532671,100.0,56.28596496582031,400.0
2026-04-22T15:36:05.735492,100.0,56.23537826538086,400.0
2026-04-22T15:36:07.937213,100.0,56.13420867919922,400.0
2026-04-22T15:36:10.140753,100.0,56.23537826538086,400.0
2026-04-22T15:36:12.342986,100.0,56.28596496582031,400.0
2026-04-22T15:36:14.547591,100.0,56.28596496582031,400.0
2026-04-22T15:36:16.750281,100.0,56.28596496582031,400.0
2026-04-22T15:36:18.952656,100.0,56.336551666259766,400.0
2026-04-22T15:36:21.154998,100.0,56.336551666259766,400.0
2026-04-22T15:36:23.359139,100.0,56.336551666259766,400.0
2026-04-22T15:36:25.563324,100.0,56.43772506713867,400.0
2026-04-22T15:36:27.767114,100.0,56.43772506713867,400.0
2026-04-22T15:36:29.971191,100.0,56.488311767578125,400.0
2026-04-22T15:36:32.172991,100.0,56.53889846801758,400.0
2026-04-22T15:36:34.378134,100.0,56.43772506713867,400.0
2026-04-22T15:36:36.580964,100.0,56.38713836669922,400.0
2026-04-22T15:36:38.782864,100.0,56.488311767578125,400.0
2026-04-22T15:36:40.995245,100.0,56.488311767578125,400.0
2026-04-22T15:36:43.198371,100.0,56.53889846801758,400.0
2026-04-22T15:36:45.402752,100.0,56.488311767578125,400.0
2026-04-22T15:36:47.606447,100.0,56.53889846801758,400.0
2026-04-22T15:36:49.808318,100.0,56.53889846801758,400.0
2026-04-22T15:36:52.011886,100.0,56.488311767578125,400.0
2026-04-22T15:36:54.214503,100.0,56.589481353759766,400.0
2026-04-22T15:36:56.416296,100.0,56.589481353759766,400.0
2026-04-22T15:36:58.618841,100.0,56.488311767578125,400.0
2026-04-22T15:37:00.822177,100.0,56.38713836669922,400.0
2026-04-22T15:37:03.024205,100.0,56.43772506713867,400.0
2026-04-22T15:37:05.227726,100.0,56.38713836669922,400.0
2026-04-22T15:37:07.430456,100.0,56.336551666259766,400.0
2026-04-22T15:37:09.632114,100.0,56.43772506713867,400.0
2026-04-22T15:37:11.835072,100.0,56.38713836669922,400.0
2026-04-22T15:37:14.038464,100.0,56.43772506713867,400.0
2026-04-22T15:37:16.242797,100.0,56.336551666259766,400.0
2026-04-22T15:37:18.446558,100.0,56.28596496582031,400.0
2026-04-22T15:37:20.648558,100.0,56.28596496582031,400.0
2026-04-22T15:37:22.856155,100.0,56.28596496582031,400.0
2026-04-22T15:37:25.059103,100.0,56.23537826538086,400.0
2026-04-22T15:37:27.261909,100.0,56.184791564941406,400.0
2026-04-22T15:37:29.465358,100.0,56.23537826538086,400.0
2026-04-22T15:37:31.668785,100.0,56.13420867919922,400.0
2026-04-22T15:37:33.871026,100.0,56.03303527832031,400.0
2026-04-22T15:37:36.073724,100.0,56.03303527832031,400.0
2026-04-22T15:37:38.275402,100.0,56.083621978759766,400.0
2026-04-22T15:37:40.478397,100.0,56.083621978759766,400.0
2026-04-22T15:37:42.681215,100.0,56.083621978759766,400.0
2026-04-22T15:37:44.883601,100.0,55.88127517700195,400.0
2026-04-22T15:37:47.085140,100.0,55.98244857788086,400.0
2026-04-22T15:37:49.287979,100.0,55.88127517700195,400.0
2026-04-22T15:37:51.492031,100.0,56.03303527832031,400.0
2026-04-22T15:37:53.694897,100.0,55.88127517700195,400.0
2026-04-22T15:37:55.898853,100.0,55.931861877441406,400.0
2026-04-22T15:37:58.101719,100.0,55.72951889038086,400.0
2026-04-22T15:38:00.304253,100.0,55.78010559082031,400.0
2026-04-22T15:38:02.506817,100.0,55.78010559082031,400.0
2026-04-22T15:38:04.708742,100.0,55.678932189941406,400.0
2026-04-22T15:38:06.911716,100.0,55.8306884765625,400.0
2026-04-22T15:38:09.114511,100.0,55.88127517700195,400.0
2026-04-22T15:38:11.316743,100.0,55.88127517700195,400.0
2026-04-22T15:38:13.522620,100.0,55.88127517700195,400.0
2026-04-22T15:38:15.724959,100.0,55.8306884765625,400.0
2026-04-22T15:38:17.927059,100.0,55.8306884765625,400.0
2026-04-22T15:38:20.130745,100.0,55.8306884765625,400.0
2026-04-22T15:38:22.332879,100.0,55.78010559082031,400.0
2026-04-22T15:38:24.536923,100.0,55.78010559082031,400.0
2026-04-22T15:38:26.738690,100.0,55.8306884765625,400.0
2026-04-22T15:38:28.940240,100.0,55.8306884765625,400.0
2026-04-22T15:38:31.143415,100.0,55.8306884765625,400.0
2026-04-22T15:38:33.345621,100.0,55.78010559082031,400.0
2026-04-22T15:38:35.548544,100.0,55.8306884765625,400.0
2026-04-22T15:38:37.751035,100.0,55.8306884765625,400.0
2026-04-22T15:38:39.954660,100.0,55.78010559082031,400.0
2026-04-22T15:38:42.157674,100.0,55.88127517700195,400.0
2026-04-22T15:38:44.361748,100.0,55.98244857788086,400.0
2026-04-22T15:38:46.564440,100.0,55.98244857788086,400.0
2026-04-22T15:38:48.766724,100.0,55.88127517700195,400.0
2026-04-22T15:38:50.970394,100.0,55.8306884765625,400.0
2026-04-22T15:38:53.178745,100.0,55.931861877441406,400.0
2026-04-22T15:38:55.380706,100.0,55.98244857788086,400.0
2026-04-22T15:38:57.583374,100.0,56.03303527832031,400.0
2026-04-22T15:38:59.787516,100.0,55.98244857788086,400.0
2026-04-22T15:39:01.989651,100.0,55.931861877441406,400.0
2026-04-22T15:39:04.191731,100.0,55.931861877441406,400.0
2026-04-22T15:39:06.393459,100.0,55.931861877441406,400.0
2026-04-22T15:39:08.596803,100.0,55.88127517700195,400.0
2026-04-22T15:39:10.799568,100.0,55.88127517700195,400.0
2026-04-22T15:39:13.002362,100.0,55.78010559082031,400.0
2026-04-22T15:39:15.206625,100.0,55.8306884765625,400.0
2026-04-22T15:39:17.408799,100.0,55.88127517700195,400.0
2026-04-22T15:39:19.611801,100.0,55.8306884765625,400.0
2026-04-22T15:39:21.813695,100.0,55.931861877441406,400.0
2026-04-22T15:39:24.019142,100.0,55.88127517700195,400.0
2026-04-22T15:39:26.221191,100.0,55.8306884765625,400.0
2026-04-22T15:39:28.423185,100.0,55.72951889038086,400.0
2026-04-22T15:39:30.636102,100.0,55.88127517700195,400.0
2026-04-22T15:39:32.838736,100.0,55.931861877441406,400.0
2026-04-22T15:39:35.040477,100.0,55.931861877441406,400.0
2026-04-22T15:39:37.243938,100.0,55.8306884765625,400.0
2026-04-22T15:39:39.447747,100.0,55.88127517700195,400.0
2026-04-22T15:39:41.653932,100.0,55.678932189941406,400.0
2026-04-22T15:39:43.856851,100.0,55.78010559082031,400.0
2026-04-22T15:39:46.059028,100.0,55.8306884765625,400.0
2026-04-22T15:39:48.263046,100.0,55.8306884765625,400.0
2026-04-22T15:39:50.465911,100.0,55.72951889038086,400.0
2026-04-22T15:39:52.669780,100.0,55.72951889038086,400.0
2026-04-22T15:39:54.875607,100.0,55.78010559082031,400.0
2026-04-22T15:39:57.078985,100.0,55.72951889038086,400.0
2026-04-22T15:39:59.281194,100.0,55.72951889038086,400.0
2026-04-22T15:40:01.485163,100.0,55.78010559082031,400.0
2026-04-22T15:40:03.688332,100.0,55.678932189941406,400.0
2026-04-22T15:40:05.890349,100.0,55.72951889038086,400.0
2026-04-22T15:40:08.093207,100.0,55.72951889038086,400.0
2026-04-22T15:40:10.294946,100.0,55.678932189941406,400.0
2026-04-22T15:40:12.497752,100.0,55.78010559082031,400.0
2026-04-22T15:40:14.700746,100.0,55.72951889038086,400.0
2026-04-22T15:40:16.902941,100.0,55.8306884765625,400.0
2026-04-22T15:40:19.105870,100.0,55.72951889038086,400.0
2026-04-22T15:40:21.308767,100.0,55.78010559082031,400.0
2026-04-22T15:40:23.512600,100.0,55.88127517700195,400.0
2026-04-22T15:40:25.716318,100.0,55.88127517700195,400.0
2026-04-22T15:40:27.919688,100.0,55.78010559082031,400.0
2026-04-22T15:40:30.122885,100.0,55.72951889038086,400.0
2026-04-22T15:40:32.324811,100.0,55.72951889038086,400.0
2026-04-22T15:40:34.526775,100.0,55.8306884765625,400.0
2026-04-22T15:40:36.730960,100.0,55.78010559082031,400.0
2026-04-22T15:40:38.932812,100.0,55.8306884765625,400.0
2026-04-22T15:40:41.140096,100.0,55.78010559082031,400.0
2026-04-22T15:40:43.342538,100.0,55.72951889038086,400.0
2026-04-22T15:40:45.544891,100.0,55.78010559082031,400.0
2026-04-22T15:40:47.748744,100.0,55.72951889038086,400.0
2026-04-22T15:40:49.961275,100.0,55.78010559082031,400.0
2026-04-22T15:40:52.162925,100.0,55.78010559082031,400.0
2026-04-22T15:40:54.368326,100.0,55.62834548950195,400.0
2026-04-22T15:40:56.570077,100.0,55.678932189941406,400.0
2026-04-22T15:40:58.774875,100.0,55.78010559082031,400.0
2026-04-22T15:41:00.977169,100.0,55.678932189941406,400.0
2026-04-22T15:41:03.179017,100.0,55.78010559082031,400.0
2026-04-22T15:41:05.380692,100.0,55.62834548950195,400.0
2026-04-22T15:41:07.583901,100.0,55.72951889038086,400.0
2026-04-22T15:41:09.785650,100.0,55.678932189941406,400.0
2026-04-22T15:41:11.988784,100.0,55.678932189941406,400.0
2026-04-22T15:41:14.191184,100.0,55.678932189941406,400.0
2026-04-22T15:41:16.395786,100.0,55.8306884765625,400.0
2026-04-22T15:41:18.597431,100.0,55.78010559082031,400.0
2026-04-22T15:41:20.800549,100.0,55.8306884765625,400.0
2026-04-22T15:41:23.003050,100.0,55.88127517700195,400.0
2026-04-22T15:41:25.205075,100.0,55.8306884765625,400.0
2026-04-22T15:41:27.407236,100.0,55.8306884765625,400.0
2026-04-22T15:41:29.610748,100.0,55.72951889038086,400.0
2026-04-22T15:41:31.817311,100.0,55.88127517700195,400.0
2026-04-22T15:41:34.019508,100.0,55.8306884765625,400.0
2026-04-22T15:41:36.223442,100.0,55.8306884765625,400.0
2026-04-22T15:41:38.424996,100.0,55.88127517700195,400.0
2026-04-22T15:41:40.628941,100.0,55.8306884765625,400.0
2026-04-22T15:41:42.833176,100.0,55.88127517700195,400.0
2026-04-22T15:41:45.036838,100.0,55.8306884765625,400.0
2026-04-22T15:41:47.240485,100.0,55.8306884765625,400.0
2026-04-22T15:41:49.442219,100.0,55.88127517700195,400.0
2026-04-22T15:41:51.645531,100.0,55.98244857788086,400.0
2026-04-22T15:41:53.848634,100.0,55.8306884765625,400.0
2026-04-22T15:41:56.052496,100.0,55.8306884765625,400.0
2026-04-22T15:41:58.255325,100.0,55.5777587890625,400.0
2026-04-22T15:42:00.458891,100.0,55.5777587890625,400.0
2026-04-22T15:42:02.661013,100.0,55.678932189941406,400.0
2026-04-22T15:42:04.869424,100.0,55.678932189941406,400.0
2026-04-22T15:42:07.072372,100.0,55.678932189941406,400.0
2026-04-22T15:42:09.274342,100.0,55.78010559082031,400.0
2026-04-22T15:42:11.477627,100.0,55.72951889038086,400.0
2026-04-22T15:42:13.680249,100.0,55.78010559082031,400.0
2026-04-22T15:42:15.882652,100.0,55.72951889038086,400.0
2026-04-22T15:42:18.084831,100.0,55.8306884765625,400.0
2026-04-22T15:42:20.287275,100.0,55.78010559082031,400.0
2026-04-22T15:42:22.490297,100.0,55.88127517700195,400.0
2026-04-22T15:42:24.694336,100.0,55.72951889038086,400.0
2026-04-22T15:42:26.897930,100.0,55.62834548950195,400.0
2026-04-22T15:42:29.100571,100.0,55.678932189941406,400.0
2026-04-22T15:42:31.302744,100.0,55.78010559082031,400.0
2026-04-22T15:42:33.511824,100.0,55.72951889038086,400.0
2026-04-22T15:42:35.715524,100.0,55.62834548950195,400.0
2026-04-22T15:42:37.919644,100.0,55.5777587890625,400.0
2026-04-22T15:42:40.121793,100.0,55.678932189941406,400.0
2026-04-22T15:42:42.323871,100.0,55.72951889038086,400.0
2026-04-22T15:42:44.527147,100.0,55.678932189941406,400.0
2026-04-22T15:42:46.729526,100.0,55.62834548950195,400.0
2026-04-22T15:42:48.932532,100.0,55.62834548950195,400.0
2026-04-22T15:42:51.135051,100.0,55.678932189941406,400.0
2026-04-22T15:42:53.338472,100.0,55.72951889038086,400.0
2026-04-22T15:42:55.541682,100.0,55.678932189941406,400.0
2026-04-22T15:42:57.743883,100.0,55.52717208862305,400.0
2026-04-22T15:42:59.947036,100.0,55.62834548950195,400.0
2026-04-22T15:43:02.150589,100.0,55.52717208862305,400.0
2026-04-22T15:43:04.354665,100.0,55.476585388183594,400.0
2026-04-22T15:43:06.556263,100.0,55.5777587890625,400.0
2026-04-22T15:43:08.758422,100.0,55.62834548950195,400.0
2026-04-22T15:43:10.960286,100.0,55.72951889038086,400.0
2026-04-22T15:43:13.163626,100.0,55.72951889038086,400.0
2026-04-22T15:43:15.367108,100.0,55.72951889038086,400.0
2026-04-22T15:43:17.569083,100.0,55.62834548950195,400.0
2026-04-22T15:43:19.770646,100.0,55.52717208862305,400.0
2026-04-22T15:43:21.972304,100.0,55.678932189941406,400.0
2026-04-22T15:43:24.174849,100.0,55.62834548950195,400.0
2026-04-22T15:43:26.378097,100.0,55.678932189941406,400.0
2026-04-22T15:43:28.580401,100.0,55.678932189941406,400.0
2026-04-22T15:43:30.782894,100.0,55.52717208862305,400.0
2026-04-22T15:43:32.985781,100.0,55.476585388183594,400.0
2026-04-22T15:43:35.187901,100.0,55.42599868774414,400.0
2026-04-22T15:43:37.394550,100.0,55.37541580200195,400.0
2026-04-22T15:43:39.597459,100.0,55.476585388183594,400.0
2026-04-22T15:43:41.802658,100.0,55.37541580200195,400.0
2026-04-22T15:43:44.004928,100.0,55.42599868774414,400.0
2026-04-22T15:43:46.207208,100.0,55.476585388183594,400.0
2026-04-22T15:43:48.408930,100.0,55.3248291015625,400.0
2026-04-22T15:43:50.611706,100.0,55.476585388183594,400.0
2026-04-22T15:43:52.813553,100.0,55.3248291015625,400.0
2026-04-22T15:43:55.016661,100.0,55.37541580200195,400.0
2026-04-22T15:43:57.219664,100.0,55.476585388183594,400.0
2026-04-22T15:43:59.423643,100.0,55.42599868774414,400.0
2026-04-22T15:44:01.627039,100.0,55.42599868774414,400.0
2026-04-22T15:44:03.828726,100.0,55.5777587890625,400.0
2026-04-22T15:44:06.032006,100.0,55.476585388183594,400.0
2026-04-22T15:44:08.234837,100.0,55.5777587890625,400.0
2026-04-22T15:44:10.439163,100.0,55.52717208862305,400.0
2026-04-22T15:44:12.641712,100.0,55.52717208862305,400.0
2026-04-22T15:44:14.844669,100.0,55.52717208862305,400.0
2026-04-22T15:44:17.047090,100.0,55.52717208862305,400.0
2026-04-22T15:44:19.248793,100.0,55.62834548950195,400.0
2026-04-22T15:44:21.450396,100.0,55.678932189941406,400.0
2026-04-22T15:44:23.653742,100.0,55.52717208862305,400.0
2026-04-22T15:44:25.856459,100.0,55.5777587890625,400.0
2026-04-22T15:44:28.059805,100.0,55.476585388183594,400.0
2026-04-22T15:44:30.263003,100.0,55.62834548950195,400.0
2026-04-22T15:44:32.464822,100.0,55.42599868774414,400.0
2026-04-22T15:44:34.667158,100.0,55.476585388183594,400.0
2026-04-22T15:44:36.869194,100.0,55.678932189941406,400.0
2026-04-22T15:44:39.072588,100.0,55.62834548950195,400.0
2026-04-22T15:44:41.276349,100.0,55.678932189941406,400.0
2026-04-22T15:44:43.480440,100.0,55.62834548950195,400.0
2026-04-22T15:44:45.685161,100.0,55.476585388183594,400.0
2026-04-22T15:44:47.889085,100.0,55.678932189941406,400.0
2026-04-22T15:44:50.092761,100.0,55.62834548950195,400.0
2026-04-22T15:44:52.295191,100.0,55.62834548950195,400.0
2026-04-22T15:44:54.498934,100.0,55.5777587890625,400.0
2026-04-22T15:44:56.701986,100.0,55.62834548950195,400.0
2026-04-22T15:44:58.907647,100.0,55.5777587890625,400.0
2026-04-22T15:45:01.112991,100.0,55.37541580200195,400.0
2026-04-22T15:45:03.316099,100.0,55.37541580200195,400.0
2026-04-22T15:45:05.517920,100.0,55.42599868774414,400.0
2026-04-22T15:45:07.721149,100.0,55.52717208862305,400.0
2026-04-22T15:45:09.924157,100.0,55.42599868774414,400.0
2026-04-22T15:45:12.128219,100.0,55.223655700683594,400.0
2026-04-22T15:45:14.334485,100.0,55.3248291015625,400.0
2026-04-22T15:45:16.537659,100.0,55.3248291015625,400.0
2026-04-22T15:45:18.740513,100.0,55.27424240112305,400.0
2026-04-22T15:45:20.942819,100.0,55.27424240112305,400.0
2026-04-22T15:45:23.144669,100.0,55.12248229980469,400.0
2026-04-22T15:45:25.347217,100.0,55.17306900024414,400.0
2026-04-22T15:45:27.550788,100.0,55.17306900024414,400.0
2026-04-22T15:45:29.755069,100.0,55.37541580200195,400.0
2026-04-22T15:45:31.957749,100.0,55.223655700683594,400.0
2026-04-22T15:45:34.160652,100.0,55.3248291015625,400.0
2026-04-22T15:45:36.362583,100.0,55.12248229980469,400.0
2026-04-22T15:45:38.564536,100.0,55.071895599365234,400.0
2026-04-22T15:45:40.767994,100.0,55.12248229980469,400.0
2026-04-22T15:45:42.970960,100.0,55.12248229980469,400.0
2026-04-22T15:45:45.174606,100.0,55.12248229980469,400.0
2026-04-22T15:45:47.376762,100.0,55.12248229980469,400.0
2026-04-22T15:45:49.579930,100.0,55.17306900024414,400.0
2026-04-22T15:45:51.782151,100.0,55.12248229980469,400.0
2026-04-22T15:45:53.984278,100.0,55.071895599365234,400.0
2026-04-22T15:45:56.186833,100.0,55.17306900024414,400.0
2026-04-22T15:45:58.388442,100.0,55.27424240112305,400.0
2026-04-22T15:46:00.592496,100.0,55.3248291015625,400.0
2026-04-22T15:46:02.795621,100.0,55.37541580200195,400.0
2026-04-22T15:46:04.998005,100.0,55.27424240112305,400.0
2026-04-22T15:46:07.199733,100.0,55.27424240112305,400.0
2026-04-22T15:46:09.404166,100.0,55.223655700683594,400.0
2026-04-22T15:46:11.607664,100.0,55.223655700683594,400.0
2026-04-22T15:46:13.810487,100.0,55.27424240112305,400.0
2026-04-22T15:46:16.012473,100.0,55.223655700683594,400.0
2026-04-22T15:46:18.215099,100.0,55.27424240112305,400.0
2026-04-22T15:46:20.418967,100.0,55.27424240112305,400.0
2026-04-22T15:46:22.620857,100.0,55.27424240112305,400.0
2026-04-22T15:46:24.824279,100.0,55.223655700683594,400.0
2026-04-22T15:46:27.030991,100.0,55.17306900024414,400.0
2026-04-22T15:46:29.233024,100.0,55.223655700683594,400.0
2026-04-22T15:46:31.434887,100.0,55.223655700683594,400.0
2026-04-22T15:46:33.638425,100.0,55.223655700683594,400.0
2026-04-22T15:46:35.841802,100.0,55.3248291015625,400.0
2026-04-22T15:46:38.046332,100.0,55.17306900024414,400.0
2026-04-22T15:46:40.253017,100.0,55.12248229980469,400.0
2026-04-22T15:46:42.455519,100.0,55.17306900024414,400.0
2026-04-22T15:46:44.657687,100.0,55.223655700683594,400.0
2026-04-22T15:46:46.860558,100.0,55.12248229980469,400.0
2026-04-22T15:46:49.063198,100.0,55.02130889892578,400.0
2026-04-22T15:46:51.265180,100.0,55.071895599365234,400.0
2026-04-22T15:46:53.467294,100.0,55.071895599365234,400.0
2026-04-22T15:46:55.669695,100.0,55.12248229980469,400.0
2026-04-22T15:46:57.872728,100.0,55.223655700683594,400.0
2026-04-22T15:47:00.076938,100.0,55.223655700683594,400.0
2026-04-22T15:47:02.279762,100.0,55.223655700683594,400.0
2026-04-22T15:47:04.481782,100.0,55.3248291015625,400.0
2026-04-22T15:47:06.684253,100.0,55.3248291015625,400.0
2026-04-22T15:47:08.887160,100.0,55.27424240112305,400.0
2026-04-22T15:47:11.089531,100.0,55.27424240112305,400.0
2026-04-22T15:47:13.291426,100.0,55.223655700683594,400.0
2026-04-22T15:47:15.494761,100.0,55.17306900024414,400.0
2026-04-22T15:47:17.698514,100.0,55.17306900024414,400.0
2026-04-22T15:47:19.900063,100.0,55.223655700683594,400.0
2026-04-22T15:47:22.103772,100.0,55.12248229980469,400.0
2026-04-22T15:47:24.305588,100.0,55.17306900024414,400.0
2026-04-22T15:47:26.507338,100.0,55.223655700683594,400.0
2026-04-22T15:47:28.709430,100.0,55.17306900024414,400.0
2026-04-22T15:47:30.911657,100.0,55.17306900024414,400.0
2026-04-22T15:47:33.113476,100.0,55.17306900024414,400.0
2026-04-22T15:47:35.316311,100.0,55.17306900024414,400.0
2026-04-22T15:47:37.519466,100.0,55.17306900024414,400.0
2026-04-22T15:47:39.721644,100.0,55.17306900024414,400.0
2026-04-22T15:47:41.924395,100.0,55.223655700683594,400.0
2026-04-22T15:47:44.127465,100.0,55.12248229980469,400.0
2026-04-22T15:47:46.331166,100.0,55.3248291015625,400.0
2026-04-22T15:47:48.532858,100.0,55.27424240112305,400.0
2026-04-22T15:47:50.736010,100.0,55.3248291015625,400.0
2026-04-22T15:47:52.938995,100.0,55.27424240112305,400.0
2026-04-22T15:47:55.141356,100.0,55.223655700683594,400.0
2026-04-22T15:47:57.344374,100.0,55.17306900024414,400.0
2026-04-22T15:47:59.547245,100.0,55.27424240112305,400.0
2026-04-22T15:48:01.750521,100.0,55.3248291015625,400.0
2026-04-22T15:48:03.952204,100.0,55.27424240112305,400.0
2026-04-22T15:48:06.155486,100.0,55.42599868774414,400.0
2026-04-22T15:48:08.358503,100.0,55.3248291015625,400.0
2026-04-22T15:48:10.560599,100.0,55.3248291015625,400.0
2026-04-22T15:48:12.763122,100.0,55.27424240112305,400.0
2026-04-22T15:48:14.967190,100.0,55.37541580200195,400.0
2026-04-22T15:48:17.168898,100.0,55.42599868774414,400.0
2026-04-22T15:48:19.382419,100.0,55.42599868774414,400.0
2026-04-22T15:48:21.584706,100.0,55.37541580200195,400.0
2026-04-22T15:48:23.786386,100.0,55.3248291015625,400.0
2026-04-22T15:48:25.989759,100.0,55.42599868774414,400.0
2026-04-22T15:48:28.191850,100.0,55.42599868774414,400.0
2026-04-22T15:48:30.394172,100.0,55.42599868774414,400.0
2026-04-22T15:48:32.601012,100.0,55.42599868774414,400.0
2026-04-22T15:48:34.802958,100.0,55.52717208862305,400.0
2026-04-22T15:48:37.006985,100.0,55.5777587890625,400.0
2026-04-22T15:48:39.209301,100.0,55.52717208862305,400.0
2026-04-22T15:48:41.412256,100.0,55.5777587890625,400.0
2026-04-22T15:48:43.615224,100.0,55.52717208862305,400.0
2026-04-22T15:48:45.818553,100.0,55.5777587890625,400.0
2026-04-22T15:48:48.020787,100.0,55.678932189941406,400.0
2026-04-22T15:48:50.226447,100.0,55.72951889038086,400.0
2026-04-22T15:48:52.428428,100.0,55.62834548950195,400.0
2026-04-22T15:48:54.630372,100.0,55.62834548950195,400.0
2026-04-22T15:48:56.833733,100.0,55.678932189941406,400.0
2026-04-22T15:48:59.039730,100.0,55.72951889038086,400.0
2026-04-22T15:49:01.243713,100.0,55.678932189941406,400.0
2026-04-22T15:49:03.446096,100.0,55.62834548950195,400.0
2026-04-22T15:49:05.649351,100.0,55.78010559082031,400.0
2026-04-22T15:49:07.851606,100.0,55.78010559082031,400.0
2026-04-22T15:49:10.053814,100.0,55.8306884765625,400.0
2026-04-22T15:49:12.257071,100.0,55.931861877441406,400.0
2026-04-22T15:49:14.459971,100.0,55.931861877441406,400.0
2026-04-22T15:49:16.662662,100.0,55.98244857788086,400.0
2026-04-22T15:49:18.865308,100.0,55.98244857788086,400.0
2026-04-22T15:49:21.068278,100.0,56.083621978759766,400.0
2026-04-22T15:49:23.270491,100.0,56.184791564941406,400.0
2026-04-22T15:49:25.475258,100.0,56.38713836669922,400.0
2026-04-22T15:49:27.678497,100.0,56.43772506713867,400.0
2026-04-22T15:49:29.882910,100.0,56.488311767578125,400.0
2026-04-22T15:49:32.086723,100.0,56.741241455078125,400.0
2026-04-22T15:49:34.288383,100.0,56.741241455078125,400.0
2026-04-22T15:49:36.491223,100.0,56.84241485595703,400.0
2026-04-22T15:49:38.693614,100.0,56.893001556396484,400.0
2026-04-22T15:49:40.896749,100.0,56.994171142578125,400.0
2026-04-22T15:49:43.099926,100.0,57.09534454345703,400.0
2026-04-22T15:49:45.302894,100.0,57.09534454345703,400.0
2026-04-22T15:49:47.504737,100.0,57.24710464477539,400.0
2026-04-22T15:49:49.706489,100.0,57.24710464477539,400.0
2026-04-22T15:49:51.908576,100.0,57.297691345214844,400.0
2026-04-22T15:49:54.111131,100.0,57.44944763183594,400.0
2026-04-22T15:49:56.313985,100.0,57.44944763183594,400.0
2026-04-22T15:49:58.515661,100.0,57.65179443359375,400.0
2026-04-22T15:50:00.717305,100.0,57.550621032714844,400.0
2026-04-22T15:50:02.920095,100.0,57.6012077331543,400.0
2026-04-22T15:50:05.122333,100.0,57.7023811340332,400.0
2026-04-22T15:50:07.326391,100.0,57.803550720214844,400.0
2026-04-22T15:50:09.529004,100.0,57.90472412109375,400.0
2026-04-22T15:50:11.731050,100.0,57.8541374206543,400.0
2026-04-22T15:50:13.932783,100.0,57.90472412109375,400.0
2026-04-22T15:50:16.135114,100.0,57.90472412109375,400.0
2026-04-22T15:50:18.339498,100.0,58.157657623291016,400.0
2026-04-22T15:50:20.542949,100.0,58.258827209472656,400.0
2026-04-22T15:50:22.746667,100.0,58.157657623291016,400.0
2026-04-22T15:50:24.948131,100.0,58.258827209472656,400.0
2026-04-22T15:50:27.151933,100.0,58.36000061035156,400.0
2026-04-22T15:50:29.353589,100.0,58.410587310791016,400.0
2026-04-22T15:50:31.555123,100.0,58.46117401123047,400.0
2026-04-22T15:50:33.756719,100.0,58.46117401123047,400.0
2026-04-22T15:50:35.959071,100.0,58.410587310791016,400.0
2026-04-22T15:50:38.161187,100.0,58.663516998291016,400.0
2026-04-22T15:50:40.363166,100.0,58.71410369873047,400.0
2026-04-22T15:50:42.564844,100.0,58.71410369873047,400.0
2026-04-22T15:50:44.767818,100.0,58.76469039916992,400.0
2026-04-22T15:50:46.971300,100.0,58.815277099609375,400.0
2026-04-22T15:50:49.174770,100.0,58.815277099609375,400.0
2026-04-22T15:50:51.377015,100.0,58.86586380004883,400.0
2026-04-22T15:50:53.580218,100.0,58.815277099609375,400.0
2026-04-22T15:50:55.782400,100.0,58.96703338623047,400.0
2026-04-22T15:50:57.984441,100.0,58.96703338623047,400.0
2026-04-22T15:51:00.186963,100.0,59.068206787109375,400.0
2026-04-22T15:51:02.390107,100.0,59.11879348754883,400.0
2026-04-22T15:51:04.592229,100.0,59.11879348754883,400.0
2026-04-22T15:51:06.795499,100.0,59.16938018798828,400.0
2026-04-22T15:51:08.998686,100.0,59.32114028930664,400.0
2026-04-22T15:51:11.200826,100.0,59.27055358886719,400.0
2026-04-22T15:51:13.403966,100.0,59.27055358886719,400.0
2026-04-22T15:51:15.605519,100.0,59.27055358886719,400.0
2026-04-22T15:51:17.814779,100.0,59.42230987548828,400.0
2026-04-22T15:51:20.016738,100.0,59.42230987548828,400.0
2026-04-22T15:51:22.220248,100.0,59.42230987548828,400.0
2026-04-22T15:51:24.423770,100.0,59.52348327636719,400.0
2026-04-22T15:51:26.625471,100.0,59.52348327636719,400.0
2026-04-22T15:51:28.827729,100.0,59.472896575927734,400.0
2026-04-22T15:51:31.031096,100.0,59.52348327636719,400.0
2026-04-22T15:51:33.233247,100.0,59.624656677246094,400.0
2026-04-22T15:51:35.435363,100.0,59.67524337768555,400.0
2026-04-22T15:51:37.637543,100.0,59.67524337768555,400.0
2026-04-22T15:51:39.842580,100.0,59.67524337768555,400.0
2026-04-22T15:51:42.045821,100.0,59.624656677246094,400.0
2026-04-22T15:51:44.247974,100.0,59.725830078125,400.0
2026-04-22T15:51:46.449972,100.0,59.77641296386719,400.0
2026-04-22T15:51:48.653727,100.0,59.77641296386719,400.0
2026-04-22T15:51:50.855321,100.0,59.877586364746094,400.0
2026-04-22T15:51:53.057454,100.0,59.877586364746094,400.0
2026-04-22T15:51:55.260920,100.0,59.978759765625,400.0
2026-04-22T15:51:57.463224,100.0,60.02934646606445,400.0
2026-04-22T15:51:59.665558,100.0,60.079933166503906,400.0
2026-04-22T15:52:01.868953,100.0,60.18110275268555,400.0
2026-04-22T15:52:04.071606,100.0,60.18110275268555,400.0
2026-04-22T15:52:06.274649,100.0,60.13051986694336,400.0
2026-04-22T15:52:08.476604,100.0,60.18110275268555,400.0
2026-04-22T15:52:10.679384,100.0,60.231689453125,400.0
2026-04-22T15:52:12.882583,100.0,60.28227615356445,400.0
2026-04-22T15:52:15.086197,100.0,60.231689453125,400.0
2026-04-22T15:52:17.288366,100.0,60.28227615356445,400.0
2026-04-22T15:52:19.493967,100.0,60.231689453125,400.0
2026-04-22T15:52:21.696502,100.0,60.332862854003906,400.0
2026-04-22T15:52:23.899813,100.0,60.28227615356445,400.0
2026-04-22T15:52:26.102590,100.0,60.38344955444336,400.0
2026-04-22T15:52:28.305709,100.0,60.332862854003906,400.0
2026-04-22T15:52:30.509021,100.0,60.43403625488281,400.0
2026-04-22T15:52:32.711961,100.0,60.43403625488281,400.0
2026-04-22T15:52:34.916354,100.0,60.43403625488281,400.0
2026-04-22T15:52:37.117885,100.0,60.484622955322266,400.0
2026-04-22T15:52:39.321720,100.0,60.43403625488281,400.0
2026-04-22T15:52:41.523956,100.0,60.484622955322266,400.0
2026-04-22T15:52:43.725675,100.0,60.484622955322266,400.0
2026-04-22T15:52:45.929917,100.0,60.53520965576172,400.0
2026-04-22T15:52:48.133352,100.0,60.484622955322266,400.0
2026-04-22T15:52:50.336896,100.0,60.484622955322266,400.0
2026-04-22T15:52:52.538966,100.0,60.53520965576172,400.0
2026-04-22T15:52:54.742436,100.0,60.63637924194336,400.0
2026-04-22T15:52:56.944500,100.0,60.63637924194336,400.0
2026-04-22T15:52:59.146387,100.0,60.53520965576172,400.0
2026-04-22T15:53:01.348745,100.0,60.737552642822266,400.0
2026-04-22T15:53:03.551764,100.0,60.68696594238281,400.0
2026-04-22T15:53:05.763394,100.0,60.585792541503906,400.0
2026-04-22T15:53:07.966435,100.0,60.737552642822266,400.0
2026-04-22T15:53:10.174918,100.0,60.737552642822266,400.0
2026-04-22T15:53:12.376898,100.0,60.737552642822266,400.0
2026-04-22T15:53:14.581508,100.0,60.737552642822266,400.0
2026-04-22T15:53:16.785448,100.0,60.737552642822266,400.0
2026-04-22T15:53:18.989101,100.0,60.83872604370117,400.0
2026-04-22T15:53:21.191517,100.0,60.737552642822266,400.0
2026-04-22T15:53:23.394346,100.0,60.78813934326172,400.0
2026-04-22T15:53:25.600483,100.0,60.78813934326172,400.0
2026-04-22T15:53:27.803174,100.0,60.737552642822266,400.0
2026-04-22T15:53:30.005001,100.0,60.78813934326172,400.0
2026-04-22T15:53:32.209653,100.0,60.83872604370117,400.0
2026-04-22T15:53:34.411872,100.0,60.83872604370117,400.0
2026-04-22T15:53:36.614147,100.0,60.83872604370117,400.0
2026-04-22T15:53:38.817840,100.0,60.889312744140625,400.0
2026-04-22T15:53:41.023338,100.0,60.889312744140625,400.0
2026-04-22T15:53:43.225764,100.0,60.93989562988281,400.0
2026-04-22T15:53:45.427813,100.0,60.990482330322266,400.0
2026-04-22T15:53:47.629743,100.0,61.04106903076172,400.0
2026-04-22T15:53:49.834858,100.0,60.990482330322266,400.0
2026-04-22T15:53:52.041577,100.0,61.04106903076172,400.0
2026-04-22T15:53:54.243603,100.0,60.990482330322266,400.0
2026-04-22T15:53:56.448497,100.0,60.990482330322266,400.0
2026-04-22T15:53:58.650693,100.0,61.04106903076172,400.0
2026-04-22T15:54:00.852698,100.0,60.93989562988281,400.0
2026-04-22T15:54:03.059055,100.0,60.990482330322266,400.0
2026-04-22T15:54:05.260910,100.0,60.889312744140625,400.0
2026-04-22T15:54:07.463680,100.0,60.889312744140625,400.0
2026-04-22T15:54:09.666463,100.0,60.990482330322266,400.0
2026-04-22T15:54:11.869390,100.0,60.889312744140625,400.0
2026-04-22T15:54:14.073110,100.0,60.990482330322266,400.0
2026-04-22T15:54:16.275416,100.0,61.04106903076172,400.0
2026-04-22T15:54:18.478148,100.0,60.990482330322266,400.0
2026-04-22T15:54:20.680075,100.0,61.09165573120117,400.0
2026-04-22T15:54:22.881763,100.0,61.04106903076172,400.0
2026-04-22T15:54:25.087095,100.0,61.04106903076172,400.0
2026-04-22T15:54:27.289863,100.0,61.09165573120117,400.0
2026-04-22T15:54:29.492835,100.0,61.142242431640625,400.0
2026-04-22T15:54:31.696849,100.0,61.04106903076172,400.0
2026-04-22T15:54:33.912050,100.0,61.04106903076172,400.0
2026-04-22T15:54:36.115560,100.0,61.142242431640625,400.0
2026-04-22T15:54:38.317264,100.0,61.19282913208008,400.0
2026-04-22T15:54:40.519840,100.0,61.142242431640625,400.0
2026-04-22T15:54:42.723482,100.0,61.19282913208008,400.0
2026-04-22T15:54:44.926791,100.0,61.294002532958984,400.0
2026-04-22T15:54:47.128789,100.0,61.24341583251953,400.0
2026-04-22T15:54:49.333814,100.0,61.294002532958984,400.0
2026-04-22T15:54:51.535619,100.0,61.294002532958984,400.0
2026-04-22T15:54:53.737403,100.0,61.294002532958984,400.0
2026-04-22T15:54:55.939653,100.0,61.19282913208008,400.0
2026-04-22T15:54:58.142615,100.0,61.294002532958984,400.0
2026-04-22T15:55:00.345254,100.0,61.24341583251953,400.0
2026-04-22T15:55:02.547899,100.0,61.294002532958984,400.0
2026-04-22T15:55:04.755327,100.0,61.294002532958984,400.0
2026-04-22T15:55:06.959288,100.0,61.294002532958984,400.0
2026-04-22T15:55:09.164043,100.0,61.294002532958984,400.0
2026-04-22T15:55:11.366553,100.0,61.294002532958984,400.0
2026-04-22T15:55:13.568511,100.0,61.294002532958984,400.0
2026-04-22T15:55:15.771132,100.0,61.34458541870117,400.0
2026-04-22T15:55:17.972822,100.0,61.294002532958984,400.0
2026-04-22T15:55:20.174621,100.0,61.34458541870117,400.0
2026-04-22T15:55:22.378210,100.0,61.34458541870117,400.0
2026-04-22T15:55:24.580914,100.0,61.34458541870117,400.0
2026-04-22T15:55:26.783899,100.0,61.395172119140625,400.0
2026-04-22T15:55:28.985909,100.0,61.24341583251953,400.0
2026-04-22T15:55:31.188990,100.0,61.24341583251953,400.0
2026-04-22T15:55:33.392444,100.0,61.294002532958984,400.0
2026-04-22T15:55:35.595829,100.0,61.294002532958984,400.0
2026-04-22T15:55:37.798437,100.0,61.395172119140625,400.0
2026-04-22T15:55:40.002757,100.0,61.34458541870117,400.0
2026-04-22T15:55:42.206372,100.0,61.34458541870117,400.0
2026-04-22T15:55:44.410376,100.0,61.395172119140625,400.0
2026-04-22T15:55:46.612290,100.0,61.395172119140625,400.0
2026-04-22T15:55:48.815191,100.0,61.395172119140625,400.0
2026-04-22T15:55:51.016804,100.0,61.294002532958984,400.0
2026-04-22T15:55:53.219071,100.0,61.294002532958984,400.0
2026-04-22T15:55:55.422500,100.0,61.294002532958984,400.0
2026-04-22T15:55:57.627696,100.0,61.395172119140625,400.0
2026-04-22T15:55:59.829950,100.0,61.44575881958008,400.0
2026-04-22T15:56:02.032033,100.0,61.395172119140625,400.0
2026-04-22T15:56:04.237078,100.0,61.395172119140625,400.0
2026-04-22T15:56:06.443145,100.0,61.49634552001953,400.0
2026-04-22T15:56:08.645257,100.0,61.44575881958008,400.0
2026-04-22T15:56:10.846976,100.0,61.49634552001953,400.0
2026-04-22T15:56:13.048610,100.0,61.34458541870117,400.0
2026-04-22T15:56:15.250745,100.0,61.44575881958008,400.0
2026-04-22T15:56:17.454101,100.0,61.44575881958008,400.0
2026-04-22T15:56:19.656981,100.0,61.395172119140625,400.0
2026-04-22T15:56:21.859131,100.0,61.395172119140625,400.0
2026-04-22T15:56:24.061677,100.0,61.395172119140625,400.0
2026-04-22T15:56:26.263603,100.0,61.395172119140625,400.0
2026-04-22T15:56:28.467532,100.0,61.395172119140625,400.0
2026-04-22T15:56:30.675574,100.0,61.44575881958008,400.0
2026-04-22T15:56:32.877459,100.0,61.24341583251953,400.0
2026-04-22T15:56:35.079654,100.0,61.395172119140625,400.0
2026-04-22T15:56:37.281572,100.0,61.44575881958008,400.0
2026-04-22T15:56:39.484597,100.0,61.395172119140625,400.0
2026-04-22T15:56:41.688077,100.0,61.44575881958008,400.0
2026-04-22T15:56:43.894111,100.0,61.49634552001953,400.0
2026-04-22T15:56:46.096476,100.0,61.44575881958008,400.0
2026-04-22T15:56:48.299133,100.0,61.44575881958008,400.0
2026-04-22T15:56:50.502957,100.0,61.49634552001953,400.0
2026-04-22T15:56:52.704791,100.0,61.44575881958008,400.0
2026-04-22T15:56:54.907372,100.0,61.49634552001953,400.0
2026-04-22T15:56:57.111200,100.0,61.546932220458984,400.0
2026-04-22T15:56:59.314124,100.0,61.49634552001953,400.0
2026-04-22T15:57:01.516177,100.0,61.49634552001953,400.0
2026-04-22T15:57:03.719986,100.0,61.49634552001953,400.0
2026-04-22T15:57:05.923466,100.0,61.395172119140625,400.0
2026-04-22T15:57:08.125717,100.0,61.49634552001953,400.0
2026-04-22T15:57:10.328148,100.0,61.49634552001953,400.0
2026-04-22T15:57:12.537979,100.0,61.49634552001953,400.0
2026-04-22T15:57:14.740688,100.0,61.546932220458984,400.0
2026-04-22T15:57:16.944035,100.0,61.49634552001953,400.0
2026-04-22T15:57:19.146815,100.0,61.546932220458984,400.0
2026-04-22T15:57:21.348582,100.0,61.546932220458984,400.0
2026-04-22T15:57:23.551404,100.0,61.49634552001953,400.0
2026-04-22T15:57:25.753149,100.0,61.546932220458984,400.0
2026-04-22T15:57:27.962879,100.0,61.49634552001953,400.0
2026-04-22T15:57:30.164991,100.0,61.546932220458984,400.0
2026-04-22T15:57:32.367359,100.0,61.49634552001953,400.0
2026-04-22T15:57:34.570766,100.0,61.49634552001953,400.0
2026-04-22T15:57:36.774296,100.0,61.49634552001953,400.0
2026-04-22T15:57:38.975975,100.0,61.49634552001953,400.0
2026-04-22T15:57:41.179941,100.0,61.59751892089844,400.0
2026-04-22T15:57:43.382059,100.0,61.49634552001953,400.0
2026-04-22T15:57:45.585131,100.0,61.546932220458984,400.0
2026-04-22T15:57:47.788196,100.0,61.546932220458984,400.0
2026-04-22T15:57:49.991256,100.0,61.546932220458984,400.0
2026-04-22T15:57:52.194710,100.0,61.49634552001953,400.0
2026-04-22T15:57:54.397552,100.0,61.546932220458984,400.0
2026-04-22T15:57:56.601867,100.0,61.49634552001953,400.0
2026-04-22T15:57:58.803996,100.0,61.546932220458984,400.0
2026-04-22T15:58:01.006227,100.0,61.546932220458984,400.0
2026-04-22T15:58:03.209054,100.0,61.44575881958008,400.0
2026-04-22T15:58:05.412531,100.0,61.49634552001953,400.0
2026-04-22T15:58:07.618197,100.0,61.44575881958008,400.0
2026-04-22T15:58:09.821298,100.0,61.44575881958008,400.0
2026-04-22T15:58:12.024819,100.0,61.44575881958008,400.0
2026-04-22T15:58:14.228151,100.0,61.49634552001953,400.0
2026-04-22T15:58:16.429866,100.0,61.59751892089844,400.0
2026-04-22T15:58:18.631658,100.0,61.49634552001953,400.0
2026-04-22T15:58:20.834951,100.0,61.49634552001953,400.0
2026-04-22T15:58:23.036794,100.0,61.59751892089844,400.0
2026-04-22T15:58:25.239908,100.0,61.546932220458984,400.0
2026-04-22T15:58:27.442701,100.0,61.546932220458984,400.0
2026-04-22T15:58:29.644552,100.0,61.64810562133789,400.0
2026-04-22T15:58:31.848147,100.0,61.546932220458984,400.0
2026-04-22T15:58:34.051194,100.0,61.546932220458984,400.0
2026-04-22T15:58:36.254373,100.0,61.395172119140625,400.0
2026-04-22T15:58:38.456648,100.0,61.49634552001953,400.0
2026-04-22T15:58:40.658809,100.0,61.395172119140625,400.0
2026-04-22T15:58:42.860474,100.0,61.44575881958008,400.0
2026-04-22T15:58:45.062542,100.0,61.44575881958008,400.0
2026-04-22T15:58:47.264723,100.0,61.34458541870117,400.0
2026-04-22T15:58:49.467704,100.0,61.34458541870117,400.0
2026-04-22T15:58:51.669742,100.0,61.395172119140625,400.0
2026-04-22T15:58:53.875281,100.0,61.24341583251953,400.0
2026-04-22T15:58:56.078246,100.0,61.34458541870117,400.0
2026-04-22T15:58:58.280177,100.0,61.395172119140625,400.0
2026-04-22T15:59:00.482764,100.0,61.44575881958008,400.0
2026-04-22T15:59:02.686245,100.0,61.395172119140625,400.0
2026-04-22T15:59:04.888172,100.0,61.395172119140625,400.0
2026-04-22T15:59:07.090064,100.0,61.294002532958984,400.0
2026-04-22T15:59:09.303668,100.0,61.395172119140625,400.0
2026-04-22T15:59:11.505632,100.0,61.395172119140625,400.0
2026-04-22T15:59:13.708838,100.0,61.395172119140625,400.0
2026-04-22T15:59:15.911879,100.0,61.395172119140625,400.0
2026-04-22T15:59:18.113906,100.0,61.34458541870117,400.0
2026-04-22T15:59:20.315901,100.0,61.395172119140625,400.0
2026-04-22T15:59:22.517598,100.0,61.395172119140625,400.0
2026-04-22T15:59:24.720423,100.0,61.49634552001953,400.0
2026-04-22T15:59:26.923892,100.0,61.395172119140625,400.0
2026-04-22T15:59:29.126027,100.0,61.34458541870117,400.0
2026-04-22T15:59:31.336716,100.0,61.44575881958008,400.0
2026-04-22T15:59:33.539864,100.0,61.395172119140625,400.0
2026-04-22T15:59:35.742938,100.0,61.49634552001953,400.0
2026-04-22T15:59:37.945532,100.0,61.44575881958008,400.0
2026-04-22T15:59:40.152011,100.0,61.44575881958008,400.0
2026-04-22T15:59:42.353746,100.0,61.49634552001953,400.0
2026-04-22T15:59:44.555992,100.0,61.49634552001953,400.0
2026-04-22T15:59:46.758522,100.0,61.44575881958008,400.0
2026-04-22T15:59:48.966016,100.0,61.395172119140625,400.0
2026-04-22T15:59:51.169059,100.0,61.44575881958008,400.0
2026-04-22T15:59:53.370606,100.0,61.49634552001953,400.0
2026-04-22T15:59:55.577293,100.0,61.44575881958008,400.0
2026-04-22T15:59:57.778933,100.0,61.44575881958008,400.0
2026-04-22T15:59:59.980938,100.0,61.44575881958008,400.0
2026-04-22T16:00:02.183583,100.0,61.395172119140625,400.0
2026-04-22T16:00:04.385629,100.0,61.395172119140625,400.0
2026-04-22T16:00:06.587987,100.0,61.34458541870117,400.0
2026-04-22T16:00:08.790450,100.0,61.34458541870117,400.0
2026-04-22T16:00:10.995225,100.0,61.395172119140625,400.0
2026-04-22T16:00:13.198721,100.0,61.395172119140625,400.0
2026-04-22T16:00:15.402138,100.0,61.395172119140625,400.0
2026-04-22T16:00:17.604354,100.0,61.395172119140625,400.0
2026-04-22T16:00:19.806015,100.0,61.395172119140625,400.0
2026-04-22T16:00:22.008127,100.0,61.395172119140625,400.0
2026-04-22T16:00:24.210931,100.0,61.395172119140625,400.0
2026-04-22T16:00:26.412879,100.0,61.395172119140625,400.0
2026-04-22T16:00:28.614970,100.0,61.49634552001953,400.0
2026-04-22T16:00:30.818306,100.0,61.44575881958008,400.0
2026-04-22T16:00:33.019971,100.0,61.44575881958008,400.0
2026-04-22T16:00:35.222961,100.0,61.395172119140625,400.0
2026-04-22T16:00:37.425491,100.0,61.44575881958008,400.0
2026-04-22T16:00:39.629939,100.0,61.49634552001953,400.0
2026-04-22T16:00:41.832085,100.0,61.49634552001953,400.0
2026-04-22T16:00:44.034051,100.0,61.546932220458984,400.0
2026-04-22T16:00:46.239646,100.0,61.44575881958008,400.0
2026-04-22T16:00:48.442861,100.0,61.49634552001953,400.0
2026-04-22T16:00:50.644668,100.0,61.44575881958008,400.0
2026-04-22T16:00:52.850626,100.0,61.44575881958008,400.0
2026-04-22T16:00:55.052373,100.0,61.49634552001953,400.0
2026-04-22T16:00:57.253976,100.0,61.44575881958008,400.0
2026-04-22T16:00:59.456726,100.0,61.59751892089844,400.0
2026-04-22T16:01:01.664125,100.0,61.59751892089844,400.0
2026-04-22T16:01:03.867233,100.0,61.546932220458984,400.0
2026-04-22T16:01:06.068958,100.0,61.546932220458984,400.0
2026-04-22T16:01:08.271945,100.0,61.49634552001953,400.0
2026-04-22T16:01:10.475347,100.0,61.49634552001953,400.0
2026-04-22T16:01:12.678105,100.0,61.546932220458984,400.0
2026-04-22T16:01:14.881030,100.0,61.59751892089844,400.0
2026-04-22T16:01:17.085584,100.0,61.546932220458984,400.0
2026-04-22T16:01:19.287475,100.0,61.59751892089844,400.0
2026-04-22T16:01:21.489845,100.0,61.59751892089844,400.0
2026-04-22T16:01:23.692000,100.0,61.59751892089844,400.0
2026-04-22T16:01:25.894374,100.0,61.64810562133789,400.0
2026-04-22T16:01:28.097828,100.0,61.64810562133789,400.0
2026-04-22T16:01:30.299574,100.0,61.546932220458984,400.0
2026-04-22T16:01:32.503880,100.0,61.59751892089844,400.0
2026-04-22T16:01:34.706757,100.0,61.59751892089844,400.0
2026-04-22T16:01:36.910679,100.0,61.64810562133789,400.0
2026-04-22T16:01:39.113434,100.0,61.59751892089844,400.0
2026-04-22T16:01:41.316508,100.0,61.546932220458984,400.0
2026-04-22T16:01:43.519859,100.0,61.59751892089844,400.0
2026-04-22T16:01:45.723118,100.0,61.546932220458984,400.0
2026-04-22T16:01:47.925115,100.0,61.59751892089844,400.0
2026-04-22T16:01:50.126799,100.0,61.59751892089844,400.0
2026-04-22T16:01:52.328394,100.0,61.546932220458984,400.0
2026-04-22T16:01:54.532549,100.0,61.59751892089844,400.0
2026-04-22T16:01:56.735954,100.0,61.59751892089844,400.0
2026-04-22T16:01:58.943026,100.0,61.64810562133789,400.0
2026-04-22T16:02:01.146779,100.0,61.64810562133789,400.0
2026-04-22T16:02:03.348524,100.0,61.546932220458984,400.0
2026-04-22T16:02:05.553316,100.0,61.64810562133789,400.0
2026-04-22T16:02:07.754954,100.0,61.64810562133789,400.0
2026-04-22T16:02:09.960638,100.0,61.546932220458984,400.0
2026-04-22T16:02:12.164000,100.0,61.59751892089844,400.0
2026-04-22T16:02:14.367135,100.0,61.64810562133789,400.0
2026-04-22T16:02:16.569617,100.0,61.59751892089844,400.0
2026-04-22T16:02:18.773284,100.0,61.59751892089844,400.0
2026-04-22T16:02:20.976199,100.0,61.64810562133789,400.0
2026-04-22T16:02:23.179142,100.0,61.64810562133789,400.0
2026-04-22T16:02:25.382053,100.0,61.59751892089844,400.0
2026-04-22T16:02:27.585183,100.0,61.59751892089844,400.0
2026-04-22T16:02:29.788844,100.0,61.64810562133789,400.0
2026-04-22T16:02:31.990911,100.0,61.64810562133789,400.0
2026-04-22T16:02:34.193027,100.0,61.59751892089844,400.0
2026-04-22T16:02:36.395333,100.0,61.64810562133789,400.0
2026-04-22T16:02:38.598079,100.0,61.59751892089844,400.0
2026-04-22T16:02:40.800002,100.0,61.546932220458984,400.0
2026-04-22T16:02:43.002472,100.0,61.59751892089844,400.0
2026-04-22T16:02:45.207382,100.0,61.59751892089844,400.0
2026-04-22T16:02:47.410891,100.0,61.546932220458984,400.0
2026-04-22T16:02:49.614683,100.0,61.49634552001953,400.0
2026-04-22T16:02:51.816528,100.0,61.546932220458984,400.0
2026-04-22T16:02:54.018574,100.0,61.546932220458984,400.0
2026-04-22T16:02:56.220993,100.0,61.546932220458984,400.0
2026-04-22T16:02:58.423116,100.0,61.59751892089844,400.0
2026-04-22T16:03:00.626944,100.0,61.546932220458984,400.0
2026-04-22T16:03:02.828579,100.0,61.59751892089844,400.0
2026-04-22T16:03:05.032188,100.0,61.49634552001953,400.0
2026-04-22T16:03:07.233868,100.0,61.546932220458984,400.0
2026-04-22T16:03:09.436782,100.0,61.59751892089844,400.0
2026-04-22T16:03:11.640314,100.0,61.59751892089844,400.0
2026-04-22T16:03:13.842153,100.0,61.64810562133789,400.0
2026-04-22T16:03:16.046401,100.0,61.64810562133789,400.0
2026-04-22T16:03:18.249567,100.0,61.59751892089844,400.0
2026-04-22T16:03:20.451645,100.0,61.64810562133789,400.0
2026-04-22T16:03:22.654704,100.0,61.59751892089844,400.0
2026-04-22T16:03:24.856286,100.0,61.59751892089844,400.0
2026-04-22T16:03:27.059037,100.0,61.64810562133789,400.0
2026-04-22T16:03:29.261761,100.0,61.59751892089844,400.0
2026-04-22T16:03:31.463634,100.0,61.546932220458984,400.0
2026-04-22T16:03:33.666575,100.0,61.59751892089844,400.0
2026-04-22T16:03:35.869151,100.0,61.59751892089844,400.0
2026-04-22T16:03:38.071307,100.0,61.59751892089844,400.0
2026-04-22T16:03:40.272987,100.0,61.59751892089844,400.0
2026-04-22T16:03:42.475134,100.0,61.546932220458984,400.0
2026-04-22T16:03:44.677331,100.0,61.49634552001953,400.0
2026-04-22T16:03:46.879756,100.0,61.546932220458984,400.0
2026-04-22T16:03:49.082326,100.0,61.546932220458984,400.0
2026-04-22T16:03:51.286855,100.0,61.546932220458984,400.0
2026-04-22T16:03:53.490573,100.0,61.59751892089844,400.0
2026-04-22T16:03:55.692545,100.0,61.59751892089844,400.0
2026-04-22T16:03:57.894722,100.0,61.59751892089844,400.0
2026-04-22T16:04:00.096504,100.0,61.64810562133789,400.0
2026-04-22T16:04:02.300015,100.0,61.59751892089844,400.0
2026-04-22T16:04:04.504171,100.0,61.546932220458984,400.0
2026-04-22T16:04:06.715593,100.0,61.64810562133789,400.0
2026-04-22T16:04:08.920982,100.0,61.546932220458984,400.0
2026-04-22T16:04:11.123353,100.0,61.546932220458984,400.0
2026-04-22T16:04:13.325386,100.0,61.59751892089844,400.0
2026-04-22T16:04:15.527105,100.0,61.64810562133789,400.0
2026-04-22T16:04:17.729097,100.0,61.59751892089844,400.0
2026-04-22T16:04:19.931007,100.0,61.698692321777344,400.0
2026-04-22T16:04:22.133141,100.0,61.64810562133789,400.0
2026-04-22T16:04:24.334948,100.0,61.64810562133789,400.0
2026-04-22T16:04:26.537958,100.0,61.59751892089844,400.0
2026-04-22T16:04:28.739901,100.0,61.64810562133789,400.0
2026-04-22T16:04:30.943579,100.0,61.59751892089844,400.0
2026-04-22T16:04:33.145747,100.0,61.64810562133789,400.0
2026-04-22T16:04:35.347796,100.0,61.59751892089844,400.0
2026-04-22T16:04:37.549924,100.0,61.59751892089844,400.0
2026-04-22T16:04:39.753371,100.0,61.546932220458984,400.0
2026-04-22T16:04:41.956703,100.0,61.59751892089844,400.0
2026-04-22T16:04:44.158990,100.0,61.64810562133789,400.0
2026-04-22T16:04:46.362976,100.0,61.59751892089844,400.0
2026-04-22T16:04:48.566429,100.0,61.546932220458984,400.0
2026-04-22T16:04:50.767921,100.0,61.59751892089844,400.0
2026-04-22T16:04:52.970614,100.0,61.546932220458984,400.0
2026-04-22T16:04:55.172545,100.0,61.546932220458984,400.0
2026-04-22T16:04:57.375086,100.0,61.546932220458984,400.0
2026-04-22T16:04:59.577444,100.0,61.59751892089844,400.0
2026-04-22T16:05:01.780820,100.0,61.59751892089844,400.0
2026-04-22T16:05:03.984661,100.0,61.64810562133789,400.0
2026-04-22T16:05:06.187813,100.0,61.59751892089844,400.0
2026-04-22T16:05:08.389762,100.0,61.698692321777344,400.0
2026-04-22T16:05:10.593089,100.0,61.698692321777344,400.0
2026-04-22T16:05:12.795842,100.0,61.64810562133789,400.0
2026-04-22T16:05:14.998680,100.0,61.64810562133789,400.0
2026-04-22T16:05:17.200265,100.0,61.698692321777344,400.0
2026-04-22T16:05:19.403804,100.0,61.64810562133789,400.0
2026-04-22T16:05:21.606513,100.0,61.698692321777344,400.0
2026-04-22T16:05:23.808591,100.0,61.64810562133789,400.0
2026-04-22T16:05:26.011447,100.0,61.64810562133789,400.0
2026-04-22T16:05:28.217408,100.0,61.64810562133789,400.0
2026-04-22T16:05:30.420755,100.0,61.698692321777344,400.0
2026-04-22T16:05:32.624940,100.0,61.59751892089844,400.0
2026-04-22T16:05:34.826641,100.0,61.799861907958984,400.0
2026-04-22T16:05:37.028685,100.0,61.64810562133789,400.0
2026-04-22T16:05:39.230996,100.0,61.64810562133789,400.0
2026-04-22T16:05:41.433582,100.0,61.546932220458984,400.0
2026-04-22T16:05:43.636953,100.0,61.59751892089844,400.0
2026-04-22T16:05:45.839778,100.0,61.59751892089844,400.0
2026-04-22T16:05:48.044134,100.0,61.59751892089844,400.0
2026-04-22T16:05:50.246228,100.0,61.64810562133789,400.0
2026-04-22T16:05:52.449517,100.0,61.49634552001953,400.0
2026-04-22T16:05:54.651381,100.0,61.546932220458984,400.0
2026-04-22T16:05:56.853255,100.0,61.59751892089844,400.0
2026-04-22T16:05:59.056435,100.0,61.64810562133789,400.0
2026-04-22T16:06:01.259645,100.0,61.546932220458984,400.0
2026-04-22T16:06:03.462782,100.0,61.546932220458984,400.0
2026-04-22T16:06:05.664447,100.0,61.546932220458984,400.0
2026-04-22T16:06:07.866131,100.0,61.59751892089844,400.0
2026-04-22T16:06:10.067813,100.0,61.64810562133789,400.0
2026-04-22T16:06:12.270955,100.0,61.64810562133789,400.0
2026-04-22T16:06:14.472652,100.0,61.64810562133789,400.0
2026-04-22T16:06:16.675143,100.0,61.59751892089844,400.0
2026-04-22T16:06:18.877141,100.0,61.59751892089844,400.0
2026-04-22T16:06:21.079009,100.0,61.59751892089844,400.0
2026-04-22T16:06:23.280927,100.0,61.59751892089844,400.0
2026-04-22T16:06:25.483017,100.0,61.59751892089844,400.0
2026-04-22T16:06:27.686425,100.0,61.59751892089844,400.0
2026-04-22T16:06:29.894550,100.0,61.49634552001953,400.0
2026-04-22T16:06:32.098364,100.0,61.546932220458984,400.0
2026-04-22T16:06:34.299902,100.0,61.64810562133789,400.0
2026-04-22T16:06:36.502201,100.0,61.59751892089844,400.0
2026-04-22T16:06:38.703872,100.0,61.59751892089844,400.0
2026-04-22T16:06:40.905436,100.0,61.64810562133789,400.0
2026-04-22T16:06:43.107223,100.0,61.64810562133789,400.0
2026-04-22T16:06:45.309246,100.0,61.698692321777344,400.0
2026-04-22T16:06:47.510968,100.0,61.698692321777344,400.0
2026-04-22T16:06:49.712918,100.0,61.74927520751953,400.0
2026-04-22T16:06:51.914794,100.0,61.546932220458984,400.0
2026-04-22T16:06:54.117593,100.0,61.44575881958008,400.0
2026-04-22T16:06:56.320712,100.0,61.59751892089844,400.0
2026-04-22T16:06:58.524055,100.0,61.59751892089844,400.0
2026-04-22T16:07:00.725778,100.0,61.698692321777344,400.0
2026-04-22T16:07:02.927433,100.0,61.64810562133789,400.0
2026-04-22T16:07:05.130317,100.0,61.546932220458984,400.0
2026-04-22T16:07:07.333148,100.0,61.546932220458984,400.0
2026-04-22T16:07:09.535690,100.0,61.546932220458984,400.0
2026-04-22T16:07:11.738598,100.0,61.546932220458984,400.0
2026-04-22T16:07:13.942916,100.0,61.64810562133789,400.0
2026-04-22T16:07:16.147332,100.0,61.546932220458984,400.0
2026-04-22T16:07:18.348807,100.0,61.49634552001953,400.0
2026-04-22T16:07:20.552011,100.0,61.546932220458984,400.0
2026-04-22T16:07:22.754688,100.0,61.546932220458984,400.0
2026-04-22T16:07:24.957200,100.0,61.546932220458984,400.0
2026-04-22T16:07:27.161558,100.0,61.59751892089844,400.0
2026-04-22T16:07:29.364377,100.0,61.59751892089844,400.0
2026-04-22T16:07:31.571158,100.0,61.64810562133789,400.0
2026-04-22T16:07:33.773485,100.0,61.546932220458984,400.0
2026-04-22T16:07:35.975427,100.0,61.49634552001953,400.0
2026-04-22T16:07:38.177783,100.0,61.546932220458984,400.0
2026-04-22T16:07:40.379400,100.0,61.64810562133789,400.0
2026-04-22T16:07:42.583357,100.0,61.59751892089844,400.0
2026-04-22T16:07:44.785394,100.0,61.59751892089844,400.0
2026-04-22T16:07:46.988884,100.0,61.698692321777344,400.0
2026-04-22T16:07:49.192172,100.0,61.59751892089844,400.0
2026-04-22T16:07:51.395989,100.0,61.59751892089844,400.0
2026-04-22T16:07:53.597777,100.0,61.64810562133789,400.0
2026-04-22T16:07:55.800775,100.0,61.59751892089844,400.0
2026-04-22T16:07:58.004626,100.0,61.546932220458984,400.0
2026-04-22T16:08:00.208511,100.0,61.44575881958008,400.0
2026-04-22T16:08:02.410431,100.0,61.546932220458984,400.0
2026-04-22T16:08:04.613588,100.0,61.546932220458984,400.0
2026-04-22T16:08:06.816402,100.0,61.546932220458984,400.0
2026-04-22T16:08:09.019664,100.0,61.546932220458984,400.0
2026-04-22T16:08:11.225011,100.0,61.49634552001953,400.0
2026-04-22T16:08:13.428264,100.0,61.49634552001953,400.0
2026-04-22T16:08:15.631236,100.0,61.49634552001953,400.0
2026-04-22T16:08:17.834667,100.0,61.546932220458984,400.0
2026-04-22T16:08:20.036460,100.0,61.49634552001953,400.0
2026-04-22T16:08:22.240092,100.0,61.546932220458984,400.0
2026-04-22T16:08:24.441712,100.0,61.59751892089844,400.0
2026-04-22T16:08:26.644633,100.0,61.49634552001953,400.0
2026-04-22T16:08:28.847609,100.0,61.49634552001953,400.0
2026-04-22T16:08:31.050717,100.0,61.59751892089844,400.0
2026-04-22T16:08:33.253788,100.0,61.546932220458984,400.0
2026-04-22T16:08:35.456992,100.0,61.59751892089844,400.0
2026-04-22T16:08:37.661317,100.0,61.49634552001953,400.0
2026-04-22T16:08:39.864836,100.0,61.546932220458984,400.0
2026-04-22T16:08:42.068174,100.0,61.546932220458984,400.0
2026-04-22T16:08:44.269948,100.0,61.59751892089844,400.0
2026-04-22T16:08:46.471646,100.0,61.546932220458984,400.0
2026-04-22T16:08:48.673923,100.0,61.546932220458984,400.0
2026-04-22T16:08:50.876157,100.0,61.546932220458984,400.0
2026-04-22T16:08:53.089549,100.0,61.546932220458984,400.0
2026-04-22T16:08:55.291300,100.0,61.49634552001953,400.0
2026-04-22T16:08:57.493174,100.0,61.546932220458984,400.0
2026-04-22T16:08:59.696314,100.0,61.59751892089844,400.0
2026-04-22T16:09:01.898088,100.0,61.59751892089844,400.0
2026-04-22T16:09:04.100154,100.0,61.59751892089844,400.0
2026-04-22T16:09:06.302432,100.0,61.546932220458984,400.0
2026-04-22T16:09:08.506693,100.0,61.64810562133789,400.0
2026-04-22T16:09:10.708480,100.0,61.59751892089844,400.0
2026-04-22T16:09:12.912555,100.0,61.59751892089844,400.0
2026-04-22T16:09:15.115244,100.0,61.59751892089844,400.0
2026-04-22T16:09:17.318726,100.0,61.64810562133789,400.0
2026-04-22T16:09:19.520376,100.0,61.59751892089844,400.0
2026-04-22T16:09:21.724190,100.0,61.546932220458984,400.0
2026-04-22T16:09:23.928498,100.0,61.59751892089844,400.0
2026-04-22T16:09:26.131816,100.0,61.546932220458984,400.0
2026-04-22T16:09:28.335452,100.0,61.546932220458984,400.0
2026-04-22T16:09:30.543256,100.0,61.49634552001953,400.0
2026-04-22T16:09:32.745505,100.0,61.49634552001953,400.0
2026-04-22T16:09:34.947510,100.0,61.546932220458984,400.0
2026-04-22T16:09:37.150816,100.0,61.546932220458984,400.0
2026-04-22T16:09:39.360266,100.0,61.59751892089844,400.0
2026-04-22T16:09:41.562171,100.0,61.546932220458984,400.0
2026-04-22T16:09:43.766227,100.0,61.44575881958008,400.0
2026-04-22T16:09:45.971285,100.0,61.49634552001953,400.0
2026-04-22T16:09:48.174144,100.0,61.44575881958008,400.0
2026-04-22T16:09:50.376035,100.0,61.546932220458984,400.0
2026-04-22T16:09:52.577690,100.0,61.44575881958008,400.0
2026-04-22T16:09:54.780803,100.0,61.546932220458984,400.0
2026-04-22T16:09:56.983720,100.0,61.49634552001953,400.0
2026-04-22T16:09:59.186473,100.0,61.49634552001953,400.0
2026-04-22T16:10:01.388476,100.0,61.49634552001953,400.0
2026-04-22T16:10:03.591210,100.0,61.546932220458984,400.0
2026-04-22T16:10:05.794487,100.0,61.59751892089844,400.0
2026-04-22T16:10:07.997449,100.0,61.59751892089844,400.0
2026-04-22T16:10:10.199402,100.0,61.59751892089844,400.0
2026-04-22T16:10:12.402345,100.0,61.64810562133789,400.0
2026-04-22T16:10:14.605397,100.0,61.59751892089844,400.0
2026-04-22T16:10:16.807467,100.0,61.546932220458984,400.0
2026-04-22T16:10:19.009493,100.0,61.49634552001953,400.0
2026-04-22T16:10:21.211100,100.0,61.49634552001953,400.0
2026-04-22T16:10:23.413119,100.0,61.59751892089844,400.0
2026-04-22T16:10:25.615163,100.0,61.59751892089844,400.0
2026-04-22T16:10:27.817832,100.0,61.546932220458984,400.0
2026-04-22T16:10:30.020947,100.0,61.59751892089844,400.0
2026-04-22T16:10:32.223203,100.0,61.64810562133789,400.0
2026-04-22T16:10:34.426104,100.0,61.59751892089844,400.0
2026-04-22T16:10:36.628619,100.0,61.546932220458984,400.0
2026-04-22T16:10:38.831821,100.0,61.64810562133789,400.0
2026-04-22T16:10:41.036859,100.0,61.64810562133789,400.0
2026-04-22T16:10:43.240210,100.0,61.64810562133789,400.0
2026-04-22T16:10:45.442870,100.0,61.59751892089844,400.0
2026-04-22T16:10:47.645745,100.0,61.59751892089844,400.0
2026-04-22T16:10:49.850119,100.0,61.64810562133789,400.0
2026-04-22T16:10:52.051949,100.0,61.546932220458984,400.0
2026-04-22T16:10:54.254925,100.0,61.59751892089844,400.0
2026-04-22T16:10:56.456904,100.0,61.698692321777344,400.0
2026-04-22T16:10:58.660568,100.0,61.59751892089844,400.0
2026-04-22T16:11:00.862849,100.0,61.64810562133789,400.0
2026-04-22T16:11:03.064521,100.0,61.59751892089844,400.0
2026-04-22T16:11:05.266768,100.0,61.64810562133789,400.0
2026-04-22T16:11:07.469643,100.0,61.546932220458984,400.0
2026-04-22T16:11:09.671264,100.0,61.64810562133789,400.0
2026-04-22T16:11:11.873184,100.0,61.59751892089844,400.0
2026-04-22T16:11:14.075244,100.0,61.64810562133789,400.0
2026-04-22T16:11:16.277696,100.0,61.64810562133789,400.0
2026-04-22T16:11:18.480094,100.0,61.64810562133789,400.0
2026-04-22T16:11:20.682650,100.0,61.59751892089844,400.0
2026-04-22T16:11:22.886023,100.0,61.49634552001953,400.0
2026-04-22T16:11:25.088295,100.0,61.546932220458984,400.0
2026-04-22T16:11:27.290800,100.0,61.49634552001953,400.0
2026-04-22T16:11:29.494577,100.0,61.44575881958008,400.0
2026-04-22T16:11:31.696878,100.0,61.49634552001953,400.0
2026-04-22T16:11:33.899156,100.0,61.44575881958008,400.0
2026-04-22T16:11:36.102461,100.0,61.395172119140625,400.0
2026-04-22T16:11:38.304201,100.0,61.49634552001953,400.0
2026-04-22T16:11:40.515915,100.0,61.44575881958008,400.0
2026-04-22T16:11:42.719267,100.0,61.49634552001953,400.0
2026-04-22T16:11:44.921335,100.0,61.59751892089844,400.0
2026-04-22T16:11:47.122873,100.0,61.59751892089844,400.0
2026-04-22T16:11:49.325230,100.0,61.59751892089844,400.0
2026-04-22T16:11:51.527627,100.0,61.49634552001953,400.0
2026-04-22T16:11:53.730935,100.0,61.49634552001953,400.0
2026-04-22T16:11:55.934747,100.0,61.49634552001953,400.0
2026-04-22T16:11:58.137478,100.0,61.44575881958008,400.0
2026-04-22T16:12:00.341613,100.0,61.49634552001953,400.0
2026-04-22T16:12:02.543626,100.0,61.49634552001953,400.0
2026-04-22T16:12:04.747434,100.0,61.49634552001953,400.0
2026-04-22T16:12:06.949421,100.0,61.49634552001953,400.0
2026-04-22T16:12:09.151814,100.0,61.49634552001953,400.0
2026-04-22T16:12:11.354165,100.0,61.59751892089844,400.0
2026-04-22T16:12:13.558453,100.0,61.59751892089844,400.0
2026-04-22T16:12:15.761809,100.0,61.64810562133789,400.0
2026-04-22T16:12:17.966936,100.0,61.698692321777344,400.0
2026-04-22T16:12:20.168514,100.0,61.74927520751953,400.0
2026-04-22T16:12:22.373046,100.0,61.64810562133789,400.0
2026-04-22T16:12:24.576917,100.0,61.74927520751953,400.0
2026-04-22T16:12:26.779764,100.0,61.64810562133789,400.0
2026-04-22T16:12:28.982484,100.0,61.64810562133789,400.0
2026-04-22T16:12:31.186902,100.0,61.59751892089844,400.0
2026-04-22T16:12:33.389720,100.0,61.59751892089844,400.0
2026-04-22T16:12:35.592890,100.0,61.59751892089844,400.0
2026-04-22T16:12:37.795304,100.0,61.59751892089844,400.0
2026-04-22T16:12:39.997248,100.0,61.64810562133789,400.0
2026-04-22T16:12:42.199260,100.0,61.59751892089844,400.0
2026-04-22T16:12:44.402658,100.0,61.59751892089844,400.0
2026-04-22T16:12:46.604534,100.0,61.59751892089844,400.0
2026-04-22T16:12:48.811484,100.0,61.64810562133789,400.0
2026-04-22T16:12:51.013271,100.0,61.64810562133789,400.0
2026-04-22T16:12:53.216171,100.0,61.64810562133789,400.0
2026-04-22T16:12:55.419762,100.0,61.698692321777344,400.0
2026-04-22T16:12:57.622036,100.0,61.64810562133789,400.0
2026-04-22T16:12:59.825640,100.0,61.74927520751953,400.0
2026-04-22T16:13:02.028718,100.0,61.698692321777344,400.0
2026-04-22T16:13:04.232110,100.0,61.698692321777344,400.0
2026-04-22T16:13:06.433777,100.0,61.64810562133789,400.0
2026-04-22T16:13:08.636625,100.0,61.59751892089844,400.0
2026-04-22T16:13:10.838835,100.0,61.64810562133789,400.0
2026-04-22T16:13:13.043046,100.0,61.74927520751953,400.0
2026-04-22T16:13:15.246840,100.0,61.698692321777344,400.0
2026-04-22T16:13:17.450380,100.0,61.698692321777344,400.0
2026-04-22T16:13:19.653321,100.0,61.64810562133789,400.0
2026-04-22T16:13:21.855059,100.0,61.64810562133789,400.0
2026-04-22T16:13:24.056993,100.0,61.698692321777344,400.0
2026-04-22T16:13:26.261415,100.0,61.698692321777344,400.0
2026-04-22T16:13:28.463492,100.0,61.59751892089844,400.0
2026-04-22T16:13:30.665898,100.0,61.59751892089844,400.0
2026-04-22T16:13:32.868010,100.0,61.64810562133789,400.0
2026-04-22T16:13:35.081796,100.0,61.546932220458984,400.0
2026-04-22T16:13:37.284334,100.0,61.64810562133789,400.0
2026-04-22T16:13:39.485968,100.0,61.546932220458984,400.0
2026-04-22T16:13:41.688047,100.0,61.698692321777344,400.0
2026-04-22T16:13:43.890164,100.0,61.59751892089844,400.0
2026-04-22T16:13:46.094480,100.0,61.64810562133789,400.0
2026-04-22T16:13:48.296490,100.0,61.64810562133789,400.0
2026-04-22T16:13:50.498786,100.0,61.64810562133789,400.0
2026-04-22T16:13:52.701844,100.0,61.64810562133789,400.0
2026-04-22T16:13:54.903922,100.0,61.698692321777344,400.0
2026-04-22T16:13:57.106964,100.0,61.698692321777344,400.0
2026-04-22T16:13:59.309576,100.0,61.64810562133789,400.0
2026-04-22T16:14:01.513181,100.0,61.59751892089844,400.0
2026-04-22T16:14:03.715359,100.0,61.698692321777344,400.0
2026-04-22T16:14:05.916926,100.0,61.64810562133789,400.0
2026-04-22T16:14:08.119061,100.0,61.698692321777344,400.0
2026-04-22T16:14:10.321178,100.0,61.698692321777344,400.0
2026-04-22T16:14:12.523222,100.0,61.64810562133789,400.0
2026-04-22T16:14:14.726555,100.0,61.64810562133789,400.0
2026-04-22T16:14:16.929720,100.0,61.64810562133789,400.0
2026-04-22T16:14:19.133574,100.0,61.64810562133789,400.0
2026-04-22T16:14:21.335790,100.0,61.698692321777344,400.0
2026-04-22T16:14:23.537534,100.0,61.698692321777344,400.0
2026-04-22T16:14:25.739692,100.0,61.74927520751953,400.0
2026-04-22T16:14:27.941903,100.0,61.698692321777344,400.0
2026-04-22T16:14:30.143615,100.0,61.799861907958984,400.0
2026-04-22T16:14:32.347002,100.0,61.74927520751953,400.0
2026-04-22T16:14:34.550534,100.0,61.698692321777344,400.0
2026-04-22T16:14:36.761672,100.0,61.74927520751953,400.0
2026-04-22T16:14:38.966161,100.0,61.799861907958984,400.0
2026-04-22T16:14:41.170476,100.0,61.64810562133789,400.0
2026-04-22T16:14:43.372477,100.0,61.64810562133789,400.0
2026-04-22T16:14:45.575197,100.0,61.64810562133789,400.0
2026-04-22T16:14:47.777268,100.0,61.59751892089844,400.0
2026-04-22T16:14:49.979094,100.0,61.64810562133789,400.0
2026-04-22T16:14:52.182042,100.0,61.698692321777344,400.0
2026-04-22T16:14:54.383745,100.0,61.698692321777344,400.0
2026-04-22T16:14:56.585970,100.0,61.698692321777344,400.0
2026-04-22T16:14:58.788352,100.0,61.64810562133789,400.0
2026-04-22T16:15:00.991109,100.0,61.698692321777344,400.0
2026-04-22T16:15:03.192761,100.0,61.64810562133789,400.0
2026-04-22T16:15:05.395957,100.0,61.74927520751953,400.0
2026-04-22T16:15:07.598832,100.0,61.698692321777344,400.0
2026-04-22T16:15:09.801984,100.0,61.74927520751953,400.0
2026-04-22T16:15:12.005621,100.0,61.799861907958984,400.0
2026-04-22T16:15:14.207506,100.0,61.799861907958984,400.0
2026-04-22T16:15:16.412492,100.0,61.799861907958984,400.0
2026-04-22T16:15:18.619076,100.0,61.698692321777344,400.0
2026-04-22T16:15:20.822149,100.0,61.799861907958984,400.0
2026-04-22T16:15:23.025254,100.0,61.90103530883789,400.0
2026-04-22T16:15:25.228232,100.0,61.85044860839844,400.0
2026-04-22T16:15:27.431120,100.0,61.74927520751953,400.0
2026-04-22T16:15:29.634288,100.0,61.799861907958984,400.0
2026-04-22T16:15:31.836340,100.0,61.74927520751953,400.0
2026-04-22T16:15:34.038220,100.0,61.85044860839844,400.0
2026-04-22T16:15:36.241067,100.0,61.799861907958984,400.0
2026-04-22T16:15:38.442708,100.0,61.799861907958984,400.0
2026-04-22T16:15:40.644257,100.0,61.951622009277344,400.0
2026-04-22T16:15:42.849944,100.0,61.799861907958984,400.0
2026-04-22T16:15:45.051884,100.0,61.74927520751953,400.0
2026-04-22T16:15:47.254886,100.0,61.74927520751953,400.0
2026-04-22T16:15:49.456994,100.0,61.698692321777344,400.0
2026-04-22T16:15:51.660548,100.0,61.698692321777344,400.0
2026-04-22T16:15:53.862997,100.0,61.698692321777344,400.0
2026-04-22T16:15:56.064728,100.0,61.74927520751953,400.0
2026-04-22T16:15:58.274754,100.0,61.799861907958984,400.0
2026-04-22T16:16:00.476442,100.0,61.698692321777344,400.0
2026-04-22T16:16:02.680430,100.0,61.85044860839844,400.0
2026-04-22T16:16:04.885172,100.0,61.799861907958984,400.0
2026-04-22T16:16:07.087145,100.0,61.74927520751953,400.0
2026-04-22T16:16:09.289178,100.0,61.90103530883789,400.0
2026-04-22T16:16:11.492604,100.0,61.85044860839844,400.0
2026-04-22T16:16:13.702504,100.0,61.85044860839844,400.0
2026-04-22T16:16:15.904639,100.0,61.85044860839844,400.0
2026-04-22T16:16:18.107608,100.0,61.799861907958984,400.0
2026-04-22T16:16:20.310362,100.0,61.799861907958984,400.0
2026-04-22T16:16:22.513450,100.0,61.951622009277344,400.0
2026-04-22T16:16:24.715644,100.0,61.90103530883789,400.0
2026-04-22T16:16:26.917861,100.0,61.90103530883789,400.0
2026-04-22T16:16:29.122083,100.0,61.85044860839844,400.0
2026-04-22T16:16:31.323880,100.0,61.799861907958984,400.0
2026-04-22T16:16:33.526738,100.0,61.90103530883789,400.0
2026-04-22T16:16:35.728474,100.0,62.0022087097168,400.0
2026-04-22T16:16:37.930602,100.0,61.85044860839844,400.0
2026-04-22T16:16:40.132587,100.0,61.951622009277344,400.0
2026-04-22T16:16:42.336318,100.0,61.951622009277344,400.0
2026-04-22T16:16:44.539691,100.0,61.951622009277344,400.0
2026-04-22T16:16:46.741613,100.0,62.0022087097168,400.0
2026-04-22T16:16:48.945669,100.0,61.90103530883789,400.0
2026-04-22T16:16:51.151134,100.0,61.951622009277344,400.0
2026-04-22T16:16:53.355230,100.0,62.0022087097168,400.0
2026-04-22T16:16:55.558568,100.0,62.0022087097168,400.0
2026-04-22T16:16:57.761722,100.0,61.90103530883789,400.0
2026-04-22T16:16:59.963538,100.0,61.951622009277344,400.0
2026-04-22T16:17:02.166317,100.0,62.0022087097168,400.0
2026-04-22T16:17:04.368653,100.0,62.0022087097168,400.0
2026-04-22T16:17:06.572455,100.0,62.0022087097168,400.0
2026-04-22T16:17:08.774589,100.0,62.0022087097168,400.0
2026-04-22T16:17:10.976755,100.0,62.05279541015625,400.0
2026-04-22T16:17:13.180661,100.0,62.05279541015625,400.0
2026-04-22T16:17:15.383773,100.0,62.15396499633789,400.0
2026-04-22T16:17:17.586919,100.0,62.1033821105957,400.0
2026-04-22T16:17:19.790584,100.0,62.05279541015625,400.0
2026-04-22T16:17:21.993731,100.0,62.1033821105957,400.0
2026-04-22T16:17:24.197728,100.0,62.0022087097168,400.0
2026-04-22T16:17:26.399809,100.0,62.05279541015625,400.0
2026-04-22T16:17:28.601977,100.0,61.951622009277344,400.0
2026-04-22T16:17:30.807513,100.0,62.05279541015625,400.0
2026-04-22T16:17:33.010543,100.0,62.05279541015625,400.0
2026-04-22T16:17:35.212699,100.0,62.05279541015625,400.0
2026-04-22T16:17:37.415883,100.0,62.1033821105957,400.0
2026-04-22T16:17:39.617789,100.0,62.15396499633789,400.0
2026-04-22T16:17:41.820656,100.0,62.1033821105957,400.0
2026-04-22T16:17:44.023116,100.0,62.1033821105957,400.0
2026-04-22T16:17:46.225406,100.0,62.15396499633789,400.0
2026-04-22T16:17:48.428508,100.0,62.204551696777344,400.0
2026-04-22T16:17:50.632171,100.0,62.204551696777344,400.0
2026-04-22T16:17:52.834291,100.0,62.2551383972168,400.0
2026-04-22T16:17:55.036685,100.0,62.204551696777344,400.0
2026-04-22T16:17:57.242691,100.0,62.15396499633789,400.0
2026-04-22T16:17:59.444665,100.0,62.204551696777344,400.0
2026-04-22T16:18:01.646995,100.0,62.204551696777344,400.0
2026-04-22T16:18:03.848670,100.0,62.15396499633789,400.0
2026-04-22T16:18:06.055136,100.0,62.2551383972168,400.0
2026-04-22T16:18:08.258802,100.0,62.30572509765625,400.0
2026-04-22T16:18:10.460790,100.0,62.204551696777344,400.0
2026-04-22T16:18:12.663673,100.0,62.30572509765625,400.0
2026-04-22T16:18:14.865491,100.0,62.204551696777344,400.0
2026-04-22T16:18:17.068335,100.0,62.2551383972168,400.0
2026-04-22T16:18:19.269983,100.0,62.15396499633789,400.0
2026-04-22T16:18:21.474928,100.0,62.30572509765625,400.0
2026-04-22T16:18:23.677792,100.0,62.30572509765625,400.0
2026-04-22T16:18:25.879891,100.0,62.2551383972168,400.0
2026-04-22T16:18:28.084004,100.0,62.30572509765625,400.0
2026-04-22T16:18:30.286447,100.0,62.406898498535156,400.0
2026-04-22T16:18:32.488363,100.0,62.2551383972168,400.0
2026-04-22T16:18:34.690675,100.0,62.204551696777344,400.0
2026-04-22T16:18:36.893852,100.0,62.30572509765625,400.0
2026-04-22T16:18:39.096381,100.0,62.30572509765625,400.0
2026-04-22T16:18:41.300052,100.0,62.30572509765625,400.0
2026-04-22T16:18:43.502810,100.0,62.2551383972168,400.0
2026-04-22T16:18:45.706212,100.0,62.204551696777344,400.0
2026-04-22T16:18:47.909460,100.0,62.3563117980957,400.0
2026-04-22T16:18:50.111116,100.0,62.30572509765625,400.0
2026-04-22T16:18:52.314558,100.0,62.3563117980957,400.0
2026-04-22T16:18:54.517546,100.0,62.30572509765625,400.0
2026-04-22T16:18:56.720889,100.0,62.15396499633789,400.0
2026-04-22T16:18:58.923825,100.0,62.2551383972168,400.0
2026-04-22T16:19:01.125810,100.0,62.2551383972168,400.0
2026-04-22T16:19:03.331461,100.0,62.204551696777344,400.0
2026-04-22T16:19:05.533628,100.0,62.2551383972168,400.0
2026-04-22T16:19:07.737517,100.0,62.2551383972168,400.0
2026-04-22T16:19:09.939485,100.0,62.3563117980957,400.0
2026-04-22T16:19:12.141635,100.0,62.2551383972168,400.0
2026-04-22T16:19:14.346222,100.0,62.30572509765625,400.0
2026-04-22T16:19:16.548120,100.0,62.3563117980957,400.0
2026-04-22T16:19:18.750118,100.0,62.3563117980957,400.0
2026-04-22T16:19:20.952230,100.0,62.30572509765625,400.0
2026-04-22T16:19:23.159286,100.0,62.3563117980957,400.0
2026-04-22T16:19:25.362492,100.0,62.406898498535156,400.0
2026-04-22T16:19:27.565730,100.0,62.3563117980957,400.0
2026-04-22T16:19:29.767502,100.0,62.406898498535156,400.0
2026-04-22T16:19:31.971762,100.0,62.406898498535156,400.0
2026-04-22T16:19:34.173445,100.0,62.30572509765625,400.0
2026-04-22T16:19:36.375443,100.0,62.2551383972168,400.0
2026-04-22T16:19:38.578681,100.0,62.2551383972168,400.0
2026-04-22T16:19:40.780718,100.0,62.30572509765625,400.0
2026-04-22T16:19:42.984088,100.0,62.2551383972168,400.0
2026-04-22T16:19:45.187339,100.0,62.2551383972168,400.0
2026-04-22T16:19:47.391055,100.0,62.1033821105957,400.0
2026-04-22T16:19:49.593239,100.0,62.0022087097168,400.0
2026-04-22T16:19:51.795533,100.0,61.799861907958984,400.0
2026-04-22T16:19:53.998422,100.0,61.698692321777344,400.0
2026-04-22T16:19:56.201532,100.0,61.64810562133789,400.0
2026-04-22T16:19:58.403855,100.0,61.49634552001953,400.0
2026-04-22T16:20:00.606927,100.0,61.44575881958008,400.0
2026-04-22T16:20:02.811548,100.0,61.34458541870117,400.0
2026-04-22T16:20:05.014427,100.0,61.142242431640625,400.0
2026-04-22T16:20:07.216461,100.0,61.19282913208008,400.0
2026-04-22T16:20:09.419584,100.0,61.24341583251953,400.0
2026-04-22T16:20:11.622504,100.0,61.294002532958984,400.0
2026-04-22T16:20:13.824533,100.0,61.34458541870117,400.0
2026-04-22T16:20:16.026676,100.0,61.294002532958984,400.0
2026-04-22T16:20:18.230078,100.0,61.294002532958984,400.0
2026-04-22T16:20:20.434055,100.0,61.34458541870117,400.0
2026-04-22T16:20:22.635668,100.0,61.294002532958984,400.0
2026-04-22T16:20:24.839080,100.0,61.395172119140625,400.0
2026-04-22T16:20:27.041728,100.0,61.34458541870117,400.0
2026-04-22T16:20:29.244632,100.0,61.44575881958008,400.0
2026-04-22T16:20:31.448011,100.0,61.34458541870117,400.0
2026-04-22T16:20:33.650182,100.0,61.44575881958008,400.0
2026-04-22T16:20:35.853676,100.0,61.395172119140625,400.0
2026-04-22T16:20:38.055319,100.0,61.44575881958008,400.0
2026-04-22T16:20:40.263720,100.0,61.49634552001953,400.0
2026-04-22T16:20:42.467054,100.0,61.49634552001953,400.0
2026-04-22T16:20:44.668588,100.0,61.49634552001953,400.0
2026-04-22T16:20:46.871766,100.0,61.49634552001953,400.0
2026-04-22T16:20:49.077050,100.0,61.546932220458984,400.0
2026-04-22T16:20:51.279134,100.0,61.59751892089844,400.0
2026-04-22T16:20:53.482780,100.0,61.546932220458984,400.0
2026-04-22T16:20:55.684381,100.0,61.64810562133789,400.0
2026-04-22T16:20:57.887627,100.0,61.698692321777344,400.0
2026-04-22T16:21:00.089435,100.0,61.64810562133789,400.0
2026-04-22T16:21:02.292837,100.0,61.64810562133789,400.0
2026-04-22T16:21:04.501141,100.0,61.698692321777344,400.0
2026-04-22T16:21:06.713351,100.0,61.74927520751953,400.0
2026-04-22T16:21:08.915729,100.0,61.64810562133789,400.0
2026-04-22T16:21:11.118029,100.0,61.698692321777344,400.0
2026-04-22T16:21:13.319878,100.0,61.74927520751953,400.0
2026-04-22T16:21:15.521563,100.0,61.799861907958984,400.0
2026-04-22T16:21:17.725390,100.0,61.698692321777344,400.0
2026-04-22T16:21:19.928133,100.0,61.698692321777344,400.0
2026-04-22T16:21:22.130363,100.0,61.799861907958984,400.0
2026-04-22T16:21:24.332017,100.0,61.799861907958984,400.0
2026-04-22T16:21:26.533840,100.0,61.74927520751953,400.0
2026-04-22T16:21:28.735444,100.0,61.799861907958984,400.0
2026-04-22T16:21:30.938282,100.0,61.85044860839844,400.0
2026-04-22T16:21:33.139889,100.0,61.90103530883789,400.0
2026-04-22T16:21:35.341513,100.0,61.799861907958984,400.0
2026-04-22T16:21:37.543442,100.0,61.799861907958984,400.0
2026-04-22T16:21:39.746676,100.0,61.85044860839844,400.0
2026-04-22T16:21:41.950405,100.0,61.799861907958984,400.0
2026-04-22T16:21:44.153301,100.0,61.799861907958984,400.0
2026-04-22T16:21:46.356462,100.0,61.90103530883789,400.0
2026-04-22T16:21:48.558661,100.0,61.85044860839844,400.0
2026-04-22T16:21:50.760935,100.0,61.90103530883789,400.0
2026-04-22T16:21:52.963849,100.0,61.90103530883789,400.0
2026-04-22T16:21:55.167003,100.0,61.85044860839844,400.0
2026-04-22T16:21:57.369354,100.0,61.799861907958984,400.0
2026-04-22T16:21:59.571119,100.0,61.74927520751953,400.0
2026-04-22T16:22:01.778331,100.0,61.799861907958984,400.0
2026-04-22T16:22:03.982605,100.0,61.85044860839844,400.0
2026-04-22T16:22:06.184693,100.0,61.85044860839844,400.0
2026-04-22T16:22:08.387641,100.0,61.85044860839844,400.0
2026-04-22T16:22:10.590442,100.0,61.90103530883789,400.0
2026-04-22T16:22:12.792501,100.0,61.799861907958984,400.0
2026-04-22T16:22:14.995857,100.0,61.90103530883789,400.0
2026-04-22T16:22:17.200988,100.0,61.951622009277344,400.0
2026-04-22T16:22:19.403837,100.0,61.90103530883789,400.0
2026-04-22T16:22:21.606965,100.0,62.0022087097168,400.0
2026-04-22T16:22:23.810675,100.0,62.0022087097168,400.0
2026-04-22T16:22:26.014044,100.0,62.0022087097168,400.0
2026-04-22T16:22:28.216731,100.0,62.1033821105957,400.0
2026-04-22T16:22:30.419475,100.0,62.05279541015625,400.0
2026-04-22T16:22:32.622734,100.0,62.0022087097168,400.0
2026-04-22T16:22:34.824528,100.0,61.951622009277344,400.0
2026-04-22T16:22:37.027048,100.0,62.0022087097168,400.0
2026-04-22T16:22:39.229319,100.0,62.1033821105957,400.0
2026-04-22T16:22:41.431324,100.0,62.0022087097168,400.0
2026-04-22T16:22:43.633380,100.0,62.0022087097168,400.0
2026-04-22T16:22:45.835985,100.0,62.05279541015625,400.0
2026-04-22T16:22:48.037622,100.0,62.05279541015625,400.0
2026-04-22T16:22:50.239548,100.0,62.0022087097168,400.0
2026-04-22T16:22:52.443367,100.0,62.05279541015625,400.0
2026-04-22T16:22:54.645189,100.0,62.05279541015625,400.0
2026-04-22T16:22:56.847801,100.0,62.1033821105957,400.0
2026-04-22T16:22:59.050257,100.0,62.1033821105957,400.0
2026-04-22T16:23:01.252598,100.0,62.05279541015625,400.0
2026-04-22T16:23:03.455105,100.0,62.0022087097168,400.0
2026-04-22T16:23:05.657299,100.0,62.1033821105957,400.0
2026-04-22T16:23:07.860522,100.0,62.05279541015625,400.0
2026-04-22T16:23:10.063181,100.0,62.05279541015625,400.0
2026-04-22T16:23:12.265293,100.0,62.1033821105957,400.0
2026-04-22T16:23:14.469838,100.0,62.05279541015625,400.0
2026-04-22T16:23:16.671455,100.0,62.1033821105957,400.0
2026-04-22T16:23:18.878350,100.0,62.0022087097168,400.0
2026-04-22T16:23:21.081263,100.0,62.05279541015625,400.0
2026-04-22T16:23:23.283214,100.0,62.05279541015625,400.0
2026-04-22T16:23:25.485450,100.0,62.204551696777344,400.0
2026-04-22T16:23:27.689088,100.0,62.15396499633789,400.0
2026-04-22T16:23:29.891949,100.0,62.15396499633789,400.0
2026-04-22T16:23:32.094886,100.0,62.15396499633789,400.0
2026-04-22T16:23:34.302316,100.0,62.15396499633789,400.0
2026-04-22T16:23:36.503901,100.0,62.05279541015625,400.0
2026-04-22T16:23:38.707117,100.0,62.15396499633789,400.0
2026-04-22T16:23:40.908693,100.0,62.1033821105957,400.0
2026-04-22T16:23:43.111077,100.0,62.05279541015625,400.0
2026-04-22T16:23:45.313004,100.0,62.1033821105957,400.0
2026-04-22T16:23:47.515128,100.0,62.05279541015625,400.0
2026-04-22T16:23:49.718165,100.0,62.05279541015625,400.0
2026-04-22T16:23:51.922735,100.0,62.15396499633789,400.0
2026-04-22T16:23:54.126177,100.0,62.1033821105957,400.0
2026-04-22T16:23:56.329705,100.0,62.1033821105957,400.0
2026-04-22T16:23:58.531268,100.0,62.15396499633789,400.0
2026-04-22T16:24:00.734530,100.0,62.1033821105957,400.0
2026-04-22T16:24:02.936483,100.0,62.0022087097168,400.0
2026-04-22T16:24:05.138817,100.0,62.05279541015625,400.0
2026-04-22T16:24:07.341744,100.0,62.1033821105957,400.0
2026-04-22T16:24:09.543730,100.0,62.05279541015625,400.0
2026-04-22T16:24:11.747532,100.0,62.15396499633789,400.0
2026-04-22T16:24:13.950370,100.0,62.15396499633789,400.0
2026-04-22T16:24:16.151931,100.0,62.15396499633789,400.0
2026-04-22T16:24:18.353897,100.0,62.15396499633789,400.0
2026-04-22T16:24:20.557720,100.0,62.15396499633789,400.0
2026-04-22T16:24:22.759734,100.0,62.15396499633789,400.0
2026-04-22T16:24:24.964450,100.0,62.15396499633789,400.0
2026-04-22T16:24:27.166232,100.0,62.1033821105957,400.0
2026-04-22T16:24:29.370537,100.0,62.1033821105957,400.0
2026-04-22T16:24:31.578478,100.0,62.05279541015625,400.0
2026-04-22T16:24:33.782167,100.0,62.05279541015625,400.0
2026-04-22T16:24:35.986498,100.0,62.1033821105957,400.0
2026-04-22T16:24:38.188556,100.0,62.15396499633789,400.0
2026-04-22T16:24:40.402207,100.0,62.204551696777344,400.0
2026-04-22T16:24:42.606010,100.0,62.204551696777344,400.0
2026-04-22T16:24:44.815649,100.0,62.1033821105957,400.0
2026-04-22T16:24:47.019060,100.0,62.204551696777344,400.0
2026-04-22T16:24:49.220651,100.0,62.204551696777344,400.0
2026-04-22T16:24:51.424203,100.0,62.15396499633789,400.0
2026-04-22T16:24:53.627069,100.0,62.204551696777344,400.0
2026-04-22T16:24:55.829120,100.0,62.2551383972168,400.0
2026-04-22T16:24:58.031322,100.0,62.204551696777344,400.0
2026-04-22T16:25:00.232856,100.0,62.15396499633789,400.0
2026-04-22T16:25:02.435830,100.0,62.204551696777344,400.0
2026-04-22T16:25:04.637468,100.0,62.2551383972168,400.0
2026-04-22T16:25:06.839441,100.0,62.204551696777344,400.0
2026-04-22T16:25:09.043022,100.0,62.204551696777344,400.0
2026-04-22T16:25:11.250648,100.0,62.1033821105957,400.0
2026-04-22T16:25:13.453474,100.0,62.204551696777344,400.0
2026-04-22T16:25:15.655182,100.0,62.1033821105957,400.0
2026-04-22T16:25:17.857814,100.0,62.15396499633789,400.0
2026-04-22T16:25:20.059691,100.0,62.1033821105957,400.0
2026-04-22T16:25:22.263931,100.0,62.2551383972168,400.0
2026-04-22T16:25:24.466997,100.0,62.204551696777344,400.0
2026-04-22T16:25:26.671244,100.0,62.204551696777344,400.0
2026-04-22T16:25:28.873944,100.0,62.204551696777344,400.0
2026-04-22T16:25:31.076110,100.0,62.30572509765625,400.0
2026-04-22T16:25:33.279909,100.0,62.204551696777344,400.0
2026-04-22T16:25:35.482930,100.0,62.30572509765625,400.0
2026-04-22T16:25:37.685747,100.0,62.3563117980957,400.0
2026-04-22T16:25:39.888759,100.0,62.3563117980957,400.0
2026-04-22T16:25:42.090780,100.0,62.204551696777344,400.0
2026-04-22T16:25:44.295154,100.0,62.30572509765625,400.0
2026-04-22T16:25:46.497166,100.0,62.2551383972168,400.0
2026-04-22T16:25:48.700078,100.0,62.30572509765625,400.0
2026-04-22T16:25:50.901751,100.0,62.2551383972168,400.0
2026-04-22T16:25:53.104838,100.0,62.204551696777344,400.0
2026-04-22T16:25:55.306952,100.0,62.15396499633789,400.0
2026-04-22T16:25:57.511421,100.0,62.204551696777344,400.0
2026-04-22T16:25:59.713092,100.0,62.204551696777344,400.0
2026-04-22T16:26:01.918153,100.0,62.2551383972168,400.0
2026-04-22T16:26:04.120278,100.0,62.1033821105957,400.0
2026-04-22T16:26:06.323183,100.0,62.1033821105957,400.0
2026-04-22T16:26:08.526813,100.0,61.951622009277344,400.0
2026-04-22T16:26:10.730047,100.0,61.85044860839844,400.0
2026-04-22T16:26:12.932921,100.0,61.74927520751953,400.0
2026-04-22T16:26:15.135016,100.0,61.64810562133789,400.0
2026-04-22T16:26:17.336754,100.0,61.59751892089844,400.0
2026-04-22T16:26:19.539774,100.0,61.395172119140625,400.0
2026-04-22T16:26:21.742703,100.0,61.44575881958008,400.0
2026-04-22T16:26:23.946109,100.0,61.34458541870117,400.0
2026-04-22T16:26:26.148952,100.0,61.09165573120117,400.0
2026-04-22T16:26:28.352522,100.0,60.990482330322266,400.0
2026-04-22T16:26:30.554586,100.0,60.83872604370117,400.0
2026-04-22T16:26:32.758453,100.0,60.78813934326172,400.0
2026-04-22T16:26:34.960135,100.0,60.78813934326172,400.0
2026-04-22T16:26:37.161766,100.0,60.63637924194336,400.0
2026-04-22T16:26:39.365478,100.0,60.484622955322266,400.0
2026-04-22T16:26:41.569809,100.0,60.43403625488281,400.0
2026-04-22T16:26:43.771629,100.0,60.484622955322266,400.0
2026-04-22T16:26:45.974502,100.0,60.53520965576172,400.0
2026-04-22T16:26:48.181750,100.0,60.484622955322266,400.0
2026-04-22T16:26:50.384540,100.0,60.484622955322266,400.0
2026-04-22T16:26:52.587980,100.0,60.585792541503906,400.0
2026-04-22T16:26:54.791310,100.0,60.63637924194336,400.0
2026-04-22T16:26:56.995144,100.0,60.68696594238281,400.0
2026-04-22T16:26:59.197178,100.0,60.68696594238281,400.0
2026-04-22T16:27:01.400470,100.0,60.737552642822266,400.0
2026-04-22T16:27:03.604072,100.0,60.737552642822266,400.0
2026-04-22T16:27:05.806832,100.0,60.78813934326172,400.0
2026-04-22T16:27:08.008510,100.0,60.78813934326172,400.0
2026-04-22T16:27:10.210912,100.0,60.737552642822266,400.0
2026-04-22T16:27:12.414578,100.0,60.78813934326172,400.0
2026-04-22T16:27:14.618016,100.0,60.737552642822266,400.0
2026-04-22T16:27:16.821155,100.0,60.78813934326172,400.0
2026-04-22T16:27:19.023296,100.0,60.889312744140625,400.0
2026-04-22T16:27:21.226608,100.0,60.889312744140625,400.0
2026-04-22T16:27:23.428976,100.0,60.990482330322266,400.0
2026-04-22T16:27:25.631779,100.0,60.990482330322266,400.0
2026-04-22T16:27:27.836050,100.0,60.93989562988281,400.0
2026-04-22T16:27:30.039345,100.0,61.04106903076172,400.0
2026-04-22T16:27:32.242660,100.0,61.04106903076172,400.0
2026-04-22T16:27:34.445476,100.0,61.04106903076172,400.0
2026-04-22T16:27:36.647102,100.0,61.142242431640625,400.0
2026-04-22T16:27:38.850703,100.0,61.09165573120117,400.0
2026-04-22T16:27:41.054394,100.0,61.142242431640625,400.0
2026-04-22T16:27:43.256317,100.0,61.142242431640625,400.0
2026-04-22T16:27:45.459257,100.0,61.19282913208008,400.0
2026-04-22T16:27:47.661152,100.0,61.19282913208008,400.0
2026-04-22T16:27:49.864753,100.0,61.142242431640625,400.0
2026-04-22T16:27:52.068622,100.0,61.09165573120117,400.0
2026-04-22T16:27:54.275393,100.0,61.09165573120117,400.0
2026-04-22T16:27:56.478188,100.0,61.09165573120117,400.0
2026-04-22T16:27:58.680080,100.0,61.142242431640625,400.0
2026-04-22T16:28:00.882877,100.0,61.142242431640625,400.0
2026-04-22T16:28:03.085732,100.0,61.19282913208008,400.0
2026-04-22T16:28:05.287407,100.0,61.24341583251953,400.0
2026-04-22T16:28:07.495757,100.0,61.24341583251953,400.0
2026-04-22T16:28:09.698817,100.0,61.294002532958984,400.0
2026-04-22T16:28:11.900711,100.0,61.294002532958984,400.0
2026-04-22T16:28:14.105931,100.0,61.294002532958984,400.0
2026-04-22T16:28:16.310900,100.0,61.395172119140625,400.0
2026-04-22T16:28:18.512736,100.0,61.294002532958984,400.0
2026-04-22T16:28:20.714753,100.0,61.34458541870117,400.0
2026-04-22T16:28:22.916500,100.0,61.395172119140625,400.0
2026-04-22T16:28:25.126185,100.0,61.34458541870117,400.0
2026-04-22T16:28:27.327888,100.0,61.34458541870117,400.0
2026-04-22T16:28:29.531377,100.0,61.34458541870117,400.0
2026-04-22T16:28:31.733346,100.0,61.34458541870117,400.0
2026-04-22T16:28:33.936687,100.0,61.395172119140625,400.0
2026-04-22T16:28:36.139143,100.0,61.395172119140625,400.0
2026-04-22T16:28:38.340854,100.0,61.294002532958984,400.0
2026-04-22T16:28:40.544676,100.0,61.34458541870117,400.0
2026-04-22T16:28:42.748631,100.0,61.395172119140625,400.0
2026-04-22T16:28:44.952222,100.0,61.44575881958008,400.0
2026-04-22T16:28:47.157208,100.0,61.395172119140625,400.0
2026-04-22T16:28:49.359865,100.0,61.395172119140625,400.0
2026-04-22T16:28:51.561725,100.0,61.44575881958008,400.0
2026-04-22T16:28:53.764559,100.0,61.395172119140625,400.0
2026-04-22T16:28:55.967670,100.0,61.395172119140625,400.0
2026-04-22T16:28:58.169902,100.0,61.395172119140625,400.0
2026-04-22T16:29:00.374627,100.0,61.44575881958008,400.0
2026-04-22T16:29:02.576372,100.0,61.44575881958008,400.0
2026-04-22T16:29:04.779125,100.0,61.546932220458984,400.0
2026-04-22T16:29:06.982445,100.0,61.59751892089844,400.0
2026-04-22T16:29:09.184259,100.0,61.49634552001953,400.0
2026-04-22T16:29:11.387833,100.0,61.59751892089844,400.0
2026-04-22T16:29:13.591402,100.0,61.49634552001953,400.0
2026-04-22T16:29:15.793277,100.0,61.64810562133789,400.0
2026-04-22T16:29:17.995044,100.0,61.59751892089844,400.0
2026-04-22T16:29:20.197767,100.0,61.64810562133789,400.0
2026-04-22T16:29:22.399502,100.0,61.59751892089844,400.0
2026-04-22T16:29:24.602691,100.0,61.64810562133789,400.0
2026-04-22T16:29:26.806057,100.0,61.59751892089844,400.0
2026-04-22T16:29:29.008861,100.0,61.64810562133789,400.0
2026-04-22T16:29:31.210831,100.0,61.64810562133789,400.0
2026-04-22T16:29:33.412435,100.0,61.698692321777344,400.0
2026-04-22T16:29:35.615792,100.0,61.74927520751953,400.0
2026-04-22T16:29:37.818857,100.0,61.74927520751953,400.0
2026-04-22T16:29:40.022319,100.0,61.85044860839844,400.0
2026-04-22T16:29:42.224647,100.0,61.74927520751953,400.0
2026-04-22T16:29:44.427578,100.0,61.64810562133789,400.0
2026-04-22T16:29:46.629186,100.0,61.74927520751953,400.0
2026-04-22T16:29:48.830893,100.0,61.74927520751953,400.0
2026-04-22T16:29:51.035042,100.0,61.799861907958984,400.0
2026-04-22T16:29:53.236981,100.0,61.74927520751953,400.0
2026-04-22T16:29:55.439994,100.0,61.698692321777344,400.0
2026-04-22T16:29:57.644120,100.0,61.698692321777344,400.0
2026-04-22T16:29:59.847023,100.0,61.74927520751953,400.0
2026-04-22T16:30:02.049878,100.0,61.59751892089844,400.0
2026-04-22T16:30:04.252150,100.0,61.64810562133789,400.0
2026-04-22T16:30:06.454125,100.0,61.698692321777344,400.0
2026-04-22T16:30:08.657186,100.0,61.74927520751953,400.0
2026-04-22T16:30:10.859550,100.0,61.698692321777344,400.0
2026-04-22T16:30:13.063052,100.0,61.74927520751953,400.0
2026-04-22T16:30:15.266432,100.0,61.799861907958984,400.0
2026-04-22T16:30:17.471313,100.0,61.799861907958984,400.0
2026-04-22T16:30:19.673093,100.0,61.85044860839844,400.0
2026-04-22T16:30:21.876704,100.0,61.799861907958984,400.0
2026-04-22T16:30:24.079175,100.0,61.85044860839844,400.0
2026-04-22T16:30:26.282447,100.0,61.74927520751953,400.0
2026-04-22T16:30:28.484549,100.0,61.799861907958984,400.0
2026-04-22T16:30:30.688889,100.0,61.85044860839844,400.0
2026-04-22T16:30:32.892233,100.0,61.85044860839844,400.0
2026-04-22T16:30:35.095100,100.0,61.85044860839844,400.0
2026-04-22T16:30:37.298764,100.0,61.85044860839844,400.0
2026-04-22T16:30:39.500827,100.0,61.90103530883789,400.0
2026-04-22T16:30:41.703601,100.0,62.05279541015625,400.0
2026-04-22T16:30:43.905270,100.0,62.0022087097168,400.0
2026-04-22T16:30:46.109173,100.0,62.05279541015625,400.0
2026-04-22T16:30:48.315733,100.0,62.0022087097168,400.0
2026-04-22T16:30:50.517871,100.0,62.0022087097168,400.0
2026-04-22T16:30:52.719775,100.0,62.05279541015625,400.0
2026-04-22T16:30:54.921961,100.0,62.05279541015625,400.0
2026-04-22T16:30:57.126537,100.0,62.05279541015625,400.0
2026-04-22T16:30:59.328143,100.0,62.05279541015625,400.0
2026-04-22T16:31:01.530852,100.0,62.05279541015625,400.0
2026-04-22T16:31:03.732512,100.0,62.0022087097168,400.0
2026-04-22T16:31:05.934515,100.0,62.15396499633789,400.0
2026-04-22T16:31:08.136906,100.0,62.1033821105957,400.0
2026-04-22T16:31:10.339048,100.0,62.05279541015625,400.0
2026-04-22T16:31:12.542129,100.0,62.0022087097168,400.0
2026-04-22T16:31:14.744092,100.0,62.05279541015625,400.0
2026-04-22T16:31:16.946594,100.0,62.1033821105957,400.0
2026-04-22T16:31:19.150688,100.0,62.15396499633789,400.0
2026-04-22T16:31:21.354925,100.0,62.1033821105957,400.0
2026-04-22T16:31:23.557815,100.0,61.951622009277344,400.0
2026-04-22T16:31:25.761731,100.0,61.951622009277344,400.0
2026-04-22T16:31:27.965764,100.0,61.951622009277344,400.0
2026-04-22T16:31:30.167511,100.0,62.0022087097168,400.0
2026-04-22T16:31:32.370466,100.0,62.0022087097168,400.0
2026-04-22T16:31:34.574855,100.0,62.0022087097168,400.0
2026-04-22T16:31:36.776491,100.0,62.0022087097168,400.0
2026-04-22T16:31:38.979878,100.0,62.05279541015625,400.0
2026-04-22T16:31:41.183611,100.0,62.05279541015625,400.0
2026-04-22T16:31:43.385368,100.0,62.05279541015625,400.0
2026-04-22T16:31:45.587919,100.0,62.1033821105957,400.0
2026-04-22T16:31:47.789601,100.0,62.05279541015625,400.0
2026-04-22T16:31:49.995895,100.0,62.1033821105957,400.0
2026-04-22T16:31:52.199089,100.0,62.05279541015625,400.0
2026-04-22T16:31:54.402834,100.0,62.1033821105957,400.0
2026-04-22T16:31:56.605029,100.0,62.05279541015625,400.0
2026-04-22T16:31:58.808758,100.0,62.05279541015625,400.0
2026-04-22T16:32:01.014458,100.0,62.05279541015625,400.0
2026-04-22T16:32:03.216348,100.0,62.0022087097168,400.0
2026-04-22T16:32:05.422229,100.0,62.05279541015625,400.0
2026-04-22T16:32:07.625384,100.0,62.1033821105957,400.0
2026-04-22T16:32:09.827280,100.0,62.1033821105957,400.0
2026-04-22T16:32:12.028913,100.0,62.204551696777344,400.0
2026-04-22T16:32:14.230911,100.0,62.15396499633789,400.0
2026-04-22T16:32:16.434938,100.0,62.05279541015625,400.0
2026-04-22T16:32:18.637108,100.0,62.204551696777344,400.0
2026-04-22T16:32:20.844682,100.0,62.15396499633789,400.0
2026-04-22T16:32:23.048213,100.0,62.05279541015625,400.0
2026-04-22T16:32:25.251251,100.0,62.15396499633789,400.0
2026-04-22T16:32:27.454755,100.0,62.1033821105957,400.0
2026-04-22T16:32:29.659194,100.0,62.15396499633789,400.0
2026-04-22T16:32:31.862135,100.0,62.0022087097168,400.0
2026-04-22T16:32:34.064845,100.0,62.05279541015625,400.0
2026-04-22T16:32:36.267668,100.0,62.0022087097168,400.0
2026-04-22T16:32:38.470859,100.0,62.15396499633789,400.0
2026-04-22T16:32:40.674585,100.0,62.1033821105957,400.0
2026-04-22T16:32:42.878084,100.0,62.1033821105957,400.0
2026-04-22T16:32:45.081007,100.0,62.05279541015625,400.0
2026-04-22T16:32:47.283869,100.0,62.05279541015625,400.0
2026-04-22T16:32:49.491191,100.0,62.0022087097168,400.0
2026-04-22T16:32:51.701680,100.0,61.951622009277344,400.0
2026-04-22T16:32:53.905065,100.0,61.951622009277344,400.0
2026-04-22T16:32:56.107316,100.0,62.0022087097168,400.0
2026-04-22T16:32:58.309578,100.0,62.0022087097168,400.0
2026-04-22T16:33:00.511648,100.0,62.0022087097168,400.0
2026-04-22T16:33:02.715408,100.0,62.05279541015625,400.0
2026-04-22T16:33:04.919702,100.0,62.05279541015625,400.0
2026-04-22T16:33:07.121581,100.0,62.05279541015625,400.0
2026-04-22T16:33:09.323698,100.0,62.05279541015625,400.0
2026-04-22T16:33:11.526323,100.0,62.0022087097168,400.0
2026-04-22T16:33:13.729713,100.0,62.0022087097168,400.0
2026-04-22T16:33:15.932051,100.0,62.0022087097168,400.0
2026-04-22T16:33:18.136542,100.0,61.951622009277344,400.0
2026-04-22T16:33:20.338947,100.0,62.0022087097168,400.0
2026-04-22T16:33:22.542346,100.0,62.05279541015625,400.0
2026-04-22T16:33:24.744590,100.0,62.0022087097168,400.0
2026-04-22T16:33:26.948830,100.0,62.0022087097168,400.0
2026-04-22T16:33:29.151687,100.0,62.0022087097168,400.0
2026-04-22T16:33:31.355607,100.0,62.1033821105957,400.0
2026-04-22T16:33:33.558253,100.0,62.05279541015625,400.0
2026-04-22T16:33:35.761252,100.0,62.05279541015625,400.0
2026-04-22T16:33:37.964420,100.0,62.05279541015625,400.0
2026-04-22T16:33:40.167495,100.0,62.05279541015625,400.0
2026-04-22T16:33:42.382237,100.0,62.05279541015625,400.0
2026-04-22T16:33:44.584726,100.0,62.05279541015625,400.0
2026-04-22T16:33:46.787035,100.0,62.1033821105957,400.0
2026-04-22T16:33:48.994751,100.0,62.15396499633789,400.0
2026-04-22T16:33:51.196821,100.0,62.05279541015625,400.0
2026-04-22T16:33:53.400154,100.0,62.05279541015625,400.0
2026-04-22T16:33:55.603284,100.0,62.1033821105957,400.0
2026-04-22T16:33:57.804943,100.0,62.0022087097168,400.0
2026-04-22T16:34:00.008143,100.0,62.0022087097168,400.0
2026-04-22T16:34:02.212899,100.0,62.05279541015625,400.0
2026-04-22T16:34:04.416884,100.0,62.05279541015625,400.0
2026-04-22T16:34:06.620037,100.0,61.951622009277344,400.0
2026-04-22T16:34:08.821723,100.0,62.05279541015625,400.0
2026-04-22T16:34:11.025751,100.0,62.05279541015625,400.0
2026-04-22T16:34:13.232046,100.0,62.05279541015625,400.0
2026-04-22T16:34:15.434740,100.0,62.05279541015625,400.0
2026-04-22T16:34:17.637804,100.0,62.0022087097168,400.0
2026-04-22T16:34:19.839545,100.0,62.05279541015625,400.0
2026-04-22T16:34:22.041784,100.0,62.05279541015625,400.0
2026-04-22T16:34:24.245139,100.0,62.1033821105957,400.0
2026-04-22T16:34:26.448258,100.0,62.204551696777344,400.0
2026-04-22T16:34:28.659581,100.0,62.15396499633789,400.0
2026-04-22T16:34:30.863730,100.0,62.204551696777344,400.0
2026-04-22T16:34:33.066700,100.0,62.15396499633789,400.0
2026-04-22T16:34:35.268463,100.0,62.15396499633789,400.0
2026-04-22T16:34:37.471371,100.0,62.204551696777344,400.0
2026-04-22T16:34:39.672928,100.0,62.15396499633789,400.0
2026-04-22T16:34:41.876588,100.0,62.15396499633789,400.0
2026-04-22T16:34:44.081486,100.0,62.1033821105957,400.0
2026-04-22T16:34:46.283054,100.0,62.15396499633789,400.0
2026-04-22T16:34:48.486031,100.0,62.15396499633789,400.0
2026-04-22T16:34:50.692904,100.0,62.0022087097168,400.0
2026-04-22T16:34:52.894875,100.0,62.204551696777344,400.0
2026-04-22T16:34:55.096731,100.0,62.15396499633789,400.0
2026-04-22T16:34:57.302957,100.0,62.15396499633789,400.0
2026-04-22T16:34:59.508332,100.0,62.1033821105957,400.0
2026-04-22T16:35:01.710296,100.0,62.15396499633789,400.0
2026-04-22T16:35:03.912161,100.0,62.204551696777344,400.0
2026-04-22T16:35:06.115355,100.0,62.15396499633789,400.0
2026-04-22T16:35:08.318827,100.0,62.15396499633789,400.0
2026-04-22T16:35:10.520914,100.0,62.15396499633789,400.0
2026-04-22T16:35:12.723264,100.0,62.15396499633789,400.0
2026-04-22T16:35:14.927067,100.0,62.15396499633789,400.0
2026-04-22T16:35:17.129883,100.0,62.30572509765625,400.0
2026-04-22T16:35:19.331487,100.0,62.2551383972168,400.0
2026-04-22T16:35:21.534428,100.0,62.204551696777344,400.0
2026-04-22T16:35:23.736027,100.0,62.204551696777344,400.0
2026-04-22T16:35:25.939662,100.0,62.204551696777344,400.0
2026-04-22T16:35:28.142165,100.0,62.204551696777344,400.0
2026-04-22T16:35:30.345261,100.0,62.15396499633789,400.0
2026-04-22T16:35:32.547912,100.0,62.15396499633789,400.0
2026-04-22T16:35:34.750732,100.0,62.204551696777344,400.0
2026-04-22T16:35:36.952562,100.0,62.1033821105957,400.0
2026-04-22T16:35:39.156010,100.0,62.15396499633789,400.0
2026-04-22T16:35:41.359466,100.0,62.15396499633789,400.0
2026-04-22T16:35:43.561491,100.0,62.204551696777344,400.0
2026-04-22T16:35:45.767034,100.0,62.204551696777344,400.0
2026-04-22T16:35:47.968644,100.0,62.1033821105957,400.0
2026-04-22T16:35:50.173731,86.6,62.15396499633789,400.0
2026-04-22T16:35:52.378061,100.0,62.15396499633789,400.0
2026-04-22T16:35:54.582027,100.0,62.204551696777344,400.0
2026-04-22T16:35:56.786280,100.0,62.15396499633789,400.0
2026-04-22T16:35:58.989530,100.0,62.1033821105957,400.0
2026-04-22T16:36:01.194166,100.0,62.15396499633789,400.0
2026-04-22T16:36:03.396676,100.0,62.15396499633789,400.0
2026-04-22T16:36:05.604872,100.0,62.1033821105957,400.0
2026-04-22T16:36:07.811397,100.0,62.0022087097168,400.0
2026-04-22T16:36:10.013491,100.0,62.0022087097168,400.0
2026-04-22T16:36:12.215742,100.0,62.0022087097168,400.0
2026-04-22T16:36:14.418178,100.0,62.0022087097168,400.0
2026-04-22T16:36:16.620595,100.0,61.90103530883789,400.0
2026-04-22T16:36:18.823153,100.0,61.85044860839844,400.0
2026-04-22T16:36:21.025476,100.0,61.698692321777344,400.0
2026-04-22T16:36:23.229964,100.0,61.546932220458984,400.0
2026-04-22T16:36:25.432773,100.0,61.49634552001953,400.0
2026-04-22T16:36:27.637548,100.0,61.395172119140625,400.0
2026-04-22T16:36:29.842459,100.0,61.294002532958984,400.0
2026-04-22T16:36:32.046090,100.0,61.24341583251953,400.0
2026-04-22T16:36:34.250318,100.0,61.09165573120117,400.0
2026-04-22T16:36:36.454086,100.0,60.990482330322266,400.0
2026-04-22T16:36:38.658454,100.0,60.93989562988281,400.0
2026-04-22T16:36:40.860052,100.0,60.889312744140625,400.0
2026-04-22T16:36:43.064649,100.0,60.737552642822266,400.0
2026-04-22T16:36:45.268498,100.0,60.63637924194336,400.0
2026-04-22T16:36:47.476673,100.0,60.585792541503906,400.0
2026-04-22T16:36:49.680290,100.0,60.53520965576172,400.0
2026-04-22T16:36:51.884199,100.0,60.43403625488281,400.0
2026-04-22T16:36:54.088747,100.0,60.231689453125,400.0
2026-04-22T16:36:56.292010,100.0,60.13051986694336,400.0
2026-04-22T16:36:58.497445,100.0,60.13051986694336,400.0
2026-04-22T16:37:00.700824,100.0,59.978759765625,400.0
2026-04-22T16:37:02.905195,100.0,59.978759765625,400.0
2026-04-22T16:37:05.107401,100.0,59.77641296386719,400.0
2026-04-22T16:37:07.310865,100.0,59.725830078125,400.0
2026-04-22T16:37:09.515214,100.0,59.624656677246094,400.0
2026-04-22T16:37:11.725033,100.0,59.52348327636719,400.0
2026-04-22T16:37:13.928758,100.0,59.42230987548828,400.0
2026-04-22T16:37:16.130797,100.0,59.32114028930664,400.0
2026-04-22T16:37:18.333995,100.0,59.16938018798828,400.0
2026-04-22T16:37:20.538967,100.0,59.16938018798828,400.0
2026-04-22T16:37:22.743601,100.0,59.16938018798828,400.0
2026-04-22T16:37:24.948360,100.0,59.01762008666992,400.0
2026-04-22T16:37:27.150618,100.0,59.068206787109375,400.0
2026-04-22T16:37:29.355275,100.0,58.96703338623047,400.0
2026-04-22T16:37:31.558251,100.0,58.91645050048828,400.0
2026-04-22T16:37:33.760146,100.0,58.815277099609375,400.0
2026-04-22T16:37:35.962961,100.0,58.86586380004883,400.0
2026-04-22T16:37:38.168589,100.0,58.91645050048828,400.0
2026-04-22T16:37:40.373485,100.0,58.61293029785156,400.0
2026-04-22T16:37:42.575487,100.0,58.51176071166992,400.0
2026-04-22T16:37:44.779661,100.0,58.46117401123047,400.0
2026-04-22T16:37:46.982026,100.0,58.46117401123047,400.0
2026-04-22T16:37:49.185006,100.0,58.46117401123047,400.0
2026-04-22T16:37:51.388714,100.0,58.36000061035156,400.0
2026-04-22T16:37:53.600382,100.0,58.410587310791016,400.0
2026-04-22T16:37:55.802508,100.0,58.410587310791016,400.0
2026-04-22T16:37:58.004349,100.0,58.258827209472656,400.0
2026-04-22T16:38:00.209391,100.0,58.258827209472656,400.0
2026-04-22T16:38:02.413344,100.0,58.258827209472656,400.0
2026-04-22T16:38:04.616435,100.0,58.157657623291016,400.0
2026-04-22T16:38:06.821215,100.0,58.258827209472656,400.0
2026-04-22T16:38:09.042591,100.0,58.10707092285156,400.0
2026-04-22T16:38:11.252657,100.0,57.8541374206543,400.0
2026-04-22T16:38:13.458407,100.0,57.803550720214844,400.0
2026-04-22T16:38:15.660544,100.0,58.157657623291016,400.0
2026-04-22T16:38:17.863906,100.0,57.752967834472656,400.0
2026-04-22T16:38:20.068039,100.0,57.803550720214844,400.0
2026-04-22T16:38:22.271494,100.0,57.8541374206543,400.0
2026-04-22T16:38:24.482870,100.0,57.7023811340332,400.0
2026-04-22T16:38:26.684872,100.0,57.65179443359375,400.0
2026-04-22T16:38:28.887981,100.0,57.65179443359375,400.0
2026-04-22T16:38:31.090061,100.0,57.65179443359375,400.0
2026-04-22T16:38:33.293439,100.0,57.550621032714844,400.0
2026-04-22T16:38:35.497930,100.0,57.65179443359375,400.0
2026-04-22T16:38:37.701185,100.0,57.65179443359375,400.0
2026-04-22T16:38:39.903222,100.0,57.50003433227539,400.0
2026-04-22T16:38:42.107091,100.0,57.550621032714844,400.0
2026-04-22T16:38:44.311151,100.0,57.550621032714844,400.0
2026-04-22T16:38:46.513528,100.0,57.50003433227539,400.0
2026-04-22T16:38:48.717509,100.0,57.44944763183594,400.0
2026-04-22T16:38:50.921859,100.0,57.3482780456543,400.0
2026-04-22T16:38:53.123934,100.0,57.398860931396484,400.0
2026-04-22T16:38:55.327772,100.0,57.398860931396484,400.0
2026-04-22T16:38:57.531331,100.0,57.3482780456543,400.0
2026-04-22T16:38:59.739385,100.0,57.297691345214844,400.0
2026-04-22T16:39:01.943836,100.0,57.3482780456543,400.0
2026-04-22T16:39:04.150079,100.0,57.24710464477539,400.0
2026-04-22T16:39:06.354648,100.0,57.24710464477539,400.0
2026-04-22T16:39:08.556679,100.0,57.145931243896484,400.0
2026-04-22T16:39:10.761900,100.0,57.297691345214844,400.0
2026-04-22T16:39:12.964014,100.0,57.04475784301758,400.0
2026-04-22T16:39:15.170029,100.0,57.145931243896484,400.0
2026-04-22T16:39:17.373948,100.0,57.09534454345703,400.0
2026-04-22T16:39:19.575736,100.0,57.19651794433594,400.0
2026-04-22T16:39:21.778403,100.0,56.94358825683594,400.0
2026-04-22T16:39:23.981749,100.0,56.994171142578125,400.0
2026-04-22T16:39:26.185063,100.0,56.84241485595703,400.0
2026-04-22T16:39:28.388583,100.0,56.994171142578125,400.0
2026-04-22T16:39:30.591319,100.0,56.893001556396484,400.0
2026-04-22T16:39:32.794616,100.0,56.893001556396484,400.0
2026-04-22T16:39:35.005038,100.0,56.994171142578125,400.0
2026-04-22T16:39:37.208418,100.0,57.04475784301758,400.0
2026-04-22T16:39:39.410665,100.0,56.994171142578125,400.0
2026-04-22T16:39:41.613727,100.0,57.19651794433594,400.0
2026-04-22T16:39:43.817011,100.0,57.19651794433594,400.0
2026-04-22T16:39:46.023429,100.0,57.3482780456543,400.0
2026-04-22T16:39:48.226948,100.0,57.398860931396484,400.0
2026-04-22T16:39:50.431250,100.0,57.50003433227539,400.0
2026-04-22T16:39:52.634091,100.0,57.50003433227539,400.0
2026-04-22T16:39:54.835899,100.0,57.65179443359375,400.0
2026-04-22T16:39:57.040528,100.0,57.752967834472656,400.0
2026-04-22T16:39:59.244334,100.0,57.803550720214844,400.0
2026-04-22T16:40:01.450567,100.0,58.005897521972656,400.0
2026-04-22T16:40:03.654131,100.0,57.9553108215332,400.0
2026-04-22T16:40:05.857970,100.0,58.10707092285156,400.0
2026-04-22T16:40:08.061166,100.0,58.157657623291016,400.0
2026-04-22T16:40:10.264173,100.0,58.258827209472656,400.0
2026-04-22T16:40:12.467253,100.0,58.30941390991211,400.0
2026-04-22T16:40:14.670898,100.0,58.30941390991211,400.0
2026-04-22T16:40:16.872723,100.0,58.36000061035156,400.0
2026-04-22T16:40:19.075319,100.0,58.30941390991211,400.0
2026-04-22T16:40:21.277289,100.0,58.46117401123047,400.0
2026-04-22T16:40:23.481866,100.0,58.663516998291016,400.0
2026-04-22T16:40:25.689041,100.0,58.76469039916992,400.0
2026-04-22T16:40:27.897325,100.0,58.71410369873047,400.0
2026-04-22T16:40:30.100098,100.0,58.76469039916992,400.0
2026-04-22T16:40:32.308089,100.0,58.71410369873047,400.0
2026-04-22T16:40:34.512851,100.0,58.71410369873047,400.0
2026-04-22T16:40:36.717341,100.0,58.86586380004883,400.0
2026-04-22T16:40:38.921565,100.0,58.91645050048828,400.0
2026-04-22T16:40:41.124832,100.0,58.815277099609375,400.0
2026-04-22T16:40:43.326860,100.0,59.01762008666992,400.0
2026-04-22T16:40:45.530052,100.0,58.96703338623047,400.0
2026-04-22T16:40:47.734590,100.0,59.068206787109375,400.0
2026-04-22T16:40:49.937190,100.0,59.11879348754883,400.0
2026-04-22T16:40:52.139354,100.0,59.16938018798828,400.0
2026-04-22T16:40:54.343471,100.0,59.27055358886719,400.0
2026-04-22T16:40:56.545373,100.0,59.27055358886719,400.0
2026-04-22T16:40:58.750978,100.0,59.37172317504883,400.0
2026-04-22T16:41:00.953840,100.0,59.37172317504883,400.0
2026-04-22T16:41:03.157741,100.0,59.42230987548828,400.0
2026-04-22T16:41:05.360097,100.0,59.42230987548828,400.0
2026-04-22T16:41:07.562409,100.0,59.57406997680664,400.0
2026-04-22T16:41:09.765988,100.0,59.67524337768555,400.0
2026-04-22T16:41:11.969242,100.0,59.67524337768555,400.0
2026-04-22T16:41:14.175065,100.0,59.67524337768555,400.0
2026-04-22T16:41:16.377571,100.0,59.725830078125,400.0
2026-04-22T16:41:18.579313,100.0,59.77641296386719,400.0
2026-04-22T16:41:20.789038,100.0,59.77641296386719,400.0
2026-04-22T16:41:22.993765,100.0,59.77641296386719,400.0
2026-04-22T16:41:25.198041,100.0,59.77641296386719,400.0
2026-04-22T16:41:27.401405,100.0,59.877586364746094,400.0
2026-04-22T16:41:29.609155,100.0,59.82699966430664,400.0
2026-04-22T16:41:31.813198,100.0,59.877586364746094,400.0
2026-04-22T16:41:34.016119,100.0,59.92817306518555,400.0
2026-04-22T16:41:36.224527,100.0,59.82699966430664,400.0
2026-04-22T16:41:38.429399,100.0,59.82699966430664,400.0
2026-04-22T16:41:40.632935,100.0,59.77641296386719,400.0
2026-04-22T16:41:42.834756,100.0,59.77641296386719,400.0
2026-04-22T16:41:45.037904,100.0,59.624656677246094,400.0
2026-04-22T16:41:47.239768,100.0,59.624656677246094,400.0
2026-04-22T16:41:49.443426,100.0,59.472896575927734,400.0
2026-04-22T16:41:51.645593,100.0,59.472896575927734,400.0
2026-04-22T16:41:53.850001,100.0,59.37172317504883,400.0
2026-04-22T16:41:56.054877,100.0,59.219966888427734,400.0
2026-04-22T16:41:58.257336,100.0,59.11879348754883,400.0
2026-04-22T16:42:00.460882,100.0,59.01762008666992,400.0
2026-04-22T16:42:02.663704,100.0,59.01762008666992,400.0
2026-04-22T16:42:04.866432,100.0,58.86586380004883,400.0
2026-04-22T16:42:07.068460,100.0,58.71410369873047,400.0
2026-04-22T16:42:09.273992,100.0,58.815277099609375,400.0
2026-04-22T16:42:11.480395,100.0,58.71410369873047,400.0
2026-04-22T16:42:13.683546,100.0,58.76469039916992,400.0
2026-04-22T16:42:15.887189,100.0,58.663516998291016,400.0
2026-04-22T16:42:18.091077,100.0,58.56234359741211,400.0
2026-04-22T16:42:20.292727,100.0,58.46117401123047,400.0
2026-04-22T16:42:22.496551,100.0,58.51176071166992,400.0
2026-04-22T16:42:24.703520,100.0,58.56234359741211,400.0
2026-04-22T16:42:26.905409,100.0,58.410587310791016,400.0
2026-04-22T16:42:29.108996,100.0,58.258827209472656,400.0
2026-04-22T16:42:31.314989,100.0,58.46117401123047,400.0
2026-04-22T16:42:33.519413,100.0,58.258827209472656,400.0
2026-04-22T16:42:35.723340,100.0,58.157657623291016,400.0
2026-04-22T16:42:37.927241,100.0,58.36000061035156,400.0
2026-04-22T16:42:40.130947,100.0,58.30941390991211,400.0
2026-04-22T16:42:42.338752,100.0,58.2082405090332,400.0
2026-04-22T16:42:44.540864,100.0,58.30941390991211,400.0
2026-04-22T16:42:46.743866,100.0,58.258827209472656,400.0
2026-04-22T16:42:48.948493,100.0,58.2082405090332,400.0
2026-04-22T16:42:51.150681,100.0,58.2082405090332,400.0
2026-04-22T16:42:53.354417,100.0,58.05648422241211,400.0
2026-04-22T16:42:55.556663,100.0,58.005897521972656,400.0
2026-04-22T16:42:57.764849,100.0,57.90472412109375,400.0
2026-04-22T16:42:59.967194,100.0,57.9553108215332,400.0
2026-04-22T16:43:02.169887,100.0,57.8541374206543,400.0
2026-04-22T16:43:04.374464,100.0,57.90472412109375,400.0
2026-04-22T16:43:06.576418,100.0,57.752967834472656,400.0
2026-04-22T16:43:08.780729,100.0,57.752967834472656,400.0
2026-04-22T16:43:10.984131,100.0,57.7023811340332,400.0
2026-04-22T16:43:13.186039,100.0,57.65179443359375,400.0
2026-04-22T16:43:15.392074,100.0,57.7023811340332,400.0
2026-04-22T16:43:17.595653,100.0,57.65179443359375,400.0
2026-04-22T16:43:19.800178,100.0,57.6012077331543,400.0
2026-04-22T16:43:22.003291,100.0,57.6012077331543,400.0
2026-04-22T16:43:24.207432,100.0,57.550621032714844,400.0
2026-04-22T16:43:26.410830,100.0,57.550621032714844,400.0
2026-04-22T16:43:28.614123,100.0,57.65179443359375,400.0
2026-04-22T16:43:30.816940,100.0,57.6012077331543,400.0
2026-04-22T16:43:33.020268,100.0,57.550621032714844,400.0
2026-04-22T16:43:35.222138,100.0,57.50003433227539,400.0
2026-04-22T16:43:37.425102,100.0,57.50003433227539,400.0
2026-04-22T16:43:39.627838,100.0,57.50003433227539,400.0
2026-04-22T16:43:41.833833,100.0,57.44944763183594,400.0
2026-04-22T16:43:44.037822,100.0,57.398860931396484,400.0
2026-04-22T16:43:46.241653,100.0,57.398860931396484,400.0
2026-04-22T16:43:48.445722,100.0,57.3482780456543,400.0
2026-04-22T16:43:50.648475,100.0,57.297691345214844,400.0
2026-04-22T16:43:52.850913,100.0,57.3482780456543,400.0
2026-04-22T16:43:55.058734,100.0,57.24710464477539,400.0
2026-04-22T16:43:57.262104,100.0,57.297691345214844,400.0
2026-04-22T16:43:59.463778,100.0,57.297691345214844,400.0
2026-04-22T16:44:01.666961,100.0,57.19651794433594,400.0
2026-04-22T16:44:03.871936,100.0,57.145931243896484,400.0
2026-04-22T16:44:06.076171,100.0,57.19651794433594,400.0
2026-04-22T16:44:08.279170,100.0,57.145931243896484,400.0
2026-04-22T16:44:10.482945,100.0,57.145931243896484,400.0
2026-04-22T16:44:12.684767,100.0,57.24710464477539,400.0
2026-04-22T16:44:14.886776,100.0,57.19651794433594,400.0
2026-04-22T16:44:17.094206,100.0,57.145931243896484,400.0
2026-04-22T16:44:19.302865,100.0,57.19651794433594,400.0
2026-04-22T16:44:21.506870,100.0,57.145931243896484,400.0
2026-04-22T16:44:23.710867,100.0,57.145931243896484,400.0
2026-04-22T16:44:25.917615,100.0,57.09534454345703,400.0
2026-04-22T16:44:28.122846,100.0,57.04475784301758,400.0
2026-04-22T16:44:30.327416,100.0,57.09534454345703,400.0
2026-04-22T16:44:32.529097,100.0,57.09534454345703,400.0
2026-04-22T16:44:34.732231,100.0,57.04475784301758,400.0
2026-04-22T16:44:36.935809,100.0,57.09534454345703,400.0
2026-04-22T16:44:39.139438,100.0,56.94358825683594,400.0
2026-04-22T16:44:41.343317,100.0,57.04475784301758,400.0
2026-04-22T16:44:43.546181,100.0,57.04475784301758,400.0
2026-04-22T16:44:45.753935,100.0,57.145931243896484,400.0
2026-04-22T16:44:47.957490,100.0,57.09534454345703,400.0
2026-04-22T16:44:50.162640,100.0,57.09534454345703,400.0
2026-04-22T16:44:52.364578,100.0,56.994171142578125,400.0
2026-04-22T16:44:54.569005,100.0,57.09534454345703,400.0
2026-04-22T16:44:56.773571,100.0,57.145931243896484,400.0
2026-04-22T16:44:58.976601,100.0,57.3482780456543,400.0
2026-04-22T16:45:01.179703,100.0,57.297691345214844,400.0
2026-04-22T16:45:03.382077,100.0,57.44944763183594,400.0
2026-04-22T16:45:05.588548,100.0,57.550621032714844,400.0
2026-04-22T16:45:07.793018,100.0,57.6012077331543,400.0
2026-04-22T16:45:09.995174,100.0,57.6012077331543,400.0
2026-04-22T16:45:12.197615,100.0,57.7023811340332,400.0
2026-04-22T16:45:14.404535,100.0,57.803550720214844,400.0
2026-04-22T16:45:16.609901,100.0,57.90472412109375,400.0
2026-04-22T16:45:18.812869,100.0,57.90472412109375,400.0
2026-04-22T16:45:21.015350,100.0,58.005897521972656,400.0
2026-04-22T16:45:23.220290,100.0,58.157657623291016,400.0
2026-04-22T16:45:25.424141,100.0,58.2082405090332,400.0
2026-04-22T16:45:27.626743,100.0,58.30941390991211,400.0
2026-04-22T16:45:29.830399,100.0,58.410587310791016,400.0
2026-04-22T16:45:32.034274,100.0,58.30941390991211,400.0
2026-04-22T16:45:34.238385,100.0,58.36000061035156,400.0
2026-04-22T16:45:36.441658,100.0,58.46117401123047,400.0
2026-04-22T16:45:38.647587,100.0,58.51176071166992,400.0
2026-04-22T16:45:40.855389,100.0,58.61293029785156,400.0
2026-04-22T16:45:43.058581,100.0,58.61293029785156,400.0
2026-04-22T16:45:45.260778,100.0,58.663516998291016,400.0
2026-04-22T16:45:47.468117,100.0,58.76469039916992,400.0
2026-04-22T16:45:49.670460,100.0,58.71410369873047,400.0
2026-04-22T16:45:51.874449,100.0,58.815277099609375,400.0
2026-04-22T16:45:54.080730,100.0,58.96703338623047,400.0
2026-04-22T16:45:56.288130,100.0,58.96703338623047,400.0
2026-04-22T16:45:58.492666,100.0,58.91645050048828,400.0
2026-04-22T16:46:00.697731,100.0,59.16938018798828,400.0
2026-04-22T16:46:02.901431,100.0,59.16938018798828,400.0
2026-04-22T16:46:05.106585,100.0,59.32114028930664,400.0
2026-04-22T16:46:07.308706,100.0,59.32114028930664,400.0
2026-04-22T16:46:09.513988,100.0,59.42230987548828,400.0
2026-04-22T16:46:11.719708,100.0,59.37172317504883,400.0
2026-04-22T16:46:13.922195,100.0,59.472896575927734,400.0
2026-04-22T16:46:16.128330,100.0,59.42230987548828,400.0
2026-04-22T16:46:18.335871,100.0,59.42230987548828,400.0
2026-04-22T16:46:20.539131,100.0,59.37172317504883,400.0
2026-04-22T16:46:22.742859,100.0,59.37172317504883,400.0
2026-04-22T16:46:24.946974,100.0,59.42230987548828,400.0
2026-04-22T16:46:27.151798,100.0,59.32114028930664,400.0
2026-04-22T16:46:29.356878,100.0,59.219966888427734,400.0
2026-04-22T16:46:31.561095,100.0,59.068206787109375,400.0
2026-04-22T16:46:33.764346,100.0,59.11879348754883,400.0
2026-04-22T16:46:35.968153,100.0,59.068206787109375,400.0
2026-04-22T16:46:38.171163,100.0,59.068206787109375,400.0
2026-04-22T16:46:40.375485,100.0,59.01762008666992,400.0
2026-04-22T16:46:42.580139,100.0,58.91645050048828,400.0
2026-04-22T16:46:44.783673,100.0,58.76469039916992,400.0
2026-04-22T16:46:46.990031,100.0,58.91645050048828,400.0
2026-04-22T16:46:49.195040,100.0,58.91645050048828,400.0
2026-04-22T16:46:51.397790,100.0,58.56234359741211,400.0
2026-04-22T16:46:53.601820,100.0,58.76469039916992,400.0
2026-04-22T16:46:55.807894,100.0,58.76469039916992,400.0
2026-04-22T16:46:58.010043,100.0,58.410587310791016,400.0
2026-04-22T16:47:00.212644,100.0,58.61293029785156,400.0
2026-04-22T16:47:02.415592,100.0,58.51176071166992,400.0
2026-04-22T16:47:04.619248,100.0,58.51176071166992,400.0
2026-04-22T16:47:06.821927,100.0,58.61293029785156,400.0
2026-04-22T16:47:09.026091,100.0,58.56234359741211,400.0
2026-04-22T16:47:11.230411,100.0,58.410587310791016,400.0
2026-04-22T16:47:13.437151,100.0,58.410587310791016,400.0
2026-04-22T16:47:15.639143,100.0,58.410587310791016,400.0
2026-04-22T16:47:17.841701,100.0,58.30941390991211,400.0
2026-04-22T16:47:20.044342,100.0,58.258827209472656,400.0
2026-04-22T16:47:22.248333,100.0,58.2082405090332,400.0
2026-04-22T16:47:24.451013,100.0,58.2082405090332,400.0
2026-04-22T16:47:26.653029,100.0,58.258827209472656,400.0
2026-04-22T16:47:28.856261,100.0,58.157657623291016,400.0
2026-04-22T16:47:31.058981,100.0,57.9553108215332,400.0
2026-04-22T16:47:33.265047,100.0,58.157657623291016,400.0
2026-04-22T16:47:35.469010,100.0,57.9553108215332,400.0
2026-04-22T16:47:37.672344,100.0,57.9553108215332,400.0
2026-04-22T16:47:39.876817,100.0,57.9553108215332,400.0
2026-04-22T16:47:42.079458,100.0,57.8541374206543,400.0
2026-04-22T16:47:44.283101,100.0,57.8541374206543,400.0
2026-04-22T16:47:46.486226,100.0,57.90472412109375,400.0
2026-04-22T16:47:48.695741,100.0,57.90472412109375,400.0
2026-04-22T16:47:50.897822,100.0,58.005897521972656,400.0
2026-04-22T16:47:53.101044,100.0,58.157657623291016,400.0
2026-04-22T16:47:55.303353,100.0,58.10707092285156,400.0
2026-04-22T16:47:57.507360,100.0,58.157657623291016,400.0
2026-04-22T16:47:59.710143,100.0,58.36000061035156,400.0
2026-04-22T16:48:01.912891,100.0,58.46117401123047,400.0
2026-04-22T16:48:04.117118,100.0,58.46117401123047,400.0
2026-04-22T16:48:06.319465,100.0,58.61293029785156,400.0
2026-04-22T16:48:08.522315,100.0,58.410587310791016,400.0
2026-04-22T16:48:10.734629,100.0,58.71410369873047,400.0
2026-04-22T16:48:12.936548,100.0,58.56234359741211,400.0
2026-04-22T16:48:15.139203,100.0,58.86586380004883,400.0
2026-04-22T16:48:17.341346,100.0,58.663516998291016,400.0
2026-04-22T16:48:19.551080,100.0,58.91645050048828,400.0
2026-04-22T16:48:21.752994,100.0,58.815277099609375,400.0
2026-04-22T16:48:23.956869,100.0,58.91645050048828,400.0
2026-04-22T16:48:26.163267,100.0,59.068206787109375,400.0
2026-04-22T16:48:28.367502,100.0,58.91645050048828,400.0
2026-04-22T16:48:30.570174,100.0,58.96703338623047,400.0
2026-04-22T16:48:32.772465,100.0,58.91645050048828,400.0
2026-04-22T16:48:34.977806,100.0,58.71410369873047,400.0
2026-04-22T16:48:37.180256,100.0,58.815277099609375,400.0
2026-04-22T16:48:39.384231,100.0,58.815277099609375,400.0
2026-04-22T16:48:41.587245,100.0,58.56234359741211,400.0
2026-04-22T16:48:43.789032,100.0,58.71410369873047,400.0
2026-04-22T16:48:45.991831,100.0,58.56234359741211,400.0
2026-04-22T16:48:48.194775,100.0,58.56234359741211,400.0
2026-04-22T16:48:50.401991,100.0,58.46117401123047,400.0
2026-04-22T16:48:52.605384,100.0,58.410587310791016,400.0
2026-04-22T16:48:54.807446,100.0,58.61293029785156,400.0
2026-04-22T16:48:57.011812,100.0,58.46117401123047,400.0
2026-04-22T16:48:59.214687,100.0,58.36000061035156,400.0
2026-04-22T16:49:01.422766,100.0,58.36000061035156,400.0
2026-04-22T16:49:03.625520,100.0,58.258827209472656,400.0
2026-04-22T16:49:05.827350,100.0,58.36000061035156,400.0
2026-04-22T16:49:08.029946,100.0,58.30941390991211,400.0
2026-04-22T16:49:10.232866,100.0,58.36000061035156,400.0
2026-04-22T16:49:12.437005,100.0,58.258827209472656,400.0
2026-04-22T16:49:14.641901,100.0,58.30941390991211,400.0
2026-04-22T16:49:16.844190,100.0,58.2082405090332,400.0
2026-04-22T16:49:19.047399,100.0,58.258827209472656,400.0
2026-04-22T16:49:21.250541,100.0,58.005897521972656,400.0
2026-04-22T16:49:23.453688,100.0,58.10707092285156,400.0
2026-04-22T16:49:25.657328,100.0,57.90472412109375,400.0
2026-04-22T16:49:27.860775,100.0,57.9553108215332,400.0
2026-04-22T16:49:30.062621,100.0,57.90472412109375,400.0
2026-04-22T16:49:32.266304,100.0,57.90472412109375,400.0
2026-04-22T16:49:34.469275,100.0,58.005897521972656,400.0
2026-04-22T16:49:36.673291,100.0,57.9553108215332,400.0
2026-04-22T16:49:38.876814,100.0,57.90472412109375,400.0
2026-04-22T16:49:41.081380,100.0,57.8541374206543,400.0
2026-04-22T16:49:43.287285,100.0,57.752967834472656,400.0
2026-04-22T16:49:45.489548,100.0,57.65179443359375,400.0
2026-04-22T16:49:47.694123,100.0,57.65179443359375,400.0
2026-04-22T16:49:49.896964,100.0,57.6012077331543,400.0
2026-04-22T16:49:52.099580,100.0,57.50003433227539,400.0
2026-04-22T16:49:54.303067,100.0,57.50003433227539,400.0
2026-04-22T16:49:56.505587,100.0,57.3482780456543,400.0
2026-04-22T16:49:58.708736,100.0,57.24710464477539,400.0
2026-04-22T16:50:00.912246,100.0,57.19651794433594,400.0
2026-04-22T16:50:03.119513,100.0,57.19651794433594,400.0
2026-04-22T16:50:05.322683,100.0,57.145931243896484,400.0
2026-04-22T16:50:07.527092,100.0,56.994171142578125,400.0
2026-04-22T16:50:09.729503,100.0,57.04475784301758,400.0
2026-04-22T16:50:11.936881,100.0,56.994171142578125,400.0
2026-04-22T16:50:14.142345,100.0,56.94358825683594,400.0
2026-04-22T16:50:16.344506,100.0,56.94358825683594,400.0
2026-04-22T16:50:18.549381,100.0,56.94358825683594,400.0
2026-04-22T16:50:20.753534,100.0,56.893001556396484,400.0
2026-04-22T16:50:22.955947,100.0,56.893001556396484,400.0
2026-04-22T16:50:25.159688,100.0,56.84241485595703,400.0
2026-04-22T16:50:27.363188,100.0,56.69065475463867,400.0
2026-04-22T16:50:29.566913,100.0,56.64006805419922,400.0
2026-04-22T16:50:31.769305,100.0,56.64006805419922,400.0
2026-04-22T16:50:33.973634,100.0,56.69065475463867,400.0
2026-04-22T16:50:36.176750,100.0,56.69065475463867,400.0
2026-04-22T16:50:38.380455,100.0,56.589481353759766,400.0
2026-04-22T16:50:40.584555,100.0,56.64006805419922,400.0
2026-04-22T16:50:42.787847,100.0,56.589481353759766,400.0
2026-04-22T16:50:44.989635,100.0,56.488311767578125,400.0
2026-04-22T16:50:47.191601,100.0,56.488311767578125,400.0
2026-04-22T16:50:49.403448,100.0,56.53889846801758,400.0
2026-04-22T16:50:51.607458,100.0,56.488311767578125,400.0
2026-04-22T16:50:53.810550,100.0,56.488311767578125,400.0
2026-04-22T16:50:56.013168,100.0,56.488311767578125,400.0
2026-04-22T16:50:58.216491,100.0,56.488311767578125,400.0
2026-04-22T16:51:00.420247,100.0,56.488311767578125,400.0
2026-04-22T16:51:02.623172,100.0,56.43772506713867,400.0
2026-04-22T16:51:04.825881,100.0,56.589481353759766,400.0
2026-04-22T16:51:07.032990,100.0,56.69065475463867,400.0
2026-04-22T16:51:09.236062,100.0,56.741241455078125,400.0
2026-04-22T16:51:11.439966,100.0,56.84241485595703,400.0
2026-04-22T16:51:13.644291,100.0,56.94358825683594,400.0
2026-04-22T16:51:15.847321,100.0,56.94358825683594,400.0
2026-04-22T16:51:18.051505,100.0,57.04475784301758,400.0
2026-04-22T16:51:20.255651,100.0,57.19651794433594,400.0
2026-04-22T16:51:22.463844,100.0,57.297691345214844,400.0
2026-04-22T16:51:24.666786,100.0,57.398860931396484,400.0
2026-04-22T16:51:26.870805,100.0,57.398860931396484,400.0
2026-04-22T16:51:29.076725,100.0,57.44944763183594,400.0
2026-04-22T16:51:31.279769,100.0,57.44944763183594,400.0
2026-04-22T16:51:33.482163,100.0,57.550621032714844,400.0
2026-04-22T16:51:35.684371,100.0,57.65179443359375,400.0
2026-04-22T16:51:37.887649,100.0,57.7023811340332,400.0
2026-04-22T16:51:40.091516,100.0,57.803550720214844,400.0
2026-04-22T16:51:42.297014,100.0,57.8541374206543,400.0
2026-04-22T16:51:44.499429,100.0,57.90472412109375,400.0
2026-04-22T16:51:46.702110,100.0,58.05648422241211,400.0
2026-04-22T16:51:48.906211,100.0,58.10707092285156,400.0
2026-04-22T16:51:51.108458,100.0,58.10707092285156,400.0
2026-04-22T16:51:53.310574,100.0,58.258827209472656,400.0
2026-04-22T16:51:55.512570,100.0,58.36000061035156,400.0
2026-04-22T16:51:57.715887,100.0,58.30941390991211,400.0
2026-04-22T16:51:59.919127,100.0,58.51176071166992,400.0
2026-04-22T16:52:02.122806,100.0,58.51176071166992,400.0
2026-04-22T16:52:04.326017,100.0,58.56234359741211,400.0
2026-04-22T16:52:06.528491,100.0,58.71410369873047,400.0
2026-04-22T16:52:08.733163,100.0,58.61293029785156,400.0
2026-04-22T16:52:10.935275,100.0,58.71410369873047,400.0
2026-04-22T16:52:13.140444,100.0,58.76469039916992,400.0
2026-04-22T16:52:15.344792,100.0,58.86586380004883,400.0
2026-04-22T16:52:17.548527,100.0,58.86586380004883,400.0
2026-04-22T16:52:19.751818,100.0,58.91645050048828,400.0
2026-04-22T16:52:21.956220,100.0,58.96703338623047,400.0
2026-04-22T16:52:24.160533,100.0,59.01762008666992,400.0
2026-04-22T16:52:26.365020,100.0,59.11879348754883,400.0
2026-04-22T16:52:28.570925,100.0,59.219966888427734,400.0
2026-04-22T16:52:30.775379,100.0,59.27055358886719,400.0
2026-04-22T16:52:32.977575,100.0,59.32114028930664,400.0
2026-04-22T16:52:35.182399,100.0,59.219966888427734,400.0
2026-04-22T16:52:37.386443,100.0,59.27055358886719,400.0
2026-04-22T16:52:39.589885,100.0,59.37172317504883,400.0
2026-04-22T16:52:41.794823,100.0,59.37172317504883,400.0
2026-04-22T16:52:44.000718,100.0,59.52348327636719,400.0
2026-04-22T16:52:46.205886,100.0,59.472896575927734,400.0
2026-04-22T16:52:48.412799,100.0,59.42230987548828,400.0
2026-04-22T16:52:50.616108,100.0,59.57406997680664,400.0
2026-04-22T16:52:52.820496,100.0,59.57406997680664,400.0
2026-04-22T16:52:55.025693,100.0,59.624656677246094,400.0
2026-04-22T16:52:57.228784,100.0,59.624656677246094,400.0
2026-04-22T16:52:59.434968,100.0,59.77641296386719,400.0
2026-04-22T16:53:01.638020,100.0,59.725830078125,400.0
2026-04-22T16:53:03.844736,100.0,59.82699966430664,400.0
2026-04-22T16:53:06.048580,100.0,59.877586364746094,400.0
2026-04-22T16:53:08.255115,100.0,59.877586364746094,400.0
2026-04-22T16:53:10.458761,100.0,59.877586364746094,400.0
2026-04-22T16:53:12.661627,100.0,59.92817306518555,400.0
2026-04-22T16:53:14.863903,100.0,59.92817306518555,400.0
2026-04-22T16:53:17.066659,100.0,60.079933166503906,400.0
2026-04-22T16:53:19.269049,100.0,60.02934646606445,400.0
2026-04-22T16:53:21.471148,100.0,60.079933166503906,400.0
2026-04-22T16:53:23.677552,100.0,60.13051986694336,400.0
2026-04-22T16:53:25.881019,100.0,60.18110275268555,400.0
2026-04-22T16:53:28.085576,100.0,60.18110275268555,400.0
2026-04-22T16:53:30.290773,100.0,60.332862854003906,400.0
2026-04-22T16:53:32.493389,100.0,60.231689453125,400.0
2026-04-22T16:53:34.697001,100.0,60.18110275268555,400.0
2026-04-22T16:53:36.900362,100.0,60.02934646606445,400.0
2026-04-22T16:53:39.104282,100.0,59.877586364746094,400.0
2026-04-22T16:53:41.305995,100.0,59.877586364746094,400.0
2026-04-22T16:53:43.511883,100.0,59.67524337768555,400.0
2026-04-22T16:53:45.717822,100.0,59.624656677246094,400.0
2026-04-22T16:53:47.920281,100.0,59.624656677246094,400.0
2026-04-22T16:53:50.127264,100.0,59.472896575927734,400.0
2026-04-22T16:53:52.331155,100.0,59.42230987548828,400.0
2026-04-22T16:53:54.535436,100.0,59.52348327636719,400.0
2026-04-22T16:53:56.737862,100.0,59.32114028930664,400.0
2026-04-22T16:53:58.941059,100.0,59.27055358886719,400.0
2026-04-22T16:54:01.144601,100.0,59.11879348754883,400.0
2026-04-22T16:54:03.348672,100.0,58.96703338623047,400.0
2026-04-22T16:54:05.551462,100.0,59.068206787109375,400.0
2026-04-22T16:54:07.755185,100.0,58.96703338623047,400.0
2026-04-22T16:54:09.967498,100.0,58.815277099609375,400.0
2026-04-22T16:54:12.170000,100.0,58.76469039916992,400.0
2026-04-22T16:54:14.373005,100.0,58.86586380004883,400.0
2026-04-22T16:54:16.575773,100.0,58.96703338623047,400.0
2026-04-22T16:54:18.779373,100.0,58.815277099609375,400.0
2026-04-22T16:54:20.983203,100.0,58.815277099609375,400.0
2026-04-22T16:54:23.187656,100.0,58.61293029785156,400.0
2026-04-22T16:54:25.389658,100.0,58.56234359741211,400.0
2026-04-22T16:54:27.592188,100.0,58.46117401123047,400.0
2026-04-22T16:54:29.796700,100.0,58.36000061035156,400.0
2026-04-22T16:54:32.001657,100.0,58.30941390991211,400.0
2026-04-22T16:54:34.207047,100.0,58.30941390991211,400.0
2026-04-22T16:54:36.409746,100.0,58.36000061035156,400.0
2026-04-22T16:54:38.616383,100.0,58.157657623291016,400.0
2026-04-22T16:54:40.820431,100.0,58.2082405090332,400.0
2026-04-22T16:54:43.022876,100.0,58.258827209472656,400.0
2026-04-22T16:54:45.229728,100.0,58.157657623291016,400.0
2026-04-22T16:54:47.433668,100.0,58.2082405090332,400.0
2026-04-22T16:54:49.637047,100.0,58.005897521972656,400.0
2026-04-22T16:54:51.841670,100.0,57.9553108215332,400.0
2026-04-22T16:54:54.044882,100.0,58.005897521972656,400.0
2026-04-22T16:54:56.248794,100.0,57.9553108215332,400.0
2026-04-22T16:54:58.451117,100.0,57.90472412109375,400.0
2026-04-22T16:55:00.653708,100.0,57.9553108215332,400.0
2026-04-22T16:55:02.857669,100.0,57.803550720214844,400.0
2026-04-22T16:55:05.061334,100.0,57.8541374206543,400.0
2026-04-22T16:55:07.268122,100.0,57.8541374206543,400.0
2026-04-22T16:55:09.470161,100.0,57.752967834472656,400.0
2026-04-22T16:55:11.672844,100.0,57.8541374206543,400.0
2026-04-22T16:55:13.875105,100.0,57.752967834472656,400.0
2026-04-22T16:55:16.078623,100.0,57.752967834472656,400.0
2026-04-22T16:55:18.281169,100.0,57.6012077331543,400.0
2026-04-22T16:55:20.484343,100.0,57.44944763183594,400.0
2026-04-22T16:55:22.689591,100.0,57.6012077331543,400.0
2026-04-22T16:55:24.891631,100.0,57.398860931396484,400.0
2026-04-22T16:55:27.096173,100.0,57.44944763183594,400.0
2026-04-22T16:55:29.298733,100.0,57.398860931396484,400.0
2026-04-22T16:55:31.505616,100.0,57.398860931396484,400.0
2026-04-22T16:55:33.707426,100.0,57.297691345214844,400.0
2026-04-22T16:55:35.912777,100.0,57.297691345214844,400.0
2026-04-22T16:55:38.118095,100.0,57.24710464477539,400.0
2026-04-22T16:55:40.323342,100.0,57.09534454345703,400.0
2026-04-22T16:55:42.527197,100.0,57.19651794433594,400.0
2026-04-22T16:55:44.730766,100.0,57.24710464477539,400.0
2026-04-22T16:55:46.949782,100.0,57.297691345214844,400.0
2026-04-22T16:55:49.153446,100.0,57.398860931396484,400.0
2026-04-22T16:55:51.358141,100.0,57.50003433227539,400.0
2026-04-22T16:55:53.563471,100.0,57.550621032714844,400.0
2026-04-22T16:55:55.768704,100.0,57.550621032714844,400.0
2026-04-22T16:55:57.974684,100.0,57.6012077331543,400.0
2026-04-22T16:56:00.178213,100.0,57.803550720214844,400.0
2026-04-22T16:56:02.380329,100.0,57.8541374206543,400.0
2026-04-22T16:56:04.583002,100.0,57.752967834472656,400.0
2026-04-22T16:56:06.786112,100.0,57.9553108215332,400.0
2026-04-22T16:56:08.989995,100.0,57.9553108215332,400.0
2026-04-22T16:56:11.205202,100.0,57.9553108215332,400.0
2026-04-22T16:56:13.409013,100.0,58.10707092285156,400.0
2026-04-22T16:56:15.610956,100.0,58.30941390991211,400.0
2026-04-22T16:56:17.813010,100.0,58.258827209472656,400.0
2026-04-22T16:56:20.018470,100.0,58.2082405090332,400.0
2026-04-22T16:56:22.220774,100.0,58.410587310791016,400.0
2026-04-22T16:56:24.426033,100.0,58.56234359741211,400.0
2026-04-22T16:56:26.627823,100.0,58.410587310791016,400.0
2026-04-22T16:56:28.834175,100.0,58.56234359741211,400.0
2026-04-22T16:56:31.036197,100.0,58.663516998291016,400.0
2026-04-22T16:56:33.239434,100.0,58.56234359741211,400.0
2026-04-22T16:56:35.441562,100.0,58.815277099609375,400.0
2026-04-22T16:56:37.645729,100.0,58.86586380004883,400.0
2026-04-22T16:56:39.848216,100.0,58.86586380004883,400.0
2026-04-22T16:56:42.052777,100.0,58.815277099609375,400.0
2026-04-22T16:56:44.255005,100.0,59.01762008666992,400.0
2026-04-22T16:56:46.456992,100.0,59.068206787109375,400.0
2026-04-22T16:56:48.663641,100.0,59.16938018798828,400.0
2026-04-22T16:56:50.867895,100.0,58.96703338623047,400.0
2026-04-22T16:56:53.072006,100.0,59.11879348754883,400.0
2026-04-22T16:56:55.275033,100.0,59.16938018798828,400.0
2026-04-22T16:56:57.477320,100.0,59.11879348754883,400.0
2026-04-22T16:56:59.682790,100.0,59.219966888427734,400.0
2026-04-22T16:57:01.885997,100.0,59.32114028930664,400.0
2026-04-22T16:57:04.088684,100.0,59.27055358886719,400.0
2026-04-22T16:57:06.292146,100.0,59.42230987548828,400.0
2026-04-22T16:57:08.500664,100.0,59.472896575927734,400.0
2026-04-22T16:57:10.703843,100.0,59.52348327636719,400.0
2026-04-22T16:57:12.907300,100.0,59.624656677246094,400.0
2026-04-22T16:57:15.110810,100.0,59.624656677246094,400.0
2026-04-22T16:57:17.314035,100.0,59.67524337768555,400.0
2026-04-22T16:57:19.517313,100.0,59.77641296386719,400.0
2026-04-22T16:57:21.721134,100.0,59.82699966430664,400.0
2026-04-22T16:57:23.928432,100.0,59.877586364746094,400.0
2026-04-22T16:57:26.131902,100.0,59.77641296386719,400.0
2026-04-22T16:57:28.335356,100.0,59.77641296386719,400.0
2026-04-22T16:57:30.538572,100.0,59.877586364746094,400.0
2026-04-22T16:57:32.740610,100.0,59.92817306518555,400.0
2026-04-22T16:57:34.946739,100.0,59.978759765625,400.0
2026-04-22T16:57:37.149128,100.0,60.13051986694336,400.0
2026-04-22T16:57:39.354902,100.0,59.978759765625,400.0
2026-04-22T16:57:41.556771,100.0,60.079933166503906,400.0
2026-04-22T16:57:43.760147,100.0,59.978759765625,400.0
2026-04-22T16:57:45.962867,100.0,60.13051986694336,400.0
2026-04-22T16:57:48.166408,100.0,60.13051986694336,400.0
2026-04-22T16:57:50.370508,100.0,60.13051986694336,400.0
2026-04-22T16:57:52.575111,100.0,60.02934646606445,400.0
2026-04-22T16:57:54.802109,100.0,60.13051986694336,400.0
2026-04-22T16:57:57.004599,100.0,59.978759765625,400.0
2026-04-22T16:57:59.208074,100.0,59.67524337768555,400.0
2026-04-22T16:58:01.410492,100.0,59.725830078125,400.0
2026-04-22T16:58:03.613862,100.0,59.67524337768555,400.0
2026-04-22T16:58:05.817714,100.0,59.57406997680664,400.0
2026-04-22T16:58:08.022940,100.0,59.37172317504883,400.0
2026-04-22T16:58:10.236699,100.0,59.27055358886719,400.0
2026-04-22T16:58:12.438910,100.0,59.37172317504883,400.0
2026-04-22T16:58:14.641770,100.0,59.219966888427734,400.0
2026-04-22T16:58:16.844207,100.0,59.11879348754883,400.0
2026-04-22T16:58:19.048082,100.0,58.96703338623047,400.0
2026-04-22T16:58:21.250221,100.0,59.068206787109375,400.0
2026-04-22T16:58:23.456017,100.0,58.815277099609375,400.0
2026-04-22T16:58:25.660120,100.0,58.815277099609375,400.0
2026-04-22T16:58:27.863280,100.0,58.91645050048828,400.0
2026-04-22T16:58:30.066544,100.0,58.663516998291016,400.0
2026-04-22T16:58:32.269426,100.0,58.663516998291016,400.0
2026-04-22T16:58:34.472625,100.0,58.56234359741211,400.0
2026-04-22T16:58:36.676102,100.0,58.51176071166992,400.0
2026-04-22T16:58:38.879180,100.0,58.30941390991211,400.0
2026-04-22T16:58:41.089839,100.0,58.36000061035156,400.0
2026-04-22T16:58:43.292929,100.0,58.36000061035156,400.0
2026-04-22T16:58:45.500122,100.0,58.36000061035156,400.0
2026-04-22T16:58:47.704375,100.0,58.05648422241211,400.0
2026-04-22T16:58:49.907638,100.0,58.157657623291016,400.0
2026-04-22T16:58:52.111879,100.0,58.2082405090332,400.0
2026-04-22T16:58:54.313747,100.0,58.10707092285156,400.0
2026-04-22T16:58:56.517467,100.0,58.10707092285156,400.0
2026-04-22T16:58:58.721349,100.0,57.90472412109375,400.0
2026-04-22T16:59:00.928671,100.0,57.90472412109375,400.0
2026-04-22T16:59:03.133818,100.0,57.9553108215332,400.0
2026-04-22T16:59:05.338193,100.0,57.9553108215332,400.0
2026-04-22T16:59:07.540360,100.0,58.157657623291016,400.0
2026-04-22T16:59:09.744108,100.0,58.2082405090332,400.0
2026-04-22T16:59:11.953832,100.0,58.30941390991211,400.0
2026-04-22T16:59:14.156396,100.0,58.410587310791016,400.0
2026-04-22T16:59:16.361460,100.0,58.410587310791016,400.0
2026-04-22T16:59:18.563694,100.0,58.36000061035156,400.0
2026-04-22T16:59:20.767168,100.0,58.410587310791016,400.0
2026-04-22T16:59:22.971526,100.0,58.46117401123047,400.0
2026-04-22T16:59:25.174334,100.0,58.61293029785156,400.0
2026-04-22T16:59:27.379669,100.0,58.76469039916992,400.0
2026-04-22T16:59:29.585112,100.0,58.815277099609375,400.0
2026-04-22T16:59:31.787567,100.0,58.86586380004883,400.0
2026-04-22T16:59:33.991573,100.0,58.71410369873047,400.0
2026-04-22T16:59:36.193718,100.0,58.76469039916992,400.0
2026-04-22T16:59:38.396096,100.0,58.815277099609375,400.0
2026-04-22T16:59:40.600830,100.0,58.815277099609375,400.0
2026-04-22T16:59:42.806560,100.0,58.86586380004883,400.0
2026-04-22T16:59:45.012880,100.0,58.91645050048828,400.0
2026-04-22T16:59:47.216314,100.0,58.86586380004883,400.0
2026-04-22T16:59:49.423414,100.0,58.71410369873047,400.0
2026-04-22T16:59:51.626710,100.0,58.51176071166992,400.0
2026-04-22T16:59:53.830546,100.0,58.61293029785156,400.0
2026-04-22T16:59:56.033011,100.0,58.61293029785156,400.0
2026-04-22T16:59:58.239840,100.0,58.410587310791016,400.0
2026-04-22T17:00:00.443868,100.0,58.30941390991211,400.0
2026-04-22T17:00:02.646049,100.0,58.36000061035156,400.0
2026-04-22T17:00:04.850405,100.0,58.157657623291016,400.0
2026-04-22T17:00:07.052916,100.0,58.10707092285156,400.0
2026-04-22T17:00:09.256387,100.0,58.2082405090332,400.0
2026-04-22T17:00:11.460048,100.0,58.05648422241211,400.0
2026-04-22T17:00:13.662946,100.0,58.05648422241211,400.0
2026-04-22T17:00:15.865749,100.0,57.803550720214844,400.0
2026-04-22T17:00:18.069817,100.0,57.752967834472656,400.0
2026-04-22T17:00:20.273324,100.0,57.752967834472656,400.0
2026-04-22T17:00:22.477804,100.0,57.752967834472656,400.0
2026-04-22T17:00:24.679921,100.0,57.752967834472656,400.0
2026-04-22T17:00:26.882879,100.0,57.65179443359375,400.0
2026-04-22T17:00:29.085162,100.0,57.65179443359375,400.0
2026-04-22T17:00:31.287762,100.0,57.6012077331543,400.0
2026-04-22T17:00:33.491773,100.0,57.550621032714844,400.0
2026-04-22T17:00:35.702162,100.0,57.550621032714844,400.0
2026-04-22T17:00:37.905546,100.0,57.44944763183594,400.0
2026-04-22T17:00:40.107624,100.0,57.50003433227539,400.0
2026-04-22T17:00:42.310783,100.0,57.398860931396484,400.0
2026-04-22T17:00:44.514402,100.0,57.297691345214844,400.0
2026-04-22T17:00:46.717630,100.0,57.297691345214844,400.0
2026-04-22T17:00:48.920694,100.0,57.19651794433594,400.0
2026-04-22T17:00:51.128008,100.0,57.19651794433594,400.0
2026-04-22T17:00:53.332720,100.0,57.19651794433594,400.0
2026-04-22T17:00:55.535103,100.0,57.145931243896484,400.0
2026-04-22T17:00:57.740461,100.0,57.145931243896484,400.0
2026-04-22T17:00:59.948160,100.0,57.04475784301758,400.0
2026-04-22T17:01:02.150855,100.0,56.994171142578125,400.0
2026-04-22T17:01:04.355424,100.0,56.94358825683594,400.0
2026-04-22T17:01:06.559075,100.0,56.994171142578125,400.0
2026-04-22T17:01:08.761968,100.0,56.994171142578125,400.0
2026-04-22T17:01:10.966332,100.0,56.94358825683594,400.0
2026-04-22T17:01:13.169002,100.0,56.94358825683594,400.0
2026-04-22T17:01:15.378116,100.0,56.893001556396484,400.0
2026-04-22T17:01:17.581309,100.0,56.84241485595703,400.0
2026-04-22T17:01:19.783259,100.0,56.84241485595703,400.0
2026-04-22T17:01:21.992544,100.0,56.84241485595703,400.0
2026-04-22T17:01:24.196045,100.0,56.79182815551758,400.0
2026-04-22T17:01:26.400724,100.0,56.79182815551758,400.0
2026-04-22T17:01:28.604244,100.0,56.84241485595703,400.0
2026-04-22T17:01:30.809022,100.0,56.69065475463867,400.0
2026-04-22T17:01:33.011410,100.0,56.64006805419922,400.0
2026-04-22T17:01:35.213251,100.0,56.589481353759766,400.0
2026-04-22T17:01:37.419343,100.0,56.589481353759766,400.0
2026-04-22T17:01:39.624103,100.0,56.488311767578125,400.0
2026-04-22T17:01:41.826953,100.0,56.488311767578125,400.0
2026-04-22T17:01:44.028662,100.0,56.43772506713867,400.0
2026-04-22T17:01:46.231445,100.0,56.53889846801758,400.0
2026-04-22T17:01:48.435670,100.0,56.64006805419922,400.0
2026-04-22T17:01:50.637961,100.0,56.69065475463867,400.0
2026-04-22T17:01:52.841747,100.0,56.741241455078125,400.0
2026-04-22T17:01:55.045218,100.0,56.893001556396484,400.0
2026-04-22T17:01:57.249110,100.0,57.09534454345703,400.0
2026-04-22T17:01:59.452122,100.0,56.994171142578125,400.0
2026-04-22T17:02:01.656041,100.0,57.19651794433594,400.0
2026-04-22T17:02:03.860581,100.0,57.24710464477539,400.0
2026-04-22T17:02:06.064049,100.0,57.3482780456543,400.0
2026-04-22T17:02:08.267315,100.0,57.3482780456543,400.0
2026-04-22T17:02:10.470549,100.0,57.44944763183594,400.0
2026-04-22T17:02:12.677760,100.0,57.50003433227539,400.0
2026-04-22T17:02:14.883933,100.0,57.50003433227539,400.0
2026-04-22T17:02:17.086057,100.0,57.65179443359375,400.0
2026-04-22T17:02:19.291174,100.0,57.7023811340332,400.0
2026-04-22T17:02:21.495870,100.0,57.752967834472656,400.0
2026-04-22T17:02:23.699391,100.0,57.8541374206543,400.0
2026-04-22T17:02:25.902551,100.0,57.9553108215332,400.0
2026-04-22T17:02:28.109502,100.0,57.9553108215332,400.0
2026-04-22T17:02:30.312345,100.0,58.2082405090332,400.0
2026-04-22T17:02:32.516535,100.0,58.2082405090332,400.0
2026-04-22T17:02:34.722432,100.0,58.2082405090332,400.0
2026-04-22T17:02:36.929178,100.0,58.30941390991211,400.0
2026-04-22T17:02:39.132148,100.0,58.10707092285156,400.0
2026-04-22T17:02:41.335053,100.0,58.2082405090332,400.0
2026-04-22T17:02:43.546508,100.0,58.36000061035156,400.0
2026-04-22T17:02:45.749764,100.0,58.36000061035156,400.0
2026-04-22T17:02:47.952465,100.0,58.410587310791016,400.0
2026-04-22T17:02:50.155932,100.0,58.56234359741211,400.0
2026-04-22T17:02:52.358481,100.0,58.663516998291016,400.0
2026-04-22T17:02:54.563439,100.0,58.71410369873047,400.0
2026-04-22T17:02:56.766452,100.0,58.76469039916992,400.0
2026-04-22T17:02:58.976473,100.0,58.71410369873047,400.0
2026-04-22T17:03:01.179362,100.0,58.86586380004883,400.0
2026-04-22T17:03:03.386883,100.0,58.86586380004883,400.0
2026-04-22T17:03:05.590141,100.0,58.86586380004883,400.0
2026-04-22T17:03:07.793755,100.0,58.96703338623047,400.0
2026-04-22T17:03:09.997127,100.0,59.01762008666992,400.0
2026-04-22T17:03:12.201679,100.0,58.91645050048828,400.0
2026-04-22T17:03:14.407302,100.0,59.219966888427734,400.0
2026-04-22T17:03:16.609887,100.0,59.11879348754883,400.0
2026-04-22T17:03:18.813716,100.0,59.219966888427734,400.0
2026-04-22T17:03:21.015863,100.0,59.32114028930664,400.0
2026-04-22T17:03:23.219961,100.0,59.37172317504883,400.0
2026-04-22T17:03:25.423353,100.0,59.32114028930664,400.0
2026-04-22T17:03:27.627526,100.0,59.42230987548828,400.0
2026-04-22T17:03:29.834025,100.0,59.42230987548828,400.0
2026-04-22T17:03:32.038316,100.0,59.472896575927734,400.0
2026-04-22T17:03:34.243596,100.0,59.52348327636719,400.0
2026-04-22T17:03:36.445791,100.0,59.52348327636719,400.0
2026-04-22T17:03:38.649277,100.0,59.472896575927734,400.0
2026-04-22T17:03:40.851880,100.0,59.57406997680664,400.0
2026-04-22T17:03:43.054957,100.0,59.57406997680664,400.0
2026-04-22T17:03:45.263758,100.0,59.624656677246094,400.0
2026-04-22T17:03:47.469967,100.0,59.725830078125,400.0
2026-04-22T17:03:49.672727,100.0,59.77641296386719,400.0
2026-04-22T17:03:51.876996,100.0,59.82699966430664,400.0
2026-04-22T17:03:54.079182,100.0,59.725830078125,400.0
2026-04-22T17:03:56.283274,100.0,59.52348327636719,400.0
2026-04-22T17:03:58.486452,100.0,59.472896575927734,400.0
2026-04-22T17:04:00.689176,100.0,59.37172317504883,400.0
2026-04-22T17:04:02.893037,100.0,59.16938018798828,400.0
2026-04-22T17:04:05.096488,100.0,59.219966888427734,400.0
2026-04-22T17:04:07.303133,100.0,59.068206787109375,400.0
2026-04-22T17:04:09.507825,100.0,59.01762008666992,400.0
2026-04-22T17:04:11.710608,100.0,59.01762008666992,400.0
2026-04-22T17:04:13.912616,100.0,58.86586380004883,400.0
2026-04-22T17:04:16.115708,100.0,58.91645050048828,400.0
2026-04-22T17:04:18.318050,100.0,58.815277099609375,400.0
2026-04-22T17:04:20.523580,100.0,58.61293029785156,400.0
2026-04-22T17:04:22.726741,100.0,58.56234359741211,400.0
2026-04-22T17:04:24.930022,100.0,58.61293029785156,400.0
2026-04-22T17:04:27.133753,100.0,58.46117401123047,400.0
2026-04-22T17:04:29.337234,100.0,58.46117401123047,400.0
2026-04-22T17:04:31.543721,100.0,58.410587310791016,400.0
2026-04-22T17:04:33.747450,100.0,58.258827209472656,400.0
2026-04-22T17:04:35.951870,100.0,58.2082405090332,400.0
2026-04-22T17:04:38.155139,100.0,58.2082405090332,400.0
2026-04-22T17:04:40.359751,100.0,58.2082405090332,400.0
2026-04-22T17:04:42.563527,100.0,57.9553108215332,400.0
2026-04-22T17:04:44.767009,100.0,57.9553108215332,400.0
2026-04-22T17:04:46.970717,100.0,57.90472412109375,400.0
2026-04-22T17:04:49.175741,100.0,57.90472412109375,400.0
2026-04-22T17:04:51.383595,100.0,57.803550720214844,400.0
2026-04-22T17:04:53.589585,100.0,57.803550720214844,400.0
2026-04-22T17:04:55.798166,100.0,57.65179443359375,400.0
2026-04-22T17:04:58.000297,100.0,57.6012077331543,400.0
2026-04-22T17:05:00.205848,100.0,57.550621032714844,400.0
2026-04-22T17:05:02.415758,100.0,57.550621032714844,400.0
2026-04-22T17:05:04.619613,100.0,57.398860931396484,400.0
2026-04-22T17:05:06.823326,100.0,57.24710464477539,400.0
2026-04-22T17:05:09.027075,100.0,57.297691345214844,400.0
2026-04-22T17:05:11.229372,100.0,57.3482780456543,400.0
2026-04-22T17:05:13.432091,100.0,57.19651794433594,400.0
2026-04-22T17:05:15.635211,100.0,57.24710464477539,400.0
2026-04-22T17:05:17.844019,100.0,57.19651794433594,400.0
2026-04-22T17:05:20.047532,100.0,57.09534454345703,400.0
2026-04-22T17:05:22.249674,100.0,57.145931243896484,400.0
2026-04-22T17:05:24.453298,100.0,56.94358825683594,400.0
2026-04-22T17:05:26.657632,100.0,56.94358825683594,400.0
2026-04-22T17:05:28.860525,100.0,56.94358825683594,400.0
2026-04-22T17:05:31.064121,100.0,56.84241485595703,400.0
2026-04-22T17:05:33.271557,100.0,56.79182815551758,400.0
2026-04-22T17:05:35.475267,100.0,56.79182815551758,400.0
2026-04-22T17:05:37.678256,100.0,56.79182815551758,400.0
2026-04-22T17:05:39.882610,100.0,56.69065475463867,400.0
2026-04-22T17:05:42.085989,100.0,56.589481353759766,400.0
2026-04-22T17:05:44.289426,100.0,56.64006805419922,400.0
2026-04-22T17:05:46.492421,100.0,56.589481353759766,400.0
2026-04-22T17:05:48.695967,100.0,56.53889846801758,400.0
2026-04-22T17:05:50.900544,100.0,56.488311767578125,400.0
2026-04-22T17:05:53.103552,100.0,56.488311767578125,400.0
2026-04-22T17:05:55.307572,100.0,56.53889846801758,400.0
2026-04-22T17:05:57.509150,100.0,56.53889846801758,400.0
2026-04-22T17:05:59.711464,100.0,56.53889846801758,400.0
2026-04-22T17:06:01.914525,100.0,56.488311767578125,400.0
2026-04-22T17:06:04.142878,100.0,56.488311767578125,400.0
2026-04-22T17:06:06.346759,100.0,56.38713836669922,400.0
2026-04-22T17:06:08.549002,100.0,56.336551666259766,400.0
2026-04-22T17:06:10.752099,100.0,56.38713836669922,400.0
2026-04-22T17:06:12.957041,100.0,56.23537826538086,400.0
2026-04-22T17:06:15.160020,100.0,56.28596496582031,400.0
2026-04-22T17:06:17.363608,100.0,56.23537826538086,400.0
2026-04-22T17:06:19.571342,100.0,56.28596496582031,400.0
2026-04-22T17:06:21.773325,100.0,56.23537826538086,400.0
2026-04-22T17:06:23.979845,100.0,56.38713836669922,400.0
2026-04-22T17:06:26.182323,100.0,56.38713836669922,400.0
2026-04-22T17:06:28.389045,100.0,56.53889846801758,400.0
2026-04-22T17:06:30.592381,100.0,56.589481353759766,400.0
2026-04-22T17:06:32.795637,100.0,56.69065475463867,400.0
2026-04-22T17:06:35.002488,100.0,56.79182815551758,400.0
2026-04-22T17:06:37.205746,100.0,56.79182815551758,400.0
2026-04-22T17:06:39.408441,100.0,56.893001556396484,400.0
2026-04-22T17:06:41.610609,100.0,56.893001556396484,400.0
2026-04-22T17:06:43.817026,100.0,56.994171142578125,400.0
2026-04-22T17:06:46.020084,100.0,57.145931243896484,400.0
2026-04-22T17:06:48.224223,100.0,57.19651794433594,400.0
2026-04-22T17:06:50.426158,100.0,57.19651794433594,400.0
2026-04-22T17:06:52.629086,100.0,57.3482780456543,400.0
2026-04-22T17:06:54.831359,100.0,57.297691345214844,400.0
2026-04-22T17:06:57.033391,100.0,57.44944763183594,400.0
2026-04-22T17:06:59.245051,100.0,57.44944763183594,400.0
2026-04-22T17:07:01.450514,100.0,57.65179443359375,400.0
2026-04-22T17:07:03.652669,100.0,57.550621032714844,400.0
2026-04-22T17:07:05.858759,100.0,57.6012077331543,400.0
2026-04-22T17:07:08.060479,100.0,57.7023811340332,400.0
2026-04-22T17:07:10.266869,100.0,57.7023811340332,400.0
2026-04-22T17:07:12.472324,100.0,57.8541374206543,400.0
2026-04-22T17:07:14.674643,100.0,57.90472412109375,400.0
2026-04-22T17:07:16.878144,100.0,58.005897521972656,400.0
2026-04-22T17:07:19.080896,100.0,58.10707092285156,400.0
2026-04-22T17:07:21.288464,100.0,58.10707092285156,400.0
2026-04-22T17:07:23.493301,100.0,58.258827209472656,400.0
2026-04-22T17:07:25.700759,100.0,58.30941390991211,400.0
2026-04-22T17:07:27.904290,100.0,58.36000061035156,400.0
2026-04-22T17:07:30.112482,100.0,58.410587310791016,400.0
2026-04-22T17:07:32.315308,100.0,58.36000061035156,400.0
2026-04-22T17:07:34.520479,100.0,58.410587310791016,400.0
2026-04-22T17:07:36.723519,100.0,58.46117401123047,400.0
2026-04-22T17:07:38.927140,100.0,58.51176071166992,400.0
2026-04-22T17:07:41.139889,100.0,58.663516998291016,400.0
2026-04-22T17:07:43.342451,100.0,58.56234359741211,400.0
2026-04-22T17:07:45.547713,100.0,58.815277099609375,400.0
2026-04-22T17:07:47.751433,100.0,58.86586380004883,400.0
2026-04-22T17:07:49.954855,100.0,58.663516998291016,400.0
2026-04-22T17:07:52.158342,100.0,58.76469039916992,400.0
2026-04-22T17:07:54.360412,100.0,58.86586380004883,400.0
2026-04-22T17:07:56.567115,100.0,58.96703338623047,400.0
2026-04-22T17:07:58.769409,100.0,58.86586380004883,400.0
2026-04-22T17:08:00.974053,100.0,58.96703338623047,400.0
2026-04-22T17:08:03.179326,100.0,59.068206787109375,400.0
2026-04-22T17:08:05.382588,100.0,58.96703338623047,400.0
2026-04-22T17:08:07.587370,100.0,59.068206787109375,400.0
2026-04-22T17:08:09.791158,100.0,58.96703338623047,400.0
2026-04-22T17:08:11.996096,100.0,58.86586380004883,400.0
2026-04-22T17:08:14.199042,100.0,58.91645050048828,400.0
2026-04-22T17:08:16.403067,100.0,58.815277099609375,400.0
2026-04-22T17:08:18.607397,100.0,58.815277099609375,400.0
2026-04-22T17:08:20.813026,100.0,58.815277099609375,400.0
2026-04-22T17:08:23.015035,100.0,58.663516998291016,400.0
2026-04-22T17:08:25.217560,100.0,58.36000061035156,400.0
2026-04-22T17:08:27.427787,100.0,58.51176071166992,400.0
2026-04-22T17:08:29.631152,100.0,58.410587310791016,400.0
2026-04-22T17:08:31.833314,100.0,58.36000061035156,400.0
2026-04-22T17:08:34.036488,100.0,58.36000061035156,400.0
2026-04-22T17:08:36.239722,100.0,58.258827209472656,400.0
2026-04-22T17:08:38.442787,100.0,58.36000061035156,400.0
2026-04-22T17:08:40.647019,100.0,58.05648422241211,400.0
2026-04-22T17:08:42.853191,100.0,58.005897521972656,400.0
2026-04-22T17:08:45.057567,100.0,57.9553108215332,400.0
2026-04-22T17:08:47.266985,100.0,57.8541374206543,400.0
2026-04-22T17:08:49.470530,100.0,57.9553108215332,400.0
2026-04-22T17:08:51.674461,100.0,57.803550720214844,400.0
2026-04-22T17:08:53.878163,100.0,57.803550720214844,400.0
2026-04-22T17:08:56.082738,100.0,57.803550720214844,400.0
2026-04-22T17:08:58.286021,100.0,57.7023811340332,400.0
2026-04-22T17:09:00.488286,100.0,57.8541374206543,400.0
2026-04-22T17:09:02.696619,100.0,57.65179443359375,400.0
2026-04-22T17:09:04.899232,100.0,57.7023811340332,400.0
2026-04-22T17:09:07.102349,100.0,57.6012077331543,400.0
2026-04-22T17:09:09.309249,100.0,57.550621032714844,400.0
2026-04-22T17:09:11.512776,100.0,57.398860931396484,400.0
2026-04-22T17:09:13.716303,100.0,57.398860931396484,400.0
2026-04-22T17:09:15.920640,100.0,57.44944763183594,400.0
2026-04-22T17:09:18.137743,100.0,57.3482780456543,400.0
2026-04-22T17:09:20.342220,100.0,57.3482780456543,400.0
2026-04-22T17:09:22.545316,100.0,57.24710464477539,400.0
2026-04-22T17:09:24.751349,100.0,57.145931243896484,400.0
2026-04-22T17:09:26.953365,100.0,57.145931243896484,400.0
2026-04-22T17:09:29.161079,100.0,57.145931243896484,400.0
2026-04-22T17:09:31.369319,100.0,57.19651794433594,400.0
2026-04-22T17:09:33.573327,100.0,57.145931243896484,400.0
2026-04-22T17:09:35.775523,100.0,57.145931243896484,400.0
2026-04-22T17:09:37.977895,100.0,57.04475784301758,400.0
2026-04-22T17:09:40.181473,100.0,57.145931243896484,400.0
2026-04-22T17:09:42.383993,100.0,56.94358825683594,400.0
2026-04-22T17:09:44.587465,100.0,57.04475784301758,400.0
2026-04-22T17:09:46.790633,100.0,56.994171142578125,400.0
2026-04-22T17:09:48.993801,100.0,56.94358825683594,400.0
2026-04-22T17:09:51.196962,100.0,56.94358825683594,400.0
2026-04-22T17:09:53.399772,100.0,56.94358825683594,400.0
2026-04-22T17:09:55.604127,100.0,56.94358825683594,400.0
2026-04-22T17:09:57.806996,100.0,56.994171142578125,400.0
2026-04-22T17:10:00.009123,100.0,57.09534454345703,400.0
2026-04-22T17:10:02.213209,100.0,57.145931243896484,400.0
2026-04-22T17:10:04.416710,100.0,57.19651794433594,400.0
2026-04-22T17:10:06.619216,100.0,57.297691345214844,400.0
2026-04-22T17:10:08.823385,100.0,57.297691345214844,400.0
2026-04-22T17:10:11.028997,100.0,57.398860931396484,400.0
2026-04-22T17:10:13.231302,100.0,57.550621032714844,400.0
2026-04-22T17:10:15.433975,100.0,57.6012077331543,400.0
2026-04-22T17:10:17.637973,100.0,57.7023811340332,400.0
2026-04-22T17:10:19.851409,100.0,57.752967834472656,400.0
2026-04-22T17:10:22.053739,100.0,57.752967834472656,400.0
2026-04-22T17:10:24.257325,100.0,57.803550720214844,400.0
2026-04-22T17:10:26.468092,100.0,57.8541374206543,400.0
2026-04-22T17:10:28.674890,100.0,57.8541374206543,400.0
2026-04-22T17:10:30.878525,100.0,57.9553108215332,400.0
2026-04-22T17:10:33.080757,100.0,58.05648422241211,400.0
2026-04-22T17:10:35.294263,100.0,58.05648422241211,400.0
2026-04-22T17:10:37.499226,100.0,58.2082405090332,400.0
2026-04-22T17:10:39.701733,100.0,58.258827209472656,400.0
2026-04-22T17:10:41.903869,100.0,58.46117401123047,400.0
2026-04-22T17:10:44.106306,100.0,58.36000061035156,400.0
2026-04-22T17:10:46.308130,100.0,58.410587310791016,400.0
2026-04-22T17:10:48.510990,100.0,58.36000061035156,400.0
2026-04-22T17:10:50.738622,100.0,58.51176071166992,400.0
2026-04-22T17:10:52.941162,100.0,58.56234359741211,400.0
2026-04-22T17:10:55.145511,100.0,58.51176071166992,400.0
2026-04-22T17:10:57.350976,100.0,58.76469039916992,400.0
2026-04-22T17:10:59.553717,100.0,58.71410369873047,400.0
2026-04-22T17:11:01.756451,100.0,58.56234359741211,400.0
2026-04-22T17:11:03.960090,100.0,58.86586380004883,400.0
2026-04-22T17:11:06.162251,100.0,58.76469039916992,400.0
2026-04-22T17:11:08.365010,100.0,58.815277099609375,400.0
2026-04-22T17:11:10.570320,100.0,58.96703338623047,400.0
2026-04-22T17:11:12.773763,100.0,59.068206787109375,400.0
2026-04-22T17:11:14.978327,100.0,59.01762008666992,400.0
2026-04-22T17:11:17.184038,100.0,59.16938018798828,400.0
2026-04-22T17:11:19.387536,100.0,59.16938018798828,400.0
2026-04-22T17:11:21.593881,100.0,59.16938018798828,400.0
2026-04-22T17:11:23.797739,100.0,59.11879348754883,400.0
2026-04-22T17:11:26.000638,100.0,59.16938018798828,400.0
2026-04-22T17:11:28.203221,100.0,59.32114028930664,400.0
2026-04-22T17:11:30.408131,100.0,59.219966888427734,400.0
2026-04-22T17:11:32.611309,100.0,59.37172317504883,400.0
2026-04-22T17:11:34.813265,100.0,59.42230987548828,400.0
2026-04-22T17:11:37.016949,100.0,59.42230987548828,400.0
2026-04-22T17:11:39.219851,100.0,59.37172317504883,400.0
2026-04-22T17:11:41.423201,100.0,59.52348327636719,400.0
2026-04-22T17:11:43.627768,100.0,59.57406997680664,400.0
2026-04-22T17:11:45.831618,100.0,59.624656677246094,400.0
2026-04-22T17:11:48.035439,100.0,59.472896575927734,400.0
2026-04-22T17:11:50.239141,100.0,59.725830078125,400.0
2026-04-22T17:11:52.442368,100.0,59.77641296386719,400.0
2026-04-22T17:11:54.645512,100.0,59.82699966430664,400.0
2026-04-22T17:11:56.849486,100.0,59.877586364746094,400.0
2026-04-22T17:11:59.051466,100.0,59.92817306518555,400.0
2026-04-22T17:12:01.261563,100.0,59.978759765625,400.0
2026-04-22T17:12:03.467497,100.0,59.978759765625,400.0
2026-04-22T17:12:05.669852,100.0,60.02934646606445,400.0
2026-04-22T17:12:07.879277,100.0,60.18110275268555,400.0
2026-04-22T17:12:10.081638,100.0,60.13051986694336,400.0
2026-04-22T17:12:12.284569,100.0,60.231689453125,400.0
2026-04-22T17:12:14.488868,100.0,60.231689453125,400.0
2026-04-22T17:12:16.693536,100.0,60.38344955444336,400.0
2026-04-22T17:12:18.896799,100.0,60.38344955444336,400.0
2026-04-22T17:12:21.100132,100.0,60.38344955444336,400.0
2026-04-22T17:12:23.302740,100.0,60.38344955444336,400.0
2026-04-22T17:12:25.506636,100.0,60.43403625488281,400.0
2026-04-22T17:12:27.710339,100.0,60.332862854003906,400.0
2026-04-22T17:12:29.913797,100.0,60.484622955322266,400.0
2026-04-22T17:12:32.118203,100.0,60.484622955322266,400.0
2026-04-22T17:12:34.322976,100.0,60.484622955322266,400.0
2026-04-22T17:12:36.526401,100.0,60.484622955322266,400.0
2026-04-22T17:12:38.729657,100.0,60.38344955444336,400.0
2026-04-22T17:12:40.932793,100.0,60.38344955444336,400.0
2026-04-22T17:12:43.136791,100.0,60.28227615356445,400.0
2026-04-22T17:12:45.339434,100.0,60.18110275268555,400.0
2026-04-22T17:12:47.542898,100.0,60.18110275268555,400.0
2026-04-22T17:12:49.745960,100.0,60.079933166503906,400.0
2026-04-22T17:12:51.950723,100.0,60.02934646606445,400.0
2026-04-22T17:12:54.154027,100.0,59.978759765625,400.0
2026-04-22T17:12:56.356042,100.0,59.82699966430664,400.0
2026-04-22T17:12:58.559292,100.0,59.92817306518555,400.0
2026-04-22T17:13:00.761553,100.0,59.57406997680664,400.0
2026-04-22T17:13:02.965295,100.0,59.52348327636719,400.0
2026-04-22T17:13:05.169163,100.0,59.57406997680664,400.0
2026-04-22T17:13:07.372366,100.0,59.624656677246094,400.0
2026-04-22T17:13:09.575885,100.0,59.52348327636719,400.0
2026-04-22T17:13:11.778355,100.0,59.42230987548828,400.0
2026-04-22T17:13:13.983114,100.0,59.42230987548828,400.0
2026-04-22T17:13:16.185156,100.0,59.219966888427734,400.0
2026-04-22T17:13:18.389498,100.0,59.219966888427734,400.0
2026-04-22T17:13:20.596041,100.0,59.16938018798828,400.0
2026-04-22T17:13:22.799316,100.0,59.11879348754883,400.0
2026-04-22T17:13:25.006287,100.0,58.96703338623047,400.0
2026-04-22T17:13:27.209820,100.0,58.96703338623047,400.0
2026-04-22T17:13:29.414792,100.0,58.815277099609375,400.0
2026-04-22T17:13:31.616625,100.0,58.815277099609375,400.0
2026-04-22T17:13:33.820589,100.0,58.663516998291016,400.0
2026-04-22T17:13:36.028134,100.0,58.56234359741211,400.0
2026-04-22T17:13:38.231185,100.0,58.46117401123047,400.0
2026-04-22T17:13:40.434632,100.0,58.46117401123047,400.0
2026-04-22T17:13:42.638749,100.0,58.51176071166992,400.0
2026-04-22T17:13:44.841050,100.0,58.30941390991211,400.0
2026-04-22T17:13:47.044306,100.0,58.258827209472656,400.0
2026-04-22T17:13:49.260161,100.0,58.2082405090332,400.0
2026-04-22T17:13:51.463292,100.0,58.05648422241211,400.0
2026-04-22T17:13:53.667201,100.0,58.157657623291016,400.0
2026-04-22T17:13:55.873809,100.0,58.05648422241211,400.0
2026-04-22T17:13:58.075819,100.0,58.10707092285156,400.0
2026-04-22T17:14:00.279162,100.0,58.05648422241211,400.0
2026-04-22T17:14:02.480739,100.0,58.005897521972656,400.0
2026-04-22T17:14:04.684531,100.0,58.10707092285156,400.0
2026-04-22T17:14:06.888528,100.0,57.9553108215332,400.0
2026-04-22T17:14:09.090315,100.0,58.005897521972656,400.0
2026-04-22T17:14:11.294966,100.0,57.9553108215332,400.0
2026-04-22T17:14:13.497924,100.0,57.8541374206543,400.0
2026-04-22T17:14:15.700388,100.0,57.752967834472656,400.0
2026-04-22T17:14:17.904076,100.0,57.803550720214844,400.0
2026-04-22T17:14:20.106348,100.0,57.752967834472656,400.0
2026-04-22T17:14:22.311130,100.0,57.7023811340332,400.0
2026-04-22T17:14:24.513522,100.0,57.65179443359375,400.0
2026-04-22T17:14:26.716500,100.0,57.6012077331543,400.0
2026-04-22T17:14:28.920324,100.0,57.550621032714844,400.0
2026-04-22T17:14:31.124960,100.0,57.7023811340332,400.0
2026-04-22T17:14:33.327551,100.0,57.6012077331543,400.0
2026-04-22T17:14:35.533179,100.0,57.752967834472656,400.0
2026-04-22T17:14:37.737292,100.0,57.752967834472656,400.0
2026-04-22T17:14:39.941329,100.0,57.90472412109375,400.0
2026-04-22T17:14:42.150093,100.0,58.005897521972656,400.0
2026-04-22T17:14:44.353139,100.0,57.9553108215332,400.0
2026-04-22T17:14:46.556542,100.0,58.258827209472656,400.0
2026-04-22T17:14:48.760699,100.0,58.157657623291016,400.0
2026-04-22T17:14:50.964093,100.0,58.30941390991211,400.0
2026-04-22T17:14:53.168239,100.0,58.30941390991211,400.0
2026-04-22T17:14:55.370698,100.0,58.30941390991211,400.0
2026-04-22T17:14:57.575396,100.0,58.51176071166992,400.0
2026-04-22T17:14:59.779261,100.0,58.56234359741211,400.0
2026-04-22T17:15:01.982880,100.0,58.56234359741211,400.0
2026-04-22T17:15:04.185985,100.0,58.51176071166992,400.0
2026-04-22T17:15:06.392817,100.0,58.56234359741211,400.0
2026-04-22T17:15:08.596710,100.0,58.71410369873047,400.0
2026-04-22T17:15:10.799984,100.0,58.86586380004883,400.0
2026-04-22T17:15:13.004927,100.0,58.71410369873047,400.0
2026-04-22T17:15:15.209021,100.0,58.86586380004883,400.0
2026-04-22T17:15:17.411688,100.0,58.86586380004883,400.0
2026-04-22T17:15:19.622270,100.0,58.91645050048828,400.0
2026-04-22T17:15:21.835265,100.0,59.068206787109375,400.0
2026-04-22T17:15:24.039058,100.0,59.16938018798828,400.0
2026-04-22T17:15:26.243138,100.0,59.16938018798828,400.0
2026-04-22T17:15:28.446470,100.0,59.16938018798828,400.0
2026-04-22T17:15:30.649065,100.0,59.16938018798828,400.0
2026-04-22T17:15:32.853141,100.0,59.068206787109375,400.0
2026-04-22T17:15:35.054711,100.0,58.96703338623047,400.0
2026-04-22T17:15:37.259509,100.0,59.068206787109375,400.0
2026-04-22T17:15:39.463231,100.0,58.86586380004883,400.0
2026-04-22T17:15:41.666422,100.0,58.91645050048828,400.0
2026-04-22T17:15:43.872858,100.0,58.96703338623047,400.0
2026-04-22T17:15:46.079115,100.0,58.815277099609375,400.0
2026-04-22T17:15:48.283324,100.0,58.86586380004883,400.0
2026-04-22T17:15:50.489997,100.0,58.76469039916992,400.0
2026-04-22T17:15:52.692069,100.0,58.663516998291016,400.0
2026-04-22T17:15:54.895235,100.0,58.56234359741211,400.0
2026-04-22T17:15:57.099129,100.0,58.51176071166992,400.0
2026-04-22T17:15:59.302943,100.0,58.51176071166992,400.0
2026-04-22T17:16:01.510513,100.0,58.410587310791016,400.0
2026-04-22T17:16:03.713837,100.0,58.30941390991211,400.0
2026-04-22T17:16:05.917003,100.0,58.36000061035156,400.0
2026-04-22T17:16:08.120528,100.0,58.410587310791016,400.0
2026-04-22T17:16:10.323743,100.0,58.30941390991211,400.0
2026-04-22T17:16:12.526575,100.0,58.258827209472656,400.0
2026-04-22T17:16:14.730398,100.0,58.30941390991211,400.0
2026-04-22T17:16:16.932876,100.0,58.2082405090332,400.0
2026-04-22T17:16:19.134859,100.0,58.2082405090332,400.0
2026-04-22T17:16:21.338060,100.0,58.005897521972656,400.0
2026-04-22T17:16:23.543603,100.0,58.05648422241211,400.0
2026-04-22T17:16:25.747207,100.0,58.05648422241211,400.0
2026-04-22T17:16:27.950465,100.0,57.8541374206543,400.0
2026-04-22T17:16:30.153738,100.0,57.90472412109375,400.0
2026-04-22T17:16:32.355605,100.0,57.803550720214844,400.0
2026-04-22T17:16:34.560110,100.0,57.752967834472656,400.0
2026-04-22T17:16:36.763197,100.0,57.803550720214844,400.0
2026-04-22T17:16:38.980165,100.0,57.752967834472656,400.0
2026-04-22T17:16:41.183217,100.0,57.803550720214844,400.0
2026-04-22T17:16:43.388025,100.0,57.752967834472656,400.0
2026-04-22T17:16:45.592334,100.0,57.752967834472656,400.0
2026-04-22T17:16:47.798031,100.0,57.7023811340332,400.0
2026-04-22T17:16:50.001767,100.0,57.7023811340332,400.0
2026-04-22T17:16:52.205206,100.0,57.6012077331543,400.0
2026-04-22T17:16:54.407093,100.0,57.550621032714844,400.0
2026-04-22T17:16:56.610001,100.0,57.550621032714844,400.0
2026-04-22T17:16:58.814422,100.0,57.44944763183594,400.0
2026-04-22T17:17:01.017167,100.0,57.550621032714844,400.0
2026-04-22T17:17:03.225051,100.0,57.44944763183594,400.0
2026-04-22T17:17:05.427255,100.0,57.44944763183594,400.0
2026-04-22T17:17:07.631212,100.0,57.44944763183594,400.0
2026-04-22T17:17:09.834684,100.0,57.50003433227539,400.0
2026-04-22T17:17:12.037826,100.0,57.6012077331543,400.0
2026-04-22T17:17:14.241654,100.0,57.7023811340332,400.0
2026-04-22T17:17:16.446799,100.0,57.90472412109375,400.0
2026-04-22T17:17:18.652225,100.0,57.752967834472656,400.0
2026-04-22T17:17:20.855040,100.0,57.8541374206543,400.0
2026-04-22T17:17:23.057516,100.0,57.9553108215332,400.0
2026-04-22T17:17:25.261012,100.0,57.90472412109375,400.0
2026-04-22T17:17:27.465745,100.0,58.157657623291016,400.0
2026-04-22T17:17:29.668407,100.0,58.258827209472656,400.0
2026-04-22T17:17:31.872903,100.0,58.2082405090332,400.0
2026-04-22T17:17:34.075903,100.0,58.36000061035156,400.0
2026-04-22T17:17:36.280160,100.0,58.36000061035156,400.0
2026-04-22T17:17:38.481900,100.0,58.30941390991211,400.0
2026-04-22T17:17:40.684815,100.0,58.51176071166992,400.0
2026-04-22T17:17:42.888656,100.0,58.56234359741211,400.0
2026-04-22T17:17:45.091987,100.0,58.71410369873047,400.0
2026-04-22T17:17:47.295312,100.0,58.51176071166992,400.0
2026-04-22T17:17:49.499384,100.0,58.815277099609375,400.0
2026-04-22T17:17:51.703038,100.0,58.96703338623047,400.0
2026-04-22T17:17:53.907549,100.0,58.815277099609375,400.0
2026-04-22T17:17:56.111291,100.0,58.815277099609375,400.0
2026-04-22T17:17:58.314959,100.0,59.068206787109375,400.0
2026-04-22T17:18:00.522051,100.0,59.01762008666992,400.0
2026-04-22T17:18:02.724932,100.0,59.01762008666992,400.0
2026-04-22T17:18:04.933744,100.0,59.068206787109375,400.0
2026-04-22T17:18:07.142174,100.0,59.16938018798828,400.0
2026-04-22T17:18:09.345590,100.0,59.16938018798828,400.0
2026-04-22T17:18:11.549305,100.0,59.32114028930664,400.0
2026-04-22T17:18:13.751067,100.0,59.37172317504883,400.0
2026-04-22T17:18:15.955804,100.0,59.32114028930664,400.0
2026-04-22T17:18:18.159699,100.0,59.42230987548828,400.0
2026-04-22T17:18:20.362570,100.0,59.57406997680664,400.0
2026-04-22T17:18:22.565305,100.0,59.52348327636719,400.0
2026-04-22T17:18:24.769003,100.0,59.52348327636719,400.0
2026-04-22T17:18:26.971828,100.0,59.472896575927734,400.0
2026-04-22T17:18:29.176142,100.0,59.52348327636719,400.0
2026-04-22T17:18:31.385502,100.0,59.67524337768555,400.0
2026-04-22T17:18:33.588669,100.0,59.725830078125,400.0
2026-04-22T17:18:35.794137,100.0,59.77641296386719,400.0
2026-04-22T17:18:37.998519,100.0,59.67524337768555,400.0
2026-04-22T17:18:40.203618,100.0,59.877586364746094,400.0
2026-04-22T17:18:42.405904,100.0,59.877586364746094,400.0
2026-04-22T17:18:44.609085,100.0,59.877586364746094,400.0
2026-04-22T17:18:46.816617,100.0,59.978759765625,400.0
2026-04-22T17:18:49.020389,100.0,60.02934646606445,400.0
2026-04-22T17:18:51.224051,100.0,59.978759765625,400.0
2026-04-22T17:18:53.426194,100.0,60.02934646606445,400.0
2026-04-22T17:18:55.628847,100.0,59.978759765625,400.0
2026-04-22T17:18:57.833306,100.0,59.82699966430664,400.0
2026-04-22T17:19:00.036561,100.0,59.877586364746094,400.0
2026-04-22T17:19:02.240334,100.0,59.82699966430664,400.0
2026-04-22T17:19:04.444408,100.0,59.77641296386719,400.0
2026-04-22T17:19:06.648332,100.0,59.725830078125,400.0
2026-04-22T17:19:08.852318,100.0,59.67524337768555,400.0
2026-04-22T17:19:11.055543,100.0,59.624656677246094,400.0
2026-04-22T17:19:13.259803,100.0,59.472896575927734,400.0
2026-04-22T17:19:15.462922,100.0,59.472896575927734,400.0
2026-04-22T17:19:17.666564,100.0,59.37172317504883,400.0
2026-04-22T17:19:19.871258,100.0,59.42230987548828,400.0
2026-04-22T17:19:22.074979,100.0,59.37172317504883,400.0
2026-04-22T17:19:24.279312,100.0,59.16938018798828,400.0
2026-04-22T17:19:26.481439,100.0,59.11879348754883,400.0
2026-04-22T17:19:28.686028,100.0,59.16938018798828,400.0
2026-04-22T17:19:30.889502,100.0,59.01762008666992,400.0
2026-04-22T17:19:33.098315,100.0,59.01762008666992,400.0
2026-04-22T17:19:35.300081,100.0,58.91645050048828,400.0
2026-04-22T17:19:37.502813,100.0,59.01762008666992,400.0
2026-04-22T17:19:39.705988,100.0,58.76469039916992,400.0
2026-04-22T17:19:41.910436,100.0,58.71410369873047,400.0
2026-04-22T17:19:44.112684,100.0,58.76469039916992,400.0
2026-04-22T17:19:46.320393,100.0,58.663516998291016,400.0
2026-04-22T17:19:48.529601,100.0,58.663516998291016,400.0
2026-04-22T17:19:50.733226,100.0,58.71410369873047,400.0
2026-04-22T17:19:52.942884,100.0,58.51176071166992,400.0
2026-04-22T17:19:55.146848,100.0,58.36000061035156,400.0
2026-04-22T17:19:57.351182,100.0,58.410587310791016,400.0
2026-04-22T17:19:59.555608,100.0,58.30941390991211,400.0
2026-04-22T17:20:01.759025,100.0,58.2082405090332,400.0
2026-04-22T17:20:03.970740,100.0,58.2082405090332,400.0
2026-04-22T17:20:06.173739,100.0,58.2082405090332,400.0
2026-04-22T17:20:08.378816,100.0,58.2082405090332,400.0
2026-04-22T17:20:10.581217,100.0,58.157657623291016,400.0
2026-04-22T17:20:12.783422,100.0,58.05648422241211,400.0
2026-04-22T17:20:14.986984,100.0,58.005897521972656,400.0
2026-04-22T17:20:17.190292,100.0,58.10707092285156,400.0
2026-04-22T17:20:19.392077,100.0,57.9553108215332,400.0
2026-04-22T17:20:21.595140,100.0,57.9553108215332,400.0
2026-04-22T17:20:23.798897,100.0,57.803550720214844,400.0
2026-04-22T17:20:26.004250,100.0,57.752967834472656,400.0
2026-04-22T17:20:28.206011,100.0,57.8541374206543,400.0
2026-04-22T17:20:30.409930,100.0,57.65179443359375,400.0
2026-04-22T17:20:32.611896,100.0,57.65179443359375,400.0
2026-04-22T17:20:34.815321,100.0,57.65179443359375,400.0
2026-04-22T17:20:37.019002,100.0,57.65179443359375,400.0
2026-04-22T17:20:39.222035,100.0,57.6012077331543,400.0
2026-04-22T17:20:41.426171,100.0,57.6012077331543,400.0
2026-04-22T17:20:43.630831,100.0,57.6012077331543,400.0
2026-04-22T17:20:45.836053,100.0,57.44944763183594,400.0
2026-04-22T17:20:48.039842,100.0,57.550621032714844,400.0
2026-04-22T17:20:50.245080,100.0,57.3482780456543,400.0
2026-04-22T17:20:52.446980,100.0,57.398860931396484,400.0
2026-04-22T17:20:54.650793,100.0,57.3482780456543,400.0
2026-04-22T17:20:56.854911,100.0,57.50003433227539,400.0
2026-04-22T17:20:59.060106,100.0,57.550621032714844,400.0
2026-04-22T17:21:01.274054,100.0,57.6012077331543,400.0
2026-04-22T17:21:03.478464,100.0,57.550621032714844,400.0
2026-04-22T17:21:05.682369,100.0,57.6012077331543,400.0
2026-04-22T17:21:07.884733,100.0,57.65179443359375,400.0
2026-04-22T17:21:10.087765,100.0,57.8541374206543,400.0
2026-04-22T17:21:12.291077,100.0,57.90472412109375,400.0
2026-04-22T17:21:14.498815,100.0,58.05648422241211,400.0
2026-04-22T17:21:16.702317,100.0,58.005897521972656,400.0
2026-04-22T17:21:18.906039,100.0,58.2082405090332,400.0
2026-04-22T17:21:21.110729,100.0,58.10707092285156,400.0
2026-04-22T17:21:23.313505,100.0,58.2082405090332,400.0
2026-04-22T17:21:25.518123,100.0,58.258827209472656,400.0
2026-04-22T17:21:27.721006,100.0,58.2082405090332,400.0
2026-04-22T17:21:29.926674,100.0,58.410587310791016,400.0
2026-04-22T17:21:32.129233,100.0,58.56234359741211,400.0
2026-04-22T17:21:34.331480,100.0,58.61293029785156,400.0
2026-04-22T17:21:36.533656,100.0,58.51176071166992,400.0
2026-04-22T17:21:38.736821,100.0,58.51176071166992,400.0
2026-04-22T17:21:40.953537,100.0,58.71410369873047,400.0
2026-04-22T17:21:43.156477,100.0,58.61293029785156,400.0
2026-04-22T17:21:45.360062,100.0,58.76469039916992,400.0
2026-04-22T17:21:47.563029,100.0,58.91645050048828,400.0
2026-04-22T17:21:49.766795,100.0,58.91645050048828,400.0
2026-04-22T17:21:51.970926,100.0,58.96703338623047,400.0
2026-04-22T17:21:54.174455,100.0,59.16938018798828,400.0
2026-04-22T17:21:56.376711,100.0,59.01762008666992,400.0
2026-04-22T17:21:58.580469,100.0,59.068206787109375,400.0
2026-04-22T17:22:00.788722,100.0,59.068206787109375,400.0
2026-04-22T17:22:02.994123,100.0,58.91645050048828,400.0
2026-04-22T17:22:05.198165,100.0,58.86586380004883,400.0
2026-04-22T17:22:07.401563,100.0,58.71410369873047,400.0
2026-04-22T17:22:09.605011,100.0,58.91645050048828,400.0
2026-04-22T17:22:11.808213,100.0,58.815277099609375,400.0
2026-04-22T17:22:14.014077,100.0,58.56234359741211,400.0
2026-04-22T17:22:16.226840,100.0,58.61293029785156,400.0
2026-04-22T17:22:18.429723,100.0,58.46117401123047,400.0
2026-04-22T17:22:20.631714,100.0,58.51176071166992,400.0
2026-04-22T17:22:22.836659,100.0,58.51176071166992,400.0
2026-04-22T17:22:25.041191,100.0,58.258827209472656,400.0
2026-04-22T17:22:27.247370,100.0,58.51176071166992,400.0
2026-04-22T17:22:29.450725,100.0,58.30941390991211,400.0
2026-04-22T17:22:31.654751,100.0,58.30941390991211,400.0
2026-04-22T17:22:33.856841,100.0,58.2082405090332,400.0
2026-04-22T17:22:36.061067,100.0,58.157657623291016,400.0
2026-04-22T17:22:38.266778,100.0,58.2082405090332,400.0
2026-04-22T17:22:40.472400,100.0,58.005897521972656,400.0
2026-04-22T17:22:42.675599,100.0,58.05648422241211,400.0
2026-04-22T17:22:44.879323,100.0,57.9553108215332,400.0
2026-04-22T17:22:47.084226,100.0,58.005897521972656,400.0
2026-04-22T17:22:49.287147,100.0,58.05648422241211,400.0
2026-04-22T17:22:51.489268,100.0,57.90472412109375,400.0
2026-04-22T17:22:53.692824,100.0,57.803550720214844,400.0
2026-04-22T17:22:55.896140,100.0,57.752967834472656,400.0
2026-04-22T17:22:58.099773,100.0,57.803550720214844,400.0
2026-04-22T17:23:00.301703,100.0,57.752967834472656,400.0
2026-04-22T17:23:02.505622,100.0,57.803550720214844,400.0
2026-04-22T17:23:04.708640,100.0,57.90472412109375,400.0
2026-04-22T17:23:06.911023,100.0,57.90472412109375,400.0
2026-04-22T17:23:09.114695,100.0,57.9553108215332,400.0
2026-04-22T17:23:11.317844,100.0,58.05648422241211,400.0
2026-04-22T17:23:13.520372,100.0,58.05648422241211,400.0
2026-04-22T17:23:15.724501,100.0,58.10707092285156,400.0
2026-04-22T17:23:17.927346,100.0,58.258827209472656,400.0
2026-04-22T17:23:20.130888,100.0,58.30941390991211,400.0
2026-04-22T17:23:22.333493,100.0,58.410587310791016,400.0
2026-04-22T17:23:24.536777,100.0,58.410587310791016,400.0
2026-04-22T17:23:26.740090,100.0,58.46117401123047,400.0
2026-04-22T17:23:28.943717,100.0,58.61293029785156,400.0
2026-04-22T17:23:31.147467,100.0,58.51176071166992,400.0
2026-04-22T17:23:33.350858,100.0,58.815277099609375,400.0
2026-04-22T17:23:35.554803,100.0,58.76469039916992,400.0
2026-04-22T17:23:37.759866,100.0,58.86586380004883,400.0
2026-04-22T17:23:39.963127,100.0,58.815277099609375,400.0
2026-04-22T17:23:42.168889,100.0,58.86586380004883,400.0
2026-04-22T17:23:44.374548,100.0,59.01762008666992,400.0
2026-04-22T17:23:46.576369,100.0,59.068206787109375,400.0
2026-04-22T17:23:48.779989,100.0,59.16938018798828,400.0
2026-04-22T17:23:50.984143,100.0,59.219966888427734,400.0
2026-04-22T17:23:53.187002,100.0,59.16938018798828,400.0
2026-04-22T17:23:55.390217,100.0,59.219966888427734,400.0
2026-04-22T17:23:57.593525,100.0,59.27055358886719,400.0
2026-04-22T17:23:59.795389,100.0,59.37172317504883,400.0
2026-04-22T17:24:02.000683,100.0,59.37172317504883,400.0
2026-04-22T17:24:04.206112,100.0,59.52348327636719,400.0
2026-04-22T17:24:06.410174,100.0,59.57406997680664,400.0
2026-04-22T17:24:08.614234,100.0,59.624656677246094,400.0
2026-04-22T17:24:10.816410,100.0,59.52348327636719,400.0
2026-04-22T17:24:13.019573,100.0,59.67524337768555,400.0
2026-04-22T17:24:15.225668,100.0,59.725830078125,400.0
2026-04-22T17:24:17.428874,100.0,59.725830078125,400.0
2026-04-22T17:24:19.631903,100.0,59.77641296386719,400.0
2026-04-22T17:24:21.834281,100.0,59.92817306518555,400.0
2026-04-22T17:24:24.038596,100.0,59.92817306518555,400.0
2026-04-22T17:24:26.241709,100.0,59.877586364746094,400.0
2026-04-22T17:24:28.447921,100.0,59.978759765625,400.0
2026-04-22T17:24:30.651299,100.0,60.079933166503906,400.0
2026-04-22T17:24:32.855379,100.0,60.02934646606445,400.0
2026-04-22T17:24:35.058912,100.0,60.13051986694336,400.0
2026-04-22T17:24:37.261734,100.0,60.02934646606445,400.0
2026-04-22T17:24:39.463775,100.0,60.13051986694336,400.0
2026-04-22T17:24:41.668458,100.0,60.231689453125,400.0
2026-04-22T17:24:43.871943,100.0,60.28227615356445,400.0
2026-04-22T17:24:46.074404,100.0,60.231689453125,400.0
2026-04-22T17:24:48.277050,100.0,60.231689453125,400.0
2026-04-22T17:24:50.481185,100.0,60.332862854003906,400.0
2026-04-22T17:24:52.684347,100.0,60.38344955444336,400.0
2026-04-22T17:24:54.887945,100.0,60.332862854003906,400.0
2026-04-22T17:24:57.090968,100.0,60.28227615356445,400.0
2026-04-22T17:24:59.295853,100.0,60.28227615356445,400.0
2026-04-22T17:25:01.498259,100.0,60.231689453125,400.0
2026-04-22T17:25:03.701149,100.0,60.18110275268555,400.0
2026-04-22T17:25:05.907274,100.0,60.02934646606445,400.0
2026-04-22T17:25:08.110472,100.0,59.725830078125,400.0
2026-04-22T17:25:10.315968,100.0,59.877586364746094,400.0
2026-04-22T17:25:12.520498,100.0,59.82699966430664,400.0
2026-04-22T17:25:14.724419,100.0,59.67524337768555,400.0
2026-04-22T17:25:16.928150,100.0,59.624656677246094,400.0
2026-04-22T17:25:19.131981,100.0,59.57406997680664,400.0
2026-04-22T17:25:21.341921,100.0,59.37172317504883,400.0
2026-04-22T17:25:23.544494,100.0,59.472896575927734,400.0
2026-04-22T17:25:25.748731,100.0,59.32114028930664,400.0
2026-04-22T17:25:27.952020,100.0,59.219966888427734,400.0
2026-04-22T17:25:30.155661,100.0,59.16938018798828,400.0
2026-04-22T17:25:32.359874,100.0,59.11879348754883,400.0
2026-04-22T17:25:34.564331,100.0,58.96703338623047,400.0
2026-04-22T17:25:36.770603,100.0,58.91645050048828,400.0
2026-04-22T17:25:38.973763,100.0,58.96703338623047,400.0
2026-04-22T17:25:41.175440,100.0,58.96703338623047,400.0
2026-04-22T17:25:43.379265,100.0,58.86586380004883,400.0
2026-04-22T17:25:45.581826,100.0,58.76469039916992,400.0
2026-04-22T17:25:47.784740,100.0,58.96703338623047,400.0
2026-04-22T17:25:49.989076,100.0,58.663516998291016,400.0
2026-04-22T17:25:52.194421,100.0,58.663516998291016,400.0
2026-04-22T17:25:54.397638,100.0,58.56234359741211,400.0
2026-04-22T17:25:56.603369,100.0,58.61293029785156,400.0
2026-04-22T17:25:58.806913,100.0,58.56234359741211,400.0
2026-04-22T17:26:01.010810,100.0,58.51176071166992,400.0
2026-04-22T17:26:03.214913,100.0,58.56234359741211,400.0
2026-04-22T17:26:05.418494,100.0,58.56234359741211,400.0
2026-04-22T17:26:07.650082,100.0,58.36000061035156,400.0
2026-04-22T17:26:09.852853,100.0,58.410587310791016,400.0
2026-04-22T17:26:12.057846,100.0,58.51176071166992,400.0
2026-04-22T17:26:14.261794,100.0,58.30941390991211,400.0
2026-04-22T17:26:16.465361,100.0,58.46117401123047,400.0
2026-04-22T17:26:18.668534,100.0,58.30941390991211,400.0
2026-04-22T17:26:20.872461,100.0,58.258827209472656,400.0
2026-04-22T17:26:23.076102,100.0,58.30941390991211,400.0
2026-04-22T17:26:25.279587,100.0,58.2082405090332,400.0
2026-04-22T17:26:27.483981,100.0,58.157657623291016,400.0
2026-04-22T17:26:29.686533,100.0,58.10707092285156,400.0
2026-04-22T17:26:31.888519,100.0,58.005897521972656,400.0
2026-04-22T17:26:34.092294,100.0,58.157657623291016,400.0
2026-04-22T17:26:36.296056,100.0,58.05648422241211,400.0
2026-04-22T17:26:38.500936,100.0,58.005897521972656,400.0
2026-04-22T17:26:40.704078,100.0,57.9553108215332,400.0
2026-04-22T17:26:42.911312,100.0,57.9553108215332,400.0
2026-04-22T17:26:45.114067,100.0,57.8541374206543,400.0
2026-04-22T17:26:47.317731,100.0,57.803550720214844,400.0
2026-04-22T17:26:49.526274,100.0,57.803550720214844,400.0
2026-04-22T17:26:51.728186,100.0,57.90472412109375,400.0
2026-04-22T17:26:53.932660,100.0,57.9553108215332,400.0
2026-04-22T17:26:56.135210,100.0,57.8541374206543,400.0
2026-04-22T17:26:58.338942,100.0,57.752967834472656,400.0
2026-04-22T17:27:00.540945,100.0,57.7023811340332,400.0
2026-04-22T17:27:02.744694,100.0,57.803550720214844,400.0
2026-04-22T17:27:04.955331,100.0,57.752967834472656,400.0
2026-04-22T17:27:07.159490,100.0,57.752967834472656,400.0
2026-04-22T17:27:09.362585,100.0,57.6012077331543,400.0
2026-04-22T17:27:11.565149,100.0,57.65179443359375,400.0
2026-04-22T17:27:13.769269,100.0,57.7023811340332,400.0
2026-04-22T17:27:15.973598,100.0,57.50003433227539,400.0
2026-04-22T17:27:18.176533,100.0,57.6012077331543,400.0
2026-04-22T17:27:20.380365,100.0,57.50003433227539,400.0
2026-04-22T17:27:22.582797,100.0,57.550621032714844,400.0
2026-04-22T17:27:24.787645,100.0,57.50003433227539,400.0
2026-04-22T17:27:26.990898,100.0,57.44944763183594,400.0
2026-04-22T17:27:29.201894,100.0,57.50003433227539,400.0
2026-04-22T17:27:31.404210,100.0,57.398860931396484,400.0
2026-04-22T17:27:33.609839,100.0,57.398860931396484,400.0
2026-04-22T17:27:35.822413,100.0,57.550621032714844,400.0
2026-04-22T17:27:38.026245,100.0,57.398860931396484,400.0
2026-04-22T17:27:40.228617,100.0,57.24710464477539,400.0
2026-04-22T17:27:42.431972,100.0,57.3482780456543,400.0
2026-04-22T17:27:44.642694,100.0,57.3482780456543,400.0
2026-04-22T17:27:46.846266,100.0,57.398860931396484,400.0
2026-04-22T17:27:49.053505,100.0,57.44944763183594,400.0
2026-04-22T17:27:51.256785,100.0,57.50003433227539,400.0
2026-04-22T17:27:53.459460,100.0,57.50003433227539,400.0
2026-04-22T17:27:55.662858,100.0,57.65179443359375,400.0
2026-04-22T17:27:57.865861,100.0,57.7023811340332,400.0
2026-04-22T17:28:00.083668,100.0,57.7023811340332,400.0
2026-04-22T17:28:02.286204,100.0,57.8541374206543,400.0
2026-04-22T17:28:04.489760,100.0,57.90472412109375,400.0
2026-04-22T17:28:06.692876,100.0,58.157657623291016,400.0
2026-04-22T17:28:08.896392,100.0,58.258827209472656,400.0
2026-04-22T17:28:11.098986,100.0,57.9553108215332,400.0
2026-04-22T17:28:13.300717,100.0,58.36000061035156,400.0
2026-04-22T17:28:15.503080,100.0,58.30941390991211,400.0
2026-04-22T17:28:17.706879,100.0,58.410587310791016,400.0
2026-04-22T17:28:19.909980,100.0,58.36000061035156,400.0
2026-04-22T17:28:22.114297,100.0,58.410587310791016,400.0
2026-04-22T17:28:24.318688,100.0,58.61293029785156,400.0
2026-04-22T17:28:26.523166,100.0,58.61293029785156,400.0
2026-04-22T17:28:28.726716,100.0,58.61293029785156,400.0
2026-04-22T17:28:30.928935,100.0,58.51176071166992,400.0
2026-04-22T17:28:33.132187,100.0,58.410587310791016,400.0
2026-04-22T17:28:35.335822,100.0,58.86586380004883,400.0
2026-04-22T17:28:37.541812,100.0,58.91645050048828,400.0
2026-04-22T17:28:39.744881,100.0,58.96703338623047,400.0
2026-04-22T17:28:41.949254,100.0,58.96703338623047,400.0
2026-04-22T17:28:44.152907,100.0,59.068206787109375,400.0
2026-04-22T17:28:46.355556,100.0,59.219966888427734,400.0
2026-04-22T17:28:48.559724,100.0,59.27055358886719,400.0
2026-04-22T17:28:50.766466,100.0,59.27055358886719,400.0
2026-04-22T17:28:52.970463,100.0,59.37172317504883,400.0
2026-04-22T17:28:55.175829,100.0,59.32114028930664,400.0
2026-04-22T17:28:57.382061,100.0,59.37172317504883,400.0
2026-04-22T17:28:59.586678,100.0,59.37172317504883,400.0
2026-04-22T17:29:01.789727,100.0,59.52348327636719,400.0
2026-04-22T17:29:03.992576,100.0,59.37172317504883,400.0
2026-04-22T17:29:06.197275,100.0,59.52348327636719,400.0
2026-04-22T17:29:08.401015,100.0,59.472896575927734,400.0
2026-04-22T17:29:10.603344,100.0,59.57406997680664,400.0
2026-04-22T17:29:12.807363,100.0,59.472896575927734,400.0
2026-04-22T17:29:15.010044,100.0,59.42230987548828,400.0
2026-04-22T17:29:17.225113,100.0,59.624656677246094,400.0
2026-04-22T17:29:19.428217,100.0,59.57406997680664,400.0
2026-04-22T17:29:21.631951,100.0,59.624656677246094,400.0
2026-04-22T17:29:23.835738,100.0,59.52348327636719,400.0
2026-04-22T17:29:26.038855,100.0,59.472896575927734,400.0
2026-04-22T17:29:28.242821,100.0,59.472896575927734,400.0
2026-04-22T17:29:30.447898,100.0,59.32114028930664,400.0
2026-04-22T17:29:32.652541,100.0,59.27055358886719,400.0
2026-04-22T17:29:34.855000,100.0,59.27055358886719,400.0
2026-04-22T17:29:37.058941,100.0,59.16938018798828,400.0
2026-04-22T17:29:39.262588,100.0,59.11879348754883,400.0
2026-04-22T17:29:41.464691,100.0,59.068206787109375,400.0
2026-04-22T17:29:43.668758,100.0,59.11879348754883,400.0
2026-04-22T17:29:45.872604,100.0,59.01762008666992,400.0
2026-04-22T17:29:48.076244,100.0,58.86586380004883,400.0
2026-04-22T17:29:50.281306,100.0,58.86586380004883,400.0
2026-04-22T17:29:52.489246,100.0,58.96703338623047,400.0
2026-04-22T17:29:54.692207,100.0,58.71410369873047,400.0
2026-04-22T17:29:56.895068,100.0,58.91645050048828,400.0
2026-04-22T17:29:59.098596,100.0,58.71410369873047,400.0
2026-04-22T17:30:01.300836,100.0,58.663516998291016,400.0
2026-04-22T17:30:03.511180,100.0,58.663516998291016,400.0
2026-04-22T17:30:05.712938,100.0,58.36000061035156,400.0
2026-04-22T17:30:07.916785,100.0,58.36000061035156,400.0
2026-04-22T17:30:10.119349,100.0,58.36000061035156,400.0
2026-04-22T17:30:12.322138,100.0,58.30941390991211,400.0
2026-04-22T17:30:14.526011,100.0,58.2082405090332,400.0
2026-04-22T17:30:16.728675,100.0,58.258827209472656,400.0
2026-04-22T17:30:18.937976,100.0,58.2082405090332,400.0
2026-04-22T17:30:21.140705,100.0,58.157657623291016,400.0
2026-04-22T17:30:23.343670,100.0,58.2082405090332,400.0
2026-04-22T17:30:25.545969,100.0,58.005897521972656,400.0
2026-04-22T17:30:27.754274,100.0,58.05648422241211,400.0
2026-04-22T17:30:29.957155,100.0,57.803550720214844,400.0
2026-04-22T17:30:32.159243,100.0,57.8541374206543,400.0
2026-04-22T17:30:34.363932,100.0,57.8541374206543,400.0
2026-04-22T17:30:36.567832,100.0,57.90472412109375,400.0
2026-04-22T17:30:38.771976,100.0,57.752967834472656,400.0
2026-04-22T17:30:40.975538,100.0,57.9553108215332,400.0
2026-04-22T17:30:43.177633,100.0,57.90472412109375,400.0
2026-04-22T17:30:45.382884,100.0,57.8541374206543,400.0
2026-04-22T17:30:47.585547,100.0,57.8541374206543,400.0
2026-04-22T17:30:49.789163,100.0,57.752967834472656,400.0
2026-04-22T17:30:51.991946,100.0,57.65179443359375,400.0
2026-04-22T17:30:54.195467,100.0,57.7023811340332,400.0
2026-04-22T17:30:56.398144,100.0,57.65179443359375,400.0
2026-04-22T17:30:58.602409,100.0,57.65179443359375,400.0
2026-04-22T17:31:00.807140,100.0,57.550621032714844,400.0
2026-04-22T17:31:03.010602,100.0,57.6012077331543,400.0
2026-04-22T17:31:05.213258,100.0,57.550621032714844,400.0
2026-04-22T17:31:07.417002,100.0,57.50003433227539,400.0
2026-04-22T17:31:09.622406,100.0,57.44944763183594,400.0
2026-04-22T17:31:11.825958,100.0,57.6012077331543,400.0
2026-04-22T17:31:14.028344,100.0,57.65179443359375,400.0
2026-04-22T17:31:16.233336,100.0,57.752967834472656,400.0
2026-04-22T17:31:18.435599,100.0,57.803550720214844,400.0
2026-04-22T17:31:20.637993,100.0,57.803550720214844,400.0
2026-04-22T17:31:22.840636,100.0,57.9553108215332,400.0
2026-04-22T17:31:25.048616,100.0,57.9553108215332,400.0
2026-04-22T17:31:27.251547,100.0,58.05648422241211,400.0
2026-04-22T17:31:29.454807,100.0,58.05648422241211,400.0
2026-04-22T17:31:31.657583,100.0,58.157657623291016,400.0
2026-04-22T17:31:33.859253,100.0,58.2082405090332,400.0
2026-04-22T17:31:36.065453,100.0,58.30941390991211,400.0
2026-04-22T17:31:38.269467,100.0,58.258827209472656,400.0
2026-04-22T17:31:40.474624,100.0,58.36000061035156,400.0
2026-04-22T17:31:42.676995,100.0,58.46117401123047,400.0
2026-04-22T17:31:44.880932,100.0,58.56234359741211,400.0
2026-04-22T17:31:47.083236,100.0,58.410587310791016,400.0
2026-04-22T17:31:49.284758,100.0,58.51176071166992,400.0
2026-04-22T17:31:51.488636,100.0,58.61293029785156,400.0
2026-04-22T17:31:53.692476,100.0,58.663516998291016,400.0
2026-04-22T17:31:55.896014,100.0,58.86586380004883,400.0
2026-04-22T17:31:58.098731,100.0,58.86586380004883,400.0
2026-04-22T17:32:00.301370,100.0,58.815277099609375,400.0
2026-04-22T17:32:02.505824,100.0,58.91645050048828,400.0
2026-04-22T17:32:04.707803,100.0,58.815277099609375,400.0
2026-04-22T17:32:06.911183,100.0,58.86586380004883,400.0
2026-04-22T17:32:09.115106,100.0,58.91645050048828,400.0
2026-04-22T17:32:11.318741,100.0,58.91645050048828,400.0
2026-04-22T17:32:13.522548,100.0,59.11879348754883,400.0
2026-04-22T17:32:15.725411,100.0,59.11879348754883,400.0
2026-04-22T17:32:17.928953,100.0,59.27055358886719,400.0
2026-04-22T17:32:20.131287,100.0,59.32114028930664,400.0
2026-04-22T17:32:22.334587,100.0,59.32114028930664,400.0
2026-04-22T17:32:24.537932,100.0,59.37172317504883,400.0
2026-04-22T17:32:26.741583,100.0,59.472896575927734,400.0
2026-04-22T17:32:28.945260,100.0,59.52348327636719,400.0
2026-04-22T17:32:31.150294,100.0,59.624656677246094,400.0
2026-04-22T17:32:33.354787,100.0,59.624656677246094,400.0
2026-04-22T17:32:35.559832,100.0,59.624656677246094,400.0
2026-04-22T17:32:37.765890,100.0,59.725830078125,400.0
2026-04-22T17:32:39.967889,100.0,59.725830078125,400.0
2026-04-22T17:32:42.171245,100.0,59.978759765625,400.0
2026-04-22T17:32:44.374684,100.0,59.978759765625,400.0
2026-04-22T17:32:46.580165,100.0,59.92817306518555,400.0
2026-04-22T17:32:48.784798,100.0,59.92817306518555,400.0
2026-04-22T17:32:50.987718,100.0,59.92817306518555,400.0
2026-04-22T17:32:53.191210,100.0,59.92817306518555,400.0
2026-04-22T17:32:55.395405,100.0,60.13051986694336,400.0
2026-04-22T17:32:57.601927,100.0,60.02934646606445,400.0
2026-04-22T17:32:59.805564,100.0,59.978759765625,400.0
2026-04-22T17:33:02.014140,100.0,59.877586364746094,400.0
2026-04-22T17:33:04.216909,100.0,59.77641296386719,400.0
2026-04-22T17:33:06.422599,100.0,59.77641296386719,400.0
2026-04-22T17:33:08.625477,100.0,59.57406997680664,400.0
2026-04-22T17:33:10.828708,100.0,59.472896575927734,400.0
2026-04-22T17:33:13.051525,100.0,59.52348327636719,400.0
2026-04-22T17:33:15.254806,100.0,59.42230987548828,400.0
2026-04-22T17:33:17.459503,100.0,59.42230987548828,400.0
2026-04-22T17:33:19.664073,100.0,59.37172317504883,400.0
2026-04-22T17:33:21.866121,100.0,59.27055358886719,400.0
2026-04-22T17:33:24.069282,100.0,59.11879348754883,400.0
2026-04-22T17:33:26.272020,100.0,59.068206787109375,400.0
2026-04-22T17:33:28.474265,100.0,58.96703338623047,400.0
2026-04-22T17:33:30.679033,100.0,59.01762008666992,400.0
2026-04-22T17:33:32.884458,100.0,58.96703338623047,400.0
2026-04-22T17:33:35.088085,100.0,58.96703338623047,400.0
2026-04-22T17:33:37.291820,100.0,58.815277099609375,400.0
2026-04-22T17:33:39.493927,100.0,58.76469039916992,400.0
2026-04-22T17:33:41.696331,100.0,58.663516998291016,400.0
2026-04-22T17:33:43.903720,100.0,58.76469039916992,400.0
2026-04-22T17:33:46.107677,100.0,58.56234359741211,400.0
2026-04-22T17:33:48.311166,100.0,58.56234359741211,400.0
2026-04-22T17:33:50.515121,100.0,58.663516998291016,400.0
2026-04-22T17:33:52.718962,100.0,58.61293029785156,400.0
2026-04-22T17:33:54.922574,100.0,58.46117401123047,400.0
2026-04-22T17:33:57.126264,100.0,58.30941390991211,400.0
2026-04-22T17:33:59.330910,100.0,58.258827209472656,400.0
2026-04-22T17:34:01.536194,100.0,58.157657623291016,400.0
2026-04-22T17:34:03.740444,100.0,58.05648422241211,400.0
2026-04-22T17:34:05.945051,100.0,58.10707092285156,400.0
2026-04-22T17:34:08.149536,100.0,58.005897521972656,400.0
2026-04-22T17:34:10.355002,100.0,57.8541374206543,400.0
2026-04-22T17:34:12.558587,100.0,57.90472412109375,400.0
2026-04-22T17:34:14.763452,100.0,57.8541374206543,400.0
2026-04-22T17:34:16.966866,100.0,57.7023811340332,400.0
2026-04-22T17:34:19.175133,100.0,57.752967834472656,400.0
2026-04-22T17:34:21.379393,100.0,57.752967834472656,400.0
2026-04-22T17:34:23.583717,100.0,57.6012077331543,400.0
2026-04-22T17:34:25.786790,100.0,57.7023811340332,400.0
2026-04-22T17:34:27.991306,100.0,57.550621032714844,400.0
2026-04-22T17:34:30.195590,100.0,57.6012077331543,400.0
2026-04-22T17:34:32.398946,100.0,57.50003433227539,400.0
2026-04-22T17:34:34.605679,100.0,57.50003433227539,400.0
2026-04-22T17:34:36.811620,100.0,57.50003433227539,400.0
2026-04-22T17:34:39.017050,100.0,57.44944763183594,400.0
2026-04-22T17:34:41.223650,100.0,57.398860931396484,400.0
2026-04-22T17:34:43.425975,100.0,57.44944763183594,400.0
2026-04-22T17:34:45.628120,100.0,57.297691345214844,400.0
2026-04-22T17:34:47.832212,100.0,57.398860931396484,400.0
2026-04-22T17:34:50.035794,100.0,57.3482780456543,400.0
2026-04-22T17:34:52.240196,100.0,57.297691345214844,400.0
2026-04-22T17:34:54.444802,100.0,57.3482780456543,400.0
2026-04-22T17:34:56.647431,100.0,57.19651794433594,400.0
2026-04-22T17:34:58.853017,100.0,57.19651794433594,400.0
2026-04-22T17:35:01.056797,100.0,57.145931243896484,400.0
2026-04-22T17:35:03.260605,100.0,57.19651794433594,400.0
2026-04-22T17:35:05.468214,100.0,57.145931243896484,400.0
2026-04-22T17:35:07.671348,100.0,57.145931243896484,400.0
2026-04-22T17:35:09.874436,100.0,57.09534454345703,400.0
2026-04-22T17:35:12.076661,100.0,57.09534454345703,400.0
2026-04-22T17:35:14.280653,100.0,57.09534454345703,400.0
2026-04-22T17:35:16.484063,100.0,57.145931243896484,400.0
2026-04-22T17:35:18.688160,100.0,57.04475784301758,400.0
2026-04-22T17:35:20.895283,100.0,56.994171142578125,400.0
2026-04-22T17:35:23.098190,100.0,56.893001556396484,400.0
2026-04-22T17:35:25.301193,100.0,56.94358825683594,400.0
2026-04-22T17:35:27.504242,100.0,56.893001556396484,400.0
2026-04-22T17:35:29.714633,100.0,56.79182815551758,400.0
2026-04-22T17:35:31.918391,100.0,56.79182815551758,400.0
2026-04-22T17:35:34.125044,100.0,56.79182815551758,400.0
2026-04-22T17:35:36.330406,100.0,56.741241455078125,400.0
2026-04-22T17:35:38.533128,100.0,56.69065475463867,400.0
2026-04-22T17:35:40.735718,100.0,56.589481353759766,400.0
2026-04-22T17:35:42.940335,100.0,56.64006805419922,400.0
2026-04-22T17:35:45.144614,100.0,56.69065475463867,400.0
2026-04-22T17:35:47.347729,100.0,56.79182815551758,400.0
2026-04-22T17:35:49.551185,100.0,56.84241485595703,400.0
2026-04-22T17:35:51.755078,100.0,56.94358825683594,400.0
2026-04-22T17:35:53.959227,100.0,57.04475784301758,400.0
2026-04-22T17:35:56.161862,100.0,57.04475784301758,400.0
2026-04-22T17:35:58.368676,100.0,57.297691345214844,400.0
2026-04-22T17:36:00.571994,100.0,57.3482780456543,400.0
2026-04-22T17:36:02.776550,100.0,57.3482780456543,400.0
2026-04-22T17:36:04.980438,100.0,57.550621032714844,400.0
2026-04-22T17:36:07.184167,100.0,57.6012077331543,400.0
2026-04-22T17:36:09.388034,100.0,57.6012077331543,400.0
2026-04-22T17:36:11.591206,100.0,57.90472412109375,400.0
2026-04-22T17:36:13.795711,100.0,57.90472412109375,400.0
2026-04-22T17:36:15.999083,100.0,57.90472412109375,400.0
2026-04-22T17:36:18.201627,100.0,58.2082405090332,400.0
2026-04-22T17:36:20.404571,100.0,58.157657623291016,400.0
2026-04-22T17:36:22.614073,100.0,58.30941390991211,400.0
2026-04-22T17:36:24.816499,100.0,58.2082405090332,400.0
2026-04-22T17:36:27.029007,100.0,58.10707092285156,400.0
2026-04-22T17:36:29.234398,100.0,58.10707092285156,400.0
2026-04-22T17:36:31.438272,100.0,58.36000061035156,400.0
2026-04-22T17:36:33.640987,100.0,58.410587310791016,400.0
2026-04-22T17:36:35.844265,100.0,58.258827209472656,400.0
2026-04-22T17:36:38.048655,100.0,58.30941390991211,400.0
2026-04-22T17:36:40.251462,100.0,58.30941390991211,400.0
2026-04-22T17:36:42.455150,100.0,58.36000061035156,400.0
2026-04-22T17:36:44.657289,100.0,58.410587310791016,400.0
2026-04-22T17:36:46.863451,100.0,58.61293029785156,400.0
2026-04-22T17:36:49.065632,100.0,58.61293029785156,400.0
2026-04-22T17:36:51.268892,100.0,58.56234359741211,400.0
2026-04-22T17:36:53.472235,100.0,58.71410369873047,400.0
2026-04-22T17:36:55.675873,100.0,58.91645050048828,400.0
2026-04-22T17:36:57.881242,100.0,58.86586380004883,400.0
2026-04-22T17:37:00.085001,100.0,58.86586380004883,400.0
2026-04-22T17:37:02.291143,100.0,58.815277099609375,400.0
2026-04-22T17:37:04.494113,100.0,59.068206787109375,400.0
2026-04-22T17:37:06.697663,100.0,59.068206787109375,400.0
2026-04-22T17:37:08.901784,100.0,59.068206787109375,400.0
2026-04-22T17:37:11.107061,100.0,59.219966888427734,400.0
2026-04-22T17:37:13.311585,100.0,59.11879348754883,400.0
2026-04-22T17:37:15.515754,100.0,59.16938018798828,400.0
2026-04-22T17:37:17.721879,100.0,59.37172317504883,400.0
2026-04-22T17:37:19.927196,100.0,59.42230987548828,400.0
2026-04-22T17:37:22.130079,100.0,59.42230987548828,400.0
2026-04-22T17:37:24.332838,100.0,59.32114028930664,400.0
2026-04-22T17:37:26.535509,100.0,59.52348327636719,400.0
2026-04-22T17:37:28.743447,100.0,59.52348327636719,400.0
2026-04-22T17:37:30.949003,100.0,59.42230987548828,400.0
2026-04-22T17:37:33.152757,100.0,59.624656677246094,400.0
2026-04-22T17:37:35.357448,100.0,59.624656677246094,400.0
2026-04-22T17:37:37.559957,100.0,59.67524337768555,400.0
2026-04-22T17:37:39.763229,100.0,59.67524337768555,400.0
2026-04-22T17:37:41.966666,100.0,59.82699966430664,400.0
2026-04-22T17:37:44.170219,100.0,59.77641296386719,400.0
2026-04-22T17:37:46.373800,100.0,59.725830078125,400.0
2026-04-22T17:37:48.584446,100.0,59.725830078125,400.0
2026-04-22T17:37:50.790971,100.0,59.877586364746094,400.0
2026-04-22T17:37:52.994384,100.0,59.877586364746094,400.0
2026-04-22T17:37:55.198411,100.0,59.877586364746094,400.0
2026-04-22T17:37:57.401464,100.0,59.77641296386719,400.0
2026-04-22T17:37:59.607656,100.0,59.67524337768555,400.0
2026-04-22T17:38:01.810094,100.0,59.52348327636719,400.0
2026-04-22T17:38:04.016661,100.0,59.52348327636719,400.0
2026-04-22T17:38:06.219415,100.0,59.52348327636719,400.0
2026-04-22T17:38:08.424416,100.0,59.472896575927734,400.0
2026-04-22T17:38:10.634332,100.0,59.37172317504883,400.0
2026-04-22T17:38:12.838411,100.0,59.32114028930664,400.0
2026-04-22T17:38:15.041329,100.0,59.32114028930664,400.0
2026-04-22T17:38:17.250995,100.0,59.16938018798828,400.0
2026-04-22T17:38:19.458161,100.0,59.11879348754883,400.0
2026-04-22T17:38:21.667139,100.0,58.91645050048828,400.0
2026-04-22T17:38:23.868828,100.0,58.815277099609375,400.0
2026-04-22T17:38:26.071809,100.0,58.91645050048828,400.0
2026-04-22T17:38:28.278487,100.0,58.61293029785156,400.0
2026-04-22T17:38:30.486478,100.0,58.71410369873047,400.0
2026-04-22T17:38:32.688280,100.0,58.46117401123047,400.0
2026-04-22T17:38:34.891272,100.0,58.51176071166992,400.0
2026-04-22T17:38:37.094210,100.0,58.46117401123047,400.0
2026-04-22T17:38:39.298671,100.0,58.56234359741211,400.0
2026-04-22T17:38:41.503652,100.0,58.410587310791016,400.0
2026-04-22T17:38:43.706368,100.0,58.258827209472656,400.0
2026-04-22T17:38:45.909261,100.0,58.2082405090332,400.0
2026-04-22T17:38:48.115061,100.0,58.157657623291016,400.0
2026-04-22T17:38:50.329622,100.0,58.2082405090332,400.0
2026-04-22T17:38:52.534586,100.0,58.05648422241211,400.0
2026-04-22T17:38:54.741704,100.0,58.157657623291016,400.0
2026-04-22T17:38:56.945146,100.0,58.05648422241211,400.0
2026-04-22T17:38:59.148101,100.0,57.90472412109375,400.0
2026-04-22T17:39:01.351923,100.0,58.005897521972656,400.0
2026-04-22T17:39:03.555651,100.0,57.752967834472656,400.0
2026-04-22T17:39:05.758292,100.0,57.8541374206543,400.0
2026-04-22T17:39:07.960050,100.0,57.803550720214844,400.0
2026-04-22T17:39:10.164198,100.0,57.803550720214844,400.0
2026-04-22T17:39:12.367091,100.0,57.803550720214844,400.0
2026-04-22T17:39:14.570936,100.0,57.6012077331543,400.0
2026-04-22T17:39:16.773124,100.0,57.6012077331543,400.0
2026-04-22T17:39:18.975630,100.0,57.50003433227539,400.0
2026-04-22T17:39:21.179512,100.0,57.550621032714844,400.0
2026-04-22T17:39:23.381744,100.0,57.24710464477539,400.0
2026-04-22T17:39:25.583506,100.0,57.3482780456543,400.0
2026-04-22T17:39:27.791965,100.0,57.3482780456543,400.0
2026-04-22T17:39:29.995849,100.0,57.3482780456543,400.0
2026-04-22T17:39:32.200063,100.0,57.24710464477539,400.0
2026-04-22T17:39:34.403458,100.0,57.24710464477539,400.0
2026-04-22T17:39:36.605542,100.0,57.145931243896484,400.0
2026-04-22T17:39:38.808813,100.0,57.19651794433594,400.0
2026-04-22T17:39:41.011981,100.0,57.145931243896484,400.0
2026-04-22T17:39:43.215458,100.0,57.09534454345703,400.0
2026-04-22T17:39:45.420923,100.0,57.04475784301758,400.0
2026-04-22T17:39:47.623948,100.0,57.04475784301758,400.0
2026-04-22T17:39:49.827088,100.0,57.04475784301758,400.0
2026-04-22T17:39:52.029201,100.0,56.893001556396484,400.0
2026-04-22T17:39:54.232076,100.0,56.994171142578125,400.0
2026-04-22T17:39:56.436665,100.0,56.893001556396484,400.0
2026-04-22T17:39:58.644844,100.0,56.84241485595703,400.0
2026-04-22T17:40:00.847969,100.0,56.79182815551758,400.0
2026-04-22T17:40:03.050813,100.0,56.79182815551758,400.0
2026-04-22T17:40:05.254450,100.0,56.79182815551758,400.0
2026-04-22T17:40:07.456504,100.0,56.79182815551758,400.0
2026-04-22T17:40:09.659025,100.0,56.69065475463867,400.0
2026-04-22T17:40:11.862798,100.0,56.69065475463867,400.0
2026-04-22T17:40:14.066198,100.0,56.589481353759766,400.0
2026-04-22T17:40:16.268641,100.0,56.64006805419922,400.0
2026-04-22T17:40:18.471453,100.0,56.64006805419922,400.0
2026-04-22T17:40:20.676042,100.0,56.64006805419922,400.0
2026-04-22T17:40:22.878097,100.0,56.741241455078125,400.0
2026-04-22T17:40:25.080468,100.0,56.84241485595703,400.0
2026-04-22T17:40:27.284197,100.0,56.893001556396484,400.0
2026-04-22T17:40:29.486860,100.0,56.893001556396484,400.0
2026-04-22T17:40:31.689766,100.0,56.994171142578125,400.0
2026-04-22T17:40:33.894334,100.0,56.994171142578125,400.0
2026-04-22T17:40:36.097110,100.0,57.145931243896484,400.0
2026-04-22T17:40:38.300601,100.0,57.297691345214844,400.0
2026-04-22T17:40:40.503333,100.0,57.44944763183594,400.0
2026-04-22T17:40:42.706901,100.0,57.44944763183594,400.0
2026-04-22T17:40:44.911693,100.0,57.550621032714844,400.0
2026-04-22T17:40:47.114933,100.0,57.65179443359375,400.0
2026-04-22T17:40:49.317717,100.0,57.7023811340332,400.0
2026-04-22T17:40:51.523641,100.0,57.7023811340332,400.0
2026-04-22T17:40:53.726233,100.0,57.8541374206543,400.0
2026-04-22T17:40:55.931999,100.0,57.9553108215332,400.0
2026-04-22T17:40:58.135058,100.0,58.05648422241211,400.0
2026-04-22T17:41:00.338220,100.0,58.05648422241211,400.0
2026-04-22T17:41:02.541365,100.0,58.157657623291016,400.0
2026-04-22T17:41:04.748219,100.0,58.05648422241211,400.0
2026-04-22T17:41:06.954599,100.0,58.258827209472656,400.0
2026-04-22T17:41:09.156805,100.0,58.30941390991211,400.0
2026-04-22T17:41:11.361459,100.0,58.30941390991211,400.0
2026-04-22T17:41:13.565754,100.0,58.36000061035156,400.0
2026-04-22T17:41:15.769169,100.0,58.46117401123047,400.0
2026-04-22T17:41:17.972528,100.0,58.61293029785156,400.0
2026-04-22T17:41:20.175682,100.0,58.56234359741211,400.0
2026-04-22T17:41:22.377467,100.0,58.61293029785156,400.0
2026-04-22T17:41:24.579823,100.0,58.71410369873047,400.0
2026-04-22T17:41:26.785721,100.0,58.815277099609375,400.0
2026-04-22T17:41:28.989793,100.0,58.86586380004883,400.0
2026-04-22T17:41:31.195168,100.0,58.91645050048828,400.0
2026-04-22T17:41:33.400875,100.0,58.86586380004883,400.0
2026-04-22T17:41:35.606861,100.0,58.815277099609375,400.0
2026-04-22T17:41:37.809047,100.0,58.96703338623047,400.0
2026-04-22T17:41:40.012692,100.0,59.11879348754883,400.0
2026-04-22T17:41:42.219309,100.0,59.068206787109375,400.0
2026-04-22T17:41:44.421508,100.0,59.219966888427734,400.0
2026-04-22T17:41:46.624667,100.0,59.219966888427734,400.0
2026-04-22T17:41:48.827495,100.0,59.219966888427734,400.0
2026-04-22T17:41:51.031164,100.0,59.32114028930664,400.0
2026-04-22T17:41:53.233778,100.0,59.42230987548828,400.0
2026-04-22T17:41:55.436708,100.0,59.42230987548828,400.0
2026-04-22T17:41:57.643719,100.0,59.37172317504883,400.0
2026-04-22T17:41:59.846732,100.0,59.52348327636719,400.0
2026-04-22T17:42:02.048577,100.0,59.52348327636719,400.0
2026-04-22T17:42:04.252948,100.0,59.624656677246094,400.0
2026-04-22T17:42:06.457275,100.0,59.624656677246094,400.0
2026-04-22T17:42:08.659652,100.0,59.67524337768555,400.0
2026-04-22T17:42:10.863729,100.0,59.67524337768555,400.0
2026-04-22T17:42:13.066923,100.0,59.725830078125,400.0
2026-04-22T17:42:15.270343,100.0,59.472896575927734,400.0
2026-04-22T17:42:17.471903,100.0,59.37172317504883,400.0
2026-04-22T17:42:19.674886,100.0,59.32114028930664,400.0
2026-04-22T17:42:21.878856,100.0,59.11879348754883,400.0
2026-04-22T17:42:24.082342,100.0,59.11879348754883,400.0
2026-04-22T17:42:26.286359,100.0,59.068206787109375,400.0
2026-04-22T17:42:28.496290,100.0,58.96703338623047,400.0
2026-04-22T17:42:30.702300,100.0,58.91645050048828,400.0
2026-04-22T17:42:32.905215,100.0,58.76469039916992,400.0
2026-04-22T17:42:35.108213,100.0,58.815277099609375,400.0
2026-04-22T17:42:37.311361,100.0,58.91645050048828,400.0
2026-04-22T17:42:39.513357,100.0,58.76469039916992,400.0
2026-04-22T17:42:41.715485,100.0,58.91645050048828,400.0
2026-04-22T17:42:43.920175,100.0,58.663516998291016,400.0
2026-04-22T17:42:46.127310,100.0,58.46117401123047,400.0
2026-04-22T17:42:48.334573,100.0,58.36000061035156,400.0
2026-04-22T17:42:50.538016,100.0,58.30941390991211,400.0
2026-04-22T17:42:52.741965,100.0,58.30941390991211,400.0
2026-04-22T17:42:54.945208,100.0,58.258827209472656,400.0
2026-04-22T17:42:57.150047,100.0,58.10707092285156,400.0
2026-04-22T17:42:59.354023,100.0,58.157657623291016,400.0
2026-04-22T17:43:01.557434,100.0,58.157657623291016,400.0
2026-04-22T17:43:03.759984,100.0,57.9553108215332,400.0
2026-04-22T17:43:05.965094,100.0,57.9553108215332,400.0
2026-04-22T17:43:08.168468,100.0,57.8541374206543,400.0
2026-04-22T17:43:10.371374,100.0,57.9553108215332,400.0
2026-04-22T17:43:12.574325,100.0,57.803550720214844,400.0
2026-04-22T17:43:14.776305,100.0,57.7023811340332,400.0
2026-04-22T17:43:16.981023,100.0,57.8541374206543,400.0
2026-04-22T17:43:19.183993,100.0,57.803550720214844,400.0
2026-04-22T17:43:21.387256,100.0,57.65179443359375,400.0
2026-04-22T17:43:23.590698,100.0,57.65179443359375,400.0
2026-04-22T17:43:25.793281,100.0,57.65179443359375,400.0
2026-04-22T17:43:27.998493,100.0,57.6012077331543,400.0
2026-04-22T17:43:30.200378,100.0,57.550621032714844,400.0
2026-04-22T17:43:32.403903,100.0,57.50003433227539,400.0
2026-04-22T17:43:34.607142,100.0,57.50003433227539,400.0
2026-04-22T17:43:36.810195,100.0,57.398860931396484,400.0
2026-04-22T17:43:39.015768,100.0,57.398860931396484,400.0
2026-04-22T17:43:41.217462,100.0,57.398860931396484,400.0
2026-04-22T17:43:43.420701,100.0,57.398860931396484,400.0
2026-04-22T17:43:45.624245,100.0,57.44944763183594,400.0
2026-04-22T17:43:47.829756,100.0,57.297691345214844,400.0
2026-04-22T17:43:50.032103,100.0,57.19651794433594,400.0
2026-04-22T17:43:52.235222,100.0,57.24710464477539,400.0
2026-04-22T17:43:54.444536,100.0,57.19651794433594,400.0
2026-04-22T17:43:56.647118,100.0,57.24710464477539,400.0
2026-04-22T17:43:58.850502,100.0,57.145931243896484,400.0
2026-04-22T17:44:01.054399,100.0,57.09534454345703,400.0
2026-04-22T17:44:03.259134,100.0,57.04475784301758,400.0
2026-04-22T17:44:05.461766,100.0,57.04475784301758,400.0
2026-04-22T17:44:07.667361,100.0,57.04475784301758,400.0
2026-04-22T17:44:09.872530,100.0,56.994171142578125,400.0
2026-04-22T17:44:12.076899,100.0,56.94358825683594,400.0
2026-04-22T17:44:14.289646,100.0,56.94358825683594,400.0
2026-04-22T17:44:16.493916,100.0,56.893001556396484,400.0
2026-04-22T17:44:18.698241,100.0,56.84241485595703,400.0
2026-04-22T17:44:20.903124,100.0,56.741241455078125,400.0
2026-04-22T17:44:23.106706,100.0,56.893001556396484,400.0
2026-04-22T17:44:25.310432,100.0,56.994171142578125,400.0
2026-04-22T17:44:27.512522,100.0,57.04475784301758,400.0
2026-04-22T17:44:29.719491,100.0,57.09534454345703,400.0
2026-04-22T17:44:31.925001,100.0,57.297691345214844,400.0
2026-04-22T17:44:34.127870,100.0,57.3482780456543,400.0
2026-04-22T17:44:36.332012,100.0,57.50003433227539,400.0
2026-04-22T17:44:38.534780,100.0,57.398860931396484,400.0
2026-04-22T17:44:40.739160,100.0,57.50003433227539,400.0
2026-04-22T17:44:42.942846,100.0,57.6012077331543,400.0
2026-04-22T17:44:45.151726,100.0,57.7023811340332,400.0
2026-04-22T17:44:47.354162,100.0,57.7023811340332,400.0
2026-04-22T17:44:49.561028,100.0,57.752967834472656,400.0
2026-04-22T17:44:51.763148,100.0,58.10707092285156,400.0
2026-04-22T17:44:53.966048,100.0,57.9553108215332,400.0
2026-04-22T17:44:56.169664,100.0,58.005897521972656,400.0
2026-04-22T17:44:58.373290,100.0,58.05648422241211,400.0
2026-04-22T17:45:00.578671,100.0,58.258827209472656,400.0
2026-04-22T17:45:02.782351,100.0,58.2082405090332,400.0
2026-04-22T17:45:04.986073,100.0,58.258827209472656,400.0
2026-04-22T17:45:07.193388,100.0,58.30941390991211,400.0
2026-04-22T17:45:09.397450,100.0,58.51176071166992,400.0
2026-04-22T17:45:11.600593,100.0,58.61293029785156,400.0
2026-04-22T17:45:13.804306,100.0,58.51176071166992,400.0
2026-04-22T17:45:16.007893,100.0,58.56234359741211,400.0
2026-04-22T17:45:18.211417,100.0,58.61293029785156,400.0
2026-04-22T17:45:20.414281,100.0,58.51176071166992,400.0
2026-04-22T17:45:22.617825,100.0,58.663516998291016,400.0
2026-04-22T17:45:24.820586,100.0,58.91645050048828,400.0
2026-04-22T17:45:27.025851,100.0,58.815277099609375,400.0
2026-04-22T17:45:29.230476,100.0,58.96703338623047,400.0
2026-04-22T17:45:31.433858,100.0,59.01762008666992,400.0
2026-04-22T17:45:33.636254,100.0,59.11879348754883,400.0
2026-04-22T17:45:35.838644,100.0,59.068206787109375,400.0
2026-04-22T17:45:38.041233,100.0,59.27055358886719,400.0
2026-04-22T17:45:40.246579,100.0,59.219966888427734,400.0
2026-04-22T17:45:42.450127,100.0,59.11879348754883,400.0
2026-04-22T17:45:44.654577,100.0,59.11879348754883,400.0
2026-04-22T17:45:46.857471,100.0,59.27055358886719,400.0
2026-04-22T17:45:49.060898,100.0,59.27055358886719,400.0
2026-04-22T17:45:51.263220,100.0,59.27055358886719,400.0
2026-04-22T17:45:53.467125,100.0,59.37172317504883,400.0
2026-04-22T17:45:55.672913,100.0,59.32114028930664,400.0
2026-04-22T17:45:57.874929,100.0,59.37172317504883,400.0
2026-04-22T17:46:00.080428,100.0,59.37172317504883,400.0
2026-04-22T17:46:02.285321,100.0,59.52348327636719,400.0
2026-04-22T17:46:04.488266,100.0,59.57406997680664,400.0
2026-04-22T17:46:06.691578,100.0,59.67524337768555,400.0
2026-04-22T17:46:08.894653,100.0,59.67524337768555,400.0
2026-04-22T17:46:11.099504,100.0,59.67524337768555,400.0
2026-04-22T17:46:13.301612,100.0,59.67524337768555,400.0
2026-04-22T17:46:15.505621,100.0,59.82699966430664,400.0
2026-04-22T17:46:17.709306,100.0,59.77641296386719,400.0
2026-04-22T17:46:19.915498,100.0,59.82699966430664,400.0
2026-04-22T17:46:22.119231,100.0,59.877586364746094,400.0
2026-04-22T17:46:24.322932,100.0,59.877586364746094,400.0
2026-04-22T17:46:26.525157,100.0,59.77641296386719,400.0
2026-04-22T17:46:28.728656,100.0,59.67524337768555,400.0
2026-04-22T17:46:30.931813,100.0,59.52348327636719,400.0
2026-04-22T17:46:33.134920,100.0,59.42230987548828,400.0
2026-04-22T17:46:35.338476,100.0,59.32114028930664,400.0
2026-04-22T17:46:37.545873,100.0,59.219966888427734,400.0
2026-04-22T17:46:39.749801,100.0,59.219966888427734,400.0
2026-04-22T17:46:41.952788,100.0,59.11879348754883,400.0
2026-04-22T17:46:44.157427,100.0,59.068206787109375,400.0
2026-04-22T17:46:46.360512,100.0,59.01762008666992,400.0
2026-04-22T17:46:48.564384,100.0,58.91645050048828,400.0
2026-04-22T17:46:50.767772,100.0,58.86586380004883,400.0
2026-04-22T17:46:52.971834,100.0,58.86586380004883,400.0
2026-04-22T17:46:55.175087,100.0,58.663516998291016,400.0
2026-04-22T17:46:57.381007,100.0,58.71410369873047,400.0
2026-04-22T17:46:59.584112,100.0,58.663516998291016,400.0
2026-04-22T17:47:01.787804,100.0,58.410587310791016,400.0
2026-04-22T17:47:03.990949,100.0,58.46117401123047,400.0
2026-04-22T17:47:06.199720,100.0,58.61293029785156,400.0
2026-04-22T17:47:08.408217,100.0,58.46117401123047,400.0
2026-04-22T17:47:10.610483,100.0,58.410587310791016,400.0
2026-04-22T17:47:12.813981,100.0,58.30941390991211,400.0
2026-04-22T17:47:15.015942,100.0,58.30941390991211,400.0
2026-04-22T17:47:17.219663,100.0,58.410587310791016,400.0
2026-04-22T17:47:19.423321,100.0,58.157657623291016,400.0
2026-04-22T17:47:21.624928,100.0,58.157657623291016,400.0
2026-04-22T17:47:23.829516,100.0,58.157657623291016,400.0
2026-04-22T17:47:26.037326,100.0,58.005897521972656,400.0
2026-04-22T17:47:28.239555,100.0,58.005897521972656,400.0
2026-04-22T17:47:30.444514,100.0,58.05648422241211,400.0
2026-04-22T17:47:32.648027,100.0,58.005897521972656,400.0
2026-04-22T17:47:34.855652,100.0,57.803550720214844,400.0
2026-04-22T17:47:37.060726,100.0,57.8541374206543,400.0
2026-04-22T17:47:39.273200,100.0,57.803550720214844,400.0
2026-04-22T17:47:41.474998,100.0,57.752967834472656,400.0
2026-04-22T17:47:43.678057,100.0,57.7023811340332,400.0
2026-04-22T17:47:45.881082,100.0,57.550621032714844,400.0
2026-04-22T17:47:48.086878,100.0,57.50003433227539,400.0
2026-04-22T17:47:50.291182,100.0,57.50003433227539,400.0
2026-04-22T17:47:52.493801,100.0,57.44944763183594,400.0
2026-04-22T17:47:54.701271,100.0,57.398860931396484,400.0
2026-04-22T17:47:56.905006,100.0,57.3482780456543,400.0
2026-04-22T17:47:59.107683,100.0,57.24710464477539,400.0
2026-04-22T17:48:01.315933,100.0,57.19651794433594,400.0
2026-04-22T17:48:03.519292,100.0,57.24710464477539,400.0
2026-04-22T17:48:05.723201,100.0,57.19651794433594,400.0
2026-04-22T17:48:07.926524,100.0,57.24710464477539,400.0
2026-04-22T17:48:10.128634,100.0,57.145931243896484,400.0
2026-04-22T17:48:12.331969,100.0,57.09534454345703,400.0
2026-04-22T17:48:14.545429,100.0,57.09534454345703,400.0
2026-04-22T17:48:16.747783,100.0,57.145931243896484,400.0
2026-04-22T17:48:18.953063,100.0,57.04475784301758,400.0
2026-04-22T17:48:21.159506,100.0,57.04475784301758,400.0
2026-04-22T17:48:23.363234,100.0,57.04475784301758,400.0
2026-04-22T17:48:25.568510,100.0,57.09534454345703,400.0
2026-04-22T17:48:27.771767,100.0,57.09534454345703,400.0
2026-04-22T17:48:29.975342,100.0,57.04475784301758,400.0
2026-04-22T17:48:32.177131,100.0,56.94358825683594,400.0
2026-04-22T17:48:34.381600,100.0,56.994171142578125,400.0
2026-04-22T17:48:36.585491,100.0,56.994171142578125,400.0
2026-04-22T17:48:38.791159,100.0,56.994171142578125,400.0
2026-04-22T17:48:41.003462,100.0,56.893001556396484,400.0
2026-04-22T17:48:43.206546,100.0,57.04475784301758,400.0
2026-04-22T17:48:45.410518,100.0,56.893001556396484,400.0
2026-04-22T17:48:47.612668,100.0,56.94358825683594,400.0
2026-04-22T17:48:49.817094,100.0,56.84241485595703,400.0
2026-04-22T17:48:52.019943,100.0,56.84241485595703,400.0
2026-04-22T17:48:54.224534,100.0,56.79182815551758,400.0
2026-04-22T17:48:56.427508,100.0,56.69065475463867,400.0
2026-04-22T17:48:58.630896,100.0,56.79182815551758,400.0
2026-04-22T17:49:00.836449,100.0,56.69065475463867,400.0
2026-04-22T17:49:03.040153,100.0,56.741241455078125,400.0
2026-04-22T17:49:05.244190,100.0,56.64006805419922,400.0
2026-04-22T17:49:07.449716,100.0,56.64006805419922,400.0
2026-04-22T17:49:09.653365,100.0,56.69065475463867,400.0
2026-04-22T17:49:11.856445,100.0,56.741241455078125,400.0
2026-04-22T17:49:14.060478,100.0,56.53889846801758,400.0
2026-04-22T17:49:16.268269,100.0,56.79182815551758,400.0
2026-04-22T17:49:18.471265,100.0,56.84241485595703,400.0
2026-04-22T17:49:20.675796,100.0,56.94358825683594,400.0
2026-04-22T17:49:22.880401,100.0,56.994171142578125,400.0
2026-04-22T17:49:25.090261,100.0,57.04475784301758,400.0
2026-04-22T17:49:27.294176,100.0,57.19651794433594,400.0
2026-04-22T17:49:29.497708,100.0,57.297691345214844,400.0
2026-04-22T17:49:31.703595,100.0,57.3482780456543,400.0
2026-04-22T17:49:33.908383,100.0,57.44944763183594,400.0
2026-04-22T17:49:36.115451,100.0,57.550621032714844,400.0
2026-04-22T17:49:38.323254,100.0,57.7023811340332,400.0
2026-04-22T17:49:40.525743,100.0,57.752967834472656,400.0
2026-04-22T17:49:42.728371,100.0,57.803550720214844,400.0
2026-04-22T17:49:44.936062,100.0,57.90472412109375,400.0
2026-04-22T17:49:47.141418,100.0,58.05648422241211,400.0
2026-04-22T17:49:49.344520,100.0,58.005897521972656,400.0
2026-04-22T17:49:51.548096,100.0,58.157657623291016,400.0
2026-04-22T17:49:53.751443,100.0,58.10707092285156,400.0
2026-04-22T17:49:55.955243,100.0,58.2082405090332,400.0
2026-04-22T17:49:58.160696,100.0,58.30941390991211,400.0
2026-04-22T17:50:00.365502,100.0,58.2082405090332,400.0
2026-04-22T17:50:02.568749,100.0,58.46117401123047,400.0
2026-04-22T17:50:04.773951,100.0,58.46117401123047,400.0
2026-04-22T17:50:06.978343,100.0,58.51176071166992,400.0
2026-04-22T17:50:09.181503,100.0,58.56234359741211,400.0
2026-04-22T17:50:11.385608,100.0,58.56234359741211,400.0
2026-04-22T17:50:13.588520,100.0,58.76469039916992,400.0
2026-04-22T17:50:15.790809,100.0,58.56234359741211,400.0
2026-04-22T17:50:17.994867,100.0,58.71410369873047,400.0
2026-04-22T17:50:20.199882,100.0,58.663516998291016,400.0
2026-04-22T17:50:22.402042,100.0,58.86586380004883,400.0
2026-04-22T17:50:24.613411,100.0,58.86586380004883,400.0
2026-04-22T17:50:26.817264,100.0,58.96703338623047,400.0
2026-04-22T17:50:29.020706,100.0,58.96703338623047,400.0
2026-04-22T17:50:31.225746,100.0,59.068206787109375,400.0
2026-04-22T17:50:33.435442,100.0,59.068206787109375,400.0
2026-04-22T17:50:35.638717,100.0,59.01762008666992,400.0
2026-04-22T17:50:37.840539,100.0,59.16938018798828,400.0
2026-04-22T17:50:40.047371,100.0,59.068206787109375,400.0
2026-04-22T17:50:42.252086,100.0,59.11879348754883,400.0
2026-04-22T17:50:44.457034,100.0,59.11879348754883,400.0
2026-04-22T17:50:46.660282,100.0,59.32114028930664,400.0
2026-04-22T17:50:48.865845,100.0,59.16938018798828,400.0
2026-04-22T17:50:51.068200,100.0,59.37172317504883,400.0
2026-04-22T17:50:53.271212,100.0,59.32114028930664,400.0
2026-04-22T17:50:55.474633,100.0,59.32114028930664,400.0
2026-04-22T17:50:57.679282,100.0,59.32114028930664,400.0
2026-04-22T17:50:59.883914,100.0,59.472896575927734,400.0
2026-04-22T17:51:02.086895,100.0,59.52348327636719,400.0
2026-04-22T17:51:04.290675,100.0,59.52348327636719,400.0
2026-04-22T17:51:06.494509,100.0,59.52348327636719,400.0
2026-04-22T17:51:08.699076,100.0,59.624656677246094,400.0
2026-04-22T17:51:10.903426,100.0,59.725830078125,400.0
2026-04-22T17:51:13.105375,100.0,59.77641296386719,400.0
2026-04-22T17:51:15.310531,100.0,59.67524337768555,400.0
2026-04-22T17:51:17.512729,100.0,59.67524337768555,400.0
2026-04-22T17:51:19.716897,100.0,59.77641296386719,400.0
2026-04-22T17:51:21.920096,100.0,59.77641296386719,400.0
2026-04-22T17:51:24.124729,100.0,59.82699966430664,400.0
2026-04-22T17:51:26.328734,100.0,59.877586364746094,400.0
2026-04-22T17:51:28.535055,100.0,59.877586364746094,400.0
2026-04-22T17:51:30.739923,100.0,59.82699966430664,400.0
2026-04-22T17:51:32.943982,100.0,59.67524337768555,400.0
2026-04-22T17:51:35.147940,100.0,59.624656677246094,400.0
2026-04-22T17:51:37.350751,100.0,59.624656677246094,400.0
2026-04-22T17:51:39.555438,100.0,59.472896575927734,400.0
2026-04-22T17:51:41.758477,100.0,59.52348327636719,400.0
2026-04-22T17:51:43.963084,100.0,59.27055358886719,400.0
2026-04-22T17:51:46.165514,100.0,59.27055358886719,400.0
2026-04-22T17:51:48.369164,100.0,59.16938018798828,400.0
2026-04-22T17:51:50.570892,100.0,59.01762008666992,400.0
2026-04-22T17:51:52.773812,100.0,58.96703338623047,400.0
2026-04-22T17:51:54.980162,100.0,58.96703338623047,400.0
2026-04-22T17:51:57.183662,100.0,58.71410369873047,400.0
2026-04-22T17:51:59.387491,100.0,58.815277099609375,400.0
2026-04-22T17:52:01.590361,100.0,58.76469039916992,400.0
2026-04-22T17:52:03.792549,100.0,58.61293029785156,400.0
2026-04-22T17:52:05.994710,100.0,58.663516998291016,400.0
2026-04-22T17:52:08.198542,100.0,58.61293029785156,400.0
2026-04-22T17:52:10.404026,100.0,58.46117401123047,400.0
2026-04-22T17:52:12.608704,100.0,58.36000061035156,400.0
2026-04-22T17:52:14.811518,100.0,58.157657623291016,400.0
2026-04-22T17:52:17.015204,100.0,58.30941390991211,400.0
2026-04-22T17:52:19.216930,100.0,58.005897521972656,400.0
2026-04-22T17:52:21.419820,100.0,58.157657623291016,400.0
2026-04-22T17:52:23.623448,100.0,58.10707092285156,400.0
2026-04-22T17:52:25.825467,100.0,58.005897521972656,400.0
2026-04-22T17:52:28.029551,100.0,57.8541374206543,400.0
2026-04-22T17:52:30.232213,100.0,57.803550720214844,400.0
2026-04-22T17:52:32.436362,100.0,57.803550720214844,400.0
2026-04-22T17:52:34.641401,100.0,57.752967834472656,400.0
2026-04-22T17:52:36.844395,100.0,57.65179443359375,400.0
2026-04-22T17:52:39.049997,100.0,57.550621032714844,400.0
2026-04-22T17:52:41.253003,100.0,57.6012077331543,400.0
2026-04-22T17:52:43.456902,100.0,57.65179443359375,400.0
2026-04-22T17:52:45.662949,100.0,57.6012077331543,400.0
2026-04-22T17:52:47.865292,100.0,57.44944763183594,400.0
2026-04-22T17:52:50.068335,100.0,57.44944763183594,400.0
2026-04-22T17:52:52.272545,100.0,57.398860931396484,400.0
2026-04-22T17:52:54.475906,100.0,57.3482780456543,400.0
2026-04-22T17:52:56.693871,100.0,57.24710464477539,400.0
2026-04-22T17:52:58.895875,100.0,57.297691345214844,400.0
2026-04-22T17:53:01.101545,100.0,57.3482780456543,400.0
2026-04-22T17:53:03.303901,100.0,57.3482780456543,400.0
2026-04-22T17:53:05.507676,100.0,57.09534454345703,400.0
2026-04-22T17:53:07.710520,100.0,57.19651794433594,400.0
2026-04-22T17:53:09.913796,100.0,57.09534454345703,400.0
2026-04-22T17:53:12.122547,100.0,57.145931243896484,400.0
2026-04-22T17:53:14.327813,100.0,57.04475784301758,400.0
2026-04-22T17:53:16.531008,100.0,56.94358825683594,400.0
2026-04-22T17:53:18.735701,100.0,56.994171142578125,400.0
2026-04-22T17:53:20.939429,100.0,56.94358825683594,400.0
2026-04-22T17:53:23.142430,100.0,56.84241485595703,400.0
2026-04-22T17:53:25.346687,100.0,56.893001556396484,400.0
2026-04-22T17:53:27.554752,100.0,56.84241485595703,400.0
2026-04-22T17:53:29.759214,100.0,56.893001556396484,400.0
2026-04-22T17:53:31.963483,100.0,56.994171142578125,400.0
2026-04-22T17:53:34.167086,100.0,57.09534454345703,400.0
2026-04-22T17:53:36.371191,100.0,57.04475784301758,400.0
2026-04-22T17:53:38.574331,100.0,57.19651794433594,400.0
2026-04-22T17:53:40.777377,100.0,57.297691345214844,400.0
2026-04-22T17:53:42.981808,100.0,57.3482780456543,400.0
2026-04-22T17:53:45.185460,100.0,57.44944763183594,400.0
2026-04-22T17:53:47.388587,100.0,57.44944763183594,400.0
2026-04-22T17:53:49.594349,100.0,57.50003433227539,400.0
2026-04-22T17:53:51.798205,100.0,57.6012077331543,400.0
2026-04-22T17:53:54.000285,100.0,57.65179443359375,400.0
2026-04-22T17:53:56.204137,100.0,57.803550720214844,400.0
2026-04-22T17:53:58.406308,100.0,57.8541374206543,400.0
2026-04-22T17:54:00.609765,100.0,58.05648422241211,400.0
2026-04-22T17:54:02.814723,100.0,57.90472412109375,400.0
2026-04-22T17:54:05.020309,100.0,58.10707092285156,400.0
2026-04-22T17:54:07.223739,100.0,58.10707092285156,400.0
2026-04-22T17:54:09.428714,100.0,58.10707092285156,400.0
2026-04-22T17:54:11.633192,100.0,58.2082405090332,400.0
2026-04-22T17:54:13.835512,100.0,58.258827209472656,400.0
2026-04-22T17:54:16.040065,100.0,58.30941390991211,400.0
2026-04-22T17:54:18.244150,100.0,58.36000061035156,400.0
2026-04-22T17:54:20.452008,100.0,58.56234359741211,400.0
2026-04-22T17:54:22.655147,100.0,58.46117401123047,400.0
2026-04-22T17:54:24.860029,100.0,58.51176071166992,400.0
2026-04-22T17:54:27.064233,100.0,58.663516998291016,400.0
2026-04-22T17:54:29.267631,100.0,58.61293029785156,400.0
2026-04-22T17:54:31.473008,100.0,58.56234359741211,400.0
2026-04-22T17:54:33.675681,100.0,58.815277099609375,400.0
2026-04-22T17:54:35.879933,100.0,58.71410369873047,400.0
2026-04-22T17:54:38.081977,100.0,58.815277099609375,400.0
2026-04-22T17:54:40.284084,100.0,58.96703338623047,400.0
2026-04-22T17:54:42.491012,100.0,59.01762008666992,400.0
2026-04-22T17:54:44.699506,100.0,58.76469039916992,400.0
2026-04-22T17:54:46.902497,100.0,58.86586380004883,400.0
2026-04-22T17:54:49.108484,100.0,58.96703338623047,400.0
2026-04-22T17:54:51.311995,100.0,58.91645050048828,400.0
2026-04-22T17:54:53.513790,100.0,59.01762008666992,400.0
2026-04-22T17:54:55.716287,100.0,59.068206787109375,400.0
2026-04-22T17:54:57.919375,100.0,59.16938018798828,400.0
2026-04-22T17:55:00.121846,100.0,59.11879348754883,400.0
2026-04-22T17:55:02.329214,100.0,59.16938018798828,400.0
2026-04-22T17:55:04.534385,100.0,59.11879348754883,400.0
2026-04-22T17:55:06.743878,100.0,59.16938018798828,400.0
2026-04-22T17:55:08.948661,100.0,59.219966888427734,400.0
2026-04-22T17:55:11.152625,100.0,59.27055358886719,400.0
2026-04-22T17:55:13.355662,100.0,59.37172317504883,400.0
2026-04-22T17:55:15.560829,100.0,59.32114028930664,400.0
2026-04-22T17:55:17.767319,100.0,59.52348327636719,400.0
2026-04-22T17:55:19.973879,100.0,59.42230987548828,400.0
2026-04-22T17:55:22.177097,100.0,59.52348327636719,400.0
2026-04-22T17:55:24.379641,100.0,59.57406997680664,400.0
2026-04-22T17:55:26.583381,100.0,59.52348327636719,400.0
2026-04-22T17:55:28.785430,100.0,59.57406997680664,400.0
2026-04-22T17:55:30.989526,100.0,59.472896575927734,400.0
2026-04-22T17:55:33.193709,100.0,59.624656677246094,400.0
2026-04-22T17:55:35.396854,100.0,59.624656677246094,400.0
2026-04-22T17:55:37.600352,100.0,59.725830078125,400.0
2026-04-22T17:55:39.806129,100.0,59.725830078125,400.0
2026-04-22T17:55:42.008339,100.0,59.82699966430664,400.0
2026-04-22T17:55:44.212380,100.0,59.92817306518555,400.0
2026-04-22T17:55:46.415065,100.0,59.978759765625,400.0
2026-04-22T17:55:48.617773,100.0,59.82699966430664,400.0
2026-04-22T17:55:50.826049,100.0,59.725830078125,400.0
2026-04-22T17:55:53.029506,100.0,59.725830078125,400.0
2026-04-22T17:55:55.232476,100.0,59.624656677246094,400.0
2026-04-22T17:55:57.436585,100.0,59.57406997680664,400.0
2026-04-22T17:55:59.639863,100.0,59.52348327636719,400.0
2026-04-22T17:56:01.842787,100.0,59.32114028930664,400.0
2026-04-22T17:56:04.046758,100.0,59.219966888427734,400.0
2026-04-22T17:56:06.251929,100.0,59.11879348754883,400.0
2026-04-22T17:56:08.456064,100.0,58.96703338623047,400.0
2026-04-22T17:56:10.658177,100.0,58.96703338623047,400.0
2026-04-22T17:56:12.860663,100.0,58.96703338623047,400.0
2026-04-22T17:56:15.066154,100.0,58.91645050048828,400.0
2026-04-22T17:56:17.269848,100.0,58.76469039916992,400.0
2026-04-22T17:56:19.474114,100.0,58.86586380004883,400.0
2026-04-22T17:56:21.677375,100.0,58.86586380004883,400.0
2026-04-22T17:56:23.879435,100.0,58.815277099609375,400.0
2026-04-22T17:56:26.081429,100.0,58.71410369873047,400.0
2026-04-22T17:56:28.284435,100.0,58.76469039916992,400.0
2026-04-22T17:56:30.488686,100.0,58.663516998291016,400.0
2026-04-22T17:56:32.691045,100.0,58.61293029785156,400.0
2026-04-22T17:56:34.893808,100.0,58.36000061035156,400.0
2026-04-22T17:56:37.100697,100.0,58.46117401123047,400.0
2026-04-22T17:56:39.304062,100.0,58.36000061035156,400.0
2026-04-22T17:56:41.508611,100.0,58.410587310791016,400.0
2026-04-22T17:56:43.714748,100.0,58.157657623291016,400.0
2026-04-22T17:56:45.919359,100.0,58.2082405090332,400.0
2026-04-22T17:56:48.122644,100.0,58.258827209472656,400.0
2026-04-22T17:56:50.326531,100.0,58.10707092285156,400.0
2026-04-22T17:56:52.529713,100.0,57.9553108215332,400.0
2026-04-22T17:56:54.731618,100.0,58.005897521972656,400.0
2026-04-22T17:56:56.934761,100.0,57.90472412109375,400.0
2026-04-22T17:56:59.138157,100.0,57.803550720214844,400.0
2026-04-22T17:57:01.342392,100.0,57.803550720214844,400.0
2026-04-22T17:57:03.546164,100.0,57.6012077331543,400.0
2026-04-22T17:57:05.748130,100.0,57.65179443359375,400.0
2026-04-22T17:57:07.950915,100.0,57.550621032714844,400.0
2026-04-22T17:57:10.152891,100.0,57.6012077331543,400.0
2026-04-22T17:57:12.355666,100.0,57.550621032714844,400.0
2026-04-22T17:57:14.557770,100.0,57.6012077331543,400.0
2026-04-22T17:57:16.763301,100.0,57.44944763183594,400.0
2026-04-22T17:57:18.967117,100.0,57.44944763183594,400.0
2026-04-22T17:57:21.169145,100.0,57.44944763183594,400.0
2026-04-22T17:57:23.372412,100.0,57.24710464477539,400.0
2026-04-22T17:57:25.575933,100.0,57.24710464477539,400.0
2026-04-22T17:57:27.779282,100.0,57.24710464477539,400.0
2026-04-22T17:57:29.982604,100.0,57.398860931396484,400.0
2026-04-22T17:57:32.187142,100.0,57.3482780456543,400.0
2026-04-22T17:57:34.392054,100.0,57.297691345214844,400.0
2026-04-22T17:57:36.596425,100.0,57.44944763183594,400.0
2026-04-22T17:57:38.799828,100.0,57.550621032714844,400.0
2026-04-22T17:57:41.005777,100.0,57.50003433227539,400.0
2026-04-22T17:57:43.209165,100.0,57.65179443359375,400.0
2026-04-22T17:57:45.412203,100.0,57.803550720214844,400.0
2026-04-22T17:57:47.614871,100.0,57.803550720214844,400.0
2026-04-22T17:57:49.819638,100.0,57.803550720214844,400.0
2026-04-22T17:57:52.021895,100.0,57.9553108215332,400.0
2026-04-22T17:57:54.226425,100.0,58.005897521972656,400.0
2026-04-22T17:57:56.429656,100.0,58.05648422241211,400.0
2026-04-22T17:57:58.635569,100.0,58.2082405090332,400.0
2026-04-22T17:58:00.839549,100.0,58.10707092285156,400.0
2026-04-22T17:58:03.042259,100.0,58.30941390991211,400.0
2026-04-22T17:58:05.249029,100.0,58.30941390991211,400.0
2026-04-22T17:58:07.451152,100.0,58.36000061035156,400.0
2026-04-22T17:58:09.657872,100.0,58.51176071166992,400.0
2026-04-22T17:58:11.860452,100.0,58.51176071166992,400.0
2026-04-22T17:58:14.063644,100.0,58.56234359741211,400.0
2026-04-22T17:58:16.266810,100.0,58.61293029785156,400.0
2026-04-22T17:58:18.471202,100.0,58.76469039916992,400.0
2026-04-22T17:58:20.673703,100.0,58.71410369873047,400.0
2026-04-22T17:58:22.876688,100.0,58.76469039916992,400.0
2026-04-22T17:58:25.079800,100.0,58.56234359741211,400.0
2026-04-22T17:58:27.282134,100.0,58.61293029785156,400.0
2026-04-22T17:58:29.487927,100.0,58.86586380004883,400.0
2026-04-22T17:58:31.692378,100.0,58.71410369873047,400.0
2026-04-22T17:58:33.895716,100.0,58.815277099609375,400.0
2026-04-22T17:58:36.098501,100.0,58.96703338623047,400.0
2026-04-22T17:58:38.301632,100.0,59.01762008666992,400.0
2026-04-22T17:58:40.509402,100.0,58.91645050048828,400.0
2026-04-22T17:58:42.711691,100.0,59.01762008666992,400.0
2026-04-22T17:58:44.918908,100.0,58.96703338623047,400.0
2026-04-22T17:58:47.122927,100.0,59.068206787109375,400.0
2026-04-22T17:58:49.326862,100.0,59.16938018798828,400.0
2026-04-22T17:58:51.530523,100.0,59.27055358886719,400.0
2026-04-22T17:58:53.733065,100.0,59.37172317504883,400.0
2026-04-22T17:58:55.935459,100.0,59.27055358886719,400.0
2026-04-22T17:58:58.139270,100.0,59.42230987548828,400.0
2026-04-22T17:59:00.341874,100.0,59.42230987548828,400.0
2026-04-22T17:59:02.544141,100.0,59.27055358886719,400.0
2026-04-22T17:59:04.746862,100.0,59.219966888427734,400.0
2026-04-22T17:59:06.950929,100.0,59.11879348754883,400.0
2026-04-22T17:59:09.154414,100.0,58.96703338623047,400.0
2026-04-22T17:59:11.359862,100.0,58.71410369873047,400.0
2026-04-22T17:59:13.562785,100.0,58.815277099609375,400.0
2026-04-22T17:59:15.767388,100.0,58.71410369873047,400.0
2026-04-22T17:59:17.970320,100.0,58.51176071166992,400.0
2026-04-22T17:59:20.172539,100.0,58.663516998291016,400.0
2026-04-22T17:59:22.378062,100.0,58.61293029785156,400.0
2026-04-22T17:59:24.579854,100.0,58.36000061035156,400.0
2026-04-22T17:59:26.782903,100.0,58.30941390991211,400.0
2026-04-22T17:59:28.986582,100.0,58.2082405090332,400.0
2026-04-22T17:59:31.190452,100.0,58.157657623291016,400.0
2026-04-22T17:59:33.394621,100.0,58.10707092285156,400.0
2026-04-22T17:59:35.598023,100.0,58.157657623291016,400.0
2026-04-22T17:59:37.800365,100.0,57.90472412109375,400.0
2026-04-22T17:59:40.003317,100.0,57.9553108215332,400.0
2026-04-22T17:59:42.206756,100.0,57.90472412109375,400.0
2026-04-22T17:59:44.409025,100.0,57.90472412109375,400.0
2026-04-22T17:59:46.615716,100.0,57.803550720214844,400.0
2026-04-22T17:59:48.817691,100.0,57.752967834472656,400.0
2026-04-22T17:59:51.020688,100.0,57.7023811340332,400.0
2026-04-22T17:59:53.225065,100.0,57.6012077331543,400.0
2026-04-22T17:59:55.427175,100.0,57.6012077331543,400.0
2026-04-22T17:59:57.630776,100.0,57.550621032714844,400.0
2026-04-22T17:59:59.834636,100.0,57.44944763183594,400.0
2026-04-22T18:00:02.045762,100.0,57.44944763183594,400.0
2026-04-22T18:00:04.249032,100.0,57.297691345214844,400.0
2026-04-22T18:00:06.453009,100.0,57.297691345214844,400.0
2026-04-22T18:00:08.656412,100.0,57.19651794433594,400.0
2026-04-22T18:00:10.860341,100.0,57.145931243896484,400.0
2026-04-22T18:00:13.065291,100.0,57.04475784301758,400.0
2026-04-22T18:00:15.270240,100.0,57.04475784301758,400.0
2026-04-22T18:00:17.473384,100.0,56.94358825683594,400.0
2026-04-22T18:00:19.677337,100.0,56.893001556396484,400.0
2026-04-22T18:00:21.880806,100.0,56.84241485595703,400.0
2026-04-22T18:00:24.083173,100.0,56.79182815551758,400.0
2026-04-22T18:00:26.285738,100.0,56.69065475463867,400.0
2026-04-22T18:00:28.488649,100.0,56.64006805419922,400.0
2026-04-22T18:00:30.692835,100.0,56.589481353759766,400.0
2026-04-22T18:00:32.896448,100.0,56.589481353759766,400.0
2026-04-22T18:00:35.099066,100.0,56.53889846801758,400.0
2026-04-22T18:00:37.301242,100.0,56.589481353759766,400.0
2026-04-22T18:00:39.505125,100.0,56.43772506713867,400.0
2026-04-22T18:00:41.708908,100.0,56.53889846801758,400.0
2026-04-22T18:00:43.920129,100.0,56.589481353759766,400.0
2026-04-22T18:00:46.125874,100.0,56.53889846801758,400.0
2026-04-22T18:00:48.328408,100.0,56.69065475463867,400.0
2026-04-22T18:00:50.532607,100.0,56.741241455078125,400.0
2026-04-22T18:00:52.736542,100.0,56.79182815551758,400.0
2026-04-22T18:00:54.942745,100.0,56.741241455078125,400.0
2026-04-22T18:00:57.147594,100.0,56.94358825683594,400.0
2026-04-22T18:00:59.351321,100.0,56.94358825683594,400.0
2026-04-22T18:01:01.555910,100.0,57.145931243896484,400.0
2026-04-22T18:01:03.759111,100.0,57.19651794433594,400.0
2026-04-22T18:01:05.962333,100.0,57.297691345214844,400.0
2026-04-22T18:01:08.170328,100.0,57.398860931396484,400.0
2026-04-22T18:01:10.373006,100.0,57.44944763183594,400.0
2026-04-22T18:01:12.577420,100.0,57.398860931396484,400.0
2026-04-22T18:01:14.780665,100.0,57.6012077331543,400.0
2026-04-22T18:01:16.985546,100.0,57.65179443359375,400.0
2026-04-22T18:01:19.188125,100.0,57.7023811340332,400.0
2026-04-22T18:01:21.390848,100.0,57.752967834472656,400.0
2026-04-22T18:01:23.600666,100.0,57.90472412109375,400.0
2026-04-22T18:01:25.803999,100.0,57.9553108215332,400.0
2026-04-22T18:01:28.009623,100.0,58.05648422241211,400.0
2026-04-22T18:01:30.211741,100.0,58.05648422241211,400.0
2026-04-22T18:01:32.414012,100.0,58.30941390991211,400.0
2026-04-22T18:01:34.618644,100.0,58.258827209472656,400.0
2026-04-22T18:01:36.821555,100.0,58.157657623291016,400.0
2026-04-22T18:01:39.034090,100.0,58.2082405090332,400.0
2026-04-22T18:01:41.237354,100.0,58.46117401123047,400.0
2026-04-22T18:01:43.446420,100.0,58.36000061035156,400.0
2026-04-22T18:01:45.650837,100.0,58.61293029785156,400.0
2026-04-22T18:01:47.855243,100.0,58.663516998291016,400.0
2026-04-22T18:01:50.061330,100.0,58.815277099609375,400.0
2026-04-22T18:01:52.264693,100.0,58.86586380004883,400.0
2026-04-22T18:01:54.478629,100.0,58.71410369873047,400.0
2026-04-22T18:01:56.682377,100.0,58.815277099609375,400.0
2026-04-22T18:01:58.885908,100.0,58.86586380004883,400.0
2026-04-22T18:02:01.089158,100.0,58.91645050048828,400.0
2026-04-22T18:02:03.292710,100.0,59.068206787109375,400.0
2026-04-22T18:02:05.495546,100.0,59.11879348754883,400.0
2026-04-22T18:02:07.700593,100.0,59.068206787109375,400.0
2026-04-22T18:02:09.904103,100.0,59.11879348754883,400.0
2026-04-22T18:02:12.106684,100.0,59.11879348754883,400.0
2026-04-22T18:02:14.310125,100.0,59.16938018798828,400.0
2026-04-22T18:02:16.512292,100.0,59.219966888427734,400.0
2026-04-22T18:02:18.715266,100.0,59.37172317504883,400.0
2026-04-22T18:02:20.919349,100.0,59.32114028930664,400.0
2026-04-22T18:02:23.123745,100.0,59.32114028930664,400.0
2026-04-22T18:02:25.331088,100.0,59.32114028930664,400.0
2026-04-22T18:02:27.533737,100.0,59.472896575927734,400.0
2026-04-22T18:02:29.746634,100.0,59.42230987548828,400.0
2026-04-22T18:02:31.949897,100.0,59.624656677246094,400.0
2026-04-22T18:02:34.151918,100.0,59.624656677246094,400.0
2026-04-22T18:02:36.355022,100.0,59.67524337768555,400.0
2026-04-22T18:02:38.560113,100.0,59.725830078125,400.0
2026-04-22T18:02:40.762284,100.0,59.725830078125,400.0
2026-04-22T18:02:42.965817,100.0,59.77641296386719,400.0
2026-04-22T18:02:45.169962,100.0,59.92817306518555,400.0
2026-04-22T18:02:47.375891,100.0,59.978759765625,400.0
2026-04-22T18:02:49.579588,100.0,59.978759765625,400.0
2026-04-22T18:02:51.782789,100.0,60.02934646606445,400.0
2026-04-22T18:02:53.986228,,60.13051986694336,400.0
2026-04-22T18:02:56.188430,100.0,60.231689453125,400.0
2026-04-22T18:02:58.393444,100.0,60.18110275268555,400.0
2026-04-22T18:03:00.596806,100.0,60.18110275268555,400.0
2026-04-22T18:03:02.801509,100.0,60.28227615356445,400.0
2026-04-22T18:03:05.004757,100.0,60.231689453125,400.0
2026-04-22T18:03:07.208442,100.0,60.231689453125,400.0
2026-04-22T18:03:09.412995,100.0,60.332862854003906,400.0
2026-04-22T18:03:11.618494,100.0,60.43403625488281,400.0
2026-04-22T18:03:13.822819,100.0,60.332862854003906,400.0
2026-04-22T18:03:16.026122,100.0,60.38344955444336,400.0
2026-04-22T18:03:18.228150,100.0,60.28227615356445,400.0
2026-04-22T18:03:20.432699,100.0,60.079933166503906,400.0
2026-04-22T18:03:22.638031,100.0,60.02934646606445,400.0
2026-04-22T18:03:24.842537,100.0,60.02934646606445,400.0
2026-04-22T18:03:27.045844,100.0,59.82699966430664,400.0
2026-04-22T18:03:29.249533,100.0,59.82699966430664,400.0
2026-04-22T18:03:31.452850,100.0,59.725830078125,400.0
2026-04-22T18:03:33.664471,100.0,59.67524337768555,400.0
2026-04-22T18:03:35.866562,100.0,59.57406997680664,400.0
2026-04-22T18:03:38.070015,100.0,59.52348327636719,400.0
2026-04-22T18:03:40.273952,100.0,59.42230987548828,400.0
2026-04-22T18:03:42.476113,100.0,59.42230987548828,400.0
2026-04-22T18:03:44.683858,100.0,59.472896575927734,400.0
2026-04-22T18:03:46.887555,100.0,59.32114028930664,400.0
2026-04-22T18:03:49.091265,100.0,59.219966888427734,400.0
2026-04-22T18:03:51.294527,100.0,59.01762008666992,400.0
2026-04-22T18:03:53.502534,100.0,59.068206787109375,400.0
2026-04-22T18:03:55.705770,100.0,59.01762008666992,400.0
2026-04-22T18:03:57.908077,100.0,58.96703338623047,400.0
2026-04-22T18:04:00.112913,100.0,58.815277099609375,400.0
2026-04-22T18:04:02.318299,100.0,58.815277099609375,400.0
2026-04-22T18:04:04.522044,100.0,58.71410369873047,400.0
2026-04-22T18:04:06.727117,100.0,58.815277099609375,400.0
2026-04-22T18:04:08.930052,100.0,58.663516998291016,400.0
2026-04-22T18:04:11.133613,100.0,58.56234359741211,400.0
2026-04-22T18:04:13.339357,100.0,58.663516998291016,400.0
2026-04-22T18:04:15.542390,100.0,58.410587310791016,400.0
2026-04-22T18:04:17.746337,100.0,58.51176071166992,400.0
2026-04-22T18:04:19.948138,100.0,58.36000061035156,400.0
2026-04-22T18:04:22.152172,100.0,58.410587310791016,400.0
2026-04-22T18:04:24.356083,100.0,58.30941390991211,400.0
2026-04-22T18:04:26.559289,100.0,58.258827209472656,400.0
2026-04-22T18:04:28.762937,100.0,58.258827209472656,400.0
2026-04-22T18:04:30.967808,100.0,58.2082405090332,400.0
2026-04-22T18:04:33.170084,100.0,58.10707092285156,400.0
2026-04-22T18:04:35.371965,100.0,57.9553108215332,400.0
2026-04-22T18:04:37.575197,100.0,58.005897521972656,400.0
2026-04-22T18:04:39.789720,100.0,57.90472412109375,400.0
2026-04-22T18:04:41.993129,100.0,57.9553108215332,400.0
2026-04-22T18:04:44.196285,100.0,57.8541374206543,400.0
2026-04-22T18:04:46.399132,100.0,57.8541374206543,400.0
2026-04-22T18:04:48.601014,100.0,57.9553108215332,400.0
2026-04-22T18:04:50.803917,100.0,58.005897521972656,400.0
2026-04-22T18:04:53.006854,100.0,58.10707092285156,400.0
2026-04-22T18:04:55.209954,100.0,58.2082405090332,400.0
2026-04-22T18:04:57.413730,100.0,58.36000061035156,400.0
2026-04-22T18:04:59.618837,100.0,58.258827209472656,400.0
2026-04-22T18:05:01.824944,100.0,58.410587310791016,400.0
2026-04-22T18:05:04.028341,100.0,58.36000061035156,400.0
2026-04-22T18:05:06.230622,100.0,58.51176071166992,400.0
2026-04-22T18:05:08.434694,100.0,58.71410369873047,400.0
2026-04-22T18:05:10.638934,100.0,58.71410369873047,400.0
2026-04-22T18:05:12.841892,100.0,58.663516998291016,400.0
2026-04-22T18:05:15.045180,100.0,58.663516998291016,400.0
2026-04-22T18:05:17.250709,100.0,58.815277099609375,400.0
2026-04-22T18:05:19.453978,100.0,58.76469039916992,400.0
2026-04-22T18:05:21.656295,100.0,58.86586380004883,400.0
2026-04-22T18:05:23.859510,100.0,59.11879348754883,400.0
2026-04-22T18:05:26.063416,100.0,58.96703338623047,400.0
2026-04-22T18:05:28.267332,100.0,58.86586380004883,400.0
2026-04-22T18:05:30.471004,100.0,58.91645050048828,400.0
2026-04-22T18:05:32.674945,100.0,58.91645050048828,400.0
2026-04-22T18:05:34.877778,100.0,59.16938018798828,400.0
2026-04-22T18:05:37.080569,100.0,59.11879348754883,400.0
2026-04-22T18:05:39.289649,100.0,59.11879348754883,400.0
2026-04-22T18:05:41.495457,100.0,59.219966888427734,400.0
2026-04-22T18:05:43.699610,100.0,59.068206787109375,400.0
2026-04-22T18:05:45.903200,100.0,59.068206787109375,400.0
2026-04-22T18:05:48.108259,100.0,59.068206787109375,400.0
2026-04-22T18:05:50.311517,100.0,58.86586380004883,400.0
2026-04-22T18:05:52.515621,100.0,58.91645050048828,400.0
2026-04-22T18:05:54.719072,100.0,58.76469039916992,400.0
2026-04-22T18:05:56.922281,100.0,58.51176071166992,400.0
2026-04-22T18:05:59.125244,100.0,58.61293029785156,400.0
2026-04-22T18:06:01.329407,100.0,58.51176071166992,400.0
2026-04-22T18:06:03.531976,100.0,58.410587310791016,400.0
2026-04-22T18:06:05.734459,100.0,58.56234359741211,400.0
2026-04-22T18:06:07.938717,100.0,58.46117401123047,400.0
2026-04-22T18:06:10.141820,100.0,58.61293029785156,400.0
2026-04-22T18:06:12.348381,100.0,58.410587310791016,400.0
2026-04-22T18:06:14.551976,100.0,58.36000061035156,400.0
2026-04-22T18:06:16.756114,100.0,58.36000061035156,400.0
2026-04-22T18:06:18.959339,100.0,58.36000061035156,400.0
2026-04-22T18:06:21.162879,100.0,58.258827209472656,400.0
2026-04-22T18:06:23.366964,100.0,58.157657623291016,400.0
2026-04-22T18:06:25.569678,100.0,58.10707092285156,400.0
2026-04-22T18:06:27.775326,100.0,58.157657623291016,400.0
2026-04-22T18:06:29.977730,100.0,58.10707092285156,400.0
2026-04-22T18:06:32.182893,100.0,58.005897521972656,400.0
2026-04-22T18:06:34.387908,100.0,57.90472412109375,400.0
2026-04-22T18:06:36.591360,100.0,57.9553108215332,400.0
2026-04-22T18:06:38.795225,100.0,57.8541374206543,400.0
2026-04-22T18:06:40.999037,100.0,57.803550720214844,400.0
2026-04-22T18:06:43.202207,100.0,57.803550720214844,400.0
2026-04-22T18:06:45.404308,100.0,57.65179443359375,400.0
2026-04-22T18:06:47.607808,100.0,57.550621032714844,400.0
2026-04-22T18:06:49.810818,100.0,57.44944763183594,400.0
2026-04-22T18:06:52.012823,100.0,57.50003433227539,400.0
2026-04-22T18:06:54.215962,100.0,57.50003433227539,400.0
2026-04-22T18:06:56.421348,100.0,57.50003433227539,400.0
2026-04-22T18:06:58.626442,100.0,57.398860931396484,400.0
2026-04-22T18:07:00.829979,100.0,57.3482780456543,400.0
2026-04-22T18:07:03.033186,100.0,57.24710464477539,400.0
2026-04-22T18:07:05.239271,100.0,57.24710464477539,400.0
2026-04-22T18:07:07.444212,100.0,57.19651794433594,400.0
2026-04-22T18:07:09.647665,100.0,57.145931243896484,400.0
2026-04-22T18:07:11.852722,100.0,57.19651794433594,400.0
2026-04-22T18:07:14.055948,100.0,57.24710464477539,400.0
2026-04-22T18:07:16.258128,100.0,57.19651794433594,400.0
2026-04-22T18:07:18.460995,100.0,57.297691345214844,400.0
2026-04-22T18:07:20.664474,100.0,57.50003433227539,400.0
2026-04-22T18:07:22.868802,100.0,57.7023811340332,400.0
2026-04-22T18:07:25.075297,100.0,57.65179443359375,400.0
2026-04-22T18:07:27.278798,100.0,57.803550720214844,400.0
2026-04-22T18:07:29.482074,100.0,57.752967834472656,400.0
2026-04-22T18:07:31.684323,100.0,57.90472412109375,400.0
2026-04-22T18:07:33.887207,100.0,57.9553108215332,400.0
2026-04-22T18:07:36.089796,100.0,58.10707092285156,400.0
2026-04-22T18:07:38.294940,100.0,58.157657623291016,400.0
2026-04-22T18:07:40.498712,100.0,58.2082405090332,400.0
2026-04-22T18:07:42.701193,100.0,58.258827209472656,400.0
2026-04-22T18:07:44.903390,100.0,58.10707092285156,400.0
2026-04-22T18:07:47.106224,100.0,58.258827209472656,400.0
2026-04-22T18:07:49.309846,100.0,58.46117401123047,400.0
2026-04-22T18:07:51.514203,100.0,58.46117401123047,400.0
2026-04-22T18:07:53.726871,100.0,58.410587310791016,400.0
2026-04-22T18:07:55.928833,100.0,58.51176071166992,400.0
2026-04-22T18:07:58.130916,100.0,58.51176071166992,400.0
2026-04-22T18:08:00.336405,100.0,58.61293029785156,400.0
2026-04-22T18:08:02.538731,100.0,58.56234359741211,400.0
2026-04-22T18:08:04.742495,100.0,58.76469039916992,400.0
2026-04-22T18:08:06.944678,100.0,58.86586380004883,400.0
2026-04-22T18:08:09.153154,100.0,58.91645050048828,400.0
2026-04-22T18:08:11.356424,100.0,58.96703338623047,400.0
2026-04-22T18:08:13.560084,100.0,58.815277099609375,400.0
2026-04-22T18:08:15.762383,100.0,59.01762008666992,400.0
2026-04-22T18:08:17.965832,100.0,58.96703338623047,400.0
2026-04-22T18:08:20.169703,100.0,59.11879348754883,400.0
2026-04-22T18:08:22.373549,100.0,59.16938018798828,400.0
2026-04-22T18:08:24.582652,100.0,59.27055358886719,400.0
2026-04-22T18:08:26.786152,100.0,59.219966888427734,400.0
2026-04-22T18:08:28.989807,100.0,59.27055358886719,400.0
2026-04-22T18:08:31.192912,100.0,59.32114028930664,400.0
2026-04-22T18:08:33.398356,100.0,59.42230987548828,400.0
2026-04-22T18:08:35.602113,100.0,59.42230987548828,400.0
2026-04-22T18:08:37.805459,100.0,59.32114028930664,400.0
2026-04-22T18:08:40.025729,100.0,59.472896575927734,400.0
2026-04-22T18:08:42.228034,100.0,59.42230987548828,400.0
2026-04-22T18:08:44.437715,100.0,59.42230987548828,400.0
2026-04-22T18:08:46.644068,100.0,59.52348327636719,400.0
2026-04-22T18:08:48.845971,100.0,59.57406997680664,400.0
2026-04-22T18:08:51.056747,100.0,59.52348327636719,400.0
2026-04-22T18:08:53.260098,100.0,59.57406997680664,400.0
2026-04-22T18:08:55.465558,100.0,59.42230987548828,400.0
2026-04-22T18:08:57.674540,100.0,59.37172317504883,400.0
2026-04-22T18:08:59.876470,100.0,59.27055358886719,400.0
2026-04-22T18:09:02.080342,100.0,59.219966888427734,400.0
2026-04-22T18:09:04.283886,100.0,58.96703338623047,400.0
2026-04-22T18:09:06.486409,100.0,58.96703338623047,400.0
2026-04-22T18:09:08.689016,100.0,58.86586380004883,400.0
2026-04-22T18:09:10.892506,100.0,58.815277099609375,400.0
2026-04-22T18:09:13.096046,100.0,58.71410369873047,400.0
2026-04-22T18:09:15.301474,100.0,58.61293029785156,400.0
2026-04-22T18:09:17.505578,100.0,58.663516998291016,400.0
2026-04-22T18:09:19.709020,100.0,58.56234359741211,400.0
2026-04-22T18:09:21.912406,100.0,58.46117401123047,400.0
2026-04-22T18:09:24.116778,100.0,58.36000061035156,400.0
2026-04-22T18:09:26.319896,100.0,58.410587310791016,400.0
2026-04-22T18:09:28.523778,100.0,58.30941390991211,400.0
2026-04-22T18:09:30.727240,100.0,58.2082405090332,400.0
2026-04-22T18:09:32.931553,100.0,58.10707092285156,400.0
2026-04-22T18:09:35.133626,100.0,58.05648422241211,400.0
2026-04-22T18:09:37.336675,100.0,58.10707092285156,400.0
2026-04-22T18:09:39.540049,100.0,58.005897521972656,400.0
2026-04-22T18:09:41.743327,100.0,57.90472412109375,400.0
2026-04-22T18:09:43.946733,100.0,57.8541374206543,400.0
2026-04-22T18:09:46.150454,100.0,57.7023811340332,400.0
2026-04-22T18:09:48.353488,100.0,57.803550720214844,400.0
2026-04-22T18:09:50.556569,100.0,57.7023811340332,400.0
2026-04-22T18:09:52.764292,100.0,57.550621032714844,400.0
2026-04-22T18:09:54.970766,100.0,57.6012077331543,400.0
2026-04-22T18:09:57.176449,100.0,57.50003433227539,400.0
2026-04-22T18:09:59.379977,100.0,57.50003433227539,400.0
2026-04-22T18:10:01.584344,100.0,57.3482780456543,400.0
2026-04-22T18:10:03.788597,100.0,57.3482780456543,400.0
2026-04-22T18:10:05.992501,100.0,57.297691345214844,400.0
2026-04-22T18:10:08.196514,100.0,57.19651794433594,400.0
2026-04-22T18:10:10.399736,100.0,57.19651794433594,400.0
2026-04-22T18:10:12.603565,100.0,57.19651794433594,400.0
2026-04-22T18:10:14.806899,100.0,57.19651794433594,400.0
2026-04-22T18:10:17.010771,100.0,57.24710464477539,400.0
2026-04-22T18:10:19.217680,100.0,57.24710464477539,400.0
2026-04-22T18:10:21.420075,100.0,57.3482780456543,400.0
2026-04-22T18:10:23.624564,100.0,57.398860931396484,400.0
2026-04-22T18:10:25.828316,100.0,57.44944763183594,400.0
2026-04-22T18:10:28.034293,100.0,57.550621032714844,400.0
2026-04-22T18:10:30.236638,100.0,57.7023811340332,400.0
2026-04-22T18:10:32.439342,100.0,57.752967834472656,400.0
2026-04-22T18:10:34.644760,100.0,57.803550720214844,400.0
2026-04-22T18:10:36.847257,100.0,57.90472412109375,400.0
2026-04-22T18:10:39.051409,100.0,57.8541374206543,400.0
2026-04-22T18:10:41.254394,100.0,57.90472412109375,400.0
2026-04-22T18:10:43.461543,100.0,57.9553108215332,400.0
2026-04-22T18:10:45.666862,100.0,58.10707092285156,400.0
2026-04-22T18:10:47.871860,100.0,58.258827209472656,400.0
2026-04-22T18:10:50.078978,100.0,58.2082405090332,400.0
2026-04-22T18:10:52.280796,100.0,58.30941390991211,400.0
2026-04-22T18:10:54.483315,100.0,58.36000061035156,400.0
2026-04-22T18:10:56.688935,100.0,58.46117401123047,400.0
2026-04-22T18:10:58.891551,100.0,58.410587310791016,400.0
2026-04-22T18:11:01.096404,100.0,58.46117401123047,400.0
2026-04-22T18:11:03.300806,100.0,58.61293029785156,400.0
2026-04-22T18:11:05.505357,100.0,58.51176071166992,400.0
2026-04-22T18:11:07.708726,100.0,58.71410369873047,400.0
2026-04-22T18:11:09.913701,100.0,58.86586380004883,400.0
2026-04-22T18:11:12.116941,100.0,58.71410369873047,400.0
2026-04-22T18:11:14.329821,100.0,58.71410369873047,400.0
2026-04-22T18:11:16.533500,100.0,58.815277099609375,400.0
2026-04-22T18:11:18.736873,100.0,58.91645050048828,400.0
2026-04-22T18:11:20.941431,100.0,59.01762008666992,400.0
2026-04-22T18:11:23.143289,100.0,58.91645050048828,400.0
2026-04-22T18:11:25.346324,100.0,59.068206787109375,400.0
2026-04-22T18:11:27.549127,100.0,58.96703338623047,400.0
2026-04-22T18:11:29.753438,100.0,59.01762008666992,400.0
2026-04-22T18:11:31.956613,100.0,59.11879348754883,400.0
2026-04-22T18:11:34.160907,100.0,59.219966888427734,400.0
2026-04-22T18:11:36.363925,100.0,59.32114028930664,400.0
2026-04-22T18:11:38.568224,100.0,59.32114028930664,400.0
2026-04-22T18:11:40.772203,100.0,59.219966888427734,400.0
2026-04-22T18:11:42.974608,100.0,59.32114028930664,400.0
2026-04-22T18:11:45.176366,100.0,59.37172317504883,400.0
2026-04-22T18:11:47.380232,100.0,59.42230987548828,400.0
2026-04-22T18:11:49.588031,100.0,59.52348327636719,400.0
2026-04-22T18:11:51.791336,100.0,59.472896575927734,400.0
2026-04-22T18:11:53.994188,100.0,59.472896575927734,400.0
2026-04-22T18:11:56.200864,100.0,59.52348327636719,400.0
2026-04-22T18:11:58.405121,100.0,59.52348327636719,400.0
2026-04-22T18:12:00.608282,100.0,59.624656677246094,400.0
2026-04-22T18:12:02.812692,100.0,59.624656677246094,400.0
2026-04-22T18:12:05.016248,100.0,59.42230987548828,400.0
2026-04-22T18:12:07.220878,100.0,59.42230987548828,400.0
2026-04-22T18:12:09.424565,100.0,59.37172317504883,400.0
2026-04-22T18:12:11.626920,100.0,59.219966888427734,400.0
2026-04-22T18:12:13.829955,100.0,59.068206787109375,400.0
2026-04-22T18:12:16.032152,100.0,58.96703338623047,400.0
2026-04-22T18:12:18.235262,100.0,58.815277099609375,400.0
2026-04-22T18:12:20.438758,100.0,58.815277099609375,400.0
2026-04-22T18:12:22.640742,100.0,58.86586380004883,400.0
2026-04-22T18:12:24.844792,100.0,58.61293029785156,400.0
2026-04-22T18:12:27.046984,100.0,58.51176071166992,400.0
2026-04-22T18:12:29.250778,100.0,58.56234359741211,400.0
2026-04-22T18:12:31.453296,100.0,58.51176071166992,400.0
2026-04-22T18:12:33.655953,100.0,58.51176071166992,400.0
2026-04-22T18:12:35.858591,100.0,58.30941390991211,400.0
2026-04-22T18:12:38.061506,100.0,58.2082405090332,400.0
2026-04-22T18:12:40.264657,100.0,58.157657623291016,400.0
2026-04-22T18:12:42.468499,100.0,58.157657623291016,400.0
2026-04-22T18:12:44.670935,100.0,58.10707092285156,400.0
2026-04-22T18:12:46.873813,100.0,58.10707092285156,400.0
2026-04-22T18:12:49.076102,100.0,58.005897521972656,400.0
2026-04-22T18:12:51.292534,100.0,57.90472412109375,400.0
2026-04-22T18:12:53.496670,100.0,57.8541374206543,400.0
2026-04-22T18:12:55.700079,100.0,57.8541374206543,400.0
2026-04-22T18:12:57.907013,100.0,57.65179443359375,400.0
2026-04-22T18:13:00.110287,100.0,57.6012077331543,400.0
2026-04-22T18:13:02.313802,100.0,57.7023811340332,400.0
2026-04-22T18:13:04.517167,100.0,57.550621032714844,400.0
2026-04-22T18:13:06.721716,100.0,57.550621032714844,400.0
2026-04-22T18:13:08.925409,100.0,57.398860931396484,400.0
2026-04-22T18:13:11.131388,100.0,57.3482780456543,400.0
2026-04-22T18:13:13.335731,100.0,57.297691345214844,400.0
2026-04-22T18:13:15.537681,100.0,57.24710464477539,400.0
2026-04-22T18:13:17.740815,100.0,57.09534454345703,400.0
2026-04-22T18:13:19.946061,100.0,57.09534454345703,400.0
2026-04-22T18:13:22.149305,100.0,57.09534454345703,400.0
2026-04-22T18:13:24.351958,100.0,56.994171142578125,400.0
2026-04-22T18:13:26.555974,100.0,56.994171142578125,400.0
2026-04-22T18:13:28.760177,100.0,56.84241485595703,400.0
2026-04-22T18:13:30.962961,100.0,56.893001556396484,400.0
2026-04-22T18:13:33.165960,100.0,56.84241485595703,400.0
2026-04-22T18:13:35.371153,100.0,56.79182815551758,400.0
2026-04-22T18:13:37.574056,100.0,56.79182815551758,400.0
2026-04-22T18:13:39.775872,100.0,56.79182815551758,400.0
2026-04-22T18:13:41.980804,100.0,56.64006805419922,400.0
2026-04-22T18:13:44.183053,100.0,56.84241485595703,400.0
2026-04-22T18:13:46.388915,100.0,56.893001556396484,400.0
2026-04-22T18:13:48.594988,100.0,56.994171142578125,400.0
2026-04-22T18:13:50.796779,100.0,56.994171142578125,400.0
2026-04-22T18:13:53.013801,100.0,57.145931243896484,400.0
2026-04-22T18:13:55.215832,100.0,57.145931243896484,400.0
2026-04-22T18:13:57.418533,100.0,57.297691345214844,400.0
2026-04-22T18:13:59.620493,100.0,57.297691345214844,400.0
2026-04-22T18:14:01.824306,100.0,57.398860931396484,400.0
2026-04-22T18:14:04.027181,100.0,57.550621032714844,400.0
2026-04-22T18:14:06.231537,100.0,57.550621032714844,400.0
2026-04-22T18:14:08.461920,100.0,57.6012077331543,400.0
2026-04-22T18:14:10.663938,100.0,57.6012077331543,400.0
2026-04-22T18:14:12.869021,100.0,57.6012077331543,400.0
2026-04-22T18:14:15.072504,100.0,57.752967834472656,400.0
2026-04-22T18:14:17.277039,100.0,57.752967834472656,400.0
2026-04-22T18:14:19.479807,100.0,57.90472412109375,400.0
2026-04-22T18:14:21.684111,100.0,57.90472412109375,400.0
2026-04-22T18:14:23.887499,100.0,57.90472412109375,400.0
2026-04-22T18:14:26.092872,100.0,58.10707092285156,400.0
2026-04-22T18:14:28.297771,100.0,58.05648422241211,400.0
2026-04-22T18:14:30.500565,100.0,58.157657623291016,400.0
2026-04-22T18:14:32.703134,100.0,58.36000061035156,400.0
2026-04-22T18:14:34.913323,100.0,58.30941390991211,400.0
2026-04-22T18:14:37.118520,100.0,58.36000061035156,400.0
2026-04-22T18:14:39.322162,100.0,58.410587310791016,400.0
2026-04-22T18:14:41.525790,100.0,58.46117401123047,400.0
2026-04-22T18:14:43.731914,100.0,58.46117401123047,400.0
2026-04-22T18:14:45.934561,100.0,58.46117401123047,400.0
2026-04-22T18:14:48.138269,100.0,58.51176071166992,400.0
2026-04-22T18:14:50.341311,100.0,58.61293029785156,400.0
2026-04-22T18:14:52.546300,100.0,58.61293029785156,400.0
2026-04-22T18:14:54.751651,100.0,58.46117401123047,400.0
2026-04-22T18:14:56.954223,100.0,58.663516998291016,400.0
2026-04-22T18:14:59.158386,100.0,58.91645050048828,400.0
2026-04-22T18:15:01.361646,100.0,58.71410369873047,400.0
2026-04-22T18:15:03.563350,100.0,58.96703338623047,400.0
2026-04-22T18:15:05.766724,100.0,58.91645050048828,400.0
2026-04-22T18:15:07.969767,100.0,58.86586380004883,400.0
2026-04-22T18:15:10.172768,100.0,58.96703338623047,400.0
2026-04-22T18:15:12.377004,100.0,59.01762008666992,400.0
2026-04-22T18:15:14.579746,100.0,59.01762008666992,400.0
2026-04-22T18:15:16.782051,100.0,59.11879348754883,400.0
2026-04-22T18:15:18.984456,100.0,59.16938018798828,400.0
2026-04-22T18:15:21.192338,100.0,59.219966888427734,400.0
2026-04-22T18:15:23.397862,100.0,59.16938018798828,400.0
2026-04-22T18:15:25.602058,100.0,59.32114028930664,400.0
2026-04-22T18:15:27.805454,100.0,59.32114028930664,400.0
2026-04-22T18:15:30.008627,100.0,59.219966888427734,400.0
2026-04-22T18:15:32.210805,100.0,59.37172317504883,400.0
2026-04-22T18:15:34.413038,100.0,59.42230987548828,400.0
2026-04-22T18:15:36.615302,100.0,59.42230987548828,400.0
2026-04-22T18:15:38.819953,100.0,59.27055358886719,400.0
2026-04-22T18:15:41.027233,100.0,59.16938018798828,400.0
2026-04-22T18:15:43.230216,100.0,59.11879348754883,400.0
2026-04-22T18:15:45.434315,100.0,59.01762008666992,400.0
2026-04-22T18:15:47.637365,100.0,58.86586380004883,400.0
2026-04-22T18:15:49.840142,100.0,58.91645050048828,400.0
2026-04-22T18:15:52.044834,100.0,58.96703338623047,400.0
2026-04-22T18:15:54.249529,100.0,58.46117401123047,400.0
2026-04-22T18:15:56.452425,100.0,58.61293029785156,400.0
2026-04-22T18:15:58.655094,100.0,58.51176071166992,400.0
2026-04-22T18:16:00.858988,100.0,58.56234359741211,400.0
2026-04-22T18:16:03.063776,100.0,58.663516998291016,400.0
2026-04-22T18:16:05.270544,100.0,58.46117401123047,400.0
2026-04-22T18:16:07.474875,100.0,58.36000061035156,400.0
2026-04-22T18:16:09.679196,100.0,58.36000061035156,400.0
2026-04-22T18:16:11.881578,100.0,58.258827209472656,400.0
2026-04-22T18:16:14.085154,100.0,58.2082405090332,400.0
2026-04-22T18:16:16.288790,100.0,58.2082405090332,400.0
2026-04-22T18:16:18.491952,100.0,58.10707092285156,400.0
2026-04-22T18:16:20.695783,100.0,58.05648422241211,400.0
2026-04-22T18:16:22.899831,100.0,58.05648422241211,400.0
2026-04-22T18:16:25.105567,100.0,57.8541374206543,400.0
2026-04-22T18:16:27.307351,100.0,57.90472412109375,400.0
2026-04-22T18:16:29.511549,100.0,57.8541374206543,400.0
2026-04-22T18:16:31.715321,100.0,57.752967834472656,400.0
2026-04-22T18:16:33.918622,100.0,57.7023811340332,400.0
2026-04-22T18:16:36.121902,100.0,57.752967834472656,400.0
2026-04-22T18:16:38.328998,100.0,57.65179443359375,400.0
2026-04-22T18:16:40.534387,100.0,57.550621032714844,400.0
2026-04-22T18:16:42.737016,100.0,57.50003433227539,400.0
2026-04-22T18:16:44.939104,100.0,57.50003433227539,400.0
2026-04-22T18:16:47.146117,100.0,57.398860931396484,400.0
2026-04-22T18:16:49.352178,100.0,57.398860931396484,400.0
2026-04-22T18:16:51.554908,100.0,57.3482780456543,400.0
2026-04-22T18:16:53.757220,100.0,57.297691345214844,400.0
2026-04-22T18:16:55.960048,100.0,57.19651794433594,400.0
2026-04-22T18:16:58.163015,100.0,57.145931243896484,400.0
2026-04-22T18:17:00.365610,100.0,57.19651794433594,400.0
2026-04-22T18:17:02.570038,100.0,57.145931243896484,400.0
2026-04-22T18:17:04.773209,100.0,57.09534454345703,400.0
2026-04-22T18:17:06.976695,100.0,57.19651794433594,400.0
2026-04-22T18:17:09.180395,100.0,57.145931243896484,400.0
2026-04-22T18:17:11.385479,100.0,57.145931243896484,400.0
2026-04-22T18:17:13.589881,100.0,57.19651794433594,400.0
2026-04-22T18:17:15.792766,100.0,57.297691345214844,400.0
2026-04-22T18:17:17.994778,100.0,57.297691345214844,400.0
2026-04-22T18:17:20.201942,100.0,57.44944763183594,400.0
2026-04-22T18:17:22.405424,100.0,57.50003433227539,400.0
2026-04-22T18:17:24.608266,100.0,57.50003433227539,400.0
2026-04-22T18:17:26.817445,100.0,57.550621032714844,400.0
2026-04-22T18:17:29.020853,100.0,57.65179443359375,400.0
2026-04-22T18:17:31.224579,100.0,57.7023811340332,400.0
2026-04-22T18:17:33.438000,100.0,57.752967834472656,400.0
2026-04-22T18:17:35.640680,100.0,58.005897521972656,400.0
2026-04-22T18:17:37.843893,100.0,58.005897521972656,400.0
2026-04-22T18:17:40.046358,100.0,57.9553108215332,400.0
2026-04-22T18:17:42.253028,100.0,58.157657623291016,400.0
2026-04-22T18:17:44.458381,100.0,58.30941390991211,400.0
2026-04-22T18:17:46.660247,100.0,58.258827209472656,400.0
2026-04-22T18:17:48.865044,100.0,58.30941390991211,400.0
2026-04-22T18:17:51.069250,100.0,58.30941390991211,400.0
2026-04-22T18:17:53.274958,100.0,58.46117401123047,400.0
2026-04-22T18:17:55.481647,100.0,58.56234359741211,400.0
2026-04-22T18:17:57.685206,100.0,58.61293029785156,400.0
2026-04-22T18:17:59.890691,100.0,58.663516998291016,400.0
2026-04-22T18:18:02.092945,100.0,58.51176071166992,400.0
2026-04-22T18:18:04.297036,100.0,58.815277099609375,400.0
2026-04-22T18:18:06.499871,100.0,58.815277099609375,400.0
2026-04-22T18:18:08.704038,100.0,58.815277099609375,400.0
2026-04-22T18:18:10.907322,100.0,58.86586380004883,400.0
2026-04-22T18:18:13.111500,100.0,59.11879348754883,400.0
2026-04-22T18:18:15.314280,100.0,59.068206787109375,400.0
2026-04-22T18:18:17.516266,100.0,59.068206787109375,400.0
2026-04-22T18:18:19.720372,100.0,59.219966888427734,400.0
2026-04-22T18:18:21.923685,100.0,59.27055358886719,400.0
2026-04-22T18:18:24.128074,100.0,59.37172317504883,400.0
2026-04-22T18:18:26.330825,100.0,59.37172317504883,400.0
2026-04-22T18:18:28.534805,100.0,59.37172317504883,400.0
2026-04-22T18:18:30.738489,100.0,59.37172317504883,400.0
2026-04-22T18:18:32.942277,100.0,59.52348327636719,400.0
2026-04-22T18:18:35.145309,100.0,59.52348327636719,400.0
2026-04-22T18:18:37.349083,100.0,59.57406997680664,400.0
2026-04-22T18:18:39.556195,100.0,59.67524337768555,400.0
2026-04-22T18:18:41.759418,100.0,59.57406997680664,400.0
2026-04-22T18:18:43.962056,100.0,59.725830078125,400.0
2026-04-22T18:18:46.168663,100.0,59.725830078125,400.0
2026-04-22T18:18:48.370743,100.0,59.725830078125,400.0
2026-04-22T18:18:50.574579,100.0,59.67524337768555,400.0
2026-04-22T18:18:52.777373,100.0,59.725830078125,400.0
2026-04-22T18:18:54.980249,100.0,59.57406997680664,400.0
2026-04-22T18:18:57.183981,100.0,59.42230987548828,400.0
2026-04-22T18:18:59.386987,100.0,59.219966888427734,400.0
2026-04-22T18:19:01.588620,100.0,59.32114028930664,400.0
2026-04-22T18:19:03.791786,100.0,59.219966888427734,400.0
2026-04-22T18:19:05.995353,100.0,59.16938018798828,400.0
2026-04-22T18:19:08.198469,100.0,59.068206787109375,400.0
2026-04-22T18:19:10.408448,100.0,59.068206787109375,400.0
2026-04-22T18:19:12.611702,100.0,58.96703338623047,400.0
2026-04-22T18:19:14.815880,100.0,59.01762008666992,400.0
2026-04-22T18:19:17.017744,100.0,58.76469039916992,400.0
2026-04-22T18:19:19.221618,100.0,58.71410369873047,400.0
2026-04-22T18:19:21.425241,100.0,58.663516998291016,400.0
2026-04-22T18:19:23.628638,100.0,58.410587310791016,400.0
2026-04-22T18:19:25.832216,100.0,58.46117401123047,400.0
2026-04-22T18:19:28.036320,100.0,58.51176071166992,400.0
2026-04-22T18:19:30.239979,100.0,58.36000061035156,400.0
2026-04-22T18:19:32.447008,100.0,58.30941390991211,400.0
2026-04-22T18:19:34.651063,100.0,58.2082405090332,400.0
2026-04-22T18:19:36.854526,100.0,58.36000061035156,400.0
2026-04-22T18:19:39.056493,100.0,58.30941390991211,400.0
2026-04-22T18:19:41.260436,100.0,58.157657623291016,400.0
2026-04-22T18:19:43.465247,100.0,58.2082405090332,400.0
2026-04-22T18:19:45.670206,100.0,57.9553108215332,400.0
2026-04-22T18:19:47.873691,100.0,58.157657623291016,400.0
2026-04-22T18:19:50.076081,100.0,58.005897521972656,400.0
2026-04-22T18:19:52.278835,100.0,58.005897521972656,400.0
2026-04-22T18:19:54.485971,100.0,57.9553108215332,400.0
2026-04-22T18:19:56.693171,100.0,57.8541374206543,400.0
2026-04-22T18:19:58.896180,100.0,57.803550720214844,400.0
2026-04-22T18:20:01.104166,100.0,57.7023811340332,400.0
2026-04-22T18:20:03.306735,100.0,57.65179443359375,400.0
2026-04-22T18:20:05.510210,100.0,57.7023811340332,400.0
2026-04-22T18:20:07.712130,100.0,57.7023811340332,400.0
2026-04-22T18:20:09.914369,100.0,57.6012077331543,400.0
2026-04-22T18:20:12.116864,100.0,57.550621032714844,400.0
2026-04-22T18:20:14.320956,100.0,57.50003433227539,400.0
2026-04-22T18:20:16.522730,100.0,57.50003433227539,400.0
2026-04-22T18:20:18.727307,100.0,57.50003433227539,400.0
2026-04-22T18:20:20.930536,100.0,57.44944763183594,400.0
2026-04-22T18:20:23.133412,100.0,57.44944763183594,400.0
2026-04-22T18:20:25.337767,100.0,57.3482780456543,400.0
2026-04-22T18:20:27.541214,100.0,57.3482780456543,400.0
2026-04-22T18:20:29.745587,100.0,57.3482780456543,400.0
2026-04-22T18:20:31.950135,100.0,57.550621032714844,400.0
2026-04-22T18:20:34.152909,100.0,57.550621032714844,400.0
2026-04-22T18:20:36.356150,100.0,57.7023811340332,400.0
2026-04-22T18:20:38.561737,100.0,57.65179443359375,400.0
2026-04-22T18:20:40.768026,100.0,57.65179443359375,400.0
2026-04-22T18:20:42.971620,100.0,57.7023811340332,400.0
2026-04-22T18:20:45.175539,100.0,57.803550720214844,400.0
2026-04-22T18:20:47.379941,100.0,58.005897521972656,400.0
2026-04-22T18:20:49.585004,100.0,58.05648422241211,400.0
2026-04-22T18:20:51.787608,100.0,58.10707092285156,400.0
2026-04-22T18:20:53.995390,100.0,58.30941390991211,400.0
2026-04-22T18:20:56.198921,100.0,58.258827209472656,400.0
2026-04-22T18:20:58.402870,100.0,58.30941390991211,400.0
2026-04-22T18:21:00.605295,100.0,58.410587310791016,400.0
2026-04-22T18:21:02.809290,100.0,58.56234359741211,400.0
2026-04-22T18:21:05.011847,100.0,58.46117401123047,400.0
2026-04-22T18:21:07.215430,100.0,58.51176071166992,400.0
2026-04-22T18:21:09.418927,100.0,58.56234359741211,400.0
2026-04-22T18:21:11.620997,100.0,58.51176071166992,400.0
2026-04-22T18:21:13.829460,100.0,58.56234359741211,400.0
2026-04-22T18:21:16.033909,100.0,58.91645050048828,400.0
2026-04-22T18:21:18.236384,100.0,58.76469039916992,400.0
2026-04-22T18:21:20.439637,100.0,58.76469039916992,400.0
2026-04-22T18:21:22.643177,100.0,59.01762008666992,400.0
2026-04-22T18:21:24.846342,100.0,59.11879348754883,400.0
2026-04-22T18:21:27.048430,100.0,59.16938018798828,400.0
2026-04-22T18:21:29.251176,100.0,59.11879348754883,400.0
2026-04-22T18:21:31.454900,100.0,59.16938018798828,400.0
2026-04-22T18:21:33.659546,100.0,59.219966888427734,400.0
2026-04-22T18:21:35.862777,100.0,59.27055358886719,400.0
2026-04-22T18:21:38.068165,100.0,59.37172317504883,400.0
2026-04-22T18:21:40.271108,100.0,59.32114028930664,400.0
2026-04-22T18:21:42.476652,100.0,59.472896575927734,400.0
2026-04-22T18:21:44.680905,100.0,59.57406997680664,400.0
2026-04-22T18:21:46.884740,100.0,59.57406997680664,400.0
2026-04-22T18:21:49.089608,100.0,59.624656677246094,400.0
2026-04-22T18:21:51.294881,100.0,59.472896575927734,400.0
2026-04-22T18:21:53.501096,100.0,59.37172317504883,400.0
2026-04-22T18:21:55.703609,100.0,59.32114028930664,400.0
2026-04-22T18:21:57.906158,100.0,59.27055358886719,400.0
2026-04-22T18:22:00.109383,100.0,59.11879348754883,400.0
2026-04-22T18:22:02.312922,100.0,58.96703338623047,400.0
2026-04-22T18:22:04.523768,100.0,58.76469039916992,400.0
2026-04-22T18:22:06.726998,100.0,58.815277099609375,400.0
2026-04-22T18:22:08.930726,100.0,58.61293029785156,400.0
2026-04-22T18:22:11.134490,100.0,58.61293029785156,400.0
2026-04-22T18:22:13.337174,100.0,58.71410369873047,400.0
2026-04-22T18:22:15.541346,100.0,58.46117401123047,400.0
2026-04-22T18:22:17.744398,100.0,58.30941390991211,400.0
2026-04-22T18:22:19.958409,100.0,58.36000061035156,400.0
2026-04-22T18:22:22.161367,100.0,58.05648422241211,400.0
2026-04-22T18:22:24.365552,100.0,58.157657623291016,400.0
2026-04-22T18:22:26.568429,100.0,58.05648422241211,400.0
2026-04-22T18:22:28.773131,100.0,58.005897521972656,400.0
2026-04-22T18:22:30.978763,100.0,58.005897521972656,400.0
2026-04-22T18:22:33.182749,100.0,57.90472412109375,400.0
2026-04-22T18:22:35.384354,100.0,57.803550720214844,400.0
2026-04-22T18:22:37.587514,100.0,57.752967834472656,400.0
2026-04-22T18:22:39.790148,100.0,57.6012077331543,400.0
2026-04-22T18:22:41.993720,100.0,57.6012077331543,400.0
2026-04-22T18:22:44.197014,100.0,57.65179443359375,400.0
2026-04-22T18:22:46.402966,100.0,57.6012077331543,400.0
2026-04-22T18:22:48.609562,100.0,57.398860931396484,400.0
2026-04-22T18:22:50.812469,100.0,57.44944763183594,400.0
2026-04-22T18:22:53.015170,100.0,57.398860931396484,400.0
2026-04-22T18:22:55.224108,100.0,57.297691345214844,400.0
2026-04-22T18:22:57.427276,100.0,57.19651794433594,400.0
2026-04-22T18:22:59.633069,100.0,57.24710464477539,400.0
2026-04-22T18:23:01.838961,100.0,57.145931243896484,400.0
2026-04-22T18:23:04.046198,100.0,57.145931243896484,400.0
2026-04-22T18:23:06.250009,100.0,57.04475784301758,400.0
2026-04-22T18:23:08.453382,100.0,56.994171142578125,400.0
2026-04-22T18:23:10.655622,100.0,56.994171142578125,400.0
2026-04-22T18:23:12.858728,100.0,57.09534454345703,400.0
2026-04-22T18:23:15.062704,100.0,56.94358825683594,400.0
2026-04-22T18:23:17.270581,100.0,56.84241485595703,400.0
2026-04-22T18:23:19.475471,100.0,56.84241485595703,400.0
2026-04-22T18:23:21.678145,100.0,56.84241485595703,400.0
2026-04-22T18:23:23.883133,100.0,56.893001556396484,400.0
2026-04-22T18:23:26.086956,100.0,56.84241485595703,400.0
2026-04-22T18:23:28.289538,100.0,56.741241455078125,400.0
2026-04-22T18:23:30.492267,100.0,56.741241455078125,400.0
2026-04-22T18:23:32.695575,100.0,56.741241455078125,400.0
2026-04-22T18:23:34.907204,100.0,56.589481353759766,400.0
2026-04-22T18:23:37.109834,100.0,56.64006805419922,400.0
2026-04-22T18:23:39.312506,100.0,56.79182815551758,400.0
2026-04-22T18:23:41.516417,100.0,56.79182815551758,400.0
2026-04-22T18:23:43.721010,100.0,56.893001556396484,400.0
2026-04-22T18:23:45.926590,100.0,56.994171142578125,400.0
2026-04-22T18:23:48.131270,100.0,57.04475784301758,400.0
2026-04-22T18:23:50.333954,100.0,57.09534454345703,400.0
2026-04-22T18:23:52.536822,100.0,57.297691345214844,400.0
2026-04-22T18:23:54.739190,100.0,57.297691345214844,400.0
2026-04-22T18:23:56.948434,100.0,57.44944763183594,400.0
2026-04-22T18:23:59.151926,100.0,57.398860931396484,400.0
2026-04-22T18:24:01.357869,100.0,57.44944763183594,400.0
2026-04-22T18:24:03.560207,100.0,57.550621032714844,400.0
2026-04-22T18:24:05.764821,100.0,57.50003433227539,400.0
2026-04-22T18:24:07.967509,100.0,57.6012077331543,400.0
2026-04-22T18:24:10.169556,100.0,57.8541374206543,400.0
2026-04-22T18:24:12.372432,100.0,57.803550720214844,400.0
2026-04-22T18:24:14.575517,100.0,57.90472412109375,400.0
2026-04-22T18:24:16.778438,100.0,57.9553108215332,400.0
2026-04-22T18:24:18.982199,100.0,58.05648422241211,400.0
2026-04-22T18:24:21.184811,100.0,58.005897521972656,400.0
2026-04-22T18:24:23.388396,100.0,58.10707092285156,400.0
2026-04-22T18:24:25.590758,100.0,58.157657623291016,400.0
2026-04-22T18:24:27.794968,100.0,58.2082405090332,400.0
2026-04-22T18:24:30.001759,100.0,58.30941390991211,400.0
2026-04-22T18:24:32.203974,100.0,58.46117401123047,400.0
2026-04-22T18:24:34.405830,100.0,58.51176071166992,400.0
2026-04-22T18:24:36.609166,100.0,58.46117401123047,400.0
2026-04-22T18:24:38.811499,100.0,58.51176071166992,400.0
2026-04-22T18:24:41.015222,100.0,58.61293029785156,400.0
2026-04-22T18:24:43.221014,100.0,58.56234359741211,400.0
2026-04-22T18:24:45.423887,100.0,58.61293029785156,400.0
2026-04-22T18:24:47.626873,100.0,58.91645050048828,400.0
2026-04-22T18:24:49.837046,100.0,58.815277099609375,400.0
2026-04-22T18:24:52.041464,100.0,58.86586380004883,400.0
2026-04-22T18:24:54.244856,100.0,58.815277099609375,400.0
2026-04-22T18:24:56.447049,100.0,58.86586380004883,400.0
2026-04-22T18:24:58.649064,100.0,59.068206787109375,400.0
2026-04-22T18:25:00.852336,100.0,59.01762008666992,400.0
2026-04-22T18:25:03.056237,100.0,59.068206787109375,400.0
2026-04-22T18:25:05.259055,100.0,58.91645050048828,400.0
2026-04-22T18:25:07.463039,100.0,59.11879348754883,400.0
2026-04-22T18:25:09.667547,100.0,59.068206787109375,400.0
2026-04-22T18:25:11.871197,100.0,59.16938018798828,400.0
2026-04-22T18:25:14.074712,100.0,59.11879348754883,400.0
2026-04-22T18:25:16.277290,100.0,59.32114028930664,400.0
2026-04-22T18:25:18.479686,100.0,59.32114028930664,400.0
2026-04-22T18:25:20.684800,100.0,59.27055358886719,400.0
2026-04-22T18:25:22.886822,100.0,59.32114028930664,400.0
2026-04-22T18:25:25.089331,100.0,59.32114028930664,400.0
2026-04-22T18:25:27.291745,100.0,59.42230987548828,400.0
2026-04-22T18:25:29.498431,100.0,59.42230987548828,400.0
2026-04-22T18:25:31.702632,100.0,59.37172317504883,400.0
2026-04-22T18:25:33.905808,100.0,59.37172317504883,400.0
2026-04-22T18:25:36.109499,100.0,59.219966888427734,400.0
2026-04-22T18:25:38.314062,100.0,59.16938018798828,400.0
2026-04-22T18:25:40.516506,100.0,59.27055358886719,400.0
2026-04-22T18:25:42.718347,100.0,59.01762008666992,400.0
2026-04-22T18:25:44.925666,100.0,59.01762008666992,400.0
2026-04-22T18:25:47.130517,100.0,58.86586380004883,400.0
2026-04-22T18:25:49.336747,100.0,58.61293029785156,400.0
2026-04-22T18:25:51.541743,100.0,58.76469039916992,400.0
2026-04-22T18:25:53.745810,100.0,58.61293029785156,400.0
2026-04-22T18:25:55.949333,100.0,58.410587310791016,400.0
2026-04-22T18:25:58.152457,100.0,58.46117401123047,400.0
2026-04-22T18:26:00.361307,100.0,58.36000061035156,400.0
2026-04-22T18:26:02.563944,100.0,58.36000061035156,400.0
2026-04-22T18:26:04.767016,100.0,58.258827209472656,400.0
2026-04-22T18:26:06.969375,100.0,58.258827209472656,400.0
2026-04-22T18:26:09.173132,100.0,58.258827209472656,400.0
2026-04-22T18:26:11.376707,100.0,58.05648422241211,400.0
2026-04-22T18:26:13.579826,100.0,58.157657623291016,400.0
2026-04-22T18:26:15.783072,100.0,57.90472412109375,400.0
2026-04-22T18:26:17.986309,100.0,58.005897521972656,400.0
2026-04-22T18:26:20.189145,100.0,57.90472412109375,400.0
2026-04-22T18:26:22.393750,100.0,57.90472412109375,400.0
2026-04-22T18:26:24.596853,100.0,57.7023811340332,400.0
2026-04-22T18:26:26.800735,100.0,57.65179443359375,400.0
2026-04-22T18:26:29.002870,100.0,57.50003433227539,400.0
2026-04-22T18:26:31.209279,100.0,57.550621032714844,400.0
2026-04-22T18:26:33.412004,100.0,57.550621032714844,400.0
2026-04-22T18:26:35.614135,100.0,57.398860931396484,400.0
2026-04-22T18:26:37.817702,100.0,57.398860931396484,400.0
2026-04-22T18:26:40.022672,100.0,57.3482780456543,400.0
2026-04-22T18:26:42.224892,100.0,57.24710464477539,400.0
2026-04-22T18:26:44.427448,100.0,57.145931243896484,400.0
2026-04-22T18:26:46.629592,100.0,57.09534454345703,400.0
2026-04-22T18:26:48.833497,100.0,57.04475784301758,400.0
2026-04-22T18:26:51.036757,100.0,56.994171142578125,400.0
2026-04-22T18:26:53.238871,100.0,56.94358825683594,400.0
2026-04-22T18:26:55.441316,100.0,56.94358825683594,400.0
2026-04-22T18:26:57.644199,100.0,56.741241455078125,400.0
2026-04-22T18:26:59.858446,100.0,56.741241455078125,400.0
2026-04-22T18:27:02.061724,100.0,56.69065475463867,400.0
2026-04-22T18:27:04.265723,100.0,56.69065475463867,400.0
2026-04-22T18:27:06.469686,100.0,56.53889846801758,400.0
2026-04-22T18:27:08.671695,100.0,56.589481353759766,400.0
2026-04-22T18:27:10.876805,100.0,56.64006805419922,400.0
2026-04-22T18:27:13.079871,100.0,56.741241455078125,400.0
2026-04-22T18:27:15.283098,100.0,56.79182815551758,400.0
2026-04-22T18:27:17.486739,100.0,56.893001556396484,400.0
2026-04-22T18:27:19.688954,100.0,56.84241485595703,400.0
2026-04-22T18:27:21.893045,100.0,57.04475784301758,400.0
2026-04-22T18:27:24.096830,100.0,57.04475784301758,400.0
2026-04-22T18:27:26.300060,100.0,57.19651794433594,400.0
2026-04-22T18:27:28.503308,100.0,57.24710464477539,400.0
2026-04-22T18:27:30.706933,100.0,57.3482780456543,400.0
2026-04-22T18:27:32.912213,100.0,57.398860931396484,400.0
2026-04-22T18:27:35.116479,100.0,57.550621032714844,400.0
2026-04-22T18:27:37.327420,100.0,57.65179443359375,400.0
2026-04-22T18:27:39.530382,100.0,57.6012077331543,400.0
2026-04-22T18:27:41.734846,100.0,57.65179443359375,400.0
2026-04-22T18:27:43.937388,100.0,57.803550720214844,400.0
2026-04-22T18:27:46.141031,100.0,57.803550720214844,400.0
2026-04-22T18:27:48.346688,100.0,57.9553108215332,400.0
2026-04-22T18:27:50.550490,100.0,57.90472412109375,400.0
2026-04-22T18:27:52.754112,100.0,58.005897521972656,400.0
2026-04-22T18:27:54.958699,100.0,58.10707092285156,400.0
2026-04-22T18:27:57.162015,100.0,58.10707092285156,400.0
2026-04-22T18:27:59.366511,100.0,58.258827209472656,400.0
2026-04-22T18:28:01.569674,100.0,58.30941390991211,400.0
2026-04-22T18:28:03.772874,100.0,58.30941390991211,400.0
2026-04-22T18:28:05.977617,100.0,58.157657623291016,400.0
2026-04-22T18:28:08.183050,100.0,58.36000061035156,400.0
2026-04-22T18:28:10.385927,100.0,58.36000061035156,400.0
2026-04-22T18:28:12.590003,100.0,58.410587310791016,400.0
2026-04-22T18:28:14.795965,100.0,58.410587310791016,400.0
2026-04-22T18:28:16.998952,100.0,58.410587310791016,400.0
2026-04-22T18:28:19.202278,100.0,58.410587310791016,400.0
2026-04-22T18:28:21.404789,100.0,58.56234359741211,400.0
2026-04-22T18:28:23.611144,100.0,58.61293029785156,400.0
2026-04-22T18:28:25.814274,100.0,58.56234359741211,400.0
2026-04-22T18:28:28.018447,100.0,58.76469039916992,400.0
2026-04-22T18:28:30.225724,100.0,58.71410369873047,400.0
2026-04-22T18:28:32.429291,100.0,58.76469039916992,400.0
2026-04-22T18:28:34.632444,100.0,58.96703338623047,400.0
2026-04-22T18:28:36.836492,100.0,58.86586380004883,400.0
2026-04-22T18:28:39.042008,100.0,58.86586380004883,400.0
2026-04-22T18:28:41.244884,100.0,59.068206787109375,400.0
2026-04-22T18:28:43.449009,100.0,58.96703338623047,400.0
2026-04-22T18:28:45.651519,100.0,59.068206787109375,400.0
2026-04-22T18:28:47.854903,100.0,59.11879348754883,400.0
2026-04-22T18:28:50.059421,100.0,59.068206787109375,400.0
2026-04-22T18:28:52.262579,100.0,59.11879348754883,400.0
2026-04-22T18:28:54.466203,100.0,59.32114028930664,400.0
2026-04-22T18:28:56.669333,100.0,59.219966888427734,400.0
2026-04-22T18:28:58.872995,100.0,59.32114028930664,400.0
2026-04-22T18:29:01.078062,100.0,59.27055358886719,400.0
2026-04-22T18:29:03.281217,100.0,59.219966888427734,400.0
2026-04-22T18:29:05.485612,100.0,59.219966888427734,400.0
2026-04-22T18:29:07.688583,100.0,59.219966888427734,400.0
2026-04-22T18:29:09.891646,100.0,59.219966888427734,400.0
2026-04-22T18:29:12.094657,100.0,59.27055358886719,400.0
2026-04-22T18:29:14.296436,100.0,59.219966888427734,400.0
2026-04-22T18:29:16.500461,100.0,59.32114028930664,400.0
2026-04-22T18:29:18.703768,100.0,59.42230987548828,400.0
2026-04-22T18:29:20.907189,100.0,59.32114028930664,400.0
2026-04-22T18:29:23.116028,100.0,59.32114028930664,400.0
2026-04-22T18:29:25.317642,100.0,59.472896575927734,400.0
2026-04-22T18:29:27.520904,100.0,59.37172317504883,400.0
2026-04-22T18:29:29.724452,100.0,59.57406997680664,400.0
2026-04-22T18:29:31.927146,100.0,59.57406997680664,400.0
2026-04-22T18:29:34.133260,100.0,59.57406997680664,400.0
2026-04-22T18:29:36.348068,100.0,59.624656677246094,400.0
2026-04-22T18:29:38.552051,100.0,59.57406997680664,400.0
2026-04-22T18:29:40.756348,100.0,59.67524337768555,400.0
2026-04-22T18:29:42.958819,100.0,59.472896575927734,400.0
2026-04-22T18:29:45.161016,100.0,59.32114028930664,400.0
2026-04-22T18:29:47.364889,100.0,59.37172317504883,400.0
2026-04-22T18:29:49.567458,100.0,59.27055358886719,400.0
2026-04-22T18:29:51.771809,100.0,59.27055358886719,400.0
2026-04-22T18:29:53.975924,100.0,59.16938018798828,400.0
2026-04-22T18:29:56.179982,100.0,59.068206787109375,400.0
2026-04-22T18:29:58.382241,100.0,58.96703338623047,400.0
2026-04-22T18:30:00.585977,100.0,58.71410369873047,400.0
2026-04-22T18:30:02.788035,100.0,58.91645050048828,400.0
2026-04-22T18:30:04.992251,100.0,58.76469039916992,400.0
2026-04-22T18:30:07.197236,100.0,58.71410369873047,400.0
2026-04-22T18:30:09.399514,100.0,58.663516998291016,400.0
2026-04-22T18:30:11.603841,100.0,58.46117401123047,400.0
2026-04-22T18:30:13.811112,100.0,58.36000061035156,400.0
2026-04-22T18:30:16.016175,100.0,58.258827209472656,400.0
2026-04-22T18:30:18.219309,100.0,58.2082405090332,400.0
2026-04-22T18:30:20.426263,100.0,58.10707092285156,400.0
2026-04-22T18:30:22.632163,100.0,58.005897521972656,400.0
2026-04-22T18:30:24.835838,100.0,58.005897521972656,400.0
2026-04-22T18:30:27.037400,100.0,57.90472412109375,400.0
2026-04-22T18:30:29.240487,100.0,57.9553108215332,400.0
2026-04-22T18:30:31.445550,100.0,57.752967834472656,400.0
2026-04-22T18:30:33.649013,100.0,57.803550720214844,400.0
2026-04-22T18:30:35.852034,100.0,57.752967834472656,400.0
2026-04-22T18:30:38.054456,100.0,57.65179443359375,400.0
2026-04-22T18:30:40.258524,100.0,57.50003433227539,400.0
2026-04-22T18:30:42.462156,100.0,57.550621032714844,400.0
2026-04-22T18:30:44.666613,100.0,57.398860931396484,400.0
2026-04-22T18:30:46.878509,100.0,57.44944763183594,400.0
2026-04-22T18:30:49.081961,100.0,57.398860931396484,400.0
2026-04-22T18:30:51.285455,100.0,57.550621032714844,400.0
2026-04-22T18:30:53.490556,100.0,57.550621032714844,400.0
2026-04-22T18:30:55.693476,100.0,57.6012077331543,400.0
2026-04-22T18:30:57.895097,100.0,57.6012077331543,400.0
2026-04-22T18:31:00.097393,100.0,57.6012077331543,400.0
2026-04-22T18:31:02.308559,100.0,57.7023811340332,400.0
2026-04-22T18:31:04.512103,100.0,57.803550720214844,400.0
2026-04-22T18:31:06.717842,100.0,57.9553108215332,400.0
2026-04-22T18:31:08.922797,100.0,57.90472412109375,400.0
2026-04-22T18:31:11.126147,100.0,58.005897521972656,400.0
2026-04-22T18:31:13.328821,100.0,58.157657623291016,400.0
2026-04-22T18:31:15.531291,100.0,58.10707092285156,400.0
2026-04-22T18:31:17.734705,100.0,58.258827209472656,400.0
2026-04-22T18:31:19.936998,100.0,58.2082405090332,400.0
2026-04-22T18:31:22.139401,100.0,58.2082405090332,400.0
2026-04-22T18:31:24.344592,100.0,58.258827209472656,400.0
2026-04-22T18:31:26.548840,100.0,58.258827209472656,400.0
2026-04-22T18:31:28.755154,100.0,58.51176071166992,400.0
2026-04-22T18:31:30.958880,100.0,58.36000061035156,400.0
2026-04-22T18:31:33.161750,100.0,58.36000061035156,400.0
2026-04-22T18:31:35.364453,100.0,58.46117401123047,400.0
2026-04-22T18:31:37.567698,100.0,58.56234359741211,400.0
2026-04-22T18:31:39.773695,100.0,58.46117401123047,400.0
2026-04-22T18:31:41.979294,100.0,58.71410369873047,400.0
2026-04-22T18:31:44.182827,100.0,58.815277099609375,400.0
2026-04-22T18:31:46.387587,100.0,58.815277099609375,400.0
2026-04-22T18:31:48.590491,100.0,58.76469039916992,400.0
2026-04-22T18:31:50.792724,100.0,58.71410369873047,400.0
2026-04-22T18:31:52.996919,100.0,58.91645050048828,400.0
2026-04-22T18:31:55.202282,100.0,58.815277099609375,400.0
2026-04-22T18:31:57.406290,100.0,58.96703338623047,400.0
2026-04-22T18:31:59.608039,100.0,58.815277099609375,400.0
2026-04-22T18:32:01.811072,100.0,58.410587310791016,400.0
2026-04-22T18:32:04.014878,100.0,58.663516998291016,400.0
2026-04-22T18:32:06.218538,100.0,58.51176071166992,400.0
2026-04-22T18:32:08.421740,100.0,58.410587310791016,400.0
2026-04-22T18:32:10.626435,100.0,58.46117401123047,400.0
2026-04-22T18:32:12.830032,100.0,58.410587310791016,400.0
2026-04-22T18:32:15.033874,100.0,58.36000061035156,400.0
2026-04-22T18:32:17.236354,100.0,58.258827209472656,400.0
2026-04-22T18:32:19.446523,100.0,58.157657623291016,400.0
2026-04-22T18:32:21.649850,100.0,58.10707092285156,400.0
2026-04-22T18:32:23.852548,100.0,58.005897521972656,400.0
2026-04-22T18:32:26.056112,100.0,57.8541374206543,400.0
2026-04-22T18:32:28.259782,100.0,57.90472412109375,400.0
2026-04-22T18:32:30.463357,100.0,57.8541374206543,400.0
2026-04-22T18:32:32.666846,100.0,57.752967834472656,400.0
2026-04-22T18:32:34.870716,100.0,57.7023811340332,400.0
2026-04-22T18:32:37.072948,100.0,57.65179443359375,400.0
2026-04-22T18:32:39.277014,100.0,57.6012077331543,400.0
2026-04-22T18:32:41.479518,100.0,57.550621032714844,400.0
2026-04-22T18:32:43.682383,100.0,57.44944763183594,400.0
2026-04-22T18:32:45.885733,100.0,57.44944763183594,400.0
2026-04-22T18:32:48.090297,100.0,57.398860931396484,400.0
2026-04-22T18:32:50.294285,100.0,57.550621032714844,400.0
2026-04-22T18:32:52.497675,100.0,57.65179443359375,400.0
2026-04-22T18:32:54.700727,100.0,57.6012077331543,400.0
2026-04-22T18:32:56.903816,100.0,57.7023811340332,400.0
2026-04-22T18:32:59.105724,100.0,57.803550720214844,400.0
2026-04-22T18:33:01.309726,100.0,57.9553108215332,400.0
2026-04-22T18:33:03.515319,100.0,57.90472412109375,400.0
2026-04-22T18:33:05.718296,100.0,58.157657623291016,400.0
2026-04-22T18:33:07.920523,100.0,58.05648422241211,400.0
2026-04-22T18:33:10.125017,100.0,58.05648422241211,400.0
2026-04-22T18:33:12.328266,100.0,58.05648422241211,400.0
2026-04-22T18:33:14.532380,100.0,58.258827209472656,400.0
2026-04-22T18:33:16.735481,100.0,58.10707092285156,400.0
2026-04-22T18:33:18.937608,100.0,58.258827209472656,400.0
2026-04-22T18:33:21.142567,100.0,58.30941390991211,400.0
2026-04-22T18:33:23.346714,100.0,58.410587310791016,400.0
2026-04-22T18:33:25.551067,100.0,58.46117401123047,400.0
2026-04-22T18:33:27.754888,100.0,58.36000061035156,400.0
2026-04-22T18:33:29.957243,100.0,58.663516998291016,400.0
2026-04-22T18:33:32.160780,100.0,58.46117401123047,400.0
2026-04-22T18:33:34.366660,100.0,58.51176071166992,400.0
2026-04-22T18:33:36.571907,99.9,58.86586380004883,400.0
2026-04-22T18:33:38.774274,100.0,58.76469039916992,400.0
2026-04-22T18:33:40.977989,100.0,58.86586380004883,400.0
2026-04-22T18:33:43.181958,100.0,58.86586380004883,400.0
2026-04-22T18:33:45.386017,100.0,59.01762008666992,400.0
2026-04-22T18:33:47.591319,100.0,59.01762008666992,400.0
2026-04-22T18:33:49.793063,100.0,59.068206787109375,400.0
2026-04-22T18:33:51.995418,100.0,59.01762008666992,400.0
2026-04-22T18:33:54.199370,100.0,58.96703338623047,400.0
2026-04-22T18:33:56.406386,100.0,59.11879348754883,400.0
2026-04-22T18:33:58.611044,100.0,59.16938018798828,400.0
2026-04-22T18:34:00.814399,100.0,59.16938018798828,400.0
2026-04-22T18:34:03.017630,100.0,59.219966888427734,400.0
2026-04-22T18:34:05.222248,100.0,59.32114028930664,400.0
2026-04-22T18:34:07.427465,100.0,59.472896575927734,400.0
2026-04-22T18:34:09.629649,100.0,59.42230987548828,400.0
2026-04-22T18:34:11.833680,100.0,59.472896575927734,400.0
2026-04-22T18:34:14.037567,100.0,59.472896575927734,400.0
2026-04-22T18:34:16.240341,100.0,59.57406997680664,400.0
2026-04-22T18:34:18.443547,100.0,59.57406997680664,400.0
2026-04-22T18:34:20.646886,100.0,59.52348327636719,400.0
2026-04-22T18:34:22.849818,100.0,59.67524337768555,400.0
2026-04-22T18:34:25.054469,100.0,59.624656677246094,400.0
2026-04-22T18:34:27.256861,100.0,59.82699966430664,400.0
2026-04-22T18:34:29.461271,100.0,59.725830078125,400.0
2026-04-22T18:34:31.665635,100.0,59.77641296386719,400.0
2026-04-22T18:34:33.870101,100.0,59.82699966430664,400.0
2026-04-22T18:34:36.073369,100.0,59.92817306518555,400.0
2026-04-22T18:34:38.277803,100.0,59.877586364746094,400.0
2026-04-22T18:34:40.482057,100.0,59.92817306518555,400.0
2026-04-22T18:34:42.686279,100.0,59.978759765625,400.0
2026-04-22T18:34:44.890418,100.0,59.82699966430664,400.0
2026-04-22T18:34:47.093756,100.0,59.77641296386719,400.0
2026-04-22T18:34:49.296987,100.0,59.624656677246094,400.0
2026-04-22T18:34:51.500540,100.0,59.57406997680664,400.0
2026-04-22T18:34:53.703667,100.0,59.472896575927734,400.0
2026-04-22T18:34:55.909605,100.0,59.27055358886719,400.0
2026-04-22T18:34:58.112907,100.0,59.219966888427734,400.0
2026-04-22T18:35:00.315954,100.0,59.11879348754883,400.0
2026-04-22T18:35:02.519772,100.0,59.068206787109375,400.0
2026-04-22T18:35:04.721896,100.0,59.01762008666992,400.0
2026-04-22T18:35:06.925020,100.0,58.96703338623047,400.0
2026-04-22T18:35:09.129110,100.0,58.96703338623047,400.0
2026-04-22T18:35:11.332579,100.0,58.76469039916992,400.0
2026-04-22T18:35:13.537090,100.0,58.56234359741211,400.0
2026-04-22T18:35:15.742376,100.0,58.663516998291016,400.0
2026-04-22T18:35:17.944736,100.0,58.663516998291016,400.0
2026-04-22T18:35:20.149114,100.0,58.663516998291016,400.0
2026-04-22T18:35:22.352293,100.0,58.56234359741211,400.0
2026-04-22T18:35:24.557083,100.0,58.410587310791016,400.0
2026-04-22T18:35:26.759160,100.0,58.410587310791016,400.0
2026-04-22T18:35:28.961445,100.0,58.410587310791016,400.0
2026-04-22T18:35:31.164932,100.0,58.36000061035156,400.0
2026-04-22T18:35:33.369111,100.0,58.30941390991211,400.0
2026-04-22T18:35:35.571783,100.0,58.30941390991211,400.0
2026-04-22T18:35:37.776327,100.0,58.157657623291016,400.0
2026-04-22T18:35:39.990060,100.0,58.10707092285156,400.0
2026-04-22T18:35:42.195550,100.0,58.10707092285156,400.0
2026-04-22T18:35:44.398851,100.0,58.05648422241211,400.0
2026-04-22T18:35:46.600990,100.0,57.8541374206543,400.0
2026-04-22T18:35:48.803419,100.0,57.803550720214844,400.0
2026-04-22T18:35:51.006806,100.0,57.8541374206543,400.0
2026-04-22T18:35:53.212016,100.0,57.7023811340332,400.0
2026-04-22T18:35:55.416922,100.0,57.6012077331543,400.0
2026-04-22T18:35:57.620202,100.0,57.6012077331543,400.0
2026-04-22T18:35:59.831363,100.0,57.65179443359375,400.0
2026-04-22T18:36:02.033299,100.0,57.550621032714844,400.0
2026-04-22T18:36:04.235989,100.0,57.6012077331543,400.0
2026-04-22T18:36:06.439321,100.0,57.50003433227539,400.0
2026-04-22T18:36:08.642689,100.0,57.44944763183594,400.0
2026-04-22T18:36:10.846526,100.0,57.6012077331543,400.0
2026-04-22T18:36:13.053391,100.0,57.398860931396484,400.0
2026-04-22T18:36:15.261339,100.0,57.398860931396484,400.0
2026-04-22T18:36:17.463937,100.0,57.3482780456543,400.0
2026-04-22T18:36:19.666974,100.0,57.24710464477539,400.0
2026-04-22T18:36:21.870573,100.0,57.24710464477539,400.0
2026-04-22T18:36:24.073839,100.0,57.24710464477539,400.0
2026-04-22T18:36:26.276593,100.0,57.3482780456543,400.0
2026-04-22T18:36:28.484757,100.0,57.09534454345703,400.0
2026-04-22T18:36:30.688735,100.0,57.19651794433594,400.0
2026-04-22T18:36:32.892676,100.0,57.145931243896484,400.0
2026-04-22T18:36:35.096144,100.0,57.04475784301758,400.0
2026-04-22T18:36:37.299044,100.0,57.09534454345703,400.0
2026-04-22T18:36:39.502197,100.0,57.04475784301758,400.0
2026-04-22T18:36:41.708136,100.0,56.994171142578125,400.0
2026-04-22T18:36:43.912510,100.0,56.994171142578125,400.0
2026-04-22T18:36:46.115456,100.0,56.84241485595703,400.0
2026-04-22T18:36:48.318529,100.0,56.79182815551758,400.0
2026-04-22T18:36:50.520542,100.0,56.79182815551758,400.0
2026-04-22T18:36:52.723183,100.0,56.741241455078125,400.0
2026-04-22T18:36:54.929260,100.0,56.893001556396484,400.0
2026-04-22T18:36:57.136219,100.0,56.94358825683594,400.0
2026-04-22T18:36:59.342047,100.0,56.893001556396484,400.0
2026-04-22T18:37:01.545159,100.0,57.04475784301758,400.0
2026-04-22T18:37:03.748461,100.0,57.145931243896484,400.0
2026-04-22T18:37:05.952120,100.0,57.24710464477539,400.0
2026-04-22T18:37:08.155176,100.0,57.297691345214844,400.0
2026-04-22T18:37:10.358544,100.0,57.398860931396484,400.0
2026-04-22T18:37:12.560671,100.0,57.50003433227539,400.0
2026-04-22T18:37:14.763501,100.0,57.550621032714844,400.0
2026-04-22T18:37:16.966596,100.0,57.6012077331543,400.0
2026-04-22T18:37:19.170506,100.0,57.6012077331543,400.0
2026-04-22T18:37:21.380008,100.0,57.803550720214844,400.0
2026-04-22T18:37:23.583919,100.0,57.8541374206543,400.0
2026-04-22T18:37:25.786470,100.0,57.8541374206543,400.0
2026-04-22T18:37:27.988285,100.0,57.9553108215332,400.0
2026-04-22T18:37:30.192024,100.0,58.05648422241211,400.0
2026-04-22T18:37:32.395266,100.0,58.10707092285156,400.0
2026-04-22T18:37:34.597796,100.0,58.10707092285156,400.0
2026-04-22T18:37:36.801170,100.0,58.157657623291016,400.0
2026-04-22T18:37:39.004918,100.0,58.10707092285156,400.0
2026-04-22T18:37:41.207040,100.0,58.258827209472656,400.0
2026-04-22T18:37:43.411133,100.0,58.258827209472656,400.0
2026-04-22T18:37:45.614705,100.0,58.36000061035156,400.0
2026-04-22T18:37:47.819814,100.0,58.36000061035156,400.0
2026-04-22T18:37:50.024129,100.0,58.36000061035156,400.0
2026-04-22T18:37:52.228620,100.0,58.410587310791016,400.0
2026-04-22T18:37:54.431531,100.0,58.56234359741211,400.0
2026-04-22T18:37:56.635406,100.0,58.51176071166992,400.0
2026-04-22T18:37:58.838216,100.0,58.61293029785156,400.0
2026-04-22T18:38:01.042303,100.0,58.71410369873047,400.0
2026-04-22T18:38:03.245706,100.0,58.815277099609375,400.0
2026-04-22T18:38:05.447851,100.0,58.815277099609375,400.0
2026-04-22T18:38:07.651226,100.0,58.71410369873047,400.0
2026-04-22T18:38:09.855046,100.0,58.96703338623047,400.0
2026-04-22T18:38:12.058922,100.0,59.01762008666992,400.0
2026-04-22T18:38:14.260942,100.0,59.01762008666992,400.0
2026-04-22T18:38:16.464619,100.0,59.11879348754883,400.0
2026-04-22T18:38:18.668909,100.0,59.068206787109375,400.0
2026-04-22T18:38:20.871967,100.0,59.068206787109375,400.0
2026-04-22T18:38:23.078862,100.0,59.16938018798828,400.0
2026-04-22T18:38:25.281521,100.0,59.11879348754883,400.0
2026-04-22T18:38:27.487616,100.0,59.219966888427734,400.0
2026-04-22T18:38:29.690689,100.0,59.11879348754883,400.0
2026-04-22T18:38:31.893589,100.0,59.27055358886719,400.0
2026-04-22T18:38:34.095736,100.0,59.16938018798828,400.0
2026-04-22T18:38:36.301565,100.0,59.11879348754883,400.0
2026-04-22T18:38:38.504632,100.0,59.37172317504883,400.0
2026-04-22T18:38:40.707997,100.0,59.27055358886719,400.0
2026-04-22T18:38:42.914056,100.0,59.219966888427734,400.0
2026-04-22T18:38:45.125535,100.0,59.219966888427734,400.0
2026-04-22T18:38:47.327784,100.0,59.27055358886719,400.0
2026-04-22T18:38:49.536998,100.0,59.11879348754883,400.0
2026-04-22T18:38:51.739292,100.0,59.068206787109375,400.0
2026-04-22T18:38:53.943316,100.0,59.01762008666992,400.0
2026-04-22T18:38:56.146729,100.0,58.91645050048828,400.0
2026-04-22T18:38:58.351205,100.0,58.91645050048828,400.0
2026-04-22T18:39:00.556696,100.0,58.663516998291016,400.0
2026-04-22T18:39:02.761681,100.0,58.815277099609375,400.0
2026-04-22T18:39:04.967469,100.0,58.56234359741211,400.0
2026-04-22T18:39:07.169159,100.0,58.61293029785156,400.0
2026-04-22T18:39:09.371220,100.0,58.30941390991211,400.0
2026-04-22T18:39:11.574914,100.0,58.410587310791016,400.0
2026-04-22T18:39:13.779507,100.0,58.258827209472656,400.0
2026-04-22T18:39:15.981821,100.0,58.258827209472656,400.0
2026-04-22T18:39:18.185945,100.0,58.05648422241211,400.0
2026-04-22T18:39:20.388097,100.0,58.10707092285156,400.0
2026-04-22T18:39:22.590996,100.0,58.005897521972656,400.0
2026-04-22T18:39:24.794891,100.0,58.05648422241211,400.0
2026-04-22T18:39:26.998895,100.0,57.8541374206543,400.0
2026-04-22T18:39:29.202578,100.0,57.803550720214844,400.0
2026-04-22T18:39:31.406379,100.0,57.65179443359375,400.0
2026-04-22T18:39:33.610272,100.0,57.6012077331543,400.0
2026-04-22T18:39:35.816098,100.0,57.6012077331543,400.0
2026-04-22T18:39:38.020000,100.0,57.550621032714844,400.0
2026-04-22T18:39:40.224893,100.0,57.6012077331543,400.0
2026-04-22T18:39:42.429008,100.0,57.44944763183594,400.0
2026-04-22T18:39:44.633009,100.0,57.297691345214844,400.0
2026-04-22T18:39:46.839214,100.0,57.24710464477539,400.0
2026-04-22T18:39:49.045173,100.0,57.19651794433594,400.0
2026-04-22T18:39:51.248825,100.0,57.145931243896484,400.0
2026-04-22T18:39:53.451724,100.0,57.19651794433594,400.0
2026-04-22T18:39:55.653631,100.0,57.145931243896484,400.0
2026-04-22T18:39:57.858131,100.0,57.19651794433594,400.0
2026-04-22T18:40:00.066591,100.0,57.297691345214844,400.0
2026-04-22T18:40:02.268431,100.0,57.297691345214844,400.0
2026-04-22T18:40:04.471289,100.0,57.398860931396484,400.0
2026-04-22T18:40:06.674799,100.0,57.44944763183594,400.0
2026-04-22T18:40:08.880781,100.0,57.44944763183594,400.0
2026-04-22T18:40:11.083696,100.0,57.6012077331543,400.0
2026-04-22T18:40:13.287452,100.0,57.752967834472656,400.0
2026-04-22T18:40:15.492663,100.0,57.7023811340332,400.0
2026-04-22T18:40:17.697431,100.0,57.8541374206543,400.0
2026-04-22T18:40:19.901521,100.0,57.803550720214844,400.0
2026-04-22T18:40:22.107001,100.0,57.8541374206543,400.0
2026-04-22T18:40:24.309222,100.0,57.8541374206543,400.0
2026-04-22T18:40:26.512797,100.0,58.005897521972656,400.0
2026-04-22T18:40:28.715910,100.0,58.10707092285156,400.0
2026-04-22T18:40:30.920611,100.0,58.2082405090332,400.0
2026-04-22T18:40:33.123376,100.0,58.258827209472656,400.0
2026-04-22T18:40:35.325427,100.0,58.2082405090332,400.0
2026-04-22T18:40:37.529919,100.0,58.30941390991211,400.0
2026-04-22T18:40:39.735339,100.0,58.2082405090332,400.0
2026-04-22T18:40:41.940563,100.0,58.36000061035156,400.0
2026-04-22T18:40:44.145771,100.0,58.46117401123047,400.0
2026-04-22T18:40:46.347522,100.0,58.410587310791016,400.0
2026-04-22T18:40:48.551440,100.0,58.61293029785156,400.0
2026-04-22T18:40:50.756737,100.0,58.56234359741211,400.0
2026-04-22T18:40:52.959379,100.0,58.51176071166992,400.0
2026-04-22T18:40:55.162885,100.0,58.56234359741211,400.0
2026-04-22T18:40:57.367439,100.0,58.56234359741211,400.0
2026-04-22T18:40:59.571767,100.0,58.663516998291016,400.0
2026-04-22T18:41:01.774861,100.0,58.815277099609375,400.0
2026-04-22T18:41:03.979768,100.0,58.51176071166992,400.0
2026-04-22T18:41:06.184025,100.0,58.61293029785156,400.0
2026-04-22T18:41:08.388051,100.0,58.815277099609375,400.0
2026-04-22T18:41:10.593782,100.0,58.815277099609375,400.0
2026-04-22T18:41:12.797669,100.0,58.96703338623047,400.0
2026-04-22T18:41:15.001885,100.0,58.76469039916992,400.0
2026-04-22T18:41:17.205202,100.0,58.86586380004883,400.0
2026-04-22T18:41:19.410208,100.0,58.96703338623047,400.0
2026-04-22T18:41:21.616374,100.0,59.068206787109375,400.0
2026-04-22T18:41:23.821039,100.0,59.01762008666992,400.0
2026-04-22T18:41:26.025475,100.0,58.91645050048828,400.0
2026-04-22T18:41:28.230166,100.0,58.91645050048828,400.0
2026-04-22T18:41:30.433519,100.0,58.86586380004883,400.0
2026-04-22T18:41:32.636416,100.0,58.815277099609375,400.0
2026-04-22T18:41:34.838762,100.0,58.51176071166992,400.0
2026-04-22T18:41:37.042064,100.0,58.46117401123047,400.0
2026-04-22T18:41:39.244061,100.0,58.258827209472656,400.0
2026-04-22T18:41:41.450396,100.0,58.30941390991211,400.0
2026-04-22T18:41:43.653688,100.0,58.10707092285156,400.0
2026-04-22T18:41:45.856063,100.0,58.05648422241211,400.0
2026-04-22T18:41:48.060664,100.0,58.05648422241211,400.0
2026-04-22T18:41:50.263660,100.0,58.05648422241211,400.0
2026-04-22T18:41:52.466487,100.0,57.8541374206543,400.0
2026-04-22T18:41:54.669686,100.0,57.7023811340332,400.0
2026-04-22T18:41:56.872864,100.0,57.803550720214844,400.0
2026-04-22T18:41:59.076097,100.0,57.7023811340332,400.0
2026-04-22T18:42:01.279621,100.0,57.550621032714844,400.0
2026-04-22T18:42:03.484382,100.0,57.50003433227539,400.0
2026-04-22T18:42:05.689409,100.0,57.44944763183594,400.0
2026-04-22T18:42:07.894698,100.0,57.3482780456543,400.0
2026-04-22T18:42:10.099281,100.0,57.3482780456543,400.0
2026-04-22T18:42:12.302059,100.0,57.3482780456543,400.0
2026-04-22T18:42:14.506606,100.0,57.24710464477539,400.0
2026-04-22T18:42:16.708962,100.0,57.09534454345703,400.0
2026-04-22T18:42:18.911181,100.0,57.09534454345703,400.0
2026-04-22T18:42:21.114265,100.0,57.04475784301758,400.0
2026-04-22T18:42:23.326000,100.0,56.94358825683594,400.0
2026-04-22T18:42:25.529433,100.0,56.84241485595703,400.0
2026-04-22T18:42:27.731732,100.0,56.84241485595703,400.0
2026-04-22T18:42:29.935002,100.0,56.79182815551758,400.0
2026-04-22T18:42:32.137978,100.0,56.741241455078125,400.0
2026-04-22T18:42:34.341908,100.0,56.741241455078125,400.0
2026-04-22T18:42:36.544121,100.0,56.69065475463867,400.0
2026-04-22T18:42:38.747026,100.0,56.69065475463867,400.0
2026-04-22T18:42:40.948997,100.0,56.741241455078125,400.0
2026-04-22T18:42:43.152229,100.0,56.64006805419922,400.0
2026-04-22T18:42:45.355371,100.0,56.589481353759766,400.0
2026-04-22T18:42:47.561344,100.0,56.589481353759766,400.0
2026-04-22T18:42:49.767372,100.0,56.43772506713867,400.0
2026-04-22T18:42:51.969721,100.0,56.336551666259766,400.0
2026-04-22T18:42:54.177843,100.0,56.336551666259766,400.0
2026-04-22T18:42:56.380134,100.0,56.28596496582031,400.0
2026-04-22T18:42:58.582364,100.0,56.336551666259766,400.0
2026-04-22T18:43:00.786452,100.0,56.23537826538086,400.0
2026-04-22T18:43:02.991245,100.0,56.23537826538086,400.0
2026-04-22T18:43:05.203128,100.0,56.13420867919922,400.0
2026-04-22T18:43:07.406085,100.0,56.13420867919922,400.0
2026-04-22T18:43:09.620385,100.0,56.083621978759766,400.0
2026-04-22T18:43:11.824214,100.0,56.03303527832031,400.0
2026-04-22T18:43:14.029270,100.0,56.13420867919922,400.0
2026-04-22T18:43:16.232383,100.0,56.23537826538086,400.0
2026-04-22T18:43:18.437011,100.0,56.336551666259766,400.0
2026-04-22T18:43:20.641011,100.0,56.43772506713867,400.0
2026-04-22T18:43:22.850020,100.0,56.53889846801758,400.0
2026-04-22T18:43:25.053018,100.0,56.64006805419922,400.0
2026-04-22T18:43:27.255223,100.0,56.64006805419922,400.0
2026-04-22T18:43:29.457920,100.0,56.79182815551758,400.0
2026-04-22T18:43:31.661009,100.0,56.84241485595703,400.0
2026-04-22T18:43:33.865889,100.0,56.84241485595703,400.0
2026-04-22T18:43:36.069003,100.0,56.84241485595703,400.0
2026-04-22T18:43:38.273299,100.0,57.04475784301758,400.0
2026-04-22T18:43:40.478344,100.0,57.09534454345703,400.0
2026-04-22T18:43:42.681260,100.0,57.19651794433594,400.0
2026-04-22T18:43:44.885371,100.0,57.3482780456543,400.0
2026-04-22T18:43:47.091344,100.0,57.3482780456543,400.0
2026-04-22T18:43:49.294059,100.0,57.24710464477539,400.0
2026-04-22T18:43:51.499356,100.0,57.297691345214844,400.0
2026-04-22T18:43:53.702910,100.0,57.550621032714844,400.0
2026-04-22T18:43:55.906664,100.0,57.550621032714844,400.0
2026-04-22T18:43:58.108626,100.0,57.6012077331543,400.0
2026-04-22T18:44:00.310879,100.0,57.752967834472656,400.0
2026-04-22T18:44:02.515592,100.0,57.7023811340332,400.0
2026-04-22T18:44:04.717908,100.0,57.7023811340332,400.0
2026-04-22T18:44:06.920795,100.0,57.65179443359375,400.0
2026-04-22T18:44:09.124134,100.0,57.803550720214844,400.0
2026-04-22T18:44:11.329724,100.0,57.803550720214844,400.0
2026-04-22T18:44:13.532691,100.0,58.005897521972656,400.0
2026-04-22T18:44:15.735963,100.0,57.9553108215332,400.0
2026-04-22T18:44:17.938233,100.0,58.10707092285156,400.0
2026-04-22T18:44:20.141691,100.0,58.10707092285156,400.0
2026-04-22T18:44:22.344401,100.0,58.2082405090332,400.0
2026-04-22T18:44:24.550590,100.0,58.2082405090332,400.0
2026-04-22T18:44:26.754453,100.0,58.2082405090332,400.0
2026-04-22T18:44:28.958230,100.0,58.258827209472656,400.0
2026-04-22T18:44:31.163052,100.0,58.36000061035156,400.0
2026-04-22T18:44:33.366534,100.0,58.30941390991211,400.0
2026-04-22T18:44:35.569054,100.0,58.36000061035156,400.0
2026-04-22T18:44:37.771443,100.0,58.36000061035156,400.0
2026-04-22T18:44:39.973727,100.0,58.36000061035156,400.0
2026-04-22T18:44:42.181148,100.0,58.46117401123047,400.0
2026-04-22T18:44:44.384387,100.0,58.56234359741211,400.0
2026-04-22T18:44:46.588659,100.0,58.56234359741211,400.0
2026-04-22T18:44:48.792228,100.0,58.46117401123047,400.0
2026-04-22T18:44:50.995211,100.0,58.410587310791016,400.0
2026-04-22T18:44:53.198142,100.0,58.46117401123047,400.0
2026-04-22T18:44:55.402791,100.0,58.258827209472656,400.0
2026-04-22T18:44:57.605953,100.0,58.2082405090332,400.0
2026-04-22T18:44:59.808270,100.0,58.258827209472656,400.0
2026-04-22T18:45:02.015722,100.0,58.2082405090332,400.0
2026-04-22T18:45:04.223026,100.0,57.90472412109375,400.0
2026-04-22T18:45:06.426163,100.0,57.8541374206543,400.0
2026-04-22T18:45:08.640833,100.0,57.8541374206543,400.0
2026-04-22T18:45:10.844319,100.0,57.752967834472656,400.0
2026-04-22T18:45:13.047487,100.0,57.65179443359375,400.0
2026-04-22T18:45:15.251186,100.0,57.50003433227539,400.0
2026-04-22T18:45:17.456377,100.0,57.398860931396484,400.0
2026-04-22T18:45:19.660993,100.0,57.3482780456543,400.0
2026-04-22T18:45:21.864709,100.0,57.297691345214844,400.0
2026-04-22T18:45:24.069590,100.0,57.297691345214844,400.0
2026-04-22T18:45:26.274540,100.0,57.24710464477539,400.0
2026-04-22T18:45:28.478935,100.0,57.19651794433594,400.0
2026-04-22T18:45:30.682152,100.0,57.04475784301758,400.0
2026-04-22T18:45:32.886260,100.0,57.145931243896484,400.0
2026-04-22T18:45:35.091475,100.0,57.145931243896484,400.0
2026-04-22T18:45:37.299331,100.0,56.994171142578125,400.0
2026-04-22T18:45:39.504960,100.0,57.09534454345703,400.0
2026-04-22T18:45:41.706966,100.0,56.994171142578125,400.0
2026-04-22T18:45:43.910407,100.0,56.94358825683594,400.0
2026-04-22T18:45:46.114452,100.0,56.994171142578125,400.0
2026-04-22T18:45:48.317838,100.0,56.94358825683594,400.0
2026-04-22T18:45:50.521732,100.0,57.04475784301758,400.0
2026-04-22T18:45:52.724616,100.0,57.09534454345703,400.0
2026-04-22T18:45:54.928470,100.0,57.19651794433594,400.0
2026-04-22T18:45:57.132849,100.0,57.145931243896484,400.0
2026-04-22T18:45:59.338024,100.0,57.297691345214844,400.0
2026-04-22T18:46:01.541878,100.0,57.3482780456543,400.0
2026-04-22T18:46:03.745187,100.0,57.50003433227539,400.0
2026-04-22T18:46:05.948445,100.0,57.550621032714844,400.0
2026-04-22T18:46:08.150956,100.0,57.550621032714844,400.0
2026-04-22T18:46:10.354774,100.0,57.6012077331543,400.0
2026-04-22T18:46:12.557822,100.0,57.65179443359375,400.0
2026-04-22T18:46:14.760514,100.0,57.65179443359375,400.0
2026-04-22T18:46:16.963608,100.0,57.803550720214844,400.0
2026-04-22T18:46:19.178497,100.0,57.8541374206543,400.0
2026-04-22T18:46:21.382636,100.0,57.8541374206543,400.0
2026-04-22T18:46:23.587075,100.0,57.8541374206543,400.0
2026-04-22T18:46:25.791205,100.0,58.05648422241211,400.0
2026-04-22T18:46:27.994956,100.0,58.2082405090332,400.0
2026-04-22T18:46:30.197325,100.0,58.10707092285156,400.0
2026-04-22T18:46:32.400493,100.0,58.10707092285156,400.0
2026-04-22T18:46:34.604730,100.0,58.157657623291016,400.0
2026-04-22T18:46:36.809450,100.0,58.258827209472656,400.0
2026-04-22T18:46:39.015529,100.0,58.30941390991211,400.0
2026-04-22T18:46:41.219363,100.0,58.36000061035156,400.0
2026-04-22T18:46:43.422641,100.0,58.410587310791016,400.0
2026-04-22T18:46:45.625789,100.0,58.410587310791016,400.0
2026-04-22T18:46:47.828769,100.0,58.30941390991211,400.0
2026-04-22T18:46:50.033006,100.0,58.258827209472656,400.0
2026-04-22T18:46:52.239190,100.0,58.157657623291016,400.0
2026-04-22T18:46:54.458978,100.0,58.05648422241211,400.0
2026-04-22T18:46:56.661915,100.0,58.05648422241211,400.0
2026-04-22T18:46:58.866128,100.0,58.05648422241211,400.0
2026-04-22T18:47:01.070008,100.0,57.803550720214844,400.0
2026-04-22T18:47:03.272737,100.0,57.752967834472656,400.0
2026-04-22T18:47:05.475864,100.0,57.752967834472656,400.0
2026-04-22T18:47:07.679414,100.0,57.6012077331543,400.0
2026-04-22T18:47:09.883458,100.0,57.6012077331543,400.0
2026-04-22T18:47:12.086555,100.0,57.50003433227539,400.0
2026-04-22T18:47:14.288582,100.0,57.50003433227539,400.0
2026-04-22T18:47:16.491370,100.0,57.398860931396484,400.0
2026-04-22T18:47:18.695781,100.0,57.44944763183594,400.0
2026-04-22T18:47:20.898739,100.0,57.50003433227539,400.0
2026-04-22T18:47:23.103046,100.0,57.550621032714844,400.0
2026-04-22T18:47:25.307455,100.0,57.7023811340332,400.0
2026-04-22T18:47:27.512301,100.0,57.7023811340332,400.0
2026-04-22T18:47:29.715172,100.0,57.803550720214844,400.0
2026-04-22T18:47:31.918706,100.0,57.752967834472656,400.0
2026-04-22T18:47:34.121241,100.0,57.8541374206543,400.0
2026-04-22T18:47:36.325159,100.0,57.8541374206543,400.0
2026-04-22T18:47:38.528411,100.0,58.005897521972656,400.0
2026-04-22T18:47:40.732569,100.0,58.05648422241211,400.0
2026-04-22T18:47:42.935446,100.0,58.2082405090332,400.0
2026-04-22T18:47:45.138252,100.0,58.258827209472656,400.0
2026-04-22T18:47:47.341428,100.0,58.258827209472656,400.0
2026-04-22T18:47:49.549023,100.0,58.258827209472656,400.0
2026-04-22T18:47:51.753501,100.0,58.36000061035156,400.0
2026-04-22T18:47:53.957002,100.0,58.46117401123047,400.0
2026-04-22T18:47:56.160809,100.0,58.410587310791016,400.0
2026-04-22T18:47:58.364603,100.0,58.410587310791016,400.0
2026-04-22T18:48:00.568395,100.0,58.51176071166992,400.0
2026-04-22T18:48:02.771764,100.0,58.61293029785156,400.0
2026-04-22T18:48:04.975327,100.0,58.61293029785156,400.0
2026-04-22T18:48:07.176890,100.0,58.71410369873047,400.0
2026-04-22T18:48:09.381915,100.0,58.815277099609375,400.0
2026-04-22T18:48:11.595494,100.0,58.56234359741211,400.0
2026-04-22T18:48:13.800199,100.0,58.815277099609375,400.0
2026-04-22T18:48:16.005682,100.0,58.91645050048828,400.0
2026-04-22T18:48:18.224344,100.0,58.96703338623047,400.0
2026-04-22T18:48:20.427040,100.0,58.91645050048828,400.0
2026-04-22T18:48:22.628995,100.0,59.068206787109375,400.0
2026-04-22T18:48:24.832313,100.0,59.27055358886719,400.0
2026-04-22T18:48:27.034142,100.0,59.219966888427734,400.0
2026-04-22T18:48:29.238613,100.0,59.11879348754883,400.0
2026-04-22T18:48:31.440226,100.0,59.068206787109375,400.0
2026-04-22T18:48:33.643222,100.0,58.96703338623047,400.0
2026-04-22T18:48:35.847021,100.0,58.76469039916992,400.0
2026-04-22T18:48:38.050073,100.0,58.86586380004883,400.0
2026-04-22T18:48:40.253787,100.0,58.815277099609375,400.0
2026-04-22T18:48:42.457254,100.0,58.71410369873047,400.0
2026-04-22T18:48:44.660674,100.0,58.56234359741211,400.0
2026-04-22T18:48:46.864124,100.0,58.51176071166992,400.0
2026-04-22T18:48:49.067239,100.0,58.410587310791016,400.0
2026-04-22T18:48:51.270958,100.0,58.410587310791016,400.0
2026-04-22T18:48:53.474481,100.0,58.2082405090332,400.0
2026-04-22T18:48:55.678265,100.0,58.157657623291016,400.0
2026-04-22T18:48:57.880129,100.0,58.005897521972656,400.0
2026-04-22T18:49:00.083711,100.0,58.157657623291016,400.0
2026-04-22T18:49:02.286351,100.0,58.005897521972656,400.0
2026-04-22T18:49:04.490411,100.0,57.8541374206543,400.0
2026-04-22T18:49:06.694392,100.0,57.803550720214844,400.0
2026-04-22T18:49:08.897340,100.0,57.803550720214844,400.0
2026-04-22T18:49:11.099744,100.0,57.8541374206543,400.0
2026-04-22T18:49:13.304777,100.0,57.7023811340332,400.0
2026-04-22T18:49:15.509348,100.0,57.752967834472656,400.0
2026-04-22T18:49:17.714184,100.0,57.65179443359375,400.0
2026-04-22T18:49:19.918538,100.0,57.752967834472656,400.0
2026-04-22T18:49:22.123336,100.0,57.7023811340332,400.0
2026-04-22T18:49:24.327431,100.0,57.6012077331543,400.0
2026-04-22T18:49:26.531153,100.0,57.65179443359375,400.0
2026-04-22T18:49:28.739976,100.0,57.6012077331543,400.0
2026-04-22T18:49:30.943198,100.0,57.550621032714844,400.0
2026-04-22T18:49:33.147421,100.0,57.44944763183594,400.0
2026-04-22T18:49:35.350589,100.0,57.398860931396484,400.0
2026-04-22T18:49:37.556379,100.0,57.44944763183594,400.0
2026-04-22T18:49:39.759685,100.0,57.550621032714844,400.0
2026-04-22T18:49:41.962318,100.0,57.24710464477539,400.0
2026-04-22T18:49:44.166780,100.0,57.44944763183594,400.0
2026-04-22T18:49:46.372888,100.0,57.297691345214844,400.0
2026-04-22T18:49:48.578063,100.0,57.24710464477539,400.0
2026-04-22T18:49:50.783886,100.0,57.24710464477539,400.0
2026-04-22T18:49:52.985765,100.0,57.19651794433594,400.0
2026-04-22T18:49:55.189997,100.0,57.145931243896484,400.0
2026-04-22T18:49:57.391770,100.0,57.19651794433594,400.0
2026-04-22T18:49:59.598540,100.0,56.994171142578125,400.0
2026-04-22T18:50:01.804128,100.0,57.04475784301758,400.0
2026-04-22T18:50:04.007591,100.0,56.994171142578125,400.0
2026-04-22T18:50:06.210822,100.0,56.94358825683594,400.0
2026-04-22T18:50:08.413425,100.0,57.04475784301758,400.0
2026-04-22T18:50:10.618691,100.0,56.893001556396484,400.0
2026-04-22T18:50:12.823308,100.0,57.04475784301758,400.0
2026-04-22T18:50:15.027323,100.0,57.04475784301758,400.0
2026-04-22T18:50:17.230945,100.0,57.09534454345703,400.0
2026-04-22T18:50:19.439752,100.0,57.19651794433594,400.0
2026-04-22T18:50:21.643805,100.0,57.3482780456543,400.0
2026-04-22T18:50:23.846591,100.0,57.3482780456543,400.0
2026-04-22T18:50:26.053873,100.0,57.50003433227539,400.0
2026-04-22T18:50:28.257534,100.0,57.550621032714844,400.0
2026-04-22T18:50:30.462334,100.0,57.6012077331543,400.0
2026-04-22T18:50:32.667444,100.0,57.65179443359375,400.0
2026-04-22T18:50:34.869773,100.0,57.65179443359375,400.0
2026-04-22T18:50:37.072121,100.0,57.803550720214844,400.0
2026-04-22T18:50:39.276368,100.0,57.90472412109375,400.0
2026-04-22T18:50:41.482981,100.0,57.8541374206543,400.0
2026-04-22T18:50:43.686230,100.0,57.90472412109375,400.0
2026-04-22T18:50:45.895093,100.0,58.10707092285156,400.0
2026-04-22T18:50:48.099749,100.0,58.157657623291016,400.0
2026-04-22T18:50:50.303883,100.0,58.36000061035156,400.0
2026-04-22T18:50:52.508005,100.0,58.258827209472656,400.0
2026-04-22T18:50:54.711252,100.0,58.30941390991211,400.0
2026-04-22T18:50:56.913330,100.0,58.410587310791016,400.0
2026-04-22T18:50:59.116235,100.0,58.36000061035156,400.0
2026-04-22T18:51:01.319710,100.0,58.51176071166992,400.0
2026-04-22T18:51:03.524249,100.0,58.51176071166992,400.0
2026-04-22T18:51:05.734198,100.0,58.56234359741211,400.0
2026-04-22T18:51:07.937679,100.0,58.76469039916992,400.0
2026-04-22T18:51:10.141318,100.0,58.56234359741211,400.0
2026-04-22T18:51:12.357750,100.0,58.663516998291016,400.0
2026-04-22T18:51:14.563216,100.0,58.91645050048828,400.0
2026-04-22T18:51:16.768759,100.0,58.86586380004883,400.0
2026-04-22T18:51:18.979260,100.0,58.815277099609375,400.0
2026-04-22T18:51:21.183174,100.0,58.91645050048828,400.0
2026-04-22T18:51:23.389283,100.0,59.068206787109375,400.0
2026-04-22T18:51:25.591101,100.0,59.068206787109375,400.0
2026-04-22T18:51:27.793878,100.0,59.11879348754883,400.0
2026-04-22T18:51:29.996854,100.0,59.32114028930664,400.0
2026-04-22T18:51:32.201878,100.0,59.27055358886719,400.0
2026-04-22T18:51:34.404673,100.0,59.42230987548828,400.0
2026-04-22T18:51:36.608439,100.0,59.32114028930664,400.0
2026-04-22T18:51:38.811141,100.0,59.32114028930664,400.0
2026-04-22T18:51:41.013613,100.0,59.37172317504883,400.0
2026-04-22T18:51:43.226909,100.0,59.472896575927734,400.0
2026-04-22T18:51:45.428568,100.0,59.57406997680664,400.0
2026-04-22T18:51:47.633159,100.0,59.624656677246094,400.0
2026-04-22T18:51:49.837751,100.0,59.624656677246094,400.0
2026-04-22T18:51:52.042475,100.0,59.624656677246094,400.0
2026-04-22T18:51:54.244887,100.0,59.725830078125,400.0
2026-04-22T18:51:56.447647,100.0,59.67524337768555,400.0
2026-04-22T18:51:58.650253,100.0,59.77641296386719,400.0
2026-04-22T18:52:00.853607,100.0,59.82699966430664,400.0
2026-04-22T18:52:03.057240,100.0,59.82699966430664,400.0
2026-04-22T18:52:05.259318,100.0,59.877586364746094,400.0
2026-04-22T18:52:07.461044,100.0,59.92817306518555,400.0
2026-04-22T18:52:09.663367,100.0,59.978759765625,400.0
2026-04-22T18:52:11.867872,100.0,59.92817306518555,400.0
2026-04-22T18:52:14.071278,100.0,60.13051986694336,400.0
2026-04-22T18:52:16.274213,100.0,60.13051986694336,400.0
2026-04-22T18:52:18.477856,100.0,60.18110275268555,400.0
2026-04-22T18:52:20.680884,100.0,60.18110275268555,400.0
2026-04-22T18:52:22.883599,100.0,60.28227615356445,400.0
2026-04-22T18:52:25.086627,100.0,60.332862854003906,400.0
2026-04-22T18:52:27.288555,100.0,60.332862854003906,400.0
2026-04-22T18:52:29.491944,100.0,60.332862854003906,400.0
2026-04-22T18:52:31.694944,100.0,60.38344955444336,400.0
2026-04-22T18:52:33.897449,100.0,60.43403625488281,400.0
2026-04-22T18:52:36.101581,100.0,60.43403625488281,400.0
2026-04-22T18:52:38.306804,100.0,60.43403625488281,400.0
2026-04-22T18:52:40.509304,100.0,60.484622955322266,400.0
2026-04-22T18:52:42.712621,100.0,60.585792541503906,400.0
2026-04-22T18:52:44.916752,100.0,60.53520965576172,400.0
2026-04-22T18:52:47.119245,100.0,60.53520965576172,400.0
2026-04-22T18:52:49.322896,100.0,60.484622955322266,400.0
2026-04-22T18:52:51.525642,100.0,60.332862854003906,400.0
2026-04-22T18:52:53.730383,100.0,60.332862854003906,400.0
2026-04-22T18:52:55.934222,100.0,60.231689453125,400.0
2026-04-22T18:52:58.136340,100.0,60.18110275268555,400.0
2026-04-22T18:53:00.339919,100.0,60.079933166503906,400.0
2026-04-22T18:53:02.544937,100.0,60.079933166503906,400.0
2026-04-22T18:53:04.749580,100.0,59.978759765625,400.0
2026-04-22T18:53:06.953764,100.0,59.92817306518555,400.0
2026-04-22T18:53:09.156425,100.0,59.82699966430664,400.0
2026-04-22T18:53:11.361002,100.0,59.77641296386719,400.0
2026-04-22T18:53:13.563424,100.0,59.57406997680664,400.0
2026-04-22T18:53:15.767045,100.0,59.624656677246094,400.0
2026-04-22T18:53:17.970892,100.0,59.42230987548828,400.0
2026-04-22T18:53:20.175046,100.0,59.37172317504883,400.0
2026-04-22T18:53:22.378122,100.0,59.32114028930664,400.0
2026-04-22T18:53:24.582840,100.0,59.219966888427734,400.0
2026-04-22T18:53:26.787678,100.0,59.16938018798828,400.0
2026-04-22T18:53:28.990308,100.0,59.11879348754883,400.0
2026-04-22T18:53:31.196202,100.0,59.01762008666992,400.0
2026-04-22T18:53:33.398501,100.0,59.16938018798828,400.0
2026-04-22T18:53:35.601664,100.0,59.01762008666992,400.0
2026-04-22T18:53:37.805002,100.0,59.01762008666992,400.0
2026-04-22T18:53:40.008388,100.0,58.76469039916992,400.0
2026-04-22T18:53:42.211184,100.0,58.61293029785156,400.0
2026-04-22T18:53:44.413434,100.0,58.76469039916992,400.0
2026-04-22T18:53:46.618117,100.0,58.76469039916992,400.0
2026-04-22T18:53:48.822136,100.0,58.71410369873047,400.0
2026-04-22T18:53:51.023924,100.0,58.663516998291016,400.0
2026-04-22T18:53:53.226041,100.0,58.51176071166992,400.0
2026-04-22T18:53:55.428822,100.0,58.410587310791016,400.0
2026-04-22T18:53:57.632334,100.0,58.51176071166992,400.0
2026-04-22T18:53:59.835606,100.0,58.36000061035156,400.0
2026-04-22T18:54:02.038366,100.0,58.410587310791016,400.0
2026-04-22T18:54:04.241899,100.0,58.410587310791016,400.0
2026-04-22T18:54:06.447528,100.0,58.2082405090332,400.0
2026-04-22T18:54:08.650837,100.0,58.157657623291016,400.0
2026-04-22T18:54:10.853581,100.0,58.10707092285156,400.0
2026-04-22T18:54:13.058876,100.0,57.9553108215332,400.0
2026-04-22T18:54:15.263924,100.0,57.9553108215332,400.0
2026-04-22T18:54:17.466935,100.0,58.005897521972656,400.0
2026-04-22T18:54:19.670502,100.0,57.90472412109375,400.0
2026-04-22T18:54:21.874135,100.0,57.90472412109375,400.0
2026-04-22T18:54:24.076865,100.0,57.9553108215332,400.0
2026-04-22T18:54:26.283278,100.0,57.803550720214844,400.0
2026-04-22T18:54:28.489090,100.0,57.752967834472656,400.0
2026-04-22T18:54:30.693344,100.0,57.65179443359375,400.0
2026-04-22T18:54:32.896796,100.0,57.6012077331543,400.0
2026-04-22T18:54:35.105564,100.0,57.752967834472656,400.0
2026-04-22T18:54:37.308057,100.0,57.6012077331543,400.0
2026-04-22T18:54:39.511454,100.0,57.550621032714844,400.0
2026-04-22T18:54:41.716706,100.0,57.50003433227539,400.0
2026-04-22T18:54:43.919141,100.0,57.50003433227539,400.0
2026-04-22T18:54:46.123525,100.0,57.44944763183594,400.0
2026-04-22T18:54:48.327923,100.0,57.6012077331543,400.0
2026-04-22T18:54:50.532087,100.0,57.7023811340332,400.0
2026-04-22T18:54:52.735472,100.0,57.803550720214844,400.0
2026-04-22T18:54:54.939596,100.0,57.752967834472656,400.0
2026-04-22T18:54:57.144066,100.0,58.005897521972656,400.0
2026-04-22T18:54:59.349143,100.0,58.05648422241211,400.0
2026-04-22T18:55:01.552852,100.0,58.157657623291016,400.0
2026-04-22T18:55:03.755776,100.0,58.10707092285156,400.0
2026-04-22T18:55:05.959548,100.0,58.157657623291016,400.0
2026-04-22T18:55:08.169655,100.0,58.2082405090332,400.0
2026-04-22T18:55:10.373426,100.0,58.258827209472656,400.0
2026-04-22T18:55:12.575498,100.0,58.410587310791016,400.0
2026-04-22T18:55:14.778789,100.0,58.410587310791016,400.0
2026-04-22T18:55:16.982398,100.0,58.46117401123047,400.0
2026-04-22T18:55:19.188229,100.0,58.51176071166992,400.0
2026-04-22T18:55:21.390547,100.0,58.71410369873047,400.0
2026-04-22T18:55:23.592997,100.0,58.71410369873047,400.0
2026-04-22T18:55:25.796199,100.0,58.86586380004883,400.0
2026-04-22T18:55:28.000256,100.0,58.815277099609375,400.0
2026-04-22T18:55:30.203368,100.0,59.01762008666992,400.0
2026-04-22T18:55:32.407433,100.0,59.068206787109375,400.0
2026-04-22T18:55:34.610838,100.0,59.068206787109375,400.0
2026-04-22T18:55:36.814684,100.0,59.068206787109375,400.0
2026-04-22T18:55:39.027098,100.0,59.11879348754883,400.0
2026-04-22T18:55:41.231115,100.0,59.16938018798828,400.0
2026-04-22T18:55:43.435623,100.0,59.16938018798828,400.0
2026-04-22T18:55:45.638701,100.0,59.32114028930664,400.0
2026-04-22T18:55:47.841523,100.0,59.32114028930664,400.0
2026-04-22T18:55:50.048028,100.0,59.37172317504883,400.0
2026-04-22T18:55:52.251327,100.0,59.52348327636719,400.0
2026-04-22T18:55:54.455165,100.0,59.37172317504883,400.0
2026-04-22T18:55:56.658655,100.0,59.472896575927734,400.0
2026-04-22T18:55:58.862164,100.0,59.472896575927734,400.0
2026-04-22T18:56:01.066447,100.0,59.52348327636719,400.0
2026-04-22T18:56:03.271171,100.0,59.57406997680664,400.0
2026-04-22T18:56:05.474807,100.0,59.624656677246094,400.0
2026-04-22T18:56:07.677575,100.0,59.67524337768555,400.0
2026-04-22T18:56:09.881000,100.0,59.67524337768555,400.0
2026-04-22T18:56:12.084600,100.0,59.725830078125,400.0
2026-04-22T18:56:14.291415,100.0,59.77641296386719,400.0
2026-04-22T18:56:16.494976,100.0,59.77641296386719,400.0
2026-04-22T18:56:18.699481,100.0,59.82699966430664,400.0
2026-04-22T18:56:20.903204,100.0,60.02934646606445,400.0
2026-04-22T18:56:23.108923,100.0,60.02934646606445,400.0
2026-04-22T18:56:25.313660,100.0,60.079933166503906,400.0
2026-04-22T18:56:27.518418,100.0,60.231689453125,400.0
2026-04-22T18:56:29.726645,100.0,60.18110275268555,400.0
2026-04-22T18:56:31.929508,100.0,60.28227615356445,400.0
2026-04-22T18:56:34.139613,100.0,60.28227615356445,400.0
2026-04-22T18:56:36.346722,100.0,60.231689453125,400.0
2026-04-22T18:56:38.549614,100.0,60.18110275268555,400.0
2026-04-22T18:56:40.752597,100.0,60.02934646606445,400.0
2026-04-22T18:56:42.955237,100.0,59.92817306518555,400.0
2026-04-22T18:56:45.169532,100.0,59.877586364746094,400.0
2026-04-22T18:56:47.371586,100.0,59.77641296386719,400.0
2026-04-22T18:56:49.574490,100.0,59.67524337768555,400.0
2026-04-22T18:56:51.777478,100.0,59.624656677246094,400.0
2026-04-22T18:56:53.979798,100.0,59.624656677246094,400.0
2026-04-22T18:56:56.184503,100.0,59.52348327636719,400.0
2026-04-22T18:56:58.389773,100.0,59.37172317504883,400.0
2026-04-22T18:57:00.593727,100.0,59.37172317504883,400.0
2026-04-22T18:57:02.798540,100.0,59.27055358886719,400.0
2026-04-22T18:57:05.002415,100.0,59.27055358886719,400.0
2026-04-22T18:57:07.205085,100.0,59.27055358886719,400.0
2026-04-22T18:57:09.407853,100.0,59.16938018798828,400.0
2026-04-22T18:57:11.612395,100.0,58.96703338623047,400.0
2026-04-22T18:57:13.816675,100.0,58.815277099609375,400.0
2026-04-22T18:57:16.022856,100.0,58.86586380004883,400.0
2026-04-22T18:57:18.225692,100.0,58.76469039916992,400.0
2026-04-22T18:57:20.432458,100.0,58.663516998291016,400.0
2026-04-22T18:57:22.636805,100.0,58.61293029785156,400.0
2026-04-22T18:57:24.840338,100.0,58.61293029785156,400.0
2026-04-22T18:57:27.044048,100.0,58.71410369873047,400.0
2026-04-22T18:57:29.248228,100.0,58.410587310791016,400.0
2026-04-22T18:57:31.450806,100.0,58.30941390991211,400.0
2026-04-22T18:57:33.653462,100.0,58.46117401123047,400.0
2026-04-22T18:57:35.856792,100.0,58.30941390991211,400.0
2026-04-22T18:57:38.059782,100.0,58.258827209472656,400.0
2026-04-22T18:57:40.275511,100.0,58.30941390991211,400.0
2026-04-22T18:57:42.481588,100.0,58.157657623291016,400.0
2026-04-22T18:57:44.684200,100.0,58.05648422241211,400.0
2026-04-22T18:57:46.895696,100.0,58.05648422241211,400.0
2026-04-22T18:57:49.099222,100.0,58.005897521972656,400.0
2026-04-22T18:57:51.302138,100.0,58.05648422241211,400.0
2026-04-22T18:57:53.504211,100.0,57.8541374206543,400.0
2026-04-22T18:57:55.707037,100.0,57.803550720214844,400.0
2026-04-22T18:57:57.910852,100.0,57.803550720214844,400.0
2026-04-22T18:58:00.113843,100.0,57.7023811340332,400.0
2026-04-22T18:58:02.320606,100.0,57.803550720214844,400.0
2026-04-22T18:58:04.523666,100.0,57.6012077331543,400.0
2026-04-22T18:58:06.726637,100.0,57.7023811340332,400.0
2026-04-22T18:58:08.929855,100.0,57.6012077331543,400.0
2026-04-22T18:58:11.136752,100.0,57.6012077331543,400.0
2026-04-22T18:58:13.342278,100.0,57.6012077331543,400.0
2026-04-22T18:58:15.544653,100.0,57.550621032714844,400.0
2026-04-22T18:58:17.747208,100.0,57.50003433227539,400.0
2026-04-22T18:58:19.950665,100.0,57.398860931396484,400.0
2026-04-22T18:58:22.152687,100.0,57.3482780456543,400.0
2026-04-22T18:58:24.355008,100.0,57.3482780456543,400.0
2026-04-22T18:58:26.558829,100.0,57.24710464477539,400.0
2026-04-22T18:58:28.763827,100.0,57.24710464477539,400.0
2026-04-22T18:58:30.966585,100.0,57.19651794433594,400.0
2026-04-22T18:58:33.169910,100.0,57.19651794433594,400.0
2026-04-22T18:58:35.373346,100.0,57.24710464477539,400.0
2026-04-22T18:58:37.575113,100.0,57.145931243896484,400.0
2026-04-22T18:58:39.778506,100.0,57.19651794433594,400.0
2026-04-22T18:58:41.982127,100.0,57.145931243896484,400.0
2026-04-22T18:58:44.183790,100.0,57.04475784301758,400.0
2026-04-22T18:58:46.388005,100.0,57.04475784301758,400.0
2026-04-22T18:58:48.592422,100.0,56.994171142578125,400.0
2026-04-22T18:58:50.795248,100.0,56.94358825683594,400.0
2026-04-22T18:58:53.001048,100.0,56.994171142578125,400.0
2026-04-22T18:58:55.204199,100.0,56.994171142578125,400.0
2026-04-22T18:58:57.408414,100.0,57.09534454345703,400.0
2026-04-22T18:58:59.615249,100.0,57.09534454345703,400.0
2026-04-22T18:59:01.819161,100.0,57.19651794433594,400.0
2026-04-22T18:59:04.025266,100.0,57.24710464477539,400.0
2026-04-22T18:59:06.230541,100.0,57.44944763183594,400.0
2026-04-22T18:59:08.432395,100.0,57.50003433227539,400.0
2026-04-22T18:59:10.636719,100.0,57.550621032714844,400.0
2026-04-22T18:59:12.845001,100.0,57.398860931396484,400.0
2026-04-22T18:59:15.049347,100.0,57.6012077331543,400.0
2026-04-22T18:59:17.252682,100.0,57.6012077331543,400.0
2026-04-22T18:59:19.457023,100.0,57.803550720214844,400.0
2026-04-22T18:59:21.660831,100.0,57.752967834472656,400.0
2026-04-22T18:59:23.864768,100.0,57.90472412109375,400.0
2026-04-22T18:59:26.071672,100.0,58.005897521972656,400.0
2026-04-22T18:59:28.278304,100.0,58.005897521972656,400.0
2026-04-22T18:59:30.482557,100.0,58.2082405090332,400.0
2026-04-22T18:59:32.685868,100.0,58.2082405090332,400.0
2026-04-22T18:59:34.892242,100.0,58.258827209472656,400.0
2026-04-22T18:59:37.094920,100.0,58.36000061035156,400.0
2026-04-22T18:59:39.300167,100.0,58.410587310791016,400.0
2026-04-22T18:59:41.503696,100.0,58.46117401123047,400.0
2026-04-22T18:59:43.709086,100.0,58.56234359741211,400.0
2026-04-22T18:59:45.911419,100.0,58.51176071166992,400.0
2026-04-22T18:59:48.114614,100.0,58.61293029785156,400.0
2026-04-22T18:59:50.318414,100.0,58.663516998291016,400.0
2026-04-22T18:59:52.522427,100.0,58.71410369873047,400.0
2026-04-22T18:59:54.726297,100.0,58.96703338623047,400.0
2026-04-22T18:59:56.931363,100.0,58.91645050048828,400.0
2026-04-22T18:59:59.135757,100.0,58.96703338623047,400.0
2026-04-22T19:00:01.339635,100.0,59.068206787109375,400.0
2026-04-22T19:00:03.542935,100.0,59.27055358886719,400.0
2026-04-22T19:00:05.745000,100.0,59.219966888427734,400.0
2026-04-22T19:00:07.947982,100.0,59.32114028930664,400.0
2026-04-22T19:00:10.157904,100.0,59.219966888427734,400.0
2026-04-22T19:00:12.361969,100.0,59.27055358886719,400.0
2026-04-22T19:00:14.565865,100.0,59.01762008666992,400.0
2026-04-22T19:00:16.770290,100.0,59.068206787109375,400.0
2026-04-22T19:00:18.972269,100.0,58.91645050048828,400.0
2026-04-22T19:00:21.175270,100.0,58.86586380004883,400.0
2026-04-22T19:00:23.379888,100.0,58.76469039916992,400.0
2026-04-22T19:00:25.582999,100.0,58.815277099609375,400.0
2026-04-22T19:00:27.786652,100.0,58.56234359741211,400.0
2026-04-22T19:00:29.990574,100.0,58.61293029785156,400.0
2026-04-22T19:00:32.192740,100.0,58.410587310791016,400.0
2026-04-22T19:00:34.396277,100.0,58.30941390991211,400.0
2026-04-22T19:00:36.605092,100.0,58.46117401123047,400.0
2026-04-22T19:00:38.809006,100.0,58.30941390991211,400.0
2026-04-22T19:00:41.012663,100.0,58.258827209472656,400.0
2026-04-22T19:00:43.215391,100.0,58.30941390991211,400.0
2026-04-22T19:00:45.419472,100.0,58.30941390991211,400.0
2026-04-22T19:00:47.621979,100.0,58.258827209472656,400.0
2026-04-22T19:00:49.823979,100.0,58.05648422241211,400.0
2026-04-22T19:00:52.027066,100.0,58.05648422241211,400.0
2026-04-22T19:00:54.230317,100.0,58.005897521972656,400.0
2026-04-22T19:00:56.441010,100.0,58.005897521972656,400.0
2026-04-22T19:00:58.643707,100.0,57.9553108215332,400.0
2026-04-22T19:01:00.846861,100.0,57.8541374206543,400.0
2026-04-22T19:01:03.048782,100.0,57.8541374206543,400.0
2026-04-22T19:01:05.251600,100.0,57.752967834472656,400.0
2026-04-22T19:01:07.454984,100.0,57.6012077331543,400.0
2026-04-22T19:01:09.660336,100.0,57.7023811340332,400.0
2026-04-22T19:01:11.877173,100.0,57.6012077331543,400.0
2026-04-22T19:01:14.082205,100.0,57.44944763183594,400.0
2026-04-22T19:01:16.287013,100.0,57.50003433227539,400.0
2026-04-22T19:01:18.491263,100.0,57.3482780456543,400.0
2026-04-22T19:01:20.692897,100.0,57.398860931396484,400.0
2026-04-22T19:01:22.896670,100.0,57.19651794433594,400.0
2026-04-22T19:01:25.098655,100.0,57.24710464477539,400.0
2026-04-22T19:01:27.306817,100.0,57.145931243896484,400.0
2026-04-22T19:01:29.508906,100.0,57.145931243896484,400.0
2026-04-22T19:01:31.712018,100.0,57.09534454345703,400.0
2026-04-22T19:01:33.913698,100.0,57.04475784301758,400.0
2026-04-22T19:01:36.116930,100.0,57.09534454345703,400.0
2026-04-22T19:01:38.324802,100.0,57.09534454345703,400.0
2026-04-22T19:01:40.528103,100.0,57.19651794433594,400.0
2026-04-22T19:01:42.734130,100.0,57.297691345214844,400.0
2026-04-22T19:01:44.938718,100.0,57.297691345214844,400.0
2026-04-22T19:01:47.141892,100.0,57.3482780456543,400.0
2026-04-22T19:01:49.344769,100.0,57.6012077331543,400.0
2026-04-22T19:01:51.547162,100.0,57.550621032714844,400.0
2026-04-22T19:01:53.750646,100.0,57.6012077331543,400.0
2026-04-22T19:01:55.954668,100.0,57.752967834472656,400.0
2026-04-22T19:01:58.158600,100.0,57.803550720214844,400.0
2026-04-22T19:02:00.361521,100.0,57.9553108215332,400.0
2026-04-22T19:02:02.564456,100.0,58.05648422241211,400.0
2026-04-22T19:02:04.767158,100.0,58.157657623291016,400.0
2026-04-22T19:02:06.969278,100.0,58.157657623291016,400.0
2026-04-22T19:02:09.171947,100.0,58.258827209472656,400.0
2026-04-22T19:02:11.374388,100.0,58.46117401123047,400.0
2026-04-22T19:02:13.579170,100.0,58.46117401123047,400.0
2026-04-22T19:02:15.782374,100.0,58.61293029785156,400.0
2026-04-22T19:02:17.991065,100.0,58.61293029785156,400.0
2026-04-22T19:02:20.200537,100.0,58.61293029785156,400.0
2026-04-22T19:02:22.403114,100.0,58.76469039916992,400.0
2026-04-22T19:02:24.606532,100.0,58.815277099609375,400.0
2026-04-22T19:02:26.808764,100.0,58.663516998291016,400.0
2026-04-22T19:02:29.011397,100.0,58.91645050048828,400.0
2026-04-22T19:02:31.214017,100.0,58.86586380004883,400.0
2026-04-22T19:02:33.417492,100.0,58.96703338623047,400.0
2026-04-22T19:02:35.621976,100.0,59.01762008666992,400.0
2026-04-22T19:02:37.825031,100.0,58.96703338623047,400.0
2026-04-22T19:02:40.030657,100.0,59.068206787109375,400.0
2026-04-22T19:02:42.234984,100.0,59.11879348754883,400.0
2026-04-22T19:02:44.437360,100.0,59.01762008666992,400.0
2026-04-22T19:02:46.640670,100.0,59.16938018798828,400.0
2026-04-22T19:02:48.844575,100.0,59.27055358886719,400.0
2026-04-22T19:02:51.049340,100.0,59.37172317504883,400.0
2026-04-22T19:02:53.253003,100.0,59.472896575927734,400.0
2026-04-22T19:02:55.456652,100.0,59.42230987548828,400.0
2026-04-22T19:02:57.660025,100.0,59.52348327636719,400.0
2026-04-22T19:02:59.890266,100.0,59.472896575927734,400.0
2026-04-22T19:03:02.092619,100.0,59.67524337768555,400.0
2026-04-22T19:03:04.296606,100.0,59.624656677246094,400.0
2026-04-22T19:03:06.501229,100.0,59.67524337768555,400.0
2026-04-22T19:03:08.706924,100.0,59.67524337768555,400.0
2026-04-22T19:03:10.909826,100.0,59.725830078125,400.0
2026-04-22T19:03:13.114640,100.0,59.82699966430664,400.0
2026-04-22T19:03:15.317099,100.0,59.82699966430664,400.0
2026-04-22T19:03:17.519964,100.0,59.77641296386719,400.0
2026-04-22T19:03:19.723267,100.0,59.624656677246094,400.0
2026-04-22T19:03:21.926312,100.0,59.67524337768555,400.0
2026-04-22T19:03:24.133051,100.0,59.472896575927734,400.0
2026-04-22T19:03:26.336339,100.0,59.472896575927734,400.0
2026-04-22T19:03:28.540019,100.0,59.37172317504883,400.0
2026-04-22T19:03:30.744567,100.0,59.32114028930664,400.0
2026-04-22T19:03:32.947659,100.0,59.16938018798828,400.0
2026-04-22T19:03:35.151373,100.0,58.96703338623047,400.0
2026-04-22T19:03:37.353095,100.0,58.96703338623047,400.0
2026-04-22T19:03:39.557374,100.0,58.91645050048828,400.0
2026-04-22T19:03:41.759597,100.0,58.86586380004883,400.0
2026-04-22T19:03:43.961430,100.0,58.76469039916992,400.0
2026-04-22T19:03:46.163943,100.0,58.56234359741211,400.0
2026-04-22T19:03:48.367148,100.0,58.76469039916992,400.0
2026-04-22T19:03:50.572148,100.0,58.56234359741211,400.0
2026-04-22T19:03:52.782529,100.0,58.410587310791016,400.0
2026-04-22T19:03:54.986551,100.0,58.30941390991211,400.0
2026-04-22T19:03:57.190388,100.0,58.36000061035156,400.0
2026-04-22T19:03:59.394795,100.0,58.258827209472656,400.0
2026-04-22T19:04:01.597695,100.0,58.30941390991211,400.0
2026-04-22T19:04:03.800670,100.0,58.30941390991211,400.0
2026-04-22T19:04:06.003557,100.0,58.2082405090332,400.0
2026-04-22T19:04:08.206937,100.0,58.005897521972656,400.0
2026-04-22T19:04:10.410083,100.0,58.005897521972656,400.0
2026-04-22T19:04:12.614307,100.0,58.157657623291016,400.0
2026-04-22T19:04:14.817629,100.0,58.005897521972656,400.0
2026-04-22T19:04:17.021335,100.0,58.005897521972656,400.0
2026-04-22T19:04:19.224808,100.0,57.9553108215332,400.0
2026-04-22T19:04:21.429003,100.0,58.10707092285156,400.0
2026-04-22T19:04:23.632374,100.0,58.10707092285156,400.0
2026-04-22T19:04:25.835878,100.0,57.90472412109375,400.0
2026-04-22T19:04:28.038959,100.0,57.90472412109375,400.0
2026-04-22T19:04:30.242006,100.0,57.8541374206543,400.0
2026-04-22T19:04:32.444127,100.0,57.8541374206543,400.0
2026-04-22T19:04:34.648717,100.0,57.6012077331543,400.0
2026-04-22T19:04:36.855103,100.0,57.803550720214844,400.0
2026-04-22T19:04:39.057170,100.0,57.752967834472656,400.0
2026-04-22T19:04:41.261631,100.0,57.7023811340332,400.0
2026-04-22T19:04:43.466747,100.0,57.7023811340332,400.0
2026-04-22T19:04:45.673704,100.0,57.65179443359375,400.0
2026-04-22T19:04:47.880497,100.0,57.65179443359375,400.0
2026-04-22T19:04:50.086091,100.0,57.7023811340332,400.0
2026-04-22T19:04:52.288467,100.0,57.65179443359375,400.0
2026-04-22T19:04:54.491431,100.0,57.50003433227539,400.0
2026-04-22T19:04:56.695132,100.0,57.550621032714844,400.0
2026-04-22T19:04:58.899181,100.0,57.550621032714844,400.0
2026-04-22T19:05:01.103206,100.0,57.50003433227539,400.0
2026-04-22T19:05:03.306373,100.0,57.50003433227539,400.0
2026-04-22T19:05:05.508137,100.0,57.44944763183594,400.0
2026-04-22T19:05:07.715944,100.0,57.3482780456543,400.0
2026-04-22T19:05:09.919370,100.0,57.3482780456543,400.0
2026-04-22T19:05:12.123348,100.0,57.24710464477539,400.0
2026-04-22T19:05:14.325696,100.0,57.19651794433594,400.0
2026-04-22T19:05:16.528995,100.0,57.24710464477539,400.0
2026-04-22T19:05:18.733217,100.0,57.19651794433594,400.0
2026-04-22T19:05:20.938130,100.0,57.297691345214844,400.0
2026-04-22T19:05:23.139984,100.0,57.398860931396484,400.0
2026-04-22T19:05:25.342945,100.0,57.398860931396484,400.0
2026-04-22T19:05:27.547174,100.0,57.6012077331543,400.0
2026-04-22T19:05:29.749822,100.0,57.7023811340332,400.0
2026-04-22T19:05:31.955670,100.0,57.65179443359375,400.0
2026-04-22T19:05:34.158710,100.0,57.7023811340332,400.0
2026-04-22T19:05:36.362079,100.0,57.803550720214844,400.0
2026-04-22T19:05:38.565727,100.0,57.90472412109375,400.0
2026-04-22T19:05:40.769556,100.0,57.90472412109375,400.0
2026-04-22T19:05:42.974089,100.0,58.05648422241211,400.0
2026-04-22T19:05:45.175785,100.0,58.05648422241211,400.0
2026-04-22T19:05:47.382056,100.0,58.258827209472656,400.0
2026-04-22T19:05:49.584342,100.0,58.258827209472656,400.0
2026-04-22T19:05:51.789451,100.0,58.157657623291016,400.0
2026-04-22T19:05:53.993463,100.0,58.36000061035156,400.0
2026-04-22T19:05:56.196771,100.0,58.46117401123047,400.0
2026-04-22T19:05:58.400489,100.0,58.46117401123047,400.0
2026-04-22T19:06:00.604019,100.0,58.51176071166992,400.0
2026-04-22T19:06:02.807881,100.0,58.86586380004883,400.0
2026-04-22T19:06:05.012580,100.0,58.86586380004883,400.0
2026-04-22T19:06:07.216409,100.0,58.71410369873047,400.0
2026-04-22T19:06:09.419620,100.0,58.815277099609375,400.0
2026-04-22T19:06:11.622932,100.0,58.96703338623047,400.0
2026-04-22T19:06:13.832853,100.0,58.91645050048828,400.0
2026-04-22T19:06:16.036515,100.0,59.01762008666992,400.0
2026-04-22T19:06:18.239839,100.0,59.16938018798828,400.0
2026-04-22T19:06:20.443691,100.0,59.27055358886719,400.0
2026-04-22T19:06:22.647054,100.0,59.219966888427734,400.0
2026-04-22T19:06:24.848907,99.9,59.32114028930664,400.0
2026-04-22T19:06:27.051807,100.0,59.32114028930664,400.0
2026-04-22T19:06:29.253857,100.0,59.57406997680664,400.0
2026-04-22T19:06:31.456647,100.0,59.472896575927734,400.0
2026-04-22T19:06:33.660665,100.0,59.57406997680664,400.0
2026-04-22T19:06:35.867626,100.0,59.624656677246094,400.0
2026-04-22T19:06:38.074141,100.0,59.725830078125,400.0
2026-04-22T19:06:40.293060,100.0,59.725830078125,400.0
2026-04-22T19:06:42.496655,100.0,59.877586364746094,400.0
2026-04-22T19:06:44.700410,100.0,59.77641296386719,400.0
2026-04-22T19:06:46.903388,100.0,59.92817306518555,400.0
2026-04-22T19:06:49.106084,100.0,59.978759765625,400.0
2026-04-22T19:06:51.310206,100.0,60.02934646606445,400.0
2026-04-22T19:06:53.514146,100.0,60.079933166503906,400.0
2026-04-22T19:06:55.716417,100.0,60.02934646606445,400.0
2026-04-22T19:06:57.920096,100.0,60.18110275268555,400.0
2026-04-22T19:07:00.123267,100.0,60.18110275268555,400.0
2026-04-22T19:07:02.325764,100.0,60.231689453125,400.0
2026-04-22T19:07:04.527681,100.0,60.13051986694336,400.0
2026-04-22T19:07:06.731802,100.0,60.18110275268555,400.0
2026-04-22T19:07:08.936316,100.0,60.18110275268555,400.0
2026-04-22T19:07:11.138204,100.0,59.978759765625,400.0
2026-04-22T19:07:13.341970,100.0,59.92817306518555,400.0
2026-04-22T19:07:15.543748,100.0,60.02934646606445,400.0
2026-04-22T19:07:17.745712,100.0,59.725830078125,400.0
2026-04-22T19:07:19.949336,100.0,59.67524337768555,400.0
2026-04-22T19:07:22.152144,100.0,59.725830078125,400.0
2026-04-22T19:07:24.358322,100.0,59.52348327636719,400.0
2026-04-22T19:07:26.561018,100.0,59.52348327636719,400.0
2026-04-22T19:07:28.767316,100.0,59.32114028930664,400.0
2026-04-22T19:07:30.971549,100.0,59.32114028930664,400.0
2026-04-22T19:07:33.174544,100.0,59.27055358886719,400.0
2026-04-22T19:07:35.376786,100.0,59.32114028930664,400.0
2026-04-22T19:07:37.582111,100.0,59.11879348754883,400.0
2026-04-22T19:07:39.787176,100.0,59.068206787109375,400.0
2026-04-22T19:07:41.994056,100.0,59.01762008666992,400.0
2026-04-22T19:07:44.196297,100.0,58.96703338623047,400.0
2026-04-22T19:07:46.399482,100.0,58.86586380004883,400.0
2026-04-22T19:07:48.603265,100.0,58.815277099609375,400.0
2026-04-22T19:07:50.807922,100.0,58.71410369873047,400.0
2026-04-22T19:07:53.011469,100.0,58.663516998291016,400.0
2026-04-22T19:07:55.215327,100.0,58.46117401123047,400.0
2026-04-22T19:07:57.418149,100.0,58.56234359741211,400.0
2026-04-22T19:07:59.623183,100.0,58.51176071166992,400.0
2026-04-22T19:08:01.826736,100.0,58.51176071166992,400.0
2026-04-22T19:08:04.029474,100.0,58.30941390991211,400.0
2026-04-22T19:08:06.231655,100.0,58.36000061035156,400.0
2026-04-22T19:08:08.435002,100.0,58.30941390991211,400.0
2026-04-22T19:08:10.638148,100.0,58.410587310791016,400.0
2026-04-22T19:08:12.844181,100.0,58.2082405090332,400.0
2026-04-22T19:08:15.047032,100.0,58.258827209472656,400.0
2026-04-22T19:08:17.250147,100.0,58.10707092285156,400.0
2026-04-22T19:08:19.454752,100.0,58.10707092285156,400.0
2026-04-22T19:08:21.658532,100.0,57.9553108215332,400.0
2026-04-22T19:08:23.860394,100.0,58.005897521972656,400.0
2026-04-22T19:08:26.063152,100.0,57.803550720214844,400.0
2026-04-22T19:08:28.269796,100.0,57.8541374206543,400.0
2026-04-22T19:08:30.471634,100.0,58.005897521972656,400.0
2026-04-22T19:08:32.675219,100.0,57.803550720214844,400.0
2026-04-22T19:08:34.879100,100.0,57.803550720214844,400.0
2026-04-22T19:08:37.083492,100.0,57.752967834472656,400.0
2026-04-22T19:08:39.286147,100.0,57.752967834472656,400.0
2026-04-22T19:08:41.488833,100.0,57.7023811340332,400.0
2026-04-22T19:08:43.695615,100.0,57.7023811340332,400.0
2026-04-22T19:08:45.898855,100.0,57.6012077331543,400.0
2026-04-22T19:08:48.104105,100.0,57.7023811340332,400.0
2026-04-22T19:08:50.308769,100.0,57.550621032714844,400.0
2026-04-22T19:08:52.512401,100.0,57.550621032714844,400.0
2026-04-22T19:08:54.715611,100.0,57.550621032714844,400.0
2026-04-22T19:08:56.919922,100.0,57.550621032714844,400.0
2026-04-22T19:08:59.128295,100.0,57.44944763183594,400.0
2026-04-22T19:09:01.330991,100.0,57.297691345214844,400.0
2026-04-22T19:09:03.533971,100.0,57.297691345214844,400.0
2026-04-22T19:09:05.738028,100.0,57.398860931396484,400.0
2026-04-22T19:09:07.939943,100.0,57.24710464477539,400.0
2026-04-22T19:09:10.143691,100.0,57.24710464477539,400.0
2026-04-22T19:09:12.346035,100.0,57.19651794433594,400.0
2026-04-22T19:09:14.550578,100.0,57.19651794433594,400.0
2026-04-22T19:09:16.753632,100.0,57.24710464477539,400.0
2026-04-22T19:09:18.956833,100.0,57.398860931396484,400.0
2026-04-22T19:09:21.162576,100.0,57.44944763183594,400.0
2026-04-22T19:09:23.364545,100.0,57.50003433227539,400.0
2026-04-22T19:09:25.567285,100.0,57.550621032714844,400.0
2026-04-22T19:09:27.770121,100.0,57.752967834472656,400.0
2026-04-22T19:09:29.982668,100.0,57.752967834472656,400.0
2026-04-22T19:09:32.185712,100.0,57.8541374206543,400.0
2026-04-22T19:09:34.387763,100.0,58.005897521972656,400.0
2026-04-22T19:09:36.591209,100.0,58.2082405090332,400.0
2026-04-22T19:09:38.793834,100.0,58.157657623291016,400.0
2026-04-22T19:09:40.999858,100.0,58.157657623291016,400.0
2026-04-22T19:09:43.202167,100.0,58.30941390991211,400.0
2026-04-22T19:09:45.417957,100.0,58.36000061035156,400.0
2026-04-22T19:09:47.620001,100.0,58.410587310791016,400.0
2026-04-22T19:09:49.822837,100.0,58.36000061035156,400.0
2026-04-22T19:09:52.027043,100.0,58.46117401123047,400.0
2026-04-22T19:09:54.231511,100.0,58.46117401123047,400.0
2026-04-22T19:09:56.434288,100.0,58.56234359741211,400.0
2026-04-22T19:09:58.638220,100.0,58.410587310791016,400.0
2026-04-22T19:10:00.841898,100.0,58.96703338623047,400.0
2026-04-22T19:10:03.045656,100.0,58.76469039916992,400.0
2026-04-22T19:10:05.248840,100.0,58.91645050048828,400.0
2026-04-22T19:10:07.452531,100.0,58.91645050048828,400.0
2026-04-22T19:10:09.656617,100.0,59.068206787109375,400.0
2026-04-22T19:10:11.862369,100.0,59.11879348754883,400.0
2026-04-22T19:10:14.067640,100.0,59.11879348754883,400.0
2026-04-22T19:10:16.280274,100.0,59.068206787109375,400.0
2026-04-22T19:10:18.482848,100.0,59.27055358886719,400.0
2026-04-22T19:10:20.685819,100.0,59.37172317504883,400.0
2026-04-22T19:10:22.889495,100.0,59.42230987548828,400.0
2026-04-22T19:10:25.094392,100.0,59.52348327636719,400.0
2026-04-22T19:10:27.305852,100.0,59.57406997680664,400.0
2026-04-22T19:10:29.509553,100.0,59.52348327636719,400.0
2026-04-22T19:10:31.713018,100.0,59.57406997680664,400.0
2026-04-22T19:10:33.916457,100.0,59.57406997680664,400.0
2026-04-22T19:10:36.127781,100.0,59.57406997680664,400.0
2026-04-22T19:10:38.331291,100.0,59.725830078125,400.0
2026-04-22T19:10:40.533677,100.0,59.67524337768555,400.0
2026-04-22T19:10:42.736901,100.0,59.877586364746094,400.0
2026-04-22T19:10:44.938951,100.0,59.82699966430664,400.0
2026-04-22T19:10:47.143460,100.0,59.877586364746094,400.0
2026-04-22T19:10:49.346017,100.0,59.978759765625,400.0
2026-04-22T19:10:51.556033,100.0,59.978759765625,400.0
2026-04-22T19:10:53.759246,100.0,60.079933166503906,400.0
2026-04-22T19:10:55.962244,100.0,60.13051986694336,400.0
2026-04-22T19:10:58.166383,100.0,60.02934646606445,400.0
2026-04-22T19:11:00.368580,100.0,60.13051986694336,400.0
2026-04-22T19:11:02.571010,100.0,60.231689453125,400.0
2026-04-22T19:11:04.774220,100.0,60.18110275268555,400.0
2026-04-22T19:11:06.977711,100.0,60.18110275268555,400.0
2026-04-22T19:11:09.181175,100.0,60.28227615356445,400.0
2026-04-22T19:11:11.383614,100.0,60.38344955444336,400.0
2026-04-22T19:11:13.586773,100.0,60.332862854003906,400.0
2026-04-22T19:11:15.790269,100.0,60.38344955444336,400.0
2026-04-22T19:11:17.993025,100.0,60.332862854003906,400.0
2026-04-22T19:11:20.206348,100.0,60.38344955444336,400.0
2026-04-22T19:11:22.409572,100.0,60.484622955322266,400.0
2026-04-22T19:11:24.613543,100.0,60.43403625488281,400.0
2026-04-22T19:11:26.816769,100.0,60.43403625488281,400.0
2026-04-22T19:11:29.020622,100.0,60.585792541503906,400.0
2026-04-22T19:11:31.224417,100.0,60.484622955322266,400.0
2026-04-22T19:11:33.427600,100.0,60.43403625488281,400.0
2026-04-22T19:11:35.630130,100.0,60.38344955444336,400.0
2026-04-22T19:11:37.836360,100.0,60.28227615356445,400.0
2026-04-22T19:11:40.040394,100.0,60.18110275268555,400.0
2026-04-22T19:11:42.246551,100.0,60.231689453125,400.0
2026-04-22T19:11:44.449322,100.0,60.02934646606445,400.0
2026-04-22T19:11:46.651247,100.0,59.92817306518555,400.0
2026-04-22T19:11:48.856134,100.0,59.725830078125,400.0
2026-04-22T19:11:51.058562,100.0,59.67524337768555,400.0
2026-04-22T19:11:53.260504,100.0,59.57406997680664,400.0
2026-04-22T19:11:55.464132,100.0,59.624656677246094,400.0
2026-04-22T19:11:57.669602,100.0,59.472896575927734,400.0
2026-04-22T19:11:59.874277,100.0,59.32114028930664,400.0
2026-04-22T19:12:02.081039,100.0,59.32114028930664,400.0
2026-04-22T19:12:04.284726,100.0,59.16938018798828,400.0
2026-04-22T19:12:06.488326,100.0,59.16938018798828,400.0
2026-04-22T19:12:08.690629,100.0,59.068206787109375,400.0
2026-04-22T19:12:10.894579,100.0,59.11879348754883,400.0
2026-04-22T19:12:13.099478,100.0,58.96703338623047,400.0
2026-04-22T19:12:15.319015,100.0,58.96703338623047,400.0
2026-04-22T19:12:17.521669,100.0,58.76469039916992,400.0
2026-04-22T19:12:19.725016,100.0,58.96703338623047,400.0
2026-04-22T19:12:21.928318,100.0,58.815277099609375,400.0
2026-04-22T19:12:24.143138,100.0,58.71410369873047,400.0
2026-04-22T19:12:26.346508,100.0,58.76469039916992,400.0
2026-04-22T19:12:28.549356,100.0,58.71410369873047,400.0
2026-04-22T19:12:30.751287,100.0,58.51176071166992,400.0
2026-04-22T19:12:32.954415,100.0,58.410587310791016,400.0
2026-04-22T19:12:35.156640,100.0,58.36000061035156,400.0
2026-04-22T19:12:37.359567,100.0,58.30941390991211,400.0
2026-04-22T19:12:39.562134,100.0,58.258827209472656,400.0
2026-04-22T19:12:41.766080,100.0,58.30941390991211,400.0
2026-04-22T19:12:43.969978,100.0,58.258827209472656,400.0
2026-04-22T19:12:46.178239,100.0,58.157657623291016,400.0
2026-04-22T19:12:48.380980,100.0,58.10707092285156,400.0
2026-04-22T19:12:50.583707,100.0,58.10707092285156,400.0
2026-04-22T19:12:52.786886,100.0,58.05648422241211,400.0
2026-04-22T19:12:54.994207,100.0,57.90472412109375,400.0
2026-04-22T19:12:57.198838,100.0,57.90472412109375,400.0
2026-04-22T19:12:59.404324,100.0,57.8541374206543,400.0
2026-04-22T19:13:01.607710,100.0,57.8541374206543,400.0
2026-04-22T19:13:03.809976,100.0,57.752967834472656,400.0
2026-04-22T19:13:06.014027,100.0,57.752967834472656,400.0
2026-04-22T19:13:08.216875,100.0,57.752967834472656,400.0
2026-04-22T19:13:10.428585,100.0,57.6012077331543,400.0
2026-04-22T19:13:12.633261,100.0,57.65179443359375,400.0
2026-04-22T19:13:14.837839,100.0,57.7023811340332,400.0
2026-04-22T19:13:17.042664,100.0,57.50003433227539,400.0
2026-04-22T19:13:19.245560,100.0,57.44944763183594,400.0
2026-04-22T19:13:21.449227,100.0,57.50003433227539,400.0
2026-04-22T19:13:23.652838,100.0,57.398860931396484,400.0
2026-04-22T19:13:25.862828,100.0,57.398860931396484,400.0
2026-04-22T19:13:28.064994,100.0,57.3482780456543,400.0
2026-04-22T19:13:30.268052,100.0,57.398860931396484,400.0
2026-04-22T19:13:32.471161,100.0,57.3482780456543,400.0
2026-04-22T19:13:34.677440,100.0,57.297691345214844,400.0
2026-04-22T19:13:36.880696,100.0,57.24710464477539,400.0
2026-04-22T19:13:39.083519,100.0,57.24710464477539,400.0
2026-04-22T19:13:41.287861,100.0,57.24710464477539,400.0
2026-04-22T19:13:43.491476,100.0,57.3482780456543,400.0
2026-04-22T19:13:45.695445,100.0,57.50003433227539,400.0
2026-04-22T19:13:47.898372,100.0,57.50003433227539,400.0
2026-04-22T19:13:50.105866,100.0,57.65179443359375,400.0
2026-04-22T19:13:52.311175,100.0,57.6012077331543,400.0
2026-04-22T19:13:54.512992,100.0,57.7023811340332,400.0
2026-04-22T19:13:56.717669,100.0,57.803550720214844,400.0
2026-04-22T19:13:58.922832,100.0,57.803550720214844,400.0
2026-04-22T19:14:01.126709,100.0,58.005897521972656,400.0
2026-04-22T19:14:03.330401,100.0,58.05648422241211,400.0
2026-04-22T19:14:05.534428,100.0,58.2082405090332,400.0
2026-04-22T19:14:07.738578,100.0,58.258827209472656,400.0
2026-04-22T19:14:09.941362,100.0,58.157657623291016,400.0
2026-04-22T19:14:12.144203,100.0,58.30941390991211,400.0
2026-04-22T19:14:14.347382,100.0,58.36000061035156,400.0
2026-04-22T19:14:16.552055,100.0,58.61293029785156,400.0
2026-04-22T19:14:18.755151,100.0,58.56234359741211,400.0
2026-04-22T19:14:20.957446,100.0,58.56234359741211,400.0
2026-04-22T19:14:23.159390,100.0,58.663516998291016,400.0
2026-04-22T19:14:25.362708,100.0,58.51176071166992,400.0
2026-04-22T19:14:27.566805,100.0,58.61293029785156,400.0
2026-04-22T19:14:29.769700,100.0,58.815277099609375,400.0
2026-04-22T19:14:31.975514,100.0,58.91645050048828,400.0
2026-04-22T19:14:34.177988,100.0,58.96703338623047,400.0
2026-04-22T19:14:36.380614,100.0,58.96703338623047,400.0
2026-04-22T19:14:38.591485,100.0,58.96703338623047,400.0
2026-04-22T19:14:40.794618,100.0,59.068206787109375,400.0
2026-04-22T19:14:42.998209,100.0,59.16938018798828,400.0
2026-04-22T19:14:45.200960,100.0,59.219966888427734,400.0
2026-04-22T19:14:47.405903,100.0,59.219966888427734,400.0
2026-04-22T19:14:49.608463,100.0,59.37172317504883,400.0
2026-04-22T19:14:51.812556,100.0,59.42230987548828,400.0
2026-04-22T19:14:54.016195,100.0,59.37172317504883,400.0
2026-04-22T19:14:56.218419,100.0,59.42230987548828,400.0
2026-04-22T19:14:58.422539,100.0,59.52348327636719,400.0
2026-04-22T19:15:00.626432,100.0,59.52348327636719,400.0
2026-04-22T19:15:02.832494,100.0,59.52348327636719,400.0
2026-04-22T19:15:05.035651,100.0,59.57406997680664,400.0
2026-04-22T19:15:07.237630,100.0,59.67524337768555,400.0
2026-04-22T19:15:09.441509,100.0,59.725830078125,400.0
2026-04-22T19:15:11.645012,100.0,59.725830078125,400.0
2026-04-22T19:15:13.850633,100.0,59.77641296386719,400.0
2026-04-22T19:15:16.053912,100.0,59.77641296386719,400.0
2026-04-22T19:15:18.257247,100.0,59.877586364746094,400.0
2026-04-22T19:15:20.463013,100.0,59.82699966430664,400.0
2026-04-22T19:15:22.667286,100.0,59.877586364746094,400.0
2026-04-22T19:15:24.873405,100.0,59.92817306518555,400.0
2026-04-22T19:15:27.077896,100.0,59.877586364746094,400.0
2026-04-22T19:15:29.281584,100.0,59.725830078125,400.0
2026-04-22T19:15:31.485192,100.0,59.67524337768555,400.0
2026-04-22T19:15:33.690579,100.0,59.57406997680664,400.0
2026-04-22T19:15:35.895379,100.0,59.57406997680664,400.0
2026-04-22T19:15:38.097397,100.0,59.37172317504883,400.0
2026-04-22T19:15:40.302814,100.0,59.219966888427734,400.0
2026-04-22T19:15:42.505543,100.0,59.16938018798828,400.0
2026-04-22T19:15:44.710339,100.0,59.16938018798828,400.0
2026-04-22T19:15:46.912990,100.0,59.01762008666992,400.0
2026-04-22T19:15:49.116159,100.0,58.96703338623047,400.0
2026-04-22T19:15:51.320946,100.0,59.01762008666992,400.0
2026-04-22T19:15:53.524142,100.0,58.91645050048828,400.0
2026-04-22T19:15:55.727542,100.0,58.76469039916992,400.0
2026-04-22T19:15:57.930978,100.0,58.663516998291016,400.0
2026-04-22T19:16:00.138766,100.0,58.76469039916992,400.0
2026-04-22T19:16:02.340700,100.0,58.61293029785156,400.0
2026-04-22T19:16:04.543379,100.0,58.410587310791016,400.0
2026-04-22T19:16:06.748075,100.0,58.51176071166992,400.0
2026-04-22T19:16:08.952490,100.0,58.46117401123047,400.0
2026-04-22T19:16:11.155890,100.0,58.36000061035156,400.0
2026-04-22T19:16:13.359030,100.0,58.36000061035156,400.0
2026-04-22T19:16:15.562965,100.0,58.258827209472656,400.0
2026-04-22T19:16:17.765592,100.0,58.258827209472656,400.0
2026-04-22T19:16:19.969002,100.0,58.157657623291016,400.0
2026-04-22T19:16:22.172326,100.0,58.258827209472656,400.0
2026-04-22T19:16:24.376270,100.0,58.10707092285156,400.0
2026-04-22T19:16:26.580665,100.0,58.05648422241211,400.0
2026-04-22T19:16:28.783668,100.0,58.005897521972656,400.0
2026-04-22T19:16:30.989686,100.0,57.8541374206543,400.0
2026-04-22T19:16:33.192713,100.0,57.9553108215332,400.0
2026-04-22T19:16:35.395611,100.0,57.90472412109375,400.0
2026-04-22T19:16:37.598727,100.0,57.8541374206543,400.0
2026-04-22T19:16:39.804299,100.0,57.7023811340332,400.0
2026-04-22T19:16:42.008908,100.0,57.752967834472656,400.0
2026-04-22T19:16:44.210777,100.0,57.752967834472656,400.0
2026-04-22T19:16:46.414106,100.0,57.803550720214844,400.0
2026-04-22T19:16:48.618622,100.0,57.65179443359375,400.0
2026-04-22T19:16:50.823668,100.0,57.6012077331543,400.0
2026-04-22T19:16:53.027264,100.0,57.65179443359375,400.0
2026-04-22T19:16:55.230915,100.0,57.550621032714844,400.0
2026-04-22T19:16:57.434462,100.0,57.65179443359375,400.0
2026-04-22T19:16:59.637462,100.0,57.550621032714844,400.0
2026-04-22T19:17:01.840395,100.0,57.50003433227539,400.0
2026-04-22T19:17:04.044475,100.0,57.44944763183594,400.0
2026-04-22T19:17:06.247226,100.0,57.44944763183594,400.0
2026-04-22T19:17:08.450255,100.0,57.297691345214844,400.0
2026-04-22T19:17:10.652505,100.0,57.24710464477539,400.0
2026-04-22T19:17:12.855268,100.0,57.19651794433594,400.0
2026-04-22T19:17:15.060073,100.0,57.24710464477539,400.0
2026-04-22T19:17:17.262586,100.0,57.24710464477539,400.0
2026-04-22T19:17:19.465397,100.0,57.297691345214844,400.0
2026-04-22T19:17:21.670772,100.0,57.3482780456543,400.0
2026-04-22T19:17:23.872550,100.0,57.550621032714844,400.0
2026-04-22T19:17:26.074655,100.0,57.6012077331543,400.0
2026-04-22T19:17:28.277871,100.0,57.65179443359375,400.0
2026-04-22T19:17:30.482422,100.0,57.7023811340332,400.0
2026-04-22T19:17:32.686824,100.0,57.803550720214844,400.0
2026-04-22T19:17:34.889671,100.0,57.8541374206543,400.0
2026-04-22T19:17:37.093685,100.0,57.90472412109375,400.0
2026-04-22T19:17:39.296561,100.0,58.05648422241211,400.0
2026-04-22T19:17:41.499580,100.0,58.10707092285156,400.0
2026-04-22T19:17:43.703504,100.0,58.30941390991211,400.0
2026-04-22T19:17:45.907029,100.0,58.410587310791016,400.0
2026-04-22T19:17:48.109345,100.0,58.46117401123047,400.0
2026-04-22T19:17:50.313217,100.0,58.36000061035156,400.0
2026-04-22T19:17:52.517935,100.0,58.56234359741211,400.0
2026-04-22T19:17:54.720394,100.0,58.51176071166992,400.0
2026-04-22T19:17:56.925545,100.0,58.56234359741211,400.0
2026-04-22T19:17:59.128964,100.0,58.61293029785156,400.0
2026-04-22T19:18:01.333097,100.0,58.663516998291016,400.0
2026-04-22T19:18:03.535268,100.0,58.663516998291016,400.0
2026-04-22T19:18:05.739449,100.0,58.815277099609375,400.0
2026-04-22T19:18:07.942345,100.0,58.815277099609375,400.0
2026-04-22T19:18:10.144719,100.0,58.96703338623047,400.0
2026-04-22T19:18:12.346999,100.0,59.11879348754883,400.0
2026-04-22T19:18:14.548936,100.0,59.11879348754883,400.0
2026-04-22T19:18:16.754506,100.0,59.11879348754883,400.0
2026-04-22T19:18:18.957039,100.0,59.16938018798828,400.0
2026-04-22T19:18:21.159717,100.0,59.219966888427734,400.0
2026-04-22T19:18:23.364176,100.0,59.37172317504883,400.0
2026-04-22T19:18:25.567066,100.0,59.42230987548828,400.0
2026-04-22T19:18:27.781506,100.0,59.52348327636719,400.0
2026-04-22T19:18:29.983617,100.0,59.57406997680664,400.0
2026-04-22T19:18:32.188042,100.0,59.52348327636719,400.0
2026-04-22T19:18:34.391118,100.0,59.624656677246094,400.0
2026-04-22T19:18:36.593503,100.0,59.67524337768555,400.0
2026-04-22T19:18:38.797063,100.0,59.725830078125,400.0
2026-04-22T19:18:41.001007,100.0,59.77641296386719,400.0
2026-04-22T19:18:43.203501,100.0,59.877586364746094,400.0
2026-04-22T19:18:45.406788,100.0,59.877586364746094,400.0
2026-04-22T19:18:47.611575,100.0,59.77641296386719,400.0
2026-04-22T19:18:49.814447,100.0,59.92817306518555,400.0
2026-04-22T19:18:52.022933,100.0,59.92817306518555,400.0
2026-04-22T19:18:54.226363,100.0,59.978759765625,400.0
2026-04-22T19:18:56.428138,100.0,59.978759765625,400.0
2026-04-22T19:18:58.638904,100.0,60.02934646606445,400.0
2026-04-22T19:19:00.840749,100.0,60.079933166503906,400.0
2026-04-22T19:19:03.045094,100.0,60.18110275268555,400.0
2026-04-22T19:19:05.249131,100.0,60.231689453125,400.0
2026-04-22T19:19:07.455468,100.0,60.332862854003906,400.0
2026-04-22T19:19:09.657774,100.0,60.28227615356445,400.0
2026-04-22T19:19:11.860852,100.0,60.28227615356445,400.0
2026-04-22T19:19:14.064897,100.0,60.38344955444336,400.0
2026-04-22T19:19:16.270058,100.0,60.332862854003906,400.0
2026-04-22T19:19:18.471979,100.0,60.43403625488281,400.0
2026-04-22T19:19:20.676324,100.0,60.38344955444336,400.0
2026-04-22T19:19:22.878713,100.0,60.231689453125,400.0
2026-04-22T19:19:25.081817,100.0,60.13051986694336,400.0
2026-04-22T19:19:27.285854,100.0,60.02934646606445,400.0
2026-04-22T19:19:29.489191,100.0,60.079933166503906,400.0
2026-04-22T19:19:31.693739,100.0,59.978759765625,400.0
2026-04-22T19:19:33.899322,100.0,59.92817306518555,400.0
2026-04-22T19:19:36.101327,100.0,59.877586364746094,400.0
2026-04-22T19:19:38.303827,100.0,59.725830078125,400.0
2026-04-22T19:19:40.507111,100.0,59.624656677246094,400.0
2026-04-22T19:19:42.710624,100.0,59.67524337768555,400.0
2026-04-22T19:19:44.914132,100.0,59.57406997680664,400.0
2026-04-22T19:19:47.117002,100.0,59.52348327636719,400.0
2026-04-22T19:19:49.319492,100.0,59.37172317504883,400.0
2026-04-22T19:19:51.522354,100.0,59.37172317504883,400.0
2026-04-22T19:19:53.726152,100.0,59.37172317504883,400.0
2026-04-22T19:19:55.930952,100.0,59.16938018798828,400.0
2026-04-22T19:19:58.134746,100.0,59.11879348754883,400.0
2026-04-22T19:20:00.337599,100.0,59.11879348754883,400.0
2026-04-22T19:20:02.540141,100.0,59.068206787109375,400.0
2026-04-22T19:20:04.744214,100.0,58.86586380004883,400.0
2026-04-22T19:20:06.947832,100.0,59.01762008666992,400.0
2026-04-22T19:20:09.149980,100.0,58.91645050048828,400.0
2026-04-22T19:20:11.353205,100.0,58.71410369873047,400.0
2026-04-22T19:20:13.558539,100.0,58.71410369873047,400.0
2026-04-22T19:20:15.762325,100.0,58.663516998291016,400.0
2026-04-22T19:20:17.965230,100.0,58.56234359741211,400.0
2026-04-22T19:20:20.168100,100.0,58.61293029785156,400.0
2026-04-22T19:20:22.370213,100.0,58.61293029785156,400.0
2026-04-22T19:20:24.573334,100.0,58.56234359741211,400.0
2026-04-22T19:20:26.775156,100.0,58.410587310791016,400.0
2026-04-22T19:20:28.976960,100.0,58.410587310791016,400.0
2026-04-22T19:20:31.180766,100.0,58.36000061035156,400.0
2026-04-22T19:20:33.383881,100.0,58.36000061035156,400.0
2026-04-22T19:20:35.587078,100.0,58.258827209472656,400.0
2026-04-22T19:20:37.789497,100.0,58.36000061035156,400.0
2026-04-22T19:20:39.995019,100.0,58.258827209472656,400.0
2026-04-22T19:20:42.197011,100.0,58.157657623291016,400.0
2026-04-22T19:20:44.399609,100.0,58.005897521972656,400.0
2026-04-22T19:20:46.602559,100.0,58.005897521972656,400.0
2026-04-22T19:20:48.806151,100.0,57.803550720214844,400.0
2026-04-22T19:20:51.012760,100.0,57.90472412109375,400.0
2026-04-22T19:20:53.215771,100.0,57.8541374206543,400.0
2026-04-22T19:20:55.419846,100.0,57.90472412109375,400.0
2026-04-22T19:20:57.621846,100.0,57.803550720214844,400.0
2026-04-22T19:20:59.827124,100.0,57.803550720214844,400.0
2026-04-22T19:21:02.030035,100.0,57.8541374206543,400.0
2026-04-22T19:21:04.232561,100.0,57.8541374206543,400.0
2026-04-22T19:21:06.446206,100.0,58.258827209472656,400.0
2026-04-22T19:21:08.651310,100.0,58.10707092285156,400.0
2026-04-22T19:21:10.853871,100.0,58.36000061035156,400.0
2026-04-22T19:21:13.057111,100.0,58.258827209472656,400.0
2026-04-22T19:21:15.269697,100.0,58.30941390991211,400.0
2026-04-22T19:21:17.472242,100.0,58.36000061035156,400.0
2026-04-22T19:21:19.676000,100.0,58.36000061035156,400.0
2026-04-22T19:21:21.890083,100.0,58.56234359741211,400.0
2026-04-22T19:21:24.093127,100.0,58.663516998291016,400.0
2026-04-22T19:21:26.298675,100.0,58.76469039916992,400.0
2026-04-22T19:21:28.506475,100.0,58.815277099609375,400.0
2026-04-22T19:21:30.708561,100.0,58.91645050048828,400.0
2026-04-22T19:21:32.914075,100.0,58.86586380004883,400.0
2026-04-22T19:21:35.119226,100.0,58.86586380004883,400.0
2026-04-22T19:21:37.326252,100.0,59.068206787109375,400.0
2026-04-22T19:21:39.528920,100.0,59.068206787109375,400.0
2026-04-22T19:21:41.732407,100.0,58.96703338623047,400.0
2026-04-22T19:21:43.936184,100.0,59.219966888427734,400.0
2026-04-22T19:21:46.139268,100.0,59.219966888427734,400.0
2026-04-22T19:21:48.343320,100.0,59.219966888427734,400.0
2026-04-22T19:21:50.546257,100.0,59.219966888427734,400.0
2026-04-22T19:21:52.750165,100.0,59.37172317504883,400.0
2026-04-22T19:21:54.952297,100.0,59.42230987548828,400.0
2026-04-22T19:21:57.155697,100.0,59.472896575927734,400.0
2026-04-22T19:21:59.357784,100.0,59.42230987548828,400.0
2026-04-22T19:22:01.559983,100.0,59.624656677246094,400.0
2026-04-22T19:22:03.764147,100.0,59.52348327636719,400.0
2026-04-22T19:22:05.969809,100.0,59.67524337768555,400.0
2026-04-22T19:22:08.175471,100.0,59.67524337768555,400.0
2026-04-22T19:22:10.378880,100.0,59.624656677246094,400.0
2026-04-22T19:22:12.581872,100.0,59.624656677246094,400.0
2026-04-22T19:22:14.787926,100.0,59.77641296386719,400.0
2026-04-22T19:22:16.991425,100.0,59.77641296386719,400.0
2026-04-22T19:22:19.196029,100.0,59.77641296386719,400.0
2026-04-22T19:22:21.400775,100.0,59.82699966430664,400.0
2026-04-22T19:22:23.611330,100.0,59.877586364746094,400.0
2026-04-22T19:22:25.812944,100.0,59.77641296386719,400.0
2026-04-22T19:22:28.020914,100.0,59.82699966430664,400.0
2026-04-22T19:22:30.227942,100.0,59.624656677246094,400.0
2026-04-22T19:22:32.431244,100.0,59.57406997680664,400.0
2026-04-22T19:22:34.635459,100.0,59.57406997680664,400.0
2026-04-22T19:22:36.839006,100.0,59.42230987548828,400.0
2026-04-22T19:22:39.042595,100.0,59.472896575927734,400.0
2026-04-22T19:22:41.245261,100.0,59.37172317504883,400.0
2026-04-22T19:22:43.447839,100.0,59.27055358886719,400.0
2026-04-22T19:22:45.651211,100.0,59.16938018798828,400.0
2026-04-22T19:22:47.854816,100.0,59.11879348754883,400.0
2026-04-22T19:22:50.058080,100.0,59.11879348754883,400.0
2026-04-22T19:22:52.261609,100.0,58.96703338623047,400.0
2026-04-22T19:22:54.465654,100.0,58.815277099609375,400.0
2026-04-22T19:22:56.668523,100.0,58.91645050048828,400.0
2026-04-22T19:22:58.873451,100.0,58.86586380004883,400.0
2026-04-22T19:23:01.076808,100.0,58.51176071166992,400.0
2026-04-22T19:23:03.280902,100.0,58.61293029785156,400.0
2026-04-22T19:23:05.489157,100.0,58.51176071166992,400.0
2026-04-22T19:23:07.691430,100.0,58.51176071166992,400.0
2026-04-22T19:23:09.895539,100.0,58.51176071166992,400.0
2026-04-22T19:23:12.098272,100.0,58.46117401123047,400.0
2026-04-22T19:23:14.302502,100.0,58.36000061035156,400.0
2026-04-22T19:23:16.504556,100.0,58.30941390991211,400.0
2026-04-22T19:23:18.706950,100.0,58.410587310791016,400.0
2026-04-22T19:23:20.913239,100.0,58.157657623291016,400.0
2026-04-22T19:23:23.114943,100.0,58.30941390991211,400.0
2026-04-22T19:23:25.319122,100.0,58.05648422241211,400.0
2026-04-22T19:23:27.522705,100.0,58.157657623291016,400.0
2026-04-22T19:23:29.733871,100.0,58.05648422241211,400.0
2026-04-22T19:23:31.936907,100.0,57.9553108215332,400.0
2026-04-22T19:23:34.140292,100.0,57.8541374206543,400.0
2026-04-22T19:23:36.344187,100.0,57.90472412109375,400.0
2026-04-22T19:23:38.547968,100.0,57.90472412109375,400.0
2026-04-22T19:23:40.751301,100.0,57.8541374206543,400.0
2026-04-22T19:23:42.954839,100.0,57.8541374206543,400.0
2026-04-22T19:23:45.165942,100.0,57.752967834472656,400.0
2026-04-22T19:23:47.369850,100.0,57.752967834472656,400.0
2026-04-22T19:23:49.571989,100.0,57.7023811340332,400.0
2026-04-22T19:23:51.774221,100.0,57.7023811340332,400.0
2026-04-22T19:23:53.978709,100.0,57.7023811340332,400.0
2026-04-22T19:23:56.180645,100.0,57.6012077331543,400.0
2026-04-22T19:23:58.384757,100.0,57.50003433227539,400.0
2026-04-22T19:24:00.588355,100.0,57.550621032714844,400.0
2026-04-22T19:24:02.792601,100.0,57.550621032714844,400.0
2026-04-22T19:24:04.994665,100.0,57.50003433227539,400.0
2026-04-22T19:24:07.197593,100.0,57.6012077331543,400.0
2026-04-22T19:24:09.401138,100.0,57.7023811340332,400.0
2026-04-22T19:24:11.604108,100.0,57.803550720214844,400.0
2026-04-22T19:24:13.807061,100.0,57.9553108215332,400.0
2026-04-22T19:24:16.008887,100.0,58.005897521972656,400.0
2026-04-22T19:24:18.212338,100.0,58.2082405090332,400.0
2026-04-22T19:24:20.414979,100.0,58.10707092285156,400.0
2026-04-22T19:24:22.618493,100.0,58.258827209472656,400.0
2026-04-22T19:24:24.823862,100.0,58.258827209472656,400.0
2026-04-22T19:24:27.026097,100.0,58.410587310791016,400.0
2026-04-22T19:24:29.232468,100.0,58.46117401123047,400.0
2026-04-22T19:24:31.435776,100.0,58.56234359741211,400.0
2026-04-22T19:24:33.639336,100.0,58.56234359741211,400.0
2026-04-22T19:24:35.841450,100.0,58.663516998291016,400.0
2026-04-22T19:24:38.046749,100.0,58.51176071166992,400.0
2026-04-22T19:24:40.248557,100.0,58.71410369873047,400.0
2026-04-22T19:24:42.453262,100.0,58.86586380004883,400.0
2026-04-22T19:24:44.657006,100.0,58.76469039916992,400.0
2026-04-22T19:24:46.866124,100.0,58.96703338623047,400.0
2026-04-22T19:24:49.071397,100.0,58.86586380004883,400.0
2026-04-22T19:24:51.276091,100.0,58.86586380004883,400.0
2026-04-22T19:24:53.479319,100.0,59.01762008666992,400.0
2026-04-22T19:24:55.683413,100.0,59.01762008666992,400.0
2026-04-22T19:24:57.884997,100.0,59.11879348754883,400.0
2026-04-22T19:25:00.086904,100.0,59.16938018798828,400.0
2026-04-22T19:25:02.293523,100.0,59.32114028930664,400.0
2026-04-22T19:25:04.498071,100.0,59.16938018798828,400.0
2026-04-22T19:25:06.701789,100.0,59.219966888427734,400.0
2026-04-22T19:25:08.904687,100.0,59.11879348754883,400.0
2026-04-22T19:25:11.108699,100.0,58.91645050048828,400.0
2026-04-22T19:25:13.319481,100.0,58.91645050048828,400.0
2026-04-22T19:25:15.523144,100.0,58.76469039916992,400.0
2026-04-22T19:25:17.726580,100.0,58.663516998291016,400.0
2026-04-22T19:25:19.929946,100.0,58.46117401123047,400.0
2026-04-22T19:25:22.134093,100.0,58.663516998291016,400.0
2026-04-22T19:25:24.339496,100.0,58.51176071166992,400.0
2026-04-22T19:25:26.545358,100.0,58.410587310791016,400.0
2026-04-22T19:25:28.752642,100.0,58.36000061035156,400.0
2026-04-22T19:25:30.956745,100.0,58.36000061035156,400.0
2026-04-22T19:25:33.158877,100.0,58.410587310791016,400.0
2026-04-22T19:25:35.367299,100.0,58.258827209472656,400.0
2026-04-22T19:25:37.570159,100.0,58.157657623291016,400.0
2026-04-22T19:25:39.773918,100.0,58.157657623291016,400.0
2026-04-22T19:25:41.979819,100.0,58.05648422241211,400.0
2026-04-22T19:25:44.184142,100.0,58.10707092285156,400.0
2026-04-22T19:25:46.387867,100.0,58.005897521972656,400.0
2026-04-22T19:25:48.591336,100.0,58.05648422241211,400.0
2026-04-22T19:25:50.794867,100.0,57.9553108215332,400.0
2026-04-22T19:25:52.998845,100.0,57.803550720214844,400.0
2026-04-22T19:25:55.201696,100.0,57.752967834472656,400.0
2026-04-22T19:25:57.405674,100.0,57.65179443359375,400.0
2026-04-22T19:25:59.609288,100.0,57.7023811340332,400.0
2026-04-22T19:26:01.811571,100.0,57.65179443359375,400.0
2026-04-22T19:26:04.014967,100.0,57.6012077331543,400.0
2026-04-22T19:26:06.220132,100.0,57.6012077331543,400.0
2026-04-22T19:26:08.428360,100.0,57.65179443359375,400.0
2026-04-22T19:26:10.631964,100.0,57.44944763183594,400.0
2026-04-22T19:26:12.833855,100.0,57.550621032714844,400.0
2026-04-22T19:26:15.036835,100.0,57.50003433227539,400.0
2026-04-22T19:26:17.241582,100.0,57.398860931396484,400.0
2026-04-22T19:26:19.446981,100.0,57.3482780456543,400.0
2026-04-22T19:26:21.650515,100.0,57.297691345214844,400.0
2026-04-22T19:26:23.856225,100.0,57.24710464477539,400.0
2026-04-22T19:26:26.058353,100.0,57.398860931396484,400.0
2026-04-22T19:26:28.265607,100.0,57.3482780456543,400.0
2026-04-22T19:26:30.472793,100.0,57.145931243896484,400.0
2026-04-22T19:26:32.677007,100.0,57.3482780456543,400.0
2026-04-22T19:26:34.879886,100.0,57.3482780456543,400.0
2026-04-22T19:26:37.083245,100.0,57.398860931396484,400.0
2026-04-22T19:26:39.287601,100.0,57.44944763183594,400.0
2026-04-22T19:26:41.491578,100.0,57.50003433227539,400.0
2026-04-22T19:26:43.694338,100.0,57.7023811340332,400.0
2026-04-22T19:26:45.900301,100.0,57.7023811340332,400.0
2026-04-22T19:26:48.104834,100.0,57.803550720214844,400.0
2026-04-22T19:26:50.308478,100.0,57.8541374206543,400.0
2026-04-22T19:26:52.511507,100.0,57.9553108215332,400.0
2026-04-22T19:26:54.715664,100.0,57.9553108215332,400.0
2026-04-22T19:26:56.920309,100.0,58.2082405090332,400.0
2026-04-22T19:26:59.124904,100.0,58.258827209472656,400.0
2026-04-22T19:27:01.339939,100.0,58.2082405090332,400.0
2026-04-22T19:27:03.543241,100.0,58.30941390991211,400.0
2026-04-22T19:27:05.755232,100.0,58.410587310791016,400.0
2026-04-22T19:27:07.958025,100.0,58.410587310791016,400.0
2026-04-22T19:27:10.169251,100.0,58.410587310791016,400.0
2026-04-22T19:27:12.371678,100.0,58.61293029785156,400.0
2026-04-22T19:27:14.576821,100.0,58.51176071166992,400.0
2026-04-22T19:27:16.782530,100.0,58.71410369873047,400.0
2026-04-22T19:27:18.984340,100.0,58.71410369873047,400.0
2026-04-22T19:27:21.186922,100.0,58.71410369873047,400.0
2026-04-22T19:27:23.390063,100.0,58.815277099609375,400.0
2026-04-22T19:27:25.601371,100.0,58.86586380004883,400.0
2026-04-22T19:27:27.804789,100.0,58.86586380004883,400.0
2026-04-22T19:27:30.008812,100.0,58.815277099609375,400.0
2026-04-22T19:27:32.215408,100.0,58.91645050048828,400.0
2026-04-22T19:27:34.418156,100.0,59.11879348754883,400.0
2026-04-22T19:27:36.622306,100.0,59.219966888427734,400.0
2026-04-22T19:27:38.824654,100.0,59.16938018798828,400.0
2026-04-22T19:27:41.027902,100.0,59.27055358886719,400.0
2026-04-22T19:27:43.231605,100.0,59.37172317504883,400.0
2026-04-22T19:27:45.434859,100.0,59.27055358886719,400.0
2026-04-22T19:27:47.637268,100.0,59.32114028930664,400.0
2026-04-22T19:27:49.839088,100.0,59.37172317504883,400.0
2026-04-22T19:27:52.042700,100.0,59.52348327636719,400.0
2026-04-22T19:27:54.245740,100.0,59.472896575927734,400.0
2026-04-22T19:27:56.448678,100.0,59.37172317504883,400.0
2026-04-22T19:27:58.652420,100.0,59.472896575927734,400.0
2026-04-22T19:28:00.856775,100.0,59.37172317504883,400.0
2026-04-22T19:28:03.061285,100.0,59.57406997680664,400.0
2026-04-22T19:28:05.264905,100.0,59.624656677246094,400.0
2026-04-22T19:28:07.467714,100.0,59.57406997680664,400.0
2026-04-22T19:28:09.670205,100.0,59.52348327636719,400.0
2026-04-22T19:28:11.872680,100.0,59.42230987548828,400.0
2026-04-22T19:28:14.078654,100.0,59.37172317504883,400.0
2026-04-22T19:28:16.281594,100.0,59.27055358886719,400.0
2026-04-22T19:28:18.483567,100.0,59.219966888427734,400.0
2026-04-22T19:28:20.687307,100.0,59.16938018798828,400.0
2026-04-22T19:28:22.892070,100.0,59.068206787109375,400.0
2026-04-22T19:28:25.094127,100.0,59.068206787109375,400.0
2026-04-22T19:28:27.298533,100.0,58.86586380004883,400.0
2026-04-22T19:28:29.503083,100.0,58.815277099609375,400.0
2026-04-22T19:28:31.713219,100.0,58.71410369873047,400.0
2026-04-22T19:28:33.917621,100.0,58.663516998291016,400.0
2026-04-22T19:28:36.121506,100.0,58.51176071166992,400.0
2026-04-22T19:28:38.325419,100.0,58.410587310791016,400.0
2026-04-22T19:28:40.529012,100.0,58.410587310791016,400.0
2026-04-22T19:28:42.730690,100.0,58.410587310791016,400.0
2026-04-22T19:28:44.935146,100.0,58.30941390991211,400.0
2026-04-22T19:28:47.138822,100.0,58.30941390991211,400.0
2026-04-22T19:28:49.342471,100.0,58.2082405090332,400.0
2026-04-22T19:28:51.549018,100.0,58.10707092285156,400.0
2026-04-22T19:28:53.756617,100.0,58.05648422241211,400.0
2026-04-22T19:28:55.960365,100.0,57.8541374206543,400.0
2026-04-22T19:28:58.163098,100.0,57.8541374206543,400.0
2026-04-22T19:29:00.372321,100.0,57.8541374206543,400.0
2026-04-22T19:29:02.581711,100.0,57.90472412109375,400.0
2026-04-22T19:29:04.786927,100.0,57.803550720214844,400.0
2026-04-22T19:29:06.989900,100.0,57.803550720214844,400.0
2026-04-22T19:29:09.193670,100.0,57.803550720214844,400.0
2026-04-22T19:29:11.398055,100.0,57.752967834472656,400.0
2026-04-22T19:29:13.600459,100.0,57.752967834472656,400.0
2026-04-22T19:29:15.808464,100.0,57.7023811340332,400.0
2026-04-22T19:29:18.011756,100.0,57.65179443359375,400.0
2026-04-22T19:29:20.215951,100.0,57.550621032714844,400.0
2026-04-22T19:29:22.417821,100.0,57.550621032714844,400.0
2026-04-22T19:29:24.620922,100.0,57.50003433227539,400.0
2026-04-22T19:29:26.825291,100.0,57.44944763183594,400.0
2026-04-22T19:29:29.028203,100.0,57.3482780456543,400.0
2026-04-22T19:29:31.233927,100.0,57.3482780456543,400.0
2026-04-22T19:29:33.438367,100.0,57.398860931396484,400.0
2026-04-22T19:29:35.642365,100.0,57.24710464477539,400.0
2026-04-22T19:29:37.844604,100.0,57.19651794433594,400.0
2026-04-22T19:29:40.047220,100.0,57.145931243896484,400.0
2026-04-22T19:29:42.251133,100.0,57.19651794433594,400.0
2026-04-22T19:29:44.455208,100.0,57.3482780456543,400.0
2026-04-22T19:29:46.662796,100.0,57.398860931396484,400.0
2026-04-22T19:29:48.865191,100.0,57.44944763183594,400.0
2026-04-22T19:29:51.069814,100.0,57.6012077331543,400.0
2026-04-22T19:29:53.274960,100.0,57.65179443359375,400.0
2026-04-22T19:29:55.479983,100.0,57.7023811340332,400.0
2026-04-22T19:29:57.682936,100.0,57.803550720214844,400.0
2026-04-22T19:29:59.886912,100.0,57.9553108215332,400.0
2026-04-22T19:30:02.090203,100.0,57.90472412109375,400.0
2026-04-22T19:30:04.306071,100.0,58.157657623291016,400.0
2026-04-22T19:30:06.509132,100.0,58.005897521972656,400.0
2026-04-22T19:30:08.712333,100.0,58.05648422241211,400.0
2026-04-22T19:30:10.916151,100.0,58.005897521972656,400.0
2026-04-22T19:30:13.119974,100.0,58.10707092285156,400.0
2026-04-22T19:30:15.342310,100.0,58.30941390991211,400.0
2026-04-22T19:30:17.550806,100.0,58.258827209472656,400.0
2026-04-22T19:30:19.754873,100.0,58.36000061035156,400.0
2026-04-22T19:30:21.957165,100.0,58.46117401123047,400.0
2026-04-22T19:30:24.160679,100.0,58.51176071166992,400.0
2026-04-22T19:30:26.364069,100.0,58.51176071166992,400.0
2026-04-22T19:30:28.569062,100.0,58.71410369873047,400.0
2026-04-22T19:30:30.787223,100.0,58.61293029785156,400.0
2026-04-22T19:30:32.989924,100.0,58.86586380004883,400.0
2026-04-22T19:30:35.196580,100.0,58.86586380004883,400.0
2026-04-22T19:30:37.398897,100.0,58.86586380004883,400.0
2026-04-22T19:30:39.600713,100.0,58.96703338623047,400.0
2026-04-22T19:30:41.804286,100.0,59.068206787109375,400.0
2026-04-22T19:30:44.009788,100.0,59.11879348754883,400.0
2026-04-22T19:30:46.212566,100.0,59.068206787109375,400.0
2026-04-22T19:30:48.416569,100.0,59.068206787109375,400.0
2026-04-22T19:30:50.620550,100.0,59.27055358886719,400.0
2026-04-22T19:30:52.823439,100.0,59.219966888427734,400.0
2026-04-22T19:30:55.026655,100.0,59.32114028930664,400.0
2026-04-22T19:30:57.229591,100.0,59.37172317504883,400.0
2026-04-22T19:30:59.433908,100.0,59.42230987548828,400.0
2026-04-22T19:31:01.638456,100.0,59.37172317504883,400.0
2026-04-22T19:31:03.840867,100.0,59.52348327636719,400.0
2026-04-22T19:31:06.046817,100.0,59.42230987548828,400.0
2026-04-22T19:31:08.251877,100.0,59.57406997680664,400.0
2026-04-22T19:31:10.455969,100.0,59.57406997680664,400.0
2026-04-22T19:31:12.659178,100.0,59.52348327636719,400.0
2026-04-22T19:31:14.864193,100.0,59.725830078125,400.0
2026-04-22T19:31:17.069107,100.0,59.67524337768555,400.0
2026-04-22T19:31:19.273012,100.0,59.725830078125,400.0
2026-04-22T19:31:21.476454,100.0,59.82699966430664,400.0
2026-04-22T19:31:23.680673,100.0,59.877586364746094,400.0
2026-04-22T19:31:25.883729,100.0,59.877586364746094,400.0
2026-04-22T19:31:28.087998,100.0,59.877586364746094,400.0
2026-04-22T19:31:30.299102,100.0,59.978759765625,400.0
2026-04-22T19:31:32.504982,100.0,60.02934646606445,400.0
2026-04-22T19:31:34.708116,100.0,59.77641296386719,400.0
2026-04-22T19:31:36.911241,100.0,59.82699966430664,400.0
2026-04-22T19:31:39.116825,100.0,59.725830078125,400.0
2026-04-22T19:31:41.320272,100.0,59.624656677246094,400.0
2026-04-22T19:31:43.523228,100.0,59.52348327636719,400.0
2026-04-22T19:31:45.726759,100.0,59.52348327636719,400.0
2026-04-22T19:31:47.929996,100.0,59.37172317504883,400.0
2026-04-22T19:31:50.133170,100.0,59.42230987548828,400.0
2026-04-22T19:31:52.341962,100.0,59.27055358886719,400.0
2026-04-22T19:31:54.544358,100.0,59.219966888427734,400.0
2026-04-22T19:31:56.747017,100.0,59.219966888427734,400.0
2026-04-22T19:31:58.949730,100.0,59.068206787109375,400.0
2026-04-22T19:32:01.152570,100.0,59.068206787109375,400.0
2026-04-22T19:32:03.356550,100.0,58.815277099609375,400.0
2026-04-22T19:32:05.559198,100.0,58.91645050048828,400.0
2026-04-22T19:32:07.762799,100.0,58.96703338623047,400.0
2026-04-22T19:32:09.964924,100.0,58.815277099609375,400.0
2026-04-22T19:32:12.173294,100.0,58.815277099609375,400.0
2026-04-22T19:32:14.375500,100.0,58.61293029785156,400.0
2026-04-22T19:32:16.577416,100.0,58.61293029785156,400.0
2026-04-22T19:32:18.780418,100.0,58.71410369873047,400.0
2026-04-22T19:32:20.984908,100.0,58.51176071166992,400.0
2026-04-22T19:32:23.191870,100.0,58.663516998291016,400.0
2026-04-22T19:32:25.397135,100.0,58.61293029785156,400.0
2026-04-22T19:32:27.600523,100.0,58.410587310791016,400.0
2026-04-22T19:32:29.802665,100.0,58.46117401123047,400.0
2026-04-22T19:32:32.004920,100.0,58.410587310791016,400.0
2026-04-22T19:32:34.209827,100.0,58.36000061035156,400.0
2026-04-22T19:32:36.412169,100.0,58.258827209472656,400.0
2026-04-22T19:32:38.616421,100.0,58.2082405090332,400.0
2026-04-22T19:32:40.820564,100.0,58.2082405090332,400.0
2026-04-22T19:32:43.026759,100.0,58.157657623291016,400.0
2026-04-22T19:32:45.237207,100.0,58.157657623291016,400.0
2026-04-22T19:32:47.442141,100.0,57.9553108215332,400.0
2026-04-22T19:32:49.645891,100.0,57.90472412109375,400.0
2026-04-22T19:32:51.849653,100.0,58.005897521972656,400.0
2026-04-22T19:32:54.051419,100.0,57.90472412109375,400.0
2026-04-22T19:32:56.254921,100.0,58.05648422241211,400.0
2026-04-22T19:32:58.463912,100.0,57.8541374206543,400.0
2026-04-22T19:33:00.670398,100.0,57.90472412109375,400.0
2026-04-22T19:33:02.875437,100.0,57.8541374206543,400.0
2026-04-22T19:33:05.077383,100.0,57.752967834472656,400.0
2026-04-22T19:33:07.280892,100.0,57.803550720214844,400.0
2026-04-22T19:33:09.484099,100.0,57.752967834472656,400.0
2026-04-22T19:33:11.687580,100.0,57.65179443359375,400.0
2026-04-22T19:33:13.893198,100.0,57.6012077331543,400.0
2026-04-22T19:33:16.094811,100.0,57.7023811340332,400.0
2026-04-22T19:33:18.296652,100.0,57.6012077331543,400.0
2026-04-22T19:33:20.503745,100.0,57.550621032714844,400.0
2026-04-22T19:33:22.705611,100.0,57.50003433227539,400.0
2026-04-22T19:33:24.910095,100.0,57.550621032714844,400.0
2026-04-22T19:33:27.113278,100.0,57.550621032714844,400.0
2026-04-22T19:33:29.319713,100.0,57.44944763183594,400.0
2026-04-22T19:33:31.521632,100.0,57.550621032714844,400.0
2026-04-22T19:33:33.725006,100.0,57.398860931396484,400.0
2026-04-22T19:33:35.931719,100.0,57.3482780456543,400.0
2026-04-22T19:33:38.134797,100.0,57.398860931396484,400.0
2026-04-22T19:33:40.337194,100.0,57.297691345214844,400.0
2026-04-22T19:33:42.539753,100.0,57.297691345214844,400.0
2026-04-22T19:33:44.742099,100.0,57.24710464477539,400.0
2026-04-22T19:33:46.946925,100.0,57.297691345214844,400.0
2026-04-22T19:33:49.149778,100.0,57.24710464477539,400.0
2026-04-22T19:33:51.355503,100.0,57.24710464477539,400.0
2026-04-22T19:33:53.557228,100.0,57.19651794433594,400.0
2026-04-22T19:33:55.759439,100.0,57.19651794433594,400.0
2026-04-22T19:33:57.961822,100.0,57.145931243896484,400.0
2026-04-22T19:34:00.168842,100.0,57.09534454345703,400.0
2026-04-22T19:34:02.372731,100.0,57.145931243896484,400.0
2026-04-22T19:34:04.578178,100.0,57.145931243896484,400.0
2026-04-22T19:34:06.781850,100.0,57.19651794433594,400.0
2026-04-22T19:34:08.985860,100.0,57.297691345214844,400.0
2026-04-22T19:34:11.188988,100.0,57.398860931396484,400.0
2026-04-22T19:34:13.392995,100.0,57.398860931396484,400.0
2026-04-22T19:34:15.596867,100.0,57.398860931396484,400.0
2026-04-22T19:34:17.799402,100.0,57.550621032714844,400.0
2026-04-22T19:34:20.005067,100.0,57.65179443359375,400.0
2026-04-22T19:34:22.208294,100.0,57.7023811340332,400.0
2026-04-22T19:34:24.412577,100.0,57.803550720214844,400.0
2026-04-22T19:34:26.616468,100.0,57.90472412109375,400.0
2026-04-22T19:34:28.821866,100.0,57.90472412109375,400.0
2026-04-22T19:34:31.026362,100.0,58.005897521972656,400.0
2026-04-22T19:34:33.230732,100.0,58.05648422241211,400.0
2026-04-22T19:34:35.433568,100.0,58.258827209472656,400.0
2026-04-22T19:34:37.636510,100.0,58.36000061035156,400.0
2026-04-22T19:34:39.839439,100.0,58.36000061035156,400.0
2026-04-22T19:34:42.042510,100.0,58.410587310791016,400.0
2026-04-22T19:34:44.244508,100.0,58.30941390991211,400.0
2026-04-22T19:34:46.447652,100.0,58.36000061035156,400.0
2026-04-22T19:34:48.651076,100.0,58.51176071166992,400.0
2026-04-22T19:34:50.859466,100.0,58.46117401123047,400.0
2026-04-22T19:34:53.062176,100.0,58.46117401123047,400.0
2026-04-22T19:34:55.266875,100.0,58.61293029785156,400.0
2026-04-22T19:34:57.471466,100.0,58.86586380004883,400.0
2026-04-22T19:34:59.674046,100.0,58.76469039916992,400.0
2026-04-22T19:35:01.875861,100.0,58.86586380004883,400.0
2026-04-22T19:35:04.078885,100.0,59.01762008666992,400.0
2026-04-22T19:35:06.284239,100.0,58.96703338623047,400.0
2026-04-22T19:35:08.488306,100.0,59.068206787109375,400.0
2026-04-22T19:35:10.692945,100.0,59.27055358886719,400.0
2026-04-22T19:35:12.901023,100.0,59.11879348754883,400.0
2026-04-22T19:35:15.105570,100.0,59.27055358886719,400.0
2026-04-22T19:35:17.308714,100.0,59.32114028930664,400.0
2026-04-22T19:35:19.513005,100.0,59.37172317504883,400.0
2026-04-22T19:35:21.721475,100.0,59.32114028930664,400.0
2026-04-22T19:35:23.924761,100.0,59.32114028930664,400.0
2026-04-22T19:35:26.128577,100.0,59.42230987548828,400.0
2026-04-22T19:35:28.331474,100.0,59.57406997680664,400.0
2026-04-22T19:35:30.535984,100.0,59.52348327636719,400.0
2026-04-22T19:35:32.742782,100.0,59.57406997680664,400.0
2026-04-22T19:35:34.947627,100.0,59.77641296386719,400.0
2026-04-22T19:35:37.152285,100.0,59.77641296386719,400.0
2026-04-22T19:35:39.355454,100.0,59.77641296386719,400.0
2026-04-22T19:35:41.558918,100.0,59.82699966430664,400.0
2026-04-22T19:35:43.762506,100.0,59.877586364746094,400.0
2026-04-22T19:35:45.969141,100.0,59.82699966430664,400.0
2026-04-22T19:35:48.171072,100.0,59.725830078125,400.0
2026-04-22T19:35:50.373515,84.0,59.624656677246094,400.0
2026-04-22T19:35:52.581382,91.6,59.82699966430664,400.0
2026-04-22T19:35:54.785228,96.9,59.82699966430664,400.0
2026-04-22T19:35:56.989777,95.0,59.77641296386719,400.0
2026-04-22T19:35:59.192601,97.1,59.877586364746094,400.0
2026-04-22T19:36:01.395596,96.3,59.82699966430664,400.0
2026-04-22T19:36:03.598859,97.9,59.877586364746094,400.0
2026-04-22T19:36:05.802215,97.8,59.877586364746094,400.0
2026-04-22T19:36:08.005659,93.2,59.82699966430664,400.0
2026-04-22T19:36:10.209415,96.7,59.877586364746094,400.0
2026-04-22T19:36:12.413749,97.3,59.978759765625,400.0
2026-04-22T19:36:14.618734,96.1,59.978759765625,400.0
2026-04-22T19:36:16.822932,96.8,59.92817306518555,400.0
2026-04-22T19:36:19.027221,97.5,59.978759765625,400.0
2026-04-22T19:36:21.231909,96.8,59.978759765625,400.0
2026-04-22T19:36:23.435801,90.2,60.13051986694336,400.0
2026-04-22T19:36:25.640000,95.8,60.13051986694336,400.0
2026-04-22T19:36:27.844734,94.8,60.079933166503906,400.0
2026-04-22T19:36:30.047580,97.4,60.079933166503906,400.0
2026-04-22T19:36:32.251291,97.9,59.877586364746094,400.0
2026-04-22T19:36:34.454203,97.3,59.77641296386719,400.0
2026-04-22T19:36:36.661894,91.6,59.67524337768555,400.0
2026-04-22T19:36:38.864572,93.6,59.57406997680664,400.0
2026-04-22T19:36:41.068728,95.6,59.472896575927734,400.0
2026-04-22T19:36:43.274573,94.4,59.42230987548828,400.0
2026-04-22T19:36:45.478706,96.5,59.219966888427734,400.0
2026-04-22T19:36:47.682356,94.3,59.32114028930664,400.0
2026-04-22T19:36:49.885340,95.8,59.27055358886719,400.0
2026-04-22T19:36:52.088566,97.9,59.11879348754883,400.0
2026-04-22T19:36:54.292450,93.5,58.91645050048828,400.0
2026-04-22T19:36:56.497410,97.8,59.01762008666992,400.0
2026-04-22T19:36:58.699737,91.4,58.91645050048828,400.0
2026-04-22T19:37:00.902704,97.6,58.663516998291016,400.0
2026-04-22T19:37:03.104698,96.1,58.663516998291016,400.0
2026-04-22T19:37:05.307895,97.7,58.76469039916992,400.0
2026-04-22T19:37:07.509877,97.1,58.46117401123047,400.0
2026-04-22T19:37:09.712687,93.6,58.410587310791016,400.0
2026-04-22T19:37:11.917176,97.2,58.51176071166992,400.0
2026-04-22T19:37:14.122433,95.5,58.36000061035156,400.0
2026-04-22T19:37:16.326277,97.5,58.2082405090332,400.0
2026-04-22T19:37:18.530289,98.1,58.10707092285156,400.0
2026-04-22T19:37:20.733338,97.3,58.005897521972656,400.0
2026-04-22T19:37:22.935089,97.4,57.9553108215332,400.0
2026-04-22T19:37:25.140390,96.6,58.05648422241211,400.0
2026-04-22T19:37:27.343335,97.6,57.803550720214844,400.0
2026-04-22T19:37:29.554467,96.6,57.8541374206543,400.0
2026-04-22T19:37:31.759500,96.1,57.803550720214844,400.0
2026-04-22T19:37:33.967801,94.8,57.803550720214844,400.0
2026-04-22T19:37:36.171807,97.9,57.752967834472656,400.0
2026-04-22T19:37:38.375141,93.3,57.752967834472656,400.0
2026-04-22T19:37:40.579536,93.9,57.6012077331543,400.0
2026-04-22T19:37:42.783223,97.6,57.65179443359375,400.0
2026-04-22T19:37:44.986002,96.9,57.550621032714844,400.0
2026-04-22T19:37:47.191841,97.1,57.550621032714844,400.0
2026-04-22T19:37:49.395208,96.1,57.550621032714844,400.0
2026-04-22T19:37:51.599071,96.9,57.50003433227539,400.0
2026-04-22T19:37:53.802838,97.2,57.297691345214844,400.0
2026-04-22T19:37:56.007890,97.6,57.3482780456543,400.0
2026-04-22T19:37:58.214659,97.4,57.24710464477539,400.0
2026-04-22T19:38:00.416803,92.2,57.24710464477539,400.0
2026-04-22T19:38:02.621006,96.9,57.145931243896484,400.0
2026-04-22T19:38:04.827774,93.4,57.19651794433594,400.0
2026-04-22T19:38:07.031172,96.6,57.24710464477539,400.0
2026-04-22T19:38:09.234778,98.1,57.145931243896484,400.0
2026-04-22T19:38:11.437471,97.1,57.09534454345703,400.0
2026-04-22T19:38:13.639457,97.9,56.893001556396484,400.0
2026-04-22T19:38:15.842708,96.9,56.94358825683594,400.0
2026-04-22T19:38:18.046683,96.8,56.84241485595703,400.0
2026-04-22T19:38:20.252127,94.3,56.94358825683594,400.0
2026-04-22T19:38:22.456033,97.4,56.893001556396484,400.0
2026-04-22T19:38:24.658315,97.8,56.79182815551758,400.0
2026-04-22T19:38:26.862727,97.2,56.79182815551758,400.0
2026-04-22T19:38:29.065842,97.3,56.79182815551758,400.0
2026-04-22T19:38:31.267452,94.7,56.69065475463867,400.0
2026-04-22T19:38:33.471725,97.9,56.741241455078125,400.0
2026-04-22T19:38:35.674923,95.4,56.84241485595703,400.0
2026-04-22T19:38:37.877527,97.5,56.94358825683594,400.0
2026-04-22T19:38:40.084073,93.1,57.09534454345703,400.0
2026-04-22T19:38:42.286993,96.8,57.145931243896484,400.0
2026-04-22T19:38:44.489554,98.0,57.04475784301758,400.0
2026-04-22T19:38:46.692562,92.9,57.3482780456543,400.0
2026-04-22T19:38:48.896663,97.9,57.145931243896484,400.0
2026-04-22T19:38:51.099254,91.0,57.50003433227539,400.0
2026-04-22T19:38:53.302228,97.7,57.44944763183594,400.0
2026-04-22T19:38:55.509041,97.2,57.6012077331543,400.0
2026-04-22T19:38:57.714164,97.4,57.65179443359375,400.0
2026-04-22T19:38:59.918228,93.2,57.65179443359375,400.0
2026-04-22T19:39:02.122474,98.0,57.803550720214844,400.0
2026-04-22T19:39:04.324143,97.6,57.752967834472656,400.0
2026-04-22T19:39:06.527028,96.5,57.8541374206543,400.0
2026-04-22T19:39:08.731170,97.3,57.752967834472656,400.0
2026-04-22T19:39:10.934594,94.0,58.005897521972656,400.0
2026-04-22T19:39:13.136742,97.5,58.157657623291016,400.0
2026-04-22T19:39:15.345022,95.8,58.005897521972656,400.0
2026-04-22T19:39:17.548422,96.4,58.2082405090332,400.0
2026-04-22T19:39:19.754610,96.6,58.157657623291016,400.0
2026-04-22T19:39:21.958969,95.7,58.2082405090332,400.0
2026-04-22T19:39:24.162794,98.0,58.258827209472656,400.0
2026-04-22T19:39:26.365750,94.4,58.410587310791016,400.0
2026-04-22T19:39:28.570439,95.8,58.36000061035156,400.0
2026-04-22T19:39:30.773138,94.4,58.410587310791016,400.0
2026-04-22T19:39:32.978578,94.6,58.410587310791016,400.0
2026-04-22T19:39:35.187577,96.5,58.51176071166992,400.0
2026-04-22T19:39:37.390191,96.5,58.36000061035156,400.0
2026-04-22T19:39:39.601549,88.6,58.51176071166992,400.0
2026-04-22T19:39:41.804557,97.7,58.61293029785156,400.0
2026-04-22T19:39:44.007404,87.4,58.56234359741211,400.0
2026-04-22T19:39:46.211700,97.2,58.71410369873047,400.0
2026-04-22T19:39:48.414911,95.2,58.56234359741211,400.0
2026-04-22T19:39:50.618587,91.3,58.71410369873047,400.0
2026-04-22T19:39:52.821751,96.7,58.91645050048828,400.0
2026-04-22T19:39:55.033983,94.9,58.815277099609375,400.0
2026-04-22T19:39:57.236658,96.8,58.91645050048828,400.0
2026-04-22T19:39:59.440859,96.2,58.91645050048828,400.0
2026-04-22T19:40:01.644334,97.7,59.068206787109375,400.0
2026-04-22T19:40:03.845981,97.8,59.068206787109375,400.0
2026-04-22T19:40:06.052084,94.8,59.16938018798828,400.0
2026-04-22T19:40:08.258919,95.7,59.27055358886719,400.0
2026-04-22T19:40:10.462654,95.4,59.27055358886719,400.0
2026-04-22T19:40:12.665954,96.6,59.37172317504883,400.0
2026-04-22T19:40:14.869441,93.6,59.32114028930664,400.0
2026-04-22T19:40:17.071609,97.7,59.37172317504883,400.0
2026-04-22T19:40:19.273737,96.8,59.068206787109375,400.0
2026-04-22T19:40:21.480663,92.6,59.068206787109375,400.0
2026-04-22T19:40:23.683921,97.6,59.068206787109375,400.0
2026-04-22T19:40:25.889161,95.6,58.96703338623047,400.0
2026-04-22T19:40:28.096061,97.2,58.815277099609375,400.0
2026-04-22T19:40:30.298970,96.9,58.663516998291016,400.0
2026-04-22T19:40:32.502530,96.9,58.71410369873047,400.0
2026-04-22T19:40:34.705749,96.3,58.46117401123047,400.0
2026-04-22T19:40:36.909696,97.8,58.51176071166992,400.0
2026-04-22T19:40:39.115494,94.4,58.410587310791016,400.0
2026-04-22T19:40:41.320404,92.8,58.36000061035156,400.0
2026-04-22T19:40:43.523434,97.2,58.46117401123047,400.0
2026-04-22T19:40:45.725349,96.4,58.2082405090332,400.0
2026-04-22T19:40:47.929104,98.0,58.30941390991211,400.0
2026-04-22T19:40:50.132782,92.4,58.10707092285156,400.0
2026-04-22T19:40:52.338167,97.3,58.157657623291016,400.0
2026-04-22T19:40:54.540998,95.4,58.157657623291016,400.0
2026-04-22T19:40:56.747312,95.9,57.9553108215332,400.0
2026-04-22T19:40:58.950726,97.3,57.9553108215332,400.0
2026-04-22T19:41:01.152664,87.4,57.9553108215332,400.0
2026-04-22T19:41:03.356555,96.7,57.803550720214844,400.0
2026-04-22T19:41:05.559613,98.0,57.65179443359375,400.0
2026-04-22T19:41:07.763473,97.7,57.6012077331543,400.0
2026-04-22T19:41:09.968754,96.7,57.6012077331543,400.0
2026-04-22T19:41:12.172500,97.1,57.65179443359375,400.0
2026-04-22T19:41:14.375875,97.1,57.44944763183594,400.0
2026-04-22T19:41:16.582221,93.6,57.550621032714844,400.0
2026-04-22T19:41:18.783975,97.8,57.398860931396484,400.0
2026-04-22T19:41:20.986403,87.3,57.398860931396484,400.0
2026-04-22T19:41:23.188866,97.7,57.24710464477539,400.0
2026-04-22T19:41:25.392436,97.0,57.09534454345703,400.0
2026-04-22T19:41:27.596928,80.5,57.19651794433594,400.0
2026-04-22T19:41:29.800480,97.3,57.04475784301758,400.0
2026-04-22T19:41:32.007369,96.1,57.09534454345703,400.0
2026-04-22T19:41:34.211319,97.4,57.145931243896484,400.0
2026-04-22T19:41:36.417060,96.1,57.145931243896484,400.0
2026-04-22T19:41:38.620374,97.9,56.994171142578125,400.0
2026-04-22T19:41:40.823396,92.4,57.04475784301758,400.0
2026-04-22T19:41:43.029363,97.0,57.09534454345703,400.0
2026-04-22T19:41:45.247993,91.4,56.94358825683594,400.0
2026-04-22T19:41:47.451919,96.1,57.04475784301758,400.0
2026-04-22T19:41:49.655657,97.2,57.09534454345703,400.0
2026-04-22T19:41:51.859051,97.5,57.145931243896484,400.0
2026-04-22T19:41:54.061043,97.3,57.24710464477539,400.0
2026-04-22T19:41:56.262835,96.9,57.297691345214844,400.0
2026-04-22T19:41:58.466815,98.0,57.24710464477539,400.0
2026-04-22T19:42:00.670742,97.8,57.50003433227539,400.0
2026-04-22T19:42:02.874679,96.1,57.550621032714844,400.0
2026-04-22T19:42:05.077931,97.1,57.65179443359375,400.0
2026-04-22T19:42:07.280204,95.0,57.65179443359375,400.0
2026-04-22T19:42:09.483047,97.9,57.7023811340332,400.0
2026-04-22T19:42:11.685256,96.6,57.90472412109375,400.0
2026-04-22T19:42:13.888098,97.7,57.8541374206543,400.0
2026-04-22T19:42:16.094348,97.3,57.803550720214844,400.0
2026-04-22T19:42:18.305137,92.9,57.9553108215332,400.0
2026-04-22T19:42:20.511201,95.9,58.157657623291016,400.0
2026-04-22T19:42:22.718465,97.2,58.10707092285156,400.0
2026-04-22T19:42:24.920409,97.6,58.36000061035156,400.0
2026-04-22T19:42:27.123171,97.4,58.30941390991211,400.0
2026-04-22T19:42:29.327519,97.3,58.30941390991211,400.0
2026-04-22T19:42:31.529461,96.1,58.36000061035156,400.0
2026-04-22T19:42:33.731089,93.6,58.410587310791016,400.0
2026-04-22T19:42:35.936087,94.7,58.46117401123047,400.0
2026-04-22T19:42:38.142066,91.7,58.36000061035156,400.0
2026-04-22T19:42:40.345453,91.8,58.46117401123047,400.0
2026-04-22T19:42:42.547440,96.6,58.51176071166992,400.0
2026-04-22T19:42:44.750841,97.8,58.410587310791016,400.0
2026-04-22T19:42:46.956677,96.7,58.56234359741211,400.0
2026-04-22T19:42:49.163532,97.5,58.76469039916992,400.0
2026-04-22T19:42:51.367817,97.9,58.815277099609375,400.0
2026-04-22T19:42:53.574825,89.4,58.91645050048828,400.0
2026-04-22T19:42:55.779765,96.1,58.91645050048828,400.0
2026-04-22T19:42:57.983377,97.2,58.815277099609375,400.0
2026-04-22T19:43:00.189632,93.2,59.068206787109375,400.0
2026-04-22T19:43:02.392073,97.8,59.11879348754883,400.0
2026-04-22T19:43:04.594836,93.3,59.01762008666992,400.0
2026-04-22T19:43:06.798834,97.7,59.01762008666992,400.0
2026-04-22T19:43:09.003502,93.7,59.16938018798828,400.0
2026-04-22T19:43:11.210188,97.2,59.068206787109375,400.0
2026-04-22T19:43:13.412327,94.8,59.16938018798828,400.0
2026-04-22T19:43:15.615692,97.9,59.27055358886719,400.0
2026-04-22T19:43:17.818233,97.4,59.219966888427734,400.0
2026-04-22T19:43:20.022753,96.0,59.27055358886719,400.0
2026-04-22T19:43:22.226296,98.1,59.11879348754883,400.0
2026-04-22T19:43:24.435123,90.0,59.32114028930664,400.0
2026-04-22T19:43:26.638031,97.5,59.42230987548828,400.0
2026-04-22T19:43:28.841234,97.5,59.27055358886719,400.0
2026-04-22T19:43:31.044114,90.7,59.42230987548828,400.0
2026-04-22T19:43:33.247933,97.0,59.52348327636719,400.0
2026-04-22T19:43:35.457739,97.2,59.57406997680664,400.0
2026-04-22T19:43:37.660783,98.1,59.42230987548828,400.0
2026-04-22T19:43:39.870839,91.3,59.52348327636719,400.0
2026-04-22T19:43:42.072881,97.4,59.67524337768555,400.0
2026-04-22T19:43:44.277655,95.8,59.67524337768555,400.0
2026-04-22T19:43:46.481000,97.1,59.67524337768555,400.0
2026-04-22T19:43:48.685624,97.8,59.82699966430664,400.0
2026-04-22T19:43:50.888545,97.5,59.725830078125,400.0
2026-04-22T19:43:53.091894,97.2,59.77641296386719,400.0
2026-04-22T19:43:55.296596,98.1,59.82699966430664,400.0
2026-04-22T19:43:57.502226,96.4,59.877586364746094,400.0
2026-04-22T19:43:59.705096,96.4,59.82699966430664,400.0
2026-04-22T19:44:01.907359,97.0,59.978759765625,400.0
2026-04-22T19:44:04.110471,94.8,59.92817306518555,400.0
2026-04-22T19:44:06.312612,97.8,59.92817306518555,400.0
2026-04-22T19:44:08.515860,97.3,60.02934646606445,400.0
2026-04-22T19:44:10.719026,95.6,60.02934646606445,400.0
2026-04-22T19:44:12.921897,97.9,60.02934646606445,400.0
2026-04-22T19:44:15.127966,90.2,59.978759765625,400.0
2026-04-22T19:44:17.331427,97.4,60.02934646606445,400.0
2026-04-22T19:44:19.535464,96.2,60.02934646606445,400.0
2026-04-22T19:44:21.739279,97.5,60.02934646606445,400.0
2026-04-22T19:44:23.941413,97.2,59.82699966430664,400.0
2026-04-22T19:44:26.147677,97.1,59.77641296386719,400.0
2026-04-22T19:44:28.351006,97.9,59.57406997680664,400.0
2026-04-22T19:44:30.561724,80.5,59.37172317504883,400.0
2026-04-22T19:44:32.764857,96.1,59.52348327636719,400.0
2026-04-22T19:44:34.968197,97.6,59.37172317504883,400.0
2026-04-22T19:44:37.171454,96.4,59.37172317504883,400.0
2026-04-22T19:44:39.374437,97.6,59.27055358886719,400.0
2026-04-22T19:44:41.578694,97.3,59.219966888427734,400.0
2026-04-22T19:44:43.781716,97.1,59.068206787109375,400.0
2026-04-22T19:44:45.987987,96.2,58.96703338623047,400.0
2026-04-22T19:44:48.191970,97.0,59.01762008666992,400.0
2026-04-22T19:44:50.398293,97.4,58.76469039916992,400.0
2026-04-22T19:44:52.601858,96.3,58.86586380004883,400.0
2026-04-22T19:44:54.804717,97.4,58.815277099609375,400.0
2026-04-22T19:44:57.010648,95.3,58.71410369873047,400.0
2026-04-22T19:44:59.212930,97.6,58.46117401123047,400.0
2026-04-22T19:45:01.419714,92.9,58.56234359741211,400.0
2026-04-22T19:45:03.622205,97.4,58.51176071166992,400.0
2026-04-22T19:45:05.825000,95.0,58.46117401123047,400.0
2026-04-22T19:45:08.026686,98.0,58.36000061035156,400.0
2026-04-22T19:45:10.229449,96.5,58.51176071166992,400.0
2026-04-22T19:45:12.432622,97.5,58.258827209472656,400.0
2026-04-22T19:45:14.635028,96.8,58.258827209472656,400.0
2026-04-22T19:45:16.839310,95.3,58.2082405090332,400.0
2026-04-22T19:45:19.042266,97.9,58.10707092285156,400.0
2026-04-22T19:45:21.246727,90.4,58.157657623291016,400.0
2026-04-22T19:45:23.448732,97.7,58.05648422241211,400.0
2026-04-22T19:45:25.652931,96.8,57.90472412109375,400.0
2026-04-22T19:45:27.855116,97.6,57.8541374206543,400.0
2026-04-22T19:45:30.058005,96.6,57.65179443359375,400.0
2026-04-22T19:45:32.261630,96.6,57.65179443359375,400.0
2026-04-22T19:45:34.467120,97.5,57.752967834472656,400.0
2026-04-22T19:45:36.675901,96.6,57.65179443359375,400.0
2026-04-22T19:45:38.879700,95.4,57.6012077331543,400.0
2026-04-22T19:45:41.084548,91.0,57.50003433227539,400.0
2026-04-22T19:45:43.286974,97.7,57.398860931396484,400.0
2026-04-22T19:45:45.488911,97.3,57.44944763183594,400.0
2026-04-22T19:45:47.692458,97.5,57.398860931396484,400.0
2026-04-22T19:45:49.894247,96.8,57.398860931396484,400.0
2026-04-22T19:45:52.098135,95.9,57.44944763183594,400.0
2026-04-22T19:45:54.299815,96.2,57.3482780456543,400.0
2026-04-22T19:45:56.502076,95.9,57.550621032714844,400.0
2026-04-22T19:45:58.704759,97.9,57.7023811340332,400.0
2026-04-22T19:46:00.908533,93.1,57.65179443359375,400.0
2026-04-22T19:46:03.110141,92.3,57.8541374206543,400.0
2026-04-22T19:46:05.313378,97.2,57.8541374206543,400.0
2026-04-22T19:46:07.516667,93.1,58.05648422241211,400.0
2026-04-22T19:46:09.720426,96.6,58.005897521972656,400.0
2026-04-22T19:46:11.926234,97.9,58.005897521972656,400.0
2026-04-22T19:46:14.129795,94.9,58.157657623291016,400.0
2026-04-22T19:46:16.334506,96.6,58.157657623291016,400.0
2026-04-22T19:46:18.538668,97.8,58.30941390991211,400.0
2026-04-22T19:46:20.741584,93.1,58.30941390991211,400.0
2026-04-22T19:46:22.947760,88.3,58.30941390991211,400.0
2026-04-22T19:46:25.151216,97.8,58.46117401123047,400.0
2026-04-22T19:46:27.361256,94.9,58.51176071166992,400.0
2026-04-22T19:46:29.565946,97.2,58.61293029785156,400.0
2026-04-22T19:46:31.768912,97.1,58.815277099609375,400.0
2026-04-22T19:46:33.973634,96.7,58.663516998291016,400.0
2026-04-22T19:46:36.177820,97.8,58.663516998291016,400.0
2026-04-22T19:46:38.382151,93.9,58.86586380004883,400.0
2026-04-22T19:46:40.585746,97.9,58.815277099609375,400.0
2026-04-22T19:46:42.788794,96.3,58.815277099609375,400.0
2026-04-22T19:46:44.991623,96.8,59.01762008666992,400.0
2026-04-22T19:46:47.200642,97.2,58.91645050048828,400.0
2026-04-22T19:46:49.403070,96.9,59.068206787109375,400.0
2026-04-22T19:46:51.607874,97.4,59.01762008666992,400.0
2026-04-22T19:46:53.811738,96.0,59.01762008666992,400.0
2026-04-22T19:46:56.017008,95.0,59.01762008666992,400.0
2026-04-22T19:46:58.228541,97.2,59.11879348754883,400.0
2026-04-22T19:47:00.431005,94.0,59.068206787109375,400.0
2026-04-22T19:47:02.634753,97.9,59.16938018798828,400.0
2026-04-22T19:47:04.838073,97.1,59.32114028930664,400.0
2026-04-22T19:47:07.040491,97.5,59.219966888427734,400.0
2026-04-22T19:47:09.249060,91.3,59.42230987548828,400.0
2026-04-22T19:47:11.450763,97.2,59.472896575927734,400.0
2026-04-22T19:47:13.654623,89.5,59.42230987548828,400.0
2026-04-22T19:47:15.865012,96.4,59.57406997680664,400.0
2026-04-22T19:47:18.067052,97.6,59.725830078125,400.0
2026-04-22T19:47:20.269823,97.1,59.77641296386719,400.0
2026-04-22T19:47:22.472952,96.8,59.57406997680664,400.0
2026-04-22T19:47:24.678294,97.4,59.67524337768555,400.0
2026-04-22T19:47:26.883177,98.0,59.472896575927734,400.0
2026-04-22T19:47:29.093975,89.3,59.42230987548828,400.0
2026-04-22T19:47:31.298249,93.0,59.32114028930664,400.0
2026-04-22T19:47:33.501198,94.8,59.219966888427734,400.0
2026-04-22T19:47:35.704407,95.1,59.16938018798828,400.0
2026-04-22T19:47:37.907549,97.5,59.11879348754883,400.0
2026-04-22T19:47:40.115149,96.3,59.16938018798828,400.0
2026-04-22T19:47:42.318747,97.9,59.068206787109375,400.0
2026-04-22T19:47:44.525075,89.2,59.068206787109375,400.0
2026-04-22T19:47:46.728045,98.0,58.91645050048828,400.0
2026-04-22T19:47:48.932490,96.7,58.96703338623047,400.0
2026-04-22T19:47:51.136416,96.8,58.86586380004883,400.0
2026-04-22T19:47:53.341967,96.5,58.71410369873047,400.0
2026-04-22T19:47:55.543873,97.8,58.663516998291016,400.0
2026-04-22T19:47:57.747096,97.4,58.410587310791016,400.0
2026-04-22T19:47:59.954586,91.6,58.410587310791016,400.0
2026-04-22T19:48:02.159078,97.5,58.51176071166992,400.0
2026-04-22T19:48:04.363518,97.6,58.410587310791016,400.0
2026-04-22T19:48:06.569908,97.8,58.46117401123047,400.0
2026-04-22T19:48:08.773834,97.3,58.30941390991211,400.0
2026-04-22T19:48:10.979299,97.5,58.157657623291016,400.0
2026-04-22T19:48:13.182504,97.1,58.10707092285156,400.0
2026-04-22T19:48:15.385345,88.1,58.2082405090332,400.0
2026-04-22T19:48:17.588270,97.5,58.005897521972656,400.0
2026-04-22T19:48:19.793364,93.5,57.90472412109375,400.0
2026-04-22T19:48:21.998192,96.9,57.90472412109375,400.0
2026-04-22T19:48:24.203171,98.0,57.8541374206543,400.0
2026-04-22T19:48:26.407400,97.4,57.803550720214844,400.0
2026-04-22T19:48:28.611310,96.8,57.803550720214844,400.0
2026-04-22T19:48:30.822896,90.8,57.803550720214844,400.0
2026-04-22T19:48:33.027860,96.7,57.752967834472656,400.0
2026-04-22T19:48:35.234232,95.2,57.6012077331543,400.0
2026-04-22T19:48:37.437649,97.1,57.65179443359375,400.0
2026-04-22T19:48:39.640803,96.8,57.7023811340332,400.0
2026-04-22T19:48:41.848220,96.8,57.50003433227539,400.0
2026-04-22T19:48:44.056999,93.4,57.3482780456543,400.0
2026-04-22T19:48:46.259636,94.8,57.398860931396484,400.0
2026-04-22T19:48:48.463906,97.3,57.3482780456543,400.0
2026-04-22T19:48:50.678349,81.7,57.19651794433594,400.0
2026-04-22T19:48:52.881508,97.7,57.297691345214844,400.0
2026-04-22T19:48:55.085907,97.5,57.145931243896484,400.0
2026-04-22T19:48:57.291540,96.9,57.24710464477539,400.0
2026-04-22T19:48:59.495952,96.7,57.145931243896484,400.0
2026-04-22T19:49:01.699117,97.9,57.3482780456543,400.0
2026-04-22T19:49:03.902173,96.7,57.398860931396484,400.0
2026-04-22T19:49:06.105551,93.7,57.550621032714844,400.0
2026-04-22T19:49:08.307322,97.6,57.550621032714844,400.0
2026-04-22T19:49:10.510738,94.8,57.65179443359375,400.0
2026-04-22T19:49:12.713419,97.5,57.7023811340332,400.0
2026-04-22T19:49:14.917646,97.5,57.752967834472656,400.0
2026-04-22T19:49:17.120714,98.0,57.8541374206543,400.0
2026-04-22T19:49:19.324071,97.5,57.90472412109375,400.0
2026-04-22T19:49:21.537577,92.7,58.005897521972656,400.0
2026-04-22T19:49:23.740095,97.7,58.258827209472656,400.0
2026-04-22T19:49:25.943125,97.1,58.2082405090332,400.0
2026-04-22T19:49:28.145889,97.7,58.10707092285156,400.0
2026-04-22T19:49:30.349672,95.0,58.36000061035156,400.0
2026-04-22T19:49:32.553248,98.0,58.36000061035156,400.0
2026-04-22T19:49:34.756064,92.7,58.410587310791016,400.0
2026-04-22T19:49:36.959470,94.6,58.46117401123047,400.0
2026-04-22T19:49:39.162726,97.3,58.46117401123047,400.0
2026-04-22T19:49:41.364514,97.5,58.56234359741211,400.0
2026-04-22T19:49:43.570105,97.8,58.61293029785156,400.0
2026-04-22T19:49:45.774008,96.8,58.46117401123047,400.0
2026-04-22T19:49:47.980501,97.3,58.71410369873047,400.0
2026-04-22T19:49:50.184316,97.5,58.663516998291016,400.0
2026-04-22T19:49:52.398170,91.5,58.815277099609375,400.0
2026-04-22T19:49:54.600673,97.0,58.86586380004883,400.0
2026-04-22T19:49:56.805475,96.0,59.01762008666992,400.0
2026-04-22T19:49:59.008257,97.7,59.01762008666992,400.0
2026-04-22T19:50:01.211613,97.1,59.16938018798828,400.0
2026-04-22T19:50:03.418081,98.0,59.068206787109375,400.0
2026-04-22T19:50:05.620735,97.7,59.068206787109375,400.0
2026-04-22T19:50:07.827745,96.4,59.219966888427734,400.0
2026-04-22T19:50:10.030959,96.9,59.16938018798828,400.0
2026-04-22T19:50:12.234557,96.5,59.32114028930664,400.0
2026-04-22T19:50:14.436415,97.6,59.37172317504883,400.0
2026-04-22T19:50:16.641005,94.4,59.27055358886719,400.0
2026-04-22T19:50:18.843668,98.0,59.472896575927734,400.0
2026-04-22T19:50:21.045523,97.5,59.52348327636719,400.0
2026-04-22T19:50:23.250136,97.9,59.37172317504883,400.0
2026-04-22T19:50:25.454214,96.9,59.52348327636719,400.0
2026-04-22T19:50:27.659382,94.7,59.52348327636719,400.0
2026-04-22T19:50:29.865009,96.9,59.52348327636719,400.0
2026-04-22T19:50:32.070345,96.8,59.52348327636719,400.0
2026-04-22T19:50:34.281171,97.7,59.624656677246094,400.0
2026-04-22T19:50:36.484188,96.8,59.67524337768555,400.0
2026-04-22T19:50:38.687539,97.4,59.67524337768555,400.0
2026-04-22T19:50:40.890870,97.5,59.52348327636719,400.0
2026-04-22T19:50:43.099314,90.1,59.57406997680664,400.0
2026-04-22T19:50:45.307634,97.6,59.82699966430664,400.0
2026-04-22T19:50:47.510761,98.0,59.624656677246094,400.0
2026-04-22T19:50:49.715156,97.2,59.624656677246094,400.0
2026-04-22T19:50:51.920472,97.9,59.52348327636719,400.0
2026-04-22T19:50:54.127402,96.5,59.32114028930664,400.0
2026-04-22T19:50:56.329495,97.2,59.32114028930664,400.0
2026-04-22T19:50:58.532680,94.3,59.219966888427734,400.0
2026-04-22T19:51:00.739446,96.8,59.27055358886719,400.0
2026-04-22T19:51:02.943296,95.1,59.219966888427734,400.0
2026-04-22T19:51:05.147520,97.2,59.11879348754883,400.0
2026-04-22T19:51:07.350531,98.0,59.01762008666992,400.0
2026-04-22T19:51:09.553816,93.9,58.91645050048828,400.0
2026-04-22T19:51:11.758193,92.4,58.86586380004883,400.0
2026-04-22T19:51:13.962884,97.3,58.663516998291016,400.0
2026-04-22T19:51:16.165997,97.3,58.46117401123047,400.0
2026-04-22T19:51:18.368535,94.8,58.410587310791016,400.0
2026-04-22T19:51:20.572317,92.8,58.56234359741211,400.0
2026-04-22T19:51:22.774450,96.4,58.30941390991211,400.0
2026-04-22T19:51:24.977493,96.4,58.30941390991211,400.0
2026-04-22T19:51:27.180273,97.8,58.36000061035156,400.0
2026-04-22T19:51:29.390536,86.7,58.2082405090332,400.0
2026-04-22T19:51:31.592305,97.5,58.2082405090332,400.0
2026-04-22T19:51:33.795205,91.8,58.10707092285156,400.0
2026-04-22T19:51:35.996947,97.5,58.10707092285156,400.0
2026-04-22T19:51:38.201573,97.1,57.9553108215332,400.0
2026-04-22T19:51:40.404455,96.3,57.803550720214844,400.0
2026-04-22T19:51:42.608627,96.4,57.90472412109375,400.0
2026-04-22T19:51:44.814965,77.0,57.7023811340332,400.0
2026-04-22T19:51:47.019162,97.3,57.7023811340332,400.0
2026-04-22T19:51:49.221331,95.8,57.7023811340332,400.0
2026-04-22T19:51:51.424597,96.3,57.50003433227539,400.0
2026-04-22T19:51:53.630499,92.8,57.6012077331543,400.0
2026-04-22T19:51:55.835741,97.5,57.6012077331543,400.0
2026-04-22T19:51:58.038326,96.6,57.550621032714844,400.0
2026-04-22T19:52:00.242569,93.9,57.44944763183594,400.0
2026-04-22T19:52:02.447203,97.5,57.398860931396484,400.0
2026-04-22T19:52:04.651324,97.1,57.398860931396484,400.0
2026-04-22T19:52:06.855135,97.8,57.50003433227539,400.0
2026-04-22T19:52:09.057543,97.9,57.24710464477539,400.0
2026-04-22T19:52:11.263960,93.9,57.145931243896484,400.0
2026-04-22T19:52:13.466966,97.1,57.19651794433594,400.0
2026-04-22T19:52:15.671979,95.6,57.19651794433594,400.0
2026-04-22T19:52:17.880055,97.9,57.145931243896484,400.0
2026-04-22T19:52:20.084191,93.4,57.09534454345703,400.0
2026-04-22T19:52:22.290553,97.5,57.09534454345703,400.0
2026-04-22T19:52:24.494301,96.0,56.994171142578125,400.0
2026-04-22T19:52:26.696110,92.3,57.04475784301758,400.0
2026-04-22T19:52:28.899953,97.5,56.893001556396484,400.0
2026-04-22T19:52:31.102676,96.0,56.893001556396484,400.0
2026-04-22T19:52:33.307737,97.8,56.893001556396484,400.0
2026-04-22T19:52:35.510972,94.9,56.893001556396484,400.0
2026-04-22T19:52:37.712592,96.9,57.04475784301758,400.0
2026-04-22T19:52:39.916363,94.7,56.94358825683594,400.0
2026-04-22T19:52:42.121160,97.8,57.145931243896484,400.0
2026-04-22T19:52:44.323845,97.7,57.145931243896484,400.0
2026-04-22T19:52:46.527510,93.1,57.24710464477539,400.0
2026-04-22T19:52:48.731355,96.2,57.44944763183594,400.0
2026-04-22T19:52:50.938322,95.1,57.24710464477539,400.0
2026-04-22T19:52:53.141379,90.5,57.50003433227539,400.0
2026-04-22T19:52:55.343677,96.5,57.550621032714844,400.0
2026-04-22T19:52:57.548960,97.3,57.803550720214844,400.0
2026-04-22T19:52:59.754469,96.6,57.752967834472656,400.0
2026-04-22T19:53:01.958740,97.5,57.90472412109375,400.0
2026-04-22T19:53:04.162184,96.8,57.8541374206543,400.0
2026-04-22T19:53:06.368194,97.6,57.90472412109375,400.0
2026-04-22T19:53:08.571042,97.0,57.90472412109375,400.0
2026-04-22T19:53:10.773710,97.1,58.05648422241211,400.0
2026-04-22T19:53:12.977569,97.4,58.005897521972656,400.0
2026-04-22T19:53:15.180429,95.8,58.157657623291016,400.0
2026-04-22T19:53:17.381933,92.6,58.30941390991211,400.0
2026-04-22T19:53:19.584877,95.9,58.30941390991211,400.0
2026-04-22T19:53:21.787490,96.2,58.36000061035156,400.0
2026-04-22T19:53:23.993194,97.0,58.56234359741211,400.0
2026-04-22T19:53:26.196760,96.7,58.56234359741211,400.0
2026-04-22T19:53:28.398787,97.9,58.663516998291016,400.0
2026-04-22T19:53:30.603899,93.8,58.86586380004883,400.0
2026-04-22T19:53:32.806701,91.5,58.61293029785156,400.0
2026-04-22T19:53:35.009669,96.4,58.86586380004883,400.0
2026-04-22T19:53:37.218710,94.7,58.86586380004883,400.0
2026-04-22T19:53:39.420928,96.0,58.86586380004883,400.0
2026-04-22T19:53:41.623945,97.9,58.86586380004883,400.0
2026-04-22T19:53:43.828568,98.1,59.11879348754883,400.0
2026-04-22T19:53:46.036194,97.0,59.068206787109375,400.0
2026-04-22T19:53:48.241497,97.1,58.96703338623047,400.0
2026-04-22T19:53:50.444172,96.9,59.01762008666992,400.0
2026-04-22T19:53:52.651614,95.1,59.11879348754883,400.0
2026-04-22T19:53:54.861632,96.3,59.11879348754883,400.0
2026-04-22T19:53:57.066523,95.4,59.068206787109375,400.0
2026-04-22T19:53:59.277222,95.6,59.11879348754883,400.0
2026-04-22T19:54:01.480590,97.3,59.219966888427734,400.0
2026-04-22T19:54:03.683831,97.6,59.219966888427734,400.0
2026-04-22T19:54:05.887508,97.9,59.219966888427734,400.0
2026-04-22T19:54:08.095407,96.0,59.27055358886719,400.0
2026-04-22T19:54:10.302108,94.6,59.42230987548828,400.0
2026-04-22T19:54:12.507437,96.3,59.472896575927734,400.0
2026-04-22T19:54:14.710240,97.1,59.42230987548828,400.0
2026-04-22T19:54:16.912573,97.1,59.472896575927734,400.0
2026-04-22T19:54:19.118430,97.6,59.472896575927734,400.0
2026-04-22T19:54:21.320794,98.0,59.32114028930664,400.0
2026-04-22T19:54:23.524081,95.5,59.472896575927734,400.0
2026-04-22T19:54:25.727412,96.5,59.219966888427734,400.0
2026-04-22T19:54:27.930233,96.8,59.068206787109375,400.0
2026-04-22T19:54:30.132299,97.6,58.96703338623047,400.0
2026-04-22T19:54:32.337611,97.6,58.815277099609375,400.0
2026-04-22T19:54:34.544716,96.9,58.86586380004883,400.0
2026-04-22T19:54:36.749086,97.4,58.86586380004883,400.0
2026-04-22T19:54:38.951372,97.7,58.815277099609375,400.0
2026-04-22T19:54:41.156485,97.1,58.61293029785156,400.0
2026-04-22T19:54:43.366074,95.2,58.663516998291016,400.0
2026-04-22T19:54:45.568314,96.3,58.30941390991211,400.0
2026-04-22T19:54:47.775826,87.8,58.36000061035156,400.0
2026-04-22T19:54:49.979738,98.0,58.2082405090332,400.0
2026-04-22T19:54:52.182438,96.7,58.157657623291016,400.0
2026-04-22T19:54:54.385302,94.5,58.05648422241211,400.0
2026-04-22T19:54:56.592996,97.8,58.2082405090332,400.0
2026-04-22T19:54:58.796076,95.9,58.05648422241211,400.0
2026-04-22T19:55:00.999842,96.9,57.9553108215332,400.0
2026-04-22T19:55:03.201700,96.9,57.90472412109375,400.0
2026-04-22T19:55:05.406496,95.2,57.90472412109375,400.0
2026-04-22T19:55:07.612216,97.5,57.8541374206543,400.0
2026-04-22T19:55:09.815267,96.1,57.752967834472656,400.0
2026-04-22T19:55:12.018385,97.7,57.7023811340332,400.0
2026-04-22T19:55:14.222502,92.1,57.550621032714844,400.0
2026-04-22T19:55:16.424715,97.1,57.50003433227539,400.0
2026-04-22T19:55:18.628267,97.8,57.50003433227539,400.0
2026-04-22T19:55:20.833614,96.9,57.6012077331543,400.0
2026-04-22T19:55:23.038663,97.4,57.398860931396484,400.0
2026-04-22T19:55:25.241998,96.3,57.3482780456543,400.0
2026-04-22T19:55:27.447499,97.4,57.398860931396484,400.0
2026-04-22T19:55:29.650782,93.9,57.297691345214844,400.0
2026-04-22T19:55:31.854487,98.1,57.24710464477539,400.0
2026-04-22T19:55:34.056802,95.4,57.24710464477539,400.0
2026-04-22T19:55:36.259083,96.1,57.19651794433594,400.0
2026-04-22T19:55:38.469877,97.3,57.145931243896484,400.0
2026-04-22T19:55:40.673309,97.5,57.09534454345703,400.0
2026-04-22T19:55:42.876368,98.0,56.994171142578125,400.0
2026-04-22T19:55:45.082808,91.7,56.994171142578125,400.0
2026-04-22T19:55:47.287444,97.9,57.04475784301758,400.0
2026-04-22T19:55:49.491582,94.2,56.893001556396484,400.0
2026-04-22T19:55:51.694876,96.2,56.84241485595703,400.0
2026-04-22T19:55:53.898221,97.8,56.79182815551758,400.0
2026-04-22T19:55:56.100333,97.0,56.69065475463867,400.0
2026-04-22T19:55:58.302412,96.1,56.53889846801758,400.0
2026-04-22T19:56:00.505732,90.8,56.79182815551758,400.0
2026-04-22T19:56:02.708864,97.3,56.741241455078125,400.0
2026-04-22T19:56:04.916131,94.5,56.994171142578125,400.0
2026-04-22T19:56:07.117737,96.2,57.09534454345703,400.0
2026-04-22T19:56:09.320761,97.7,57.145931243896484,400.0
2026-04-22T19:56:11.530697,97.7,57.24710464477539,400.0
2026-04-22T19:56:13.734106,97.2,57.24710464477539,400.0
2026-04-22T19:56:15.939184,85.4,57.44944763183594,400.0
2026-04-22T19:56:18.142464,98.1,57.398860931396484,400.0
2026-04-22T19:56:20.345502,90.7,57.6012077331543,400.0
2026-04-22T19:56:22.547191,96.5,57.752967834472656,400.0
2026-04-22T19:56:24.751341,96.9,57.7023811340332,400.0
2026-04-22T19:56:26.954767,97.0,57.65179443359375,400.0
2026-04-22T19:56:29.156642,97.5,57.752967834472656,400.0
2026-04-22T19:56:31.359610,94.8,57.90472412109375,400.0
2026-04-22T19:56:33.563512,97.9,57.9553108215332,400.0
2026-04-22T19:56:35.766862,95.3,57.9553108215332,400.0
2026-04-22T19:56:37.972960,95.6,58.05648422241211,400.0
2026-04-22T19:56:40.176554,95.5,58.05648422241211,400.0
2026-04-22T19:56:42.378893,98.0,58.2082405090332,400.0
2026-04-22T19:56:44.585848,97.3,58.258827209472656,400.0
2026-04-22T19:56:46.789184,85.7,58.258827209472656,400.0
2026-04-22T19:56:48.993743,97.0,58.410587310791016,400.0
2026-04-22T19:56:51.197155,90.7,58.36000061035156,400.0
2026-04-22T19:56:53.402424,98.1,58.46117401123047,400.0
2026-04-22T19:56:55.604260,95.7,58.46117401123047,400.0
2026-04-22T19:56:57.806846,96.3,58.56234359741211,400.0
2026-04-22T19:57:00.009627,97.6,58.663516998291016,400.0
2026-04-22T19:57:02.213920,97.1,58.56234359741211,400.0
2026-04-22T19:57:04.416119,97.2,58.663516998291016,400.0
2026-04-22T19:57:06.625605,88.6,58.56234359741211,400.0
2026-04-22T19:57:08.828685,97.2,58.815277099609375,400.0
2026-04-22T19:57:11.033569,93.1,58.91645050048828,400.0
2026-04-22T19:57:13.239836,97.3,58.76469039916992,400.0
2026-04-22T19:57:15.443708,96.8,58.96703338623047,400.0
2026-04-22T19:57:17.647339,97.8,59.068206787109375,400.0
2026-04-22T19:57:19.852712,97.7,58.91645050048828,400.0
2026-04-22T19:57:22.058280,95.3,59.01762008666992,400.0
2026-04-22T19:57:24.262883,97.6,59.11879348754883,400.0
2026-04-22T19:57:26.467347,97.2,59.219966888427734,400.0
2026-04-22T19:57:28.671351,97.4,59.16938018798828,400.0
2026-04-22T19:57:30.876561,94.1,59.219966888427734,400.0
2026-04-22T19:57:33.079445,97.7,59.32114028930664,400.0
2026-04-22T19:57:35.285692,93.6,59.37172317504883,400.0
2026-04-22T19:57:37.488486,94.7,59.37172317504883,400.0
2026-04-22T19:57:39.692791,97.3,59.472896575927734,400.0
2026-04-22T19:57:41.898406,97.4,59.472896575927734,400.0
2026-04-22T19:57:44.100991,96.5,59.472896575927734,400.0
2026-04-22T19:57:46.309041,97.4,59.472896575927734,400.0
2026-04-22T19:57:48.514889,88.2,59.52348327636719,400.0
2026-04-22T19:57:50.716597,97.1,59.37172317504883,400.0
2026-04-22T19:57:52.919947,96.0,59.32114028930664,400.0
2026-04-22T19:57:55.130397,97.4,59.32114028930664,400.0
2026-04-22T19:57:57.334218,93.3,59.01762008666992,400.0
2026-04-22T19:57:59.540244,93.2,59.01762008666992,400.0
2026-04-22T19:58:01.743135,96.8,59.01762008666992,400.0
2026-04-22T19:58:03.948896,98.0,58.86586380004883,400.0
2026-04-22T19:58:06.153080,97.5,58.71410369873047,400.0
2026-04-22T19:58:08.366739,92.8,58.51176071166992,400.0
2026-04-22T19:58:10.570921,93.3,58.56234359741211,400.0
2026-04-22T19:58:12.773045,93.3,58.46117401123047,400.0
2026-04-22T19:58:14.975488,96.6,58.51176071166992,400.0
2026-04-22T19:58:17.178312,97.1,58.410587310791016,400.0
2026-04-22T19:58:19.382856,96.8,58.36000061035156,400.0
2026-04-22T19:58:21.589013,96.8,58.2082405090332,400.0
2026-04-22T19:58:23.794933,94.0,58.258827209472656,400.0
2026-04-22T19:58:25.997959,97.0,58.2082405090332,400.0
2026-04-22T19:58:28.200415,94.9,57.803550720214844,400.0
2026-04-22T19:58:30.403654,95.8,57.90472412109375,400.0
2026-04-22T19:58:32.607422,93.9,57.752967834472656,400.0
2026-04-22T19:58:34.811158,97.7,57.752967834472656,400.0
2026-04-22T19:58:37.013226,97.2,57.65179443359375,400.0
2026-04-22T19:58:39.216232,92.1,57.65179443359375,400.0
2026-04-22T19:58:41.419848,97.8,57.6012077331543,400.0
2026-04-22T19:58:43.622189,92.3,57.803550720214844,400.0
2026-04-22T19:58:45.826035,97.3,57.8541374206543,400.0
2026-04-22T19:58:48.029054,97.3,57.9553108215332,400.0
2026-04-22T19:58:50.234436,97.6,57.90472412109375,400.0
2026-04-22T19:58:52.436368,97.8,57.9553108215332,400.0
2026-04-22T19:58:54.640547,97.0,58.10707092285156,400.0
2026-04-22T19:58:56.842452,97.5,57.9553108215332,400.0
2026-04-22T19:58:59.054110,89.0,58.157657623291016,400.0
2026-04-22T19:59:01.257716,96.9,58.258827209472656,400.0
2026-04-22T19:59:03.460019,93.4,58.36000061035156,400.0
2026-04-22T19:59:05.662946,97.3,58.258827209472656,400.0
2026-04-22T19:59:07.867836,97.3,58.51176071166992,400.0
2026-04-22T19:59:10.073123,97.6,58.56234359741211,400.0
2026-04-22T19:59:12.276448,97.6,58.46117401123047,400.0
2026-04-22T19:59:14.489974,91.9,58.46117401123047,400.0
2026-04-22T19:59:16.693094,97.3,58.61293029785156,400.0
2026-04-22T19:59:18.898755,95.5,58.36000061035156,400.0
2026-04-22T19:59:21.102600,94.3,58.51176071166992,400.0
2026-04-22T19:59:23.305284,96.1,58.258827209472656,400.0
2026-04-22T19:59:25.507482,97.1,58.36000061035156,400.0
2026-04-22T19:59:27.714607,97.5,58.30941390991211,400.0
2026-04-22T19:59:29.917380,92.7,58.157657623291016,400.0
2026-04-22T19:59:32.120227,97.6,58.157657623291016,400.0
2026-04-22T19:59:34.323191,82.9,58.05648422241211,400.0
2026-04-22T19:59:36.527840,97.4,58.005897521972656,400.0
2026-04-22T19:59:38.733795,97.2,57.9553108215332,400.0
2026-04-22T19:59:40.935746,97.1,58.005897521972656,400.0
2026-04-22T19:59:43.140445,97.4,57.8541374206543,400.0
2026-04-22T19:59:45.344552,97.6,57.8541374206543,400.0
2026-04-22T19:59:47.548466,97.0,57.90472412109375,400.0
2026-04-22T19:59:49.752138,88.7,57.803550720214844,400.0
2026-04-22T19:59:51.955139,97.5,57.752967834472656,400.0
2026-04-22T19:59:54.165032,97.6,57.65179443359375,400.0
2026-04-22T19:59:56.366873,97.9,57.65179443359375,400.0
2026-04-22T19:59:58.571301,97.4,57.6012077331543,400.0
2026-04-22T20:00:00.773999,96.6,57.550621032714844,400.0
2026-04-22T20:00:02.977407,97.6,57.550621032714844,400.0
2026-04-22T20:00:05.182305,95.7,57.44944763183594,400.0
2026-04-22T20:00:07.383983,98.0,57.50003433227539,400.0
2026-04-22T20:00:09.586543,96.9,57.44944763183594,400.0
2026-04-22T20:00:11.791152,97.4,57.44944763183594,400.0
2026-04-22T20:00:13.994414,97.8,57.3482780456543,400.0
2026-04-22T20:00:16.196797,90.6,57.3482780456543,400.0
2026-04-22T20:00:18.399864,97.0,57.145931243896484,400.0
2026-04-22T20:00:20.606294,91.2,57.24710464477539,400.0
2026-04-22T20:00:22.811488,97.0,57.24710464477539,400.0
2026-04-22T20:00:25.016399,95.5,57.19651794433594,400.0
2026-04-22T20:00:27.228676,96.7,57.19651794433594,400.0
2026-04-22T20:00:29.432944,95.7,57.145931243896484,400.0
2026-04-22T20:00:31.638878,96.7,57.145931243896484,400.0
2026-04-22T20:00:33.842868,98.1,56.94358825683594,400.0
2026-04-22T20:00:36.047241,86.6,57.09534454345703,400.0
2026-04-22T20:00:38.249555,93.9,57.04475784301758,400.0
2026-04-22T20:00:40.451422,95.6,57.19651794433594,400.0
2026-04-22T20:00:42.655291,97.2,57.19651794433594,400.0
2026-04-22T20:00:44.857529,96.9,57.297691345214844,400.0
2026-04-22T20:00:47.059773,97.7,57.297691345214844,400.0
2026-04-22T20:00:49.266105,95.8,57.19651794433594,400.0
2026-04-22T20:00:51.477748,88.5,57.3482780456543,400.0
2026-04-22T20:00:53.682301,96.9,57.50003433227539,400.0
2026-04-22T20:00:55.886629,96.0,57.65179443359375,400.0
2026-04-22T20:00:58.088736,97.1,57.6012077331543,400.0
2026-04-22T20:01:00.294877,96.7,57.7023811340332,400.0
2026-04-22T20:01:02.501022,97.0,57.752967834472656,400.0
2026-04-22T20:01:04.702754,96.1,57.9553108215332,400.0
2026-04-22T20:01:06.918371,92.2,57.9553108215332,400.0
2026-04-22T20:01:09.121375,97.4,58.05648422241211,400.0
2026-04-22T20:01:11.323221,96.1,58.10707092285156,400.0
2026-04-22T20:01:13.527397,97.6,58.258827209472656,400.0
2026-04-22T20:01:15.731422,97.6,58.258827209472656,400.0
2026-04-22T20:01:17.934687,96.5,58.30941390991211,400.0
2026-04-22T20:01:20.139310,97.4,58.30941390991211,400.0
2026-04-22T20:01:22.343593,94.4,58.410587310791016,400.0
2026-04-22T20:01:24.545989,92.8,58.258827209472656,400.0
2026-04-22T20:01:26.750355,95.0,58.56234359741211,400.0
2026-04-22T20:01:28.953947,97.5,58.56234359741211,400.0
2026-04-22T20:01:31.157542,96.9,58.56234359741211,400.0
2026-04-22T20:01:33.359681,97.3,58.815277099609375,400.0
2026-04-22T20:01:35.562015,88.9,58.76469039916992,400.0
2026-04-22T20:01:37.765325,97.1,58.91645050048828,400.0
2026-04-22T20:01:39.968634,92.1,58.96703338623047,400.0
2026-04-22T20:01:42.173406,96.0,58.815277099609375,400.0
2026-04-22T20:01:44.379192,98.0,58.663516998291016,400.0
2026-04-22T20:01:46.580943,96.8,58.76469039916992,400.0
2026-04-22T20:01:48.783180,97.0,58.56234359741211,400.0
2026-04-22T20:01:50.987570,97.4,58.51176071166992,400.0
2026-04-22T20:01:53.191536,92.0,58.51176071166992,400.0
2026-04-22T20:01:55.394822,96.2,58.46117401123047,400.0
2026-04-22T20:01:57.602025,82.6,58.258827209472656,400.0
2026-04-22T20:01:59.803678,97.0,58.258827209472656,400.0
2026-04-22T20:02:02.007404,97.3,58.30941390991211,400.0
2026-04-22T20:02:04.209416,98.0,58.2082405090332,400.0
2026-04-22T20:02:06.414032,94.6,58.10707092285156,400.0
2026-04-22T20:02:08.616981,97.4,58.10707092285156,400.0
2026-04-22T20:02:10.820453,97.0,58.005897521972656,400.0
2026-04-22T20:02:13.027894,96.4,58.10707092285156,400.0
2026-04-22T20:02:15.231370,97.3,58.2082405090332,400.0
2026-04-22T20:02:17.434497,97.4,57.8541374206543,400.0
2026-04-22T20:02:19.637970,96.0,57.9553108215332,400.0
2026-04-22T20:02:21.843011,98.0,57.803550720214844,400.0
2026-04-22T20:02:24.046210,96.1,57.803550720214844,400.0
2026-04-22T20:02:26.251278,97.5,57.7023811340332,400.0
2026-04-22T20:02:28.452991,94.6,57.752967834472656,400.0
2026-04-22T20:02:30.656273,98.0,57.65179443359375,400.0
2026-04-22T20:02:32.858620,93.2,57.65179443359375,400.0
2026-04-22T20:02:35.063565,97.7,57.6012077331543,400.0
2026-04-22T20:02:37.269822,96.1,57.44944763183594,400.0
2026-04-22T20:02:39.472689,81.0,57.398860931396484,400.0
2026-04-22T20:02:41.678181,97.2,57.50003433227539,400.0
2026-04-22T20:02:43.881411,97.1,57.50003433227539,400.0
2026-04-22T20:02:46.090416,97.4,57.50003433227539,400.0
2026-04-22T20:02:48.293680,97.7,57.398860931396484,400.0
2026-04-22T20:02:50.496631,96.3,57.297691345214844,400.0
2026-04-22T20:02:52.700545,97.4,57.19651794433594,400.0
2026-04-22T20:02:54.905681,97.0,57.19651794433594,400.0
2026-04-22T20:02:57.108081,97.9,56.893001556396484,400.0
2026-04-22T20:02:59.312560,88.8,57.09534454345703,400.0
2026-04-22T20:03:01.516108,97.3,56.994171142578125,400.0
2026-04-22T20:03:03.724013,89.9,56.893001556396484,400.0
2026-04-22T20:03:05.927536,97.6,56.94358825683594,400.0
2026-04-22T20:03:08.130440,97.8,56.79182815551758,400.0
2026-04-22T20:03:10.332841,92.2,56.94358825683594,400.0
2026-04-22T20:03:12.537223,97.4,56.69065475463867,400.0
2026-04-22T20:03:14.742514,96.4,56.84241485595703,400.0
2026-04-22T20:03:16.946758,96.5,56.69065475463867,400.0
2026-04-22T20:03:19.149086,95.2,56.741241455078125,400.0
2026-04-22T20:03:21.355414,96.9,56.741241455078125,400.0
2026-04-22T20:03:23.560137,97.1,56.488311767578125,400.0
2026-04-22T20:03:25.764446,97.8,56.589481353759766,400.0
2026-04-22T20:03:27.970074,97.2,56.488311767578125,400.0
2026-04-22T20:03:30.174256,94.8,56.53889846801758,400.0
2026-04-22T20:03:32.377151,94.6,56.488311767578125,400.0
2026-04-22T20:03:34.583932,97.7,56.488311767578125,400.0
2026-04-22T20:03:36.787931,97.0,56.53889846801758,400.0
2026-04-22T20:03:38.991720,98.0,56.336551666259766,400.0
2026-04-22T20:03:41.193963,97.9,56.38713836669922,400.0
2026-04-22T20:03:43.396019,97.3,56.184791564941406,400.0
2026-04-22T20:03:45.603067,85.1,56.28596496582031,400.0
2026-04-22T20:03:47.807380,97.0,56.184791564941406,400.0
2026-04-22T20:03:50.019885,90.5,56.184791564941406,400.0
2026-04-22T20:03:52.223703,97.9,56.23537826538086,400.0
2026-04-22T20:03:54.429011,97.4,56.13420867919922,400.0
2026-04-22T20:03:56.631052,96.6,56.13420867919922,400.0
2026-04-22T20:03:58.835340,97.6,56.03303527832031,400.0
2026-04-22T20:04:01.055255,80.5,56.184791564941406,400.0
2026-04-22T20:04:03.261866,98.0,56.28596496582031,400.0
2026-04-22T20:04:05.464549,96.9,56.28596496582031,400.0
2026-04-22T20:04:07.666398,97.6,56.488311767578125,400.0
2026-04-22T20:04:09.868368,96.0,56.488311767578125,400.0
2026-04-22T20:04:12.071163,96.5,56.589481353759766,400.0
2026-04-22T20:04:14.274389,98.0,56.741241455078125,400.0
2026-04-22T20:04:16.476233,95.7,56.893001556396484,400.0
2026-04-22T20:04:18.679975,97.7,56.893001556396484,400.0
2026-04-22T20:04:20.893024,88.5,56.893001556396484,400.0
2026-04-22T20:04:23.096863,97.7,57.145931243896484,400.0
2026-04-22T20:04:25.301314,97.5,57.145931243896484,400.0
2026-04-22T20:04:27.507290,96.5,57.297691345214844,400.0
2026-04-22T20:04:29.713669,97.0,57.297691345214844,400.0
2026-04-22T20:04:31.917140,96.1,57.297691345214844,400.0
2026-04-22T20:04:34.119432,96.8,57.398860931396484,400.0
2026-04-22T20:04:36.321019,96.0,57.398860931396484,400.0
2026-04-22T20:04:38.523611,93.8,57.44944763183594,400.0
2026-04-22T20:04:40.729556,95.6,57.6012077331543,400.0
2026-04-22T20:04:42.937429,97.6,57.6012077331543,400.0
2026-04-22T20:04:45.144372,97.3,57.65179443359375,400.0
2026-04-22T20:04:47.350378,97.0,57.7023811340332,400.0
2026-04-22T20:04:49.555024,97.8,57.9553108215332,400.0
2026-04-22T20:04:51.759520,96.2,57.90472412109375,400.0
2026-04-22T20:04:53.961894,97.5,57.9553108215332,400.0
2026-04-22T20:04:56.165611,97.0,58.005897521972656,400.0
2026-04-22T20:04:58.367554,96.1,58.10707092285156,400.0
2026-04-22T20:05:00.570620,97.8,57.9553108215332,400.0
2026-04-22T20:05:02.772511,97.9,58.2082405090332,400.0
2026-04-22T20:05:04.975385,97.3,58.157657623291016,400.0
2026-04-22T20:05:07.181172,95.2,58.30941390991211,400.0
2026-04-22T20:05:09.385087,97.6,58.30941390991211,400.0
2026-04-22T20:05:11.590868,98.0,58.2082405090332,400.0
2026-04-22T20:05:13.793733,97.8,58.258827209472656,400.0
2026-04-22T20:05:15.996472,97.1,58.46117401123047,400.0
2026-04-22T20:05:18.201027,97.2,58.36000061035156,400.0
2026-04-22T20:05:20.403534,92.7,58.36000061035156,400.0
2026-04-22T20:05:22.611548,97.1,58.410587310791016,400.0
2026-04-22T20:05:24.814395,93.9,58.410587310791016,400.0
2026-04-22T20:05:27.016987,94.9,58.410587310791016,400.0
2026-04-22T20:05:29.219883,96.7,58.56234359741211,400.0
2026-04-22T20:05:31.422869,97.9,58.56234359741211,400.0
2026-04-22T20:05:33.625603,91.8,58.51176071166992,400.0
2026-04-22T20:05:35.828395,97.7,58.663516998291016,400.0
2026-04-22T20:05:38.032489,96.7,58.56234359741211,400.0
2026-04-22T20:05:40.234406,92.2,58.815277099609375,400.0
2026-04-22T20:05:42.437735,97.0,58.71410369873047,400.0
2026-04-22T20:05:44.648684,97.0,58.815277099609375,400.0
2026-04-22T20:05:46.852173,97.2,58.815277099609375,400.0
2026-04-22T20:05:49.058763,96.8,58.76469039916992,400.0
2026-04-22T20:05:51.262693,96.8,58.815277099609375,400.0
2026-04-22T20:05:53.465280,90.3,58.86586380004883,400.0
2026-04-22T20:05:55.667303,97.4,58.86586380004883,400.0
2026-04-22T20:05:57.870600,90.8,58.86586380004883,400.0
2026-04-22T20:06:00.075296,97.3,59.01762008666992,400.0
2026-04-22T20:06:02.279870,96.9,58.86586380004883,400.0
2026-04-22T20:06:04.486149,92.4,59.068206787109375,400.0
2026-04-22T20:06:06.689046,97.7,59.01762008666992,400.0
2026-04-22T20:06:08.893807,97.3,59.01762008666992,400.0
2026-04-22T20:06:11.099505,97.0,59.11879348754883,400.0
2026-04-22T20:06:13.302797,94.3,59.068206787109375,400.0
2026-04-22T20:06:15.505481,96.5,59.11879348754883,400.0
2026-04-22T20:06:17.711578,97.7,59.219966888427734,400.0
2026-04-22T20:06:19.915165,97.1,59.219966888427734,400.0
2026-04-22T20:06:22.122924,97.0,59.11879348754883,400.0
2026-04-22T20:06:24.326092,93.9,59.37172317504883,400.0
2026-04-22T20:06:26.531633,97.4,59.27055358886719,400.0
2026-04-22T20:06:28.738682,97.3,59.219966888427734,400.0
2026-04-22T20:06:30.940958,98.0,59.27055358886719,400.0
2026-04-22T20:06:33.146799,97.8,59.32114028930664,400.0
2026-04-22T20:06:35.351021,97.6,59.42230987548828,400.0
2026-04-22T20:06:37.552700,96.8,59.42230987548828,400.0
2026-04-22T20:06:39.755249,90.5,59.37172317504883,400.0
2026-04-22T20:06:41.958353,96.5,59.42230987548828,400.0
2026-04-22T20:06:44.163299,90.4,59.37172317504883,400.0
2026-04-22T20:06:46.365355,96.6,59.37172317504883,400.0
2026-04-22T20:06:48.570518,97.6,59.27055358886719,400.0
2026-04-22T20:06:50.775500,96.6,59.11879348754883,400.0
2026-04-22T20:06:52.979529,97.3,58.91645050048828,400.0
2026-04-22T20:06:55.183376,97.5,58.91645050048828,400.0
2026-04-22T20:06:57.387052,97.3,58.86586380004883,400.0
2026-04-22T20:06:59.591900,94.7,59.01762008666992,400.0
2026-04-22T20:07:01.793677,97.5,58.86586380004883,400.0
2026-04-22T20:07:03.997088,95.4,58.663516998291016,400.0
2026-04-22T20:07:06.203942,96.6,58.71410369873047,400.0
2026-04-22T20:07:08.407716,97.4,58.410587310791016,400.0
2026-04-22T20:07:10.617780,90.4,58.46117401123047,400.0
2026-04-22T20:07:12.822364,97.7,58.30941390991211,400.0
2026-04-22T20:07:15.025091,88.4,58.36000061035156,400.0
2026-04-22T20:07:17.227246,97.9,58.410587310791016,400.0
2026-04-22T20:07:19.437036,97.2,58.157657623291016,400.0
2026-04-22T20:07:21.642053,97.8,58.157657623291016,400.0
2026-04-22T20:07:23.844427,97.7,58.05648422241211,400.0
2026-04-22T20:07:26.047234,96.0,58.05648422241211,400.0
2026-04-22T20:07:28.249108,97.0,57.8541374206543,400.0
2026-04-22T20:07:30.451809,89.1,57.9553108215332,400.0
2026-04-22T20:07:32.655992,97.9,57.8541374206543,400.0
2026-04-22T20:07:34.859668,97.4,57.7023811340332,400.0
2026-04-22T20:07:37.063542,97.7,57.65179443359375,400.0
2026-04-22T20:07:39.265865,97.6,57.50003433227539,400.0
2026-04-22T20:07:41.470212,96.8,57.6012077331543,400.0
2026-04-22T20:07:43.675133,97.8,57.6012077331543,400.0
2026-04-22T20:07:45.878992,95.4,57.398860931396484,400.0
2026-04-22T20:07:48.082732,97.8,57.44944763183594,400.0
2026-04-22T20:07:50.286521,95.1,57.24710464477539,400.0
2026-04-22T20:07:52.498940,97.1,57.297691345214844,400.0
2026-04-22T20:07:54.702778,96.3,57.24710464477539,400.0
2026-04-22T20:07:56.905845,92.6,57.19651794433594,400.0
2026-04-22T20:07:59.108099,97.2,57.24710464477539,400.0
2026-04-22T20:08:01.312390,95.6,57.145931243896484,400.0
2026-04-22T20:08:03.515430,97.1,57.145931243896484,400.0
2026-04-22T20:08:05.719689,95.9,57.09534454345703,400.0
2026-04-22T20:08:07.921977,97.4,57.04475784301758,400.0
2026-04-22T20:08:10.128421,92.9,56.84241485595703,400.0
2026-04-22T20:08:12.333008,97.1,56.893001556396484,400.0
2026-04-22T20:08:14.536230,96.8,56.84241485595703,400.0
2026-04-22T20:08:16.740755,94.7,56.84241485595703,400.0
2026-04-22T20:08:18.942612,98.0,56.741241455078125,400.0
2026-04-22T20:08:21.150266,95.4,56.741241455078125,400.0
2026-04-22T20:08:23.351987,98.1,56.741241455078125,400.0
2026-04-22T20:08:25.554630,97.5,56.64006805419922,400.0
2026-04-22T20:08:27.759374,96.6,56.741241455078125,400.0
2026-04-22T20:08:29.962494,97.5,56.79182815551758,400.0
2026-04-22T20:08:32.164218,96.8,56.94358825683594,400.0
2026-04-22T20:08:34.367190,96.6,56.94358825683594,400.0
2026-04-22T20:08:36.569975,96.2,57.04475784301758,400.0
2026-04-22T20:08:38.773611,97.1,57.19651794433594,400.0
2026-04-22T20:08:40.975962,97.2,57.3482780456543,400.0
2026-04-22T20:08:43.187626,98.1,57.3482780456543,400.0
2026-04-22T20:08:45.392872,97.1,57.297691345214844,400.0
2026-04-22T20:08:47.597136,86.2,57.550621032714844,400.0
2026-04-22T20:08:49.800885,96.9,57.50003433227539,400.0
2026-04-22T20:08:52.008401,92.2,57.6012077331543,400.0
2026-04-22T20:08:54.210083,97.8,57.65179443359375,400.0
2026-04-22T20:08:56.414131,96.4,57.65179443359375,400.0
2026-04-22T20:08:58.617335,97.4,57.803550720214844,400.0
2026-04-22T20:09:00.821658,97.3,57.7023811340332,400.0
2026-04-22T20:09:03.025364,95.0,57.9553108215332,400.0
2026-04-22T20:09:05.229222,97.3,57.9553108215332,400.0
2026-04-22T20:09:07.437138,84.9,57.803550720214844,400.0
2026-04-22T20:09:09.640255,96.5,58.005897521972656,400.0
2026-04-22T20:09:11.845219,97.9,57.9553108215332,400.0
2026-04-22T20:09:14.050778,97.1,58.10707092285156,400.0
2026-04-22T20:09:16.254831,97.4,58.157657623291016,400.0
2026-04-22T20:09:18.456925,97.7,58.2082405090332,400.0
2026-04-22T20:09:20.664335,97.4,58.30941390991211,400.0
2026-04-22T20:09:22.873686,93.5,58.410587310791016,400.0
2026-04-22T20:09:25.076018,97.1,58.36000061035156,400.0
2026-04-22T20:09:27.281794,95.9,58.46117401123047,400.0
2026-04-22T20:09:29.486510,94.6,58.410587310791016,400.0
2026-04-22T20:09:31.689010,96.9,58.61293029785156,400.0
2026-04-22T20:09:33.894186,91.9,58.71410369873047,400.0
2026-04-22T20:09:36.099007,97.7,58.663516998291016,400.0
2026-04-22T20:09:38.303826,96.5,58.815277099609375,400.0
2026-04-22T20:09:40.507497,97.8,58.663516998291016,400.0
2026-04-22T20:09:42.709628,97.6,58.663516998291016,400.0
2026-04-22T20:09:44.912950,97.1,58.96703338623047,400.0
2026-04-22T20:09:47.115112,97.5,58.663516998291016,400.0
2026-04-22T20:09:49.317279,97.0,58.91645050048828,400.0
2026-04-22T20:09:51.519617,97.4,58.86586380004883,400.0
2026-04-22T20:09:53.727040,85.5,59.01762008666992,400.0
2026-04-22T20:09:55.928776,96.7,59.16938018798828,400.0
2026-04-22T20:09:58.133517,96.1,59.01762008666992,400.0
2026-04-22T20:10:00.339755,93.6,59.01762008666992,400.0
2026-04-22T20:10:02.545240,95.6,59.068206787109375,400.0
2026-04-22T20:10:04.748160,90.0,59.11879348754883,400.0
2026-04-22T20:10:06.950266,96.6,59.27055358886719,400.0
2026-04-22T20:10:09.153585,95.4,59.27055358886719,400.0
2026-04-22T20:10:11.359761,97.9,59.32114028930664,400.0
2026-04-22T20:10:13.562937,96.3,59.32114028930664,400.0
2026-04-22T20:10:15.764769,97.2,59.37172317504883,400.0
2026-04-22T20:10:17.970800,97.4,59.472896575927734,400.0
2026-04-22T20:10:20.173684,91.7,59.42230987548828,400.0
2026-04-22T20:10:22.375778,97.2,59.42230987548828,400.0
2026-04-22T20:10:24.585597,95.9,59.52348327636719,400.0
2026-04-22T20:10:26.789034,97.3,59.42230987548828,400.0
2026-04-22T20:10:28.991208,97.2,59.219966888427734,400.0
2026-04-22T20:10:31.196576,97.6,59.27055358886719,400.0
2026-04-22T20:10:33.400258,97.0,59.219966888427734,400.0
2026-04-22T20:10:35.602866,95.3,59.16938018798828,400.0
2026-04-22T20:10:37.807553,98.0,59.01762008666992,400.0
2026-04-22T20:10:40.010666,95.1,59.01762008666992,400.0
2026-04-22T20:10:42.214488,96.8,58.96703338623047,400.0
2026-04-22T20:10:44.420080,95.5,58.815277099609375,400.0
2026-04-22T20:10:46.625818,97.5,58.61293029785156,400.0
2026-04-22T20:10:48.829076,96.2,58.46117401123047,400.0
2026-04-22T20:10:51.031037,86.6,58.410587310791016,400.0
2026-04-22T20:10:53.235167,96.4,58.36000061035156,400.0
2026-04-22T20:10:55.438409,95.4,58.30941390991211,400.0
2026-04-22T20:10:57.643495,98.1,58.258827209472656,400.0
2026-04-22T20:10:59.847006,95.8,58.10707092285156,400.0
2026-04-22T20:11:02.050837,97.8,57.9553108215332,400.0
2026-04-22T20:11:04.256786,96.9,57.9553108215332,400.0
2026-04-22T20:11:06.458749,97.4,58.005897521972656,400.0
2026-04-22T20:11:08.663222,98.0,57.6012077331543,400.0
2026-04-22T20:11:10.866917,87.9,57.7023811340332,400.0
2026-04-22T20:11:13.070340,97.6,57.65179443359375,400.0
2026-04-22T20:11:15.273958,93.2,57.7023811340332,400.0
2026-04-22T20:11:17.475996,95.6,57.7023811340332,400.0
2026-04-22T20:11:19.678959,97.4,57.550621032714844,400.0
2026-04-22T20:11:21.881256,97.0,57.398860931396484,400.0
2026-04-22T20:11:24.084914,96.7,57.3482780456543,400.0
2026-04-22T20:11:26.287858,97.1,57.50003433227539,400.0
2026-04-22T20:11:28.494224,97.8,57.3482780456543,400.0
2026-04-22T20:11:30.697303,96.8,57.297691345214844,400.0
2026-04-22T20:11:32.900255,97.6,57.19651794433594,400.0
2026-04-22T20:11:35.104412,95.8,57.19651794433594,400.0
2026-04-22T20:11:37.306847,97.9,57.19651794433594,400.0
2026-04-22T20:11:39.510495,97.1,57.09534454345703,400.0
2026-04-22T20:11:41.714245,97.4,57.19651794433594,400.0
2026-04-22T20:11:43.919253,95.0,57.145931243896484,400.0
2026-04-22T20:11:46.124516,93.4,57.04475784301758,400.0
2026-04-22T20:11:48.328543,96.9,56.994171142578125,400.0
2026-04-22T20:11:50.532642,93.1,56.94358825683594,400.0
2026-04-22T20:11:52.735361,96.8,56.893001556396484,400.0
2026-04-22T20:11:54.939890,96.4,56.741241455078125,400.0
2026-04-22T20:11:57.148795,92.7,56.741241455078125,400.0
2026-04-22T20:11:59.354210,98.0,56.69065475463867,400.0
2026-04-22T20:12:01.561969,95.8,56.69065475463867,400.0
2026-04-22T20:12:03.765726,96.2,56.84241485595703,400.0
2026-04-22T20:12:05.967475,96.8,56.69065475463867,400.0
2026-04-22T20:12:08.172368,97.2,56.994171142578125,400.0
2026-04-22T20:12:10.377322,93.7,56.84241485595703,400.0
2026-04-22T20:12:12.580911,97.9,56.94358825683594,400.0
2026-04-22T20:12:14.783819,97.8,57.04475784301758,400.0
2026-04-22T20:12:16.987917,95.1,57.24710464477539,400.0
2026-04-22T20:12:19.190241,97.7,57.3482780456543,400.0
2026-04-22T20:12:21.393802,94.0,57.3482780456543,400.0
2026-04-22T20:12:23.595960,97.7,57.44944763183594,400.0
2026-04-22T20:12:25.799830,96.9,57.50003433227539,400.0
2026-04-22T20:12:28.003115,92.2,57.6012077331543,400.0
2026-04-22T20:12:30.205261,96.7,57.6012077331543,400.0
2026-04-22T20:12:32.410200,84.1,57.6012077331543,400.0
2026-04-22T20:12:34.612536,97.0,57.7023811340332,400.0
2026-04-22T20:12:36.816416,97.3,57.752967834472656,400.0
2026-04-22T20:12:39.021528,97.5,57.803550720214844,400.0
2026-04-22T20:12:41.225283,92.9,57.803550720214844,400.0
2026-04-22T20:12:43.431309,97.7,57.90472412109375,400.0
2026-04-22T20:12:45.634786,95.7,58.10707092285156,400.0
2026-04-22T20:12:47.838846,96.5,58.005897521972656,400.0
2026-04-22T20:12:50.043709,96.2,58.36000061035156,400.0
2026-04-22T20:12:52.247076,97.5,58.157657623291016,400.0
2026-04-22T20:12:54.450225,96.7,58.2082405090332,400.0
2026-04-22T20:12:56.655609,96.0,58.30941390991211,400.0
2026-04-22T20:12:58.859132,96.4,58.36000061035156,400.0
2026-04-22T20:13:01.062446,97.8,58.258827209472656,400.0
2026-04-22T20:13:03.267643,91.7,58.46117401123047,400.0
2026-04-22T20:13:05.470122,97.8,58.410587310791016,400.0
2026-04-22T20:13:07.675565,91.9,58.410587310791016,400.0
2026-04-22T20:13:09.879138,95.8,58.46117401123047,400.0
2026-04-22T20:13:12.083435,98.0,58.46117401123047,400.0
2026-04-22T20:13:14.287182,97.5,58.46117401123047,400.0
2026-04-22T20:13:16.493021,97.9,58.56234359741211,400.0
2026-04-22T20:13:18.694810,97.2,58.71410369873047,400.0
2026-04-22T20:13:20.898263,91.6,58.71410369873047,400.0
2026-04-22T20:13:23.102038,97.1,58.96703338623047,400.0
2026-04-22T20:13:25.304755,97.6,58.86586380004883,400.0
2026-04-22T20:13:27.507114,97.9,58.815277099609375,400.0
2026-04-22T20:13:29.711885,96.9,58.86586380004883,400.0
2026-04-22T20:13:31.914907,97.5,58.815277099609375,400.0
2026-04-22T20:13:34.118399,93.5,58.91645050048828,400.0
2026-04-22T20:13:36.321204,93.1,58.815277099609375,400.0
2026-04-22T20:13:38.526300,95.8,58.61293029785156,400.0
2026-04-22T20:13:40.728681,96.1,58.61293029785156,400.0
2026-04-22T20:13:42.930996,97.6,58.51176071166992,400.0
2026-04-22T20:13:45.135033,96.6,58.61293029785156,400.0
2026-04-22T20:13:47.336681,97.7,58.51176071166992,400.0
2026-04-22T20:13:49.539656,96.0,58.51176071166992,400.0
2026-04-22T20:13:51.743557,97.6,58.61293029785156,400.0
2026-04-22T20:13:53.948811,92.6,58.410587310791016,400.0
2026-04-22T20:13:56.153425,97.9,58.410587310791016,400.0
2026-04-22T20:13:58.356379,97.2,58.258827209472656,400.0
2026-04-22T20:14:00.557984,90.9,58.2082405090332,400.0
2026-04-22T20:14:02.762721,97.7,58.005897521972656,400.0
2026-04-22T20:14:04.966417,93.4,58.05648422241211,400.0
2026-04-22T20:14:07.169000,97.4,57.8541374206543,400.0
2026-04-22T20:14:09.375236,96.0,57.8541374206543,400.0
2026-04-22T20:14:11.578235,97.1,57.90472412109375,400.0
2026-04-22T20:14:13.782698,96.6,57.8541374206543,400.0
2026-04-22T20:14:15.985492,94.6,57.803550720214844,400.0
2026-04-22T20:14:18.188451,97.8,57.90472412109375,400.0
2026-04-22T20:14:20.395786,94.8,57.752967834472656,400.0
2026-04-22T20:14:22.598605,98.0,57.752967834472656,400.0
2026-04-22T20:14:24.802021,94.7,57.65179443359375,400.0
2026-04-22T20:14:27.004159,97.5,57.6012077331543,400.0
2026-04-22T20:14:29.206313,97.5,57.550621032714844,400.0
2026-04-22T20:14:31.409661,96.7,57.44944763183594,400.0
2026-04-22T20:14:33.616026,97.8,57.24710464477539,400.0
2026-04-22T20:14:35.818601,97.1,57.398860931396484,400.0
2026-04-22T20:14:38.021596,97.4,57.297691345214844,400.0
2026-04-22T20:14:40.225241,95.9,57.297691345214844,400.0
2026-04-22T20:14:42.427211,97.8,57.297691345214844,400.0
2026-04-22T20:14:44.629198,93.9,57.19651794433594,400.0
2026-04-22T20:14:46.832162,97.6,57.145931243896484,400.0
2026-04-22T20:14:49.037021,97.9,57.145931243896484,400.0
2026-04-22T20:14:51.242929,94.0,57.09534454345703,400.0
2026-04-22T20:14:53.447750,97.6,57.09534454345703,400.0
2026-04-22T20:14:55.651256,90.8,57.145931243896484,400.0
2026-04-22T20:14:57.856701,97.7,57.04475784301758,400.0
2026-04-22T20:15:00.060951,96.5,57.09534454345703,400.0
2026-04-22T20:15:02.268993,97.8,57.09534454345703,400.0
2026-04-22T20:15:04.470541,97.2,57.04475784301758,400.0
2026-04-22T20:15:06.675359,97.5,56.994171142578125,400.0
2026-04-22T20:15:08.879547,97.6,56.893001556396484,400.0
2026-04-22T20:15:11.081440,94.7,56.94358825683594,400.0
2026-04-22T20:15:13.284811,97.2,56.994171142578125,400.0
2026-04-22T20:15:15.490096,97.3,56.79182815551758,400.0
2026-04-22T20:15:17.692907,97.6,56.84241485595703,400.0
2026-04-22T20:15:19.895828,97.3,56.893001556396484,400.0
2026-04-22T20:15:22.099202,97.9,56.69065475463867,400.0
2026-04-22T20:15:24.303174,97.7,56.741241455078125,400.0
2026-04-22T20:15:26.506414,94.1,56.84241485595703,400.0
2026-04-22T20:15:28.708073,97.1,56.741241455078125,400.0
2026-04-22T20:15:30.915213,93.3,56.69065475463867,400.0
2026-04-22T20:15:33.118907,97.7,56.893001556396484,400.0
2026-04-22T20:15:35.322578,97.3,56.79182815551758,400.0
2026-04-22T20:15:37.528363,83.5,56.94358825683594,400.0
2026-04-22T20:15:39.732983,97.3,56.94358825683594,400.0
2026-04-22T20:15:41.938803,97.6,57.145931243896484,400.0
2026-04-22T20:15:44.142813,97.2,57.24710464477539,400.0
2026-04-22T20:15:46.347441,92.0,57.24710464477539,400.0
2026-04-22T20:15:48.551563,97.6,57.297691345214844,400.0
2026-04-22T20:15:50.755703,95.8,57.398860931396484,400.0
2026-04-22T20:15:52.959451,97.6,57.6012077331543,400.0
2026-04-22T20:15:55.163272,97.3,57.3482780456543,400.0
2026-04-22T20:15:57.366878,82.1,57.44944763183594,400.0
2026-04-22T20:15:59.569952,91.6,57.65179443359375,400.0
2026-04-22T20:16:01.773305,93.2,57.803550720214844,400.0
2026-04-22T20:16:03.977725,97.6,57.803550720214844,400.0
2026-04-22T20:16:06.179628,96.7,57.90472412109375,400.0
2026-04-22T20:16:08.382727,97.5,57.9553108215332,400.0
2026-04-22T20:16:10.585627,96.7,58.005897521972656,400.0
2026-04-22T20:16:12.788898,97.7,58.10707092285156,400.0
2026-04-22T20:16:14.992420,97.4,57.90472412109375,400.0
2026-04-22T20:16:17.203602,86.4,58.30941390991211,400.0
2026-04-22T20:16:19.405428,97.5,58.36000061035156,400.0
2026-04-22T20:16:21.608837,89.1,58.410587310791016,400.0
2026-04-22T20:16:23.812707,97.2,58.51176071166992,400.0
2026-04-22T20:16:26.019223,97.5,58.56234359741211,400.0
2026-04-22T20:16:28.221996,93.3,58.71410369873047,400.0
2026-04-22T20:16:30.423827,97.2,58.61293029785156,400.0
2026-04-22T20:16:32.626743,97.1,58.96703338623047,400.0
2026-04-22T20:16:34.831814,96.9,58.86586380004883,400.0
2026-04-22T20:16:37.035051,96.1,58.76469039916992,400.0
2026-04-22T20:16:39.238672,96.9,58.76469039916992,400.0
2026-04-22T20:16:41.441460,97.6,58.91645050048828,400.0
2026-04-22T20:16:43.643087,96.7,58.76469039916992,400.0
2026-04-22T20:16:45.849872,96.9,58.86586380004883,400.0
2026-04-22T20:16:48.053795,94.2,59.068206787109375,400.0
2026-04-22T20:16:50.258027,97.2,59.068206787109375,400.0
2026-04-22T20:16:52.460167,97.6,59.068206787109375,400.0
2026-04-22T20:16:54.663146,96.2,59.16938018798828,400.0
2026-04-22T20:16:56.867885,95.2,59.11879348754883,400.0
2026-04-22T20:16:59.069562,97.1,59.219966888427734,400.0
2026-04-22T20:17:01.275329,96.8,59.16938018798828,400.0
2026-04-22T20:17:03.478730,90.4,59.27055358886719,400.0
2026-04-22T20:17:05.681786,96.5,59.32114028930664,400.0
2026-04-22T20:17:07.895850,95.0,59.42230987548828,400.0
2026-04-22T20:17:10.100356,97.1,59.472896575927734,400.0
2026-04-22T20:17:12.305660,95.9,59.57406997680664,400.0
2026-04-22T20:17:14.512361,96.8,59.57406997680664,400.0
2026-04-22T20:17:16.719322,97.1,59.219966888427734,400.0
2026-04-22T20:17:18.929357,83.1,59.52348327636719,400.0
2026-04-22T20:17:21.132455,97.8,59.624656677246094,400.0
2026-04-22T20:17:23.335924,93.4,59.472896575927734,400.0
2026-04-22T20:17:25.538643,97.5,59.42230987548828,400.0
2026-04-22T20:17:27.742869,95.2,59.27055358886719,400.0
2026-04-22T20:17:29.945831,93.0,59.27055358886719,400.0
2026-04-22T20:17:32.149326,97.6,59.11879348754883,400.0
2026-04-22T20:17:34.353124,94.3,59.01762008666992,400.0
2026-04-22T20:17:36.557884,97.3,59.16938018798828,400.0
2026-04-22T20:17:38.764022,88.3,58.815277099609375,400.0
2026-04-22T20:17:40.967228,97.4,58.96703338623047,400.0
2026-04-22T20:17:43.173086,95.8,58.71410369873047,400.0
2026-04-22T20:17:45.377715,96.3,58.46117401123047,400.0
2026-04-22T20:17:47.580165,97.1,58.46117401123047,400.0
2026-04-22T20:17:49.784552,92.5,58.46117401123047,400.0
2026-04-22T20:17:51.988446,97.9,58.36000061035156,400.0
2026-04-22T20:17:54.193815,89.9,58.258827209472656,400.0
2026-04-22T20:17:56.397156,97.9,58.410587310791016,400.0
2026-04-22T20:17:58.599396,97.8,58.30941390991211,400.0
2026-04-22T20:18:00.802758,97.3,58.2082405090332,400.0
2026-04-22T20:18:03.005527,90.1,58.05648422241211,400.0
2026-04-22T20:18:05.210614,93.8,57.9553108215332,400.0
2026-04-22T20:18:07.413734,97.6,57.9553108215332,400.0
2026-04-22T20:18:09.616225,95.1,57.8541374206543,400.0
2026-04-22T20:18:11.820323,97.0,57.752967834472656,400.0
2026-04-22T20:18:14.024064,95.7,57.752967834472656,400.0
2026-04-22T20:18:16.230275,97.5,57.752967834472656,400.0
2026-04-22T20:18:18.433378,96.7,57.65179443359375,400.0
2026-04-22T20:18:20.635839,90.4,57.6012077331543,400.0
2026-04-22T20:18:22.840704,97.5,57.297691345214844,400.0
2026-04-22T20:18:25.045280,90.4,57.50003433227539,400.0
2026-04-22T20:18:27.249092,97.0,57.44944763183594,400.0
2026-04-22T20:18:29.451852,95.7,57.398860931396484,400.0
2026-04-22T20:18:31.656521,97.0,57.3482780456543,400.0
2026-04-22T20:18:33.862602,96.6,57.145931243896484,400.0
2026-04-22T20:18:36.065848,96.6,57.24710464477539,400.0
2026-04-22T20:18:38.268835,97.7,57.145931243896484,400.0
2026-04-22T20:18:40.479687,81.0,57.04475784301758,400.0
2026-04-22T20:18:42.682580,97.6,57.09534454345703,400.0
2026-04-22T20:18:44.884899,94.6,57.09534454345703,400.0
2026-04-22T20:18:47.087514,97.2,57.09534454345703,400.0
2026-04-22T20:18:49.293031,97.1,56.94358825683594,400.0
2026-04-22T20:18:51.495622,96.4,57.145931243896484,400.0
2026-04-22T20:18:53.697575,98.0,56.994171142578125,400.0
2026-04-22T20:18:55.904219,95.8,56.79182815551758,400.0
2026-04-22T20:18:58.113047,96.0,56.79182815551758,400.0
2026-04-22T20:19:00.318172,87.8,56.79182815551758,400.0
2026-04-22T20:19:02.520551,97.3,56.79182815551758,400.0
2026-04-22T20:19:04.723276,98.1,56.84241485595703,400.0
2026-04-22T20:19:06.926189,97.4,56.893001556396484,400.0
2026-04-22T20:19:09.128306,97.7,56.94358825683594,400.0
2026-04-22T20:19:11.334293,96.7,57.145931243896484,400.0
2026-04-22T20:19:13.537938,97.4,57.297691345214844,400.0
2026-04-22T20:19:15.741804,96.0,57.19651794433594,400.0
2026-04-22T20:19:17.945167,97.6,57.24710464477539,400.0
2026-04-22T20:19:20.148536,95.7,57.24710464477539,400.0
2026-04-22T20:19:22.350552,97.4,57.398860931396484,400.0
2026-04-22T20:19:24.554885,96.5,57.44944763183594,400.0
2026-04-22T20:19:26.760004,94.2,57.65179443359375,400.0
2026-04-22T20:19:28.962576,98.1,57.65179443359375,400.0
2026-04-22T20:19:31.168263,94.8,57.803550720214844,400.0
2026-04-22T20:19:33.371140,97.7,57.8541374206543,400.0
2026-04-22T20:19:35.573628,97.1,57.752967834472656,400.0
2026-04-22T20:19:37.776989,94.6,57.90472412109375,400.0
2026-04-22T20:19:39.980209,96.7,58.05648422241211,400.0
2026-04-22T20:19:42.182272,97.0,58.10707092285156,400.0
2026-04-22T20:19:44.386072,96.3,58.005897521972656,400.0
2026-04-22T20:19:46.592430,95.3,58.258827209472656,400.0
2026-04-22T20:19:48.794743,98.1,58.30941390991211,400.0
2026-04-22T20:19:51.000074,94.7,58.36000061035156,400.0
2026-04-22T20:19:53.203548,97.5,58.36000061035156,400.0
2026-04-22T20:19:55.410123,97.6,58.2082405090332,400.0
2026-04-22T20:19:57.616995,80.4,58.36000061035156,400.0
2026-04-22T20:19:59.822174,97.1,58.36000061035156,400.0
2026-04-22T20:20:02.025596,95.7,58.410587310791016,400.0
2026-04-22T20:20:04.230175,97.7,58.46117401123047,400.0
2026-04-22T20:20:06.435668,96.8,58.663516998291016,400.0
2026-04-22T20:20:08.638494,97.9,58.71410369873047,400.0
2026-04-22T20:20:10.840118,97.4,58.46117401123047,400.0
2026-04-22T20:20:13.042245,96.6,58.76469039916992,400.0
2026-04-22T20:20:15.244558,97.1,58.815277099609375,400.0
2026-04-22T20:20:17.447109,76.7,58.86586380004883,400.0
2026-04-22T20:20:19.650288,97.0,58.61293029785156,400.0
2026-04-22T20:20:21.855861,97.6,58.815277099609375,400.0
2026-04-22T20:20:24.061673,95.6,58.96703338623047,400.0
2026-04-22T20:20:26.263532,96.9,58.96703338623047,400.0
2026-04-22T20:20:28.466556,97.5,59.068206787109375,400.0
2026-04-22T20:20:30.670231,97.0,59.068206787109375,400.0
2026-04-22T20:20:32.872178,95.4,59.11879348754883,400.0
2026-04-22T20:20:35.076771,95.3,59.16938018798828,400.0
2026-04-22T20:20:37.280149,93.6,59.01762008666992,400.0
2026-04-22T20:20:39.483903,96.8,59.16938018798828,400.0
2026-04-22T20:20:41.689080,97.5,59.27055358886719,400.0
2026-04-22T20:20:43.892644,97.7,59.32114028930664,400.0
2026-04-22T20:20:46.096112,97.7,59.32114028930664,400.0
2026-04-22T20:20:48.302571,97.4,59.52348327636719,400.0
2026-04-22T20:20:50.505756,97.2,59.57406997680664,400.0
2026-04-22T20:20:52.710799,96.5,59.624656677246094,400.0
2026-04-22T20:20:54.917630,96.8,59.57406997680664,400.0
2026-04-22T20:20:57.121887,95.8,59.57406997680664,400.0
2026-04-22T20:20:59.328889,97.0,59.624656677246094,400.0
2026-04-22T20:21:01.531739,97.9,59.82699966430664,400.0
2026-04-22T20:21:03.735162,96.6,59.82699966430664,400.0
2026-04-22T20:21:05.941433,97.0,59.877586364746094,400.0
2026-04-22T20:21:08.146492,91.3,59.92817306518555,400.0
2026-04-22T20:21:10.349236,97.1,59.978759765625,400.0
2026-04-22T20:21:12.552207,97.5,59.877586364746094,400.0
2026-04-22T20:21:14.758102,95.7,59.92817306518555,400.0
2026-04-22T20:21:16.960516,96.6,59.77641296386719,400.0
2026-04-22T20:21:19.163223,91.9,60.079933166503906,400.0
2026-04-22T20:21:21.364895,97.5,59.92817306518555,400.0
2026-04-22T20:21:23.571632,96.6,59.77641296386719,400.0
2026-04-22T20:21:25.773677,93.8,59.82699966430664,400.0
2026-04-22T20:21:27.975453,97.4,59.624656677246094,400.0
2026-04-22T20:21:30.180349,97.0,59.472896575927734,400.0
2026-04-22T20:21:32.384525,97.2,59.32114028930664,400.0
2026-04-22T20:21:34.589501,97.7,59.37172317504883,400.0
2026-04-22T20:21:36.794918,97.7,59.16938018798828,400.0
2026-04-22T20:21:38.997832,95.0,59.01762008666992,400.0
2026-04-22T20:21:41.199715,97.9,59.01762008666992,400.0
2026-04-22T20:21:43.404072,95.7,58.815277099609375,400.0
2026-04-22T20:21:45.605864,95.7,58.86586380004883,400.0
2026-04-22T20:21:47.809009,96.7,58.663516998291016,400.0
2026-04-22T20:21:50.013782,95.3,58.61293029785156,400.0
2026-04-22T20:21:52.219077,97.4,58.30941390991211,400.0
2026-04-22T20:21:54.428851,88.4,58.410587310791016,400.0
2026-04-22T20:21:56.632130,97.3,58.51176071166992,400.0
2026-04-22T20:21:58.835806,96.0,58.36000061035156,400.0
2026-04-22T20:22:01.043144,97.6,58.157657623291016,400.0
2026-04-22T20:22:03.249276,96.1,58.157657623291016,400.0
2026-04-22T20:22:05.451891,93.3,58.157657623291016,400.0
2026-04-22T20:22:07.656086,97.4,58.10707092285156,400.0
2026-04-22T20:22:09.859449,97.3,57.9553108215332,400.0
2026-04-22T20:22:12.062765,97.0,57.90472412109375,400.0
2026-04-22T20:22:14.269610,97.5,57.550621032714844,400.0
2026-04-22T20:22:16.474720,90.8,57.803550720214844,400.0
2026-04-22T20:22:18.677885,97.9,57.90472412109375,400.0
2026-04-22T20:22:20.881021,96.8,57.65179443359375,400.0
2026-04-22T20:22:23.084223,97.5,57.7023811340332,400.0
2026-04-22T20:22:25.287669,96.3,57.550621032714844,400.0
2026-04-22T20:22:27.490881,97.2,57.50003433227539,400.0
2026-04-22T20:22:29.694023,97.2,57.44944763183594,400.0
2026-04-22T20:22:31.898800,95.6,57.398860931396484,400.0
2026-04-22T20:22:34.102871,97.4,57.3482780456543,400.0
2026-04-22T20:22:36.306713,94.3,57.3482780456543,400.0
2026-04-22T20:22:38.508336,97.3,57.3482780456543,400.0
2026-04-22T20:22:40.713766,95.9,57.09534454345703,400.0
2026-04-22T20:22:42.917704,94.5,57.04475784301758,400.0
2026-04-22T20:22:45.119881,96.9,57.145931243896484,400.0
2026-04-22T20:22:47.324318,96.8,57.145931243896484,400.0
2026-04-22T20:22:49.528991,96.8,56.994171142578125,400.0
2026-04-22T20:22:51.734146,95.6,57.04475784301758,400.0
2026-04-22T20:22:53.937659,97.6,56.94358825683594,400.0
2026-04-22T20:22:56.140406,97.4,57.04475784301758,400.0
2026-04-22T20:22:58.344640,97.7,56.994171142578125,400.0
2026-04-22T20:23:00.548569,97.2,56.79182815551758,400.0
2026-04-22T20:23:02.751439,87.9,56.79182815551758,400.0
2026-04-22T20:23:04.954824,97.2,56.69065475463867,400.0
2026-04-22T20:23:07.157721,97.4,56.84241485595703,400.0
2026-04-22T20:23:09.362406,97.0,56.79182815551758,400.0
2026-04-22T20:23:11.565521,95.4,56.69065475463867,400.0
2026-04-22T20:23:13.775347,97.4,56.69065475463867,400.0
2026-04-22T20:23:15.977092,96.9,56.64006805419922,400.0
2026-04-22T20:23:18.181531,98.0,56.64006805419922,400.0
2026-04-22T20:23:20.385813,97.7,56.589481353759766,400.0
2026-04-22T20:23:22.593733,90.4,56.53889846801758,400.0
2026-04-22T20:23:24.796926,97.9,56.64006805419922,400.0
2026-04-22T20:23:27.002648,96.0,56.488311767578125,400.0
2026-04-22T20:23:29.208319,97.4,56.589481353759766,400.0
2026-04-22T20:23:31.413482,98.1,56.43772506713867,400.0
2026-04-22T20:23:33.621956,97.5,56.53889846801758,400.0
2026-04-22T20:23:35.823854,98.0,56.488311767578125,400.0
2026-04-22T20:23:38.025656,94.5,56.69065475463867,400.0
2026-04-22T20:23:40.230471,97.3,56.741241455078125,400.0
2026-04-22T20:23:42.441038,93.0,56.64006805419922,400.0
2026-04-22T20:23:44.651421,96.6,56.79182815551758,400.0
2026-04-22T20:23:46.855424,95.7,56.741241455078125,400.0
2026-04-22T20:23:49.057850,94.0,56.893001556396484,400.0
2026-04-22T20:23:51.260427,98.0,56.94358825683594,400.0
2026-04-22T20:23:53.463373,97.1,56.994171142578125,400.0
2026-04-22T20:23:55.667354,97.1,57.09534454345703,400.0
2026-04-22T20:23:57.874936,95.3,57.297691345214844,400.0
2026-04-22T20:24:00.078289,97.4,57.3482780456543,400.0
2026-04-22T20:24:02.280157,96.8,57.24710464477539,400.0
2026-04-22T20:24:04.483869,96.4,57.398860931396484,400.0
2026-04-22T20:24:06.687285,97.6,57.297691345214844,400.0
2026-04-22T20:24:08.890786,91.0,57.44944763183594,400.0
2026-04-22T20:24:11.093541,97.1,57.6012077331543,400.0
2026-04-22T20:24:13.297812,92.7,57.6012077331543,400.0
2026-04-22T20:24:15.499534,95.5,57.752967834472656,400.0
2026-04-22T20:24:17.701827,95.6,57.803550720214844,400.0
2026-04-22T20:24:19.908025,97.9,57.8541374206543,400.0
2026-04-22T20:24:22.117401,98.0,57.6012077331543,400.0
2026-04-22T20:24:24.324229,93.2,57.90472412109375,400.0
2026-04-22T20:24:26.526938,97.7,57.8541374206543,400.0
2026-04-22T20:24:28.730282,95.7,58.10707092285156,400.0
2026-04-22T20:24:30.934413,96.9,58.10707092285156,400.0
2026-04-22T20:24:33.136596,98.1,58.2082405090332,400.0
2026-04-22T20:24:35.339365,97.1,58.157657623291016,400.0
2026-04-22T20:24:37.544053,96.4,58.30941390991211,400.0
2026-04-22T20:24:39.746142,96.8,58.30941390991211,400.0
2026-04-22T20:24:41.949304,97.0,58.30941390991211,400.0
2026-04-22T20:24:44.157674,95.8,58.36000061035156,400.0
2026-04-22T20:24:46.360918,97.4,58.30941390991211,400.0
2026-04-22T20:24:48.563774,95.9,58.410587310791016,400.0
2026-04-22T20:24:50.766938,97.9,58.56234359741211,400.0
2026-04-22T20:24:52.969812,94.4,58.56234359741211,400.0
2026-04-22T20:24:55.172623,92.4,58.663516998291016,400.0
2026-04-22T20:24:57.377326,95.0,58.51176071166992,400.0
2026-04-22T20:24:59.592325,87.5,58.51176071166992,400.0
2026-04-22T20:25:01.795622,97.7,58.61293029785156,400.0
2026-04-22T20:25:03.997722,97.9,58.71410369873047,400.0
2026-04-22T20:25:06.203964,94.7,58.815277099609375,400.0
2026-04-22T20:25:08.409837,97.7,58.91645050048828,400.0
2026-04-22T20:25:10.613387,96.4,59.01762008666992,400.0
2026-04-22T20:25:12.817336,97.0,58.76469039916992,400.0
2026-04-22T20:25:15.023395,85.3,59.16938018798828,400.0
2026-04-22T20:25:17.226369,98.1,59.219966888427734,400.0
2026-04-22T20:25:19.430269,94.6,59.27055358886719,400.0
2026-04-22T20:25:21.634814,98.0,59.32114028930664,400.0
2026-04-22T20:25:23.839298,95.9,59.219966888427734,400.0
2026-04-22T20:25:26.043503,92.2,59.37172317504883,400.0
2026-04-22T20:25:28.248942,97.5,59.472896575927734,400.0
2026-04-22T20:25:30.458782,96.8,59.42230987548828,400.0
2026-04-22T20:25:32.660997,96.4,59.52348327636719,400.0
2026-04-22T20:25:34.866689,94.7,59.52348327636719,400.0
2026-04-22T20:25:37.069889,97.7,59.52348327636719,400.0
2026-04-22T20:25:39.274696,97.8,59.219966888427734,400.0
2026-04-22T20:25:41.477337,96.8,59.32114028930664,400.0
2026-04-22T20:25:43.681352,97.8,58.96703338623047,400.0
2026-04-22T20:25:45.883113,88.6,59.11879348754883,400.0
2026-04-22T20:25:48.085551,96.9,59.01762008666992,400.0
2026-04-22T20:25:50.291031,98.1,58.91645050048828,400.0
2026-04-22T20:25:52.495277,96.8,58.86586380004883,400.0
2026-04-22T20:25:54.699412,97.8,58.815277099609375,400.0
2026-04-22T20:25:56.904348,96.5,58.815277099609375,400.0
2026-04-22T20:25:59.110931,97.4,58.61293029785156,400.0
2026-04-22T20:26:01.314249,91.1,58.71410369873047,400.0
2026-04-22T20:26:03.517393,97.6,58.56234359741211,400.0
2026-04-22T20:26:05.721789,94.0,58.56234359741211,400.0
2026-04-22T20:26:07.924959,97.8,58.410587310791016,400.0
2026-04-22T20:26:10.127797,97.9,58.46117401123047,400.0
2026-04-22T20:26:12.330621,97.6,58.36000061035156,400.0
2026-04-22T20:26:14.532321,97.5,58.2082405090332,400.0
2026-04-22T20:26:16.734345,90.5,58.258827209472656,400.0
2026-04-22T20:26:18.935913,97.1,58.157657623291016,400.0
2026-04-22T20:26:21.140212,96.4,58.05648422241211,400.0
2026-04-22T20:26:23.343501,97.5,57.9553108215332,400.0
2026-04-22T20:26:25.548177,97.2,57.90472412109375,400.0
2026-04-22T20:26:27.757208,97.8,58.005897521972656,400.0
2026-04-22T20:26:29.962546,97.3,57.9553108215332,400.0
2026-04-22T20:26:32.165458,95.3,57.803550720214844,400.0
2026-04-22T20:26:34.367481,96.5,57.65179443359375,400.0
2026-04-22T20:26:36.573008,95.6,57.752967834472656,400.0
2026-04-22T20:26:38.779241,97.5,57.803550720214844,400.0
2026-04-22T20:26:40.983006,97.4,57.7023811340332,400.0
2026-04-22T20:26:43.185211,97.1,57.65179443359375,400.0
2026-04-22T20:26:45.387062,97.1,57.550621032714844,400.0
2026-04-22T20:26:47.589887,97.2,57.550621032714844,400.0
2026-04-22T20:26:49.793644,97.7,57.398860931396484,400.0
2026-04-22T20:26:52.002115,89.0,57.398860931396484,400.0
2026-04-22T20:26:54.204990,96.8,57.398860931396484,400.0
2026-04-22T20:26:56.406565,92.8,57.398860931396484,400.0
2026-04-22T20:26:58.611057,97.2,57.3482780456543,400.0
2026-04-22T20:27:00.816824,94.1,57.297691345214844,400.0
2026-04-22T20:27:03.019600,97.6,57.297691345214844,400.0
2026-04-22T20:27:05.226967,97.6,57.19651794433594,400.0
2026-04-22T20:27:07.433982,93.6,57.19651794433594,400.0
2026-04-22T20:27:09.640125,96.2,57.19651794433594,400.0
2026-04-22T20:27:11.845009,97.0,56.994171142578125,400.0
2026-04-22T20:27:14.062161,95.9,56.994171142578125,400.0
2026-04-22T20:27:16.266777,96.6,56.893001556396484,400.0
2026-04-22T20:27:18.471127,97.1,57.09534454345703,400.0
2026-04-22T20:27:20.676158,97.7,56.994171142578125,400.0
2026-04-22T20:27:22.878734,95.3,57.04475784301758,400.0
2026-04-22T20:27:25.080915,97.1,56.94358825683594,400.0
2026-04-22T20:27:27.282703,98.0,56.84241485595703,400.0
2026-04-22T20:27:29.487842,97.2,56.79182815551758,400.0
2026-04-22T20:27:31.693106,97.5,56.741241455078125,400.0
2026-04-22T20:27:33.897122,95.4,56.741241455078125,400.0
2026-04-22T20:27:36.098898,92.2,56.53889846801758,400.0
2026-04-22T20:27:38.301629,89.2,56.64006805419922,400.0
2026-04-22T20:27:40.505953,97.5,56.893001556396484,400.0
2026-04-22T20:27:42.710872,95.9,56.893001556396484,400.0
2026-04-22T20:27:44.914631,96.9,57.09534454345703,400.0
2026-04-22T20:27:47.118564,97.4,57.09534454345703,400.0
2026-04-22T20:27:49.324566,97.3,57.24710464477539,400.0
2026-04-22T20:27:51.528340,97.8,56.994171142578125,400.0
2026-04-22T20:27:53.736315,92.2,57.19651794433594,400.0
2026-04-22T20:27:55.939194,96.9,57.3482780456543,400.0
2026-04-22T20:27:58.145013,96.0,57.3482780456543,400.0
2026-04-22T20:28:00.349273,93.7,57.44944763183594,400.0
2026-04-22T20:28:02.551978,95.6,57.550621032714844,400.0
2026-04-22T20:28:04.762442,96.7,57.6012077331543,400.0
2026-04-22T20:28:06.966816,98.0,57.752967834472656,400.0
2026-04-22T20:28:09.170487,95.2,57.8541374206543,400.0
2026-04-22T20:28:11.374203,97.2,57.8541374206543,400.0
2026-04-22T20:28:13.577385,89.3,57.803550720214844,400.0
2026-04-22T20:28:15.781545,97.5,58.005897521972656,400.0
2026-04-22T20:28:17.984329,97.0,58.10707092285156,400.0
2026-04-22T20:28:20.189159,97.1,58.005897521972656,400.0
2026-04-22T20:28:22.392039,97.8,58.05648422241211,400.0
2026-04-22T20:28:24.597124,97.6,58.2082405090332,400.0
2026-04-22T20:28:26.801463,97.8,58.2082405090332,400.0
2026-04-22T20:28:29.006040,93.5,58.36000061035156,400.0
2026-04-22T20:28:31.208801,97.3,58.30941390991211,400.0
2026-04-22T20:28:33.412886,97.9,58.410587310791016,400.0
2026-04-22T20:28:35.622790,96.8,58.36000061035156,400.0
2026-04-22T20:28:37.826055,97.1,58.36000061035156,400.0
2026-04-22T20:28:40.029870,93.9,58.410587310791016,400.0
2026-04-22T20:28:42.234182,97.9,58.410587310791016,400.0
2026-04-22T20:28:44.440191,95.6,58.56234359741211,400.0
2026-04-22T20:28:46.641758,97.8,58.663516998291016,400.0
2026-04-22T20:28:48.848550,93.5,58.663516998291016,400.0
2026-04-22T20:28:51.050895,97.7,58.76469039916992,400.0
2026-04-22T20:28:53.253906,97.7,58.51176071166992,400.0
2026-04-22T20:28:55.457214,84.0,58.76469039916992,400.0
2026-04-22T20:28:57.663578,97.4,58.815277099609375,400.0
2026-04-22T20:28:59.865450,95.0,58.91645050048828,400.0
2026-04-22T20:29:02.068823,98.0,58.91645050048828,400.0
2026-04-22T20:29:04.274581,96.3,58.91645050048828,400.0
2026-04-22T20:29:06.477825,97.5,58.86586380004883,400.0
2026-04-22T20:29:08.685299,97.4,58.86586380004883,400.0
2026-04-22T20:29:10.890737,96.7,59.068206787109375,400.0
2026-04-22T20:29:13.093775,97.6,59.11879348754883,400.0
2026-04-22T20:29:15.297816,87.2,59.16938018798828,400.0
2026-04-22T20:29:17.500799,97.0,58.91645050048828,400.0
2026-04-22T20:29:19.702498,91.3,58.815277099609375,400.0
2026-04-22T20:29:21.904269,97.5,58.71410369873047,400.0
2026-04-22T20:29:24.113307,98.0,58.71410369873047,400.0
2026-04-22T20:29:26.318308,93.0,58.71410369873047,400.0
2026-04-22T20:29:28.520130,97.5,58.71410369873047,400.0
2026-04-22T20:29:30.729708,96.6,58.56234359741211,400.0
2026-04-22T20:29:32.934931,97.5,58.56234359741211,400.0
2026-04-22T20:29:35.137888,91.4,58.46117401123047,400.0
2026-04-22T20:29:37.341643,98.0,58.258827209472656,400.0
2026-04-22T20:29:39.547221,97.8,58.2082405090332,400.0
2026-04-22T20:29:41.748849,97.1,58.36000061035156,400.0
2026-04-22T20:29:43.951510,97.8,58.30941390991211,400.0
2026-04-22T20:29:46.154519,97.0,58.410587310791016,400.0
2026-04-22T20:29:48.358903,97.6,58.10707092285156,400.0
2026-04-22T20:29:50.562809,95.4,58.05648422241211,400.0
2026-04-22T20:29:52.766320,97.6,57.90472412109375,400.0
2026-04-22T20:29:54.971472,96.9,57.9553108215332,400.0
2026-04-22T20:29:57.175160,97.6,57.90472412109375,400.0
2026-04-22T20:29:59.378549,97.2,57.803550720214844,400.0
2026-04-22T20:30:01.584115,95.3,57.8541374206543,400.0
2026-04-22T20:30:03.787321,98.0,57.7023811340332,400.0
2026-04-22T20:30:05.993761,92.0,57.752967834472656,400.0
2026-04-22T20:30:08.196066,98.1,57.752967834472656,400.0
2026-04-22T20:30:10.401116,97.0,57.550621032714844,400.0
2026-04-22T20:30:12.604445,96.2,57.550621032714844,400.0
2026-04-22T20:30:14.811482,97.3,57.19651794433594,400.0
2026-04-22T20:30:17.014223,91.7,57.398860931396484,400.0
2026-04-22T20:30:19.217536,97.8,57.44944763183594,400.0
2026-04-22T20:30:21.420488,94.7,57.398860931396484,400.0
2026-04-22T20:30:23.624615,97.1,57.44944763183594,400.0
2026-04-22T20:30:25.827325,96.2,57.3482780456543,400.0
2026-04-22T20:30:28.030847,97.1,57.3482780456543,400.0
2026-04-22T20:30:30.233859,93.3,57.19651794433594,400.0
2026-04-22T20:30:32.437490,94.2,57.297691345214844,400.0
2026-04-22T20:30:34.639985,97.4,57.09534454345703,400.0
2026-04-22T20:30:36.857113,87.1,57.19651794433594,400.0
2026-04-22T20:30:39.060417,97.1,57.04475784301758,400.0
2026-04-22T20:30:41.262982,96.8,57.04475784301758,400.0
2026-04-22T20:30:43.465229,97.4,56.994171142578125,400.0
2026-04-22T20:30:45.668727,96.5,56.94358825683594,400.0
2026-04-22T20:30:47.873003,97.6,56.893001556396484,400.0
2026-04-22T20:30:50.080150,97.1,56.94358825683594,400.0
2026-04-22T20:30:52.281813,89.4,57.09534454345703,400.0
2026-04-22T20:30:54.486354,97.8,57.24710464477539,400.0
2026-04-22T20:30:56.692851,97.9,57.24710464477539,400.0
2026-04-22T20:30:58.897994,97.8,57.24710464477539,400.0
2026-04-22T20:31:01.099774,96.8,57.398860931396484,400.0
2026-04-22T20:31:03.302943,94.6,57.24710464477539,400.0
2026-04-22T20:31:05.505205,94.6,57.398860931396484,400.0
2026-04-22T20:31:07.708738,98.0,57.50003433227539,400.0
2026-04-22T20:31:09.914900,91.4,57.550621032714844,400.0
2026-04-22T20:31:12.118491,97.7,57.803550720214844,400.0
2026-04-22T20:31:14.321055,97.4,57.65179443359375,400.0
2026-04-22T20:31:16.526389,97.4,57.65179443359375,400.0
2026-04-22T20:31:18.729623,97.3,57.65179443359375,400.0
2026-04-22T20:31:20.932075,97.2,57.8541374206543,400.0
2026-04-22T20:31:23.137075,97.3,57.90472412109375,400.0
2026-04-22T20:31:25.340074,91.0,58.05648422241211,400.0
2026-04-22T20:31:27.542641,97.4,57.9553108215332,400.0
2026-04-22T20:31:29.744582,97.4,58.005897521972656,400.0
2026-04-22T20:31:31.949324,96.4,58.157657623291016,400.0
2026-04-22T20:31:34.154383,97.7,58.258827209472656,400.0
2026-04-22T20:31:36.359989,96.9,58.2082405090332,400.0
2026-04-22T20:31:38.563062,97.3,58.005897521972656,400.0
2026-04-22T20:31:40.767688,87.8,58.36000061035156,400.0
2026-04-22T20:31:42.970808,97.2,58.30941390991211,400.0
2026-04-22T20:31:45.172759,93.5,58.46117401123047,400.0
2026-04-22T20:31:47.376213,97.3,58.56234359741211,400.0
2026-04-22T20:31:49.581757,97.9,58.56234359741211,400.0
2026-04-22T20:31:51.783424,96.8,58.46117401123047,400.0
2026-04-22T20:31:53.987798,97.6,58.46117401123047,400.0
2026-04-22T20:31:56.197981,93.7,58.61293029785156,400.0
2026-04-22T20:31:58.399671,97.5,58.61293029785156,400.0
2026-04-22T20:32:00.603170,95.8,58.410587310791016,400.0
2026-04-22T20:32:02.805687,96.0,58.61293029785156,400.0
2026-04-22T20:32:05.010883,96.1,58.86586380004883,400.0
2026-04-22T20:32:07.212762,95.3,58.815277099609375,400.0
2026-04-22T20:32:09.415048,97.5,58.51176071166992,400.0
2026-04-22T20:32:11.621027,90.6,58.91645050048828,400.0
2026-04-22T20:32:13.822720,97.8,58.96703338623047,400.0
2026-04-22T20:32:16.029018,95.0,58.96703338623047,400.0
2026-04-22T20:32:18.233798,97.8,59.11879348754883,400.0
2026-04-22T20:32:20.438088,93.9,58.96703338623047,400.0
2026-04-22T20:32:22.640955,96.8,59.068206787109375,400.0
2026-04-22T20:32:24.844092,96.6,59.068206787109375,400.0
2026-04-22T20:32:27.052410,96.5,59.068206787109375,400.0
2026-04-22T20:32:29.255219,97.6,59.068206787109375,400.0
2026-04-22T20:32:31.461113,95.1,59.219966888427734,400.0
2026-04-22T20:32:33.667269,97.5,59.32114028930664,400.0
2026-04-22T20:32:35.870867,96.5,59.32114028930664,400.0
2026-04-22T20:32:38.074192,97.4,59.37172317504883,400.0
2026-04-22T20:32:40.278911,97.3,59.32114028930664,400.0
2026-04-22T20:32:42.482592,95.0,59.42230987548828,400.0
2026-04-22T20:32:44.687209,98.0,59.37172317504883,400.0
2026-04-22T20:32:46.891367,91.3,59.37172317504883,400.0
2026-04-22T20:32:49.095149,97.8,59.32114028930664,400.0
2026-04-22T20:32:51.298280,97.1,59.16938018798828,400.0
2026-04-22T20:32:53.499914,96.7,59.219966888427734,400.0
2026-04-22T20:32:55.702009,97.8,59.11879348754883,400.0
2026-04-22T20:32:57.903861,96.5,58.96703338623047,400.0
2026-04-22T20:33:00.107455,97.3,58.96703338623047,400.0
2026-04-22T20:33:02.319984,94.3,58.56234359741211,400.0
2026-04-22T20:33:04.524077,97.1,58.71410369873047,400.0
2026-04-22T20:33:06.736408,97.3,58.61293029785156,400.0
2026-04-22T20:33:08.938383,91.9,58.71410369873047,400.0
2026-04-22T20:33:11.142463,97.8,58.61293029785156,400.0
2026-04-22T20:33:13.347394,96.5,58.410587310791016,400.0
2026-04-22T20:33:15.551077,97.6,58.36000061035156,400.0
2026-04-22T20:33:17.755410,94.7,58.36000061035156,400.0
2026-04-22T20:33:19.958971,96.8,58.258827209472656,400.0
2026-04-22T20:33:22.164951,96.5,58.157657623291016,400.0
2026-04-22T20:33:24.368517,97.8,58.2082405090332,400.0
2026-04-22T20:33:26.576021,97.1,58.10707092285156,400.0
2026-04-22T20:33:28.778608,97.1,58.005897521972656,400.0
2026-04-22T20:33:30.982266,97.4,57.9553108215332,400.0
2026-04-22T20:33:33.187387,94.0,57.90472412109375,400.0
2026-04-22T20:33:35.393744,96.2,57.8541374206543,400.0
2026-04-22T20:33:37.598342,97.1,57.752967834472656,400.0
2026-04-22T20:33:39.800709,97.3,57.65179443359375,400.0
2026-04-22T20:33:42.003568,97.2,57.65179443359375,400.0
2026-04-22T20:33:44.207344,96.7,57.6012077331543,400.0
2026-04-22T20:33:46.409439,97.0,57.398860931396484,400.0
2026-04-22T20:33:48.620326,89.0,57.550621032714844,400.0
2026-04-22T20:33:50.823227,97.0,57.550621032714844,400.0
2026-04-22T20:33:53.025163,95.8,57.44944763183594,400.0
2026-04-22T20:33:55.230854,96.9,57.44944763183594,400.0
2026-04-22T20:33:57.437009,96.7,57.297691345214844,400.0
2026-04-22T20:33:59.639817,97.8,57.24710464477539,400.0
2026-04-22T20:34:01.847352,97.7,57.24710464477539,400.0
2026-04-22T20:34:04.050483,96.6,56.994171142578125,400.0
2026-04-22T20:34:06.257024,97.4,56.994171142578125,400.0
2026-04-22T20:34:08.459339,93.4,56.994171142578125,400.0
2026-04-22T20:34:10.662107,97.7,57.04475784301758,400.0
2026-04-22T20:34:12.868091,97.9,57.04475784301758,400.0
2026-04-22T20:34:15.072555,97.5,57.04475784301758,400.0
2026-04-22T20:34:17.275360,97.0,56.94358825683594,400.0
2026-04-22T20:34:19.479031,96.4,56.893001556396484,400.0
2026-04-22T20:34:21.683708,96.8,56.893001556396484,400.0
2026-04-22T20:34:23.887383,96.2,56.79182815551758,400.0
2026-04-22T20:34:26.090788,95.7,56.741241455078125,400.0
2026-04-22T20:34:28.299054,97.3,56.64006805419922,400.0
2026-04-22T20:34:30.507335,96.6,56.79182815551758,400.0
2026-04-22T20:34:32.710630,98.0,56.741241455078125,400.0
2026-04-22T20:34:34.914614,96.5,56.994171142578125,400.0
2026-04-22T20:34:37.117577,97.5,56.994171142578125,400.0
2026-04-22T20:34:39.321920,92.8,57.04475784301758,400.0
2026-04-22T20:34:41.523688,97.0,57.19651794433594,400.0
2026-04-22T20:34:43.727444,97.3,57.24710464477539,400.0
2026-04-22T20:34:45.930821,92.7,57.19651794433594,400.0
2026-04-22T20:34:48.133625,96.9,57.19651794433594,400.0
2026-04-22T20:34:50.338446,90.8,57.44944763183594,400.0
2026-04-22T20:34:52.540219,97.8,57.3482780456543,400.0
2026-04-22T20:34:54.742860,93.6,57.50003433227539,400.0
2026-04-22T20:34:56.946724,97.0,57.6012077331543,400.0
2026-04-22T20:34:59.148383,93.0,57.6012077331543,400.0
2026-04-22T20:35:01.352019,96.6,57.752967834472656,400.0
2026-04-22T20:35:03.555052,97.8,57.65179443359375,400.0
2026-04-22T20:35:05.758654,78.1,57.7023811340332,400.0
2026-04-22T20:35:07.960325,97.3,57.803550720214844,400.0
2026-04-22T20:35:10.164062,92.6,57.803550720214844,400.0
2026-04-22T20:35:12.367796,97.4,57.9553108215332,400.0
2026-04-22T20:35:14.571220,93.4,58.10707092285156,400.0
2026-04-22T20:35:16.773266,98.0,58.10707092285156,400.0
2026-04-22T20:35:18.976770,97.2,58.10707092285156,400.0
2026-04-22T20:35:21.180213,97.6,58.2082405090332,400.0
2026-04-22T20:35:23.382105,96.2,58.258827209472656,400.0
2026-04-22T20:35:25.585500,83.0,58.36000061035156,400.0
2026-04-22T20:35:27.787892,96.9,58.36000061035156,400.0
2026-04-22T20:35:29.992942,97.4,58.46117401123047,400.0
2026-04-22T20:35:32.196052,97.3,58.51176071166992,400.0
2026-04-22T20:35:34.399226,97.4,58.46117401123047,400.0
2026-04-22T20:35:36.604362,97.8,58.46117401123047,400.0
2026-04-22T20:35:38.806042,97.6,58.61293029785156,400.0
2026-04-22T20:35:41.011062,94.4,58.56234359741211,400.0
2026-04-22T20:35:43.216434,95.8,58.815277099609375,400.0
2026-04-22T20:35:45.420174,83.9,58.61293029785156,400.0
2026-04-22T20:35:47.621726,97.6,58.663516998291016,400.0
2026-04-22T20:35:49.824374,97.8,58.76469039916992,400.0
2026-04-22T20:35:52.027933,96.8,58.663516998291016,400.0
2026-04-22T20:35:54.231350,97.1,58.71410369873047,400.0
2026-04-22T20:35:56.435145,94.7,58.96703338623047,400.0
2026-04-22T20:35:58.641025,97.8,58.91645050048828,400.0
2026-04-22T20:36:00.844376,96.3,58.91645050048828,400.0
2026-04-22T20:36:03.046297,97.2,58.86586380004883,400.0
2026-04-22T20:36:05.249613,95.8,58.96703338623047,400.0
2026-04-22T20:36:07.452002,96.8,58.91645050048828,400.0
2026-04-22T20:36:09.655790,96.7,58.91645050048828,400.0
2026-04-22T20:36:11.860768,95.1,59.11879348754883,400.0
2026-04-22T20:36:14.063358,97.6,58.815277099609375,400.0
2026-04-22T20:36:16.267220,93.5,58.86586380004883,400.0
2026-04-22T20:36:18.469826,97.3,58.815277099609375,400.0
2026-04-22T20:36:20.676392,94.0,58.71410369873047,400.0
2026-04-22T20:36:22.880459,96.8,58.61293029785156,400.0
2026-04-22T20:36:25.085925,97.3,58.30941390991211,400.0
2026-04-22T20:36:27.291706,91.9,58.51176071166992,400.0
2026-04-22T20:36:29.494101,96.3,58.30941390991211,400.0
2026-04-22T20:36:31.697202,96.8,58.36000061035156,400.0
2026-04-22T20:36:33.899389,97.7,58.258827209472656,400.0
2026-04-22T20:36:36.103728,97.5,58.2082405090332,400.0
2026-04-22T20:36:38.307822,97.8,58.10707092285156,400.0
2026-04-22T20:36:40.511674,95.5,57.8541374206543,400.0
2026-04-22T20:36:42.714183,93.3,57.9553108215332,400.0
2026-04-22T20:36:44.918066,97.1,57.8541374206543,400.0
2026-04-22T20:36:47.121603,95.8,57.8541374206543,400.0
2026-04-22T20:36:49.324092,97.8,57.803550720214844,400.0
2026-04-22T20:36:51.527161,97.0,57.65179443359375,400.0
2026-04-22T20:36:53.731792,97.5,57.65179443359375,400.0
2026-04-22T20:36:55.933604,96.9,57.550621032714844,400.0
2026-04-22T20:36:58.137081,92.1,57.550621032714844,400.0
2026-04-22T20:37:00.340187,96.8,57.550621032714844,400.0
2026-04-22T20:37:02.544473,91.7,57.44944763183594,400.0
2026-04-22T20:37:04.746643,97.4,57.44944763183594,400.0
2026-04-22T20:37:06.952073,97.5,57.24710464477539,400.0
2026-04-22T20:37:09.157003,83.8,57.19651794433594,400.0
2026-04-22T20:37:11.363118,97.2,57.19651794433594,400.0
2026-04-22T20:37:13.568961,93.8,57.145931243896484,400.0
2026-04-22T20:37:15.771432,96.3,57.09534454345703,400.0
2026-04-22T20:37:17.981357,97.7,57.04475784301758,400.0
2026-04-22T20:37:20.185619,97.5,56.994171142578125,400.0
2026-04-22T20:37:22.391311,98.1,56.94358825683594,400.0
2026-04-22T20:37:24.594408,97.0,56.94358825683594,400.0
2026-04-22T20:37:26.797024,96.9,56.994171142578125,400.0
2026-04-22T20:37:29.002195,88.6,56.79182815551758,400.0
2026-04-22T20:37:31.205342,96.1,56.79182815551758,400.0
2026-04-22T20:37:33.408246,94.7,56.79182815551758,400.0
2026-04-22T20:37:35.609905,97.2,56.84241485595703,400.0
2026-04-22T20:37:37.812790,97.8,56.79182815551758,400.0
2026-04-22T20:37:40.016719,96.0,56.79182815551758,400.0
2026-04-22T20:37:42.219418,98.1,56.589481353759766,400.0
2026-04-22T20:37:44.431283,91.5,56.69065475463867,400.0
2026-04-22T20:37:46.633689,97.3,56.64006805419922,400.0
2026-04-22T20:37:48.841063,97.7,56.64006805419922,400.0
2026-04-22T20:37:51.044001,97.2,56.69065475463867,400.0
2026-04-22T20:37:53.249443,97.7,56.64006805419922,400.0
2026-04-22T20:37:55.454779,96.7,56.589481353759766,400.0
2026-04-22T20:37:57.659294,97.4,56.589481353759766,400.0
2026-04-22T20:37:59.862344,92.5,56.589481353759766,400.0
2026-04-22T20:38:02.064789,96.8,56.589481353759766,400.0
2026-04-22T20:38:04.267321,97.9,56.488311767578125,400.0
2026-04-22T20:38:06.476354,96.5,56.488311767578125,400.0
2026-04-22T20:38:08.682532,96.7,56.38713836669922,400.0
2026-04-22T20:38:10.884964,97.2,56.53889846801758,400.0
2026-04-22T20:38:13.088690,98.1,56.38713836669922,400.0
2026-04-22T20:38:15.291842,92.3,56.488311767578125,400.0
2026-04-22T20:38:17.496486,97.4,56.43772506713867,400.0
2026-04-22T20:38:19.699429,86.6,56.43772506713867,400.0
2026-04-22T20:38:21.903035,98.0,56.38713836669922,400.0
2026-04-22T20:38:24.107884,96.8,56.43772506713867,400.0
2026-04-22T20:38:26.311310,97.6,56.64006805419922,400.0
2026-04-22T20:38:28.517276,97.9,56.38713836669922,400.0
2026-04-22T20:38:30.722882,85.2,56.741241455078125,400.0
2026-04-22T20:38:32.927189,97.4,56.741241455078125,400.0
2026-04-22T20:38:35.129807,93.5,56.84241485595703,400.0
2026-04-22T20:38:37.332942,97.1,56.94358825683594,400.0
2026-04-22T20:38:39.539004,96.9,56.994171142578125,400.0
2026-04-22T20:38:41.740798,97.8,57.09534454345703,400.0
2026-04-22T20:38:43.946749,97.7,57.19651794433594,400.0
2026-04-22T20:38:46.149740,95.0,57.297691345214844,400.0
2026-04-22T20:38:48.354013,98.0,57.550621032714844,400.0
2026-04-22T20:38:50.557949,86.6,57.50003433227539,400.0
2026-04-22T20:38:52.760237,97.4,57.6012077331543,400.0
2026-04-22T20:38:54.968952,97.4,57.550621032714844,400.0
2026-04-22T20:38:57.172515,96.7,57.6012077331543,400.0
2026-04-22T20:38:59.375386,93.8,57.7023811340332,400.0
2026-04-22T20:39:01.578310,97.0,57.803550720214844,400.0
2026-04-22T20:39:03.781535,97.6,58.005897521972656,400.0
2026-04-22T20:39:05.983406,92.9,57.90472412109375,400.0
2026-04-22T20:39:08.191427,97.8,58.005897521972656,400.0
2026-04-22T20:39:10.397017,95.6,57.8541374206543,400.0
2026-04-22T20:39:12.603099,96.3,58.258827209472656,400.0
2026-04-22T20:39:14.804901,97.8,58.157657623291016,400.0
2026-04-22T20:39:17.008611,97.0,58.157657623291016,400.0
2026-04-22T20:39:19.210746,97.4,58.258827209472656,400.0
2026-04-22T20:39:21.414819,96.0,58.36000061035156,400.0
2026-04-22T20:39:23.619329,96.4,58.410587310791016,400.0
2026-04-22T20:39:25.823380,96.5,58.56234359741211,400.0
2026-04-22T20:39:28.028812,97.5,58.663516998291016,400.0
2026-04-22T20:39:30.230467,97.5,58.56234359741211,400.0
2026-04-22T20:39:32.434870,97.6,58.76469039916992,400.0
2026-04-22T20:39:34.638387,97.6,58.46117401123047,400.0
2026-04-22T20:39:36.842369,92.4,58.71410369873047,400.0
2026-04-22T20:39:39.045044,97.8,58.76469039916992,400.0
2026-04-22T20:39:41.247792,96.8,58.86586380004883,400.0
2026-04-22T20:39:43.451679,96.7,58.96703338623047,400.0
2026-04-22T20:39:45.658148,96.8,59.01762008666992,400.0
2026-04-22T20:39:47.859815,96.4,58.96703338623047,400.0
2026-04-22T20:39:50.062692,96.9,59.11879348754883,400.0
2026-04-22T20:39:52.266579,90.8,59.11879348754883,400.0
2026-04-22T20:39:54.468504,97.6,59.16938018798828,400.0
2026-04-22T20:39:56.675253,93.6,59.16938018798828,400.0
2026-04-22T20:39:58.882945,97.9,59.32114028930664,400.0
2026-04-22T20:40:01.084848,97.5,59.37172317504883,400.0
2026-04-22T20:40:03.287312,96.7,59.42230987548828,400.0
2026-04-22T20:40:05.493922,97.1,59.42230987548828,400.0
2026-04-22T20:40:07.699501,95.8,59.27055358886719,400.0
2026-04-22T20:40:09.903256,96.5,59.32114028930664,400.0
2026-04-22T20:40:12.105737,96.1,59.42230987548828,400.0
2026-04-22T20:40:14.311202,97.7,59.52348327636719,400.0
2026-04-22T20:40:16.514352,96.4,59.57406997680664,400.0
2026-04-22T20:40:18.719852,97.6,59.57406997680664,400.0
2026-04-22T20:40:20.923554,97.7,59.77641296386719,400.0
2026-04-22T20:40:23.127449,96.1,59.77641296386719,400.0
2026-04-22T20:40:25.329538,97.7,59.82699966430664,400.0
2026-04-22T20:40:27.531660,84.8,59.67524337768555,400.0
2026-04-22T20:40:29.734399,97.7,59.725830078125,400.0
2026-04-22T20:40:31.939315,97.6,59.725830078125,400.0
2026-04-22T20:40:34.141871,97.1,59.67524337768555,400.0
2026-04-22T20:40:36.345385,96.8,59.52348327636719,400.0
2026-04-22T20:40:38.553727,92.5,59.37172317504883,400.0
2026-04-22T20:40:40.756576,96.6,59.42230987548828,400.0
2026-04-22T20:40:42.963945,94.1,59.32114028930664,400.0
2026-04-22T20:40:45.166266,98.0,59.32114028930664,400.0
2026-04-22T20:40:47.368498,97.7,59.219966888427734,400.0
2026-04-22T20:40:49.571965,96.0,59.11879348754883,400.0
2026-04-22T20:40:51.775686,98.1,59.068206787109375,400.0
2026-04-22T20:40:53.979289,92.5,59.11879348754883,400.0
2026-04-22T20:40:56.182423,97.6,58.91645050048828,400.0
2026-04-22T20:40:58.384205,96.2,58.86586380004883,400.0
2026-04-22T20:41:00.585902,97.8,58.86586380004883,400.0
2026-04-22T20:41:02.794400,97.7,58.71410369873047,400.0
2026-04-22T20:41:04.998339,97.4,58.71410369873047,400.0
2026-04-22T20:41:07.203754,97.8,58.61293029785156,400.0
2026-04-22T20:41:09.409023,91.3,58.61293029785156,400.0
2026-04-22T20:41:11.611339,98.0,58.46117401123047,400.0
2026-04-22T20:41:13.820465,93.0,58.36000061035156,400.0
2026-04-22T20:41:16.026264,97.6,58.410587310791016,400.0
2026-04-22T20:41:18.230009,97.6,58.157657623291016,400.0
2026-04-22T20:41:20.431806,96.1,58.258827209472656,400.0
2026-04-22T20:41:22.635596,97.4,58.2082405090332,400.0
2026-04-22T20:41:24.839259,92.4,58.157657623291016,400.0
2026-04-22T20:41:27.041651,96.4,58.157657623291016,400.0
2026-04-22T20:41:29.246139,95.3,58.005897521972656,400.0
2026-04-22T20:41:31.449429,97.7,57.90472412109375,400.0
2026-04-22T20:41:33.654767,95.2,57.8541374206543,400.0
2026-04-22T20:41:35.856816,97.3,57.9553108215332,400.0
2026-04-22T20:41:38.062056,97.6,57.803550720214844,400.0
2026-04-22T20:41:40.265006,93.8,57.7023811340332,400.0
2026-04-22T20:41:42.468064,98.0,57.550621032714844,400.0
2026-04-22T20:41:44.671623,90.4,57.6012077331543,400.0
2026-04-22T20:41:46.875746,98.0,57.65179443359375,400.0
2026-04-22T20:41:49.080628,96.9,57.50003433227539,400.0
2026-04-22T20:41:51.284506,96.8,57.550621032714844,400.0
2026-04-22T20:41:53.490279,97.4,57.398860931396484,400.0
2026-04-22T20:41:55.691973,97.9,57.44944763183594,400.0
2026-04-22T20:41:57.899256,97.8,57.3482780456543,400.0
2026-04-22T20:42:00.102416,95.2,57.398860931396484,400.0
2026-04-22T20:42:02.304183,96.8,57.297691345214844,400.0
2026-04-22T20:42:04.507239,95.8,57.3482780456543,400.0
2026-04-22T20:42:06.710368,97.2,57.3482780456543,400.0
2026-04-22T20:42:08.912704,98.0,57.145931243896484,400.0
2026-04-22T20:42:11.118072,93.8,57.09534454345703,400.0
2026-04-22T20:42:13.319901,97.5,56.994171142578125,400.0
2026-04-22T20:42:15.525007,91.0,57.09534454345703,400.0
2026-04-22T20:42:17.728461,97.3,57.09534454345703,400.0
2026-04-22T20:42:19.932636,93.8,57.145931243896484,400.0
2026-04-22T20:42:22.137829,97.3,57.09534454345703,400.0
2026-04-22T20:42:24.340857,97.3,56.893001556396484,400.0
2026-04-22T20:42:26.542565,92.8,56.94358825683594,400.0
2026-04-22T20:42:28.746097,94.8,56.893001556396484,400.0
2026-04-22T20:42:30.949447,90.0,56.94358825683594,400.0
2026-04-22T20:42:33.152010,97.8,56.84241485595703,400.0
2026-04-22T20:42:35.355182,96.9,56.79182815551758,400.0
2026-04-22T20:42:37.558918,97.6,56.741241455078125,400.0
2026-04-22T20:42:39.760535,96.9,56.69065475463867,400.0
2026-04-22T20:42:41.963515,96.0,56.79182815551758,400.0
2026-04-22T20:42:44.166532,97.8,56.64006805419922,400.0
2026-04-22T20:42:46.372908,91.0,56.64006805419922,400.0
2026-04-22T20:42:48.575309,98.0,56.69065475463867,400.0
2026-04-22T20:42:50.778629,94.3,56.741241455078125,400.0
2026-04-22T20:42:52.980553,97.3,56.741241455078125,400.0
2026-04-22T20:42:55.187310,97.2,56.84241485595703,400.0
2026-04-22T20:42:57.393129,95.2,56.994171142578125,400.0
2026-04-22T20:42:59.595757,97.9,56.893001556396484,400.0
2026-04-22T20:43:01.806113,93.0,57.19651794433594,400.0
2026-04-22T20:43:04.010585,95.6,57.297691345214844,400.0
2026-04-22T20:43:06.214723,94.0,57.297691345214844,400.0
2026-04-22T20:43:08.416816,97.0,57.44944763183594,400.0
2026-04-22T20:43:10.622782,96.5,57.3482780456543,400.0
2026-04-22T20:43:12.830159,96.2,57.6012077331543,400.0
2026-04-22T20:43:15.036322,97.7,57.65179443359375,400.0
2026-04-22T20:43:17.243450,93.8,57.7023811340332,400.0
2026-04-22T20:43:19.446862,97.3,57.8541374206543,400.0
2026-04-22T20:43:21.648806,95.8,57.803550720214844,400.0
2026-04-22T20:43:23.855405,97.3,57.803550720214844,400.0
2026-04-22T20:43:26.058174,97.6,58.05648422241211,400.0
2026-04-22T20:43:28.261774,97.5,57.9553108215332,400.0
2026-04-22T20:43:30.466114,91.5,58.005897521972656,400.0
2026-04-22T20:43:32.671990,96.3,58.05648422241211,400.0
2026-04-22T20:43:34.876539,96.7,58.2082405090332,400.0
2026-04-22T20:43:37.078373,94.7,58.30941390991211,400.0
2026-04-22T20:43:39.281608,98.0,58.2082405090332,400.0
2026-04-22T20:43:41.487314,97.5,58.30941390991211,400.0
2026-04-22T20:43:43.692041,96.3,58.410587310791016,400.0
2026-04-22T20:43:45.896981,97.9,58.2082405090332,400.0
2026-04-22T20:43:48.100627,89.6,58.46117401123047,400.0
2026-04-22T20:43:50.303304,97.8,58.258827209472656,400.0
2026-04-22T20:43:52.506339,97.1,58.258827209472656,400.0
2026-04-22T20:43:54.709493,96.1,58.30941390991211,400.0
2026-04-22T20:43:56.912878,97.4,58.46117401123047,400.0
2026-04-22T20:43:59.118843,97.1,58.61293029785156,400.0
2026-04-22T20:44:01.321655,96.2,58.61293029785156,400.0
2026-04-22T20:44:03.525007,92.1,58.71410369873047,400.0
2026-04-22T20:44:05.727659,96.9,58.71410369873047,400.0
2026-04-22T20:44:07.932542,94.4,58.71410369873047,400.0
2026-04-22T20:44:10.134461,96.3,58.76469039916992,400.0
2026-04-22T20:44:12.341047,97.2,58.86586380004883,400.0
2026-04-22T20:44:14.544401,90.0,58.91645050048828,400.0
2026-04-22T20:44:16.749079,97.8,59.01762008666992,400.0
2026-04-22T20:44:18.952274,97.4,58.76469039916992,400.0
2026-04-22T20:44:21.156537,98.0,59.068206787109375,400.0
2026-04-22T20:44:23.358347,95.2,59.068206787109375,400.0
2026-04-22T20:44:25.562473,95.7,59.27055358886719,400.0
2026-04-22T20:44:27.765739,96.2,59.32114028930664,400.0
2026-04-22T20:44:29.969969,95.6,59.37172317504883,400.0
2026-04-22T20:44:32.174709,98.0,59.27055358886719,400.0
2026-04-22T20:44:34.379264,91.8,59.42230987548828,400.0
2026-04-22T20:44:36.582388,97.4,59.624656677246094,400.0
2026-04-22T20:44:38.796548,96.5,59.52348327636719,400.0
2026-04-22T20:44:40.998445,97.4,59.52348327636719,400.0
2026-04-22T20:44:43.200424,97.2,59.57406997680664,400.0
2026-04-22T20:44:45.403068,96.0,59.624656677246094,400.0
2026-04-22T20:44:47.606673,97.0,59.52348327636719,400.0
2026-04-22T20:44:49.809590,91.3,59.624656677246094,400.0
2026-04-22T20:44:52.011397,97.0,59.92817306518555,400.0
2026-04-22T20:44:54.215330,90.5,59.77641296386719,400.0
2026-04-22T20:44:56.418859,97.7,59.82699966430664,400.0
2026-04-22T20:44:58.622237,96.6,59.877586364746094,400.0
2026-04-22T20:45:00.824308,93.1,59.877586364746094,400.0
2026-04-22T20:45:03.027087,96.7,59.92817306518555,400.0
2026-04-22T20:45:05.233593,95.4,59.92817306518555,400.0
2026-04-22T20:45:07.436994,97.5,59.92817306518555,400.0
2026-04-22T20:45:09.641665,94.7,59.978759765625,400.0
2026-04-22T20:45:11.844204,97.5,60.02934646606445,400.0
2026-04-22T20:45:14.049054,97.0,60.079933166503906,400.0
2026-04-22T20:45:16.253283,96.0,59.978759765625,400.0
2026-04-22T20:45:18.456801,98.1,59.82699966430664,400.0
2026-04-22T20:45:20.658642,87.1,59.77641296386719,400.0
2026-04-22T20:45:22.861942,97.5,59.82699966430664,400.0
2026-04-22T20:45:25.069018,92.7,59.67524337768555,400.0
2026-04-22T20:45:27.274119,97.3,59.725830078125,400.0
2026-04-22T20:45:29.477017,97.5,59.52348327636719,400.0
2026-04-22T20:45:31.678773,94.6,59.472896575927734,400.0
2026-04-22T20:45:33.882661,97.1,59.472896575927734,400.0
2026-04-22T20:45:36.088374,97.9,59.32114028930664,400.0
2026-04-22T20:45:38.291997,98.0,59.219966888427734,400.0
2026-04-22T20:45:40.496592,85.9,59.068206787109375,400.0
2026-04-22T20:45:42.698767,97.4,59.11879348754883,400.0
2026-04-22T20:45:44.900803,97.0,59.01762008666992,400.0
2026-04-22T20:45:47.104594,96.8,58.86586380004883,400.0
2026-04-22T20:45:49.309006,97.8,58.91645050048828,400.0
2026-04-22T20:45:51.511265,97.9,58.815277099609375,400.0
2026-04-22T20:45:53.713344,97.6,58.91645050048828,400.0
2026-04-22T20:45:55.922022,95.6,58.76469039916992,400.0
2026-04-22T20:45:58.128277,97.2,58.815277099609375,400.0
2026-04-22T20:46:00.337346,95.5,58.410587310791016,400.0
2026-04-22T20:46:02.543261,98.0,58.410587310791016,400.0
2026-04-22T20:46:04.746511,97.2,58.410587310791016,400.0
2026-04-22T20:46:06.950260,97.4,58.410587310791016,400.0
2026-04-22T20:46:09.151851,97.1,58.258827209472656,400.0
2026-04-22T20:46:11.355662,94.9,58.2082405090332,400.0
2026-04-22T20:46:13.559561,96.7,58.2082405090332,400.0
2026-04-22T20:46:15.762293,95.1,57.9553108215332,400.0
2026-04-22T20:46:17.965515,96.7,57.9553108215332,400.0
2026-04-22T20:46:20.170232,96.5,57.90472412109375,400.0
2026-04-22T20:46:22.372566,97.8,58.05648422241211,400.0
2026-04-22T20:46:24.577005,97.4,57.9553108215332,400.0
2026-04-22T20:46:26.782224,94.9,57.90472412109375,400.0
2026-04-22T20:46:28.988222,97.9,57.803550720214844,400.0
2026-04-22T20:46:31.191122,89.2,57.803550720214844,400.0
2026-04-22T20:46:33.394052,98.1,57.752967834472656,400.0
2026-04-22T20:46:35.596260,96.4,57.7023811340332,400.0
2026-04-22T20:46:37.800240,97.0,57.65179443359375,400.0
2026-04-22T20:46:40.002420,97.4,57.44944763183594,400.0
2026-04-22T20:46:42.206274,91.8,57.44944763183594,400.0
2026-04-22T20:46:44.412130,97.9,57.44944763183594,400.0
2026-04-22T20:46:46.618386,94.6,57.3482780456543,400.0
2026-04-22T20:46:48.820717,97.1,57.297691345214844,400.0
2026-04-22T20:46:51.027002,96.5,57.297691345214844,400.0
2026-04-22T20:46:53.230121,98.0,57.297691345214844,400.0
2026-04-22T20:46:55.433361,96.6,57.145931243896484,400.0
2026-04-22T20:46:57.637798,88.8,57.297691345214844,400.0
2026-04-22T20:46:59.840634,95.2,57.09534454345703,400.0
2026-04-22T20:47:02.049481,88.3,57.19651794433594,400.0
2026-04-22T20:47:04.253928,96.8,57.04475784301758,400.0
2026-04-22T20:47:06.457195,95.9,57.04475784301758,400.0
2026-04-22T20:47:08.659641,97.5,56.94358825683594,400.0
2026-04-22T20:47:10.865475,96.7,56.994171142578125,400.0
2026-04-22T20:47:13.068125,97.5,56.994171142578125,400.0
2026-04-22T20:47:15.272703,94.1,56.69065475463867,400.0
2026-04-22T20:47:17.477024,95.3,56.79182815551758,400.0
2026-04-22T20:47:19.684892,95.7,56.84241485595703,400.0
2026-04-22T20:47:21.888397,97.6,56.741241455078125,400.0
2026-04-22T20:47:24.093383,97.7,56.84241485595703,400.0
2026-04-22T20:47:26.297971,97.4,56.79182815551758,400.0
2026-04-22T20:47:28.503115,95.6,56.94358825683594,400.0
2026-04-22T20:47:30.705705,97.1,56.893001556396484,400.0
2026-04-22T20:47:32.912086,89.3,56.994171142578125,400.0
2026-04-22T20:47:35.118268,95.7,57.04475784301758,400.0
2026-04-22T20:47:37.321000,96.1,57.19651794433594,400.0
2026-04-22T20:47:39.522972,97.6,57.24710464477539,400.0
2026-04-22T20:47:41.726892,97.5,57.19651794433594,400.0
2026-04-22T20:47:43.930107,88.4,57.3482780456543,400.0
2026-04-22T20:47:46.132713,97.4,57.44944763183594,400.0
2026-04-22T20:47:48.337955,97.6,57.50003433227539,400.0
2026-04-22T20:47:50.542966,92.4,57.65179443359375,400.0
2026-04-22T20:47:52.746081,95.4,57.752967834472656,400.0
2026-04-22T20:47:54.953743,97.7,57.7023811340332,400.0
2026-04-22T20:47:57.158685,96.5,57.803550720214844,400.0
2026-04-22T20:47:59.362260,96.6,57.8541374206543,400.0
2026-04-22T20:48:01.568992,97.3,57.752967834472656,400.0
2026-04-22T20:48:03.771779,91.7,58.05648422241211,400.0
2026-04-22T20:48:05.975415,97.2,58.005897521972656,400.0
2026-04-22T20:48:08.184308,93.2,58.2082405090332,400.0
2026-04-22T20:48:10.387869,92.9,58.10707092285156,400.0
2026-04-22T20:48:12.591488,97.1,58.2082405090332,400.0
2026-04-22T20:48:14.795626,97.0,58.30941390991211,400.0
2026-04-22T20:48:16.999568,98.0,58.30941390991211,400.0
2026-04-22T20:48:19.203283,97.1,58.410587310791016,400.0
2026-04-22T20:48:21.404935,97.1,58.30941390991211,400.0
2026-04-22T20:48:23.608085,94.4,58.46117401123047,400.0
2026-04-22T20:48:25.811881,96.2,58.51176071166992,400.0
2026-04-22T20:48:28.015386,96.3,58.76469039916992,400.0
2026-04-22T20:48:30.219346,97.7,58.76469039916992,400.0
2026-04-22T20:48:32.423822,95.7,58.76469039916992,400.0
2026-04-22T20:48:34.627177,96.7,58.815277099609375,400.0
2026-04-22T20:48:36.830551,97.3,58.86586380004883,400.0
2026-04-22T20:48:39.039831,95.6,58.96703338623047,400.0
2026-04-22T20:48:41.243070,97.4,58.76469039916992,400.0
2026-04-22T20:48:43.446339,96.0,58.76469039916992,400.0
2026-04-22T20:48:45.650055,96.6,58.96703338623047,400.0
2026-04-22T20:48:47.857005,96.8,58.71410369873047,400.0
2026-04-22T20:48:50.060867,94.1,58.76469039916992,400.0
2026-04-22T20:48:52.263825,97.3,58.663516998291016,400.0
2026-04-22T20:48:54.476572,90.3,58.56234359741211,400.0
2026-04-22T20:48:56.680080,96.5,58.46117401123047,400.0
2026-04-22T20:48:58.883091,97.1,58.410587310791016,400.0
2026-04-22T20:49:01.086590,96.9,58.36000061035156,400.0
2026-04-22T20:49:03.291956,97.8,58.157657623291016,400.0
2026-04-22T20:49:05.494799,95.5,58.258827209472656,400.0
2026-04-22T20:49:07.696768,97.2,57.8541374206543,400.0
2026-04-22T20:49:09.902795,90.8,57.9553108215332,400.0
2026-04-22T20:49:12.105556,97.0,58.10707092285156,400.0
2026-04-22T20:49:14.310362,95.4,57.90472412109375,400.0
2026-04-22T20:49:16.513361,96.8,57.90472412109375,400.0
2026-04-22T20:49:18.716692,97.8,57.8541374206543,400.0
2026-04-22T20:49:20.920262,96.0,57.8541374206543,400.0
2026-04-22T20:49:23.124772,97.9,57.803550720214844,400.0
2026-04-22T20:49:25.326568,95.2,57.6012077331543,400.0
2026-04-22T20:49:27.528160,97.4,57.65179443359375,400.0
2026-04-22T20:49:29.737857,96.6,57.550621032714844,400.0
2026-04-22T20:49:31.944349,93.4,57.50003433227539,400.0
2026-04-22T20:49:34.146239,95.9,57.550621032714844,400.0
2026-04-22T20:49:36.353002,96.6,57.398860931396484,400.0
2026-04-22T20:49:38.555778,97.6,57.44944763183594,400.0
2026-04-22T20:49:40.759611,97.0,57.3482780456543,400.0
2026-04-22T20:49:42.962521,97.5,57.24710464477539,400.0
2026-04-22T20:49:45.167665,96.8,57.19651794433594,400.0
2026-04-22T20:49:47.371243,96.7,57.19651794433594,400.0
2026-04-22T20:49:49.573414,96.6,57.145931243896484,400.0
2026-04-22T20:49:51.779030,93.7,57.09534454345703,400.0
2026-04-22T20:49:53.982583,97.6,56.994171142578125,400.0
2026-04-22T20:49:56.185780,97.0,56.994171142578125,400.0
2026-04-22T20:49:58.388192,97.0,57.04475784301758,400.0
2026-04-22T20:50:00.591880,97.6,56.94358825683594,400.0
2026-04-22T20:50:02.794903,97.6,57.04475784301758,400.0
2026-04-22T20:50:04.996713,97.4,56.994171142578125,400.0
2026-04-22T20:50:07.204761,96.2,56.893001556396484,400.0
2026-04-22T20:50:09.408918,97.9,56.893001556396484,400.0
2026-04-22T20:50:11.612771,89.7,56.94358825683594,400.0
2026-04-22T20:50:13.816828,96.7,56.94358825683594,400.0
2026-04-22T20:50:16.018664,97.1,56.994171142578125,400.0
2026-04-22T20:50:18.220761,96.9,56.893001556396484,400.0
2026-04-22T20:50:20.425641,96.7,56.741241455078125,400.0
2026-04-22T20:50:22.628619,93.3,56.741241455078125,400.0
2026-04-22T20:50:24.830365,96.4,56.79182815551758,400.0
2026-04-22T20:50:27.035426,95.9,56.69065475463867,400.0
2026-04-22T20:50:29.237404,95.3,56.79182815551758,400.0
2026-04-22T20:50:31.442286,97.0,56.84241485595703,400.0
2026-04-22T20:50:33.649060,96.6,56.84241485595703,400.0
2026-04-22T20:50:35.851985,97.6,56.79182815551758,400.0
2026-04-22T20:50:38.054850,90.7,56.994171142578125,400.0
2026-04-22T20:50:40.258819,97.2,57.145931243896484,400.0
2026-04-22T20:50:42.463848,95.3,57.145931243896484,400.0
2026-04-22T20:50:44.668586,95.9,57.297691345214844,400.0
2026-04-22T20:50:46.875861,97.6,57.3482780456543,400.0
2026-04-22T20:50:49.078807,97.5,57.3482780456543,400.0
2026-04-22T20:50:51.280648,97.2,57.398860931396484,400.0
2026-04-22T20:50:53.485829,97.5,57.44944763183594,400.0
2026-04-22T20:50:55.690496,96.8,57.44944763183594,400.0
2026-04-22T20:50:57.897761,93.7,57.65179443359375,400.0
2026-04-22T20:51:00.102903,96.9,57.752967834472656,400.0
2026-04-22T20:51:02.310935,96.5,57.90472412109375,400.0
2026-04-22T20:51:04.520882,94.7,57.803550720214844,400.0
2026-04-22T20:51:06.732248,98.0,57.90472412109375,400.0
2026-04-22T20:51:08.936949,97.7,57.752967834472656,400.0
2026-04-22T20:51:11.143186,93.7,58.157657623291016,400.0
2026-04-22T20:51:13.346825,92.7,58.2082405090332,400.0
2026-04-22T20:51:15.550874,97.0,58.2082405090332,400.0
2026-04-22T20:51:17.752753,95.5,58.30941390991211,400.0
2026-04-22T20:51:19.958549,96.1,58.258827209472656,400.0
2026-04-22T20:51:22.162414,97.8,58.30941390991211,400.0
2026-04-22T20:51:24.367064,96.2,58.51176071166992,400.0
2026-04-22T20:51:26.571784,97.5,58.36000061035156,400.0
2026-04-22T20:51:28.774569,90.2,58.51176071166992,400.0
2026-04-22T20:51:30.979458,97.0,58.663516998291016,400.0
2026-04-22T20:51:33.183229,96.7,58.46117401123047,400.0
2026-04-22T20:51:35.388088,95.6,58.815277099609375,400.0
2026-04-22T20:51:37.591870,97.7,58.61293029785156,400.0
2026-04-22T20:51:39.794362,97.3,58.815277099609375,400.0
2026-04-22T20:51:41.997441,96.9,58.46117401123047,400.0
2026-04-22T20:51:44.201568,85.2,58.61293029785156,400.0
2026-04-22T20:51:46.403333,98.0,58.76469039916992,400.0
2026-04-22T20:51:48.607026,94.9,58.815277099609375,400.0
2026-04-22T20:51:50.813291,97.7,58.96703338623047,400.0
2026-04-22T20:51:53.016506,97.4,59.11879348754883,400.0
2026-04-22T20:51:55.219559,96.4,59.068206787109375,400.0
2026-04-22T20:51:57.422769,97.8,59.01762008666992,400.0
2026-04-22T20:51:59.624399,96.6,59.219966888427734,400.0
2026-04-22T20:52:01.829607,97.3,59.27055358886719,400.0
2026-04-22T20:52:04.038050,95.9,59.32114028930664,400.0
2026-04-22T20:52:06.242207,97.3,59.32114028930664,400.0
2026-04-22T20:52:08.447043,96.5,59.32114028930664,400.0
2026-04-22T20:52:10.651624,96.5,59.42230987548828,400.0
2026-04-22T20:52:12.853450,97.1,59.57406997680664,400.0
2026-04-22T20:52:15.059598,95.2,59.42230987548828,400.0
2026-04-22T20:52:17.266790,96.8,59.57406997680664,400.0
2026-04-22T20:52:19.471766,90.5,59.52348327636719,400.0
2026-04-22T20:52:21.674860,97.9,59.57406997680664,400.0
2026-04-22T20:52:23.880684,97.1,59.57406997680664,400.0
2026-04-22T20:52:26.084650,97.6,59.725830078125,400.0
2026-04-22T20:52:28.288392,97.8,59.725830078125,400.0
2026-04-22T20:52:30.491903,96.2,59.877586364746094,400.0
2026-04-22T20:52:32.695096,98.1,59.725830078125,400.0
2026-04-22T20:52:34.906426,86.5,59.77641296386719,400.0
2026-04-22T20:52:37.110984,97.6,59.978759765625,400.0
2026-04-22T20:52:39.314893,97.3,59.82699966430664,400.0
2026-04-22T20:52:41.516582,97.7,59.877586364746094,400.0
2026-04-22T20:52:43.719432,98.0,59.624656677246094,400.0
2026-04-22T20:52:45.921365,91.4,59.67524337768555,400.0
2026-04-22T20:52:48.125364,97.7,59.37172317504883,400.0
2026-04-22T20:52:50.343316,95.2,59.37172317504883,400.0
2026-04-22T20:52:52.548022,97.2,59.219966888427734,400.0
2026-04-22T20:52:54.750126,94.1,59.068206787109375,400.0
2026-04-22T20:52:56.954042,96.5,59.01762008666992,400.0
2026-04-22T20:52:59.156278,97.8,59.01762008666992,400.0
2026-04-22T20:53:01.359878,92.4,58.96703338623047,400.0
2026-04-22T20:53:03.562987,97.5,58.86586380004883,400.0
2026-04-22T20:53:05.766966,91.1,58.815277099609375,400.0
2026-04-22T20:53:07.968987,97.0,58.91645050048828,400.0
2026-04-22T20:53:10.172502,96.5,58.86586380004883,400.0
2026-04-22T20:53:12.375452,97.5,58.71410369873047,400.0
2026-04-22T20:53:14.580896,97.7,58.61293029785156,400.0
2026-04-22T20:53:16.786127,97.0,58.71410369873047,400.0
2026-04-22T20:53:18.987772,97.8,58.51176071166992,400.0
2026-04-22T20:53:21.189570,94.6,58.46117401123047,400.0
2026-04-22T20:53:23.392861,97.8,58.410587310791016,400.0
2026-04-22T20:53:25.603727,85.7,58.2082405090332,400.0
2026-04-22T20:53:27.807335,97.4,58.30941390991211,400.0
2026-04-22T20:53:30.012737,96.7,57.9553108215332,400.0
2026-04-22T20:53:32.218917,97.4,58.05648422241211,400.0
2026-04-22T20:53:34.422266,97.8,58.05648422241211,400.0
2026-04-22T20:53:36.626329,95.3,57.9553108215332,400.0
2026-04-22T20:53:38.828050,97.7,57.9553108215332,400.0
2026-04-22T20:53:41.032191,91.6,57.803550720214844,400.0
2026-04-22T20:53:43.236147,96.0,57.9553108215332,400.0
2026-04-22T20:53:45.438744,98.1,57.65179443359375,400.0
2026-04-22T20:53:47.642885,97.7,57.7023811340332,400.0
2026-04-22T20:53:49.845590,97.3,57.65179443359375,400.0
2026-04-22T20:53:52.048455,93.7,57.65179443359375,400.0
2026-04-22T20:53:54.251290,97.3,57.50003433227539,400.0
2026-04-22T20:53:56.454551,95.5,57.398860931396484,400.0
2026-04-22T20:53:58.658498,97.7,57.398860931396484,400.0
2026-04-22T20:54:00.864989,96.4,57.3482780456543,400.0
2026-04-22T20:54:03.066655,97.4,57.297691345214844,400.0
2026-04-22T20:54:05.272730,97.1,57.297691345214844,400.0
2026-04-22T20:54:07.482640,86.4,57.24710464477539,400.0
2026-04-22T20:54:09.686036,97.1,57.19651794433594,400.0
2026-04-22T20:54:11.888996,91.4,57.24710464477539,400.0
2026-04-22T20:54:14.091003,97.7,57.19651794433594,400.0
2026-04-22T20:54:16.297003,98.0,57.145931243896484,400.0
2026-04-22T20:54:18.501299,97.3,57.04475784301758,400.0
2026-04-22T20:54:20.705517,97.3,56.994171142578125,400.0
2026-04-22T20:54:22.908714,96.6,57.04475784301758,400.0
2026-04-22T20:54:25.112672,98.0,56.893001556396484,400.0
2026-04-22T20:54:27.317762,86.2,56.94358825683594,400.0
2026-04-22T20:54:29.521016,97.0,56.94358825683594,400.0
2026-04-22T20:54:31.729795,94.7,56.84241485595703,400.0
2026-04-22T20:54:33.933080,97.6,56.893001556396484,400.0
2026-04-22T20:54:36.139028,97.2,56.893001556396484,400.0
2026-04-22T20:54:38.341914,97.0,56.741241455078125,400.0
2026-04-22T20:54:40.551997,96.6,56.79182815551758,400.0
2026-04-22T20:54:42.753728,90.5,56.69065475463867,400.0
2026-04-22T20:54:44.957729,96.3,56.79182815551758,400.0
2026-04-22T20:54:47.160650,97.2,56.79182815551758,400.0
2026-04-22T20:54:49.368547,98.0,56.741241455078125,400.0
2026-04-22T20:54:51.576202,95.1,56.741241455078125,400.0
2026-04-22T20:54:53.778074,91.3,56.69065475463867,400.0
2026-04-22T20:54:55.984124,97.6,56.79182815551758,400.0
2026-04-22T20:54:58.190036,95.5,56.741241455078125,400.0
2026-04-22T20:55:00.394257,96.1,56.741241455078125,400.0
2026-04-22T20:55:02.597030,97.9,56.741241455078125,400.0
2026-04-22T20:55:04.802270,97.0,56.893001556396484,400.0
2026-04-22T20:55:07.006373,97.9,56.994171142578125,400.0
2026-04-22T20:55:09.210589,97.7,57.04475784301758,400.0
2026-04-22T20:55:11.412244,94.0,57.09534454345703,400.0
2026-04-22T20:55:13.616455,93.6,57.145931243896484,400.0
2026-04-22T20:55:15.819398,86.2,57.19651794433594,400.0
2026-04-22T20:55:18.022336,93.7,57.3482780456543,400.0
2026-04-22T20:55:20.225000,97.0,57.398860931396484,400.0
2026-04-22T20:55:22.428742,97.7,57.3482780456543,400.0
2026-04-22T20:55:24.632231,91.0,57.50003433227539,400.0
2026-04-22T20:55:26.837632,96.8,57.6012077331543,400.0
2026-04-22T20:55:29.041960,88.6,57.752967834472656,400.0
2026-04-22T20:55:31.245297,97.9,57.8541374206543,400.0
2026-04-22T20:55:33.450037,97.3,58.005897521972656,400.0
2026-04-22T20:55:35.654602,97.5,58.005897521972656,400.0
2026-04-22T20:55:37.856923,97.6,58.005897521972656,400.0
2026-04-22T20:55:40.059673,96.8,58.005897521972656,400.0
2026-04-22T20:55:42.265397,97.7,58.2082405090332,400.0
2026-04-22T20:55:44.470927,91.2,58.258827209472656,400.0
2026-04-22T20:55:46.674053,97.5,58.258827209472656,400.0
2026-04-22T20:55:48.879431,94.2,58.258827209472656,400.0
2026-04-22T20:55:51.083627,95.4,58.46117401123047,400.0
2026-04-22T20:55:53.285259,97.2,58.56234359741211,400.0
2026-04-22T20:55:55.488779,97.4,58.61293029785156,400.0
2026-04-22T20:55:57.691833,98.1,58.61293029785156,400.0
2026-04-22T20:55:59.895435,97.1,58.71410369873047,400.0
2026-04-22T20:56:02.098817,98.0,58.663516998291016,400.0
2026-04-22T20:56:04.301707,95.2,58.71410369873047,400.0
2026-04-22T20:56:06.504910,96.7,58.815277099609375,400.0
2026-04-22T20:56:08.711758,97.0,59.01762008666992,400.0
2026-04-22T20:56:10.915001,97.7,59.11879348754883,400.0
2026-04-22T20:56:13.118763,96.5,59.068206787109375,400.0
2026-04-22T20:56:15.321760,89.4,59.27055358886719,400.0
2026-04-22T20:56:17.524433,97.9,59.27055358886719,400.0
2026-04-22T20:56:19.731865,91.3,59.27055358886719,400.0
2026-04-22T20:56:21.935389,97.5,59.37172317504883,400.0
2026-04-22T20:56:24.139222,97.5,59.32114028930664,400.0
2026-04-22T20:56:26.343840,98.1,59.472896575927734,400.0
2026-04-22T20:56:28.546517,97.6,59.42230987548828,400.0
2026-04-22T20:56:30.752050,97.5,59.472896575927734,400.0
2026-04-22T20:56:32.959239,97.3,59.57406997680664,400.0
2026-04-22T20:56:35.164399,93.6,59.52348327636719,400.0
2026-04-22T20:56:37.366196,97.8,59.624656677246094,400.0
2026-04-22T20:56:39.569002,97.2,59.725830078125,400.0
2026-04-22T20:56:41.771191,97.2,59.77641296386719,400.0
2026-04-22T20:56:43.976520,95.5,59.877586364746094,400.0
2026-04-22T20:56:46.178569,97.0,59.877586364746094,400.0
2026-04-22T20:56:48.380959,97.4,59.877586364746094,400.0
2026-04-22T20:56:50.593102,95.8,59.978759765625,400.0
2026-04-22T20:56:52.796112,97.4,60.02934646606445,400.0
2026-04-22T20:56:55.001235,93.5,60.13051986694336,400.0
2026-04-22T20:56:57.208319,97.5,60.231689453125,400.0
2026-04-22T20:56:59.410583,97.2,60.13051986694336,400.0
2026-04-22T20:57:01.615380,85.2,60.231689453125,400.0
2026-04-22T20:57:03.818883,96.2,60.18110275268555,400.0
2026-04-22T20:57:06.022220,92.8,60.28227615356445,400.0
2026-04-22T20:57:08.231378,97.5,60.28227615356445,400.0
2026-04-22T20:57:10.436460,96.2,60.28227615356445,400.0
2026-04-22T20:57:12.638839,97.7,60.38344955444336,400.0
2026-04-22T20:57:14.840414,96.9,60.38344955444336,400.0
2026-04-22T20:57:17.046131,97.8,60.231689453125,400.0
2026-04-22T20:57:19.249031,97.6,60.13051986694336,400.0
2026-04-22T20:57:21.452870,95.2,60.13051986694336,400.0
2026-04-22T20:57:23.655019,97.9,59.877586364746094,400.0
2026-04-22T20:57:25.857611,96.0,59.877586364746094,400.0
2026-04-22T20:57:28.063350,98.1,59.877586364746094,400.0
2026-04-22T20:57:30.266426,96.9,59.67524337768555,400.0
2026-04-22T20:57:32.473079,96.6,59.57406997680664,400.0
2026-04-22T20:57:34.674670,97.1,59.52348327636719,400.0
2026-04-22T20:57:36.878742,97.8,59.42230987548828,400.0
2026-04-22T20:57:39.080720,97.3,59.42230987548828,400.0
2026-04-22T20:57:41.283872,94.3,59.32114028930664,400.0
2026-04-22T20:57:43.487469,96.5,59.32114028930664,400.0
2026-04-22T20:57:45.689127,96.8,59.27055358886719,400.0
2026-04-22T20:57:47.892091,97.7,59.16938018798828,400.0
2026-04-22T20:57:50.097832,93.0,58.91645050048828,400.0
2026-04-22T20:57:52.300247,95.2,59.01762008666992,400.0
2026-04-22T20:57:54.501920,94.0,58.91645050048828,400.0
2026-04-22T20:57:56.703976,96.9,58.91645050048828,400.0
2026-04-22T20:57:58.906499,97.3,59.01762008666992,400.0
2026-04-22T20:58:01.111907,97.4,58.815277099609375,400.0
2026-04-22T20:58:03.317332,97.8,58.76469039916992,400.0
2026-04-22T20:58:05.520515,95.3,58.56234359741211,400.0
2026-04-22T20:58:07.726807,92.8,58.56234359741211,400.0
2026-04-22T20:58:09.931335,94.8,58.410587310791016,400.0
2026-04-22T20:58:12.136777,91.9,58.46117401123047,400.0
2026-04-22T20:58:14.340434,96.9,58.30941390991211,400.0
2026-04-22T20:58:16.546602,97.3,58.258827209472656,400.0
2026-04-22T20:58:18.749797,96.4,58.10707092285156,400.0
2026-04-22T20:58:20.952248,97.5,58.005897521972656,400.0
2026-04-22T20:58:23.156417,92.6,57.9553108215332,400.0
2026-04-22T20:58:25.365288,97.2,58.157657623291016,400.0
2026-04-22T20:58:27.572714,95.1,58.005897521972656,400.0
2026-04-22T20:58:29.775706,97.4,58.005897521972656,400.0
2026-04-22T20:58:31.978467,93.9,58.05648422241211,400.0
2026-04-22T20:58:34.180985,96.8,57.90472412109375,400.0
2026-04-22T20:58:36.384853,97.7,57.9553108215332,400.0
2026-04-22T20:58:38.591754,93.5,57.9553108215332,400.0
2026-04-22T20:58:40.796682,97.8,57.803550720214844,400.0
2026-04-22T20:58:43.001004,92.5,57.752967834472656,400.0
2026-04-22T20:58:45.202765,96.6,57.65179443359375,400.0
2026-04-22T20:58:47.404646,94.9,57.65179443359375,400.0
2026-04-22T20:58:49.609448,96.7,57.6012077331543,400.0
2026-04-22T20:58:51.812423,97.2,57.50003433227539,400.0
2026-04-22T20:58:54.017622,97.1,57.550621032714844,400.0
2026-04-22T20:58:56.221956,97.2,57.398860931396484,400.0
2026-04-22T20:58:58.423794,90.2,57.550621032714844,400.0
2026-04-22T20:59:00.626597,97.0,57.44944763183594,400.0
2026-04-22T20:59:02.833352,97.3,57.3482780456543,400.0
2026-04-22T20:59:05.036447,96.5,57.44944763183594,400.0
2026-04-22T20:59:07.239750,97.9,57.398860931396484,400.0
2026-04-22T20:59:09.442639,98.1,57.398860931396484,400.0
2026-04-22T20:59:11.644729,95.7,57.297691345214844,400.0
2026-04-22T20:59:13.849013,94.8,57.19651794433594,400.0
2026-04-22T20:59:16.051632,96.0,57.145931243896484,400.0
2026-04-22T20:59:18.253804,95.2,57.24710464477539,400.0
2026-04-22T20:59:20.457839,96.3,57.145931243896484,400.0
2026-04-22T20:59:22.662879,97.3,57.09534454345703,400.0
2026-04-22T20:59:24.864933,95.4,56.994171142578125,400.0
2026-04-22T20:59:27.069143,97.5,56.94358825683594,400.0
2026-04-22T20:59:29.271844,95.6,56.994171142578125,400.0
2026-04-22T20:59:31.475406,94.1,56.994171142578125,400.0
2026-04-22T20:59:33.682894,95.2,56.893001556396484,400.0
2026-04-22T20:59:35.886961,93.3,56.994171142578125,400.0
2026-04-22T20:59:38.089379,96.0,56.893001556396484,400.0
2026-04-22T20:59:40.295364,96.9,56.94358825683594,400.0
2026-04-22T20:59:42.497745,96.9,56.79182815551758,400.0
2026-04-22T20:59:44.700784,88.4,56.69065475463867,400.0
2026-04-22T20:59:46.908036,97.1,56.741241455078125,400.0
2026-04-22T20:59:49.111384,91.8,56.741241455078125,400.0
2026-04-22T20:59:51.314418,97.6,56.79182815551758,400.0
2026-04-22T20:59:53.517778,97.1,56.741241455078125,400.0
2026-04-22T20:59:55.723658,96.4,56.69065475463867,400.0
2026-04-22T20:59:57.926579,97.0,56.69065475463867,400.0
2026-04-22T21:00:00.131423,98.0,56.79182815551758,400.0
2026-04-22T21:00:02.336050,97.8,56.94358825683594,400.0
2026-04-22T21:00:04.547776,95.3,56.994171142578125,400.0
2026-04-22T21:00:06.755403,98.0,57.09534454345703,400.0
2026-04-22T21:00:08.957053,96.8,57.145931243896484,400.0
2026-04-22T21:00:11.161359,97.7,57.297691345214844,400.0
2026-04-22T21:00:13.365265,98.0,57.24710464477539,400.0
2026-04-22T21:00:15.567578,97.9,57.50003433227539,400.0
2026-04-22T21:00:17.769546,97.8,57.44944763183594,400.0
2026-04-22T21:00:19.972538,95.7,57.50003433227539,400.0
2026-04-22T21:00:22.177596,96.0,57.65179443359375,400.0
2026-04-22T21:00:24.383434,95.7,57.65179443359375,400.0
2026-04-22T21:00:26.587372,96.8,57.752967834472656,400.0
2026-04-22T21:00:28.792522,97.6,57.803550720214844,400.0
2026-04-22T21:00:30.995643,90.4,57.8541374206543,400.0
2026-04-22T21:00:33.198988,97.0,58.005897521972656,400.0
2026-04-22T21:00:35.402396,92.0,57.9553108215332,400.0
2026-04-22T21:00:37.606871,96.7,58.10707092285156,400.0
2026-04-22T21:00:39.811176,97.1,58.10707092285156,400.0
2026-04-22T21:00:42.014516,97.4,58.2082405090332,400.0
2026-04-22T21:00:44.216173,97.1,58.2082405090332,400.0
2026-04-22T21:00:46.417968,97.5,58.258827209472656,400.0
2026-04-22T21:00:48.620165,97.2,58.30941390991211,400.0
2026-04-22T21:00:50.824708,88.7,58.36000061035156,400.0
2026-04-22T21:00:53.028564,97.1,58.46117401123047,400.0
2026-04-22T21:00:55.232254,95.5,58.410587310791016,400.0
2026-04-22T21:00:57.433962,96.5,58.61293029785156,400.0
2026-04-22T21:00:59.638014,97.9,58.61293029785156,400.0
2026-04-22T21:01:01.843280,89.4,58.71410369873047,400.0
2026-04-22T21:01:04.045255,97.7,58.663516998291016,400.0
2026-04-22T21:01:06.247009,96.2,58.86586380004883,400.0
2026-04-22T21:01:08.451158,96.0,58.663516998291016,400.0
2026-04-22T21:01:10.654285,95.8,58.815277099609375,400.0
2026-04-22T21:01:12.857199,97.5,58.91645050048828,400.0
2026-04-22T21:01:15.060573,97.9,59.01762008666992,400.0
2026-04-22T21:01:17.265004,97.2,58.96703338623047,400.0
2026-04-22T21:01:19.468873,96.1,59.01762008666992,400.0
2026-04-22T21:01:21.673839,93.2,59.068206787109375,400.0
2026-04-22T21:01:23.875820,97.4,59.16938018798828,400.0
2026-04-22T21:01:26.082870,96.5,59.16938018798828,400.0
2026-04-22T21:01:28.292116,97.1,59.32114028930664,400.0
2026-04-22T21:01:30.497861,90.9,59.42230987548828,400.0
2026-04-22T21:01:32.701822,91.2,59.37172317504883,400.0
2026-04-22T21:01:34.906309,98.0,59.472896575927734,400.0
2026-04-22T21:01:37.108610,96.4,59.624656677246094,400.0
2026-04-22T21:01:39.313795,97.2,59.624656677246094,400.0
2026-04-22T21:01:41.517896,97.7,59.624656677246094,400.0
2026-04-22T21:01:43.726083,96.9,59.624656677246094,400.0
2026-04-22T21:01:45.929171,95.8,59.725830078125,400.0
2026-04-22T21:01:48.134188,94.5,59.67524337768555,400.0
2026-04-22T21:01:50.339100,94.1,59.725830078125,400.0
2026-04-22T21:01:52.544296,93.5,59.77641296386719,400.0
2026-04-22T21:01:54.747352,97.8,59.82699966430664,400.0
2026-04-22T21:01:56.950541,97.5,59.82699966430664,400.0
2026-04-22T21:01:59.155568,96.3,59.877586364746094,400.0
2026-04-22T21:02:01.362125,97.3,59.82699966430664,400.0
2026-04-22T21:02:03.566898,97.2,60.02934646606445,400.0
2026-04-22T21:02:05.772487,97.1,60.079933166503906,400.0
2026-04-22T21:02:07.974667,96.2,60.13051986694336,400.0
2026-04-22T21:02:10.180046,97.7,60.079933166503906,400.0
2026-04-22T21:02:12.383306,95.6,59.978759765625,400.0
2026-04-22T21:02:14.586807,95.2,59.877586364746094,400.0
2026-04-22T21:02:16.789974,96.5,59.624656677246094,400.0
2026-04-22T21:02:18.995430,89.8,59.77641296386719,400.0
2026-04-22T21:02:21.199609,97.5,59.67524337768555,400.0
2026-04-22T21:02:23.404143,95.6,59.52348327636719,400.0
2026-04-22T21:02:25.606564,97.8,59.42230987548828,400.0
2026-04-22T21:02:27.811430,97.0,59.52348327636719,400.0
2026-04-22T21:02:30.013189,97.5,59.32114028930664,400.0
2026-04-22T21:02:32.215472,97.4,59.219966888427734,400.0
2026-04-22T21:02:34.420086,96.7,59.16938018798828,400.0
2026-04-22T21:02:36.623684,97.7,59.068206787109375,400.0
2026-04-22T21:02:38.833336,92.8,58.91645050048828,400.0
2026-04-22T21:02:41.038660,91.4,58.86586380004883,400.0
2026-04-22T21:02:43.245042,91.9,58.56234359741211,400.0
2026-04-22T21:02:45.449301,96.9,58.815277099609375,400.0
2026-04-22T21:02:47.651600,97.6,58.663516998291016,400.0
2026-04-22T21:02:49.857634,96.1,58.51176071166992,400.0
2026-04-22T21:02:52.062823,97.6,58.46117401123047,400.0
2026-04-22T21:02:54.266198,92.3,58.56234359741211,400.0
2026-04-22T21:02:56.471209,97.8,58.56234359741211,400.0
2026-04-22T21:02:58.674704,96.2,58.46117401123047,400.0
2026-04-22T21:03:00.878704,97.8,58.56234359741211,400.0
2026-04-22T21:03:03.082740,97.5,58.410587310791016,400.0
2026-04-22T21:03:05.291520,97.6,58.36000061035156,400.0
2026-04-22T21:03:07.496117,97.3,58.36000061035156,400.0
2026-04-22T21:03:09.703392,92.5,58.30941390991211,400.0
2026-04-22T21:03:11.906675,97.4,58.2082405090332,400.0
2026-04-22T21:03:14.110543,97.7,57.9553108215332,400.0
2026-04-22T21:03:16.312273,97.4,57.8541374206543,400.0
2026-04-22T21:03:18.516083,96.7,57.803550720214844,400.0
2026-04-22T21:03:20.719655,90.7,57.90472412109375,400.0
2026-04-22T21:03:22.922778,96.7,57.803550720214844,400.0
2026-04-22T21:03:25.130324,89.8,57.7023811340332,400.0
2026-04-22T21:03:27.334929,97.6,57.803550720214844,400.0
2026-04-22T21:03:29.545529,89.8,57.7023811340332,400.0
2026-04-22T21:03:31.748678,97.5,57.65179443359375,400.0
2026-04-22T21:03:33.951510,97.8,57.65179443359375,400.0
2026-04-22T21:03:36.155889,97.2,57.7023811340332,400.0
2026-04-22T21:03:38.359696,97.5,57.44944763183594,400.0
2026-04-22T21:03:40.562133,96.5,57.6012077331543,400.0
2026-04-22T21:03:42.764378,97.8,57.44944763183594,400.0
2026-04-22T21:03:44.968049,95.3,57.50003433227539,400.0
2026-04-22T21:03:47.171874,97.8,57.50003433227539,400.0
2026-04-22T21:03:49.373990,95.0,57.398860931396484,400.0
2026-04-22T21:03:51.576902,97.0,57.398860931396484,400.0
2026-04-22T21:03:53.782912,97.9,57.3482780456543,400.0
2026-04-22T21:03:55.986028,94.6,57.3482780456543,400.0
2026-04-22T21:03:58.188623,97.2,57.297691345214844,400.0
2026-04-22T21:04:00.390783,91.9,57.19651794433594,400.0
2026-04-22T21:04:02.595517,97.9,57.145931243896484,400.0
2026-04-22T21:04:04.799960,96.3,57.09534454345703,400.0
2026-04-22T21:04:07.003205,92.3,56.994171142578125,400.0
2026-04-22T21:04:09.206121,97.8,57.04475784301758,400.0
2026-04-22T21:04:11.407943,97.3,57.04475784301758,400.0
2026-04-22T21:04:13.610699,97.9,56.79182815551758,400.0
2026-04-22T21:04:15.819239,89.3,56.893001556396484,400.0
2026-04-22T21:04:18.022230,98.0,56.84241485595703,400.0
2026-04-22T21:04:20.225261,97.2,56.94358825683594,400.0
2026-04-22T21:04:22.429776,94.0,56.84241485595703,400.0
2026-04-22T21:04:24.633129,97.1,56.79182815551758,400.0
2026-04-22T21:04:26.834720,92.7,56.79182815551758,400.0
2026-04-22T21:04:29.036911,97.7,56.79182815551758,400.0
2026-04-22T21:04:31.240216,94.9,56.84241485595703,400.0
2026-04-22T21:04:33.445902,97.9,56.69065475463867,400.0
2026-04-22T21:04:35.648301,90.1,56.69065475463867,400.0
2026-04-22T21:04:37.850023,97.9,56.69065475463867,400.0
2026-04-22T21:04:40.051857,97.4,56.589481353759766,400.0
2026-04-22T21:04:42.257688,95.4,56.589481353759766,400.0
2026-04-22T21:04:44.462201,95.8,56.43772506713867,400.0
2026-04-22T21:04:46.668285,90.1,56.53889846801758,400.0
2026-04-22T21:04:48.874135,97.8,56.589481353759766,400.0
2026-04-22T21:04:51.077420,97.2,56.488311767578125,400.0
2026-04-22T21:04:53.284229,97.4,56.589481353759766,400.0
2026-04-22T21:04:55.487097,96.1,56.64006805419922,400.0
2026-04-22T21:04:57.690013,97.7,56.79182815551758,400.0
2026-04-22T21:04:59.892170,97.3,56.84241485595703,400.0
2026-04-22T21:05:02.097008,94.4,56.94358825683594,400.0
2026-04-22T21:05:04.301101,97.5,57.04475784301758,400.0
2026-04-22T21:05:06.504440,94.5,57.09534454345703,400.0
2026-04-22T21:05:08.710123,97.0,57.24710464477539,400.0
2026-04-22T21:05:10.912220,97.0,57.19651794433594,400.0
2026-04-22T21:05:13.115613,95.2,57.398860931396484,400.0
2026-04-22T21:05:15.322441,97.0,57.50003433227539,400.0
2026-04-22T21:05:17.527611,97.1,57.65179443359375,400.0
2026-04-22T21:05:19.732146,96.8,57.752967834472656,400.0
2026-04-22T21:05:21.936726,87.5,57.803550720214844,400.0
2026-04-22T21:05:24.139303,97.8,57.65179443359375,400.0
2026-04-22T21:05:26.343459,95.9,58.005897521972656,400.0
2026-04-22T21:05:28.547446,98.0,57.8541374206543,400.0
2026-04-22T21:05:30.755162,93.0,57.90472412109375,400.0
2026-04-22T21:05:32.957089,96.0,57.9553108215332,400.0
2026-04-22T21:05:35.162945,97.1,58.10707092285156,400.0
2026-04-22T21:05:37.372734,96.6,58.2082405090332,400.0
2026-04-22T21:05:39.576902,97.6,58.10707092285156,400.0
2026-04-22T21:05:41.780892,98.0,58.05648422241211,400.0
2026-04-22T21:05:43.983626,97.6,58.10707092285156,400.0
2026-04-22T21:05:46.188012,97.8,58.410587310791016,400.0
2026-04-22T21:05:48.389896,95.4,58.51176071166992,400.0
2026-04-22T21:05:50.604812,92.1,58.46117401123047,400.0
2026-04-22T21:05:52.807915,89.9,58.56234359741211,400.0
2026-04-22T21:05:55.010903,97.9,58.51176071166992,400.0
2026-04-22T21:05:57.216469,94.4,58.56234359741211,400.0
2026-04-22T21:05:59.418496,97.8,58.76469039916992,400.0
2026-04-22T21:06:01.622082,97.0,58.76469039916992,400.0
2026-04-22T21:06:03.823994,97.8,58.91645050048828,400.0
2026-04-22T21:06:06.026982,96.7,59.01762008666992,400.0
2026-04-22T21:06:08.239272,95.6,58.815277099609375,400.0
2026-04-22T21:06:10.440960,96.5,59.01762008666992,400.0
2026-04-22T21:06:12.643584,95.9,59.068206787109375,400.0
2026-04-22T21:06:14.845707,97.9,59.219966888427734,400.0
2026-04-22T21:06:17.049008,98.1,59.27055358886719,400.0
2026-04-22T21:06:19.251613,97.9,59.27055358886719,400.0
2026-04-22T21:06:21.454581,93.8,59.37172317504883,400.0
2026-04-22T21:06:23.658018,96.2,59.42230987548828,400.0
2026-04-22T21:06:25.861763,97.6,59.42230987548828,400.0
2026-04-22T21:06:28.065371,92.5,59.472896575927734,400.0
2026-04-22T21:06:30.268461,97.5,59.42230987548828,400.0
2026-04-22T21:06:32.471262,98.0,59.42230987548828,400.0
2026-04-22T21:06:34.674661,98.0,59.57406997680664,400.0
2026-04-22T21:06:36.877865,95.6,59.52348327636719,400.0
2026-04-22T21:06:39.083323,90.5,59.52348327636719,400.0
2026-04-22T21:06:41.285031,96.7,59.624656677246094,400.0
2026-04-22T21:06:43.488725,96.6,59.624656677246094,400.0
2026-04-22T21:06:45.694659,97.7,59.624656677246094,400.0
2026-04-22T21:06:47.898758,98.0,59.725830078125,400.0
2026-04-22T21:06:50.102899,97.3,59.725830078125,400.0
2026-04-22T21:06:52.305151,97.9,59.52348327636719,400.0
2026-04-22T21:06:54.510211,94.9,59.57406997680664,400.0
2026-04-22T21:06:56.716552,97.5,59.472896575927734,400.0
2026-04-22T21:06:58.921776,89.4,59.32114028930664,400.0
2026-04-22T21:07:01.125187,97.4,59.27055358886719,400.0
2026-04-22T21:07:03.327870,98.1,59.11879348754883,400.0
2026-04-22T21:07:05.532613,97.3,59.11879348754883,400.0
2026-04-22T21:07:07.737361,96.6,59.068206787109375,400.0
2026-04-22T21:07:09.943638,97.0,58.91645050048828,400.0
2026-04-22T21:07:12.147572,97.3,58.96703338623047,400.0
2026-04-22T21:07:14.354143,95.0,58.96703338623047,400.0
2026-04-22T21:07:16.557492,97.9,58.815277099609375,400.0
2026-04-22T21:07:18.762248,96.4,58.663516998291016,400.0
2026-04-22T21:07:20.968834,96.0,58.663516998291016,400.0
2026-04-22T21:07:23.172668,97.1,58.56234359741211,400.0
2026-04-22T21:07:25.378038,92.3,58.51176071166992,400.0
2026-04-22T21:07:27.583003,97.5,58.51176071166992,400.0
2026-04-22T21:07:29.789671,97.3,58.410587310791016,400.0
2026-04-22T21:07:31.995179,97.7,58.36000061035156,400.0
2026-04-22T21:07:34.199498,97.0,58.46117401123047,400.0
2026-04-22T21:07:36.401514,91.3,58.10707092285156,400.0
2026-04-22T21:07:38.605122,97.3,58.2082405090332,400.0
2026-04-22T21:07:40.811299,94.9,58.10707092285156,400.0
2026-04-22T21:07:43.013644,96.8,58.2082405090332,400.0
2026-04-22T21:07:45.216656,97.9,58.005897521972656,400.0
2026-04-22T21:07:47.421626,97.1,57.9553108215332,400.0
2026-04-22T21:07:49.625458,97.1,57.8541374206543,400.0
2026-04-22T21:07:51.830289,97.3,57.803550720214844,400.0
2026-04-22T21:07:54.032161,97.4,57.803550720214844,400.0
2026-04-22T21:07:56.238160,94.1,57.8541374206543,400.0
2026-04-22T21:07:58.441794,95.5,57.752967834472656,400.0
2026-04-22T21:08:00.649105,90.7,57.752967834472656,400.0
2026-04-22T21:08:02.850974,95.6,57.65179443359375,400.0
2026-04-22T21:08:05.054838,97.4,57.6012077331543,400.0
2026-04-22T21:08:07.258599,91.5,57.65179443359375,400.0
2026-04-22T21:08:09.463221,97.8,57.6012077331543,400.0
2026-04-22T21:08:11.665538,93.1,57.6012077331543,400.0
2026-04-22T21:08:13.870403,97.3,57.6012077331543,400.0
2026-04-22T21:08:16.074103,95.8,57.3482780456543,400.0
2026-04-22T21:08:18.280710,96.3,57.24710464477539,400.0
2026-04-22T21:08:20.484404,97.8,57.24710464477539,400.0
2026-04-22T21:08:22.687653,97.3,57.297691345214844,400.0
2026-04-22T21:08:24.892776,97.3,57.19651794433594,400.0
2026-04-22T21:08:27.102028,91.3,57.145931243896484,400.0
2026-04-22T21:08:29.304736,97.8,57.19651794433594,400.0
2026-04-22T21:08:31.511862,96.9,57.19651794433594,400.0
2026-04-22T21:08:33.714997,96.3,57.09534454345703,400.0
2026-04-22T21:08:35.919755,94.8,56.994171142578125,400.0
2026-04-22T21:08:38.124860,92.7,57.145931243896484,400.0
2026-04-22T21:08:40.328436,97.3,56.94358825683594,400.0
2026-04-22T21:08:42.532080,93.6,56.994171142578125,400.0
2026-04-22T21:08:44.734581,97.6,57.09534454345703,400.0
2026-04-22T21:08:46.937638,95.5,57.04475784301758,400.0
2026-04-22T21:08:49.142667,97.4,56.94358825683594,400.0
2026-04-22T21:08:51.346170,97.1,56.893001556396484,400.0
2026-04-22T21:08:53.549224,92.3,56.893001556396484,400.0
2026-04-22T21:08:55.755332,97.6,56.79182815551758,400.0
2026-04-22T21:08:57.959287,89.4,56.893001556396484,400.0
2026-04-22T21:09:00.165331,95.7,56.84241485595703,400.0
2026-04-22T21:09:02.368421,96.6,56.79182815551758,400.0
2026-04-22T21:09:04.572072,97.1,56.79182815551758,400.0
2026-04-22T21:09:06.775419,97.8,56.69065475463867,400.0
2026-04-22T21:09:08.979829,97.3,56.741241455078125,400.0
2026-04-22T21:09:11.182152,98.0,56.741241455078125,400.0
2026-04-22T21:09:13.388937,94.2,56.741241455078125,400.0
2026-04-22T21:09:15.597658,96.2,56.741241455078125,400.0
2026-04-22T21:09:17.802290,95.0,56.79182815551758,400.0
2026-04-22T21:09:20.005002,93.7,56.893001556396484,400.0
2026-04-22T21:09:22.207134,98.1,57.04475784301758,400.0
2026-04-22T21:09:24.417713,96.7,57.145931243896484,400.0
2026-04-22T21:09:26.621674,96.8,57.09534454345703,400.0
2026-04-22T21:09:28.826563,96.6,57.19651794433594,400.0
2026-04-22T21:09:31.031815,97.7,57.297691345214844,400.0
2026-04-22T21:09:33.235159,96.0,57.398860931396484,400.0
2026-04-22T21:09:35.439809,91.7,57.398860931396484,400.0
2026-04-22T21:09:37.648960,97.2,57.50003433227539,400.0
2026-04-22T21:09:39.854983,97.8,57.6012077331543,400.0
2026-04-22T21:09:42.057305,97.2,57.6012077331543,400.0
2026-04-22T21:09:44.259304,93.4,57.8541374206543,400.0
2026-04-22T21:09:46.462321,97.5,57.90472412109375,400.0
2026-04-22T21:09:48.664412,97.0,57.9553108215332,400.0
2026-04-22T21:09:50.867585,97.7,57.9553108215332,400.0
2026-04-22T21:09:53.074003,96.6,57.9553108215332,400.0
2026-04-22T21:09:55.275577,95.4,58.157657623291016,400.0
2026-04-22T21:09:57.477874,97.2,58.10707092285156,400.0
2026-04-22T21:09:59.683358,89.3,58.157657623291016,400.0
2026-04-22T21:10:01.885493,97.2,58.30941390991211,400.0
2026-04-22T21:10:04.090490,93.2,58.36000061035156,400.0
2026-04-22T21:10:06.292916,97.0,58.36000061035156,400.0
2026-04-22T21:10:08.497636,97.9,58.46117401123047,400.0
2026-04-22T21:10:10.701216,97.7,58.51176071166992,400.0
2026-04-22T21:10:12.903179,97.1,58.51176071166992,400.0
2026-04-22T21:10:15.107221,95.2,58.663516998291016,400.0
2026-04-22T21:10:17.311614,98.0,58.76469039916992,400.0
2026-04-22T21:10:19.515995,96.8,58.71410369873047,400.0
2026-04-22T21:10:21.719696,97.4,58.71410369873047,400.0
2026-04-22T21:10:23.922786,94.4,58.663516998291016,400.0
2026-04-22T21:10:26.126159,93.9,58.91645050048828,400.0
2026-04-22T21:10:28.330780,97.1,58.815277099609375,400.0
2026-04-22T21:10:30.536243,91.9,58.86586380004883,400.0
2026-04-22T21:10:32.738305,96.7,58.86586380004883,400.0
2026-04-22T21:10:34.940575,95.2,59.01762008666992,400.0
2026-04-22T21:10:37.143486,98.1,59.11879348754883,400.0
2026-04-22T21:10:39.348446,96.0,59.068206787109375,400.0
2026-04-22T21:10:41.556109,96.5,59.219966888427734,400.0
2026-04-22T21:10:43.760675,97.0,59.219966888427734,400.0
2026-04-22T21:10:45.965825,95.1,59.219966888427734,400.0
2026-04-22T21:10:48.169139,97.7,59.219966888427734,400.0
2026-04-22T21:10:50.372292,90.5,59.42230987548828,400.0
2026-04-22T21:10:52.575007,97.7,59.472896575927734,400.0
2026-04-22T21:10:54.778252,97.2,59.472896575927734,400.0
2026-04-22T21:10:56.980153,96.7,59.52348327636719,400.0
2026-04-22T21:10:59.190267,98.0,59.37172317504883,400.0
2026-04-22T21:11:01.396069,96.1,59.472896575927734,400.0
2026-04-22T21:11:03.606259,97.8,59.32114028930664,400.0
2026-04-22T21:11:05.814460,89.9,59.42230987548828,400.0
2026-04-22T21:11:08.019925,97.0,59.472896575927734,400.0
2026-04-22T21:11:10.230251,85.3,59.27055358886719,400.0
2026-04-22T21:11:12.434157,96.2,59.472896575927734,400.0
2026-04-22T21:11:14.639547,97.5,59.52348327636719,400.0
2026-04-22T21:11:16.843245,97.2,59.52348327636719,400.0
2026-04-22T21:11:19.047343,97.7,59.52348327636719,400.0
2026-04-22T21:11:21.249976,92.7,59.624656677246094,400.0
2026-04-22T21:11:23.453389,97.3,59.725830078125,400.0
2026-04-22T21:11:25.661813,93.6,59.624656677246094,400.0
2026-04-22T21:11:27.866500,97.7,59.67524337768555,400.0
2026-04-22T21:11:30.072885,97.8,59.624656677246094,400.0
2026-04-22T21:11:32.278535,97.2,59.57406997680664,400.0
2026-04-22T21:11:34.481583,97.0,59.472896575927734,400.0
2026-04-22T21:11:36.685003,91.8,59.472896575927734,400.0
2026-04-22T21:11:38.888963,97.6,59.32114028930664,400.0
2026-04-22T21:11:41.096473,92.7,59.16938018798828,400.0
2026-04-22T21:11:43.304464,97.2,59.068206787109375,400.0
2026-04-22T21:11:45.508399,95.6,59.11879348754883,400.0
2026-04-22T21:11:47.710035,97.8,59.11879348754883,400.0
2026-04-22T21:11:49.915458,96.8,58.91645050048828,400.0
2026-04-22T21:11:52.120764,97.8,59.01762008666992,400.0
2026-04-22T21:11:54.324553,97.7,58.91645050048828,400.0
2026-04-22T21:11:56.532386,94.9,58.86586380004883,400.0
2026-04-22T21:11:58.735930,97.2,58.71410369873047,400.0
2026-04-22T21:12:00.939457,98.0,58.51176071166992,400.0
2026-04-22T21:12:03.143224,97.5,58.663516998291016,400.0
2026-04-22T21:12:05.346038,96.8,58.36000061035156,400.0
2026-04-22T21:12:07.550051,92.5,58.36000061035156,400.0
2026-04-22T21:12:09.754886,96.8,58.258827209472656,400.0
2026-04-22T21:12:11.961859,96.5,58.258827209472656,400.0
2026-04-22T21:12:14.166285,98.0,58.157657623291016,400.0
2026-04-22T21:12:16.370902,96.6,58.2082405090332,400.0
2026-04-22T21:12:18.575142,97.1,58.10707092285156,400.0
2026-04-22T21:12:20.786999,94.2,58.157657623291016,400.0
2026-04-22T21:12:22.990264,96.0,58.005897521972656,400.0
2026-04-22T21:12:25.194260,98.0,57.9553108215332,400.0
2026-04-22T21:12:27.401565,95.4,57.9553108215332,400.0
2026-04-22T21:12:29.605105,97.1,57.9553108215332,400.0
2026-04-22T21:12:31.808407,97.6,57.752967834472656,400.0
2026-04-22T21:12:34.012119,97.8,57.803550720214844,400.0
2026-04-22T21:12:36.218209,96.9,57.6012077331543,400.0
2026-04-22T21:12:38.425005,97.5,57.550621032714844,400.0
2026-04-22T21:12:40.628630,86.6,57.50003433227539,400.0
2026-04-22T21:12:42.831388,90.0,57.50003433227539,400.0
2026-04-22T21:12:45.035164,97.7,57.44944763183594,400.0
2026-04-22T21:12:47.243366,95.2,57.50003433227539,400.0
2026-04-22T21:12:49.446787,97.2,57.550621032714844,400.0
2026-04-22T21:12:51.651504,97.9,57.398860931396484,400.0
2026-04-22T21:12:53.854447,97.7,57.398860931396484,400.0
2026-04-22T21:12:56.057700,97.1,57.24710464477539,400.0
2026-04-22T21:12:58.260688,96.2,57.398860931396484,400.0
2026-04-22T21:13:00.462997,97.5,57.297691345214844,400.0
2026-04-22T21:13:02.669110,94.1,57.24710464477539,400.0
2026-04-22T21:13:04.873009,97.6,57.19651794433594,400.0
2026-04-22T21:13:07.077920,96.1,57.04475784301758,400.0
2026-04-22T21:13:09.283005,97.2,57.145931243896484,400.0
2026-04-22T21:13:11.487194,97.1,57.04475784301758,400.0
2026-04-22T21:13:13.691191,97.6,57.04475784301758,400.0
2026-04-22T21:13:15.894717,97.5,56.994171142578125,400.0
2026-04-22T21:13:18.099608,97.6,56.994171142578125,400.0
2026-04-22T21:13:20.303641,97.6,56.994171142578125,400.0
2026-04-22T21:13:22.506674,96.2,56.94358825683594,400.0
2026-04-22T21:13:24.711792,98.0,56.94358825683594,400.0
2026-04-22T21:13:26.914830,95.7,56.64006805419922,400.0
2026-04-22T21:13:29.117167,89.6,56.79182815551758,400.0
2026-04-22T21:13:31.323065,97.4,56.84241485595703,400.0
2026-04-22T21:13:33.525191,97.5,56.64006805419922,400.0
2026-04-22T21:13:35.734592,93.2,56.741241455078125,400.0
2026-04-22T21:13:37.937191,97.5,56.589481353759766,400.0
2026-04-22T21:13:40.139778,97.7,56.69065475463867,400.0
2026-04-22T21:13:42.341608,96.9,56.53889846801758,400.0
2026-04-22T21:13:44.547985,89.5,56.64006805419922,400.0
2026-04-22T21:13:46.753876,97.1,56.53889846801758,400.0
2026-04-22T21:13:48.961021,97.4,56.64006805419922,400.0
2026-04-22T21:13:51.164912,97.7,56.69065475463867,400.0
2026-04-22T21:13:53.366745,97.8,56.84241485595703,400.0
2026-04-22T21:13:55.569312,93.1,56.893001556396484,400.0
2026-04-22T21:13:57.772832,96.6,56.893001556396484,400.0
2026-04-22T21:13:59.975480,93.8,57.04475784301758,400.0
2026-04-22T21:14:02.179882,97.1,57.145931243896484,400.0
2026-04-22T21:14:04.383358,96.1,57.19651794433594,400.0
2026-04-22T21:14:06.585153,97.6,57.297691345214844,400.0
2026-04-22T21:14:08.789710,95.9,57.04475784301758,400.0
2026-04-22T21:14:10.992040,84.4,57.297691345214844,400.0
2026-04-22T21:14:13.196116,97.1,57.398860931396484,400.0
2026-04-22T21:14:15.402331,95.9,57.50003433227539,400.0
2026-04-22T21:14:17.604123,96.6,57.65179443359375,400.0
2026-04-22T21:14:19.807293,97.1,57.6012077331543,400.0
2026-04-22T21:14:22.009261,97.2,57.65179443359375,400.0
2026-04-22T21:14:24.213009,97.8,57.65179443359375,400.0
2026-04-22T21:14:26.415503,96.5,57.752967834472656,400.0
2026-04-22T21:14:28.618615,97.6,57.803550720214844,400.0
2026-04-22T21:14:30.822105,93.8,57.90472412109375,400.0
2026-04-22T21:14:33.024319,96.7,57.90472412109375,400.0
2026-04-22T21:14:35.227902,92.0,57.9553108215332,400.0
2026-04-22T21:14:37.430499,97.4,58.005897521972656,400.0
2026-04-22T21:14:39.633533,96.7,58.005897521972656,400.0
2026-04-22T21:14:41.838562,97.6,58.258827209472656,400.0
2026-04-22T21:14:44.040939,97.5,58.36000061035156,400.0
2026-04-22T21:14:46.243215,98.1,58.30941390991211,400.0
2026-04-22T21:14:48.447513,98.0,58.36000061035156,400.0
2026-04-22T21:14:50.654427,91.6,58.36000061035156,400.0
2026-04-22T21:14:52.856511,97.8,58.46117401123047,400.0
2026-04-22T21:14:55.069040,96.8,58.46117401123047,400.0
2026-04-22T21:14:57.274394,97.8,58.410587310791016,400.0
2026-04-22T21:14:59.477541,97.5,58.61293029785156,400.0
2026-04-22T21:15:01.679977,97.9,58.56234359741211,400.0
2026-04-22T21:15:03.881984,96.7,58.663516998291016,400.0
2026-04-22T21:15:06.086045,92.6,58.76469039916992,400.0
2026-04-22T21:15:08.287921,97.9,58.61293029785156,400.0
2026-04-22T21:15:10.490104,94.6,58.815277099609375,400.0
2026-04-22T21:15:12.692768,95.8,58.86586380004883,400.0
2026-04-22T21:15:14.901016,95.9,58.91645050048828,400.0
2026-04-22T21:15:17.103255,96.0,59.068206787109375,400.0
2026-04-22T21:15:19.307815,97.6,59.01762008666992,400.0
2026-04-22T21:15:21.511183,92.1,59.01762008666992,400.0
2026-04-22T21:15:23.714463,96.6,59.11879348754883,400.0
2026-04-22T21:15:25.917011,97.6,59.11879348754883,400.0
2026-04-22T21:15:28.120204,96.9,59.219966888427734,400.0
2026-04-22T21:15:30.323412,97.0,59.068206787109375,400.0
2026-04-22T21:15:32.525638,97.4,59.219966888427734,400.0
2026-04-22T21:15:34.728758,96.3,58.86586380004883,400.0
2026-04-22T21:15:36.944979,93.2,58.96703338623047,400.0
2026-04-22T21:15:39.149021,97.9,58.815277099609375,400.0
2026-04-22T21:15:41.356382,95.4,58.86586380004883,400.0
2026-04-22T21:15:43.559538,97.4,58.46117401123047,400.0
2026-04-22T21:15:45.766044,93.1,58.815277099609375,400.0
2026-04-22T21:15:47.969522,97.3,58.71410369873047,400.0
2026-04-22T21:15:50.174148,98.0,58.663516998291016,400.0
2026-04-22T21:15:52.377050,96.6,58.51176071166992,400.0
2026-04-22T21:15:54.579872,96.5,58.56234359741211,400.0
2026-04-22T21:15:56.782669,94.8,58.258827209472656,400.0
2026-04-22T21:15:58.989006,97.1,58.30941390991211,400.0
2026-04-22T21:16:01.194718,96.0,58.30941390991211,400.0
2026-04-22T21:16:03.399070,96.7,58.258827209472656,400.0
2026-04-22T21:16:05.602603,97.9,58.157657623291016,400.0
2026-04-22T21:16:07.804250,95.3,58.10707092285156,400.0
2026-04-22T21:16:10.008036,95.5,58.258827209472656,400.0
2026-04-22T21:16:12.210621,97.0,58.05648422241211,400.0
2026-04-22T21:16:14.413753,97.2,58.005897521972656,400.0
2026-04-22T21:16:16.620699,97.4,57.9553108215332,400.0
2026-04-22T21:16:18.823659,93.7,57.8541374206543,400.0
2026-04-22T21:16:21.026182,98.0,57.7023811340332,400.0
2026-04-22T21:16:23.233306,89.8,57.7023811340332,400.0
2026-04-22T21:16:25.440924,96.9,57.6012077331543,400.0
2026-04-22T21:16:27.648776,95.7,57.550621032714844,400.0
2026-04-22T21:16:29.852993,93.1,57.550621032714844,400.0
2026-04-22T21:16:32.056870,97.9,57.50003433227539,400.0
2026-04-22T21:16:34.264920,97.6,57.50003433227539,400.0
2026-04-22T21:16:36.469831,97.8,57.398860931396484,400.0
2026-04-22T21:16:38.674842,97.7,57.44944763183594,400.0
2026-04-22T21:16:40.876885,97.3,57.3482780456543,400.0
2026-04-22T21:16:43.080601,95.0,57.19651794433594,400.0
2026-04-22T21:16:45.286320,97.0,57.19651794433594,400.0
2026-04-22T21:16:47.493018,97.4,57.04475784301758,400.0
2026-04-22T21:16:49.697037,97.1,57.09534454345703,400.0
2026-04-22T21:16:51.902127,97.0,56.994171142578125,400.0
2026-04-22T21:16:54.106868,94.2,56.994171142578125,400.0
2026-04-22T21:16:56.310432,97.6,56.994171142578125,400.0
2026-04-22T21:16:58.516169,93.8,56.994171142578125,400.0
2026-04-22T21:17:00.721546,97.3,56.893001556396484,400.0
2026-04-22T21:17:02.923705,97.5,56.84241485595703,400.0
2026-04-22T21:17:05.125452,96.9,56.84241485595703,400.0
2026-04-22T21:17:07.329363,97.6,56.69065475463867,400.0
2026-04-22T21:17:09.535424,97.9,56.84241485595703,400.0
2026-04-22T21:17:11.739849,97.9,56.53889846801758,400.0
2026-04-22T21:17:13.955415,86.5,56.64006805419922,400.0
2026-04-22T21:17:16.158747,95.8,56.589481353759766,400.0
2026-04-22T21:17:18.360704,95.4,56.589481353759766,400.0
2026-04-22T21:17:20.584067,97.5,56.53889846801758,400.0
2026-04-22T21:17:22.786236,97.7,56.38713836669922,400.0
2026-04-22T21:17:24.989082,93.7,56.64006805419922,400.0
2026-04-22T21:17:27.192535,96.9,56.64006805419922,400.0
2026-04-22T21:17:29.396243,95.1,56.589481353759766,400.0
2026-04-22T21:17:31.600405,96.7,56.741241455078125,400.0
2026-04-22T21:17:33.802790,96.5,56.69065475463867,400.0
2026-04-22T21:17:36.005549,91.3,56.84241485595703,400.0
2026-04-22T21:17:38.209511,98.1,56.893001556396484,400.0
2026-04-22T21:17:40.415168,97.4,56.94358825683594,400.0
2026-04-22T21:17:42.625888,96.7,56.84241485595703,400.0
2026-04-22T21:17:44.835768,90.5,56.994171142578125,400.0
2026-04-22T21:17:47.040469,95.9,57.145931243896484,400.0
2026-04-22T21:17:49.243606,95.9,57.145931243896484,400.0
2026-04-22T21:17:51.446337,97.2,57.24710464477539,400.0
2026-04-22T21:17:53.650478,98.0,57.24710464477539,400.0
2026-04-22T21:17:55.854283,97.4,57.3482780456543,400.0
2026-04-22T21:17:58.058360,96.1,57.44944763183594,400.0
2026-04-22T21:18:00.261941,94.1,57.398860931396484,400.0
2026-04-22T21:18:02.464745,97.1,57.6012077331543,400.0
2026-04-22T21:18:04.668565,90.8,57.65179443359375,400.0
2026-04-22T21:18:06.871382,96.4,57.752967834472656,400.0
2026-04-22T21:18:09.075443,97.5,57.752967834472656,400.0
2026-04-22T21:18:11.278706,93.9,57.90472412109375,400.0
2026-04-22T21:18:13.480482,97.0,57.90472412109375,400.0
2026-04-22T21:18:15.683514,96.6,58.005897521972656,400.0
2026-04-22T21:18:17.887725,98.0,58.258827209472656,400.0
2026-04-22T21:18:20.090869,91.6,58.157657623291016,400.0
2026-04-22T21:18:22.292554,97.7,58.10707092285156,400.0
2026-04-22T21:18:24.496662,95.9,58.157657623291016,400.0
2026-04-22T21:18:26.700948,97.1,58.2082405090332,400.0
2026-04-22T21:18:28.903720,96.6,58.30941390991211,400.0
2026-04-22T21:18:31.105575,97.3,58.36000061035156,400.0
2026-04-22T21:18:33.310345,97.3,58.30941390991211,400.0
2026-04-22T21:18:35.517962,96.6,58.51176071166992,400.0
2026-04-22T21:18:37.720770,97.5,58.410587310791016,400.0
2026-04-22T21:18:39.926016,96.9,58.51176071166992,400.0
2026-04-22T21:18:42.129725,97.6,58.46117401123047,400.0
2026-04-22T21:18:44.331864,97.2,58.46117401123047,400.0
2026-04-22T21:18:46.536435,96.7,58.56234359741211,400.0
2026-04-22T21:18:48.738096,97.3,58.663516998291016,400.0
2026-04-22T21:18:50.941695,93.8,58.76469039916992,400.0
2026-04-22T21:18:53.144921,98.0,58.86586380004883,400.0
2026-04-22T21:18:55.348286,97.5,58.815277099609375,400.0
2026-04-22T21:18:57.550300,96.8,58.96703338623047,400.0
2026-04-22T21:18:59.752260,97.1,58.76469039916992,400.0
2026-04-22T21:19:01.955269,97.6,58.76469039916992,400.0
2026-04-22T21:19:04.157724,97.4,58.56234359741211,400.0
2026-04-22T21:19:06.369432,85.2,58.96703338623047,400.0
2026-04-22T21:19:08.571871,97.0,58.86586380004883,400.0
2026-04-22T21:19:10.775492,95.8,58.815277099609375,400.0
2026-04-22T21:19:12.979751,96.6,58.91645050048828,400.0
2026-04-22T21:19:15.182922,96.3,58.86586380004883,400.0
2026-04-22T21:19:17.387600,97.4,58.815277099609375,400.0
2026-04-22T21:19:19.590161,97.3,58.51176071166992,400.0
2026-04-22T21:19:21.792230,92.1,58.56234359741211,400.0
2026-04-22T21:19:23.995130,97.4,58.51176071166992,400.0
2026-04-22T21:19:26.197156,96.2,58.46117401123047,400.0
2026-04-22T21:19:28.398811,95.4,58.36000061035156,400.0
2026-04-22T21:19:30.602489,95.8,58.258827209472656,400.0
2026-04-22T21:19:32.804791,92.9,58.36000061035156,400.0
2026-04-22T21:19:35.007286,96.7,58.258827209472656,400.0
2026-04-22T21:19:37.210343,97.0,58.157657623291016,400.0
2026-04-22T21:19:39.415596,94.3,57.90472412109375,400.0
2026-04-22T21:19:41.619390,97.9,57.9553108215332,400.0
2026-04-22T21:19:43.823958,89.1,57.752967834472656,400.0
2026-04-22T21:19:46.026278,97.7,57.90472412109375,400.0
2026-04-22T21:19:48.230426,97.0,57.8541374206543,400.0
2026-04-22T21:19:50.432924,97.9,57.8541374206543,400.0
2026-04-22T21:19:52.634776,96.1,57.752967834472656,400.0
2026-04-22T21:19:54.836787,96.9,57.65179443359375,400.0
2026-04-22T21:19:57.039667,97.1,57.6012077331543,400.0
2026-04-22T21:19:59.247711,91.6,57.550621032714844,400.0
2026-04-22T21:20:01.452680,96.9,57.550621032714844,400.0
2026-04-22T21:20:03.655789,94.0,57.44944763183594,400.0
2026-04-22T21:20:05.858528,96.6,57.3482780456543,400.0
2026-04-22T21:20:08.062176,96.7,57.24710464477539,400.0
2026-04-22T21:20:10.264917,96.9,57.398860931396484,400.0
2026-04-22T21:20:12.468147,98.0,57.19651794433594,400.0
2026-04-22T21:20:14.671575,97.3,57.24710464477539,400.0
2026-04-22T21:20:16.874868,97.8,57.19651794433594,400.0
2026-04-22T21:20:19.076727,93.8,56.994171142578125,400.0
2026-04-22T21:20:21.281485,92.4,57.04475784301758,400.0
2026-04-22T21:20:23.485510,97.9,56.994171142578125,400.0
2026-04-22T21:20:25.726046,92.0,56.84241485595703,400.0
2026-04-22T21:20:27.930956,97.7,56.79182815551758,400.0
2026-04-22T21:20:30.133720,95.6,56.741241455078125,400.0
2026-04-22T21:20:32.338209,96.9,56.69065475463867,400.0
2026-04-22T21:20:34.544386,95.2,56.741241455078125,400.0
2026-04-22T21:20:36.747659,97.3,56.64006805419922,400.0
2026-04-22T21:20:38.950749,97.2,56.589481353759766,400.0
2026-04-22T21:20:41.152385,94.0,56.53889846801758,400.0
2026-04-22T21:20:43.358501,97.2,56.53889846801758,400.0
2026-04-22T21:20:45.560627,95.8,56.589481353759766,400.0
2026-04-22T21:20:47.768997,97.5,56.488311767578125,400.0
2026-04-22T21:20:49.972753,94.0,56.488311767578125,400.0
2026-04-22T21:20:52.175238,96.8,56.43772506713867,400.0
2026-04-22T21:20:54.379675,96.5,56.28596496582031,400.0
2026-04-22T21:20:56.581668,93.8,56.43772506713867,400.0
2026-04-22T21:20:58.784867,95.8,56.38713836669922,400.0
2026-04-22T21:21:00.989082,97.7,56.43772506713867,400.0
2026-04-22T21:21:03.192265,97.9,56.53889846801758,400.0
2026-04-22T21:21:05.401867,96.0,56.589481353759766,400.0
2026-04-22T21:21:07.603526,97.2,56.69065475463867,400.0
2026-04-22T21:21:09.806102,93.6,56.64006805419922,400.0
2026-04-22T21:21:12.007899,97.2,56.79182815551758,400.0
2026-04-22T21:21:14.209526,97.2,56.94358825683594,400.0
2026-04-22T21:21:16.412767,97.7,56.94358825683594,400.0
2026-04-22T21:21:18.614424,97.1,56.94358825683594,400.0
2026-04-22T21:21:20.821647,90.8,57.145931243896484,400.0
2026-04-22T21:21:23.025568,97.3,57.19651794433594,400.0
2026-04-22T21:21:25.236417,91.3,57.24710464477539,400.0
2026-04-22T21:21:27.442825,97.4,57.3482780456543,400.0
2026-04-22T21:21:29.644660,97.7,57.398860931396484,400.0
2026-04-22T21:21:31.849236,98.0,57.6012077331543,400.0
2026-04-22T21:21:34.054635,97.2,57.44944763183594,400.0
2026-04-22T21:21:36.259676,94.5,57.6012077331543,400.0
2026-04-22T21:21:38.462181,94.9,57.65179443359375,400.0
2026-04-22T21:21:40.667938,97.5,57.7023811340332,400.0
2026-04-22T21:21:42.872552,97.2,57.8541374206543,400.0
2026-04-22T21:21:45.078223,95.8,57.7023811340332,400.0
2026-04-22T21:21:47.283441,97.9,57.8541374206543,400.0
2026-04-22T21:21:49.487392,97.9,58.10707092285156,400.0
2026-04-22T21:21:51.690149,92.3,58.10707092285156,400.0
2026-04-22T21:21:53.894775,97.7,58.36000061035156,400.0
2026-04-22T21:21:56.099939,95.3,58.258827209472656,400.0
2026-04-22T21:21:58.302154,97.7,58.258827209472656,400.0
2026-04-22T21:22:00.503939,96.5,58.258827209472656,400.0
2026-04-22T21:22:02.707829,97.1,58.258827209472656,400.0
2026-04-22T21:22:04.912280,92.4,58.258827209472656,400.0
2026-04-22T21:22:07.115617,92.8,58.36000061035156,400.0
2026-04-22T21:22:09.317791,97.3,58.51176071166992,400.0
2026-04-22T21:22:11.520631,97.3,58.51176071166992,400.0
2026-04-22T21:22:13.724627,97.9,58.76469039916992,400.0
2026-04-22T21:22:15.929939,96.7,58.663516998291016,400.0
2026-04-22T21:22:18.136033,97.9,58.91645050048828,400.0
2026-04-22T21:22:20.339401,97.3,58.86586380004883,400.0
2026-04-22T21:22:22.543238,90.5,58.86586380004883,400.0
2026-04-22T21:22:24.746828,96.7,58.96703338623047,400.0
2026-04-22T21:22:26.950809,94.9,58.86586380004883,400.0
2026-04-22T21:22:29.155734,97.9,58.96703338623047,400.0
2026-04-22T21:22:31.360138,96.1,59.068206787109375,400.0
2026-04-22T21:22:33.565968,95.2,59.01762008666992,400.0
2026-04-22T21:22:35.771364,96.7,59.219966888427734,400.0
2026-04-22T21:22:37.974537,97.2,59.219966888427734,400.0
2026-04-22T21:22:40.180677,96.6,59.32114028930664,400.0
2026-04-22T21:22:42.389320,94.4,59.37172317504883,400.0
2026-04-22T21:22:44.592367,97.4,59.32114028930664,400.0
2026-04-22T21:22:46.795299,96.6,59.16938018798828,400.0
2026-04-22T21:22:48.999415,97.6,59.27055358886719,400.0
2026-04-22T21:22:51.203307,97.2,59.219966888427734,400.0
2026-04-22T21:22:53.408032,98.1,59.27055358886719,400.0
2026-04-22T21:22:55.610990,97.0,59.11879348754883,400.0
2026-04-22T21:22:57.821759,97.1,59.068206787109375,400.0
2026-04-22T21:23:00.024628,96.9,59.01762008666992,400.0
2026-04-22T21:23:02.226878,94.7,58.86586380004883,400.0
2026-04-22T21:23:04.429743,96.9,58.663516998291016,400.0
2026-04-22T21:23:06.632490,97.6,58.86586380004883,400.0
2026-04-22T21:23:08.838795,97.4,58.61293029785156,400.0
2026-04-22T21:23:11.043286,96.7,58.410587310791016,400.0
2026-04-22T21:23:13.245381,92.7,58.56234359741211,400.0
2026-04-22T21:23:15.448337,97.8,58.61293029785156,400.0
2026-04-22T21:23:17.651277,98.0,58.410587310791016,400.0
2026-04-22T21:23:19.854507,96.8,58.30941390991211,400.0
2026-04-22T21:23:22.062168,97.6,58.410587310791016,400.0
2026-04-22T21:23:24.264904,97.6,58.36000061035156,400.0
2026-04-22T21:23:26.467662,97.6,58.2082405090332,400.0
2026-04-22T21:23:28.673984,86.5,58.2082405090332,400.0
2026-04-22T21:23:30.878004,97.5,58.10707092285156,400.0
2026-04-22T21:23:33.082439,95.2,58.05648422241211,400.0
2026-04-22T21:23:35.284178,96.9,57.90472412109375,400.0
2026-04-22T21:23:37.488044,97.0,57.90472412109375,400.0
2026-04-22T21:23:39.695620,97.2,58.005897521972656,400.0
2026-04-22T21:23:41.897711,97.5,57.65179443359375,400.0
2026-04-22T21:23:44.100930,92.2,57.7023811340332,400.0
2026-04-22T21:23:46.302784,97.5,57.803550720214844,400.0
2026-04-22T21:23:48.506622,96.3,57.752967834472656,400.0
2026-04-22T21:23:50.714136,95.5,57.65179443359375,400.0
2026-04-22T21:23:52.916883,96.5,57.44944763183594,400.0
2026-04-22T21:23:55.123866,96.6,57.550621032714844,400.0
2026-04-22T21:23:57.326077,97.7,57.50003433227539,400.0
2026-04-22T21:23:59.531721,96.0,57.44944763183594,400.0
2026-04-22T21:24:01.734892,96.5,57.44944763183594,400.0
2026-04-22T21:24:03.938856,94.9,57.398860931396484,400.0
2026-04-22T21:24:06.147400,95.2,57.3482780456543,400.0
2026-04-22T21:24:08.351234,97.1,57.3482780456543,400.0
2026-04-22T21:24:10.555926,96.6,57.297691345214844,400.0
2026-04-22T21:24:12.757959,97.8,57.19651794433594,400.0
2026-04-22T21:24:14.961346,96.9,57.24710464477539,400.0
2026-04-22T21:24:17.163221,97.3,56.893001556396484,400.0
2026-04-22T21:24:19.376170,81.1,57.09534454345703,400.0
2026-04-22T21:24:21.579762,95.3,57.145931243896484,400.0
2026-04-22T21:24:23.781873,97.4,57.04475784301758,400.0
2026-04-22T21:24:25.985207,98.1,57.145931243896484,400.0
2026-04-22T21:24:28.193141,98.0,56.994171142578125,400.0
2026-04-22T21:24:30.397793,97.3,56.994171142578125,400.0
2026-04-22T21:24:32.603174,98.0,57.04475784301758,400.0
2026-04-22T21:24:34.807066,96.5,57.04475784301758,400.0
2026-04-22T21:24:37.010178,97.1,56.994171142578125,400.0
2026-04-22T21:24:39.213298,93.7,56.94358825683594,400.0
2026-04-22T21:24:41.417405,97.7,56.94358825683594,400.0
2026-04-22T21:24:43.619820,97.6,56.79182815551758,400.0
2026-04-22T21:24:45.823058,88.0,56.79182815551758,400.0
2026-04-22T21:24:48.026772,97.9,56.589481353759766,400.0
2026-04-22T21:24:50.231122,89.6,56.69065475463867,400.0
2026-04-22T21:24:52.434934,97.0,56.69065475463867,400.0
2026-04-22T21:24:54.637478,97.7,56.741241455078125,400.0
2026-04-22T21:24:56.840372,97.9,56.94358825683594,400.0
2026-04-22T21:24:59.046125,97.5,56.84241485595703,400.0
2026-04-22T21:25:01.250489,96.8,56.994171142578125,400.0
2026-04-22T21:25:03.454522,97.8,57.145931243896484,400.0
2026-04-22T21:25:05.656564,89.6,57.24710464477539,400.0
2026-04-22T21:25:07.859314,96.3,57.297691345214844,400.0
2026-04-22T21:25:10.063017,95.7,57.297691345214844,400.0
2026-04-22T21:25:12.266055,96.9,57.44944763183594,400.0
2026-04-22T21:25:14.481031,97.4,57.398860931396484,400.0
2026-04-22T21:25:16.683784,97.0,57.50003433227539,400.0
2026-04-22T21:25:18.886574,96.6,57.44944763183594,400.0
2026-04-22T21:25:21.090614,96.3,57.6012077331543,400.0
2026-04-22T21:25:23.295993,97.9,57.7023811340332,400.0
2026-04-22T21:25:25.499288,93.2,57.803550720214844,400.0
2026-04-22T21:25:27.700932,97.9,57.752967834472656,400.0
2026-04-22T21:25:29.904384,97.6,57.9553108215332,400.0
2026-04-22T21:25:32.107617,96.5,57.90472412109375,400.0
2026-04-22T21:25:34.310974,95.2,57.90472412109375,400.0
2026-04-22T21:25:36.515412,92.5,58.10707092285156,400.0
2026-04-22T21:25:38.719412,95.0,58.157657623291016,400.0
2026-04-22T21:25:40.924372,95.8,58.157657623291016,400.0
2026-04-22T21:25:43.127843,97.9,58.2082405090332,400.0
2026-04-22T21:25:45.331440,96.4,58.410587310791016,400.0
2026-04-22T21:25:47.534118,97.4,58.410587310791016,400.0
2026-04-22T21:25:49.736954,97.4,58.36000061035156,400.0
2026-04-22T21:25:51.941201,91.0,58.46117401123047,400.0
2026-04-22T21:25:54.145362,96.6,58.46117401123047,400.0
2026-04-22T21:25:56.347228,89.6,58.46117401123047,400.0
2026-04-22T21:25:58.553754,98.1,58.663516998291016,400.0
2026-04-22T21:26:00.758763,96.9,58.71410369873047,400.0
2026-04-22T21:26:02.962727,97.0,58.86586380004883,400.0
2026-04-22T21:26:05.165065,92.5,58.76469039916992,400.0
2026-04-22T21:26:07.376048,92.5,58.91645050048828,400.0
2026-04-22T21:26:09.578027,97.6,58.86586380004883,400.0
2026-04-22T21:26:11.781764,95.3,58.815277099609375,400.0
2026-04-22T21:26:13.985812,96.6,58.96703338623047,400.0
2026-04-22T21:26:16.188701,97.5,59.01762008666992,400.0
2026-04-22T21:26:18.391516,97.4,58.71410369873047,400.0
2026-04-22T21:26:20.593644,96.7,58.663516998291016,400.0
2026-04-22T21:26:22.795645,92.4,58.663516998291016,400.0
2026-04-22T21:26:24.999506,96.8,58.46117401123047,400.0
2026-04-22T21:26:27.202658,94.3,58.410587310791016,400.0
2026-04-22T21:26:29.406368,90.4,58.410587310791016,400.0
2026-04-22T21:26:31.608810,97.0,58.258827209472656,400.0
2026-04-22T21:26:33.816346,98.0,58.36000061035156,400.0
2026-04-22T21:26:36.021126,96.7,58.2082405090332,400.0
2026-04-22T21:26:38.224403,97.6,58.2082405090332,400.0
2026-04-22T21:26:40.427921,97.9,58.157657623291016,400.0
2026-04-22T21:26:42.633014,90.8,58.05648422241211,400.0
2026-04-22T21:26:44.836452,97.6,58.005897521972656,400.0
2026-04-22T21:26:47.040678,97.0,57.90472412109375,400.0
2026-04-22T21:26:49.245866,97.8,57.803550720214844,400.0
2026-04-22T21:26:51.448099,97.8,57.7023811340332,400.0
2026-04-22T21:26:53.658669,94.8,57.752967834472656,400.0
2026-04-22T21:26:55.862257,95.9,57.6012077331543,400.0
2026-04-22T21:26:58.064073,95.4,57.752967834472656,400.0
2026-04-22T21:27:00.270412,97.3,57.65179443359375,400.0
2026-04-22T21:27:02.475007,95.8,57.50003433227539,400.0
2026-04-22T21:27:04.677986,97.2,57.65179443359375,400.0
2026-04-22T21:27:06.882266,96.8,57.398860931396484,400.0
2026-04-22T21:27:09.086747,92.9,57.6012077331543,400.0
2026-04-22T21:27:11.294035,96.6,57.24710464477539,400.0
2026-04-22T21:27:13.497893,92.0,57.24710464477539,400.0
2026-04-22T21:27:15.703531,97.0,57.3482780456543,400.0
2026-04-22T21:27:17.910115,96.4,57.3482780456543,400.0
2026-04-22T21:27:20.113584,97.5,57.3482780456543,400.0
2026-04-22T21:27:22.321013,97.2,57.24710464477539,400.0
2026-04-22T21:27:24.526678,97.0,57.24710464477539,400.0
2026-04-22T21:27:26.728551,97.4,57.24710464477539,400.0
2026-04-22T21:27:28.931779,89.0,57.3482780456543,400.0
2026-04-22T21:27:31.136022,96.6,57.44944763183594,400.0
2026-04-22T21:27:33.342149,90.9,57.50003433227539,400.0
2026-04-22T21:27:35.545658,96.6,57.6012077331543,400.0
2026-04-22T21:27:37.748382,98.0,57.550621032714844,400.0
2026-04-22T21:27:39.950789,97.4,57.752967834472656,400.0
2026-04-22T21:27:42.155809,97.6,57.6012077331543,400.0
2026-04-22T21:27:44.360647,94.6,57.752967834472656,400.0
2026-04-22T21:27:46.567840,97.9,57.8541374206543,400.0
2026-04-22T21:27:48.770276,94.7,57.90472412109375,400.0
2026-04-22T21:27:50.972590,92.9,58.005897521972656,400.0
2026-04-22T21:27:53.175946,98.0,57.90472412109375,400.0
2026-04-22T21:27:55.383021,92.7,58.005897521972656,400.0
2026-04-22T21:27:57.586622,96.0,58.005897521972656,400.0
2026-04-22T21:27:59.793037,95.0,58.10707092285156,400.0
2026-04-22T21:28:01.996997,97.0,58.10707092285156,400.0
2026-04-22T21:28:04.203519,96.8,58.30941390991211,400.0
2026-04-22T21:28:06.406749,97.4,58.410587310791016,400.0
2026-04-22T21:28:08.612269,95.8,58.30941390991211,400.0
2026-04-22T21:28:10.817875,91.6,58.46117401123047,400.0
2026-04-22T21:28:13.025033,96.8,58.258827209472656,400.0
2026-04-22T21:28:15.231566,93.3,58.46117401123047,400.0
2026-04-22T21:28:17.434399,97.8,58.51176071166992,400.0
2026-04-22T21:28:19.636990,91.7,58.51176071166992,400.0
2026-04-22T21:28:21.840881,97.1,58.76469039916992,400.0
2026-04-22T21:28:24.047546,97.7,58.61293029785156,400.0
2026-04-22T21:28:26.250118,96.1,58.71410369873047,400.0
2026-04-22T21:28:28.455051,98.0,58.71410369873047,400.0
2026-04-22T21:28:30.657139,97.6,58.96703338623047,400.0
2026-04-22T21:28:32.859649,96.6,58.96703338623047,400.0
2026-04-22T21:28:35.066793,95.4,58.96703338623047,400.0
2026-04-22T21:28:37.270178,94.2,58.96703338623047,400.0
2026-04-22T21:28:39.472105,91.9,59.01762008666992,400.0
2026-04-22T21:28:41.676097,97.2,59.11879348754883,400.0
2026-04-22T21:28:43.882143,98.0,59.01762008666992,400.0
2026-04-22T21:28:46.086683,95.8,59.11879348754883,400.0
2026-04-22T21:28:48.289269,97.7,58.91645050048828,400.0
2026-04-22T21:28:50.492988,91.3,58.71410369873047,400.0
2026-04-22T21:28:52.698865,96.9,58.815277099609375,400.0
2026-04-22T21:28:54.906519,95.0,58.61293029785156,400.0
2026-04-22T21:28:57.110038,97.9,58.61293029785156,400.0
2026-04-22T21:28:59.313835,97.0,58.410587310791016,400.0
2026-04-22T21:29:01.521640,97.7,58.258827209472656,400.0
2026-04-22T21:29:03.728666,97.4,58.05648422241211,400.0
2026-04-22T21:29:05.936686,90.4,58.005897521972656,400.0
2026-04-22T21:29:08.139545,97.6,57.9553108215332,400.0
2026-04-22T21:29:10.343372,95.5,57.9553108215332,400.0
2026-04-22T21:29:12.546494,98.1,58.05648422241211,400.0
2026-04-22T21:29:14.750439,97.6,57.9553108215332,400.0
2026-04-22T21:29:16.954320,97.5,57.8541374206543,400.0
2026-04-22T21:29:19.157220,97.9,57.7023811340332,400.0
2026-04-22T21:29:21.359882,97.8,57.803550720214844,400.0
2026-04-22T21:29:23.562701,98.0,57.803550720214844,400.0
2026-04-22T21:29:25.768372,92.6,57.752967834472656,400.0
2026-04-22T21:29:27.972265,97.4,57.65179443359375,400.0
2026-04-22T21:29:30.175365,96.6,57.65179443359375,400.0
2026-04-22T21:29:32.377467,97.8,57.65179443359375,400.0
2026-04-22T21:29:34.582804,98.0,57.6012077331543,400.0
2026-04-22T21:29:36.786886,96.0,57.50003433227539,400.0
2026-04-22T21:29:38.989762,97.3,57.398860931396484,400.0
2026-04-22T21:29:41.192052,93.1,57.44944763183594,400.0
2026-04-22T21:29:43.393843,97.5,57.3482780456543,400.0
2026-04-22T21:29:45.597845,94.5,57.44944763183594,400.0
2026-04-22T21:29:47.800144,97.8,57.398860931396484,400.0
2026-04-22T21:29:50.009527,95.7,57.3482780456543,400.0
2026-04-22T21:29:52.213396,96.2,57.3482780456543,400.0
2026-04-22T21:29:54.417126,98.0,57.04475784301758,400.0
2026-04-22T21:29:56.620206,90.4,57.19651794433594,400.0
2026-04-22T21:29:58.827138,98.0,57.19651794433594,400.0
2026-04-22T21:30:01.030140,95.7,57.24710464477539,400.0
2026-04-22T21:30:03.231875,97.3,57.09534454345703,400.0
2026-04-22T21:30:05.437834,97.5,57.145931243896484,400.0
2026-04-22T21:30:07.641338,97.7,57.04475784301758,400.0
2026-04-22T21:30:09.843478,96.8,56.994171142578125,400.0
2026-04-22T21:30:12.047867,86.5,56.994171142578125,400.0
2026-04-22T21:30:14.251107,97.3,57.09534454345703,400.0
2026-04-22T21:30:16.454571,95.9,57.04475784301758,400.0
2026-04-22T21:30:18.657351,98.0,56.893001556396484,400.0
2026-04-22T21:30:20.860099,93.6,56.994171142578125,400.0
2026-04-22T21:30:23.063984,96.9,56.994171142578125,400.0
2026-04-22T21:30:25.266889,97.5,56.893001556396484,400.0
2026-04-22T21:30:27.469297,97.5,56.893001556396484,400.0
2026-04-22T21:30:29.673903,97.3,56.94358825683594,400.0
2026-04-22T21:30:31.879078,95.9,56.893001556396484,400.0
2026-04-22T21:30:34.085076,96.8,56.893001556396484,400.0
2026-04-22T21:30:36.287730,95.0,56.94358825683594,400.0
2026-04-22T21:30:38.490738,98.0,56.84241485595703,400.0
2026-04-22T21:30:40.704302,95.1,56.79182815551758,400.0
2026-04-22T21:30:42.908287,97.3,56.741241455078125,400.0
2026-04-22T21:30:45.111969,96.3,56.741241455078125,400.0
2026-04-22T21:30:47.317736,95.2,56.64006805419922,400.0
2026-04-22T21:30:49.521319,92.1,56.53889846801758,400.0
2026-04-22T21:30:51.723328,96.0,56.589481353759766,400.0
2026-04-22T21:30:53.928927,96.8,56.488311767578125,400.0
2026-04-22T21:30:56.131909,94.7,56.53889846801758,400.0
2026-04-22T21:30:58.336370,96.7,56.53889846801758,400.0
2026-04-22T21:31:00.539562,96.2,56.53889846801758,400.0
2026-04-22T21:31:02.741873,94.2,56.488311767578125,400.0
2026-04-22T21:31:04.945112,97.0,56.488311767578125,400.0
2026-04-22T21:31:07.148733,96.4,56.53889846801758,400.0
2026-04-22T21:31:09.352479,93.8,56.64006805419922,400.0
2026-04-22T21:31:11.555889,96.3,56.69065475463867,400.0
2026-04-22T21:31:13.759418,97.2,56.741241455078125,400.0
2026-04-22T21:31:15.963147,97.1,56.94358825683594,400.0
2026-04-22T21:31:18.165983,94.4,56.94358825683594,400.0
2026-04-22T21:31:20.368146,97.9,57.04475784301758,400.0
2026-04-22T21:31:22.571197,92.7,57.09534454345703,400.0
2026-04-22T21:31:24.774508,97.2,57.145931243896484,400.0
2026-04-22T21:31:26.978267,96.9,57.24710464477539,400.0
2026-04-22T21:31:29.180234,94.6,57.398860931396484,400.0
2026-04-22T21:31:31.383891,95.6,57.3482780456543,400.0
2026-04-22T21:31:33.586708,97.2,57.50003433227539,400.0
2026-04-22T21:31:35.790237,96.6,57.6012077331543,400.0
2026-04-22T21:31:37.994826,93.6,57.550621032714844,400.0
2026-04-22T21:31:40.200022,97.3,57.65179443359375,400.0
2026-04-22T21:31:42.405374,97.4,57.752967834472656,400.0
2026-04-22T21:31:44.611142,97.0,57.90472412109375,400.0
2026-04-22T21:31:46.813211,96.2,57.8541374206543,400.0
2026-04-22T21:31:49.017935,96.0,57.9553108215332,400.0
2026-04-22T21:31:51.220919,97.3,57.9553108215332,400.0
2026-04-22T21:31:53.423932,97.4,58.005897521972656,400.0
2026-04-22T21:31:55.625918,92.4,58.258827209472656,400.0
2026-04-22T21:31:57.832245,96.8,57.90472412109375,400.0
2026-04-22T21:32:00.036533,86.8,58.2082405090332,400.0
2026-04-22T21:32:02.241015,97.8,58.30941390991211,400.0
2026-04-22T21:32:04.447396,95.9,58.410587310791016,400.0
2026-04-22T21:32:06.652054,97.7,58.36000061035156,400.0
2026-04-22T21:32:08.856694,96.6,58.46117401123047,400.0
2026-04-22T21:32:11.062346,98.1,58.46117401123047,400.0
2026-04-22T21:32:13.266074,97.4,58.56234359741211,400.0
2026-04-22T21:32:15.469016,92.0,58.61293029785156,400.0
2026-04-22T21:32:17.678745,96.4,58.51176071166992,400.0
2026-04-22T21:32:19.883099,93.7,58.663516998291016,400.0
2026-04-22T21:32:22.086546,97.6,58.71410369873047,400.0
2026-04-22T21:32:24.289678,97.3,58.76469039916992,400.0
2026-04-22T21:32:26.492463,97.4,59.068206787109375,400.0
2026-04-22T21:32:28.696730,97.1,58.91645050048828,400.0
2026-04-22T21:32:30.900615,94.2,58.96703338623047,400.0
2026-04-22T21:32:33.107035,98.0,58.96703338623047,400.0
2026-04-22T21:32:35.311214,96.6,58.91645050048828,400.0
2026-04-22T21:32:37.515135,96.0,58.96703338623047,400.0
2026-04-22T21:32:39.719459,90.7,58.96703338623047,400.0
2026-04-22T21:32:41.923876,97.0,59.16938018798828,400.0
2026-04-22T21:32:44.127872,97.9,59.11879348754883,400.0
2026-04-22T21:32:46.332061,93.6,59.16938018798828,400.0
2026-04-22T21:32:48.533665,96.9,59.11879348754883,400.0
2026-04-22T21:32:50.738786,97.0,59.16938018798828,400.0
2026-04-22T21:32:52.941758,97.5,59.32114028930664,400.0
2026-04-22T21:32:55.147343,95.9,59.32114028930664,400.0
2026-04-22T21:32:57.352817,98.1,59.37172317504883,400.0
2026-04-22T21:32:59.556724,97.0,59.32114028930664,400.0
2026-04-22T21:33:01.761902,97.4,59.27055358886719,400.0
2026-04-22T21:33:03.967107,97.4,59.16938018798828,400.0
2026-04-22T21:33:06.171053,96.5,58.96703338623047,400.0
2026-04-22T21:33:08.374782,96.5,58.86586380004883,400.0
2026-04-22T21:33:10.581533,96.8,58.815277099609375,400.0
2026-04-22T21:33:12.784178,97.4,58.46117401123047,400.0
2026-04-22T21:33:14.990723,97.7,58.410587310791016,400.0
2026-04-22T21:33:17.192964,96.7,58.30941390991211,400.0
2026-04-22T21:33:19.397107,97.6,58.005897521972656,400.0
2026-04-22T21:33:21.600477,81.0,58.10707092285156,400.0
2026-04-22T21:33:23.804501,97.1,57.90472412109375,400.0
2026-04-22T21:33:26.010452,94.6,57.90472412109375,400.0
2026-04-22T21:33:28.212118,95.6,57.65179443359375,400.0
2026-04-22T21:33:30.417038,97.4,57.65179443359375,400.0
2026-04-22T21:33:32.620052,97.5,57.50003433227539,400.0
2026-04-22T21:33:34.825013,89.0,57.550621032714844,400.0
2026-04-22T21:33:37.028282,93.9,57.44944763183594,400.0
2026-04-22T21:33:39.231148,97.8,57.3482780456543,400.0
2026-04-22T21:33:41.438234,95.8,57.24710464477539,400.0
2026-04-22T21:33:43.640033,97.8,56.994171142578125,400.0
2026-04-22T21:33:45.844689,97.0,56.69065475463867,400.0
2026-04-22T21:33:48.047773,96.7,56.69065475463867,400.0
2026-04-22T21:33:50.250125,88.8,56.336551666259766,400.0
2026-04-22T21:33:52.454212,89.8,56.28596496582031,400.0
2026-04-22T21:33:54.658609,98.0,56.03303527832031,400.0
2026-04-22T21:33:56.864730,90.0,55.88127517700195,400.0
2026-04-22T21:33:59.068614,96.0,55.8306884765625,400.0
2026-04-22T21:34:01.273498,96.9,55.62834548950195,400.0
2026-04-22T21:34:03.479540,97.3,55.52717208862305,400.0
2026-04-22T21:34:05.683738,97.0,55.3248291015625,400.0
2026-04-22T21:34:07.894151,91.4,55.37541580200195,400.0
2026-04-22T21:34:10.097522,97.6,55.12248229980469,400.0
2026-04-22T21:34:12.304309,96.2,54.970726013183594,400.0
2026-04-22T21:34:14.509411,97.9,54.818965911865234,400.0
2026-04-22T21:34:16.714780,95.7,54.818965911865234,400.0
2026-04-22T21:34:18.920158,97.5,54.61661911010742,400.0
2026-04-22T21:34:21.124693,97.5,54.46486282348633,400.0
2026-04-22T21:34:23.327518,97.7,54.36368942260742,400.0
2026-04-22T21:34:25.534544,96.3,54.21192932128906,400.0
2026-04-22T21:34:27.738669,87.1,54.161346435546875,400.0
2026-04-22T21:34:29.941806,97.1,54.161346435546875,400.0
2026-04-22T21:34:32.146169,95.0,54.161346435546875,400.0
2026-04-22T21:34:34.350679,98.0,54.11075973510742,400.0
2026-04-22T21:34:36.553041,96.9,54.11075973510742,400.0
2026-04-22T21:34:38.761352,91.5,54.06017303466797,400.0
2026-04-22T21:34:40.965019,96.8,54.11075973510742,400.0
2026-04-22T21:34:43.169340,96.8,54.06017303466797,400.0
2026-04-22T21:34:45.372797,89.6,54.009586334228516,400.0
2026-04-22T21:34:47.578667,96.2,53.95899963378906,400.0
2026-04-22T21:34:49.782414,97.3,54.11075973510742,400.0
2026-04-22T21:34:51.984450,98.0,53.95899963378906,400.0
2026-04-22T21:34:54.186736,97.1,53.95899963378906,400.0
2026-04-22T21:34:56.391956,93.7,53.90841293334961,400.0
2026-04-22T21:34:58.596003,90.2,53.857826232910156,400.0
2026-04-22T21:35:00.803244,96.9,53.95899963378906,400.0
2026-04-22T21:35:03.008616,94.6,53.8072395324707,400.0
2026-04-22T21:35:05.213319,91.5,53.8072395324707,400.0
2026-04-22T21:35:07.416228,97.2,53.8072395324707,400.0
2026-04-22T21:35:09.622384,97.1,53.8072395324707,400.0
2026-04-22T21:35:11.826187,97.5,53.90841293334961,400.0
2026-04-22T21:35:14.028814,97.7,53.95899963378906,400.0
2026-04-22T21:35:16.230612,96.6,53.8072395324707,400.0
2026-04-22T21:35:18.435741,94.7,53.857826232910156,400.0
2026-04-22T21:35:20.639085,95.9,53.857826232910156,400.0
2026-04-22T21:35:22.841419,93.9,53.756656646728516,400.0
2026-04-22T21:35:25.045012,96.1,53.756656646728516,400.0
2026-04-22T21:35:27.247929,97.7,53.756656646728516,400.0
2026-04-22T21:35:29.449742,93.5,53.756656646728516,400.0
2026-04-22T21:35:31.653137,97.0,53.8072395324707,400.0
2026-04-22T21:35:33.859558,92.3,53.756656646728516,400.0
2026-04-22T21:35:36.062054,97.9,53.756656646728516,400.0
2026-04-22T21:35:38.263963,97.5,53.70606994628906,400.0
2026-04-22T21:35:40.466901,97.0,53.756656646728516,400.0
2026-04-22T21:35:42.670869,97.8,53.65548324584961,400.0
2026-04-22T21:35:44.874757,95.8,53.70606994628906,400.0
2026-04-22T21:35:47.084003,97.4,53.65548324584961,400.0
2026-04-22T21:35:49.291102,88.5,53.65548324584961,400.0
2026-04-22T21:35:51.492894,97.1,53.65548324584961,400.0
2026-04-22T21:35:53.697343,97.6,53.604896545410156,400.0
2026-04-22T21:35:55.903663,96.9,53.70606994628906,400.0
2026-04-22T21:35:58.112603,97.3,53.5543098449707,400.0
2026-04-22T21:36:00.317333,93.2,53.604896545410156,400.0
2026-04-22T21:36:02.520600,97.7,53.604896545410156,400.0
2026-04-22T21:36:04.728866,95.8,53.70606994628906,400.0
2026-04-22T21:36:06.930556,97.2,53.756656646728516,400.0
2026-04-22T21:36:09.133640,94.7,53.70606994628906,400.0
2026-04-22T21:36:11.336808,97.1,53.70606994628906,400.0
2026-04-22T21:36:13.539087,96.8,53.604896545410156,400.0
2026-04-22T21:36:15.741290,89.0,53.70606994628906,400.0
2026-04-22T21:36:17.944933,97.3,53.604896545410156,400.0
2026-04-22T21:36:20.147813,95.1,53.65548324584961,400.0
2026-04-22T21:36:22.351355,97.9,53.65548324584961,400.0
2026-04-22T21:36:24.554214,96.2,53.756656646728516,400.0
2026-04-22T21:36:26.759882,97.4,53.756656646728516,400.0
2026-04-22T21:36:28.964094,97.9,53.65548324584961,400.0
2026-04-22T21:36:31.169631,96.3,53.8072395324707,400.0
2026-04-22T21:36:33.371965,97.2,53.604896545410156,400.0
2026-04-22T21:36:35.574136,89.0,53.65548324584961,400.0
2026-04-22T21:36:37.777599,97.9,53.756656646728516,400.0
2026-04-22T21:36:39.981073,84.9,53.65548324584961,400.0
2026-04-22T21:36:42.184508,97.4,53.756656646728516,400.0
2026-04-22T21:36:44.391219,97.6,53.65548324584961,400.0
2026-04-22T21:36:46.595838,95.1,53.756656646728516,400.0
2026-04-22T21:36:48.798608,97.9,53.65548324584961,400.0
2026-04-22T21:36:51.002183,97.4,53.756656646728516,400.0
2026-04-22T21:36:53.204103,97.9,53.70606994628906,400.0
2026-04-22T21:36:55.406024,93.6,53.604896545410156,400.0
2026-04-22T21:36:57.611901,97.7,53.70606994628906,400.0
2026-04-22T21:36:59.821834,97.1,53.70606994628906,400.0
2026-04-22T21:37:02.025861,97.0,53.65548324584961,400.0
2026-04-22T21:37:04.232945,97.9,53.5543098449707,400.0
2026-04-22T21:37:06.436305,96.2,53.65548324584961,400.0
2026-04-22T21:37:08.638480,97.7,53.604896545410156,400.0
2026-04-22T21:37:10.843512,93.6,53.5543098449707,400.0
2026-04-22T21:37:13.054339,96.2,53.50372314453125,400.0
2026-04-22T21:37:15.258208,97.0,53.351966857910156,400.0
2026-04-22T21:37:17.461393,96.7,53.50372314453125,400.0
2026-04-22T21:37:19.665835,97.1,53.5543098449707,400.0
2026-04-22T21:37:21.871377,95.0,53.50372314453125,400.0
2026-04-22T21:37:24.073735,97.4,53.4531364440918,400.0
2026-04-22T21:37:26.279270,90.4,53.40255355834961,400.0
2026-04-22T21:37:28.489522,97.2,53.4531364440918,400.0
2026-04-22T21:37:30.696221,96.7,53.40255355834961,400.0
2026-04-22T21:37:32.900218,97.7,53.40255355834961,400.0
2026-04-22T21:37:35.106746,97.2,53.4531364440918,400.0
2026-04-22T21:37:37.309974,97.4,53.351966857910156,400.0
2026-04-22T21:37:39.512784,97.1,53.40255355834961,400.0
2026-04-22T21:37:41.717520,94.1,53.351966857910156,400.0
2026-04-22T21:37:43.922055,97.1,53.351966857910156,400.0
2026-04-22T21:37:46.125748,97.0,53.351966857910156,400.0
2026-04-22T21:37:48.328742,92.2,53.40255355834961,400.0
2026-04-22T21:37:50.531944,96.2,53.40255355834961,400.0
2026-04-22T21:37:52.736047,95.7,53.40255355834961,400.0
2026-04-22T21:37:54.939351,97.7,53.50372314453125,400.0
2026-04-22T21:37:57.141926,95.9,53.4531364440918,400.0
2026-04-22T21:37:59.344689,96.8,53.351966857910156,400.0
2026-04-22T21:38:01.547882,97.7,53.4531364440918,400.0
2026-04-22T21:38:03.754849,96.9,53.351966857910156,400.0
2026-04-22T21:38:05.956396,94.3,53.40255355834961,400.0
2026-04-22T21:38:08.160298,96.3,53.40255355834961,400.0
2026-04-22T21:38:10.366699,96.8,53.351966857910156,400.0
2026-04-22T21:38:12.569645,96.7,53.351966857910156,400.0
2026-04-22T21:38:14.775624,97.0,53.5543098449707,400.0
2026-04-22T21:38:16.979500,96.3,53.40255355834961,400.0
2026-04-22T21:38:19.182420,97.3,53.25079345703125,400.0
2026-04-22T21:38:21.388227,92.7,53.25079345703125,400.0
2026-04-22T21:38:23.592585,94.7,53.25079345703125,400.0
2026-04-22T21:38:25.796801,97.6,53.25079345703125,400.0
2026-04-22T21:38:27.998437,97.7,53.3013801574707,400.0
2026-04-22T21:38:30.201231,90.6,53.2002067565918,400.0
2026-04-22T21:38:32.404769,98.1,53.2002067565918,400.0
2026-04-22T21:38:34.609127,96.2,53.149620056152344,400.0
2026-04-22T21:38:36.812584,97.3,52.9472770690918,400.0
2026-04-22T21:38:39.017446,88.1,53.04844665527344,400.0
2026-04-22T21:38:41.221363,96.3,53.25079345703125,400.0
2026-04-22T21:38:43.427175,91.0,53.2002067565918,400.0
2026-04-22T21:38:45.629572,97.5,53.25079345703125,400.0
2026-04-22T21:38:47.832571,97.7,53.25079345703125,400.0
2026-04-22T21:38:50.037822,93.7,53.149620056152344,400.0
2026-04-22T21:38:52.246699,97.2,53.09903335571289,400.0
2026-04-22T21:38:54.448875,97.2,53.09903335571289,400.0
2026-04-22T21:38:56.655216,97.4,53.25079345703125,400.0
2026-04-22T21:38:58.866665,97.0,53.09903335571289,400.0
2026-04-22T21:39:01.070484,97.7,53.3013801574707,400.0
2026-04-22T21:39:03.273614,96.1,53.25079345703125,400.0
2026-04-22T21:39:05.475293,93.7,53.25079345703125,400.0
2026-04-22T21:39:07.679731,97.0,53.25079345703125,400.0
2026-04-22T21:39:09.883713,95.6,53.25079345703125,400.0
2026-04-22T21:39:12.088731,97.2,52.99786376953125,400.0
2026-04-22T21:39:14.290931,87.6,53.3013801574707,400.0
2026-04-22T21:39:16.493241,97.9,53.3013801574707,400.0
2026-04-22T21:39:18.695105,97.1,53.351966857910156,400.0
2026-04-22T21:39:20.898698,97.5,53.351966857910156,400.0
2026-04-22T21:39:23.100834,96.8,53.3013801574707,400.0
2026-04-22T21:39:25.304519,96.5,53.40255355834961,400.0
2026-04-22T21:39:27.508000,97.0,53.25079345703125,400.0
2026-04-22T21:39:29.713190,95.4,53.3013801574707,400.0
2026-04-22T21:39:31.916453,97.6,53.3013801574707,400.0
2026-04-22T21:39:34.120958,94.3,53.2002067565918,400.0
2026-04-22T21:39:36.323696,98.0,53.40255355834961,400.0
2026-04-22T21:39:38.525670,98.1,53.351966857910156,400.0
2026-04-22T21:39:40.729944,95.7,53.3013801574707,400.0
2026-04-22T21:39:42.935485,97.0,53.3013801574707,400.0
2026-04-22T21:39:45.144987,82.0,53.149620056152344,400.0
2026-04-22T21:39:47.348509,97.6,53.2002067565918,400.0
2026-04-22T21:39:49.552703,96.6,53.2002067565918,400.0
2026-04-22T21:39:51.757300,97.7,53.09903335571289,400.0
2026-04-22T21:39:53.960661,97.6,53.149620056152344,400.0
2026-04-22T21:39:56.165422,97.1,53.2002067565918,400.0
2026-04-22T21:39:58.368726,97.9,53.2002067565918,400.0
2026-04-22T21:40:00.573037,94.8,53.25079345703125,400.0
2026-04-22T21:40:02.777405,96.6,53.2002067565918,400.0
2026-04-22T21:40:04.979741,97.5,52.99786376953125,400.0
2026-04-22T21:40:07.199657,96.4,53.09903335571289,400.0
2026-04-22T21:40:09.411860,97.4,53.04844665527344,400.0
2026-04-22T21:40:11.615283,92.8,53.09903335571289,400.0
2026-04-22T21:40:13.817632,97.6,53.04844665527344,400.0
2026-04-22T21:40:16.022858,94.1,53.09903335571289,400.0
2026-04-22T21:40:18.227144,96.7,53.09903335571289,400.0
2026-04-22T21:40:20.431348,89.9,52.99786376953125,400.0
2026-04-22T21:40:22.635376,98.0,52.99786376953125,400.0
2026-04-22T21:40:24.839324,97.7,52.744930267333984,400.0
2026-04-22T21:40:27.043164,84.2,52.896690368652344,400.0
2026-04-22T21:40:29.245459,97.1,52.9472770690918,400.0
2026-04-22T21:40:31.450392,96.1,52.99786376953125,400.0
2026-04-22T21:40:33.653758,97.5,53.04844665527344,400.0
2026-04-22T21:40:35.857777,95.4,52.9472770690918,400.0
2026-04-22T21:40:38.063104,97.6,52.896690368652344,400.0
2026-04-22T21:40:40.267002,96.8,52.99786376953125,400.0
2026-04-22T21:40:42.469439,79.1,52.896690368652344,400.0
2026-04-22T21:40:44.672548,97.9,52.59317398071289,400.0
2026-04-22T21:40:46.881690,88.8,52.896690368652344,400.0
2026-04-22T21:40:49.085854,95.9,52.9472770690918,400.0
2026-04-22T21:40:51.288802,95.2,52.84610366821289,400.0
2026-04-22T21:40:53.493493,97.3,52.896690368652344,400.0
2026-04-22T21:40:55.698978,96.9,52.896690368652344,400.0
2026-04-22T21:40:57.903238,96.5,52.896690368652344,400.0
2026-04-22T21:41:00.106492,97.1,52.99786376953125,400.0
2026-04-22T21:41:02.308453,97.8,53.04844665527344,400.0
2026-04-22T21:41:04.511688,96.8,52.99786376953125,400.0
2026-04-22T21:41:06.715042,86.8,52.9472770690918,400.0
2026-04-22T21:41:08.917826,97.8,52.9472770690918,400.0
2026-04-22T21:41:11.121649,96.5,53.04844665527344,400.0
2026-04-22T21:41:13.324856,97.6,53.149620056152344,400.0
2026-04-22T21:41:15.528263,95.9,53.04844665527344,400.0
2026-04-22T21:41:17.730153,96.8,53.149620056152344,400.0
2026-04-22T21:41:19.935500,97.9,53.09903335571289,400.0
2026-04-22T21:41:22.142002,94.6,53.09903335571289,400.0
2026-04-22T21:41:24.344451,97.4,53.149620056152344,400.0
2026-04-22T21:41:26.550808,97.8,53.09903335571289,400.0
2026-04-22T21:41:28.753218,94.8,53.04844665527344,400.0
2026-04-22T21:41:30.957715,97.3,52.896690368652344,400.0
2026-04-22T21:41:33.162354,84.3,52.9472770690918,400.0
2026-04-22T21:41:35.365889,97.3,52.9472770690918,400.0
2026-04-22T21:41:37.572207,95.4,52.99786376953125,400.0
2026-04-22T21:41:39.774511,97.7,52.99786376953125,400.0
2026-04-22T21:41:41.979768,97.4,52.99786376953125,400.0
2026-04-22T21:41:44.188248,96.8,52.9472770690918,400.0
2026-04-22T21:41:46.391119,98.0,52.9472770690918,400.0
2026-04-22T21:41:48.593664,97.0,52.9472770690918,400.0
2026-04-22T21:41:50.797388,97.3,52.744930267333984,400.0
2026-04-22T21:41:53.002653,90.1,52.896690368652344,400.0
2026-04-22T21:41:55.205001,96.8,52.84610366821289,400.0
2026-04-22T21:41:57.409626,89.3,52.744930267333984,400.0
2026-04-22T21:41:59.614495,97.2,52.744930267333984,400.0
2026-04-22T21:42:01.819302,98.0,52.64375686645508,400.0
2026-04-22T21:42:04.022349,94.9,52.69434356689453,400.0
2026-04-22T21:42:06.225589,95.8,52.64375686645508,400.0
2026-04-22T21:42:08.431558,96.3,52.64375686645508,400.0
2026-04-22T21:42:10.639381,97.1,52.59317398071289,400.0
2026-04-22T21:42:12.845451,96.0,52.59317398071289,400.0
2026-04-22T21:42:15.050217,97.0,52.59317398071289,400.0
2026-04-22T21:42:17.252850,97.3,52.54258728027344,400.0
2026-04-22T21:42:19.456478,95.4,52.59317398071289,400.0
2026-04-22T21:42:21.662155,96.9,52.44141387939453,400.0
2026-04-22T21:42:23.864960,96.2,52.340240478515625,400.0
2026-04-22T21:42:26.066610,93.2,52.44141387939453,400.0
2026-04-22T21:42:28.272043,97.5,52.39082717895508,400.0
2026-04-22T21:42:30.480033,97.3,52.54258728027344,400.0
2026-04-22T21:42:32.687503,97.4,52.492000579833984,400.0
2026-04-22T21:42:34.891770,97.6,52.54258728027344,400.0
2026-04-22T21:42:37.097382,97.2,52.54258728027344,400.0
2026-04-22T21:42:39.303014,90.7,52.39082717895508,400.0
2026-04-22T21:42:41.504917,97.8,52.39082717895508,400.0
2026-04-22T21:42:43.709992,94.9,52.28965377807617,400.0
2026-04-22T21:42:45.912666,93.0,52.44141387939453,400.0
2026-04-22T21:42:48.119655,97.3,52.39082717895508,400.0
2026-04-22T21:42:50.324945,97.1,52.28965377807617,400.0
2026-04-22T21:42:52.529667,97.1,52.340240478515625,400.0
2026-04-22T21:42:54.732594,97.5,52.23906707763672,400.0
2026-04-22T21:42:56.936732,98.1,52.23906707763672,400.0
2026-04-22T21:42:59.144101,94.7,52.18848419189453,400.0
2026-04-22T21:43:01.346477,94.8,52.18848419189453,400.0
2026-04-22T21:43:03.549499,92.9,52.13789749145508,400.0
2026-04-22T21:43:05.756916,93.3,52.087310791015625,400.0
2026-04-22T21:43:07.960535,97.4,52.087310791015625,400.0
2026-04-22T21:43:10.166953,95.8,52.03672409057617,400.0
2026-04-22T21:43:12.371998,97.6,51.935550689697266,400.0
2026-04-22T21:43:14.579097,91.4,51.935550689697266,400.0
2026-04-22T21:43:16.783582,97.9,52.03672409057617,400.0
2026-04-22T21:43:18.987703,97.0,51.935550689697266,400.0
2026-04-22T21:43:21.190240,95.6,51.98613739013672,400.0
2026-04-22T21:43:23.395171,97.4,51.98613739013672,400.0
2026-04-22T21:43:25.596867,96.9,52.087310791015625,400.0
2026-04-22T21:43:27.799298,97.5,51.78379440307617,400.0
2026-04-22T21:43:30.003014,81.3,51.935550689697266,400.0
2026-04-22T21:43:32.205349,97.2,51.83437728881836,400.0
2026-04-22T21:43:34.408645,97.6,51.88496398925781,400.0
2026-04-22T21:43:36.614209,97.3,51.88496398925781,400.0
2026-04-22T21:43:38.817846,97.4,51.83437728881836,400.0
2026-04-22T21:43:41.021084,93.1,51.88496398925781,400.0
2026-04-22T21:43:43.223897,98.1,51.88496398925781,400.0
2026-04-22T21:43:45.428428,93.9,51.73320770263672,400.0
2026-04-22T21:43:47.633362,97.4,51.83437728881836,400.0
2026-04-22T21:43:49.836251,97.6,51.88496398925781,400.0
2026-04-22T21:43:52.048307,93.6,51.98613739013672,400.0
2026-04-22T21:43:54.251865,97.2,51.98613739013672,400.0
2026-04-22T21:43:56.457413,94.8,51.98613739013672,400.0
2026-04-22T21:43:58.660608,98.0,52.03672409057617,400.0
2026-04-22T21:44:00.863525,96.1,52.03672409057617,400.0
2026-04-22T21:44:03.065296,96.9,52.13789749145508,400.0
2026-04-22T21:44:05.269040,97.5,51.98613739013672,400.0
2026-04-22T21:44:07.471606,97.9,52.13789749145508,400.0
2026-04-22T21:44:09.676097,98.0,51.98613739013672,400.0
2026-04-22T21:44:11.882292,96.0,52.13789749145508,400.0
2026-04-22T21:44:14.087682,97.0,52.13789749145508,400.0
2026-04-22T21:44:16.291208,96.0,52.13789749145508,400.0
2026-04-22T21:44:18.494234,96.9,52.087310791015625,400.0
2026-04-22T21:44:20.698310,96.6,52.03672409057617,400.0
2026-04-22T21:44:22.905079,97.4,52.087310791015625,400.0
2026-04-22T21:44:25.106821,97.1,51.935550689697266,400.0
2026-04-22T21:44:27.311985,94.9,52.03672409057617,400.0
2026-04-22T21:44:29.515554,96.9,51.935550689697266,400.0
2026-04-22T21:44:31.717528,91.4,51.98613739013672,400.0
2026-04-22T21:44:33.921340,97.6,52.03672409057617,400.0
2026-04-22T21:44:36.127581,97.4,52.03672409057617,400.0
2026-04-22T21:44:38.336563,98.0,52.03672409057617,400.0
2026-04-22T21:44:40.538871,97.4,52.03672409057617,400.0
2026-04-22T21:44:42.741784,97.2,52.087310791015625,400.0
2026-04-22T21:44:44.943511,97.2,52.13789749145508,400.0
2026-04-22T21:44:47.149252,92.2,52.087310791015625,400.0
2026-04-22T21:44:49.361729,97.6,52.087310791015625,400.0
2026-04-22T21:44:51.564357,95.0,52.18848419189453,400.0
2026-04-22T21:44:53.770902,97.4,52.18848419189453,400.0
2026-04-22T21:44:55.973656,97.6,52.13789749145508,400.0
2026-04-22T21:44:58.179015,93.8,52.18848419189453,400.0
2026-04-22T21:45:00.384188,97.0,52.087310791015625,400.0
2026-04-22T21:45:02.587747,96.0,52.13789749145508,400.0
2026-04-22T21:45:04.789811,96.9,52.13789749145508,400.0
2026-04-22T21:45:06.992658,97.0,52.13789749145508,400.0
2026-04-22T21:45:09.197780,97.5,52.13789749145508,400.0
2026-04-22T21:45:11.403037,96.9,52.087310791015625,400.0
2026-04-22T21:45:13.605760,95.6,51.78379440307617,400.0
2026-04-22T21:45:15.817152,91.0,52.03672409057617,400.0
2026-04-22T21:45:18.019773,89.4,52.03672409057617,400.0
2026-04-22T21:45:20.221509,97.1,52.087310791015625,400.0
2026-04-22T21:45:22.425600,96.7,52.087310791015625,400.0
2026-04-22T21:45:24.628588,97.6,52.087310791015625,400.0
2026-04-22T21:45:26.832520,96.5,51.98613739013672,400.0
2026-04-22T21:45:29.036563,97.1,51.98613739013672,400.0
2026-04-22T21:45:31.238342,97.6,51.88496398925781,400.0
2026-04-22T21:45:33.440248,90.2,51.88496398925781,400.0
2026-04-22T21:45:35.643197,95.6,51.935550689697266,400.0
2026-04-22T21:45:37.847468,95.2,51.935550689697266,400.0
2026-04-22T21:45:40.050748,98.0,51.98613739013672,400.0
2026-04-22T21:45:42.254570,96.3,51.98613739013672,400.0
2026-04-22T21:45:44.458492,97.3,51.935550689697266,400.0
2026-04-22T21:45:46.661509,96.6,51.88496398925781,400.0
2026-04-22T21:45:48.870820,92.8,51.98613739013672,400.0
2026-04-22T21:45:51.073759,95.5,51.98613739013672,400.0
2026-04-22T21:45:53.277484,94.8,51.88496398925781,400.0
2026-04-22T21:45:55.480787,97.7,51.88496398925781,400.0
2026-04-22T21:45:57.683406,95.4,51.935550689697266,400.0
2026-04-22T21:45:59.892538,97.6,51.88496398925781,400.0
2026-04-22T21:46:02.096508,96.7,51.83437728881836,400.0
2026-04-22T21:46:04.299942,91.1,51.88496398925781,400.0
2026-04-22T21:46:06.506390,97.3,51.935550689697266,400.0
2026-04-22T21:46:08.714103,90.5,51.935550689697266,400.0
2026-04-22T21:46:10.918486,97.3,51.88496398925781,400.0
2026-04-22T21:46:13.120382,96.1,51.935550689697266,400.0
2026-04-22T21:46:15.322889,96.9,52.03672409057617,400.0
2026-04-22T21:46:17.527101,97.9,52.03672409057617,400.0
2026-04-22T21:46:19.729895,96.9,51.98613739013672,400.0
2026-04-22T21:46:21.931982,97.1,51.98613739013672,400.0
2026-04-22T21:46:24.137392,92.7,52.03672409057617,400.0
2026-04-22T21:46:26.341856,96.8,52.087310791015625,400.0
2026-04-22T21:46:28.545230,97.9,52.087310791015625,400.0
2026-04-22T21:46:30.748539,97.6,52.13789749145508,400.0
2026-04-22T21:46:32.952682,97.1,52.13789749145508,400.0
2026-04-22T21:46:35.155882,94.5,52.13789749145508,400.0
2026-04-22T21:46:37.357547,97.2,52.23906707763672,400.0
2026-04-22T21:46:39.564280,96.4,52.23906707763672,400.0
2026-04-22T21:46:41.767175,97.1,52.23906707763672,400.0
2026-04-22T21:46:43.969832,95.2,52.13789749145508,400.0
2026-04-22T21:46:46.172459,94.9,52.28965377807617,400.0
2026-04-22T21:46:48.375775,97.8,52.28965377807617,400.0
2026-04-22T21:46:50.579409,93.9,52.39082717895508,400.0
2026-04-22T21:46:52.783002,97.1,52.44141387939453,400.0
2026-04-22T21:46:54.989142,87.2,52.28965377807617,400.0
2026-04-22T21:46:57.199864,97.3,52.39082717895508,400.0
2026-04-22T21:46:59.404350,97.9,52.39082717895508,400.0
2026-04-22T21:47:01.608577,97.7,52.44141387939453,400.0
2026-04-22T21:47:03.819041,97.0,52.39082717895508,400.0
2026-04-22T21:47:06.025556,92.1,52.340240478515625,400.0
2026-04-22T21:47:08.228357,97.5,52.340240478515625,400.0
2026-04-22T21:47:10.434910,90.0,52.492000579833984,400.0
2026-04-22T21:47:12.636788,97.4,52.44141387939453,400.0
2026-04-22T21:47:14.840868,93.8,52.492000579833984,400.0
2026-04-22T21:47:17.047364,96.9,52.492000579833984,400.0
2026-04-22T21:47:19.250820,96.5,52.39082717895508,400.0
2026-04-22T21:47:21.454961,87.8,52.44141387939453,400.0
2026-04-22T21:47:23.657019,97.8,52.492000579833984,400.0
2026-04-22T21:47:25.865610,91.4,52.492000579833984,400.0
2026-04-22T21:47:28.067707,96.7,52.492000579833984,400.0
2026-04-22T21:47:30.269690,95.0,52.492000579833984,400.0
2026-04-22T21:47:32.473387,97.3,52.54258728027344,400.0
2026-04-22T21:47:34.675908,97.8,52.54258728027344,400.0
2026-04-22T21:47:36.882428,97.9,52.69434356689453,400.0
2026-04-22T21:47:39.084166,97.6,52.54258728027344,400.0
2026-04-22T21:47:41.289564,83.0,52.54258728027344,400.0
2026-04-22T21:47:43.492775,95.8,52.64375686645508,400.0
2026-04-22T21:47:45.701717,97.4,52.64375686645508,400.0
2026-04-22T21:47:47.905259,97.0,52.64375686645508,400.0
2026-04-22T21:47:50.107315,98.1,52.59317398071289,400.0
2026-04-22T21:47:52.311721,97.5,52.59317398071289,400.0
2026-04-22T21:47:54.514867,97.3,52.54258728027344,400.0
2026-04-22T21:47:56.718155,93.4,52.54258728027344,400.0
2026-04-22T21:47:58.923609,97.0,52.44141387939453,400.0
2026-04-22T21:48:01.127161,91.1,52.44141387939453,400.0
2026-04-22T21:48:03.330583,97.7,52.492000579833984,400.0
2026-04-22T21:48:05.535659,97.7,52.54258728027344,400.0
2026-04-22T21:48:07.738598,96.5,52.59317398071289,400.0
2026-04-22T21:48:09.941489,97.2,52.54258728027344,400.0
2026-04-22T21:48:12.143572,97.3,52.54258728027344,400.0
2026-04-22T21:48:14.346508,96.8,52.64375686645508,400.0
2026-04-22T21:48:16.551505,94.2,52.54258728027344,400.0
2026-04-22T21:48:18.756147,97.5,52.492000579833984,400.0
2026-04-22T21:48:20.958631,90.4,52.44141387939453,400.0
2026-04-22T21:48:23.163159,96.7,52.59317398071289,400.0
2026-04-22T21:48:25.367996,96.2,52.59317398071289,400.0
2026-04-22T21:48:27.571326,95.8,52.64375686645508,400.0
2026-04-22T21:48:29.774658,96.8,52.69434356689453,400.0
2026-04-22T21:48:31.979154,96.1,52.69434356689453,400.0
2026-04-22T21:48:34.181487,96.4,52.79551696777344,400.0
2026-04-22T21:48:36.384598,97.6,52.744930267333984,400.0
2026-04-22T21:48:38.590368,97.9,52.79551696777344,400.0
2026-04-22T21:48:40.793920,97.5,52.59317398071289,400.0
2026-04-22T21:48:42.996800,97.8,52.744930267333984,400.0
2026-04-22T21:48:45.204034,96.7,52.59317398071289,400.0
2026-04-22T21:48:47.409725,93.8,52.59317398071289,400.0
2026-04-22T21:48:49.613969,93.1,52.64375686645508,400.0
2026-04-22T21:48:51.816714,96.1,52.54258728027344,400.0
2026-04-22T21:48:54.022705,96.6,52.64375686645508,400.0
2026-04-22T21:48:56.224623,97.9,52.64375686645508,400.0
2026-04-22T21:48:58.430093,96.8,52.69434356689453,400.0
2026-04-22T21:49:00.635258,96.0,52.54258728027344,400.0
2026-04-22T21:49:02.839701,92.0,52.59317398071289,400.0
2026-04-22T21:49:05.045999,97.3,52.69434356689453,400.0
2026-04-22T21:49:07.251065,97.4,52.744930267333984,400.0
2026-04-22T21:49:09.456235,96.9,52.69434356689453,400.0
2026-04-22T21:49:11.660745,97.6,52.64375686645508,400.0
2026-04-22T21:49:13.868003,97.2,52.64375686645508,400.0
2026-04-22T21:49:16.070972,97.1,52.64375686645508,400.0
2026-04-22T21:49:18.273893,94.8,52.64375686645508,400.0
2026-04-22T21:49:20.479061,96.7,52.64375686645508,400.0
2026-04-22T21:49:22.681843,97.9,52.64375686645508,400.0
2026-04-22T21:49:24.886345,96.2,52.64375686645508,400.0
2026-04-22T21:49:27.093034,97.5,52.59317398071289,400.0
2026-04-22T21:49:29.295654,97.6,52.64375686645508,400.0
2026-04-22T21:49:31.499573,97.4,52.69434356689453,400.0
2026-04-22T21:49:33.704188,95.0,52.64375686645508,400.0
2026-04-22T21:49:35.907729,97.5,52.744930267333984,400.0
2026-04-22T21:49:38.111885,94.0,52.744930267333984,400.0
2026-04-22T21:49:40.314666,97.6,52.744930267333984,400.0
2026-04-22T21:49:42.518625,97.3,52.744930267333984,400.0
2026-04-22T21:49:44.722808,94.1,52.59317398071289,400.0
2026-04-22T21:49:46.924500,97.2,52.69434356689453,400.0
2026-04-22T21:49:49.129620,87.4,52.54258728027344,400.0
2026-04-22T21:49:51.335197,97.1,52.69434356689453,400.0
2026-04-22T21:49:53.539324,97.6,52.744930267333984,400.0
2026-04-22T21:49:55.741721,96.2,52.69434356689453,400.0
2026-04-22T21:49:57.945616,97.6,52.28965377807617,400.0
2026-04-22T21:50:00.151381,81.7,52.69434356689453,400.0
2026-04-22T21:50:02.353147,97.6,52.744930267333984,400.0
2026-04-22T21:50:04.556851,95.7,52.59317398071289,400.0
2026-04-22T21:50:06.759150,97.7,52.64375686645508,400.0
2026-04-22T21:50:08.962949,95.8,52.64375686645508,400.0
2026-04-22T21:50:11.171334,97.4,52.69434356689453,400.0
2026-04-22T21:50:13.374572,97.1,52.64375686645508,400.0
2026-04-22T21:50:15.579056,96.9,52.69434356689453,400.0
2026-04-22T21:50:17.781578,97.9,52.744930267333984,400.0
2026-04-22T21:50:19.986663,84.1,52.64375686645508,400.0
2026-04-22T21:50:22.191600,97.9,52.69434356689453,400.0
2026-04-22T21:50:24.394907,98.0,52.64375686645508,400.0
2026-04-22T21:50:26.600454,97.4,52.744930267333984,400.0
2026-04-22T21:50:28.803765,96.8,52.69434356689453,400.0
2026-04-22T21:50:31.006974,97.8,52.79551696777344,400.0
2026-04-22T21:50:33.210256,97.9,52.744930267333984,400.0
2026-04-22T21:50:35.412157,89.9,52.84610366821289,400.0
2026-04-22T21:50:37.615598,97.8,52.896690368652344,400.0
2026-04-22T21:50:39.819888,96.7,52.64375686645508,400.0
2026-04-22T21:50:42.022670,97.8,52.79551696777344,400.0
2026-04-22T21:50:44.224996,97.5,52.64375686645508,400.0
2026-04-22T21:50:46.428363,97.8,52.744930267333984,400.0
2026-04-22T21:50:48.631139,96.8,52.59317398071289,400.0
2026-04-22T21:50:50.843075,94.3,52.64375686645508,400.0
2026-04-22T21:50:53.047033,97.3,52.64375686645508,400.0
2026-04-22T21:50:55.251484,95.0,52.744930267333984,400.0
2026-04-22T21:50:57.461555,96.5,52.744930267333984,400.0
2026-04-22T21:50:59.666139,98.1,52.64375686645508,400.0
2026-04-22T21:51:01.870089,86.3,52.744930267333984,400.0
2026-04-22T21:51:04.073927,97.4,52.69434356689453,400.0
2026-04-22T21:51:06.278108,95.3,52.54258728027344,400.0
2026-04-22T21:51:08.479940,96.8,52.59317398071289,400.0
2026-04-22T21:51:10.683696,95.2,52.59317398071289,400.0
2026-04-22T21:51:12.887839,97.7,52.492000579833984,400.0
2026-04-22T21:51:15.089459,96.9,52.54258728027344,400.0
2026-04-22T21:51:17.292433,96.9,52.54258728027344,400.0
2026-04-22T21:51:19.499345,97.5,52.54258728027344,400.0
2026-04-22T21:51:21.703261,84.6,52.44141387939453,400.0
2026-04-22T21:51:23.905859,97.7,52.54258728027344,400.0
2026-04-22T21:51:26.109684,94.0,52.54258728027344,400.0
2026-04-22T21:51:28.316074,97.7,52.59317398071289,400.0
2026-04-22T21:51:30.523075,92.7,52.59317398071289,400.0
2026-04-22T21:51:32.726109,97.4,52.54258728027344,400.0
2026-04-22T21:51:34.928885,97.7,52.492000579833984,400.0
2026-04-22T21:51:37.132546,96.8,52.64375686645508,400.0
2026-04-22T21:51:39.336945,97.1,52.64375686645508,400.0
2026-04-22T21:51:41.544379,91.7,52.59317398071289,400.0
2026-04-22T21:51:43.746310,93.7,52.59317398071289,400.0
2026-04-22T21:51:45.948020,97.4,52.492000579833984,400.0
2026-04-22T21:51:48.150213,97.5,52.59317398071289,400.0
2026-04-22T21:51:50.352994,96.6,52.59317398071289,400.0
2026-04-22T21:51:52.555920,96.3,52.59317398071289,400.0
2026-04-22T21:51:54.758111,97.8,52.59317398071289,400.0
2026-04-22T21:51:56.964060,94.7,52.59317398071289,400.0
2026-04-22T21:51:59.167378,90.0,52.54258728027344,400.0
2026-04-22T21:52:01.370068,98.0,52.59317398071289,400.0
2026-04-22T21:52:03.573568,97.5,52.64375686645508,400.0
2026-04-22T21:52:05.776469,97.3,52.54258728027344,400.0
2026-04-22T21:52:07.979850,95.7,52.59317398071289,400.0
2026-04-22T21:52:10.187112,96.9,52.69434356689453,400.0
2026-04-22T21:52:12.393578,96.0,52.59317398071289,400.0
2026-04-22T21:52:14.595512,97.2,52.54258728027344,400.0
2026-04-22T21:52:16.797233,96.4,52.59317398071289,400.0
2026-04-22T21:52:18.999799,97.0,52.492000579833984,400.0
2026-04-22T21:52:21.203886,97.5,52.44141387939453,400.0
2026-04-22T21:52:23.407753,95.1,52.44141387939453,400.0
2026-04-22T21:52:25.610145,96.3,52.44141387939453,400.0
2026-04-22T21:52:27.815116,94.7,52.492000579833984,400.0
2026-04-22T21:52:30.018055,97.6,52.54258728027344,400.0
2026-04-22T21:52:32.220707,96.8,52.59317398071289,400.0
2026-04-22T21:52:34.430754,97.6,52.64375686645508,400.0
2026-04-22T21:52:36.633692,96.0,52.59317398071289,400.0
2026-04-22T21:52:38.836149,96.4,52.744930267333984,400.0
2026-04-22T21:52:41.039309,96.6,52.59317398071289,400.0
2026-04-22T21:52:43.244626,96.4,52.744930267333984,400.0
2026-04-22T21:52:45.447766,97.0,52.744930267333984,400.0
2026-04-22T21:52:47.650721,96.0,52.69434356689453,400.0
2026-04-22T21:52:49.866395,89.8,52.64375686645508,400.0
2026-04-22T21:52:52.071534,96.7,52.59317398071289,400.0
2026-04-22T21:52:54.277096,97.2,52.59317398071289,400.0
2026-04-22T21:52:56.481672,96.7,52.744930267333984,400.0
2026-04-22T21:52:58.685657,96.5,52.69434356689453,400.0
2026-04-22T21:53:00.887668,92.9,52.744930267333984,400.0
2026-04-22T21:53:03.089274,97.7,52.744930267333984,400.0
2026-04-22T21:53:05.292522,97.0,52.744930267333984,400.0
2026-04-22T21:53:07.509015,96.6,52.744930267333984,400.0
2026-04-22T21:53:09.716474,96.9,52.69434356689453,400.0
2026-04-22T21:53:11.923047,97.6,52.69434356689453,400.0
2026-04-22T21:53:14.124760,96.5,52.744930267333984,400.0
2026-04-22T21:53:16.327407,97.4,52.744930267333984,400.0
2026-04-22T21:53:18.531833,95.8,52.64375686645508,400.0
2026-04-22T21:53:20.736960,96.6,52.69434356689453,400.0
2026-04-22T21:53:22.941079,97.2,52.492000579833984,400.0
2026-04-22T21:53:25.144226,93.1,52.54258728027344,400.0
2026-04-22T21:53:27.359787,96.9,52.54258728027344,400.0
2026-04-22T21:53:29.566179,94.0,52.59317398071289,400.0
2026-04-22T21:53:31.767901,97.7,52.64375686645508,400.0
2026-04-22T21:53:33.973449,96.3,52.69434356689453,400.0
2026-04-22T21:53:36.174991,97.9,52.744930267333984,400.0
2026-04-22T21:53:38.378739,98.0,52.744930267333984,400.0
2026-04-22T21:53:40.581881,97.1,52.744930267333984,400.0
2026-04-22T21:53:42.787400,96.5,52.79551696777344,400.0
2026-04-22T21:53:44.991252,96.5,52.84610366821289,400.0
2026-04-22T21:53:47.195387,97.9,52.69434356689453,400.0
2026-04-22T21:53:49.397991,87.2,52.79551696777344,400.0
2026-04-22T21:53:51.604917,96.3,52.79551696777344,400.0
2026-04-22T21:53:53.807113,98.0,52.744930267333984,400.0
2026-04-22T21:53:56.010138,97.8,52.84610366821289,400.0
2026-04-22T21:53:58.215592,97.1,52.744930267333984,400.0
2026-04-22T21:54:00.419035,96.0,52.79551696777344,400.0
2026-04-22T21:54:02.622854,95.5,52.79551696777344,400.0
2026-04-22T21:54:04.828180,95.5,52.69434356689453,400.0
2026-04-22T21:54:07.034042,97.8,52.744930267333984,400.0
2026-04-22T21:54:09.236009,97.8,52.69434356689453,400.0
2026-04-22T21:54:11.439529,97.9,52.69434356689453,400.0
2026-04-22T21:54:13.641337,96.7,52.64375686645508,400.0
2026-04-22T21:54:15.844087,96.2,52.69434356689453,400.0
2026-04-22T21:54:18.048823,96.9,52.744930267333984,400.0
2026-04-22T21:54:20.256003,96.6,52.744930267333984,400.0
2026-04-22T21:54:22.459171,97.3,52.744930267333984,400.0
2026-04-22T21:54:24.662752,95.9,52.64375686645508,400.0
2026-04-22T21:54:26.866795,98.0,52.744930267333984,400.0
2026-04-22T21:54:29.068598,96.7,52.744930267333984,400.0
2026-04-22T21:54:31.275528,96.4,52.79551696777344,400.0
2026-04-22T21:54:33.478133,97.6,52.744930267333984,400.0
2026-04-22T21:54:35.681576,92.2,52.744930267333984,400.0
2026-04-22T21:54:37.884084,98.0,52.744930267333984,400.0
2026-04-22T21:54:40.088549,97.6,52.744930267333984,400.0
2026-04-22T21:54:42.292357,96.8,52.744930267333984,400.0
2026-04-22T21:54:44.497757,98.0,52.79551696777344,400.0
2026-04-22T21:54:46.700368,97.7,52.896690368652344,400.0
2026-04-22T21:54:48.907440,96.6,52.64375686645508,400.0
2026-04-22T21:54:51.110230,88.0,52.79551696777344,400.0
2026-04-22T21:54:53.314419,96.8,52.9472770690918,400.0
2026-04-22T21:54:55.518489,93.6,52.896690368652344,400.0
2026-04-22T21:54:57.722146,98.0,52.896690368652344,400.0
2026-04-22T21:54:59.926189,97.7,52.84610366821289,400.0
2026-04-22T21:55:02.130373,97.2,52.896690368652344,400.0
2026-04-22T21:55:04.337079,97.7,52.69434356689453,400.0
2026-04-22T21:55:06.543316,92.9,52.896690368652344,400.0
2026-04-22T21:55:08.745032,94.8,52.99786376953125,400.0
2026-04-22T21:55:10.947322,94.9,52.896690368652344,400.0
2026-04-22T21:55:13.151698,97.6,52.896690368652344,400.0
2026-04-22T21:55:15.360515,96.1,52.9472770690918,400.0
2026-04-22T21:55:17.563488,97.5,52.9472770690918,400.0
2026-04-22T21:55:19.767719,98.0,52.84610366821289,400.0
2026-04-22T21:55:21.975182,89.1,52.99786376953125,400.0
2026-04-22T21:55:24.179442,98.0,52.9472770690918,400.0
2026-04-22T21:55:26.391420,94.1,52.84610366821289,400.0
2026-04-22T21:55:28.593396,97.4,52.9472770690918,400.0
2026-04-22T21:55:30.798214,94.8,52.9472770690918,400.0
2026-04-22T21:55:33.006087,97.6,52.99786376953125,400.0
2026-04-22T21:55:35.208066,96.7,52.59317398071289,400.0
2026-04-22T21:55:37.414791,92.7,52.896690368652344,400.0
2026-04-22T21:55:39.618287,97.1,52.99786376953125,400.0
2026-04-22T21:55:41.820944,96.2,52.9472770690918,400.0
2026-04-22T21:55:44.026617,98.0,53.04844665527344,400.0
2026-04-22T21:55:46.228787,97.7,53.04844665527344,400.0
2026-04-22T21:55:48.435707,96.9,52.9472770690918,400.0
2026-04-22T21:55:50.638857,91.9,52.9472770690918,400.0
2026-04-22T21:55:52.840692,97.1,53.09903335571289,400.0
2026-04-22T21:55:55.045026,97.4,53.04844665527344,400.0
2026-04-22T21:55:57.250134,93.4,52.99786376953125,400.0
2026-04-22T21:55:59.452227,95.6,53.09903335571289,400.0
2026-04-22T21:56:01.655710,95.2,53.2002067565918,400.0
2026-04-22T21:56:03.858897,97.0,53.149620056152344,400.0
2026-04-22T21:56:06.062724,94.0,53.2002067565918,400.0
2026-04-22T21:56:08.266896,94.4,53.25079345703125,400.0
2026-04-22T21:56:10.470768,93.9,53.2002067565918,400.0
2026-04-22T21:56:12.675969,96.8,53.2002067565918,400.0
2026-04-22T21:56:14.879919,98.0,53.25079345703125,400.0
2026-04-22T21:56:17.081940,97.0,53.09903335571289,400.0
2026-04-22T21:56:19.283876,97.1,53.25079345703125,400.0
2026-04-22T21:56:21.492326,97.8,53.149620056152344,400.0
2026-04-22T21:56:23.696632,97.0,53.149620056152344,400.0
2026-04-22T21:56:25.901389,97.4,53.149620056152344,400.0
2026-04-22T21:56:28.103713,95.8,53.3013801574707,400.0
2026-04-22T21:56:30.307903,97.7,53.25079345703125,400.0
2026-04-22T21:56:32.511880,93.3,53.149620056152344,400.0
2026-04-22T21:56:34.715261,95.9,53.2002067565918,400.0
2026-04-22T21:56:36.919404,97.2,53.09903335571289,400.0
2026-04-22T21:56:39.124992,90.5,53.149620056152344,400.0
2026-04-22T21:56:41.328039,97.9,53.04844665527344,400.0
2026-04-22T21:56:43.535086,97.0,53.04844665527344,400.0
2026-04-22T21:56:45.738134,93.1,53.04844665527344,400.0
2026-04-22T21:56:47.941692,96.3,52.99786376953125,400.0
2026-04-22T21:56:50.148125,96.7,53.04844665527344,400.0
2026-04-22T21:56:52.351450,98.0,52.79551696777344,400.0
2026-04-22T21:56:54.553749,96.9,52.59317398071289,400.0
2026-04-22T21:56:56.760052,93.8,52.59317398071289,400.0
2026-04-22T21:56:58.967966,93.6,52.69434356689453,400.0
2026-04-22T21:57:01.171046,96.5,52.64375686645508,400.0
2026-04-22T21:57:03.373264,96.6,52.64375686645508,400.0
2026-04-22T21:57:05.576995,96.1,52.64375686645508,400.0
2026-04-22T21:57:07.780405,97.7,52.69434356689453,400.0
2026-04-22T21:57:09.984307,97.7,52.744930267333984,400.0
2026-04-22T21:57:12.190209,98.1,52.69434356689453,400.0
2026-04-22T21:57:14.393038,96.0,52.59317398071289,400.0
2026-04-22T21:57:16.598457,97.5,52.59317398071289,400.0
2026-04-22T21:57:18.802021,89.4,52.492000579833984,400.0
2026-04-22T21:57:21.004039,97.1,52.59317398071289,400.0
2026-04-22T21:57:23.213297,97.6,52.59317398071289,400.0
2026-04-22T21:57:25.417066,97.9,52.44141387939453,400.0
2026-04-22T21:57:27.624200,97.7,52.492000579833984,400.0
2026-04-22T21:57:29.827793,96.5,52.39082717895508,400.0
2026-04-22T21:57:32.031998,97.8,52.492000579833984,400.0
2026-04-22T21:57:34.236600,94.2,52.492000579833984,400.0
2026-04-22T21:57:36.442871,91.9,52.44141387939453,400.0
2026-04-22T21:57:38.646965,95.5,52.39082717895508,400.0
2026-04-22T21:57:40.852344,96.3,52.492000579833984,400.0
2026-04-22T21:57:43.055983,97.3,52.39082717895508,400.0
2026-04-22T21:57:45.261994,94.6,52.44141387939453,400.0
2026-04-22T21:57:47.466931,96.3,52.39082717895508,400.0
2026-04-22T21:57:49.677489,97.5,52.492000579833984,400.0
2026-04-22T21:57:51.879655,97.6,52.39082717895508,400.0
2026-04-22T21:57:54.089022,97.4,52.28965377807617,400.0
2026-04-22T21:57:56.293020,91.1,52.39082717895508,400.0
2026-04-22T21:57:58.498541,97.2,52.340240478515625,400.0
2026-04-22T21:58:00.702553,91.3,52.23906707763672,400.0
2026-04-22T21:58:02.906952,97.3,52.340240478515625,400.0
2026-04-22T21:58:05.109629,94.2,52.44141387939453,400.0
2026-04-22T21:58:07.311689,97.7,52.492000579833984,400.0
2026-04-22T21:58:09.515110,98.0,52.44141387939453,400.0
2026-04-22T21:58:11.718259,96.8,52.44141387939453,400.0
2026-04-22T21:58:13.925054,97.7,52.23906707763672,400.0
2026-04-22T21:58:16.127910,95.9,52.340240478515625,400.0
2026-04-22T21:58:18.330260,97.2,52.340240478515625,400.0
2026-04-22T21:58:20.536191,96.8,52.340240478515625,400.0
2026-04-22T21:58:22.740512,96.8,52.44141387939453,400.0
2026-04-22T21:58:24.942615,94.8,52.28965377807617,400.0
2026-04-22T21:58:27.145445,97.4,52.28965377807617,400.0
2026-04-22T21:58:29.349005,97.6,52.340240478515625,400.0
2026-04-22T21:58:31.553872,94.8,52.23906707763672,400.0
2026-04-22T21:58:33.758891,97.4,51.98613739013672,400.0
2026-04-22T21:58:35.961173,90.4,52.28965377807617,400.0
2026-04-22T21:58:38.166988,97.8,52.18848419189453,400.0
2026-04-22T21:58:40.376406,97.5,52.28965377807617,400.0
2026-04-22T21:58:42.578401,97.9,52.28965377807617,400.0
2026-04-22T21:58:44.785049,96.3,52.13789749145508,400.0
2026-04-22T21:58:46.998553,97.6,52.23906707763672,400.0
2026-04-22T21:58:49.203017,97.7,52.18848419189453,400.0
2026-04-22T21:58:51.412790,90.9,52.18848419189453,400.0
2026-04-22T21:58:53.622478,96.3,52.13789749145508,400.0
2026-04-22T21:58:55.828630,97.4,52.23906707763672,400.0
2026-04-22T21:58:58.034175,97.6,52.28965377807617,400.0
2026-04-22T21:59:00.238379,98.0,52.340240478515625,400.0
2026-04-22T21:59:02.444686,96.1,52.340240478515625,400.0
2026-04-22T21:59:04.650091,97.2,52.28965377807617,400.0
2026-04-22T21:59:06.852931,91.2,52.340240478515625,400.0
2026-04-22T21:59:09.057922,97.5,52.492000579833984,400.0
2026-04-22T21:59:11.262117,96.8,52.44141387939453,400.0
2026-04-22T21:59:13.466759,95.0,52.492000579833984,400.0
2026-04-22T21:59:15.669683,96.8,52.44141387939453,400.0
2026-04-22T21:59:17.872822,97.4,52.44141387939453,400.0
2026-04-22T21:59:20.076056,97.7,52.44141387939453,400.0
2026-04-22T21:59:22.285991,89.5,52.44141387939453,400.0
2026-04-22T21:59:24.487769,98.0,52.39082717895508,400.0
2026-04-22T21:59:26.689832,95.8,52.39082717895508,400.0
2026-04-22T21:59:28.892497,97.4,52.39082717895508,400.0
2026-04-22T21:59:31.096728,97.6,52.23906707763672,400.0
2026-04-22T21:59:33.299782,90.8,52.340240478515625,400.0
2026-04-22T21:59:35.502683,96.6,52.39082717895508,400.0
2026-04-22T21:59:37.707710,96.7,52.340240478515625,400.0
2026-04-22T21:59:39.910454,97.6,52.492000579833984,400.0
2026-04-22T21:59:42.112572,97.0,52.39082717895508,400.0
2026-04-22T21:59:44.315388,97.2,52.39082717895508,400.0
2026-04-22T21:59:46.520653,92.8,52.39082717895508,400.0
2026-04-22T21:59:48.723586,97.8,52.340240478515625,400.0
2026-04-22T21:59:50.926893,96.0,52.44141387939453,400.0
2026-04-22T21:59:53.130077,95.3,52.39082717895508,400.0
2026-04-22T21:59:55.333514,96.7,52.39082717895508,400.0
2026-04-22T21:59:57.535471,97.1,52.39082717895508,400.0
2026-04-22T21:59:59.738233,97.5,52.44141387939453,400.0
2026-04-22T22:00:01.940064,96.2,52.39082717895508,400.0
2026-04-22T22:00:04.143290,97.6,52.39082717895508,400.0
2026-04-22T22:00:06.346717,93.8,52.44141387939453,400.0
2026-04-22T22:00:08.548792,91.2,52.44141387939453,400.0
2026-04-22T22:00:10.752923,97.0,52.492000579833984,400.0
2026-04-22T22:00:12.957981,94.4,52.54258728027344,400.0
2026-04-22T22:00:15.163554,97.5,52.492000579833984,400.0
2026-04-22T22:00:17.366412,97.9,52.54258728027344,400.0
2026-04-22T22:00:19.572957,97.6,52.54258728027344,400.0
2026-04-22T22:00:21.777382,97.3,52.340240478515625,400.0
2026-04-22T22:00:23.979078,94.8,52.59317398071289,400.0
2026-04-22T22:00:26.181354,97.3,52.54258728027344,400.0
2026-04-22T22:00:28.383974,96.5,52.492000579833984,400.0
2026-04-22T22:00:30.587423,97.4,52.54258728027344,400.0
2026-04-22T22:00:32.792186,94.4,52.54258728027344,400.0
2026-04-22T22:00:34.994195,96.3,52.54258728027344,400.0
2026-04-22T22:00:37.198202,96.7,52.54258728027344,400.0
2026-04-22T22:00:39.401227,96.2,52.492000579833984,400.0
2026-04-22T22:00:41.603804,96.8,52.54258728027344,400.0
2026-04-22T22:00:43.810322,93.5,52.54258728027344,400.0
2026-04-22T22:00:46.012115,96.8,52.54258728027344,400.0
2026-04-22T22:00:48.217456,97.2,52.44141387939453,400.0
2026-04-22T22:00:50.420682,97.9,52.492000579833984,400.0
2026-04-22T22:00:52.624481,97.4,52.39082717895508,400.0
2026-04-22T22:00:54.829148,96.9,52.44141387939453,400.0
2026-04-22T22:00:57.034451,97.6,52.39082717895508,400.0
2026-04-22T22:00:59.237008,89.9,52.340240478515625,400.0
2026-04-22T22:01:01.438756,97.2,52.39082717895508,400.0
2026-04-22T22:01:03.642107,96.1,52.39082717895508,400.0
2026-04-22T22:01:05.848240,96.4,52.39082717895508,400.0
2026-04-22T22:01:08.052318,97.1,52.44141387939453,400.0
2026-04-22T22:01:10.255491,96.5,52.44141387939453,400.0
2026-04-22T22:01:12.458718,96.7,52.44141387939453,400.0
2026-04-22T22:01:14.661916,94.7,52.39082717895508,400.0
2026-04-22T22:01:16.865094,96.9,52.54258728027344,400.0
2026-04-22T22:01:19.071032,94.7,52.492000579833984,400.0
2026-04-22T22:01:21.275550,94.7,52.44141387939453,400.0
2026-04-22T22:01:23.478942,96.3,52.39082717895508,400.0
2026-04-22T22:01:25.682846,97.6,52.492000579833984,400.0
2026-04-22T22:01:27.885129,96.8,52.28965377807617,400.0
2026-04-22T22:01:30.090706,93.0,52.54258728027344,400.0
2026-04-22T22:01:32.295680,97.0,52.492000579833984,400.0
2026-04-22T22:01:34.498510,95.6,52.44141387939453,400.0
2026-04-22T22:01:36.701230,96.8,52.54258728027344,400.0
2026-04-22T22:01:38.904837,94.9,52.39082717895508,400.0
2026-04-22T22:01:41.111972,98.0,52.64375686645508,400.0
2026-04-22T22:01:43.315769,97.6,52.492000579833984,400.0
2026-04-22T22:01:45.519210,87.8,52.54258728027344,400.0
2026-04-22T22:01:47.723350,97.0,52.54258728027344,400.0
2026-04-22T22:01:49.928712,90.3,52.492000579833984,400.0
2026-04-22T22:01:52.131649,97.3,52.492000579833984,400.0
2026-04-22T22:01:54.334949,94.7,52.44141387939453,400.0
2026-04-22T22:01:56.540156,97.6,52.54258728027344,400.0
2026-04-22T22:01:58.743333,97.0,52.492000579833984,400.0
2026-04-22T22:02:00.946822,97.3,52.54258728027344,400.0
2026-04-22T22:02:03.150468,97.0,52.44141387939453,400.0
2026-04-22T22:02:05.355459,94.8,52.44141387939453,400.0
2026-04-22T22:02:07.558625,96.9,52.44141387939453,400.0
2026-04-22T22:02:09.761733,96.9,52.28965377807617,400.0
2026-04-22T22:02:11.964285,97.2,52.28965377807617,400.0
2026-04-22T22:02:14.167948,97.8,52.23906707763672,400.0
2026-04-22T22:02:16.370631,96.1,52.18848419189453,400.0
2026-04-22T22:02:18.573695,97.6,52.23906707763672,400.0
2026-04-22T22:02:20.780145,95.7,52.28965377807617,400.0
2026-04-22T22:02:22.984987,97.5,52.28965377807617,400.0
2026-04-22T22:02:25.188157,96.9,52.340240478515625,400.0
2026-04-22T22:02:27.391155,96.6,52.28965377807617,400.0
2026-04-22T22:02:29.594348,96.7,52.23906707763672,400.0
2026-04-22T22:02:31.797615,86.9,52.39082717895508,400.0
2026-04-22T22:02:34.000283,97.2,52.03672409057617,400.0
2026-04-22T22:02:36.205831,89.6,52.28965377807617,400.0
2026-04-22T22:02:38.408709,97.6,52.340240478515625,400.0
2026-04-22T22:02:40.613147,97.2,52.23906707763672,400.0
2026-04-22T22:02:42.816424,97.8,52.23906707763672,400.0
2026-04-22T22:02:45.020607,94.0,52.18848419189453,400.0
2026-04-22T22:02:47.225925,97.2,52.13789749145508,400.0
2026-04-22T22:02:49.433651,96.4,52.087310791015625,400.0
2026-04-22T22:02:51.635585,94.6,52.23906707763672,400.0
2026-04-22T22:02:53.838389,98.0,52.28965377807617,400.0
2026-04-22T22:02:56.046176,95.5,52.23906707763672,400.0
2026-04-22T22:02:58.250785,97.3,52.23906707763672,400.0
2026-04-22T22:03:00.456285,97.7,52.18848419189453,400.0
2026-04-22T22:03:02.661994,97.7,52.23906707763672,400.0
2026-04-22T22:03:04.864940,98.0,52.13789749145508,400.0
2026-04-22T22:03:07.074877,97.2,51.935550689697266,400.0
2026-04-22T22:03:09.280426,92.8,52.087310791015625,400.0
2026-04-22T22:03:11.486015,95.6,52.087310791015625,400.0
2026-04-22T22:03:13.690740,97.5,52.087310791015625,400.0
2026-04-22T22:03:15.894073,97.0,51.98613739013672,400.0
2026-04-22T22:03:18.099026,98.0,52.13789749145508,400.0
2026-04-22T22:03:20.301998,95.9,52.13789749145508,400.0
2026-04-22T22:03:22.505803,97.2,52.13789749145508,400.0
2026-04-22T22:03:24.712990,97.9,52.03672409057617,400.0
2026-04-22T22:03:26.914573,97.3,52.23906707763672,400.0
2026-04-22T22:03:29.118212,97.6,52.23906707763672,400.0
2026-04-22T22:03:31.320531,97.1,52.18848419189453,400.0
2026-04-22T22:03:33.523981,97.7,52.23906707763672,400.0
2026-04-22T22:03:35.726766,89.4,52.23906707763672,400.0
2026-04-22T22:03:37.930530,95.1,52.13789749145508,400.0
2026-04-22T22:03:40.134889,95.4,52.23906707763672,400.0
2026-04-22T22:03:42.339441,93.8,52.23906707763672,400.0
2026-04-22T22:03:44.544994,97.9,52.18848419189453,400.0
2026-04-22T22:03:46.747926,97.0,52.18848419189453,400.0
2026-04-22T22:03:48.950811,97.6,52.03672409057617,400.0
2026-04-22T22:03:51.154577,94.6,52.13789749145508,400.0
2026-04-22T22:03:53.357207,97.6,52.13789749145508,400.0
2026-04-22T22:03:55.561238,92.3,52.18848419189453,400.0
2026-04-22T22:03:57.766788,95.6,52.23906707763672,400.0
2026-04-22T22:03:59.970446,96.6,52.23906707763672,400.0
2026-04-22T22:04:02.173388,96.4,52.13789749145508,400.0
2026-04-22T22:04:04.377016,97.6,52.087310791015625,400.0
2026-04-22T22:04:06.580361,96.0,52.23906707763672,400.0
2026-04-22T22:04:08.784477,96.9,52.18848419189453,400.0
2026-04-22T22:04:10.986250,95.3,52.18848419189453,400.0
2026-04-22T22:04:13.196032,96.2,52.28965377807617,400.0
2026-04-22T22:04:15.397887,96.5,52.340240478515625,400.0
2026-04-22T22:04:17.600695,97.8,52.39082717895508,400.0
2026-04-22T22:04:19.807460,96.3,52.39082717895508,400.0
2026-04-22T22:04:22.008993,96.6,52.18848419189453,400.0
2026-04-22T22:04:24.212257,97.4,52.340240478515625,400.0
2026-04-22T22:04:26.416646,96.9,52.18848419189453,400.0
2026-04-22T22:04:28.620421,93.1,52.340240478515625,400.0
2026-04-22T22:04:30.824490,96.9,52.340240478515625,400.0
2026-04-22T22:04:33.027139,97.0,52.39082717895508,400.0
2026-04-22T22:04:35.230250,97.5,52.39082717895508,400.0
2026-04-22T22:04:37.435925,97.6,52.340240478515625,400.0
2026-04-22T22:04:39.639040,92.9,52.39082717895508,400.0
2026-04-22T22:04:41.844947,97.2,52.23906707763672,400.0
2026-04-22T22:04:44.061802,93.3,52.28965377807617,400.0
2026-04-22T22:04:46.264727,97.2,52.39082717895508,400.0
2026-04-22T22:04:48.468193,95.0,52.28965377807617,400.0
2026-04-22T22:04:50.673438,96.6,52.28965377807617,400.0
2026-04-22T22:04:52.878836,97.9,52.23906707763672,400.0
2026-04-22T22:04:55.082928,95.0,52.087310791015625,400.0
2026-04-22T22:04:57.287326,97.5,52.03672409057617,400.0
2026-04-22T22:04:59.492290,92.4,52.13789749145508,400.0
2026-04-22T22:05:01.697008,96.4,52.18848419189453,400.0
2026-04-22T22:05:03.900387,96.3,52.18848419189453,400.0
2026-04-22T22:05:06.103250,97.7,52.18848419189453,400.0
2026-04-22T22:05:08.304857,96.9,52.28965377807617,400.0
2026-04-22T22:05:10.509715,97.1,52.18848419189453,400.0
2026-04-22T22:05:12.713349,97.1,52.13789749145508,400.0
2026-04-22T22:05:14.917524,95.8,52.13789749145508,400.0
2026-04-22T22:05:17.121004,97.5,52.13789749145508,400.0
2026-04-22T22:05:19.334277,93.0,52.13789749145508,400.0
2026-04-22T22:05:21.538792,97.1,52.18848419189453,400.0
2026-04-22T22:05:23.742840,97.5,52.13789749145508,400.0
2026-04-22T22:05:25.950773,97.3,52.23906707763672,400.0
2026-04-22T22:05:28.153613,97.9,52.28965377807617,400.0
2026-04-22T22:05:30.358338,97.5,52.28965377807617,400.0
2026-04-22T22:05:32.563209,96.5,52.18848419189453,400.0
2026-04-22T22:05:34.767047,94.9,52.23906707763672,400.0
2026-04-22T22:05:36.968663,97.0,52.28965377807617,400.0
2026-04-22T22:05:39.171976,94.6,52.18848419189453,400.0
2026-04-22T22:05:41.374842,97.6,52.23906707763672,400.0
2026-04-22T22:05:43.578513,96.2,52.18848419189453,400.0
2026-04-22T22:05:45.785461,96.2,52.23906707763672,400.0
2026-04-22T22:05:47.990418,97.3,52.087310791015625,400.0
2026-04-22T22:05:50.198606,79.5,52.087310791015625,400.0
2026-04-22T22:05:52.401297,97.8,52.13789749145508,400.0
2026-04-22T22:05:54.604429,96.1,52.03672409057617,400.0
2026-04-22T22:05:56.810609,97.4,52.23906707763672,400.0
2026-04-22T22:05:59.014140,97.9,52.087310791015625,400.0
2026-04-22T22:06:01.218228,97.3,52.13789749145508,400.0
2026-04-22T22:06:03.421630,97.8,52.087310791015625,400.0
2026-04-22T22:06:05.626700,92.6,52.23906707763672,400.0
2026-04-22T22:06:07.833026,97.2,52.23906707763672,400.0
2026-04-22T22:06:10.035307,96.6,52.13789749145508,400.0
2026-04-22T22:06:12.238371,97.7,52.18848419189453,400.0
2026-04-22T22:06:14.443732,97.6,52.18848419189453,400.0
2026-04-22T22:06:16.648174,97.4,52.28965377807617,400.0
2026-04-22T22:06:18.851308,97.6,52.13789749145508,400.0
2026-04-22T22:06:21.056996,90.9,52.13789749145508,400.0
2026-04-22T22:06:23.260338,97.3,52.13789749145508,400.0
2026-04-22T22:06:25.463922,94.7,52.13789749145508,400.0
2026-04-22T22:06:27.667508,96.7,52.13789749145508,400.0
2026-04-22T22:06:29.871216,97.8,52.13789749145508,400.0
2026-04-22T22:06:32.075542,96.9,52.087310791015625,400.0
2026-04-22T22:06:34.277700,97.1,51.98613739013672,400.0
2026-04-22T22:06:36.480920,94.4,52.087310791015625,400.0
2026-04-22T22:06:38.685066,97.6,52.03672409057617,400.0
2026-04-22T22:06:40.888643,95.7,51.98613739013672,400.0
2026-04-22T22:06:43.092488,96.9,52.03672409057617,400.0
2026-04-22T22:06:45.295380,94.3,52.03672409057617,400.0
2026-04-22T22:06:47.500748,96.5,52.03672409057617,400.0
2026-04-22T22:06:49.707561,97.8,51.935550689697266,400.0
2026-04-22T22:06:51.909227,93.3,51.88496398925781,400.0
2026-04-22T22:06:54.113903,97.1,51.88496398925781,400.0
2026-04-22T22:06:56.323460,93.2,51.83437728881836,400.0
2026-04-22T22:06:58.527051,95.9,51.88496398925781,400.0
2026-04-22T22:07:00.732431,97.3,51.98613739013672,400.0
2026-04-22T22:07:02.936265,98.0,51.935550689697266,400.0
2026-04-22T22:07:05.139179,97.3,51.88496398925781,400.0
2026-04-22T22:07:07.341872,97.4,51.98613739013672,400.0
2026-04-22T22:07:09.550814,97.5,51.83437728881836,400.0
2026-04-22T22:07:11.756528,95.9,51.98613739013672,400.0
2026-04-22T22:07:13.960580,96.6,51.935550689697266,400.0
2026-04-22T22:07:16.164910,93.7,51.935550689697266,400.0
2026-04-22T22:07:18.368698,97.3,51.935550689697266,400.0
2026-04-22T22:07:20.574680,94.3,51.935550689697266,400.0
2026-04-22T22:07:22.777866,97.8,51.88496398925781,400.0
2026-04-22T22:07:24.982362,97.6,51.73320770263672,400.0
2026-04-22T22:07:27.195331,89.8,51.935550689697266,400.0
2026-04-22T22:07:29.401407,98.0,51.98613739013672,400.0
2026-04-22T22:07:31.607813,95.5,51.88496398925781,400.0
2026-04-22T22:07:33.812198,97.3,51.98613739013672,400.0
2026-04-22T22:07:36.015600,96.1,51.88496398925781,400.0
2026-04-22T22:07:38.218927,97.5,52.087310791015625,400.0
2026-04-22T22:07:40.426650,95.9,52.03672409057617,400.0
2026-04-22T22:07:42.631086,97.6,52.03672409057617,400.0
2026-04-22T22:07:44.836108,96.8,52.087310791015625,400.0
2026-04-22T22:07:47.038800,97.2,51.98613739013672,400.0
2026-04-22T22:07:49.242037,97.0,52.13789749145508,400.0
2026-04-22T22:07:51.447488,96.7,52.03672409057617,400.0
2026-04-22T22:07:53.649742,96.7,52.087310791015625,400.0
2026-04-22T22:07:55.856590,87.8,51.63203430175781,400.0
2026-04-22T22:07:58.060431,88.9,51.98613739013672,400.0
2026-04-22T22:08:00.267814,97.6,51.98613739013672,400.0
2026-04-22T22:08:02.475664,95.2,52.087310791015625,400.0
2026-04-22T22:08:04.678517,97.9,52.087310791015625,400.0
2026-04-22T22:08:06.881886,96.8,52.13789749145508,400.0
2026-04-22T22:08:09.084402,96.9,52.13789749145508,400.0
2026-04-22T22:08:11.290834,96.6,51.98613739013672,400.0
2026-04-22T22:08:13.494643,92.5,52.03672409057617,400.0
2026-04-22T22:08:15.699062,96.4,51.935550689697266,400.0
2026-04-22T22:08:17.902313,92.3,51.98613739013672,400.0
2026-04-22T22:08:20.104756,96.9,51.935550689697266,400.0
2026-04-22T22:08:22.310633,96.1,51.98613739013672,400.0
2026-04-22T22:08:24.512469,95.9,51.98613739013672,400.0
2026-04-22T22:08:26.715963,97.1,51.88496398925781,400.0
2026-04-22T22:08:28.923724,96.5,51.88496398925781,400.0
2026-04-22T22:08:31.126402,94.9,51.83437728881836,400.0
2026-04-22T22:08:33.331508,95.8,51.83437728881836,400.0
2026-04-22T22:08:35.534374,97.8,51.88496398925781,400.0
2026-04-22T22:08:37.736221,96.1,51.88496398925781,400.0
2026-04-22T22:08:39.939108,97.2,51.88496398925781,400.0
2026-04-22T22:08:42.144256,97.3,51.78379440307617,400.0
2026-04-22T22:08:44.350436,91.0,51.88496398925781,400.0
2026-04-22T22:08:46.554854,97.3,51.73320770263672,400.0
2026-04-22T22:08:48.765129,91.9,51.73320770263672,400.0
2026-04-22T22:08:50.967672,95.7,51.73320770263672,400.0
2026-04-22T22:08:53.170738,97.3,51.682621002197266,400.0
2026-04-22T22:08:55.373177,97.8,51.682621002197266,400.0
2026-04-22T22:08:57.579367,97.5,51.63203430175781,400.0
2026-04-22T22:08:59.781351,96.9,51.73320770263672,400.0
2026-04-22T22:09:01.984669,95.9,51.63203430175781,400.0
2026-04-22T22:09:04.190229,93.9,51.63203430175781,400.0
2026-04-22T22:09:06.393496,97.5,51.78379440307617,400.0
2026-04-22T22:09:08.596902,94.1,51.682621002197266,400.0
2026-04-22T22:09:10.804285,91.6,51.73320770263672,400.0
2026-04-22T22:09:13.007435,97.1,51.58144760131836,400.0
2026-04-22T22:09:15.210902,89.7,51.58144760131836,400.0
2026-04-22T22:09:17.415011,96.2,51.48027420043945,400.0
2026-04-22T22:09:19.617341,92.7,51.530860900878906,400.0
2026-04-22T22:09:21.819626,97.1,51.63203430175781,400.0
2026-04-22T22:09:24.022498,97.6,51.48027420043945,400.0
2026-04-22T22:09:26.227392,92.1,51.530860900878906,400.0
2026-04-22T22:09:28.429507,97.7,51.58144760131836,400.0
2026-04-22T22:09:30.632232,94.9,51.58144760131836,400.0
2026-04-22T22:09:32.842063,97.1,51.63203430175781,400.0
2026-04-22T22:09:35.049124,87.8,51.682621002197266,400.0
2026-04-22T22:09:37.251739,97.7,51.63203430175781,400.0
2026-04-22T22:09:39.455872,97.4,51.530860900878906,400.0
2026-04-22T22:09:41.659792,96.5,51.530860900878906,400.0
2026-04-22T22:09:43.865033,97.5,51.58144760131836,400.0
2026-04-22T22:09:46.069437,92.6,51.58144760131836,400.0
2026-04-22T22:09:48.271556,97.7,51.530860900878906,400.0
2026-04-22T22:09:50.477017,95.3,51.682621002197266,400.0
2026-04-22T22:09:52.680103,97.2,51.682621002197266,400.0
2026-04-22T22:09:54.886971,95.7,51.58144760131836,400.0
2026-04-22T22:09:57.090250,97.2,51.58144760131836,400.0
2026-04-22T22:09:59.295257,97.6,51.530860900878906,400.0
2026-04-22T22:10:01.497917,93.6,51.63203430175781,400.0
2026-04-22T22:10:03.699648,97.2,51.37910461425781,400.0
2026-04-22T22:10:05.902761,95.1,51.58144760131836,400.0
2026-04-22T22:10:08.107098,97.6,51.4296875,400.0
2026-04-22T22:10:10.312051,96.7,51.4296875,400.0
2026-04-22T22:10:12.513862,97.3,51.48027420043945,400.0
2026-04-22T22:10:14.716734,97.9,51.37910461425781,400.0
2026-04-22T22:10:16.925132,97.0,51.32851791381836,400.0
2026-04-22T22:10:19.129817,97.8,51.4296875,400.0
2026-04-22T22:10:21.335762,94.2,51.32851791381836,400.0
2026-04-22T22:10:23.539269,97.8,51.37910461425781,400.0
2026-04-22T22:10:25.746606,91.2,51.37910461425781,400.0
2026-04-22T22:10:27.950014,96.9,51.48027420043945,400.0
2026-04-22T22:10:30.153749,96.7,51.32851791381836,400.0
2026-04-22T22:10:32.357430,95.2,51.37910461425781,400.0
2026-04-22T22:10:34.559598,96.5,51.22734451293945,400.0
2026-04-22T22:10:36.763422,97.9,51.4296875,400.0
2026-04-22T22:10:38.965777,97.1,51.277931213378906,400.0
2026-04-22T22:10:41.173469,92.5,51.32851791381836,400.0
2026-04-22T22:10:43.377543,97.3,51.37910461425781,400.0
2026-04-22T22:10:45.580437,94.4,51.4296875,400.0
2026-04-22T22:10:47.785270,97.8,51.37910461425781,400.0
2026-04-22T22:10:49.987946,97.5,51.32851791381836,400.0
2026-04-22T22:10:52.191843,91.8,51.37910461425781,400.0
2026-04-22T22:10:54.394441,97.2,51.32851791381836,400.0
2026-04-22T22:10:56.598393,97.3,51.277931213378906,400.0
2026-04-22T22:10:58.800034,80.9,51.22734451293945,400.0
2026-04-22T22:11:01.001666,97.6,51.22734451293945,400.0
2026-04-22T22:11:03.207214,97.7,51.1767578125,400.0
2026-04-22T22:11:05.410531,94.3,51.1767578125,400.0
2026-04-22T22:11:07.613372,96.9,51.22734451293945,400.0
2026-04-22T22:11:09.816947,96.3,51.1767578125,400.0
2026-04-22T22:11:12.020558,98.1,51.277931213378906,400.0
2026-04-22T22:11:14.224016,96.0,51.22734451293945,400.0
2026-04-22T22:11:16.428481,97.4,51.22734451293945,400.0
2026-04-22T22:11:18.631856,95.0,51.075584411621094,400.0
2026-04-22T22:11:20.840636,97.2,51.22734451293945,400.0
2026-04-22T22:11:23.044377,97.9,51.32851791381836,400.0
2026-04-22T22:11:25.249615,95.3,51.48027420043945,400.0
2026-04-22T22:11:27.452362,97.7,51.37910461425781,400.0
2026-04-22T22:11:29.657707,95.5,51.37910461425781,400.0
2026-04-22T22:11:31.860845,96.1,51.48027420043945,400.0
2026-04-22T22:11:34.065592,97.0,51.37910461425781,400.0
2026-04-22T22:11:36.271036,97.9,51.530860900878906,400.0
2026-04-22T22:11:38.475536,97.0,51.4296875,400.0
2026-04-22T22:11:40.678587,95.4,51.58144760131836,400.0
2026-04-22T22:11:42.882455,97.8,51.63203430175781,400.0
2026-04-22T22:11:45.091194,95.5,51.530860900878906,400.0
2026-04-22T22:11:47.295926,97.6,51.58144760131836,400.0
2026-04-22T22:11:49.499065,97.9,51.530860900878906,400.0
2026-04-22T22:11:51.702439,97.6,51.58144760131836,400.0
2026-04-22T22:11:53.905762,97.4,51.63203430175781,400.0
2026-04-22T22:11:56.108227,92.6,51.73320770263672,400.0
2026-04-22T22:11:58.310010,98.0,51.83437728881836,400.0
2026-04-22T22:12:00.514260,97.0,51.83437728881836,400.0
2026-04-22T22:12:02.718178,96.3,51.935550689697266,400.0
2026-04-22T22:12:04.924076,96.8,51.935550689697266,400.0
2026-04-22T22:12:07.127901,97.3,51.88496398925781,400.0
2026-04-22T22:12:09.334800,97.6,51.935550689697266,400.0
2026-04-22T22:12:11.537597,93.6,51.88496398925781,400.0
2026-04-22T22:12:13.740958,97.7,51.935550689697266,400.0
2026-04-22T22:12:15.947812,95.2,51.935550689697266,400.0
2026-04-22T22:12:18.151099,97.2,51.935550689697266,400.0
2026-04-22T22:12:20.354576,96.0,51.88496398925781,400.0
2026-04-22T22:12:22.558949,97.3,51.88496398925781,400.0
2026-04-22T22:12:24.761002,97.4,51.83437728881836,400.0
2026-04-22T22:12:26.962625,96.9,51.88496398925781,400.0
2026-04-22T22:12:29.165761,97.0,51.88496398925781,400.0
2026-04-22T22:12:31.375203,94.5,51.88496398925781,400.0
2026-04-22T22:12:33.577351,97.9,51.83437728881836,400.0
2026-04-22T22:12:35.781022,93.8,51.88496398925781,400.0
2026-04-22T22:12:37.987643,96.9,51.88496398925781,400.0
2026-04-22T22:12:40.191701,96.8,51.682621002197266,400.0
2026-04-22T22:12:42.393614,89.2,51.78379440307617,400.0
2026-04-22T22:12:44.597527,97.8,51.78379440307617,400.0
2026-04-22T22:12:46.801636,96.4,51.88496398925781,400.0
2026-04-22T22:12:49.008018,97.5,51.88496398925781,400.0
2026-04-22T22:12:51.210940,97.4,51.83437728881836,400.0
2026-04-22T22:12:53.413137,97.9,51.83437728881836,400.0
2026-04-22T22:12:55.616245,97.7,51.73320770263672,400.0
2026-04-22T22:12:57.818953,97.3,51.83437728881836,400.0
2026-04-22T22:13:00.022874,96.5,51.78379440307617,400.0
2026-04-22T22:13:02.225005,88.9,51.682621002197266,400.0
2026-04-22T22:13:04.427825,97.8,51.73320770263672,400.0
2026-04-22T22:13:06.630525,97.9,51.78379440307617,400.0
2026-04-22T22:13:08.835826,97.7,51.73320770263672,400.0
2026-04-22T22:13:11.042559,96.1,51.73320770263672,400.0
2026-04-22T22:13:13.248548,98.0,51.73320770263672,400.0
2026-04-22T22:13:15.450281,97.6,51.73320770263672,400.0
2026-04-22T22:13:17.652439,95.1,51.83437728881836,400.0
2026-04-22T22:13:19.854330,96.5,51.83437728881836,400.0
2026-04-22T22:13:22.057897,95.6,51.682621002197266,400.0
2026-04-22T22:13:24.261005,95.9,51.73320770263672,400.0
2026-04-22T22:13:26.463042,96.4,51.530860900878906,400.0
2026-04-22T22:13:28.667383,91.5,51.530860900878906,400.0
2026-04-22T22:13:30.869219,97.6,51.48027420043945,400.0
2026-04-22T22:13:33.075109,96.8,51.530860900878906,400.0
2026-04-22T22:13:35.277914,97.8,51.530860900878906,400.0
2026-04-22T22:13:37.486788,96.8,51.58144760131836,400.0
2026-04-22T22:13:39.691845,97.9,51.63203430175781,400.0
2026-04-22T22:13:41.895641,93.8,51.58144760131836,400.0
2026-04-22T22:13:44.104733,97.8,51.58144760131836,400.0
2026-04-22T22:13:46.307919,97.5,51.530860900878906,400.0
2026-04-22T22:13:48.514476,93.5,51.58144760131836,400.0
2026-04-22T22:13:50.717899,97.6,51.530860900878906,400.0
2026-04-22T22:13:52.927774,88.8,51.530860900878906,400.0
2026-04-22T22:13:55.129936,97.1,51.48027420043945,400.0
2026-04-22T22:13:57.332807,97.1,51.48027420043945,400.0
2026-04-22T22:13:59.536745,96.0,51.63203430175781,400.0
2026-04-22T22:14:01.740002,96.5,51.530860900878906,400.0
2026-04-22T22:14:03.948564,97.9,51.58144760131836,400.0
2026-04-22T22:14:06.151671,97.7,51.530860900878906,400.0
2026-04-22T22:14:08.355336,95.1,51.63203430175781,400.0
2026-04-22T22:14:10.558959,97.0,51.63203430175781,400.0
2026-04-22T22:14:12.764998,97.2,51.530860900878906,400.0
2026-04-22T22:14:14.971332,97.2,51.58144760131836,400.0
2026-04-22T22:14:17.175654,98.1,51.58144760131836,400.0
2026-04-22T22:14:19.378786,97.9,51.73320770263672,400.0
2026-04-22T22:14:21.584385,97.4,51.63203430175781,400.0
2026-04-22T22:14:23.798929,91.9,51.73320770263672,400.0
2026-04-22T22:14:26.004502,97.7,51.73320770263672,400.0
2026-04-22T22:14:28.211166,97.3,51.63203430175781,400.0
2026-04-22T22:14:30.416207,96.7,51.73320770263672,400.0
2026-04-22T22:14:32.618960,97.6,51.682621002197266,400.0
2026-04-22T22:14:34.822424,91.8,51.78379440307617,400.0
2026-04-22T22:14:37.025933,97.1,51.73320770263672,400.0
2026-04-22T22:14:39.227973,96.0,51.78379440307617,400.0
2026-04-22T22:14:41.435788,97.9,51.73320770263672,400.0
2026-04-22T22:14:43.640263,96.5,51.78379440307617,400.0
2026-04-22T22:14:45.842650,97.5,51.73320770263672,400.0
2026-04-22T22:14:48.047732,96.1,51.78379440307617,400.0
2026-04-22T22:14:50.250791,97.5,51.78379440307617,400.0
2026-04-22T22:14:52.453893,97.9,51.682621002197266,400.0
2026-04-22T22:14:54.657394,95.9,51.682621002197266,400.0
2026-04-22T22:14:56.860729,96.3,51.58144760131836,400.0
2026-04-22T22:14:59.062791,90.3,51.58144760131836,400.0
2026-04-22T22:15:01.264460,97.0,51.530860900878906,400.0
2026-04-22T22:15:03.468778,97.7,51.4296875,400.0
2026-04-22T22:15:05.672788,96.6,51.48027420043945,400.0
2026-04-22T22:15:07.876280,97.9,51.4296875,400.0
2026-04-22T22:15:10.079815,96.5,51.530860900878906,400.0
2026-04-22T22:15:12.282722,97.2,51.58144760131836,400.0
2026-04-22T22:15:14.485606,95.4,51.58144760131836,400.0
2026-04-22T22:15:16.692048,97.3,51.48027420043945,400.0
2026-04-22T22:15:18.895001,97.3,51.48027420043945,400.0
2026-04-22T22:15:21.100464,93.5,51.58144760131836,400.0
2026-04-22T22:15:23.303332,96.6,51.48027420043945,400.0
2026-04-22T22:15:25.509314,92.8,51.63203430175781,400.0
2026-04-22T22:15:27.711366,97.4,51.63203430175781,400.0
2026-04-22T22:15:29.921055,96.6,51.530860900878906,400.0
2026-04-22T22:15:32.124579,97.8,51.58144760131836,400.0
2026-04-22T22:15:34.330581,97.0,51.58144760131836,400.0
2026-04-22T22:15:36.533856,92.6,51.682621002197266,400.0
2026-04-22T22:15:38.735505,97.1,51.73320770263672,400.0
2026-04-22T22:15:40.939938,95.2,51.78379440307617,400.0
2026-04-22T22:15:43.143624,98.1,51.78379440307617,400.0
2026-04-22T22:15:45.351129,94.1,51.73320770263672,400.0
2026-04-22T22:15:47.552838,97.5,51.83437728881836,400.0
2026-04-22T22:15:49.754607,95.4,51.78379440307617,400.0
2026-04-22T22:15:51.958303,97.2,51.73320770263672,400.0
2026-04-22T22:15:54.160637,95.7,51.73320770263672,400.0
2026-04-22T22:15:56.365991,97.6,51.63203430175781,400.0
2026-04-22T22:15:58.567918,97.6,51.73320770263672,400.0
2026-04-22T22:16:00.776367,95.2,51.682621002197266,400.0
2026-04-22T22:16:02.981999,95.9,51.63203430175781,400.0
2026-04-22T22:16:05.193012,92.3,51.58144760131836,400.0
2026-04-22T22:16:07.397212,97.8,51.682621002197266,400.0
2026-04-22T22:16:09.602941,97.7,51.682621002197266,400.0
2026-04-22T22:16:11.808102,95.6,51.73320770263672,400.0
2026-04-22T22:16:14.010244,95.7,51.58144760131836,400.0
2026-04-22T22:16:16.213094,88.3,51.73320770263672,400.0
2026-04-22T22:16:18.419020,97.8,51.78379440307617,400.0
2026-04-22T22:16:20.622684,97.9,51.78379440307617,400.0
2026-04-22T22:16:22.824599,97.3,51.83437728881836,400.0
2026-04-22T22:16:25.029056,96.8,51.78379440307617,400.0
2026-04-22T22:16:27.233586,98.0,51.83437728881836,400.0
2026-04-22T22:16:29.435414,95.1,51.83437728881836,400.0
2026-04-22T22:16:31.640940,94.2,51.78379440307617,400.0
2026-04-22T22:16:33.846975,97.3,51.98613739013672,400.0
2026-04-22T22:16:36.050136,92.3,51.935550689697266,400.0
2026-04-22T22:16:38.252894,97.8,51.935550689697266,400.0
2026-04-22T22:16:40.455997,96.9,51.88496398925781,400.0
2026-04-22T22:16:42.661457,93.8,52.03672409057617,400.0
2026-04-22T22:16:44.863821,97.5,52.03672409057617,400.0
2026-04-22T22:16:47.067940,97.8,52.087310791015625,400.0
2026-04-22T22:16:49.271515,97.9,52.13789749145508,400.0
2026-04-22T22:16:51.474294,94.2,52.23906707763672,400.0
2026-04-22T22:16:53.677912,97.5,52.13789749145508,400.0
2026-04-22T22:16:55.881896,97.9,52.18848419189453,400.0
2026-04-22T22:16:58.087761,97.7,52.087310791015625,400.0
2026-04-22T22:17:00.290928,96.4,52.03672409057617,400.0
2026-04-22T22:17:02.502542,91.0,52.087310791015625,400.0
2026-04-22T22:17:04.706462,97.4,51.98613739013672,400.0
2026-04-22T22:17:06.910167,96.7,52.087310791015625,400.0
2026-04-22T22:17:09.113763,97.4,52.03672409057617,400.0
2026-04-22T22:17:11.316938,93.4,51.88496398925781,400.0
2026-04-22T22:17:13.520586,92.2,51.935550689697266,400.0
2026-04-22T22:17:15.724480,96.5,51.98613739013672,400.0
2026-04-22T22:17:17.927421,96.5,52.087310791015625,400.0
2026-04-22T22:17:20.133700,94.0,52.087310791015625,400.0
2026-04-22T22:17:22.335428,97.6,51.98613739013672,400.0
2026-04-22T22:17:24.537022,97.8,52.03672409057617,400.0
2026-04-22T22:17:26.740950,97.0,52.13789749145508,400.0
2026-04-22T22:17:28.943000,94.8,52.13789749145508,400.0
2026-04-22T22:17:31.146137,96.8,52.03672409057617,400.0
2026-04-22T22:17:33.349133,93.4,52.03672409057617,400.0
2026-04-22T22:17:35.551770,96.7,51.98613739013672,400.0
2026-04-22T22:17:37.753528,97.5,51.935550689697266,400.0
2026-04-22T22:17:39.956928,98.0,51.83437728881836,400.0
2026-04-22T22:17:42.160937,97.2,51.83437728881836,400.0
2026-04-22T22:17:44.364304,97.1,51.78379440307617,400.0
2026-04-22T22:17:46.568678,97.2,51.78379440307617,400.0
2026-04-22T22:17:48.771722,93.5,51.73320770263672,400.0
2026-04-22T22:17:50.976418,95.6,51.78379440307617,400.0
2026-04-22T22:17:53.179887,95.3,51.83437728881836,400.0
2026-04-22T22:17:55.384734,93.3,51.88496398925781,400.0
2026-04-22T22:17:57.586735,97.9,51.83437728881836,400.0
2026-04-22T22:17:59.788928,94.4,51.78379440307617,400.0
2026-04-22T22:18:01.991623,97.3,51.78379440307617,400.0
2026-04-22T22:18:04.194467,96.9,51.83437728881836,400.0
2026-04-22T22:18:06.396880,97.3,51.88496398925781,400.0
2026-04-22T22:18:08.601487,96.0,51.98613739013672,400.0
2026-04-22T22:18:10.803861,97.8,52.03672409057617,400.0
2026-04-22T22:18:13.008046,96.5,52.087310791015625,400.0
2026-04-22T22:18:15.213810,93.6,52.087310791015625,400.0
2026-04-22T22:18:17.416884,97.8,51.98613739013672,400.0
2026-04-22T22:18:19.623610,94.3,52.087310791015625,400.0
2026-04-22T22:18:21.825572,97.7,52.18848419189453,400.0
2026-04-22T22:18:24.029014,97.2,52.13789749145508,400.0
2026-04-22T22:18:26.232397,97.6,52.23906707763672,400.0
2026-04-22T22:18:28.434692,97.7,52.03672409057617,400.0
2026-04-22T22:18:30.638357,91.1,52.13789749145508,400.0
2026-04-22T22:18:32.845021,98.1,52.13789749145508,400.0
2026-04-22T22:18:35.050131,93.8,52.087310791015625,400.0
2026-04-22T22:18:37.255783,97.8,52.13789749145508,400.0
2026-04-22T22:18:39.462981,95.4,52.087310791015625,400.0
2026-04-22T22:18:41.666157,96.5,52.13789749145508,400.0
2026-04-22T22:18:43.869264,97.6,52.087310791015625,400.0
2026-04-22T22:18:46.073432,97.9,52.13789749145508,400.0
2026-04-22T22:18:48.276179,97.7,52.03672409057617,400.0
2026-04-22T22:18:50.483444,86.0,52.087310791015625,400.0
2026-04-22T22:18:52.686210,97.6,52.087310791015625,400.0
2026-04-22T22:18:54.889529,96.6,52.03672409057617,400.0
2026-04-22T22:18:57.093465,96.2,52.13789749145508,400.0
2026-04-22T22:18:59.309396,97.2,52.087310791015625,400.0
2026-04-22T22:19:01.512277,97.9,52.23906707763672,400.0
2026-04-22T22:19:03.717516,96.1,52.13789749145508,400.0
2026-04-22T22:19:05.920678,89.0,52.23906707763672,400.0
2026-04-22T22:19:08.125902,95.8,52.13789749145508,400.0
2026-04-22T22:19:10.332275,86.0,52.13789749145508,400.0
2026-04-22T22:19:12.535342,97.8,52.18848419189453,400.0
2026-04-22T22:19:14.742485,96.7,52.13789749145508,400.0
2026-04-22T22:19:16.947825,97.1,52.23906707763672,400.0
2026-04-22T22:19:19.151809,97.7,52.18848419189453,400.0
2026-04-22T22:19:21.357078,95.0,52.340240478515625,400.0
2026-04-22T22:19:23.561925,98.1,52.44141387939453,400.0
2026-04-22T22:19:25.769883,94.2,52.54258728027344,400.0
2026-04-22T22:19:27.972372,97.3,52.59317398071289,400.0
2026-04-22T22:19:30.176599,97.4,52.492000579833984,400.0
2026-04-22T22:19:32.380280,97.1,52.54258728027344,400.0
2026-04-22T22:19:34.582143,97.4,52.492000579833984,400.0
2026-04-22T22:19:36.786866,95.6,52.59317398071289,400.0
2026-04-22T22:19:38.989434,97.9,52.64375686645508,400.0
2026-04-22T22:19:41.198760,96.1,52.69434356689453,400.0
2026-04-22T22:19:43.402321,96.7,52.69434356689453,400.0
2026-04-22T22:19:45.605166,96.0,52.69434356689453,400.0
2026-04-22T22:19:47.807012,96.9,52.69434356689453,400.0
2026-04-22T22:19:50.010993,98.0,52.69434356689453,400.0
2026-04-22T22:19:52.215781,95.8,52.59317398071289,400.0
2026-04-22T22:19:54.417533,97.6,52.59317398071289,400.0
2026-04-22T22:19:56.622763,93.3,52.64375686645508,400.0
2026-04-22T22:19:58.824625,96.9,52.59317398071289,400.0
2026-04-22T22:20:01.027902,96.9,52.59317398071289,400.0
2026-04-22T22:20:03.230900,96.2,52.54258728027344,400.0
2026-04-22T22:20:05.440339,96.4,52.492000579833984,400.0
2026-04-22T22:20:07.644663,97.1,52.54258728027344,400.0
2026-04-22T22:20:09.846876,97.7,52.492000579833984,400.0
2026-04-22T22:20:12.058193,90.8,52.54258728027344,400.0
2026-04-22T22:20:14.261386,97.9,52.340240478515625,400.0
2026-04-22T22:20:16.464419,90.3,52.340240478515625,400.0
2026-04-22T22:20:18.667694,97.5,52.44141387939453,400.0
2026-04-22T22:20:20.870662,97.3,52.340240478515625,400.0
2026-04-22T22:20:23.080997,96.9,52.492000579833984,400.0
2026-04-22T22:20:25.284653,97.9,52.44141387939453,400.0
2026-04-22T22:20:27.490600,96.3,52.59317398071289,400.0
2026-04-22T22:20:29.695819,97.2,52.54258728027344,400.0
2026-04-22T22:20:31.898289,95.1,52.54258728027344,400.0
2026-04-22T22:20:34.103424,98.0,52.44141387939453,400.0
2026-04-22T22:20:36.307032,92.7,52.492000579833984,400.0
2026-04-22T22:20:38.509551,96.7,52.44141387939453,400.0
2026-04-22T22:20:40.711802,98.1,52.492000579833984,400.0
2026-04-22T22:20:42.915073,95.7,52.492000579833984,400.0
2026-04-22T22:20:45.117945,97.4,52.492000579833984,400.0
2026-04-22T22:20:47.320664,97.9,52.44141387939453,400.0
2026-04-22T22:20:49.524721,97.8,52.44141387939453,400.0
2026-04-22T22:20:51.727444,96.7,52.28965377807617,400.0
2026-04-22T22:20:53.929428,97.7,52.340240478515625,400.0
2026-04-22T22:20:56.131362,97.0,52.28965377807617,400.0
2026-04-22T22:20:58.336604,95.6,52.39082717895508,400.0
2026-04-22T22:21:00.540808,92.0,52.18848419189453,400.0
2026-04-22T22:21:02.746529,85.3,52.28965377807617,400.0
2026-04-22T22:21:04.949570,97.3,52.39082717895508,400.0
2026-04-22T22:21:07.156074,96.7,52.28965377807617,400.0
2026-04-22T22:21:09.358586,97.7,52.23906707763672,400.0
2026-04-22T22:21:11.560141,97.3,52.28965377807617,400.0
2026-04-22T22:21:13.762880,96.3,52.340240478515625,400.0
2026-04-22T22:21:15.964711,97.6,52.340240478515625,400.0
2026-04-22T22:21:18.168460,94.9,52.340240478515625,400.0
2026-04-22T22:21:20.371660,97.1,52.28965377807617,400.0
2026-04-22T22:21:22.574714,97.3,52.087310791015625,400.0
2026-04-22T22:21:24.777628,97.1,52.23906707763672,400.0
2026-04-22T22:21:26.980263,96.9,52.44141387939453,400.0
2026-04-22T22:21:29.183456,95.5,52.44141387939453,400.0
2026-04-22T22:21:31.389433,96.2,52.54258728027344,400.0
2026-04-22T22:21:33.596577,94.1,52.492000579833984,400.0
2026-04-22T22:21:35.798750,92.4,52.492000579833984,400.0
2026-04-22T22:21:38.000484,97.6,52.492000579833984,400.0
2026-04-22T22:21:40.203523,97.8,52.54258728027344,400.0
2026-04-22T22:21:42.405222,97.2,52.54258728027344,400.0
2026-04-22T22:21:44.608868,94.8,52.59317398071289,400.0
2026-04-22T22:21:46.811989,97.0,52.54258728027344,400.0
2026-04-22T22:21:49.016996,94.1,52.44141387939453,400.0
2026-04-22T22:21:51.220677,96.6,52.54258728027344,400.0
2026-04-22T22:21:53.423752,90.3,52.44141387939453,400.0
2026-04-22T22:21:55.625768,96.9,52.54258728027344,400.0
2026-04-22T22:21:57.832226,97.8,52.59317398071289,400.0
2026-04-22T22:22:00.035272,97.5,52.492000579833984,400.0
2026-04-22T22:22:02.239108,97.1,52.39082717895508,400.0
2026-04-22T22:22:04.444288,89.2,52.28965377807617,400.0
2026-04-22T22:22:06.649456,97.6,52.340240478515625,400.0
2026-04-22T22:22:08.852335,96.0,52.39082717895508,400.0
2026-04-22T22:22:11.055355,97.3,52.39082717895508,400.0
2026-04-22T22:22:13.258730,97.4,52.28965377807617,400.0
2026-04-22T22:22:15.465347,98.0,52.44141387939453,400.0
2026-04-22T22:22:17.668669,97.8,52.44141387939453,400.0
2026-04-22T22:22:19.871289,90.1,52.492000579833984,400.0
2026-04-22T22:22:22.073437,97.6,52.64375686645508,400.0
2026-04-22T22:22:24.276105,97.8,52.64375686645508,400.0
2026-04-22T22:22:26.479310,97.1,52.69434356689453,400.0
2026-04-22T22:22:28.683455,97.9,52.54258728027344,400.0
2026-04-22T22:22:30.887378,97.4,52.64375686645508,400.0
2026-04-22T22:22:33.089434,96.8,52.744930267333984,400.0
2026-04-22T22:22:35.295431,94.3,52.69434356689453,400.0
2026-04-22T22:22:37.500629,96.7,52.64375686645508,400.0
2026-04-22T22:22:39.702441,93.1,52.492000579833984,400.0
2026-04-22T22:22:41.905228,97.9,52.44141387939453,400.0
2026-04-22T22:22:44.107766,97.1,52.492000579833984,400.0
2026-04-22T22:22:46.309935,96.8,52.54258728027344,400.0
2026-04-22T22:22:48.512628,97.6,52.59317398071289,400.0
2026-04-22T22:22:50.715271,92.6,52.59317398071289,400.0
2026-04-22T22:22:52.918402,97.0,52.64375686645508,400.0
2026-04-22T22:22:55.121012,92.1,52.54258728027344,400.0
2026-04-22T22:22:57.324321,97.3,52.64375686645508,400.0
2026-04-22T22:22:59.528063,96.6,52.59317398071289,400.0
2026-04-22T22:23:01.733014,97.6,52.59317398071289,400.0
2026-04-22T22:23:03.938560,97.1,52.69434356689453,400.0
2026-04-22T22:23:06.142485,97.8,52.28965377807617,400.0
2026-04-22T22:23:08.347812,83.4,52.64375686645508,400.0
2026-04-22T22:23:10.551470,96.7,52.64375686645508,400.0
2026-04-22T22:23:12.755692,96.0,52.59317398071289,400.0
2026-04-22T22:23:14.959793,96.2,52.59317398071289,400.0
2026-04-22T22:23:17.163498,96.8,52.54258728027344,400.0
2026-04-22T22:23:19.366241,96.3,52.59317398071289,400.0
2026-04-22T22:23:21.569409,96.9,52.64375686645508,400.0
2026-04-22T22:23:23.771443,95.2,52.64375686645508,400.0
2026-04-22T22:23:25.975733,97.9,52.744930267333984,400.0
2026-04-22T22:23:28.189059,96.3,52.59317398071289,400.0
2026-04-22T22:23:30.400411,97.1,52.69434356689453,400.0
2026-04-22T22:23:32.606891,97.5,52.69434356689453,400.0
2026-04-22T22:23:34.809114,92.0,52.79551696777344,400.0
2026-04-22T22:23:37.014257,96.8,52.79551696777344,400.0
2026-04-22T22:23:39.219205,95.1,52.744930267333984,400.0
2026-04-22T22:23:41.421096,93.7,52.9472770690918,400.0
2026-04-22T22:23:43.624330,94.4,52.84610366821289,400.0
2026-04-22T22:23:45.827452,97.6,52.896690368652344,400.0
2026-04-22T22:23:48.029451,97.6,52.896690368652344,400.0
2026-04-22T22:23:50.232166,94.0,52.84610366821289,400.0
2026-04-22T22:23:52.438184,96.6,52.84610366821289,400.0
2026-04-22T22:23:54.646982,92.6,52.896690368652344,400.0
2026-04-22T22:23:56.851025,96.9,52.896690368652344,400.0
2026-04-22T22:23:59.053006,88.1,52.69434356689453,400.0
2026-04-22T22:24:01.258389,96.8,52.79551696777344,400.0
2026-04-22T22:24:03.462073,97.1,52.79551696777344,400.0
2026-04-22T22:24:05.665840,97.1,52.79551696777344,400.0
2026-04-22T22:24:07.871019,97.9,52.744930267333984,400.0
2026-04-22T22:24:10.074054,94.6,52.79551696777344,400.0
2026-04-22T22:24:12.277988,97.3,52.79551696777344,400.0
2026-04-22T22:24:14.480082,96.9,52.69434356689453,400.0
2026-04-22T22:24:16.686963,97.0,52.79551696777344,400.0
2026-04-22T22:24:18.889669,96.9,52.69434356689453,400.0
2026-04-22T22:24:21.095584,95.6,52.64375686645508,400.0
2026-04-22T22:24:23.299367,97.3,52.69434356689453,400.0
2026-04-22T22:24:25.502850,91.4,52.69434356689453,400.0
2026-04-22T22:24:27.707052,97.8,52.744930267333984,400.0
2026-04-22T22:24:29.912258,95.2,52.744930267333984,400.0
2026-04-22T22:24:32.117113,96.6,52.69434356689453,400.0
2026-04-22T22:24:34.320579,97.8,52.59317398071289,400.0
2026-04-22T22:24:36.528089,96.5,52.59317398071289,400.0
2026-04-22T22:24:38.730150,97.9,52.69434356689453,400.0
2026-04-22T22:24:40.934278,92.9,52.744930267333984,400.0
2026-04-22T22:24:43.137183,98.0,52.84610366821289,400.0
2026-04-22T22:24:45.341075,95.7,52.99786376953125,400.0
2026-04-22T22:24:47.544925,97.7,52.9472770690918,400.0
2026-04-22T22:24:49.750549,95.7,52.9472770690918,400.0
2026-04-22T22:24:51.954648,97.5,52.9472770690918,400.0
2026-04-22T22:24:54.156483,97.5,52.9472770690918,400.0
2026-04-22T22:24:56.362607,92.9,52.99786376953125,400.0
2026-04-22T22:24:58.565075,97.7,52.896690368652344,400.0
2026-04-22T22:25:00.768351,94.6,52.99786376953125,400.0
2026-04-22T22:25:02.970555,96.7,52.9472770690918,400.0
2026-04-22T22:25:05.174508,94.6,52.896690368652344,400.0
2026-04-22T22:25:07.378476,97.8,52.84610366821289,400.0
2026-04-22T22:25:09.583691,97.9,52.896690368652344,400.0
2026-04-22T22:25:11.788073,97.6,53.04844665527344,400.0
2026-04-22T22:25:13.992402,97.2,52.896690368652344,400.0
2026-04-22T22:25:16.197162,92.6,53.04844665527344,400.0
2026-04-22T22:25:18.400846,97.5,53.09903335571289,400.0
2026-04-22T22:25:20.604773,97.1,53.04844665527344,400.0
2026-04-22T22:25:22.811784,98.1,53.149620056152344,400.0
2026-04-22T22:25:25.015620,97.2,52.9472770690918,400.0
2026-04-22T22:25:27.220679,91.1,52.9472770690918,400.0
2026-04-22T22:25:29.422523,96.6,52.99786376953125,400.0
2026-04-22T22:25:31.625474,93.2,52.896690368652344,400.0
2026-04-22T22:25:33.828504,97.4,52.896690368652344,400.0
2026-04-22T22:25:36.033013,95.7,52.99786376953125,400.0
2026-04-22T22:25:38.236547,98.0,53.04844665527344,400.0
2026-04-22T22:25:40.440258,97.7,53.09903335571289,400.0
2026-04-22T22:25:42.644892,97.2,53.09903335571289,400.0
2026-04-22T22:25:44.848794,97.7,53.149620056152344,400.0
2026-04-22T22:25:47.054728,95.9,53.2002067565918,400.0
2026-04-22T22:25:49.256501,97.6,53.25079345703125,400.0
2026-04-22T22:25:51.460390,95.4,53.2002067565918,400.0
2026-04-22T22:25:53.667154,97.4,53.25079345703125,400.0
2026-04-22T22:25:55.869289,95.3,53.25079345703125,400.0
2026-04-22T22:25:58.074021,97.9,53.3013801574707,400.0
2026-04-22T22:26:00.276807,97.2,53.09903335571289,400.0
2026-04-22T22:26:02.482561,82.7,53.2002067565918,400.0
2026-04-22T22:26:04.685721,97.9,53.2002067565918,400.0
2026-04-22T22:26:06.890536,95.7,53.149620056152344,400.0
2026-04-22T22:26:09.096277,97.6,53.04844665527344,400.0
2026-04-22T22:26:11.299945,90.4,53.149620056152344,400.0
2026-04-22T22:26:13.503777,97.1,53.09903335571289,400.0
2026-04-22T22:26:15.706852,97.0,52.99786376953125,400.0
2026-04-22T22:26:17.909574,97.0,53.09903335571289,400.0
2026-04-22T22:26:20.114242,97.4,53.25079345703125,400.0
2026-04-22T22:26:22.318212,88.7,53.25079345703125,400.0
2026-04-22T22:26:24.522094,97.4,53.2002067565918,400.0
2026-04-22T22:26:26.730061,96.6,53.149620056152344,400.0
2026-04-22T22:26:28.933206,97.7,53.04844665527344,400.0
2026-04-22T22:26:31.136307,97.0,52.99786376953125,400.0
2026-04-22T22:26:33.339768,96.6,52.99786376953125,400.0
2026-04-22T22:26:35.542641,97.3,52.84610366821289,400.0
2026-04-22T22:26:37.750880,92.7,53.04844665527344,400.0
2026-04-22T22:26:39.955437,97.2,52.99786376953125,400.0
2026-04-22T22:26:42.159837,95.3,52.99786376953125,400.0
2026-04-22T22:26:44.362398,98.1,53.04844665527344,400.0
2026-04-22T22:26:46.565301,97.3,52.99786376953125,400.0
2026-04-22T22:26:48.773723,90.7,53.09903335571289,400.0
2026-04-22T22:26:50.978293,96.4,53.149620056152344,400.0
2026-04-22T22:26:53.180221,94.8,53.149620056152344,400.0
2026-04-22T22:26:55.383729,97.4,53.2002067565918,400.0
2026-04-22T22:26:57.586823,97.2,53.2002067565918,400.0
2026-04-22T22:26:59.789830,97.3,53.25079345703125,400.0
2026-04-22T22:27:01.991978,96.2,53.25079345703125,400.0
2026-04-22T22:27:04.194566,97.2,53.3013801574707,400.0
2026-04-22T22:27:06.396364,97.3,53.351966857910156,400.0
2026-04-22T22:27:08.599281,94.8,53.351966857910156,400.0
2026-04-22T22:27:10.801368,96.3,53.351966857910156,400.0
2026-04-22T22:27:13.004134,90.1,53.40255355834961,400.0
2026-04-22T22:27:15.206987,96.8,53.351966857910156,400.0
2026-04-22T22:27:17.411788,96.8,53.3013801574707,400.0
2026-04-22T22:27:19.621010,92.8,53.3013801574707,400.0
2026-04-22T22:27:21.826308,98.1,53.2002067565918,400.0
2026-04-22T22:27:24.031124,90.8,53.149620056152344,400.0
2026-04-22T22:27:26.236813,91.9,53.25079345703125,400.0
2026-04-22T22:27:28.443484,93.6,53.25079345703125,400.0
2026-04-22T22:27:30.645181,98.0,53.25079345703125,400.0
2026-04-22T22:27:32.848540,97.4,53.3013801574707,400.0
2026-04-22T22:27:35.055656,97.4,53.3013801574707,400.0
2026-04-22T22:27:37.259319,97.9,53.25079345703125,400.0
2026-04-22T22:27:39.462519,94.6,53.40255355834961,400.0
2026-04-22T22:27:41.665131,96.5,53.40255355834961,400.0
2026-04-22T22:27:43.868044,97.0,53.3013801574707,400.0
2026-04-22T22:27:46.071195,95.7,53.4531364440918,400.0
2026-04-22T22:27:48.274373,96.2,53.4531364440918,400.0
2026-04-22T22:27:50.481676,97.6,53.50372314453125,400.0
2026-04-22T22:27:52.685203,97.4,53.4531364440918,400.0
2026-04-22T22:27:54.888763,98.0,53.5543098449707,400.0
2026-04-22T22:27:57.094429,97.4,53.70606994628906,400.0
2026-04-22T22:27:59.298603,89.4,53.8072395324707,400.0
2026-04-22T22:28:01.500725,96.3,53.90841293334961,400.0
2026-04-22T22:28:03.704151,97.5,54.009586334228516,400.0
2026-04-22T22:28:05.907153,97.0,54.161346435546875,400.0
2026-04-22T22:28:08.109991,95.8,54.31310272216797,400.0
2026-04-22T22:28:10.313714,96.2,54.414276123046875,400.0
2026-04-22T22:28:12.516695,97.6,54.566036224365234,400.0
2026-04-22T22:28:14.729008,95.0,54.667205810546875,400.0
2026-04-22T22:28:16.932778,96.9,54.76837921142578,400.0
2026-04-22T22:28:19.135919,93.8,54.76837921142578,400.0
2026-04-22T22:28:21.343642,96.8,54.970726013183594,400.0
2026-04-22T22:28:23.547623,96.2,55.071895599365234,400.0
2026-04-22T22:28:25.751997,91.5,55.17306900024414,400.0
2026-04-22T22:28:27.954760,94.2,55.223655700683594,400.0
2026-04-22T22:28:30.158690,91.7,55.37541580200195,400.0
2026-04-22T22:28:32.362535,97.8,55.52717208862305,400.0
2026-04-22T22:28:34.565238,97.4,55.5777587890625,400.0
2026-04-22T22:28:36.768444,93.3,55.678932189941406,400.0
2026-04-22T22:28:38.975806,97.5,55.72951889038086,400.0
2026-04-22T22:28:41.187104,92.4,55.8306884765625,400.0
2026-04-22T22:28:43.390323,97.4,55.931861877441406,400.0
2026-04-22T22:28:45.596203,95.6,56.083621978759766,400.0
2026-04-22T22:28:47.801342,97.4,56.13420867919922,400.0
2026-04-22T22:28:50.004593,96.0,56.184791564941406,400.0
2026-04-22T22:28:52.207748,96.5,56.28596496582031,400.0
2026-04-22T22:28:54.412929,96.9,56.38713836669922,400.0
2026-04-22T22:28:57.109638,97.5,56.589481353759766,400.0
2026-04-22T22:28:59.311608,97.1,56.69065475463867,400.0
2026-04-22T22:29:01.519170,96.2,56.79182815551758,400.0
2026-04-22T22:29:03.723357,97.7,56.589481353759766,400.0
2026-04-22T22:29:05.925273,88.0,56.741241455078125,400.0
2026-04-22T22:29:08.130963,96.5,56.893001556396484,400.0
2026-04-22T22:29:10.334053,96.3,56.893001556396484,400.0
2026-04-22T22:29:12.536032,96.6,57.04475784301758,400.0
2026-04-22T22:29:14.739086,97.5,57.04475784301758,400.0
2026-04-22T22:29:16.947619,94.8,57.145931243896484,400.0
2026-04-22T22:29:19.149895,96.2,57.145931243896484,400.0
2026-04-22T22:29:21.351714,97.3,57.24710464477539,400.0
2026-04-22T22:29:23.555827,96.3,57.297691345214844,400.0
2026-04-22T22:29:25.759089,97.2,57.297691345214844,400.0
2026-04-22T22:29:27.960999,96.7,57.3482780456543,400.0
2026-04-22T22:29:30.164932,94.0,57.50003433227539,400.0
2026-04-22T22:29:32.372027,90.8,57.50003433227539,400.0
2026-04-22T22:29:34.574208,96.7,57.50003433227539,400.0
2026-04-22T22:29:36.775935,97.2,57.550621032714844,400.0
2026-04-22T22:29:38.980425,96.8,57.7023811340332,400.0
2026-04-22T22:29:41.183933,97.3,57.65179443359375,400.0
2026-04-22T22:29:43.388713,97.3,57.7023811340332,400.0
2026-04-22T22:29:45.590879,97.1,57.803550720214844,400.0
2026-04-22T22:29:47.798095,89.9,57.803550720214844,400.0
2026-04-22T22:29:50.003887,96.2,57.8541374206543,400.0
2026-04-22T22:29:52.212895,95.8,57.803550720214844,400.0
2026-04-22T22:29:54.416766,96.9,57.90472412109375,400.0
2026-04-22T22:29:56.618484,96.9,57.9553108215332,400.0
2026-04-22T22:29:58.820658,97.6,58.05648422241211,400.0
2026-04-22T22:30:01.024941,98.0,58.05648422241211,400.0
2026-04-22T22:30:03.230478,97.1,58.2082405090332,400.0
2026-04-22T22:30:05.435603,95.7,58.30941390991211,400.0
2026-04-22T22:30:07.638445,95.5,58.2082405090332,400.0
2026-04-22T22:30:09.841678,97.3,58.258827209472656,400.0
2026-04-22T22:30:12.045506,97.9,58.258827209472656,400.0
2026-04-22T22:30:14.255582,96.6,58.410587310791016,400.0
2026-04-22T22:30:16.457390,96.5,58.36000061035156,400.0
2026-04-22T22:30:18.664247,95.7,58.51176071166992,400.0
2026-04-22T22:30:20.867114,95.7,58.46117401123047,400.0
2026-04-22T22:30:23.068860,96.8,58.46117401123047,400.0
2026-04-22T22:30:25.272844,96.5,58.56234359741211,400.0
2026-04-22T22:30:27.475481,97.0,58.61293029785156,400.0
2026-04-22T22:30:29.678377,95.6,58.51176071166992,400.0
2026-04-22T22:30:31.880790,97.5,58.51176071166992,400.0
2026-04-22T22:30:34.084840,93.1,58.56234359741211,400.0
2026-04-22T22:30:36.289036,95.9,58.51176071166992,400.0
2026-04-22T22:30:38.492999,96.2,58.815277099609375,400.0
2026-04-22T22:30:40.696601,92.8,58.56234359741211,400.0
2026-04-22T22:30:42.904100,97.4,58.86586380004883,400.0
2026-04-22T22:30:45.108893,94.7,58.815277099609375,400.0
2026-04-22T22:30:47.314582,97.0,58.815277099609375,400.0
2026-04-22T22:30:49.519995,96.7,58.96703338623047,400.0
2026-04-22T22:30:51.725083,97.3,59.01762008666992,400.0
2026-04-22T22:30:53.934221,91.9,58.86586380004883,400.0
2026-04-22T22:30:56.136282,96.7,58.96703338623047,400.0
2026-04-22T22:30:58.343668,96.5,59.01762008666992,400.0
2026-04-22T22:31:00.547496,95.5,59.11879348754883,400.0
2026-04-22T22:31:02.751440,97.5,59.068206787109375,400.0
2026-04-22T22:31:04.954304,93.6,59.219966888427734,400.0
2026-04-22T22:31:07.157615,97.2,58.86586380004883,400.0
2026-04-22T22:31:09.362656,93.7,59.16938018798828,400.0
2026-04-22T22:31:11.565402,97.5,59.16938018798828,400.0
2026-04-22T22:31:13.772374,95.5,59.219966888427734,400.0
2026-04-22T22:31:15.980111,98.1,59.219966888427734,400.0
2026-04-22T22:31:18.182029,98.0,59.16938018798828,400.0
2026-04-22T22:31:20.387574,97.6,59.11879348754883,400.0
2026-04-22T22:31:22.591034,97.8,59.219966888427734,400.0
2026-04-22T22:31:24.794641,96.2,59.27055358886719,400.0
2026-04-22T22:31:26.996246,97.3,59.32114028930664,400.0
2026-04-22T22:31:29.199547,96.4,59.219966888427734,400.0
2026-04-22T22:31:31.401817,97.1,59.37172317504883,400.0
2026-04-22T22:31:33.607226,97.3,59.219966888427734,400.0
2026-04-22T22:31:35.810403,93.4,59.32114028930664,400.0
2026-04-22T22:31:38.013079,97.1,59.37172317504883,400.0
2026-04-22T22:31:40.214869,96.4,59.42230987548828,400.0
2026-04-22T22:31:42.417844,98.0,59.32114028930664,400.0
2026-04-22T22:31:44.623818,95.6,59.219966888427734,400.0
2026-04-22T22:31:46.830290,96.8,59.42230987548828,400.0
2026-04-22T22:31:49.032724,97.7,59.472896575927734,400.0
2026-04-22T22:31:51.237849,97.0,59.32114028930664,400.0
2026-04-22T22:31:53.441006,96.9,59.37172317504883,400.0
2026-04-22T22:31:55.646777,95.5,59.32114028930664,400.0
2026-04-22T22:31:57.850370,96.4,59.37172317504883,400.0
2026-04-22T22:32:00.058447,96.8,59.42230987548828,400.0
2026-04-22T22:32:02.264996,97.6,59.42230987548828,400.0
2026-04-22T22:32:04.467626,96.1,59.32114028930664,400.0
2026-04-22T22:32:06.670520,98.0,59.472896575927734,400.0
2026-04-22T22:32:08.876580,98.0,59.37172317504883,400.0
2026-04-22T22:32:11.093603,91.2,59.42230987548828,400.0
2026-04-22T22:32:13.300669,97.2,59.32114028930664,400.0
2026-04-22T22:32:15.506872,88.7,59.37172317504883,400.0
2026-04-22T22:32:17.711545,97.5,59.52348327636719,400.0
2026-04-22T22:32:19.914920,97.1,59.52348327636719,400.0
2026-04-22T22:32:22.117670,97.8,59.57406997680664,400.0
2026-04-22T22:32:24.323709,97.6,59.472896575927734,400.0
2026-04-22T22:32:26.528534,96.9,59.67524337768555,400.0
2026-04-22T22:32:28.734572,97.9,59.57406997680664,400.0
2026-04-22T22:32:30.943560,92.3,59.67524337768555,400.0
2026-04-22T22:32:33.147237,97.9,59.725830078125,400.0
2026-04-22T22:32:35.354567,94.8,59.57406997680664,400.0
2026-04-22T22:32:37.565003,97.7,59.67524337768555,400.0
2026-04-22T22:32:39.766742,97.3,59.725830078125,400.0
2026-04-22T22:32:41.971272,97.5,59.57406997680664,400.0
2026-04-22T22:32:44.174306,97.6,59.624656677246094,400.0
2026-04-22T22:32:46.378216,94.8,59.77641296386719,400.0
2026-04-22T22:32:48.580801,97.8,59.77641296386719,400.0
2026-04-22T22:32:50.793035,95.0,59.725830078125,400.0
2026-04-22T22:32:52.995882,98.0,59.77641296386719,400.0
2026-04-22T22:32:55.200449,97.7,59.77641296386719,400.0
2026-04-22T22:32:57.409801,97.4,59.725830078125,400.0
2026-04-22T22:32:59.612216,97.5,59.725830078125,400.0
2026-04-22T22:33:01.816537,96.9,59.37172317504883,400.0
2026-04-22T22:33:04.019879,98.1,59.32114028930664,400.0
2026-04-22T22:33:06.223121,93.9,59.219966888427734,400.0
2026-04-22T22:33:08.427561,97.1,59.16938018798828,400.0
2026-04-22T22:33:10.639831,98.1,58.96703338623047,400.0
2026-04-22T22:33:12.845882,97.5,58.96703338623047,400.0
2026-04-22T22:33:15.049761,97.6,58.76469039916992,400.0
2026-04-22T22:33:17.255474,95.6,58.815277099609375,400.0
2026-04-22T22:33:19.460151,97.5,58.61293029785156,400.0
2026-04-22T22:33:21.667364,94.8,58.51176071166992,400.0
2026-04-22T22:33:23.869792,98.0,58.51176071166992,400.0
2026-04-22T22:33:26.074640,97.6,58.51176071166992,400.0
2026-04-22T22:33:28.278202,97.1,58.410587310791016,400.0
2026-04-22T22:33:30.481670,97.2,58.157657623291016,400.0
2026-04-22T22:33:32.683358,90.6,58.2082405090332,400.0
2026-04-22T22:33:34.885506,97.6,58.258827209472656,400.0
2026-04-22T22:33:37.090204,96.1,58.258827209472656,400.0
2026-04-22T22:33:39.293407,97.4,58.005897521972656,400.0
2026-04-22T22:33:41.496138,97.1,58.05648422241211,400.0
2026-04-22T22:33:43.697895,97.1,57.8541374206543,400.0
2026-04-22T22:33:45.903293,97.6,57.8541374206543,400.0
2026-04-22T22:33:48.106420,94.7,57.752967834472656,400.0
2026-04-22T22:33:50.310002,97.7,57.65179443359375,400.0
2026-04-22T22:33:52.513719,91.5,57.550621032714844,400.0
2026-04-22T22:33:54.717310,97.8,57.550621032714844,400.0
2026-04-22T22:33:56.919370,98.0,57.398860931396484,400.0
2026-04-22T22:33:59.121326,97.3,57.50003433227539,400.0
2026-04-22T22:34:01.324515,97.3,57.398860931396484,400.0
2026-04-22T22:34:03.528928,96.9,57.3482780456543,400.0
2026-04-22T22:34:05.732287,97.1,57.24710464477539,400.0
2026-04-22T22:34:07.946141,96.2,57.24710464477539,400.0
2026-04-22T22:34:10.148464,98.0,57.09534454345703,400.0
2026-04-22T22:34:12.354672,97.6,57.145931243896484,400.0
2026-04-22T22:34:14.560455,96.9,56.994171142578125,400.0
2026-04-22T22:34:16.763258,97.0,56.994171142578125,400.0
2026-04-22T22:34:18.967453,96.9,56.893001556396484,400.0
2026-04-22T22:34:21.171028,96.3,56.64006805419922,400.0
2026-04-22T22:34:23.377946,93.4,56.84241485595703,400.0
2026-04-22T22:34:25.580772,96.8,56.69065475463867,400.0
2026-04-22T22:34:27.784019,95.2,56.741241455078125,400.0
2026-04-22T22:34:29.986862,98.0,56.64006805419922,400.0
2026-04-22T22:34:32.190426,97.7,56.589481353759766,400.0
2026-04-22T22:34:34.393304,90.0,56.589481353759766,400.0
2026-04-22T22:34:36.595422,97.6,56.53889846801758,400.0
2026-04-22T22:34:38.803239,92.6,56.488311767578125,400.0
2026-04-22T22:34:41.008046,97.0,56.53889846801758,400.0
2026-04-22T22:34:43.217840,97.0,56.38713836669922,400.0
2026-04-22T22:34:45.420639,95.9,56.38713836669922,400.0
2026-04-22T22:34:47.625021,97.3,56.23537826538086,400.0
2026-04-22T22:34:49.830542,97.3,56.184791564941406,400.0
2026-04-22T22:34:52.033649,97.5,56.13420867919922,400.0
2026-04-22T22:34:54.237133,94.8,56.083621978759766,400.0
2026-04-22T22:34:56.440202,97.6,56.184791564941406,400.0
2026-04-22T22:34:58.647028,92.2,56.336551666259766,400.0
2026-04-22T22:35:00.848783,97.4,56.336551666259766,400.0
2026-04-22T22:35:03.053647,96.9,56.488311767578125,400.0
2026-04-22T22:35:05.256666,97.2,56.488311767578125,400.0
2026-04-22T22:35:07.460366,97.5,56.589481353759766,400.0
2026-04-22T22:35:09.666363,96.5,56.741241455078125,400.0
2026-04-22T22:35:11.868460,95.7,56.741241455078125,400.0
2026-04-22T22:35:14.075929,96.3,56.69065475463867,400.0
2026-04-22T22:35:16.280805,96.5,56.893001556396484,400.0
2026-04-22T22:35:18.484432,97.8,56.994171142578125,400.0
2026-04-22T22:35:20.688145,96.2,57.04475784301758,400.0
2026-04-22T22:35:22.891995,97.7,57.145931243896484,400.0
2026-04-22T22:35:25.095072,97.4,57.19651794433594,400.0
2026-04-22T22:35:27.299283,98.0,57.24710464477539,400.0
2026-04-22T22:35:29.501395,96.2,57.24710464477539,400.0
2026-04-22T22:35:31.704254,97.5,57.297691345214844,400.0
2026-04-22T22:35:33.908493,96.0,57.09534454345703,400.0
2026-04-22T22:35:36.112517,90.0,57.297691345214844,400.0
2026-04-22T22:35:38.319223,97.5,57.50003433227539,400.0
2026-04-22T22:35:40.526610,94.3,57.6012077331543,400.0
2026-04-22T22:35:42.728358,97.1,57.65179443359375,400.0
2026-04-22T22:35:44.932249,97.7,57.6012077331543,400.0
2026-04-22T22:35:47.139214,97.3,57.803550720214844,400.0
