timestamp,temperature_C,cpu_percent,memory_percent,cpu_freq_MHz,cpu_voltage_V,throttled_flags_hex,num_threads,running_threads
2026-03-29T13:41:14.025376,49.6,0.0,26.8,2400.030464,0.852,0x0,1,1
2026-03-29T13:41:15.042400,49.05,38.0,27.6,2400.027136,0.852,0x0,4,1
2026-03-29T13:41:16.063250,50.15,38.7,27.7,2400.02048,0.852,0x0,14,1
2026-03-29T13:41:17.084664,49.05,37.7,28.1,2400.033792,0.852,0x0,29,0
2026-03-29T13:41:18.101871,50.15,43.7,28.4,2400.03712,0.852,0x0,27,5
2026-03-29T13:41:19.131672,52.35,68.2,28.8,2400.030464,0.852,0x0,30,2
2026-03-29T13:41:20.154095,52.35,72.6,29.1,2400.023808,0.852,0x0,25,2
2026-03-29T13:41:21.177517,53.45,71.7,29.3,2400.030464,0.852,0x0,25,3
2026-03-29T13:41:22.198973,52.35,67.6,29.1,2400.030464,0.852,0x0,25,4
2026-03-29T13:41:23.220513,52.35,68.8,29.1,2400.023808,0.852,0x0,25,1
2026-03-29T13:41:24.244748,53.45,67.9,29.1,2400.033792,0.852,0x0,30,8
2026-03-29T13:41:25.265681,51.25,72.7,29.3,2400.030464,0.852,0x0,25,2
2026-03-29T13:41:26.288192,52.35,71.0,29.1,2400.030464,0.852,0x0,30,1
2026-03-29T13:41:27.313001,54.55,68.3,29.1,2400.030464,0.852,0x0,30,4
2026-03-29T13:41:28.337517,53.45,67.9,29.4,2400.030464,0.852,0x0,30,5
2026-03-29T13:41:29.359440,52.9,68.8,29.5,2400.030464,0.852,0x0,30,2
2026-03-29T13:41:30.390842,54.55,69.3,29.2,2400.027136,0.852,0x0,26,4
2026-03-29T13:41:31.419268,55.1,69.7,29.2,2400.027136,0.852,0x0,25,1
2026-03-29T13:41:32.442157,55.1,67.6,29.1,2400.017408,0.852,0x0,30,1
2026-03-29T13:41:33.464230,55.1,72.2,29.4,2400.02048,0.852,0x0,25,2
2026-03-29T13:41:34.489023,54.0,69.7,29.1,2400.027136,0.852,0x0,25,1
2026-03-29T13:41:35.511679,54.0,71.7,29.1,2400.023808,0.852,0x0,25,1
2026-03-29T13:41:36.549013,55.65,74.6,29.2,2400.03712,0.852,0x0,30,1
2026-03-29T13:41:37.573240,54.55,74.6,29.2,2400.030464,0.852,0x0,26,
2026-03-29T13:41:38.699124,55.65,68.0,29.4,2400.033792,0.852,0x0,25,1
2026-03-29T13:41:39.724148,53.45,67.9,29.5,2400.03712,0.852,0x0,25,1
2026-03-29T13:41:40.751632,54.0,68.0,29.2,2400.027136,0.852,0x0,25,3
2026-03-29T13:41:41.779578,54.55,69.0,29.2,2400.02048,0.852,0x0,29,2
2026-03-29T13:41:42.799085,55.1,66.8,29.1,2400.030464,0.852,0x0,29,
2026-03-29T13:41:43.824486,54.55,68.3,29.3,2400.033792,0.852,0x0,30,2
2026-03-29T13:41:44.847018,55.65,68.2,29.3,2400.017408,0.852,0x0,27,5
2026-03-29T13:41:45.873542,55.1,67.8,29.0,2400.033792,0.852,0x0,30,1
2026-03-29T13:41:46.897738,55.65,68.8,29.1,2400.030464,0.852,0x0,30,
2026-03-29T13:41:47.920121,55.1,68.2,29.3,2400.03712,0.852,0x0,30,1
2026-03-29T13:41:48.943448,55.1,65.6,29.4,2400.027136,0.852,0x0,25,4
2026-03-29T13:41:49.971095,55.1,68.0,29.5,2400.030464,0.852,0x0,25,3
2026-03-29T13:41:50.991894,56.75,68.5,29.5,2400.033792,0.852,0x0,25,3
2026-03-29T13:41:52.017775,56.75,69.2,29.3,2400.033792,0.852,0x0,25,1
2026-03-29T13:41:53.039094,55.1,68.1,29.2,2400.02048,0.852,0x0,30,1
2026-03-29T13:41:54.065638,55.65,68.2,29.2,2400.023808,0.852,0x0,28,
2026-03-29T13:41:55.086034,55.65,67.4,29.5,2400.027136,0.852,0x0,25,1
2026-03-29T13:41:56.109158,56.75,67.3,29.6,2400.027136,0.852,0x0,30,2
2026-03-29T13:41:57.132498,55.1,68.2,29.6,2400.030464,0.852,0x0,30,3
2026-03-29T13:41:58.155195,55.65,67.1,29.5,2400.02048,0.852,0x0,25,1
2026-03-29T13:41:59.178270,56.75,69.3,29.4,2400.023808,0.852,0x0,30,1
2026-03-29T13:42:00.203240,57.3,72.2,29.1,2400.023808,0.852,0x0,25,3
2026-03-29T13:42:01.229045,55.65,67.3,29.1,2400.027136,0.852,0x0,27,
2026-03-29T13:42:02.253936,55.65,68.5,29.0,2400.027136,0.852,0x0,26,
2026-03-29T13:42:03.279050,56.2,67.8,29.0,2400.027136,0.852,0x0,25,0
2026-03-29T13:42:04.297675,55.65,66.8,29.0,2400.02048,0.852,0x0,26,
2026-03-29T13:42:05.318639,55.65,67.5,29.0,2400.017408,0.852,0x0,30,2
2026-03-29T13:42:06.341722,56.2,67.8,28.9,2400.03712,0.852,0x0,27,6
2026-03-29T13:42:07.372671,56.75,69.9,28.6,2400.027136,0.852,0x0,26,
2026-03-29T13:42:08.396077,56.2,67.2,28.7,2400.027136,0.852,0x0,30,1
2026-03-29T13:42:09.417391,55.65,67.7,28.8,2400.02048,0.852,0x0,25,3
2026-03-29T13:42:10.438052,54.55,66.8,28.7,2400.030464,0.852,0x0,30,2
2026-03-29T13:42:11.463409,57.3,67.5,28.5,2400.023808,0.852,0x0,30,1
2026-03-29T13:42:12.486155,56.2,68.2,28.7,2400.033792,0.852,0x0,25,2
2026-03-29T13:42:13.506943,56.2,67.5,28.7,2400.023808,0.852,0x0,30,2
2026-03-29T13:42:14.532623,56.75,66.3,28.8,2400.02048,0.852,0x0,25,4
2026-03-29T13:42:15.562083,55.65,68.8,28.8,2400.023808,0.852,0x0,25,4
2026-03-29T13:42:16.691105,56.75,67.9,29.0,2400.033792,0.852,0x0,26,
2026-03-29T13:42:17.709352,56.75,68.5,29.1,2400.030464,0.852,0x0,31,8
2026-03-29T13:42:18.731716,57.3,68.1,29.2,2400.033792,0.852,0x0,25,1
2026-03-29T13:42:19.761249,57.3,67.9,29.2,2400.017408,0.852,0x0,30,1
2026-03-29T13:42:20.784537,57.85,66.8,29.0,2400.027136,0.852,0x0,30,1
2026-03-29T13:42:21.808445,57.85,70.4,29.1,2400.030464,0.852,0x0,30,1
2026-03-29T13:42:22.834159,57.3,69.1,29.2,2400.030464,0.852,0x0,25,3
2026-03-29T13:42:23.861193,57.3,67.5,29.1,2400.02048,0.852,0x0,30,
2026-03-29T13:42:24.886323,55.65,67.4,29.3,2400.033792,0.852,0x0,25,3
2026-03-29T13:42:25.908792,57.3,66.9,29.4,2400.03712,0.852,0x0,25,4
2026-03-29T13:42:26.932714,56.75,68.7,29.3,2400.03712,0.852,0x0,30,
2026-03-29T13:42:27.951590,58.4,68.6,29.2,2400.030464,0.852,0x0,30,3
2026-03-29T13:42:28.973008,59.5,66.3,29.2,2400.02048,0.852,0x0,25,1
2026-03-29T13:42:29.999624,55.65,67.4,29.3,2400.02048,0.852,0x0,27,6
2026-03-29T13:42:31.023836,57.3,68.8,29.1,2400.033792,0.852,0x0,30,
2026-03-29T13:42:32.051664,57.3,67.0,29.1,2400.033792,0.852,0x0,25,3
2026-03-29T13:42:33.073399,56.2,68.3,29.2,2400.03712,0.852,0x0,25,3
2026-03-29T13:42:34.099626,56.75,65.8,29.3,2400.02048,0.852,0x0,25,3
2026-03-29T13:42:35.124874,56.75,68.5,29.0,2400.033792,0.852,0x0,25,3
2026-03-29T13:42:36.155823,57.85,67.8,29.1,2400.027136,0.852,0x0,25,1
2026-03-29T13:42:37.283424,58.95,67.9,29.0,2400.023808,0.852,0x0,25,1
2026-03-29T13:42:38.307623,58.4,69.2,29.1,2400.030464,0.852,0x0,27,6
2026-03-29T13:42:39.337919,57.85,65.8,29.3,2400.02048,0.852,0x0,25,2
2026-03-29T13:42:40.363182,57.85,67.2,29.2,2400.030464,0.852,0x0,30,2
2026-03-29T13:42:41.387620,58.95,71.6,29.3,2400.027136,0.852,0x0,25,0
2026-03-29T13:42:42.407309,57.85,68.1,29.5,2400.033792,0.852,0x0,25,2
2026-03-29T13:42:43.431653,59.5,67.5,29.2,2400.023808,0.852,0x0,25,3
2026-03-29T13:42:44.460726,58.4,67.3,29.3,2400.02048,0.852,0x0,29,
2026-03-29T13:42:45.481594,57.85,67.3,29.4,2400.027136,0.852,0x0,25,3
2026-03-29T13:42:46.506229,58.4,67.3,29.5,2400.033792,0.852,0x0,25,1
2026-03-29T13:42:47.529344,57.85,68.6,29.6,2400.023808,0.852,0x0,25,2
2026-03-29T13:42:48.548521,57.85,66.4,29.5,2400.03712,0.852,0x0,26,
2026-03-29T13:42:49.571591,57.85,68.0,29.4,2400.02048,0.852,0x0,25,2
2026-03-29T13:42:50.594759,58.4,66.7,29.4,2400.03712,0.852,0x0,30,
2026-03-29T13:42:51.622044,59.5,68.3,29.1,2400.030464,0.852,0x0,30,1
2026-03-29T13:42:52.647889,58.4,73.9,29.1,2400.030464,0.852,0x0,25,3
2026-03-29T13:42:53.682967,59.5,68.1,29.0,2400.03712,0.852,0x0,30,2
2026-03-29T13:42:54.769356,58.4,67.9,29.0,2400.033792,0.852,0x0,30,
2026-03-29T13:42:55.790904,58.4,66.8,29.1,2400.023808,0.852,0x0,25,3
2026-03-29T13:42:56.820108,58.95,66.4,29.2,2400.027136,0.852,0x0,25,1
2026-03-29T13:42:57.842381,60.05,68.2,29.5,2400.027136,0.852,0x0,30,1
2026-03-29T13:42:58.863429,59.5,68.5,29.2,2400.02048,0.852,0x0,30,1
2026-03-29T13:42:59.887604,57.85,72.7,29.2,2400.030464,0.852,0x0,25,4
2026-03-29T13:43:00.910397,61.15,67.3,29.1,2400.033792,0.852,0x0,25,1
2026-03-29T13:43:01.932729,58.95,67.0,29.1,2400.030464,0.852,0x0,30,1
2026-03-29T13:43:02.957950,59.5,68.1,29.3,2400.023808,0.852,0x0,25,3
2026-03-29T13:43:03.985157,60.05,69.0,29.1,2400.027136,0.852,0x0,25,2
2026-03-29T13:43:05.007244,58.4,68.0,29.1,2400.03712,0.852,0x0,25,3
2026-03-29T13:43:06.030334,60.05,67.6,29.0,2400.023808,0.852,0x0,30,3
2026-03-29T13:43:07.058168,59.5,68.2,29.1,2400.023808,0.852,0x0,26,
2026-03-29T13:43:08.081344,58.4,69.7,29.3,2400.023808,0.852,0x0,26,
2026-03-29T13:43:09.112233,58.95,72.4,29.2,2400.030464,0.852,0x0,25,1
2026-03-29T13:43:10.144654,60.05,75.8,29.2,2400.033792,0.852,0x0,25,3
2026-03-29T13:43:11.170378,58.95,67.6,29.0,2400.030464,0.852,0x0,26,3
2026-03-29T13:43:12.202886,60.05,68.3,29.0,2400.023808,0.852,0x0,26,
2026-03-29T13:43:13.226106,60.05,71.5,29.2,2400.027136,0.852,0x0,30,1
2026-03-29T13:43:14.349410,58.4,67.7,29.1,2400.033792,0.852,0x0,25,3
2026-03-29T13:43:15.373178,58.4,67.0,29.0,2400.017408,0.852,0x0,25,3
2026-03-29T13:43:16.401671,58.95,68.5,29.0,2400.02048,0.852,0x0,30,5
2026-03-29T13:43:17.421933,59.5,68.1,29.0,2400.030464,0.852,0x0,30,1
2026-03-29T13:43:18.446502,60.05,68.8,29.0,2400.02048,0.852,0x0,25,1
2026-03-29T13:43:19.466259,58.4,67.8,29.0,2400.033792,0.852,0x0,26,
2026-03-29T13:43:20.492083,58.4,71.7,28.8,2400.030464,0.852,0x0,30,2
2026-03-29T13:43:21.511582,58.95,68.0,28.9,2400.033792,0.852,0x0,30,
2026-03-29T13:43:22.537372,58.95,68.2,28.9,2400.030464,0.852,0x0,25,1
2026-03-29T13:43:23.564590,58.4,69.2,29.2,2400.02048,0.852,0x0,30,0
2026-03-29T13:43:24.585984,60.05,68.7,29.1,2400.033792,0.852,0x0,30,
2026-03-29T13:43:25.607636,58.95,68.7,29.0,2400.030464,0.852,0x0,25,3
2026-03-29T13:43:26.633526,58.95,67.9,29.2,2400.030464,0.852,0x0,25,4
2026-03-29T13:43:27.657132,58.4,67.8,29.1,2400.030464,0.852,0x0,25,3
2026-03-29T13:43:28.687158,56.75,68.2,29.1,2400.030464,0.852,0x0,25,1
2026-03-29T13:43:29.711081,58.95,67.3,29.2,2400.033792,0.852,0x0,31,
2026-03-29T13:43:30.729446,59.5,68.5,28.8,2400.027136,0.852,0x0,25,4
2026-03-29T13:43:31.757262,58.95,66.9,29.1,2400.02048,0.852,0x0,25,2
2026-03-29T13:43:32.779654,59.5,67.5,29.1,2400.033792,0.852,0x0,25,2
2026-03-29T13:43:33.865704,58.4,67.6,29.2,2400.033792,0.852,0x0,30,1
2026-03-29T13:43:34.886966,58.4,68.1,29.4,2400.023808,0.852,0x0,25,1
2026-03-29T13:43:35.907246,58.4,67.7,29.2,2400.033792,0.852,0x0,25,4
2026-03-29T13:43:36.933174,58.95,71.6,29.3,2400.02048,0.852,0x0,25,1
2026-03-29T13:43:37.958440,58.95,73.1,29.4,2400.030464,0.852,0x0,25,2
2026-03-29T13:43:39.084500,59.5,69.5,29.1,2400.027136,0.852,0x0,25,3
2026-03-29T13:43:40.111434,57.85,66.8,29.1,2400.02048,0.852,0x0,25,1
2026-03-29T13:43:41.135569,59.5,67.6,29.0,2400.023808,0.852,0x0,30,1
2026-03-29T13:43:42.158343,60.6,67.4,29.1,2400.02048,0.852,0x0,25,5
2026-03-29T13:43:43.180930,60.05,69.1,29.1,2400.030464,0.852,0x0,29,8
2026-03-29T13:43:44.200224,57.85,66.8,29.2,2400.030464,0.852,0x0,25,2
2026-03-29T13:43:45.230978,58.95,66.7,29.1,2400.033792,0.852,0x0,25,1
2026-03-29T13:43:46.256507,58.4,68.6,29.1,2400.027136,0.852,0x0,30,3
2026-03-29T13:43:47.297316,57.85,68.1,29.2,2400.027136,0.852,0x0,30,1
2026-03-29T13:43:48.319969,59.5,67.3,29.1,2400.030464,0.852,0x0,27,
2026-03-29T13:43:49.340562,59.5,66.1,29.3,2400.030464,0.852,0x0,25,4
2026-03-29T13:43:50.363791,57.85,68.4,29.4,2400.027136,0.852,0x0,31,4
2026-03-29T13:43:51.393541,58.95,67.2,29.4,2400.033792,0.852,0x0,25,2
2026-03-29T13:43:52.416490,58.95,70.2,29.3,2400.033792,0.852,0x0,30,8
2026-03-29T13:43:53.437474,58.4,67.8,29.4,2400.023808,0.852,0x0,25,4
2026-03-29T13:43:54.467074,58.95,72.6,29.5,2400.02048,0.852,0x0,27,
2026-03-29T13:43:55.492114,59.5,68.4,29.3,2400.027136,0.852,0x0,26,4
2026-03-29T13:43:56.520593,59.5,67.6,29.1,2400.033792,0.852,0x0,30,
2026-03-29T13:43:57.547783,60.05,68.8,29.2,2400.023808,0.852,0x0,25,3
2026-03-29T13:43:58.569596,59.5,69.1,29.3,2400.030464,0.852,0x0,30,
2026-03-29T13:43:59.592575,58.95,68.0,29.4,2400.033792,0.852,0x0,25,2
2026-03-29T13:44:00.614653,58.4,67.6,29.1,2400.027136,0.852,0x0,30,2
2026-03-29T13:44:01.643793,60.6,67.1,29.3,2400.027136,0.852,0x0,25,1
2026-03-29T13:44:02.668008,57.85,67.9,29.3,2400.02048,0.852,0x0,26,
2026-03-29T13:44:03.690215,58.4,68.3,29.5,2400.02048,0.852,0x0,25,3
2026-03-29T13:44:04.716870,59.5,67.5,29.5,2400.033792,0.852,0x0,30,1
2026-03-29T13:44:05.736176,58.4,68.3,29.2,2400.027136,0.852,0x0,30,
2026-03-29T13:44:06.767580,58.95,73.0,29.1,2400.017408,0.852,0x0,30,1
2026-03-29T13:44:07.789435,58.95,74.5,29.0,2400.02048,0.852,0x0,25,2
2026-03-29T13:44:08.816769,58.4,70.2,29.1,2400.030464,0.852,0x0,30,2
2026-03-29T13:44:09.837635,58.95,69.5,29.4,2400.017408,0.852,0x0,25,2
2026-03-29T13:44:10.870619,58.95,67.8,29.3,2400.02048,0.852,0x0,25,3
2026-03-29T13:44:11.978040,58.95,68.4,29.4,2400.030464,0.852,0x0,25,1
2026-03-29T13:44:13.003246,58.95,67.8,29.4,2400.030464,0.852,0x0,25,3
2026-03-29T13:44:14.030203,59.5,68.1,29.4,2400.033792,0.852,0x0,25,2
2026-03-29T13:44:15.054730,58.95,71.6,29.5,2400.030464,0.852,0x0,25,2
2026-03-29T13:44:16.079764,58.95,67.7,29.3,2400.033792,0.852,0x0,25,0
2026-03-29T13:44:17.100962,59.5,67.5,29.0,2400.023808,0.852,0x0,26,
2026-03-29T13:44:18.123631,58.4,68.6,28.9,2400.023808,0.852,0x0,30,2
2026-03-29T13:44:19.146570,58.4,69.6,29.3,2400.030464,0.852,0x0,30,9
2026-03-29T13:44:20.168369,58.95,68.3,29.4,2400.030464,0.852,0x0,26,
2026-03-29T13:44:21.191165,58.95,68.7,29.3,2400.033792,0.852,0x0,29,7
2026-03-29T13:44:22.218413,59.5,68.8,29.3,2400.023808,0.852,0x0,25,2
2026-03-29T13:44:23.246964,60.6,68.1,29.3,2400.02048,0.852,0x0,27,
2026-03-29T13:44:24.269414,58.95,69.9,29.2,2400.033792,0.852,0x0,25,2
2026-03-29T13:44:25.292982,60.05,67.3,29.2,2400.027136,0.852,0x0,25,3
2026-03-29T13:44:26.325538,58.4,67.6,29.3,2400.03712,0.852,0x0,30,2
2026-03-29T13:44:27.349679,58.4,68.6,29.2,2400.02048,0.852,0x0,25,0
2026-03-29T13:44:28.452054,58.95,67.4,29.2,2400.023808,0.852,0x0,25,1
2026-03-29T13:44:29.481614,58.95,68.3,29.1,2400.023808,0.852,0x0,25,2
2026-03-29T13:44:30.503689,59.5,68.2,29.1,2400.030464,0.852,0x0,30,2
2026-03-29T13:44:31.565963,60.6,68.6,29.0,2400.030464,0.852,0x0,30,2
2026-03-29T13:44:32.587674,58.95,66.7,29.1,2400.033792,0.852,0x0,30,2
2026-03-29T13:44:33.605524,58.95,67.5,29.0,2400.033792,0.852,0x0,30,
2026-03-29T13:44:34.635003,58.4,67.8,29.1,2400.023808,0.852,0x0,25,2
2026-03-29T13:44:35.658816,59.5,71.9,29.0,2400.027136,0.852,0x0,30,
2026-03-29T13:44:36.680729,60.05,67.3,29.1,2400.023808,0.852,0x0,25,3
2026-03-29T13:44:37.703376,60.05,67.4,29.1,2400.027136,0.852,0x0,30,1
2026-03-29T13:44:38.727761,60.6,67.8,28.9,2400.023808,0.852,0x0,30,2
2026-03-29T13:44:39.752784,59.5,67.8,29.2,2400.027136,0.852,0x0,30,1
2026-03-29T13:44:40.783603,58.95,68.1,29.2,2400.027136,0.852,0x0,25,3
2026-03-29T13:44:41.807273,58.95,68.7,29.1,2400.02048,0.852,0x0,30,0
2026-03-29T13:44:42.828940,60.05,68.5,29.2,2400.023808,0.852,0x0,25,4
2026-03-29T13:44:43.856581,58.95,70.8,29.3,2400.027136,0.852,0x0,25,3
2026-03-29T13:44:44.889526,60.6,68.3,29.5,2400.027136,0.852,0x0,30,1
2026-03-29T13:44:45.918665,57.85,67.0,29.3,2400.033792,0.852,0x0,25,
2026-03-29T13:44:46.942902,58.95,68.1,29.5,2400.02048,0.852,0x0,25,4
2026-03-29T13:44:47.967662,59.5,67.7,29.3,2400.02048,0.852,0x0,25,1
2026-03-29T13:44:48.987511,59.5,68.4,29.1,2400.033792,0.852,0x0,30,3
2026-03-29T13:44:50.006219,59.5,68.2,29.1,2400.017408,0.852,0x0,28,6
2026-03-29T13:44:51.029673,60.05,68.6,29.2,2400.03712,0.852,0x0,25,3
2026-03-29T13:44:52.055336,59.5,68.3,29.3,2400.033792,0.852,0x0,30,
2026-03-29T13:44:53.077315,59.5,67.2,29.3,2400.027136,0.852,0x0,25,1
2026-03-29T13:44:54.098874,60.6,70.0,29.2,2400.023808,0.852,0x0,30,2
2026-03-29T13:44:55.121459,59.5,68.1,29.2,2400.023808,0.852,0x0,25,3
2026-03-29T13:44:56.146371,58.95,68.1,29.4,2400.027136,0.852,0x0,25,3
2026-03-29T13:44:57.168401,58.95,67.1,29.3,2400.02048,0.852,0x0,25,1
2026-03-29T13:44:58.290272,60.05,71.3,29.2,2400.033792,0.852,0x0,25,3
2026-03-29T13:44:59.312724,59.5,69.5,29.2,2400.023808,0.852,0x0,30,
2026-03-29T13:45:00.333944,60.6,68.0,28.9,2400.030464,0.852,0x0,30,
2026-03-29T13:45:01.357333,58.95,66.4,28.9,2400.030464,0.852,0x0,30,1
2026-03-29T13:45:02.380842,59.5,68.5,28.9,2400.033792,0.852,0x0,25,3
2026-03-29T13:45:03.511144,57.85,67.0,28.9,2400.033792,0.852,0x0,25,2
2026-03-29T13:45:04.536849,57.85,69.2,29.0,2400.030464,0.852,0x0,30,1
2026-03-29T13:45:05.557160,58.95,67.3,29.0,2400.023808,0.852,0x0,29,6
2026-03-29T13:45:06.582854,57.85,69.0,29.1,2400.030464,0.852,0x0,30,4
2026-03-29T13:45:07.602847,58.95,67.3,29.1,2400.027136,0.852,0x0,25,1
2026-03-29T13:45:08.627626,60.05,68.6,29.0,2400.027136,0.852,0x0,25,1
2026-03-29T13:45:09.655637,57.85,67.7,28.8,2400.027136,0.852,0x0,30,1
2026-03-29T13:45:10.676868,58.95,67.5,28.7,2400.030464,0.852,0x0,25,3
2026-03-29T13:45:11.702636,58.95,67.8,29.1,2400.03712,0.852,0x0,25,4
2026-03-29T13:45:12.728955,60.05,67.0,29.2,2400.033792,0.852,0x0,30,3
2026-03-29T13:45:13.758513,58.95,68.7,29.1,2400.033792,0.852,0x0,30,
2026-03-29T13:45:14.778201,60.6,69.2,29.4,2400.027136,0.852,0x0,25,0
2026-03-29T13:45:15.803753,58.95,68.5,29.4,2400.027136,0.852,0x0,29,
2026-03-29T13:45:16.827968,60.05,67.5,29.7,2400.02048,0.852,0x0,30,2
2026-03-29T13:45:17.857639,59.5,67.8,29.6,2400.030464,0.852,0x0,25,3
2026-03-29T13:45:18.887943,58.95,67.6,29.8,2400.027136,0.852,0x0,28,6
2026-03-29T13:45:19.911014,59.5,73.0,29.7,2400.03712,0.852,0x0,27,
2026-03-29T13:45:20.930080,59.5,65.8,29.5,2400.02048,0.852,0x0,25,3
2026-03-29T13:45:21.951088,60.05,67.3,29.4,2400.033792,0.852,0x0,25,1
2026-03-29T13:45:22.980991,59.5,68.1,29.3,2400.033792,0.852,0x0,25,2
2026-03-29T13:45:24.000064,58.95,67.0,29.1,2400.017408,0.852,0x0,30,4
2026-03-29T13:45:25.027625,59.5,69.1,29.2,2400.027136,0.852,0x0,30,1
2026-03-29T13:45:26.047639,60.05,66.5,29.3,2400.033792,0.852,0x0,25,1
2026-03-29T13:45:27.068627,60.05,67.6,29.1,2400.027136,0.852,0x0,26,
2026-03-29T13:45:28.095914,60.05,66.8,29.2,2400.03712,0.852,0x0,26,
2026-03-29T13:45:29.125650,60.05,67.3,29.2,2400.030464,0.852,0x0,25,1
2026-03-29T13:45:30.151233,59.5,70.9,29.0,2400.03712,0.852,0x0,30,2
2026-03-29T13:45:31.173853,59.5,66.8,29.0,2400.030464,0.852,0x0,25,1
2026-03-29T13:45:32.192884,59.5,68.4,29.0,2400.02048,0.852,0x0,27,
2026-03-29T13:45:33.218536,61.7,68.0,29.0,2400.027136,0.852,0x0,25,2
2026-03-29T13:45:34.243088,59.5,66.8,29.1,2400.02048,0.852,0x0,25,0
2026-03-29T13:45:35.264327,60.6,68.6,29.0,2400.027136,0.852,0x0,25,1
2026-03-29T13:45:36.285803,58.4,67.9,28.8,2400.023808,0.852,0x0,30,1
2026-03-29T13:45:37.309640,59.5,68.5,28.7,2400.03712,0.852,0x0,25,1
2026-03-29T13:45:38.330631,59.5,67.7,28.8,2400.033792,0.852,0x0,25,2
2026-03-29T13:45:39.429632,58.95,67.8,28.8,2400.033792,0.852,0x0,30,2
2026-03-29T13:45:40.454783,59.5,71.3,29.1,2400.02048,0.852,0x0,25,1
2026-03-29T13:45:41.473675,58.95,67.2,29.2,2400.02048,0.852,0x0,25,4
2026-03-29T13:45:42.496676,59.5,69.1,29.3,2400.030464,0.852,0x0,30,1
2026-03-29T13:45:43.518022,59.5,67.1,28.9,2400.033792,0.852,0x0,25,3
2026-03-29T13:45:44.539338,61.7,68.0,28.7,2400.02048,0.852,0x0,27,5
2026-03-29T13:45:45.568176,59.5,69.0,28.8,2400.02048,0.852,0x0,30,1
2026-03-29T13:45:46.591586,58.95,67.8,29.0,2400.023808,0.852,0x0,30,3
2026-03-29T13:45:47.617265,58.95,66.9,28.8,2400.02048,0.852,0x0,25,4
2026-03-29T13:45:48.650603,59.5,67.9,28.8,2400.033792,0.852,0x0,30,4
2026-03-29T13:45:49.675577,60.05,69.5,28.8,2400.030464,0.852,0x0,27,
2026-03-29T13:45:50.696613,59.5,67.4,28.7,2400.03712,0.852,0x0,25,3
2026-03-29T13:45:51.721433,60.6,68.3,28.7,2400.02048,0.852,0x0,30,
2026-03-29T13:45:52.744803,59.5,66.8,28.9,2400.030464,0.852,0x0,25,3
2026-03-29T13:45:53.773486,59.5,67.2,28.8,2400.033792,0.852,0x0,25,1
2026-03-29T13:45:54.795595,59.5,67.8,28.7,2400.027136,0.852,0x0,25,2
2026-03-29T13:45:55.826323,58.95,67.3,28.8,2400.030464,0.852,0x0,25,0
2026-03-29T13:45:56.847121,59.5,66.2,28.8,2400.027136,0.852,0x0,30,5
2026-03-29T13:45:57.874215,60.05,67.7,28.9,2400.027136,0.852,0x0,30,2
2026-03-29T13:45:58.899908,60.6,67.8,29.0,2400.023808,0.852,0x0,30,4
2026-03-29T13:45:59.925032,60.05,69.0,28.9,2400.027136,0.852,0x0,30,
2026-03-29T13:46:00.949923,59.5,72.1,28.8,2400.027136,0.852,0x0,30,1
2026-03-29T13:46:02.074588,59.5,67.9,28.9,2400.02048,0.852,0x0,25,3
2026-03-29T13:46:03.096057,58.95,68.4,28.8,2400.033792,0.852,0x0,30,2
2026-03-29T13:46:04.117906,60.6,68.2,28.9,2400.027136,0.852,0x0,30,3
2026-03-29T13:46:05.235622,60.05,70.4,29.0,2400.027136,0.852,0x0,25,3
2026-03-29T13:46:06.257722,61.15,66.2,28.8,2400.030464,0.852,0x0,30,2
2026-03-29T13:46:07.279685,58.95,68.6,28.7,2400.033792,0.852,0x0,27,
2026-03-29T13:46:08.299503,58.95,67.0,28.7,2400.017408,0.852,0x0,25,3
2026-03-29T13:46:09.325298,59.5,68.4,29.0,2400.02048,0.852,0x0,30,2
2026-03-29T13:46:10.346784,59.5,70.8,29.0,2400.027136,0.852,0x0,25,2
2026-03-29T13:46:11.370019,60.6,68.0,29.1,2400.03712,0.852,0x0,25,2
2026-03-29T13:46:12.389810,59.5,67.2,29.3,2400.030464,0.852,0x0,25,0
2026-03-29T13:46:13.409219,60.05,67.1,29.0,2400.033792,0.852,0x0,30,4
2026-03-29T13:46:14.431059,58.95,67.2,29.0,2400.023808,0.852,0x0,30,
2026-03-29T13:46:15.457130,59.5,67.4,29.0,2400.033792,0.852,0x0,30,2
2026-03-29T13:46:16.479797,58.95,67.4,28.8,2400.023808,0.852,0x0,25,3
2026-03-29T13:46:17.506242,58.95,67.5,28.8,2400.03712,0.852,0x0,28,6
2026-03-29T13:46:18.532853,58.95,66.8,29.0,2400.033792,0.852,0x0,30,1
2026-03-29T13:46:19.559673,59.5,67.9,28.8,2400.027136,0.852,0x0,26,
2026-03-29T13:46:20.586394,60.6,68.4,29.0,2400.030464,0.852,0x0,25,3
2026-03-29T13:46:21.616266,59.5,68.0,28.9,2400.030464,0.852,0x0,28,
2026-03-29T13:46:22.641075,61.7,68.3,29.1,2400.027136,0.852,0x0,30,1
2026-03-29T13:46:23.677653,60.6,71.3,29.1,2400.03712,0.852,0x0,30,4
2026-03-29T13:46:24.698446,61.15,68.0,29.0,2400.027136,0.852,0x0,25,1
2026-03-29T13:46:25.727614,60.6,69.7,29.0,2400.030464,0.852,0x0,25,4
2026-03-29T13:46:26.763054,60.6,66.7,29.1,2400.03712,0.852,0x0,30,1
2026-03-29T13:46:27.783163,58.95,68.6,28.9,2400.023808,0.852,0x0,25,2
2026-03-29T13:46:28.800721,59.5,65.6,29.1,2400.023808,0.852,0x0,25,3
2026-03-29T13:46:29.823503,61.15,66.9,29.0,2400.033792,0.852,0x0,30,8
2026-03-29T13:46:30.844548,59.5,68.9,28.9,2400.023808,0.852,0x0,30,2
2026-03-29T13:46:31.869100,59.5,66.1,28.8,2400.027136,0.852,0x0,30,
2026-03-29T13:46:32.893569,60.6,68.4,28.8,2400.033792,0.852,0x0,30,4
2026-03-29T13:46:33.915565,62.25,68.8,28.9,2400.023808,0.852,0x0,25,2
2026-03-29T13:46:34.941459,59.5,67.4,29.2,2400.027136,0.852,0x0,25,2
2026-03-29T13:46:35.971596,60.05,69.3,29.0,2400.027136,0.852,0x0,30,4
2026-03-29T13:46:36.994275,61.7,68.8,29.1,2400.023808,0.852,0x0,25,2
2026-03-29T13:46:38.023632,59.5,69.1,28.9,2400.033792,0.852,0x0,29,8
2026-03-29T13:46:39.047011,60.05,72.4,28.9,2400.023808,0.852,0x0,26,
2026-03-29T13:46:40.069034,60.6,67.3,29.0,2400.017408,0.852,0x0,25,1
2026-03-29T13:46:41.089387,60.05,68.4,28.9,2400.027136,0.852,0x0,25,1
2026-03-29T13:46:42.106851,60.6,68.1,28.7,2400.02048,0.852,0x0,25,3
2026-03-29T13:46:43.134741,60.05,67.2,28.8,2400.027136,0.852,0x0,26,4
2026-03-29T13:46:44.157156,60.6,66.8,28.9,2400.030464,0.852,0x0,30,2
2026-03-29T13:46:45.179462,58.95,68.7,29.0,2400.030464,0.852,0x0,30,4
2026-03-29T13:46:46.200306,58.95,66.5,28.9,2400.02048,0.852,0x0,30,1
2026-03-29T13:46:47.222168,59.5,67.3,29.1,2400.023808,0.852,0x0,30,2
2026-03-29T13:46:48.243215,60.05,68.8,29.1,2400.03712,0.852,0x0,25,3
2026-03-29T13:46:49.270771,60.05,68.4,29.0,2400.027136,0.852,0x0,29,1
2026-03-29T13:46:50.291089,60.05,68.5,29.0,2400.033792,0.852,0x0,25,2
2026-03-29T13:46:51.312807,59.5,68.6,29.0,2400.033792,0.852,0x0,28,
2026-03-29T13:46:52.334991,58.95,68.5,29.0,2400.027136,0.852,0x0,30,1
2026-03-29T13:46:53.358185,60.05,68.1,29.1,2400.033792,0.852,0x0,25,1
2026-03-29T13:46:54.383702,58.95,69.0,29.4,2400.023808,0.852,0x0,25,3
2026-03-29T13:46:55.412221,59.5,69.5,29.5,2400.02048,0.852,0x0,25,2
2026-03-29T13:46:56.433340,60.6,68.1,29.6,2400.02048,0.852,0x0,25,3
2026-03-29T13:46:57.461534,60.05,68.5,29.4,2400.030464,0.852,0x0,30,2
2026-03-29T13:46:58.484271,60.6,67.5,29.4,2400.02048,0.852,0x0,25,1
2026-03-29T13:46:59.511591,60.6,68.1,29.4,2400.023808,0.852,0x0,25,2
2026-03-29T13:47:00.535363,60.05,72.2,29.4,2400.033792,0.852,0x0,30,
2026-03-29T13:47:01.564739,60.05,67.8,29.3,2400.02048,0.852,0x0,25,1
2026-03-29T13:47:02.587399,59.5,68.0,29.3,2400.027136,0.852,0x0,29,3
2026-03-29T13:47:03.611202,61.15,68.5,29.2,2400.03712,0.852,0x0,30,1
2026-03-29T13:47:04.638122,58.4,68.2,29.1,2400.027136,0.852,0x0,30,1
2026-03-29T13:47:05.663619,58.95,67.5,29.0,2400.02048,0.852,0x0,25,3
2026-03-29T13:47:06.689730,58.4,66.1,29.1,2400.030464,0.852,0x0,30,5
2026-03-29T13:47:07.712937,61.15,68.3,29.1,2400.033792,0.852,0x0,30,
2026-03-29T13:47:08.742697,61.15,66.8,29.0,2400.033792,0.852,0x0,26,
2026-03-29T13:47:09.764268,60.05,68.0,29.4,2400.023808,0.852,0x0,30,2
2026-03-29T13:47:10.782666,60.05,67.0,29.6,2400.023808,0.852,0x0,27,
2026-03-29T13:47:11.805254,60.05,67.3,29.5,2400.030464,0.852,0x0,30,2
2026-03-29T13:47:12.929600,61.15,67.0,29.2,2400.02048,0.852,0x0,25,3
2026-03-29T13:47:13.947510,61.15,67.3,29.2,2400.033792,0.852,0x0,25,3
2026-03-29T13:47:14.969197,59.5,65.6,29.3,2400.023808,0.852,0x0,30,2
2026-03-29T13:47:15.991601,60.6,68.6,29.3,2400.030464,0.852,0x0,25,1
2026-03-29T13:47:17.016620,58.95,68.4,28.9,2400.030464,0.852,0x0,30,1
2026-03-29T13:47:18.041094,61.15,68.3,29.0,2400.030464,0.852,0x0,30,3
2026-03-29T13:47:19.063484,59.5,67.1,29.1,2400.023808,0.852,0x0,28,6
2026-03-29T13:47:20.086692,60.05,67.3,28.9,2400.02048,0.852,0x0,25,3
2026-03-29T13:47:21.121729,59.5,72.2,29.1,2400.02048,0.852,0x0,25,3
2026-03-29T13:47:22.153659,59.5,67.7,29.0,2400.02048,0.852,0x0,26,4
2026-03-29T13:47:23.178219,60.6,67.7,28.7,2400.023808,0.852,0x0,27,
2026-03-29T13:47:24.306783,60.6,67.3,28.7,2400.030464,0.852,0x0,27,3
2026-03-29T13:47:25.399354,61.15,67.0,28.8,2400.02048,0.852,0x0,27,
2026-03-29T13:47:26.421415,59.5,68.5,28.9,2400.023808,0.852,0x0,30,2
2026-03-29T13:47:27.443202,60.6,67.8,28.9,2400.02048,0.852,0x0,30,8
2026-03-29T13:47:28.466302,58.95,67.6,29.0,2400.033792,0.852,0x0,30,2
2026-03-29T13:47:29.497045,60.6,67.9,28.9,2400.027136,0.852,0x0,30,
2026-03-29T13:47:30.519717,58.95,66.9,28.9,2400.030464,0.852,0x0,30,1
2026-03-29T13:47:31.544902,59.5,67.8,28.9,2400.02048,0.852,0x0,25,2
2026-03-29T13:47:32.571691,60.05,67.3,28.9,2400.030464,0.852,0x0,30,3
2026-03-29T13:47:33.591824,59.5,67.8,29.1,2400.033792,0.852,0x0,30,1
2026-03-29T13:47:34.613550,60.6,68.5,29.0,2400.033792,0.852,0x0,30,
2026-03-29T13:47:35.637284,61.15,68.3,29.4,2400.023808,0.852,0x0,30,3
2026-03-29T13:47:36.666619,59.5,69.4,29.4,2400.02048,0.852,0x0,30,2
2026-03-29T13:47:37.689608,61.15,66.6,29.1,2400.027136,0.852,0x0,30,4
2026-03-29T13:47:38.716057,59.5,67.5,29.1,2400.02048,0.852,0x0,25,1
2026-03-29T13:47:39.736838,60.05,67.7,29.1,2400.027136,0.852,0x0,30,
2026-03-29T13:47:40.771150,60.05,67.9,29.2,2400.033792,0.852,0x0,30,5
2026-03-29T13:47:41.802506,60.6,70.3,29.1,2400.02048,0.852,0x0,30,5
2026-03-29T13:47:42.830086,62.8,67.2,29.1,2400.030464,0.852,0x0,30,2
2026-03-29T13:47:43.858392,60.6,67.3,29.0,2400.033792,0.852,0x0,25,1
2026-03-29T13:47:44.877470,60.05,67.4,29.2,2400.033792,0.852,0x0,25,3
2026-03-29T13:47:45.901442,60.05,67.3,29.1,2400.030464,0.852,0x0,25,0
2026-03-29T13:47:46.922373,60.6,68.7,29.1,2400.030464,0.852,0x0,30,2
2026-03-29T13:47:47.943457,60.05,67.3,29.0,2400.02048,0.852,0x0,30,7
2026-03-29T13:47:48.971242,60.05,69.0,29.1,2400.027136,0.852,0x0,26,
2026-03-29T13:47:49.993797,58.95,67.9,29.1,2400.027136,0.852,0x0,27,5
2026-03-29T13:47:51.019256,61.15,68.1,29.0,2400.03712,0.852,0x0,26,4
2026-03-29T13:47:52.044640,60.05,67.5,29.0,2400.017408,0.852,0x0,25,3
2026-03-29T13:47:53.067590,60.6,65.4,29.0,2400.023808,0.852,0x0,30,1
2026-03-29T13:47:54.089043,61.7,67.3,28.9,2400.02048,0.852,0x0,30,3
2026-03-29T13:47:55.113825,60.05,68.4,29.4,2400.027136,0.852,0x0,25,2
2026-03-29T13:47:56.137873,60.05,67.2,29.4,2400.027136,0.852,0x0,27,5
2026-03-29T13:47:57.156936,60.05,68.8,29.4,2400.027136,0.852,0x0,25,2
2026-03-29T13:47:58.184574,60.05,66.9,29.0,2400.033792,0.852,0x0,30,2
2026-03-29T13:47:59.207913,62.8,66.9,28.9,2400.027136,0.852,0x0,30,2
2026-03-29T13:48:00.229651,60.05,67.8,28.9,2400.027136,0.852,0x0,25,3
2026-03-29T13:48:01.261437,60.05,67.3,28.8,2400.030464,0.852,0x0,30,
2026-03-29T13:48:02.280263,60.05,72.6,29.1,2400.02048,0.852,0x0,30,
2026-03-29T13:48:03.297869,61.15,67.2,28.9,2400.030464,0.852,0x0,30,
2026-03-29T13:48:04.323924,60.6,66.2,28.8,2400.03712,0.852,0x0,25,1
2026-03-29T13:48:05.349502,60.05,67.4,28.9,2400.030464,0.852,0x0,30,2
2026-03-29T13:48:06.374075,59.5,68.9,29.0,2400.017408,0.852,0x0,25,3
2026-03-29T13:48:07.399396,60.6,68.0,29.1,2400.033792,0.852,0x0,30,
2026-03-29T13:48:08.423586,60.05,67.3,29.1,2400.027136,0.852,0x0,30,1
2026-03-29T13:48:09.447601,60.05,67.7,29.2,2400.030464,0.852,0x0,30,
2026-03-29T13:48:10.473996,60.05,69.4,29.2,2400.027136,0.852,0x0,25,1
2026-03-29T13:48:11.499837,60.6,67.4,29.0,2400.033792,0.852,0x0,25,3
2026-03-29T13:48:12.523467,60.05,66.8,29.2,2400.027136,0.852,0x0,25,3
2026-03-29T13:48:13.545180,59.5,66.8,29.3,2400.023808,0.852,0x0,25,1
2026-03-29T13:48:14.565632,60.05,66.9,29.2,2400.030464,0.852,0x0,30,
2026-03-29T13:48:15.592614,61.15,67.2,29.0,2400.023808,0.852,0x0,30,0
2026-03-29T13:48:16.619344,61.15,69.0,28.9,2400.033792,0.852,0x0,30,6
2026-03-29T13:48:17.641844,61.15,68.6,28.8,2400.023808,0.852,0x0,25,1
2026-03-29T13:48:18.662227,61.15,67.4,29.0,2400.03712,0.852,0x0,26,
2026-03-29T13:48:19.691180,60.05,68.6,29.2,2400.02048,0.852,0x0,25,3
2026-03-29T13:48:20.712822,60.05,66.8,29.4,2400.02048,0.852,0x0,25,4
2026-03-29T13:48:21.737454,60.6,66.4,29.4,2400.023808,0.852,0x0,30,7
2026-03-29T13:48:22.767319,60.05,71.0,29.0,2400.030464,0.852,0x0,26,3
2026-03-29T13:48:23.795657,60.05,68.3,28.9,2400.023808,0.852,0x0,30,1
2026-03-29T13:48:24.820020,60.6,67.8,29.1,2400.03712,0.852,0x0,25,3
2026-03-29T13:48:25.842725,59.5,68.3,28.9,2400.027136,0.852,0x0,30,1
2026-03-29T13:48:26.866225,60.6,69.6,28.9,2400.02048,0.852,0x0,25,2
2026-03-29T13:48:27.887493,60.6,68.8,28.9,2400.030464,0.852,0x0,30,1
2026-03-29T13:48:28.908960,58.95,68.1,28.8,2400.030464,0.852,0x0,30,1
2026-03-29T13:48:29.931672,60.05,67.3,28.9,2400.017408,0.852,0x0,26,4
2026-03-29T13:48:30.960859,61.15,67.1,28.8,2400.030464,0.852,0x0,26,
2026-03-29T13:48:31.983188,61.15,69.5,28.7,2400.033792,0.852,0x0,25,2
2026-03-29T13:48:33.013563,60.6,67.5,28.6,2400.02048,0.852,0x0,25,1
2026-03-29T13:48:34.037366,60.05,68.7,28.7,2400.027136,0.852,0x0,25,1
2026-03-29T13:48:35.057878,60.05,67.4,28.8,2400.023808,0.852,0x0,30,5
2026-03-29T13:48:36.083919,60.05,66.6,28.8,2400.033792,0.852,0x0,30,3
2026-03-29T13:48:37.111589,60.6,70.9,28.8,2400.023808,0.852,0x0,25,3
2026-03-29T13:48:38.137952,60.05,67.9,28.9,2400.030464,0.852,0x0,25,1
2026-03-29T13:48:39.161823,59.5,68.5,29.0,2400.017408,0.852,0x0,25,3
2026-03-29T13:48:40.191690,60.05,66.6,29.3,2400.02048,0.852,0x0,26,
2026-03-29T13:48:41.216311,60.6,69.6,29.4,2400.027136,0.852,0x0,30,2
2026-03-29T13:48:42.237601,60.05,67.2,29.4,2400.030464,0.852,0x0,25,1
2026-03-29T13:48:43.260198,60.05,67.2,29.2,2400.02048,0.852,0x0,25,1
2026-03-29T13:48:44.283342,60.6,71.5,29.1,2400.027136,0.852,0x0,30,3
2026-03-29T13:48:45.304305,60.6,68.3,28.9,2400.02048,0.852,0x0,25,4
2026-03-29T13:48:46.328133,60.6,67.4,29.0,2400.033792,0.852,0x0,30,1
2026-03-29T13:48:47.352429,60.05,69.2,29.3,2400.030464,0.852,0x0,30,1
2026-03-29T13:48:48.375038,60.05,67.2,29.2,2400.02048,0.852,0x0,27,1
2026-03-29T13:48:49.396821,60.05,67.3,28.9,2400.027136,0.852,0x0,30,1
2026-03-29T13:48:50.422792,58.95,68.2,28.9,2400.027136,0.852,0x0,30,
2026-03-29T13:48:51.444577,61.7,67.5,29.1,2400.027136,0.852,0x0,30,
2026-03-29T13:48:52.473085,60.05,68.2,29.0,2400.017408,0.852,0x0,25,3
2026-03-29T13:48:53.502216,60.6,67.6,29.0,2400.033792,0.852,0x0,30,0
2026-03-29T13:48:54.527686,60.05,67.0,29.0,2400.030464,0.852,0x0,25,1
2026-03-29T13:48:55.555849,61.15,68.6,28.8,2400.030464,0.852,0x0,30,4
2026-03-29T13:48:56.580133,61.7,66.9,28.8,2400.033792,0.852,0x0,25,1
2026-03-29T13:48:57.603208,60.05,69.0,28.9,2400.03712,0.852,0x0,25,2
2026-03-29T13:48:58.627611,60.05,67.5,28.9,2400.02048,0.852,0x0,27,
2026-03-29T13:48:59.654850,60.05,67.7,29.0,2400.02048,0.852,0x0,30,
2026-03-29T13:49:00.781828,60.6,67.8,28.9,2400.027136,0.852,0x0,30,4
2026-03-29T13:49:01.801904,60.05,66.7,29.1,2400.027136,0.852,0x0,30,1
2026-03-29T13:49:02.823655,60.6,67.3,28.9,2400.027136,0.852,0x0,25,3
2026-03-29T13:49:03.846112,60.05,67.0,28.9,2400.017408,0.852,0x0,25,3
2026-03-29T13:49:04.871605,60.05,68.8,28.8,2400.03712,0.852,0x0,30,3
2026-03-29T13:49:05.893434,60.6,66.1,29.0,2400.033792,0.852,0x0,25,4
2026-03-29T13:49:06.924093,61.7,72.0,28.9,2400.03712,0.852,0x0,29,7
2026-03-29T13:49:07.953855,60.6,67.4,28.9,2400.023808,0.852,0x0,30,3
2026-03-29T13:49:08.979338,60.05,66.8,29.0,2400.017408,0.852,0x0,30,1
2026-03-29T13:49:10.001723,60.6,66.7,29.1,2400.027136,0.852,0x0,25,3
2026-03-29T13:49:11.032095,61.7,67.7,29.0,2400.033792,0.852,0x0,25,3
2026-03-29T13:49:12.053214,60.6,68.4,29.0,2400.027136,0.852,0x0,25,2
2026-03-29T13:49:13.076801,60.6,67.4,29.2,2400.027136,0.852,0x0,29,7
2026-03-29T13:49:14.107184,60.6,68.2,29.3,2400.030464,0.852,0x0,30,2
2026-03-29T13:49:15.133950,60.05,68.1,29.3,2400.027136,0.852,0x0,25,2
2026-03-29T13:49:16.252793,60.05,67.1,29.4,2400.027136,0.852,0x0,25,2
2026-03-29T13:49:17.275818,61.7,67.1,29.4,2400.027136,0.852,0x0,25,1
2026-03-29T13:49:18.295191,59.5,68.0,29.2,2400.027136,0.852,0x0,30,1
2026-03-29T13:49:19.319318,60.05,67.2,29.3,2400.030464,0.852,0x0,30,2
2026-03-29T13:49:20.351506,61.15,66.9,29.3,2400.033792,0.852,0x0,30,1
2026-03-29T13:49:21.375713,60.05,67.9,29.4,2400.02048,0.852,0x0,30,3
2026-03-29T13:49:22.399937,61.7,70.1,29.3,2400.02048,0.852,0x0,29,
2026-03-29T13:49:23.427344,60.05,68.2,29.2,2400.023808,0.852,0x0,30,1
2026-03-29T13:49:24.447635,60.6,67.5,29.3,2400.033792,0.852,0x0,30,0
2026-03-29T13:49:25.472454,62.25,68.2,29.2,2400.030464,0.852,0x0,30,3
2026-03-29T13:49:26.595676,60.6,68.4,29.2,2400.033792,0.852,0x0,25,3
2026-03-29T13:49:27.618466,61.15,72.3,29.2,2400.030464,0.852,0x0,25,1
2026-03-29T13:49:28.642549,60.6,67.4,29.2,2400.02048,0.852,0x0,30,1
2026-03-29T13:49:29.667955,60.05,68.6,29.2,2400.023808,0.852,0x0,25,2
2026-03-29T13:49:30.691650,60.05,67.2,29.4,2400.023808,0.852,0x0,25,1
2026-03-29T13:49:31.712375,61.7,66.4,29.2,2400.03712,0.852,0x0,30,2
2026-03-29T13:49:32.738552,60.05,67.9,29.2,2400.030464,0.852,0x0,30,2
2026-03-29T13:49:33.760553,60.05,68.3,29.0,2400.02048,0.852,0x0,30,1
2026-03-29T13:49:34.883922,61.7,67.7,29.2,2400.030464,0.852,0x0,30,8
2026-03-29T13:49:35.906522,58.95,68.7,29.2,2400.023808,0.852,0x0,30,1
2026-03-29T13:49:36.930111,60.05,67.5,29.1,2400.017408,0.852,0x0,25,1
2026-03-29T13:49:37.951348,61.7,71.3,29.1,2400.027136,0.852,0x0,25,2
2026-03-29T13:49:38.985956,59.5,69.2,29.0,2400.023808,0.852,0x0,26,
2026-03-29T13:49:40.008346,61.15,69.5,29.0,2400.030464,0.852,0x0,30,4
2026-03-29T13:49:41.031032,61.15,69.1,29.0,2400.03712,0.852,0x0,25,3
2026-03-29T13:49:42.055636,61.15,66.1,29.1,2400.033792,0.852,0x0,30,1
2026-03-29T13:49:43.081013,61.7,73.1,29.0,2400.030464,0.852,0x0,26,
2026-03-29T13:49:44.105973,60.05,67.2,29.0,2400.027136,0.852,0x0,30,1
2026-03-29T13:49:45.135342,61.7,68.5,29.0,2400.02048,0.852,0x0,25,3
2026-03-29T13:49:46.224258,60.05,67.8,29.1,2400.03712,0.852,0x0,30,3
2026-03-29T13:49:47.247685,60.6,68.9,29.2,2400.02048,0.852,0x0,25,3
2026-03-29T13:49:48.269372,60.6,68.5,29.4,2400.033792,0.852,0x0,30,
2026-03-29T13:49:49.344520,60.05,68.3,29.3,2400.030464,0.852,0x0,30,1
2026-03-29T13:49:50.440750,60.05,66.9,29.4,2400.02048,0.852,0x0,30,2
2026-03-29T13:49:51.461606,61.15,68.1,29.5,2400.030464,0.852,0x0,25,3
2026-03-29T13:49:52.491512,60.05,67.8,29.4,2400.027136,0.852,0x0,30,4
2026-03-29T13:49:53.519040,60.05,69.4,29.1,2400.033792,0.852,0x0,25,2
2026-03-29T13:49:54.546223,60.05,67.6,29.0,2400.033792,0.852,0x0,27,5
2026-03-29T13:49:55.570305,60.05,67.2,29.1,2400.023808,0.852,0x0,25,2
2026-03-29T13:49:56.592399,60.6,68.3,28.8,2400.033792,0.852,0x0,30,2
2026-03-29T13:49:57.614129,60.05,69.0,29.0,2400.033792,0.852,0x0,25,2
2026-03-29T13:49:58.634910,60.05,68.2,29.1,2400.03712,0.852,0x0,25,1
2026-03-29T13:49:59.724593,61.15,67.2,29.2,2400.023808,0.852,0x0,25,2
2026-03-29T13:50:00.812103,60.05,66.1,29.3,2400.027136,0.852,0x0,25,3
2026-03-29T13:50:01.832915,60.6,66.2,29.5,2400.02048,0.852,0x0,30,7
2026-03-29T13:50:02.854939,60.6,68.4,29.6,2400.027136,0.852,0x0,25,2
2026-03-29T13:50:03.879926,60.6,66.6,29.3,2400.02048,0.852,0x0,30,
2026-03-29T13:50:04.909927,61.7,67.2,29.3,2400.023808,0.852,0x0,30,9
2026-03-29T13:50:05.934101,60.05,70.1,29.4,2400.027136,0.852,0x0,25,3
2026-03-29T13:50:06.963644,61.15,68.6,29.5,2400.02048,0.852,0x0,30,1
2026-03-29T13:50:07.984525,61.15,68.9,29.5,2400.033792,0.852,0x0,30,1
2026-03-29T13:50:09.006317,61.15,67.9,29.2,2400.027136,0.852,0x0,25,3
2026-03-29T13:50:10.037160,60.6,67.8,29.2,2400.02048,0.852,0x0,30,
2026-03-29T13:50:11.065080,60.05,67.3,29.1,2400.023808,0.852,0x0,30,2
2026-03-29T13:50:12.087374,60.6,67.8,28.9,2400.033792,0.852,0x0,25,4
2026-03-29T13:50:13.114242,60.6,67.7,28.9,2400.033792,0.852,0x0,27,1
2026-03-29T13:50:14.136664,61.15,68.5,28.9,2400.027136,0.852,0x0,25,2
2026-03-29T13:50:15.159185,60.6,67.8,28.9,2400.030464,0.852,0x0,25,2
2026-03-29T13:50:16.186489,60.6,68.2,28.9,2400.023808,0.852,0x0,27,5
2026-03-29T13:50:17.206361,60.05,68.7,28.9,2400.017408,0.852,0x0,26,1
2026-03-29T13:50:18.228146,60.05,69.3,29.1,2400.027136,0.852,0x0,30,2
2026-03-29T13:50:19.249315,60.6,68.8,29.0,2400.02048,0.852,0x0,30,1
2026-03-29T13:50:20.279640,60.05,68.6,29.1,2400.03712,0.852,0x0,26,2
2026-03-29T13:50:21.305006,60.05,65.7,29.3,2400.03712,0.852,0x0,30,1
2026-03-29T13:50:22.331234,60.6,68.1,29.1,2400.033792,0.852,0x0,25,3
2026-03-29T13:50:23.354574,61.7,68.9,29.2,2400.033792,0.852,0x0,25,2
2026-03-29T13:50:24.382135,60.6,67.8,28.9,2400.023808,0.852,0x0,30,
2026-03-29T13:50:25.409541,60.05,69.0,28.9,2400.027136,0.852,0x0,25,1
2026-03-29T13:50:26.437303,61.15,68.2,28.9,2400.033792,0.852,0x0,25,1
2026-03-29T13:50:27.542092,60.6,68.7,29.1,2400.027136,0.852,0x0,31,9
2026-03-29T13:50:28.628624,60.6,72.2,29.2,2400.023808,0.852,0x0,30,3
2026-03-29T13:50:29.648227,60.05,67.4,29.1,2400.033792,0.852,0x0,26,
2026-03-29T13:50:30.667237,60.05,65.9,29.2,2400.02048,0.852,0x0,30,
2026-03-29T13:50:31.691107,60.6,67.7,28.9,2400.023808,0.852,0x0,27,5
2026-03-29T13:50:32.714011,60.05,68.0,28.8,2400.027136,0.852,0x0,30,3
2026-03-29T13:50:33.734632,60.05,67.7,28.8,2400.027136,0.852,0x0,25,1
2026-03-29T13:50:34.761977,59.5,82.3,29.2,2400.023808,0.852,0x0,25,1
2026-03-29T13:50:35.785704,61.7,82.4,29.8,2400.030464,0.852,0x0,30,1
2026-03-29T13:50:36.811206,61.7,88.5,30.1,2400.03712,0.852,0x0,25,1
2026-03-29T13:50:37.847151,60.6,89.8,31.9,2400.033792,0.852,0x0,25,4
2026-03-29T13:50:38.879769,60.6,91.3,32.3,2400.030464,0.852,0x0,25,2
2026-03-29T13:50:39.907649,61.15,82.7,31.9,2400.02048,0.852,0x0,25,1
2026-03-29T13:50:40.926874,60.6,67.9,31.2,2400.017408,0.852,0x0,30,4
2026-03-29T13:50:41.952046,61.15,68.3,30.9,2400.030464,0.852,0x0,26,
2026-03-29T13:50:42.974574,60.05,67.2,30.6,2400.030464,0.852,0x0,25,3
2026-03-29T13:50:43.999667,62.25,68.4,30.4,2400.03712,0.852,0x0,30,1
2026-03-29T13:50:45.021279,61.15,65.7,30.1,2400.033792,0.852,0x0,30,3
2026-03-29T13:50:46.045056,60.6,67.4,29.9,2400.027136,0.852,0x0,25,2
2026-03-29T13:50:47.065569,60.05,67.5,29.6,2400.02048,0.852,0x0,25,1
2026-03-29T13:50:48.086670,61.15,74.3,29.1,2400.03712,0.852,0x0,25,3
2026-03-29T13:50:49.109640,61.15,78.8,28.9,2400.02048,0.852,0x0,25,1
2026-03-29T13:50:50.129786,60.05,68.7,28.8,2400.023808,0.852,0x0,26,
2026-03-29T13:50:51.154887,61.15,68.3,28.8,2400.030464,0.852,0x0,30,1
2026-03-29T13:50:52.179613,60.05,67.6,28.7,2400.033792,0.852,0x0,30,4
2026-03-29T13:50:53.204802,60.05,68.0,28.6,2400.027136,0.852,0x0,25,1
2026-03-29T13:50:54.228250,61.15,67.2,28.6,2400.02048,0.852,0x0,25,3
2026-03-29T13:50:55.251020,62.25,68.0,28.9,2400.03712,0.852,0x0,25,1
2026-03-29T13:50:56.275643,62.25,67.5,28.7,2400.033792,0.852,0x0,31,
2026-03-29T13:50:57.296316,60.05,67.4,28.7,2400.023808,0.852,0x0,25,3
2026-03-29T13:50:58.319607,59.5,68.0,28.9,2400.033792,0.852,0x0,30,3
2026-03-29T13:50:59.341388,62.25,68.8,28.8,2400.023808,0.852,0x0,30,3
2026-03-29T13:51:00.365486,61.7,66.8,28.8,2400.027136,0.852,0x0,25,3
2026-03-29T13:51:01.397682,61.15,66.8,28.6,2400.02048,0.852,0x0,25,2
2026-03-29T13:51:02.419816,60.6,68.7,28.5,2400.017408,0.852,0x0,26,
2026-03-29T13:51:03.446784,60.6,67.8,28.5,2400.023808,0.852,0x0,29,7
2026-03-29T13:51:04.477926,60.6,69.0,28.7,2400.02048,0.852,0x0,25,2
2026-03-29T13:51:05.498492,61.7,68.0,28.7,2400.017408,0.852,0x0,30,4
2026-03-29T13:51:06.522902,60.05,68.0,28.7,2400.027136,0.852,0x0,25,3
2026-03-29T13:51:07.555422,61.7,69.3,28.7,2400.030464,0.852,0x0,30,1
2026-03-29T13:51:08.576282,60.6,68.6,28.9,2400.023808,0.852,0x0,29,2
2026-03-29T13:51:09.599606,60.6,68.7,29.1,2400.03712,0.852,0x0,25,0
2026-03-29T13:51:10.622560,60.05,67.7,29.0,2400.023808,0.852,0x0,30,2
2026-03-29T13:51:11.645163,62.25,71.6,29.1,2400.030464,0.852,0x0,25,2
2026-03-29T13:51:12.665935,61.7,68.6,29.0,2400.033792,0.852,0x0,25,2
2026-03-29T13:51:13.684977,60.6,69.0,28.9,2400.023808,0.852,0x0,25,1
2026-03-29T13:51:14.709588,61.7,68.0,29.0,2400.02048,0.852,0x0,25,2
2026-03-29T13:51:15.731453,60.05,66.8,29.0,2400.027136,0.852,0x0,30,2
2026-03-29T13:51:16.755828,62.25,69.4,28.9,2400.030464,0.852,0x0,25,3
2026-03-29T13:51:17.785104,60.6,67.0,28.9,2400.033792,0.852,0x0,30,2
2026-03-29T13:51:18.812920,61.7,69.0,29.1,2400.033792,0.852,0x0,30,3
2026-03-29T13:51:19.841051,60.6,68.9,29.1,2400.03712,0.852,0x0,25,1
2026-03-29T13:51:20.859681,62.25,67.6,29.1,2400.023808,0.852,0x0,30,
2026-03-29T13:51:21.884684,59.5,68.1,29.2,2400.023808,0.852,0x0,25,1
2026-03-29T13:51:22.915690,60.6,66.3,29.1,2400.030464,0.852,0x0,29,
2026-03-29T13:51:23.943062,61.15,68.4,29.2,2400.030464,0.852,0x0,25,1
2026-03-29T13:51:25.071387,61.7,68.2,29.1,2400.027136,0.852,0x0,30,
2026-03-29T13:51:26.096981,61.7,67.7,29.0,2400.033792,0.852,0x0,30,1
2026-03-29T13:51:27.121912,61.7,67.0,29.2,2400.023808,0.852,0x0,30,1
2026-03-29T13:51:28.146431,60.6,69.0,29.2,2400.027136,0.852,0x0,25,2
2026-03-29T13:51:29.167288,62.8,69.4,29.3,2400.027136,0.852,0x0,30,2
2026-03-29T13:51:30.192786,60.05,67.5,29.4,2400.02048,0.852,0x0,25,1
2026-03-29T13:51:31.218521,62.25,67.8,29.5,2400.030464,0.852,0x0,30,3
2026-03-29T13:51:32.240809,60.6,72.1,29.5,2400.023808,0.852,0x0,25,1
2026-03-29T13:51:33.267437,61.15,68.9,29.6,2400.023808,0.852,0x0,25,1
2026-03-29T13:51:34.292808,59.5,68.8,29.5,2400.030464,0.852,0x0,30,2
2026-03-29T13:51:35.317923,60.6,68.0,29.5,2400.033792,0.852,0x0,30,3
2026-03-29T13:51:36.345032,58.95,68.9,29.6,2400.027136,0.852,0x0,30,2
2026-03-29T13:51:37.372401,60.05,68.0,29.5,2400.023808,0.852,0x0,26,
2026-03-29T13:51:38.402424,60.6,67.7,29.5,2400.033792,0.852,0x0,25,3
2026-03-29T13:51:39.434829,60.6,68.5,29.5,2400.02048,0.852,0x0,30,4
2026-03-29T13:51:40.454666,60.05,67.4,29.5,2400.023808,0.852,0x0,25,3
2026-03-29T13:51:41.479714,61.7,67.3,29.6,2400.02048,0.852,0x0,26,
2026-03-29T13:51:42.504511,60.05,67.8,29.4,2400.030464,0.852,0x0,30,1
2026-03-29T13:51:43.607274,61.15,67.7,29.4,2400.030464,0.852,0x0,25,1
2026-03-29T13:51:44.632625,62.25,67.3,29.2,2400.027136,0.852,0x0,25,2
2026-03-29T13:51:45.653259,60.6,67.6,29.4,2400.033792,0.852,0x0,25,1
2026-03-29T13:51:46.703055,61.15,68.2,29.3,2400.023808,0.852,0x0,25,1
2026-03-29T13:51:47.726895,60.6,67.4,29.5,2400.030464,0.852,0x0,25,1
2026-03-29T13:51:48.752959,60.6,66.2,29.4,2400.030464,0.852,0x0,25,3
2026-03-29T13:51:49.774808,60.6,69.9,29.5,2400.023808,0.852,0x0,30,1
2026-03-29T13:51:50.796678,60.6,66.2,29.6,2400.033792,0.852,0x0,30,2
2026-03-29T13:51:51.830427,61.7,68.5,29.2,2400.033792,0.852,0x0,30,1
2026-03-29T13:51:52.851902,60.6,72.5,29.3,2400.023808,0.852,0x0,28,
2026-03-29T13:51:53.874794,60.6,68.0,29.3,2400.027136,0.852,0x0,30,3
2026-03-29T13:51:54.899301,60.05,68.8,29.4,2400.023808,0.852,0x0,25,3
2026-03-29T13:51:55.925433,61.15,66.6,29.5,2400.027136,0.852,0x0,25,3
2026-03-29T13:51:56.949221,61.7,69.8,29.6,2400.033792,0.852,0x0,30,0
2026-03-29T13:51:57.972389,60.05,67.6,29.5,2400.02048,0.852,0x0,25,3
2026-03-29T13:51:58.996770,60.6,67.7,29.4,2400.02048,0.852,0x0,25,2
2026-03-29T13:52:00.027601,60.6,69.4,29.3,2400.023808,0.852,0x0,30,1
2026-03-29T13:52:01.052522,62.8,69.0,29.4,2400.027136,0.852,0x0,30,
2026-03-29T13:52:02.166819,61.7,68.6,29.6,2400.030464,0.852,0x0,30,2
2026-03-29T13:52:03.186293,61.15,67.8,29.6,2400.023808,0.852,0x0,29,7
2026-03-29T13:52:04.207608,59.5,67.1,29.6,2400.030464,0.852,0x0,26,
2026-03-29T13:52:05.227615,61.15,69.4,29.7,2400.027136,0.852,0x0,25,3
2026-03-29T13:52:06.248968,62.8,67.3,29.5,2400.030464,0.852,0x0,30,1
2026-03-29T13:52:07.271599,61.15,67.8,29.3,2400.02048,0.852,0x0,30,1
2026-03-29T13:52:08.292303,61.7,68.9,29.5,2400.033792,0.852,0x0,30,4
2026-03-29T13:52:09.316587,60.6,69.3,29.5,2400.027136,0.852,0x0,25,1
2026-03-29T13:52:10.343615,60.6,68.9,29.3,2400.02048,0.852,0x0,30,1
2026-03-29T13:52:11.367586,60.05,67.9,29.4,2400.02048,0.852,0x0,30,
2026-03-29T13:52:12.390052,60.6,67.7,29.2,2400.027136,0.852,0x0,25,1
2026-03-29T13:52:13.416316,61.7,67.2,29.2,2400.033792,0.852,0x0,30,7
2026-03-29T13:52:14.443598,61.15,73.3,29.3,2400.030464,0.852,0x0,25,3
2026-03-29T13:52:15.464215,60.6,67.9,29.1,2400.03712,0.852,0x0,30,
2026-03-29T13:52:16.559224,61.15,69.2,29.3,2400.027136,0.852,0x0,30,
2026-03-29T13:52:17.580941,61.7,66.7,29.3,2400.027136,0.852,0x0,25,3
2026-03-29T13:52:18.610758,60.6,67.2,29.4,2400.023808,0.852,0x0,25,1
2026-03-29T13:52:19.634199,61.15,68.6,29.3,2400.023808,0.852,0x0,30,
2026-03-29T13:52:20.657670,61.7,67.6,29.4,2400.027136,0.852,0x0,26,3
2026-03-29T13:52:21.678566,60.6,67.9,29.3,2400.02048,0.852,0x0,30,1
2026-03-29T13:52:22.700161,60.05,68.0,29.0,2400.023808,0.852,0x0,28,2
2026-03-29T13:52:23.724449,61.7,68.8,28.9,2400.02048,0.852,0x0,25,3
2026-03-29T13:52:24.751226,61.7,69.6,28.8,2400.02048,0.852,0x0,30,2
2026-03-29T13:52:25.772093,62.8,69.1,29.0,2400.02048,0.852,0x0,30,1
2026-03-29T13:52:26.898793,61.7,69.6,29.1,2400.030464,0.852,0x0,29,7
2026-03-29T13:52:27.918375,60.6,67.4,29.3,2400.023808,0.852,0x0,25,5
2026-03-29T13:52:28.945000,60.6,67.9,29.0,2400.023808,0.852,0x0,25,3
2026-03-29T13:52:29.969530,60.6,69.5,29.2,2400.027136,0.852,0x0,28,
2026-03-29T13:52:30.988877,60.6,68.7,29.1,2400.023808,0.852,0x0,25,3
2026-03-29T13:52:32.012775,61.15,68.4,29.1,2400.023808,0.852,0x0,25,1
2026-03-29T13:52:33.035650,61.7,69.4,29.3,2400.017408,0.852,0x0,25,1
2026-03-29T13:52:34.057766,61.15,67.5,29.2,2400.03712,0.852,0x0,25,2
2026-03-29T13:52:35.080356,61.15,69.7,29.3,2400.03712,0.852,0x0,30,
2026-03-29T13:52:36.100371,60.6,72.9,29.2,2400.030464,0.852,0x0,25,2
2026-03-29T13:52:37.131373,61.15,68.8,29.2,2400.027136,0.852,0x0,30,1
2026-03-29T13:52:38.155585,61.15,68.8,29.3,2400.033792,0.852,0x0,25,2
2026-03-29T13:52:39.181364,61.7,70.2,29.5,2400.033792,0.852,0x0,25,1
2026-03-29T13:52:40.206612,61.7,68.7,29.3,2400.033792,0.852,0x0,26,
2026-03-29T13:52:41.228352,60.6,70.7,29.5,2400.027136,0.852,0x0,33,8
2026-03-29T13:52:42.251418,61.15,68.5,29.3,2400.033792,0.852,0x0,25,3
2026-03-29T13:52:43.274704,60.6,67.5,29.5,2400.02048,0.852,0x0,25,5
2026-03-29T13:52:44.301760,61.15,66.5,29.5,2400.03712,0.852,0x0,25,3
2026-03-29T13:52:45.321822,60.6,69.8,29.6,2400.017408,0.852,0x0,25,3
2026-03-29T13:52:46.345705,60.6,68.4,29.3,2400.030464,0.852,0x0,25,0
2026-03-29T13:52:47.365172,60.6,68.7,29.3,2400.033792,0.852,0x0,30,2
2026-03-29T13:52:48.388935,61.15,68.0,29.1,2400.030464,0.852,0x0,28,
2026-03-29T13:52:49.412527,61.15,68.3,29.4,2400.027136,0.852,0x0,25,3
2026-03-29T13:52:50.447877,62.8,69.1,29.6,2400.023808,0.852,0x0,29,2
2026-03-29T13:52:51.468818,62.25,72.0,29.6,2400.03712,0.852,0x0,25,3
2026-03-29T13:52:52.598003,61.15,67.6,29.4,2400.027136,0.852,0x0,25,2
2026-03-29T13:52:53.619286,60.6,68.5,29.2,2400.033792,0.852,0x0,25,3
2026-03-29T13:52:54.644487,61.15,68.3,29.2,2400.02048,0.852,0x0,25,0
2026-03-29T13:52:55.665180,60.6,68.1,29.1,2400.03712,0.852,0x0,30,
2026-03-29T13:52:56.691577,61.15,68.4,29.2,2400.023808,0.852,0x0,25,3
2026-03-29T13:52:57.715069,60.6,67.1,29.1,2400.027136,0.852,0x0,25,2
2026-03-29T13:52:58.743431,62.25,68.6,29.0,2400.03712,0.852,0x0,30,4
2026-03-29T13:52:59.767802,61.15,67.7,28.9,2400.017408,0.852,0x0,25,4
2026-03-29T13:53:00.796020,61.15,68.6,29.1,2400.03712,0.852,0x0,30,1
2026-03-29T13:53:01.820399,60.6,67.2,29.0,2400.030464,0.852,0x0,31,2
2026-03-29T13:53:02.842834,60.6,68.0,29.1,2400.030464,0.852,0x0,25,3
2026-03-29T13:53:03.870845,60.6,68.4,29.0,2400.033792,0.852,0x0,25,0
2026-03-29T13:53:04.892310,60.05,68.3,29.1,2400.02048,0.852,0x0,30,
2026-03-29T13:53:05.918263,61.15,68.9,29.0,2400.027136,0.852,0x0,25,1
2026-03-29T13:53:06.945601,61.7,68.2,28.8,2400.03712,0.852,0x0,30,1
2026-03-29T13:53:07.964613,61.7,68.4,28.9,2400.02048,0.852,0x0,30,3
2026-03-29T13:53:08.991747,60.6,66.7,29.1,2400.030464,0.852,0x0,30,0
2026-03-29T13:53:10.017685,62.25,69.9,29.2,2400.027136,0.852,0x0,25,2
2026-03-29T13:53:11.038488,60.6,68.2,29.0,2400.02048,0.852,0x0,25,3
2026-03-29T13:53:12.061051,60.6,68.5,29.1,2400.027136,0.852,0x0,25,3
2026-03-29T13:53:13.086902,61.15,72.1,29.1,2400.027136,0.852,0x0,26,2
2026-03-29T13:53:14.106345,61.7,66.7,29.0,2400.030464,0.852,0x0,30,7
2026-03-29T13:53:15.139311,60.6,68.4,29.0,2400.030464,0.852,0x0,25,1
2026-03-29T13:53:16.167605,60.6,67.1,29.1,2400.023808,0.852,0x0,25,1
2026-03-29T13:53:17.192935,62.25,68.3,29.1,2400.033792,0.852,0x0,25,3
2026-03-29T13:53:18.211502,61.7,68.4,28.8,2400.033792,0.852,0x0,26,
2026-03-29T13:53:19.232398,60.05,66.6,28.9,2400.023808,0.852,0x0,25,3
2026-03-29T13:53:20.255695,61.15,67.3,29.0,2400.027136,0.852,0x0,30,4
2026-03-29T13:53:21.287053,60.6,68.3,28.9,2400.023808,0.852,0x0,25,3
2026-03-29T13:53:22.311601,60.05,66.8,29.1,2400.02048,0.852,0x0,25,2
2026-03-29T13:53:23.332295,61.7,67.7,28.9,2400.03712,0.852,0x0,30,3
2026-03-29T13:53:24.355618,61.7,68.2,28.9,2400.023808,0.852,0x0,30,3
2026-03-29T13:53:25.376955,60.6,68.7,29.0,2400.030464,0.852,0x0,25,2
2026-03-29T13:53:26.399642,61.15,70.0,29.1,2400.02048,0.852,0x0,31,2
2026-03-29T13:53:27.425628,61.15,68.7,29.0,2400.023808,0.852,0x0,30,2
2026-03-29T13:53:28.449354,60.6,68.1,29.1,2400.030464,0.852,0x0,26,3
2026-03-29T13:53:29.474538,61.15,68.3,29.1,2400.023808,0.852,0x0,30,1
2026-03-29T13:53:30.497062,61.7,67.4,29.2,2400.023808,0.852,0x0,25,5
2026-03-29T13:53:31.526953,61.15,68.3,29.2,2400.027136,0.852,0x0,25,1
2026-03-29T13:53:32.550745,60.05,66.8,29.1,2400.023808,0.852,0x0,25,1
2026-03-29T13:53:33.578090,61.7,67.9,28.9,2400.023808,0.852,0x0,30,
2026-03-29T13:53:34.599653,60.6,68.7,28.9,2400.02048,0.852,0x0,25,2
2026-03-29T13:53:35.633623,60.05,73.8,28.9,2400.033792,0.852,0x0,25,3
2026-03-29T13:53:36.659617,62.25,68.0,29.1,2400.027136,0.852,0x0,25,3
2026-03-29T13:53:37.679261,62.8,68.9,29.1,2400.033792,0.852,0x0,27,
2026-03-29T13:53:38.700380,61.15,67.9,29.1,2400.02048,0.852,0x0,26,
2026-03-29T13:53:39.726200,62.25,68.4,29.1,2400.033792,0.852,0x0,25,1
2026-03-29T13:53:40.755069,62.8,70.0,29.0,2400.017408,0.852,0x0,26,
2026-03-29T13:53:41.779097,61.15,68.3,28.9,2400.02048,0.852,0x0,26,4
2026-03-29T13:53:42.807636,61.7,68.3,28.8,2400.02048,0.852,0x0,25,1
2026-03-29T13:53:43.830539,61.15,67.5,28.7,2400.033792,0.852,0x0,30,
2026-03-29T13:53:44.856502,60.6,67.1,28.9,2400.030464,0.852,0x0,25,2
2026-03-29T13:53:45.878424,61.7,67.3,29.1,2400.02048,0.852,0x0,30,3
2026-03-29T13:53:46.897850,61.7,68.2,29.0,2400.023808,0.852,0x0,30,3
2026-03-29T13:53:47.915417,60.6,69.5,29.2,2400.03712,0.852,0x0,30,
2026-03-29T13:53:48.944832,61.15,67.3,29.3,2400.02048,0.852,0x0,25,2
2026-03-29T13:53:49.970258,62.25,67.5,29.3,2400.03712,0.852,0x0,30,5
2026-03-29T13:53:50.997124,62.25,68.5,29.6,2400.033792,0.852,0x0,25,0
2026-03-29T13:53:52.018295,60.6,67.8,29.4,2400.030464,0.852,0x0,30,1
2026-03-29T13:53:53.043868,60.6,68.5,29.2,2400.023808,0.852,0x0,30,1
2026-03-29T13:53:54.156027,61.15,66.9,29.2,2400.033792,0.852,0x0,30,2
2026-03-29T13:53:55.276867,60.6,68.1,29.1,2400.02048,0.852,0x0,26,2
2026-03-29T13:53:56.380024,60.6,71.0,29.3,2400.027136,0.852,0x0,25,2
2026-03-29T13:53:57.404868,61.15,67.0,29.4,2400.027136,0.852,0x0,30,1
2026-03-29T13:53:58.427255,60.6,66.4,29.4,2400.023808,0.852,0x0,25,3
2026-03-29T13:53:59.454072,61.15,67.6,29.2,2400.027136,0.852,0x0,26,
2026-03-29T13:54:00.476466,61.7,68.6,29.3,2400.023808,0.852,0x0,30,
2026-03-29T13:54:01.590380,62.8,68.5,29.2,2400.027136,0.852,0x0,26,
2026-03-29T13:54:02.614633,60.6,68.1,29.2,2400.02048,0.852,0x0,25,4
2026-03-29T13:54:03.636193,61.7,68.1,29.1,2400.023808,0.852,0x0,30,1
2026-03-29T13:54:04.672851,61.7,68.4,29.3,2400.023808,0.852,0x0,25,1
2026-03-29T13:54:05.693707,60.05,66.9,29.5,2400.02048,0.852,0x0,25,2
2026-03-29T13:54:06.713372,61.7,69.4,29.4,2400.017408,0.852,0x0,25,3
2026-03-29T13:54:07.736449,60.6,66.5,29.3,2400.03712,0.852,0x0,30,1
2026-03-29T13:54:08.760456,62.25,68.1,29.2,2400.017408,0.852,0x0,25,3
2026-03-29T13:54:09.778810,60.6,67.9,29.1,2400.02048,0.852,0x0,25,1
2026-03-29T13:54:10.799600,60.05,68.8,29.3,2400.027136,0.852,0x0,25,1
2026-03-29T13:54:11.823616,61.15,69.2,29.2,2400.027136,0.852,0x0,25,3
2026-03-29T13:54:12.850737,60.05,68.3,29.0,2400.02048,0.852,0x0,25,1
2026-03-29T13:54:13.875617,60.05,68.1,29.1,2400.033792,0.852,0x0,30,1
2026-03-29T13:54:14.894940,60.05,67.8,29.0,2400.027136,0.852,0x0,25,1
2026-03-29T13:54:15.915593,60.6,72.4,29.2,2400.030464,0.852,0x0,25,2
2026-03-29T13:54:16.936246,60.05,66.0,29.1,2400.02048,0.852,0x0,31,2
2026-03-29T13:54:17.962685,61.7,68.9,29.2,2400.030464,0.852,0x0,30,4
2026-03-29T13:54:18.987617,59.5,67.6,29.4,2400.030464,0.852,0x0,30,1
2026-03-29T13:54:20.009085,61.7,69.5,29.5,2400.023808,0.852,0x0,25,1
2026-03-29T13:54:21.032346,60.05,67.7,29.7,2400.02048,0.852,0x0,26,3
2026-03-29T13:54:22.056218,60.6,67.9,29.6,2400.033792,0.852,0x0,25,3
2026-03-29T13:54:23.078751,61.15,67.8,29.6,2400.02048,0.852,0x0,30,2
2026-03-29T13:54:24.103179,60.6,67.3,29.6,2400.030464,0.852,0x0,25,3
2026-03-29T13:54:25.135698,62.25,67.8,29.5,2400.027136,0.852,0x0,25,1
2026-03-29T13:54:26.163349,61.15,67.2,29.4,2400.023808,0.852,0x0,25,3
2026-03-29T13:54:27.190623,61.7,66.9,29.4,2400.023808,0.852,0x0,25,1
2026-03-29T13:54:28.212847,60.6,68.6,29.3,2400.030464,0.852,0x0,25,3
2026-03-29T13:54:29.235967,60.6,66.3,29.2,2400.03712,0.852,0x0,25,1
2026-03-29T13:54:30.258863,61.15,66.8,29.3,2400.030464,0.852,0x0,25,3
2026-03-29T13:54:31.287751,61.7,67.7,29.1,2400.027136,0.852,0x0,30,1
2026-03-29T13:54:32.307203,61.15,67.0,29.2,2400.023808,0.852,0x0,27,
2026-03-29T13:54:33.328726,60.6,67.3,29.2,2400.030464,0.852,0x0,25,3
2026-03-29T13:54:34.351838,60.6,67.6,29.2,2400.033792,0.852,0x0,26,
2026-03-29T13:54:35.376594,61.7,67.5,29.2,2400.02048,0.852,0x0,25,3
2026-03-29T13:54:36.406479,61.15,72.9,29.1,2400.02048,0.852,0x0,25,1
2026-03-29T13:54:37.430470,61.15,68.7,28.9,2400.030464,0.852,0x0,25,2
2026-03-29T13:54:38.459898,61.7,67.2,29.0,2400.02048,0.852,0x0,28,
2026-03-29T13:54:39.484471,61.15,69.2,29.0,2400.017408,0.852,0x0,30,0
2026-03-29T13:54:40.507890,61.7,68.0,29.1,2400.023808,0.852,0x0,30,1
2026-03-29T13:54:41.534741,62.8,70.7,29.3,2400.023808,0.852,0x0,25,1
2026-03-29T13:54:42.556604,61.7,68.1,29.5,2400.02048,0.852,0x0,25,3
2026-03-29T13:54:43.588084,60.6,68.5,29.2,2400.03712,0.852,0x0,25,3
2026-03-29T13:54:44.615154,60.6,66.3,29.1,2400.030464,0.852,0x0,30,1
2026-03-29T13:54:45.639356,62.25,67.2,29.2,2400.030464,0.852,0x0,25,3
2026-03-29T13:54:46.662950,61.7,68.6,29.1,2400.023808,0.852,0x0,30,2
2026-03-29T13:54:47.684518,61.7,67.0,29.2,2400.033792,0.852,0x0,30,2
2026-03-29T13:54:48.710359,60.6,66.8,29.0,2400.017408,0.852,0x0,25,1
2026-03-29T13:54:49.831610,61.15,69.0,29.2,2400.03712,0.852,0x0,30,9
2026-03-29T13:54:50.851629,60.05,67.9,29.3,2400.030464,0.852,0x0,26,
2026-03-29T13:54:51.875565,62.8,69.0,29.1,2400.033792,0.852,0x0,30,1
2026-03-29T13:54:52.895906,61.15,68.5,29.2,2400.023808,0.852,0x0,25,1
2026-03-29T13:54:53.920982,61.15,67.4,29.2,2400.030464,0.852,0x0,30,1
2026-03-29T13:54:54.943297,62.25,67.7,29.1,2400.02048,0.852,0x0,30,1
2026-03-29T13:54:55.965673,60.6,67.1,29.1,2400.027136,0.852,0x0,30,4
2026-03-29T13:54:56.991602,61.15,69.1,29.3,2400.027136,0.852,0x0,25,2
2026-03-29T13:54:58.015660,61.15,71.6,29.1,2400.027136,0.852,0x0,27,5
2026-03-29T13:54:59.044137,61.15,67.1,29.1,2400.030464,0.852,0x0,26,
2026-03-29T13:55:00.067515,61.7,67.7,29.2,2400.02048,0.852,0x0,30,
2026-03-29T13:55:01.189364,61.15,68.2,29.1,2400.033792,0.852,0x0,26,
2026-03-29T13:55:02.211632,61.15,68.7,29.0,2400.023808,0.852,0x0,25,2
2026-03-29T13:55:03.230817,61.15,68.7,28.9,2400.02048,0.852,0x0,25,3
2026-03-29T13:55:04.254002,60.6,68.5,29.2,2400.03712,0.852,0x0,25,1
2026-03-29T13:55:05.276874,62.25,70.0,29.0,2400.023808,0.852,0x0,27,5
2026-03-29T13:55:06.302219,61.7,69.2,29.1,2400.03712,0.852,0x0,30,1
2026-03-29T13:55:07.322549,62.25,66.9,29.0,2400.02048,0.852,0x0,25,3
2026-03-29T13:55:08.345505,60.6,67.9,29.0,2400.027136,0.852,0x0,30,3
2026-03-29T13:55:09.371644,62.25,69.9,29.2,2400.027136,0.852,0x0,25,1
2026-03-29T13:55:10.394909,61.15,67.0,29.1,2400.030464,0.852,0x0,30,2
2026-03-29T13:55:11.417047,61.15,66.6,29.2,2400.023808,0.852,0x0,25,1
2026-03-29T13:55:12.442987,61.15,67.6,29.2,2400.033792,0.852,0x0,30,3
2026-03-29T13:55:13.469229,61.7,68.6,29.0,2400.030464,0.852,0x0,25,2
2026-03-29T13:55:14.493756,61.15,69.0,29.1,2400.023808,0.852,0x0,25,2
2026-03-29T13:55:15.521183,61.15,67.4,29.0,2400.017408,0.852,0x0,25,2
2026-03-29T13:55:16.542002,61.15,69.4,29.1,2400.02048,0.852,0x0,25,3
2026-03-29T13:55:17.565359,61.15,69.5,28.9,2400.02048,0.852,0x0,30,
2026-03-29T13:55:18.589826,61.7,66.9,29.0,2400.02048,0.852,0x0,30,0
2026-03-29T13:55:19.680754,62.25,68.6,29.1,2400.030464,0.852,0x0,30,1
2026-03-29T13:55:20.699072,60.05,72.5,29.2,2400.02048,0.852,0x0,26,4
2026-03-29T13:55:21.721983,61.15,68.3,29.2,2400.017408,0.852,0x0,30,2
2026-03-29T13:55:22.748108,61.7,68.2,29.2,2400.033792,0.852,0x0,25,0
2026-03-29T13:55:23.769448,60.6,67.2,29.2,2400.033792,0.852,0x0,25,3
2026-03-29T13:55:24.794761,60.6,67.4,29.1,2400.023808,0.852,0x0,27,
2026-03-29T13:55:25.818065,60.6,66.9,29.0,2400.02048,0.852,0x0,25,4
2026-03-29T13:55:26.849139,61.15,68.9,29.1,2400.02048,0.852,0x0,25,2
2026-03-29T13:55:27.870937,60.6,68.5,28.8,2400.030464,0.852,0x0,30,8
2026-03-29T13:55:28.898274,61.7,68.1,29.0,2400.027136,0.852,0x0,25,1
2026-03-29T13:55:29.918306,61.7,68.3,29.1,2400.017408,0.852,0x0,30,
2026-03-29T13:55:30.943041,61.15,67.3,29.2,2400.033792,0.852,0x0,26,
2026-03-29T13:55:31.968788,62.8,68.5,29.4,2400.023808,0.852,0x0,25,3
2026-03-29T13:55:32.990698,61.15,67.7,29.5,2400.017408,0.852,0x0,30,3
2026-03-29T13:55:34.014650,61.7,67.3,29.5,2400.023808,0.852,0x0,28,
2026-03-29T13:55:35.038202,61.15,68.6,29.7,2400.033792,0.852,0x0,25,3
2026-03-29T13:55:36.059088,61.7,67.6,29.6,2400.030464,0.852,0x0,25,2
2026-03-29T13:55:37.081527,61.15,70.0,29.6,2400.023808,0.852,0x0,30,2
2026-03-29T13:55:38.103592,61.15,68.1,29.2,2400.023808,0.852,0x0,26,
2026-03-29T13:55:39.124813,61.7,67.3,29.1,2400.03712,0.852,0x0,26,2
2026-03-29T13:55:40.156440,61.7,73.1,29.4,2400.02048,0.852,0x0,25,1
2026-03-29T13:55:41.187614,61.7,71.5,29.1,2400.027136,0.852,0x0,30,
2026-03-29T13:55:42.219383,60.6,70.3,29.1,2400.033792,0.852,0x0,25,3
2026-03-29T13:55:43.246871,62.25,68.1,29.3,2400.027136,0.852,0x0,25,3
2026-03-29T13:55:44.273809,60.6,67.2,29.3,2400.023808,0.852,0x0,30,3
2026-03-29T13:55:45.297640,60.6,67.5,29.3,2400.027136,0.852,0x0,25,4
2026-03-29T13:55:46.326276,61.15,69.1,29.1,2400.030464,0.852,0x0,30,4
2026-03-29T13:55:47.349984,62.8,68.7,29.0,2400.02048,0.852,0x0,30,0
2026-03-29T13:55:48.374628,61.7,67.7,29.2,2400.030464,0.852,0x0,26,
2026-03-29T13:55:49.403958,61.7,67.9,29.1,2400.030464,0.852,0x0,30,4
2026-03-29T13:55:50.454003,61.15,66.9,29.3,2400.030464,0.852,0x0,25,3
2026-03-29T13:55:51.474532,63.35,67.3,29.5,2400.023808,0.852,0x0,26,3
2026-03-29T13:55:52.502167,61.15,69.2,29.2,2400.030464,0.852,0x0,30,
2026-03-29T13:55:53.623048,61.7,69.0,29.1,2400.030464,0.852,0x0,30,1
2026-03-29T13:55:54.651161,60.05,68.0,29.1,2400.023808,0.852,0x0,25,3
2026-03-29T13:55:55.677843,61.15,68.7,29.1,2400.027136,0.852,0x0,26,
2026-03-29T13:55:56.703218,61.15,69.3,28.9,2400.033792,0.852,0x0,26,
2026-03-29T13:55:57.726480,61.15,72.7,29.0,2400.030464,0.852,0x0,25,1
2026-03-29T13:55:58.753733,61.7,66.0,28.9,2400.02048,0.852,0x0,30,3
2026-03-29T13:55:59.775032,63.35,67.3,28.9,2400.033792,0.852,0x0,25,4
2026-03-29T13:56:00.801911,61.15,68.4,29.0,2400.023808,0.852,0x0,27,4
2026-03-29T13:56:01.826842,60.6,67.7,29.1,2400.03712,0.852,0x0,30,1
2026-03-29T13:56:02.851634,61.15,69.8,28.8,2400.027136,0.852,0x0,28,
2026-03-29T13:56:03.884321,61.15,68.5,28.8,2400.030464,0.852,0x0,30,6
2026-03-29T13:56:04.906434,62.25,68.7,28.8,2400.023808,0.852,0x0,26,4
2026-03-29T13:56:05.926046,60.05,68.2,28.9,2400.030464,0.852,0x0,25,3
2026-03-29T13:56:06.955603,61.15,68.5,29.1,2400.027136,0.852,0x0,30,1
2026-03-29T13:56:07.977205,60.6,68.4,29.1,2400.023808,0.852,0x0,30,1
2026-03-29T13:56:08.998946,60.05,67.7,29.3,2400.027136,0.852,0x0,25,1
2026-03-29T13:56:10.027708,61.15,67.7,29.4,2400.02048,0.852,0x0,30,3
2026-03-29T13:56:11.048066,61.15,66.9,29.3,2400.023808,0.852,0x0,25,1
2026-03-29T13:56:12.068831,61.15,68.4,29.3,2400.030464,0.852,0x0,25,1
2026-03-29T13:56:13.090349,61.15,68.9,29.0,2400.027136,0.852,0x0,27,4
2026-03-29T13:56:14.114978,60.6,66.4,29.0,2400.027136,0.852,0x0,30,1
2026-03-29T13:56:15.147006,60.6,67.8,29.1,2400.030464,0.852,0x0,25,2
2026-03-29T13:56:16.172874,60.6,68.5,29.0,2400.030464,0.852,0x0,31,3
2026-03-29T13:56:17.196246,62.25,67.5,29.0,2400.02048,0.852,0x0,27,5
2026-03-29T13:56:18.224542,61.15,72.6,29.0,2400.033792,0.852,0x0,25,1
2026-03-29T13:56:19.248687,62.25,67.2,28.8,2400.033792,0.852,0x0,25,3
2026-03-29T13:56:20.276221,61.15,68.3,28.8,2400.02048,0.852,0x0,30,3
2026-03-29T13:56:21.299649,61.15,67.9,28.9,2400.027136,0.852,0x0,25,3
2026-03-29T13:56:22.323287,61.15,68.4,29.0,2400.02048,0.852,0x0,25,3
2026-03-29T13:56:23.352284,61.15,68.1,28.9,2400.030464,0.852,0x0,30,4
2026-03-29T13:56:24.373596,61.7,67.9,28.9,2400.023808,0.852,0x0,26,2
2026-03-29T13:56:25.395917,61.15,66.7,29.1,2400.033792,0.852,0x0,30,
2026-03-29T13:56:26.424704,61.15,67.9,29.2,2400.02048,0.852,0x0,30,
2026-03-29T13:56:27.445074,62.25,68.3,29.1,2400.033792,0.852,0x0,28,
2026-03-29T13:56:28.466499,61.7,68.2,29.0,2400.027136,0.852,0x0,25,1
2026-03-29T13:56:29.494171,61.15,68.2,29.0,2400.030464,0.852,0x0,30,1
2026-03-29T13:56:30.517526,60.05,68.0,29.3,2400.03712,0.852,0x0,30,
2026-03-29T13:56:31.545225,61.7,67.6,29.2,2400.023808,0.852,0x0,30,2
2026-03-29T13:56:32.578298,61.15,68.3,29.2,2400.023808,0.852,0x0,25,3
2026-03-29T13:56:33.599304,61.7,66.2,29.0,2400.033792,0.852,0x0,25,3
2026-03-29T13:56:34.628588,60.6,67.6,29.2,2400.030464,0.852,0x0,28,
2026-03-29T13:56:35.653357,61.15,67.9,29.2,2400.033792,0.852,0x0,30,
2026-03-29T13:56:36.675592,60.6,68.0,29.3,2400.030464,0.852,0x0,25,4
2026-03-29T13:56:37.705022,61.15,72.7,29.2,2400.023808,0.852,0x0,30,
2026-03-29T13:56:38.733454,60.6,67.0,28.9,2400.027136,0.852,0x0,25,0
2026-03-29T13:56:39.754918,61.15,68.8,29.0,2400.033792,0.852,0x0,30,5
2026-03-29T13:56:40.780662,62.25,66.9,28.9,2400.033792,0.852,0x0,25,3
2026-03-29T13:56:41.805070,60.6,67.8,29.2,2400.027136,0.852,0x0,30,
2026-03-29T13:56:42.832044,61.15,68.6,28.8,2400.03712,0.852,0x0,30,1
2026-03-29T13:56:43.855059,61.15,66.2,28.8,2400.017408,0.852,0x0,25,1
2026-03-29T13:56:44.884745,61.7,69.3,28.8,2400.027136,0.852,0x0,26,2
2026-03-29T13:56:45.906861,61.15,68.8,28.7,2400.027136,0.852,0x0,30,1
2026-03-29T13:56:46.924169,62.8,68.7,28.7,2400.027136,0.852,0x0,30,
2026-03-29T13:56:47.950253,61.15,68.0,28.7,2400.023808,0.852,0x0,25,3
2026-03-29T13:56:49.077357,62.25,68.9,29.0,2400.030464,0.852,0x0,25,3
2026-03-29T13:56:50.108893,61.7,68.7,29.1,2400.023808,0.852,0x0,30,5
2026-03-29T13:56:51.133152,61.7,67.5,28.9,2400.027136,0.852,0x0,26,
2026-03-29T13:56:52.245243,61.15,68.2,28.8,2400.02048,0.852,0x0,30,1
2026-03-29T13:56:53.268281,61.15,67.4,29.1,2400.030464,0.852,0x0,30,1
2026-03-29T13:56:54.291473,61.7,68.3,28.9,2400.027136,0.852,0x0,30,1
2026-03-29T13:56:55.311684,61.7,67.5,29.0,2400.033792,0.852,0x0,25,2
2026-03-29T13:56:56.336867,61.15,67.7,28.9,2400.017408,0.852,0x0,25,1
2026-03-29T13:56:57.361988,61.15,68.5,28.8,2400.023808,0.852,0x0,25,2
2026-03-29T13:56:58.380363,61.7,71.5,28.7,2400.023808,0.852,0x0,25,3
2026-03-29T13:56:59.403216,60.6,68.5,28.7,2400.033792,0.852,0x0,26,2
2026-03-29T13:57:00.428803,62.25,68.7,28.8,2400.023808,0.852,0x0,26,2
2026-03-29T13:57:01.451431,62.25,67.7,28.9,2400.02048,0.852,0x0,30,1
2026-03-29T13:57:02.492486,61.15,68.7,28.8,2400.02048,0.852,0x0,30,4
2026-03-29T13:57:03.516838,61.15,67.7,28.9,2400.033792,0.852,0x0,27,
2026-03-29T13:57:04.538552,63.9,68.7,29.0,2400.027136,0.852,0x0,30,
2026-03-29T13:57:05.560322,61.7,66.8,29.2,2400.030464,0.852,0x0,30,
2026-03-29T13:57:06.584175,60.6,66.7,29.2,2400.027136,0.852,0x0,30,1
2026-03-29T13:57:07.649271,61.15,68.7,29.1,2400.030464,0.852,0x0,30,1
2026-03-29T13:57:08.667344,61.15,69.1,29.1,2400.030464,0.852,0x0,25,3
2026-03-29T13:57:09.693328,61.7,68.6,29.1,2400.02048,0.852,0x0,25,3
2026-03-29T13:57:10.719520,61.7,67.7,29.3,2400.02048,0.852,0x0,25,1
2026-03-29T13:57:11.743103,62.25,69.5,29.2,2400.023808,0.852,0x0,27,5
2026-03-29T13:57:12.767272,61.15,69.3,29.2,2400.030464,0.852,0x0,25,2
2026-03-29T13:57:13.795267,61.15,69.5,29.2,2400.023808,0.852,0x0,30,1
2026-03-29T13:57:14.817724,62.8,67.2,29.2,2400.027136,0.852,0x0,25,4
2026-03-29T13:57:15.843295,62.25,68.9,29.1,2400.02048,0.852,0x0,30,2
2026-03-29T13:57:16.861731,61.15,67.1,28.9,2400.033792,0.852,0x0,25,3
2026-03-29T13:57:17.882818,60.6,68.2,28.9,2400.02048,0.852,0x0,30,
2026-03-29T13:57:18.908387,61.7,68.1,29.0,2400.023808,0.852,0x0,30,4
2026-03-29T13:57:19.931060,61.7,67.8,29.2,2400.030464,0.852,0x0,25,2
2026-03-29T13:57:20.952358,62.8,73.3,29.3,2400.030464,0.852,0x0,30,
2026-03-29T13:57:21.971823,61.15,69.4,29.1,2400.033792,0.852,0x0,31,3
2026-03-29T13:57:22.993517,61.7,67.9,29.1,2400.027136,0.852,0x0,25,2
2026-03-29T13:57:24.092448,61.15,70.0,29.1,2400.030464,0.852,0x0,30,3
2026-03-29T13:57:25.113585,61.15,68.3,29.2,2400.033792,0.852,0x0,25,3
2026-03-29T13:57:26.135634,61.7,67.2,29.1,2400.033792,0.852,0x0,25,3
2026-03-29T13:57:27.157783,61.7,69.2,29.1,2400.027136,0.852,0x0,25,1
2026-03-29T13:57:28.179091,61.15,69.1,29.2,2400.023808,0.852,0x0,30,2
2026-03-29T13:57:29.202978,61.7,67.4,29.2,2400.027136,0.852,0x0,25,4
2026-03-29T13:57:30.235035,61.7,68.2,29.2,2400.033792,0.852,0x0,25,1
2026-03-29T13:57:31.254625,62.8,68.6,29.3,2400.030464,0.852,0x0,30,3
2026-03-29T13:57:32.279596,60.6,66.6,29.5,2400.023808,0.852,0x0,30,2
2026-03-29T13:57:33.398739,61.15,68.7,29.5,2400.02048,0.852,0x0,25,2
2026-03-29T13:57:34.431922,62.25,66.8,29.5,2400.017408,0.852,0x0,25,0
2026-03-29T13:57:35.457034,61.7,67.0,29.5,2400.030464,0.852,0x0,30,2
2026-03-29T13:57:36.479334,63.35,67.8,29.3,2400.023808,0.852,0x0,30,
2026-03-29T13:57:37.500999,62.8,66.9,29.3,2400.023808,0.852,0x0,25,1
2026-03-29T13:57:38.520042,61.15,69.4,29.3,2400.023808,0.852,0x0,30,2
2026-03-29T13:57:39.627636,62.25,67.2,29.2,2400.023808,0.852,0x0,30,1
2026-03-29T13:57:40.647268,61.15,67.2,29.2,2400.023808,0.852,0x0,25,3
2026-03-29T13:57:41.670268,61.7,67.4,29.4,2400.033792,0.852,0x0,25,2
2026-03-29T13:57:42.697824,60.6,72.7,29.3,2400.02048,0.852,0x0,30,1
2026-03-29T13:57:43.724634,61.15,69.0,29.2,2400.033792,0.852,0x0,25,1
2026-03-29T13:57:44.751130,62.8,68.5,29.2,2400.027136,0.852,0x0,25,2
2026-03-29T13:57:45.772996,62.25,66.4,29.5,2400.017408,0.852,0x0,29,
2026-03-29T13:57:46.799365,61.15,67.3,29.2,2400.02048,0.852,0x0,25,1
2026-03-29T13:57:47.820491,61.15,67.0,29.1,2400.033792,0.852,0x0,30,3
2026-03-29T13:57:48.841434,60.6,69.6,29.0,2400.02048,0.852,0x0,25,1
2026-03-29T13:57:49.865076,60.6,67.4,29.1,2400.033792,0.852,0x0,30,1
2026-03-29T13:57:50.890229,61.7,68.2,29.1,2400.030464,0.852,0x0,25,1
2026-03-29T13:57:51.917365,61.7,68.9,29.1,2400.027136,0.852,0x0,25,3
2026-03-29T13:57:52.938234,62.25,66.8,29.0,2400.033792,0.852,0x0,30,2
2026-03-29T13:57:53.961173,62.25,69.3,29.2,2400.027136,0.852,0x0,30,2
2026-03-29T13:57:54.990930,62.25,67.6,29.2,2400.027136,0.852,0x0,30,5
2026-03-29T13:57:56.015545,61.15,67.4,29.1,2400.017408,0.852,0x0,30,3
2026-03-29T13:57:57.036801,60.05,68.8,29.2,2400.027136,0.852,0x0,25,1
2026-03-29T13:57:58.062577,61.15,67.7,29.1,2400.027136,0.852,0x0,25,3
2026-03-29T13:57:59.084340,60.05,69.8,29.0,2400.033792,0.852,0x0,30,4
2026-03-29T13:58:00.104137,61.15,68.9,29.1,2400.033792,0.852,0x0,25,3
2026-03-29T13:58:01.134272,61.7,69.4,29.2,2400.023808,0.852,0x0,25,1
2026-03-29T13:58:02.155758,62.8,66.5,29.2,2400.027136,0.852,0x0,25,1
2026-03-29T13:58:03.179716,61.15,67.8,29.2,2400.033792,0.852,0x0,30,2
2026-03-29T13:58:04.208241,61.15,73.0,29.3,2400.017408,0.852,0x0,30,1
2026-03-29T13:58:05.233821,60.05,68.1,29.0,2400.030464,0.852,0x0,27,6
2026-03-29T13:58:06.265121,60.6,66.4,28.9,2400.023808,0.852,0x0,30,2
2026-03-29T13:58:07.285402,60.6,68.5,28.9,2400.03712,0.852,0x0,30,1
2026-03-29T13:58:08.308550,61.7,67.7,28.8,2400.027136,0.852,0x0,25,4
2026-03-29T13:58:09.334628,62.25,66.7,29.1,2400.027136,0.852,0x0,27,
2026-03-29T13:58:10.362382,62.8,68.0,29.0,2400.023808,0.852,0x0,30,1
2026-03-29T13:58:11.386104,62.25,67.1,28.8,2400.030464,0.852,0x0,25,2
2026-03-29T13:58:12.411885,60.6,68.7,29.1,2400.027136,0.852,0x0,29,
2026-03-29T13:58:13.439632,61.15,68.2,29.3,2400.03712,0.852,0x0,25,1
2026-03-29T13:58:14.464466,61.7,67.2,29.3,2400.02048,0.852,0x0,25,3
2026-03-29T13:58:15.483453,61.15,67.7,29.3,2400.023808,0.852,0x0,29,1
2026-03-29T13:58:16.503629,61.15,66.7,29.1,2400.023808,0.852,0x0,25,1
2026-03-29T13:58:17.531821,62.8,67.8,29.0,2400.02048,0.852,0x0,30,
2026-03-29T13:58:18.559668,61.15,67.0,29.1,2400.02048,0.852,0x0,25,3
2026-03-29T13:58:19.581575,61.15,67.0,28.9,2400.033792,0.852,0x0,25,3
2026-03-29T13:58:20.709156,61.15,67.9,29.0,2400.030464,0.852,0x0,30,1
2026-03-29T13:58:21.732109,61.7,67.6,29.0,2400.023808,0.852,0x0,25,3
2026-03-29T13:58:22.753349,61.15,67.3,28.9,2400.027136,0.852,0x0,25,2
2026-03-29T13:58:23.779059,62.8,68.6,29.1,2400.03712,0.852,0x0,30,1
2026-03-29T13:58:24.805767,61.15,71.1,29.0,2400.027136,0.852,0x0,25,2
2026-03-29T13:58:25.830606,60.6,67.4,28.7,2400.030464,0.852,0x0,25,1
2026-03-29T13:58:26.854433,61.15,66.9,28.9,2400.033792,0.852,0x0,30,1
2026-03-29T13:58:27.879703,62.8,66.8,29.1,2400.017408,0.852,0x0,30,4
2026-03-29T13:58:28.910476,60.6,70.3,29.3,2400.023808,0.852,0x0,26,4
2026-03-29T13:58:29.931091,62.25,68.7,29.3,2400.023808,0.852,0x0,30,1
2026-03-29T13:58:30.958958,60.6,67.0,29.2,2400.02048,0.852,0x0,28,6
2026-03-29T13:58:31.990118,60.6,67.6,29.3,2400.03712,0.852,0x0,30,1
2026-03-29T13:58:33.008645,60.6,68.2,29.1,2400.023808,0.852,0x0,30,1
2026-03-29T13:58:34.028395,61.15,68.1,29.2,2400.023808,0.852,0x0,30,
2026-03-29T13:58:35.057783,61.7,68.6,29.1,2400.030464,0.852,0x0,25,3
2026-03-29T13:58:36.080954,61.7,68.0,29.2,2400.033792,0.852,0x0,30,
2026-03-29T13:58:37.121837,62.8,68.0,29.0,2400.027136,0.852,0x0,25,5
2026-03-29T13:58:38.151132,61.15,68.1,29.2,2400.033792,0.852,0x0,26,2
2026-03-29T13:58:39.175589,58.95,69.7,29.2,2400.030464,0.852,0x0,30,1
2026-03-29T13:58:40.208320,61.7,69.6,29.1,2400.02048,0.852,0x0,30,5
2026-03-29T13:58:41.229713,61.15,69.5,29.2,2400.023808,0.852,0x0,25,2
2026-03-29T13:58:42.249420,59.5,71.7,29.1,2400.02048,0.852,0x0,25,1
2026-03-29T13:58:43.272089,60.6,69.7,29.2,2400.033792,0.852,0x0,25,1
2026-03-29T13:58:44.294772,61.15,68.7,29.2,2400.033792,0.852,0x0,30,2
2026-03-29T13:58:45.318982,61.15,67.4,29.1,2400.033792,0.852,0x0,30,
2026-03-29T13:58:46.345962,61.7,69.7,28.9,2400.02048,0.852,0x0,30,
2026-03-29T13:58:47.365382,60.6,67.5,28.9,2400.030464,0.852,0x0,25,3
2026-03-29T13:58:48.389917,62.25,68.9,29.0,2400.030464,0.852,0x0,25,1
2026-03-29T13:58:49.410195,60.6,67.6,28.8,2400.030464,0.852,0x0,25,1
2026-03-29T13:58:50.432919,61.15,68.6,29.0,2400.023808,0.852,0x0,25,1
2026-03-29T13:58:51.459421,61.15,68.2,29.2,2400.02048,0.852,0x0,30,1
2026-03-29T13:58:52.484606,61.7,69.1,29.0,2400.030464,0.852,0x0,25,3
2026-03-29T13:58:53.511045,61.7,67.8,28.9,2400.027136,0.852,0x0,25,3
2026-03-29T13:58:54.540945,62.25,70.1,29.0,2400.02048,0.852,0x0,30,1
2026-03-29T13:58:55.564634,61.15,68.1,29.1,2400.027136,0.852,0x0,25,1
2026-03-29T13:58:56.589568,62.8,69.1,29.2,2400.027136,0.852,0x0,25,1
2026-03-29T13:58:57.609117,61.15,67.4,29.3,2400.023808,0.852,0x0,30,0
2026-03-29T13:58:58.630568,61.7,68.2,29.3,2400.02048,0.852,0x0,26,5
2026-03-29T13:58:59.666029,62.25,69.2,29.2,2400.030464,0.852,0x0,30,
2026-03-29T13:59:00.688852,61.7,67.8,29.0,2400.033792,0.852,0x0,25,1
2026-03-29T13:59:01.708226,62.8,67.7,29.1,2400.027136,0.852,0x0,25,3
2026-03-29T13:59:02.736524,62.25,67.6,29.2,2400.023808,0.852,0x0,30,2
2026-03-29T13:59:03.759370,61.7,67.2,29.1,2400.033792,0.852,0x0,25,1
2026-03-29T13:59:04.781136,62.25,72.5,28.9,2400.027136,0.852,0x0,30,1
2026-03-29T13:59:05.804696,60.6,67.5,29.0,2400.023808,0.852,0x0,25,3
2026-03-29T13:59:06.837613,61.7,67.9,29.1,2400.030464,0.852,0x0,28,
2026-03-29T13:59:07.863014,62.8,68.3,29.0,2400.030464,0.852,0x0,27,5
2026-03-29T13:59:08.887107,62.8,67.8,29.0,2400.03712,0.852,0x0,26,
2026-03-29T13:59:09.908580,61.15,68.2,29.1,2400.017408,0.852,0x0,25,2
2026-03-29T13:59:10.934266,61.15,67.0,29.3,2400.030464,0.852,0x0,27,1
2026-03-29T13:59:11.955485,61.15,68.4,29.3,2400.030464,0.852,0x0,30,0
2026-03-29T13:59:12.982655,62.25,66.5,29.4,2400.030464,0.852,0x0,25,1
2026-03-29T13:59:14.003915,61.15,69.2,29.0,2400.03712,0.852,0x0,25,3
2026-03-29T13:59:15.024312,61.7,66.6,29.1,2400.030464,0.852,0x0,26,4
2026-03-29T13:59:16.048953,61.15,68.2,29.4,2400.023808,0.852,0x0,30,
2026-03-29T13:59:17.072033,61.15,67.8,29.5,2400.02048,0.852,0x0,30,8
2026-03-29T13:59:18.097337,60.05,68.4,29.1,2400.03712,0.852,0x0,25,3
2026-03-29T13:59:19.128550,61.15,68.5,29.0,2400.02048,0.852,0x0,25,1
2026-03-29T13:59:20.154515,60.05,70.1,29.2,2400.030464,0.852,0x0,30,5
2026-03-29T13:59:21.182395,62.25,65.8,29.0,2400.023808,0.852,0x0,26,2
2026-03-29T13:59:22.207467,61.15,68.9,29.3,2400.02048,0.852,0x0,30,1
2026-03-29T13:59:23.231020,61.7,68.8,29.0,2400.03712,0.852,0x0,26,
2026-03-29T13:59:24.256240,61.7,68.7,28.9,2400.02048,0.852,0x0,30,2
2026-03-29T13:59:25.280949,62.8,71.6,29.0,2400.023808,0.852,0x0,25,3
2026-03-29T13:59:26.308445,61.15,69.1,29.1,2400.033792,0.852,0x0,25,3
2026-03-29T13:59:27.333745,60.6,68.9,29.1,2400.033792,0.852,0x0,30,1
2026-03-29T13:59:28.355887,61.15,66.6,29.0,2400.033792,0.852,0x0,26,4
2026-03-29T13:59:29.382126,61.15,66.8,29.0,2400.023808,0.852,0x0,30,4
2026-03-29T13:59:30.404233,61.15,68.3,29.1,2400.03712,0.852,0x0,26,3
2026-03-29T13:59:31.428307,62.25,66.8,29.1,2400.030464,0.852,0x0,25,2
2026-03-29T13:59:32.452718,61.15,67.4,29.0,2400.033792,0.852,0x0,28,
2026-03-29T13:59:33.477860,62.25,67.6,28.9,2400.017408,0.852,0x0,30,1
2026-03-29T13:59:34.503676,61.7,68.8,29.0,2400.03712,0.852,0x0,25,2
2026-03-29T13:59:35.526870,61.7,69.3,28.9,2400.02048,0.852,0x0,25,3
2026-03-29T13:59:36.552910,61.7,68.7,28.9,2400.030464,0.852,0x0,25,1
2026-03-29T13:59:37.580376,61.7,67.8,29.0,2400.02048,0.852,0x0,25,0
2026-03-29T13:59:38.601019,62.25,67.6,28.9,2400.030464,0.852,0x0,26,
2026-03-29T13:59:39.622490,62.8,68.4,28.8,2400.033792,0.852,0x0,25,3
2026-03-29T13:59:40.649941,61.7,68.4,28.8,2400.030464,0.852,0x0,26,5
2026-03-29T13:59:41.673929,61.15,68.5,28.5,2400.023808,0.852,0x0,25,1
2026-03-29T13:59:42.694308,61.15,67.1,28.7,2400.027136,0.852,0x0,25,3
2026-03-29T13:59:43.718558,60.6,67.1,28.8,2400.033792,0.852,0x0,25,3
2026-03-29T13:59:44.737243,61.7,68.7,29.1,2400.02048,0.852,0x0,30,1
2026-03-29T13:59:45.764216,61.15,68.7,29.0,2400.023808,0.852,0x0,25,1
2026-03-29T13:59:46.785807,60.6,70.2,28.9,2400.017408,0.852,0x0,30,6
2026-03-29T13:59:47.811645,61.15,66.9,28.8,2400.023808,0.852,0x0,25,1
2026-03-29T13:59:48.836693,61.7,67.2,28.8,2400.027136,0.852,0x0,25,1
2026-03-29T13:59:49.863173,61.7,69.3,29.1,2400.02048,0.852,0x0,25,0
2026-03-29T13:59:50.884458,61.15,67.8,29.1,2400.027136,0.852,0x0,25,1
2026-03-29T13:59:51.902853,60.6,68.7,29.1,2400.030464,0.852,0x0,25,4
2026-03-29T13:59:52.929042,62.25,68.5,29.1,2400.023808,0.852,0x0,26,3
2026-03-29T13:59:53.959192,60.6,68.9,29.0,2400.030464,0.852,0x0,26,1
2026-03-29T13:59:54.982045,61.15,68.0,28.9,2400.027136,0.852,0x0,31,6
2026-03-29T13:59:56.005848,62.8,67.4,28.9,2400.030464,0.852,0x0,25,1
2026-03-29T13:59:57.028286,61.7,66.9,29.2,2400.033792,0.852,0x0,30,4
2026-03-29T13:59:58.054539,60.05,68.3,29.5,2400.030464,0.852,0x0,25,2
2026-03-29T13:59:59.084778,61.15,65.8,29.4,2400.02048,0.852,0x0,25,3
2026-03-29T14:00:00.103433,61.15,69.6,29.5,2400.030464,0.852,0x0,25,2
2026-03-29T14:00:01.129482,61.15,68.3,29.3,2400.02048,0.852,0x0,25,0
2026-03-29T14:00:02.151637,61.7,68.0,29.0,2400.030464,0.852,0x0,25,2
2026-03-29T14:00:03.175633,61.15,68.4,29.1,2400.030464,0.852,0x0,25,2
2026-03-29T14:00:04.199498,61.7,67.1,29.1,2400.02048,0.852,0x0,25,3
2026-03-29T14:00:05.222477,62.8,68.4,29.2,2400.030464,0.852,0x0,25,1
2026-03-29T14:00:06.243430,62.8,66.9,29.1,2400.023808,0.852,0x0,28,
2026-03-29T14:00:07.275203,61.7,68.0,29.0,2400.027136,0.852,0x0,25,0
2026-03-29T14:00:08.297764,63.35,68.7,28.9,2400.023808,0.852,0x0,30,8
2026-03-29T14:00:09.328067,62.25,71.5,28.9,2400.033792,0.852,0x0,25,3
2026-03-29T14:00:10.355465,61.7,68.8,29.0,2400.027136,0.852,0x0,30,3
2026-03-29T14:00:11.380936,61.7,68.0,29.0,2400.030464,0.852,0x0,25,3
2026-03-29T14:00:12.409476,60.6,69.2,28.9,2400.02048,0.852,0x0,25,1
2026-03-29T14:00:13.430514,61.15,67.7,29.2,2400.017408,0.852,0x0,25,1
2026-03-29T14:00:14.458372,61.7,68.2,29.6,2400.023808,0.852,0x0,25,1
2026-03-29T14:00:15.479618,62.8,68.4,29.4,2400.023808,0.852,0x0,25,2
2026-03-29T14:00:16.505738,62.25,67.2,29.4,2400.027136,0.852,0x0,28,6
2026-03-29T14:00:17.531135,61.15,69.2,29.3,2400.023808,0.852,0x0,25,1
2026-03-29T14:00:18.553844,62.25,69.3,29.4,2400.023808,0.852,0x0,26,
2026-03-29T14:00:19.576370,61.7,67.8,29.5,2400.030464,0.852,0x0,29,
2026-03-29T14:00:20.603285,62.25,69.3,29.6,2400.02048,0.852,0x0,25,1
2026-03-29T14:00:21.726540,62.25,67.8,29.5,2400.03712,0.852,0x0,25,3
2026-03-29T14:00:22.749916,62.8,68.5,29.3,2400.03712,0.852,0x0,25,1
2026-03-29T14:00:23.775162,62.8,67.6,29.3,2400.02048,0.852,0x0,25,1
2026-03-29T14:00:24.800252,61.15,69.3,29.5,2400.02048,0.852,0x0,30,
2026-03-29T14:00:25.823855,61.7,68.5,29.4,2400.027136,0.852,0x0,25,1
2026-03-29T14:00:26.848990,61.15,68.9,29.3,2400.02048,0.852,0x0,25,1
2026-03-29T14:00:27.873289,61.7,67.6,29.5,2400.027136,0.852,0x0,30,2
2026-03-29T14:00:28.897883,62.25,67.7,29.5,2400.027136,0.852,0x0,25,3
2026-03-29T14:00:29.922309,62.8,69.8,29.6,2400.033792,0.852,0x0,25,2
2026-03-29T14:00:30.957668,60.05,71.5,29.6,2400.03712,0.852,0x0,26,
2026-03-29T14:00:31.981493,60.6,68.0,29.7,2400.02048,0.852,0x0,30,3
2026-03-29T14:00:33.003241,61.7,69.0,29.9,2400.027136,0.852,0x0,30,2
2026-03-29T14:00:34.024847,61.7,67.3,29.6,2400.03712,0.852,0x0,25,1
2026-03-29T14:00:35.044580,61.15,70.7,29.5,2400.02048,0.852,0x0,30,1
2026-03-29T14:00:36.171647,63.35,83.6,30.0,2400.03712,0.852,0x0,31,2
2026-03-29T14:00:37.190113,61.7,83.7,30.5,2400.033792,0.852,0x0,30,1
2026-03-29T14:00:38.212191,61.15,87.9,32.3,2400.030464,0.852,0x0,25,2
2026-03-29T14:00:39.232092,64.45,88.9,32.5,2400.033792,0.852,0x0,30,4
2026-03-29T14:00:40.256206,63.35,93.5,32.6,2400.030464,0.852,0x0,25,2
2026-03-29T14:00:41.285881,62.25,72.4,31.9,2400.033792,0.852,0x0,26,
2026-03-29T14:00:42.344823,61.7,69.2,31.3,2400.033792,0.852,0x0,26,
2026-03-29T14:00:43.470784,61.7,68.5,30.7,2400.02048,0.852,0x0,30,0
2026-03-29T14:00:44.492703,61.7,67.0,30.5,2400.02048,0.852,0x0,26,4
2026-03-29T14:00:45.516954,61.15,69.9,30.5,2400.03712,0.852,0x0,25,3
2026-03-29T14:00:46.539884,62.8,68.2,30.6,2400.03712,0.852,0x0,30,1
2026-03-29T14:00:47.562738,61.7,66.3,30.8,2400.017408,0.852,0x0,25,3
2026-03-29T14:00:48.594291,60.05,69.6,30.7,2400.033792,0.852,0x0,25,2
2026-03-29T14:00:49.621629,62.8,73.4,29.9,2400.023808,0.852,0x0,30,1
2026-03-29T14:00:50.642417,61.15,74.7,29.5,2400.027136,0.852,0x0,25,1
2026-03-29T14:00:51.667202,61.7,73.2,29.4,2400.030464,0.852,0x0,30,1
2026-03-29T14:00:52.695582,61.15,69.3,29.5,2400.02048,0.852,0x0,30,2
2026-03-29T14:00:53.714591,62.25,68.3,29.0,2400.02048,0.852,0x0,26,
2026-03-29T14:00:54.739728,61.7,68.8,28.9,2400.02048,0.852,0x0,25,3
2026-03-29T14:00:55.770038,61.7,75.8,28.9,2400.030464,0.852,0x0,25,4
2026-03-29T14:00:56.804623,61.7,68.3,29.1,2400.030464,0.852,0x0,29,3
2026-03-29T14:00:57.829199,60.6,69.7,29.3,2400.03712,0.852,0x0,25,3
2026-03-29T14:00:58.852352,61.7,67.8,29.4,2400.030464,0.852,0x0,30,2
2026-03-29T14:00:59.879374,60.6,68.7,29.1,2400.02048,0.852,0x0,25,1
2026-03-29T14:01:00.898109,61.7,68.0,29.2,2400.02048,0.852,0x0,30,
2026-03-29T14:01:01.918988,61.7,69.0,29.2,2400.033792,0.852,0x0,25,2
2026-03-29T14:01:02.950518,62.25,68.1,29.1,2400.03712,0.852,0x0,30,3
2026-03-29T14:01:03.979851,62.8,67.7,29.1,2400.02048,0.852,0x0,30,2
2026-03-29T14:01:05.005232,61.7,68.0,29.3,2400.023808,0.852,0x0,25,4
2026-03-29T14:01:06.032429,61.7,69.2,29.2,2400.027136,0.852,0x0,30,2
2026-03-29T14:01:07.054494,61.7,68.0,29.3,2400.027136,0.852,0x0,25,4
2026-03-29T14:01:08.083161,62.25,68.3,29.4,2400.027136,0.852,0x0,25,1
2026-03-29T14:01:09.110783,61.15,67.1,29.3,2400.033792,0.852,0x0,25,1
2026-03-29T14:01:10.141808,62.8,68.5,29.4,2400.033792,0.852,0x0,25,4
2026-03-29T14:01:11.162473,62.25,67.7,29.3,2400.033792,0.852,0x0,30,3
2026-03-29T14:01:12.187627,61.7,71.3,29.2,2400.030464,0.852,0x0,26,
2026-03-29T14:01:13.213174,62.25,69.8,29.3,2400.027136,0.852,0x0,30,4
2026-03-29T14:01:14.240534,61.7,68.4,29.4,2400.02048,0.852,0x0,30,1
2026-03-29T14:01:15.339268,61.15,69.0,29.3,2400.030464,0.852,0x0,26,
2026-03-29T14:01:16.360903,61.7,69.3,29.0,2400.02048,0.852,0x0,25,2
2026-03-29T14:01:17.384700,61.7,68.1,29.1,2400.027136,0.852,0x0,25,1
2026-03-29T14:01:18.410080,62.8,67.1,29.0,2400.023808,0.852,0x0,30,2
2026-03-29T14:01:19.428410,61.15,66.7,29.2,2400.027136,0.852,0x0,25,2
2026-03-29T14:01:20.453919,61.7,66.6,29.2,2400.030464,0.852,0x0,25,3
2026-03-29T14:01:21.473594,62.8,66.5,29.3,2400.017408,0.852,0x0,25,0
2026-03-29T14:01:22.493259,61.7,69.1,29.1,2400.033792,0.852,0x0,30,
2026-03-29T14:01:23.514432,62.25,67.7,29.0,2400.017408,0.852,0x0,27,
2026-03-29T14:01:24.543744,61.15,69.8,29.1,2400.02048,0.852,0x0,25,1
2026-03-29T14:01:25.574721,62.8,68.7,29.3,2400.03712,0.852,0x0,30,2
2026-03-29T14:01:26.601684,61.7,68.6,29.5,2400.023808,0.852,0x0,25,3
2026-03-29T14:01:27.632600,61.15,68.6,29.6,2400.027136,0.852,0x0,25,1
2026-03-29T14:01:28.653872,61.7,68.4,29.4,2400.030464,0.852,0x0,25,2
2026-03-29T14:01:29.676722,60.6,67.4,29.3,2400.027136,0.852,0x0,25,1
2026-03-29T14:01:30.702586,61.7,67.5,29.4,2400.033792,0.852,0x0,30,1
2026-03-29T14:01:31.723662,62.25,68.6,29.1,2400.027136,0.852,0x0,25,3
2026-03-29T14:01:32.751295,61.15,67.6,29.0,2400.027136,0.852,0x0,30,3
2026-03-29T14:01:33.778765,60.6,71.9,28.9,2400.033792,0.852,0x0,26,
2026-03-29T14:01:34.802232,63.9,67.6,29.0,2400.033792,0.852,0x0,25,3
2026-03-29T14:01:35.827577,62.25,68.4,28.9,2400.027136,0.852,0x0,30,2
2026-03-29T14:01:36.849675,61.15,68.5,28.8,2400.030464,0.852,0x0,30,1
2026-03-29T14:01:37.871516,61.7,67.7,29.1,2400.02048,0.852,0x0,30,5
2026-03-29T14:01:38.898906,62.25,68.3,29.1,2400.033792,0.852,0x0,30,
2026-03-29T14:01:39.920178,61.7,68.2,29.3,2400.027136,0.852,0x0,30,2
2026-03-29T14:01:40.939101,61.15,69.7,29.4,2400.027136,0.852,0x0,30,5
2026-03-29T14:01:41.967021,62.25,69.9,29.4,2400.023808,0.852,0x0,25,1
2026-03-29T14:01:42.990493,62.25,69.8,29.2,2400.033792,0.852,0x0,30,2
2026-03-29T14:01:44.016927,61.7,67.6,29.3,2400.02048,0.852,0x0,30,1
2026-03-29T14:01:45.043220,61.7,67.8,29.3,2400.030464,0.852,0x0,25,3
2026-03-29T14:01:46.067371,61.7,68.0,29.3,2400.033792,0.852,0x0,25,2
2026-03-29T14:01:47.092518,63.35,68.5,29.1,2400.023808,0.852,0x0,27,5
2026-03-29T14:01:48.122683,61.7,69.0,29.2,2400.027136,0.852,0x0,30,2
2026-03-29T14:01:49.143465,61.7,70.9,29.2,2400.030464,0.852,0x0,25,1
2026-03-29T14:01:50.166627,61.7,68.6,29.1,2400.023808,0.852,0x0,30,4
2026-03-29T14:01:51.193272,61.7,69.7,29.1,2400.023808,0.852,0x0,25,1
2026-03-29T14:01:52.216091,62.8,68.6,29.1,2400.027136,0.852,0x0,30,0
2026-03-29T14:01:53.239911,61.7,68.4,29.2,2400.02048,0.852,0x0,25,3
2026-03-29T14:01:54.270263,61.15,68.1,29.2,2400.02048,0.852,0x0,25,2
2026-03-29T14:01:55.290380,63.35,68.5,29.2,2400.027136,0.852,0x0,25,1
2026-03-29T14:01:56.319011,61.7,67.3,29.0,2400.033792,0.852,0x0,25,1
2026-03-29T14:01:57.338736,61.7,68.6,29.0,2400.023808,0.852,0x0,25,1
2026-03-29T14:01:58.361031,62.8,68.5,29.1,2400.033792,0.852,0x0,25,1
2026-03-29T14:01:59.382914,61.7,67.4,29.1,2400.030464,0.852,0x0,28,
2026-03-29T14:02:00.406001,61.15,68.4,29.3,2400.02048,0.852,0x0,30,3
2026-03-29T14:02:01.430867,62.8,68.8,29.4,2400.017408,0.852,0x0,25,2
2026-03-29T14:02:02.452643,61.7,68.0,29.6,2400.033792,0.852,0x0,25,1
2026-03-29T14:02:03.564810,61.15,67.4,29.5,2400.033792,0.852,0x0,25,1
2026-03-29T14:02:04.587630,62.25,67.8,29.4,2400.02048,0.852,0x0,30,2
2026-03-29T14:02:05.612329,62.8,68.4,29.3,2400.02048,0.852,0x0,25,2
2026-03-29T14:02:06.636980,60.6,68.5,29.2,2400.033792,0.852,0x0,28,
2026-03-29T14:02:07.666102,62.25,67.4,29.4,2400.03712,0.852,0x0,25,2
2026-03-29T14:02:08.689771,61.15,67.9,29.5,2400.02048,0.852,0x0,30,8
2026-03-29T14:02:09.710326,61.15,68.4,29.5,2400.023808,0.852,0x0,30,6
2026-03-29T14:02:10.740444,63.35,68.0,29.5,2400.030464,0.852,0x0,30,2
2026-03-29T14:02:11.771627,62.8,73.5,29.4,2400.030464,0.852,0x0,30,6
2026-03-29T14:02:12.798164,61.15,68.3,29.2,2400.02048,0.852,0x0,25,1
2026-03-29T14:02:13.822832,60.6,68.9,29.1,2400.033792,0.852,0x0,30,3
2026-03-29T14:02:14.847978,61.15,66.8,29.2,2400.033792,0.852,0x0,25,1
2026-03-29T14:02:15.869072,62.25,68.2,29.5,2400.027136,0.852,0x0,25,3
2026-03-29T14:02:16.896457,61.7,70.3,29.6,2400.033792,0.852,0x0,25,3
2026-03-29T14:02:17.917185,62.25,65.7,29.5,2400.023808,0.852,0x0,25,3
2026-03-29T14:02:18.947014,62.8,67.8,29.5,2400.030464,0.852,0x0,30,4
2026-03-29T14:02:19.971638,61.15,69.1,29.2,2400.02048,0.852,0x0,25,3
2026-03-29T14:02:20.993028,61.7,68.3,29.2,2400.023808,0.852,0x0,28,6
2026-03-29T14:02:22.019723,62.25,70.5,29.3,2400.02048,0.852,0x0,29,
2026-03-29T14:02:23.048100,61.15,68.3,29.4,2400.023808,0.852,0x0,26,
2026-03-29T14:02:24.068407,62.8,67.6,29.6,2400.03712,0.852,0x0,25,3
2026-03-29T14:02:25.093763,61.15,67.7,29.5,2400.033792,0.852,0x0,30,1
2026-03-29T14:02:26.118744,62.25,68.1,29.3,2400.02048,0.852,0x0,30,1
2026-03-29T14:02:27.143693,62.8,67.8,29.4,2400.02048,0.852,0x0,30,
2026-03-29T14:02:28.164710,62.25,66.8,29.1,2400.02048,0.852,0x0,30,2
2026-03-29T14:02:29.185261,61.15,69.1,29.1,2400.027136,0.852,0x0,30,2
2026-03-29T14:02:30.301774,62.25,66.8,29.1,2400.030464,0.852,0x0,30,3
2026-03-29T14:02:31.326009,61.7,67.7,29.3,2400.03712,0.852,0x0,25,3
2026-03-29T14:02:32.354103,60.6,73.6,29.4,2400.030464,0.852,0x0,25,1
2026-03-29T14:02:33.384998,61.7,68.5,29.4,2400.02048,0.852,0x0,27,5
2026-03-29T14:02:34.408608,61.15,66.2,29.4,2400.033792,0.852,0x0,30,1
2026-03-29T14:02:35.436237,61.15,67.3,29.3,2400.030464,0.852,0x0,25,3
2026-03-29T14:02:36.457868,61.15,68.2,29.1,2400.02048,0.852,0x0,30,1
2026-03-29T14:02:37.478126,63.35,68.9,29.1,2400.033792,0.852,0x0,25,1
2026-03-29T14:02:38.501860,62.25,67.8,29.1,2400.033792,0.852,0x0,25,0
2026-03-29T14:02:39.521744,62.25,66.6,29.2,2400.023808,0.852,0x0,25,1
2026-03-29T14:02:40.540598,61.15,66.1,29.2,2400.023808,0.852,0x0,30,2
2026-03-29T14:02:41.569399,62.8,75.0,29.4,2400.027136,0.852,0x0,25,2
2026-03-29T14:02:42.598303,62.8,67.8,29.2,2400.03712,0.852,0x0,30,1
2026-03-29T14:02:43.621965,62.25,68.6,29.4,2400.023808,0.852,0x0,30,2
2026-03-29T14:02:44.645366,61.15,68.7,29.5,2400.027136,0.852,0x0,25,3
2026-03-29T14:02:45.664385,61.7,68.7,29.4,2400.02048,0.852,0x0,29,
2026-03-29T14:02:46.687355,61.15,68.5,29.1,2400.02048,0.852,0x0,30,
2026-03-29T14:02:47.714947,61.7,67.7,29.0,2400.03712,0.852,0x0,30,6
2026-03-29T14:02:48.746343,61.15,67.8,29.0,2400.03712,0.852,0x0,30,1
2026-03-29T14:02:49.770317,60.6,67.0,28.9,2400.033792,0.852,0x0,30,1
2026-03-29T14:02:50.788729,61.15,68.6,28.9,2400.02048,0.852,0x0,25,3
2026-03-29T14:02:51.813058,61.15,68.4,28.8,2400.02048,0.852,0x0,30,4
2026-03-29T14:02:52.834859,62.25,74.2,28.8,2400.023808,0.852,0x0,25,1
2026-03-29T14:02:53.854176,62.8,66.8,28.6,2400.027136,0.852,0x0,27,2
2026-03-29T14:02:54.875571,61.7,68.7,28.4,2400.02048,0.852,0x0,26,3
2026-03-29T14:02:55.905467,60.05,68.3,28.4,2400.030464,0.852,0x0,25,2
2026-03-29T14:02:56.931592,61.15,68.2,28.3,2400.027136,0.852,0x0,25,3
2026-03-29T14:02:57.956049,62.25,67.8,28.3,2400.030464,0.852,0x0,25,3
2026-03-29T14:02:58.977413,61.15,68.1,28.2,2400.027136,0.852,0x0,30,2
2026-03-29T14:03:00.003656,62.25,68.0,28.2,2400.033792,0.852,0x0,33,
2026-03-29T14:03:01.027803,61.7,69.3,28.3,2400.030464,0.852,0x0,25,2
2026-03-29T14:03:02.048319,63.35,69.3,28.4,2400.033792,0.852,0x0,26,1
2026-03-29T14:03:03.079589,60.05,69.2,28.6,2400.02048,0.852,0x0,25,3
2026-03-29T14:03:04.105289,61.7,67.2,28.6,2400.02048,0.852,0x0,25,3
2026-03-29T14:03:05.129185,61.7,68.4,28.6,2400.02048,0.852,0x0,27,
2026-03-29T14:03:06.150662,61.15,66.9,28.4,2400.017408,0.852,0x0,30,1
2026-03-29T14:03:07.174493,61.15,70.6,28.4,2400.030464,0.852,0x0,30,
2026-03-29T14:03:08.199592,61.15,67.3,28.4,2400.023808,0.852,0x0,25,2
2026-03-29T14:03:09.220344,62.25,67.5,28.5,2400.023808,0.852,0x0,25,5
2026-03-29T14:03:10.248546,61.7,68.4,28.5,2400.023808,0.852,0x0,29,7
2026-03-29T14:03:11.269244,60.05,68.6,28.5,2400.030464,0.852,0x0,30,1
2026-03-29T14:03:12.289808,61.15,68.7,28.5,2400.03712,0.852,0x0,30,1
2026-03-29T14:03:13.314530,62.25,67.8,28.6,2400.027136,0.852,0x0,25,1
2026-03-29T14:03:14.336282,61.15,71.5,28.5,2400.03712,0.852,0x0,25,1
2026-03-29T14:03:15.358203,60.05,68.0,28.4,2400.023808,0.852,0x0,25,3
2026-03-29T14:03:16.378213,62.25,68.5,28.4,2400.030464,0.852,0x0,25,2
2026-03-29T14:03:17.402887,62.8,69.3,28.6,2400.033792,0.852,0x0,25,1
2026-03-29T14:03:18.426618,62.25,69.7,28.6,2400.033792,0.852,0x0,30,2
2026-03-29T14:03:19.456167,61.15,67.9,28.6,2400.023808,0.852,0x0,27,5
2026-03-29T14:03:20.486177,61.7,68.1,28.5,2400.027136,0.852,0x0,25,2
2026-03-29T14:03:21.508073,61.15,67.7,28.3,2400.02048,0.852,0x0,30,1
2026-03-29T14:03:22.531312,62.8,68.2,28.4,2400.02048,0.852,0x0,30,
2026-03-29T14:03:23.552164,61.7,67.7,28.3,2400.033792,0.852,0x0,30,2
2026-03-29T14:03:24.577955,61.15,68.1,28.3,2400.02048,0.852,0x0,30,
2026-03-29T14:03:25.603630,61.7,68.2,28.3,2400.02048,0.852,0x0,30,2
2026-03-29T14:03:26.625228,62.25,68.9,28.3,2400.023808,0.852,0x0,25,1
2026-03-29T14:03:27.651157,62.25,67.4,28.4,2400.023808,0.852,0x0,25,3
2026-03-29T14:03:28.675291,61.15,67.3,28.3,2400.030464,0.852,0x0,29,
2026-03-29T14:03:29.708504,61.15,67.2,28.2,2400.033792,0.852,0x0,30,2
2026-03-29T14:03:30.737157,60.6,69.2,28.1,2400.03712,0.852,0x0,25,2
2026-03-29T14:03:31.761382,61.7,66.4,28.1,2400.027136,0.852,0x0,30,3
2026-03-29T14:03:32.785308,61.7,68.9,27.9,2400.02048,0.852,0x0,26,4
2026-03-29T14:03:33.811690,61.15,67.1,28.1,2400.023808,0.852,0x0,25,3
2026-03-29T14:03:34.838388,61.15,70.1,28.2,2400.033792,0.852,0x0,25,2
2026-03-29T14:03:35.865432,62.8,68.2,28.0,2400.02048,0.852,0x0,28,
2026-03-29T14:03:36.895695,60.05,69.0,28.1,2400.02048,0.852,0x0,30,2
2026-03-29T14:03:37.916989,60.6,67.2,28.1,2400.033792,0.852,0x0,25,2
2026-03-29T14:03:38.948703,61.15,69.0,28.3,2400.030464,0.852,0x0,25,4
2026-03-29T14:03:40.075421,62.25,68.2,28.4,2400.033792,0.852,0x0,25,3
2026-03-29T14:03:41.098895,60.6,66.8,28.4,2400.023808,0.852,0x0,25,1
2026-03-29T14:03:42.121983,61.15,67.9,28.4,2400.023808,0.852,0x0,25,1
2026-03-29T14:03:43.145179,61.7,69.0,28.1,2400.017408,0.852,0x0,25,1
2026-03-29T14:03:44.167757,61.15,68.0,28.3,2400.02048,0.852,0x0,27,
2026-03-29T14:03:45.188325,61.7,66.1,28.3,2400.033792,0.852,0x0,30,1
2026-03-29T14:03:46.211273,61.7,70.2,28.4,2400.027136,0.852,0x0,30,4
2026-03-29T14:03:47.238481,61.15,67.5,28.5,2400.033792,0.852,0x0,30,2
2026-03-29T14:03:48.350674,60.6,67.8,28.6,2400.030464,0.852,0x0,25,5
2026-03-29T14:03:49.381500,62.25,68.5,28.9,2400.03712,0.852,0x0,25,1
2026-03-29T14:03:50.403624,60.6,67.9,28.8,2400.027136,0.852,0x0,25,1
2026-03-29T14:03:51.423668,60.6,66.2,28.5,2400.02048,0.852,0x0,30,1
2026-03-29T14:03:52.451601,59.5,70.6,28.5,2400.027136,0.852,0x0,30,
2026-03-29T14:03:53.476209,60.6,68.3,28.5,2400.027136,0.852,0x0,30,1
2026-03-29T14:03:54.498554,62.25,66.8,28.6,2400.033792,0.852,0x0,25,3
2026-03-29T14:03:55.524372,61.15,67.9,28.8,2400.02048,0.852,0x0,27,
2026-03-29T14:03:56.554298,61.15,72.8,28.9,2400.02048,0.852,0x0,25,2
2026-03-29T14:03:57.575885,60.6,68.6,29.1,2400.033792,0.852,0x0,26,
2026-03-29T14:03:58.599602,60.6,70.1,29.2,2400.033792,0.852,0x0,25,2
2026-03-29T14:03:59.620742,61.15,67.7,28.9,2400.02048,0.852,0x0,25,2
2026-03-29T14:04:00.643081,61.15,67.3,28.9,2400.030464,0.852,0x0,30,1
2026-03-29T14:04:01.672558,61.15,68.9,28.8,2400.03712,0.852,0x0,27,6
2026-03-29T14:04:02.703600,59.5,68.1,28.9,2400.027136,0.852,0x0,25,2
2026-03-29T14:04:03.724601,62.25,67.8,28.6,2400.030464,0.852,0x0,25,2
2026-03-29T14:04:04.750116,60.6,68.1,28.8,2400.030464,0.852,0x0,25,1
2026-03-29T14:04:05.771713,61.7,68.8,28.9,2400.023808,0.852,0x0,30,
2026-03-29T14:04:06.793744,61.7,68.5,28.9,2400.033792,0.852,0x0,30,4
2026-03-29T14:04:07.814501,61.7,68.4,28.8,2400.033792,0.852,0x0,30,1
2026-03-29T14:04:08.842642,61.7,68.7,28.6,2400.033792,0.852,0x0,26,
2026-03-29T14:04:09.869803,58.95,67.6,28.5,2400.02048,0.852,0x0,25,1
2026-03-29T14:04:10.899652,60.05,68.1,28.6,2400.033792,0.852,0x0,25,2
2026-03-29T14:04:11.925349,61.15,68.3,28.6,2400.033792,0.852,0x0,30,1
2026-03-29T14:04:12.947643,60.6,67.8,28.6,2400.023808,0.852,0x0,25,3
2026-03-29T14:04:13.969502,62.25,68.6,28.5,2400.030464,0.852,0x0,30,6
2026-03-29T14:04:14.993190,61.7,67.3,28.3,2400.027136,0.852,0x0,26,4
2026-03-29T14:04:16.018430,61.7,66.6,28.2,2400.033792,0.852,0x0,30,
2026-03-29T14:04:17.048447,61.15,68.3,28.2,2400.030464,0.852,0x0,30,2
2026-03-29T14:04:18.073156,62.25,72.2,28.1,2400.033792,0.852,0x0,25,3
2026-03-29T14:04:19.095588,59.5,69.0,28.2,2400.03712,0.852,0x0,25,3
2026-03-29T14:04:20.119520,62.8,67.2,28.2,2400.033792,0.852,0x0,25,1
2026-03-29T14:04:21.140552,61.7,68.7,28.2,2400.02048,0.852,0x0,28,
2026-03-29T14:04:22.265081,62.25,67.9,28.1,2400.033792,0.852,0x0,25,3
2026-03-29T14:04:23.393687,62.25,69.2,28.1,2400.03712,0.852,0x0,30,
2026-03-29T14:04:24.417567,60.6,69.2,28.2,2400.033792,0.852,0x0,25,6
2026-03-29T14:04:25.446134,60.6,67.6,28.2,2400.02048,0.852,0x0,25,1
2026-03-29T14:04:26.473527,62.8,68.2,28.3,2400.030464,0.852,0x0,30,3
2026-03-29T14:04:27.495589,60.6,73.9,28.2,2400.027136,0.852,0x0,30,1
2026-03-29T14:04:28.515500,61.15,68.6,28.1,2400.023808,0.852,0x0,25,3
2026-03-29T14:04:29.544917,61.7,67.3,28.2,2400.033792,0.852,0x0,25,2
2026-03-29T14:04:30.573427,61.7,67.6,28.0,2400.027136,0.852,0x0,30,3
2026-03-29T14:04:31.597531,60.6,68.2,28.0,2400.023808,0.852,0x0,25,1
2026-03-29T14:04:32.621024,61.7,67.1,28.1,2400.030464,0.852,0x0,26,4
2026-03-29T14:04:33.647590,61.15,68.2,28.3,2400.023808,0.852,0x0,30,2
2026-03-29T14:04:34.670019,60.05,67.2,28.2,2400.027136,0.852,0x0,25,3
2026-03-29T14:04:35.692741,61.7,68.9,28.3,2400.017408,0.852,0x0,30,
2026-03-29T14:04:36.719752,60.6,70.1,28.4,2400.033792,0.852,0x0,26,1
2026-03-29T14:04:37.743464,62.25,67.1,28.5,2400.033792,0.852,0x0,30,
2026-03-29T14:04:38.775611,61.7,72.3,28.5,2400.027136,0.852,0x0,26,
2026-03-29T14:04:39.801507,59.5,68.6,28.3,2400.023808,0.852,0x0,25,1
2026-03-29T14:04:40.827688,60.05,68.7,28.4,2400.02048,0.852,0x0,28,1
2026-03-29T14:04:41.850066,60.6,68.9,28.4,2400.017408,0.852,0x0,30,8
2026-03-29T14:04:42.879932,60.6,70.7,28.2,2400.02048,0.852,0x0,25,2
2026-03-29T14:04:43.907035,60.05,68.8,28.4,2400.027136,0.852,0x0,30,1
2026-03-29T14:04:44.932677,60.6,67.3,28.5,2400.030464,0.852,0x0,25,2
2026-03-29T14:04:45.959453,61.7,67.6,28.5,2400.033792,0.852,0x0,25,2
2026-03-29T14:04:46.978646,61.7,68.5,28.7,2400.033792,0.852,0x0,26,
2026-03-29T14:04:48.002290,60.05,69.7,28.8,2400.017408,0.852,0x0,27,5
2026-03-29T14:04:49.027062,60.6,69.3,28.6,2400.023808,0.852,0x0,26,1
2026-03-29T14:04:50.050555,61.7,67.7,28.6,2400.027136,0.852,0x0,25,1
2026-03-29T14:04:51.071617,60.05,67.9,28.4,2400.030464,0.852,0x0,25,3
2026-03-29T14:04:52.105521,62.25,68.4,28.3,2400.02048,0.852,0x0,25,3
2026-03-29T14:04:53.128700,60.6,69.8,28.2,2400.027136,0.852,0x0,25,2
2026-03-29T14:04:54.150974,61.7,72.5,28.5,2400.033792,0.852,0x0,31,2
2026-03-29T14:04:55.175803,60.05,66.8,28.7,2400.033792,0.852,0x0,25,4
2026-03-29T14:04:56.200275,60.6,68.7,29.2,2400.030464,0.852,0x0,25,1
2026-03-29T14:04:57.227614,60.6,68.5,29.3,2400.030464,0.852,0x0,25,4
2026-03-29T14:04:58.254100,62.25,69.3,29.0,2400.03712,0.852,0x0,30,4
2026-03-29T14:04:59.281231,60.6,67.1,28.9,2400.027136,0.852,0x0,30,
2026-03-29T14:05:00.304411,61.15,67.9,28.6,2400.02048,0.852,0x0,26,1
2026-03-29T14:05:01.327595,60.05,66.9,28.4,2400.027136,0.852,0x0,28,
2026-03-29T14:05:02.357767,60.05,68.7,28.8,2400.027136,0.852,0x0,30,
2026-03-29T14:05:03.378912,61.15,67.8,28.8,2400.027136,0.852,0x0,30,2
2026-03-29T14:05:04.401805,60.05,68.8,28.8,2400.027136,0.852,0x0,25,1
2026-03-29T14:05:05.431921,60.6,69.8,28.9,2400.02048,0.852,0x0,25,2
2026-03-29T14:05:06.453598,60.6,67.3,28.9,2400.02048,0.852,0x0,30,1
2026-03-29T14:05:07.477580,59.5,68.7,28.8,2400.030464,0.852,0x0,30,5
2026-03-29T14:05:08.509434,61.15,68.7,28.7,2400.03712,0.852,0x0,25,3
2026-03-29T14:05:09.528284,60.05,67.9,28.7,2400.02048,0.852,0x0,25,3
2026-03-29T14:05:10.555056,60.05,67.0,28.6,2400.02048,0.852,0x0,25,3
2026-03-29T14:05:11.582047,61.7,67.3,28.8,2400.03712,0.852,0x0,30,1
2026-03-29T14:05:12.604354,60.05,67.1,28.9,2400.030464,0.852,0x0,30,
2026-03-29T14:05:13.637595,60.6,69.9,28.7,2400.023808,0.852,0x0,25,2
2026-03-29T14:05:14.671830,60.6,71.0,28.8,2400.03712,0.852,0x0,30,2
2026-03-29T14:05:15.697812,61.15,68.4,28.9,2400.017408,0.852,0x0,30,6
2026-03-29T14:05:16.720378,60.05,69.1,28.8,2400.02048,0.852,0x0,25,2
2026-03-29T14:05:17.742923,61.7,67.2,28.9,2400.027136,0.852,0x0,25,3
2026-03-29T14:05:18.775742,61.15,69.6,29.0,2400.033792,0.852,0x0,25,3
2026-03-29T14:05:19.796866,60.6,68.3,29.0,2400.02048,0.852,0x0,25,1
2026-03-29T14:05:20.823660,61.7,68.9,29.0,2400.030464,0.852,0x0,25,0
2026-03-29T14:05:21.842340,60.6,69.1,28.9,2400.023808,0.852,0x0,27,
2026-03-29T14:05:22.865614,60.05,67.7,28.7,2400.030464,0.852,0x0,30,1
2026-03-29T14:05:23.893234,61.15,69.0,28.8,2400.017408,0.852,0x0,25,1
2026-03-29T14:05:24.919143,60.05,67.6,28.6,2400.023808,0.852,0x0,25,1
2026-03-29T14:05:25.938616,60.05,67.6,28.6,2400.027136,0.852,0x0,30,1
2026-03-29T14:05:26.963638,58.95,67.7,28.4,2400.030464,0.852,0x0,30,1
2026-03-29T14:05:27.983275,59.5,67.9,28.4,2400.02048,0.852,0x0,30,7
2026-03-29T14:05:29.009146,60.05,67.3,28.2,2400.02048,0.852,0x0,30,2
2026-03-29T14:05:30.035525,60.05,68.8,28.3,2400.030464,0.852,0x0,25,1
2026-03-29T14:05:31.056998,60.05,68.9,28.4,2400.023808,0.852,0x0,25,4
2026-03-29T14:05:32.083468,60.05,68.0,28.6,2400.030464,0.852,0x0,25,1
2026-03-29T14:05:33.108584,61.7,68.4,28.8,2400.02048,0.852,0x0,31,2
2026-03-29T14:05:34.136160,60.05,69.5,29.0,2400.02048,0.852,0x0,25,1
2026-03-29T14:05:35.160329,60.6,67.9,29.2,2400.023808,0.852,0x0,25,0
2026-03-29T14:05:36.182797,60.05,69.2,29.2,2400.030464,0.852,0x0,25,1
2026-03-29T14:05:37.231091,60.05,72.2,29.2,2400.033792,0.852,0x0,25,1
2026-03-29T14:05:38.252053,60.05,67.6,29.2,2400.030464,0.852,0x0,30,1
2026-03-29T14:05:39.274287,60.6,69.1,29.2,2400.027136,0.852,0x0,25,3
2026-03-29T14:05:40.303446,59.5,69.1,29.1,2400.023808,0.852,0x0,30,3
2026-03-29T14:05:41.327560,60.05,68.4,29.0,2400.033792,0.852,0x0,25,3
2026-03-29T14:05:42.354698,58.95,67.7,29.2,2400.030464,0.852,0x0,25,2
2026-03-29T14:05:43.389419,60.05,67.3,29.5,2400.03712,0.852,0x0,28,
2026-03-29T14:05:44.421292,61.7,68.6,29.3,2400.023808,0.852,0x0,30,3
2026-03-29T14:05:45.446556,59.5,67.8,29.3,2400.02048,0.852,0x0,25,3
2026-03-29T14:05:46.557515,60.05,67.9,29.4,2400.030464,0.852,0x0,26,
2026-03-29T14:05:47.579597,61.7,68.5,29.4,2400.02048,0.852,0x0,25,2
2026-03-29T14:05:48.601930,60.05,68.0,29.3,2400.017408,0.852,0x0,25,3
2026-03-29T14:05:49.633049,60.05,69.1,29.1,2400.027136,0.852,0x0,30,4
2026-03-29T14:05:50.656040,59.5,68.4,28.7,2400.033792,0.852,0x0,30,1
2026-03-29T14:05:51.676637,60.05,68.5,28.6,2400.03712,0.852,0x0,25,3
2026-03-29T14:05:52.703611,60.6,67.4,28.7,2400.027136,0.852,0x0,30,2
2026-03-29T14:05:53.734398,61.7,67.1,28.7,2400.023808,0.852,0x0,30,2
2026-03-29T14:05:54.758682,60.05,67.8,28.8,2400.027136,0.852,0x0,29,
2026-03-29T14:05:55.790673,60.05,67.5,28.9,2400.030464,0.852,0x0,26,2
2026-03-29T14:05:56.813029,60.6,66.6,28.9,2400.030464,0.852,0x0,25,1
2026-03-29T14:05:57.842383,60.05,67.5,29.0,2400.027136,0.852,0x0,30,1
2026-03-29T14:05:58.871603,58.95,69.0,29.2,2400.033792,0.852,0x0,30,4
2026-03-29T14:05:59.914071,60.05,72.5,28.9,2400.03712,0.852,0x0,30,
2026-03-29T14:06:00.936029,61.15,67.6,29.0,2400.017408,0.852,0x0,25,2
2026-03-29T14:06:01.960332,61.15,68.0,29.1,2400.033792,0.852,0x0,30,0
2026-03-29T14:06:02.983579,60.6,68.5,29.1,2400.023808,0.852,0x0,27,
2026-03-29T14:06:04.006146,60.05,68.7,29.0,2400.03712,0.852,0x0,25,1
2026-03-29T14:06:05.031592,61.15,67.9,29.1,2400.033792,0.852,0x0,30,1
2026-03-29T14:06:06.050524,60.6,67.8,29.3,2400.027136,0.852,0x0,25,5
2026-03-29T14:06:07.076182,60.05,68.5,29.4,2400.027136,0.852,0x0,30,
2026-03-29T14:06:08.099570,61.15,68.2,29.4,2400.033792,0.852,0x0,30,1
2026-03-29T14:06:09.122997,61.7,68.1,29.4,2400.023808,0.852,0x0,25,3
2026-03-29T14:06:10.148819,59.5,68.5,29.3,2400.027136,0.852,0x0,30,1
2026-03-29T14:06:11.172487,58.4,68.5,29.2,2400.027136,0.852,0x0,25,2
2026-03-29T14:06:12.301825,60.05,68.5,29.0,2400.027136,0.852,0x0,25,1
2026-03-29T14:06:13.323335,60.05,68.1,28.9,2400.02048,0.852,0x0,28,
2026-03-29T14:06:14.346320,59.5,68.9,28.9,2400.033792,0.852,0x0,30,1
2026-03-29T14:06:15.373322,60.05,69.4,29.1,2400.02048,0.852,0x0,30,5
2026-03-29T14:06:16.397018,58.95,68.3,29.2,2400.023808,0.852,0x0,30,3
2026-03-29T14:06:17.422828,59.5,69.3,29.2,2400.017408,0.852,0x0,30,1
2026-03-29T14:06:18.458324,59.5,67.7,28.9,2400.03712,0.852,0x0,28,6
2026-03-29T14:06:19.476679,60.6,67.7,29.0,2400.02048,0.852,0x0,27,
2026-03-29T14:06:20.499648,59.5,71.8,29.1,2400.033792,0.852,0x0,25,3
2026-03-29T14:06:21.530541,60.6,69.1,29.1,2400.030464,0.852,0x0,26,
2026-03-29T14:06:22.552237,59.5,69.1,29.2,2400.027136,0.852,0x0,25,2
2026-03-29T14:06:23.575662,58.95,66.2,29.1,2400.023808,0.852,0x0,26,6
2026-03-29T14:06:24.600239,60.05,69.2,29.0,2400.027136,0.852,0x0,26,
2026-03-29T14:06:25.623725,59.5,69.9,29.0,2400.02048,0.852,0x0,30,1
2026-03-29T14:06:26.651678,60.6,66.6,28.9,2400.023808,0.852,0x0,25,2
2026-03-29T14:06:27.684247,58.95,68.3,29.0,2400.033792,0.852,0x0,25,1
2026-03-29T14:06:28.707089,60.05,68.5,28.9,2400.033792,0.852,0x0,30,1
2026-03-29T14:06:29.728106,60.6,68.3,29.0,2400.027136,0.852,0x0,25,2
2026-03-29T14:06:30.750541,60.05,67.5,29.1,2400.023808,0.852,0x0,30,
2026-03-29T14:06:31.837203,59.5,67.5,29.0,2400.02048,0.852,0x0,30,2
2026-03-29T14:06:32.860316,60.05,67.2,29.0,2400.03712,0.852,0x0,25,3
2026-03-29T14:06:33.889816,61.15,67.9,28.9,2400.033792,0.852,0x0,25,1
2026-03-29T14:06:34.914388,60.6,68.7,29.0,2400.027136,0.852,0x0,30,1
2026-03-29T14:06:35.936308,60.6,68.1,29.0,2400.033792,0.852,0x0,25,2
2026-03-29T14:06:36.954361,60.05,68.1,28.9,2400.023808,0.852,0x0,25,2
2026-03-29T14:06:37.977965,60.05,68.3,28.8,2400.02048,0.852,0x0,30,3
2026-03-29T14:06:39.000721,60.05,68.2,28.5,2400.017408,0.852,0x0,25,1
2026-03-29T14:06:40.024338,59.5,70.0,28.6,2400.033792,0.852,0x0,30,1
2026-03-29T14:06:41.047663,60.05,68.6,28.5,2400.023808,0.852,0x0,25,3
2026-03-29T14:06:42.079659,61.15,72.3,28.6,2400.017408,0.852,0x0,30,1
2026-03-29T14:06:43.207877,60.05,67.3,28.7,2400.033792,0.852,0x0,30,1
2026-03-29T14:06:44.229533,60.05,67.5,28.6,2400.033792,0.852,0x0,25,3
2026-03-29T14:06:45.253146,59.5,69.1,28.9,2400.027136,0.852,0x0,26,
2026-03-29T14:06:46.275180,58.95,68.0,28.5,2400.033792,0.852,0x0,30,5
2026-03-29T14:06:47.299676,58.95,68.2,28.9,2400.02048,0.852,0x0,25,1
2026-03-29T14:06:48.319843,61.7,68.2,28.9,2400.030464,0.852,0x0,25,3
2026-03-29T14:06:49.346204,60.6,68.5,29.0,2400.02048,0.852,0x0,25,2
2026-03-29T14:06:50.369703,59.5,67.6,29.0,2400.027136,0.852,0x0,25,2
2026-03-29T14:06:51.390652,60.05,68.9,29.0,2400.023808,0.852,0x0,30,1
2026-03-29T14:06:52.414148,60.05,67.7,28.9,2400.03712,0.852,0x0,30,2
2026-03-29T14:06:53.442740,58.95,64.7,28.8,2400.03712,0.852,0x0,25,1
2026-03-29T14:06:54.465966,58.95,68.1,28.6,2400.023808,0.852,0x0,28,3
2026-03-29T14:06:55.494017,59.5,71.6,28.6,2400.030464,0.852,0x0,25,2
2026-03-29T14:06:56.518058,58.95,74.9,28.7,2400.027136,0.852,0x0,27,
2026-03-29T14:06:57.547065,59.5,69.6,28.7,2400.033792,0.852,0x0,25,3
2026-03-29T14:06:58.580674,61.15,71.6,28.9,2400.033792,0.852,0x0,30,1
2026-03-29T14:06:59.602857,60.6,66.2,29.1,2400.030464,0.852,0x0,30,1
2026-03-29T14:07:00.625718,60.6,68.4,28.9,2400.027136,0.852,0x0,25,3
2026-03-29T14:07:01.658401,59.5,67.2,29.0,2400.030464,0.852,0x0,30,3
2026-03-29T14:07:02.678873,58.95,67.0,29.0,2400.030464,0.852,0x0,25,1
2026-03-29T14:07:03.697907,59.5,66.2,28.9,2400.027136,0.852,0x0,25,4
2026-03-29T14:07:04.725641,58.95,68.0,28.8,2400.02048,0.852,0x0,25,1
2026-03-29T14:07:05.749789,59.5,68.1,28.7,2400.030464,0.852,0x0,25,1
2026-03-29T14:07:06.768913,60.05,68.4,28.5,2400.033792,0.852,0x0,25,1
2026-03-29T14:07:07.793109,59.5,67.8,28.6,2400.027136,0.852,0x0,29,
2026-03-29T14:07:08.814064,60.6,68.6,28.6,2400.023808,0.852,0x0,30,
2026-03-29T14:07:09.840485,60.6,73.1,28.6,2400.027136,0.852,0x0,30,1
2026-03-29T14:07:10.967990,58.95,68.0,28.5,2400.02048,0.852,0x0,25,3
2026-03-29T14:07:11.991925,58.95,66.2,28.4,2400.027136,0.852,0x0,25,1
2026-03-29T14:07:13.014838,59.5,71.1,28.5,2400.03712,0.852,0x0,25,1
2026-03-29T14:07:14.048379,58.95,69.0,28.3,2400.030464,0.852,0x0,30,2
2026-03-29T14:07:15.075650,58.95,67.7,28.5,2400.027136,0.852,0x0,25,1
2026-03-29T14:07:16.096996,58.95,67.1,28.7,2400.030464,0.852,0x0,30,9
2026-03-29T14:07:17.122682,59.5,68.2,28.7,2400.030464,0.852,0x0,25,3
2026-03-29T14:07:18.143584,60.05,66.5,28.7,2400.03712,0.852,0x0,30,3
2026-03-29T14:07:19.164898,59.5,67.5,28.8,2400.033792,0.852,0x0,26,
2026-03-29T14:07:20.197239,59.5,68.6,29.1,2400.033792,0.852,0x0,25,2
2026-03-29T14:07:21.223643,58.95,69.3,29.1,2400.023808,0.852,0x0,28,6
2026-03-29T14:07:22.242676,59.5,68.2,29.0,2400.030464,0.852,0x0,25,3
2026-03-29T14:07:23.262975,59.5,66.7,29.1,2400.023808,0.852,0x0,25,1
2026-03-29T14:07:24.291450,60.05,67.7,29.2,2400.030464,0.852,0x0,30,
2026-03-29T14:07:25.321659,60.6,67.6,29.2,2400.02048,0.852,0x0,30,7
2026-03-29T14:07:26.349898,59.5,66.3,29.2,2400.027136,0.852,0x0,25,2
2026-03-29T14:07:27.372802,58.4,68.0,29.0,2400.03712,0.852,0x0,30,2
2026-03-29T14:07:28.399589,60.6,69.0,28.8,2400.02048,0.852,0x0,30,2
2026-03-29T14:07:29.423849,59.5,67.3,28.7,2400.027136,0.852,0x0,25,1
2026-03-29T14:07:30.445202,59.5,66.8,28.7,2400.030464,0.852,0x0,25,4
2026-03-29T14:07:31.470493,60.6,67.7,28.6,2400.033792,0.852,0x0,30,3
2026-03-29T14:07:32.495633,60.05,67.3,28.7,2400.03712,0.852,0x0,25,2
2026-03-29T14:07:33.523034,60.6,68.2,28.7,2400.02048,0.852,0x0,29,4
2026-03-29T14:07:34.551077,59.5,66.1,28.8,2400.02048,0.852,0x0,25,4
2026-03-29T14:07:35.580659,59.5,67.7,29.0,2400.023808,0.852,0x0,27,
2026-03-29T14:07:36.600020,60.6,68.4,29.2,2400.030464,0.852,0x0,30,4
2026-03-29T14:07:37.631160,58.95,67.2,29.0,2400.023808,0.852,0x0,30,1
2026-03-29T14:07:38.659170,58.95,67.7,28.9,2400.030464,0.852,0x0,30,3
2026-03-29T14:07:39.691018,60.05,68.4,29.0,2400.02048,0.852,0x0,25,2
2026-03-29T14:07:40.715678,59.5,67.3,29.0,2400.027136,0.852,0x0,30,1
2026-03-29T14:07:41.741196,58.4,67.9,28.9,2400.02048,0.852,0x0,25,1
2026-03-29T14:07:42.769233,59.5,66.8,28.6,2400.033792,0.852,0x0,30,1
2026-03-29T14:07:43.790261,58.95,68.4,28.6,2400.027136,0.852,0x0,26,4
2026-03-29T14:07:44.815288,60.6,68.0,28.5,2400.023808,0.852,0x0,30,2
2026-03-29T14:07:45.841464,59.5,68.3,28.5,2400.030464,0.852,0x0,30,5
2026-03-29T14:07:46.865936,59.5,68.3,28.2,2400.023808,0.852,0x0,29,
2026-03-29T14:07:47.890144,60.05,68.9,28.4,2400.02048,0.852,0x0,29,
2026-03-29T14:07:48.909633,59.5,67.9,28.5,2400.03712,0.852,0x0,30,2
2026-03-29T14:07:49.931160,58.95,68.1,28.5,2400.03712,0.852,0x0,30,1
2026-03-29T14:07:50.956353,60.6,67.2,28.4,2400.033792,0.852,0x0,30,
2026-03-29T14:07:51.983602,58.95,69.3,28.5,2400.030464,0.852,0x0,27,
2026-03-29T14:07:53.005309,59.5,67.5,28.3,2400.023808,0.852,0x0,25,3
2026-03-29T14:07:54.029788,60.05,67.6,28.4,2400.02048,0.852,0x0,26,
2026-03-29T14:07:55.056239,59.5,68.1,28.6,2400.030464,0.852,0x0,26,1
2026-03-29T14:07:56.076394,60.05,67.1,28.6,2400.023808,0.852,0x0,25,3
2026-03-29T14:07:57.101186,58.95,72.5,28.7,2400.027136,0.852,0x0,25,1
2026-03-29T14:07:58.121689,59.5,67.9,28.7,2400.027136,0.852,0x0,30,1
2026-03-29T14:07:59.143435,58.4,68.0,28.7,2400.03712,0.852,0x0,30,
2026-03-29T14:08:00.166643,58.95,67.0,28.7,2400.027136,0.852,0x0,30,1
2026-03-29T14:08:01.187368,58.95,67.9,28.7,2400.033792,0.852,0x0,30,8
2026-03-29T14:08:02.209923,58.95,67.8,28.8,2400.03712,0.852,0x0,25,1
2026-03-29T14:08:03.227857,60.05,67.7,29.0,2400.023808,0.852,0x0,29,4
2026-03-29T14:08:04.249551,60.05,68.7,28.5,2400.023808,0.852,0x0,25,2
2026-03-29T14:08:05.274292,60.05,68.7,28.5,2400.027136,0.852,0x0,30,1
2026-03-29T14:08:06.306628,60.05,67.7,28.5,2400.023808,0.852,0x0,25,3
2026-03-29T14:08:07.328393,59.5,67.8,28.5,2400.033792,0.852,0x0,27,6
2026-03-29T14:08:08.349416,60.05,67.3,28.4,2400.030464,0.852,0x0,25,1
2026-03-29T14:08:09.371847,58.95,69.0,28.2,2400.033792,0.852,0x0,25,1
2026-03-29T14:08:10.395708,59.5,66.8,28.4,2400.027136,0.852,0x0,30,9
2026-03-29T14:08:11.417543,58.95,67.8,28.6,2400.030464,0.852,0x0,30,2
2026-03-29T14:08:12.537812,58.95,67.4,28.4,2400.033792,0.852,0x0,30,
2026-03-29T14:08:13.560584,59.5,68.6,28.6,2400.023808,0.852,0x0,30,2
2026-03-29T14:08:14.588567,59.5,68.4,28.7,2400.030464,0.852,0x0,30,1
2026-03-29T14:08:15.716818,58.95,66.8,28.8,2400.023808,0.852,0x0,25,2
2026-03-29T14:08:16.739591,59.5,67.7,29.1,2400.023808,0.852,0x0,30,2
2026-03-29T14:08:17.766031,58.95,67.3,29.3,2400.033792,0.852,0x0,30,1
2026-03-29T14:08:18.789418,58.95,69.1,28.9,2400.033792,0.852,0x0,30,
2026-03-29T14:08:19.818890,59.5,67.1,28.8,2400.03712,0.852,0x0,30,2
2026-03-29T14:08:20.841565,58.95,68.0,28.9,2400.023808,0.852,0x0,26,
2026-03-29T14:08:21.863434,58.95,67.7,28.8,2400.027136,0.852,0x0,25,3
2026-03-29T14:08:22.888315,60.6,67.5,28.8,2400.030464,0.852,0x0,26,3
2026-03-29T14:08:23.911307,59.5,68.3,28.8,2400.023808,0.852,0x0,30,2
2026-03-29T14:08:24.933457,58.4,67.8,29.0,2400.03712,0.852,0x0,25,4
2026-03-29T14:08:25.960152,58.95,67.8,29.0,2400.030464,0.852,0x0,26,
2026-03-29T14:08:26.982295,60.6,66.8,29.0,2400.030464,0.852,0x0,29,7
2026-03-29T14:08:28.004877,59.5,67.9,29.0,2400.030464,0.852,0x0,25,0
2026-03-29T14:08:29.034073,58.95,68.0,28.9,2400.023808,0.852,0x0,30,
2026-03-29T14:08:30.055483,61.15,68.6,29.0,2400.033792,0.852,0x0,25,1
2026-03-29T14:08:31.080894,58.95,67.1,29.0,2400.023808,0.852,0x0,25,2
2026-03-29T14:08:32.101697,60.05,67.4,29.0,2400.030464,0.852,0x0,25,3
2026-03-29T14:08:33.125978,57.85,67.4,28.9,2400.027136,0.852,0x0,30,1
2026-03-29T14:08:34.150288,59.5,66.7,29.0,2400.017408,0.852,0x0,30,2
2026-03-29T14:08:35.216069,59.5,67.5,29.1,2400.027136,0.852,0x0,25,1
2026-03-29T14:08:36.244520,58.95,68.4,29.1,2400.02048,0.852,0x0,30,
2026-03-29T14:08:37.271764,60.05,67.8,29.3,2400.030464,0.852,0x0,30,
2026-03-29T14:08:38.302070,58.95,67.9,29.1,2400.027136,0.852,0x0,26,
2026-03-29T14:08:39.323593,60.05,68.1,29.0,2400.027136,0.852,0x0,30,3
2026-03-29T14:08:40.344767,60.6,68.2,29.0,2400.02048,0.852,0x0,26,3
2026-03-29T14:08:41.368860,58.95,69.6,28.9,2400.030464,0.852,0x0,25,0
2026-03-29T14:08:42.387126,60.6,67.8,29.0,2400.03712,0.852,0x0,25,3
2026-03-29T14:08:43.406328,59.5,70.9,28.8,2400.033792,0.852,0x0,25,2
2026-03-29T14:08:44.436424,59.5,67.2,28.7,2400.030464,0.852,0x0,25,1
2026-03-29T14:08:45.456651,58.95,67.3,28.6,2400.023808,0.852,0x0,30,2
2026-03-29T14:08:46.485784,58.95,66.9,28.5,2400.027136,0.852,0x0,26,3
2026-03-29T14:08:47.522128,59.5,68.0,28.2,2400.02048,0.852,0x0,25,4
2026-03-29T14:08:48.546102,58.95,67.0,28.3,2400.033792,0.852,0x0,30,2
2026-03-29T14:08:49.570293,57.85,66.6,28.6,2400.02048,0.852,0x0,25,4
2026-03-29T14:08:50.598069,58.95,67.9,28.6,2400.023808,0.852,0x0,25,2
2026-03-29T14:08:51.619352,58.95,67.5,28.8,2400.03712,0.852,0x0,25,1
2026-03-29T14:08:52.643638,58.95,67.2,29.0,2400.030464,0.852,0x0,25,1
2026-03-29T14:08:53.676570,58.95,69.1,29.0,2400.033792,0.852,0x0,25,0
2026-03-29T14:08:54.699578,60.05,68.3,28.9,2400.033792,0.852,0x0,30,6
2026-03-29T14:08:55.728032,58.95,65.8,28.7,2400.023808,0.852,0x0,31,4
2026-03-29T14:08:56.750772,60.05,68.5,28.9,2400.027136,0.852,0x0,26,3
2026-03-29T14:08:57.776203,60.6,66.8,28.9,2400.02048,0.852,0x0,25,2
2026-03-29T14:08:58.797908,59.5,68.0,28.8,2400.023808,0.852,0x0,30,
2026-03-29T14:08:59.826576,59.5,67.9,28.9,2400.023808,0.852,0x0,29,7
2026-03-29T14:09:00.849976,60.05,66.8,28.9,2400.03712,0.852,0x0,25,1
2026-03-29T14:09:01.876934,57.85,68.1,29.0,2400.02048,0.852,0x0,25,1
2026-03-29T14:09:02.899281,59.5,68.1,28.9,2400.033792,0.852,0x0,30,4
2026-03-29T14:09:03.924499,59.5,67.5,28.9,2400.03712,0.852,0x0,25,3
2026-03-29T14:09:04.951669,60.6,69.3,28.7,2400.033792,0.852,0x0,28,
2026-03-29T14:09:05.975915,60.05,67.4,28.5,2400.02048,0.852,0x0,25,3
2026-03-29T14:09:07.001187,57.85,66.8,28.4,2400.033792,0.852,0x0,30,2
2026-03-29T14:09:08.024785,58.95,66.7,28.4,2400.02048,0.852,0x0,25,2
2026-03-29T14:09:09.047683,58.4,68.1,28.5,2400.027136,0.852,0x0,30,4
2026-03-29T14:09:10.070946,58.4,66.7,28.6,2400.02048,0.852,0x0,30,2
2026-03-29T14:09:11.096968,58.4,68.1,28.6,2400.02048,0.852,0x0,25,4
2026-03-29T14:09:12.129386,60.6,69.4,28.8,2400.027136,0.852,0x0,25,1
2026-03-29T14:09:13.157697,58.95,68.6,28.8,2400.030464,0.852,0x0,25,1
2026-03-29T14:09:14.182651,58.95,67.7,28.5,2400.02048,0.852,0x0,25,2
2026-03-29T14:09:15.205921,60.05,68.2,28.7,2400.030464,0.852,0x0,25,2
2026-03-29T14:09:16.235181,58.4,66.7,28.7,2400.030464,0.852,0x0,25,3
2026-03-29T14:09:17.261691,60.05,67.3,28.7,2400.030464,0.852,0x0,25,1
2026-03-29T14:09:18.281784,59.5,67.4,29.0,2400.027136,0.852,0x0,30,3
2026-03-29T14:09:19.304809,60.6,67.0,29.0,2400.02048,0.852,0x0,30,1
2026-03-29T14:09:20.327819,59.5,66.4,29.2,2400.033792,0.852,0x0,26,4
2026-03-29T14:09:21.361076,58.95,67.8,29.0,2400.023808,0.852,0x0,25,2
2026-03-29T14:09:22.382120,60.05,68.6,28.8,2400.02048,0.852,0x0,30,3
2026-03-29T14:09:23.402457,58.95,68.8,28.9,2400.033792,0.852,0x0,25,3
2026-03-29T14:09:24.427218,59.5,67.1,29.0,2400.030464,0.852,0x0,25,2
2026-03-29T14:09:25.451587,60.05,69.0,29.1,2400.023808,0.852,0x0,30,1
2026-03-29T14:09:26.478845,58.95,67.5,29.3,2400.030464,0.852,0x0,25,2
2026-03-29T14:09:27.592468,59.5,68.1,29.4,2400.023808,0.852,0x0,30,4
2026-03-29T14:09:28.613722,58.95,67.9,29.4,2400.02048,0.852,0x0,30,3
2026-03-29T14:09:29.637332,60.05,67.3,29.2,2400.023808,0.852,0x0,26,
2026-03-29T14:09:30.671674,58.95,71.3,29.1,2400.033792,0.852,0x0,25,3
2026-03-29T14:09:31.699260,59.5,68.2,29.1,2400.027136,0.852,0x0,25,1
2026-03-29T14:09:32.722790,58.95,67.5,29.2,2400.023808,0.852,0x0,25,2
2026-03-29T14:09:33.750297,58.95,68.2,29.3,2400.033792,0.852,0x0,29,4
2026-03-29T14:09:34.771150,58.4,68.3,29.3,2400.023808,0.852,0x0,30,2
2026-03-29T14:09:35.797744,60.05,66.8,29.2,2400.033792,0.852,0x0,27,
2026-03-29T14:09:36.822329,60.05,68.6,29.0,2400.023808,0.852,0x0,30,1
2026-03-29T14:09:37.843268,58.95,68.3,28.9,2400.023808,0.852,0x0,25,2
2026-03-29T14:09:38.869733,58.95,68.2,28.9,2400.023808,0.852,0x0,25,2
2026-03-29T14:09:39.894313,58.95,67.7,28.9,2400.027136,0.852,0x0,30,1
2026-03-29T14:09:40.923369,57.3,68.8,28.9,2400.023808,0.852,0x0,30,3
2026-03-29T14:09:41.953028,58.95,70.0,28.7,2400.027136,0.852,0x0,30,3
2026-03-29T14:09:42.977329,60.05,68.4,28.7,2400.030464,0.852,0x0,25,3
2026-03-29T14:09:44.002509,59.5,67.6,28.7,2400.027136,0.852,0x0,25,1
2026-03-29T14:09:45.021812,59.5,68.6,28.5,2400.027136,0.852,0x0,25,1
2026-03-29T14:09:46.041564,60.6,68.0,28.5,2400.033792,0.852,0x0,30,
2026-03-29T14:09:47.063675,60.05,67.1,28.5,2400.027136,0.852,0x0,25,3
2026-03-29T14:09:48.089364,59.5,67.9,28.4,2400.02048,0.852,0x0,30,
2026-03-29T14:09:49.112017,58.4,70.5,28.5,2400.03712,0.852,0x0,30,1
2026-03-29T14:09:50.233027,58.4,66.8,28.4,2400.033792,0.852,0x0,30,
2026-03-29T14:09:51.257622,58.95,67.1,28.3,2400.030464,0.852,0x0,25,3
2026-03-29T14:09:52.285139,61.15,68.1,28.2,2400.02048,0.852,0x0,25,1
2026-03-29T14:09:53.308819,61.15,69.1,28.1,2400.023808,0.852,0x0,30,
2026-03-29T14:09:54.336262,60.05,70.2,28.2,2400.027136,0.852,0x0,25,2
2026-03-29T14:09:55.364374,58.95,68.2,28.2,2400.027136,0.852,0x0,25,1
2026-03-29T14:09:56.391147,58.95,69.6,28.2,2400.033792,0.852,0x0,25,1
2026-03-29T14:09:57.411979,58.95,68.4,28.3,2400.023808,0.852,0x0,25,4
2026-03-29T14:09:58.444130,58.95,68.5,28.3,2400.033792,0.852,0x0,25,3
2026-03-29T14:09:59.473336,58.95,67.5,28.5,2400.03712,0.852,0x0,29,7
2026-03-29T14:10:00.499415,59.5,68.0,28.7,2400.033792,0.852,0x0,25,3
2026-03-29T14:10:01.525512,59.5,67.4,28.6,2400.03712,0.852,0x0,25,3
2026-03-29T14:10:02.550665,59.5,67.3,28.5,2400.023808,0.852,0x0,30,8
2026-03-29T14:10:03.574284,60.6,67.3,28.5,2400.027136,0.852,0x0,30,5
2026-03-29T14:10:04.601190,58.4,68.0,28.5,2400.02048,0.852,0x0,26,
2026-03-29T14:10:05.627980,58.95,67.4,28.8,2400.03712,0.852,0x0,25,3
2026-03-29T14:10:06.657530,57.85,67.4,28.9,2400.030464,0.852,0x0,30,3
2026-03-29T14:10:07.683858,59.5,68.7,28.9,2400.02048,0.852,0x0,25,2
2026-03-29T14:10:08.704779,58.95,68.7,28.8,2400.030464,0.852,0x0,30,2
2026-03-29T14:10:09.731626,59.5,67.5,28.9,2400.017408,0.852,0x0,25,0
2026-03-29T14:10:10.753266,58.95,67.3,28.8,2400.023808,0.852,0x0,25,1
2026-03-29T14:10:11.773650,58.95,67.3,28.8,2400.023808,0.852,0x0,30,
2026-03-29T14:10:12.798394,59.5,68.2,28.7,2400.023808,0.852,0x0,25,3
2026-03-29T14:10:13.819675,59.5,68.7,28.8,2400.023808,0.852,0x0,30,8
2026-03-29T14:10:14.842409,58.95,68.8,28.7,2400.033792,0.852,0x0,30,
2026-03-29T14:10:15.864338,59.5,68.2,28.5,2400.02048,0.852,0x0,25,3
2026-03-29T14:10:16.894836,58.95,73.2,28.6,2400.02048,0.852,0x0,25,4
2026-03-29T14:10:17.916307,60.05,66.9,28.7,2400.02048,0.852,0x0,30,2
2026-03-29T14:10:18.943597,60.05,68.0,28.8,2400.030464,0.852,0x0,25,1
2026-03-29T14:10:19.967405,59.5,66.6,28.8,2400.033792,0.852,0x0,30,1
2026-03-29T14:10:20.991638,60.05,67.2,28.7,2400.033792,0.852,0x0,25,2
2026-03-29T14:10:22.012338,60.6,68.3,28.7,2400.033792,0.852,0x0,25,3
2026-03-29T14:10:23.042408,60.05,66.6,28.7,2400.027136,0.852,0x0,25,3
2026-03-29T14:10:24.064503,58.95,67.7,29.0,2400.02048,0.852,0x0,30,7
2026-03-29T14:10:25.169267,60.6,67.4,29.1,2400.02048,0.852,0x0,25,2
2026-03-29T14:10:26.191342,59.5,68.7,29.0,2400.033792,0.852,0x0,25,5
2026-03-29T14:10:27.218934,58.95,67.8,28.9,2400.027136,0.852,0x0,25,2
2026-03-29T14:10:28.237004,58.95,68.3,28.8,2400.030464,0.852,0x0,25,1
2026-03-29T14:10:29.258420,60.05,67.7,28.9,2400.023808,0.852,0x0,27,
2026-03-29T14:10:30.280980,58.95,68.4,28.5,2400.027136,0.852,0x0,25,2
2026-03-29T14:10:31.302632,59.5,66.9,28.3,2400.030464,0.852,0x0,30,8
2026-03-29T14:10:32.324938,58.4,68.2,28.4,2400.023808,0.852,0x0,25,3
2026-03-29T14:10:33.351491,58.95,67.8,28.7,2400.03712,0.852,0x0,25,3
2026-03-29T14:10:34.382023,57.85,67.2,28.6,2400.017408,0.852,0x0,29,
2026-03-29T14:10:35.404525,58.95,68.2,28.8,2400.017408,0.852,0x0,30,1
2026-03-29T14:10:36.425676,60.05,67.1,28.9,2400.02048,0.852,0x0,25,3
2026-03-29T14:10:37.449897,59.5,68.2,29.0,2400.017408,0.852,0x0,27,6
2026-03-29T14:10:38.472526,60.05,68.2,29.1,2400.030464,0.852,0x0,30,1
2026-03-29T14:10:39.492092,58.4,67.0,29.0,2400.02048,0.852,0x0,25,2
2026-03-29T14:10:40.517939,56.75,67.4,29.0,2400.02048,0.852,0x0,30,1
2026-03-29T14:10:41.543578,58.95,67.5,28.9,2400.027136,0.852,0x0,26,
2026-03-29T14:10:42.570281,57.85,68.0,29.0,2400.027136,0.852,0x0,26,
2026-03-29T14:10:43.591576,58.4,66.9,28.8,2400.03712,0.852,0x0,25,3
2026-03-29T14:10:44.614060,58.95,68.7,29.2,2400.03712,0.852,0x0,30,0
2026-03-29T14:10:45.633247,57.85,68.8,28.9,2400.027136,0.852,0x0,30,2
2026-03-29T14:10:46.654547,58.95,66.4,29.1,2400.03712,0.852,0x0,25,2
2026-03-29T14:10:47.687519,58.4,68.7,29.2,2400.027136,0.852,0x0,31,9
2026-03-29T14:10:48.710225,58.4,66.9,29.2,2400.027136,0.852,0x0,30,0
2026-03-29T14:10:49.734243,60.6,67.6,29.1,2400.027136,0.852,0x0,25,1
2026-03-29T14:10:50.762751,60.6,68.0,29.3,2400.03712,0.852,0x0,30,3
2026-03-29T14:10:51.785367,56.75,68.6,29.2,2400.02048,0.852,0x0,30,3
2026-03-29T14:10:52.809793,58.4,67.3,29.1,2400.030464,0.852,0x0,30,2
2026-03-29T14:10:53.830837,57.85,66.8,29.1,2400.030464,0.852,0x0,30,3
2026-03-29T14:10:54.854219,59.5,66.7,29.1,2400.023808,0.852,0x0,25,2
2026-03-29T14:10:55.874132,58.95,68.6,29.1,2400.03712,0.852,0x0,25,2
2026-03-29T14:10:56.895915,59.5,68.4,28.9,2400.030464,0.852,0x0,25,1
2026-03-29T14:10:57.922141,60.05,68.7,29.2,2400.03712,0.852,0x0,25,3
2026-03-29T14:10:58.944861,60.05,67.1,29.2,2400.027136,0.852,0x0,26,
2026-03-29T14:10:59.966259,58.95,68.2,29.1,2400.03712,0.852,0x0,25,3
2026-03-29T14:11:00.990484,58.95,67.7,29.3,2400.030464,0.852,0x0,25,1
2026-03-29T14:11:02.015384,58.95,67.6,29.3,2400.023808,0.852,0x0,25,1
2026-03-29T14:11:03.039681,60.6,67.9,29.2,2400.030464,0.852,0x0,30,3
2026-03-29T14:11:04.062070,60.05,71.2,28.9,2400.033792,0.852,0x0,25,1
2026-03-29T14:11:05.082180,59.5,68.8,28.9,2400.030464,0.852,0x0,30,1
2026-03-29T14:11:06.104873,60.6,67.4,28.6,2400.027136,0.852,0x0,25,2
2026-03-29T14:11:07.133794,59.5,69.2,28.5,2400.030464,0.852,0x0,26,
2026-03-29T14:11:08.155569,60.05,67.1,28.6,2400.033792,0.852,0x0,25,1
2026-03-29T14:11:09.183513,59.5,67.2,28.6,2400.023808,0.852,0x0,30,3
2026-03-29T14:11:10.209466,58.95,68.0,28.7,2400.027136,0.852,0x0,25,2
2026-03-29T14:11:11.232804,58.95,68.0,28.6,2400.030464,0.852,0x0,30,0
2026-03-29T14:11:12.259010,59.5,68.0,28.5,2400.033792,0.852,0x0,30,1
2026-03-29T14:11:13.282682,58.95,67.4,28.5,2400.033792,0.852,0x0,25,3
