timestamp,temperature_C,cpu_percent,memory_percent,cpu_freq_MHz,cpu_voltage_V,throttled_flags_hex,num_threads,running_threads
2026-03-26T15:21:45.670210,55.1,50.0,26.3,2400.033792,0.852,0x0,1,1
2026-03-26T15:21:46.687587,55.1,39.1,27.1,2400.02048,0.852,0x0,4,1
2026-03-26T15:21:47.704086,56.2,45.4,27.4,2400.023808,0.852,0x0,11,1
2026-03-26T15:21:48.720611,56.75,26.2,28.0,2400.027136,0.852,0x0,15,1
2026-03-26T15:21:49.736737,55.65,38.3,28.4,2400.030464,0.852,0x0,24,3
2026-03-26T15:21:50.780433,58.4,74.3,28.7,2400.030464,0.852,0x0,22,2
2026-03-26T15:21:51.805112,58.4,70.1,28.9,2400.033792,0.852,0x0,24,1
2026-03-26T15:21:52.833248,59.5,78.0,29.0,2400.027136,0.852,0x0,22,3
2026-03-26T15:21:53.863169,58.95,75.7,29.3,2400.030464,0.852,0x0,24,4
2026-03-26T15:21:54.888546,59.5,84.0,29.3,2400.027136,0.852,0x0,24,1
2026-03-26T15:21:55.918119,58.95,76.8,29.2,2400.030464,0.852,0x0,24,4
2026-03-26T15:21:56.944428,59.5,73.1,29.2,2400.023808,0.852,0x0,22,1
2026-03-26T15:21:57.976633,59.5,78.4,28.9,2400.030464,0.852,0x0,24,
2026-03-26T15:21:58.999796,61.15,75.4,29.0,2400.03712,0.852,0x0,23,
2026-03-26T15:22:00.022066,59.5,72.7,29.2,2400.027136,0.852,0x0,22,4
2026-03-26T15:22:01.056555,59.5,73.3,29.0,2400.023808,0.852,0x0,24,1
2026-03-26T15:22:02.079889,61.7,74.3,29.1,2400.033792,0.852,0x0,22,4
2026-03-26T15:22:03.109151,60.6,74.0,29.2,2400.023808,0.852,0x0,22,2
2026-03-26T15:22:04.132073,60.6,74.4,29.2,2400.027136,0.852,0x0,22,2
2026-03-26T15:22:05.165933,61.15,73.3,29.3,2400.023808,0.852,0x0,22,3
2026-03-26T15:22:06.190996,61.15,73.5,29.3,2400.023808,0.852,0x0,22,2
2026-03-26T15:22:07.222170,60.6,71.9,29.2,2400.027136,0.852,0x0,24,3
2026-03-26T15:22:08.250208,61.15,73.4,29.0,2400.027136,0.852,0x0,23,4
2026-03-26T15:22:09.275641,60.05,71.4,29.2,2400.033792,0.852,0x0,24,
2026-03-26T15:22:10.305315,60.6,72.6,29.0,2400.023808,0.852,0x0,24,6
2026-03-26T15:22:11.432204,58.95,70.9,28.8,2400.027136,0.852,0x0,22,2
2026-03-26T15:22:12.460494,61.15,72.0,28.9,2400.02048,0.852,0x0,22,3
2026-03-26T15:22:13.490945,59.5,74.3,28.9,2400.03712,0.852,0x0,22,2
2026-03-26T15:22:14.517976,58.95,77.8,29.0,2400.033792,0.852,0x0,24,3
2026-03-26T15:22:15.551680,60.6,73.3,28.8,2400.023808,0.852,0x0,24,3
2026-03-26T15:22:16.576755,61.15,73.4,28.9,2400.02048,0.852,0x0,24,3
2026-03-26T15:22:17.605260,60.6,69.8,29.0,2400.03712,0.852,0x0,23,4
2026-03-26T15:22:18.631682,61.15,75.2,29.0,2400.030464,0.852,0x0,24,
2026-03-26T15:22:19.664762,60.6,76.1,29.0,2400.023808,0.852,0x0,24,
2026-03-26T15:22:20.791078,61.7,71.8,29.0,2400.03712,0.852,0x0,24,
2026-03-26T15:22:21.816158,60.05,73.4,28.8,2400.030464,0.852,0x0,22,4
2026-03-26T15:22:22.838142,61.15,71.8,28.9,2400.027136,0.852,0x0,24,1
2026-03-26T15:22:23.866571,62.8,77.3,29.1,2400.02048,0.852,0x0,22,1
2026-03-26T15:22:24.888601,60.6,72.3,29.1,2400.02048,0.852,0x0,24,
2026-03-26T15:22:25.912048,62.25,77.2,28.8,2400.023808,0.852,0x0,22,3
2026-03-26T15:22:26.939936,60.6,73.9,29.2,2400.030464,0.852,0x0,22,1
2026-03-26T15:22:27.966106,62.25,70.0,29.1,2400.027136,0.852,0x0,23,2
2026-03-26T15:22:28.988615,61.7,73.6,28.9,2400.027136,0.852,0x0,22,1
2026-03-26T15:22:30.016050,62.25,73.4,28.9,2400.030464,0.852,0x0,24,3
2026-03-26T15:22:31.036364,61.15,78.4,29.0,2400.030464,0.852,0x0,22,3
2026-03-26T15:22:32.063050,60.6,71.4,29.1,2400.027136,0.852,0x0,22,3
2026-03-26T15:22:33.103315,61.15,73.0,29.1,2400.023808,0.852,0x0,22,1
2026-03-26T15:22:34.123125,61.15,72.8,29.2,2400.023808,0.852,0x0,22,1
2026-03-26T15:22:35.147644,61.7,73.0,29.2,2400.03712,0.852,0x0,24,4
2026-03-26T15:22:36.176859,62.25,72.7,29.1,2400.033792,0.852,0x0,22,2
2026-03-26T15:22:37.304172,61.15,70.9,29.0,2400.030464,0.852,0x0,22,1
2026-03-26T15:22:38.324503,61.15,73.8,29.2,2400.03712,0.852,0x0,24,1
2026-03-26T15:22:39.351702,61.15,72.8,29.2,2400.030464,0.852,0x0,24,3
2026-03-26T15:22:40.385499,61.7,80.0,29.2,2400.027136,0.852,0x0,24,1
2026-03-26T15:22:41.409925,61.15,71.9,29.1,2400.02048,0.852,0x0,24,1
2026-03-26T15:22:42.433675,60.6,72.5,29.4,2400.023808,0.852,0x0,23,
2026-03-26T15:22:43.463762,62.25,74.4,29.3,2400.030464,0.852,0x0,24,2
2026-03-26T15:22:44.491423,62.8,71.6,29.1,2400.02048,0.852,0x0,22,2
2026-03-26T15:22:45.518980,61.7,72.6,29.1,2400.02048,0.852,0x0,24,1
2026-03-26T15:22:46.539436,62.8,74.5,29.2,2400.023808,0.852,0x0,24,6
2026-03-26T15:22:47.571383,62.8,73.5,29.0,2400.027136,0.852,0x0,24,1
2026-03-26T15:22:48.595910,62.8,77.0,29.1,2400.02048,0.852,0x0,22,0
2026-03-26T15:22:49.635921,63.35,71.1,29.1,2400.033792,0.852,0x0,23,2
2026-03-26T15:22:50.656816,62.25,71.1,28.9,2400.02048,0.852,0x0,24,1
2026-03-26T15:22:51.678087,61.7,70.1,29.0,2400.02048,0.852,0x0,23,
2026-03-26T15:22:52.703988,62.25,69.5,29.1,2400.02048,0.852,0x0,24,
2026-03-26T15:22:53.730076,62.8,69.6,29.3,2400.030464,0.852,0x0,22,1
2026-03-26T15:22:54.750499,61.15,71.1,29.4,2400.033792,0.852,0x0,22,2
2026-03-26T15:22:55.772929,62.25,71.4,29.6,2400.023808,0.852,0x0,22,3
2026-03-26T15:22:56.839377,62.8,70.7,29.3,2400.033792,0.852,0x0,24,3
2026-03-26T15:22:57.863452,62.8,71.4,29.2,2400.023808,0.852,0x0,23,4
2026-03-26T15:22:58.922167,62.25,74.9,29.2,2400.023808,0.852,0x0,24,3
2026-03-26T15:22:59.955723,62.25,73.0,29.2,2400.030464,0.852,0x0,23,4
2026-03-26T15:23:00.978094,61.7,71.0,29.2,2400.033792,0.852,0x0,24,2
2026-03-26T15:23:02.004063,62.8,70.5,29.3,2400.030464,0.852,0x0,24,1
2026-03-26T15:23:03.025150,63.35,70.4,29.6,2400.030464,0.852,0x0,22,3
2026-03-26T15:23:04.046972,62.8,71.2,29.6,2400.033792,0.852,0x0,24,2
2026-03-26T15:23:05.072933,61.7,70.9,29.3,2400.02048,0.852,0x0,24,1
2026-03-26T15:23:06.099712,62.25,69.2,29.2,2400.030464,0.852,0x0,22,1
2026-03-26T15:23:07.129137,62.25,69.1,29.3,2400.02048,0.852,0x0,24,2
2026-03-26T15:23:08.155325,62.8,70.8,29.3,2400.023808,0.852,0x0,24,1
2026-03-26T15:23:09.178005,62.25,72.6,29.0,2400.030464,0.852,0x0,22,1
2026-03-26T15:23:10.203855,62.25,76.4,29.3,2400.033792,0.852,0x0,22,1
2026-03-26T15:23:11.223658,62.25,70.7,29.0,2400.033792,0.852,0x0,22,2
2026-03-26T15:23:12.246090,62.8,69.6,29.0,2400.03712,0.852,0x0,24,2
2026-03-26T15:23:13.267231,63.9,69.8,29.1,2400.030464,0.852,0x0,24,1
2026-03-26T15:23:14.390267,63.9,71.0,29.2,2400.017408,0.852,0x0,24,1
2026-03-26T15:23:15.412209,62.8,71.9,29.4,2400.02048,0.852,0x0,22,3
2026-03-26T15:23:16.522725,62.8,76.0,29.3,2400.03712,0.852,0x0,24,2
2026-03-26T15:23:17.566618,63.9,69.5,29.2,2400.017408,0.852,0x0,22,1
2026-03-26T15:23:18.585744,62.25,70.7,29.2,2400.033792,0.852,0x0,22,3
2026-03-26T15:23:19.611447,61.7,70.8,29.0,2400.027136,0.852,0x0,23,3
2026-03-26T15:23:20.638554,62.8,75.6,29.2,2400.023808,0.852,0x0,24,
2026-03-26T15:23:21.657536,62.8,69.8,29.4,2400.023808,0.852,0x0,24,1
2026-03-26T15:23:22.680283,62.25,69.6,29.4,2400.023808,0.852,0x0,23,5
2026-03-26T15:23:23.705141,63.35,71.3,29.2,2400.030464,0.852,0x0,24,1
2026-03-26T15:23:24.729704,62.8,71.6,29.2,2400.033792,0.852,0x0,22,3
2026-03-26T15:23:25.752526,62.8,68.7,29.3,2400.030464,0.852,0x0,22,1
2026-03-26T15:23:26.778485,62.8,70.9,29.2,2400.033792,0.852,0x0,22,3
2026-03-26T15:23:27.800812,63.35,71.9,29.2,2400.030464,0.852,0x0,22,2
2026-03-26T15:23:28.827107,63.35,71.4,29.0,2400.023808,0.852,0x0,24,5
2026-03-26T15:23:29.929683,62.25,70.9,29.0,2400.02048,0.852,0x0,24,1
2026-03-26T15:23:30.952610,62.25,69.0,29.1,2400.027136,0.852,0x0,22,1
2026-03-26T15:23:31.982128,65.0,74.4,29.3,2400.030464,0.852,0x0,23,4
2026-03-26T15:23:33.002077,63.9,69.9,29.2,2400.030464,0.852,0x0,24,3
2026-03-26T15:23:34.025410,62.8,68.5,29.3,2400.023808,0.852,0x0,22,3
2026-03-26T15:23:35.149949,62.8,69.2,29.3,2400.027136,0.852,0x0,22,3
2026-03-26T15:23:36.179376,62.8,71.0,29.3,2400.03712,0.852,0x0,22,2
2026-03-26T15:23:37.207613,63.9,70.4,29.4,2400.02048,0.852,0x0,22,3
2026-03-26T15:23:38.237074,63.9,71.4,29.3,2400.033792,0.852,0x0,22,3
2026-03-26T15:23:39.265684,63.35,69.4,29.4,2400.02048,0.852,0x0,22,1
2026-03-26T15:23:40.287858,62.8,70.2,29.2,2400.023808,0.852,0x0,22,1
2026-03-26T15:23:41.312025,61.15,70.9,29.4,2400.033792,0.852,0x0,22,4
2026-03-26T15:23:42.431910,62.8,71.6,29.2,2400.027136,0.852,0x0,24,1
2026-03-26T15:23:43.451666,62.25,75.1,29.4,2400.027136,0.852,0x0,22,3
2026-03-26T15:23:44.480332,62.8,71.4,29.2,2400.023808,0.852,0x0,22,2
2026-03-26T15:23:45.504789,63.35,69.9,29.1,2400.027136,0.852,0x0,24,6
2026-03-26T15:23:46.527513,63.9,71.1,29.0,2400.033792,0.852,0x0,23,4
2026-03-26T15:23:47.552741,62.25,68.2,28.8,2400.033792,0.852,0x0,24,2
2026-03-26T15:23:48.572874,62.8,69.8,29.1,2400.02048,0.852,0x0,24,1
2026-03-26T15:23:49.591707,62.8,71.0,28.9,2400.027136,0.852,0x0,22,2
2026-03-26T15:23:50.613979,62.8,70.9,29.1,2400.033792,0.852,0x0,24,1
2026-03-26T15:23:51.638397,62.8,69.2,29.1,2400.033792,0.852,0x0,22,3
2026-03-26T15:23:52.660721,62.8,70.1,29.0,2400.023808,0.852,0x0,24,5
2026-03-26T15:23:53.682452,62.8,71.6,29.3,2400.023808,0.852,0x0,22,2
2026-03-26T15:23:54.707568,62.25,76.2,29.4,2400.030464,0.852,0x0,22,1
2026-03-26T15:23:55.732704,62.25,73.1,29.0,2400.017408,0.852,0x0,22,1
2026-03-26T15:23:56.755098,63.9,70.9,29.1,2400.030464,0.852,0x0,24,2
2026-03-26T15:23:57.776792,62.8,69.6,29.0,2400.023808,0.852,0x0,24,1
2026-03-26T15:23:58.871067,63.35,71.3,29.2,2400.02048,0.852,0x0,24,
2026-03-26T15:23:59.971261,62.8,72.8,29.2,2400.030464,0.852,0x0,22,1
2026-03-26T15:24:00.997200,63.35,71.7,28.9,2400.027136,0.852,0x0,24,
2026-03-26T15:24:02.020107,62.8,70.2,29.0,2400.02048,0.852,0x0,22,3
2026-03-26T15:24:03.039768,63.35,75.2,29.0,2400.023808,0.852,0x0,23,4
2026-03-26T15:24:04.064734,62.8,70.6,29.2,2400.033792,0.852,0x0,22,1
2026-03-26T15:24:05.086658,63.9,69.3,29.4,2400.027136,0.852,0x0,24,2
2026-03-26T15:24:06.112218,62.8,70.8,29.5,2400.033792,0.852,0x0,23,2
2026-03-26T15:24:07.139620,63.9,69.7,29.1,2400.023808,0.852,0x0,22,2
2026-03-26T15:24:08.165540,62.8,70.4,29.1,2400.02048,0.852,0x0,24,1
2026-03-26T15:24:09.188547,62.8,70.2,29.2,2400.03712,0.852,0x0,22,3
2026-03-26T15:24:10.210444,64.45,70.6,29.3,2400.03712,0.852,0x0,22,3
2026-03-26T15:24:11.237460,61.7,70.6,28.9,2400.023808,0.852,0x0,24,3
2026-03-26T15:24:12.256807,62.8,70.4,29.0,2400.027136,0.852,0x0,24,1
2026-03-26T15:24:13.282659,63.9,75.2,29.3,2400.023808,0.852,0x0,22,2
2026-03-26T15:24:14.305390,63.9,69.4,29.4,2400.027136,0.852,0x0,24,1
2026-03-26T15:24:15.326007,62.8,71.1,29.1,2400.030464,0.852,0x0,22,5
2026-03-26T15:24:16.355602,62.8,70.9,29.2,2400.033792,0.852,0x0,22,3
2026-03-26T15:24:17.384629,63.35,70.2,29.1,2400.030464,0.852,0x0,22,1
2026-03-26T15:24:18.414953,62.8,69.6,29.1,2400.030464,0.852,0x0,22,2
2026-03-26T15:24:19.435415,62.8,70.3,29.3,2400.030464,0.852,0x0,24,
2026-03-26T15:24:20.461305,63.35,71.2,29.5,2400.030464,0.852,0x0,22,1
2026-03-26T15:24:21.482121,63.9,69.4,29.6,2400.027136,0.852,0x0,22,1
2026-03-26T15:24:22.502121,63.9,69.8,29.5,2400.030464,0.852,0x0,23,4
2026-03-26T15:24:23.524070,62.8,70.6,29.3,2400.023808,0.852,0x0,22,2
2026-03-26T15:24:24.553824,62.25,75.9,29.2,2400.02048,0.852,0x0,24,1
2026-03-26T15:24:25.573280,63.35,70.0,29.2,2400.023808,0.852,0x0,24,3
2026-03-26T15:24:26.602859,63.35,71.0,29.1,2400.030464,0.852,0x0,25,
2026-03-26T15:24:27.634903,62.25,70.6,29.2,2400.023808,0.852,0x0,24,1
2026-03-26T15:24:28.663889,64.45,71.1,29.6,2400.02048,0.852,0x0,24,
2026-03-26T15:24:29.693072,63.9,72.3,29.3,2400.023808,0.852,0x0,24,1
2026-03-26T15:24:30.716457,62.8,70.4,29.5,2400.02048,0.852,0x0,24,2
2026-03-26T15:24:31.739909,65.55,70.1,29.4,2400.023808,0.852,0x0,22,2
2026-03-26T15:24:32.766072,63.35,70.3,29.1,2400.023808,0.852,0x0,22,1
2026-03-26T15:24:33.887165,63.9,70.5,29.4,2400.033792,0.852,0x0,24,1
2026-03-26T15:24:34.921318,63.9,70.6,29.7,2400.030464,0.852,0x0,24,2
2026-03-26T15:24:36.027481,63.9,74.9,29.6,2400.027136,0.852,0x0,22,3
2026-03-26T15:24:37.055306,63.35,70.8,29.3,2400.030464,0.852,0x0,22,0
2026-03-26T15:24:38.074153,64.45,69.7,29.2,2400.017408,0.852,0x0,22,1
2026-03-26T15:24:39.099963,64.45,70.6,29.1,2400.023808,0.852,0x0,24,1
2026-03-26T15:24:40.121706,62.8,70.7,29.1,2400.03712,0.852,0x0,23,
2026-03-26T15:24:41.140845,63.9,71.9,29.2,2400.030464,0.852,0x0,22,2
2026-03-26T15:24:42.165027,63.35,69.8,29.2,2400.027136,0.852,0x0,22,4
2026-03-26T15:24:43.191695,65.0,71.1,29.2,2400.027136,0.852,0x0,22,5
2026-03-26T15:24:44.218083,62.8,70.6,29.3,2400.023808,0.852,0x0,22,0
2026-03-26T15:24:45.237178,62.8,71.4,29.3,2400.023808,0.852,0x0,24,2
2026-03-26T15:24:46.256566,62.8,77.3,29.2,2400.017408,0.852,0x0,22,2
2026-03-26T15:24:47.277819,64.45,70.3,29.1,2400.030464,0.852,0x0,24,1
2026-03-26T15:24:48.327268,63.9,69.5,29.1,2400.027136,0.852,0x0,22,2
2026-03-26T15:24:49.348269,63.9,70.5,28.9,2400.030464,0.852,0x0,22,3
2026-03-26T15:24:50.369858,62.8,70.8,29.1,2400.017408,0.852,0x0,22,2
2026-03-26T15:24:51.391967,62.8,69.7,29.1,2400.023808,0.852,0x0,22,3
2026-03-26T15:24:52.414890,63.35,70.1,29.0,2400.023808,0.852,0x0,24,4
2026-03-26T15:24:53.439828,64.45,69.2,29.0,2400.023808,0.852,0x0,22,3
2026-03-26T15:24:54.469335,63.9,71.3,29.0,2400.027136,0.852,0x0,22,4
2026-03-26T15:24:55.494842,64.45,72.1,29.0,2400.030464,0.852,0x0,22,2
2026-03-26T15:24:56.605030,63.35,70.9,28.9,2400.033792,0.852,0x0,22,1
2026-03-26T15:24:57.626689,62.25,75.1,29.1,2400.027136,0.852,0x0,22,3
2026-03-26T15:24:58.653263,63.35,70.8,29.2,2400.027136,0.852,0x0,22,3
2026-03-26T15:24:59.685151,62.8,70.3,29.2,2400.03712,0.852,0x0,22,3
2026-03-26T15:25:00.706681,63.35,70.1,29.4,2400.03712,0.852,0x0,24,1
2026-03-26T15:25:01.736082,65.0,70.6,29.5,2400.023808,0.852,0x0,22,4
2026-03-26T15:25:02.760203,62.8,70.6,29.2,2400.023808,0.852,0x0,24,2
2026-03-26T15:25:03.780791,63.9,69.2,29.1,2400.033792,0.852,0x0,22,1
2026-03-26T15:25:04.807809,63.9,71.9,29.1,2400.023808,0.852,0x0,22,1
2026-03-26T15:25:05.831170,63.35,69.3,29.1,2400.030464,0.852,0x0,24,1
2026-03-26T15:25:06.852063,63.9,70.0,29.2,2400.027136,0.852,0x0,22,4
2026-03-26T15:25:07.876406,64.45,69.0,29.2,2400.033792,0.852,0x0,24,
2026-03-26T15:25:08.903229,65.0,75.4,29.1,2400.030464,0.852,0x0,24,1
2026-03-26T15:25:09.921891,63.35,69.5,29.2,2400.017408,0.852,0x0,22,1
2026-03-26T15:25:10.947819,63.9,71.3,29.0,2400.02048,0.852,0x0,24,2
2026-03-26T15:25:11.972883,63.35,71.0,29.5,2400.023808,0.852,0x0,22,2
2026-03-26T15:25:12.998124,63.35,71.4,29.6,2400.030464,0.852,0x0,22,1
2026-03-26T15:25:14.023637,63.35,70.6,29.6,2400.027136,0.852,0x0,22,3
2026-03-26T15:25:15.043699,64.45,71.0,29.2,2400.027136,0.852,0x0,23,
2026-03-26T15:25:16.066927,62.8,69.5,29.2,2400.027136,0.852,0x0,22,3
2026-03-26T15:25:17.093323,63.35,70.0,29.2,2400.023808,0.852,0x0,23,
2026-03-26T15:25:18.119395,63.35,70.3,29.1,2400.017408,0.852,0x0,22,1
2026-03-26T15:25:19.145411,63.9,74.9,29.2,2400.030464,0.852,0x0,24,2
2026-03-26T15:25:20.175296,63.35,71.4,29.2,2400.02048,0.852,0x0,23,1
2026-03-26T15:25:21.201049,63.9,72.7,29.2,2400.033792,0.852,0x0,24,1
2026-03-26T15:25:22.224592,63.9,70.9,29.1,2400.02048,0.852,0x0,24,1
2026-03-26T15:25:23.249304,63.9,69.9,29.2,2400.02048,0.852,0x0,22,
2026-03-26T15:25:24.271743,63.35,69.7,29.1,2400.030464,0.852,0x0,22,3
2026-03-26T15:25:25.292959,63.9,71.0,29.3,2400.023808,0.852,0x0,22,1
2026-03-26T15:25:26.322702,63.9,72.0,29.3,2400.030464,0.852,0x0,22,3
2026-03-26T15:25:27.344970,64.45,69.8,29.3,2400.030464,0.852,0x0,22,3
2026-03-26T15:25:28.367666,63.9,71.1,29.4,2400.027136,0.852,0x0,23,
2026-03-26T15:25:29.389333,63.35,71.8,29.3,2400.03712,0.852,0x0,24,4
2026-03-26T15:25:30.412832,65.0,75.9,29.4,2400.023808,0.852,0x0,22,1
2026-03-26T15:25:31.435180,65.55,71.6,29.1,2400.030464,0.852,0x0,24,2
2026-03-26T15:25:32.455838,64.45,70.0,29.4,2400.03712,0.852,0x0,22,3
2026-03-26T15:25:33.475968,63.35,70.2,29.3,2400.033792,0.852,0x0,24,2
2026-03-26T15:25:34.502848,62.8,69.8,29.2,2400.023808,0.852,0x0,23,4
2026-03-26T15:25:35.525376,63.9,69.0,29.3,2400.030464,0.852,0x0,22,3
2026-03-26T15:25:36.552902,63.9,69.8,29.2,2400.02048,0.852,0x0,22,0
2026-03-26T15:25:37.572540,63.9,70.4,29.0,2400.027136,0.852,0x0,23,
2026-03-26T15:25:38.596814,64.45,70.7,29.3,2400.02048,0.852,0x0,24,1
2026-03-26T15:25:39.621922,65.0,71.3,29.1,2400.030464,0.852,0x0,22,3
2026-03-26T15:25:40.646479,63.35,75.6,29.1,2400.027136,0.852,0x0,22,2
2026-03-26T15:25:41.677952,65.0,72.8,28.9,2400.033792,0.852,0x0,24,1
2026-03-26T15:25:42.701810,62.25,71.5,28.9,2400.023808,0.852,0x0,23,4
2026-03-26T15:25:43.728419,63.9,71.1,29.0,2400.027136,0.852,0x0,24,2
2026-03-26T15:25:44.750071,62.8,71.3,29.0,2400.023808,0.852,0x0,24,5
2026-03-26T15:25:45.770596,63.35,71.0,28.9,2400.033792,0.852,0x0,22,3
2026-03-26T15:25:46.792761,63.9,69.7,29.1,2400.02048,0.852,0x0,24,1
2026-03-26T15:25:47.820169,65.0,70.1,29.1,2400.027136,0.852,0x0,24,1
2026-03-26T15:25:48.845293,63.9,70.5,29.0,2400.03712,0.852,0x0,22,3
2026-03-26T15:25:49.870375,64.45,71.3,29.1,2400.023808,0.852,0x0,22,1
2026-03-26T15:25:50.892710,63.9,71.5,28.9,2400.030464,0.852,0x0,24,1
2026-03-26T15:25:51.919111,62.8,74.1,29.1,2400.033792,0.852,0x0,22,4
2026-03-26T15:25:52.940577,63.9,71.4,29.3,2400.023808,0.852,0x0,24,1
2026-03-26T15:25:53.965858,63.9,70.3,29.2,2400.027136,0.852,0x0,24,1
2026-03-26T15:25:54.989934,63.9,70.4,29.1,2400.03712,0.852,0x0,22,3
2026-03-26T15:25:56.011838,63.9,71.8,29.0,2400.03712,0.852,0x0,22,4
2026-03-26T15:25:57.039979,63.9,70.4,28.9,2400.023808,0.852,0x0,24,
2026-03-26T15:25:58.065074,64.45,72.0,28.8,2400.017408,0.852,0x0,22,3
2026-03-26T15:25:59.092367,63.9,72.4,29.2,2400.023808,0.852,0x0,22,1
2026-03-26T15:26:00.116105,63.9,70.3,29.4,2400.033792,0.852,0x0,22,3
2026-03-26T15:26:01.148986,65.0,71.2,29.2,2400.017408,0.852,0x0,22,2
2026-03-26T15:26:02.173369,63.35,75.9,29.4,2400.033792,0.852,0x0,24,1
2026-03-26T15:26:03.200686,65.0,69.4,29.3,2400.02048,0.852,0x0,22,3
2026-03-26T15:26:04.228324,62.8,70.9,29.3,2400.023808,0.852,0x0,22,1
2026-03-26T15:26:05.247704,64.45,71.3,29.1,2400.030464,0.852,0x0,24,2
2026-03-26T15:26:06.269746,63.35,71.1,29.1,2400.030464,0.852,0x0,22,2
2026-03-26T15:26:07.292371,64.45,70.8,29.0,2400.027136,0.852,0x0,24,
2026-03-26T15:26:08.314106,63.9,69.7,28.8,2400.03712,0.852,0x0,22,3
2026-03-26T15:26:09.334119,64.45,70.1,29.0,2400.027136,0.852,0x0,24,1
2026-03-26T15:26:10.362241,64.45,71.9,29.0,2400.027136,0.852,0x0,23,4
2026-03-26T15:26:11.389167,63.9,71.6,29.1,2400.023808,0.852,0x0,22,1
2026-03-26T15:26:12.412431,64.45,70.6,28.9,2400.033792,0.852,0x0,23,2
2026-03-26T15:26:13.431477,65.0,69.9,28.8,2400.033792,0.852,0x0,22,2
2026-03-26T15:26:14.456023,65.0,76.8,29.0,2400.023808,0.852,0x0,24,1
2026-03-26T15:26:15.480799,64.45,70.6,29.0,2400.027136,0.852,0x0,24,1
2026-03-26T15:26:16.504068,65.55,72.0,29.1,2400.033792,0.852,0x0,24,3
2026-03-26T15:26:17.625612,64.45,70.5,29.1,2400.033792,0.852,0x0,22,3
2026-03-26T15:26:18.657177,65.55,69.5,29.1,2400.02048,0.852,0x0,24,
2026-03-26T15:26:19.679344,64.45,69.8,29.0,2400.023808,0.852,0x0,22,2
2026-03-26T15:26:20.704589,63.9,69.1,29.0,2400.023808,0.852,0x0,23,1
2026-03-26T15:26:21.732506,63.9,69.5,29.1,2400.027136,0.852,0x0,24,1
2026-03-26T15:26:22.753718,64.45,70.4,29.0,2400.030464,0.852,0x0,24,1
2026-03-26T15:26:23.777024,62.25,71.2,29.0,2400.030464,0.852,0x0,22,4
2026-03-26T15:26:24.798078,63.9,71.8,29.0,2400.030464,0.852,0x0,22,3
2026-03-26T15:26:25.872403,63.9,75.1,29.2,2400.030464,0.852,0x0,22,2
2026-03-26T15:26:26.903294,65.0,73.5,29.2,2400.030464,0.852,0x0,22,2
2026-03-26T15:26:27.928910,64.45,71.3,29.1,2400.02048,0.852,0x0,22,3
2026-03-26T15:26:28.948775,63.35,71.1,29.1,2400.030464,0.852,0x0,22,3
2026-03-26T15:26:29.971609,64.45,71.8,29.3,2400.02048,0.852,0x0,22,3
2026-03-26T15:26:30.994566,65.0,70.6,29.2,2400.03712,0.852,0x0,22,3
2026-03-26T15:26:32.016333,63.35,71.5,29.2,2400.023808,0.852,0x0,22,1
2026-03-26T15:26:33.078286,66.1,70.2,29.0,2400.02048,0.852,0x0,24,3
2026-03-26T15:26:34.111321,64.45,69.5,28.9,2400.017408,0.852,0x0,22,1
2026-03-26T15:26:35.133646,64.45,70.2,29.0,2400.030464,0.852,0x0,22,3
2026-03-26T15:26:36.161664,63.35,70.0,29.1,2400.033792,0.852,0x0,24,1
2026-03-26T15:26:37.184891,64.45,75.9,29.0,2400.02048,0.852,0x0,22,3
2026-03-26T15:26:38.212281,63.9,69.9,28.9,2400.027136,0.852,0x0,22,3
2026-03-26T15:26:39.241768,65.0,70.0,29.1,2400.023808,0.852,0x0,22,3
2026-03-26T15:26:40.268630,65.0,70.8,29.1,2400.027136,0.852,0x0,24,3
2026-03-26T15:26:41.291406,63.9,73.4,29.2,2400.017408,0.852,0x0,22,2
2026-03-26T15:26:42.317044,65.55,71.2,29.4,2400.023808,0.852,0x0,24,
2026-03-26T15:26:43.343172,64.45,69.9,29.0,2400.03712,0.852,0x0,22,2
2026-03-26T15:26:44.367186,65.0,70.2,29.0,2400.033792,0.852,0x0,24,1
2026-03-26T15:26:45.394240,63.9,69.7,29.1,2400.027136,0.852,0x0,22,3
2026-03-26T15:26:46.419031,63.9,70.5,29.2,2400.033792,0.852,0x0,22,2
2026-03-26T15:26:47.439684,62.25,70.5,29.0,2400.02048,0.852,0x0,24,1
2026-03-26T15:26:48.520828,63.35,73.9,29.0,2400.030464,0.852,0x0,22,3
2026-03-26T15:26:49.551396,65.0,70.8,28.9,2400.027136,0.852,0x0,24,1
2026-03-26T15:26:50.582748,65.0,71.2,29.0,2400.033792,0.852,0x0,24,1
2026-03-26T15:26:51.603216,64.45,71.1,29.2,2400.027136,0.852,0x0,24,1
2026-03-26T15:26:52.625052,64.45,70.3,28.9,2400.033792,0.852,0x0,24,2
2026-03-26T15:26:53.646429,63.9,70.8,29.3,2400.023808,0.852,0x0,24,
2026-03-26T15:26:54.669906,64.45,70.5,29.3,2400.023808,0.852,0x0,22,0
2026-03-26T15:26:55.693397,64.45,71.0,29.1,2400.030464,0.852,0x0,24,1
2026-03-26T15:26:56.718088,65.0,70.2,29.1,2400.02048,0.852,0x0,22,1
2026-03-26T15:26:57.740215,63.9,70.9,29.3,2400.03712,0.852,0x0,22,2
2026-03-26T15:26:58.761095,65.0,70.6,29.3,2400.03712,0.852,0x0,24,2
2026-03-26T15:26:59.785205,65.0,78.4,29.3,2400.02048,0.852,0x0,24,1
2026-03-26T15:27:00.805960,65.55,72.2,29.0,2400.033792,0.852,0x0,22,2
2026-03-26T15:27:01.825493,63.9,69.8,29.2,2400.030464,0.852,0x0,24,1
2026-03-26T15:27:02.848257,65.0,70.0,29.0,2400.02048,0.852,0x0,24,1
2026-03-26T15:27:03.870698,63.9,69.4,29.1,2400.030464,0.852,0x0,24,1
2026-03-26T15:27:05.002252,62.25,72.1,29.3,2400.02048,0.852,0x0,22,2
2026-03-26T15:27:06.068441,63.35,71.1,29.1,2400.017408,0.852,0x0,24,2
2026-03-26T15:27:07.089767,65.0,70.2,29.1,2400.027136,0.852,0x0,22,2
2026-03-26T15:27:08.124208,64.45,76.4,28.9,2400.027136,0.852,0x0,22,1
2026-03-26T15:27:09.148043,63.9,69.7,28.9,2400.030464,0.852,0x0,24,1
2026-03-26T15:27:10.174202,65.55,69.5,29.1,2400.027136,0.852,0x0,22,0
2026-03-26T15:27:11.197070,63.9,70.9,29.2,2400.03712,0.852,0x0,24,5
2026-03-26T15:27:12.222089,64.45,71.6,29.2,2400.033792,0.852,0x0,22,3
2026-03-26T15:27:13.244210,63.9,69.3,29.1,2400.03712,0.852,0x0,22,3
2026-03-26T15:27:14.275453,63.9,69.9,28.8,2400.030464,0.852,0x0,22,3
2026-03-26T15:27:15.303317,65.0,71.4,29.2,2400.023808,0.852,0x0,22,1
2026-03-26T15:27:16.347941,64.45,70.9,29.1,2400.023808,0.852,0x0,22,2
2026-03-26T15:27:17.370618,64.45,71.4,29.4,2400.030464,0.852,0x0,23,
2026-03-26T15:27:18.393380,63.9,69.9,29.2,2400.030464,0.852,0x0,22,4
2026-03-26T15:27:19.422075,63.9,76.6,29.1,2400.033792,0.852,0x0,24,4
2026-03-26T15:27:20.545433,63.9,70.8,28.8,2400.030464,0.852,0x0,22,1
2026-03-26T15:27:21.565274,62.8,71.4,29.0,2400.033792,0.852,0x0,22,3
2026-03-26T15:27:22.590793,64.45,72.4,29.1,2400.030464,0.852,0x0,24,5
2026-03-26T15:27:23.618459,65.0,71.0,29.2,2400.030464,0.852,0x0,24,
2026-03-26T15:27:24.642918,63.35,71.6,29.3,2400.033792,0.852,0x0,22,0
2026-03-26T15:27:25.664372,65.0,71.1,29.3,2400.03712,0.852,0x0,22,3
2026-03-26T15:27:26.687623,64.45,70.0,28.9,2400.03712,0.852,0x0,24,1
2026-03-26T15:27:27.714127,63.9,71.9,28.9,2400.02048,0.852,0x0,24,2
2026-03-26T15:27:28.739661,64.45,71.5,29.0,2400.02048,0.852,0x0,22,2
2026-03-26T15:27:29.762055,63.9,71.0,29.1,2400.030464,0.852,0x0,24,1
2026-03-26T15:27:30.780445,63.9,76.4,29.4,2400.027136,0.852,0x0,22,1
2026-03-26T15:27:31.803298,63.9,71.9,29.3,2400.030464,0.852,0x0,22,1
2026-03-26T15:27:32.833725,65.0,71.6,29.3,2400.027136,0.852,0x0,22,3
2026-03-26T15:27:33.862066,63.9,70.4,29.3,2400.030464,0.852,0x0,22,3
2026-03-26T15:27:34.891250,62.8,68.8,29.3,2400.033792,0.852,0x0,22,1
2026-03-26T15:27:35.914055,63.35,68.8,29.2,2400.02048,0.852,0x0,24,2
2026-03-26T15:27:36.938098,64.45,72.0,29.0,2400.02048,0.852,0x0,22,3
2026-03-26T15:27:37.968158,63.9,71.3,29.1,2400.023808,0.852,0x0,22,4
2026-03-26T15:27:39.000908,64.45,69.9,29.4,2400.027136,0.852,0x0,22,
2026-03-26T15:27:40.022814,63.9,71.3,29.5,2400.033792,0.852,0x0,24,1
2026-03-26T15:27:41.045010,65.55,70.5,29.5,2400.02048,0.852,0x0,22,1
2026-03-26T15:27:42.071330,62.8,76.3,29.2,2400.030464,0.852,0x0,22,2
2026-03-26T15:27:43.092549,64.45,70.1,29.2,2400.027136,0.852,0x0,24,
2026-03-26T15:27:44.124613,65.0,71.7,29.1,2400.023808,0.852,0x0,22,3
2026-03-26T15:27:45.145827,64.45,71.0,29.0,2400.027136,0.852,0x0,22,2
2026-03-26T15:27:46.167026,64.45,71.3,28.9,2400.03712,0.852,0x0,24,1
2026-03-26T15:27:47.191070,63.9,69.3,29.3,2400.02048,0.852,0x0,22,1
2026-03-26T15:27:48.219553,64.45,70.2,29.5,2400.033792,0.852,0x0,24,1
2026-03-26T15:27:49.240908,65.55,71.8,29.5,2400.023808,0.852,0x0,24,5
2026-03-26T15:27:50.262972,63.9,70.3,29.3,2400.017408,0.852,0x0,22,2
2026-03-26T15:27:51.283016,65.55,71.1,29.3,2400.02048,0.852,0x0,23,1
2026-03-26T15:27:52.308812,65.55,73.3,29.3,2400.033792,0.852,0x0,22,2
2026-03-26T15:27:53.332444,65.55,72.0,29.2,2400.02048,0.852,0x0,24,1
2026-03-26T15:27:54.362140,63.9,70.0,29.5,2400.02048,0.852,0x0,22,2
2026-03-26T15:27:55.383645,63.9,70.7,29.6,2400.023808,0.852,0x0,22,3
2026-03-26T15:27:56.483608,64.45,70.8,29.2,2400.033792,0.852,0x0,22,3
2026-03-26T15:27:57.503358,63.9,70.8,29.2,2400.027136,0.852,0x0,24,1
2026-03-26T15:27:58.523772,64.45,71.9,29.4,2400.030464,0.852,0x0,22,1
2026-03-26T15:27:59.546746,64.45,70.3,29.2,2400.027136,0.852,0x0,22,1
2026-03-26T15:28:00.567790,64.45,71.6,29.0,2400.02048,0.852,0x0,22,1
2026-03-26T15:28:01.588140,64.45,71.1,29.2,2400.023808,0.852,0x0,22,1
2026-03-26T15:28:02.610778,63.35,77.2,29.4,2400.023808,0.852,0x0,24,2
2026-03-26T15:28:03.634261,66.1,70.8,29.6,2400.02048,0.852,0x0,22,3
2026-03-26T15:28:04.655553,63.35,71.3,29.3,2400.027136,0.852,0x0,22,1
2026-03-26T15:28:05.677073,63.35,69.9,29.0,2400.02048,0.852,0x0,22,3
2026-03-26T15:28:06.698872,62.8,71.0,29.1,2400.033792,0.852,0x0,22,2
2026-03-26T15:28:07.719958,63.9,70.9,29.1,2400.027136,0.852,0x0,22,3
2026-03-26T15:28:08.747050,63.35,71.0,29.0,2400.033792,0.852,0x0,22,3
2026-03-26T15:28:09.772356,65.0,71.1,29.2,2400.023808,0.852,0x0,24,2
2026-03-26T15:28:10.795275,64.45,71.6,29.4,2400.023808,0.852,0x0,22,3
2026-03-26T15:28:11.819656,63.9,71.1,29.5,2400.027136,0.852,0x0,22,3
2026-03-26T15:28:12.842098,66.1,76.2,29.7,2400.030464,0.852,0x0,23,
2026-03-26T15:28:13.864798,62.8,71.0,29.4,2400.030464,0.852,0x0,24,1
2026-03-26T15:28:14.888903,66.1,71.1,29.5,2400.033792,0.852,0x0,22,3
2026-03-26T15:28:15.914329,64.45,71.3,29.7,2400.023808,0.852,0x0,22,2
2026-03-26T15:28:16.934944,65.0,70.8,29.5,2400.023808,0.852,0x0,24,4
2026-03-26T15:28:17.955022,65.0,70.9,29.4,2400.030464,0.852,0x0,24,1
2026-03-26T15:28:18.976077,64.45,70.9,29.3,2400.030464,0.852,0x0,22,1
2026-03-26T15:28:19.999841,65.55,71.8,29.3,2400.02048,0.852,0x0,22,4
2026-03-26T15:28:21.025683,65.55,71.5,29.4,2400.02048,0.852,0x0,24,1
2026-03-26T15:28:22.049046,65.0,67.4,29.3,2400.033792,0.852,0x0,24,1
2026-03-26T15:28:23.073222,64.45,70.1,29.4,2400.02048,0.852,0x0,22,3
2026-03-26T15:28:24.096664,64.45,76.4,29.4,2400.027136,0.852,0x0,22,3
2026-03-26T15:28:25.120726,63.35,70.9,29.3,2400.027136,0.852,0x0,22,2
2026-03-26T15:28:26.142719,63.35,72.0,29.2,2400.023808,0.852,0x0,24,1
2026-03-26T15:28:27.166075,63.9,71.4,29.2,2400.017408,0.852,0x0,22,3
2026-03-26T15:28:28.187983,63.9,70.9,29.3,2400.023808,0.852,0x0,22,3
2026-03-26T15:28:29.215728,65.0,68.8,29.1,2400.033792,0.852,0x0,22,0
2026-03-26T15:28:30.239217,63.35,72.1,29.3,2400.030464,0.852,0x0,24,1
2026-03-26T15:28:31.261487,65.55,72.0,29.3,2400.023808,0.852,0x0,22,3
2026-03-26T15:28:32.284633,64.45,70.1,29.1,2400.02048,0.852,0x0,24,2
2026-03-26T15:28:33.308936,63.9,70.6,29.2,2400.030464,0.852,0x0,22,1
2026-03-26T15:28:34.331546,64.45,71.9,29.2,2400.033792,0.852,0x0,22,3
2026-03-26T15:28:35.353054,63.9,76.1,29.4,2400.023808,0.852,0x0,22,3
2026-03-26T15:28:36.479963,66.1,70.4,29.2,2400.030464,0.852,0x0,24,4
2026-03-26T15:28:37.507934,65.0,71.2,29.3,2400.027136,0.852,0x0,24,1
2026-03-26T15:28:38.533617,64.45,70.0,29.3,2400.03712,0.852,0x0,24,1
2026-03-26T15:28:39.556376,65.0,70.8,29.2,2400.03712,0.852,0x0,24,1
2026-03-26T15:28:40.583959,64.45,70.9,29.2,2400.033792,0.852,0x0,22,2
2026-03-26T15:28:41.609313,64.45,70.5,29.2,2400.030464,0.852,0x0,22,1
2026-03-26T15:28:42.736258,64.45,70.7,29.1,2400.027136,0.852,0x0,22,1
2026-03-26T15:28:43.768040,64.45,72.8,29.3,2400.023808,0.852,0x0,24,1
2026-03-26T15:28:44.787765,62.25,70.3,29.1,2400.023808,0.852,0x0,23,4
2026-03-26T15:28:45.809319,65.55,71.1,29.1,2400.02048,0.852,0x0,24,1
2026-03-26T15:28:46.834940,62.8,76.2,29.3,2400.023808,0.852,0x0,24,1
2026-03-26T15:28:47.856660,63.35,70.1,29.4,2400.023808,0.852,0x0,25,
2026-03-26T15:28:48.877757,64.45,71.5,29.4,2400.03712,0.852,0x0,22,0
2026-03-26T15:28:49.898098,64.45,70.1,29.2,2400.023808,0.852,0x0,24,5
2026-03-26T15:28:50.919292,66.1,71.1,29.2,2400.033792,0.852,0x0,23,
2026-03-26T15:28:51.939500,64.45,71.1,29.2,2400.033792,0.852,0x0,26,3
2026-03-26T15:28:52.967642,64.45,70.4,29.3,2400.02048,0.852,0x0,25,1
2026-03-26T15:28:53.992468,65.55,69.9,29.4,2400.023808,0.852,0x0,24,1
2026-03-26T15:28:55.014177,64.45,70.6,29.6,2400.023808,0.852,0x0,22,3
2026-03-26T15:28:56.039555,62.8,71.3,29.4,2400.033792,0.852,0x0,22,4
2026-03-26T15:28:57.065110,65.55,70.0,29.3,2400.030464,0.852,0x0,22,2
2026-03-26T15:28:58.092036,64.45,74.4,29.1,2400.033792,0.852,0x0,24,1
2026-03-26T15:28:59.122605,64.45,70.7,29.1,2400.02048,0.852,0x0,24,5
2026-03-26T15:29:00.143205,63.9,71.2,29.4,2400.023808,0.852,0x0,24,4
2026-03-26T15:29:01.171114,65.0,71.4,29.1,2400.017408,0.852,0x0,24,1
2026-03-26T15:29:02.197317,64.45,71.3,29.2,2400.02048,0.852,0x0,22,3
2026-03-26T15:29:03.221177,63.9,70.3,29.1,2400.033792,0.852,0x0,22,3
2026-03-26T15:29:04.245796,63.9,71.2,29.3,2400.033792,0.852,0x0,24,4
2026-03-26T15:29:05.273606,64.45,70.0,29.1,2400.033792,0.852,0x0,22,3
2026-03-26T15:29:06.294108,64.45,70.4,29.1,2400.017408,0.852,0x0,24,1
2026-03-26T15:29:07.317771,65.0,70.6,29.4,2400.030464,0.852,0x0,22,5
2026-03-26T15:29:08.348995,65.0,78.0,29.4,2400.023808,0.852,0x0,23,4
2026-03-26T15:29:09.374134,63.9,70.9,29.4,2400.030464,0.852,0x0,22,1
2026-03-26T15:29:10.398097,63.9,71.1,29.4,2400.030464,0.852,0x0,22,3
2026-03-26T15:29:11.529244,63.9,70.9,29.3,2400.02048,0.852,0x0,24,1
2026-03-26T15:29:12.557030,63.9,70.4,29.2,2400.027136,0.852,0x0,22,0
2026-03-26T15:29:13.575163,64.45,72.1,28.9,2400.03712,0.852,0x0,22,3
2026-03-26T15:29:14.597867,62.8,70.6,28.6,2400.02048,0.852,0x0,22,3
2026-03-26T15:29:15.622123,65.0,70.5,28.7,2400.027136,0.852,0x0,22,3
2026-03-26T15:29:16.650407,64.45,71.4,28.7,2400.033792,0.852,0x0,22,2
2026-03-26T15:29:17.679603,65.55,71.0,28.9,2400.027136,0.852,0x0,22,3
2026-03-26T15:29:18.707489,65.0,75.9,29.3,2400.03712,0.852,0x0,24,3
2026-03-26T15:29:19.739580,64.45,73.2,29.1,2400.03712,0.852,0x0,24,1
2026-03-26T15:29:20.766088,65.0,71.8,29.2,2400.023808,0.852,0x0,22,2
2026-03-26T15:29:21.789097,64.45,70.8,29.1,2400.033792,0.852,0x0,24,
2026-03-26T15:29:22.812171,63.35,68.4,29.2,2400.027136,0.852,0x0,24,
2026-03-26T15:29:23.837439,65.0,71.0,28.9,2400.030464,0.852,0x0,22,0
2026-03-26T15:29:24.858569,64.45,70.0,28.8,2400.023808,0.852,0x0,24,1
2026-03-26T15:29:25.880780,63.9,71.4,28.9,2400.023808,0.852,0x0,24,1
2026-03-26T15:29:26.903342,64.45,70.1,29.0,2400.027136,0.852,0x0,22,1
2026-03-26T15:29:27.932235,63.9,69.5,29.0,2400.033792,0.852,0x0,22,3
2026-03-26T15:29:28.956642,64.45,70.6,29.0,2400.02048,0.852,0x0,22,1
2026-03-26T15:29:29.981441,64.45,75.8,29.2,2400.027136,0.852,0x0,24,2
2026-03-26T15:29:31.007503,65.0,71.4,29.0,2400.023808,0.852,0x0,22,3
2026-03-26T15:29:32.079048,63.9,71.5,29.0,2400.023808,0.852,0x0,24,1
2026-03-26T15:29:33.102882,62.8,69.5,28.9,2400.027136,0.852,0x0,22,1
2026-03-26T15:29:34.123265,63.9,70.9,28.9,2400.030464,0.852,0x0,22,3
2026-03-26T15:29:35.152450,65.55,71.7,28.8,2400.027136,0.852,0x0,22,3
2026-03-26T15:29:36.173795,64.45,71.1,28.9,2400.02048,0.852,0x0,22,1
2026-03-26T15:29:37.195519,63.35,70.7,29.1,2400.027136,0.852,0x0,24,1
2026-03-26T15:29:38.222087,64.45,70.5,28.9,2400.033792,0.852,0x0,24,1
2026-03-26T15:29:39.243836,64.45,69.8,29.0,2400.03712,0.852,0x0,22,2
2026-03-26T15:29:40.265612,64.45,71.8,29.2,2400.027136,0.852,0x0,24,2
2026-03-26T15:29:41.286893,64.45,76.5,29.0,2400.030464,0.852,0x0,22,2
2026-03-26T15:29:42.312151,64.45,70.2,28.9,2400.030464,0.852,0x0,22,1
2026-03-26T15:29:43.373072,64.45,69.3,28.9,2400.030464,0.852,0x0,22,2
2026-03-26T15:29:44.391984,64.45,70.0,28.9,2400.023808,0.852,0x0,22,2
2026-03-26T15:29:45.415593,64.45,70.8,29.1,2400.017408,0.852,0x0,24,1
2026-03-26T15:29:46.439598,64.45,71.1,29.1,2400.030464,0.852,0x0,22,2
2026-03-26T15:29:47.462317,63.35,69.7,29.1,2400.033792,0.852,0x0,22,3
2026-03-26T15:29:48.484628,65.0,70.2,28.8,2400.023808,0.852,0x0,22,3
2026-03-26T15:29:49.614077,64.45,72.7,28.9,2400.030464,0.852,0x0,22,2
2026-03-26T15:29:50.635953,64.45,69.3,28.8,2400.027136,0.852,0x0,22,3
2026-03-26T15:29:51.663004,65.55,69.9,29.1,2400.02048,0.852,0x0,22,3
2026-03-26T15:29:52.686416,63.9,74.1,28.9,2400.027136,0.852,0x0,22,3
2026-03-26T15:29:53.714827,62.8,72.0,29.2,2400.023808,0.852,0x0,22,0
2026-03-26T15:29:54.735158,63.9,72.3,29.3,2400.030464,0.852,0x0,24,1
2026-03-26T15:29:55.754148,64.45,70.2,29.1,2400.023808,0.852,0x0,24,5
2026-03-26T15:29:56.780457,65.0,69.7,29.0,2400.033792,0.852,0x0,22,3
2026-03-26T15:29:57.806235,63.35,70.1,29.2,2400.03712,0.852,0x0,24,6
2026-03-26T15:29:58.932332,63.35,69.2,29.2,2400.030464,0.852,0x0,22,1
2026-03-26T15:29:59.953174,64.45,72.4,29.3,2400.03712,0.852,0x0,22,1
2026-03-26T15:30:00.975260,64.45,77.9,29.3,2400.027136,0.852,0x0,22,2
2026-03-26T15:30:01.998079,66.1,74.1,29.2,2400.027136,0.852,0x0,22,3
2026-03-26T15:30:03.023661,64.45,70.7,28.8,2400.02048,0.852,0x0,22,3
2026-03-26T15:30:04.042482,63.9,72.2,29.2,2400.027136,0.852,0x0,22,3
2026-03-26T15:30:05.076957,64.45,72.1,29.2,2400.02048,0.852,0x0,22,3
2026-03-26T15:30:06.106115,64.45,71.0,28.9,2400.030464,0.852,0x0,22,3
2026-03-26T15:30:07.128688,64.45,69.7,29.0,2400.017408,0.852,0x0,24,1
2026-03-26T15:30:08.154066,65.0,70.4,29.1,2400.02048,0.852,0x0,24,4
2026-03-26T15:30:09.175019,64.45,70.0,28.9,2400.023808,0.852,0x0,22,1
2026-03-26T15:30:10.284160,65.0,70.4,29.1,2400.027136,0.852,0x0,22,1
2026-03-26T15:30:11.305221,63.9,76.0,29.1,2400.027136,0.852,0x0,22,3
2026-03-26T15:30:12.330096,65.0,70.9,29.4,2400.033792,0.852,0x0,22,1
2026-03-26T15:30:13.352814,64.45,71.0,29.5,2400.02048,0.852,0x0,22,1
2026-03-26T15:30:14.376004,63.9,71.8,29.4,2400.023808,0.852,0x0,22,3
2026-03-26T15:30:15.402073,64.45,71.2,29.5,2400.030464,0.852,0x0,22,1
2026-03-26T15:30:16.422082,63.35,70.6,29.5,2400.033792,0.852,0x0,22,3
2026-03-26T15:30:17.445180,65.55,70.7,29.4,2400.030464,0.852,0x0,24,1
2026-03-26T15:30:18.472033,63.35,70.5,29.3,2400.02048,0.852,0x0,24,2
2026-03-26T15:30:19.499677,63.9,71.5,29.4,2400.023808,0.852,0x0,24,1
2026-03-26T15:30:20.525434,65.55,76.3,29.1,2400.023808,0.852,0x0,22,4
2026-03-26T15:30:21.552595,64.45,71.7,29.2,2400.033792,0.852,0x0,24,5
2026-03-26T15:30:22.579318,65.0,71.4,29.3,2400.030464,0.852,0x0,22,0
2026-03-26T15:30:23.604598,65.55,70.4,29.3,2400.030464,0.852,0x0,24,1
2026-03-26T15:30:24.627348,63.9,71.4,29.1,2400.027136,0.852,0x0,24,3
2026-03-26T15:30:25.655551,65.55,69.9,29.0,2400.027136,0.852,0x0,22,3
2026-03-26T15:30:26.683387,65.55,70.4,29.0,2400.03712,0.852,0x0,22,3
2026-03-26T15:30:27.709338,64.45,70.2,28.9,2400.03712,0.852,0x0,24,6
2026-03-26T15:30:28.733738,63.9,70.0,29.1,2400.027136,0.852,0x0,22,3
2026-03-26T15:30:29.762506,63.35,69.9,29.0,2400.02048,0.852,0x0,22,3
2026-03-26T15:30:30.789251,65.55,70.6,29.0,2400.027136,0.852,0x0,24,2
2026-03-26T15:30:31.817878,63.9,73.9,29.0,2400.027136,0.852,0x0,22,1
2026-03-26T15:30:32.845763,65.0,70.0,28.9,2400.02048,0.852,0x0,22,2
2026-03-26T15:30:33.872349,64.45,70.9,29.0,2400.017408,0.852,0x0,22,1
2026-03-26T15:30:34.893249,65.55,73.0,29.0,2400.033792,0.852,0x0,24,3
2026-03-26T15:30:35.922119,63.9,70.1,29.0,2400.03712,0.852,0x0,22,3
2026-03-26T15:30:36.945548,64.45,70.9,29.0,2400.033792,0.852,0x0,22,2
2026-03-26T15:30:37.980485,65.55,70.9,29.1,2400.027136,0.852,0x0,22,1
2026-03-26T15:30:39.003157,64.45,70.9,29.1,2400.033792,0.852,0x0,24,3
2026-03-26T15:30:40.021735,64.45,70.6,29.0,2400.02048,0.852,0x0,24,5
2026-03-26T15:30:41.047173,65.55,69.3,29.2,2400.027136,0.852,0x0,22,3
2026-03-26T15:30:42.073264,64.45,75.3,29.3,2400.023808,0.852,0x0,24,2
2026-03-26T15:30:43.100269,65.0,70.1,29.1,2400.033792,0.852,0x0,22,1
2026-03-26T15:30:44.126131,65.55,70.4,29.3,2400.030464,0.852,0x0,22,1
2026-03-26T15:30:45.151854,63.9,72.5,29.0,2400.023808,0.852,0x0,22,3
2026-03-26T15:30:46.173996,65.0,71.2,29.2,2400.027136,0.852,0x0,22,1
2026-03-26T15:30:47.201747,63.9,68.9,29.3,2400.030464,0.852,0x0,23,
2026-03-26T15:30:48.220951,65.55,69.6,29.2,2400.027136,0.852,0x0,22,2
2026-03-26T15:30:49.241912,65.55,70.6,28.9,2400.033792,0.852,0x0,22,3
2026-03-26T15:30:50.263135,63.35,70.2,29.0,2400.027136,0.852,0x0,24,4
2026-03-26T15:30:51.292816,65.0,70.3,29.1,2400.027136,0.852,0x0,22,3
2026-03-26T15:30:52.313945,64.45,70.6,29.1,2400.033792,0.852,0x0,22,2
2026-03-26T15:30:53.337365,65.0,74.9,28.9,2400.023808,0.852,0x0,23,1
2026-03-26T15:30:54.362794,64.45,69.5,28.9,2400.02048,0.852,0x0,22,1
2026-03-26T15:30:55.391218,63.9,70.9,28.8,2400.02048,0.852,0x0,22,2
2026-03-26T15:30:56.422129,65.0,71.1,29.3,2400.023808,0.852,0x0,22,3
2026-03-26T15:30:57.452769,65.0,69.9,29.1,2400.023808,0.852,0x0,22,1
2026-03-26T15:30:58.478097,65.55,71.4,29.2,2400.02048,0.852,0x0,24,
2026-03-26T15:30:59.502762,63.35,84.7,29.3,2400.033792,0.852,0x0,22,3
2026-03-26T15:31:00.532486,65.55,72.8,29.2,2400.033792,0.852,0x0,22,4
2026-03-26T15:31:01.558099,63.9,71.8,29.3,2400.023808,0.852,0x0,22,3
2026-03-26T15:31:02.582784,65.55,70.1,29.2,2400.030464,0.852,0x0,22,1
2026-03-26T15:31:03.613143,66.1,70.4,29.3,2400.030464,0.852,0x0,24,
2026-03-26T15:31:04.647660,65.0,76.2,29.1,2400.03712,0.852,0x0,22,2
2026-03-26T15:31:05.669140,66.1,71.8,29.4,2400.02048,0.852,0x0,22,2
2026-03-26T15:31:06.687703,65.55,69.5,29.3,2400.027136,0.852,0x0,24,
2026-03-26T15:31:07.713699,64.45,69.4,29.2,2400.030464,0.852,0x0,22,2
2026-03-26T15:31:08.738123,64.45,70.7,29.2,2400.033792,0.852,0x0,24,1
2026-03-26T15:31:09.758050,62.8,70.1,29.5,2400.023808,0.852,0x0,22,0
2026-03-26T15:31:10.882439,65.55,71.9,29.6,2400.023808,0.852,0x0,24,1
2026-03-26T15:31:11.904431,65.55,71.9,29.5,2400.030464,0.852,0x0,22,2
2026-03-26T15:31:12.927126,64.45,71.1,29.2,2400.02048,0.852,0x0,24,1
2026-03-26T15:31:13.954196,63.9,71.5,29.2,2400.023808,0.852,0x0,22,3
2026-03-26T15:31:14.985507,63.9,74.0,29.1,2400.033792,0.852,0x0,24,1
2026-03-26T15:31:16.026009,65.55,72.8,29.1,2400.033792,0.852,0x0,22,4
2026-03-26T15:31:17.057161,64.45,71.2,29.1,2400.030464,0.852,0x0,22,3
2026-03-26T15:31:18.082084,63.9,71.8,29.3,2400.027136,0.852,0x0,22,3
2026-03-26T15:31:19.108266,63.9,77.1,29.4,2400.030464,0.852,0x0,22,3
2026-03-26T15:31:20.132168,63.35,71.2,29.3,2400.023808,0.852,0x0,24,2
2026-03-26T15:31:21.156384,65.0,70.4,29.3,2400.033792,0.852,0x0,22,2
2026-03-26T15:31:22.180691,65.55,69.4,29.2,2400.030464,0.852,0x0,22,1
2026-03-26T15:31:23.207028,65.0,69.6,29.1,2400.033792,0.852,0x0,22,3
2026-03-26T15:31:24.227127,64.45,70.6,28.9,2400.030464,0.852,0x0,22,3
2026-03-26T15:31:25.245071,65.0,71.5,29.0,2400.030464,0.852,0x0,24,
2026-03-26T15:31:26.268569,64.45,68.4,29.1,2400.02048,0.852,0x0,22,3
2026-03-26T15:31:27.302215,65.0,75.7,29.1,2400.03712,0.852,0x0,22,3
2026-03-26T15:31:28.331405,63.9,69.4,28.9,2400.030464,0.852,0x0,24,4
2026-03-26T15:31:29.353447,65.55,69.0,28.9,2400.030464,0.852,0x0,22,3
2026-03-26T15:31:30.380013,65.55,71.4,29.1,2400.027136,0.852,0x0,24,
2026-03-26T15:31:31.405580,65.55,70.6,29.1,2400.02048,0.852,0x0,22,4
2026-03-26T15:31:32.434230,63.9,69.8,29.3,2400.017408,0.852,0x0,22,1
2026-03-26T15:31:33.458567,65.55,70.2,29.5,2400.03712,0.852,0x0,22,2
2026-03-26T15:31:34.479281,64.45,70.0,29.4,2400.02048,0.852,0x0,22,1
2026-03-26T15:31:35.501952,65.55,72.8,29.3,2400.023808,0.852,0x0,24,3
2026-03-26T15:31:36.532536,64.45,70.7,29.0,2400.027136,0.852,0x0,22,3
2026-03-26T15:31:37.559112,63.9,70.8,29.2,2400.023808,0.852,0x0,24,1
2026-03-26T15:31:38.585714,63.9,75.8,29.3,2400.03712,0.852,0x0,24,2
2026-03-26T15:31:39.614143,64.45,70.0,29.1,2400.027136,0.852,0x0,22,2
2026-03-26T15:31:40.644425,65.0,71.6,29.4,2400.027136,0.852,0x0,24,1
2026-03-26T15:31:41.666386,64.45,70.8,29.4,2400.027136,0.852,0x0,22,3
2026-03-26T15:31:42.688796,65.55,70.6,29.4,2400.030464,0.852,0x0,24,2
2026-03-26T15:31:43.715706,65.55,71.2,29.3,2400.030464,0.852,0x0,24,5
2026-03-26T15:31:44.743377,65.0,71.6,29.0,2400.03712,0.852,0x0,24,1
2026-03-26T15:31:45.769332,64.45,72.3,29.0,2400.027136,0.852,0x0,23,4
2026-03-26T15:31:46.794101,65.55,69.8,28.7,2400.027136,0.852,0x0,22,1
2026-03-26T15:31:47.819173,63.35,71.3,28.6,2400.017408,0.852,0x0,22,1
2026-03-26T15:31:48.846572,62.8,75.4,28.9,2400.02048,0.852,0x0,22,1
2026-03-26T15:31:49.871212,64.45,71.6,28.8,2400.027136,0.852,0x0,22,1
2026-03-26T15:31:50.893143,64.45,69.7,28.8,2400.027136,0.852,0x0,22,3
2026-03-26T15:31:51.916857,63.9,70.3,29.1,2400.030464,0.852,0x0,22,3
2026-03-26T15:31:52.943617,65.55,70.2,29.2,2400.023808,0.852,0x0,22,3
2026-03-26T15:31:53.970130,64.45,70.7,29.0,2400.033792,0.852,0x0,24,6
2026-03-26T15:31:54.996332,65.55,71.5,29.2,2400.023808,0.852,0x0,22,3
2026-03-26T15:31:56.017901,63.9,71.7,29.3,2400.027136,0.852,0x0,24,2
2026-03-26T15:31:57.045313,64.45,69.9,29.0,2400.023808,0.852,0x0,22,3
2026-03-26T15:31:58.073951,64.45,71.9,29.1,2400.033792,0.852,0x0,22,4
2026-03-26T15:31:59.103834,66.1,71.3,28.9,2400.03712,0.852,0x0,22,4
2026-03-26T15:32:00.229178,65.0,74.9,29.0,2400.02048,0.852,0x0,22,3
2026-03-26T15:32:01.250850,65.0,71.4,29.2,2400.033792,0.852,0x0,24,2
2026-03-26T15:32:02.274306,66.1,70.9,29.1,2400.023808,0.852,0x0,23,4
2026-03-26T15:32:03.376150,64.45,71.5,29.1,2400.027136,0.852,0x0,22,2
2026-03-26T15:32:04.446960,65.0,71.4,28.9,2400.027136,0.852,0x0,24,2
2026-03-26T15:32:05.468282,66.1,71.8,28.7,2400.03712,0.852,0x0,23,
2026-03-26T15:32:06.491909,65.55,71.2,29.0,2400.027136,0.852,0x0,22,1
2026-03-26T15:32:07.513004,65.55,70.4,28.9,2400.030464,0.852,0x0,22,3
2026-03-26T15:32:08.556990,65.0,70.2,28.6,2400.033792,0.852,0x0,23,4
2026-03-26T15:32:09.577096,65.55,70.6,29.3,2400.03712,0.852,0x0,24,
2026-03-26T15:32:10.603301,63.35,71.8,29.1,2400.027136,0.852,0x0,22,4
2026-03-26T15:32:11.642169,64.45,76.8,28.9,2400.030464,0.852,0x0,23,
2026-03-26T15:32:12.667090,64.45,70.3,29.0,2400.02048,0.852,0x0,22,3
2026-03-26T15:32:13.694957,64.45,70.3,29.0,2400.033792,0.852,0x0,22,3
2026-03-26T15:32:14.724372,65.55,69.8,28.8,2400.02048,0.852,0x0,23,
2026-03-26T15:32:15.745743,64.45,71.1,28.8,2400.023808,0.852,0x0,22,3
2026-03-26T15:32:16.767291,65.0,70.3,28.8,2400.027136,0.852,0x0,24,2
2026-03-26T15:32:17.792266,64.45,70.6,28.6,2400.033792,0.852,0x0,22,2
2026-03-26T15:32:18.812235,65.55,70.6,28.8,2400.030464,0.852,0x0,22,1
2026-03-26T15:32:19.838093,64.45,69.8,28.8,2400.023808,0.852,0x0,23,
2026-03-26T15:32:20.863636,65.55,70.5,28.9,2400.023808,0.852,0x0,22,0
2026-03-26T15:32:21.885891,66.1,72.5,28.8,2400.02048,0.852,0x0,24,1
2026-03-26T15:32:22.909195,64.45,76.5,28.9,2400.023808,0.852,0x0,22,1
2026-03-26T15:32:23.933399,66.1,71.1,28.8,2400.027136,0.852,0x0,24,1
2026-03-26T15:32:24.959895,63.35,72.0,28.9,2400.023808,0.852,0x0,22,4
2026-03-26T15:32:25.987805,64.45,70.7,29.0,2400.030464,0.852,0x0,23,
2026-03-26T15:32:27.018093,63.35,70.0,29.2,2400.02048,0.852,0x0,22,4
2026-03-26T15:32:28.053154,65.55,70.8,29.0,2400.030464,0.852,0x0,23,
2026-03-26T15:32:29.075325,66.1,70.5,29.0,2400.023808,0.852,0x0,24,3
2026-03-26T15:32:30.100428,65.55,71.4,29.0,2400.027136,0.852,0x0,22,3
2026-03-26T15:32:31.210329,63.9,69.9,29.0,2400.02048,0.852,0x0,24,2
2026-03-26T15:32:32.232041,63.9,69.5,28.9,2400.030464,0.852,0x0,22,1
2026-03-26T15:32:33.255453,66.1,70.4,28.8,2400.027136,0.852,0x0,24,2
2026-03-26T15:32:34.280132,65.0,75.3,28.9,2400.033792,0.852,0x0,22,3
2026-03-26T15:32:35.312619,65.0,71.3,29.0,2400.027136,0.852,0x0,24,1
2026-03-26T15:32:36.331653,64.45,71.0,28.8,2400.017408,0.852,0x0,23,4
2026-03-26T15:32:37.349689,64.45,71.1,28.7,2400.033792,0.852,0x0,22,3
2026-03-26T15:32:38.379912,65.0,70.5,28.9,2400.023808,0.852,0x0,22,3
2026-03-26T15:32:39.407329,64.45,70.4,29.2,2400.033792,0.852,0x0,24,1
2026-03-26T15:32:40.431140,65.0,71.7,29.2,2400.027136,0.852,0x0,22,3
2026-03-26T15:32:41.454093,64.45,70.8,29.3,2400.030464,0.852,0x0,22,1
2026-03-26T15:32:42.475826,65.55,70.4,29.2,2400.033792,0.852,0x0,24,2
2026-03-26T15:32:43.501388,64.45,71.6,29.2,2400.033792,0.852,0x0,22,3
2026-03-26T15:32:44.527859,64.45,69.2,29.2,2400.02048,0.852,0x0,22,1
2026-03-26T15:32:45.548566,64.45,76.9,28.9,2400.02048,0.852,0x0,22,4
2026-03-26T15:32:46.572357,64.45,71.6,28.6,2400.03712,0.852,0x0,24,1
2026-03-26T15:32:47.594081,65.55,70.4,28.8,2400.030464,0.852,0x0,24,2
2026-03-26T15:32:48.614986,65.55,70.9,28.8,2400.030464,0.852,0x0,24,1
2026-03-26T15:32:49.638838,64.45,70.4,29.0,2400.033792,0.852,0x0,22,1
2026-03-26T15:32:50.661595,64.45,69.9,29.0,2400.027136,0.852,0x0,22,1
2026-03-26T15:32:51.680315,63.35,72.6,28.9,2400.030464,0.852,0x0,25,1
2026-03-26T15:32:52.701703,63.9,70.9,28.9,2400.023808,0.852,0x0,25,2
2026-03-26T15:32:53.729238,64.45,69.9,28.9,2400.023808,0.852,0x0,22,2
2026-03-26T15:32:54.753385,65.0,72.3,29.0,2400.027136,0.852,0x0,24,0
2026-03-26T15:32:55.775721,63.35,70.2,29.2,2400.033792,0.852,0x0,24,1
2026-03-26T15:32:56.800726,64.45,78.5,29.3,2400.02048,0.852,0x0,24,
2026-03-26T15:32:57.823461,64.45,70.8,29.3,2400.023808,0.852,0x0,25,2
2026-03-26T15:32:58.846738,64.45,70.2,29.2,2400.03712,0.852,0x0,24,1
2026-03-26T15:32:59.872788,64.45,70.9,29.1,2400.02048,0.852,0x0,22,1
2026-03-26T15:33:00.901442,65.0,73.2,29.1,2400.02048,0.852,0x0,22,3
2026-03-26T15:33:01.922496,65.55,69.4,29.1,2400.023808,0.852,0x0,22,3
2026-03-26T15:33:02.947503,64.45,72.5,29.0,2400.030464,0.852,0x0,22,3
2026-03-26T15:33:03.967119,65.55,71.0,29.0,2400.02048,0.852,0x0,24,2
2026-03-26T15:33:05.092239,64.45,76.1,28.9,2400.02048,0.852,0x0,22,3
2026-03-26T15:33:06.113095,63.35,71.3,28.8,2400.027136,0.852,0x0,22,1
2026-03-26T15:33:07.134085,64.45,73.0,29.0,2400.02048,0.852,0x0,24,
2026-03-26T15:33:08.155312,64.45,69.9,29.4,2400.027136,0.852,0x0,22,3
2026-03-26T15:33:09.180815,65.55,71.3,29.5,2400.027136,0.852,0x0,22,3
2026-03-26T15:33:10.208473,64.45,70.8,29.6,2400.023808,0.852,0x0,22,3
2026-03-26T15:33:11.231415,64.45,70.6,29.4,2400.030464,0.852,0x0,22,3
2026-03-26T15:33:12.255677,64.45,70.2,29.2,2400.017408,0.852,0x0,22,3
2026-03-26T15:33:13.282102,64.45,71.1,29.3,2400.030464,0.852,0x0,22,3
2026-03-26T15:33:14.313027,65.55,70.2,29.6,2400.030464,0.852,0x0,22,0
2026-03-26T15:33:15.333721,64.45,70.2,29.6,2400.030464,0.852,0x0,22,1
2026-03-26T15:33:16.355338,64.45,77.5,29.5,2400.033792,0.852,0x0,24,1
2026-03-26T15:33:17.382249,64.45,71.7,29.1,2400.033792,0.852,0x0,22,3
2026-03-26T15:33:18.410312,64.45,69.7,29.1,2400.02048,0.852,0x0,22,2
2026-03-26T15:33:19.436157,65.0,71.0,29.3,2400.023808,0.852,0x0,22,3
2026-03-26T15:33:20.463671,63.9,70.8,29.0,2400.033792,0.852,0x0,24,
2026-03-26T15:33:21.485112,66.1,72.5,29.4,2400.033792,0.852,0x0,24,5
2026-03-26T15:33:22.545340,63.9,71.4,29.4,2400.02048,0.852,0x0,22,4
2026-03-26T15:33:23.667795,64.45,71.9,29.2,2400.02048,0.852,0x0,22,3
2026-03-26T15:33:24.689824,65.55,71.9,29.1,2400.030464,0.852,0x0,22,3
2026-03-26T15:33:25.711446,65.0,70.5,29.1,2400.023808,0.852,0x0,22,4
2026-03-26T15:33:26.739808,65.55,77.3,29.2,2400.027136,0.852,0x0,22,1
2026-03-26T15:33:27.767094,64.45,70.0,29.0,2400.027136,0.852,0x0,22,2
2026-03-26T15:33:28.787294,64.45,71.4,29.0,2400.03712,0.852,0x0,23,4
2026-03-26T15:33:29.812812,64.45,72.3,29.1,2400.027136,0.852,0x0,22,2
2026-03-26T15:33:30.834123,64.45,69.5,29.2,2400.023808,0.852,0x0,24,1
2026-03-26T15:33:31.858102,64.45,70.2,29.1,2400.030464,0.852,0x0,24,
2026-03-26T15:33:32.889094,65.0,71.7,29.2,2400.027136,0.852,0x0,22,2
2026-03-26T15:33:33.910312,65.55,71.7,29.1,2400.023808,0.852,0x0,22,3
2026-03-26T15:33:34.929442,65.0,72.1,29.1,2400.033792,0.852,0x0,22,2
2026-03-26T15:33:35.952551,65.55,70.9,28.9,2400.033792,0.852,0x0,22,3
2026-03-26T15:33:36.976683,64.45,70.8,29.0,2400.02048,0.852,0x0,24,2
2026-03-26T15:33:38.009005,64.45,77.4,29.0,2400.027136,0.852,0x0,22,2
2026-03-26T15:33:39.031000,65.55,69.7,29.1,2400.033792,0.852,0x0,22,3
2026-03-26T15:33:40.059645,64.45,71.5,29.2,2400.023808,0.852,0x0,22,3
2026-03-26T15:33:41.080676,65.0,71.0,29.3,2400.027136,0.852,0x0,22,3
2026-03-26T15:33:42.101827,63.35,71.5,29.3,2400.023808,0.852,0x0,22,3
2026-03-26T15:33:43.123447,65.55,70.7,29.3,2400.027136,0.852,0x0,22,2
2026-03-26T15:33:44.148719,64.45,70.8,29.0,2400.030464,0.852,0x0,24,1
2026-03-26T15:33:45.168838,66.1,71.7,29.0,2400.033792,0.852,0x0,22,3
2026-03-26T15:33:46.191803,63.9,70.1,29.0,2400.023808,0.852,0x0,24,2
2026-03-26T15:33:47.217414,65.0,70.5,29.1,2400.02048,0.852,0x0,22,3
2026-03-26T15:33:48.245027,64.45,70.1,29.1,2400.02048,0.852,0x0,22,1
2026-03-26T15:33:49.268089,64.45,75.9,28.9,2400.02048,0.852,0x0,24,
2026-03-26T15:33:50.294116,64.45,71.6,29.2,2400.02048,0.852,0x0,24,1
2026-03-26T15:33:51.336641,64.45,71.5,29.0,2400.02048,0.852,0x0,22,2
2026-03-26T15:33:52.362216,64.45,71.8,29.0,2400.017408,0.852,0x0,22,2
2026-03-26T15:33:53.389588,65.0,70.2,29.2,2400.03712,0.852,0x0,22,3
2026-03-26T15:33:54.415452,63.9,70.0,29.2,2400.033792,0.852,0x0,22,0
2026-03-26T15:33:55.436109,65.0,69.3,29.2,2400.03712,0.852,0x0,22,1
2026-03-26T15:33:56.457325,65.0,68.7,29.1,2400.033792,0.852,0x0,22,3
2026-03-26T15:33:57.487354,62.8,70.9,29.1,2400.027136,0.852,0x0,22,1
2026-03-26T15:33:58.508876,65.0,71.1,29.0,2400.03712,0.852,0x0,24,1
2026-03-26T15:33:59.534144,64.45,77.5,29.1,2400.03712,0.852,0x0,22,1
2026-03-26T15:34:00.557773,64.45,71.4,28.9,2400.017408,0.852,0x0,24,1
2026-03-26T15:34:01.578795,65.0,68.8,29.0,2400.030464,0.852,0x0,23,
2026-03-26T15:34:02.606085,63.9,69.9,29.2,2400.027136,0.852,0x0,24,4
2026-03-26T15:34:03.639584,65.55,71.7,29.2,2400.017408,0.852,0x0,22,4
2026-03-26T15:34:04.660921,65.55,72.0,29.2,2400.017408,0.852,0x0,24,1
2026-03-26T15:34:05.684950,65.55,70.0,29.2,2400.02048,0.852,0x0,24,
2026-03-26T15:34:06.710384,65.0,69.8,29.0,2400.023808,0.852,0x0,22,1
2026-03-26T15:34:07.740588,65.0,69.1,29.1,2400.023808,0.852,0x0,23,
2026-03-26T15:34:08.766195,65.55,77.3,29.0,2400.03712,0.852,0x0,22,3
2026-03-26T15:34:09.787038,65.55,70.8,29.2,2400.033792,0.852,0x0,23,
2026-03-26T15:34:10.811709,63.35,72.7,29.2,2400.030464,0.852,0x0,25,3
2026-03-26T15:34:11.833168,65.55,71.3,29.1,2400.023808,0.852,0x0,24,1
2026-03-26T15:34:12.854629,65.0,69.8,29.1,2400.023808,0.852,0x0,24,1
2026-03-26T15:34:13.884464,65.0,69.7,29.0,2400.033792,0.852,0x0,24,1
2026-03-26T15:34:14.906158,63.9,70.9,29.0,2400.023808,0.852,0x0,22,3
2026-03-26T15:34:15.932672,63.9,71.4,29.0,2400.02048,0.852,0x0,24,2
2026-03-26T15:34:16.957837,64.45,72.0,29.1,2400.023808,0.852,0x0,22,2
2026-03-26T15:34:17.981283,64.45,70.3,29.1,2400.030464,0.852,0x0,22,3
2026-03-26T15:34:19.005668,63.35,71.3,29.0,2400.033792,0.852,0x0,22,1
2026-03-26T15:34:20.028436,65.0,76.6,29.0,2400.030464,0.852,0x0,24,
2026-03-26T15:34:21.054153,65.0,69.9,28.9,2400.033792,0.852,0x0,23,4
2026-03-26T15:34:22.083484,65.0,68.5,29.0,2400.02048,0.852,0x0,24,4
2026-03-26T15:34:23.109003,63.9,72.7,28.9,2400.033792,0.852,0x0,23,3
2026-03-26T15:34:24.138105,63.9,70.8,28.8,2400.027136,0.852,0x0,24,1
2026-03-26T15:34:25.161527,64.45,71.1,28.9,2400.030464,0.852,0x0,22,1
2026-03-26T15:34:26.184618,65.55,70.0,28.9,2400.030464,0.852,0x0,22,3
2026-03-26T15:34:27.214003,64.45,70.8,29.0,2400.030464,0.852,0x0,22,4
2026-03-26T15:34:28.241780,65.0,71.5,29.1,2400.023808,0.852,0x0,22,3
2026-03-26T15:34:29.268428,64.45,70.6,29.2,2400.017408,0.852,0x0,24,1
2026-03-26T15:34:30.295120,64.45,71.3,29.4,2400.023808,0.852,0x0,22,3
2026-03-26T15:34:31.314130,65.0,75.9,29.5,2400.03712,0.852,0x0,22,1
2026-03-26T15:34:32.333540,64.45,70.4,29.2,2400.02048,0.852,0x0,24,2
2026-03-26T15:34:33.356518,64.45,71.1,29.1,2400.033792,0.852,0x0,24,
2026-03-26T15:34:34.389411,63.9,72.9,28.9,2400.033792,0.852,0x0,24,1
2026-03-26T15:34:35.410191,63.9,69.9,29.2,2400.033792,0.852,0x0,24,
2026-03-26T15:34:36.439469,65.55,72.2,29.0,2400.030464,0.852,0x0,22,3
2026-03-26T15:34:37.464616,65.0,70.2,29.5,2400.030464,0.852,0x0,22,3
2026-03-26T15:34:38.492721,64.45,69.6,29.4,2400.02048,0.852,0x0,22,3
2026-03-26T15:34:39.521214,66.1,70.3,28.9,2400.027136,0.852,0x0,22,2
2026-03-26T15:34:40.545512,65.55,75.9,29.0,2400.023808,0.852,0x0,22,0
2026-03-26T15:34:41.566209,65.0,70.6,28.8,2400.030464,0.852,0x0,24,1
2026-03-26T15:34:42.585375,65.0,70.8,28.8,2400.027136,0.852,0x0,25,
2026-03-26T15:34:43.605059,63.9,71.2,28.8,2400.033792,0.852,0x0,22,3
2026-03-26T15:34:44.632907,65.55,70.9,28.9,2400.033792,0.852,0x0,22,1
2026-03-26T15:34:45.661639,64.45,71.4,29.0,2400.023808,0.852,0x0,22,3
2026-03-26T15:34:46.686072,62.8,69.6,29.0,2400.027136,0.852,0x0,24,1
2026-03-26T15:34:47.707780,63.9,71.6,28.8,2400.02048,0.852,0x0,23,
2026-03-26T15:34:48.731116,65.0,71.1,28.8,2400.02048,0.852,0x0,22,2
2026-03-26T15:34:49.761351,64.45,70.8,28.6,2400.02048,0.852,0x0,22,2
2026-03-26T15:34:50.787025,65.0,69.8,28.8,2400.027136,0.852,0x0,24,1
2026-03-26T15:34:51.810581,64.45,76.2,28.8,2400.02048,0.852,0x0,22,3
2026-03-26T15:34:52.835646,64.45,68.8,28.7,2400.03712,0.852,0x0,24,1
2026-03-26T15:34:53.929078,65.55,70.2,28.8,2400.027136,0.852,0x0,22,3
2026-03-26T15:34:54.951583,63.9,69.3,28.8,2400.030464,0.852,0x0,22,3
2026-03-26T15:34:55.981959,64.45,71.6,28.8,2400.023808,0.852,0x0,22,1
2026-03-26T15:34:57.005402,65.0,69.9,29.1,2400.02048,0.852,0x0,24,1
2026-03-26T15:34:58.031219,66.1,69.2,28.9,2400.033792,0.852,0x0,24,
2026-03-26T15:34:59.053932,63.9,71.3,28.9,2400.023808,0.852,0x0,24,2
2026-03-26T15:35:00.078927,65.55,70.8,29.0,2400.03712,0.852,0x0,24,1
2026-03-26T15:35:01.100109,65.55,72.1,29.0,2400.027136,0.852,0x0,23,5
2026-03-26T15:35:02.126280,64.45,69.5,29.1,2400.033792,0.852,0x0,24,1
2026-03-26T15:35:03.147864,64.45,75.9,29.0,2400.033792,0.852,0x0,22,1
2026-03-26T15:35:04.171574,65.0,69.2,28.9,2400.023808,0.852,0x0,22,1
2026-03-26T15:35:05.192694,63.9,71.8,28.9,2400.027136,0.852,0x0,22,1
2026-03-26T15:35:06.216736,64.45,71.3,29.0,2400.03712,0.852,0x0,24,1
2026-03-26T15:35:07.242076,65.55,71.2,29.0,2400.023808,0.852,0x0,22,3
2026-03-26T15:35:08.266071,65.0,71.6,29.1,2400.033792,0.852,0x0,22,3
2026-03-26T15:35:09.287909,64.45,69.8,29.1,2400.03712,0.852,0x0,22,3
2026-03-26T15:35:10.314049,64.45,70.6,29.2,2400.030464,0.852,0x0,22,3
2026-03-26T15:35:11.346743,63.9,70.1,28.9,2400.030464,0.852,0x0,22,2
2026-03-26T15:35:12.372160,64.45,70.3,29.0,2400.033792,0.852,0x0,22,3
2026-03-26T15:35:13.395367,65.0,75.0,28.9,2400.030464,0.852,0x0,24,
2026-03-26T15:35:14.419115,65.0,68.8,29.2,2400.027136,0.852,0x0,22,3
2026-03-26T15:35:15.441911,66.1,71.9,29.0,2400.02048,0.852,0x0,22,1
2026-03-26T15:35:16.464218,63.35,69.4,28.9,2400.023808,0.852,0x0,24,2
2026-03-26T15:35:17.494553,64.45,71.5,29.0,2400.030464,0.852,0x0,24,1
2026-03-26T15:35:18.521727,65.0,70.1,28.9,2400.033792,0.852,0x0,24,1
2026-03-26T15:35:19.549662,65.55,69.9,28.9,2400.023808,0.852,0x0,22,3
2026-03-26T15:35:20.570071,63.9,71.9,29.2,2400.030464,0.852,0x0,22,3
2026-03-26T15:35:21.591647,65.0,70.2,29.2,2400.027136,0.852,0x0,22,1
2026-03-26T15:35:22.616529,63.35,71.2,29.2,2400.033792,0.852,0x0,22,3
2026-03-26T15:35:23.640867,65.0,76.9,29.0,2400.027136,0.852,0x0,22,1
2026-03-26T15:35:24.665687,65.0,71.0,29.0,2400.027136,0.852,0x0,22,4
2026-03-26T15:35:25.698002,64.45,70.4,28.9,2400.02048,0.852,0x0,22,2
2026-03-26T15:35:26.721658,64.45,69.6,28.6,2400.027136,0.852,0x0,24,1
2026-03-26T15:35:27.742014,65.0,70.8,28.6,2400.023808,0.852,0x0,24,1
2026-03-26T15:35:28.764163,65.55,70.1,28.7,2400.023808,0.852,0x0,22,2
2026-03-26T15:35:29.791129,65.0,70.4,28.8,2400.02048,0.852,0x0,22,3
2026-03-26T15:35:30.815529,65.55,71.6,28.7,2400.033792,0.852,0x0,22,1
2026-03-26T15:35:31.836914,64.45,70.7,28.6,2400.030464,0.852,0x0,24,1
2026-03-26T15:35:32.950080,64.45,73.2,28.7,2400.023808,0.852,0x0,24,1
2026-03-26T15:35:33.971343,63.35,70.9,29.2,2400.027136,0.852,0x0,22,4
2026-03-26T15:35:34.995256,64.45,76.2,29.4,2400.030464,0.852,0x0,22,1
2026-03-26T15:35:36.015230,64.45,70.0,29.2,2400.030464,0.852,0x0,24,1
2026-03-26T15:35:37.039704,65.0,69.4,29.2,2400.023808,0.852,0x0,22,3
2026-03-26T15:35:38.071503,65.55,68.5,29.2,2400.02048,0.852,0x0,24,2
2026-03-26T15:35:39.096947,64.45,71.3,29.0,2400.033792,0.852,0x0,22,1
2026-03-26T15:35:40.123949,65.0,70.9,29.0,2400.023808,0.852,0x0,22,3
2026-03-26T15:35:41.152604,65.55,69.7,29.0,2400.027136,0.852,0x0,24,6
2026-03-26T15:35:42.178139,64.45,72.2,29.1,2400.027136,0.852,0x0,22,1
2026-03-26T15:35:43.201426,65.55,69.2,29.2,2400.033792,0.852,0x0,24,
2026-03-26T15:35:44.223914,65.0,71.5,29.0,2400.030464,0.852,0x0,22,3
2026-03-26T15:35:45.246798,63.9,77.1,28.9,2400.02048,0.852,0x0,22,3
2026-03-26T15:35:46.269648,64.45,71.8,28.8,2400.02048,0.852,0x0,22,2
2026-03-26T15:35:47.293381,64.45,69.5,28.9,2400.033792,0.852,0x0,22,3
2026-03-26T15:35:48.322073,66.1,70.5,29.1,2400.027136,0.852,0x0,22,3
2026-03-26T15:35:49.348454,64.45,71.8,28.8,2400.030464,0.852,0x0,24,1
2026-03-26T15:35:50.375799,64.45,71.5,29.0,2400.023808,0.852,0x0,24,1
2026-03-26T15:35:51.403042,64.45,70.5,29.1,2400.027136,0.852,0x0,24,2
2026-03-26T15:35:52.431075,64.45,70.4,29.1,2400.02048,0.852,0x0,22,3
2026-03-26T15:35:53.455139,65.0,69.3,29.1,2400.027136,0.852,0x0,22,1
2026-03-26T15:35:54.485495,63.35,70.0,29.2,2400.033792,0.852,0x0,24,
2026-03-26T15:35:55.510874,65.55,71.9,29.0,2400.030464,0.852,0x0,22,1
2026-03-26T15:35:56.530453,64.45,76.6,29.3,2400.027136,0.852,0x0,22,2
2026-03-26T15:35:57.555814,65.0,70.7,29.4,2400.03712,0.852,0x0,22,1
2026-03-26T15:35:58.575695,64.45,70.7,29.3,2400.027136,0.852,0x0,24,2
2026-03-26T15:35:59.598147,63.9,70.9,29.2,2400.017408,0.852,0x0,24,2
2026-03-26T15:36:00.620474,65.55,71.8,29.2,2400.027136,0.852,0x0,22,2
2026-03-26T15:36:01.653535,64.45,73.8,29.1,2400.017408,0.852,0x0,24,2
2026-03-26T15:36:02.675745,64.45,70.8,28.8,2400.023808,0.852,0x0,24,2
2026-03-26T15:36:03.699253,65.55,69.8,29.0,2400.033792,0.852,0x0,22,2
2026-03-26T15:36:04.722462,65.55,78.4,29.2,2400.02048,0.852,0x0,24,
2026-03-26T15:36:05.754073,65.0,70.1,29.1,2400.03712,0.852,0x0,22,2
2026-03-26T15:36:06.778203,66.1,69.1,29.1,2400.02048,0.852,0x0,22,2
2026-03-26T15:36:07.808334,65.0,70.3,29.2,2400.02048,0.852,0x0,22,1
2026-03-26T15:36:08.827005,63.9,71.9,29.2,2400.02048,0.852,0x0,24,1
2026-03-26T15:36:09.854293,64.45,72.5,29.2,2400.017408,0.852,0x0,24,
2026-03-26T15:36:10.881021,67.2,69.7,29.1,2400.02048,0.852,0x0,24,5
2026-03-26T15:36:11.904198,66.1,71.4,29.0,2400.017408,0.852,0x0,22,1
2026-03-26T15:36:12.926086,65.55,70.1,28.9,2400.030464,0.852,0x0,24,1
2026-03-26T15:36:13.948438,64.45,69.9,28.9,2400.033792,0.852,0x0,22,1
2026-03-26T15:36:14.973074,66.1,70.5,29.0,2400.023808,0.852,0x0,22,3
2026-03-26T15:36:16.005755,65.55,68.9,28.9,2400.023808,0.852,0x0,22,1
2026-03-26T15:36:17.027007,64.45,77.2,28.9,2400.030464,0.852,0x0,24,1
2026-03-26T15:36:18.052867,64.45,70.4,29.0,2400.033792,0.852,0x0,22,1
2026-03-26T15:36:19.080000,65.0,71.1,29.0,2400.023808,0.852,0x0,24,3
2026-03-26T15:36:20.107008,64.45,73.8,29.1,2400.023808,0.852,0x0,22,1
2026-03-26T15:36:21.130941,64.45,70.4,28.9,2400.030464,0.852,0x0,22,3
2026-03-26T15:36:22.159801,66.1,70.0,29.0,2400.023808,0.852,0x0,22,3
2026-03-26T15:36:23.182345,65.0,70.2,29.1,2400.033792,0.852,0x0,22,3
2026-03-26T15:36:24.203007,64.45,69.4,29.0,2400.02048,0.852,0x0,24,1
2026-03-26T15:36:25.223884,62.8,69.8,29.2,2400.027136,0.852,0x0,24,2
2026-03-26T15:36:26.249615,65.0,70.2,29.1,2400.030464,0.852,0x0,24,1
2026-03-26T15:36:27.271768,66.1,70.5,29.1,2400.02048,0.852,0x0,22,3
2026-03-26T15:36:28.301042,65.0,75.1,29.2,2400.030464,0.852,0x0,24,
2026-03-26T15:36:29.323270,64.45,71.4,29.0,2400.030464,0.852,0x0,22,2
2026-03-26T15:36:30.347335,63.9,71.3,29.0,2400.027136,0.852,0x0,22,3
2026-03-26T15:36:31.378109,64.45,71.9,29.0,2400.023808,0.852,0x0,24,2
2026-03-26T15:36:32.406673,64.45,70.5,29.2,2400.02048,0.852,0x0,22,4
2026-03-26T15:36:33.434092,65.0,72.3,29.6,2400.023808,0.852,0x0,24,
2026-03-26T15:36:34.455515,65.0,71.4,29.8,2400.02048,0.852,0x0,24,2
2026-03-26T15:36:35.476445,64.45,72.0,29.6,2400.030464,0.852,0x0,24,2
2026-03-26T15:36:36.502650,64.45,71.4,29.4,2400.027136,0.852,0x0,23,2
2026-03-26T15:36:37.527670,64.45,71.6,29.3,2400.033792,0.852,0x0,22,1
2026-03-26T15:36:38.549227,65.55,70.4,29.2,2400.017408,0.852,0x0,22,3
2026-03-26T15:36:39.572550,64.45,76.9,29.2,2400.03712,0.852,0x0,22,2
2026-03-26T15:36:40.594259,63.9,70.4,29.1,2400.033792,0.852,0x0,22,3
2026-03-26T15:36:41.616946,63.9,71.6,28.9,2400.027136,0.852,0x0,22,3
2026-03-26T15:36:42.642114,65.0,69.7,28.9,2400.027136,0.852,0x0,24,4
2026-03-26T15:36:43.676387,66.1,70.2,29.0,2400.023808,0.852,0x0,24,1
2026-03-26T15:36:44.702264,64.45,70.8,29.1,2400.02048,0.852,0x0,24,2
2026-03-26T15:36:45.728920,65.55,69.4,29.1,2400.033792,0.852,0x0,22,3
2026-03-26T15:36:46.752780,65.0,70.3,29.3,2400.030464,0.852,0x0,24,1
2026-03-26T15:36:47.777591,65.0,70.9,29.3,2400.023808,0.852,0x0,22,3
2026-03-26T15:36:48.802082,66.65,70.0,29.4,2400.03712,0.852,0x0,24,1
2026-03-26T15:36:49.829335,65.55,76.3,29.2,2400.02048,0.852,0x0,24,4
2026-03-26T15:36:50.860297,64.45,73.0,29.0,2400.030464,0.852,0x0,24,1
2026-03-26T15:36:51.931732,66.1,70.1,29.0,2400.023808,0.852,0x0,22,2
2026-03-26T15:36:52.953672,63.35,69.2,29.1,2400.03712,0.852,0x0,24,3
2026-03-26T15:36:54.062228,65.0,70.0,29.3,2400.03712,0.852,0x0,23,3
2026-03-26T15:36:55.087289,65.0,71.1,29.2,2400.02048,0.852,0x0,22,2
2026-03-26T15:36:56.112508,64.45,71.2,29.1,2400.027136,0.852,0x0,22,1
2026-03-26T15:36:57.132979,65.0,70.9,29.3,2400.02048,0.852,0x0,22,1
2026-03-26T15:36:58.188171,63.9,71.3,29.1,2400.023808,0.852,0x0,22,2
2026-03-26T15:36:59.212907,64.45,69.5,29.0,2400.030464,0.852,0x0,22,4
2026-03-26T15:37:00.241726,63.9,75.8,29.3,2400.027136,0.852,0x0,22,3
2026-03-26T15:37:01.273793,64.45,70.8,29.4,2400.030464,0.852,0x0,24,2
2026-03-26T15:37:02.302120,64.45,69.9,29.2,2400.033792,0.852,0x0,22,2
2026-03-26T15:37:03.323413,65.0,70.9,29.1,2400.03712,0.852,0x0,24,2
2026-03-26T15:37:04.345814,65.0,71.6,29.1,2400.02048,0.852,0x0,24,1
2026-03-26T15:37:05.372574,64.45,71.3,29.2,2400.030464,0.852,0x0,22,4
2026-03-26T15:37:06.405457,65.0,70.3,29.1,2400.023808,0.852,0x0,24,1
2026-03-26T15:37:07.426257,66.1,72.0,29.3,2400.02048,0.852,0x0,22,3
2026-03-26T15:37:08.448415,64.45,70.6,29.1,2400.03712,0.852,0x0,24,1
2026-03-26T15:37:09.473798,64.45,70.4,29.1,2400.023808,0.852,0x0,24,1
2026-03-26T15:37:10.498324,64.45,77.8,29.3,2400.030464,0.852,0x0,24,1
2026-03-26T15:37:11.529033,65.0,70.6,29.3,2400.033792,0.852,0x0,24,2
2026-03-26T15:37:12.549774,64.45,70.7,29.3,2400.03712,0.852,0x0,22,2
2026-03-26T15:37:13.572884,63.9,70.9,29.2,2400.03712,0.852,0x0,24,1
2026-03-26T15:37:14.595389,64.45,69.9,29.1,2400.02048,0.852,0x0,22,1
2026-03-26T15:37:15.615866,65.55,70.6,29.1,2400.027136,0.852,0x0,22,3
2026-03-26T15:37:16.648100,65.0,70.9,29.0,2400.023808,0.852,0x0,22,2
2026-03-26T15:37:17.670061,66.1,70.5,29.1,2400.02048,0.852,0x0,24,4
2026-03-26T15:37:18.695593,64.45,70.9,29.1,2400.027136,0.852,0x0,24,3
2026-03-26T15:37:19.717985,64.45,71.8,29.1,2400.03712,0.852,0x0,22,1
2026-03-26T15:37:20.745324,63.9,78.0,29.2,2400.030464,0.852,0x0,22,1
2026-03-26T15:37:21.768787,64.45,70.0,29.3,2400.030464,0.852,0x0,23,4
2026-03-26T15:37:22.800815,66.1,72.2,29.2,2400.030464,0.852,0x0,22,3
2026-03-26T15:37:23.828037,64.45,70.3,29.2,2400.033792,0.852,0x0,22,0
2026-03-26T15:37:24.848196,64.45,72.7,29.3,2400.023808,0.852,0x0,24,1
2026-03-26T15:37:25.979111,64.45,72.0,29.1,2400.027136,0.852,0x0,24,
2026-03-26T15:37:27.014292,65.0,71.3,29.3,2400.02048,0.852,0x0,24,2
2026-03-26T15:37:28.037013,64.45,71.1,29.2,2400.027136,0.852,0x0,24,5
2026-03-26T15:37:29.146093,65.0,71.0,29.2,2400.030464,0.852,0x0,22,4
2026-03-26T15:37:30.171483,65.0,71.1,29.2,2400.027136,0.852,0x0,24,1
2026-03-26T15:37:31.199328,64.45,69.7,29.1,2400.023808,0.852,0x0,22,1
2026-03-26T15:37:32.222085,64.45,76.0,28.9,2400.030464,0.852,0x0,22,2
2026-03-26T15:37:33.247485,64.45,71.1,28.9,2400.023808,0.852,0x0,22,4
2026-03-26T15:37:34.268346,65.0,70.1,29.2,2400.017408,0.852,0x0,24,
2026-03-26T15:37:35.296501,65.0,72.5,29.2,2400.033792,0.852,0x0,22,3
2026-03-26T15:37:36.320188,64.45,70.3,29.2,2400.030464,0.852,0x0,22,2
2026-03-26T15:37:37.345869,64.45,69.8,29.1,2400.030464,0.852,0x0,25,3
2026-03-26T15:37:38.368769,64.45,69.8,29.1,2400.030464,0.852,0x0,24,2
2026-03-26T15:37:39.389996,65.0,70.4,29.0,2400.030464,0.852,0x0,22,1
2026-03-26T15:37:40.411808,64.45,71.1,29.0,2400.030464,0.852,0x0,22,4
2026-03-26T15:37:41.436795,63.9,71.1,29.2,2400.02048,0.852,0x0,22,3
2026-03-26T15:37:42.486926,65.0,69.9,29.0,2400.033792,0.852,0x0,24,
2026-03-26T15:37:43.515643,64.45,77.0,29.2,2400.030464,0.852,0x0,22,1
2026-03-26T15:37:44.540069,63.35,70.8,29.4,2400.03712,0.852,0x0,24,
2026-03-26T15:37:45.560799,64.45,76.8,29.1,2400.017408,0.852,0x0,22,3
2026-03-26T15:37:46.595872,65.0,74.6,29.0,2400.030464,0.852,0x0,24,1
2026-03-26T15:37:47.617297,64.45,69.3,29.2,2400.03712,0.852,0x0,23,4
2026-03-26T15:37:48.643725,65.55,69.2,29.1,2400.02048,0.852,0x0,22,2
2026-03-26T15:37:49.669713,64.45,70.6,29.0,2400.02048,0.852,0x0,24,1
2026-03-26T15:37:50.697223,66.65,71.6,29.0,2400.033792,0.852,0x0,23,
2026-03-26T15:37:51.717510,62.8,69.2,28.9,2400.03712,0.852,0x0,24,1
2026-03-26T15:37:52.741569,64.45,70.6,28.7,2400.027136,0.852,0x0,24,1
2026-03-26T15:37:53.770150,65.55,77.2,29.0,2400.030464,0.852,0x0,23,2
2026-03-26T15:37:54.792940,64.45,70.6,28.9,2400.023808,0.852,0x0,22,1
2026-03-26T15:37:55.818604,65.0,70.8,29.1,2400.030464,0.852,0x0,22,1
2026-03-26T15:37:56.841790,65.55,71.1,28.8,2400.03712,0.852,0x0,24,2
2026-03-26T15:37:57.964327,65.55,70.9,28.9,2400.027136,0.852,0x0,24,1
2026-03-26T15:37:58.986906,65.55,73.1,28.8,2400.030464,0.852,0x0,23,
2026-03-26T15:38:00.057352,65.0,70.8,28.9,2400.023808,0.852,0x0,22,3
2026-03-26T15:38:01.082100,63.9,69.4,29.1,2400.030464,0.852,0x0,22,1
2026-03-26T15:38:02.106280,64.45,69.8,29.2,2400.02048,0.852,0x0,24,4
2026-03-26T15:38:03.134990,63.35,69.8,29.2,2400.030464,0.852,0x0,22,2
2026-03-26T15:38:04.157545,63.9,75.7,29.0,2400.023808,0.852,0x0,22,1
2026-03-26T15:38:05.177988,65.0,71.3,28.9,2400.027136,0.852,0x0,22,2
2026-03-26T15:38:06.204358,65.0,70.4,28.8,2400.030464,0.852,0x0,22,0
2026-03-26T15:38:07.226904,64.45,69.7,29.0,2400.030464,0.852,0x0,22,1
2026-03-26T15:38:08.361156,65.55,70.5,29.1,2400.027136,0.852,0x0,22,3
2026-03-26T15:38:09.385706,64.45,70.5,29.2,2400.030464,0.852,0x0,22,2
2026-03-26T15:38:10.407315,66.1,69.8,28.9,2400.023808,0.852,0x0,22,2
2026-03-26T15:38:11.428033,64.45,69.6,29.0,2400.027136,0.852,0x0,23,5
2026-03-26T15:38:12.461117,64.45,69.9,28.9,2400.02048,0.852,0x0,22,
2026-03-26T15:38:13.482944,64.45,72.7,29.1,2400.030464,0.852,0x0,24,2
2026-03-26T15:38:14.508430,64.45,75.0,28.9,2400.033792,0.852,0x0,22,1
2026-03-26T15:38:15.528741,64.45,69.8,29.0,2400.03712,0.852,0x0,24,1
2026-03-26T15:38:16.554107,63.9,72.4,29.1,2400.027136,0.852,0x0,22,3
2026-03-26T15:38:17.577519,65.55,69.2,29.1,2400.033792,0.852,0x0,22,3
2026-03-26T15:38:18.610078,65.55,71.0,29.0,2400.027136,0.852,0x0,22,3
2026-03-26T15:38:19.736316,66.1,70.0,29.1,2400.030464,0.852,0x0,22,2
2026-03-26T15:38:20.762773,64.45,70.7,29.1,2400.033792,0.852,0x0,24,1
2026-03-26T15:38:21.785618,64.45,69.8,29.2,2400.023808,0.852,0x0,22,3
2026-03-26T15:38:22.814174,64.45,70.2,29.1,2400.033792,0.852,0x0,22,3
2026-03-26T15:38:23.840120,65.0,70.5,29.2,2400.023808,0.852,0x0,22,3
2026-03-26T15:38:24.871849,65.0,70.2,29.1,2400.023808,0.852,0x0,24,1
2026-03-26T15:38:25.893092,65.0,77.0,28.9,2400.023808,0.852,0x0,22,3
2026-03-26T15:38:26.927966,66.1,71.1,29.0,2400.027136,0.852,0x0,22,3
2026-03-26T15:38:27.952885,64.45,69.9,28.8,2400.02048,0.852,0x0,22,2
2026-03-26T15:38:28.974476,64.45,72.0,28.9,2400.02048,0.852,0x0,22,2
2026-03-26T15:38:30.002916,65.0,70.7,28.8,2400.030464,0.852,0x0,22,1
2026-03-26T15:38:31.028788,63.35,70.1,28.9,2400.017408,0.852,0x0,24,3
2026-03-26T15:38:32.050728,65.0,69.8,29.2,2400.033792,0.852,0x0,24,2
2026-03-26T15:38:33.082087,65.0,70.1,29.3,2400.033792,0.852,0x0,24,1
2026-03-26T15:38:34.103080,66.1,71.6,29.3,2400.02048,0.852,0x0,22,2
2026-03-26T15:38:35.124570,66.1,69.9,29.1,2400.023808,0.852,0x0,24,1
2026-03-26T15:38:36.149644,65.0,76.3,29.2,2400.030464,0.852,0x0,24,2
2026-03-26T15:38:37.175374,63.9,70.2,29.4,2400.030464,0.852,0x0,22,3
2026-03-26T15:38:38.197446,65.55,69.6,29.2,2400.027136,0.852,0x0,22,1
2026-03-26T15:38:39.228049,64.45,69.8,29.3,2400.03712,0.852,0x0,22,2
2026-03-26T15:38:40.259122,64.45,69.8,29.3,2400.033792,0.852,0x0,22,1
2026-03-26T15:38:41.285636,64.45,70.9,29.2,2400.030464,0.852,0x0,22,3
2026-03-26T15:38:42.307115,65.55,69.3,29.2,2400.027136,0.852,0x0,22,4
2026-03-26T15:38:43.333561,64.45,70.9,29.0,2400.03712,0.852,0x0,22,2
2026-03-26T15:38:44.366537,63.35,72.1,29.0,2400.030464,0.852,0x0,23,4
2026-03-26T15:38:45.390658,65.0,72.2,28.9,2400.02048,0.852,0x0,22,1
2026-03-26T15:38:46.417257,63.9,79.1,29.0,2400.030464,0.852,0x0,22,3
2026-03-26T15:38:47.454640,65.55,74.5,28.8,2400.023808,0.852,0x0,22,2
2026-03-26T15:38:48.477491,64.45,71.3,29.2,2400.030464,0.852,0x0,24,3
2026-03-26T15:38:49.501553,64.45,71.4,29.3,2400.033792,0.852,0x0,22,1
2026-03-26T15:38:50.525589,64.45,72.6,29.3,2400.033792,0.852,0x0,22,1
2026-03-26T15:38:51.558119,65.55,71.4,29.3,2400.023808,0.852,0x0,22,1
2026-03-26T15:38:52.584705,64.45,73.2,29.0,2400.027136,0.852,0x0,24,2
2026-03-26T15:38:53.614993,65.55,71.6,29.0,2400.030464,0.852,0x0,22,2
2026-03-26T15:38:54.644118,63.9,70.0,29.2,2400.023808,0.852,0x0,22,2
2026-03-26T15:38:55.669951,65.0,72.5,29.0,2400.027136,0.852,0x0,22,3
2026-03-26T15:38:56.695375,64.45,72.7,28.8,2400.02048,0.852,0x0,24,1
2026-03-26T15:38:57.830119,63.9,73.1,28.9,2400.030464,0.852,0x0,22,1
2026-03-26T15:38:58.855943,65.55,78.5,29.0,2400.03712,0.852,0x0,24,3
2026-03-26T15:38:59.886121,64.45,73.7,29.2,2400.02048,0.852,0x0,24,1
2026-03-26T15:39:00.915595,64.45,71.7,29.2,2400.023808,0.852,0x0,24,
2026-03-26T15:39:01.943432,65.55,72.5,29.4,2400.02048,0.852,0x0,22,2
2026-03-26T15:39:02.964351,65.55,74.8,29.1,2400.03712,0.852,0x0,22,3
2026-03-26T15:39:03.989966,64.45,71.9,29.1,2400.033792,0.852,0x0,24,
2026-03-26T15:39:05.019065,65.0,71.1,28.9,2400.023808,0.852,0x0,24,2
2026-03-26T15:39:06.048786,63.9,72.9,29.0,2400.033792,0.852,0x0,22,3
2026-03-26T15:39:07.077163,63.9,70.3,29.0,2400.030464,0.852,0x0,22,2
2026-03-26T15:39:08.101711,65.55,79.0,28.9,2400.02048,0.852,0x0,24,
2026-03-26T15:39:09.138203,63.35,70.8,28.8,2400.023808,0.852,0x0,24,2
2026-03-26T15:39:10.158740,64.45,72.4,29.0,2400.027136,0.852,0x0,22,1
2026-03-26T15:39:11.188373,65.0,72.0,28.9,2400.03712,0.852,0x0,22,3
2026-03-26T15:39:12.214360,65.0,73.8,29.0,2400.030464,0.852,0x0,23,
2026-03-26T15:39:13.246091,63.9,71.9,29.0,2400.03712,0.852,0x0,22,3
2026-03-26T15:39:14.273286,65.0,72.0,29.1,2400.02048,0.852,0x0,24,5
2026-03-26T15:39:15.308373,65.0,71.0,29.1,2400.02048,0.852,0x0,22,1
2026-03-26T15:39:16.330932,64.45,77.8,28.8,2400.033792,0.852,0x0,22,1
2026-03-26T15:39:17.356333,64.45,80.2,28.8,2400.033792,0.852,0x0,22,4
2026-03-26T15:39:18.380406,65.55,70.5,28.8,2400.030464,0.852,0x0,22,1
2026-03-26T15:39:19.408841,65.0,70.7,28.9,2400.023808,0.852,0x0,24,2
2026-03-26T15:39:20.438106,63.9,72.7,28.8,2400.027136,0.852,0x0,24,1
2026-03-26T15:39:21.460667,65.55,71.0,29.1,2400.03712,0.852,0x0,22,4
2026-03-26T15:39:22.497106,65.0,71.7,29.2,2400.023808,0.852,0x0,22,1
2026-03-26T15:39:23.522462,65.0,69.1,28.8,2400.030464,0.852,0x0,22,2
2026-03-26T15:39:24.548707,64.45,72.6,28.8,2400.02048,0.852,0x0,25,1
2026-03-26T15:39:25.572510,65.55,73.5,28.8,2400.02048,0.852,0x0,24,3
2026-03-26T15:39:26.597205,65.0,72.2,28.9,2400.030464,0.852,0x0,22,3
2026-03-26T15:39:27.623979,66.1,78.0,28.8,2400.023808,0.852,0x0,24,
2026-03-26T15:39:28.667922,63.9,72.4,28.5,2400.027136,0.852,0x0,22,2
2026-03-26T15:39:29.691485,65.55,72.4,28.7,2400.02048,0.852,0x0,22,2
2026-03-26T15:39:30.720217,65.55,72.7,28.8,2400.027136,0.852,0x0,22,2
2026-03-26T15:39:31.746187,63.9,78.0,28.3,2400.023808,0.852,0x0,24,2
2026-03-26T15:39:32.776949,64.45,72.8,28.3,2400.023808,0.852,0x0,22,2
2026-03-26T15:39:33.809282,64.45,70.3,28.4,2400.023808,0.852,0x0,22,2
2026-03-26T15:39:34.836226,63.9,72.2,28.4,2400.033792,0.852,0x0,22,3
2026-03-26T15:39:35.861683,65.0,71.6,28.3,2400.03712,0.852,0x0,22,1
2026-03-26T15:39:36.888256,64.45,71.8,28.4,2400.027136,0.852,0x0,22,3
2026-03-26T15:39:37.918139,64.45,72.5,28.4,2400.033792,0.852,0x0,24,1
2026-03-26T15:39:38.941234,63.9,80.6,28.3,2400.030464,0.852,0x0,24,1
2026-03-26T15:39:39.963069,64.45,70.1,28.1,2400.02048,0.852,0x0,22,2
2026-03-26T15:39:40.991771,63.9,71.9,28.3,2400.033792,0.852,0x0,24,5
2026-03-26T15:39:42.017430,64.45,71.9,28.5,2400.030464,0.852,0x0,24,2
2026-03-26T15:39:43.044046,65.55,73.4,28.4,2400.02048,0.852,0x0,22,3
2026-03-26T15:39:44.073542,65.55,71.2,28.3,2400.030464,0.852,0x0,22,3
2026-03-26T15:39:45.098484,64.45,71.2,28.4,2400.033792,0.852,0x0,24,2
2026-03-26T15:39:46.126116,64.45,71.7,28.5,2400.03712,0.852,0x0,23,
2026-03-26T15:39:47.154934,66.1,73.8,28.5,2400.023808,0.852,0x0,22,3
2026-03-26T15:39:48.178185,64.45,74.1,28.5,2400.030464,0.852,0x0,22,0
2026-03-26T15:39:49.205356,65.0,78.4,28.6,2400.027136,0.852,0x0,23,
2026-03-26T15:39:50.229829,64.45,71.5,28.3,2400.027136,0.852,0x0,22,2
2026-03-26T15:39:51.258536,65.55,69.7,28.4,2400.02048,0.852,0x0,24,1
2026-03-26T15:39:52.288943,65.0,70.8,28.3,2400.030464,0.852,0x0,22,4
2026-03-26T15:39:53.319227,66.1,71.9,28.5,2400.027136,0.852,0x0,22,1
2026-03-26T15:39:54.342259,65.0,71.8,28.3,2400.027136,0.852,0x0,22,1
2026-03-26T15:39:55.369110,65.0,72.1,28.3,2400.033792,0.852,0x0,23,
2026-03-26T15:39:56.393937,64.45,71.9,28.3,2400.033792,0.852,0x0,22,5
2026-03-26T15:39:57.425058,63.35,72.0,28.4,2400.03712,0.852,0x0,22,4
2026-03-26T15:39:58.550834,64.45,72.2,28.4,2400.023808,0.852,0x0,22,2
2026-03-26T15:39:59.573495,63.9,78.0,28.4,2400.030464,0.852,0x0,22,2
2026-03-26T15:40:00.606106,64.45,71.7,28.6,2400.033792,0.852,0x0,24,5
2026-03-26T15:40:01.633074,64.45,71.0,28.5,2400.030464,0.852,0x0,22,1
2026-03-26T15:40:02.658129,65.55,72.4,28.5,2400.023808,0.852,0x0,22,3
2026-03-26T15:40:03.687688,64.45,70.8,28.3,2400.02048,0.852,0x0,23,2
2026-03-26T15:40:04.707186,64.45,72.5,28.1,2400.023808,0.852,0x0,24,1
2026-03-26T15:40:05.730182,63.9,71.3,28.2,2400.030464,0.852,0x0,22,1
2026-03-26T15:40:06.754781,64.45,70.5,28.5,2400.02048,0.852,0x0,22,1
2026-03-26T15:40:07.787501,63.9,71.7,28.6,2400.02048,0.852,0x0,24,
2026-03-26T15:40:08.816144,65.55,79.5,28.5,2400.030464,0.852,0x0,24,1
2026-03-26T15:40:09.839497,64.45,70.5,28.1,2400.023808,0.852,0x0,24,
2026-03-26T15:40:10.864100,63.9,72.5,28.2,2400.027136,0.852,0x0,24,3
2026-03-26T15:40:11.888075,63.9,70.3,28.5,2400.02048,0.852,0x0,23,
2026-03-26T15:40:12.907165,64.45,71.5,28.4,2400.023808,0.852,0x0,22,3
2026-03-26T15:40:13.937215,65.0,71.2,28.3,2400.027136,0.852,0x0,22,2
2026-03-26T15:40:14.964087,64.45,72.4,28.4,2400.030464,0.852,0x0,22,5
2026-03-26T15:40:15.990386,66.1,72.4,28.1,2400.033792,0.852,0x0,24,
2026-03-26T15:40:17.021337,65.55,71.2,28.2,2400.033792,0.852,0x0,22,1
2026-03-26T15:40:18.042564,63.9,71.5,28.4,2400.030464,0.852,0x0,22,1
2026-03-26T15:40:19.068668,65.0,80.0,28.4,2400.030464,0.852,0x0,22,2
2026-03-26T15:40:20.091234,64.45,71.8,28.0,2400.027136,0.852,0x0,22,1
2026-03-26T15:40:21.110535,63.9,71.4,28.3,2400.023808,0.852,0x0,22,1
2026-03-26T15:40:22.141439,65.0,71.6,28.5,2400.023808,0.852,0x0,22,3
2026-03-26T15:40:23.168687,65.0,73.6,28.5,2400.023808,0.852,0x0,22,3
2026-03-26T15:40:24.205652,65.55,71.7,28.4,2400.033792,0.852,0x0,22,1
2026-03-26T15:40:25.227426,63.9,71.1,28.5,2400.023808,0.852,0x0,22,4
2026-03-26T15:40:26.252307,64.45,70.4,28.4,2400.027136,0.852,0x0,23,
2026-03-26T15:40:27.276484,64.45,71.6,28.5,2400.023808,0.852,0x0,22,3
2026-03-26T15:40:28.300475,63.9,71.8,28.5,2400.030464,0.852,0x0,22,3
2026-03-26T15:40:29.330748,64.45,78.0,28.5,2400.030464,0.852,0x0,24,5
2026-03-26T15:40:30.357469,64.45,72.7,28.3,2400.02048,0.852,0x0,24,0
2026-03-26T15:40:31.384863,63.9,70.9,28.2,2400.027136,0.852,0x0,24,1
2026-03-26T15:40:32.410090,64.45,70.3,28.3,2400.033792,0.852,0x0,24,3
2026-03-26T15:40:33.439489,65.0,72.7,28.3,2400.030464,0.852,0x0,24,3
2026-03-26T15:40:34.465021,63.9,68.9,28.4,2400.027136,0.852,0x0,24,2
2026-03-26T15:40:35.493499,63.9,72.9,28.3,2400.033792,0.852,0x0,22,2
2026-03-26T15:40:36.522215,65.55,71.5,28.4,2400.027136,0.852,0x0,24,1
2026-03-26T15:40:37.545358,64.45,69.7,28.3,2400.027136,0.852,0x0,22,1
2026-03-26T15:40:38.572562,65.0,71.5,28.4,2400.02048,0.852,0x0,22,1
2026-03-26T15:40:39.594153,65.0,76.8,28.3,2400.030464,0.852,0x0,22,1
2026-03-26T15:40:40.627852,66.1,73.3,28.2,2400.023808,0.852,0x0,24,1
2026-03-26T15:40:41.659773,63.9,73.5,28.4,2400.027136,0.852,0x0,22,3
2026-03-26T15:40:42.685013,64.45,71.1,28.5,2400.02048,0.852,0x0,22,0
2026-03-26T15:40:43.715875,64.45,71.1,28.3,2400.027136,0.852,0x0,22,2
2026-03-26T15:40:44.741360,65.0,74.3,28.5,2400.030464,0.852,0x0,24,3
2026-03-26T15:40:45.771167,64.45,70.8,28.5,2400.030464,0.852,0x0,22,3
2026-03-26T15:40:46.797177,63.9,70.1,28.6,2400.027136,0.852,0x0,22,1
2026-03-26T15:40:47.834206,65.0,69.8,28.6,2400.033792,0.852,0x0,22,3
2026-03-26T15:40:48.855964,65.55,71.5,28.3,2400.027136,0.852,0x0,22,1
2026-03-26T15:40:49.879240,64.45,78.8,28.4,2400.03712,0.852,0x0,22,4
2026-03-26T15:40:50.907568,64.45,72.5,28.6,2400.030464,0.852,0x0,22,3
2026-03-26T15:40:51.938103,63.9,71.0,28.3,2400.023808,0.852,0x0,24,5
2026-03-26T15:40:52.965593,64.45,70.9,28.2,2400.027136,0.852,0x0,24,2
2026-03-26T15:40:53.997047,63.9,70.2,28.4,2400.027136,0.852,0x0,22,3
2026-03-26T15:40:55.030879,65.0,73.5,28.3,2400.033792,0.852,0x0,24,2
2026-03-26T15:40:56.058183,63.35,71.5,28.2,2400.023808,0.852,0x0,22,1
2026-03-26T15:40:57.085985,63.9,71.7,28.4,2400.02048,0.852,0x0,22,1
2026-03-26T15:40:58.109037,64.45,72.5,28.1,2400.03712,0.852,0x0,24,2
2026-03-26T15:40:59.136830,65.0,70.4,28.3,2400.030464,0.852,0x0,22,3
2026-03-26T15:41:00.165633,63.9,78.4,28.3,2400.03712,0.852,0x0,22,3
2026-03-26T15:41:01.193770,65.0,73.4,28.2,2400.027136,0.852,0x0,22,1
2026-03-26T15:41:02.222185,65.0,72.3,28.4,2400.02048,0.852,0x0,22,2
2026-03-26T15:41:03.250641,65.0,72.8,28.2,2400.02048,0.852,0x0,24,4
2026-03-26T15:41:04.276475,64.45,73.0,28.3,2400.023808,0.852,0x0,24,2
2026-03-26T15:41:05.306919,64.45,73.3,28.5,2400.02048,0.852,0x0,22,1
2026-03-26T15:41:06.325498,64.45,71.2,28.4,2400.017408,0.852,0x0,22,1
2026-03-26T15:41:07.351608,65.55,70.9,28.4,2400.030464,0.852,0x0,23,
2026-03-26T15:41:08.378286,63.35,71.7,28.5,2400.027136,0.852,0x0,22,0
2026-03-26T15:41:09.416246,64.45,73.3,28.4,2400.030464,0.852,0x0,22,2
2026-03-26T15:41:10.445176,65.55,81.7,28.3,2400.033792,0.852,0x0,22,1
2026-03-26T15:41:11.472987,64.45,71.4,28.4,2400.023808,0.852,0x0,22,3
2026-03-26T15:41:12.505514,65.55,70.9,28.3,2400.023808,0.852,0x0,22,3
2026-03-26T15:41:13.534398,65.55,72.0,28.3,2400.030464,0.852,0x0,22,1
2026-03-26T15:41:14.558638,64.45,72.0,28.4,2400.02048,0.852,0x0,24,1
2026-03-26T15:41:15.587420,64.45,71.8,28.3,2400.023808,0.852,0x0,23,4
2026-03-26T15:41:16.608989,62.8,72.1,28.3,2400.023808,0.852,0x0,24,1
2026-03-26T15:41:17.644388,64.45,79.2,28.1,2400.027136,0.852,0x0,22,4
2026-03-26T15:41:18.676962,65.0,72.9,28.2,2400.033792,0.852,0x0,22,2
2026-03-26T15:41:19.710815,65.0,74.1,28.2,2400.027136,0.852,0x0,22,2
2026-03-26T15:41:20.740794,67.2,78.6,28.1,2400.023808,0.852,0x0,22,3
2026-03-26T15:41:21.765035,64.45,73.3,28.1,2400.027136,0.852,0x0,24,0
2026-03-26T15:41:22.796967,65.0,71.1,28.4,2400.027136,0.852,0x0,24,2
2026-03-26T15:41:23.825252,65.0,70.6,28.4,2400.033792,0.852,0x0,22,1
2026-03-26T15:41:24.849369,63.9,73.1,28.4,2400.03712,0.852,0x0,24,2
2026-03-26T15:41:25.872399,63.9,70.3,28.3,2400.023808,0.852,0x0,24,
2026-03-26T15:41:26.905781,64.45,72.9,28.2,2400.02048,0.852,0x0,22,3
2026-03-26T15:41:27.931979,64.45,71.2,28.3,2400.027136,0.852,0x0,24,
2026-03-26T15:41:28.969960,64.45,72.4,28.1,2400.027136,0.852,0x0,24,1
2026-03-26T15:41:30.010154,64.45,80.2,28.3,2400.02048,0.852,0x0,22,2
2026-03-26T15:41:31.036438,65.0,69.8,28.5,2400.02048,0.852,0x0,23,4
2026-03-26T15:41:32.059546,66.1,70.4,28.3,2400.03712,0.852,0x0,22,2
2026-03-26T15:41:33.087743,64.45,71.2,28.2,2400.023808,0.852,0x0,22,1
2026-03-26T15:41:34.120459,64.45,72.1,28.1,2400.023808,0.852,0x0,24,1
2026-03-26T15:41:35.141655,65.55,71.8,28.3,2400.033792,0.852,0x0,22,1
2026-03-26T15:41:36.168990,65.0,69.6,28.4,2400.033792,0.852,0x0,24,1
2026-03-26T15:41:37.196138,64.45,70.5,28.3,2400.03712,0.852,0x0,22,2
2026-03-26T15:41:38.225770,65.55,71.6,28.4,2400.023808,0.852,0x0,22,3
2026-03-26T15:41:39.254277,64.45,72.5,28.4,2400.02048,0.852,0x0,23,
2026-03-26T15:41:40.282874,64.45,78.4,28.5,2400.033792,0.852,0x0,24,1
2026-03-26T15:41:41.311719,63.35,72.0,28.7,2400.03712,0.852,0x0,22,2
2026-03-26T15:41:42.339787,65.0,70.5,28.6,2400.033792,0.852,0x0,22,3
2026-03-26T15:41:43.367176,65.0,70.8,28.6,2400.023808,0.852,0x0,22,1
2026-03-26T15:41:44.391228,64.45,73.4,28.3,2400.030464,0.852,0x0,24,1
2026-03-26T15:41:45.525244,64.45,71.2,28.3,2400.033792,0.852,0x0,22,2
2026-03-26T15:41:46.547575,64.45,71.5,28.5,2400.02048,0.852,0x0,22,3
2026-03-26T15:41:47.573495,65.55,72.1,28.6,2400.027136,0.852,0x0,24,1
2026-03-26T15:41:48.601990,64.45,69.5,28.5,2400.027136,0.852,0x0,22,2
2026-03-26T15:41:49.627650,64.45,75.2,28.4,2400.02048,0.852,0x0,24,6
2026-03-26T15:41:50.654323,64.45,77.9,28.4,2400.023808,0.852,0x0,22,1
2026-03-26T15:41:51.681926,66.1,70.8,28.5,2400.027136,0.852,0x0,22,5
2026-03-26T15:41:52.705219,66.1,69.5,28.5,2400.027136,0.852,0x0,22,2
2026-03-26T15:41:53.737868,64.45,70.3,28.4,2400.017408,0.852,0x0,24,3
2026-03-26T15:41:54.765086,65.0,72.0,28.3,2400.023808,0.852,0x0,23,4
2026-03-26T15:41:55.793853,65.55,72.7,28.3,2400.02048,0.852,0x0,25,2
2026-03-26T15:41:56.820106,65.0,71.0,28.4,2400.030464,0.852,0x0,23,3
2026-03-26T15:41:57.843510,63.35,70.5,28.6,2400.02048,0.852,0x0,22,3
2026-03-26T15:41:58.864708,66.1,71.4,28.5,2400.023808,0.852,0x0,22,2
2026-03-26T15:41:59.909446,65.55,73.0,28.5,2400.030464,0.852,0x0,22,3
2026-03-26T15:42:00.939830,65.0,77.7,28.1,2400.03712,0.852,0x0,24,
2026-03-26T15:42:01.961494,63.35,70.4,28.3,2400.02048,0.852,0x0,24,1
2026-03-26T15:42:02.987826,65.55,71.0,28.3,2400.030464,0.852,0x0,24,1
2026-03-26T15:42:04.017858,65.0,72.4,28.3,2400.033792,0.852,0x0,24,1
2026-03-26T15:42:05.042074,64.45,74.9,28.5,2400.033792,0.852,0x0,24,
2026-03-26T15:42:06.067246,66.1,71.2,28.7,2400.033792,0.852,0x0,24,1
2026-03-26T15:42:07.092723,64.45,71.2,28.4,2400.027136,0.852,0x0,24,
2026-03-26T15:42:08.135379,65.0,70.3,28.4,2400.023808,0.852,0x0,22,1
2026-03-26T15:42:09.160684,64.45,72.4,28.3,2400.027136,0.852,0x0,22,4
2026-03-26T15:42:10.192634,65.0,80.1,28.4,2400.027136,0.852,0x0,24,5
2026-03-26T15:42:11.220634,63.9,71.0,28.4,2400.02048,0.852,0x0,24,
2026-03-26T15:42:12.247422,63.9,74.0,28.4,2400.033792,0.852,0x0,22,1
2026-03-26T15:42:13.269808,64.45,72.3,28.4,2400.02048,0.852,0x0,22,2
2026-03-26T15:42:14.301349,64.45,73.3,28.5,2400.02048,0.852,0x0,22,2
2026-03-26T15:42:15.326200,65.55,71.5,28.7,2400.030464,0.852,0x0,22,1
2026-03-26T15:42:16.348496,65.55,71.7,28.7,2400.033792,0.852,0x0,24,1
2026-03-26T15:42:17.376919,66.1,68.9,28.5,2400.033792,0.852,0x0,22,3
2026-03-26T15:42:18.404468,64.45,72.4,28.4,2400.023808,0.852,0x0,22,3
2026-03-26T15:42:19.438452,65.55,71.5,28.4,2400.017408,0.852,0x0,22,3
2026-03-26T15:42:20.469686,65.0,75.7,28.3,2400.030464,0.852,0x0,22,2
2026-03-26T15:42:21.518190,63.9,77.5,28.5,2400.033792,0.852,0x0,24,2
2026-03-26T15:42:22.543953,65.0,70.1,28.3,2400.027136,0.852,0x0,24,
2026-03-26T15:42:23.573764,64.45,72.6,28.3,2400.02048,0.852,0x0,22,2
2026-03-26T15:42:24.597446,63.9,70.9,28.4,2400.02048,0.852,0x0,24,1
2026-03-26T15:42:25.625986,65.55,73.2,28.4,2400.030464,0.852,0x0,24,1
2026-03-26T15:42:26.652923,63.9,70.6,28.5,2400.023808,0.852,0x0,22,3
2026-03-26T15:42:27.677707,64.45,73.1,28.3,2400.030464,0.852,0x0,24,1
2026-03-26T15:42:28.704412,64.45,71.4,28.2,2400.02048,0.852,0x0,22,2
2026-03-26T15:42:29.738138,64.45,72.7,28.3,2400.027136,0.852,0x0,24,3
2026-03-26T15:42:30.772934,64.45,73.6,28.5,2400.027136,0.852,0x0,22,3
2026-03-26T15:42:31.797585,64.45,78.8,28.3,2400.023808,0.852,0x0,24,1
2026-03-26T15:42:32.821819,64.45,72.8,28.4,2400.030464,0.852,0x0,22,1
2026-03-26T15:42:33.841885,65.0,70.8,28.5,2400.030464,0.852,0x0,24,1
2026-03-26T15:42:34.871069,66.1,72.5,28.3,2400.023808,0.852,0x0,22,2
2026-03-26T15:42:35.901230,64.45,71.8,28.3,2400.023808,0.852,0x0,24,
2026-03-26T15:42:36.923844,64.45,70.9,28.3,2400.023808,0.852,0x0,24,1
2026-03-26T15:42:37.948263,64.45,71.3,28.2,2400.02048,0.852,0x0,22,1
2026-03-26T15:42:38.973825,65.55,71.2,28.3,2400.023808,0.852,0x0,24,2
2026-03-26T15:42:39.999593,64.45,70.3,28.3,2400.033792,0.852,0x0,22,1
2026-03-26T15:42:41.031846,64.45,71.4,28.5,2400.027136,0.852,0x0,22,3
2026-03-26T15:42:42.063588,65.0,79.5,28.6,2400.027136,0.852,0x0,24,3
2026-03-26T15:42:43.100023,64.45,72.4,28.4,2400.030464,0.852,0x0,24,2
2026-03-26T15:42:44.124085,64.45,72.0,28.5,2400.03712,0.852,0x0,22,1
2026-03-26T15:42:45.144167,65.0,71.7,28.5,2400.023808,0.852,0x0,22,2
2026-03-26T15:42:46.177048,64.45,71.6,28.6,2400.023808,0.852,0x0,23,
2026-03-26T15:42:47.210631,65.55,71.6,28.5,2400.027136,0.852,0x0,24,1
2026-03-26T15:42:48.238977,66.65,71.8,28.3,2400.030464,0.852,0x0,24,1
2026-03-26T15:42:49.260669,64.45,71.1,28.2,2400.030464,0.852,0x0,22,2
2026-03-26T15:42:50.290287,64.45,72.5,28.5,2400.030464,0.852,0x0,22,1
2026-03-26T15:42:51.317000,64.45,80.1,28.5,2400.033792,0.852,0x0,24,1
2026-03-26T15:42:52.340930,62.8,71.1,28.5,2400.030464,0.852,0x0,22,3
2026-03-26T15:42:53.373328,66.1,72.1,28.3,2400.030464,0.852,0x0,24,
2026-03-26T15:42:54.403762,65.0,72.6,28.4,2400.023808,0.852,0x0,24,1
2026-03-26T15:42:55.424843,64.45,72.3,28.3,2400.030464,0.852,0x0,22,1
2026-03-26T15:42:56.456220,65.0,73.1,28.2,2400.033792,0.852,0x0,22,1
2026-03-26T15:42:57.481281,64.45,71.9,28.4,2400.027136,0.852,0x0,22,1
2026-03-26T15:42:58.505571,63.9,70.6,28.5,2400.027136,0.852,0x0,22,2
2026-03-26T15:42:59.534073,65.0,72.7,28.4,2400.027136,0.852,0x0,22,3
2026-03-26T15:43:00.563655,64.45,74.2,28.3,2400.027136,0.852,0x0,22,1
2026-03-26T15:43:01.604491,63.35,79.4,28.3,2400.030464,0.852,0x0,22,1
2026-03-26T15:43:02.625437,64.45,71.0,28.2,2400.033792,0.852,0x0,22,4
2026-03-26T15:43:03.660092,64.45,72.7,28.3,2400.030464,0.852,0x0,22,2
2026-03-26T15:43:04.687657,63.9,71.0,28.3,2400.033792,0.852,0x0,24,1
2026-03-26T15:43:05.718074,64.45,72.8,28.1,2400.030464,0.852,0x0,22,4
2026-03-26T15:43:06.740901,65.55,71.5,28.4,2400.033792,0.852,0x0,23,
2026-03-26T15:43:07.770194,64.45,72.3,28.5,2400.033792,0.852,0x0,24,1
2026-03-26T15:43:08.794136,64.45,70.6,28.4,2400.023808,0.852,0x0,22,3
2026-03-26T15:43:09.820517,63.9,74.2,28.3,2400.03712,0.852,0x0,24,
2026-03-26T15:43:10.851265,65.55,72.3,28.3,2400.027136,0.852,0x0,24,2
2026-03-26T15:43:11.884003,63.9,78.7,28.4,2400.033792,0.852,0x0,22,3
2026-03-26T15:43:12.912486,65.55,72.1,28.4,2400.030464,0.852,0x0,23,
2026-03-26T15:43:13.942627,65.0,71.0,28.5,2400.027136,0.852,0x0,22,3
2026-03-26T15:43:14.972905,64.45,71.0,28.3,2400.030464,0.852,0x0,24,5
2026-03-26T15:43:16.001042,65.55,72.0,28.3,2400.03712,0.852,0x0,24,2
2026-03-26T15:43:17.029816,65.0,72.6,28.6,2400.02048,0.852,0x0,22,
2026-03-26T15:43:18.063985,64.45,71.4,28.5,2400.023808,0.852,0x0,24,1
2026-03-26T15:43:19.191262,65.55,73.5,28.3,2400.030464,0.852,0x0,23,1
2026-03-26T15:43:20.217568,63.9,70.8,28.3,2400.023808,0.852,0x0,24,2
2026-03-26T15:43:21.239661,64.45,73.4,28.3,2400.02048,0.852,0x0,23,
2026-03-26T15:43:22.362477,64.45,78.0,28.6,2400.027136,0.852,0x0,24,5
2026-03-26T15:43:23.388729,63.9,74.0,28.4,2400.017408,0.852,0x0,24,1
2026-03-26T15:43:24.410947,65.55,71.5,28.2,2400.03712,0.852,0x0,24,7
2026-03-26T15:43:25.440666,62.8,72.8,28.4,2400.023808,0.852,0x0,22,1
2026-03-26T15:43:26.470215,64.45,72.1,28.3,2400.027136,0.852,0x0,24,5
2026-03-26T15:43:27.501051,65.0,71.8,28.5,2400.027136,0.852,0x0,22,3
2026-03-26T15:43:28.527483,65.55,72.6,28.4,2400.027136,0.852,0x0,22,1
2026-03-26T15:43:29.552448,65.55,69.0,28.4,2400.027136,0.852,0x0,22,2
2026-03-26T15:43:30.579548,64.45,72.3,28.4,2400.033792,0.852,0x0,22,3
2026-03-26T15:43:31.603121,64.45,73.5,28.4,2400.027136,0.852,0x0,24,1
2026-03-26T15:43:32.627326,65.0,76.8,28.5,2400.030464,0.852,0x0,22,3
2026-03-26T15:43:33.654672,63.35,70.7,28.5,2400.023808,0.852,0x0,22,3
2026-03-26T15:43:34.688669,65.55,71.3,28.5,2400.027136,0.852,0x0,22,1
2026-03-26T15:43:35.711637,63.35,73.2,28.4,2400.02048,0.852,0x0,24,
2026-03-26T15:43:36.739381,65.55,72.5,28.5,2400.02048,0.852,0x0,22,4
2026-03-26T15:43:37.765344,66.1,71.9,28.6,2400.033792,0.852,0x0,25,
2026-03-26T15:43:38.796089,64.45,70.1,28.7,2400.03712,0.852,0x0,22,1
2026-03-26T15:43:39.826736,65.0,72.1,28.7,2400.02048,0.852,0x0,22,3
2026-03-26T15:43:40.860822,63.9,71.5,28.5,2400.017408,0.852,0x0,24,1
2026-03-26T15:43:41.892781,65.55,73.8,28.4,2400.033792,0.852,0x0,22,1
2026-03-26T15:43:42.922083,63.9,79.2,28.5,2400.027136,0.852,0x0,23,4
2026-03-26T15:43:43.954152,64.45,71.6,28.8,2400.033792,0.852,0x0,22,2
2026-03-26T15:43:44.985758,65.0,72.8,28.6,2400.02048,0.852,0x0,22,1
2026-03-26T15:43:46.012757,64.45,70.9,28.4,2400.02048,0.852,0x0,22,3
2026-03-26T15:43:47.137908,62.8,72.4,28.6,2400.033792,0.852,0x0,22,3
2026-03-26T15:43:48.166164,66.1,72.2,28.6,2400.030464,0.852,0x0,22,4
2026-03-26T15:43:49.200349,64.45,71.6,28.6,2400.033792,0.852,0x0,22,2
2026-03-26T15:43:50.232984,63.9,71.0,28.3,2400.02048,0.852,0x0,22,1
2026-03-26T15:43:51.254666,65.0,70.7,28.3,2400.02048,0.852,0x0,24,2
2026-03-26T15:43:52.276637,64.45,70.3,28.4,2400.02048,0.852,0x0,23,
2026-03-26T15:43:53.301860,64.45,79.3,28.6,2400.03712,0.852,0x0,22,1
2026-03-26T15:43:54.333976,65.0,73.0,28.6,2400.030464,0.852,0x0,24,1
2026-03-26T15:43:55.362249,64.45,72.7,28.6,2400.02048,0.852,0x0,24,
2026-03-26T15:43:56.389932,64.45,71.6,28.5,2400.027136,0.852,0x0,24,
2026-03-26T15:43:57.416166,65.0,71.8,28.5,2400.02048,0.852,0x0,24,4
2026-03-26T15:43:58.443189,63.9,70.2,28.5,2400.030464,0.852,0x0,22,1
2026-03-26T15:43:59.469890,66.1,70.6,28.4,2400.03712,0.852,0x0,24,3
2026-03-26T15:44:00.499078,65.55,73.7,28.6,2400.023808,0.852,0x0,22,3
2026-03-26T15:44:01.531068,65.0,77.8,28.3,2400.017408,0.852,0x0,24,1
2026-03-26T15:44:02.559016,65.55,72.0,28.5,2400.027136,0.852,0x0,22,2
2026-03-26T15:44:03.585623,64.45,72.3,28.2,2400.027136,0.852,0x0,24,5
2026-03-26T15:44:04.608949,65.55,72.1,28.2,2400.02048,0.852,0x0,22,1
2026-03-26T15:44:05.631332,63.9,72.5,28.2,2400.023808,0.852,0x0,22,3
2026-03-26T15:44:06.660776,66.1,70.6,28.4,2400.03712,0.852,0x0,22,3
2026-03-26T15:44:07.691942,64.45,70.2,28.6,2400.03712,0.852,0x0,22,1
2026-03-26T15:44:08.715789,64.45,71.9,28.6,2400.02048,0.852,0x0,24,
2026-03-26T15:44:09.740400,64.45,72.3,28.6,2400.023808,0.852,0x0,24,
2026-03-26T15:44:10.767887,63.9,71.2,28.6,2400.030464,0.852,0x0,24,1
2026-03-26T15:44:11.792404,64.45,70.7,28.4,2400.027136,0.852,0x0,22,2
2026-03-26T15:44:12.817344,65.55,77.9,28.4,2400.030464,0.852,0x0,22,2
2026-03-26T15:44:13.849372,63.9,72.2,28.4,2400.03712,0.852,0x0,24,1
2026-03-26T15:44:14.873969,64.45,71.4,28.5,2400.023808,0.852,0x0,24,2
2026-03-26T15:44:15.905800,65.55,71.3,28.4,2400.023808,0.852,0x0,22,1
2026-03-26T15:44:16.933219,63.9,70.4,28.5,2400.033792,0.852,0x0,24,2
2026-03-26T15:44:17.969062,66.1,71.4,28.6,2400.033792,0.852,0x0,22,1
2026-03-26T15:44:18.996780,65.55,71.6,28.6,2400.027136,0.852,0x0,24,3
2026-03-26T15:44:20.026890,65.55,72.9,28.6,2400.030464,0.852,0x0,22,3
2026-03-26T15:44:21.057199,65.0,71.1,28.6,2400.027136,0.852,0x0,22,1
2026-03-26T15:44:22.083489,65.0,71.7,28.5,2400.027136,0.852,0x0,22,3
2026-03-26T15:44:23.112863,65.0,78.2,28.5,2400.033792,0.852,0x0,22,1
2026-03-26T15:44:24.137799,65.0,70.0,28.4,2400.023808,0.852,0x0,22,3
2026-03-26T15:44:25.161967,63.9,70.8,28.4,2400.030464,0.852,0x0,22,1
2026-03-26T15:44:26.188963,64.45,72.5,28.2,2400.027136,0.852,0x0,24,
2026-03-26T15:44:27.211392,65.0,72.9,28.5,2400.03712,0.852,0x0,24,
2026-03-26T15:44:28.236084,65.55,70.2,28.6,2400.033792,0.852,0x0,24,1
2026-03-26T15:44:29.262102,63.9,72.4,28.6,2400.027136,0.852,0x0,23,4
2026-03-26T15:44:30.294447,63.9,73.4,28.7,2400.02048,0.852,0x0,24,
2026-03-26T15:44:31.329424,63.9,73.3,28.6,2400.030464,0.852,0x0,22,3
2026-03-26T15:44:32.356319,63.9,73.0,28.5,2400.030464,0.852,0x0,24,
2026-03-26T15:44:33.380436,65.0,79.5,28.4,2400.030464,0.852,0x0,24,1
2026-03-26T15:44:34.407863,63.9,72.9,28.4,2400.033792,0.852,0x0,22,3
2026-03-26T15:44:35.443387,65.55,72.7,28.6,2400.03712,0.852,0x0,24,3
2026-03-26T15:44:36.471502,66.1,71.4,28.4,2400.033792,0.852,0x0,24,
2026-03-26T15:44:37.500931,65.55,70.6,28.3,2400.027136,0.852,0x0,23,
2026-03-26T15:44:38.626108,65.0,70.3,28.5,2400.027136,0.852,0x0,23,4
2026-03-26T15:44:39.654234,64.45,71.7,28.5,2400.023808,0.852,0x0,24,1
2026-03-26T15:44:40.686164,65.0,72.0,28.4,2400.030464,0.852,0x0,24,2
2026-03-26T15:44:41.714277,64.45,72.2,28.5,2400.02048,0.852,0x0,22,3
2026-03-26T15:44:42.738117,64.45,73.7,28.5,2400.027136,0.852,0x0,24,
2026-03-26T15:44:43.767921,66.1,79.0,28.4,2400.027136,0.852,0x0,22,1
2026-03-26T15:44:44.799148,65.0,71.6,28.5,2400.030464,0.852,0x0,23,
2026-03-26T15:44:45.825707,64.45,70.4,28.4,2400.023808,0.852,0x0,24,1
2026-03-26T15:44:46.845666,65.55,71.9,28.4,2400.030464,0.852,0x0,22,2
2026-03-26T15:44:47.872729,64.45,74.4,28.5,2400.023808,0.852,0x0,24,1
2026-03-26T15:44:48.897319,63.9,72.8,28.4,2400.030464,0.852,0x0,22,1
2026-03-26T15:44:49.926127,63.9,71.3,28.6,2400.033792,0.852,0x0,22,1
2026-03-26T15:44:50.951322,63.9,70.4,28.2,2400.030464,0.852,0x0,22,1
2026-03-26T15:44:51.973186,64.45,70.9,28.3,2400.02048,0.852,0x0,23,4
2026-03-26T15:44:52.993311,65.0,72.6,28.5,2400.030464,0.852,0x0,22,4
2026-03-26T15:44:54.023869,64.45,77.3,28.6,2400.027136,0.852,0x0,24,2
2026-03-26T15:44:55.051775,65.0,73.8,28.6,2400.030464,0.852,0x0,24,3
2026-03-26T15:44:56.075074,64.45,72.1,28.4,2400.02048,0.852,0x0,22,1
2026-03-26T15:44:57.107578,64.45,71.2,28.3,2400.017408,0.852,0x0,22,3
2026-03-26T15:44:58.133809,65.0,72.3,28.3,2400.023808,0.852,0x0,24,1
2026-03-26T15:44:59.157719,64.45,69.9,28.4,2400.033792,0.852,0x0,24,4
2026-03-26T15:45:00.184829,63.9,72.2,28.4,2400.027136,0.852,0x0,24,1
2026-03-26T15:45:01.210546,64.45,71.7,28.5,2400.023808,0.852,0x0,22,1
2026-03-26T15:45:02.241572,64.45,73.0,28.5,2400.027136,0.852,0x0,22,1
2026-03-26T15:45:03.264986,64.45,72.5,28.7,2400.033792,0.852,0x0,22,3
2026-03-26T15:45:04.288760,65.55,79.8,28.7,2400.03712,0.852,0x0,24,0
2026-03-26T15:45:05.316245,64.45,72.8,28.7,2400.027136,0.852,0x0,24,
2026-03-26T15:45:06.345388,65.55,70.5,28.5,2400.023808,0.852,0x0,22,1
2026-03-26T15:45:07.373267,64.45,72.2,28.4,2400.033792,0.852,0x0,24,5
2026-03-26T15:45:08.400079,65.55,71.3,28.5,2400.027136,0.852,0x0,22,2
2026-03-26T15:45:09.422113,63.9,71.0,28.5,2400.030464,0.852,0x0,22,3
2026-03-26T15:45:10.447025,65.55,71.7,28.6,2400.030464,0.852,0x0,24,
2026-03-26T15:45:11.473264,65.55,71.8,28.4,2400.030464,0.852,0x0,23,
2026-03-26T15:45:12.495022,64.45,73.2,28.5,2400.033792,0.852,0x0,22,3
2026-03-26T15:45:13.523730,63.35,79.9,28.2,2400.02048,0.852,0x0,22,1
2026-03-26T15:45:14.549642,64.45,72.1,28.3,2400.023808,0.852,0x0,22,1
2026-03-26T15:45:15.573155,65.55,72.1,28.4,2400.033792,0.852,0x0,22,3
2026-03-26T15:45:16.593786,64.45,70.0,28.6,2400.017408,0.852,0x0,24,2
2026-03-26T15:45:17.625972,62.8,70.9,28.4,2400.033792,0.852,0x0,22,1
2026-03-26T15:45:18.655125,63.35,70.6,28.4,2400.03712,0.852,0x0,24,3
2026-03-26T15:45:19.690188,63.35,71.0,28.6,2400.030464,0.852,0x0,24,
2026-03-26T15:45:20.712292,64.45,70.8,28.5,2400.033792,0.852,0x0,24,
2026-03-26T15:45:21.740360,63.9,71.5,28.5,2400.027136,0.852,0x0,24,
2026-03-26T15:45:22.760685,65.55,72.4,28.3,2400.030464,0.852,0x0,24,
2026-03-26T15:45:23.892187,63.35,72.7,28.6,2400.027136,0.852,0x0,22,1
2026-03-26T15:45:24.924430,64.45,71.6,28.7,2400.033792,0.852,0x0,24,6
2026-03-26T15:45:25.951091,64.45,70.7,28.6,2400.02048,0.852,0x0,23,
2026-03-26T15:45:26.975728,63.35,81.0,28.8,2400.030464,0.852,0x0,22,4
2026-03-26T15:45:28.010687,66.1,73.4,28.8,2400.027136,0.852,0x0,22,3
2026-03-26T15:45:29.136118,64.45,72.4,28.7,2400.030464,0.852,0x0,24,3
2026-03-26T15:45:30.159011,65.0,72.1,28.6,2400.033792,0.852,0x0,24,3
2026-03-26T15:45:31.184088,63.9,72.6,28.9,2400.027136,0.852,0x0,22,2
2026-03-26T15:45:32.208171,64.45,71.3,28.7,2400.033792,0.852,0x0,22,2
2026-03-26T15:45:33.234831,64.45,72.0,28.7,2400.03712,0.852,0x0,24,
2026-03-26T15:45:34.258132,64.45,71.3,28.5,2400.027136,0.852,0x0,22,3
2026-03-26T15:45:35.284922,65.55,71.0,28.6,2400.027136,0.852,0x0,24,2
2026-03-26T15:45:36.313824,65.0,78.4,28.4,2400.03712,0.852,0x0,22,2
2026-03-26T15:45:37.340120,63.9,71.4,28.3,2400.027136,0.852,0x0,22,3
2026-03-26T15:45:38.365305,64.45,71.7,28.8,2400.02048,0.852,0x0,22,1
2026-03-26T15:45:39.392345,64.45,71.5,29.1,2400.027136,0.852,0x0,24,
2026-03-26T15:45:40.420090,65.55,72.3,29.0,2400.023808,0.852,0x0,24,2
2026-03-26T15:45:41.442411,63.9,72.0,28.7,2400.027136,0.852,0x0,22,1
2026-03-26T15:45:42.468162,64.45,72.9,28.6,2400.023808,0.852,0x0,22,1
2026-03-26T15:45:43.489841,65.55,72.0,28.6,2400.02048,0.852,0x0,24,2
2026-03-26T15:45:44.520722,65.0,72.2,28.5,2400.023808,0.852,0x0,22,1
2026-03-26T15:45:45.548553,65.55,79.6,28.7,2400.030464,0.852,0x0,22,0
2026-03-26T15:45:46.573284,64.45,72.6,28.7,2400.02048,0.852,0x0,24,2
2026-03-26T15:45:47.704353,64.45,70.8,28.4,2400.027136,0.852,0x0,22,3
2026-03-26T15:45:48.730084,64.45,72.6,28.5,2400.033792,0.852,0x0,22,2
2026-03-26T15:45:49.758100,63.9,72.9,28.6,2400.027136,0.852,0x0,22,3
2026-03-26T15:45:50.791401,64.45,72.0,28.8,2400.027136,0.852,0x0,22,2
2026-03-26T15:45:51.819357,64.45,72.2,28.6,2400.033792,0.852,0x0,22,3
2026-03-26T15:45:52.844370,64.45,71.4,28.3,2400.030464,0.852,0x0,22,2
2026-03-26T15:45:53.869229,64.45,71.2,28.6,2400.027136,0.852,0x0,24,5
2026-03-26T15:45:54.893380,65.55,72.0,28.6,2400.033792,0.852,0x0,22,4
2026-03-26T15:45:55.917425,64.45,80.0,28.5,2400.027136,0.852,0x0,24,1
2026-03-26T15:45:57.042279,65.0,71.4,28.3,2400.02048,0.852,0x0,24,2
2026-03-26T15:45:58.069108,65.0,71.5,28.7,2400.02048,0.852,0x0,22,3
2026-03-26T15:45:59.099305,65.0,73.2,28.8,2400.023808,0.852,0x0,22,3
2026-03-26T15:46:00.142122,65.0,73.6,28.9,2400.033792,0.852,0x0,24,2
2026-03-26T15:46:01.173399,64.45,72.4,28.5,2400.023808,0.852,0x0,22,3
2026-03-26T15:46:02.195410,64.45,70.7,28.7,2400.027136,0.852,0x0,22,2
2026-03-26T15:46:03.220926,64.45,71.9,28.7,2400.027136,0.852,0x0,24,1
2026-03-26T15:46:04.244401,64.45,71.5,28.7,2400.027136,0.852,0x0,23,
2026-03-26T15:46:05.275169,65.0,78.7,28.9,2400.02048,0.852,0x0,24,
2026-03-26T15:46:06.303649,65.55,72.0,28.9,2400.02048,0.852,0x0,22,1
2026-03-26T15:46:07.326292,65.0,70.8,28.9,2400.02048,0.852,0x0,24,1
2026-03-26T15:46:08.349929,65.55,70.6,28.7,2400.027136,0.852,0x0,24,1
2026-03-26T15:46:09.377073,65.0,72.1,28.4,2400.023808,0.852,0x0,22,4
2026-03-26T15:46:10.406134,65.55,70.6,28.4,2400.023808,0.852,0x0,24,2
2026-03-26T15:46:11.534780,65.0,71.8,28.6,2400.033792,0.852,0x0,22,3
2026-03-26T15:46:12.557258,65.0,71.9,28.5,2400.023808,0.852,0x0,24,1
2026-03-26T15:46:13.577315,65.0,70.7,28.5,2400.030464,0.852,0x0,24,1
2026-03-26T15:46:14.599788,65.55,74.3,28.6,2400.02048,0.852,0x0,22,1
2026-03-26T15:46:15.622528,64.45,78.5,28.7,2400.033792,0.852,0x0,22,2
2026-03-26T15:46:16.650583,65.0,71.4,28.5,2400.033792,0.852,0x0,24,1
2026-03-26T15:46:17.674237,65.55,71.9,28.7,2400.033792,0.852,0x0,22,3
2026-03-26T15:46:18.699035,65.0,71.1,28.4,2400.033792,0.852,0x0,24,
2026-03-26T15:46:19.726592,63.9,71.2,28.5,2400.023808,0.852,0x0,22,3
2026-03-26T15:46:20.759100,64.45,72.6,28.6,2400.023808,0.852,0x0,24,1
2026-03-26T15:46:21.786792,64.45,72.7,28.5,2400.027136,0.852,0x0,22,2
2026-03-26T15:46:22.815334,64.45,70.9,28.5,2400.03712,0.852,0x0,22,3
2026-03-26T15:46:23.840766,64.45,70.8,28.4,2400.033792,0.852,0x0,23,4
2026-03-26T15:46:24.867111,63.9,74.6,28.3,2400.023808,0.852,0x0,22,3
2026-03-26T15:46:25.892091,65.55,79.5,28.3,2400.03712,0.852,0x0,22,3
2026-03-26T15:46:26.925551,65.55,70.5,28.5,2400.033792,0.852,0x0,23,5
2026-03-26T15:46:27.957712,63.35,72.0,28.6,2400.030464,0.852,0x0,24,
2026-03-26T15:46:28.986182,64.45,71.7,28.6,2400.03712,0.852,0x0,22,2
2026-03-26T15:46:30.015367,64.45,71.9,28.4,2400.027136,0.852,0x0,23,2
2026-03-26T15:46:31.043279,65.0,71.5,28.4,2400.033792,0.852,0x0,24,
2026-03-26T15:46:32.072729,63.9,71.7,28.6,2400.023808,0.852,0x0,24,1
2026-03-26T15:46:33.111410,63.9,72.5,28.9,2400.023808,0.852,0x0,22,1
2026-03-26T15:46:34.136932,63.35,73.3,28.8,2400.02048,0.852,0x0,22,2
2026-03-26T15:46:35.162580,63.9,72.0,28.9,2400.027136,0.852,0x0,22,3
2026-03-26T15:46:36.186990,64.45,78.5,28.8,2400.030464,0.852,0x0,22,0
2026-03-26T15:46:37.210066,64.45,72.2,28.5,2400.023808,0.852,0x0,24,
2026-03-26T15:46:38.242124,63.9,71.3,28.6,2400.030464,0.852,0x0,24,
2026-03-26T15:46:39.267516,65.55,72.7,28.5,2400.027136,0.852,0x0,24,
2026-03-26T15:46:40.294072,64.45,71.0,28.3,2400.030464,0.852,0x0,22,2
2026-03-26T15:46:41.322657,64.45,71.7,28.3,2400.030464,0.852,0x0,24,1
2026-03-26T15:46:42.343450,64.45,70.9,28.4,2400.023808,0.852,0x0,22,1
2026-03-26T15:46:43.374343,65.0,71.5,28.4,2400.02048,0.852,0x0,22,3
2026-03-26T15:46:44.403728,65.0,71.9,28.6,2400.02048,0.852,0x0,24,
2026-03-26T15:46:45.426059,64.45,80.8,28.7,2400.03712,0.852,0x0,24,1
2026-03-26T15:46:46.458210,66.65,70.3,28.5,2400.02048,0.852,0x0,24,5
2026-03-26T15:46:47.488131,65.0,72.0,28.4,2400.03712,0.852,0x0,22,2
2026-03-26T15:46:48.515305,62.8,70.8,28.7,2400.033792,0.852,0x0,22,1
2026-03-26T15:46:49.542102,63.9,70.8,28.7,2400.023808,0.852,0x0,24,2
2026-03-26T15:46:50.566926,63.35,71.3,28.5,2400.030464,0.852,0x0,22,
2026-03-26T15:46:51.592651,63.9,71.4,28.2,2400.030464,0.852,0x0,24,2
2026-03-26T15:46:52.620787,65.0,71.6,28.4,2400.02048,0.852,0x0,22,1
2026-03-26T15:46:53.647423,63.9,71.5,28.4,2400.033792,0.852,0x0,24,
2026-03-26T15:46:54.674901,63.9,72.8,28.3,2400.023808,0.852,0x0,24,1
2026-03-26T15:46:55.706063,64.45,79.0,28.5,2400.02048,0.852,0x0,24,1
2026-03-26T15:46:56.727454,65.0,71.6,28.8,2400.017408,0.852,0x0,24,
2026-03-26T15:46:57.750748,63.9,70.0,28.9,2400.027136,0.852,0x0,22,3
2026-03-26T15:46:58.784119,63.9,69.8,28.9,2400.030464,0.852,0x0,24,1
2026-03-26T15:46:59.812620,64.45,72.7,28.8,2400.027136,0.852,0x0,22,4
2026-03-26T15:47:00.842752,64.45,72.4,28.7,2400.023808,0.852,0x0,24,4
2026-03-26T15:47:01.871940,63.9,71.1,28.7,2400.027136,0.852,0x0,22,1
2026-03-26T15:47:02.904516,65.0,71.8,28.7,2400.030464,0.852,0x0,24,1
2026-03-26T15:47:03.928226,64.45,72.1,28.5,2400.033792,0.852,0x0,22,1
2026-03-26T15:47:04.957595,64.45,76.8,28.6,2400.033792,0.852,0x0,22,2
2026-03-26T15:47:05.990175,63.9,78.7,28.4,2400.03712,0.852,0x0,22,1
2026-03-26T15:47:07.011088,65.55,71.1,28.5,2400.027136,0.852,0x0,22,2
2026-03-26T15:47:08.039025,65.55,70.8,28.6,2400.02048,0.852,0x0,24,0
2026-03-26T15:47:09.063080,63.9,71.9,28.5,2400.02048,0.852,0x0,22,4
2026-03-26T15:47:10.092972,62.8,73.9,28.6,2400.03712,0.852,0x0,24,
2026-03-26T15:47:11.120639,65.0,72.8,28.8,2400.02048,0.852,0x0,22,3
2026-03-26T15:47:12.156061,65.0,69.7,28.5,2400.027136,0.852,0x0,24,
2026-03-26T15:47:13.181261,64.45,73.6,28.6,2400.033792,0.852,0x0,23,2
2026-03-26T15:47:14.207745,63.9,71.2,28.5,2400.03712,0.852,0x0,22,1
2026-03-26T15:47:15.240446,64.45,77.7,28.5,2400.03712,0.852,0x0,22,1
2026-03-26T15:47:16.279280,62.8,77.6,28.3,2400.033792,0.852,0x0,22,4
2026-03-26T15:47:17.303044,66.1,71.9,28.4,2400.023808,0.852,0x0,23,
2026-03-26T15:47:18.329457,64.45,71.5,28.6,2400.02048,0.852,0x0,22,5
2026-03-26T15:47:19.359495,64.45,71.5,28.8,2400.02048,0.852,0x0,23,
2026-03-26T15:47:20.389150,64.45,72.4,28.7,2400.02048,0.852,0x0,23,4
2026-03-26T15:47:21.512133,65.0,72.7,28.6,2400.033792,0.852,0x0,22,2
2026-03-26T15:47:22.533516,64.45,69.8,28.6,2400.030464,0.852,0x0,22,3
2026-03-26T15:47:23.564405,64.45,71.9,28.4,2400.017408,0.852,0x0,22,1
2026-03-26T15:47:24.593172,65.0,72.2,28.5,2400.027136,0.852,0x0,22,3
2026-03-26T15:47:25.625103,63.9,73.9,28.6,2400.023808,0.852,0x0,22,1
2026-03-26T15:47:26.658303,63.9,78.2,28.7,2400.027136,0.852,0x0,22,2
2026-03-26T15:47:27.680987,65.0,73.2,28.4,2400.033792,0.852,0x0,22,3
2026-03-26T15:47:28.715745,63.9,72.4,28.3,2400.033792,0.852,0x0,22,2
2026-03-26T15:47:29.739927,63.9,70.4,28.4,2400.030464,0.852,0x0,22,1
2026-03-26T15:47:30.765050,65.0,71.4,28.4,2400.02048,0.852,0x0,23,
2026-03-26T15:47:31.790093,64.45,71.2,28.4,2400.03712,0.852,0x0,24,1
2026-03-26T15:47:32.809761,65.0,69.5,28.2,2400.027136,0.852,0x0,24,
2026-03-26T15:47:33.841371,64.45,70.9,28.2,2400.030464,0.852,0x0,22,3
2026-03-26T15:47:34.874444,63.9,71.9,28.1,2400.023808,0.852,0x0,22,2
2026-03-26T15:47:35.900504,64.45,77.6,28.2,2400.027136,0.852,0x0,24,1
2026-03-26T15:47:36.924534,63.35,70.1,28.4,2400.033792,0.852,0x0,22,1
2026-03-26T15:47:37.949950,63.35,70.9,28.5,2400.033792,0.852,0x0,23,4
2026-03-26T15:47:38.976661,64.45,70.8,28.7,2400.03712,0.852,0x0,22,1
2026-03-26T15:47:40.008069,64.45,74.0,28.7,2400.027136,0.852,0x0,24,2
2026-03-26T15:47:41.037850,63.9,73.7,28.4,2400.030464,0.852,0x0,24,
2026-03-26T15:47:42.067538,64.45,70.7,28.5,2400.027136,0.852,0x0,25,2
2026-03-26T15:47:43.096068,63.35,71.6,28.4,2400.033792,0.852,0x0,22,3
2026-03-26T15:47:44.224899,65.55,71.7,28.5,2400.033792,0.852,0x0,22,3
2026-03-26T15:47:45.257670,63.9,71.7,28.6,2400.027136,0.852,0x0,22,4
2026-03-26T15:47:46.289379,64.45,79.3,28.5,2400.02048,0.852,0x0,24,1
2026-03-26T15:47:47.310129,65.55,71.3,28.2,2400.027136,0.852,0x0,22,3
2026-03-26T15:47:48.337410,65.55,71.0,28.4,2400.027136,0.852,0x0,24,1
2026-03-26T15:47:49.367421,65.0,71.0,28.4,2400.030464,0.852,0x0,22,3
2026-03-26T15:47:50.390943,64.45,71.1,28.3,2400.027136,0.852,0x0,24,3
2026-03-26T15:47:51.423829,64.45,73.4,28.3,2400.033792,0.852,0x0,24,3
2026-03-26T15:47:52.443367,64.45,71.9,28.3,2400.023808,0.852,0x0,22,1
2026-03-26T15:47:53.474733,64.45,72.1,28.4,2400.027136,0.852,0x0,22,3
2026-03-26T15:47:54.502073,64.45,72.5,28.2,2400.02048,0.852,0x0,22,3
2026-03-26T15:47:55.528975,65.55,72.2,28.4,2400.033792,0.852,0x0,22,1
2026-03-26T15:47:56.562083,65.55,79.7,28.6,2400.02048,0.852,0x0,24,
2026-03-26T15:47:57.586630,65.0,71.7,28.6,2400.03712,0.852,0x0,24,
2026-03-26T15:47:58.613070,63.35,71.4,28.4,2400.033792,0.852,0x0,22,4
2026-03-26T15:47:59.640920,65.0,73.1,28.5,2400.033792,0.852,0x0,22,2
2026-03-26T15:48:00.668795,63.9,73.4,28.5,2400.02048,0.852,0x0,24,2
2026-03-26T15:48:01.691042,65.0,72.1,28.4,2400.023808,0.852,0x0,24,
2026-03-26T15:48:02.715621,64.45,70.2,28.3,2400.027136,0.852,0x0,22,1
2026-03-26T15:48:03.738140,63.9,72.9,28.3,2400.030464,0.852,0x0,22,1
2026-03-26T15:48:04.765240,65.55,72.5,28.4,2400.027136,0.852,0x0,22,3
2026-03-26T15:48:05.794119,64.45,73.8,28.5,2400.033792,0.852,0x0,24,1
2026-03-26T15:48:06.818232,64.45,81.0,28.5,2400.03712,0.852,0x0,22,3
2026-03-26T15:48:07.856285,63.9,72.5,28.4,2400.027136,0.852,0x0,24,
2026-03-26T15:48:08.885102,63.9,71.4,28.3,2400.027136,0.852,0x0,24,1
2026-03-26T15:48:09.909968,64.45,70.5,28.2,2400.02048,0.852,0x0,24,3
2026-03-26T15:48:10.942277,64.45,72.5,28.3,2400.030464,0.852,0x0,22,0
2026-03-26T15:48:11.966141,65.55,72.1,28.6,2400.027136,0.852,0x0,22,3
2026-03-26T15:48:12.990290,65.55,73.2,28.6,2400.033792,0.852,0x0,22,4
2026-03-26T15:48:14.025797,65.55,72.9,28.5,2400.027136,0.852,0x0,22,
2026-03-26T15:48:15.054211,64.45,79.3,28.6,2400.017408,0.852,0x0,24,
2026-03-26T15:48:16.083072,63.9,71.7,28.5,2400.017408,0.852,0x0,22,3
2026-03-26T15:48:17.109634,63.9,72.2,28.4,2400.033792,0.852,0x0,24,5
2026-03-26T15:48:18.138130,64.45,71.5,28.5,2400.033792,0.852,0x0,22,3
2026-03-26T15:48:19.160695,66.1,71.4,28.5,2400.03712,0.852,0x0,22,1
2026-03-26T15:48:20.188706,65.0,72.5,28.4,2400.023808,0.852,0x0,22,3
2026-03-26T15:48:21.213177,65.0,72.6,28.4,2400.023808,0.852,0x0,24,
2026-03-26T15:48:22.247038,65.55,71.4,28.5,2400.030464,0.852,0x0,24,
2026-03-26T15:48:23.276632,63.9,72.3,28.7,2400.02048,0.852,0x0,24,1
2026-03-26T15:48:24.305673,64.45,71.8,28.9,2400.023808,0.852,0x0,24,5
2026-03-26T15:48:25.327490,63.9,80.1,28.8,2400.027136,0.852,0x0,22,4
2026-03-26T15:48:26.359236,65.0,72.9,28.7,2400.030464,0.852,0x0,24,1
2026-03-26T15:48:27.386658,63.9,72.9,28.4,2400.02048,0.852,0x0,25,1
2026-03-26T15:48:28.416465,64.45,70.2,28.5,2400.030464,0.852,0x0,22,1
2026-03-26T15:48:29.441901,63.9,71.3,28.6,2400.027136,0.852,0x0,24,1
2026-03-26T15:48:30.471950,64.45,72.1,28.3,2400.023808,0.852,0x0,22,3
2026-03-26T15:48:31.499144,64.45,72.0,28.5,2400.023808,0.852,0x0,22,2
2026-03-26T15:48:32.534420,63.9,72.2,28.5,2400.027136,0.852,0x0,24,2
2026-03-26T15:48:33.569429,64.45,78.0,28.4,2400.023808,0.852,0x0,22,1
2026-03-26T15:48:34.593380,65.0,72.0,28.4,2400.03712,0.852,0x0,22,4
2026-03-26T15:48:35.623441,64.45,71.2,28.5,2400.027136,0.852,0x0,22,3
2026-03-26T15:48:36.654679,63.9,72.7,28.4,2400.027136,0.852,0x0,22,2
2026-03-26T15:48:37.684675,63.9,73.4,28.5,2400.030464,0.852,0x0,24,
2026-03-26T15:48:38.715902,64.45,71.6,28.6,2400.027136,0.852,0x0,22,3
2026-03-26T15:48:39.741182,63.9,71.9,28.7,2400.033792,0.852,0x0,23,3
2026-03-26T15:48:40.763281,65.55,71.1,28.7,2400.023808,0.852,0x0,22,3
2026-03-26T15:48:41.793217,63.35,71.2,28.8,2400.030464,0.852,0x0,22,1
2026-03-26T15:48:42.821914,65.0,72.0,28.6,2400.027136,0.852,0x0,22,1
2026-03-26T15:48:43.856505,63.9,79.3,28.5,2400.033792,0.852,0x0,22,2
2026-03-26T15:48:44.875986,64.45,72.2,28.3,2400.02048,0.852,0x0,22,4
2026-03-26T15:48:46.015679,65.0,71.6,28.5,2400.02048,0.852,0x0,24,1
2026-03-26T15:48:47.041937,64.45,71.4,28.4,2400.027136,0.852,0x0,23,4
2026-03-26T15:48:48.072971,64.45,72.2,28.4,2400.03712,0.852,0x0,22,3
2026-03-26T15:48:49.102792,65.0,72.1,28.5,2400.033792,0.852,0x0,22,5
2026-03-26T15:48:50.128473,63.9,73.4,28.7,2400.027136,0.852,0x0,22,1
2026-03-26T15:48:51.154088,62.8,72.1,28.7,2400.033792,0.852,0x0,22,0
2026-03-26T15:48:52.177021,64.45,73.3,28.7,2400.027136,0.852,0x0,24,1
2026-03-26T15:48:53.202884,63.9,78.2,28.7,2400.02048,0.852,0x0,22,5
2026-03-26T15:48:54.227994,65.0,72.4,28.6,2400.023808,0.852,0x0,24,1
2026-03-26T15:48:55.253233,65.0,71.0,28.7,2400.03712,0.852,0x0,22,3
2026-03-26T15:48:56.284546,63.9,73.4,28.6,2400.02048,0.852,0x0,22,3
2026-03-26T15:48:57.307165,65.55,70.5,28.6,2400.033792,0.852,0x0,22,3
2026-03-26T15:48:58.341426,66.1,71.9,28.3,2400.030464,0.852,0x0,22,1
2026-03-26T15:48:59.365208,65.0,72.3,28.5,2400.02048,0.852,0x0,22,4
2026-03-26T15:49:00.391374,65.0,71.5,28.8,2400.030464,0.852,0x0,23,4
2026-03-26T15:49:01.415659,63.9,71.0,28.8,2400.027136,0.852,0x0,22,1
2026-03-26T15:49:02.447990,65.55,78.8,28.8,2400.03712,0.852,0x0,22,3
2026-03-26T15:49:03.477299,64.45,72.1,28.6,2400.030464,0.852,0x0,22,3
2026-03-26T15:49:04.505332,64.45,71.9,28.5,2400.023808,0.852,0x0,22,1
2026-03-26T15:49:05.530274,65.0,72.4,28.5,2400.023808,0.852,0x0,24,3
2026-03-26T15:49:06.558167,65.55,72.4,28.4,2400.02048,0.852,0x0,22,2
2026-03-26T15:49:07.591628,65.0,71.6,28.3,2400.033792,0.852,0x0,22,5
2026-03-26T15:49:08.619742,66.1,71.9,28.2,2400.023808,0.852,0x0,22,3
2026-03-26T15:49:09.645316,65.0,71.3,28.4,2400.023808,0.852,0x0,22,1
2026-03-26T15:49:10.678301,63.9,72.3,28.8,2400.03712,0.852,0x0,22,2
2026-03-26T15:49:11.704603,64.45,72.4,28.9,2400.02048,0.852,0x0,22,3
2026-03-26T15:49:12.747401,63.9,78.6,28.6,2400.017408,0.852,0x0,22,3
2026-03-26T15:49:13.773013,65.55,72.1,28.4,2400.02048,0.852,0x0,22,3
2026-03-26T15:49:14.796206,63.9,72.9,28.3,2400.023808,0.852,0x0,22,3
2026-03-26T15:49:15.837192,63.9,72.8,28.5,2400.023808,0.852,0x0,24,
2026-03-26T15:49:16.867101,64.45,70.9,28.3,2400.033792,0.852,0x0,22,3
2026-03-26T15:49:17.888320,64.45,73.5,28.4,2400.027136,0.852,0x0,22,3
2026-03-26T15:49:18.912045,65.0,72.7,28.5,2400.030464,0.852,0x0,24,1
2026-03-26T15:49:19.942123,64.45,73.5,28.6,2400.023808,0.852,0x0,24,2
2026-03-26T15:49:20.972986,64.45,71.0,28.8,2400.033792,0.852,0x0,22,2
2026-03-26T15:49:21.997007,65.55,71.3,28.8,2400.030464,0.852,0x0,24,2
2026-03-26T15:49:23.024315,63.35,77.5,28.6,2400.033792,0.852,0x0,22,3
2026-03-26T15:49:24.051950,64.45,72.2,28.3,2400.03712,0.852,0x0,22,1
2026-03-26T15:49:25.074095,64.45,71.2,28.4,2400.033792,0.852,0x0,22,2
2026-03-26T15:49:26.100156,65.0,72.4,28.5,2400.023808,0.852,0x0,22,3
2026-03-26T15:49:27.127867,65.55,73.5,28.5,2400.027136,0.852,0x0,24,
2026-03-26T15:49:28.162952,65.0,71.6,28.5,2400.027136,0.852,0x0,22,1
2026-03-26T15:49:29.191432,64.45,72.1,28.6,2400.033792,0.852,0x0,22,2
2026-03-26T15:49:30.222941,64.45,71.5,28.4,2400.023808,0.852,0x0,22,1
2026-03-26T15:49:31.254637,65.0,73.3,28.3,2400.027136,0.852,0x0,24,1
2026-03-26T15:49:32.276541,64.45,71.7,28.7,2400.023808,0.852,0x0,22,1
2026-03-26T15:49:33.413608,64.45,78.5,28.7,2400.033792,0.852,0x0,22,3
2026-03-26T15:49:34.441948,62.8,72.6,28.5,2400.02048,0.852,0x0,22,2
2026-03-26T15:49:35.468614,63.9,70.9,28.5,2400.033792,0.852,0x0,24,1
2026-03-26T15:49:36.491029,65.55,70.3,28.5,2400.030464,0.852,0x0,24,1
2026-03-26T15:49:37.518934,65.0,72.7,28.5,2400.023808,0.852,0x0,22,1
2026-03-26T15:49:38.548278,63.35,72.4,28.5,2400.027136,0.852,0x0,23,
2026-03-26T15:49:39.574253,65.0,72.0,28.4,2400.03712,0.852,0x0,24,3
2026-03-26T15:49:40.606532,65.55,71.8,28.4,2400.02048,0.852,0x0,22,3
2026-03-26T15:49:41.629995,64.45,71.4,28.6,2400.023808,0.852,0x0,23,4
2026-03-26T15:49:42.658081,64.45,72.6,28.7,2400.023808,0.852,0x0,22,2
2026-03-26T15:49:43.682090,64.45,79.6,28.7,2400.027136,0.852,0x0,22,1
2026-03-26T15:49:44.710079,63.35,71.6,28.5,2400.033792,0.852,0x0,22,3
2026-03-26T15:49:45.740173,63.9,73.3,28.7,2400.030464,0.852,0x0,24,3
2026-03-26T15:49:46.761266,64.45,71.9,28.7,2400.023808,0.852,0x0,22,1
2026-03-26T15:49:47.788529,63.9,73.0,28.6,2400.033792,0.852,0x0,22,1
2026-03-26T15:49:48.817956,63.9,72.7,28.5,2400.030464,0.852,0x0,22,2
2026-03-26T15:49:49.843216,64.45,72.6,28.5,2400.030464,0.852,0x0,23,3
2026-03-26T15:49:50.871445,63.35,71.4,28.6,2400.02048,0.852,0x0,22,3
2026-03-26T15:49:51.902071,65.55,71.4,28.5,2400.02048,0.852,0x0,22,1
2026-03-26T15:49:52.928336,64.45,71.8,28.6,2400.023808,0.852,0x0,24,
2026-03-26T15:49:53.956051,63.35,77.8,28.6,2400.033792,0.852,0x0,24,2
2026-03-26T15:49:54.976681,65.0,71.4,28.6,2400.027136,0.852,0x0,24,1
2026-03-26T15:49:56.004403,63.9,71.4,28.5,2400.033792,0.852,0x0,22,3
2026-03-26T15:49:57.037961,64.45,71.4,28.4,2400.027136,0.852,0x0,25,2
2026-03-26T15:49:58.069054,64.45,71.8,28.5,2400.023808,0.852,0x0,23,4
2026-03-26T15:49:59.095266,65.0,71.9,28.5,2400.02048,0.852,0x0,24,1
2026-03-26T15:50:00.124989,63.9,70.2,28.7,2400.033792,0.852,0x0,22,4
2026-03-26T15:50:01.152935,63.9,71.7,28.8,2400.02048,0.852,0x0,22,3
2026-03-26T15:50:02.175643,64.45,70.9,28.5,2400.027136,0.852,0x0,23,3
2026-03-26T15:50:03.204679,66.1,78.8,28.5,2400.023808,0.852,0x0,22,3
2026-03-26T15:50:04.232708,63.9,73.2,28.5,2400.030464,0.852,0x0,23,
2026-03-26T15:50:05.284396,64.45,72.0,28.5,2400.03712,0.852,0x0,22,2
2026-03-26T15:50:06.313841,64.45,73.7,28.5,2400.023808,0.852,0x0,22,1
2026-03-26T15:50:07.336854,63.9,72.1,28.5,2400.02048,0.852,0x0,22,2
2026-03-26T15:50:08.370224,63.35,72.8,28.6,2400.02048,0.852,0x0,22,3
2026-03-26T15:50:09.393456,64.45,72.0,28.6,2400.023808,0.852,0x0,22,3
2026-03-26T15:50:10.422427,64.45,70.3,28.7,2400.033792,0.852,0x0,24,5
2026-03-26T15:50:11.451098,65.0,72.6,28.6,2400.033792,0.852,0x0,23,
2026-03-26T15:50:12.477681,63.9,72.7,28.5,2400.027136,0.852,0x0,22,3
2026-03-26T15:50:13.514749,65.0,78.6,28.5,2400.033792,0.852,0x0,22,2
2026-03-26T15:50:14.539343,64.45,71.0,28.6,2400.030464,0.852,0x0,22,4
2026-03-26T15:50:15.572406,63.9,72.9,28.5,2400.02048,0.852,0x0,22,3
2026-03-26T15:50:16.596937,63.9,71.6,28.7,2400.023808,0.852,0x0,22,1
2026-03-26T15:50:17.621530,65.0,72.4,28.8,2400.023808,0.852,0x0,22,4
2026-03-26T15:50:18.742626,64.45,73.0,28.7,2400.030464,0.852,0x0,22,2
2026-03-26T15:50:19.769397,64.45,70.5,28.7,2400.023808,0.852,0x0,22,1
2026-03-26T15:50:20.795271,63.9,73.2,28.6,2400.033792,0.852,0x0,24,3
2026-03-26T15:50:21.823711,63.9,71.6,28.6,2400.033792,0.852,0x0,22,2
2026-03-26T15:50:22.950620,63.9,71.9,28.8,2400.033792,0.852,0x0,24,1
2026-03-26T15:50:23.975446,63.35,80.9,28.5,2400.033792,0.852,0x0,22,2
2026-03-26T15:50:25.000927,64.45,73.4,28.5,2400.033792,0.852,0x0,24,2
2026-03-26T15:50:26.024217,65.55,71.6,28.7,2400.027136,0.852,0x0,24,2
2026-03-26T15:50:27.055975,64.45,72.2,28.5,2400.02048,0.852,0x0,22,2
2026-03-26T15:50:28.080695,63.9,71.5,28.9,2400.02048,0.852,0x0,24,1
2026-03-26T15:50:29.104868,64.45,72.1,28.8,2400.02048,0.852,0x0,24,1
2026-03-26T15:50:30.129410,65.0,72.4,28.8,2400.03712,0.852,0x0,24,5
2026-03-26T15:50:31.155050,63.9,72.8,28.8,2400.02048,0.852,0x0,22,3
2026-03-26T15:50:32.180811,63.9,71.5,28.5,2400.027136,0.852,0x0,22,3
2026-03-26T15:50:33.209002,64.45,72.0,28.7,2400.033792,0.852,0x0,22,2
2026-03-26T15:50:34.244649,64.45,79.0,28.9,2400.023808,0.852,0x0,22,1
2026-03-26T15:50:35.269855,64.45,71.6,28.7,2400.02048,0.852,0x0,24,
2026-03-26T15:50:36.298197,64.45,72.2,28.7,2400.027136,0.852,0x0,22,1
2026-03-26T15:50:37.324034,65.0,71.8,28.4,2400.027136,0.852,0x0,22,3
2026-03-26T15:50:38.354637,63.9,72.0,28.4,2400.030464,0.852,0x0,22,1
2026-03-26T15:50:39.385814,64.45,72.5,28.5,2400.030464,0.852,0x0,24,1
2026-03-26T15:50:40.405514,63.9,70.7,28.5,2400.027136,0.852,0x0,24,1
2026-03-26T15:50:41.425507,64.45,70.9,28.4,2400.023808,0.852,0x0,22,1
2026-03-26T15:50:42.449809,64.45,71.7,28.5,2400.033792,0.852,0x0,24,
2026-03-26T15:50:43.479505,64.45,72.5,28.5,2400.023808,0.852,0x0,22,2
2026-03-26T15:50:44.508081,64.45,80.5,28.7,2400.023808,0.852,0x0,24,5
2026-03-26T15:50:45.538616,64.45,72.2,28.5,2400.030464,0.852,0x0,22,3
2026-03-26T15:50:46.562084,65.0,71.0,28.5,2400.030464,0.852,0x0,24,2
2026-03-26T15:50:47.586153,64.45,72.2,28.7,2400.017408,0.852,0x0,22,3
2026-03-26T15:50:48.619675,63.35,73.2,28.7,2400.023808,0.852,0x0,24,
2026-03-26T15:50:49.656934,62.8,72.7,28.6,2400.027136,0.852,0x0,24,
2026-03-26T15:50:50.682719,65.55,73.2,28.5,2400.027136,0.852,0x0,22,1
2026-03-26T15:50:51.708614,65.55,70.8,28.9,2400.027136,0.852,0x0,22,2
2026-03-26T15:50:52.738261,62.8,71.0,28.9,2400.027136,0.852,0x0,22,3
2026-03-26T15:50:53.766479,63.35,72.8,28.8,2400.033792,0.852,0x0,22,1
2026-03-26T15:50:54.800260,63.9,80.0,28.7,2400.02048,0.852,0x0,24,
2026-03-26T15:50:55.831209,65.0,70.8,28.7,2400.03712,0.852,0x0,22,3
2026-03-26T15:50:56.866277,65.55,71.1,28.7,2400.02048,0.852,0x0,22,1
2026-03-26T15:50:57.894088,63.9,71.0,28.7,2400.017408,0.852,0x0,22,4
2026-03-26T15:50:58.923703,63.9,73.1,28.4,2400.027136,0.852,0x0,23,
2026-03-26T15:50:59.950472,65.55,73.1,28.7,2400.027136,0.852,0x0,23,
2026-03-26T15:51:00.974254,65.0,81.4,29.0,2400.027136,0.852,0x0,22,4
2026-03-26T15:51:02.011664,66.1,77.7,29.0,2400.02048,0.852,0x0,22,3
2026-03-26T15:51:03.037396,63.9,70.7,28.9,2400.02048,0.852,0x0,23,
2026-03-26T15:51:04.062084,64.45,78.4,28.7,2400.02048,0.852,0x0,22,2
2026-03-26T15:51:05.098348,63.9,74.1,28.9,2400.027136,0.852,0x0,22,4
2026-03-26T15:51:06.139054,65.55,74.7,29.0,2400.02048,0.852,0x0,24,
2026-03-26T15:51:07.164859,64.45,75.4,29.1,2400.02048,0.852,0x0,24,1
2026-03-26T15:51:08.293461,64.45,71.5,28.9,2400.033792,0.852,0x0,22,1
2026-03-26T15:51:09.321397,63.9,69.5,29.0,2400.023808,0.852,0x0,24,6
2026-03-26T15:51:10.348721,64.45,71.7,28.8,2400.027136,0.852,0x0,22,2
2026-03-26T15:51:11.374760,64.45,72.0,28.8,2400.03712,0.852,0x0,22,1
2026-03-26T15:51:12.405204,62.8,70.9,28.7,2400.033792,0.852,0x0,22,3
2026-03-26T15:51:13.437537,64.45,71.6,28.9,2400.033792,0.852,0x0,22,1
2026-03-26T15:51:14.466564,65.55,79.9,28.9,2400.02048,0.852,0x0,22,3
2026-03-26T15:51:15.492398,62.8,73.7,28.7,2400.033792,0.852,0x0,22,3
2026-03-26T15:51:16.527717,65.55,72.4,28.8,2400.030464,0.852,0x0,24,1
2026-03-26T15:51:17.560594,65.55,69.3,28.9,2400.02048,0.852,0x0,22,4
2026-03-26T15:51:18.589001,64.45,72.3,29.0,2400.027136,0.852,0x0,24,1
2026-03-26T15:51:19.626148,64.45,78.1,29.0,2400.023808,0.852,0x0,24,1
2026-03-26T15:51:20.658972,64.45,71.4,28.8,2400.017408,0.852,0x0,22,2
2026-03-26T15:51:21.682593,64.45,72.3,28.8,2400.033792,0.852,0x0,24,
2026-03-26T15:51:22.713711,64.45,71.6,28.7,2400.03712,0.852,0x0,24,1
2026-03-26T15:51:23.742186,65.0,70.5,28.7,2400.02048,0.852,0x0,22,1
2026-03-26T15:51:24.766715,64.45,78.8,28.5,2400.027136,0.852,0x0,22,1
2026-03-26T15:51:25.798329,64.45,71.4,28.6,2400.030464,0.852,0x0,22,2
2026-03-26T15:51:26.822365,65.55,71.0,28.5,2400.023808,0.852,0x0,24,2
2026-03-26T15:51:27.858094,65.55,73.0,28.6,2400.02048,0.852,0x0,24,2
2026-03-26T15:51:28.881741,65.0,72.4,28.8,2400.030464,0.852,0x0,22,1
2026-03-26T15:51:29.912294,65.0,78.8,28.7,2400.02048,0.852,0x0,22,1
2026-03-26T15:51:30.945770,64.45,71.3,28.8,2400.02048,0.852,0x0,22,1
2026-03-26T15:51:31.972397,63.35,72.2,28.6,2400.03712,0.852,0x0,24,1
2026-03-26T15:51:32.995509,64.45,71.4,28.8,2400.027136,0.852,0x0,24,1
2026-03-26T15:51:34.020221,64.45,71.4,28.8,2400.033792,0.852,0x0,24,1
2026-03-26T15:51:35.040570,64.45,79.7,28.7,2400.030464,0.852,0x0,22,2
2026-03-26T15:51:36.066082,64.45,73.3,28.7,2400.02048,0.852,0x0,22,2
2026-03-26T15:51:37.089658,64.45,71.4,28.7,2400.02048,0.852,0x0,24,4
2026-03-26T15:51:38.120404,64.45,70.3,28.7,2400.027136,0.852,0x0,24,1
2026-03-26T15:51:39.146876,65.55,73.1,28.8,2400.033792,0.852,0x0,22,1
2026-03-26T15:51:40.171745,65.55,72.4,28.7,2400.03712,0.852,0x0,22,3
2026-03-26T15:51:41.199532,65.55,72.9,28.5,2400.02048,0.852,0x0,24,
2026-03-26T15:51:42.228407,63.9,70.4,28.7,2400.033792,0.852,0x0,24,2
2026-03-26T15:51:43.359017,62.8,70.4,28.9,2400.017408,0.852,0x0,24,0
2026-03-26T15:51:44.388663,65.0,72.1,28.6,2400.02048,0.852,0x0,22,1
2026-03-26T15:51:45.408237,64.45,77.9,28.7,2400.023808,0.852,0x0,22,2
