timestamp,npu_utilization_percent,hailo_temp_C,hailo_clock_MHz
2026-04-23T09:53:16.470960,,37.77140426635742,400.0
2026-04-23T09:53:18.868844,100.0,38.9854736328125,400.0
2026-04-23T09:53:21.071401,100.0,40.09836959838867,400.0
2026-04-23T09:53:23.273046,100.0,40.90774917602539,400.0
2026-04-23T09:53:25.478489,100.0,41.61595916748047,400.0
2026-04-23T09:53:27.681205,100.0,42.17240524291992,400.0
2026-04-23T09:53:29.900216,100.0,42.72885513305664,400.0
2026-04-23T09:53:32.103540,100.0,43.285301208496094,400.0
2026-04-23T09:53:34.306491,100.0,43.68999099731445,400.0
2026-04-23T09:53:36.512234,100.0,44.09468078613281,400.0
2026-04-23T09:53:38.714462,100.0,44.49937057495117,400.0
2026-04-23T09:53:40.917512,100.0,45.00523376464844,400.0
2026-04-23T09:53:43.120423,100.0,45.46051788330078,400.0
2026-04-23T09:53:45.323810,100.0,45.764034271240234,400.0
2026-04-23T09:53:47.525978,100.0,46.016963958740234,400.0
2026-04-23T09:53:49.728860,100.0,45.51110076904297,400.0
2026-04-23T09:53:51.931245,100.0,46.168724060058594,400.0
2026-04-23T09:53:54.134448,100.0,46.47224044799805,400.0
2026-04-23T09:53:56.336793,100.0,46.7757568359375,400.0
2026-04-23T09:53:58.540698,100.0,47.028690338134766,400.0
2026-04-23T09:54:00.744505,100.0,47.281620025634766,400.0
2026-04-23T09:54:02.947266,100.0,47.48396301269531,400.0
2026-04-23T09:54:05.152349,100.0,47.78748321533203,400.0
2026-04-23T09:54:07.355832,100.0,47.88865280151367,400.0
2026-04-23T09:54:09.558904,100.0,48.090999603271484,400.0
2026-04-23T09:54:11.761014,100.0,48.19217300415039,400.0
2026-04-23T09:54:13.963104,100.0,48.29334259033203,400.0
2026-04-23T09:54:16.165284,100.0,48.39451599121094,400.0
2026-04-23T09:54:18.369286,100.0,48.495689392089844,400.0
2026-04-23T09:54:20.572923,100.0,48.59686279296875,400.0
2026-04-23T09:54:22.775788,100.0,48.7992057800293,400.0
2026-04-23T09:54:24.977421,100.0,48.950965881347656,400.0
2026-04-23T09:54:27.179144,100.0,49.05213928222656,400.0
2026-04-23T09:54:29.381043,100.0,49.1533088684082,400.0
2026-04-23T09:54:31.587003,100.0,49.25448226928711,400.0
2026-04-23T09:54:33.789461,100.0,49.40624237060547,400.0
2026-04-23T09:54:35.991579,100.0,49.50741195678711,400.0
2026-04-23T09:54:38.194273,100.0,49.70975875854492,400.0
2026-04-23T09:54:40.395862,100.0,49.81093215942383,400.0
2026-04-23T09:54:42.598104,100.0,50.013275146484375,400.0
2026-04-23T09:54:44.802036,100.0,49.96268844604492,400.0
2026-04-23T09:54:47.006195,100.0,50.013275146484375,400.0
2026-04-23T09:54:49.211098,100.0,49.96268844604492,400.0
2026-04-23T09:54:51.414085,100.0,50.21562194824219,400.0
2026-04-23T09:54:53.616183,100.0,50.21562194824219,400.0
2026-04-23T09:54:55.819905,100.0,50.21562194824219,400.0
2026-04-23T09:54:58.023453,100.0,50.31679153442383,400.0
2026-04-23T09:55:00.225854,100.0,50.46855163574219,400.0
2026-04-23T09:55:02.429751,100.0,50.569725036621094,400.0
2026-04-23T09:55:04.632694,100.0,50.569725036621094,400.0
2026-04-23T09:55:06.837585,100.0,50.72148132324219,400.0
2026-04-23T09:55:09.040512,100.0,50.670894622802734,400.0
2026-04-23T09:55:11.244915,100.0,50.822654724121094,400.0
2026-04-23T09:55:13.447794,100.0,50.77206802368164,400.0
2026-04-23T09:55:15.650421,100.0,50.923828125,400.0
2026-04-23T09:55:17.856363,100.0,51.025001525878906,400.0
2026-04-23T09:55:20.059303,100.0,51.1767578125,400.0
2026-04-23T09:55:22.262687,100.0,51.12617111206055,400.0
2026-04-23T09:55:24.464704,100.0,51.32851791381836,400.0
2026-04-23T09:55:26.668147,100.0,51.37910461425781,400.0
2026-04-23T09:55:28.871774,100.0,51.32851791381836,400.0
2026-04-23T09:55:31.075503,100.0,51.37910461425781,400.0
2026-04-23T09:55:33.278603,100.0,51.4296875,400.0
2026-04-23T09:55:35.480515,100.0,51.4296875,400.0
2026-04-23T09:55:37.683479,100.0,51.48027420043945,400.0
2026-04-23T09:55:39.886701,100.0,51.63203430175781,400.0
2026-04-23T09:55:42.090184,100.0,51.63203430175781,400.0
2026-04-23T09:55:44.293858,100.0,51.682621002197266,400.0
2026-04-23T09:55:46.496617,100.0,51.682621002197266,400.0
2026-04-23T09:55:48.700042,100.0,51.73320770263672,400.0
2026-04-23T09:55:50.903827,100.0,51.73320770263672,400.0
2026-04-23T09:55:53.108779,100.0,51.78379440307617,400.0
2026-04-23T09:55:55.311557,100.0,51.83437728881836,400.0
2026-04-23T09:55:57.513953,100.0,51.88496398925781,400.0
2026-04-23T09:55:59.720425,100.0,51.935550689697266,400.0
2026-04-23T09:56:01.923217,100.0,51.98613739013672,400.0
2026-04-23T09:56:04.128146,100.0,51.98613739013672,400.0
2026-04-23T09:56:06.330075,100.0,52.087310791015625,400.0
2026-04-23T09:56:08.533140,100.0,52.087310791015625,400.0
2026-04-23T09:56:10.735172,100.0,52.087310791015625,400.0
2026-04-23T09:56:12.939992,100.0,52.13789749145508,400.0
2026-04-23T09:56:15.141632,100.0,52.03672409057617,400.0
2026-04-23T09:56:17.343701,100.0,52.03672409057617,400.0
2026-04-23T09:56:19.545713,100.0,52.23906707763672,400.0
2026-04-23T09:56:21.747666,100.0,52.28965377807617,400.0
2026-04-23T09:56:23.951877,100.0,52.28965377807617,400.0
2026-04-23T09:56:26.155944,100.0,52.28965377807617,400.0
2026-04-23T09:56:28.362264,100.0,52.340240478515625,400.0
2026-04-23T09:56:30.564650,100.0,52.39082717895508,400.0
2026-04-23T09:56:32.768224,100.0,52.39082717895508,400.0
2026-04-23T09:56:34.971120,100.0,52.44141387939453,400.0
2026-04-23T09:56:37.174774,100.0,52.492000579833984,400.0
2026-04-23T09:56:39.376716,100.0,52.39082717895508,400.0
2026-04-23T09:56:41.580166,100.0,52.44141387939453,400.0
2026-04-23T09:56:43.785387,100.0,52.44141387939453,400.0
2026-04-23T09:56:45.990251,100.0,52.492000579833984,400.0
2026-04-23T09:56:48.192482,100.0,52.44141387939453,400.0
2026-04-23T09:56:50.396058,100.0,52.492000579833984,400.0
2026-04-23T09:56:52.599242,100.0,52.54258728027344,400.0
2026-04-23T09:56:54.802382,100.0,52.59317398071289,400.0
2026-04-23T09:56:57.004765,100.0,52.64375686645508,400.0
2026-04-23T09:56:59.208434,100.0,52.64375686645508,400.0
2026-04-23T09:57:01.410847,100.0,52.69434356689453,400.0
2026-04-23T09:57:03.612692,100.0,52.64375686645508,400.0
2026-04-23T09:57:05.817219,100.0,52.744930267333984,400.0
2026-04-23T09:57:08.020463,100.0,52.84610366821289,400.0
2026-04-23T09:57:10.223854,100.0,52.896690368652344,400.0
2026-04-23T09:57:12.426283,100.0,52.896690368652344,400.0
2026-04-23T09:57:14.630374,100.0,52.84610366821289,400.0
2026-04-23T09:57:16.833483,100.0,52.79551696777344,400.0
2026-04-23T09:57:19.038239,100.0,52.896690368652344,400.0
2026-04-23T09:57:21.241791,100.0,52.9472770690918,400.0
2026-04-23T09:57:23.443823,100.0,52.9472770690918,400.0
2026-04-23T09:57:25.646869,100.0,52.99786376953125,400.0
2026-04-23T09:57:27.851069,100.0,53.04844665527344,400.0
2026-04-23T09:57:30.053896,100.0,52.99786376953125,400.0
2026-04-23T09:57:32.256843,100.0,52.99786376953125,400.0
2026-04-23T09:57:34.460710,100.0,53.04844665527344,400.0
2026-04-23T09:57:36.663033,100.0,53.04844665527344,400.0
2026-04-23T09:57:38.865375,100.0,52.9472770690918,400.0
2026-04-23T09:57:41.069148,100.0,52.896690368652344,400.0
2026-04-23T09:57:43.272613,100.0,52.9472770690918,400.0
2026-04-23T09:57:45.475015,100.0,52.99786376953125,400.0
2026-04-23T09:57:47.678303,100.0,53.04844665527344,400.0
2026-04-23T09:57:49.882151,100.0,53.04844665527344,400.0
2026-04-23T09:57:52.087787,100.0,52.99786376953125,400.0
2026-04-23T09:57:54.289649,100.0,52.99786376953125,400.0
2026-04-23T09:57:56.491679,100.0,52.99786376953125,400.0
2026-04-23T09:57:58.695045,100.0,52.9472770690918,400.0
2026-04-23T09:58:00.901501,100.0,52.99786376953125,400.0
2026-04-23T09:58:03.104683,100.0,53.04844665527344,400.0
2026-04-23T09:58:05.308027,100.0,53.04844665527344,400.0
2026-04-23T09:58:07.512309,100.0,53.09903335571289,400.0
2026-04-23T09:58:09.714340,100.0,53.04844665527344,400.0
2026-04-23T09:58:11.918353,100.0,53.04844665527344,400.0
2026-04-23T09:58:14.122604,100.0,52.99786376953125,400.0
2026-04-23T09:58:16.324635,100.0,53.09903335571289,400.0
2026-04-23T09:58:18.528383,100.0,53.09903335571289,400.0
2026-04-23T09:58:20.729907,100.0,53.149620056152344,400.0
2026-04-23T09:58:22.933124,100.0,53.09903335571289,400.0
2026-04-23T09:58:25.136612,100.0,53.149620056152344,400.0
2026-04-23T09:58:27.339930,100.0,53.2002067565918,400.0
2026-04-23T09:58:29.543782,100.0,53.2002067565918,400.0
2026-04-23T09:58:31.747974,100.0,53.2002067565918,400.0
2026-04-23T09:58:33.953092,100.0,53.2002067565918,400.0
2026-04-23T09:58:36.156145,100.0,53.3013801574707,400.0
2026-04-23T09:58:38.359108,100.0,53.149620056152344,400.0
2026-04-23T09:58:40.562651,100.0,53.2002067565918,400.0
2026-04-23T09:58:42.765456,100.0,53.3013801574707,400.0
2026-04-23T09:58:44.969444,100.0,53.149620056152344,400.0
2026-04-23T09:58:47.172867,100.0,53.3013801574707,400.0
2026-04-23T09:58:49.375933,100.0,53.25079345703125,400.0
2026-04-23T09:58:51.578710,100.0,53.2002067565918,400.0
2026-04-23T09:58:53.782907,100.0,53.149620056152344,400.0
2026-04-23T09:58:55.986360,100.0,53.149620056152344,400.0
2026-04-23T09:58:58.192387,100.0,53.25079345703125,400.0
2026-04-23T09:59:00.394234,100.0,53.25079345703125,400.0
2026-04-23T09:59:02.600308,100.0,53.2002067565918,400.0
2026-04-23T09:59:04.804025,100.0,53.09903335571289,400.0
2026-04-23T09:59:07.006284,100.0,53.149620056152344,400.0
2026-04-23T09:59:09.210033,100.0,53.04844665527344,400.0
2026-04-23T09:59:11.411592,100.0,53.04844665527344,400.0
2026-04-23T09:59:13.614330,100.0,52.99786376953125,400.0
2026-04-23T09:59:15.817719,100.0,52.9472770690918,400.0
2026-04-23T09:59:18.021005,100.0,53.04844665527344,400.0
2026-04-23T09:59:20.223536,100.0,53.149620056152344,400.0
2026-04-23T09:59:22.426612,100.0,53.09903335571289,400.0
2026-04-23T09:59:24.629352,100.0,53.04844665527344,400.0
2026-04-23T09:59:26.831733,100.0,53.04844665527344,400.0
2026-04-23T09:59:29.040045,100.0,52.99786376953125,400.0
2026-04-23T09:59:31.241971,100.0,52.99786376953125,400.0
2026-04-23T09:59:33.444079,100.0,52.99786376953125,400.0
2026-04-23T09:59:35.647426,100.0,52.99786376953125,400.0
2026-04-23T09:59:37.852422,100.0,53.04844665527344,400.0
2026-04-23T09:59:40.055235,100.0,52.99786376953125,400.0
2026-04-23T09:59:42.258981,100.0,53.04844665527344,400.0
2026-04-23T09:59:44.460538,100.0,53.04844665527344,400.0
2026-04-23T09:59:46.662288,100.0,52.9472770690918,400.0
2026-04-23T09:59:48.865048,100.0,52.99786376953125,400.0
2026-04-23T09:59:51.068657,100.0,52.99786376953125,400.0
2026-04-23T09:59:53.272331,100.0,52.99786376953125,400.0
2026-04-23T09:59:55.475501,100.0,52.896690368652344,400.0
2026-04-23T09:59:57.678691,100.0,52.9472770690918,400.0
2026-04-23T09:59:59.880617,100.0,52.9472770690918,400.0
2026-04-23T10:00:02.083755,100.0,52.99786376953125,400.0
2026-04-23T10:00:04.288223,100.0,52.99786376953125,400.0
2026-04-23T10:00:06.491293,100.0,52.9472770690918,400.0
2026-04-23T10:00:08.694772,100.0,52.99786376953125,400.0
2026-04-23T10:00:10.898742,100.0,52.99786376953125,400.0
2026-04-23T10:00:13.102951,100.0,53.04844665527344,400.0
2026-04-23T10:00:15.305438,100.0,52.99786376953125,400.0
2026-04-23T10:00:17.510337,100.0,53.04844665527344,400.0
2026-04-23T10:00:19.712015,100.0,52.99786376953125,400.0
2026-04-23T10:00:21.913886,100.0,53.04844665527344,400.0
2026-04-23T10:00:24.117032,100.0,53.04844665527344,400.0
2026-04-23T10:00:26.319337,100.0,53.09903335571289,400.0
2026-04-23T10:00:28.521326,100.0,53.04844665527344,400.0
2026-04-23T10:00:30.723944,100.0,52.99786376953125,400.0
2026-04-23T10:00:32.925785,100.0,52.99786376953125,400.0
2026-04-23T10:00:35.128942,100.0,52.99786376953125,400.0
2026-04-23T10:00:37.334138,100.0,53.09903335571289,400.0
2026-04-23T10:00:39.536822,100.0,53.09903335571289,400.0
2026-04-23T10:00:41.739341,100.0,53.09903335571289,400.0
2026-04-23T10:00:43.941989,100.0,53.04844665527344,400.0
2026-04-23T10:00:46.144984,100.0,53.04844665527344,400.0
2026-04-23T10:00:48.347819,100.0,52.99786376953125,400.0
2026-04-23T10:00:50.551291,100.0,53.04844665527344,400.0
2026-04-23T10:00:52.754504,100.0,53.09903335571289,400.0
2026-04-23T10:00:54.958498,100.0,53.04844665527344,400.0
2026-04-23T10:00:57.161881,100.0,53.09903335571289,400.0
2026-04-23T10:00:59.365108,100.0,53.2002067565918,400.0
2026-04-23T10:01:01.568547,100.0,53.2002067565918,400.0
2026-04-23T10:01:03.770423,100.0,53.2002067565918,400.0
2026-04-23T10:01:05.974934,100.0,53.3013801574707,400.0
2026-04-23T10:01:08.176839,100.0,53.3013801574707,400.0
2026-04-23T10:01:10.380447,100.0,53.149620056152344,400.0
2026-04-23T10:01:12.590907,100.0,53.2002067565918,400.0
2026-04-23T10:01:14.795436,100.0,53.149620056152344,400.0
2026-04-23T10:01:16.997298,100.0,53.149620056152344,400.0
2026-04-23T10:01:19.200869,100.0,53.149620056152344,400.0
2026-04-23T10:01:21.405175,100.0,53.09903335571289,400.0
2026-04-23T10:01:23.607079,100.0,53.09903335571289,400.0
2026-04-23T10:01:25.810639,100.0,53.2002067565918,400.0
2026-04-23T10:01:28.012631,100.0,53.351966857910156,400.0
2026-04-23T10:01:30.217277,100.0,53.4531364440918,400.0
2026-04-23T10:01:32.420476,100.0,53.4531364440918,400.0
2026-04-23T10:01:34.623536,100.0,53.604896545410156,400.0
2026-04-23T10:01:36.825897,100.0,53.5543098449707,400.0
2026-04-23T10:01:39.027569,100.0,53.5543098449707,400.0
2026-04-23T10:01:41.230670,100.0,53.5543098449707,400.0
2026-04-23T10:01:43.435323,100.0,53.5543098449707,400.0
2026-04-23T10:01:45.638408,100.0,53.50372314453125,400.0
2026-04-23T10:01:47.840956,100.0,53.65548324584961,400.0
2026-04-23T10:01:50.044446,100.0,53.604896545410156,400.0
2026-04-23T10:01:52.249838,100.0,53.5543098449707,400.0
2026-04-23T10:01:54.453370,100.0,53.50372314453125,400.0
2026-04-23T10:01:56.655639,100.0,53.5543098449707,400.0
2026-04-23T10:01:58.858818,100.0,53.50372314453125,400.0
2026-04-23T10:02:01.060751,100.0,53.5543098449707,400.0
2026-04-23T10:02:03.263917,100.0,53.5543098449707,400.0
2026-04-23T10:02:05.468255,100.0,53.50372314453125,400.0
2026-04-23T10:02:07.674923,100.0,53.4531364440918,400.0
2026-04-23T10:02:09.877634,100.0,53.4531364440918,400.0
2026-04-23T10:02:12.081146,100.0,53.50372314453125,400.0
2026-04-23T10:02:14.285759,100.0,53.4531364440918,400.0
2026-04-23T10:02:16.490539,100.0,53.50372314453125,400.0
2026-04-23T10:02:18.695192,100.0,53.40255355834961,400.0
2026-04-23T10:02:20.897510,100.0,53.4531364440918,400.0
2026-04-23T10:02:23.101056,100.0,53.4531364440918,400.0
2026-04-23T10:02:25.303395,100.0,53.40255355834961,400.0
2026-04-23T10:02:27.507110,100.0,53.50372314453125,400.0
2026-04-23T10:02:29.710957,100.0,53.4531364440918,400.0
2026-04-23T10:02:31.914099,100.0,53.4531364440918,400.0
2026-04-23T10:02:34.119205,100.0,53.4531364440918,400.0
2026-04-23T10:02:36.323217,100.0,53.40255355834961,400.0
2026-04-23T10:02:38.526343,100.0,53.40255355834961,400.0
2026-04-23T10:02:40.728250,100.0,53.40255355834961,400.0
2026-04-23T10:02:42.931459,100.0,53.50372314453125,400.0
2026-04-23T10:02:45.135110,100.0,53.50372314453125,400.0
2026-04-23T10:02:47.339384,100.0,53.4531364440918,400.0
2026-04-23T10:02:49.541763,100.0,53.50372314453125,400.0
2026-04-23T10:02:51.743794,100.0,53.4531364440918,400.0
2026-04-23T10:02:53.951065,100.0,53.4531364440918,400.0
2026-04-23T10:02:56.154644,100.0,53.40255355834961,400.0
2026-04-23T10:02:58.357304,100.0,53.40255355834961,400.0
2026-04-23T10:03:00.558882,100.0,53.351966857910156,400.0
2026-04-23T10:03:02.760993,100.0,53.3013801574707,400.0
2026-04-23T10:03:04.963385,100.0,53.351966857910156,400.0
2026-04-23T10:03:07.165666,100.0,53.351966857910156,400.0
2026-04-23T10:03:09.368624,100.0,53.351966857910156,400.0
2026-04-23T10:03:11.572159,100.0,53.351966857910156,400.0
2026-04-23T10:03:13.775742,100.0,53.25079345703125,400.0
2026-04-23T10:03:15.978156,100.0,53.40255355834961,400.0
2026-04-23T10:03:18.181738,100.0,53.4531364440918,400.0
2026-04-23T10:03:20.387680,100.0,53.4531364440918,400.0
2026-04-23T10:03:22.589737,100.0,53.40255355834961,400.0
2026-04-23T10:03:24.792169,100.0,53.604896545410156,400.0
2026-04-23T10:03:26.994240,100.0,53.5543098449707,400.0
2026-04-23T10:03:29.196304,100.0,53.604896545410156,400.0
2026-04-23T10:03:31.402249,100.0,53.604896545410156,400.0
2026-04-23T10:03:33.605554,100.0,53.50372314453125,400.0
2026-04-23T10:03:35.808434,100.0,53.604896545410156,400.0
2026-04-23T10:03:38.010745,100.0,53.604896545410156,400.0
2026-04-23T10:03:40.213984,100.0,53.5543098449707,400.0
2026-04-23T10:03:42.419756,100.0,53.50372314453125,400.0
2026-04-23T10:03:44.623037,100.0,53.4531364440918,400.0
2026-04-23T10:03:46.824877,100.0,53.4531364440918,400.0
2026-04-23T10:03:49.028406,100.0,53.4531364440918,400.0
2026-04-23T10:03:51.232553,100.0,53.40255355834961,400.0
2026-04-23T10:03:53.435166,100.0,53.40255355834961,400.0
2026-04-23T10:03:55.638991,100.0,53.351966857910156,400.0
2026-04-23T10:03:57.840660,100.0,53.3013801574707,400.0
2026-04-23T10:04:00.049437,100.0,53.351966857910156,400.0
2026-04-23T10:04:02.252056,100.0,53.351966857910156,400.0
2026-04-23T10:04:04.456202,100.0,53.3013801574707,400.0
2026-04-23T10:04:06.659726,100.0,53.25079345703125,400.0
2026-04-23T10:04:08.862248,100.0,53.25079345703125,400.0
2026-04-23T10:04:11.066064,100.0,53.2002067565918,400.0
2026-04-23T10:04:13.267940,100.0,53.25079345703125,400.0
2026-04-23T10:04:15.475464,100.0,53.149620056152344,400.0
2026-04-23T10:04:17.677506,100.0,53.09903335571289,400.0
2026-04-23T10:04:19.880539,100.0,53.2002067565918,400.0
2026-04-23T10:04:22.087148,100.0,53.2002067565918,400.0
2026-04-23T10:04:24.290640,100.0,53.2002067565918,400.0
2026-04-23T10:04:26.492632,100.0,53.149620056152344,400.0
2026-04-23T10:04:28.695137,100.0,53.149620056152344,400.0
2026-04-23T10:04:30.898126,100.0,53.149620056152344,400.0
2026-04-23T10:04:33.101458,100.0,53.2002067565918,400.0
2026-04-23T10:04:35.305610,100.0,53.25079345703125,400.0
2026-04-23T10:04:37.508688,100.0,53.25079345703125,400.0
2026-04-23T10:04:39.710672,100.0,53.25079345703125,400.0
2026-04-23T10:04:41.914586,100.0,53.3013801574707,400.0
2026-04-23T10:04:44.117974,100.0,53.25079345703125,400.0
2026-04-23T10:04:46.321774,100.0,53.2002067565918,400.0
2026-04-23T10:04:48.523543,100.0,53.2002067565918,400.0
2026-04-23T10:04:50.727139,100.0,53.149620056152344,400.0
2026-04-23T10:04:52.930731,100.0,53.25079345703125,400.0
2026-04-23T10:04:55.133193,100.0,53.3013801574707,400.0
2026-04-23T10:04:57.335770,100.0,53.3013801574707,400.0
2026-04-23T10:04:59.538152,100.0,53.3013801574707,400.0
2026-04-23T10:05:01.741739,100.0,53.25079345703125,400.0
2026-04-23T10:05:03.943687,100.0,53.25079345703125,400.0
2026-04-23T10:05:06.146890,100.0,53.2002067565918,400.0
2026-04-23T10:05:08.348992,100.0,53.25079345703125,400.0
2026-04-23T10:05:10.552625,100.0,53.3013801574707,400.0
2026-04-23T10:05:12.756038,100.0,53.25079345703125,400.0
2026-04-23T10:05:14.959279,100.0,53.2002067565918,400.0
2026-04-23T10:05:17.164096,100.0,53.25079345703125,400.0
2026-04-23T10:05:19.366992,100.0,53.25079345703125,400.0
2026-04-23T10:05:21.569385,100.0,53.2002067565918,400.0
2026-04-23T10:05:23.774407,100.0,53.2002067565918,400.0
2026-04-23T10:05:25.976137,100.0,53.2002067565918,400.0
2026-04-23T10:05:28.180024,100.0,53.25079345703125,400.0
2026-04-23T10:05:30.383139,100.0,53.2002067565918,400.0
2026-04-23T10:05:32.586045,100.0,53.4531364440918,400.0
2026-04-23T10:05:34.788790,100.0,53.50372314453125,400.0
2026-04-23T10:05:36.991058,100.0,53.40255355834961,400.0
2026-04-23T10:05:39.193346,100.0,53.5543098449707,400.0
2026-04-23T10:05:41.395701,100.0,53.5543098449707,400.0
2026-04-23T10:05:43.599380,100.0,53.50372314453125,400.0
2026-04-23T10:05:45.803102,100.0,53.4531364440918,400.0
2026-04-23T10:05:48.004981,100.0,53.40255355834961,400.0
2026-04-23T10:05:50.208102,100.0,53.40255355834961,400.0
2026-04-23T10:05:52.410198,100.0,53.40255355834961,400.0
2026-04-23T10:05:54.612107,100.0,53.40255355834961,400.0
2026-04-23T10:05:56.815183,100.0,53.4531364440918,400.0
2026-04-23T10:05:59.018947,100.0,53.3013801574707,400.0
2026-04-23T10:06:01.220999,100.0,53.25079345703125,400.0
2026-04-23T10:06:03.423748,100.0,53.3013801574707,400.0
2026-04-23T10:06:05.626092,100.0,53.2002067565918,400.0
2026-04-23T10:06:07.828995,100.0,53.2002067565918,400.0
2026-04-23T10:06:10.032569,100.0,53.25079345703125,400.0
2026-04-23T10:06:12.235880,100.0,53.2002067565918,400.0
2026-04-23T10:06:14.442376,100.0,53.25079345703125,400.0
2026-04-23T10:06:16.643920,100.0,53.25079345703125,400.0
2026-04-23T10:06:18.848421,100.0,53.25079345703125,400.0
2026-04-23T10:06:21.050864,100.0,53.2002067565918,400.0
2026-04-23T10:06:23.254385,100.0,53.04844665527344,400.0
2026-04-23T10:06:25.456510,100.0,53.09903335571289,400.0
2026-04-23T10:06:27.659415,100.0,53.149620056152344,400.0
2026-04-23T10:06:29.862120,100.0,53.3013801574707,400.0
2026-04-23T10:06:32.064720,100.0,53.25079345703125,400.0
2026-04-23T10:06:34.269353,100.0,53.25079345703125,400.0
2026-04-23T10:06:36.472360,100.0,53.2002067565918,400.0
2026-04-23T10:06:38.675700,100.0,53.149620056152344,400.0
2026-04-23T10:06:40.878593,100.0,53.09903335571289,400.0
2026-04-23T10:06:43.082798,100.0,53.09903335571289,400.0
2026-04-23T10:06:45.285692,100.0,53.2002067565918,400.0
2026-04-23T10:06:47.488309,100.0,53.2002067565918,400.0
2026-04-23T10:06:49.690861,100.0,53.25079345703125,400.0
2026-04-23T10:06:51.892937,100.0,53.351966857910156,400.0
2026-04-23T10:06:54.094538,100.0,53.09903335571289,400.0
2026-04-23T10:06:56.297133,100.0,53.2002067565918,400.0
2026-04-23T10:06:58.502105,100.0,53.25079345703125,400.0
2026-04-23T10:07:00.706291,100.0,53.2002067565918,400.0
2026-04-23T10:07:02.910418,100.0,53.25079345703125,400.0
2026-04-23T10:07:05.112388,100.0,53.09903335571289,400.0
2026-04-23T10:07:07.316445,100.0,53.09903335571289,400.0
2026-04-23T10:07:09.519953,100.0,53.04844665527344,400.0
2026-04-23T10:07:11.723143,100.0,52.99786376953125,400.0
2026-04-23T10:07:13.924996,100.0,52.99786376953125,400.0
2026-04-23T10:07:16.126918,100.0,52.9472770690918,400.0
2026-04-23T10:07:18.328565,100.0,52.9472770690918,400.0
2026-04-23T10:07:20.534678,100.0,52.99786376953125,400.0
2026-04-23T10:07:22.737731,100.0,52.9472770690918,400.0
2026-04-23T10:07:24.939366,100.0,52.9472770690918,400.0
2026-04-23T10:07:27.141396,100.0,52.9472770690918,400.0
2026-04-23T10:07:29.344132,100.0,52.9472770690918,400.0
2026-04-23T10:07:31.549381,100.0,52.9472770690918,400.0
2026-04-23T10:07:33.753175,100.0,52.99786376953125,400.0
2026-04-23T10:07:35.956754,100.0,52.9472770690918,400.0
2026-04-23T10:07:38.159492,100.0,52.9472770690918,400.0
2026-04-23T10:07:40.363338,100.0,52.99786376953125,400.0
2026-04-23T10:07:42.567576,100.0,52.99786376953125,400.0
2026-04-23T10:07:44.769971,100.0,52.9472770690918,400.0
2026-04-23T10:07:46.973633,100.0,52.896690368652344,400.0
2026-04-23T10:07:49.175463,100.0,52.84610366821289,400.0
2026-04-23T10:07:51.377338,100.0,52.84610366821289,400.0
2026-04-23T10:07:53.580911,100.0,52.744930267333984,400.0
2026-04-23T10:07:55.785952,100.0,52.744930267333984,400.0
2026-04-23T10:07:57.989434,100.0,52.69434356689453,400.0
2026-04-23T10:08:00.192796,100.0,52.744930267333984,400.0
2026-04-23T10:08:02.397118,100.0,52.744930267333984,400.0
2026-04-23T10:08:04.601097,100.0,52.69434356689453,400.0
2026-04-23T10:08:06.803847,100.0,52.69434356689453,400.0
2026-04-23T10:08:09.005454,100.0,52.69434356689453,400.0
2026-04-23T10:08:11.208812,100.0,52.69434356689453,400.0
2026-04-23T10:08:13.412482,100.0,52.69434356689453,400.0
2026-04-23T10:08:15.614776,100.0,52.69434356689453,400.0
2026-04-23T10:08:17.816736,100.0,52.744930267333984,400.0
2026-04-23T10:08:20.019118,100.0,52.69434356689453,400.0
2026-04-23T10:08:22.221967,100.0,52.69434356689453,400.0
2026-04-23T10:08:24.424660,100.0,52.744930267333984,400.0
2026-04-23T10:08:26.630171,100.0,52.744930267333984,400.0
2026-04-23T10:08:28.832369,100.0,52.69434356689453,400.0
2026-04-23T10:08:31.036826,100.0,52.64375686645508,400.0
2026-04-23T10:08:33.243009,100.0,52.744930267333984,400.0
2026-04-23T10:08:35.444542,100.0,52.69434356689453,400.0
2026-04-23T10:08:37.651471,100.0,52.69434356689453,400.0
2026-04-23T10:08:39.853853,100.0,52.69434356689453,400.0
2026-04-23T10:08:42.057710,100.0,52.69434356689453,400.0
2026-04-23T10:08:44.259169,100.0,52.69434356689453,400.0
2026-04-23T10:08:46.460809,100.0,52.64375686645508,400.0
2026-04-23T10:08:48.667157,100.0,52.69434356689453,400.0
2026-04-23T10:08:50.870229,100.0,52.79551696777344,400.0
2026-04-23T10:08:53.073471,100.0,52.744930267333984,400.0
2026-04-23T10:08:55.276868,100.0,52.79551696777344,400.0
2026-04-23T10:08:57.480027,100.0,52.79551696777344,400.0
2026-04-23T10:08:59.682222,100.0,52.744930267333984,400.0
2026-04-23T10:09:01.885772,100.0,52.744930267333984,400.0
2026-04-23T10:09:04.088678,100.0,52.84610366821289,400.0
2026-04-23T10:09:06.292064,100.0,52.84610366821289,400.0
2026-04-23T10:09:08.494455,100.0,52.84610366821289,400.0
2026-04-23T10:09:10.699600,100.0,52.744930267333984,400.0
2026-04-23T10:09:12.902240,100.0,52.84610366821289,400.0
2026-04-23T10:09:15.104256,100.0,52.84610366821289,400.0
2026-04-23T10:09:17.308718,100.0,52.896690368652344,400.0
2026-04-23T10:09:19.513820,100.0,52.896690368652344,400.0
2026-04-23T10:09:21.717009,100.0,52.896690368652344,400.0
2026-04-23T10:09:23.920913,100.0,52.9472770690918,400.0
2026-04-23T10:09:26.122830,100.0,53.04844665527344,400.0
2026-04-23T10:09:28.324485,100.0,53.2002067565918,400.0
2026-04-23T10:09:30.527660,100.0,53.3013801574707,400.0
2026-04-23T10:09:32.731226,100.0,53.351966857910156,400.0
2026-04-23T10:09:34.934848,100.0,53.2002067565918,400.0
2026-04-23T10:09:37.136949,100.0,53.3013801574707,400.0
2026-04-23T10:09:39.339809,100.0,53.351966857910156,400.0
2026-04-23T10:09:41.542985,100.0,53.3013801574707,400.0
2026-04-23T10:09:43.746632,100.0,53.25079345703125,400.0
2026-04-23T10:09:45.950360,100.0,53.3013801574707,400.0
2026-04-23T10:09:48.152275,100.0,53.25079345703125,400.0
2026-04-23T10:09:50.354482,100.0,53.25079345703125,400.0
2026-04-23T10:09:52.557062,100.0,53.2002067565918,400.0
2026-04-23T10:09:54.760599,100.0,53.25079345703125,400.0
2026-04-23T10:09:56.963449,100.0,53.2002067565918,400.0
2026-04-23T10:09:59.167043,100.0,53.2002067565918,400.0
2026-04-23T10:10:01.369315,100.0,53.149620056152344,400.0
2026-04-23T10:10:03.572321,100.0,53.09903335571289,400.0
2026-04-23T10:10:05.776155,100.0,53.09903335571289,400.0
2026-04-23T10:10:07.979094,100.0,53.2002067565918,400.0
2026-04-23T10:10:10.183685,100.0,53.2002067565918,400.0
2026-04-23T10:10:12.386671,100.0,53.2002067565918,400.0
2026-04-23T10:10:14.590537,100.0,53.2002067565918,400.0
2026-04-23T10:10:16.793253,100.0,53.2002067565918,400.0
2026-04-23T10:10:18.996469,100.0,53.2002067565918,400.0
2026-04-23T10:10:21.199792,100.0,53.25079345703125,400.0
2026-04-23T10:10:23.402531,100.0,53.25079345703125,400.0
2026-04-23T10:10:25.606910,100.0,53.2002067565918,400.0
2026-04-23T10:10:27.810066,100.0,53.2002067565918,400.0
2026-04-23T10:10:30.013231,100.0,53.25079345703125,400.0
2026-04-23T10:10:32.217404,100.0,53.149620056152344,400.0
2026-04-23T10:10:34.420570,100.0,53.2002067565918,400.0
2026-04-23T10:10:36.625200,100.0,53.2002067565918,400.0
2026-04-23T10:10:38.828562,100.0,53.2002067565918,400.0
2026-04-23T10:10:41.031831,100.0,53.25079345703125,400.0
2026-04-23T10:10:43.234788,100.0,53.2002067565918,400.0
2026-04-23T10:10:45.438985,100.0,53.3013801574707,400.0
2026-04-23T10:10:47.640640,100.0,53.351966857910156,400.0
2026-04-23T10:10:49.843000,100.0,53.351966857910156,400.0
2026-04-23T10:10:52.046884,100.0,53.3013801574707,400.0
2026-04-23T10:10:54.250734,100.0,53.3013801574707,400.0
2026-04-23T10:10:56.453092,100.0,53.3013801574707,400.0
2026-04-23T10:10:58.655259,100.0,53.3013801574707,400.0
2026-04-23T10:11:00.858322,100.0,53.25079345703125,400.0
2026-04-23T10:11:03.062230,100.0,53.25079345703125,400.0
2026-04-23T10:11:05.266380,100.0,53.351966857910156,400.0
2026-04-23T10:11:07.470657,100.0,53.2002067565918,400.0
2026-04-23T10:11:09.674164,100.0,53.351966857910156,400.0
2026-04-23T10:11:11.876173,100.0,53.3013801574707,400.0
2026-04-23T10:11:14.077810,100.0,53.351966857910156,400.0
2026-04-23T10:11:16.281232,100.0,53.40255355834961,400.0
2026-04-23T10:11:18.485250,100.0,53.40255355834961,400.0
2026-04-23T10:11:20.689561,100.0,53.40255355834961,400.0
2026-04-23T10:11:22.892363,100.0,53.40255355834961,400.0
2026-04-23T10:11:25.094992,100.0,53.351966857910156,400.0
2026-04-23T10:11:27.300035,100.0,53.3013801574707,400.0
2026-04-23T10:11:29.502627,100.0,53.4531364440918,400.0
2026-04-23T10:11:31.706173,100.0,53.40255355834961,400.0
2026-04-23T10:11:33.908170,100.0,53.40255355834961,400.0
2026-04-23T10:11:36.113725,100.0,53.3013801574707,400.0
2026-04-23T10:11:38.317192,100.0,53.351966857910156,400.0
2026-04-23T10:11:40.519263,100.0,53.3013801574707,400.0
2026-04-23T10:11:42.722541,100.0,53.3013801574707,400.0
2026-04-23T10:11:44.925307,100.0,53.351966857910156,400.0
2026-04-23T10:11:47.127160,100.0,53.3013801574707,400.0
2026-04-23T10:11:49.330349,100.0,53.40255355834961,400.0
2026-04-23T10:11:51.535675,100.0,53.351966857910156,400.0
2026-04-23T10:11:53.739502,100.0,53.40255355834961,400.0
2026-04-23T10:11:55.941223,100.0,53.351966857910156,400.0
2026-04-23T10:11:58.150413,100.0,53.4531364440918,400.0
2026-04-23T10:12:00.352876,100.0,53.50372314453125,400.0
2026-04-23T10:12:02.555758,100.0,53.4531364440918,400.0
2026-04-23T10:12:04.758752,100.0,53.4531364440918,400.0
2026-04-23T10:12:06.960670,100.0,53.50372314453125,400.0
2026-04-23T10:12:09.163009,100.0,53.5543098449707,400.0
2026-04-23T10:12:11.367669,100.0,53.50372314453125,400.0
2026-04-23T10:12:13.570225,100.0,53.4531364440918,400.0
2026-04-23T10:12:15.771873,100.0,53.4531364440918,400.0
2026-04-23T10:12:17.974650,100.0,53.50372314453125,400.0
2026-04-23T10:12:20.176535,100.0,53.4531364440918,400.0
2026-04-23T10:12:22.378980,100.0,53.50372314453125,400.0
2026-04-23T10:12:24.580964,100.0,53.50372314453125,400.0
2026-04-23T10:12:26.784506,100.0,53.40255355834961,400.0
2026-04-23T10:12:28.990518,100.0,53.50372314453125,400.0
2026-04-23T10:12:31.192907,100.0,53.4531364440918,400.0
2026-04-23T10:12:33.396287,100.0,53.50372314453125,400.0
2026-04-23T10:12:35.600025,100.0,53.40255355834961,400.0
2026-04-23T10:12:37.802827,100.0,53.4531364440918,400.0
2026-04-23T10:12:40.004623,100.0,53.5543098449707,400.0
2026-04-23T10:12:42.207188,100.0,53.50372314453125,400.0
2026-04-23T10:12:44.409979,100.0,53.4531364440918,400.0
2026-04-23T10:12:46.613416,100.0,53.5543098449707,400.0
2026-04-23T10:12:48.815354,100.0,53.4531364440918,400.0
2026-04-23T10:12:51.018488,100.0,53.604896545410156,400.0
2026-04-23T10:12:53.221633,100.0,53.604896545410156,400.0
2026-04-23T10:12:55.423790,100.0,53.604896545410156,400.0
2026-04-23T10:12:57.625730,100.0,53.65548324584961,400.0
2026-04-23T10:12:59.829902,100.0,53.65548324584961,400.0
2026-04-23T10:13:02.033723,100.0,53.604896545410156,400.0
2026-04-23T10:13:04.236802,100.0,53.65548324584961,400.0
2026-04-23T10:13:06.439520,100.0,53.70606994628906,400.0
2026-04-23T10:13:08.641506,100.0,53.70606994628906,400.0
2026-04-23T10:13:10.843430,100.0,53.65548324584961,400.0
2026-04-23T10:13:13.047663,100.0,53.70606994628906,400.0
2026-04-23T10:13:15.251079,100.0,53.756656646728516,400.0
2026-04-23T10:13:17.453277,100.0,53.604896545410156,400.0
2026-04-23T10:13:19.657580,100.0,53.70606994628906,400.0
2026-04-23T10:13:21.861990,100.0,53.604896545410156,400.0
2026-04-23T10:13:24.064218,100.0,53.756656646728516,400.0
2026-04-23T10:13:26.267817,100.0,53.70606994628906,400.0
2026-04-23T10:13:28.471195,100.0,53.65548324584961,400.0
2026-04-23T10:13:30.674952,100.0,53.65548324584961,400.0
2026-04-23T10:13:32.878100,100.0,53.65548324584961,400.0
2026-04-23T10:13:35.098072,100.0,53.65548324584961,400.0
2026-04-23T10:13:37.301184,100.0,53.65548324584961,400.0
2026-04-23T10:13:39.503540,100.0,53.65548324584961,400.0
2026-04-23T10:13:41.705253,100.0,53.65548324584961,400.0
2026-04-23T10:13:43.908842,100.0,53.65548324584961,400.0
2026-04-23T10:13:46.114593,100.0,53.65548324584961,400.0
2026-04-23T10:13:48.318487,100.0,53.604896545410156,400.0
2026-04-23T10:13:50.526149,100.0,53.604896545410156,400.0
2026-04-23T10:13:52.728021,100.0,53.604896545410156,400.0
2026-04-23T10:13:54.932260,100.0,53.65548324584961,400.0
2026-04-23T10:13:57.135876,100.0,53.604896545410156,400.0
2026-04-23T10:13:59.339026,100.0,53.65548324584961,400.0
2026-04-23T10:14:01.542284,100.0,53.70606994628906,400.0
2026-04-23T10:14:03.745629,100.0,53.604896545410156,400.0
2026-04-23T10:14:05.949408,100.0,53.5543098449707,400.0
2026-04-23T10:14:08.153775,100.0,53.5543098449707,400.0
2026-04-23T10:14:10.355669,100.0,53.65548324584961,400.0
2026-04-23T10:14:12.558649,100.0,53.65548324584961,400.0
2026-04-23T10:14:14.762644,100.0,53.65548324584961,400.0
2026-04-23T10:14:16.965831,100.0,53.50372314453125,400.0
2026-04-23T10:14:19.168450,100.0,53.604896545410156,400.0
2026-04-23T10:14:21.371068,100.0,53.604896545410156,400.0
2026-04-23T10:14:23.573413,100.0,53.604896545410156,400.0
2026-04-23T10:14:25.776394,100.0,53.65548324584961,400.0
2026-04-23T10:14:27.978944,100.0,53.604896545410156,400.0
2026-04-23T10:14:30.181794,100.0,53.70606994628906,400.0
2026-04-23T10:14:32.386739,100.0,53.65548324584961,400.0
2026-04-23T10:14:34.590461,100.0,53.65548324584961,400.0
2026-04-23T10:14:36.793664,100.0,53.65548324584961,400.0
2026-04-23T10:14:38.996614,100.0,53.50372314453125,400.0
2026-04-23T10:14:41.203178,100.0,53.65548324584961,400.0
2026-04-23T10:14:43.406090,100.0,53.70606994628906,400.0
2026-04-23T10:14:45.607989,100.0,53.604896545410156,400.0
2026-04-23T10:14:47.811690,100.0,53.65548324584961,400.0
2026-04-23T10:14:50.013789,100.0,53.65548324584961,400.0
2026-04-23T10:14:52.219318,100.0,53.65548324584961,400.0
2026-04-23T10:14:54.422205,100.0,53.70606994628906,400.0
2026-04-23T10:14:56.623832,100.0,53.65548324584961,400.0
2026-04-23T10:14:58.826892,100.0,53.70606994628906,400.0
2026-04-23T10:15:01.032465,100.0,53.604896545410156,400.0
2026-04-23T10:15:03.239369,100.0,53.604896545410156,400.0
2026-04-23T10:15:05.442532,100.0,53.604896545410156,400.0
2026-04-23T10:15:07.646468,100.0,53.70606994628906,400.0
2026-04-23T10:15:09.850712,100.0,53.65548324584961,400.0
2026-04-23T10:15:12.055375,100.0,53.65548324584961,400.0
2026-04-23T10:15:14.257737,100.0,53.70606994628906,400.0
2026-04-23T10:15:16.460221,100.0,53.8072395324707,400.0
2026-04-23T10:15:18.663224,100.0,53.756656646728516,400.0
2026-04-23T10:15:20.865659,100.0,53.8072395324707,400.0
2026-04-23T10:15:23.067689,100.0,53.8072395324707,400.0
2026-04-23T10:15:25.271377,100.0,53.756656646728516,400.0
2026-04-23T10:15:27.474914,100.0,53.857826232910156,400.0
2026-04-23T10:15:29.677890,100.0,53.8072395324707,400.0
2026-04-23T10:15:31.879765,100.0,53.65548324584961,400.0
2026-04-23T10:15:34.083893,100.0,53.756656646728516,400.0
2026-04-23T10:15:36.286928,100.0,53.8072395324707,400.0
2026-04-23T10:15:38.488847,100.0,53.857826232910156,400.0
2026-04-23T10:15:40.691052,100.0,53.857826232910156,400.0
2026-04-23T10:15:42.894379,100.0,53.70606994628906,400.0
2026-04-23T10:15:45.097637,100.0,53.8072395324707,400.0
2026-04-23T10:15:47.302522,100.0,53.8072395324707,400.0
2026-04-23T10:15:49.505751,100.0,53.857826232910156,400.0
2026-04-23T10:15:51.707447,100.0,53.70606994628906,400.0
2026-04-23T10:15:53.910299,100.0,53.756656646728516,400.0
2026-04-23T10:15:56.112573,100.0,53.70606994628906,400.0
2026-04-23T10:15:58.318229,100.0,53.65548324584961,400.0
2026-04-23T10:16:00.523172,100.0,53.604896545410156,400.0
2026-04-23T10:16:02.726105,100.0,53.5543098449707,400.0
2026-04-23T10:16:04.929159,100.0,53.70606994628906,400.0
2026-04-23T10:16:07.132771,100.0,53.65548324584961,400.0
2026-04-23T10:16:09.336880,100.0,53.604896545410156,400.0
2026-04-23T10:16:11.540147,100.0,53.604896545410156,400.0
2026-04-23T10:16:13.745037,100.0,53.5543098449707,400.0
2026-04-23T10:16:15.947755,100.0,53.604896545410156,400.0
2026-04-23T10:16:18.151577,100.0,53.70606994628906,400.0
2026-04-23T10:16:20.353374,100.0,53.756656646728516,400.0
2026-04-23T10:16:22.556286,100.0,53.70606994628906,400.0
2026-04-23T10:16:24.760070,100.0,53.70606994628906,400.0
2026-04-23T10:16:26.964881,100.0,53.756656646728516,400.0
2026-04-23T10:16:29.167968,100.0,53.65548324584961,400.0
2026-04-23T10:16:31.370833,100.0,53.604896545410156,400.0
2026-04-23T10:16:33.574441,100.0,53.65548324584961,400.0
2026-04-23T10:16:35.776139,100.0,53.65548324584961,400.0
2026-04-23T10:16:37.980028,100.0,53.604896545410156,400.0
2026-04-23T10:16:40.182909,100.0,53.756656646728516,400.0
2026-04-23T10:16:42.386956,100.0,53.604896545410156,400.0
2026-04-23T10:16:44.590415,100.0,53.70606994628906,400.0
2026-04-23T10:16:46.792229,100.0,53.756656646728516,400.0
2026-04-23T10:16:48.995304,100.0,53.70606994628906,400.0
2026-04-23T10:16:51.198038,100.0,53.756656646728516,400.0
2026-04-23T10:16:53.400071,100.0,53.756656646728516,400.0
2026-04-23T10:16:55.604117,100.0,53.65548324584961,400.0
2026-04-23T10:16:57.807207,100.0,53.70606994628906,400.0
2026-04-23T10:17:00.011533,100.0,53.70606994628906,400.0
2026-04-23T10:17:02.214219,100.0,53.65548324584961,400.0
2026-04-23T10:17:04.416509,100.0,53.65548324584961,400.0
2026-04-23T10:17:06.619022,100.0,53.70606994628906,400.0
2026-04-23T10:17:08.822048,100.0,53.70606994628906,400.0
2026-04-23T10:17:11.027261,100.0,53.70606994628906,400.0
2026-04-23T10:17:13.229131,100.0,53.756656646728516,400.0
2026-04-23T10:17:15.431872,100.0,53.70606994628906,400.0
2026-04-23T10:17:17.634851,100.0,53.70606994628906,400.0
2026-04-23T10:17:19.836680,100.0,53.756656646728516,400.0
2026-04-23T10:17:22.039689,100.0,53.70606994628906,400.0
2026-04-23T10:17:24.242940,100.0,53.756656646728516,400.0
2026-04-23T10:17:26.450814,100.0,53.756656646728516,400.0
2026-04-23T10:17:28.653897,100.0,53.70606994628906,400.0
2026-04-23T10:17:30.855882,100.0,53.8072395324707,400.0
2026-04-23T10:17:33.058651,100.0,53.8072395324707,400.0
2026-04-23T10:17:35.262208,100.0,53.70606994628906,400.0
2026-04-23T10:17:37.464854,100.0,53.70606994628906,400.0
2026-04-23T10:17:39.668091,100.0,53.70606994628906,400.0
2026-04-23T10:17:41.875574,100.0,53.70606994628906,400.0
2026-04-23T10:17:44.079091,100.0,53.8072395324707,400.0
2026-04-23T10:17:46.281024,100.0,53.8072395324707,400.0
2026-04-23T10:17:48.483125,100.0,53.8072395324707,400.0
2026-04-23T10:17:50.686976,100.0,53.857826232910156,400.0
2026-04-23T10:17:52.889177,100.0,53.857826232910156,400.0
2026-04-23T10:17:55.091340,100.0,53.857826232910156,400.0
2026-04-23T10:17:57.294189,100.0,53.857826232910156,400.0
2026-04-23T10:17:59.496605,100.0,53.90841293334961,400.0
2026-04-23T10:18:01.711106,100.0,53.90841293334961,400.0
2026-04-23T10:18:03.913373,100.0,53.90841293334961,400.0
2026-04-23T10:18:06.116591,100.0,53.95899963378906,400.0
2026-04-23T10:18:08.318794,100.0,53.857826232910156,400.0
2026-04-23T10:18:10.520666,100.0,53.90841293334961,400.0
2026-04-23T10:18:12.723479,100.0,53.857826232910156,400.0
2026-04-23T10:18:14.925589,100.0,53.857826232910156,400.0
2026-04-23T10:18:17.130870,100.0,53.90841293334961,400.0
2026-04-23T10:18:19.334018,100.0,53.857826232910156,400.0
2026-04-23T10:18:21.537963,100.0,53.90841293334961,400.0
2026-04-23T10:18:23.739611,100.0,54.009586334228516,400.0
2026-04-23T10:18:25.941300,100.0,54.009586334228516,400.0
2026-04-23T10:18:28.142991,100.0,53.95899963378906,400.0
2026-04-23T10:18:30.346453,100.0,54.06017303466797,400.0
2026-04-23T10:18:32.550482,100.0,54.009586334228516,400.0
2026-04-23T10:18:34.754573,100.0,53.95899963378906,400.0
2026-04-23T10:18:36.958515,100.0,54.06017303466797,400.0
2026-04-23T10:18:39.164827,100.0,53.95899963378906,400.0
2026-04-23T10:18:41.369879,100.0,54.06017303466797,400.0
2026-04-23T10:18:43.573210,100.0,54.06017303466797,400.0
2026-04-23T10:18:45.774922,100.0,54.009586334228516,400.0
2026-04-23T10:18:47.980957,100.0,54.009586334228516,400.0
2026-04-23T10:18:50.184028,100.0,54.06017303466797,400.0
2026-04-23T10:18:52.386716,100.0,54.06017303466797,400.0
2026-04-23T10:18:54.588901,100.0,54.06017303466797,400.0
2026-04-23T10:18:56.792515,100.0,54.11075973510742,400.0
2026-04-23T10:18:58.997804,100.0,54.262516021728516,400.0
2026-04-23T10:19:01.200195,100.0,54.06017303466797,400.0
2026-04-23T10:19:03.405746,100.0,54.06017303466797,400.0
2026-04-23T10:19:05.608541,100.0,54.06017303466797,400.0
2026-04-23T10:19:07.815231,100.0,54.009586334228516,400.0
2026-04-23T10:19:10.018478,100.0,54.06017303466797,400.0
2026-04-23T10:19:12.223249,100.0,54.11075973510742,400.0
2026-04-23T10:19:14.425117,100.0,54.11075973510742,400.0
2026-04-23T10:19:16.628356,100.0,54.06017303466797,400.0
2026-04-23T10:19:18.833011,100.0,54.11075973510742,400.0
2026-04-23T10:19:21.035836,100.0,54.161346435546875,400.0
2026-04-23T10:19:23.239425,100.0,54.11075973510742,400.0
2026-04-23T10:19:25.442470,100.0,54.11075973510742,400.0
2026-04-23T10:19:27.648083,100.0,54.11075973510742,400.0
2026-04-23T10:19:29.851210,100.0,54.11075973510742,400.0
2026-04-23T10:19:32.053358,100.0,54.009586334228516,400.0
2026-04-23T10:19:34.255182,100.0,54.11075973510742,400.0
2026-04-23T10:19:36.456981,100.0,54.06017303466797,400.0
2026-04-23T10:19:38.660153,100.0,54.11075973510742,400.0
2026-04-23T10:19:40.864128,100.0,54.009586334228516,400.0
2026-04-23T10:19:43.069202,100.0,54.11075973510742,400.0
2026-04-23T10:19:45.271597,100.0,54.11075973510742,400.0
2026-04-23T10:19:47.473731,100.0,54.06017303466797,400.0
2026-04-23T10:19:49.676657,100.0,54.06017303466797,400.0
2026-04-23T10:19:51.879587,100.0,54.06017303466797,400.0
2026-04-23T10:19:54.081426,100.0,54.009586334228516,400.0
2026-04-23T10:19:56.285114,100.0,54.11075973510742,400.0
2026-04-23T10:19:58.489028,100.0,54.06017303466797,400.0
2026-04-23T10:20:00.691598,100.0,54.11075973510742,400.0
2026-04-23T10:20:02.895148,100.0,54.06017303466797,400.0
2026-04-23T10:20:05.098876,100.0,54.009586334228516,400.0
2026-04-23T10:20:07.302506,100.0,54.11075973510742,400.0
2026-04-23T10:20:09.505410,100.0,54.11075973510742,400.0
2026-04-23T10:20:11.709023,100.0,54.06017303466797,400.0
2026-04-23T10:20:13.913921,100.0,54.06017303466797,400.0
2026-04-23T10:20:16.116131,100.0,54.11075973510742,400.0
2026-04-23T10:20:18.318881,100.0,54.06017303466797,400.0
2026-04-23T10:20:20.522478,100.0,54.06017303466797,400.0
2026-04-23T10:20:22.725418,100.0,54.06017303466797,400.0
2026-04-23T10:20:24.927910,100.0,54.06017303466797,400.0
2026-04-23T10:20:27.130431,100.0,54.06017303466797,400.0
2026-04-23T10:20:29.334519,100.0,54.11075973510742,400.0
2026-04-23T10:20:31.536479,100.0,54.11075973510742,400.0
2026-04-23T10:20:33.739227,100.0,54.161346435546875,400.0
2026-04-23T10:20:35.940983,100.0,54.11075973510742,400.0
2026-04-23T10:20:38.143933,100.0,54.06017303466797,400.0
2026-04-23T10:20:40.349025,100.0,54.06017303466797,400.0
2026-04-23T10:20:42.555119,100.0,54.21192932128906,400.0
2026-04-23T10:20:44.757012,100.0,54.11075973510742,400.0
2026-04-23T10:20:46.959072,100.0,54.11075973510742,400.0
2026-04-23T10:20:49.162054,100.0,54.21192932128906,400.0
2026-04-23T10:20:51.365878,100.0,54.11075973510742,400.0
2026-04-23T10:20:53.571776,100.0,54.21192932128906,400.0
2026-04-23T10:20:55.776473,100.0,54.06017303466797,400.0
2026-04-23T10:20:57.978880,100.0,54.11075973510742,400.0
2026-04-23T10:21:00.182357,100.0,54.06017303466797,400.0
2026-04-23T10:21:02.385494,100.0,53.95899963378906,400.0
2026-04-23T10:21:04.587195,100.0,54.06017303466797,400.0
2026-04-23T10:21:06.788996,100.0,53.95899963378906,400.0
2026-04-23T10:21:08.992443,100.0,54.06017303466797,400.0
2026-04-23T10:21:11.197762,100.0,53.95899963378906,400.0
2026-04-23T10:21:13.400124,100.0,53.95899963378906,400.0
2026-04-23T10:21:15.602814,100.0,53.95899963378906,400.0
2026-04-23T10:21:17.805655,100.0,53.90841293334961,400.0
2026-04-23T10:21:20.008751,100.0,53.95899963378906,400.0
2026-04-23T10:21:22.211687,100.0,53.95899963378906,400.0
2026-04-23T10:21:24.413816,100.0,53.95899963378906,400.0
2026-04-23T10:21:26.616931,100.0,53.90841293334961,400.0
2026-04-23T10:21:28.819435,100.0,53.90841293334961,400.0
2026-04-23T10:21:31.022673,100.0,53.95899963378906,400.0
2026-04-23T10:21:33.225749,100.0,53.95899963378906,400.0
2026-04-23T10:21:35.428760,100.0,53.857826232910156,400.0
2026-04-23T10:21:37.635030,100.0,53.90841293334961,400.0
2026-04-23T10:21:39.837064,100.0,53.95899963378906,400.0
2026-04-23T10:21:42.039323,100.0,53.90841293334961,400.0
2026-04-23T10:21:44.240961,100.0,53.95899963378906,400.0
2026-04-23T10:21:46.442969,100.0,54.009586334228516,400.0
2026-04-23T10:21:48.646818,100.0,53.95899963378906,400.0
2026-04-23T10:21:50.849157,100.0,53.95899963378906,400.0
2026-04-23T10:21:53.052626,100.0,53.90841293334961,400.0
2026-04-23T10:21:55.256394,100.0,53.90841293334961,400.0
2026-04-23T10:21:57.459723,100.0,53.95899963378906,400.0
2026-04-23T10:21:59.663312,100.0,53.857826232910156,400.0
2026-04-23T10:22:01.867865,100.0,53.95899963378906,400.0
2026-04-23T10:22:04.071688,100.0,53.95899963378906,400.0
2026-04-23T10:22:06.275019,100.0,53.95899963378906,400.0
2026-04-23T10:22:08.479046,100.0,53.90841293334961,400.0
2026-04-23T10:22:10.682378,100.0,53.90841293334961,400.0
2026-04-23T10:22:12.886724,100.0,54.009586334228516,400.0
2026-04-23T10:22:15.089626,100.0,53.90841293334961,400.0
2026-04-23T10:22:17.291256,100.0,53.857826232910156,400.0
2026-04-23T10:22:19.493249,100.0,53.95899963378906,400.0
2026-04-23T10:22:21.695914,100.0,54.009586334228516,400.0
2026-04-23T10:22:23.897977,100.0,54.06017303466797,400.0
2026-04-23T10:22:26.101599,100.0,54.06017303466797,400.0
2026-04-23T10:22:28.311970,100.0,54.11075973510742,400.0
2026-04-23T10:22:30.514898,100.0,54.06017303466797,400.0
2026-04-23T10:22:32.719009,100.0,54.009586334228516,400.0
2026-04-23T10:22:34.920574,100.0,54.06017303466797,400.0
2026-04-23T10:22:37.124242,100.0,53.95899963378906,400.0
2026-04-23T10:22:39.328443,100.0,54.06017303466797,400.0
2026-04-23T10:22:41.532201,100.0,54.11075973510742,400.0
2026-04-23T10:22:43.737120,100.0,54.06017303466797,400.0
2026-04-23T10:22:45.939899,100.0,54.06017303466797,400.0
2026-04-23T10:22:48.142731,100.0,54.06017303466797,400.0
2026-04-23T10:22:50.346689,100.0,54.06017303466797,400.0
2026-04-23T10:22:52.551170,100.0,54.06017303466797,400.0
2026-04-23T10:22:54.753987,100.0,54.009586334228516,400.0
2026-04-23T10:22:56.956209,100.0,54.06017303466797,400.0
2026-04-23T10:22:59.157879,100.0,54.009586334228516,400.0
2026-04-23T10:23:01.362656,100.0,54.161346435546875,400.0
2026-04-23T10:23:03.565929,100.0,54.161346435546875,400.0
2026-04-23T10:23:05.769107,100.0,53.95899963378906,400.0
2026-04-23T10:23:07.972108,100.0,53.90841293334961,400.0
2026-04-23T10:23:10.174771,100.0,54.009586334228516,400.0
2026-04-23T10:23:12.376889,100.0,53.95899963378906,400.0
2026-04-23T10:23:14.580583,100.0,54.009586334228516,400.0
2026-04-23T10:23:16.783717,100.0,54.06017303466797,400.0
2026-04-23T10:23:18.986504,100.0,54.009586334228516,400.0
2026-04-23T10:23:21.187975,100.0,53.95899963378906,400.0
2026-04-23T10:23:23.391578,100.0,54.009586334228516,400.0
2026-04-23T10:23:25.594461,100.0,54.009586334228516,400.0
2026-04-23T10:23:27.796511,100.0,54.161346435546875,400.0
2026-04-23T10:23:30.002252,100.0,54.11075973510742,400.0
2026-04-23T10:23:32.204750,100.0,54.06017303466797,400.0
2026-04-23T10:23:34.407945,100.0,54.06017303466797,400.0
2026-04-23T10:23:36.610038,100.0,54.06017303466797,400.0
2026-04-23T10:23:38.813104,100.0,54.06017303466797,400.0
2026-04-23T10:23:41.016579,100.0,54.06017303466797,400.0
2026-04-23T10:23:43.218805,100.0,54.06017303466797,400.0
2026-04-23T10:23:45.423188,100.0,53.95899963378906,400.0
2026-04-23T10:23:47.625759,100.0,53.95899963378906,400.0
2026-04-23T10:23:49.828662,100.0,53.8072395324707,400.0
2026-04-23T10:23:52.032639,100.0,53.857826232910156,400.0
2026-04-23T10:23:54.235386,100.0,53.95899963378906,400.0
2026-04-23T10:23:56.437403,100.0,53.90841293334961,400.0
2026-04-23T10:23:58.640577,100.0,53.90841293334961,400.0
2026-04-23T10:24:00.843826,100.0,53.95899963378906,400.0
2026-04-23T10:24:03.047305,100.0,54.06017303466797,400.0
2026-04-23T10:24:05.250639,100.0,53.95899963378906,400.0
2026-04-23T10:24:07.453807,100.0,53.95899963378906,400.0
2026-04-23T10:24:09.655878,100.0,53.95899963378906,400.0
2026-04-23T10:24:11.859918,100.0,54.009586334228516,400.0
2026-04-23T10:24:14.063157,100.0,54.11075973510742,400.0
2026-04-23T10:24:16.265186,100.0,54.06017303466797,400.0
2026-04-23T10:24:18.467774,100.0,53.95899963378906,400.0
2026-04-23T10:24:20.669830,100.0,54.009586334228516,400.0
2026-04-23T10:24:22.872760,100.0,53.95899963378906,400.0
2026-04-23T10:24:25.075184,100.0,53.95899963378906,400.0
2026-04-23T10:24:27.279229,100.0,53.857826232910156,400.0
2026-04-23T10:24:29.482019,100.0,54.11075973510742,400.0
2026-04-23T10:24:31.684634,100.0,54.06017303466797,400.0
2026-04-23T10:24:33.889398,100.0,54.161346435546875,400.0
2026-04-23T10:24:36.091017,100.0,54.161346435546875,400.0
2026-04-23T10:24:38.295382,100.0,54.161346435546875,400.0
2026-04-23T10:24:40.498474,100.0,54.21192932128906,400.0
2026-04-23T10:24:42.703499,100.0,54.11075973510742,400.0
2026-04-23T10:24:44.906607,100.0,54.21192932128906,400.0
2026-04-23T10:24:47.110339,100.0,54.21192932128906,400.0
2026-04-23T10:24:49.312998,100.0,54.31310272216797,400.0
2026-04-23T10:24:51.517739,100.0,54.262516021728516,400.0
2026-04-23T10:24:53.720488,100.0,54.262516021728516,400.0
2026-04-23T10:24:55.924008,100.0,54.262516021728516,400.0
2026-04-23T10:24:58.136997,100.0,54.262516021728516,400.0
2026-04-23T10:25:00.339974,100.0,54.36368942260742,400.0
2026-04-23T10:25:02.550687,100.0,54.36368942260742,400.0
2026-04-23T10:25:04.753373,100.0,54.46486282348633,400.0
2026-04-23T10:25:06.956467,100.0,54.414276123046875,400.0
2026-04-23T10:25:09.158009,100.0,54.414276123046875,400.0
2026-04-23T10:25:11.363471,100.0,54.36368942260742,400.0
2026-04-23T10:25:13.568597,100.0,54.414276123046875,400.0
2026-04-23T10:25:15.772649,100.0,54.414276123046875,400.0
2026-04-23T10:25:17.976645,100.0,54.51544952392578,400.0
2026-04-23T10:25:20.180301,100.0,54.51544952392578,400.0
2026-04-23T10:25:22.383212,100.0,54.51544952392578,400.0
2026-04-23T10:25:24.587517,100.0,54.51544952392578,400.0
2026-04-23T10:25:26.789673,100.0,54.51544952392578,400.0
2026-04-23T10:25:28.995163,100.0,54.46486282348633,400.0
2026-04-23T10:25:31.198151,100.0,54.566036224365234,400.0
2026-04-23T10:25:33.401387,100.0,54.51544952392578,400.0
2026-04-23T10:25:35.603231,100.0,54.51544952392578,400.0
2026-04-23T10:25:37.806933,100.0,54.566036224365234,400.0
2026-04-23T10:25:40.009008,100.0,54.61661911010742,400.0
2026-04-23T10:25:42.211258,100.0,54.51544952392578,400.0
2026-04-23T10:25:44.413652,100.0,54.566036224365234,400.0
2026-04-23T10:25:46.616914,100.0,54.414276123046875,400.0
2026-04-23T10:25:48.820161,100.0,54.46486282348633,400.0
2026-04-23T10:25:51.022653,100.0,54.51544952392578,400.0
2026-04-23T10:25:53.224910,100.0,54.414276123046875,400.0
2026-04-23T10:25:55.428919,100.0,54.46486282348633,400.0
2026-04-23T10:25:57.630868,100.0,54.51544952392578,400.0
2026-04-23T10:25:59.834615,100.0,54.566036224365234,400.0
2026-04-23T10:26:02.036177,100.0,54.51544952392578,400.0
2026-04-23T10:26:04.238524,100.0,54.46486282348633,400.0
2026-04-23T10:26:06.443491,100.0,54.36368942260742,400.0
2026-04-23T10:26:08.646237,100.0,54.46486282348633,400.0
2026-04-23T10:26:10.848990,100.0,54.46486282348633,400.0
2026-04-23T10:26:13.052713,100.0,54.46486282348633,400.0
2026-04-23T10:26:15.256165,100.0,54.46486282348633,400.0
2026-04-23T10:26:17.459308,100.0,54.46486282348633,400.0
2026-04-23T10:26:19.661855,100.0,54.46486282348633,400.0
2026-04-23T10:26:21.863849,100.0,54.46486282348633,400.0
2026-04-23T10:26:24.065993,100.0,54.36368942260742,400.0
2026-04-23T10:26:26.270851,100.0,54.414276123046875,400.0
2026-04-23T10:26:28.474783,100.0,54.46486282348633,400.0
2026-04-23T10:26:30.678900,100.0,54.36368942260742,400.0
2026-04-23T10:26:32.881300,100.0,54.46486282348633,400.0
2026-04-23T10:26:35.083638,100.0,54.46486282348633,400.0
2026-04-23T10:26:37.285539,100.0,54.414276123046875,400.0
2026-04-23T10:26:39.487112,100.0,54.46486282348633,400.0
2026-04-23T10:26:41.691080,100.0,54.51544952392578,400.0
2026-04-23T10:26:43.894925,100.0,54.414276123046875,400.0
2026-04-23T10:26:46.097191,100.0,54.46486282348633,400.0
2026-04-23T10:26:48.300492,100.0,54.46486282348633,400.0
2026-04-23T10:26:50.503104,100.0,54.51544952392578,400.0
2026-04-23T10:26:52.704880,100.0,54.46486282348633,400.0
2026-04-23T10:26:54.908515,100.0,54.566036224365234,400.0
2026-04-23T10:26:57.112740,100.0,54.46486282348633,400.0
2026-04-23T10:26:59.316202,100.0,54.566036224365234,400.0
2026-04-23T10:27:01.520151,100.0,54.46486282348633,400.0
2026-04-23T10:27:03.722620,100.0,54.566036224365234,400.0
2026-04-23T10:27:05.926550,100.0,54.51544952392578,400.0
2026-04-23T10:27:08.130428,100.0,54.566036224365234,400.0
2026-04-23T10:27:10.332626,100.0,54.51544952392578,400.0
2026-04-23T10:27:12.536071,100.0,54.46486282348633,400.0
2026-04-23T10:27:14.738322,100.0,54.46486282348633,400.0
2026-04-23T10:27:16.940473,100.0,54.46486282348633,400.0
2026-04-23T10:27:19.144563,100.0,54.46486282348633,400.0
2026-04-23T10:27:21.350817,100.0,54.51544952392578,400.0
2026-04-23T10:27:23.553231,100.0,54.51544952392578,400.0
2026-04-23T10:27:25.756524,100.0,54.51544952392578,400.0
2026-04-23T10:27:27.963658,100.0,54.51544952392578,400.0
2026-04-23T10:27:30.166133,100.0,54.51544952392578,400.0
2026-04-23T10:27:32.369254,100.0,54.51544952392578,400.0
2026-04-23T10:27:34.570828,100.0,54.46486282348633,400.0
2026-04-23T10:27:36.772998,100.0,54.51544952392578,400.0
2026-04-23T10:27:38.974652,100.0,54.46486282348633,400.0
2026-04-23T10:27:41.177529,100.0,54.566036224365234,400.0
2026-04-23T10:27:43.379461,100.0,54.51544952392578,400.0
2026-04-23T10:27:45.582869,100.0,54.566036224365234,400.0
2026-04-23T10:27:47.785612,100.0,54.61661911010742,400.0
2026-04-23T10:27:49.987201,100.0,54.46486282348633,400.0
2026-04-23T10:27:52.193037,100.0,54.51544952392578,400.0
2026-04-23T10:27:54.398118,100.0,54.36368942260742,400.0
2026-04-23T10:27:56.600404,100.0,54.46486282348633,400.0
2026-04-23T10:27:58.803968,100.0,54.46486282348633,400.0
2026-04-23T10:28:01.006955,100.0,54.414276123046875,400.0
2026-04-23T10:28:03.211127,100.0,54.51544952392578,400.0
2026-04-23T10:28:05.413027,100.0,54.414276123046875,400.0
2026-04-23T10:28:07.616061,100.0,54.414276123046875,400.0
2026-04-23T10:28:09.819151,100.0,54.46486282348633,400.0
2026-04-23T10:28:12.021881,100.0,54.414276123046875,400.0
2026-04-23T10:28:14.227870,100.0,54.36368942260742,400.0
2026-04-23T10:28:16.430843,100.0,54.51544952392578,400.0
2026-04-23T10:28:18.634207,100.0,54.414276123046875,400.0
2026-04-23T10:28:20.835835,100.0,54.414276123046875,400.0
2026-04-23T10:28:23.040106,100.0,54.262516021728516,400.0
2026-04-23T10:28:25.244634,100.0,54.36368942260742,400.0
2026-04-23T10:28:27.447357,100.0,54.262516021728516,400.0
2026-04-23T10:28:29.650689,100.0,54.262516021728516,400.0
2026-04-23T10:28:31.852176,100.0,54.21192932128906,400.0
2026-04-23T10:28:34.055002,100.0,54.21192932128906,400.0
2026-04-23T10:28:36.258229,100.0,54.21192932128906,400.0
2026-04-23T10:28:38.462098,100.0,54.11075973510742,400.0
2026-04-23T10:28:40.664052,100.0,54.31310272216797,400.0
2026-04-23T10:28:42.866098,100.0,54.36368942260742,400.0
2026-04-23T10:28:45.069691,100.0,54.31310272216797,400.0
2026-04-23T10:28:47.271490,100.0,54.36368942260742,400.0
2026-04-23T10:28:49.473520,100.0,54.31310272216797,400.0
2026-04-23T10:28:51.679309,100.0,54.31310272216797,400.0
2026-04-23T10:28:53.883294,100.0,54.262516021728516,400.0
2026-04-23T10:28:56.086731,100.0,54.36368942260742,400.0
2026-04-23T10:28:58.290585,100.0,54.36368942260742,400.0
2026-04-23T10:29:00.493076,100.0,54.21192932128906,400.0
2026-04-23T10:29:02.696682,100.0,54.262516021728516,400.0
2026-04-23T10:29:04.900697,100.0,54.11075973510742,400.0
2026-04-23T10:29:07.103564,100.0,54.21192932128906,400.0
2026-04-23T10:29:09.308107,100.0,54.11075973510742,400.0
2026-04-23T10:29:11.511939,100.0,54.06017303466797,400.0
2026-04-23T10:29:13.714640,100.0,54.161346435546875,400.0
2026-04-23T10:29:15.918338,100.0,54.11075973510742,400.0
2026-04-23T10:29:18.119951,100.0,54.21192932128906,400.0
2026-04-23T10:29:20.322169,100.0,54.06017303466797,400.0
2026-04-23T10:29:22.524329,100.0,54.11075973510742,400.0
2026-04-23T10:29:24.728715,100.0,54.11075973510742,400.0
2026-04-23T10:29:26.932142,100.0,54.11075973510742,400.0
2026-04-23T10:29:29.134563,100.0,54.06017303466797,400.0
2026-04-23T10:29:31.337738,100.0,54.06017303466797,400.0
2026-04-23T10:29:33.540485,100.0,54.11075973510742,400.0
2026-04-23T10:29:35.744402,100.0,54.161346435546875,400.0
2026-04-23T10:29:37.946870,100.0,54.06017303466797,400.0
2026-04-23T10:29:40.149857,100.0,53.95899963378906,400.0
2026-04-23T10:29:42.352613,100.0,53.90841293334961,400.0
2026-04-23T10:29:44.554625,100.0,53.95899963378906,400.0
2026-04-23T10:29:46.758041,100.0,53.95899963378906,400.0
2026-04-23T10:29:48.962174,100.0,54.06017303466797,400.0
2026-04-23T10:29:51.165659,100.0,54.06017303466797,400.0
2026-04-23T10:29:53.368945,100.0,53.95899963378906,400.0
2026-04-23T10:29:55.571991,100.0,54.009586334228516,400.0
2026-04-23T10:29:57.774242,100.0,53.95899963378906,400.0
2026-04-23T10:29:59.976672,100.0,53.90841293334961,400.0
2026-04-23T10:30:02.180539,100.0,53.90841293334961,400.0
2026-04-23T10:30:04.382579,100.0,53.857826232910156,400.0
2026-04-23T10:30:06.586042,100.0,53.857826232910156,400.0
2026-04-23T10:30:08.790038,100.0,53.857826232910156,400.0
2026-04-23T10:30:10.992103,100.0,53.756656646728516,400.0
2026-04-23T10:30:13.195217,100.0,53.8072395324707,400.0
2026-04-23T10:30:15.397180,100.0,53.70606994628906,400.0
2026-04-23T10:30:17.600509,100.0,53.756656646728516,400.0
2026-04-23T10:30:19.802810,100.0,53.70606994628906,400.0
2026-04-23T10:30:22.006370,100.0,53.857826232910156,400.0
2026-04-23T10:30:24.208662,100.0,53.70606994628906,400.0
2026-04-23T10:30:26.415679,100.0,53.65548324584961,400.0
2026-04-23T10:30:28.618443,100.0,53.70606994628906,400.0
2026-04-23T10:30:30.819931,100.0,53.70606994628906,400.0
2026-04-23T10:30:33.021690,100.0,53.604896545410156,400.0
2026-04-23T10:30:35.223720,100.0,53.604896545410156,400.0
2026-04-23T10:30:37.426126,100.0,53.70606994628906,400.0
2026-04-23T10:30:39.628113,100.0,53.70606994628906,400.0
2026-04-23T10:30:41.831693,100.0,53.857826232910156,400.0
2026-04-23T10:30:44.034905,100.0,53.8072395324707,400.0
2026-04-23T10:30:46.236547,100.0,53.8072395324707,400.0
2026-04-23T10:30:48.439243,100.0,53.70606994628906,400.0
2026-04-23T10:30:50.641744,100.0,53.857826232910156,400.0
2026-04-23T10:30:52.845010,100.0,53.8072395324707,400.0
2026-04-23T10:30:55.047302,100.0,53.8072395324707,400.0
2026-04-23T10:30:57.250978,100.0,53.8072395324707,400.0
2026-04-23T10:30:59.454683,100.0,53.8072395324707,400.0
2026-04-23T10:31:01.656306,100.0,53.70606994628906,400.0
2026-04-23T10:31:03.862644,100.0,53.8072395324707,400.0
2026-04-23T10:31:06.064819,100.0,53.756656646728516,400.0
2026-04-23T10:31:08.267424,100.0,53.857826232910156,400.0
2026-04-23T10:31:10.470402,100.0,53.8072395324707,400.0
2026-04-23T10:31:12.679337,100.0,53.756656646728516,400.0
2026-04-23T10:31:14.882731,100.0,53.70606994628906,400.0
2026-04-23T10:31:17.085882,100.0,53.70606994628906,400.0
2026-04-23T10:31:19.287964,100.0,53.8072395324707,400.0
2026-04-23T10:31:21.490603,100.0,53.8072395324707,400.0
2026-04-23T10:31:23.695118,100.0,53.8072395324707,400.0
2026-04-23T10:31:25.897015,100.0,53.8072395324707,400.0
2026-04-23T10:31:28.102261,100.0,53.857826232910156,400.0
2026-04-23T10:31:30.303837,100.0,53.756656646728516,400.0
2026-04-23T10:31:32.505463,100.0,53.756656646728516,400.0
2026-04-23T10:31:34.709116,100.0,53.8072395324707,400.0
2026-04-23T10:31:36.911344,100.0,53.65548324584961,400.0
2026-04-23T10:31:39.113642,100.0,53.857826232910156,400.0
2026-04-23T10:31:41.317555,100.0,53.90841293334961,400.0
2026-04-23T10:31:43.519548,100.0,53.90841293334961,400.0
2026-04-23T10:31:45.721772,100.0,53.857826232910156,400.0
2026-04-23T10:31:47.924105,100.0,53.95899963378906,400.0
2026-04-23T10:31:50.126242,100.0,53.90841293334961,400.0
2026-04-23T10:31:52.329909,100.0,53.95899963378906,400.0
2026-04-23T10:31:54.532329,100.0,53.95899963378906,400.0
2026-04-23T10:31:56.734384,100.0,53.95899963378906,400.0
2026-04-23T10:31:58.936014,100.0,54.06017303466797,400.0
2026-04-23T10:32:01.137883,100.0,54.06017303466797,400.0
2026-04-23T10:32:03.342031,100.0,54.06017303466797,400.0
2026-04-23T10:32:05.545232,100.0,54.11075973510742,400.0
2026-04-23T10:32:07.747286,100.0,53.95899963378906,400.0
2026-04-23T10:32:09.950571,100.0,54.009586334228516,400.0
2026-04-23T10:32:12.152226,100.0,54.06017303466797,400.0
2026-04-23T10:32:14.354994,100.0,54.009586334228516,400.0
2026-04-23T10:32:16.558474,100.0,53.95899963378906,400.0
2026-04-23T10:32:18.766331,100.0,53.95899963378906,400.0
2026-04-23T10:32:20.967832,100.0,53.90841293334961,400.0
2026-04-23T10:32:23.170562,100.0,53.857826232910156,400.0
2026-04-23T10:32:25.372703,100.0,53.90841293334961,400.0
2026-04-23T10:32:27.578390,100.0,53.95899963378906,400.0
2026-04-23T10:32:29.780542,100.0,54.009586334228516,400.0
2026-04-23T10:32:31.983318,100.0,53.95899963378906,400.0
2026-04-23T10:32:34.186477,100.0,53.95899963378906,400.0
2026-04-23T10:32:36.388168,100.0,53.95899963378906,400.0
2026-04-23T10:32:38.589940,100.0,53.90841293334961,400.0
2026-04-23T10:32:40.793782,100.0,53.857826232910156,400.0
2026-04-23T10:32:42.996028,100.0,53.90841293334961,400.0
2026-04-23T10:32:45.199960,100.0,53.90841293334961,400.0
2026-04-23T10:32:47.401609,100.0,53.857826232910156,400.0
2026-04-23T10:32:49.605203,100.0,53.8072395324707,400.0
2026-04-23T10:32:51.808859,100.0,53.8072395324707,400.0
2026-04-23T10:32:54.012136,100.0,53.756656646728516,400.0
2026-04-23T10:32:56.215824,100.0,53.70606994628906,400.0
2026-04-23T10:32:58.419421,100.0,53.70606994628906,400.0
2026-04-23T10:33:00.621564,100.0,53.756656646728516,400.0
2026-04-23T10:33:02.825019,100.0,53.65548324584961,400.0
2026-04-23T10:33:05.028376,100.0,53.70606994628906,400.0
2026-04-23T10:33:07.231147,100.0,53.65548324584961,400.0
2026-04-23T10:33:09.433348,100.0,53.65548324584961,400.0
2026-04-23T10:33:11.635222,100.0,53.65548324584961,400.0
2026-04-23T10:33:13.836916,100.0,53.70606994628906,400.0
2026-04-23T10:33:16.041019,100.0,53.604896545410156,400.0
2026-04-23T10:33:18.243085,100.0,53.65548324584961,400.0
2026-04-23T10:33:20.446406,100.0,53.65548324584961,400.0
2026-04-23T10:33:22.648846,100.0,53.5543098449707,400.0
2026-04-23T10:33:24.853083,100.0,53.65548324584961,400.0
2026-04-23T10:33:27.056067,100.0,53.65548324584961,400.0
2026-04-23T10:33:29.261173,100.0,53.65548324584961,400.0
2026-04-23T10:33:31.464857,100.0,53.70606994628906,400.0
2026-04-23T10:33:33.667868,100.0,53.604896545410156,400.0
2026-04-23T10:33:35.869850,100.0,53.50372314453125,400.0
2026-04-23T10:33:38.071442,100.0,53.5543098449707,400.0
2026-04-23T10:33:40.277380,100.0,53.5543098449707,400.0
2026-04-23T10:33:42.483732,100.0,53.50372314453125,400.0
2026-04-23T10:33:44.686648,100.0,53.5543098449707,400.0
2026-04-23T10:33:46.888228,100.0,53.65548324584961,400.0
2026-04-23T10:33:49.092655,100.0,53.50372314453125,400.0
2026-04-23T10:33:51.302820,100.0,53.5543098449707,400.0
2026-04-23T10:33:53.504909,100.0,53.70606994628906,400.0
2026-04-23T10:33:55.712882,100.0,53.70606994628906,400.0
2026-04-23T10:33:57.916643,100.0,53.756656646728516,400.0
2026-04-23T10:34:00.118504,100.0,53.8072395324707,400.0
2026-04-23T10:34:02.321438,100.0,53.756656646728516,400.0
2026-04-23T10:34:04.523899,100.0,53.756656646728516,400.0
2026-04-23T10:34:06.728055,100.0,53.70606994628906,400.0
2026-04-23T10:34:08.931034,100.0,53.756656646728516,400.0
2026-04-23T10:34:11.132636,100.0,53.8072395324707,400.0
2026-04-23T10:34:13.336270,100.0,53.857826232910156,400.0
2026-04-23T10:34:15.538104,100.0,53.8072395324707,400.0
2026-04-23T10:34:17.741022,100.0,53.8072395324707,400.0
2026-04-23T10:34:19.944976,100.0,53.90841293334961,400.0
2026-04-23T10:34:22.146996,100.0,53.756656646728516,400.0
2026-04-23T10:34:24.348689,100.0,53.8072395324707,400.0
2026-04-23T10:34:26.551396,100.0,53.8072395324707,400.0
2026-04-23T10:34:28.754302,100.0,53.756656646728516,400.0
2026-04-23T10:34:30.956477,100.0,53.65548324584961,400.0
2026-04-23T10:34:33.161292,100.0,53.70606994628906,400.0
2026-04-23T10:34:35.364289,100.0,53.70606994628906,400.0
2026-04-23T10:34:37.566956,100.0,53.65548324584961,400.0
2026-04-23T10:34:39.768507,100.0,53.756656646728516,400.0
2026-04-23T10:34:41.971640,100.0,53.70606994628906,400.0
2026-04-23T10:34:44.175152,100.0,53.70606994628906,400.0
2026-04-23T10:34:46.378467,100.0,53.756656646728516,400.0
2026-04-23T10:34:48.582010,100.0,53.8072395324707,400.0
2026-04-23T10:34:50.786266,100.0,53.70606994628906,400.0
2026-04-23T10:34:52.989358,100.0,53.756656646728516,400.0
2026-04-23T10:34:55.192499,100.0,53.756656646728516,400.0
2026-04-23T10:34:57.395432,100.0,53.8072395324707,400.0
2026-04-23T10:34:59.597418,100.0,53.857826232910156,400.0
2026-04-23T10:35:01.800622,100.0,53.857826232910156,400.0
2026-04-23T10:35:04.004731,100.0,53.90841293334961,400.0
2026-04-23T10:35:06.206710,100.0,53.90841293334961,400.0
2026-04-23T10:35:08.410079,100.0,53.90841293334961,400.0
2026-04-23T10:35:10.615134,100.0,53.857826232910156,400.0
2026-04-23T10:35:12.819410,100.0,53.857826232910156,400.0
2026-04-23T10:35:15.021493,100.0,53.857826232910156,400.0
2026-04-23T10:35:17.223424,100.0,53.8072395324707,400.0
2026-04-23T10:35:19.427814,100.0,53.857826232910156,400.0
2026-04-23T10:35:21.631734,100.0,53.857826232910156,400.0
2026-04-23T10:35:23.834010,100.0,53.95899963378906,400.0
2026-04-23T10:35:26.037400,100.0,53.95899963378906,400.0
2026-04-23T10:35:28.240939,100.0,53.857826232910156,400.0
2026-04-23T10:35:30.443250,100.0,53.95899963378906,400.0
2026-04-23T10:35:32.645691,100.0,53.95899963378906,400.0
2026-04-23T10:35:34.851060,100.0,54.009586334228516,400.0
2026-04-23T10:35:37.052920,100.0,53.95899963378906,400.0
2026-04-23T10:35:39.256332,100.0,54.009586334228516,400.0
2026-04-23T10:35:41.459490,100.0,54.06017303466797,400.0
2026-04-23T10:35:43.663735,100.0,53.95899963378906,400.0
2026-04-23T10:35:45.865765,100.0,54.009586334228516,400.0
2026-04-23T10:35:48.068780,100.0,53.95899963378906,400.0
2026-04-23T10:35:50.271925,100.0,53.90841293334961,400.0
2026-04-23T10:35:52.475136,100.0,53.90841293334961,400.0
2026-04-23T10:35:54.681875,100.0,53.95899963378906,400.0
2026-04-23T10:35:56.883879,100.0,53.8072395324707,400.0
2026-04-23T10:35:59.086692,100.0,53.90841293334961,400.0
2026-04-23T10:36:01.288802,100.0,53.857826232910156,400.0
2026-04-23T10:36:03.492557,100.0,53.8072395324707,400.0
2026-04-23T10:36:05.698578,100.0,53.857826232910156,400.0
2026-04-23T10:36:07.900680,100.0,53.8072395324707,400.0
2026-04-23T10:36:10.105274,100.0,53.8072395324707,400.0
2026-04-23T10:36:12.307801,100.0,53.8072395324707,400.0
2026-04-23T10:36:14.512118,100.0,53.8072395324707,400.0
2026-04-23T10:36:16.714904,100.0,53.8072395324707,400.0
2026-04-23T10:36:18.918851,100.0,53.8072395324707,400.0
2026-04-23T10:36:21.123637,100.0,53.8072395324707,400.0
2026-04-23T10:36:23.327169,100.0,53.756656646728516,400.0
2026-04-23T10:36:25.532942,100.0,53.756656646728516,400.0
2026-04-23T10:36:27.735097,100.0,53.756656646728516,400.0
2026-04-23T10:36:29.937850,100.0,53.8072395324707,400.0
2026-04-23T10:36:32.140389,100.0,53.90841293334961,400.0
2026-04-23T10:36:34.346104,100.0,53.857826232910156,400.0
2026-04-23T10:36:36.549754,100.0,53.857826232910156,400.0
2026-04-23T10:36:38.751338,100.0,53.90841293334961,400.0
2026-04-23T10:36:40.954709,100.0,53.857826232910156,400.0
2026-04-23T10:36:43.156929,100.0,53.857826232910156,400.0
2026-04-23T10:36:45.359501,100.0,53.90841293334961,400.0
2026-04-23T10:36:47.562108,100.0,53.95899963378906,400.0
2026-04-23T10:36:49.766023,100.0,54.009586334228516,400.0
2026-04-23T10:36:51.967758,100.0,53.95899963378906,400.0
2026-04-23T10:36:54.169347,100.0,53.857826232910156,400.0
2026-04-23T10:36:56.372730,100.0,54.009586334228516,400.0
2026-04-23T10:36:58.574818,100.0,54.06017303466797,400.0
2026-04-23T10:37:00.779290,100.0,54.009586334228516,400.0
2026-04-23T10:37:02.981199,100.0,54.11075973510742,400.0
2026-04-23T10:37:05.183268,100.0,54.06017303466797,400.0
2026-04-23T10:37:07.386310,100.0,54.009586334228516,400.0
2026-04-23T10:37:09.590159,100.0,53.95899963378906,400.0
2026-04-23T10:37:11.792586,100.0,53.95899963378906,400.0
2026-04-23T10:37:13.994885,100.0,54.009586334228516,400.0
2026-04-23T10:37:16.199406,100.0,54.06017303466797,400.0
2026-04-23T10:37:18.401512,100.0,54.06017303466797,400.0
2026-04-23T10:37:20.603781,100.0,53.857826232910156,400.0
2026-04-23T10:37:22.806186,100.0,53.95899963378906,400.0
2026-04-23T10:37:25.009812,100.0,53.95899963378906,400.0
2026-04-23T10:37:27.211987,100.0,53.95899963378906,400.0
2026-04-23T10:37:29.414982,100.0,53.95899963378906,400.0
2026-04-23T10:37:31.619125,100.0,53.90841293334961,400.0
2026-04-23T10:37:33.822018,100.0,54.009586334228516,400.0
2026-04-23T10:37:36.025297,100.0,54.009586334228516,400.0
2026-04-23T10:37:38.230203,100.0,53.857826232910156,400.0
2026-04-23T10:37:40.431884,100.0,53.90841293334961,400.0
2026-04-23T10:37:42.634901,100.0,53.90841293334961,400.0
2026-04-23T10:37:44.837876,100.0,53.857826232910156,400.0
2026-04-23T10:37:47.043159,100.0,53.857826232910156,400.0
2026-04-23T10:37:49.246578,100.0,53.8072395324707,400.0
2026-04-23T10:37:51.449029,100.0,53.857826232910156,400.0
2026-04-23T10:37:53.653702,100.0,53.8072395324707,400.0
2026-04-23T10:37:55.856513,100.0,53.90841293334961,400.0
2026-04-23T10:37:58.059256,100.0,53.8072395324707,400.0
2026-04-23T10:38:00.261339,100.0,53.857826232910156,400.0
2026-04-23T10:38:02.463760,100.0,53.8072395324707,400.0
2026-04-23T10:38:04.666542,100.0,53.857826232910156,400.0
2026-04-23T10:38:06.868628,100.0,53.90841293334961,400.0
2026-04-23T10:38:09.073425,100.0,53.8072395324707,400.0
2026-04-23T10:38:11.278108,100.0,53.8072395324707,400.0
2026-04-23T10:38:13.480609,100.0,53.70606994628906,400.0
2026-04-23T10:38:15.683042,100.0,53.8072395324707,400.0
2026-04-23T10:38:17.887667,100.0,53.857826232910156,400.0
2026-04-23T10:38:20.090038,100.0,53.857826232910156,400.0
2026-04-23T10:38:22.292073,100.0,53.8072395324707,400.0
2026-04-23T10:38:24.496506,100.0,53.857826232910156,400.0
2026-04-23T10:38:26.699019,100.0,53.857826232910156,400.0
2026-04-23T10:38:28.901284,100.0,53.8072395324707,400.0
2026-04-23T10:38:31.103041,100.0,53.8072395324707,400.0
2026-04-23T10:38:33.304954,100.0,53.8072395324707,400.0
2026-04-23T10:38:35.508587,100.0,53.857826232910156,400.0
2026-04-23T10:38:37.712213,100.0,53.857826232910156,400.0
2026-04-23T10:38:39.915262,100.0,53.756656646728516,400.0
2026-04-23T10:38:42.116756,100.0,53.70606994628906,400.0
2026-04-23T10:38:44.324489,100.0,53.70606994628906,400.0
2026-04-23T10:38:46.526678,100.0,53.70606994628906,400.0
2026-04-23T10:38:48.729161,100.0,53.756656646728516,400.0
2026-04-23T10:38:50.932992,100.0,53.8072395324707,400.0
2026-04-23T10:38:53.135351,100.0,53.756656646728516,400.0
2026-04-23T10:38:55.338091,100.0,53.756656646728516,400.0
2026-04-23T10:38:57.541450,100.0,53.756656646728516,400.0
2026-04-23T10:38:59.745490,100.0,53.857826232910156,400.0
2026-04-23T10:39:01.947839,100.0,53.8072395324707,400.0
2026-04-23T10:39:04.149651,100.0,53.857826232910156,400.0
2026-04-23T10:39:06.351400,100.0,53.90841293334961,400.0
2026-04-23T10:39:08.554779,100.0,53.857826232910156,400.0
2026-04-23T10:39:10.757307,100.0,53.90841293334961,400.0
2026-04-23T10:39:12.960906,100.0,53.90841293334961,400.0
2026-04-23T10:39:15.163524,100.0,53.95899963378906,400.0
2026-04-23T10:39:17.365448,100.0,53.90841293334961,400.0
2026-04-23T10:39:19.568640,100.0,53.90841293334961,400.0
2026-04-23T10:39:21.771697,100.0,53.95899963378906,400.0
2026-04-23T10:39:23.975315,100.0,53.90841293334961,400.0
2026-04-23T10:39:26.177275,100.0,53.90841293334961,400.0
2026-04-23T10:39:28.379456,100.0,53.95899963378906,400.0
2026-04-23T10:39:30.584505,100.0,53.857826232910156,400.0
2026-04-23T10:39:32.786368,100.0,53.8072395324707,400.0
2026-04-23T10:39:34.992567,100.0,53.90841293334961,400.0
2026-04-23T10:39:37.195851,100.0,53.857826232910156,400.0
2026-04-23T10:39:39.398962,100.0,53.90841293334961,400.0
2026-04-23T10:39:41.601268,100.0,53.857826232910156,400.0
2026-04-23T10:39:43.803331,100.0,53.8072395324707,400.0
2026-04-23T10:39:46.007878,100.0,53.857826232910156,400.0
2026-04-23T10:39:48.211975,100.0,53.8072395324707,400.0
2026-04-23T10:39:50.414979,100.0,53.857826232910156,400.0
2026-04-23T10:39:52.616592,100.0,53.8072395324707,400.0
2026-04-23T10:39:54.821649,100.0,53.8072395324707,400.0
2026-04-23T10:39:57.026527,100.0,53.857826232910156,400.0
2026-04-23T10:39:59.228831,100.0,53.756656646728516,400.0
2026-04-23T10:40:01.431711,100.0,53.8072395324707,400.0
2026-04-23T10:40:03.634803,100.0,53.756656646728516,400.0
2026-04-23T10:40:05.836726,100.0,53.756656646728516,400.0
2026-04-23T10:40:08.039812,100.0,53.857826232910156,400.0
2026-04-23T10:40:10.243529,100.0,53.8072395324707,400.0
2026-04-23T10:40:12.446801,100.0,53.756656646728516,400.0
2026-04-23T10:40:14.648786,100.0,53.65548324584961,400.0
2026-04-23T10:40:16.851566,100.0,53.70606994628906,400.0
2026-04-23T10:40:19.053159,100.0,53.604896545410156,400.0
2026-04-23T10:40:21.255994,100.0,53.604896545410156,400.0
2026-04-23T10:40:23.459358,100.0,53.756656646728516,400.0
2026-04-23T10:40:25.664283,100.0,53.70606994628906,400.0
2026-04-23T10:40:27.869300,100.0,53.70606994628906,400.0
2026-04-23T10:40:30.070950,100.0,53.604896545410156,400.0
2026-04-23T10:40:32.276092,100.0,53.70606994628906,400.0
2026-04-23T10:40:34.479491,100.0,53.604896545410156,400.0
2026-04-23T10:40:36.681680,100.0,53.604896545410156,400.0
2026-04-23T10:40:38.884559,100.0,53.70606994628906,400.0
2026-04-23T10:40:41.091009,100.0,53.70606994628906,400.0
2026-04-23T10:40:43.293497,100.0,53.65548324584961,400.0
2026-04-23T10:40:45.495920,100.0,53.70606994628906,400.0
2026-04-23T10:40:47.701925,100.0,53.604896545410156,400.0
2026-04-23T10:40:49.904246,100.0,53.604896545410156,400.0
2026-04-23T10:40:52.107683,100.0,53.5543098449707,400.0
2026-04-23T10:40:54.309962,100.0,53.5543098449707,400.0
2026-04-23T10:40:56.512810,100.0,53.5543098449707,400.0
2026-04-23T10:40:58.715384,100.0,53.5543098449707,400.0
2026-04-23T10:41:00.916956,100.0,53.604896545410156,400.0
2026-04-23T10:41:03.120020,100.0,53.50372314453125,400.0
2026-04-23T10:41:05.323330,100.0,53.50372314453125,400.0
2026-04-23T10:41:07.527167,100.0,53.50372314453125,400.0
2026-04-23T10:41:09.729222,100.0,53.40255355834961,400.0
2026-04-23T10:41:11.933400,100.0,53.40255355834961,400.0
2026-04-23T10:41:14.135558,100.0,53.4531364440918,400.0
2026-04-23T10:41:16.339183,100.0,53.4531364440918,400.0
2026-04-23T10:41:18.542076,100.0,53.3013801574707,400.0
2026-04-23T10:41:20.745804,100.0,53.40255355834961,400.0
2026-04-23T10:41:22.948189,100.0,53.351966857910156,400.0
2026-04-23T10:41:25.149803,100.0,53.351966857910156,400.0
2026-04-23T10:41:27.352735,100.0,53.40255355834961,400.0
2026-04-23T10:41:29.556266,100.0,53.3013801574707,400.0
2026-04-23T10:41:31.758959,100.0,53.40255355834961,400.0
2026-04-23T10:41:33.962579,100.0,53.25079345703125,400.0
2026-04-23T10:41:36.164342,100.0,53.351966857910156,400.0
2026-04-23T10:41:38.374355,100.0,53.3013801574707,400.0
2026-04-23T10:41:40.577051,100.0,53.351966857910156,400.0
2026-04-23T10:41:42.780600,100.0,53.351966857910156,400.0
2026-04-23T10:41:44.983194,100.0,53.40255355834961,400.0
2026-04-23T10:41:47.185682,100.0,53.40255355834961,400.0
2026-04-23T10:41:49.387320,100.0,53.40255355834961,400.0
2026-04-23T10:41:51.589647,100.0,53.4531364440918,400.0
2026-04-23T10:41:53.793180,100.0,53.351966857910156,400.0
2026-04-23T10:41:55.996582,100.0,53.40255355834961,400.0
2026-04-23T10:41:58.200412,100.0,53.40255355834961,400.0
2026-04-23T10:42:00.402571,100.0,53.351966857910156,400.0
2026-04-23T10:42:02.605908,100.0,53.4531364440918,400.0
2026-04-23T10:42:04.819680,100.0,53.351966857910156,400.0
2026-04-23T10:42:07.022803,100.0,53.4531364440918,400.0
2026-04-23T10:42:09.225908,100.0,53.4531364440918,400.0
2026-04-23T10:42:11.429723,100.0,53.40255355834961,400.0
2026-04-23T10:42:13.631709,100.0,53.40255355834961,400.0
2026-04-23T10:42:15.834675,100.0,53.50372314453125,400.0
2026-04-23T10:42:18.038114,100.0,53.50372314453125,400.0
2026-04-23T10:42:20.241555,100.0,53.50372314453125,400.0
2026-04-23T10:42:22.445036,100.0,53.40255355834961,400.0
2026-04-23T10:42:24.650593,100.0,53.50372314453125,400.0
2026-04-23T10:42:26.853597,100.0,53.4531364440918,400.0
2026-04-23T10:42:29.056918,100.0,53.50372314453125,400.0
2026-04-23T10:42:31.260199,100.0,53.5543098449707,400.0
2026-04-23T10:42:33.462590,100.0,53.5543098449707,400.0
2026-04-23T10:42:35.664681,100.0,53.5543098449707,400.0
2026-04-23T10:42:37.868084,100.0,53.4531364440918,400.0
2026-04-23T10:42:40.070077,100.0,53.604896545410156,400.0
2026-04-23T10:42:42.273354,100.0,53.50372314453125,400.0
2026-04-23T10:42:44.475325,100.0,53.5543098449707,400.0
2026-04-23T10:42:46.679162,100.0,53.604896545410156,400.0
2026-04-23T10:42:48.881069,100.0,53.4531364440918,400.0
2026-04-23T10:42:51.083875,100.0,53.4531364440918,400.0
2026-04-23T10:42:53.285733,100.0,53.4531364440918,400.0
2026-04-23T10:42:55.490425,100.0,53.5543098449707,400.0
2026-04-23T10:42:57.694994,100.0,53.5543098449707,400.0
2026-04-23T10:42:59.897365,100.0,53.4531364440918,400.0
2026-04-23T10:43:02.099890,100.0,53.50372314453125,400.0
2026-04-23T10:43:04.302629,100.0,53.4531364440918,400.0
2026-04-23T10:43:06.507589,100.0,53.4531364440918,400.0
2026-04-23T10:43:08.710975,100.0,53.50372314453125,400.0
2026-04-23T10:43:10.913553,100.0,53.50372314453125,400.0
2026-04-23T10:43:13.115118,100.0,53.4531364440918,400.0
2026-04-23T10:43:15.318198,100.0,53.50372314453125,400.0
2026-04-23T10:43:17.520106,100.0,53.50372314453125,400.0
2026-04-23T10:43:19.722087,100.0,53.5543098449707,400.0
2026-04-23T10:43:21.924717,100.0,53.50372314453125,400.0
2026-04-23T10:43:24.128195,100.0,53.5543098449707,400.0
2026-04-23T10:43:26.331415,100.0,53.5543098449707,400.0
2026-04-23T10:43:28.534515,100.0,53.5543098449707,400.0
2026-04-23T10:43:30.737229,100.0,53.5543098449707,400.0
2026-04-23T10:43:32.942033,100.0,53.65548324584961,400.0
2026-04-23T10:43:35.144221,100.0,53.604896545410156,400.0
2026-04-23T10:43:37.347048,100.0,53.5543098449707,400.0
2026-04-23T10:43:39.549006,100.0,53.50372314453125,400.0
2026-04-23T10:43:41.752233,100.0,53.5543098449707,400.0
2026-04-23T10:43:43.954204,100.0,53.5543098449707,400.0
2026-04-23T10:43:46.159928,100.0,53.40255355834961,400.0
2026-04-23T10:43:48.363425,100.0,53.5543098449707,400.0
2026-04-23T10:43:50.566101,100.0,53.50372314453125,400.0
2026-04-23T10:43:52.768454,100.0,53.50372314453125,400.0
2026-04-23T10:43:54.971950,100.0,53.50372314453125,400.0
2026-04-23T10:43:57.175126,100.0,53.4531364440918,400.0
2026-04-23T10:43:59.377349,100.0,53.50372314453125,400.0
2026-04-23T10:44:01.580478,100.0,53.4531364440918,400.0
2026-04-23T10:44:03.782617,100.0,53.4531364440918,400.0
2026-04-23T10:44:05.984617,100.0,53.50372314453125,400.0
2026-04-23T10:44:08.187514,100.0,53.50372314453125,400.0
2026-04-23T10:44:10.391548,100.0,53.5543098449707,400.0
2026-04-23T10:44:12.594630,100.0,53.50372314453125,400.0
2026-04-23T10:44:14.796883,100.0,53.4531364440918,400.0
2026-04-23T10:44:16.998965,100.0,53.50372314453125,400.0
2026-04-23T10:44:19.200601,100.0,53.4531364440918,400.0
2026-04-23T10:44:21.404271,100.0,53.50372314453125,400.0
2026-04-23T10:44:23.608417,100.0,53.4531364440918,400.0
2026-04-23T10:44:25.810800,100.0,53.50372314453125,400.0
2026-04-23T10:44:28.015697,100.0,53.50372314453125,400.0
2026-04-23T10:44:30.218571,100.0,53.5543098449707,400.0
2026-04-23T10:44:32.424466,100.0,53.5543098449707,400.0
2026-04-23T10:44:34.627261,100.0,53.5543098449707,400.0
2026-04-23T10:44:36.830754,100.0,53.4531364440918,400.0
2026-04-23T10:44:39.032298,100.0,53.50372314453125,400.0
2026-04-23T10:44:41.233996,100.0,53.50372314453125,400.0
2026-04-23T10:44:43.438333,100.0,53.50372314453125,400.0
2026-04-23T10:44:45.640690,100.0,53.4531364440918,400.0
2026-04-23T10:44:47.843123,100.0,53.40255355834961,400.0
2026-04-23T10:44:50.046458,100.0,53.4531364440918,400.0
2026-04-23T10:44:52.248679,100.0,53.50372314453125,400.0
2026-04-23T10:44:54.451738,100.0,53.351966857910156,400.0
2026-04-23T10:44:56.657751,100.0,53.40255355834961,400.0
2026-04-23T10:44:58.861559,100.0,53.40255355834961,400.0
2026-04-23T10:45:01.063592,100.0,53.3013801574707,400.0
2026-04-23T10:45:03.266450,100.0,53.351966857910156,400.0
2026-04-23T10:45:05.469444,100.0,53.40255355834961,400.0
2026-04-23T10:45:07.672921,100.0,53.50372314453125,400.0
2026-04-23T10:45:09.874838,100.0,53.50372314453125,400.0
2026-04-23T10:45:12.078055,100.0,53.50372314453125,400.0
2026-04-23T10:45:14.284348,100.0,53.5543098449707,400.0
2026-04-23T10:45:16.486331,100.0,53.40255355834961,400.0
2026-04-23T10:45:18.689733,100.0,53.4531364440918,400.0
2026-04-23T10:45:20.894382,100.0,53.4531364440918,400.0
2026-04-23T10:45:23.096737,100.0,53.351966857910156,400.0
2026-04-23T10:45:25.299857,100.0,53.351966857910156,400.0
2026-04-23T10:45:27.502865,100.0,53.3013801574707,400.0
2026-04-23T10:45:29.709965,100.0,53.40255355834961,400.0
2026-04-23T10:45:31.912089,100.0,53.3013801574707,400.0
2026-04-23T10:45:34.114262,100.0,53.3013801574707,400.0
2026-04-23T10:45:36.315839,100.0,53.3013801574707,400.0
2026-04-23T10:45:38.518181,100.0,53.3013801574707,400.0
2026-04-23T10:45:40.719973,100.0,53.25079345703125,400.0
2026-04-23T10:45:42.922207,100.0,53.3013801574707,400.0
2026-04-23T10:45:45.124823,100.0,53.3013801574707,400.0
2026-04-23T10:45:47.328260,100.0,53.3013801574707,400.0
2026-04-23T10:45:49.532612,100.0,53.351966857910156,400.0
2026-04-23T10:45:51.734877,100.0,53.3013801574707,400.0
2026-04-23T10:45:53.939232,100.0,53.25079345703125,400.0
2026-04-23T10:45:56.143115,100.0,53.2002067565918,400.0
2026-04-23T10:45:58.346600,100.0,53.149620056152344,400.0
2026-04-23T10:46:00.552216,100.0,53.2002067565918,400.0
2026-04-23T10:46:02.755896,100.0,53.149620056152344,400.0
2026-04-23T10:46:04.958773,100.0,53.149620056152344,400.0
2026-04-23T10:46:07.161043,100.0,53.2002067565918,400.0
2026-04-23T10:46:09.364276,100.0,53.09903335571289,400.0
2026-04-23T10:46:11.567214,100.0,53.149620056152344,400.0
2026-04-23T10:46:13.770882,100.0,53.149620056152344,400.0
2026-04-23T10:46:15.972865,100.0,53.149620056152344,400.0
2026-04-23T10:46:18.174809,100.0,53.2002067565918,400.0
2026-04-23T10:46:20.377773,100.0,53.149620056152344,400.0
2026-04-23T10:46:22.581293,100.0,53.09903335571289,400.0
2026-04-23T10:46:24.784882,100.0,53.149620056152344,400.0
2026-04-23T10:46:26.989805,100.0,53.09903335571289,400.0
2026-04-23T10:46:29.192302,100.0,53.09903335571289,400.0
2026-04-23T10:46:31.398526,100.0,53.25079345703125,400.0
2026-04-23T10:46:33.600585,100.0,53.2002067565918,400.0
2026-04-23T10:46:35.802684,100.0,53.149620056152344,400.0
2026-04-23T10:46:38.006871,100.0,53.2002067565918,400.0
2026-04-23T10:46:40.209708,100.0,53.25079345703125,400.0
2026-04-23T10:46:42.412841,100.0,53.25079345703125,400.0
2026-04-23T10:46:44.615729,100.0,53.25079345703125,400.0
2026-04-23T10:46:46.817739,100.0,53.3013801574707,400.0
2026-04-23T10:46:49.021747,100.0,53.25079345703125,400.0
2026-04-23T10:46:51.224383,100.0,53.25079345703125,400.0
2026-04-23T10:46:53.426995,100.0,53.3013801574707,400.0
2026-04-23T10:46:55.632784,100.0,53.25079345703125,400.0
2026-04-23T10:46:57.835036,100.0,53.40255355834961,400.0
2026-04-23T10:47:00.039144,100.0,53.4531364440918,400.0
2026-04-23T10:47:02.243173,100.0,53.4531364440918,400.0
2026-04-23T10:47:04.447576,100.0,53.40255355834961,400.0
2026-04-23T10:47:06.650156,100.0,53.4531364440918,400.0
2026-04-23T10:47:08.852962,100.0,53.4531364440918,400.0
2026-04-23T10:47:11.060439,100.0,53.5543098449707,400.0
2026-04-23T10:47:13.263055,100.0,53.50372314453125,400.0
2026-04-23T10:47:15.465578,100.0,53.50372314453125,400.0
2026-04-23T10:47:17.672175,100.0,53.4531364440918,400.0
2026-04-23T10:47:19.876072,100.0,53.5543098449707,400.0
2026-04-23T10:47:22.078495,100.0,53.50372314453125,400.0
2026-04-23T10:47:24.280104,100.0,53.5543098449707,400.0
2026-04-23T10:47:26.488100,100.0,53.50372314453125,400.0
2026-04-23T10:47:28.691154,100.0,53.40255355834961,400.0
2026-04-23T10:47:30.894707,100.0,53.50372314453125,400.0
2026-04-23T10:47:33.098258,100.0,53.5543098449707,400.0
2026-04-23T10:47:35.300957,100.0,53.50372314453125,400.0
2026-04-23T10:47:37.505085,100.0,53.50372314453125,400.0
2026-04-23T10:47:39.707784,100.0,53.50372314453125,400.0
2026-04-23T10:47:41.910755,100.0,53.50372314453125,400.0
2026-04-23T10:47:44.113631,100.0,53.4531364440918,400.0
2026-04-23T10:47:46.315798,100.0,53.5543098449707,400.0
2026-04-23T10:47:48.518651,100.0,53.5543098449707,400.0
2026-04-23T10:47:50.722507,100.0,53.5543098449707,400.0
2026-04-23T10:47:52.924836,100.0,53.604896545410156,400.0
2026-04-23T10:47:55.127002,100.0,53.5543098449707,400.0
2026-04-23T10:47:57.332135,100.0,53.5543098449707,400.0
2026-04-23T10:47:59.534615,100.0,53.604896545410156,400.0
2026-04-23T10:48:01.737288,100.0,53.5543098449707,400.0
2026-04-23T10:48:03.941991,100.0,53.50372314453125,400.0
2026-04-23T10:48:06.143917,100.0,53.50372314453125,400.0
2026-04-23T10:48:08.345533,100.0,53.50372314453125,400.0
2026-04-23T10:48:10.547587,100.0,53.50372314453125,400.0
2026-04-23T10:48:12.753139,100.0,53.40255355834961,400.0
2026-04-23T10:48:14.958054,100.0,53.50372314453125,400.0
2026-04-23T10:48:17.162099,100.0,53.50372314453125,400.0
2026-04-23T10:48:19.364026,100.0,53.4531364440918,400.0
2026-04-23T10:48:21.565977,100.0,53.604896545410156,400.0
2026-04-23T10:48:23.768262,100.0,53.604896545410156,400.0
2026-04-23T10:48:25.971153,100.0,53.5543098449707,400.0
2026-04-23T10:48:28.176631,100.0,53.604896545410156,400.0
2026-04-23T10:48:30.380391,100.0,53.5543098449707,400.0
2026-04-23T10:48:32.584149,100.0,53.65548324584961,400.0
2026-04-23T10:48:34.786095,100.0,53.5543098449707,400.0
2026-04-23T10:48:36.989262,100.0,53.65548324584961,400.0
2026-04-23T10:48:39.193458,100.0,53.604896545410156,400.0
2026-04-23T10:48:41.396916,100.0,53.604896545410156,400.0
2026-04-23T10:48:43.604748,100.0,53.50372314453125,400.0
2026-04-23T10:48:45.808270,100.0,53.604896545410156,400.0
2026-04-23T10:48:48.011692,100.0,53.5543098449707,400.0
2026-04-23T10:48:50.214780,100.0,53.5543098449707,400.0
2026-04-23T10:48:52.417863,100.0,53.5543098449707,400.0
2026-04-23T10:48:54.620671,100.0,53.604896545410156,400.0
2026-04-23T10:48:56.823283,100.0,53.5543098449707,400.0
2026-04-23T10:48:59.025648,100.0,53.65548324584961,400.0
2026-04-23T10:49:01.229473,100.0,53.756656646728516,400.0
2026-04-23T10:49:03.432634,100.0,53.70606994628906,400.0
2026-04-23T10:49:05.634684,100.0,53.8072395324707,400.0
2026-04-23T10:49:07.839747,100.0,53.756656646728516,400.0
2026-04-23T10:49:10.043600,100.0,53.65548324584961,400.0
2026-04-23T10:49:12.247355,100.0,53.756656646728516,400.0
2026-04-23T10:49:14.449228,100.0,53.8072395324707,400.0
2026-04-23T10:49:16.651075,100.0,53.756656646728516,400.0
2026-04-23T10:49:18.853242,100.0,53.857826232910156,400.0
2026-04-23T10:49:21.058313,100.0,53.8072395324707,400.0
2026-04-23T10:49:23.260769,100.0,53.857826232910156,400.0
2026-04-23T10:49:25.463092,100.0,53.8072395324707,400.0
2026-04-23T10:49:27.664958,100.0,53.756656646728516,400.0
2026-04-23T10:49:29.867991,100.0,53.90841293334961,400.0
2026-04-23T10:49:32.071239,100.0,53.8072395324707,400.0
2026-04-23T10:49:34.274881,100.0,53.8072395324707,400.0
2026-04-23T10:49:36.476772,100.0,53.8072395324707,400.0
2026-04-23T10:49:38.683756,100.0,53.8072395324707,400.0
2026-04-23T10:49:40.887039,100.0,53.756656646728516,400.0
2026-04-23T10:49:43.090465,100.0,53.857826232910156,400.0
2026-04-23T10:49:45.292859,100.0,53.90841293334961,400.0
2026-04-23T10:49:47.494937,100.0,53.8072395324707,400.0
2026-04-23T10:49:49.698283,100.0,53.90841293334961,400.0
2026-04-23T10:49:51.902074,100.0,53.8072395324707,400.0
2026-04-23T10:49:54.106833,100.0,53.857826232910156,400.0
2026-04-23T10:49:56.312211,100.0,53.8072395324707,400.0
2026-04-23T10:49:58.514293,100.0,53.857826232910156,400.0
2026-04-23T10:50:00.717908,100.0,53.8072395324707,400.0
2026-04-23T10:50:02.921557,100.0,53.857826232910156,400.0
2026-04-23T10:50:05.124822,100.0,53.8072395324707,400.0
2026-04-23T10:50:07.327079,100.0,53.857826232910156,400.0
2026-04-23T10:50:09.528704,100.0,53.8072395324707,400.0
2026-04-23T10:50:11.732430,100.0,53.756656646728516,400.0
2026-04-23T10:50:13.935208,100.0,53.70606994628906,400.0
2026-04-23T10:50:16.140529,100.0,53.604896545410156,400.0
2026-04-23T10:50:18.343834,100.0,53.70606994628906,400.0
2026-04-23T10:50:20.545723,100.0,53.65548324584961,400.0
2026-04-23T10:50:22.747465,100.0,53.70606994628906,400.0
2026-04-23T10:50:24.950494,100.0,53.5543098449707,400.0
2026-04-23T10:50:27.152922,100.0,53.65548324584961,400.0
2026-04-23T10:50:29.355490,100.0,53.604896545410156,400.0
2026-04-23T10:50:31.559027,100.0,53.65548324584961,400.0
2026-04-23T10:50:33.761529,100.0,53.70606994628906,400.0
2026-04-23T10:50:35.966305,100.0,53.70606994628906,400.0
2026-04-23T10:50:38.167977,100.0,53.756656646728516,400.0
2026-04-23T10:50:40.370910,100.0,53.65548324584961,400.0
2026-04-23T10:50:42.574049,100.0,53.65548324584961,400.0
2026-04-23T10:50:44.777685,100.0,53.604896545410156,400.0
2026-04-23T10:50:46.979379,100.0,53.604896545410156,400.0
2026-04-23T10:50:49.181702,100.0,53.65548324584961,400.0
2026-04-23T10:50:51.387205,100.0,53.5543098449707,400.0
2026-04-23T10:50:53.590019,100.0,53.5543098449707,400.0
2026-04-23T10:50:55.793028,100.0,53.604896545410156,400.0
2026-04-23T10:50:57.995641,100.0,53.5543098449707,400.0
2026-04-23T10:51:00.198233,100.0,53.50372314453125,400.0
2026-04-23T10:51:02.401960,100.0,53.604896545410156,400.0
2026-04-23T10:51:04.606549,100.0,53.50372314453125,400.0
2026-04-23T10:51:06.811446,100.0,53.4531364440918,400.0
2026-04-23T10:51:09.014624,100.0,53.604896545410156,400.0
2026-04-23T10:51:11.216406,100.0,53.5543098449707,400.0
2026-04-23T10:51:13.419184,100.0,53.50372314453125,400.0
2026-04-23T10:51:15.622600,100.0,53.40255355834961,400.0
2026-04-23T10:51:17.826978,100.0,53.351966857910156,400.0
2026-04-23T10:51:20.028634,100.0,53.40255355834961,400.0
2026-04-23T10:51:22.231423,100.0,53.4531364440918,400.0
2026-04-23T10:51:24.432999,100.0,53.4531364440918,400.0
2026-04-23T10:51:26.635396,100.0,53.351966857910156,400.0
2026-04-23T10:51:28.837343,100.0,53.351966857910156,400.0
2026-04-23T10:51:31.043019,100.0,53.351966857910156,400.0
2026-04-23T10:51:33.253370,100.0,53.4531364440918,400.0
2026-04-23T10:51:35.457672,100.0,53.4531364440918,400.0
2026-04-23T10:51:37.659854,100.0,53.4531364440918,400.0
2026-04-23T10:51:39.862125,100.0,53.4531364440918,400.0
2026-04-23T10:51:42.064908,100.0,53.4531364440918,400.0
2026-04-23T10:51:44.268130,100.0,53.4531364440918,400.0
2026-04-23T10:51:46.472509,100.0,53.3013801574707,400.0
2026-04-23T10:51:48.678575,100.0,53.40255355834961,400.0
2026-04-23T10:51:50.881961,100.0,53.351966857910156,400.0
2026-04-23T10:51:53.084818,100.0,53.25079345703125,400.0
2026-04-23T10:51:55.287578,100.0,53.3013801574707,400.0
2026-04-23T10:51:57.495309,100.0,53.2002067565918,400.0
2026-04-23T10:51:59.698977,100.0,53.351966857910156,400.0
2026-04-23T10:52:01.901442,100.0,53.25079345703125,400.0
2026-04-23T10:52:04.103750,100.0,53.25079345703125,400.0
2026-04-23T10:52:06.306976,100.0,53.3013801574707,400.0
2026-04-23T10:52:08.511113,100.0,53.3013801574707,400.0
2026-04-23T10:52:10.713945,100.0,53.2002067565918,400.0
2026-04-23T10:52:12.916667,100.0,53.25079345703125,400.0
2026-04-23T10:52:15.124637,100.0,53.25079345703125,400.0
2026-04-23T10:52:17.327149,100.0,53.25079345703125,400.0
2026-04-23T10:52:19.529391,100.0,53.25079345703125,400.0
2026-04-23T10:52:21.731149,100.0,53.25079345703125,400.0
2026-04-23T10:52:23.934961,100.0,53.149620056152344,400.0
2026-04-23T10:52:26.138830,100.0,53.149620056152344,400.0
2026-04-23T10:52:28.341045,100.0,53.25079345703125,400.0
2026-04-23T10:52:30.545497,100.0,53.3013801574707,400.0
2026-04-23T10:52:32.747397,100.0,53.25079345703125,400.0
2026-04-23T10:52:34.950424,100.0,53.25079345703125,400.0
2026-04-23T10:52:37.154937,100.0,53.3013801574707,400.0
2026-04-23T10:52:39.357022,100.0,53.25079345703125,400.0
2026-04-23T10:52:41.559293,100.0,53.25079345703125,400.0
2026-04-23T10:52:43.761176,100.0,53.2002067565918,400.0
2026-04-23T10:52:45.963138,100.0,53.3013801574707,400.0
2026-04-23T10:52:48.165167,100.0,53.3013801574707,400.0
2026-04-23T10:52:50.367983,100.0,53.3013801574707,400.0
2026-04-23T10:52:52.572134,100.0,53.351966857910156,400.0
2026-04-23T10:52:54.778615,100.0,53.3013801574707,400.0
2026-04-23T10:52:56.981982,100.0,53.3013801574707,400.0
2026-04-23T10:52:59.184214,100.0,53.351966857910156,400.0
2026-04-23T10:53:01.388282,100.0,53.3013801574707,400.0
2026-04-23T10:53:03.590696,100.0,53.25079345703125,400.0
2026-04-23T10:53:05.794064,100.0,53.3013801574707,400.0
2026-04-23T10:53:07.995953,100.0,53.3013801574707,400.0
2026-04-23T10:53:10.199252,100.0,53.25079345703125,400.0
2026-04-23T10:53:12.402597,100.0,53.25079345703125,400.0
2026-04-23T10:53:14.604855,100.0,53.149620056152344,400.0
2026-04-23T10:53:16.808771,100.0,53.2002067565918,400.0
2026-04-23T10:53:19.011104,100.0,53.2002067565918,400.0
2026-04-23T10:53:21.213519,100.0,53.149620056152344,400.0
2026-04-23T10:53:23.417224,100.0,53.2002067565918,400.0
2026-04-23T10:53:25.621343,100.0,53.149620056152344,400.0
2026-04-23T10:53:27.824841,100.0,53.149620056152344,400.0
2026-04-23T10:53:30.027971,100.0,53.09903335571289,400.0
2026-04-23T10:53:32.230363,100.0,53.149620056152344,400.0
2026-04-23T10:53:34.432414,100.0,53.149620056152344,400.0
2026-04-23T10:53:36.634381,100.0,53.09903335571289,400.0
2026-04-23T10:53:38.838145,100.0,53.04844665527344,400.0
2026-04-23T10:53:41.042781,100.0,53.09903335571289,400.0
2026-04-23T10:53:43.244768,100.0,53.149620056152344,400.0
2026-04-23T10:53:45.450374,100.0,53.149620056152344,400.0
2026-04-23T10:53:47.657572,100.0,53.09903335571289,400.0
2026-04-23T10:53:49.859786,100.0,53.04844665527344,400.0
2026-04-23T10:53:52.061467,100.0,52.9472770690918,400.0
2026-04-23T10:53:54.263277,100.0,52.99786376953125,400.0
2026-04-23T10:53:56.471347,100.0,52.9472770690918,400.0
2026-04-23T10:53:58.673913,100.0,52.99786376953125,400.0
2026-04-23T10:54:00.876573,100.0,53.04844665527344,400.0
2026-04-23T10:54:03.078780,100.0,53.09903335571289,400.0
2026-04-23T10:54:05.281801,100.0,53.09903335571289,400.0
2026-04-23T10:54:07.484678,100.0,53.09903335571289,400.0
2026-04-23T10:54:09.688507,100.0,53.09903335571289,400.0
2026-04-23T10:54:11.891505,100.0,53.04844665527344,400.0
2026-04-23T10:54:14.094138,100.0,52.99786376953125,400.0
2026-04-23T10:54:16.296898,100.0,52.99786376953125,400.0
2026-04-23T10:54:18.500344,100.0,52.99786376953125,400.0
2026-04-23T10:54:20.704373,100.0,52.9472770690918,400.0
2026-04-23T10:54:22.909448,100.0,52.99786376953125,400.0
2026-04-23T10:54:25.111380,100.0,52.99786376953125,400.0
2026-04-23T10:54:27.314623,100.0,53.149620056152344,400.0
2026-04-23T10:54:29.517513,100.0,52.99786376953125,400.0
2026-04-23T10:54:31.723737,100.0,52.9472770690918,400.0
2026-04-23T10:54:33.929301,100.0,53.04844665527344,400.0
2026-04-23T10:54:36.131056,100.0,52.99786376953125,400.0
2026-04-23T10:54:38.332841,100.0,52.896690368652344,400.0
2026-04-23T10:54:40.536118,100.0,52.84610366821289,400.0
2026-04-23T10:54:42.738686,100.0,52.79551696777344,400.0
2026-04-23T10:54:44.942131,100.0,52.84610366821289,400.0
2026-04-23T10:54:47.144248,100.0,52.896690368652344,400.0
2026-04-23T10:54:49.348008,100.0,52.9472770690918,400.0
2026-04-23T10:54:51.549744,100.0,52.9472770690918,400.0
2026-04-23T10:54:53.753725,100.0,52.9472770690918,400.0
2026-04-23T10:54:55.956403,100.0,52.99786376953125,400.0
2026-04-23T10:54:58.158766,100.0,52.9472770690918,400.0
2026-04-23T10:55:00.362294,100.0,52.9472770690918,400.0
2026-04-23T10:55:02.573840,100.0,52.9472770690918,400.0
2026-04-23T10:55:04.785970,100.0,53.04844665527344,400.0
2026-04-23T10:55:06.990613,100.0,52.99786376953125,400.0
2026-04-23T10:55:09.194442,100.0,53.09903335571289,400.0
2026-04-23T10:55:11.396930,100.0,52.99786376953125,400.0
2026-04-23T10:55:13.600658,100.0,52.9472770690918,400.0
2026-04-23T10:55:15.803045,100.0,52.896690368652344,400.0
2026-04-23T10:55:18.007019,100.0,52.9472770690918,400.0
2026-04-23T10:55:20.211657,100.0,52.9472770690918,400.0
2026-04-23T10:55:22.413687,100.0,52.896690368652344,400.0
2026-04-23T10:55:24.615724,100.0,52.99786376953125,400.0
2026-04-23T10:55:26.817636,100.0,52.896690368652344,400.0
2026-04-23T10:55:29.025943,100.0,52.99786376953125,400.0
2026-04-23T10:55:31.228897,100.0,52.99786376953125,400.0
2026-04-23T10:55:33.431547,100.0,52.9472770690918,400.0
2026-04-23T10:55:35.643263,100.0,52.896690368652344,400.0
2026-04-23T10:55:37.844859,100.0,52.896690368652344,400.0
2026-04-23T10:55:40.047731,100.0,52.9472770690918,400.0
2026-04-23T10:55:42.250043,100.0,52.99786376953125,400.0
2026-04-23T10:55:44.457173,100.0,52.99786376953125,400.0
2026-04-23T10:55:46.660063,100.0,52.896690368652344,400.0
2026-04-23T10:55:48.862737,100.0,52.99786376953125,400.0
2026-04-23T10:55:51.065644,100.0,52.99786376953125,400.0
2026-04-23T10:55:53.269203,100.0,52.9472770690918,400.0
2026-04-23T10:55:55.472810,100.0,52.99786376953125,400.0
2026-04-23T10:55:57.674927,100.0,52.896690368652344,400.0
2026-04-23T10:55:59.877488,100.0,52.84610366821289,400.0
2026-04-23T10:56:02.080173,100.0,52.896690368652344,400.0
2026-04-23T10:56:04.282511,100.0,52.84610366821289,400.0
2026-04-23T10:56:06.485944,100.0,52.79551696777344,400.0
2026-04-23T10:56:08.688367,100.0,52.744930267333984,400.0
2026-04-23T10:56:10.892248,100.0,52.744930267333984,400.0
2026-04-23T10:56:13.095609,100.0,52.79551696777344,400.0
2026-04-23T10:56:15.297750,100.0,52.744930267333984,400.0
2026-04-23T10:56:17.501065,100.0,52.744930267333984,400.0
2026-04-23T10:56:19.707154,100.0,52.79551696777344,400.0
2026-04-23T10:56:21.910684,100.0,52.79551696777344,400.0
2026-04-23T10:56:24.113774,100.0,52.896690368652344,400.0
2026-04-23T10:56:26.316183,100.0,52.84610366821289,400.0
2026-04-23T10:56:28.519416,100.0,52.79551696777344,400.0
2026-04-23T10:56:30.722777,100.0,52.744930267333984,400.0
2026-04-23T10:56:32.924793,100.0,52.84610366821289,400.0
2026-04-23T10:56:35.129000,100.0,52.79551696777344,400.0
2026-04-23T10:56:37.335074,100.0,52.79551696777344,400.0
2026-04-23T10:56:39.540190,100.0,52.84610366821289,400.0
2026-04-23T10:56:41.743686,100.0,52.744930267333984,400.0
2026-04-23T10:56:43.947244,100.0,52.84610366821289,400.0
2026-04-23T10:56:46.150286,100.0,52.79551696777344,400.0
2026-04-23T10:56:48.352806,100.0,52.744930267333984,400.0
2026-04-23T10:56:50.555173,100.0,52.79551696777344,400.0
2026-04-23T10:56:52.758293,100.0,52.84610366821289,400.0
2026-04-23T10:56:54.960130,100.0,52.79551696777344,400.0
2026-04-23T10:56:57.163573,100.0,52.84610366821289,400.0
2026-04-23T10:56:59.367186,100.0,52.79551696777344,400.0
2026-04-23T10:57:01.570801,100.0,52.84610366821289,400.0
2026-04-23T10:57:03.772774,100.0,52.84610366821289,400.0
2026-04-23T10:57:05.976176,100.0,52.84610366821289,400.0
2026-04-23T10:57:08.182589,100.0,52.99786376953125,400.0
2026-04-23T10:57:10.386763,100.0,52.99786376953125,400.0
2026-04-23T10:57:12.588750,100.0,52.9472770690918,400.0
2026-04-23T10:57:14.791756,100.0,52.9472770690918,400.0
2026-04-23T10:57:16.998872,100.0,53.04844665527344,400.0
2026-04-23T10:57:19.202074,100.0,53.04844665527344,400.0
2026-04-23T10:57:21.404922,100.0,53.149620056152344,400.0
2026-04-23T10:57:23.607344,100.0,53.04844665527344,400.0
2026-04-23T10:57:25.809674,100.0,53.04844665527344,400.0
2026-04-23T10:57:28.012677,100.0,53.04844665527344,400.0
2026-04-23T10:57:30.216202,100.0,52.9472770690918,400.0
2026-04-23T10:57:32.423292,100.0,52.84610366821289,400.0
2026-04-23T10:57:34.630117,100.0,52.79551696777344,400.0
2026-04-23T10:57:36.833850,100.0,52.84610366821289,400.0
2026-04-23T10:57:39.040884,100.0,52.79551696777344,400.0
2026-04-23T10:57:41.244352,100.0,52.84610366821289,400.0
2026-04-23T10:57:43.446327,100.0,52.84610366821289,400.0
2026-04-23T10:57:45.647899,100.0,52.79551696777344,400.0
2026-04-23T10:57:47.850190,100.0,52.744930267333984,400.0
2026-04-23T10:57:50.055807,100.0,52.79551696777344,400.0
2026-04-23T10:57:52.257709,100.0,52.744930267333984,400.0
2026-04-23T10:57:54.460218,100.0,52.744930267333984,400.0
2026-04-23T10:57:56.663271,100.0,52.84610366821289,400.0
2026-04-23T10:57:58.867706,100.0,52.79551696777344,400.0
2026-04-23T10:58:01.070291,100.0,52.79551696777344,400.0
2026-04-23T10:58:03.274747,100.0,52.79551696777344,400.0
2026-04-23T10:58:05.479023,100.0,52.79551696777344,400.0
2026-04-23T10:58:07.683281,100.0,52.79551696777344,400.0
2026-04-23T10:58:09.887315,100.0,52.79551696777344,400.0
2026-04-23T10:58:12.091037,100.0,52.744930267333984,400.0
2026-04-23T10:58:14.296366,100.0,52.79551696777344,400.0
2026-04-23T10:58:16.500335,100.0,52.744930267333984,400.0
2026-04-23T10:58:18.705752,100.0,52.79551696777344,400.0
2026-04-23T10:58:20.909746,100.0,52.64375686645508,400.0
2026-04-23T10:58:23.111788,100.0,52.64375686645508,400.0
2026-04-23T10:58:25.313494,100.0,52.69434356689453,400.0
2026-04-23T10:58:27.515769,100.0,52.64375686645508,400.0
2026-04-23T10:58:29.718550,100.0,52.64375686645508,400.0
2026-04-23T10:58:31.923547,100.0,52.69434356689453,400.0
2026-04-23T10:58:34.127032,100.0,52.69434356689453,400.0
2026-04-23T10:58:36.329101,100.0,52.64375686645508,400.0
2026-04-23T10:58:38.531208,100.0,52.744930267333984,400.0
2026-04-23T10:58:40.732793,100.0,52.744930267333984,400.0
2026-04-23T10:58:42.935563,100.0,52.744930267333984,400.0
2026-04-23T10:58:45.141148,100.0,52.744930267333984,400.0
2026-04-23T10:58:47.343297,100.0,52.69434356689453,400.0
2026-04-23T10:58:49.546121,100.0,52.744930267333984,400.0
2026-04-23T10:58:51.749000,100.0,52.69434356689453,400.0
2026-04-23T10:58:53.952654,100.0,52.69434356689453,400.0
2026-04-23T10:58:56.158100,100.0,52.64375686645508,400.0
2026-04-23T10:58:58.362360,100.0,52.54258728027344,400.0
2026-04-23T10:59:00.564993,100.0,52.54258728027344,400.0
2026-04-23T10:59:02.768010,100.0,52.64375686645508,400.0
2026-04-23T10:59:04.972555,100.0,52.69434356689453,400.0
2026-04-23T10:59:07.175347,100.0,52.54258728027344,400.0
2026-04-23T10:59:09.377485,100.0,52.59317398071289,400.0
2026-04-23T10:59:11.580243,100.0,52.59317398071289,400.0
2026-04-23T10:59:13.783653,100.0,52.54258728027344,400.0
2026-04-23T10:59:15.987216,100.0,52.59317398071289,400.0
2026-04-23T10:59:18.189446,100.0,52.59317398071289,400.0
2026-04-23T10:59:20.391406,100.0,52.69434356689453,400.0
2026-04-23T10:59:22.595099,100.0,52.69434356689453,400.0
2026-04-23T10:59:24.797830,100.0,52.79551696777344,400.0
2026-04-23T10:59:27.000626,100.0,52.84610366821289,400.0
2026-04-23T10:59:29.206727,100.0,52.84610366821289,400.0
2026-04-23T10:59:31.411853,100.0,52.9472770690918,400.0
2026-04-23T10:59:33.615048,100.0,52.99786376953125,400.0
2026-04-23T10:59:35.817891,100.0,53.09903335571289,400.0
2026-04-23T10:59:38.022017,100.0,53.04844665527344,400.0
2026-04-23T10:59:40.224392,100.0,53.04844665527344,400.0
2026-04-23T10:59:42.431594,100.0,53.09903335571289,400.0
2026-04-23T10:59:44.636456,100.0,53.25079345703125,400.0
2026-04-23T10:59:46.840706,100.0,53.149620056152344,400.0
2026-04-23T10:59:49.043300,100.0,53.25079345703125,400.0
2026-04-23T10:59:51.246297,100.0,53.25079345703125,400.0
2026-04-23T10:59:53.448418,100.0,53.351966857910156,400.0
2026-04-23T10:59:55.650906,100.0,53.50372314453125,400.0
2026-04-23T10:59:57.854948,100.0,53.50372314453125,400.0
2026-04-23T11:00:00.057246,100.0,53.756656646728516,400.0
2026-04-23T11:00:02.260744,100.0,53.8072395324707,400.0
2026-04-23T11:00:04.463174,100.0,53.90841293334961,400.0
2026-04-23T11:00:06.670188,100.0,54.009586334228516,400.0
2026-04-23T11:00:08.873877,100.0,54.21192932128906,400.0
2026-04-23T11:00:11.076664,100.0,54.262516021728516,400.0
2026-04-23T11:00:13.279899,100.0,54.51544952392578,400.0
2026-04-23T11:00:15.481597,100.0,54.566036224365234,400.0
2026-04-23T11:00:17.686642,100.0,54.818965911865234,400.0
2026-04-23T11:00:19.888516,100.0,54.92013931274414,400.0
2026-04-23T11:00:22.099713,100.0,55.12248229980469,400.0
2026-04-23T11:00:24.303058,100.0,55.223655700683594,400.0
2026-04-23T11:00:26.508042,100.0,55.3248291015625,400.0
2026-04-23T11:00:28.709875,100.0,55.37541580200195,400.0
2026-04-23T11:00:30.914136,100.0,55.52717208862305,400.0
2026-04-23T11:00:33.117341,100.0,55.62834548950195,400.0
2026-04-23T11:00:35.321930,100.0,55.78010559082031,400.0
2026-04-23T11:00:37.532900,100.0,55.78010559082031,400.0
2026-04-23T11:00:39.735238,100.0,55.931861877441406,400.0
2026-04-23T11:00:41.938426,100.0,56.083621978759766,400.0
2026-04-23T11:00:44.142033,100.0,56.13420867919922,400.0
2026-04-23T11:00:46.344153,100.0,56.28596496582031,400.0
2026-04-23T11:00:48.545670,100.0,56.38713836669922,400.0
2026-04-23T11:00:50.747793,100.0,56.488311767578125,400.0
2026-04-23T11:00:52.955721,100.0,56.53889846801758,400.0
2026-04-23T11:00:55.159781,100.0,56.69065475463867,400.0
2026-04-23T11:00:57.362059,100.0,56.741241455078125,400.0
2026-04-23T11:00:59.564842,100.0,56.84241485595703,400.0
2026-04-23T11:01:01.767412,100.0,56.893001556396484,400.0
2026-04-23T11:01:03.971791,100.0,56.94358825683594,400.0
2026-04-23T11:01:06.174473,100.0,56.994171142578125,400.0
2026-04-23T11:01:08.377922,100.0,57.09534454345703,400.0
2026-04-23T11:01:10.582896,100.0,57.145931243896484,400.0
2026-04-23T11:01:12.785534,100.0,57.19651794433594,400.0
2026-04-23T11:01:14.988128,100.0,57.3482780456543,400.0
2026-04-23T11:01:17.192092,100.0,57.44944763183594,400.0
2026-04-23T11:01:19.394809,100.0,57.550621032714844,400.0
2026-04-23T11:01:21.598016,100.0,57.65179443359375,400.0
2026-04-23T11:01:23.799733,100.0,57.65179443359375,400.0
2026-04-23T11:01:26.002963,100.0,57.65179443359375,400.0
2026-04-23T11:01:28.206884,100.0,57.752967834472656,400.0
2026-04-23T11:01:30.410365,100.0,57.8541374206543,400.0
2026-04-23T11:01:32.614167,100.0,57.90472412109375,400.0
2026-04-23T11:01:34.817339,100.0,57.9553108215332,400.0
2026-04-23T11:01:37.019907,100.0,57.9553108215332,400.0
2026-04-23T11:01:39.221970,100.0,58.10707092285156,400.0
2026-04-23T11:01:41.425342,100.0,58.2082405090332,400.0
2026-04-23T11:01:43.628911,100.0,58.30941390991211,400.0
2026-04-23T11:01:45.832850,100.0,58.30941390991211,400.0
2026-04-23T11:01:48.038361,100.0,58.51176071166992,400.0
2026-04-23T11:01:50.241564,100.0,58.46117401123047,400.0
2026-04-23T11:01:52.443991,100.0,58.410587310791016,400.0
2026-04-23T11:01:54.647175,100.0,58.51176071166992,400.0
2026-04-23T11:01:56.850577,100.0,58.71410369873047,400.0
2026-04-23T11:01:59.061701,100.0,58.663516998291016,400.0
2026-04-23T11:02:01.263574,100.0,58.71410369873047,400.0
2026-04-23T11:02:03.467345,100.0,58.96703338623047,400.0
2026-04-23T11:02:05.675566,100.0,58.91645050048828,400.0
2026-04-23T11:02:07.878572,100.0,59.01762008666992,400.0
2026-04-23T11:02:10.082728,100.0,59.01762008666992,400.0
2026-04-23T11:02:12.286884,100.0,59.068206787109375,400.0
2026-04-23T11:02:14.491451,100.0,59.11879348754883,400.0
2026-04-23T11:02:16.693604,100.0,59.219966888427734,400.0
2026-04-23T11:02:18.896452,100.0,59.16938018798828,400.0
2026-04-23T11:02:21.100308,100.0,59.27055358886719,400.0
2026-04-23T11:02:23.308086,100.0,59.32114028930664,400.0
2026-04-23T11:02:25.509645,100.0,59.32114028930664,400.0
2026-04-23T11:02:27.712699,100.0,59.37172317504883,400.0
2026-04-23T11:02:29.923269,100.0,59.472896575927734,400.0
2026-04-23T11:02:32.125848,100.0,59.472896575927734,400.0
2026-04-23T11:02:34.327700,100.0,59.57406997680664,400.0
2026-04-23T11:02:36.530184,100.0,59.472896575927734,400.0
2026-04-23T11:02:38.732096,100.0,59.624656677246094,400.0
2026-04-23T11:02:40.937768,100.0,59.67524337768555,400.0
2026-04-23T11:02:43.142096,100.0,59.77641296386719,400.0
2026-04-23T11:02:45.346144,100.0,59.725830078125,400.0
2026-04-23T11:02:47.549038,100.0,59.77641296386719,400.0
2026-04-23T11:02:49.751449,100.0,59.77641296386719,400.0
2026-04-23T11:02:51.954700,100.0,59.92817306518555,400.0
2026-04-23T11:02:54.157186,100.0,59.82699966430664,400.0
2026-04-23T11:02:56.359111,100.0,59.92817306518555,400.0
2026-04-23T11:02:58.561465,100.0,59.978759765625,400.0
2026-04-23T11:03:00.768454,100.0,59.978759765625,400.0
2026-04-23T11:03:02.971291,100.0,60.079933166503906,400.0
2026-04-23T11:03:05.173430,100.0,60.02934646606445,400.0
2026-04-23T11:03:07.375732,100.0,60.231689453125,400.0
2026-04-23T11:03:09.578598,100.0,60.231689453125,400.0
2026-04-23T11:03:11.780985,100.0,60.28227615356445,400.0
2026-04-23T11:03:13.985063,100.0,60.28227615356445,400.0
2026-04-23T11:03:16.188508,100.0,60.28227615356445,400.0
2026-04-23T11:03:18.390683,100.0,60.231689453125,400.0
2026-04-23T11:03:20.592295,100.0,60.43403625488281,400.0
2026-04-23T11:03:22.796379,100.0,60.38344955444336,400.0
2026-04-23T11:03:24.999037,100.0,60.38344955444336,400.0
2026-04-23T11:03:27.206510,100.0,60.43403625488281,400.0
2026-04-23T11:03:29.408552,100.0,60.43403625488281,400.0
2026-04-23T11:03:31.610921,100.0,60.38344955444336,400.0
2026-04-23T11:03:33.813718,100.0,60.43403625488281,400.0
2026-04-23T11:03:36.015709,100.0,60.585792541503906,400.0
2026-04-23T11:03:38.218983,100.0,60.53520965576172,400.0
2026-04-23T11:03:40.421565,100.0,60.53520965576172,400.0
2026-04-23T11:03:42.626774,100.0,60.484622955322266,400.0
2026-04-23T11:03:44.830613,100.0,60.53520965576172,400.0
2026-04-23T11:03:47.033690,100.0,60.53520965576172,400.0
2026-04-23T11:03:49.236618,100.0,60.585792541503906,400.0
2026-04-23T11:03:51.440183,100.0,60.68696594238281,400.0
2026-04-23T11:03:53.642147,100.0,60.737552642822266,400.0
2026-04-23T11:03:55.844622,100.0,60.78813934326172,400.0
2026-04-23T11:03:58.048479,100.0,60.78813934326172,400.0
2026-04-23T11:04:00.252714,100.0,60.78813934326172,400.0
2026-04-23T11:04:02.456158,100.0,60.737552642822266,400.0
2026-04-23T11:04:04.658766,100.0,60.83872604370117,400.0
2026-04-23T11:04:06.860777,100.0,60.889312744140625,400.0
2026-04-23T11:04:09.063509,100.0,60.889312744140625,400.0
2026-04-23T11:04:11.267953,100.0,60.83872604370117,400.0
2026-04-23T11:04:13.471376,100.0,60.83872604370117,400.0
2026-04-23T11:04:15.673802,100.0,60.93989562988281,400.0
2026-04-23T11:04:17.879259,100.0,60.93989562988281,400.0
2026-04-23T11:04:20.081849,100.0,60.93989562988281,400.0
2026-04-23T11:04:22.285685,100.0,60.93989562988281,400.0
2026-04-23T11:04:24.488043,100.0,61.04106903076172,400.0
2026-04-23T11:04:26.692437,100.0,60.990482330322266,400.0
2026-04-23T11:04:28.895889,100.0,61.09165573120117,400.0
2026-04-23T11:04:31.098991,100.0,61.04106903076172,400.0
2026-04-23T11:04:33.302430,100.0,61.142242431640625,400.0
2026-04-23T11:04:35.506602,100.0,61.142242431640625,400.0
2026-04-23T11:04:37.710731,100.0,61.19282913208008,400.0
2026-04-23T11:04:39.912559,100.0,61.24341583251953,400.0
2026-04-23T11:04:42.116047,100.0,61.19282913208008,400.0
2026-04-23T11:04:44.319018,100.0,61.294002532958984,400.0
2026-04-23T11:04:46.521818,100.0,61.34458541870117,400.0
2026-04-23T11:04:48.724822,100.0,61.395172119140625,400.0
2026-04-23T11:04:50.927908,100.0,61.395172119140625,400.0
2026-04-23T11:04:53.130728,100.0,61.34458541870117,400.0
2026-04-23T11:04:55.334889,100.0,61.395172119140625,400.0
2026-04-23T11:04:57.537118,100.0,61.44575881958008,400.0
2026-04-23T11:04:59.739186,100.0,61.44575881958008,400.0
2026-04-23T11:05:01.941996,100.0,61.34458541870117,400.0
2026-04-23T11:05:04.144155,100.0,61.09165573120117,400.0
2026-04-23T11:05:06.348277,100.0,60.93989562988281,400.0
2026-04-23T11:05:08.551600,100.0,60.93989562988281,400.0
2026-04-23T11:05:10.754613,100.0,60.78813934326172,400.0
2026-04-23T11:05:12.957055,100.0,60.68696594238281,400.0
2026-04-23T11:05:15.160682,100.0,60.63637924194336,400.0
2026-04-23T11:05:17.363181,100.0,60.585792541503906,400.0
2026-04-23T11:05:19.565022,100.0,60.43403625488281,400.0
2026-04-23T11:05:21.767825,100.0,60.38344955444336,400.0
2026-04-23T11:05:23.971955,100.0,60.38344955444336,400.0
2026-04-23T11:05:26.174896,100.0,60.332862854003906,400.0
2026-04-23T11:05:28.376764,100.0,60.231689453125,400.0
2026-04-23T11:05:30.580041,100.0,60.231689453125,400.0
2026-04-23T11:05:32.783854,100.0,60.02934646606445,400.0
2026-04-23T11:05:34.991387,100.0,59.978759765625,400.0
2026-04-23T11:05:37.193620,100.0,59.978759765625,400.0
2026-04-23T11:05:39.398108,100.0,59.77641296386719,400.0
2026-04-23T11:05:41.602454,100.0,59.77641296386719,400.0
2026-04-23T11:05:43.805024,100.0,59.67524337768555,400.0
2026-04-23T11:05:46.008428,100.0,59.725830078125,400.0
2026-04-23T11:05:48.212620,100.0,59.624656677246094,400.0
2026-04-23T11:05:50.415385,100.0,59.624656677246094,400.0
2026-04-23T11:05:52.617844,100.0,59.472896575927734,400.0
2026-04-23T11:05:54.820949,100.0,59.27055358886719,400.0
2026-04-23T11:05:57.025338,100.0,59.32114028930664,400.0
2026-04-23T11:05:59.228559,100.0,59.219966888427734,400.0
2026-04-23T11:06:01.430643,100.0,59.219966888427734,400.0
2026-04-23T11:06:03.634858,100.0,59.219966888427734,400.0
2026-04-23T11:06:05.837266,100.0,59.11879348754883,400.0
2026-04-23T11:06:08.041368,100.0,59.01762008666992,400.0
2026-04-23T11:06:10.245099,100.0,58.96703338623047,400.0
2026-04-23T11:06:12.448216,100.0,58.86586380004883,400.0
2026-04-23T11:06:14.652768,100.0,58.76469039916992,400.0
2026-04-23T11:06:16.855160,100.0,58.71410369873047,400.0
2026-04-23T11:06:19.059421,100.0,58.56234359741211,400.0
2026-04-23T11:06:21.261468,100.0,58.56234359741211,400.0
2026-04-23T11:06:23.463199,100.0,58.51176071166992,400.0
2026-04-23T11:06:25.664952,100.0,58.51176071166992,400.0
2026-04-23T11:06:27.867034,100.0,58.56234359741211,400.0
2026-04-23T11:06:30.072010,100.0,58.410587310791016,400.0
2026-04-23T11:06:32.275184,100.0,58.36000061035156,400.0
2026-04-23T11:06:34.478722,100.0,58.30941390991211,400.0
2026-04-23T11:06:36.681450,100.0,58.30941390991211,400.0
2026-04-23T11:06:38.883933,100.0,58.258827209472656,400.0
2026-04-23T11:06:41.087869,100.0,58.30941390991211,400.0
2026-04-23T11:06:43.291570,100.0,58.10707092285156,400.0
2026-04-23T11:06:45.493701,100.0,58.157657623291016,400.0
2026-04-23T11:06:47.695366,100.0,58.2082405090332,400.0
2026-04-23T11:06:49.897144,100.0,58.05648422241211,400.0
2026-04-23T11:06:52.102645,100.0,58.05648422241211,400.0
2026-04-23T11:06:54.305677,100.0,58.005897521972656,400.0
2026-04-23T11:06:56.512873,100.0,58.05648422241211,400.0
2026-04-23T11:06:58.715593,100.0,57.90472412109375,400.0
2026-04-23T11:07:00.917843,100.0,57.8541374206543,400.0
2026-04-23T11:07:03.122214,100.0,57.90472412109375,400.0
2026-04-23T11:07:05.324204,100.0,57.803550720214844,400.0
2026-04-23T11:07:07.527177,100.0,57.8541374206543,400.0
2026-04-23T11:07:09.729082,100.0,57.6012077331543,400.0
2026-04-23T11:07:11.935607,100.0,57.65179443359375,400.0
2026-04-23T11:07:14.137508,100.0,57.7023811340332,400.0
2026-04-23T11:07:16.341028,100.0,57.803550720214844,400.0
2026-04-23T11:07:18.544295,100.0,57.752967834472656,400.0
2026-04-23T11:07:20.747017,100.0,57.7023811340332,400.0
2026-04-23T11:07:22.950508,100.0,57.65179443359375,400.0
2026-04-23T11:07:25.152605,100.0,57.50003433227539,400.0
2026-04-23T11:07:27.356163,100.0,57.65179443359375,400.0
2026-04-23T11:07:29.558374,100.0,57.50003433227539,400.0
2026-04-23T11:07:31.760371,100.0,57.7023811340332,400.0
2026-04-23T11:07:33.966300,100.0,57.752967834472656,400.0
2026-04-23T11:07:36.169031,100.0,57.65179443359375,400.0
2026-04-23T11:07:38.374662,100.0,57.550621032714844,400.0
2026-04-23T11:07:40.576398,100.0,57.6012077331543,400.0
2026-04-23T11:07:42.780361,100.0,57.50003433227539,400.0
2026-04-23T11:07:44.983284,100.0,57.50003433227539,400.0
2026-04-23T11:07:47.186420,100.0,57.50003433227539,400.0
2026-04-23T11:07:49.390948,100.0,57.398860931396484,400.0
2026-04-23T11:07:51.593102,100.0,57.398860931396484,400.0
2026-04-23T11:07:53.796227,100.0,57.44944763183594,400.0
2026-04-23T11:07:55.998294,100.0,57.398860931396484,400.0
2026-04-23T11:07:58.200299,100.0,57.297691345214844,400.0
2026-04-23T11:08:00.402668,100.0,57.297691345214844,400.0
2026-04-23T11:08:02.608162,100.0,57.3482780456543,400.0
2026-04-23T11:08:04.816388,100.0,57.44944763183594,400.0
2026-04-23T11:08:07.022223,100.0,57.3482780456543,400.0
2026-04-23T11:08:09.224055,100.0,57.44944763183594,400.0
2026-04-23T11:08:11.425778,100.0,57.3482780456543,400.0
2026-04-23T11:08:13.630659,100.0,57.3482780456543,400.0
2026-04-23T11:08:15.836077,100.0,57.19651794433594,400.0
2026-04-23T11:08:18.040278,100.0,57.24710464477539,400.0
2026-04-23T11:08:20.242872,100.0,57.3482780456543,400.0
2026-04-23T11:08:22.445693,100.0,57.3482780456543,400.0
2026-04-23T11:08:24.647251,100.0,57.3482780456543,400.0
2026-04-23T11:08:26.850534,100.0,57.3482780456543,400.0
2026-04-23T11:08:29.055072,100.0,57.297691345214844,400.0
2026-04-23T11:08:31.257826,100.0,57.24710464477539,400.0
2026-04-23T11:08:33.460508,100.0,57.398860931396484,400.0
2026-04-23T11:08:35.662983,100.0,57.3482780456543,400.0
2026-04-23T11:08:37.865902,100.0,57.19651794433594,400.0
2026-04-23T11:08:40.069897,100.0,57.3482780456543,400.0
2026-04-23T11:08:42.273680,100.0,57.44944763183594,400.0
2026-04-23T11:08:44.478226,100.0,57.44944763183594,400.0
2026-04-23T11:08:46.680070,100.0,57.398860931396484,400.0
2026-04-23T11:08:48.883024,100.0,57.3482780456543,400.0
2026-04-23T11:08:51.086595,100.0,57.398860931396484,400.0
2026-04-23T11:08:53.289888,100.0,57.297691345214844,400.0
2026-04-23T11:08:55.491978,100.0,57.3482780456543,400.0
2026-04-23T11:08:57.694910,100.0,57.3482780456543,400.0
2026-04-23T11:08:59.896521,100.0,57.297691345214844,400.0
2026-04-23T11:09:02.098869,100.0,57.24710464477539,400.0
2026-04-23T11:09:04.303689,100.0,57.19651794433594,400.0
2026-04-23T11:09:06.505750,100.0,57.04475784301758,400.0
2026-04-23T11:09:08.708176,100.0,57.04475784301758,400.0
2026-04-23T11:09:10.910662,100.0,56.84241485595703,400.0
2026-04-23T11:09:13.112674,100.0,56.84241485595703,400.0
2026-04-23T11:09:15.317546,100.0,56.84241485595703,400.0
2026-04-23T11:09:17.520675,100.0,56.84241485595703,400.0
2026-04-23T11:09:19.724718,100.0,56.79182815551758,400.0
2026-04-23T11:09:21.931080,100.0,56.741241455078125,400.0
2026-04-23T11:09:24.134793,100.0,56.69065475463867,400.0
2026-04-23T11:09:26.338484,100.0,56.79182815551758,400.0
2026-04-23T11:09:28.540128,100.0,56.741241455078125,400.0
2026-04-23T11:09:30.742752,100.0,56.69065475463867,400.0
2026-04-23T11:09:32.944459,100.0,56.741241455078125,400.0
2026-04-23T11:09:35.146293,100.0,56.64006805419922,400.0
2026-04-23T11:09:37.350229,100.0,56.741241455078125,400.0
2026-04-23T11:09:39.553964,100.0,56.589481353759766,400.0
2026-04-23T11:09:41.756549,100.0,56.43772506713867,400.0
2026-04-23T11:09:43.958395,100.0,56.488311767578125,400.0
2026-04-23T11:09:46.163042,100.0,56.43772506713867,400.0
2026-04-23T11:09:48.365033,100.0,56.43772506713867,400.0
2026-04-23T11:09:50.567813,100.0,56.43772506713867,400.0
2026-04-23T11:09:52.772141,100.0,56.28596496582031,400.0
2026-04-23T11:09:54.976230,100.0,56.336551666259766,400.0
2026-04-23T11:09:57.179168,100.0,56.28596496582031,400.0
2026-04-23T11:09:59.381013,100.0,56.28596496582031,400.0
2026-04-23T11:10:01.583321,100.0,56.23537826538086,400.0
2026-04-23T11:10:03.788734,100.0,56.184791564941406,400.0
2026-04-23T11:10:05.991969,100.0,56.13420867919922,400.0
2026-04-23T11:10:08.197200,100.0,56.184791564941406,400.0
2026-04-23T11:10:10.400918,100.0,56.13420867919922,400.0
2026-04-23T11:10:12.603897,100.0,55.931861877441406,400.0
2026-04-23T11:10:14.807314,100.0,56.03303527832031,400.0
2026-04-23T11:10:17.010373,100.0,55.931861877441406,400.0
2026-04-23T11:10:19.215155,100.0,55.98244857788086,400.0
2026-04-23T11:10:21.417830,100.0,55.98244857788086,400.0
2026-04-23T11:10:23.620532,100.0,55.931861877441406,400.0
2026-04-23T11:10:25.822516,100.0,55.8306884765625,400.0
2026-04-23T11:10:28.024356,100.0,55.88127517700195,400.0
2026-04-23T11:10:30.226188,100.0,55.88127517700195,400.0
2026-04-23T11:10:32.430592,100.0,55.88127517700195,400.0
2026-04-23T11:10:34.634608,100.0,55.88127517700195,400.0
2026-04-23T11:10:36.836503,100.0,55.931861877441406,400.0
2026-04-23T11:10:39.039784,100.0,55.88127517700195,400.0
2026-04-23T11:10:41.244057,100.0,55.8306884765625,400.0
2026-04-23T11:10:43.445707,100.0,55.78010559082031,400.0
2026-04-23T11:10:45.649908,100.0,55.8306884765625,400.0
2026-04-23T11:10:47.853772,100.0,55.78010559082031,400.0
2026-04-23T11:10:50.056143,100.0,55.88127517700195,400.0
2026-04-23T11:10:52.258868,100.0,55.78010559082031,400.0
2026-04-23T11:10:54.461226,100.0,55.72951889038086,400.0
2026-04-23T11:10:56.663605,100.0,55.72951889038086,400.0
2026-04-23T11:10:58.867807,100.0,55.72951889038086,400.0
2026-04-23T11:11:01.072005,100.0,55.62834548950195,400.0
2026-04-23T11:11:03.275066,100.0,55.62834548950195,400.0
2026-04-23T11:11:05.476811,100.0,55.5777587890625,400.0
2026-04-23T11:11:07.679591,100.0,55.678932189941406,400.0
2026-04-23T11:11:09.883925,100.0,55.72951889038086,400.0
2026-04-23T11:11:12.088189,100.0,55.5777587890625,400.0
2026-04-23T11:11:14.291835,100.0,55.476585388183594,400.0
2026-04-23T11:11:16.494555,100.0,55.62834548950195,400.0
2026-04-23T11:11:18.696188,100.0,55.5777587890625,400.0
2026-04-23T11:11:20.899441,100.0,55.42599868774414,400.0
2026-04-23T11:11:23.101779,100.0,55.37541580200195,400.0
2026-04-23T11:11:25.304189,100.0,55.476585388183594,400.0
2026-04-23T11:11:27.508985,100.0,55.3248291015625,400.0
2026-04-23T11:11:29.710996,100.0,55.3248291015625,400.0
2026-04-23T11:11:31.913781,100.0,55.27424240112305,400.0
2026-04-23T11:11:34.119343,100.0,55.27424240112305,400.0
2026-04-23T11:11:36.323062,100.0,55.27424240112305,400.0
2026-04-23T11:11:38.525546,100.0,55.27424240112305,400.0
2026-04-23T11:11:40.732266,100.0,55.12248229980469,400.0
2026-04-23T11:11:42.935409,100.0,55.223655700683594,400.0
2026-04-23T11:11:45.138514,100.0,55.12248229980469,400.0
2026-04-23T11:11:47.341155,100.0,55.12248229980469,400.0
2026-04-23T11:11:49.545670,100.0,55.17306900024414,400.0
2026-04-23T11:11:51.748987,100.0,55.071895599365234,400.0
2026-04-23T11:11:53.954274,100.0,55.12248229980469,400.0
2026-04-23T11:11:56.157218,100.0,55.12248229980469,400.0
2026-04-23T11:11:58.360256,100.0,54.92013931274414,400.0
2026-04-23T11:12:00.562708,100.0,54.970726013183594,400.0
2026-04-23T11:12:02.768863,100.0,55.02130889892578,400.0
2026-04-23T11:12:04.973065,100.0,55.071895599365234,400.0
2026-04-23T11:12:07.174715,100.0,54.970726013183594,400.0
2026-04-23T11:12:09.379486,100.0,54.92013931274414,400.0
2026-04-23T11:12:11.584714,100.0,54.970726013183594,400.0
2026-04-23T11:12:13.788690,100.0,54.92013931274414,400.0
2026-04-23T11:12:15.990596,100.0,54.92013931274414,400.0
2026-04-23T11:12:18.193412,100.0,54.76837921142578,400.0
2026-04-23T11:12:20.395654,100.0,54.667205810546875,400.0
2026-04-23T11:12:22.598729,100.0,54.76837921142578,400.0
2026-04-23T11:12:24.802471,100.0,54.71779251098633,400.0
2026-04-23T11:12:27.006581,100.0,54.667205810546875,400.0
2026-04-23T11:12:29.208675,100.0,54.61661911010742,400.0
2026-04-23T11:12:31.410666,100.0,54.566036224365234,400.0
2026-04-23T11:12:33.612542,100.0,54.61661911010742,400.0
2026-04-23T11:12:35.815950,100.0,54.51544952392578,400.0
2026-04-23T11:12:38.018778,100.0,54.566036224365234,400.0
2026-04-23T11:12:40.222605,100.0,54.51544952392578,400.0
2026-04-23T11:12:42.424981,100.0,54.51544952392578,400.0
2026-04-23T11:12:44.626974,100.0,54.51544952392578,400.0
2026-04-23T11:12:46.829854,100.0,54.36368942260742,400.0
2026-04-23T11:12:49.032945,100.0,54.46486282348633,400.0
2026-04-23T11:12:51.236004,100.0,54.31310272216797,400.0
2026-04-23T11:12:53.440901,100.0,54.414276123046875,400.0
2026-04-23T11:12:55.644867,100.0,54.46486282348633,400.0
2026-04-23T11:12:57.850125,100.0,54.51544952392578,400.0
2026-04-23T11:13:00.052497,100.0,54.36368942260742,400.0
2026-04-23T11:13:02.254580,100.0,54.46486282348633,400.0
2026-04-23T11:13:04.456222,100.0,54.36368942260742,400.0
2026-04-23T11:13:06.660670,100.0,54.414276123046875,400.0
2026-04-23T11:13:08.862585,100.0,54.414276123046875,400.0
2026-04-23T11:13:11.065112,100.0,54.31310272216797,400.0
2026-04-23T11:13:13.269647,100.0,54.414276123046875,400.0
2026-04-23T11:13:15.472054,100.0,54.414276123046875,400.0
2026-04-23T11:13:17.674970,100.0,54.31310272216797,400.0
2026-04-23T11:13:19.878098,100.0,54.31310272216797,400.0
2026-04-23T11:13:22.081325,100.0,54.414276123046875,400.0
2026-04-23T11:13:24.285975,100.0,54.414276123046875,400.0
2026-04-23T11:13:26.488722,100.0,54.36368942260742,400.0
2026-04-23T11:13:28.690908,100.0,54.31310272216797,400.0
2026-04-23T11:13:30.892703,100.0,54.31310272216797,400.0
2026-04-23T11:13:33.095045,100.0,54.31310272216797,400.0
2026-04-23T11:13:35.296794,100.0,54.36368942260742,400.0
2026-04-23T11:13:37.501566,100.0,54.31310272216797,400.0
2026-04-23T11:13:39.703676,100.0,54.36368942260742,400.0
2026-04-23T11:13:41.906127,100.0,54.414276123046875,400.0
2026-04-23T11:13:44.111294,100.0,54.31310272216797,400.0
2026-04-23T11:13:46.314455,100.0,54.36368942260742,400.0
2026-04-23T11:13:48.517512,100.0,54.21192932128906,400.0
2026-04-23T11:13:50.719941,100.0,54.262516021728516,400.0
2026-04-23T11:13:52.923839,100.0,54.21192932128906,400.0
2026-04-23T11:13:55.126227,100.0,54.21192932128906,400.0
2026-04-23T11:13:57.327797,100.0,54.21192932128906,400.0
2026-04-23T11:13:59.532699,100.0,54.161346435546875,400.0
2026-04-23T11:14:01.739067,100.0,54.11075973510742,400.0
2026-04-23T11:14:03.941262,100.0,54.06017303466797,400.0
2026-04-23T11:14:06.143997,100.0,54.11075973510742,400.0
2026-04-23T11:14:08.347657,100.0,54.11075973510742,400.0
2026-04-23T11:14:10.551880,100.0,54.06017303466797,400.0
2026-04-23T11:14:12.757088,100.0,54.009586334228516,400.0
2026-04-23T11:14:14.960392,100.0,54.009586334228516,400.0
2026-04-23T11:14:17.164472,100.0,54.11075973510742,400.0
2026-04-23T11:14:19.368076,100.0,54.06017303466797,400.0
2026-04-23T11:14:21.571658,100.0,54.06017303466797,400.0
2026-04-23T11:14:23.775510,100.0,54.009586334228516,400.0
2026-04-23T11:14:25.978753,100.0,53.95899963378906,400.0
2026-04-23T11:14:28.183584,100.0,53.90841293334961,400.0
2026-04-23T11:14:30.393159,100.0,53.90841293334961,400.0
2026-04-23T11:14:32.594912,100.0,53.90841293334961,400.0
2026-04-23T11:14:34.796655,100.0,53.95899963378906,400.0
2026-04-23T11:14:36.999787,100.0,53.95899963378906,400.0
2026-04-23T11:14:39.203240,100.0,53.95899963378906,400.0
2026-04-23T11:14:41.405554,100.0,53.95899963378906,400.0
2026-04-23T11:14:43.607616,100.0,54.009586334228516,400.0
2026-04-23T11:14:45.810761,100.0,53.95899963378906,400.0
2026-04-23T11:14:48.014565,100.0,54.11075973510742,400.0
2026-04-23T11:14:50.216873,100.0,54.06017303466797,400.0
2026-04-23T11:14:52.420513,100.0,53.90841293334961,400.0
2026-04-23T11:14:54.624448,100.0,53.90841293334961,400.0
2026-04-23T11:14:56.827068,100.0,53.857826232910156,400.0
2026-04-23T11:14:59.029224,100.0,53.857826232910156,400.0
2026-04-23T11:15:01.231612,100.0,53.90841293334961,400.0
2026-04-23T11:15:03.434212,100.0,53.95899963378906,400.0
2026-04-23T11:15:05.637875,100.0,53.90841293334961,400.0
2026-04-23T11:15:07.840601,100.0,53.90841293334961,400.0
2026-04-23T11:15:10.043030,100.0,53.857826232910156,400.0
2026-04-23T11:15:12.244880,100.0,53.8072395324707,400.0
2026-04-23T11:15:14.446849,100.0,53.8072395324707,400.0
2026-04-23T11:15:16.650758,100.0,53.857826232910156,400.0
2026-04-23T11:15:18.853365,100.0,53.857826232910156,400.0
2026-04-23T11:15:21.058659,100.0,53.70606994628906,400.0
2026-04-23T11:15:23.262042,100.0,53.70606994628906,400.0
2026-04-23T11:15:25.466077,100.0,53.857826232910156,400.0
2026-04-23T11:15:27.668068,100.0,53.756656646728516,400.0
2026-04-23T11:15:29.871527,100.0,53.756656646728516,400.0
2026-04-23T11:15:32.074947,100.0,53.756656646728516,400.0
2026-04-23T11:15:34.276498,100.0,53.70606994628906,400.0
2026-04-23T11:15:36.480721,100.0,53.70606994628906,400.0
2026-04-23T11:15:38.685193,100.0,53.604896545410156,400.0
2026-04-23T11:15:40.888990,100.0,53.65548324584961,400.0
2026-04-23T11:15:43.091542,100.0,53.65548324584961,400.0
2026-04-23T11:15:45.293186,100.0,53.65548324584961,400.0
2026-04-23T11:15:47.496939,100.0,53.65548324584961,400.0
2026-04-23T11:15:49.700182,100.0,53.65548324584961,400.0
2026-04-23T11:15:51.902202,100.0,53.70606994628906,400.0
2026-04-23T11:15:54.105347,100.0,53.65548324584961,400.0
2026-04-23T11:15:56.308314,100.0,53.70606994628906,400.0
2026-04-23T11:15:58.511095,100.0,53.756656646728516,400.0
2026-04-23T11:16:00.712907,100.0,53.70606994628906,400.0
2026-04-23T11:16:02.917473,100.0,53.70606994628906,400.0
2026-04-23T11:16:05.119366,100.0,53.857826232910156,400.0
2026-04-23T11:16:07.327562,100.0,53.70606994628906,400.0
2026-04-23T11:16:09.529375,100.0,53.65548324584961,400.0
2026-04-23T11:16:11.731877,100.0,53.756656646728516,400.0
2026-04-23T11:16:13.933862,100.0,53.756656646728516,400.0
2026-04-23T11:16:16.136835,100.0,53.8072395324707,400.0
2026-04-23T11:16:18.340728,100.0,53.756656646728516,400.0
2026-04-23T11:16:20.544449,100.0,53.70606994628906,400.0
2026-04-23T11:16:22.751868,100.0,53.70606994628906,400.0
2026-04-23T11:16:24.955861,100.0,53.756656646728516,400.0
2026-04-23T11:16:27.158247,100.0,53.756656646728516,400.0
2026-04-23T11:16:29.360336,100.0,53.756656646728516,400.0
2026-04-23T11:16:31.561976,100.0,53.604896545410156,400.0
2026-04-23T11:16:33.765019,100.0,53.756656646728516,400.0
2026-04-23T11:16:35.968747,100.0,53.8072395324707,400.0
2026-04-23T11:16:38.170646,100.0,53.756656646728516,400.0
2026-04-23T11:16:40.372879,100.0,53.5543098449707,400.0
2026-04-23T11:16:42.575929,100.0,53.756656646728516,400.0
2026-04-23T11:16:44.779430,100.0,53.70606994628906,400.0
2026-04-23T11:16:46.982780,100.0,53.756656646728516,400.0
2026-04-23T11:16:49.186674,100.0,53.70606994628906,400.0
2026-04-23T11:16:51.389120,100.0,53.65548324584961,400.0
2026-04-23T11:16:53.591841,100.0,53.70606994628906,400.0
2026-04-23T11:16:55.794845,100.0,53.65548324584961,400.0
2026-04-23T11:16:57.998390,100.0,53.604896545410156,400.0
2026-04-23T11:17:00.201052,100.0,53.65548324584961,400.0
2026-04-23T11:17:02.406991,100.0,53.65548324584961,400.0
2026-04-23T11:17:04.610006,100.0,53.70606994628906,400.0
2026-04-23T11:17:06.812876,100.0,53.604896545410156,400.0
2026-04-23T11:17:09.015039,100.0,53.5543098449707,400.0
2026-04-23T11:17:11.217701,100.0,53.604896545410156,400.0
2026-04-23T11:17:13.419757,100.0,53.604896545410156,400.0
2026-04-23T11:17:15.623070,100.0,53.604896545410156,400.0
2026-04-23T11:17:17.824734,100.0,53.65548324584961,400.0
2026-04-23T11:17:20.028124,100.0,53.5543098449707,400.0
2026-04-23T11:17:22.231283,100.0,53.65548324584961,400.0
2026-04-23T11:17:24.434671,100.0,53.604896545410156,400.0
2026-04-23T11:17:26.637014,100.0,53.70606994628906,400.0
2026-04-23T11:17:28.842633,100.0,53.70606994628906,400.0
2026-04-23T11:17:31.046452,100.0,53.65548324584961,400.0
2026-04-23T11:17:33.249280,100.0,53.756656646728516,400.0
2026-04-23T11:17:35.451207,100.0,53.756656646728516,400.0
2026-04-23T11:17:37.653513,100.0,53.756656646728516,400.0
2026-04-23T11:17:39.855099,100.0,53.70606994628906,400.0
2026-04-23T11:17:42.057745,100.0,53.70606994628906,400.0
2026-04-23T11:17:44.261734,100.0,53.756656646728516,400.0
2026-04-23T11:17:46.464068,100.0,53.756656646728516,400.0
2026-04-23T11:17:48.668821,100.0,53.70606994628906,400.0
2026-04-23T11:17:50.872799,100.0,53.70606994628906,400.0
2026-04-23T11:17:53.077321,100.0,53.70606994628906,400.0
2026-04-23T11:17:55.278971,100.0,53.70606994628906,400.0
2026-04-23T11:17:57.482464,100.0,53.70606994628906,400.0
2026-04-23T11:17:59.685771,100.0,53.756656646728516,400.0
2026-04-23T11:18:01.888311,100.0,53.756656646728516,400.0
2026-04-23T11:18:04.090124,100.0,53.8072395324707,400.0
2026-04-23T11:18:06.301609,100.0,53.8072395324707,400.0
2026-04-23T11:18:08.506135,100.0,53.857826232910156,400.0
2026-04-23T11:18:10.707748,100.0,53.90841293334961,400.0
2026-04-23T11:18:12.910613,100.0,53.8072395324707,400.0
2026-04-23T11:18:15.114090,100.0,53.756656646728516,400.0
2026-04-23T11:18:17.316787,100.0,53.8072395324707,400.0
2026-04-23T11:18:19.520666,100.0,53.756656646728516,400.0
2026-04-23T11:18:21.723722,100.0,53.8072395324707,400.0
2026-04-23T11:18:23.925744,100.0,53.756656646728516,400.0
2026-04-23T11:18:26.129099,100.0,53.65548324584961,400.0
2026-04-23T11:18:28.331215,100.0,53.8072395324707,400.0
2026-04-23T11:18:30.535606,100.0,53.756656646728516,400.0
2026-04-23T11:18:32.739043,100.0,53.756656646728516,400.0
2026-04-23T11:18:34.943269,100.0,53.756656646728516,400.0
2026-04-23T11:18:37.146166,100.0,53.70606994628906,400.0
2026-04-23T11:18:39.353414,100.0,53.756656646728516,400.0
2026-04-23T11:18:41.559192,100.0,53.756656646728516,400.0
2026-04-23T11:18:43.761911,100.0,53.70606994628906,400.0
2026-04-23T11:18:45.963806,100.0,53.857826232910156,400.0
2026-04-23T11:18:48.167380,100.0,53.857826232910156,400.0
2026-04-23T11:18:50.371061,100.0,53.8072395324707,400.0
2026-04-23T11:18:52.573898,100.0,53.857826232910156,400.0
2026-04-23T11:18:54.779337,100.0,53.8072395324707,400.0
2026-04-23T11:18:56.982240,100.0,53.857826232910156,400.0
2026-04-23T11:18:59.186376,100.0,53.8072395324707,400.0
2026-04-23T11:19:01.387905,100.0,53.756656646728516,400.0
2026-04-23T11:19:03.593651,100.0,53.70606994628906,400.0
2026-04-23T11:19:05.796556,100.0,53.756656646728516,400.0
2026-04-23T11:19:08.000090,100.0,53.70606994628906,400.0
2026-04-23T11:19:10.202415,100.0,53.756656646728516,400.0
2026-04-23T11:19:12.406311,100.0,53.756656646728516,400.0
2026-04-23T11:19:14.608548,100.0,53.756656646728516,400.0
2026-04-23T11:19:16.812017,100.0,53.756656646728516,400.0
2026-04-23T11:19:19.017590,100.0,53.8072395324707,400.0
2026-04-23T11:19:21.223442,100.0,53.8072395324707,400.0
2026-04-23T11:19:23.427700,100.0,53.8072395324707,400.0
2026-04-23T11:19:25.630952,100.0,53.70606994628906,400.0
2026-04-23T11:19:27.835309,100.0,53.756656646728516,400.0
2026-04-23T11:19:30.037588,100.0,53.8072395324707,400.0
2026-04-23T11:19:32.239190,100.0,53.8072395324707,400.0
2026-04-23T11:19:34.441353,100.0,53.8072395324707,400.0
2026-04-23T11:19:36.646713,100.0,53.8072395324707,400.0
2026-04-23T11:19:38.850880,100.0,53.857826232910156,400.0
2026-04-23T11:19:41.053621,100.0,53.857826232910156,400.0
2026-04-23T11:19:43.256233,100.0,53.8072395324707,400.0
2026-04-23T11:19:45.457922,100.0,53.8072395324707,400.0
2026-04-23T11:19:47.659542,100.0,53.857826232910156,400.0
2026-04-23T11:19:49.861104,100.0,53.756656646728516,400.0
2026-04-23T11:19:52.068337,100.0,53.8072395324707,400.0
2026-04-23T11:19:54.271711,100.0,53.857826232910156,400.0
2026-04-23T11:19:56.474288,100.0,53.95899963378906,400.0
2026-04-23T11:19:58.677469,100.0,53.756656646728516,400.0
2026-04-23T11:20:00.880566,100.0,53.756656646728516,400.0
2026-04-23T11:20:03.082557,100.0,53.857826232910156,400.0
2026-04-23T11:20:05.284805,100.0,53.857826232910156,400.0
2026-04-23T11:20:07.487515,100.0,53.8072395324707,400.0
2026-04-23T11:20:09.691027,100.0,53.8072395324707,400.0
2026-04-23T11:20:11.895737,100.0,53.756656646728516,400.0
2026-04-23T11:20:14.098165,100.0,53.65548324584961,400.0
2026-04-23T11:20:16.300838,100.0,53.756656646728516,400.0
2026-04-23T11:20:18.503857,100.0,53.756656646728516,400.0
2026-04-23T11:20:20.707845,100.0,53.8072395324707,400.0
2026-04-23T11:20:22.909850,100.0,53.70606994628906,400.0
2026-04-23T11:20:25.111638,100.0,53.70606994628906,400.0
2026-04-23T11:20:27.316248,100.0,53.756656646728516,400.0
2026-04-23T11:20:29.518585,100.0,53.8072395324707,400.0
2026-04-23T11:20:31.722798,100.0,53.70606994628906,400.0
2026-04-23T11:20:33.928221,100.0,53.756656646728516,400.0
2026-04-23T11:20:36.132232,100.0,53.756656646728516,400.0
2026-04-23T11:20:38.335195,100.0,53.604896545410156,400.0
2026-04-23T11:20:40.537845,100.0,53.65548324584961,400.0
2026-04-23T11:20:42.740095,100.0,53.65548324584961,400.0
2026-04-23T11:20:44.942764,100.0,53.65548324584961,400.0
2026-04-23T11:20:47.145800,100.0,53.70606994628906,400.0
2026-04-23T11:20:49.353776,100.0,53.604896545410156,400.0
2026-04-23T11:20:51.559041,100.0,53.604896545410156,400.0
2026-04-23T11:20:53.762536,100.0,53.65548324584961,400.0
2026-04-23T11:20:55.966109,100.0,53.70606994628906,400.0
2026-04-23T11:20:58.170314,100.0,53.65548324584961,400.0
2026-04-23T11:21:00.374501,100.0,53.65548324584961,400.0
2026-04-23T11:21:02.578780,100.0,53.604896545410156,400.0
2026-04-23T11:21:04.782824,100.0,53.70606994628906,400.0
2026-04-23T11:21:06.985182,100.0,53.604896545410156,400.0
2026-04-23T11:21:09.189390,100.0,53.5543098449707,400.0
2026-04-23T11:21:11.391099,100.0,53.50372314453125,400.0
2026-04-23T11:21:13.594920,100.0,53.604896545410156,400.0
2026-04-23T11:21:15.799685,100.0,53.65548324584961,400.0
2026-04-23T11:21:18.003149,100.0,53.70606994628906,400.0
2026-04-23T11:21:20.205286,100.0,53.65548324584961,400.0
2026-04-23T11:21:22.408349,100.0,53.604896545410156,400.0
2026-04-23T11:21:24.610772,100.0,53.65548324584961,400.0
2026-04-23T11:21:26.814451,100.0,53.70606994628906,400.0
2026-04-23T11:21:29.016509,100.0,53.70606994628906,400.0
2026-04-23T11:21:31.218947,100.0,53.65548324584961,400.0
2026-04-23T11:21:33.421142,100.0,53.756656646728516,400.0
2026-04-23T11:21:35.623056,100.0,53.65548324584961,400.0
2026-04-23T11:21:37.825789,100.0,53.604896545410156,400.0
2026-04-23T11:21:40.034550,100.0,53.70606994628906,400.0
2026-04-23T11:21:42.238682,100.0,53.70606994628906,400.0
2026-04-23T11:21:44.440922,100.0,53.8072395324707,400.0
2026-04-23T11:21:46.643656,100.0,53.65548324584961,400.0
2026-04-23T11:21:48.849483,100.0,53.65548324584961,400.0
2026-04-23T11:21:51.053311,100.0,53.70606994628906,400.0
2026-04-23T11:21:53.255843,100.0,53.756656646728516,400.0
2026-04-23T11:21:55.457981,100.0,53.756656646728516,400.0
2026-04-23T11:21:57.659589,100.0,53.857826232910156,400.0
2026-04-23T11:21:59.862544,100.0,53.756656646728516,400.0
2026-04-23T11:22:02.065413,100.0,53.90841293334961,400.0
2026-04-23T11:22:04.268082,100.0,53.8072395324707,400.0
2026-04-23T11:22:06.471870,100.0,53.90841293334961,400.0
2026-04-23T11:22:08.675298,100.0,53.90841293334961,400.0
2026-04-23T11:22:10.879119,100.0,53.857826232910156,400.0
2026-04-23T11:22:13.082667,100.0,53.90841293334961,400.0
2026-04-23T11:22:15.285206,100.0,53.95899963378906,400.0
2026-04-23T11:22:17.489304,100.0,53.90841293334961,400.0
2026-04-23T11:22:19.692197,100.0,53.95899963378906,400.0
2026-04-23T11:22:21.894133,100.0,53.90841293334961,400.0
2026-04-23T11:22:24.099875,100.0,53.90841293334961,400.0
2026-04-23T11:22:26.303422,100.0,53.8072395324707,400.0
2026-04-23T11:22:28.506167,100.0,53.70606994628906,400.0
2026-04-23T11:22:30.708138,100.0,53.756656646728516,400.0
2026-04-23T11:22:32.911354,100.0,53.8072395324707,400.0
2026-04-23T11:22:35.114972,100.0,53.756656646728516,400.0
2026-04-23T11:22:37.318473,100.0,53.70606994628906,400.0
2026-04-23T11:22:39.522673,100.0,53.70606994628906,400.0
2026-04-23T11:22:41.725073,100.0,53.604896545410156,400.0
2026-04-23T11:22:43.927129,100.0,53.65548324584961,400.0
2026-04-23T11:22:46.131095,100.0,53.756656646728516,400.0
2026-04-23T11:22:48.333021,100.0,53.70606994628906,400.0
2026-04-23T11:22:50.534899,100.0,53.70606994628906,400.0
2026-04-23T11:22:52.737700,100.0,53.756656646728516,400.0
2026-04-23T11:22:54.939648,100.0,53.70606994628906,400.0
2026-04-23T11:22:57.141711,100.0,53.65548324584961,400.0
2026-04-23T11:22:59.343555,100.0,53.65548324584961,400.0
2026-04-23T11:23:01.546870,100.0,53.756656646728516,400.0
2026-04-23T11:23:03.750148,100.0,53.756656646728516,400.0
2026-04-23T11:23:05.953840,100.0,53.756656646728516,400.0
2026-04-23T11:23:08.156639,100.0,53.65548324584961,400.0
2026-04-23T11:23:10.360224,100.0,53.65548324584961,400.0
2026-04-23T11:23:12.563518,100.0,53.604896545410156,400.0
2026-04-23T11:23:14.766644,100.0,53.5543098449707,400.0
2026-04-23T11:23:16.969935,100.0,53.65548324584961,400.0
2026-04-23T11:23:19.174723,100.0,53.604896545410156,400.0
2026-04-23T11:23:21.376776,100.0,53.604896545410156,400.0
2026-04-23T11:23:23.581523,100.0,53.65548324584961,400.0
2026-04-23T11:23:25.784096,100.0,53.65548324584961,400.0
2026-04-23T11:23:27.987663,100.0,53.5543098449707,400.0
2026-04-23T11:23:30.190469,100.0,53.604896545410156,400.0
2026-04-23T11:23:32.393645,100.0,53.604896545410156,400.0
2026-04-23T11:23:34.597022,100.0,53.70606994628906,400.0
2026-04-23T11:23:36.800261,100.0,53.65548324584961,400.0
2026-04-23T11:23:39.002993,100.0,53.756656646728516,400.0
2026-04-23T11:23:41.204930,100.0,53.756656646728516,400.0
2026-04-23T11:23:43.407054,100.0,53.857826232910156,400.0
2026-04-23T11:23:45.610678,100.0,53.857826232910156,400.0
2026-04-23T11:23:47.815249,100.0,53.756656646728516,400.0
2026-04-23T11:23:50.017271,100.0,53.756656646728516,400.0
2026-04-23T11:23:52.220495,100.0,53.857826232910156,400.0
2026-04-23T11:23:54.423180,100.0,53.857826232910156,400.0
2026-04-23T11:23:56.626539,100.0,53.756656646728516,400.0
2026-04-23T11:23:58.828256,100.0,53.8072395324707,400.0
2026-04-23T11:24:01.033029,100.0,53.8072395324707,400.0
2026-04-23T11:24:03.236102,100.0,53.95899963378906,400.0
2026-04-23T11:24:05.439165,100.0,53.90841293334961,400.0
2026-04-23T11:24:07.641304,100.0,53.95899963378906,400.0
2026-04-23T11:24:09.843501,100.0,53.95899963378906,400.0
2026-04-23T11:24:12.045707,100.0,53.95899963378906,400.0
2026-04-23T11:24:14.250179,100.0,54.06017303466797,400.0
2026-04-23T11:24:16.454737,100.0,53.90841293334961,400.0
2026-04-23T11:24:18.656394,100.0,53.90841293334961,400.0
2026-04-23T11:24:20.859092,100.0,53.95899963378906,400.0
2026-04-23T11:24:23.062394,100.0,53.95899963378906,400.0
2026-04-23T11:24:25.266861,100.0,54.009586334228516,400.0
2026-04-23T11:24:27.470530,100.0,53.95899963378906,400.0
2026-04-23T11:24:29.672357,100.0,54.009586334228516,400.0
2026-04-23T11:24:31.875619,100.0,54.06017303466797,400.0
2026-04-23T11:24:34.077714,100.0,54.009586334228516,400.0
2026-04-23T11:24:36.281478,100.0,54.11075973510742,400.0
2026-04-23T11:24:38.484329,100.0,54.009586334228516,400.0
2026-04-23T11:24:40.688860,100.0,54.009586334228516,400.0
2026-04-23T11:24:42.892551,100.0,53.95899963378906,400.0
2026-04-23T11:24:45.097881,100.0,54.06017303466797,400.0
2026-04-23T11:24:47.302140,100.0,54.009586334228516,400.0
2026-04-23T11:24:49.504375,100.0,53.90841293334961,400.0
2026-04-23T11:24:51.707535,100.0,53.90841293334961,400.0
2026-04-23T11:24:53.909778,100.0,54.009586334228516,400.0
2026-04-23T11:24:56.115458,100.0,54.009586334228516,400.0
2026-04-23T11:24:58.317682,100.0,53.90841293334961,400.0
2026-04-23T11:25:00.520806,100.0,53.90841293334961,400.0
2026-04-23T11:25:02.723405,100.0,53.90841293334961,400.0
2026-04-23T11:25:04.928095,100.0,53.95899963378906,400.0
2026-04-23T11:25:07.131143,100.0,54.009586334228516,400.0
2026-04-23T11:25:09.335425,100.0,54.009586334228516,400.0
2026-04-23T11:25:11.537875,100.0,54.06017303466797,400.0
2026-04-23T11:25:13.739385,100.0,53.90841293334961,400.0
2026-04-23T11:25:15.941006,100.0,53.95899963378906,400.0
2026-04-23T11:25:18.144799,100.0,53.95899963378906,400.0
2026-04-23T11:25:20.348123,100.0,53.90841293334961,400.0
2026-04-23T11:25:22.551955,100.0,53.90841293334961,400.0
2026-04-23T11:25:24.755605,100.0,53.8072395324707,400.0
2026-04-23T11:25:26.960747,100.0,53.857826232910156,400.0
2026-04-23T11:25:29.165745,100.0,53.8072395324707,400.0
2026-04-23T11:25:31.369020,100.0,53.70606994628906,400.0
2026-04-23T11:25:33.571402,100.0,53.65548324584961,400.0
2026-04-23T11:25:35.774779,100.0,53.70606994628906,400.0
2026-04-23T11:25:37.977088,100.0,53.65548324584961,400.0
2026-04-23T11:25:40.181525,100.0,53.70606994628906,400.0
2026-04-23T11:25:42.387398,100.0,53.8072395324707,400.0
2026-04-23T11:25:44.590212,100.0,53.70606994628906,400.0
2026-04-23T11:25:46.792108,100.0,53.8072395324707,400.0
2026-04-23T11:25:48.994585,100.0,53.70606994628906,400.0
2026-04-23T11:25:51.199378,100.0,53.70606994628906,400.0
2026-04-23T11:25:53.402855,100.0,53.65548324584961,400.0
2026-04-23T11:25:55.604962,100.0,53.70606994628906,400.0
2026-04-23T11:25:57.812013,100.0,53.70606994628906,400.0
2026-04-23T11:26:00.014234,100.0,53.70606994628906,400.0
2026-04-23T11:26:02.216704,100.0,53.604896545410156,400.0
2026-04-23T11:26:04.420134,100.0,53.604896545410156,400.0
2026-04-23T11:26:06.623708,100.0,53.604896545410156,400.0
2026-04-23T11:26:08.825703,100.0,53.50372314453125,400.0
2026-04-23T11:26:11.029062,100.0,53.5543098449707,400.0
2026-04-23T11:26:13.236921,100.0,53.70606994628906,400.0
2026-04-23T11:26:15.439509,100.0,53.70606994628906,400.0
2026-04-23T11:26:17.642735,100.0,53.65548324584961,400.0
2026-04-23T11:26:19.846068,100.0,53.8072395324707,400.0
2026-04-23T11:26:22.048477,100.0,53.70606994628906,400.0
2026-04-23T11:26:24.252278,100.0,53.65548324584961,400.0
2026-04-23T11:26:26.455915,100.0,53.604896545410156,400.0
2026-04-23T11:26:28.659619,100.0,53.70606994628906,400.0
2026-04-23T11:26:30.864230,100.0,53.604896545410156,400.0
2026-04-23T11:26:33.067407,100.0,53.65548324584961,400.0
2026-04-23T11:26:35.269370,100.0,53.50372314453125,400.0
2026-04-23T11:26:37.473793,100.0,53.50372314453125,400.0
2026-04-23T11:26:39.675462,100.0,53.5543098449707,400.0
2026-04-23T11:26:41.878738,100.0,53.5543098449707,400.0
2026-04-23T11:26:44.082745,100.0,53.4531364440918,400.0
2026-04-23T11:26:46.285772,100.0,53.4531364440918,400.0
2026-04-23T11:26:48.488877,100.0,53.50372314453125,400.0
2026-04-23T11:26:50.695167,100.0,53.40255355834961,400.0
2026-04-23T11:26:52.900265,100.0,53.40255355834961,400.0
2026-04-23T11:26:55.103447,100.0,53.4531364440918,400.0
2026-04-23T11:26:57.306024,100.0,53.40255355834961,400.0
2026-04-23T11:26:59.508884,100.0,53.50372314453125,400.0
2026-04-23T11:27:01.711351,100.0,53.604896545410156,400.0
2026-04-23T11:27:03.915117,100.0,53.604896545410156,400.0
2026-04-23T11:27:06.118994,100.0,53.5543098449707,400.0
2026-04-23T11:27:08.320933,100.0,53.65548324584961,400.0
2026-04-23T11:27:10.523859,100.0,53.65548324584961,400.0
2026-04-23T11:27:12.726021,100.0,53.604896545410156,400.0
2026-04-23T11:27:14.928275,100.0,53.5543098449707,400.0
2026-04-23T11:27:17.130290,100.0,53.604896545410156,400.0
2026-04-23T11:27:19.333319,100.0,53.5543098449707,400.0
2026-04-23T11:27:21.535289,100.0,53.65548324584961,400.0
2026-04-23T11:27:23.738545,100.0,53.70606994628906,400.0
2026-04-23T11:27:25.941584,100.0,53.5543098449707,400.0
2026-04-23T11:27:28.143653,100.0,53.604896545410156,400.0
2026-04-23T11:27:30.347007,100.0,53.604896545410156,400.0
2026-04-23T11:27:32.549283,100.0,53.65548324584961,400.0
2026-04-23T11:27:34.751380,100.0,53.70606994628906,400.0
2026-04-23T11:27:36.954622,100.0,53.70606994628906,400.0
2026-04-23T11:27:39.156809,100.0,53.756656646728516,400.0
2026-04-23T11:27:41.361033,100.0,53.70606994628906,400.0
2026-04-23T11:27:43.564163,100.0,53.5543098449707,400.0
2026-04-23T11:27:45.766489,100.0,53.5543098449707,400.0
2026-04-23T11:27:47.969823,100.0,53.5543098449707,400.0
2026-04-23T11:27:50.172271,100.0,53.5543098449707,400.0
2026-04-23T11:27:52.375945,100.0,53.50372314453125,400.0
2026-04-23T11:27:54.578968,100.0,53.5543098449707,400.0
2026-04-23T11:27:56.782721,100.0,53.50372314453125,400.0
2026-04-23T11:27:58.986076,100.0,53.5543098449707,400.0
2026-04-23T11:28:01.191425,100.0,53.4531364440918,400.0
2026-04-23T11:28:03.393371,100.0,53.50372314453125,400.0
2026-04-23T11:28:05.596529,100.0,53.5543098449707,400.0
2026-04-23T11:28:07.801618,100.0,53.4531364440918,400.0
2026-04-23T11:28:10.004729,100.0,53.50372314453125,400.0
2026-04-23T11:28:12.207853,100.0,53.4531364440918,400.0
2026-04-23T11:28:14.411048,100.0,53.351966857910156,400.0
2026-04-23T11:28:16.614955,100.0,53.4531364440918,400.0
2026-04-23T11:28:18.818261,100.0,53.4531364440918,400.0
2026-04-23T11:28:21.020172,100.0,53.40255355834961,400.0
2026-04-23T11:28:23.223857,100.0,53.351966857910156,400.0
2026-04-23T11:28:25.430259,100.0,53.40255355834961,400.0
2026-04-23T11:28:27.634265,100.0,53.351966857910156,400.0
2026-04-23T11:28:29.836303,100.0,53.351966857910156,400.0
2026-04-23T11:28:32.041713,100.0,53.40255355834961,400.0
2026-04-23T11:28:34.243335,100.0,53.4531364440918,400.0
2026-04-23T11:28:36.446698,100.0,53.50372314453125,400.0
2026-04-23T11:28:38.650163,100.0,53.50372314453125,400.0
2026-04-23T11:28:40.852990,100.0,53.40255355834961,400.0
2026-04-23T11:28:43.056708,100.0,53.4531364440918,400.0
2026-04-23T11:28:45.258405,100.0,53.4531364440918,400.0
2026-04-23T11:28:47.459990,100.0,53.604896545410156,400.0
2026-04-23T11:28:49.662961,100.0,53.4531364440918,400.0
2026-04-23T11:28:51.865002,100.0,53.50372314453125,400.0
2026-04-23T11:28:54.067107,100.0,53.5543098449707,400.0
2026-04-23T11:28:56.270323,100.0,53.65548324584961,400.0
2026-04-23T11:28:58.472223,100.0,53.65548324584961,400.0
2026-04-23T11:29:00.677199,100.0,53.70606994628906,400.0
2026-04-23T11:29:02.882465,100.0,53.65548324584961,400.0
2026-04-23T11:29:05.084547,100.0,53.65548324584961,400.0
2026-04-23T11:29:07.286442,100.0,53.65548324584961,400.0
2026-04-23T11:29:09.488381,100.0,53.70606994628906,400.0
2026-04-23T11:29:11.694558,100.0,53.65548324584961,400.0
2026-04-23T11:29:13.896675,100.0,53.604896545410156,400.0
2026-04-23T11:29:16.100248,100.0,53.604896545410156,400.0
2026-04-23T11:29:18.302914,100.0,53.65548324584961,400.0
2026-04-23T11:29:20.504645,100.0,53.604896545410156,400.0
2026-04-23T11:29:22.706619,100.0,53.70606994628906,400.0
2026-04-23T11:29:24.912672,100.0,53.70606994628906,400.0
2026-04-23T11:29:27.116445,100.0,53.70606994628906,400.0
2026-04-23T11:29:29.319920,100.0,53.70606994628906,400.0
2026-04-23T11:29:31.521596,100.0,53.65548324584961,400.0
2026-04-23T11:29:33.725717,100.0,53.604896545410156,400.0
2026-04-23T11:29:35.929449,100.0,53.604896545410156,400.0
2026-04-23T11:29:38.131951,100.0,53.604896545410156,400.0
2026-04-23T11:29:40.336404,100.0,53.65548324584961,400.0
2026-04-23T11:29:42.544995,100.0,53.604896545410156,400.0
2026-04-23T11:29:44.748051,100.0,53.604896545410156,400.0
2026-04-23T11:29:46.950636,100.0,53.50372314453125,400.0
2026-04-23T11:29:49.162067,100.0,53.5543098449707,400.0
2026-04-23T11:29:51.365487,100.0,53.65548324584961,400.0
2026-04-23T11:29:53.568899,100.0,53.70606994628906,400.0
2026-04-23T11:29:55.772019,100.0,53.65548324584961,400.0
2026-04-23T11:29:57.975620,100.0,53.756656646728516,400.0
2026-04-23T11:30:00.178256,100.0,53.65548324584961,400.0
2026-04-23T11:30:02.383154,100.0,53.65548324584961,400.0
2026-04-23T11:30:04.588288,100.0,53.5543098449707,400.0
2026-04-23T11:30:06.790115,100.0,53.65548324584961,400.0
2026-04-23T11:30:08.991664,100.0,53.4531364440918,400.0
2026-04-23T11:30:11.193609,100.0,53.4531364440918,400.0
2026-04-23T11:30:13.399530,100.0,53.50372314453125,400.0
2026-04-23T11:30:15.604709,100.0,53.4531364440918,400.0
2026-04-23T11:30:17.808529,100.0,53.50372314453125,400.0
2026-04-23T11:30:20.013926,100.0,53.4531364440918,400.0
2026-04-23T11:30:22.220370,100.0,53.50372314453125,400.0
2026-04-23T11:30:24.423891,100.0,53.604896545410156,400.0
2026-04-23T11:30:26.625985,100.0,53.5543098449707,400.0
2026-04-23T11:30:28.831936,100.0,53.5543098449707,400.0
2026-04-23T11:30:31.034420,100.0,53.5543098449707,400.0
2026-04-23T11:30:33.238564,100.0,53.5543098449707,400.0
2026-04-23T11:30:35.440138,100.0,53.5543098449707,400.0
2026-04-23T11:30:37.644664,100.0,53.604896545410156,400.0
2026-04-23T11:30:39.848797,100.0,53.50372314453125,400.0
2026-04-23T11:30:42.052709,100.0,53.50372314453125,400.0
2026-04-23T11:30:44.255625,100.0,53.5543098449707,400.0
2026-04-23T11:30:46.459378,100.0,53.50372314453125,400.0
2026-04-23T11:30:48.663315,100.0,53.4531364440918,400.0
2026-04-23T11:30:50.867134,100.0,53.50372314453125,400.0
2026-04-23T11:30:53.069742,100.0,53.50372314453125,400.0
2026-04-23T11:30:55.272901,100.0,53.50372314453125,400.0
2026-04-23T11:30:57.476287,100.0,53.50372314453125,400.0
2026-04-23T11:30:59.682436,100.0,53.50372314453125,400.0
2026-04-23T11:31:01.885640,100.0,53.50372314453125,400.0
2026-04-23T11:31:04.088993,100.0,53.40255355834961,400.0
2026-04-23T11:31:06.292436,100.0,53.50372314453125,400.0
2026-04-23T11:31:08.496944,100.0,53.50372314453125,400.0
2026-04-23T11:31:10.701947,100.0,53.40255355834961,400.0
2026-04-23T11:31:12.903921,100.0,53.40255355834961,400.0
2026-04-23T11:31:15.107166,100.0,53.40255355834961,400.0
2026-04-23T11:31:17.310244,100.0,53.50372314453125,400.0
2026-04-23T11:31:19.513339,100.0,53.50372314453125,400.0
2026-04-23T11:31:21.716759,100.0,53.5543098449707,400.0
2026-04-23T11:31:23.918872,100.0,53.5543098449707,400.0
2026-04-23T11:31:26.122276,100.0,53.50372314453125,400.0
2026-04-23T11:31:28.324173,100.0,53.4531364440918,400.0
2026-04-23T11:31:30.527469,100.0,53.604896545410156,400.0
2026-04-23T11:31:32.731527,100.0,53.5543098449707,400.0
2026-04-23T11:31:34.933883,100.0,53.604896545410156,400.0
2026-04-23T11:31:37.136493,100.0,53.604896545410156,400.0
2026-04-23T11:31:39.340321,100.0,53.5543098449707,400.0
2026-04-23T11:31:41.543643,100.0,53.5543098449707,400.0
2026-04-23T11:31:43.746354,100.0,53.50372314453125,400.0
2026-04-23T11:31:45.948527,100.0,53.5543098449707,400.0
2026-04-23T11:31:48.151890,100.0,53.604896545410156,400.0
2026-04-23T11:31:50.355664,100.0,53.65548324584961,400.0
2026-04-23T11:31:52.557635,100.0,53.65548324584961,400.0
2026-04-23T11:31:54.760856,100.0,53.70606994628906,400.0
2026-04-23T11:31:56.965839,100.0,53.70606994628906,400.0
2026-04-23T11:31:59.167822,100.0,53.70606994628906,400.0
2026-04-23T11:32:01.369832,100.0,53.70606994628906,400.0
2026-04-23T11:32:03.571414,100.0,53.604896545410156,400.0
2026-04-23T11:32:05.775451,100.0,53.65548324584961,400.0
2026-04-23T11:32:07.980402,100.0,53.65548324584961,400.0
2026-04-23T11:32:10.184682,100.0,53.604896545410156,400.0
2026-04-23T11:32:12.388357,100.0,53.5543098449707,400.0
2026-04-23T11:32:14.591814,100.0,53.65548324584961,400.0
2026-04-23T11:32:16.793457,100.0,53.70606994628906,400.0
2026-04-23T11:32:18.995882,100.0,53.70606994628906,400.0
2026-04-23T11:32:21.201831,100.0,53.756656646728516,400.0
2026-04-23T11:32:23.403877,100.0,53.8072395324707,400.0
2026-04-23T11:32:25.606501,100.0,53.604896545410156,400.0
2026-04-23T11:32:27.816215,100.0,53.857826232910156,400.0
2026-04-23T11:32:30.019476,100.0,53.604896545410156,400.0
2026-04-23T11:32:32.221649,100.0,53.70606994628906,400.0
2026-04-23T11:32:34.424501,100.0,53.8072395324707,400.0
2026-04-23T11:32:36.629172,100.0,53.8072395324707,400.0
2026-04-23T11:32:38.831146,100.0,53.756656646728516,400.0
2026-04-23T11:32:41.036215,100.0,53.70606994628906,400.0
2026-04-23T11:32:43.239523,100.0,53.8072395324707,400.0
2026-04-23T11:32:45.442932,100.0,53.756656646728516,400.0
2026-04-23T11:32:47.645354,100.0,53.65548324584961,400.0
2026-04-23T11:32:49.847998,100.0,53.65548324584961,400.0
2026-04-23T11:32:52.052601,100.0,53.65548324584961,400.0
2026-04-23T11:32:54.256547,100.0,53.70606994628906,400.0
2026-04-23T11:32:56.458994,100.0,53.65548324584961,400.0
2026-04-23T11:32:58.660942,100.0,53.756656646728516,400.0
2026-04-23T11:33:00.866011,100.0,53.8072395324707,400.0
2026-04-23T11:33:03.069524,100.0,53.65548324584961,400.0
2026-04-23T11:33:05.271467,100.0,53.70606994628906,400.0
2026-04-23T11:33:07.473822,100.0,53.756656646728516,400.0
2026-04-23T11:33:09.677321,100.0,53.756656646728516,400.0
2026-04-23T11:33:11.879838,100.0,53.756656646728516,400.0
2026-04-23T11:33:14.084189,100.0,53.857826232910156,400.0
2026-04-23T11:33:16.289102,100.0,53.8072395324707,400.0
2026-04-23T11:33:18.491078,100.0,53.8072395324707,400.0
2026-04-23T11:33:20.694791,100.0,53.756656646728516,400.0
2026-04-23T11:33:22.900289,100.0,53.8072395324707,400.0
2026-04-23T11:33:25.103299,100.0,53.857826232910156,400.0
2026-04-23T11:33:27.305718,100.0,53.95899963378906,400.0
2026-04-23T11:33:29.509065,100.0,53.857826232910156,400.0
2026-04-23T11:33:31.713027,100.0,53.90841293334961,400.0
2026-04-23T11:33:33.915427,100.0,53.90841293334961,400.0
2026-04-23T11:33:36.118593,100.0,53.857826232910156,400.0
2026-04-23T11:33:38.322779,100.0,53.857826232910156,400.0
2026-04-23T11:33:40.526882,100.0,53.857826232910156,400.0
2026-04-23T11:33:42.731189,100.0,53.90841293334961,400.0
2026-04-23T11:33:44.934784,100.0,53.857826232910156,400.0
2026-04-23T11:33:47.136427,100.0,53.90841293334961,400.0
2026-04-23T11:33:49.338476,100.0,53.90841293334961,400.0
2026-04-23T11:33:51.540725,100.0,53.95899963378906,400.0
2026-04-23T11:33:53.746765,100.0,54.009586334228516,400.0
2026-04-23T11:33:55.949044,100.0,53.90841293334961,400.0
2026-04-23T11:33:58.152503,100.0,54.009586334228516,400.0
2026-04-23T11:34:00.355213,100.0,54.06017303466797,400.0
2026-04-23T11:34:02.556914,100.0,53.95899963378906,400.0
2026-04-23T11:34:04.760139,100.0,54.009586334228516,400.0
2026-04-23T11:34:06.963305,100.0,54.009586334228516,400.0
2026-04-23T11:34:09.165846,100.0,53.95899963378906,400.0
2026-04-23T11:34:11.367706,100.0,54.009586334228516,400.0
2026-04-23T11:34:13.570336,100.0,53.90841293334961,400.0
2026-04-23T11:34:15.773089,100.0,53.857826232910156,400.0
2026-04-23T11:34:17.975735,100.0,53.95899963378906,400.0
2026-04-23T11:34:20.181197,100.0,54.06017303466797,400.0
2026-04-23T11:34:22.384205,100.0,54.06017303466797,400.0
2026-04-23T11:34:24.587621,100.0,53.95899963378906,400.0
2026-04-23T11:34:26.790720,100.0,53.90841293334961,400.0
2026-04-23T11:34:28.992599,100.0,53.857826232910156,400.0
2026-04-23T11:34:31.196245,100.0,53.857826232910156,400.0
2026-04-23T11:34:33.399085,100.0,53.8072395324707,400.0
2026-04-23T11:34:35.603149,100.0,53.756656646728516,400.0
2026-04-23T11:34:37.806142,100.0,53.756656646728516,400.0
2026-04-23T11:34:40.008878,100.0,53.65548324584961,400.0
2026-04-23T11:34:42.212574,100.0,53.8072395324707,400.0
2026-04-23T11:34:44.415683,100.0,53.756656646728516,400.0
2026-04-23T11:34:46.620564,100.0,53.8072395324707,400.0
2026-04-23T11:34:48.823771,100.0,53.756656646728516,400.0
2026-04-23T11:34:51.026153,100.0,53.70606994628906,400.0
2026-04-23T11:34:53.229895,100.0,53.70606994628906,400.0
2026-04-23T11:34:55.433340,100.0,53.756656646728516,400.0
2026-04-23T11:34:57.635215,100.0,53.70606994628906,400.0
2026-04-23T11:34:59.838041,100.0,53.756656646728516,400.0
2026-04-23T11:35:02.041701,100.0,53.8072395324707,400.0
2026-04-23T11:35:04.244660,100.0,53.8072395324707,400.0
2026-04-23T11:35:06.451159,100.0,53.70606994628906,400.0
2026-04-23T11:35:08.653230,100.0,53.756656646728516,400.0
2026-04-23T11:35:10.855122,100.0,53.756656646728516,400.0
2026-04-23T11:35:13.058125,100.0,53.756656646728516,400.0
2026-04-23T11:35:15.261334,100.0,53.857826232910156,400.0
2026-04-23T11:35:17.464470,100.0,53.756656646728516,400.0
2026-04-23T11:35:19.667380,100.0,53.756656646728516,400.0
2026-04-23T11:35:21.869957,100.0,53.65548324584961,400.0
2026-04-23T11:35:24.073316,100.0,53.65548324584961,400.0
2026-04-23T11:35:26.276057,100.0,53.70606994628906,400.0
2026-04-23T11:35:28.479905,100.0,53.70606994628906,400.0
2026-04-23T11:35:30.683021,100.0,53.70606994628906,400.0
2026-04-23T11:35:32.885356,100.0,53.8072395324707,400.0
2026-04-23T11:35:35.087126,100.0,53.756656646728516,400.0
2026-04-23T11:35:37.288914,100.0,53.65548324584961,400.0
2026-04-23T11:35:39.492147,100.0,53.65548324584961,400.0
2026-04-23T11:35:41.696715,100.0,53.65548324584961,400.0
2026-04-23T11:35:43.900948,100.0,53.65548324584961,400.0
2026-04-23T11:35:46.103572,100.0,53.5543098449707,400.0
2026-04-23T11:35:48.306387,100.0,53.604896545410156,400.0
2026-04-23T11:35:50.512290,100.0,53.604896545410156,400.0
2026-04-23T11:35:52.717090,100.0,53.604896545410156,400.0
2026-04-23T11:35:54.923920,100.0,53.50372314453125,400.0
2026-04-23T11:35:57.126677,100.0,53.5543098449707,400.0
2026-04-23T11:35:59.329736,100.0,53.604896545410156,400.0
2026-04-23T11:36:01.532759,100.0,53.65548324584961,400.0
2026-04-23T11:36:03.737959,100.0,53.65548324584961,400.0
2026-04-23T11:36:05.939869,100.0,53.5543098449707,400.0
2026-04-23T11:36:08.143826,100.0,53.5543098449707,400.0
2026-04-23T11:36:10.348092,100.0,53.604896545410156,400.0
2026-04-23T11:36:12.550928,100.0,53.65548324584961,400.0
2026-04-23T11:36:14.752923,100.0,53.65548324584961,400.0
2026-04-23T11:36:16.954886,100.0,53.604896545410156,400.0
2026-04-23T11:36:19.156511,100.0,53.604896545410156,400.0
2026-04-23T11:36:21.359564,100.0,53.5543098449707,400.0
2026-04-23T11:36:23.563232,100.0,53.604896545410156,400.0
2026-04-23T11:36:25.766863,100.0,53.604896545410156,400.0
2026-04-23T11:36:27.968997,100.0,53.65548324584961,400.0
2026-04-23T11:36:30.172113,100.0,53.65548324584961,400.0
2026-04-23T11:36:32.375879,100.0,53.65548324584961,400.0
2026-04-23T11:36:34.578421,100.0,53.756656646728516,400.0
2026-04-23T11:36:36.780802,100.0,53.70606994628906,400.0
2026-04-23T11:36:38.983178,100.0,53.70606994628906,400.0
2026-04-23T11:36:41.186475,100.0,53.756656646728516,400.0
2026-04-23T11:36:43.388327,100.0,53.70606994628906,400.0
2026-04-23T11:36:45.593582,100.0,53.756656646728516,400.0
2026-04-23T11:36:47.799209,100.0,53.756656646728516,400.0
2026-04-23T11:36:50.002470,100.0,53.756656646728516,400.0
2026-04-23T11:36:52.204679,100.0,53.8072395324707,400.0
2026-04-23T11:36:54.408108,100.0,53.756656646728516,400.0
2026-04-23T11:36:56.611892,100.0,53.756656646728516,400.0
2026-04-23T11:36:58.814008,100.0,53.70606994628906,400.0
2026-04-23T11:37:01.016015,100.0,53.65548324584961,400.0
2026-04-23T11:37:03.219019,100.0,53.65548324584961,400.0
2026-04-23T11:37:05.423160,100.0,53.8072395324707,400.0
2026-04-23T11:37:07.627070,100.0,53.8072395324707,400.0
2026-04-23T11:37:09.830654,100.0,53.8072395324707,400.0
2026-04-23T11:37:12.032705,100.0,53.70606994628906,400.0
2026-04-23T11:37:14.235752,100.0,53.756656646728516,400.0
2026-04-23T11:37:16.437751,100.0,53.857826232910156,400.0
2026-04-23T11:37:18.639688,100.0,53.65548324584961,400.0
2026-04-23T11:37:20.842849,100.0,53.70606994628906,400.0
2026-04-23T11:37:23.047061,100.0,53.65548324584961,400.0
2026-04-23T11:37:25.250925,100.0,53.70606994628906,400.0
2026-04-23T11:37:27.454459,100.0,53.65548324584961,400.0
2026-04-23T11:37:29.655987,100.0,53.65548324584961,400.0
2026-04-23T11:37:31.859082,100.0,53.756656646728516,400.0
2026-04-23T11:37:34.065783,100.0,53.70606994628906,400.0
2026-04-23T11:37:36.267849,100.0,53.65548324584961,400.0
2026-04-23T11:37:38.470975,100.0,53.604896545410156,400.0
2026-04-23T11:37:40.673687,100.0,53.50372314453125,400.0
2026-04-23T11:37:42.876683,100.0,53.5543098449707,400.0
2026-04-23T11:37:45.080834,100.0,53.4531364440918,400.0
2026-04-23T11:37:47.283103,100.0,53.5543098449707,400.0
2026-04-23T11:37:49.485776,100.0,53.40255355834961,400.0
2026-04-23T11:37:51.688041,100.0,53.40255355834961,400.0
2026-04-23T11:37:53.891091,100.0,53.40255355834961,400.0
2026-04-23T11:37:56.095049,100.0,53.40255355834961,400.0
2026-04-23T11:37:58.297266,100.0,53.351966857910156,400.0
2026-04-23T11:38:00.500014,100.0,53.3013801574707,400.0
2026-04-23T11:38:02.703536,100.0,53.3013801574707,400.0
2026-04-23T11:38:04.906685,100.0,53.351966857910156,400.0
2026-04-23T11:38:07.109936,100.0,53.351966857910156,400.0
2026-04-23T11:38:09.314035,100.0,53.3013801574707,400.0
2026-04-23T11:38:11.518639,100.0,53.3013801574707,400.0
2026-04-23T11:38:13.720620,100.0,53.3013801574707,400.0
2026-04-23T11:38:15.925255,100.0,53.351966857910156,400.0
2026-04-23T11:38:18.129016,100.0,53.351966857910156,400.0
2026-04-23T11:38:20.333019,100.0,53.351966857910156,400.0
2026-04-23T11:38:22.536291,100.0,53.3013801574707,400.0
2026-04-23T11:38:24.739077,100.0,53.351966857910156,400.0
2026-04-23T11:38:26.941435,100.0,53.25079345703125,400.0
2026-04-23T11:38:29.144715,100.0,53.2002067565918,400.0
2026-04-23T11:38:31.348283,100.0,53.25079345703125,400.0
2026-04-23T11:38:33.551182,100.0,53.351966857910156,400.0
2026-04-23T11:38:35.753667,100.0,53.3013801574707,400.0
2026-04-23T11:38:37.958497,100.0,53.3013801574707,400.0
2026-04-23T11:38:40.160774,100.0,53.25079345703125,400.0
2026-04-23T11:38:42.363798,100.0,53.40255355834961,400.0
2026-04-23T11:38:44.566253,100.0,53.25079345703125,400.0
2026-04-23T11:38:46.768584,100.0,53.25079345703125,400.0
2026-04-23T11:38:48.970670,100.0,53.2002067565918,400.0
2026-04-23T11:38:51.173859,100.0,53.04844665527344,400.0
2026-04-23T11:38:53.377013,100.0,53.04844665527344,400.0
2026-04-23T11:38:55.580768,100.0,52.99786376953125,400.0
2026-04-23T11:38:57.783301,100.0,52.9472770690918,400.0
2026-04-23T11:38:59.985279,100.0,52.99786376953125,400.0
2026-04-23T11:39:02.188928,100.0,52.9472770690918,400.0
2026-04-23T11:39:04.390806,100.0,53.04844665527344,400.0
2026-04-23T11:39:06.594434,100.0,52.9472770690918,400.0
2026-04-23T11:39:08.800479,100.0,52.9472770690918,400.0
2026-04-23T11:39:11.002579,100.0,52.99786376953125,400.0
2026-04-23T11:39:13.206324,100.0,53.04844665527344,400.0
2026-04-23T11:39:15.410149,100.0,53.04844665527344,400.0
2026-04-23T11:39:17.612514,100.0,53.09903335571289,400.0
2026-04-23T11:39:19.816003,100.0,53.09903335571289,400.0
2026-04-23T11:39:22.020085,100.0,52.99786376953125,400.0
2026-04-23T11:39:24.225091,100.0,53.04844665527344,400.0
2026-04-23T11:39:26.428274,100.0,53.04844665527344,400.0
2026-04-23T11:39:28.631585,100.0,53.04844665527344,400.0
2026-04-23T11:39:30.834249,100.0,53.09903335571289,400.0
2026-04-23T11:39:33.036696,100.0,53.04844665527344,400.0
2026-04-23T11:39:35.239897,100.0,53.04844665527344,400.0
2026-04-23T11:39:37.441455,100.0,53.04844665527344,400.0
2026-04-23T11:39:39.644532,100.0,52.9472770690918,400.0
2026-04-23T11:39:41.847757,100.0,52.99786376953125,400.0
2026-04-23T11:39:44.051050,100.0,52.9472770690918,400.0
2026-04-23T11:39:46.255890,100.0,52.99786376953125,400.0
2026-04-23T11:39:48.458730,100.0,52.9472770690918,400.0
2026-04-23T11:39:50.661726,100.0,52.896690368652344,400.0
2026-04-23T11:39:52.865562,100.0,52.896690368652344,400.0
2026-04-23T11:39:55.069974,100.0,52.9472770690918,400.0
2026-04-23T11:39:57.273087,100.0,52.9472770690918,400.0
2026-04-23T11:39:59.475347,100.0,52.84610366821289,400.0
2026-04-23T11:40:01.679008,100.0,52.84610366821289,400.0
2026-04-23T11:40:03.881829,100.0,52.84610366821289,400.0
2026-04-23T11:40:06.087612,100.0,52.9472770690918,400.0
2026-04-23T11:40:08.289890,100.0,52.99786376953125,400.0
2026-04-23T11:40:10.495429,100.0,52.99786376953125,400.0
2026-04-23T11:40:12.698583,100.0,52.99786376953125,400.0
2026-04-23T11:40:14.900620,100.0,52.9472770690918,400.0
2026-04-23T11:40:17.103980,100.0,52.99786376953125,400.0
2026-04-23T11:40:19.305584,100.0,52.896690368652344,400.0
2026-04-23T11:40:21.507155,100.0,52.896690368652344,400.0
2026-04-23T11:40:23.709423,100.0,52.896690368652344,400.0
2026-04-23T11:40:25.912599,100.0,52.9472770690918,400.0
2026-04-23T11:40:28.118468,100.0,52.896690368652344,400.0
2026-04-23T11:40:30.320852,100.0,52.896690368652344,400.0
2026-04-23T11:40:32.523714,100.0,52.99786376953125,400.0
2026-04-23T11:40:34.727685,100.0,52.9472770690918,400.0
2026-04-23T11:40:36.930127,100.0,52.9472770690918,400.0
2026-04-23T11:40:39.135330,100.0,52.896690368652344,400.0
2026-04-23T11:40:41.338360,100.0,52.9472770690918,400.0
2026-04-23T11:40:43.540330,100.0,52.84610366821289,400.0
2026-04-23T11:40:45.743591,100.0,52.896690368652344,400.0
2026-04-23T11:40:47.946947,100.0,52.896690368652344,400.0
2026-04-23T11:40:50.152517,100.0,52.9472770690918,400.0
2026-04-23T11:40:52.355927,100.0,52.84610366821289,400.0
2026-04-23T11:40:54.557818,100.0,52.84610366821289,400.0
2026-04-23T11:40:56.759397,100.0,52.79551696777344,400.0
2026-04-23T11:40:58.961531,100.0,52.79551696777344,400.0
2026-04-23T11:41:01.166863,100.0,52.84610366821289,400.0
2026-04-23T11:41:03.368870,100.0,52.84610366821289,400.0
2026-04-23T11:41:05.571980,100.0,52.79551696777344,400.0
2026-04-23T11:41:07.773699,100.0,52.896690368652344,400.0
2026-04-23T11:41:09.976660,100.0,52.84610366821289,400.0
2026-04-23T11:41:12.182143,100.0,52.84610366821289,400.0
2026-04-23T11:41:14.385481,100.0,52.896690368652344,400.0
2026-04-23T11:41:16.587291,100.0,52.84610366821289,400.0
2026-04-23T11:41:18.788848,100.0,52.84610366821289,400.0
2026-04-23T11:41:20.992865,100.0,52.896690368652344,400.0
2026-04-23T11:41:23.198485,100.0,52.84610366821289,400.0
2026-04-23T11:41:25.401356,100.0,52.744930267333984,400.0
2026-04-23T11:41:27.604062,100.0,52.79551696777344,400.0
2026-04-23T11:41:29.805675,100.0,52.744930267333984,400.0
2026-04-23T11:41:32.008861,100.0,52.69434356689453,400.0
2026-04-23T11:41:34.213535,100.0,52.744930267333984,400.0
2026-04-23T11:41:36.415960,100.0,52.69434356689453,400.0
2026-04-23T11:41:38.618472,100.0,52.64375686645508,400.0
2026-04-23T11:41:40.821970,100.0,52.69434356689453,400.0
2026-04-23T11:41:43.023542,100.0,52.744930267333984,400.0
2026-04-23T11:41:45.225565,100.0,52.59317398071289,400.0
2026-04-23T11:41:47.431260,100.0,52.69434356689453,400.0
2026-04-23T11:41:49.634404,100.0,52.69434356689453,400.0
2026-04-23T11:41:51.841574,100.0,52.79551696777344,400.0
2026-04-23T11:41:54.045911,100.0,52.69434356689453,400.0
2026-04-23T11:41:56.249007,100.0,52.69434356689453,400.0
2026-04-23T11:41:58.452403,100.0,52.744930267333984,400.0
2026-04-23T11:42:00.656292,100.0,52.69434356689453,400.0
2026-04-23T11:42:02.858917,100.0,52.744930267333984,400.0
2026-04-23T11:42:05.062096,100.0,52.69434356689453,400.0
2026-04-23T11:42:07.266854,100.0,52.69434356689453,400.0
2026-04-23T11:42:09.468769,100.0,52.744930267333984,400.0
2026-04-23T11:42:11.675718,100.0,52.69434356689453,400.0
2026-04-23T11:42:13.878820,100.0,52.744930267333984,400.0
2026-04-23T11:42:16.081904,100.0,52.79551696777344,400.0
2026-04-23T11:42:18.286201,100.0,52.744930267333984,400.0
2026-04-23T11:42:20.489951,100.0,52.744930267333984,400.0
2026-04-23T11:42:22.692299,100.0,52.84610366821289,400.0
2026-04-23T11:42:24.897765,100.0,52.79551696777344,400.0
2026-04-23T11:42:27.101502,100.0,52.896690368652344,400.0
2026-04-23T11:42:29.305304,100.0,52.84610366821289,400.0
2026-04-23T11:42:31.509034,100.0,52.896690368652344,400.0
2026-04-23T11:42:33.713174,100.0,52.84610366821289,400.0
2026-04-23T11:42:35.915202,100.0,52.896690368652344,400.0
2026-04-23T11:42:38.118114,100.0,52.84610366821289,400.0
2026-04-23T11:42:40.320258,100.0,52.896690368652344,400.0
2026-04-23T11:42:42.522600,100.0,52.9472770690918,400.0
2026-04-23T11:42:44.724998,100.0,52.896690368652344,400.0
2026-04-23T11:42:46.928498,100.0,52.99786376953125,400.0
2026-04-23T11:42:49.132877,100.0,52.84610366821289,400.0
2026-04-23T11:42:51.336338,100.0,52.84610366821289,400.0
2026-04-23T11:42:53.538524,100.0,52.896690368652344,400.0
2026-04-23T11:42:55.740023,100.0,52.84610366821289,400.0
2026-04-23T11:42:57.941986,100.0,52.896690368652344,400.0
2026-04-23T11:43:00.144586,100.0,52.9472770690918,400.0
2026-04-23T11:43:02.349301,100.0,52.84610366821289,400.0
2026-04-23T11:43:04.556032,100.0,52.896690368652344,400.0
2026-04-23T11:43:06.758070,100.0,52.896690368652344,400.0
2026-04-23T11:43:08.961957,100.0,52.896690368652344,400.0
2026-04-23T11:43:11.165592,100.0,52.9472770690918,400.0
2026-04-23T11:43:13.369890,100.0,52.9472770690918,400.0
2026-04-23T11:43:15.572935,100.0,52.896690368652344,400.0
2026-04-23T11:43:17.774664,100.0,52.9472770690918,400.0
2026-04-23T11:43:19.976808,100.0,52.99786376953125,400.0
2026-04-23T11:43:22.180715,100.0,52.99786376953125,400.0
2026-04-23T11:43:24.384068,100.0,52.896690368652344,400.0
2026-04-23T11:43:26.587550,100.0,52.9472770690918,400.0
2026-04-23T11:43:28.791326,100.0,52.99786376953125,400.0
2026-04-23T11:43:30.994429,100.0,52.9472770690918,400.0
2026-04-23T11:43:33.198815,100.0,52.9472770690918,400.0
2026-04-23T11:43:35.403392,100.0,53.04844665527344,400.0
2026-04-23T11:43:37.605540,100.0,53.04844665527344,400.0
2026-04-23T11:43:39.808723,100.0,52.9472770690918,400.0
2026-04-23T11:43:42.011723,100.0,53.04844665527344,400.0
2026-04-23T11:43:44.215437,100.0,53.149620056152344,400.0
2026-04-23T11:43:46.419061,100.0,53.04844665527344,400.0
2026-04-23T11:43:48.622881,100.0,52.99786376953125,400.0
2026-04-23T11:43:50.824473,100.0,52.99786376953125,400.0
2026-04-23T11:43:53.028082,100.0,52.9472770690918,400.0
2026-04-23T11:43:55.230747,100.0,52.9472770690918,400.0
2026-04-23T11:43:57.434881,100.0,52.9472770690918,400.0
2026-04-23T11:43:59.640112,100.0,53.04844665527344,400.0
2026-04-23T11:44:01.842849,100.0,52.99786376953125,400.0
2026-04-23T11:44:04.045752,100.0,53.04844665527344,400.0
2026-04-23T11:44:06.248195,100.0,52.99786376953125,400.0
2026-04-23T11:44:08.452160,100.0,52.9472770690918,400.0
2026-04-23T11:44:10.657154,100.0,53.09903335571289,400.0
2026-04-23T11:44:12.860372,100.0,53.149620056152344,400.0
2026-04-23T11:44:15.064297,100.0,53.09903335571289,400.0
2026-04-23T11:44:17.267541,100.0,53.09903335571289,400.0
2026-04-23T11:44:19.470253,100.0,53.149620056152344,400.0
2026-04-23T11:44:21.673818,100.0,53.2002067565918,400.0
2026-04-23T11:44:23.876792,100.0,53.2002067565918,400.0
2026-04-23T11:44:26.079423,100.0,53.25079345703125,400.0
2026-04-23T11:44:28.282819,100.0,53.2002067565918,400.0
2026-04-23T11:44:30.493462,100.0,53.2002067565918,400.0
2026-04-23T11:44:32.698667,100.0,53.3013801574707,400.0
2026-04-23T11:44:34.900610,100.0,53.2002067565918,400.0
2026-04-23T11:44:37.103403,100.0,53.149620056152344,400.0
2026-04-23T11:44:39.305942,100.0,53.149620056152344,400.0
2026-04-23T11:44:41.508017,100.0,53.2002067565918,400.0
2026-04-23T11:44:43.715832,100.0,53.25079345703125,400.0
2026-04-23T11:44:45.918066,100.0,53.2002067565918,400.0
2026-04-23T11:44:48.121699,100.0,53.2002067565918,400.0
2026-04-23T11:44:50.326069,100.0,53.149620056152344,400.0
2026-04-23T11:44:52.528993,100.0,53.149620056152344,400.0
2026-04-23T11:44:54.732616,100.0,53.2002067565918,400.0
2026-04-23T11:44:56.941443,100.0,53.149620056152344,400.0
2026-04-23T11:44:59.144954,100.0,53.2002067565918,400.0
2026-04-23T11:45:01.347923,100.0,53.25079345703125,400.0
2026-04-23T11:45:03.551568,100.0,53.2002067565918,400.0
2026-04-23T11:45:05.754866,100.0,53.2002067565918,400.0
2026-04-23T11:45:07.960225,100.0,53.2002067565918,400.0
2026-04-23T11:45:10.163607,100.0,53.149620056152344,400.0
2026-04-23T11:45:12.365599,100.0,53.149620056152344,400.0
2026-04-23T11:45:14.567701,100.0,53.25079345703125,400.0
2026-04-23T11:45:16.770493,100.0,53.25079345703125,400.0
2026-04-23T11:45:18.972660,100.0,53.2002067565918,400.0
2026-04-23T11:45:21.175279,100.0,53.2002067565918,400.0
2026-04-23T11:45:23.379447,100.0,53.2002067565918,400.0
2026-04-23T11:45:25.582132,100.0,53.09903335571289,400.0
2026-04-23T11:45:27.785470,100.0,53.09903335571289,400.0
2026-04-23T11:45:29.987142,100.0,53.2002067565918,400.0
2026-04-23T11:45:32.189688,100.0,53.04844665527344,400.0
2026-04-23T11:45:34.392501,100.0,53.09903335571289,400.0
2026-04-23T11:45:36.596710,100.0,53.04844665527344,400.0
2026-04-23T11:45:38.809956,100.0,53.09903335571289,400.0
2026-04-23T11:45:41.013045,100.0,53.09903335571289,400.0
2026-04-23T11:45:43.216925,100.0,53.149620056152344,400.0
2026-04-23T11:45:45.420103,100.0,53.04844665527344,400.0
2026-04-23T11:45:47.626041,100.0,52.99786376953125,400.0
2026-04-23T11:45:49.828633,100.0,53.09903335571289,400.0
2026-04-23T11:45:52.032449,100.0,53.149620056152344,400.0
2026-04-23T11:45:54.235319,100.0,53.149620056152344,400.0
2026-04-23T11:45:56.438285,100.0,53.149620056152344,400.0
2026-04-23T11:45:58.640520,100.0,53.09903335571289,400.0
2026-04-23T11:46:00.843483,100.0,53.09903335571289,400.0
2026-04-23T11:46:03.053600,100.0,53.04844665527344,400.0
2026-04-23T11:46:05.255483,100.0,53.09903335571289,400.0
2026-04-23T11:46:07.458939,100.0,53.149620056152344,400.0
2026-04-23T11:46:09.662821,100.0,53.149620056152344,400.0
2026-04-23T11:46:11.865169,100.0,53.149620056152344,400.0
2026-04-23T11:46:14.070216,100.0,53.2002067565918,400.0
2026-04-23T11:46:16.273252,100.0,53.149620056152344,400.0
2026-04-23T11:46:18.476868,100.0,53.2002067565918,400.0
2026-04-23T11:46:20.683952,100.0,53.09903335571289,400.0
2026-04-23T11:46:22.887026,100.0,53.2002067565918,400.0
2026-04-23T11:46:25.088599,100.0,53.04844665527344,400.0
2026-04-23T11:46:27.291003,100.0,52.99786376953125,400.0
2026-04-23T11:46:29.494660,100.0,53.04844665527344,400.0
2026-04-23T11:46:31.697279,100.0,53.09903335571289,400.0
2026-04-23T11:46:33.902504,100.0,53.2002067565918,400.0
2026-04-23T11:46:36.104646,100.0,53.149620056152344,400.0
2026-04-23T11:46:38.307624,100.0,53.2002067565918,400.0
2026-04-23T11:46:40.511007,100.0,53.149620056152344,400.0
2026-04-23T11:46:42.712954,100.0,53.149620056152344,400.0
2026-04-23T11:46:44.915244,100.0,53.149620056152344,400.0
2026-04-23T11:46:47.118837,100.0,53.149620056152344,400.0
2026-04-23T11:46:49.321745,100.0,53.09903335571289,400.0
2026-04-23T11:46:51.524793,100.0,53.09903335571289,400.0
2026-04-23T11:46:53.727843,100.0,53.149620056152344,400.0
2026-04-23T11:46:55.930127,100.0,53.09903335571289,400.0
2026-04-23T11:46:58.134821,100.0,53.09903335571289,400.0
2026-04-23T11:47:00.337758,100.0,53.2002067565918,400.0
2026-04-23T11:47:02.539590,100.0,53.149620056152344,400.0
2026-04-23T11:47:04.742036,100.0,53.149620056152344,400.0
2026-04-23T11:47:06.945290,100.0,53.09903335571289,400.0
2026-04-23T11:47:09.148332,100.0,53.04844665527344,400.0
2026-04-23T11:47:11.352062,100.0,52.9472770690918,400.0
2026-04-23T11:47:13.555717,100.0,52.9472770690918,400.0
2026-04-23T11:47:15.762864,100.0,52.99786376953125,400.0
2026-04-23T11:47:17.965639,100.0,53.04844665527344,400.0
2026-04-23T11:47:20.167882,100.0,52.99786376953125,400.0
2026-04-23T11:47:22.370300,100.0,53.09903335571289,400.0
2026-04-23T11:47:24.575666,100.0,53.09903335571289,400.0
2026-04-23T11:47:26.779881,100.0,53.2002067565918,400.0
2026-04-23T11:47:28.983065,100.0,53.25079345703125,400.0
2026-04-23T11:47:31.186973,100.0,53.2002067565918,400.0
2026-04-23T11:47:33.390577,100.0,53.2002067565918,400.0
2026-04-23T11:47:35.596143,100.0,53.2002067565918,400.0
2026-04-23T11:47:37.800251,100.0,53.3013801574707,400.0
2026-04-23T11:47:40.005585,100.0,53.25079345703125,400.0
2026-04-23T11:47:42.207137,100.0,53.3013801574707,400.0
2026-04-23T11:47:44.409875,100.0,53.3013801574707,400.0
2026-04-23T11:47:46.612275,100.0,53.3013801574707,400.0
2026-04-23T11:47:48.816627,100.0,53.351966857910156,400.0
2026-04-23T11:47:51.019661,100.0,53.4531364440918,400.0
2026-04-23T11:47:53.222560,100.0,53.40255355834961,400.0
2026-04-23T11:47:55.429013,100.0,53.3013801574707,400.0
2026-04-23T11:47:57.631950,100.0,53.40255355834961,400.0
2026-04-23T11:47:59.835794,100.0,53.351966857910156,400.0
2026-04-23T11:48:02.039131,100.0,53.3013801574707,400.0
2026-04-23T11:48:04.242528,100.0,53.3013801574707,400.0
2026-04-23T11:48:06.446157,100.0,53.3013801574707,400.0
2026-04-23T11:48:08.649074,100.0,53.25079345703125,400.0
2026-04-23T11:48:10.853184,100.0,53.25079345703125,400.0
2026-04-23T11:48:13.055176,100.0,53.2002067565918,400.0
2026-04-23T11:48:15.258387,100.0,53.25079345703125,400.0
2026-04-23T11:48:17.460727,100.0,53.2002067565918,400.0
2026-04-23T11:48:19.665727,100.0,53.25079345703125,400.0
2026-04-23T11:48:21.870977,100.0,53.351966857910156,400.0
2026-04-23T11:48:24.074888,100.0,53.2002067565918,400.0
2026-04-23T11:48:26.280286,100.0,53.2002067565918,400.0
2026-04-23T11:48:28.483239,100.0,53.149620056152344,400.0
2026-04-23T11:48:30.686620,100.0,53.2002067565918,400.0
2026-04-23T11:48:32.889011,100.0,53.09903335571289,400.0
2026-04-23T11:48:35.090839,100.0,53.149620056152344,400.0
2026-04-23T11:48:37.296847,100.0,53.149620056152344,400.0
2026-04-23T11:48:39.501013,100.0,53.04844665527344,400.0
2026-04-23T11:48:41.710501,100.0,53.04844665527344,400.0
2026-04-23T11:48:43.915035,100.0,52.9472770690918,400.0
2026-04-23T11:48:46.120751,100.0,52.9472770690918,400.0
2026-04-23T11:48:48.324525,100.0,52.99786376953125,400.0
2026-04-23T11:48:50.529257,100.0,52.99786376953125,400.0
2026-04-23T11:48:52.733181,100.0,52.99786376953125,400.0
2026-04-23T11:48:54.937305,100.0,52.84610366821289,400.0
2026-04-23T11:48:57.140176,100.0,52.9472770690918,400.0
2026-04-23T11:48:59.342508,100.0,52.9472770690918,400.0
2026-04-23T11:49:01.546810,100.0,52.896690368652344,400.0
2026-04-23T11:49:03.749175,100.0,52.9472770690918,400.0
2026-04-23T11:49:05.951022,100.0,52.896690368652344,400.0
2026-04-23T11:49:08.153139,100.0,53.04844665527344,400.0
2026-04-23T11:49:10.355146,100.0,53.09903335571289,400.0
2026-04-23T11:49:12.558343,100.0,53.09903335571289,400.0
2026-04-23T11:49:14.761860,100.0,53.149620056152344,400.0
2026-04-23T11:49:16.964171,100.0,53.149620056152344,400.0
2026-04-23T11:49:19.176717,100.0,53.2002067565918,400.0
2026-04-23T11:49:21.380226,100.0,53.2002067565918,400.0
2026-04-23T11:49:23.583048,100.0,53.149620056152344,400.0
2026-04-23T11:49:25.784992,100.0,53.149620056152344,400.0
2026-04-23T11:49:27.987130,100.0,53.2002067565918,400.0
2026-04-23T11:49:30.190298,100.0,53.2002067565918,400.0
2026-04-23T11:49:32.392294,100.0,53.09903335571289,400.0
2026-04-23T11:49:34.596003,100.0,53.149620056152344,400.0
2026-04-23T11:49:36.799090,100.0,53.149620056152344,400.0
2026-04-23T11:49:39.006224,100.0,53.2002067565918,400.0
2026-04-23T11:49:41.208136,100.0,53.2002067565918,400.0
2026-04-23T11:49:43.413700,100.0,53.351966857910156,400.0
2026-04-23T11:49:45.616952,100.0,53.40255355834961,400.0
2026-04-23T11:49:47.819865,100.0,53.40255355834961,400.0
2026-04-23T11:49:50.023678,100.0,53.4531364440918,400.0
2026-04-23T11:49:52.225340,100.0,53.4531364440918,400.0
2026-04-23T11:49:54.430299,100.0,53.5543098449707,400.0
2026-04-23T11:49:56.632557,100.0,53.65548324584961,400.0
2026-04-23T11:49:58.835018,100.0,53.5543098449707,400.0
2026-04-23T11:50:01.036476,100.0,53.5543098449707,400.0
2026-04-23T11:50:03.238423,100.0,53.5543098449707,400.0
2026-04-23T11:50:05.441681,100.0,53.604896545410156,400.0
2026-04-23T11:50:07.646554,100.0,53.5543098449707,400.0
2026-04-23T11:50:09.853696,100.0,53.5543098449707,400.0
2026-04-23T11:50:12.057807,100.0,53.4531364440918,400.0
2026-04-23T11:50:14.260431,100.0,53.5543098449707,400.0
2026-04-23T11:50:16.463807,100.0,53.50372314453125,400.0
2026-04-23T11:50:18.665801,100.0,53.4531364440918,400.0
2026-04-23T11:50:20.867845,100.0,53.50372314453125,400.0
2026-04-23T11:50:23.070121,100.0,53.604896545410156,400.0
2026-04-23T11:50:25.271890,100.0,53.5543098449707,400.0
2026-04-23T11:50:27.475366,100.0,53.50372314453125,400.0
2026-04-23T11:50:29.678721,100.0,53.5543098449707,400.0
2026-04-23T11:50:31.882157,100.0,53.5543098449707,400.0
2026-04-23T11:50:34.087970,100.0,53.5543098449707,400.0
2026-04-23T11:50:36.293019,100.0,53.5543098449707,400.0
2026-04-23T11:50:38.497523,100.0,53.4531364440918,400.0
2026-04-23T11:50:40.699908,100.0,53.604896545410156,400.0
2026-04-23T11:50:42.903339,100.0,53.50372314453125,400.0
2026-04-23T11:50:45.105280,100.0,53.50372314453125,400.0
2026-04-23T11:50:47.307496,100.0,53.4531364440918,400.0
2026-04-23T11:50:49.510513,100.0,53.50372314453125,400.0
2026-04-23T11:50:51.714980,100.0,53.4531364440918,400.0
2026-04-23T11:50:53.918584,100.0,53.4531364440918,400.0
2026-04-23T11:50:56.120668,100.0,53.4531364440918,400.0
2026-04-23T11:50:58.323806,100.0,53.351966857910156,400.0
2026-04-23T11:51:00.527763,100.0,53.40255355834961,400.0
2026-04-23T11:51:02.730321,100.0,53.40255355834961,400.0
2026-04-23T11:51:04.932793,100.0,53.351966857910156,400.0
2026-04-23T11:51:07.136052,100.0,53.351966857910156,400.0
2026-04-23T11:51:09.339165,100.0,53.351966857910156,400.0
2026-04-23T11:51:11.542081,100.0,53.40255355834961,400.0
2026-04-23T11:51:13.745442,100.0,53.4531364440918,400.0
2026-04-23T11:51:15.948588,100.0,53.3013801574707,400.0
2026-04-23T11:51:18.152788,100.0,53.25079345703125,400.0
2026-04-23T11:51:20.354383,100.0,53.3013801574707,400.0
2026-04-23T11:51:22.555949,100.0,53.351966857910156,400.0
2026-04-23T11:51:24.757775,100.0,53.351966857910156,400.0
2026-04-23T11:51:26.962054,100.0,53.2002067565918,400.0
2026-04-23T11:51:29.165989,100.0,53.149620056152344,400.0
2026-04-23T11:51:31.369566,100.0,53.2002067565918,400.0
2026-04-23T11:51:33.572632,100.0,53.09903335571289,400.0
2026-04-23T11:51:35.776794,100.0,53.04844665527344,400.0
2026-04-23T11:51:37.979663,100.0,53.09903335571289,400.0
2026-04-23T11:51:40.183544,100.0,53.149620056152344,400.0
2026-04-23T11:51:42.388135,100.0,53.149620056152344,400.0
2026-04-23T11:51:44.591046,100.0,53.149620056152344,400.0
2026-04-23T11:51:46.805417,100.0,53.2002067565918,400.0
2026-04-23T11:51:49.007845,100.0,53.04844665527344,400.0
2026-04-23T11:51:51.212381,100.0,53.09903335571289,400.0
2026-04-23T11:51:53.414649,100.0,53.2002067565918,400.0
2026-04-23T11:51:55.618315,100.0,53.149620056152344,400.0
2026-04-23T11:51:57.820405,100.0,53.149620056152344,400.0
2026-04-23T11:52:00.023167,100.0,53.09903335571289,400.0
2026-04-23T11:52:02.227594,100.0,53.09903335571289,400.0
2026-04-23T11:52:04.430671,100.0,53.09903335571289,400.0
2026-04-23T11:52:06.633825,100.0,53.09903335571289,400.0
2026-04-23T11:52:08.837092,100.0,53.149620056152344,400.0
2026-04-23T11:52:11.041605,100.0,53.149620056152344,400.0
2026-04-23T11:52:13.244407,100.0,53.149620056152344,400.0
2026-04-23T11:52:15.451127,100.0,53.25079345703125,400.0
2026-04-23T11:52:17.652613,100.0,53.2002067565918,400.0
2026-04-23T11:52:19.855788,100.0,53.25079345703125,400.0
2026-04-23T11:52:22.063660,100.0,53.2002067565918,400.0
2026-04-23T11:52:24.267530,100.0,53.149620056152344,400.0
2026-04-23T11:52:26.469188,100.0,53.149620056152344,400.0
2026-04-23T11:52:28.672450,100.0,53.09903335571289,400.0
2026-04-23T11:52:30.874503,100.0,53.09903335571289,400.0
2026-04-23T11:52:33.077799,100.0,53.149620056152344,400.0
2026-04-23T11:52:35.279920,100.0,53.09903335571289,400.0
2026-04-23T11:52:37.483152,100.0,53.149620056152344,400.0
2026-04-23T11:52:39.686731,100.0,53.149620056152344,400.0
2026-04-23T11:52:41.888209,100.0,53.149620056152344,400.0
2026-04-23T11:52:44.092767,100.0,53.04844665527344,400.0
2026-04-23T11:52:46.295866,100.0,52.99786376953125,400.0
2026-04-23T11:52:48.499864,100.0,53.04844665527344,400.0
2026-04-23T11:52:50.702972,100.0,52.99786376953125,400.0
2026-04-23T11:52:52.907070,100.0,52.99786376953125,400.0
2026-04-23T11:52:55.111160,100.0,52.9472770690918,400.0
2026-04-23T11:52:57.314839,100.0,52.9472770690918,400.0
2026-04-23T11:52:59.516855,100.0,52.99786376953125,400.0
2026-04-23T11:53:01.718884,100.0,52.9472770690918,400.0
2026-04-23T11:53:03.920474,100.0,52.99786376953125,400.0
2026-04-23T11:53:06.123220,100.0,52.9472770690918,400.0
2026-04-23T11:53:08.326643,100.0,52.896690368652344,400.0
2026-04-23T11:53:10.529015,100.0,52.9472770690918,400.0
2026-04-23T11:53:12.732067,100.0,53.09903335571289,400.0
2026-04-23T11:53:14.934970,100.0,52.99786376953125,400.0
2026-04-23T11:53:17.138155,100.0,53.09903335571289,400.0
2026-04-23T11:53:19.341143,100.0,53.09903335571289,400.0
2026-04-23T11:53:21.544252,100.0,52.99786376953125,400.0
2026-04-23T11:53:23.748393,100.0,53.04844665527344,400.0
2026-04-23T11:53:25.951803,100.0,53.04844665527344,400.0
2026-04-23T11:53:28.154669,100.0,52.99786376953125,400.0
2026-04-23T11:53:30.356457,100.0,53.04844665527344,400.0
2026-04-23T11:53:32.559134,100.0,52.896690368652344,400.0
2026-04-23T11:53:34.761287,100.0,52.99786376953125,400.0
2026-04-23T11:53:36.964365,100.0,53.04844665527344,400.0
2026-04-23T11:53:39.168127,100.0,53.09903335571289,400.0
2026-04-23T11:53:41.370719,100.0,52.9472770690918,400.0
2026-04-23T11:53:43.572393,100.0,52.99786376953125,400.0
2026-04-23T11:53:45.777885,100.0,52.896690368652344,400.0
2026-04-23T11:53:47.980025,100.0,52.896690368652344,400.0
2026-04-23T11:53:50.182788,100.0,52.99786376953125,400.0
2026-04-23T11:53:52.386412,100.0,53.09903335571289,400.0
2026-04-23T11:53:54.587986,100.0,52.9472770690918,400.0
2026-04-23T11:53:56.789790,100.0,53.04844665527344,400.0
2026-04-23T11:53:58.992457,100.0,52.99786376953125,400.0
2026-04-23T11:54:01.198559,100.0,52.99786376953125,400.0
2026-04-23T11:54:03.402284,100.0,52.99786376953125,400.0
2026-04-23T11:54:05.604491,100.0,52.99786376953125,400.0
2026-04-23T11:54:07.807276,100.0,52.99786376953125,400.0
2026-04-23T11:54:10.011357,100.0,53.09903335571289,400.0
2026-04-23T11:54:12.214156,100.0,53.04844665527344,400.0
2026-04-23T11:54:14.416282,100.0,53.149620056152344,400.0
2026-04-23T11:54:16.618634,100.0,53.09903335571289,400.0
2026-04-23T11:54:18.820546,100.0,53.09903335571289,400.0
2026-04-23T11:54:21.024506,100.0,53.09903335571289,400.0
2026-04-23T11:54:23.227114,100.0,53.09903335571289,400.0
2026-04-23T11:54:25.431604,100.0,53.04844665527344,400.0
2026-04-23T11:54:27.635038,100.0,52.99786376953125,400.0
2026-04-23T11:54:29.838335,100.0,53.09903335571289,400.0
2026-04-23T11:54:32.040717,100.0,53.09903335571289,400.0
2026-04-23T11:54:34.244007,100.0,53.149620056152344,400.0
2026-04-23T11:54:36.446415,100.0,53.09903335571289,400.0
2026-04-23T11:54:38.649809,100.0,53.09903335571289,400.0
2026-04-23T11:54:40.854422,100.0,53.09903335571289,400.0
2026-04-23T11:54:43.057715,100.0,53.149620056152344,400.0
2026-04-23T11:54:45.263018,100.0,53.09903335571289,400.0
2026-04-23T11:54:47.465662,100.0,53.04844665527344,400.0
2026-04-23T11:54:49.670186,100.0,53.04844665527344,400.0
2026-04-23T11:54:51.872056,100.0,53.04844665527344,400.0
2026-04-23T11:54:54.075960,100.0,53.09903335571289,400.0
2026-04-23T11:54:56.278220,100.0,53.2002067565918,400.0
2026-04-23T11:54:58.480984,100.0,53.2002067565918,400.0
2026-04-23T11:55:00.685007,100.0,53.2002067565918,400.0
2026-04-23T11:55:02.888815,100.0,53.2002067565918,400.0
2026-04-23T11:55:05.091752,100.0,53.149620056152344,400.0
2026-04-23T11:55:07.296030,100.0,53.04844665527344,400.0
2026-04-23T11:55:09.498529,100.0,53.2002067565918,400.0
2026-04-23T11:55:11.712418,100.0,53.09903335571289,400.0
2026-04-23T11:55:13.915668,100.0,52.99786376953125,400.0
2026-04-23T11:55:16.118552,100.0,52.99786376953125,400.0
2026-04-23T11:55:18.321750,100.0,52.896690368652344,400.0
2026-04-23T11:55:20.523380,100.0,52.896690368652344,400.0
2026-04-23T11:55:22.727721,100.0,52.9472770690918,400.0
2026-04-23T11:55:24.930372,100.0,52.99786376953125,400.0
2026-04-23T11:55:27.132607,100.0,52.9472770690918,400.0
2026-04-23T11:55:29.336491,100.0,52.9472770690918,400.0
2026-04-23T11:55:31.541211,100.0,52.896690368652344,400.0
2026-04-23T11:55:33.743257,100.0,52.9472770690918,400.0
2026-04-23T11:55:35.946034,100.0,52.896690368652344,400.0
2026-04-23T11:55:38.151020,100.0,52.9472770690918,400.0
2026-04-23T11:55:40.354626,100.0,52.99786376953125,400.0
2026-04-23T11:55:42.556751,100.0,52.896690368652344,400.0
2026-04-23T11:55:44.759483,100.0,52.896690368652344,400.0
2026-04-23T11:55:46.965817,100.0,52.896690368652344,400.0
2026-04-23T11:55:49.169604,100.0,52.84610366821289,400.0
2026-04-23T11:55:51.371854,100.0,52.9472770690918,400.0
2026-04-23T11:55:53.574563,100.0,52.896690368652344,400.0
2026-04-23T11:55:55.776932,100.0,52.79551696777344,400.0
2026-04-23T11:55:57.981272,100.0,52.896690368652344,400.0
2026-04-23T11:56:00.187625,100.0,52.896690368652344,400.0
2026-04-23T11:56:02.394148,100.0,52.896690368652344,400.0
2026-04-23T11:56:04.598413,100.0,52.9472770690918,400.0
2026-04-23T11:56:06.800158,100.0,52.896690368652344,400.0
2026-04-23T11:56:09.005990,100.0,52.84610366821289,400.0
2026-04-23T11:56:11.211780,100.0,52.84610366821289,400.0
2026-04-23T11:56:13.416006,100.0,52.79551696777344,400.0
2026-04-23T11:56:15.618977,100.0,52.79551696777344,400.0
2026-04-23T11:56:17.822709,100.0,52.79551696777344,400.0
2026-04-23T11:56:20.026616,100.0,52.84610366821289,400.0
2026-04-23T11:56:22.229808,100.0,52.84610366821289,400.0
2026-04-23T11:56:24.432896,100.0,52.84610366821289,400.0
2026-04-23T11:56:26.635375,100.0,52.69434356689453,400.0
2026-04-23T11:56:28.838571,100.0,52.79551696777344,400.0
2026-04-23T11:56:31.040877,100.0,52.79551696777344,400.0
2026-04-23T11:56:33.250413,100.0,52.744930267333984,400.0
2026-04-23T11:56:35.454569,100.0,52.69434356689453,400.0
2026-04-23T11:56:37.658397,100.0,52.744930267333984,400.0
2026-04-23T11:56:39.863057,100.0,52.744930267333984,400.0
2026-04-23T11:56:42.065421,100.0,52.84610366821289,400.0
2026-04-23T11:56:44.267266,100.0,52.69434356689453,400.0
2026-04-23T11:56:46.470216,100.0,52.69434356689453,400.0
2026-04-23T11:56:48.675372,100.0,52.79551696777344,400.0
2026-04-23T11:56:50.878345,100.0,52.69434356689453,400.0
2026-04-23T11:56:53.082442,100.0,52.744930267333984,400.0
2026-04-23T11:56:55.284538,100.0,52.69434356689453,400.0
2026-04-23T11:56:57.486451,100.0,52.744930267333984,400.0
2026-04-23T11:56:59.689771,100.0,52.79551696777344,400.0
2026-04-23T11:57:01.892309,100.0,52.744930267333984,400.0
2026-04-23T11:57:04.095732,100.0,52.69434356689453,400.0
2026-04-23T11:57:06.298876,100.0,52.69434356689453,400.0
2026-04-23T11:57:08.502528,100.0,52.59317398071289,400.0
2026-04-23T11:57:10.704772,100.0,52.744930267333984,400.0
2026-04-23T11:57:12.908548,100.0,52.59317398071289,400.0
2026-04-23T11:57:15.112112,100.0,52.744930267333984,400.0
2026-04-23T11:57:17.315714,100.0,52.69434356689453,400.0
2026-04-23T11:57:19.517883,100.0,52.64375686645508,400.0
2026-04-23T11:57:21.720715,100.0,52.744930267333984,400.0
2026-04-23T11:57:23.923264,100.0,52.64375686645508,400.0
2026-04-23T11:57:26.126770,100.0,52.64375686645508,400.0
2026-04-23T11:57:28.329496,100.0,52.69434356689453,400.0
2026-04-23T11:57:30.535625,100.0,52.69434356689453,400.0
2026-04-23T11:57:32.737777,100.0,52.744930267333984,400.0
2026-04-23T11:57:34.941080,100.0,52.59317398071289,400.0
2026-04-23T11:57:37.144221,100.0,52.64375686645508,400.0
2026-04-23T11:57:39.347418,100.0,52.64375686645508,400.0
2026-04-23T11:57:41.549420,100.0,52.59317398071289,400.0
2026-04-23T11:57:43.751817,100.0,52.59317398071289,400.0
2026-04-23T11:57:45.955054,100.0,52.64375686645508,400.0
2026-04-23T11:57:48.158481,100.0,52.59317398071289,400.0
2026-04-23T11:57:50.360635,100.0,52.54258728027344,400.0
2026-04-23T11:57:52.563440,100.0,52.59317398071289,400.0
2026-04-23T11:57:54.766678,100.0,52.54258728027344,400.0
2026-04-23T11:57:56.968508,100.0,52.54258728027344,400.0
2026-04-23T11:57:59.173026,100.0,52.54258728027344,400.0
2026-04-23T11:58:01.379053,100.0,52.54258728027344,400.0
2026-04-23T11:58:03.581006,100.0,52.59317398071289,400.0
2026-04-23T11:58:05.794421,100.0,52.64375686645508,400.0
2026-04-23T11:58:07.997842,100.0,52.64375686645508,400.0
2026-04-23T11:58:10.200924,100.0,52.79551696777344,400.0
2026-04-23T11:58:12.407260,100.0,52.79551696777344,400.0
2026-04-23T11:58:14.609835,100.0,52.79551696777344,400.0
2026-04-23T11:58:16.813035,100.0,52.744930267333984,400.0
2026-04-23T11:58:19.016503,100.0,52.744930267333984,400.0
2026-04-23T11:58:21.219426,100.0,52.69434356689453,400.0
2026-04-23T11:58:23.421369,100.0,52.69434356689453,400.0
2026-04-23T11:58:25.624064,100.0,52.69434356689453,400.0
2026-04-23T11:58:27.830472,100.0,52.744930267333984,400.0
2026-04-23T11:58:30.033162,100.0,52.79551696777344,400.0
2026-04-23T11:58:32.238144,100.0,52.84610366821289,400.0
2026-04-23T11:58:34.440345,100.0,52.84610366821289,400.0
2026-04-23T11:58:36.643394,100.0,52.84610366821289,400.0
2026-04-23T11:58:38.847692,100.0,52.79551696777344,400.0
2026-04-23T11:58:41.051220,100.0,52.84610366821289,400.0
2026-04-23T11:58:43.253179,100.0,52.84610366821289,400.0
2026-04-23T11:58:45.455978,100.0,52.896690368652344,400.0
2026-04-23T11:58:47.658981,100.0,52.9472770690918,400.0
2026-04-23T11:58:49.861544,100.0,52.9472770690918,400.0
2026-04-23T11:58:52.067195,100.0,52.896690368652344,400.0
2026-04-23T11:58:54.269640,100.0,52.896690368652344,400.0
2026-04-23T11:58:56.472339,100.0,52.84610366821289,400.0
2026-04-23T11:58:58.675024,100.0,52.99786376953125,400.0
2026-04-23T11:59:00.878745,100.0,52.99786376953125,400.0
2026-04-23T11:59:03.082059,100.0,53.04844665527344,400.0
2026-04-23T11:59:05.285572,100.0,52.99786376953125,400.0
2026-04-23T11:59:07.487516,100.0,53.04844665527344,400.0
2026-04-23T11:59:09.691581,100.0,52.99786376953125,400.0
2026-04-23T11:59:11.893975,100.0,52.9472770690918,400.0
2026-04-23T11:59:14.095940,100.0,53.149620056152344,400.0
2026-04-23T11:59:16.299580,100.0,53.09903335571289,400.0
2026-04-23T11:59:18.503122,100.0,53.09903335571289,400.0
2026-04-23T11:59:20.705013,100.0,53.04844665527344,400.0
2026-04-23T11:59:22.908791,100.0,53.04844665527344,400.0
2026-04-23T11:59:25.111374,100.0,52.99786376953125,400.0
2026-04-23T11:59:27.319067,100.0,52.99786376953125,400.0
2026-04-23T11:59:29.520868,100.0,52.84610366821289,400.0
2026-04-23T11:59:31.723896,100.0,52.896690368652344,400.0
2026-04-23T11:59:33.931126,100.0,52.84610366821289,400.0
2026-04-23T11:59:36.135062,100.0,52.896690368652344,400.0
2026-04-23T11:59:38.336629,100.0,52.896690368652344,400.0
2026-04-23T11:59:40.539103,100.0,52.84610366821289,400.0
2026-04-23T11:59:42.742407,100.0,52.9472770690918,400.0
2026-04-23T11:59:44.945672,100.0,52.9472770690918,400.0
2026-04-23T11:59:47.150023,100.0,52.9472770690918,400.0
2026-04-23T11:59:49.352639,100.0,52.9472770690918,400.0
2026-04-23T11:59:51.554815,100.0,52.896690368652344,400.0
2026-04-23T11:59:53.756471,100.0,52.99786376953125,400.0
2026-04-23T11:59:55.961591,100.0,52.896690368652344,400.0
2026-04-23T11:59:58.168062,100.0,52.9472770690918,400.0
2026-04-23T12:00:00.370754,100.0,52.99786376953125,400.0
2026-04-23T12:00:02.572324,100.0,52.896690368652344,400.0
2026-04-23T12:00:04.776798,100.0,52.9472770690918,400.0
2026-04-23T12:00:06.979258,100.0,52.99786376953125,400.0
2026-04-23T12:00:09.181204,100.0,52.9472770690918,400.0
2026-04-23T12:00:11.383231,100.0,52.9472770690918,400.0
2026-04-23T12:00:13.585276,100.0,52.84610366821289,400.0
2026-04-23T12:00:15.787453,100.0,52.84610366821289,400.0
2026-04-23T12:00:17.989021,100.0,52.99786376953125,400.0
2026-04-23T12:00:20.193543,100.0,52.99786376953125,400.0
2026-04-23T12:00:22.395720,100.0,52.84610366821289,400.0
2026-04-23T12:00:24.599688,100.0,52.896690368652344,400.0
2026-04-23T12:00:26.801805,100.0,52.896690368652344,400.0
2026-04-23T12:00:29.005637,100.0,52.896690368652344,400.0
2026-04-23T12:00:31.210472,100.0,52.896690368652344,400.0
2026-04-23T12:00:33.412632,100.0,52.896690368652344,400.0
2026-04-23T12:00:35.620527,100.0,52.84610366821289,400.0
2026-04-23T12:00:37.823603,100.0,52.896690368652344,400.0
2026-04-23T12:00:40.026581,100.0,52.896690368652344,400.0
2026-04-23T12:00:42.229583,100.0,52.9472770690918,400.0
2026-04-23T12:00:44.452590,100.0,52.9472770690918,400.0
2026-04-23T12:00:46.656526,100.0,52.896690368652344,400.0
2026-04-23T12:00:48.860074,100.0,52.84610366821289,400.0
2026-04-23T12:00:51.063786,100.0,52.84610366821289,400.0
2026-04-23T12:00:53.267945,100.0,52.84610366821289,400.0
2026-04-23T12:00:55.470069,100.0,52.84610366821289,400.0
2026-04-23T12:00:57.672659,100.0,52.84610366821289,400.0
2026-04-23T12:00:59.876711,100.0,52.896690368652344,400.0
2026-04-23T12:01:02.079965,100.0,52.9472770690918,400.0
2026-04-23T12:01:04.283609,100.0,52.896690368652344,400.0
2026-04-23T12:01:06.485579,100.0,52.9472770690918,400.0
2026-04-23T12:01:08.687278,100.0,52.896690368652344,400.0
2026-04-23T12:01:10.890711,100.0,52.84610366821289,400.0
2026-04-23T12:01:13.094417,100.0,52.79551696777344,400.0
2026-04-23T12:01:15.299410,100.0,52.84610366821289,400.0
2026-04-23T12:01:17.502208,100.0,52.896690368652344,400.0
2026-04-23T12:01:19.706239,100.0,52.896690368652344,400.0
2026-04-23T12:01:21.911011,100.0,52.896690368652344,400.0
2026-04-23T12:01:24.114311,100.0,52.9472770690918,400.0
2026-04-23T12:01:26.315966,100.0,52.99786376953125,400.0
2026-04-23T12:01:28.517501,100.0,52.9472770690918,400.0
2026-04-23T12:01:30.720163,100.0,52.896690368652344,400.0
2026-04-23T12:01:32.924782,100.0,52.84610366821289,400.0
2026-04-23T12:01:35.128496,100.0,52.79551696777344,400.0
2026-04-23T12:01:37.330986,100.0,52.896690368652344,400.0
2026-04-23T12:01:39.532820,100.0,52.84610366821289,400.0
2026-04-23T12:01:41.735995,100.0,52.896690368652344,400.0
2026-04-23T12:01:43.938193,100.0,52.896690368652344,400.0
2026-04-23T12:01:46.144885,100.0,52.896690368652344,400.0
2026-04-23T12:01:48.347156,100.0,52.84610366821289,400.0
2026-04-23T12:01:50.549768,100.0,52.79551696777344,400.0
2026-04-23T12:01:52.752703,100.0,52.896690368652344,400.0
2026-04-23T12:01:54.954518,100.0,52.84610366821289,400.0
2026-04-23T12:01:57.157567,100.0,52.79551696777344,400.0
2026-04-23T12:01:59.360284,100.0,52.744930267333984,400.0
2026-04-23T12:02:01.565273,100.0,52.84610366821289,400.0
2026-04-23T12:02:03.766910,100.0,52.79551696777344,400.0
2026-04-23T12:02:05.968787,100.0,52.84610366821289,400.0
2026-04-23T12:02:08.171106,100.0,52.896690368652344,400.0
2026-04-23T12:02:10.372683,100.0,52.9472770690918,400.0
2026-04-23T12:02:12.575366,100.0,52.79551696777344,400.0
2026-04-23T12:02:14.778441,100.0,52.896690368652344,400.0
2026-04-23T12:02:16.982709,100.0,52.9472770690918,400.0
2026-04-23T12:02:19.186725,100.0,52.896690368652344,400.0
2026-04-23T12:02:21.388892,100.0,52.9472770690918,400.0
2026-04-23T12:02:23.592637,100.0,52.9472770690918,400.0
2026-04-23T12:02:25.795712,100.0,52.9472770690918,400.0
2026-04-23T12:02:27.998948,100.0,52.84610366821289,400.0
2026-04-23T12:02:30.202448,100.0,52.9472770690918,400.0
2026-04-23T12:02:32.407821,100.0,52.99786376953125,400.0
2026-04-23T12:02:34.610523,100.0,52.99786376953125,400.0
2026-04-23T12:02:36.812625,100.0,52.9472770690918,400.0
2026-04-23T12:02:39.015317,100.0,52.9472770690918,400.0
2026-04-23T12:02:41.216998,100.0,53.04844665527344,400.0
2026-04-23T12:02:43.419910,100.0,53.04844665527344,400.0
2026-04-23T12:02:45.622551,100.0,53.04844665527344,400.0
2026-04-23T12:02:47.832153,100.0,53.09903335571289,400.0
2026-04-23T12:02:50.037768,100.0,53.09903335571289,400.0
2026-04-23T12:02:52.239686,100.0,53.09903335571289,400.0
2026-04-23T12:02:54.443245,100.0,53.09903335571289,400.0
2026-04-23T12:02:56.645227,100.0,53.09903335571289,400.0
2026-04-23T12:02:58.848666,100.0,53.09903335571289,400.0
2026-04-23T12:03:01.051373,100.0,53.149620056152344,400.0
2026-04-23T12:03:03.255375,100.0,53.149620056152344,400.0
2026-04-23T12:03:05.459804,100.0,53.09903335571289,400.0
2026-04-23T12:03:07.663838,100.0,53.2002067565918,400.0
2026-04-23T12:03:09.867227,100.0,53.149620056152344,400.0
2026-04-23T12:03:12.069705,100.0,53.2002067565918,400.0
2026-04-23T12:03:14.271517,100.0,53.25079345703125,400.0
2026-04-23T12:03:16.474654,100.0,53.25079345703125,400.0
2026-04-23T12:03:18.677261,100.0,53.3013801574707,400.0
2026-04-23T12:03:20.879749,100.0,53.3013801574707,400.0
2026-04-23T12:03:23.084153,100.0,53.40255355834961,400.0
2026-04-23T12:03:25.289708,100.0,53.351966857910156,400.0
2026-04-23T12:03:27.493039,100.0,53.351966857910156,400.0
2026-04-23T12:03:29.695822,100.0,53.351966857910156,400.0
2026-04-23T12:03:31.899218,100.0,53.40255355834961,400.0
2026-04-23T12:03:34.102158,100.0,53.4531364440918,400.0
2026-04-23T12:03:36.303743,100.0,53.4531364440918,400.0
2026-04-23T12:03:38.505250,100.0,53.351966857910156,400.0
2026-04-23T12:03:40.710193,100.0,53.40255355834961,400.0
2026-04-23T12:03:42.914293,100.0,53.4531364440918,400.0
2026-04-23T12:03:45.118422,100.0,53.40255355834961,400.0
2026-04-23T12:03:47.320084,100.0,53.50372314453125,400.0
2026-04-23T12:03:49.524795,100.0,53.40255355834961,400.0
2026-04-23T12:03:51.730609,100.0,53.351966857910156,400.0
2026-04-23T12:03:53.932983,100.0,53.351966857910156,400.0
2026-04-23T12:03:56.136644,100.0,53.351966857910156,400.0
2026-04-23T12:03:58.339038,100.0,53.3013801574707,400.0
2026-04-23T12:04:00.542865,100.0,53.4531364440918,400.0
2026-04-23T12:04:02.745781,100.0,53.4531364440918,400.0
2026-04-23T12:04:04.947488,100.0,53.40255355834961,400.0
2026-04-23T12:04:07.149486,100.0,53.40255355834961,400.0
2026-04-23T12:04:09.351478,100.0,53.40255355834961,400.0
2026-04-23T12:04:11.553709,100.0,53.4531364440918,400.0
2026-04-23T12:04:13.757076,100.0,53.5543098449707,400.0
2026-04-23T12:04:15.962801,100.0,53.50372314453125,400.0
2026-04-23T12:04:18.165209,100.0,53.4531364440918,400.0
2026-04-23T12:04:20.368671,100.0,53.50372314453125,400.0
2026-04-23T12:04:22.572103,100.0,53.5543098449707,400.0
2026-04-23T12:04:24.779087,100.0,53.5543098449707,400.0
2026-04-23T12:04:26.982939,100.0,53.5543098449707,400.0
2026-04-23T12:04:29.186854,100.0,53.5543098449707,400.0
2026-04-23T12:04:31.390196,100.0,53.70606994628906,400.0
2026-04-23T12:04:33.593261,100.0,53.604896545410156,400.0
2026-04-23T12:04:35.795986,100.0,53.65548324584961,400.0
2026-04-23T12:04:37.999837,100.0,53.70606994628906,400.0
2026-04-23T12:04:40.202161,100.0,53.604896545410156,400.0
2026-04-23T12:04:42.406482,100.0,53.5543098449707,400.0
2026-04-23T12:04:44.610617,100.0,53.604896545410156,400.0
2026-04-23T12:04:46.814024,100.0,53.604896545410156,400.0
2026-04-23T12:04:49.017704,100.0,53.604896545410156,400.0
2026-04-23T12:04:51.230289,100.0,53.65548324584961,400.0
2026-04-23T12:04:53.432403,100.0,53.50372314453125,400.0
2026-04-23T12:04:55.634695,100.0,53.65548324584961,400.0
2026-04-23T12:04:57.836850,100.0,53.5543098449707,400.0
2026-04-23T12:05:00.039795,100.0,53.604896545410156,400.0
2026-04-23T12:05:02.243333,100.0,53.604896545410156,400.0
2026-04-23T12:05:04.445849,100.0,53.50372314453125,400.0
2026-04-23T12:05:06.650234,100.0,53.604896545410156,400.0
2026-04-23T12:05:08.852162,100.0,53.604896545410156,400.0
2026-04-23T12:05:11.054909,100.0,53.50372314453125,400.0
2026-04-23T12:05:13.257964,100.0,53.5543098449707,400.0
2026-04-23T12:05:15.460250,100.0,53.4531364440918,400.0
2026-04-23T12:05:17.664017,100.0,53.50372314453125,400.0
2026-04-23T12:05:19.865610,100.0,53.50372314453125,400.0
2026-04-23T12:05:22.068501,100.0,53.4531364440918,400.0
2026-04-23T12:05:24.271917,100.0,53.5543098449707,400.0
2026-04-23T12:05:26.477316,100.0,53.50372314453125,400.0
2026-04-23T12:05:28.679687,100.0,53.50372314453125,400.0
2026-04-23T12:05:30.884000,100.0,53.604896545410156,400.0
2026-04-23T12:05:33.086425,100.0,53.5543098449707,400.0
2026-04-23T12:05:35.290479,100.0,53.65548324584961,400.0
2026-04-23T12:05:37.492941,100.0,53.5543098449707,400.0
2026-04-23T12:05:39.697222,100.0,53.604896545410156,400.0
2026-04-23T12:05:41.900823,100.0,53.5543098449707,400.0
2026-04-23T12:05:44.103218,100.0,53.4531364440918,400.0
2026-04-23T12:05:46.307196,100.0,53.5543098449707,400.0
2026-04-23T12:05:48.511195,100.0,53.5543098449707,400.0
2026-04-23T12:05:50.713673,100.0,53.5543098449707,400.0
2026-04-23T12:05:52.919906,100.0,53.604896545410156,400.0
2026-04-23T12:05:55.121498,100.0,53.5543098449707,400.0
2026-04-23T12:05:57.326320,100.0,53.604896545410156,400.0
2026-04-23T12:05:59.528372,100.0,53.50372314453125,400.0
2026-04-23T12:06:01.732455,100.0,53.50372314453125,400.0
2026-04-23T12:06:03.936179,100.0,53.604896545410156,400.0
2026-04-23T12:06:06.138190,100.0,53.50372314453125,400.0
2026-04-23T12:06:08.341056,100.0,53.5543098449707,400.0
2026-04-23T12:06:10.544122,100.0,53.604896545410156,400.0
2026-04-23T12:06:12.749206,100.0,53.5543098449707,400.0
2026-04-23T12:06:14.951441,100.0,53.604896545410156,400.0
2026-04-23T12:06:17.154389,100.0,53.65548324584961,400.0
2026-04-23T12:06:19.357533,100.0,53.604896545410156,400.0
2026-04-23T12:06:21.561646,100.0,53.604896545410156,400.0
2026-04-23T12:06:23.763987,100.0,53.50372314453125,400.0
2026-04-23T12:06:25.965963,100.0,53.604896545410156,400.0
2026-04-23T12:06:28.171383,100.0,53.5543098449707,400.0
2026-04-23T12:06:30.375374,100.0,53.5543098449707,400.0
2026-04-23T12:06:32.577610,100.0,53.50372314453125,400.0
2026-04-23T12:06:34.779688,100.0,53.50372314453125,400.0
2026-04-23T12:06:36.982865,100.0,53.50372314453125,400.0
2026-04-23T12:06:39.185624,100.0,53.40255355834961,400.0
2026-04-23T12:06:41.387672,100.0,53.50372314453125,400.0
2026-04-23T12:06:43.594665,100.0,53.50372314453125,400.0
2026-04-23T12:06:45.798465,100.0,53.50372314453125,400.0
2026-04-23T12:06:48.001020,100.0,53.50372314453125,400.0
2026-04-23T12:06:50.206132,100.0,53.4531364440918,400.0
2026-04-23T12:06:52.408431,100.0,53.4531364440918,400.0
2026-04-23T12:06:54.610537,100.0,53.4531364440918,400.0
2026-04-23T12:06:56.813236,100.0,53.50372314453125,400.0
2026-04-23T12:06:59.015746,100.0,53.5543098449707,400.0
2026-04-23T12:07:01.219268,100.0,53.50372314453125,400.0
2026-04-23T12:07:03.421028,100.0,53.4531364440918,400.0
2026-04-23T12:07:05.628768,100.0,53.50372314453125,400.0
2026-04-23T12:07:07.830751,100.0,53.5543098449707,400.0
2026-04-23T12:07:10.032685,100.0,53.4531364440918,400.0
2026-04-23T12:07:12.235594,100.0,53.50372314453125,400.0
2026-04-23T12:07:14.438606,100.0,53.5543098449707,400.0
2026-04-23T12:07:16.641681,100.0,53.50372314453125,400.0
2026-04-23T12:07:18.843818,100.0,53.40255355834961,400.0
2026-04-23T12:07:21.046894,100.0,53.4531364440918,400.0
2026-04-23T12:07:23.250448,100.0,53.4531364440918,400.0
2026-04-23T12:07:25.452917,100.0,53.50372314453125,400.0
2026-04-23T12:07:27.654981,100.0,53.4531364440918,400.0
2026-04-23T12:07:29.857826,100.0,53.4531364440918,400.0
2026-04-23T12:07:32.060534,100.0,53.4531364440918,400.0
2026-04-23T12:07:34.262592,100.0,53.50372314453125,400.0
2026-04-23T12:07:36.464753,100.0,53.40255355834961,400.0
2026-04-23T12:07:38.671189,100.0,53.4531364440918,400.0
2026-04-23T12:07:40.876307,100.0,53.4531364440918,400.0
2026-04-23T12:07:43.078717,100.0,53.4531364440918,400.0
2026-04-23T12:07:45.280277,100.0,53.40255355834961,400.0
2026-04-23T12:07:47.483689,100.0,53.40255355834961,400.0
2026-04-23T12:07:49.685674,100.0,53.40255355834961,400.0
2026-04-23T12:07:51.889666,100.0,53.351966857910156,400.0
2026-04-23T12:07:54.092017,100.0,53.3013801574707,400.0
2026-04-23T12:07:56.298479,100.0,53.351966857910156,400.0
2026-04-23T12:07:58.501704,100.0,53.3013801574707,400.0
2026-04-23T12:08:00.704904,100.0,53.40255355834961,400.0
2026-04-23T12:08:02.907573,100.0,53.40255355834961,400.0
2026-04-23T12:08:05.110596,100.0,53.4531364440918,400.0
2026-04-23T12:08:07.312853,100.0,53.50372314453125,400.0
2026-04-23T12:08:09.516653,100.0,53.40255355834961,400.0
2026-04-23T12:08:11.720625,100.0,53.351966857910156,400.0
2026-04-23T12:08:13.924137,100.0,53.3013801574707,400.0
2026-04-23T12:08:16.138564,100.0,53.351966857910156,400.0
2026-04-23T12:08:18.341196,100.0,53.3013801574707,400.0
2026-04-23T12:08:20.544839,100.0,53.351966857910156,400.0
2026-04-23T12:08:22.747966,100.0,53.3013801574707,400.0
2026-04-23T12:08:24.950807,100.0,53.3013801574707,400.0
2026-04-23T12:08:27.152346,100.0,53.3013801574707,400.0
2026-04-23T12:08:29.354411,100.0,53.3013801574707,400.0
2026-04-23T12:08:31.558458,100.0,53.351966857910156,400.0
2026-04-23T12:08:33.761540,100.0,53.351966857910156,400.0
2026-04-23T12:08:35.963502,100.0,53.40255355834961,400.0
2026-04-23T12:08:38.165732,100.0,53.351966857910156,400.0
2026-04-23T12:08:40.367568,100.0,53.351966857910156,400.0
2026-04-23T12:08:42.570161,100.0,53.40255355834961,400.0
2026-04-23T12:08:44.772373,100.0,53.40255355834961,400.0
2026-04-23T12:08:46.975427,100.0,53.4531364440918,400.0
2026-04-23T12:08:49.178768,100.0,53.351966857910156,400.0
2026-04-23T12:08:51.381139,100.0,53.4531364440918,400.0
2026-04-23T12:08:53.582826,100.0,53.5543098449707,400.0
2026-04-23T12:08:55.785585,100.0,53.40255355834961,400.0
2026-04-23T12:08:57.988053,100.0,53.4531364440918,400.0
2026-04-23T12:09:00.191250,100.0,53.4531364440918,400.0
2026-04-23T12:09:02.394434,100.0,53.351966857910156,400.0
2026-04-23T12:09:04.597982,100.0,53.4531364440918,400.0
2026-04-23T12:09:06.799965,100.0,53.40255355834961,400.0
2026-04-23T12:09:09.001766,100.0,53.351966857910156,400.0
2026-04-23T12:09:11.203535,100.0,53.3013801574707,400.0
2026-04-23T12:09:13.406763,100.0,53.3013801574707,400.0
2026-04-23T12:09:15.610505,100.0,53.3013801574707,400.0
2026-04-23T12:09:17.818015,100.0,53.25079345703125,400.0
2026-04-23T12:09:20.020047,100.0,53.351966857910156,400.0
2026-04-23T12:09:22.222958,100.0,53.4531364440918,400.0
2026-04-23T12:09:24.425466,100.0,53.351966857910156,400.0
2026-04-23T12:09:26.628425,100.0,53.351966857910156,400.0
2026-04-23T12:09:28.832761,100.0,53.4531364440918,400.0
2026-04-23T12:09:31.035648,100.0,53.40255355834961,400.0
2026-04-23T12:09:33.237236,100.0,53.351966857910156,400.0
2026-04-23T12:09:35.442628,100.0,53.3013801574707,400.0
2026-04-23T12:09:37.644874,100.0,53.40255355834961,400.0
2026-04-23T12:09:39.846707,100.0,53.3013801574707,400.0
2026-04-23T12:09:42.048377,100.0,53.40255355834961,400.0
2026-04-23T12:09:44.250946,100.0,53.4531364440918,400.0
2026-04-23T12:09:46.453108,100.0,53.3013801574707,400.0
2026-04-23T12:09:48.656764,100.0,53.351966857910156,400.0
2026-04-23T12:09:50.860815,100.0,53.25079345703125,400.0
2026-04-23T12:09:53.065564,100.0,53.3013801574707,400.0
2026-04-23T12:09:55.267274,100.0,53.40255355834961,400.0
2026-04-23T12:09:57.470216,100.0,53.351966857910156,400.0
2026-04-23T12:09:59.675251,100.0,53.4531364440918,400.0
2026-04-23T12:10:01.877250,100.0,53.40255355834961,400.0
2026-04-23T12:10:04.080525,100.0,53.351966857910156,400.0
2026-04-23T12:10:06.283638,100.0,53.351966857910156,400.0
2026-04-23T12:10:08.487609,100.0,53.40255355834961,400.0
2026-04-23T12:10:10.691235,100.0,53.351966857910156,400.0
2026-04-23T12:10:12.893279,100.0,53.3013801574707,400.0
2026-04-23T12:10:15.098840,100.0,53.40255355834961,400.0
2026-04-23T12:10:17.300387,100.0,53.40255355834961,400.0
2026-04-23T12:10:19.503108,100.0,53.4531364440918,400.0
2026-04-23T12:10:21.704766,100.0,53.351966857910156,400.0
2026-04-23T12:10:23.907953,100.0,53.3013801574707,400.0
2026-04-23T12:10:26.110528,100.0,53.40255355834961,400.0
2026-04-23T12:10:28.312829,100.0,53.3013801574707,400.0
2026-04-23T12:10:30.519903,100.0,53.351966857910156,400.0
2026-04-23T12:10:32.722951,100.0,53.40255355834961,400.0
2026-04-23T12:10:34.928402,100.0,53.4531364440918,400.0
2026-04-23T12:10:37.132131,100.0,53.40255355834961,400.0
2026-04-23T12:10:39.335267,100.0,53.4531364440918,400.0
2026-04-23T12:10:41.537319,100.0,53.50372314453125,400.0
2026-04-23T12:10:43.742346,100.0,53.5543098449707,400.0
2026-04-23T12:10:45.944395,100.0,53.5543098449707,400.0
2026-04-23T12:10:48.147609,100.0,53.4531364440918,400.0
2026-04-23T12:10:50.349630,100.0,53.604896545410156,400.0
2026-04-23T12:10:52.552030,100.0,53.4531364440918,400.0
2026-04-23T12:10:54.755073,100.0,53.5543098449707,400.0
2026-04-23T12:10:56.957885,100.0,53.604896545410156,400.0
2026-04-23T12:10:59.159828,100.0,53.50372314453125,400.0
2026-04-23T12:11:01.364884,100.0,53.5543098449707,400.0
2026-04-23T12:11:03.567260,100.0,53.50372314453125,400.0
2026-04-23T12:11:05.769415,100.0,53.5543098449707,400.0
2026-04-23T12:11:07.972803,100.0,53.50372314453125,400.0
2026-04-23T12:11:10.177897,100.0,53.5543098449707,400.0
2026-04-23T12:11:12.379864,100.0,53.50372314453125,400.0
2026-04-23T12:11:14.582022,100.0,53.50372314453125,400.0
2026-04-23T12:11:16.784193,100.0,53.50372314453125,400.0
2026-04-23T12:11:18.986984,100.0,53.351966857910156,400.0
2026-04-23T12:11:21.189583,100.0,53.50372314453125,400.0
2026-04-23T12:11:23.391712,100.0,53.4531364440918,400.0
2026-04-23T12:11:25.596673,100.0,53.40255355834961,400.0
2026-04-23T12:11:27.799882,100.0,53.40255355834961,400.0
2026-04-23T12:11:30.003298,100.0,53.40255355834961,400.0
2026-04-23T12:11:32.208279,100.0,53.40255355834961,400.0
2026-04-23T12:11:34.412360,100.0,53.4531364440918,400.0
2026-04-23T12:11:36.615299,100.0,53.40255355834961,400.0
2026-04-23T12:11:38.817467,100.0,53.4531364440918,400.0
2026-04-23T12:11:41.020580,100.0,53.40255355834961,400.0
2026-04-23T12:11:43.222945,100.0,53.40255355834961,400.0
2026-04-23T12:11:45.425877,100.0,53.50372314453125,400.0
2026-04-23T12:11:47.629612,100.0,53.50372314453125,400.0
2026-04-23T12:11:49.831475,100.0,53.50372314453125,400.0
2026-04-23T12:11:52.034441,100.0,53.40255355834961,400.0
2026-04-23T12:11:54.236111,100.0,53.40255355834961,400.0
2026-04-23T12:11:56.443910,100.0,53.40255355834961,400.0
2026-04-23T12:11:58.647003,100.0,53.50372314453125,400.0
2026-04-23T12:12:00.850087,100.0,53.50372314453125,400.0
2026-04-23T12:12:03.051662,100.0,53.50372314453125,400.0
2026-04-23T12:12:05.254731,100.0,53.50372314453125,400.0
2026-04-23T12:12:07.458374,100.0,53.4531364440918,400.0
2026-04-23T12:12:09.661843,100.0,53.4531364440918,400.0
2026-04-23T12:12:11.865992,100.0,53.40255355834961,400.0
2026-04-23T12:12:14.067893,100.0,53.351966857910156,400.0
2026-04-23T12:12:16.271867,100.0,53.351966857910156,400.0
2026-04-23T12:12:18.474509,100.0,53.40255355834961,400.0
2026-04-23T12:12:20.676647,100.0,53.3013801574707,400.0
2026-04-23T12:12:22.880653,100.0,53.4531364440918,400.0
2026-04-23T12:12:25.084245,100.0,53.40255355834961,400.0
2026-04-23T12:12:27.286026,100.0,53.40255355834961,400.0
2026-04-23T12:12:29.488122,100.0,53.4531364440918,400.0
2026-04-23T12:12:31.691705,100.0,53.4531364440918,400.0
2026-04-23T12:12:33.895728,100.0,53.40255355834961,400.0
2026-04-23T12:12:36.097535,100.0,53.4531364440918,400.0
2026-04-23T12:12:38.300849,100.0,53.50372314453125,400.0
2026-04-23T12:12:40.502513,100.0,53.4531364440918,400.0
2026-04-23T12:12:42.704937,100.0,53.4531364440918,400.0
2026-04-23T12:12:44.906994,100.0,53.50372314453125,400.0
2026-04-23T12:12:47.110991,100.0,53.50372314453125,400.0
2026-04-23T12:12:49.314778,100.0,53.4531364440918,400.0
2026-04-23T12:12:51.518364,100.0,53.5543098449707,400.0
2026-04-23T12:12:53.720218,100.0,53.65548324584961,400.0
2026-04-23T12:12:55.922798,100.0,53.65548324584961,400.0
2026-04-23T12:12:58.125210,100.0,53.604896545410156,400.0
2026-04-23T12:13:00.328552,100.0,53.604896545410156,400.0
2026-04-23T12:13:02.531118,100.0,53.604896545410156,400.0
2026-04-23T12:13:04.732705,100.0,53.604896545410156,400.0
2026-04-23T12:13:06.936045,100.0,53.604896545410156,400.0
2026-04-23T12:13:09.140123,100.0,53.65548324584961,400.0
2026-04-23T12:13:11.343214,100.0,53.65548324584961,400.0
2026-04-23T12:13:13.547212,100.0,53.65548324584961,400.0
2026-04-23T12:13:15.749229,100.0,53.70606994628906,400.0
2026-04-23T12:13:17.950886,100.0,53.65548324584961,400.0
2026-04-23T12:13:20.152590,100.0,53.65548324584961,400.0
2026-04-23T12:13:22.355423,100.0,53.65548324584961,400.0
2026-04-23T12:13:24.559130,100.0,53.604896545410156,400.0
2026-04-23T12:13:26.762883,100.0,53.756656646728516,400.0
2026-04-23T12:13:28.966668,100.0,53.65548324584961,400.0
2026-04-23T12:13:31.168522,100.0,53.756656646728516,400.0
2026-04-23T12:13:33.371716,100.0,53.756656646728516,400.0
2026-04-23T12:13:35.575272,100.0,53.756656646728516,400.0
2026-04-23T12:13:37.778452,100.0,53.8072395324707,400.0
2026-04-23T12:13:39.982319,100.0,53.857826232910156,400.0
2026-04-23T12:13:42.183855,100.0,53.8072395324707,400.0
2026-04-23T12:13:44.385781,100.0,53.857826232910156,400.0
2026-04-23T12:13:46.590548,100.0,53.8072395324707,400.0
2026-04-23T12:13:48.793640,100.0,53.95899963378906,400.0
2026-04-23T12:13:50.996715,100.0,53.857826232910156,400.0
2026-04-23T12:13:53.199078,100.0,53.857826232910156,400.0
2026-04-23T12:13:55.402893,100.0,53.857826232910156,400.0
2026-04-23T12:13:57.605621,100.0,53.8072395324707,400.0
2026-04-23T12:13:59.808406,100.0,53.8072395324707,400.0
2026-04-23T12:14:02.011133,100.0,53.756656646728516,400.0
2026-04-23T12:14:04.212886,100.0,53.8072395324707,400.0
2026-04-23T12:14:06.414805,100.0,53.8072395324707,400.0
2026-04-23T12:14:08.616992,100.0,53.90841293334961,400.0
2026-04-23T12:14:10.821816,100.0,53.8072395324707,400.0
2026-04-23T12:14:13.024432,100.0,53.857826232910156,400.0
2026-04-23T12:14:15.229213,100.0,53.857826232910156,400.0
2026-04-23T12:14:17.431351,100.0,53.857826232910156,400.0
2026-04-23T12:14:19.633101,100.0,53.857826232910156,400.0
2026-04-23T12:14:21.835926,100.0,53.90841293334961,400.0
2026-04-23T12:14:24.040589,100.0,54.009586334228516,400.0
2026-04-23T12:14:26.242878,100.0,53.95899963378906,400.0
2026-04-23T12:14:28.446103,100.0,54.009586334228516,400.0
2026-04-23T12:14:30.648063,100.0,54.009586334228516,400.0
2026-04-23T12:14:32.849952,100.0,53.95899963378906,400.0
2026-04-23T12:14:35.052897,100.0,53.95899963378906,400.0
2026-04-23T12:14:37.255890,100.0,53.95899963378906,400.0
2026-04-23T12:14:39.459189,100.0,54.009586334228516,400.0
2026-04-23T12:14:41.662844,100.0,54.009586334228516,400.0
2026-04-23T12:14:43.864696,100.0,54.06017303466797,400.0
2026-04-23T12:14:46.068809,100.0,54.06017303466797,400.0
2026-04-23T12:14:48.271056,100.0,53.90841293334961,400.0
2026-04-23T12:14:50.474058,100.0,54.06017303466797,400.0
2026-04-23T12:14:52.676340,100.0,53.90841293334961,400.0
2026-04-23T12:14:54.879378,100.0,54.06017303466797,400.0
2026-04-23T12:14:57.083673,100.0,53.95899963378906,400.0
2026-04-23T12:14:59.287616,100.0,53.8072395324707,400.0
2026-04-23T12:15:01.493089,100.0,53.90841293334961,400.0
2026-04-23T12:15:03.696723,100.0,53.90841293334961,400.0
2026-04-23T12:15:05.900848,100.0,53.857826232910156,400.0
2026-04-23T12:15:08.103456,100.0,53.95899963378906,400.0
2026-04-23T12:15:10.308205,100.0,54.009586334228516,400.0
2026-04-23T12:15:12.514530,100.0,53.90841293334961,400.0
2026-04-23T12:15:14.716804,100.0,53.90841293334961,400.0
2026-04-23T12:15:16.918409,100.0,54.009586334228516,400.0
2026-04-23T12:15:19.121604,100.0,54.06017303466797,400.0
2026-04-23T12:15:21.324536,100.0,54.009586334228516,400.0
2026-04-23T12:15:23.526552,100.0,54.009586334228516,400.0
2026-04-23T12:15:25.728434,100.0,53.95899963378906,400.0
2026-04-23T12:15:27.935781,100.0,53.90841293334961,400.0
2026-04-23T12:15:30.138470,100.0,53.90841293334961,400.0
2026-04-23T12:15:32.342896,100.0,53.95899963378906,400.0
2026-04-23T12:15:34.546807,100.0,53.90841293334961,400.0
2026-04-23T12:15:36.751242,100.0,53.90841293334961,400.0
2026-04-23T12:15:38.955043,100.0,53.95899963378906,400.0
2026-04-23T12:15:41.158259,100.0,53.95899963378906,400.0
2026-04-23T12:15:43.366428,100.0,53.95899963378906,400.0
2026-04-23T12:15:45.568317,100.0,53.90841293334961,400.0
2026-04-23T12:15:47.770057,100.0,53.90841293334961,400.0
2026-04-23T12:15:49.974002,100.0,54.06017303466797,400.0
2026-04-23T12:15:52.176029,100.0,53.95899963378906,400.0
2026-04-23T12:15:54.378277,100.0,53.90841293334961,400.0
2026-04-23T12:15:56.583708,100.0,54.06017303466797,400.0
2026-04-23T12:15:58.785786,100.0,54.06017303466797,400.0
2026-04-23T12:16:00.990502,100.0,53.95899963378906,400.0
2026-04-23T12:16:03.194945,100.0,54.06017303466797,400.0
2026-04-23T12:16:05.396715,100.0,54.06017303466797,400.0
2026-04-23T12:16:07.604595,100.0,54.06017303466797,400.0
2026-04-23T12:16:09.807090,100.0,54.06017303466797,400.0
2026-04-23T12:16:12.009253,100.0,54.06017303466797,400.0
2026-04-23T12:16:14.212606,100.0,54.06017303466797,400.0
2026-04-23T12:16:16.416853,100.0,54.06017303466797,400.0
2026-04-23T12:16:18.619592,100.0,54.009586334228516,400.0
2026-04-23T12:16:20.824589,100.0,54.009586334228516,400.0
2026-04-23T12:16:23.026985,100.0,53.95899963378906,400.0
2026-04-23T12:16:25.230859,100.0,54.009586334228516,400.0
2026-04-23T12:16:27.433837,100.0,54.009586334228516,400.0
2026-04-23T12:16:29.636960,100.0,54.11075973510742,400.0
2026-04-23T12:16:31.842792,100.0,53.95899963378906,400.0
2026-04-23T12:16:34.046456,100.0,53.90841293334961,400.0
2026-04-23T12:16:36.248468,100.0,53.857826232910156,400.0
2026-04-23T12:16:38.457011,100.0,53.90841293334961,400.0
2026-04-23T12:16:40.660283,100.0,53.90841293334961,400.0
2026-04-23T12:16:42.864442,100.0,53.90841293334961,400.0
2026-04-23T12:16:45.067465,100.0,54.009586334228516,400.0
2026-04-23T12:16:47.269355,100.0,53.95899963378906,400.0
2026-04-23T12:16:49.472851,100.0,54.009586334228516,400.0
2026-04-23T12:16:51.679054,100.0,54.06017303466797,400.0
2026-04-23T12:16:53.880629,100.0,53.95899963378906,400.0
2026-04-23T12:16:56.083572,100.0,54.009586334228516,400.0
2026-04-23T12:16:58.285481,100.0,53.95899963378906,400.0
2026-04-23T12:17:00.488338,100.0,54.009586334228516,400.0
2026-04-23T12:17:02.694117,100.0,54.009586334228516,400.0
2026-04-23T12:17:04.896242,100.0,54.009586334228516,400.0
2026-04-23T12:17:07.099084,100.0,54.009586334228516,400.0
2026-04-23T12:17:09.311173,100.0,53.90841293334961,400.0
2026-04-23T12:17:11.514730,100.0,53.95899963378906,400.0
2026-04-23T12:17:13.717747,100.0,53.857826232910156,400.0
2026-04-23T12:17:15.920815,100.0,53.857826232910156,400.0
2026-04-23T12:17:18.124174,100.0,54.009586334228516,400.0
2026-04-23T12:17:20.328797,100.0,53.90841293334961,400.0
2026-04-23T12:17:22.531968,100.0,53.90841293334961,400.0
2026-04-23T12:17:24.733797,100.0,53.857826232910156,400.0
2026-04-23T12:17:26.936936,100.0,53.8072395324707,400.0
2026-04-23T12:17:29.141562,100.0,53.857826232910156,400.0
2026-04-23T12:17:31.343578,100.0,53.90841293334961,400.0
2026-04-23T12:17:33.545232,100.0,53.857826232910156,400.0
2026-04-23T12:17:35.747327,100.0,53.857826232910156,400.0
2026-04-23T12:17:37.951550,100.0,53.8072395324707,400.0
2026-04-23T12:17:40.154672,100.0,53.8072395324707,400.0
2026-04-23T12:17:42.357162,100.0,53.70606994628906,400.0
2026-04-23T12:17:44.561234,100.0,53.756656646728516,400.0
2026-04-23T12:17:46.765635,100.0,53.90841293334961,400.0
2026-04-23T12:17:48.969157,100.0,53.8072395324707,400.0
2026-04-23T12:17:51.173009,100.0,53.8072395324707,400.0
2026-04-23T12:17:53.375651,100.0,53.90841293334961,400.0
2026-04-23T12:17:55.579635,100.0,53.8072395324707,400.0
2026-04-23T12:17:57.781397,100.0,53.756656646728516,400.0
2026-04-23T12:17:59.983657,100.0,53.756656646728516,400.0
2026-04-23T12:18:02.185788,100.0,53.756656646728516,400.0
2026-04-23T12:18:04.389926,100.0,53.756656646728516,400.0
2026-04-23T12:18:06.595860,100.0,53.857826232910156,400.0
2026-04-23T12:18:08.798714,100.0,53.8072395324707,400.0
2026-04-23T12:18:11.000261,100.0,53.8072395324707,400.0
2026-04-23T12:18:13.202655,100.0,53.90841293334961,400.0
2026-04-23T12:18:15.405530,100.0,54.009586334228516,400.0
2026-04-23T12:18:17.609031,100.0,53.857826232910156,400.0
2026-04-23T12:18:19.813295,100.0,54.009586334228516,400.0
2026-04-23T12:18:22.017264,100.0,54.009586334228516,400.0
2026-04-23T12:18:24.220603,100.0,54.06017303466797,400.0
2026-04-23T12:18:26.424373,100.0,54.11075973510742,400.0
2026-04-23T12:18:28.627100,100.0,54.009586334228516,400.0
2026-04-23T12:18:30.829814,100.0,53.95899963378906,400.0
2026-04-23T12:18:33.031868,100.0,54.06017303466797,400.0
2026-04-23T12:18:35.235300,100.0,54.06017303466797,400.0
2026-04-23T12:18:37.437733,100.0,54.161346435546875,400.0
2026-04-23T12:18:39.639714,100.0,54.11075973510742,400.0
2026-04-23T12:18:41.851111,100.0,54.21192932128906,400.0
2026-04-23T12:18:44.052829,100.0,54.161346435546875,400.0
2026-04-23T12:18:46.256125,100.0,54.11075973510742,400.0
2026-04-23T12:18:48.458426,100.0,54.11075973510742,400.0
2026-04-23T12:18:50.660596,100.0,54.161346435546875,400.0
2026-04-23T12:18:52.862384,100.0,54.11075973510742,400.0
2026-04-23T12:18:55.067298,100.0,54.11075973510742,400.0
2026-04-23T12:18:57.269660,100.0,54.11075973510742,400.0
2026-04-23T12:18:59.472288,100.0,54.11075973510742,400.0
2026-04-23T12:19:01.674807,100.0,54.21192932128906,400.0
2026-04-23T12:19:03.878171,100.0,54.262516021728516,400.0
2026-04-23T12:19:06.082107,100.0,54.161346435546875,400.0
2026-04-23T12:19:08.284239,100.0,54.31310272216797,400.0
2026-04-23T12:19:10.486456,100.0,54.161346435546875,400.0
2026-04-23T12:19:12.693165,100.0,54.21192932128906,400.0
2026-04-23T12:19:14.895347,100.0,54.161346435546875,400.0
2026-04-23T12:19:17.098051,100.0,54.21192932128906,400.0
2026-04-23T12:19:19.299647,100.0,54.11075973510742,400.0
2026-04-23T12:19:21.501285,100.0,54.161346435546875,400.0
2026-04-23T12:19:23.704193,100.0,54.161346435546875,400.0
2026-04-23T12:19:25.908302,100.0,54.161346435546875,400.0
2026-04-23T12:19:28.110995,100.0,54.11075973510742,400.0
2026-04-23T12:19:30.312685,100.0,54.009586334228516,400.0
2026-04-23T12:19:32.514444,100.0,54.11075973510742,400.0
2026-04-23T12:19:34.716632,100.0,54.11075973510742,400.0
2026-04-23T12:19:36.919941,100.0,54.06017303466797,400.0
2026-04-23T12:19:39.123964,100.0,54.21192932128906,400.0
2026-04-23T12:19:41.327754,100.0,54.11075973510742,400.0
2026-04-23T12:19:43.530671,100.0,54.161346435546875,400.0
2026-04-23T12:19:45.732598,100.0,54.11075973510742,400.0
2026-04-23T12:19:47.935023,100.0,54.06017303466797,400.0
2026-04-23T12:19:50.137286,100.0,54.11075973510742,400.0
2026-04-23T12:19:52.340548,100.0,54.11075973510742,400.0
2026-04-23T12:19:54.544134,100.0,54.161346435546875,400.0
2026-04-23T12:19:56.747869,100.0,54.21192932128906,400.0
2026-04-23T12:19:58.950141,100.0,54.161346435546875,400.0
2026-04-23T12:20:01.151752,100.0,54.31310272216797,400.0
2026-04-23T12:20:03.354121,100.0,54.21192932128906,400.0
2026-04-23T12:20:05.557367,100.0,54.11075973510742,400.0
2026-04-23T12:20:07.760502,100.0,54.262516021728516,400.0
2026-04-23T12:20:09.962664,100.0,54.21192932128906,400.0
2026-04-23T12:20:12.164645,100.0,54.161346435546875,400.0
2026-04-23T12:20:14.375170,100.0,54.11075973510742,400.0
2026-04-23T12:20:16.578070,100.0,54.262516021728516,400.0
2026-04-23T12:20:18.781224,100.0,54.262516021728516,400.0
2026-04-23T12:20:20.982822,100.0,54.21192932128906,400.0
2026-04-23T12:20:23.185018,100.0,54.36368942260742,400.0
2026-04-23T12:20:25.395806,100.0,54.31310272216797,400.0
2026-04-23T12:20:27.598724,100.0,54.262516021728516,400.0
2026-04-23T12:20:29.800643,100.0,54.31310272216797,400.0
2026-04-23T12:20:32.004112,100.0,54.36368942260742,400.0
2026-04-23T12:20:34.208174,100.0,54.31310272216797,400.0
2026-04-23T12:20:36.410871,100.0,54.36368942260742,400.0
2026-04-23T12:20:38.612750,100.0,54.31310272216797,400.0
2026-04-23T12:20:40.816360,100.0,54.46486282348633,400.0
2026-04-23T12:20:43.018876,100.0,54.414276123046875,400.0
2026-04-23T12:20:45.222907,100.0,54.31310272216797,400.0
2026-04-23T12:20:47.425708,100.0,54.36368942260742,400.0
2026-04-23T12:20:49.630659,100.0,54.36368942260742,400.0
2026-04-23T12:20:51.832909,100.0,54.31310272216797,400.0
2026-04-23T12:20:54.036120,100.0,54.36368942260742,400.0
2026-04-23T12:20:56.240565,100.0,54.36368942260742,400.0
2026-04-23T12:20:58.442808,100.0,54.36368942260742,400.0
2026-04-23T12:21:00.646283,100.0,54.31310272216797,400.0
2026-04-23T12:21:02.848097,100.0,54.414276123046875,400.0
2026-04-23T12:21:05.052561,100.0,54.46486282348633,400.0
2026-04-23T12:21:07.256081,100.0,54.46486282348633,400.0
2026-04-23T12:21:09.460430,100.0,54.46486282348633,400.0
2026-04-23T12:21:11.663449,100.0,54.36368942260742,400.0
2026-04-23T12:21:13.866285,100.0,54.566036224365234,400.0
2026-04-23T12:21:16.069069,100.0,54.414276123046875,400.0
2026-04-23T12:21:18.271537,100.0,54.46486282348633,400.0
2026-04-23T12:21:20.474830,100.0,54.46486282348633,400.0
2026-04-23T12:21:22.677926,100.0,54.414276123046875,400.0
2026-04-23T12:21:24.880207,100.0,54.36368942260742,400.0
2026-04-23T12:21:27.083915,100.0,54.46486282348633,400.0
2026-04-23T12:21:29.286950,100.0,54.414276123046875,400.0
2026-04-23T12:21:31.489653,100.0,54.414276123046875,400.0
2026-04-23T12:21:33.692897,100.0,54.51544952392578,400.0
2026-04-23T12:21:35.896561,100.0,54.46486282348633,400.0
2026-04-23T12:21:38.098817,100.0,54.46486282348633,400.0
2026-04-23T12:21:40.300854,100.0,54.51544952392578,400.0
2026-04-23T12:21:42.503005,100.0,54.51544952392578,400.0
2026-04-23T12:21:44.705502,100.0,54.566036224365234,400.0
2026-04-23T12:21:46.907537,100.0,54.51544952392578,400.0
2026-04-23T12:21:49.109779,100.0,54.51544952392578,400.0
2026-04-23T12:21:51.313106,100.0,54.51544952392578,400.0
2026-04-23T12:21:53.516162,100.0,54.414276123046875,400.0
2026-04-23T12:21:55.719278,100.0,54.566036224365234,400.0
2026-04-23T12:21:57.928303,100.0,54.51544952392578,400.0
2026-04-23T12:22:00.130247,100.0,54.46486282348633,400.0
2026-04-23T12:22:02.332069,100.0,54.51544952392578,400.0
2026-04-23T12:22:04.535181,100.0,54.51544952392578,400.0
2026-04-23T12:22:06.739564,100.0,54.51544952392578,400.0
2026-04-23T12:22:08.942694,100.0,54.46486282348633,400.0
2026-04-23T12:22:11.148256,100.0,54.566036224365234,400.0
2026-04-23T12:22:13.352237,100.0,54.51544952392578,400.0
2026-04-23T12:22:15.555654,100.0,54.414276123046875,400.0
2026-04-23T12:22:17.758827,100.0,54.46486282348633,400.0
2026-04-23T12:22:19.962562,100.0,54.46486282348633,400.0
2026-04-23T12:22:22.165757,100.0,54.46486282348633,400.0
2026-04-23T12:22:24.367438,100.0,54.46486282348633,400.0
2026-04-23T12:22:26.570388,100.0,54.51544952392578,400.0
2026-04-23T12:22:28.780256,100.0,54.51544952392578,400.0
2026-04-23T12:22:30.982501,100.0,54.61661911010742,400.0
2026-04-23T12:22:33.185359,100.0,54.51544952392578,400.0
2026-04-23T12:22:35.389650,100.0,54.414276123046875,400.0
2026-04-23T12:22:37.595658,100.0,54.414276123046875,400.0
2026-04-23T12:22:39.797857,100.0,54.414276123046875,400.0
2026-04-23T12:22:41.999995,100.0,54.36368942260742,400.0
2026-04-23T12:22:44.202705,100.0,54.46486282348633,400.0
2026-04-23T12:22:46.404844,100.0,54.414276123046875,400.0
2026-04-23T12:22:48.608901,100.0,54.414276123046875,400.0
2026-04-23T12:22:50.811044,100.0,54.414276123046875,400.0
2026-04-23T12:22:53.014265,100.0,54.414276123046875,400.0
2026-04-23T12:22:55.215925,100.0,54.46486282348633,400.0
2026-04-23T12:22:57.420124,100.0,54.46486282348633,400.0
2026-04-23T12:22:59.626804,100.0,54.46486282348633,400.0
2026-04-23T12:23:01.828618,100.0,54.414276123046875,400.0
2026-04-23T12:23:04.031669,100.0,54.46486282348633,400.0
2026-04-23T12:23:06.235147,100.0,54.51544952392578,400.0
2026-04-23T12:23:08.438112,100.0,54.414276123046875,400.0
2026-04-23T12:23:10.641572,100.0,54.414276123046875,400.0
2026-04-23T12:23:12.843658,100.0,54.36368942260742,400.0
2026-04-23T12:23:15.045176,100.0,54.46486282348633,400.0
2026-04-23T12:23:17.247317,100.0,54.51544952392578,400.0
2026-04-23T12:23:19.450064,100.0,54.36368942260742,400.0
2026-04-23T12:23:21.652735,100.0,54.414276123046875,400.0
2026-04-23T12:23:23.860364,100.0,54.31310272216797,400.0
2026-04-23T12:23:26.067942,100.0,54.36368942260742,400.0
2026-04-23T12:23:28.272835,100.0,54.414276123046875,400.0
2026-04-23T12:23:30.474967,100.0,54.414276123046875,400.0
2026-04-23T12:23:32.679138,100.0,54.36368942260742,400.0
2026-04-23T12:23:34.882660,100.0,54.36368942260742,400.0
2026-04-23T12:23:37.084885,100.0,54.46486282348633,400.0
2026-04-23T12:23:39.289738,100.0,54.46486282348633,400.0
2026-04-23T12:23:41.491859,100.0,54.46486282348633,400.0
2026-04-23T12:23:43.695899,100.0,54.414276123046875,400.0
2026-04-23T12:23:45.897872,100.0,54.36368942260742,400.0
2026-04-23T12:23:48.099974,100.0,54.414276123046875,400.0
2026-04-23T12:23:50.302505,100.0,54.36368942260742,400.0
2026-04-23T12:23:52.505227,100.0,54.414276123046875,400.0
2026-04-23T12:23:54.708490,100.0,54.414276123046875,400.0
2026-04-23T12:23:56.912169,100.0,54.36368942260742,400.0
2026-04-23T12:23:59.114699,100.0,54.414276123046875,400.0
2026-04-23T12:24:01.316244,100.0,54.262516021728516,400.0
2026-04-23T12:24:03.519568,100.0,54.262516021728516,400.0
2026-04-23T12:24:05.721744,100.0,54.31310272216797,400.0
2026-04-23T12:24:07.924008,100.0,54.414276123046875,400.0
2026-04-23T12:24:10.128755,100.0,54.414276123046875,400.0
2026-04-23T12:24:12.331519,100.0,54.36368942260742,400.0
2026-04-23T12:24:14.533224,100.0,54.36368942260742,400.0
2026-04-23T12:24:16.735102,100.0,54.414276123046875,400.0
2026-04-23T12:24:18.938437,100.0,54.414276123046875,400.0
2026-04-23T12:24:21.144316,100.0,54.46486282348633,400.0
2026-04-23T12:24:23.348863,100.0,54.414276123046875,400.0
2026-04-23T12:24:25.550993,100.0,54.414276123046875,400.0
2026-04-23T12:24:27.753234,100.0,54.36368942260742,400.0
2026-04-23T12:24:29.955951,100.0,54.46486282348633,400.0
2026-04-23T12:24:32.159987,100.0,54.414276123046875,400.0
2026-04-23T12:24:34.364433,100.0,54.46486282348633,400.0
2026-04-23T12:24:36.570002,100.0,54.36368942260742,400.0
2026-04-23T12:24:38.772045,100.0,54.414276123046875,400.0
2026-04-23T12:24:40.978293,100.0,54.414276123046875,400.0
2026-04-23T12:24:43.181577,100.0,54.46486282348633,400.0
2026-04-23T12:24:45.383208,100.0,54.46486282348633,400.0
2026-04-23T12:24:47.585376,100.0,54.46486282348633,400.0
2026-04-23T12:24:49.790057,100.0,54.51544952392578,400.0
2026-04-23T12:24:51.995724,100.0,54.46486282348633,400.0
2026-04-23T12:24:54.199240,100.0,54.46486282348633,400.0
2026-04-23T12:24:56.403281,100.0,54.46486282348633,400.0
2026-04-23T12:24:58.607028,100.0,54.414276123046875,400.0
2026-04-23T12:25:00.811093,100.0,54.414276123046875,400.0
2026-04-23T12:25:03.014671,100.0,54.36368942260742,400.0
2026-04-23T12:25:05.216721,100.0,54.46486282348633,400.0
2026-04-23T12:25:07.421991,100.0,54.46486282348633,400.0
2026-04-23T12:25:09.624446,100.0,54.414276123046875,400.0
2026-04-23T12:25:11.828292,100.0,54.414276123046875,400.0
2026-04-23T12:25:14.030358,100.0,54.36368942260742,400.0
2026-04-23T12:25:16.232339,100.0,54.414276123046875,400.0
2026-04-23T12:25:18.443474,100.0,54.36368942260742,400.0
2026-04-23T12:25:20.646166,100.0,54.414276123046875,400.0
2026-04-23T12:25:22.848079,100.0,54.36368942260742,400.0
2026-04-23T12:25:25.050937,100.0,54.414276123046875,400.0
2026-04-23T12:25:27.255642,100.0,54.414276123046875,400.0
2026-04-23T12:25:29.457665,100.0,54.36368942260742,400.0
2026-04-23T12:25:31.661284,100.0,54.36368942260742,400.0
2026-04-23T12:25:33.862850,100.0,54.46486282348633,400.0
2026-04-23T12:25:36.065953,100.0,54.414276123046875,400.0
2026-04-23T12:25:38.268377,100.0,54.31310272216797,400.0
2026-04-23T12:25:40.475196,100.0,54.31310272216797,400.0
2026-04-23T12:25:42.678656,100.0,54.36368942260742,400.0
2026-04-23T12:25:44.880770,100.0,54.31310272216797,400.0
2026-04-23T12:25:47.082633,100.0,54.414276123046875,400.0
2026-04-23T12:25:49.286598,100.0,54.414276123046875,400.0
2026-04-23T12:25:51.490937,100.0,54.31310272216797,400.0
2026-04-23T12:25:53.693016,100.0,54.36368942260742,400.0
2026-04-23T12:25:55.897057,100.0,54.414276123046875,400.0
2026-04-23T12:25:58.099825,100.0,54.36368942260742,400.0
2026-04-23T12:26:00.302782,100.0,54.414276123046875,400.0
2026-04-23T12:26:02.505543,100.0,54.46486282348633,400.0
2026-04-23T12:26:04.709857,100.0,54.566036224365234,400.0
2026-04-23T12:26:06.912572,100.0,54.51544952392578,400.0
2026-04-23T12:26:09.118371,100.0,54.51544952392578,400.0
2026-04-23T12:26:11.322481,100.0,54.61661911010742,400.0
2026-04-23T12:26:13.526351,100.0,54.46486282348633,400.0
2026-04-23T12:26:15.729180,100.0,54.46486282348633,400.0
2026-04-23T12:26:17.932257,100.0,54.414276123046875,400.0
2026-04-23T12:26:20.134346,100.0,54.414276123046875,400.0
2026-04-23T12:26:22.336794,100.0,54.51544952392578,400.0
2026-04-23T12:26:24.538950,100.0,54.51544952392578,400.0
2026-04-23T12:26:26.741345,100.0,54.566036224365234,400.0
2026-04-23T12:26:28.948536,100.0,54.46486282348633,400.0
2026-04-23T12:26:31.151945,100.0,54.414276123046875,400.0
2026-04-23T12:26:33.356100,100.0,54.31310272216797,400.0
2026-04-23T12:26:35.558956,100.0,54.46486282348633,400.0
2026-04-23T12:26:37.762022,100.0,54.51544952392578,400.0
2026-04-23T12:26:39.964502,100.0,54.36368942260742,400.0
2026-04-23T12:26:42.166387,100.0,54.51544952392578,400.0
2026-04-23T12:26:44.369220,100.0,54.51544952392578,400.0
2026-04-23T12:26:46.572902,100.0,54.414276123046875,400.0
2026-04-23T12:26:48.775017,100.0,54.46486282348633,400.0
2026-04-23T12:26:50.976801,100.0,54.46486282348633,400.0
2026-04-23T12:26:53.180510,100.0,54.46486282348633,400.0
2026-04-23T12:26:55.382672,100.0,54.414276123046875,400.0
2026-04-23T12:26:57.586498,100.0,54.414276123046875,400.0
2026-04-23T12:26:59.790011,100.0,54.36368942260742,400.0
2026-04-23T12:27:01.993440,100.0,54.262516021728516,400.0
2026-04-23T12:27:04.196389,100.0,54.262516021728516,400.0
2026-04-23T12:27:06.398689,100.0,54.262516021728516,400.0
2026-04-23T12:27:08.600392,100.0,54.31310272216797,400.0
2026-04-23T12:27:10.804872,100.0,54.262516021728516,400.0
2026-04-23T12:27:13.007528,100.0,54.36368942260742,400.0
2026-04-23T12:27:15.210346,100.0,54.414276123046875,400.0
2026-04-23T12:27:17.413371,100.0,54.31310272216797,400.0
2026-04-23T12:27:19.615282,100.0,54.262516021728516,400.0
2026-04-23T12:27:21.819339,100.0,54.414276123046875,400.0
2026-04-23T12:27:24.023155,100.0,54.31310272216797,400.0
2026-04-23T12:27:26.227221,100.0,54.31310272216797,400.0
2026-04-23T12:27:28.429412,100.0,54.262516021728516,400.0
2026-04-23T12:27:30.630905,100.0,54.21192932128906,400.0
2026-04-23T12:27:32.835252,100.0,54.262516021728516,400.0
2026-04-23T12:27:35.038556,100.0,54.21192932128906,400.0
2026-04-23T12:27:37.240879,100.0,54.161346435546875,400.0
2026-04-23T12:27:39.444517,100.0,54.11075973510742,400.0
2026-04-23T12:27:41.648723,100.0,54.11075973510742,400.0
2026-04-23T12:27:43.850930,100.0,53.95899963378906,400.0
2026-04-23T12:27:46.054184,100.0,54.009586334228516,400.0
2026-04-23T12:27:48.256553,100.0,54.161346435546875,400.0
2026-04-23T12:27:50.460277,100.0,54.11075973510742,400.0
2026-04-23T12:27:52.661964,100.0,54.11075973510742,400.0
2026-04-23T12:27:54.865774,100.0,54.161346435546875,400.0
2026-04-23T12:27:57.068629,100.0,54.161346435546875,400.0
2026-04-23T12:27:59.271481,100.0,54.21192932128906,400.0
2026-04-23T12:28:01.475543,100.0,54.161346435546875,400.0
2026-04-23T12:28:03.678454,100.0,54.161346435546875,400.0
2026-04-23T12:28:05.880025,100.0,54.11075973510742,400.0
2026-04-23T12:28:08.083902,100.0,54.262516021728516,400.0
2026-04-23T12:28:10.288271,100.0,54.262516021728516,400.0
2026-04-23T12:28:12.491447,100.0,54.262516021728516,400.0
2026-04-23T12:28:14.693437,100.0,54.21192932128906,400.0
2026-04-23T12:28:16.895121,100.0,54.21192932128906,400.0
2026-04-23T12:28:19.097241,100.0,54.31310272216797,400.0
2026-04-23T12:28:21.299277,100.0,54.262516021728516,400.0
2026-04-23T12:28:23.503127,100.0,54.161346435546875,400.0
2026-04-23T12:28:25.706654,100.0,54.414276123046875,400.0
2026-04-23T12:28:27.910282,100.0,54.31310272216797,400.0
2026-04-23T12:28:30.113794,100.0,54.36368942260742,400.0
2026-04-23T12:28:32.318462,100.0,54.31310272216797,400.0
2026-04-23T12:28:34.521106,100.0,54.262516021728516,400.0
2026-04-23T12:28:36.723034,100.0,54.31310272216797,400.0
2026-04-23T12:28:38.925382,100.0,54.31310272216797,400.0
2026-04-23T12:28:41.127999,100.0,54.21192932128906,400.0
2026-04-23T12:28:43.330992,100.0,54.21192932128906,400.0
2026-04-23T12:28:45.533005,100.0,54.31310272216797,400.0
2026-04-23T12:28:47.735479,100.0,54.36368942260742,400.0
2026-04-23T12:28:49.939217,100.0,54.31310272216797,400.0
2026-04-23T12:28:52.141749,100.0,54.262516021728516,400.0
2026-04-23T12:28:54.345499,100.0,54.21192932128906,400.0
2026-04-23T12:28:56.547751,100.0,54.36368942260742,400.0
2026-04-23T12:28:58.750611,100.0,54.36368942260742,400.0
2026-04-23T12:29:00.952961,100.0,54.36368942260742,400.0
2026-04-23T12:29:03.155431,100.0,54.36368942260742,400.0
2026-04-23T12:29:05.357786,100.0,54.36368942260742,400.0
2026-04-23T12:29:07.562161,100.0,54.31310272216797,400.0
2026-04-23T12:29:09.764136,100.0,54.21192932128906,400.0
2026-04-23T12:29:11.967596,100.0,54.262516021728516,400.0
2026-04-23T12:29:14.173560,100.0,54.262516021728516,400.0
2026-04-23T12:29:16.375619,100.0,54.21192932128906,400.0
2026-04-23T12:29:18.577432,100.0,54.262516021728516,400.0
2026-04-23T12:29:20.779518,100.0,54.161346435546875,400.0
2026-04-23T12:29:22.990209,100.0,54.21192932128906,400.0
2026-04-23T12:29:25.194249,100.0,54.21192932128906,400.0
2026-04-23T12:29:27.397304,100.0,54.161346435546875,400.0
2026-04-23T12:29:29.599218,100.0,54.262516021728516,400.0
2026-04-23T12:29:31.805909,100.0,54.262516021728516,400.0
2026-04-23T12:29:34.010502,100.0,54.21192932128906,400.0
2026-04-23T12:29:36.213254,100.0,54.11075973510742,400.0
2026-04-23T12:29:38.416626,100.0,54.06017303466797,400.0
2026-04-23T12:29:40.619107,100.0,54.06017303466797,400.0
2026-04-23T12:29:42.822464,100.0,54.11075973510742,400.0
2026-04-23T12:29:45.025319,100.0,54.06017303466797,400.0
2026-04-23T12:29:47.228867,100.0,54.11075973510742,400.0
2026-04-23T12:29:49.431217,100.0,54.11075973510742,400.0
2026-04-23T12:29:51.634969,100.0,54.161346435546875,400.0
2026-04-23T12:29:53.840996,100.0,54.161346435546875,400.0
2026-04-23T12:29:56.045362,100.0,54.161346435546875,400.0
2026-04-23T12:29:58.247442,100.0,54.06017303466797,400.0
2026-04-23T12:30:00.450750,100.0,54.11075973510742,400.0
2026-04-23T12:30:02.653955,100.0,54.11075973510742,400.0
2026-04-23T12:30:04.855842,100.0,54.161346435546875,400.0
2026-04-23T12:30:07.058961,100.0,54.11075973510742,400.0
2026-04-23T12:30:09.261708,100.0,54.11075973510742,400.0
2026-04-23T12:30:11.464531,100.0,54.009586334228516,400.0
2026-04-23T12:30:13.667109,100.0,54.009586334228516,400.0
2026-04-23T12:30:15.870954,100.0,54.06017303466797,400.0
2026-04-23T12:30:18.074804,100.0,53.95899963378906,400.0
2026-04-23T12:30:20.279946,100.0,53.95899963378906,400.0
2026-04-23T12:30:22.483421,100.0,53.95899963378906,400.0
2026-04-23T12:30:24.688066,100.0,53.95899963378906,400.0
2026-04-23T12:30:26.890091,100.0,54.06017303466797,400.0
2026-04-23T12:30:29.092109,100.0,53.95899963378906,400.0
2026-04-23T12:30:31.294864,100.0,54.11075973510742,400.0
2026-04-23T12:30:33.497159,100.0,54.009586334228516,400.0
2026-04-23T12:30:35.698733,100.0,54.06017303466797,400.0
2026-04-23T12:30:37.902203,100.0,54.161346435546875,400.0
2026-04-23T12:30:40.104783,100.0,54.11075973510742,400.0
2026-04-23T12:30:42.307370,100.0,54.06017303466797,400.0
2026-04-23T12:30:44.512122,100.0,54.009586334228516,400.0
2026-04-23T12:30:46.713909,100.0,54.06017303466797,400.0
2026-04-23T12:30:48.915748,100.0,54.06017303466797,400.0
2026-04-23T12:30:51.119845,100.0,54.06017303466797,400.0
2026-04-23T12:30:53.322740,100.0,54.009586334228516,400.0
2026-04-23T12:30:55.529816,100.0,53.95899963378906,400.0
2026-04-23T12:30:57.733128,100.0,54.06017303466797,400.0
2026-04-23T12:30:59.938682,100.0,54.009586334228516,400.0
2026-04-23T12:31:02.141217,100.0,53.90841293334961,400.0
2026-04-23T12:31:04.345032,100.0,53.95899963378906,400.0
2026-04-23T12:31:06.548533,100.0,53.857826232910156,400.0
2026-04-23T12:31:08.752315,100.0,53.90841293334961,400.0
2026-04-23T12:31:10.956070,100.0,53.95899963378906,400.0
2026-04-23T12:31:13.158259,100.0,53.95899963378906,400.0
2026-04-23T12:31:15.361442,100.0,54.06017303466797,400.0
2026-04-23T12:31:17.563240,100.0,54.009586334228516,400.0
2026-04-23T12:31:19.765233,100.0,54.06017303466797,400.0
2026-04-23T12:31:21.970078,100.0,54.06017303466797,400.0
2026-04-23T12:31:24.173499,100.0,54.06017303466797,400.0
2026-04-23T12:31:26.376006,100.0,54.06017303466797,400.0
2026-04-23T12:31:28.577557,100.0,54.009586334228516,400.0
2026-04-23T12:31:30.780819,100.0,54.009586334228516,400.0
2026-04-23T12:31:32.983832,100.0,54.009586334228516,400.0
2026-04-23T12:31:35.187396,100.0,54.06017303466797,400.0
2026-04-23T12:31:37.391046,100.0,54.21192932128906,400.0
2026-04-23T12:31:39.593595,100.0,54.161346435546875,400.0
2026-04-23T12:31:41.797625,100.0,54.161346435546875,400.0
2026-04-23T12:31:43.999938,100.0,54.161346435546875,400.0
2026-04-23T12:31:46.202529,100.0,54.161346435546875,400.0
2026-04-23T12:31:48.406235,100.0,54.161346435546875,400.0
2026-04-23T12:31:50.608298,100.0,54.21192932128906,400.0
2026-04-23T12:31:52.812632,100.0,54.36368942260742,400.0
2026-04-23T12:31:55.016663,100.0,54.414276123046875,400.0
2026-04-23T12:31:57.228850,100.0,54.262516021728516,400.0
2026-04-23T12:31:59.432325,100.0,54.161346435546875,400.0
2026-04-23T12:32:01.637591,100.0,54.31310272216797,400.0
2026-04-23T12:32:03.839795,100.0,54.31310272216797,400.0
2026-04-23T12:32:06.043383,100.0,54.21192932128906,400.0
2026-04-23T12:32:08.246641,100.0,54.262516021728516,400.0
2026-04-23T12:32:10.448229,100.0,54.414276123046875,400.0
2026-04-23T12:32:12.650817,100.0,54.31310272216797,400.0
2026-04-23T12:32:14.854337,100.0,54.36368942260742,400.0
2026-04-23T12:32:17.056292,100.0,54.36368942260742,400.0
2026-04-23T12:32:19.258666,100.0,54.414276123046875,400.0
2026-04-23T12:32:21.462122,100.0,54.36368942260742,400.0
2026-04-23T12:32:23.666802,100.0,54.36368942260742,400.0
2026-04-23T12:32:25.869925,100.0,54.414276123046875,400.0
2026-04-23T12:32:28.073297,100.0,54.414276123046875,400.0
2026-04-23T12:32:30.275519,100.0,54.414276123046875,400.0
2026-04-23T12:32:32.477378,100.0,54.36368942260742,400.0
2026-04-23T12:32:34.678951,100.0,54.414276123046875,400.0
2026-04-23T12:32:36.880746,100.0,54.36368942260742,400.0
2026-04-23T12:32:39.084269,100.0,54.46486282348633,400.0
2026-04-23T12:32:41.287573,100.0,54.46486282348633,400.0
2026-04-23T12:32:43.491262,100.0,54.414276123046875,400.0
2026-04-23T12:32:45.694332,100.0,54.414276123046875,400.0
2026-04-23T12:32:47.897704,100.0,54.61661911010742,400.0
2026-04-23T12:32:50.100527,100.0,54.414276123046875,400.0
2026-04-23T12:32:52.304014,100.0,54.46486282348633,400.0
2026-04-23T12:32:54.507214,100.0,54.46486282348633,400.0
2026-04-23T12:32:56.709795,100.0,54.46486282348633,400.0
2026-04-23T12:32:58.911792,100.0,54.46486282348633,400.0
2026-04-23T12:33:01.114776,100.0,54.46486282348633,400.0
2026-04-23T12:33:03.318592,100.0,54.46486282348633,400.0
2026-04-23T12:33:05.520889,100.0,54.51544952392578,400.0
2026-04-23T12:33:07.723960,100.0,54.31310272216797,400.0
2026-04-23T12:33:09.927101,100.0,54.36368942260742,400.0
2026-04-23T12:33:12.129875,100.0,54.414276123046875,400.0
2026-04-23T12:33:14.333959,100.0,54.414276123046875,400.0
2026-04-23T12:33:16.537577,100.0,54.414276123046875,400.0
2026-04-23T12:33:18.741027,100.0,54.414276123046875,400.0
2026-04-23T12:33:20.944017,100.0,54.36368942260742,400.0
2026-04-23T12:33:23.148074,100.0,54.31310272216797,400.0
2026-04-23T12:33:25.350456,100.0,54.36368942260742,400.0
2026-04-23T12:33:27.553902,100.0,54.51544952392578,400.0
2026-04-23T12:33:29.759535,100.0,54.36368942260742,400.0
2026-04-23T12:33:31.962270,100.0,54.414276123046875,400.0
2026-04-23T12:33:34.163984,100.0,54.414276123046875,400.0
2026-04-23T12:33:36.367342,100.0,54.36368942260742,400.0
2026-04-23T12:33:38.571337,100.0,54.21192932128906,400.0
2026-04-23T12:33:40.775564,100.0,54.31310272216797,400.0
2026-04-23T12:33:42.978641,100.0,54.414276123046875,400.0
2026-04-23T12:33:45.181766,100.0,54.414276123046875,400.0
2026-04-23T12:33:47.383697,100.0,54.31310272216797,400.0
2026-04-23T12:33:49.587845,100.0,54.36368942260742,400.0
2026-04-23T12:33:51.791228,100.0,54.414276123046875,400.0
2026-04-23T12:33:53.994271,100.0,54.46486282348633,400.0
2026-04-23T12:33:56.197287,100.0,54.46486282348633,400.0
2026-04-23T12:33:58.399510,100.0,54.51544952392578,400.0
2026-04-23T12:34:00.605130,100.0,54.566036224365234,400.0
2026-04-23T12:34:02.808618,100.0,54.566036224365234,400.0
2026-04-23T12:34:05.013753,100.0,54.566036224365234,400.0
2026-04-23T12:34:07.217739,100.0,54.51544952392578,400.0
2026-04-23T12:34:09.425051,100.0,54.51544952392578,400.0
2026-04-23T12:34:11.628141,100.0,54.566036224365234,400.0
2026-04-23T12:34:13.831359,100.0,54.46486282348633,400.0
2026-04-23T12:34:16.036140,100.0,54.51544952392578,400.0
2026-04-23T12:34:18.240197,100.0,54.46486282348633,400.0
2026-04-23T12:34:20.444873,100.0,54.46486282348633,400.0
2026-04-23T12:34:22.647337,100.0,54.51544952392578,400.0
2026-04-23T12:34:24.851573,100.0,54.566036224365234,400.0
2026-04-23T12:34:27.059740,100.0,54.46486282348633,400.0
2026-04-23T12:34:29.262857,100.0,54.566036224365234,400.0
2026-04-23T12:34:31.464490,100.0,54.51544952392578,400.0
2026-04-23T12:34:33.667845,100.0,54.61661911010742,400.0
2026-04-23T12:34:35.872468,100.0,54.667205810546875,400.0
2026-04-23T12:34:38.074859,100.0,54.566036224365234,400.0
2026-04-23T12:34:40.278689,100.0,54.566036224365234,400.0
2026-04-23T12:34:42.481781,100.0,54.566036224365234,400.0
2026-04-23T12:34:44.684776,100.0,54.51544952392578,400.0
2026-04-23T12:34:46.889791,100.0,54.566036224365234,400.0
2026-04-23T12:34:49.091614,100.0,54.566036224365234,400.0
2026-04-23T12:34:51.293757,100.0,54.61661911010742,400.0
2026-04-23T12:34:53.495930,100.0,54.61661911010742,400.0
2026-04-23T12:34:55.698220,100.0,54.667205810546875,400.0
2026-04-23T12:34:57.908223,100.0,54.566036224365234,400.0
2026-04-23T12:35:00.110840,100.0,54.61661911010742,400.0
2026-04-23T12:35:02.313680,100.0,54.566036224365234,400.0
2026-04-23T12:35:04.515587,100.0,54.566036224365234,400.0
2026-04-23T12:35:06.719637,100.0,54.51544952392578,400.0
2026-04-23T12:35:08.923617,100.0,54.566036224365234,400.0
2026-04-23T12:35:11.125978,100.0,54.71779251098633,400.0
2026-04-23T12:35:13.329793,100.0,54.51544952392578,400.0
2026-04-23T12:35:15.531936,100.0,54.61661911010742,400.0
2026-04-23T12:35:17.735839,100.0,54.51544952392578,400.0
2026-04-23T12:35:19.939863,100.0,54.71779251098633,400.0
2026-04-23T12:35:22.142303,100.0,54.566036224365234,400.0
2026-04-23T12:35:24.344409,100.0,54.71779251098633,400.0
2026-04-23T12:35:26.546484,100.0,54.667205810546875,400.0
2026-04-23T12:35:28.748087,100.0,54.71779251098633,400.0
2026-04-23T12:35:30.951115,100.0,54.667205810546875,400.0
2026-04-23T12:35:33.154070,100.0,54.71779251098633,400.0
2026-04-23T12:35:35.357564,100.0,54.667205810546875,400.0
2026-04-23T12:35:37.565284,100.0,54.71779251098633,400.0
2026-04-23T12:35:39.770385,100.0,54.566036224365234,400.0
2026-04-23T12:35:41.972820,100.0,54.71779251098633,400.0
2026-04-23T12:35:44.176118,100.0,54.51544952392578,400.0
2026-04-23T12:35:46.378693,100.0,54.61661911010742,400.0
2026-04-23T12:35:48.580413,100.0,54.61661911010742,400.0
2026-04-23T12:35:50.783613,100.0,54.61661911010742,400.0
2026-04-23T12:35:52.987440,100.0,54.818965911865234,400.0
2026-04-23T12:35:55.191411,100.0,54.76837921142578,400.0
2026-04-23T12:35:57.394850,100.0,54.667205810546875,400.0
2026-04-23T12:35:59.596661,100.0,54.667205810546875,400.0
2026-04-23T12:36:01.801199,100.0,54.71779251098633,400.0
2026-04-23T12:36:04.004106,100.0,54.667205810546875,400.0
2026-04-23T12:36:06.207698,100.0,54.71779251098633,400.0
2026-04-23T12:36:08.409992,100.0,54.667205810546875,400.0
2026-04-23T12:36:10.611712,100.0,54.61661911010742,400.0
2026-04-23T12:36:12.814536,100.0,54.566036224365234,400.0
2026-04-23T12:36:15.018691,100.0,54.61661911010742,400.0
2026-04-23T12:36:17.221027,100.0,54.61661911010742,400.0
2026-04-23T12:36:19.424602,100.0,54.71779251098633,400.0
2026-04-23T12:36:21.627053,100.0,54.667205810546875,400.0
2026-04-23T12:36:23.829865,100.0,54.71779251098633,400.0
2026-04-23T12:36:26.031965,100.0,54.61661911010742,400.0
2026-04-23T12:36:28.235041,100.0,54.71779251098633,400.0
2026-04-23T12:36:30.437612,100.0,54.71779251098633,400.0
2026-04-23T12:36:32.640843,100.0,54.61661911010742,400.0
2026-04-23T12:36:34.845654,100.0,54.667205810546875,400.0
2026-04-23T12:36:37.047493,100.0,54.71779251098633,400.0
2026-04-23T12:36:39.249800,100.0,54.667205810546875,400.0
2026-04-23T12:36:41.454662,100.0,54.566036224365234,400.0
2026-04-23T12:36:43.658917,100.0,54.61661911010742,400.0
2026-04-23T12:36:45.861959,100.0,54.667205810546875,400.0
2026-04-23T12:36:48.066428,100.0,54.61661911010742,400.0
2026-04-23T12:36:50.269016,100.0,54.61661911010742,400.0
2026-04-23T12:36:52.471015,100.0,54.61661911010742,400.0
2026-04-23T12:36:54.673020,100.0,54.667205810546875,400.0
2026-04-23T12:36:56.875764,100.0,54.667205810546875,400.0
2026-04-23T12:36:59.079457,100.0,54.71779251098633,400.0
2026-04-23T12:37:01.284048,100.0,54.71779251098633,400.0
2026-04-23T12:37:03.486710,100.0,54.71779251098633,400.0
2026-04-23T12:37:05.689467,100.0,54.818965911865234,400.0
2026-04-23T12:37:07.892826,100.0,54.818965911865234,400.0
2026-04-23T12:37:10.096435,100.0,54.71779251098633,400.0
2026-04-23T12:37:12.298374,100.0,54.76837921142578,400.0
2026-04-23T12:37:14.500365,100.0,54.667205810546875,400.0
2026-04-23T12:37:16.702404,100.0,54.76837921142578,400.0
2026-04-23T12:37:18.904986,100.0,54.76837921142578,400.0
2026-04-23T12:37:21.109444,100.0,54.71779251098633,400.0
2026-04-23T12:37:23.313887,100.0,54.76837921142578,400.0
2026-04-23T12:37:25.515775,100.0,54.76837921142578,400.0
2026-04-23T12:37:27.717647,100.0,54.86955261230469,400.0
2026-04-23T12:37:29.923940,100.0,54.86955261230469,400.0
2026-04-23T12:37:32.129655,100.0,54.818965911865234,400.0
2026-04-23T12:37:34.333140,100.0,54.76837921142578,400.0
2026-04-23T12:37:36.537465,100.0,54.76837921142578,400.0
2026-04-23T12:37:38.741005,100.0,54.92013931274414,400.0
2026-04-23T12:37:40.943337,100.0,55.02130889892578,400.0
2026-04-23T12:37:43.148988,100.0,54.86955261230469,400.0
2026-04-23T12:37:45.352374,100.0,54.970726013183594,400.0
2026-04-23T12:37:47.555150,100.0,54.92013931274414,400.0
2026-04-23T12:37:49.759064,100.0,54.970726013183594,400.0
2026-04-23T12:37:51.961128,100.0,54.970726013183594,400.0
2026-04-23T12:37:54.162809,100.0,54.86955261230469,400.0
2026-04-23T12:37:56.366679,100.0,55.02130889892578,400.0
2026-04-23T12:37:58.571028,100.0,55.02130889892578,400.0
2026-04-23T12:38:00.773021,100.0,55.071895599365234,400.0
2026-04-23T12:38:02.975284,100.0,55.071895599365234,400.0
2026-04-23T12:38:05.179007,100.0,55.02130889892578,400.0
2026-04-23T12:38:07.382299,100.0,54.92013931274414,400.0
2026-04-23T12:38:09.587002,100.0,54.92013931274414,400.0
2026-04-23T12:38:11.790733,100.0,54.970726013183594,400.0
2026-04-23T12:38:13.994088,100.0,54.92013931274414,400.0
2026-04-23T12:38:16.197652,100.0,55.02130889892578,400.0
2026-04-23T12:38:18.401132,100.0,55.12248229980469,400.0
2026-04-23T12:38:20.604363,100.0,55.071895599365234,400.0
2026-04-23T12:38:22.808658,100.0,54.970726013183594,400.0
2026-04-23T12:38:25.015695,100.0,54.970726013183594,400.0
2026-04-23T12:38:27.218572,100.0,55.071895599365234,400.0
2026-04-23T12:38:29.421280,100.0,55.02130889892578,400.0
2026-04-23T12:38:31.624767,100.0,55.071895599365234,400.0
2026-04-23T12:38:33.826918,100.0,55.12248229980469,400.0
2026-04-23T12:38:36.030482,100.0,55.02130889892578,400.0
2026-04-23T12:38:38.233355,100.0,55.02130889892578,400.0
2026-04-23T12:38:40.435575,100.0,55.02130889892578,400.0
2026-04-23T12:38:42.638463,100.0,54.970726013183594,400.0
2026-04-23T12:38:44.842589,100.0,54.970726013183594,400.0
2026-04-23T12:38:47.045000,100.0,55.02130889892578,400.0
2026-04-23T12:38:49.248413,100.0,55.071895599365234,400.0
2026-04-23T12:38:51.451944,100.0,55.12248229980469,400.0
2026-04-23T12:38:53.656418,100.0,55.071895599365234,400.0
2026-04-23T12:38:55.859922,100.0,55.071895599365234,400.0
2026-04-23T12:38:58.062709,100.0,55.071895599365234,400.0
2026-04-23T12:39:00.265140,100.0,55.12248229980469,400.0
2026-04-23T12:39:02.468755,100.0,55.12248229980469,400.0
2026-04-23T12:39:04.672630,100.0,55.12248229980469,400.0
2026-04-23T12:39:06.875360,100.0,55.02130889892578,400.0
2026-04-23T12:39:09.079077,100.0,55.071895599365234,400.0
2026-04-23T12:39:11.280779,100.0,55.071895599365234,400.0
2026-04-23T12:39:13.485215,100.0,55.17306900024414,400.0
2026-04-23T12:39:15.689903,100.0,55.12248229980469,400.0
2026-04-23T12:39:17.891788,100.0,55.071895599365234,400.0
2026-04-23T12:39:20.094997,100.0,55.3248291015625,400.0
2026-04-23T12:39:22.297836,100.0,55.17306900024414,400.0
2026-04-23T12:39:24.501534,100.0,55.27424240112305,400.0
2026-04-23T12:39:26.704767,100.0,55.12248229980469,400.0
2026-04-23T12:39:28.908060,100.0,55.27424240112305,400.0
2026-04-23T12:39:31.114478,100.0,55.27424240112305,400.0
2026-04-23T12:39:33.318916,100.0,55.223655700683594,400.0
2026-04-23T12:39:35.522360,100.0,55.27424240112305,400.0
2026-04-23T12:39:37.724455,100.0,55.37541580200195,400.0
2026-04-23T12:39:39.930870,100.0,55.3248291015625,400.0
2026-04-23T12:39:42.135031,100.0,55.27424240112305,400.0
2026-04-23T12:39:44.338043,100.0,55.3248291015625,400.0
2026-04-23T12:39:46.540362,100.0,55.3248291015625,400.0
2026-04-23T12:39:48.743255,100.0,55.3248291015625,400.0
2026-04-23T12:39:50.946474,100.0,55.37541580200195,400.0
2026-04-23T12:39:53.149725,100.0,55.42599868774414,400.0
2026-04-23T12:39:55.352543,100.0,55.3248291015625,400.0
2026-04-23T12:39:57.554638,100.0,55.3248291015625,400.0
2026-04-23T12:39:59.759740,100.0,55.37541580200195,400.0
2026-04-23T12:40:01.962435,100.0,55.52717208862305,400.0
2026-04-23T12:40:04.166448,100.0,55.42599868774414,400.0
2026-04-23T12:40:06.370571,100.0,55.37541580200195,400.0
2026-04-23T12:40:08.574383,100.0,55.37541580200195,400.0
2026-04-23T12:40:10.776289,100.0,55.37541580200195,400.0
2026-04-23T12:40:12.979379,100.0,55.476585388183594,400.0
2026-04-23T12:40:15.181159,100.0,55.476585388183594,400.0
2026-04-23T12:40:17.386055,100.0,55.42599868774414,400.0
2026-04-23T12:40:19.590693,100.0,55.37541580200195,400.0
2026-04-23T12:40:21.795545,100.0,55.42599868774414,400.0
2026-04-23T12:40:23.997762,100.0,55.42599868774414,400.0
2026-04-23T12:40:26.202833,100.0,55.37541580200195,400.0
2026-04-23T12:40:28.405342,100.0,55.476585388183594,400.0
2026-04-23T12:40:30.607335,100.0,55.42599868774414,400.0
2026-04-23T12:40:32.809258,100.0,55.42599868774414,400.0
2026-04-23T12:40:35.010869,100.0,55.42599868774414,400.0
2026-04-23T12:40:37.214625,100.0,55.3248291015625,400.0
2026-04-23T12:40:39.419467,100.0,55.37541580200195,400.0
2026-04-23T12:40:41.622539,100.0,55.42599868774414,400.0
2026-04-23T12:40:43.825885,100.0,55.476585388183594,400.0
2026-04-23T12:40:46.027574,100.0,55.37541580200195,400.0
2026-04-23T12:40:48.229855,100.0,55.476585388183594,400.0
2026-04-23T12:40:50.436443,100.0,55.476585388183594,400.0
2026-04-23T12:40:52.638724,100.0,55.37541580200195,400.0
2026-04-23T12:40:54.842092,100.0,55.52717208862305,400.0
2026-04-23T12:40:57.045074,100.0,55.42599868774414,400.0
2026-04-23T12:40:59.247329,100.0,55.52717208862305,400.0
2026-04-23T12:41:01.451144,100.0,55.476585388183594,400.0
2026-04-23T12:41:03.653608,100.0,55.52717208862305,400.0
2026-04-23T12:41:05.858911,100.0,55.62834548950195,400.0
2026-04-23T12:41:08.062737,100.0,55.476585388183594,400.0
2026-04-23T12:41:10.264703,100.0,55.42599868774414,400.0
2026-04-23T12:41:12.468058,100.0,55.476585388183594,400.0
2026-04-23T12:41:14.669961,100.0,55.476585388183594,400.0
2026-04-23T12:41:16.872167,100.0,55.52717208862305,400.0
2026-04-23T12:41:19.077467,100.0,55.476585388183594,400.0
2026-04-23T12:41:21.279303,100.0,55.5777587890625,400.0
2026-04-23T12:41:23.482454,100.0,55.476585388183594,400.0
2026-04-23T12:41:25.687271,100.0,55.42599868774414,400.0
2026-04-23T12:41:27.891533,100.0,55.42599868774414,400.0
2026-04-23T12:41:30.094132,100.0,55.37541580200195,400.0
2026-04-23T12:41:32.297044,100.0,55.5777587890625,400.0
2026-04-23T12:41:34.502355,100.0,55.42599868774414,400.0
2026-04-23T12:41:36.704698,100.0,55.476585388183594,400.0
2026-04-23T12:41:38.909648,100.0,55.476585388183594,400.0
2026-04-23T12:41:41.111700,100.0,55.42599868774414,400.0
2026-04-23T12:41:43.313889,100.0,55.476585388183594,400.0
2026-04-23T12:41:45.517175,100.0,55.42599868774414,400.0
2026-04-23T12:41:47.719357,100.0,55.42599868774414,400.0
2026-04-23T12:41:49.922749,100.0,55.42599868774414,400.0
2026-04-23T12:41:52.125722,100.0,55.37541580200195,400.0
2026-04-23T12:41:54.327354,100.0,55.42599868774414,400.0
2026-04-23T12:41:56.529194,100.0,55.3248291015625,400.0
2026-04-23T12:41:58.731029,100.0,55.37541580200195,400.0
2026-04-23T12:42:00.935468,100.0,55.37541580200195,400.0
2026-04-23T12:42:03.137482,100.0,55.3248291015625,400.0
2026-04-23T12:42:05.342923,100.0,55.37541580200195,400.0
2026-04-23T12:42:07.544803,100.0,55.3248291015625,400.0
2026-04-23T12:42:09.747424,100.0,55.3248291015625,400.0
2026-04-23T12:42:11.951469,100.0,55.476585388183594,400.0
2026-04-23T12:42:14.155061,100.0,55.3248291015625,400.0
2026-04-23T12:42:16.356790,100.0,55.3248291015625,400.0
2026-04-23T12:42:18.561176,100.0,55.37541580200195,400.0
2026-04-23T12:42:20.763721,100.0,55.3248291015625,400.0
2026-04-23T12:42:22.966959,100.0,55.3248291015625,400.0
2026-04-23T12:42:25.171009,100.0,55.3248291015625,400.0
2026-04-23T12:42:27.373719,100.0,55.27424240112305,400.0
2026-04-23T12:42:29.575830,100.0,55.223655700683594,400.0
2026-04-23T12:42:31.777456,100.0,55.27424240112305,400.0
2026-04-23T12:42:33.981097,100.0,55.27424240112305,400.0
2026-04-23T12:42:36.185141,100.0,55.27424240112305,400.0
2026-04-23T12:42:38.388482,100.0,55.3248291015625,400.0
2026-04-23T12:42:40.591781,100.0,55.27424240112305,400.0
2026-04-23T12:42:42.794121,100.0,55.37541580200195,400.0
2026-04-23T12:42:44.997470,100.0,55.37541580200195,400.0
2026-04-23T12:42:47.199686,100.0,55.3248291015625,400.0
2026-04-23T12:42:49.402884,100.0,55.37541580200195,400.0
2026-04-23T12:42:51.606278,100.0,55.42599868774414,400.0
2026-04-23T12:42:53.808025,100.0,55.3248291015625,400.0
2026-04-23T12:42:56.010822,100.0,55.3248291015625,400.0
2026-04-23T12:42:58.212645,100.0,55.223655700683594,400.0
2026-04-23T12:43:00.416189,100.0,55.27424240112305,400.0
2026-04-23T12:43:02.618217,100.0,55.3248291015625,400.0
2026-04-23T12:43:04.821999,100.0,55.3248291015625,400.0
2026-04-23T12:43:07.025742,100.0,55.42599868774414,400.0
2026-04-23T12:43:09.227907,100.0,55.3248291015625,400.0
2026-04-23T12:43:11.433619,100.0,55.223655700683594,400.0
2026-04-23T12:43:13.635637,100.0,55.223655700683594,400.0
2026-04-23T12:43:15.838662,100.0,55.17306900024414,400.0
2026-04-23T12:43:18.040745,100.0,55.12248229980469,400.0
2026-04-23T12:43:20.243500,100.0,55.17306900024414,400.0
2026-04-23T12:43:22.449791,100.0,55.17306900024414,400.0
2026-04-23T12:43:24.653543,100.0,55.071895599365234,400.0
2026-04-23T12:43:26.856714,100.0,55.17306900024414,400.0
2026-04-23T12:43:29.059829,100.0,55.12248229980469,400.0
2026-04-23T12:43:31.261886,100.0,55.223655700683594,400.0
2026-04-23T12:43:33.463747,100.0,55.17306900024414,400.0
2026-04-23T12:43:35.671379,100.0,55.17306900024414,400.0
2026-04-23T12:43:37.873668,100.0,55.223655700683594,400.0
2026-04-23T12:43:40.075424,100.0,55.12248229980469,400.0
2026-04-23T12:43:42.278327,100.0,55.223655700683594,400.0
2026-04-23T12:43:44.481280,100.0,55.17306900024414,400.0
2026-04-23T12:43:46.684980,100.0,55.223655700683594,400.0
2026-04-23T12:43:48.888416,100.0,55.223655700683594,400.0
2026-04-23T12:43:51.092313,100.0,55.223655700683594,400.0
2026-04-23T12:43:53.297208,100.0,55.071895599365234,400.0
2026-04-23T12:43:55.505062,100.0,55.223655700683594,400.0
2026-04-23T12:43:57.707360,100.0,55.17306900024414,400.0
2026-04-23T12:43:59.910724,100.0,55.17306900024414,400.0
2026-04-23T12:44:02.112788,100.0,55.071895599365234,400.0
2026-04-23T12:44:04.317307,100.0,55.071895599365234,400.0
2026-04-23T12:44:06.521632,100.0,55.12248229980469,400.0
2026-04-23T12:44:08.726356,100.0,55.12248229980469,400.0
2026-04-23T12:44:10.928003,100.0,55.17306900024414,400.0
2026-04-23T12:44:13.131287,100.0,55.071895599365234,400.0
2026-04-23T12:44:15.333388,100.0,55.12248229980469,400.0
2026-04-23T12:44:17.536331,100.0,55.02130889892578,400.0
2026-04-23T12:44:19.740239,100.0,55.12248229980469,400.0
2026-04-23T12:44:21.943262,100.0,55.17306900024414,400.0
2026-04-23T12:44:24.145602,100.0,55.17306900024414,400.0
2026-04-23T12:44:26.349757,100.0,55.12248229980469,400.0
2026-04-23T12:44:28.552504,100.0,55.12248229980469,400.0
2026-04-23T12:44:30.755311,100.0,55.223655700683594,400.0
2026-04-23T12:44:32.958331,100.0,55.223655700683594,400.0
2026-04-23T12:44:35.160312,100.0,55.12248229980469,400.0
2026-04-23T12:44:37.362851,100.0,55.02130889892578,400.0
2026-04-23T12:44:39.568424,100.0,55.12248229980469,400.0
2026-04-23T12:44:41.773679,100.0,55.071895599365234,400.0
2026-04-23T12:44:43.975876,100.0,55.17306900024414,400.0
2026-04-23T12:44:46.179217,100.0,55.12248229980469,400.0
2026-04-23T12:44:48.381564,100.0,55.071895599365234,400.0
2026-04-23T12:44:50.585631,100.0,55.02130889892578,400.0
2026-04-23T12:44:52.788494,100.0,54.970726013183594,400.0
2026-04-23T12:44:54.994094,,55.02130889892578,400.0
2026-04-23T12:44:57.198080,100.0,55.02130889892578,400.0
2026-04-23T12:44:59.400494,100.0,55.12248229980469,400.0
2026-04-23T12:45:01.604300,100.0,55.071895599365234,400.0
2026-04-23T12:45:03.807743,100.0,55.071895599365234,400.0
2026-04-23T12:45:06.010037,100.0,55.12248229980469,400.0
2026-04-23T12:45:08.212157,100.0,55.12248229980469,400.0
2026-04-23T12:45:10.418867,100.0,55.071895599365234,400.0
2026-04-23T12:45:12.621528,100.0,55.12248229980469,400.0
2026-04-23T12:45:14.824833,100.0,55.27424240112305,400.0
2026-04-23T12:45:17.027898,100.0,55.12248229980469,400.0
2026-04-23T12:45:19.229983,100.0,55.17306900024414,400.0
2026-04-23T12:45:21.432830,100.0,55.17306900024414,400.0
2026-04-23T12:45:23.636121,100.0,55.223655700683594,400.0
2026-04-23T12:45:25.839868,100.0,55.223655700683594,400.0
2026-04-23T12:45:28.041844,100.0,55.17306900024414,400.0
2026-04-23T12:45:30.243701,100.0,55.17306900024414,400.0
2026-04-23T12:45:32.447153,100.0,55.071895599365234,400.0
2026-04-23T12:45:34.650338,100.0,55.071895599365234,400.0
2026-04-23T12:45:36.854055,100.0,55.17306900024414,400.0
2026-04-23T12:45:39.057485,100.0,55.02130889892578,400.0
2026-04-23T12:45:41.261170,100.0,55.12248229980469,400.0
2026-04-23T12:45:43.462981,100.0,55.071895599365234,400.0
2026-04-23T12:45:45.667176,100.0,55.12248229980469,400.0
2026-04-23T12:45:47.869506,100.0,55.071895599365234,400.0
2026-04-23T12:45:50.072690,100.0,55.12248229980469,400.0
2026-04-23T12:45:52.274447,100.0,55.17306900024414,400.0
2026-04-23T12:45:54.479430,100.0,55.223655700683594,400.0
2026-04-23T12:45:56.681594,100.0,55.17306900024414,400.0
2026-04-23T12:45:58.884055,100.0,55.17306900024414,400.0
2026-04-23T12:46:01.086933,100.0,55.17306900024414,400.0
2026-04-23T12:46:03.290300,100.0,55.17306900024414,400.0
2026-04-23T12:46:05.492741,100.0,55.17306900024414,400.0
2026-04-23T12:46:07.695227,100.0,55.223655700683594,400.0
2026-04-23T12:46:09.899666,100.0,55.17306900024414,400.0
2026-04-23T12:46:12.102619,100.0,55.27424240112305,400.0
2026-04-23T12:46:14.305410,100.0,55.12248229980469,400.0
2026-04-23T12:46:16.509286,100.0,55.223655700683594,400.0
2026-04-23T12:46:18.711278,100.0,55.17306900024414,400.0
2026-04-23T12:46:20.914015,100.0,55.223655700683594,400.0
2026-04-23T12:46:23.116384,100.0,55.17306900024414,400.0
2026-04-23T12:46:25.320007,100.0,55.12248229980469,400.0
2026-04-23T12:46:27.522592,100.0,55.17306900024414,400.0
2026-04-23T12:46:29.726381,100.0,55.12248229980469,400.0
2026-04-23T12:46:31.932091,100.0,55.071895599365234,400.0
2026-04-23T12:46:34.135301,100.0,55.12248229980469,400.0
2026-04-23T12:46:36.338721,100.0,55.12248229980469,400.0
2026-04-23T12:46:38.542976,100.0,55.12248229980469,400.0
2026-04-23T12:46:40.745690,100.0,55.071895599365234,400.0
2026-04-23T12:46:42.949634,100.0,55.02130889892578,400.0
2026-04-23T12:46:45.153017,100.0,55.12248229980469,400.0
2026-04-23T12:46:47.356541,100.0,55.02130889892578,400.0
2026-04-23T12:46:49.560100,100.0,55.12248229980469,400.0
2026-04-23T12:46:51.762253,100.0,55.071895599365234,400.0
2026-04-23T12:46:53.966518,100.0,55.02130889892578,400.0
2026-04-23T12:46:56.169275,100.0,55.02130889892578,400.0
2026-04-23T12:46:58.372323,100.0,55.12248229980469,400.0
2026-04-23T12:47:00.574522,100.0,55.071895599365234,400.0
2026-04-23T12:47:02.776452,100.0,55.02130889892578,400.0
2026-04-23T12:47:04.978254,100.0,55.12248229980469,400.0
2026-04-23T12:47:07.181327,100.0,55.071895599365234,400.0
2026-04-23T12:47:09.383479,100.0,55.12248229980469,400.0
2026-04-23T12:47:11.587465,100.0,54.970726013183594,400.0
2026-04-23T12:47:13.790522,100.0,54.92013931274414,400.0
2026-04-23T12:47:15.992480,100.0,54.92013931274414,400.0
2026-04-23T12:47:18.196784,100.0,54.970726013183594,400.0
2026-04-23T12:47:20.400485,100.0,54.92013931274414,400.0
2026-04-23T12:47:22.603128,100.0,54.970726013183594,400.0
2026-04-23T12:47:24.805409,100.0,54.92013931274414,400.0
2026-04-23T12:47:27.008488,100.0,55.02130889892578,400.0
2026-04-23T12:47:29.212045,100.0,54.92013931274414,400.0
2026-04-23T12:47:31.414495,100.0,55.071895599365234,400.0
2026-04-23T12:47:33.618811,100.0,55.071895599365234,400.0
2026-04-23T12:47:35.820690,100.0,54.970726013183594,400.0
2026-04-23T12:47:38.022301,100.0,54.92013931274414,400.0
2026-04-23T12:47:40.225584,100.0,54.86955261230469,400.0
2026-04-23T12:47:42.427198,100.0,54.818965911865234,400.0
2026-04-23T12:47:44.629911,100.0,54.970726013183594,400.0
2026-04-23T12:47:46.833863,100.0,55.02130889892578,400.0
2026-04-23T12:47:49.036092,100.0,54.970726013183594,400.0
2026-04-23T12:47:51.238507,100.0,54.92013931274414,400.0
2026-04-23T12:47:53.441249,100.0,55.02130889892578,400.0
2026-04-23T12:47:55.643275,100.0,55.02130889892578,400.0
2026-04-23T12:47:57.846732,100.0,55.071895599365234,400.0
2026-04-23T12:48:00.051922,100.0,54.970726013183594,400.0
2026-04-23T12:48:02.254813,100.0,54.92013931274414,400.0
2026-04-23T12:48:04.456833,100.0,54.970726013183594,400.0
2026-04-23T12:48:06.660252,100.0,54.970726013183594,400.0
2026-04-23T12:48:08.862562,100.0,55.02130889892578,400.0
2026-04-23T12:48:11.064825,100.0,55.02130889892578,400.0
2026-04-23T12:48:13.267904,100.0,54.970726013183594,400.0
2026-04-23T12:48:15.473113,100.0,54.970726013183594,400.0
2026-04-23T12:48:17.674957,100.0,55.02130889892578,400.0
2026-04-23T12:48:19.877632,100.0,54.970726013183594,400.0
2026-04-23T12:48:22.080780,100.0,54.970726013183594,400.0
2026-04-23T12:48:24.285462,100.0,55.02130889892578,400.0
2026-04-23T12:48:26.489370,100.0,55.02130889892578,400.0
2026-04-23T12:48:28.692576,100.0,55.12248229980469,400.0
2026-04-23T12:48:30.895367,100.0,55.02130889892578,400.0
2026-04-23T12:48:33.098730,100.0,54.970726013183594,400.0
2026-04-23T12:48:35.301030,100.0,55.071895599365234,400.0
2026-04-23T12:48:37.503424,100.0,55.12248229980469,400.0
2026-04-23T12:48:39.709361,100.0,55.12248229980469,400.0
2026-04-23T12:48:41.912283,100.0,55.223655700683594,400.0
2026-04-23T12:48:44.118914,100.0,55.12248229980469,400.0
2026-04-23T12:48:46.320905,100.0,55.12248229980469,400.0
2026-04-23T12:48:48.522867,100.0,55.071895599365234,400.0
2026-04-23T12:48:50.724708,100.0,55.071895599365234,400.0
2026-04-23T12:48:52.926652,100.0,55.17306900024414,400.0
2026-04-23T12:48:55.130960,100.0,55.27424240112305,400.0
2026-04-23T12:48:57.334575,100.0,55.27424240112305,400.0
2026-04-23T12:48:59.538392,100.0,55.27424240112305,400.0
2026-04-23T12:49:01.742564,100.0,55.223655700683594,400.0
2026-04-23T12:49:03.944234,100.0,55.27424240112305,400.0
2026-04-23T12:49:06.146662,100.0,55.27424240112305,400.0
2026-04-23T12:49:08.350971,100.0,55.3248291015625,400.0
2026-04-23T12:49:10.555034,100.0,55.17306900024414,400.0
2026-04-23T12:49:12.756624,100.0,55.223655700683594,400.0
2026-04-23T12:49:14.959441,100.0,55.27424240112305,400.0
2026-04-23T12:49:17.161344,100.0,55.27424240112305,400.0
2026-04-23T12:49:19.363996,100.0,55.3248291015625,400.0
2026-04-23T12:49:21.567052,100.0,55.27424240112305,400.0
2026-04-23T12:49:23.769582,100.0,55.3248291015625,400.0
2026-04-23T12:49:25.971954,100.0,55.27424240112305,400.0
2026-04-23T12:49:28.173725,100.0,55.3248291015625,400.0
2026-04-23T12:49:30.375452,100.0,55.27424240112305,400.0
2026-04-23T12:49:32.577086,100.0,55.223655700683594,400.0
2026-04-23T12:49:34.779058,100.0,55.223655700683594,400.0
2026-04-23T12:49:36.981178,100.0,55.27424240112305,400.0
2026-04-23T12:49:39.184321,100.0,55.223655700683594,400.0
2026-04-23T12:49:41.391936,100.0,55.17306900024414,400.0
2026-04-23T12:49:43.594236,100.0,55.223655700683594,400.0
2026-04-23T12:49:45.797806,100.0,55.17306900024414,400.0
2026-04-23T12:49:48.000591,100.0,55.17306900024414,400.0
2026-04-23T12:49:50.203980,100.0,55.27424240112305,400.0
2026-04-23T12:49:52.405602,100.0,55.27424240112305,400.0
2026-04-23T12:49:54.607585,100.0,55.17306900024414,400.0
2026-04-23T12:49:56.811033,100.0,55.27424240112305,400.0
2026-04-23T12:49:59.014664,100.0,55.37541580200195,400.0
2026-04-23T12:50:01.216890,100.0,55.42599868774414,400.0
2026-04-23T12:50:03.419165,100.0,55.37541580200195,400.0
2026-04-23T12:50:05.621746,100.0,55.37541580200195,400.0
2026-04-23T12:50:07.823558,100.0,55.27424240112305,400.0
2026-04-23T12:50:10.026918,100.0,55.3248291015625,400.0
2026-04-23T12:50:12.230094,100.0,55.3248291015625,400.0
2026-04-23T12:50:14.432941,100.0,55.27424240112305,400.0
2026-04-23T12:50:16.637091,100.0,55.37541580200195,400.0
2026-04-23T12:50:18.839723,100.0,55.3248291015625,400.0
2026-04-23T12:50:21.042049,100.0,55.3248291015625,400.0
2026-04-23T12:50:23.245531,100.0,55.3248291015625,400.0
2026-04-23T12:50:25.447929,100.0,55.42599868774414,400.0
2026-04-23T12:50:27.654205,100.0,55.42599868774414,400.0
2026-04-23T12:50:29.857956,100.0,55.42599868774414,400.0
2026-04-23T12:50:32.060653,100.0,55.42599868774414,400.0
2026-04-23T12:50:34.266084,100.0,55.476585388183594,400.0
2026-04-23T12:50:36.469147,100.0,55.42599868774414,400.0
2026-04-23T12:50:38.672247,100.0,55.42599868774414,400.0
2026-04-23T12:50:40.874109,100.0,55.52717208862305,400.0
2026-04-23T12:50:43.077102,100.0,55.42599868774414,400.0
2026-04-23T12:50:45.279144,100.0,55.37541580200195,400.0
2026-04-23T12:50:47.482019,100.0,55.52717208862305,400.0
2026-04-23T12:50:49.684036,100.0,55.37541580200195,400.0
2026-04-23T12:50:51.890023,100.0,55.476585388183594,400.0
2026-04-23T12:50:54.092707,100.0,55.52717208862305,400.0
2026-04-23T12:50:56.294834,100.0,55.476585388183594,400.0
2026-04-23T12:50:58.497104,100.0,55.5777587890625,400.0
2026-04-23T12:51:00.700334,100.0,55.52717208862305,400.0
2026-04-23T12:51:02.902425,100.0,55.476585388183594,400.0
2026-04-23T12:51:05.105713,100.0,55.5777587890625,400.0
2026-04-23T12:51:07.308850,100.0,55.5777587890625,400.0
2026-04-23T12:51:09.511743,100.0,55.52717208862305,400.0
2026-04-23T12:51:11.714910,100.0,55.476585388183594,400.0
2026-04-23T12:51:13.918535,100.0,55.52717208862305,400.0
2026-04-23T12:51:16.121006,100.0,55.476585388183594,400.0
2026-04-23T12:51:18.322709,100.0,55.476585388183594,400.0
2026-04-23T12:51:20.524259,100.0,55.42599868774414,400.0
2026-04-23T12:51:22.728413,100.0,55.476585388183594,400.0
2026-04-23T12:51:24.938728,100.0,55.476585388183594,400.0
2026-04-23T12:51:27.140642,100.0,55.476585388183594,400.0
2026-04-23T12:51:29.343236,100.0,55.52717208862305,400.0
2026-04-23T12:51:31.547260,100.0,55.476585388183594,400.0
2026-04-23T12:51:33.751077,100.0,55.42599868774414,400.0
2026-04-23T12:51:35.954706,100.0,55.37541580200195,400.0
2026-04-23T12:51:38.157505,100.0,55.42599868774414,400.0
2026-04-23T12:51:40.359909,100.0,55.3248291015625,400.0
2026-04-23T12:51:42.561793,100.0,55.476585388183594,400.0
2026-04-23T12:51:44.764538,100.0,55.27424240112305,400.0
2026-04-23T12:51:46.968592,100.0,55.3248291015625,400.0
2026-04-23T12:51:49.171448,100.0,55.3248291015625,400.0
2026-04-23T12:51:51.375213,100.0,55.3248291015625,400.0
2026-04-23T12:51:53.577190,100.0,55.37541580200195,400.0
2026-04-23T12:51:55.781867,100.0,55.27424240112305,400.0
2026-04-23T12:51:57.984143,100.0,55.37541580200195,400.0
2026-04-23T12:52:00.186317,100.0,55.37541580200195,400.0
2026-04-23T12:52:02.388501,100.0,55.42599868774414,400.0
2026-04-23T12:52:04.592469,100.0,55.27424240112305,400.0
2026-04-23T12:52:06.795687,100.0,55.27424240112305,400.0
2026-04-23T12:52:09.000146,100.0,55.27424240112305,400.0
2026-04-23T12:52:11.203781,100.0,55.223655700683594,400.0
2026-04-23T12:52:13.405494,100.0,55.223655700683594,400.0
2026-04-23T12:52:15.608497,100.0,55.27424240112305,400.0
2026-04-23T12:52:17.810379,100.0,55.17306900024414,400.0
2026-04-23T12:52:20.014816,100.0,55.223655700683594,400.0
2026-04-23T12:52:22.217380,100.0,55.17306900024414,400.0
2026-04-23T12:52:24.419817,100.0,55.17306900024414,400.0
2026-04-23T12:52:26.622344,100.0,55.17306900024414,400.0
2026-04-23T12:52:28.824295,100.0,55.071895599365234,400.0
2026-04-23T12:52:31.027989,100.0,55.02130889892578,400.0
2026-04-23T12:52:33.229979,100.0,55.02130889892578,400.0
2026-04-23T12:52:35.434172,100.0,55.12248229980469,400.0
2026-04-23T12:52:37.636333,100.0,55.02130889892578,400.0
2026-04-23T12:52:39.839421,100.0,54.970726013183594,400.0
2026-04-23T12:52:42.043026,100.0,55.071895599365234,400.0
2026-04-23T12:52:44.247534,100.0,55.12248229980469,400.0
2026-04-23T12:52:46.449891,100.0,55.02130889892578,400.0
2026-04-23T12:52:48.654144,100.0,55.02130889892578,400.0
2026-04-23T12:52:50.855995,100.0,55.071895599365234,400.0
2026-04-23T12:52:53.059440,100.0,55.071895599365234,400.0
2026-04-23T12:52:55.262641,100.0,55.071895599365234,400.0
2026-04-23T12:52:57.465725,100.0,55.071895599365234,400.0
2026-04-23T12:52:59.669031,100.0,55.02130889892578,400.0
2026-04-23T12:53:01.871666,100.0,55.12248229980469,400.0
2026-04-23T12:53:04.073202,100.0,55.17306900024414,400.0
2026-04-23T12:53:06.274759,100.0,55.12248229980469,400.0
2026-04-23T12:53:08.476314,100.0,55.071895599365234,400.0
2026-04-23T12:53:10.682493,100.0,55.12248229980469,400.0
2026-04-23T12:53:12.884574,100.0,55.071895599365234,400.0
2026-04-23T12:53:15.087545,100.0,55.02130889892578,400.0
2026-04-23T12:53:17.289547,83.6,54.92013931274414,400.0
2026-04-23T12:53:19.492222,100.0,54.970726013183594,400.0
2026-04-23T12:53:21.695706,100.0,55.071895599365234,400.0
2026-04-23T12:53:23.900455,100.0,55.02130889892578,400.0
2026-04-23T12:53:26.105472,100.0,55.071895599365234,400.0
2026-04-23T12:53:28.312094,100.0,55.071895599365234,400.0
2026-04-23T12:53:30.519824,100.0,55.12248229980469,400.0
2026-04-23T12:53:32.724108,100.0,55.071895599365234,400.0
2026-04-23T12:53:34.927348,100.0,55.12248229980469,400.0
2026-04-23T12:53:37.132499,100.0,55.12248229980469,400.0
2026-04-23T12:53:39.335605,100.0,55.223655700683594,400.0
2026-04-23T12:53:41.538871,100.0,55.12248229980469,400.0
2026-04-23T12:53:43.744026,100.0,55.17306900024414,400.0
2026-04-23T12:53:45.948801,100.0,55.27424240112305,400.0
2026-04-23T12:53:48.152182,100.0,55.17306900024414,400.0
2026-04-23T12:53:50.358109,100.0,55.223655700683594,400.0
2026-04-23T12:53:52.564933,100.0,55.223655700683594,400.0
2026-04-23T12:53:54.768251,100.0,55.223655700683594,400.0
2026-04-23T12:53:56.971626,100.0,55.12248229980469,400.0
2026-04-23T12:53:59.177933,100.0,55.17306900024414,400.0
2026-04-23T12:54:01.383345,100.0,55.223655700683594,400.0
2026-04-23T12:54:03.596887,100.0,55.223655700683594,400.0
2026-04-23T12:54:05.801384,100.0,55.223655700683594,400.0
2026-04-23T12:54:08.007498,100.0,55.223655700683594,400.0
2026-04-23T12:54:10.209748,100.0,55.27424240112305,400.0
2026-04-23T12:54:12.412726,100.0,55.223655700683594,400.0
2026-04-23T12:54:14.620490,100.0,55.223655700683594,400.0
2026-04-23T12:54:16.824681,100.0,55.071895599365234,400.0
2026-04-23T12:54:19.026854,100.0,55.223655700683594,400.0
2026-04-23T12:54:21.230771,100.0,55.17306900024414,400.0
2026-04-23T12:54:23.434308,100.0,55.3248291015625,400.0
2026-04-23T12:54:25.637684,100.0,55.27424240112305,400.0
2026-04-23T12:54:27.841032,100.0,55.3248291015625,400.0
2026-04-23T12:54:30.045997,100.0,55.3248291015625,400.0
2026-04-23T12:54:32.249270,100.0,55.27424240112305,400.0
2026-04-23T12:54:34.453839,100.0,55.223655700683594,400.0
2026-04-23T12:54:36.657167,100.0,55.27424240112305,400.0
2026-04-23T12:54:38.861202,100.0,55.3248291015625,400.0
2026-04-23T12:54:41.066637,100.0,55.223655700683594,400.0
2026-04-23T12:54:43.270808,100.0,55.37541580200195,400.0
2026-04-23T12:54:45.474407,100.0,55.37541580200195,400.0
2026-04-23T12:54:47.677725,100.0,55.27424240112305,400.0
2026-04-23T12:54:49.882053,100.0,55.27424240112305,400.0
2026-04-23T12:54:52.089415,100.0,55.3248291015625,400.0
2026-04-23T12:54:54.296444,100.0,55.27424240112305,400.0
2026-04-23T12:54:56.500019,100.0,55.223655700683594,400.0
2026-04-23T12:54:58.704243,100.0,55.223655700683594,400.0
2026-04-23T12:55:00.907130,100.0,55.223655700683594,400.0
2026-04-23T12:55:03.112352,100.0,55.37541580200195,400.0
2026-04-23T12:55:05.316367,100.0,55.42599868774414,400.0
2026-04-23T12:55:07.519855,100.0,55.3248291015625,400.0
2026-04-23T12:55:09.724766,100.0,55.42599868774414,400.0
2026-04-23T12:55:11.928652,100.0,55.3248291015625,400.0
2026-04-23T12:55:14.134167,100.0,55.37541580200195,400.0
2026-04-23T12:55:16.337914,100.0,55.3248291015625,400.0
2026-04-23T12:55:18.542035,100.0,55.3248291015625,400.0
2026-04-23T12:55:20.746773,100.0,55.3248291015625,400.0
2026-04-23T12:55:22.950557,100.0,55.37541580200195,400.0
2026-04-23T12:55:25.158119,100.0,55.37541580200195,400.0
2026-04-23T12:55:27.362384,100.0,55.3248291015625,400.0
2026-04-23T12:55:29.567722,100.0,55.42599868774414,400.0
2026-04-23T12:55:31.771881,100.0,55.37541580200195,400.0
2026-04-23T12:55:33.974948,100.0,55.42599868774414,400.0
2026-04-23T12:55:36.189786,100.0,55.52717208862305,400.0
2026-04-23T12:55:38.393864,100.0,55.476585388183594,400.0
2026-04-23T12:55:40.598272,100.0,55.42599868774414,400.0
2026-04-23T12:55:42.801894,100.0,55.42599868774414,400.0
2026-04-23T12:55:45.006397,100.0,55.476585388183594,400.0
2026-04-23T12:55:47.209007,100.0,55.5777587890625,400.0
2026-04-23T12:55:49.413929,100.0,55.52717208862305,400.0
2026-04-23T12:55:51.629031,100.0,55.5777587890625,400.0
2026-04-23T12:55:53.834127,100.0,55.476585388183594,400.0
2026-04-23T12:55:56.037040,100.0,55.5777587890625,400.0
2026-04-23T12:55:58.244461,100.0,55.62834548950195,400.0
2026-04-23T12:56:00.448564,100.0,55.678932189941406,400.0
2026-04-23T12:56:02.654600,100.0,55.5777587890625,400.0
2026-04-23T12:56:04.856675,100.0,55.678932189941406,400.0
2026-04-23T12:56:07.060798,100.0,55.5777587890625,400.0
2026-04-23T12:56:09.266000,100.0,55.678932189941406,400.0
2026-04-23T12:56:11.468189,100.0,55.5777587890625,400.0
2026-04-23T12:56:13.671868,100.0,55.62834548950195,400.0
2026-04-23T12:56:15.874853,100.0,55.62834548950195,400.0
2026-04-23T12:56:18.080318,100.0,55.62834548950195,400.0
2026-04-23T12:56:20.285664,100.0,55.72951889038086,400.0
2026-04-23T12:56:22.494768,100.0,55.72951889038086,400.0
2026-04-23T12:56:24.698407,100.0,55.72951889038086,400.0
2026-04-23T12:56:26.905853,100.0,55.72951889038086,400.0
2026-04-23T12:56:29.107679,100.0,55.78010559082031,400.0
2026-04-23T12:56:31.314111,100.0,55.8306884765625,400.0
2026-04-23T12:56:33.517999,100.0,55.8306884765625,400.0
2026-04-23T12:56:35.724006,100.0,55.8306884765625,400.0
2026-04-23T12:56:37.927266,100.0,55.8306884765625,400.0
2026-04-23T12:56:40.132943,100.0,55.8306884765625,400.0
2026-04-23T12:56:42.337076,100.0,55.78010559082031,400.0
2026-04-23T12:56:44.542212,100.0,55.88127517700195,400.0
2026-04-23T12:56:46.748109,100.0,55.88127517700195,400.0
2026-04-23T12:56:48.953797,100.0,55.88127517700195,400.0
2026-04-23T12:56:51.156500,100.0,55.8306884765625,400.0
2026-04-23T12:56:53.359150,100.0,55.78010559082031,400.0
2026-04-23T12:56:55.562738,100.0,55.72951889038086,400.0
2026-04-23T12:56:57.767034,100.0,55.78010559082031,400.0
2026-04-23T12:56:59.969730,100.0,55.78010559082031,400.0
2026-04-23T12:57:02.176961,100.0,55.678932189941406,400.0
2026-04-23T12:57:04.384371,100.0,55.5777587890625,400.0
2026-04-23T12:57:06.590812,100.0,55.52717208862305,400.0
2026-04-23T12:57:08.794738,100.0,55.52717208862305,400.0
2026-04-23T12:57:11.000205,100.0,55.5777587890625,400.0
2026-04-23T12:57:13.204624,100.0,55.476585388183594,400.0
2026-04-23T12:57:15.412428,100.0,55.3248291015625,400.0
2026-04-23T12:57:17.618276,100.0,55.27424240112305,400.0
2026-04-23T12:57:19.823704,100.0,55.27424240112305,400.0
2026-04-23T12:57:22.027656,100.0,55.27424240112305,400.0
2026-04-23T12:57:24.232445,100.0,55.17306900024414,400.0
2026-04-23T12:57:26.436089,100.0,55.17306900024414,400.0
2026-04-23T12:57:28.639586,100.0,55.12248229980469,400.0
2026-04-23T12:57:30.844386,100.0,55.02130889892578,400.0
2026-04-23T12:57:33.057936,100.0,55.071895599365234,400.0
2026-04-23T12:57:35.263416,100.0,54.970726013183594,400.0
2026-04-23T12:57:37.469536,100.0,54.92013931274414,400.0
2026-04-23T12:57:39.673771,100.0,54.92013931274414,400.0
2026-04-23T12:57:41.876287,100.0,54.92013931274414,400.0
2026-04-23T12:57:44.084746,100.0,54.818965911865234,400.0
2026-04-23T12:57:46.287614,100.0,54.92013931274414,400.0
2026-04-23T12:57:48.493653,100.0,54.76837921142578,400.0
2026-04-23T12:57:50.700956,100.0,54.76837921142578,400.0
2026-04-23T12:57:52.905232,100.0,54.667205810546875,400.0
2026-04-23T12:57:55.107772,100.0,54.71779251098633,400.0
2026-04-23T12:57:57.310451,100.0,54.667205810546875,400.0
2026-04-23T12:57:59.514775,100.0,54.667205810546875,400.0
2026-04-23T12:58:01.717869,100.0,54.61661911010742,400.0
2026-04-23T12:58:03.920356,100.0,54.61661911010742,400.0
2026-04-23T12:58:06.129417,100.0,54.61661911010742,400.0
2026-04-23T12:58:08.335090,100.0,54.566036224365234,400.0
2026-04-23T12:58:10.540954,100.0,54.51544952392578,400.0
2026-04-23T12:58:12.745074,100.0,54.46486282348633,400.0
2026-04-23T12:58:14.952123,100.0,54.46486282348633,400.0
2026-04-23T12:58:17.156492,100.0,54.414276123046875,400.0
2026-04-23T12:58:19.359857,100.0,54.36368942260742,400.0
2026-04-23T12:58:21.564162,100.0,54.262516021728516,400.0
2026-04-23T12:58:23.767200,100.0,54.262516021728516,400.0
2026-04-23T12:58:25.972520,100.0,54.21192932128906,400.0
2026-04-23T12:58:28.177166,100.0,54.31310272216797,400.0
2026-04-23T12:58:30.382144,100.0,54.36368942260742,400.0
2026-04-23T12:58:32.584390,100.0,54.61661911010742,400.0
2026-04-23T12:58:34.787246,100.0,54.46486282348633,400.0
2026-04-23T12:58:36.996567,100.0,54.566036224365234,400.0
2026-04-23T12:58:39.199378,100.0,54.61661911010742,400.0
2026-04-23T12:58:41.403706,100.0,54.667205810546875,400.0
2026-04-23T12:58:43.607148,100.0,54.71779251098633,400.0
2026-04-23T12:58:45.810521,100.0,54.71779251098633,400.0
2026-04-23T12:58:48.013062,100.0,54.71779251098633,400.0
2026-04-23T12:58:50.218718,100.0,54.86955261230469,400.0
2026-04-23T12:58:52.424454,100.0,54.970726013183594,400.0
2026-04-23T12:58:54.634616,100.0,54.970726013183594,400.0
2026-04-23T12:58:56.838917,100.0,55.02130889892578,400.0
2026-04-23T12:58:59.041747,100.0,55.12248229980469,400.0
2026-04-23T12:59:01.245162,100.0,55.12248229980469,400.0
2026-04-23T12:59:03.453406,100.0,55.223655700683594,400.0
2026-04-23T12:59:05.659255,100.0,55.223655700683594,400.0
2026-04-23T12:59:07.868695,100.0,55.223655700683594,400.0
2026-04-23T12:59:10.072309,100.0,55.27424240112305,400.0
2026-04-23T12:59:12.276019,100.0,55.27424240112305,400.0
2026-04-23T12:59:14.481199,100.0,55.223655700683594,400.0
2026-04-23T12:59:16.686225,100.0,55.37541580200195,400.0
2026-04-23T12:59:18.889545,100.0,55.37541580200195,400.0
2026-04-23T12:59:21.091874,100.0,55.52717208862305,400.0
2026-04-23T12:59:23.295952,100.0,55.476585388183594,400.0
2026-04-23T12:59:25.500869,100.0,55.476585388183594,400.0
2026-04-23T12:59:27.703818,100.0,55.42599868774414,400.0
2026-04-23T12:59:29.906652,100.0,55.42599868774414,400.0
2026-04-23T12:59:32.110874,100.0,55.52717208862305,400.0
2026-04-23T12:59:34.314685,100.0,55.42599868774414,400.0
2026-04-23T12:59:36.517617,100.0,55.37541580200195,400.0
2026-04-23T12:59:38.720863,100.0,55.27424240112305,400.0
2026-04-23T12:59:40.924656,100.0,55.37541580200195,400.0
2026-04-23T12:59:43.131125,100.0,55.37541580200195,400.0
2026-04-23T12:59:45.335045,100.0,55.37541580200195,400.0
2026-04-23T12:59:47.540920,100.0,55.476585388183594,400.0
2026-04-23T12:59:49.744031,100.0,55.37541580200195,400.0
2026-04-23T12:59:51.950241,100.0,55.3248291015625,400.0
2026-04-23T12:59:54.152503,100.0,55.27424240112305,400.0
2026-04-23T12:59:56.356011,100.0,55.27424240112305,400.0
2026-04-23T12:59:58.559165,100.0,55.3248291015625,400.0
2026-04-23T13:00:00.762729,100.0,55.3248291015625,400.0
2026-04-23T13:00:02.966928,100.0,55.37541580200195,400.0
2026-04-23T13:00:05.170093,100.0,55.37541580200195,400.0
2026-04-23T13:00:07.373811,100.0,55.476585388183594,400.0
2026-04-23T13:00:09.578152,100.0,55.42599868774414,400.0
2026-04-23T13:00:11.780759,100.0,55.42599868774414,400.0
2026-04-23T13:00:13.984269,100.0,55.42599868774414,400.0
2026-04-23T13:00:16.188741,100.0,55.42599868774414,400.0
2026-04-23T13:00:18.390860,100.0,55.476585388183594,400.0
2026-04-23T13:00:20.596001,100.0,55.52717208862305,400.0
2026-04-23T13:00:22.798712,100.0,55.476585388183594,400.0
2026-04-23T13:00:25.001727,100.0,55.42599868774414,400.0
2026-04-23T13:00:27.205523,100.0,55.52717208862305,400.0
2026-04-23T13:00:29.412568,100.0,55.62834548950195,400.0
2026-04-23T13:00:31.616899,100.0,55.52717208862305,400.0
2026-04-23T13:00:33.821628,100.0,55.52717208862305,400.0
2026-04-23T13:00:36.024560,100.0,55.62834548950195,400.0
2026-04-23T13:00:38.228893,100.0,55.62834548950195,400.0
2026-04-23T13:00:40.431874,100.0,55.678932189941406,400.0
2026-04-23T13:00:42.635118,100.0,55.72951889038086,400.0
2026-04-23T13:00:44.837932,100.0,55.678932189941406,400.0
2026-04-23T13:00:47.043791,100.0,55.62834548950195,400.0
2026-04-23T13:00:49.249356,100.0,55.62834548950195,400.0
2026-04-23T13:00:51.452987,100.0,55.678932189941406,400.0
2026-04-23T13:00:53.659462,100.0,55.5777587890625,400.0
2026-04-23T13:00:55.867034,100.0,55.678932189941406,400.0
2026-04-23T13:00:58.074127,100.0,55.78010559082031,400.0
2026-04-23T13:01:00.276516,100.0,55.62834548950195,400.0
2026-04-23T13:01:02.485037,100.0,55.678932189941406,400.0
2026-04-23T13:01:04.689326,100.0,55.8306884765625,400.0
2026-04-23T13:01:06.893542,100.0,55.8306884765625,400.0
2026-04-23T13:01:09.099882,100.0,55.78010559082031,400.0
2026-04-23T13:01:11.304997,100.0,55.72951889038086,400.0
2026-04-23T13:01:13.510672,100.0,55.678932189941406,400.0
2026-04-23T13:01:15.713172,100.0,55.72951889038086,400.0
2026-04-23T13:01:17.915602,100.0,55.8306884765625,400.0
2026-04-23T13:01:20.119993,100.0,55.72951889038086,400.0
2026-04-23T13:01:22.326037,100.0,55.8306884765625,400.0
2026-04-23T13:01:24.529865,100.0,55.931861877441406,400.0
2026-04-23T13:01:26.732900,100.0,55.931861877441406,400.0
2026-04-23T13:01:28.937325,100.0,55.8306884765625,400.0
2026-04-23T13:01:31.141707,100.0,56.03303527832031,400.0
2026-04-23T13:01:33.344703,100.0,55.931861877441406,400.0
2026-04-23T13:01:35.548772,100.0,55.931861877441406,400.0
2026-04-23T13:01:37.753065,100.0,55.98244857788086,400.0
2026-04-23T13:01:39.956590,100.0,55.931861877441406,400.0
2026-04-23T13:01:42.162086,100.0,55.8306884765625,400.0
2026-04-23T13:01:44.365476,100.0,55.98244857788086,400.0
2026-04-23T13:01:46.568988,100.0,55.931861877441406,400.0
2026-04-23T13:01:48.772878,100.0,56.03303527832031,400.0
2026-04-23T13:01:50.975454,100.0,55.931861877441406,400.0
2026-04-23T13:01:53.183303,100.0,55.88127517700195,400.0
2026-04-23T13:01:55.386615,100.0,55.931861877441406,400.0
2026-04-23T13:01:57.590276,100.0,55.8306884765625,400.0
2026-04-23T13:01:59.794735,100.0,55.8306884765625,400.0
2026-04-23T13:02:01.998072,100.0,55.8306884765625,400.0
2026-04-23T13:02:04.200221,100.0,55.8306884765625,400.0
2026-04-23T13:02:06.403173,100.0,55.98244857788086,400.0
2026-04-23T13:02:08.608730,100.0,55.98244857788086,400.0
2026-04-23T13:02:10.816586,100.0,55.88127517700195,400.0
2026-04-23T13:02:13.021245,100.0,55.931861877441406,400.0
2026-04-23T13:02:15.227657,100.0,55.98244857788086,400.0
2026-04-23T13:02:17.435291,100.0,55.931861877441406,400.0
2026-04-23T13:02:19.639522,100.0,55.931861877441406,400.0
2026-04-23T13:02:21.842262,100.0,55.98244857788086,400.0
2026-04-23T13:02:24.046923,100.0,55.98244857788086,400.0
2026-04-23T13:02:26.248940,100.0,55.8306884765625,400.0
2026-04-23T13:02:28.451865,100.0,55.8306884765625,400.0
2026-04-23T13:02:30.656940,100.0,55.72951889038086,400.0
2026-04-23T13:02:32.860190,100.0,55.62834548950195,400.0
2026-04-23T13:02:35.065544,100.0,55.52717208862305,400.0
2026-04-23T13:02:37.267744,100.0,55.476585388183594,400.0
2026-04-23T13:02:39.471376,100.0,55.37541580200195,400.0
2026-04-23T13:02:41.674914,100.0,55.3248291015625,400.0
2026-04-23T13:02:43.878399,100.0,55.27424240112305,400.0
2026-04-23T13:02:46.084037,100.0,55.12248229980469,400.0
2026-04-23T13:02:48.288683,100.0,55.02130889892578,400.0
2026-04-23T13:02:50.494315,100.0,55.02130889892578,400.0
2026-04-23T13:02:52.698312,100.0,54.92013931274414,400.0
2026-04-23T13:02:54.905148,100.0,54.86955261230469,400.0
2026-04-23T13:02:57.108588,100.0,54.818965911865234,400.0
2026-04-23T13:02:59.313723,100.0,54.71779251098633,400.0
2026-04-23T13:03:01.520065,100.0,54.61661911010742,400.0
2026-04-23T13:03:03.723891,100.0,54.61661911010742,400.0
2026-04-23T13:03:05.927180,100.0,54.414276123046875,400.0
2026-04-23T13:03:08.130620,100.0,54.46486282348633,400.0
2026-04-23T13:03:10.336848,100.0,54.31310272216797,400.0
2026-04-23T13:03:12.539873,100.0,54.161346435546875,400.0
2026-04-23T13:03:14.743548,100.0,54.161346435546875,400.0
2026-04-23T13:03:16.952127,100.0,54.161346435546875,400.0
2026-04-23T13:03:19.155035,100.0,54.262516021728516,400.0
2026-04-23T13:03:21.358579,100.0,54.11075973510742,400.0
2026-04-23T13:03:23.565025,100.0,54.21192932128906,400.0
2026-04-23T13:03:25.782984,100.0,54.21192932128906,400.0
2026-04-23T13:03:27.987689,100.0,54.161346435546875,400.0
2026-04-23T13:03:30.190916,100.0,54.11075973510742,400.0
2026-04-23T13:03:32.400540,100.0,54.06017303466797,400.0
2026-04-23T13:03:34.604160,100.0,54.161346435546875,400.0
2026-04-23T13:03:36.807563,100.0,54.161346435546875,400.0
2026-04-23T13:03:39.011483,100.0,54.11075973510742,400.0
2026-04-23T13:03:41.216686,100.0,54.262516021728516,400.0
2026-04-23T13:03:43.420385,100.0,54.31310272216797,400.0
2026-04-23T13:03:45.625898,100.0,54.36368942260742,400.0
2026-04-23T13:03:47.839532,100.0,54.31310272216797,400.0
2026-04-23T13:03:50.042056,100.0,54.31310272216797,400.0
2026-04-23T13:03:52.245643,100.0,54.36368942260742,400.0
2026-04-23T13:03:54.450054,100.0,54.51544952392578,400.0
2026-04-23T13:03:56.657000,100.0,54.51544952392578,400.0
2026-04-23T13:03:58.859532,100.0,54.36368942260742,400.0
2026-04-23T13:04:01.062983,100.0,54.51544952392578,400.0
2026-04-23T13:04:03.266437,100.0,54.566036224365234,400.0
2026-04-23T13:04:05.469697,100.0,54.51544952392578,400.0
2026-04-23T13:04:07.675097,100.0,54.566036224365234,400.0
2026-04-23T13:04:09.878147,100.0,54.566036224365234,400.0
2026-04-23T13:04:12.085061,100.0,54.566036224365234,400.0
2026-04-23T13:04:14.287554,100.0,54.667205810546875,400.0
2026-04-23T13:04:16.489246,100.0,54.667205810546875,400.0
2026-04-23T13:04:18.694709,100.0,54.667205810546875,400.0
2026-04-23T13:04:20.899028,100.0,54.76837921142578,400.0
2026-04-23T13:04:23.103593,100.0,54.71779251098633,400.0
2026-04-23T13:04:25.308342,100.0,54.667205810546875,400.0
2026-04-23T13:04:27.518412,100.0,54.76837921142578,400.0
2026-04-23T13:04:29.720797,100.0,54.86955261230469,400.0
2026-04-23T13:04:31.927365,100.0,54.86955261230469,400.0
2026-04-23T13:04:34.133063,100.0,54.818965911865234,400.0
2026-04-23T13:04:36.336152,100.0,54.818965911865234,400.0
2026-04-23T13:04:38.539525,100.0,54.92013931274414,400.0
2026-04-23T13:04:40.744182,100.0,54.92013931274414,400.0
2026-04-23T13:04:42.947600,100.0,55.02130889892578,400.0
2026-04-23T13:04:45.149767,100.0,55.02130889892578,400.0
2026-04-23T13:04:47.355166,100.0,55.071895599365234,400.0
2026-04-23T13:04:49.557750,100.0,55.071895599365234,400.0
2026-04-23T13:04:51.761505,100.0,55.12248229980469,400.0
2026-04-23T13:04:53.966712,100.0,55.223655700683594,400.0
2026-04-23T13:04:56.170410,100.0,55.223655700683594,400.0
2026-04-23T13:04:58.375164,100.0,55.223655700683594,400.0
2026-04-23T13:05:00.580295,100.0,55.223655700683594,400.0
2026-04-23T13:05:02.784553,100.0,55.17306900024414,400.0
2026-04-23T13:05:04.995760,100.0,55.3248291015625,400.0
2026-04-23T13:05:07.199288,100.0,55.27424240112305,400.0
2026-04-23T13:05:09.403259,100.0,55.27424240112305,400.0
2026-04-23T13:05:11.606305,100.0,55.223655700683594,400.0
2026-04-23T13:05:13.812555,100.0,55.223655700683594,400.0
2026-04-23T13:05:16.015318,100.0,55.27424240112305,400.0
2026-04-23T13:05:18.220374,100.0,55.27424240112305,400.0
2026-04-23T13:05:20.426742,100.0,55.3248291015625,400.0
2026-04-23T13:05:22.630360,100.0,55.3248291015625,400.0
2026-04-23T13:05:24.835561,100.0,55.476585388183594,400.0
2026-04-23T13:05:27.039432,100.0,55.476585388183594,400.0
2026-04-23T13:05:29.243314,100.0,55.476585388183594,400.0
2026-04-23T13:05:31.447288,100.0,55.476585388183594,400.0
2026-04-23T13:05:33.652144,100.0,55.476585388183594,400.0
2026-04-23T13:05:35.854515,100.0,55.476585388183594,400.0
2026-04-23T13:05:38.058915,100.0,55.476585388183594,400.0
2026-04-23T13:05:40.263353,100.0,55.476585388183594,400.0
2026-04-23T13:05:42.466688,100.0,55.52717208862305,400.0
2026-04-23T13:05:44.671476,100.0,55.52717208862305,400.0
2026-04-23T13:05:46.877211,100.0,55.5777587890625,400.0
2026-04-23T13:05:49.085715,100.0,55.678932189941406,400.0
2026-04-23T13:05:51.290129,100.0,55.42599868774414,400.0
2026-04-23T13:05:53.494146,100.0,55.476585388183594,400.0
2026-04-23T13:05:55.699360,100.0,55.3248291015625,400.0
2026-04-23T13:05:57.904289,100.0,55.223655700683594,400.0
2026-04-23T13:06:00.112286,100.0,55.223655700683594,400.0
2026-04-23T13:06:02.318271,100.0,55.17306900024414,400.0
2026-04-23T13:06:04.522134,100.0,55.12248229980469,400.0
2026-04-23T13:06:06.725645,100.0,54.970726013183594,400.0
2026-04-23T13:06:08.932521,100.0,54.818965911865234,400.0
2026-04-23T13:06:11.136831,100.0,54.86955261230469,400.0
2026-04-23T13:06:13.339236,100.0,54.71779251098633,400.0
2026-04-23T13:06:15.544118,100.0,54.61661911010742,400.0
2026-04-23T13:06:17.748040,100.0,54.566036224365234,400.0
2026-04-23T13:06:19.950367,100.0,54.566036224365234,400.0
2026-04-23T13:06:22.153239,100.0,54.46486282348633,400.0
2026-04-23T13:06:24.355510,100.0,54.414276123046875,400.0
2026-04-23T13:06:26.559900,100.0,54.36368942260742,400.0
2026-04-23T13:06:28.764214,100.0,54.21192932128906,400.0
2026-04-23T13:06:30.969726,100.0,54.21192932128906,400.0
2026-04-23T13:06:33.175013,100.0,54.161346435546875,400.0
2026-04-23T13:06:35.377943,100.0,54.161346435546875,400.0
2026-04-23T13:06:37.580210,100.0,54.21192932128906,400.0
2026-04-23T13:06:39.783754,100.0,54.21192932128906,400.0
2026-04-23T13:06:41.987655,100.0,54.11075973510742,400.0
2026-04-23T13:06:44.189787,100.0,54.11075973510742,400.0
2026-04-23T13:06:46.394156,100.0,53.95899963378906,400.0
2026-04-23T13:06:48.597706,100.0,54.009586334228516,400.0
2026-04-23T13:06:50.801647,100.0,53.95899963378906,400.0
2026-04-23T13:06:53.007687,100.0,53.90841293334961,400.0
2026-04-23T13:06:55.212715,100.0,53.857826232910156,400.0
2026-04-23T13:06:57.416220,100.0,53.90841293334961,400.0
2026-04-23T13:06:59.620872,100.0,53.8072395324707,400.0
2026-04-23T13:07:01.823024,100.0,53.8072395324707,400.0
2026-04-23T13:07:04.027691,100.0,53.8072395324707,400.0
2026-04-23T13:07:06.233841,100.0,53.756656646728516,400.0
2026-04-23T13:07:08.439086,100.0,53.8072395324707,400.0
2026-04-23T13:07:10.643665,100.0,53.857826232910156,400.0
2026-04-23T13:07:12.847558,100.0,53.95899963378906,400.0
2026-04-23T13:07:15.049846,100.0,53.95899963378906,400.0
2026-04-23T13:07:17.254432,100.0,54.009586334228516,400.0
2026-04-23T13:07:19.456148,100.0,54.06017303466797,400.0
2026-04-23T13:07:21.660532,100.0,54.161346435546875,400.0
2026-04-23T13:07:23.862994,100.0,54.161346435546875,400.0
2026-04-23T13:07:26.069052,100.0,54.31310272216797,400.0
2026-04-23T13:07:28.271181,100.0,54.46486282348633,400.0
2026-04-23T13:07:30.474347,100.0,54.31310272216797,400.0
2026-04-23T13:07:32.678323,100.0,54.46486282348633,400.0
2026-04-23T13:07:34.882186,100.0,54.36368942260742,400.0
2026-04-23T13:07:37.086652,100.0,54.46486282348633,400.0
2026-04-23T13:07:39.290711,100.0,54.46486282348633,400.0
2026-04-23T13:07:41.496457,100.0,54.61661911010742,400.0
2026-04-23T13:07:43.699971,100.0,54.61661911010742,400.0
2026-04-23T13:07:45.903484,100.0,54.76837921142578,400.0
2026-04-23T13:07:48.110672,100.0,54.76837921142578,400.0
2026-04-23T13:07:50.314152,100.0,54.818965911865234,400.0
2026-04-23T13:07:52.518447,100.0,54.86955261230469,400.0
2026-04-23T13:07:54.723550,100.0,54.970726013183594,400.0
2026-04-23T13:07:56.928377,100.0,55.071895599365234,400.0
2026-04-23T13:07:59.131295,100.0,55.071895599365234,400.0
2026-04-23T13:08:01.334155,100.0,55.071895599365234,400.0
2026-04-23T13:08:03.538049,100.0,55.071895599365234,400.0
2026-04-23T13:08:05.740509,100.0,55.02130889892578,400.0
2026-04-23T13:08:07.943068,100.0,55.17306900024414,400.0
2026-04-23T13:08:10.145553,100.0,55.223655700683594,400.0
2026-04-23T13:08:12.350598,100.0,55.17306900024414,400.0
2026-04-23T13:08:14.554406,100.0,55.27424240112305,400.0
2026-04-23T13:08:16.757741,100.0,55.223655700683594,400.0
2026-04-23T13:08:18.968753,100.0,55.17306900024414,400.0
2026-04-23T13:08:21.172171,100.0,55.27424240112305,400.0
2026-04-23T13:08:23.375518,100.0,55.37541580200195,400.0
2026-04-23T13:08:25.579867,100.0,55.42599868774414,400.0
2026-04-23T13:08:27.784054,100.0,55.37541580200195,400.0
2026-04-23T13:08:29.986373,100.0,55.37541580200195,400.0
2026-04-23T13:08:32.193888,100.0,55.3248291015625,400.0
2026-04-23T13:08:34.402774,100.0,55.37541580200195,400.0
2026-04-23T13:08:36.605182,100.0,55.3248291015625,400.0
2026-04-23T13:08:38.812566,100.0,55.42599868774414,400.0
2026-04-23T13:08:41.017253,100.0,55.52717208862305,400.0
2026-04-23T13:08:43.221277,100.0,55.52717208862305,400.0
2026-04-23T13:08:45.430404,100.0,55.3248291015625,400.0
2026-04-23T13:08:47.633025,100.0,55.3248291015625,400.0
2026-04-23T13:08:49.836102,100.0,55.3248291015625,400.0
2026-04-23T13:08:52.039363,100.0,55.37541580200195,400.0
2026-04-23T13:08:54.245416,100.0,55.3248291015625,400.0
2026-04-23T13:08:56.448851,100.0,55.3248291015625,400.0
2026-04-23T13:08:58.653004,100.0,55.27424240112305,400.0
2026-04-23T13:09:00.857276,100.0,55.3248291015625,400.0
2026-04-23T13:09:03.060939,100.0,55.3248291015625,400.0
2026-04-23T13:09:05.268680,100.0,55.37541580200195,400.0
2026-04-23T13:09:07.471789,100.0,55.37541580200195,400.0
2026-04-23T13:09:09.681066,100.0,55.37541580200195,400.0
2026-04-23T13:09:11.889017,100.0,55.3248291015625,400.0
2026-04-23T13:09:14.091125,100.0,55.37541580200195,400.0
2026-04-23T13:09:16.296337,100.0,55.42599868774414,400.0
2026-04-23T13:09:18.501220,100.0,55.42599868774414,400.0
2026-04-23T13:09:20.705003,100.0,55.476585388183594,400.0
2026-04-23T13:09:22.906891,100.0,55.5777587890625,400.0
2026-04-23T13:09:25.111400,100.0,55.62834548950195,400.0
2026-04-23T13:09:27.314803,100.0,55.5777587890625,400.0
2026-04-23T13:09:29.518870,100.0,55.52717208862305,400.0
2026-04-23T13:09:31.724898,100.0,55.678932189941406,400.0
2026-04-23T13:09:33.929982,100.0,55.62834548950195,400.0
2026-04-23T13:09:36.135351,100.0,55.5777587890625,400.0
2026-04-23T13:09:38.337926,100.0,55.62834548950195,400.0
2026-04-23T13:09:40.540260,100.0,55.5777587890625,400.0
2026-04-23T13:09:42.744267,100.0,55.62834548950195,400.0
2026-04-23T13:09:44.949573,100.0,55.52717208862305,400.0
2026-04-23T13:09:47.154926,100.0,55.678932189941406,400.0
2026-04-23T13:09:49.358010,100.0,55.678932189941406,400.0
2026-04-23T13:09:51.561173,100.0,55.72951889038086,400.0
2026-04-23T13:09:53.764160,100.0,55.78010559082031,400.0
2026-04-23T13:09:55.967467,100.0,55.78010559082031,400.0
2026-04-23T13:09:58.175254,100.0,55.678932189941406,400.0
2026-04-23T13:10:00.380477,100.0,55.62834548950195,400.0
2026-04-23T13:10:02.586982,100.0,55.678932189941406,400.0
2026-04-23T13:10:04.791145,100.0,55.52717208862305,400.0
2026-04-23T13:10:06.995132,100.0,55.476585388183594,400.0
2026-04-23T13:10:09.200074,100.0,55.476585388183594,400.0
2026-04-23T13:10:11.404586,100.0,55.42599868774414,400.0
2026-04-23T13:10:13.607853,100.0,55.3248291015625,400.0
2026-04-23T13:10:15.817024,100.0,55.37541580200195,400.0
2026-04-23T13:10:18.021001,100.0,55.3248291015625,400.0
2026-04-23T13:10:20.223880,100.0,55.223655700683594,400.0
2026-04-23T13:10:22.426561,100.0,55.17306900024414,400.0
2026-04-23T13:10:24.628855,100.0,55.17306900024414,400.0
2026-04-23T13:10:26.831752,100.0,55.12248229980469,400.0
2026-04-23T13:10:29.035363,100.0,55.02130889892578,400.0
2026-04-23T13:10:31.238079,100.0,54.970726013183594,400.0
2026-04-23T13:10:33.442294,100.0,54.86955261230469,400.0
2026-04-23T13:10:35.645387,100.0,54.71779251098633,400.0
2026-04-23T13:10:37.851372,100.0,54.76837921142578,400.0
2026-04-23T13:10:40.053474,100.0,54.71779251098633,400.0
2026-04-23T13:10:42.258166,100.0,54.61661911010742,400.0
2026-04-23T13:10:44.464155,100.0,54.71779251098633,400.0
2026-04-23T13:10:46.668283,100.0,54.61661911010742,400.0
2026-04-23T13:10:48.870868,100.0,54.51544952392578,400.0
2026-04-23T13:10:51.072633,100.0,54.51544952392578,400.0
2026-04-23T13:10:53.279887,100.0,54.51544952392578,400.0
2026-04-23T13:10:55.483139,100.0,54.51544952392578,400.0
2026-04-23T13:10:57.686147,100.0,54.31310272216797,400.0
2026-04-23T13:10:59.887870,100.0,54.414276123046875,400.0
2026-04-23T13:11:02.089868,100.0,54.262516021728516,400.0
2026-04-23T13:11:04.296529,100.0,54.262516021728516,400.0
2026-04-23T13:11:06.499560,100.0,54.21192932128906,400.0
2026-04-23T13:11:08.702888,100.0,54.161346435546875,400.0
2026-04-23T13:11:10.908325,100.0,54.11075973510742,400.0
2026-04-23T13:11:13.118074,100.0,54.06017303466797,400.0
2026-04-23T13:11:15.322676,100.0,54.009586334228516,400.0
2026-04-23T13:11:17.526855,100.0,53.90841293334961,400.0
2026-04-23T13:11:19.730853,100.0,53.95899963378906,400.0
2026-04-23T13:11:21.934575,100.0,53.90841293334961,400.0
2026-04-23T13:11:24.142779,100.0,53.95899963378906,400.0
2026-04-23T13:11:26.345344,100.0,53.8072395324707,400.0
2026-04-23T13:11:28.548790,100.0,53.65548324584961,400.0
2026-04-23T13:11:30.752281,100.0,53.756656646728516,400.0
2026-04-23T13:11:32.956081,100.0,53.756656646728516,400.0
2026-04-23T13:11:35.159767,100.0,53.8072395324707,400.0
2026-04-23T13:11:37.365494,100.0,53.857826232910156,400.0
2026-04-23T13:11:39.568806,100.0,53.95899963378906,400.0
2026-04-23T13:11:41.772463,100.0,54.009586334228516,400.0
2026-04-23T13:11:43.977358,100.0,54.06017303466797,400.0
2026-04-23T13:11:46.185001,100.0,54.161346435546875,400.0
2026-04-23T13:11:48.388156,100.0,54.009586334228516,400.0
2026-04-23T13:11:50.595506,100.0,54.161346435546875,400.0
2026-04-23T13:11:52.804079,100.0,54.161346435546875,400.0
2026-04-23T13:11:55.008469,100.0,54.31310272216797,400.0
2026-04-23T13:11:57.214672,100.0,54.262516021728516,400.0
2026-04-23T13:11:59.417247,100.0,54.31310272216797,400.0
2026-04-23T13:12:01.627836,100.0,54.31310272216797,400.0
2026-04-23T13:12:03.831354,100.0,54.46486282348633,400.0
2026-04-23T13:12:06.034664,100.0,54.414276123046875,400.0
2026-04-23T13:12:08.239511,100.0,54.46486282348633,400.0
2026-04-23T13:12:10.443090,100.0,54.46486282348633,400.0
2026-04-23T13:12:12.645371,100.0,54.46486282348633,400.0
2026-04-23T13:12:14.849014,100.0,54.46486282348633,400.0
2026-04-23T13:12:17.055113,100.0,54.566036224365234,400.0
2026-04-23T13:12:19.258622,100.0,54.61661911010742,400.0
2026-04-23T13:12:21.461551,100.0,54.61661911010742,400.0
2026-04-23T13:12:23.663821,100.0,54.61661911010742,400.0
2026-04-23T13:12:25.868718,100.0,54.76837921142578,400.0
2026-04-23T13:12:28.072326,100.0,54.667205810546875,400.0
2026-04-23T13:12:30.275349,100.0,54.71779251098633,400.0
2026-04-23T13:12:32.480023,100.0,54.86955261230469,400.0
2026-04-23T13:12:34.683260,100.0,54.92013931274414,400.0
2026-04-23T13:12:36.888332,100.0,54.970726013183594,400.0
2026-04-23T13:12:39.091266,100.0,54.970726013183594,400.0
2026-04-23T13:12:41.294439,100.0,54.970726013183594,400.0
2026-04-23T13:12:43.498466,100.0,54.970726013183594,400.0
2026-04-23T13:12:45.700856,100.0,54.92013931274414,400.0
2026-04-23T13:12:47.905704,100.0,55.071895599365234,400.0
2026-04-23T13:12:50.115634,100.0,55.02130889892578,400.0
2026-04-23T13:12:52.318891,100.0,55.02130889892578,400.0
2026-04-23T13:12:54.523184,100.0,55.17306900024414,400.0
2026-04-23T13:12:56.728425,100.0,55.27424240112305,400.0
2026-04-23T13:12:58.932548,100.0,55.17306900024414,400.0
2026-04-23T13:13:01.135928,100.0,55.3248291015625,400.0
2026-04-23T13:13:03.339655,100.0,55.27424240112305,400.0
2026-04-23T13:13:05.548520,100.0,55.3248291015625,400.0
2026-04-23T13:13:07.752312,100.0,55.37541580200195,400.0
2026-04-23T13:13:09.954770,100.0,55.3248291015625,400.0
2026-04-23T13:13:12.160339,100.0,55.476585388183594,400.0
2026-04-23T13:13:14.367274,100.0,55.37541580200195,400.0
2026-04-23T13:13:16.569888,100.0,55.52717208862305,400.0
2026-04-23T13:13:18.774488,100.0,55.5777587890625,400.0
2026-04-23T13:13:20.978808,100.0,55.678932189941406,400.0
2026-04-23T13:13:23.184258,100.0,55.931861877441406,400.0
2026-04-23T13:13:25.387554,100.0,56.03303527832031,400.0
2026-04-23T13:13:27.594847,100.0,56.184791564941406,400.0
2026-04-23T13:13:29.799212,100.0,56.23537826538086,400.0
2026-04-23T13:13:32.004065,100.0,56.43772506713867,400.0
2026-04-23T13:13:34.224153,100.0,56.488311767578125,400.0
2026-04-23T13:13:36.428046,100.0,56.741241455078125,400.0
2026-04-23T13:13:38.631793,100.0,56.69065475463867,400.0
2026-04-23T13:13:40.835721,100.0,56.893001556396484,400.0
2026-04-23T13:13:43.042057,100.0,56.79182815551758,400.0
2026-04-23T13:13:45.247397,100.0,56.893001556396484,400.0
2026-04-23T13:13:47.451466,100.0,56.893001556396484,400.0
2026-04-23T13:13:49.654060,100.0,56.94358825683594,400.0
2026-04-23T13:13:51.858327,100.0,57.04475784301758,400.0
2026-04-23T13:13:54.062970,100.0,56.94358825683594,400.0
2026-04-23T13:13:56.266454,100.0,56.994171142578125,400.0
2026-04-23T13:13:58.472496,100.0,56.94358825683594,400.0
2026-04-23T13:14:00.677141,100.0,57.04475784301758,400.0
2026-04-23T13:14:02.886169,100.0,56.994171142578125,400.0
2026-04-23T13:14:05.091804,100.0,57.04475784301758,400.0
2026-04-23T13:14:07.295842,100.0,57.145931243896484,400.0
2026-04-23T13:14:09.499379,100.0,57.145931243896484,400.0
2026-04-23T13:14:11.703487,100.0,57.24710464477539,400.0
2026-04-23T13:14:13.911608,100.0,57.19651794433594,400.0
2026-04-23T13:14:16.115044,100.0,57.19651794433594,400.0
2026-04-23T13:14:18.321015,100.0,57.19651794433594,400.0
2026-04-23T13:14:20.528051,100.0,57.297691345214844,400.0
2026-04-23T13:14:22.731959,100.0,57.297691345214844,400.0
2026-04-23T13:14:24.935189,100.0,57.297691345214844,400.0
2026-04-23T13:14:27.139089,100.0,57.398860931396484,400.0
2026-04-23T13:14:29.350044,100.0,57.3482780456543,400.0
2026-04-23T13:14:31.553576,100.0,57.398860931396484,400.0
2026-04-23T13:14:33.757144,100.0,57.50003433227539,400.0
2026-04-23T13:14:35.963395,100.0,57.44944763183594,400.0
2026-04-23T13:14:38.175199,100.0,57.398860931396484,400.0
2026-04-23T13:14:40.379387,100.0,57.50003433227539,400.0
2026-04-23T13:14:42.583042,100.0,57.50003433227539,400.0
2026-04-23T13:14:44.785557,100.0,57.50003433227539,400.0
2026-04-23T13:14:46.989868,100.0,57.550621032714844,400.0
2026-04-23T13:14:49.194433,100.0,57.6012077331543,400.0
2026-04-23T13:14:51.398179,100.0,57.550621032714844,400.0
2026-04-23T13:14:53.601365,100.0,57.550621032714844,400.0
2026-04-23T13:14:55.803789,100.0,57.550621032714844,400.0
2026-04-23T13:14:58.006043,100.0,57.752967834472656,400.0
2026-04-23T13:15:00.210523,100.0,57.550621032714844,400.0
2026-04-23T13:15:02.414315,100.0,57.7023811340332,400.0
2026-04-23T13:15:04.618794,100.0,57.65179443359375,400.0
2026-04-23T13:15:06.822499,100.0,57.50003433227539,400.0
2026-04-23T13:15:09.026029,100.0,57.7023811340332,400.0
2026-04-23T13:15:11.230501,100.0,57.6012077331543,400.0
2026-04-23T13:15:13.434862,100.0,57.7023811340332,400.0
2026-04-23T13:15:15.638301,100.0,57.65179443359375,400.0
2026-04-23T13:15:17.841988,100.0,57.7023811340332,400.0
2026-04-23T13:15:20.046507,100.0,57.752967834472656,400.0
2026-04-23T13:15:22.249762,100.0,57.550621032714844,400.0
2026-04-23T13:15:24.453042,100.0,57.752967834472656,400.0
2026-04-23T13:15:26.657046,100.0,57.7023811340332,400.0
2026-04-23T13:15:28.862632,100.0,57.7023811340332,400.0
2026-04-23T13:15:31.065845,100.0,57.752967834472656,400.0
2026-04-23T13:15:33.268359,100.0,57.752967834472656,400.0
2026-04-23T13:15:35.472128,100.0,57.752967834472656,400.0
2026-04-23T13:15:37.675601,100.0,57.65179443359375,400.0
2026-04-23T13:15:39.880278,100.0,57.8541374206543,400.0
2026-04-23T13:15:42.086985,100.0,57.752967834472656,400.0
2026-04-23T13:15:44.291446,100.0,57.803550720214844,400.0
2026-04-23T13:15:46.495838,100.0,57.752967834472656,400.0
2026-04-23T13:15:48.699014,100.0,57.803550720214844,400.0
2026-04-23T13:15:50.904115,100.0,57.803550720214844,400.0
2026-04-23T13:15:53.108019,100.0,57.8541374206543,400.0
2026-04-23T13:15:55.312220,100.0,57.752967834472656,400.0
2026-04-23T13:15:57.516039,100.0,57.752967834472656,400.0
2026-04-23T13:15:59.720325,100.0,57.90472412109375,400.0
2026-04-23T13:16:01.924407,100.0,57.752967834472656,400.0
2026-04-23T13:16:04.128146,100.0,57.8541374206543,400.0
2026-04-23T13:16:06.331928,100.0,57.7023811340332,400.0
2026-04-23T13:16:08.534912,100.0,57.752967834472656,400.0
2026-04-23T13:16:10.737829,100.0,57.7023811340332,400.0
2026-04-23T13:16:12.942357,100.0,57.803550720214844,400.0
2026-04-23T13:16:15.148313,100.0,57.752967834472656,400.0
2026-04-23T13:16:17.351518,100.0,57.65179443359375,400.0
2026-04-23T13:16:19.555166,100.0,57.8541374206543,400.0
2026-04-23T13:16:21.761792,100.0,57.752967834472656,400.0
2026-04-23T13:16:23.966327,100.0,57.8541374206543,400.0
2026-04-23T13:16:26.168948,100.0,57.7023811340332,400.0
2026-04-23T13:16:28.380417,100.0,57.8541374206543,400.0
2026-04-23T13:16:30.583497,100.0,57.8541374206543,400.0
2026-04-23T13:16:32.787164,100.0,57.8541374206543,400.0
2026-04-23T13:16:34.991816,100.0,57.90472412109375,400.0
2026-04-23T13:16:37.194351,100.0,57.8541374206543,400.0
2026-04-23T13:16:39.397866,100.0,57.752967834472656,400.0
2026-04-23T13:16:41.601452,100.0,57.803550720214844,400.0
2026-04-23T13:16:43.809034,100.0,57.7023811340332,400.0
2026-04-23T13:16:46.012169,100.0,57.752967834472656,400.0
2026-04-23T13:16:48.219612,100.0,57.803550720214844,400.0
2026-04-23T13:16:50.422968,100.0,57.7023811340332,400.0
2026-04-23T13:16:52.625404,100.0,57.803550720214844,400.0
2026-04-23T13:16:54.829649,100.0,57.803550720214844,400.0
2026-04-23T13:16:57.038473,100.0,57.65179443359375,400.0
2026-04-23T13:16:59.256223,100.0,57.65179443359375,400.0
2026-04-23T13:17:01.459009,100.0,57.752967834472656,400.0
2026-04-23T13:17:03.665743,100.0,57.6012077331543,400.0
2026-04-23T13:17:05.870147,100.0,57.7023811340332,400.0
2026-04-23T13:17:08.077036,100.0,57.7023811340332,400.0
2026-04-23T13:17:10.281021,100.0,57.752967834472656,400.0
2026-04-23T13:17:12.484362,100.0,57.803550720214844,400.0
2026-04-23T13:17:14.687462,100.0,57.7023811340332,400.0
2026-04-23T13:17:16.892574,100.0,57.8541374206543,400.0
2026-04-23T13:17:19.099133,100.0,57.752967834472656,400.0
2026-04-23T13:17:21.303849,100.0,57.752967834472656,400.0
2026-04-23T13:17:23.506308,100.0,57.7023811340332,400.0
2026-04-23T13:17:25.711271,100.0,57.7023811340332,400.0
2026-04-23T13:17:27.917051,100.0,57.7023811340332,400.0
2026-04-23T13:17:30.118890,100.0,57.7023811340332,400.0
2026-04-23T13:17:32.320857,100.0,57.8541374206543,400.0
2026-04-23T13:17:34.525361,100.0,57.752967834472656,400.0
2026-04-23T13:17:36.728995,100.0,57.803550720214844,400.0
2026-04-23T13:17:38.933618,100.0,57.752967834472656,400.0
2026-04-23T13:17:41.138887,100.0,57.752967834472656,400.0
2026-04-23T13:17:43.343194,100.0,57.803550720214844,400.0
2026-04-23T13:17:45.547170,100.0,57.7023811340332,400.0
2026-04-23T13:17:47.750209,100.0,57.752967834472656,400.0
2026-04-23T13:17:49.954640,100.0,57.803550720214844,400.0
2026-04-23T13:17:52.161316,100.0,57.803550720214844,400.0
2026-04-23T13:17:54.368869,100.0,57.752967834472656,400.0
2026-04-23T13:17:56.578539,100.0,57.752967834472656,400.0
2026-04-23T13:17:58.780395,100.0,57.8541374206543,400.0
2026-04-23T13:18:00.985003,100.0,57.803550720214844,400.0
2026-04-23T13:18:03.188568,100.0,57.7023811340332,400.0
2026-04-23T13:18:05.400539,100.0,57.752967834472656,400.0
2026-04-23T13:18:07.603500,100.0,57.803550720214844,400.0
2026-04-23T13:18:09.808189,100.0,57.803550720214844,400.0
2026-04-23T13:18:12.017775,100.0,57.803550720214844,400.0
2026-04-23T13:18:14.221841,100.0,57.803550720214844,400.0
2026-04-23T13:18:16.425997,100.0,57.8541374206543,400.0
2026-04-23T13:18:18.629842,100.0,57.752967834472656,400.0
2026-04-23T13:18:20.833383,100.0,57.7023811340332,400.0
2026-04-23T13:18:23.036775,100.0,57.8541374206543,400.0
2026-04-23T13:18:25.241622,100.0,57.752967834472656,400.0
2026-04-23T13:18:27.449921,100.0,57.752967834472656,400.0
2026-04-23T13:18:29.660633,100.0,57.8541374206543,400.0
2026-04-23T13:18:31.863578,100.0,57.803550720214844,400.0
2026-04-23T13:18:34.067242,100.0,57.8541374206543,400.0
2026-04-23T13:18:36.273016,100.0,57.90472412109375,400.0
2026-04-23T13:18:38.476520,100.0,57.8541374206543,400.0
2026-04-23T13:18:40.685087,100.0,57.803550720214844,400.0
2026-04-23T13:18:42.896621,100.0,57.803550720214844,400.0
2026-04-23T13:18:45.102560,100.0,57.803550720214844,400.0
2026-04-23T13:18:47.304332,100.0,57.803550720214844,400.0
2026-04-23T13:18:49.508077,100.0,57.752967834472656,400.0
2026-04-23T13:18:51.711426,100.0,57.7023811340332,400.0
2026-04-23T13:18:53.914245,100.0,57.803550720214844,400.0
2026-04-23T13:18:56.118405,100.0,57.752967834472656,400.0
2026-04-23T13:18:58.323167,100.0,57.803550720214844,400.0
2026-04-23T13:19:00.528411,100.0,57.803550720214844,400.0
2026-04-23T13:19:02.732038,100.0,57.8541374206543,400.0
2026-04-23T13:19:04.934538,100.0,57.752967834472656,400.0
2026-04-23T13:19:07.140772,100.0,57.752967834472656,400.0
2026-04-23T13:19:09.344275,100.0,57.803550720214844,400.0
2026-04-23T13:19:11.549378,100.0,57.803550720214844,400.0
2026-04-23T13:19:13.761866,100.0,57.65179443359375,400.0
2026-04-23T13:19:15.964081,100.0,57.752967834472656,400.0
2026-04-23T13:19:18.180758,100.0,57.7023811340332,400.0
2026-04-23T13:19:20.384630,100.0,57.7023811340332,400.0
2026-04-23T13:19:22.589412,100.0,57.7023811340332,400.0
2026-04-23T13:19:24.795172,100.0,57.7023811340332,400.0
2026-04-23T13:19:26.997748,100.0,57.803550720214844,400.0
2026-04-23T13:19:29.201582,100.0,57.7023811340332,400.0
2026-04-23T13:19:31.407022,100.0,57.7023811340332,400.0
2026-04-23T13:19:33.613230,100.0,57.752967834472656,400.0
2026-04-23T13:19:35.816569,100.0,57.803550720214844,400.0
2026-04-23T13:19:38.019640,100.0,57.752967834472656,400.0
2026-04-23T13:19:40.222334,100.0,57.7023811340332,400.0
2026-04-23T13:19:42.429043,100.0,57.65179443359375,400.0
2026-04-23T13:19:44.632932,100.0,57.752967834472656,400.0
2026-04-23T13:19:46.836999,100.0,57.90472412109375,400.0
2026-04-23T13:19:49.047007,100.0,57.752967834472656,400.0
2026-04-23T13:19:51.251079,100.0,57.65179443359375,400.0
2026-04-23T13:19:53.456088,100.0,57.752967834472656,400.0
2026-04-23T13:19:55.659533,100.0,57.7023811340332,400.0
2026-04-23T13:19:57.863874,100.0,57.803550720214844,400.0
2026-04-23T13:20:00.068401,100.0,57.7023811340332,400.0
2026-04-23T13:20:02.275949,100.0,57.8541374206543,400.0
2026-04-23T13:20:04.486070,100.0,57.7023811340332,400.0
2026-04-23T13:20:06.690813,100.0,57.752967834472656,400.0
2026-04-23T13:20:08.896671,100.0,57.752967834472656,400.0
2026-04-23T13:20:11.100936,100.0,57.65179443359375,400.0
2026-04-23T13:20:13.303996,100.0,57.752967834472656,400.0
2026-04-23T13:20:15.516370,100.0,57.7023811340332,400.0
2026-04-23T13:20:17.724456,100.0,57.7023811340332,400.0
2026-04-23T13:20:19.928227,100.0,57.752967834472656,400.0
2026-04-23T13:20:22.135317,100.0,57.752967834472656,400.0
2026-04-23T13:20:24.339183,100.0,57.752967834472656,400.0
2026-04-23T13:20:26.546986,100.0,57.65179443359375,400.0
2026-04-23T13:20:28.750151,100.0,57.7023811340332,400.0
2026-04-23T13:20:30.954119,100.0,57.7023811340332,400.0
2026-04-23T13:20:33.157970,100.0,57.65179443359375,400.0
2026-04-23T13:20:35.360947,100.0,57.8541374206543,400.0
2026-04-23T13:20:37.565590,100.0,57.752967834472656,400.0
2026-04-23T13:20:39.768926,100.0,57.752967834472656,400.0
2026-04-23T13:20:41.973344,100.0,57.65179443359375,400.0
2026-04-23T13:20:44.181375,100.0,57.752967834472656,400.0
2026-04-23T13:20:46.386595,100.0,57.752967834472656,400.0
2026-04-23T13:20:48.588594,100.0,57.752967834472656,400.0
2026-04-23T13:20:50.792494,100.0,57.7023811340332,400.0
2026-04-23T13:20:52.996915,100.0,57.752967834472656,400.0
2026-04-23T13:20:55.203234,100.0,57.752967834472656,400.0
2026-04-23T13:20:57.407096,100.0,57.8541374206543,400.0
2026-04-23T13:20:59.611387,100.0,57.8541374206543,400.0
2026-04-23T13:21:01.815081,100.0,57.8541374206543,400.0
2026-04-23T13:21:04.018755,100.0,57.7023811340332,400.0
2026-04-23T13:21:06.226537,100.0,57.65179443359375,400.0
2026-04-23T13:21:08.431880,100.0,57.752967834472656,400.0
2026-04-23T13:21:10.635238,100.0,57.7023811340332,400.0
2026-04-23T13:21:12.838676,100.0,57.65179443359375,400.0
2026-04-23T13:21:15.042443,100.0,57.752967834472656,400.0
2026-04-23T13:21:17.245823,100.0,57.7023811340332,400.0
2026-04-23T13:21:19.449627,100.0,57.803550720214844,400.0
2026-04-23T13:21:21.652233,100.0,57.65179443359375,400.0
2026-04-23T13:21:23.854729,100.0,57.752967834472656,400.0
2026-04-23T13:21:26.059753,100.0,57.752967834472656,400.0
2026-04-23T13:21:28.266404,100.0,57.90472412109375,400.0
2026-04-23T13:21:30.470825,100.0,57.803550720214844,400.0
2026-04-23T13:21:32.675984,100.0,57.803550720214844,400.0
2026-04-23T13:21:34.878699,100.0,57.752967834472656,400.0
2026-04-23T13:21:37.086592,100.0,57.8541374206543,400.0
2026-04-23T13:21:39.290242,100.0,57.803550720214844,400.0
2026-04-23T13:21:41.493787,100.0,57.803550720214844,400.0
2026-04-23T13:21:43.698214,100.0,57.8541374206543,400.0
2026-04-23T13:21:45.902726,100.0,57.752967834472656,400.0
2026-04-23T13:21:48.104348,100.0,57.803550720214844,400.0
2026-04-23T13:21:50.310000,100.0,57.8541374206543,400.0
2026-04-23T13:21:52.515592,100.0,57.8541374206543,400.0
2026-04-23T13:21:54.718368,100.0,57.8541374206543,400.0
2026-04-23T13:21:56.924290,100.0,57.803550720214844,400.0
2026-04-23T13:21:59.129010,100.0,57.90472412109375,400.0
2026-04-23T13:22:01.333916,100.0,57.8541374206543,400.0
2026-04-23T13:22:03.538273,100.0,57.90472412109375,400.0
2026-04-23T13:22:05.743360,100.0,57.8541374206543,400.0
2026-04-23T13:22:07.947020,100.0,57.803550720214844,400.0
2026-04-23T13:22:10.149880,100.0,57.752967834472656,400.0
2026-04-23T13:22:12.355005,100.0,57.8541374206543,400.0
2026-04-23T13:22:14.559100,100.0,57.803550720214844,400.0
2026-04-23T13:22:16.764674,100.0,57.803550720214844,400.0
2026-04-23T13:22:18.972666,100.0,57.803550720214844,400.0
2026-04-23T13:22:21.175557,100.0,57.8541374206543,400.0
2026-04-23T13:22:23.383178,100.0,57.7023811340332,400.0
2026-04-23T13:22:25.586802,100.0,57.8541374206543,400.0
2026-04-23T13:22:27.790609,100.0,57.803550720214844,400.0
2026-04-23T13:22:29.993349,100.0,57.803550720214844,400.0
2026-04-23T13:22:32.196555,100.0,57.7023811340332,400.0
2026-04-23T13:22:34.404171,100.0,57.8541374206543,400.0
2026-04-23T13:22:36.609124,100.0,57.8541374206543,400.0
2026-04-23T13:22:38.814189,100.0,57.803550720214844,400.0
2026-04-23T13:22:41.018216,100.0,57.803550720214844,400.0
2026-04-23T13:22:43.221491,100.0,57.90472412109375,400.0
2026-04-23T13:22:45.425646,100.0,57.8541374206543,400.0
2026-04-23T13:22:47.629806,100.0,57.752967834472656,400.0
2026-04-23T13:22:49.832639,100.0,57.8541374206543,400.0
2026-04-23T13:22:52.036168,100.0,57.803550720214844,400.0
2026-04-23T13:22:54.239128,100.0,57.8541374206543,400.0
2026-04-23T13:22:56.443159,100.0,57.8541374206543,400.0
2026-04-23T13:22:58.645921,100.0,57.90472412109375,400.0
2026-04-23T13:23:00.849992,100.0,57.9553108215332,400.0
2026-04-23T13:23:03.055533,100.0,57.90472412109375,400.0
2026-04-23T13:23:05.260318,100.0,57.90472412109375,400.0
2026-04-23T13:23:07.463039,100.0,57.9553108215332,400.0
2026-04-23T13:23:09.667149,100.0,57.9553108215332,400.0
2026-04-23T13:23:11.869212,100.0,57.9553108215332,400.0
2026-04-23T13:23:14.072102,100.0,57.90472412109375,400.0
2026-04-23T13:23:16.278463,100.0,57.9553108215332,400.0
2026-04-23T13:23:18.482888,100.0,57.8541374206543,400.0
2026-04-23T13:23:20.686180,100.0,57.9553108215332,400.0
2026-04-23T13:23:22.888042,100.0,57.9553108215332,400.0
2026-04-23T13:23:25.094419,100.0,57.90472412109375,400.0
2026-04-23T13:23:27.299312,100.0,57.90472412109375,400.0
2026-04-23T13:23:29.503018,100.0,57.8541374206543,400.0
2026-04-23T13:23:31.705317,100.0,57.8541374206543,400.0
2026-04-23T13:23:33.910695,100.0,57.9553108215332,400.0
2026-04-23T13:23:36.115515,100.0,57.8541374206543,400.0
2026-04-23T13:23:38.317120,100.0,57.8541374206543,400.0
2026-04-23T13:23:40.521234,100.0,57.9553108215332,400.0
2026-04-23T13:23:42.725380,100.0,57.8541374206543,400.0
2026-04-23T13:23:44.928665,100.0,57.90472412109375,400.0
2026-04-23T13:23:47.135125,100.0,57.8541374206543,400.0
2026-04-23T13:23:49.336922,100.0,57.8541374206543,400.0
2026-04-23T13:23:51.539934,100.0,57.90472412109375,400.0
2026-04-23T13:23:53.744600,100.0,57.9553108215332,400.0
2026-04-23T13:23:55.947839,100.0,57.9553108215332,400.0
2026-04-23T13:23:58.150757,100.0,57.90472412109375,400.0
2026-04-23T13:24:00.352353,100.0,57.9553108215332,400.0
2026-04-23T13:24:02.556141,100.0,57.90472412109375,400.0
2026-04-23T13:24:04.759263,100.0,57.8541374206543,400.0
2026-04-23T13:24:06.962969,100.0,57.8541374206543,400.0
2026-04-23T13:24:09.166329,100.0,57.90472412109375,400.0
2026-04-23T13:24:11.370818,100.0,57.9553108215332,400.0
2026-04-23T13:24:13.575814,100.0,57.9553108215332,400.0
2026-04-23T13:24:15.779490,100.0,57.8541374206543,400.0
2026-04-23T13:24:17.987110,100.0,57.9553108215332,400.0
2026-04-23T13:24:20.191083,100.0,57.8541374206543,400.0
2026-04-23T13:24:22.394659,100.0,57.90472412109375,400.0
2026-04-23T13:24:24.598339,100.0,57.803550720214844,400.0
2026-04-23T13:24:26.802355,100.0,58.005897521972656,400.0
2026-04-23T13:24:29.005326,100.0,57.9553108215332,400.0
2026-04-23T13:24:31.210084,100.0,57.8541374206543,400.0
2026-04-23T13:24:33.413974,100.0,57.9553108215332,400.0
2026-04-23T13:24:35.617273,100.0,57.90472412109375,400.0
2026-04-23T13:24:37.822813,100.0,57.9553108215332,400.0
2026-04-23T13:24:40.031205,100.0,58.10707092285156,400.0
2026-04-23T13:24:42.236305,100.0,58.05648422241211,400.0
2026-04-23T13:24:44.441021,100.0,57.9553108215332,400.0
2026-04-23T13:24:46.643472,100.0,57.9553108215332,400.0
2026-04-23T13:24:48.847009,100.0,57.9553108215332,400.0
2026-04-23T13:24:51.050339,100.0,58.005897521972656,400.0
2026-04-23T13:24:53.255615,100.0,58.05648422241211,400.0
2026-04-23T13:24:55.463007,100.0,58.10707092285156,400.0
2026-04-23T13:24:57.665777,100.0,57.8541374206543,400.0
2026-04-23T13:24:59.870476,100.0,58.05648422241211,400.0
2026-04-23T13:25:02.074968,100.0,57.9553108215332,400.0
2026-04-23T13:25:04.279972,100.0,57.8541374206543,400.0
2026-04-23T13:25:06.483758,100.0,58.10707092285156,400.0
2026-04-23T13:25:08.687841,100.0,58.157657623291016,400.0
2026-04-23T13:25:10.892097,100.0,58.05648422241211,400.0
2026-04-23T13:25:13.096509,100.0,58.157657623291016,400.0
2026-04-23T13:25:15.317514,100.0,57.9553108215332,400.0
2026-04-23T13:25:17.522541,100.0,58.05648422241211,400.0
2026-04-23T13:25:19.727339,100.0,58.05648422241211,400.0
2026-04-23T13:25:21.931094,100.0,58.05648422241211,400.0
2026-04-23T13:25:24.139674,100.0,58.258827209472656,400.0
2026-04-23T13:25:26.344138,100.0,58.2082405090332,400.0
2026-04-23T13:25:28.547953,100.0,58.10707092285156,400.0
2026-04-23T13:25:30.750121,100.0,58.05648422241211,400.0
2026-04-23T13:25:32.953676,100.0,58.05648422241211,400.0
2026-04-23T13:25:35.156298,100.0,58.05648422241211,400.0
2026-04-23T13:25:37.361801,100.0,58.005897521972656,400.0
2026-04-23T13:25:39.568693,100.0,58.05648422241211,400.0
2026-04-23T13:25:41.777187,100.0,58.05648422241211,400.0
2026-04-23T13:25:43.981601,100.0,58.2082405090332,400.0
2026-04-23T13:25:46.183483,100.0,58.05648422241211,400.0
2026-04-23T13:25:48.386719,100.0,58.157657623291016,400.0
2026-04-23T13:25:50.594557,100.0,58.157657623291016,400.0
2026-04-23T13:25:52.800518,100.0,58.157657623291016,400.0
2026-04-23T13:25:55.006892,100.0,58.05648422241211,400.0
2026-04-23T13:25:57.210648,100.0,58.10707092285156,400.0
2026-04-23T13:25:59.413377,100.0,58.2082405090332,400.0
2026-04-23T13:26:01.615884,100.0,58.05648422241211,400.0
2026-04-23T13:26:03.820231,100.0,58.30941390991211,400.0
2026-04-23T13:26:06.024444,100.0,58.10707092285156,400.0
2026-04-23T13:26:08.230608,100.0,58.10707092285156,400.0
2026-04-23T13:26:10.433043,100.0,58.157657623291016,400.0
2026-04-23T13:26:12.639203,100.0,58.10707092285156,400.0
2026-04-23T13:26:14.842617,100.0,58.157657623291016,400.0
2026-04-23T13:26:17.045744,100.0,58.10707092285156,400.0
2026-04-23T13:26:19.249312,100.0,58.10707092285156,400.0
2026-04-23T13:26:21.452997,100.0,58.10707092285156,400.0
2026-04-23T13:26:23.659493,100.0,58.157657623291016,400.0
2026-04-23T13:26:25.864157,100.0,58.10707092285156,400.0
2026-04-23T13:26:28.073898,100.0,58.157657623291016,400.0
2026-04-23T13:26:30.277778,100.0,58.30941390991211,400.0
2026-04-23T13:26:32.484703,100.0,58.05648422241211,400.0
2026-04-23T13:26:34.687569,100.0,58.157657623291016,400.0
2026-04-23T13:26:36.892945,100.0,58.30941390991211,400.0
2026-04-23T13:26:39.096463,100.0,58.258827209472656,400.0
2026-04-23T13:26:41.300028,100.0,58.10707092285156,400.0
2026-04-23T13:26:43.505805,100.0,58.258827209472656,400.0
2026-04-23T13:26:45.711420,100.0,58.2082405090332,400.0
2026-04-23T13:26:47.917017,100.0,58.005897521972656,400.0
2026-04-23T13:26:50.121031,100.0,58.005897521972656,400.0
2026-04-23T13:26:52.323988,100.0,58.10707092285156,400.0
2026-04-23T13:26:54.528605,100.0,58.30941390991211,400.0
2026-04-23T13:26:56.734986,100.0,58.157657623291016,400.0
2026-04-23T13:26:58.940952,100.0,58.157657623291016,400.0
2026-04-23T13:27:01.146751,100.0,58.2082405090332,400.0
2026-04-23T13:27:03.350335,100.0,58.157657623291016,400.0
2026-04-23T13:27:05.552361,100.0,58.05648422241211,400.0
2026-04-23T13:27:07.757991,100.0,58.157657623291016,400.0
2026-04-23T13:27:09.962502,100.0,57.9553108215332,400.0
2026-04-23T13:27:12.165427,100.0,58.05648422241211,400.0
2026-04-23T13:27:14.371690,100.0,58.10707092285156,400.0
2026-04-23T13:27:16.579512,100.0,58.05648422241211,400.0
2026-04-23T13:27:18.782992,100.0,58.005897521972656,400.0
2026-04-23T13:27:20.985222,100.0,58.2082405090332,400.0
2026-04-23T13:27:23.187715,100.0,58.10707092285156,400.0
2026-04-23T13:27:25.391298,100.0,58.005897521972656,400.0
2026-04-23T13:27:27.597712,100.0,57.9553108215332,400.0
2026-04-23T13:27:29.805039,100.0,58.05648422241211,400.0
2026-04-23T13:27:32.008070,100.0,58.10707092285156,400.0
2026-04-23T13:27:34.210771,100.0,58.10707092285156,400.0
2026-04-23T13:27:36.414638,100.0,58.10707092285156,400.0
2026-04-23T13:27:38.616525,100.0,57.9553108215332,400.0
2026-04-23T13:27:40.819196,100.0,58.05648422241211,400.0
2026-04-23T13:27:43.021194,100.0,58.005897521972656,400.0
2026-04-23T13:27:45.230459,100.0,58.2082405090332,400.0
2026-04-23T13:27:47.435800,100.0,58.05648422241211,400.0
2026-04-23T13:27:49.638906,100.0,58.157657623291016,400.0
2026-04-23T13:27:51.843253,100.0,58.10707092285156,400.0
2026-04-23T13:27:54.046366,100.0,58.10707092285156,400.0
2026-04-23T13:27:56.251143,100.0,58.05648422241211,400.0
2026-04-23T13:27:58.456210,100.0,58.2082405090332,400.0
2026-04-23T13:28:00.662951,100.0,58.05648422241211,400.0
2026-04-23T13:28:02.867510,100.0,58.05648422241211,400.0
2026-04-23T13:28:05.070562,100.0,58.005897521972656,400.0
2026-04-23T13:28:07.275763,100.0,58.157657623291016,400.0
2026-04-23T13:28:09.478974,100.0,58.05648422241211,400.0
2026-04-23T13:28:11.682795,100.0,58.05648422241211,400.0
2026-04-23T13:28:13.886537,100.0,58.005897521972656,400.0
2026-04-23T13:28:16.094686,100.0,58.10707092285156,400.0
2026-04-23T13:28:18.298524,100.0,58.10707092285156,400.0
2026-04-23T13:28:20.500262,100.0,58.157657623291016,400.0
2026-04-23T13:28:22.709298,100.0,58.10707092285156,400.0
2026-04-23T13:28:24.915174,100.0,57.9553108215332,400.0
2026-04-23T13:28:27.119246,100.0,58.05648422241211,400.0
2026-04-23T13:28:29.324844,100.0,58.157657623291016,400.0
2026-04-23T13:28:31.527342,100.0,58.157657623291016,400.0
2026-04-23T13:28:33.731196,100.0,58.2082405090332,400.0
2026-04-23T13:28:35.937117,100.0,58.157657623291016,400.0
2026-04-23T13:28:38.143795,100.0,58.157657623291016,400.0
2026-04-23T13:28:40.346102,100.0,58.2082405090332,400.0
2026-04-23T13:28:42.548760,100.0,58.157657623291016,400.0
2026-04-23T13:28:44.751406,100.0,58.05648422241211,400.0
2026-04-23T13:28:46.955015,100.0,58.157657623291016,400.0
2026-04-23T13:28:49.159386,100.0,58.05648422241211,400.0
2026-04-23T13:28:51.364086,100.0,58.2082405090332,400.0
2026-04-23T13:28:53.569053,100.0,58.258827209472656,400.0
2026-04-23T13:28:55.775809,100.0,58.2082405090332,400.0
2026-04-23T13:28:57.982649,100.0,58.10707092285156,400.0
2026-04-23T13:29:00.184851,100.0,58.258827209472656,400.0
2026-04-23T13:29:02.386893,100.0,58.2082405090332,400.0
2026-04-23T13:29:04.590582,100.0,58.157657623291016,400.0
2026-04-23T13:29:06.795243,100.0,58.157657623291016,400.0
2026-04-23T13:29:08.999287,100.0,58.157657623291016,400.0
2026-04-23T13:29:11.203439,100.0,58.10707092285156,400.0
2026-04-23T13:29:13.407801,100.0,58.157657623291016,400.0
2026-04-23T13:29:15.614841,100.0,58.005897521972656,400.0
2026-04-23T13:29:17.818638,100.0,58.2082405090332,400.0
2026-04-23T13:29:20.020709,100.0,58.10707092285156,400.0
2026-04-23T13:29:22.225967,100.0,58.157657623291016,400.0
2026-04-23T13:29:24.433783,100.0,58.10707092285156,400.0
2026-04-23T13:29:26.636228,100.0,58.2082405090332,400.0
2026-04-23T13:29:28.843188,100.0,58.2082405090332,400.0
2026-04-23T13:29:31.046740,100.0,58.258827209472656,400.0
2026-04-23T13:29:33.249097,100.0,58.2082405090332,400.0
2026-04-23T13:29:35.451205,100.0,58.05648422241211,400.0
2026-04-23T13:29:37.654738,100.0,58.157657623291016,400.0
2026-04-23T13:29:39.860189,100.0,58.157657623291016,400.0
2026-04-23T13:29:42.065209,100.0,58.30941390991211,400.0
2026-04-23T13:29:44.268111,100.0,58.10707092285156,400.0
2026-04-23T13:29:46.471252,100.0,58.157657623291016,400.0
2026-04-23T13:29:48.676074,100.0,58.2082405090332,400.0
2026-04-23T13:29:50.882968,100.0,58.2082405090332,400.0
2026-04-23T13:29:53.086569,100.0,58.2082405090332,400.0
2026-04-23T13:29:55.291426,100.0,58.10707092285156,400.0
2026-04-23T13:29:57.495289,100.0,58.157657623291016,400.0
2026-04-23T13:29:59.703175,100.0,58.157657623291016,400.0
2026-04-23T13:30:01.908939,100.0,58.258827209472656,400.0
2026-04-23T13:30:04.115342,100.0,58.10707092285156,400.0
2026-04-23T13:30:06.318734,100.0,58.10707092285156,400.0
2026-04-23T13:30:08.522623,100.0,58.157657623291016,400.0
2026-04-23T13:30:10.725606,100.0,58.2082405090332,400.0
2026-04-23T13:30:12.931460,100.0,58.157657623291016,400.0
2026-04-23T13:30:15.136131,100.0,58.157657623291016,400.0
2026-04-23T13:30:17.342617,100.0,58.157657623291016,400.0
2026-04-23T13:30:19.545588,100.0,58.2082405090332,400.0
2026-04-23T13:30:21.748642,100.0,58.157657623291016,400.0
2026-04-23T13:30:23.952386,100.0,58.10707092285156,400.0
2026-04-23T13:30:26.159673,100.0,58.36000061035156,400.0
2026-04-23T13:30:28.362873,100.0,58.157657623291016,400.0
2026-04-23T13:30:30.567258,100.0,58.2082405090332,400.0
2026-04-23T13:30:32.769230,100.0,58.157657623291016,400.0
2026-04-23T13:30:34.974089,100.0,58.2082405090332,400.0
2026-04-23T13:30:37.177892,100.0,58.2082405090332,400.0
2026-04-23T13:30:39.382708,100.0,58.258827209472656,400.0
2026-04-23T13:30:41.589347,100.0,58.157657623291016,400.0
2026-04-23T13:30:43.795796,100.0,58.36000061035156,400.0
2026-04-23T13:30:46.005782,100.0,58.30941390991211,400.0
2026-04-23T13:30:48.212567,100.0,58.30941390991211,400.0
2026-04-23T13:30:50.415982,100.0,58.258827209472656,400.0
2026-04-23T13:30:52.619343,100.0,58.2082405090332,400.0
2026-04-23T13:30:54.825753,100.0,58.157657623291016,400.0
2026-04-23T13:30:57.030779,100.0,58.2082405090332,400.0
2026-04-23T13:30:59.239105,100.0,58.157657623291016,400.0
2026-04-23T13:31:01.443413,100.0,58.258827209472656,400.0
2026-04-23T13:31:03.647598,100.0,58.258827209472656,400.0
2026-04-23T13:31:05.849808,100.0,58.30941390991211,400.0
2026-04-23T13:31:08.052868,100.0,58.157657623291016,400.0
2026-04-23T13:31:10.259026,100.0,58.2082405090332,400.0
2026-04-23T13:31:12.461540,100.0,58.05648422241211,400.0
2026-04-23T13:31:14.668811,100.0,58.258827209472656,400.0
2026-04-23T13:31:16.873883,100.0,58.258827209472656,400.0
2026-04-23T13:31:19.078361,100.0,58.258827209472656,400.0
2026-04-23T13:31:21.281263,100.0,58.258827209472656,400.0
2026-04-23T13:31:23.483555,100.0,58.2082405090332,400.0
2026-04-23T13:31:25.687471,100.0,58.05648422241211,400.0
2026-04-23T13:31:27.889936,100.0,58.157657623291016,400.0
2026-04-23T13:31:30.094171,100.0,58.2082405090332,400.0
2026-04-23T13:31:32.296962,100.0,58.258827209472656,400.0
2026-04-23T13:31:34.503872,100.0,58.258827209472656,400.0
2026-04-23T13:31:36.706271,100.0,58.157657623291016,400.0
2026-04-23T13:31:38.910898,100.0,58.10707092285156,400.0
2026-04-23T13:31:41.115988,100.0,58.157657623291016,400.0
2026-04-23T13:31:43.318690,100.0,58.258827209472656,400.0
2026-04-23T13:31:45.522726,100.0,58.30941390991211,400.0
2026-04-23T13:31:47.725438,100.0,58.30941390991211,400.0
2026-04-23T13:31:49.929313,100.0,58.258827209472656,400.0
2026-04-23T13:31:52.132834,100.0,58.157657623291016,400.0
2026-04-23T13:31:54.336367,100.0,58.258827209472656,400.0
2026-04-23T13:31:56.545340,100.0,58.157657623291016,400.0
2026-04-23T13:31:58.749499,100.0,58.2082405090332,400.0
2026-04-23T13:32:00.953025,100.0,58.157657623291016,400.0
2026-04-23T13:32:03.156995,100.0,58.30941390991211,400.0
2026-04-23T13:32:05.362144,100.0,58.10707092285156,400.0
2026-04-23T13:32:07.565303,100.0,58.2082405090332,400.0
2026-04-23T13:32:09.769934,100.0,58.258827209472656,400.0
2026-04-23T13:32:11.976862,100.0,58.2082405090332,400.0
2026-04-23T13:32:14.184644,100.0,58.157657623291016,400.0
2026-04-23T13:32:16.387942,100.0,58.2082405090332,400.0
2026-04-23T13:32:18.592094,100.0,58.2082405090332,400.0
2026-04-23T13:32:20.796598,100.0,58.258827209472656,400.0
2026-04-23T13:32:23.001360,100.0,58.2082405090332,400.0
2026-04-23T13:32:25.204403,100.0,58.10707092285156,400.0
2026-04-23T13:32:27.409513,100.0,58.005897521972656,400.0
2026-04-23T13:32:29.615489,100.0,58.10707092285156,400.0
2026-04-23T13:32:31.819030,100.0,58.157657623291016,400.0
2026-04-23T13:32:34.024047,100.0,58.10707092285156,400.0
2026-04-23T13:32:36.227488,100.0,58.157657623291016,400.0
2026-04-23T13:32:38.432049,100.0,58.258827209472656,400.0
2026-04-23T13:32:40.633892,100.0,58.10707092285156,400.0
2026-04-23T13:32:42.835974,100.0,58.05648422241211,400.0
2026-04-23T13:32:45.040407,100.0,58.157657623291016,400.0
2026-04-23T13:32:47.244266,100.0,58.10707092285156,400.0
2026-04-23T13:32:49.449001,100.0,58.10707092285156,400.0
2026-04-23T13:32:51.654536,100.0,58.05648422241211,400.0
2026-04-23T13:32:53.859459,100.0,58.10707092285156,400.0
2026-04-23T13:32:56.062139,100.0,58.05648422241211,400.0
2026-04-23T13:32:58.266590,100.0,58.157657623291016,400.0
2026-04-23T13:33:00.470182,100.0,58.157657623291016,400.0
2026-04-23T13:33:02.674591,100.0,58.2082405090332,400.0
2026-04-23T13:33:04.877864,100.0,58.36000061035156,400.0
2026-04-23T13:33:07.081835,100.0,58.2082405090332,400.0
2026-04-23T13:33:09.284316,100.0,58.157657623291016,400.0
2026-04-23T13:33:11.487488,100.0,58.2082405090332,400.0
2026-04-23T13:33:13.692115,100.0,58.258827209472656,400.0
2026-04-23T13:33:15.896005,100.0,58.258827209472656,400.0
2026-04-23T13:33:18.099630,100.0,58.10707092285156,400.0
2026-04-23T13:33:20.302127,100.0,58.258827209472656,400.0
2026-04-23T13:33:22.506559,100.0,58.30941390991211,400.0
2026-04-23T13:33:24.710463,100.0,58.30941390991211,400.0
2026-04-23T13:33:26.915687,100.0,58.258827209472656,400.0
2026-04-23T13:33:29.118081,100.0,58.36000061035156,400.0
2026-04-23T13:33:31.320713,100.0,58.30941390991211,400.0
2026-04-23T13:33:33.526199,100.0,58.10707092285156,400.0
2026-04-23T13:33:35.729701,100.0,58.10707092285156,400.0
2026-04-23T13:33:37.932054,100.0,58.258827209472656,400.0
2026-04-23T13:33:40.133906,100.0,58.2082405090332,400.0
2026-04-23T13:33:42.337826,100.0,58.258827209472656,400.0
2026-04-23T13:33:44.541549,100.0,58.2082405090332,400.0
2026-04-23T13:33:46.746866,100.0,58.157657623291016,400.0
2026-04-23T13:33:48.950074,100.0,58.10707092285156,400.0
2026-04-23T13:33:51.153214,100.0,58.157657623291016,400.0
2026-04-23T13:33:53.355873,100.0,58.2082405090332,400.0
2026-04-23T13:33:55.559386,100.0,58.10707092285156,400.0
2026-04-23T13:33:57.763018,100.0,58.258827209472656,400.0
2026-04-23T13:33:59.966288,100.0,58.157657623291016,400.0
2026-04-23T13:34:02.170217,100.0,58.005897521972656,400.0
2026-04-23T13:34:04.373001,100.0,58.2082405090332,400.0
2026-04-23T13:34:06.575735,100.0,58.30941390991211,400.0
2026-04-23T13:34:08.778179,100.0,58.2082405090332,400.0
2026-04-23T13:34:10.980319,100.0,58.30941390991211,400.0
2026-04-23T13:34:13.184028,100.0,58.2082405090332,400.0
2026-04-23T13:34:15.387587,100.0,58.2082405090332,400.0
2026-04-23T13:34:17.592102,100.0,58.05648422241211,400.0
2026-04-23T13:34:19.797499,100.0,58.2082405090332,400.0
2026-04-23T13:34:21.999935,100.0,58.258827209472656,400.0
2026-04-23T13:34:24.204727,100.0,58.258827209472656,400.0
2026-04-23T13:34:26.413106,100.0,58.258827209472656,400.0
2026-04-23T13:34:28.616580,100.0,58.258827209472656,400.0
2026-04-23T13:34:30.823916,100.0,58.2082405090332,400.0
2026-04-23T13:34:33.034955,100.0,58.2082405090332,400.0
2026-04-23T13:34:35.239229,100.0,58.2082405090332,400.0
2026-04-23T13:34:37.442955,100.0,58.2082405090332,400.0
2026-04-23T13:34:39.646489,100.0,58.30941390991211,400.0
2026-04-23T13:34:41.851295,100.0,58.157657623291016,400.0
2026-04-23T13:34:44.059345,100.0,58.2082405090332,400.0
2026-04-23T13:34:46.261881,100.0,58.258827209472656,400.0
2026-04-23T13:34:48.464995,100.0,58.30941390991211,400.0
2026-04-23T13:34:50.668344,100.0,58.258827209472656,400.0
2026-04-23T13:34:52.874295,100.0,58.36000061035156,400.0
2026-04-23T13:34:55.084746,100.0,58.258827209472656,400.0
2026-04-23T13:34:57.290822,100.0,58.2082405090332,400.0
2026-04-23T13:34:59.499398,100.0,58.2082405090332,400.0
2026-04-23T13:35:01.701767,100.0,58.30941390991211,400.0
2026-04-23T13:35:03.904303,100.0,58.30941390991211,400.0
2026-04-23T13:35:06.108949,100.0,58.157657623291016,400.0
2026-04-23T13:35:08.315675,100.0,58.157657623291016,400.0
2026-04-23T13:35:10.520816,100.0,58.157657623291016,400.0
2026-04-23T13:35:12.726347,100.0,58.258827209472656,400.0
2026-04-23T13:35:14.935512,100.0,58.2082405090332,400.0
2026-04-23T13:35:17.142414,100.0,58.258827209472656,400.0
2026-04-23T13:35:19.347465,100.0,58.2082405090332,400.0
2026-04-23T13:35:21.550863,100.0,58.157657623291016,400.0
2026-04-23T13:35:23.753175,100.0,58.2082405090332,400.0
2026-04-23T13:35:25.957919,100.0,58.258827209472656,400.0
2026-04-23T13:35:28.160825,100.0,58.005897521972656,400.0
2026-04-23T13:35:30.364236,100.0,58.157657623291016,400.0
2026-04-23T13:35:32.567752,100.0,58.157657623291016,400.0
2026-04-23T13:35:34.771267,100.0,58.157657623291016,400.0
2026-04-23T13:35:36.977016,100.0,58.157657623291016,400.0
2026-04-23T13:35:39.180544,100.0,58.36000061035156,400.0
2026-04-23T13:35:41.387827,100.0,58.36000061035156,400.0
2026-04-23T13:35:43.591746,100.0,58.410587310791016,400.0
2026-04-23T13:35:45.795391,100.0,58.258827209472656,400.0
2026-04-23T13:35:47.998533,100.0,58.157657623291016,400.0
2026-04-23T13:35:50.201769,100.0,58.10707092285156,400.0
2026-04-23T13:35:52.408368,100.0,58.30941390991211,400.0
2026-04-23T13:35:54.613634,100.0,58.2082405090332,400.0
2026-04-23T13:35:56.817852,100.0,58.410587310791016,400.0
2026-04-23T13:35:59.023160,100.0,58.30941390991211,400.0
2026-04-23T13:36:01.228462,100.0,58.30941390991211,400.0
2026-04-23T13:36:03.432559,100.0,58.30941390991211,400.0
2026-04-23T13:36:05.635375,100.0,58.258827209472656,400.0
2026-04-23T13:36:07.840253,100.0,58.2082405090332,400.0
2026-04-23T13:36:10.043965,100.0,58.258827209472656,400.0
2026-04-23T13:36:12.248487,100.0,58.36000061035156,400.0
2026-04-23T13:36:14.452577,100.0,58.36000061035156,400.0
2026-04-23T13:36:16.658644,100.0,58.30941390991211,400.0
2026-04-23T13:36:18.864247,100.0,58.258827209472656,400.0
2026-04-23T13:36:21.069379,100.0,58.157657623291016,400.0
2026-04-23T13:36:23.274289,100.0,58.258827209472656,400.0
2026-04-23T13:36:25.478838,100.0,58.157657623291016,400.0
2026-04-23T13:36:27.680759,100.0,58.30941390991211,400.0
2026-04-23T13:36:29.883148,100.0,58.258827209472656,400.0
2026-04-23T13:36:32.086685,100.0,58.258827209472656,400.0
2026-04-23T13:36:34.292008,100.0,58.30941390991211,400.0
2026-04-23T13:36:36.496252,100.0,58.30941390991211,400.0
2026-04-23T13:36:38.699088,100.0,58.30941390991211,400.0
2026-04-23T13:36:40.902281,100.0,58.2082405090332,400.0
2026-04-23T13:36:43.106038,100.0,58.258827209472656,400.0
2026-04-23T13:36:45.309063,100.0,58.2082405090332,400.0
2026-04-23T13:36:47.512935,100.0,58.36000061035156,400.0
2026-04-23T13:36:49.715951,100.0,58.258827209472656,400.0
2026-04-23T13:36:51.917840,100.0,58.36000061035156,400.0
2026-04-23T13:36:54.122256,100.0,58.36000061035156,400.0
2026-04-23T13:36:56.327350,100.0,58.30941390991211,400.0
2026-04-23T13:36:58.531652,100.0,58.2082405090332,400.0
2026-04-23T13:37:00.738445,100.0,58.2082405090332,400.0
2026-04-23T13:37:02.946682,100.0,58.157657623291016,400.0
2026-04-23T13:37:05.150711,100.0,58.2082405090332,400.0
2026-04-23T13:37:07.354488,100.0,58.258827209472656,400.0
2026-04-23T13:37:09.558347,100.0,58.2082405090332,400.0
2026-04-23T13:37:11.764662,100.0,58.36000061035156,400.0
2026-04-23T13:37:13.974077,100.0,58.36000061035156,400.0
2026-04-23T13:37:16.177058,100.0,58.36000061035156,400.0
2026-04-23T13:37:18.380863,100.0,58.36000061035156,400.0
2026-04-23T13:37:20.584701,100.0,58.2082405090332,400.0
2026-04-23T13:37:22.788779,100.0,58.258827209472656,400.0
2026-04-23T13:37:24.996758,100.0,58.30941390991211,400.0
2026-04-23T13:37:27.202261,100.0,58.157657623291016,400.0
2026-04-23T13:37:29.405983,100.0,58.2082405090332,400.0
2026-04-23T13:37:31.610878,100.0,58.2082405090332,400.0
2026-04-23T13:37:33.813283,100.0,58.30941390991211,400.0
2026-04-23T13:37:36.017131,100.0,58.2082405090332,400.0
2026-04-23T13:37:38.223008,100.0,58.258827209472656,400.0
2026-04-23T13:37:40.431493,100.0,58.157657623291016,400.0
2026-04-23T13:37:42.636526,100.0,58.2082405090332,400.0
2026-04-23T13:37:44.844406,100.0,58.258827209472656,400.0
2026-04-23T13:37:47.048212,100.0,58.157657623291016,400.0
2026-04-23T13:37:49.250709,100.0,58.258827209472656,400.0
2026-04-23T13:37:51.455289,100.0,58.2082405090332,400.0
2026-04-23T13:37:53.660934,100.0,58.258827209472656,400.0
2026-04-23T13:37:55.864145,100.0,58.2082405090332,400.0
2026-04-23T13:37:58.071085,100.0,58.258827209472656,400.0
2026-04-23T13:38:00.275977,100.0,58.36000061035156,400.0
2026-04-23T13:38:02.480028,100.0,58.2082405090332,400.0
2026-04-23T13:38:04.683759,100.0,58.51176071166992,400.0
2026-04-23T13:38:06.887485,100.0,58.258827209472656,400.0
2026-04-23T13:38:09.094482,100.0,58.36000061035156,400.0
2026-04-23T13:38:11.296849,100.0,58.157657623291016,400.0
2026-04-23T13:38:13.499357,100.0,58.2082405090332,400.0
2026-04-23T13:38:15.703001,100.0,58.36000061035156,400.0
2026-04-23T13:38:17.906001,100.0,58.2082405090332,400.0
2026-04-23T13:38:20.108956,100.0,58.30941390991211,400.0
2026-04-23T13:38:22.312163,100.0,58.2082405090332,400.0
2026-04-23T13:38:24.517036,100.0,58.36000061035156,400.0
2026-04-23T13:38:26.722142,100.0,58.258827209472656,400.0
2026-04-23T13:38:28.928637,100.0,58.2082405090332,400.0
2026-04-23T13:38:31.135574,100.0,58.30941390991211,400.0
2026-04-23T13:38:33.337857,100.0,58.30941390991211,400.0
2026-04-23T13:38:35.551836,100.0,58.30941390991211,400.0
2026-04-23T13:38:37.755058,100.0,58.2082405090332,400.0
2026-04-23T13:38:39.960355,100.0,58.2082405090332,400.0
2026-04-23T13:38:42.165264,100.0,58.2082405090332,400.0
2026-04-23T13:38:44.370299,100.0,58.30941390991211,400.0
2026-04-23T13:38:46.576360,100.0,58.258827209472656,400.0
2026-04-23T13:38:48.782274,100.0,58.258827209472656,400.0
2026-04-23T13:38:50.984103,100.0,58.258827209472656,400.0
2026-04-23T13:38:53.191204,100.0,58.258827209472656,400.0
2026-04-23T13:38:55.393456,100.0,58.30941390991211,400.0
2026-04-23T13:38:57.597392,100.0,58.10707092285156,400.0
2026-04-23T13:38:59.803017,100.0,58.258827209472656,400.0
2026-04-23T13:39:02.006331,100.0,58.258827209472656,400.0
2026-04-23T13:39:04.209032,100.0,58.157657623291016,400.0
2026-04-23T13:39:06.413647,100.0,58.258827209472656,400.0
2026-04-23T13:39:08.616891,100.0,58.258827209472656,400.0
2026-04-23T13:39:10.821285,100.0,58.410587310791016,400.0
2026-04-23T13:39:13.024558,100.0,58.30941390991211,400.0
2026-04-23T13:39:15.230259,100.0,58.36000061035156,400.0
2026-04-23T13:39:17.431968,100.0,58.30941390991211,400.0
2026-04-23T13:39:19.633985,100.0,58.258827209472656,400.0
2026-04-23T13:39:21.838641,100.0,58.258827209472656,400.0
2026-04-23T13:39:24.042315,100.0,58.30941390991211,400.0
2026-04-23T13:39:26.246201,100.0,58.36000061035156,400.0
2026-04-23T13:39:28.454000,100.0,58.36000061035156,400.0
2026-04-23T13:39:30.659002,100.0,58.258827209472656,400.0
2026-04-23T13:39:32.866591,100.0,58.2082405090332,400.0
2026-04-23T13:39:35.070985,100.0,58.258827209472656,400.0
2026-04-23T13:39:37.274444,100.0,58.30941390991211,400.0
2026-04-23T13:39:39.478570,100.0,58.51176071166992,400.0
2026-04-23T13:39:41.684314,100.0,58.410587310791016,400.0
2026-04-23T13:39:43.892496,100.0,58.410587310791016,400.0
2026-04-23T13:39:46.096365,100.0,58.36000061035156,400.0
2026-04-23T13:39:48.304376,100.0,58.258827209472656,400.0
2026-04-23T13:39:50.507291,100.0,58.36000061035156,400.0
2026-04-23T13:39:52.715948,100.0,58.36000061035156,400.0
2026-04-23T13:39:54.920186,100.0,58.30941390991211,400.0
2026-04-23T13:39:57.123500,100.0,58.36000061035156,400.0
2026-04-23T13:39:59.329001,100.0,58.36000061035156,400.0
2026-04-23T13:40:01.533414,100.0,58.258827209472656,400.0
2026-04-23T13:40:03.737522,100.0,58.2082405090332,400.0
2026-04-23T13:40:05.942002,100.0,58.258827209472656,400.0
2026-04-23T13:40:08.146901,100.0,58.258827209472656,400.0
2026-04-23T13:40:10.348847,100.0,58.30941390991211,400.0
2026-04-23T13:40:12.552839,100.0,58.2082405090332,400.0
2026-04-23T13:40:14.756204,100.0,58.2082405090332,400.0
2026-04-23T13:40:16.959837,100.0,58.258827209472656,400.0
2026-04-23T13:40:19.166639,100.0,58.36000061035156,400.0
2026-04-23T13:40:21.372116,100.0,58.410587310791016,400.0
2026-04-23T13:40:23.579320,100.0,58.30941390991211,400.0
2026-04-23T13:40:25.783855,100.0,58.36000061035156,400.0
2026-04-23T13:40:27.986233,100.0,58.258827209472656,400.0
2026-04-23T13:40:30.190253,100.0,58.258827209472656,400.0
2026-04-23T13:40:32.394165,100.0,58.2082405090332,400.0
2026-04-23T13:40:34.598171,100.0,58.36000061035156,400.0
2026-04-23T13:40:36.801999,100.0,58.258827209472656,400.0
2026-04-23T13:40:39.005726,100.0,58.30941390991211,400.0
2026-04-23T13:40:41.215939,100.0,58.36000061035156,400.0
2026-04-23T13:40:43.418580,100.0,58.36000061035156,400.0
2026-04-23T13:40:45.623108,100.0,58.36000061035156,400.0
2026-04-23T13:40:47.828019,100.0,58.36000061035156,400.0
2026-04-23T13:40:50.030758,100.0,58.410587310791016,400.0
2026-04-23T13:40:52.234750,100.0,58.30941390991211,400.0
2026-04-23T13:40:54.439518,100.0,58.258827209472656,400.0
2026-04-23T13:40:56.647377,100.0,58.36000061035156,400.0
2026-04-23T13:40:58.851141,100.0,58.30941390991211,400.0
2026-04-23T13:41:01.055346,100.0,58.30941390991211,400.0
2026-04-23T13:41:03.258974,100.0,58.410587310791016,400.0
2026-04-23T13:41:05.463831,100.0,58.56234359741211,400.0
2026-04-23T13:41:07.666710,100.0,58.30941390991211,400.0
2026-04-23T13:41:09.872906,100.0,58.410587310791016,400.0
2026-04-23T13:41:12.078139,100.0,58.36000061035156,400.0
2026-04-23T13:41:14.282030,100.0,58.30941390991211,400.0
2026-04-23T13:41:16.484283,100.0,58.30941390991211,400.0
2026-04-23T13:41:18.690910,100.0,58.410587310791016,400.0
2026-04-23T13:41:20.893655,100.0,58.30941390991211,400.0
2026-04-23T13:41:23.096455,100.0,58.36000061035156,400.0
2026-04-23T13:41:25.299610,100.0,58.36000061035156,400.0
2026-04-23T13:41:27.501406,100.0,58.2082405090332,400.0
2026-04-23T13:41:29.705529,100.0,58.258827209472656,400.0
2026-04-23T13:41:31.910140,100.0,58.36000061035156,400.0
2026-04-23T13:41:34.113745,100.0,58.36000061035156,400.0
2026-04-23T13:41:36.315638,100.0,58.30941390991211,400.0
2026-04-23T13:41:38.519316,100.0,58.2082405090332,400.0
2026-04-23T13:41:40.722959,100.0,58.258827209472656,400.0
2026-04-23T13:41:42.927508,100.0,58.258827209472656,400.0
2026-04-23T13:41:45.131650,100.0,58.258827209472656,400.0
2026-04-23T13:41:47.334937,100.0,58.30941390991211,400.0
2026-04-23T13:41:49.537429,100.0,58.258827209472656,400.0
2026-04-23T13:41:51.739573,100.0,58.258827209472656,400.0
2026-04-23T13:41:53.944298,100.0,58.258827209472656,400.0
2026-04-23T13:41:56.148305,100.0,58.258827209472656,400.0
2026-04-23T13:41:58.353044,100.0,58.258827209472656,400.0
2026-04-23T13:42:00.556394,100.0,58.258827209472656,400.0
2026-04-23T13:42:02.759605,100.0,58.30941390991211,400.0
2026-04-23T13:42:04.962648,100.0,58.2082405090332,400.0
2026-04-23T13:42:07.172703,100.0,58.258827209472656,400.0
2026-04-23T13:42:09.375405,100.0,58.30941390991211,400.0
2026-04-23T13:42:11.580652,100.0,58.258827209472656,400.0
2026-04-23T13:42:13.785767,100.0,58.258827209472656,400.0
2026-04-23T13:42:15.990666,100.0,58.36000061035156,400.0
2026-04-23T13:42:18.195689,100.0,58.30941390991211,400.0
2026-04-23T13:42:20.397648,100.0,58.2082405090332,400.0
2026-04-23T13:42:22.603336,100.0,58.2082405090332,400.0
2026-04-23T13:42:24.807670,100.0,58.157657623291016,400.0
2026-04-23T13:42:27.012463,100.0,58.157657623291016,400.0
2026-04-23T13:42:29.215321,100.0,58.2082405090332,400.0
2026-04-23T13:42:31.419228,100.0,58.2082405090332,400.0
2026-04-23T13:42:33.623568,100.0,58.36000061035156,400.0
2026-04-23T13:42:35.825828,100.0,58.157657623291016,400.0
2026-04-23T13:42:38.029883,100.0,58.2082405090332,400.0
2026-04-23T13:42:40.233163,100.0,58.258827209472656,400.0
2026-04-23T13:42:42.436692,100.0,58.30941390991211,400.0
2026-04-23T13:42:44.641018,100.0,58.36000061035156,400.0
2026-04-23T13:42:46.845150,100.0,58.258827209472656,400.0
2026-04-23T13:42:49.050927,100.0,58.2082405090332,400.0
2026-04-23T13:42:51.257048,100.0,58.30941390991211,400.0
2026-04-23T13:42:53.460398,100.0,58.36000061035156,400.0
2026-04-23T13:42:55.665088,100.0,58.30941390991211,400.0
2026-04-23T13:42:57.868100,100.0,58.2082405090332,400.0
2026-04-23T13:43:00.075010,100.0,58.258827209472656,400.0
2026-04-23T13:43:02.278986,100.0,58.258827209472656,400.0
2026-04-23T13:43:04.485768,100.0,58.258827209472656,400.0
2026-04-23T13:43:06.691409,100.0,58.258827209472656,400.0
2026-04-23T13:43:08.896029,100.0,58.258827209472656,400.0
2026-04-23T13:43:11.098445,100.0,58.157657623291016,400.0
2026-04-23T13:43:13.304928,100.0,58.2082405090332,400.0
2026-04-23T13:43:15.509006,100.0,58.2082405090332,400.0
2026-04-23T13:43:17.713270,100.0,58.2082405090332,400.0
2026-04-23T13:43:19.940645,100.0,58.157657623291016,400.0
2026-04-23T13:43:22.144372,100.0,58.157657623291016,400.0
2026-04-23T13:43:24.347163,100.0,58.2082405090332,400.0
2026-04-23T13:43:26.549456,100.0,58.30941390991211,400.0
2026-04-23T13:43:28.752946,100.0,58.2082405090332,400.0
2026-04-23T13:43:30.956524,100.0,58.30941390991211,400.0
2026-04-23T13:43:33.161540,100.0,58.258827209472656,400.0
2026-04-23T13:43:35.363524,100.0,58.30941390991211,400.0
2026-04-23T13:43:37.568200,100.0,58.410587310791016,400.0
2026-04-23T13:43:39.771318,100.0,58.36000061035156,400.0
2026-04-23T13:43:41.975716,100.0,58.30941390991211,400.0
2026-04-23T13:43:44.178950,100.0,58.157657623291016,400.0
2026-04-23T13:43:46.383142,100.0,58.258827209472656,400.0
2026-04-23T13:43:48.586851,100.0,58.36000061035156,400.0
2026-04-23T13:43:50.793605,100.0,58.258827209472656,400.0
2026-04-23T13:43:52.996990,100.0,58.36000061035156,400.0
2026-04-23T13:43:55.201652,100.0,58.10707092285156,400.0
2026-04-23T13:43:57.405029,100.0,58.258827209472656,400.0
2026-04-23T13:43:59.608782,100.0,58.2082405090332,400.0
2026-04-23T13:44:01.813009,100.0,58.258827209472656,400.0
2026-04-23T13:44:04.015204,100.0,58.258827209472656,400.0
2026-04-23T13:44:06.219091,100.0,58.258827209472656,400.0
2026-04-23T13:44:08.422654,100.0,58.10707092285156,400.0
2026-04-23T13:44:10.625240,100.0,58.157657623291016,400.0
2026-04-23T13:44:12.829708,100.0,58.10707092285156,400.0
2026-04-23T13:44:15.031581,100.0,58.258827209472656,400.0
2026-04-23T13:44:17.237960,100.0,58.2082405090332,400.0
2026-04-23T13:44:19.441797,100.0,58.2082405090332,400.0
2026-04-23T13:44:21.645567,100.0,58.2082405090332,400.0
2026-04-23T13:44:23.853179,100.0,58.157657623291016,400.0
2026-04-23T13:44:26.061042,100.0,58.157657623291016,400.0
2026-04-23T13:44:28.268086,100.0,58.157657623291016,400.0
2026-04-23T13:44:30.475621,100.0,58.2082405090332,400.0
2026-04-23T13:44:32.684392,100.0,58.258827209472656,400.0
2026-04-23T13:44:34.888925,100.0,58.258827209472656,400.0
2026-04-23T13:44:37.093056,100.0,58.2082405090332,400.0
2026-04-23T13:44:39.296043,100.0,58.258827209472656,400.0
2026-04-23T13:44:41.501043,100.0,58.258827209472656,400.0
2026-04-23T13:44:43.711725,100.0,58.10707092285156,400.0
2026-04-23T13:44:45.914627,100.0,58.157657623291016,400.0
2026-04-23T13:44:48.119338,100.0,58.258827209472656,400.0
2026-04-23T13:44:50.323823,100.0,58.30941390991211,400.0
2026-04-23T13:44:52.527258,100.0,58.2082405090332,400.0
2026-04-23T13:44:54.730434,100.0,58.157657623291016,400.0
2026-04-23T13:44:56.935058,100.0,58.36000061035156,400.0
2026-04-23T13:44:59.139818,100.0,58.30941390991211,400.0
2026-04-23T13:45:01.344369,100.0,58.2082405090332,400.0
2026-04-23T13:45:03.550861,100.0,58.258827209472656,400.0
2026-04-23T13:45:05.755524,100.0,58.2082405090332,400.0
2026-04-23T13:45:07.960130,100.0,58.10707092285156,400.0
2026-04-23T13:45:10.163514,100.0,58.258827209472656,400.0
2026-04-23T13:45:12.367663,100.0,58.2082405090332,400.0
2026-04-23T13:45:14.571963,100.0,58.157657623291016,400.0
2026-04-23T13:45:16.776040,100.0,58.258827209472656,400.0
2026-04-23T13:45:18.984858,100.0,58.2082405090332,400.0
2026-04-23T13:45:21.188912,100.0,58.2082405090332,400.0
2026-04-23T13:45:23.392292,100.0,58.258827209472656,400.0
2026-04-23T13:45:25.595458,100.0,58.2082405090332,400.0
2026-04-23T13:45:27.797346,100.0,58.2082405090332,400.0
2026-04-23T13:45:30.001609,100.0,58.157657623291016,400.0
2026-04-23T13:45:32.212151,100.0,58.157657623291016,400.0
2026-04-23T13:45:34.416132,100.0,58.258827209472656,400.0
2026-04-23T13:45:36.622824,100.0,58.157657623291016,400.0
2026-04-23T13:45:38.828270,100.0,58.157657623291016,400.0
2026-04-23T13:45:41.031079,100.0,58.30941390991211,400.0
2026-04-23T13:45:43.234739,100.0,58.2082405090332,400.0
2026-04-23T13:45:45.440396,100.0,58.05648422241211,400.0
2026-04-23T13:45:47.647310,100.0,58.2082405090332,400.0
2026-04-23T13:45:49.851230,100.0,58.10707092285156,400.0
2026-04-23T13:45:52.056230,100.0,58.005897521972656,400.0
2026-04-23T13:45:54.259351,100.0,58.258827209472656,400.0
2026-04-23T13:45:56.462042,100.0,58.157657623291016,400.0
2026-04-23T13:45:58.665441,100.0,58.157657623291016,400.0
2026-04-23T13:46:00.869281,100.0,58.157657623291016,400.0
2026-04-23T13:46:03.074421,100.0,58.10707092285156,400.0
2026-04-23T13:46:05.279009,100.0,58.258827209472656,400.0
2026-04-23T13:46:07.482874,100.0,58.157657623291016,400.0
2026-04-23T13:46:09.694774,100.0,58.258827209472656,400.0
2026-04-23T13:46:11.899542,100.0,58.30941390991211,400.0
2026-04-23T13:46:14.104893,100.0,58.2082405090332,400.0
2026-04-23T13:46:16.315288,100.0,58.10707092285156,400.0
2026-04-23T13:46:18.518893,100.0,58.258827209472656,400.0
2026-04-23T13:46:20.724460,100.0,58.258827209472656,400.0
2026-04-23T13:46:22.929357,100.0,58.258827209472656,400.0
2026-04-23T13:46:25.131579,100.0,58.10707092285156,400.0
2026-04-23T13:46:27.333823,100.0,58.2082405090332,400.0
2026-04-23T13:46:29.537623,100.0,58.10707092285156,400.0
2026-04-23T13:46:31.745040,100.0,58.10707092285156,400.0
2026-04-23T13:46:33.951746,100.0,58.157657623291016,400.0
2026-04-23T13:46:36.158183,100.0,58.05648422241211,400.0
2026-04-23T13:46:38.362491,100.0,58.05648422241211,400.0
2026-04-23T13:46:40.566171,100.0,58.2082405090332,400.0
2026-04-23T13:46:42.769488,100.0,58.10707092285156,400.0
2026-04-23T13:46:44.974758,100.0,58.2082405090332,400.0
2026-04-23T13:46:47.179452,100.0,58.05648422241211,400.0
2026-04-23T13:46:49.383289,100.0,58.157657623291016,400.0
2026-04-23T13:46:51.586932,100.0,58.10707092285156,400.0
2026-04-23T13:46:53.791313,100.0,58.2082405090332,400.0
2026-04-23T13:46:55.995077,100.0,58.157657623291016,400.0
2026-04-23T13:46:58.198779,100.0,58.157657623291016,400.0
2026-04-23T13:47:00.401004,100.0,58.005897521972656,400.0
2026-04-23T13:47:02.604871,100.0,58.10707092285156,400.0
2026-04-23T13:47:04.808136,100.0,58.05648422241211,400.0
2026-04-23T13:47:07.012307,100.0,58.10707092285156,400.0
2026-04-23T13:47:09.215173,100.0,58.2082405090332,400.0
2026-04-23T13:47:11.418601,100.0,58.258827209472656,400.0
2026-04-23T13:47:13.625146,100.0,58.157657623291016,400.0
2026-04-23T13:47:15.830699,100.0,58.2082405090332,400.0
2026-04-23T13:47:18.037553,100.0,58.30941390991211,400.0
2026-04-23T13:47:20.241318,100.0,58.10707092285156,400.0
2026-04-23T13:47:22.446998,100.0,58.2082405090332,400.0
2026-04-23T13:47:24.650832,100.0,57.90472412109375,400.0
2026-04-23T13:47:26.853833,100.0,58.10707092285156,400.0
2026-04-23T13:47:29.059044,100.0,58.2082405090332,400.0
2026-04-23T13:47:31.264564,100.0,58.258827209472656,400.0
2026-04-23T13:47:33.467984,100.0,58.157657623291016,400.0
2026-04-23T13:47:35.671294,100.0,58.258827209472656,400.0
2026-04-23T13:47:37.876563,100.0,58.05648422241211,400.0
2026-04-23T13:47:40.079890,100.0,58.10707092285156,400.0
2026-04-23T13:47:42.282178,100.0,58.2082405090332,400.0
2026-04-23T13:47:44.485768,100.0,58.258827209472656,400.0
2026-04-23T13:47:46.691240,100.0,58.157657623291016,400.0
2026-04-23T13:47:48.897005,100.0,58.157657623291016,400.0
2026-04-23T13:47:51.101385,100.0,58.30941390991211,400.0
2026-04-23T13:47:53.309798,100.0,58.10707092285156,400.0
2026-04-23T13:47:55.511794,100.0,58.157657623291016,400.0
2026-04-23T13:47:57.713745,100.0,58.157657623291016,400.0
2026-04-23T13:47:59.919208,100.0,58.10707092285156,400.0
2026-04-23T13:48:02.124572,100.0,58.157657623291016,400.0
2026-04-23T13:48:04.328835,100.0,58.157657623291016,400.0
2026-04-23T13:48:06.532563,100.0,58.10707092285156,400.0
2026-04-23T13:48:08.738411,100.0,58.10707092285156,400.0
2026-04-23T13:48:10.941344,100.0,58.157657623291016,400.0
2026-04-23T13:48:13.145070,100.0,58.157657623291016,400.0
2026-04-23T13:48:15.347368,100.0,58.05648422241211,400.0
2026-04-23T13:48:17.551079,100.0,58.157657623291016,400.0
2026-04-23T13:48:19.758631,100.0,58.2082405090332,400.0
2026-04-23T13:48:21.962590,100.0,58.157657623291016,400.0
2026-04-23T13:48:24.164980,100.0,58.157657623291016,400.0
2026-04-23T13:48:26.368534,100.0,58.10707092285156,400.0
2026-04-23T13:48:28.573911,100.0,58.30941390991211,400.0
2026-04-23T13:48:30.777571,100.0,58.157657623291016,400.0
2026-04-23T13:48:32.980036,100.0,58.2082405090332,400.0
2026-04-23T13:48:35.184289,100.0,58.2082405090332,400.0
2026-04-23T13:48:37.388463,100.0,58.157657623291016,400.0
2026-04-23T13:48:39.591218,100.0,58.157657623291016,400.0
2026-04-23T13:48:41.796748,100.0,58.258827209472656,400.0
2026-04-23T13:48:44.001771,100.0,58.258827209472656,400.0
2026-04-23T13:48:46.203939,100.0,58.157657623291016,400.0
2026-04-23T13:48:48.408767,100.0,58.10707092285156,400.0
2026-04-23T13:48:50.614587,100.0,58.157657623291016,400.0
2026-04-23T13:48:52.820747,100.0,58.157657623291016,400.0
2026-04-23T13:48:55.028165,100.0,58.258827209472656,400.0
2026-04-23T13:48:57.231462,100.0,58.157657623291016,400.0
2026-04-23T13:48:59.436767,100.0,58.10707092285156,400.0
2026-04-23T13:49:01.641530,100.0,58.157657623291016,400.0
2026-04-23T13:49:03.844961,100.0,58.258827209472656,400.0
2026-04-23T13:49:06.046976,100.0,58.30941390991211,400.0
2026-04-23T13:49:08.251248,100.0,58.2082405090332,400.0
2026-04-23T13:49:10.459300,100.0,58.258827209472656,400.0
2026-04-23T13:49:12.663214,100.0,58.30941390991211,400.0
2026-04-23T13:49:14.867192,100.0,58.2082405090332,400.0
2026-04-23T13:49:17.071478,100.0,58.36000061035156,400.0
2026-04-23T13:49:19.274460,100.0,58.2082405090332,400.0
2026-04-23T13:49:21.476509,100.0,58.2082405090332,400.0
2026-04-23T13:49:23.681227,100.0,58.10707092285156,400.0
2026-04-23T13:49:25.883163,100.0,58.258827209472656,400.0
2026-04-23T13:49:28.088408,100.0,58.05648422241211,400.0
2026-04-23T13:49:30.293309,100.0,58.05648422241211,400.0
2026-04-23T13:49:32.498219,100.0,58.2082405090332,400.0
2026-04-23T13:49:34.702209,100.0,58.157657623291016,400.0
2026-04-23T13:49:36.908312,100.0,58.157657623291016,400.0
2026-04-23T13:49:39.115464,100.0,58.2082405090332,400.0
2026-04-23T13:49:41.320532,100.0,58.258827209472656,400.0
2026-04-23T13:49:43.526042,100.0,58.258827209472656,400.0
2026-04-23T13:49:45.732439,100.0,58.258827209472656,400.0
2026-04-23T13:49:47.937267,100.0,58.2082405090332,400.0
2026-04-23T13:49:50.139896,100.0,58.36000061035156,400.0
2026-04-23T13:49:52.344246,100.0,58.36000061035156,400.0
2026-04-23T13:49:54.546617,100.0,58.157657623291016,400.0
2026-04-23T13:49:56.750761,100.0,58.2082405090332,400.0
2026-04-23T13:49:58.959133,100.0,58.30941390991211,400.0
2026-04-23T13:50:01.163695,100.0,58.157657623291016,400.0
2026-04-23T13:50:03.365504,100.0,58.2082405090332,400.0
2026-04-23T13:50:05.568881,100.0,58.157657623291016,400.0
2026-04-23T13:50:07.776946,100.0,58.2082405090332,400.0
2026-04-23T13:50:09.980605,100.0,58.30941390991211,400.0
2026-04-23T13:50:12.183844,100.0,58.2082405090332,400.0
2026-04-23T13:50:14.387694,100.0,58.30941390991211,400.0
2026-04-23T13:50:16.595131,100.0,58.36000061035156,400.0
2026-04-23T13:50:18.797527,100.0,58.258827209472656,400.0
2026-04-23T13:50:20.999559,100.0,58.30941390991211,400.0
2026-04-23T13:50:23.203123,100.0,58.30941390991211,400.0
2026-04-23T13:50:25.410340,100.0,58.36000061035156,400.0
2026-04-23T13:50:27.615515,100.0,58.258827209472656,400.0
2026-04-23T13:50:29.820071,100.0,58.30941390991211,400.0
2026-04-23T13:50:32.024908,100.0,58.30941390991211,400.0
2026-04-23T13:50:34.229582,100.0,58.258827209472656,400.0
2026-04-23T13:50:36.434210,100.0,58.410587310791016,400.0
2026-04-23T13:50:38.637022,100.0,58.30941390991211,400.0
2026-04-23T13:50:40.839865,100.0,58.30941390991211,400.0
2026-04-23T13:50:43.044085,100.0,58.2082405090332,400.0
2026-04-23T13:50:45.247955,100.0,58.410587310791016,400.0
2026-04-23T13:50:47.453551,100.0,58.258827209472656,400.0
2026-04-23T13:50:49.657320,100.0,58.36000061035156,400.0
2026-04-23T13:50:51.861423,100.0,58.36000061035156,400.0
2026-04-23T13:50:54.065009,100.0,58.258827209472656,400.0
2026-04-23T13:50:56.269356,100.0,58.36000061035156,400.0
2026-04-23T13:50:58.474296,100.0,58.36000061035156,400.0
2026-04-23T13:51:00.679004,100.0,58.258827209472656,400.0
2026-04-23T13:51:02.885074,100.0,58.157657623291016,400.0
2026-04-23T13:51:05.090578,100.0,58.30941390991211,400.0
2026-04-23T13:51:07.295096,100.0,58.2082405090332,400.0
2026-04-23T13:51:09.497334,100.0,58.30941390991211,400.0
2026-04-23T13:51:11.699450,100.0,58.36000061035156,400.0
2026-04-23T13:51:13.906140,100.0,58.258827209472656,400.0
2026-04-23T13:51:16.109401,100.0,58.36000061035156,400.0
2026-04-23T13:51:18.313696,100.0,58.36000061035156,400.0
2026-04-23T13:51:20.517477,100.0,58.157657623291016,400.0
2026-04-23T13:51:22.722700,100.0,58.30941390991211,400.0
2026-04-23T13:51:24.927470,100.0,58.258827209472656,400.0
2026-04-23T13:51:27.131950,100.0,58.36000061035156,400.0
2026-04-23T13:51:29.334808,100.0,58.258827209472656,400.0
2026-04-23T13:51:31.539364,100.0,58.30941390991211,400.0
2026-04-23T13:51:33.743377,100.0,58.410587310791016,400.0
2026-04-23T13:51:35.945820,100.0,58.30941390991211,400.0
2026-04-23T13:51:38.149141,100.0,58.30941390991211,400.0
2026-04-23T13:51:40.357043,100.0,58.10707092285156,400.0
2026-04-23T13:51:42.563272,100.0,58.258827209472656,400.0
2026-04-23T13:51:44.767372,100.0,58.258827209472656,400.0
2026-04-23T13:51:46.972748,100.0,58.05648422241211,400.0
2026-04-23T13:51:49.177370,100.0,58.36000061035156,400.0
2026-04-23T13:51:51.380804,100.0,58.2082405090332,400.0
2026-04-23T13:51:53.584954,100.0,58.30941390991211,400.0
2026-04-23T13:51:55.791506,100.0,58.30941390991211,400.0
2026-04-23T13:51:57.996386,100.0,58.2082405090332,400.0
2026-04-23T13:52:00.199930,100.0,58.258827209472656,400.0
2026-04-23T13:52:02.404445,100.0,58.2082405090332,400.0
2026-04-23T13:52:04.609463,100.0,58.30941390991211,400.0
2026-04-23T13:52:06.812632,100.0,58.2082405090332,400.0
2026-04-23T13:52:09.016689,100.0,58.258827209472656,400.0
2026-04-23T13:52:11.222191,100.0,58.2082405090332,400.0
2026-04-23T13:52:13.427993,100.0,58.30941390991211,400.0
2026-04-23T13:52:15.632168,100.0,58.36000061035156,400.0
2026-04-23T13:52:17.839098,100.0,58.30941390991211,400.0
2026-04-23T13:52:20.044551,100.0,58.30941390991211,400.0
2026-04-23T13:52:22.249500,100.0,58.2082405090332,400.0
2026-04-23T13:52:24.453133,100.0,58.2082405090332,400.0
2026-04-23T13:52:26.657130,100.0,58.258827209472656,400.0
2026-04-23T13:52:28.860832,100.0,58.30941390991211,400.0
2026-04-23T13:52:31.063798,100.0,58.30941390991211,400.0
2026-04-23T13:52:33.266246,100.0,58.2082405090332,400.0
2026-04-23T13:52:35.473439,100.0,58.2082405090332,400.0
2026-04-23T13:52:37.676932,100.0,58.30941390991211,400.0
2026-04-23T13:52:39.879216,100.0,58.36000061035156,400.0
2026-04-23T13:52:42.081107,100.0,58.30941390991211,400.0
2026-04-23T13:52:44.284924,100.0,58.30941390991211,400.0
2026-04-23T13:52:46.490958,100.0,58.36000061035156,400.0
2026-04-23T13:52:48.694928,100.0,58.30941390991211,400.0
2026-04-23T13:52:50.898576,100.0,58.2082405090332,400.0
2026-04-23T13:52:53.102142,100.0,58.157657623291016,400.0
2026-04-23T13:52:55.306516,100.0,58.258827209472656,400.0
2026-04-23T13:52:57.511136,100.0,58.30941390991211,400.0
2026-04-23T13:52:59.713618,100.0,58.30941390991211,400.0
2026-04-23T13:53:01.917112,100.0,58.36000061035156,400.0
2026-04-23T13:53:04.122038,100.0,58.258827209472656,400.0
2026-04-23T13:53:06.324333,100.0,58.36000061035156,400.0
2026-04-23T13:53:08.529252,100.0,58.2082405090332,400.0
2026-04-23T13:53:10.734092,100.0,58.258827209472656,400.0
2026-04-23T13:53:12.943857,100.0,58.2082405090332,400.0
2026-04-23T13:53:15.146824,100.0,58.30941390991211,400.0
2026-04-23T13:53:17.349155,100.0,58.36000061035156,400.0
2026-04-23T13:53:19.551948,100.0,58.30941390991211,400.0
2026-04-23T13:53:21.755752,100.0,58.30941390991211,400.0
2026-04-23T13:53:23.958152,100.0,58.36000061035156,400.0
2026-04-23T13:53:26.160374,100.0,58.258827209472656,400.0
2026-04-23T13:53:28.370154,100.0,58.36000061035156,400.0
2026-04-23T13:53:30.574745,100.0,58.30941390991211,400.0
2026-04-23T13:53:32.778119,100.0,58.258827209472656,400.0
2026-04-23T13:53:34.980701,100.0,58.36000061035156,400.0
2026-04-23T13:53:37.182621,100.0,58.157657623291016,400.0
2026-04-23T13:53:39.387873,100.0,58.36000061035156,400.0
2026-04-23T13:53:41.590810,100.0,58.30941390991211,400.0
2026-04-23T13:53:43.794517,100.0,58.258827209472656,400.0
2026-04-23T13:53:45.998229,100.0,58.258827209472656,400.0
2026-04-23T13:53:48.212109,100.0,58.30941390991211,400.0
2026-04-23T13:53:50.415164,100.0,58.30941390991211,400.0
2026-04-23T13:53:52.619499,100.0,58.410587310791016,400.0
2026-04-23T13:53:54.826914,100.0,58.258827209472656,400.0
2026-04-23T13:53:57.030613,100.0,58.30941390991211,400.0
2026-04-23T13:53:59.233038,100.0,58.410587310791016,400.0
2026-04-23T13:54:01.438171,100.0,58.51176071166992,400.0
2026-04-23T13:54:03.642934,100.0,58.2082405090332,400.0
2026-04-23T13:54:05.847803,100.0,58.258827209472656,400.0
2026-04-23T13:54:08.054362,100.0,58.30941390991211,400.0
2026-04-23T13:54:10.259348,100.0,58.36000061035156,400.0
2026-04-23T13:54:12.462386,100.0,58.36000061035156,400.0
2026-04-23T13:54:14.665946,100.0,58.36000061035156,400.0
2026-04-23T13:54:16.874080,100.0,58.36000061035156,400.0
2026-04-23T13:54:19.080935,100.0,58.258827209472656,400.0
2026-04-23T13:54:21.283821,100.0,58.2082405090332,400.0
2026-04-23T13:54:23.488010,100.0,58.410587310791016,400.0
2026-04-23T13:54:25.690153,100.0,58.2082405090332,400.0
2026-04-23T13:54:27.899239,100.0,58.258827209472656,400.0
2026-04-23T13:54:30.109941,100.0,58.258827209472656,400.0
2026-04-23T13:54:32.313801,100.0,58.30941390991211,400.0
2026-04-23T13:54:34.517459,100.0,58.36000061035156,400.0
2026-04-23T13:54:36.720443,100.0,58.30941390991211,400.0
2026-04-23T13:54:38.925939,100.0,58.30941390991211,400.0
2026-04-23T13:54:41.130015,100.0,58.258827209472656,400.0
2026-04-23T13:54:43.335270,100.0,58.258827209472656,400.0
2026-04-23T13:54:45.537499,100.0,58.36000061035156,400.0
2026-04-23T13:54:47.741512,100.0,58.30941390991211,400.0
2026-04-23T13:54:49.947165,100.0,58.410587310791016,400.0
2026-04-23T13:54:52.149914,100.0,58.30941390991211,400.0
2026-04-23T13:54:54.354473,100.0,58.46117401123047,400.0
2026-04-23T13:54:56.559612,100.0,58.36000061035156,400.0
2026-04-23T13:54:58.761889,100.0,58.258827209472656,400.0
2026-04-23T13:55:00.966771,100.0,58.36000061035156,400.0
2026-04-23T13:55:03.169654,100.0,58.30941390991211,400.0
2026-04-23T13:55:05.375677,100.0,58.30941390991211,400.0
2026-04-23T13:55:07.579062,100.0,58.30941390991211,400.0
2026-04-23T13:55:09.784254,100.0,58.30941390991211,400.0
2026-04-23T13:55:11.987471,100.0,58.30941390991211,400.0
2026-04-23T13:55:14.191384,100.0,58.36000061035156,400.0
2026-04-23T13:55:16.399705,100.0,58.258827209472656,400.0
2026-04-23T13:55:18.604556,100.0,58.36000061035156,400.0
2026-04-23T13:55:20.808290,100.0,58.30941390991211,400.0
2026-04-23T13:55:23.014049,100.0,58.258827209472656,400.0
2026-04-23T13:55:25.216716,100.0,58.36000061035156,400.0
2026-04-23T13:55:27.422278,100.0,58.36000061035156,400.0
2026-04-23T13:55:29.625489,100.0,58.30941390991211,400.0
2026-04-23T13:55:31.829097,100.0,58.36000061035156,400.0
2026-04-23T13:55:34.033040,100.0,58.157657623291016,400.0
2026-04-23T13:55:36.238379,100.0,58.30941390991211,400.0
2026-04-23T13:55:38.443109,100.0,58.30941390991211,400.0
2026-04-23T13:55:40.650216,100.0,58.410587310791016,400.0
2026-04-23T13:55:42.855262,100.0,58.10707092285156,400.0
2026-04-23T13:55:45.060587,100.0,58.258827209472656,400.0
2026-04-23T13:55:47.266910,100.0,58.157657623291016,400.0
2026-04-23T13:55:49.470296,100.0,58.258827209472656,400.0
2026-04-23T13:55:51.672787,100.0,58.36000061035156,400.0
2026-04-23T13:55:53.878457,100.0,58.258827209472656,400.0
2026-04-23T13:55:56.083805,100.0,58.258827209472656,400.0
2026-04-23T13:55:58.288822,100.0,58.258827209472656,400.0
2026-04-23T13:56:00.493100,100.0,58.258827209472656,400.0
2026-04-23T13:56:02.696217,100.0,58.258827209472656,400.0
2026-04-23T13:56:04.898370,100.0,58.36000061035156,400.0
2026-04-23T13:56:07.101866,100.0,58.46117401123047,400.0
2026-04-23T13:56:09.305821,100.0,58.30941390991211,400.0
2026-04-23T13:56:11.509678,100.0,58.36000061035156,400.0
2026-04-23T13:56:13.713494,100.0,58.30941390991211,400.0
2026-04-23T13:56:15.918915,100.0,58.2082405090332,400.0
2026-04-23T13:56:18.123033,100.0,58.258827209472656,400.0
2026-04-23T13:56:20.327107,100.0,58.30941390991211,400.0
2026-04-23T13:56:22.531229,100.0,58.258827209472656,400.0
2026-04-23T13:56:24.734573,100.0,58.36000061035156,400.0
2026-04-23T13:56:26.939731,100.0,58.36000061035156,400.0
2026-04-23T13:56:29.141916,100.0,58.410587310791016,400.0
2026-04-23T13:56:31.345227,100.0,58.30941390991211,400.0
2026-04-23T13:56:33.548299,100.0,58.30941390991211,400.0
2026-04-23T13:56:35.753897,100.0,58.30941390991211,400.0
2026-04-23T13:56:37.957817,100.0,58.51176071166992,400.0
2026-04-23T13:56:40.163161,100.0,58.46117401123047,400.0
2026-04-23T13:56:42.367397,100.0,58.30941390991211,400.0
2026-04-23T13:56:44.574511,100.0,58.30941390991211,400.0
2026-04-23T13:56:46.779029,100.0,58.51176071166992,400.0
2026-04-23T13:56:48.981370,100.0,58.410587310791016,400.0
2026-04-23T13:56:51.185531,100.0,58.36000061035156,400.0
2026-04-23T13:56:53.392185,100.0,58.30941390991211,400.0
2026-04-23T13:56:55.595933,100.0,58.56234359741211,400.0
2026-04-23T13:56:57.800172,100.0,58.46117401123047,400.0
2026-04-23T13:57:00.005271,100.0,58.410587310791016,400.0
2026-04-23T13:57:02.208604,100.0,58.36000061035156,400.0
2026-04-23T13:57:04.412772,100.0,58.30941390991211,400.0
2026-04-23T13:57:06.616652,100.0,58.46117401123047,400.0
2026-04-23T13:57:08.822672,100.0,58.36000061035156,400.0
2026-04-23T13:57:11.026245,100.0,58.410587310791016,400.0
2026-04-23T13:57:13.228341,100.0,58.46117401123047,400.0
2026-04-23T13:57:15.433538,100.0,58.30941390991211,400.0
2026-04-23T13:57:17.638233,100.0,58.36000061035156,400.0
2026-04-23T13:57:19.841020,100.0,58.410587310791016,400.0
2026-04-23T13:57:22.047057,100.0,58.410587310791016,400.0
2026-04-23T13:57:24.249275,100.0,58.46117401123047,400.0
2026-04-23T13:57:26.453453,100.0,58.56234359741211,400.0
2026-04-23T13:57:28.655934,100.0,58.410587310791016,400.0
2026-04-23T13:57:30.859903,100.0,58.410587310791016,400.0
2026-04-23T13:57:33.063053,100.0,58.46117401123047,400.0
2026-04-23T13:57:35.265184,100.0,58.410587310791016,400.0
2026-04-23T13:57:37.469153,100.0,58.410587310791016,400.0
2026-04-23T13:57:39.675452,100.0,58.36000061035156,400.0
2026-04-23T13:57:41.878514,100.0,58.36000061035156,400.0
2026-04-23T13:57:44.081636,100.0,58.36000061035156,400.0
2026-04-23T13:57:46.286700,100.0,58.36000061035156,400.0
2026-04-23T13:57:48.489029,100.0,58.30941390991211,400.0
2026-04-23T13:57:50.695061,100.0,58.410587310791016,400.0
2026-04-23T13:57:52.898725,100.0,58.46117401123047,400.0
2026-04-23T13:57:55.106145,100.0,58.258827209472656,400.0
2026-04-23T13:57:57.308951,100.0,58.410587310791016,400.0
2026-04-23T13:57:59.518613,100.0,58.36000061035156,400.0
2026-04-23T13:58:01.723735,100.0,58.36000061035156,400.0
2026-04-23T13:58:03.928182,100.0,58.30941390991211,400.0
2026-04-23T13:58:06.130484,100.0,58.30941390991211,400.0
2026-04-23T13:58:08.334132,100.0,58.258827209472656,400.0
2026-04-23T13:58:10.538067,100.0,58.258827209472656,400.0
2026-04-23T13:58:12.741687,100.0,58.258827209472656,400.0
2026-04-23T13:58:14.944885,100.0,58.36000061035156,400.0
2026-04-23T13:58:17.148119,100.0,58.410587310791016,400.0
2026-04-23T13:58:19.354072,100.0,58.30941390991211,400.0
2026-04-23T13:58:21.556375,100.0,58.258827209472656,400.0
2026-04-23T13:58:23.760450,100.0,58.258827209472656,400.0
2026-04-23T13:58:25.967186,100.0,58.2082405090332,400.0
2026-04-23T13:58:28.170109,100.0,58.258827209472656,400.0
2026-04-23T13:58:30.374727,100.0,58.30941390991211,400.0
2026-04-23T13:58:32.581247,100.0,58.258827209472656,400.0
2026-04-23T13:58:34.786012,100.0,58.30941390991211,400.0
2026-04-23T13:58:36.988260,100.0,58.258827209472656,400.0
2026-04-23T13:58:39.195501,100.0,58.05648422241211,400.0
2026-04-23T13:58:41.397940,100.0,58.30941390991211,400.0
2026-04-23T13:58:43.601954,100.0,58.10707092285156,400.0
2026-04-23T13:58:45.805913,100.0,58.30941390991211,400.0
2026-04-23T13:58:48.011426,100.0,58.30941390991211,400.0
2026-04-23T13:58:50.216465,100.0,58.05648422241211,400.0
2026-04-23T13:58:52.422198,100.0,58.2082405090332,400.0
2026-04-23T13:58:54.627591,100.0,58.157657623291016,400.0
2026-04-23T13:58:56.830493,100.0,58.2082405090332,400.0
2026-04-23T13:58:59.032325,100.0,58.10707092285156,400.0
2026-04-23T13:59:01.240135,100.0,58.157657623291016,400.0
2026-04-23T13:59:03.444305,100.0,58.258827209472656,400.0
2026-04-23T13:59:05.648078,100.0,58.2082405090332,400.0
2026-04-23T13:59:07.851965,100.0,58.410587310791016,400.0
2026-04-23T13:59:10.055648,100.0,58.258827209472656,400.0
2026-04-23T13:59:12.262628,100.0,58.10707092285156,400.0
2026-04-23T13:59:14.466365,100.0,58.05648422241211,400.0
2026-04-23T13:59:16.678599,100.0,58.157657623291016,400.0
2026-04-23T13:59:18.882181,100.0,58.30941390991211,400.0
2026-04-23T13:59:21.091567,100.0,58.258827209472656,400.0
2026-04-23T13:59:23.304058,100.0,58.2082405090332,400.0
2026-04-23T13:59:25.508294,100.0,58.10707092285156,400.0
2026-04-23T13:59:27.715717,100.0,58.10707092285156,400.0
2026-04-23T13:59:29.921388,100.0,58.258827209472656,400.0
2026-04-23T13:59:32.130923,100.0,57.9553108215332,400.0
2026-04-23T13:59:34.335689,100.0,58.10707092285156,400.0
2026-04-23T13:59:36.538441,100.0,58.157657623291016,400.0
2026-04-23T13:59:38.742231,100.0,58.2082405090332,400.0
2026-04-23T13:59:40.945697,100.0,58.10707092285156,400.0
2026-04-23T13:59:43.148247,100.0,58.157657623291016,400.0
2026-04-23T13:59:45.356893,100.0,58.30941390991211,400.0
2026-04-23T13:59:47.567180,100.0,58.05648422241211,400.0
2026-04-23T13:59:49.770379,100.0,58.10707092285156,400.0
2026-04-23T13:59:51.974828,100.0,58.05648422241211,400.0
2026-04-23T13:59:54.177170,100.0,58.10707092285156,400.0
2026-04-23T13:59:56.379764,100.0,58.005897521972656,400.0
2026-04-23T13:59:58.583779,100.0,58.2082405090332,400.0
2026-04-23T14:00:00.795201,100.0,58.05648422241211,400.0
2026-04-23T14:00:02.998592,100.0,58.005897521972656,400.0
2026-04-23T14:00:05.202951,100.0,57.9553108215332,400.0
2026-04-23T14:00:07.407363,100.0,57.9553108215332,400.0
2026-04-23T14:00:09.610955,100.0,58.157657623291016,400.0
2026-04-23T14:00:11.814361,100.0,58.05648422241211,400.0
2026-04-23T14:00:14.018628,100.0,58.005897521972656,400.0
2026-04-23T14:00:16.221411,100.0,58.2082405090332,400.0
2026-04-23T14:00:18.425618,100.0,58.157657623291016,400.0
2026-04-23T14:00:20.629017,100.0,58.005897521972656,400.0
2026-04-23T14:00:22.833659,100.0,57.9553108215332,400.0
2026-04-23T14:00:25.036895,100.0,58.005897521972656,400.0
2026-04-23T14:00:27.240783,100.0,57.9553108215332,400.0
2026-04-23T14:00:29.445797,100.0,57.9553108215332,400.0
2026-04-23T14:00:31.649241,100.0,57.9553108215332,400.0
2026-04-23T14:00:33.853465,100.0,57.9553108215332,400.0
2026-04-23T14:00:36.058462,100.0,58.10707092285156,400.0
2026-04-23T14:00:38.266604,100.0,58.05648422241211,400.0
2026-04-23T14:00:40.470245,100.0,58.258827209472656,400.0
2026-04-23T14:00:42.675683,100.0,57.90472412109375,400.0
2026-04-23T14:00:44.883299,100.0,58.10707092285156,400.0
2026-04-23T14:00:47.085758,100.0,58.005897521972656,400.0
2026-04-23T14:00:49.289000,100.0,57.8541374206543,400.0
2026-04-23T14:00:51.492988,100.0,58.05648422241211,400.0
2026-04-23T14:00:53.696605,100.0,58.05648422241211,400.0
2026-04-23T14:00:55.899783,100.0,57.9553108215332,400.0
2026-04-23T14:00:58.104939,100.0,57.90472412109375,400.0
2026-04-23T14:01:00.308912,100.0,58.005897521972656,400.0
2026-04-23T14:01:02.512510,100.0,57.8541374206543,400.0
2026-04-23T14:01:04.715688,100.0,58.005897521972656,400.0
2026-04-23T14:01:06.920502,100.0,57.8541374206543,400.0
2026-04-23T14:01:09.125428,100.0,57.8541374206543,400.0
2026-04-23T14:01:11.328765,100.0,57.8541374206543,400.0
2026-04-23T14:01:13.533760,100.0,57.8541374206543,400.0
2026-04-23T14:01:15.738378,100.0,57.8541374206543,400.0
2026-04-23T14:01:17.940604,100.0,57.8541374206543,400.0
2026-04-23T14:01:20.147099,100.0,57.803550720214844,400.0
2026-04-23T14:01:22.351044,100.0,58.005897521972656,400.0
2026-04-23T14:01:24.556179,100.0,57.9553108215332,400.0
2026-04-23T14:01:26.761213,100.0,57.9553108215332,400.0
2026-04-23T14:01:28.964104,100.0,57.8541374206543,400.0
2026-04-23T14:01:31.167205,100.0,57.8541374206543,400.0
2026-04-23T14:01:33.370174,100.0,57.9553108215332,400.0
2026-04-23T14:01:35.573964,100.0,57.803550720214844,400.0
2026-04-23T14:01:37.778585,100.0,57.8541374206543,400.0
2026-04-23T14:01:39.981829,100.0,57.803550720214844,400.0
2026-04-23T14:01:42.186928,100.0,57.90472412109375,400.0
2026-04-23T14:01:44.389751,100.0,57.803550720214844,400.0
2026-04-23T14:01:46.593848,100.0,57.9553108215332,400.0
2026-04-23T14:01:48.796312,100.0,57.9553108215332,400.0
2026-04-23T14:01:51.002649,100.0,57.8541374206543,400.0
2026-04-23T14:01:53.206710,100.0,57.8541374206543,400.0
2026-04-23T14:01:55.410757,100.0,57.9553108215332,400.0
2026-04-23T14:01:57.618995,100.0,57.9553108215332,400.0
2026-04-23T14:01:59.823463,100.0,57.803550720214844,400.0
2026-04-23T14:02:02.027667,100.0,57.803550720214844,400.0
2026-04-23T14:02:04.230544,100.0,57.9553108215332,400.0
2026-04-23T14:02:06.439651,100.0,57.8541374206543,400.0
2026-04-23T14:02:08.643108,100.0,57.9553108215332,400.0
2026-04-23T14:02:10.846121,100.0,57.8541374206543,400.0
2026-04-23T14:02:13.053005,100.0,57.65179443359375,400.0
2026-04-23T14:02:15.256173,100.0,57.7023811340332,400.0
2026-04-23T14:02:17.463332,100.0,57.803550720214844,400.0
2026-04-23T14:02:19.665652,100.0,57.803550720214844,400.0
2026-04-23T14:02:21.870471,100.0,57.7023811340332,400.0
2026-04-23T14:02:24.074582,100.0,57.7023811340332,400.0
2026-04-23T14:02:26.278531,100.0,57.752967834472656,400.0
2026-04-23T14:02:28.484780,100.0,57.752967834472656,400.0
2026-04-23T14:02:30.688212,100.0,57.65179443359375,400.0
2026-04-23T14:02:32.891463,100.0,57.752967834472656,400.0
2026-04-23T14:02:35.096096,100.0,57.7023811340332,400.0
2026-04-23T14:02:37.302186,100.0,57.65179443359375,400.0
2026-04-23T14:02:39.506390,100.0,57.7023811340332,400.0
2026-04-23T14:02:41.711978,100.0,57.65179443359375,400.0
2026-04-23T14:02:43.916595,100.0,57.65179443359375,400.0
2026-04-23T14:02:46.121041,100.0,57.7023811340332,400.0
2026-04-23T14:02:48.325805,100.0,57.6012077331543,400.0
2026-04-23T14:02:50.528661,100.0,57.752967834472656,400.0
2026-04-23T14:02:52.733030,100.0,57.7023811340332,400.0
2026-04-23T14:02:54.938100,100.0,57.65179443359375,400.0
2026-04-23T14:02:57.142916,100.0,57.6012077331543,400.0
2026-04-23T14:02:59.346300,100.0,57.65179443359375,400.0
2026-04-23T14:03:01.549834,100.0,57.752967834472656,400.0
2026-04-23T14:03:03.754281,100.0,57.803550720214844,400.0
2026-04-23T14:03:05.958861,100.0,57.7023811340332,400.0
2026-04-23T14:03:08.162165,100.0,57.752967834472656,400.0
2026-04-23T14:03:10.364335,100.0,57.7023811340332,400.0
2026-04-23T14:03:12.569863,100.0,57.65179443359375,400.0
2026-04-23T14:03:14.773018,100.0,57.550621032714844,400.0
2026-04-23T14:03:16.977512,100.0,57.6012077331543,400.0
2026-04-23T14:03:19.179431,100.0,57.6012077331543,400.0
2026-04-23T14:03:21.382606,100.0,57.752967834472656,400.0
2026-04-23T14:03:23.593543,100.0,57.65179443359375,400.0
2026-04-23T14:03:25.797008,100.0,57.65179443359375,400.0
2026-04-23T14:03:28.000513,100.0,57.7023811340332,400.0
2026-04-23T14:03:30.203773,100.0,57.7023811340332,400.0
2026-04-23T14:03:32.406890,100.0,57.65179443359375,400.0
2026-04-23T14:03:34.610729,100.0,57.7023811340332,400.0
2026-04-23T14:03:36.814388,100.0,57.7023811340332,400.0
2026-04-23T14:03:39.017037,100.0,57.65179443359375,400.0
2026-04-23T14:03:41.220776,100.0,57.7023811340332,400.0
2026-04-23T14:03:43.424301,100.0,57.50003433227539,400.0
2026-04-23T14:03:45.628764,100.0,57.6012077331543,400.0
2026-04-23T14:03:47.835771,100.0,57.6012077331543,400.0
2026-04-23T14:03:50.040237,100.0,57.550621032714844,400.0
2026-04-23T14:03:52.243792,100.0,57.6012077331543,400.0
2026-04-23T14:03:54.447382,100.0,57.50003433227539,400.0
2026-04-23T14:03:56.652341,100.0,57.550621032714844,400.0
2026-04-23T14:03:58.861045,100.0,57.550621032714844,400.0
2026-04-23T14:04:01.078241,100.0,57.50003433227539,400.0
2026-04-23T14:04:03.280928,100.0,57.550621032714844,400.0
2026-04-23T14:04:05.484959,100.0,57.550621032714844,400.0
2026-04-23T14:04:07.690959,100.0,57.6012077331543,400.0
2026-04-23T14:04:09.896174,100.0,57.50003433227539,400.0
2026-04-23T14:04:12.100066,100.0,57.50003433227539,400.0
2026-04-23T14:04:14.304101,100.0,57.550621032714844,400.0
2026-04-23T14:04:16.507922,100.0,57.44944763183594,400.0
2026-04-23T14:04:18.710643,100.0,57.50003433227539,400.0
2026-04-23T14:04:20.915194,100.0,57.50003433227539,400.0
2026-04-23T14:04:23.120572,100.0,57.6012077331543,400.0
2026-04-23T14:04:25.324456,100.0,57.6012077331543,400.0
2026-04-23T14:04:27.528880,100.0,57.550621032714844,400.0
2026-04-23T14:04:29.731731,100.0,57.6012077331543,400.0
2026-04-23T14:04:31.935232,100.0,57.550621032714844,400.0
2026-04-23T14:04:34.138003,100.0,57.50003433227539,400.0
2026-04-23T14:04:36.343770,100.0,57.65179443359375,400.0
2026-04-23T14:04:38.545586,100.0,57.550621032714844,400.0
2026-04-23T14:04:40.750267,100.0,57.50003433227539,400.0
2026-04-23T14:04:42.958120,100.0,57.50003433227539,400.0
2026-04-23T14:04:45.160563,100.0,57.44944763183594,400.0
2026-04-23T14:04:47.364155,100.0,57.44944763183594,400.0
2026-04-23T14:04:49.570403,100.0,57.44944763183594,400.0
2026-04-23T14:04:51.775801,100.0,57.398860931396484,400.0
2026-04-23T14:04:53.978875,100.0,57.3482780456543,400.0
2026-04-23T14:04:56.184601,100.0,57.50003433227539,400.0
2026-04-23T14:04:58.390714,100.0,57.50003433227539,400.0
2026-04-23T14:05:00.592983,100.0,57.550621032714844,400.0
2026-04-23T14:05:02.795949,100.0,57.398860931396484,400.0
2026-04-23T14:05:04.999257,100.0,57.3482780456543,400.0
2026-04-23T14:05:07.202714,100.0,57.44944763183594,400.0
2026-04-23T14:05:09.407108,100.0,57.44944763183594,400.0
2026-04-23T14:05:11.611313,100.0,57.50003433227539,400.0
2026-04-23T14:05:13.821245,100.0,57.398860931396484,400.0
2026-04-23T14:05:16.023434,100.0,57.50003433227539,400.0
2026-04-23T14:05:18.226941,100.0,57.44944763183594,400.0
2026-04-23T14:05:20.429776,100.0,57.50003433227539,400.0
2026-04-23T14:05:22.636887,100.0,57.550621032714844,400.0
2026-04-23T14:05:24.840289,100.0,57.398860931396484,400.0
2026-04-23T14:05:27.044617,100.0,57.44944763183594,400.0
2026-04-23T14:05:29.247978,100.0,57.44944763183594,400.0
2026-04-23T14:05:31.453018,100.0,57.398860931396484,400.0
2026-04-23T14:05:33.659081,100.0,57.44944763183594,400.0
2026-04-23T14:05:35.862641,100.0,57.44944763183594,400.0
2026-04-23T14:05:38.067760,100.0,57.398860931396484,400.0
2026-04-23T14:05:40.270787,100.0,57.297691345214844,400.0
2026-04-23T14:05:42.476279,100.0,57.297691345214844,400.0
2026-04-23T14:05:44.681751,100.0,57.3482780456543,400.0
2026-04-23T14:05:46.884647,100.0,57.24710464477539,400.0
2026-04-23T14:05:49.086895,100.0,57.297691345214844,400.0
2026-04-23T14:05:51.290708,100.0,57.297691345214844,400.0
2026-04-23T14:05:53.495417,100.0,57.19651794433594,400.0
2026-04-23T14:05:55.699548,100.0,57.19651794433594,400.0
2026-04-23T14:05:57.905017,100.0,57.297691345214844,400.0
2026-04-23T14:06:00.107471,100.0,57.3482780456543,400.0
2026-04-23T14:06:02.311773,100.0,57.398860931396484,400.0
2026-04-23T14:06:04.514662,100.0,57.297691345214844,400.0
2026-04-23T14:06:06.719009,100.0,57.297691345214844,400.0
2026-04-23T14:06:08.923597,100.0,57.145931243896484,400.0
2026-04-23T14:06:11.126778,100.0,57.24710464477539,400.0
2026-04-23T14:06:13.328594,100.0,57.24710464477539,400.0
2026-04-23T14:06:15.532576,100.0,57.19651794433594,400.0
2026-04-23T14:06:17.737050,100.0,57.297691345214844,400.0
2026-04-23T14:06:19.941172,100.0,57.297691345214844,400.0
2026-04-23T14:06:22.144564,100.0,57.297691345214844,400.0
2026-04-23T14:06:24.348747,100.0,57.19651794433594,400.0
2026-04-23T14:06:26.551830,100.0,57.398860931396484,400.0
2026-04-23T14:06:28.757432,100.0,57.3482780456543,400.0
2026-04-23T14:06:30.960823,100.0,57.24710464477539,400.0
2026-04-23T14:06:33.164035,100.0,57.24710464477539,400.0
2026-04-23T14:06:35.368631,100.0,57.24710464477539,400.0
2026-04-23T14:06:37.572701,100.0,57.24710464477539,400.0
2026-04-23T14:06:39.778791,100.0,57.297691345214844,400.0
2026-04-23T14:06:41.984636,100.0,57.19651794433594,400.0
2026-04-23T14:06:44.190116,100.0,57.19651794433594,400.0
2026-04-23T14:06:46.393690,100.0,57.19651794433594,400.0
2026-04-23T14:06:48.597608,100.0,57.19651794433594,400.0
2026-04-23T14:06:50.802368,100.0,57.09534454345703,400.0
2026-04-23T14:06:53.005826,100.0,57.19651794433594,400.0
2026-04-23T14:06:55.212335,100.0,57.24710464477539,400.0
2026-04-23T14:06:57.414738,100.0,57.145931243896484,400.0
2026-04-23T14:06:59.619716,100.0,57.145931243896484,400.0
2026-04-23T14:07:01.822350,100.0,57.19651794433594,400.0
2026-04-23T14:07:04.027836,100.0,57.145931243896484,400.0
2026-04-23T14:07:06.233335,100.0,57.145931243896484,400.0
2026-04-23T14:07:08.437114,100.0,57.145931243896484,400.0
2026-04-23T14:07:10.642329,100.0,57.145931243896484,400.0
2026-04-23T14:07:12.846772,100.0,57.09534454345703,400.0
2026-04-23T14:07:15.050428,100.0,57.145931243896484,400.0
2026-04-23T14:07:17.254749,100.0,57.04475784301758,400.0
2026-04-23T14:07:19.460926,100.0,57.09534454345703,400.0
2026-04-23T14:07:21.663320,100.0,57.04475784301758,400.0
2026-04-23T14:07:23.869430,100.0,57.09534454345703,400.0
2026-04-23T14:07:26.073935,100.0,57.04475784301758,400.0
2026-04-23T14:07:28.279495,100.0,57.04475784301758,400.0
2026-04-23T14:07:30.483571,100.0,57.09534454345703,400.0
2026-04-23T14:07:32.692551,100.0,57.04475784301758,400.0
2026-04-23T14:07:34.895252,100.0,56.994171142578125,400.0
2026-04-23T14:07:37.098821,100.0,56.994171142578125,400.0
2026-04-23T14:07:39.301405,100.0,57.04475784301758,400.0
2026-04-23T14:07:41.509069,100.0,57.09534454345703,400.0
2026-04-23T14:07:43.715521,100.0,57.09534454345703,400.0
2026-04-23T14:07:45.919606,100.0,57.09534454345703,400.0
2026-04-23T14:07:48.121851,100.0,57.09534454345703,400.0
2026-04-23T14:07:50.326513,100.0,57.04475784301758,400.0
2026-04-23T14:07:52.531866,100.0,57.04475784301758,400.0
2026-04-23T14:07:54.737618,100.0,57.04475784301758,400.0
2026-04-23T14:07:56.941846,100.0,57.04475784301758,400.0
2026-04-23T14:07:59.147964,100.0,56.994171142578125,400.0
2026-04-23T14:08:01.350235,100.0,56.994171142578125,400.0
2026-04-23T14:08:03.555370,100.0,57.09534454345703,400.0
2026-04-23T14:08:05.759952,100.0,57.04475784301758,400.0
2026-04-23T14:08:07.963023,100.0,57.04475784301758,400.0
2026-04-23T14:08:10.168549,100.0,57.09534454345703,400.0
2026-04-23T14:08:12.371805,100.0,57.145931243896484,400.0
2026-04-23T14:08:14.575916,100.0,57.09534454345703,400.0
2026-04-23T14:08:16.779070,100.0,57.04475784301758,400.0
2026-04-23T14:08:18.981535,100.0,57.04475784301758,400.0
2026-04-23T14:08:21.184696,100.0,57.04475784301758,400.0
2026-04-23T14:08:23.405018,100.0,57.04475784301758,400.0
2026-04-23T14:08:25.608756,100.0,56.994171142578125,400.0
2026-04-23T14:08:27.812642,100.0,57.09534454345703,400.0
2026-04-23T14:08:30.016374,100.0,57.19651794433594,400.0
2026-04-23T14:08:32.222055,100.0,57.04475784301758,400.0
2026-04-23T14:08:34.424518,100.0,57.145931243896484,400.0
2026-04-23T14:08:36.626481,100.0,57.09534454345703,400.0
2026-04-23T14:08:38.831425,100.0,57.19651794433594,400.0
2026-04-23T14:08:41.037787,100.0,57.09534454345703,400.0
2026-04-23T14:08:43.241723,100.0,57.09534454345703,400.0
2026-04-23T14:08:45.448811,100.0,57.04475784301758,400.0
2026-04-23T14:08:47.652951,100.0,57.145931243896484,400.0
2026-04-23T14:08:49.856817,100.0,57.04475784301758,400.0
2026-04-23T14:08:52.061863,100.0,57.19651794433594,400.0
2026-04-23T14:08:54.266969,100.0,57.24710464477539,400.0
2026-04-23T14:08:56.470320,100.0,57.145931243896484,400.0
2026-04-23T14:08:58.673749,100.0,57.145931243896484,400.0
2026-04-23T14:09:00.876897,100.0,57.19651794433594,400.0
2026-04-23T14:09:03.083217,100.0,57.24710464477539,400.0
2026-04-23T14:09:05.288915,100.0,57.09534454345703,400.0
2026-04-23T14:09:07.492009,100.0,57.09534454345703,400.0
2026-04-23T14:09:09.694449,100.0,57.09534454345703,400.0
2026-04-23T14:09:11.898147,100.0,57.145931243896484,400.0
2026-04-23T14:09:14.104755,100.0,57.09534454345703,400.0
2026-04-23T14:09:16.308663,100.0,57.09534454345703,400.0
2026-04-23T14:09:18.512575,100.0,57.09534454345703,400.0
2026-04-23T14:09:20.716181,100.0,57.04475784301758,400.0
2026-04-23T14:09:22.922437,100.0,57.04475784301758,400.0
2026-04-23T14:09:25.127869,100.0,57.04475784301758,400.0
2026-04-23T14:09:27.331436,100.0,57.04475784301758,400.0
2026-04-23T14:09:29.538834,100.0,57.09534454345703,400.0
2026-04-23T14:09:31.741648,100.0,57.145931243896484,400.0
2026-04-23T14:09:33.945482,100.0,57.09534454345703,400.0
2026-04-23T14:09:36.151891,100.0,57.145931243896484,400.0
2026-04-23T14:09:38.355133,100.0,56.994171142578125,400.0
2026-04-23T14:09:40.558302,100.0,56.994171142578125,400.0
2026-04-23T14:09:42.761681,100.0,57.04475784301758,400.0
2026-04-23T14:09:44.963651,100.0,56.994171142578125,400.0
2026-04-23T14:09:47.168843,100.0,57.145931243896484,400.0
2026-04-23T14:09:49.374311,100.0,57.09534454345703,400.0
2026-04-23T14:09:51.579019,100.0,57.04475784301758,400.0
2026-04-23T14:09:53.782136,100.0,57.09534454345703,400.0
2026-04-23T14:09:55.985824,100.0,57.04475784301758,400.0
2026-04-23T14:09:58.189068,100.0,57.04475784301758,400.0
2026-04-23T14:10:00.392430,100.0,57.04475784301758,400.0
2026-04-23T14:10:02.596018,100.0,57.04475784301758,400.0
2026-04-23T14:10:04.800798,100.0,57.09534454345703,400.0
2026-04-23T14:10:07.004247,100.0,57.09534454345703,400.0
2026-04-23T14:10:09.208894,100.0,56.94358825683594,400.0
2026-04-23T14:10:11.412228,100.0,57.09534454345703,400.0
2026-04-23T14:10:13.620084,100.0,57.09534454345703,400.0
2026-04-23T14:10:15.823514,100.0,57.09534454345703,400.0
2026-04-23T14:10:18.026129,100.0,57.145931243896484,400.0
2026-04-23T14:10:20.228738,100.0,57.09534454345703,400.0
2026-04-23T14:10:22.432457,100.0,57.04475784301758,400.0
2026-04-23T14:10:24.636727,100.0,56.893001556396484,400.0
2026-04-23T14:10:26.841906,100.0,56.994171142578125,400.0
2026-04-23T14:10:29.045856,100.0,56.893001556396484,400.0
2026-04-23T14:10:31.249729,100.0,57.04475784301758,400.0
2026-04-23T14:10:33.457664,100.0,57.04475784301758,400.0
2026-04-23T14:10:35.659876,100.0,57.04475784301758,400.0
2026-04-23T14:10:37.863535,100.0,56.94358825683594,400.0
2026-04-23T14:10:40.071826,100.0,56.994171142578125,400.0
2026-04-23T14:10:42.276752,100.0,57.09534454345703,400.0
2026-04-23T14:10:44.479480,100.0,57.09534454345703,400.0
2026-04-23T14:10:46.683292,100.0,57.04475784301758,400.0
2026-04-23T14:10:48.886737,100.0,56.994171142578125,400.0
2026-04-23T14:10:51.090401,100.0,56.994171142578125,400.0
2026-04-23T14:10:53.293702,100.0,56.994171142578125,400.0
2026-04-23T14:10:55.500028,100.0,57.09534454345703,400.0
2026-04-23T14:10:57.704649,100.0,56.994171142578125,400.0
2026-04-23T14:10:59.912924,100.0,56.994171142578125,400.0
2026-04-23T14:11:02.116505,100.0,56.94358825683594,400.0
2026-04-23T14:11:04.321959,100.0,56.994171142578125,400.0
2026-04-23T14:11:06.526414,100.0,57.04475784301758,400.0
2026-04-23T14:11:08.731286,100.0,57.04475784301758,400.0
2026-04-23T14:11:10.936636,100.0,56.994171142578125,400.0
2026-04-23T14:11:13.144894,100.0,56.893001556396484,400.0
2026-04-23T14:11:15.356211,100.0,56.94358825683594,400.0
2026-04-23T14:11:17.558536,100.0,56.94358825683594,400.0
2026-04-23T14:11:19.761592,100.0,56.94358825683594,400.0
2026-04-23T14:11:21.965898,100.0,56.893001556396484,400.0
2026-04-23T14:11:24.171825,100.0,56.893001556396484,400.0
2026-04-23T14:11:26.378391,100.0,56.94358825683594,400.0
2026-04-23T14:11:28.581461,100.0,56.94358825683594,400.0
2026-04-23T14:11:30.786979,100.0,56.893001556396484,400.0
2026-04-23T14:11:32.990281,100.0,56.94358825683594,400.0
2026-04-23T14:11:35.192342,100.0,56.84241485595703,400.0
2026-04-23T14:11:37.394973,100.0,56.94358825683594,400.0
2026-04-23T14:11:39.602688,100.0,56.94358825683594,400.0
2026-04-23T14:11:41.807608,100.0,56.893001556396484,400.0
2026-04-23T14:11:44.012389,100.0,56.94358825683594,400.0
2026-04-23T14:11:46.215837,100.0,56.893001556396484,400.0
2026-04-23T14:11:48.420412,100.0,56.893001556396484,400.0
2026-04-23T14:11:50.625255,100.0,56.893001556396484,400.0
2026-04-23T14:11:52.827512,100.0,56.994171142578125,400.0
2026-04-23T14:11:55.030184,100.0,56.94358825683594,400.0
2026-04-23T14:11:57.232867,100.0,56.994171142578125,400.0
2026-04-23T14:11:59.437312,100.0,56.893001556396484,400.0
2026-04-23T14:12:01.643116,100.0,56.893001556396484,400.0
2026-04-23T14:12:03.846174,100.0,56.84241485595703,400.0
2026-04-23T14:12:06.050508,100.0,56.893001556396484,400.0
2026-04-23T14:12:08.253272,100.0,56.994171142578125,400.0
2026-04-23T14:12:10.457581,100.0,56.84241485595703,400.0
2026-04-23T14:12:12.661007,100.0,56.893001556396484,400.0
2026-04-23T14:12:14.864458,100.0,56.94358825683594,400.0
2026-04-23T14:12:17.069027,100.0,56.79182815551758,400.0
2026-04-23T14:12:19.271675,100.0,56.893001556396484,400.0
2026-04-23T14:12:21.474976,100.0,56.741241455078125,400.0
2026-04-23T14:12:23.676997,100.0,56.69065475463867,400.0
2026-04-23T14:12:25.879990,100.0,56.741241455078125,400.0
2026-04-23T14:12:28.085337,100.0,56.79182815551758,400.0
2026-04-23T14:12:30.288005,100.0,56.84241485595703,400.0
2026-04-23T14:12:32.498840,100.0,56.741241455078125,400.0
2026-04-23T14:12:34.701711,100.0,56.79182815551758,400.0
2026-04-23T14:12:36.905386,100.0,56.84241485595703,400.0
2026-04-23T14:12:39.109377,100.0,56.79182815551758,400.0
2026-04-23T14:12:41.313225,100.0,56.79182815551758,400.0
2026-04-23T14:12:43.518550,100.0,56.84241485595703,400.0
2026-04-23T14:12:45.721590,100.0,56.84241485595703,400.0
2026-04-23T14:12:47.926913,100.0,56.741241455078125,400.0
2026-04-23T14:12:50.128503,100.0,56.741241455078125,400.0
2026-04-23T14:12:52.334483,100.0,56.741241455078125,400.0
2026-04-23T14:12:54.537582,100.0,56.741241455078125,400.0
2026-04-23T14:12:56.742099,100.0,56.84241485595703,400.0
2026-04-23T14:12:58.944326,100.0,56.79182815551758,400.0
2026-04-23T14:13:01.148478,100.0,56.69065475463867,400.0
2026-04-23T14:13:03.353140,100.0,56.79182815551758,400.0
2026-04-23T14:13:05.555236,100.0,56.893001556396484,400.0
2026-04-23T14:13:07.759104,100.0,56.84241485595703,400.0
2026-04-23T14:13:09.962172,100.0,56.741241455078125,400.0
2026-04-23T14:13:12.166956,100.0,56.84241485595703,400.0
2026-04-23T14:13:14.371119,100.0,56.79182815551758,400.0
2026-04-23T14:13:16.575543,100.0,56.84241485595703,400.0
2026-04-23T14:13:18.781157,100.0,56.84241485595703,400.0
2026-04-23T14:13:20.984181,100.0,56.741241455078125,400.0
2026-04-23T14:13:23.188577,100.0,56.84241485595703,400.0
2026-04-23T14:13:25.391784,100.0,56.741241455078125,400.0
2026-04-23T14:13:27.600462,100.0,56.79182815551758,400.0
2026-04-23T14:13:29.804904,100.0,56.84241485595703,400.0
2026-04-23T14:13:32.009019,100.0,56.84241485595703,400.0
2026-04-23T14:13:34.212613,100.0,56.84241485595703,400.0
2026-04-23T14:13:36.416789,100.0,56.69065475463867,400.0
2026-04-23T14:13:38.624544,100.0,56.69065475463867,400.0
2026-04-23T14:13:40.828409,100.0,56.79182815551758,400.0
2026-04-23T14:13:43.034695,100.0,56.79182815551758,400.0
2026-04-23T14:13:45.238874,100.0,56.741241455078125,400.0
2026-04-23T14:13:47.443275,100.0,56.79182815551758,400.0
2026-04-23T14:13:49.654039,100.0,56.79182815551758,400.0
2026-04-23T14:13:51.856909,100.0,56.79182815551758,400.0
2026-04-23T14:13:54.059040,100.0,56.69065475463867,400.0
2026-04-23T14:13:56.261577,100.0,56.64006805419922,400.0
2026-04-23T14:13:58.476902,100.0,56.741241455078125,400.0
2026-04-23T14:14:00.679981,100.0,56.79182815551758,400.0
2026-04-23T14:14:02.884036,100.0,56.741241455078125,400.0
2026-04-23T14:14:05.086867,100.0,56.741241455078125,400.0
2026-04-23T14:14:07.289210,100.0,56.79182815551758,400.0
2026-04-23T14:14:09.495863,100.0,56.79182815551758,400.0
2026-04-23T14:14:11.700289,100.0,56.64006805419922,400.0
2026-04-23T14:14:13.908514,100.0,56.69065475463867,400.0
2026-04-23T14:14:16.111162,100.0,56.69065475463867,400.0
2026-04-23T14:14:18.314920,100.0,56.69065475463867,400.0
2026-04-23T14:14:20.519165,100.0,56.741241455078125,400.0
2026-04-23T14:14:22.722757,100.0,56.741241455078125,400.0
2026-04-23T14:14:24.925899,100.0,56.893001556396484,400.0
2026-04-23T14:14:27.127741,100.0,56.741241455078125,400.0
2026-04-23T14:14:29.330698,100.0,56.69065475463867,400.0
2026-04-23T14:14:31.536493,100.0,56.69065475463867,400.0
2026-04-23T14:14:33.744228,100.0,56.69065475463867,400.0
2026-04-23T14:14:35.947783,100.0,56.79182815551758,400.0
2026-04-23T14:14:38.151823,100.0,56.79182815551758,400.0
2026-04-23T14:14:40.357974,100.0,56.741241455078125,400.0
2026-04-23T14:14:42.561207,100.0,56.69065475463867,400.0
2026-04-23T14:14:44.771426,100.0,56.741241455078125,400.0
2026-04-23T14:14:46.974577,100.0,56.79182815551758,400.0
2026-04-23T14:14:49.178744,100.0,56.69065475463867,400.0
2026-04-23T14:14:51.385785,100.0,56.741241455078125,400.0
2026-04-23T14:14:53.589584,100.0,56.741241455078125,400.0
2026-04-23T14:14:55.794285,100.0,56.741241455078125,400.0
2026-04-23T14:14:57.996950,100.0,56.79182815551758,400.0
2026-04-23T14:15:00.200883,100.0,56.79182815551758,400.0
2026-04-23T14:15:02.404596,100.0,56.741241455078125,400.0
2026-04-23T14:15:04.608672,100.0,56.69065475463867,400.0
2026-04-23T14:15:06.819473,100.0,56.741241455078125,400.0
2026-04-23T14:15:09.023885,100.0,56.79182815551758,400.0
2026-04-23T14:15:11.229717,100.0,56.741241455078125,400.0
2026-04-23T14:15:13.434206,100.0,56.79182815551758,400.0
2026-04-23T14:15:15.638718,100.0,56.69065475463867,400.0
2026-04-23T14:15:17.840851,100.0,56.69065475463867,400.0
2026-04-23T14:15:20.045060,100.0,56.69065475463867,400.0
2026-04-23T14:15:22.248870,100.0,56.741241455078125,400.0
2026-04-23T14:15:24.453041,100.0,56.69065475463867,400.0
2026-04-23T14:15:26.658546,100.0,56.69065475463867,400.0
2026-04-23T14:15:28.863197,100.0,56.64006805419922,400.0
2026-04-23T14:15:31.068304,100.0,56.64006805419922,400.0
2026-04-23T14:15:33.272028,100.0,56.79182815551758,400.0
2026-04-23T14:15:35.475237,100.0,56.69065475463867,400.0
2026-04-23T14:15:37.696508,100.0,56.741241455078125,400.0
2026-04-23T14:15:39.900780,100.0,56.84241485595703,400.0
2026-04-23T14:15:42.105404,100.0,56.741241455078125,400.0
2026-04-23T14:15:44.310103,100.0,56.893001556396484,400.0
2026-04-23T14:15:46.516205,100.0,56.84241485595703,400.0
2026-04-23T14:15:48.720545,100.0,56.893001556396484,400.0
2026-04-23T14:15:50.924735,100.0,56.94358825683594,400.0
2026-04-23T14:15:53.131283,100.0,56.893001556396484,400.0
2026-04-23T14:15:55.333743,100.0,56.893001556396484,400.0
2026-04-23T14:15:57.540702,100.0,57.04475784301758,400.0
2026-04-23T14:15:59.743949,100.0,57.09534454345703,400.0
2026-04-23T14:16:01.947154,100.0,56.994171142578125,400.0
2026-04-23T14:16:04.151009,100.0,57.04475784301758,400.0
2026-04-23T14:16:06.354171,100.0,57.09534454345703,400.0
2026-04-23T14:16:08.568550,100.0,57.04475784301758,400.0
2026-04-23T14:16:10.777785,100.0,56.994171142578125,400.0
2026-04-23T14:16:12.987650,100.0,56.94358825683594,400.0
2026-04-23T14:16:15.191128,100.0,57.09534454345703,400.0
2026-04-23T14:16:17.394887,100.0,57.145931243896484,400.0
2026-04-23T14:16:19.599171,100.0,57.145931243896484,400.0
2026-04-23T14:16:21.803511,100.0,57.04475784301758,400.0
2026-04-23T14:16:24.007409,100.0,57.04475784301758,400.0
2026-04-23T14:16:26.212605,100.0,57.09534454345703,400.0
2026-04-23T14:16:28.417129,100.0,57.04475784301758,400.0
2026-04-23T14:16:30.623735,100.0,57.09534454345703,400.0
2026-04-23T14:16:32.830290,100.0,57.09534454345703,400.0
2026-04-23T14:16:35.037236,100.0,57.145931243896484,400.0
2026-04-23T14:16:37.242152,100.0,57.09534454345703,400.0
2026-04-23T14:16:39.446087,100.0,57.09534454345703,400.0
2026-04-23T14:16:41.650152,100.0,57.04475784301758,400.0
2026-04-23T14:16:43.855965,100.0,57.145931243896484,400.0
2026-04-23T14:16:46.058370,100.0,57.145931243896484,400.0
2026-04-23T14:16:48.262284,100.0,56.994171142578125,400.0
2026-04-23T14:16:50.468693,100.0,56.994171142578125,400.0
2026-04-23T14:16:52.672476,100.0,57.04475784301758,400.0
2026-04-23T14:16:54.876467,100.0,56.994171142578125,400.0
2026-04-23T14:16:57.080954,100.0,57.04475784301758,400.0
2026-04-23T14:16:59.284018,100.0,57.145931243896484,400.0
2026-04-23T14:17:01.486017,100.0,57.04475784301758,400.0
2026-04-23T14:17:03.690001,100.0,57.09534454345703,400.0
2026-04-23T14:17:05.894210,100.0,57.09534454345703,400.0
2026-04-23T14:17:08.099792,100.0,57.145931243896484,400.0
2026-04-23T14:17:10.303408,100.0,57.145931243896484,400.0
2026-04-23T14:17:12.507784,100.0,57.145931243896484,400.0
2026-04-23T14:17:14.713132,100.0,57.09534454345703,400.0
2026-04-23T14:17:16.917063,100.0,57.145931243896484,400.0
2026-04-23T14:17:19.119196,100.0,57.145931243896484,400.0
2026-04-23T14:17:21.322033,100.0,57.145931243896484,400.0
2026-04-23T14:17:23.524304,100.0,57.09534454345703,400.0
2026-04-23T14:17:25.727306,100.0,57.09534454345703,400.0
2026-04-23T14:17:27.929679,100.0,57.145931243896484,400.0
2026-04-23T14:17:30.133769,100.0,57.09534454345703,400.0
2026-04-23T14:17:32.338404,100.0,57.145931243896484,400.0
2026-04-23T14:17:34.541735,100.0,57.145931243896484,400.0
2026-04-23T14:17:36.745917,100.0,57.145931243896484,400.0
2026-04-23T14:17:38.952467,100.0,57.145931243896484,400.0
2026-04-23T14:17:41.171019,100.0,57.24710464477539,400.0
2026-04-23T14:17:43.373513,100.0,57.145931243896484,400.0
2026-04-23T14:17:45.576903,100.0,57.145931243896484,400.0
2026-04-23T14:17:47.784264,100.0,57.145931243896484,400.0
2026-04-23T14:17:49.988959,100.0,57.24710464477539,400.0
2026-04-23T14:17:52.191888,100.0,57.19651794433594,400.0
2026-04-23T14:17:54.394536,100.0,57.24710464477539,400.0
2026-04-23T14:17:56.600071,100.0,57.24710464477539,400.0
2026-04-23T14:17:58.809397,100.0,57.19651794433594,400.0
2026-04-23T14:18:01.011786,100.0,57.19651794433594,400.0
2026-04-23T14:18:03.219083,100.0,57.09534454345703,400.0
2026-04-23T14:18:05.422897,100.0,57.19651794433594,400.0
2026-04-23T14:18:07.626246,100.0,57.145931243896484,400.0
2026-04-23T14:18:09.830616,100.0,57.09534454345703,400.0
2026-04-23T14:18:12.037849,100.0,57.09534454345703,400.0
2026-04-23T14:18:14.242111,100.0,57.09534454345703,400.0
2026-04-23T14:18:16.447682,100.0,57.09534454345703,400.0
2026-04-23T14:18:18.651627,100.0,57.04475784301758,400.0
2026-04-23T14:18:20.856435,100.0,57.04475784301758,400.0
2026-04-23T14:18:23.062007,100.0,57.145931243896484,400.0
2026-04-23T14:18:25.267122,100.0,57.04475784301758,400.0
2026-04-23T14:18:27.471392,100.0,57.04475784301758,400.0
2026-04-23T14:18:29.675244,100.0,56.994171142578125,400.0
2026-04-23T14:18:31.877764,100.0,56.994171142578125,400.0
2026-04-23T14:18:34.082334,100.0,56.94358825683594,400.0
2026-04-23T14:18:36.298550,100.0,56.994171142578125,400.0
2026-04-23T14:18:38.503497,100.0,57.04475784301758,400.0
2026-04-23T14:18:40.708904,100.0,56.994171142578125,400.0
2026-04-23T14:18:42.913029,100.0,56.994171142578125,400.0
2026-04-23T14:18:45.117547,100.0,56.94358825683594,400.0
2026-04-23T14:18:47.323949,100.0,57.04475784301758,400.0
2026-04-23T14:18:49.526940,100.0,56.893001556396484,400.0
2026-04-23T14:18:51.731678,100.0,56.94358825683594,400.0
2026-04-23T14:18:53.934884,100.0,56.893001556396484,400.0
2026-04-23T14:18:56.139538,100.0,56.94358825683594,400.0
2026-04-23T14:18:58.342557,100.0,56.94358825683594,400.0
2026-04-23T14:19:00.547211,100.0,56.84241485595703,400.0
2026-04-23T14:19:02.750745,100.0,56.94358825683594,400.0
2026-04-23T14:19:04.955957,100.0,56.94358825683594,400.0
2026-04-23T14:19:07.160404,100.0,56.893001556396484,400.0
2026-04-23T14:19:09.364032,100.0,56.893001556396484,400.0
2026-04-23T14:19:11.567511,100.0,57.04475784301758,400.0
2026-04-23T14:19:13.773710,100.0,56.94358825683594,400.0
2026-04-23T14:19:15.978903,100.0,56.893001556396484,400.0
2026-04-23T14:19:18.184684,100.0,56.84241485595703,400.0
2026-04-23T14:19:20.388123,100.0,56.94358825683594,400.0
2026-04-23T14:19:22.590327,100.0,56.893001556396484,400.0
2026-04-23T14:19:24.792602,100.0,56.994171142578125,400.0
2026-04-23T14:19:26.995235,100.0,56.994171142578125,400.0
2026-04-23T14:19:29.202227,100.0,56.94358825683594,400.0
2026-04-23T14:19:31.415685,100.0,56.893001556396484,400.0
2026-04-23T14:19:33.620595,100.0,56.94358825683594,400.0
2026-04-23T14:19:35.823433,100.0,56.94358825683594,400.0
2026-04-23T14:19:38.026561,100.0,56.893001556396484,400.0
2026-04-23T14:19:40.229555,100.0,56.893001556396484,400.0
2026-04-23T14:19:42.432687,100.0,56.94358825683594,400.0
2026-04-23T14:19:44.638646,100.0,56.94358825683594,400.0
2026-04-23T14:19:46.840577,100.0,56.994171142578125,400.0
2026-04-23T14:19:49.045444,100.0,56.94358825683594,400.0
2026-04-23T14:19:51.250150,100.0,56.94358825683594,400.0
2026-04-23T14:19:53.454778,100.0,56.994171142578125,400.0
2026-04-23T14:19:55.658110,100.0,56.893001556396484,400.0
2026-04-23T14:19:57.865562,100.0,56.94358825683594,400.0
2026-04-23T14:20:00.068194,100.0,56.94358825683594,400.0
2026-04-23T14:20:02.276372,100.0,56.893001556396484,400.0
2026-04-23T14:20:04.480267,100.0,56.84241485595703,400.0
2026-04-23T14:20:06.683189,100.0,56.893001556396484,400.0
2026-04-23T14:20:08.887182,100.0,56.893001556396484,400.0
2026-04-23T14:20:11.089415,100.0,56.84241485595703,400.0
2026-04-23T14:20:13.291242,100.0,56.893001556396484,400.0
2026-04-23T14:20:15.494756,100.0,56.84241485595703,400.0
2026-04-23T14:20:17.700203,100.0,56.79182815551758,400.0
2026-04-23T14:20:19.908332,100.0,56.69065475463867,400.0
2026-04-23T14:20:22.110537,100.0,56.84241485595703,400.0
2026-04-23T14:20:24.315623,100.0,56.79182815551758,400.0
2026-04-23T14:20:26.519064,100.0,56.84241485595703,400.0
2026-04-23T14:20:28.722876,100.0,56.893001556396484,400.0
2026-04-23T14:20:30.927266,100.0,56.79182815551758,400.0
2026-04-23T14:20:33.135749,100.0,56.893001556396484,400.0
2026-04-23T14:20:35.338776,100.0,57.04475784301758,400.0
2026-04-23T14:20:37.542926,100.0,57.09534454345703,400.0
2026-04-23T14:20:39.745220,100.0,57.145931243896484,400.0
2026-04-23T14:20:41.951233,100.0,57.145931243896484,400.0
2026-04-23T14:20:44.156488,100.0,57.145931243896484,400.0
2026-04-23T14:20:46.362988,100.0,57.24710464477539,400.0
2026-04-23T14:20:48.570119,100.0,57.145931243896484,400.0
2026-04-23T14:20:50.775028,100.0,57.19651794433594,400.0
2026-04-23T14:20:52.979432,100.0,57.145931243896484,400.0
2026-04-23T14:20:55.183471,100.0,57.19651794433594,400.0
2026-04-23T14:20:57.388938,100.0,57.24710464477539,400.0
2026-04-23T14:20:59.593050,100.0,57.3482780456543,400.0
2026-04-23T14:21:01.797932,100.0,57.297691345214844,400.0
2026-04-23T14:21:04.003914,100.0,57.297691345214844,400.0
2026-04-23T14:21:06.208908,100.0,57.297691345214844,400.0
2026-04-23T14:21:08.411951,100.0,57.19651794433594,400.0
2026-04-23T14:21:10.615080,100.0,57.3482780456543,400.0
2026-04-23T14:21:12.818326,100.0,57.19651794433594,400.0
2026-04-23T14:21:15.021918,100.0,57.19651794433594,400.0
2026-04-23T14:21:17.226616,100.0,57.24710464477539,400.0
2026-04-23T14:21:19.431299,100.0,57.24710464477539,400.0
2026-04-23T14:21:21.636913,100.0,57.3482780456543,400.0
2026-04-23T14:21:23.840281,100.0,57.44944763183594,400.0
2026-04-23T14:21:26.045663,100.0,57.44944763183594,400.0
2026-04-23T14:21:28.254366,100.0,57.297691345214844,400.0
2026-04-23T14:21:30.456447,100.0,57.297691345214844,400.0
2026-04-23T14:21:32.665631,100.0,57.398860931396484,400.0
2026-04-23T14:21:34.873045,100.0,57.398860931396484,400.0
2026-04-23T14:21:37.077022,100.0,57.44944763183594,400.0
2026-04-23T14:21:39.282122,100.0,57.3482780456543,400.0
2026-04-23T14:21:41.486593,100.0,57.44944763183594,400.0
2026-04-23T14:21:43.689567,100.0,57.3482780456543,400.0
2026-04-23T14:21:45.897085,100.0,57.3482780456543,400.0
2026-04-23T14:21:48.101135,100.0,57.3482780456543,400.0
2026-04-23T14:21:50.304219,100.0,57.398860931396484,400.0
2026-04-23T14:21:52.508224,100.0,57.50003433227539,400.0
2026-04-23T14:21:54.711200,100.0,57.3482780456543,400.0
2026-04-23T14:21:56.915104,100.0,57.398860931396484,400.0
2026-04-23T14:21:59.119216,100.0,57.50003433227539,400.0
2026-04-23T14:22:01.323104,100.0,57.398860931396484,400.0
2026-04-23T14:22:03.526784,100.0,57.44944763183594,400.0
2026-04-23T14:22:05.729231,100.0,57.398860931396484,400.0
2026-04-23T14:22:07.938795,100.0,57.550621032714844,400.0
2026-04-23T14:22:10.140860,100.0,57.50003433227539,400.0
2026-04-23T14:22:12.343294,100.0,57.44944763183594,400.0
2026-04-23T14:22:14.547497,100.0,57.50003433227539,400.0
2026-04-23T14:22:16.752933,100.0,57.50003433227539,400.0
2026-04-23T14:22:18.956859,100.0,57.50003433227539,400.0
2026-04-23T14:22:21.159090,100.0,57.550621032714844,400.0
2026-04-23T14:22:23.362733,100.0,57.550621032714844,400.0
2026-04-23T14:22:25.565407,100.0,57.50003433227539,400.0
2026-04-23T14:22:27.768140,100.0,57.6012077331543,400.0
2026-04-23T14:22:29.971759,100.0,57.550621032714844,400.0
2026-04-23T14:22:32.176954,100.0,57.65179443359375,400.0
2026-04-23T14:22:34.387049,100.0,57.65179443359375,400.0
2026-04-23T14:22:36.590059,100.0,57.65179443359375,400.0
2026-04-23T14:22:38.794224,100.0,57.6012077331543,400.0
2026-04-23T14:22:41.000444,100.0,57.50003433227539,400.0
2026-04-23T14:22:43.206769,100.0,57.65179443359375,400.0
2026-04-23T14:22:45.412144,100.0,57.550621032714844,400.0
2026-04-23T14:22:47.615360,100.0,57.6012077331543,400.0
2026-04-23T14:22:49.819373,100.0,57.7023811340332,400.0
2026-04-23T14:22:52.024420,100.0,57.550621032714844,400.0
2026-04-23T14:22:54.228288,100.0,57.44944763183594,400.0
2026-04-23T14:22:56.432288,100.0,57.50003433227539,400.0
2026-04-23T14:22:58.635961,100.0,57.6012077331543,400.0
2026-04-23T14:23:00.839707,100.0,57.550621032714844,400.0
2026-04-23T14:23:03.043266,100.0,57.550621032714844,400.0
2026-04-23T14:23:05.250142,100.0,57.50003433227539,400.0
2026-04-23T14:23:07.452486,100.0,57.550621032714844,400.0
2026-04-23T14:23:09.658896,100.0,57.50003433227539,400.0
2026-04-23T14:23:11.864586,100.0,57.550621032714844,400.0
2026-04-23T14:23:14.068190,100.0,57.6012077331543,400.0
2026-04-23T14:23:16.271343,100.0,57.65179443359375,400.0
2026-04-23T14:23:18.474395,100.0,57.550621032714844,400.0
2026-04-23T14:23:20.676329,100.0,57.6012077331543,400.0
2026-04-23T14:23:22.880817,100.0,57.65179443359375,400.0
2026-04-23T14:23:25.085581,100.0,57.65179443359375,400.0
2026-04-23T14:23:27.290949,100.0,57.550621032714844,400.0
2026-04-23T14:23:29.498843,100.0,57.550621032714844,400.0
2026-04-23T14:23:31.702052,100.0,57.550621032714844,400.0
2026-04-23T14:23:33.904365,100.0,57.6012077331543,400.0
2026-04-23T14:23:36.108761,100.0,57.6012077331543,400.0
2026-04-23T14:23:38.313054,100.0,57.7023811340332,400.0
2026-04-23T14:23:40.515679,100.0,57.7023811340332,400.0
2026-04-23T14:23:42.719214,100.0,57.7023811340332,400.0
2026-04-23T14:23:44.924143,100.0,57.6012077331543,400.0
2026-04-23T14:23:47.127396,100.0,57.65179443359375,400.0
2026-04-23T14:23:49.330626,100.0,57.65179443359375,400.0
2026-04-23T14:23:51.534661,100.0,57.550621032714844,400.0
2026-04-23T14:23:53.739904,100.0,57.6012077331543,400.0
2026-04-23T14:23:55.942882,100.0,57.6012077331543,400.0
2026-04-23T14:23:58.145009,100.0,57.6012077331543,400.0
2026-04-23T14:24:00.351507,100.0,57.7023811340332,400.0
2026-04-23T14:24:02.559759,100.0,57.7023811340332,400.0
2026-04-23T14:24:04.767567,100.0,57.752967834472656,400.0
2026-04-23T14:24:06.970921,100.0,57.65179443359375,400.0
2026-04-23T14:24:09.172798,100.0,57.752967834472656,400.0
2026-04-23T14:24:11.377110,100.0,57.7023811340332,400.0
2026-04-23T14:24:13.582542,100.0,57.6012077331543,400.0
2026-04-23T14:24:15.787608,100.0,57.65179443359375,400.0
2026-04-23T14:24:17.996815,100.0,57.6012077331543,400.0
2026-04-23T14:24:20.200697,100.0,57.6012077331543,400.0
2026-04-23T14:24:22.407919,100.0,57.6012077331543,400.0
2026-04-23T14:24:24.611772,100.0,57.6012077331543,400.0
2026-04-23T14:24:26.815502,100.0,57.50003433227539,400.0
2026-04-23T14:24:29.017823,100.0,57.550621032714844,400.0
2026-04-23T14:24:31.222846,100.0,57.65179443359375,400.0
2026-04-23T14:24:33.425999,100.0,57.65179443359375,400.0
2026-04-23T14:24:35.629874,100.0,57.65179443359375,400.0
2026-04-23T14:24:37.832829,100.0,57.550621032714844,400.0
2026-04-23T14:24:40.037391,100.0,57.550621032714844,400.0
2026-04-23T14:24:42.239461,100.0,57.6012077331543,400.0
2026-04-23T14:24:44.442667,100.0,57.65179443359375,400.0
2026-04-23T14:24:46.654359,100.0,57.6012077331543,400.0
2026-04-23T14:24:48.857305,100.0,57.65179443359375,400.0
2026-04-23T14:24:51.060784,100.0,57.65179443359375,400.0
2026-04-23T14:24:53.271190,100.0,57.65179443359375,400.0
2026-04-23T14:24:55.472879,100.0,57.550621032714844,400.0
2026-04-23T14:24:57.676276,100.0,57.65179443359375,400.0
2026-04-23T14:24:59.882517,100.0,57.6012077331543,400.0
2026-04-23T14:25:02.085049,100.0,57.803550720214844,400.0
2026-04-23T14:25:04.287199,100.0,57.65179443359375,400.0
2026-04-23T14:25:06.489482,100.0,57.7023811340332,400.0
2026-04-23T14:25:08.695380,100.0,57.7023811340332,400.0
2026-04-23T14:25:10.899575,100.0,57.7023811340332,400.0
2026-04-23T14:25:13.102759,100.0,57.65179443359375,400.0
2026-04-23T14:25:15.306410,100.0,57.752967834472656,400.0
2026-04-23T14:25:17.510367,100.0,57.7023811340332,400.0
2026-04-23T14:25:19.715826,100.0,57.7023811340332,400.0
2026-04-23T14:25:21.919273,100.0,57.65179443359375,400.0
2026-04-23T14:25:24.123048,100.0,57.65179443359375,400.0
2026-04-23T14:25:26.326835,100.0,57.7023811340332,400.0
2026-04-23T14:25:28.529512,100.0,57.65179443359375,400.0
2026-04-23T14:25:30.731712,100.0,57.7023811340332,400.0
2026-04-23T14:25:32.940297,100.0,57.6012077331543,400.0
2026-04-23T14:25:35.145819,100.0,57.7023811340332,400.0
2026-04-23T14:25:37.349750,100.0,57.50003433227539,400.0
2026-04-23T14:25:39.554605,100.0,57.7023811340332,400.0
2026-04-23T14:25:41.757673,100.0,57.752967834472656,400.0
2026-04-23T14:25:43.963293,100.0,57.7023811340332,400.0
2026-04-23T14:25:46.168049,100.0,57.7023811340332,400.0
2026-04-23T14:25:48.372018,100.0,57.752967834472656,400.0
2026-04-23T14:25:50.578673,100.0,57.752967834472656,400.0
2026-04-23T14:25:52.782957,100.0,57.752967834472656,400.0
2026-04-23T14:25:54.987234,100.0,57.752967834472656,400.0
2026-04-23T14:25:57.189269,100.0,57.65179443359375,400.0
2026-04-23T14:25:59.394944,100.0,57.65179443359375,400.0
2026-04-23T14:26:01.598905,100.0,57.65179443359375,400.0
2026-04-23T14:26:03.802168,100.0,57.65179443359375,400.0
2026-04-23T14:26:06.007208,100.0,57.65179443359375,400.0
2026-04-23T14:26:08.211331,100.0,57.7023811340332,400.0
2026-04-23T14:26:10.415322,100.0,57.65179443359375,400.0
2026-04-23T14:26:12.618710,100.0,57.7023811340332,400.0
2026-04-23T14:26:14.826474,100.0,57.7023811340332,400.0
2026-04-23T14:26:17.032225,100.0,57.65179443359375,400.0
2026-04-23T14:26:19.241048,100.0,57.752967834472656,400.0
2026-04-23T14:26:21.449276,100.0,57.7023811340332,400.0
2026-04-23T14:26:23.664064,100.0,57.6012077331543,400.0
2026-04-23T14:26:25.867994,100.0,57.65179443359375,400.0
2026-04-23T14:26:28.072246,100.0,57.7023811340332,400.0
2026-04-23T14:26:30.274282,100.0,57.65179443359375,400.0
2026-04-23T14:26:32.479548,100.0,57.65179443359375,400.0
2026-04-23T14:26:34.685157,100.0,57.7023811340332,400.0
2026-04-23T14:26:36.890836,100.0,57.752967834472656,400.0
2026-04-23T14:26:39.092955,100.0,57.7023811340332,400.0
2026-04-23T14:26:41.298490,100.0,57.6012077331543,400.0
2026-04-23T14:26:43.504885,100.0,57.6012077331543,400.0
2026-04-23T14:26:45.709629,100.0,57.65179443359375,400.0
2026-04-23T14:26:47.912112,100.0,57.65179443359375,400.0
2026-04-23T14:26:50.115344,100.0,57.7023811340332,400.0
2026-04-23T14:26:52.318715,100.0,57.7023811340332,400.0
2026-04-23T14:26:54.524054,100.0,57.752967834472656,400.0
2026-04-23T14:26:56.728294,100.0,57.752967834472656,400.0
2026-04-23T14:26:58.933631,100.0,57.6012077331543,400.0
2026-04-23T14:27:01.136266,100.0,57.6012077331543,400.0
2026-04-23T14:27:03.338388,100.0,57.7023811340332,400.0
2026-04-23T14:27:05.545999,100.0,57.7023811340332,400.0
2026-04-23T14:27:07.753966,100.0,57.65179443359375,400.0
2026-04-23T14:27:09.956369,100.0,57.7023811340332,400.0
2026-04-23T14:27:12.161180,100.0,57.6012077331543,400.0
2026-04-23T14:27:14.365737,100.0,57.550621032714844,400.0
2026-04-23T14:27:16.572276,100.0,57.6012077331543,400.0
2026-04-23T14:27:18.775303,100.0,57.6012077331543,400.0
2026-04-23T14:27:20.979496,100.0,57.6012077331543,400.0
2026-04-23T14:27:23.183153,100.0,57.550621032714844,400.0
2026-04-23T14:27:25.387248,100.0,57.550621032714844,400.0
2026-04-23T14:27:27.591265,100.0,57.6012077331543,400.0
2026-04-23T14:27:29.794201,100.0,57.6012077331543,400.0
2026-04-23T14:27:31.998084,100.0,57.6012077331543,400.0
2026-04-23T14:27:34.201800,100.0,57.550621032714844,400.0
2026-04-23T14:27:36.406907,100.0,57.6012077331543,400.0
2026-04-23T14:27:38.611405,100.0,57.550621032714844,400.0
2026-04-23T14:27:40.815377,100.0,57.6012077331543,400.0
2026-04-23T14:27:43.018816,100.0,57.50003433227539,400.0
2026-04-23T14:27:45.221006,100.0,57.550621032714844,400.0
2026-04-23T14:27:47.429828,100.0,57.6012077331543,400.0
2026-04-23T14:27:49.633189,100.0,57.550621032714844,400.0
2026-04-23T14:27:51.836696,100.0,57.6012077331543,400.0
2026-04-23T14:27:54.040850,100.0,57.65179443359375,400.0
2026-04-23T14:27:56.242914,100.0,57.65179443359375,400.0
2026-04-23T14:27:58.446748,100.0,57.65179443359375,400.0
2026-04-23T14:28:00.650754,100.0,57.65179443359375,400.0
2026-04-23T14:28:02.855533,100.0,57.6012077331543,400.0
2026-04-23T14:28:05.058320,100.0,57.65179443359375,400.0
2026-04-23T14:28:07.262677,100.0,57.65179443359375,400.0
2026-04-23T14:28:09.467766,100.0,57.550621032714844,400.0
2026-04-23T14:28:11.670875,100.0,57.550621032714844,400.0
2026-04-23T14:28:13.874784,100.0,57.6012077331543,400.0
2026-04-23T14:28:16.081026,100.0,57.6012077331543,400.0
2026-04-23T14:28:18.286827,100.0,57.6012077331543,400.0
2026-04-23T14:28:20.489738,100.0,57.6012077331543,400.0
2026-04-23T14:28:22.691925,100.0,57.6012077331543,400.0
2026-04-23T14:28:24.902856,100.0,57.550621032714844,400.0
2026-04-23T14:28:27.104742,100.0,57.65179443359375,400.0
2026-04-23T14:28:29.307600,100.0,57.550621032714844,400.0
2026-04-23T14:28:31.510013,100.0,57.6012077331543,400.0
2026-04-23T14:28:33.714108,100.0,57.6012077331543,400.0
2026-04-23T14:28:35.917982,100.0,57.6012077331543,400.0
2026-04-23T14:28:38.122844,100.0,57.65179443359375,400.0
2026-04-23T14:28:40.327311,100.0,57.550621032714844,400.0
2026-04-23T14:28:42.531077,100.0,57.6012077331543,400.0
2026-04-23T14:28:44.736718,100.0,57.65179443359375,400.0
2026-04-23T14:28:46.939139,100.0,57.550621032714844,400.0
2026-04-23T14:28:49.143346,100.0,57.6012077331543,400.0
2026-04-23T14:28:51.347936,100.0,57.6012077331543,400.0
2026-04-23T14:28:53.551512,100.0,57.65179443359375,400.0
2026-04-23T14:28:55.755757,100.0,57.550621032714844,400.0
2026-04-23T14:28:57.961296,100.0,57.50003433227539,400.0
2026-04-23T14:29:00.165814,100.0,57.65179443359375,400.0
2026-04-23T14:29:02.370983,100.0,57.44944763183594,400.0
2026-04-23T14:29:04.575887,100.0,57.50003433227539,400.0
2026-04-23T14:29:06.781347,100.0,57.50003433227539,400.0
2026-04-23T14:29:08.986388,100.0,57.44944763183594,400.0
2026-04-23T14:29:11.190581,100.0,57.44944763183594,400.0
2026-04-23T14:29:13.394297,100.0,57.550621032714844,400.0
2026-04-23T14:29:15.598728,100.0,57.6012077331543,400.0
2026-04-23T14:29:17.802225,100.0,57.550621032714844,400.0
2026-04-23T14:29:20.005187,100.0,57.6012077331543,400.0
2026-04-23T14:29:22.210318,100.0,57.6012077331543,400.0
2026-04-23T14:29:24.413029,100.0,57.550621032714844,400.0
2026-04-23T14:29:26.617752,100.0,57.50003433227539,400.0
2026-04-23T14:29:28.820996,100.0,57.550621032714844,400.0
2026-04-23T14:29:31.026128,100.0,57.6012077331543,400.0
2026-04-23T14:29:33.229214,100.0,57.6012077331543,400.0
2026-04-23T14:29:35.433366,100.0,57.50003433227539,400.0
2026-04-23T14:29:37.639223,100.0,57.550621032714844,400.0
2026-04-23T14:29:39.844760,100.0,57.550621032714844,400.0
2026-04-23T14:29:42.050193,100.0,57.50003433227539,400.0
2026-04-23T14:29:44.255101,100.0,57.6012077331543,400.0
2026-04-23T14:29:46.457173,100.0,57.50003433227539,400.0
2026-04-23T14:29:48.660072,100.0,57.550621032714844,400.0
2026-04-23T14:29:50.864583,100.0,57.6012077331543,400.0
2026-04-23T14:29:53.067990,100.0,57.550621032714844,400.0
2026-04-23T14:29:55.271735,100.0,57.44944763183594,400.0
2026-04-23T14:29:57.477437,100.0,57.44944763183594,400.0
2026-04-23T14:29:59.681847,100.0,57.550621032714844,400.0
2026-04-23T14:30:01.885015,100.0,57.44944763183594,400.0
2026-04-23T14:30:04.087296,100.0,57.550621032714844,400.0
2026-04-23T14:30:06.291631,100.0,57.50003433227539,400.0
2026-04-23T14:30:08.497694,100.0,57.6012077331543,400.0
2026-04-23T14:30:10.700817,100.0,57.50003433227539,400.0
2026-04-23T14:30:12.907124,100.0,57.398860931396484,400.0
2026-04-23T14:30:15.109238,100.0,57.3482780456543,400.0
2026-04-23T14:30:17.312237,100.0,57.44944763183594,400.0
2026-04-23T14:30:19.515176,100.0,57.550621032714844,400.0
2026-04-23T14:30:21.718333,100.0,57.50003433227539,400.0
2026-04-23T14:30:23.922955,100.0,57.50003433227539,400.0
2026-04-23T14:30:26.124581,100.0,57.6012077331543,400.0
2026-04-23T14:30:28.330481,100.0,57.50003433227539,400.0
2026-04-23T14:30:30.534355,100.0,57.50003433227539,400.0
2026-04-23T14:30:32.736224,100.0,57.398860931396484,400.0
2026-04-23T14:30:34.939648,100.0,57.6012077331543,400.0
2026-04-23T14:30:37.144843,100.0,57.50003433227539,400.0
2026-04-23T14:30:39.349877,100.0,57.550621032714844,400.0
2026-04-23T14:30:41.553989,100.0,57.550621032714844,400.0
2026-04-23T14:30:43.757750,100.0,57.550621032714844,400.0
2026-04-23T14:30:45.962027,100.0,57.65179443359375,400.0
2026-04-23T14:30:48.165803,100.0,57.6012077331543,400.0
2026-04-23T14:30:50.369883,100.0,57.6012077331543,400.0
2026-04-23T14:30:52.573303,100.0,57.550621032714844,400.0
2026-04-23T14:30:54.776233,100.0,57.44944763183594,400.0
2026-04-23T14:30:56.980232,100.0,57.550621032714844,400.0
2026-04-23T14:30:59.183291,100.0,57.398860931396484,400.0
2026-04-23T14:31:01.385745,100.0,57.50003433227539,400.0
2026-04-23T14:31:03.591193,100.0,57.44944763183594,400.0
2026-04-23T14:31:05.795987,100.0,57.398860931396484,400.0
2026-04-23T14:31:07.999472,100.0,57.50003433227539,400.0
2026-04-23T14:31:10.203026,100.0,57.50003433227539,400.0
2026-04-23T14:31:12.406547,100.0,57.6012077331543,400.0
2026-04-23T14:31:14.609540,100.0,57.50003433227539,400.0
2026-04-23T14:31:16.814132,100.0,57.550621032714844,400.0
2026-04-23T14:31:19.018202,100.0,57.6012077331543,400.0
2026-04-23T14:31:21.222078,100.0,57.6012077331543,400.0
2026-04-23T14:31:23.426115,100.0,57.550621032714844,400.0
2026-04-23T14:31:25.631475,100.0,57.6012077331543,400.0
2026-04-23T14:31:27.835992,100.0,57.50003433227539,400.0
2026-04-23T14:31:30.042991,100.0,57.6012077331543,400.0
2026-04-23T14:31:32.247961,100.0,57.50003433227539,400.0
2026-04-23T14:31:34.450353,100.0,57.6012077331543,400.0
2026-04-23T14:31:36.654531,100.0,57.65179443359375,400.0
2026-04-23T14:31:38.859329,100.0,57.6012077331543,400.0
2026-04-23T14:31:41.063059,100.0,57.50003433227539,400.0
2026-04-23T14:31:43.266167,100.0,57.65179443359375,400.0
2026-04-23T14:31:45.471252,100.0,57.6012077331543,400.0
2026-04-23T14:31:47.673846,100.0,57.6012077331543,400.0
2026-04-23T14:31:49.876646,100.0,57.65179443359375,400.0
2026-04-23T14:31:52.080403,100.0,57.65179443359375,400.0
2026-04-23T14:31:54.284673,100.0,57.65179443359375,400.0
2026-04-23T14:31:56.488145,100.0,57.6012077331543,400.0
2026-04-23T14:31:58.689920,100.0,57.550621032714844,400.0
2026-04-23T14:32:00.892932,100.0,57.6012077331543,400.0
2026-04-23T14:32:03.099240,100.0,57.550621032714844,400.0
2026-04-23T14:32:05.302532,100.0,57.65179443359375,400.0
2026-04-23T14:32:07.506727,100.0,57.6012077331543,400.0
2026-04-23T14:32:09.711902,100.0,57.550621032714844,400.0
2026-04-23T14:32:11.915389,100.0,57.50003433227539,400.0
2026-04-23T14:32:14.117855,100.0,57.6012077331543,400.0
2026-04-23T14:32:16.324660,100.0,57.44944763183594,400.0
2026-04-23T14:32:18.529025,100.0,57.550621032714844,400.0
2026-04-23T14:32:20.733140,100.0,57.550621032714844,400.0
2026-04-23T14:32:22.937353,100.0,57.50003433227539,400.0
2026-04-23T14:32:25.140293,100.0,57.550621032714844,400.0
2026-04-23T14:32:27.345834,100.0,57.44944763183594,400.0
2026-04-23T14:32:29.549415,100.0,57.6012077331543,400.0
2026-04-23T14:32:31.756903,100.0,57.44944763183594,400.0
2026-04-23T14:32:33.963109,100.0,57.44944763183594,400.0
2026-04-23T14:32:36.166926,100.0,57.50003433227539,400.0
2026-04-23T14:32:38.369959,100.0,57.44944763183594,400.0
2026-04-23T14:32:40.573221,100.0,57.50003433227539,400.0
2026-04-23T14:32:42.777864,100.0,57.44944763183594,400.0
2026-04-23T14:32:44.982163,100.0,57.550621032714844,400.0
2026-04-23T14:32:47.187907,100.0,57.44944763183594,400.0
2026-04-23T14:32:49.391424,100.0,57.398860931396484,400.0
2026-04-23T14:32:51.596538,100.0,57.398860931396484,400.0
2026-04-23T14:32:53.801860,100.0,57.398860931396484,400.0
2026-04-23T14:32:56.006872,100.0,57.44944763183594,400.0
2026-04-23T14:32:58.211389,100.0,57.3482780456543,400.0
2026-04-23T14:33:00.416055,100.0,57.297691345214844,400.0
2026-04-23T14:33:02.617943,100.0,57.44944763183594,400.0
2026-04-23T14:33:04.824344,100.0,57.3482780456543,400.0
2026-04-23T14:33:07.029580,100.0,57.44944763183594,400.0
2026-04-23T14:33:09.233696,100.0,57.3482780456543,400.0
2026-04-23T14:33:11.438017,100.0,57.3482780456543,400.0
2026-04-23T14:33:13.643745,100.0,57.3482780456543,400.0
2026-04-23T14:33:15.847180,100.0,57.3482780456543,400.0
2026-04-23T14:33:18.051400,100.0,57.3482780456543,400.0
2026-04-23T14:33:20.255509,100.0,57.398860931396484,400.0
2026-04-23T14:33:22.458782,100.0,57.3482780456543,400.0
2026-04-23T14:33:24.663047,100.0,57.3482780456543,400.0
2026-04-23T14:33:26.866054,100.0,57.398860931396484,400.0
2026-04-23T14:33:29.072265,100.0,57.398860931396484,400.0
2026-04-23T14:33:31.274922,100.0,57.297691345214844,400.0
2026-04-23T14:33:33.481025,100.0,57.297691345214844,400.0
2026-04-23T14:33:35.685632,100.0,57.3482780456543,400.0
2026-04-23T14:33:37.888723,100.0,57.3482780456543,400.0
2026-04-23T14:33:40.091704,100.0,57.398860931396484,400.0
2026-04-23T14:33:42.295320,100.0,57.24710464477539,400.0
2026-04-23T14:33:44.499669,100.0,57.24710464477539,400.0
2026-04-23T14:33:46.702793,100.0,57.24710464477539,400.0
2026-04-23T14:33:48.906321,100.0,57.3482780456543,400.0
2026-04-23T14:33:51.109837,100.0,57.3482780456543,400.0
2026-04-23T14:33:53.313268,100.0,57.19651794433594,400.0
2026-04-23T14:33:55.518049,100.0,57.297691345214844,400.0
2026-04-23T14:33:57.725173,100.0,57.24710464477539,400.0
2026-04-23T14:33:59.929949,100.0,57.297691345214844,400.0
2026-04-23T14:34:02.133018,100.0,57.24710464477539,400.0
2026-04-23T14:34:04.336637,100.0,57.24710464477539,400.0
2026-04-23T14:34:06.541984,100.0,57.24710464477539,400.0
2026-04-23T14:34:08.745067,100.0,57.145931243896484,400.0
2026-04-23T14:34:10.949195,100.0,57.297691345214844,400.0
2026-04-23T14:34:13.153192,100.0,57.297691345214844,400.0
2026-04-23T14:34:15.355546,100.0,57.24710464477539,400.0
2026-04-23T14:34:17.559874,100.0,57.297691345214844,400.0
2026-04-23T14:34:19.762675,100.0,57.297691345214844,400.0
2026-04-23T14:34:21.966689,100.0,57.297691345214844,400.0
2026-04-23T14:34:24.170040,100.0,57.24710464477539,400.0
2026-04-23T14:34:26.372999,100.0,57.19651794433594,400.0
2026-04-23T14:34:28.587060,100.0,57.297691345214844,400.0
2026-04-23T14:34:30.789697,100.0,57.297691345214844,400.0
2026-04-23T14:34:32.992772,100.0,57.19651794433594,400.0
2026-04-23T14:34:35.196229,100.0,57.24710464477539,400.0
2026-04-23T14:34:37.408553,100.0,57.297691345214844,400.0
2026-04-23T14:34:39.612357,100.0,57.3482780456543,400.0
2026-04-23T14:34:41.820366,100.0,57.297691345214844,400.0
2026-04-23T14:34:44.023484,100.0,57.297691345214844,400.0
2026-04-23T14:34:46.227668,100.0,57.297691345214844,400.0
2026-04-23T14:34:48.431182,100.0,57.297691345214844,400.0
2026-04-23T14:34:50.636469,100.0,57.19651794433594,400.0
2026-04-23T14:34:52.840282,100.0,57.24710464477539,400.0
2026-04-23T14:34:55.044285,100.0,57.19651794433594,400.0
2026-04-23T14:34:57.253360,100.0,57.297691345214844,400.0
2026-04-23T14:34:59.457045,100.0,57.24710464477539,400.0
2026-04-23T14:35:01.668180,100.0,57.24710464477539,400.0
2026-04-23T14:35:03.871294,100.0,57.3482780456543,400.0
2026-04-23T14:35:06.074729,100.0,57.24710464477539,400.0
2026-04-23T14:35:08.278066,100.0,57.24710464477539,400.0
2026-04-23T14:35:10.480136,100.0,57.297691345214844,400.0
2026-04-23T14:35:12.683102,100.0,57.297691345214844,400.0
2026-04-23T14:35:14.885440,100.0,57.297691345214844,400.0
2026-04-23T14:35:17.092527,100.0,57.398860931396484,400.0
2026-04-23T14:35:19.295685,100.0,57.3482780456543,400.0
2026-04-23T14:35:21.499267,100.0,57.398860931396484,400.0
2026-04-23T14:35:23.703112,100.0,57.297691345214844,400.0
2026-04-23T14:35:25.906442,100.0,57.398860931396484,400.0
2026-04-23T14:35:28.110248,100.0,57.3482780456543,400.0
2026-04-23T14:35:30.313629,100.0,57.398860931396484,400.0
2026-04-23T14:35:32.516677,100.0,57.297691345214844,400.0
2026-04-23T14:35:34.719940,100.0,57.398860931396484,400.0
2026-04-23T14:35:36.922749,100.0,57.3482780456543,400.0
2026-04-23T14:35:39.128253,100.0,57.297691345214844,400.0
2026-04-23T14:35:41.330950,100.0,57.297691345214844,400.0
2026-04-23T14:35:43.534800,100.0,57.3482780456543,400.0
2026-04-23T14:35:45.738490,100.0,57.3482780456543,400.0
2026-04-23T14:35:47.953892,100.0,57.3482780456543,400.0
2026-04-23T14:35:50.156796,100.0,57.297691345214844,400.0
2026-04-23T14:35:52.359740,100.0,57.3482780456543,400.0
2026-04-23T14:35:54.566515,100.0,57.3482780456543,400.0
2026-04-23T14:35:56.769584,100.0,57.3482780456543,400.0
2026-04-23T14:35:58.972386,100.0,57.3482780456543,400.0
2026-04-23T14:36:01.179326,100.0,57.398860931396484,400.0
2026-04-23T14:36:03.382844,100.0,57.3482780456543,400.0
2026-04-23T14:36:05.589017,100.0,57.3482780456543,400.0
2026-04-23T14:36:07.794274,100.0,57.398860931396484,400.0
2026-04-23T14:36:09.999336,100.0,57.398860931396484,400.0
2026-04-23T14:36:12.202683,100.0,57.297691345214844,400.0
2026-04-23T14:36:14.409948,100.0,57.398860931396484,400.0
2026-04-23T14:36:16.614541,100.0,57.398860931396484,400.0
2026-04-23T14:36:18.819302,100.0,57.297691345214844,400.0
2026-04-23T14:36:21.022182,100.0,57.398860931396484,400.0
2026-04-23T14:36:23.225710,100.0,57.44944763183594,400.0
2026-04-23T14:36:25.431201,100.0,57.550621032714844,400.0
2026-04-23T14:36:27.635532,100.0,57.44944763183594,400.0
2026-04-23T14:36:29.840769,100.0,57.3482780456543,400.0
2026-04-23T14:36:32.047158,100.0,57.44944763183594,400.0
2026-04-23T14:36:34.251286,100.0,57.3482780456543,400.0
2026-04-23T14:36:36.453551,100.0,57.398860931396484,400.0
2026-04-23T14:36:38.660413,100.0,57.44944763183594,400.0
2026-04-23T14:36:40.865282,100.0,57.44944763183594,400.0
2026-04-23T14:36:43.068116,100.0,57.398860931396484,400.0
2026-04-23T14:36:45.275820,100.0,57.398860931396484,400.0
2026-04-23T14:36:47.481039,100.0,57.44944763183594,400.0
2026-04-23T14:36:49.683982,100.0,57.44944763183594,400.0
2026-04-23T14:36:51.887288,100.0,57.50003433227539,400.0
2026-04-23T14:36:54.090746,100.0,57.44944763183594,400.0
2026-04-23T14:36:56.295108,100.0,57.550621032714844,400.0
2026-04-23T14:36:58.498720,100.0,57.50003433227539,400.0
2026-04-23T14:37:00.702896,100.0,57.50003433227539,400.0
2026-04-23T14:37:02.905005,100.0,57.550621032714844,400.0
2026-04-23T14:37:05.107188,100.0,57.50003433227539,400.0
2026-04-23T14:37:07.314055,100.0,57.550621032714844,400.0
2026-04-23T14:37:09.518001,100.0,57.50003433227539,400.0
2026-04-23T14:37:11.722240,100.0,57.550621032714844,400.0
2026-04-23T14:37:13.929720,100.0,57.550621032714844,400.0
2026-04-23T14:37:16.135658,100.0,57.50003433227539,400.0
2026-04-23T14:37:18.339236,100.0,57.6012077331543,400.0
2026-04-23T14:37:20.542642,100.0,57.6012077331543,400.0
2026-04-23T14:37:22.747285,100.0,57.550621032714844,400.0
2026-04-23T14:37:24.950420,100.0,57.50003433227539,400.0
2026-04-23T14:37:27.153783,100.0,57.550621032714844,400.0
2026-04-23T14:37:29.361386,100.0,57.50003433227539,400.0
2026-04-23T14:37:31.567810,100.0,57.50003433227539,400.0
2026-04-23T14:37:33.769524,100.0,57.550621032714844,400.0
2026-04-23T14:37:35.971604,100.0,57.50003433227539,400.0
2026-04-23T14:37:38.181419,100.0,57.550621032714844,400.0
2026-04-23T14:37:40.388925,100.0,57.50003433227539,400.0
2026-04-23T14:37:42.592283,100.0,57.50003433227539,400.0
2026-04-23T14:37:44.799779,100.0,57.50003433227539,400.0
2026-04-23T14:37:47.003523,100.0,57.550621032714844,400.0
2026-04-23T14:37:49.207880,100.0,57.6012077331543,400.0
2026-04-23T14:37:51.413634,100.0,57.550621032714844,400.0
2026-04-23T14:37:53.619071,100.0,57.6012077331543,400.0
2026-04-23T14:37:55.823322,100.0,57.65179443359375,400.0
2026-04-23T14:37:58.027428,100.0,57.550621032714844,400.0
2026-04-23T14:38:00.231117,100.0,57.50003433227539,400.0
2026-04-23T14:38:02.439149,100.0,57.550621032714844,400.0
2026-04-23T14:38:04.642662,100.0,57.6012077331543,400.0
2026-04-23T14:38:06.846687,100.0,57.65179443359375,400.0
2026-04-23T14:38:09.050989,100.0,57.6012077331543,400.0
2026-04-23T14:38:11.253197,100.0,57.65179443359375,400.0
2026-04-23T14:38:13.456132,100.0,57.550621032714844,400.0
2026-04-23T14:38:15.660650,100.0,57.65179443359375,400.0
2026-04-23T14:38:17.864532,100.0,57.7023811340332,400.0
2026-04-23T14:38:20.067867,100.0,57.752967834472656,400.0
2026-04-23T14:38:22.271465,100.0,57.65179443359375,400.0
2026-04-23T14:38:24.475187,100.0,57.7023811340332,400.0
2026-04-23T14:38:26.680051,100.0,57.803550720214844,400.0
2026-04-23T14:38:28.884198,100.0,57.7023811340332,400.0
2026-04-23T14:38:31.087159,100.0,57.752967834472656,400.0
2026-04-23T14:38:33.292721,100.0,57.752967834472656,400.0
2026-04-23T14:38:35.495463,100.0,57.7023811340332,400.0
2026-04-23T14:38:37.699157,100.0,57.803550720214844,400.0
2026-04-23T14:38:39.903012,100.0,57.7023811340332,400.0
2026-04-23T14:38:42.106028,100.0,57.7023811340332,400.0
2026-04-23T14:38:44.309546,100.0,57.65179443359375,400.0
2026-04-23T14:38:46.512820,100.0,57.803550720214844,400.0
2026-04-23T14:38:48.718524,100.0,57.7023811340332,400.0
2026-04-23T14:38:50.922419,100.0,57.752967834472656,400.0
2026-04-23T14:38:53.126090,100.0,57.752967834472656,400.0
2026-04-23T14:38:55.328832,100.0,57.803550720214844,400.0
2026-04-23T14:38:57.542484,100.0,57.7023811340332,400.0
2026-04-23T14:38:59.744937,100.0,57.752967834472656,400.0
2026-04-23T14:39:01.948963,100.0,57.803550720214844,400.0
2026-04-23T14:39:04.154290,100.0,57.752967834472656,400.0
2026-04-23T14:39:06.356425,100.0,57.65179443359375,400.0
2026-04-23T14:39:08.570307,100.0,57.7023811340332,400.0
2026-04-23T14:39:10.774070,100.0,57.752967834472656,400.0
2026-04-23T14:39:12.981033,100.0,57.803550720214844,400.0
2026-04-23T14:39:15.184449,100.0,57.8541374206543,400.0
2026-04-23T14:39:17.387256,100.0,57.803550720214844,400.0
2026-04-23T14:39:19.595252,100.0,57.90472412109375,400.0
2026-04-23T14:39:21.800859,100.0,57.8541374206543,400.0
2026-04-23T14:39:24.003783,100.0,57.803550720214844,400.0
2026-04-23T14:39:26.206808,100.0,57.9553108215332,400.0
2026-04-23T14:39:28.410017,100.0,57.803550720214844,400.0
2026-04-23T14:39:30.614840,100.0,57.8541374206543,400.0
2026-04-23T14:39:32.819107,100.0,57.803550720214844,400.0
2026-04-23T14:39:35.023197,100.0,57.8541374206543,400.0
2026-04-23T14:39:37.230085,100.0,57.803550720214844,400.0
2026-04-23T14:39:39.433003,100.0,57.803550720214844,400.0
2026-04-23T14:39:41.636179,100.0,57.752967834472656,400.0
2026-04-23T14:39:43.839301,100.0,57.8541374206543,400.0
2026-04-23T14:39:46.044166,100.0,57.752967834472656,400.0
2026-04-23T14:39:48.248633,100.0,57.8541374206543,400.0
2026-04-23T14:39:50.452093,100.0,57.90472412109375,400.0
2026-04-23T14:39:52.654048,100.0,57.8541374206543,400.0
2026-04-23T14:39:54.863130,100.0,57.803550720214844,400.0
2026-04-23T14:39:57.067723,100.0,57.9553108215332,400.0
2026-04-23T14:39:59.272020,100.0,57.90472412109375,400.0
2026-04-23T14:40:01.477373,100.0,57.9553108215332,400.0
2026-04-23T14:40:03.680953,100.0,57.9553108215332,400.0
2026-04-23T14:40:05.887369,100.0,57.8541374206543,400.0
2026-04-23T14:40:08.092225,100.0,57.8541374206543,400.0
2026-04-23T14:40:10.296913,100.0,57.8541374206543,400.0
2026-04-23T14:40:12.503323,100.0,57.8541374206543,400.0
2026-04-23T14:40:14.707331,100.0,57.803550720214844,400.0
2026-04-23T14:40:16.911938,100.0,57.8541374206543,400.0
2026-04-23T14:40:19.116793,100.0,57.803550720214844,400.0
2026-04-23T14:40:21.320908,100.0,57.8541374206543,400.0
2026-04-23T14:40:23.524692,100.0,57.8541374206543,400.0
2026-04-23T14:40:25.729488,100.0,57.803550720214844,400.0
2026-04-23T14:40:27.931828,100.0,57.8541374206543,400.0
2026-04-23T14:40:30.134630,100.0,57.803550720214844,400.0
2026-04-23T14:40:32.340256,100.0,57.8541374206543,400.0
2026-04-23T14:40:34.544632,100.0,57.803550720214844,400.0
2026-04-23T14:40:36.749151,100.0,57.8541374206543,400.0
2026-04-23T14:40:38.952826,100.0,57.90472412109375,400.0
2026-04-23T14:40:41.158822,100.0,57.8541374206543,400.0
2026-04-23T14:40:43.361189,100.0,57.803550720214844,400.0
2026-04-23T14:40:45.563166,100.0,57.803550720214844,400.0
2026-04-23T14:40:47.767669,100.0,57.803550720214844,400.0
2026-04-23T14:40:49.971845,100.0,57.752967834472656,400.0
2026-04-23T14:40:52.175732,100.0,57.803550720214844,400.0
2026-04-23T14:40:54.380688,100.0,57.803550720214844,400.0
2026-04-23T14:40:56.584302,100.0,57.8541374206543,400.0
2026-04-23T14:40:58.788065,100.0,57.803550720214844,400.0
2026-04-23T14:41:00.991920,100.0,57.752967834472656,400.0
2026-04-23T14:41:03.194933,100.0,57.8541374206543,400.0
2026-04-23T14:41:05.398417,100.0,57.803550720214844,400.0
2026-04-23T14:41:07.601044,100.0,57.90472412109375,400.0
2026-04-23T14:41:09.807505,100.0,57.8541374206543,400.0
2026-04-23T14:41:12.010558,100.0,57.9553108215332,400.0
2026-04-23T14:41:14.214620,100.0,57.803550720214844,400.0
2026-04-23T14:41:16.417775,100.0,57.752967834472656,400.0
2026-04-23T14:41:18.626092,100.0,57.9553108215332,400.0
2026-04-23T14:41:20.835887,100.0,57.9553108215332,400.0
2026-04-23T14:41:23.038129,100.0,57.9553108215332,400.0
2026-04-23T14:41:25.241928,100.0,57.9553108215332,400.0
2026-04-23T14:41:27.445492,100.0,57.90472412109375,400.0
2026-04-23T14:41:29.653266,100.0,57.9553108215332,400.0
2026-04-23T14:41:31.856382,100.0,57.8541374206543,400.0
2026-04-23T14:41:34.061558,100.0,57.90472412109375,400.0
2026-04-23T14:41:36.267350,100.0,57.8541374206543,400.0
2026-04-23T14:41:38.472529,100.0,57.90472412109375,400.0
2026-04-23T14:41:40.675871,100.0,57.90472412109375,400.0
2026-04-23T14:41:42.879842,100.0,58.005897521972656,400.0
2026-04-23T14:41:45.083010,100.0,57.9553108215332,400.0
2026-04-23T14:41:47.287708,100.0,57.90472412109375,400.0
2026-04-23T14:41:49.493964,100.0,57.90472412109375,400.0
2026-04-23T14:41:51.698523,100.0,57.90472412109375,400.0
2026-04-23T14:41:53.901956,100.0,57.90472412109375,400.0
2026-04-23T14:41:56.105571,100.0,58.005897521972656,400.0
2026-04-23T14:41:58.313151,100.0,57.803550720214844,400.0
2026-04-23T14:42:00.515489,100.0,57.8541374206543,400.0
2026-04-23T14:42:02.718641,100.0,57.90472412109375,400.0
2026-04-23T14:42:04.925735,100.0,57.752967834472656,400.0
2026-04-23T14:42:07.129770,100.0,57.803550720214844,400.0
2026-04-23T14:42:09.337131,100.0,57.8541374206543,400.0
2026-04-23T14:42:11.543890,100.0,57.803550720214844,400.0
2026-04-23T14:42:13.750616,100.0,57.8541374206543,400.0
2026-04-23T14:42:15.954738,100.0,57.8541374206543,400.0
2026-04-23T14:42:18.156926,100.0,57.8541374206543,400.0
2026-04-23T14:42:20.362380,100.0,57.8541374206543,400.0
2026-04-23T14:42:22.566706,100.0,57.9553108215332,400.0
2026-04-23T14:42:24.769646,100.0,57.90472412109375,400.0
2026-04-23T14:42:26.974506,100.0,57.90472412109375,400.0
2026-04-23T14:42:29.177234,100.0,57.9553108215332,400.0
2026-04-23T14:42:31.383539,100.0,57.9553108215332,400.0
2026-04-23T14:42:33.590057,100.0,57.90472412109375,400.0
2026-04-23T14:42:35.796814,100.0,58.05648422241211,400.0
2026-04-23T14:42:38.001457,100.0,57.9553108215332,400.0
2026-04-23T14:42:40.204476,100.0,57.90472412109375,400.0
2026-04-23T14:42:42.411683,100.0,57.9553108215332,400.0
2026-04-23T14:42:44.613717,100.0,57.90472412109375,400.0
2026-04-23T14:42:46.817264,100.0,58.05648422241211,400.0
2026-04-23T14:42:49.021431,100.0,57.8541374206543,400.0
2026-04-23T14:42:51.227284,100.0,57.9553108215332,400.0
2026-04-23T14:42:53.431257,100.0,58.005897521972656,400.0
2026-04-23T14:42:55.634262,100.0,58.05648422241211,400.0
2026-04-23T14:42:57.848273,100.0,57.9553108215332,400.0
2026-04-23T14:43:00.052892,100.0,58.005897521972656,400.0
2026-04-23T14:43:02.255365,100.0,58.005897521972656,400.0
2026-04-23T14:43:04.459128,100.0,58.10707092285156,400.0
2026-04-23T14:43:06.662287,100.0,58.005897521972656,400.0
2026-04-23T14:43:08.867672,100.0,58.005897521972656,400.0
2026-04-23T14:43:11.070447,100.0,58.005897521972656,400.0
2026-04-23T14:43:13.272488,100.0,57.90472412109375,400.0
2026-04-23T14:43:15.477597,100.0,58.005897521972656,400.0
2026-04-23T14:43:17.680718,100.0,58.005897521972656,400.0
2026-04-23T14:43:19.885454,100.0,58.005897521972656,400.0
2026-04-23T14:43:22.088124,100.0,57.9553108215332,400.0
2026-04-23T14:43:24.293035,100.0,58.05648422241211,400.0
2026-04-23T14:43:26.496870,100.0,57.9553108215332,400.0
2026-04-23T14:43:28.700553,100.0,57.9553108215332,400.0
2026-04-23T14:43:30.904671,100.0,58.05648422241211,400.0
2026-04-23T14:43:33.108677,100.0,58.05648422241211,400.0
2026-04-23T14:43:35.311390,100.0,57.9553108215332,400.0
2026-04-23T14:43:37.516111,100.0,57.9553108215332,400.0
2026-04-23T14:43:39.721828,100.0,57.9553108215332,400.0
2026-04-23T14:43:41.927642,100.0,57.9553108215332,400.0
2026-04-23T14:43:44.131014,100.0,58.10707092285156,400.0
2026-04-23T14:43:46.336198,100.0,57.9553108215332,400.0
2026-04-23T14:43:48.540824,100.0,58.05648422241211,400.0
2026-04-23T14:43:50.744653,100.0,57.90472412109375,400.0
2026-04-23T14:43:52.949033,100.0,57.9553108215332,400.0
2026-04-23T14:43:55.155825,100.0,57.9553108215332,400.0
2026-04-23T14:43:57.358171,100.0,58.005897521972656,400.0
2026-04-23T14:43:59.563192,100.0,58.10707092285156,400.0
2026-04-23T14:44:01.767780,100.0,57.9553108215332,400.0
2026-04-23T14:44:03.970992,100.0,58.10707092285156,400.0
2026-04-23T14:44:06.173613,100.0,58.10707092285156,400.0
2026-04-23T14:44:08.378444,100.0,57.9553108215332,400.0
2026-04-23T14:44:10.582788,100.0,58.05648422241211,400.0
2026-04-23T14:44:12.784467,100.0,58.10707092285156,400.0
2026-04-23T14:44:14.988695,100.0,58.10707092285156,400.0
2026-04-23T14:44:17.193485,100.0,58.005897521972656,400.0
2026-04-23T14:44:19.398671,100.0,58.10707092285156,400.0
2026-04-23T14:44:21.600835,100.0,58.05648422241211,400.0
2026-04-23T14:44:23.803457,100.0,58.05648422241211,400.0
2026-04-23T14:44:26.011729,100.0,58.05648422241211,400.0
2026-04-23T14:44:28.215695,100.0,58.10707092285156,400.0
2026-04-23T14:44:30.419204,100.0,58.157657623291016,400.0
2026-04-23T14:44:32.621835,100.0,58.10707092285156,400.0
2026-04-23T14:44:34.826044,100.0,58.05648422241211,400.0
2026-04-23T14:44:37.030044,100.0,58.10707092285156,400.0
2026-04-23T14:44:39.234185,100.0,58.005897521972656,400.0
2026-04-23T14:44:41.437981,100.0,58.2082405090332,400.0
2026-04-23T14:44:43.640165,100.0,58.157657623291016,400.0
2026-04-23T14:44:45.845934,100.0,58.10707092285156,400.0
2026-04-23T14:44:48.048254,100.0,58.05648422241211,400.0
2026-04-23T14:44:50.252264,100.0,58.005897521972656,400.0
2026-04-23T14:44:52.454379,100.0,57.90472412109375,400.0
2026-04-23T14:44:54.658816,100.0,58.005897521972656,400.0
2026-04-23T14:44:56.862988,100.0,57.9553108215332,400.0
2026-04-23T14:44:59.066391,100.0,58.10707092285156,400.0
2026-04-23T14:45:01.270368,100.0,58.10707092285156,400.0
2026-04-23T14:45:03.476421,100.0,58.10707092285156,400.0
2026-04-23T14:45:05.679624,100.0,58.157657623291016,400.0
2026-04-23T14:45:07.884283,100.0,58.157657623291016,400.0
2026-04-23T14:45:10.087660,100.0,58.157657623291016,400.0
2026-04-23T14:45:12.292147,100.0,58.157657623291016,400.0
2026-04-23T14:45:14.495444,100.0,58.258827209472656,400.0
2026-04-23T14:45:16.699560,100.0,58.2082405090332,400.0
2026-04-23T14:45:18.902742,100.0,58.2082405090332,400.0
2026-04-23T14:45:21.106799,100.0,58.30941390991211,400.0
2026-04-23T14:45:23.311846,100.0,58.30941390991211,400.0
2026-04-23T14:45:25.515960,100.0,58.258827209472656,400.0
2026-04-23T14:45:27.719543,100.0,58.36000061035156,400.0
2026-04-23T14:45:29.924889,100.0,58.2082405090332,400.0
2026-04-23T14:45:32.128019,100.0,58.258827209472656,400.0
2026-04-23T14:45:34.332112,100.0,58.410587310791016,400.0
2026-04-23T14:45:36.534894,100.0,58.30941390991211,400.0
2026-04-23T14:45:38.736906,100.0,58.258827209472656,400.0
2026-04-23T14:45:40.940871,100.0,58.30941390991211,400.0
2026-04-23T14:45:43.143284,100.0,58.30941390991211,400.0
2026-04-23T14:45:45.351959,100.0,58.36000061035156,400.0
2026-04-23T14:45:47.557073,100.0,58.36000061035156,400.0
2026-04-23T14:45:49.763726,100.0,58.36000061035156,400.0
2026-04-23T14:45:51.970268,100.0,58.258827209472656,400.0
2026-04-23T14:45:54.175252,100.0,58.2082405090332,400.0
2026-04-23T14:45:56.377947,100.0,58.36000061035156,400.0
2026-04-23T14:45:58.582402,100.0,58.258827209472656,400.0
2026-04-23T14:46:00.784189,100.0,58.30941390991211,400.0
2026-04-23T14:46:02.987768,100.0,58.258827209472656,400.0
2026-04-23T14:46:05.195056,100.0,58.157657623291016,400.0
2026-04-23T14:46:07.402611,100.0,58.258827209472656,400.0
2026-04-23T14:46:09.604345,100.0,58.410587310791016,400.0
2026-04-23T14:46:11.809994,100.0,58.30941390991211,400.0
2026-04-23T14:46:14.014287,100.0,58.258827209472656,400.0
2026-04-23T14:46:16.216855,100.0,58.2082405090332,400.0
2026-04-23T14:46:18.420028,100.0,58.2082405090332,400.0
2026-04-23T14:46:20.624429,100.0,58.30941390991211,400.0
2026-04-23T14:46:22.827943,100.0,58.30941390991211,400.0
2026-04-23T14:46:25.031814,100.0,58.30941390991211,400.0
2026-04-23T14:46:27.235084,100.0,58.2082405090332,400.0
2026-04-23T14:46:29.437938,100.0,58.36000061035156,400.0
2026-04-23T14:46:31.643001,100.0,58.36000061035156,400.0
2026-04-23T14:46:33.846074,100.0,58.258827209472656,400.0
2026-04-23T14:46:36.049812,100.0,58.2082405090332,400.0
2026-04-23T14:46:38.253307,100.0,58.30941390991211,400.0
2026-04-23T14:46:40.455233,100.0,58.258827209472656,400.0
2026-04-23T14:46:42.659340,100.0,58.30941390991211,400.0
2026-04-23T14:46:44.863019,100.0,58.30941390991211,400.0
2026-04-23T14:46:47.068727,100.0,58.258827209472656,400.0
2026-04-23T14:46:49.272282,100.0,58.157657623291016,400.0
2026-04-23T14:46:51.478581,100.0,58.258827209472656,400.0
2026-04-23T14:46:53.682428,100.0,58.2082405090332,400.0
2026-04-23T14:46:55.885131,100.0,58.30941390991211,400.0
2026-04-23T14:46:58.090575,100.0,58.258827209472656,400.0
2026-04-23T14:47:00.295932,100.0,58.30941390991211,400.0
2026-04-23T14:47:02.500728,100.0,58.258827209472656,400.0
2026-04-23T14:47:04.703643,100.0,58.30941390991211,400.0
2026-04-23T14:47:06.906992,100.0,58.410587310791016,400.0
2026-04-23T14:47:09.109699,100.0,58.36000061035156,400.0
2026-04-23T14:47:11.313447,100.0,58.410587310791016,400.0
2026-04-23T14:47:13.516343,100.0,58.410587310791016,400.0
2026-04-23T14:47:15.720341,100.0,58.36000061035156,400.0
2026-04-23T14:47:17.924694,100.0,58.258827209472656,400.0
2026-04-23T14:47:20.130036,100.0,58.258827209472656,400.0
2026-04-23T14:47:22.332185,100.0,58.30941390991211,400.0
2026-04-23T14:47:24.534414,100.0,58.30941390991211,400.0
2026-04-23T14:47:26.737653,100.0,58.410587310791016,400.0
2026-04-23T14:47:28.942156,100.0,58.36000061035156,400.0
2026-04-23T14:47:31.145294,100.0,58.36000061035156,400.0
2026-04-23T14:47:33.350848,100.0,58.410587310791016,400.0
2026-04-23T14:47:35.561027,100.0,58.36000061035156,400.0
2026-04-23T14:47:37.768900,100.0,58.36000061035156,400.0
2026-04-23T14:47:39.970619,100.0,58.36000061035156,400.0
2026-04-23T14:47:42.175558,100.0,58.30941390991211,400.0
2026-04-23T14:47:44.379590,100.0,58.36000061035156,400.0
2026-04-23T14:47:46.581950,100.0,58.36000061035156,400.0
2026-04-23T14:47:48.786518,100.0,58.36000061035156,400.0
2026-04-23T14:47:50.993025,100.0,58.410587310791016,400.0
2026-04-23T14:47:53.198656,100.0,58.51176071166992,400.0
2026-04-23T14:47:55.403515,100.0,58.36000061035156,400.0
2026-04-23T14:47:57.608547,100.0,58.410587310791016,400.0
2026-04-23T14:47:59.817148,100.0,58.36000061035156,400.0
2026-04-23T14:48:02.019282,100.0,58.36000061035156,400.0
2026-04-23T14:48:04.223041,100.0,58.56234359741211,400.0
2026-04-23T14:48:06.431921,100.0,58.46117401123047,400.0
2026-04-23T14:48:08.635309,100.0,58.36000061035156,400.0
2026-04-23T14:48:10.838711,100.0,58.410587310791016,400.0
2026-04-23T14:48:13.042901,100.0,58.30941390991211,400.0
2026-04-23T14:48:15.247980,100.0,58.258827209472656,400.0
2026-04-23T14:48:17.452263,100.0,58.36000061035156,400.0
2026-04-23T14:48:19.659166,100.0,58.46117401123047,400.0
2026-04-23T14:48:21.863026,100.0,58.410587310791016,400.0
2026-04-23T14:48:24.067810,100.0,58.36000061035156,400.0
2026-04-23T14:48:26.272939,100.0,58.36000061035156,400.0
2026-04-23T14:48:28.478856,100.0,58.36000061035156,400.0
2026-04-23T14:48:30.682702,100.0,58.30941390991211,400.0
2026-04-23T14:48:32.885567,100.0,58.46117401123047,400.0
2026-04-23T14:48:35.088710,100.0,58.410587310791016,400.0
2026-04-23T14:48:37.294632,100.0,58.30941390991211,400.0
2026-04-23T14:48:39.498387,100.0,58.36000061035156,400.0
2026-04-23T14:48:41.703354,100.0,58.46117401123047,400.0
2026-04-23T14:48:43.905954,100.0,58.46117401123047,400.0
2026-04-23T14:48:46.109043,100.0,58.30941390991211,400.0
2026-04-23T14:48:48.312873,100.0,58.30941390991211,400.0
2026-04-23T14:48:50.517027,100.0,58.410587310791016,400.0
2026-04-23T14:48:52.720204,100.0,58.36000061035156,400.0
2026-04-23T14:48:54.923259,100.0,58.36000061035156,400.0
2026-04-23T14:48:57.126627,100.0,58.410587310791016,400.0
2026-04-23T14:48:59.330955,100.0,58.61293029785156,400.0
2026-04-23T14:49:01.534194,100.0,58.410587310791016,400.0
2026-04-23T14:49:03.740453,100.0,58.51176071166992,400.0
2026-04-23T14:49:05.942942,100.0,58.46117401123047,400.0
2026-04-23T14:49:08.146250,100.0,58.36000061035156,400.0
2026-04-23T14:49:10.351839,100.0,58.46117401123047,400.0
2026-04-23T14:49:12.555760,100.0,58.410587310791016,400.0
2026-04-23T14:49:14.767359,100.0,58.51176071166992,400.0
2026-04-23T14:49:16.969643,100.0,58.61293029785156,400.0
2026-04-23T14:49:19.174805,100.0,58.410587310791016,400.0
2026-04-23T14:49:21.378855,100.0,58.410587310791016,400.0
2026-04-23T14:49:23.584120,100.0,58.46117401123047,400.0
2026-04-23T14:49:25.788046,100.0,58.46117401123047,400.0
2026-04-23T14:49:27.992496,100.0,58.51176071166992,400.0
2026-04-23T14:49:30.198172,100.0,58.56234359741211,400.0
2026-04-23T14:49:32.402799,100.0,58.46117401123047,400.0
2026-04-23T14:49:34.605722,100.0,58.410587310791016,400.0
2026-04-23T14:49:36.809011,100.0,58.46117401123047,400.0
2026-04-23T14:49:39.013953,100.0,58.36000061035156,400.0
2026-04-23T14:49:41.216228,100.0,58.56234359741211,400.0
2026-04-23T14:49:43.420615,100.0,58.410587310791016,400.0
2026-04-23T14:49:45.625028,100.0,58.30941390991211,400.0
2026-04-23T14:49:47.828249,100.0,58.46117401123047,400.0
2026-04-23T14:49:50.031076,100.0,58.51176071166992,400.0
2026-04-23T14:49:52.233494,100.0,58.410587310791016,400.0
2026-04-23T14:49:54.439730,100.0,58.410587310791016,400.0
2026-04-23T14:49:56.643874,100.0,58.410587310791016,400.0
2026-04-23T14:49:58.855872,100.0,58.51176071166992,400.0
2026-04-23T14:50:01.058788,100.0,58.51176071166992,400.0
2026-04-23T14:50:03.261033,100.0,58.46117401123047,400.0
2026-04-23T14:50:05.463811,100.0,58.61293029785156,400.0
2026-04-23T14:50:07.667200,100.0,58.51176071166992,400.0
2026-04-23T14:50:09.873802,100.0,58.51176071166992,400.0
2026-04-23T14:50:12.076219,100.0,58.46117401123047,400.0
2026-04-23T14:50:14.280449,100.0,58.51176071166992,400.0
2026-04-23T14:50:16.487354,100.0,58.51176071166992,400.0
2026-04-23T14:50:18.692008,100.0,58.46117401123047,400.0
2026-04-23T14:50:20.896070,100.0,58.51176071166992,400.0
2026-04-23T14:50:23.099693,100.0,58.61293029785156,400.0
2026-04-23T14:50:25.304126,100.0,58.51176071166992,400.0
2026-04-23T14:50:27.507372,100.0,58.61293029785156,400.0
2026-04-23T14:50:29.711054,100.0,58.56234359741211,400.0
2026-04-23T14:50:31.915217,100.0,58.663516998291016,400.0
2026-04-23T14:50:34.118811,100.0,58.71410369873047,400.0
2026-04-23T14:50:36.322326,100.0,58.46117401123047,400.0
2026-04-23T14:50:38.525921,100.0,58.410587310791016,400.0
2026-04-23T14:50:40.728670,100.0,58.51176071166992,400.0
2026-04-23T14:50:42.932374,100.0,58.46117401123047,400.0
2026-04-23T14:50:45.135964,100.0,58.56234359741211,400.0
2026-04-23T14:50:47.342616,100.0,58.410587310791016,400.0
2026-04-23T14:50:49.544942,100.0,58.410587310791016,400.0
2026-04-23T14:50:51.748287,100.0,58.36000061035156,400.0
2026-04-23T14:50:53.954616,100.0,58.61293029785156,400.0
2026-04-23T14:50:56.158393,100.0,58.46117401123047,400.0
2026-04-23T14:50:58.363105,100.0,58.663516998291016,400.0
2026-04-23T14:51:00.566678,100.0,58.410587310791016,400.0
2026-04-23T14:51:02.768679,100.0,58.51176071166992,400.0
2026-04-23T14:51:04.975999,100.0,58.30941390991211,400.0
2026-04-23T14:51:07.181125,100.0,58.46117401123047,400.0
2026-04-23T14:51:09.389038,100.0,58.410587310791016,400.0
2026-04-23T14:51:11.592659,100.0,58.46117401123047,400.0
2026-04-23T14:51:13.797035,100.0,58.36000061035156,400.0
2026-04-23T14:51:16.000106,100.0,58.61293029785156,400.0
2026-04-23T14:51:18.204564,100.0,58.56234359741211,400.0
2026-04-23T14:51:20.410260,100.0,58.51176071166992,400.0
2026-04-23T14:51:22.614733,100.0,58.56234359741211,400.0
2026-04-23T14:51:24.819006,100.0,58.51176071166992,400.0
2026-04-23T14:51:27.024856,100.0,58.51176071166992,400.0
2026-04-23T14:51:29.227584,100.0,58.46117401123047,400.0
2026-04-23T14:51:31.433541,100.0,58.46117401123047,400.0
2026-04-23T14:51:33.638723,100.0,58.51176071166992,400.0
2026-04-23T14:51:35.842110,100.0,58.51176071166992,400.0
2026-04-23T14:51:38.046500,100.0,58.46117401123047,400.0
2026-04-23T14:51:40.251300,100.0,58.51176071166992,400.0
2026-04-23T14:51:42.454542,100.0,58.36000061035156,400.0
2026-04-23T14:51:44.658988,100.0,58.46117401123047,400.0
2026-04-23T14:51:46.862978,100.0,58.51176071166992,400.0
2026-04-23T14:51:49.067101,100.0,58.36000061035156,400.0
2026-04-23T14:51:51.271566,100.0,58.46117401123047,400.0
2026-04-23T14:51:53.474558,100.0,58.56234359741211,400.0
2026-04-23T14:51:55.678263,100.0,58.51176071166992,400.0
2026-04-23T14:51:57.881910,100.0,58.46117401123047,400.0
2026-04-23T14:52:00.086198,100.0,58.51176071166992,400.0
2026-04-23T14:52:02.290141,100.0,58.61293029785156,400.0
2026-04-23T14:52:04.492428,100.0,58.61293029785156,400.0
2026-04-23T14:52:06.697581,100.0,58.410587310791016,400.0
2026-04-23T14:52:08.902838,100.0,58.46117401123047,400.0
2026-04-23T14:52:11.106858,100.0,58.51176071166992,400.0
2026-04-23T14:52:13.312327,100.0,58.51176071166992,400.0
2026-04-23T14:52:15.516137,100.0,58.46117401123047,400.0
2026-04-23T14:52:17.720388,100.0,58.46117401123047,400.0
2026-04-23T14:52:19.924458,100.0,58.46117401123047,400.0
2026-04-23T14:52:22.129899,100.0,58.56234359741211,400.0
2026-04-23T14:52:24.332632,100.0,58.51176071166992,400.0
2026-04-23T14:52:26.536619,100.0,58.51176071166992,400.0
2026-04-23T14:52:28.739359,100.0,58.46117401123047,400.0
2026-04-23T14:52:30.944527,100.0,58.46117401123047,400.0
2026-04-23T14:52:33.148441,100.0,58.46117401123047,400.0
2026-04-23T14:52:35.351874,100.0,58.56234359741211,400.0
2026-04-23T14:52:37.554356,100.0,58.56234359741211,400.0
2026-04-23T14:52:39.758464,100.0,58.51176071166992,400.0
2026-04-23T14:52:41.962101,100.0,58.46117401123047,400.0
2026-04-23T14:52:44.168551,100.0,58.46117401123047,400.0
2026-04-23T14:52:46.373322,100.0,58.56234359741211,400.0
2026-04-23T14:52:48.576315,100.0,58.51176071166992,400.0
2026-04-23T14:52:50.778900,100.0,58.46117401123047,400.0
2026-04-23T14:52:52.985201,100.0,58.46117401123047,400.0
2026-04-23T14:52:55.195340,100.0,58.51176071166992,400.0
2026-04-23T14:52:57.400063,100.0,58.56234359741211,400.0
2026-04-23T14:52:59.611179,100.0,58.36000061035156,400.0
2026-04-23T14:53:01.818685,100.0,58.410587310791016,400.0
2026-04-23T14:53:04.022668,100.0,58.46117401123047,400.0
2026-04-23T14:53:06.226979,100.0,58.46117401123047,400.0
2026-04-23T14:53:08.430967,100.0,58.410587310791016,400.0
2026-04-23T14:53:10.637316,100.0,58.51176071166992,400.0
2026-04-23T14:53:12.843217,100.0,58.46117401123047,400.0
2026-04-23T14:53:15.048563,100.0,58.46117401123047,400.0
2026-04-23T14:53:17.253079,100.0,58.56234359741211,400.0
2026-04-23T14:53:19.455591,100.0,58.36000061035156,400.0
2026-04-23T14:53:21.662027,100.0,58.410587310791016,400.0
2026-04-23T14:53:23.864264,100.0,58.410587310791016,400.0
2026-04-23T14:53:26.072404,100.0,58.51176071166992,400.0
2026-04-23T14:53:28.276086,100.0,58.410587310791016,400.0
2026-04-23T14:53:30.479958,100.0,58.51176071166992,400.0
2026-04-23T14:53:32.683800,100.0,58.663516998291016,400.0
2026-04-23T14:53:34.888628,100.0,58.61293029785156,400.0
2026-04-23T14:53:37.096620,100.0,58.36000061035156,400.0
2026-04-23T14:53:39.300494,100.0,58.56234359741211,400.0
2026-04-23T14:53:41.505377,100.0,58.61293029785156,400.0
2026-04-23T14:53:43.713040,100.0,58.61293029785156,400.0
2026-04-23T14:53:45.920488,100.0,58.76469039916992,400.0
2026-04-23T14:53:48.126590,100.0,58.46117401123047,400.0
2026-04-23T14:53:50.330028,100.0,58.410587310791016,400.0
2026-04-23T14:53:52.532059,100.0,58.51176071166992,400.0
2026-04-23T14:53:54.735145,100.0,58.51176071166992,400.0
2026-04-23T14:53:56.938240,100.0,58.46117401123047,400.0
2026-04-23T14:53:59.142021,100.0,58.56234359741211,400.0
2026-04-23T14:54:01.349706,100.1,58.663516998291016,400.0
2026-04-23T14:54:03.557862,100.0,58.51176071166992,400.0
2026-04-23T14:54:05.764091,100.0,58.61293029785156,400.0
2026-04-23T14:54:07.967577,100.0,58.410587310791016,400.0
2026-04-23T14:54:10.171221,100.0,58.46117401123047,400.0
2026-04-23T14:54:12.375861,100.0,58.56234359741211,400.0
2026-04-23T14:54:14.580643,100.0,58.51176071166992,400.0
2026-04-23T14:54:16.790085,100.0,58.61293029785156,400.0
2026-04-23T14:54:18.996160,100.0,58.51176071166992,400.0
2026-04-23T14:54:21.199032,100.0,58.51176071166992,400.0
2026-04-23T14:54:23.401803,100.0,58.51176071166992,400.0
2026-04-23T14:54:25.606978,100.0,58.61293029785156,400.0
2026-04-23T14:54:27.810652,100.0,58.56234359741211,400.0
2026-04-23T14:54:30.014074,100.0,58.56234359741211,400.0
2026-04-23T14:54:32.217239,100.0,58.56234359741211,400.0
2026-04-23T14:54:34.422190,100.0,58.61293029785156,400.0
2026-04-23T14:54:36.629318,100.0,58.61293029785156,400.0
2026-04-23T14:54:38.834507,100.0,58.56234359741211,400.0
2026-04-23T14:54:41.036053,100.0,58.61293029785156,400.0
2026-04-23T14:54:43.243365,100.0,58.663516998291016,400.0
2026-04-23T14:54:45.448936,100.0,58.56234359741211,400.0
2026-04-23T14:54:47.656007,100.0,58.51176071166992,400.0
2026-04-23T14:54:49.864598,100.0,58.51176071166992,400.0
2026-04-23T14:54:52.068406,100.0,58.51176071166992,400.0
2026-04-23T14:54:54.273029,100.0,58.51176071166992,400.0
2026-04-23T14:54:56.475597,100.0,58.51176071166992,400.0
2026-04-23T14:54:58.680773,100.0,58.51176071166992,400.0
2026-04-23T14:55:00.885865,100.0,58.51176071166992,400.0
2026-04-23T14:55:03.088014,100.0,58.56234359741211,400.0
2026-04-23T14:55:05.294024,100.0,58.51176071166992,400.0
2026-04-23T14:55:07.499594,100.0,58.61293029785156,400.0
2026-04-23T14:55:09.702843,100.0,58.76469039916992,400.0
2026-04-23T14:55:11.907549,100.0,58.61293029785156,400.0
2026-04-23T14:55:14.111893,100.0,58.46117401123047,400.0
2026-04-23T14:55:16.317554,100.0,58.61293029785156,400.0
2026-04-23T14:55:18.522679,100.0,58.46117401123047,400.0
2026-04-23T14:55:20.725236,100.0,58.56234359741211,400.0
2026-04-23T14:55:22.937210,100.0,58.51176071166992,400.0
2026-04-23T14:55:25.140710,100.0,58.51176071166992,400.0
2026-04-23T14:55:27.343526,100.0,58.663516998291016,400.0
2026-04-23T14:55:29.553174,100.0,58.61293029785156,400.0
2026-04-23T14:55:31.759275,100.0,58.61293029785156,400.0
2026-04-23T14:55:33.963995,100.0,58.61293029785156,400.0
2026-04-23T14:55:36.167072,100.0,58.51176071166992,400.0
2026-04-23T14:55:38.371046,100.0,58.61293029785156,400.0
2026-04-23T14:55:40.577200,100.0,58.61293029785156,400.0
2026-04-23T14:55:42.780253,100.0,58.36000061035156,400.0
2026-04-23T14:55:44.984208,100.0,58.51176071166992,400.0
2026-04-23T14:55:47.186855,100.0,58.76469039916992,400.0
2026-04-23T14:55:49.391611,100.0,58.61293029785156,400.0
2026-04-23T14:55:51.595270,100.0,58.663516998291016,400.0
2026-04-23T14:55:53.800708,100.0,58.56234359741211,400.0
2026-04-23T14:55:56.003527,100.0,58.71410369873047,400.0
2026-04-23T14:55:58.208620,100.0,58.663516998291016,400.0
2026-04-23T14:56:00.414369,100.0,58.46117401123047,400.0
2026-04-23T14:56:02.619731,100.0,58.71410369873047,400.0
2026-04-23T14:56:04.824382,100.0,58.61293029785156,400.0
2026-04-23T14:56:07.027086,100.0,58.71410369873047,400.0
2026-04-23T14:56:09.232854,100.0,58.663516998291016,400.0
2026-04-23T14:56:11.435351,100.0,58.71410369873047,400.0
2026-04-23T14:56:13.641329,100.0,58.663516998291016,400.0
2026-04-23T14:56:15.848357,100.0,58.56234359741211,400.0
2026-04-23T14:56:18.050632,100.0,58.56234359741211,400.0
2026-04-23T14:56:20.253948,100.0,58.46117401123047,400.0
2026-04-23T14:56:22.459611,100.0,58.56234359741211,400.0
2026-04-23T14:56:24.663955,100.0,58.51176071166992,400.0
2026-04-23T14:56:26.866528,100.0,58.663516998291016,400.0
2026-04-23T14:56:29.071268,100.0,58.61293029785156,400.0
2026-04-23T14:56:31.277930,100.0,58.61293029785156,400.0
2026-04-23T14:56:33.480154,100.0,58.36000061035156,400.0
2026-04-23T14:56:35.683112,100.0,58.36000061035156,400.0
2026-04-23T14:56:37.886065,100.0,58.2082405090332,400.0
2026-04-23T14:56:40.090790,100.0,58.10707092285156,400.0
2026-04-23T14:56:42.296284,100.0,58.005897521972656,400.0
2026-04-23T14:56:44.501473,100.0,57.803550720214844,400.0
2026-04-23T14:56:46.706036,100.0,57.752967834472656,400.0
2026-04-23T14:56:48.911637,100.0,57.6012077331543,400.0
2026-04-23T14:56:51.113811,100.0,57.398860931396484,400.0
2026-04-23T14:56:53.317392,100.0,57.24710464477539,400.0
2026-04-23T14:56:55.526995,100.0,57.24710464477539,400.0
2026-04-23T14:56:57.729432,100.0,57.145931243896484,400.0
2026-04-23T14:56:59.933042,100.0,57.04475784301758,400.0
2026-04-23T14:57:02.141494,100.0,56.84241485595703,400.0
2026-04-23T14:57:04.345444,100.0,56.94358825683594,400.0
2026-04-23T14:57:06.550433,100.0,56.79182815551758,400.0
2026-04-23T14:57:08.754271,100.0,56.741241455078125,400.0
2026-04-23T14:57:10.960068,100.0,56.589481353759766,400.0
2026-04-23T14:57:13.165265,100.0,56.589481353759766,400.0
2026-04-23T14:57:15.371945,100.0,56.53889846801758,400.0
2026-04-23T14:57:17.584600,100.0,56.43772506713867,400.0
2026-04-23T14:57:19.789090,100.0,56.23537826538086,400.0
2026-04-23T14:57:21.994259,100.0,56.23537826538086,400.0
2026-04-23T14:57:24.197917,100.0,56.083621978759766,400.0
2026-04-23T14:57:26.400425,100.0,55.931861877441406,400.0
2026-04-23T14:57:28.604691,100.0,55.88127517700195,400.0
2026-04-23T14:57:30.819020,100.0,55.8306884765625,400.0
2026-04-23T14:57:33.028000,100.0,55.78010559082031,400.0
2026-04-23T14:57:35.236538,100.0,55.72951889038086,400.0
2026-04-23T14:57:37.440256,100.0,55.62834548950195,400.0
2026-04-23T14:57:39.644300,100.0,55.678932189941406,400.0
2026-04-23T14:57:41.847309,100.0,55.52717208862305,400.0
2026-04-23T14:57:44.050593,100.0,55.37541580200195,400.0
2026-04-23T14:57:46.255881,100.0,55.476585388183594,400.0
2026-04-23T14:57:48.463423,100.0,55.42599868774414,400.0
2026-04-23T14:57:50.667866,100.0,55.27424240112305,400.0
2026-04-23T14:57:52.871246,100.0,55.37541580200195,400.0
2026-04-23T14:57:55.076188,100.0,55.27424240112305,400.0
2026-04-23T14:57:57.282316,100.0,55.17306900024414,400.0
2026-04-23T14:57:59.486163,100.0,55.12248229980469,400.0
2026-04-23T14:58:01.688502,100.0,55.071895599365234,400.0
2026-04-23T14:58:03.891426,100.0,55.02130889892578,400.0
2026-04-23T14:58:06.096455,100.0,54.86955261230469,400.0
2026-04-23T14:58:08.300597,100.0,54.86955261230469,400.0
2026-04-23T14:58:10.505053,100.0,54.92013931274414,400.0
2026-04-23T14:58:12.718113,100.0,54.92013931274414,400.0
2026-04-23T14:58:14.919783,100.0,54.76837921142578,400.0
2026-04-23T14:58:17.125725,100.0,54.818965911865234,400.0
2026-04-23T14:58:19.332829,100.0,54.76837921142578,400.0
2026-04-23T14:58:21.538073,100.0,54.76837921142578,400.0
2026-04-23T14:58:23.743099,100.0,54.818965911865234,400.0
2026-04-23T14:58:25.946949,100.0,54.76837921142578,400.0
2026-04-23T14:58:28.150875,100.0,54.76837921142578,400.0
2026-04-23T14:58:30.353335,100.0,54.76837921142578,400.0
2026-04-23T14:58:32.558336,100.0,54.76837921142578,400.0
2026-04-23T14:58:34.764501,100.0,54.818965911865234,400.0
2026-04-23T14:58:36.967627,100.0,54.76837921142578,400.0
2026-04-23T14:58:39.171438,100.0,54.76837921142578,400.0
2026-04-23T14:58:41.375937,100.0,54.76837921142578,400.0
2026-04-23T14:58:43.578497,100.0,54.71779251098633,400.0
2026-04-23T14:58:45.783358,100.0,54.667205810546875,400.0
2026-04-23T14:58:47.986771,100.0,54.566036224365234,400.0
2026-04-23T14:58:50.190490,100.0,54.71779251098633,400.0
2026-04-23T14:58:52.396711,100.0,54.566036224365234,400.0
2026-04-23T14:58:54.600821,100.0,54.51544952392578,400.0
2026-04-23T14:58:56.804304,100.0,54.51544952392578,400.0
2026-04-23T14:58:59.009489,100.0,54.414276123046875,400.0
2026-04-23T14:59:01.214034,100.0,54.46486282348633,400.0
2026-04-23T14:59:03.417061,100.0,54.414276123046875,400.0
2026-04-23T14:59:05.620159,100.0,54.36368942260742,400.0
2026-04-23T14:59:07.825103,100.0,54.36368942260742,400.0
2026-04-23T14:59:10.030377,100.0,54.262516021728516,400.0
2026-04-23T14:59:12.234070,100.0,54.21192932128906,400.0
2026-04-23T14:59:14.436421,100.0,54.161346435546875,400.0
2026-04-23T14:59:16.641403,100.0,54.262516021728516,400.0
2026-04-23T14:59:18.845445,100.0,54.21192932128906,400.0
2026-04-23T14:59:21.051184,100.0,54.161346435546875,400.0
2026-04-23T14:59:23.256246,100.0,54.11075973510742,400.0
2026-04-23T14:59:25.460682,100.0,54.161346435546875,400.0
2026-04-23T14:59:27.662927,100.0,54.009586334228516,400.0
2026-04-23T14:59:29.867088,100.0,54.06017303466797,400.0
2026-04-23T14:59:32.071167,100.0,54.009586334228516,400.0
2026-04-23T14:59:34.275235,100.0,54.11075973510742,400.0
2026-04-23T14:59:36.483662,100.0,54.06017303466797,400.0
2026-04-23T14:59:38.688751,100.0,53.95899963378906,400.0
2026-04-23T14:59:40.894824,100.0,54.009586334228516,400.0
2026-04-23T14:59:43.099121,100.0,54.06017303466797,400.0
2026-04-23T14:59:45.302777,100.0,54.009586334228516,400.0
2026-04-23T14:59:47.506308,100.0,54.06017303466797,400.0
2026-04-23T14:59:49.712288,100.0,53.95899963378906,400.0
2026-04-23T14:59:51.917140,100.0,53.95899963378906,400.0
2026-04-23T14:59:54.120086,100.0,53.90841293334961,400.0
2026-04-23T14:59:56.323733,100.0,54.009586334228516,400.0
2026-04-23T14:59:58.527145,100.0,53.90841293334961,400.0
2026-04-23T15:00:00.734117,100.0,53.857826232910156,400.0
2026-04-23T15:00:02.937666,100.0,53.90841293334961,400.0
2026-04-23T15:00:05.140789,100.0,53.857826232910156,400.0
2026-04-23T15:00:07.347826,100.0,53.70606994628906,400.0
2026-04-23T15:00:09.551266,100.0,53.70606994628906,400.0
2026-04-23T15:00:11.753561,100.0,53.70606994628906,400.0
2026-04-23T15:00:13.958868,100.0,53.8072395324707,400.0
2026-04-23T15:00:16.163046,100.0,53.8072395324707,400.0
2026-04-23T15:00:18.365586,100.0,53.90841293334961,400.0
2026-04-23T15:00:20.577148,100.0,53.857826232910156,400.0
2026-04-23T15:00:22.780423,100.0,54.009586334228516,400.0
2026-04-23T15:00:24.983022,100.0,54.11075973510742,400.0
2026-04-23T15:00:27.186710,100.0,54.21192932128906,400.0
2026-04-23T15:00:29.394857,100.0,54.21192932128906,400.0
2026-04-23T15:00:31.604092,100.0,54.262516021728516,400.0
2026-04-23T15:00:33.808076,100.0,54.262516021728516,400.0
2026-04-23T15:00:36.015387,100.0,54.36368942260742,400.0
2026-04-23T15:00:38.222570,100.0,54.36368942260742,400.0
2026-04-23T15:00:40.427419,100.0,54.46486282348633,400.0
2026-04-23T15:00:42.630033,100.0,54.46486282348633,400.0
2026-04-23T15:00:44.839090,100.0,54.51544952392578,400.0
2026-04-23T15:00:47.042364,100.0,54.51544952392578,400.0
2026-04-23T15:00:49.249185,100.0,54.667205810546875,400.0
2026-04-23T15:00:51.453299,100.0,54.71779251098633,400.0
2026-04-23T15:00:53.656349,100.0,54.71779251098633,400.0
2026-04-23T15:00:55.859595,100.0,54.76837921142578,400.0
2026-04-23T15:00:58.063043,100.0,54.76837921142578,400.0
2026-04-23T15:01:00.267010,100.0,54.76837921142578,400.0
2026-04-23T15:01:02.471689,100.0,54.818965911865234,400.0
2026-04-23T15:01:04.674349,100.0,55.02130889892578,400.0
2026-04-23T15:01:06.880866,100.0,55.02130889892578,400.0
2026-04-23T15:01:09.087181,100.0,55.02130889892578,400.0
2026-04-23T15:01:11.292719,100.0,55.071895599365234,400.0
2026-04-23T15:01:13.497144,100.0,54.970726013183594,400.0
2026-04-23T15:01:15.699324,100.0,55.17306900024414,400.0
2026-04-23T15:01:17.902913,100.0,55.12248229980469,400.0
2026-04-23T15:01:20.108482,100.0,55.223655700683594,400.0
2026-04-23T15:01:22.317073,100.0,55.27424240112305,400.0
2026-04-23T15:01:24.522479,100.0,55.42599868774414,400.0
2026-04-23T15:01:26.725485,100.0,55.3248291015625,400.0
2026-04-23T15:01:28.929758,100.0,55.476585388183594,400.0
2026-04-23T15:01:31.131516,100.0,55.52717208862305,400.0
2026-04-23T15:01:33.336073,100.0,55.678932189941406,400.0
2026-04-23T15:01:35.542370,100.0,55.678932189941406,400.0
2026-04-23T15:01:37.752272,100.0,55.62834548950195,400.0
2026-04-23T15:01:39.956648,100.0,55.78010559082031,400.0
2026-04-23T15:01:42.161096,100.0,55.8306884765625,400.0
2026-04-23T15:01:44.364000,100.0,55.931861877441406,400.0
2026-04-23T15:01:46.568066,100.0,56.03303527832031,400.0
2026-04-23T15:01:48.771410,100.0,56.083621978759766,400.0
2026-04-23T15:01:50.975368,100.0,56.03303527832031,400.0
2026-04-23T15:01:53.178942,100.0,56.184791564941406,400.0
2026-04-23T15:01:55.380934,100.0,56.03303527832031,400.0
2026-04-23T15:01:57.585253,100.0,56.083621978759766,400.0
2026-04-23T15:01:59.788993,100.0,56.184791564941406,400.0
2026-04-23T15:02:01.992469,100.0,56.23537826538086,400.0
2026-04-23T15:02:04.196789,100.0,56.184791564941406,400.0
2026-04-23T15:02:06.403028,100.0,56.23537826538086,400.0
2026-04-23T15:02:08.606663,100.0,56.28596496582031,400.0
2026-04-23T15:02:10.811107,100.0,56.184791564941406,400.0
2026-04-23T15:02:13.015585,100.0,56.184791564941406,400.0
2026-04-23T15:02:15.217895,100.0,56.28596496582031,400.0
2026-04-23T15:02:17.426018,100.0,56.38713836669922,400.0
2026-04-23T15:02:19.630832,100.0,56.38713836669922,400.0
2026-04-23T15:02:21.832956,100.0,56.38713836669922,400.0
2026-04-23T15:02:24.036343,100.0,56.336551666259766,400.0
2026-04-23T15:02:26.241356,100.0,56.28596496582031,400.0
2026-04-23T15:02:28.448162,100.0,56.38713836669922,400.0
2026-04-23T15:02:30.651161,100.0,56.336551666259766,400.0
2026-04-23T15:02:32.855224,100.0,56.38713836669922,400.0
2026-04-23T15:02:35.060454,100.0,56.38713836669922,400.0
2026-04-23T15:02:37.263477,100.0,56.28596496582031,400.0
2026-04-23T15:02:39.466464,100.0,56.184791564941406,400.0
2026-04-23T15:02:41.668515,100.0,56.184791564941406,400.0
2026-04-23T15:02:43.872404,100.0,56.13420867919922,400.0
2026-04-23T15:02:46.076210,100.0,56.13420867919922,400.0
2026-04-23T15:02:48.280387,100.0,56.083621978759766,400.0
2026-04-23T15:02:50.484467,100.0,55.98244857788086,400.0
2026-04-23T15:02:52.689587,100.0,55.88127517700195,400.0
2026-04-23T15:02:54.894030,100.0,55.88127517700195,400.0
2026-04-23T15:02:57.096494,100.0,55.8306884765625,400.0
2026-04-23T15:02:59.300761,100.0,55.72951889038086,400.0
2026-04-23T15:03:01.507704,100.0,55.72951889038086,400.0
2026-04-23T15:03:03.716135,100.0,55.72951889038086,400.0
2026-04-23T15:03:05.920249,100.0,55.678932189941406,400.0
2026-04-23T15:03:08.124428,100.0,55.678932189941406,400.0
2026-04-23T15:03:10.327665,100.0,55.678932189941406,400.0
2026-04-23T15:03:12.530153,100.0,55.62834548950195,400.0
2026-04-23T15:03:14.732588,100.0,55.5777587890625,400.0
2026-04-23T15:03:16.935592,100.0,55.476585388183594,400.0
2026-04-23T15:03:19.140031,100.0,55.52717208862305,400.0
2026-04-23T15:03:21.343198,100.0,55.476585388183594,400.0
2026-04-23T15:03:23.546976,100.0,55.476585388183594,400.0
2026-04-23T15:03:25.750310,100.0,55.476585388183594,400.0
2026-04-23T15:03:27.954275,100.0,55.42599868774414,400.0
2026-04-23T15:03:30.158160,100.0,55.27424240112305,400.0
2026-04-23T15:03:32.362808,100.0,55.223655700683594,400.0
2026-04-23T15:03:34.566258,100.0,55.27424240112305,400.0
2026-04-23T15:03:36.771236,100.0,55.12248229980469,400.0
2026-04-23T15:03:38.974804,100.0,55.17306900024414,400.0
2026-04-23T15:03:41.177382,100.0,55.17306900024414,400.0
2026-04-23T15:03:43.382981,100.0,55.12248229980469,400.0
2026-04-23T15:03:45.587230,100.0,55.12248229980469,400.0
2026-04-23T15:03:47.793797,100.0,55.071895599365234,400.0
2026-04-23T15:03:49.996995,100.0,55.12248229980469,400.0
2026-04-23T15:03:52.203493,100.0,54.970726013183594,400.0
2026-04-23T15:03:54.407965,100.0,54.970726013183594,400.0
2026-04-23T15:03:56.611641,100.0,54.970726013183594,400.0
2026-04-23T15:03:58.815591,100.0,54.970726013183594,400.0
2026-04-23T15:04:01.018654,100.0,54.92013931274414,400.0
2026-04-23T15:04:03.224827,100.0,54.86955261230469,400.0
2026-04-23T15:04:05.431600,100.0,54.76837921142578,400.0
2026-04-23T15:04:07.635600,100.0,54.86955261230469,400.0
2026-04-23T15:04:09.842933,100.0,54.92013931274414,400.0
2026-04-23T15:04:12.046501,100.0,54.86955261230469,400.0
2026-04-23T15:04:14.250515,100.0,54.970726013183594,400.0
2026-04-23T15:04:16.454987,100.0,55.12248229980469,400.0
2026-04-23T15:04:18.663462,100.0,55.27424240112305,400.0
2026-04-23T15:04:20.867573,100.0,55.3248291015625,400.0
2026-04-23T15:04:23.071953,100.0,55.3248291015625,400.0
2026-04-23T15:04:25.274540,100.0,55.476585388183594,400.0
2026-04-23T15:04:27.479377,100.0,55.476585388183594,400.0
2026-04-23T15:04:29.681864,100.0,55.52717208862305,400.0
2026-04-23T15:04:31.884096,100.0,55.37541580200195,400.0
2026-04-23T15:04:34.087000,100.0,55.52717208862305,400.0
2026-04-23T15:04:36.291223,100.0,55.52717208862305,400.0
2026-04-23T15:04:38.495111,100.0,55.5777587890625,400.0
2026-04-23T15:04:40.697320,100.0,55.62834548950195,400.0
2026-04-23T15:04:42.900560,100.0,55.678932189941406,400.0
2026-04-23T15:04:45.111174,100.0,55.78010559082031,400.0
2026-04-23T15:04:47.314462,100.0,55.678932189941406,400.0
2026-04-23T15:04:49.516989,100.0,55.78010559082031,400.0
2026-04-23T15:04:51.719483,100.0,55.78010559082031,400.0
2026-04-23T15:04:53.923915,100.0,55.8306884765625,400.0
2026-04-23T15:04:56.137415,100.0,55.8306884765625,400.0
2026-04-23T15:04:58.343555,100.0,55.78010559082031,400.0
2026-04-23T15:05:00.547876,100.0,55.88127517700195,400.0
2026-04-23T15:05:02.751519,100.0,55.88127517700195,400.0
2026-04-23T15:05:04.953632,100.0,55.88127517700195,400.0
2026-04-23T15:05:07.157023,100.0,55.88127517700195,400.0
2026-04-23T15:05:09.363490,100.0,55.931861877441406,400.0
2026-04-23T15:05:11.569309,100.0,55.8306884765625,400.0
2026-04-23T15:05:13.776797,100.0,55.8306884765625,400.0
2026-04-23T15:05:15.981340,100.0,55.88127517700195,400.0
2026-04-23T15:05:18.184179,100.0,55.8306884765625,400.0
2026-04-23T15:05:20.385987,100.0,55.88127517700195,400.0
2026-04-23T15:05:22.590752,100.0,56.083621978759766,400.0
2026-04-23T15:05:24.797181,100.0,55.931861877441406,400.0
2026-04-23T15:05:26.999826,100.0,55.88127517700195,400.0
2026-04-23T15:05:29.203042,100.0,55.931861877441406,400.0
2026-04-23T15:05:31.407305,100.0,55.78010559082031,400.0
2026-04-23T15:05:33.611744,100.0,55.678932189941406,400.0
2026-04-23T15:05:35.816747,100.0,55.8306884765625,400.0
2026-04-23T15:05:38.021129,100.0,55.78010559082031,400.0
2026-04-23T15:05:40.224351,100.0,55.8306884765625,400.0
2026-04-23T15:05:42.428609,100.0,55.78010559082031,400.0
2026-04-23T15:05:44.636338,100.0,55.678932189941406,400.0
2026-04-23T15:05:46.840702,100.0,55.678932189941406,400.0
2026-04-23T15:05:49.044324,100.0,55.678932189941406,400.0
2026-04-23T15:05:51.247710,100.0,55.62834548950195,400.0
2026-04-23T15:05:53.451905,100.0,55.62834548950195,400.0
2026-04-23T15:05:55.655265,100.0,55.476585388183594,400.0
2026-04-23T15:05:57.860241,100.0,55.476585388183594,400.0
2026-04-23T15:06:00.064787,100.0,55.42599868774414,400.0
2026-04-23T15:06:02.270483,100.0,55.37541580200195,400.0
2026-04-23T15:06:04.473513,100.0,55.42599868774414,400.0
2026-04-23T15:06:06.680467,100.0,55.223655700683594,400.0
2026-04-23T15:06:08.884248,100.0,55.37541580200195,400.0
2026-04-23T15:06:11.088243,100.0,55.27424240112305,400.0
2026-04-23T15:06:13.302356,100.0,55.17306900024414,400.0
2026-04-23T15:06:15.506211,100.0,55.17306900024414,400.0
2026-04-23T15:06:17.710600,100.0,55.02130889892578,400.0
2026-04-23T15:06:19.913370,100.0,55.02130889892578,400.0
2026-04-23T15:06:22.116591,100.0,55.12248229980469,400.0
2026-04-23T15:06:24.321873,100.0,55.12248229980469,400.0
2026-04-23T15:06:26.527717,100.0,54.86955261230469,400.0
2026-04-23T15:06:28.738189,100.0,55.02130889892578,400.0
2026-04-23T15:06:30.941959,100.0,54.86955261230469,400.0
2026-04-23T15:06:33.146118,100.0,54.818965911865234,400.0
2026-04-23T15:06:35.350140,100.0,54.818965911865234,400.0
2026-04-23T15:06:37.554633,100.0,54.86955261230469,400.0
2026-04-23T15:06:39.759092,100.0,54.71779251098633,400.0
2026-04-23T15:06:41.963059,100.0,54.76837921142578,400.0
2026-04-23T15:06:44.168079,100.0,54.61661911010742,400.0
2026-04-23T15:06:46.371284,100.0,54.61661911010742,400.0
2026-04-23T15:06:48.575032,100.0,54.86955261230469,400.0
2026-04-23T15:06:50.778392,100.0,54.92013931274414,400.0
2026-04-23T15:06:52.981708,100.0,54.92013931274414,400.0
2026-04-23T15:06:55.185892,100.0,55.02130889892578,400.0
2026-04-23T15:06:57.388931,100.0,55.071895599365234,400.0
2026-04-23T15:06:59.595976,100.0,55.17306900024414,400.0
2026-04-23T15:07:01.799340,100.0,55.12248229980469,400.0
2026-04-23T15:07:04.001662,100.0,55.223655700683594,400.0
2026-04-23T15:07:06.205026,100.0,55.37541580200195,400.0
2026-04-23T15:07:08.410019,100.0,55.3248291015625,400.0
2026-04-23T15:07:10.614751,100.0,55.476585388183594,400.0
2026-04-23T15:07:12.816793,100.0,55.476585388183594,400.0
2026-04-23T15:07:15.023718,100.0,55.476585388183594,400.0
2026-04-23T15:07:17.227341,100.0,55.5777587890625,400.0
2026-04-23T15:07:19.429595,100.0,55.5777587890625,400.0
2026-04-23T15:07:21.635577,100.0,55.62834548950195,400.0
2026-04-23T15:07:23.851169,100.0,55.72951889038086,400.0
2026-04-23T15:07:26.055196,100.0,55.78010559082031,400.0
2026-04-23T15:07:28.260134,100.0,55.8306884765625,400.0
2026-04-23T15:07:30.464530,100.0,55.8306884765625,400.0
2026-04-23T15:07:32.667859,100.0,55.8306884765625,400.0
2026-04-23T15:07:34.870968,100.0,55.8306884765625,400.0
2026-04-23T15:07:37.074273,100.0,55.88127517700195,400.0
2026-04-23T15:07:39.283495,100.0,55.98244857788086,400.0
2026-04-23T15:07:41.490112,100.0,55.931861877441406,400.0
2026-04-23T15:07:43.693968,100.0,55.98244857788086,400.0
2026-04-23T15:07:45.898722,100.0,56.083621978759766,400.0
2026-04-23T15:07:48.102155,100.0,56.03303527832031,400.0
2026-04-23T15:07:50.306695,100.0,56.13420867919922,400.0
2026-04-23T15:07:52.512609,100.0,56.083621978759766,400.0
2026-04-23T15:07:54.715775,100.0,56.083621978759766,400.0
2026-04-23T15:07:56.922773,100.0,56.184791564941406,400.0
2026-04-23T15:07:59.129046,100.0,56.184791564941406,400.0
2026-04-23T15:08:01.331889,100.0,56.23537826538086,400.0
2026-04-23T15:08:03.535247,100.0,56.336551666259766,400.0
2026-04-23T15:08:05.739102,100.0,56.336551666259766,400.0
2026-04-23T15:08:07.943256,100.0,56.28596496582031,400.0
2026-04-23T15:08:10.148240,100.0,56.184791564941406,400.0
2026-04-23T15:08:12.352706,100.0,56.184791564941406,400.0
2026-04-23T15:08:14.557612,100.0,56.13420867919922,400.0
2026-04-23T15:08:16.764889,100.0,56.083621978759766,400.0
2026-04-23T15:08:18.966959,100.0,55.98244857788086,400.0
2026-04-23T15:08:21.174756,100.0,55.8306884765625,400.0
2026-04-23T15:08:23.379899,100.0,55.98244857788086,400.0
2026-04-23T15:08:25.583030,100.0,55.931861877441406,400.0
2026-04-23T15:08:27.787305,100.0,55.72951889038086,400.0
2026-04-23T15:08:29.989314,100.0,55.72951889038086,400.0
2026-04-23T15:08:32.192994,100.0,55.72951889038086,400.0
2026-04-23T15:08:34.395659,100.0,55.678932189941406,400.0
2026-04-23T15:08:36.600882,100.0,55.52717208862305,400.0
2026-04-23T15:08:38.807136,100.0,55.52717208862305,400.0
2026-04-23T15:08:41.010552,100.0,55.42599868774414,400.0
2026-04-23T15:08:43.218883,100.0,55.37541580200195,400.0
2026-04-23T15:08:45.423166,100.0,55.476585388183594,400.0
2026-04-23T15:08:47.627692,100.0,55.37541580200195,400.0
2026-04-23T15:08:49.832221,100.0,55.37541580200195,400.0
2026-04-23T15:08:52.039274,100.0,55.37541580200195,400.0
2026-04-23T15:08:54.242922,100.0,55.27424240112305,400.0
2026-04-23T15:08:56.447868,100.0,55.27424240112305,400.0
2026-04-23T15:08:58.652655,100.0,55.17306900024414,400.0
2026-04-23T15:09:00.856517,100.0,55.071895599365234,400.0
2026-04-23T15:09:03.060402,100.0,55.071895599365234,400.0
2026-04-23T15:09:05.265303,100.0,55.12248229980469,400.0
2026-04-23T15:09:07.479639,100.0,55.071895599365234,400.0
2026-04-23T15:09:09.684672,100.0,55.02130889892578,400.0
2026-04-23T15:09:11.889128,100.0,54.970726013183594,400.0
2026-04-23T15:09:14.093797,100.0,54.970726013183594,400.0
2026-04-23T15:09:16.299445,100.0,54.92013931274414,400.0
2026-04-23T15:09:18.503543,100.0,54.818965911865234,400.0
2026-04-23T15:09:20.707457,100.0,54.76837921142578,400.0
2026-04-23T15:09:22.913479,100.0,54.818965911865234,400.0
2026-04-23T15:09:25.115672,100.0,54.667205810546875,400.0
2026-04-23T15:09:27.318190,100.0,54.76837921142578,400.0
2026-04-23T15:09:29.522031,100.0,54.667205810546875,400.0
2026-04-23T15:09:31.729720,100.0,54.61661911010742,400.0
2026-04-23T15:09:33.934712,100.0,54.667205810546875,400.0
2026-04-23T15:09:36.139221,100.0,54.566036224365234,400.0
2026-04-23T15:09:38.344085,100.0,54.61661911010742,400.0
2026-04-23T15:09:40.548401,100.0,54.566036224365234,400.0
2026-04-23T15:09:42.751386,100.0,54.61661911010742,400.0
2026-04-23T15:09:44.959721,100.0,54.51544952392578,400.0
2026-04-23T15:09:47.164885,100.0,54.51544952392578,400.0
2026-04-23T15:09:49.368499,100.0,54.46486282348633,400.0
2026-04-23T15:09:51.573492,100.0,54.414276123046875,400.0
2026-04-23T15:09:53.783385,100.0,54.414276123046875,400.0
2026-04-23T15:09:55.987580,100.0,54.46486282348633,400.0
2026-04-23T15:09:58.193036,100.0,54.414276123046875,400.0
2026-04-23T15:10:00.397739,100.0,54.414276123046875,400.0
2026-04-23T15:10:02.602469,100.0,54.46486282348633,400.0
2026-04-23T15:10:04.808715,100.0,54.51544952392578,400.0
2026-04-23T15:10:07.012817,100.0,54.46486282348633,400.0
2026-04-23T15:10:09.215827,100.0,54.51544952392578,400.0
2026-04-23T15:10:11.418913,100.0,54.46486282348633,400.0
2026-04-23T15:10:13.624289,100.0,54.61661911010742,400.0
2026-04-23T15:10:15.829298,100.0,54.667205810546875,400.0
2026-04-23T15:10:18.032110,100.0,54.76837921142578,400.0
2026-04-23T15:10:20.236012,100.0,54.818965911865234,400.0
2026-04-23T15:10:22.440107,100.0,54.92013931274414,400.0
2026-04-23T15:10:24.646303,100.0,54.970726013183594,400.0
2026-04-23T15:10:26.848881,100.0,55.02130889892578,400.0
2026-04-23T15:10:29.052617,100.0,55.02130889892578,400.0
2026-04-23T15:10:31.257147,100.0,55.12248229980469,400.0
2026-04-23T15:10:33.459381,100.0,55.27424240112305,400.0
2026-04-23T15:10:35.663334,100.0,55.27424240112305,400.0
2026-04-23T15:10:37.866437,100.0,55.27424240112305,400.0
2026-04-23T15:10:40.070683,100.0,55.27424240112305,400.0
2026-04-23T15:10:42.275021,100.0,55.37541580200195,400.0
2026-04-23T15:10:44.477698,100.0,55.476585388183594,400.0
2026-04-23T15:10:46.682699,100.0,55.5777587890625,400.0
2026-04-23T15:10:48.884711,100.0,55.678932189941406,400.0
2026-04-23T15:10:51.090208,100.0,55.72951889038086,400.0
2026-04-23T15:10:53.293834,100.0,55.8306884765625,400.0
2026-04-23T15:10:55.500686,100.0,55.72951889038086,400.0
2026-04-23T15:10:57.702837,100.0,55.78010559082031,400.0
2026-04-23T15:10:59.906345,100.0,55.78010559082031,400.0
2026-04-23T15:11:02.109666,100.0,55.88127517700195,400.0
2026-04-23T15:11:04.311923,100.0,55.931861877441406,400.0
2026-04-23T15:11:06.517647,100.0,55.88127517700195,400.0
2026-04-23T15:11:08.719627,100.0,55.931861877441406,400.0
2026-04-23T15:11:10.923707,100.0,55.98244857788086,400.0
2026-04-23T15:11:13.126763,100.0,55.98244857788086,400.0
2026-04-23T15:11:15.331033,100.0,56.13420867919922,400.0
2026-04-23T15:11:17.534350,100.0,56.13420867919922,400.0
2026-04-23T15:11:19.744017,100.0,56.083621978759766,400.0
2026-04-23T15:11:21.948900,100.0,56.083621978759766,400.0
2026-04-23T15:11:24.151404,100.0,56.13420867919922,400.0
2026-04-23T15:11:26.355635,100.0,56.13420867919922,400.0
2026-04-23T15:11:28.559853,100.0,56.184791564941406,400.0
2026-04-23T15:11:30.762950,100.0,56.184791564941406,400.0
2026-04-23T15:11:32.966319,100.0,56.184791564941406,400.0
2026-04-23T15:11:35.171148,100.0,56.28596496582031,400.0
2026-04-23T15:11:37.374506,100.0,56.336551666259766,400.0
2026-04-23T15:11:39.578420,100.0,56.38713836669922,400.0
2026-04-23T15:11:41.781492,100.0,56.43772506713867,400.0
2026-04-23T15:11:43.983875,100.0,56.43772506713867,400.0
2026-04-23T15:11:46.189060,100.0,56.38713836669922,400.0
2026-04-23T15:11:48.394983,100.0,56.38713836669922,400.0
2026-04-23T15:11:50.598865,100.0,56.43772506713867,400.0
2026-04-23T15:11:52.801502,100.0,56.43772506713867,400.0
2026-04-23T15:11:55.005710,100.0,56.589481353759766,400.0
2026-04-23T15:11:57.208888,100.0,56.589481353759766,400.0
2026-04-23T15:11:59.415137,100.0,56.488311767578125,400.0
2026-04-23T15:12:01.617005,100.0,56.38713836669922,400.0
2026-04-23T15:12:03.821711,100.0,56.38713836669922,400.0
2026-04-23T15:12:06.026224,100.0,56.38713836669922,400.0
2026-04-23T15:12:08.230354,100.0,56.38713836669922,400.0
2026-04-23T15:12:10.435538,100.0,56.28596496582031,400.0
2026-04-23T15:12:12.642703,100.0,56.184791564941406,400.0
2026-04-23T15:12:14.846540,100.0,56.13420867919922,400.0
2026-04-23T15:12:17.048907,100.0,56.083621978759766,400.0
2026-04-23T15:12:19.252013,100.0,56.13420867919922,400.0
2026-04-23T15:12:21.455642,100.0,56.083621978759766,400.0
2026-04-23T15:12:23.659027,100.0,55.98244857788086,400.0
2026-04-23T15:12:25.863724,100.0,55.98244857788086,400.0
2026-04-23T15:12:28.070502,100.0,55.931861877441406,400.0
2026-04-23T15:12:30.276037,100.0,55.931861877441406,400.0
2026-04-23T15:12:32.479539,100.0,55.8306884765625,400.0
2026-04-23T15:12:34.681924,100.0,55.88127517700195,400.0
2026-04-23T15:12:36.886354,100.0,55.78010559082031,400.0
2026-04-23T15:12:39.096698,100.0,55.62834548950195,400.0
2026-04-23T15:12:41.300854,100.0,55.5777587890625,400.0
2026-04-23T15:12:43.506245,100.0,55.678932189941406,400.0
2026-04-23T15:12:45.711442,100.0,55.52717208862305,400.0
2026-04-23T15:12:47.917035,100.0,55.42599868774414,400.0
2026-04-23T15:12:50.119409,100.0,55.3248291015625,400.0
2026-04-23T15:12:52.324068,100.0,55.37541580200195,400.0
2026-04-23T15:12:54.530761,100.0,55.3248291015625,400.0
2026-04-23T15:12:56.732829,100.0,55.27424240112305,400.0
2026-04-23T15:12:58.935239,100.0,55.3248291015625,400.0
2026-04-23T15:13:01.139547,100.0,55.223655700683594,400.0
2026-04-23T15:13:03.342682,100.0,55.27424240112305,400.0
2026-04-23T15:13:05.551435,100.0,55.27424240112305,400.0
2026-04-23T15:13:07.755647,100.0,55.223655700683594,400.0
2026-04-23T15:13:09.959055,100.0,55.17306900024414,400.0
2026-04-23T15:13:12.161241,100.0,55.223655700683594,400.0
2026-04-23T15:13:14.365316,100.0,55.223655700683594,400.0
2026-04-23T15:13:16.570744,100.0,55.12248229980469,400.0
2026-04-23T15:13:18.775828,100.0,55.27424240112305,400.0
2026-04-23T15:13:20.979092,100.0,55.02130889892578,400.0
2026-04-23T15:13:23.184876,100.0,55.071895599365234,400.0
2026-04-23T15:13:25.389579,100.0,55.17306900024414,400.0
2026-04-23T15:13:27.594490,100.0,55.02130889892578,400.0
2026-04-23T15:13:29.799265,100.0,54.970726013183594,400.0
2026-04-23T15:13:32.004519,100.0,55.071895599365234,400.0
2026-04-23T15:13:34.208999,100.0,55.02130889892578,400.0
2026-04-23T15:13:36.412613,100.0,55.02130889892578,400.0
2026-04-23T15:13:38.617562,100.0,54.970726013183594,400.0
2026-04-23T15:13:40.824072,100.0,54.92013931274414,400.0
2026-04-23T15:13:43.028049,100.0,54.92013931274414,400.0
2026-04-23T15:13:45.232661,100.0,54.92013931274414,400.0
2026-04-23T15:13:47.436815,100.0,54.818965911865234,400.0
2026-04-23T15:13:49.641529,100.0,54.76837921142578,400.0
2026-04-23T15:13:51.845016,100.0,54.818965911865234,400.0
2026-04-23T15:13:54.047721,100.0,54.76837921142578,400.0
2026-04-23T15:13:56.250010,100.0,54.970726013183594,400.0
2026-04-23T15:13:58.453564,100.0,54.86955261230469,400.0
2026-04-23T15:14:00.657804,100.0,55.071895599365234,400.0
2026-04-23T15:14:02.861338,100.0,55.02130889892578,400.0
2026-04-23T15:14:05.066777,100.0,55.17306900024414,400.0
2026-04-23T15:14:07.268563,100.0,55.17306900024414,400.0
2026-04-23T15:14:09.473464,100.0,55.12248229980469,400.0
2026-04-23T15:14:11.677040,100.0,55.17306900024414,400.0
2026-04-23T15:14:13.886943,100.0,55.27424240112305,400.0
2026-04-23T15:14:16.092137,100.0,55.27424240112305,400.0
2026-04-23T15:14:18.296742,100.0,55.27424240112305,400.0
2026-04-23T15:14:20.499580,100.0,55.37541580200195,400.0
2026-04-23T15:14:22.706179,100.0,55.52717208862305,400.0
2026-04-23T15:14:24.911439,100.0,55.52717208862305,400.0
2026-04-23T15:14:27.116559,100.0,55.62834548950195,400.0
2026-04-23T15:14:29.324661,100.0,55.5777587890625,400.0
2026-04-23T15:14:31.527640,100.0,55.72951889038086,400.0
2026-04-23T15:14:33.733605,100.0,55.78010559082031,400.0
2026-04-23T15:14:35.938807,100.0,55.8306884765625,400.0
2026-04-23T15:14:38.146820,100.0,55.78010559082031,400.0
2026-04-23T15:14:40.353223,100.0,55.88127517700195,400.0
2026-04-23T15:14:42.558938,100.0,55.8306884765625,400.0
2026-04-23T15:14:44.766968,100.0,55.88127517700195,400.0
2026-04-23T15:14:46.969606,100.0,55.98244857788086,400.0
2026-04-23T15:14:49.175199,100.0,55.98244857788086,400.0
2026-04-23T15:14:51.380120,100.0,56.03303527832031,400.0
2026-04-23T15:14:53.584200,100.0,56.083621978759766,400.0
2026-04-23T15:14:55.787713,100.0,56.03303527832031,400.0
2026-04-23T15:14:57.991360,100.0,56.083621978759766,400.0
2026-04-23T15:15:00.195833,100.0,56.13420867919922,400.0
2026-04-23T15:15:02.399056,100.0,56.03303527832031,400.0
2026-04-23T15:15:04.601553,100.0,56.184791564941406,400.0
2026-04-23T15:15:06.806317,100.0,56.13420867919922,400.0
2026-04-23T15:15:09.011143,100.0,56.13420867919922,400.0
2026-04-23T15:15:11.213210,100.0,56.13420867919922,400.0
2026-04-23T15:15:13.425065,100.0,56.13420867919922,400.0
2026-04-23T15:15:15.628501,100.0,56.13420867919922,400.0
2026-04-23T15:15:17.832247,100.0,56.083621978759766,400.0
2026-04-23T15:15:20.036785,100.0,56.184791564941406,400.0
2026-04-23T15:15:22.241850,100.0,56.23537826538086,400.0
2026-04-23T15:15:24.448933,100.0,56.23537826538086,400.0
2026-04-23T15:15:26.654342,100.0,56.23537826538086,400.0
2026-04-23T15:15:28.860082,100.0,56.23537826538086,400.0
2026-04-23T15:15:31.068375,100.0,56.38713836669922,400.0
2026-04-23T15:15:33.272402,100.0,56.336551666259766,400.0
2026-04-23T15:15:35.477599,100.0,56.336551666259766,400.0
2026-04-23T15:15:37.681902,100.0,56.38713836669922,400.0
2026-04-23T15:15:39.884204,100.0,56.43772506713867,400.0
2026-04-23T15:15:42.088559,100.0,56.38713836669922,400.0
2026-04-23T15:15:44.294422,100.0,56.488311767578125,400.0
2026-04-23T15:15:46.501076,100.0,56.43772506713867,400.0
2026-04-23T15:15:48.703873,100.0,56.336551666259766,400.0
2026-04-23T15:15:50.909579,100.0,56.336551666259766,400.0
2026-04-23T15:15:53.112927,100.0,56.28596496582031,400.0
2026-04-23T15:15:55.317104,100.0,56.23537826538086,400.0
2026-04-23T15:15:57.519271,100.0,56.23537826538086,400.0
2026-04-23T15:15:59.728259,100.0,56.184791564941406,400.0
2026-04-23T15:16:01.935507,100.0,56.083621978759766,400.0
2026-04-23T15:16:04.141047,100.0,55.931861877441406,400.0
2026-04-23T15:16:06.345510,100.0,56.03303527832031,400.0
2026-04-23T15:16:08.548767,100.0,56.03303527832031,400.0
2026-04-23T15:16:10.753045,100.0,55.98244857788086,400.0
2026-04-23T15:16:12.958561,100.0,55.88127517700195,400.0
2026-04-23T15:16:15.162158,100.0,55.8306884765625,400.0
2026-04-23T15:16:17.371462,100.0,55.78010559082031,400.0
2026-04-23T15:16:19.576061,100.0,55.72951889038086,400.0
2026-04-23T15:16:21.780492,100.0,55.678932189941406,400.0
2026-04-23T15:16:23.986111,100.0,55.62834548950195,400.0
2026-04-23T15:16:26.190869,100.0,55.62834548950195,400.0
2026-04-23T15:16:28.394692,100.0,55.5777587890625,400.0
2026-04-23T15:16:30.598743,100.0,55.5777587890625,400.0
2026-04-23T15:16:32.805028,100.0,55.52717208862305,400.0
2026-04-23T15:16:35.008413,100.0,55.5777587890625,400.0
2026-04-23T15:16:37.213068,100.0,55.42599868774414,400.0
2026-04-23T15:16:39.415619,100.0,55.42599868774414,400.0
2026-04-23T15:16:41.622907,100.0,55.37541580200195,400.0
2026-04-23T15:16:43.827781,100.0,55.27424240112305,400.0
2026-04-23T15:16:46.032090,100.0,55.17306900024414,400.0
2026-04-23T15:16:48.234659,100.0,55.17306900024414,400.0
2026-04-23T15:16:50.438772,100.0,55.02130889892578,400.0
2026-04-23T15:16:52.645002,100.0,54.92013931274414,400.0
2026-04-23T15:16:54.847775,100.0,54.86955261230469,400.0
2026-04-23T15:16:57.052083,100.0,54.86955261230469,400.0
2026-04-23T15:16:59.255037,100.0,55.02130889892578,400.0
2026-04-23T15:17:01.457963,100.0,54.92013931274414,400.0
2026-04-23T15:17:03.661745,100.0,54.86955261230469,400.0
2026-04-23T15:17:05.864904,100.0,54.86955261230469,400.0
2026-04-23T15:17:08.068560,100.0,54.818965911865234,400.0
2026-04-23T15:17:10.275198,100.0,54.71779251098633,400.0
2026-04-23T15:17:12.477247,100.0,54.818965911865234,400.0
2026-04-23T15:17:14.682010,100.0,54.71779251098633,400.0
2026-04-23T15:17:16.884014,100.0,54.76837921142578,400.0
2026-04-23T15:17:19.090117,100.0,54.71779251098633,400.0
2026-04-23T15:17:21.293051,100.0,54.76837921142578,400.0
2026-04-23T15:17:23.497007,100.0,54.71779251098633,400.0
2026-04-23T15:17:25.700997,100.0,54.667205810546875,400.0
2026-04-23T15:17:27.907639,100.0,54.667205810546875,400.0
2026-04-23T15:17:30.113137,100.0,54.51544952392578,400.0
2026-04-23T15:17:32.317335,100.0,54.61661911010742,400.0
2026-04-23T15:17:34.523037,100.0,54.46486282348633,400.0
2026-04-23T15:17:36.725878,100.0,54.46486282348633,400.0
2026-04-23T15:17:38.931457,100.0,54.36368942260742,400.0
2026-04-23T15:17:41.135510,100.0,54.36368942260742,400.0
2026-04-23T15:17:43.339417,100.0,54.31310272216797,400.0
2026-04-23T15:17:45.542570,100.0,54.31310272216797,400.0
2026-04-23T15:17:47.748709,100.0,54.31310272216797,400.0
2026-04-23T15:17:49.957473,100.0,54.262516021728516,400.0
2026-04-23T15:17:52.161044,100.0,54.262516021728516,400.0
2026-04-23T15:17:54.363529,100.0,54.31310272216797,400.0
2026-04-23T15:17:56.567088,100.0,54.21192932128906,400.0
2026-04-23T15:17:58.772667,100.0,54.36368942260742,400.0
2026-04-23T15:18:00.982275,100.0,54.414276123046875,400.0
2026-04-23T15:18:03.185959,100.0,54.414276123046875,400.0
2026-04-23T15:18:05.391179,100.0,54.61661911010742,400.0
2026-04-23T15:18:07.596007,100.0,54.61661911010742,400.0
2026-04-23T15:18:09.799706,100.0,54.667205810546875,400.0
2026-04-23T15:18:12.002253,100.0,54.76837921142578,400.0
2026-04-23T15:18:14.207660,100.0,55.02130889892578,400.0
2026-04-23T15:18:16.411048,100.0,55.071895599365234,400.0
2026-04-23T15:18:18.614722,100.0,55.17306900024414,400.0
2026-04-23T15:18:20.819176,100.0,55.12248229980469,400.0
2026-04-23T15:18:23.024670,100.0,55.17306900024414,400.0
2026-04-23T15:18:25.228023,100.0,55.17306900024414,400.0
2026-04-23T15:18:27.431250,100.0,55.3248291015625,400.0
2026-04-23T15:18:29.639073,100.0,55.37541580200195,400.0
2026-04-23T15:18:31.848858,100.0,55.3248291015625,400.0
2026-04-23T15:18:34.052155,100.0,55.52717208862305,400.0
2026-04-23T15:18:36.256794,100.0,55.52717208862305,400.0
2026-04-23T15:18:38.462337,100.0,55.52717208862305,400.0
2026-04-23T15:18:40.665549,100.0,55.678932189941406,400.0
2026-04-23T15:18:42.869388,100.0,55.678932189941406,400.0
2026-04-23T15:18:45.072787,100.0,55.72951889038086,400.0
2026-04-23T15:18:47.275820,100.0,55.72951889038086,400.0
2026-04-23T15:18:49.479809,100.0,55.78010559082031,400.0
2026-04-23T15:18:51.684695,100.0,55.72951889038086,400.0
2026-04-23T15:18:53.889038,100.0,55.72951889038086,400.0
2026-04-23T15:18:56.092608,100.0,55.8306884765625,400.0
2026-04-23T15:18:58.296150,100.0,55.98244857788086,400.0
2026-04-23T15:19:00.499846,100.0,55.931861877441406,400.0
2026-04-23T15:19:02.708010,100.0,56.083621978759766,400.0
2026-04-23T15:19:04.912650,100.0,56.03303527832031,400.0
2026-04-23T15:19:07.116638,100.0,56.03303527832031,400.0
2026-04-23T15:19:09.319723,100.0,56.13420867919922,400.0
2026-04-23T15:19:11.523024,100.0,56.184791564941406,400.0
2026-04-23T15:19:13.727905,100.0,56.083621978759766,400.0
2026-04-23T15:19:15.931724,100.0,56.13420867919922,400.0
2026-04-23T15:19:18.134901,100.0,56.03303527832031,400.0
2026-04-23T15:19:20.342715,100.0,56.184791564941406,400.0
2026-04-23T15:19:22.547045,100.0,56.28596496582031,400.0
2026-04-23T15:19:24.750216,100.0,56.38713836669922,400.0
2026-04-23T15:19:26.956561,100.0,56.336551666259766,400.0
2026-04-23T15:19:29.159918,100.0,56.38713836669922,400.0
2026-04-23T15:19:31.364370,100.0,56.43772506713867,400.0
2026-04-23T15:19:33.566987,100.0,56.336551666259766,400.0
2026-04-23T15:19:35.770079,100.0,56.53889846801758,400.0
2026-04-23T15:19:37.976400,100.0,56.741241455078125,400.0
2026-04-23T15:19:40.179058,100.0,56.589481353759766,400.0
2026-04-23T15:19:42.380874,100.0,56.589481353759766,400.0
2026-04-23T15:19:44.584911,100.0,56.53889846801758,400.0
2026-04-23T15:19:46.790605,100.0,56.589481353759766,400.0
2026-04-23T15:19:48.993331,100.0,56.64006805419922,400.0
2026-04-23T15:19:51.196635,100.0,56.589481353759766,400.0
2026-04-23T15:19:53.404436,100.0,56.69065475463867,400.0
2026-04-23T15:19:55.608568,100.0,56.589481353759766,400.0
2026-04-23T15:19:57.811079,100.0,56.589481353759766,400.0
2026-04-23T15:20:00.015091,100.0,56.64006805419922,400.0
2026-04-23T15:20:02.219943,100.0,56.589481353759766,400.0
2026-04-23T15:20:04.422912,100.0,56.64006805419922,400.0
2026-04-23T15:20:06.626052,100.0,56.43772506713867,400.0
2026-04-23T15:20:08.830989,100.0,56.488311767578125,400.0
2026-04-23T15:20:11.033449,100.0,56.38713836669922,400.0
2026-04-23T15:20:13.237656,100.0,56.336551666259766,400.0
2026-04-23T15:20:15.442393,100.0,56.23537826538086,400.0
2026-04-23T15:20:17.644751,100.0,56.13420867919922,400.0
2026-04-23T15:20:19.849059,100.0,56.184791564941406,400.0
2026-04-23T15:20:22.050883,100.0,56.184791564941406,400.0
2026-04-23T15:20:24.257195,100.0,56.184791564941406,400.0
2026-04-23T15:20:26.460464,100.0,56.083621978759766,400.0
2026-04-23T15:20:28.664512,100.0,56.184791564941406,400.0
2026-04-23T15:20:30.871376,100.0,55.98244857788086,400.0
2026-04-23T15:20:33.074037,100.0,56.03303527832031,400.0
2026-04-23T15:20:35.279089,100.0,56.083621978759766,400.0
2026-04-23T15:20:37.481788,100.0,55.931861877441406,400.0
2026-04-23T15:20:39.686038,100.0,55.88127517700195,400.0
2026-04-23T15:20:41.891046,100.0,55.88127517700195,400.0
2026-04-23T15:20:44.094368,100.0,55.72951889038086,400.0
2026-04-23T15:20:46.296429,100.0,55.62834548950195,400.0
2026-04-23T15:20:48.500122,100.0,55.678932189941406,400.0
2026-04-23T15:20:50.703674,100.0,55.52717208862305,400.0
2026-04-23T15:20:52.908403,100.0,55.52717208862305,400.0
2026-04-23T15:20:55.111778,100.0,55.476585388183594,400.0
2026-04-23T15:20:57.314038,100.0,55.3248291015625,400.0
2026-04-23T15:20:59.516136,100.0,55.42599868774414,400.0
2026-04-23T15:21:01.719916,100.0,55.3248291015625,400.0
2026-04-23T15:21:03.926385,100.0,55.3248291015625,400.0
2026-04-23T15:21:06.129641,100.0,55.27424240112305,400.0
2026-04-23T15:21:08.331376,100.0,55.223655700683594,400.0
2026-04-23T15:21:10.533492,100.0,55.223655700683594,400.0
2026-04-23T15:21:12.740370,100.0,55.27424240112305,400.0
2026-04-23T15:21:14.944777,100.0,55.3248291015625,400.0
2026-04-23T15:21:17.152487,100.0,55.37541580200195,400.0
2026-04-23T15:21:19.355645,100.0,55.42599868774414,400.0
2026-04-23T15:21:21.559819,100.0,55.476585388183594,400.0
2026-04-23T15:21:23.764069,100.0,55.52717208862305,400.0
2026-04-23T15:21:25.966489,100.0,55.5777587890625,400.0
2026-04-23T15:21:28.170839,100.0,55.52717208862305,400.0
2026-04-23T15:21:30.376781,100.0,55.5777587890625,400.0
2026-04-23T15:21:32.583529,100.0,55.62834548950195,400.0
2026-04-23T15:21:34.786535,100.0,55.72951889038086,400.0
2026-04-23T15:21:36.994331,100.0,55.72951889038086,400.0
2026-04-23T15:21:39.196877,100.0,55.78010559082031,400.0
2026-04-23T15:21:41.400595,100.0,55.8306884765625,400.0
2026-04-23T15:21:43.604293,100.0,55.88127517700195,400.0
2026-04-23T15:21:45.807058,100.0,55.931861877441406,400.0
2026-04-23T15:21:48.009977,100.0,55.931861877441406,400.0
2026-04-23T15:21:50.218985,100.0,55.98244857788086,400.0
2026-04-23T15:21:52.421639,100.0,55.931861877441406,400.0
2026-04-23T15:21:54.624931,100.0,55.88127517700195,400.0
2026-04-23T15:21:56.827759,100.0,55.88127517700195,400.0
2026-04-23T15:21:59.029768,100.0,55.931861877441406,400.0
2026-04-23T15:22:01.234428,100.0,55.98244857788086,400.0
2026-04-23T15:22:03.436895,100.0,55.931861877441406,400.0
2026-04-23T15:22:05.643731,100.0,55.88127517700195,400.0
2026-04-23T15:22:07.847275,100.0,55.88127517700195,400.0
2026-04-23T15:22:10.049472,100.0,55.98244857788086,400.0
2026-04-23T15:22:12.252793,100.0,56.03303527832031,400.0
2026-04-23T15:22:14.455829,100.0,56.083621978759766,400.0
2026-04-23T15:22:16.660272,100.0,56.13420867919922,400.0
2026-04-23T15:22:18.865611,100.0,56.28596496582031,400.0
2026-04-23T15:22:21.068660,100.0,56.184791564941406,400.0
2026-04-23T15:22:23.272158,100.0,56.083621978759766,400.0
2026-04-23T15:22:25.477267,100.0,56.23537826538086,400.0
2026-04-23T15:22:27.679180,100.0,56.184791564941406,400.0
2026-04-23T15:22:29.881242,100.0,56.23537826538086,400.0
2026-04-23T15:22:32.086282,100.0,56.184791564941406,400.0
2026-04-23T15:22:34.293861,100.0,56.184791564941406,400.0
2026-04-23T15:22:36.499448,100.0,56.28596496582031,400.0
2026-04-23T15:22:38.704583,100.0,56.28596496582031,400.0
2026-04-23T15:22:40.910313,100.0,56.28596496582031,400.0
2026-04-23T15:22:43.114094,100.0,56.336551666259766,400.0
2026-04-23T15:22:45.315860,100.0,56.336551666259766,400.0
2026-04-23T15:22:47.519476,100.0,56.336551666259766,400.0
2026-04-23T15:22:49.726921,100.0,56.43772506713867,400.0
2026-04-23T15:22:51.931553,100.0,56.53889846801758,400.0
2026-04-23T15:22:54.136430,100.0,56.53889846801758,400.0
2026-04-23T15:22:56.342414,100.0,56.53889846801758,400.0
2026-04-23T15:22:58.547419,100.0,56.488311767578125,400.0
2026-04-23T15:23:00.750458,100.0,56.488311767578125,400.0
2026-04-23T15:23:02.953785,100.0,56.488311767578125,400.0
2026-04-23T15:23:05.159971,100.0,56.38713836669922,400.0
2026-04-23T15:23:07.364028,100.0,56.28596496582031,400.0
2026-04-23T15:23:09.568997,100.0,56.28596496582031,400.0
2026-04-23T15:23:11.778708,100.0,56.28596496582031,400.0
2026-04-23T15:23:13.980588,100.0,56.23537826538086,400.0
2026-04-23T15:23:16.187470,100.0,56.083621978759766,400.0
2026-04-23T15:23:18.390746,100.0,55.931861877441406,400.0
2026-04-23T15:23:20.602832,100.0,55.88127517700195,400.0
2026-04-23T15:23:22.805565,100.0,55.931861877441406,400.0
2026-04-23T15:23:25.012870,100.0,55.78010559082031,400.0
2026-04-23T15:23:27.218464,100.0,55.72951889038086,400.0
2026-04-23T15:23:29.424024,100.0,55.72951889038086,400.0
2026-04-23T15:23:31.627525,100.0,55.72951889038086,400.0
2026-04-23T15:23:33.830576,100.0,55.78010559082031,400.0
2026-04-23T15:23:36.046675,100.0,55.62834548950195,400.0
2026-04-23T15:23:38.250268,100.0,55.62834548950195,400.0
2026-04-23T15:23:40.455668,100.0,55.52717208862305,400.0
2026-04-23T15:23:42.661256,100.0,55.42599868774414,400.0
2026-04-23T15:23:44.867091,100.0,55.476585388183594,400.0
2026-04-23T15:23:47.074818,100.0,55.37541580200195,400.0
2026-04-23T15:23:49.278101,100.0,55.42599868774414,400.0
2026-04-23T15:23:51.484889,100.0,55.37541580200195,400.0
2026-04-23T15:23:53.689866,100.0,55.37541580200195,400.0
2026-04-23T15:23:55.893350,100.0,55.37541580200195,400.0
2026-04-23T15:23:58.099347,100.0,55.3248291015625,400.0
2026-04-23T15:24:00.303405,100.0,55.27424240112305,400.0
2026-04-23T15:24:02.508715,100.0,55.27424240112305,400.0
2026-04-23T15:24:04.712924,100.0,55.27424240112305,400.0
2026-04-23T15:24:06.916113,100.0,55.3248291015625,400.0
2026-04-23T15:24:09.121658,100.0,55.223655700683594,400.0
2026-04-23T15:24:11.327673,100.0,55.17306900024414,400.0
2026-04-23T15:24:13.529994,100.0,55.223655700683594,400.0
2026-04-23T15:24:15.732059,100.0,55.12248229980469,400.0
2026-04-23T15:24:17.936310,100.0,55.071895599365234,400.0
2026-04-23T15:24:20.140506,100.0,55.02130889892578,400.0
2026-04-23T15:24:22.344716,100.0,55.02130889892578,400.0
2026-04-23T15:24:24.548236,100.0,55.02130889892578,400.0
2026-04-23T15:24:26.773003,100.0,54.970726013183594,400.0
2026-04-23T15:24:28.976913,100.0,55.071895599365234,400.0
2026-04-23T15:24:31.181805,100.0,55.02130889892578,400.0
2026-04-23T15:24:33.386026,100.0,54.970726013183594,400.0
2026-04-23T15:24:35.591244,100.0,54.970726013183594,400.0
2026-04-23T15:24:37.794671,100.0,54.86955261230469,400.0
2026-04-23T15:24:39.998669,100.0,54.76837921142578,400.0
2026-04-23T15:24:42.200777,100.0,54.818965911865234,400.0
2026-04-23T15:24:44.403806,100.0,54.76837921142578,400.0
2026-04-23T15:24:46.609570,100.0,54.86955261230469,400.0
2026-04-23T15:24:48.819385,100.0,54.71779251098633,400.0
2026-04-23T15:24:51.021756,100.0,54.566036224365234,400.0
2026-04-23T15:24:53.226097,100.0,54.76837921142578,400.0
2026-04-23T15:24:55.430169,100.0,54.667205810546875,400.0
2026-04-23T15:24:57.632712,100.0,54.61661911010742,400.0
2026-04-23T15:24:59.840921,100.0,54.61661911010742,400.0
2026-04-23T15:25:02.044667,100.0,54.46486282348633,400.0
2026-04-23T15:25:04.247508,100.0,54.51544952392578,400.0
2026-04-23T15:25:06.451855,100.0,54.51544952392578,400.0
2026-04-23T15:25:08.658622,100.0,54.46486282348633,400.0
2026-04-23T15:25:10.861909,100.0,54.414276123046875,400.0
2026-04-23T15:25:13.067647,100.0,54.46486282348633,400.0
2026-04-23T15:25:15.273844,100.0,54.31310272216797,400.0
2026-04-23T15:25:17.477018,100.0,54.36368942260742,400.0
2026-04-23T15:25:19.679819,100.0,54.262516021728516,400.0
2026-04-23T15:25:21.883403,100.0,54.31310272216797,400.0
2026-04-23T15:25:24.087709,100.0,54.31310272216797,400.0
2026-04-23T15:25:26.293945,100.0,54.31310272216797,400.0
2026-04-23T15:25:28.496122,100.0,54.21192932128906,400.0
2026-04-23T15:25:30.700428,100.0,54.262516021728516,400.0
2026-04-23T15:25:32.906130,100.0,54.21192932128906,400.0
2026-04-23T15:25:35.109487,100.0,54.161346435546875,400.0
2026-04-23T15:25:37.312238,100.0,54.161346435546875,400.0
2026-04-23T15:25:39.517075,100.0,54.21192932128906,400.0
2026-04-23T15:25:41.721832,100.0,54.161346435546875,400.0
2026-04-23T15:25:43.926498,100.0,54.161346435546875,400.0
2026-04-23T15:25:46.128424,100.0,54.31310272216797,400.0
2026-04-23T15:25:48.332215,100.0,54.36368942260742,400.0
2026-04-23T15:25:50.535062,100.0,54.36368942260742,400.0
2026-04-23T15:25:52.739447,100.0,54.414276123046875,400.0
2026-04-23T15:25:54.944189,100.0,54.414276123046875,400.0
2026-04-23T15:25:57.149005,100.0,54.51544952392578,400.0
2026-04-23T15:25:59.352822,100.0,54.61661911010742,400.0
2026-04-23T15:26:01.557295,100.0,54.667205810546875,400.0
2026-04-23T15:26:03.760709,100.0,54.86955261230469,400.0
2026-04-23T15:26:05.964167,100.0,55.02130889892578,400.0
2026-04-23T15:26:08.166735,100.0,55.02130889892578,400.0
2026-04-23T15:26:10.374854,100.0,55.12248229980469,400.0
2026-04-23T15:26:12.582631,100.0,55.02130889892578,400.0
2026-04-23T15:26:14.786996,100.0,55.12248229980469,400.0
2026-04-23T15:26:16.990788,100.0,55.17306900024414,400.0
2026-04-23T15:26:19.194813,100.0,55.17306900024414,400.0
2026-04-23T15:26:21.396566,100.0,55.12248229980469,400.0
2026-04-23T15:26:23.599595,100.0,55.223655700683594,400.0
2026-04-23T15:26:25.803429,100.0,55.3248291015625,400.0
2026-04-23T15:26:28.009028,100.0,55.42599868774414,400.0
2026-04-23T15:26:30.214408,100.0,55.37541580200195,400.0
2026-04-23T15:26:32.418689,100.0,55.476585388183594,400.0
2026-04-23T15:26:34.622160,100.0,55.476585388183594,400.0
2026-04-23T15:26:36.828708,100.0,55.5777587890625,400.0
2026-04-23T15:26:39.032561,100.0,55.678932189941406,400.0
2026-04-23T15:26:41.237078,100.0,55.678932189941406,400.0
2026-04-23T15:26:43.443863,100.0,55.78010559082031,400.0
2026-04-23T15:26:45.646469,100.0,55.78010559082031,400.0
2026-04-23T15:26:47.848940,100.0,55.8306884765625,400.0
2026-04-23T15:26:50.051136,100.0,55.98244857788086,400.0
2026-04-23T15:26:52.259385,100.0,56.03303527832031,400.0
2026-04-23T15:26:54.463394,100.0,56.083621978759766,400.0
2026-04-23T15:26:56.667658,100.0,56.13420867919922,400.0
2026-04-23T15:26:58.871979,100.0,56.23537826538086,400.0
2026-04-23T15:27:01.076774,100.0,56.23537826538086,400.0
2026-04-23T15:27:03.280696,100.0,56.38713836669922,400.0
2026-04-23T15:27:05.484171,100.0,56.336551666259766,400.0
2026-04-23T15:27:07.689556,100.0,56.43772506713867,400.0
2026-04-23T15:27:09.892260,100.0,56.53889846801758,400.0
2026-04-23T15:27:12.106361,100.0,56.589481353759766,400.0
2026-04-23T15:27:14.312543,100.0,56.53889846801758,400.0
2026-04-23T15:27:16.519197,100.0,56.589481353759766,400.0
2026-04-23T15:27:18.721757,100.0,56.589481353759766,400.0
2026-04-23T15:27:20.925710,100.0,56.488311767578125,400.0
2026-04-23T15:27:23.130178,100.0,56.53889846801758,400.0
2026-04-23T15:27:25.333557,100.0,56.69065475463867,400.0
2026-04-23T15:27:27.536666,100.0,56.69065475463867,400.0
2026-04-23T15:27:29.740413,100.0,56.79182815551758,400.0
2026-04-23T15:27:31.946222,100.0,56.893001556396484,400.0
2026-04-23T15:27:34.150092,100.0,56.893001556396484,400.0
2026-04-23T15:27:36.355813,100.0,56.84241485595703,400.0
2026-04-23T15:27:38.560553,100.0,56.79182815551758,400.0
2026-04-23T15:27:40.763189,100.0,56.79182815551758,400.0
2026-04-23T15:27:42.965469,100.0,56.79182815551758,400.0
2026-04-23T15:27:45.169379,100.0,56.741241455078125,400.0
2026-04-23T15:27:47.377842,100.0,56.64006805419922,400.0
2026-04-23T15:27:49.582035,100.0,56.64006805419922,400.0
2026-04-23T15:27:51.787052,100.0,56.589481353759766,400.0
2026-04-23T15:27:53.990584,100.0,56.488311767578125,400.0
2026-04-23T15:27:56.192845,100.0,56.53889846801758,400.0
2026-04-23T15:27:58.396425,100.0,56.53889846801758,400.0
2026-04-23T15:28:00.599992,100.0,56.43772506713867,400.0
2026-04-23T15:28:02.804602,100.0,56.336551666259766,400.0
2026-04-23T15:28:05.007445,100.0,56.28596496582031,400.0
2026-04-23T15:28:07.209986,100.0,56.28596496582031,400.0
2026-04-23T15:28:09.413648,100.0,56.23537826538086,400.0
2026-04-23T15:28:11.615837,100.0,56.23537826538086,400.0
2026-04-23T15:28:13.821019,100.0,56.083621978759766,400.0
2026-04-23T15:28:16.023846,100.0,56.13420867919922,400.0
2026-04-23T15:28:18.227726,100.0,55.931861877441406,400.0
2026-04-23T15:28:20.432338,100.0,55.88127517700195,400.0
2026-04-23T15:28:22.635758,100.0,55.88127517700195,400.0
2026-04-23T15:28:24.838981,100.0,55.8306884765625,400.0
2026-04-23T15:28:27.042313,100.0,55.8306884765625,400.0
2026-04-23T15:28:29.246232,100.0,55.78010559082031,400.0
2026-04-23T15:28:31.451951,100.0,55.678932189941406,400.0
2026-04-23T15:28:33.656779,100.0,55.62834548950195,400.0
2026-04-23T15:28:35.861569,100.0,55.5777587890625,400.0
2026-04-23T15:28:38.064295,100.0,55.678932189941406,400.0
2026-04-23T15:28:40.268265,100.0,55.62834548950195,400.0
2026-04-23T15:28:42.474076,100.0,55.62834548950195,400.0
2026-04-23T15:28:44.677821,100.0,55.5777587890625,400.0
2026-04-23T15:28:46.881382,100.0,55.678932189941406,400.0
2026-04-23T15:28:49.086055,100.0,55.678932189941406,400.0
2026-04-23T15:28:51.293432,100.0,55.5777587890625,400.0
2026-04-23T15:28:53.496838,100.0,55.5777587890625,400.0
2026-04-23T15:28:55.699244,100.0,55.5777587890625,400.0
2026-04-23T15:28:57.903775,100.0,55.52717208862305,400.0
2026-04-23T15:29:00.107807,100.0,55.52717208862305,400.0
2026-04-23T15:29:02.313406,100.0,55.476585388183594,400.0
2026-04-23T15:29:04.515723,100.0,55.52717208862305,400.0
2026-04-23T15:29:06.720078,100.0,55.42599868774414,400.0
2026-04-23T15:29:08.925040,100.0,55.3248291015625,400.0
2026-04-23T15:29:11.127634,100.0,55.3248291015625,400.0
2026-04-23T15:29:13.330833,100.0,55.27424240112305,400.0
2026-04-23T15:29:15.534038,100.0,55.223655700683594,400.0
2026-04-23T15:29:17.739113,100.0,55.223655700683594,400.0
2026-04-23T15:29:19.943500,100.0,55.12248229980469,400.0
2026-04-23T15:29:22.154100,100.0,55.223655700683594,400.0
2026-04-23T15:29:24.357237,100.0,55.223655700683594,400.0
2026-04-23T15:29:26.561743,100.0,55.223655700683594,400.0
2026-04-23T15:29:28.767307,100.0,55.12248229980469,400.0
2026-04-23T15:29:30.972434,100.0,55.17306900024414,400.0
2026-04-23T15:29:33.177926,100.0,55.17306900024414,400.0
2026-04-23T15:29:35.382035,100.0,55.17306900024414,400.0
2026-04-23T15:29:37.588502,100.0,54.970726013183594,400.0
2026-04-23T15:29:39.792816,100.0,54.970726013183594,400.0
2026-04-23T15:29:41.996356,100.0,55.071895599365234,400.0
2026-04-23T15:29:44.199115,100.0,54.86955261230469,400.0
2026-04-23T15:29:46.402763,100.0,54.970726013183594,400.0
2026-04-23T15:29:48.606372,100.0,54.970726013183594,400.0
2026-04-23T15:29:50.810910,100.0,54.86955261230469,400.0
2026-04-23T15:29:53.014497,100.0,54.818965911865234,400.0
2026-04-23T15:29:55.216648,100.0,54.76837921142578,400.0
2026-04-23T15:29:57.420816,100.0,54.76837921142578,400.0
2026-04-23T15:29:59.625207,100.0,54.818965911865234,400.0
2026-04-23T15:30:01.828149,100.0,54.71779251098633,400.0
2026-04-23T15:30:04.032650,100.0,54.71779251098633,400.0
2026-04-23T15:30:06.239244,100.0,54.71779251098633,400.0
2026-04-23T15:30:08.443350,100.0,54.71779251098633,400.0
2026-04-23T15:30:10.648223,100.0,54.71779251098633,400.0
2026-04-23T15:30:12.851342,100.0,54.667205810546875,400.0
2026-04-23T15:30:15.055700,100.0,54.667205810546875,400.0
2026-04-23T15:30:17.258412,100.0,54.667205810546875,400.0
2026-04-23T15:30:19.461826,100.0,54.76837921142578,400.0
2026-04-23T15:30:21.664096,100.0,54.86955261230469,400.0
2026-04-23T15:30:23.872293,100.0,54.92013931274414,400.0
2026-04-23T15:30:26.077265,100.0,54.86955261230469,400.0
2026-04-23T15:30:28.280614,100.0,55.02130889892578,400.0
2026-04-23T15:30:30.486680,100.0,55.071895599365234,400.0
2026-04-23T15:30:32.690929,100.0,55.223655700683594,400.0
2026-04-23T15:30:34.894937,100.0,55.223655700683594,400.0
2026-04-23T15:30:37.097329,100.0,55.27424240112305,400.0
2026-04-23T15:30:39.300391,100.0,55.476585388183594,400.0
2026-04-23T15:30:41.507049,100.0,55.476585388183594,400.0
2026-04-23T15:30:43.711029,100.0,55.476585388183594,400.0
2026-04-23T15:30:45.914957,100.0,55.5777587890625,400.0
2026-04-23T15:30:48.120125,100.0,55.62834548950195,400.0
2026-04-23T15:30:50.324048,100.0,55.8306884765625,400.0
2026-04-23T15:30:52.527083,100.0,55.72951889038086,400.0
2026-04-23T15:30:54.731671,100.0,55.931861877441406,400.0
2026-04-23T15:30:56.937150,100.0,55.88127517700195,400.0
2026-04-23T15:30:59.145454,100.0,56.03303527832031,400.0
2026-04-23T15:31:01.347845,100.0,56.083621978759766,400.0
2026-04-23T15:31:03.551679,100.0,56.03303527832031,400.0
2026-04-23T15:31:05.753792,100.0,56.184791564941406,400.0
2026-04-23T15:31:07.957312,100.0,56.184791564941406,400.0
2026-04-23T15:31:10.166043,100.0,56.23537826538086,400.0
2026-04-23T15:31:12.368037,100.0,56.184791564941406,400.0
2026-04-23T15:31:14.571522,100.0,56.336551666259766,400.0
2026-04-23T15:31:16.775468,100.0,56.38713836669922,400.0
2026-04-23T15:31:18.978290,100.0,56.38713836669922,400.0
2026-04-23T15:31:21.180221,100.0,56.488311767578125,400.0
2026-04-23T15:31:23.384414,100.0,56.53889846801758,400.0
2026-04-23T15:31:25.588231,100.0,56.64006805419922,400.0
2026-04-23T15:31:27.791763,100.0,56.69065475463867,400.0
2026-04-23T15:31:29.997569,100.0,56.69065475463867,400.0
2026-04-23T15:31:32.203550,100.0,56.84241485595703,400.0
2026-04-23T15:31:34.408441,100.0,56.84241485595703,400.0
2026-04-23T15:31:36.610706,100.0,56.94358825683594,400.0
2026-04-23T15:31:38.813353,100.0,56.994171142578125,400.0
2026-04-23T15:31:41.020878,100.0,56.994171142578125,400.0
2026-04-23T15:31:43.226169,100.0,57.04475784301758,400.0
2026-04-23T15:31:45.430871,100.0,57.09534454345703,400.0
2026-04-23T15:31:47.633251,100.0,57.145931243896484,400.0
2026-04-23T15:31:49.838664,100.0,57.19651794433594,400.0
2026-04-23T15:31:52.052218,100.0,57.145931243896484,400.0
2026-04-23T15:31:54.256646,100.0,57.24710464477539,400.0
2026-04-23T15:31:56.460840,100.0,57.24710464477539,400.0
2026-04-23T15:31:58.669060,100.0,57.19651794433594,400.0
2026-04-23T15:32:00.872055,100.0,57.19651794433594,400.0
2026-04-23T15:32:03.075272,100.0,57.145931243896484,400.0
2026-04-23T15:32:05.278205,100.0,56.994171142578125,400.0
2026-04-23T15:32:07.483475,100.0,56.893001556396484,400.0
2026-04-23T15:32:09.688864,100.0,56.94358825683594,400.0
2026-04-23T15:32:11.897301,100.0,56.84241485595703,400.0
2026-04-23T15:32:14.105452,100.0,56.741241455078125,400.0
2026-04-23T15:32:16.308350,100.0,56.84241485595703,400.0
2026-04-23T15:32:18.513714,100.0,56.79182815551758,400.0
2026-04-23T15:32:20.718794,100.0,56.69065475463867,400.0
2026-04-23T15:32:22.925989,100.0,56.69065475463867,400.0
2026-04-23T15:32:25.129123,100.0,56.69065475463867,400.0
2026-04-23T15:32:27.332073,100.0,56.64006805419922,400.0
2026-04-23T15:32:29.538601,100.0,56.589481353759766,400.0
2026-04-23T15:32:31.743050,100.0,56.589481353759766,400.0
2026-04-23T15:32:33.947174,100.0,56.589481353759766,400.0
2026-04-23T15:32:36.149778,100.0,56.53889846801758,400.0
2026-04-23T15:32:38.355815,100.0,56.488311767578125,400.0
2026-04-23T15:32:40.560702,100.0,56.38713836669922,400.0
2026-04-23T15:32:42.767990,100.0,56.38713836669922,400.0
2026-04-23T15:32:44.974339,100.0,56.23537826538086,400.0
2026-04-23T15:32:47.178590,100.0,56.336551666259766,400.0
2026-04-23T15:32:49.382850,100.0,56.23537826538086,400.0
2026-04-23T15:32:51.587029,100.0,56.184791564941406,400.0
2026-04-23T15:32:53.798829,100.0,56.13420867919922,400.0
2026-04-23T15:32:56.004123,100.0,56.083621978759766,400.0
2026-04-23T15:32:58.207630,100.0,56.03303527832031,400.0
2026-04-23T15:33:00.411966,100.0,55.98244857788086,400.0
2026-04-23T15:33:02.613802,100.0,55.931861877441406,400.0
2026-04-23T15:33:04.817821,100.0,55.78010559082031,400.0
2026-04-23T15:33:07.021948,100.0,55.78010559082031,400.0
2026-04-23T15:33:09.229049,100.0,55.78010559082031,400.0
2026-04-23T15:33:11.437291,100.0,55.72951889038086,400.0
2026-04-23T15:33:13.643299,100.0,55.78010559082031,400.0
2026-04-23T15:33:15.847676,100.0,55.72951889038086,400.0
2026-04-23T15:33:18.052557,100.0,55.62834548950195,400.0
2026-04-23T15:33:20.256409,100.0,55.678932189941406,400.0
2026-04-23T15:33:22.463144,100.0,55.62834548950195,400.0
2026-04-23T15:33:24.664916,100.0,55.5777587890625,400.0
2026-04-23T15:33:26.868569,100.0,55.476585388183594,400.0
2026-04-23T15:33:29.075463,100.0,55.52717208862305,400.0
2026-04-23T15:33:31.278759,100.0,55.5777587890625,400.0
2026-04-23T15:33:33.482621,100.0,55.5777587890625,400.0
2026-04-23T15:33:35.686723,100.0,55.476585388183594,400.0
2026-04-23T15:33:37.889950,100.0,55.37541580200195,400.0
2026-04-23T15:33:40.091845,100.0,55.37541580200195,400.0
2026-04-23T15:33:42.295506,100.0,55.37541580200195,400.0
2026-04-23T15:33:44.499018,100.0,55.37541580200195,400.0
2026-04-23T15:33:46.702085,100.0,55.476585388183594,400.0
2026-04-23T15:33:48.906949,100.0,55.37541580200195,400.0
2026-04-23T15:33:51.110461,100.0,55.3248291015625,400.0
2026-04-23T15:33:53.313279,100.0,55.42599868774414,400.0
2026-04-23T15:33:55.516396,100.0,55.37541580200195,400.0
2026-04-23T15:33:57.720067,100.0,55.223655700683594,400.0
2026-04-23T15:33:59.923713,100.0,55.3248291015625,400.0
2026-04-23T15:34:02.127065,100.0,55.37541580200195,400.0
2026-04-23T15:34:04.330609,100.0,55.27424240112305,400.0
2026-04-23T15:34:06.539361,100.0,55.27424240112305,400.0
2026-04-23T15:34:08.744088,100.0,55.223655700683594,400.0
2026-04-23T15:34:10.947605,100.0,55.17306900024414,400.0
2026-04-23T15:34:13.150788,100.0,55.12248229980469,400.0
2026-04-23T15:34:15.354935,100.0,55.12248229980469,400.0
2026-04-23T15:34:17.558873,100.0,55.071895599365234,400.0
2026-04-23T15:34:19.761445,100.0,55.071895599365234,400.0
2026-04-23T15:34:21.963398,100.0,55.12248229980469,400.0
2026-04-23T15:34:24.169696,100.0,55.071895599365234,400.0
2026-04-23T15:34:26.374689,100.0,54.970726013183594,400.0
2026-04-23T15:34:28.578478,100.0,55.071895599365234,400.0
2026-04-23T15:34:30.781371,100.0,55.02130889892578,400.0
2026-04-23T15:34:32.984675,100.0,55.02130889892578,400.0
2026-04-23T15:34:35.187189,100.0,54.86955261230469,400.0
2026-04-23T15:34:37.391441,100.0,54.92013931274414,400.0
2026-04-23T15:34:39.594926,100.0,54.92013931274414,400.0
2026-04-23T15:34:41.799371,100.0,54.92013931274414,400.0
2026-04-23T15:34:44.004407,100.0,54.970726013183594,400.0
2026-04-23T15:34:46.207736,100.0,54.92013931274414,400.0
2026-04-23T15:34:48.411599,100.0,54.92013931274414,400.0
2026-04-23T15:34:50.614360,100.0,54.818965911865234,400.0
2026-04-23T15:34:52.821744,100.0,54.818965911865234,400.0
2026-04-23T15:34:55.029926,100.0,54.970726013183594,400.0
2026-04-23T15:34:57.235638,100.0,54.92013931274414,400.0
2026-04-23T15:34:59.438307,100.0,55.02130889892578,400.0
2026-04-23T15:35:01.641035,100.0,55.223655700683594,400.0
2026-04-23T15:35:03.844566,100.0,55.27424240112305,400.0
2026-04-23T15:35:06.047548,100.0,55.3248291015625,400.0
2026-04-23T15:35:08.251582,100.0,55.223655700683594,400.0
2026-04-23T15:35:10.454577,100.0,55.37541580200195,400.0
2026-04-23T15:35:12.662266,100.0,55.42599868774414,400.0
2026-04-23T15:35:14.865570,100.0,55.476585388183594,400.0
2026-04-23T15:35:17.068429,100.0,55.62834548950195,400.0
2026-04-23T15:35:19.277514,100.0,55.62834548950195,400.0
2026-04-23T15:35:21.479331,100.0,55.678932189941406,400.0
2026-04-23T15:35:23.682050,100.0,55.678932189941406,400.0
2026-04-23T15:35:25.884675,100.0,55.72951889038086,400.0
2026-04-23T15:35:28.088266,100.0,55.78010559082031,400.0
2026-04-23T15:35:30.292561,100.0,55.8306884765625,400.0
2026-04-23T15:35:32.496578,100.0,55.98244857788086,400.0
2026-04-23T15:35:34.707772,100.0,55.88127517700195,400.0
2026-04-23T15:35:36.912019,100.0,56.03303527832031,400.0
2026-04-23T15:35:39.116623,100.0,56.13420867919922,400.0
2026-04-23T15:35:41.322699,100.0,56.083621978759766,400.0
2026-04-23T15:35:43.528740,100.0,56.13420867919922,400.0
2026-04-23T15:35:45.733698,100.0,56.184791564941406,400.0
2026-04-23T15:35:47.937496,100.0,56.28596496582031,400.0
2026-04-23T15:35:50.141167,100.0,56.336551666259766,400.0
2026-04-23T15:35:52.345093,100.0,56.336551666259766,400.0
2026-04-23T15:35:54.550104,100.0,56.53889846801758,400.0
2026-04-23T15:35:56.753279,100.0,56.53889846801758,400.0
2026-04-23T15:35:58.957230,100.0,56.589481353759766,400.0
2026-04-23T15:36:01.158886,100.0,56.64006805419922,400.0
2026-04-23T15:36:03.363040,100.0,56.741241455078125,400.0
2026-04-23T15:36:05.572647,100.0,56.84241485595703,400.0
2026-04-23T15:36:07.778832,100.0,56.79182815551758,400.0
2026-04-23T15:36:09.981672,100.0,56.84241485595703,400.0
2026-04-23T15:36:12.187468,100.0,56.94358825683594,400.0
2026-04-23T15:36:14.391248,100.0,56.94358825683594,400.0
2026-04-23T15:36:16.594831,100.0,56.94358825683594,400.0
2026-04-23T15:36:18.799275,100.0,56.94358825683594,400.0
2026-04-23T15:36:21.006817,100.0,56.994171142578125,400.0
2026-04-23T15:36:23.210478,100.0,56.84241485595703,400.0
2026-04-23T15:36:25.412540,100.0,56.84241485595703,400.0
2026-04-23T15:36:27.615983,100.0,56.84241485595703,400.0
2026-04-23T15:36:29.822761,100.0,56.741241455078125,400.0
2026-04-23T15:36:32.027227,100.0,56.589481353759766,400.0
2026-04-23T15:36:34.233161,100.0,56.589481353759766,400.0
2026-04-23T15:36:36.445319,100.0,56.488311767578125,400.0
2026-04-23T15:36:38.648930,100.0,56.38713836669922,400.0
2026-04-23T15:36:40.854263,100.0,56.488311767578125,400.0
2026-04-23T15:36:43.060624,100.0,56.43772506713867,400.0
2026-04-23T15:36:45.266874,100.0,56.488311767578125,400.0
2026-04-23T15:36:47.470809,100.0,56.336551666259766,400.0
2026-04-23T15:36:49.674425,100.0,56.38713836669922,400.0
2026-04-23T15:36:51.879706,100.0,56.28596496582031,400.0
2026-04-23T15:36:54.088413,100.0,56.23537826538086,400.0
2026-04-23T15:36:56.292873,100.0,56.184791564941406,400.0
2026-04-23T15:36:58.494767,100.0,56.184791564941406,400.0
2026-04-23T15:37:00.699157,100.0,56.13420867919922,400.0
2026-04-23T15:37:02.916648,100.0,56.03303527832031,400.0
2026-04-23T15:37:05.120608,100.0,56.03303527832031,400.0
2026-04-23T15:37:07.328357,100.0,56.03303527832031,400.0
2026-04-23T15:37:09.532650,100.0,55.98244857788086,400.0
2026-04-23T15:37:11.738371,100.0,55.931861877441406,400.0
2026-04-23T15:37:13.940927,100.0,55.88127517700195,400.0
2026-04-23T15:37:16.144669,100.0,55.78010559082031,400.0
2026-04-23T15:37:18.349136,100.0,55.72951889038086,400.0
2026-04-23T15:37:20.554700,100.0,55.78010559082031,400.0
2026-04-23T15:37:22.760444,100.0,55.678932189941406,400.0
2026-04-23T15:37:24.965310,100.0,55.72951889038086,400.0
2026-04-23T15:37:27.168931,100.0,55.5777587890625,400.0
2026-04-23T15:37:29.372773,100.0,55.72951889038086,400.0
2026-04-23T15:37:31.577819,100.0,55.62834548950195,400.0
2026-04-23T15:37:33.785021,100.0,55.678932189941406,400.0
2026-04-23T15:37:35.987254,100.0,55.5777587890625,400.0
2026-04-23T15:37:38.189345,100.0,55.5777587890625,400.0
2026-04-23T15:37:40.391643,100.0,55.5777587890625,400.0
2026-04-23T15:37:42.606501,100.0,55.62834548950195,400.0
2026-04-23T15:37:44.810360,100.0,55.476585388183594,400.0
2026-04-23T15:37:47.016298,100.0,55.52717208862305,400.0
2026-04-23T15:37:49.220543,100.0,55.52717208862305,400.0
2026-04-23T15:37:51.425196,100.0,55.52717208862305,400.0
2026-04-23T15:37:53.634228,100.0,55.52717208862305,400.0
2026-04-23T15:37:55.836598,100.0,55.476585388183594,400.0
2026-04-23T15:37:58.041972,100.0,55.42599868774414,400.0
2026-04-23T15:38:00.244666,100.0,55.42599868774414,400.0
2026-04-23T15:38:02.454009,100.0,55.476585388183594,400.0
2026-04-23T15:38:04.656489,100.0,55.42599868774414,400.0
2026-04-23T15:38:06.861423,100.0,55.37541580200195,400.0
2026-04-23T15:38:09.067391,100.0,55.3248291015625,400.0
2026-04-23T15:38:11.271653,100.0,55.3248291015625,400.0
2026-04-23T15:38:13.475919,100.0,55.3248291015625,400.0
2026-04-23T15:38:15.677566,100.0,55.27424240112305,400.0
2026-04-23T15:38:17.880468,100.0,55.223655700683594,400.0
2026-04-23T15:38:20.086187,100.0,55.27424240112305,400.0
2026-04-23T15:38:22.290183,100.0,55.27424240112305,400.0
2026-04-23T15:38:24.494914,100.0,55.223655700683594,400.0
2026-04-23T15:38:26.696591,100.0,55.17306900024414,400.0
2026-04-23T15:38:28.901902,100.0,55.17306900024414,400.0
2026-04-23T15:38:31.106180,100.0,55.27424240112305,400.0
2026-04-23T15:38:33.310052,100.0,55.071895599365234,400.0
2026-04-23T15:38:35.511689,100.0,55.02130889892578,400.0
2026-04-23T15:38:37.716058,100.0,55.17306900024414,400.0
2026-04-23T15:38:39.920256,100.0,55.071895599365234,400.0
2026-04-23T15:38:42.124789,100.0,55.071895599365234,400.0
2026-04-23T15:38:44.330721,100.0,55.12248229980469,400.0
2026-04-23T15:38:46.534893,100.0,55.17306900024414,400.0
2026-04-23T15:38:48.738531,100.0,55.223655700683594,400.0
2026-04-23T15:38:50.941570,100.0,55.37541580200195,400.0
2026-04-23T15:38:53.146016,100.0,55.37541580200195,400.0
2026-04-23T15:38:55.350389,100.0,55.3248291015625,400.0
2026-04-23T15:38:57.555215,100.0,55.476585388183594,400.0
2026-04-23T15:38:59.759028,100.0,55.476585388183594,400.0
2026-04-23T15:39:01.962916,100.0,55.678932189941406,400.0
2026-04-23T15:39:04.167300,100.0,55.72951889038086,400.0
2026-04-23T15:39:06.369391,100.0,55.8306884765625,400.0
2026-04-23T15:39:08.572113,100.0,55.88127517700195,400.0
2026-04-23T15:39:10.780741,100.0,55.931861877441406,400.0
2026-04-23T15:39:12.984005,100.0,55.931861877441406,400.0
2026-04-23T15:39:15.190891,100.0,55.98244857788086,400.0
2026-04-23T15:39:17.396251,100.0,56.083621978759766,400.0
2026-04-23T15:39:19.607252,100.0,56.184791564941406,400.0
2026-04-23T15:39:21.812525,100.0,56.184791564941406,400.0
2026-04-23T15:39:24.016678,100.0,56.28596496582031,400.0
2026-04-23T15:39:26.221760,100.0,56.38713836669922,400.0
2026-04-23T15:39:28.426316,100.0,56.43772506713867,400.0
2026-04-23T15:39:30.629002,100.0,56.43772506713867,400.0
2026-04-23T15:39:32.832262,100.0,56.43772506713867,400.0
2026-04-23T15:39:35.043352,100.0,56.53889846801758,400.0
2026-04-23T15:39:37.245740,100.0,56.64006805419922,400.0
2026-04-23T15:39:39.450728,100.0,56.64006805419922,400.0
2026-04-23T15:39:41.662663,100.0,56.69065475463867,400.0
2026-04-23T15:39:43.870136,100.0,56.84241485595703,400.0
2026-04-23T15:39:46.075352,100.0,56.94358825683594,400.0
2026-04-23T15:39:48.278626,100.0,56.94358825683594,400.0
2026-04-23T15:39:50.484018,100.0,56.994171142578125,400.0
2026-04-23T15:39:52.690361,100.0,57.04475784301758,400.0
2026-04-23T15:39:54.893394,100.0,56.893001556396484,400.0
2026-04-23T15:39:57.095559,100.0,57.09534454345703,400.0
2026-04-23T15:39:59.299462,100.0,57.19651794433594,400.0
2026-04-23T15:40:01.503414,100.0,57.24710464477539,400.0
2026-04-23T15:40:03.707139,100.0,57.04475784301758,400.0
2026-04-23T15:40:05.917897,100.0,57.09534454345703,400.0
2026-04-23T15:40:08.122811,100.0,57.04475784301758,400.0
2026-04-23T15:40:10.328120,100.0,56.994171142578125,400.0
2026-04-23T15:40:12.530389,100.0,56.94358825683594,400.0
2026-04-23T15:40:14.733021,100.0,56.94358825683594,400.0
2026-04-23T15:40:16.938542,100.0,56.893001556396484,400.0
2026-04-23T15:40:19.140770,100.0,56.84241485595703,400.0
2026-04-23T15:40:21.348254,100.0,56.79182815551758,400.0
2026-04-23T15:40:23.551004,100.0,56.69065475463867,400.0
2026-04-23T15:40:25.755289,100.0,56.741241455078125,400.0
2026-04-23T15:40:27.959202,100.0,56.741241455078125,400.0
2026-04-23T15:40:30.164677,100.0,56.488311767578125,400.0
2026-04-23T15:40:32.372176,100.0,56.589481353759766,400.0
2026-04-23T15:40:34.577004,100.0,56.53889846801758,400.0
2026-04-23T15:40:36.781314,100.0,56.53889846801758,400.0
2026-04-23T15:40:38.987310,100.0,56.589481353759766,400.0
2026-04-23T15:40:41.192440,100.0,56.43772506713867,400.0
2026-04-23T15:40:43.396221,100.0,56.488311767578125,400.0
2026-04-23T15:40:45.601059,100.0,56.488311767578125,400.0
2026-04-23T15:40:47.804263,100.0,56.38713836669922,400.0
2026-04-23T15:40:50.008758,100.0,56.28596496582031,400.0
2026-04-23T15:40:52.211101,100.0,56.28596496582031,400.0
2026-04-23T15:40:54.416821,100.0,56.23537826538086,400.0
2026-04-23T15:40:56.623842,100.0,56.13420867919922,400.0
2026-04-23T15:40:58.826938,100.0,56.13420867919922,400.0
2026-04-23T15:41:01.028679,100.0,56.23537826538086,400.0
2026-04-23T15:41:03.239493,100.0,56.03303527832031,400.0
2026-04-23T15:41:05.442698,100.0,56.03303527832031,400.0
2026-04-23T15:41:07.653019,100.0,56.03303527832031,400.0
2026-04-23T15:41:09.856769,100.0,55.98244857788086,400.0
2026-04-23T15:41:12.059513,100.0,55.931861877441406,400.0
2026-04-23T15:41:14.262740,100.0,55.8306884765625,400.0
2026-04-23T15:41:16.466319,100.0,55.88127517700195,400.0
2026-04-23T15:41:18.671010,100.0,55.8306884765625,400.0
2026-04-23T15:41:20.874320,100.0,55.8306884765625,400.0
2026-04-23T15:41:23.079514,100.0,55.8306884765625,400.0
2026-04-23T15:41:25.284049,100.0,55.72951889038086,400.0
2026-04-23T15:41:27.488160,100.0,55.72951889038086,400.0
2026-04-23T15:41:29.691033,100.0,55.72951889038086,400.0
2026-04-23T15:41:31.893895,100.0,55.62834548950195,400.0
2026-04-23T15:41:34.097762,100.0,55.72951889038086,400.0
2026-04-23T15:41:36.301080,100.0,55.78010559082031,400.0
2026-04-23T15:41:38.504513,100.0,55.62834548950195,400.0
2026-04-23T15:41:40.708387,100.0,55.62834548950195,400.0
2026-04-23T15:41:42.910227,100.0,55.62834548950195,400.0
2026-04-23T15:41:45.114744,100.0,55.5777587890625,400.0
2026-04-23T15:41:47.320354,100.0,55.62834548950195,400.0
2026-04-23T15:41:49.523589,100.0,55.52717208862305,400.0
2026-04-23T15:41:51.725666,100.0,55.52717208862305,400.0
2026-04-23T15:41:53.929179,100.0,55.42599868774414,400.0
2026-04-23T15:41:56.133448,100.0,55.42599868774414,400.0
2026-04-23T15:41:58.336514,100.0,55.476585388183594,400.0
2026-04-23T15:42:00.539727,100.0,55.476585388183594,400.0
2026-04-23T15:42:02.748290,100.0,55.37541580200195,400.0
2026-04-23T15:42:04.953824,100.0,55.37541580200195,400.0
2026-04-23T15:42:07.157944,100.0,55.37541580200195,400.0
2026-04-23T15:42:09.362763,100.0,55.27424240112305,400.0
2026-04-23T15:42:11.567721,100.0,55.27424240112305,400.0
2026-04-23T15:42:13.772593,100.0,55.3248291015625,400.0
2026-04-23T15:42:15.975996,100.0,55.223655700683594,400.0
2026-04-23T15:42:18.180179,100.0,55.17306900024414,400.0
2026-04-23T15:42:20.388292,100.0,55.27424240112305,400.0
2026-04-23T15:42:22.592846,100.0,55.223655700683594,400.0
2026-04-23T15:42:24.811696,100.0,55.223655700683594,400.0
2026-04-23T15:42:27.014874,100.0,55.223655700683594,400.0
2026-04-23T15:42:29.221031,100.0,55.223655700683594,400.0
2026-04-23T15:42:31.424610,100.0,55.223655700683594,400.0
2026-04-23T15:42:33.626808,100.0,55.27424240112305,400.0
2026-04-23T15:42:35.830245,100.0,55.223655700683594,400.0
2026-04-23T15:42:38.035212,100.0,55.27424240112305,400.0
2026-04-23T15:42:40.239406,100.0,55.223655700683594,400.0
2026-04-23T15:42:42.442546,100.0,55.223655700683594,400.0
2026-04-23T15:42:44.650911,100.0,55.17306900024414,400.0
2026-04-23T15:42:46.855515,100.0,55.223655700683594,400.0
2026-04-23T15:42:49.065535,100.0,55.17306900024414,400.0
2026-04-23T15:42:51.268471,100.0,55.071895599365234,400.0
2026-04-23T15:42:53.472118,100.0,55.071895599365234,400.0
2026-04-23T15:42:55.675918,100.0,55.12248229980469,400.0
2026-04-23T15:42:57.879099,100.0,55.071895599365234,400.0
2026-04-23T15:43:00.084147,100.0,55.17306900024414,400.0
2026-04-23T15:43:02.286743,100.0,55.12248229980469,400.0
2026-04-23T15:43:04.490482,100.0,55.02130889892578,400.0
2026-04-23T15:43:06.694341,100.0,55.223655700683594,400.0
2026-04-23T15:43:08.899637,100.0,55.27424240112305,400.0
2026-04-23T15:43:11.103040,100.0,55.37541580200195,400.0
2026-04-23T15:43:13.306329,100.0,55.37541580200195,400.0
2026-04-23T15:43:15.510304,100.0,55.42599868774414,400.0
2026-04-23T15:43:17.714427,100.0,55.42599868774414,400.0
2026-04-23T15:43:19.918327,100.0,55.476585388183594,400.0
2026-04-23T15:43:22.122312,100.0,55.62834548950195,400.0
2026-04-23T15:43:24.325153,100.0,55.678932189941406,400.0
2026-04-23T15:43:26.527713,100.0,55.8306884765625,400.0
2026-04-23T15:43:28.732312,100.0,55.8306884765625,400.0
2026-04-23T15:43:30.937968,100.0,55.8306884765625,400.0
2026-04-23T15:43:33.140564,100.0,55.931861877441406,400.0
2026-04-23T15:43:35.343878,100.0,56.083621978759766,400.0
2026-04-23T15:43:37.548055,100.0,56.083621978759766,400.0
2026-04-23T15:43:39.751016,100.0,56.28596496582031,400.0
2026-04-23T15:43:41.956012,100.0,56.28596496582031,400.0
2026-04-23T15:43:44.158751,100.0,56.43772506713867,400.0
2026-04-23T15:43:46.363354,100.0,56.488311767578125,400.0
2026-04-23T15:43:48.567687,100.0,56.43772506713867,400.0
2026-04-23T15:43:50.772652,100.0,56.589481353759766,400.0
2026-04-23T15:43:52.976448,100.0,56.589481353759766,400.0
2026-04-23T15:43:55.179070,100.0,56.69065475463867,400.0
2026-04-23T15:43:57.389177,100.0,56.741241455078125,400.0
2026-04-23T15:43:59.594727,100.0,56.79182815551758,400.0
2026-04-23T15:44:01.799757,100.0,56.79182815551758,400.0
2026-04-23T15:44:04.003394,100.0,56.893001556396484,400.0
2026-04-23T15:44:06.207947,100.0,56.994171142578125,400.0
2026-04-23T15:44:08.410049,100.0,56.84241485595703,400.0
2026-04-23T15:44:10.614339,100.0,56.94358825683594,400.0
2026-04-23T15:44:12.819442,100.0,56.994171142578125,400.0
2026-04-23T15:44:15.022128,100.0,56.94358825683594,400.0
2026-04-23T15:44:17.226567,100.0,57.04475784301758,400.0
2026-04-23T15:44:19.431490,100.0,56.94358825683594,400.0
2026-04-23T15:44:21.633863,100.0,56.994171142578125,400.0
2026-04-23T15:44:23.839103,100.0,56.94358825683594,400.0
2026-04-23T15:44:26.041705,100.0,57.04475784301758,400.0
2026-04-23T15:44:28.246328,100.0,56.94358825683594,400.0
2026-04-23T15:44:30.450607,100.0,57.04475784301758,400.0
2026-04-23T15:44:32.656752,100.0,57.04475784301758,400.0
2026-04-23T15:44:34.858655,100.0,57.145931243896484,400.0
2026-04-23T15:44:37.061362,100.0,57.145931243896484,400.0
2026-04-23T15:44:39.269299,100.0,57.145931243896484,400.0
2026-04-23T15:44:41.471577,100.0,57.145931243896484,400.0
2026-04-23T15:44:43.675285,100.0,57.145931243896484,400.0
2026-04-23T15:44:45.878178,100.0,56.994171142578125,400.0
2026-04-23T15:44:48.082845,100.0,56.893001556396484,400.0
2026-04-23T15:44:50.286435,100.0,57.04475784301758,400.0
2026-04-23T15:44:52.490799,100.0,56.994171142578125,400.0
2026-04-23T15:44:54.694606,100.0,56.893001556396484,400.0
2026-04-23T15:44:56.898317,100.0,56.84241485595703,400.0
2026-04-23T15:44:59.102319,100.0,56.84241485595703,400.0
2026-04-23T15:45:01.305680,100.0,56.69065475463867,400.0
2026-04-23T15:45:03.508542,100.0,56.741241455078125,400.0
2026-04-23T15:45:05.718751,100.0,56.741241455078125,400.0
2026-04-23T15:45:07.925834,100.0,56.589481353759766,400.0
2026-04-23T15:45:10.127883,100.0,56.64006805419922,400.0
2026-04-23T15:45:12.334343,100.0,56.53889846801758,400.0
2026-04-23T15:45:14.537922,100.0,56.589481353759766,400.0
2026-04-23T15:45:16.742985,100.0,56.53889846801758,400.0
2026-04-23T15:45:18.947823,100.0,56.43772506713867,400.0
2026-04-23T15:45:21.151750,100.0,56.336551666259766,400.0
2026-04-23T15:45:23.356443,100.0,56.336551666259766,400.0
2026-04-23T15:45:25.561195,100.0,56.336551666259766,400.0
2026-04-23T15:45:27.764146,100.0,56.13420867919922,400.0
2026-04-23T15:45:29.968187,100.0,56.184791564941406,400.0
2026-04-23T15:45:32.172789,100.0,56.23537826538086,400.0
2026-04-23T15:45:34.375846,100.0,56.184791564941406,400.0
2026-04-23T15:45:36.579899,100.0,56.184791564941406,400.0
2026-04-23T15:45:38.788493,100.0,55.98244857788086,400.0
2026-04-23T15:45:40.996526,100.0,55.931861877441406,400.0
2026-04-23T15:45:43.200114,100.0,55.931861877441406,400.0
2026-04-23T15:45:45.404085,100.0,55.98244857788086,400.0
2026-04-23T15:45:47.608425,100.0,55.98244857788086,400.0
2026-04-23T15:45:49.812445,100.0,55.88127517700195,400.0
2026-04-23T15:45:52.016871,100.0,55.931861877441406,400.0
2026-04-23T15:45:54.220861,100.0,55.88127517700195,400.0
2026-04-23T15:45:56.426855,100.0,55.88127517700195,400.0
2026-04-23T15:45:58.632366,100.0,55.8306884765625,400.0
2026-04-23T15:46:00.835555,100.0,55.678932189941406,400.0
2026-04-23T15:46:03.039793,100.0,55.78010559082031,400.0
2026-04-23T15:46:05.244368,100.0,55.62834548950195,400.0
2026-04-23T15:46:07.447577,100.0,55.72951889038086,400.0
2026-04-23T15:46:09.651938,100.0,55.678932189941406,400.0
2026-04-23T15:46:11.856004,100.0,55.62834548950195,400.0
2026-04-23T15:46:14.059124,100.0,55.62834548950195,400.0
2026-04-23T15:46:16.264839,100.0,55.5777587890625,400.0
2026-04-23T15:46:18.469803,100.0,55.52717208862305,400.0
2026-04-23T15:46:20.674748,100.0,55.62834548950195,400.0
2026-04-23T15:46:22.881020,100.0,55.5777587890625,400.0
2026-04-23T15:46:25.085033,100.0,55.52717208862305,400.0
2026-04-23T15:46:27.290380,100.0,55.62834548950195,400.0
2026-04-23T15:46:29.494360,100.0,55.52717208862305,400.0
2026-04-23T15:46:31.697784,100.0,55.42599868774414,400.0
2026-04-23T15:46:33.905896,100.0,55.42599868774414,400.0
2026-04-23T15:46:36.108158,100.0,55.42599868774414,400.0
2026-04-23T15:46:38.311058,100.0,55.3248291015625,400.0
2026-04-23T15:46:40.517825,100.0,55.37541580200195,400.0
2026-04-23T15:46:42.723503,100.0,55.223655700683594,400.0
2026-04-23T15:46:44.926874,100.0,55.223655700683594,400.0
2026-04-23T15:46:47.128850,100.0,55.223655700683594,400.0
2026-04-23T15:46:49.332478,100.0,55.223655700683594,400.0
2026-04-23T15:46:51.537436,100.0,55.3248291015625,400.0
2026-04-23T15:46:53.744704,100.0,55.223655700683594,400.0
2026-04-23T15:46:55.953038,100.0,55.223655700683594,400.0
2026-04-23T15:46:58.156807,100.0,55.17306900024414,400.0
2026-04-23T15:47:00.358689,100.0,55.12248229980469,400.0
2026-04-23T15:47:02.561381,100.0,55.071895599365234,400.0
2026-04-23T15:47:04.763755,100.0,55.02130889892578,400.0
2026-04-23T15:47:06.968539,100.0,55.071895599365234,400.0
2026-04-23T15:47:09.175069,100.0,55.17306900024414,400.0
2026-04-23T15:47:11.378865,100.0,55.071895599365234,400.0
2026-04-23T15:47:13.587701,100.0,55.17306900024414,400.0
2026-04-23T15:47:15.791806,100.0,55.17306900024414,400.0
2026-04-23T15:47:17.994800,100.0,55.12248229980469,400.0
2026-04-23T15:47:20.199112,100.0,55.071895599365234,400.0
2026-04-23T15:47:22.402736,100.0,55.12248229980469,400.0
2026-04-23T15:47:24.607292,100.0,55.071895599365234,400.0
2026-04-23T15:47:26.810831,100.0,54.970726013183594,400.0
2026-04-23T15:47:29.019597,100.0,55.02130889892578,400.0
2026-04-23T15:47:31.222989,100.0,55.071895599365234,400.0
2026-04-23T15:47:33.425642,100.0,54.970726013183594,400.0
2026-04-23T15:47:35.629427,100.0,54.92013931274414,400.0
2026-04-23T15:47:37.834965,100.0,54.92013931274414,400.0
2026-04-23T15:47:40.039080,100.0,54.92013931274414,400.0
2026-04-23T15:47:42.245138,100.0,54.86955261230469,400.0
2026-04-23T15:47:44.449621,100.0,54.818965911865234,400.0
2026-04-23T15:47:46.654323,100.0,54.818965911865234,400.0
2026-04-23T15:47:48.860424,100.0,54.86955261230469,400.0
2026-04-23T15:47:51.065018,100.0,54.76837921142578,400.0
2026-04-23T15:47:53.268160,100.0,54.76837921142578,400.0
2026-04-23T15:47:55.471717,100.0,54.76837921142578,400.0
2026-04-23T15:47:57.675863,100.0,54.76837921142578,400.0
2026-04-23T15:47:59.888371,100.0,54.667205810546875,400.0
2026-04-23T15:48:02.091765,100.0,54.76837921142578,400.0
2026-04-23T15:48:04.298117,100.0,54.667205810546875,400.0
2026-04-23T15:48:06.502316,100.0,54.71779251098633,400.0
2026-04-23T15:48:08.705192,100.0,54.51544952392578,400.0
2026-04-23T15:48:10.913195,100.0,54.566036224365234,400.0
2026-04-23T15:48:13.117015,100.0,54.51544952392578,400.0
2026-04-23T15:48:15.320179,100.0,54.566036224365234,400.0
2026-04-23T15:48:17.523595,100.0,54.46486282348633,400.0
2026-04-23T15:48:19.728048,100.0,54.46486282348633,400.0
2026-04-23T15:48:21.931845,100.0,54.566036224365234,400.0
2026-04-23T15:48:24.136423,100.0,54.51544952392578,400.0
2026-04-23T15:48:26.343049,100.0,54.667205810546875,400.0
2026-04-23T15:48:28.544714,100.0,54.61661911010742,400.0
2026-04-23T15:48:30.751644,100.0,54.667205810546875,400.0
2026-04-23T15:48:32.956453,100.0,54.667205810546875,400.0
2026-04-23T15:48:35.166153,100.0,54.61661911010742,400.0
2026-04-23T15:48:37.368566,100.0,54.667205810546875,400.0
2026-04-23T15:48:39.575364,100.0,54.51544952392578,400.0
2026-04-23T15:48:41.777626,100.0,54.51544952392578,400.0
2026-04-23T15:48:43.982265,100.0,54.51544952392578,400.0
2026-04-23T15:48:46.185820,100.0,54.46486282348633,400.0
2026-04-23T15:48:48.392643,100.0,54.414276123046875,400.0
2026-04-23T15:48:50.595558,100.0,54.51544952392578,400.0
2026-04-23T15:48:52.799740,100.0,54.46486282348633,400.0
2026-04-23T15:48:55.003040,100.0,54.46486282348633,400.0
2026-04-23T15:48:57.206832,100.0,54.46486282348633,400.0
2026-04-23T15:48:59.408536,100.0,54.46486282348633,400.0
2026-04-23T15:49:01.611497,100.0,54.46486282348633,400.0
2026-04-23T15:49:03.815893,100.0,54.566036224365234,400.0
2026-04-23T15:49:06.020554,100.0,54.51544952392578,400.0
2026-04-23T15:49:08.226244,100.0,54.46486282348633,400.0
2026-04-23T15:49:10.429503,100.0,54.566036224365234,400.0
2026-04-23T15:49:12.640738,100.0,54.414276123046875,400.0
2026-04-23T15:49:14.844208,100.0,54.414276123046875,400.0
2026-04-23T15:49:17.052581,100.0,54.414276123046875,400.0
2026-04-23T15:49:19.258388,100.0,54.36368942260742,400.0
2026-04-23T15:49:21.465822,100.0,54.414276123046875,400.0
2026-04-23T15:49:23.671688,100.0,54.414276123046875,400.0
2026-04-23T15:49:25.880234,100.0,54.46486282348633,400.0
2026-04-23T15:49:28.100875,100.0,54.414276123046875,400.0
2026-04-23T15:49:30.305554,100.0,54.46486282348633,400.0
2026-04-23T15:49:32.508057,100.0,54.46486282348633,400.0
2026-04-23T15:49:34.710970,100.0,54.61661911010742,400.0
2026-04-23T15:49:36.922219,100.0,54.667205810546875,400.0
2026-04-23T15:49:39.124786,100.0,54.76837921142578,400.0
2026-04-23T15:49:41.331360,100.0,54.92013931274414,400.0
2026-04-23T15:49:43.536907,100.0,54.818965911865234,400.0
2026-04-23T15:49:45.742637,100.0,54.92013931274414,400.0
2026-04-23T15:49:47.944507,100.0,55.071895599365234,400.0
2026-04-23T15:49:50.147341,100.0,55.17306900024414,400.0
2026-04-23T15:49:52.354738,100.0,55.071895599365234,400.0
2026-04-23T15:49:54.558999,100.0,55.071895599365234,400.0
2026-04-23T15:49:56.766680,100.0,55.12248229980469,400.0
2026-04-23T15:49:58.975209,100.0,55.223655700683594,400.0
2026-04-23T15:50:01.176964,100.0,55.3248291015625,400.0
2026-04-23T15:50:03.384666,100.0,55.3248291015625,400.0
2026-04-23T15:50:05.588092,100.0,55.27424240112305,400.0
2026-04-23T15:50:07.796619,100.0,55.42599868774414,400.0
2026-04-23T15:50:10.000792,100.0,55.42599868774414,400.0
2026-04-23T15:50:12.204274,100.0,55.52717208862305,400.0
2026-04-23T15:50:14.408671,100.0,55.5777587890625,400.0
2026-04-23T15:50:16.611241,100.0,55.5777587890625,400.0
2026-04-23T15:50:18.818085,100.0,55.62834548950195,400.0
2026-04-23T15:50:21.023354,100.0,55.72951889038086,400.0
2026-04-23T15:50:23.231778,100.0,55.678932189941406,400.0
2026-04-23T15:50:25.435571,100.0,55.78010559082031,400.0
2026-04-23T15:50:27.639056,100.0,55.72951889038086,400.0
2026-04-23T15:50:29.851765,100.0,55.78010559082031,400.0
2026-04-23T15:50:32.056246,100.0,55.931861877441406,400.0
2026-04-23T15:50:34.263133,100.0,55.88127517700195,400.0
2026-04-23T15:50:36.468625,100.0,55.8306884765625,400.0
2026-04-23T15:50:38.675006,100.0,55.88127517700195,400.0
2026-04-23T15:50:40.877256,100.0,55.98244857788086,400.0
2026-04-23T15:50:43.079147,100.0,55.931861877441406,400.0
2026-04-23T15:50:45.281657,100.0,56.03303527832031,400.0
2026-04-23T15:50:47.489779,100.0,56.03303527832031,400.0
2026-04-23T15:50:49.693338,100.0,56.13420867919922,400.0
2026-04-23T15:50:51.896506,100.0,56.184791564941406,400.0
2026-04-23T15:50:54.099259,100.0,56.13420867919922,400.0
2026-04-23T15:50:56.304354,100.0,56.28596496582031,400.0
2026-04-23T15:50:58.507196,100.0,56.28596496582031,400.0
2026-04-23T15:51:00.713997,100.0,56.28596496582031,400.0
2026-04-23T15:51:02.918466,100.0,56.336551666259766,400.0
2026-04-23T15:51:05.123658,100.0,56.38713836669922,400.0
2026-04-23T15:51:07.328219,100.0,56.43772506713867,400.0
2026-04-23T15:51:09.533847,100.0,56.38713836669922,400.0
2026-04-23T15:51:11.737058,100.0,56.43772506713867,400.0
2026-04-23T15:51:13.940746,100.0,56.43772506713867,400.0
2026-04-23T15:51:16.146121,100.0,56.53889846801758,400.0
2026-04-23T15:51:18.352312,100.0,56.53889846801758,400.0
2026-04-23T15:51:20.555281,100.0,56.53889846801758,400.0
2026-04-23T15:51:22.757682,100.0,56.488311767578125,400.0
2026-04-23T15:51:24.963924,100.0,56.589481353759766,400.0
2026-04-23T15:51:27.168817,100.0,56.64006805419922,400.0
2026-04-23T15:51:29.373572,100.0,56.64006805419922,400.0
2026-04-23T15:51:31.578199,100.0,56.64006805419922,400.0
2026-04-23T15:51:33.783914,100.0,56.64006805419922,400.0
2026-04-23T15:51:35.987733,100.0,56.79182815551758,400.0
2026-04-23T15:51:38.191067,100.0,56.79182815551758,400.0
2026-04-23T15:51:40.393929,100.0,56.79182815551758,400.0
2026-04-23T15:51:42.600332,100.0,56.84241485595703,400.0
2026-04-23T15:51:44.803908,100.0,56.79182815551758,400.0
2026-04-23T15:51:47.011795,100.0,57.04475784301758,400.0
2026-04-23T15:51:49.226758,100.0,57.09534454345703,400.0
2026-04-23T15:51:51.429267,100.0,56.994171142578125,400.0
2026-04-23T15:51:53.633028,100.0,56.84241485595703,400.0
2026-04-23T15:51:55.836481,100.0,56.893001556396484,400.0
2026-04-23T15:51:58.040607,100.0,56.84241485595703,400.0
2026-04-23T15:52:00.245706,100.0,56.84241485595703,400.0
2026-04-23T15:52:02.449030,100.0,56.84241485595703,400.0
2026-04-23T15:52:04.656441,100.0,56.64006805419922,400.0
2026-04-23T15:52:06.859929,100.0,56.69065475463867,400.0
2026-04-23T15:52:09.066211,100.0,56.64006805419922,400.0
2026-04-23T15:52:11.270615,100.0,56.589481353759766,400.0
2026-04-23T15:52:13.476735,100.0,56.488311767578125,400.0
2026-04-23T15:52:15.680187,100.0,56.53889846801758,400.0
2026-04-23T15:52:17.884011,100.0,56.38713836669922,400.0
2026-04-23T15:52:20.087056,100.0,56.43772506713867,400.0
2026-04-23T15:52:22.290874,100.0,56.28596496582031,400.0
2026-04-23T15:52:24.495236,100.0,56.23537826538086,400.0
2026-04-23T15:52:26.698574,100.0,56.184791564941406,400.0
2026-04-23T15:52:28.903577,100.0,56.13420867919922,400.0
2026-04-23T15:52:31.107127,100.0,56.13420867919922,400.0
2026-04-23T15:52:33.311157,100.0,56.13420867919922,400.0
2026-04-23T15:52:35.515637,100.0,56.13420867919922,400.0
2026-04-23T15:52:37.720166,100.0,56.184791564941406,400.0
2026-04-23T15:52:39.926712,100.0,56.03303527832031,400.0
2026-04-23T15:52:42.128864,100.0,55.98244857788086,400.0
2026-04-23T15:52:44.334811,100.0,56.03303527832031,400.0
2026-04-23T15:52:46.538442,100.0,55.98244857788086,400.0
2026-04-23T15:52:48.742445,100.0,56.03303527832031,400.0
2026-04-23T15:52:50.945706,100.0,55.931861877441406,400.0
2026-04-23T15:52:53.151515,100.0,55.98244857788086,400.0
2026-04-23T15:52:55.355688,100.0,55.98244857788086,400.0
2026-04-23T15:52:57.561536,100.0,55.98244857788086,400.0
2026-04-23T15:52:59.765033,100.0,55.88127517700195,400.0
2026-04-23T15:53:01.972390,100.0,55.88127517700195,400.0
2026-04-23T15:53:04.176348,100.0,55.8306884765625,400.0
2026-04-23T15:53:06.382436,100.0,55.78010559082031,400.0
2026-04-23T15:53:08.586547,100.0,55.78010559082031,400.0
2026-04-23T15:53:10.791048,100.0,55.72951889038086,400.0
2026-04-23T15:53:12.994625,100.0,55.78010559082031,400.0
2026-04-23T15:53:15.199967,100.0,55.62834548950195,400.0
2026-04-23T15:53:17.403321,80.2,55.42599868774414,400.0
2026-04-23T15:53:19.607965,94.3,55.42599868774414,400.0
2026-04-23T15:53:21.813034,97.1,55.223655700683594,400.0
2026-04-23T15:53:24.017310,93.5,55.27424240112305,400.0
2026-04-23T15:53:26.223045,97.0,55.223655700683594,400.0
2026-04-23T15:53:28.427072,97.3,55.12248229980469,400.0
2026-04-23T15:53:30.629125,97.4,55.27424240112305,400.0
2026-04-23T15:53:32.832541,96.9,55.17306900024414,400.0
2026-04-23T15:53:35.038993,96.8,55.3248291015625,400.0
2026-04-23T15:53:37.243025,97.3,55.17306900024414,400.0
2026-04-23T15:53:39.455455,92.7,55.17306900024414,400.0
2026-04-23T15:53:41.660952,97.5,55.12248229980469,400.0
2026-04-23T15:53:43.865882,97.4,55.12248229980469,400.0
2026-04-23T15:53:46.068994,97.2,55.071895599365234,400.0
2026-04-23T15:53:48.272335,95.3,54.92013931274414,400.0
2026-04-23T15:53:50.475564,93.5,55.02130889892578,400.0
2026-04-23T15:53:52.678531,96.9,55.02130889892578,400.0
2026-04-23T15:53:54.883484,96.3,54.970726013183594,400.0
2026-04-23T15:53:57.086727,96.7,55.02130889892578,400.0
2026-04-23T15:53:59.288573,96.2,55.02130889892578,400.0
2026-04-23T15:54:01.491139,97.9,54.92013931274414,400.0
2026-04-23T15:54:03.693233,93.0,54.970726013183594,400.0
2026-04-23T15:54:05.896233,96.9,54.86955261230469,400.0
2026-04-23T15:54:08.101034,97.7,54.818965911865234,400.0
2026-04-23T15:54:10.305025,96.2,54.970726013183594,400.0
2026-04-23T15:54:12.510099,97.6,54.970726013183594,400.0
2026-04-23T15:54:14.715217,97.9,54.818965911865234,400.0
2026-04-23T15:54:16.920229,97.0,54.818965911865234,400.0
2026-04-23T15:54:19.122288,97.6,54.92013931274414,400.0
2026-04-23T15:54:21.323998,90.3,54.76837921142578,400.0
2026-04-23T15:54:23.528568,97.6,54.61661911010742,400.0
2026-04-23T15:54:25.736128,96.0,54.818965911865234,400.0
2026-04-23T15:54:27.939954,98.2,54.818965911865234,400.0
2026-04-23T15:54:30.143485,94.7,54.667205810546875,400.0
2026-04-23T15:54:32.349247,96.7,54.61661911010742,400.0
2026-04-23T15:54:34.553360,97.0,54.414276123046875,400.0
2026-04-23T15:54:36.754882,85.2,54.51544952392578,400.0
2026-04-23T15:54:38.958539,96.7,54.414276123046875,400.0
2026-04-23T15:54:41.161739,97.4,54.61661911010742,400.0
2026-04-23T15:54:43.364949,91.4,54.61661911010742,400.0
2026-04-23T15:54:45.568220,96.8,54.566036224365234,400.0
2026-04-23T15:54:47.772812,92.2,54.566036224365234,400.0
2026-04-23T15:54:49.976301,97.7,54.51544952392578,400.0
2026-04-23T15:54:52.180314,97.2,54.36368942260742,400.0
2026-04-23T15:54:54.387564,97.7,54.51544952392578,400.0
2026-04-23T15:54:56.591797,90.9,54.51544952392578,400.0
2026-04-23T15:54:58.793654,97.9,54.51544952392578,400.0
2026-04-23T15:55:00.998171,97.2,54.61661911010742,400.0
2026-04-23T15:55:03.204439,92.6,54.51544952392578,400.0
2026-04-23T15:55:05.407714,97.7,54.46486282348633,400.0
2026-04-23T15:55:07.611156,92.3,54.46486282348633,400.0
2026-04-23T15:55:09.814341,97.6,54.51544952392578,400.0
2026-04-23T15:55:12.016618,96.3,54.566036224365234,400.0
2026-04-23T15:55:14.218526,97.2,54.566036224365234,400.0
2026-04-23T15:55:16.425021,93.7,54.61661911010742,400.0
2026-04-23T15:55:18.628599,90.6,54.667205810546875,400.0
2026-04-23T15:55:20.834149,97.5,54.61661911010742,400.0
2026-04-23T15:55:23.038853,90.5,54.667205810546875,400.0
2026-04-23T15:55:25.247166,96.6,54.92013931274414,400.0
2026-04-23T15:55:27.450390,95.2,55.071895599365234,400.0
2026-04-23T15:55:29.652714,97.7,55.17306900024414,400.0
2026-04-23T15:55:31.857033,96.0,54.970726013183594,400.0
2026-04-23T15:55:34.060507,96.1,55.12248229980469,400.0
2026-04-23T15:55:36.267406,97.5,55.223655700683594,400.0
2026-04-23T15:55:38.474834,97.4,55.17306900024414,400.0
2026-04-23T15:55:40.677203,97.6,55.3248291015625,400.0
2026-04-23T15:55:42.880546,94.6,55.27424240112305,400.0
2026-04-23T15:55:45.086566,97.6,55.37541580200195,400.0
2026-04-23T15:55:47.288183,88.2,55.476585388183594,400.0
2026-04-23T15:55:49.491249,98.0,55.62834548950195,400.0
2026-04-23T15:55:51.694394,92.5,55.42599868774414,400.0
2026-04-23T15:55:53.898393,96.6,55.476585388183594,400.0
2026-04-23T15:55:56.102344,97.8,55.5777587890625,400.0
2026-04-23T15:55:58.305420,94.3,55.52717208862305,400.0
2026-04-23T15:56:00.507830,97.4,55.52717208862305,400.0
2026-04-23T15:56:02.713349,97.0,55.52717208862305,400.0
2026-04-23T15:56:04.917067,90.1,55.678932189941406,400.0
2026-04-23T15:56:07.120550,98.2,55.72951889038086,400.0
2026-04-23T15:56:09.325878,95.2,55.72951889038086,400.0
2026-04-23T15:56:11.529047,91.8,55.72951889038086,400.0
2026-04-23T15:56:13.735680,97.6,55.78010559082031,400.0
2026-04-23T15:56:15.938859,94.9,55.98244857788086,400.0
2026-04-23T15:56:18.142315,97.6,56.03303527832031,400.0
2026-04-23T15:56:20.346113,97.2,56.03303527832031,400.0
2026-04-23T15:56:22.551191,96.9,56.13420867919922,400.0
2026-04-23T15:56:24.757581,95.8,56.083621978759766,400.0
2026-04-23T15:56:26.959439,96.8,56.13420867919922,400.0
2026-04-23T15:56:29.164493,98.0,56.13420867919922,400.0
2026-04-23T15:56:31.367462,91.1,56.184791564941406,400.0
2026-04-23T15:56:33.570893,96.8,56.083621978759766,400.0
2026-04-23T15:56:35.774478,94.5,56.13420867919922,400.0
2026-04-23T15:56:37.977594,94.0,56.083621978759766,400.0
2026-04-23T15:56:40.185139,98.1,56.083621978759766,400.0
2026-04-23T15:56:42.388354,93.8,56.03303527832031,400.0
2026-04-23T15:56:44.592070,97.7,55.98244857788086,400.0
2026-04-23T15:56:46.803418,97.9,55.931861877441406,400.0
2026-04-23T15:56:49.006096,97.2,55.72951889038086,400.0
2026-04-23T15:56:51.211735,92.6,55.8306884765625,400.0
2026-04-23T15:56:53.416593,96.7,55.72951889038086,400.0
2026-04-23T15:56:55.619314,89.9,55.72951889038086,400.0
2026-04-23T15:56:57.823621,98.0,55.72951889038086,400.0
2026-04-23T15:57:00.025780,97.8,55.678932189941406,400.0
2026-04-23T15:57:02.230401,93.0,55.678932189941406,400.0
2026-04-23T15:57:04.432402,97.6,55.52717208862305,400.0
2026-04-23T15:57:06.636600,97.5,55.5777587890625,400.0
2026-04-23T15:57:08.840505,93.0,55.72951889038086,400.0
2026-04-23T15:57:11.047503,95.1,55.5777587890625,400.0
2026-04-23T15:57:13.251158,97.6,55.52717208862305,400.0
2026-04-23T15:57:15.455187,95.4,55.42599868774414,400.0
2026-04-23T15:57:17.658033,97.5,55.476585388183594,400.0
2026-04-23T15:57:19.860642,88.8,55.42599868774414,400.0
2026-04-23T15:57:22.064403,93.4,55.27424240112305,400.0
2026-04-23T15:57:24.274961,96.9,55.37541580200195,400.0
2026-04-23T15:57:26.479523,93.7,55.42599868774414,400.0
2026-04-23T15:57:28.681952,97.3,55.476585388183594,400.0
2026-04-23T15:57:30.889012,96.8,55.3248291015625,400.0
2026-04-23T15:57:33.091343,96.8,55.223655700683594,400.0
2026-04-23T15:57:35.295649,97.8,55.3248291015625,400.0
2026-04-23T15:57:37.498694,91.0,55.17306900024414,400.0
2026-04-23T15:57:39.702669,97.7,55.12248229980469,400.0
2026-04-23T15:57:41.908481,96.0,55.071895599365234,400.0
2026-04-23T15:57:44.113919,98.0,55.12248229980469,400.0
2026-04-23T15:57:46.318305,98.2,54.86955261230469,400.0
2026-04-23T15:57:48.535349,97.0,55.02130889892578,400.0
2026-04-23T15:57:50.739421,97.2,54.970726013183594,400.0
2026-04-23T15:57:52.941728,90.3,54.92013931274414,400.0
2026-04-23T15:57:55.145201,97.6,54.86955261230469,400.0
2026-04-23T15:57:57.348333,96.4,54.92013931274414,400.0
2026-04-23T15:57:59.555504,97.5,55.02130889892578,400.0
2026-04-23T15:58:01.758304,92.5,54.970726013183594,400.0
2026-04-23T15:58:03.964706,97.5,54.92013931274414,400.0
2026-04-23T15:58:06.168561,97.5,54.92013931274414,400.0
2026-04-23T15:58:08.371557,94.0,54.86955261230469,400.0
2026-04-23T15:58:10.575545,97.3,54.92013931274414,400.0
2026-04-23T15:58:12.781620,90.2,54.667205810546875,400.0
2026-04-23T15:58:14.983716,96.8,54.818965911865234,400.0
2026-04-23T15:58:17.186895,97.5,54.71779251098633,400.0
2026-04-23T15:58:19.391188,96.5,54.71779251098633,400.0
2026-04-23T15:58:21.595743,96.4,54.71779251098633,400.0
2026-04-23T15:58:23.802407,96.3,54.76837921142578,400.0
2026-04-23T15:58:26.005549,97.3,54.71779251098633,400.0
2026-04-23T15:58:28.208568,93.1,54.61661911010742,400.0
2026-04-23T15:58:30.410623,97.6,54.71779251098633,400.0
2026-04-23T15:58:32.616672,94.4,54.566036224365234,400.0
2026-04-23T15:58:34.820752,97.6,54.667205810546875,400.0
2026-04-23T15:58:37.023919,97.8,54.566036224365234,400.0
2026-04-23T15:58:39.228306,97.7,54.61661911010742,400.0
2026-04-23T15:58:41.431013,97.7,54.414276123046875,400.0
2026-04-23T15:58:43.637618,91.9,54.46486282348633,400.0
2026-04-23T15:58:45.840482,97.5,54.46486282348633,400.0
2026-04-23T15:58:48.046705,96.1,54.36368942260742,400.0
2026-04-23T15:58:50.251834,97.8,54.46486282348633,400.0
2026-04-23T15:58:52.456282,98.0,54.51544952392578,400.0
2026-04-23T15:58:54.660090,95.9,54.61661911010742,400.0
2026-04-23T15:58:56.864141,97.8,54.414276123046875,400.0
2026-04-23T15:58:59.070688,87.2,54.414276123046875,400.0
2026-04-23T15:59:01.281942,94.3,54.36368942260742,400.0
2026-04-23T15:59:03.486863,93.5,54.414276123046875,400.0
2026-04-23T15:59:05.690450,97.9,54.36368942260742,400.0
2026-04-23T15:59:07.895645,96.7,54.414276123046875,400.0
2026-04-23T15:59:10.102882,94.1,54.46486282348633,400.0
2026-04-23T15:59:12.306182,98.0,54.46486282348633,400.0
2026-04-23T15:59:14.507956,90.8,54.36368942260742,400.0
2026-04-23T15:59:16.713057,97.6,54.51544952392578,400.0
2026-04-23T15:59:18.919090,94.2,54.566036224365234,400.0
2026-04-23T15:59:21.121055,97.8,54.51544952392578,400.0
2026-04-23T15:59:23.325086,95.8,54.31310272216797,400.0
2026-04-23T15:59:25.536286,98.0,54.46486282348633,400.0
2026-04-23T15:59:27.740039,97.4,54.667205810546875,400.0
2026-04-23T15:59:29.943397,89.8,54.76837921142578,400.0
2026-04-23T15:59:32.149177,97.7,54.76837921142578,400.0
2026-04-23T15:59:34.354917,97.0,55.02130889892578,400.0
2026-04-23T15:59:36.557769,97.7,55.071895599365234,400.0
2026-04-23T15:59:38.761335,90.5,55.071895599365234,400.0
2026-04-23T15:59:40.964471,90.8,55.17306900024414,400.0
2026-04-23T15:59:43.167142,97.8,55.071895599365234,400.0
2026-04-23T15:59:45.373265,94.4,55.223655700683594,400.0
2026-04-23T15:59:47.577191,96.8,55.3248291015625,400.0
2026-04-23T15:59:49.781491,96.7,55.476585388183594,400.0
2026-04-23T15:59:51.984880,97.5,55.476585388183594,400.0
2026-04-23T15:59:54.188660,97.4,55.5777587890625,400.0
2026-04-23T15:59:56.394095,96.9,55.62834548950195,400.0
2026-04-23T15:59:58.600998,96.8,55.52717208862305,400.0
2026-04-23T16:00:00.807265,95.7,55.8306884765625,400.0
2026-04-23T16:00:03.011866,97.5,55.88127517700195,400.0
2026-04-23T16:00:05.216208,95.4,55.931861877441406,400.0
2026-04-23T16:00:07.421564,98.0,55.88127517700195,400.0
2026-04-23T16:00:09.627414,97.6,55.98244857788086,400.0
2026-04-23T16:00:11.833670,91.9,55.931861877441406,400.0
2026-04-23T16:00:14.037038,97.8,56.03303527832031,400.0
2026-04-23T16:00:16.242200,95.9,56.13420867919922,400.0
2026-04-23T16:00:18.445043,97.5,56.03303527832031,400.0
2026-04-23T16:00:20.649694,89.6,56.184791564941406,400.0
2026-04-23T16:00:22.851836,96.9,56.23537826538086,400.0
2026-04-23T16:00:25.054959,96.8,56.23537826538086,400.0
2026-04-23T16:00:27.258590,95.7,56.184791564941406,400.0
2026-04-23T16:00:29.465017,97.3,56.336551666259766,400.0
2026-04-23T16:00:31.666932,97.7,56.38713836669922,400.0
2026-04-23T16:00:33.870395,93.8,56.488311767578125,400.0
2026-04-23T16:00:36.074476,96.3,56.589481353759766,400.0
2026-04-23T16:00:38.278716,97.8,56.488311767578125,400.0
2026-04-23T16:00:40.483603,97.2,56.53889846801758,400.0
2026-04-23T16:00:42.685884,88.9,56.53889846801758,400.0
2026-04-23T16:00:44.890208,97.2,56.64006805419922,400.0
2026-04-23T16:00:47.092244,90.0,56.589481353759766,400.0
2026-04-23T16:00:49.298093,97.9,56.69065475463867,400.0
2026-04-23T16:00:51.505666,97.1,56.69065475463867,400.0
2026-04-23T16:00:53.709247,95.5,56.741241455078125,400.0
2026-04-23T16:00:55.913306,96.6,56.64006805419922,400.0
2026-04-23T16:00:58.119146,97.4,56.741241455078125,400.0
2026-04-23T16:01:00.321263,97.2,56.69065475463867,400.0
2026-04-23T16:01:02.530201,81.9,56.79182815551758,400.0
2026-04-23T16:01:04.735495,97.3,56.79182815551758,400.0
2026-04-23T16:01:06.941248,95.4,56.741241455078125,400.0
2026-04-23T16:01:09.144779,96.7,56.893001556396484,400.0
2026-04-23T16:01:11.350664,97.3,56.94358825683594,400.0
2026-04-23T16:01:13.554250,97.7,56.994171142578125,400.0
2026-04-23T16:01:15.756016,97.3,56.84241485595703,400.0
2026-04-23T16:01:17.959564,94.1,56.84241485595703,400.0
2026-04-23T16:01:20.164610,97.6,56.79182815551758,400.0
2026-04-23T16:01:22.374564,95.7,56.79182815551758,400.0
2026-04-23T16:01:24.576577,97.3,56.64006805419922,400.0
2026-04-23T16:01:26.784858,92.2,56.488311767578125,400.0
2026-04-23T16:01:28.988110,97.1,56.43772506713867,400.0
2026-04-23T16:01:31.193038,97.3,56.336551666259766,400.0
2026-04-23T16:01:33.397789,93.1,56.38713836669922,400.0
2026-04-23T16:01:35.601992,97.8,56.38713836669922,400.0
2026-04-23T16:01:37.804678,92.3,56.488311767578125,400.0
2026-04-23T16:01:40.012702,95.6,56.336551666259766,400.0
2026-04-23T16:01:42.216467,92.3,56.336551666259766,400.0
2026-04-23T16:01:44.423433,93.5,56.23537826538086,400.0
2026-04-23T16:01:46.627340,96.7,56.23537826538086,400.0
2026-04-23T16:01:48.831184,95.7,56.23537826538086,400.0
2026-04-23T16:01:51.034930,97.8,56.184791564941406,400.0
2026-04-23T16:01:53.241980,96.7,56.13420867919922,400.0
2026-04-23T16:01:55.448376,97.4,56.03303527832031,400.0
2026-04-23T16:01:57.651790,97.5,55.8306884765625,400.0
2026-04-23T16:01:59.855179,96.6,55.8306884765625,400.0
2026-04-23T16:02:02.058561,94.7,55.8306884765625,400.0
2026-04-23T16:02:04.260729,96.9,55.8306884765625,400.0
2026-04-23T16:02:06.464992,98.2,55.78010559082031,400.0
2026-04-23T16:02:08.672407,96.0,55.72951889038086,400.0
2026-04-23T16:02:10.875241,97.6,55.72951889038086,400.0
2026-04-23T16:02:13.079758,95.9,55.62834548950195,400.0
2026-04-23T16:02:15.285033,98.2,55.678932189941406,400.0
2026-04-23T16:02:17.489261,97.1,55.62834548950195,400.0
2026-04-23T16:02:19.692243,94.4,55.5777587890625,400.0
2026-04-23T16:02:21.898580,96.7,55.52717208862305,400.0
2026-04-23T16:02:24.102329,90.4,55.5777587890625,400.0
2026-04-23T16:02:26.304742,97.5,55.62834548950195,400.0
2026-04-23T16:02:28.509652,97.9,55.3248291015625,400.0
2026-04-23T16:02:30.719562,93.2,55.42599868774414,400.0
2026-04-23T16:02:32.924136,96.2,55.27424240112305,400.0
2026-04-23T16:02:35.130635,97.1,55.52717208862305,400.0
2026-04-23T16:02:37.335521,97.7,55.12248229980469,400.0
2026-04-23T16:02:39.542142,93.1,55.3248291015625,400.0
2026-04-23T16:02:41.744830,97.5,55.27424240112305,400.0
2026-04-23T16:02:43.947443,95.4,55.223655700683594,400.0
2026-04-23T16:02:46.150651,97.5,55.223655700683594,400.0
2026-04-23T16:02:48.356207,97.7,55.223655700683594,400.0
2026-04-23T16:02:50.564797,96.6,55.17306900024414,400.0
2026-04-23T16:02:52.767092,97.6,55.17306900024414,400.0
2026-04-23T16:02:54.970464,92.4,55.17306900024414,400.0
2026-04-23T16:02:57.173260,97.7,55.27424240112305,400.0
2026-04-23T16:02:59.376127,97.7,55.27424240112305,400.0
2026-04-23T16:03:01.580326,97.6,55.17306900024414,400.0
2026-04-23T16:03:03.784767,97.1,55.17306900024414,400.0
2026-04-23T16:03:05.996277,97.1,55.17306900024414,400.0
2026-04-23T16:03:08.201793,95.3,55.12248229980469,400.0
2026-04-23T16:03:10.405421,95.5,55.02130889892578,400.0
2026-04-23T16:03:12.608789,97.7,55.223655700683594,400.0
2026-04-23T16:03:14.814371,97.7,55.12248229980469,400.0
2026-04-23T16:03:17.018690,96.8,55.12248229980469,400.0
2026-04-23T16:03:19.228430,96.6,55.071895599365234,400.0
2026-04-23T16:03:21.434826,97.8,55.12248229980469,400.0
2026-04-23T16:03:23.638825,95.8,54.970726013183594,400.0
2026-04-23T16:03:25.847225,93.5,55.02130889892578,400.0
2026-04-23T16:03:28.053815,95.8,55.02130889892578,400.0
2026-04-23T16:03:30.257367,96.3,54.970726013183594,400.0
2026-04-23T16:03:32.460651,97.5,55.02130889892578,400.0
2026-04-23T16:03:34.668181,97.0,55.02130889892578,400.0
2026-04-23T16:03:36.870438,96.5,55.02130889892578,400.0
2026-04-23T16:03:39.074985,96.7,55.02130889892578,400.0
2026-04-23T16:03:41.281453,92.0,55.02130889892578,400.0
2026-04-23T16:03:43.483827,97.3,55.12248229980469,400.0
2026-04-23T16:03:45.693553,96.8,55.12248229980469,400.0
2026-04-23T16:03:47.901051,97.6,55.071895599365234,400.0
2026-04-23T16:03:50.104008,95.0,55.12248229980469,400.0
2026-04-23T16:03:52.306571,91.0,55.02130889892578,400.0
2026-04-23T16:03:54.511966,97.0,54.970726013183594,400.0
2026-04-23T16:03:56.714783,96.1,54.818965911865234,400.0
2026-04-23T16:03:58.922750,97.7,54.92013931274414,400.0
2026-04-23T16:04:01.127508,87.8,54.86955261230469,400.0
2026-04-23T16:04:03.335388,97.8,54.92013931274414,400.0
2026-04-23T16:04:05.541036,98.0,54.970726013183594,400.0
2026-04-23T16:04:07.745764,97.7,54.92013931274414,400.0
2026-04-23T16:04:09.951000,97.2,54.970726013183594,400.0
2026-04-23T16:04:12.152802,81.5,54.92013931274414,400.0
2026-04-23T16:04:14.358482,97.5,55.12248229980469,400.0
2026-04-23T16:04:16.564127,94.5,55.17306900024414,400.0
2026-04-23T16:04:18.766217,98.0,55.27424240112305,400.0
2026-04-23T16:04:20.972093,94.6,55.223655700683594,400.0
2026-04-23T16:04:23.174572,96.6,55.3248291015625,400.0
2026-04-23T16:04:25.378902,97.9,55.3248291015625,400.0
2026-04-23T16:04:27.582732,93.7,55.3248291015625,400.0
2026-04-23T16:04:29.786618,97.3,55.42599868774414,400.0
2026-04-23T16:04:31.991844,89.8,55.52717208862305,400.0
2026-04-23T16:04:34.199024,97.4,55.5777587890625,400.0
2026-04-23T16:04:36.402704,97.6,55.62834548950195,400.0
2026-04-23T16:04:38.604881,98.2,55.678932189941406,400.0
2026-04-23T16:04:40.809938,97.3,55.62834548950195,400.0
2026-04-23T16:04:43.015978,96.5,55.78010559082031,400.0
2026-04-23T16:04:45.219527,96.7,55.8306884765625,400.0
2026-04-23T16:04:47.428022,88.7,55.78010559082031,400.0
2026-04-23T16:04:49.631935,97.5,55.8306884765625,400.0
2026-04-23T16:04:51.834119,97.9,55.98244857788086,400.0
2026-04-23T16:04:54.038823,97.7,56.03303527832031,400.0
2026-04-23T16:04:56.246831,97.9,56.03303527832031,400.0
2026-04-23T16:04:58.450754,92.4,56.083621978759766,400.0
2026-04-23T16:05:00.655970,98.1,55.98244857788086,400.0
2026-04-23T16:05:02.862972,89.8,55.98244857788086,400.0
2026-04-23T16:05:05.067503,97.9,56.03303527832031,400.0
2026-04-23T16:05:07.273028,97.4,56.083621978759766,400.0
2026-04-23T16:05:09.478709,97.0,56.13420867919922,400.0
2026-04-23T16:05:11.682532,97.7,56.13420867919922,400.0
2026-04-23T16:05:13.885025,96.0,56.184791564941406,400.0
2026-04-23T16:05:16.089792,97.0,56.28596496582031,400.0
2026-04-23T16:05:18.293016,86.3,56.23537826538086,400.0
2026-04-23T16:05:20.498911,89.3,56.336551666259766,400.0
2026-04-23T16:05:22.700847,97.7,56.336551666259766,400.0
2026-04-23T16:05:24.904225,97.5,56.28596496582031,400.0
2026-04-23T16:05:27.108714,96.2,56.083621978759766,400.0
2026-04-23T16:05:29.314675,95.4,56.23537826538086,400.0
2026-04-23T16:05:31.520811,97.8,56.28596496582031,400.0
2026-04-23T16:05:33.724936,95.1,56.03303527832031,400.0
2026-04-23T16:05:35.928612,97.9,56.13420867919922,400.0
2026-04-23T16:05:38.132554,94.0,56.083621978759766,400.0
2026-04-23T16:05:40.334340,97.8,56.13420867919922,400.0
2026-04-23T16:05:42.535974,97.8,55.98244857788086,400.0
2026-04-23T16:05:44.740449,90.1,56.03303527832031,400.0
2026-04-23T16:05:46.943624,97.6,55.98244857788086,400.0
2026-04-23T16:05:49.149046,90.3,55.98244857788086,400.0
2026-04-23T16:05:51.354316,97.6,55.931861877441406,400.0
2026-04-23T16:05:53.556676,96.5,55.88127517700195,400.0
2026-04-23T16:05:55.761979,95.3,56.03303527832031,400.0
2026-04-23T16:05:57.966145,97.8,55.88127517700195,400.0
2026-04-23T16:06:00.169664,97.4,55.931861877441406,400.0
2026-04-23T16:06:02.373188,96.7,55.78010559082031,400.0
2026-04-23T16:06:04.578725,92.8,55.931861877441406,400.0
2026-04-23T16:06:06.781578,97.0,55.8306884765625,400.0
2026-04-23T16:06:08.987178,97.8,55.72951889038086,400.0
2026-04-23T16:06:11.191816,97.3,55.72951889038086,400.0
2026-04-23T16:06:13.397404,97.6,55.678932189941406,400.0
2026-04-23T16:06:15.602398,95.6,55.62834548950195,400.0
2026-04-23T16:06:17.806517,98.1,55.52717208862305,400.0
2026-04-23T16:06:20.010459,97.4,55.72951889038086,400.0
2026-04-23T16:06:22.213658,96.5,55.62834548950195,400.0
2026-04-23T16:06:24.415763,96.8,55.62834548950195,400.0
2026-04-23T16:06:26.620280,97.8,55.62834548950195,400.0
2026-04-23T16:06:28.825028,97.1,55.476585388183594,400.0
2026-04-23T16:06:31.028344,95.3,55.52717208862305,400.0
2026-04-23T16:06:33.231488,96.9,55.42599868774414,400.0
2026-04-23T16:06:35.443513,84.3,55.37541580200195,400.0
2026-04-23T16:06:37.648439,97.4,55.37541580200195,400.0
2026-04-23T16:06:39.853744,96.7,55.37541580200195,400.0
2026-04-23T16:06:42.059195,98.1,55.3248291015625,400.0
2026-04-23T16:06:44.267235,97.2,55.12248229980469,400.0
2026-04-23T16:06:46.470173,97.5,55.17306900024414,400.0
2026-04-23T16:06:48.672892,97.4,55.17306900024414,400.0
2026-04-23T16:06:50.875889,97.6,55.223655700683594,400.0
2026-04-23T16:06:53.081747,97.5,55.223655700683594,400.0
2026-04-23T16:06:55.284336,94.2,55.223655700683594,400.0
2026-04-23T16:06:57.492318,91.6,55.27424240112305,400.0
2026-04-23T16:06:59.696700,98.1,55.17306900024414,400.0
2026-04-23T16:07:01.901686,96.2,55.071895599365234,400.0
2026-04-23T16:07:04.106783,97.9,55.12248229980469,400.0
2026-04-23T16:07:06.309756,97.8,55.12248229980469,400.0
2026-04-23T16:07:08.515431,97.3,55.223655700683594,400.0
2026-04-23T16:07:10.717948,94.6,55.12248229980469,400.0
2026-04-23T16:07:12.924423,97.3,55.12248229980469,400.0
2026-04-23T16:07:15.128894,97.4,55.071895599365234,400.0
2026-04-23T16:07:17.333762,93.4,55.12248229980469,400.0
2026-04-23T16:07:19.539358,96.5,55.02130889892578,400.0
2026-04-23T16:07:21.742200,94.2,55.02130889892578,400.0
2026-04-23T16:07:23.946609,97.5,55.02130889892578,400.0
2026-04-23T16:07:26.149285,97.8,54.970726013183594,400.0
2026-04-23T16:07:28.354192,96.2,55.02130889892578,400.0
2026-04-23T16:07:30.555830,92.4,54.86955261230469,400.0
2026-04-23T16:07:32.759755,97.6,55.071895599365234,400.0
2026-04-23T16:07:34.964028,98.1,54.92013931274414,400.0
2026-04-23T16:07:37.166700,97.0,54.92013931274414,400.0
2026-04-23T16:07:39.370167,97.6,54.92013931274414,400.0
2026-04-23T16:07:41.573168,95.4,54.86955261230469,400.0
2026-04-23T16:07:43.777342,97.4,54.970726013183594,400.0
2026-04-23T16:07:45.984074,98.0,54.86955261230469,400.0
2026-04-23T16:07:48.187662,97.6,54.76837921142578,400.0
2026-04-23T16:07:50.393011,97.7,54.86955261230469,400.0
2026-04-23T16:07:52.598689,89.8,54.86955261230469,400.0
2026-04-23T16:07:54.800708,97.8,54.92013931274414,400.0
2026-04-23T16:07:57.009609,97.8,54.92013931274414,400.0
2026-04-23T16:07:59.214739,96.8,54.970726013183594,400.0
2026-04-23T16:08:01.419665,96.8,55.12248229980469,400.0
2026-04-23T16:08:03.627054,96.1,55.223655700683594,400.0
2026-04-23T16:08:05.829498,96.3,54.970726013183594,400.0
2026-04-23T16:08:08.032544,85.9,55.223655700683594,400.0
2026-04-23T16:08:10.237157,97.6,55.37541580200195,400.0
2026-04-23T16:08:12.440900,89.0,55.3248291015625,400.0
2026-04-23T16:08:14.646837,96.9,55.476585388183594,400.0
2026-04-23T16:08:16.851494,97.7,55.42599868774414,400.0
2026-04-23T16:08:19.062478,97.0,55.5777587890625,400.0
2026-04-23T16:08:21.265771,97.4,55.5777587890625,400.0
2026-04-23T16:08:23.467638,94.3,55.72951889038086,400.0
2026-04-23T16:08:25.669691,97.9,55.62834548950195,400.0
2026-04-23T16:08:27.872735,93.8,55.62834548950195,400.0
2026-04-23T16:08:30.076830,96.9,55.678932189941406,400.0
2026-04-23T16:08:32.279032,93.8,55.78010559082031,400.0
2026-04-23T16:08:34.482947,97.7,55.88127517700195,400.0
2026-04-23T16:08:36.686923,92.2,55.88127517700195,400.0
2026-04-23T16:08:38.890521,95.1,55.88127517700195,400.0
2026-04-23T16:08:41.094197,97.7,55.88127517700195,400.0
2026-04-23T16:08:43.300011,97.3,55.931861877441406,400.0
2026-04-23T16:08:45.509023,97.0,55.98244857788086,400.0
2026-04-23T16:08:47.714834,97.1,56.03303527832031,400.0
2026-04-23T16:08:49.918578,97.3,56.13420867919922,400.0
2026-04-23T16:08:52.123720,97.4,56.083621978759766,400.0
2026-04-23T16:08:54.327529,97.4,56.184791564941406,400.0
2026-04-23T16:08:56.531437,96.8,56.23537826538086,400.0
2026-04-23T16:08:58.739560,94.9,56.28596496582031,400.0
2026-04-23T16:09:00.942079,97.2,56.336551666259766,400.0
2026-04-23T16:09:03.146169,97.1,56.336551666259766,400.0
2026-04-23T16:09:05.349942,96.7,56.28596496582031,400.0
2026-04-23T16:09:07.554032,96.8,56.23537826538086,400.0
2026-04-23T16:09:09.757874,94.7,56.38713836669922,400.0
2026-04-23T16:09:11.959990,97.3,56.38713836669922,400.0
2026-04-23T16:09:14.165339,96.4,56.43772506713867,400.0
2026-04-23T16:09:16.369007,97.6,56.53889846801758,400.0
2026-04-23T16:09:18.572344,89.5,56.43772506713867,400.0
2026-04-23T16:09:20.778273,96.9,56.43772506713867,400.0
2026-04-23T16:09:22.980236,92.0,56.43772506713867,400.0
2026-04-23T16:09:25.182491,97.2,56.336551666259766,400.0
2026-04-23T16:09:27.388916,96.9,56.336551666259766,400.0
2026-04-23T16:09:29.595895,97.2,56.43772506713867,400.0
2026-04-23T16:09:31.801724,97.2,56.336551666259766,400.0
2026-04-23T16:09:34.006638,94.2,56.23537826538086,400.0
2026-04-23T16:09:36.209440,97.7,56.083621978759766,400.0
2026-04-23T16:09:38.412473,97.9,56.13420867919922,400.0
2026-04-23T16:09:40.619185,90.5,55.98244857788086,400.0
2026-04-23T16:09:42.822656,96.9,55.931861877441406,400.0
2026-04-23T16:09:45.025876,94.1,55.98244857788086,400.0
2026-04-23T16:09:47.229250,97.9,55.931861877441406,400.0
2026-04-23T16:09:49.431662,95.6,55.931861877441406,400.0
2026-04-23T16:09:51.638604,97.8,55.931861877441406,400.0
2026-04-23T16:09:53.840333,97.9,55.78010559082031,400.0
2026-04-23T16:09:56.047179,97.6,55.88127517700195,400.0
2026-04-23T16:09:58.250260,97.8,55.78010559082031,400.0
2026-04-23T16:10:00.453217,90.0,55.78010559082031,400.0
2026-04-23T16:10:02.655099,97.2,55.78010559082031,400.0
2026-04-23T16:10:04.859400,97.3,55.72951889038086,400.0
2026-04-23T16:10:07.063835,97.1,55.678932189941406,400.0
2026-04-23T16:10:09.271918,98.2,55.5777587890625,400.0
2026-04-23T16:10:11.475377,97.7,55.52717208862305,400.0
2026-04-23T16:10:13.678312,96.8,55.52717208862305,400.0
2026-04-23T16:10:15.882994,89.7,55.5777587890625,400.0
2026-04-23T16:10:18.087042,97.4,55.62834548950195,400.0
2026-04-23T16:10:20.289011,97.4,55.42599868774414,400.0
2026-04-23T16:10:22.492636,96.7,55.476585388183594,400.0
2026-04-23T16:10:24.699701,96.6,55.476585388183594,400.0
2026-04-23T16:10:26.904288,97.0,55.42599868774414,400.0
2026-04-23T16:10:29.106279,97.4,55.476585388183594,400.0
2026-04-23T16:10:31.311325,96.8,55.476585388183594,400.0
2026-04-23T16:10:33.515178,96.4,55.3248291015625,400.0
2026-04-23T16:10:35.719814,94.3,55.3248291015625,400.0
2026-04-23T16:10:37.922579,97.5,55.37541580200195,400.0
2026-04-23T16:10:40.124551,97.9,55.223655700683594,400.0
2026-04-23T16:10:42.328289,97.4,55.27424240112305,400.0
2026-04-23T16:10:44.535752,97.5,55.17306900024414,400.0
2026-04-23T16:10:46.739047,91.9,55.071895599365234,400.0
2026-04-23T16:10:48.943468,96.7,55.223655700683594,400.0
2026-04-23T16:10:51.151565,95.1,55.12248229980469,400.0
2026-04-23T16:10:53.354169,96.4,55.17306900024414,400.0
2026-04-23T16:10:55.556266,97.0,55.071895599365234,400.0
2026-04-23T16:10:57.759055,96.7,54.970726013183594,400.0
2026-04-23T16:10:59.966392,96.6,54.970726013183594,400.0
2026-04-23T16:11:02.174517,91.3,54.86955261230469,400.0
2026-04-23T16:11:04.379472,95.1,54.86955261230469,400.0
2026-04-23T16:11:06.582762,94.8,54.86955261230469,400.0
2026-04-23T16:11:08.785926,97.6,54.92013931274414,400.0
2026-04-23T16:11:10.988454,96.3,54.970726013183594,400.0
2026-04-23T16:11:13.195954,94.5,54.92013931274414,400.0
2026-04-23T16:11:15.400222,97.6,54.76837921142578,400.0
2026-04-23T16:11:17.603390,91.2,54.86955261230469,400.0
2026-04-23T16:11:19.807063,97.6,54.86955261230469,400.0
2026-04-23T16:11:22.011618,94.6,54.76837921142578,400.0
2026-04-23T16:11:24.215847,97.1,54.92013931274414,400.0
2026-04-23T16:11:26.420276,97.4,54.92013931274414,400.0
2026-04-23T16:11:28.626730,93.4,54.71779251098633,400.0
2026-04-23T16:11:30.831338,97.2,54.71779251098633,400.0
2026-04-23T16:11:33.035320,93.3,54.818965911865234,400.0
2026-04-23T16:11:35.240338,98.0,54.76837921142578,400.0
2026-04-23T16:11:37.446117,97.9,54.818965911865234,400.0
2026-04-23T16:11:39.651787,97.5,54.818965911865234,400.0
2026-04-23T16:11:41.857071,98.1,54.86955261230469,400.0
2026-04-23T16:11:44.061081,91.5,54.76837921142578,400.0
2026-04-23T16:11:46.263770,96.8,54.71779251098633,400.0
2026-04-23T16:11:48.467311,92.2,54.71779251098633,400.0
2026-04-23T16:11:50.668957,96.9,54.71779251098633,400.0
2026-04-23T16:11:52.875218,94.3,54.667205810546875,400.0
2026-04-23T16:11:55.079457,97.4,54.818965911865234,400.0
2026-04-23T16:11:57.284353,97.8,54.71779251098633,400.0
2026-04-23T16:11:59.490781,94.6,54.818965911865234,400.0
2026-04-23T16:12:01.694994,96.8,54.818965911865234,400.0
2026-04-23T16:12:03.898044,93.1,54.92013931274414,400.0
2026-04-23T16:12:06.100841,97.8,55.02130889892578,400.0
2026-04-23T16:12:08.306054,89.7,55.02130889892578,400.0
2026-04-23T16:12:10.509465,97.9,55.071895599365234,400.0
2026-04-23T16:12:12.712839,96.2,55.223655700683594,400.0
2026-04-23T16:12:14.921274,94.1,55.3248291015625,400.0
2026-04-23T16:12:17.125486,98.1,55.3248291015625,400.0
2026-04-23T16:12:19.328995,95.5,55.37541580200195,400.0
2026-04-23T16:12:21.531875,97.7,55.3248291015625,400.0
2026-04-23T16:12:23.740563,95.4,55.3248291015625,400.0
2026-04-23T16:12:25.946551,97.8,55.42599868774414,400.0
2026-04-23T16:12:28.151226,92.5,55.42599868774414,400.0
2026-04-23T16:12:30.354369,95.9,55.5777587890625,400.0
2026-04-23T16:12:32.557837,98.2,55.5777587890625,400.0
2026-04-23T16:12:34.763356,97.2,55.678932189941406,400.0
2026-04-23T16:12:36.965408,97.4,55.678932189941406,400.0
2026-04-23T16:12:39.168068,92.2,55.5777587890625,400.0
2026-04-23T16:12:41.374880,97.5,55.78010559082031,400.0
2026-04-23T16:12:43.577914,97.9,55.72951889038086,400.0
2026-04-23T16:12:45.782927,97.7,55.88127517700195,400.0
2026-04-23T16:12:47.987513,96.7,55.88127517700195,400.0
2026-04-23T16:12:50.191975,91.0,55.88127517700195,400.0
2026-04-23T16:12:52.398752,97.3,55.98244857788086,400.0
2026-04-23T16:12:54.603465,98.0,55.8306884765625,400.0
2026-04-23T16:12:56.810135,96.3,55.8306884765625,400.0
2026-04-23T16:12:59.014161,95.3,55.98244857788086,400.0
2026-04-23T16:13:01.219433,98.1,56.03303527832031,400.0
2026-04-23T16:13:03.421185,97.6,55.98244857788086,400.0
2026-04-23T16:13:05.623001,95.6,56.03303527832031,400.0
2026-04-23T16:13:07.828590,97.2,55.98244857788086,400.0
2026-04-23T16:13:10.034621,87.2,56.083621978759766,400.0
2026-04-23T16:13:12.238654,97.8,56.083621978759766,400.0
2026-04-23T16:13:14.440652,98.1,56.184791564941406,400.0
2026-04-23T16:13:16.646531,97.4,56.23537826538086,400.0
2026-04-23T16:13:18.849171,96.3,56.184791564941406,400.0
2026-04-23T16:13:21.053404,96.0,56.38713836669922,400.0
2026-04-23T16:13:23.256239,98.0,56.23537826538086,400.0
2026-04-23T16:13:25.464812,97.9,56.43772506713867,400.0
2026-04-23T16:13:27.666709,97.7,56.43772506713867,400.0
2026-04-23T16:13:29.871042,94.2,56.28596496582031,400.0
2026-04-23T16:13:32.073266,92.5,56.184791564941406,400.0
2026-04-23T16:13:34.276310,96.0,56.184791564941406,400.0
2026-04-23T16:13:36.479908,95.3,56.13420867919922,400.0
2026-04-23T16:13:38.682897,89.8,56.03303527832031,400.0
2026-04-23T16:13:40.886310,96.9,55.98244857788086,400.0
2026-04-23T16:13:43.088765,96.7,55.98244857788086,400.0
2026-04-23T16:13:45.291501,97.3,55.72951889038086,400.0
2026-04-23T16:13:47.494959,97.7,55.88127517700195,400.0
2026-04-23T16:13:49.700097,97.6,55.78010559082031,400.0
2026-04-23T16:13:51.909522,95.1,55.678932189941406,400.0
2026-04-23T16:13:54.116691,97.9,55.42599868774414,400.0
2026-04-23T16:13:56.319683,91.6,55.678932189941406,400.0
2026-04-23T16:13:58.523338,97.8,55.678932189941406,400.0
2026-04-23T16:14:00.728322,85.5,55.5777587890625,400.0
2026-04-23T16:14:02.932749,96.9,55.5777587890625,400.0
2026-04-23T16:14:05.138624,88.5,55.3248291015625,400.0
2026-04-23T16:14:07.342378,95.7,55.37541580200195,400.0
2026-04-23T16:14:09.546675,98.1,55.37541580200195,400.0
2026-04-23T16:14:11.751907,91.5,55.3248291015625,400.0
2026-04-23T16:14:13.953772,94.2,55.27424240112305,400.0
2026-04-23T16:14:16.155932,96.2,55.37541580200195,400.0
2026-04-23T16:14:18.359577,97.6,55.3248291015625,400.0
2026-04-23T16:14:20.562475,97.9,55.17306900024414,400.0
2026-04-23T16:14:22.765105,94.2,55.12248229980469,400.0
2026-04-23T16:14:24.968125,97.8,55.17306900024414,400.0
2026-04-23T16:14:27.170781,96.2,55.17306900024414,400.0
2026-04-23T16:14:29.374474,97.8,55.071895599365234,400.0
2026-04-23T16:14:31.580535,98.2,55.12248229980469,400.0
2026-04-23T16:14:33.782525,93.6,55.071895599365234,400.0
2026-04-23T16:14:35.990949,97.1,54.92013931274414,400.0
2026-04-23T16:14:38.195961,97.9,55.02130889892578,400.0
2026-04-23T16:14:40.398243,97.8,55.12248229980469,400.0
2026-04-23T16:14:42.603973,95.7,54.86955261230469,400.0
2026-04-23T16:14:44.805700,97.4,54.970726013183594,400.0
2026-04-23T16:14:47.007502,90.1,54.970726013183594,400.0
2026-04-23T16:14:49.213039,97.1,54.970726013183594,400.0
2026-04-23T16:14:51.418990,97.2,54.76837921142578,400.0
2026-04-23T16:14:53.621909,92.3,54.86955261230469,400.0
2026-04-23T16:14:55.824780,96.6,54.71779251098633,400.0
2026-04-23T16:14:58.028040,97.7,54.76837921142578,400.0
2026-04-23T16:15:00.230189,97.8,54.818965911865234,400.0
2026-04-23T16:15:02.432081,93.9,54.667205810546875,400.0
2026-04-23T16:15:04.636390,96.4,54.566036224365234,400.0
2026-04-23T16:15:06.843866,96.3,54.76837921142578,400.0
2026-04-23T16:15:09.060963,91.8,54.76837921142578,400.0
2026-04-23T16:15:11.264587,97.7,54.71779251098633,400.0
2026-04-23T16:15:13.467953,94.0,54.76837921142578,400.0
2026-04-23T16:15:15.674336,97.0,54.76837921142578,400.0
2026-04-23T16:15:17.876874,77.5,54.51544952392578,400.0
2026-04-23T16:15:20.081313,96.6,54.51544952392578,400.0
2026-04-23T16:15:22.284321,97.7,54.46486282348633,400.0
2026-04-23T16:15:24.488781,96.3,54.51544952392578,400.0
2026-04-23T16:15:26.694762,98.1,54.46486282348633,400.0
2026-04-23T16:15:28.898992,96.3,54.61661911010742,400.0
2026-04-23T16:15:31.101314,97.4,54.566036224365234,400.0
2026-04-23T16:15:33.306719,94.6,54.46486282348633,400.0
2026-04-23T16:15:35.510816,96.8,54.51544952392578,400.0
2026-04-23T16:15:37.713595,98.2,54.414276123046875,400.0
2026-04-23T16:15:39.917983,96.4,54.46486282348633,400.0
2026-04-23T16:15:42.121447,97.6,54.566036224365234,400.0
2026-04-23T16:15:44.323437,94.3,54.51544952392578,400.0
2026-04-23T16:15:46.526572,97.1,54.414276123046875,400.0
2026-04-23T16:15:48.737154,96.9,54.31310272216797,400.0
2026-04-23T16:15:50.940745,97.0,54.51544952392578,400.0
2026-04-23T16:15:53.144731,97.3,54.46486282348633,400.0
2026-04-23T16:15:55.353331,97.7,54.414276123046875,400.0
2026-04-23T16:15:57.555470,97.9,54.414276123046875,400.0
2026-04-23T16:15:59.759026,90.6,54.414276123046875,400.0
2026-04-23T16:16:01.964195,97.0,54.414276123046875,400.0
2026-04-23T16:16:04.171771,91.1,54.31310272216797,400.0
2026-04-23T16:16:06.377273,97.9,54.36368942260742,400.0
2026-04-23T16:16:08.582222,97.1,54.36368942260742,400.0
2026-04-23T16:16:10.784796,97.6,54.414276123046875,400.0
2026-04-23T16:16:12.991375,96.0,54.566036224365234,400.0
2026-04-23T16:16:15.196038,96.8,54.566036224365234,400.0
2026-04-23T16:16:17.400990,92.9,54.667205810546875,400.0
2026-04-23T16:16:19.614255,95.6,54.61661911010742,400.0
2026-04-23T16:16:21.819723,97.2,54.71779251098633,400.0
2026-04-23T16:16:24.023569,94.8,54.86955261230469,400.0
2026-04-23T16:16:26.225701,97.7,54.76837921142578,400.0
2026-04-23T16:16:28.430015,88.4,54.970726013183594,400.0
2026-04-23T16:16:30.633841,91.3,54.818965911865234,400.0
2026-04-23T16:16:32.835879,98.1,54.92013931274414,400.0
2026-04-23T16:16:35.044891,86.3,54.92013931274414,400.0
2026-04-23T16:16:37.249704,97.7,55.17306900024414,400.0
2026-04-23T16:16:39.452577,96.6,55.223655700683594,400.0
2026-04-23T16:16:41.659588,98.0,55.223655700683594,400.0
2026-04-23T16:16:43.861896,97.7,55.37541580200195,400.0
2026-04-23T16:16:46.064536,96.7,55.42599868774414,400.0
2026-04-23T16:16:48.272267,97.4,55.52717208862305,400.0
2026-04-23T16:16:50.475783,90.6,55.62834548950195,400.0
2026-04-23T16:16:52.680368,98.1,55.5777587890625,400.0
2026-04-23T16:16:54.884223,97.6,55.52717208862305,400.0
2026-04-23T16:16:57.088321,97.5,55.78010559082031,400.0
2026-04-23T16:16:59.294656,98.1,55.72951889038086,400.0
2026-04-23T16:17:01.500057,97.3,55.8306884765625,400.0
2026-04-23T16:17:03.703715,95.4,55.78010559082031,400.0
2026-04-23T16:17:05.909369,95.6,55.72951889038086,400.0
2026-04-23T16:17:08.113370,93.5,55.88127517700195,400.0
2026-04-23T16:17:10.319854,96.7,55.8306884765625,400.0
2026-04-23T16:17:12.525847,97.4,56.03303527832031,400.0
2026-04-23T16:17:14.728905,97.8,55.98244857788086,400.0
2026-04-23T16:17:16.932820,96.4,56.13420867919922,400.0
2026-04-23T16:17:19.135248,97.0,56.083621978759766,400.0
2026-04-23T16:17:21.341242,86.3,56.083621978759766,400.0
2026-04-23T16:17:23.546437,97.8,56.184791564941406,400.0
2026-04-23T16:17:25.749870,98.1,56.184791564941406,400.0
2026-04-23T16:17:27.955487,97.6,56.28596496582031,400.0
2026-04-23T16:17:30.161824,94.8,56.13420867919922,400.0
2026-04-23T16:17:32.367328,94.8,56.336551666259766,400.0
2026-04-23T16:17:34.569783,97.2,56.336551666259766,400.0
2026-04-23T16:17:36.773432,94.3,56.43772506713867,400.0
2026-04-23T16:17:38.977282,97.2,56.488311767578125,400.0
2026-04-23T16:17:41.181435,95.6,56.488311767578125,400.0
2026-04-23T16:17:43.383923,90.9,56.43772506713867,400.0
2026-04-23T16:17:45.586278,98.0,56.43772506713867,400.0
2026-04-23T16:17:47.790446,91.1,56.488311767578125,400.0
2026-04-23T16:17:49.992386,97.6,56.43772506713867,400.0
2026-04-23T16:17:52.197449,94.5,56.336551666259766,400.0
2026-04-23T16:17:54.400026,97.1,56.28596496582031,400.0
2026-04-23T16:17:56.602541,97.9,56.13420867919922,400.0
2026-04-23T16:17:58.807204,90.8,56.184791564941406,400.0
2026-04-23T16:18:01.010412,98.1,55.98244857788086,400.0
2026-04-23T16:18:03.214768,96.1,56.03303527832031,400.0
2026-04-23T16:18:05.416932,98.0,56.03303527832031,400.0
2026-04-23T16:18:07.620526,89.2,55.88127517700195,400.0
2026-04-23T16:18:09.826835,97.7,55.8306884765625,400.0
2026-04-23T16:18:12.031063,97.1,55.8306884765625,400.0
2026-04-23T16:18:14.236462,91.2,55.78010559082031,400.0
2026-04-23T16:18:16.442824,97.3,55.78010559082031,400.0
2026-04-23T16:18:18.649031,92.8,55.678932189941406,400.0
2026-04-23T16:18:20.852316,98.2,55.37541580200195,400.0
2026-04-23T16:18:23.062880,91.0,55.52717208862305,400.0
2026-04-23T16:18:25.267899,97.7,55.42599868774414,400.0
2026-04-23T16:18:27.473040,97.7,55.42599868774414,400.0
2026-04-23T16:18:29.676721,98.0,55.37541580200195,400.0
2026-04-23T16:18:31.879839,97.9,55.3248291015625,400.0
2026-04-23T16:18:34.093062,88.9,55.27424240112305,400.0
2026-04-23T16:18:36.296171,97.8,55.17306900024414,400.0
2026-04-23T16:18:38.504079,93.9,55.223655700683594,400.0
2026-04-23T16:18:40.707699,94.0,55.12248229980469,400.0
2026-04-23T16:18:42.916925,98.2,54.970726013183594,400.0
2026-04-23T16:18:45.120497,96.0,55.071895599365234,400.0
2026-04-23T16:18:47.324996,96.6,54.92013931274414,400.0
2026-04-23T16:18:49.530170,96.9,54.970726013183594,400.0
2026-04-23T16:18:51.735051,96.1,54.818965911865234,400.0
2026-04-23T16:18:53.938037,93.9,54.818965911865234,400.0
2026-04-23T16:18:56.142525,96.4,54.76837921142578,400.0
2026-04-23T16:18:58.345268,94.7,54.71779251098633,400.0
2026-04-23T16:19:00.548869,92.2,54.667205810546875,400.0
2026-04-23T16:19:02.756916,97.3,54.71779251098633,400.0
2026-04-23T16:19:04.960282,95.0,54.51544952392578,400.0
2026-04-23T16:19:07.163401,97.6,54.61661911010742,400.0
2026-04-23T16:19:09.366623,97.2,54.566036224365234,400.0
2026-04-23T16:19:11.568792,98.1,54.566036224365234,400.0
2026-04-23T16:19:13.771792,97.6,54.46486282348633,400.0
2026-04-23T16:19:15.976596,93.2,54.667205810546875,400.0
2026-04-23T16:19:18.180609,97.4,54.51544952392578,400.0
2026-04-23T16:19:20.385409,92.6,54.46486282348633,400.0
2026-04-23T16:19:22.587850,97.5,54.51544952392578,400.0
2026-04-23T16:19:24.791311,95.6,54.566036224365234,400.0
2026-04-23T16:19:26.997174,96.8,54.36368942260742,400.0
2026-04-23T16:19:29.203294,85.8,54.36368942260742,400.0
2026-04-23T16:19:31.409559,97.5,54.36368942260742,400.0
2026-04-23T16:19:33.613041,97.5,54.262516021728516,400.0
2026-04-23T16:19:35.819389,96.6,54.414276123046875,400.0
2026-04-23T16:19:38.023099,96.4,54.36368942260742,400.0
2026-04-23T16:19:40.225926,97.6,54.51544952392578,400.0
2026-04-23T16:19:42.432191,96.5,54.414276123046875,400.0
2026-04-23T16:19:44.635696,87.2,54.36368942260742,400.0
2026-04-23T16:19:46.840320,97.5,54.31310272216797,400.0
2026-04-23T16:19:49.046358,96.8,54.414276123046875,400.0
2026-04-23T16:19:51.250388,93.0,54.262516021728516,400.0
2026-04-23T16:19:53.454915,97.1,54.262516021728516,400.0
2026-04-23T16:19:55.658311,95.6,54.262516021728516,400.0
2026-04-23T16:19:57.862098,92.0,54.31310272216797,400.0
2026-04-23T16:20:00.066034,97.9,54.21192932128906,400.0
2026-04-23T16:20:02.269593,93.4,54.31310272216797,400.0
2026-04-23T16:20:04.472780,97.1,54.31310272216797,400.0
2026-04-23T16:20:06.679353,96.2,54.414276123046875,400.0
2026-04-23T16:20:08.883499,89.9,54.31310272216797,400.0
2026-04-23T16:20:11.087036,97.0,54.46486282348633,400.0
2026-04-23T16:20:13.290278,96.1,54.61661911010742,400.0
2026-04-23T16:20:15.498438,88.8,54.51544952392578,400.0
2026-04-23T16:20:17.701566,97.7,54.61661911010742,400.0
2026-04-23T16:20:19.903578,97.3,54.61661911010742,400.0
2026-04-23T16:20:22.108989,84.0,54.76837921142578,400.0
2026-04-23T16:20:24.312192,97.4,54.818965911865234,400.0
2026-04-23T16:20:26.514054,97.2,54.92013931274414,400.0
2026-04-23T16:20:28.716419,97.9,54.970726013183594,400.0
2026-04-23T16:20:30.919974,97.4,54.86955261230469,400.0
2026-04-23T16:20:33.123429,98.0,54.970726013183594,400.0
2026-04-23T16:20:35.331635,96.2,54.92013931274414,400.0
2026-04-23T16:20:37.535794,97.7,55.02130889892578,400.0
2026-04-23T16:20:39.737518,97.8,54.970726013183594,400.0
2026-04-23T16:20:41.940531,96.0,55.02130889892578,400.0
2026-04-23T16:20:44.148131,95.4,55.17306900024414,400.0
2026-04-23T16:20:46.354244,84.3,55.02130889892578,400.0
2026-04-23T16:20:48.556039,97.4,55.223655700683594,400.0
2026-04-23T16:20:50.758911,89.5,55.071895599365234,400.0
2026-04-23T16:20:52.962304,96.9,55.223655700683594,400.0
2026-04-23T16:20:55.166342,98.1,55.223655700683594,400.0
2026-04-23T16:20:57.369391,96.2,55.223655700683594,400.0
2026-04-23T16:20:59.572249,96.9,55.223655700683594,400.0
2026-04-23T16:21:01.775207,89.6,55.223655700683594,400.0
2026-04-23T16:21:03.981995,96.7,55.27424240112305,400.0
2026-04-23T16:21:06.184554,97.9,55.42599868774414,400.0
2026-04-23T16:21:08.389223,96.4,55.37541580200195,400.0
2026-04-23T16:21:10.594866,98.0,55.37541580200195,400.0
2026-04-23T16:21:12.797671,94.9,55.52717208862305,400.0
2026-04-23T16:21:15.000689,93.8,55.5777587890625,400.0
2026-04-23T16:21:17.205013,98.1,55.52717208862305,400.0
2026-04-23T16:21:19.409295,97.1,55.5777587890625,400.0
2026-04-23T16:21:21.618159,97.6,55.5777587890625,400.0
2026-04-23T16:21:23.824791,97.2,55.5777587890625,400.0
2026-04-23T16:21:26.028160,97.3,55.62834548950195,400.0
2026-04-23T16:21:28.232725,95.4,55.52717208862305,400.0
2026-04-23T16:21:30.435747,97.6,55.5777587890625,400.0
2026-04-23T16:21:32.638784,94.1,55.5777587890625,400.0
2026-04-23T16:21:34.841939,96.4,55.62834548950195,400.0
2026-04-23T16:21:37.045441,97.6,55.476585388183594,400.0
2026-04-23T16:21:39.250056,91.3,55.52717208862305,400.0
2026-04-23T16:21:41.454114,96.4,55.52717208862305,400.0
2026-04-23T16:21:43.662475,88.7,55.52717208862305,400.0
2026-04-23T16:21:45.864561,97.7,55.476585388183594,400.0
2026-04-23T16:21:48.072688,97.8,55.3248291015625,400.0
2026-04-23T16:21:50.279299,95.8,55.42599868774414,400.0
2026-04-23T16:21:52.482965,97.2,55.37541580200195,400.0
2026-04-23T16:21:54.685178,97.7,55.37541580200195,400.0
2026-04-23T16:21:56.888634,95.1,55.27424240112305,400.0
2026-04-23T16:21:59.095327,96.7,55.223655700683594,400.0
2026-04-23T16:22:01.297378,98.1,55.27424240112305,400.0
2026-04-23T16:22:03.501222,84.6,55.02130889892578,400.0
2026-04-23T16:22:05.707071,96.7,55.12248229980469,400.0
2026-04-23T16:22:07.911114,97.8,55.12248229980469,400.0
2026-04-23T16:22:10.116531,97.9,55.17306900024414,400.0
2026-04-23T16:22:12.323145,97.2,55.071895599365234,400.0
2026-04-23T16:22:14.529850,92.2,55.071895599365234,400.0
2026-04-23T16:22:16.733606,97.5,55.071895599365234,400.0
2026-04-23T16:22:18.949031,97.4,55.12248229980469,400.0
2026-04-23T16:22:21.152623,97.8,55.071895599365234,400.0
2026-04-23T16:22:23.355909,98.0,54.970726013183594,400.0
2026-04-23T16:22:25.560877,97.3,55.071895599365234,400.0
2026-04-23T16:22:27.764982,97.2,54.818965911865234,400.0
2026-04-23T16:22:29.970819,81.6,54.818965911865234,400.0
2026-04-23T16:22:32.173382,96.4,54.92013931274414,400.0
2026-04-23T16:22:34.379515,98.1,54.76837921142578,400.0
2026-04-23T16:22:36.582563,96.4,54.818965911865234,400.0
2026-04-23T16:22:38.787833,95.8,54.76837921142578,400.0
2026-04-23T16:22:40.989788,96.6,54.818965911865234,400.0
2026-04-23T16:22:43.192530,96.4,54.76837921142578,400.0
2026-04-23T16:22:45.396095,95.9,54.76837921142578,400.0
2026-04-23T16:22:47.599151,97.3,54.76837921142578,400.0
2026-04-23T16:22:49.807533,96.0,54.71779251098633,400.0
2026-04-23T16:22:52.011282,97.6,54.76837921142578,400.0
2026-04-23T16:22:54.215534,97.2,54.76837921142578,400.0
2026-04-23T16:22:56.417968,96.8,54.76837921142578,400.0
2026-04-23T16:22:58.622642,96.4,54.71779251098633,400.0
2026-04-23T16:23:00.827482,86.0,54.667205810546875,400.0
2026-04-23T16:23:03.031419,96.9,54.667205810546875,400.0
2026-04-23T16:23:05.234816,98.1,54.51544952392578,400.0
2026-04-23T16:23:07.438355,97.6,54.566036224365234,400.0
2026-04-23T16:23:09.650083,96.1,54.414276123046875,400.0
2026-04-23T16:23:11.854663,97.4,54.61661911010742,400.0
2026-04-23T16:23:14.058189,97.3,54.61661911010742,400.0
2026-04-23T16:23:16.262898,93.3,54.46486282348633,400.0
2026-04-23T16:23:18.467227,97.2,54.61661911010742,400.0
2026-04-23T16:23:20.671642,95.6,54.566036224365234,400.0
2026-04-23T16:23:22.874944,97.4,54.566036224365234,400.0
2026-04-23T16:23:25.078393,97.4,54.46486282348633,400.0
2026-04-23T16:23:27.283206,95.8,54.51544952392578,400.0
2026-04-23T16:23:29.485579,97.5,54.51544952392578,400.0
2026-04-23T16:23:31.689790,91.2,54.51544952392578,400.0
2026-04-23T16:23:33.892638,97.5,54.46486282348633,400.0
2026-04-23T16:23:36.096520,96.1,54.566036224365234,400.0
2026-04-23T16:23:38.303086,98.0,54.51544952392578,400.0
2026-04-23T16:23:40.508252,95.6,54.262516021728516,400.0
2026-04-23T16:23:42.713239,96.9,54.414276123046875,400.0
2026-04-23T16:23:44.917715,97.2,54.51544952392578,400.0
2026-04-23T16:23:47.123153,92.5,54.36368942260742,400.0
2026-04-23T16:23:49.326290,97.2,54.414276123046875,400.0
2026-04-23T16:23:51.528586,98.0,54.46486282348633,400.0
2026-04-23T16:23:53.732170,97.6,54.31310272216797,400.0
2026-04-23T16:23:55.936351,96.9,54.21192932128906,400.0
2026-04-23T16:23:58.144274,96.3,54.36368942260742,400.0
2026-04-23T16:24:00.348958,98.2,54.21192932128906,400.0
2026-04-23T16:24:02.552661,97.7,54.36368942260742,400.0
2026-04-23T16:24:04.756812,96.8,54.414276123046875,400.0
2026-04-23T16:24:06.961861,96.4,54.262516021728516,400.0
2026-04-23T16:24:09.164077,97.5,54.31310272216797,400.0
2026-04-23T16:24:11.367015,97.9,54.414276123046875,400.0
2026-04-23T16:24:13.571318,97.3,54.414276123046875,400.0
2026-04-23T16:24:15.778637,96.8,54.21192932128906,400.0
2026-04-23T16:24:17.982332,90.2,54.262516021728516,400.0
2026-04-23T16:24:20.185085,97.6,54.262516021728516,400.0
2026-04-23T16:24:22.388427,95.9,54.21192932128906,400.0
2026-04-23T16:24:24.591546,97.9,54.21192932128906,400.0
2026-04-23T16:24:26.798515,96.8,54.262516021728516,400.0
2026-04-23T16:24:29.001736,97.1,54.161346435546875,400.0
2026-04-23T16:24:31.204049,97.9,54.262516021728516,400.0
2026-04-23T16:24:33.412311,95.8,54.262516021728516,400.0
2026-04-23T16:24:35.618421,97.1,54.11075973510742,400.0
2026-04-23T16:24:37.822291,94.3,54.262516021728516,400.0
2026-04-23T16:24:40.027449,97.8,54.21192932128906,400.0
2026-04-23T16:24:42.231561,97.5,54.21192932128906,400.0
2026-04-23T16:24:44.438013,98.1,54.262516021728516,400.0
2026-04-23T16:24:46.641732,92.4,54.36368942260742,400.0
2026-04-23T16:24:48.846685,96.3,54.414276123046875,400.0
2026-04-23T16:24:51.050771,92.9,54.51544952392578,400.0
2026-04-23T16:24:53.258028,95.9,54.36368942260742,400.0
2026-04-23T16:24:55.462343,97.7,54.51544952392578,400.0
2026-04-23T16:24:57.666829,90.8,54.51544952392578,400.0
2026-04-23T16:24:59.875374,96.7,54.71779251098633,400.0
2026-04-23T16:25:02.078850,91.9,54.667205810546875,400.0
2026-04-23T16:25:04.281569,91.0,54.76837921142578,400.0
2026-04-23T16:25:06.483530,97.5,54.76837921142578,400.0
2026-04-23T16:25:08.685669,95.1,54.86955261230469,400.0
2026-04-23T16:25:10.890574,97.4,54.86955261230469,400.0
2026-04-23T16:25:13.094983,97.9,54.970726013183594,400.0
2026-04-23T16:25:15.298626,93.1,54.970726013183594,400.0
2026-04-23T16:25:17.502911,98.1,54.818965911865234,400.0
2026-04-23T16:25:19.704776,98.0,54.970726013183594,400.0
2026-04-23T16:25:21.911204,96.6,55.02130889892578,400.0
2026-04-23T16:25:24.120051,94.0,55.071895599365234,400.0
2026-04-23T16:25:26.323161,97.6,55.12248229980469,400.0
2026-04-23T16:25:28.526370,97.7,55.02130889892578,400.0
2026-04-23T16:25:30.730816,98.0,55.12248229980469,400.0
2026-04-23T16:25:32.932648,92.9,55.12248229980469,400.0
2026-04-23T16:25:35.136950,97.5,55.12248229980469,400.0
2026-04-23T16:25:37.339892,97.9,55.12248229980469,400.0
2026-04-23T16:25:39.551216,96.8,55.27424240112305,400.0
2026-04-23T16:25:41.753002,98.0,55.17306900024414,400.0
2026-04-23T16:25:43.957631,91.4,55.17306900024414,400.0
2026-04-23T16:25:46.162717,92.7,55.071895599365234,400.0
2026-04-23T16:25:48.369578,97.5,55.27424240112305,400.0
2026-04-23T16:25:50.573975,96.5,55.27424240112305,400.0
2026-04-23T16:25:52.779419,96.3,55.37541580200195,400.0
2026-04-23T16:25:54.982540,95.7,55.37541580200195,400.0
2026-04-23T16:25:57.185323,91.8,55.42599868774414,400.0
2026-04-23T16:25:59.388589,97.8,55.42599868774414,400.0
2026-04-23T16:26:01.596029,98.1,55.52717208862305,400.0
2026-04-23T16:26:03.799625,96.0,55.62834548950195,400.0
2026-04-23T16:26:06.002423,87.8,55.476585388183594,400.0
2026-04-23T16:26:08.204885,96.9,55.52717208862305,400.0
2026-04-23T16:26:10.408489,93.2,55.62834548950195,400.0
2026-04-23T16:26:12.612638,98.0,55.62834548950195,400.0
2026-04-23T16:26:14.815290,95.6,55.62834548950195,400.0
2026-04-23T16:26:17.019352,97.8,55.678932189941406,400.0
2026-04-23T16:26:19.221173,97.3,55.62834548950195,400.0
2026-04-23T16:26:21.428669,92.9,55.678932189941406,400.0
2026-04-23T16:26:23.631940,97.5,55.72951889038086,400.0
2026-04-23T16:26:25.834413,94.9,55.88127517700195,400.0
2026-04-23T16:26:28.037105,92.2,55.78010559082031,400.0
2026-04-23T16:26:30.249349,95.2,55.88127517700195,400.0
2026-04-23T16:26:32.456455,93.9,55.8306884765625,400.0
2026-04-23T16:26:34.664155,97.2,55.72951889038086,400.0
2026-04-23T16:26:36.869775,97.4,55.8306884765625,400.0
2026-04-23T16:26:39.071624,96.4,55.931861877441406,400.0
2026-04-23T16:26:41.274713,95.8,55.931861877441406,400.0
2026-04-23T16:26:43.480508,96.8,55.88127517700195,400.0
2026-04-23T16:26:45.687541,98.2,55.78010559082031,400.0
2026-04-23T16:26:47.890490,97.2,55.8306884765625,400.0
2026-04-23T16:26:50.094928,97.3,55.62834548950195,400.0
2026-04-23T16:26:52.305824,97.6,55.72951889038086,400.0
2026-04-23T16:26:54.509812,96.9,55.678932189941406,400.0
2026-04-23T16:26:56.712458,97.4,55.62834548950195,400.0
2026-04-23T16:26:58.917315,96.2,55.62834548950195,400.0
2026-04-23T16:27:01.121575,88.9,55.52717208862305,400.0
2026-04-23T16:27:03.325666,97.4,55.5777587890625,400.0
2026-04-23T16:27:05.529346,97.0,55.42599868774414,400.0
2026-04-23T16:27:07.735563,97.2,55.37541580200195,400.0
2026-04-23T16:27:09.938218,97.7,55.42599868774414,400.0
2026-04-23T16:27:12.145455,92.6,55.42599868774414,400.0
2026-04-23T16:27:14.348936,97.9,55.42599868774414,400.0
2026-04-23T16:27:16.553796,97.3,55.223655700683594,400.0
2026-04-23T16:27:18.757604,97.4,55.3248291015625,400.0
2026-04-23T16:27:20.965304,97.5,55.27424240112305,400.0
2026-04-23T16:27:23.168459,97.3,55.27424240112305,400.0
2026-04-23T16:27:25.370762,97.4,55.27424240112305,400.0
2026-04-23T16:27:27.573544,93.2,55.223655700683594,400.0
2026-04-23T16:27:29.777448,97.4,55.223655700683594,400.0
2026-04-23T16:27:31.982694,90.7,55.12248229980469,400.0
2026-04-23T16:27:34.185006,97.1,55.12248229980469,400.0
2026-04-23T16:27:36.388086,97.9,55.071895599365234,400.0
2026-04-23T16:27:38.595468,98.2,55.12248229980469,400.0
2026-04-23T16:27:40.800849,97.6,55.071895599365234,400.0
2026-04-23T16:27:43.006892,88.2,54.92013931274414,400.0
2026-04-23T16:27:45.211793,94.5,54.92013931274414,400.0
2026-04-23T16:27:47.418860,95.5,54.76837921142578,400.0
2026-04-23T16:27:49.625040,97.7,54.86955261230469,400.0
2026-04-23T16:27:51.831983,97.7,54.86955261230469,400.0
2026-04-23T16:27:54.034996,97.4,54.86955261230469,400.0
2026-04-23T16:27:56.237981,97.2,54.92013931274414,400.0
2026-04-23T16:27:58.443408,93.4,54.76837921142578,400.0
2026-04-23T16:28:00.647694,97.7,54.92013931274414,400.0
2026-04-23T16:28:02.855812,98.0,54.71779251098633,400.0
2026-04-23T16:28:05.059368,97.3,54.818965911865234,400.0
2026-04-23T16:28:07.261819,97.8,54.76837921142578,400.0
2026-04-23T16:28:09.467541,97.0,54.76837921142578,400.0
2026-04-23T16:28:11.671993,98.2,54.71779251098633,400.0
2026-04-23T16:28:13.877204,96.9,54.566036224365234,400.0
2026-04-23T16:28:16.081202,97.1,54.76837921142578,400.0
2026-04-23T16:28:18.283054,95.3,54.667205810546875,400.0
2026-04-23T16:28:20.485104,97.5,54.71779251098633,400.0
2026-04-23T16:28:22.688906,97.2,54.61661911010742,400.0
2026-04-23T16:28:24.895591,97.8,54.61661911010742,400.0
2026-04-23T16:28:27.100027,98.0,54.51544952392578,400.0
2026-04-23T16:28:29.306520,93.7,54.61661911010742,400.0
2026-04-23T16:28:31.510711,98.0,54.566036224365234,400.0
2026-04-23T16:28:33.715665,97.4,54.46486282348633,400.0
2026-04-23T16:28:35.917741,97.8,54.36368942260742,400.0
2026-04-23T16:28:38.122037,96.2,54.46486282348633,400.0
2026-04-23T16:28:40.329203,94.3,54.51544952392578,400.0
2026-04-23T16:28:42.531659,97.4,54.414276123046875,400.0
2026-04-23T16:28:44.736691,93.6,54.51544952392578,400.0
2026-04-23T16:28:46.947461,96.9,54.31310272216797,400.0
2026-04-23T16:28:49.151848,93.9,54.414276123046875,400.0
2026-04-23T16:28:51.353944,96.7,54.46486282348633,400.0
2026-04-23T16:28:53.560424,92.2,54.262516021728516,400.0
2026-04-23T16:28:55.763297,98.2,54.31310272216797,400.0
2026-04-23T16:28:57.968229,91.3,54.414276123046875,400.0
2026-04-23T16:29:00.169844,89.3,54.161346435546875,400.0
2026-04-23T16:29:02.376194,97.7,54.262516021728516,400.0
2026-04-23T16:29:04.582966,95.0,54.11075973510742,400.0
2026-04-23T16:29:06.785471,96.2,54.21192932128906,400.0
2026-04-23T16:29:08.988747,91.6,54.06017303466797,400.0
2026-04-23T16:29:11.194337,97.5,54.21192932128906,400.0
2026-04-23T16:29:13.396700,97.6,54.11075973510742,400.0
2026-04-23T16:29:15.606108,96.2,54.11075973510742,400.0
2026-04-23T16:29:17.808240,97.7,54.161346435546875,400.0
2026-04-23T16:29:20.012348,94.2,54.06017303466797,400.0
2026-04-23T16:29:22.216096,93.4,54.11075973510742,400.0
2026-04-23T16:29:24.418318,97.5,54.06017303466797,400.0
2026-04-23T16:29:26.623223,97.7,54.06017303466797,400.0
2026-04-23T16:29:28.828791,91.8,54.06017303466797,400.0
2026-04-23T16:29:31.034168,96.3,54.11075973510742,400.0
2026-04-23T16:29:33.239149,97.1,54.21192932128906,400.0
2026-04-23T16:29:35.442371,95.9,54.06017303466797,400.0
2026-04-23T16:29:37.645973,98.1,54.21192932128906,400.0
2026-04-23T16:29:39.850020,96.7,54.262516021728516,400.0
2026-04-23T16:29:42.054368,93.2,54.262516021728516,400.0
2026-04-23T16:29:44.258414,97.6,54.31310272216797,400.0
2026-04-23T16:29:46.461172,94.5,54.36368942260742,400.0
2026-04-23T16:29:48.663616,96.4,54.51544952392578,400.0
2026-04-23T16:29:50.866840,95.9,54.51544952392578,400.0
2026-04-23T16:29:53.069630,96.6,54.46486282348633,400.0
2026-04-23T16:29:55.273186,97.5,54.667205810546875,400.0
2026-04-23T16:29:57.476885,94.2,54.818965911865234,400.0
2026-04-23T16:29:59.681004,97.6,54.76837921142578,400.0
2026-04-23T16:30:01.884649,92.5,54.86955261230469,400.0
2026-04-23T16:30:04.086632,97.2,54.818965911865234,400.0
2026-04-23T16:30:06.290274,96.4,54.970726013183594,400.0
2026-04-23T16:30:08.493267,92.3,55.02130889892578,400.0
2026-04-23T16:30:10.698229,97.8,55.071895599365234,400.0
2026-04-23T16:30:12.903583,97.8,55.12248229980469,400.0
2026-04-23T16:30:15.106699,98.1,55.17306900024414,400.0
2026-04-23T16:30:17.310856,97.2,55.223655700683594,400.0
2026-04-23T16:30:19.514451,93.8,55.17306900024414,400.0
2026-04-23T16:30:21.718578,95.9,55.223655700683594,400.0
2026-04-23T16:30:23.920877,98.2,55.37541580200195,400.0
2026-04-23T16:30:26.123371,91.3,55.223655700683594,400.0
2026-04-23T16:30:28.325467,97.2,55.42599868774414,400.0
2026-04-23T16:30:30.528625,94.2,55.3248291015625,400.0
2026-04-23T16:30:32.733156,97.6,55.3248291015625,400.0
2026-04-23T16:30:34.935844,97.6,55.42599868774414,400.0
2026-04-23T16:30:37.138561,92.6,55.476585388183594,400.0
2026-04-23T16:30:39.341418,96.9,55.62834548950195,400.0
2026-04-23T16:30:41.546384,97.7,55.72951889038086,400.0
2026-04-23T16:30:43.747988,97.5,55.72951889038086,400.0
2026-04-23T16:30:45.954341,98.2,55.78010559082031,400.0
2026-04-23T16:30:48.157512,94.0,55.88127517700195,400.0
2026-04-23T16:30:50.360501,98.0,55.78010559082031,400.0
2026-04-23T16:30:52.564337,91.4,55.88127517700195,400.0
2026-04-23T16:30:54.768924,98.1,55.8306884765625,400.0
2026-04-23T16:30:56.971643,96.8,55.88127517700195,400.0
2026-04-23T16:30:59.175802,98.1,55.88127517700195,400.0
2026-04-23T16:31:01.378274,97.4,55.88127517700195,400.0
2026-04-23T16:31:03.580793,95.7,55.98244857788086,400.0
2026-04-23T16:31:05.783983,98.1,55.88127517700195,400.0
2026-04-23T16:31:07.998110,82.7,55.88127517700195,400.0
2026-04-23T16:31:10.201055,97.8,55.931861877441406,400.0
2026-04-23T16:31:12.408189,96.4,55.931861877441406,400.0
2026-04-23T16:31:14.612044,97.6,55.98244857788086,400.0
2026-04-23T16:31:16.816511,96.0,55.98244857788086,400.0
2026-04-23T16:31:19.020525,96.3,55.98244857788086,400.0
2026-04-23T16:31:21.225913,97.4,55.98244857788086,400.0
2026-04-23T16:31:23.428313,97.8,56.13420867919922,400.0
2026-04-23T16:31:25.630377,97.5,56.184791564941406,400.0
2026-04-23T16:31:27.835636,97.6,56.184791564941406,400.0
2026-04-23T16:31:30.040941,97.4,56.13420867919922,400.0
2026-04-23T16:31:32.244351,96.1,56.184791564941406,400.0
2026-04-23T16:31:34.449233,97.7,56.23537826538086,400.0
2026-04-23T16:31:36.656182,97.9,56.13420867919922,400.0
2026-04-23T16:31:38.859458,96.9,56.184791564941406,400.0
2026-04-23T16:31:41.063563,98.1,56.28596496582031,400.0
2026-04-23T16:31:43.269462,91.2,56.23537826538086,400.0
2026-04-23T16:31:45.472538,98.2,56.28596496582031,400.0
2026-04-23T16:31:47.676249,97.4,56.28596496582031,400.0
2026-04-23T16:31:49.877959,96.5,56.23537826538086,400.0
2026-04-23T16:31:52.080941,98.2,56.184791564941406,400.0
2026-04-23T16:31:54.283979,95.6,56.184791564941406,400.0
2026-04-23T16:31:56.486977,91.9,56.03303527832031,400.0
2026-04-23T16:31:58.690062,89.3,56.03303527832031,400.0
2026-04-23T16:32:00.894885,97.7,56.03303527832031,400.0
2026-04-23T16:32:03.098935,97.3,56.03303527832031,400.0
2026-04-23T16:32:05.302210,97.1,55.98244857788086,400.0
2026-04-23T16:32:07.505814,97.6,55.98244857788086,400.0
2026-04-23T16:32:09.707895,93.8,55.931861877441406,400.0
2026-04-23T16:32:11.910678,94.4,55.8306884765625,400.0
2026-04-23T16:32:14.114849,96.9,55.8306884765625,400.0
2026-04-23T16:32:16.317719,98.1,55.72951889038086,400.0
2026-04-23T16:32:18.522233,85.8,55.62834548950195,400.0
2026-04-23T16:32:20.724008,98.1,55.678932189941406,400.0
2026-04-23T16:32:22.927600,97.7,55.678932189941406,400.0
2026-04-23T16:32:25.131391,97.1,55.62834548950195,400.0
2026-04-23T16:32:27.336782,97.7,55.678932189941406,400.0
2026-04-23T16:32:29.539730,96.6,55.5777587890625,400.0
2026-04-23T16:32:31.742719,98.0,55.62834548950195,400.0
2026-04-23T16:32:33.946764,96.1,55.476585388183594,400.0
2026-04-23T16:32:36.151963,98.2,55.52717208862305,400.0
2026-04-23T16:32:38.357620,97.6,55.5777587890625,400.0
2026-04-23T16:32:40.560488,83.0,55.37541580200195,400.0
2026-04-23T16:32:42.762593,97.1,55.27424240112305,400.0
2026-04-23T16:32:44.967087,97.5,55.27424240112305,400.0
2026-04-23T16:32:47.177145,98.1,55.223655700683594,400.0
2026-04-23T16:32:49.382915,95.9,55.223655700683594,400.0
2026-04-23T16:32:51.586089,95.5,55.17306900024414,400.0
2026-04-23T16:32:53.788862,97.9,55.223655700683594,400.0
2026-04-23T16:32:55.994230,95.0,55.12248229980469,400.0
2026-04-23T16:32:58.197133,98.0,55.071895599365234,400.0
2026-04-23T16:33:00.403819,97.5,55.12248229980469,400.0
2026-04-23T16:33:02.605831,98.2,55.12248229980469,400.0
2026-04-23T16:33:04.809323,88.4,55.071895599365234,400.0
2026-04-23T16:33:07.012279,98.0,54.970726013183594,400.0
2026-04-23T16:33:09.216522,97.5,55.223655700683594,400.0
2026-04-23T16:33:11.419490,94.6,55.17306900024414,400.0
2026-04-23T16:33:13.623434,97.5,55.27424240112305,400.0
2026-04-23T16:33:15.826050,97.7,55.476585388183594,400.0
2026-04-23T16:33:18.028829,98.2,55.42599868774414,400.0
2026-04-23T16:33:20.236993,97.4,55.476585388183594,400.0
2026-04-23T16:33:22.439618,98.1,55.42599868774414,400.0
2026-04-23T16:33:24.643000,96.9,55.42599868774414,400.0
2026-04-23T16:33:26.845666,97.8,55.52717208862305,400.0
2026-04-23T16:33:29.049959,97.8,55.476585388183594,400.0
2026-04-23T16:33:31.252923,96.2,55.5777587890625,400.0
2026-04-23T16:33:33.458860,92.9,55.52717208862305,400.0
2026-04-23T16:33:35.666761,94.7,55.476585388183594,400.0
2026-04-23T16:33:37.870962,92.3,55.476585388183594,400.0
2026-04-23T16:33:40.073267,98.2,55.62834548950195,400.0
2026-04-23T16:33:42.276936,97.9,55.62834548950195,400.0
2026-04-23T16:33:44.482994,97.8,55.62834548950195,400.0
2026-04-23T16:33:46.685841,94.2,55.5777587890625,400.0
2026-04-23T16:33:48.891325,97.2,55.62834548950195,400.0
2026-04-23T16:33:51.099325,96.5,55.678932189941406,400.0
2026-04-23T16:33:53.302960,97.7,55.678932189941406,400.0
2026-04-23T16:33:55.504882,96.1,55.72951889038086,400.0
2026-04-23T16:33:57.713633,97.9,55.62834548950195,400.0
2026-04-23T16:33:59.916518,98.2,55.78010559082031,400.0
2026-04-23T16:34:02.119507,94.5,55.72951889038086,400.0
2026-04-23T16:34:04.322380,97.8,55.88127517700195,400.0
2026-04-23T16:34:06.525858,92.9,55.72951889038086,400.0
2026-04-23T16:34:08.731244,97.5,55.78010559082031,400.0
2026-04-23T16:34:10.934282,97.1,55.72951889038086,400.0
2026-04-23T16:34:13.139409,97.5,55.78010559082031,400.0
2026-04-23T16:34:15.343829,97.3,55.78010559082031,400.0
2026-04-23T16:34:17.548039,96.6,55.72951889038086,400.0
2026-04-23T16:34:19.751493,98.0,55.678932189941406,400.0
2026-04-23T16:34:21.959184,85.1,55.72951889038086,400.0
2026-04-23T16:34:24.162818,97.9,55.8306884765625,400.0
2026-04-23T16:34:26.365791,95.5,55.88127517700195,400.0
2026-04-23T16:34:28.568686,98.2,55.78010559082031,400.0
2026-04-23T16:34:30.773095,97.5,55.78010559082031,400.0
2026-04-23T16:34:32.976031,91.4,55.78010559082031,400.0
2026-04-23T16:34:35.184666,97.6,55.88127517700195,400.0
2026-04-23T16:34:37.387198,89.1,55.8306884765625,400.0
2026-04-23T16:34:39.591030,98.2,55.931861877441406,400.0
2026-04-23T16:34:41.794189,93.9,55.88127517700195,400.0
2026-04-23T16:34:43.997858,97.7,55.98244857788086,400.0
2026-04-23T16:34:46.200815,98.0,55.88127517700195,400.0
2026-04-23T16:34:48.402598,93.0,55.88127517700195,400.0
2026-04-23T16:34:50.606414,98.2,55.8306884765625,400.0
2026-04-23T16:34:52.810449,96.9,55.98244857788086,400.0
2026-04-23T16:34:55.015378,97.8,55.931861877441406,400.0
2026-04-23T16:34:57.219124,98.0,56.03303527832031,400.0
2026-04-23T16:34:59.428598,92.0,55.931861877441406,400.0
2026-04-23T16:35:01.631215,96.9,56.03303527832031,400.0
2026-04-23T16:35:03.835909,92.4,55.931861877441406,400.0
2026-04-23T16:35:06.038964,95.3,55.88127517700195,400.0
2026-04-23T16:35:08.242122,97.1,56.083621978759766,400.0
2026-04-23T16:35:10.445764,95.5,55.98244857788086,400.0
2026-04-23T16:35:12.649268,88.5,56.083621978759766,400.0
2026-04-23T16:35:14.850816,98.1,56.03303527832031,400.0
2026-04-23T16:35:17.054541,98.2,56.083621978759766,400.0
2026-04-23T16:35:19.259545,97.4,56.083621978759766,400.0
2026-04-23T16:35:21.462974,97.5,56.184791564941406,400.0
2026-04-23T16:35:23.666046,90.9,56.13420867919922,400.0
2026-04-23T16:35:25.869607,97.8,56.03303527832031,400.0
2026-04-23T16:35:28.074755,95.3,56.13420867919922,400.0
2026-04-23T16:35:30.277774,98.1,56.03303527832031,400.0
2026-04-23T16:35:32.483070,86.5,55.98244857788086,400.0
2026-04-23T16:35:34.686055,97.9,55.8306884765625,400.0
2026-04-23T16:35:36.888914,94.3,55.72951889038086,400.0
2026-04-23T16:35:39.091813,97.2,55.78010559082031,400.0
2026-04-23T16:35:41.294046,98.1,55.52717208862305,400.0
2026-04-23T16:35:43.498716,94.5,55.678932189941406,400.0
2026-04-23T16:35:45.700617,97.2,55.62834548950195,400.0
2026-04-23T16:35:47.906599,97.2,55.62834548950195,400.0
2026-04-23T16:35:50.108998,97.7,55.52717208862305,400.0
2026-04-23T16:35:52.311564,96.6,55.52717208862305,400.0
2026-04-23T16:35:54.514007,97.3,55.476585388183594,400.0
2026-04-23T16:35:56.719635,97.9,55.37541580200195,400.0
2026-04-23T16:35:58.922540,95.9,55.37541580200195,400.0
2026-04-23T16:36:01.127111,94.1,55.37541580200195,400.0
2026-04-23T16:36:03.331526,93.1,55.37541580200195,400.0
2026-04-23T16:36:05.535028,97.9,55.3248291015625,400.0
2026-04-23T16:36:07.741088,97.6,55.27424240112305,400.0
2026-04-23T16:36:09.944821,98.1,55.37541580200195,400.0
2026-04-23T16:36:12.148937,97.7,55.27424240112305,400.0
2026-04-23T16:36:14.351355,94.7,55.223655700683594,400.0
2026-04-23T16:36:16.554801,97.2,55.223655700683594,400.0
2026-04-23T16:36:18.761794,95.3,55.071895599365234,400.0
2026-04-23T16:36:20.965595,97.7,55.071895599365234,400.0
2026-04-23T16:36:23.168848,97.2,55.02130889892578,400.0
2026-04-23T16:36:25.371545,92.6,55.071895599365234,400.0
2026-04-23T16:36:27.573793,98.0,54.970726013183594,400.0
2026-04-23T16:36:29.775452,92.2,54.970726013183594,400.0
2026-04-23T16:36:31.977864,97.3,55.071895599365234,400.0
2026-04-23T16:36:34.182397,95.2,55.02130889892578,400.0
2026-04-23T16:36:36.387180,98.2,55.02130889892578,400.0
2026-04-23T16:36:38.590478,96.8,55.071895599365234,400.0
2026-04-23T16:36:40.793261,94.6,55.02130889892578,400.0
2026-04-23T16:36:42.996425,96.3,54.970726013183594,400.0
2026-04-23T16:36:45.200036,94.3,55.02130889892578,400.0
2026-04-23T16:36:47.403023,98.1,55.02130889892578,400.0
2026-04-23T16:36:49.606259,96.9,54.970726013183594,400.0
2026-04-23T16:36:51.810267,97.8,54.970726013183594,400.0
2026-04-23T16:36:54.013005,92.7,54.86955261230469,400.0
2026-04-23T16:36:56.219896,94.7,54.76837921142578,400.0
2026-04-23T16:36:58.424300,97.9,54.76837921142578,400.0
2026-04-23T16:37:00.629225,98.1,54.92013931274414,400.0
2026-04-23T16:37:02.831147,97.0,54.76837921142578,400.0
2026-04-23T16:37:05.038564,87.8,54.76837921142578,400.0
2026-04-23T16:37:07.243217,94.3,54.76837921142578,400.0
2026-04-23T16:37:09.446486,98.2,54.818965911865234,400.0
2026-04-23T16:37:11.651890,96.7,54.86955261230469,400.0
2026-04-23T16:37:13.856999,97.1,54.818965911865234,400.0
2026-04-23T16:37:16.058668,97.0,54.818965911865234,400.0
2026-04-23T16:37:18.264997,97.7,54.76837921142578,400.0
2026-04-23T16:37:20.469866,96.7,54.76837921142578,400.0
2026-04-23T16:37:22.672547,98.2,54.76837921142578,400.0
2026-04-23T16:37:24.881029,96.7,54.566036224365234,400.0
2026-04-23T16:37:27.087084,98.2,54.667205810546875,400.0
2026-04-23T16:37:29.290499,97.2,54.667205810546875,400.0
2026-04-23T16:37:31.493000,97.1,54.61661911010742,400.0
2026-04-23T16:37:33.698352,96.7,54.566036224365234,400.0
2026-04-23T16:37:35.908789,91.4,54.61661911010742,400.0
2026-04-23T16:37:38.115180,96.4,54.61661911010742,400.0
2026-04-23T16:37:40.320127,98.1,54.566036224365234,400.0
2026-04-23T16:37:42.523565,97.8,54.61661911010742,400.0
2026-04-23T16:37:44.725701,97.1,54.76837921142578,400.0
2026-04-23T16:37:46.928728,97.4,54.76837921142578,400.0
2026-04-23T16:37:49.131043,89.7,54.71779251098633,400.0
2026-04-23T16:37:51.332925,95.4,54.71779251098633,400.0
2026-04-23T16:37:53.539953,98.2,54.76837921142578,400.0
2026-04-23T16:37:55.745165,93.2,54.818965911865234,400.0
2026-04-23T16:37:57.949200,98.1,54.818965911865234,400.0
2026-04-23T16:38:00.153059,97.2,54.92013931274414,400.0
2026-04-23T16:38:02.355369,94.2,54.76837921142578,400.0
2026-04-23T16:38:04.557519,98.1,54.92013931274414,400.0
2026-04-23T16:38:06.760306,92.2,54.92013931274414,400.0
2026-04-23T16:38:08.963878,97.7,54.92013931274414,400.0
2026-04-23T16:38:11.170057,97.3,54.92013931274414,400.0
2026-04-23T16:38:13.377224,92.9,54.92013931274414,400.0
2026-04-23T16:38:15.580474,97.4,55.02130889892578,400.0
2026-04-23T16:38:17.782472,92.5,55.071895599365234,400.0
2026-04-23T16:38:19.986265,97.4,54.970726013183594,400.0
2026-04-23T16:38:22.191329,97.6,55.02130889892578,400.0
2026-04-23T16:38:24.394898,98.0,55.223655700683594,400.0
2026-04-23T16:38:26.601052,97.7,55.071895599365234,400.0
2026-04-23T16:38:28.803639,98.2,55.223655700683594,400.0
2026-04-23T16:38:31.008287,98.0,55.071895599365234,400.0
2026-04-23T16:38:33.217875,91.6,55.27424240112305,400.0
2026-04-23T16:38:35.419991,97.9,55.223655700683594,400.0
2026-04-23T16:38:37.624552,98.2,55.27424240112305,400.0
2026-04-23T16:38:39.826807,97.7,55.27424240112305,400.0
2026-04-23T16:38:42.031668,97.9,55.27424240112305,400.0
2026-04-23T16:38:44.246226,96.7,55.3248291015625,400.0
2026-04-23T16:38:46.449288,98.0,55.071895599365234,400.0
2026-04-23T16:38:48.652704,91.4,55.3248291015625,400.0
2026-04-23T16:38:50.857955,97.3,55.37541580200195,400.0
2026-04-23T16:38:53.064887,95.6,55.37541580200195,400.0
2026-04-23T16:38:55.269245,97.4,55.42599868774414,400.0
2026-04-23T16:38:57.476366,98.2,55.27424240112305,400.0
2026-04-23T16:38:59.680034,95.4,55.37541580200195,400.0
2026-04-23T16:39:01.887349,97.3,55.52717208862305,400.0
2026-04-23T16:39:04.092990,95.5,55.37541580200195,400.0
2026-04-23T16:39:06.296235,97.3,55.476585388183594,400.0
2026-04-23T16:39:08.500054,96.7,55.52717208862305,400.0
2026-04-23T16:39:10.702483,98.0,55.678932189941406,400.0
2026-04-23T16:39:12.911347,97.8,55.5777587890625,400.0
2026-04-23T16:39:15.115843,97.6,55.52717208862305,400.0
2026-04-23T16:39:17.320471,98.1,55.5777587890625,400.0
2026-04-23T16:39:19.522866,95.4,55.62834548950195,400.0
2026-04-23T16:39:21.725308,97.7,55.678932189941406,400.0
2026-04-23T16:39:23.932572,90.3,55.678932189941406,400.0
2026-04-23T16:39:26.138997,98.1,55.62834548950195,400.0
2026-04-23T16:39:28.340928,96.9,55.62834548950195,400.0
2026-04-23T16:39:30.545848,96.4,55.678932189941406,400.0
2026-04-23T16:39:32.749661,95.2,55.678932189941406,400.0
2026-04-23T16:39:34.957138,93.0,55.678932189941406,400.0
2026-04-23T16:39:37.163757,97.6,55.62834548950195,400.0
2026-04-23T16:39:39.370649,93.2,55.78010559082031,400.0
2026-04-23T16:39:41.573736,98.0,55.8306884765625,400.0
2026-04-23T16:39:43.775781,95.9,55.78010559082031,400.0
2026-04-23T16:39:45.980090,98.1,55.8306884765625,400.0
2026-04-23T16:39:48.182950,97.0,55.88127517700195,400.0
2026-04-23T16:39:50.386954,94.7,55.8306884765625,400.0
2026-04-23T16:39:52.591114,97.6,55.88127517700195,400.0
2026-04-23T16:39:54.794662,92.8,55.88127517700195,400.0
2026-04-23T16:39:56.997524,97.3,55.88127517700195,400.0
2026-04-23T16:39:59.202732,96.5,55.8306884765625,400.0
2026-04-23T16:40:01.408389,95.8,55.931861877441406,400.0
2026-04-23T16:40:03.611594,98.1,55.88127517700195,400.0
2026-04-23T16:40:05.817562,97.8,56.03303527832031,400.0
2026-04-23T16:40:08.020083,97.6,55.88127517700195,400.0
2026-04-23T16:40:10.230264,91.8,55.8306884765625,400.0
2026-04-23T16:40:12.433710,97.7,56.083621978759766,400.0
2026-04-23T16:40:14.635671,97.9,55.931861877441406,400.0
2026-04-23T16:40:16.841471,98.1,55.88127517700195,400.0
2026-04-23T16:40:19.044310,93.3,55.8306884765625,400.0
2026-04-23T16:40:21.255547,97.8,55.931861877441406,400.0
2026-04-23T16:40:23.459028,94.7,55.8306884765625,400.0
2026-04-23T16:40:25.663790,96.1,55.931861877441406,400.0
2026-04-23T16:40:27.868595,98.0,55.931861877441406,400.0
2026-04-23T16:40:30.073783,91.8,55.98244857788086,400.0
2026-04-23T16:40:32.278524,97.5,55.98244857788086,400.0
2026-04-23T16:40:34.483847,95.7,56.083621978759766,400.0
2026-04-23T16:40:36.691662,98.1,56.184791564941406,400.0
2026-04-23T16:40:38.894001,98.2,55.8306884765625,400.0
2026-04-23T16:40:41.096780,90.9,56.083621978759766,400.0
2026-04-23T16:40:43.303342,97.9,56.03303527832031,400.0
2026-04-23T16:40:45.506427,95.8,56.13420867919922,400.0
2026-04-23T16:40:47.708035,97.4,56.184791564941406,400.0
2026-04-23T16:40:49.910070,96.7,56.13420867919922,400.0
2026-04-23T16:40:52.113947,97.5,56.336551666259766,400.0
2026-04-23T16:40:54.317624,91.9,56.28596496582031,400.0
2026-04-23T16:40:56.520671,96.1,56.336551666259766,400.0
2026-04-23T16:40:58.725671,97.6,56.28596496582031,400.0
2026-04-23T16:41:00.931860,94.0,56.336551666259766,400.0
2026-04-23T16:41:03.134069,97.5,56.43772506713867,400.0
2026-04-23T16:41:05.336912,98.1,56.28596496582031,400.0
2026-04-23T16:41:07.538734,94.5,56.184791564941406,400.0
2026-04-23T16:41:09.742978,97.0,56.13420867919922,400.0
2026-04-23T16:41:11.945782,92.4,56.083621978759766,400.0
2026-04-23T16:41:14.149004,97.4,55.931861877441406,400.0
2026-04-23T16:41:16.351060,91.4,55.98244857788086,400.0
2026-04-23T16:41:18.554229,97.4,55.931861877441406,400.0
2026-04-23T16:41:20.758254,98.0,55.88127517700195,400.0
2026-04-23T16:41:22.960532,97.2,55.88127517700195,400.0
2026-04-23T16:41:25.163673,91.9,55.72951889038086,400.0
2026-04-23T16:41:27.366200,97.9,55.72951889038086,400.0
2026-04-23T16:41:29.568772,95.3,55.678932189941406,400.0
2026-04-23T16:41:31.772914,97.7,55.72951889038086,400.0
2026-04-23T16:41:33.976062,97.1,55.5777587890625,400.0
2026-04-23T16:41:36.178009,96.3,55.5777587890625,400.0
2026-04-23T16:41:38.381318,97.4,55.42599868774414,400.0
2026-04-23T16:41:40.587916,97.5,55.42599868774414,400.0
2026-04-23T16:41:42.792392,94.7,55.476585388183594,400.0
2026-04-23T16:41:44.995637,98.1,55.42599868774414,400.0
2026-04-23T16:41:47.198406,96.4,55.52717208862305,400.0
2026-04-23T16:41:49.403354,97.1,55.52717208862305,400.0
2026-04-23T16:41:51.607042,97.3,55.3248291015625,400.0
2026-04-23T16:41:53.812596,97.5,55.37541580200195,400.0
2026-04-23T16:41:56.015707,97.3,55.42599868774414,400.0
2026-04-23T16:41:58.225800,97.5,55.3248291015625,400.0
2026-04-23T16:42:00.436310,97.8,55.27424240112305,400.0
2026-04-23T16:42:02.642407,96.1,55.27424240112305,400.0
2026-04-23T16:42:04.845467,97.0,55.27424240112305,400.0
2026-04-23T16:42:07.053011,93.1,55.3248291015625,400.0
2026-04-23T16:42:09.255071,96.1,55.17306900024414,400.0
2026-04-23T16:42:11.458815,97.5,55.17306900024414,400.0
2026-04-23T16:42:13.662375,92.1,55.223655700683594,400.0
2026-04-23T16:42:15.866304,98.2,55.17306900024414,400.0
2026-04-23T16:42:18.069992,95.9,55.071895599365234,400.0
2026-04-23T16:42:20.274794,97.4,55.17306900024414,400.0
2026-04-23T16:42:22.483227,96.2,55.17306900024414,400.0
2026-04-23T16:42:24.686553,96.8,55.223655700683594,400.0
2026-04-23T16:42:26.889778,98.1,55.27424240112305,400.0
2026-04-23T16:42:29.091987,94.2,55.27424240112305,400.0
2026-04-23T16:42:31.296383,98.1,55.42599868774414,400.0
2026-04-23T16:42:33.500439,94.0,55.27424240112305,400.0
2026-04-23T16:42:35.702283,98.0,55.42599868774414,400.0
2026-04-23T16:42:37.905728,97.3,55.476585388183594,400.0
2026-04-23T16:42:40.108028,97.6,55.5777587890625,400.0
2026-04-23T16:42:42.312092,97.1,55.27424240112305,400.0
2026-04-23T16:42:44.515818,94.5,55.42599868774414,400.0
2026-04-23T16:42:46.719145,98.1,55.476585388183594,400.0
2026-04-23T16:42:48.922615,96.9,55.42599868774414,400.0
2026-04-23T16:42:51.126415,97.7,55.27424240112305,400.0
2026-04-23T16:42:53.332018,97.3,55.52717208862305,400.0
2026-04-23T16:42:55.535059,98.0,55.476585388183594,400.0
2026-04-23T16:42:57.737230,97.1,55.42599868774414,400.0
2026-04-23T16:42:59.945283,97.4,55.5777587890625,400.0
2026-04-23T16:43:02.149432,94.9,55.5777587890625,400.0
2026-04-23T16:43:04.352787,96.2,55.52717208862305,400.0
2026-04-23T16:43:06.557906,97.9,55.52717208862305,400.0
2026-04-23T16:43:08.762379,95.5,55.5777587890625,400.0
2026-04-23T16:43:10.967748,98.1,55.678932189941406,400.0
2026-04-23T16:43:13.172008,96.6,55.5777587890625,400.0
2026-04-23T16:43:15.380999,98.0,55.678932189941406,400.0
2026-04-23T16:43:17.584351,98.2,55.72951889038086,400.0
2026-04-23T16:43:19.795714,96.5,55.62834548950195,400.0
2026-04-23T16:43:21.999338,97.9,55.476585388183594,400.0
2026-04-23T16:43:24.204573,91.3,55.52717208862305,400.0
2026-04-23T16:43:26.408796,93.3,55.52717208862305,400.0
2026-04-23T16:43:28.615081,97.4,55.62834548950195,400.0
2026-04-23T16:43:30.820052,97.4,55.62834548950195,400.0
2026-04-23T16:43:33.022191,98.0,55.52717208862305,400.0
2026-04-23T16:43:35.223824,98.1,55.52717208862305,400.0
2026-04-23T16:43:37.428172,97.8,55.37541580200195,400.0
2026-04-23T16:43:39.631154,87.0,55.476585388183594,400.0
2026-04-23T16:43:41.835632,94.9,55.476585388183594,400.0
2026-04-23T16:43:44.042797,98.1,55.37541580200195,400.0
2026-04-23T16:43:46.246276,96.9,55.37541580200195,400.0
2026-04-23T16:43:48.449281,97.9,55.42599868774414,400.0
2026-04-23T16:43:50.652313,97.8,55.3248291015625,400.0
2026-04-23T16:43:52.858700,97.6,55.3248291015625,400.0
2026-04-23T16:43:55.060546,96.5,55.27424240112305,400.0
2026-04-23T16:43:57.262302,97.8,55.223655700683594,400.0
2026-04-23T16:43:59.466283,96.0,55.27424240112305,400.0
2026-04-23T16:44:01.670014,98.2,55.27424240112305,400.0
2026-04-23T16:44:03.874364,97.6,55.223655700683594,400.0
2026-04-23T16:44:06.076601,98.0,55.12248229980469,400.0
2026-04-23T16:44:08.285154,97.7,55.12248229980469,400.0
2026-04-23T16:44:10.490678,95.2,54.970726013183594,400.0
2026-04-23T16:44:12.693715,96.9,55.12248229980469,400.0
2026-04-23T16:44:14.895391,97.5,55.071895599365234,400.0
2026-04-23T16:44:17.098617,97.2,55.071895599365234,400.0
2026-04-23T16:44:19.304268,97.3,55.02130889892578,400.0
2026-04-23T16:44:21.507925,95.6,54.92013931274414,400.0
2026-04-23T16:44:23.710215,97.4,54.970726013183594,400.0
2026-04-23T16:44:25.912935,95.6,54.818965911865234,400.0
2026-04-23T16:44:28.117731,98.2,54.92013931274414,400.0
2026-04-23T16:44:30.324710,88.8,54.76837921142578,400.0
2026-04-23T16:44:32.528467,98.1,54.76837921142578,400.0
2026-04-23T16:44:34.732257,98.2,54.61661911010742,400.0
2026-04-23T16:44:36.935471,97.9,54.71779251098633,400.0
2026-04-23T16:44:39.138996,98.1,54.71779251098633,400.0
2026-04-23T16:44:41.343117,97.9,54.61661911010742,400.0
2026-04-23T16:44:43.547785,98.1,54.667205810546875,400.0
2026-04-23T16:44:45.749726,97.3,54.667205810546875,400.0
2026-04-23T16:44:47.953630,97.4,54.61661911010742,400.0
2026-04-23T16:44:50.157630,98.2,54.414276123046875,400.0
2026-04-23T16:44:52.362209,98.0,54.46486282348633,400.0
2026-04-23T16:44:54.564389,97.4,54.51544952392578,400.0
2026-04-23T16:44:56.767780,93.9,54.566036224365234,400.0
2026-04-23T16:44:58.970166,94.1,54.414276123046875,400.0
2026-04-23T16:45:01.174929,98.2,54.414276123046875,400.0
2026-04-23T16:45:03.378211,93.5,54.414276123046875,400.0
2026-04-23T16:45:05.580305,97.5,54.414276123046875,400.0
2026-04-23T16:45:07.784800,97.1,54.566036224365234,400.0
2026-04-23T16:45:09.988188,97.2,54.566036224365234,400.0
2026-04-23T16:45:12.190987,92.3,54.566036224365234,400.0
2026-04-23T16:45:14.397242,97.4,54.61661911010742,400.0
2026-04-23T16:45:16.602176,94.3,54.667205810546875,400.0
2026-04-23T16:45:18.804791,95.8,54.61661911010742,400.0
2026-04-23T16:45:21.007148,97.5,54.667205810546875,400.0
2026-04-23T16:45:23.209324,97.5,54.667205810546875,400.0
2026-04-23T16:45:25.412937,97.9,54.76837921142578,400.0
2026-04-23T16:45:27.615422,97.4,54.818965911865234,400.0
2026-04-23T16:45:29.819439,96.8,54.818965911865234,400.0
2026-04-23T16:45:32.024243,92.1,54.86955261230469,400.0
2026-04-23T16:45:34.228138,97.5,54.92013931274414,400.0
2026-04-23T16:45:36.429913,94.8,55.02130889892578,400.0
2026-04-23T16:45:38.632434,97.4,55.071895599365234,400.0
2026-04-23T16:45:40.834857,92.3,55.12248229980469,400.0
2026-04-23T16:45:43.036485,97.1,55.12248229980469,400.0
2026-04-23T16:45:45.239414,93.8,55.12248229980469,400.0
2026-04-23T16:45:47.442711,96.2,55.071895599365234,400.0
2026-04-23T16:45:49.644289,96.5,55.17306900024414,400.0
2026-04-23T16:45:51.848977,98.0,55.223655700683594,400.0
2026-04-23T16:45:54.053433,98.1,55.223655700683594,400.0
2026-04-23T16:45:56.255425,97.1,55.223655700683594,400.0
2026-04-23T16:45:58.460108,98.0,55.3248291015625,400.0
2026-04-23T16:46:00.662927,97.6,55.42599868774414,400.0
2026-04-23T16:46:02.868323,94.8,55.476585388183594,400.0
2026-04-23T16:46:05.073004,98.2,55.42599868774414,400.0
2026-04-23T16:46:07.277320,92.0,55.42599868774414,400.0
2026-04-23T16:46:09.485947,94.4,55.42599868774414,400.0
2026-04-23T16:46:11.689218,97.8,55.476585388183594,400.0
2026-04-23T16:46:13.894445,96.5,55.5777587890625,400.0
2026-04-23T16:46:16.099054,97.5,55.5777587890625,400.0
2026-04-23T16:46:18.301774,98.1,55.62834548950195,400.0
2026-04-23T16:46:20.503728,97.7,55.678932189941406,400.0
2026-04-23T16:46:22.710530,94.8,55.62834548950195,400.0
2026-04-23T16:46:24.914345,93.3,55.72951889038086,400.0
2026-04-23T16:46:27.119576,97.4,55.678932189941406,400.0
2026-04-23T16:46:29.323220,93.2,55.72951889038086,400.0
2026-04-23T16:46:31.526299,95.5,55.78010559082031,400.0
2026-04-23T16:46:33.730521,97.3,55.931861877441406,400.0
2026-04-23T16:46:35.932788,94.5,55.8306884765625,400.0
2026-04-23T16:46:38.138290,94.8,55.88127517700195,400.0
2026-04-23T16:46:40.339910,97.8,55.931861877441406,400.0
2026-04-23T16:46:42.543469,97.3,55.931861877441406,400.0
2026-04-23T16:46:44.747155,97.6,55.98244857788086,400.0
2026-04-23T16:46:46.952497,98.0,56.03303527832031,400.0
2026-04-23T16:46:49.154981,96.1,55.98244857788086,400.0
2026-04-23T16:46:51.359439,97.9,55.98244857788086,400.0
2026-04-23T16:46:53.566744,91.4,55.98244857788086,400.0
2026-04-23T16:46:55.769554,98.1,56.083621978759766,400.0
2026-04-23T16:46:57.973355,97.1,56.083621978759766,400.0
2026-04-23T16:47:00.177475,96.5,56.083621978759766,400.0
2026-04-23T16:47:02.380653,97.0,56.13420867919922,400.0
2026-04-23T16:47:04.586581,98.2,56.184791564941406,400.0
2026-04-23T16:47:06.791038,97.7,56.184791564941406,400.0
2026-04-23T16:47:08.997924,93.3,56.184791564941406,400.0
2026-04-23T16:47:11.202054,98.0,56.184791564941406,400.0
2026-04-23T16:47:13.407466,92.5,56.13420867919922,400.0
2026-04-23T16:47:15.614856,95.0,56.28596496582031,400.0
2026-04-23T16:47:17.820414,97.8,56.23537826538086,400.0
2026-04-23T16:47:20.024672,95.6,56.28596496582031,400.0
2026-04-23T16:47:22.226356,97.4,56.336551666259766,400.0
2026-04-23T16:47:24.430442,97.1,56.38713836669922,400.0
2026-04-23T16:47:26.632912,98.0,56.488311767578125,400.0
2026-04-23T16:47:28.836251,93.1,56.43772506713867,400.0
2026-04-23T16:47:31.039750,97.1,56.53889846801758,400.0
2026-04-23T16:47:33.243650,98.1,55.98244857788086,400.0
2026-04-23T16:47:35.457883,92.2,56.38713836669922,400.0
2026-04-23T16:47:37.662675,97.1,56.488311767578125,400.0
2026-04-23T16:47:39.866450,95.8,56.53889846801758,400.0
2026-04-23T16:47:42.070026,97.7,56.488311767578125,400.0
2026-04-23T16:47:44.272783,98.1,56.589481353759766,400.0
2026-04-23T16:47:46.475451,97.3,56.589481353759766,400.0
2026-04-23T16:47:48.678616,97.3,56.43772506713867,400.0
2026-04-23T16:47:50.882340,90.7,56.589481353759766,400.0
2026-04-23T16:47:53.084669,96.7,56.69065475463867,400.0
2026-04-23T16:47:55.288043,97.8,56.53889846801758,400.0
2026-04-23T16:47:57.489703,97.5,56.589481353759766,400.0
2026-04-23T16:47:59.695660,97.4,56.589481353759766,400.0
2026-04-23T16:48:01.901785,97.5,56.589481353759766,400.0
2026-04-23T16:48:04.106992,97.9,56.43772506713867,400.0
2026-04-23T16:48:06.314553,92.3,56.64006805419922,400.0
2026-04-23T16:48:08.518279,98.0,56.69065475463867,400.0
2026-04-23T16:48:10.722772,92.2,56.589481353759766,400.0
2026-04-23T16:48:12.926379,97.9,56.589481353759766,400.0
2026-04-23T16:48:15.129025,95.9,56.64006805419922,400.0
2026-04-23T16:48:17.338534,98.0,56.64006805419922,400.0
2026-04-23T16:48:19.540176,97.5,56.69065475463867,400.0
2026-04-23T16:48:21.743106,94.5,56.589481353759766,400.0
2026-04-23T16:48:23.946524,95.7,56.69065475463867,400.0
2026-04-23T16:48:26.150001,95.1,56.589481353759766,400.0
2026-04-23T16:48:28.355297,97.4,56.64006805419922,400.0
2026-04-23T16:48:30.557032,96.2,56.69065475463867,400.0
2026-04-23T16:48:32.759368,97.9,56.69065475463867,400.0
2026-04-23T16:48:34.961162,98.0,56.69065475463867,400.0
2026-04-23T16:48:37.165835,93.7,56.69065475463867,400.0
2026-04-23T16:48:39.371044,98.2,56.741241455078125,400.0
2026-04-23T16:48:41.575194,91.8,56.79182815551758,400.0
2026-04-23T16:48:43.778520,96.9,56.79182815551758,400.0
2026-04-23T16:48:45.980917,98.1,56.741241455078125,400.0
2026-04-23T16:48:48.184033,97.3,56.741241455078125,400.0
2026-04-23T16:48:50.388299,97.9,56.64006805419922,400.0
2026-04-23T16:48:52.591087,94.5,56.64006805419922,400.0
2026-04-23T16:48:54.794521,97.5,56.488311767578125,400.0
2026-04-23T16:48:56.998235,93.2,56.589481353759766,400.0
2026-04-23T16:48:59.203598,97.7,56.53889846801758,400.0
2026-04-23T16:49:01.411207,97.9,56.53889846801758,400.0
2026-04-23T16:49:03.615778,97.5,56.43772506713867,400.0
2026-04-23T16:49:05.821958,97.6,56.336551666259766,400.0
2026-04-23T16:49:08.024004,92.4,56.336551666259766,400.0
2026-04-23T16:49:10.227338,98.2,56.23537826538086,400.0
2026-04-23T16:49:12.434118,96.8,56.184791564941406,400.0
2026-04-23T16:49:14.637124,97.9,56.184791564941406,400.0
2026-04-23T16:49:16.839539,95.8,56.23537826538086,400.0
2026-04-23T16:49:19.042033,97.9,56.13420867919922,400.0
2026-04-23T16:49:21.249655,97.4,56.03303527832031,400.0
2026-04-23T16:49:23.454492,92.4,56.083621978759766,400.0
2026-04-23T16:49:25.659142,95.8,56.03303527832031,400.0
2026-04-23T16:49:27.868505,94.7,56.03303527832031,400.0
2026-04-23T16:49:30.071465,97.8,55.98244857788086,400.0
2026-04-23T16:49:32.273985,96.6,55.931861877441406,400.0
2026-04-23T16:49:34.476502,97.5,55.98244857788086,400.0
2026-04-23T16:49:36.681848,93.9,55.8306884765625,400.0
2026-04-23T16:49:38.884879,96.2,55.88127517700195,400.0
2026-04-23T16:49:41.088470,97.6,55.88127517700195,400.0
2026-04-23T16:49:43.295462,96.8,55.78010559082031,400.0
2026-04-23T16:49:45.498576,97.6,55.72951889038086,400.0
2026-04-23T16:49:47.709181,92.6,55.62834548950195,400.0
2026-04-23T16:49:49.912405,97.6,55.5777587890625,400.0
2026-04-23T16:49:52.115268,97.4,55.5777587890625,400.0
2026-04-23T16:49:54.318333,96.8,55.678932189941406,400.0
2026-04-23T16:49:56.521703,98.0,55.476585388183594,400.0
2026-04-23T16:49:58.724070,97.4,55.52717208862305,400.0
2026-04-23T16:50:00.927050,94.5,55.52717208862305,400.0
2026-04-23T16:50:03.129760,96.1,55.52717208862305,400.0
2026-04-23T16:50:05.331433,97.6,55.52717208862305,400.0
2026-04-23T16:50:07.535384,97.3,55.3248291015625,400.0
2026-04-23T16:50:09.739921,98.1,55.3248291015625,400.0
2026-04-23T16:50:11.943415,93.8,55.37541580200195,400.0
2026-04-23T16:50:14.145632,93.8,55.17306900024414,400.0
2026-04-23T16:50:16.349210,97.7,55.3248291015625,400.0
2026-04-23T16:50:18.555017,97.1,55.27424240112305,400.0
2026-04-23T16:50:20.756710,98.0,55.27424240112305,400.0
2026-04-23T16:50:22.960353,93.8,55.17306900024414,400.0
2026-04-23T16:50:25.167855,97.5,55.17306900024414,400.0
2026-04-23T16:50:27.371264,94.9,55.12248229980469,400.0
2026-04-23T16:50:29.574350,87.4,55.17306900024414,400.0
2026-04-23T16:50:31.776079,97.9,55.12248229980469,400.0
2026-04-23T16:50:33.981799,97.5,55.17306900024414,400.0
2026-04-23T16:50:36.185547,97.2,55.071895599365234,400.0
2026-04-23T16:50:38.389129,96.6,55.17306900024414,400.0
2026-04-23T16:50:40.594898,98.0,55.12248229980469,400.0
2026-04-23T16:50:42.800597,94.1,54.970726013183594,400.0
2026-04-23T16:50:45.005819,97.8,55.071895599365234,400.0
2026-04-23T16:50:47.211851,97.6,55.02130889892578,400.0
2026-04-23T16:50:49.415174,90.9,55.12248229980469,400.0
2026-04-23T16:50:51.622960,98.1,55.071895599365234,400.0
2026-04-23T16:50:53.829636,97.0,54.970726013183594,400.0
2026-04-23T16:50:56.035899,96.1,55.12248229980469,400.0
2026-04-23T16:50:58.239882,97.5,54.92013931274414,400.0
2026-04-23T16:51:00.444232,95.0,55.02130889892578,400.0
2026-04-23T16:51:02.646940,98.0,54.970726013183594,400.0
2026-04-23T16:51:04.853803,97.5,55.02130889892578,400.0
2026-04-23T16:51:07.055585,92.7,55.02130889892578,400.0
2026-04-23T16:51:09.259328,96.5,54.92013931274414,400.0
2026-04-23T16:51:11.463215,98.2,54.970726013183594,400.0
2026-04-23T16:51:13.667819,97.8,54.970726013183594,400.0
2026-04-23T16:51:15.872721,95.5,55.02130889892578,400.0
2026-04-23T16:51:18.079870,97.8,54.970726013183594,400.0
2026-04-23T16:51:20.284725,95.4,54.970726013183594,400.0
2026-04-23T16:51:22.486509,98.0,54.92013931274414,400.0
2026-04-23T16:51:24.690288,97.4,54.970726013183594,400.0
2026-04-23T16:51:26.894382,98.1,55.02130889892578,400.0
2026-04-23T16:51:29.098462,97.1,55.02130889892578,400.0
2026-04-23T16:51:31.307875,97.8,54.970726013183594,400.0
2026-04-23T16:51:33.512265,96.6,54.92013931274414,400.0
2026-04-23T16:51:35.720272,90.3,54.970726013183594,400.0
2026-04-23T16:51:37.923715,96.9,54.92013931274414,400.0
2026-04-23T16:51:40.126623,94.9,54.970726013183594,400.0
2026-04-23T16:51:42.330921,97.9,54.970726013183594,400.0
2026-04-23T16:51:44.532590,97.6,54.970726013183594,400.0
2026-04-23T16:51:46.737149,97.2,54.970726013183594,400.0
2026-04-23T16:51:48.940688,93.7,54.818965911865234,400.0
2026-04-23T16:51:51.153519,93.8,54.86955261230469,400.0
2026-04-23T16:51:53.355083,97.9,54.818965911865234,400.0
2026-04-23T16:51:55.562185,92.7,54.92013931274414,400.0
2026-04-23T16:51:57.763937,97.4,54.92013931274414,400.0
2026-04-23T16:51:59.967763,96.7,55.02130889892578,400.0
2026-04-23T16:52:02.170144,93.8,55.12248229980469,400.0
2026-04-23T16:52:04.374537,97.1,55.17306900024414,400.0
2026-04-23T16:52:06.579261,94.0,55.223655700683594,400.0
2026-04-23T16:52:08.784444,98.1,55.223655700683594,400.0
2026-04-23T16:52:10.989491,94.2,55.37541580200195,400.0
2026-04-23T16:52:13.192389,98.0,55.476585388183594,400.0
2026-04-23T16:52:15.395161,97.3,55.42599868774414,400.0
2026-04-23T16:52:17.600513,98.2,55.62834548950195,400.0
2026-04-23T16:52:19.804141,97.1,55.42599868774414,400.0
2026-04-23T16:52:22.006953,92.9,55.42599868774414,400.0
2026-04-23T16:52:24.212737,96.1,55.5777587890625,400.0
2026-04-23T16:52:26.414879,95.6,55.62834548950195,400.0
2026-04-23T16:52:28.617182,96.9,55.72951889038086,400.0
2026-04-23T16:52:30.822629,88.9,55.62834548950195,400.0
2026-04-23T16:52:33.025610,98.0,55.5777587890625,400.0
2026-04-23T16:52:35.229021,97.5,55.5777587890625,400.0
2026-04-23T16:52:37.432758,93.8,55.62834548950195,400.0
2026-04-23T16:52:39.636352,98.2,55.5777587890625,400.0
2026-04-23T16:52:41.841008,93.2,55.476585388183594,400.0
2026-04-23T16:52:44.045975,96.3,55.476585388183594,400.0
2026-04-23T16:52:46.249003,96.3,55.37541580200195,400.0
2026-04-23T16:52:48.451880,94.2,55.42599868774414,400.0
2026-04-23T16:52:50.654841,98.2,55.42599868774414,400.0
2026-04-23T16:52:52.858814,97.4,55.37541580200195,400.0
2026-04-23T16:52:55.062778,92.9,55.27424240112305,400.0
2026-04-23T16:52:57.267524,89.5,55.223655700683594,400.0
2026-04-23T16:52:59.469964,97.1,55.27424240112305,400.0
2026-04-23T16:53:01.674102,97.7,55.27424240112305,400.0
2026-04-23T16:53:03.879009,97.5,55.071895599365234,400.0
2026-04-23T16:53:06.081406,97.8,55.223655700683594,400.0
2026-04-23T16:53:08.286171,92.9,55.17306900024414,400.0
2026-04-23T16:53:10.488867,98.1,55.17306900024414,400.0
2026-04-23T16:53:12.694966,94.9,55.27424240112305,400.0
2026-04-23T16:53:14.899218,95.8,55.37541580200195,400.0
2026-04-23T16:53:17.104660,96.8,55.3248291015625,400.0
2026-04-23T16:53:19.307618,93.8,55.37541580200195,400.0
2026-04-23T16:53:21.510029,97.9,55.42599868774414,400.0
2026-04-23T16:53:23.715291,98.2,55.52717208862305,400.0
2026-04-23T16:53:25.920608,96.7,55.52717208862305,400.0
2026-04-23T16:53:28.124358,97.8,55.52717208862305,400.0
2026-04-23T16:53:30.326331,97.9,55.62834548950195,400.0
2026-04-23T16:53:32.529274,93.9,55.52717208862305,400.0
2026-04-23T16:53:34.734985,97.9,55.62834548950195,400.0
2026-04-23T16:53:36.939545,97.6,55.52717208862305,400.0
2026-04-23T16:53:39.142264,96.5,55.678932189941406,400.0
2026-04-23T16:53:41.346396,97.8,55.62834548950195,400.0
2026-04-23T16:53:43.550426,95.6,55.78010559082031,400.0
2026-04-23T16:53:45.752561,97.9,55.72951889038086,400.0
2026-04-23T16:53:47.954894,95.8,55.8306884765625,400.0
2026-04-23T16:53:50.158012,93.4,55.931861877441406,400.0
2026-04-23T16:53:52.361865,96.7,55.88127517700195,400.0
2026-04-23T16:53:54.566863,97.3,55.98244857788086,400.0
2026-04-23T16:53:56.769965,97.1,55.98244857788086,400.0
2026-04-23T16:53:58.973216,98.1,56.13420867919922,400.0
2026-04-23T16:54:01.175033,97.8,55.98244857788086,400.0
2026-04-23T16:54:03.378753,91.3,56.083621978759766,400.0
2026-04-23T16:54:05.586844,97.0,56.184791564941406,400.0
2026-04-23T16:54:07.791219,98.2,56.13420867919922,400.0
2026-04-23T16:54:09.994932,98.1,55.88127517700195,400.0
2026-04-23T16:54:12.198626,88.2,56.03303527832031,400.0
2026-04-23T16:54:14.401904,96.0,56.184791564941406,400.0
2026-04-23T16:54:16.605236,97.4,56.184791564941406,400.0
2026-04-23T16:54:18.808031,96.8,56.23537826538086,400.0
2026-04-23T16:54:21.012126,98.0,56.23537826538086,400.0
2026-04-23T16:54:23.216699,95.3,56.23537826538086,400.0
2026-04-23T16:54:25.419787,98.1,56.28596496582031,400.0
2026-04-23T16:54:27.624504,98.0,56.336551666259766,400.0
2026-04-23T16:54:29.826449,91.7,56.38713836669922,400.0
2026-04-23T16:54:32.028424,98.2,56.43772506713867,400.0
2026-04-23T16:54:34.232876,97.5,56.53889846801758,400.0
2026-04-23T16:54:36.437273,97.9,56.43772506713867,400.0
2026-04-23T16:54:38.639509,96.2,56.53889846801758,400.0
2026-04-23T16:54:40.842035,98.1,56.64006805419922,400.0
2026-04-23T16:54:43.046303,96.2,56.43772506713867,400.0
2026-04-23T16:54:45.252338,97.4,56.43772506713867,400.0
2026-04-23T16:54:47.457341,98.1,56.64006805419922,400.0
2026-04-23T16:54:49.660997,97.0,56.589481353759766,400.0
2026-04-23T16:54:51.865065,97.0,56.38713836669922,400.0
2026-04-23T16:54:54.067173,94.1,56.336551666259766,400.0
2026-04-23T16:54:56.271083,97.7,56.43772506713867,400.0
2026-04-23T16:54:58.474855,98.1,56.336551666259766,400.0
2026-04-23T16:55:00.683474,94.9,56.336551666259766,400.0
2026-04-23T16:55:02.887116,98.0,56.184791564941406,400.0
2026-04-23T16:55:05.089566,98.1,56.13420867919922,400.0
2026-04-23T16:55:07.296626,93.6,56.083621978759766,400.0
2026-04-23T16:55:09.505086,94.7,56.03303527832031,400.0
2026-04-23T16:55:11.706677,94.2,55.98244857788086,400.0
2026-04-23T16:55:13.911423,98.2,56.03303527832031,400.0
2026-04-23T16:55:16.115277,98.1,55.98244857788086,400.0
2026-04-23T16:55:18.318562,98.1,55.8306884765625,400.0
2026-04-23T16:55:20.521228,93.1,55.88127517700195,400.0
2026-04-23T16:55:22.724879,97.5,55.931861877441406,400.0
2026-04-23T16:55:24.928128,97.9,55.88127517700195,400.0
2026-04-23T16:55:27.130556,93.7,55.78010559082031,400.0
2026-04-23T16:55:29.332958,96.0,55.8306884765625,400.0
2026-04-23T16:55:31.538325,93.5,55.78010559082031,400.0
2026-04-23T16:55:33.741574,96.2,55.62834548950195,400.0
2026-04-23T16:55:35.943776,97.1,55.62834548950195,400.0
2026-04-23T16:55:38.146857,96.9,55.62834548950195,400.0
2026-04-23T16:55:40.355900,95.0,55.5777587890625,400.0
2026-04-23T16:55:42.561822,93.6,55.5777587890625,400.0
2026-04-23T16:55:44.764268,98.0,55.52717208862305,400.0
2026-04-23T16:55:46.966216,97.9,55.5777587890625,400.0
2026-04-23T16:55:49.171036,97.3,55.42599868774414,400.0
2026-04-23T16:55:51.374555,96.7,55.52717208862305,400.0
2026-04-23T16:55:53.576280,98.0,55.42599868774414,400.0
2026-04-23T16:55:55.784928,92.1,55.42599868774414,400.0
2026-04-23T16:55:57.988685,97.5,55.3248291015625,400.0
2026-04-23T16:56:00.196046,92.4,55.42599868774414,400.0
2026-04-23T16:56:02.398220,95.7,55.37541580200195,400.0
2026-04-23T16:56:04.600813,97.5,55.42599868774414,400.0
2026-04-23T16:56:06.803604,97.8,55.3248291015625,400.0
2026-04-23T16:56:09.007206,98.0,55.37541580200195,400.0
2026-04-23T16:56:11.213012,93.5,55.223655700683594,400.0
2026-04-23T16:56:13.418647,96.5,55.223655700683594,400.0
2026-04-23T16:56:15.620599,97.2,55.17306900024414,400.0
2026-04-23T16:56:17.823961,94.2,55.12248229980469,400.0
2026-04-23T16:56:20.026197,98.2,55.071895599365234,400.0
2026-04-23T16:56:22.232439,97.4,55.12248229980469,400.0
2026-04-23T16:56:24.435823,97.0,55.02130889892578,400.0
2026-04-23T16:56:26.639134,91.7,55.071895599365234,400.0
2026-04-23T16:56:28.842504,97.8,55.12248229980469,400.0
2026-04-23T16:56:31.045780,98.1,55.12248229980469,400.0
2026-04-23T16:56:33.251524,94.6,55.071895599365234,400.0
2026-04-23T16:56:35.457032,97.7,55.071895599365234,400.0
2026-04-23T16:56:37.662111,93.0,55.071895599365234,400.0
2026-04-23T16:56:39.867123,97.7,55.12248229980469,400.0
2026-04-23T16:56:42.069708,97.3,55.17306900024414,400.0
2026-04-23T16:56:44.287714,94.7,55.02130889892578,400.0
2026-04-23T16:56:46.491263,92.1,54.970726013183594,400.0
2026-04-23T16:56:48.693629,96.8,54.970726013183594,400.0
2026-04-23T16:56:50.898131,97.4,55.02130889892578,400.0
2026-04-23T16:56:53.102137,97.5,54.86955261230469,400.0
2026-04-23T16:56:55.309345,96.3,54.86955261230469,400.0
2026-04-23T16:56:57.513335,94.5,54.76837921142578,400.0
2026-04-23T16:56:59.716999,97.5,54.76837921142578,400.0
2026-04-23T16:57:01.924557,97.3,54.818965911865234,400.0
2026-04-23T16:57:04.129385,97.5,54.76837921142578,400.0
2026-04-23T16:57:06.333218,97.4,54.71779251098633,400.0
2026-04-23T16:57:08.541321,92.1,54.667205810546875,400.0
2026-04-23T16:57:10.744884,97.6,54.818965911865234,400.0
2026-04-23T16:57:12.947122,96.0,54.818965911865234,400.0
2026-04-23T16:57:15.149905,98.1,54.818965911865234,400.0
2026-04-23T16:57:17.352904,87.6,54.76837921142578,400.0
2026-04-23T16:57:19.556005,97.9,54.86955261230469,400.0
2026-04-23T16:57:21.757927,98.1,54.667205810546875,400.0
2026-04-23T16:57:23.962290,91.9,54.86955261230469,400.0
2026-04-23T16:57:26.164125,97.5,54.86955261230469,400.0
2026-04-23T16:57:28.366457,97.8,54.76837921142578,400.0
2026-04-23T16:57:30.571424,97.5,54.76837921142578,400.0
2026-04-23T16:57:32.783248,88.6,54.76837921142578,400.0
2026-04-23T16:57:34.986472,97.9,54.92013931274414,400.0
2026-04-23T16:57:37.190458,97.6,54.92013931274414,400.0
2026-04-23T16:57:39.399477,95.0,54.92013931274414,400.0
2026-04-23T16:57:41.601668,97.9,54.92013931274414,400.0
2026-04-23T16:57:43.804756,93.3,55.02130889892578,400.0
2026-04-23T16:57:46.008857,98.1,55.071895599365234,400.0
2026-04-23T16:57:48.216265,94.2,55.12248229980469,400.0
2026-04-23T16:57:50.419687,97.8,55.17306900024414,400.0
2026-04-23T16:57:52.623617,97.4,55.223655700683594,400.0
2026-04-23T16:57:54.828215,97.7,55.223655700683594,400.0
2026-04-23T16:57:57.032280,97.6,55.3248291015625,400.0
2026-04-23T16:57:59.235836,93.8,55.27424240112305,400.0
2026-04-23T16:58:01.439724,98.2,55.27424240112305,400.0
2026-04-23T16:58:03.645607,89.1,55.3248291015625,400.0
2026-04-23T16:58:05.848396,97.2,55.37541580200195,400.0
2026-04-23T16:58:08.052055,96.5,55.42599868774414,400.0
2026-04-23T16:58:10.254224,98.1,55.42599868774414,400.0
2026-04-23T16:58:12.456677,97.6,55.42599868774414,400.0
2026-04-23T16:58:14.662427,97.3,55.52717208862305,400.0
2026-04-23T16:58:16.865878,97.6,55.37541580200195,400.0
2026-04-23T16:58:19.071569,90.1,55.52717208862305,400.0
2026-04-23T16:58:21.277000,97.1,55.62834548950195,400.0
2026-04-23T16:58:23.480599,97.1,55.52717208862305,400.0
2026-04-23T16:58:25.684306,95.6,55.5777587890625,400.0
2026-04-23T16:58:27.886571,93.4,55.476585388183594,400.0
2026-04-23T16:58:30.089486,97.9,55.5777587890625,400.0
2026-04-23T16:58:32.294988,93.7,55.52717208862305,400.0
2026-04-23T16:58:34.497119,96.6,55.678932189941406,400.0
2026-04-23T16:58:36.700759,98.1,55.678932189941406,400.0
2026-04-23T16:58:38.907905,97.9,55.62834548950195,400.0
2026-04-23T16:58:41.111017,98.1,55.5777587890625,400.0
2026-04-23T16:58:43.316490,95.3,55.62834548950195,400.0
2026-04-23T16:58:45.520363,98.2,55.72951889038086,400.0
2026-04-23T16:58:47.724772,97.3,55.78010559082031,400.0
2026-04-23T16:58:49.929791,97.9,55.8306884765625,400.0
2026-04-23T16:58:52.132962,98.0,55.78010559082031,400.0
2026-04-23T16:58:54.334716,92.6,55.88127517700195,400.0
2026-04-23T16:58:56.539288,97.8,55.88127517700195,400.0
2026-04-23T16:58:58.740991,97.8,55.8306884765625,400.0
2026-04-23T16:59:00.944119,93.0,55.98244857788086,400.0
2026-04-23T16:59:03.148375,97.6,56.03303527832031,400.0
2026-04-23T16:59:05.353419,92.1,56.03303527832031,400.0
2026-04-23T16:59:07.556875,97.6,56.03303527832031,400.0
2026-04-23T16:59:09.764743,96.8,56.03303527832031,400.0
2026-04-23T16:59:11.969648,97.7,56.083621978759766,400.0
2026-04-23T16:59:14.174808,98.2,56.03303527832031,400.0
2026-04-23T16:59:16.377279,93.2,56.03303527832031,400.0
2026-04-23T16:59:18.583047,96.2,56.13420867919922,400.0
2026-04-23T16:59:20.785082,97.1,56.184791564941406,400.0
2026-04-23T16:59:22.987122,96.3,56.184791564941406,400.0
2026-04-23T16:59:25.194527,90.7,56.083621978759766,400.0
2026-04-23T16:59:27.396350,96.8,56.23537826538086,400.0
2026-04-23T16:59:29.599764,97.5,56.28596496582031,400.0
2026-04-23T16:59:31.802193,93.4,56.23537826538086,400.0
2026-04-23T16:59:34.007230,97.7,56.184791564941406,400.0
2026-04-23T16:59:36.210192,97.3,56.184791564941406,400.0
2026-04-23T16:59:38.413459,97.8,56.28596496582031,400.0
2026-04-23T16:59:40.617560,96.4,56.28596496582031,400.0
2026-04-23T16:59:42.821751,97.5,56.13420867919922,400.0
2026-04-23T16:59:45.024656,92.1,56.28596496582031,400.0
2026-04-23T16:59:47.227745,97.9,56.184791564941406,400.0
2026-04-23T16:59:49.432127,97.5,56.23537826538086,400.0
2026-04-23T16:59:51.635098,97.6,56.28596496582031,400.0
2026-04-23T16:59:53.837663,97.9,56.23537826538086,400.0
2026-04-23T16:59:56.040210,95.8,56.23537826538086,400.0
2026-04-23T16:59:58.245696,98.1,56.28596496582031,400.0
2026-04-23T17:00:00.448642,95.1,56.28596496582031,400.0
2026-04-23T17:00:02.651807,97.0,56.28596496582031,400.0
2026-04-23T17:00:04.855201,97.7,56.43772506713867,400.0
2026-04-23T17:00:07.058901,98.2,56.488311767578125,400.0
2026-04-23T17:00:09.263234,96.9,56.53889846801758,400.0
2026-04-23T17:00:11.468545,93.8,56.53889846801758,400.0
2026-04-23T17:00:13.673399,97.7,56.53889846801758,400.0
2026-04-23T17:00:15.877198,96.1,56.53889846801758,400.0
2026-04-23T17:00:18.081560,98.2,56.589481353759766,400.0
2026-04-23T17:00:20.287494,97.9,56.64006805419922,400.0
2026-04-23T17:00:22.489724,97.8,56.53889846801758,400.0
2026-04-23T17:00:24.694961,97.2,56.589481353759766,400.0
2026-04-23T17:00:26.900746,92.1,56.589481353759766,400.0
2026-04-23T17:00:29.103819,96.7,56.589481353759766,400.0
2026-04-23T17:00:31.308297,97.9,56.589481353759766,400.0
2026-04-23T17:00:33.509953,93.7,56.64006805419922,400.0
2026-04-23T17:00:35.713028,97.7,56.64006805419922,400.0
2026-04-23T17:00:37.915289,89.7,56.589481353759766,400.0
2026-04-23T17:00:40.120367,93.6,56.64006805419922,400.0
2026-04-23T17:00:42.322122,96.0,56.53889846801758,400.0
2026-04-23T17:00:44.524591,93.3,56.488311767578125,400.0
2026-04-23T17:00:46.731707,93.2,56.64006805419922,400.0
2026-04-23T17:00:48.935199,97.4,56.64006805419922,400.0
2026-04-23T17:00:51.138608,94.9,56.69065475463867,400.0
2026-04-23T17:00:53.343216,98.1,56.741241455078125,400.0
2026-04-23T17:00:55.547095,93.8,56.79182815551758,400.0
2026-04-23T17:00:57.752603,91.8,56.79182815551758,400.0
2026-04-23T17:00:59.955484,98.2,56.741241455078125,400.0
2026-04-23T17:01:02.162365,95.1,56.741241455078125,400.0
2026-04-23T17:01:04.366266,97.2,56.79182815551758,400.0
2026-04-23T17:01:06.571761,96.4,56.893001556396484,400.0
2026-04-23T17:01:08.774240,93.8,56.94358825683594,400.0
2026-04-23T17:01:10.977193,97.8,56.994171142578125,400.0
2026-04-23T17:01:13.182730,95.8,56.94358825683594,400.0
2026-04-23T17:01:15.385965,98.2,56.94358825683594,400.0
2026-04-23T17:01:17.590341,96.5,56.94358825683594,400.0
2026-04-23T17:01:19.795899,94.4,56.994171142578125,400.0
2026-04-23T17:01:22.001133,97.8,57.04475784301758,400.0
2026-04-23T17:01:24.204681,96.8,56.994171142578125,400.0
2026-04-23T17:01:26.408922,98.2,56.994171142578125,400.0
2026-04-23T17:01:28.612808,97.0,57.04475784301758,400.0
2026-04-23T17:01:30.816580,97.7,57.04475784301758,400.0
2026-04-23T17:01:33.020583,91.4,56.893001556396484,400.0
2026-04-23T17:01:35.225124,97.9,57.04475784301758,400.0
2026-04-23T17:01:37.427543,97.5,56.994171142578125,400.0
2026-04-23T17:01:39.633002,97.9,56.94358825683594,400.0
2026-04-23T17:01:41.835366,97.8,56.94358825683594,400.0
2026-04-23T17:01:44.040737,97.4,56.893001556396484,400.0
2026-04-23T17:01:46.244109,98.2,56.84241485595703,400.0
2026-04-23T17:01:48.448400,95.7,56.893001556396484,400.0
2026-04-23T17:01:50.651914,97.2,56.893001556396484,400.0
2026-04-23T17:01:52.854303,95.6,56.79182815551758,400.0
2026-04-23T17:01:55.056708,96.7,56.84241485595703,400.0
2026-04-23T17:01:57.261002,97.5,56.79182815551758,400.0
2026-04-23T17:01:59.462745,98.1,56.84241485595703,400.0
2026-04-23T17:02:01.667544,97.1,56.64006805419922,400.0
2026-04-23T17:02:03.878808,92.1,56.69065475463867,400.0
2026-04-23T17:02:06.080462,97.3,56.69065475463867,400.0
2026-04-23T17:02:08.284522,95.7,56.53889846801758,400.0
2026-04-23T17:02:10.486799,97.7,56.589481353759766,400.0
2026-04-23T17:02:12.697748,95.8,56.488311767578125,400.0
2026-04-23T17:02:14.907570,93.5,56.488311767578125,400.0
2026-04-23T17:02:17.113879,98.1,56.43772506713867,400.0
2026-04-23T17:02:19.318009,94.2,56.23537826538086,400.0
2026-04-23T17:02:21.522518,97.7,56.336551666259766,400.0
2026-04-23T17:02:23.727209,93.8,56.23537826538086,400.0
2026-04-23T17:02:25.931186,97.5,56.184791564941406,400.0
2026-04-23T17:02:28.141969,93.1,56.184791564941406,400.0
2026-04-23T17:02:30.348901,97.7,56.13420867919922,400.0
2026-04-23T17:02:32.552199,98.1,56.184791564941406,400.0
2026-04-23T17:02:34.757024,94.6,56.13420867919922,400.0
2026-04-23T17:02:36.960914,97.4,56.083621978759766,400.0
2026-04-23T17:02:39.165091,91.4,55.98244857788086,400.0
2026-04-23T17:02:41.367890,97.9,56.03303527832031,400.0
2026-04-23T17:02:43.570796,98.0,55.931861877441406,400.0
2026-04-23T17:02:45.775303,97.9,55.8306884765625,400.0
2026-04-23T17:02:47.980723,92.9,55.72951889038086,400.0
2026-04-23T17:02:50.184777,94.8,55.88127517700195,400.0
2026-04-23T17:02:52.386610,96.9,55.8306884765625,400.0
2026-04-23T17:02:54.589457,95.5,55.8306884765625,400.0
2026-04-23T17:02:56.794795,93.7,55.8306884765625,400.0
2026-04-23T17:02:58.998789,97.2,55.678932189941406,400.0
2026-04-23T17:03:01.201188,97.5,55.78010559082031,400.0
2026-04-23T17:03:03.405699,97.6,55.72951889038086,400.0
2026-04-23T17:03:05.607617,97.1,55.88127517700195,400.0
2026-04-23T17:03:07.811893,93.6,55.62834548950195,400.0
2026-04-23T17:03:10.016302,94.9,55.72951889038086,400.0
2026-04-23T17:03:12.219323,98.0,55.72951889038086,400.0
2026-04-23T17:03:14.423112,97.6,55.678932189941406,400.0
2026-04-23T17:03:16.624919,98.1,55.72951889038086,400.0
2026-04-23T17:03:18.834161,97.2,55.5777587890625,400.0
2026-04-23T17:03:21.038218,93.2,55.5777587890625,400.0
2026-04-23T17:03:23.241854,98.0,55.52717208862305,400.0
2026-04-23T17:03:25.444491,96.1,55.52717208862305,400.0
2026-04-23T17:03:27.648695,97.8,55.52717208862305,400.0
2026-04-23T17:03:29.852663,96.3,55.5777587890625,400.0
2026-04-23T17:03:32.054511,94.7,55.52717208862305,400.0
2026-04-23T17:03:34.260430,97.6,55.5777587890625,400.0
2026-04-23T17:03:36.467333,97.6,55.52717208862305,400.0
2026-04-23T17:03:38.672339,98.1,55.5777587890625,400.0
2026-04-23T17:03:40.875535,97.5,55.5777587890625,400.0
2026-04-23T17:03:43.078635,97.3,55.678932189941406,400.0
2026-04-23T17:03:45.282873,96.2,55.5777587890625,400.0
2026-04-23T17:03:47.485687,97.7,55.72951889038086,400.0
2026-04-23T17:03:49.690435,97.9,55.78010559082031,400.0
2026-04-23T17:03:51.893457,97.0,55.8306884765625,400.0
2026-04-23T17:03:54.096704,96.8,55.88127517700195,400.0
2026-04-23T17:03:56.299468,97.6,55.98244857788086,400.0
2026-04-23T17:03:58.502280,98.1,56.184791564941406,400.0
2026-04-23T17:04:00.706121,97.8,56.083621978759766,400.0
2026-04-23T17:04:02.909053,97.2,56.13420867919922,400.0
2026-04-23T17:04:05.110923,96.8,56.28596496582031,400.0
2026-04-23T17:04:07.312566,90.5,56.184791564941406,400.0
2026-04-23T17:04:09.518892,97.8,56.38713836669922,400.0
2026-04-23T17:04:11.722138,97.2,56.38713836669922,400.0
2026-04-23T17:04:13.924119,97.9,56.488311767578125,400.0
2026-04-23T17:04:16.128637,96.3,56.488311767578125,400.0
2026-04-23T17:04:18.331155,97.5,56.589481353759766,400.0
2026-04-23T17:04:20.534343,97.9,56.64006805419922,400.0
2026-04-23T17:04:22.736432,98.0,56.64006805419922,400.0
2026-04-23T17:04:24.940665,98.2,56.69065475463867,400.0
2026-04-23T17:04:27.143619,90.3,56.64006805419922,400.0
2026-04-23T17:04:29.347383,97.3,56.69065475463867,400.0
2026-04-23T17:04:31.550743,96.4,56.79182815551758,400.0
2026-04-23T17:04:33.755881,96.9,56.84241485595703,400.0
2026-04-23T17:04:35.957832,96.8,56.79182815551758,400.0
2026-04-23T17:04:38.160640,96.8,56.84241485595703,400.0
2026-04-23T17:04:40.364320,97.6,56.94358825683594,400.0
2026-04-23T17:04:42.567288,98.1,56.994171142578125,400.0
2026-04-23T17:04:44.770716,97.3,56.94358825683594,400.0
2026-04-23T17:04:46.973114,92.9,57.04475784301758,400.0
2026-04-23T17:04:49.176993,97.7,57.04475784301758,400.0
2026-04-23T17:04:51.379994,97.8,57.24710464477539,400.0
2026-04-23T17:04:53.582375,97.4,57.24710464477539,400.0
2026-04-23T17:04:55.785389,97.7,57.145931243896484,400.0
2026-04-23T17:04:57.987408,96.3,57.297691345214844,400.0
2026-04-23T17:05:00.190600,94.2,57.04475784301758,400.0
2026-04-23T17:05:02.395047,88.9,57.145931243896484,400.0
2026-04-23T17:05:04.598574,97.2,57.19651794433594,400.0
2026-04-23T17:05:06.801842,96.9,57.145931243896484,400.0
2026-04-23T17:05:09.004239,96.9,57.19651794433594,400.0
2026-04-23T17:05:11.208366,92.2,56.994171142578125,400.0
2026-04-23T17:05:13.416218,94.4,56.94358825683594,400.0
2026-04-23T17:05:15.617963,97.8,57.04475784301758,400.0
2026-04-23T17:05:17.825416,96.7,56.94358825683594,400.0
2026-04-23T17:05:20.027387,96.7,56.79182815551758,400.0
2026-04-23T17:05:22.229178,89.2,56.69065475463867,400.0
2026-04-23T17:05:24.433093,93.4,56.53889846801758,400.0
2026-04-23T17:05:26.636383,97.4,56.589481353759766,400.0
2026-04-23T17:05:28.841386,98.2,56.589481353759766,400.0
2026-04-23T17:05:31.045516,97.4,56.43772506713867,400.0
2026-04-23T17:05:33.251857,96.5,56.38713836669922,400.0
2026-04-23T17:05:35.456237,94.5,56.336551666259766,400.0
2026-04-23T17:05:37.661386,96.9,56.23537826538086,400.0
2026-04-23T17:05:39.864239,97.9,56.28596496582031,400.0
2026-04-23T17:05:42.065889,96.8,56.184791564941406,400.0
2026-04-23T17:05:44.270310,97.6,56.23537826538086,400.0
2026-04-23T17:05:46.473410,97.9,56.083621978759766,400.0
2026-04-23T17:05:48.676076,93.4,56.13420867919922,400.0
2026-04-23T17:05:50.880648,97.2,56.03303527832031,400.0
2026-04-23T17:05:53.084499,95.2,55.88127517700195,400.0
2026-04-23T17:05:55.287661,92.9,55.931861877441406,400.0
2026-04-23T17:05:57.489817,96.8,55.8306884765625,400.0
2026-04-23T17:05:59.693886,92.8,55.8306884765625,400.0
2026-04-23T17:06:01.896818,97.8,55.88127517700195,400.0
2026-04-23T17:06:04.099956,96.9,55.931861877441406,400.0
2026-04-23T17:06:06.302270,93.4,55.88127517700195,400.0
2026-04-23T17:06:08.506623,97.7,55.72951889038086,400.0
2026-04-23T17:06:10.709889,90.3,55.72951889038086,400.0
2026-04-23T17:06:12.914009,95.5,55.678932189941406,400.0
2026-04-23T17:06:15.117262,97.6,55.62834548950195,400.0
2026-04-23T17:06:17.321083,97.9,55.678932189941406,400.0
2026-04-23T17:06:19.524295,95.0,55.72951889038086,400.0
2026-04-23T17:06:21.726426,97.8,55.678932189941406,400.0
2026-04-23T17:06:23.933573,90.5,55.52717208862305,400.0
2026-04-23T17:06:26.136171,97.5,55.5777587890625,400.0
2026-04-23T17:06:28.341013,97.2,55.678932189941406,400.0
2026-04-23T17:06:30.547720,98.2,55.5777587890625,400.0
2026-04-23T17:06:32.750453,97.3,55.27424240112305,400.0
2026-04-23T17:06:34.952073,97.3,55.37541580200195,400.0
2026-04-23T17:06:37.155131,97.5,55.37541580200195,400.0
2026-04-23T17:06:39.370118,91.3,55.37541580200195,400.0
2026-04-23T17:06:41.572601,98.1,55.37541580200195,400.0
2026-04-23T17:06:43.774756,97.3,55.37541580200195,400.0
2026-04-23T17:06:45.978607,93.4,55.27424240112305,400.0
2026-04-23T17:06:48.180902,97.3,55.476585388183594,400.0
2026-04-23T17:06:50.384454,97.6,55.476585388183594,400.0
2026-04-23T17:06:52.587576,94.0,55.42599868774414,400.0
2026-04-23T17:06:54.790547,96.8,55.52717208862305,400.0
2026-04-23T17:06:56.995658,98.1,55.5777587890625,400.0
2026-04-23T17:06:59.198375,95.3,55.52717208862305,400.0
2026-04-23T17:07:01.402452,98.0,55.678932189941406,400.0
2026-04-23T17:07:03.605014,98.1,55.72951889038086,400.0
2026-04-23T17:07:05.806911,93.0,55.62834548950195,400.0
2026-04-23T17:07:08.009291,97.2,55.88127517700195,400.0
2026-04-23T17:07:10.221763,89.6,55.78010559082031,400.0
2026-04-23T17:07:12.423739,97.8,55.98244857788086,400.0
2026-04-23T17:07:14.626813,97.4,56.03303527832031,400.0
2026-04-23T17:07:16.830182,98.1,56.03303527832031,400.0
2026-04-23T17:07:19.036567,96.9,56.083621978759766,400.0
2026-04-23T17:07:21.239752,98.1,56.184791564941406,400.0
2026-04-23T17:07:23.443400,97.9,56.28596496582031,400.0
2026-04-23T17:07:25.646573,92.2,56.336551666259766,400.0
2026-04-23T17:07:27.853854,97.8,56.336551666259766,400.0
2026-04-23T17:07:30.059532,93.2,56.38713836669922,400.0
2026-04-23T17:07:32.269947,98.2,56.488311767578125,400.0
2026-04-23T17:07:34.472526,97.8,56.38713836669922,400.0
2026-04-23T17:07:36.676313,97.8,56.43772506713867,400.0
2026-04-23T17:07:38.880718,98.2,56.336551666259766,400.0
2026-04-23T17:07:41.085737,94.1,56.53889846801758,400.0
2026-04-23T17:07:43.287435,97.9,56.589481353759766,400.0
2026-04-23T17:07:45.490938,95.6,56.69065475463867,400.0
2026-04-23T17:07:47.694255,97.6,56.69065475463867,400.0
2026-04-23T17:07:49.896728,98.0,56.64006805419922,400.0
2026-04-23T17:07:52.100227,92.7,56.69065475463867,400.0
2026-04-23T17:07:54.303995,97.7,56.64006805419922,400.0
2026-04-23T17:07:56.506860,92.3,56.69065475463867,400.0
2026-04-23T17:07:58.709582,98.0,56.69065475463867,400.0
2026-04-23T17:08:00.915497,96.6,56.64006805419922,400.0
2026-04-23T17:08:03.119544,96.6,56.84241485595703,400.0
2026-04-23T17:08:05.321863,92.2,56.84241485595703,400.0
2026-04-23T17:08:07.526179,91.9,56.893001556396484,400.0
2026-04-23T17:08:09.732578,97.9,56.994171142578125,400.0
2026-04-23T17:08:11.937050,95.9,57.09534454345703,400.0
2026-04-23T17:08:14.141431,97.2,56.69065475463867,400.0
2026-04-23T17:08:16.352915,87.5,57.04475784301758,400.0
2026-04-23T17:08:18.555866,93.5,57.04475784301758,400.0
2026-04-23T17:08:20.758858,95.4,56.94358825683594,400.0
2026-04-23T17:08:22.961749,97.8,56.94358825683594,400.0
2026-04-23T17:08:25.163829,97.4,56.94358825683594,400.0
2026-04-23T17:08:27.366726,97.1,57.04475784301758,400.0
2026-04-23T17:08:29.568709,97.4,57.09534454345703,400.0
2026-04-23T17:08:31.777878,96.0,57.04475784301758,400.0
2026-04-23T17:08:33.982639,98.2,57.24710464477539,400.0
2026-04-23T17:08:36.188520,95.6,57.04475784301758,400.0
2026-04-23T17:08:38.394510,96.6,57.145931243896484,400.0
2026-04-23T17:08:40.597666,97.1,57.145931243896484,400.0
2026-04-23T17:08:42.799575,96.8,57.04475784301758,400.0
2026-04-23T17:08:45.002064,97.9,57.19651794433594,400.0
2026-04-23T17:08:47.212147,81.7,57.09534454345703,400.0
2026-04-23T17:08:49.416634,96.5,57.145931243896484,400.0
2026-04-23T17:08:51.620547,97.4,57.09534454345703,400.0
2026-04-23T17:08:53.824163,97.4,57.04475784301758,400.0
2026-04-23T17:08:56.026798,97.7,57.24710464477539,400.0
2026-04-23T17:08:58.232392,97.7,57.19651794433594,400.0
2026-04-23T17:09:00.434895,97.7,57.19651794433594,400.0
2026-04-23T17:09:02.637354,92.3,57.145931243896484,400.0
2026-04-23T17:09:04.842220,98.1,57.19651794433594,400.0
2026-04-23T17:09:07.046350,98.2,57.09534454345703,400.0
2026-04-23T17:09:09.256582,97.1,57.145931243896484,400.0
2026-04-23T17:09:11.461004,98.1,57.297691345214844,400.0
2026-04-23T17:09:13.663193,96.0,57.3482780456543,400.0
2026-04-23T17:09:15.866294,98.0,57.24710464477539,400.0
2026-04-23T17:09:18.068726,97.4,57.24710464477539,400.0
2026-04-23T17:09:20.271383,98.2,57.297691345214844,400.0
2026-04-23T17:09:22.475160,97.0,57.24710464477539,400.0
2026-04-23T17:09:24.677735,97.3,57.145931243896484,400.0
2026-04-23T17:09:26.882262,98.0,57.19651794433594,400.0
2026-04-23T17:09:29.086804,96.7,57.145931243896484,400.0
2026-04-23T17:09:31.290592,98.0,56.79182815551758,400.0
2026-04-23T17:09:33.501498,85.3,56.994171142578125,400.0
2026-04-23T17:09:35.708147,98.1,56.994171142578125,400.0
2026-04-23T17:09:37.910897,97.9,56.994171142578125,400.0
2026-04-23T17:09:40.112354,94.3,56.741241455078125,400.0
2026-04-23T17:09:42.316669,97.0,56.741241455078125,400.0
2026-04-23T17:09:44.523103,97.0,56.741241455078125,400.0
2026-04-23T17:09:46.729668,96.6,56.64006805419922,400.0
2026-04-23T17:09:48.932507,96.3,56.69065475463867,400.0
2026-04-23T17:09:51.136124,98.2,56.64006805419922,400.0
2026-04-23T17:09:53.339454,92.1,56.589481353759766,400.0
2026-04-23T17:09:55.542958,97.6,56.589481353759766,400.0
2026-04-23T17:09:57.747716,98.2,56.488311767578125,400.0
2026-04-23T17:09:59.953910,96.2,56.43772506713867,400.0
2026-04-23T17:10:02.157096,97.8,56.38713836669922,400.0
2026-04-23T17:10:04.360184,98.1,56.43772506713867,400.0
2026-04-23T17:10:06.564278,95.8,56.38713836669922,400.0
2026-04-23T17:10:08.765772,95.0,56.28596496582031,400.0
2026-04-23T17:10:10.968592,94.1,56.184791564941406,400.0
2026-04-23T17:10:13.175793,98.1,56.23537826538086,400.0
2026-04-23T17:10:15.378920,98.2,56.23537826538086,400.0
2026-04-23T17:10:17.580728,97.7,56.184791564941406,400.0
2026-04-23T17:10:19.784891,94.5,56.38713836669922,400.0
2026-04-23T17:10:21.987040,94.6,56.38713836669922,400.0
2026-04-23T17:10:24.194616,97.5,56.43772506713867,400.0
2026-04-23T17:10:26.398144,98.1,56.488311767578125,400.0
2026-04-23T17:10:28.600134,97.1,56.64006805419922,400.0
2026-04-23T17:10:30.803451,97.7,56.64006805419922,400.0
2026-04-23T17:10:33.007022,98.1,56.53889846801758,400.0
2026-04-23T17:10:35.210580,95.8,56.589481353759766,400.0
2026-04-23T17:10:37.413003,97.7,56.64006805419922,400.0
2026-04-23T17:10:39.617447,95.8,56.741241455078125,400.0
2026-04-23T17:10:41.820908,97.6,56.79182815551758,400.0
2026-04-23T17:10:44.024132,97.7,56.84241485595703,400.0
2026-04-23T17:10:46.229483,97.9,56.84241485595703,400.0
2026-04-23T17:10:48.434166,97.7,56.84241485595703,400.0
2026-04-23T17:10:50.639875,93.2,56.84241485595703,400.0
2026-04-23T17:10:52.844996,97.6,56.994171142578125,400.0
2026-04-23T17:10:55.048846,97.2,56.893001556396484,400.0
2026-04-23T17:10:57.255752,98.2,56.94358825683594,400.0
2026-04-23T17:10:59.458893,91.1,56.994171142578125,400.0
2026-04-23T17:11:01.662763,94.0,56.893001556396484,400.0
2026-04-23T17:11:03.868546,97.3,56.84241485595703,400.0
2026-04-23T17:11:06.071254,97.7,57.09534454345703,400.0
2026-04-23T17:11:08.274182,97.6,57.09534454345703,400.0
2026-04-23T17:11:10.478249,88.9,56.994171142578125,400.0
2026-04-23T17:11:12.681761,92.9,56.893001556396484,400.0
2026-04-23T17:11:14.886929,97.3,56.84241485595703,400.0
2026-04-23T17:11:17.089690,97.4,56.994171142578125,400.0
2026-04-23T17:11:19.292654,96.9,56.994171142578125,400.0
2026-04-23T17:11:21.495234,95.9,56.893001556396484,400.0
2026-04-23T17:11:23.698207,98.1,56.94358825683594,400.0
2026-04-23T17:11:25.900299,88.9,56.994171142578125,400.0
2026-04-23T17:11:28.103919,97.6,57.04475784301758,400.0
2026-04-23T17:11:30.313722,95.9,57.09534454345703,400.0
2026-04-23T17:11:32.517306,97.2,57.145931243896484,400.0
2026-04-23T17:11:34.720309,98.1,57.145931243896484,400.0
2026-04-23T17:11:36.922356,93.3,57.145931243896484,400.0
2026-04-23T17:11:39.127776,98.2,57.24710464477539,400.0
2026-04-23T17:11:41.335335,91.8,57.19651794433594,400.0
2026-04-23T17:11:43.538579,95.7,57.297691345214844,400.0
2026-04-23T17:11:45.742570,95.3,57.3482780456543,400.0
2026-04-23T17:11:47.947393,97.7,57.24710464477539,400.0
2026-04-23T17:11:50.150905,97.1,57.24710464477539,400.0
2026-04-23T17:11:52.355007,97.4,57.398860931396484,400.0
2026-04-23T17:11:54.560636,97.9,57.297691345214844,400.0
2026-04-23T17:11:56.764007,92.7,57.3482780456543,400.0
2026-04-23T17:11:58.966141,97.6,57.44944763183594,400.0
2026-04-23T17:12:01.168333,97.6,57.50003433227539,400.0
2026-04-23T17:12:03.370460,97.6,57.44944763183594,400.0
2026-04-23T17:12:05.577059,90.8,57.44944763183594,400.0
2026-04-23T17:12:07.781009,93.9,57.550621032714844,400.0
2026-04-23T17:12:09.983530,98.2,57.550621032714844,400.0
2026-04-23T17:12:12.190126,95.7,57.550621032714844,400.0
2026-04-23T17:12:14.393191,98.1,57.550621032714844,400.0
2026-04-23T17:12:16.599379,94.8,57.6012077331543,400.0
2026-04-23T17:12:18.803436,92.6,57.65179443359375,400.0
2026-04-23T17:12:21.005042,97.7,57.550621032714844,400.0
2026-04-23T17:12:23.211454,94.4,57.6012077331543,400.0
2026-04-23T17:12:25.416996,97.4,57.6012077331543,400.0
2026-04-23T17:12:27.618605,96.9,57.65179443359375,400.0
2026-04-23T17:12:29.822584,96.1,57.65179443359375,400.0
2026-04-23T17:12:32.028008,96.3,57.752967834472656,400.0
2026-04-23T17:12:34.233010,97.1,57.803550720214844,400.0
2026-04-23T17:12:36.436514,94.9,57.803550720214844,400.0
2026-04-23T17:12:38.639541,92.5,57.7023811340332,400.0
2026-04-23T17:12:40.846324,97.2,57.7023811340332,400.0
2026-04-23T17:12:43.052070,90.7,57.7023811340332,400.0
2026-04-23T17:12:45.254694,98.2,57.7023811340332,400.0
2026-04-23T17:12:47.461802,95.9,57.7023811340332,400.0
2026-04-23T17:12:49.665774,93.6,57.90472412109375,400.0
2026-04-23T17:12:51.868175,97.4,57.90472412109375,400.0
2026-04-23T17:12:54.069891,97.8,57.90472412109375,400.0
2026-04-23T17:12:56.273740,98.2,57.9553108215332,400.0
2026-04-23T17:12:58.476134,97.0,57.8541374206543,400.0
2026-04-23T17:13:00.678674,97.1,57.9553108215332,400.0
2026-04-23T17:13:02.883942,90.0,57.90472412109375,400.0
2026-04-23T17:13:05.088421,97.6,57.90472412109375,400.0
2026-04-23T17:13:07.292248,98.1,57.9553108215332,400.0
2026-04-23T17:13:09.494088,97.9,57.8541374206543,400.0
2026-04-23T17:13:11.697573,93.0,57.90472412109375,400.0
2026-04-23T17:13:13.900780,96.1,57.8541374206543,400.0
2026-04-23T17:13:16.104014,97.9,57.803550720214844,400.0
2026-04-23T17:13:18.309010,95.2,57.7023811340332,400.0
2026-04-23T17:13:20.511563,98.1,57.803550720214844,400.0
2026-04-23T17:13:22.717009,95.8,57.803550720214844,400.0
2026-04-23T17:13:24.919953,94.2,57.7023811340332,400.0
2026-04-23T17:13:27.123730,93.9,57.550621032714844,400.0
2026-04-23T17:13:29.330946,90.8,57.50003433227539,400.0
2026-04-23T17:13:31.532681,97.6,57.297691345214844,400.0
2026-04-23T17:13:33.736771,97.5,57.550621032714844,400.0
2026-04-23T17:13:35.939681,98.1,57.398860931396484,400.0
2026-04-23T17:13:38.142078,97.8,57.297691345214844,400.0
2026-04-23T17:13:40.347990,98.2,57.297691345214844,400.0
2026-04-23T17:13:42.550625,97.2,57.19651794433594,400.0
2026-04-23T17:13:44.753004,97.6,57.09534454345703,400.0
2026-04-23T17:13:46.954734,97.3,57.04475784301758,400.0
2026-04-23T17:13:49.158300,96.8,57.04475784301758,400.0
2026-04-23T17:13:51.360060,97.3,56.893001556396484,400.0
2026-04-23T17:13:53.569012,83.8,56.79182815551758,400.0
2026-04-23T17:13:55.770609,94.5,56.79182815551758,400.0
2026-04-23T17:13:57.974218,97.6,56.79182815551758,400.0
2026-04-23T17:14:00.179955,96.5,56.79182815551758,400.0
2026-04-23T17:14:02.384991,98.2,56.79182815551758,400.0
2026-04-23T17:14:04.586517,97.0,56.79182815551758,400.0
2026-04-23T17:14:06.791721,93.5,56.69065475463867,400.0
2026-04-23T17:14:08.993494,97.9,56.589481353759766,400.0
2026-04-23T17:14:11.196144,98.1,56.64006805419922,400.0
2026-04-23T17:14:13.398295,97.5,56.69065475463867,400.0
2026-04-23T17:14:15.602413,98.2,56.79182815551758,400.0
2026-04-23T17:14:17.805213,97.8,56.84241485595703,400.0
2026-04-23T17:14:20.009240,95.2,56.893001556396484,400.0
2026-04-23T17:14:22.214855,95.2,56.79182815551758,400.0
2026-04-23T17:14:24.420344,96.1,56.79182815551758,400.0
2026-04-23T17:14:26.622098,97.7,56.893001556396484,400.0
2026-04-23T17:14:28.824670,95.9,56.84241485595703,400.0
2026-04-23T17:14:31.026742,98.0,57.04475784301758,400.0
2026-04-23T17:14:33.228573,98.0,56.994171142578125,400.0
2026-04-23T17:14:35.436344,96.1,56.994171142578125,400.0
2026-04-23T17:14:37.639233,98.0,57.145931243896484,400.0
2026-04-23T17:14:39.844298,96.3,57.04475784301758,400.0
2026-04-23T17:14:42.047067,98.1,57.09534454345703,400.0
2026-04-23T17:14:44.249208,96.6,57.145931243896484,400.0
2026-04-23T17:14:46.451928,98.2,57.19651794433594,400.0
2026-04-23T17:14:48.655879,97.2,57.297691345214844,400.0
2026-04-23T17:14:50.858036,94.3,57.297691345214844,400.0
2026-04-23T17:14:53.061255,97.7,57.19651794433594,400.0
2026-04-23T17:14:55.264848,93.8,57.3482780456543,400.0
2026-04-23T17:14:57.467103,97.1,57.297691345214844,400.0
2026-04-23T17:14:59.670887,96.5,57.297691345214844,400.0
2026-04-23T17:15:01.876005,93.2,57.297691345214844,400.0
2026-04-23T17:15:04.078826,96.6,57.24710464477539,400.0
2026-04-23T17:15:06.287741,92.4,57.3482780456543,400.0
2026-04-23T17:15:08.491051,97.7,57.398860931396484,400.0
2026-04-23T17:15:10.694380,92.4,57.297691345214844,400.0
2026-04-23T17:15:12.896678,97.3,57.44944763183594,400.0
2026-04-23T17:15:15.100544,98.1,57.398860931396484,400.0
2026-04-23T17:15:17.304231,97.9,57.3482780456543,400.0
2026-04-23T17:15:19.506749,97.6,57.44944763183594,400.0
2026-04-23T17:15:21.714535,97.9,57.50003433227539,400.0
2026-04-23T17:15:23.918712,97.5,57.398860931396484,400.0
2026-04-23T17:15:26.123410,86.3,57.297691345214844,400.0
2026-04-23T17:15:28.327263,97.0,57.3482780456543,400.0
2026-04-23T17:15:30.532702,97.5,57.24710464477539,400.0
2026-04-23T17:15:32.739575,98.0,57.24710464477539,400.0
2026-04-23T17:15:34.946279,97.2,57.24710464477539,400.0
2026-04-23T17:15:37.150606,97.8,57.145931243896484,400.0
2026-04-23T17:15:39.356705,97.3,57.145931243896484,400.0
2026-04-23T17:15:41.564823,96.5,56.994171142578125,400.0
2026-04-23T17:15:43.771431,97.9,57.09534454345703,400.0
2026-04-23T17:15:45.979340,98.0,57.04475784301758,400.0
2026-04-23T17:15:48.182367,96.1,56.94358825683594,400.0
2026-04-23T17:15:50.386567,97.7,56.994171142578125,400.0
2026-04-23T17:15:52.592670,97.4,56.893001556396484,400.0
2026-04-23T17:15:54.796313,92.6,56.84241485595703,400.0
2026-04-23T17:15:57.000210,91.8,56.79182815551758,400.0
2026-04-23T17:15:59.205191,94.2,56.69065475463867,400.0
2026-04-23T17:16:01.408796,98.2,56.741241455078125,400.0
2026-04-23T17:16:03.613707,97.9,56.64006805419922,400.0
2026-04-23T17:16:05.817191,97.9,56.69065475463867,400.0
2026-04-23T17:16:08.020142,93.0,56.64006805419922,400.0
2026-04-23T17:16:10.223343,97.2,56.53889846801758,400.0
2026-04-23T17:16:12.426734,91.7,56.488311767578125,400.0
2026-04-23T17:16:14.629775,97.8,56.38713836669922,400.0
2026-04-23T17:16:16.834664,95.3,56.43772506713867,400.0
2026-04-23T17:16:19.037850,98.1,56.38713836669922,400.0
2026-04-23T17:16:21.241401,98.2,56.28596496582031,400.0
2026-04-23T17:16:23.444025,90.4,56.28596496582031,400.0
2026-04-23T17:16:25.648632,97.7,56.38713836669922,400.0
2026-04-23T17:16:27.850863,91.8,56.28596496582031,400.0
2026-04-23T17:16:30.056129,97.4,56.28596496582031,400.0
2026-04-23T17:16:32.259491,96.6,56.38713836669922,400.0
2026-04-23T17:16:34.461822,97.4,56.28596496582031,400.0
2026-04-23T17:16:36.663899,98.2,56.184791564941406,400.0
2026-04-23T17:16:38.869328,94.0,56.184791564941406,400.0
2026-04-23T17:16:41.072289,96.7,56.13420867919922,400.0
2026-04-23T17:16:43.277583,97.2,56.184791564941406,400.0
2026-04-23T17:16:45.481816,97.8,56.184791564941406,400.0
2026-04-23T17:16:47.691797,97.4,56.03303527832031,400.0
2026-04-23T17:16:49.896602,96.2,56.13420867919922,400.0
2026-04-23T17:16:52.100193,93.7,56.13420867919922,400.0
2026-04-23T17:16:54.305905,92.9,56.083621978759766,400.0
2026-04-23T17:16:56.508199,97.5,55.98244857788086,400.0
2026-04-23T17:16:58.710333,96.2,56.13420867919922,400.0
2026-04-23T17:17:00.912506,97.4,56.13420867919922,400.0
2026-04-23T17:17:03.118310,95.5,56.083621978759766,400.0
2026-04-23T17:17:05.321102,94.6,56.083621978759766,400.0
2026-04-23T17:17:07.524945,97.9,56.083621978759766,400.0
2026-04-23T17:17:09.728664,97.8,56.083621978759766,400.0
2026-04-23T17:17:11.931367,98.1,56.184791564941406,400.0
2026-04-23T17:17:14.134862,96.8,56.13420867919922,400.0
2026-04-23T17:17:16.339139,97.9,56.083621978759766,400.0
2026-04-23T17:17:18.543067,97.1,56.13420867919922,400.0
2026-04-23T17:17:20.746116,97.6,56.03303527832031,400.0
2026-04-23T17:17:22.949666,97.0,55.88127517700195,400.0
2026-04-23T17:17:25.155402,98.2,55.931861877441406,400.0
2026-04-23T17:17:27.359150,97.6,55.8306884765625,400.0
2026-04-23T17:17:29.561613,95.6,55.931861877441406,400.0
2026-04-23T17:17:31.763647,98.1,55.8306884765625,400.0
2026-04-23T17:17:33.965438,87.1,55.678932189941406,400.0
2026-04-23T17:17:36.168703,96.5,55.8306884765625,400.0
2026-04-23T17:17:38.372660,98.1,55.8306884765625,400.0
2026-04-23T17:17:40.576181,98.2,55.931861877441406,400.0
2026-04-23T17:17:42.777916,97.9,55.931861877441406,400.0
2026-04-23T17:17:44.981856,98.1,55.98244857788086,400.0
2026-04-23T17:17:47.183897,96.8,56.13420867919922,400.0
2026-04-23T17:17:49.386445,87.4,56.03303527832031,400.0
2026-04-23T17:17:51.589296,97.8,56.184791564941406,400.0
2026-04-23T17:17:53.792302,98.1,56.13420867919922,400.0
2026-04-23T17:17:55.994832,98.0,56.184791564941406,400.0
2026-04-23T17:17:58.196670,96.8,56.184791564941406,400.0
2026-04-23T17:18:00.399047,98.1,56.23537826538086,400.0
2026-04-23T17:18:02.602379,97.4,56.28596496582031,400.0
2026-04-23T17:18:04.809803,97.5,56.336551666259766,400.0
2026-04-23T17:18:07.011680,96.8,56.43772506713867,400.0
2026-04-23T17:18:09.217251,96.3,56.28596496582031,400.0
2026-04-23T17:18:11.422816,97.2,56.38713836669922,400.0
2026-04-23T17:18:13.627099,97.9,56.488311767578125,400.0
2026-04-23T17:18:15.830772,97.7,56.53889846801758,400.0
2026-04-23T17:18:18.035415,93.3,56.488311767578125,400.0
2026-04-23T17:18:20.240475,96.8,56.589481353759766,400.0
2026-04-23T17:18:22.444299,92.2,56.488311767578125,400.0
2026-04-23T17:18:24.648496,97.3,56.69065475463867,400.0
2026-04-23T17:18:26.852981,98.1,56.79182815551758,400.0
2026-04-23T17:18:29.057698,97.2,56.84241485595703,400.0
2026-04-23T17:18:31.259411,96.8,56.741241455078125,400.0
2026-04-23T17:18:33.464054,97.6,56.84241485595703,400.0
2026-04-23T17:18:35.668603,96.7,56.84241485595703,400.0
2026-04-23T17:18:37.871186,98.0,56.893001556396484,400.0
2026-04-23T17:18:40.072788,95.4,56.94358825683594,400.0
2026-04-23T17:18:42.274939,97.7,56.94358825683594,400.0
2026-04-23T17:18:44.477840,97.0,56.94358825683594,400.0
2026-04-23T17:18:46.683976,97.8,57.09534454345703,400.0
2026-04-23T17:18:48.888115,93.6,56.994171142578125,400.0
2026-04-23T17:18:51.091007,96.5,57.145931243896484,400.0
2026-04-23T17:18:53.294419,97.4,57.09534454345703,400.0
2026-04-23T17:18:55.497671,96.2,57.145931243896484,400.0
2026-04-23T17:18:57.699585,97.9,57.19651794433594,400.0
2026-04-23T17:18:59.903676,96.7,57.19651794433594,400.0
2026-04-23T17:19:02.108220,97.6,57.24710464477539,400.0
2026-04-23T17:19:04.310963,98.0,57.04475784301758,400.0
2026-04-23T17:19:06.518934,82.3,57.145931243896484,400.0
2026-04-23T17:19:08.720891,97.5,57.145931243896484,400.0
2026-04-23T17:19:10.924730,95.7,57.3482780456543,400.0
2026-04-23T17:19:13.128322,92.0,57.398860931396484,400.0
2026-04-23T17:19:15.334152,98.1,57.44944763183594,400.0
2026-04-23T17:19:17.537498,97.8,57.44944763183594,400.0
2026-04-23T17:19:19.739228,97.3,57.398860931396484,400.0
2026-04-23T17:19:21.942265,97.6,57.398860931396484,400.0
2026-04-23T17:19:24.148075,97.8,57.550621032714844,400.0
2026-04-23T17:19:26.349995,89.7,57.50003433227539,400.0
2026-04-23T17:19:28.554624,98.0,57.65179443359375,400.0
2026-04-23T17:19:30.760304,97.2,57.65179443359375,400.0
2026-04-23T17:19:32.963630,94.0,57.752967834472656,400.0
2026-04-23T17:19:35.167160,97.8,57.752967834472656,400.0
2026-04-23T17:19:37.369385,97.9,57.8541374206543,400.0
2026-04-23T17:19:39.572586,97.6,57.7023811340332,400.0
2026-04-23T17:19:41.775768,97.9,57.752967834472656,400.0
2026-04-23T17:19:43.979095,98.2,57.8541374206543,400.0
2026-04-23T17:19:46.181034,96.4,57.8541374206543,400.0
2026-04-23T17:19:48.382685,97.5,57.752967834472656,400.0
2026-04-23T17:19:50.587351,97.6,57.90472412109375,400.0
2026-04-23T17:19:52.792632,97.0,57.90472412109375,400.0
2026-04-23T17:19:54.996834,97.1,57.803550720214844,400.0
2026-04-23T17:19:57.205422,92.1,57.803550720214844,400.0
2026-04-23T17:19:59.409734,97.4,58.005897521972656,400.0
2026-04-23T17:20:01.615124,98.2,58.005897521972656,400.0
2026-04-23T17:20:03.817651,95.1,58.005897521972656,400.0
2026-04-23T17:20:06.020544,95.5,57.9553108215332,400.0
2026-04-23T17:20:08.223331,97.5,58.157657623291016,400.0
2026-04-23T17:20:10.429067,98.0,58.10707092285156,400.0
2026-04-23T17:20:12.636407,93.7,57.9553108215332,400.0
2026-04-23T17:20:14.841187,97.2,58.157657623291016,400.0
2026-04-23T17:20:17.045899,95.4,58.005897521972656,400.0
2026-04-23T17:20:19.250599,92.9,58.005897521972656,400.0
2026-04-23T17:20:21.452723,98.1,57.803550720214844,400.0
2026-04-23T17:20:23.655990,96.1,57.752967834472656,400.0
2026-04-23T17:20:25.857808,97.2,57.65179443359375,400.0
2026-04-23T17:20:28.061404,97.8,57.6012077331543,400.0
2026-04-23T17:20:30.264341,96.5,57.550621032714844,400.0
2026-04-23T17:20:32.468246,91.0,57.44944763183594,400.0
2026-04-23T17:20:34.671811,97.6,57.50003433227539,400.0
2026-04-23T17:20:36.876292,98.2,57.398860931396484,400.0
2026-04-23T17:20:39.085586,97.9,57.3482780456543,400.0
2026-04-23T17:20:41.289324,97.9,57.24710464477539,400.0
2026-04-23T17:20:43.496737,89.8,57.145931243896484,400.0
2026-04-23T17:20:45.703709,96.7,57.145931243896484,400.0
2026-04-23T17:20:47.905834,97.6,57.145931243896484,400.0
2026-04-23T17:20:50.107954,97.3,57.04475784301758,400.0
2026-04-23T17:20:52.312624,97.8,56.94358825683594,400.0
2026-04-23T17:20:54.516926,98.1,56.994171142578125,400.0
2026-04-23T17:20:56.719947,97.5,56.79182815551758,400.0
2026-04-23T17:20:58.923931,92.8,56.94358825683594,400.0
2026-04-23T17:21:01.126086,98.0,56.94358825683594,400.0
2026-04-23T17:21:03.329904,95.7,56.79182815551758,400.0
2026-04-23T17:21:05.533790,98.0,56.79182815551758,400.0
2026-04-23T17:21:07.736920,97.4,56.741241455078125,400.0
2026-04-23T17:21:09.940439,97.5,56.741241455078125,400.0
2026-04-23T17:21:12.143357,98.1,56.64006805419922,400.0
2026-04-23T17:21:14.347625,97.6,56.69065475463867,400.0
2026-04-23T17:21:16.550889,93.6,56.64006805419922,400.0
2026-04-23T17:21:18.753944,95.7,56.38713836669922,400.0
2026-04-23T17:21:20.959019,98.1,56.589481353759766,400.0
2026-04-23T17:21:23.162692,98.2,56.589481353759766,400.0
2026-04-23T17:21:25.366644,98.1,56.488311767578125,400.0
2026-04-23T17:21:27.572316,97.8,56.488311767578125,400.0
2026-04-23T17:21:29.774543,95.9,56.38713836669922,400.0
2026-04-23T17:21:31.979139,98.2,56.336551666259766,400.0
2026-04-23T17:21:34.182469,95.5,56.336551666259766,400.0
2026-04-23T17:21:36.384491,97.8,56.23537826538086,400.0
2026-04-23T17:21:38.586167,95.5,56.336551666259766,400.0
2026-04-23T17:21:40.788169,98.2,56.28596496582031,400.0
2026-04-23T17:21:42.991505,98.1,56.23537826538086,400.0
2026-04-23T17:21:45.195893,94.7,56.13420867919922,400.0
2026-04-23T17:21:47.397736,97.5,56.184791564941406,400.0
2026-04-23T17:21:49.605609,93.7,56.083621978759766,400.0
2026-04-23T17:21:51.808447,97.6,56.184791564941406,400.0
2026-04-23T17:21:54.013493,97.7,56.184791564941406,400.0
2026-04-23T17:21:56.218104,96.7,56.03303527832031,400.0
2026-04-23T17:21:58.422097,97.1,55.8306884765625,400.0
2026-04-23T17:22:00.626431,93.2,55.98244857788086,400.0
2026-04-23T17:22:02.830020,97.8,56.03303527832031,400.0
2026-04-23T17:22:05.034529,96.8,56.23537826538086,400.0
2026-04-23T17:22:07.238920,96.1,56.28596496582031,400.0
2026-04-23T17:22:09.442794,95.4,56.28596496582031,400.0
2026-04-23T17:22:11.648036,97.9,56.336551666259766,400.0
2026-04-23T17:22:13.851580,96.4,56.184791564941406,400.0
2026-04-23T17:22:16.053913,92.7,56.38713836669922,400.0
2026-04-23T17:22:18.258808,97.9,56.38713836669922,400.0
2026-04-23T17:22:20.466705,88.4,56.488311767578125,400.0
2026-04-23T17:22:22.668269,98.0,56.488311767578125,400.0
2026-04-23T17:22:24.874574,94.5,56.488311767578125,400.0
2026-04-23T17:22:27.077606,98.1,56.64006805419922,400.0
2026-04-23T17:22:29.282115,97.6,56.53889846801758,400.0
2026-04-23T17:22:31.487275,97.8,56.589481353759766,400.0
2026-04-23T17:22:33.690559,98.1,56.79182815551758,400.0
2026-04-23T17:22:35.894275,97.0,56.893001556396484,400.0
2026-04-23T17:22:38.097089,97.9,56.94358825683594,400.0
2026-04-23T17:22:40.299484,92.8,56.79182815551758,400.0
2026-04-23T17:22:42.504011,97.4,56.94358825683594,400.0
2026-04-23T17:22:44.708113,97.5,56.94358825683594,400.0
2026-04-23T17:22:46.910856,97.4,57.09534454345703,400.0
2026-04-23T17:22:49.115327,97.9,57.04475784301758,400.0
2026-04-23T17:22:51.318284,92.8,56.994171142578125,400.0
2026-04-23T17:22:53.522451,97.7,57.145931243896484,400.0
2026-04-23T17:22:55.729112,95.4,57.145931243896484,400.0
2026-04-23T17:22:57.934837,97.7,57.24710464477539,400.0
2026-04-23T17:23:00.139614,98.2,57.145931243896484,400.0
2026-04-23T17:23:02.341516,97.9,57.24710464477539,400.0
2026-04-23T17:23:04.545103,97.3,57.24710464477539,400.0
2026-04-23T17:23:06.748229,93.0,57.297691345214844,400.0
2026-04-23T17:23:08.951621,97.5,57.3482780456543,400.0
2026-04-23T17:23:11.153291,98.2,57.297691345214844,400.0
2026-04-23T17:23:13.357035,93.8,57.297691345214844,400.0
2026-04-23T17:23:15.567444,96.9,57.297691345214844,400.0
2026-04-23T17:23:17.772291,98.0,57.297691345214844,400.0
2026-04-23T17:23:19.974168,93.7,57.3482780456543,400.0
2026-04-23T17:23:22.178477,97.6,57.24710464477539,400.0
2026-04-23T17:23:24.386316,93.4,57.398860931396484,400.0
2026-04-23T17:23:26.590972,95.9,57.297691345214844,400.0
2026-04-23T17:23:28.794020,91.6,57.3482780456543,400.0
2026-04-23T17:23:30.997738,98.0,57.297691345214844,400.0
2026-04-23T17:23:33.202525,96.6,57.44944763183594,400.0
2026-04-23T17:23:35.406602,97.6,57.398860931396484,400.0
2026-04-23T17:23:37.611881,90.8,57.297691345214844,400.0
2026-04-23T17:23:39.813895,98.0,57.3482780456543,400.0
2026-04-23T17:23:42.017763,97.9,57.3482780456543,400.0
2026-04-23T17:23:44.222895,97.7,57.50003433227539,400.0
2026-04-23T17:23:46.425704,98.2,57.50003433227539,400.0
2026-04-23T17:23:48.630823,97.6,57.6012077331543,400.0
2026-04-23T17:23:50.835039,94.0,57.6012077331543,400.0
2026-04-23T17:23:53.039287,97.2,57.550621032714844,400.0
2026-04-23T17:23:55.242499,97.8,57.7023811340332,400.0
2026-04-23T17:23:57.447062,93.1,57.6012077331543,400.0
2026-04-23T17:23:59.650388,97.2,57.752967834472656,400.0
2026-04-23T17:24:01.853254,98.0,57.752967834472656,400.0
2026-04-23T17:24:04.056025,89.5,57.65179443359375,400.0
2026-04-23T17:24:06.259241,97.9,57.752967834472656,400.0
2026-04-23T17:24:08.464168,96.4,57.90472412109375,400.0
2026-04-23T17:24:10.666873,91.9,57.803550720214844,400.0
2026-04-23T17:24:12.871916,98.1,57.803550720214844,400.0
2026-04-23T17:24:15.077110,97.1,57.90472412109375,400.0
2026-04-23T17:24:17.279495,97.8,57.7023811340332,400.0
2026-04-23T17:24:19.483455,97.8,57.65179443359375,400.0
2026-04-23T17:24:21.686385,98.0,57.6012077331543,400.0
2026-04-23T17:24:23.892425,86.8,57.50003433227539,400.0
2026-04-23T17:24:26.099375,97.9,57.50003433227539,400.0
2026-04-23T17:24:28.301224,98.0,57.550621032714844,400.0
2026-04-23T17:24:30.503721,93.0,57.44944763183594,400.0
2026-04-23T17:24:32.707385,97.0,57.24710464477539,400.0
2026-04-23T17:24:34.910171,95.7,57.24710464477539,400.0
2026-04-23T17:24:37.114339,97.7,57.24710464477539,400.0
2026-04-23T17:24:39.317176,97.0,57.145931243896484,400.0
2026-04-23T17:24:41.519387,97.1,57.19651794433594,400.0
2026-04-23T17:24:43.721760,96.5,57.145931243896484,400.0
2026-04-23T17:24:45.924612,98.0,57.04475784301758,400.0
2026-04-23T17:24:48.127652,97.7,56.994171142578125,400.0
2026-04-23T17:24:50.332765,84.4,56.94358825683594,400.0
2026-04-23T17:24:52.536855,97.6,56.94358825683594,400.0
2026-04-23T17:24:54.739997,96.4,56.994171142578125,400.0
2026-04-23T17:24:56.942543,97.5,56.94358825683594,400.0
2026-04-23T17:24:59.146213,91.7,56.84241485595703,400.0
2026-04-23T17:25:01.350325,98.1,56.741241455078125,400.0
2026-04-23T17:25:03.552182,97.1,56.741241455078125,400.0
2026-04-23T17:25:05.757147,97.9,56.69065475463867,400.0
2026-04-23T17:25:07.963557,95.5,56.741241455078125,400.0
2026-04-23T17:25:10.165849,96.1,56.589481353759766,400.0
2026-04-23T17:25:12.371411,97.7,56.53889846801758,400.0
2026-04-23T17:25:14.575458,94.9,56.589481353759766,400.0
2026-04-23T17:25:16.777731,97.9,56.589481353759766,400.0
2026-04-23T17:25:18.983952,98.0,56.589481353759766,400.0
2026-04-23T17:25:21.187975,97.5,56.53889846801758,400.0
2026-04-23T17:25:23.392383,96.9,56.488311767578125,400.0
2026-04-23T17:25:25.595789,92.9,56.43772506713867,400.0
2026-04-23T17:25:27.799363,97.0,56.43772506713867,400.0
2026-04-23T17:25:30.002888,96.3,56.43772506713867,400.0
2026-04-23T17:25:32.206385,97.7,56.336551666259766,400.0
2026-04-23T17:25:34.410182,98.1,56.336551666259766,400.0
2026-04-23T17:25:36.614280,96.3,56.28596496582031,400.0
2026-04-23T17:25:38.816937,97.3,56.28596496582031,400.0
2026-04-23T17:25:41.023131,97.9,56.38713836669922,400.0
2026-04-23T17:25:43.226765,97.4,56.38713836669922,400.0
2026-04-23T17:25:45.431464,97.6,56.336551666259766,400.0
2026-04-23T17:25:47.635561,91.4,56.184791564941406,400.0
2026-04-23T17:25:49.841037,97.8,56.23537826538086,400.0
2026-04-23T17:25:52.044605,94.7,56.13420867919922,400.0
2026-04-23T17:25:54.248264,96.5,56.23537826538086,400.0
2026-04-23T17:25:56.453009,97.5,56.184791564941406,400.0
2026-04-23T17:25:58.656107,97.5,56.083621978759766,400.0
2026-04-23T17:26:00.859608,95.6,56.03303527832031,400.0
2026-04-23T17:26:03.062474,91.7,56.083621978759766,400.0
2026-04-23T17:26:05.267141,98.1,55.931861877441406,400.0
2026-04-23T17:26:07.469473,98.1,56.03303527832031,400.0
2026-04-23T17:26:09.672011,98.2,56.083621978759766,400.0
2026-04-23T17:26:11.873759,97.5,56.03303527832031,400.0
2026-04-23T17:26:14.078365,91.0,55.98244857788086,400.0
2026-04-23T17:26:16.282629,93.8,55.931861877441406,400.0
2026-04-23T17:26:18.485938,98.1,56.083621978759766,400.0
2026-04-23T17:26:20.688787,96.3,56.03303527832031,400.0
2026-04-23T17:26:22.891062,97.5,56.03303527832031,400.0
2026-04-23T17:26:25.093958,96.9,55.62834548950195,400.0
2026-04-23T17:26:27.299211,83.6,55.8306884765625,400.0
2026-04-23T17:26:29.505744,98.2,55.5777587890625,400.0
2026-04-23T17:26:31.712146,88.6,55.72951889038086,400.0
2026-04-23T17:26:33.915627,97.6,55.8306884765625,400.0
2026-04-23T17:26:36.119908,98.1,55.8306884765625,400.0
2026-04-23T17:26:38.324392,98.1,55.78010559082031,400.0
2026-04-23T17:26:40.527163,93.6,55.72951889038086,400.0
2026-04-23T17:26:42.730396,97.7,55.78010559082031,400.0
2026-04-23T17:26:44.934440,96.8,55.72951889038086,400.0
2026-04-23T17:26:47.146704,96.9,55.78010559082031,400.0
2026-04-23T17:26:49.350504,96.9,55.678932189941406,400.0
2026-04-23T17:26:51.553899,96.2,55.62834548950195,400.0
2026-04-23T17:26:53.760752,93.9,55.5777587890625,400.0
2026-04-23T17:26:55.963909,97.3,55.62834548950195,400.0
2026-04-23T17:26:58.166738,90.1,55.62834548950195,400.0
2026-04-23T17:27:00.371644,97.3,55.62834548950195,400.0
2026-04-23T17:27:02.574219,97.7,55.62834548950195,400.0
2026-04-23T17:27:04.776447,97.6,55.678932189941406,400.0
2026-04-23T17:27:06.979196,97.3,55.72951889038086,400.0
2026-04-23T17:27:09.182506,97.7,55.78010559082031,400.0
2026-04-23T17:27:11.385491,97.6,55.88127517700195,400.0
2026-04-23T17:27:13.592683,92.4,55.8306884765625,400.0
2026-04-23T17:27:15.795921,97.5,55.931861877441406,400.0
2026-04-23T17:27:17.998974,96.1,55.98244857788086,400.0
2026-04-23T17:27:20.201851,97.6,55.98244857788086,400.0
2026-04-23T17:27:22.405621,95.6,55.8306884765625,400.0
2026-04-23T17:27:24.616115,93.5,56.083621978759766,400.0
2026-04-23T17:27:26.820599,97.6,55.931861877441406,400.0
2026-04-23T17:27:29.023658,97.3,56.083621978759766,400.0
2026-04-23T17:27:31.228344,97.3,55.8306884765625,400.0
2026-04-23T17:27:33.432905,87.1,56.13420867919922,400.0
2026-04-23T17:27:35.636158,97.6,56.13420867919922,400.0
2026-04-23T17:27:37.841154,90.6,56.083621978759766,400.0
2026-04-23T17:27:40.045888,97.5,56.13420867919922,400.0
2026-04-23T17:27:42.253027,98.2,56.28596496582031,400.0
2026-04-23T17:27:44.455454,94.5,56.38713836669922,400.0
2026-04-23T17:27:46.658524,98.0,56.38713836669922,400.0
2026-04-23T17:27:48.861200,97.8,56.488311767578125,400.0
2026-04-23T17:27:51.063914,93.5,56.336551666259766,400.0
2026-04-23T17:27:53.269052,95.2,56.43772506713867,400.0
2026-04-23T17:27:55.471895,95.7,56.589481353759766,400.0
2026-04-23T17:27:57.675996,96.9,56.53889846801758,400.0
2026-04-23T17:27:59.879225,97.2,56.589481353759766,400.0
2026-04-23T17:28:02.082173,97.6,56.589481353759766,400.0
2026-04-23T17:28:04.284063,91.2,56.53889846801758,400.0
2026-04-23T17:28:06.488836,97.8,56.64006805419922,400.0
2026-04-23T17:28:08.692669,92.6,56.53889846801758,400.0
2026-04-23T17:28:10.894463,97.4,56.53889846801758,400.0
2026-04-23T17:28:13.099504,96.2,56.741241455078125,400.0
2026-04-23T17:28:15.302592,97.8,56.741241455078125,400.0
2026-04-23T17:28:17.506017,96.9,56.589481353759766,400.0
2026-04-23T17:28:19.708584,93.9,56.64006805419922,400.0
2026-04-23T17:28:21.912701,97.7,56.741241455078125,400.0
2026-04-23T17:28:24.128782,94.0,56.79182815551758,400.0
2026-04-23T17:28:26.333570,98.0,56.893001556396484,400.0
2026-04-23T17:28:28.536786,97.4,56.84241485595703,400.0
2026-04-23T17:28:30.740733,92.3,56.893001556396484,400.0
2026-04-23T17:28:32.944081,97.8,56.893001556396484,400.0
2026-04-23T17:28:35.147122,93.8,56.94358825683594,400.0
2026-04-23T17:28:37.351528,97.9,56.94358825683594,400.0
2026-04-23T17:28:39.554776,95.0,56.94358825683594,400.0
2026-04-23T17:28:41.761787,97.3,57.09534454345703,400.0
2026-04-23T17:28:43.963572,86.8,56.994171142578125,400.0
2026-04-23T17:28:46.165268,97.4,57.09534454345703,400.0
2026-04-23T17:28:48.370246,95.4,56.994171142578125,400.0
2026-04-23T17:28:50.575067,90.0,56.94358825683594,400.0
2026-04-23T17:28:52.778185,97.5,57.09534454345703,400.0
2026-04-23T17:28:54.982751,96.2,57.09534454345703,400.0
2026-04-23T17:28:57.186125,97.7,57.19651794433594,400.0
2026-04-23T17:28:59.392248,91.5,57.09534454345703,400.0
2026-04-23T17:29:01.595198,97.6,57.19651794433594,400.0
2026-04-23T17:29:03.802170,96.8,57.19651794433594,400.0
2026-04-23T17:29:06.005849,97.7,57.297691345214844,400.0
2026-04-23T17:29:08.212695,96.0,57.19651794433594,400.0
2026-04-23T17:29:10.415128,96.3,57.3482780456543,400.0
2026-04-23T17:29:12.620899,98.2,57.3482780456543,400.0
2026-04-23T17:29:14.823775,96.3,57.3482780456543,400.0
2026-04-23T17:29:17.034304,92.3,57.44944763183594,400.0
2026-04-23T17:29:19.238481,97.3,57.398860931396484,400.0
2026-04-23T17:29:21.441865,98.1,57.3482780456543,400.0
2026-04-23T17:29:23.644701,98.0,57.44944763183594,400.0
2026-04-23T17:29:25.847588,91.9,57.297691345214844,400.0
2026-04-23T17:29:28.054251,96.3,57.297691345214844,400.0
2026-04-23T17:29:30.257332,95.3,57.398860931396484,400.0
2026-04-23T17:29:32.458998,97.9,57.398860931396484,400.0
2026-04-23T17:29:34.661776,97.5,57.297691345214844,400.0
2026-04-23T17:29:36.867078,97.1,57.44944763183594,400.0
2026-04-23T17:29:39.070735,91.8,57.3482780456543,400.0
2026-04-23T17:29:41.275996,92.8,57.398860931396484,400.0
2026-04-23T17:29:43.478513,97.9,57.550621032714844,400.0
2026-04-23T17:29:45.682418,97.3,57.50003433227539,400.0
2026-04-23T17:29:47.887858,94.6,57.550621032714844,400.0
2026-04-23T17:29:50.093787,98.2,57.550621032714844,400.0
2026-04-23T17:29:52.299195,92.3,57.50003433227539,400.0
2026-04-23T17:29:54.503568,97.7,57.6012077331543,400.0
2026-04-23T17:29:56.709000,96.2,57.44944763183594,400.0
2026-04-23T17:29:58.914056,96.9,57.6012077331543,400.0
2026-04-23T17:30:01.120279,89.5,57.550621032714844,400.0
2026-04-23T17:30:03.323590,96.8,57.65179443359375,400.0
2026-04-23T17:30:05.525920,97.8,57.50003433227539,400.0
2026-04-23T17:30:07.728371,97.4,57.550621032714844,400.0
2026-04-23T17:30:09.931059,97.9,57.6012077331543,400.0
2026-04-23T17:30:12.133618,97.7,57.65179443359375,400.0
2026-04-23T17:30:14.336303,97.6,57.6012077331543,400.0
2026-04-23T17:30:16.539593,97.7,57.6012077331543,400.0
2026-04-23T17:30:18.745239,98.1,57.6012077331543,400.0
2026-04-23T17:30:20.951610,95.9,57.6012077331543,400.0
2026-04-23T17:30:23.157227,90.2,57.50003433227539,400.0
2026-04-23T17:30:25.358931,97.9,57.44944763183594,400.0
2026-04-23T17:30:27.563512,97.5,57.44944763183594,400.0
2026-04-23T17:30:29.767308,97.9,57.3482780456543,400.0
2026-04-23T17:30:31.970085,92.9,57.3482780456543,400.0
2026-04-23T17:30:34.174454,97.8,57.297691345214844,400.0
2026-04-23T17:30:36.376651,97.5,57.145931243896484,400.0
2026-04-23T17:30:38.581343,97.9,57.145931243896484,400.0
2026-04-23T17:30:40.789002,97.8,57.19651794433594,400.0
2026-04-23T17:30:42.991226,97.7,57.145931243896484,400.0
2026-04-23T17:30:45.192893,97.4,57.04475784301758,400.0
2026-04-23T17:30:47.395567,96.5,57.04475784301758,400.0
2026-04-23T17:30:49.599415,97.4,56.994171142578125,400.0
2026-04-23T17:30:51.802228,98.1,56.994171142578125,400.0
2026-04-23T17:30:54.006611,92.2,56.79182815551758,400.0
2026-04-23T17:30:56.211002,95.7,56.741241455078125,400.0
2026-04-23T17:30:58.414878,98.0,56.69065475463867,400.0
2026-04-23T17:31:00.622546,98.0,56.64006805419922,400.0
2026-04-23T17:31:02.825596,97.5,56.69065475463867,400.0
2026-04-23T17:31:05.030560,98.0,56.53889846801758,400.0
2026-04-23T17:31:07.232203,95.4,56.488311767578125,400.0
2026-04-23T17:31:09.435207,98.1,56.488311767578125,400.0
2026-04-23T17:31:11.636870,97.5,56.488311767578125,400.0
2026-04-23T17:31:13.842749,97.3,56.38713836669922,400.0
2026-04-23T17:31:16.045854,97.6,56.488311767578125,400.0
2026-04-23T17:31:18.248437,95.5,56.488311767578125,400.0
2026-04-23T17:31:20.452511,98.1,56.53889846801758,400.0
2026-04-23T17:31:22.659448,95.0,56.741241455078125,400.0
2026-04-23T17:31:24.862666,97.5,56.79182815551758,400.0
2026-04-23T17:31:27.065402,97.1,56.79182815551758,400.0
2026-04-23T17:31:29.269727,97.6,56.94358825683594,400.0
2026-04-23T17:31:31.473596,98.1,56.69065475463867,400.0
2026-04-23T17:31:33.676453,84.1,56.79182815551758,400.0
2026-04-23T17:31:35.879269,97.8,56.893001556396484,400.0
2026-04-23T17:31:38.087921,94.1,56.893001556396484,400.0
2026-04-23T17:31:40.291373,97.8,56.84241485595703,400.0
2026-04-23T17:31:42.498039,95.0,56.79182815551758,400.0
2026-04-23T17:31:44.701289,95.6,56.994171142578125,400.0
2026-04-23T17:31:46.904260,98.2,56.94358825683594,400.0
2026-04-23T17:31:49.107256,95.5,56.94358825683594,400.0
2026-04-23T17:31:51.311380,98.2,57.04475784301758,400.0
2026-04-23T17:31:53.522437,95.9,57.19651794433594,400.0
2026-04-23T17:31:55.727890,97.9,57.19651794433594,400.0
2026-04-23T17:31:57.929946,89.7,57.24710464477539,400.0
2026-04-23T17:32:00.132935,97.0,57.297691345214844,400.0
2026-04-23T17:32:02.336792,93.8,57.3482780456543,400.0
2026-04-23T17:32:04.540828,97.7,57.398860931396484,400.0
2026-04-23T17:32:06.744996,97.9,57.398860931396484,400.0
2026-04-23T17:32:08.946600,91.9,57.44944763183594,400.0
2026-04-23T17:32:11.148296,96.9,57.44944763183594,400.0
2026-04-23T17:32:13.352083,97.2,57.65179443359375,400.0
2026-04-23T17:32:15.556603,94.0,57.6012077331543,400.0
2026-04-23T17:32:17.759547,97.8,57.65179443359375,400.0
2026-04-23T17:32:19.961747,98.0,57.7023811340332,400.0
2026-04-23T17:32:22.165549,96.8,57.7023811340332,400.0
2026-04-23T17:32:24.367430,90.1,57.752967834472656,400.0
2026-04-23T17:32:26.571584,97.9,57.752967834472656,400.0
2026-04-23T17:32:28.774785,96.1,57.8541374206543,400.0
2026-04-23T17:32:30.979566,97.2,58.005897521972656,400.0
2026-04-23T17:32:33.182524,97.9,58.005897521972656,400.0
2026-04-23T17:32:35.385435,96.4,58.005897521972656,400.0
2026-04-23T17:32:37.588318,97.9,58.05648422241211,400.0
2026-04-23T17:32:39.793809,97.4,58.157657623291016,400.0
2026-04-23T17:32:41.999057,94.2,58.157657623291016,400.0
2026-04-23T17:32:44.202789,96.5,58.05648422241211,400.0
2026-04-23T17:32:46.406769,97.5,58.05648422241211,400.0
2026-04-23T17:32:48.612507,98.2,58.005897521972656,400.0
2026-04-23T17:32:50.815557,95.1,57.9553108215332,400.0
2026-04-23T17:32:53.019540,98.1,57.9553108215332,400.0
2026-04-23T17:32:55.223905,87.9,57.803550720214844,400.0
2026-04-23T17:32:57.428111,96.4,57.8541374206543,400.0
2026-04-23T17:32:59.633332,97.6,57.6012077331543,400.0
2026-04-23T17:33:01.840882,98.2,57.803550720214844,400.0
2026-04-23T17:33:04.043681,97.4,57.752967834472656,400.0
2026-04-23T17:33:06.248997,98.2,57.8541374206543,400.0
2026-04-23T17:33:08.453037,97.6,57.65179443359375,400.0
2026-04-23T17:33:10.656657,95.5,57.6012077331543,400.0
2026-04-23T17:33:12.859544,97.3,57.65179443359375,400.0
2026-04-23T17:33:15.063410,97.0,57.550621032714844,400.0
2026-04-23T17:33:17.267192,97.8,57.50003433227539,400.0
2026-04-23T17:33:19.470522,97.2,57.550621032714844,400.0
2026-04-23T17:33:21.672981,95.7,57.50003433227539,400.0
2026-04-23T17:33:23.875469,98.2,57.3482780456543,400.0
2026-04-23T17:33:26.082393,92.8,57.398860931396484,400.0
2026-04-23T17:33:28.284155,97.3,57.398860931396484,400.0
2026-04-23T17:33:30.488638,96.0,57.24710464477539,400.0
2026-04-23T17:33:32.692789,98.1,57.297691345214844,400.0
2026-04-23T17:33:34.897540,97.6,57.297691345214844,400.0
2026-04-23T17:33:37.100748,91.9,57.24710464477539,400.0
2026-04-23T17:33:39.304337,97.0,57.3482780456543,400.0
2026-04-23T17:33:41.507187,93.6,57.145931243896484,400.0
2026-04-23T17:33:43.710195,97.9,57.145931243896484,400.0
2026-04-23T17:33:45.913068,97.8,57.145931243896484,400.0
2026-04-23T17:33:48.117716,92.4,56.994171142578125,400.0
2026-04-23T17:33:50.320320,97.8,56.994171142578125,400.0
2026-04-23T17:33:52.523972,93.9,56.94358825683594,400.0
2026-04-23T17:33:54.734851,96.4,56.84241485595703,400.0
2026-04-23T17:33:56.937733,94.8,56.741241455078125,400.0
2026-04-23T17:33:59.141613,97.8,56.84241485595703,400.0
2026-04-23T17:34:01.343569,91.6,56.64006805419922,400.0
2026-04-23T17:34:03.548276,96.8,56.741241455078125,400.0
2026-04-23T17:34:05.752294,97.8,56.79182815551758,400.0
2026-04-23T17:34:07.957454,95.2,56.79182815551758,400.0
2026-04-23T17:34:10.160652,97.8,56.741241455078125,400.0
2026-04-23T17:34:12.366351,91.8,56.69065475463867,400.0
2026-04-23T17:34:14.574245,97.3,56.741241455078125,400.0
2026-04-23T17:34:16.776925,96.4,56.64006805419922,400.0
2026-04-23T17:34:18.979715,98.2,56.589481353759766,400.0
2026-04-23T17:34:21.183367,95.7,56.589481353759766,400.0
2026-04-23T17:34:23.387114,96.0,56.589481353759766,400.0
2026-04-23T17:34:25.590481,97.9,56.43772506713867,400.0
2026-04-23T17:34:27.793518,91.1,56.488311767578125,400.0
2026-04-23T17:34:30.000283,97.0,56.589481353759766,400.0
2026-04-23T17:34:32.203823,93.0,56.38713836669922,400.0
2026-04-23T17:34:34.411276,97.5,56.488311767578125,400.0
2026-04-23T17:34:36.613049,97.8,56.589481353759766,400.0
2026-04-23T17:34:38.815684,94.1,56.488311767578125,400.0
2026-04-23T17:34:41.019365,98.2,56.083621978759766,400.0
2026-04-23T17:34:43.226590,90.7,56.336551666259766,400.0
2026-04-23T17:34:45.429942,97.9,56.38713836669922,400.0
2026-04-23T17:34:47.637787,95.7,56.336551666259766,400.0
2026-04-23T17:34:49.840936,98.2,56.336551666259766,400.0
2026-04-23T17:34:52.047549,97.9,56.28596496582031,400.0
2026-04-23T17:34:54.251878,97.8,56.336551666259766,400.0
2026-04-23T17:34:56.456208,97.1,56.184791564941406,400.0
2026-04-23T17:34:58.662797,90.9,56.28596496582031,400.0
2026-04-23T17:35:00.866266,97.8,56.28596496582031,400.0
2026-04-23T17:35:03.071871,96.6,56.38713836669922,400.0
2026-04-23T17:35:05.275774,93.4,56.336551666259766,400.0
2026-04-23T17:35:07.480092,97.5,56.336551666259766,400.0
2026-04-23T17:35:09.683850,93.1,56.23537826538086,400.0
2026-04-23T17:35:11.888055,97.9,56.336551666259766,400.0
2026-04-23T17:35:14.091297,96.1,56.28596496582031,400.0
2026-04-23T17:35:16.296111,98.0,56.28596496582031,400.0
2026-04-23T17:35:18.501802,94.8,56.28596496582031,400.0
2026-04-23T17:35:20.705508,94.1,56.23537826538086,400.0
2026-04-23T17:35:22.911235,97.3,56.184791564941406,400.0
2026-04-23T17:35:25.114589,97.1,56.23537826538086,400.0
2026-04-23T17:35:27.318025,97.8,56.23537826538086,400.0
2026-04-23T17:35:29.521005,97.3,56.13420867919922,400.0
2026-04-23T17:35:31.724180,92.0,56.083621978759766,400.0
2026-04-23T17:35:33.927959,93.0,56.184791564941406,400.0
2026-04-23T17:35:36.130766,97.8,56.23537826538086,400.0
2026-04-23T17:35:38.335086,95.5,56.336551666259766,400.0
2026-04-23T17:35:40.538875,96.5,56.38713836669922,400.0
2026-04-23T17:35:42.740655,98.1,56.43772506713867,400.0
2026-04-23T17:35:44.946811,96.0,56.53889846801758,400.0
2026-04-23T17:35:47.149169,97.5,56.43772506713867,400.0
2026-04-23T17:35:49.355896,79.7,56.488311767578125,400.0
2026-04-23T17:35:51.559360,98.2,56.64006805419922,400.0
2026-04-23T17:35:53.767514,97.5,56.64006805419922,400.0
2026-04-23T17:35:55.975337,97.8,56.69065475463867,400.0
2026-04-23T17:35:58.178155,98.1,56.64006805419922,400.0
2026-04-23T17:36:00.382137,98.2,56.64006805419922,400.0
2026-04-23T17:36:02.584032,98.0,56.69065475463867,400.0
2026-04-23T17:36:04.789714,91.6,56.79182815551758,400.0
2026-04-23T17:36:06.991373,97.6,56.84241485595703,400.0
2026-04-23T17:36:09.195323,97.5,56.94358825683594,400.0
2026-04-23T17:36:11.398776,94.0,56.84241485595703,400.0
2026-04-23T17:36:13.600841,97.9,56.994171142578125,400.0
2026-04-23T17:36:15.807269,92.9,56.994171142578125,400.0
2026-04-23T17:36:18.010256,98.0,56.94358825683594,400.0
2026-04-23T17:36:20.215899,96.5,57.145931243896484,400.0
2026-04-23T17:36:22.420167,96.8,57.145931243896484,400.0
2026-04-23T17:36:24.623774,89.8,57.04475784301758,400.0
2026-04-23T17:36:26.827154,97.2,57.145931243896484,400.0
2026-04-23T17:36:29.031735,93.8,57.09534454345703,400.0
2026-04-23T17:36:31.236818,98.2,57.145931243896484,400.0
2026-04-23T17:36:33.444397,98.2,57.09534454345703,400.0
2026-04-23T17:36:35.651232,97.9,57.19651794433594,400.0
2026-04-23T17:36:37.854075,92.1,57.19651794433594,400.0
2026-04-23T17:36:40.056916,96.9,57.297691345214844,400.0
2026-04-23T17:36:42.258856,97.8,57.297691345214844,400.0
2026-04-23T17:36:44.462620,95.7,57.398860931396484,400.0
2026-04-23T17:36:46.665003,98.0,57.398860931396484,400.0
2026-04-23T17:36:48.868964,96.8,57.398860931396484,400.0
2026-04-23T17:36:51.070790,96.5,57.550621032714844,400.0
2026-04-23T17:36:53.273832,97.9,57.3482780456543,400.0
2026-04-23T17:36:55.478291,89.8,57.550621032714844,400.0
2026-04-23T17:36:57.683776,97.3,57.7023811340332,400.0
2026-04-23T17:36:59.886979,97.0,57.7023811340332,400.0
2026-04-23T17:37:02.089655,97.9,57.8541374206543,400.0
2026-04-23T17:37:04.292399,98.1,57.7023811340332,400.0
2026-04-23T17:37:06.494186,94.7,57.8541374206543,400.0
2026-04-23T17:37:08.697748,96.0,57.90472412109375,400.0
2026-04-23T17:37:10.902868,97.4,57.8541374206543,400.0
2026-04-23T17:37:13.105755,98.0,57.752967834472656,400.0
2026-04-23T17:37:15.312734,98.0,57.803550720214844,400.0
2026-04-23T17:37:17.516565,91.1,57.752967834472656,400.0
2026-04-23T17:37:19.719534,96.6,57.6012077331543,400.0
2026-04-23T17:37:21.921238,96.1,57.6012077331543,400.0
2026-04-23T17:37:24.124354,97.9,57.6012077331543,400.0
2026-04-23T17:37:26.330721,95.6,57.50003433227539,400.0
2026-04-23T17:37:28.532886,97.7,57.44944763183594,400.0
2026-04-23T17:37:30.738038,97.5,57.398860931396484,400.0
2026-04-23T17:37:32.942678,97.1,57.3482780456543,400.0
2026-04-23T17:37:35.146188,97.8,57.3482780456543,400.0
2026-04-23T17:37:37.350613,95.4,57.398860931396484,400.0
2026-04-23T17:37:39.555079,97.9,57.3482780456543,400.0
2026-04-23T17:37:41.759210,95.2,57.24710464477539,400.0
2026-04-23T17:37:43.963691,91.8,57.145931243896484,400.0
2026-04-23T17:37:46.169977,97.2,57.09534454345703,400.0
2026-04-23T17:37:48.373942,97.6,57.145931243896484,400.0
2026-04-23T17:37:50.578484,98.2,57.04475784301758,400.0
2026-04-23T17:37:52.784053,96.4,57.04475784301758,400.0
2026-04-23T17:37:54.987189,98.1,57.09534454345703,400.0
2026-04-23T17:37:57.190248,94.6,56.994171142578125,400.0
2026-04-23T17:37:59.394316,97.9,57.145931243896484,400.0
2026-04-23T17:38:01.599638,90.8,56.94358825683594,400.0
2026-04-23T17:38:03.802457,97.6,56.94358825683594,400.0
2026-04-23T17:38:06.007616,97.6,56.994171142578125,400.0
2026-04-23T17:38:08.213030,98.2,56.893001556396484,400.0
2026-04-23T17:38:10.415108,97.7,56.79182815551758,400.0
2026-04-23T17:38:12.617763,95.3,56.69065475463867,400.0
2026-04-23T17:38:14.822095,96.1,56.84241485595703,400.0
2026-04-23T17:38:17.023941,96.0,56.64006805419922,400.0
2026-04-23T17:38:19.228406,97.8,56.741241455078125,400.0
2026-04-23T17:38:21.432685,98.1,56.741241455078125,400.0
2026-04-23T17:38:23.635849,97.7,56.69065475463867,400.0
2026-04-23T17:38:25.837604,97.9,56.64006805419922,400.0
2026-04-23T17:38:28.040462,93.0,56.53889846801758,400.0
2026-04-23T17:38:30.244555,97.6,56.488311767578125,400.0
2026-04-23T17:38:32.449762,96.0,56.488311767578125,400.0
2026-04-23T17:38:34.652241,97.3,56.488311767578125,400.0
2026-04-23T17:38:36.855785,98.0,56.43772506713867,400.0
2026-04-23T17:38:39.059424,95.1,56.38713836669922,400.0
2026-04-23T17:38:41.263410,98.2,56.28596496582031,400.0
2026-04-23T17:38:43.467146,93.8,56.23537826538086,400.0
2026-04-23T17:38:45.671425,97.3,56.28596496582031,400.0
2026-04-23T17:38:47.876258,94.9,56.184791564941406,400.0
2026-04-23T17:38:50.080653,97.6,56.28596496582031,400.0
2026-04-23T17:38:52.284190,97.9,56.184791564941406,400.0
2026-04-23T17:38:54.488271,93.5,56.23537826538086,400.0
2026-04-23T17:38:56.693675,98.1,56.184791564941406,400.0
2026-04-23T17:38:58.896856,91.6,56.13420867919922,400.0
2026-04-23T17:39:01.100196,97.8,56.184791564941406,400.0
2026-04-23T17:39:03.303376,94.0,56.083621978759766,400.0
2026-04-23T17:39:05.506926,98.1,56.13420867919922,400.0
2026-04-23T17:39:07.709690,95.1,55.98244857788086,400.0
2026-04-23T17:39:09.919378,97.8,56.03303527832031,400.0
2026-04-23T17:39:12.123292,98.2,55.931861877441406,400.0
2026-04-23T17:39:14.327849,93.5,55.88127517700195,400.0
2026-04-23T17:39:16.531436,98.2,55.98244857788086,400.0
2026-04-23T17:39:18.734836,90.3,55.931861877441406,400.0
2026-04-23T17:39:20.937961,97.3,55.88127517700195,400.0
2026-04-23T17:39:23.140525,96.4,55.88127517700195,400.0
2026-04-23T17:39:25.346270,97.8,55.72951889038086,400.0
2026-04-23T17:39:27.550285,93.1,55.88127517700195,400.0
2026-04-23T17:39:29.753915,92.0,55.931861877441406,400.0
2026-04-23T17:39:31.958207,98.1,56.03303527832031,400.0
2026-04-23T17:39:34.161194,96.8,56.083621978759766,400.0
2026-04-23T17:39:36.365183,97.3,56.184791564941406,400.0
2026-04-23T17:39:38.567919,96.7,56.28596496582031,400.0
2026-04-23T17:39:40.773134,92.2,56.38713836669922,400.0
2026-04-23T17:39:42.975130,97.8,56.43772506713867,400.0
2026-04-23T17:39:45.179450,94.3,56.53889846801758,400.0
2026-04-23T17:39:47.383707,97.5,56.488311767578125,400.0
2026-04-23T17:39:49.587403,98.2,56.69065475463867,400.0
2026-04-23T17:39:51.790127,97.9,56.64006805419922,400.0
2026-04-23T17:39:53.998996,89.2,56.741241455078125,400.0
2026-04-23T17:39:56.202724,98.1,56.893001556396484,400.0
2026-04-23T17:39:58.406145,98.0,56.84241485595703,400.0
2026-04-23T17:40:00.611712,98.0,56.94358825683594,400.0
2026-04-23T17:40:02.815237,97.7,56.94358825683594,400.0
2026-04-23T17:40:05.019601,95.5,56.994171142578125,400.0
2026-04-23T17:40:07.222625,97.9,56.994171142578125,400.0
2026-04-23T17:40:09.428337,94.1,56.94358825683594,400.0
2026-04-23T17:40:11.630625,97.4,57.09534454345703,400.0
2026-04-23T17:40:13.832742,97.9,57.145931243896484,400.0
2026-04-23T17:40:16.036794,93.1,57.09534454345703,400.0
2026-04-23T17:40:18.238515,97.3,57.19651794433594,400.0
2026-04-23T17:40:20.444656,96.2,57.19651794433594,400.0
2026-04-23T17:40:22.647589,97.7,57.24710464477539,400.0
2026-04-23T17:40:24.853797,94.1,57.3482780456543,400.0
2026-04-23T17:40:27.058440,93.0,57.398860931396484,400.0
2026-04-23T17:40:29.260763,97.6,57.398860931396484,400.0
2026-04-23T17:40:31.464915,97.5,57.50003433227539,400.0
2026-04-23T17:40:33.668169,97.9,57.44944763183594,400.0
2026-04-23T17:40:35.870101,97.6,57.550621032714844,400.0
2026-04-23T17:40:38.074439,97.8,57.6012077331543,400.0
2026-04-23T17:40:40.279909,91.9,57.6012077331543,400.0
2026-04-23T17:40:42.482774,97.4,57.7023811340332,400.0
2026-04-23T17:40:44.686969,88.8,57.550621032714844,400.0
2026-04-23T17:40:46.889784,96.3,57.65179443359375,400.0
2026-04-23T17:40:49.093274,98.0,57.550621032714844,400.0
2026-04-23T17:40:51.301491,96.6,57.550621032714844,400.0
2026-04-23T17:40:53.505216,97.9,57.297691345214844,400.0
2026-04-23T17:40:55.709758,95.7,57.398860931396484,400.0
2026-04-23T17:40:57.913697,95.7,57.398860931396484,400.0
2026-04-23T17:41:00.116983,97.8,57.3482780456543,400.0
2026-04-23T17:41:02.322946,93.1,57.19651794433594,400.0
2026-04-23T17:41:04.526777,97.6,57.09534454345703,400.0
2026-04-23T17:41:06.733747,98.0,57.04475784301758,400.0
2026-04-23T17:41:08.935854,96.8,56.994171142578125,400.0
2026-04-23T17:41:11.137863,89.2,56.84241485595703,400.0
2026-04-23T17:41:13.342541,97.1,56.79182815551758,400.0
2026-04-23T17:41:15.544353,98.0,56.741241455078125,400.0
2026-04-23T17:41:17.753531,97.0,56.69065475463867,400.0
2026-04-23T17:41:19.957522,97.3,56.79182815551758,400.0
2026-04-23T17:41:22.162264,97.9,56.84241485595703,400.0
2026-04-23T17:41:24.364095,94.4,56.69065475463867,400.0
2026-04-23T17:41:26.566212,96.5,56.53889846801758,400.0
2026-04-23T17:41:28.769340,97.1,56.64006805419922,400.0
2026-04-23T17:41:30.973366,93.3,56.64006805419922,400.0
2026-04-23T17:41:33.178069,97.9,56.69065475463867,400.0
2026-04-23T17:41:35.380197,95.6,56.64006805419922,400.0
2026-04-23T17:41:37.584170,96.7,56.64006805419922,400.0
2026-04-23T17:41:39.788964,98.1,56.64006805419922,400.0
2026-04-23T17:41:41.995718,96.9,56.53889846801758,400.0
2026-04-23T17:41:44.197964,97.9,56.53889846801758,400.0
2026-04-23T17:41:46.404850,96.8,56.488311767578125,400.0
2026-04-23T17:41:48.608874,96.8,56.43772506713867,400.0
2026-04-23T17:41:50.811511,97.0,56.38713836669922,400.0
2026-04-23T17:41:53.015686,94.2,56.336551666259766,400.0
2026-04-23T17:41:55.219399,98.2,56.38713836669922,400.0
2026-04-23T17:41:57.428549,96.6,56.28596496582031,400.0
2026-04-23T17:41:59.633696,97.7,56.38713836669922,400.0
2026-04-23T17:42:01.840195,88.6,56.336551666259766,400.0
2026-04-23T17:42:04.047171,98.0,56.43772506713867,400.0
2026-04-23T17:42:06.250904,97.9,56.28596496582031,400.0
2026-04-23T17:42:08.452699,98.0,56.38713836669922,400.0
2026-04-23T17:42:10.657847,97.9,56.38713836669922,400.0
2026-04-23T17:42:12.861016,97.4,56.336551666259766,400.0
2026-04-23T17:42:15.063296,97.0,56.43772506713867,400.0
2026-04-23T17:42:17.265494,92.7,56.23537826538086,400.0
2026-04-23T17:42:19.468821,95.0,56.23537826538086,400.0
2026-04-23T17:42:21.672692,98.0,56.28596496582031,400.0
2026-04-23T17:42:23.875686,93.2,56.23537826538086,400.0
2026-04-23T17:42:26.080080,97.8,56.23537826538086,400.0
2026-04-23T17:42:28.283865,90.9,56.184791564941406,400.0
2026-04-23T17:42:30.485613,97.8,56.13420867919922,400.0
2026-04-23T17:42:32.691343,97.0,56.13420867919922,400.0
2026-04-23T17:42:34.894603,97.5,56.184791564941406,400.0
2026-04-23T17:42:37.098617,98.2,56.184791564941406,400.0
2026-04-23T17:42:39.300920,96.1,56.13420867919922,400.0
2026-04-23T17:42:41.502906,97.7,56.23537826538086,400.0
2026-04-23T17:42:43.708053,97.6,56.184791564941406,400.0
2026-04-23T17:42:45.910249,97.9,55.98244857788086,400.0
2026-04-23T17:42:48.114418,96.0,56.083621978759766,400.0
2026-04-23T17:42:50.317227,93.2,56.184791564941406,400.0
2026-04-23T17:42:52.520861,97.5,56.13420867919922,400.0
2026-04-23T17:42:54.724065,98.1,56.083621978759766,400.0
2026-04-23T17:42:56.932675,97.1,56.083621978759766,400.0
2026-04-23T17:42:59.137005,96.8,56.23537826538086,400.0
2026-04-23T17:43:01.343638,96.8,56.28596496582031,400.0
2026-04-23T17:43:03.546292,92.8,56.28596496582031,400.0
2026-04-23T17:43:05.751219,97.8,56.28596496582031,400.0
2026-04-23T17:43:07.953164,95.7,56.38713836669922,400.0
2026-04-23T17:43:10.155240,97.9,56.38713836669922,400.0
2026-04-23T17:43:12.359849,97.0,56.53889846801758,400.0
2026-04-23T17:43:14.564738,97.5,56.741241455078125,400.0
2026-04-23T17:43:16.770864,98.2,56.69065475463867,400.0
2026-04-23T17:43:18.974051,93.0,56.69065475463867,400.0
2026-04-23T17:43:21.176485,97.8,56.84241485595703,400.0
2026-04-23T17:43:23.379223,90.9,56.64006805419922,400.0
2026-04-23T17:43:25.583208,97.2,56.69065475463867,400.0
2026-04-23T17:43:27.786793,98.2,56.893001556396484,400.0
2026-04-23T17:43:29.989038,98.2,56.893001556396484,400.0
2026-04-23T17:43:32.194343,97.7,56.893001556396484,400.0
2026-04-23T17:43:34.397329,92.6,57.04475784301758,400.0
2026-04-23T17:43:36.599896,97.7,57.09534454345703,400.0
2026-04-23T17:43:38.806489,98.1,57.04475784301758,400.0
2026-04-23T17:43:41.008286,97.5,57.19651794433594,400.0
2026-04-23T17:43:43.212265,98.0,57.19651794433594,400.0
2026-04-23T17:43:45.422875,96.3,57.19651794433594,400.0
2026-04-23T17:43:47.626638,97.8,57.145931243896484,400.0
2026-04-23T17:43:49.828711,91.6,57.19651794433594,400.0
2026-04-23T17:43:52.032259,96.9,57.19651794433594,400.0
2026-04-23T17:43:54.236880,96.0,57.297691345214844,400.0
2026-04-23T17:43:56.443395,97.3,57.19651794433594,400.0
2026-04-23T17:43:58.645093,98.0,57.297691345214844,400.0
2026-04-23T17:44:00.849648,97.6,57.398860931396484,400.0
2026-04-23T17:44:03.052760,97.4,57.3482780456543,400.0
2026-04-23T17:44:05.257290,91.9,57.297691345214844,400.0
2026-04-23T17:44:07.460658,97.5,57.398860931396484,400.0
2026-04-23T17:44:09.662647,95.5,57.398860931396484,400.0
2026-04-23T17:44:11.866860,98.0,57.50003433227539,400.0
2026-04-23T17:44:14.068815,98.0,57.44944763183594,400.0
2026-04-23T17:44:16.271037,97.0,57.6012077331543,400.0
2026-04-23T17:44:18.474516,98.1,57.65179443359375,400.0
2026-04-23T17:44:20.679571,94.6,57.6012077331543,400.0
2026-04-23T17:44:22.883645,97.9,57.65179443359375,400.0
2026-04-23T17:44:25.090737,92.2,57.65179443359375,400.0
2026-04-23T17:44:27.292851,97.6,57.8541374206543,400.0
2026-04-23T17:44:29.494458,97.5,57.7023811340332,400.0
2026-04-23T17:44:31.697759,97.6,57.7023811340332,400.0
2026-04-23T17:44:33.901361,92.5,57.8541374206543,400.0
2026-04-23T17:44:36.104700,91.8,57.8541374206543,400.0
2026-04-23T17:44:38.308050,95.0,57.8541374206543,400.0
2026-04-23T17:44:40.517641,97.0,57.9553108215332,400.0
2026-04-23T17:44:42.719542,97.3,58.10707092285156,400.0
2026-04-23T17:44:44.921887,97.7,58.10707092285156,400.0
2026-04-23T17:44:47.125003,93.9,58.005897521972656,400.0
2026-04-23T17:44:49.328718,97.6,58.005897521972656,400.0
2026-04-23T17:44:51.531222,97.8,58.2082405090332,400.0
2026-04-23T17:44:53.734055,97.8,58.258827209472656,400.0
2026-04-23T17:44:55.938372,97.0,58.2082405090332,400.0
2026-04-23T17:44:58.140253,96.4,58.258827209472656,400.0
2026-04-23T17:45:00.343034,96.3,58.30941390991211,400.0
2026-04-23T17:45:02.547804,97.5,58.157657623291016,400.0
2026-04-23T17:45:04.751105,98.0,58.2082405090332,400.0
2026-04-23T17:45:06.955259,83.3,58.258827209472656,400.0
2026-04-23T17:45:09.158454,97.1,58.258827209472656,400.0
2026-04-23T17:45:11.360760,96.5,58.410587310791016,400.0
2026-04-23T17:45:13.564318,94.9,58.410587310791016,400.0
2026-04-23T17:45:15.768186,96.6,58.56234359741211,400.0
2026-04-23T17:45:17.971705,97.9,58.410587310791016,400.0
2026-04-23T17:45:20.173702,97.8,58.36000061035156,400.0
2026-04-23T17:45:22.377365,97.7,58.36000061035156,400.0
2026-04-23T17:45:24.583237,97.6,58.30941390991211,400.0
2026-04-23T17:45:26.791697,92.9,58.258827209472656,400.0
2026-04-23T17:45:28.993501,97.8,58.258827209472656,400.0
2026-04-23T17:45:31.197336,94.0,58.05648422241211,400.0
2026-04-23T17:45:33.401672,98.0,57.90472412109375,400.0
2026-04-23T17:45:35.603335,97.9,57.8541374206543,400.0
2026-04-23T17:45:37.808239,93.9,57.9553108215332,400.0
2026-04-23T17:45:40.012994,97.9,57.65179443359375,400.0
2026-04-23T17:45:42.215421,98.0,57.803550720214844,400.0
2026-04-23T17:45:44.419188,97.6,57.752967834472656,400.0
2026-04-23T17:45:46.632175,94.8,57.65179443359375,400.0
2026-04-23T17:45:48.835483,97.8,57.7023811340332,400.0
2026-04-23T17:45:51.041056,96.0,57.6012077331543,400.0
2026-04-23T17:45:53.247360,97.9,57.65179443359375,400.0
2026-04-23T17:45:55.451674,98.2,57.44944763183594,400.0
2026-04-23T17:45:57.661260,92.7,57.50003433227539,400.0
2026-04-23T17:45:59.863558,97.2,57.50003433227539,400.0
2026-04-23T17:46:02.069710,89.2,57.398860931396484,400.0
2026-04-23T17:46:04.277580,97.6,57.398860931396484,400.0
2026-04-23T17:46:06.480639,97.6,57.3482780456543,400.0
2026-04-23T17:46:08.682544,96.8,57.3482780456543,400.0
2026-04-23T17:46:10.884374,96.5,57.19651794433594,400.0
2026-04-23T17:46:13.090012,97.0,57.09534454345703,400.0
2026-04-23T17:46:15.293941,93.8,57.19651794433594,400.0
2026-04-23T17:46:17.497156,93.7,57.145931243896484,400.0
2026-04-23T17:46:19.699330,97.4,57.04475784301758,400.0
2026-04-23T17:46:21.903498,96.7,57.04475784301758,400.0
2026-04-23T17:46:24.112815,97.6,57.09534454345703,400.0
2026-04-23T17:46:26.316478,97.7,56.84241485595703,400.0
2026-04-23T17:46:28.523263,93.9,57.09534454345703,400.0
2026-04-23T17:46:30.726984,98.0,56.94358825683594,400.0
2026-04-23T17:46:32.933388,96.6,56.94358825683594,400.0
2026-04-23T17:46:35.135132,98.0,56.79182815551758,400.0
2026-04-23T17:46:37.338155,89.7,56.84241485595703,400.0
2026-04-23T17:46:39.544414,97.9,56.79182815551758,400.0
2026-04-23T17:46:41.749720,95.4,56.84241485595703,400.0
2026-04-23T17:46:43.951958,97.7,56.741241455078125,400.0
2026-04-23T17:46:46.153960,97.3,56.69065475463867,400.0
2026-04-23T17:46:48.356806,96.1,56.69065475463867,400.0
2026-04-23T17:46:50.559579,97.8,56.79182815551758,400.0
2026-04-23T17:46:52.761802,95.9,56.64006805419922,400.0
2026-04-23T17:46:54.965554,94.0,56.64006805419922,400.0
2026-04-23T17:46:57.170739,97.7,56.741241455078125,400.0
2026-04-23T17:46:59.372705,92.9,56.64006805419922,400.0
2026-04-23T17:47:01.575713,97.5,56.488311767578125,400.0
2026-04-23T17:47:03.782274,88.5,56.69065475463867,400.0
2026-04-23T17:47:05.984480,97.5,56.53889846801758,400.0
2026-04-23T17:47:08.187402,96.4,56.64006805419922,400.0
2026-04-23T17:47:10.390811,98.1,56.589481353759766,400.0
2026-04-23T17:47:12.593274,98.2,56.53889846801758,400.0
2026-04-23T17:47:14.794900,97.5,56.69065475463867,400.0
2026-04-23T17:47:16.997898,98.2,56.53889846801758,400.0
2026-04-23T17:47:19.200076,91.7,56.589481353759766,400.0
2026-04-23T17:47:21.404802,97.7,56.589481353759766,400.0
2026-04-23T17:47:23.609317,96.0,56.488311767578125,400.0
2026-04-23T17:47:25.812351,98.2,56.53889846801758,400.0
2026-04-23T17:47:28.014029,97.9,56.43772506713867,400.0
2026-04-23T17:47:30.217614,97.4,56.488311767578125,400.0
2026-04-23T17:47:32.419817,97.1,56.28596496582031,400.0
2026-04-23T17:47:34.622235,88.8,56.38713836669922,400.0
2026-04-23T17:47:36.825016,97.8,56.38713836669922,400.0
2026-04-23T17:47:39.029412,96.5,56.488311767578125,400.0
2026-04-23T17:47:41.231393,97.7,56.336551666259766,400.0
2026-04-23T17:47:43.441044,95.7,56.336551666259766,400.0
2026-04-23T17:47:45.643087,96.6,56.28596496582031,400.0
2026-04-23T17:47:47.847554,98.0,56.23537826538086,400.0
2026-04-23T17:47:50.051036,92.3,56.28596496582031,400.0
2026-04-23T17:47:52.252684,97.8,56.336551666259766,400.0
2026-04-23T17:47:54.456538,95.2,56.23537826538086,400.0
2026-04-23T17:47:56.660406,97.1,56.336551666259766,400.0
2026-04-23T17:47:58.868409,98.1,56.28596496582031,400.0
2026-04-23T17:48:01.072026,97.2,56.23537826538086,400.0
2026-04-23T17:48:03.273763,97.0,56.336551666259766,400.0
2026-04-23T17:48:05.476301,97.1,56.28596496582031,400.0
2026-04-23T17:48:07.679177,93.6,56.28596496582031,400.0
2026-04-23T17:48:09.883594,97.5,56.38713836669922,400.0
2026-04-23T17:48:12.087620,97.6,56.38713836669922,400.0
2026-04-23T17:48:14.290904,89.9,56.23537826538086,400.0
2026-04-23T17:48:16.494616,97.5,56.38713836669922,400.0
2026-04-23T17:48:18.697593,92.3,56.38713836669922,400.0
2026-04-23T17:48:20.900812,97.6,56.28596496582031,400.0
2026-04-23T17:48:23.104992,97.2,56.28596496582031,400.0
2026-04-23T17:48:25.310631,95.9,56.336551666259766,400.0
2026-04-23T17:48:27.513514,97.4,56.28596496582031,400.0
2026-04-23T17:48:29.719383,92.8,56.28596496582031,400.0
2026-04-23T17:48:31.922288,95.4,56.38713836669922,400.0
2026-04-23T17:48:34.125016,97.8,56.23537826538086,400.0
2026-04-23T17:48:36.328885,97.7,56.38713836669922,400.0
2026-04-23T17:48:38.532262,97.5,56.488311767578125,400.0
2026-04-23T17:48:40.740455,96.1,56.589481353759766,400.0
2026-04-23T17:48:42.943029,94.9,56.64006805419922,400.0
2026-04-23T17:48:45.147658,97.9,56.84241485595703,400.0
2026-04-23T17:48:47.352756,92.7,56.84241485595703,400.0
2026-04-23T17:48:49.556019,97.4,56.94358825683594,400.0
2026-04-23T17:48:51.758045,97.8,56.94358825683594,400.0
2026-04-23T17:48:53.961298,96.9,56.94358825683594,400.0
2026-04-23T17:48:56.164848,95.2,56.994171142578125,400.0
2026-04-23T17:48:58.370524,96.6,57.04475784301758,400.0
2026-04-23T17:49:00.574064,96.4,57.09534454345703,400.0
2026-04-23T17:49:02.776235,94.1,57.19651794433594,400.0
2026-04-23T17:49:04.978157,97.7,57.19651794433594,400.0
2026-04-23T17:49:07.182508,97.1,57.145931243896484,400.0
2026-04-23T17:49:09.387168,92.7,57.297691345214844,400.0
2026-04-23T17:49:11.590063,97.9,57.3482780456543,400.0
2026-04-23T17:49:13.792854,97.7,57.398860931396484,400.0
2026-04-23T17:49:15.998272,98.2,57.44944763183594,400.0
2026-04-23T17:49:18.200709,97.8,57.50003433227539,400.0
2026-04-23T17:49:20.405945,98.1,57.44944763183594,400.0
2026-04-23T17:49:22.611418,97.5,57.50003433227539,400.0
2026-04-23T17:49:24.814057,97.0,57.50003433227539,400.0
2026-04-23T17:49:27.015737,94.1,57.550621032714844,400.0
2026-04-23T17:49:29.218525,97.7,57.44944763183594,400.0
2026-04-23T17:49:31.421015,96.2,57.50003433227539,400.0
2026-04-23T17:49:33.623388,93.0,57.6012077331543,400.0
2026-04-23T17:49:35.826755,97.5,57.44944763183594,400.0
2026-04-23T17:49:38.029916,94.8,57.6012077331543,400.0
2026-04-23T17:49:40.234551,97.3,57.6012077331543,400.0
2026-04-23T17:49:42.440662,98.2,57.6012077331543,400.0
2026-04-23T17:49:44.644519,97.4,57.65179443359375,400.0
2026-04-23T17:49:46.846723,95.1,57.7023811340332,400.0
2026-04-23T17:49:49.050051,96.4,57.7023811340332,400.0
2026-04-23T17:49:51.255886,98.1,57.803550720214844,400.0
2026-04-23T17:49:53.462043,93.5,57.6012077331543,400.0
2026-04-23T17:49:55.665190,96.8,57.803550720214844,400.0
2026-04-23T17:49:57.868365,91.1,57.752967834472656,400.0
2026-04-23T17:50:00.072194,94.9,57.8541374206543,400.0
2026-04-23T17:50:02.276716,97.7,57.8541374206543,400.0
2026-04-23T17:50:04.483285,97.9,57.8541374206543,400.0
2026-04-23T17:50:06.686090,94.6,57.803550720214844,400.0
2026-04-23T17:50:08.889120,93.9,57.7023811340332,400.0
2026-04-23T17:50:11.092296,97.7,57.6012077331543,400.0
2026-04-23T17:50:13.293883,87.8,57.6012077331543,400.0
2026-04-23T17:50:15.507093,97.8,57.752967834472656,400.0
2026-04-23T17:50:17.709843,96.5,57.752967834472656,400.0
2026-04-23T17:50:19.912760,92.1,57.8541374206543,400.0
2026-04-23T17:50:22.114635,98.1,57.65179443359375,400.0
2026-04-23T17:50:24.316273,92.9,57.803550720214844,400.0
2026-04-23T17:50:26.522691,97.5,57.8541374206543,400.0
2026-04-23T17:50:28.726776,97.9,57.90472412109375,400.0
2026-04-23T17:50:30.928955,97.4,57.8541374206543,400.0
2026-04-23T17:50:33.132839,94.5,57.9553108215332,400.0
2026-04-23T17:50:35.336302,95.4,57.90472412109375,400.0
2026-04-23T17:50:37.540939,96.4,57.90472412109375,400.0
2026-04-23T17:50:39.742963,95.0,58.10707092285156,400.0
2026-04-23T17:50:41.947343,97.4,58.005897521972656,400.0
2026-04-23T17:50:44.150686,98.0,57.9553108215332,400.0
2026-04-23T17:50:46.355810,97.6,58.2082405090332,400.0
2026-04-23T17:50:48.560894,93.9,58.157657623291016,400.0
2026-04-23T17:50:50.763345,97.3,58.30941390991211,400.0
2026-04-23T17:50:52.966848,97.3,58.157657623291016,400.0
2026-04-23T17:50:55.171294,97.9,58.2082405090332,400.0
2026-04-23T17:50:57.376867,97.6,58.2082405090332,400.0
2026-04-23T17:50:59.589936,92.3,58.157657623291016,400.0
2026-04-23T17:51:01.793896,97.5,57.9553108215332,400.0
2026-04-23T17:51:03.996117,89.9,58.05648422241211,400.0
2026-04-23T17:51:06.197821,97.9,58.005897521972656,400.0
2026-04-23T17:51:08.400220,98.2,58.10707092285156,400.0
2026-04-23T17:51:10.603904,98.1,58.05648422241211,400.0
2026-04-23T17:51:12.807201,97.7,58.05648422241211,400.0
2026-04-23T17:51:15.009091,91.6,57.9553108215332,400.0
2026-04-23T17:51:17.211591,97.6,57.90472412109375,400.0
2026-04-23T17:51:19.415307,97.2,57.90472412109375,400.0
2026-04-23T17:51:21.617382,98.0,57.803550720214844,400.0
2026-04-23T17:51:23.819121,88.1,57.752967834472656,400.0
2026-04-23T17:51:26.022617,96.3,57.7023811340332,400.0
2026-04-23T17:51:28.226945,98.2,57.7023811340332,400.0
2026-04-23T17:51:30.429702,91.7,57.65179443359375,400.0
2026-04-23T17:51:32.634848,97.9,57.550621032714844,400.0
2026-04-23T17:51:34.840395,92.4,57.6012077331543,400.0
2026-04-23T17:51:37.043623,97.3,57.50003433227539,400.0
2026-04-23T17:51:39.248732,97.1,57.50003433227539,400.0
2026-04-23T17:51:41.450604,98.0,57.3482780456543,400.0
2026-04-23T17:51:43.652537,97.9,57.398860931396484,400.0
2026-04-23T17:51:45.856988,97.9,57.398860931396484,400.0
2026-04-23T17:51:48.060179,92.5,57.19651794433594,400.0
2026-04-23T17:51:50.262230,96.0,57.24710464477539,400.0
2026-04-23T17:51:52.465897,98.0,57.145931243896484,400.0
2026-04-23T17:51:54.671857,96.4,57.145931243896484,400.0
2026-04-23T17:51:56.873822,97.3,56.994171142578125,400.0
2026-04-23T17:51:59.076643,97.6,56.893001556396484,400.0
2026-04-23T17:52:01.280950,98.2,56.79182815551758,400.0
2026-04-23T17:52:03.484068,97.9,56.84241485595703,400.0
2026-04-23T17:52:05.688278,97.9,56.893001556396484,400.0
2026-04-23T17:52:07.889980,97.3,56.893001556396484,400.0
2026-04-23T17:52:10.095444,96.2,56.84241485595703,400.0
2026-04-23T17:52:12.300141,95.1,56.741241455078125,400.0
2026-04-23T17:52:14.502509,97.9,56.69065475463867,400.0
2026-04-23T17:52:16.706696,96.3,56.69065475463867,400.0
2026-04-23T17:52:18.910283,97.7,56.589481353759766,400.0
2026-04-23T17:52:21.112987,97.3,56.741241455078125,400.0
2026-04-23T17:52:23.315212,97.8,56.69065475463867,400.0
2026-04-23T17:52:25.520190,97.6,56.53889846801758,400.0
2026-04-23T17:52:27.723056,97.8,56.53889846801758,400.0
2026-04-23T17:52:29.925954,97.8,56.488311767578125,400.0
2026-04-23T17:52:32.131092,94.0,56.53889846801758,400.0
2026-04-23T17:52:34.332864,98.1,56.53889846801758,400.0
2026-04-23T17:52:36.536183,97.6,56.38713836669922,400.0
2026-04-23T17:52:38.739201,88.4,56.28596496582031,400.0
2026-04-23T17:52:40.943079,96.6,56.28596496582031,400.0
2026-04-23T17:52:43.146923,97.3,56.28596496582031,400.0
2026-04-23T17:52:45.349875,94.4,56.336551666259766,400.0
2026-04-23T17:52:47.552480,97.7,56.336551666259766,400.0
2026-04-23T17:52:49.755795,93.5,56.28596496582031,400.0
2026-04-23T17:52:51.959077,97.6,56.28596496582031,400.0
2026-04-23T17:52:54.162720,93.7,56.13420867919922,400.0
2026-04-23T17:52:56.366242,96.7,56.23537826538086,400.0
2026-04-23T17:52:58.569014,98.0,56.28596496582031,400.0
2026-04-23T17:53:00.772604,91.1,56.23537826538086,400.0
2026-04-23T17:53:02.980240,97.8,56.28596496582031,400.0
2026-04-23T17:53:05.182819,92.5,56.083621978759766,400.0
2026-04-23T17:53:07.385232,91.1,56.083621978759766,400.0
2026-04-23T17:53:09.588252,97.7,56.184791564941406,400.0
2026-04-23T17:53:11.792799,94.4,56.03303527832031,400.0
2026-04-23T17:53:13.996114,97.5,56.13420867919922,400.0
2026-04-23T17:53:16.199346,96.5,56.083621978759766,400.0
2026-04-23T17:53:18.403541,98.0,55.98244857788086,400.0
2026-04-23T17:53:20.607943,98.1,56.03303527832031,400.0
2026-04-23T17:53:22.812647,94.0,55.931861877441406,400.0
2026-04-23T17:53:25.016424,97.8,56.083621978759766,400.0
2026-04-23T17:53:27.221083,95.0,56.083621978759766,400.0
2026-04-23T17:53:29.423802,95.9,56.184791564941406,400.0
2026-04-23T17:53:31.626551,97.9,56.13420867919922,400.0
2026-04-23T17:53:33.828996,97.2,56.13420867919922,400.0
2026-04-23T17:53:36.032941,92.0,56.23537826538086,400.0
2026-04-23T17:53:38.234918,98.0,56.28596496582031,400.0
2026-04-23T17:53:40.437921,97.8,56.488311767578125,400.0
2026-04-23T17:53:42.642113,96.5,56.488311767578125,400.0
2026-04-23T17:53:44.848262,97.7,56.64006805419922,400.0
2026-04-23T17:53:47.053012,95.5,56.64006805419922,400.0
2026-04-23T17:53:49.256142,94.8,56.741241455078125,400.0
2026-04-23T17:53:51.457947,98.0,56.741241455078125,400.0
2026-04-23T17:53:53.661978,97.7,56.741241455078125,400.0
2026-04-23T17:53:55.866136,97.1,56.94358825683594,400.0
2026-04-23T17:53:58.069663,97.7,56.94358825683594,400.0
2026-04-23T17:54:00.272736,97.6,57.04475784301758,400.0
2026-04-23T17:54:02.477716,92.2,56.94358825683594,400.0
2026-04-23T17:54:04.679783,97.9,56.994171142578125,400.0
2026-04-23T17:54:06.881674,96.8,57.145931243896484,400.0
2026-04-23T17:54:09.083247,97.8,57.09534454345703,400.0
2026-04-23T17:54:11.288904,97.4,56.94358825683594,400.0
2026-04-23T17:54:13.491719,88.0,57.19651794433594,400.0
2026-04-23T17:54:15.693591,98.0,57.145931243896484,400.0
2026-04-23T17:54:17.899561,90.6,57.297691345214844,400.0
2026-04-23T17:54:20.103413,97.2,57.3482780456543,400.0
2026-04-23T17:54:22.307578,98.0,57.398860931396484,400.0
2026-04-23T17:54:24.514344,97.3,57.50003433227539,400.0
2026-04-23T17:54:26.718267,98.2,57.50003433227539,400.0
2026-04-23T17:54:28.922152,96.5,57.44944763183594,400.0
2026-04-23T17:54:31.124344,93.5,57.44944763183594,400.0
2026-04-23T17:54:33.329771,92.8,57.44944763183594,400.0
2026-04-23T17:54:35.532737,98.1,57.44944763183594,400.0
2026-04-23T17:54:37.736420,97.9,57.6012077331543,400.0
2026-04-23T17:54:39.940412,96.9,57.550621032714844,400.0
2026-04-23T17:54:42.143242,97.6,57.7023811340332,400.0
2026-04-23T17:54:44.346983,94.7,57.7023811340332,400.0
2026-04-23T17:54:46.550970,97.9,57.65179443359375,400.0
2026-04-23T17:54:48.757876,96.1,57.803550720214844,400.0
2026-04-23T17:54:50.960519,97.9,57.803550720214844,400.0
2026-04-23T17:54:53.164024,97.5,57.90472412109375,400.0
2026-04-23T17:54:55.368734,97.6,57.8541374206543,400.0
2026-04-23T17:54:57.570889,97.8,57.9553108215332,400.0
2026-04-23T17:54:59.773459,96.2,57.8541374206543,400.0
2026-04-23T17:55:01.977520,98.0,57.9553108215332,400.0
2026-04-23T17:55:04.179564,96.0,58.005897521972656,400.0
2026-04-23T17:55:06.383262,98.1,58.005897521972656,400.0
2026-04-23T17:55:08.587811,97.9,57.9553108215332,400.0
2026-04-23T17:55:10.792086,98.2,58.157657623291016,400.0
2026-04-23T17:55:12.993825,97.7,58.005897521972656,400.0
2026-04-23T17:55:15.197800,98.1,58.005897521972656,400.0
2026-04-23T17:55:17.401128,97.8,57.9553108215332,400.0
2026-04-23T17:55:19.603045,96.3,57.9553108215332,400.0
2026-04-23T17:55:21.810432,97.5,58.10707092285156,400.0
2026-04-23T17:55:24.014287,95.9,58.05648422241211,400.0
2026-04-23T17:55:26.218940,97.6,57.90472412109375,400.0
2026-04-23T17:55:28.422283,98.1,57.803550720214844,400.0
2026-04-23T17:55:30.632096,90.0,57.65179443359375,400.0
2026-04-23T17:55:32.835792,97.5,57.7023811340332,400.0
2026-04-23T17:55:35.041349,92.9,57.65179443359375,400.0
2026-04-23T17:55:37.245415,97.6,57.65179443359375,400.0
2026-04-23T17:55:39.448608,97.5,57.6012077331543,400.0
2026-04-23T17:55:41.650699,97.8,57.50003433227539,400.0
2026-04-23T17:55:43.852939,98.0,57.44944763183594,400.0
2026-04-23T17:55:46.056133,97.4,57.50003433227539,400.0
2026-04-23T17:55:48.257753,93.6,57.297691345214844,400.0
2026-04-23T17:55:50.460486,95.9,57.3482780456543,400.0
2026-04-23T17:55:52.664596,97.5,57.19651794433594,400.0
2026-04-23T17:55:54.868559,81.1,57.19651794433594,400.0
2026-04-23T17:55:57.071188,98.2,57.145931243896484,400.0
2026-04-23T17:55:59.282828,97.5,57.09534454345703,400.0
2026-04-23T17:56:01.485730,95.5,57.09534454345703,400.0
2026-04-23T17:56:03.694391,97.5,57.09534454345703,400.0
2026-04-23T17:56:05.896664,97.7,57.04475784301758,400.0
2026-04-23T17:56:08.100031,97.5,57.04475784301758,400.0
2026-04-23T17:56:10.303541,90.1,56.994171142578125,400.0
2026-04-23T17:56:12.506607,97.9,56.994171142578125,400.0
2026-04-23T17:56:14.712294,97.5,57.09534454345703,400.0
2026-04-23T17:56:16.915504,95.8,56.893001556396484,400.0
2026-04-23T17:56:19.120327,97.9,56.79182815551758,400.0
2026-04-23T17:56:21.324025,96.4,56.94358825683594,400.0
2026-04-23T17:56:23.527122,93.5,56.79182815551758,400.0
2026-04-23T17:56:25.730693,95.8,56.79182815551758,400.0
2026-04-23T17:56:27.934614,93.7,56.893001556396484,400.0
2026-04-23T17:56:30.137006,96.7,56.84241485595703,400.0
2026-04-23T17:56:32.340322,97.8,56.79182815551758,400.0
2026-04-23T17:56:34.544481,95.4,56.53889846801758,400.0
2026-04-23T17:56:36.746773,88.6,56.69065475463867,400.0
2026-04-23T17:56:38.948909,93.8,56.589481353759766,400.0
2026-04-23T17:56:41.150622,96.6,56.589481353759766,400.0
2026-04-23T17:56:43.354678,97.1,56.589481353759766,400.0
2026-04-23T17:56:45.556332,97.6,56.589481353759766,400.0
2026-04-23T17:56:47.761021,96.2,56.488311767578125,400.0
2026-04-23T17:56:49.964360,97.1,56.488311767578125,400.0
2026-04-23T17:56:52.168643,89.9,56.488311767578125,400.0
2026-04-23T17:56:54.373640,97.0,56.53889846801758,400.0
2026-04-23T17:56:56.577296,98.2,56.43772506713867,400.0
2026-04-23T17:56:58.783163,97.8,56.488311767578125,400.0
2026-04-23T17:57:00.987743,97.9,56.38713836669922,400.0
2026-04-23T17:57:03.193851,95.4,56.488311767578125,400.0
2026-04-23T17:57:05.397683,97.9,56.38713836669922,400.0
2026-04-23T17:57:07.600491,84.9,56.53889846801758,400.0
2026-04-23T17:57:09.803937,97.7,56.589481353759766,400.0
2026-04-23T17:57:12.007081,97.3,56.589481353759766,400.0
2026-04-23T17:57:14.211565,96.6,56.741241455078125,400.0
2026-04-23T17:57:16.415792,97.7,56.69065475463867,400.0
2026-04-23T17:57:18.619951,96.9,56.741241455078125,400.0
2026-04-23T17:57:20.822500,98.2,56.53889846801758,400.0
2026-04-23T17:57:23.026110,94.0,56.84241485595703,400.0
2026-04-23T17:57:25.230108,97.5,56.893001556396484,400.0
2026-04-23T17:57:27.434004,96.3,56.741241455078125,400.0
2026-04-23T17:57:29.637854,97.1,56.94358825683594,400.0
2026-04-23T17:57:31.842436,98.2,56.94358825683594,400.0
2026-04-23T17:57:34.047533,93.1,56.994171142578125,400.0
2026-04-23T17:57:36.249784,96.6,56.994171142578125,400.0
2026-04-23T17:57:38.451723,97.6,57.04475784301758,400.0
2026-04-23T17:57:40.654767,97.3,57.19651794433594,400.0
2026-04-23T17:57:42.857771,97.6,57.24710464477539,400.0
2026-04-23T17:57:45.060542,98.0,57.297691345214844,400.0
2026-04-23T17:57:47.262865,98.0,57.3482780456543,400.0
2026-04-23T17:57:49.465796,89.1,57.398860931396484,400.0
2026-04-23T17:57:51.668422,97.9,57.398860931396484,400.0
2026-04-23T17:57:53.871019,93.9,57.44944763183594,400.0
2026-04-23T17:57:56.077752,95.2,57.50003433227539,400.0
2026-04-23T17:57:58.279743,96.3,57.6012077331543,400.0
2026-04-23T17:58:00.483050,97.9,57.752967834472656,400.0
2026-04-23T17:58:02.688647,98.0,57.550621032714844,400.0
2026-04-23T17:58:04.892491,97.9,57.65179443359375,400.0
2026-04-23T17:58:07.100447,98.0,57.7023811340332,400.0
2026-04-23T17:58:09.304884,97.3,57.803550720214844,400.0
2026-04-23T17:58:11.508633,97.8,57.803550720214844,400.0
2026-04-23T17:58:13.716074,96.3,57.803550720214844,400.0
2026-04-23T17:58:15.920383,95.1,57.8541374206543,400.0
2026-04-23T17:58:18.123593,96.8,57.90472412109375,400.0
2026-04-23T17:58:20.325719,97.0,57.752967834472656,400.0
2026-04-23T17:58:22.530409,97.3,57.752967834472656,400.0
2026-04-23T17:58:24.733042,96.4,57.8541374206543,400.0
2026-04-23T17:58:26.939202,97.8,58.005897521972656,400.0
2026-04-23T17:58:29.145137,89.9,57.90472412109375,400.0
2026-04-23T17:58:31.348604,97.8,57.8541374206543,400.0
2026-04-23T17:58:33.555810,94.2,57.803550720214844,400.0
2026-04-23T17:58:35.759380,93.2,57.90472412109375,400.0
2026-04-23T17:58:37.962851,98.2,57.803550720214844,400.0
2026-04-23T17:58:40.167299,97.3,57.752967834472656,400.0
2026-04-23T17:58:42.372456,97.7,57.3482780456543,400.0
2026-04-23T17:58:44.580084,81.3,57.44944763183594,400.0
2026-04-23T17:58:46.782939,97.5,57.50003433227539,400.0
2026-04-23T17:58:48.987292,97.3,57.44944763183594,400.0
2026-04-23T17:58:51.199705,97.7,57.50003433227539,400.0
2026-04-23T17:58:53.402684,97.9,57.398860931396484,400.0
2026-04-23T17:58:55.606528,94.2,57.398860931396484,400.0
2026-04-23T17:58:57.809418,98.2,57.398860931396484,400.0
2026-04-23T17:59:00.023261,97.5,57.398860931396484,400.0
2026-04-23T17:59:02.225388,91.2,57.24710464477539,400.0
2026-04-23T17:59:04.428479,97.3,57.145931243896484,400.0
2026-04-23T17:59:06.632457,97.5,57.19651794433594,400.0
2026-04-23T17:59:08.836450,97.5,57.145931243896484,400.0
2026-04-23T17:59:11.039816,97.8,57.19651794433594,400.0
2026-04-23T17:59:13.244177,98.1,57.19651794433594,400.0
2026-04-23T17:59:15.450583,91.9,56.994171142578125,400.0
2026-04-23T17:59:17.653866,97.9,56.893001556396484,400.0
2026-04-23T17:59:19.856843,97.5,56.94358825683594,400.0
2026-04-23T17:59:22.060227,98.2,56.84241485595703,400.0
2026-04-23T17:59:24.265568,97.1,56.741241455078125,400.0
2026-04-23T17:59:26.468070,93.2,56.741241455078125,400.0
2026-04-23T17:59:28.671335,97.7,56.79182815551758,400.0
2026-04-23T17:59:30.874376,96.5,56.79182815551758,400.0
2026-04-23T17:59:33.077358,98.0,56.79182815551758,400.0
2026-04-23T17:59:35.281266,89.2,56.64006805419922,400.0
2026-04-23T17:59:37.484756,94.2,56.64006805419922,400.0
2026-04-23T17:59:39.694916,96.5,56.64006805419922,400.0
2026-04-23T17:59:41.897164,97.5,56.64006805419922,400.0
2026-04-23T17:59:44.100162,98.2,56.64006805419922,400.0
2026-04-23T17:59:46.303778,91.0,56.64006805419922,400.0
2026-04-23T17:59:48.508563,97.5,56.69065475463867,400.0
2026-04-23T17:59:50.711761,97.2,56.589481353759766,400.0
2026-04-23T17:59:52.914073,95.2,56.488311767578125,400.0
2026-04-23T17:59:55.117406,97.3,56.488311767578125,400.0
2026-04-23T17:59:57.322759,94.3,56.43772506713867,400.0
2026-04-23T17:59:59.530653,97.2,56.488311767578125,400.0
2026-04-23T18:00:01.733749,97.3,56.53889846801758,400.0
2026-04-23T18:00:03.937090,97.5,56.488311767578125,400.0
2026-04-23T18:00:06.139583,97.9,56.336551666259766,400.0
2026-04-23T18:00:08.344740,97.0,56.488311767578125,400.0
2026-04-23T18:00:10.549351,98.0,56.38713836669922,400.0
2026-04-23T18:00:12.754920,97.6,56.28596496582031,400.0
2026-04-23T18:00:14.956778,96.7,56.23537826538086,400.0
2026-04-23T18:00:17.160670,96.5,56.184791564941406,400.0
2026-04-23T18:00:19.364069,97.8,56.23537826538086,400.0
2026-04-23T18:00:21.567432,97.1,56.23537826538086,400.0
2026-04-23T18:00:23.769058,97.6,56.28596496582031,400.0
2026-04-23T18:00:25.973494,98.0,56.38713836669922,400.0
2026-04-23T18:00:28.175921,97.7,56.28596496582031,400.0
2026-04-23T18:00:30.378422,95.3,56.28596496582031,400.0
2026-04-23T18:00:32.582609,92.0,56.43772506713867,400.0
2026-04-23T18:00:34.784462,97.0,56.53889846801758,400.0
2026-04-23T18:00:36.988603,95.9,56.589481353759766,400.0
2026-04-23T18:00:39.192260,98.1,56.64006805419922,400.0
2026-04-23T18:00:41.395426,96.7,56.741241455078125,400.0
2026-04-23T18:00:43.598451,97.5,56.79182815551758,400.0
2026-04-23T18:00:45.804001,97.2,56.69065475463867,400.0
2026-04-23T18:00:48.007105,90.1,56.84241485595703,400.0
2026-04-23T18:00:50.216035,95.1,56.893001556396484,400.0
2026-04-23T18:00:52.422571,96.2,56.94358825683594,400.0
2026-04-23T18:00:54.624241,97.4,56.94358825683594,400.0
2026-04-23T18:00:56.828823,97.5,56.994171142578125,400.0
2026-04-23T18:00:59.033699,98.1,56.84241485595703,400.0
2026-04-23T18:01:01.237978,98.0,57.04475784301758,400.0
2026-04-23T18:01:03.440481,94.5,56.994171142578125,400.0
2026-04-23T18:01:05.644594,98.1,56.94358825683594,400.0
2026-04-23T18:01:07.854145,94.9,57.09534454345703,400.0
2026-04-23T18:01:10.059412,97.8,57.145931243896484,400.0
2026-04-23T18:01:12.261583,96.9,57.19651794433594,400.0
2026-04-23T18:01:14.465003,88.9,57.145931243896484,400.0
2026-04-23T18:01:16.668869,98.2,57.04475784301758,400.0
2026-04-23T18:01:18.871935,93.7,57.19651794433594,400.0
2026-04-23T18:01:21.077359,98.2,57.145931243896484,400.0
2026-04-23T18:01:23.280519,97.7,57.297691345214844,400.0
2026-04-23T18:01:25.483462,97.8,57.3482780456543,400.0
2026-04-23T18:01:27.685101,96.4,57.3482780456543,400.0
2026-04-23T18:01:29.888900,97.7,57.50003433227539,400.0
2026-04-23T18:01:32.091166,98.2,57.398860931396484,400.0
2026-04-23T18:01:34.295206,93.2,57.398860931396484,400.0
2026-04-23T18:01:36.498524,97.5,57.50003433227539,400.0
2026-04-23T18:01:38.702455,96.3,57.50003433227539,400.0
2026-04-23T18:01:40.904949,97.7,57.6012077331543,400.0
2026-04-23T18:01:43.108836,98.2,57.398860931396484,400.0
2026-04-23T18:01:45.311396,93.9,57.44944763183594,400.0
2026-04-23T18:01:47.516929,98.1,57.6012077331543,400.0
2026-04-23T18:01:49.730633,97.4,57.550621032714844,400.0
2026-04-23T18:01:51.934253,97.3,57.65179443359375,400.0
2026-04-23T18:01:54.139931,97.9,57.6012077331543,400.0
2026-04-23T18:01:56.341439,89.2,57.50003433227539,400.0
2026-04-23T18:01:58.545052,96.9,57.550621032714844,400.0
2026-04-23T18:02:00.750886,97.8,57.6012077331543,400.0
2026-04-23T18:02:02.954395,97.6,57.65179443359375,400.0
2026-04-23T18:02:05.162106,89.2,57.65179443359375,400.0
2026-04-23T18:02:07.364065,97.8,57.65179443359375,400.0
2026-04-23T18:02:09.575993,92.0,57.65179443359375,400.0
2026-04-23T18:02:11.779653,97.3,57.7023811340332,400.0
2026-04-23T18:02:13.983210,97.0,57.50003433227539,400.0
2026-04-23T18:02:16.184839,97.5,57.50003433227539,400.0
2026-04-23T18:02:18.387361,96.6,57.50003433227539,400.0
2026-04-23T18:02:20.589828,97.8,57.44944763183594,400.0
2026-04-23T18:02:22.792203,98.0,57.398860931396484,400.0
2026-04-23T18:02:24.999423,90.1,57.24710464477539,400.0
2026-04-23T18:02:27.203267,98.1,57.297691345214844,400.0
2026-04-23T18:02:29.406173,95.2,57.297691345214844,400.0
2026-04-23T18:02:31.608200,93.7,57.19651794433594,400.0
2026-04-23T18:02:33.817039,96.7,57.09534454345703,400.0
2026-04-23T18:02:36.022135,97.9,56.994171142578125,400.0
2026-04-23T18:02:38.226199,95.7,56.893001556396484,400.0
2026-04-23T18:02:40.428928,97.7,56.84241485595703,400.0
2026-04-23T18:02:42.633351,94.6,56.893001556396484,400.0
2026-04-23T18:02:44.837981,95.8,56.741241455078125,400.0
2026-04-23T18:02:47.041627,97.7,56.741241455078125,400.0
2026-04-23T18:02:49.247864,98.2,56.741241455078125,400.0
2026-04-23T18:02:51.452003,98.1,56.69065475463867,400.0
2026-04-23T18:02:53.655689,94.8,56.64006805419922,400.0
2026-04-23T18:02:55.858809,95.4,56.53889846801758,400.0
2026-04-23T18:02:58.061707,97.8,56.64006805419922,400.0
2026-04-23T18:03:00.269005,98.1,56.53889846801758,400.0
2026-04-23T18:03:02.471853,97.7,56.43772506713867,400.0
2026-04-23T18:03:04.675304,97.4,56.38713836669922,400.0
2026-04-23T18:03:06.877937,97.8,56.28596496582031,400.0
2026-04-23T18:03:09.081661,97.4,56.28596496582031,400.0
2026-04-23T18:03:11.287688,98.0,56.23537826538086,400.0
2026-04-23T18:03:13.494075,95.7,56.184791564941406,400.0
2026-04-23T18:03:15.702665,97.0,56.23537826538086,400.0
2026-04-23T18:03:17.905011,97.6,56.083621978759766,400.0
2026-04-23T18:03:20.111780,96.4,56.083621978759766,400.0
2026-04-23T18:03:22.314757,98.2,55.98244857788086,400.0
2026-04-23T18:03:24.517693,97.4,55.931861877441406,400.0
2026-04-23T18:03:26.721663,98.0,55.98244857788086,400.0
2026-04-23T18:03:28.923687,97.3,55.88127517700195,400.0
2026-04-23T18:03:31.135590,94.4,55.88127517700195,400.0
2026-04-23T18:03:33.340592,97.5,55.8306884765625,400.0
2026-04-23T18:03:35.546206,96.9,55.8306884765625,400.0
2026-04-23T18:03:37.750551,93.2,55.8306884765625,400.0
2026-04-23T18:03:39.955854,96.6,55.78010559082031,400.0
2026-04-23T18:03:42.159289,96.8,55.931861877441406,400.0
2026-04-23T18:03:44.363184,97.8,55.88127517700195,400.0
2026-04-23T18:03:46.570880,96.7,56.083621978759766,400.0
2026-04-23T18:03:48.775084,94.6,56.083621978759766,400.0
2026-04-23T18:03:50.977712,96.9,56.13420867919922,400.0
2026-04-23T18:03:53.183663,97.3,56.28596496582031,400.0
2026-04-23T18:03:55.387525,96.6,56.28596496582031,400.0
2026-04-23T18:03:57.592604,97.0,56.38713836669922,400.0
2026-04-23T18:03:59.796134,97.9,56.43772506713867,400.0
2026-04-23T18:04:01.999826,93.2,56.43772506713867,400.0
2026-04-23T18:04:04.202735,98.2,56.43772506713867,400.0
2026-04-23T18:04:06.408755,97.6,56.53889846801758,400.0
2026-04-23T18:04:08.612010,93.4,56.64006805419922,400.0
2026-04-23T18:04:10.818092,97.5,56.69065475463867,400.0
2026-04-23T18:04:13.023818,98.1,56.79182815551758,400.0
2026-04-23T18:04:15.228345,96.8,56.741241455078125,400.0
2026-04-23T18:04:17.431836,98.1,56.84241485595703,400.0
2026-04-23T18:04:19.633771,93.3,56.893001556396484,400.0
2026-04-23T18:04:21.836733,97.8,57.04475784301758,400.0
2026-04-23T18:04:24.041046,97.8,57.04475784301758,400.0
2026-04-23T18:04:26.245317,97.8,57.19651794433594,400.0
2026-04-23T18:04:28.450157,93.2,57.24710464477539,400.0
2026-04-23T18:04:30.655476,97.1,57.3482780456543,400.0
2026-04-23T18:04:32.857904,91.3,57.50003433227539,400.0
2026-04-23T18:04:35.061037,97.5,57.44944763183594,400.0
2026-04-23T18:04:37.266565,96.9,57.50003433227539,400.0
2026-04-23T18:04:39.468328,97.9,57.50003433227539,400.0
2026-04-23T18:04:41.674762,97.7,57.6012077331543,400.0
2026-04-23T18:04:43.879066,98.0,57.65179443359375,400.0
2026-04-23T18:04:46.081234,96.3,57.550621032714844,400.0
2026-04-23T18:04:48.282944,92.3,57.398860931396484,400.0
2026-04-23T18:04:50.493936,97.9,57.550621032714844,400.0
2026-04-23T18:04:52.697952,88.7,57.550621032714844,400.0
2026-04-23T18:04:54.901260,97.4,57.550621032714844,400.0
2026-04-23T18:04:57.105409,97.2,57.550621032714844,400.0
2026-04-23T18:04:59.310232,97.3,57.6012077331543,400.0
2026-04-23T18:05:01.514066,98.2,57.6012077331543,400.0
2026-04-23T18:05:03.718335,96.8,57.550621032714844,400.0
2026-04-23T18:05:05.921969,91.7,57.50003433227539,400.0
2026-04-23T18:05:08.125809,95.8,57.44944763183594,400.0
2026-04-23T18:05:10.329597,97.9,57.50003433227539,400.0
2026-04-23T18:05:12.533773,97.8,57.297691345214844,400.0
2026-04-23T18:05:14.738494,87.7,57.50003433227539,400.0
2026-04-23T18:05:16.940703,98.0,57.398860931396484,400.0
2026-04-23T18:05:19.145889,93.4,57.398860931396484,400.0
2026-04-23T18:05:21.347713,98.0,57.3482780456543,400.0
2026-04-23T18:05:23.553592,96.1,57.3482780456543,400.0
2026-04-23T18:05:25.755828,91.1,57.398860931396484,400.0
2026-04-23T18:05:27.958828,93.4,57.297691345214844,400.0
2026-04-23T18:05:30.162264,93.3,57.24710464477539,400.0
2026-04-23T18:05:32.366263,97.3,57.297691345214844,400.0
2026-04-23T18:05:34.569985,96.4,57.297691345214844,400.0
2026-04-23T18:05:36.773516,97.0,57.297691345214844,400.0
2026-04-23T18:05:38.981337,88.4,57.09534454345703,400.0
2026-04-23T18:05:41.183819,92.5,57.09534454345703,400.0
2026-04-23T18:05:43.385919,97.0,57.04475784301758,400.0
2026-04-23T18:05:45.589076,94.4,56.94358825683594,400.0
2026-04-23T18:05:47.792496,96.9,56.994171142578125,400.0
2026-04-23T18:05:49.994837,97.3,56.94358825683594,400.0
2026-04-23T18:05:52.198749,97.4,56.94358825683594,400.0
2026-04-23T18:05:54.403208,97.7,56.994171142578125,400.0
2026-04-23T18:05:56.606033,96.5,56.893001556396484,400.0
2026-04-23T18:05:58.811469,97.7,56.84241485595703,400.0
2026-04-23T18:06:01.014617,96.8,56.893001556396484,400.0
2026-04-23T18:06:03.218906,97.9,56.69065475463867,400.0
2026-04-23T18:06:05.425516,90.4,56.69065475463867,400.0
2026-04-23T18:06:07.627538,96.8,56.69065475463867,400.0
2026-04-23T18:06:09.829725,90.2,56.69065475463867,400.0
2026-04-23T18:06:12.033347,97.9,56.53889846801758,400.0
2026-04-23T18:06:14.236947,97.9,56.53889846801758,400.0
2026-04-23T18:06:16.441685,95.0,56.488311767578125,400.0
2026-04-23T18:06:18.646390,96.9,56.488311767578125,400.0
2026-04-23T18:06:20.849341,93.4,56.488311767578125,400.0
2026-04-23T18:06:23.052056,96.9,56.53889846801758,400.0
2026-04-23T18:06:25.254120,95.2,56.38713836669922,400.0
2026-04-23T18:06:27.457226,97.1,56.336551666259766,400.0
2026-04-23T18:06:29.660571,89.7,56.28596496582031,400.0
2026-04-23T18:06:31.864455,90.7,56.38713836669922,400.0
2026-04-23T18:06:34.068305,97.7,56.336551666259766,400.0
2026-04-23T18:06:36.273291,97.6,56.28596496582031,400.0
2026-04-23T18:06:38.479301,97.5,56.28596496582031,400.0
2026-04-23T18:06:40.683862,92.0,56.23537826538086,400.0
2026-04-23T18:06:42.886726,98.2,56.23537826538086,400.0
2026-04-23T18:06:45.090787,97.9,56.28596496582031,400.0
2026-04-23T18:06:47.293197,93.6,56.184791564941406,400.0
2026-04-23T18:06:49.497162,96.9,56.13420867919922,400.0
2026-04-23T18:06:51.700388,91.8,56.13420867919922,400.0
2026-04-23T18:06:53.904162,97.6,56.13420867919922,400.0
2026-04-23T18:06:56.108528,96.9,56.083621978759766,400.0
2026-04-23T18:06:58.314199,94.0,56.083621978759766,400.0
2026-04-23T18:07:00.516377,96.7,56.03303527832031,400.0
2026-04-23T18:07:02.718180,97.9,56.03303527832031,400.0
2026-04-23T18:07:04.920699,95.1,56.13420867919922,400.0
2026-04-23T18:07:07.122873,92.9,56.03303527832031,400.0
2026-04-23T18:07:09.327255,96.9,56.083621978759766,400.0
2026-04-23T18:07:11.534054,96.8,56.03303527832031,400.0
2026-04-23T18:07:13.735903,97.3,56.083621978759766,400.0
2026-04-23T18:07:15.940074,96.4,56.03303527832031,400.0
2026-04-23T18:07:18.142239,94.5,56.13420867919922,400.0
2026-04-23T18:07:20.346372,97.9,55.931861877441406,400.0
2026-04-23T18:07:22.548602,94.3,56.083621978759766,400.0
2026-04-23T18:07:24.755858,98.1,56.03303527832031,400.0
2026-04-23T18:07:26.960160,96.6,56.083621978759766,400.0
2026-04-23T18:07:29.164165,98.1,56.13420867919922,400.0
2026-04-23T18:07:31.365968,90.6,56.13420867919922,400.0
2026-04-23T18:07:33.569212,97.8,56.13420867919922,400.0
2026-04-23T18:07:35.775804,97.4,56.23537826538086,400.0
2026-04-23T18:07:37.979662,89.5,56.336551666259766,400.0
2026-04-23T18:07:40.182702,98.2,56.38713836669922,400.0
2026-04-23T18:07:42.385611,96.6,56.38713836669922,400.0
2026-04-23T18:07:44.593811,96.6,56.38713836669922,400.0
2026-04-23T18:07:46.799587,96.0,56.38713836669922,400.0
2026-04-23T18:07:49.002585,93.5,56.488311767578125,400.0
2026-04-23T18:07:51.206409,98.1,56.53889846801758,400.0
2026-04-23T18:07:53.408213,97.7,56.64006805419922,400.0
2026-04-23T18:07:55.613345,97.2,56.64006805419922,400.0
2026-04-23T18:07:57.819350,91.5,56.53889846801758,400.0
2026-04-23T18:08:00.023176,94.7,56.64006805419922,400.0
2026-04-23T18:08:02.226383,94.9,56.589481353759766,400.0
2026-04-23T18:08:04.429918,98.1,56.741241455078125,400.0
2026-04-23T18:08:06.634052,97.3,56.79182815551758,400.0
2026-04-23T18:08:08.836619,98.1,56.84241485595703,400.0
2026-04-23T18:08:11.039765,95.4,56.64006805419922,400.0
2026-04-23T18:08:13.247412,93.9,56.79182815551758,400.0
2026-04-23T18:08:15.452538,97.3,56.84241485595703,400.0
2026-04-23T18:08:17.659250,97.3,56.79182815551758,400.0
2026-04-23T18:08:19.862853,97.5,56.94358825683594,400.0
2026-04-23T18:08:22.067209,97.0,56.994171142578125,400.0
2026-04-23T18:08:24.270167,97.1,56.94358825683594,400.0
2026-04-23T18:08:26.474497,98.1,57.04475784301758,400.0
2026-04-23T18:08:28.678020,94.6,56.994171142578125,400.0
2026-04-23T18:08:30.879726,98.1,56.994171142578125,400.0
2026-04-23T18:08:33.081335,94.8,57.145931243896484,400.0
2026-04-23T18:08:35.283212,97.9,57.04475784301758,400.0
2026-04-23T18:08:37.486661,95.1,57.09534454345703,400.0
2026-04-23T18:08:39.690576,97.5,57.09534454345703,400.0
2026-04-23T18:08:41.894728,91.6,57.19651794433594,400.0
2026-04-23T18:08:44.097626,97.5,57.145931243896484,400.0
2026-04-23T18:08:46.301762,97.6,57.24710464477539,400.0
2026-04-23T18:08:48.513621,94.5,57.19651794433594,400.0
2026-04-23T18:08:50.720797,98.1,57.297691345214844,400.0
2026-04-23T18:08:52.925590,93.3,57.19651794433594,400.0
2026-04-23T18:08:55.127936,93.7,57.19651794433594,400.0
2026-04-23T18:08:57.332578,98.1,57.19651794433594,400.0
2026-04-23T18:08:59.537590,97.2,57.3482780456543,400.0
2026-04-23T18:09:01.740279,98.2,57.297691345214844,400.0
2026-04-23T18:09:03.945066,93.1,57.24710464477539,400.0
2026-04-23T18:09:06.147645,97.6,57.398860931396484,400.0
2026-04-23T18:09:08.350903,97.4,57.297691345214844,400.0
2026-04-23T18:09:10.554561,96.9,57.297691345214844,400.0
2026-04-23T18:09:12.760050,98.1,57.3482780456543,400.0
2026-04-23T18:09:14.963857,97.3,57.44944763183594,400.0
2026-04-23T18:09:17.166164,93.1,57.44944763183594,400.0
2026-04-23T18:09:19.368558,96.4,57.398860931396484,400.0
2026-04-23T18:09:21.573027,98.2,57.6012077331543,400.0
2026-04-23T18:09:23.779810,97.7,57.398860931396484,400.0
2026-04-23T18:09:25.988207,98.0,57.50003433227539,400.0
2026-04-23T18:09:28.192885,97.3,57.550621032714844,400.0
2026-04-23T18:09:30.399219,98.0,57.65179443359375,400.0
2026-04-23T18:09:32.603101,98.1,57.752967834472656,400.0
2026-04-23T18:09:34.808001,96.5,57.752967834472656,400.0
2026-04-23T18:09:37.011498,98.2,57.803550720214844,400.0
2026-04-23T18:09:39.215780,95.3,57.803550720214844,400.0
2026-04-23T18:09:41.417735,97.7,57.803550720214844,400.0
2026-04-23T18:09:43.621917,97.6,57.8541374206543,400.0
2026-04-23T18:09:45.828291,92.5,57.9553108215332,400.0
2026-04-23T18:09:48.032657,97.3,58.005897521972656,400.0
2026-04-23T18:09:50.238103,93.1,58.10707092285156,400.0
2026-04-23T18:09:52.439787,97.8,58.10707092285156,400.0
2026-04-23T18:09:54.645023,96.7,58.05648422241211,400.0
2026-04-23T18:09:56.848227,97.9,58.005897521972656,400.0
2026-04-23T18:09:59.053055,97.3,58.005897521972656,400.0
2026-04-23T18:10:01.256703,93.2,57.90472412109375,400.0
2026-04-23T18:10:03.459629,98.0,57.8541374206543,400.0
2026-04-23T18:10:05.662113,95.7,57.803550720214844,400.0
2026-04-23T18:10:07.865004,97.3,57.65179443359375,400.0
2026-04-23T18:10:10.070953,92.8,57.550621032714844,400.0
2026-04-23T18:10:12.274289,97.7,57.7023811340332,400.0
2026-04-23T18:10:14.476609,94.6,57.50003433227539,400.0
2026-04-23T18:10:16.686121,98.0,57.550621032714844,400.0
2026-04-23T18:10:18.887982,96.7,57.398860931396484,400.0
2026-04-23T18:10:21.094959,91.1,57.398860931396484,400.0
2026-04-23T18:10:23.299171,97.3,57.3482780456543,400.0
2026-04-23T18:10:25.503146,98.0,57.3482780456543,400.0
2026-04-23T18:10:27.705481,96.1,57.24710464477539,400.0
2026-04-23T18:10:29.907531,97.9,57.19651794433594,400.0
2026-04-23T18:10:32.110650,94.9,57.04475784301758,400.0
2026-04-23T18:10:34.314022,97.4,56.94358825683594,400.0
2026-04-23T18:10:36.519356,97.6,56.994171142578125,400.0
2026-04-23T18:10:38.721473,92.9,56.84241485595703,400.0
2026-04-23T18:10:40.927458,96.0,56.84241485595703,400.0
2026-04-23T18:10:43.131292,97.6,56.79182815551758,400.0
2026-04-23T18:10:45.333774,96.3,56.741241455078125,400.0
2026-04-23T18:10:47.539413,97.4,56.69065475463867,400.0
2026-04-23T18:10:49.742807,97.0,56.64006805419922,400.0
2026-04-23T18:10:51.945078,87.8,56.589481353759766,400.0
2026-04-23T18:10:54.147769,98.0,56.53889846801758,400.0
2026-04-23T18:10:56.351603,90.3,56.53889846801758,400.0
2026-04-23T18:10:58.558686,96.8,56.53889846801758,400.0
2026-04-23T18:11:00.762307,98.1,56.43772506713867,400.0
2026-04-23T18:11:02.968532,98.2,56.43772506713867,400.0
2026-04-23T18:11:05.172695,97.8,56.38713836669922,400.0
2026-04-23T18:11:07.377004,93.6,56.336551666259766,400.0
2026-04-23T18:11:09.589568,97.5,56.336551666259766,400.0
2026-04-23T18:11:11.796330,93.7,56.184791564941406,400.0
2026-04-23T18:11:13.999878,97.7,56.184791564941406,400.0
2026-04-23T18:11:16.205117,96.8,56.184791564941406,400.0
2026-04-23T18:11:18.408190,91.3,55.98244857788086,400.0
2026-04-23T18:11:20.612955,94.9,56.03303527832031,400.0
2026-04-23T18:11:22.814856,98.0,56.03303527832031,400.0
2026-04-23T18:11:25.019188,97.9,55.931861877441406,400.0
2026-04-23T18:11:27.224480,94.9,56.083621978759766,400.0
2026-04-23T18:11:29.428134,97.9,55.98244857788086,400.0
2026-04-23T18:11:31.631605,96.1,56.083621978759766,400.0
2026-04-23T18:11:33.834842,96.2,56.03303527832031,400.0
2026-04-23T18:11:36.037832,97.8,55.98244857788086,400.0
2026-04-23T18:11:38.241865,98.2,55.98244857788086,400.0
2026-04-23T18:11:40.444563,89.6,55.88127517700195,400.0
2026-04-23T18:11:42.653678,97.7,55.88127517700195,400.0
2026-04-23T18:11:44.858140,97.9,55.88127517700195,400.0
2026-04-23T18:11:47.060603,97.5,55.8306884765625,400.0
2026-04-23T18:11:49.266967,97.2,55.8306884765625,400.0
2026-04-23T18:11:51.470958,97.3,55.78010559082031,400.0
2026-04-23T18:11:53.674049,97.9,55.78010559082031,400.0
2026-04-23T18:11:55.878315,98.0,55.72951889038086,400.0
2026-04-23T18:11:58.083428,95.7,55.8306884765625,400.0
2026-04-23T18:12:00.287999,95.2,55.72951889038086,400.0
2026-04-23T18:12:02.492217,94.2,55.88127517700195,400.0
2026-04-23T18:12:04.697794,94.7,55.88127517700195,400.0
2026-04-23T18:12:06.901523,97.2,55.88127517700195,400.0
2026-04-23T18:12:09.104458,97.7,55.88127517700195,400.0
2026-04-23T18:12:11.311611,97.1,55.72951889038086,400.0
2026-04-23T18:12:13.514286,91.7,55.78010559082031,400.0
2026-04-23T18:12:15.718776,97.7,55.678932189941406,400.0
2026-04-23T18:12:17.922833,95.4,55.62834548950195,400.0
2026-04-23T18:12:20.125022,96.5,55.8306884765625,400.0
2026-04-23T18:12:22.328295,95.8,55.72951889038086,400.0
2026-04-23T18:12:24.531562,97.5,55.72951889038086,400.0
2026-04-23T18:12:26.733721,97.5,55.678932189941406,400.0
2026-04-23T18:12:28.940506,91.5,55.62834548950195,400.0
2026-04-23T18:12:31.144104,98.0,55.72951889038086,400.0
2026-04-23T18:12:33.347568,89.0,55.678932189941406,400.0
2026-04-23T18:12:35.553018,96.8,55.78010559082031,400.0
2026-04-23T18:12:37.755443,97.7,55.931861877441406,400.0
2026-04-23T18:12:39.959103,95.7,55.98244857788086,400.0
2026-04-23T18:12:42.162092,97.8,55.98244857788086,400.0
2026-04-23T18:12:44.367106,92.1,55.98244857788086,400.0
2026-04-23T18:12:46.571382,97.4,56.13420867919922,400.0
2026-04-23T18:12:48.774503,92.8,56.13420867919922,400.0
2026-04-23T18:12:50.978484,97.7,56.23537826538086,400.0
2026-04-23T18:12:53.183788,95.7,56.336551666259766,400.0
2026-04-23T18:12:55.388748,97.6,56.38713836669922,400.0
2026-04-23T18:12:57.592506,97.7,56.28596496582031,400.0
2026-04-23T18:12:59.796901,91.3,56.53889846801758,400.0
2026-04-23T18:13:02.001456,98.2,56.43772506713867,400.0
2026-04-23T18:13:04.205776,85.4,56.488311767578125,400.0
2026-04-23T18:13:06.410145,98.0,56.589481353759766,400.0
2026-04-23T18:13:08.612679,97.3,56.741241455078125,400.0
2026-04-23T18:13:10.815858,97.6,56.84241485595703,400.0
2026-04-23T18:13:13.020080,97.4,56.79182815551758,400.0
2026-04-23T18:13:15.222576,98.2,56.79182815551758,400.0
2026-04-23T18:13:17.424711,97.7,56.79182815551758,400.0
2026-04-23T18:13:19.630691,90.0,56.84241485595703,400.0
2026-04-23T18:13:21.834377,97.8,56.94358825683594,400.0
2026-04-23T18:13:24.039438,97.8,56.893001556396484,400.0
2026-04-23T18:13:26.243200,97.8,57.04475784301758,400.0
2026-04-23T18:13:28.445104,97.0,56.994171142578125,400.0
2026-04-23T18:13:30.649187,98.1,57.24710464477539,400.0
2026-04-23T18:13:32.850902,97.3,57.19651794433594,400.0
2026-04-23T18:13:35.055250,97.1,57.145931243896484,400.0
2026-04-23T18:13:37.259494,97.0,57.44944763183594,400.0
2026-04-23T18:13:39.464741,93.9,57.398860931396484,400.0
2026-04-23T18:13:41.668240,98.0,57.3482780456543,400.0
2026-04-23T18:13:43.871348,97.5,57.44944763183594,400.0
2026-04-23T18:13:46.076054,97.9,57.550621032714844,400.0
2026-04-23T18:13:48.280205,97.6,57.50003433227539,400.0
2026-04-23T18:13:50.482261,97.4,57.550621032714844,400.0
2026-04-23T18:13:52.686194,91.7,57.6012077331543,400.0
2026-04-23T18:13:54.898540,96.7,57.65179443359375,400.0
2026-04-23T18:13:57.101057,98.1,57.6012077331543,400.0
2026-04-23T18:13:59.303879,94.7,57.752967834472656,400.0
2026-04-23T18:14:01.505658,97.5,57.7023811340332,400.0
2026-04-23T18:14:03.709569,92.4,57.803550720214844,400.0
2026-04-23T18:14:05.916152,94.8,57.752967834472656,400.0
2026-04-23T18:14:08.120160,97.8,57.8541374206543,400.0
2026-04-23T18:14:10.325101,96.2,57.90472412109375,400.0
2026-04-23T18:14:12.532041,97.6,57.9553108215332,400.0
2026-04-23T18:14:14.736560,97.1,57.9553108215332,400.0
2026-04-23T18:14:16.939755,93.5,58.005897521972656,400.0
2026-04-23T18:14:19.143378,97.4,57.65179443359375,400.0
2026-04-23T18:14:21.346225,98.0,57.7023811340332,400.0
2026-04-23T18:14:23.550125,97.6,57.9553108215332,400.0
2026-04-23T18:14:25.755826,95.1,57.9553108215332,400.0
2026-04-23T18:14:27.958614,95.6,57.9553108215332,400.0
2026-04-23T18:14:30.163935,97.9,57.803550720214844,400.0
2026-04-23T18:14:32.371158,98.0,57.8541374206543,400.0
2026-04-23T18:14:34.573794,97.6,57.8541374206543,400.0
2026-04-23T18:14:36.775363,92.2,57.8541374206543,400.0
2026-04-23T18:14:38.978844,97.2,57.90472412109375,400.0
2026-04-23T18:14:41.185204,96.2,57.65179443359375,400.0
2026-04-23T18:14:43.388197,97.8,57.803550720214844,400.0
2026-04-23T18:14:45.591995,96.9,57.803550720214844,400.0
2026-04-23T18:14:47.795709,98.2,57.8541374206543,400.0
2026-04-23T18:14:49.998053,97.3,57.90472412109375,400.0
2026-04-23T18:14:52.201405,95.7,57.8541374206543,400.0
2026-04-23T18:14:54.406346,97.6,57.803550720214844,400.0
2026-04-23T18:14:56.608934,95.7,57.752967834472656,400.0
2026-04-23T18:14:58.818362,97.6,57.752967834472656,400.0
2026-04-23T18:15:01.022255,96.6,57.65179443359375,400.0
2026-04-23T18:15:03.226804,97.8,57.65179443359375,400.0
2026-04-23T18:15:05.430195,93.3,57.6012077331543,400.0
2026-04-23T18:15:07.635156,93.3,57.44944763183594,400.0
2026-04-23T18:15:09.842331,97.1,57.44944763183594,400.0
2026-04-23T18:15:12.045812,96.7,57.398860931396484,400.0
2026-04-23T18:15:14.247622,97.8,57.297691345214844,400.0
2026-04-23T18:15:16.451820,97.6,57.24710464477539,400.0
2026-04-23T18:15:18.658703,91.2,57.24710464477539,400.0
2026-04-23T18:15:20.864295,98.1,56.994171142578125,400.0
2026-04-23T18:15:23.067590,92.3,57.04475784301758,400.0
2026-04-23T18:15:25.270888,97.8,56.994171142578125,400.0
2026-04-23T18:15:27.475660,95.7,56.994171142578125,400.0
2026-04-23T18:15:29.684200,98.0,56.994171142578125,400.0
2026-04-23T18:15:31.887680,98.1,57.09534454345703,400.0
2026-04-23T18:15:34.091800,95.3,56.893001556396484,400.0
2026-04-23T18:15:36.294321,98.0,56.94358825683594,400.0
2026-04-23T18:15:38.497791,91.5,56.893001556396484,400.0
2026-04-23T18:15:40.705004,97.1,56.893001556396484,400.0
2026-04-23T18:15:42.909753,96.7,56.94358825683594,400.0
2026-04-23T18:15:45.113591,97.3,56.84241485595703,400.0
2026-04-23T18:15:47.317414,97.8,56.741241455078125,400.0
2026-04-23T18:15:49.520262,97.5,56.79182815551758,400.0
2026-04-23T18:15:51.726242,96.9,56.589481353759766,400.0
2026-04-23T18:15:53.929793,93.7,56.741241455078125,400.0
2026-04-23T18:15:56.137865,98.1,56.64006805419922,400.0
2026-04-23T18:15:58.342171,95.3,56.53889846801758,400.0
2026-04-23T18:16:00.550124,98.0,56.53889846801758,400.0
2026-04-23T18:16:02.755661,94.3,56.53889846801758,400.0
2026-04-23T18:16:04.959228,93.6,56.43772506713867,400.0
2026-04-23T18:16:07.162541,98.0,56.43772506713867,400.0
2026-04-23T18:16:09.364826,97.1,56.53889846801758,400.0
2026-04-23T18:16:11.573878,97.9,56.488311767578125,400.0
2026-04-23T18:16:13.778324,95.9,56.38713836669922,400.0
2026-04-23T18:16:15.982772,92.9,56.28596496582031,400.0
2026-04-23T18:16:18.185504,98.0,56.28596496582031,400.0
2026-04-23T18:16:20.388303,93.5,56.23537826538086,400.0
2026-04-23T18:16:22.592051,95.9,56.336551666259766,400.0
2026-04-23T18:16:24.793889,97.7,56.28596496582031,400.0
2026-04-23T18:16:26.998221,97.6,56.23537826538086,400.0
2026-04-23T18:16:29.202660,96.8,56.184791564941406,400.0
2026-04-23T18:16:31.406585,98.1,56.184791564941406,400.0
2026-04-23T18:16:33.610250,96.1,56.13420867919922,400.0
2026-04-23T18:16:35.817917,98.1,56.23537826538086,400.0
2026-04-23T18:16:38.021003,97.5,56.083621978759766,400.0
2026-04-23T18:16:40.223205,98.2,56.13420867919922,400.0
2026-04-23T18:16:42.426350,98.2,56.083621978759766,400.0
2026-04-23T18:16:44.632027,91.0,56.03303527832031,400.0
2026-04-23T18:16:46.841463,97.1,55.98244857788086,400.0
2026-04-23T18:16:49.045230,97.3,56.03303527832031,400.0
2026-04-23T18:16:51.248613,96.7,56.03303527832031,400.0
2026-04-23T18:16:53.453041,97.5,55.88127517700195,400.0
2026-04-23T18:16:55.656998,94.3,55.88127517700195,400.0
2026-04-23T18:16:57.858911,98.2,55.78010559082031,400.0
2026-04-23T18:17:00.061947,91.8,55.78010559082031,400.0
2026-04-23T18:17:02.264012,96.6,55.78010559082031,400.0
2026-04-23T18:17:04.467689,97.8,55.78010559082031,400.0
2026-04-23T18:17:06.670451,97.8,55.78010559082031,400.0
2026-04-23T18:17:08.875812,97.9,55.62834548950195,400.0
2026-04-23T18:17:11.082799,95.0,55.72951889038086,400.0
2026-04-23T18:17:13.287091,97.8,55.62834548950195,400.0
2026-04-23T18:17:15.493478,94.5,55.62834548950195,400.0
2026-04-23T18:17:17.696410,98.0,55.62834548950195,400.0
2026-04-23T18:17:19.898413,97.0,55.678932189941406,400.0
2026-04-23T18:17:22.101925,91.8,55.62834548950195,400.0
2026-04-23T18:17:24.306150,97.0,55.678932189941406,400.0
2026-04-23T18:17:26.509076,94.8,55.78010559082031,400.0
2026-04-23T18:17:28.711451,97.8,55.8306884765625,400.0
2026-04-23T18:17:30.915285,96.6,55.78010559082031,400.0
2026-04-23T18:17:33.126384,97.5,55.931861877441406,400.0
2026-04-23T18:17:35.329396,97.6,55.88127517700195,400.0
2026-04-23T18:17:37.532674,96.4,55.931861877441406,400.0
2026-04-23T18:17:39.739802,97.4,56.03303527832031,400.0
2026-04-23T18:17:41.947428,91.2,55.931861877441406,400.0
2026-04-23T18:17:44.152251,96.9,55.931861877441406,400.0
2026-04-23T18:17:46.373761,93.6,56.03303527832031,400.0
2026-04-23T18:17:48.577995,96.9,56.13420867919922,400.0
2026-04-23T18:17:50.783141,96.1,56.083621978759766,400.0
2026-04-23T18:17:52.986294,97.1,56.13420867919922,400.0
2026-04-23T18:17:55.188718,97.9,56.184791564941406,400.0
2026-04-23T18:17:57.391934,97.5,56.184791564941406,400.0
2026-04-23T18:17:59.599139,98.1,56.23537826538086,400.0
2026-04-23T18:18:01.803229,98.2,56.336551666259766,400.0
2026-04-23T18:18:04.006431,97.8,56.38713836669922,400.0
2026-04-23T18:18:06.219003,96.8,56.43772506713867,400.0
2026-04-23T18:18:08.421179,98.2,56.43772506713867,400.0
2026-04-23T18:18:10.624253,95.6,56.38713836669922,400.0
2026-04-23T18:18:12.826652,97.7,56.53889846801758,400.0
2026-04-23T18:18:15.029685,98.2,56.38713836669922,400.0
2026-04-23T18:18:17.231814,92.5,56.589481353759766,400.0
2026-04-23T18:18:19.436176,97.6,56.336551666259766,400.0
2026-04-23T18:18:21.643244,89.4,56.488311767578125,400.0
2026-04-23T18:18:23.847158,97.1,56.53889846801758,400.0
2026-04-23T18:18:26.052369,97.0,56.589481353759766,400.0
2026-04-23T18:18:28.254279,97.6,56.64006805419922,400.0
2026-04-23T18:18:30.455994,98.1,56.69065475463867,400.0
2026-04-23T18:18:32.658058,95.4,56.64006805419922,400.0
2026-04-23T18:18:34.863088,97.2,56.64006805419922,400.0
2026-04-23T18:18:37.065807,92.0,56.64006805419922,400.0
2026-04-23T18:18:39.269610,98.2,56.84241485595703,400.0
2026-04-23T18:18:41.471767,96.9,56.79182815551758,400.0
2026-04-23T18:18:43.677032,91.3,56.79182815551758,400.0
2026-04-23T18:18:45.880617,97.5,56.69065475463867,400.0
2026-04-23T18:18:48.085219,97.4,56.64006805419922,400.0
2026-04-23T18:18:50.287458,92.2,56.79182815551758,400.0
2026-04-23T18:18:52.491627,95.0,56.84241485595703,400.0
2026-04-23T18:18:54.693379,97.3,56.893001556396484,400.0
2026-04-23T18:18:56.897058,96.8,56.84241485595703,400.0
2026-04-23T18:18:59.100350,94.8,56.94358825683594,400.0
2026-04-23T18:19:01.306641,97.5,56.84241485595703,400.0
2026-04-23T18:19:03.512088,97.2,56.893001556396484,400.0
2026-04-23T18:19:05.715929,97.9,56.893001556396484,400.0
2026-04-23T18:19:07.919786,96.9,56.994171142578125,400.0
2026-04-23T18:19:10.121523,97.6,56.893001556396484,400.0
2026-04-23T18:19:12.323771,89.8,56.994171142578125,400.0
2026-04-23T18:19:14.525564,97.1,56.94358825683594,400.0
2026-04-23T18:19:16.736480,87.9,56.94358825683594,400.0
2026-04-23T18:19:18.943932,97.7,56.994171142578125,400.0
2026-04-23T18:19:21.147038,98.1,57.04475784301758,400.0
2026-04-23T18:19:23.351133,94.9,56.94358825683594,400.0
2026-04-23T18:19:25.553610,92.1,57.04475784301758,400.0
2026-04-23T18:19:27.759448,92.7,56.94358825683594,400.0
2026-04-23T18:19:29.964647,97.5,57.09534454345703,400.0
2026-04-23T18:19:32.167357,97.9,57.24710464477539,400.0
2026-04-23T18:19:34.370933,98.1,57.145931243896484,400.0
2026-04-23T18:19:36.575425,98.2,57.04475784301758,400.0
2026-04-23T18:19:38.777566,97.5,57.04475784301758,400.0
2026-04-23T18:19:40.981761,92.9,56.994171142578125,400.0
2026-04-23T18:19:43.187110,96.3,57.04475784301758,400.0
2026-04-23T18:19:45.389842,98.1,57.04475784301758,400.0
2026-04-23T18:19:47.593402,98.1,56.994171142578125,400.0
2026-04-23T18:19:49.798914,98.1,56.994171142578125,400.0
2026-04-23T18:19:52.000728,94.8,56.893001556396484,400.0
2026-04-23T18:19:54.205685,91.4,56.94358825683594,400.0
2026-04-23T18:19:56.410196,98.2,56.994171142578125,400.0
2026-04-23T18:19:58.615736,97.7,56.994171142578125,400.0
2026-04-23T18:20:00.822478,97.3,57.04475784301758,400.0
2026-04-23T18:20:03.026729,96.4,57.04475784301758,400.0
2026-04-23T18:20:05.233011,98.2,57.04475784301758,400.0
2026-04-23T18:20:07.436006,98.2,57.04475784301758,400.0
2026-04-23T18:20:09.641006,90.5,57.09534454345703,400.0
2026-04-23T18:20:11.844987,97.8,57.19651794433594,400.0
2026-04-23T18:20:14.052649,97.0,57.19651794433594,400.0
2026-04-23T18:20:16.255188,98.1,57.24710464477539,400.0
2026-04-23T18:20:18.458507,96.8,57.09534454345703,400.0
2026-04-23T18:20:20.660851,98.0,57.24710464477539,400.0
2026-04-23T18:20:22.864307,97.1,57.19651794433594,400.0
2026-04-23T18:20:25.069107,98.1,57.297691345214844,400.0
2026-04-23T18:20:27.270881,97.9,57.3482780456543,400.0
2026-04-23T18:20:29.475632,94.6,57.3482780456543,400.0
2026-04-23T18:20:31.677636,98.1,57.297691345214844,400.0
2026-04-23T18:20:33.880215,96.0,57.24710464477539,400.0
2026-04-23T18:20:36.084186,98.1,57.24710464477539,400.0
2026-04-23T18:20:38.286216,98.0,57.19651794433594,400.0
2026-04-23T18:20:40.488084,98.0,57.19651794433594,400.0
2026-04-23T18:20:42.694022,97.9,57.04475784301758,400.0
2026-04-23T18:20:44.900918,92.4,57.04475784301758,400.0
2026-04-23T18:20:47.103770,97.9,57.04475784301758,400.0
2026-04-23T18:20:49.311979,96.5,56.94358825683594,400.0
2026-04-23T18:20:51.515527,97.9,56.94358825683594,400.0
2026-04-23T18:20:53.718062,97.8,56.84241485595703,400.0
2026-04-23T18:20:55.923711,97.8,56.94358825683594,400.0
2026-04-23T18:20:58.125342,97.2,56.994171142578125,400.0
2026-04-23T18:21:00.327881,92.1,56.893001556396484,400.0
2026-04-23T18:21:02.535581,97.1,56.79182815551758,400.0
2026-04-23T18:21:04.738870,97.8,56.69065475463867,400.0
2026-04-23T18:21:06.941252,94.3,56.69065475463867,400.0
2026-04-23T18:21:09.144858,97.9,56.741241455078125,400.0
2026-04-23T18:21:11.348356,93.3,56.53889846801758,400.0
2026-04-23T18:21:13.551828,97.4,56.53889846801758,400.0
2026-04-23T18:21:15.756608,97.1,56.589481353759766,400.0
2026-04-23T18:21:17.962947,97.4,56.488311767578125,400.0
2026-04-23T18:21:20.170764,89.8,56.43772506713867,400.0
2026-04-23T18:21:22.376570,97.4,56.38713836669922,400.0
2026-04-23T18:21:24.579164,97.6,56.38713836669922,400.0
2026-04-23T18:21:26.782718,95.2,56.28596496582031,400.0
2026-04-23T18:21:28.987031,97.1,56.28596496582031,400.0
2026-04-23T18:21:31.190668,98.1,56.23537826538086,400.0
2026-04-23T18:21:33.394024,97.0,56.184791564941406,400.0
2026-04-23T18:21:35.602069,96.5,56.13420867919922,400.0
2026-04-23T18:21:37.803702,98.2,56.083621978759766,400.0
2026-04-23T18:21:40.005461,97.2,56.03303527832031,400.0
2026-04-23T18:21:42.211565,92.8,56.03303527832031,400.0
2026-04-23T18:21:44.414272,97.9,55.8306884765625,400.0
2026-04-23T18:21:46.617968,90.4,55.931861877441406,400.0
2026-04-23T18:21:48.820474,98.1,55.88127517700195,400.0
2026-04-23T18:21:51.027845,91.0,55.78010559082031,400.0
2026-04-23T18:21:53.230823,97.4,55.8306884765625,400.0
2026-04-23T18:21:55.434862,97.9,55.72951889038086,400.0
2026-04-23T18:21:57.639632,97.4,55.78010559082031,400.0
2026-04-23T18:21:59.842732,98.0,55.88127517700195,400.0
2026-04-23T18:22:02.047751,97.7,55.78010559082031,400.0
2026-04-23T18:22:04.250895,91.9,55.678932189941406,400.0
2026-04-23T18:22:06.458696,93.7,55.72951889038086,400.0
2026-04-23T18:22:08.661779,96.5,55.72951889038086,400.0
2026-04-23T18:22:10.864554,98.1,55.72951889038086,400.0
2026-04-23T18:22:13.067950,97.7,55.78010559082031,400.0
2026-04-23T18:22:15.270772,97.7,55.78010559082031,400.0
2026-04-23T18:22:17.474539,92.8,55.72951889038086,400.0
2026-04-23T18:22:19.678453,97.4,55.678932189941406,400.0
2026-04-23T18:22:21.887930,92.7,55.678932189941406,400.0
2026-04-23T18:22:24.092991,96.5,55.62834548950195,400.0
2026-04-23T18:22:26.299739,96.7,55.62834548950195,400.0
2026-04-23T18:22:28.504153,97.8,55.62834548950195,400.0
2026-04-23T18:22:30.706611,97.6,55.62834548950195,400.0
2026-04-23T18:22:32.911278,93.4,55.62834548950195,400.0
2026-04-23T18:22:35.114144,97.2,55.62834548950195,400.0
2026-04-23T18:22:37.317062,92.2,55.72951889038086,400.0
2026-04-23T18:22:39.520731,95.5,55.72951889038086,400.0
2026-04-23T18:22:41.722737,97.7,55.678932189941406,400.0
2026-04-23T18:22:43.927172,83.7,55.62834548950195,400.0
2026-04-23T18:22:46.130620,97.7,55.5777587890625,400.0
2026-04-23T18:22:48.332558,97.6,55.678932189941406,400.0
2026-04-23T18:22:50.534629,98.1,55.78010559082031,400.0
2026-04-23T18:22:52.737949,94.4,55.8306884765625,400.0
2026-04-23T18:22:54.940333,97.3,55.931861877441406,400.0
2026-04-23T18:22:57.143293,96.6,55.88127517700195,400.0
2026-04-23T18:22:59.347223,91.1,55.931861877441406,400.0
2026-04-23T18:23:01.551349,98.2,55.72951889038086,400.0
2026-04-23T18:23:03.754953,83.5,55.88127517700195,400.0
2026-04-23T18:23:05.958179,98.1,55.88127517700195,400.0
2026-04-23T18:23:08.165768,92.6,56.083621978759766,400.0
2026-04-23T18:23:10.367725,97.4,56.13420867919922,400.0
2026-04-23T18:23:12.570255,96.5,56.184791564941406,400.0
2026-04-23T18:23:14.773766,94.2,56.28596496582031,400.0
2026-04-23T18:23:16.976598,97.4,56.184791564941406,400.0
2026-04-23T18:23:19.179097,97.9,56.23537826538086,400.0
2026-04-23T18:23:21.382498,97.6,56.488311767578125,400.0
2026-04-23T18:23:23.587334,97.2,56.38713836669922,400.0
2026-04-23T18:23:25.789117,97.0,56.43772506713867,400.0
2026-04-23T18:23:27.995316,89.2,56.488311767578125,400.0
2026-04-23T18:23:30.201011,97.3,56.53889846801758,400.0
2026-04-23T18:23:32.404510,98.0,56.589481353759766,400.0
2026-04-23T18:23:34.607660,91.6,56.69065475463867,400.0
2026-04-23T18:23:36.811531,97.7,56.69065475463867,400.0
2026-04-23T18:23:39.015153,97.5,56.741241455078125,400.0
2026-04-23T18:23:41.218370,93.0,56.79182815551758,400.0
2026-04-23T18:23:43.422453,96.6,56.84241485595703,400.0
2026-04-23T18:23:45.626473,97.8,56.893001556396484,400.0
2026-04-23T18:23:47.829068,97.9,56.994171142578125,400.0
2026-04-23T18:23:50.030910,97.9,57.09534454345703,400.0
2026-04-23T18:23:52.236649,97.2,57.04475784301758,400.0
2026-04-23T18:23:54.448279,95.2,57.19651794433594,400.0
2026-04-23T18:23:56.651424,98.1,57.145931243896484,400.0
2026-04-23T18:23:58.857918,97.5,57.24710464477539,400.0
2026-04-23T18:24:01.060678,96.9,57.297691345214844,400.0
2026-04-23T18:24:03.264138,97.4,57.19651794433594,400.0
2026-04-23T18:24:05.470267,93.6,57.297691345214844,400.0
2026-04-23T18:24:07.673808,98.1,57.19651794433594,400.0
2026-04-23T18:24:09.878360,96.1,57.297691345214844,400.0
2026-04-23T18:24:12.080275,98.0,57.3482780456543,400.0
2026-04-23T18:24:14.282281,94.1,57.3482780456543,400.0
2026-04-23T18:24:16.486275,94.6,57.3482780456543,400.0
2026-04-23T18:24:18.687977,97.3,57.3482780456543,400.0
2026-04-23T18:24:20.892058,96.3,57.44944763183594,400.0
2026-04-23T18:24:23.095726,97.7,57.44944763183594,400.0
2026-04-23T18:24:25.301150,94.7,57.44944763183594,400.0
2026-04-23T18:24:27.503456,94.0,57.44944763183594,400.0
2026-04-23T18:24:29.706440,96.6,57.550621032714844,400.0
2026-04-23T18:24:31.910173,96.6,57.550621032714844,400.0
2026-04-23T18:24:34.113552,97.4,57.65179443359375,400.0
2026-04-23T18:24:36.316947,97.2,57.752967834472656,400.0
2026-04-23T18:24:38.522640,97.1,57.803550720214844,400.0
2026-04-23T18:24:40.726448,91.6,57.803550720214844,400.0
2026-04-23T18:24:42.930327,97.6,57.8541374206543,400.0
2026-04-23T18:24:45.132961,93.2,57.9553108215332,400.0
2026-04-23T18:24:47.336610,97.8,57.9553108215332,400.0
2026-04-23T18:24:49.540731,96.4,57.9553108215332,400.0
2026-04-23T18:24:51.746075,95.1,57.803550720214844,400.0
2026-04-23T18:24:53.950514,98.2,57.752967834472656,400.0
2026-04-23T18:24:56.152890,92.1,57.803550720214844,400.0
2026-04-23T18:24:58.356002,97.2,57.7023811340332,400.0
2026-04-23T18:25:00.559412,96.4,57.65179443359375,400.0
2026-04-23T18:25:02.764834,96.8,57.65179443359375,400.0
2026-04-23T18:25:04.968420,97.4,57.65179443359375,400.0
2026-04-23T18:25:07.173982,97.7,57.65179443359375,400.0
2026-04-23T18:25:09.382794,90.7,57.550621032714844,400.0
2026-04-23T18:25:11.594417,92.8,57.550621032714844,400.0
2026-04-23T18:25:13.796886,96.0,57.50003433227539,400.0
2026-04-23T18:25:16.000614,98.0,57.50003433227539,400.0
2026-04-23T18:25:18.206396,96.3,57.50003433227539,400.0
2026-04-23T18:25:20.409627,97.8,57.297691345214844,400.0
2026-04-23T18:25:22.616857,88.5,57.145931243896484,400.0
2026-04-23T18:25:24.819461,97.7,57.04475784301758,400.0
2026-04-23T18:25:27.023066,90.8,57.09534454345703,400.0
2026-04-23T18:25:29.226096,93.5,57.04475784301758,400.0
2026-04-23T18:25:31.429759,94.8,56.94358825683594,400.0
2026-04-23T18:25:33.635372,97.3,56.994171142578125,400.0
2026-04-23T18:25:35.838947,97.8,56.94358825683594,400.0
2026-04-23T18:25:38.040860,96.7,56.84241485595703,400.0
2026-04-23T18:25:40.245187,98.2,56.69065475463867,400.0
2026-04-23T18:25:42.452288,92.7,56.79182815551758,400.0
2026-04-23T18:25:44.655022,97.5,56.64006805419922,400.0
2026-04-23T18:25:46.862219,88.1,56.69065475463867,400.0
2026-04-23T18:25:49.067049,97.7,56.589481353759766,400.0
2026-04-23T18:25:51.269480,97.6,56.589481353759766,400.0
2026-04-23T18:25:53.471935,90.2,56.488311767578125,400.0
2026-04-23T18:25:55.676139,98.2,56.53889846801758,400.0
2026-04-23T18:25:57.879071,95.0,56.38713836669922,400.0
2026-04-23T18:26:00.083617,97.7,56.488311767578125,400.0
2026-04-23T18:26:02.290891,95.8,56.488311767578125,400.0
2026-04-23T18:26:04.494291,97.5,56.488311767578125,400.0
2026-04-23T18:26:06.696438,92.4,56.336551666259766,400.0
2026-04-23T18:26:08.898710,94.7,56.38713836669922,400.0
2026-04-23T18:26:11.100516,98.1,56.336551666259766,400.0
2026-04-23T18:26:13.305520,97.7,56.38713836669922,400.0
2026-04-23T18:26:15.509011,97.9,56.336551666259766,400.0
2026-04-23T18:26:17.719495,96.0,56.28596496582031,400.0
2026-04-23T18:26:19.922664,96.4,56.38713836669922,400.0
2026-04-23T18:26:22.124301,98.2,56.184791564941406,400.0
2026-04-23T18:26:24.327564,91.1,56.184791564941406,400.0
2026-04-23T18:26:26.532011,97.3,56.23537826538086,400.0
2026-04-23T18:26:28.735990,96.6,56.23537826538086,400.0
2026-04-23T18:26:30.941175,97.8,56.184791564941406,400.0
2026-04-23T18:26:33.144349,98.2,56.03303527832031,400.0
2026-04-23T18:26:35.348710,97.5,56.083621978759766,400.0
2026-04-23T18:26:37.551607,96.3,56.083621978759766,400.0
2026-04-23T18:26:39.756138,97.5,56.083621978759766,400.0
2026-04-23T18:26:41.957862,96.2,56.13420867919922,400.0
2026-04-23T18:26:44.159974,98.0,55.88127517700195,400.0
2026-04-23T18:26:46.362843,97.8,55.98244857788086,400.0
2026-04-23T18:26:48.565005,90.5,55.931861877441406,400.0
2026-04-23T18:26:50.767747,97.4,55.98244857788086,400.0
2026-04-23T18:26:52.971302,97.6,55.98244857788086,400.0
2026-04-23T18:26:55.173868,98.1,55.931861877441406,400.0
2026-04-23T18:26:57.377041,97.5,55.931861877441406,400.0
2026-04-23T18:26:59.581569,92.8,55.98244857788086,400.0
2026-04-23T18:27:01.787452,97.6,55.88127517700195,400.0
2026-04-23T18:27:03.992452,96.2,55.88127517700195,400.0
2026-04-23T18:27:06.196270,98.2,55.931861877441406,400.0
2026-04-23T18:27:08.402140,92.0,55.98244857788086,400.0
2026-04-23T18:27:10.603814,97.9,55.931861877441406,400.0
2026-04-23T18:27:12.809579,94.6,55.88127517700195,400.0
2026-04-23T18:27:15.012571,89.1,55.678932189941406,400.0
2026-04-23T18:27:17.218055,97.8,55.78010559082031,400.0
2026-04-23T18:27:19.422228,98.1,55.8306884765625,400.0
2026-04-23T18:27:21.625685,97.2,55.88127517700195,400.0
2026-04-23T18:27:23.828784,95.1,55.8306884765625,400.0
2026-04-23T18:27:26.031642,98.0,55.72951889038086,400.0
2026-04-23T18:27:28.234448,97.9,55.678932189941406,400.0
2026-04-23T18:27:30.438946,97.9,55.678932189941406,400.0
2026-04-23T18:27:32.642752,98.1,55.62834548950195,400.0
2026-04-23T18:27:34.848138,91.4,55.62834548950195,400.0
2026-04-23T18:27:37.051383,96.9,55.8306884765625,400.0
2026-04-23T18:27:39.257554,97.6,55.8306884765625,400.0
2026-04-23T18:27:41.460541,97.8,55.88127517700195,400.0
2026-04-23T18:27:43.666746,98.0,55.78010559082031,400.0
2026-04-23T18:27:45.869202,98.0,55.931861877441406,400.0
2026-04-23T18:27:48.072356,97.3,55.931861877441406,400.0
2026-04-23T18:27:50.275588,95.4,55.931861877441406,400.0
2026-04-23T18:27:52.481507,93.6,55.931861877441406,400.0
2026-04-23T18:27:54.687835,92.9,55.98244857788086,400.0
2026-04-23T18:27:56.889803,98.0,55.98244857788086,400.0
2026-04-23T18:27:59.091832,97.8,56.03303527832031,400.0
2026-04-23T18:28:01.295459,97.0,55.98244857788086,400.0
2026-04-23T18:28:03.501006,97.5,55.98244857788086,400.0
2026-04-23T18:28:05.703306,94.7,56.184791564941406,400.0
2026-04-23T18:28:07.906186,98.0,56.28596496582031,400.0
2026-04-23T18:28:10.113290,96.0,56.336551666259766,400.0
2026-04-23T18:28:12.316833,98.2,56.43772506713867,400.0
2026-04-23T18:28:14.520375,96.9,56.53889846801758,400.0
2026-04-23T18:28:16.723312,97.0,56.53889846801758,400.0
2026-04-23T18:28:18.926357,97.6,56.589481353759766,400.0
2026-04-23T18:28:21.128573,97.4,56.69065475463867,400.0
2026-04-23T18:28:23.335107,98.1,56.53889846801758,400.0
2026-04-23T18:28:25.537882,96.1,56.69065475463867,400.0
2026-04-23T18:28:27.741893,98.1,56.84241485595703,400.0
2026-04-23T18:28:29.946994,97.4,56.79182815551758,400.0
2026-04-23T18:28:32.150862,96.1,56.893001556396484,400.0
2026-04-23T18:28:34.353521,97.9,56.893001556396484,400.0
2026-04-23T18:28:36.562054,98.0,56.94358825683594,400.0
2026-04-23T18:28:38.764739,97.2,56.94358825683594,400.0
2026-04-23T18:28:40.968998,95.5,56.994171142578125,400.0
2026-04-23T18:28:43.170643,97.2,57.145931243896484,400.0
2026-04-23T18:28:45.374583,97.9,56.94358825683594,400.0
2026-04-23T18:28:47.579656,97.1,57.09534454345703,400.0
2026-04-23T18:28:49.783022,97.7,57.145931243896484,400.0
2026-04-23T18:28:51.986099,90.1,57.09534454345703,400.0
2026-04-23T18:28:54.187732,97.2,57.24710464477539,400.0
2026-04-23T18:28:56.392142,98.1,57.297691345214844,400.0
2026-04-23T18:28:58.596584,94.2,57.297691345214844,400.0
2026-04-23T18:29:00.799105,96.7,57.297691345214844,400.0
2026-04-23T18:29:03.002681,97.3,57.398860931396484,400.0
2026-04-23T18:29:05.213035,97.8,57.50003433227539,400.0
2026-04-23T18:29:07.418137,97.8,57.50003433227539,400.0
2026-04-23T18:29:09.622314,97.7,57.398860931396484,400.0
2026-04-23T18:29:11.824306,89.2,57.44944763183594,400.0
2026-04-23T18:29:14.031247,95.5,57.50003433227539,400.0
2026-04-23T18:29:16.237787,97.8,57.44944763183594,400.0
2026-04-23T18:29:18.444111,95.9,57.50003433227539,400.0
2026-04-23T18:29:20.648235,93.6,57.550621032714844,400.0
2026-04-23T18:29:22.855049,98.0,57.550621032714844,400.0
2026-04-23T18:29:25.058468,98.0,57.50003433227539,400.0
2026-04-23T18:29:27.262234,93.7,57.6012077331543,400.0
2026-04-23T18:29:29.463890,97.7,57.50003433227539,400.0
2026-04-23T18:29:31.667668,92.6,57.550621032714844,400.0
2026-04-23T18:29:33.870846,98.1,57.65179443359375,400.0
2026-04-23T18:29:36.073482,97.9,57.550621032714844,400.0
2026-04-23T18:29:38.275161,97.9,57.65179443359375,400.0
2026-04-23T18:29:40.478402,97.6,57.50003433227539,400.0
2026-04-23T18:29:42.679913,93.8,57.44944763183594,400.0
2026-04-23T18:29:44.883221,97.6,57.50003433227539,400.0
2026-04-23T18:29:47.086521,95.2,57.550621032714844,400.0
2026-04-23T18:29:49.289274,97.4,57.50003433227539,400.0
2026-04-23T18:29:51.491107,93.0,57.44944763183594,400.0
2026-04-23T18:29:53.692760,97.1,57.6012077331543,400.0
2026-04-23T18:29:55.899256,97.9,57.50003433227539,400.0
2026-04-23T18:29:58.100946,89.2,57.550621032714844,400.0
2026-04-23T18:30:00.303718,97.5,57.550621032714844,400.0
2026-04-23T18:30:02.511249,96.9,57.50003433227539,400.0
2026-04-23T18:30:04.714435,97.8,57.50003433227539,400.0
2026-04-23T18:30:06.921517,96.8,57.3482780456543,400.0
2026-04-23T18:30:09.123270,98.0,57.44944763183594,400.0
2026-04-23T18:30:11.326145,97.5,57.3482780456543,400.0
2026-04-23T18:30:13.529072,94.9,57.297691345214844,400.0
2026-04-23T18:30:15.732471,97.5,57.145931243896484,400.0
2026-04-23T18:30:17.939225,96.6,57.19651794433594,400.0
2026-04-23T18:30:20.141006,93.0,57.04475784301758,400.0
2026-04-23T18:30:22.344157,97.3,56.994171142578125,400.0
2026-04-23T18:30:24.551368,95.7,56.994171142578125,400.0
2026-04-23T18:30:26.754577,97.8,56.94358825683594,400.0
2026-04-23T18:30:28.958043,96.5,56.94358825683594,400.0
2026-04-23T18:30:31.161872,97.5,56.893001556396484,400.0
2026-04-23T18:30:33.366002,96.7,56.84241485595703,400.0
2026-04-23T18:30:35.570854,97.0,56.893001556396484,400.0
2026-04-23T18:30:37.772688,95.9,56.84241485595703,400.0
2026-04-23T18:30:39.975795,92.2,56.64006805419922,400.0
2026-04-23T18:30:42.178952,97.4,56.69065475463867,400.0
2026-04-23T18:30:44.382799,97.6,56.64006805419922,400.0
2026-04-23T18:30:46.586118,97.7,56.64006805419922,400.0
2026-04-23T18:30:48.790822,96.5,56.589481353759766,400.0
2026-04-23T18:30:50.993969,97.9,56.64006805419922,400.0
2026-04-23T18:30:53.197456,89.5,56.488311767578125,400.0
2026-04-23T18:30:55.401435,97.8,56.53889846801758,400.0
2026-04-23T18:30:57.603864,97.8,56.589481353759766,400.0
2026-04-23T18:30:59.805473,97.6,56.53889846801758,400.0
2026-04-23T18:31:02.007642,97.1,56.488311767578125,400.0
2026-04-23T18:31:04.210029,96.2,56.43772506713867,400.0
2026-04-23T18:31:06.414788,93.8,56.488311767578125,400.0
2026-04-23T18:31:08.619855,96.3,56.38713836669922,400.0
2026-04-23T18:31:10.825564,98.2,56.38713836669922,400.0
2026-04-23T18:31:13.029009,96.8,56.28596496582031,400.0
2026-04-23T18:31:15.234291,98.1,56.28596496582031,400.0
2026-04-23T18:31:17.436134,95.0,56.13420867919922,400.0
2026-04-23T18:31:19.639480,96.5,56.28596496582031,400.0
2026-04-23T18:31:21.842649,97.3,56.336551666259766,400.0
2026-04-23T18:31:24.047298,88.8,56.23537826538086,400.0
2026-04-23T18:31:26.248962,97.6,56.28596496582031,400.0
2026-04-23T18:31:28.453186,97.9,56.23537826538086,400.0
2026-04-23T18:31:30.658740,97.9,56.23537826538086,400.0
2026-04-23T18:31:32.862234,97.5,56.03303527832031,400.0
2026-04-23T18:31:35.064784,91.5,56.13420867919922,400.0
2026-04-23T18:31:37.268096,97.4,56.13420867919922,400.0
2026-04-23T18:31:39.472708,97.8,56.23537826538086,400.0
2026-04-23T18:31:41.676414,97.5,56.23537826538086,400.0
2026-04-23T18:31:43.881109,95.6,56.184791564941406,400.0
2026-04-23T18:31:46.085871,94.8,56.23537826538086,400.0
2026-04-23T18:31:48.289452,98.2,56.083621978759766,400.0
2026-04-23T18:31:50.493943,91.8,56.336551666259766,400.0
2026-04-23T18:31:52.697728,98.0,56.23537826538086,400.0
2026-04-23T18:31:54.903018,89.9,56.336551666259766,400.0
2026-04-23T18:31:57.106804,97.5,56.488311767578125,400.0
2026-04-23T18:31:59.309907,98.0,56.43772506713867,400.0
2026-04-23T18:32:01.515791,98.2,56.53889846801758,400.0
2026-04-23T18:32:03.717995,97.7,56.589481353759766,400.0
2026-04-23T18:32:05.922372,95.0,56.589481353759766,400.0
2026-04-23T18:32:08.124563,97.8,56.69065475463867,400.0
2026-04-23T18:32:10.342270,97.3,56.741241455078125,400.0
2026-04-23T18:32:12.545843,98.2,56.79182815551758,400.0
2026-04-23T18:32:14.753115,96.6,56.79182815551758,400.0
2026-04-23T18:32:16.957348,97.9,56.79182815551758,400.0
2026-04-23T18:32:19.160169,95.8,56.84241485595703,400.0
2026-04-23T18:32:21.361766,93.3,56.84241485595703,400.0
2026-04-23T18:32:23.564436,98.1,56.893001556396484,400.0
2026-04-23T18:32:25.767852,96.7,56.94358825683594,400.0
2026-04-23T18:32:27.974242,93.7,57.04475784301758,400.0
2026-04-23T18:32:30.175945,97.5,56.94358825683594,400.0
2026-04-23T18:32:32.378889,97.5,56.893001556396484,400.0
2026-04-23T18:32:34.583179,97.7,56.94358825683594,400.0
2026-04-23T18:32:36.786376,97.9,56.893001556396484,400.0
2026-04-23T18:32:38.990956,97.6,57.09534454345703,400.0
2026-04-23T18:32:41.192811,91.3,57.09534454345703,400.0
2026-04-23T18:32:43.395288,98.0,56.994171142578125,400.0
2026-04-23T18:32:45.599239,97.1,57.09534454345703,400.0
2026-04-23T18:32:47.803896,97.6,57.145931243896484,400.0
2026-04-23T18:32:50.007135,90.0,57.145931243896484,400.0
2026-04-23T18:32:52.208924,90.2,57.19651794433594,400.0
2026-04-23T18:32:54.411877,97.7,57.24710464477539,400.0
2026-04-23T18:32:56.614683,97.7,57.297691345214844,400.0
2026-04-23T18:32:58.819097,95.2,57.24710464477539,400.0
2026-04-23T18:33:01.022549,98.2,57.3482780456543,400.0
2026-04-23T18:33:03.226371,97.9,57.44944763183594,400.0
2026-04-23T18:33:05.429880,98.0,57.50003433227539,400.0
2026-04-23T18:33:07.634578,95.8,57.3482780456543,400.0
2026-04-23T18:33:09.839552,97.0,57.50003433227539,400.0
2026-04-23T18:33:12.043164,96.7,57.398860931396484,400.0
2026-04-23T18:33:14.246554,94.6,57.6012077331543,400.0
2026-04-23T18:33:16.451994,98.2,57.550621032714844,400.0
2026-04-23T18:33:18.655786,97.6,57.550621032714844,400.0
2026-04-23T18:33:20.861849,97.9,57.550621032714844,400.0
2026-04-23T18:33:23.064989,97.1,57.7023811340332,400.0
2026-04-23T18:33:25.266720,97.6,57.7023811340332,400.0
2026-04-23T18:33:27.471675,95.4,57.65179443359375,400.0
2026-04-23T18:33:29.677839,97.9,57.752967834472656,400.0
2026-04-23T18:33:31.883892,96.5,57.65179443359375,400.0
2026-04-23T18:33:34.087934,97.0,57.7023811340332,400.0
2026-04-23T18:33:36.291180,98.1,57.803550720214844,400.0
2026-04-23T18:33:38.492883,95.9,57.752967834472656,400.0
2026-04-23T18:33:40.698205,97.3,57.8541374206543,400.0
2026-04-23T18:33:42.901979,89.6,57.65179443359375,400.0
2026-04-23T18:33:45.106968,98.0,57.50003433227539,400.0
2026-04-23T18:33:47.309068,97.0,57.50003433227539,400.0
2026-04-23T18:33:49.510734,98.1,57.398860931396484,400.0
2026-04-23T18:33:51.714733,98.1,57.50003433227539,400.0
2026-04-23T18:33:53.916521,98.1,57.44944763183594,400.0
2026-04-23T18:33:56.120176,97.1,57.3482780456543,400.0
2026-04-23T18:33:58.323378,90.6,57.3482780456543,400.0
2026-04-23T18:34:00.525398,97.4,57.3482780456543,400.0
2026-04-23T18:34:02.728372,98.2,57.297691345214844,400.0
2026-04-23T18:34:04.930544,92.8,57.297691345214844,400.0
2026-04-23T18:34:07.132697,97.5,57.24710464477539,400.0
2026-04-23T18:34:09.339023,97.9,57.19651794433594,400.0
2026-04-23T18:34:11.543143,95.5,57.09534454345703,400.0
2026-04-23T18:34:13.750446,95.6,57.04475784301758,400.0
2026-04-23T18:34:15.952378,97.9,57.145931243896484,400.0
2026-04-23T18:34:18.161032,96.6,56.94358825683594,400.0
2026-04-23T18:34:20.370314,97.5,56.893001556396484,400.0
2026-04-23T18:34:22.575187,97.8,56.79182815551758,400.0
2026-04-23T18:34:24.777349,92.3,56.79182815551758,400.0
2026-04-23T18:34:26.980246,97.6,56.79182815551758,400.0
2026-04-23T18:34:29.183066,95.8,56.79182815551758,400.0
2026-04-23T18:34:31.385245,93.9,56.69065475463867,400.0
2026-04-23T18:34:33.588996,97.9,56.64006805419922,400.0
2026-04-23T18:34:35.793624,98.2,56.589481353759766,400.0
2026-04-23T18:34:37.997013,97.1,56.589481353759766,400.0
2026-04-23T18:34:40.200258,97.0,56.53889846801758,400.0
2026-04-23T18:34:42.403934,98.1,56.488311767578125,400.0
2026-04-23T18:34:44.607778,94.9,56.53889846801758,400.0
2026-04-23T18:34:46.811370,97.7,56.43772506713867,400.0
2026-04-23T18:34:49.013890,94.4,56.28596496582031,400.0
2026-04-23T18:34:51.216181,95.8,56.28596496582031,400.0
2026-04-23T18:34:53.419404,97.2,56.38713836669922,400.0
2026-04-23T18:34:55.625544,96.8,56.38713836669922,400.0
2026-04-23T18:34:57.830832,97.9,56.23537826538086,400.0
2026-04-23T18:35:00.034859,94.6,56.23537826538086,400.0
2026-04-23T18:35:02.241342,97.6,56.23537826538086,400.0
2026-04-23T18:35:04.445427,95.9,56.23537826538086,400.0
2026-04-23T18:35:06.648339,97.4,56.13420867919922,400.0
2026-04-23T18:35:08.852186,97.9,56.13420867919922,400.0
2026-04-23T18:35:11.056712,95.6,56.083621978759766,400.0
2026-04-23T18:35:13.260909,97.7,56.03303527832031,400.0
2026-04-23T18:35:15.465376,96.2,56.083621978759766,400.0
2026-04-23T18:35:17.670084,98.1,56.083621978759766,400.0
2026-04-23T18:35:19.877274,97.9,55.88127517700195,400.0
2026-04-23T18:35:22.079949,93.6,55.88127517700195,400.0
2026-04-23T18:35:24.283970,97.4,55.88127517700195,400.0
2026-04-23T18:35:26.488412,95.0,55.8306884765625,400.0
2026-04-23T18:35:28.693806,97.5,55.678932189941406,400.0
2026-04-23T18:35:30.895935,97.8,55.72951889038086,400.0
2026-04-23T18:35:33.099149,96.8,55.72951889038086,400.0
2026-04-23T18:35:35.307434,89.6,55.62834548950195,400.0
2026-04-23T18:35:37.512902,97.7,55.678932189941406,400.0
2026-04-23T18:35:39.715390,97.8,55.678932189941406,400.0
2026-04-23T18:35:41.918293,92.8,55.5777587890625,400.0
2026-04-23T18:35:44.120862,95.5,55.62834548950195,400.0
2026-04-23T18:35:46.326407,97.3,55.37541580200195,400.0
2026-04-23T18:35:48.535488,91.9,55.42599868774414,400.0
2026-04-23T18:35:50.740170,96.6,55.52717208862305,400.0
2026-04-23T18:35:52.944030,97.2,55.42599868774414,400.0
2026-04-23T18:35:55.145875,96.4,55.42599868774414,400.0
2026-04-23T18:35:57.347590,97.9,55.476585388183594,400.0
2026-04-23T18:35:59.552009,98.0,55.42599868774414,400.0
2026-04-23T18:36:01.754829,92.3,55.5777587890625,400.0
2026-04-23T18:36:03.956466,97.2,55.72951889038086,400.0
2026-04-23T18:36:06.160277,89.2,55.678932189941406,400.0
2026-04-23T18:36:08.364583,97.7,55.78010559082031,400.0
2026-04-23T18:36:10.568775,97.7,55.8306884765625,400.0
2026-04-23T18:36:12.774661,96.6,55.88127517700195,400.0
2026-04-23T18:36:14.976278,97.4,55.88127517700195,400.0
2026-04-23T18:36:17.179674,91.1,55.98244857788086,400.0
2026-04-23T18:36:19.382660,97.6,56.083621978759766,400.0
2026-04-23T18:36:21.587158,95.0,56.083621978759766,400.0
2026-04-23T18:36:23.791430,97.7,56.184791564941406,400.0
2026-04-23T18:36:25.995718,89.4,56.184791564941406,400.0
2026-04-23T18:36:28.198919,98.2,56.336551666259766,400.0
2026-04-23T18:36:30.400863,94.5,56.23537826538086,400.0
2026-04-23T18:36:32.605350,97.4,56.336551666259766,400.0
2026-04-23T18:36:34.808363,96.5,56.336551666259766,400.0
2026-04-23T18:36:37.011909,97.8,56.43772506713867,400.0
2026-04-23T18:36:39.214439,93.2,56.488311767578125,400.0
2026-04-23T18:36:41.419155,96.3,56.488311767578125,400.0
2026-04-23T18:36:43.622088,95.8,56.69065475463867,400.0
2026-04-23T18:36:45.826106,98.2,56.69065475463867,400.0
2026-04-23T18:36:48.029200,97.1,56.79182815551758,400.0
2026-04-23T18:36:50.231846,97.5,56.741241455078125,400.0
2026-04-23T18:36:52.435911,90.7,56.79182815551758,400.0
2026-04-23T18:36:54.639427,97.0,56.79182815551758,400.0
2026-04-23T18:36:56.849918,97.1,56.84241485595703,400.0
2026-04-23T18:36:59.051709,97.3,56.94358825683594,400.0
2026-04-23T18:37:01.256993,97.9,57.145931243896484,400.0
2026-04-23T18:37:03.458641,97.6,57.04475784301758,400.0
2026-04-23T18:37:05.662043,98.0,56.94358825683594,400.0
2026-04-23T18:37:07.866193,96.3,57.09534454345703,400.0
2026-04-23T18:37:10.070813,97.8,57.09534454345703,400.0
2026-04-23T18:37:12.278237,96.4,57.09534454345703,400.0
2026-04-23T18:37:14.483877,97.8,57.145931243896484,400.0
2026-04-23T18:37:16.687089,97.8,57.24710464477539,400.0
2026-04-23T18:37:18.891149,97.8,57.24710464477539,400.0
2026-04-23T18:37:21.094482,98.0,57.3482780456543,400.0
2026-04-23T18:37:23.297831,92.3,57.24710464477539,400.0
2026-04-23T18:37:25.500098,97.6,57.24710464477539,400.0
2026-04-23T18:37:27.706562,97.5,57.3482780456543,400.0
2026-04-23T18:37:29.910490,97.4,57.50003433227539,400.0
2026-04-23T18:37:32.117035,91.0,57.398860931396484,400.0
2026-04-23T18:37:34.320468,96.0,57.297691345214844,400.0
2026-04-23T18:37:36.524213,97.8,57.398860931396484,400.0
2026-04-23T18:37:38.728278,96.0,57.44944763183594,400.0
2026-04-23T18:37:40.931667,98.0,57.398860931396484,400.0
2026-04-23T18:37:43.136137,93.4,57.44944763183594,400.0
2026-04-23T18:37:45.339880,97.8,57.550621032714844,400.0
2026-04-23T18:37:47.543646,90.8,57.3482780456543,400.0
2026-04-23T18:37:49.751473,98.2,57.44944763183594,400.0
2026-04-23T18:37:51.954841,97.0,57.44944763183594,400.0
2026-04-23T18:37:54.157918,97.4,57.50003433227539,400.0
2026-04-23T18:37:56.360997,97.9,57.65179443359375,400.0
2026-04-23T18:37:58.564089,94.8,57.6012077331543,400.0
2026-04-23T18:38:00.766772,95.5,57.6012077331543,400.0
2026-04-23T18:38:02.971827,97.6,57.7023811340332,400.0
2026-04-23T18:38:05.175096,93.3,57.65179443359375,400.0
2026-04-23T18:38:07.379017,93.5,57.752967834472656,400.0
2026-04-23T18:38:09.582878,97.0,57.803550720214844,400.0
2026-04-23T18:38:11.786987,97.9,57.7023811340332,400.0
2026-04-23T18:38:13.993113,97.5,57.8541374206543,400.0
2026-04-23T18:38:16.196798,97.9,57.803550720214844,400.0
2026-04-23T18:38:18.400282,97.5,57.752967834472656,400.0
2026-04-23T18:38:20.604155,83.9,57.65179443359375,400.0
2026-04-23T18:38:22.808329,97.9,57.7023811340332,400.0
2026-04-23T18:38:25.011366,93.8,57.65179443359375,400.0
2026-04-23T18:38:27.214399,96.6,57.7023811340332,400.0
2026-04-23T18:38:29.421036,95.3,57.752967834472656,400.0
2026-04-23T18:38:31.626187,97.5,57.90472412109375,400.0
2026-04-23T18:38:33.828026,97.9,57.752967834472656,400.0
2026-04-23T18:38:36.030837,97.4,57.752967834472656,400.0
2026-04-23T18:38:38.238093,97.9,57.6012077331543,400.0
2026-04-23T18:38:40.443093,93.1,57.65179443359375,400.0
2026-04-23T18:38:42.646437,97.0,57.6012077331543,400.0
2026-04-23T18:38:44.852526,90.9,57.550621032714844,400.0
2026-04-23T18:38:47.060332,97.5,57.550621032714844,400.0
2026-04-23T18:38:49.267700,93.3,57.3482780456543,400.0
2026-04-23T18:38:51.470294,96.9,57.44944763183594,400.0
2026-04-23T18:38:53.675601,97.5,57.398860931396484,400.0
2026-04-23T18:38:55.877324,95.6,57.297691345214844,400.0
2026-04-23T18:38:58.083598,98.2,57.24710464477539,400.0
2026-04-23T18:39:00.290246,92.4,57.19651794433594,400.0
2026-04-23T18:39:02.492128,97.7,57.297691345214844,400.0
2026-04-23T18:39:04.702160,97.0,57.19651794433594,400.0
2026-04-23T18:39:06.907205,97.7,57.09534454345703,400.0
2026-04-23T18:39:09.112493,98.2,56.94358825683594,400.0
2026-04-23T18:39:11.315593,96.6,57.09534454345703,400.0
2026-04-23T18:39:13.520745,98.2,57.04475784301758,400.0
2026-04-23T18:39:15.724558,90.5,56.94358825683594,400.0
2026-04-23T18:39:17.929190,97.8,56.994171142578125,400.0
2026-04-23T18:39:20.131182,97.8,56.94358825683594,400.0
2026-04-23T18:39:22.333347,97.3,56.741241455078125,400.0
2026-04-23T18:39:24.537109,97.2,56.69065475463867,400.0
2026-04-23T18:39:26.739096,93.8,56.53889846801758,400.0
2026-04-23T18:39:28.941927,98.1,56.64006805419922,400.0
2026-04-23T18:39:31.147747,97.0,56.589481353759766,400.0
2026-04-23T18:39:33.353007,97.9,56.64006805419922,400.0
2026-04-23T18:39:35.554813,96.3,56.589481353759766,400.0
2026-04-23T18:39:37.763264,97.7,56.488311767578125,400.0
2026-04-23T18:39:39.966975,96.8,56.43772506713867,400.0
2026-04-23T18:39:42.169037,93.0,56.53889846801758,400.0
2026-04-23T18:39:44.372510,97.6,56.488311767578125,400.0
2026-04-23T18:39:46.576452,96.1,56.53889846801758,400.0
2026-04-23T18:39:48.779235,93.2,56.53889846801758,400.0
2026-04-23T18:39:50.982440,97.0,56.43772506713867,400.0
2026-04-23T18:39:53.186352,97.9,56.53889846801758,400.0
2026-04-23T18:39:55.389665,97.9,56.488311767578125,400.0
2026-04-23T18:39:57.594678,96.8,56.64006805419922,400.0
2026-04-23T18:39:59.799093,97.8,56.741241455078125,400.0
2026-04-23T18:40:02.016134,93.6,56.84241485595703,400.0
2026-04-23T18:40:04.221007,97.9,56.79182815551758,400.0
2026-04-23T18:40:06.424604,91.4,56.79182815551758,400.0
2026-04-23T18:40:08.626965,97.4,56.84241485595703,400.0
2026-04-23T18:40:10.831400,97.6,56.94358825683594,400.0
2026-04-23T18:40:13.036702,97.7,56.94358825683594,400.0
2026-04-23T18:40:15.240539,98.1,56.994171142578125,400.0
2026-04-23T18:40:17.445579,95.4,56.994171142578125,400.0
2026-04-23T18:40:19.647746,97.7,56.94358825683594,400.0
2026-04-23T18:40:21.855991,92.4,56.994171142578125,400.0
2026-04-23T18:40:24.058204,97.8,57.145931243896484,400.0
2026-04-23T18:40:26.262568,98.0,57.09534454345703,400.0
2026-04-23T18:40:28.472937,93.3,57.145931243896484,400.0
2026-04-23T18:40:30.676100,97.2,57.145931243896484,400.0
2026-04-23T18:40:32.880337,95.6,57.297691345214844,400.0
2026-04-23T18:40:35.082131,97.3,57.3482780456543,400.0
2026-04-23T18:40:37.284690,97.7,57.3482780456543,400.0
2026-04-23T18:40:39.487688,97.5,57.297691345214844,400.0
2026-04-23T18:40:41.690932,96.9,57.3482780456543,400.0
2026-04-23T18:40:43.894618,97.2,57.3482780456543,400.0
2026-04-23T18:40:46.096707,96.5,57.3482780456543,400.0
2026-04-23T18:40:48.298619,95.6,57.3482780456543,400.0
2026-04-23T18:40:50.501692,97.0,57.398860931396484,400.0
2026-04-23T18:40:52.706220,92.6,57.6012077331543,400.0
2026-04-23T18:40:54.907903,98.0,57.550621032714844,400.0
2026-04-23T18:40:57.111582,97.2,57.550621032714844,400.0
2026-04-23T18:40:59.314498,95.3,57.65179443359375,400.0
2026-04-23T18:41:01.518190,96.8,57.752967834472656,400.0
2026-04-23T18:41:03.720450,97.2,57.7023811340332,400.0
2026-04-23T18:41:05.924090,97.6,57.398860931396484,400.0
2026-04-23T18:41:08.130132,88.2,57.803550720214844,400.0
2026-04-23T18:41:10.335385,97.9,57.752967834472656,400.0
2026-04-23T18:41:12.539999,96.4,57.752967834472656,400.0
2026-04-23T18:41:14.747682,92.2,57.8541374206543,400.0
2026-04-23T18:41:16.952152,97.4,57.8541374206543,400.0
2026-04-23T18:41:19.156815,98.0,57.90472412109375,400.0
2026-04-23T18:41:21.359338,98.1,57.6012077331543,400.0
2026-04-23T18:41:23.566483,92.6,57.90472412109375,400.0
2026-04-23T18:41:25.769144,91.4,57.90472412109375,400.0
2026-04-23T18:41:27.972482,96.9,57.8541374206543,400.0
2026-04-23T18:41:30.175965,97.6,57.90472412109375,400.0
2026-04-23T18:41:32.379798,98.1,57.90472412109375,400.0
2026-04-23T18:41:34.584517,98.2,57.90472412109375,400.0
2026-04-23T18:41:36.787356,97.0,57.9553108215332,400.0
2026-04-23T18:41:38.992710,91.5,57.803550720214844,400.0
2026-04-23T18:41:41.195578,97.3,57.803550720214844,400.0
2026-04-23T18:41:43.400874,96.7,57.65179443359375,400.0
2026-04-23T18:41:45.602900,98.2,57.65179443359375,400.0
2026-04-23T18:41:47.806168,96.2,57.6012077331543,400.0
2026-04-23T18:41:50.009755,97.1,57.44944763183594,400.0
2026-04-23T18:41:52.213782,98.1,57.398860931396484,400.0
2026-04-23T18:41:54.417515,91.3,57.3482780456543,400.0
2026-04-23T18:41:56.621972,97.6,57.398860931396484,400.0
2026-04-23T18:41:58.826439,96.6,57.3482780456543,400.0
2026-04-23T18:42:01.031480,97.9,57.297691345214844,400.0
2026-04-23T18:42:03.238211,97.9,57.09534454345703,400.0
2026-04-23T18:42:05.441314,97.1,57.09534454345703,400.0
2026-04-23T18:42:07.644671,94.5,56.94358825683594,400.0
2026-04-23T18:42:09.853697,96.1,56.94358825683594,400.0
2026-04-23T18:42:12.057009,98.0,56.94358825683594,400.0
2026-04-23T18:42:14.260173,96.5,56.94358825683594,400.0
2026-04-23T18:42:16.462042,97.5,56.741241455078125,400.0
2026-04-23T18:42:18.668164,92.6,56.64006805419922,400.0
2026-04-23T18:42:20.872892,92.0,56.69065475463867,400.0
2026-04-23T18:42:23.078344,97.6,56.64006805419922,400.0
2026-04-23T18:42:25.281501,95.7,56.64006805419922,400.0
2026-04-23T18:42:27.483289,97.3,56.589481353759766,400.0
2026-04-23T18:42:29.687986,95.5,56.589481353759766,400.0
2026-04-23T18:42:31.890431,92.9,56.488311767578125,400.0
2026-04-23T18:42:34.095931,98.0,56.43772506713867,400.0
2026-04-23T18:42:36.298038,92.6,56.336551666259766,400.0
2026-04-23T18:42:38.501641,97.7,56.38713836669922,400.0
2026-04-23T18:42:40.704567,96.6,56.336551666259766,400.0
2026-04-23T18:42:42.909562,96.4,56.28596496582031,400.0
2026-04-23T18:42:45.114054,97.7,56.184791564941406,400.0
2026-04-23T18:42:47.317866,98.2,56.23537826538086,400.0
2026-04-23T18:42:49.520906,95.8,56.083621978759766,400.0
2026-04-23T18:42:51.723938,97.7,56.03303527832031,400.0
2026-04-23T18:42:53.927779,97.6,56.083621978759766,400.0
2026-04-23T18:42:56.130789,95.7,56.13420867919922,400.0
2026-04-23T18:42:58.332598,96.7,56.13420867919922,400.0
2026-04-23T18:43:00.534782,87.8,56.083621978759766,400.0
2026-04-23T18:43:02.737659,97.9,56.13420867919922,400.0
2026-04-23T18:43:04.940927,97.7,56.13420867919922,400.0
2026-04-23T18:43:07.144025,97.9,55.98244857788086,400.0
2026-04-23T18:43:09.346264,97.9,56.13420867919922,400.0
2026-04-23T18:43:11.551022,97.9,56.03303527832031,400.0
2026-04-23T18:43:13.753272,97.6,55.931861877441406,400.0
2026-04-23T18:43:15.958358,92.6,56.03303527832031,400.0
2026-04-23T18:43:18.160412,98.0,56.03303527832031,400.0
2026-04-23T18:43:20.364178,97.5,55.98244857788086,400.0
2026-04-23T18:43:22.566384,97.5,56.083621978759766,400.0
2026-04-23T18:43:24.768430,96.7,56.03303527832031,400.0
2026-04-23T18:43:26.971279,98.0,56.03303527832031,400.0
2026-04-23T18:43:29.177864,96.4,55.931861877441406,400.0
2026-04-23T18:43:31.390381,90.8,56.03303527832031,400.0
2026-04-23T18:43:33.593812,97.1,56.083621978759766,400.0
2026-04-23T18:43:35.798404,96.1,55.98244857788086,400.0
2026-04-23T18:43:38.001353,97.9,56.03303527832031,400.0
2026-04-23T18:43:40.205394,97.8,56.083621978759766,400.0
2026-04-23T18:43:42.409327,97.0,55.98244857788086,400.0
2026-04-23T18:43:44.612916,96.7,55.931861877441406,400.0
2026-04-23T18:43:46.821481,87.0,55.931861877441406,400.0
2026-04-23T18:43:49.024090,97.0,55.88127517700195,400.0
2026-04-23T18:43:51.226233,97.3,55.88127517700195,400.0
2026-04-23T18:43:53.430551,98.2,55.8306884765625,400.0
2026-04-23T18:43:55.633930,98.1,55.8306884765625,400.0
2026-04-23T18:43:57.837594,97.6,55.678932189941406,400.0
2026-04-23T18:44:00.042592,91.0,55.931861877441406,400.0
2026-04-23T18:44:02.244940,92.6,55.8306884765625,400.0
2026-04-23T18:44:04.447977,98.2,55.78010559082031,400.0
2026-04-23T18:44:06.652024,96.4,55.78010559082031,400.0
2026-04-23T18:44:08.857508,97.4,55.78010559082031,400.0
2026-04-23T18:44:11.061814,97.2,55.78010559082031,400.0
2026-04-23T18:44:13.265017,92.4,55.72951889038086,400.0
2026-04-23T18:44:15.467763,96.2,55.72951889038086,400.0
2026-04-23T18:44:17.673045,91.5,55.78010559082031,400.0
2026-04-23T18:44:19.876326,97.4,55.678932189941406,400.0
2026-04-23T18:44:22.081350,96.7,55.678932189941406,400.0
2026-04-23T18:44:24.284356,97.2,55.72951889038086,400.0
2026-04-23T18:44:26.487103,97.7,55.62834548950195,400.0
2026-04-23T18:44:28.693400,94.2,55.62834548950195,400.0
2026-04-23T18:44:30.895855,95.5,55.62834548950195,400.0
2026-04-23T18:44:33.101104,97.4,55.78010559082031,400.0
2026-04-23T18:44:35.303203,92.7,55.72951889038086,400.0
2026-04-23T18:44:37.509238,96.9,55.8306884765625,400.0
2026-04-23T18:44:39.712871,97.9,55.88127517700195,400.0
2026-04-23T18:44:41.915730,93.1,55.931861877441406,400.0
2026-04-23T18:44:44.120073,97.6,55.98244857788086,400.0
2026-04-23T18:44:46.323482,94.5,56.03303527832031,400.0
2026-04-23T18:44:48.526184,96.6,55.98244857788086,400.0
2026-04-23T18:44:50.732923,97.6,56.184791564941406,400.0
2026-04-23T18:44:52.938026,90.4,56.13420867919922,400.0
2026-04-23T18:44:55.139634,97.4,56.184791564941406,400.0
2026-04-23T18:44:57.343096,98.2,56.13420867919922,400.0
2026-04-23T18:44:59.546592,97.8,56.23537826538086,400.0
2026-04-23T18:45:01.751177,97.8,56.184791564941406,400.0
2026-04-23T18:45:03.956346,93.2,56.336551666259766,400.0
2026-04-23T18:45:06.158169,97.7,56.43772506713867,400.0
2026-04-23T18:45:08.361677,96.3,56.53889846801758,400.0
2026-04-23T18:45:10.564620,97.9,56.589481353759766,400.0
2026-04-23T18:45:12.771185,95.4,56.43772506713867,400.0
2026-04-23T18:45:14.977552,94.9,56.589481353759766,400.0
2026-04-23T18:45:17.180433,97.1,56.53889846801758,400.0
2026-04-23T18:45:19.384063,92.7,56.69065475463867,400.0
2026-04-23T18:45:21.586960,97.5,56.69065475463867,400.0
2026-04-23T18:45:23.796944,95.3,56.79182815551758,400.0
2026-04-23T18:45:25.999291,97.4,56.69065475463867,400.0
2026-04-23T18:45:28.202174,93.5,56.741241455078125,400.0
2026-04-23T18:45:30.403963,95.9,56.741241455078125,400.0
2026-04-23T18:45:32.608722,97.8,56.741241455078125,400.0
2026-04-23T18:45:34.813775,97.9,56.893001556396484,400.0
2026-04-23T18:45:37.017342,97.9,56.84241485595703,400.0
2026-04-23T18:45:39.221567,96.5,56.994171142578125,400.0
2026-04-23T18:45:41.423549,96.4,56.94358825683594,400.0
2026-04-23T18:45:43.627072,97.8,56.94358825683594,400.0
2026-04-23T18:45:45.833433,97.5,57.04475784301758,400.0
2026-04-23T18:45:48.036541,97.4,57.09534454345703,400.0
2026-04-23T18:45:50.239334,97.9,57.04475784301758,400.0
2026-04-23T18:45:52.441197,97.8,57.145931243896484,400.0
2026-04-23T18:45:54.647189,96.0,57.145931243896484,400.0
2026-04-23T18:45:56.851554,98.0,57.24710464477539,400.0
2026-04-23T18:45:59.054003,97.3,57.24710464477539,400.0
2026-04-23T18:46:01.258309,97.4,57.398860931396484,400.0
2026-04-23T18:46:03.461749,97.8,57.398860931396484,400.0
2026-04-23T18:46:05.666811,98.0,57.398860931396484,400.0
2026-04-23T18:46:07.870035,95.8,57.6012077331543,400.0
2026-04-23T18:46:10.074052,90.1,57.550621032714844,400.0
2026-04-23T18:46:12.276990,97.7,57.6012077331543,400.0
2026-04-23T18:46:14.484072,97.4,57.752967834472656,400.0
2026-04-23T18:46:16.689450,97.6,57.7023811340332,400.0
2026-04-23T18:46:18.892726,97.4,57.752967834472656,400.0
2026-04-23T18:46:21.096393,98.1,57.7023811340332,400.0
2026-04-23T18:46:23.298878,97.6,57.8541374206543,400.0
2026-04-23T18:46:25.501981,90.7,57.803550720214844,400.0
2026-04-23T18:46:27.705040,97.8,58.005897521972656,400.0
2026-04-23T18:46:29.908416,91.3,58.05648422241211,400.0
2026-04-23T18:46:32.111208,97.9,58.10707092285156,400.0
2026-04-23T18:46:34.315059,98.2,57.9553108215332,400.0
2026-04-23T18:46:36.516957,97.6,57.90472412109375,400.0
2026-04-23T18:46:38.723845,97.9,57.90472412109375,400.0
2026-04-23T18:46:40.936584,93.0,58.10707092285156,400.0
2026-04-23T18:46:43.139227,97.6,58.2082405090332,400.0
2026-04-23T18:46:45.341377,95.3,58.258827209472656,400.0
2026-04-23T18:46:47.544903,97.3,58.157657623291016,400.0
2026-04-23T18:46:49.748704,98.0,58.05648422241211,400.0
2026-04-23T18:46:51.952505,97.9,58.258827209472656,400.0
2026-04-23T18:46:54.158273,98.0,58.258827209472656,400.0
2026-04-23T18:46:56.366316,93.7,58.410587310791016,400.0
2026-04-23T18:46:58.571603,98.2,58.258827209472656,400.0
2026-04-23T18:47:00.790430,97.4,58.258827209472656,400.0
2026-04-23T18:47:02.992246,97.5,58.2082405090332,400.0
2026-04-23T18:47:05.195896,97.4,58.36000061035156,400.0
2026-04-23T18:47:07.403977,97.6,58.410587310791016,400.0
2026-04-23T18:47:09.609126,97.5,58.410587310791016,400.0
2026-04-23T18:47:11.812798,94.1,58.36000061035156,400.0
2026-04-23T18:47:14.016276,98.1,58.30941390991211,400.0
2026-04-23T18:47:16.221593,96.9,58.36000061035156,400.0
2026-04-23T18:47:18.425186,97.6,58.157657623291016,400.0
2026-04-23T18:47:20.630036,98.2,58.157657623291016,400.0
2026-04-23T18:47:22.835213,91.7,58.157657623291016,400.0
2026-04-23T18:47:25.039861,97.4,57.9553108215332,400.0
2026-04-23T18:47:27.241444,94.1,57.90472412109375,400.0
2026-04-23T18:47:29.446772,96.9,57.90472412109375,400.0
2026-04-23T18:47:31.655776,96.1,57.803550720214844,400.0
2026-04-23T18:47:33.862983,97.1,57.752967834472656,400.0
2026-04-23T18:47:36.067827,91.4,57.6012077331543,400.0
2026-04-23T18:47:38.274338,93.1,57.65179443359375,400.0
2026-04-23T18:47:40.477934,95.7,57.6012077331543,400.0
2026-04-23T18:47:42.683637,96.1,57.550621032714844,400.0
2026-04-23T18:47:44.888470,97.2,57.297691345214844,400.0
2026-04-23T18:47:47.091381,91.6,57.44944763183594,400.0
2026-04-23T18:47:49.295796,91.7,57.50003433227539,400.0
2026-04-23T18:47:51.500834,93.3,57.24710464477539,400.0
2026-04-23T18:47:53.706171,97.8,57.297691345214844,400.0
2026-04-23T18:47:55.909007,97.3,57.297691345214844,400.0
2026-04-23T18:47:58.113787,97.3,57.24710464477539,400.0
2026-04-23T18:48:00.315927,94.6,56.893001556396484,400.0
2026-04-23T18:48:02.519157,85.1,57.04475784301758,400.0
2026-04-23T18:48:04.722593,97.7,57.09534454345703,400.0
2026-04-23T18:48:06.925507,96.5,57.04475784301758,400.0
2026-04-23T18:48:09.127736,93.7,57.09534454345703,400.0
2026-04-23T18:48:11.333857,97.8,57.04475784301758,400.0
2026-04-23T18:48:13.540499,94.9,56.94358825683594,400.0
2026-04-23T18:48:15.746268,97.5,56.893001556396484,400.0
2026-04-23T18:48:17.953947,93.2,56.994171142578125,400.0
2026-04-23T18:48:20.155699,97.2,56.994171142578125,400.0
2026-04-23T18:48:22.358978,95.5,56.79182815551758,400.0
2026-04-23T18:48:24.561470,97.6,56.79182815551758,400.0
2026-04-23T18:48:26.766973,98.0,56.79182815551758,400.0
2026-04-23T18:48:28.971243,97.7,56.84241485595703,400.0
2026-04-23T18:48:31.173997,97.3,56.84241485595703,400.0
2026-04-23T18:48:33.376441,95.4,56.741241455078125,400.0
2026-04-23T18:48:35.581228,96.2,56.79182815551758,400.0
2026-04-23T18:48:37.783508,97.9,56.69065475463867,400.0
2026-04-23T18:48:39.986920,97.6,56.69065475463867,400.0
2026-04-23T18:48:42.188836,97.7,56.741241455078125,400.0
2026-04-23T18:48:44.396402,98.1,56.79182815551758,400.0
2026-04-23T18:48:46.598907,96.9,56.69065475463867,400.0
2026-04-23T18:48:48.801907,95.8,56.69065475463867,400.0
2026-04-23T18:48:51.007652,98.2,56.589481353759766,400.0
2026-04-23T18:48:53.212558,90.0,56.488311767578125,400.0
2026-04-23T18:48:55.417054,97.1,56.64006805419922,400.0
2026-04-23T18:48:57.620525,98.2,56.64006805419922,400.0
2026-04-23T18:48:59.823356,97.5,56.589481353759766,400.0
2026-04-23T18:49:02.026628,94.5,56.69065475463867,400.0
2026-04-23T18:49:04.231013,93.6,56.589481353759766,400.0
2026-04-23T18:49:06.434431,97.2,56.64006805419922,400.0
2026-04-23T18:49:08.638800,95.8,56.741241455078125,400.0
2026-04-23T18:49:10.841704,97.5,56.64006805419922,400.0
2026-04-23T18:49:13.046777,97.1,56.488311767578125,400.0
2026-04-23T18:49:15.249638,97.8,56.488311767578125,400.0
2026-04-23T18:49:17.452731,95.8,56.43772506713867,400.0
2026-04-23T18:49:19.656487,93.2,56.43772506713867,400.0
2026-04-23T18:49:21.860384,97.8,56.43772506713867,400.0
2026-04-23T18:49:24.063175,89.7,56.336551666259766,400.0
2026-04-23T18:49:26.266205,97.9,56.336551666259766,400.0
2026-04-23T18:49:28.468924,96.5,56.38713836669922,400.0
2026-04-23T18:49:30.673459,97.8,56.38713836669922,400.0
2026-04-23T18:49:32.879392,98.0,56.28596496582031,400.0
2026-04-23T18:49:35.083429,97.8,56.38713836669922,400.0
2026-04-23T18:49:37.287676,97.4,56.336551666259766,400.0
2026-04-23T18:49:39.493032,90.0,56.43772506713867,400.0
2026-04-23T18:49:41.696387,97.7,56.43772506713867,400.0
2026-04-23T18:49:43.899956,97.7,56.589481353759766,400.0
2026-04-23T18:49:46.106480,97.7,56.589481353759766,400.0
2026-04-23T18:49:48.308760,97.8,56.38713836669922,400.0
2026-04-23T18:49:50.513827,97.3,56.589481353759766,400.0
2026-04-23T18:49:52.717197,96.1,56.589481353759766,400.0
2026-04-23T18:49:54.922595,97.5,56.69065475463867,400.0
2026-04-23T18:49:57.124541,97.7,56.69065475463867,400.0
2026-04-23T18:49:59.337641,94.7,56.64006805419922,400.0
2026-04-23T18:50:01.540023,96.9,56.84241485595703,400.0
2026-04-23T18:50:03.745958,96.9,56.84241485595703,400.0
2026-04-23T18:50:05.949685,97.0,56.84241485595703,400.0
2026-04-23T18:50:08.153454,97.3,57.04475784301758,400.0
2026-04-23T18:50:10.356669,96.5,57.09534454345703,400.0
2026-04-23T18:50:12.558372,97.8,57.09534454345703,400.0
2026-04-23T18:50:14.763399,96.2,57.297691345214844,400.0
2026-04-23T18:50:16.966254,97.4,57.24710464477539,400.0
2026-04-23T18:50:19.168273,97.3,57.09534454345703,400.0
2026-04-23T18:50:21.376129,92.8,57.3482780456543,400.0
2026-04-23T18:50:23.578953,97.8,57.297691345214844,400.0
2026-04-23T18:50:25.781852,95.3,57.398860931396484,400.0
2026-04-23T18:50:27.987054,97.9,57.50003433227539,400.0
2026-04-23T18:50:30.190687,95.8,57.44944763183594,400.0
2026-04-23T18:50:32.393862,93.2,57.50003433227539,400.0
2026-04-23T18:50:34.597532,97.8,57.7023811340332,400.0
2026-04-23T18:50:36.800310,97.7,57.6012077331543,400.0
2026-04-23T18:50:39.003745,97.8,57.752967834472656,400.0
2026-04-23T18:50:41.208551,98.1,57.752967834472656,400.0
2026-04-23T18:50:43.414546,97.5,57.90472412109375,400.0
2026-04-23T18:50:45.620760,96.8,57.90472412109375,400.0
2026-04-23T18:50:47.822461,98.1,57.90472412109375,400.0
2026-04-23T18:50:50.024393,96.9,58.05648422241211,400.0
2026-04-23T18:50:52.226578,97.4,57.9553108215332,400.0
2026-04-23T18:50:54.429748,97.6,57.803550720214844,400.0
2026-04-23T18:50:56.634057,89.7,57.9553108215332,400.0
2026-04-23T18:50:58.837038,95.9,57.803550720214844,400.0
2026-04-23T18:51:01.040829,97.8,57.90472412109375,400.0
2026-04-23T18:51:03.247679,95.2,57.803550720214844,400.0
2026-04-23T18:51:05.452090,97.7,57.8541374206543,400.0
2026-04-23T18:51:07.654216,98.0,57.803550720214844,400.0
2026-04-23T18:51:09.857243,96.9,57.752967834472656,400.0
2026-04-23T18:51:12.064621,96.0,57.65179443359375,400.0
2026-04-23T18:51:14.267892,98.0,57.6012077331543,400.0
2026-04-23T18:51:16.471511,92.7,57.6012077331543,400.0
2026-04-23T18:51:18.676035,97.8,57.6012077331543,400.0
2026-04-23T18:51:20.878841,97.8,57.65179443359375,400.0
2026-04-23T18:51:23.086722,97.4,57.44944763183594,400.0
2026-04-23T18:51:25.291583,98.2,57.44944763183594,400.0
2026-04-23T18:51:27.495871,94.0,57.44944763183594,400.0
2026-04-23T18:51:29.699018,97.2,57.398860931396484,400.0
2026-04-23T18:51:31.905004,95.0,57.3482780456543,400.0
2026-04-23T18:51:34.108634,98.2,57.3482780456543,400.0
2026-04-23T18:51:36.317020,96.7,57.24710464477539,400.0
2026-04-23T18:51:38.521820,95.0,57.145931243896484,400.0
2026-04-23T18:51:40.726568,97.6,57.09534454345703,400.0
2026-04-23T18:51:42.929769,94.4,57.09534454345703,400.0
2026-04-23T18:51:45.131517,96.6,56.994171142578125,400.0
2026-04-23T18:51:47.334282,96.1,57.145931243896484,400.0
2026-04-23T18:51:49.537165,98.1,57.09534454345703,400.0
2026-04-23T18:51:51.740828,96.7,57.04475784301758,400.0
2026-04-23T18:51:53.943421,97.3,57.04475784301758,400.0
2026-04-23T18:51:56.149024,98.2,57.04475784301758,400.0
2026-04-23T18:51:58.350966,93.0,57.04475784301758,400.0
2026-04-23T18:52:00.555631,98.2,56.893001556396484,400.0
2026-04-23T18:52:02.760286,92.3,56.893001556396484,400.0
2026-04-23T18:52:04.964018,97.9,56.84241485595703,400.0
2026-04-23T18:52:07.166194,98.0,56.84241485595703,400.0
2026-04-23T18:52:09.371456,97.8,56.94358825683594,400.0
2026-04-23T18:52:11.574205,88.8,56.589481353759766,400.0
2026-04-23T18:52:13.776031,93.5,56.69065475463867,400.0
2026-04-23T18:52:15.978195,98.0,56.69065475463867,400.0
2026-04-23T18:52:18.181005,96.0,56.64006805419922,400.0
2026-04-23T18:52:20.382764,97.7,56.64006805419922,400.0
2026-04-23T18:52:22.587814,96.4,56.741241455078125,400.0
2026-04-23T18:52:24.794488,94.5,56.589481353759766,400.0
2026-04-23T18:52:26.998815,97.9,56.589481353759766,400.0
2026-04-23T18:52:29.203037,96.9,56.53889846801758,400.0
2026-04-23T18:52:31.405828,91.9,56.53889846801758,400.0
2026-04-23T18:52:33.607639,96.8,56.488311767578125,400.0
2026-04-23T18:52:35.810411,97.7,56.488311767578125,400.0
2026-04-23T18:52:38.012627,97.7,56.38713836669922,400.0
2026-04-23T18:52:40.217003,97.7,56.43772506713867,400.0
2026-04-23T18:52:42.419740,97.1,56.43772506713867,400.0
2026-04-23T18:52:44.622242,98.0,56.488311767578125,400.0
2026-04-23T18:52:46.825696,95.9,56.38713836669922,400.0
2026-04-23T18:52:49.027369,96.8,56.28596496582031,400.0
2026-04-23T18:52:51.229475,97.8,56.336551666259766,400.0
2026-04-23T18:52:53.433646,96.3,56.336551666259766,400.0
2026-04-23T18:52:55.636799,94.1,56.336551666259766,400.0
2026-04-23T18:52:57.843053,97.3,56.23537826538086,400.0
2026-04-23T18:53:00.047654,97.2,56.23537826538086,400.0
2026-04-23T18:53:02.257288,98.0,56.28596496582031,400.0
2026-04-23T18:53:04.461781,93.0,56.23537826538086,400.0
2026-04-23T18:53:06.666830,97.6,56.23537826538086,400.0
2026-04-23T18:53:08.870740,96.6,56.23537826538086,400.0
2026-04-23T18:53:11.074826,97.9,56.184791564941406,400.0
2026-04-23T18:53:13.278078,97.9,56.28596496582031,400.0
2026-04-23T18:53:15.482643,97.1,56.23537826538086,400.0
