[2026-04-18 11:54:47.076] [155360] [HailoRT] [info] [vstream_builder.cpp:622] [create_output_post_process_nms] Output pipeline 'yolov11n/yolov8_nms_postprocess': HW >> (HwReadEl3yolov11n/conv51_143 | hw_frame_size: 409600) >> (PullQEl_nms3yolov11n/conv51_143) >> (HwReadEl12yolov11n/conv54_143 | hw_frame_size: 512000) >> (PullQEl_nms12yolov11n/conv54_143) >> (HwReadEl15yolov11n/conv62_143 | hw_frame_size: 102400) >> (PullQEl_nms15yolov11n/conv62_143) >> (HwReadEl13yolov11n/conv65_143 | hw_frame_size: 128000) >> (PullQEl_nms13yolov11n/conv65_143) >> (HwReadEl1yolov11n/conv77_143 | hw_frame_size: 30720) >> (PullQEl_nms1yolov11n/conv77_143) >> (HwReadEl0yolov11n/conv80_143 | hw_frame_size: 38400) >> (PullQEl_nms0yolov11n/conv80_143) >> (NmsPPMuxEl0YOLOV8-Post-Process | Op YOLOV8, Name: YOLOV8-Post-Process, Score threshold: 0.200, IoU threshold: 0.70, Classes: 80, Max bboxes per class: 100, Image height: 640, Image width: 640) >> (UserBufQEl_post_infer0yolov11n/yolov8_nms_postprocess | timeout: 10s)
[2026-04-18 11:55:47.077] [155846] [HailoRT] [info] [vdevice_native_stream.cpp:142] [write_impl] Failed write to stream yolov11n/input_layer1 (device: 0001:01:00.0) with status=HAILO_STREAM_ABORT(63)
[2026-04-18 11:55:47.077] [155849] [HailoRT] [info] [vdevice_native_stream.cpp:331] [read_impl] Failed read from stream HAILO_STREAM_ABORT(63) (device: 0001:01:00.0)
[2026-04-18 11:55:47.078] [155849] [HailoRT] [info] [edge_elements.cpp:396] [run_pull] Reading from stream was aborted!
[2026-04-18 11:55:47.078] [155846] [HailoRT] [info] [edge_elements.cpp:87] [run_push] Failed to send on input stream InputStream(index=8, name=yolov11n/input_layer1) because stream was aborted
[2026-04-18 11:55:47.078] [155846] [HailoRT] [info] [queue_elements.cpp:401] [run_in_thread] run_push of PushQEl8yolov11n/input_layer1 was aborted!
[2026-04-18 11:55:47.078] [155849] [HailoRT] [info] [queue_elements.cpp:738] [run_in_thread] run_pull of queue element PullQEl_nms15yolov11n/conv62_143 was aborted!
[2026-04-18 11:55:47.078] [155848] [HailoRT] [info] [vdevice_native_stream.cpp:331] [read_impl] Failed read from stream HAILO_STREAM_ABORT(63) (device: 0001:01:00.0)
[2026-04-18 11:55:47.078] [155848] [HailoRT] [info] [edge_elements.cpp:396] [run_pull] Reading from stream was aborted!
[2026-04-18 11:55:47.078] [155848] [HailoRT] [info] [queue_elements.cpp:738] [run_in_thread] run_pull of queue element PullQEl_nms12yolov11n/conv54_143 was aborted!
[2026-04-18 11:55:47.078] [155850] [HailoRT] [info] [vdevice_native_stream.cpp:331] [read_impl] Failed read from stream HAILO_STREAM_ABORT(63) (device: 0001:01:00.0)
[2026-04-18 11:55:47.078] [155850] [HailoRT] [info] [edge_elements.cpp:396] [run_pull] Reading from stream was aborted!
[2026-04-18 11:55:47.078] [155857] [HailoRT] [info] [queue_elements.cpp:319] [run_push] run_push of PushQEl8yolov11n/input_layer1 was aborted!
[2026-04-18 11:55:47.078] [155857] [HailoRT] [info] [filter_elements.cpp:35] [run_push] run_push of PreInferEl8yolov11n/input_layer1 was aborted!
[2026-04-18 11:55:47.078] [155850] [HailoRT] [info] [queue_elements.cpp:738] [run_in_thread] run_pull of queue element PullQEl_nms13yolov11n/conv65_143 was aborted!
[2026-04-18 11:55:47.078] [155857] [HailoRT] [info] [vstream.cpp:778] [write] Sending to VStream was aborted!
[2026-04-18 11:55:47.078] [155852] [HailoRT] [info] [vdevice_native_stream.cpp:331] [read_impl] Failed read from stream HAILO_STREAM_ABORT(63) (device: 0001:01:00.0)
[2026-04-18 11:55:47.078] [155852] [HailoRT] [info] [edge_elements.cpp:396] [run_pull] Reading from stream was aborted!
[2026-04-18 11:55:47.078] [155852] [HailoRT] [info] [queue_elements.cpp:738] [run_in_thread] run_pull of queue element PullQEl_nms0yolov11n/conv80_143 was aborted!
[2026-04-18 11:55:47.078] [155851] [HailoRT] [info] [vdevice_native_stream.cpp:331] [read_impl] Failed read from stream HAILO_STREAM_ABORT(63) (device: 0001:01:00.0)
[2026-04-18 11:55:47.078] [155851] [HailoRT] [info] [edge_elements.cpp:396] [run_pull] Reading from stream was aborted!
[2026-04-18 11:55:47.078] [155851] [HailoRT] [info] [queue_elements.cpp:738] [run_in_thread] run_pull of queue element PullQEl_nms1yolov11n/conv77_143 was aborted!
[2026-04-18 11:55:47.078] [155847] [HailoRT] [info] [vdevice_native_stream.cpp:331] [read_impl] Failed read from stream HAILO_STREAM_ABORT(63) (device: 0001:01:00.0)
[2026-04-18 11:55:47.078] [155847] [HailoRT] [info] [edge_elements.cpp:396] [run_pull] Reading from stream was aborted!
[2026-04-18 11:55:47.078] [155847] [HailoRT] [info] [queue_elements.cpp:738] [run_in_thread] run_pull of queue element PullQEl_nms3yolov11n/conv51_143 was aborted!
[2026-04-18 11:55:47.078] [155856] [HailoRT] [info] [queue_elements.cpp:706] [run_pull] Shutdown event was signaled in dequeue of queue element PullQEl_nms3yolov11n/conv51_143!
[2026-04-18 11:55:47.078] [155856] [HailoRT] [info] [vstream.cpp:1138] [read] Receiving to VStream was shutdown!
[2026-04-18 11:55:47.086] [155360] [HailoRT] [info] [queue_elements.cpp:360] [execute_deactivate] enqueue() in element PushQEl8yolov11n/input_layer1 was aborted, got status = HAILO_SHUTDOWN_EVENT_SIGNALED(57)
[2026-04-18 11:55:47.086] [155846] [HailoRT] [info] [queue_elements.cpp:68] [operator()] Thread in element PushQEl8yolov11n/input_layer1 is not running anymore, exiting..
[2026-04-18 11:55:47.086] [155360] [HailoRT] [info] [queue_elements.cpp:46] [~BaseQueueElement] Queue element PushQEl8yolov11n/input_layer1 has 0 frames in his Queue on destruction
[2026-04-18 11:55:47.086] [155853] [HailoRT] [info] [queue_elements.cpp:68] [operator()] Thread in element UserBufQEl_post_infer0yolov11n/yolov8_nms_postprocess is not running anymore, exiting..
[2026-04-18 11:55:47.086] [155360] [HailoRT] [info] [queue_elements.cpp:46] [~BaseQueueElement] Queue element UserBufQEl_post_infer0yolov11n/yolov8_nms_postprocess has 0 frames in his Queue on destruction
[2026-04-18 11:55:47.086] [155852] [HailoRT] [info] [queue_elements.cpp:68] [operator()] Thread in element PullQEl_nms0yolov11n/conv80_143 is not running anymore, exiting..
[2026-04-18 11:55:47.086] [155360] [HailoRT] [info] [queue_elements.cpp:46] [~BaseQueueElement] Queue element PullQEl_nms0yolov11n/conv80_143 has 0 frames in his Queue on destruction
[2026-04-18 11:55:47.086] [155851] [HailoRT] [info] [queue_elements.cpp:68] [operator()] Thread in element PullQEl_nms1yolov11n/conv77_143 is not running anymore, exiting..
[2026-04-18 11:55:47.086] [155360] [HailoRT] [info] [queue_elements.cpp:46] [~BaseQueueElement] Queue element PullQEl_nms1yolov11n/conv77_143 has 0 frames in his Queue on destruction
[2026-04-18 11:55:47.086] [155850] [HailoRT] [info] [queue_elements.cpp:68] [operator()] Thread in element PullQEl_nms13yolov11n/conv65_143 is not running anymore, exiting..
[2026-04-18 11:55:47.086] [155360] [HailoRT] [info] [queue_elements.cpp:46] [~BaseQueueElement] Queue element PullQEl_nms13yolov11n/conv65_143 has 0 frames in his Queue on destruction
[2026-04-18 11:55:47.086] [155849] [HailoRT] [info] [queue_elements.cpp:68] [operator()] Thread in element PullQEl_nms15yolov11n/conv62_143 is not running anymore, exiting..
[2026-04-18 11:55:47.086] [155360] [HailoRT] [info] [queue_elements.cpp:46] [~BaseQueueElement] Queue element PullQEl_nms15yolov11n/conv62_143 has 0 frames in his Queue on destruction
[2026-04-18 11:55:47.086] [155848] [HailoRT] [info] [queue_elements.cpp:68] [operator()] Thread in element PullQEl_nms12yolov11n/conv54_143 is not running anymore, exiting..
[2026-04-18 11:55:47.086] [155360] [HailoRT] [info] [queue_elements.cpp:46] [~BaseQueueElement] Queue element PullQEl_nms12yolov11n/conv54_143 has 0 frames in his Queue on destruction
[2026-04-18 11:55:47.086] [155847] [HailoRT] [info] [queue_elements.cpp:68] [operator()] Thread in element PullQEl_nms3yolov11n/conv51_143 is not running anymore, exiting..
[2026-04-18 11:55:47.086] [155360] [HailoRT] [info] [queue_elements.cpp:46] [~BaseQueueElement] Queue element PullQEl_nms3yolov11n/conv51_143 has 0 frames in his Queue on destruction
[2026-04-18 11:55:47.086] [155360] [HailoRT] [info] [core_op.cpp:186] [deactivate] Deactivating took 0.007648 ms
[2026-04-18 11:55:47.086] [155360] [HailoRT] [info] [core_op.cpp:186] [deactivate] Deactivating took 0.016555 ms
[2026-04-18 11:55:47.133] [155360] [HailoRT] [info] [vdevice.cpp:535] [create] Creating vdevice with params: device_count: 1, scheduling_algorithm: NONE, multi_process_service: false
[2026-04-18 11:55:47.133] [155360] [HailoRT] [info] [device.cpp:51] [Device] OS Version: Linux 6.12.75+rpt-rpi-2712 #1 SMP PREEMPT Debian 1:6.12.75-1+rpt1 (2026-03-11) aarch64
[2026-04-18 11:55:47.133] [155360] [HailoRT] [info] [control.cpp:113] [control__parse_identify_results] firmware_version is: 4.23.0
[2026-04-18 11:55:47.133] [155360] [HailoRT] [info] [vdevice.cpp:682] [create] VDevice Infos: 0001:01:00.0
[2026-04-18 11:55:47.159] [155360] [HailoRT] [info] [internal_buffer_manager.cpp:77] [print_execution_results] Planned internal buffer memory: CMA=0 CMA-Desc=1441792 Pinned=43573760. memory to edge layer usage factor is 1
[2026-04-18 11:55:47.159] [155360] [HailoRT] [info] [internal_buffer_manager.cpp:86] [print_execution_results] Default Internal buffer planner executed successfully
[2026-04-18 11:55:47.239] [155360] [HailoRT] [info] [device_internal.cpp:57] [configure] Configuring HEF took 105.374517 milliseconds
[2026-04-18 11:55:47.239] [155360] [HailoRT] [info] [vdevice.cpp:780] [configure] Configuring HEF on VDevice took 105.747164 milliseconds
[2026-04-18 11:55:47.239] [155360] [HailoRT] [info] [control.cpp:113] [control__parse_identify_results] firmware_version is: 4.23.0
[2026-04-18 11:55:47.240] [155360] [HailoRT] [info] [control.cpp:113] [control__parse_identify_results] firmware_version is: 4.23.0
[2026-04-18 11:55:47.257] [155360] [HailoRT] [info] [core_op.cpp:156] [activate] Activating yolov11n took 17.427469 milliseconds. Note that the function is asynchronous and thus the network is not fully activated yet.
[2026-04-18 11:55:47.257] [155360] [HailoRT] [info] [core_op.cpp:156] [activate] Activating yolov11n took 17.449932 milliseconds. Note that the function is asynchronous and thus the network is not fully activated yet.
[2026-04-18 11:55:47.270] [155360] [HailoRT] [info] [control.cpp:113] [control__parse_identify_results] firmware_version is: 4.23.0
[2026-04-18 11:55:47.270] [155360] [HailoRT] [info] [control.cpp:113] [control__parse_identify_results] firmware_version is: 4.23.0
[2026-04-18 11:55:47.270] [155360] [HailoRT] [info] [edge_elements.cpp:52] [create] Created (HwWriteEl8yolov11n/input_layer1 | hw_frame_size: 1228800)
[2026-04-18 11:55:47.271] [155360] [HailoRT] [info] [queue_elements.cpp:284] [create] Created (PushQEl8yolov11n/input_layer1 | timeout: 10s)
[2026-04-18 11:55:47.271] [155360] [HailoRT] [info] [filter_elements.cpp:101] [create] Created (PreInferEl8yolov11n/input_layer1 | Reorder - src_order: NHWC, src_shape: (640, 640, 3), dst_order: NHCW, dst_shape: (640, 640, 3))
[2026-04-18 11:55:47.271] [155360] [HailoRT] [info] [vstream.cpp:754] [InputVStreamImpl] Creating yolov11n/input_layer1...
[2026-04-18 11:55:47.271] [155360] [HailoRT] [info] [vstream_builder.cpp:102] [create_inputs] Input pipeline 'yolov11n/input_layer1': (PreInferEl8yolov11n/input_layer1 | Reorder - src_order: NHWC, src_shape: (640, 640, 3), dst_order: NHCW, dst_shape: (640, 640, 3)) >> (PushQEl8yolov11n/input_layer1 | timeout: 10s) >> (HwWriteEl8yolov11n/input_layer1 | hw_frame_size: 1228800) >> HW
[2026-04-18 11:55:47.271] [155360] [HailoRT] [info] [multi_io_elements.cpp:135] [create] Created (NmsPPMuxEl0YOLOV8-Post-Process | Op YOLOV8, Name: YOLOV8-Post-Process, Score threshold: 0.200, IoU threshold: 0.70, Classes: 80, Max bboxes per class: 100, Image height: 640, Image width: 640)
[2026-04-18 11:55:47.271] [155360] [HailoRT] [info] [edge_elements.cpp:287] [create] Created (HwReadEl3yolov11n/conv51_143 | hw_frame_size: 409600)
[2026-04-18 11:55:47.271] [155360] [HailoRT] [info] [queue_elements.cpp:657] [create] Created (PullQEl_nms3yolov11n/conv51_143 | timeout: 10s)
[2026-04-18 11:55:47.271] [155360] [HailoRT] [info] [edge_elements.cpp:287] [create] Created (HwReadEl12yolov11n/conv54_143 | hw_frame_size: 512000)
[2026-04-18 11:55:47.271] [155360] [HailoRT] [info] [queue_elements.cpp:657] [create] Created (PullQEl_nms12yolov11n/conv54_143 | timeout: 10s)
[2026-04-18 11:55:47.271] [155360] [HailoRT] [info] [edge_elements.cpp:287] [create] Created (HwReadEl15yolov11n/conv62_143 | hw_frame_size: 102400)
[2026-04-18 11:55:47.271] [155360] [HailoRT] [info] [queue_elements.cpp:657] [create] Created (PullQEl_nms15yolov11n/conv62_143 | timeout: 10s)
[2026-04-18 11:55:47.271] [155360] [HailoRT] [info] [edge_elements.cpp:287] [create] Created (HwReadEl13yolov11n/conv65_143 | hw_frame_size: 128000)
[2026-04-18 11:55:47.271] [155360] [HailoRT] [info] [queue_elements.cpp:657] [create] Created (PullQEl_nms13yolov11n/conv65_143 | timeout: 10s)
[2026-04-18 11:55:47.271] [155360] [HailoRT] [info] [edge_elements.cpp:287] [create] Created (HwReadEl1yolov11n/conv77_143 | hw_frame_size: 30720)
[2026-04-18 11:55:47.271] [155360] [HailoRT] [info] [queue_elements.cpp:657] [create] Created (PullQEl_nms1yolov11n/conv77_143 | timeout: 10s)
[2026-04-18 11:55:47.271] [155360] [HailoRT] [info] [edge_elements.cpp:287] [create] Created (HwReadEl0yolov11n/conv80_143 | hw_frame_size: 38400)
[2026-04-18 11:55:47.271] [155360] [HailoRT] [info] [queue_elements.cpp:657] [create] Created (PullQEl_nms0yolov11n/conv80_143 | timeout: 10s)
[2026-04-18 11:55:47.271] [155360] [HailoRT] [info] [queue_elements.cpp:800] [create] Created (UserBufQEl_post_infer0yolov11n/yolov8_nms_postprocess | timeout: 10s)
[2026-04-18 11:55:47.271] [155360] [HailoRT] [info] [vstream.cpp:1114] [OutputVStreamImpl] Creating yolov11n/yolov8_nms_postprocess...
[2026-04-18 11:55:47.271] [155360] [HailoRT] [info] [vstream_builder.cpp:622] [create_output_post_process_nms] Output pipeline 'yolov11n/yolov8_nms_postprocess': HW >> (HwReadEl3yolov11n/conv51_143 | hw_frame_size: 409600) >> (PullQEl_nms3yolov11n/conv51_143) >> (HwReadEl12yolov11n/conv54_143 | hw_frame_size: 512000) >> (PullQEl_nms12yolov11n/conv54_143) >> (HwReadEl15yolov11n/conv62_143 | hw_frame_size: 102400) >> (PullQEl_nms15yolov11n/conv62_143) >> (HwReadEl13yolov11n/conv65_143 | hw_frame_size: 128000) >> (PullQEl_nms13yolov11n/conv65_143) >> (HwReadEl1yolov11n/conv77_143 | hw_frame_size: 30720) >> (PullQEl_nms1yolov11n/conv77_143) >> (HwReadEl0yolov11n/conv80_143 | hw_frame_size: 38400) >> (PullQEl_nms0yolov11n/conv80_143) >> (NmsPPMuxEl0YOLOV8-Post-Process | Op YOLOV8, Name: YOLOV8-Post-Process, Score threshold: 0.200, IoU threshold: 0.70, Classes: 80, Max bboxes per class: 100, Image height: 640, Image width: 640) >> (UserBufQEl_post_infer0yolov11n/yolov8_nms_postprocess | timeout: 10s)
[2026-04-18 11:56:47.272] [156321] [HailoRT] [info] [vdevice_native_stream.cpp:331] [read_impl] Failed read from stream HAILO_STREAM_ABORT(63) (device: 0001:01:00.0)
[2026-04-18 11:56:47.272] [156321] [HailoRT] [info] [edge_elements.cpp:396] [run_pull] Reading from stream was aborted!
[2026-04-18 11:56:47.272] [156322] [HailoRT] [info] [vdevice_native_stream.cpp:331] [read_impl] Failed read from stream HAILO_STREAM_ABORT(63) (device: 0001:01:00.0)
[2026-04-18 11:56:47.272] [156322] [HailoRT] [info] [edge_elements.cpp:396] [run_pull] Reading from stream was aborted!
[2026-04-18 11:56:47.272] [156320] [HailoRT] [info] [vdevice_native_stream.cpp:331] [read_impl] Failed read from stream HAILO_STREAM_ABORT(63) (device: 0001:01:00.0)
[2026-04-18 11:56:47.272] [156320] [HailoRT] [info] [edge_elements.cpp:396] [run_pull] Reading from stream was aborted!
[2026-04-18 11:56:47.272] [156322] [HailoRT] [info] [queue_elements.cpp:738] [run_in_thread] run_pull of queue element PullQEl_nms0yolov11n/conv80_143 was aborted!
[2026-04-18 11:56:47.272] [156320] [HailoRT] [info] [queue_elements.cpp:738] [run_in_thread] run_pull of queue element PullQEl_nms13yolov11n/conv65_143 was aborted!
[2026-04-18 11:56:47.272] [156317] [HailoRT] [info] [vdevice_native_stream.cpp:331] [read_impl] Failed read from stream HAILO_STREAM_ABORT(63) (device: 0001:01:00.0)
[2026-04-18 11:56:47.272] [156317] [HailoRT] [info] [edge_elements.cpp:396] [run_pull] Reading from stream was aborted!
[2026-04-18 11:56:47.272] [156321] [HailoRT] [info] [queue_elements.cpp:738] [run_in_thread] run_pull of queue element PullQEl_nms1yolov11n/conv77_143 was aborted!
[2026-04-18 11:56:47.272] [156317] [HailoRT] [info] [queue_elements.cpp:738] [run_in_thread] run_pull of queue element PullQEl_nms3yolov11n/conv51_143 was aborted!
[2026-04-18 11:56:47.272] [156318] [HailoRT] [info] [vdevice_native_stream.cpp:331] [read_impl] Failed read from stream HAILO_STREAM_ABORT(63) (device: 0001:01:00.0)
[2026-04-18 11:56:47.272] [156318] [HailoRT] [info] [edge_elements.cpp:396] [run_pull] Reading from stream was aborted!
[2026-04-18 11:56:47.272] [156318] [HailoRT] [info] [queue_elements.cpp:738] [run_in_thread] run_pull of queue element PullQEl_nms12yolov11n/conv54_143 was aborted!
[2026-04-18 11:56:47.272] [156319] [HailoRT] [info] [vdevice_native_stream.cpp:331] [read_impl] Failed read from stream HAILO_STREAM_ABORT(63) (device: 0001:01:00.0)
[2026-04-18 11:56:47.272] [156319] [HailoRT] [info] [edge_elements.cpp:396] [run_pull] Reading from stream was aborted!
[2026-04-18 11:56:47.272] [156319] [HailoRT] [info] [queue_elements.cpp:738] [run_in_thread] run_pull of queue element PullQEl_nms15yolov11n/conv62_143 was aborted!
[2026-04-18 11:56:47.272] [156326] [HailoRT] [info] [queue_elements.cpp:706] [run_pull] Shutdown event was signaled in dequeue of queue element PullQEl_nms3yolov11n/conv51_143!
[2026-04-18 11:56:47.272] [156326] [HailoRT] [info] [vstream.cpp:1138] [read] Receiving to VStream was shutdown!
[2026-04-18 11:56:47.272] [156316] [HailoRT] [info] [vdevice_native_stream.cpp:142] [write_impl] Failed write to stream yolov11n/input_layer1 (device: 0001:01:00.0) with status=HAILO_STREAM_ABORT(63)
[2026-04-18 11:56:47.272] [156316] [HailoRT] [info] [edge_elements.cpp:87] [run_push] Failed to send on input stream InputStream(index=8, name=yolov11n/input_layer1) because stream was aborted
[2026-04-18 11:56:47.272] [156316] [HailoRT] [info] [queue_elements.cpp:401] [run_in_thread] run_push of PushQEl8yolov11n/input_layer1 was aborted!
[2026-04-18 11:56:47.273] [156327] [HailoRT] [info] [queue_elements.cpp:319] [run_push] run_push of PushQEl8yolov11n/input_layer1 was aborted!
[2026-04-18 11:56:47.273] [156327] [HailoRT] [info] [filter_elements.cpp:35] [run_push] run_push of PreInferEl8yolov11n/input_layer1 was aborted!
[2026-04-18 11:56:47.273] [156327] [HailoRT] [info] [vstream.cpp:778] [write] Sending to VStream was aborted!
[2026-04-18 11:56:47.280] [155360] [HailoRT] [info] [queue_elements.cpp:360] [execute_deactivate] enqueue() in element PushQEl8yolov11n/input_layer1 was aborted, got status = HAILO_SHUTDOWN_EVENT_SIGNALED(57)
[2026-04-18 11:56:47.280] [156316] [HailoRT] [info] [queue_elements.cpp:68] [operator()] Thread in element PushQEl8yolov11n/input_layer1 is not running anymore, exiting..
[2026-04-18 11:56:47.280] [155360] [HailoRT] [info] [queue_elements.cpp:46] [~BaseQueueElement] Queue element PushQEl8yolov11n/input_layer1 has 0 frames in his Queue on destruction
[2026-04-18 11:56:47.280] [156323] [HailoRT] [info] [queue_elements.cpp:68] [operator()] Thread in element UserBufQEl_post_infer0yolov11n/yolov8_nms_postprocess is not running anymore, exiting..
[2026-04-18 11:56:47.280] [155360] [HailoRT] [info] [queue_elements.cpp:46] [~BaseQueueElement] Queue element UserBufQEl_post_infer0yolov11n/yolov8_nms_postprocess has 0 frames in his Queue on destruction
[2026-04-18 11:56:47.280] [156322] [HailoRT] [info] [queue_elements.cpp:68] [operator()] Thread in element PullQEl_nms0yolov11n/conv80_143 is not running anymore, exiting..
[2026-04-18 11:56:47.280] [155360] [HailoRT] [info] [queue_elements.cpp:46] [~BaseQueueElement] Queue element PullQEl_nms0yolov11n/conv80_143 has 0 frames in his Queue on destruction
[2026-04-18 11:56:47.280] [156321] [HailoRT] [info] [queue_elements.cpp:68] [operator()] Thread in element PullQEl_nms1yolov11n/conv77_143 is not running anymore, exiting..
[2026-04-18 11:56:47.280] [155360] [HailoRT] [info] [queue_elements.cpp:46] [~BaseQueueElement] Queue element PullQEl_nms1yolov11n/conv77_143 has 0 frames in his Queue on destruction
[2026-04-18 11:56:47.280] [156320] [HailoRT] [info] [queue_elements.cpp:68] [operator()] Thread in element PullQEl_nms13yolov11n/conv65_143 is not running anymore, exiting..
[2026-04-18 11:56:47.280] [155360] [HailoRT] [info] [queue_elements.cpp:46] [~BaseQueueElement] Queue element PullQEl_nms13yolov11n/conv65_143 has 0 frames in his Queue on destruction
[2026-04-18 11:56:47.280] [156319] [HailoRT] [info] [queue_elements.cpp:68] [operator()] Thread in element PullQEl_nms15yolov11n/conv62_143 is not running anymore, exiting..
[2026-04-18 11:56:47.280] [155360] [HailoRT] [info] [queue_elements.cpp:46] [~BaseQueueElement] Queue element PullQEl_nms15yolov11n/conv62_143 has 0 frames in his Queue on destruction
[2026-04-18 11:56:47.280] [156318] [HailoRT] [info] [queue_elements.cpp:68] [operator()] Thread in element PullQEl_nms12yolov11n/conv54_143 is not running anymore, exiting..
[2026-04-18 11:56:47.280] [155360] [HailoRT] [info] [queue_elements.cpp:46] [~BaseQueueElement] Queue element PullQEl_nms12yolov11n/conv54_143 has 0 frames in his Queue on destruction
[2026-04-18 11:56:47.280] [156317] [HailoRT] [info] [queue_elements.cpp:68] [operator()] Thread in element PullQEl_nms3yolov11n/conv51_143 is not running anymore, exiting..
[2026-04-18 11:56:47.280] [155360] [HailoRT] [info] [queue_elements.cpp:46] [~BaseQueueElement] Queue element PullQEl_nms3yolov11n/conv51_143 has 0 frames in his Queue on destruction
[2026-04-18 11:56:47.281] [155360] [HailoRT] [info] [core_op.cpp:186] [deactivate] Deactivating took 0.008166 ms
[2026-04-18 11:56:47.281] [155360] [HailoRT] [info] [core_op.cpp:186] [deactivate] Deactivating took 0.016592 ms
[2026-04-18 11:56:57.604] [156861] [HailoRT] [info] [vdevice.cpp:535] [create] Creating vdevice with params: device_count: 1, scheduling_algorithm: NONE, multi_process_service: false
[2026-04-18 11:56:57.616] [156861] [HailoRT] [info] [device.cpp:51] [Device] OS Version: Linux 6.12.75+rpt-rpi-2712 #1 SMP PREEMPT Debian 1:6.12.75-1+rpt1 (2026-03-11) aarch64
[2026-04-18 11:56:57.617] [156861] [HailoRT] [info] [control.cpp:113] [control__parse_identify_results] firmware_version is: 4.23.0
[2026-04-18 11:56:57.617] [156861] [HailoRT] [info] [vdevice.cpp:682] [create] VDevice Infos: 0001:01:00.0
[2026-04-18 11:56:57.639] [156861] [HailoRT] [info] [internal_buffer_manager.cpp:77] [print_execution_results] Planned internal buffer memory: CMA=0 CMA-Desc=1441792 Pinned=44751360. memory to edge layer usage factor is 1
[2026-04-18 11:56:57.639] [156861] [HailoRT] [info] [internal_buffer_manager.cpp:86] [print_execution_results] Default Internal buffer planner executed successfully
[2026-04-18 11:56:57.721] [156861] [HailoRT] [info] [device_internal.cpp:57] [configure] Configuring HEF took 104.424366 milliseconds
[2026-04-18 11:56:57.722] [156861] [HailoRT] [info] [vdevice.cpp:780] [configure] Configuring HEF on VDevice took 104.967716 milliseconds
[2026-04-18 11:56:57.722] [156861] [HailoRT] [info] [control.cpp:113] [control__parse_identify_results] firmware_version is: 4.23.0
[2026-04-18 11:56:57.722] [156861] [HailoRT] [info] [control.cpp:113] [control__parse_identify_results] firmware_version is: 4.23.0
[2026-04-18 11:56:57.741] [156861] [HailoRT] [info] [core_op.cpp:156] [activate] Activating yolov11n took 18.801316 milliseconds. Note that the function is asynchronous and thus the network is not fully activated yet.
[2026-04-18 11:56:57.741] [156861] [HailoRT] [info] [core_op.cpp:156] [activate] Activating yolov11n took 18.825613 milliseconds. Note that the function is asynchronous and thus the network is not fully activated yet.
[2026-04-18 11:56:57.754] [156861] [HailoRT] [info] [control.cpp:113] [control__parse_identify_results] firmware_version is: 4.23.0
[2026-04-18 11:56:57.755] [156861] [HailoRT] [info] [control.cpp:113] [control__parse_identify_results] firmware_version is: 4.23.0
[2026-04-18 11:56:58.907] [156853] [HailoRT] [info] [device.cpp:51] [Device] OS Version: Linux 6.12.75+rpt-rpi-2712 #1 SMP PREEMPT Debian 1:6.12.75-1+rpt1 (2026-03-11) aarch64
[2026-04-18 11:56:58.908] [156853] [HailoRT] [info] [control.cpp:113] [control__parse_identify_results] firmware_version is: 4.23.0
[2026-04-18 11:56:58.908] [156853] [HailoRT] [info] [control.cpp:113] [control__parse_identify_results] firmware_version is: 4.23.0
[2026-04-18 11:57:57.755] [156872] [HailoRT] [info] [vdevice_native_stream.cpp:331] [read_impl] Failed read from stream HAILO_STREAM_ABORT(63) (device: 0001:01:00.0)
[2026-04-18 11:57:57.755] [156876] [HailoRT] [info] [vdevice_native_stream.cpp:142] [write_impl] Failed write to stream yolov11n/input_layer1 (device: 0001:01:00.0) with status=HAILO_STREAM_ABORT(63)
[2026-04-18 11:57:57.755] [156873] [HailoRT] [info] [vdevice_native_stream.cpp:331] [read_impl] Failed read from stream HAILO_STREAM_ABORT(63) (device: 0001:01:00.0)
[2026-04-18 11:57:57.755] [156871] [HailoRT] [info] [vdevice_native_stream.cpp:331] [read_impl] Failed read from stream HAILO_STREAM_ABORT(63) (device: 0001:01:00.0)
[2026-04-18 11:57:57.755] [156875] [HailoRT] [info] [vdevice_native_stream.cpp:331] [read_impl] Failed read from stream HAILO_STREAM_ABORT(63) (device: 0001:01:00.0)
[2026-04-18 11:57:57.755] [156874] [HailoRT] [info] [vdevice_native_stream.cpp:331] [read_impl] Failed read from stream HAILO_STREAM_ABORT(63) (device: 0001:01:00.0)
[2026-04-18 11:57:57.755] [156870] [HailoRT] [info] [vdevice_native_stream.cpp:331] [read_impl] Failed read from stream HAILO_STREAM_ABORT(63) (device: 0001:01:00.0)
[2026-04-18 11:57:57.764] [156861] [HailoRT] [info] [core_op.cpp:186] [deactivate] Deactivating took 0.006667 ms
[2026-04-18 11:57:57.764] [156861] [HailoRT] [info] [core_op.cpp:186] [deactivate] Deactivating took 0.022648 ms
[2026-04-18 11:57:57.813] [156861] [HailoRT] [info] [vdevice.cpp:535] [create] Creating vdevice with params: device_count: 1, scheduling_algorithm: NONE, multi_process_service: false
[2026-04-18 11:57:57.814] [156861] [HailoRT] [info] [device.cpp:51] [Device] OS Version: Linux 6.12.75+rpt-rpi-2712 #1 SMP PREEMPT Debian 1:6.12.75-1+rpt1 (2026-03-11) aarch64
[2026-04-18 11:57:57.814] [156861] [HailoRT] [info] [control.cpp:113] [control__parse_identify_results] firmware_version is: 4.23.0
[2026-04-18 11:57:57.814] [156861] [HailoRT] [info] [vdevice.cpp:682] [create] VDevice Infos: 0001:01:00.0
[2026-04-18 11:57:57.835] [156861] [HailoRT] [info] [internal_buffer_manager.cpp:77] [print_execution_results] Planned internal buffer memory: CMA=0 CMA-Desc=1441792 Pinned=44751360. memory to edge layer usage factor is 1
[2026-04-18 11:57:57.835] [156861] [HailoRT] [info] [internal_buffer_manager.cpp:86] [print_execution_results] Default Internal buffer planner executed successfully
[2026-04-18 11:57:57.918] [156861] [HailoRT] [info] [device_internal.cpp:57] [configure] Configuring HEF took 103.494712 milliseconds
[2026-04-18 11:57:57.918] [156861] [HailoRT] [info] [vdevice.cpp:780] [configure] Configuring HEF on VDevice took 103.862358 milliseconds
[2026-04-18 11:57:57.918] [156861] [HailoRT] [info] [control.cpp:113] [control__parse_identify_results] firmware_version is: 4.23.0
[2026-04-18 11:57:57.918] [156861] [HailoRT] [info] [control.cpp:113] [control__parse_identify_results] firmware_version is: 4.23.0
[2026-04-18 11:57:57.937] [156861] [HailoRT] [info] [core_op.cpp:156] [activate] Activating yolov11n took 18.728522 milliseconds. Note that the function is asynchronous and thus the network is not fully activated yet.
[2026-04-18 11:57:57.937] [156861] [HailoRT] [info] [core_op.cpp:156] [activate] Activating yolov11n took 18.749744 milliseconds. Note that the function is asynchronous and thus the network is not fully activated yet.
[2026-04-18 11:57:57.950] [156861] [HailoRT] [info] [control.cpp:113] [control__parse_identify_results] firmware_version is: 4.23.0
[2026-04-18 11:57:57.950] [156861] [HailoRT] [info] [control.cpp:113] [control__parse_identify_results] firmware_version is: 4.23.0
[2026-04-18 11:57:57.951] [156861] [HailoRT] [info] [edge_elements.cpp:52] [create] Created (HwWriteEl8yolov11n/input_layer1 | hw_frame_size: 1228800)
[2026-04-18 11:57:57.951] [156861] [HailoRT] [info] [queue_elements.cpp:284] [create] Created (PushQEl8yolov11n/input_layer1 | timeout: 10s)
[2026-04-18 11:57:57.951] [156861] [HailoRT] [info] [filter_elements.cpp:101] [create] Created (PreInferEl8yolov11n/input_layer1 | Reorder - src_order: NHWC, src_shape: (640, 640, 3), dst_order: NHCW, dst_shape: (640, 640, 3))
[2026-04-18 11:57:57.951] [156861] [HailoRT] [info] [vstream.cpp:754] [InputVStreamImpl] Creating yolov11n/input_layer1...
[2026-04-18 11:57:57.951] [156861] [HailoRT] [info] [vstream_builder.cpp:102] [create_inputs] Input pipeline 'yolov11n/input_layer1': (PreInferEl8yolov11n/input_layer1 | Reorder - src_order: NHWC, src_shape: (640, 640, 3), dst_order: NHCW, dst_shape: (640, 640, 3)) >> (PushQEl8yolov11n/input_layer1 | timeout: 10s) >> (HwWriteEl8yolov11n/input_layer1 | hw_frame_size: 1228800) >> HW
[2026-04-18 11:57:57.951] [156861] [HailoRT] [info] [multi_io_elements.cpp:135] [create] Created (NmsPPMuxEl0YOLOV8-Post-Process | Op YOLOV8, Name: YOLOV8-Post-Process, Score threshold: 0.200, IoU threshold: 0.70, Classes: 80, Max bboxes per class: 100, Image height: 640, Image width: 640)
[2026-04-18 11:57:57.951] [156861] [HailoRT] [info] [edge_elements.cpp:287] [create] Created (HwReadEl3yolov11n/conv51_143 | hw_frame_size: 409600)
[2026-04-18 11:57:57.951] [156861] [HailoRT] [info] [queue_elements.cpp:657] [create] Created (PullQEl_nms3yolov11n/conv51_143 | timeout: 10s)
[2026-04-18 11:57:57.951] [156861] [HailoRT] [info] [edge_elements.cpp:287] [create] Created (HwReadEl12yolov11n/conv54_143 | hw_frame_size: 512000)
[2026-04-18 11:57:57.951] [156861] [HailoRT] [info] [queue_elements.cpp:657] [create] Created (PullQEl_nms12yolov11n/conv54_143 | timeout: 10s)
[2026-04-18 11:57:57.951] [156861] [HailoRT] [info] [edge_elements.cpp:287] [create] Created (HwReadEl15yolov11n/conv62_143 | hw_frame_size: 102400)
[2026-04-18 11:57:57.951] [156861] [HailoRT] [info] [queue_elements.cpp:657] [create] Created (PullQEl_nms15yolov11n/conv62_143 | timeout: 10s)
[2026-04-18 11:57:57.951] [156861] [HailoRT] [info] [edge_elements.cpp:287] [create] Created (HwReadEl13yolov11n/conv65_143 | hw_frame_size: 128000)
[2026-04-18 11:57:57.951] [156861] [HailoRT] [info] [queue_elements.cpp:657] [create] Created (PullQEl_nms13yolov11n/conv65_143 | timeout: 10s)
[2026-04-18 11:57:57.951] [156861] [HailoRT] [info] [edge_elements.cpp:287] [create] Created (HwReadEl1yolov11n/conv77_143 | hw_frame_size: 30720)
[2026-04-18 11:57:57.951] [156861] [HailoRT] [info] [queue_elements.cpp:657] [create] Created (PullQEl_nms1yolov11n/conv77_143 | timeout: 10s)
[2026-04-18 11:57:57.951] [156861] [HailoRT] [info] [edge_elements.cpp:287] [create] Created (HwReadEl0yolov11n/conv80_143 | hw_frame_size: 38400)
[2026-04-18 11:57:57.951] [156861] [HailoRT] [info] [queue_elements.cpp:657] [create] Created (PullQEl_nms0yolov11n/conv80_143 | timeout: 10s)
[2026-04-18 11:57:57.952] [156861] [HailoRT] [info] [queue_elements.cpp:800] [create] Created (UserBufQEl_post_infer0yolov11n/yolov8_nms_postprocess | timeout: 10s)
[2026-04-18 11:57:57.952] [156861] [HailoRT] [info] [vstream.cpp:1114] [OutputVStreamImpl] Creating yolov11n/yolov8_nms_postprocess...
[2026-04-18 11:57:57.952] [156861] [HailoRT] [info] [vstream_builder.cpp:622] [create_output_post_process_nms] Output pipeline 'yolov11n/yolov8_nms_postprocess': HW >> (HwReadEl3yolov11n/conv51_143 | hw_frame_size: 409600) >> (PullQEl_nms3yolov11n/conv51_143) >> (HwReadEl12yolov11n/conv54_143 | hw_frame_size: 512000) >> (PullQEl_nms12yolov11n/conv54_143) >> (HwReadEl15yolov11n/conv62_143 | hw_frame_size: 102400) >> (PullQEl_nms15yolov11n/conv62_143) >> (HwReadEl13yolov11n/conv65_143 | hw_frame_size: 128000) >> (PullQEl_nms13yolov11n/conv65_143) >> (HwReadEl1yolov11n/conv77_143 | hw_frame_size: 30720) >> (PullQEl_nms1yolov11n/conv77_143) >> (HwReadEl0yolov11n/conv80_143 | hw_frame_size: 38400) >> (PullQEl_nms0yolov11n/conv80_143) >> (NmsPPMuxEl0YOLOV8-Post-Process | Op YOLOV8, Name: YOLOV8-Post-Process, Score threshold: 0.200, IoU threshold: 0.70, Classes: 80, Max bboxes per class: 100, Image height: 640, Image width: 640) >> (UserBufQEl_post_infer0yolov11n/yolov8_nms_postprocess | timeout: 10s)
[2026-04-18 11:58:57.952] [157346] [HailoRT] [info] [vdevice_native_stream.cpp:142] [write_impl] Failed write to stream yolov11n/input_layer1 (device: 0001:01:00.0) with status=HAILO_STREAM_ABORT(63)
[2026-04-18 11:58:57.952] [157347] [HailoRT] [info] [vdevice_native_stream.cpp:331] [read_impl] Failed read from stream HAILO_STREAM_ABORT(63) (device: 0001:01:00.0)
[2026-04-18 11:58:57.952] [157347] [HailoRT] [info] [edge_elements.cpp:396] [run_pull] Reading from stream was aborted!
[2026-04-18 11:58:57.952] [157346] [HailoRT] [info] [edge_elements.cpp:87] [run_push] Failed to send on input stream InputStream(index=8, name=yolov11n/input_layer1) because stream was aborted
[2026-04-18 11:58:57.952] [157349] [HailoRT] [info] [vdevice_native_stream.cpp:331] [read_impl] Failed read from stream HAILO_STREAM_ABORT(63) (device: 0001:01:00.0)
[2026-04-18 11:58:57.952] [157349] [HailoRT] [info] [edge_elements.cpp:396] [run_pull] Reading from stream was aborted!
[2026-04-18 11:58:57.952] [157346] [HailoRT] [info] [queue_elements.cpp:401] [run_in_thread] run_push of PushQEl8yolov11n/input_layer1 was aborted!
[2026-04-18 11:58:57.952] [157347] [HailoRT] [info] [queue_elements.cpp:738] [run_in_thread] run_pull of queue element PullQEl_nms3yolov11n/conv51_143 was aborted!
[2026-04-18 11:58:57.952] [157349] [HailoRT] [info] [queue_elements.cpp:738] [run_in_thread] run_pull of queue element PullQEl_nms15yolov11n/conv62_143 was aborted!
[2026-04-18 11:58:57.952] [157348] [HailoRT] [info] [vdevice_native_stream.cpp:331] [read_impl] Failed read from stream HAILO_STREAM_ABORT(63) (device: 0001:01:00.0)
[2026-04-18 11:58:57.952] [157351] [HailoRT] [info] [vdevice_native_stream.cpp:331] [read_impl] Failed read from stream HAILO_STREAM_ABORT(63) (device: 0001:01:00.0)
[2026-04-18 11:58:57.952] [157348] [HailoRT] [info] [edge_elements.cpp:396] [run_pull] Reading from stream was aborted!
[2026-04-18 11:58:57.952] [157351] [HailoRT] [info] [edge_elements.cpp:396] [run_pull] Reading from stream was aborted!
[2026-04-18 11:58:57.952] [157350] [HailoRT] [info] [vdevice_native_stream.cpp:331] [read_impl] Failed read from stream HAILO_STREAM_ABORT(63) (device: 0001:01:00.0)
[2026-04-18 11:58:57.952] [157348] [HailoRT] [info] [queue_elements.cpp:738] [run_in_thread] run_pull of queue element PullQEl_nms12yolov11n/conv54_143 was aborted!
[2026-04-18 11:58:57.952] [157351] [HailoRT] [info] [queue_elements.cpp:738] [run_in_thread] run_pull of queue element PullQEl_nms1yolov11n/conv77_143 was aborted!
[2026-04-18 11:58:57.952] [157350] [HailoRT] [info] [edge_elements.cpp:396] [run_pull] Reading from stream was aborted!
[2026-04-18 11:58:57.952] [157350] [HailoRT] [info] [queue_elements.cpp:738] [run_in_thread] run_pull of queue element PullQEl_nms13yolov11n/conv65_143 was aborted!
[2026-04-18 11:58:57.952] [157352] [HailoRT] [info] [vdevice_native_stream.cpp:331] [read_impl] Failed read from stream HAILO_STREAM_ABORT(63) (device: 0001:01:00.0)
[2026-04-18 11:58:57.952] [157352] [HailoRT] [info] [edge_elements.cpp:396] [run_pull] Reading from stream was aborted!
[2026-04-18 11:58:57.952] [157352] [HailoRT] [info] [queue_elements.cpp:738] [run_in_thread] run_pull of queue element PullQEl_nms0yolov11n/conv80_143 was aborted!
[2026-04-18 11:58:57.952] [157356] [HailoRT] [info] [queue_elements.cpp:706] [run_pull] Shutdown event was signaled in dequeue of queue element PullQEl_nms3yolov11n/conv51_143!
[2026-04-18 11:58:57.952] [157356] [HailoRT] [info] [vstream.cpp:1138] [read] Receiving to VStream was shutdown!
[2026-04-18 11:58:57.953] [157357] [HailoRT] [info] [queue_elements.cpp:319] [run_push] run_push of PushQEl8yolov11n/input_layer1 was aborted!
[2026-04-18 11:58:57.953] [157357] [HailoRT] [info] [filter_elements.cpp:35] [run_push] run_push of PreInferEl8yolov11n/input_layer1 was aborted!
[2026-04-18 11:58:57.953] [157357] [HailoRT] [info] [vstream.cpp:778] [write] Sending to VStream was aborted!
[2026-04-18 11:58:57.960] [156861] [HailoRT] [info] [queue_elements.cpp:360] [execute_deactivate] enqueue() in element PushQEl8yolov11n/input_layer1 was aborted, got status = HAILO_SHUTDOWN_EVENT_SIGNALED(57)
[2026-04-18 11:58:57.961] [157346] [HailoRT] [info] [queue_elements.cpp:68] [operator()] Thread in element PushQEl8yolov11n/input_layer1 is not running anymore, exiting..
[2026-04-18 11:58:57.961] [156861] [HailoRT] [info] [queue_elements.cpp:46] [~BaseQueueElement] Queue element PushQEl8yolov11n/input_layer1 has 0 frames in his Queue on destruction
[2026-04-18 11:58:57.961] [157353] [HailoRT] [info] [queue_elements.cpp:68] [operator()] Thread in element UserBufQEl_post_infer0yolov11n/yolov8_nms_postprocess is not running anymore, exiting..
[2026-04-18 11:58:57.961] [156861] [HailoRT] [info] [queue_elements.cpp:46] [~BaseQueueElement] Queue element UserBufQEl_post_infer0yolov11n/yolov8_nms_postprocess has 0 frames in his Queue on destruction
[2026-04-18 11:58:57.961] [157352] [HailoRT] [info] [queue_elements.cpp:68] [operator()] Thread in element PullQEl_nms0yolov11n/conv80_143 is not running anymore, exiting..
[2026-04-18 11:58:57.961] [156861] [HailoRT] [info] [queue_elements.cpp:46] [~BaseQueueElement] Queue element PullQEl_nms0yolov11n/conv80_143 has 0 frames in his Queue on destruction
[2026-04-18 11:58:57.961] [157351] [HailoRT] [info] [queue_elements.cpp:68] [operator()] Thread in element PullQEl_nms1yolov11n/conv77_143 is not running anymore, exiting..
[2026-04-18 11:58:57.961] [156861] [HailoRT] [info] [queue_elements.cpp:46] [~BaseQueueElement] Queue element PullQEl_nms1yolov11n/conv77_143 has 0 frames in his Queue on destruction
[2026-04-18 11:58:57.961] [157350] [HailoRT] [info] [queue_elements.cpp:68] [operator()] Thread in element PullQEl_nms13yolov11n/conv65_143 is not running anymore, exiting..
[2026-04-18 11:58:57.961] [156861] [HailoRT] [info] [queue_elements.cpp:46] [~BaseQueueElement] Queue element PullQEl_nms13yolov11n/conv65_143 has 0 frames in his Queue on destruction
[2026-04-18 11:58:57.961] [157349] [HailoRT] [info] [queue_elements.cpp:68] [operator()] Thread in element PullQEl_nms15yolov11n/conv62_143 is not running anymore, exiting..
[2026-04-18 11:58:57.961] [156861] [HailoRT] [info] [queue_elements.cpp:46] [~BaseQueueElement] Queue element PullQEl_nms15yolov11n/conv62_143 has 0 frames in his Queue on destruction
[2026-04-18 11:58:57.961] [157348] [HailoRT] [info] [queue_elements.cpp:68] [operator()] Thread in element PullQEl_nms12yolov11n/conv54_143 is not running anymore, exiting..
[2026-04-18 11:58:57.961] [156861] [HailoRT] [info] [queue_elements.cpp:46] [~BaseQueueElement] Queue element PullQEl_nms12yolov11n/conv54_143 has 0 frames in his Queue on destruction
[2026-04-18 11:58:57.961] [157347] [HailoRT] [info] [queue_elements.cpp:68] [operator()] Thread in element PullQEl_nms3yolov11n/conv51_143 is not running anymore, exiting..
[2026-04-18 11:58:57.961] [156861] [HailoRT] [info] [queue_elements.cpp:46] [~BaseQueueElement] Queue element PullQEl_nms3yolov11n/conv51_143 has 0 frames in his Queue on destruction
[2026-04-18 11:58:57.961] [156861] [HailoRT] [info] [core_op.cpp:186] [deactivate] Deactivating took 0.00813 ms
[2026-04-18 11:58:57.961] [156861] [HailoRT] [info] [core_op.cpp:186] [deactivate] Deactivating took 0.017296 ms
[2026-04-18 11:58:58.009] [156861] [HailoRT] [info] [vdevice.cpp:535] [create] Creating vdevice with params: device_count: 1, scheduling_algorithm: NONE, multi_process_service: false
[2026-04-18 11:58:58.009] [156861] [HailoRT] [info] [device.cpp:51] [Device] OS Version: Linux 6.12.75+rpt-rpi-2712 #1 SMP PREEMPT Debian 1:6.12.75-1+rpt1 (2026-03-11) aarch64
[2026-04-18 11:58:58.009] [156861] [HailoRT] [info] [control.cpp:113] [control__parse_identify_results] firmware_version is: 4.23.0
[2026-04-18 11:58:58.009] [156861] [HailoRT] [info] [vdevice.cpp:682] [create] VDevice Infos: 0001:01:00.0
[2026-04-18 11:58:58.032] [156861] [HailoRT] [info] [internal_buffer_manager.cpp:77] [print_execution_results] Planned internal buffer memory: CMA=0 CMA-Desc=1441792 Pinned=44751360. memory to edge layer usage factor is 1
[2026-04-18 11:58:58.032] [156861] [HailoRT] [info] [internal_buffer_manager.cpp:86] [print_execution_results] Default Internal buffer planner executed successfully
[2026-04-18 11:58:58.115] [156861] [HailoRT] [info] [device_internal.cpp:57] [configure] Configuring HEF took 105.672135 milliseconds
[2026-04-18 11:58:58.116] [156861] [HailoRT] [info] [vdevice.cpp:780] [configure] Configuring HEF on VDevice took 106.035892 milliseconds
[2026-04-18 11:58:58.116] [156861] [HailoRT] [info] [control.cpp:113] [control__parse_identify_results] firmware_version is: 4.23.0
[2026-04-18 11:58:58.116] [156861] [HailoRT] [info] [control.cpp:113] [control__parse_identify_results] firmware_version is: 4.23.0
[2026-04-18 11:58:58.134] [156861] [HailoRT] [info] [core_op.cpp:156] [activate] Activating yolov11n took 17.446844 milliseconds. Note that the function is asynchronous and thus the network is not fully activated yet.
[2026-04-18 11:58:58.134] [156861] [HailoRT] [info] [core_op.cpp:156] [activate] Activating yolov11n took 17.46827 milliseconds. Note that the function is asynchronous and thus the network is not fully activated yet.
[2026-04-18 11:58:58.147] [156861] [HailoRT] [info] [control.cpp:113] [control__parse_identify_results] firmware_version is: 4.23.0
[2026-04-18 11:58:58.147] [156861] [HailoRT] [info] [control.cpp:113] [control__parse_identify_results] firmware_version is: 4.23.0
[2026-04-18 11:58:58.147] [156861] [HailoRT] [info] [edge_elements.cpp:52] [create] Created (HwWriteEl8yolov11n/input_layer1 | hw_frame_size: 1228800)
[2026-04-18 11:58:58.147] [156861] [HailoRT] [info] [queue_elements.cpp:284] [create] Created (PushQEl8yolov11n/input_layer1 | timeout: 10s)
[2026-04-18 11:58:58.147] [156861] [HailoRT] [info] [filter_elements.cpp:101] [create] Created (PreInferEl8yolov11n/input_layer1 | Reorder - src_order: NHWC, src_shape: (640, 640, 3), dst_order: NHCW, dst_shape: (640, 640, 3))
[2026-04-18 11:58:58.147] [156861] [HailoRT] [info] [vstream.cpp:754] [InputVStreamImpl] Creating yolov11n/input_layer1...
[2026-04-18 11:58:58.147] [156861] [HailoRT] [info] [vstream_builder.cpp:102] [create_inputs] Input pipeline 'yolov11n/input_layer1': (PreInferEl8yolov11n/input_layer1 | Reorder - src_order: NHWC, src_shape: (640, 640, 3), dst_order: NHCW, dst_shape: (640, 640, 3)) >> (PushQEl8yolov11n/input_layer1 | timeout: 10s) >> (HwWriteEl8yolov11n/input_layer1 | hw_frame_size: 1228800) >> HW
[2026-04-18 11:58:58.147] [156861] [HailoRT] [info] [multi_io_elements.cpp:135] [create] Created (NmsPPMuxEl0YOLOV8-Post-Process | Op YOLOV8, Name: YOLOV8-Post-Process, Score threshold: 0.200, IoU threshold: 0.70, Classes: 80, Max bboxes per class: 100, Image height: 640, Image width: 640)
[2026-04-18 11:58:58.147] [156861] [HailoRT] [info] [edge_elements.cpp:287] [create] Created (HwReadEl3yolov11n/conv51_143 | hw_frame_size: 409600)
[2026-04-18 11:58:58.147] [156861] [HailoRT] [info] [queue_elements.cpp:657] [create] Created (PullQEl_nms3yolov11n/conv51_143 | timeout: 10s)
[2026-04-18 11:58:58.147] [156861] [HailoRT] [info] [edge_elements.cpp:287] [create] Created (HwReadEl12yolov11n/conv54_143 | hw_frame_size: 512000)
[2026-04-18 11:58:58.147] [156861] [HailoRT] [info] [queue_elements.cpp:657] [create] Created (PullQEl_nms12yolov11n/conv54_143 | timeout: 10s)
[2026-04-18 11:58:58.148] [156861] [HailoRT] [info] [edge_elements.cpp:287] [create] Created (HwReadEl15yolov11n/conv62_143 | hw_frame_size: 102400)
[2026-04-18 11:58:58.148] [156861] [HailoRT] [info] [queue_elements.cpp:657] [create] Created (PullQEl_nms15yolov11n/conv62_143 | timeout: 10s)
[2026-04-18 11:58:58.148] [156861] [HailoRT] [info] [edge_elements.cpp:287] [create] Created (HwReadEl13yolov11n/conv65_143 | hw_frame_size: 128000)
[2026-04-18 11:58:58.148] [156861] [HailoRT] [info] [queue_elements.cpp:657] [create] Created (PullQEl_nms13yolov11n/conv65_143 | timeout: 10s)
[2026-04-18 11:58:58.148] [156861] [HailoRT] [info] [edge_elements.cpp:287] [create] Created (HwReadEl1yolov11n/conv77_143 | hw_frame_size: 30720)
[2026-04-18 11:58:58.148] [156861] [HailoRT] [info] [queue_elements.cpp:657] [create] Created (PullQEl_nms1yolov11n/conv77_143 | timeout: 10s)
[2026-04-18 11:58:58.148] [156861] [HailoRT] [info] [edge_elements.cpp:287] [create] Created (HwReadEl0yolov11n/conv80_143 | hw_frame_size: 38400)
[2026-04-18 11:58:58.148] [156861] [HailoRT] [info] [queue_elements.cpp:657] [create] Created (PullQEl_nms0yolov11n/conv80_143 | timeout: 10s)
[2026-04-18 11:58:58.148] [156861] [HailoRT] [info] [queue_elements.cpp:800] [create] Created (UserBufQEl_post_infer0yolov11n/yolov8_nms_postprocess | timeout: 10s)
[2026-04-18 11:58:58.148] [156861] [HailoRT] [info] [vstream.cpp:1114] [OutputVStreamImpl] Creating yolov11n/yolov8_nms_postprocess...
[2026-04-18 11:58:58.148] [156861] [HailoRT] [info] [vstream_builder.cpp:622] [create_output_post_process_nms] Output pipeline 'yolov11n/yolov8_nms_postprocess': HW >> (HwReadEl3yolov11n/conv51_143 | hw_frame_size: 409600) >> (PullQEl_nms3yolov11n/conv51_143) >> (HwReadEl12yolov11n/conv54_143 | hw_frame_size: 512000) >> (PullQEl_nms12yolov11n/conv54_143) >> (HwReadEl15yolov11n/conv62_143 | hw_frame_size: 102400) >> (PullQEl_nms15yolov11n/conv62_143) >> (HwReadEl13yolov11n/conv65_143 | hw_frame_size: 128000) >> (PullQEl_nms13yolov11n/conv65_143) >> (HwReadEl1yolov11n/conv77_143 | hw_frame_size: 30720) >> (PullQEl_nms1yolov11n/conv77_143) >> (HwReadEl0yolov11n/conv80_143 | hw_frame_size: 38400) >> (PullQEl_nms0yolov11n/conv80_143) >> (NmsPPMuxEl0YOLOV8-Post-Process | Op YOLOV8, Name: YOLOV8-Post-Process, Score threshold: 0.200, IoU threshold: 0.70, Classes: 80, Max bboxes per class: 100, Image height: 640, Image width: 640) >> (UserBufQEl_post_infer0yolov11n/yolov8_nms_postprocess | timeout: 10s)
[2026-04-18 11:59:58.148] [157822] [HailoRT] [info] [vdevice_native_stream.cpp:331] [read_impl] Failed read from stream HAILO_STREAM_ABORT(63) (device: 0001:01:00.0)
[2026-04-18 11:59:58.148] [157821] [HailoRT] [info] [vdevice_native_stream.cpp:331] [read_impl] Failed read from stream HAILO_STREAM_ABORT(63) (device: 0001:01:00.0)
[2026-04-18 11:59:58.148] [157821] [HailoRT] [info] [edge_elements.cpp:396] [run_pull] Reading from stream was aborted!
[2026-04-18 11:59:58.148] [157822] [HailoRT] [info] [edge_elements.cpp:396] [run_pull] Reading from stream was aborted!
[2026-04-18 11:59:58.148] [157821] [HailoRT] [info] [queue_elements.cpp:738] [run_in_thread] run_pull of queue element PullQEl_nms1yolov11n/conv77_143 was aborted!
[2026-04-18 11:59:58.148] [157822] [HailoRT] [info] [queue_elements.cpp:738] [run_in_thread] run_pull of queue element PullQEl_nms0yolov11n/conv80_143 was aborted!
[2026-04-18 11:59:58.149] [157817] [HailoRT] [info] [vdevice_native_stream.cpp:331] [read_impl] Failed read from stream HAILO_STREAM_ABORT(63) (device: 0001:01:00.0)
[2026-04-18 11:59:58.149] [157820] [HailoRT] [info] [vdevice_native_stream.cpp:331] [read_impl] Failed read from stream HAILO_STREAM_ABORT(63) (device: 0001:01:00.0)
[2026-04-18 11:59:58.149] [157820] [HailoRT] [info] [edge_elements.cpp:396] [run_pull] Reading from stream was aborted!
[2026-04-18 11:59:58.149] [157818] [HailoRT] [info] [vdevice_native_stream.cpp:331] [read_impl] Failed read from stream HAILO_STREAM_ABORT(63) (device: 0001:01:00.0)
[2026-04-18 11:59:58.149] [157820] [HailoRT] [info] [queue_elements.cpp:738] [run_in_thread] run_pull of queue element PullQEl_nms13yolov11n/conv65_143 was aborted!
[2026-04-18 11:59:58.149] [157818] [HailoRT] [info] [edge_elements.cpp:396] [run_pull] Reading from stream was aborted!
[2026-04-18 11:59:58.149] [157819] [HailoRT] [info] [vdevice_native_stream.cpp:331] [read_impl] Failed read from stream HAILO_STREAM_ABORT(63) (device: 0001:01:00.0)
[2026-04-18 11:59:58.149] [157818] [HailoRT] [info] [queue_elements.cpp:738] [run_in_thread] run_pull of queue element PullQEl_nms12yolov11n/conv54_143 was aborted!
[2026-04-18 11:59:58.149] [157819] [HailoRT] [info] [edge_elements.cpp:396] [run_pull] Reading from stream was aborted!
[2026-04-18 11:59:58.149] [157817] [HailoRT] [info] [edge_elements.cpp:396] [run_pull] Reading from stream was aborted!
[2026-04-18 11:59:58.149] [157817] [HailoRT] [info] [queue_elements.cpp:738] [run_in_thread] run_pull of queue element PullQEl_nms3yolov11n/conv51_143 was aborted!
[2026-04-18 11:59:58.149] [157819] [HailoRT] [info] [queue_elements.cpp:738] [run_in_thread] run_pull of queue element PullQEl_nms15yolov11n/conv62_143 was aborted!
[2026-04-18 11:59:58.149] [157826] [HailoRT] [info] [queue_elements.cpp:706] [run_pull] Shutdown event was signaled in dequeue of queue element PullQEl_nms15yolov11n/conv62_143!
[2026-04-18 11:59:58.149] [157826] [HailoRT] [info] [vstream.cpp:1138] [read] Receiving to VStream was shutdown!
[2026-04-18 11:59:58.150] [157816] [HailoRT] [info] [vdevice_native_stream.cpp:142] [write_impl] Failed write to stream yolov11n/input_layer1 (device: 0001:01:00.0) with status=HAILO_STREAM_ABORT(63)
[2026-04-18 11:59:58.150] [157816] [HailoRT] [info] [edge_elements.cpp:87] [run_push] Failed to send on input stream InputStream(index=8, name=yolov11n/input_layer1) because stream was aborted
[2026-04-18 11:59:58.150] [157816] [HailoRT] [info] [queue_elements.cpp:401] [run_in_thread] run_push of PushQEl8yolov11n/input_layer1 was aborted!
[2026-04-18 11:59:58.151] [157827] [HailoRT] [info] [queue_elements.cpp:319] [run_push] run_push of PushQEl8yolov11n/input_layer1 was aborted!
[2026-04-18 11:59:58.151] [157827] [HailoRT] [info] [filter_elements.cpp:35] [run_push] run_push of PreInferEl8yolov11n/input_layer1 was aborted!
[2026-04-18 11:59:58.151] [157827] [HailoRT] [info] [vstream.cpp:778] [write] Sending to VStream was aborted!
[2026-04-18 11:59:58.156] [156861] [HailoRT] [info] [queue_elements.cpp:360] [execute_deactivate] enqueue() in element PushQEl8yolov11n/input_layer1 was aborted, got status = HAILO_SHUTDOWN_EVENT_SIGNALED(57)
[2026-04-18 11:59:58.156] [157816] [HailoRT] [info] [queue_elements.cpp:68] [operator()] Thread in element PushQEl8yolov11n/input_layer1 is not running anymore, exiting..
[2026-04-18 11:59:58.157] [156861] [HailoRT] [info] [queue_elements.cpp:46] [~BaseQueueElement] Queue element PushQEl8yolov11n/input_layer1 has 0 frames in his Queue on destruction
[2026-04-18 11:59:58.157] [157823] [HailoRT] [info] [queue_elements.cpp:68] [operator()] Thread in element UserBufQEl_post_infer0yolov11n/yolov8_nms_postprocess is not running anymore, exiting..
[2026-04-18 11:59:58.157] [156861] [HailoRT] [info] [queue_elements.cpp:46] [~BaseQueueElement] Queue element UserBufQEl_post_infer0yolov11n/yolov8_nms_postprocess has 0 frames in his Queue on destruction
[2026-04-18 11:59:58.157] [157822] [HailoRT] [info] [queue_elements.cpp:68] [operator()] Thread in element PullQEl_nms0yolov11n/conv80_143 is not running anymore, exiting..
[2026-04-18 11:59:58.157] [156861] [HailoRT] [info] [queue_elements.cpp:46] [~BaseQueueElement] Queue element PullQEl_nms0yolov11n/conv80_143 has 0 frames in his Queue on destruction
[2026-04-18 11:59:58.157] [157821] [HailoRT] [info] [queue_elements.cpp:68] [operator()] Thread in element PullQEl_nms1yolov11n/conv77_143 is not running anymore, exiting..
[2026-04-18 11:59:58.157] [156861] [HailoRT] [info] [queue_elements.cpp:46] [~BaseQueueElement] Queue element PullQEl_nms1yolov11n/conv77_143 has 0 frames in his Queue on destruction
[2026-04-18 11:59:58.157] [157820] [HailoRT] [info] [queue_elements.cpp:68] [operator()] Thread in element PullQEl_nms13yolov11n/conv65_143 is not running anymore, exiting..
[2026-04-18 11:59:58.157] [156861] [HailoRT] [info] [queue_elements.cpp:46] [~BaseQueueElement] Queue element PullQEl_nms13yolov11n/conv65_143 has 1 frames in his Queue on destruction
[2026-04-18 11:59:58.157] [157819] [HailoRT] [info] [queue_elements.cpp:68] [operator()] Thread in element PullQEl_nms15yolov11n/conv62_143 is not running anymore, exiting..
[2026-04-18 11:59:58.157] [156861] [HailoRT] [info] [queue_elements.cpp:46] [~BaseQueueElement] Queue element PullQEl_nms15yolov11n/conv62_143 has 0 frames in his Queue on destruction
[2026-04-18 11:59:58.157] [157818] [HailoRT] [info] [queue_elements.cpp:68] [operator()] Thread in element PullQEl_nms12yolov11n/conv54_143 is not running anymore, exiting..
[2026-04-18 11:59:58.157] [156861] [HailoRT] [info] [queue_elements.cpp:46] [~BaseQueueElement] Queue element PullQEl_nms12yolov11n/conv54_143 has 0 frames in his Queue on destruction
[2026-04-18 11:59:58.157] [157817] [HailoRT] [info] [queue_elements.cpp:68] [operator()] Thread in element PullQEl_nms3yolov11n/conv51_143 is not running anymore, exiting..
[2026-04-18 11:59:58.157] [156861] [HailoRT] [info] [queue_elements.cpp:46] [~BaseQueueElement] Queue element PullQEl_nms3yolov11n/conv51_143 has 0 frames in his Queue on destruction
[2026-04-18 11:59:58.157] [156861] [HailoRT] [info] [core_op.cpp:186] [deactivate] Deactivating took 0.005796 ms
[2026-04-18 11:59:58.157] [156861] [HailoRT] [info] [core_op.cpp:186] [deactivate] Deactivating took 0.014204 ms
[2026-04-18 12:00:08.470] [158359] [HailoRT] [info] [vdevice.cpp:535] [create] Creating vdevice with params: device_count: 1, scheduling_algorithm: NONE, multi_process_service: false
[2026-04-18 12:00:08.483] [158359] [HailoRT] [info] [device.cpp:51] [Device] OS Version: Linux 6.12.75+rpt-rpi-2712 #1 SMP PREEMPT Debian 1:6.12.75-1+rpt1 (2026-03-11) aarch64
[2026-04-18 12:00:08.483] [158359] [HailoRT] [info] [control.cpp:113] [control__parse_identify_results] firmware_version is: 4.23.0
[2026-04-18 12:00:08.483] [158359] [HailoRT] [info] [vdevice.cpp:682] [create] VDevice Infos: 0001:01:00.0
[2026-04-18 12:00:08.505] [158359] [HailoRT] [info] [internal_buffer_manager.cpp:77] [print_execution_results] Planned internal buffer memory: CMA=0 CMA-Desc=1507328 Pinned=45928960. memory to edge layer usage factor is 1
[2026-04-18 12:00:08.505] [158359] [HailoRT] [info] [internal_buffer_manager.cpp:86] [print_execution_results] Default Internal buffer planner executed successfully
[2026-04-18 12:00:08.588] [158359] [HailoRT] [info] [device_internal.cpp:57] [configure] Configuring HEF took 104.314296 milliseconds
[2026-04-18 12:00:08.588] [158359] [HailoRT] [info] [vdevice.cpp:780] [configure] Configuring HEF on VDevice took 104.748201 milliseconds
[2026-04-18 12:00:08.588] [158359] [HailoRT] [info] [control.cpp:113] [control__parse_identify_results] firmware_version is: 4.23.0
[2026-04-18 12:00:08.589] [158359] [HailoRT] [info] [control.cpp:113] [control__parse_identify_results] firmware_version is: 4.23.0
[2026-04-18 12:00:08.608] [158359] [HailoRT] [info] [core_op.cpp:156] [activate] Activating yolov11n took 18.982912 milliseconds. Note that the function is asynchronous and thus the network is not fully activated yet.
[2026-04-18 12:00:08.608] [158359] [HailoRT] [info] [core_op.cpp:156] [activate] Activating yolov11n took 19.01069 milliseconds. Note that the function is asynchronous and thus the network is not fully activated yet.
[2026-04-18 12:00:08.621] [158359] [HailoRT] [info] [control.cpp:113] [control__parse_identify_results] firmware_version is: 4.23.0
[2026-04-18 12:00:08.621] [158359] [HailoRT] [info] [control.cpp:113] [control__parse_identify_results] firmware_version is: 4.23.0
[2026-04-18 12:00:09.786] [158351] [HailoRT] [info] [device.cpp:51] [Device] OS Version: Linux 6.12.75+rpt-rpi-2712 #1 SMP PREEMPT Debian 1:6.12.75-1+rpt1 (2026-03-11) aarch64
[2026-04-18 12:00:09.787] [158351] [HailoRT] [info] [control.cpp:113] [control__parse_identify_results] firmware_version is: 4.23.0
[2026-04-18 12:00:09.787] [158351] [HailoRT] [info] [control.cpp:113] [control__parse_identify_results] firmware_version is: 4.23.0
[2026-04-18 12:01:08.622] [158372] [HailoRT] [info] [vdevice_native_stream.cpp:331] [read_impl] Failed read from stream HAILO_STREAM_ABORT(63) (device: 0001:01:00.0)
[2026-04-18 12:01:08.622] [158370] [HailoRT] [info] [vdevice_native_stream.cpp:331] [read_impl] Failed read from stream HAILO_STREAM_ABORT(63) (device: 0001:01:00.0)
[2026-04-18 12:01:08.622] [158371] [HailoRT] [info] [vdevice_native_stream.cpp:331] [read_impl] Failed read from stream HAILO_STREAM_ABORT(63) (device: 0001:01:00.0)
[2026-04-18 12:01:08.622] [158373] [HailoRT] [info] [vdevice_native_stream.cpp:331] [read_impl] Failed read from stream HAILO_STREAM_ABORT(63) (device: 0001:01:00.0)
[2026-04-18 12:01:08.622] [158368] [HailoRT] [info] [vdevice_native_stream.cpp:331] [read_impl] Failed read from stream HAILO_STREAM_ABORT(63) (device: 0001:01:00.0)
[2026-04-18 12:01:08.622] [158369] [HailoRT] [info] [vdevice_native_stream.cpp:331] [read_impl] Failed read from stream HAILO_STREAM_ABORT(63) (device: 0001:01:00.0)
[2026-04-18 12:01:08.622] [158374] [HailoRT] [info] [vdevice_native_stream.cpp:142] [write_impl] Failed write to stream yolov11n/input_layer1 (device: 0001:01:00.0) with status=HAILO_STREAM_ABORT(63)
[2026-04-18 12:01:08.630] [158359] [HailoRT] [info] [core_op.cpp:186] [deactivate] Deactivating took 0.00824 ms
[2026-04-18 12:01:08.630] [158359] [HailoRT] [info] [core_op.cpp:186] [deactivate] Deactivating took 0.028555 ms
[2026-04-18 12:01:08.694] [158359] [HailoRT] [info] [vdevice.cpp:535] [create] Creating vdevice with params: device_count: 1, scheduling_algorithm: NONE, multi_process_service: false
[2026-04-18 12:01:08.694] [158359] [HailoRT] [info] [device.cpp:51] [Device] OS Version: Linux 6.12.75+rpt-rpi-2712 #1 SMP PREEMPT Debian 1:6.12.75-1+rpt1 (2026-03-11) aarch64
[2026-04-18 12:01:08.695] [158359] [HailoRT] [info] [control.cpp:113] [control__parse_identify_results] firmware_version is: 4.23.0
[2026-04-18 12:01:08.695] [158359] [HailoRT] [info] [vdevice.cpp:682] [create] VDevice Infos: 0001:01:00.0
[2026-04-18 12:01:08.713] [158359] [HailoRT] [info] [internal_buffer_manager.cpp:77] [print_execution_results] Planned internal buffer memory: CMA=0 CMA-Desc=1507328 Pinned=45928960. memory to edge layer usage factor is 1
[2026-04-18 12:01:08.713] [158359] [HailoRT] [info] [internal_buffer_manager.cpp:86] [print_execution_results] Default Internal buffer planner executed successfully
[2026-04-18 12:01:08.810] [158359] [HailoRT] [info] [device_internal.cpp:57] [configure] Configuring HEF took 114.889364 milliseconds
[2026-04-18 12:01:08.810] [158359] [HailoRT] [info] [vdevice.cpp:780] [configure] Configuring HEF on VDevice took 115.30114 milliseconds
[2026-04-18 12:01:08.810] [158359] [HailoRT] [info] [control.cpp:113] [control__parse_identify_results] firmware_version is: 4.23.0
[2026-04-18 12:01:08.811] [158359] [HailoRT] [info] [control.cpp:113] [control__parse_identify_results] firmware_version is: 4.23.0
[2026-04-18 12:01:08.830] [158359] [HailoRT] [info] [core_op.cpp:156] [activate] Activating yolov11n took 19.257505 milliseconds. Note that the function is asynchronous and thus the network is not fully activated yet.
[2026-04-18 12:01:08.830] [158359] [HailoRT] [info] [core_op.cpp:156] [activate] Activating yolov11n took 19.279338 milliseconds. Note that the function is asynchronous and thus the network is not fully activated yet.
[2026-04-18 12:01:08.843] [158359] [HailoRT] [info] [control.cpp:113] [control__parse_identify_results] firmware_version is: 4.23.0
[2026-04-18 12:01:08.843] [158359] [HailoRT] [info] [control.cpp:113] [control__parse_identify_results] firmware_version is: 4.23.0
[2026-04-18 12:01:08.843] [158359] [HailoRT] [info] [edge_elements.cpp:52] [create] Created (HwWriteEl8yolov11n/input_layer1 | hw_frame_size: 1228800)
[2026-04-18 12:01:08.844] [158359] [HailoRT] [info] [queue_elements.cpp:284] [create] Created (PushQEl8yolov11n/input_layer1 | timeout: 10s)
[2026-04-18 12:01:08.844] [158359] [HailoRT] [info] [filter_elements.cpp:101] [create] Created (PreInferEl8yolov11n/input_layer1 | Reorder - src_order: NHWC, src_shape: (640, 640, 3), dst_order: NHCW, dst_shape: (640, 640, 3))
[2026-04-18 12:01:08.844] [158359] [HailoRT] [info] [vstream.cpp:754] [InputVStreamImpl] Creating yolov11n/input_layer1...
[2026-04-18 12:01:08.844] [158359] [HailoRT] [info] [vstream_builder.cpp:102] [create_inputs] Input pipeline 'yolov11n/input_layer1': (PreInferEl8yolov11n/input_layer1 | Reorder - src_order: NHWC, src_shape: (640, 640, 3), dst_order: NHCW, dst_shape: (640, 640, 3)) >> (PushQEl8yolov11n/input_layer1 | timeout: 10s) >> (HwWriteEl8yolov11n/input_layer1 | hw_frame_size: 1228800) >> HW
[2026-04-18 12:01:08.844] [158359] [HailoRT] [info] [multi_io_elements.cpp:135] [create] Created (NmsPPMuxEl0YOLOV8-Post-Process | Op YOLOV8, Name: YOLOV8-Post-Process, Score threshold: 0.200, IoU threshold: 0.70, Classes: 80, Max bboxes per class: 100, Image height: 640, Image width: 640)
[2026-04-18 12:01:08.844] [158359] [HailoRT] [info] [edge_elements.cpp:287] [create] Created (HwReadEl3yolov11n/conv51_143 | hw_frame_size: 409600)
[2026-04-18 12:01:08.844] [158359] [HailoRT] [info] [queue_elements.cpp:657] [create] Created (PullQEl_nms3yolov11n/conv51_143 | timeout: 10s)
[2026-04-18 12:01:08.844] [158359] [HailoRT] [info] [edge_elements.cpp:287] [create] Created (HwReadEl12yolov11n/conv54_143 | hw_frame_size: 512000)
[2026-04-18 12:01:08.844] [158359] [HailoRT] [info] [queue_elements.cpp:657] [create] Created (PullQEl_nms12yolov11n/conv54_143 | timeout: 10s)
[2026-04-18 12:01:08.844] [158359] [HailoRT] [info] [edge_elements.cpp:287] [create] Created (HwReadEl15yolov11n/conv62_143 | hw_frame_size: 102400)
[2026-04-18 12:01:08.844] [158359] [HailoRT] [info] [queue_elements.cpp:657] [create] Created (PullQEl_nms15yolov11n/conv62_143 | timeout: 10s)
[2026-04-18 12:01:08.844] [158359] [HailoRT] [info] [edge_elements.cpp:287] [create] Created (HwReadEl13yolov11n/conv65_143 | hw_frame_size: 128000)
[2026-04-18 12:01:08.844] [158359] [HailoRT] [info] [queue_elements.cpp:657] [create] Created (PullQEl_nms13yolov11n/conv65_143 | timeout: 10s)
[2026-04-18 12:01:08.844] [158359] [HailoRT] [info] [edge_elements.cpp:287] [create] Created (HwReadEl1yolov11n/conv77_143 | hw_frame_size: 30720)
[2026-04-18 12:01:08.844] [158359] [HailoRT] [info] [queue_elements.cpp:657] [create] Created (PullQEl_nms1yolov11n/conv77_143 | timeout: 10s)
[2026-04-18 12:01:08.844] [158359] [HailoRT] [info] [edge_elements.cpp:287] [create] Created (HwReadEl0yolov11n/conv80_143 | hw_frame_size: 38400)
[2026-04-18 12:01:08.844] [158359] [HailoRT] [info] [queue_elements.cpp:657] [create] Created (PullQEl_nms0yolov11n/conv80_143 | timeout: 10s)
[2026-04-18 12:01:08.844] [158359] [HailoRT] [info] [queue_elements.cpp:800] [create] Created (UserBufQEl_post_infer0yolov11n/yolov8_nms_postprocess | timeout: 10s)
[2026-04-18 12:01:08.844] [158359] [HailoRT] [info] [vstream.cpp:1114] [OutputVStreamImpl] Creating yolov11n/yolov8_nms_postprocess...
[2026-04-18 12:01:08.844] [158359] [HailoRT] [info] [vstream_builder.cpp:622] [create_output_post_process_nms] Output pipeline 'yolov11n/yolov8_nms_postprocess': HW >> (HwReadEl3yolov11n/conv51_143 | hw_frame_size: 409600) >> (PullQEl_nms3yolov11n/conv51_143) >> (HwReadEl12yolov11n/conv54_143 | hw_frame_size: 512000) >> (PullQEl_nms12yolov11n/conv54_143) >> (HwReadEl15yolov11n/conv62_143 | hw_frame_size: 102400) >> (PullQEl_nms15yolov11n/conv62_143) >> (HwReadEl13yolov11n/conv65_143 | hw_frame_size: 128000) >> (PullQEl_nms13yolov11n/conv65_143) >> (HwReadEl1yolov11n/conv77_143 | hw_frame_size: 30720) >> (PullQEl_nms1yolov11n/conv77_143) >> (HwReadEl0yolov11n/conv80_143 | hw_frame_size: 38400) >> (PullQEl_nms0yolov11n/conv80_143) >> (NmsPPMuxEl0YOLOV8-Post-Process | Op YOLOV8, Name: YOLOV8-Post-Process, Score threshold: 0.200, IoU threshold: 0.70, Classes: 80, Max bboxes per class: 100, Image height: 640, Image width: 640) >> (UserBufQEl_post_infer0yolov11n/yolov8_nms_postprocess | timeout: 10s)
[2026-04-18 12:02:08.845] [158845] [HailoRT] [info] [vdevice_native_stream.cpp:331] [read_impl] Failed read from stream HAILO_STREAM_ABORT(63) (device: 0001:01:00.0)
[2026-04-18 12:02:08.845] [158843] [HailoRT] [info] [vdevice_native_stream.cpp:331] [read_impl] Failed read from stream HAILO_STREAM_ABORT(63) (device: 0001:01:00.0)
[2026-04-18 12:02:08.845] [158847] [HailoRT] [info] [vdevice_native_stream.cpp:331] [read_impl] Failed read from stream HAILO_STREAM_ABORT(63) (device: 0001:01:00.0)
[2026-04-18 12:02:08.845] [158843] [HailoRT] [info] [edge_elements.cpp:396] [run_pull] Reading from stream was aborted!
[2026-04-18 12:02:08.845] [158847] [HailoRT] [info] [edge_elements.cpp:396] [run_pull] Reading from stream was aborted!
[2026-04-18 12:02:08.845] [158842] [HailoRT] [info] [vdevice_native_stream.cpp:142] [write_impl] Failed write to stream yolov11n/input_layer1 (device: 0001:01:00.0) with status=HAILO_STREAM_ABORT(63)
[2026-04-18 12:02:08.845] [158847] [HailoRT] [info] [queue_elements.cpp:738] [run_in_thread] run_pull of queue element PullQEl_nms1yolov11n/conv77_143 was aborted!
[2026-04-18 12:02:08.845] [158842] [HailoRT] [info] [edge_elements.cpp:87] [run_push] Failed to send on input stream InputStream(index=8, name=yolov11n/input_layer1) because stream was aborted
[2026-04-18 12:02:08.845] [158842] [HailoRT] [info] [queue_elements.cpp:401] [run_in_thread] run_push of PushQEl8yolov11n/input_layer1 was aborted!
[2026-04-18 12:02:08.845] [158846] [HailoRT] [info] [vdevice_native_stream.cpp:331] [read_impl] Failed read from stream HAILO_STREAM_ABORT(63) (device: 0001:01:00.0)
[2026-04-18 12:02:08.845] [158846] [HailoRT] [info] [edge_elements.cpp:396] [run_pull] Reading from stream was aborted!
[2026-04-18 12:02:08.845] [158844] [HailoRT] [info] [vdevice_native_stream.cpp:331] [read_impl] Failed read from stream HAILO_STREAM_ABORT(63) (device: 0001:01:00.0)
[2026-04-18 12:02:08.845] [158844] [HailoRT] [info] [edge_elements.cpp:396] [run_pull] Reading from stream was aborted!
[2026-04-18 12:02:08.845] [158845] [HailoRT] [info] [edge_elements.cpp:396] [run_pull] Reading from stream was aborted!
[2026-04-18 12:02:08.845] [158846] [HailoRT] [info] [queue_elements.cpp:738] [run_in_thread] run_pull of queue element PullQEl_nms13yolov11n/conv65_143 was aborted!
[2026-04-18 12:02:08.845] [158844] [HailoRT] [info] [queue_elements.cpp:738] [run_in_thread] run_pull of queue element PullQEl_nms12yolov11n/conv54_143 was aborted!
[2026-04-18 12:02:08.845] [158845] [HailoRT] [info] [queue_elements.cpp:738] [run_in_thread] run_pull of queue element PullQEl_nms15yolov11n/conv62_143 was aborted!
[2026-04-18 12:02:08.845] [158843] [HailoRT] [info] [queue_elements.cpp:738] [run_in_thread] run_pull of queue element PullQEl_nms3yolov11n/conv51_143 was aborted!
[2026-04-18 12:02:08.845] [158848] [HailoRT] [info] [vdevice_native_stream.cpp:331] [read_impl] Failed read from stream HAILO_STREAM_ABORT(63) (device: 0001:01:00.0)
[2026-04-18 12:02:08.845] [158848] [HailoRT] [info] [edge_elements.cpp:396] [run_pull] Reading from stream was aborted!
[2026-04-18 12:02:08.845] [158848] [HailoRT] [info] [queue_elements.cpp:738] [run_in_thread] run_pull of queue element PullQEl_nms0yolov11n/conv80_143 was aborted!
[2026-04-18 12:02:08.845] [158853] [HailoRT] [info] [queue_elements.cpp:319] [run_push] run_push of PushQEl8yolov11n/input_layer1 was aborted!
[2026-04-18 12:02:08.845] [158853] [HailoRT] [info] [filter_elements.cpp:35] [run_push] run_push of PreInferEl8yolov11n/input_layer1 was aborted!
[2026-04-18 12:02:08.845] [158853] [HailoRT] [info] [vstream.cpp:778] [write] Sending to VStream was aborted!
[2026-04-18 12:02:08.845] [158852] [HailoRT] [info] [queue_elements.cpp:706] [run_pull] Shutdown event was signaled in dequeue of queue element PullQEl_nms3yolov11n/conv51_143!
[2026-04-18 12:02:08.845] [158852] [HailoRT] [info] [vstream.cpp:1138] [read] Receiving to VStream was shutdown!
[2026-04-18 12:02:08.853] [158359] [HailoRT] [info] [queue_elements.cpp:360] [execute_deactivate] enqueue() in element PushQEl8yolov11n/input_layer1 was aborted, got status = HAILO_SHUTDOWN_EVENT_SIGNALED(57)
[2026-04-18 12:02:08.853] [158842] [HailoRT] [info] [queue_elements.cpp:68] [operator()] Thread in element PushQEl8yolov11n/input_layer1 is not running anymore, exiting..
[2026-04-18 12:02:08.853] [158359] [HailoRT] [info] [queue_elements.cpp:46] [~BaseQueueElement] Queue element PushQEl8yolov11n/input_layer1 has 0 frames in his Queue on destruction
[2026-04-18 12:02:08.853] [158849] [HailoRT] [info] [queue_elements.cpp:68] [operator()] Thread in element UserBufQEl_post_infer0yolov11n/yolov8_nms_postprocess is not running anymore, exiting..
[2026-04-18 12:02:08.853] [158359] [HailoRT] [info] [queue_elements.cpp:46] [~BaseQueueElement] Queue element UserBufQEl_post_infer0yolov11n/yolov8_nms_postprocess has 0 frames in his Queue on destruction
[2026-04-18 12:02:08.853] [158848] [HailoRT] [info] [queue_elements.cpp:68] [operator()] Thread in element PullQEl_nms0yolov11n/conv80_143 is not running anymore, exiting..
[2026-04-18 12:02:08.853] [158359] [HailoRT] [info] [queue_elements.cpp:46] [~BaseQueueElement] Queue element PullQEl_nms0yolov11n/conv80_143 has 0 frames in his Queue on destruction
[2026-04-18 12:02:08.853] [158847] [HailoRT] [info] [queue_elements.cpp:68] [operator()] Thread in element PullQEl_nms1yolov11n/conv77_143 is not running anymore, exiting..
[2026-04-18 12:02:08.853] [158359] [HailoRT] [info] [queue_elements.cpp:46] [~BaseQueueElement] Queue element PullQEl_nms1yolov11n/conv77_143 has 0 frames in his Queue on destruction
[2026-04-18 12:02:08.853] [158846] [HailoRT] [info] [queue_elements.cpp:68] [operator()] Thread in element PullQEl_nms13yolov11n/conv65_143 is not running anymore, exiting..
[2026-04-18 12:02:08.853] [158359] [HailoRT] [info] [queue_elements.cpp:46] [~BaseQueueElement] Queue element PullQEl_nms13yolov11n/conv65_143 has 0 frames in his Queue on destruction
[2026-04-18 12:02:08.853] [158845] [HailoRT] [info] [queue_elements.cpp:68] [operator()] Thread in element PullQEl_nms15yolov11n/conv62_143 is not running anymore, exiting..
[2026-04-18 12:02:08.853] [158359] [HailoRT] [info] [queue_elements.cpp:46] [~BaseQueueElement] Queue element PullQEl_nms15yolov11n/conv62_143 has 0 frames in his Queue on destruction
[2026-04-18 12:02:08.853] [158844] [HailoRT] [info] [queue_elements.cpp:68] [operator()] Thread in element PullQEl_nms12yolov11n/conv54_143 is not running anymore, exiting..
[2026-04-18 12:02:08.853] [158359] [HailoRT] [info] [queue_elements.cpp:46] [~BaseQueueElement] Queue element PullQEl_nms12yolov11n/conv54_143 has 0 frames in his Queue on destruction
[2026-04-18 12:02:08.853] [158843] [HailoRT] [info] [queue_elements.cpp:68] [operator()] Thread in element PullQEl_nms3yolov11n/conv51_143 is not running anymore, exiting..
[2026-04-18 12:02:08.853] [158359] [HailoRT] [info] [queue_elements.cpp:46] [~BaseQueueElement] Queue element PullQEl_nms3yolov11n/conv51_143 has 0 frames in his Queue on destruction
[2026-04-18 12:02:08.853] [158359] [HailoRT] [info] [core_op.cpp:186] [deactivate] Deactivating took 0.006926 ms
[2026-04-18 12:02:08.853] [158359] [HailoRT] [info] [core_op.cpp:186] [deactivate] Deactivating took 0.015963 ms
[2026-04-18 12:02:08.905] [158359] [HailoRT] [info] [vdevice.cpp:535] [create] Creating vdevice with params: device_count: 1, scheduling_algorithm: NONE, multi_process_service: false
[2026-04-18 12:02:08.905] [158359] [HailoRT] [info] [device.cpp:51] [Device] OS Version: Linux 6.12.75+rpt-rpi-2712 #1 SMP PREEMPT Debian 1:6.12.75-1+rpt1 (2026-03-11) aarch64
[2026-04-18 12:02:08.905] [158359] [HailoRT] [info] [control.cpp:113] [control__parse_identify_results] firmware_version is: 4.23.0
[2026-04-18 12:02:08.905] [158359] [HailoRT] [info] [vdevice.cpp:682] [create] VDevice Infos: 0001:01:00.0
[2026-04-18 12:02:08.921] [158359] [HailoRT] [info] [internal_buffer_manager.cpp:77] [print_execution_results] Planned internal buffer memory: CMA=0 CMA-Desc=1507328 Pinned=45928960. memory to edge layer usage factor is 1
[2026-04-18 12:02:08.921] [158359] [HailoRT] [info] [internal_buffer_manager.cpp:86] [print_execution_results] Default Internal buffer planner executed successfully
[2026-04-18 12:02:09.011] [158359] [HailoRT] [info] [device_internal.cpp:57] [configure] Configuring HEF took 105.826429 milliseconds
[2026-04-18 12:02:09.012] [158359] [HailoRT] [info] [vdevice.cpp:780] [configure] Configuring HEF on VDevice took 106.206854 milliseconds
[2026-04-18 12:02:09.012] [158359] [HailoRT] [info] [control.cpp:113] [control__parse_identify_results] firmware_version is: 4.23.0
[2026-04-18 12:02:09.012] [158359] [HailoRT] [info] [control.cpp:113] [control__parse_identify_results] firmware_version is: 4.23.0
[2026-04-18 12:02:09.030] [158359] [HailoRT] [info] [core_op.cpp:156] [activate] Activating yolov11n took 17.467014 milliseconds. Note that the function is asynchronous and thus the network is not fully activated yet.
[2026-04-18 12:02:09.030] [158359] [HailoRT] [info] [core_op.cpp:156] [activate] Activating yolov11n took 17.488736 milliseconds. Note that the function is asynchronous and thus the network is not fully activated yet.
[2026-04-18 12:02:09.043] [158359] [HailoRT] [info] [control.cpp:113] [control__parse_identify_results] firmware_version is: 4.23.0
[2026-04-18 12:02:09.043] [158359] [HailoRT] [info] [control.cpp:113] [control__parse_identify_results] firmware_version is: 4.23.0
[2026-04-18 12:02:09.043] [158359] [HailoRT] [info] [edge_elements.cpp:52] [create] Created (HwWriteEl8yolov11n/input_layer1 | hw_frame_size: 1228800)
[2026-04-18 12:02:09.043] [158359] [HailoRT] [info] [queue_elements.cpp:284] [create] Created (PushQEl8yolov11n/input_layer1 | timeout: 10s)
[2026-04-18 12:02:09.043] [158359] [HailoRT] [info] [filter_elements.cpp:101] [create] Created (PreInferEl8yolov11n/input_layer1 | Reorder - src_order: NHWC, src_shape: (640, 640, 3), dst_order: NHCW, dst_shape: (640, 640, 3))
[2026-04-18 12:02:09.043] [158359] [HailoRT] [info] [vstream.cpp:754] [InputVStreamImpl] Creating yolov11n/input_layer1...
[2026-04-18 12:02:09.043] [158359] [HailoRT] [info] [vstream_builder.cpp:102] [create_inputs] Input pipeline 'yolov11n/input_layer1': (PreInferEl8yolov11n/input_layer1 | Reorder - src_order: NHWC, src_shape: (640, 640, 3), dst_order: NHCW, dst_shape: (640, 640, 3)) >> (PushQEl8yolov11n/input_layer1 | timeout: 10s) >> (HwWriteEl8yolov11n/input_layer1 | hw_frame_size: 1228800) >> HW
[2026-04-18 12:02:09.043] [158359] [HailoRT] [info] [multi_io_elements.cpp:135] [create] Created (NmsPPMuxEl0YOLOV8-Post-Process | Op YOLOV8, Name: YOLOV8-Post-Process, Score threshold: 0.200, IoU threshold: 0.70, Classes: 80, Max bboxes per class: 100, Image height: 640, Image width: 640)
[2026-04-18 12:02:09.043] [158359] [HailoRT] [info] [edge_elements.cpp:287] [create] Created (HwReadEl3yolov11n/conv51_143 | hw_frame_size: 409600)
[2026-04-18 12:02:09.044] [158359] [HailoRT] [info] [queue_elements.cpp:657] [create] Created (PullQEl_nms3yolov11n/conv51_143 | timeout: 10s)
[2026-04-18 12:02:09.044] [158359] [HailoRT] [info] [edge_elements.cpp:287] [create] Created (HwReadEl12yolov11n/conv54_143 | hw_frame_size: 512000)
[2026-04-18 12:02:09.044] [158359] [HailoRT] [info] [queue_elements.cpp:657] [create] Created (PullQEl_nms12yolov11n/conv54_143 | timeout: 10s)
[2026-04-18 12:02:09.044] [158359] [HailoRT] [info] [edge_elements.cpp:287] [create] Created (HwReadEl15yolov11n/conv62_143 | hw_frame_size: 102400)
[2026-04-18 12:02:09.044] [158359] [HailoRT] [info] [queue_elements.cpp:657] [create] Created (PullQEl_nms15yolov11n/conv62_143 | timeout: 10s)
[2026-04-18 12:02:09.044] [158359] [HailoRT] [info] [edge_elements.cpp:287] [create] Created (HwReadEl13yolov11n/conv65_143 | hw_frame_size: 128000)
[2026-04-18 12:02:09.044] [158359] [HailoRT] [info] [queue_elements.cpp:657] [create] Created (PullQEl_nms13yolov11n/conv65_143 | timeout: 10s)
[2026-04-18 12:02:09.044] [158359] [HailoRT] [info] [edge_elements.cpp:287] [create] Created (HwReadEl1yolov11n/conv77_143 | hw_frame_size: 30720)
[2026-04-18 12:02:09.044] [158359] [HailoRT] [info] [queue_elements.cpp:657] [create] Created (PullQEl_nms1yolov11n/conv77_143 | timeout: 10s)
[2026-04-18 12:02:09.044] [158359] [HailoRT] [info] [edge_elements.cpp:287] [create] Created (HwReadEl0yolov11n/conv80_143 | hw_frame_size: 38400)
[2026-04-18 12:02:09.044] [158359] [HailoRT] [info] [queue_elements.cpp:657] [create] Created (PullQEl_nms0yolov11n/conv80_143 | timeout: 10s)
[2026-04-18 12:02:09.044] [158359] [HailoRT] [info] [queue_elements.cpp:800] [create] Created (UserBufQEl_post_infer0yolov11n/yolov8_nms_postprocess | timeout: 10s)
[2026-04-18 12:02:09.044] [158359] [HailoRT] [info] [vstream.cpp:1114] [OutputVStreamImpl] Creating yolov11n/yolov8_nms_postprocess...
[2026-04-18 12:02:09.044] [158359] [HailoRT] [info] [vstream_builder.cpp:622] [create_output_post_process_nms] Output pipeline 'yolov11n/yolov8_nms_postprocess': HW >> (HwReadEl3yolov11n/conv51_143 | hw_frame_size: 409600) >> (PullQEl_nms3yolov11n/conv51_143) >> (HwReadEl12yolov11n/conv54_143 | hw_frame_size: 512000) >> (PullQEl_nms12yolov11n/conv54_143) >> (HwReadEl15yolov11n/conv62_143 | hw_frame_size: 102400) >> (PullQEl_nms15yolov11n/conv62_143) >> (HwReadEl13yolov11n/conv65_143 | hw_frame_size: 128000) >> (PullQEl_nms13yolov11n/conv65_143) >> (HwReadEl1yolov11n/conv77_143 | hw_frame_size: 30720) >> (PullQEl_nms1yolov11n/conv77_143) >> (HwReadEl0yolov11n/conv80_143 | hw_frame_size: 38400) >> (PullQEl_nms0yolov11n/conv80_143) >> (NmsPPMuxEl0YOLOV8-Post-Process | Op YOLOV8, Name: YOLOV8-Post-Process, Score threshold: 0.200, IoU threshold: 0.70, Classes: 80, Max bboxes per class: 100, Image height: 640, Image width: 640) >> (UserBufQEl_post_infer0yolov11n/yolov8_nms_postprocess | timeout: 10s)
[2026-04-18 12:03:09.044] [159316] [HailoRT] [info] [vdevice_native_stream.cpp:331] [read_impl] Failed read from stream HAILO_STREAM_ABORT(63) (device: 0001:01:00.0)
[2026-04-18 12:03:09.044] [159316] [HailoRT] [info] [edge_elements.cpp:396] [run_pull] Reading from stream was aborted!
[2026-04-18 12:03:09.044] [159315] [HailoRT] [info] [vdevice_native_stream.cpp:331] [read_impl] Failed read from stream HAILO_STREAM_ABORT(63) (device: 0001:01:00.0)
[2026-04-18 12:03:09.044] [159315] [HailoRT] [info] [edge_elements.cpp:396] [run_pull] Reading from stream was aborted!
[2026-04-18 12:03:09.044] [159317] [HailoRT] [info] [vdevice_native_stream.cpp:331] [read_impl] Failed read from stream HAILO_STREAM_ABORT(63) (device: 0001:01:00.0)
[2026-04-18 12:03:09.044] [159314] [HailoRT] [info] [vdevice_native_stream.cpp:331] [read_impl] Failed read from stream HAILO_STREAM_ABORT(63) (device: 0001:01:00.0)
[2026-04-18 12:03:09.044] [159317] [HailoRT] [info] [edge_elements.cpp:396] [run_pull] Reading from stream was aborted!
[2026-04-18 12:03:09.044] [159314] [HailoRT] [info] [edge_elements.cpp:396] [run_pull] Reading from stream was aborted!
[2026-04-18 12:03:09.044] [159315] [HailoRT] [info] [queue_elements.cpp:738] [run_in_thread] run_pull of queue element PullQEl_nms12yolov11n/conv54_143 was aborted!
[2026-04-18 12:03:09.044] [159314] [HailoRT] [info] [queue_elements.cpp:738] [run_in_thread] run_pull of queue element PullQEl_nms3yolov11n/conv51_143 was aborted!
[2026-04-18 12:03:09.044] [159317] [HailoRT] [info] [queue_elements.cpp:738] [run_in_thread] run_pull of queue element PullQEl_nms13yolov11n/conv65_143 was aborted!
[2026-04-18 12:03:09.044] [159323] [HailoRT] [info] [queue_elements.cpp:706] [run_pull] Shutdown event was signaled in dequeue of queue element PullQEl_nms3yolov11n/conv51_143!
[2026-04-18 12:03:09.044] [159323] [HailoRT] [info] [vstream.cpp:1138] [read] Receiving to VStream was shutdown!
[2026-04-18 12:03:09.045] [159319] [HailoRT] [info] [vdevice_native_stream.cpp:331] [read_impl] Failed read from stream HAILO_STREAM_ABORT(63) (device: 0001:01:00.0)
[2026-04-18 12:03:09.045] [159319] [HailoRT] [info] [edge_elements.cpp:396] [run_pull] Reading from stream was aborted!
[2026-04-18 12:03:09.045] [159319] [HailoRT] [info] [queue_elements.cpp:738] [run_in_thread] run_pull of queue element PullQEl_nms0yolov11n/conv80_143 was aborted!
[2026-04-18 12:03:09.044] [159318] [HailoRT] [info] [vdevice_native_stream.cpp:331] [read_impl] Failed read from stream HAILO_STREAM_ABORT(63) (device: 0001:01:00.0)
[2026-04-18 12:03:09.045] [159318] [HailoRT] [info] [edge_elements.cpp:396] [run_pull] Reading from stream was aborted!
[2026-04-18 12:03:09.045] [159318] [HailoRT] [info] [queue_elements.cpp:738] [run_in_thread] run_pull of queue element PullQEl_nms1yolov11n/conv77_143 was aborted!
[2026-04-18 12:03:09.044] [159316] [HailoRT] [info] [queue_elements.cpp:738] [run_in_thread] run_pull of queue element PullQEl_nms15yolov11n/conv62_143 was aborted!
[2026-04-18 12:03:09.046] [159313] [HailoRT] [info] [vdevice_native_stream.cpp:142] [write_impl] Failed write to stream yolov11n/input_layer1 (device: 0001:01:00.0) with status=HAILO_STREAM_ABORT(63)
[2026-04-18 12:03:09.046] [159313] [HailoRT] [info] [edge_elements.cpp:87] [run_push] Failed to send on input stream InputStream(index=8, name=yolov11n/input_layer1) because stream was aborted
[2026-04-18 12:03:09.046] [159313] [HailoRT] [info] [queue_elements.cpp:401] [run_in_thread] run_push of PushQEl8yolov11n/input_layer1 was aborted!
[2026-04-18 12:03:09.047] [159324] [HailoRT] [info] [queue_elements.cpp:319] [run_push] run_push of PushQEl8yolov11n/input_layer1 was aborted!
[2026-04-18 12:03:09.047] [159324] [HailoRT] [info] [filter_elements.cpp:35] [run_push] run_push of PreInferEl8yolov11n/input_layer1 was aborted!
[2026-04-18 12:03:09.047] [159324] [HailoRT] [info] [vstream.cpp:778] [write] Sending to VStream was aborted!
[2026-04-18 12:03:09.052] [158359] [HailoRT] [info] [queue_elements.cpp:360] [execute_deactivate] enqueue() in element PushQEl8yolov11n/input_layer1 was aborted, got status = HAILO_SHUTDOWN_EVENT_SIGNALED(57)
[2026-04-18 12:03:09.052] [159313] [HailoRT] [info] [queue_elements.cpp:68] [operator()] Thread in element PushQEl8yolov11n/input_layer1 is not running anymore, exiting..
[2026-04-18 12:03:09.052] [158359] [HailoRT] [info] [queue_elements.cpp:46] [~BaseQueueElement] Queue element PushQEl8yolov11n/input_layer1 has 0 frames in his Queue on destruction
[2026-04-18 12:03:09.052] [159320] [HailoRT] [info] [queue_elements.cpp:68] [operator()] Thread in element UserBufQEl_post_infer0yolov11n/yolov8_nms_postprocess is not running anymore, exiting..
[2026-04-18 12:03:09.052] [158359] [HailoRT] [info] [queue_elements.cpp:46] [~BaseQueueElement] Queue element UserBufQEl_post_infer0yolov11n/yolov8_nms_postprocess has 0 frames in his Queue on destruction
[2026-04-18 12:03:09.052] [159319] [HailoRT] [info] [queue_elements.cpp:68] [operator()] Thread in element PullQEl_nms0yolov11n/conv80_143 is not running anymore, exiting..
[2026-04-18 12:03:09.053] [158359] [HailoRT] [info] [queue_elements.cpp:46] [~BaseQueueElement] Queue element PullQEl_nms0yolov11n/conv80_143 has 0 frames in his Queue on destruction
[2026-04-18 12:03:09.053] [159318] [HailoRT] [info] [queue_elements.cpp:68] [operator()] Thread in element PullQEl_nms1yolov11n/conv77_143 is not running anymore, exiting..
[2026-04-18 12:03:09.053] [158359] [HailoRT] [info] [queue_elements.cpp:46] [~BaseQueueElement] Queue element PullQEl_nms1yolov11n/conv77_143 has 0 frames in his Queue on destruction
[2026-04-18 12:03:09.053] [159317] [HailoRT] [info] [queue_elements.cpp:68] [operator()] Thread in element PullQEl_nms13yolov11n/conv65_143 is not running anymore, exiting..
[2026-04-18 12:03:09.053] [158359] [HailoRT] [info] [queue_elements.cpp:46] [~BaseQueueElement] Queue element PullQEl_nms13yolov11n/conv65_143 has 0 frames in his Queue on destruction
[2026-04-18 12:03:09.053] [159316] [HailoRT] [info] [queue_elements.cpp:68] [operator()] Thread in element PullQEl_nms15yolov11n/conv62_143 is not running anymore, exiting..
[2026-04-18 12:03:09.053] [158359] [HailoRT] [info] [queue_elements.cpp:46] [~BaseQueueElement] Queue element PullQEl_nms15yolov11n/conv62_143 has 0 frames in his Queue on destruction
[2026-04-18 12:03:09.053] [159315] [HailoRT] [info] [queue_elements.cpp:68] [operator()] Thread in element PullQEl_nms12yolov11n/conv54_143 is not running anymore, exiting..
[2026-04-18 12:03:09.053] [158359] [HailoRT] [info] [queue_elements.cpp:46] [~BaseQueueElement] Queue element PullQEl_nms12yolov11n/conv54_143 has 0 frames in his Queue on destruction
[2026-04-18 12:03:09.053] [159314] [HailoRT] [info] [queue_elements.cpp:68] [operator()] Thread in element PullQEl_nms3yolov11n/conv51_143 is not running anymore, exiting..
[2026-04-18 12:03:09.053] [158359] [HailoRT] [info] [queue_elements.cpp:46] [~BaseQueueElement] Queue element PullQEl_nms3yolov11n/conv51_143 has 0 frames in his Queue on destruction
[2026-04-18 12:03:09.053] [158359] [HailoRT] [info] [core_op.cpp:186] [deactivate] Deactivating took 0.007833 ms
[2026-04-18 12:03:09.053] [158359] [HailoRT] [info] [core_op.cpp:186] [deactivate] Deactivating took 0.016352 ms
[2026-04-18 12:03:19.367] [159859] [HailoRT] [info] [vdevice.cpp:535] [create] Creating vdevice with params: device_count: 1, scheduling_algorithm: NONE, multi_process_service: false
[2026-04-18 12:03:19.380] [159859] [HailoRT] [info] [device.cpp:51] [Device] OS Version: Linux 6.12.75+rpt-rpi-2712 #1 SMP PREEMPT Debian 1:6.12.75-1+rpt1 (2026-03-11) aarch64
[2026-04-18 12:03:19.380] [159859] [HailoRT] [info] [control.cpp:113] [control__parse_identify_results] firmware_version is: 4.23.0
[2026-04-18 12:03:19.380] [159859] [HailoRT] [info] [vdevice.cpp:682] [create] VDevice Infos: 0001:01:00.0
[2026-04-18 12:03:19.401] [159859] [HailoRT] [info] [internal_buffer_manager.cpp:77] [print_execution_results] Planned internal buffer memory: CMA=0 CMA-Desc=1507328 Pinned=47106560. memory to edge layer usage factor is 1
[2026-04-18 12:03:19.401] [159859] [HailoRT] [info] [internal_buffer_manager.cpp:86] [print_execution_results] Default Internal buffer planner executed successfully
[2026-04-18 12:03:19.483] [159859] [HailoRT] [info] [device_internal.cpp:57] [configure] Configuring HEF took 102.743318 milliseconds
[2026-04-18 12:03:19.483] [159859] [HailoRT] [info] [vdevice.cpp:780] [configure] Configuring HEF on VDevice took 103.139687 milliseconds
[2026-04-18 12:03:19.484] [159859] [HailoRT] [info] [control.cpp:113] [control__parse_identify_results] firmware_version is: 4.23.0
[2026-04-18 12:03:19.484] [159859] [HailoRT] [info] [control.cpp:113] [control__parse_identify_results] firmware_version is: 4.23.0
[2026-04-18 12:03:19.503] [159859] [HailoRT] [info] [core_op.cpp:156] [activate] Activating yolov11n took 19.135119 milliseconds. Note that the function is asynchronous and thus the network is not fully activated yet.
[2026-04-18 12:03:19.503] [159859] [HailoRT] [info] [core_op.cpp:156] [activate] Activating yolov11n took 19.163099 milliseconds. Note that the function is asynchronous and thus the network is not fully activated yet.
[2026-04-18 12:03:19.516] [159859] [HailoRT] [info] [control.cpp:113] [control__parse_identify_results] firmware_version is: 4.23.0
[2026-04-18 12:03:19.517] [159859] [HailoRT] [info] [control.cpp:113] [control__parse_identify_results] firmware_version is: 4.23.0
[2026-04-18 12:03:20.686] [159851] [HailoRT] [info] [device.cpp:51] [Device] OS Version: Linux 6.12.75+rpt-rpi-2712 #1 SMP PREEMPT Debian 1:6.12.75-1+rpt1 (2026-03-11) aarch64
[2026-04-18 12:03:20.687] [159851] [HailoRT] [info] [control.cpp:113] [control__parse_identify_results] firmware_version is: 4.23.0
[2026-04-18 12:03:20.687] [159851] [HailoRT] [info] [control.cpp:113] [control__parse_identify_results] firmware_version is: 4.23.0
[2026-04-18 12:04:19.517] [159870] [HailoRT] [info] [vdevice_native_stream.cpp:331] [read_impl] Failed read from stream HAILO_STREAM_ABORT(63) (device: 0001:01:00.0)
[2026-04-18 12:04:19.517] [159875] [HailoRT] [info] [vdevice_native_stream.cpp:142] [write_impl] Failed write to stream yolov11n/input_layer1 (device: 0001:01:00.0) with status=HAILO_STREAM_ABORT(63)
[2026-04-18 12:04:19.517] [159872] [HailoRT] [info] [vdevice_native_stream.cpp:331] [read_impl] Failed read from stream HAILO_STREAM_ABORT(63) (device: 0001:01:00.0)
[2026-04-18 12:04:19.517] [159871] [HailoRT] [info] [vdevice_native_stream.cpp:331] [read_impl] Failed read from stream HAILO_STREAM_ABORT(63) (device: 0001:01:00.0)
[2026-04-18 12:04:19.517] [159874] [HailoRT] [info] [vdevice_native_stream.cpp:331] [read_impl] Failed read from stream HAILO_STREAM_ABORT(63) (device: 0001:01:00.0)
[2026-04-18 12:04:19.517] [159873] [HailoRT] [info] [vdevice_native_stream.cpp:331] [read_impl] Failed read from stream HAILO_STREAM_ABORT(63) (device: 0001:01:00.0)
[2026-04-18 12:04:19.517] [159869] [HailoRT] [info] [vdevice_native_stream.cpp:331] [read_impl] Failed read from stream HAILO_STREAM_ABORT(63) (device: 0001:01:00.0)
[2026-04-18 12:04:19.525] [159859] [HailoRT] [info] [core_op.cpp:186] [deactivate] Deactivating took 0.007167 ms
[2026-04-18 12:04:19.525] [159859] [HailoRT] [info] [core_op.cpp:186] [deactivate] Deactivating took 0.023055 ms
[2026-04-18 12:04:19.569] [159859] [HailoRT] [info] [vdevice.cpp:535] [create] Creating vdevice with params: device_count: 1, scheduling_algorithm: NONE, multi_process_service: false
[2026-04-18 12:04:19.569] [159859] [HailoRT] [info] [device.cpp:51] [Device] OS Version: Linux 6.12.75+rpt-rpi-2712 #1 SMP PREEMPT Debian 1:6.12.75-1+rpt1 (2026-03-11) aarch64
[2026-04-18 12:04:19.569] [159859] [HailoRT] [info] [control.cpp:113] [control__parse_identify_results] firmware_version is: 4.23.0
[2026-04-18 12:04:19.569] [159859] [HailoRT] [info] [vdevice.cpp:682] [create] VDevice Infos: 0001:01:00.0
[2026-04-18 12:04:19.592] [159859] [HailoRT] [info] [internal_buffer_manager.cpp:77] [print_execution_results] Planned internal buffer memory: CMA=0 CMA-Desc=1507328 Pinned=47106560. memory to edge layer usage factor is 1
[2026-04-18 12:04:19.592] [159859] [HailoRT] [info] [internal_buffer_manager.cpp:86] [print_execution_results] Default Internal buffer planner executed successfully
[2026-04-18 12:04:19.675] [159859] [HailoRT] [info] [device_internal.cpp:57] [configure] Configuring HEF took 105.847572 milliseconds
[2026-04-18 12:04:19.676] [159859] [HailoRT] [info] [vdevice.cpp:780] [configure] Configuring HEF on VDevice took 106.210633 milliseconds
[2026-04-18 12:04:19.676] [159859] [HailoRT] [info] [control.cpp:113] [control__parse_identify_results] firmware_version is: 4.23.0
[2026-04-18 12:04:19.676] [159859] [HailoRT] [info] [control.cpp:113] [control__parse_identify_results] firmware_version is: 4.23.0
[2026-04-18 12:04:19.695] [159859] [HailoRT] [info] [core_op.cpp:156] [activate] Activating yolov11n took 18.957809 milliseconds. Note that the function is asynchronous and thus the network is not fully activated yet.
[2026-04-18 12:04:19.695] [159859] [HailoRT] [info] [core_op.cpp:156] [activate] Activating yolov11n took 18.97979 milliseconds. Note that the function is asynchronous and thus the network is not fully activated yet.
[2026-04-18 12:04:19.708] [159859] [HailoRT] [info] [control.cpp:113] [control__parse_identify_results] firmware_version is: 4.23.0
[2026-04-18 12:04:19.709] [159859] [HailoRT] [info] [control.cpp:113] [control__parse_identify_results] firmware_version is: 4.23.0
[2026-04-18 12:04:19.709] [159859] [HailoRT] [info] [edge_elements.cpp:52] [create] Created (HwWriteEl8yolov11n/input_layer1 | hw_frame_size: 1228800)
[2026-04-18 12:04:19.709] [159859] [HailoRT] [info] [queue_elements.cpp:284] [create] Created (PushQEl8yolov11n/input_layer1 | timeout: 10s)
[2026-04-18 12:04:19.709] [159859] [HailoRT] [info] [filter_elements.cpp:101] [create] Created (PreInferEl8yolov11n/input_layer1 | Reorder - src_order: NHWC, src_shape: (640, 640, 3), dst_order: NHCW, dst_shape: (640, 640, 3))
[2026-04-18 12:04:19.709] [159859] [HailoRT] [info] [vstream.cpp:754] [InputVStreamImpl] Creating yolov11n/input_layer1...
[2026-04-18 12:04:19.709] [159859] [HailoRT] [info] [vstream_builder.cpp:102] [create_inputs] Input pipeline 'yolov11n/input_layer1': (PreInferEl8yolov11n/input_layer1 | Reorder - src_order: NHWC, src_shape: (640, 640, 3), dst_order: NHCW, dst_shape: (640, 640, 3)) >> (PushQEl8yolov11n/input_layer1 | timeout: 10s) >> (HwWriteEl8yolov11n/input_layer1 | hw_frame_size: 1228800) >> HW
[2026-04-18 12:04:19.709] [159859] [HailoRT] [info] [multi_io_elements.cpp:135] [create] Created (NmsPPMuxEl0YOLOV8-Post-Process | Op YOLOV8, Name: YOLOV8-Post-Process, Score threshold: 0.200, IoU threshold: 0.70, Classes: 80, Max bboxes per class: 100, Image height: 640, Image width: 640)
[2026-04-18 12:04:19.709] [159859] [HailoRT] [info] [edge_elements.cpp:287] [create] Created (HwReadEl3yolov11n/conv51_143 | hw_frame_size: 409600)
[2026-04-18 12:04:19.709] [159859] [HailoRT] [info] [queue_elements.cpp:657] [create] Created (PullQEl_nms3yolov11n/conv51_143 | timeout: 10s)
[2026-04-18 12:04:19.709] [159859] [HailoRT] [info] [edge_elements.cpp:287] [create] Created (HwReadEl12yolov11n/conv54_143 | hw_frame_size: 512000)
[2026-04-18 12:04:19.709] [159859] [HailoRT] [info] [queue_elements.cpp:657] [create] Created (PullQEl_nms12yolov11n/conv54_143 | timeout: 10s)
[2026-04-18 12:04:19.709] [159859] [HailoRT] [info] [edge_elements.cpp:287] [create] Created (HwReadEl15yolov11n/conv62_143 | hw_frame_size: 102400)
[2026-04-18 12:04:19.709] [159859] [HailoRT] [info] [queue_elements.cpp:657] [create] Created (PullQEl_nms15yolov11n/conv62_143 | timeout: 10s)
[2026-04-18 12:04:19.709] [159859] [HailoRT] [info] [edge_elements.cpp:287] [create] Created (HwReadEl13yolov11n/conv65_143 | hw_frame_size: 128000)
[2026-04-18 12:04:19.709] [159859] [HailoRT] [info] [queue_elements.cpp:657] [create] Created (PullQEl_nms13yolov11n/conv65_143 | timeout: 10s)
[2026-04-18 12:04:19.709] [159859] [HailoRT] [info] [edge_elements.cpp:287] [create] Created (HwReadEl1yolov11n/conv77_143 | hw_frame_size: 30720)
[2026-04-18 12:04:19.709] [159859] [HailoRT] [info] [queue_elements.cpp:657] [create] Created (PullQEl_nms1yolov11n/conv77_143 | timeout: 10s)
[2026-04-18 12:04:19.709] [159859] [HailoRT] [info] [edge_elements.cpp:287] [create] Created (HwReadEl0yolov11n/conv80_143 | hw_frame_size: 38400)
[2026-04-18 12:04:19.710] [159859] [HailoRT] [info] [queue_elements.cpp:657] [create] Created (PullQEl_nms0yolov11n/conv80_143 | timeout: 10s)
[2026-04-18 12:04:19.710] [159859] [HailoRT] [info] [queue_elements.cpp:800] [create] Created (UserBufQEl_post_infer0yolov11n/yolov8_nms_postprocess | timeout: 10s)
[2026-04-18 12:04:19.710] [159859] [HailoRT] [info] [vstream.cpp:1114] [OutputVStreamImpl] Creating yolov11n/yolov8_nms_postprocess...
[2026-04-18 12:04:19.710] [159859] [HailoRT] [info] [vstream_builder.cpp:622] [create_output_post_process_nms] Output pipeline 'yolov11n/yolov8_nms_postprocess': HW >> (HwReadEl3yolov11n/conv51_143 | hw_frame_size: 409600) >> (PullQEl_nms3yolov11n/conv51_143) >> (HwReadEl12yolov11n/conv54_143 | hw_frame_size: 512000) >> (PullQEl_nms12yolov11n/conv54_143) >> (HwReadEl15yolov11n/conv62_143 | hw_frame_size: 102400) >> (PullQEl_nms15yolov11n/conv62_143) >> (HwReadEl13yolov11n/conv65_143 | hw_frame_size: 128000) >> (PullQEl_nms13yolov11n/conv65_143) >> (HwReadEl1yolov11n/conv77_143 | hw_frame_size: 30720) >> (PullQEl_nms1yolov11n/conv77_143) >> (HwReadEl0yolov11n/conv80_143 | hw_frame_size: 38400) >> (PullQEl_nms0yolov11n/conv80_143) >> (NmsPPMuxEl0YOLOV8-Post-Process | Op YOLOV8, Name: YOLOV8-Post-Process, Score threshold: 0.200, IoU threshold: 0.70, Classes: 80, Max bboxes per class: 100, Image height: 640, Image width: 640) >> (UserBufQEl_post_infer0yolov11n/yolov8_nms_postprocess | timeout: 10s)
[2026-04-18 12:05:19.710] [160344] [HailoRT] [info] [vdevice_native_stream.cpp:331] [read_impl] Failed read from stream HAILO_STREAM_ABORT(63) (device: 0001:01:00.0)
[2026-04-18 12:05:19.710] [160345] [HailoRT] [info] [vdevice_native_stream.cpp:331] [read_impl] Failed read from stream HAILO_STREAM_ABORT(63) (device: 0001:01:00.0)
[2026-04-18 12:05:19.710] [160345] [HailoRT] [info] [edge_elements.cpp:396] [run_pull] Reading from stream was aborted!
[2026-04-18 12:05:19.710] [160347] [HailoRT] [info] [vdevice_native_stream.cpp:331] [read_impl] Failed read from stream HAILO_STREAM_ABORT(63) (device: 0001:01:00.0)
[2026-04-18 12:05:19.710] [160347] [HailoRT] [info] [edge_elements.cpp:396] [run_pull] Reading from stream was aborted!
[2026-04-18 12:05:19.710] [160345] [HailoRT] [info] [queue_elements.cpp:738] [run_in_thread] run_pull of queue element PullQEl_nms12yolov11n/conv54_143 was aborted!
[2026-04-18 12:05:19.710] [160347] [HailoRT] [info] [queue_elements.cpp:738] [run_in_thread] run_pull of queue element PullQEl_nms13yolov11n/conv65_143 was aborted!
[2026-04-18 12:05:19.710] [160343] [HailoRT] [info] [vdevice_native_stream.cpp:142] [write_impl] Failed write to stream yolov11n/input_layer1 (device: 0001:01:00.0) with status=HAILO_STREAM_ABORT(63)
[2026-04-18 12:05:19.710] [160348] [HailoRT] [info] [vdevice_native_stream.cpp:331] [read_impl] Failed read from stream HAILO_STREAM_ABORT(63) (device: 0001:01:00.0)
[2026-04-18 12:05:19.710] [160348] [HailoRT] [info] [edge_elements.cpp:396] [run_pull] Reading from stream was aborted!
[2026-04-18 12:05:19.710] [160343] [HailoRT] [info] [edge_elements.cpp:87] [run_push] Failed to send on input stream InputStream(index=8, name=yolov11n/input_layer1) because stream was aborted
[2026-04-18 12:05:19.710] [160348] [HailoRT] [info] [queue_elements.cpp:738] [run_in_thread] run_pull of queue element PullQEl_nms1yolov11n/conv77_143 was aborted!
[2026-04-18 12:05:19.710] [160343] [HailoRT] [info] [queue_elements.cpp:401] [run_in_thread] run_push of PushQEl8yolov11n/input_layer1 was aborted!
[2026-04-18 12:05:19.710] [160344] [HailoRT] [info] [edge_elements.cpp:396] [run_pull] Reading from stream was aborted!
[2026-04-18 12:05:19.710] [160346] [HailoRT] [info] [vdevice_native_stream.cpp:331] [read_impl] Failed read from stream HAILO_STREAM_ABORT(63) (device: 0001:01:00.0)
[2026-04-18 12:05:19.710] [160346] [HailoRT] [info] [edge_elements.cpp:396] [run_pull] Reading from stream was aborted!
[2026-04-18 12:05:19.710] [160344] [HailoRT] [info] [queue_elements.cpp:738] [run_in_thread] run_pull of queue element PullQEl_nms3yolov11n/conv51_143 was aborted!
[2026-04-18 12:05:19.710] [160346] [HailoRT] [info] [queue_elements.cpp:738] [run_in_thread] run_pull of queue element PullQEl_nms15yolov11n/conv62_143 was aborted!
[2026-04-18 12:05:19.710] [160353] [HailoRT] [info] [queue_elements.cpp:706] [run_pull] Shutdown event was signaled in dequeue of queue element PullQEl_nms3yolov11n/conv51_143!
[2026-04-18 12:05:19.710] [160353] [HailoRT] [info] [vstream.cpp:1138] [read] Receiving to VStream was shutdown!
[2026-04-18 12:05:19.710] [160349] [HailoRT] [info] [vdevice_native_stream.cpp:331] [read_impl] Failed read from stream HAILO_STREAM_ABORT(63) (device: 0001:01:00.0)
[2026-04-18 12:05:19.710] [160349] [HailoRT] [info] [edge_elements.cpp:396] [run_pull] Reading from stream was aborted!
[2026-04-18 12:05:19.710] [160349] [HailoRT] [info] [queue_elements.cpp:738] [run_in_thread] run_pull of queue element PullQEl_nms0yolov11n/conv80_143 was aborted!
[2026-04-18 12:05:19.711] [160354] [HailoRT] [info] [queue_elements.cpp:319] [run_push] run_push of PushQEl8yolov11n/input_layer1 was aborted!
[2026-04-18 12:05:19.711] [160354] [HailoRT] [info] [filter_elements.cpp:35] [run_push] run_push of PreInferEl8yolov11n/input_layer1 was aborted!
[2026-04-18 12:05:19.711] [160354] [HailoRT] [info] [vstream.cpp:778] [write] Sending to VStream was aborted!
[2026-04-18 12:05:19.720] [159859] [HailoRT] [info] [queue_elements.cpp:360] [execute_deactivate] enqueue() in element PushQEl8yolov11n/input_layer1 was aborted, got status = HAILO_SHUTDOWN_EVENT_SIGNALED(57)
[2026-04-18 12:05:19.720] [160343] [HailoRT] [info] [queue_elements.cpp:68] [operator()] Thread in element PushQEl8yolov11n/input_layer1 is not running anymore, exiting..
[2026-04-18 12:05:19.720] [159859] [HailoRT] [info] [queue_elements.cpp:46] [~BaseQueueElement] Queue element PushQEl8yolov11n/input_layer1 has 0 frames in his Queue on destruction
[2026-04-18 12:05:19.720] [160350] [HailoRT] [info] [queue_elements.cpp:68] [operator()] Thread in element UserBufQEl_post_infer0yolov11n/yolov8_nms_postprocess is not running anymore, exiting..
[2026-04-18 12:05:19.720] [159859] [HailoRT] [info] [queue_elements.cpp:46] [~BaseQueueElement] Queue element UserBufQEl_post_infer0yolov11n/yolov8_nms_postprocess has 0 frames in his Queue on destruction
[2026-04-18 12:05:19.720] [160349] [HailoRT] [info] [queue_elements.cpp:68] [operator()] Thread in element PullQEl_nms0yolov11n/conv80_143 is not running anymore, exiting..
[2026-04-18 12:05:19.720] [159859] [HailoRT] [info] [queue_elements.cpp:46] [~BaseQueueElement] Queue element PullQEl_nms0yolov11n/conv80_143 has 0 frames in his Queue on destruction
[2026-04-18 12:05:19.720] [160348] [HailoRT] [info] [queue_elements.cpp:68] [operator()] Thread in element PullQEl_nms1yolov11n/conv77_143 is not running anymore, exiting..
[2026-04-18 12:05:19.720] [159859] [HailoRT] [info] [queue_elements.cpp:46] [~BaseQueueElement] Queue element PullQEl_nms1yolov11n/conv77_143 has 0 frames in his Queue on destruction
[2026-04-18 12:05:19.720] [160347] [HailoRT] [info] [queue_elements.cpp:68] [operator()] Thread in element PullQEl_nms13yolov11n/conv65_143 is not running anymore, exiting..
[2026-04-18 12:05:19.720] [159859] [HailoRT] [info] [queue_elements.cpp:46] [~BaseQueueElement] Queue element PullQEl_nms13yolov11n/conv65_143 has 0 frames in his Queue on destruction
[2026-04-18 12:05:19.720] [160346] [HailoRT] [info] [queue_elements.cpp:68] [operator()] Thread in element PullQEl_nms15yolov11n/conv62_143 is not running anymore, exiting..
[2026-04-18 12:05:19.720] [159859] [HailoRT] [info] [queue_elements.cpp:46] [~BaseQueueElement] Queue element PullQEl_nms15yolov11n/conv62_143 has 0 frames in his Queue on destruction
[2026-04-18 12:05:19.720] [160345] [HailoRT] [info] [queue_elements.cpp:68] [operator()] Thread in element PullQEl_nms12yolov11n/conv54_143 is not running anymore, exiting..
[2026-04-18 12:05:19.720] [159859] [HailoRT] [info] [queue_elements.cpp:46] [~BaseQueueElement] Queue element PullQEl_nms12yolov11n/conv54_143 has 0 frames in his Queue on destruction
[2026-04-18 12:05:19.720] [160344] [HailoRT] [info] [queue_elements.cpp:68] [operator()] Thread in element PullQEl_nms3yolov11n/conv51_143 is not running anymore, exiting..
[2026-04-18 12:05:19.720] [159859] [HailoRT] [info] [queue_elements.cpp:46] [~BaseQueueElement] Queue element PullQEl_nms3yolov11n/conv51_143 has 0 frames in his Queue on destruction
[2026-04-18 12:05:19.720] [159859] [HailoRT] [info] [core_op.cpp:186] [deactivate] Deactivating took 0.006574 ms
[2026-04-18 12:05:19.720] [159859] [HailoRT] [info] [core_op.cpp:186] [deactivate] Deactivating took 0.015538 ms
[2026-04-18 12:05:19.769] [159859] [HailoRT] [info] [vdevice.cpp:535] [create] Creating vdevice with params: device_count: 1, scheduling_algorithm: NONE, multi_process_service: false
[2026-04-18 12:05:19.769] [159859] [HailoRT] [info] [device.cpp:51] [Device] OS Version: Linux 6.12.75+rpt-rpi-2712 #1 SMP PREEMPT Debian 1:6.12.75-1+rpt1 (2026-03-11) aarch64
[2026-04-18 12:05:19.769] [159859] [HailoRT] [info] [control.cpp:113] [control__parse_identify_results] firmware_version is: 4.23.0
[2026-04-18 12:05:19.769] [159859] [HailoRT] [info] [vdevice.cpp:682] [create] VDevice Infos: 0001:01:00.0
[2026-04-18 12:05:19.792] [159859] [HailoRT] [info] [internal_buffer_manager.cpp:77] [print_execution_results] Planned internal buffer memory: CMA=0 CMA-Desc=1507328 Pinned=47106560. memory to edge layer usage factor is 1
[2026-04-18 12:05:19.792] [159859] [HailoRT] [info] [internal_buffer_manager.cpp:86] [print_execution_results] Default Internal buffer planner executed successfully
[2026-04-18 12:05:19.876] [159859] [HailoRT] [info] [device_internal.cpp:57] [configure] Configuring HEF took 106.561549 milliseconds
[2026-04-18 12:05:19.876] [159859] [HailoRT] [info] [vdevice.cpp:780] [configure] Configuring HEF on VDevice took 106.914923 milliseconds
[2026-04-18 12:05:19.877] [159859] [HailoRT] [info] [control.cpp:113] [control__parse_identify_results] firmware_version is: 4.23.0
[2026-04-18 12:05:19.877] [159859] [HailoRT] [info] [control.cpp:113] [control__parse_identify_results] firmware_version is: 4.23.0
[2026-04-18 12:05:19.894] [159859] [HailoRT] [info] [core_op.cpp:156] [activate] Activating yolov11n took 17.522832 milliseconds. Note that the function is asynchronous and thus the network is not fully activated yet.
[2026-04-18 12:05:19.894] [159859] [HailoRT] [info] [core_op.cpp:156] [activate] Activating yolov11n took 17.544666 milliseconds. Note that the function is asynchronous and thus the network is not fully activated yet.
[2026-04-18 12:05:19.908] [159859] [HailoRT] [info] [control.cpp:113] [control__parse_identify_results] firmware_version is: 4.23.0
[2026-04-18 12:05:19.908] [159859] [HailoRT] [info] [control.cpp:113] [control__parse_identify_results] firmware_version is: 4.23.0
[2026-04-18 12:05:19.908] [159859] [HailoRT] [info] [edge_elements.cpp:52] [create] Created (HwWriteEl8yolov11n/input_layer1 | hw_frame_size: 1228800)
[2026-04-18 12:05:19.908] [159859] [HailoRT] [info] [queue_elements.cpp:284] [create] Created (PushQEl8yolov11n/input_layer1 | timeout: 10s)
[2026-04-18 12:05:19.908] [159859] [HailoRT] [info] [filter_elements.cpp:101] [create] Created (PreInferEl8yolov11n/input_layer1 | Reorder - src_order: NHWC, src_shape: (640, 640, 3), dst_order: NHCW, dst_shape: (640, 640, 3))
[2026-04-18 12:05:19.908] [159859] [HailoRT] [info] [vstream.cpp:754] [InputVStreamImpl] Creating yolov11n/input_layer1...
[2026-04-18 12:05:19.908] [159859] [HailoRT] [info] [vstream_builder.cpp:102] [create_inputs] Input pipeline 'yolov11n/input_layer1': (PreInferEl8yolov11n/input_layer1 | Reorder - src_order: NHWC, src_shape: (640, 640, 3), dst_order: NHCW, dst_shape: (640, 640, 3)) >> (PushQEl8yolov11n/input_layer1 | timeout: 10s) >> (HwWriteEl8yolov11n/input_layer1 | hw_frame_size: 1228800) >> HW
[2026-04-18 12:05:19.908] [159859] [HailoRT] [info] [multi_io_elements.cpp:135] [create] Created (NmsPPMuxEl0YOLOV8-Post-Process | Op YOLOV8, Name: YOLOV8-Post-Process, Score threshold: 0.200, IoU threshold: 0.70, Classes: 80, Max bboxes per class: 100, Image height: 640, Image width: 640)
[2026-04-18 12:05:19.908] [159859] [HailoRT] [info] [edge_elements.cpp:287] [create] Created (HwReadEl3yolov11n/conv51_143 | hw_frame_size: 409600)
[2026-04-18 12:05:19.908] [159859] [HailoRT] [info] [queue_elements.cpp:657] [create] Created (PullQEl_nms3yolov11n/conv51_143 | timeout: 10s)
[2026-04-18 12:05:19.908] [159859] [HailoRT] [info] [edge_elements.cpp:287] [create] Created (HwReadEl12yolov11n/conv54_143 | hw_frame_size: 512000)
[2026-04-18 12:05:19.908] [159859] [HailoRT] [info] [queue_elements.cpp:657] [create] Created (PullQEl_nms12yolov11n/conv54_143 | timeout: 10s)
[2026-04-18 12:05:19.908] [159859] [HailoRT] [info] [edge_elements.cpp:287] [create] Created (HwReadEl15yolov11n/conv62_143 | hw_frame_size: 102400)
[2026-04-18 12:05:19.908] [159859] [HailoRT] [info] [queue_elements.cpp:657] [create] Created (PullQEl_nms15yolov11n/conv62_143 | timeout: 10s)
[2026-04-18 12:05:19.908] [159859] [HailoRT] [info] [edge_elements.cpp:287] [create] Created (HwReadEl13yolov11n/conv65_143 | hw_frame_size: 128000)
[2026-04-18 12:05:19.908] [159859] [HailoRT] [info] [queue_elements.cpp:657] [create] Created (PullQEl_nms13yolov11n/conv65_143 | timeout: 10s)
[2026-04-18 12:05:19.909] [159859] [HailoRT] [info] [edge_elements.cpp:287] [create] Created (HwReadEl1yolov11n/conv77_143 | hw_frame_size: 30720)
[2026-04-18 12:05:19.909] [159859] [HailoRT] [info] [queue_elements.cpp:657] [create] Created (PullQEl_nms1yolov11n/conv77_143 | timeout: 10s)
[2026-04-18 12:05:19.909] [159859] [HailoRT] [info] [edge_elements.cpp:287] [create] Created (HwReadEl0yolov11n/conv80_143 | hw_frame_size: 38400)
[2026-04-18 12:05:19.909] [159859] [HailoRT] [info] [queue_elements.cpp:657] [create] Created (PullQEl_nms0yolov11n/conv80_143 | timeout: 10s)
[2026-04-18 12:05:19.909] [159859] [HailoRT] [info] [queue_elements.cpp:800] [create] Created (UserBufQEl_post_infer0yolov11n/yolov8_nms_postprocess | timeout: 10s)
[2026-04-18 12:05:19.909] [159859] [HailoRT] [info] [vstream.cpp:1114] [OutputVStreamImpl] Creating yolov11n/yolov8_nms_postprocess...
[2026-04-18 12:05:19.909] [159859] [HailoRT] [info] [vstream_builder.cpp:622] [create_output_post_process_nms] Output pipeline 'yolov11n/yolov8_nms_postprocess': HW >> (HwReadEl3yolov11n/conv51_143 | hw_frame_size: 409600) >> (PullQEl_nms3yolov11n/conv51_143) >> (HwReadEl12yolov11n/conv54_143 | hw_frame_size: 512000) >> (PullQEl_nms12yolov11n/conv54_143) >> (HwReadEl15yolov11n/conv62_143 | hw_frame_size: 102400) >> (PullQEl_nms15yolov11n/conv62_143) >> (HwReadEl13yolov11n/conv65_143 | hw_frame_size: 128000) >> (PullQEl_nms13yolov11n/conv65_143) >> (HwReadEl1yolov11n/conv77_143 | hw_frame_size: 30720) >> (PullQEl_nms1yolov11n/conv77_143) >> (HwReadEl0yolov11n/conv80_143 | hw_frame_size: 38400) >> (PullQEl_nms0yolov11n/conv80_143) >> (NmsPPMuxEl0YOLOV8-Post-Process | Op YOLOV8, Name: YOLOV8-Post-Process, Score threshold: 0.200, IoU threshold: 0.70, Classes: 80, Max bboxes per class: 100, Image height: 640, Image width: 640) >> (UserBufQEl_post_infer0yolov11n/yolov8_nms_postprocess | timeout: 10s)
[2026-04-18 12:06:19.909] [160815] [HailoRT] [info] [vdevice_native_stream.cpp:331] [read_impl] Failed read from stream HAILO_STREAM_ABORT(63) (device: 0001:01:00.0)
[2026-04-18 12:06:19.909] [160815] [HailoRT] [info] [edge_elements.cpp:396] [run_pull] Reading from stream was aborted!
[2026-04-18 12:06:19.909] [160815] [HailoRT] [info] [queue_elements.cpp:738] [run_in_thread] run_pull of queue element PullQEl_nms3yolov11n/conv51_143 was aborted!
[2026-04-18 12:06:19.909] [160824] [HailoRT] [info] [queue_elements.cpp:706] [run_pull] Shutdown event was signaled in dequeue of queue element PullQEl_nms3yolov11n/conv51_143!
[2026-04-18 12:06:19.909] [160820] [HailoRT] [info] [vdevice_native_stream.cpp:331] [read_impl] Failed read from stream HAILO_STREAM_ABORT(63) (device: 0001:01:00.0)
[2026-04-18 12:06:19.909] [160820] [HailoRT] [info] [edge_elements.cpp:396] [run_pull] Reading from stream was aborted!
[2026-04-18 12:06:19.909] [160824] [HailoRT] [info] [vstream.cpp:1138] [read] Receiving to VStream was shutdown!
[2026-04-18 12:06:19.909] [160820] [HailoRT] [info] [queue_elements.cpp:738] [run_in_thread] run_pull of queue element PullQEl_nms0yolov11n/conv80_143 was aborted!
[2026-04-18 12:06:19.909] [160814] [HailoRT] [info] [vdevice_native_stream.cpp:142] [write_impl] Failed write to stream yolov11n/input_layer1 (device: 0001:01:00.0) with status=HAILO_STREAM_ABORT(63)
[2026-04-18 12:06:19.909] [160814] [HailoRT] [info] [edge_elements.cpp:87] [run_push] Failed to send on input stream InputStream(index=8, name=yolov11n/input_layer1) because stream was aborted
[2026-04-18 12:06:19.909] [160814] [HailoRT] [info] [queue_elements.cpp:401] [run_in_thread] run_push of PushQEl8yolov11n/input_layer1 was aborted!
[2026-04-18 12:06:19.910] [160825] [HailoRT] [info] [queue_elements.cpp:319] [run_push] run_push of PushQEl8yolov11n/input_layer1 was aborted!
[2026-04-18 12:06:19.910] [160825] [HailoRT] [info] [filter_elements.cpp:35] [run_push] run_push of PreInferEl8yolov11n/input_layer1 was aborted!
[2026-04-18 12:06:19.910] [160825] [HailoRT] [info] [vstream.cpp:778] [write] Sending to VStream was aborted!
[2026-04-18 12:06:19.910] [160816] [HailoRT] [info] [vdevice_native_stream.cpp:331] [read_impl] Failed read from stream HAILO_STREAM_ABORT(63) (device: 0001:01:00.0)
[2026-04-18 12:06:19.910] [160816] [HailoRT] [info] [edge_elements.cpp:396] [run_pull] Reading from stream was aborted!
[2026-04-18 12:06:19.910] [160816] [HailoRT] [info] [queue_elements.cpp:738] [run_in_thread] run_pull of queue element PullQEl_nms12yolov11n/conv54_143 was aborted!
[2026-04-18 12:06:19.910] [160819] [HailoRT] [info] [vdevice_native_stream.cpp:331] [read_impl] Failed read from stream HAILO_STREAM_ABORT(63) (device: 0001:01:00.0)
[2026-04-18 12:06:19.910] [160819] [HailoRT] [info] [edge_elements.cpp:396] [run_pull] Reading from stream was aborted!
[2026-04-18 12:06:19.910] [160819] [HailoRT] [info] [queue_elements.cpp:738] [run_in_thread] run_pull of queue element PullQEl_nms1yolov11n/conv77_143 was aborted!
[2026-04-18 12:06:19.910] [160817] [HailoRT] [info] [vdevice_native_stream.cpp:331] [read_impl] Failed read from stream HAILO_STREAM_ABORT(63) (device: 0001:01:00.0)
[2026-04-18 12:06:19.910] [160817] [HailoRT] [info] [edge_elements.cpp:396] [run_pull] Reading from stream was aborted!
[2026-04-18 12:06:19.910] [160817] [HailoRT] [info] [queue_elements.cpp:738] [run_in_thread] run_pull of queue element PullQEl_nms15yolov11n/conv62_143 was aborted!
[2026-04-18 12:06:19.910] [160818] [HailoRT] [info] [vdevice_native_stream.cpp:331] [read_impl] Failed read from stream HAILO_STREAM_ABORT(63) (device: 0001:01:00.0)
[2026-04-18 12:06:19.910] [160818] [HailoRT] [info] [edge_elements.cpp:396] [run_pull] Reading from stream was aborted!
[2026-04-18 12:06:19.910] [160818] [HailoRT] [info] [queue_elements.cpp:738] [run_in_thread] run_pull of queue element PullQEl_nms13yolov11n/conv65_143 was aborted!
[2026-04-18 12:06:19.917] [159859] [HailoRT] [info] [queue_elements.cpp:360] [execute_deactivate] enqueue() in element PushQEl8yolov11n/input_layer1 was aborted, got status = HAILO_SHUTDOWN_EVENT_SIGNALED(57)
[2026-04-18 12:06:19.917] [160814] [HailoRT] [info] [queue_elements.cpp:68] [operator()] Thread in element PushQEl8yolov11n/input_layer1 is not running anymore, exiting..
[2026-04-18 12:06:19.917] [159859] [HailoRT] [info] [queue_elements.cpp:46] [~BaseQueueElement] Queue element PushQEl8yolov11n/input_layer1 has 0 frames in his Queue on destruction
[2026-04-18 12:06:19.917] [160821] [HailoRT] [info] [queue_elements.cpp:68] [operator()] Thread in element UserBufQEl_post_infer0yolov11n/yolov8_nms_postprocess is not running anymore, exiting..
[2026-04-18 12:06:19.917] [159859] [HailoRT] [info] [queue_elements.cpp:46] [~BaseQueueElement] Queue element UserBufQEl_post_infer0yolov11n/yolov8_nms_postprocess has 0 frames in his Queue on destruction
[2026-04-18 12:06:19.917] [160820] [HailoRT] [info] [queue_elements.cpp:68] [operator()] Thread in element PullQEl_nms0yolov11n/conv80_143 is not running anymore, exiting..
[2026-04-18 12:06:19.917] [159859] [HailoRT] [info] [queue_elements.cpp:46] [~BaseQueueElement] Queue element PullQEl_nms0yolov11n/conv80_143 has 0 frames in his Queue on destruction
[2026-04-18 12:06:19.917] [160819] [HailoRT] [info] [queue_elements.cpp:68] [operator()] Thread in element PullQEl_nms1yolov11n/conv77_143 is not running anymore, exiting..
[2026-04-18 12:06:19.917] [159859] [HailoRT] [info] [queue_elements.cpp:46] [~BaseQueueElement] Queue element PullQEl_nms1yolov11n/conv77_143 has 0 frames in his Queue on destruction
[2026-04-18 12:06:19.917] [160818] [HailoRT] [info] [queue_elements.cpp:68] [operator()] Thread in element PullQEl_nms13yolov11n/conv65_143 is not running anymore, exiting..
[2026-04-18 12:06:19.917] [159859] [HailoRT] [info] [queue_elements.cpp:46] [~BaseQueueElement] Queue element PullQEl_nms13yolov11n/conv65_143 has 0 frames in his Queue on destruction
[2026-04-18 12:06:19.917] [160817] [HailoRT] [info] [queue_elements.cpp:68] [operator()] Thread in element PullQEl_nms15yolov11n/conv62_143 is not running anymore, exiting..
[2026-04-18 12:06:19.917] [159859] [HailoRT] [info] [queue_elements.cpp:46] [~BaseQueueElement] Queue element PullQEl_nms15yolov11n/conv62_143 has 0 frames in his Queue on destruction
[2026-04-18 12:06:19.917] [160816] [HailoRT] [info] [queue_elements.cpp:68] [operator()] Thread in element PullQEl_nms12yolov11n/conv54_143 is not running anymore, exiting..
[2026-04-18 12:06:19.917] [159859] [HailoRT] [info] [queue_elements.cpp:46] [~BaseQueueElement] Queue element PullQEl_nms12yolov11n/conv54_143 has 0 frames in his Queue on destruction
[2026-04-18 12:06:19.917] [160815] [HailoRT] [info] [queue_elements.cpp:68] [operator()] Thread in element PullQEl_nms3yolov11n/conv51_143 is not running anymore, exiting..
[2026-04-18 12:06:19.917] [159859] [HailoRT] [info] [queue_elements.cpp:46] [~BaseQueueElement] Queue element PullQEl_nms3yolov11n/conv51_143 has 0 frames in his Queue on destruction
[2026-04-18 12:06:19.917] [159859] [HailoRT] [info] [core_op.cpp:186] [deactivate] Deactivating took 0.007111 ms
[2026-04-18 12:06:19.917] [159859] [HailoRT] [info] [core_op.cpp:186] [deactivate] Deactivating took 0.015629 ms
[2026-04-18 12:06:30.237] [161357] [HailoRT] [info] [vdevice.cpp:535] [create] Creating vdevice with params: device_count: 1, scheduling_algorithm: NONE, multi_process_service: false
[2026-04-18 12:06:30.248] [161357] [HailoRT] [info] [device.cpp:51] [Device] OS Version: Linux 6.12.75+rpt-rpi-2712 #1 SMP PREEMPT Debian 1:6.12.75-1+rpt1 (2026-03-11) aarch64
[2026-04-18 12:06:30.249] [161357] [HailoRT] [info] [control.cpp:113] [control__parse_identify_results] firmware_version is: 4.23.0
[2026-04-18 12:06:30.249] [161357] [HailoRT] [info] [vdevice.cpp:682] [create] VDevice Infos: 0001:01:00.0
[2026-04-18 12:06:30.254] [161357] [HailoRT] [warning] [buffer_requirements.cpp:131] [get_buffer_requirements_multiple_transfers] Desc page size value (1024) is not optimal for performance.
[2026-04-18 12:06:30.271] [161357] [HailoRT] [info] [internal_buffer_manager.cpp:77] [print_execution_results] Planned internal buffer memory: CMA=0 CMA-Desc=1310720 Pinned=48284672. memory to edge layer usage factor is 1
[2026-04-18 12:06:30.271] [161357] [HailoRT] [info] [internal_buffer_manager.cpp:86] [print_execution_results] Default Internal buffer planner executed successfully
[2026-04-18 12:06:30.367] [161357] [HailoRT] [info] [device_internal.cpp:57] [configure] Configuring HEF took 117.694572 milliseconds
[2026-04-18 12:06:30.367] [161357] [HailoRT] [info] [vdevice.cpp:780] [configure] Configuring HEF on VDevice took 118.095409 milliseconds
[2026-04-18 12:06:30.367] [161357] [HailoRT] [info] [control.cpp:113] [control__parse_identify_results] firmware_version is: 4.23.0
[2026-04-18 12:06:30.367] [161357] [HailoRT] [info] [control.cpp:113] [control__parse_identify_results] firmware_version is: 4.23.0
[2026-04-18 12:06:30.401] [161357] [HailoRT] [info] [core_op.cpp:156] [activate] Activating yolov11n took 33.516049 milliseconds. Note that the function is asynchronous and thus the network is not fully activated yet.
[2026-04-18 12:06:30.401] [161357] [HailoRT] [info] [core_op.cpp:156] [activate] Activating yolov11n took 33.544789 milliseconds. Note that the function is asynchronous and thus the network is not fully activated yet.
[2026-04-18 12:06:30.414] [161357] [HailoRT] [info] [control.cpp:113] [control__parse_identify_results] firmware_version is: 4.23.0
[2026-04-18 12:06:30.414] [161357] [HailoRT] [info] [control.cpp:113] [control__parse_identify_results] firmware_version is: 4.23.0
[2026-04-18 12:06:31.603] [161349] [HailoRT] [info] [device.cpp:51] [Device] OS Version: Linux 6.12.75+rpt-rpi-2712 #1 SMP PREEMPT Debian 1:6.12.75-1+rpt1 (2026-03-11) aarch64
[2026-04-18 12:06:31.609] [161349] [HailoRT] [info] [control.cpp:113] [control__parse_identify_results] firmware_version is: 4.23.0
[2026-04-18 12:06:31.609] [161349] [HailoRT] [info] [control.cpp:113] [control__parse_identify_results] firmware_version is: 4.23.0
[2026-04-18 12:07:30.415] [161369] [HailoRT] [info] [vdevice_native_stream.cpp:331] [read_impl] Failed read from stream HAILO_STREAM_ABORT(63) (device: 0001:01:00.0)
[2026-04-18 12:07:30.415] [161371] [HailoRT] [info] [vdevice_native_stream.cpp:331] [read_impl] Failed read from stream HAILO_STREAM_ABORT(63) (device: 0001:01:00.0)
[2026-04-18 12:07:30.415] [161370] [HailoRT] [info] [vdevice_native_stream.cpp:331] [read_impl] Failed read from stream HAILO_STREAM_ABORT(63) (device: 0001:01:00.0)
[2026-04-18 12:07:30.415] [161372] [HailoRT] [info] [vdevice_native_stream.cpp:142] [write_impl] Failed write to stream yolov11n/input_layer1 (device: 0001:01:00.0) with status=HAILO_STREAM_ABORT(63)
[2026-04-18 12:07:30.415] [161366] [HailoRT] [info] [vdevice_native_stream.cpp:331] [read_impl] Failed read from stream HAILO_STREAM_ABORT(63) (device: 0001:01:00.0)
[2026-04-18 12:07:30.415] [161367] [HailoRT] [info] [vdevice_native_stream.cpp:331] [read_impl] Failed read from stream HAILO_STREAM_ABORT(63) (device: 0001:01:00.0)
[2026-04-18 12:07:30.415] [161368] [HailoRT] [info] [vdevice_native_stream.cpp:331] [read_impl] Failed read from stream HAILO_STREAM_ABORT(63) (device: 0001:01:00.0)
[2026-04-18 12:07:30.457] [161357] [HailoRT] [info] [core_op.cpp:186] [deactivate] Deactivating took 0.006888 ms
[2026-04-18 12:07:30.457] [161357] [HailoRT] [info] [core_op.cpp:186] [deactivate] Deactivating took 0.031056 ms
[2026-04-18 12:07:30.505] [161357] [HailoRT] [info] [vdevice.cpp:535] [create] Creating vdevice with params: device_count: 1, scheduling_algorithm: NONE, multi_process_service: false
[2026-04-18 12:07:30.505] [161357] [HailoRT] [info] [device.cpp:51] [Device] OS Version: Linux 6.12.75+rpt-rpi-2712 #1 SMP PREEMPT Debian 1:6.12.75-1+rpt1 (2026-03-11) aarch64
[2026-04-18 12:07:30.505] [161357] [HailoRT] [info] [control.cpp:113] [control__parse_identify_results] firmware_version is: 4.23.0
[2026-04-18 12:07:30.505] [161357] [HailoRT] [info] [vdevice.cpp:682] [create] VDevice Infos: 0001:01:00.0
[2026-04-18 12:07:30.511] [161357] [HailoRT] [warning] [buffer_requirements.cpp:131] [get_buffer_requirements_multiple_transfers] Desc page size value (1024) is not optimal for performance.
[2026-04-18 12:07:30.522] [161357] [HailoRT] [info] [internal_buffer_manager.cpp:77] [print_execution_results] Planned internal buffer memory: CMA=0 CMA-Desc=1310720 Pinned=48284672. memory to edge layer usage factor is 1
[2026-04-18 12:07:30.522] [161357] [HailoRT] [info] [internal_buffer_manager.cpp:86] [print_execution_results] Default Internal buffer planner executed successfully
[2026-04-18 12:07:30.618] [161357] [HailoRT] [info] [device_internal.cpp:57] [configure] Configuring HEF took 112.032658 milliseconds
[2026-04-18 12:07:30.618] [161357] [HailoRT] [info] [vdevice.cpp:780] [configure] Configuring HEF on VDevice took 112.397903 milliseconds
[2026-04-18 12:07:30.618] [161357] [HailoRT] [info] [control.cpp:113] [control__parse_identify_results] firmware_version is: 4.23.0
[2026-04-18 12:07:30.618] [161357] [HailoRT] [info] [control.cpp:113] [control__parse_identify_results] firmware_version is: 4.23.0
[2026-04-18 12:07:30.652] [161357] [HailoRT] [info] [core_op.cpp:156] [activate] Activating yolov11n took 33.472837 milliseconds. Note that the function is asynchronous and thus the network is not fully activated yet.
[2026-04-18 12:07:30.652] [161357] [HailoRT] [info] [core_op.cpp:156] [activate] Activating yolov11n took 33.519504 milliseconds. Note that the function is asynchronous and thus the network is not fully activated yet.
[2026-04-18 12:07:30.665] [161357] [HailoRT] [info] [control.cpp:113] [control__parse_identify_results] firmware_version is: 4.23.0
[2026-04-18 12:07:30.665] [161357] [HailoRT] [info] [control.cpp:113] [control__parse_identify_results] firmware_version is: 4.23.0
[2026-04-18 12:07:30.665] [161357] [HailoRT] [info] [edge_elements.cpp:52] [create] Created (HwWriteEl8yolov11n/input_layer1 | hw_frame_size: 1228800)
[2026-04-18 12:07:30.666] [161357] [HailoRT] [info] [queue_elements.cpp:284] [create] Created (PushQEl8yolov11n/input_layer1 | timeout: 10s)
[2026-04-18 12:07:30.666] [161357] [HailoRT] [info] [filter_elements.cpp:101] [create] Created (PreInferEl8yolov11n/input_layer1 | Reorder - src_order: NHWC, src_shape: (640, 640, 3), dst_order: NHCW, dst_shape: (640, 640, 3))
[2026-04-18 12:07:30.666] [161357] [HailoRT] [info] [vstream.cpp:754] [InputVStreamImpl] Creating yolov11n/input_layer1...
[2026-04-18 12:07:30.666] [161357] [HailoRT] [info] [vstream_builder.cpp:102] [create_inputs] Input pipeline 'yolov11n/input_layer1': (PreInferEl8yolov11n/input_layer1 | Reorder - src_order: NHWC, src_shape: (640, 640, 3), dst_order: NHCW, dst_shape: (640, 640, 3)) >> (PushQEl8yolov11n/input_layer1 | timeout: 10s) >> (HwWriteEl8yolov11n/input_layer1 | hw_frame_size: 1228800) >> HW
[2026-04-18 12:07:30.666] [161357] [HailoRT] [info] [multi_io_elements.cpp:135] [create] Created (NmsPPMuxEl0YOLOV8-Post-Process | Op YOLOV8, Name: YOLOV8-Post-Process, Score threshold: 0.200, IoU threshold: 0.70, Classes: 80, Max bboxes per class: 100, Image height: 640, Image width: 640)
[2026-04-18 12:07:30.666] [161357] [HailoRT] [info] [edge_elements.cpp:287] [create] Created (HwReadEl3yolov11n/conv51_143 | hw_frame_size: 409600)
[2026-04-18 12:07:30.666] [161357] [HailoRT] [info] [queue_elements.cpp:657] [create] Created (PullQEl_nms3yolov11n/conv51_143 | timeout: 10s)
[2026-04-18 12:07:30.666] [161357] [HailoRT] [info] [edge_elements.cpp:287] [create] Created (HwReadEl12yolov11n/conv54_143 | hw_frame_size: 512000)
[2026-04-18 12:07:30.666] [161357] [HailoRT] [info] [queue_elements.cpp:657] [create] Created (PullQEl_nms12yolov11n/conv54_143 | timeout: 10s)
[2026-04-18 12:07:30.666] [161357] [HailoRT] [info] [edge_elements.cpp:287] [create] Created (HwReadEl15yolov11n/conv62_143 | hw_frame_size: 102400)
[2026-04-18 12:07:30.666] [161357] [HailoRT] [info] [queue_elements.cpp:657] [create] Created (PullQEl_nms15yolov11n/conv62_143 | timeout: 10s)
[2026-04-18 12:07:30.666] [161357] [HailoRT] [info] [edge_elements.cpp:287] [create] Created (HwReadEl13yolov11n/conv65_143 | hw_frame_size: 128000)
[2026-04-18 12:07:30.666] [161357] [HailoRT] [info] [queue_elements.cpp:657] [create] Created (PullQEl_nms13yolov11n/conv65_143 | timeout: 10s)
[2026-04-18 12:07:30.666] [161357] [HailoRT] [info] [edge_elements.cpp:287] [create] Created (HwReadEl1yolov11n/conv77_143 | hw_frame_size: 30720)
[2026-04-18 12:07:30.666] [161357] [HailoRT] [info] [queue_elements.cpp:657] [create] Created (PullQEl_nms1yolov11n/conv77_143 | timeout: 10s)
[2026-04-18 12:07:30.666] [161357] [HailoRT] [info] [edge_elements.cpp:287] [create] Created (HwReadEl0yolov11n/conv80_143 | hw_frame_size: 38400)
[2026-04-18 12:07:30.666] [161357] [HailoRT] [info] [queue_elements.cpp:657] [create] Created (PullQEl_nms0yolov11n/conv80_143 | timeout: 10s)
[2026-04-18 12:07:30.666] [161357] [HailoRT] [info] [queue_elements.cpp:800] [create] Created (UserBufQEl_post_infer0yolov11n/yolov8_nms_postprocess | timeout: 10s)
[2026-04-18 12:07:30.666] [161357] [HailoRT] [info] [vstream.cpp:1114] [OutputVStreamImpl] Creating yolov11n/yolov8_nms_postprocess...
[2026-04-18 12:07:30.666] [161357] [HailoRT] [info] [vstream_builder.cpp:622] [create_output_post_process_nms] Output pipeline 'yolov11n/yolov8_nms_postprocess': HW >> (HwReadEl3yolov11n/conv51_143 | hw_frame_size: 409600) >> (PullQEl_nms3yolov11n/conv51_143) >> (HwReadEl12yolov11n/conv54_143 | hw_frame_size: 512000) >> (PullQEl_nms12yolov11n/conv54_143) >> (HwReadEl15yolov11n/conv62_143 | hw_frame_size: 102400) >> (PullQEl_nms15yolov11n/conv62_143) >> (HwReadEl13yolov11n/conv65_143 | hw_frame_size: 128000) >> (PullQEl_nms13yolov11n/conv65_143) >> (HwReadEl1yolov11n/conv77_143 | hw_frame_size: 30720) >> (PullQEl_nms1yolov11n/conv77_143) >> (HwReadEl0yolov11n/conv80_143 | hw_frame_size: 38400) >> (PullQEl_nms0yolov11n/conv80_143) >> (NmsPPMuxEl0YOLOV8-Post-Process | Op YOLOV8, Name: YOLOV8-Post-Process, Score threshold: 0.200, IoU threshold: 0.70, Classes: 80, Max bboxes per class: 100, Image height: 640, Image width: 640) >> (UserBufQEl_post_infer0yolov11n/yolov8_nms_postprocess | timeout: 10s)
[2026-04-18 12:08:30.667] [161849] [HailoRT] [info] [vdevice_native_stream.cpp:331] [read_impl] Failed read from stream HAILO_STREAM_ABORT(63) (device: 0001:01:00.0)
[2026-04-18 12:08:30.667] [161848] [HailoRT] [info] [vdevice_native_stream.cpp:331] [read_impl] Failed read from stream HAILO_STREAM_ABORT(63) (device: 0001:01:00.0)
[2026-04-18 12:08:30.667] [161843] [HailoRT] [info] [vdevice_native_stream.cpp:142] [write_impl] Failed write to stream yolov11n/input_layer1 (device: 0001:01:00.0) with status=HAILO_STREAM_ABORT(63)
[2026-04-18 12:08:30.667] [161845] [HailoRT] [info] [vdevice_native_stream.cpp:331] [read_impl] Failed read from stream HAILO_STREAM_ABORT(63) (device: 0001:01:00.0)
[2026-04-18 12:08:30.667] [161846] [HailoRT] [info] [vdevice_native_stream.cpp:331] [read_impl] Failed read from stream HAILO_STREAM_ABORT(63) (device: 0001:01:00.0)
[2026-04-18 12:08:30.667] [161846] [HailoRT] [info] [edge_elements.cpp:396] [run_pull] Reading from stream was aborted!
[2026-04-18 12:08:30.667] [161843] [HailoRT] [info] [edge_elements.cpp:87] [run_push] Failed to send on input stream InputStream(index=8, name=yolov11n/input_layer1) because stream was aborted
[2026-04-18 12:08:30.667] [161848] [HailoRT] [info] [edge_elements.cpp:396] [run_pull] Reading from stream was aborted!
[2026-04-18 12:08:30.667] [161849] [HailoRT] [info] [edge_elements.cpp:396] [run_pull] Reading from stream was aborted!
[2026-04-18 12:08:30.667] [161848] [HailoRT] [info] [queue_elements.cpp:738] [run_in_thread] run_pull of queue element PullQEl_nms1yolov11n/conv77_143 was aborted!
[2026-04-18 12:08:30.667] [161843] [HailoRT] [info] [queue_elements.cpp:401] [run_in_thread] run_push of PushQEl8yolov11n/input_layer1 was aborted!
[2026-04-18 12:08:30.667] [161847] [HailoRT] [info] [vdevice_native_stream.cpp:331] [read_impl] Failed read from stream HAILO_STREAM_ABORT(63) (device: 0001:01:00.0)
[2026-04-18 12:08:30.667] [161847] [HailoRT] [info] [edge_elements.cpp:396] [run_pull] Reading from stream was aborted!
[2026-04-18 12:08:30.667] [161849] [HailoRT] [info] [queue_elements.cpp:738] [run_in_thread] run_pull of queue element PullQEl_nms0yolov11n/conv80_143 was aborted!
[2026-04-18 12:08:30.667] [161847] [HailoRT] [info] [queue_elements.cpp:738] [run_in_thread] run_pull of queue element PullQEl_nms13yolov11n/conv65_143 was aborted!
[2026-04-18 12:08:30.667] [161846] [HailoRT] [info] [queue_elements.cpp:738] [run_in_thread] run_pull of queue element PullQEl_nms15yolov11n/conv62_143 was aborted!
[2026-04-18 12:08:30.667] [161854] [HailoRT] [info] [vstream.cpp:774] [write] Sending to VStream was shutdown!
[2026-04-18 12:08:30.667] [161854] [HailoRT] [info] [vstream.cpp:778] [write] Sending to VStream was aborted!
[2026-04-18 12:08:30.667] [161844] [HailoRT] [info] [vdevice_native_stream.cpp:331] [read_impl] Failed read from stream HAILO_STREAM_ABORT(63) (device: 0001:01:00.0)
[2026-04-18 12:08:30.667] [161844] [HailoRT] [info] [edge_elements.cpp:396] [run_pull] Reading from stream was aborted!
[2026-04-18 12:08:30.667] [161844] [HailoRT] [info] [queue_elements.cpp:738] [run_in_thread] run_pull of queue element PullQEl_nms3yolov11n/conv51_143 was aborted!
[2026-04-18 12:08:30.667] [161845] [HailoRT] [info] [edge_elements.cpp:396] [run_pull] Reading from stream was aborted!
[2026-04-18 12:08:30.667] [161845] [HailoRT] [info] [queue_elements.cpp:738] [run_in_thread] run_pull of queue element PullQEl_nms12yolov11n/conv54_143 was aborted!
[2026-04-18 12:08:30.667] [161853] [HailoRT] [info] [queue_elements.cpp:706] [run_pull] Shutdown event was signaled in dequeue of queue element PullQEl_nms12yolov11n/conv54_143!
[2026-04-18 12:08:30.667] [161853] [HailoRT] [info] [vstream.cpp:1138] [read] Receiving to VStream was shutdown!
[2026-04-18 12:08:30.709] [161357] [HailoRT] [info] [queue_elements.cpp:360] [execute_deactivate] enqueue() in element PushQEl8yolov11n/input_layer1 was aborted, got status = HAILO_SHUTDOWN_EVENT_SIGNALED(57)
[2026-04-18 12:08:30.709] [161843] [HailoRT] [info] [queue_elements.cpp:68] [operator()] Thread in element PushQEl8yolov11n/input_layer1 is not running anymore, exiting..
[2026-04-18 12:08:30.709] [161357] [HailoRT] [info] [queue_elements.cpp:46] [~BaseQueueElement] Queue element PushQEl8yolov11n/input_layer1 has 1 frames in his Queue on destruction
[2026-04-18 12:08:30.709] [161850] [HailoRT] [info] [queue_elements.cpp:68] [operator()] Thread in element UserBufQEl_post_infer0yolov11n/yolov8_nms_postprocess is not running anymore, exiting..
[2026-04-18 12:08:30.709] [161357] [HailoRT] [info] [queue_elements.cpp:46] [~BaseQueueElement] Queue element UserBufQEl_post_infer0yolov11n/yolov8_nms_postprocess has 0 frames in his Queue on destruction
[2026-04-18 12:08:30.709] [161849] [HailoRT] [info] [queue_elements.cpp:68] [operator()] Thread in element PullQEl_nms0yolov11n/conv80_143 is not running anymore, exiting..
[2026-04-18 12:08:30.709] [161357] [HailoRT] [info] [queue_elements.cpp:46] [~BaseQueueElement] Queue element PullQEl_nms0yolov11n/conv80_143 has 0 frames in his Queue on destruction
[2026-04-18 12:08:30.709] [161848] [HailoRT] [info] [queue_elements.cpp:68] [operator()] Thread in element PullQEl_nms1yolov11n/conv77_143 is not running anymore, exiting..
[2026-04-18 12:08:30.710] [161357] [HailoRT] [info] [queue_elements.cpp:46] [~BaseQueueElement] Queue element PullQEl_nms1yolov11n/conv77_143 has 0 frames in his Queue on destruction
[2026-04-18 12:08:30.710] [161847] [HailoRT] [info] [queue_elements.cpp:68] [operator()] Thread in element PullQEl_nms13yolov11n/conv65_143 is not running anymore, exiting..
[2026-04-18 12:08:30.710] [161357] [HailoRT] [info] [queue_elements.cpp:46] [~BaseQueueElement] Queue element PullQEl_nms13yolov11n/conv65_143 has 0 frames in his Queue on destruction
[2026-04-18 12:08:30.710] [161846] [HailoRT] [info] [queue_elements.cpp:68] [operator()] Thread in element PullQEl_nms15yolov11n/conv62_143 is not running anymore, exiting..
[2026-04-18 12:08:30.710] [161357] [HailoRT] [info] [queue_elements.cpp:46] [~BaseQueueElement] Queue element PullQEl_nms15yolov11n/conv62_143 has 0 frames in his Queue on destruction
[2026-04-18 12:08:30.710] [161845] [HailoRT] [info] [queue_elements.cpp:68] [operator()] Thread in element PullQEl_nms12yolov11n/conv54_143 is not running anymore, exiting..
[2026-04-18 12:08:30.710] [161357] [HailoRT] [info] [queue_elements.cpp:46] [~BaseQueueElement] Queue element PullQEl_nms12yolov11n/conv54_143 has 0 frames in his Queue on destruction
[2026-04-18 12:08:30.710] [161844] [HailoRT] [info] [queue_elements.cpp:68] [operator()] Thread in element PullQEl_nms3yolov11n/conv51_143 is not running anymore, exiting..
[2026-04-18 12:08:30.710] [161357] [HailoRT] [info] [queue_elements.cpp:46] [~BaseQueueElement] Queue element PullQEl_nms3yolov11n/conv51_143 has 0 frames in his Queue on destruction
[2026-04-18 12:08:30.710] [161357] [HailoRT] [info] [core_op.cpp:186] [deactivate] Deactivating took 0.006981 ms
[2026-04-18 12:08:30.710] [161357] [HailoRT] [info] [core_op.cpp:186] [deactivate] Deactivating took 0.015907 ms
[2026-04-18 12:08:30.757] [161357] [HailoRT] [info] [vdevice.cpp:535] [create] Creating vdevice with params: device_count: 1, scheduling_algorithm: NONE, multi_process_service: false
[2026-04-18 12:08:30.757] [161357] [HailoRT] [info] [device.cpp:51] [Device] OS Version: Linux 6.12.75+rpt-rpi-2712 #1 SMP PREEMPT Debian 1:6.12.75-1+rpt1 (2026-03-11) aarch64
[2026-04-18 12:08:30.757] [161357] [HailoRT] [info] [control.cpp:113] [control__parse_identify_results] firmware_version is: 4.23.0
[2026-04-18 12:08:30.757] [161357] [HailoRT] [info] [vdevice.cpp:682] [create] VDevice Infos: 0001:01:00.0
[2026-04-18 12:08:30.763] [161357] [HailoRT] [warning] [buffer_requirements.cpp:131] [get_buffer_requirements_multiple_transfers] Desc page size value (1024) is not optimal for performance.
[2026-04-18 12:08:30.775] [161357] [HailoRT] [info] [internal_buffer_manager.cpp:77] [print_execution_results] Planned internal buffer memory: CMA=0 CMA-Desc=1310720 Pinned=48284672. memory to edge layer usage factor is 1
[2026-04-18 12:08:30.775] [161357] [HailoRT] [info] [internal_buffer_manager.cpp:86] [print_execution_results] Default Internal buffer planner executed successfully
[2026-04-18 12:08:30.868] [161357] [HailoRT] [info] [device_internal.cpp:57] [configure] Configuring HEF took 110.642866 milliseconds
[2026-04-18 12:08:30.868] [161357] [HailoRT] [info] [vdevice.cpp:780] [configure] Configuring HEF on VDevice took 111.007332 milliseconds
[2026-04-18 12:08:30.869] [161357] [HailoRT] [info] [control.cpp:113] [control__parse_identify_results] firmware_version is: 4.23.0
[2026-04-18 12:08:30.869] [161357] [HailoRT] [info] [control.cpp:113] [control__parse_identify_results] firmware_version is: 4.23.0
[2026-04-18 12:08:30.897] [161357] [HailoRT] [info] [core_op.cpp:156] [activate] Activating yolov11n took 28.489922 milliseconds. Note that the function is asynchronous and thus the network is not fully activated yet.
[2026-04-18 12:08:30.897] [161357] [HailoRT] [info] [core_op.cpp:156] [activate] Activating yolov11n took 28.513182 milliseconds. Note that the function is asynchronous and thus the network is not fully activated yet.
[2026-04-18 12:08:30.911] [161357] [HailoRT] [info] [control.cpp:113] [control__parse_identify_results] firmware_version is: 4.23.0
[2026-04-18 12:08:30.911] [161357] [HailoRT] [info] [control.cpp:113] [control__parse_identify_results] firmware_version is: 4.23.0
[2026-04-18 12:08:30.911] [161357] [HailoRT] [info] [edge_elements.cpp:52] [create] Created (HwWriteEl8yolov11n/input_layer1 | hw_frame_size: 1228800)
[2026-04-18 12:08:30.911] [161357] [HailoRT] [info] [queue_elements.cpp:284] [create] Created (PushQEl8yolov11n/input_layer1 | timeout: 10s)
[2026-04-18 12:08:30.911] [161357] [HailoRT] [info] [filter_elements.cpp:101] [create] Created (PreInferEl8yolov11n/input_layer1 | Reorder - src_order: NHWC, src_shape: (640, 640, 3), dst_order: NHCW, dst_shape: (640, 640, 3))
[2026-04-18 12:08:30.911] [161357] [HailoRT] [info] [vstream.cpp:754] [InputVStreamImpl] Creating yolov11n/input_layer1...
[2026-04-18 12:08:30.911] [161357] [HailoRT] [info] [vstream_builder.cpp:102] [create_inputs] Input pipeline 'yolov11n/input_layer1': (PreInferEl8yolov11n/input_layer1 | Reorder - src_order: NHWC, src_shape: (640, 640, 3), dst_order: NHCW, dst_shape: (640, 640, 3)) >> (PushQEl8yolov11n/input_layer1 | timeout: 10s) >> (HwWriteEl8yolov11n/input_layer1 | hw_frame_size: 1228800) >> HW
[2026-04-18 12:08:30.911] [161357] [HailoRT] [info] [multi_io_elements.cpp:135] [create] Created (NmsPPMuxEl0YOLOV8-Post-Process | Op YOLOV8, Name: YOLOV8-Post-Process, Score threshold: 0.200, IoU threshold: 0.70, Classes: 80, Max bboxes per class: 100, Image height: 640, Image width: 640)
[2026-04-18 12:08:30.911] [161357] [HailoRT] [info] [edge_elements.cpp:287] [create] Created (HwReadEl3yolov11n/conv51_143 | hw_frame_size: 409600)
[2026-04-18 12:08:30.911] [161357] [HailoRT] [info] [queue_elements.cpp:657] [create] Created (PullQEl_nms3yolov11n/conv51_143 | timeout: 10s)
[2026-04-18 12:08:30.911] [161357] [HailoRT] [info] [edge_elements.cpp:287] [create] Created (HwReadEl12yolov11n/conv54_143 | hw_frame_size: 512000)
[2026-04-18 12:08:30.911] [161357] [HailoRT] [info] [queue_elements.cpp:657] [create] Created (PullQEl_nms12yolov11n/conv54_143 | timeout: 10s)
[2026-04-18 12:08:30.912] [161357] [HailoRT] [info] [edge_elements.cpp:287] [create] Created (HwReadEl15yolov11n/conv62_143 | hw_frame_size: 102400)
[2026-04-18 12:08:30.912] [161357] [HailoRT] [info] [queue_elements.cpp:657] [create] Created (PullQEl_nms15yolov11n/conv62_143 | timeout: 10s)
[2026-04-18 12:08:30.912] [161357] [HailoRT] [info] [edge_elements.cpp:287] [create] Created (HwReadEl13yolov11n/conv65_143 | hw_frame_size: 128000)
[2026-04-18 12:08:30.912] [161357] [HailoRT] [info] [queue_elements.cpp:657] [create] Created (PullQEl_nms13yolov11n/conv65_143 | timeout: 10s)
[2026-04-18 12:08:30.912] [161357] [HailoRT] [info] [edge_elements.cpp:287] [create] Created (HwReadEl1yolov11n/conv77_143 | hw_frame_size: 30720)
[2026-04-18 12:08:30.912] [161357] [HailoRT] [info] [queue_elements.cpp:657] [create] Created (PullQEl_nms1yolov11n/conv77_143 | timeout: 10s)
[2026-04-18 12:08:30.912] [161357] [HailoRT] [info] [edge_elements.cpp:287] [create] Created (HwReadEl0yolov11n/conv80_143 | hw_frame_size: 38400)
[2026-04-18 12:08:30.912] [161357] [HailoRT] [info] [queue_elements.cpp:657] [create] Created (PullQEl_nms0yolov11n/conv80_143 | timeout: 10s)
[2026-04-18 12:08:30.912] [161357] [HailoRT] [info] [queue_elements.cpp:800] [create] Created (UserBufQEl_post_infer0yolov11n/yolov8_nms_postprocess | timeout: 10s)
[2026-04-18 12:08:30.912] [161357] [HailoRT] [info] [vstream.cpp:1114] [OutputVStreamImpl] Creating yolov11n/yolov8_nms_postprocess...
[2026-04-18 12:08:30.912] [161357] [HailoRT] [info] [vstream_builder.cpp:622] [create_output_post_process_nms] Output pipeline 'yolov11n/yolov8_nms_postprocess': HW >> (HwReadEl3yolov11n/conv51_143 | hw_frame_size: 409600) >> (PullQEl_nms3yolov11n/conv51_143) >> (HwReadEl12yolov11n/conv54_143 | hw_frame_size: 512000) >> (PullQEl_nms12yolov11n/conv54_143) >> (HwReadEl15yolov11n/conv62_143 | hw_frame_size: 102400) >> (PullQEl_nms15yolov11n/conv62_143) >> (HwReadEl13yolov11n/conv65_143 | hw_frame_size: 128000) >> (PullQEl_nms13yolov11n/conv65_143) >> (HwReadEl1yolov11n/conv77_143 | hw_frame_size: 30720) >> (PullQEl_nms1yolov11n/conv77_143) >> (HwReadEl0yolov11n/conv80_143 | hw_frame_size: 38400) >> (PullQEl_nms0yolov11n/conv80_143) >> (NmsPPMuxEl0YOLOV8-Post-Process | Op YOLOV8, Name: YOLOV8-Post-Process, Score threshold: 0.200, IoU threshold: 0.70, Classes: 80, Max bboxes per class: 100, Image height: 640, Image width: 640) >> (UserBufQEl_post_infer0yolov11n/yolov8_nms_postprocess | timeout: 10s)
[2026-04-18 12:09:30.912] [162328] [HailoRT] [info] [vdevice_native_stream.cpp:331] [read_impl] Failed read from stream HAILO_STREAM_ABORT(63) (device: 0001:01:00.0)
[2026-04-18 12:09:30.912] [162327] [HailoRT] [info] [vdevice_native_stream.cpp:331] [read_impl] Failed read from stream HAILO_STREAM_ABORT(63) (device: 0001:01:00.0)
[2026-04-18 12:09:30.912] [162327] [HailoRT] [info] [edge_elements.cpp:396] [run_pull] Reading from stream was aborted!
[2026-04-18 12:09:30.912] [162327] [HailoRT] [info] [queue_elements.cpp:738] [run_in_thread] run_pull of queue element PullQEl_nms12yolov11n/conv54_143 was aborted!
[2026-04-18 12:09:30.912] [162330] [HailoRT] [info] [vdevice_native_stream.cpp:331] [read_impl] Failed read from stream HAILO_STREAM_ABORT(63) (device: 0001:01:00.0)
[2026-04-18 12:09:30.912] [162330] [HailoRT] [info] [edge_elements.cpp:396] [run_pull] Reading from stream was aborted!
[2026-04-18 12:09:30.912] [162330] [HailoRT] [info] [queue_elements.cpp:738] [run_in_thread] run_pull of queue element PullQEl_nms1yolov11n/conv77_143 was aborted!
[2026-04-18 12:09:30.912] [162326] [HailoRT] [info] [vdevice_native_stream.cpp:331] [read_impl] Failed read from stream HAILO_STREAM_ABORT(63) (device: 0001:01:00.0)
[2026-04-18 12:09:30.912] [162326] [HailoRT] [info] [edge_elements.cpp:396] [run_pull] Reading from stream was aborted!
[2026-04-18 12:09:30.912] [162326] [HailoRT] [info] [queue_elements.cpp:738] [run_in_thread] run_pull of queue element PullQEl_nms3yolov11n/conv51_143 was aborted!
[2026-04-18 12:09:30.912] [162328] [HailoRT] [info] [edge_elements.cpp:396] [run_pull] Reading from stream was aborted!
[2026-04-18 12:09:30.912] [162328] [HailoRT] [info] [queue_elements.cpp:738] [run_in_thread] run_pull of queue element PullQEl_nms15yolov11n/conv62_143 was aborted!
[2026-04-18 12:09:30.912] [162329] [HailoRT] [info] [vdevice_native_stream.cpp:331] [read_impl] Failed read from stream HAILO_STREAM_ABORT(63) (device: 0001:01:00.0)
[2026-04-18 12:09:30.912] [162329] [HailoRT] [info] [edge_elements.cpp:396] [run_pull] Reading from stream was aborted!
[2026-04-18 12:09:30.912] [162329] [HailoRT] [info] [queue_elements.cpp:738] [run_in_thread] run_pull of queue element PullQEl_nms13yolov11n/conv65_143 was aborted!
[2026-04-18 12:09:30.912] [162331] [HailoRT] [info] [vdevice_native_stream.cpp:331] [read_impl] Failed read from stream HAILO_STREAM_ABORT(63) (device: 0001:01:00.0)
[2026-04-18 12:09:30.912] [162331] [HailoRT] [info] [edge_elements.cpp:396] [run_pull] Reading from stream was aborted!
[2026-04-18 12:09:30.912] [162331] [HailoRT] [info] [queue_elements.cpp:738] [run_in_thread] run_pull of queue element PullQEl_nms0yolov11n/conv80_143 was aborted!
[2026-04-18 12:09:30.914] [162335] [HailoRT] [info] [queue_elements.cpp:706] [run_pull] Shutdown event was signaled in dequeue of queue element PullQEl_nms3yolov11n/conv51_143!
[2026-04-18 12:09:30.914] [162335] [HailoRT] [info] [vstream.cpp:1138] [read] Receiving to VStream was shutdown!
[2026-04-18 12:09:30.915] [162325] [HailoRT] [info] [vdevice_native_stream.cpp:142] [write_impl] Failed write to stream yolov11n/input_layer1 (device: 0001:01:00.0) with status=HAILO_STREAM_ABORT(63)
[2026-04-18 12:09:30.915] [162325] [HailoRT] [info] [edge_elements.cpp:87] [run_push] Failed to send on input stream InputStream(index=8, name=yolov11n/input_layer1) because stream was aborted
[2026-04-18 12:09:30.915] [162325] [HailoRT] [info] [queue_elements.cpp:401] [run_in_thread] run_push of PushQEl8yolov11n/input_layer1 was aborted!
[2026-04-18 12:09:30.917] [162336] [HailoRT] [info] [queue_elements.cpp:319] [run_push] run_push of PushQEl8yolov11n/input_layer1 was aborted!
[2026-04-18 12:09:30.917] [162336] [HailoRT] [info] [filter_elements.cpp:35] [run_push] run_push of PreInferEl8yolov11n/input_layer1 was aborted!
[2026-04-18 12:09:30.917] [162336] [HailoRT] [info] [vstream.cpp:778] [write] Sending to VStream was aborted!
[2026-04-18 12:09:30.923] [161357] [HailoRT] [info] [queue_elements.cpp:360] [execute_deactivate] enqueue() in element PushQEl8yolov11n/input_layer1 was aborted, got status = HAILO_SHUTDOWN_EVENT_SIGNALED(57)
[2026-04-18 12:09:30.923] [162325] [HailoRT] [info] [queue_elements.cpp:68] [operator()] Thread in element PushQEl8yolov11n/input_layer1 is not running anymore, exiting..
[2026-04-18 12:09:30.923] [161357] [HailoRT] [info] [queue_elements.cpp:46] [~BaseQueueElement] Queue element PushQEl8yolov11n/input_layer1 has 0 frames in his Queue on destruction
[2026-04-18 12:09:30.923] [162332] [HailoRT] [info] [queue_elements.cpp:68] [operator()] Thread in element UserBufQEl_post_infer0yolov11n/yolov8_nms_postprocess is not running anymore, exiting..
[2026-04-18 12:09:30.923] [161357] [HailoRT] [info] [queue_elements.cpp:46] [~BaseQueueElement] Queue element UserBufQEl_post_infer0yolov11n/yolov8_nms_postprocess has 0 frames in his Queue on destruction
[2026-04-18 12:09:30.923] [162331] [HailoRT] [info] [queue_elements.cpp:68] [operator()] Thread in element PullQEl_nms0yolov11n/conv80_143 is not running anymore, exiting..
[2026-04-18 12:09:30.923] [161357] [HailoRT] [info] [queue_elements.cpp:46] [~BaseQueueElement] Queue element PullQEl_nms0yolov11n/conv80_143 has 0 frames in his Queue on destruction
[2026-04-18 12:09:30.923] [162330] [HailoRT] [info] [queue_elements.cpp:68] [operator()] Thread in element PullQEl_nms1yolov11n/conv77_143 is not running anymore, exiting..
[2026-04-18 12:09:30.923] [161357] [HailoRT] [info] [queue_elements.cpp:46] [~BaseQueueElement] Queue element PullQEl_nms1yolov11n/conv77_143 has 0 frames in his Queue on destruction
[2026-04-18 12:09:30.923] [162329] [HailoRT] [info] [queue_elements.cpp:68] [operator()] Thread in element PullQEl_nms13yolov11n/conv65_143 is not running anymore, exiting..
[2026-04-18 12:09:30.923] [161357] [HailoRT] [info] [queue_elements.cpp:46] [~BaseQueueElement] Queue element PullQEl_nms13yolov11n/conv65_143 has 0 frames in his Queue on destruction
[2026-04-18 12:09:30.923] [162328] [HailoRT] [info] [queue_elements.cpp:68] [operator()] Thread in element PullQEl_nms15yolov11n/conv62_143 is not running anymore, exiting..
[2026-04-18 12:09:30.923] [161357] [HailoRT] [info] [queue_elements.cpp:46] [~BaseQueueElement] Queue element PullQEl_nms15yolov11n/conv62_143 has 0 frames in his Queue on destruction
[2026-04-18 12:09:30.923] [162327] [HailoRT] [info] [queue_elements.cpp:68] [operator()] Thread in element PullQEl_nms12yolov11n/conv54_143 is not running anymore, exiting..
[2026-04-18 12:09:30.923] [161357] [HailoRT] [info] [queue_elements.cpp:46] [~BaseQueueElement] Queue element PullQEl_nms12yolov11n/conv54_143 has 0 frames in his Queue on destruction
[2026-04-18 12:09:30.924] [162326] [HailoRT] [info] [queue_elements.cpp:68] [operator()] Thread in element PullQEl_nms3yolov11n/conv51_143 is not running anymore, exiting..
[2026-04-18 12:09:30.924] [161357] [HailoRT] [info] [queue_elements.cpp:46] [~BaseQueueElement] Queue element PullQEl_nms3yolov11n/conv51_143 has 0 frames in his Queue on destruction
[2026-04-18 12:09:30.924] [161357] [HailoRT] [info] [core_op.cpp:186] [deactivate] Deactivating took 0.00887 ms
[2026-04-18 12:09:30.924] [161357] [HailoRT] [info] [core_op.cpp:186] [deactivate] Deactivating took 0.019259 ms
[2026-04-18 12:09:41.252] [162877] [HailoRT] [info] [vdevice.cpp:535] [create] Creating vdevice with params: device_count: 1, scheduling_algorithm: NONE, multi_process_service: false
[2026-04-18 12:09:41.264] [162877] [HailoRT] [info] [device.cpp:51] [Device] OS Version: Linux 6.12.75+rpt-rpi-2712 #1 SMP PREEMPT Debian 1:6.12.75-1+rpt1 (2026-03-11) aarch64
[2026-04-18 12:09:41.265] [162877] [HailoRT] [info] [control.cpp:113] [control__parse_identify_results] firmware_version is: 4.23.0
[2026-04-18 12:09:41.265] [162877] [HailoRT] [info] [vdevice.cpp:682] [create] VDevice Infos: 0001:01:00.0
[2026-04-18 12:09:41.271] [162877] [HailoRT] [warning] [buffer_requirements.cpp:131] [get_buffer_requirements_multiple_transfers] Desc page size value (1024) is not optimal for performance.
[2026-04-18 12:09:41.288] [162877] [HailoRT] [info] [internal_buffer_manager.cpp:77] [print_execution_results] Planned internal buffer memory: CMA=0 CMA-Desc=1310720 Pinned=49462272. memory to edge layer usage factor is 1
[2026-04-18 12:09:41.288] [162877] [HailoRT] [info] [internal_buffer_manager.cpp:86] [print_execution_results] Default Internal buffer planner executed successfully
[2026-04-18 12:09:41.382] [162877] [HailoRT] [info] [device_internal.cpp:57] [configure] Configuring HEF took 117.294426 milliseconds
[2026-04-18 12:09:41.383] [162877] [HailoRT] [info] [vdevice.cpp:780] [configure] Configuring HEF on VDevice took 117.691095 milliseconds
[2026-04-18 12:09:41.383] [162877] [HailoRT] [info] [control.cpp:113] [control__parse_identify_results] firmware_version is: 4.23.0
[2026-04-18 12:09:41.383] [162877] [HailoRT] [info] [control.cpp:113] [control__parse_identify_results] firmware_version is: 4.23.0
[2026-04-18 12:09:41.417] [162877] [HailoRT] [info] [core_op.cpp:156] [activate] Activating yolov11n took 34.120372 milliseconds. Note that the function is asynchronous and thus the network is not fully activated yet.
[2026-04-18 12:09:41.417] [162877] [HailoRT] [info] [core_op.cpp:156] [activate] Activating yolov11n took 34.149891 milliseconds. Note that the function is asynchronous and thus the network is not fully activated yet.
[2026-04-18 12:09:41.430] [162877] [HailoRT] [info] [control.cpp:113] [control__parse_identify_results] firmware_version is: 4.23.0
[2026-04-18 12:09:41.431] [162877] [HailoRT] [info] [control.cpp:113] [control__parse_identify_results] firmware_version is: 4.23.0
[2026-04-18 12:09:42.564] [162869] [HailoRT] [info] [device.cpp:51] [Device] OS Version: Linux 6.12.75+rpt-rpi-2712 #1 SMP PREEMPT Debian 1:6.12.75-1+rpt1 (2026-03-11) aarch64
[2026-04-18 12:09:42.565] [162869] [HailoRT] [info] [control.cpp:113] [control__parse_identify_results] firmware_version is: 4.23.0
[2026-04-18 12:09:42.565] [162869] [HailoRT] [info] [control.cpp:113] [control__parse_identify_results] firmware_version is: 4.23.0
[2026-04-18 12:10:41.431] [162888] [HailoRT] [info] [vdevice_native_stream.cpp:331] [read_impl] Failed read from stream HAILO_STREAM_ABORT(63) (device: 0001:01:00.0)
[2026-04-18 12:10:41.431] [162886] [HailoRT] [info] [vdevice_native_stream.cpp:331] [read_impl] Failed read from stream HAILO_STREAM_ABORT(63) (device: 0001:01:00.0)
[2026-04-18 12:10:41.431] [162890] [HailoRT] [info] [vdevice_native_stream.cpp:331] [read_impl] Failed read from stream HAILO_STREAM_ABORT(63) (device: 0001:01:00.0)
[2026-04-18 12:10:41.431] [162891] [HailoRT] [info] [vdevice_native_stream.cpp:331] [read_impl] Failed read from stream HAILO_STREAM_ABORT(63) (device: 0001:01:00.0)
[2026-04-18 12:10:41.431] [162892] [HailoRT] [info] [vdevice_native_stream.cpp:142] [write_impl] Failed write to stream yolov11n/input_layer1 (device: 0001:01:00.0) with status=HAILO_STREAM_ABORT(63)
[2026-04-18 12:10:41.432] [162887] [HailoRT] [info] [vdevice_native_stream.cpp:331] [read_impl] Failed read from stream HAILO_STREAM_ABORT(63) (device: 0001:01:00.0)
[2026-04-18 12:10:41.431] [162889] [HailoRT] [info] [vdevice_native_stream.cpp:331] [read_impl] Failed read from stream HAILO_STREAM_ABORT(63) (device: 0001:01:00.0)
[2026-04-18 12:10:41.441] [162877] [HailoRT] [info] [core_op.cpp:186] [deactivate] Deactivating took 0.005925 ms
[2026-04-18 12:10:41.441] [162877] [HailoRT] [info] [core_op.cpp:186] [deactivate] Deactivating took 0.024389 ms
[2026-04-18 12:10:41.505] [162877] [HailoRT] [info] [vdevice.cpp:535] [create] Creating vdevice with params: device_count: 1, scheduling_algorithm: NONE, multi_process_service: false
[2026-04-18 12:10:41.506] [162877] [HailoRT] [info] [device.cpp:51] [Device] OS Version: Linux 6.12.75+rpt-rpi-2712 #1 SMP PREEMPT Debian 1:6.12.75-1+rpt1 (2026-03-11) aarch64
[2026-04-18 12:10:41.506] [162877] [HailoRT] [info] [control.cpp:113] [control__parse_identify_results] firmware_version is: 4.23.0
[2026-04-18 12:10:41.506] [162877] [HailoRT] [info] [vdevice.cpp:682] [create] VDevice Infos: 0001:01:00.0
[2026-04-18 12:10:41.514] [162877] [HailoRT] [warning] [buffer_requirements.cpp:131] [get_buffer_requirements_multiple_transfers] Desc page size value (1024) is not optimal for performance.
[2026-04-18 12:10:41.532] [162877] [HailoRT] [info] [internal_buffer_manager.cpp:77] [print_execution_results] Planned internal buffer memory: CMA=0 CMA-Desc=1310720 Pinned=49462272. memory to edge layer usage factor is 1
[2026-04-18 12:10:41.532] [162877] [HailoRT] [info] [internal_buffer_manager.cpp:86] [print_execution_results] Default Internal buffer planner executed successfully
[2026-04-18 12:10:41.627] [162877] [HailoRT] [info] [device_internal.cpp:57] [configure] Configuring HEF took 120.894841 milliseconds
[2026-04-18 12:10:41.627] [162877] [HailoRT] [info] [vdevice.cpp:780] [configure] Configuring HEF on VDevice took 121.272992 milliseconds
[2026-04-18 12:10:41.627] [162877] [HailoRT] [info] [control.cpp:113] [control__parse_identify_results] firmware_version is: 4.23.0
[2026-04-18 12:10:41.628] [162877] [HailoRT] [info] [control.cpp:113] [control__parse_identify_results] firmware_version is: 4.23.0
[2026-04-18 12:10:41.661] [162877] [HailoRT] [info] [core_op.cpp:156] [activate] Activating yolov11n took 33.436448 milliseconds. Note that the function is asynchronous and thus the network is not fully activated yet.
[2026-04-18 12:10:41.661] [162877] [HailoRT] [info] [core_op.cpp:156] [activate] Activating yolov11n took 33.46004 milliseconds. Note that the function is asynchronous and thus the network is not fully activated yet.
[2026-04-18 12:10:41.674] [162877] [HailoRT] [info] [control.cpp:113] [control__parse_identify_results] firmware_version is: 4.23.0
[2026-04-18 12:10:41.675] [162877] [HailoRT] [info] [control.cpp:113] [control__parse_identify_results] firmware_version is: 4.23.0
[2026-04-18 12:10:41.675] [162877] [HailoRT] [info] [edge_elements.cpp:52] [create] Created (HwWriteEl8yolov11n/input_layer1 | hw_frame_size: 1228800)
[2026-04-18 12:10:41.675] [162877] [HailoRT] [info] [queue_elements.cpp:284] [create] Created (PushQEl8yolov11n/input_layer1 | timeout: 10s)
[2026-04-18 12:10:41.675] [162877] [HailoRT] [info] [filter_elements.cpp:101] [create] Created (PreInferEl8yolov11n/input_layer1 | Reorder - src_order: NHWC, src_shape: (640, 640, 3), dst_order: NHCW, dst_shape: (640, 640, 3))
[2026-04-18 12:10:41.675] [162877] [HailoRT] [info] [vstream.cpp:754] [InputVStreamImpl] Creating yolov11n/input_layer1...
[2026-04-18 12:10:41.675] [162877] [HailoRT] [info] [vstream_builder.cpp:102] [create_inputs] Input pipeline 'yolov11n/input_layer1': (PreInferEl8yolov11n/input_layer1 | Reorder - src_order: NHWC, src_shape: (640, 640, 3), dst_order: NHCW, dst_shape: (640, 640, 3)) >> (PushQEl8yolov11n/input_layer1 | timeout: 10s) >> (HwWriteEl8yolov11n/input_layer1 | hw_frame_size: 1228800) >> HW
[2026-04-18 12:10:41.675] [162877] [HailoRT] [info] [multi_io_elements.cpp:135] [create] Created (NmsPPMuxEl0YOLOV8-Post-Process | Op YOLOV8, Name: YOLOV8-Post-Process, Score threshold: 0.200, IoU threshold: 0.70, Classes: 80, Max bboxes per class: 100, Image height: 640, Image width: 640)
[2026-04-18 12:10:41.675] [162877] [HailoRT] [info] [edge_elements.cpp:287] [create] Created (HwReadEl3yolov11n/conv51_143 | hw_frame_size: 409600)
[2026-04-18 12:10:41.675] [162877] [HailoRT] [info] [queue_elements.cpp:657] [create] Created (PullQEl_nms3yolov11n/conv51_143 | timeout: 10s)
[2026-04-18 12:10:41.675] [162877] [HailoRT] [info] [edge_elements.cpp:287] [create] Created (HwReadEl12yolov11n/conv54_143 | hw_frame_size: 512000)
[2026-04-18 12:10:41.675] [162877] [HailoRT] [info] [queue_elements.cpp:657] [create] Created (PullQEl_nms12yolov11n/conv54_143 | timeout: 10s)
[2026-04-18 12:10:41.675] [162877] [HailoRT] [info] [edge_elements.cpp:287] [create] Created (HwReadEl15yolov11n/conv62_143 | hw_frame_size: 102400)
[2026-04-18 12:10:41.675] [162877] [HailoRT] [info] [queue_elements.cpp:657] [create] Created (PullQEl_nms15yolov11n/conv62_143 | timeout: 10s)
[2026-04-18 12:10:41.675] [162877] [HailoRT] [info] [edge_elements.cpp:287] [create] Created (HwReadEl13yolov11n/conv65_143 | hw_frame_size: 128000)
[2026-04-18 12:10:41.675] [162877] [HailoRT] [info] [queue_elements.cpp:657] [create] Created (PullQEl_nms13yolov11n/conv65_143 | timeout: 10s)
[2026-04-18 12:10:41.676] [162877] [HailoRT] [info] [edge_elements.cpp:287] [create] Created (HwReadEl1yolov11n/conv77_143 | hw_frame_size: 30720)
[2026-04-18 12:10:41.676] [162877] [HailoRT] [info] [queue_elements.cpp:657] [create] Created (PullQEl_nms1yolov11n/conv77_143 | timeout: 10s)
[2026-04-18 12:10:41.676] [162877] [HailoRT] [info] [edge_elements.cpp:287] [create] Created (HwReadEl0yolov11n/conv80_143 | hw_frame_size: 38400)
[2026-04-18 12:10:41.676] [162877] [HailoRT] [info] [queue_elements.cpp:657] [create] Created (PullQEl_nms0yolov11n/conv80_143 | timeout: 10s)
[2026-04-18 12:10:41.676] [162877] [HailoRT] [info] [queue_elements.cpp:800] [create] Created (UserBufQEl_post_infer0yolov11n/yolov8_nms_postprocess | timeout: 10s)
[2026-04-18 12:10:41.676] [162877] [HailoRT] [info] [vstream.cpp:1114] [OutputVStreamImpl] Creating yolov11n/yolov8_nms_postprocess...
[2026-04-18 12:10:41.676] [162877] [HailoRT] [info] [vstream_builder.cpp:622] [create_output_post_process_nms] Output pipeline 'yolov11n/yolov8_nms_postprocess': HW >> (HwReadEl3yolov11n/conv51_143 | hw_frame_size: 409600) >> (PullQEl_nms3yolov11n/conv51_143) >> (HwReadEl12yolov11n/conv54_143 | hw_frame_size: 512000) >> (PullQEl_nms12yolov11n/conv54_143) >> (HwReadEl15yolov11n/conv62_143 | hw_frame_size: 102400) >> (PullQEl_nms15yolov11n/conv62_143) >> (HwReadEl13yolov11n/conv65_143 | hw_frame_size: 128000) >> (PullQEl_nms13yolov11n/conv65_143) >> (HwReadEl1yolov11n/conv77_143 | hw_frame_size: 30720) >> (PullQEl_nms1yolov11n/conv77_143) >> (HwReadEl0yolov11n/conv80_143 | hw_frame_size: 38400) >> (PullQEl_nms0yolov11n/conv80_143) >> (NmsPPMuxEl0YOLOV8-Post-Process | Op YOLOV8, Name: YOLOV8-Post-Process, Score threshold: 0.200, IoU threshold: 0.70, Classes: 80, Max bboxes per class: 100, Image height: 640, Image width: 640) >> (UserBufQEl_post_infer0yolov11n/yolov8_nms_postprocess | timeout: 10s)
[2026-04-18 12:11:41.676] [163371] [HailoRT] [info] [vdevice_native_stream.cpp:331] [read_impl] Failed read from stream HAILO_STREAM_ABORT(63) (device: 0001:01:00.0)
[2026-04-18 12:11:41.676] [163371] [HailoRT] [info] [edge_elements.cpp:396] [run_pull] Reading from stream was aborted!
[2026-04-18 12:11:41.676] [163366] [HailoRT] [info] [vdevice_native_stream.cpp:142] [write_impl] Failed write to stream yolov11n/input_layer1 (device: 0001:01:00.0) with status=HAILO_STREAM_ABORT(63)
[2026-04-18 12:11:41.676] [163371] [HailoRT] [info] [queue_elements.cpp:738] [run_in_thread] run_pull of queue element PullQEl_nms1yolov11n/conv77_143 was aborted!
[2026-04-18 12:11:41.676] [163366] [HailoRT] [info] [edge_elements.cpp:87] [run_push] Failed to send on input stream InputStream(index=8, name=yolov11n/input_layer1) because stream was aborted
[2026-04-18 12:11:41.676] [163366] [HailoRT] [info] [queue_elements.cpp:401] [run_in_thread] run_push of PushQEl8yolov11n/input_layer1 was aborted!
[2026-04-18 12:11:41.676] [163372] [HailoRT] [info] [vdevice_native_stream.cpp:331] [read_impl] Failed read from stream HAILO_STREAM_ABORT(63) (device: 0001:01:00.0)
[2026-04-18 12:11:41.676] [163372] [HailoRT] [info] [edge_elements.cpp:396] [run_pull] Reading from stream was aborted!
[2026-04-18 12:11:41.676] [163372] [HailoRT] [info] [queue_elements.cpp:738] [run_in_thread] run_pull of queue element PullQEl_nms0yolov11n/conv80_143 was aborted!
[2026-04-18 12:11:41.676] [163368] [HailoRT] [info] [vdevice_native_stream.cpp:331] [read_impl] Failed read from stream HAILO_STREAM_ABORT(63) (device: 0001:01:00.0)
[2026-04-18 12:11:41.676] [163368] [HailoRT] [info] [edge_elements.cpp:396] [run_pull] Reading from stream was aborted!
[2026-04-18 12:11:41.676] [163377] [HailoRT] [info] [vstream.cpp:774] [write] Sending to VStream was shutdown!
[2026-04-18 12:11:41.676] [163377] [HailoRT] [info] [vstream.cpp:778] [write] Sending to VStream was aborted!
[2026-04-18 12:11:41.676] [163370] [HailoRT] [info] [vdevice_native_stream.cpp:331] [read_impl] Failed read from stream HAILO_STREAM_ABORT(63) (device: 0001:01:00.0)
[2026-04-18 12:11:41.676] [163370] [HailoRT] [info] [edge_elements.cpp:396] [run_pull] Reading from stream was aborted!
[2026-04-18 12:11:41.676] [163370] [HailoRT] [info] [queue_elements.cpp:738] [run_in_thread] run_pull of queue element PullQEl_nms13yolov11n/conv65_143 was aborted!
[2026-04-18 12:11:41.676] [163368] [HailoRT] [info] [queue_elements.cpp:738] [run_in_thread] run_pull of queue element PullQEl_nms12yolov11n/conv54_143 was aborted!
[2026-04-18 12:11:41.676] [163367] [HailoRT] [info] [vdevice_native_stream.cpp:331] [read_impl] Failed read from stream HAILO_STREAM_ABORT(63) (device: 0001:01:00.0)
[2026-04-18 12:11:41.676] [163367] [HailoRT] [info] [edge_elements.cpp:396] [run_pull] Reading from stream was aborted!
[2026-04-18 12:11:41.676] [163367] [HailoRT] [info] [queue_elements.cpp:738] [run_in_thread] run_pull of queue element PullQEl_nms3yolov11n/conv51_143 was aborted!
[2026-04-18 12:11:41.676] [163369] [HailoRT] [info] [vdevice_native_stream.cpp:331] [read_impl] Failed read from stream HAILO_STREAM_ABORT(63) (device: 0001:01:00.0)
[2026-04-18 12:11:41.676] [163369] [HailoRT] [info] [edge_elements.cpp:396] [run_pull] Reading from stream was aborted!
[2026-04-18 12:11:41.676] [163376] [HailoRT] [info] [queue_elements.cpp:706] [run_pull] Shutdown event was signaled in dequeue of queue element PullQEl_nms3yolov11n/conv51_143!
[2026-04-18 12:11:41.676] [163369] [HailoRT] [info] [queue_elements.cpp:738] [run_in_thread] run_pull of queue element PullQEl_nms15yolov11n/conv62_143 was aborted!
[2026-04-18 12:11:41.676] [163376] [HailoRT] [info] [vstream.cpp:1138] [read] Receiving to VStream was shutdown!
[2026-04-18 12:11:41.685] [162877] [HailoRT] [info] [queue_elements.cpp:360] [execute_deactivate] enqueue() in element PushQEl8yolov11n/input_layer1 was aborted, got status = HAILO_SHUTDOWN_EVENT_SIGNALED(57)
[2026-04-18 12:11:41.685] [163366] [HailoRT] [info] [queue_elements.cpp:68] [operator()] Thread in element PushQEl8yolov11n/input_layer1 is not running anymore, exiting..
[2026-04-18 12:11:41.685] [162877] [HailoRT] [info] [queue_elements.cpp:46] [~BaseQueueElement] Queue element PushQEl8yolov11n/input_layer1 has 1 frames in his Queue on destruction
[2026-04-18 12:11:41.685] [163373] [HailoRT] [info] [queue_elements.cpp:68] [operator()] Thread in element UserBufQEl_post_infer0yolov11n/yolov8_nms_postprocess is not running anymore, exiting..
[2026-04-18 12:11:41.685] [162877] [HailoRT] [info] [queue_elements.cpp:46] [~BaseQueueElement] Queue element UserBufQEl_post_infer0yolov11n/yolov8_nms_postprocess has 0 frames in his Queue on destruction
[2026-04-18 12:11:41.685] [163372] [HailoRT] [info] [queue_elements.cpp:68] [operator()] Thread in element PullQEl_nms0yolov11n/conv80_143 is not running anymore, exiting..
[2026-04-18 12:11:41.685] [162877] [HailoRT] [info] [queue_elements.cpp:46] [~BaseQueueElement] Queue element PullQEl_nms0yolov11n/conv80_143 has 0 frames in his Queue on destruction
[2026-04-18 12:11:41.685] [163371] [HailoRT] [info] [queue_elements.cpp:68] [operator()] Thread in element PullQEl_nms1yolov11n/conv77_143 is not running anymore, exiting..
[2026-04-18 12:11:41.686] [162877] [HailoRT] [info] [queue_elements.cpp:46] [~BaseQueueElement] Queue element PullQEl_nms1yolov11n/conv77_143 has 0 frames in his Queue on destruction
[2026-04-18 12:11:41.686] [163370] [HailoRT] [info] [queue_elements.cpp:68] [operator()] Thread in element PullQEl_nms13yolov11n/conv65_143 is not running anymore, exiting..
[2026-04-18 12:11:41.686] [162877] [HailoRT] [info] [queue_elements.cpp:46] [~BaseQueueElement] Queue element PullQEl_nms13yolov11n/conv65_143 has 0 frames in his Queue on destruction
[2026-04-18 12:11:41.686] [163369] [HailoRT] [info] [queue_elements.cpp:68] [operator()] Thread in element PullQEl_nms15yolov11n/conv62_143 is not running anymore, exiting..
[2026-04-18 12:11:41.686] [162877] [HailoRT] [info] [queue_elements.cpp:46] [~BaseQueueElement] Queue element PullQEl_nms15yolov11n/conv62_143 has 0 frames in his Queue on destruction
[2026-04-18 12:11:41.686] [163368] [HailoRT] [info] [queue_elements.cpp:68] [operator()] Thread in element PullQEl_nms12yolov11n/conv54_143 is not running anymore, exiting..
[2026-04-18 12:11:41.686] [162877] [HailoRT] [info] [queue_elements.cpp:46] [~BaseQueueElement] Queue element PullQEl_nms12yolov11n/conv54_143 has 0 frames in his Queue on destruction
[2026-04-18 12:11:41.686] [163367] [HailoRT] [info] [queue_elements.cpp:68] [operator()] Thread in element PullQEl_nms3yolov11n/conv51_143 is not running anymore, exiting..
[2026-04-18 12:11:41.686] [162877] [HailoRT] [info] [queue_elements.cpp:46] [~BaseQueueElement] Queue element PullQEl_nms3yolov11n/conv51_143 has 0 frames in his Queue on destruction
[2026-04-18 12:11:41.686] [162877] [HailoRT] [info] [core_op.cpp:186] [deactivate] Deactivating took 0.007612 ms
[2026-04-18 12:11:41.686] [162877] [HailoRT] [info] [core_op.cpp:186] [deactivate] Deactivating took 0.016611 ms
[2026-04-18 12:11:41.733] [162877] [HailoRT] [info] [vdevice.cpp:535] [create] Creating vdevice with params: device_count: 1, scheduling_algorithm: NONE, multi_process_service: false
[2026-04-18 12:11:41.734] [162877] [HailoRT] [info] [device.cpp:51] [Device] OS Version: Linux 6.12.75+rpt-rpi-2712 #1 SMP PREEMPT Debian 1:6.12.75-1+rpt1 (2026-03-11) aarch64
[2026-04-18 12:11:41.734] [162877] [HailoRT] [info] [control.cpp:113] [control__parse_identify_results] firmware_version is: 4.23.0
[2026-04-18 12:11:41.734] [162877] [HailoRT] [info] [vdevice.cpp:682] [create] VDevice Infos: 0001:01:00.0
[2026-04-18 12:11:41.741] [162877] [HailoRT] [warning] [buffer_requirements.cpp:131] [get_buffer_requirements_multiple_transfers] Desc page size value (1024) is not optimal for performance.
[2026-04-18 12:11:41.759] [162877] [HailoRT] [info] [internal_buffer_manager.cpp:77] [print_execution_results] Planned internal buffer memory: CMA=0 CMA-Desc=1310720 Pinned=49462272. memory to edge layer usage factor is 1
[2026-04-18 12:11:41.759] [162877] [HailoRT] [info] [internal_buffer_manager.cpp:86] [print_execution_results] Default Internal buffer planner executed successfully
[2026-04-18 12:11:41.866] [162877] [HailoRT] [info] [device_internal.cpp:57] [configure] Configuring HEF took 132.40912 milliseconds
[2026-04-18 12:11:41.867] [162877] [HailoRT] [info] [vdevice.cpp:780] [configure] Configuring HEF on VDevice took 132.950586 milliseconds
[2026-04-18 12:11:41.867] [162877] [HailoRT] [info] [control.cpp:113] [control__parse_identify_results] firmware_version is: 4.23.0
[2026-04-18 12:11:41.868] [162877] [HailoRT] [info] [control.cpp:113] [control__parse_identify_results] firmware_version is: 4.23.0
[2026-04-18 12:11:41.898] [162877] [HailoRT] [info] [core_op.cpp:156] [activate] Activating yolov11n took 30.180959 milliseconds. Note that the function is asynchronous and thus the network is not fully activated yet.
[2026-04-18 12:11:41.898] [162877] [HailoRT] [info] [core_op.cpp:156] [activate] Activating yolov11n took 30.206126 milliseconds. Note that the function is asynchronous and thus the network is not fully activated yet.
[2026-04-18 12:11:41.911] [162877] [HailoRT] [info] [control.cpp:113] [control__parse_identify_results] firmware_version is: 4.23.0
[2026-04-18 12:11:41.911] [162877] [HailoRT] [info] [control.cpp:113] [control__parse_identify_results] firmware_version is: 4.23.0
[2026-04-18 12:11:41.911] [162877] [HailoRT] [info] [edge_elements.cpp:52] [create] Created (HwWriteEl8yolov11n/input_layer1 | hw_frame_size: 1228800)
[2026-04-18 12:11:41.911] [162877] [HailoRT] [info] [queue_elements.cpp:284] [create] Created (PushQEl8yolov11n/input_layer1 | timeout: 10s)
[2026-04-18 12:11:41.911] [162877] [HailoRT] [info] [filter_elements.cpp:101] [create] Created (PreInferEl8yolov11n/input_layer1 | Reorder - src_order: NHWC, src_shape: (640, 640, 3), dst_order: NHCW, dst_shape: (640, 640, 3))
[2026-04-18 12:11:41.911] [162877] [HailoRT] [info] [vstream.cpp:754] [InputVStreamImpl] Creating yolov11n/input_layer1...
[2026-04-18 12:11:41.911] [162877] [HailoRT] [info] [vstream_builder.cpp:102] [create_inputs] Input pipeline 'yolov11n/input_layer1': (PreInferEl8yolov11n/input_layer1 | Reorder - src_order: NHWC, src_shape: (640, 640, 3), dst_order: NHCW, dst_shape: (640, 640, 3)) >> (PushQEl8yolov11n/input_layer1 | timeout: 10s) >> (HwWriteEl8yolov11n/input_layer1 | hw_frame_size: 1228800) >> HW
[2026-04-18 12:11:41.911] [162877] [HailoRT] [info] [multi_io_elements.cpp:135] [create] Created (NmsPPMuxEl0YOLOV8-Post-Process | Op YOLOV8, Name: YOLOV8-Post-Process, Score threshold: 0.200, IoU threshold: 0.70, Classes: 80, Max bboxes per class: 100, Image height: 640, Image width: 640)
[2026-04-18 12:11:41.911] [162877] [HailoRT] [info] [edge_elements.cpp:287] [create] Created (HwReadEl3yolov11n/conv51_143 | hw_frame_size: 409600)
[2026-04-18 12:11:41.912] [162877] [HailoRT] [info] [queue_elements.cpp:657] [create] Created (PullQEl_nms3yolov11n/conv51_143 | timeout: 10s)
[2026-04-18 12:11:41.912] [162877] [HailoRT] [info] [edge_elements.cpp:287] [create] Created (HwReadEl12yolov11n/conv54_143 | hw_frame_size: 512000)
[2026-04-18 12:11:41.912] [162877] [HailoRT] [info] [queue_elements.cpp:657] [create] Created (PullQEl_nms12yolov11n/conv54_143 | timeout: 10s)
[2026-04-18 12:11:41.912] [162877] [HailoRT] [info] [edge_elements.cpp:287] [create] Created (HwReadEl15yolov11n/conv62_143 | hw_frame_size: 102400)
[2026-04-18 12:11:41.912] [162877] [HailoRT] [info] [queue_elements.cpp:657] [create] Created (PullQEl_nms15yolov11n/conv62_143 | timeout: 10s)
[2026-04-18 12:11:41.912] [162877] [HailoRT] [info] [edge_elements.cpp:287] [create] Created (HwReadEl13yolov11n/conv65_143 | hw_frame_size: 128000)
[2026-04-18 12:11:41.912] [162877] [HailoRT] [info] [queue_elements.cpp:657] [create] Created (PullQEl_nms13yolov11n/conv65_143 | timeout: 10s)
[2026-04-18 12:11:41.912] [162877] [HailoRT] [info] [edge_elements.cpp:287] [create] Created (HwReadEl1yolov11n/conv77_143 | hw_frame_size: 30720)
[2026-04-18 12:11:41.912] [162877] [HailoRT] [info] [queue_elements.cpp:657] [create] Created (PullQEl_nms1yolov11n/conv77_143 | timeout: 10s)
[2026-04-18 12:11:41.912] [162877] [HailoRT] [info] [edge_elements.cpp:287] [create] Created (HwReadEl0yolov11n/conv80_143 | hw_frame_size: 38400)
[2026-04-18 12:11:41.912] [162877] [HailoRT] [info] [queue_elements.cpp:657] [create] Created (PullQEl_nms0yolov11n/conv80_143 | timeout: 10s)
[2026-04-18 12:11:41.912] [162877] [HailoRT] [info] [queue_elements.cpp:800] [create] Created (UserBufQEl_post_infer0yolov11n/yolov8_nms_postprocess | timeout: 10s)
[2026-04-18 12:11:41.912] [162877] [HailoRT] [info] [vstream.cpp:1114] [OutputVStreamImpl] Creating yolov11n/yolov8_nms_postprocess...
[2026-04-18 12:11:41.912] [162877] [HailoRT] [info] [vstream_builder.cpp:622] [create_output_post_process_nms] Output pipeline 'yolov11n/yolov8_nms_postprocess': HW >> (HwReadEl3yolov11n/conv51_143 | hw_frame_size: 409600) >> (PullQEl_nms3yolov11n/conv51_143) >> (HwReadEl12yolov11n/conv54_143 | hw_frame_size: 512000) >> (PullQEl_nms12yolov11n/conv54_143) >> (HwReadEl15yolov11n/conv62_143 | hw_frame_size: 102400) >> (PullQEl_nms15yolov11n/conv62_143) >> (HwReadEl13yolov11n/conv65_143 | hw_frame_size: 128000) >> (PullQEl_nms13yolov11n/conv65_143) >> (HwReadEl1yolov11n/conv77_143 | hw_frame_size: 30720) >> (PullQEl_nms1yolov11n/conv77_143) >> (HwReadEl0yolov11n/conv80_143 | hw_frame_size: 38400) >> (PullQEl_nms0yolov11n/conv80_143) >> (NmsPPMuxEl0YOLOV8-Post-Process | Op YOLOV8, Name: YOLOV8-Post-Process, Score threshold: 0.200, IoU threshold: 0.70, Classes: 80, Max bboxes per class: 100, Image height: 640, Image width: 640) >> (UserBufQEl_post_infer0yolov11n/yolov8_nms_postprocess | timeout: 10s)
[2026-04-18 12:12:41.913] [163869] [HailoRT] [info] [vdevice_native_stream.cpp:331] [read_impl] Failed read from stream HAILO_STREAM_ABORT(63) (device: 0001:01:00.0)
[2026-04-18 12:12:41.913] [163869] [HailoRT] [info] [edge_elements.cpp:396] [run_pull] Reading from stream was aborted!
[2026-04-18 12:12:41.913] [163869] [HailoRT] [info] [queue_elements.cpp:738] [run_in_thread] run_pull of queue element PullQEl_nms3yolov11n/conv51_143 was aborted!
[2026-04-18 12:12:41.913] [163870] [HailoRT] [info] [vdevice_native_stream.cpp:331] [read_impl] Failed read from stream HAILO_STREAM_ABORT(63) (device: 0001:01:00.0)
[2026-04-18 12:12:41.913] [163870] [HailoRT] [info] [edge_elements.cpp:396] [run_pull] Reading from stream was aborted!
[2026-04-18 12:12:41.913] [163870] [HailoRT] [info] [queue_elements.cpp:738] [run_in_thread] run_pull of queue element PullQEl_nms12yolov11n/conv54_143 was aborted!
[2026-04-18 12:12:41.913] [163871] [HailoRT] [info] [vdevice_native_stream.cpp:331] [read_impl] Failed read from stream HAILO_STREAM_ABORT(63) (device: 0001:01:00.0)
[2026-04-18 12:12:41.913] [163871] [HailoRT] [info] [edge_elements.cpp:396] [run_pull] Reading from stream was aborted!
[2026-04-18 12:12:41.913] [163871] [HailoRT] [info] [queue_elements.cpp:738] [run_in_thread] run_pull of queue element PullQEl_nms15yolov11n/conv62_143 was aborted!
[2026-04-18 12:12:41.913] [163878] [HailoRT] [info] [queue_elements.cpp:706] [run_pull] Shutdown event was signaled in dequeue of queue element PullQEl_nms3yolov11n/conv51_143!
[2026-04-18 12:12:41.913] [163878] [HailoRT] [info] [vstream.cpp:1138] [read] Receiving to VStream was shutdown!
[2026-04-18 12:12:41.913] [163874] [HailoRT] [info] [vdevice_native_stream.cpp:331] [read_impl] Failed read from stream HAILO_STREAM_ABORT(63) (device: 0001:01:00.0)
[2026-04-18 12:12:41.913] [163874] [HailoRT] [info] [edge_elements.cpp:396] [run_pull] Reading from stream was aborted!
[2026-04-18 12:12:41.913] [163874] [HailoRT] [info] [queue_elements.cpp:738] [run_in_thread] run_pull of queue element PullQEl_nms0yolov11n/conv80_143 was aborted!
[2026-04-18 12:12:41.913] [163868] [HailoRT] [info] [vdevice_native_stream.cpp:142] [write_impl] Failed write to stream yolov11n/input_layer1 (device: 0001:01:00.0) with status=HAILO_STREAM_ABORT(63)
[2026-04-18 12:12:41.913] [163868] [HailoRT] [info] [edge_elements.cpp:87] [run_push] Failed to send on input stream InputStream(index=8, name=yolov11n/input_layer1) because stream was aborted
[2026-04-18 12:12:41.913] [163868] [HailoRT] [info] [queue_elements.cpp:401] [run_in_thread] run_push of PushQEl8yolov11n/input_layer1 was aborted!
[2026-04-18 12:12:41.914] [163879] [HailoRT] [info] [queue_elements.cpp:319] [run_push] run_push of PushQEl8yolov11n/input_layer1 was aborted!
[2026-04-18 12:12:41.914] [163879] [HailoRT] [info] [filter_elements.cpp:35] [run_push] run_push of PreInferEl8yolov11n/input_layer1 was aborted!
[2026-04-18 12:12:41.914] [163879] [HailoRT] [info] [vstream.cpp:778] [write] Sending to VStream was aborted!
[2026-04-18 12:12:41.914] [163872] [HailoRT] [info] [vdevice_native_stream.cpp:331] [read_impl] Failed read from stream HAILO_STREAM_ABORT(63) (device: 0001:01:00.0)
[2026-04-18 12:12:41.914] [163872] [HailoRT] [info] [edge_elements.cpp:396] [run_pull] Reading from stream was aborted!
[2026-04-18 12:12:41.914] [163872] [HailoRT] [info] [queue_elements.cpp:738] [run_in_thread] run_pull of queue element PullQEl_nms13yolov11n/conv65_143 was aborted!
[2026-04-18 12:12:41.914] [163873] [HailoRT] [info] [vdevice_native_stream.cpp:331] [read_impl] Failed read from stream HAILO_STREAM_ABORT(63) (device: 0001:01:00.0)
[2026-04-18 12:12:41.914] [163873] [HailoRT] [info] [edge_elements.cpp:396] [run_pull] Reading from stream was aborted!
[2026-04-18 12:12:41.914] [163873] [HailoRT] [info] [queue_elements.cpp:738] [run_in_thread] run_pull of queue element PullQEl_nms1yolov11n/conv77_143 was aborted!
[2026-04-18 12:12:41.922] [162877] [HailoRT] [info] [queue_elements.cpp:360] [execute_deactivate] enqueue() in element PushQEl8yolov11n/input_layer1 was aborted, got status = HAILO_SHUTDOWN_EVENT_SIGNALED(57)
[2026-04-18 12:12:41.922] [163868] [HailoRT] [info] [queue_elements.cpp:68] [operator()] Thread in element PushQEl8yolov11n/input_layer1 is not running anymore, exiting..
[2026-04-18 12:12:41.922] [162877] [HailoRT] [info] [queue_elements.cpp:46] [~BaseQueueElement] Queue element PushQEl8yolov11n/input_layer1 has 0 frames in his Queue on destruction
[2026-04-18 12:12:41.922] [163875] [HailoRT] [info] [queue_elements.cpp:68] [operator()] Thread in element UserBufQEl_post_infer0yolov11n/yolov8_nms_postprocess is not running anymore, exiting..
[2026-04-18 12:12:41.922] [162877] [HailoRT] [info] [queue_elements.cpp:46] [~BaseQueueElement] Queue element UserBufQEl_post_infer0yolov11n/yolov8_nms_postprocess has 0 frames in his Queue on destruction
[2026-04-18 12:12:41.922] [163874] [HailoRT] [info] [queue_elements.cpp:68] [operator()] Thread in element PullQEl_nms0yolov11n/conv80_143 is not running anymore, exiting..
[2026-04-18 12:12:41.922] [162877] [HailoRT] [info] [queue_elements.cpp:46] [~BaseQueueElement] Queue element PullQEl_nms0yolov11n/conv80_143 has 0 frames in his Queue on destruction
[2026-04-18 12:12:41.922] [163873] [HailoRT] [info] [queue_elements.cpp:68] [operator()] Thread in element PullQEl_nms1yolov11n/conv77_143 is not running anymore, exiting..
[2026-04-18 12:12:41.922] [162877] [HailoRT] [info] [queue_elements.cpp:46] [~BaseQueueElement] Queue element PullQEl_nms1yolov11n/conv77_143 has 0 frames in his Queue on destruction
[2026-04-18 12:12:41.922] [163872] [HailoRT] [info] [queue_elements.cpp:68] [operator()] Thread in element PullQEl_nms13yolov11n/conv65_143 is not running anymore, exiting..
[2026-04-18 12:12:41.922] [162877] [HailoRT] [info] [queue_elements.cpp:46] [~BaseQueueElement] Queue element PullQEl_nms13yolov11n/conv65_143 has 0 frames in his Queue on destruction
[2026-04-18 12:12:41.922] [163871] [HailoRT] [info] [queue_elements.cpp:68] [operator()] Thread in element PullQEl_nms15yolov11n/conv62_143 is not running anymore, exiting..
[2026-04-18 12:12:41.922] [162877] [HailoRT] [info] [queue_elements.cpp:46] [~BaseQueueElement] Queue element PullQEl_nms15yolov11n/conv62_143 has 0 frames in his Queue on destruction
[2026-04-18 12:12:41.922] [163870] [HailoRT] [info] [queue_elements.cpp:68] [operator()] Thread in element PullQEl_nms12yolov11n/conv54_143 is not running anymore, exiting..
[2026-04-18 12:12:41.922] [162877] [HailoRT] [info] [queue_elements.cpp:46] [~BaseQueueElement] Queue element PullQEl_nms12yolov11n/conv54_143 has 0 frames in his Queue on destruction
[2026-04-18 12:12:41.922] [163869] [HailoRT] [info] [queue_elements.cpp:68] [operator()] Thread in element PullQEl_nms3yolov11n/conv51_143 is not running anymore, exiting..
[2026-04-18 12:12:41.922] [162877] [HailoRT] [info] [queue_elements.cpp:46] [~BaseQueueElement] Queue element PullQEl_nms3yolov11n/conv51_143 has 0 frames in his Queue on destruction
[2026-04-18 12:12:41.922] [162877] [HailoRT] [info] [core_op.cpp:186] [deactivate] Deactivating took 0.00813 ms
[2026-04-18 12:12:41.923] [162877] [HailoRT] [info] [core_op.cpp:186] [deactivate] Deactivating took 0.01737 ms
[2026-04-18 12:12:52.251] [164401] [HailoRT] [info] [vdevice.cpp:535] [create] Creating vdevice with params: device_count: 1, scheduling_algorithm: NONE, multi_process_service: false
[2026-04-18 12:12:52.264] [164401] [HailoRT] [info] [device.cpp:51] [Device] OS Version: Linux 6.12.75+rpt-rpi-2712 #1 SMP PREEMPT Debian 1:6.12.75-1+rpt1 (2026-03-11) aarch64
[2026-04-18 12:12:52.264] [164401] [HailoRT] [info] [control.cpp:113] [control__parse_identify_results] firmware_version is: 4.23.0
[2026-04-18 12:12:52.264] [164401] [HailoRT] [info] [vdevice.cpp:682] [create] VDevice Infos: 0001:01:00.0
[2026-04-18 12:12:52.270] [164401] [HailoRT] [warning] [buffer_requirements.cpp:131] [get_buffer_requirements_multiple_transfers] Desc page size value (1024) is not optimal for performance.
[2026-04-18 12:12:52.287] [164401] [HailoRT] [info] [internal_buffer_manager.cpp:77] [print_execution_results] Planned internal buffer memory: CMA=0 CMA-Desc=1310720 Pinned=50639872. memory to edge layer usage factor is 1
[2026-04-18 12:12:52.287] [164401] [HailoRT] [info] [internal_buffer_manager.cpp:86] [print_execution_results] Default Internal buffer planner executed successfully
[2026-04-18 12:12:52.383] [164401] [HailoRT] [info] [device_internal.cpp:57] [configure] Configuring HEF took 118.835687 milliseconds
[2026-04-18 12:12:52.383] [164401] [HailoRT] [info] [vdevice.cpp:780] [configure] Configuring HEF on VDevice took 119.254133 milliseconds
[2026-04-18 12:12:52.384] [164401] [HailoRT] [info] [control.cpp:113] [control__parse_identify_results] firmware_version is: 4.23.0
[2026-04-18 12:12:52.384] [164401] [HailoRT] [info] [control.cpp:113] [control__parse_identify_results] firmware_version is: 4.23.0
[2026-04-18 12:12:52.418] [164401] [HailoRT] [info] [core_op.cpp:156] [activate] Activating yolov11n took 34.164729 milliseconds. Note that the function is asynchronous and thus the network is not fully activated yet.
[2026-04-18 12:12:52.418] [164401] [HailoRT] [info] [core_op.cpp:156] [activate] Activating yolov11n took 34.195062 milliseconds. Note that the function is asynchronous and thus the network is not fully activated yet.
[2026-04-18 12:12:52.431] [164401] [HailoRT] [info] [control.cpp:113] [control__parse_identify_results] firmware_version is: 4.23.0
[2026-04-18 12:12:52.432] [164401] [HailoRT] [info] [control.cpp:113] [control__parse_identify_results] firmware_version is: 4.23.0
[2026-04-18 12:12:53.536] [164393] [HailoRT] [info] [device.cpp:51] [Device] OS Version: Linux 6.12.75+rpt-rpi-2712 #1 SMP PREEMPT Debian 1:6.12.75-1+rpt1 (2026-03-11) aarch64
[2026-04-18 12:12:53.537] [164393] [HailoRT] [info] [control.cpp:113] [control__parse_identify_results] firmware_version is: 4.23.0
[2026-04-18 12:12:53.537] [164393] [HailoRT] [info] [control.cpp:113] [control__parse_identify_results] firmware_version is: 4.23.0
[2026-04-18 12:13:52.432] [164413] [HailoRT] [info] [vdevice_native_stream.cpp:331] [read_impl] Failed read from stream HAILO_STREAM_ABORT(63) (device: 0001:01:00.0)
[2026-04-18 12:13:52.432] [164411] [HailoRT] [info] [vdevice_native_stream.cpp:331] [read_impl] Failed read from stream HAILO_STREAM_ABORT(63) (device: 0001:01:00.0)
[2026-04-18 12:13:52.432] [164412] [HailoRT] [info] [vdevice_native_stream.cpp:331] [read_impl] Failed read from stream HAILO_STREAM_ABORT(63) (device: 0001:01:00.0)
[2026-04-18 12:13:52.432] [164410] [HailoRT] [info] [vdevice_native_stream.cpp:331] [read_impl] Failed read from stream HAILO_STREAM_ABORT(63) (device: 0001:01:00.0)
[2026-04-18 12:13:52.432] [164415] [HailoRT] [info] [vdevice_native_stream.cpp:331] [read_impl] Failed read from stream HAILO_STREAM_ABORT(63) (device: 0001:01:00.0)
[2026-04-18 12:13:52.432] [164414] [HailoRT] [info] [vdevice_native_stream.cpp:331] [read_impl] Failed read from stream HAILO_STREAM_ABORT(63) (device: 0001:01:00.0)
[2026-04-18 12:13:52.432] [164416] [HailoRT] [info] [vdevice_native_stream.cpp:142] [write_impl] Failed write to stream yolov11n/input_layer1 (device: 0001:01:00.0) with status=HAILO_STREAM_ABORT(63)
[2026-04-18 12:13:52.468] [164401] [HailoRT] [info] [core_op.cpp:186] [deactivate] Deactivating took 0.006704 ms
[2026-04-18 12:13:52.468] [164401] [HailoRT] [info] [core_op.cpp:186] [deactivate] Deactivating took 0.026926 ms
[2026-04-18 12:13:52.533] [164401] [HailoRT] [info] [vdevice.cpp:535] [create] Creating vdevice with params: device_count: 1, scheduling_algorithm: NONE, multi_process_service: false
[2026-04-18 12:13:52.533] [164401] [HailoRT] [info] [device.cpp:51] [Device] OS Version: Linux 6.12.75+rpt-rpi-2712 #1 SMP PREEMPT Debian 1:6.12.75-1+rpt1 (2026-03-11) aarch64
[2026-04-18 12:13:52.533] [164401] [HailoRT] [info] [control.cpp:113] [control__parse_identify_results] firmware_version is: 4.23.0
[2026-04-18 12:13:52.533] [164401] [HailoRT] [info] [vdevice.cpp:682] [create] VDevice Infos: 0001:01:00.0
[2026-04-18 12:13:52.539] [164401] [HailoRT] [warning] [buffer_requirements.cpp:131] [get_buffer_requirements_multiple_transfers] Desc page size value (1024) is not optimal for performance.
[2026-04-18 12:13:52.558] [164401] [HailoRT] [info] [internal_buffer_manager.cpp:77] [print_execution_results] Planned internal buffer memory: CMA=0 CMA-Desc=1310720 Pinned=50639872. memory to edge layer usage factor is 1
[2026-04-18 12:13:52.558] [164401] [HailoRT] [info] [internal_buffer_manager.cpp:86] [print_execution_results] Default Internal buffer planner executed successfully
[2026-04-18 12:13:52.657] [164401] [HailoRT] [info] [device_internal.cpp:57] [configure] Configuring HEF took 123.504797 milliseconds
[2026-04-18 12:13:52.657] [164401] [HailoRT] [info] [vdevice.cpp:780] [configure] Configuring HEF on VDevice took 123.876632 milliseconds
[2026-04-18 12:13:52.658] [164401] [HailoRT] [info] [control.cpp:113] [control__parse_identify_results] firmware_version is: 4.23.0
[2026-04-18 12:13:52.658] [164401] [HailoRT] [info] [control.cpp:113] [control__parse_identify_results] firmware_version is: 4.23.0
[2026-04-18 12:13:52.692] [164401] [HailoRT] [info] [core_op.cpp:156] [activate] Activating yolov11n took 33.931392 milliseconds. Note that the function is asynchronous and thus the network is not fully activated yet.
[2026-04-18 12:13:52.692] [164401] [HailoRT] [info] [core_op.cpp:156] [activate] Activating yolov11n took 33.95517 milliseconds. Note that the function is asynchronous and thus the network is not fully activated yet.
[2026-04-18 12:13:52.705] [164401] [HailoRT] [info] [control.cpp:113] [control__parse_identify_results] firmware_version is: 4.23.0
[2026-04-18 12:13:52.705] [164401] [HailoRT] [info] [control.cpp:113] [control__parse_identify_results] firmware_version is: 4.23.0
[2026-04-18 12:13:52.705] [164401] [HailoRT] [info] [edge_elements.cpp:52] [create] Created (HwWriteEl8yolov11n/input_layer1 | hw_frame_size: 1228800)
[2026-04-18 12:13:52.706] [164401] [HailoRT] [info] [queue_elements.cpp:284] [create] Created (PushQEl8yolov11n/input_layer1 | timeout: 10s)
[2026-04-18 12:13:52.706] [164401] [HailoRT] [info] [filter_elements.cpp:101] [create] Created (PreInferEl8yolov11n/input_layer1 | Reorder - src_order: NHWC, src_shape: (640, 640, 3), dst_order: NHCW, dst_shape: (640, 640, 3))
[2026-04-18 12:13:52.706] [164401] [HailoRT] [info] [vstream.cpp:754] [InputVStreamImpl] Creating yolov11n/input_layer1...
[2026-04-18 12:13:52.706] [164401] [HailoRT] [info] [vstream_builder.cpp:102] [create_inputs] Input pipeline 'yolov11n/input_layer1': (PreInferEl8yolov11n/input_layer1 | Reorder - src_order: NHWC, src_shape: (640, 640, 3), dst_order: NHCW, dst_shape: (640, 640, 3)) >> (PushQEl8yolov11n/input_layer1 | timeout: 10s) >> (HwWriteEl8yolov11n/input_layer1 | hw_frame_size: 1228800) >> HW
[2026-04-18 12:13:52.706] [164401] [HailoRT] [info] [multi_io_elements.cpp:135] [create] Created (NmsPPMuxEl0YOLOV8-Post-Process | Op YOLOV8, Name: YOLOV8-Post-Process, Score threshold: 0.200, IoU threshold: 0.70, Classes: 80, Max bboxes per class: 100, Image height: 640, Image width: 640)
[2026-04-18 12:13:52.706] [164401] [HailoRT] [info] [edge_elements.cpp:287] [create] Created (HwReadEl3yolov11n/conv51_143 | hw_frame_size: 409600)
[2026-04-18 12:13:52.706] [164401] [HailoRT] [info] [queue_elements.cpp:657] [create] Created (PullQEl_nms3yolov11n/conv51_143 | timeout: 10s)
[2026-04-18 12:13:52.706] [164401] [HailoRT] [info] [edge_elements.cpp:287] [create] Created (HwReadEl12yolov11n/conv54_143 | hw_frame_size: 512000)
[2026-04-18 12:13:52.706] [164401] [HailoRT] [info] [queue_elements.cpp:657] [create] Created (PullQEl_nms12yolov11n/conv54_143 | timeout: 10s)
[2026-04-18 12:13:52.706] [164401] [HailoRT] [info] [edge_elements.cpp:287] [create] Created (HwReadEl15yolov11n/conv62_143 | hw_frame_size: 102400)
[2026-04-18 12:13:52.706] [164401] [HailoRT] [info] [queue_elements.cpp:657] [create] Created (PullQEl_nms15yolov11n/conv62_143 | timeout: 10s)
[2026-04-18 12:13:52.706] [164401] [HailoRT] [info] [edge_elements.cpp:287] [create] Created (HwReadEl13yolov11n/conv65_143 | hw_frame_size: 128000)
[2026-04-18 12:13:52.706] [164401] [HailoRT] [info] [queue_elements.cpp:657] [create] Created (PullQEl_nms13yolov11n/conv65_143 | timeout: 10s)
[2026-04-18 12:13:52.706] [164401] [HailoRT] [info] [edge_elements.cpp:287] [create] Created (HwReadEl1yolov11n/conv77_143 | hw_frame_size: 30720)
[2026-04-18 12:13:52.706] [164401] [HailoRT] [info] [queue_elements.cpp:657] [create] Created (PullQEl_nms1yolov11n/conv77_143 | timeout: 10s)
[2026-04-18 12:13:52.706] [164401] [HailoRT] [info] [edge_elements.cpp:287] [create] Created (HwReadEl0yolov11n/conv80_143 | hw_frame_size: 38400)
[2026-04-18 12:13:52.706] [164401] [HailoRT] [info] [queue_elements.cpp:657] [create] Created (PullQEl_nms0yolov11n/conv80_143 | timeout: 10s)
[2026-04-18 12:13:52.706] [164401] [HailoRT] [info] [queue_elements.cpp:800] [create] Created (UserBufQEl_post_infer0yolov11n/yolov8_nms_postprocess | timeout: 10s)
[2026-04-18 12:13:52.706] [164401] [HailoRT] [info] [vstream.cpp:1114] [OutputVStreamImpl] Creating yolov11n/yolov8_nms_postprocess...
[2026-04-18 12:13:52.706] [164401] [HailoRT] [info] [vstream_builder.cpp:622] [create_output_post_process_nms] Output pipeline 'yolov11n/yolov8_nms_postprocess': HW >> (HwReadEl3yolov11n/conv51_143 | hw_frame_size: 409600) >> (PullQEl_nms3yolov11n/conv51_143) >> (HwReadEl12yolov11n/conv54_143 | hw_frame_size: 512000) >> (PullQEl_nms12yolov11n/conv54_143) >> (HwReadEl15yolov11n/conv62_143 | hw_frame_size: 102400) >> (PullQEl_nms15yolov11n/conv62_143) >> (HwReadEl13yolov11n/conv65_143 | hw_frame_size: 128000) >> (PullQEl_nms13yolov11n/conv65_143) >> (HwReadEl1yolov11n/conv77_143 | hw_frame_size: 30720) >> (PullQEl_nms1yolov11n/conv77_143) >> (HwReadEl0yolov11n/conv80_143 | hw_frame_size: 38400) >> (PullQEl_nms0yolov11n/conv80_143) >> (NmsPPMuxEl0YOLOV8-Post-Process | Op YOLOV8, Name: YOLOV8-Post-Process, Score threshold: 0.200, IoU threshold: 0.70, Classes: 80, Max bboxes per class: 100, Image height: 640, Image width: 640) >> (UserBufQEl_post_infer0yolov11n/yolov8_nms_postprocess | timeout: 10s)
[2026-04-18 12:14:52.707] [164896] [HailoRT] [info] [vdevice_native_stream.cpp:331] [read_impl] Failed read from stream HAILO_STREAM_ABORT(63) (device: 0001:01:00.0)
[2026-04-18 12:14:52.707] [164896] [HailoRT] [info] [edge_elements.cpp:396] [run_pull] Reading from stream was aborted!
[2026-04-18 12:14:52.707] [164894] [HailoRT] [info] [vdevice_native_stream.cpp:331] [read_impl] Failed read from stream HAILO_STREAM_ABORT(63) (device: 0001:01:00.0)
[2026-04-18 12:14:52.707] [164894] [HailoRT] [info] [edge_elements.cpp:396] [run_pull] Reading from stream was aborted!
[2026-04-18 12:14:52.707] [164896] [HailoRT] [info] [queue_elements.cpp:738] [run_in_thread] run_pull of queue element PullQEl_nms1yolov11n/conv77_143 was aborted!
[2026-04-18 12:14:52.707] [164894] [HailoRT] [info] [queue_elements.cpp:738] [run_in_thread] run_pull of queue element PullQEl_nms15yolov11n/conv62_143 was aborted!
[2026-04-18 12:14:52.707] [164893] [HailoRT] [info] [vdevice_native_stream.cpp:331] [read_impl] Failed read from stream HAILO_STREAM_ABORT(63) (device: 0001:01:00.0)
[2026-04-18 12:14:52.707] [164893] [HailoRT] [info] [edge_elements.cpp:396] [run_pull] Reading from stream was aborted!
[2026-04-18 12:14:52.707] [164893] [HailoRT] [info] [queue_elements.cpp:738] [run_in_thread] run_pull of queue element PullQEl_nms12yolov11n/conv54_143 was aborted!
[2026-04-18 12:14:52.707] [164895] [HailoRT] [info] [vdevice_native_stream.cpp:331] [read_impl] Failed read from stream HAILO_STREAM_ABORT(63) (device: 0001:01:00.0)
[2026-04-18 12:14:52.707] [164895] [HailoRT] [info] [edge_elements.cpp:396] [run_pull] Reading from stream was aborted!
[2026-04-18 12:14:52.707] [164895] [HailoRT] [info] [queue_elements.cpp:738] [run_in_thread] run_pull of queue element PullQEl_nms13yolov11n/conv65_143 was aborted!
[2026-04-18 12:14:52.707] [164897] [HailoRT] [info] [vdevice_native_stream.cpp:331] [read_impl] Failed read from stream HAILO_STREAM_ABORT(63) (device: 0001:01:00.0)
[2026-04-18 12:14:52.707] [164897] [HailoRT] [info] [edge_elements.cpp:396] [run_pull] Reading from stream was aborted!
[2026-04-18 12:14:52.707] [164897] [HailoRT] [info] [queue_elements.cpp:738] [run_in_thread] run_pull of queue element PullQEl_nms0yolov11n/conv80_143 was aborted!
[2026-04-18 12:14:52.707] [164891] [HailoRT] [info] [vdevice_native_stream.cpp:142] [write_impl] Failed write to stream yolov11n/input_layer1 (device: 0001:01:00.0) with status=HAILO_STREAM_ABORT(63)
[2026-04-18 12:14:52.707] [164891] [HailoRT] [info] [edge_elements.cpp:87] [run_push] Failed to send on input stream InputStream(index=8, name=yolov11n/input_layer1) because stream was aborted
[2026-04-18 12:14:52.707] [164891] [HailoRT] [info] [queue_elements.cpp:401] [run_in_thread] run_push of PushQEl8yolov11n/input_layer1 was aborted!
[2026-04-18 12:14:52.707] [164902] [HailoRT] [info] [vstream.cpp:774] [write] Sending to VStream was shutdown!
[2026-04-18 12:14:52.707] [164892] [HailoRT] [info] [vdevice_native_stream.cpp:331] [read_impl] Failed read from stream HAILO_STREAM_ABORT(63) (device: 0001:01:00.0)
[2026-04-18 12:14:52.707] [164902] [HailoRT] [info] [vstream.cpp:778] [write] Sending to VStream was aborted!
[2026-04-18 12:14:52.707] [164892] [HailoRT] [info] [edge_elements.cpp:396] [run_pull] Reading from stream was aborted!
[2026-04-18 12:14:52.707] [164892] [HailoRT] [info] [queue_elements.cpp:738] [run_in_thread] run_pull of queue element PullQEl_nms3yolov11n/conv51_143 was aborted!
[2026-04-18 12:14:52.707] [164901] [HailoRT] [info] [queue_elements.cpp:706] [run_pull] Shutdown event was signaled in dequeue of queue element PullQEl_nms3yolov11n/conv51_143!
[2026-04-18 12:14:52.707] [164901] [HailoRT] [info] [vstream.cpp:1138] [read] Receiving to VStream was shutdown!
[2026-04-18 12:14:52.742] [164401] [HailoRT] [info] [queue_elements.cpp:360] [execute_deactivate] enqueue() in element PushQEl8yolov11n/input_layer1 was aborted, got status = HAILO_SHUTDOWN_EVENT_SIGNALED(57)
[2026-04-18 12:14:52.742] [164891] [HailoRT] [info] [queue_elements.cpp:68] [operator()] Thread in element PushQEl8yolov11n/input_layer1 is not running anymore, exiting..
[2026-04-18 12:14:52.742] [164401] [HailoRT] [info] [queue_elements.cpp:46] [~BaseQueueElement] Queue element PushQEl8yolov11n/input_layer1 has 1 frames in his Queue on destruction
[2026-04-18 12:14:52.743] [164898] [HailoRT] [info] [queue_elements.cpp:68] [operator()] Thread in element UserBufQEl_post_infer0yolov11n/yolov8_nms_postprocess is not running anymore, exiting..
[2026-04-18 12:14:52.743] [164401] [HailoRT] [info] [queue_elements.cpp:46] [~BaseQueueElement] Queue element UserBufQEl_post_infer0yolov11n/yolov8_nms_postprocess has 0 frames in his Queue on destruction
[2026-04-18 12:14:52.743] [164897] [HailoRT] [info] [queue_elements.cpp:68] [operator()] Thread in element PullQEl_nms0yolov11n/conv80_143 is not running anymore, exiting..
[2026-04-18 12:14:52.743] [164401] [HailoRT] [info] [queue_elements.cpp:46] [~BaseQueueElement] Queue element PullQEl_nms0yolov11n/conv80_143 has 0 frames in his Queue on destruction
[2026-04-18 12:14:52.743] [164896] [HailoRT] [info] [queue_elements.cpp:68] [operator()] Thread in element PullQEl_nms1yolov11n/conv77_143 is not running anymore, exiting..
[2026-04-18 12:14:52.743] [164401] [HailoRT] [info] [queue_elements.cpp:46] [~BaseQueueElement] Queue element PullQEl_nms1yolov11n/conv77_143 has 0 frames in his Queue on destruction
[2026-04-18 12:14:52.743] [164895] [HailoRT] [info] [queue_elements.cpp:68] [operator()] Thread in element PullQEl_nms13yolov11n/conv65_143 is not running anymore, exiting..
[2026-04-18 12:14:52.743] [164401] [HailoRT] [info] [queue_elements.cpp:46] [~BaseQueueElement] Queue element PullQEl_nms13yolov11n/conv65_143 has 0 frames in his Queue on destruction
[2026-04-18 12:14:52.743] [164894] [HailoRT] [info] [queue_elements.cpp:68] [operator()] Thread in element PullQEl_nms15yolov11n/conv62_143 is not running anymore, exiting..
[2026-04-18 12:14:52.743] [164401] [HailoRT] [info] [queue_elements.cpp:46] [~BaseQueueElement] Queue element PullQEl_nms15yolov11n/conv62_143 has 0 frames in his Queue on destruction
[2026-04-18 12:14:52.743] [164893] [HailoRT] [info] [queue_elements.cpp:68] [operator()] Thread in element PullQEl_nms12yolov11n/conv54_143 is not running anymore, exiting..
[2026-04-18 12:14:52.743] [164401] [HailoRT] [info] [queue_elements.cpp:46] [~BaseQueueElement] Queue element PullQEl_nms12yolov11n/conv54_143 has 0 frames in his Queue on destruction
[2026-04-18 12:14:52.743] [164892] [HailoRT] [info] [queue_elements.cpp:68] [operator()] Thread in element PullQEl_nms3yolov11n/conv51_143 is not running anymore, exiting..
[2026-04-18 12:14:52.743] [164401] [HailoRT] [info] [queue_elements.cpp:46] [~BaseQueueElement] Queue element PullQEl_nms3yolov11n/conv51_143 has 0 frames in his Queue on destruction
[2026-04-18 12:14:52.743] [164401] [HailoRT] [info] [core_op.cpp:186] [deactivate] Deactivating took 0.006944 ms
[2026-04-18 12:14:52.743] [164401] [HailoRT] [info] [core_op.cpp:186] [deactivate] Deactivating took 0.015648 ms
[2026-04-18 12:14:52.805] [164401] [HailoRT] [info] [vdevice.cpp:535] [create] Creating vdevice with params: device_count: 1, scheduling_algorithm: NONE, multi_process_service: false
[2026-04-18 12:14:52.805] [164401] [HailoRT] [info] [device.cpp:51] [Device] OS Version: Linux 6.12.75+rpt-rpi-2712 #1 SMP PREEMPT Debian 1:6.12.75-1+rpt1 (2026-03-11) aarch64
[2026-04-18 12:14:52.805] [164401] [HailoRT] [info] [control.cpp:113] [control__parse_identify_results] firmware_version is: 4.23.0
[2026-04-18 12:14:52.805] [164401] [HailoRT] [info] [vdevice.cpp:682] [create] VDevice Infos: 0001:01:00.0
[2026-04-18 12:14:52.811] [164401] [HailoRT] [warning] [buffer_requirements.cpp:131] [get_buffer_requirements_multiple_transfers] Desc page size value (1024) is not optimal for performance.
[2026-04-18 12:14:52.830] [164401] [HailoRT] [info] [internal_buffer_manager.cpp:77] [print_execution_results] Planned internal buffer memory: CMA=0 CMA-Desc=1310720 Pinned=50639872. memory to edge layer usage factor is 1
[2026-04-18 12:14:52.830] [164401] [HailoRT] [info] [internal_buffer_manager.cpp:86] [print_execution_results] Default Internal buffer planner executed successfully
[2026-04-18 12:14:52.927] [164401] [HailoRT] [info] [device_internal.cpp:57] [configure] Configuring HEF took 121.070924 milliseconds
[2026-04-18 12:14:52.927] [164401] [HailoRT] [info] [vdevice.cpp:780] [configure] Configuring HEF on VDevice took 121.433722 milliseconds
[2026-04-18 12:14:52.927] [164401] [HailoRT] [info] [control.cpp:113] [control__parse_identify_results] firmware_version is: 4.23.0
[2026-04-18 12:14:52.927] [164401] [HailoRT] [info] [control.cpp:113] [control__parse_identify_results] firmware_version is: 4.23.0
[2026-04-18 12:14:52.956] [164401] [HailoRT] [info] [core_op.cpp:156] [activate] Activating yolov11n took 28.646059 milliseconds. Note that the function is asynchronous and thus the network is not fully activated yet.
[2026-04-18 12:14:52.956] [164401] [HailoRT] [info] [core_op.cpp:156] [activate] Activating yolov11n took 28.669466 milliseconds. Note that the function is asynchronous and thus the network is not fully activated yet.
[2026-04-18 12:14:52.969] [164401] [HailoRT] [info] [control.cpp:113] [control__parse_identify_results] firmware_version is: 4.23.0
[2026-04-18 12:14:52.969] [164401] [HailoRT] [info] [control.cpp:113] [control__parse_identify_results] firmware_version is: 4.23.0
[2026-04-18 12:14:52.969] [164401] [HailoRT] [info] [edge_elements.cpp:52] [create] Created (HwWriteEl8yolov11n/input_layer1 | hw_frame_size: 1228800)
[2026-04-18 12:14:52.970] [164401] [HailoRT] [info] [queue_elements.cpp:284] [create] Created (PushQEl8yolov11n/input_layer1 | timeout: 10s)
[2026-04-18 12:14:52.970] [164401] [HailoRT] [info] [filter_elements.cpp:101] [create] Created (PreInferEl8yolov11n/input_layer1 | Reorder - src_order: NHWC, src_shape: (640, 640, 3), dst_order: NHCW, dst_shape: (640, 640, 3))
[2026-04-18 12:14:52.970] [164401] [HailoRT] [info] [vstream.cpp:754] [InputVStreamImpl] Creating yolov11n/input_layer1...
[2026-04-18 12:14:52.970] [164401] [HailoRT] [info] [vstream_builder.cpp:102] [create_inputs] Input pipeline 'yolov11n/input_layer1': (PreInferEl8yolov11n/input_layer1 | Reorder - src_order: NHWC, src_shape: (640, 640, 3), dst_order: NHCW, dst_shape: (640, 640, 3)) >> (PushQEl8yolov11n/input_layer1 | timeout: 10s) >> (HwWriteEl8yolov11n/input_layer1 | hw_frame_size: 1228800) >> HW
[2026-04-18 12:14:52.970] [164401] [HailoRT] [info] [multi_io_elements.cpp:135] [create] Created (NmsPPMuxEl0YOLOV8-Post-Process | Op YOLOV8, Name: YOLOV8-Post-Process, Score threshold: 0.200, IoU threshold: 0.70, Classes: 80, Max bboxes per class: 100, Image height: 640, Image width: 640)
[2026-04-18 12:14:52.970] [164401] [HailoRT] [info] [edge_elements.cpp:287] [create] Created (HwReadEl3yolov11n/conv51_143 | hw_frame_size: 409600)
[2026-04-18 12:14:52.970] [164401] [HailoRT] [info] [queue_elements.cpp:657] [create] Created (PullQEl_nms3yolov11n/conv51_143 | timeout: 10s)
[2026-04-18 12:14:52.970] [164401] [HailoRT] [info] [edge_elements.cpp:287] [create] Created (HwReadEl12yolov11n/conv54_143 | hw_frame_size: 512000)
[2026-04-18 12:14:52.970] [164401] [HailoRT] [info] [queue_elements.cpp:657] [create] Created (PullQEl_nms12yolov11n/conv54_143 | timeout: 10s)
[2026-04-18 12:14:52.970] [164401] [HailoRT] [info] [edge_elements.cpp:287] [create] Created (HwReadEl15yolov11n/conv62_143 | hw_frame_size: 102400)
[2026-04-18 12:14:52.970] [164401] [HailoRT] [info] [queue_elements.cpp:657] [create] Created (PullQEl_nms15yolov11n/conv62_143 | timeout: 10s)
[2026-04-18 12:14:52.970] [164401] [HailoRT] [info] [edge_elements.cpp:287] [create] Created (HwReadEl13yolov11n/conv65_143 | hw_frame_size: 128000)
[2026-04-18 12:14:52.970] [164401] [HailoRT] [info] [queue_elements.cpp:657] [create] Created (PullQEl_nms13yolov11n/conv65_143 | timeout: 10s)
[2026-04-18 12:14:52.970] [164401] [HailoRT] [info] [edge_elements.cpp:287] [create] Created (HwReadEl1yolov11n/conv77_143 | hw_frame_size: 30720)
[2026-04-18 12:14:52.970] [164401] [HailoRT] [info] [queue_elements.cpp:657] [create] Created (PullQEl_nms1yolov11n/conv77_143 | timeout: 10s)
[2026-04-18 12:14:52.970] [164401] [HailoRT] [info] [edge_elements.cpp:287] [create] Created (HwReadEl0yolov11n/conv80_143 | hw_frame_size: 38400)
[2026-04-18 12:14:52.970] [164401] [HailoRT] [info] [queue_elements.cpp:657] [create] Created (PullQEl_nms0yolov11n/conv80_143 | timeout: 10s)
[2026-04-18 12:14:52.970] [164401] [HailoRT] [info] [queue_elements.cpp:800] [create] Created (UserBufQEl_post_infer0yolov11n/yolov8_nms_postprocess | timeout: 10s)
[2026-04-18 12:14:52.970] [164401] [HailoRT] [info] [vstream.cpp:1114] [OutputVStreamImpl] Creating yolov11n/yolov8_nms_postprocess...
[2026-04-18 12:14:52.970] [164401] [HailoRT] [info] [vstream_builder.cpp:622] [create_output_post_process_nms] Output pipeline 'yolov11n/yolov8_nms_postprocess': HW >> (HwReadEl3yolov11n/conv51_143 | hw_frame_size: 409600) >> (PullQEl_nms3yolov11n/conv51_143) >> (HwReadEl12yolov11n/conv54_143 | hw_frame_size: 512000) >> (PullQEl_nms12yolov11n/conv54_143) >> (HwReadEl15yolov11n/conv62_143 | hw_frame_size: 102400) >> (PullQEl_nms15yolov11n/conv62_143) >> (HwReadEl13yolov11n/conv65_143 | hw_frame_size: 128000) >> (PullQEl_nms13yolov11n/conv65_143) >> (HwReadEl1yolov11n/conv77_143 | hw_frame_size: 30720) >> (PullQEl_nms1yolov11n/conv77_143) >> (HwReadEl0yolov11n/conv80_143 | hw_frame_size: 38400) >> (PullQEl_nms0yolov11n/conv80_143) >> (NmsPPMuxEl0YOLOV8-Post-Process | Op YOLOV8, Name: YOLOV8-Post-Process, Score threshold: 0.200, IoU threshold: 0.70, Classes: 80, Max bboxes per class: 100, Image height: 640, Image width: 640) >> (UserBufQEl_post_infer0yolov11n/yolov8_nms_postprocess | timeout: 10s)
[2026-04-18 12:15:52.971] [165398] [HailoRT] [info] [vdevice_native_stream.cpp:331] [read_impl] Failed read from stream HAILO_STREAM_ABORT(63) (device: 0001:01:00.0)
[2026-04-18 12:15:52.971] [165399] [HailoRT] [info] [vdevice_native_stream.cpp:331] [read_impl] Failed read from stream HAILO_STREAM_ABORT(63) (device: 0001:01:00.0)
[2026-04-18 12:15:52.971] [165398] [HailoRT] [info] [edge_elements.cpp:396] [run_pull] Reading from stream was aborted!
[2026-04-18 12:15:52.971] [165400] [HailoRT] [info] [vdevice_native_stream.cpp:331] [read_impl] Failed read from stream HAILO_STREAM_ABORT(63) (device: 0001:01:00.0)
[2026-04-18 12:15:52.971] [165401] [HailoRT] [info] [vdevice_native_stream.cpp:331] [read_impl] Failed read from stream HAILO_STREAM_ABORT(63) (device: 0001:01:00.0)
[2026-04-18 12:15:52.971] [165400] [HailoRT] [info] [edge_elements.cpp:396] [run_pull] Reading from stream was aborted!
[2026-04-18 12:15:52.971] [165401] [HailoRT] [info] [edge_elements.cpp:396] [run_pull] Reading from stream was aborted!
[2026-04-18 12:15:52.971] [165398] [HailoRT] [info] [queue_elements.cpp:738] [run_in_thread] run_pull of queue element PullQEl_nms15yolov11n/conv62_143 was aborted!
[2026-04-18 12:15:52.971] [165400] [HailoRT] [info] [queue_elements.cpp:738] [run_in_thread] run_pull of queue element PullQEl_nms1yolov11n/conv77_143 was aborted!
[2026-04-18 12:15:52.971] [165401] [HailoRT] [info] [queue_elements.cpp:738] [run_in_thread] run_pull of queue element PullQEl_nms0yolov11n/conv80_143 was aborted!
[2026-04-18 12:15:52.971] [165397] [HailoRT] [info] [vdevice_native_stream.cpp:331] [read_impl] Failed read from stream HAILO_STREAM_ABORT(63) (device: 0001:01:00.0)
[2026-04-18 12:15:52.971] [165397] [HailoRT] [info] [edge_elements.cpp:396] [run_pull] Reading from stream was aborted!
[2026-04-18 12:15:52.971] [165399] [HailoRT] [info] [edge_elements.cpp:396] [run_pull] Reading from stream was aborted!
[2026-04-18 12:15:52.971] [165397] [HailoRT] [info] [queue_elements.cpp:738] [run_in_thread] run_pull of queue element PullQEl_nms12yolov11n/conv54_143 was aborted!
[2026-04-18 12:15:52.971] [165399] [HailoRT] [info] [queue_elements.cpp:738] [run_in_thread] run_pull of queue element PullQEl_nms13yolov11n/conv65_143 was aborted!
[2026-04-18 12:15:52.971] [165396] [HailoRT] [info] [vdevice_native_stream.cpp:331] [read_impl] Failed read from stream HAILO_STREAM_ABORT(63) (device: 0001:01:00.0)
[2026-04-18 12:15:52.971] [165396] [HailoRT] [info] [edge_elements.cpp:396] [run_pull] Reading from stream was aborted!
[2026-04-18 12:15:52.971] [165396] [HailoRT] [info] [queue_elements.cpp:738] [run_in_thread] run_pull of queue element PullQEl_nms3yolov11n/conv51_143 was aborted!
[2026-04-18 12:15:52.971] [165405] [HailoRT] [info] [queue_elements.cpp:706] [run_pull] Shutdown event was signaled in dequeue of queue element PullQEl_nms3yolov11n/conv51_143!
[2026-04-18 12:15:52.971] [165405] [HailoRT] [info] [vstream.cpp:1138] [read] Receiving to VStream was shutdown!
[2026-04-18 12:15:52.971] [165395] [HailoRT] [info] [vdevice_native_stream.cpp:142] [write_impl] Failed write to stream yolov11n/input_layer1 (device: 0001:01:00.0) with status=HAILO_STREAM_ABORT(63)
[2026-04-18 12:15:52.971] [165395] [HailoRT] [info] [edge_elements.cpp:87] [run_push] Failed to send on input stream InputStream(index=8, name=yolov11n/input_layer1) because stream was aborted
[2026-04-18 12:15:52.971] [165395] [HailoRT] [info] [queue_elements.cpp:401] [run_in_thread] run_push of PushQEl8yolov11n/input_layer1 was aborted!
[2026-04-18 12:15:52.972] [165406] [HailoRT] [info] [queue_elements.cpp:319] [run_push] run_push of PushQEl8yolov11n/input_layer1 was aborted!
[2026-04-18 12:15:52.972] [165406] [HailoRT] [info] [filter_elements.cpp:35] [run_push] run_push of PreInferEl8yolov11n/input_layer1 was aborted!
[2026-04-18 12:15:52.972] [165406] [HailoRT] [info] [vstream.cpp:778] [write] Sending to VStream was aborted!
[2026-04-18 12:15:52.980] [164401] [HailoRT] [info] [queue_elements.cpp:360] [execute_deactivate] enqueue() in element PushQEl8yolov11n/input_layer1 was aborted, got status = HAILO_SHUTDOWN_EVENT_SIGNALED(57)
[2026-04-18 12:15:52.980] [165395] [HailoRT] [info] [queue_elements.cpp:68] [operator()] Thread in element PushQEl8yolov11n/input_layer1 is not running anymore, exiting..
[2026-04-18 12:15:52.980] [164401] [HailoRT] [info] [queue_elements.cpp:46] [~BaseQueueElement] Queue element PushQEl8yolov11n/input_layer1 has 0 frames in his Queue on destruction
[2026-04-18 12:15:52.980] [165402] [HailoRT] [info] [queue_elements.cpp:68] [operator()] Thread in element UserBufQEl_post_infer0yolov11n/yolov8_nms_postprocess is not running anymore, exiting..
[2026-04-18 12:15:52.980] [164401] [HailoRT] [info] [queue_elements.cpp:46] [~BaseQueueElement] Queue element UserBufQEl_post_infer0yolov11n/yolov8_nms_postprocess has 0 frames in his Queue on destruction
[2026-04-18 12:15:52.980] [165401] [HailoRT] [info] [queue_elements.cpp:68] [operator()] Thread in element PullQEl_nms0yolov11n/conv80_143 is not running anymore, exiting..
[2026-04-18 12:15:52.980] [164401] [HailoRT] [info] [queue_elements.cpp:46] [~BaseQueueElement] Queue element PullQEl_nms0yolov11n/conv80_143 has 0 frames in his Queue on destruction
[2026-04-18 12:15:52.980] [165400] [HailoRT] [info] [queue_elements.cpp:68] [operator()] Thread in element PullQEl_nms1yolov11n/conv77_143 is not running anymore, exiting..
[2026-04-18 12:15:52.980] [164401] [HailoRT] [info] [queue_elements.cpp:46] [~BaseQueueElement] Queue element PullQEl_nms1yolov11n/conv77_143 has 0 frames in his Queue on destruction
[2026-04-18 12:15:52.980] [165399] [HailoRT] [info] [queue_elements.cpp:68] [operator()] Thread in element PullQEl_nms13yolov11n/conv65_143 is not running anymore, exiting..
[2026-04-18 12:15:52.980] [164401] [HailoRT] [info] [queue_elements.cpp:46] [~BaseQueueElement] Queue element PullQEl_nms13yolov11n/conv65_143 has 0 frames in his Queue on destruction
[2026-04-18 12:15:52.980] [165398] [HailoRT] [info] [queue_elements.cpp:68] [operator()] Thread in element PullQEl_nms15yolov11n/conv62_143 is not running anymore, exiting..
[2026-04-18 12:15:52.980] [164401] [HailoRT] [info] [queue_elements.cpp:46] [~BaseQueueElement] Queue element PullQEl_nms15yolov11n/conv62_143 has 0 frames in his Queue on destruction
[2026-04-18 12:15:52.980] [165397] [HailoRT] [info] [queue_elements.cpp:68] [operator()] Thread in element PullQEl_nms12yolov11n/conv54_143 is not running anymore, exiting..
[2026-04-18 12:15:52.980] [164401] [HailoRT] [info] [queue_elements.cpp:46] [~BaseQueueElement] Queue element PullQEl_nms12yolov11n/conv54_143 has 0 frames in his Queue on destruction
[2026-04-18 12:15:52.980] [165396] [HailoRT] [info] [queue_elements.cpp:68] [operator()] Thread in element PullQEl_nms3yolov11n/conv51_143 is not running anymore, exiting..
[2026-04-18 12:15:52.980] [164401] [HailoRT] [info] [queue_elements.cpp:46] [~BaseQueueElement] Queue element PullQEl_nms3yolov11n/conv51_143 has 0 frames in his Queue on destruction
[2026-04-18 12:15:52.980] [164401] [HailoRT] [info] [core_op.cpp:186] [deactivate] Deactivating took 0.007592 ms
[2026-04-18 12:15:52.980] [164401] [HailoRT] [info] [core_op.cpp:186] [deactivate] Deactivating took 0.015463 ms
[2026-04-18 12:16:03.338] [165920] [HailoRT] [info] [vdevice.cpp:535] [create] Creating vdevice with params: device_count: 1, scheduling_algorithm: NONE, multi_process_service: false
[2026-04-18 12:16:03.351] [165920] [HailoRT] [info] [device.cpp:51] [Device] OS Version: Linux 6.12.75+rpt-rpi-2712 #1 SMP PREEMPT Debian 1:6.12.75-1+rpt1 (2026-03-11) aarch64
[2026-04-18 12:16:03.351] [165920] [HailoRT] [info] [control.cpp:113] [control__parse_identify_results] firmware_version is: 4.23.0
[2026-04-18 12:16:03.351] [165920] [HailoRT] [info] [vdevice.cpp:682] [create] VDevice Infos: 0001:01:00.0
[2026-04-18 12:16:03.357] [165920] [HailoRT] [warning] [buffer_requirements.cpp:131] [get_buffer_requirements_multiple_transfers] Desc page size value (1024) is not optimal for performance.
[2026-04-18 12:16:03.376] [165920] [HailoRT] [info] [internal_buffer_manager.cpp:77] [print_execution_results] Planned internal buffer memory: CMA=0 CMA-Desc=1310720 Pinned=51817472. memory to edge layer usage factor is 1
[2026-04-18 12:16:03.376] [165920] [HailoRT] [info] [internal_buffer_manager.cpp:86] [print_execution_results] Default Internal buffer planner executed successfully
[2026-04-18 12:16:03.476] [165920] [HailoRT] [info] [device_internal.cpp:57] [configure] Configuring HEF took 123.85238 milliseconds
[2026-04-18 12:16:03.476] [165920] [HailoRT] [info] [vdevice.cpp:780] [configure] Configuring HEF on VDevice took 124.251751 milliseconds
[2026-04-18 12:16:03.476] [165920] [HailoRT] [info] [control.cpp:113] [control__parse_identify_results] firmware_version is: 4.23.0
[2026-04-18 12:16:03.476] [165920] [HailoRT] [info] [control.cpp:113] [control__parse_identify_results] firmware_version is: 4.23.0
[2026-04-18 12:16:03.511] [165920] [HailoRT] [info] [core_op.cpp:156] [activate] Activating yolov11n took 34.550447 milliseconds. Note that the function is asynchronous and thus the network is not fully activated yet.
[2026-04-18 12:16:03.511] [165920] [HailoRT] [info] [core_op.cpp:156] [activate] Activating yolov11n took 34.580189 milliseconds. Note that the function is asynchronous and thus the network is not fully activated yet.
[2026-04-18 12:16:03.524] [165920] [HailoRT] [info] [control.cpp:113] [control__parse_identify_results] firmware_version is: 4.23.0
[2026-04-18 12:16:03.524] [165920] [HailoRT] [info] [control.cpp:113] [control__parse_identify_results] firmware_version is: 4.23.0
[2026-04-18 12:16:04.656] [165912] [HailoRT] [info] [device.cpp:51] [Device] OS Version: Linux 6.12.75+rpt-rpi-2712 #1 SMP PREEMPT Debian 1:6.12.75-1+rpt1 (2026-03-11) aarch64
[2026-04-18 12:16:04.656] [165912] [HailoRT] [info] [control.cpp:113] [control__parse_identify_results] firmware_version is: 4.23.0
[2026-04-18 12:16:04.656] [165912] [HailoRT] [info] [control.cpp:113] [control__parse_identify_results] firmware_version is: 4.23.0
[2026-04-18 12:17:03.525] [165932] [HailoRT] [info] [vdevice_native_stream.cpp:331] [read_impl] Failed read from stream HAILO_STREAM_ABORT(63) (device: 0001:01:00.0)
[2026-04-18 12:17:03.525] [165934] [HailoRT] [info] [vdevice_native_stream.cpp:331] [read_impl] Failed read from stream HAILO_STREAM_ABORT(63) (device: 0001:01:00.0)
[2026-04-18 12:17:03.525] [165930] [HailoRT] [info] [vdevice_native_stream.cpp:331] [read_impl] Failed read from stream HAILO_STREAM_ABORT(63) (device: 0001:01:00.0)
[2026-04-18 12:17:03.525] [165935] [HailoRT] [info] [vdevice_native_stream.cpp:142] [write_impl] Failed write to stream yolov11n/input_layer1 (device: 0001:01:00.0) with status=HAILO_STREAM_ABORT(63)
[2026-04-18 12:17:03.525] [165929] [HailoRT] [info] [vdevice_native_stream.cpp:331] [read_impl] Failed read from stream HAILO_STREAM_ABORT(63) (device: 0001:01:00.0)
[2026-04-18 12:17:03.525] [165931] [HailoRT] [info] [vdevice_native_stream.cpp:331] [read_impl] Failed read from stream HAILO_STREAM_ABORT(63) (device: 0001:01:00.0)
[2026-04-18 12:17:03.525] [165933] [HailoRT] [info] [vdevice_native_stream.cpp:331] [read_impl] Failed read from stream HAILO_STREAM_ABORT(63) (device: 0001:01:00.0)
[2026-04-18 12:17:03.534] [165920] [HailoRT] [info] [core_op.cpp:186] [deactivate] Deactivating took 0.006833 ms
[2026-04-18 12:17:03.534] [165920] [HailoRT] [info] [core_op.cpp:186] [deactivate] Deactivating took 0.023889 ms
[2026-04-18 12:17:03.605] [165920] [HailoRT] [info] [vdevice.cpp:535] [create] Creating vdevice with params: device_count: 1, scheduling_algorithm: NONE, multi_process_service: false
[2026-04-18 12:17:03.605] [165920] [HailoRT] [info] [device.cpp:51] [Device] OS Version: Linux 6.12.75+rpt-rpi-2712 #1 SMP PREEMPT Debian 1:6.12.75-1+rpt1 (2026-03-11) aarch64
[2026-04-18 12:17:03.605] [165920] [HailoRT] [info] [control.cpp:113] [control__parse_identify_results] firmware_version is: 4.23.0
[2026-04-18 12:17:03.605] [165920] [HailoRT] [info] [vdevice.cpp:682] [create] VDevice Infos: 0001:01:00.0
[2026-04-18 12:17:03.611] [165920] [HailoRT] [warning] [buffer_requirements.cpp:131] [get_buffer_requirements_multiple_transfers] Desc page size value (1024) is not optimal for performance.
[2026-04-18 12:17:03.636] [165920] [HailoRT] [info] [internal_buffer_manager.cpp:77] [print_execution_results] Planned internal buffer memory: CMA=0 CMA-Desc=1310720 Pinned=51817472. memory to edge layer usage factor is 1
[2026-04-18 12:17:03.636] [165920] [HailoRT] [info] [internal_buffer_manager.cpp:86] [print_execution_results] Default Internal buffer planner executed successfully
[2026-04-18 12:17:03.733] [165920] [HailoRT] [info] [device_internal.cpp:57] [configure] Configuring HEF took 127.264686 milliseconds
[2026-04-18 12:17:03.733] [165920] [HailoRT] [info] [vdevice.cpp:780] [configure] Configuring HEF on VDevice took 127.62715 milliseconds
[2026-04-18 12:17:03.733] [165920] [HailoRT] [info] [control.cpp:113] [control__parse_identify_results] firmware_version is: 4.23.0
[2026-04-18 12:17:03.734] [165920] [HailoRT] [info] [control.cpp:113] [control__parse_identify_results] firmware_version is: 4.23.0
[2026-04-18 12:17:03.768] [165920] [HailoRT] [info] [core_op.cpp:156] [activate] Activating yolov11n took 34.00195 milliseconds. Note that the function is asynchronous and thus the network is not fully activated yet.
[2026-04-18 12:17:03.768] [165920] [HailoRT] [info] [core_op.cpp:156] [activate] Activating yolov11n took 34.025635 milliseconds. Note that the function is asynchronous and thus the network is not fully activated yet.
[2026-04-18 12:17:03.781] [165920] [HailoRT] [info] [control.cpp:113] [control__parse_identify_results] firmware_version is: 4.23.0
[2026-04-18 12:17:03.781] [165920] [HailoRT] [info] [control.cpp:113] [control__parse_identify_results] firmware_version is: 4.23.0
[2026-04-18 12:17:03.781] [165920] [HailoRT] [info] [edge_elements.cpp:52] [create] Created (HwWriteEl8yolov11n/input_layer1 | hw_frame_size: 1228800)
[2026-04-18 12:17:03.781] [165920] [HailoRT] [info] [queue_elements.cpp:284] [create] Created (PushQEl8yolov11n/input_layer1 | timeout: 10s)
[2026-04-18 12:17:03.781] [165920] [HailoRT] [info] [filter_elements.cpp:101] [create] Created (PreInferEl8yolov11n/input_layer1 | Reorder - src_order: NHWC, src_shape: (640, 640, 3), dst_order: NHCW, dst_shape: (640, 640, 3))
[2026-04-18 12:17:03.781] [165920] [HailoRT] [info] [vstream.cpp:754] [InputVStreamImpl] Creating yolov11n/input_layer1...
[2026-04-18 12:17:03.781] [165920] [HailoRT] [info] [vstream_builder.cpp:102] [create_inputs] Input pipeline 'yolov11n/input_layer1': (PreInferEl8yolov11n/input_layer1 | Reorder - src_order: NHWC, src_shape: (640, 640, 3), dst_order: NHCW, dst_shape: (640, 640, 3)) >> (PushQEl8yolov11n/input_layer1 | timeout: 10s) >> (HwWriteEl8yolov11n/input_layer1 | hw_frame_size: 1228800) >> HW
[2026-04-18 12:17:03.782] [165920] [HailoRT] [info] [multi_io_elements.cpp:135] [create] Created (NmsPPMuxEl0YOLOV8-Post-Process | Op YOLOV8, Name: YOLOV8-Post-Process, Score threshold: 0.200, IoU threshold: 0.70, Classes: 80, Max bboxes per class: 100, Image height: 640, Image width: 640)
[2026-04-18 12:17:03.782] [165920] [HailoRT] [info] [edge_elements.cpp:287] [create] Created (HwReadEl3yolov11n/conv51_143 | hw_frame_size: 409600)
[2026-04-18 12:17:03.782] [165920] [HailoRT] [info] [queue_elements.cpp:657] [create] Created (PullQEl_nms3yolov11n/conv51_143 | timeout: 10s)
[2026-04-18 12:17:03.782] [165920] [HailoRT] [info] [edge_elements.cpp:287] [create] Created (HwReadEl12yolov11n/conv54_143 | hw_frame_size: 512000)
[2026-04-18 12:17:03.782] [165920] [HailoRT] [info] [queue_elements.cpp:657] [create] Created (PullQEl_nms12yolov11n/conv54_143 | timeout: 10s)
[2026-04-18 12:17:03.782] [165920] [HailoRT] [info] [edge_elements.cpp:287] [create] Created (HwReadEl15yolov11n/conv62_143 | hw_frame_size: 102400)
[2026-04-18 12:17:03.782] [165920] [HailoRT] [info] [queue_elements.cpp:657] [create] Created (PullQEl_nms15yolov11n/conv62_143 | timeout: 10s)
[2026-04-18 12:17:03.782] [165920] [HailoRT] [info] [edge_elements.cpp:287] [create] Created (HwReadEl13yolov11n/conv65_143 | hw_frame_size: 128000)
[2026-04-18 12:17:03.782] [165920] [HailoRT] [info] [queue_elements.cpp:657] [create] Created (PullQEl_nms13yolov11n/conv65_143 | timeout: 10s)
[2026-04-18 12:17:03.782] [165920] [HailoRT] [info] [edge_elements.cpp:287] [create] Created (HwReadEl1yolov11n/conv77_143 | hw_frame_size: 30720)
[2026-04-18 12:17:03.782] [165920] [HailoRT] [info] [queue_elements.cpp:657] [create] Created (PullQEl_nms1yolov11n/conv77_143 | timeout: 10s)
[2026-04-18 12:17:03.782] [165920] [HailoRT] [info] [edge_elements.cpp:287] [create] Created (HwReadEl0yolov11n/conv80_143 | hw_frame_size: 38400)
[2026-04-18 12:17:03.782] [165920] [HailoRT] [info] [queue_elements.cpp:657] [create] Created (PullQEl_nms0yolov11n/conv80_143 | timeout: 10s)
[2026-04-18 12:17:03.782] [165920] [HailoRT] [info] [queue_elements.cpp:800] [create] Created (UserBufQEl_post_infer0yolov11n/yolov8_nms_postprocess | timeout: 10s)
[2026-04-18 12:17:03.782] [165920] [HailoRT] [info] [vstream.cpp:1114] [OutputVStreamImpl] Creating yolov11n/yolov8_nms_postprocess...
[2026-04-18 12:17:03.782] [165920] [HailoRT] [info] [vstream_builder.cpp:622] [create_output_post_process_nms] Output pipeline 'yolov11n/yolov8_nms_postprocess': HW >> (HwReadEl3yolov11n/conv51_143 | hw_frame_size: 409600) >> (PullQEl_nms3yolov11n/conv51_143) >> (HwReadEl12yolov11n/conv54_143 | hw_frame_size: 512000) >> (PullQEl_nms12yolov11n/conv54_143) >> (HwReadEl15yolov11n/conv62_143 | hw_frame_size: 102400) >> (PullQEl_nms15yolov11n/conv62_143) >> (HwReadEl13yolov11n/conv65_143 | hw_frame_size: 128000) >> (PullQEl_nms13yolov11n/conv65_143) >> (HwReadEl1yolov11n/conv77_143 | hw_frame_size: 30720) >> (PullQEl_nms1yolov11n/conv77_143) >> (HwReadEl0yolov11n/conv80_143 | hw_frame_size: 38400) >> (PullQEl_nms0yolov11n/conv80_143) >> (NmsPPMuxEl0YOLOV8-Post-Process | Op YOLOV8, Name: YOLOV8-Post-Process, Score threshold: 0.200, IoU threshold: 0.70, Classes: 80, Max bboxes per class: 100, Image height: 640, Image width: 640) >> (UserBufQEl_post_infer0yolov11n/yolov8_nms_postprocess | timeout: 10s)
[2026-04-18 12:18:03.783] [166420] [HailoRT] [info] [vdevice_native_stream.cpp:331] [read_impl] Failed read from stream HAILO_STREAM_ABORT(63) (device: 0001:01:00.0)
[2026-04-18 12:18:03.783] [166416] [HailoRT] [info] [vdevice_native_stream.cpp:331] [read_impl] Failed read from stream HAILO_STREAM_ABORT(63) (device: 0001:01:00.0)
[2026-04-18 12:18:03.783] [166420] [HailoRT] [info] [edge_elements.cpp:396] [run_pull] Reading from stream was aborted!
[2026-04-18 12:18:03.783] [166418] [HailoRT] [info] [vdevice_native_stream.cpp:331] [read_impl] Failed read from stream HAILO_STREAM_ABORT(63) (device: 0001:01:00.0)
[2026-04-18 12:18:03.783] [166420] [HailoRT] [info] [queue_elements.cpp:738] [run_in_thread] run_pull of queue element PullQEl_nms0yolov11n/conv80_143 was aborted!
[2026-04-18 12:18:03.783] [166418] [HailoRT] [info] [edge_elements.cpp:396] [run_pull] Reading from stream was aborted!
[2026-04-18 12:18:03.783] [166418] [HailoRT] [info] [queue_elements.cpp:738] [run_in_thread] run_pull of queue element PullQEl_nms13yolov11n/conv65_143 was aborted!
[2026-04-18 12:18:03.783] [166415] [HailoRT] [info] [vdevice_native_stream.cpp:331] [read_impl] Failed read from stream HAILO_STREAM_ABORT(63) (device: 0001:01:00.0)
[2026-04-18 12:18:03.783] [166414] [HailoRT] [info] [vdevice_native_stream.cpp:142] [write_impl] Failed write to stream yolov11n/input_layer1 (device: 0001:01:00.0) with status=HAILO_STREAM_ABORT(63)
[2026-04-18 12:18:03.783] [166417] [HailoRT] [info] [vdevice_native_stream.cpp:331] [read_impl] Failed read from stream HAILO_STREAM_ABORT(63) (device: 0001:01:00.0)
[2026-04-18 12:18:03.783] [166417] [HailoRT] [info] [edge_elements.cpp:396] [run_pull] Reading from stream was aborted!
[2026-04-18 12:18:03.783] [166414] [HailoRT] [info] [edge_elements.cpp:87] [run_push] Failed to send on input stream InputStream(index=8, name=yolov11n/input_layer1) because stream was aborted
[2026-04-18 12:18:03.783] [166417] [HailoRT] [info] [queue_elements.cpp:738] [run_in_thread] run_pull of queue element PullQEl_nms15yolov11n/conv62_143 was aborted!
[2026-04-18 12:18:03.783] [166414] [HailoRT] [info] [queue_elements.cpp:401] [run_in_thread] run_push of PushQEl8yolov11n/input_layer1 was aborted!
[2026-04-18 12:18:03.783] [166416] [HailoRT] [info] [edge_elements.cpp:396] [run_pull] Reading from stream was aborted!
[2026-04-18 12:18:03.783] [166416] [HailoRT] [info] [queue_elements.cpp:738] [run_in_thread] run_pull of queue element PullQEl_nms12yolov11n/conv54_143 was aborted!
[2026-04-18 12:18:03.783] [166415] [HailoRT] [info] [edge_elements.cpp:396] [run_pull] Reading from stream was aborted!
[2026-04-18 12:18:03.783] [166415] [HailoRT] [info] [queue_elements.cpp:738] [run_in_thread] run_pull of queue element PullQEl_nms3yolov11n/conv51_143 was aborted!
[2026-04-18 12:18:03.783] [166419] [HailoRT] [info] [vdevice_native_stream.cpp:331] [read_impl] Failed read from stream HAILO_STREAM_ABORT(63) (device: 0001:01:00.0)
[2026-04-18 12:18:03.783] [166419] [HailoRT] [info] [edge_elements.cpp:396] [run_pull] Reading from stream was aborted!
[2026-04-18 12:18:03.783] [166419] [HailoRT] [info] [queue_elements.cpp:738] [run_in_thread] run_pull of queue element PullQEl_nms1yolov11n/conv77_143 was aborted!
[2026-04-18 12:18:03.783] [166424] [HailoRT] [info] [queue_elements.cpp:706] [run_pull] Shutdown event was signaled in dequeue of queue element PullQEl_nms3yolov11n/conv51_143!
[2026-04-18 12:18:03.783] [166424] [HailoRT] [info] [vstream.cpp:1138] [read] Receiving to VStream was shutdown!
[2026-04-18 12:18:03.784] [166425] [HailoRT] [info] [queue_elements.cpp:319] [run_push] run_push of PushQEl8yolov11n/input_layer1 was aborted!
[2026-04-18 12:18:03.784] [166425] [HailoRT] [info] [filter_elements.cpp:35] [run_push] run_push of PreInferEl8yolov11n/input_layer1 was aborted!
[2026-04-18 12:18:03.784] [166425] [HailoRT] [info] [vstream.cpp:778] [write] Sending to VStream was aborted!
[2026-04-18 12:18:03.819] [165920] [HailoRT] [info] [queue_elements.cpp:360] [execute_deactivate] enqueue() in element PushQEl8yolov11n/input_layer1 was aborted, got status = HAILO_SHUTDOWN_EVENT_SIGNALED(57)
[2026-04-18 12:18:03.819] [166414] [HailoRT] [info] [queue_elements.cpp:68] [operator()] Thread in element PushQEl8yolov11n/input_layer1 is not running anymore, exiting..
[2026-04-18 12:18:03.819] [165920] [HailoRT] [info] [queue_elements.cpp:46] [~BaseQueueElement] Queue element PushQEl8yolov11n/input_layer1 has 1 frames in his Queue on destruction
[2026-04-18 12:18:03.819] [166421] [HailoRT] [info] [queue_elements.cpp:68] [operator()] Thread in element UserBufQEl_post_infer0yolov11n/yolov8_nms_postprocess is not running anymore, exiting..
[2026-04-18 12:18:03.819] [165920] [HailoRT] [info] [queue_elements.cpp:46] [~BaseQueueElement] Queue element UserBufQEl_post_infer0yolov11n/yolov8_nms_postprocess has 0 frames in his Queue on destruction
[2026-04-18 12:18:03.819] [166420] [HailoRT] [info] [queue_elements.cpp:68] [operator()] Thread in element PullQEl_nms0yolov11n/conv80_143 is not running anymore, exiting..
[2026-04-18 12:18:03.819] [165920] [HailoRT] [info] [queue_elements.cpp:46] [~BaseQueueElement] Queue element PullQEl_nms0yolov11n/conv80_143 has 0 frames in his Queue on destruction
[2026-04-18 12:18:03.819] [166419] [HailoRT] [info] [queue_elements.cpp:68] [operator()] Thread in element PullQEl_nms1yolov11n/conv77_143 is not running anymore, exiting..
[2026-04-18 12:18:03.819] [165920] [HailoRT] [info] [queue_elements.cpp:46] [~BaseQueueElement] Queue element PullQEl_nms1yolov11n/conv77_143 has 0 frames in his Queue on destruction
[2026-04-18 12:18:03.819] [166418] [HailoRT] [info] [queue_elements.cpp:68] [operator()] Thread in element PullQEl_nms13yolov11n/conv65_143 is not running anymore, exiting..
[2026-04-18 12:18:03.819] [165920] [HailoRT] [info] [queue_elements.cpp:46] [~BaseQueueElement] Queue element PullQEl_nms13yolov11n/conv65_143 has 0 frames in his Queue on destruction
[2026-04-18 12:18:03.819] [166417] [HailoRT] [info] [queue_elements.cpp:68] [operator()] Thread in element PullQEl_nms15yolov11n/conv62_143 is not running anymore, exiting..
[2026-04-18 12:18:03.819] [165920] [HailoRT] [info] [queue_elements.cpp:46] [~BaseQueueElement] Queue element PullQEl_nms15yolov11n/conv62_143 has 0 frames in his Queue on destruction
[2026-04-18 12:18:03.819] [166416] [HailoRT] [info] [queue_elements.cpp:68] [operator()] Thread in element PullQEl_nms12yolov11n/conv54_143 is not running anymore, exiting..
[2026-04-18 12:18:03.819] [165920] [HailoRT] [info] [queue_elements.cpp:46] [~BaseQueueElement] Queue element PullQEl_nms12yolov11n/conv54_143 has 0 frames in his Queue on destruction
[2026-04-18 12:18:03.819] [166415] [HailoRT] [info] [queue_elements.cpp:68] [operator()] Thread in element PullQEl_nms3yolov11n/conv51_143 is not running anymore, exiting..
[2026-04-18 12:18:03.819] [165920] [HailoRT] [info] [queue_elements.cpp:46] [~BaseQueueElement] Queue element PullQEl_nms3yolov11n/conv51_143 has 0 frames in his Queue on destruction
[2026-04-18 12:18:03.819] [165920] [HailoRT] [info] [core_op.cpp:186] [deactivate] Deactivating took 0.007241 ms
[2026-04-18 12:18:03.819] [165920] [HailoRT] [info] [core_op.cpp:186] [deactivate] Deactivating took 0.016 ms
[2026-04-18 12:18:03.877] [165920] [HailoRT] [info] [vdevice.cpp:535] [create] Creating vdevice with params: device_count: 1, scheduling_algorithm: NONE, multi_process_service: false
[2026-04-18 12:18:03.877] [165920] [HailoRT] [info] [device.cpp:51] [Device] OS Version: Linux 6.12.75+rpt-rpi-2712 #1 SMP PREEMPT Debian 1:6.12.75-1+rpt1 (2026-03-11) aarch64
[2026-04-18 12:18:03.877] [165920] [HailoRT] [info] [control.cpp:113] [control__parse_identify_results] firmware_version is: 4.23.0
[2026-04-18 12:18:03.878] [165920] [HailoRT] [info] [vdevice.cpp:682] [create] VDevice Infos: 0001:01:00.0
[2026-04-18 12:18:03.883] [165920] [HailoRT] [warning] [buffer_requirements.cpp:131] [get_buffer_requirements_multiple_transfers] Desc page size value (1024) is not optimal for performance.
[2026-04-18 12:18:03.896] [165920] [HailoRT] [info] [internal_buffer_manager.cpp:77] [print_execution_results] Planned internal buffer memory: CMA=0 CMA-Desc=1310720 Pinned=51817472. memory to edge layer usage factor is 1
[2026-04-18 12:18:03.896] [165920] [HailoRT] [info] [internal_buffer_manager.cpp:86] [print_execution_results] Default Internal buffer planner executed successfully
[2026-04-18 12:18:03.997] [165920] [HailoRT] [info] [device_internal.cpp:57] [configure] Configuring HEF took 118.934714 milliseconds
[2026-04-18 12:18:03.997] [165920] [HailoRT] [info] [vdevice.cpp:780] [configure] Configuring HEF on VDevice took 119.303177 milliseconds
[2026-04-18 12:18:03.997] [165920] [HailoRT] [info] [control.cpp:113] [control__parse_identify_results] firmware_version is: 4.23.0
[2026-04-18 12:18:03.998] [165920] [HailoRT] [info] [control.cpp:113] [control__parse_identify_results] firmware_version is: 4.23.0
[2026-04-18 12:18:04.026] [165920] [HailoRT] [info] [core_op.cpp:156] [activate] Activating yolov11n took 28.85337 milliseconds. Note that the function is asynchronous and thus the network is not fully activated yet.
[2026-04-18 12:18:04.026] [165920] [HailoRT] [info] [core_op.cpp:156] [activate] Activating yolov11n took 28.888871 milliseconds. Note that the function is asynchronous and thus the network is not fully activated yet.
[2026-04-18 12:18:04.040] [165920] [HailoRT] [info] [control.cpp:113] [control__parse_identify_results] firmware_version is: 4.23.0
[2026-04-18 12:18:04.040] [165920] [HailoRT] [info] [control.cpp:113] [control__parse_identify_results] firmware_version is: 4.23.0
[2026-04-18 12:18:04.040] [165920] [HailoRT] [info] [edge_elements.cpp:52] [create] Created (HwWriteEl8yolov11n/input_layer1 | hw_frame_size: 1228800)
[2026-04-18 12:18:04.040] [165920] [HailoRT] [info] [queue_elements.cpp:284] [create] Created (PushQEl8yolov11n/input_layer1 | timeout: 10s)
[2026-04-18 12:18:04.040] [165920] [HailoRT] [info] [filter_elements.cpp:101] [create] Created (PreInferEl8yolov11n/input_layer1 | Reorder - src_order: NHWC, src_shape: (640, 640, 3), dst_order: NHCW, dst_shape: (640, 640, 3))
[2026-04-18 12:18:04.040] [165920] [HailoRT] [info] [vstream.cpp:754] [InputVStreamImpl] Creating yolov11n/input_layer1...
[2026-04-18 12:18:04.040] [165920] [HailoRT] [info] [vstream_builder.cpp:102] [create_inputs] Input pipeline 'yolov11n/input_layer1': (PreInferEl8yolov11n/input_layer1 | Reorder - src_order: NHWC, src_shape: (640, 640, 3), dst_order: NHCW, dst_shape: (640, 640, 3)) >> (PushQEl8yolov11n/input_layer1 | timeout: 10s) >> (HwWriteEl8yolov11n/input_layer1 | hw_frame_size: 1228800) >> HW
[2026-04-18 12:18:04.040] [165920] [HailoRT] [info] [multi_io_elements.cpp:135] [create] Created (NmsPPMuxEl0YOLOV8-Post-Process | Op YOLOV8, Name: YOLOV8-Post-Process, Score threshold: 0.200, IoU threshold: 0.70, Classes: 80, Max bboxes per class: 100, Image height: 640, Image width: 640)
[2026-04-18 12:18:04.041] [165920] [HailoRT] [info] [edge_elements.cpp:287] [create] Created (HwReadEl3yolov11n/conv51_143 | hw_frame_size: 409600)
[2026-04-18 12:18:04.041] [165920] [HailoRT] [info] [queue_elements.cpp:657] [create] Created (PullQEl_nms3yolov11n/conv51_143 | timeout: 10s)
[2026-04-18 12:18:04.041] [165920] [HailoRT] [info] [edge_elements.cpp:287] [create] Created (HwReadEl12yolov11n/conv54_143 | hw_frame_size: 512000)
[2026-04-18 12:18:04.041] [165920] [HailoRT] [info] [queue_elements.cpp:657] [create] Created (PullQEl_nms12yolov11n/conv54_143 | timeout: 10s)
[2026-04-18 12:18:04.041] [165920] [HailoRT] [info] [edge_elements.cpp:287] [create] Created (HwReadEl15yolov11n/conv62_143 | hw_frame_size: 102400)
[2026-04-18 12:18:04.041] [165920] [HailoRT] [info] [queue_elements.cpp:657] [create] Created (PullQEl_nms15yolov11n/conv62_143 | timeout: 10s)
[2026-04-18 12:18:04.041] [165920] [HailoRT] [info] [edge_elements.cpp:287] [create] Created (HwReadEl13yolov11n/conv65_143 | hw_frame_size: 128000)
[2026-04-18 12:18:04.041] [165920] [HailoRT] [info] [queue_elements.cpp:657] [create] Created (PullQEl_nms13yolov11n/conv65_143 | timeout: 10s)
[2026-04-18 12:18:04.041] [165920] [HailoRT] [info] [edge_elements.cpp:287] [create] Created (HwReadEl1yolov11n/conv77_143 | hw_frame_size: 30720)
[2026-04-18 12:18:04.041] [165920] [HailoRT] [info] [queue_elements.cpp:657] [create] Created (PullQEl_nms1yolov11n/conv77_143 | timeout: 10s)
[2026-04-18 12:18:04.041] [165920] [HailoRT] [info] [edge_elements.cpp:287] [create] Created (HwReadEl0yolov11n/conv80_143 | hw_frame_size: 38400)
[2026-04-18 12:18:04.041] [165920] [HailoRT] [info] [queue_elements.cpp:657] [create] Created (PullQEl_nms0yolov11n/conv80_143 | timeout: 10s)
[2026-04-18 12:18:04.041] [165920] [HailoRT] [info] [queue_elements.cpp:800] [create] Created (UserBufQEl_post_infer0yolov11n/yolov8_nms_postprocess | timeout: 10s)
[2026-04-18 12:18:04.041] [165920] [HailoRT] [info] [vstream.cpp:1114] [OutputVStreamImpl] Creating yolov11n/yolov8_nms_postprocess...
[2026-04-18 12:18:04.041] [165920] [HailoRT] [info] [vstream_builder.cpp:622] [create_output_post_process_nms] Output pipeline 'yolov11n/yolov8_nms_postprocess': HW >> (HwReadEl3yolov11n/conv51_143 | hw_frame_size: 409600) >> (PullQEl_nms3yolov11n/conv51_143) >> (HwReadEl12yolov11n/conv54_143 | hw_frame_size: 512000) >> (PullQEl_nms12yolov11n/conv54_143) >> (HwReadEl15yolov11n/conv62_143 | hw_frame_size: 102400) >> (PullQEl_nms15yolov11n/conv62_143) >> (HwReadEl13yolov11n/conv65_143 | hw_frame_size: 128000) >> (PullQEl_nms13yolov11n/conv65_143) >> (HwReadEl1yolov11n/conv77_143 | hw_frame_size: 30720) >> (PullQEl_nms1yolov11n/conv77_143) >> (HwReadEl0yolov11n/conv80_143 | hw_frame_size: 38400) >> (PullQEl_nms0yolov11n/conv80_143) >> (NmsPPMuxEl0YOLOV8-Post-Process | Op YOLOV8, Name: YOLOV8-Post-Process, Score threshold: 0.200, IoU threshold: 0.70, Classes: 80, Max bboxes per class: 100, Image height: 640, Image width: 640) >> (UserBufQEl_post_infer0yolov11n/yolov8_nms_postprocess | timeout: 10s)
[2026-04-18 12:19:04.042] [166923] [HailoRT] [info] [vdevice_native_stream.cpp:331] [read_impl] Failed read from stream HAILO_STREAM_ABORT(63) (device: 0001:01:00.0)
[2026-04-18 12:19:04.043] [166923] [HailoRT] [info] [edge_elements.cpp:396] [run_pull] Reading from stream was aborted!
[2026-04-18 12:19:04.042] [166925] [HailoRT] [info] [vdevice_native_stream.cpp:331] [read_impl] Failed read from stream HAILO_STREAM_ABORT(63) (device: 0001:01:00.0)
[2026-04-18 12:19:04.043] [166925] [HailoRT] [info] [edge_elements.cpp:396] [run_pull] Reading from stream was aborted!
[2026-04-18 12:19:04.043] [166923] [HailoRT] [info] [queue_elements.cpp:738] [run_in_thread] run_pull of queue element PullQEl_nms13yolov11n/conv65_143 was aborted!
[2026-04-18 12:19:04.043] [166925] [HailoRT] [info] [queue_elements.cpp:738] [run_in_thread] run_pull of queue element PullQEl_nms0yolov11n/conv80_143 was aborted!
[2026-04-18 12:19:04.042] [166921] [HailoRT] [info] [vdevice_native_stream.cpp:331] [read_impl] Failed read from stream HAILO_STREAM_ABORT(63) (device: 0001:01:00.0)
[2026-04-18 12:19:04.043] [166921] [HailoRT] [info] [edge_elements.cpp:396] [run_pull] Reading from stream was aborted!
[2026-04-18 12:19:04.043] [166924] [HailoRT] [info] [vdevice_native_stream.cpp:331] [read_impl] Failed read from stream HAILO_STREAM_ABORT(63) (device: 0001:01:00.0)
[2026-04-18 12:19:04.043] [166924] [HailoRT] [info] [edge_elements.cpp:396] [run_pull] Reading from stream was aborted!
[2026-04-18 12:19:04.043] [166921] [HailoRT] [info] [queue_elements.cpp:738] [run_in_thread] run_pull of queue element PullQEl_nms12yolov11n/conv54_143 was aborted!
[2026-04-18 12:19:04.043] [166924] [HailoRT] [info] [queue_elements.cpp:738] [run_in_thread] run_pull of queue element PullQEl_nms1yolov11n/conv77_143 was aborted!
[2026-04-18 12:19:04.043] [166919] [HailoRT] [info] [vdevice_native_stream.cpp:142] [write_impl] Failed write to stream yolov11n/input_layer1 (device: 0001:01:00.0) with status=HAILO_STREAM_ABORT(63)
[2026-04-18 12:19:04.043] [166919] [HailoRT] [info] [edge_elements.cpp:87] [run_push] Failed to send on input stream InputStream(index=8, name=yolov11n/input_layer1) because stream was aborted
[2026-04-18 12:19:04.043] [166919] [HailoRT] [info] [queue_elements.cpp:401] [run_in_thread] run_push of PushQEl8yolov11n/input_layer1 was aborted!
[2026-04-18 12:19:04.042] [166920] [HailoRT] [info] [vdevice_native_stream.cpp:331] [read_impl] Failed read from stream HAILO_STREAM_ABORT(63) (device: 0001:01:00.0)
[2026-04-18 12:19:04.044] [166920] [HailoRT] [info] [edge_elements.cpp:396] [run_pull] Reading from stream was aborted!
[2026-04-18 12:19:04.044] [166920] [HailoRT] [info] [queue_elements.cpp:738] [run_in_thread] run_pull of queue element PullQEl_nms3yolov11n/conv51_143 was aborted!
[2026-04-18 12:19:04.044] [166929] [HailoRT] [info] [queue_elements.cpp:706] [run_pull] Shutdown event was signaled in dequeue of queue element PullQEl_nms3yolov11n/conv51_143!
[2026-04-18 12:19:04.044] [166922] [HailoRT] [info] [vdevice_native_stream.cpp:331] [read_impl] Failed read from stream HAILO_STREAM_ABORT(63) (device: 0001:01:00.0)
[2026-04-18 12:19:04.044] [166929] [HailoRT] [info] [vstream.cpp:1138] [read] Receiving to VStream was shutdown!
[2026-04-18 12:19:04.044] [166922] [HailoRT] [info] [edge_elements.cpp:396] [run_pull] Reading from stream was aborted!
[2026-04-18 12:19:04.044] [166922] [HailoRT] [info] [queue_elements.cpp:738] [run_in_thread] run_pull of queue element PullQEl_nms15yolov11n/conv62_143 was aborted!
[2026-04-18 12:19:04.044] [166930] [HailoRT] [info] [queue_elements.cpp:319] [run_push] run_push of PushQEl8yolov11n/input_layer1 was aborted!
[2026-04-18 12:19:04.044] [166930] [HailoRT] [info] [filter_elements.cpp:35] [run_push] run_push of PreInferEl8yolov11n/input_layer1 was aborted!
[2026-04-18 12:19:04.044] [166930] [HailoRT] [info] [vstream.cpp:778] [write] Sending to VStream was aborted!
[2026-04-18 12:19:04.052] [165920] [HailoRT] [info] [queue_elements.cpp:360] [execute_deactivate] enqueue() in element PushQEl8yolov11n/input_layer1 was aborted, got status = HAILO_SHUTDOWN_EVENT_SIGNALED(57)
[2026-04-18 12:19:04.052] [166919] [HailoRT] [info] [queue_elements.cpp:68] [operator()] Thread in element PushQEl8yolov11n/input_layer1 is not running anymore, exiting..
[2026-04-18 12:19:04.052] [165920] [HailoRT] [info] [queue_elements.cpp:46] [~BaseQueueElement] Queue element PushQEl8yolov11n/input_layer1 has 0 frames in his Queue on destruction
[2026-04-18 12:19:04.052] [166926] [HailoRT] [info] [queue_elements.cpp:68] [operator()] Thread in element UserBufQEl_post_infer0yolov11n/yolov8_nms_postprocess is not running anymore, exiting..
[2026-04-18 12:19:04.052] [165920] [HailoRT] [info] [queue_elements.cpp:46] [~BaseQueueElement] Queue element UserBufQEl_post_infer0yolov11n/yolov8_nms_postprocess has 0 frames in his Queue on destruction
[2026-04-18 12:19:04.052] [166925] [HailoRT] [info] [queue_elements.cpp:68] [operator()] Thread in element PullQEl_nms0yolov11n/conv80_143 is not running anymore, exiting..
[2026-04-18 12:19:04.052] [165920] [HailoRT] [info] [queue_elements.cpp:46] [~BaseQueueElement] Queue element PullQEl_nms0yolov11n/conv80_143 has 0 frames in his Queue on destruction
[2026-04-18 12:19:04.052] [166924] [HailoRT] [info] [queue_elements.cpp:68] [operator()] Thread in element PullQEl_nms1yolov11n/conv77_143 is not running anymore, exiting..
[2026-04-18 12:19:04.052] [165920] [HailoRT] [info] [queue_elements.cpp:46] [~BaseQueueElement] Queue element PullQEl_nms1yolov11n/conv77_143 has 0 frames in his Queue on destruction
[2026-04-18 12:19:04.052] [166923] [HailoRT] [info] [queue_elements.cpp:68] [operator()] Thread in element PullQEl_nms13yolov11n/conv65_143 is not running anymore, exiting..
[2026-04-18 12:19:04.052] [165920] [HailoRT] [info] [queue_elements.cpp:46] [~BaseQueueElement] Queue element PullQEl_nms13yolov11n/conv65_143 has 0 frames in his Queue on destruction
[2026-04-18 12:19:04.052] [166922] [HailoRT] [info] [queue_elements.cpp:68] [operator()] Thread in element PullQEl_nms15yolov11n/conv62_143 is not running anymore, exiting..
[2026-04-18 12:19:04.052] [165920] [HailoRT] [info] [queue_elements.cpp:46] [~BaseQueueElement] Queue element PullQEl_nms15yolov11n/conv62_143 has 0 frames in his Queue on destruction
[2026-04-18 12:19:04.052] [166921] [HailoRT] [info] [queue_elements.cpp:68] [operator()] Thread in element PullQEl_nms12yolov11n/conv54_143 is not running anymore, exiting..
[2026-04-18 12:19:04.052] [165920] [HailoRT] [info] [queue_elements.cpp:46] [~BaseQueueElement] Queue element PullQEl_nms12yolov11n/conv54_143 has 0 frames in his Queue on destruction
[2026-04-18 12:19:04.052] [166920] [HailoRT] [info] [queue_elements.cpp:68] [operator()] Thread in element PullQEl_nms3yolov11n/conv51_143 is not running anymore, exiting..
[2026-04-18 12:19:04.052] [165920] [HailoRT] [info] [queue_elements.cpp:46] [~BaseQueueElement] Queue element PullQEl_nms3yolov11n/conv51_143 has 0 frames in his Queue on destruction
[2026-04-18 12:19:04.053] [165920] [HailoRT] [info] [core_op.cpp:186] [deactivate] Deactivating took 0.007686 ms
[2026-04-18 12:19:04.053] [165920] [HailoRT] [info] [core_op.cpp:186] [deactivate] Deactivating took 0.01676 ms
[2026-04-18 12:19:14.381] [167448] [HailoRT] [info] [vdevice.cpp:535] [create] Creating vdevice with params: device_count: 1, scheduling_algorithm: NONE, multi_process_service: false
[2026-04-18 12:19:14.395] [167448] [HailoRT] [info] [device.cpp:51] [Device] OS Version: Linux 6.12.75+rpt-rpi-2712 #1 SMP PREEMPT Debian 1:6.12.75-1+rpt1 (2026-03-11) aarch64
[2026-04-18 12:19:14.396] [167448] [HailoRT] [info] [control.cpp:113] [control__parse_identify_results] firmware_version is: 4.23.0
[2026-04-18 12:19:14.396] [167448] [HailoRT] [info] [vdevice.cpp:682] [create] VDevice Infos: 0001:01:00.0
[2026-04-18 12:19:14.402] [167448] [HailoRT] [warning] [buffer_requirements.cpp:131] [get_buffer_requirements_multiple_transfers] Desc page size value (1024) is not optimal for performance.
[2026-04-18 12:19:14.426] [167448] [HailoRT] [info] [internal_buffer_manager.cpp:77] [print_execution_results] Planned internal buffer memory: CMA=0 CMA-Desc=1310720 Pinned=52995072. memory to edge layer usage factor is 1
[2026-04-18 12:19:14.426] [167448] [HailoRT] [info] [internal_buffer_manager.cpp:86] [print_execution_results] Default Internal buffer planner executed successfully
[2026-04-18 12:19:14.544] [167448] [HailoRT] [info] [device_internal.cpp:57] [configure] Configuring HEF took 147.548043 milliseconds
[2026-04-18 12:19:14.544] [167448] [HailoRT] [info] [vdevice.cpp:780] [configure] Configuring HEF on VDevice took 147.989063 milliseconds
[2026-04-18 12:19:14.544] [167448] [HailoRT] [info] [control.cpp:113] [control__parse_identify_results] firmware_version is: 4.23.0
[2026-04-18 12:19:14.545] [167448] [HailoRT] [info] [control.cpp:113] [control__parse_identify_results] firmware_version is: 4.23.0
[2026-04-18 12:19:14.581] [167448] [HailoRT] [info] [core_op.cpp:156] [activate] Activating yolov11n took 36.200223 milliseconds. Note that the function is asynchronous and thus the network is not fully activated yet.
[2026-04-18 12:19:14.581] [167448] [HailoRT] [info] [core_op.cpp:156] [activate] Activating yolov11n took 36.232537 milliseconds. Note that the function is asynchronous and thus the network is not fully activated yet.
[2026-04-18 12:19:14.595] [167448] [HailoRT] [info] [control.cpp:113] [control__parse_identify_results] firmware_version is: 4.23.0
[2026-04-18 12:19:14.595] [167448] [HailoRT] [info] [control.cpp:113] [control__parse_identify_results] firmware_version is: 4.23.0
[2026-04-18 12:19:15.724] [167440] [HailoRT] [info] [device.cpp:51] [Device] OS Version: Linux 6.12.75+rpt-rpi-2712 #1 SMP PREEMPT Debian 1:6.12.75-1+rpt1 (2026-03-11) aarch64
[2026-04-18 12:19:15.725] [167440] [HailoRT] [info] [control.cpp:113] [control__parse_identify_results] firmware_version is: 4.23.0
[2026-04-18 12:19:15.725] [167440] [HailoRT] [info] [control.cpp:113] [control__parse_identify_results] firmware_version is: 4.23.0
[2026-04-18 12:20:14.597] [167463] [HailoRT] [info] [vdevice_native_stream.cpp:142] [write_impl] Failed write to stream yolov11n/input_layer1 (device: 0001:01:00.0) with status=HAILO_STREAM_ABORT(63)
[2026-04-18 12:20:14.597] [167458] [HailoRT] [info] [vdevice_native_stream.cpp:331] [read_impl] Failed read from stream HAILO_STREAM_ABORT(63) (device: 0001:01:00.0)
[2026-04-18 12:20:14.597] [167461] [HailoRT] [info] [vdevice_native_stream.cpp:331] [read_impl] Failed read from stream HAILO_STREAM_ABORT(63) (device: 0001:01:00.0)
[2026-04-18 12:20:14.597] [167457] [HailoRT] [info] [vdevice_native_stream.cpp:331] [read_impl] Failed read from stream HAILO_STREAM_ABORT(63) (device: 0001:01:00.0)
[2026-04-18 12:20:14.597] [167462] [HailoRT] [info] [vdevice_native_stream.cpp:331] [read_impl] Failed read from stream HAILO_STREAM_ABORT(63) (device: 0001:01:00.0)
[2026-04-18 12:20:14.597] [167459] [HailoRT] [info] [vdevice_native_stream.cpp:331] [read_impl] Failed read from stream HAILO_STREAM_ABORT(63) (device: 0001:01:00.0)
[2026-04-18 12:20:14.597] [167460] [HailoRT] [info] [vdevice_native_stream.cpp:331] [read_impl] Failed read from stream HAILO_STREAM_ABORT(63) (device: 0001:01:00.0)
[2026-04-18 12:20:14.607] [167448] [HailoRT] [info] [core_op.cpp:186] [deactivate] Deactivating took 0.007278 ms
[2026-04-18 12:20:14.607] [167448] [HailoRT] [info] [core_op.cpp:186] [deactivate] Deactivating took 0.026741 ms
[2026-04-18 12:20:14.658] [167448] [HailoRT] [info] [vdevice.cpp:535] [create] Creating vdevice with params: device_count: 1, scheduling_algorithm: NONE, multi_process_service: false
[2026-04-18 12:20:14.658] [167448] [HailoRT] [info] [device.cpp:51] [Device] OS Version: Linux 6.12.75+rpt-rpi-2712 #1 SMP PREEMPT Debian 1:6.12.75-1+rpt1 (2026-03-11) aarch64
[2026-04-18 12:20:14.658] [167448] [HailoRT] [info] [control.cpp:113] [control__parse_identify_results] firmware_version is: 4.23.0
[2026-04-18 12:20:14.658] [167448] [HailoRT] [info] [vdevice.cpp:682] [create] VDevice Infos: 0001:01:00.0
[2026-04-18 12:20:14.664] [167448] [HailoRT] [warning] [buffer_requirements.cpp:131] [get_buffer_requirements_multiple_transfers] Desc page size value (1024) is not optimal for performance.
[2026-04-18 12:20:14.677] [167448] [HailoRT] [info] [internal_buffer_manager.cpp:77] [print_execution_results] Planned internal buffer memory: CMA=0 CMA-Desc=1310720 Pinned=52995072. memory to edge layer usage factor is 1
[2026-04-18 12:20:14.677] [167448] [HailoRT] [info] [internal_buffer_manager.cpp:86] [print_execution_results] Default Internal buffer planner executed successfully
[2026-04-18 12:20:14.784] [167448] [HailoRT] [info] [device_internal.cpp:57] [configure] Configuring HEF took 125.654287 milliseconds
[2026-04-18 12:20:14.784] [167448] [HailoRT] [info] [vdevice.cpp:780] [configure] Configuring HEF on VDevice took 126.026195 milliseconds
[2026-04-18 12:20:14.785] [167448] [HailoRT] [info] [control.cpp:113] [control__parse_identify_results] firmware_version is: 4.23.0
[2026-04-18 12:20:14.785] [167448] [HailoRT] [info] [control.cpp:113] [control__parse_identify_results] firmware_version is: 4.23.0
[2026-04-18 12:20:14.819] [167448] [HailoRT] [info] [core_op.cpp:156] [activate] Activating yolov11n took 34.072321 milliseconds. Note that the function is asynchronous and thus the network is not fully activated yet.
[2026-04-18 12:20:14.819] [167448] [HailoRT] [info] [core_op.cpp:156] [activate] Activating yolov11n took 34.095969 milliseconds. Note that the function is asynchronous and thus the network is not fully activated yet.
[2026-04-18 12:20:14.833] [167448] [HailoRT] [info] [control.cpp:113] [control__parse_identify_results] firmware_version is: 4.23.0
[2026-04-18 12:20:14.834] [167448] [HailoRT] [info] [control.cpp:113] [control__parse_identify_results] firmware_version is: 4.23.0
[2026-04-18 12:20:14.834] [167448] [HailoRT] [info] [edge_elements.cpp:52] [create] Created (HwWriteEl8yolov11n/input_layer1 | hw_frame_size: 1228800)
[2026-04-18 12:20:14.834] [167448] [HailoRT] [info] [queue_elements.cpp:284] [create] Created (PushQEl8yolov11n/input_layer1 | timeout: 10s)
[2026-04-18 12:20:14.834] [167448] [HailoRT] [info] [filter_elements.cpp:101] [create] Created (PreInferEl8yolov11n/input_layer1 | Reorder - src_order: NHWC, src_shape: (640, 640, 3), dst_order: NHCW, dst_shape: (640, 640, 3))
[2026-04-18 12:20:14.834] [167448] [HailoRT] [info] [vstream.cpp:754] [InputVStreamImpl] Creating yolov11n/input_layer1...
[2026-04-18 12:20:14.834] [167448] [HailoRT] [info] [vstream_builder.cpp:102] [create_inputs] Input pipeline 'yolov11n/input_layer1': (PreInferEl8yolov11n/input_layer1 | Reorder - src_order: NHWC, src_shape: (640, 640, 3), dst_order: NHCW, dst_shape: (640, 640, 3)) >> (PushQEl8yolov11n/input_layer1 | timeout: 10s) >> (HwWriteEl8yolov11n/input_layer1 | hw_frame_size: 1228800) >> HW
[2026-04-18 12:20:14.834] [167448] [HailoRT] [info] [multi_io_elements.cpp:135] [create] Created (NmsPPMuxEl0YOLOV8-Post-Process | Op YOLOV8, Name: YOLOV8-Post-Process, Score threshold: 0.200, IoU threshold: 0.70, Classes: 80, Max bboxes per class: 100, Image height: 640, Image width: 640)
[2026-04-18 12:20:14.834] [167448] [HailoRT] [info] [edge_elements.cpp:287] [create] Created (HwReadEl3yolov11n/conv51_143 | hw_frame_size: 409600)
[2026-04-18 12:20:14.834] [167448] [HailoRT] [info] [queue_elements.cpp:657] [create] Created (PullQEl_nms3yolov11n/conv51_143 | timeout: 10s)
[2026-04-18 12:20:14.834] [167448] [HailoRT] [info] [edge_elements.cpp:287] [create] Created (HwReadEl12yolov11n/conv54_143 | hw_frame_size: 512000)
[2026-04-18 12:20:14.834] [167448] [HailoRT] [info] [queue_elements.cpp:657] [create] Created (PullQEl_nms12yolov11n/conv54_143 | timeout: 10s)
[2026-04-18 12:20:14.834] [167448] [HailoRT] [info] [edge_elements.cpp:287] [create] Created (HwReadEl15yolov11n/conv62_143 | hw_frame_size: 102400)
[2026-04-18 12:20:14.834] [167448] [HailoRT] [info] [queue_elements.cpp:657] [create] Created (PullQEl_nms15yolov11n/conv62_143 | timeout: 10s)
[2026-04-18 12:20:14.834] [167448] [HailoRT] [info] [edge_elements.cpp:287] [create] Created (HwReadEl13yolov11n/conv65_143 | hw_frame_size: 128000)
[2026-04-18 12:20:14.834] [167448] [HailoRT] [info] [queue_elements.cpp:657] [create] Created (PullQEl_nms13yolov11n/conv65_143 | timeout: 10s)
[2026-04-18 12:20:14.834] [167448] [HailoRT] [info] [edge_elements.cpp:287] [create] Created (HwReadEl1yolov11n/conv77_143 | hw_frame_size: 30720)
[2026-04-18 12:20:14.835] [167448] [HailoRT] [info] [queue_elements.cpp:657] [create] Created (PullQEl_nms1yolov11n/conv77_143 | timeout: 10s)
[2026-04-18 12:20:14.835] [167448] [HailoRT] [info] [edge_elements.cpp:287] [create] Created (HwReadEl0yolov11n/conv80_143 | hw_frame_size: 38400)
[2026-04-18 12:20:14.835] [167448] [HailoRT] [info] [queue_elements.cpp:657] [create] Created (PullQEl_nms0yolov11n/conv80_143 | timeout: 10s)
[2026-04-18 12:20:14.835] [167448] [HailoRT] [info] [queue_elements.cpp:800] [create] Created (UserBufQEl_post_infer0yolov11n/yolov8_nms_postprocess | timeout: 10s)
[2026-04-18 12:20:14.835] [167448] [HailoRT] [info] [vstream.cpp:1114] [OutputVStreamImpl] Creating yolov11n/yolov8_nms_postprocess...
[2026-04-18 12:20:14.835] [167448] [HailoRT] [info] [vstream_builder.cpp:622] [create_output_post_process_nms] Output pipeline 'yolov11n/yolov8_nms_postprocess': HW >> (HwReadEl3yolov11n/conv51_143 | hw_frame_size: 409600) >> (PullQEl_nms3yolov11n/conv51_143) >> (HwReadEl12yolov11n/conv54_143 | hw_frame_size: 512000) >> (PullQEl_nms12yolov11n/conv54_143) >> (HwReadEl15yolov11n/conv62_143 | hw_frame_size: 102400) >> (PullQEl_nms15yolov11n/conv62_143) >> (HwReadEl13yolov11n/conv65_143 | hw_frame_size: 128000) >> (PullQEl_nms13yolov11n/conv65_143) >> (HwReadEl1yolov11n/conv77_143 | hw_frame_size: 30720) >> (PullQEl_nms1yolov11n/conv77_143) >> (HwReadEl0yolov11n/conv80_143 | hw_frame_size: 38400) >> (PullQEl_nms0yolov11n/conv80_143) >> (NmsPPMuxEl0YOLOV8-Post-Process | Op YOLOV8, Name: YOLOV8-Post-Process, Score threshold: 0.200, IoU threshold: 0.70, Classes: 80, Max bboxes per class: 100, Image height: 640, Image width: 640) >> (UserBufQEl_post_infer0yolov11n/yolov8_nms_postprocess | timeout: 10s)
[2026-04-18 12:21:14.835] [167940] [HailoRT] [info] [vdevice_native_stream.cpp:331] [read_impl] Failed read from stream HAILO_STREAM_ABORT(63) (device: 0001:01:00.0)
[2026-04-18 12:21:14.835] [167943] [HailoRT] [info] [vdevice_native_stream.cpp:331] [read_impl] Failed read from stream HAILO_STREAM_ABORT(63) (device: 0001:01:00.0)
[2026-04-18 12:21:14.835] [167943] [HailoRT] [info] [edge_elements.cpp:396] [run_pull] Reading from stream was aborted!
[2026-04-18 12:21:14.835] [167944] [HailoRT] [info] [vdevice_native_stream.cpp:331] [read_impl] Failed read from stream HAILO_STREAM_ABORT(63) (device: 0001:01:00.0)
[2026-04-18 12:21:14.835] [167944] [HailoRT] [info] [edge_elements.cpp:396] [run_pull] Reading from stream was aborted!
[2026-04-18 12:21:14.835] [167939] [HailoRT] [info] [vdevice_native_stream.cpp:142] [write_impl] Failed write to stream yolov11n/input_layer1 (device: 0001:01:00.0) with status=HAILO_STREAM_ABORT(63)
[2026-04-18 12:21:14.835] [167944] [HailoRT] [info] [queue_elements.cpp:738] [run_in_thread] run_pull of queue element PullQEl_nms1yolov11n/conv77_143 was aborted!
[2026-04-18 12:21:14.835] [167941] [HailoRT] [info] [vdevice_native_stream.cpp:331] [read_impl] Failed read from stream HAILO_STREAM_ABORT(63) (device: 0001:01:00.0)
[2026-04-18 12:21:14.835] [167939] [HailoRT] [info] [edge_elements.cpp:87] [run_push] Failed to send on input stream InputStream(index=8, name=yolov11n/input_layer1) because stream was aborted
[2026-04-18 12:21:14.835] [167941] [HailoRT] [info] [edge_elements.cpp:396] [run_pull] Reading from stream was aborted!
[2026-04-18 12:21:14.835] [167939] [HailoRT] [info] [queue_elements.cpp:401] [run_in_thread] run_push of PushQEl8yolov11n/input_layer1 was aborted!
[2026-04-18 12:21:14.835] [167945] [HailoRT] [info] [vdevice_native_stream.cpp:331] [read_impl] Failed read from stream HAILO_STREAM_ABORT(63) (device: 0001:01:00.0)
[2026-04-18 12:21:14.835] [167941] [HailoRT] [info] [queue_elements.cpp:738] [run_in_thread] run_pull of queue element PullQEl_nms12yolov11n/conv54_143 was aborted!
[2026-04-18 12:21:14.835] [167945] [HailoRT] [info] [edge_elements.cpp:396] [run_pull] Reading from stream was aborted!
[2026-04-18 12:21:14.835] [167943] [HailoRT] [info] [queue_elements.cpp:738] [run_in_thread] run_pull of queue element PullQEl_nms13yolov11n/conv65_143 was aborted!
[2026-04-18 12:21:14.835] [167945] [HailoRT] [info] [queue_elements.cpp:738] [run_in_thread] run_pull of queue element PullQEl_nms0yolov11n/conv80_143 was aborted!
[2026-04-18 12:21:14.835] [167940] [HailoRT] [info] [edge_elements.cpp:396] [run_pull] Reading from stream was aborted!
[2026-04-18 12:21:14.835] [167940] [HailoRT] [info] [queue_elements.cpp:738] [run_in_thread] run_pull of queue element PullQEl_nms3yolov11n/conv51_143 was aborted!
[2026-04-18 12:21:14.835] [167949] [HailoRT] [info] [queue_elements.cpp:706] [run_pull] Shutdown event was signaled in dequeue of queue element PullQEl_nms3yolov11n/conv51_143!
[2026-04-18 12:21:14.835] [167949] [HailoRT] [info] [vstream.cpp:1138] [read] Receiving to VStream was shutdown!
[2026-04-18 12:21:14.836] [167950] [HailoRT] [info] [queue_elements.cpp:319] [run_push] run_push of PushQEl8yolov11n/input_layer1 was aborted!
[2026-04-18 12:21:14.836] [167950] [HailoRT] [info] [filter_elements.cpp:35] [run_push] run_push of PreInferEl8yolov11n/input_layer1 was aborted!
[2026-04-18 12:21:14.836] [167950] [HailoRT] [info] [vstream.cpp:778] [write] Sending to VStream was aborted!
[2026-04-18 12:21:14.836] [167942] [HailoRT] [info] [vdevice_native_stream.cpp:331] [read_impl] Failed read from stream HAILO_STREAM_ABORT(63) (device: 0001:01:00.0)
[2026-04-18 12:21:14.836] [167942] [HailoRT] [info] [edge_elements.cpp:396] [run_pull] Reading from stream was aborted!
[2026-04-18 12:21:14.836] [167942] [HailoRT] [info] [queue_elements.cpp:738] [run_in_thread] run_pull of queue element PullQEl_nms15yolov11n/conv62_143 was aborted!
[2026-04-18 12:21:14.845] [167448] [HailoRT] [info] [queue_elements.cpp:360] [execute_deactivate] enqueue() in element PushQEl8yolov11n/input_layer1 was aborted, got status = HAILO_SHUTDOWN_EVENT_SIGNALED(57)
[2026-04-18 12:21:14.845] [167939] [HailoRT] [info] [queue_elements.cpp:68] [operator()] Thread in element PushQEl8yolov11n/input_layer1 is not running anymore, exiting..
[2026-04-18 12:21:14.845] [167448] [HailoRT] [info] [queue_elements.cpp:46] [~BaseQueueElement] Queue element PushQEl8yolov11n/input_layer1 has 0 frames in his Queue on destruction
[2026-04-18 12:21:14.845] [167946] [HailoRT] [info] [queue_elements.cpp:68] [operator()] Thread in element UserBufQEl_post_infer0yolov11n/yolov8_nms_postprocess is not running anymore, exiting..
[2026-04-18 12:21:14.845] [167448] [HailoRT] [info] [queue_elements.cpp:46] [~BaseQueueElement] Queue element UserBufQEl_post_infer0yolov11n/yolov8_nms_postprocess has 0 frames in his Queue on destruction
[2026-04-18 12:21:14.845] [167945] [HailoRT] [info] [queue_elements.cpp:68] [operator()] Thread in element PullQEl_nms0yolov11n/conv80_143 is not running anymore, exiting..
[2026-04-18 12:21:14.845] [167448] [HailoRT] [info] [queue_elements.cpp:46] [~BaseQueueElement] Queue element PullQEl_nms0yolov11n/conv80_143 has 0 frames in his Queue on destruction
[2026-04-18 12:21:14.845] [167944] [HailoRT] [info] [queue_elements.cpp:68] [operator()] Thread in element PullQEl_nms1yolov11n/conv77_143 is not running anymore, exiting..
[2026-04-18 12:21:14.845] [167448] [HailoRT] [info] [queue_elements.cpp:46] [~BaseQueueElement] Queue element PullQEl_nms1yolov11n/conv77_143 has 0 frames in his Queue on destruction
[2026-04-18 12:21:14.845] [167943] [HailoRT] [info] [queue_elements.cpp:68] [operator()] Thread in element PullQEl_nms13yolov11n/conv65_143 is not running anymore, exiting..
[2026-04-18 12:21:14.845] [167448] [HailoRT] [info] [queue_elements.cpp:46] [~BaseQueueElement] Queue element PullQEl_nms13yolov11n/conv65_143 has 0 frames in his Queue on destruction
[2026-04-18 12:21:14.845] [167942] [HailoRT] [info] [queue_elements.cpp:68] [operator()] Thread in element PullQEl_nms15yolov11n/conv62_143 is not running anymore, exiting..
[2026-04-18 12:21:14.846] [167448] [HailoRT] [info] [queue_elements.cpp:46] [~BaseQueueElement] Queue element PullQEl_nms15yolov11n/conv62_143 has 0 frames in his Queue on destruction
[2026-04-18 12:21:14.846] [167941] [HailoRT] [info] [queue_elements.cpp:68] [operator()] Thread in element PullQEl_nms12yolov11n/conv54_143 is not running anymore, exiting..
[2026-04-18 12:21:14.846] [167448] [HailoRT] [info] [queue_elements.cpp:46] [~BaseQueueElement] Queue element PullQEl_nms12yolov11n/conv54_143 has 0 frames in his Queue on destruction
[2026-04-18 12:21:14.846] [167940] [HailoRT] [info] [queue_elements.cpp:68] [operator()] Thread in element PullQEl_nms3yolov11n/conv51_143 is not running anymore, exiting..
[2026-04-18 12:21:14.846] [167448] [HailoRT] [info] [queue_elements.cpp:46] [~BaseQueueElement] Queue element PullQEl_nms3yolov11n/conv51_143 has 0 frames in his Queue on destruction
[2026-04-18 12:21:14.846] [167448] [HailoRT] [info] [core_op.cpp:186] [deactivate] Deactivating took 0.006481 ms
[2026-04-18 12:21:14.846] [167448] [HailoRT] [info] [core_op.cpp:186] [deactivate] Deactivating took 0.015593 ms
[2026-04-18 12:21:14.893] [167448] [HailoRT] [info] [vdevice.cpp:535] [create] Creating vdevice with params: device_count: 1, scheduling_algorithm: NONE, multi_process_service: false
[2026-04-18 12:21:14.893] [167448] [HailoRT] [info] [device.cpp:51] [Device] OS Version: Linux 6.12.75+rpt-rpi-2712 #1 SMP PREEMPT Debian 1:6.12.75-1+rpt1 (2026-03-11) aarch64
[2026-04-18 12:21:14.894] [167448] [HailoRT] [info] [control.cpp:113] [control__parse_identify_results] firmware_version is: 4.23.0
[2026-04-18 12:21:14.894] [167448] [HailoRT] [info] [vdevice.cpp:682] [create] VDevice Infos: 0001:01:00.0
[2026-04-18 12:21:14.900] [167448] [HailoRT] [warning] [buffer_requirements.cpp:131] [get_buffer_requirements_multiple_transfers] Desc page size value (1024) is not optimal for performance.
[2026-04-18 12:21:14.919] [167448] [HailoRT] [info] [internal_buffer_manager.cpp:77] [print_execution_results] Planned internal buffer memory: CMA=0 CMA-Desc=1310720 Pinned=52995072. memory to edge layer usage factor is 1
[2026-04-18 12:21:14.919] [167448] [HailoRT] [info] [internal_buffer_manager.cpp:86] [print_execution_results] Default Internal buffer planner executed successfully
[2026-04-18 12:21:15.020] [167448] [HailoRT] [info] [device_internal.cpp:57] [configure] Configuring HEF took 126.071698 milliseconds
[2026-04-18 12:21:15.020] [167448] [HailoRT] [info] [vdevice.cpp:780] [configure] Configuring HEF on VDevice took 126.496032 milliseconds
[2026-04-18 12:21:15.020] [167448] [HailoRT] [info] [control.cpp:113] [control__parse_identify_results] firmware_version is: 4.23.0
[2026-04-18 12:21:15.021] [167448] [HailoRT] [info] [control.cpp:113] [control__parse_identify_results] firmware_version is: 4.23.0
[2026-04-18 12:21:15.050] [167448] [HailoRT] [info] [core_op.cpp:156] [activate] Activating yolov11n took 29.181751 milliseconds. Note that the function is asynchronous and thus the network is not fully activated yet.
[2026-04-18 12:21:15.050] [167448] [HailoRT] [info] [core_op.cpp:156] [activate] Activating yolov11n took 29.206158 milliseconds. Note that the function is asynchronous and thus the network is not fully activated yet.
[2026-04-18 12:21:15.064] [167448] [HailoRT] [info] [control.cpp:113] [control__parse_identify_results] firmware_version is: 4.23.0
[2026-04-18 12:21:15.064] [167448] [HailoRT] [info] [control.cpp:113] [control__parse_identify_results] firmware_version is: 4.23.0
[2026-04-18 12:21:15.064] [167448] [HailoRT] [info] [edge_elements.cpp:52] [create] Created (HwWriteEl8yolov11n/input_layer1 | hw_frame_size: 1228800)
[2026-04-18 12:21:15.065] [167448] [HailoRT] [info] [queue_elements.cpp:284] [create] Created (PushQEl8yolov11n/input_layer1 | timeout: 10s)
[2026-04-18 12:21:15.065] [167448] [HailoRT] [info] [filter_elements.cpp:101] [create] Created (PreInferEl8yolov11n/input_layer1 | Reorder - src_order: NHWC, src_shape: (640, 640, 3), dst_order: NHCW, dst_shape: (640, 640, 3))
[2026-04-18 12:21:15.065] [167448] [HailoRT] [info] [vstream.cpp:754] [InputVStreamImpl] Creating yolov11n/input_layer1...
[2026-04-18 12:21:15.065] [167448] [HailoRT] [info] [vstream_builder.cpp:102] [create_inputs] Input pipeline 'yolov11n/input_layer1': (PreInferEl8yolov11n/input_layer1 | Reorder - src_order: NHWC, src_shape: (640, 640, 3), dst_order: NHCW, dst_shape: (640, 640, 3)) >> (PushQEl8yolov11n/input_layer1 | timeout: 10s) >> (HwWriteEl8yolov11n/input_layer1 | hw_frame_size: 1228800) >> HW
[2026-04-18 12:21:15.065] [167448] [HailoRT] [info] [multi_io_elements.cpp:135] [create] Created (NmsPPMuxEl0YOLOV8-Post-Process | Op YOLOV8, Name: YOLOV8-Post-Process, Score threshold: 0.200, IoU threshold: 0.70, Classes: 80, Max bboxes per class: 100, Image height: 640, Image width: 640)
[2026-04-18 12:21:15.065] [167448] [HailoRT] [info] [edge_elements.cpp:287] [create] Created (HwReadEl3yolov11n/conv51_143 | hw_frame_size: 409600)
[2026-04-18 12:21:15.065] [167448] [HailoRT] [info] [queue_elements.cpp:657] [create] Created (PullQEl_nms3yolov11n/conv51_143 | timeout: 10s)
[2026-04-18 12:21:15.065] [167448] [HailoRT] [info] [edge_elements.cpp:287] [create] Created (HwReadEl12yolov11n/conv54_143 | hw_frame_size: 512000)
[2026-04-18 12:21:15.065] [167448] [HailoRT] [info] [queue_elements.cpp:657] [create] Created (PullQEl_nms12yolov11n/conv54_143 | timeout: 10s)
[2026-04-18 12:21:15.065] [167448] [HailoRT] [info] [edge_elements.cpp:287] [create] Created (HwReadEl15yolov11n/conv62_143 | hw_frame_size: 102400)
[2026-04-18 12:21:15.065] [167448] [HailoRT] [info] [queue_elements.cpp:657] [create] Created (PullQEl_nms15yolov11n/conv62_143 | timeout: 10s)
[2026-04-18 12:21:15.065] [167448] [HailoRT] [info] [edge_elements.cpp:287] [create] Created (HwReadEl13yolov11n/conv65_143 | hw_frame_size: 128000)
[2026-04-18 12:21:15.065] [167448] [HailoRT] [info] [queue_elements.cpp:657] [create] Created (PullQEl_nms13yolov11n/conv65_143 | timeout: 10s)
[2026-04-18 12:21:15.065] [167448] [HailoRT] [info] [edge_elements.cpp:287] [create] Created (HwReadEl1yolov11n/conv77_143 | hw_frame_size: 30720)
[2026-04-18 12:21:15.065] [167448] [HailoRT] [info] [queue_elements.cpp:657] [create] Created (PullQEl_nms1yolov11n/conv77_143 | timeout: 10s)
[2026-04-18 12:21:15.065] [167448] [HailoRT] [info] [edge_elements.cpp:287] [create] Created (HwReadEl0yolov11n/conv80_143 | hw_frame_size: 38400)
[2026-04-18 12:21:15.065] [167448] [HailoRT] [info] [queue_elements.cpp:657] [create] Created (PullQEl_nms0yolov11n/conv80_143 | timeout: 10s)
[2026-04-18 12:21:15.065] [167448] [HailoRT] [info] [queue_elements.cpp:800] [create] Created (UserBufQEl_post_infer0yolov11n/yolov8_nms_postprocess | timeout: 10s)
[2026-04-18 12:21:15.065] [167448] [HailoRT] [info] [vstream.cpp:1114] [OutputVStreamImpl] Creating yolov11n/yolov8_nms_postprocess...
[2026-04-18 12:21:15.065] [167448] [HailoRT] [info] [vstream_builder.cpp:622] [create_output_post_process_nms] Output pipeline 'yolov11n/yolov8_nms_postprocess': HW >> (HwReadEl3yolov11n/conv51_143 | hw_frame_size: 409600) >> (PullQEl_nms3yolov11n/conv51_143) >> (HwReadEl12yolov11n/conv54_143 | hw_frame_size: 512000) >> (PullQEl_nms12yolov11n/conv54_143) >> (HwReadEl15yolov11n/conv62_143 | hw_frame_size: 102400) >> (PullQEl_nms15yolov11n/conv62_143) >> (HwReadEl13yolov11n/conv65_143 | hw_frame_size: 128000) >> (PullQEl_nms13yolov11n/conv65_143) >> (HwReadEl1yolov11n/conv77_143 | hw_frame_size: 30720) >> (PullQEl_nms1yolov11n/conv77_143) >> (HwReadEl0yolov11n/conv80_143 | hw_frame_size: 38400) >> (PullQEl_nms0yolov11n/conv80_143) >> (NmsPPMuxEl0YOLOV8-Post-Process | Op YOLOV8, Name: YOLOV8-Post-Process, Score threshold: 0.200, IoU threshold: 0.70, Classes: 80, Max bboxes per class: 100, Image height: 640, Image width: 640) >> (UserBufQEl_post_infer0yolov11n/yolov8_nms_postprocess | timeout: 10s)
[2026-04-18 12:22:15.066] [168447] [HailoRT] [info] [vdevice_native_stream.cpp:331] [read_impl] Failed read from stream HAILO_STREAM_ABORT(63) (device: 0001:01:00.0)
[2026-04-18 12:22:15.066] [168447] [HailoRT] [info] [edge_elements.cpp:396] [run_pull] Reading from stream was aborted!
[2026-04-18 12:22:15.066] [168444] [HailoRT] [info] [vdevice_native_stream.cpp:331] [read_impl] Failed read from stream HAILO_STREAM_ABORT(63) (device: 0001:01:00.0)
[2026-04-18 12:22:15.066] [168447] [HailoRT] [info] [queue_elements.cpp:738] [run_in_thread] run_pull of queue element PullQEl_nms1yolov11n/conv77_143 was aborted!
[2026-04-18 12:22:15.066] [168443] [HailoRT] [info] [vdevice_native_stream.cpp:331] [read_impl] Failed read from stream HAILO_STREAM_ABORT(63) (device: 0001:01:00.0)
[2026-04-18 12:22:15.066] [168443] [HailoRT] [info] [edge_elements.cpp:396] [run_pull] Reading from stream was aborted!
[2026-04-18 12:22:15.066] [168445] [HailoRT] [info] [vdevice_native_stream.cpp:331] [read_impl] Failed read from stream HAILO_STREAM_ABORT(63) (device: 0001:01:00.0)
[2026-04-18 12:22:15.066] [168445] [HailoRT] [info] [edge_elements.cpp:396] [run_pull] Reading from stream was aborted!
[2026-04-18 12:22:15.066] [168448] [HailoRT] [info] [vdevice_native_stream.cpp:331] [read_impl] Failed read from stream HAILO_STREAM_ABORT(63) (device: 0001:01:00.0)
[2026-04-18 12:22:15.066] [168448] [HailoRT] [info] [edge_elements.cpp:396] [run_pull] Reading from stream was aborted!
[2026-04-18 12:22:15.066] [168443] [HailoRT] [info] [queue_elements.cpp:738] [run_in_thread] run_pull of queue element PullQEl_nms3yolov11n/conv51_143 was aborted!
[2026-04-18 12:22:15.066] [168445] [HailoRT] [info] [queue_elements.cpp:738] [run_in_thread] run_pull of queue element PullQEl_nms15yolov11n/conv62_143 was aborted!
[2026-04-18 12:22:15.066] [168448] [HailoRT] [info] [queue_elements.cpp:738] [run_in_thread] run_pull of queue element PullQEl_nms0yolov11n/conv80_143 was aborted!
[2026-04-18 12:22:15.066] [168444] [HailoRT] [info] [edge_elements.cpp:396] [run_pull] Reading from stream was aborted!
[2026-04-18 12:22:15.066] [168444] [HailoRT] [info] [queue_elements.cpp:738] [run_in_thread] run_pull of queue element PullQEl_nms12yolov11n/conv54_143 was aborted!
[2026-04-18 12:22:15.066] [168446] [HailoRT] [info] [vdevice_native_stream.cpp:331] [read_impl] Failed read from stream HAILO_STREAM_ABORT(63) (device: 0001:01:00.0)
[2026-04-18 12:22:15.066] [168446] [HailoRT] [info] [edge_elements.cpp:396] [run_pull] Reading from stream was aborted!
[2026-04-18 12:22:15.066] [168446] [HailoRT] [info] [queue_elements.cpp:738] [run_in_thread] run_pull of queue element PullQEl_nms13yolov11n/conv65_143 was aborted!
[2026-04-18 12:22:15.067] [168452] [HailoRT] [info] [queue_elements.cpp:706] [run_pull] Shutdown event was signaled in dequeue of queue element PullQEl_nms3yolov11n/conv51_143!
[2026-04-18 12:22:15.067] [168452] [HailoRT] [info] [vstream.cpp:1138] [read] Receiving to VStream was shutdown!
[2026-04-18 12:22:15.068] [168442] [HailoRT] [info] [vdevice_native_stream.cpp:142] [write_impl] Failed write to stream yolov11n/input_layer1 (device: 0001:01:00.0) with status=HAILO_STREAM_ABORT(63)
[2026-04-18 12:22:15.068] [168442] [HailoRT] [info] [edge_elements.cpp:87] [run_push] Failed to send on input stream InputStream(index=8, name=yolov11n/input_layer1) because stream was aborted
[2026-04-18 12:22:15.068] [168442] [HailoRT] [info] [queue_elements.cpp:401] [run_in_thread] run_push of PushQEl8yolov11n/input_layer1 was aborted!
[2026-04-18 12:22:15.069] [168453] [HailoRT] [info] [queue_elements.cpp:319] [run_push] run_push of PushQEl8yolov11n/input_layer1 was aborted!
[2026-04-18 12:22:15.069] [168453] [HailoRT] [info] [filter_elements.cpp:35] [run_push] run_push of PreInferEl8yolov11n/input_layer1 was aborted!
[2026-04-18 12:22:15.069] [168453] [HailoRT] [info] [vstream.cpp:778] [write] Sending to VStream was aborted!
[2026-04-18 12:22:15.075] [167448] [HailoRT] [info] [queue_elements.cpp:360] [execute_deactivate] enqueue() in element PushQEl8yolov11n/input_layer1 was aborted, got status = HAILO_SHUTDOWN_EVENT_SIGNALED(57)
[2026-04-18 12:22:15.075] [168442] [HailoRT] [info] [queue_elements.cpp:68] [operator()] Thread in element PushQEl8yolov11n/input_layer1 is not running anymore, exiting..
[2026-04-18 12:22:15.076] [167448] [HailoRT] [info] [queue_elements.cpp:46] [~BaseQueueElement] Queue element PushQEl8yolov11n/input_layer1 has 0 frames in his Queue on destruction
[2026-04-18 12:22:15.076] [168449] [HailoRT] [info] [queue_elements.cpp:68] [operator()] Thread in element UserBufQEl_post_infer0yolov11n/yolov8_nms_postprocess is not running anymore, exiting..
[2026-04-18 12:22:15.076] [167448] [HailoRT] [info] [queue_elements.cpp:46] [~BaseQueueElement] Queue element UserBufQEl_post_infer0yolov11n/yolov8_nms_postprocess has 0 frames in his Queue on destruction
[2026-04-18 12:22:15.076] [168448] [HailoRT] [info] [queue_elements.cpp:68] [operator()] Thread in element PullQEl_nms0yolov11n/conv80_143 is not running anymore, exiting..
[2026-04-18 12:22:15.076] [167448] [HailoRT] [info] [queue_elements.cpp:46] [~BaseQueueElement] Queue element PullQEl_nms0yolov11n/conv80_143 has 0 frames in his Queue on destruction
[2026-04-18 12:22:15.076] [168447] [HailoRT] [info] [queue_elements.cpp:68] [operator()] Thread in element PullQEl_nms1yolov11n/conv77_143 is not running anymore, exiting..
[2026-04-18 12:22:15.076] [167448] [HailoRT] [info] [queue_elements.cpp:46] [~BaseQueueElement] Queue element PullQEl_nms1yolov11n/conv77_143 has 0 frames in his Queue on destruction
[2026-04-18 12:22:15.076] [168446] [HailoRT] [info] [queue_elements.cpp:68] [operator()] Thread in element PullQEl_nms13yolov11n/conv65_143 is not running anymore, exiting..
[2026-04-18 12:22:15.076] [167448] [HailoRT] [info] [queue_elements.cpp:46] [~BaseQueueElement] Queue element PullQEl_nms13yolov11n/conv65_143 has 0 frames in his Queue on destruction
[2026-04-18 12:22:15.076] [168445] [HailoRT] [info] [queue_elements.cpp:68] [operator()] Thread in element PullQEl_nms15yolov11n/conv62_143 is not running anymore, exiting..
[2026-04-18 12:22:15.076] [167448] [HailoRT] [info] [queue_elements.cpp:46] [~BaseQueueElement] Queue element PullQEl_nms15yolov11n/conv62_143 has 0 frames in his Queue on destruction
[2026-04-18 12:22:15.076] [168444] [HailoRT] [info] [queue_elements.cpp:68] [operator()] Thread in element PullQEl_nms12yolov11n/conv54_143 is not running anymore, exiting..
[2026-04-18 12:22:15.076] [167448] [HailoRT] [info] [queue_elements.cpp:46] [~BaseQueueElement] Queue element PullQEl_nms12yolov11n/conv54_143 has 0 frames in his Queue on destruction
[2026-04-18 12:22:15.076] [168443] [HailoRT] [info] [queue_elements.cpp:68] [operator()] Thread in element PullQEl_nms3yolov11n/conv51_143 is not running anymore, exiting..
[2026-04-18 12:22:15.076] [167448] [HailoRT] [info] [queue_elements.cpp:46] [~BaseQueueElement] Queue element PullQEl_nms3yolov11n/conv51_143 has 0 frames in his Queue on destruction
[2026-04-18 12:22:15.077] [167448] [HailoRT] [info] [core_op.cpp:186] [deactivate] Deactivating took 0.007296 ms
[2026-04-18 12:22:15.077] [167448] [HailoRT] [info] [core_op.cpp:186] [deactivate] Deactivating took 0.015926 ms
[2026-04-18 12:22:25.408] [168970] [HailoRT] [info] [vdevice.cpp:535] [create] Creating vdevice with params: device_count: 1, scheduling_algorithm: NONE, multi_process_service: false
[2026-04-18 12:22:25.420] [168970] [HailoRT] [info] [device.cpp:51] [Device] OS Version: Linux 6.12.75+rpt-rpi-2712 #1 SMP PREEMPT Debian 1:6.12.75-1+rpt1 (2026-03-11) aarch64
[2026-04-18 12:22:25.421] [168970] [HailoRT] [info] [control.cpp:113] [control__parse_identify_results] firmware_version is: 4.23.0
[2026-04-18 12:22:25.421] [168970] [HailoRT] [info] [vdevice.cpp:682] [create] VDevice Infos: 0001:01:00.0
[2026-04-18 12:22:25.428] [168970] [HailoRT] [warning] [buffer_requirements.cpp:131] [get_buffer_requirements_multiple_transfers] Desc page size value (1024) is not optimal for performance.
[2026-04-18 12:22:25.447] [168970] [HailoRT] [info] [internal_buffer_manager.cpp:77] [print_execution_results] Planned internal buffer memory: CMA=0 CMA-Desc=1310720 Pinned=54172672. memory to edge layer usage factor is 1
[2026-04-18 12:22:25.447] [168970] [HailoRT] [info] [internal_buffer_manager.cpp:86] [print_execution_results] Default Internal buffer planner executed successfully
[2026-04-18 12:22:25.552] [168970] [HailoRT] [info] [device_internal.cpp:57] [configure] Configuring HEF took 131.252353 milliseconds
[2026-04-18 12:22:25.552] [168970] [HailoRT] [info] [vdevice.cpp:780] [configure] Configuring HEF on VDevice took 131.647316 milliseconds
[2026-04-18 12:22:25.553] [168970] [HailoRT] [info] [control.cpp:113] [control__parse_identify_results] firmware_version is: 4.23.0
[2026-04-18 12:22:25.553] [168970] [HailoRT] [info] [control.cpp:113] [control__parse_identify_results] firmware_version is: 4.23.0
[2026-04-18 12:22:25.587] [168970] [HailoRT] [info] [core_op.cpp:156] [activate] Activating yolov11n took 34.40795 milliseconds. Note that the function is asynchronous and thus the network is not fully activated yet.
[2026-04-18 12:22:25.587] [168970] [HailoRT] [info] [core_op.cpp:156] [activate] Activating yolov11n took 34.458598 milliseconds. Note that the function is asynchronous and thus the network is not fully activated yet.
[2026-04-18 12:22:25.601] [168970] [HailoRT] [info] [control.cpp:113] [control__parse_identify_results] firmware_version is: 4.23.0
[2026-04-18 12:22:25.601] [168970] [HailoRT] [info] [control.cpp:113] [control__parse_identify_results] firmware_version is: 4.23.0
[2026-04-18 12:22:26.703] [168962] [HailoRT] [info] [device.cpp:51] [Device] OS Version: Linux 6.12.75+rpt-rpi-2712 #1 SMP PREEMPT Debian 1:6.12.75-1+rpt1 (2026-03-11) aarch64
[2026-04-18 12:22:26.703] [168962] [HailoRT] [info] [control.cpp:113] [control__parse_identify_results] firmware_version is: 4.23.0
[2026-04-18 12:22:26.704] [168962] [HailoRT] [info] [control.cpp:113] [control__parse_identify_results] firmware_version is: 4.23.0
[2026-04-18 12:23:25.601] [168981] [HailoRT] [info] [vdevice_native_stream.cpp:331] [read_impl] Failed read from stream HAILO_STREAM_ABORT(63) (device: 0001:01:00.0)
[2026-04-18 12:23:25.601] [168983] [HailoRT] [info] [vdevice_native_stream.cpp:331] [read_impl] Failed read from stream HAILO_STREAM_ABORT(63) (device: 0001:01:00.0)
[2026-04-18 12:23:25.601] [168984] [HailoRT] [info] [vdevice_native_stream.cpp:331] [read_impl] Failed read from stream HAILO_STREAM_ABORT(63) (device: 0001:01:00.0)
[2026-04-18 12:23:25.602] [168980] [HailoRT] [info] [vdevice_native_stream.cpp:331] [read_impl] Failed read from stream HAILO_STREAM_ABORT(63) (device: 0001:01:00.0)
[2026-04-18 12:23:25.602] [168982] [HailoRT] [info] [vdevice_native_stream.cpp:331] [read_impl] Failed read from stream HAILO_STREAM_ABORT(63) (device: 0001:01:00.0)
[2026-04-18 12:23:25.602] [168986] [HailoRT] [info] [vdevice_native_stream.cpp:142] [write_impl] Failed write to stream yolov11n/input_layer1 (device: 0001:01:00.0) with status=HAILO_STREAM_ABORT(63)
[2026-04-18 12:23:25.602] [168985] [HailoRT] [info] [vdevice_native_stream.cpp:331] [read_impl] Failed read from stream HAILO_STREAM_ABORT(63) (device: 0001:01:00.0)
[2026-04-18 12:23:25.637] [168970] [HailoRT] [info] [core_op.cpp:186] [deactivate] Deactivating took 0.006926 ms
[2026-04-18 12:23:25.637] [168970] [HailoRT] [info] [core_op.cpp:186] [deactivate] Deactivating took 0.029185 ms
[2026-04-18 12:23:25.689] [168970] [HailoRT] [info] [vdevice.cpp:535] [create] Creating vdevice with params: device_count: 1, scheduling_algorithm: NONE, multi_process_service: false
[2026-04-18 12:23:25.689] [168970] [HailoRT] [info] [device.cpp:51] [Device] OS Version: Linux 6.12.75+rpt-rpi-2712 #1 SMP PREEMPT Debian 1:6.12.75-1+rpt1 (2026-03-11) aarch64
[2026-04-18 12:23:25.689] [168970] [HailoRT] [info] [control.cpp:113] [control__parse_identify_results] firmware_version is: 4.23.0
[2026-04-18 12:23:25.689] [168970] [HailoRT] [info] [vdevice.cpp:682] [create] VDevice Infos: 0001:01:00.0
[2026-04-18 12:23:25.697] [168970] [HailoRT] [warning] [buffer_requirements.cpp:131] [get_buffer_requirements_multiple_transfers] Desc page size value (1024) is not optimal for performance.
[2026-04-18 12:23:25.714] [168970] [HailoRT] [info] [internal_buffer_manager.cpp:77] [print_execution_results] Planned internal buffer memory: CMA=0 CMA-Desc=1310720 Pinned=54172672. memory to edge layer usage factor is 1
[2026-04-18 12:23:25.714] [168970] [HailoRT] [info] [internal_buffer_manager.cpp:86] [print_execution_results] Default Internal buffer planner executed successfully
[2026-04-18 12:23:25.819] [168970] [HailoRT] [info] [device_internal.cpp:57] [configure] Configuring HEF took 128.990862 milliseconds
[2026-04-18 12:23:25.819] [168970] [HailoRT] [info] [vdevice.cpp:780] [configure] Configuring HEF on VDevice took 129.350009 milliseconds
[2026-04-18 12:23:25.819] [168970] [HailoRT] [info] [control.cpp:113] [control__parse_identify_results] firmware_version is: 4.23.0
[2026-04-18 12:23:25.819] [168970] [HailoRT] [info] [control.cpp:113] [control__parse_identify_results] firmware_version is: 4.23.0
[2026-04-18 12:23:25.853] [168970] [HailoRT] [info] [core_op.cpp:156] [activate] Activating yolov11n took 33.971647 milliseconds. Note that the function is asynchronous and thus the network is not fully activated yet.
[2026-04-18 12:23:25.853] [168970] [HailoRT] [info] [core_op.cpp:156] [activate] Activating yolov11n took 33.995239 milliseconds. Note that the function is asynchronous and thus the network is not fully activated yet.
[2026-04-18 12:23:25.866] [168970] [HailoRT] [info] [control.cpp:113] [control__parse_identify_results] firmware_version is: 4.23.0
[2026-04-18 12:23:25.867] [168970] [HailoRT] [info] [control.cpp:113] [control__parse_identify_results] firmware_version is: 4.23.0
[2026-04-18 12:23:25.867] [168970] [HailoRT] [info] [edge_elements.cpp:52] [create] Created (HwWriteEl8yolov11n/input_layer1 | hw_frame_size: 1228800)
[2026-04-18 12:23:25.867] [168970] [HailoRT] [info] [queue_elements.cpp:284] [create] Created (PushQEl8yolov11n/input_layer1 | timeout: 10s)
[2026-04-18 12:23:25.867] [168970] [HailoRT] [info] [filter_elements.cpp:101] [create] Created (PreInferEl8yolov11n/input_layer1 | Reorder - src_order: NHWC, src_shape: (640, 640, 3), dst_order: NHCW, dst_shape: (640, 640, 3))
[2026-04-18 12:23:25.867] [168970] [HailoRT] [info] [vstream.cpp:754] [InputVStreamImpl] Creating yolov11n/input_layer1...
[2026-04-18 12:23:25.867] [168970] [HailoRT] [info] [vstream_builder.cpp:102] [create_inputs] Input pipeline 'yolov11n/input_layer1': (PreInferEl8yolov11n/input_layer1 | Reorder - src_order: NHWC, src_shape: (640, 640, 3), dst_order: NHCW, dst_shape: (640, 640, 3)) >> (PushQEl8yolov11n/input_layer1 | timeout: 10s) >> (HwWriteEl8yolov11n/input_layer1 | hw_frame_size: 1228800) >> HW
[2026-04-18 12:23:25.867] [168970] [HailoRT] [info] [multi_io_elements.cpp:135] [create] Created (NmsPPMuxEl0YOLOV8-Post-Process | Op YOLOV8, Name: YOLOV8-Post-Process, Score threshold: 0.200, IoU threshold: 0.70, Classes: 80, Max bboxes per class: 100, Image height: 640, Image width: 640)
[2026-04-18 12:23:25.867] [168970] [HailoRT] [info] [edge_elements.cpp:287] [create] Created (HwReadEl3yolov11n/conv51_143 | hw_frame_size: 409600)
[2026-04-18 12:23:25.867] [168970] [HailoRT] [info] [queue_elements.cpp:657] [create] Created (PullQEl_nms3yolov11n/conv51_143 | timeout: 10s)
[2026-04-18 12:23:25.867] [168970] [HailoRT] [info] [edge_elements.cpp:287] [create] Created (HwReadEl12yolov11n/conv54_143 | hw_frame_size: 512000)
[2026-04-18 12:23:25.867] [168970] [HailoRT] [info] [queue_elements.cpp:657] [create] Created (PullQEl_nms12yolov11n/conv54_143 | timeout: 10s)
[2026-04-18 12:23:25.867] [168970] [HailoRT] [info] [edge_elements.cpp:287] [create] Created (HwReadEl15yolov11n/conv62_143 | hw_frame_size: 102400)
[2026-04-18 12:23:25.867] [168970] [HailoRT] [info] [queue_elements.cpp:657] [create] Created (PullQEl_nms15yolov11n/conv62_143 | timeout: 10s)
[2026-04-18 12:23:25.867] [168970] [HailoRT] [info] [edge_elements.cpp:287] [create] Created (HwReadEl13yolov11n/conv65_143 | hw_frame_size: 128000)
[2026-04-18 12:23:25.868] [168970] [HailoRT] [info] [queue_elements.cpp:657] [create] Created (PullQEl_nms13yolov11n/conv65_143 | timeout: 10s)
[2026-04-18 12:23:25.868] [168970] [HailoRT] [info] [edge_elements.cpp:287] [create] Created (HwReadEl1yolov11n/conv77_143 | hw_frame_size: 30720)
[2026-04-18 12:23:25.868] [168970] [HailoRT] [info] [queue_elements.cpp:657] [create] Created (PullQEl_nms1yolov11n/conv77_143 | timeout: 10s)
[2026-04-18 12:23:25.868] [168970] [HailoRT] [info] [edge_elements.cpp:287] [create] Created (HwReadEl0yolov11n/conv80_143 | hw_frame_size: 38400)
[2026-04-18 12:23:25.868] [168970] [HailoRT] [info] [queue_elements.cpp:657] [create] Created (PullQEl_nms0yolov11n/conv80_143 | timeout: 10s)
[2026-04-18 12:23:25.868] [168970] [HailoRT] [info] [queue_elements.cpp:800] [create] Created (UserBufQEl_post_infer0yolov11n/yolov8_nms_postprocess | timeout: 10s)
[2026-04-18 12:23:25.868] [168970] [HailoRT] [info] [vstream.cpp:1114] [OutputVStreamImpl] Creating yolov11n/yolov8_nms_postprocess...
[2026-04-18 12:23:25.868] [168970] [HailoRT] [info] [vstream_builder.cpp:622] [create_output_post_process_nms] Output pipeline 'yolov11n/yolov8_nms_postprocess': HW >> (HwReadEl3yolov11n/conv51_143 | hw_frame_size: 409600) >> (PullQEl_nms3yolov11n/conv51_143) >> (HwReadEl12yolov11n/conv54_143 | hw_frame_size: 512000) >> (PullQEl_nms12yolov11n/conv54_143) >> (HwReadEl15yolov11n/conv62_143 | hw_frame_size: 102400) >> (PullQEl_nms15yolov11n/conv62_143) >> (HwReadEl13yolov11n/conv65_143 | hw_frame_size: 128000) >> (PullQEl_nms13yolov11n/conv65_143) >> (HwReadEl1yolov11n/conv77_143 | hw_frame_size: 30720) >> (PullQEl_nms1yolov11n/conv77_143) >> (HwReadEl0yolov11n/conv80_143 | hw_frame_size: 38400) >> (PullQEl_nms0yolov11n/conv80_143) >> (NmsPPMuxEl0YOLOV8-Post-Process | Op YOLOV8, Name: YOLOV8-Post-Process, Score threshold: 0.200, IoU threshold: 0.70, Classes: 80, Max bboxes per class: 100, Image height: 640, Image width: 640) >> (UserBufQEl_post_infer0yolov11n/yolov8_nms_postprocess | timeout: 10s)
[2026-04-18 12:24:25.868] [169461] [HailoRT] [info] [vdevice_native_stream.cpp:142] [write_impl] Failed write to stream yolov11n/input_layer1 (device: 0001:01:00.0) with status=HAILO_STREAM_ABORT(63)
[2026-04-18 12:24:25.868] [169461] [HailoRT] [info] [edge_elements.cpp:87] [run_push] Failed to send on input stream InputStream(index=8, name=yolov11n/input_layer1) because stream was aborted
[2026-04-18 12:24:25.868] [169461] [HailoRT] [info] [queue_elements.cpp:401] [run_in_thread] run_push of PushQEl8yolov11n/input_layer1 was aborted!
[2026-04-18 12:24:25.868] [169472] [HailoRT] [info] [vstream.cpp:774] [write] Sending to VStream was shutdown!
[2026-04-18 12:24:25.868] [169472] [HailoRT] [info] [vstream.cpp:778] [write] Sending to VStream was aborted!
[2026-04-18 12:24:25.869] [169462] [HailoRT] [info] [vdevice_native_stream.cpp:331] [read_impl] Failed read from stream HAILO_STREAM_ABORT(63) (device: 0001:01:00.0)
[2026-04-18 12:24:25.869] [169462] [HailoRT] [info] [edge_elements.cpp:396] [run_pull] Reading from stream was aborted!
[2026-04-18 12:24:25.869] [169464] [HailoRT] [info] [vdevice_native_stream.cpp:331] [read_impl] Failed read from stream HAILO_STREAM_ABORT(63) (device: 0001:01:00.0)
[2026-04-18 12:24:25.869] [169464] [HailoRT] [info] [edge_elements.cpp:396] [run_pull] Reading from stream was aborted!
[2026-04-18 12:24:25.869] [169465] [HailoRT] [info] [vdevice_native_stream.cpp:331] [read_impl] Failed read from stream HAILO_STREAM_ABORT(63) (device: 0001:01:00.0)
[2026-04-18 12:24:25.869] [169465] [HailoRT] [info] [edge_elements.cpp:396] [run_pull] Reading from stream was aborted!
[2026-04-18 12:24:25.869] [169464] [HailoRT] [info] [queue_elements.cpp:738] [run_in_thread] run_pull of queue element PullQEl_nms15yolov11n/conv62_143 was aborted!
[2026-04-18 12:24:25.869] [169465] [HailoRT] [info] [queue_elements.cpp:738] [run_in_thread] run_pull of queue element PullQEl_nms13yolov11n/conv65_143 was aborted!
[2026-04-18 12:24:25.869] [169463] [HailoRT] [info] [vdevice_native_stream.cpp:331] [read_impl] Failed read from stream HAILO_STREAM_ABORT(63) (device: 0001:01:00.0)
[2026-04-18 12:24:25.869] [169463] [HailoRT] [info] [edge_elements.cpp:396] [run_pull] Reading from stream was aborted!
[2026-04-18 12:24:25.869] [169463] [HailoRT] [info] [queue_elements.cpp:738] [run_in_thread] run_pull of queue element PullQEl_nms12yolov11n/conv54_143 was aborted!
[2026-04-18 12:24:25.869] [169471] [HailoRT] [info] [queue_elements.cpp:706] [run_pull] Shutdown event was signaled in dequeue of queue element PullQEl_nms12yolov11n/conv54_143!
[2026-04-18 12:24:25.869] [169471] [HailoRT] [info] [vstream.cpp:1138] [read] Receiving to VStream was shutdown!
[2026-04-18 12:24:25.869] [169462] [HailoRT] [info] [queue_elements.cpp:738] [run_in_thread] run_pull of queue element PullQEl_nms3yolov11n/conv51_143 was aborted!
[2026-04-18 12:24:25.869] [169466] [HailoRT] [info] [vdevice_native_stream.cpp:331] [read_impl] Failed read from stream HAILO_STREAM_ABORT(63) (device: 0001:01:00.0)
[2026-04-18 12:24:25.869] [169466] [HailoRT] [info] [edge_elements.cpp:396] [run_pull] Reading from stream was aborted!
[2026-04-18 12:24:25.869] [169467] [HailoRT] [info] [vdevice_native_stream.cpp:331] [read_impl] Failed read from stream HAILO_STREAM_ABORT(63) (device: 0001:01:00.0)
[2026-04-18 12:24:25.869] [169466] [HailoRT] [info] [queue_elements.cpp:738] [run_in_thread] run_pull of queue element PullQEl_nms1yolov11n/conv77_143 was aborted!
[2026-04-18 12:24:25.869] [169467] [HailoRT] [info] [edge_elements.cpp:396] [run_pull] Reading from stream was aborted!
[2026-04-18 12:24:25.869] [169467] [HailoRT] [info] [queue_elements.cpp:738] [run_in_thread] run_pull of queue element PullQEl_nms0yolov11n/conv80_143 was aborted!
[2026-04-18 12:24:25.911] [168970] [HailoRT] [info] [queue_elements.cpp:360] [execute_deactivate] enqueue() in element PushQEl8yolov11n/input_layer1 was aborted, got status = HAILO_SHUTDOWN_EVENT_SIGNALED(57)
[2026-04-18 12:24:25.911] [169461] [HailoRT] [info] [queue_elements.cpp:68] [operator()] Thread in element PushQEl8yolov11n/input_layer1 is not running anymore, exiting..
[2026-04-18 12:24:25.911] [168970] [HailoRT] [info] [queue_elements.cpp:46] [~BaseQueueElement] Queue element PushQEl8yolov11n/input_layer1 has 1 frames in his Queue on destruction
[2026-04-18 12:24:25.911] [169468] [HailoRT] [info] [queue_elements.cpp:68] [operator()] Thread in element UserBufQEl_post_infer0yolov11n/yolov8_nms_postprocess is not running anymore, exiting..
[2026-04-18 12:24:25.911] [168970] [HailoRT] [info] [queue_elements.cpp:46] [~BaseQueueElement] Queue element UserBufQEl_post_infer0yolov11n/yolov8_nms_postprocess has 0 frames in his Queue on destruction
[2026-04-18 12:24:25.911] [169467] [HailoRT] [info] [queue_elements.cpp:68] [operator()] Thread in element PullQEl_nms0yolov11n/conv80_143 is not running anymore, exiting..
[2026-04-18 12:24:25.911] [168970] [HailoRT] [info] [queue_elements.cpp:46] [~BaseQueueElement] Queue element PullQEl_nms0yolov11n/conv80_143 has 1 frames in his Queue on destruction
[2026-04-18 12:24:25.911] [169466] [HailoRT] [info] [queue_elements.cpp:68] [operator()] Thread in element PullQEl_nms1yolov11n/conv77_143 is not running anymore, exiting..
[2026-04-18 12:24:25.911] [168970] [HailoRT] [info] [queue_elements.cpp:46] [~BaseQueueElement] Queue element PullQEl_nms1yolov11n/conv77_143 has 1 frames in his Queue on destruction
[2026-04-18 12:24:25.911] [169465] [HailoRT] [info] [queue_elements.cpp:68] [operator()] Thread in element PullQEl_nms13yolov11n/conv65_143 is not running anymore, exiting..
[2026-04-18 12:24:25.911] [168970] [HailoRT] [info] [queue_elements.cpp:46] [~BaseQueueElement] Queue element PullQEl_nms13yolov11n/conv65_143 has 0 frames in his Queue on destruction
[2026-04-18 12:24:25.911] [169464] [HailoRT] [info] [queue_elements.cpp:68] [operator()] Thread in element PullQEl_nms15yolov11n/conv62_143 is not running anymore, exiting..
[2026-04-18 12:24:25.911] [168970] [HailoRT] [info] [queue_elements.cpp:46] [~BaseQueueElement] Queue element PullQEl_nms15yolov11n/conv62_143 has 0 frames in his Queue on destruction
[2026-04-18 12:24:25.912] [169463] [HailoRT] [info] [queue_elements.cpp:68] [operator()] Thread in element PullQEl_nms12yolov11n/conv54_143 is not running anymore, exiting..
[2026-04-18 12:24:25.912] [168970] [HailoRT] [info] [queue_elements.cpp:46] [~BaseQueueElement] Queue element PullQEl_nms12yolov11n/conv54_143 has 0 frames in his Queue on destruction
[2026-04-18 12:24:25.912] [169462] [HailoRT] [info] [queue_elements.cpp:68] [operator()] Thread in element PullQEl_nms3yolov11n/conv51_143 is not running anymore, exiting..
[2026-04-18 12:24:25.912] [168970] [HailoRT] [info] [queue_elements.cpp:46] [~BaseQueueElement] Queue element PullQEl_nms3yolov11n/conv51_143 has 0 frames in his Queue on destruction
[2026-04-18 12:24:25.912] [168970] [HailoRT] [info] [core_op.cpp:186] [deactivate] Deactivating took 0.007666 ms
[2026-04-18 12:24:25.912] [168970] [HailoRT] [info] [core_op.cpp:186] [deactivate] Deactivating took 0.015981 ms
[2026-04-18 12:24:25.969] [168970] [HailoRT] [info] [vdevice.cpp:535] [create] Creating vdevice with params: device_count: 1, scheduling_algorithm: NONE, multi_process_service: false
[2026-04-18 12:24:25.969] [168970] [HailoRT] [info] [device.cpp:51] [Device] OS Version: Linux 6.12.75+rpt-rpi-2712 #1 SMP PREEMPT Debian 1:6.12.75-1+rpt1 (2026-03-11) aarch64
[2026-04-18 12:24:25.969] [168970] [HailoRT] [info] [control.cpp:113] [control__parse_identify_results] firmware_version is: 4.23.0
[2026-04-18 12:24:25.969] [168970] [HailoRT] [info] [vdevice.cpp:682] [create] VDevice Infos: 0001:01:00.0
[2026-04-18 12:24:25.975] [168970] [HailoRT] [warning] [buffer_requirements.cpp:131] [get_buffer_requirements_multiple_transfers] Desc page size value (1024) is not optimal for performance.
[2026-04-18 12:24:25.993] [168970] [HailoRT] [info] [internal_buffer_manager.cpp:77] [print_execution_results] Planned internal buffer memory: CMA=0 CMA-Desc=1310720 Pinned=54172672. memory to edge layer usage factor is 1
[2026-04-18 12:24:25.993] [168970] [HailoRT] [info] [internal_buffer_manager.cpp:86] [print_execution_results] Default Internal buffer planner executed successfully
[2026-04-18 12:24:26.098] [168970] [HailoRT] [info] [device_internal.cpp:57] [configure] Configuring HEF took 128.648745 milliseconds
[2026-04-18 12:24:26.099] [168970] [HailoRT] [info] [vdevice.cpp:780] [configure] Configuring HEF on VDevice took 129.029597 milliseconds
[2026-04-18 12:24:26.099] [168970] [HailoRT] [info] [control.cpp:113] [control__parse_identify_results] firmware_version is: 4.23.0
[2026-04-18 12:24:26.099] [168970] [HailoRT] [info] [control.cpp:113] [control__parse_identify_results] firmware_version is: 4.23.0
[2026-04-18 12:24:26.128] [168970] [HailoRT] [info] [core_op.cpp:156] [activate] Activating yolov11n took 28.601287 milliseconds. Note that the function is asynchronous and thus the network is not fully activated yet.
[2026-04-18 12:24:26.128] [168970] [HailoRT] [info] [core_op.cpp:156] [activate] Activating yolov11n took 28.625491 milliseconds. Note that the function is asynchronous and thus the network is not fully activated yet.
[2026-04-18 12:24:26.141] [168970] [HailoRT] [info] [control.cpp:113] [control__parse_identify_results] firmware_version is: 4.23.0
[2026-04-18 12:24:26.141] [168970] [HailoRT] [info] [control.cpp:113] [control__parse_identify_results] firmware_version is: 4.23.0
[2026-04-18 12:24:26.141] [168970] [HailoRT] [info] [edge_elements.cpp:52] [create] Created (HwWriteEl8yolov11n/input_layer1 | hw_frame_size: 1228800)
[2026-04-18 12:24:26.141] [168970] [HailoRT] [info] [queue_elements.cpp:284] [create] Created (PushQEl8yolov11n/input_layer1 | timeout: 10s)
[2026-04-18 12:24:26.141] [168970] [HailoRT] [info] [filter_elements.cpp:101] [create] Created (PreInferEl8yolov11n/input_layer1 | Reorder - src_order: NHWC, src_shape: (640, 640, 3), dst_order: NHCW, dst_shape: (640, 640, 3))
[2026-04-18 12:24:26.141] [168970] [HailoRT] [info] [vstream.cpp:754] [InputVStreamImpl] Creating yolov11n/input_layer1...
[2026-04-18 12:24:26.141] [168970] [HailoRT] [info] [vstream_builder.cpp:102] [create_inputs] Input pipeline 'yolov11n/input_layer1': (PreInferEl8yolov11n/input_layer1 | Reorder - src_order: NHWC, src_shape: (640, 640, 3), dst_order: NHCW, dst_shape: (640, 640, 3)) >> (PushQEl8yolov11n/input_layer1 | timeout: 10s) >> (HwWriteEl8yolov11n/input_layer1 | hw_frame_size: 1228800) >> HW
[2026-04-18 12:24:26.142] [168970] [HailoRT] [info] [multi_io_elements.cpp:135] [create] Created (NmsPPMuxEl0YOLOV8-Post-Process | Op YOLOV8, Name: YOLOV8-Post-Process, Score threshold: 0.200, IoU threshold: 0.70, Classes: 80, Max bboxes per class: 100, Image height: 640, Image width: 640)
[2026-04-18 12:24:26.142] [168970] [HailoRT] [info] [edge_elements.cpp:287] [create] Created (HwReadEl3yolov11n/conv51_143 | hw_frame_size: 409600)
[2026-04-18 12:24:26.142] [168970] [HailoRT] [info] [queue_elements.cpp:657] [create] Created (PullQEl_nms3yolov11n/conv51_143 | timeout: 10s)
[2026-04-18 12:24:26.142] [168970] [HailoRT] [info] [edge_elements.cpp:287] [create] Created (HwReadEl12yolov11n/conv54_143 | hw_frame_size: 512000)
[2026-04-18 12:24:26.142] [168970] [HailoRT] [info] [queue_elements.cpp:657] [create] Created (PullQEl_nms12yolov11n/conv54_143 | timeout: 10s)
[2026-04-18 12:24:26.142] [168970] [HailoRT] [info] [edge_elements.cpp:287] [create] Created (HwReadEl15yolov11n/conv62_143 | hw_frame_size: 102400)
[2026-04-18 12:24:26.142] [168970] [HailoRT] [info] [queue_elements.cpp:657] [create] Created (PullQEl_nms15yolov11n/conv62_143 | timeout: 10s)
[2026-04-18 12:24:26.142] [168970] [HailoRT] [info] [edge_elements.cpp:287] [create] Created (HwReadEl13yolov11n/conv65_143 | hw_frame_size: 128000)
[2026-04-18 12:24:26.142] [168970] [HailoRT] [info] [queue_elements.cpp:657] [create] Created (PullQEl_nms13yolov11n/conv65_143 | timeout: 10s)
[2026-04-18 12:24:26.142] [168970] [HailoRT] [info] [edge_elements.cpp:287] [create] Created (HwReadEl1yolov11n/conv77_143 | hw_frame_size: 30720)
[2026-04-18 12:24:26.142] [168970] [HailoRT] [info] [queue_elements.cpp:657] [create] Created (PullQEl_nms1yolov11n/conv77_143 | timeout: 10s)
[2026-04-18 12:24:26.142] [168970] [HailoRT] [info] [edge_elements.cpp:287] [create] Created (HwReadEl0yolov11n/conv80_143 | hw_frame_size: 38400)
[2026-04-18 12:24:26.142] [168970] [HailoRT] [info] [queue_elements.cpp:657] [create] Created (PullQEl_nms0yolov11n/conv80_143 | timeout: 10s)
[2026-04-18 12:24:26.142] [168970] [HailoRT] [info] [queue_elements.cpp:800] [create] Created (UserBufQEl_post_infer0yolov11n/yolov8_nms_postprocess | timeout: 10s)
[2026-04-18 12:24:26.142] [168970] [HailoRT] [info] [vstream.cpp:1114] [OutputVStreamImpl] Creating yolov11n/yolov8_nms_postprocess...
[2026-04-18 12:24:26.142] [168970] [HailoRT] [info] [vstream_builder.cpp:622] [create_output_post_process_nms] Output pipeline 'yolov11n/yolov8_nms_postprocess': HW >> (HwReadEl3yolov11n/conv51_143 | hw_frame_size: 409600) >> (PullQEl_nms3yolov11n/conv51_143) >> (HwReadEl12yolov11n/conv54_143 | hw_frame_size: 512000) >> (PullQEl_nms12yolov11n/conv54_143) >> (HwReadEl15yolov11n/conv62_143 | hw_frame_size: 102400) >> (PullQEl_nms15yolov11n/conv62_143) >> (HwReadEl13yolov11n/conv65_143 | hw_frame_size: 128000) >> (PullQEl_nms13yolov11n/conv65_143) >> (HwReadEl1yolov11n/conv77_143 | hw_frame_size: 30720) >> (PullQEl_nms1yolov11n/conv77_143) >> (HwReadEl0yolov11n/conv80_143 | hw_frame_size: 38400) >> (PullQEl_nms0yolov11n/conv80_143) >> (NmsPPMuxEl0YOLOV8-Post-Process | Op YOLOV8, Name: YOLOV8-Post-Process, Score threshold: 0.200, IoU threshold: 0.70, Classes: 80, Max bboxes per class: 100, Image height: 640, Image width: 640) >> (UserBufQEl_post_infer0yolov11n/yolov8_nms_postprocess | timeout: 10s)
[2026-04-18 12:25:26.142] [169966] [HailoRT] [info] [vdevice_native_stream.cpp:331] [read_impl] Failed read from stream HAILO_STREAM_ABORT(63) (device: 0001:01:00.0)
[2026-04-18 12:25:26.142] [169970] [HailoRT] [info] [vdevice_native_stream.cpp:331] [read_impl] Failed read from stream HAILO_STREAM_ABORT(63) (device: 0001:01:00.0)
[2026-04-18 12:25:26.142] [169970] [HailoRT] [info] [edge_elements.cpp:396] [run_pull] Reading from stream was aborted!
[2026-04-18 12:25:26.142] [169971] [HailoRT] [info] [vdevice_native_stream.cpp:331] [read_impl] Failed read from stream HAILO_STREAM_ABORT(63) (device: 0001:01:00.0)
[2026-04-18 12:25:26.142] [169971] [HailoRT] [info] [edge_elements.cpp:396] [run_pull] Reading from stream was aborted!
[2026-04-18 12:25:26.142] [169970] [HailoRT] [info] [queue_elements.cpp:738] [run_in_thread] run_pull of queue element PullQEl_nms1yolov11n/conv77_143 was aborted!
[2026-04-18 12:25:26.143] [169971] [HailoRT] [info] [queue_elements.cpp:738] [run_in_thread] run_pull of queue element PullQEl_nms0yolov11n/conv80_143 was aborted!
[2026-04-18 12:25:26.142] [169968] [HailoRT] [info] [vdevice_native_stream.cpp:331] [read_impl] Failed read from stream HAILO_STREAM_ABORT(63) (device: 0001:01:00.0)
[2026-04-18 12:25:26.143] [169968] [HailoRT] [info] [edge_elements.cpp:396] [run_pull] Reading from stream was aborted!
[2026-04-18 12:25:26.143] [169968] [HailoRT] [info] [queue_elements.cpp:738] [run_in_thread] run_pull of queue element PullQEl_nms15yolov11n/conv62_143 was aborted!
[2026-04-18 12:25:26.142] [169969] [HailoRT] [info] [vdevice_native_stream.cpp:331] [read_impl] Failed read from stream HAILO_STREAM_ABORT(63) (device: 0001:01:00.0)
[2026-04-18 12:25:26.143] [169969] [HailoRT] [info] [edge_elements.cpp:396] [run_pull] Reading from stream was aborted!
[2026-04-18 12:25:26.143] [169969] [HailoRT] [info] [queue_elements.cpp:738] [run_in_thread] run_pull of queue element PullQEl_nms13yolov11n/conv65_143 was aborted!
[2026-04-18 12:25:26.142] [169967] [HailoRT] [info] [vdevice_native_stream.cpp:331] [read_impl] Failed read from stream HAILO_STREAM_ABORT(63) (device: 0001:01:00.0)
[2026-04-18 12:25:26.143] [169967] [HailoRT] [info] [edge_elements.cpp:396] [run_pull] Reading from stream was aborted!
[2026-04-18 12:25:26.142] [169966] [HailoRT] [info] [edge_elements.cpp:396] [run_pull] Reading from stream was aborted!
[2026-04-18 12:25:26.143] [169967] [HailoRT] [info] [queue_elements.cpp:738] [run_in_thread] run_pull of queue element PullQEl_nms12yolov11n/conv54_143 was aborted!
[2026-04-18 12:25:26.143] [169966] [HailoRT] [info] [queue_elements.cpp:738] [run_in_thread] run_pull of queue element PullQEl_nms3yolov11n/conv51_143 was aborted!
[2026-04-18 12:25:26.143] [169975] [HailoRT] [info] [queue_elements.cpp:706] [run_pull] Shutdown event was signaled in dequeue of queue element PullQEl_nms3yolov11n/conv51_143!
[2026-04-18 12:25:26.143] [169975] [HailoRT] [info] [vstream.cpp:1138] [read] Receiving to VStream was shutdown!
[2026-04-18 12:25:26.144] [169965] [HailoRT] [info] [vdevice_native_stream.cpp:142] [write_impl] Failed write to stream yolov11n/input_layer1 (device: 0001:01:00.0) with status=HAILO_STREAM_ABORT(63)
[2026-04-18 12:25:26.144] [169965] [HailoRT] [info] [edge_elements.cpp:87] [run_push] Failed to send on input stream InputStream(index=8, name=yolov11n/input_layer1) because stream was aborted
[2026-04-18 12:25:26.144] [169965] [HailoRT] [info] [queue_elements.cpp:401] [run_in_thread] run_push of PushQEl8yolov11n/input_layer1 was aborted!
[2026-04-18 12:25:26.145] [169976] [HailoRT] [info] [queue_elements.cpp:319] [run_push] run_push of PushQEl8yolov11n/input_layer1 was aborted!
[2026-04-18 12:25:26.145] [169976] [HailoRT] [info] [filter_elements.cpp:35] [run_push] run_push of PreInferEl8yolov11n/input_layer1 was aborted!
[2026-04-18 12:25:26.145] [169976] [HailoRT] [info] [vstream.cpp:778] [write] Sending to VStream was aborted!
[2026-04-18 12:25:26.150] [168970] [HailoRT] [info] [queue_elements.cpp:360] [execute_deactivate] enqueue() in element PushQEl8yolov11n/input_layer1 was aborted, got status = HAILO_SHUTDOWN_EVENT_SIGNALED(57)
[2026-04-18 12:25:26.150] [169965] [HailoRT] [info] [queue_elements.cpp:68] [operator()] Thread in element PushQEl8yolov11n/input_layer1 is not running anymore, exiting..
[2026-04-18 12:25:26.151] [168970] [HailoRT] [info] [queue_elements.cpp:46] [~BaseQueueElement] Queue element PushQEl8yolov11n/input_layer1 has 0 frames in his Queue on destruction
[2026-04-18 12:25:26.151] [169972] [HailoRT] [info] [queue_elements.cpp:68] [operator()] Thread in element UserBufQEl_post_infer0yolov11n/yolov8_nms_postprocess is not running anymore, exiting..
[2026-04-18 12:25:26.151] [168970] [HailoRT] [info] [queue_elements.cpp:46] [~BaseQueueElement] Queue element UserBufQEl_post_infer0yolov11n/yolov8_nms_postprocess has 0 frames in his Queue on destruction
[2026-04-18 12:25:26.151] [169971] [HailoRT] [info] [queue_elements.cpp:68] [operator()] Thread in element PullQEl_nms0yolov11n/conv80_143 is not running anymore, exiting..
[2026-04-18 12:25:26.151] [168970] [HailoRT] [info] [queue_elements.cpp:46] [~BaseQueueElement] Queue element PullQEl_nms0yolov11n/conv80_143 has 0 frames in his Queue on destruction
[2026-04-18 12:25:26.151] [169970] [HailoRT] [info] [queue_elements.cpp:68] [operator()] Thread in element PullQEl_nms1yolov11n/conv77_143 is not running anymore, exiting..
[2026-04-18 12:25:26.151] [168970] [HailoRT] [info] [queue_elements.cpp:46] [~BaseQueueElement] Queue element PullQEl_nms1yolov11n/conv77_143 has 0 frames in his Queue on destruction
[2026-04-18 12:25:26.151] [169969] [HailoRT] [info] [queue_elements.cpp:68] [operator()] Thread in element PullQEl_nms13yolov11n/conv65_143 is not running anymore, exiting..
[2026-04-18 12:25:26.151] [168970] [HailoRT] [info] [queue_elements.cpp:46] [~BaseQueueElement] Queue element PullQEl_nms13yolov11n/conv65_143 has 0 frames in his Queue on destruction
[2026-04-18 12:25:26.151] [169968] [HailoRT] [info] [queue_elements.cpp:68] [operator()] Thread in element PullQEl_nms15yolov11n/conv62_143 is not running anymore, exiting..
[2026-04-18 12:25:26.151] [168970] [HailoRT] [info] [queue_elements.cpp:46] [~BaseQueueElement] Queue element PullQEl_nms15yolov11n/conv62_143 has 0 frames in his Queue on destruction
[2026-04-18 12:25:26.151] [169967] [HailoRT] [info] [queue_elements.cpp:68] [operator()] Thread in element PullQEl_nms12yolov11n/conv54_143 is not running anymore, exiting..
[2026-04-18 12:25:26.151] [168970] [HailoRT] [info] [queue_elements.cpp:46] [~BaseQueueElement] Queue element PullQEl_nms12yolov11n/conv54_143 has 0 frames in his Queue on destruction
[2026-04-18 12:25:26.151] [169966] [HailoRT] [info] [queue_elements.cpp:68] [operator()] Thread in element PullQEl_nms3yolov11n/conv51_143 is not running anymore, exiting..
[2026-04-18 12:25:26.151] [168970] [HailoRT] [info] [queue_elements.cpp:46] [~BaseQueueElement] Queue element PullQEl_nms3yolov11n/conv51_143 has 0 frames in his Queue on destruction
[2026-04-18 12:25:26.151] [168970] [HailoRT] [info] [core_op.cpp:186] [deactivate] Deactivating took 0.00737 ms
[2026-04-18 12:25:26.151] [168970] [HailoRT] [info] [core_op.cpp:186] [deactivate] Deactivating took 0.016574 ms
[2026-04-18 12:25:36.482] [170494] [HailoRT] [info] [vdevice.cpp:535] [create] Creating vdevice with params: device_count: 1, scheduling_algorithm: NONE, multi_process_service: false
[2026-04-18 12:25:36.495] [170494] [HailoRT] [info] [device.cpp:51] [Device] OS Version: Linux 6.12.75+rpt-rpi-2712 #1 SMP PREEMPT Debian 1:6.12.75-1+rpt1 (2026-03-11) aarch64
[2026-04-18 12:25:36.496] [170494] [HailoRT] [info] [control.cpp:113] [control__parse_identify_results] firmware_version is: 4.23.0
[2026-04-18 12:25:36.496] [170494] [HailoRT] [info] [vdevice.cpp:682] [create] VDevice Infos: 0001:01:00.0
[2026-04-18 12:25:36.513] [170494] [HailoRT] [warning] [buffer_requirements.cpp:131] [get_buffer_requirements_multiple_transfers] Desc page size value (1024) is not optimal for performance.
[2026-04-18 12:25:36.553] [170494] [HailoRT] [info] [internal_buffer_manager.cpp:77] [print_execution_results] Planned internal buffer memory: CMA=0 CMA-Desc=1376256 Pinned=55350272. memory to edge layer usage factor is 1
[2026-04-18 12:25:36.553] [170494] [HailoRT] [info] [internal_buffer_manager.cpp:86] [print_execution_results] Default Internal buffer planner executed successfully
[2026-04-18 12:25:36.690] [170494] [HailoRT] [info] [device_internal.cpp:57] [configure] Configuring HEF took 192.626637 milliseconds
[2026-04-18 12:25:36.690] [170494] [HailoRT] [info] [vdevice.cpp:780] [configure] Configuring HEF on VDevice took 193.7946 milliseconds
[2026-04-18 12:25:36.691] [170494] [HailoRT] [info] [control.cpp:113] [control__parse_identify_results] firmware_version is: 4.23.0
[2026-04-18 12:25:36.691] [170494] [HailoRT] [info] [control.cpp:113] [control__parse_identify_results] firmware_version is: 4.23.0
[2026-04-18 12:25:36.725] [170494] [HailoRT] [info] [core_op.cpp:156] [activate] Activating yolov11n took 34.102523 milliseconds. Note that the function is asynchronous and thus the network is not fully activated yet.
[2026-04-18 12:25:36.725] [170494] [HailoRT] [info] [core_op.cpp:156] [activate] Activating yolov11n took 34.131968 milliseconds. Note that the function is asynchronous and thus the network is not fully activated yet.
[2026-04-18 12:25:36.738] [170494] [HailoRT] [info] [control.cpp:113] [control__parse_identify_results] firmware_version is: 4.23.0
[2026-04-18 12:25:36.739] [170494] [HailoRT] [info] [control.cpp:113] [control__parse_identify_results] firmware_version is: 4.23.0
[2026-04-18 12:25:37.799] [170486] [HailoRT] [info] [device.cpp:51] [Device] OS Version: Linux 6.12.75+rpt-rpi-2712 #1 SMP PREEMPT Debian 1:6.12.75-1+rpt1 (2026-03-11) aarch64
[2026-04-18 12:25:37.800] [170486] [HailoRT] [info] [control.cpp:113] [control__parse_identify_results] firmware_version is: 4.23.0
[2026-04-18 12:25:37.800] [170486] [HailoRT] [info] [control.cpp:113] [control__parse_identify_results] firmware_version is: 4.23.0
[2026-04-18 12:26:36.739] [170507] [HailoRT] [info] [vdevice_native_stream.cpp:331] [read_impl] Failed read from stream HAILO_STREAM_ABORT(63) (device: 0001:01:00.0)
[2026-04-18 12:26:36.739] [170506] [HailoRT] [info] [vdevice_native_stream.cpp:331] [read_impl] Failed read from stream HAILO_STREAM_ABORT(63) (device: 0001:01:00.0)
[2026-04-18 12:26:36.739] [170504] [HailoRT] [info] [vdevice_native_stream.cpp:331] [read_impl] Failed read from stream HAILO_STREAM_ABORT(63) (device: 0001:01:00.0)
[2026-04-18 12:26:36.739] [170509] [HailoRT] [info] [vdevice_native_stream.cpp:331] [read_impl] Failed read from stream HAILO_STREAM_ABORT(63) (device: 0001:01:00.0)
[2026-04-18 12:26:36.739] [170510] [HailoRT] [info] [vdevice_native_stream.cpp:142] [write_impl] Failed write to stream yolov11n/input_layer1 (device: 0001:01:00.0) with status=HAILO_STREAM_ABORT(63)
[2026-04-18 12:26:36.739] [170505] [HailoRT] [info] [vdevice_native_stream.cpp:331] [read_impl] Failed read from stream HAILO_STREAM_ABORT(63) (device: 0001:01:00.0)
[2026-04-18 12:26:36.739] [170508] [HailoRT] [info] [vdevice_native_stream.cpp:331] [read_impl] Failed read from stream HAILO_STREAM_ABORT(63) (device: 0001:01:00.0)
[2026-04-18 12:26:36.782] [170494] [HailoRT] [info] [core_op.cpp:186] [deactivate] Deactivating took 0.006278 ms
[2026-04-18 12:26:36.782] [170494] [HailoRT] [info] [core_op.cpp:186] [deactivate] Deactivating took 0.026945 ms
[2026-04-18 12:26:36.841] [170494] [HailoRT] [info] [vdevice.cpp:535] [create] Creating vdevice with params: device_count: 1, scheduling_algorithm: NONE, multi_process_service: false
[2026-04-18 12:26:36.841] [170494] [HailoRT] [info] [device.cpp:51] [Device] OS Version: Linux 6.12.75+rpt-rpi-2712 #1 SMP PREEMPT Debian 1:6.12.75-1+rpt1 (2026-03-11) aarch64
[2026-04-18 12:26:36.842] [170494] [HailoRT] [info] [control.cpp:113] [control__parse_identify_results] firmware_version is: 4.23.0
[2026-04-18 12:26:36.842] [170494] [HailoRT] [info] [vdevice.cpp:682] [create] VDevice Infos: 0001:01:00.0
[2026-04-18 12:26:36.848] [170494] [HailoRT] [warning] [buffer_requirements.cpp:131] [get_buffer_requirements_multiple_transfers] Desc page size value (1024) is not optimal for performance.
[2026-04-18 12:26:36.868] [170494] [HailoRT] [info] [internal_buffer_manager.cpp:77] [print_execution_results] Planned internal buffer memory: CMA=0 CMA-Desc=1376256 Pinned=55350272. memory to edge layer usage factor is 1
[2026-04-18 12:26:36.868] [170494] [HailoRT] [info] [internal_buffer_manager.cpp:86] [print_execution_results] Default Internal buffer planner executed successfully
[2026-04-18 12:26:36.976] [170494] [HailoRT] [info] [device_internal.cpp:57] [configure] Configuring HEF took 133.89724 milliseconds
[2026-04-18 12:26:36.976] [170494] [HailoRT] [info] [vdevice.cpp:780] [configure] Configuring HEF on VDevice took 134.26074 milliseconds
[2026-04-18 12:26:36.976] [170494] [HailoRT] [info] [control.cpp:113] [control__parse_identify_results] firmware_version is: 4.23.0
[2026-04-18 12:26:36.977] [170494] [HailoRT] [info] [control.cpp:113] [control__parse_identify_results] firmware_version is: 4.23.0
[2026-04-18 12:26:37.011] [170494] [HailoRT] [info] [core_op.cpp:156] [activate] Activating yolov11n took 33.850425 milliseconds. Note that the function is asynchronous and thus the network is not fully activated yet.
[2026-04-18 12:26:37.011] [170494] [HailoRT] [info] [core_op.cpp:156] [activate] Activating yolov11n took 33.885407 milliseconds. Note that the function is asynchronous and thus the network is not fully activated yet.
[2026-04-18 12:26:37.024] [170494] [HailoRT] [info] [control.cpp:113] [control__parse_identify_results] firmware_version is: 4.23.0
[2026-04-18 12:26:37.024] [170494] [HailoRT] [info] [control.cpp:113] [control__parse_identify_results] firmware_version is: 4.23.0
[2026-04-18 12:26:37.024] [170494] [HailoRT] [info] [edge_elements.cpp:52] [create] Created (HwWriteEl8yolov11n/input_layer1 | hw_frame_size: 1228800)
[2026-04-18 12:26:37.024] [170494] [HailoRT] [info] [queue_elements.cpp:284] [create] Created (PushQEl8yolov11n/input_layer1 | timeout: 10s)
[2026-04-18 12:26:37.024] [170494] [HailoRT] [info] [filter_elements.cpp:101] [create] Created (PreInferEl8yolov11n/input_layer1 | Reorder - src_order: NHWC, src_shape: (640, 640, 3), dst_order: NHCW, dst_shape: (640, 640, 3))
[2026-04-18 12:26:37.024] [170494] [HailoRT] [info] [vstream.cpp:754] [InputVStreamImpl] Creating yolov11n/input_layer1...
[2026-04-18 12:26:37.024] [170494] [HailoRT] [info] [vstream_builder.cpp:102] [create_inputs] Input pipeline 'yolov11n/input_layer1': (PreInferEl8yolov11n/input_layer1 | Reorder - src_order: NHWC, src_shape: (640, 640, 3), dst_order: NHCW, dst_shape: (640, 640, 3)) >> (PushQEl8yolov11n/input_layer1 | timeout: 10s) >> (HwWriteEl8yolov11n/input_layer1 | hw_frame_size: 1228800) >> HW
[2026-04-18 12:26:37.024] [170494] [HailoRT] [info] [multi_io_elements.cpp:135] [create] Created (NmsPPMuxEl0YOLOV8-Post-Process | Op YOLOV8, Name: YOLOV8-Post-Process, Score threshold: 0.200, IoU threshold: 0.70, Classes: 80, Max bboxes per class: 100, Image height: 640, Image width: 640)
[2026-04-18 12:26:37.024] [170494] [HailoRT] [info] [edge_elements.cpp:287] [create] Created (HwReadEl3yolov11n/conv51_143 | hw_frame_size: 409600)
[2026-04-18 12:26:37.025] [170494] [HailoRT] [info] [queue_elements.cpp:657] [create] Created (PullQEl_nms3yolov11n/conv51_143 | timeout: 10s)
[2026-04-18 12:26:37.025] [170494] [HailoRT] [info] [edge_elements.cpp:287] [create] Created (HwReadEl12yolov11n/conv54_143 | hw_frame_size: 512000)
[2026-04-18 12:26:37.025] [170494] [HailoRT] [info] [queue_elements.cpp:657] [create] Created (PullQEl_nms12yolov11n/conv54_143 | timeout: 10s)
[2026-04-18 12:26:37.025] [170494] [HailoRT] [info] [edge_elements.cpp:287] [create] Created (HwReadEl15yolov11n/conv62_143 | hw_frame_size: 102400)
[2026-04-18 12:26:37.025] [170494] [HailoRT] [info] [queue_elements.cpp:657] [create] Created (PullQEl_nms15yolov11n/conv62_143 | timeout: 10s)
[2026-04-18 12:26:37.025] [170494] [HailoRT] [info] [edge_elements.cpp:287] [create] Created (HwReadEl13yolov11n/conv65_143 | hw_frame_size: 128000)
[2026-04-18 12:26:37.025] [170494] [HailoRT] [info] [queue_elements.cpp:657] [create] Created (PullQEl_nms13yolov11n/conv65_143 | timeout: 10s)
[2026-04-18 12:26:37.025] [170494] [HailoRT] [info] [edge_elements.cpp:287] [create] Created (HwReadEl1yolov11n/conv77_143 | hw_frame_size: 30720)
[2026-04-18 12:26:37.025] [170494] [HailoRT] [info] [queue_elements.cpp:657] [create] Created (PullQEl_nms1yolov11n/conv77_143 | timeout: 10s)
[2026-04-18 12:26:37.025] [170494] [HailoRT] [info] [edge_elements.cpp:287] [create] Created (HwReadEl0yolov11n/conv80_143 | hw_frame_size: 38400)
[2026-04-18 12:26:37.025] [170494] [HailoRT] [info] [queue_elements.cpp:657] [create] Created (PullQEl_nms0yolov11n/conv80_143 | timeout: 10s)
[2026-04-18 12:26:37.025] [170494] [HailoRT] [info] [queue_elements.cpp:800] [create] Created (UserBufQEl_post_infer0yolov11n/yolov8_nms_postprocess | timeout: 10s)
[2026-04-18 12:26:37.025] [170494] [HailoRT] [info] [vstream.cpp:1114] [OutputVStreamImpl] Creating yolov11n/yolov8_nms_postprocess...
[2026-04-18 12:26:37.025] [170494] [HailoRT] [info] [vstream_builder.cpp:622] [create_output_post_process_nms] Output pipeline 'yolov11n/yolov8_nms_postprocess': HW >> (HwReadEl3yolov11n/conv51_143 | hw_frame_size: 409600) >> (PullQEl_nms3yolov11n/conv51_143) >> (HwReadEl12yolov11n/conv54_143 | hw_frame_size: 512000) >> (PullQEl_nms12yolov11n/conv54_143) >> (HwReadEl15yolov11n/conv62_143 | hw_frame_size: 102400) >> (PullQEl_nms15yolov11n/conv62_143) >> (HwReadEl13yolov11n/conv65_143 | hw_frame_size: 128000) >> (PullQEl_nms13yolov11n/conv65_143) >> (HwReadEl1yolov11n/conv77_143 | hw_frame_size: 30720) >> (PullQEl_nms1yolov11n/conv77_143) >> (HwReadEl0yolov11n/conv80_143 | hw_frame_size: 38400) >> (PullQEl_nms0yolov11n/conv80_143) >> (NmsPPMuxEl0YOLOV8-Post-Process | Op YOLOV8, Name: YOLOV8-Post-Process, Score threshold: 0.200, IoU threshold: 0.70, Classes: 80, Max bboxes per class: 100, Image height: 640, Image width: 640) >> (UserBufQEl_post_infer0yolov11n/yolov8_nms_postprocess | timeout: 10s)
[2026-04-18 12:27:37.025] [170984] [HailoRT] [info] [vdevice_native_stream.cpp:142] [write_impl] Failed write to stream yolov11n/input_layer1 (device: 0001:01:00.0) with status=HAILO_STREAM_ABORT(63)
[2026-04-18 12:27:37.025] [170990] [HailoRT] [info] [vdevice_native_stream.cpp:331] [read_impl] Failed read from stream HAILO_STREAM_ABORT(63) (device: 0001:01:00.0)
[2026-04-18 12:27:37.026] [170990] [HailoRT] [info] [edge_elements.cpp:396] [run_pull] Reading from stream was aborted!
[2026-04-18 12:27:37.026] [170984] [HailoRT] [info] [edge_elements.cpp:87] [run_push] Failed to send on input stream InputStream(index=8, name=yolov11n/input_layer1) because stream was aborted
[2026-04-18 12:27:37.026] [170990] [HailoRT] [info] [queue_elements.cpp:738] [run_in_thread] run_pull of queue element PullQEl_nms0yolov11n/conv80_143 was aborted!
[2026-04-18 12:27:37.026] [170985] [HailoRT] [info] [vdevice_native_stream.cpp:331] [read_impl] Failed read from stream HAILO_STREAM_ABORT(63) (device: 0001:01:00.0)
[2026-04-18 12:27:37.026] [170986] [HailoRT] [info] [vdevice_native_stream.cpp:331] [read_impl] Failed read from stream HAILO_STREAM_ABORT(63) (device: 0001:01:00.0)
[2026-04-18 12:27:37.026] [170988] [HailoRT] [info] [vdevice_native_stream.cpp:331] [read_impl] Failed read from stream HAILO_STREAM_ABORT(63) (device: 0001:01:00.0)
[2026-04-18 12:27:37.025] [170989] [HailoRT] [info] [vdevice_native_stream.cpp:331] [read_impl] Failed read from stream HAILO_STREAM_ABORT(63) (device: 0001:01:00.0)
[2026-04-18 12:27:37.026] [170986] [HailoRT] [info] [edge_elements.cpp:396] [run_pull] Reading from stream was aborted!
[2026-04-18 12:27:37.026] [170989] [HailoRT] [info] [edge_elements.cpp:396] [run_pull] Reading from stream was aborted!
[2026-04-18 12:27:37.026] [170986] [HailoRT] [info] [queue_elements.cpp:738] [run_in_thread] run_pull of queue element PullQEl_nms12yolov11n/conv54_143 was aborted!
[2026-04-18 12:27:37.026] [170989] [HailoRT] [info] [queue_elements.cpp:738] [run_in_thread] run_pull of queue element PullQEl_nms1yolov11n/conv77_143 was aborted!
[2026-04-18 12:27:37.026] [170985] [HailoRT] [info] [edge_elements.cpp:396] [run_pull] Reading from stream was aborted!
[2026-04-18 12:27:37.026] [170987] [HailoRT] [info] [vdevice_native_stream.cpp:331] [read_impl] Failed read from stream HAILO_STREAM_ABORT(63) (device: 0001:01:00.0)
[2026-04-18 12:27:37.026] [170985] [HailoRT] [info] [queue_elements.cpp:738] [run_in_thread] run_pull of queue element PullQEl_nms3yolov11n/conv51_143 was aborted!
[2026-04-18 12:27:37.026] [170987] [HailoRT] [info] [edge_elements.cpp:396] [run_pull] Reading from stream was aborted!
[2026-04-18 12:27:37.026] [170987] [HailoRT] [info] [queue_elements.cpp:738] [run_in_thread] run_pull of queue element PullQEl_nms15yolov11n/conv62_143 was aborted!
[2026-04-18 12:27:37.026] [170984] [HailoRT] [info] [queue_elements.cpp:401] [run_in_thread] run_push of PushQEl8yolov11n/input_layer1 was aborted!
[2026-04-18 12:27:37.027] [170995] [HailoRT] [info] [queue_elements.cpp:319] [run_push] run_push of PushQEl8yolov11n/input_layer1 was aborted!
[2026-04-18 12:27:37.027] [170995] [HailoRT] [info] [filter_elements.cpp:35] [run_push] run_push of PreInferEl8yolov11n/input_layer1 was aborted!
[2026-04-18 12:27:37.027] [170995] [HailoRT] [info] [vstream.cpp:778] [write] Sending to VStream was aborted!
[2026-04-18 12:27:37.026] [170988] [HailoRT] [info] [edge_elements.cpp:396] [run_pull] Reading from stream was aborted!
[2026-04-18 12:27:37.027] [170988] [HailoRT] [info] [queue_elements.cpp:738] [run_in_thread] run_pull of queue element PullQEl_nms13yolov11n/conv65_143 was aborted!
[2026-04-18 12:27:37.027] [170994] [HailoRT] [info] [queue_elements.cpp:706] [run_pull] Shutdown event was signaled in dequeue of queue element PullQEl_nms3yolov11n/conv51_143!
[2026-04-18 12:27:37.027] [170994] [HailoRT] [info] [vstream.cpp:1138] [read] Receiving to VStream was shutdown!
[2026-04-18 12:27:37.069] [170494] [HailoRT] [info] [queue_elements.cpp:360] [execute_deactivate] enqueue() in element PushQEl8yolov11n/input_layer1 was aborted, got status = HAILO_SHUTDOWN_EVENT_SIGNALED(57)
[2026-04-18 12:27:37.069] [170984] [HailoRT] [info] [queue_elements.cpp:68] [operator()] Thread in element PushQEl8yolov11n/input_layer1 is not running anymore, exiting..
[2026-04-18 12:27:37.069] [170494] [HailoRT] [info] [queue_elements.cpp:46] [~BaseQueueElement] Queue element PushQEl8yolov11n/input_layer1 has 1 frames in his Queue on destruction
[2026-04-18 12:27:37.069] [170991] [HailoRT] [info] [queue_elements.cpp:68] [operator()] Thread in element UserBufQEl_post_infer0yolov11n/yolov8_nms_postprocess is not running anymore, exiting..
[2026-04-18 12:27:37.069] [170494] [HailoRT] [info] [queue_elements.cpp:46] [~BaseQueueElement] Queue element UserBufQEl_post_infer0yolov11n/yolov8_nms_postprocess has 0 frames in his Queue on destruction
[2026-04-18 12:27:37.069] [170990] [HailoRT] [info] [queue_elements.cpp:68] [operator()] Thread in element PullQEl_nms0yolov11n/conv80_143 is not running anymore, exiting..
[2026-04-18 12:27:37.069] [170494] [HailoRT] [info] [queue_elements.cpp:46] [~BaseQueueElement] Queue element PullQEl_nms0yolov11n/conv80_143 has 0 frames in his Queue on destruction
[2026-04-18 12:27:37.069] [170989] [HailoRT] [info] [queue_elements.cpp:68] [operator()] Thread in element PullQEl_nms1yolov11n/conv77_143 is not running anymore, exiting..
[2026-04-18 12:27:37.069] [170494] [HailoRT] [info] [queue_elements.cpp:46] [~BaseQueueElement] Queue element PullQEl_nms1yolov11n/conv77_143 has 0 frames in his Queue on destruction
[2026-04-18 12:27:37.069] [170988] [HailoRT] [info] [queue_elements.cpp:68] [operator()] Thread in element PullQEl_nms13yolov11n/conv65_143 is not running anymore, exiting..
[2026-04-18 12:27:37.069] [170494] [HailoRT] [info] [queue_elements.cpp:46] [~BaseQueueElement] Queue element PullQEl_nms13yolov11n/conv65_143 has 0 frames in his Queue on destruction
[2026-04-18 12:27:37.069] [170987] [HailoRT] [info] [queue_elements.cpp:68] [operator()] Thread in element PullQEl_nms15yolov11n/conv62_143 is not running anymore, exiting..
[2026-04-18 12:27:37.069] [170494] [HailoRT] [info] [queue_elements.cpp:46] [~BaseQueueElement] Queue element PullQEl_nms15yolov11n/conv62_143 has 0 frames in his Queue on destruction
[2026-04-18 12:27:37.069] [170986] [HailoRT] [info] [queue_elements.cpp:68] [operator()] Thread in element PullQEl_nms12yolov11n/conv54_143 is not running anymore, exiting..
[2026-04-18 12:27:37.069] [170494] [HailoRT] [info] [queue_elements.cpp:46] [~BaseQueueElement] Queue element PullQEl_nms12yolov11n/conv54_143 has 0 frames in his Queue on destruction
[2026-04-18 12:27:37.070] [170985] [HailoRT] [info] [queue_elements.cpp:68] [operator()] Thread in element PullQEl_nms3yolov11n/conv51_143 is not running anymore, exiting..
[2026-04-18 12:27:37.070] [170494] [HailoRT] [info] [queue_elements.cpp:46] [~BaseQueueElement] Queue element PullQEl_nms3yolov11n/conv51_143 has 0 frames in his Queue on destruction
[2026-04-18 12:27:37.070] [170494] [HailoRT] [info] [core_op.cpp:186] [deactivate] Deactivating took 0.006871 ms
[2026-04-18 12:27:37.070] [170494] [HailoRT] [info] [core_op.cpp:186] [deactivate] Deactivating took 0.016056 ms
[2026-04-18 12:27:37.129] [170494] [HailoRT] [info] [vdevice.cpp:535] [create] Creating vdevice with params: device_count: 1, scheduling_algorithm: NONE, multi_process_service: false
[2026-04-18 12:27:37.130] [170494] [HailoRT] [info] [device.cpp:51] [Device] OS Version: Linux 6.12.75+rpt-rpi-2712 #1 SMP PREEMPT Debian 1:6.12.75-1+rpt1 (2026-03-11) aarch64
[2026-04-18 12:27:37.130] [170494] [HailoRT] [info] [control.cpp:113] [control__parse_identify_results] firmware_version is: 4.23.0
[2026-04-18 12:27:37.130] [170494] [HailoRT] [info] [vdevice.cpp:682] [create] VDevice Infos: 0001:01:00.0
[2026-04-18 12:27:37.136] [170494] [HailoRT] [warning] [buffer_requirements.cpp:131] [get_buffer_requirements_multiple_transfers] Desc page size value (1024) is not optimal for performance.
[2026-04-18 12:27:37.151] [170494] [HailoRT] [info] [internal_buffer_manager.cpp:77] [print_execution_results] Planned internal buffer memory: CMA=0 CMA-Desc=1376256 Pinned=55350272. memory to edge layer usage factor is 1
[2026-04-18 12:27:37.151] [170494] [HailoRT] [info] [internal_buffer_manager.cpp:86] [print_execution_results] Default Internal buffer planner executed successfully
[2026-04-18 12:27:37.261] [170494] [HailoRT] [info] [device_internal.cpp:57] [configure] Configuring HEF took 131.024371 milliseconds
[2026-04-18 12:27:37.261] [170494] [HailoRT] [info] [vdevice.cpp:780] [configure] Configuring HEF on VDevice took 131.553797 milliseconds
[2026-04-18 12:27:37.262] [170494] [HailoRT] [info] [control.cpp:113] [control__parse_identify_results] firmware_version is: 4.23.0
[2026-04-18 12:27:37.262] [170494] [HailoRT] [info] [control.cpp:113] [control__parse_identify_results] firmware_version is: 4.23.0
[2026-04-18 12:27:37.292] [170494] [HailoRT] [info] [core_op.cpp:156] [activate] Activating yolov11n took 29.613663 milliseconds. Note that the function is asynchronous and thus the network is not fully activated yet.
[2026-04-18 12:27:37.292] [170494] [HailoRT] [info] [core_op.cpp:156] [activate] Activating yolov11n took 29.638311 milliseconds. Note that the function is asynchronous and thus the network is not fully activated yet.
[2026-04-18 12:27:37.305] [170494] [HailoRT] [info] [control.cpp:113] [control__parse_identify_results] firmware_version is: 4.23.0
[2026-04-18 12:27:37.305] [170494] [HailoRT] [info] [control.cpp:113] [control__parse_identify_results] firmware_version is: 4.23.0
[2026-04-18 12:27:37.305] [170494] [HailoRT] [info] [edge_elements.cpp:52] [create] Created (HwWriteEl8yolov11n/input_layer1 | hw_frame_size: 1228800)
[2026-04-18 12:27:37.305] [170494] [HailoRT] [info] [queue_elements.cpp:284] [create] Created (PushQEl8yolov11n/input_layer1 | timeout: 10s)
[2026-04-18 12:27:37.306] [170494] [HailoRT] [info] [filter_elements.cpp:101] [create] Created (PreInferEl8yolov11n/input_layer1 | Reorder - src_order: NHWC, src_shape: (640, 640, 3), dst_order: NHCW, dst_shape: (640, 640, 3))
[2026-04-18 12:27:37.306] [170494] [HailoRT] [info] [vstream.cpp:754] [InputVStreamImpl] Creating yolov11n/input_layer1...
[2026-04-18 12:27:37.306] [170494] [HailoRT] [info] [vstream_builder.cpp:102] [create_inputs] Input pipeline 'yolov11n/input_layer1': (PreInferEl8yolov11n/input_layer1 | Reorder - src_order: NHWC, src_shape: (640, 640, 3), dst_order: NHCW, dst_shape: (640, 640, 3)) >> (PushQEl8yolov11n/input_layer1 | timeout: 10s) >> (HwWriteEl8yolov11n/input_layer1 | hw_frame_size: 1228800) >> HW
[2026-04-18 12:27:37.306] [170494] [HailoRT] [info] [multi_io_elements.cpp:135] [create] Created (NmsPPMuxEl0YOLOV8-Post-Process | Op YOLOV8, Name: YOLOV8-Post-Process, Score threshold: 0.200, IoU threshold: 0.70, Classes: 80, Max bboxes per class: 100, Image height: 640, Image width: 640)
[2026-04-18 12:27:37.306] [170494] [HailoRT] [info] [edge_elements.cpp:287] [create] Created (HwReadEl3yolov11n/conv51_143 | hw_frame_size: 409600)
[2026-04-18 12:27:37.306] [170494] [HailoRT] [info] [queue_elements.cpp:657] [create] Created (PullQEl_nms3yolov11n/conv51_143 | timeout: 10s)
[2026-04-18 12:27:37.306] [170494] [HailoRT] [info] [edge_elements.cpp:287] [create] Created (HwReadEl12yolov11n/conv54_143 | hw_frame_size: 512000)
[2026-04-18 12:27:37.306] [170494] [HailoRT] [info] [queue_elements.cpp:657] [create] Created (PullQEl_nms12yolov11n/conv54_143 | timeout: 10s)
[2026-04-18 12:27:37.306] [170494] [HailoRT] [info] [edge_elements.cpp:287] [create] Created (HwReadEl15yolov11n/conv62_143 | hw_frame_size: 102400)
[2026-04-18 12:27:37.306] [170494] [HailoRT] [info] [queue_elements.cpp:657] [create] Created (PullQEl_nms15yolov11n/conv62_143 | timeout: 10s)
[2026-04-18 12:27:37.306] [170494] [HailoRT] [info] [edge_elements.cpp:287] [create] Created (HwReadEl13yolov11n/conv65_143 | hw_frame_size: 128000)
[2026-04-18 12:27:37.306] [170494] [HailoRT] [info] [queue_elements.cpp:657] [create] Created (PullQEl_nms13yolov11n/conv65_143 | timeout: 10s)
[2026-04-18 12:27:37.306] [170494] [HailoRT] [info] [edge_elements.cpp:287] [create] Created (HwReadEl1yolov11n/conv77_143 | hw_frame_size: 30720)
[2026-04-18 12:27:37.306] [170494] [HailoRT] [info] [queue_elements.cpp:657] [create] Created (PullQEl_nms1yolov11n/conv77_143 | timeout: 10s)
[2026-04-18 12:27:37.306] [170494] [HailoRT] [info] [edge_elements.cpp:287] [create] Created (HwReadEl0yolov11n/conv80_143 | hw_frame_size: 38400)
[2026-04-18 12:27:37.306] [170494] [HailoRT] [info] [queue_elements.cpp:657] [create] Created (PullQEl_nms0yolov11n/conv80_143 | timeout: 10s)
[2026-04-18 12:27:37.306] [170494] [HailoRT] [info] [queue_elements.cpp:800] [create] Created (UserBufQEl_post_infer0yolov11n/yolov8_nms_postprocess | timeout: 10s)
[2026-04-18 12:27:37.306] [170494] [HailoRT] [info] [vstream.cpp:1114] [OutputVStreamImpl] Creating yolov11n/yolov8_nms_postprocess...
[2026-04-18 12:27:37.306] [170494] [HailoRT] [info] [vstream_builder.cpp:622] [create_output_post_process_nms] Output pipeline 'yolov11n/yolov8_nms_postprocess': HW >> (HwReadEl3yolov11n/conv51_143 | hw_frame_size: 409600) >> (PullQEl_nms3yolov11n/conv51_143) >> (HwReadEl12yolov11n/conv54_143 | hw_frame_size: 512000) >> (PullQEl_nms12yolov11n/conv54_143) >> (HwReadEl15yolov11n/conv62_143 | hw_frame_size: 102400) >> (PullQEl_nms15yolov11n/conv62_143) >> (HwReadEl13yolov11n/conv65_143 | hw_frame_size: 128000) >> (PullQEl_nms13yolov11n/conv65_143) >> (HwReadEl1yolov11n/conv77_143 | hw_frame_size: 30720) >> (PullQEl_nms1yolov11n/conv77_143) >> (HwReadEl0yolov11n/conv80_143 | hw_frame_size: 38400) >> (PullQEl_nms0yolov11n/conv80_143) >> (NmsPPMuxEl0YOLOV8-Post-Process | Op YOLOV8, Name: YOLOV8-Post-Process, Score threshold: 0.200, IoU threshold: 0.70, Classes: 80, Max bboxes per class: 100, Image height: 640, Image width: 640) >> (UserBufQEl_post_infer0yolov11n/yolov8_nms_postprocess | timeout: 10s)
[2026-04-18 12:28:37.308] [171504] [HailoRT] [info] [vdevice_native_stream.cpp:331] [read_impl] Failed read from stream HAILO_STREAM_ABORT(63) (device: 0001:01:00.0)
[2026-04-18 12:28:37.308] [171504] [HailoRT] [info] [edge_elements.cpp:396] [run_pull] Reading from stream was aborted!
[2026-04-18 12:28:37.308] [171504] [HailoRT] [info] [queue_elements.cpp:738] [run_in_thread] run_pull of queue element PullQEl_nms0yolov11n/conv80_143 was aborted!
[2026-04-18 12:28:37.308] [171503] [HailoRT] [info] [vdevice_native_stream.cpp:331] [read_impl] Failed read from stream HAILO_STREAM_ABORT(63) (device: 0001:01:00.0)
[2026-04-18 12:28:37.308] [171503] [HailoRT] [info] [edge_elements.cpp:396] [run_pull] Reading from stream was aborted!
[2026-04-18 12:28:37.308] [171503] [HailoRT] [info] [queue_elements.cpp:738] [run_in_thread] run_pull of queue element PullQEl_nms1yolov11n/conv77_143 was aborted!
[2026-04-18 12:28:37.309] [171502] [HailoRT] [info] [vdevice_native_stream.cpp:331] [read_impl] Failed read from stream HAILO_STREAM_ABORT(63) (device: 0001:01:00.0)
[2026-04-18 12:28:37.309] [171502] [HailoRT] [info] [edge_elements.cpp:396] [run_pull] Reading from stream was aborted!
[2026-04-18 12:28:37.309] [171502] [HailoRT] [info] [queue_elements.cpp:738] [run_in_thread] run_pull of queue element PullQEl_nms13yolov11n/conv65_143 was aborted!
[2026-04-18 12:28:37.310] [171501] [HailoRT] [info] [vdevice_native_stream.cpp:331] [read_impl] Failed read from stream HAILO_STREAM_ABORT(63) (device: 0001:01:00.0)
[2026-04-18 12:28:37.311] [171501] [HailoRT] [info] [edge_elements.cpp:396] [run_pull] Reading from stream was aborted!
[2026-04-18 12:28:37.311] [171501] [HailoRT] [info] [queue_elements.cpp:738] [run_in_thread] run_pull of queue element PullQEl_nms15yolov11n/conv62_143 was aborted!
[2026-04-18 12:28:37.311] [171499] [HailoRT] [info] [vdevice_native_stream.cpp:331] [read_impl] Failed read from stream HAILO_STREAM_ABORT(63) (device: 0001:01:00.0)
[2026-04-18 12:28:37.311] [171499] [HailoRT] [info] [edge_elements.cpp:396] [run_pull] Reading from stream was aborted!
[2026-04-18 12:28:37.311] [171499] [HailoRT] [info] [queue_elements.cpp:738] [run_in_thread] run_pull of queue element PullQEl_nms3yolov11n/conv51_143 was aborted!
[2026-04-18 12:28:37.311] [171500] [HailoRT] [info] [vdevice_native_stream.cpp:331] [read_impl] Failed read from stream HAILO_STREAM_ABORT(63) (device: 0001:01:00.0)
[2026-04-18 12:28:37.311] [171500] [HailoRT] [info] [edge_elements.cpp:396] [run_pull] Reading from stream was aborted!
[2026-04-18 12:28:37.311] [171509] [HailoRT] [info] [queue_elements.cpp:706] [run_pull] Shutdown event was signaled in dequeue of queue element PullQEl_nms3yolov11n/conv51_143!
[2026-04-18 12:28:37.311] [171509] [HailoRT] [info] [vstream.cpp:1138] [read] Receiving to VStream was shutdown!
[2026-04-18 12:28:37.311] [171500] [HailoRT] [info] [queue_elements.cpp:738] [run_in_thread] run_pull of queue element PullQEl_nms12yolov11n/conv54_143 was aborted!
[2026-04-18 12:28:37.311] [171498] [HailoRT] [info] [vdevice_native_stream.cpp:142] [write_impl] Failed write to stream yolov11n/input_layer1 (device: 0001:01:00.0) with status=HAILO_STREAM_ABORT(63)
[2026-04-18 12:28:37.311] [171498] [HailoRT] [info] [edge_elements.cpp:87] [run_push] Failed to send on input stream InputStream(index=8, name=yolov11n/input_layer1) because stream was aborted
[2026-04-18 12:28:37.311] [171498] [HailoRT] [info] [queue_elements.cpp:401] [run_in_thread] run_push of PushQEl8yolov11n/input_layer1 was aborted!
[2026-04-18 12:28:37.312] [171510] [HailoRT] [info] [queue_elements.cpp:319] [run_push] run_push of PushQEl8yolov11n/input_layer1 was aborted!
[2026-04-18 12:28:37.312] [171510] [HailoRT] [info] [filter_elements.cpp:35] [run_push] run_push of PreInferEl8yolov11n/input_layer1 was aborted!
[2026-04-18 12:28:37.312] [171510] [HailoRT] [info] [vstream.cpp:778] [write] Sending to VStream was aborted!
[2026-04-18 12:28:37.313] [170494] [HailoRT] [info] [queue_elements.cpp:360] [execute_deactivate] enqueue() in element PushQEl8yolov11n/input_layer1 was aborted, got status = HAILO_SHUTDOWN_EVENT_SIGNALED(57)
[2026-04-18 12:28:37.313] [171498] [HailoRT] [info] [queue_elements.cpp:68] [operator()] Thread in element PushQEl8yolov11n/input_layer1 is not running anymore, exiting..
[2026-04-18 12:28:37.313] [170494] [HailoRT] [info] [queue_elements.cpp:46] [~BaseQueueElement] Queue element PushQEl8yolov11n/input_layer1 has 0 frames in his Queue on destruction
[2026-04-18 12:28:37.313] [171505] [HailoRT] [info] [queue_elements.cpp:68] [operator()] Thread in element UserBufQEl_post_infer0yolov11n/yolov8_nms_postprocess is not running anymore, exiting..
[2026-04-18 12:28:37.313] [170494] [HailoRT] [info] [queue_elements.cpp:46] [~BaseQueueElement] Queue element UserBufQEl_post_infer0yolov11n/yolov8_nms_postprocess has 0 frames in his Queue on destruction
[2026-04-18 12:28:37.313] [171504] [HailoRT] [info] [queue_elements.cpp:68] [operator()] Thread in element PullQEl_nms0yolov11n/conv80_143 is not running anymore, exiting..
[2026-04-18 12:28:37.313] [170494] [HailoRT] [info] [queue_elements.cpp:46] [~BaseQueueElement] Queue element PullQEl_nms0yolov11n/conv80_143 has 0 frames in his Queue on destruction
[2026-04-18 12:28:37.313] [171503] [HailoRT] [info] [queue_elements.cpp:68] [operator()] Thread in element PullQEl_nms1yolov11n/conv77_143 is not running anymore, exiting..
[2026-04-18 12:28:37.313] [170494] [HailoRT] [info] [queue_elements.cpp:46] [~BaseQueueElement] Queue element PullQEl_nms1yolov11n/conv77_143 has 0 frames in his Queue on destruction
[2026-04-18 12:28:37.313] [171502] [HailoRT] [info] [queue_elements.cpp:68] [operator()] Thread in element PullQEl_nms13yolov11n/conv65_143 is not running anymore, exiting..
[2026-04-18 12:28:37.313] [170494] [HailoRT] [info] [queue_elements.cpp:46] [~BaseQueueElement] Queue element PullQEl_nms13yolov11n/conv65_143 has 0 frames in his Queue on destruction
[2026-04-18 12:28:37.314] [171501] [HailoRT] [info] [queue_elements.cpp:68] [operator()] Thread in element PullQEl_nms15yolov11n/conv62_143 is not running anymore, exiting..
[2026-04-18 12:28:37.314] [170494] [HailoRT] [info] [queue_elements.cpp:46] [~BaseQueueElement] Queue element PullQEl_nms15yolov11n/conv62_143 has 0 frames in his Queue on destruction
[2026-04-18 12:28:37.314] [171500] [HailoRT] [info] [queue_elements.cpp:68] [operator()] Thread in element PullQEl_nms12yolov11n/conv54_143 is not running anymore, exiting..
[2026-04-18 12:28:37.314] [170494] [HailoRT] [info] [queue_elements.cpp:46] [~BaseQueueElement] Queue element PullQEl_nms12yolov11n/conv54_143 has 0 frames in his Queue on destruction
[2026-04-18 12:28:37.314] [171499] [HailoRT] [info] [queue_elements.cpp:68] [operator()] Thread in element PullQEl_nms3yolov11n/conv51_143 is not running anymore, exiting..
[2026-04-18 12:28:37.314] [170494] [HailoRT] [info] [queue_elements.cpp:46] [~BaseQueueElement] Queue element PullQEl_nms3yolov11n/conv51_143 has 0 frames in his Queue on destruction
[2026-04-18 12:28:37.314] [170494] [HailoRT] [info] [core_op.cpp:186] [deactivate] Deactivating took 0.012018 ms
[2026-04-18 12:28:37.314] [170494] [HailoRT] [info] [core_op.cpp:186] [deactivate] Deactivating took 0.022463 ms
[2026-04-18 12:28:47.638] [172017] [HailoRT] [info] [vdevice.cpp:535] [create] Creating vdevice with params: device_count: 1, scheduling_algorithm: NONE, multi_process_service: false
[2026-04-18 12:28:47.650] [172017] [HailoRT] [info] [device.cpp:51] [Device] OS Version: Linux 6.12.75+rpt-rpi-2712 #1 SMP PREEMPT Debian 1:6.12.75-1+rpt1 (2026-03-11) aarch64
[2026-04-18 12:28:47.651] [172017] [HailoRT] [info] [control.cpp:113] [control__parse_identify_results] firmware_version is: 4.23.0
[2026-04-18 12:28:47.651] [172017] [HailoRT] [info] [vdevice.cpp:682] [create] VDevice Infos: 0001:01:00.0
[2026-04-18 12:28:47.657] [172017] [HailoRT] [warning] [buffer_requirements.cpp:131] [get_buffer_requirements_multiple_transfers] Desc page size value (1024) is not optimal for performance.
[2026-04-18 12:28:47.677] [172017] [HailoRT] [info] [internal_buffer_manager.cpp:77] [print_execution_results] Planned internal buffer memory: CMA=0 CMA-Desc=1376256 Pinned=56527872. memory to edge layer usage factor is 1
[2026-04-18 12:28:47.677] [172017] [HailoRT] [info] [internal_buffer_manager.cpp:86] [print_execution_results] Default Internal buffer planner executed successfully
[2026-04-18 12:28:47.785] [172017] [HailoRT] [info] [device_internal.cpp:57] [configure] Configuring HEF took 134.039353 milliseconds
[2026-04-18 12:28:47.785] [172017] [HailoRT] [info] [vdevice.cpp:780] [configure] Configuring HEF on VDevice took 134.447538 milliseconds
[2026-04-18 12:28:47.786] [172017] [HailoRT] [info] [control.cpp:113] [control__parse_identify_results] firmware_version is: 4.23.0
[2026-04-18 12:28:47.786] [172017] [HailoRT] [info] [control.cpp:113] [control__parse_identify_results] firmware_version is: 4.23.0
[2026-04-18 12:28:47.820] [172017] [HailoRT] [info] [core_op.cpp:156] [activate] Activating yolov11n took 34.310454 milliseconds. Note that the function is asynchronous and thus the network is not fully activated yet.
[2026-04-18 12:28:47.820] [172017] [HailoRT] [info] [core_op.cpp:156] [activate] Activating yolov11n took 34.340806 milliseconds. Note that the function is asynchronous and thus the network is not fully activated yet.
[2026-04-18 12:28:47.834] [172017] [HailoRT] [info] [control.cpp:113] [control__parse_identify_results] firmware_version is: 4.23.0
[2026-04-18 12:28:47.834] [172017] [HailoRT] [info] [control.cpp:113] [control__parse_identify_results] firmware_version is: 4.23.0
[2026-04-18 12:28:48.935] [172009] [HailoRT] [info] [device.cpp:51] [Device] OS Version: Linux 6.12.75+rpt-rpi-2712 #1 SMP PREEMPT Debian 1:6.12.75-1+rpt1 (2026-03-11) aarch64
[2026-04-18 12:28:48.935] [172009] [HailoRT] [info] [control.cpp:113] [control__parse_identify_results] firmware_version is: 4.23.0
[2026-04-18 12:28:48.936] [172009] [HailoRT] [info] [control.cpp:113] [control__parse_identify_results] firmware_version is: 4.23.0
[2026-04-18 12:29:47.835] [172028] [HailoRT] [info] [vdevice_native_stream.cpp:331] [read_impl] Failed read from stream HAILO_STREAM_ABORT(63) (device: 0001:01:00.0)
[2026-04-18 12:29:47.835] [172029] [HailoRT] [info] [vdevice_native_stream.cpp:331] [read_impl] Failed read from stream HAILO_STREAM_ABORT(63) (device: 0001:01:00.0)
[2026-04-18 12:29:47.835] [172027] [HailoRT] [info] [vdevice_native_stream.cpp:331] [read_impl] Failed read from stream HAILO_STREAM_ABORT(63) (device: 0001:01:00.0)
[2026-04-18 12:29:47.835] [172031] [HailoRT] [info] [vdevice_native_stream.cpp:331] [read_impl] Failed read from stream HAILO_STREAM_ABORT(63) (device: 0001:01:00.0)
[2026-04-18 12:29:47.835] [172026] [HailoRT] [info] [vdevice_native_stream.cpp:331] [read_impl] Failed read from stream HAILO_STREAM_ABORT(63) (device: 0001:01:00.0)
[2026-04-18 12:29:47.835] [172032] [HailoRT] [info] [vdevice_native_stream.cpp:142] [write_impl] Failed write to stream yolov11n/input_layer1 (device: 0001:01:00.0) with status=HAILO_STREAM_ABORT(63)
[2026-04-18 12:29:47.835] [172030] [HailoRT] [info] [vdevice_native_stream.cpp:331] [read_impl] Failed read from stream HAILO_STREAM_ABORT(63) (device: 0001:01:00.0)
[2026-04-18 12:29:47.878] [172017] [HailoRT] [info] [core_op.cpp:186] [deactivate] Deactivating took 0.008611 ms
[2026-04-18 12:29:47.878] [172017] [HailoRT] [info] [core_op.cpp:186] [deactivate] Deactivating took 0.03437 ms
[2026-04-18 12:29:47.931] [172017] [HailoRT] [info] [vdevice.cpp:535] [create] Creating vdevice with params: device_count: 1, scheduling_algorithm: NONE, multi_process_service: false
[2026-04-18 12:29:47.932] [172017] [HailoRT] [info] [device.cpp:51] [Device] OS Version: Linux 6.12.75+rpt-rpi-2712 #1 SMP PREEMPT Debian 1:6.12.75-1+rpt1 (2026-03-11) aarch64
[2026-04-18 12:29:47.932] [172017] [HailoRT] [info] [control.cpp:113] [control__parse_identify_results] firmware_version is: 4.23.0
[2026-04-18 12:29:47.932] [172017] [HailoRT] [info] [vdevice.cpp:682] [create] VDevice Infos: 0001:01:00.0
[2026-04-18 12:29:47.940] [172017] [HailoRT] [warning] [buffer_requirements.cpp:131] [get_buffer_requirements_multiple_transfers] Desc page size value (1024) is not optimal for performance.
[2026-04-18 12:29:47.963] [172017] [HailoRT] [info] [internal_buffer_manager.cpp:77] [print_execution_results] Planned internal buffer memory: CMA=0 CMA-Desc=1376256 Pinned=56527872. memory to edge layer usage factor is 1
[2026-04-18 12:29:47.963] [172017] [HailoRT] [info] [internal_buffer_manager.cpp:86] [print_execution_results] Default Internal buffer planner executed successfully
[2026-04-18 12:29:48.071] [172017] [HailoRT] [info] [device_internal.cpp:57] [configure] Configuring HEF took 138.669635 milliseconds
[2026-04-18 12:29:48.071] [172017] [HailoRT] [info] [vdevice.cpp:780] [configure] Configuring HEF on VDevice took 139.077005 milliseconds
[2026-04-18 12:29:48.071] [172017] [HailoRT] [info] [control.cpp:113] [control__parse_identify_results] firmware_version is: 4.23.0
[2026-04-18 12:29:48.072] [172017] [HailoRT] [info] [control.cpp:113] [control__parse_identify_results] firmware_version is: 4.23.0
[2026-04-18 12:29:48.106] [172017] [HailoRT] [info] [core_op.cpp:156] [activate] Activating yolov11n took 34.605469 milliseconds. Note that the function is asynchronous and thus the network is not fully activated yet.
[2026-04-18 12:29:48.106] [172017] [HailoRT] [info] [core_op.cpp:156] [activate] Activating yolov11n took 34.630525 milliseconds. Note that the function is asynchronous and thus the network is not fully activated yet.
[2026-04-18 12:29:48.120] [172017] [HailoRT] [info] [control.cpp:113] [control__parse_identify_results] firmware_version is: 4.23.0
[2026-04-18 12:29:48.120] [172017] [HailoRT] [info] [control.cpp:113] [control__parse_identify_results] firmware_version is: 4.23.0
[2026-04-18 12:29:48.120] [172017] [HailoRT] [info] [edge_elements.cpp:52] [create] Created (HwWriteEl8yolov11n/input_layer1 | hw_frame_size: 1228800)
[2026-04-18 12:29:48.120] [172017] [HailoRT] [info] [queue_elements.cpp:284] [create] Created (PushQEl8yolov11n/input_layer1 | timeout: 10s)
[2026-04-18 12:29:48.120] [172017] [HailoRT] [info] [filter_elements.cpp:101] [create] Created (PreInferEl8yolov11n/input_layer1 | Reorder - src_order: NHWC, src_shape: (640, 640, 3), dst_order: NHCW, dst_shape: (640, 640, 3))
[2026-04-18 12:29:48.120] [172017] [HailoRT] [info] [vstream.cpp:754] [InputVStreamImpl] Creating yolov11n/input_layer1...
[2026-04-18 12:29:48.120] [172017] [HailoRT] [info] [vstream_builder.cpp:102] [create_inputs] Input pipeline 'yolov11n/input_layer1': (PreInferEl8yolov11n/input_layer1 | Reorder - src_order: NHWC, src_shape: (640, 640, 3), dst_order: NHCW, dst_shape: (640, 640, 3)) >> (PushQEl8yolov11n/input_layer1 | timeout: 10s) >> (HwWriteEl8yolov11n/input_layer1 | hw_frame_size: 1228800) >> HW
[2026-04-18 12:29:48.120] [172017] [HailoRT] [info] [multi_io_elements.cpp:135] [create] Created (NmsPPMuxEl0YOLOV8-Post-Process | Op YOLOV8, Name: YOLOV8-Post-Process, Score threshold: 0.200, IoU threshold: 0.70, Classes: 80, Max bboxes per class: 100, Image height: 640, Image width: 640)
[2026-04-18 12:29:48.120] [172017] [HailoRT] [info] [edge_elements.cpp:287] [create] Created (HwReadEl3yolov11n/conv51_143 | hw_frame_size: 409600)
[2026-04-18 12:29:48.120] [172017] [HailoRT] [info] [queue_elements.cpp:657] [create] Created (PullQEl_nms3yolov11n/conv51_143 | timeout: 10s)
[2026-04-18 12:29:48.120] [172017] [HailoRT] [info] [edge_elements.cpp:287] [create] Created (HwReadEl12yolov11n/conv54_143 | hw_frame_size: 512000)
[2026-04-18 12:29:48.120] [172017] [HailoRT] [info] [queue_elements.cpp:657] [create] Created (PullQEl_nms12yolov11n/conv54_143 | timeout: 10s)
[2026-04-18 12:29:48.120] [172017] [HailoRT] [info] [edge_elements.cpp:287] [create] Created (HwReadEl15yolov11n/conv62_143 | hw_frame_size: 102400)
[2026-04-18 12:29:48.120] [172017] [HailoRT] [info] [queue_elements.cpp:657] [create] Created (PullQEl_nms15yolov11n/conv62_143 | timeout: 10s)
[2026-04-18 12:29:48.120] [172017] [HailoRT] [info] [edge_elements.cpp:287] [create] Created (HwReadEl13yolov11n/conv65_143 | hw_frame_size: 128000)
[2026-04-18 12:29:48.121] [172017] [HailoRT] [info] [queue_elements.cpp:657] [create] Created (PullQEl_nms13yolov11n/conv65_143 | timeout: 10s)
[2026-04-18 12:29:48.121] [172017] [HailoRT] [info] [edge_elements.cpp:287] [create] Created (HwReadEl1yolov11n/conv77_143 | hw_frame_size: 30720)
[2026-04-18 12:29:48.121] [172017] [HailoRT] [info] [queue_elements.cpp:657] [create] Created (PullQEl_nms1yolov11n/conv77_143 | timeout: 10s)
[2026-04-18 12:29:48.121] [172017] [HailoRT] [info] [edge_elements.cpp:287] [create] Created (HwReadEl0yolov11n/conv80_143 | hw_frame_size: 38400)
[2026-04-18 12:29:48.121] [172017] [HailoRT] [info] [queue_elements.cpp:657] [create] Created (PullQEl_nms0yolov11n/conv80_143 | timeout: 10s)
[2026-04-18 12:29:48.121] [172017] [HailoRT] [info] [queue_elements.cpp:800] [create] Created (UserBufQEl_post_infer0yolov11n/yolov8_nms_postprocess | timeout: 10s)
[2026-04-18 12:29:48.121] [172017] [HailoRT] [info] [vstream.cpp:1114] [OutputVStreamImpl] Creating yolov11n/yolov8_nms_postprocess...
[2026-04-18 12:29:48.121] [172017] [HailoRT] [info] [vstream_builder.cpp:622] [create_output_post_process_nms] Output pipeline 'yolov11n/yolov8_nms_postprocess': HW >> (HwReadEl3yolov11n/conv51_143 | hw_frame_size: 409600) >> (PullQEl_nms3yolov11n/conv51_143) >> (HwReadEl12yolov11n/conv54_143 | hw_frame_size: 512000) >> (PullQEl_nms12yolov11n/conv54_143) >> (HwReadEl15yolov11n/conv62_143 | hw_frame_size: 102400) >> (PullQEl_nms15yolov11n/conv62_143) >> (HwReadEl13yolov11n/conv65_143 | hw_frame_size: 128000) >> (PullQEl_nms13yolov11n/conv65_143) >> (HwReadEl1yolov11n/conv77_143 | hw_frame_size: 30720) >> (PullQEl_nms1yolov11n/conv77_143) >> (HwReadEl0yolov11n/conv80_143 | hw_frame_size: 38400) >> (PullQEl_nms0yolov11n/conv80_143) >> (NmsPPMuxEl0YOLOV8-Post-Process | Op YOLOV8, Name: YOLOV8-Post-Process, Score threshold: 0.200, IoU threshold: 0.70, Classes: 80, Max bboxes per class: 100, Image height: 640, Image width: 640) >> (UserBufQEl_post_infer0yolov11n/yolov8_nms_postprocess | timeout: 10s)
[2026-04-18 12:30:48.121] [172511] [HailoRT] [info] [vdevice_native_stream.cpp:331] [read_impl] Failed read from stream HAILO_STREAM_ABORT(63) (device: 0001:01:00.0)
[2026-04-18 12:30:48.121] [172511] [HailoRT] [info] [edge_elements.cpp:396] [run_pull] Reading from stream was aborted!
[2026-04-18 12:30:48.121] [172512] [HailoRT] [info] [vdevice_native_stream.cpp:331] [read_impl] Failed read from stream HAILO_STREAM_ABORT(63) (device: 0001:01:00.0)
[2026-04-18 12:30:48.121] [172510] [HailoRT] [info] [vdevice_native_stream.cpp:331] [read_impl] Failed read from stream HAILO_STREAM_ABORT(63) (device: 0001:01:00.0)
[2026-04-18 12:30:48.121] [172510] [HailoRT] [info] [edge_elements.cpp:396] [run_pull] Reading from stream was aborted!
[2026-04-18 12:30:48.121] [172512] [HailoRT] [info] [edge_elements.cpp:396] [run_pull] Reading from stream was aborted!
[2026-04-18 12:30:48.121] [172509] [HailoRT] [info] [vdevice_native_stream.cpp:331] [read_impl] Failed read from stream HAILO_STREAM_ABORT(63) (device: 0001:01:00.0)
[2026-04-18 12:30:48.121] [172510] [HailoRT] [info] [queue_elements.cpp:738] [run_in_thread] run_pull of queue element PullQEl_nms15yolov11n/conv62_143 was aborted!
[2026-04-18 12:30:48.121] [172509] [HailoRT] [info] [edge_elements.cpp:396] [run_pull] Reading from stream was aborted!
[2026-04-18 12:30:48.121] [172512] [HailoRT] [info] [queue_elements.cpp:738] [run_in_thread] run_pull of queue element PullQEl_nms1yolov11n/conv77_143 was aborted!
[2026-04-18 12:30:48.121] [172509] [HailoRT] [info] [queue_elements.cpp:738] [run_in_thread] run_pull of queue element PullQEl_nms12yolov11n/conv54_143 was aborted!
[2026-04-18 12:30:48.121] [172508] [HailoRT] [info] [vdevice_native_stream.cpp:331] [read_impl] Failed read from stream HAILO_STREAM_ABORT(63) (device: 0001:01:00.0)
[2026-04-18 12:30:48.121] [172508] [HailoRT] [info] [edge_elements.cpp:396] [run_pull] Reading from stream was aborted!
[2026-04-18 12:30:48.121] [172511] [HailoRT] [info] [queue_elements.cpp:738] [run_in_thread] run_pull of queue element PullQEl_nms13yolov11n/conv65_143 was aborted!
[2026-04-18 12:30:48.121] [172508] [HailoRT] [info] [queue_elements.cpp:738] [run_in_thread] run_pull of queue element PullQEl_nms3yolov11n/conv51_143 was aborted!
[2026-04-18 12:30:48.121] [172507] [HailoRT] [info] [vdevice_native_stream.cpp:142] [write_impl] Failed write to stream yolov11n/input_layer1 (device: 0001:01:00.0) with status=HAILO_STREAM_ABORT(63)
[2026-04-18 12:30:48.121] [172507] [HailoRT] [info] [edge_elements.cpp:87] [run_push] Failed to send on input stream InputStream(index=8, name=yolov11n/input_layer1) because stream was aborted
[2026-04-18 12:30:48.121] [172507] [HailoRT] [info] [queue_elements.cpp:401] [run_in_thread] run_push of PushQEl8yolov11n/input_layer1 was aborted!
[2026-04-18 12:30:48.121] [172513] [HailoRT] [info] [vdevice_native_stream.cpp:331] [read_impl] Failed read from stream HAILO_STREAM_ABORT(63) (device: 0001:01:00.0)
[2026-04-18 12:30:48.121] [172513] [HailoRT] [info] [edge_elements.cpp:396] [run_pull] Reading from stream was aborted!
[2026-04-18 12:30:48.121] [172513] [HailoRT] [info] [queue_elements.cpp:738] [run_in_thread] run_pull of queue element PullQEl_nms0yolov11n/conv80_143 was aborted!
[2026-04-18 12:30:48.122] [172517] [HailoRT] [info] [queue_elements.cpp:706] [run_pull] Shutdown event was signaled in dequeue of queue element PullQEl_nms3yolov11n/conv51_143!
[2026-04-18 12:30:48.122] [172517] [HailoRT] [info] [vstream.cpp:1138] [read] Receiving to VStream was shutdown!
[2026-04-18 12:30:48.122] [172518] [HailoRT] [info] [queue_elements.cpp:319] [run_push] run_push of PushQEl8yolov11n/input_layer1 was aborted!
[2026-04-18 12:30:48.122] [172518] [HailoRT] [info] [filter_elements.cpp:35] [run_push] run_push of PreInferEl8yolov11n/input_layer1 was aborted!
[2026-04-18 12:30:48.122] [172518] [HailoRT] [info] [vstream.cpp:778] [write] Sending to VStream was aborted!
[2026-04-18 12:30:48.163] [172017] [HailoRT] [info] [queue_elements.cpp:360] [execute_deactivate] enqueue() in element PushQEl8yolov11n/input_layer1 was aborted, got status = HAILO_SHUTDOWN_EVENT_SIGNALED(57)
[2026-04-18 12:30:48.163] [172507] [HailoRT] [info] [queue_elements.cpp:68] [operator()] Thread in element PushQEl8yolov11n/input_layer1 is not running anymore, exiting..
[2026-04-18 12:30:48.163] [172017] [HailoRT] [info] [queue_elements.cpp:46] [~BaseQueueElement] Queue element PushQEl8yolov11n/input_layer1 has 1 frames in his Queue on destruction
[2026-04-18 12:30:48.164] [172514] [HailoRT] [info] [queue_elements.cpp:68] [operator()] Thread in element UserBufQEl_post_infer0yolov11n/yolov8_nms_postprocess is not running anymore, exiting..
[2026-04-18 12:30:48.164] [172017] [HailoRT] [info] [queue_elements.cpp:46] [~BaseQueueElement] Queue element UserBufQEl_post_infer0yolov11n/yolov8_nms_postprocess has 0 frames in his Queue on destruction
[2026-04-18 12:30:48.164] [172513] [HailoRT] [info] [queue_elements.cpp:68] [operator()] Thread in element PullQEl_nms0yolov11n/conv80_143 is not running anymore, exiting..
[2026-04-18 12:30:48.164] [172017] [HailoRT] [info] [queue_elements.cpp:46] [~BaseQueueElement] Queue element PullQEl_nms0yolov11n/conv80_143 has 0 frames in his Queue on destruction
[2026-04-18 12:30:48.164] [172512] [HailoRT] [info] [queue_elements.cpp:68] [operator()] Thread in element PullQEl_nms1yolov11n/conv77_143 is not running anymore, exiting..
[2026-04-18 12:30:48.164] [172017] [HailoRT] [info] [queue_elements.cpp:46] [~BaseQueueElement] Queue element PullQEl_nms1yolov11n/conv77_143 has 0 frames in his Queue on destruction
[2026-04-18 12:30:48.164] [172511] [HailoRT] [info] [queue_elements.cpp:68] [operator()] Thread in element PullQEl_nms13yolov11n/conv65_143 is not running anymore, exiting..
[2026-04-18 12:30:48.164] [172017] [HailoRT] [info] [queue_elements.cpp:46] [~BaseQueueElement] Queue element PullQEl_nms13yolov11n/conv65_143 has 0 frames in his Queue on destruction
[2026-04-18 12:30:48.164] [172510] [HailoRT] [info] [queue_elements.cpp:68] [operator()] Thread in element PullQEl_nms15yolov11n/conv62_143 is not running anymore, exiting..
[2026-04-18 12:30:48.164] [172017] [HailoRT] [info] [queue_elements.cpp:46] [~BaseQueueElement] Queue element PullQEl_nms15yolov11n/conv62_143 has 0 frames in his Queue on destruction
[2026-04-18 12:30:48.164] [172509] [HailoRT] [info] [queue_elements.cpp:68] [operator()] Thread in element PullQEl_nms12yolov11n/conv54_143 is not running anymore, exiting..
[2026-04-18 12:30:48.164] [172017] [HailoRT] [info] [queue_elements.cpp:46] [~BaseQueueElement] Queue element PullQEl_nms12yolov11n/conv54_143 has 0 frames in his Queue on destruction
[2026-04-18 12:30:48.164] [172508] [HailoRT] [info] [queue_elements.cpp:68] [operator()] Thread in element PullQEl_nms3yolov11n/conv51_143 is not running anymore, exiting..
[2026-04-18 12:30:48.164] [172017] [HailoRT] [info] [queue_elements.cpp:46] [~BaseQueueElement] Queue element PullQEl_nms3yolov11n/conv51_143 has 0 frames in his Queue on destruction
[2026-04-18 12:30:48.164] [172017] [HailoRT] [info] [core_op.cpp:186] [deactivate] Deactivating took 0.008092 ms
[2026-04-18 12:30:48.164] [172017] [HailoRT] [info] [core_op.cpp:186] [deactivate] Deactivating took 0.018056 ms
[2026-04-18 12:30:48.225] [172017] [HailoRT] [info] [vdevice.cpp:535] [create] Creating vdevice with params: device_count: 1, scheduling_algorithm: NONE, multi_process_service: false
[2026-04-18 12:30:48.225] [172017] [HailoRT] [info] [device.cpp:51] [Device] OS Version: Linux 6.12.75+rpt-rpi-2712 #1 SMP PREEMPT Debian 1:6.12.75-1+rpt1 (2026-03-11) aarch64
[2026-04-18 12:30:48.225] [172017] [HailoRT] [info] [control.cpp:113] [control__parse_identify_results] firmware_version is: 4.23.0
[2026-04-18 12:30:48.225] [172017] [HailoRT] [info] [vdevice.cpp:682] [create] VDevice Infos: 0001:01:00.0
[2026-04-18 12:30:48.234] [172017] [HailoRT] [warning] [buffer_requirements.cpp:131] [get_buffer_requirements_multiple_transfers] Desc page size value (1024) is not optimal for performance.
[2026-04-18 12:30:48.256] [172017] [HailoRT] [info] [internal_buffer_manager.cpp:77] [print_execution_results] Planned internal buffer memory: CMA=0 CMA-Desc=1376256 Pinned=56527872. memory to edge layer usage factor is 1
[2026-04-18 12:30:48.256] [172017] [HailoRT] [info] [internal_buffer_manager.cpp:86] [print_execution_results] Default Internal buffer planner executed successfully
[2026-04-18 12:30:48.362] [172017] [HailoRT] [info] [device_internal.cpp:57] [configure] Configuring HEF took 136.579587 milliseconds
[2026-04-18 12:30:48.362] [172017] [HailoRT] [info] [vdevice.cpp:780] [configure] Configuring HEF on VDevice took 136.942642 milliseconds
[2026-04-18 12:30:48.363] [172017] [HailoRT] [info] [control.cpp:113] [control__parse_identify_results] firmware_version is: 4.23.0
[2026-04-18 12:30:48.363] [172017] [HailoRT] [info] [control.cpp:113] [control__parse_identify_results] firmware_version is: 4.23.0
[2026-04-18 12:30:48.392] [172017] [HailoRT] [info] [core_op.cpp:156] [activate] Activating yolov11n took 29.344524 milliseconds. Note that the function is asynchronous and thus the network is not fully activated yet.
[2026-04-18 12:30:48.392] [172017] [HailoRT] [info] [core_op.cpp:156] [activate] Activating yolov11n took 29.369265 milliseconds. Note that the function is asynchronous and thus the network is not fully activated yet.
[2026-04-18 12:30:48.405] [172017] [HailoRT] [info] [control.cpp:113] [control__parse_identify_results] firmware_version is: 4.23.0
[2026-04-18 12:30:48.406] [172017] [HailoRT] [info] [control.cpp:113] [control__parse_identify_results] firmware_version is: 4.23.0
[2026-04-18 12:30:48.406] [172017] [HailoRT] [info] [edge_elements.cpp:52] [create] Created (HwWriteEl8yolov11n/input_layer1 | hw_frame_size: 1228800)
[2026-04-18 12:30:48.406] [172017] [HailoRT] [info] [queue_elements.cpp:284] [create] Created (PushQEl8yolov11n/input_layer1 | timeout: 10s)
[2026-04-18 12:30:48.406] [172017] [HailoRT] [info] [filter_elements.cpp:101] [create] Created (PreInferEl8yolov11n/input_layer1 | Reorder - src_order: NHWC, src_shape: (640, 640, 3), dst_order: NHCW, dst_shape: (640, 640, 3))
[2026-04-18 12:30:48.406] [172017] [HailoRT] [info] [vstream.cpp:754] [InputVStreamImpl] Creating yolov11n/input_layer1...
[2026-04-18 12:30:48.406] [172017] [HailoRT] [info] [vstream_builder.cpp:102] [create_inputs] Input pipeline 'yolov11n/input_layer1': (PreInferEl8yolov11n/input_layer1 | Reorder - src_order: NHWC, src_shape: (640, 640, 3), dst_order: NHCW, dst_shape: (640, 640, 3)) >> (PushQEl8yolov11n/input_layer1 | timeout: 10s) >> (HwWriteEl8yolov11n/input_layer1 | hw_frame_size: 1228800) >> HW
[2026-04-18 12:30:48.406] [172017] [HailoRT] [info] [multi_io_elements.cpp:135] [create] Created (NmsPPMuxEl0YOLOV8-Post-Process | Op YOLOV8, Name: YOLOV8-Post-Process, Score threshold: 0.200, IoU threshold: 0.70, Classes: 80, Max bboxes per class: 100, Image height: 640, Image width: 640)
[2026-04-18 12:30:48.406] [172017] [HailoRT] [info] [edge_elements.cpp:287] [create] Created (HwReadEl3yolov11n/conv51_143 | hw_frame_size: 409600)
[2026-04-18 12:30:48.406] [172017] [HailoRT] [info] [queue_elements.cpp:657] [create] Created (PullQEl_nms3yolov11n/conv51_143 | timeout: 10s)
[2026-04-18 12:30:48.406] [172017] [HailoRT] [info] [edge_elements.cpp:287] [create] Created (HwReadEl12yolov11n/conv54_143 | hw_frame_size: 512000)
[2026-04-18 12:30:48.406] [172017] [HailoRT] [info] [queue_elements.cpp:657] [create] Created (PullQEl_nms12yolov11n/conv54_143 | timeout: 10s)
[2026-04-18 12:30:48.406] [172017] [HailoRT] [info] [edge_elements.cpp:287] [create] Created (HwReadEl15yolov11n/conv62_143 | hw_frame_size: 102400)
[2026-04-18 12:30:48.406] [172017] [HailoRT] [info] [queue_elements.cpp:657] [create] Created (PullQEl_nms15yolov11n/conv62_143 | timeout: 10s)
[2026-04-18 12:30:48.406] [172017] [HailoRT] [info] [edge_elements.cpp:287] [create] Created (HwReadEl13yolov11n/conv65_143 | hw_frame_size: 128000)
[2026-04-18 12:30:48.406] [172017] [HailoRT] [info] [queue_elements.cpp:657] [create] Created (PullQEl_nms13yolov11n/conv65_143 | timeout: 10s)
[2026-04-18 12:30:48.406] [172017] [HailoRT] [info] [edge_elements.cpp:287] [create] Created (HwReadEl1yolov11n/conv77_143 | hw_frame_size: 30720)
[2026-04-18 12:30:48.406] [172017] [HailoRT] [info] [queue_elements.cpp:657] [create] Created (PullQEl_nms1yolov11n/conv77_143 | timeout: 10s)
[2026-04-18 12:30:48.406] [172017] [HailoRT] [info] [edge_elements.cpp:287] [create] Created (HwReadEl0yolov11n/conv80_143 | hw_frame_size: 38400)
[2026-04-18 12:30:48.407] [172017] [HailoRT] [info] [queue_elements.cpp:657] [create] Created (PullQEl_nms0yolov11n/conv80_143 | timeout: 10s)
[2026-04-18 12:30:48.407] [172017] [HailoRT] [info] [queue_elements.cpp:800] [create] Created (UserBufQEl_post_infer0yolov11n/yolov8_nms_postprocess | timeout: 10s)
[2026-04-18 12:30:48.407] [172017] [HailoRT] [info] [vstream.cpp:1114] [OutputVStreamImpl] Creating yolov11n/yolov8_nms_postprocess...
[2026-04-18 12:30:48.407] [172017] [HailoRT] [info] [vstream_builder.cpp:622] [create_output_post_process_nms] Output pipeline 'yolov11n/yolov8_nms_postprocess': HW >> (HwReadEl3yolov11n/conv51_143 | hw_frame_size: 409600) >> (PullQEl_nms3yolov11n/conv51_143) >> (HwReadEl12yolov11n/conv54_143 | hw_frame_size: 512000) >> (PullQEl_nms12yolov11n/conv54_143) >> (HwReadEl15yolov11n/conv62_143 | hw_frame_size: 102400) >> (PullQEl_nms15yolov11n/conv62_143) >> (HwReadEl13yolov11n/conv65_143 | hw_frame_size: 128000) >> (PullQEl_nms13yolov11n/conv65_143) >> (HwReadEl1yolov11n/conv77_143 | hw_frame_size: 30720) >> (PullQEl_nms1yolov11n/conv77_143) >> (HwReadEl0yolov11n/conv80_143 | hw_frame_size: 38400) >> (PullQEl_nms0yolov11n/conv80_143) >> (NmsPPMuxEl0YOLOV8-Post-Process | Op YOLOV8, Name: YOLOV8-Post-Process, Score threshold: 0.200, IoU threshold: 0.70, Classes: 80, Max bboxes per class: 100, Image height: 640, Image width: 640) >> (UserBufQEl_post_infer0yolov11n/yolov8_nms_postprocess | timeout: 10s)
[2026-04-18 12:31:48.407] [173019] [HailoRT] [info] [vdevice_native_stream.cpp:331] [read_impl] Failed read from stream HAILO_STREAM_ABORT(63) (device: 0001:01:00.0)
[2026-04-18 12:31:48.407] [173015] [HailoRT] [info] [vdevice_native_stream.cpp:331] [read_impl] Failed read from stream HAILO_STREAM_ABORT(63) (device: 0001:01:00.0)
[2026-04-18 12:31:48.407] [173019] [HailoRT] [info] [edge_elements.cpp:396] [run_pull] Reading from stream was aborted!
[2026-04-18 12:31:48.407] [173015] [HailoRT] [info] [edge_elements.cpp:396] [run_pull] Reading from stream was aborted!
[2026-04-18 12:31:48.407] [173018] [HailoRT] [info] [vdevice_native_stream.cpp:331] [read_impl] Failed read from stream HAILO_STREAM_ABORT(63) (device: 0001:01:00.0)
[2026-04-18 12:31:48.407] [173018] [HailoRT] [info] [edge_elements.cpp:396] [run_pull] Reading from stream was aborted!
[2026-04-18 12:31:48.407] [173019] [HailoRT] [info] [queue_elements.cpp:738] [run_in_thread] run_pull of queue element PullQEl_nms0yolov11n/conv80_143 was aborted!
[2026-04-18 12:31:48.407] [173018] [HailoRT] [info] [queue_elements.cpp:738] [run_in_thread] run_pull of queue element PullQEl_nms1yolov11n/conv77_143 was aborted!
[2026-04-18 12:31:48.407] [173015] [HailoRT] [info] [queue_elements.cpp:738] [run_in_thread] run_pull of queue element PullQEl_nms12yolov11n/conv54_143 was aborted!
[2026-04-18 12:31:48.407] [173014] [HailoRT] [info] [vdevice_native_stream.cpp:331] [read_impl] Failed read from stream HAILO_STREAM_ABORT(63) (device: 0001:01:00.0)
[2026-04-18 12:31:48.407] [173014] [HailoRT] [info] [edge_elements.cpp:396] [run_pull] Reading from stream was aborted!
[2026-04-18 12:31:48.407] [173014] [HailoRT] [info] [queue_elements.cpp:738] [run_in_thread] run_pull of queue element PullQEl_nms3yolov11n/conv51_143 was aborted!
[2026-04-18 12:31:48.407] [173016] [HailoRT] [info] [vdevice_native_stream.cpp:331] [read_impl] Failed read from stream HAILO_STREAM_ABORT(63) (device: 0001:01:00.0)
[2026-04-18 12:31:48.407] [173016] [HailoRT] [info] [edge_elements.cpp:396] [run_pull] Reading from stream was aborted!
[2026-04-18 12:31:48.407] [173017] [HailoRT] [info] [vdevice_native_stream.cpp:331] [read_impl] Failed read from stream HAILO_STREAM_ABORT(63) (device: 0001:01:00.0)
[2026-04-18 12:31:48.407] [173017] [HailoRT] [info] [edge_elements.cpp:396] [run_pull] Reading from stream was aborted!
[2026-04-18 12:31:48.407] [173023] [HailoRT] [info] [queue_elements.cpp:706] [run_pull] Shutdown event was signaled in dequeue of queue element PullQEl_nms3yolov11n/conv51_143!
[2026-04-18 12:31:48.407] [173023] [HailoRT] [info] [vstream.cpp:1138] [read] Receiving to VStream was shutdown!
[2026-04-18 12:31:48.407] [173017] [HailoRT] [info] [queue_elements.cpp:738] [run_in_thread] run_pull of queue element PullQEl_nms13yolov11n/conv65_143 was aborted!
[2026-04-18 12:31:48.407] [173016] [HailoRT] [info] [queue_elements.cpp:738] [run_in_thread] run_pull of queue element PullQEl_nms15yolov11n/conv62_143 was aborted!
[2026-04-18 12:31:48.408] [173013] [HailoRT] [info] [vdevice_native_stream.cpp:142] [write_impl] Failed write to stream yolov11n/input_layer1 (device: 0001:01:00.0) with status=HAILO_STREAM_ABORT(63)
[2026-04-18 12:31:48.408] [173013] [HailoRT] [info] [edge_elements.cpp:87] [run_push] Failed to send on input stream InputStream(index=8, name=yolov11n/input_layer1) because stream was aborted
[2026-04-18 12:31:48.408] [173013] [HailoRT] [info] [queue_elements.cpp:401] [run_in_thread] run_push of PushQEl8yolov11n/input_layer1 was aborted!
[2026-04-18 12:31:48.409] [173024] [HailoRT] [info] [queue_elements.cpp:319] [run_push] run_push of PushQEl8yolov11n/input_layer1 was aborted!
[2026-04-18 12:31:48.409] [173024] [HailoRT] [info] [filter_elements.cpp:35] [run_push] run_push of PreInferEl8yolov11n/input_layer1 was aborted!
[2026-04-18 12:31:48.409] [173024] [HailoRT] [info] [vstream.cpp:778] [write] Sending to VStream was aborted!
[2026-04-18 12:31:48.451] [172017] [HailoRT] [info] [queue_elements.cpp:360] [execute_deactivate] enqueue() in element PushQEl8yolov11n/input_layer1 was aborted, got status = HAILO_SHUTDOWN_EVENT_SIGNALED(57)
[2026-04-18 12:31:48.451] [173013] [HailoRT] [info] [queue_elements.cpp:68] [operator()] Thread in element PushQEl8yolov11n/input_layer1 is not running anymore, exiting..
[2026-04-18 12:31:48.451] [172017] [HailoRT] [info] [queue_elements.cpp:46] [~BaseQueueElement] Queue element PushQEl8yolov11n/input_layer1 has 0 frames in his Queue on destruction
[2026-04-18 12:31:48.451] [173020] [HailoRT] [info] [queue_elements.cpp:68] [operator()] Thread in element UserBufQEl_post_infer0yolov11n/yolov8_nms_postprocess is not running anymore, exiting..
[2026-04-18 12:31:48.451] [172017] [HailoRT] [info] [queue_elements.cpp:46] [~BaseQueueElement] Queue element UserBufQEl_post_infer0yolov11n/yolov8_nms_postprocess has 0 frames in his Queue on destruction
[2026-04-18 12:31:48.451] [173019] [HailoRT] [info] [queue_elements.cpp:68] [operator()] Thread in element PullQEl_nms0yolov11n/conv80_143 is not running anymore, exiting..
[2026-04-18 12:31:48.451] [172017] [HailoRT] [info] [queue_elements.cpp:46] [~BaseQueueElement] Queue element PullQEl_nms0yolov11n/conv80_143 has 0 frames in his Queue on destruction
[2026-04-18 12:31:48.451] [173018] [HailoRT] [info] [queue_elements.cpp:68] [operator()] Thread in element PullQEl_nms1yolov11n/conv77_143 is not running anymore, exiting..
[2026-04-18 12:31:48.451] [172017] [HailoRT] [info] [queue_elements.cpp:46] [~BaseQueueElement] Queue element PullQEl_nms1yolov11n/conv77_143 has 0 frames in his Queue on destruction
[2026-04-18 12:31:48.452] [173017] [HailoRT] [info] [queue_elements.cpp:68] [operator()] Thread in element PullQEl_nms13yolov11n/conv65_143 is not running anymore, exiting..
[2026-04-18 12:31:48.452] [172017] [HailoRT] [info] [queue_elements.cpp:46] [~BaseQueueElement] Queue element PullQEl_nms13yolov11n/conv65_143 has 0 frames in his Queue on destruction
[2026-04-18 12:31:48.452] [173016] [HailoRT] [info] [queue_elements.cpp:68] [operator()] Thread in element PullQEl_nms15yolov11n/conv62_143 is not running anymore, exiting..
[2026-04-18 12:31:48.452] [172017] [HailoRT] [info] [queue_elements.cpp:46] [~BaseQueueElement] Queue element PullQEl_nms15yolov11n/conv62_143 has 0 frames in his Queue on destruction
[2026-04-18 12:31:48.455] [173015] [HailoRT] [info] [queue_elements.cpp:68] [operator()] Thread in element PullQEl_nms12yolov11n/conv54_143 is not running anymore, exiting..
[2026-04-18 12:31:48.455] [172017] [HailoRT] [info] [queue_elements.cpp:46] [~BaseQueueElement] Queue element PullQEl_nms12yolov11n/conv54_143 has 0 frames in his Queue on destruction
[2026-04-18 12:31:48.455] [173014] [HailoRT] [info] [queue_elements.cpp:68] [operator()] Thread in element PullQEl_nms3yolov11n/conv51_143 is not running anymore, exiting..
[2026-04-18 12:31:48.455] [172017] [HailoRT] [info] [queue_elements.cpp:46] [~BaseQueueElement] Queue element PullQEl_nms3yolov11n/conv51_143 has 0 frames in his Queue on destruction
[2026-04-18 12:31:48.455] [172017] [HailoRT] [info] [core_op.cpp:186] [deactivate] Deactivating took 0.010537 ms
[2026-04-18 12:31:48.455] [172017] [HailoRT] [info] [core_op.cpp:186] [deactivate] Deactivating took 0.021444 ms
[2026-04-18 12:31:58.786] [173542] [HailoRT] [info] [vdevice.cpp:535] [create] Creating vdevice with params: device_count: 1, scheduling_algorithm: NONE, multi_process_service: false
[2026-04-18 12:31:58.799] [173542] [HailoRT] [info] [device.cpp:51] [Device] OS Version: Linux 6.12.75+rpt-rpi-2712 #1 SMP PREEMPT Debian 1:6.12.75-1+rpt1 (2026-03-11) aarch64
[2026-04-18 12:31:58.799] [173542] [HailoRT] [info] [control.cpp:113] [control__parse_identify_results] firmware_version is: 4.23.0
[2026-04-18 12:31:58.799] [173542] [HailoRT] [info] [vdevice.cpp:682] [create] VDevice Infos: 0001:01:00.0
[2026-04-18 12:31:58.805] [173542] [HailoRT] [warning] [buffer_requirements.cpp:131] [get_buffer_requirements_multiple_transfers] Desc page size value (1024) is not optimal for performance.
[2026-04-18 12:31:58.826] [173542] [HailoRT] [info] [internal_buffer_manager.cpp:77] [print_execution_results] Planned internal buffer memory: CMA=0 CMA-Desc=1376256 Pinned=57705472. memory to edge layer usage factor is 1
[2026-04-18 12:31:58.826] [173542] [HailoRT] [info] [internal_buffer_manager.cpp:86] [print_execution_results] Default Internal buffer planner executed successfully
[2026-04-18 12:31:58.934] [173542] [HailoRT] [info] [device_internal.cpp:57] [configure] Configuring HEF took 134.75252 milliseconds
[2026-04-18 12:31:58.935] [173542] [HailoRT] [info] [vdevice.cpp:780] [configure] Configuring HEF on VDevice took 135.166502 milliseconds
[2026-04-18 12:31:58.935] [173542] [HailoRT] [info] [control.cpp:113] [control__parse_identify_results] firmware_version is: 4.23.0
[2026-04-18 12:31:58.935] [173542] [HailoRT] [info] [control.cpp:113] [control__parse_identify_results] firmware_version is: 4.23.0
[2026-04-18 12:31:58.969] [173542] [HailoRT] [info] [core_op.cpp:156] [activate] Activating yolov11n took 34.103593 milliseconds. Note that the function is asynchronous and thus the network is not fully activated yet.
[2026-04-18 12:31:58.969] [173542] [HailoRT] [info] [core_op.cpp:156] [activate] Activating yolov11n took 34.133667 milliseconds. Note that the function is asynchronous and thus the network is not fully activated yet.
[2026-04-18 12:31:58.984] [173542] [HailoRT] [info] [control.cpp:113] [control__parse_identify_results] firmware_version is: 4.23.0
[2026-04-18 12:31:58.984] [173542] [HailoRT] [info] [control.cpp:113] [control__parse_identify_results] firmware_version is: 4.23.0
[2026-04-18 12:32:00.123] [173534] [HailoRT] [info] [device.cpp:51] [Device] OS Version: Linux 6.12.75+rpt-rpi-2712 #1 SMP PREEMPT Debian 1:6.12.75-1+rpt1 (2026-03-11) aarch64
[2026-04-18 12:32:00.123] [173534] [HailoRT] [info] [control.cpp:113] [control__parse_identify_results] firmware_version is: 4.23.0
[2026-04-18 12:32:00.124] [173534] [HailoRT] [info] [control.cpp:113] [control__parse_identify_results] firmware_version is: 4.23.0
[2026-04-18 12:32:58.985] [173557] [HailoRT] [info] [vdevice_native_stream.cpp:142] [write_impl] Failed write to stream yolov11n/input_layer1 (device: 0001:01:00.0) with status=HAILO_STREAM_ABORT(63)
[2026-04-18 12:32:58.985] [173551] [HailoRT] [info] [vdevice_native_stream.cpp:331] [read_impl] Failed read from stream HAILO_STREAM_ABORT(63) (device: 0001:01:00.0)
[2026-04-18 12:32:58.985] [173554] [HailoRT] [info] [vdevice_native_stream.cpp:331] [read_impl] Failed read from stream HAILO_STREAM_ABORT(63) (device: 0001:01:00.0)
[2026-04-18 12:32:58.985] [173553] [HailoRT] [info] [vdevice_native_stream.cpp:331] [read_impl] Failed read from stream HAILO_STREAM_ABORT(63) (device: 0001:01:00.0)
[2026-04-18 12:32:58.985] [173556] [HailoRT] [info] [vdevice_native_stream.cpp:331] [read_impl] Failed read from stream HAILO_STREAM_ABORT(63) (device: 0001:01:00.0)
[2026-04-18 12:32:58.985] [173555] [HailoRT] [info] [vdevice_native_stream.cpp:331] [read_impl] Failed read from stream HAILO_STREAM_ABORT(63) (device: 0001:01:00.0)
[2026-04-18 12:32:58.985] [173552] [HailoRT] [info] [vdevice_native_stream.cpp:331] [read_impl] Failed read from stream HAILO_STREAM_ABORT(63) (device: 0001:01:00.0)
[2026-04-18 12:32:59.021] [173542] [HailoRT] [info] [core_op.cpp:186] [deactivate] Deactivating took 0.007592 ms
[2026-04-18 12:32:59.021] [173542] [HailoRT] [info] [core_op.cpp:186] [deactivate] Deactivating took 0.035685 ms
[2026-04-18 12:32:59.085] [173542] [HailoRT] [info] [vdevice.cpp:535] [create] Creating vdevice with params: device_count: 1, scheduling_algorithm: NONE, multi_process_service: false
[2026-04-18 12:32:59.085] [173542] [HailoRT] [info] [device.cpp:51] [Device] OS Version: Linux 6.12.75+rpt-rpi-2712 #1 SMP PREEMPT Debian 1:6.12.75-1+rpt1 (2026-03-11) aarch64
[2026-04-18 12:32:59.086] [173542] [HailoRT] [info] [control.cpp:113] [control__parse_identify_results] firmware_version is: 4.23.0
[2026-04-18 12:32:59.086] [173542] [HailoRT] [info] [vdevice.cpp:682] [create] VDevice Infos: 0001:01:00.0
[2026-04-18 12:32:59.091] [173542] [HailoRT] [warning] [buffer_requirements.cpp:131] [get_buffer_requirements_multiple_transfers] Desc page size value (1024) is not optimal for performance.
[2026-04-18 12:32:59.111] [173542] [HailoRT] [info] [internal_buffer_manager.cpp:77] [print_execution_results] Planned internal buffer memory: CMA=0 CMA-Desc=1376256 Pinned=57705472. memory to edge layer usage factor is 1
[2026-04-18 12:32:59.111] [173542] [HailoRT] [info] [internal_buffer_manager.cpp:86] [print_execution_results] Default Internal buffer planner executed successfully
[2026-04-18 12:32:59.217] [173542] [HailoRT] [info] [device_internal.cpp:57] [configure] Configuring HEF took 130.812384 milliseconds
[2026-04-18 12:32:59.217] [173542] [HailoRT] [info] [vdevice.cpp:780] [configure] Configuring HEF on VDevice took 131.177809 milliseconds
[2026-04-18 12:32:59.217] [173542] [HailoRT] [info] [control.cpp:113] [control__parse_identify_results] firmware_version is: 4.23.0
[2026-04-18 12:32:59.218] [173542] [HailoRT] [info] [control.cpp:113] [control__parse_identify_results] firmware_version is: 4.23.0
[2026-04-18 12:32:59.256] [173542] [HailoRT] [info] [core_op.cpp:156] [activate] Activating yolov11n took 38.467014 milliseconds. Note that the function is asynchronous and thus the network is not fully activated yet.
[2026-04-18 12:32:59.256] [173542] [HailoRT] [info] [core_op.cpp:156] [activate] Activating yolov11n took 38.500662 milliseconds. Note that the function is asynchronous and thus the network is not fully activated yet.
[2026-04-18 12:32:59.270] [173542] [HailoRT] [info] [control.cpp:113] [control__parse_identify_results] firmware_version is: 4.23.0
[2026-04-18 12:32:59.270] [173542] [HailoRT] [info] [control.cpp:113] [control__parse_identify_results] firmware_version is: 4.23.0
[2026-04-18 12:32:59.271] [173542] [HailoRT] [info] [edge_elements.cpp:52] [create] Created (HwWriteEl8yolov11n/input_layer1 | hw_frame_size: 1228800)
[2026-04-18 12:32:59.271] [173542] [HailoRT] [info] [queue_elements.cpp:284] [create] Created (PushQEl8yolov11n/input_layer1 | timeout: 10s)
[2026-04-18 12:32:59.271] [173542] [HailoRT] [info] [filter_elements.cpp:101] [create] Created (PreInferEl8yolov11n/input_layer1 | Reorder - src_order: NHWC, src_shape: (640, 640, 3), dst_order: NHCW, dst_shape: (640, 640, 3))
[2026-04-18 12:32:59.271] [173542] [HailoRT] [info] [vstream.cpp:754] [InputVStreamImpl] Creating yolov11n/input_layer1...
[2026-04-18 12:32:59.271] [173542] [HailoRT] [info] [vstream_builder.cpp:102] [create_inputs] Input pipeline 'yolov11n/input_layer1': (PreInferEl8yolov11n/input_layer1 | Reorder - src_order: NHWC, src_shape: (640, 640, 3), dst_order: NHCW, dst_shape: (640, 640, 3)) >> (PushQEl8yolov11n/input_layer1 | timeout: 10s) >> (HwWriteEl8yolov11n/input_layer1 | hw_frame_size: 1228800) >> HW
[2026-04-18 12:32:59.271] [173542] [HailoRT] [info] [multi_io_elements.cpp:135] [create] Created (NmsPPMuxEl0YOLOV8-Post-Process | Op YOLOV8, Name: YOLOV8-Post-Process, Score threshold: 0.200, IoU threshold: 0.70, Classes: 80, Max bboxes per class: 100, Image height: 640, Image width: 640)
[2026-04-18 12:32:59.271] [173542] [HailoRT] [info] [edge_elements.cpp:287] [create] Created (HwReadEl3yolov11n/conv51_143 | hw_frame_size: 409600)
[2026-04-18 12:32:59.271] [173542] [HailoRT] [info] [queue_elements.cpp:657] [create] Created (PullQEl_nms3yolov11n/conv51_143 | timeout: 10s)
[2026-04-18 12:32:59.271] [173542] [HailoRT] [info] [edge_elements.cpp:287] [create] Created (HwReadEl12yolov11n/conv54_143 | hw_frame_size: 512000)
[2026-04-18 12:32:59.271] [173542] [HailoRT] [info] [queue_elements.cpp:657] [create] Created (PullQEl_nms12yolov11n/conv54_143 | timeout: 10s)
[2026-04-18 12:32:59.271] [173542] [HailoRT] [info] [edge_elements.cpp:287] [create] Created (HwReadEl15yolov11n/conv62_143 | hw_frame_size: 102400)
[2026-04-18 12:32:59.271] [173542] [HailoRT] [info] [queue_elements.cpp:657] [create] Created (PullQEl_nms15yolov11n/conv62_143 | timeout: 10s)
[2026-04-18 12:32:59.271] [173542] [HailoRT] [info] [edge_elements.cpp:287] [create] Created (HwReadEl13yolov11n/conv65_143 | hw_frame_size: 128000)
[2026-04-18 12:32:59.271] [173542] [HailoRT] [info] [queue_elements.cpp:657] [create] Created (PullQEl_nms13yolov11n/conv65_143 | timeout: 10s)
[2026-04-18 12:32:59.271] [173542] [HailoRT] [info] [edge_elements.cpp:287] [create] Created (HwReadEl1yolov11n/conv77_143 | hw_frame_size: 30720)
[2026-04-18 12:32:59.271] [173542] [HailoRT] [info] [queue_elements.cpp:657] [create] Created (PullQEl_nms1yolov11n/conv77_143 | timeout: 10s)
[2026-04-18 12:32:59.271] [173542] [HailoRT] [info] [edge_elements.cpp:287] [create] Created (HwReadEl0yolov11n/conv80_143 | hw_frame_size: 38400)
[2026-04-18 12:32:59.271] [173542] [HailoRT] [info] [queue_elements.cpp:657] [create] Created (PullQEl_nms0yolov11n/conv80_143 | timeout: 10s)
[2026-04-18 12:32:59.271] [173542] [HailoRT] [info] [queue_elements.cpp:800] [create] Created (UserBufQEl_post_infer0yolov11n/yolov8_nms_postprocess | timeout: 10s)
[2026-04-18 12:32:59.271] [173542] [HailoRT] [info] [vstream.cpp:1114] [OutputVStreamImpl] Creating yolov11n/yolov8_nms_postprocess...
[2026-04-18 12:32:59.271] [173542] [HailoRT] [info] [vstream_builder.cpp:622] [create_output_post_process_nms] Output pipeline 'yolov11n/yolov8_nms_postprocess': HW >> (HwReadEl3yolov11n/conv51_143 | hw_frame_size: 409600) >> (PullQEl_nms3yolov11n/conv51_143) >> (HwReadEl12yolov11n/conv54_143 | hw_frame_size: 512000) >> (PullQEl_nms12yolov11n/conv54_143) >> (HwReadEl15yolov11n/conv62_143 | hw_frame_size: 102400) >> (PullQEl_nms15yolov11n/conv62_143) >> (HwReadEl13yolov11n/conv65_143 | hw_frame_size: 128000) >> (PullQEl_nms13yolov11n/conv65_143) >> (HwReadEl1yolov11n/conv77_143 | hw_frame_size: 30720) >> (PullQEl_nms1yolov11n/conv77_143) >> (HwReadEl0yolov11n/conv80_143 | hw_frame_size: 38400) >> (PullQEl_nms0yolov11n/conv80_143) >> (NmsPPMuxEl0YOLOV8-Post-Process | Op YOLOV8, Name: YOLOV8-Post-Process, Score threshold: 0.200, IoU threshold: 0.70, Classes: 80, Max bboxes per class: 100, Image height: 640, Image width: 640) >> (UserBufQEl_post_infer0yolov11n/yolov8_nms_postprocess | timeout: 10s)
[2026-04-18 12:33:59.272] [174059] [HailoRT] [info] [vdevice_native_stream.cpp:142] [write_impl] Failed write to stream yolov11n/input_layer1 (device: 0001:01:00.0) with status=HAILO_STREAM_ABORT(63)
[2026-04-18 12:33:59.272] [174059] [HailoRT] [info] [edge_elements.cpp:87] [run_push] Failed to send on input stream InputStream(index=8, name=yolov11n/input_layer1) because stream was aborted
[2026-04-18 12:33:59.272] [174059] [HailoRT] [info] [queue_elements.cpp:401] [run_in_thread] run_push of PushQEl8yolov11n/input_layer1 was aborted!
[2026-04-18 12:33:59.272] [174070] [HailoRT] [info] [vstream.cpp:774] [write] Sending to VStream was shutdown!
[2026-04-18 12:33:59.272] [174070] [HailoRT] [info] [vstream.cpp:778] [write] Sending to VStream was aborted!
[2026-04-18 12:33:59.272] [174060] [HailoRT] [info] [vdevice_native_stream.cpp:331] [read_impl] Failed read from stream HAILO_STREAM_ABORT(63) (device: 0001:01:00.0)
[2026-04-18 12:33:59.272] [174060] [HailoRT] [info] [edge_elements.cpp:396] [run_pull] Reading from stream was aborted!
[2026-04-18 12:33:59.272] [174060] [HailoRT] [info] [queue_elements.cpp:738] [run_in_thread] run_pull of queue element PullQEl_nms3yolov11n/conv51_143 was aborted!
[2026-04-18 12:33:59.272] [174069] [HailoRT] [info] [queue_elements.cpp:706] [run_pull] Shutdown event was signaled in dequeue of queue element PullQEl_nms3yolov11n/conv51_143!
[2026-04-18 12:33:59.272] [174069] [HailoRT] [info] [vstream.cpp:1138] [read] Receiving to VStream was shutdown!
[2026-04-18 12:33:59.273] [174062] [HailoRT] [info] [vdevice_native_stream.cpp:331] [read_impl] Failed read from stream HAILO_STREAM_ABORT(63) (device: 0001:01:00.0)
[2026-04-18 12:33:59.273] [174062] [HailoRT] [info] [edge_elements.cpp:396] [run_pull] Reading from stream was aborted!
[2026-04-18 12:33:59.273] [174063] [HailoRT] [info] [vdevice_native_stream.cpp:331] [read_impl] Failed read from stream HAILO_STREAM_ABORT(63) (device: 0001:01:00.0)
[2026-04-18 12:33:59.273] [174062] [HailoRT] [info] [queue_elements.cpp:738] [run_in_thread] run_pull of queue element PullQEl_nms15yolov11n/conv62_143 was aborted!
[2026-04-18 12:33:59.273] [174063] [HailoRT] [info] [edge_elements.cpp:396] [run_pull] Reading from stream was aborted!
[2026-04-18 12:33:59.273] [174065] [HailoRT] [info] [vdevice_native_stream.cpp:331] [read_impl] Failed read from stream HAILO_STREAM_ABORT(63) (device: 0001:01:00.0)
[2026-04-18 12:33:59.273] [174065] [HailoRT] [info] [edge_elements.cpp:396] [run_pull] Reading from stream was aborted!
[2026-04-18 12:33:59.273] [174063] [HailoRT] [info] [queue_elements.cpp:738] [run_in_thread] run_pull of queue element PullQEl_nms13yolov11n/conv65_143 was aborted!
[2026-04-18 12:33:59.273] [174065] [HailoRT] [info] [queue_elements.cpp:738] [run_in_thread] run_pull of queue element PullQEl_nms0yolov11n/conv80_143 was aborted!
[2026-04-18 12:33:59.273] [174061] [HailoRT] [info] [vdevice_native_stream.cpp:331] [read_impl] Failed read from stream HAILO_STREAM_ABORT(63) (device: 0001:01:00.0)
[2026-04-18 12:33:59.273] [174061] [HailoRT] [info] [edge_elements.cpp:396] [run_pull] Reading from stream was aborted!
[2026-04-18 12:33:59.273] [174061] [HailoRT] [info] [queue_elements.cpp:738] [run_in_thread] run_pull of queue element PullQEl_nms12yolov11n/conv54_143 was aborted!
[2026-04-18 12:33:59.273] [174064] [HailoRT] [info] [vdevice_native_stream.cpp:331] [read_impl] Failed read from stream HAILO_STREAM_ABORT(63) (device: 0001:01:00.0)
[2026-04-18 12:33:59.273] [174064] [HailoRT] [info] [edge_elements.cpp:396] [run_pull] Reading from stream was aborted!
[2026-04-18 12:33:59.273] [174064] [HailoRT] [info] [queue_elements.cpp:738] [run_in_thread] run_pull of queue element PullQEl_nms1yolov11n/conv77_143 was aborted!
[2026-04-18 12:33:59.315] [173542] [HailoRT] [info] [queue_elements.cpp:360] [execute_deactivate] enqueue() in element PushQEl8yolov11n/input_layer1 was aborted, got status = HAILO_SHUTDOWN_EVENT_SIGNALED(57)
[2026-04-18 12:33:59.315] [174059] [HailoRT] [info] [queue_elements.cpp:68] [operator()] Thread in element PushQEl8yolov11n/input_layer1 is not running anymore, exiting..
[2026-04-18 12:33:59.315] [173542] [HailoRT] [info] [queue_elements.cpp:46] [~BaseQueueElement] Queue element PushQEl8yolov11n/input_layer1 has 1 frames in his Queue on destruction
[2026-04-18 12:33:59.316] [174066] [HailoRT] [info] [queue_elements.cpp:68] [operator()] Thread in element UserBufQEl_post_infer0yolov11n/yolov8_nms_postprocess is not running anymore, exiting..
[2026-04-18 12:33:59.316] [173542] [HailoRT] [info] [queue_elements.cpp:46] [~BaseQueueElement] Queue element UserBufQEl_post_infer0yolov11n/yolov8_nms_postprocess has 0 frames in his Queue on destruction
[2026-04-18 12:33:59.316] [174065] [HailoRT] [info] [queue_elements.cpp:68] [operator()] Thread in element PullQEl_nms0yolov11n/conv80_143 is not running anymore, exiting..
[2026-04-18 12:33:59.316] [173542] [HailoRT] [info] [queue_elements.cpp:46] [~BaseQueueElement] Queue element PullQEl_nms0yolov11n/conv80_143 has 0 frames in his Queue on destruction
[2026-04-18 12:33:59.316] [174064] [HailoRT] [info] [queue_elements.cpp:68] [operator()] Thread in element PullQEl_nms1yolov11n/conv77_143 is not running anymore, exiting..
[2026-04-18 12:33:59.316] [173542] [HailoRT] [info] [queue_elements.cpp:46] [~BaseQueueElement] Queue element PullQEl_nms1yolov11n/conv77_143 has 1 frames in his Queue on destruction
[2026-04-18 12:33:59.316] [174063] [HailoRT] [info] [queue_elements.cpp:68] [operator()] Thread in element PullQEl_nms13yolov11n/conv65_143 is not running anymore, exiting..
[2026-04-18 12:33:59.316] [173542] [HailoRT] [info] [queue_elements.cpp:46] [~BaseQueueElement] Queue element PullQEl_nms13yolov11n/conv65_143 has 1 frames in his Queue on destruction
[2026-04-18 12:33:59.316] [174062] [HailoRT] [info] [queue_elements.cpp:68] [operator()] Thread in element PullQEl_nms15yolov11n/conv62_143 is not running anymore, exiting..
[2026-04-18 12:33:59.316] [173542] [HailoRT] [info] [queue_elements.cpp:46] [~BaseQueueElement] Queue element PullQEl_nms15yolov11n/conv62_143 has 1 frames in his Queue on destruction
[2026-04-18 12:33:59.316] [174061] [HailoRT] [info] [queue_elements.cpp:68] [operator()] Thread in element PullQEl_nms12yolov11n/conv54_143 is not running anymore, exiting..
[2026-04-18 12:33:59.316] [173542] [HailoRT] [info] [queue_elements.cpp:46] [~BaseQueueElement] Queue element PullQEl_nms12yolov11n/conv54_143 has 1 frames in his Queue on destruction
[2026-04-18 12:33:59.316] [174060] [HailoRT] [info] [queue_elements.cpp:68] [operator()] Thread in element PullQEl_nms3yolov11n/conv51_143 is not running anymore, exiting..
[2026-04-18 12:33:59.316] [173542] [HailoRT] [info] [queue_elements.cpp:46] [~BaseQueueElement] Queue element PullQEl_nms3yolov11n/conv51_143 has 1 frames in his Queue on destruction
[2026-04-18 12:33:59.316] [173542] [HailoRT] [info] [core_op.cpp:186] [deactivate] Deactivating took 0.008333 ms
[2026-04-18 12:33:59.316] [173542] [HailoRT] [info] [core_op.cpp:186] [deactivate] Deactivating took 0.016796 ms
[2026-04-18 12:33:59.366] [173542] [HailoRT] [info] [vdevice.cpp:535] [create] Creating vdevice with params: device_count: 1, scheduling_algorithm: NONE, multi_process_service: false
[2026-04-18 12:33:59.367] [173542] [HailoRT] [info] [device.cpp:51] [Device] OS Version: Linux 6.12.75+rpt-rpi-2712 #1 SMP PREEMPT Debian 1:6.12.75-1+rpt1 (2026-03-11) aarch64
[2026-04-18 12:33:59.367] [173542] [HailoRT] [info] [control.cpp:113] [control__parse_identify_results] firmware_version is: 4.23.0
[2026-04-18 12:33:59.367] [173542] [HailoRT] [info] [vdevice.cpp:682] [create] VDevice Infos: 0001:01:00.0
[2026-04-18 12:33:59.374] [173542] [HailoRT] [warning] [buffer_requirements.cpp:131] [get_buffer_requirements_multiple_transfers] Desc page size value (1024) is not optimal for performance.
[2026-04-18 12:33:59.396] [173542] [HailoRT] [info] [internal_buffer_manager.cpp:77] [print_execution_results] Planned internal buffer memory: CMA=0 CMA-Desc=1376256 Pinned=57705472. memory to edge layer usage factor is 1
[2026-04-18 12:33:59.396] [173542] [HailoRT] [info] [internal_buffer_manager.cpp:86] [print_execution_results] Default Internal buffer planner executed successfully
[2026-04-18 12:33:59.523] [173542] [HailoRT] [info] [device_internal.cpp:57] [configure] Configuring HEF took 155.792415 milliseconds
[2026-04-18 12:33:59.523] [173542] [HailoRT] [info] [vdevice.cpp:780] [configure] Configuring HEF on VDevice took 156.193804 milliseconds
[2026-04-18 12:33:59.524] [173542] [HailoRT] [info] [control.cpp:113] [control__parse_identify_results] firmware_version is: 4.23.0
[2026-04-18 12:33:59.524] [173542] [HailoRT] [info] [control.cpp:113] [control__parse_identify_results] firmware_version is: 4.23.0
[2026-04-18 12:33:59.562] [173542] [HailoRT] [info] [core_op.cpp:156] [activate] Activating yolov11n took 37.771012 milliseconds. Note that the function is asynchronous and thus the network is not fully activated yet.
[2026-04-18 12:33:59.562] [173542] [HailoRT] [info] [core_op.cpp:156] [activate] Activating yolov11n took 37.799309 milliseconds. Note that the function is asynchronous and thus the network is not fully activated yet.
[2026-04-18 12:33:59.580] [173542] [HailoRT] [info] [control.cpp:113] [control__parse_identify_results] firmware_version is: 4.23.0
[2026-04-18 12:33:59.581] [173542] [HailoRT] [info] [control.cpp:113] [control__parse_identify_results] firmware_version is: 4.23.0
[2026-04-18 12:33:59.581] [173542] [HailoRT] [info] [edge_elements.cpp:52] [create] Created (HwWriteEl8yolov11n/input_layer1 | hw_frame_size: 1228800)
[2026-04-18 12:33:59.581] [173542] [HailoRT] [info] [queue_elements.cpp:284] [create] Created (PushQEl8yolov11n/input_layer1 | timeout: 10s)
[2026-04-18 12:33:59.581] [173542] [HailoRT] [info] [filter_elements.cpp:101] [create] Created (PreInferEl8yolov11n/input_layer1 | Reorder - src_order: NHWC, src_shape: (640, 640, 3), dst_order: NHCW, dst_shape: (640, 640, 3))
[2026-04-18 12:33:59.581] [173542] [HailoRT] [info] [vstream.cpp:754] [InputVStreamImpl] Creating yolov11n/input_layer1...
[2026-04-18 12:33:59.581] [173542] [HailoRT] [info] [vstream_builder.cpp:102] [create_inputs] Input pipeline 'yolov11n/input_layer1': (PreInferEl8yolov11n/input_layer1 | Reorder - src_order: NHWC, src_shape: (640, 640, 3), dst_order: NHCW, dst_shape: (640, 640, 3)) >> (PushQEl8yolov11n/input_layer1 | timeout: 10s) >> (HwWriteEl8yolov11n/input_layer1 | hw_frame_size: 1228800) >> HW
[2026-04-18 12:33:59.581] [173542] [HailoRT] [info] [multi_io_elements.cpp:135] [create] Created (NmsPPMuxEl0YOLOV8-Post-Process | Op YOLOV8, Name: YOLOV8-Post-Process, Score threshold: 0.200, IoU threshold: 0.70, Classes: 80, Max bboxes per class: 100, Image height: 640, Image width: 640)
[2026-04-18 12:33:59.581] [173542] [HailoRT] [info] [edge_elements.cpp:287] [create] Created (HwReadEl3yolov11n/conv51_143 | hw_frame_size: 409600)
[2026-04-18 12:33:59.581] [173542] [HailoRT] [info] [queue_elements.cpp:657] [create] Created (PullQEl_nms3yolov11n/conv51_143 | timeout: 10s)
[2026-04-18 12:33:59.581] [173542] [HailoRT] [info] [edge_elements.cpp:287] [create] Created (HwReadEl12yolov11n/conv54_143 | hw_frame_size: 512000)
[2026-04-18 12:33:59.581] [173542] [HailoRT] [info] [queue_elements.cpp:657] [create] Created (PullQEl_nms12yolov11n/conv54_143 | timeout: 10s)
[2026-04-18 12:33:59.581] [173542] [HailoRT] [info] [edge_elements.cpp:287] [create] Created (HwReadEl15yolov11n/conv62_143 | hw_frame_size: 102400)
[2026-04-18 12:33:59.582] [173542] [HailoRT] [info] [queue_elements.cpp:657] [create] Created (PullQEl_nms15yolov11n/conv62_143 | timeout: 10s)
[2026-04-18 12:33:59.582] [173542] [HailoRT] [info] [edge_elements.cpp:287] [create] Created (HwReadEl13yolov11n/conv65_143 | hw_frame_size: 128000)
[2026-04-18 12:33:59.582] [173542] [HailoRT] [info] [queue_elements.cpp:657] [create] Created (PullQEl_nms13yolov11n/conv65_143 | timeout: 10s)
[2026-04-18 12:33:59.582] [173542] [HailoRT] [info] [edge_elements.cpp:287] [create] Created (HwReadEl1yolov11n/conv77_143 | hw_frame_size: 30720)
[2026-04-18 12:33:59.582] [173542] [HailoRT] [info] [queue_elements.cpp:657] [create] Created (PullQEl_nms1yolov11n/conv77_143 | timeout: 10s)
[2026-04-18 12:33:59.582] [173542] [HailoRT] [info] [edge_elements.cpp:287] [create] Created (HwReadEl0yolov11n/conv80_143 | hw_frame_size: 38400)
[2026-04-18 12:33:59.582] [173542] [HailoRT] [info] [queue_elements.cpp:657] [create] Created (PullQEl_nms0yolov11n/conv80_143 | timeout: 10s)
[2026-04-18 12:33:59.582] [173542] [HailoRT] [info] [queue_elements.cpp:800] [create] Created (UserBufQEl_post_infer0yolov11n/yolov8_nms_postprocess | timeout: 10s)
[2026-04-18 12:33:59.582] [173542] [HailoRT] [info] [vstream.cpp:1114] [OutputVStreamImpl] Creating yolov11n/yolov8_nms_postprocess...
[2026-04-18 12:33:59.582] [173542] [HailoRT] [info] [vstream_builder.cpp:622] [create_output_post_process_nms] Output pipeline 'yolov11n/yolov8_nms_postprocess': HW >> (HwReadEl3yolov11n/conv51_143 | hw_frame_size: 409600) >> (PullQEl_nms3yolov11n/conv51_143) >> (HwReadEl12yolov11n/conv54_143 | hw_frame_size: 512000) >> (PullQEl_nms12yolov11n/conv54_143) >> (HwReadEl15yolov11n/conv62_143 | hw_frame_size: 102400) >> (PullQEl_nms15yolov11n/conv62_143) >> (HwReadEl13yolov11n/conv65_143 | hw_frame_size: 128000) >> (PullQEl_nms13yolov11n/conv65_143) >> (HwReadEl1yolov11n/conv77_143 | hw_frame_size: 30720) >> (PullQEl_nms1yolov11n/conv77_143) >> (HwReadEl0yolov11n/conv80_143 | hw_frame_size: 38400) >> (PullQEl_nms0yolov11n/conv80_143) >> (NmsPPMuxEl0YOLOV8-Post-Process | Op YOLOV8, Name: YOLOV8-Post-Process, Score threshold: 0.200, IoU threshold: 0.70, Classes: 80, Max bboxes per class: 100, Image height: 640, Image width: 640) >> (UserBufQEl_post_infer0yolov11n/yolov8_nms_postprocess | timeout: 10s)
[2026-04-18 12:34:59.583] [174544] [HailoRT] [info] [vdevice_native_stream.cpp:331] [read_impl] Failed read from stream HAILO_STREAM_ABORT(63) (device: 0001:01:00.0)
[2026-04-18 12:34:59.583] [174545] [HailoRT] [info] [vdevice_native_stream.cpp:331] [read_impl] Failed read from stream HAILO_STREAM_ABORT(63) (device: 0001:01:00.0)
[2026-04-18 12:34:59.583] [174545] [HailoRT] [info] [edge_elements.cpp:396] [run_pull] Reading from stream was aborted!
[2026-04-18 12:34:59.583] [174546] [HailoRT] [info] [vdevice_native_stream.cpp:331] [read_impl] Failed read from stream HAILO_STREAM_ABORT(63) (device: 0001:01:00.0)
[2026-04-18 12:34:59.583] [174546] [HailoRT] [info] [edge_elements.cpp:396] [run_pull] Reading from stream was aborted!
[2026-04-18 12:34:59.583] [174545] [HailoRT] [info] [queue_elements.cpp:738] [run_in_thread] run_pull of queue element PullQEl_nms1yolov11n/conv77_143 was aborted!
[2026-04-18 12:34:59.583] [174546] [HailoRT] [info] [queue_elements.cpp:738] [run_in_thread] run_pull of queue element PullQEl_nms0yolov11n/conv80_143 was aborted!
[2026-04-18 12:34:59.583] [174542] [HailoRT] [info] [vdevice_native_stream.cpp:331] [read_impl] Failed read from stream HAILO_STREAM_ABORT(63) (device: 0001:01:00.0)
[2026-04-18 12:34:59.583] [174542] [HailoRT] [info] [edge_elements.cpp:396] [run_pull] Reading from stream was aborted!
[2026-04-18 12:34:59.583] [174544] [HailoRT] [info] [edge_elements.cpp:396] [run_pull] Reading from stream was aborted!
[2026-04-18 12:34:59.583] [174542] [HailoRT] [info] [queue_elements.cpp:738] [run_in_thread] run_pull of queue element PullQEl_nms12yolov11n/conv54_143 was aborted!
[2026-04-18 12:34:59.583] [174544] [HailoRT] [info] [queue_elements.cpp:738] [run_in_thread] run_pull of queue element PullQEl_nms13yolov11n/conv65_143 was aborted!
[2026-04-18 12:34:59.583] [174543] [HailoRT] [info] [vdevice_native_stream.cpp:331] [read_impl] Failed read from stream HAILO_STREAM_ABORT(63) (device: 0001:01:00.0)
[2026-04-18 12:34:59.583] [174543] [HailoRT] [info] [edge_elements.cpp:396] [run_pull] Reading from stream was aborted!
[2026-04-18 12:34:59.583] [174541] [HailoRT] [info] [vdevice_native_stream.cpp:331] [read_impl] Failed read from stream HAILO_STREAM_ABORT(63) (device: 0001:01:00.0)
[2026-04-18 12:34:59.583] [174543] [HailoRT] [info] [queue_elements.cpp:738] [run_in_thread] run_pull of queue element PullQEl_nms15yolov11n/conv62_143 was aborted!
[2026-04-18 12:34:59.583] [174541] [HailoRT] [info] [edge_elements.cpp:396] [run_pull] Reading from stream was aborted!
[2026-04-18 12:34:59.583] [174541] [HailoRT] [info] [queue_elements.cpp:738] [run_in_thread] run_pull of queue element PullQEl_nms3yolov11n/conv51_143 was aborted!
[2026-04-18 12:34:59.586] [174550] [HailoRT] [info] [queue_elements.cpp:706] [run_pull] Shutdown event was signaled in dequeue of queue element PullQEl_nms3yolov11n/conv51_143!
[2026-04-18 12:34:59.586] [174550] [HailoRT] [info] [vstream.cpp:1138] [read] Receiving to VStream was shutdown!
[2026-04-18 12:34:59.587] [174540] [HailoRT] [info] [vdevice_native_stream.cpp:142] [write_impl] Failed write to stream yolov11n/input_layer1 (device: 0001:01:00.0) with status=HAILO_STREAM_ABORT(63)
[2026-04-18 12:34:59.587] [174540] [HailoRT] [info] [edge_elements.cpp:87] [run_push] Failed to send on input stream InputStream(index=8, name=yolov11n/input_layer1) because stream was aborted
[2026-04-18 12:34:59.587] [174540] [HailoRT] [info] [queue_elements.cpp:401] [run_in_thread] run_push of PushQEl8yolov11n/input_layer1 was aborted!
[2026-04-18 12:34:59.588] [174551] [HailoRT] [info] [queue_elements.cpp:319] [run_push] run_push of PushQEl8yolov11n/input_layer1 was aborted!
[2026-04-18 12:34:59.588] [174551] [HailoRT] [info] [filter_elements.cpp:35] [run_push] run_push of PreInferEl8yolov11n/input_layer1 was aborted!
[2026-04-18 12:34:59.588] [174551] [HailoRT] [info] [vstream.cpp:778] [write] Sending to VStream was aborted!
[2026-04-18 12:34:59.593] [173542] [HailoRT] [info] [queue_elements.cpp:360] [execute_deactivate] enqueue() in element PushQEl8yolov11n/input_layer1 was aborted, got status = HAILO_SHUTDOWN_EVENT_SIGNALED(57)
[2026-04-18 12:34:59.593] [174540] [HailoRT] [info] [queue_elements.cpp:68] [operator()] Thread in element PushQEl8yolov11n/input_layer1 is not running anymore, exiting..
[2026-04-18 12:34:59.593] [173542] [HailoRT] [info] [queue_elements.cpp:46] [~BaseQueueElement] Queue element PushQEl8yolov11n/input_layer1 has 0 frames in his Queue on destruction
[2026-04-18 12:34:59.593] [174547] [HailoRT] [info] [queue_elements.cpp:68] [operator()] Thread in element UserBufQEl_post_infer0yolov11n/yolov8_nms_postprocess is not running anymore, exiting..
[2026-04-18 12:34:59.593] [173542] [HailoRT] [info] [queue_elements.cpp:46] [~BaseQueueElement] Queue element UserBufQEl_post_infer0yolov11n/yolov8_nms_postprocess has 0 frames in his Queue on destruction
[2026-04-18 12:34:59.593] [174546] [HailoRT] [info] [queue_elements.cpp:68] [operator()] Thread in element PullQEl_nms0yolov11n/conv80_143 is not running anymore, exiting..
[2026-04-18 12:34:59.593] [173542] [HailoRT] [info] [queue_elements.cpp:46] [~BaseQueueElement] Queue element PullQEl_nms0yolov11n/conv80_143 has 0 frames in his Queue on destruction
[2026-04-18 12:34:59.594] [174545] [HailoRT] [info] [queue_elements.cpp:68] [operator()] Thread in element PullQEl_nms1yolov11n/conv77_143 is not running anymore, exiting..
[2026-04-18 12:34:59.594] [173542] [HailoRT] [info] [queue_elements.cpp:46] [~BaseQueueElement] Queue element PullQEl_nms1yolov11n/conv77_143 has 0 frames in his Queue on destruction
[2026-04-18 12:34:59.594] [174544] [HailoRT] [info] [queue_elements.cpp:68] [operator()] Thread in element PullQEl_nms13yolov11n/conv65_143 is not running anymore, exiting..
[2026-04-18 12:34:59.594] [173542] [HailoRT] [info] [queue_elements.cpp:46] [~BaseQueueElement] Queue element PullQEl_nms13yolov11n/conv65_143 has 0 frames in his Queue on destruction
[2026-04-18 12:34:59.594] [174543] [HailoRT] [info] [queue_elements.cpp:68] [operator()] Thread in element PullQEl_nms15yolov11n/conv62_143 is not running anymore, exiting..
[2026-04-18 12:34:59.594] [173542] [HailoRT] [info] [queue_elements.cpp:46] [~BaseQueueElement] Queue element PullQEl_nms15yolov11n/conv62_143 has 0 frames in his Queue on destruction
[2026-04-18 12:34:59.594] [174542] [HailoRT] [info] [queue_elements.cpp:68] [operator()] Thread in element PullQEl_nms12yolov11n/conv54_143 is not running anymore, exiting..
[2026-04-18 12:34:59.594] [173542] [HailoRT] [info] [queue_elements.cpp:46] [~BaseQueueElement] Queue element PullQEl_nms12yolov11n/conv54_143 has 0 frames in his Queue on destruction
[2026-04-18 12:34:59.594] [174541] [HailoRT] [info] [queue_elements.cpp:68] [operator()] Thread in element PullQEl_nms3yolov11n/conv51_143 is not running anymore, exiting..
[2026-04-18 12:34:59.594] [173542] [HailoRT] [info] [queue_elements.cpp:46] [~BaseQueueElement] Queue element PullQEl_nms3yolov11n/conv51_143 has 0 frames in his Queue on destruction
[2026-04-18 12:34:59.594] [173542] [HailoRT] [info] [core_op.cpp:186] [deactivate] Deactivating took 0.009351 ms
[2026-04-18 12:34:59.594] [173542] [HailoRT] [info] [core_op.cpp:186] [deactivate] Deactivating took 0.019093 ms
[2026-04-18 12:35:09.912] [175067] [HailoRT] [info] [vdevice.cpp:535] [create] Creating vdevice with params: device_count: 1, scheduling_algorithm: NONE, multi_process_service: false
[2026-04-18 12:35:09.924] [175067] [HailoRT] [info] [device.cpp:51] [Device] OS Version: Linux 6.12.75+rpt-rpi-2712 #1 SMP PREEMPT Debian 1:6.12.75-1+rpt1 (2026-03-11) aarch64
[2026-04-18 12:35:09.924] [175067] [HailoRT] [info] [control.cpp:113] [control__parse_identify_results] firmware_version is: 4.23.0
[2026-04-18 12:35:09.924] [175067] [HailoRT] [info] [vdevice.cpp:682] [create] VDevice Infos: 0001:01:00.0
[2026-04-18 12:35:09.931] [175067] [HailoRT] [warning] [buffer_requirements.cpp:131] [get_buffer_requirements_multiple_transfers] Desc page size value (1024) is not optimal for performance.
[2026-04-18 12:35:09.950] [175067] [HailoRT] [info] [internal_buffer_manager.cpp:77] [print_execution_results] Planned internal buffer memory: CMA=0 CMA-Desc=1376256 Pinned=58883072. memory to edge layer usage factor is 1
[2026-04-18 12:35:09.950] [175067] [HailoRT] [info] [internal_buffer_manager.cpp:86] [print_execution_results] Default Internal buffer planner executed successfully
[2026-04-18 12:35:10.059] [175067] [HailoRT] [info] [device_internal.cpp:57] [configure] Configuring HEF took 134.468069 milliseconds
[2026-04-18 12:35:10.059] [175067] [HailoRT] [info] [vdevice.cpp:780] [configure] Configuring HEF on VDevice took 134.905958 milliseconds
[2026-04-18 12:35:10.060] [175067] [HailoRT] [info] [control.cpp:113] [control__parse_identify_results] firmware_version is: 4.23.0
[2026-04-18 12:35:10.060] [175067] [HailoRT] [info] [control.cpp:113] [control__parse_identify_results] firmware_version is: 4.23.0
[2026-04-18 12:35:10.093] [175067] [HailoRT] [info] [core_op.cpp:156] [activate] Activating yolov11n took 33.348939 milliseconds. Note that the function is asynchronous and thus the network is not fully activated yet.
[2026-04-18 12:35:10.093] [175067] [HailoRT] [info] [core_op.cpp:156] [activate] Activating yolov11n took 33.377828 milliseconds. Note that the function is asynchronous and thus the network is not fully activated yet.
[2026-04-18 12:35:10.106] [175067] [HailoRT] [info] [control.cpp:113] [control__parse_identify_results] firmware_version is: 4.23.0
[2026-04-18 12:35:10.107] [175067] [HailoRT] [info] [control.cpp:113] [control__parse_identify_results] firmware_version is: 4.23.0
[2026-04-18 12:35:11.229] [175059] [HailoRT] [info] [device.cpp:51] [Device] OS Version: Linux 6.12.75+rpt-rpi-2712 #1 SMP PREEMPT Debian 1:6.12.75-1+rpt1 (2026-03-11) aarch64
[2026-04-18 12:35:11.230] [175059] [HailoRT] [info] [control.cpp:113] [control__parse_identify_results] firmware_version is: 4.23.0
[2026-04-18 12:35:11.230] [175059] [HailoRT] [info] [control.cpp:113] [control__parse_identify_results] firmware_version is: 4.23.0
[2026-04-18 12:36:10.107] [175081] [HailoRT] [info] [vdevice_native_stream.cpp:331] [read_impl] Failed read from stream HAILO_STREAM_ABORT(63) (device: 0001:01:00.0)
[2026-04-18 12:36:10.107] [175079] [HailoRT] [info] [vdevice_native_stream.cpp:331] [read_impl] Failed read from stream HAILO_STREAM_ABORT(63) (device: 0001:01:00.0)
[2026-04-18 12:36:10.107] [175077] [HailoRT] [info] [vdevice_native_stream.cpp:331] [read_impl] Failed read from stream HAILO_STREAM_ABORT(63) (device: 0001:01:00.0)
[2026-04-18 12:36:10.107] [175082] [HailoRT] [info] [vdevice_native_stream.cpp:142] [write_impl] Failed write to stream yolov11n/input_layer1 (device: 0001:01:00.0) with status=HAILO_STREAM_ABORT(63)
[2026-04-18 12:36:10.107] [175076] [HailoRT] [info] [vdevice_native_stream.cpp:331] [read_impl] Failed read from stream HAILO_STREAM_ABORT(63) (device: 0001:01:00.0)
[2026-04-18 12:36:10.107] [175080] [HailoRT] [info] [vdevice_native_stream.cpp:331] [read_impl] Failed read from stream HAILO_STREAM_ABORT(63) (device: 0001:01:00.0)
[2026-04-18 12:36:10.107] [175078] [HailoRT] [info] [vdevice_native_stream.cpp:331] [read_impl] Failed read from stream HAILO_STREAM_ABORT(63) (device: 0001:01:00.0)
[2026-04-18 12:36:10.117] [175067] [HailoRT] [info] [core_op.cpp:186] [deactivate] Deactivating took 0.007685 ms
[2026-04-18 12:36:10.117] [175067] [HailoRT] [info] [core_op.cpp:186] [deactivate] Deactivating took 0.029871 ms
[2026-04-18 12:36:10.173] [175067] [HailoRT] [info] [vdevice.cpp:535] [create] Creating vdevice with params: device_count: 1, scheduling_algorithm: NONE, multi_process_service: false
[2026-04-18 12:36:10.173] [175067] [HailoRT] [info] [device.cpp:51] [Device] OS Version: Linux 6.12.75+rpt-rpi-2712 #1 SMP PREEMPT Debian 1:6.12.75-1+rpt1 (2026-03-11) aarch64
[2026-04-18 12:36:10.174] [175067] [HailoRT] [info] [control.cpp:113] [control__parse_identify_results] firmware_version is: 4.23.0
[2026-04-18 12:36:10.174] [175067] [HailoRT] [info] [vdevice.cpp:682] [create] VDevice Infos: 0001:01:00.0
[2026-04-18 12:36:10.183] [175067] [HailoRT] [warning] [buffer_requirements.cpp:131] [get_buffer_requirements_multiple_transfers] Desc page size value (1024) is not optimal for performance.
[2026-04-18 12:36:10.205] [175067] [HailoRT] [info] [internal_buffer_manager.cpp:77] [print_execution_results] Planned internal buffer memory: CMA=0 CMA-Desc=1376256 Pinned=58883072. memory to edge layer usage factor is 1
[2026-04-18 12:36:10.205] [175067] [HailoRT] [info] [internal_buffer_manager.cpp:86] [print_execution_results] Default Internal buffer planner executed successfully
[2026-04-18 12:36:10.311] [175067] [HailoRT] [info] [device_internal.cpp:57] [configure] Configuring HEF took 137.534857 milliseconds
[2026-04-18 12:36:10.312] [175067] [HailoRT] [info] [vdevice.cpp:780] [configure] Configuring HEF on VDevice took 137.91269 milliseconds
[2026-04-18 12:36:10.312] [175067] [HailoRT] [info] [control.cpp:113] [control__parse_identify_results] firmware_version is: 4.23.0
[2026-04-18 12:36:10.312] [175067] [HailoRT] [info] [control.cpp:113] [control__parse_identify_results] firmware_version is: 4.23.0
[2026-04-18 12:36:10.347] [175067] [HailoRT] [info] [core_op.cpp:156] [activate] Activating yolov11n took 34.701658 milliseconds. Note that the function is asynchronous and thus the network is not fully activated yet.
[2026-04-18 12:36:10.347] [175067] [HailoRT] [info] [core_op.cpp:156] [activate] Activating yolov11n took 34.724214 milliseconds. Note that the function is asynchronous and thus the network is not fully activated yet.
[2026-04-18 12:36:10.360] [175067] [HailoRT] [info] [control.cpp:113] [control__parse_identify_results] firmware_version is: 4.23.0
[2026-04-18 12:36:10.360] [175067] [HailoRT] [info] [control.cpp:113] [control__parse_identify_results] firmware_version is: 4.23.0
[2026-04-18 12:36:10.360] [175067] [HailoRT] [info] [edge_elements.cpp:52] [create] Created (HwWriteEl8yolov11n/input_layer1 | hw_frame_size: 1228800)
[2026-04-18 12:36:10.361] [175067] [HailoRT] [info] [queue_elements.cpp:284] [create] Created (PushQEl8yolov11n/input_layer1 | timeout: 10s)
[2026-04-18 12:36:10.361] [175067] [HailoRT] [info] [filter_elements.cpp:101] [create] Created (PreInferEl8yolov11n/input_layer1 | Reorder - src_order: NHWC, src_shape: (640, 640, 3), dst_order: NHCW, dst_shape: (640, 640, 3))
[2026-04-18 12:36:10.361] [175067] [HailoRT] [info] [vstream.cpp:754] [InputVStreamImpl] Creating yolov11n/input_layer1...
[2026-04-18 12:36:10.361] [175067] [HailoRT] [info] [vstream_builder.cpp:102] [create_inputs] Input pipeline 'yolov11n/input_layer1': (PreInferEl8yolov11n/input_layer1 | Reorder - src_order: NHWC, src_shape: (640, 640, 3), dst_order: NHCW, dst_shape: (640, 640, 3)) >> (PushQEl8yolov11n/input_layer1 | timeout: 10s) >> (HwWriteEl8yolov11n/input_layer1 | hw_frame_size: 1228800) >> HW
[2026-04-18 12:36:10.361] [175067] [HailoRT] [info] [multi_io_elements.cpp:135] [create] Created (NmsPPMuxEl0YOLOV8-Post-Process | Op YOLOV8, Name: YOLOV8-Post-Process, Score threshold: 0.200, IoU threshold: 0.70, Classes: 80, Max bboxes per class: 100, Image height: 640, Image width: 640)
[2026-04-18 12:36:10.361] [175067] [HailoRT] [info] [edge_elements.cpp:287] [create] Created (HwReadEl3yolov11n/conv51_143 | hw_frame_size: 409600)
[2026-04-18 12:36:10.361] [175067] [HailoRT] [info] [queue_elements.cpp:657] [create] Created (PullQEl_nms3yolov11n/conv51_143 | timeout: 10s)
[2026-04-18 12:36:10.361] [175067] [HailoRT] [info] [edge_elements.cpp:287] [create] Created (HwReadEl12yolov11n/conv54_143 | hw_frame_size: 512000)
[2026-04-18 12:36:10.361] [175067] [HailoRT] [info] [queue_elements.cpp:657] [create] Created (PullQEl_nms12yolov11n/conv54_143 | timeout: 10s)
[2026-04-18 12:36:10.361] [175067] [HailoRT] [info] [edge_elements.cpp:287] [create] Created (HwReadEl15yolov11n/conv62_143 | hw_frame_size: 102400)
[2026-04-18 12:36:10.361] [175067] [HailoRT] [info] [queue_elements.cpp:657] [create] Created (PullQEl_nms15yolov11n/conv62_143 | timeout: 10s)
[2026-04-18 12:36:10.361] [175067] [HailoRT] [info] [edge_elements.cpp:287] [create] Created (HwReadEl13yolov11n/conv65_143 | hw_frame_size: 128000)
[2026-04-18 12:36:10.361] [175067] [HailoRT] [info] [queue_elements.cpp:657] [create] Created (PullQEl_nms13yolov11n/conv65_143 | timeout: 10s)
[2026-04-18 12:36:10.361] [175067] [HailoRT] [info] [edge_elements.cpp:287] [create] Created (HwReadEl1yolov11n/conv77_143 | hw_frame_size: 30720)
[2026-04-18 12:36:10.361] [175067] [HailoRT] [info] [queue_elements.cpp:657] [create] Created (PullQEl_nms1yolov11n/conv77_143 | timeout: 10s)
[2026-04-18 12:36:10.361] [175067] [HailoRT] [info] [edge_elements.cpp:287] [create] Created (HwReadEl0yolov11n/conv80_143 | hw_frame_size: 38400)
[2026-04-18 12:36:10.361] [175067] [HailoRT] [info] [queue_elements.cpp:657] [create] Created (PullQEl_nms0yolov11n/conv80_143 | timeout: 10s)
[2026-04-18 12:36:10.361] [175067] [HailoRT] [info] [queue_elements.cpp:800] [create] Created (UserBufQEl_post_infer0yolov11n/yolov8_nms_postprocess | timeout: 10s)
[2026-04-18 12:36:10.361] [175067] [HailoRT] [info] [vstream.cpp:1114] [OutputVStreamImpl] Creating yolov11n/yolov8_nms_postprocess...
[2026-04-18 12:36:10.361] [175067] [HailoRT] [info] [vstream_builder.cpp:622] [create_output_post_process_nms] Output pipeline 'yolov11n/yolov8_nms_postprocess': HW >> (HwReadEl3yolov11n/conv51_143 | hw_frame_size: 409600) >> (PullQEl_nms3yolov11n/conv51_143) >> (HwReadEl12yolov11n/conv54_143 | hw_frame_size: 512000) >> (PullQEl_nms12yolov11n/conv54_143) >> (HwReadEl15yolov11n/conv62_143 | hw_frame_size: 102400) >> (PullQEl_nms15yolov11n/conv62_143) >> (HwReadEl13yolov11n/conv65_143 | hw_frame_size: 128000) >> (PullQEl_nms13yolov11n/conv65_143) >> (HwReadEl1yolov11n/conv77_143 | hw_frame_size: 30720) >> (PullQEl_nms1yolov11n/conv77_143) >> (HwReadEl0yolov11n/conv80_143 | hw_frame_size: 38400) >> (PullQEl_nms0yolov11n/conv80_143) >> (NmsPPMuxEl0YOLOV8-Post-Process | Op YOLOV8, Name: YOLOV8-Post-Process, Score threshold: 0.200, IoU threshold: 0.70, Classes: 80, Max bboxes per class: 100, Image height: 640, Image width: 640) >> (UserBufQEl_post_infer0yolov11n/yolov8_nms_postprocess | timeout: 10s)
[2026-04-18 12:37:10.362] [175588] [HailoRT] [info] [vdevice_native_stream.cpp:331] [read_impl] Failed read from stream HAILO_STREAM_ABORT(63) (device: 0001:01:00.0)
[2026-04-18 12:37:10.362] [175588] [HailoRT] [info] [edge_elements.cpp:396] [run_pull] Reading from stream was aborted!
[2026-04-18 12:37:10.362] [175588] [HailoRT] [info] [queue_elements.cpp:738] [run_in_thread] run_pull of queue element PullQEl_nms3yolov11n/conv51_143 was aborted!
[2026-04-18 12:37:10.362] [175592] [HailoRT] [info] [vdevice_native_stream.cpp:331] [read_impl] Failed read from stream HAILO_STREAM_ABORT(63) (device: 0001:01:00.0)
[2026-04-18 12:37:10.362] [175592] [HailoRT] [info] [edge_elements.cpp:396] [run_pull] Reading from stream was aborted!
[2026-04-18 12:37:10.362] [175592] [HailoRT] [info] [queue_elements.cpp:738] [run_in_thread] run_pull of queue element PullQEl_nms1yolov11n/conv77_143 was aborted!
[2026-04-18 12:37:10.362] [175590] [HailoRT] [info] [vdevice_native_stream.cpp:331] [read_impl] Failed read from stream HAILO_STREAM_ABORT(63) (device: 0001:01:00.0)
[2026-04-18 12:37:10.362] [175593] [HailoRT] [info] [vdevice_native_stream.cpp:331] [read_impl] Failed read from stream HAILO_STREAM_ABORT(63) (device: 0001:01:00.0)
[2026-04-18 12:37:10.362] [175593] [HailoRT] [info] [edge_elements.cpp:396] [run_pull] Reading from stream was aborted!
[2026-04-18 12:37:10.362] [175589] [HailoRT] [info] [vdevice_native_stream.cpp:331] [read_impl] Failed read from stream HAILO_STREAM_ABORT(63) (device: 0001:01:00.0)
[2026-04-18 12:37:10.362] [175593] [HailoRT] [info] [queue_elements.cpp:738] [run_in_thread] run_pull of queue element PullQEl_nms0yolov11n/conv80_143 was aborted!
[2026-04-18 12:37:10.362] [175591] [HailoRT] [info] [vdevice_native_stream.cpp:331] [read_impl] Failed read from stream HAILO_STREAM_ABORT(63) (device: 0001:01:00.0)
[2026-04-18 12:37:10.362] [175591] [HailoRT] [info] [edge_elements.cpp:396] [run_pull] Reading from stream was aborted!
[2026-04-18 12:37:10.362] [175597] [HailoRT] [info] [queue_elements.cpp:706] [run_pull] Shutdown event was signaled in dequeue of queue element PullQEl_nms3yolov11n/conv51_143!
[2026-04-18 12:37:10.362] [175597] [HailoRT] [info] [vstream.cpp:1138] [read] Receiving to VStream was shutdown!
[2026-04-18 12:37:10.362] [175591] [HailoRT] [info] [queue_elements.cpp:738] [run_in_thread] run_pull of queue element PullQEl_nms13yolov11n/conv65_143 was aborted!
[2026-04-18 12:37:10.362] [175589] [HailoRT] [info] [edge_elements.cpp:396] [run_pull] Reading from stream was aborted!
[2026-04-18 12:37:10.362] [175589] [HailoRT] [info] [queue_elements.cpp:738] [run_in_thread] run_pull of queue element PullQEl_nms12yolov11n/conv54_143 was aborted!
[2026-04-18 12:37:10.362] [175587] [HailoRT] [info] [vdevice_native_stream.cpp:142] [write_impl] Failed write to stream yolov11n/input_layer1 (device: 0001:01:00.0) with status=HAILO_STREAM_ABORT(63)
[2026-04-18 12:37:10.362] [175587] [HailoRT] [info] [edge_elements.cpp:87] [run_push] Failed to send on input stream InputStream(index=8, name=yolov11n/input_layer1) because stream was aborted
[2026-04-18 12:37:10.362] [175587] [HailoRT] [info] [queue_elements.cpp:401] [run_in_thread] run_push of PushQEl8yolov11n/input_layer1 was aborted!
[2026-04-18 12:37:10.362] [175590] [HailoRT] [info] [edge_elements.cpp:396] [run_pull] Reading from stream was aborted!
[2026-04-18 12:37:10.362] [175590] [HailoRT] [info] [queue_elements.cpp:738] [run_in_thread] run_pull of queue element PullQEl_nms15yolov11n/conv62_143 was aborted!
[2026-04-18 12:37:10.363] [175598] [HailoRT] [info] [queue_elements.cpp:319] [run_push] run_push of PushQEl8yolov11n/input_layer1 was aborted!
[2026-04-18 12:37:10.363] [175598] [HailoRT] [info] [filter_elements.cpp:35] [run_push] run_push of PreInferEl8yolov11n/input_layer1 was aborted!
[2026-04-18 12:37:10.363] [175598] [HailoRT] [info] [vstream.cpp:778] [write] Sending to VStream was aborted!
[2026-04-18 12:37:10.403] [175067] [HailoRT] [info] [queue_elements.cpp:360] [execute_deactivate] enqueue() in element PushQEl8yolov11n/input_layer1 was aborted, got status = HAILO_SHUTDOWN_EVENT_SIGNALED(57)
[2026-04-18 12:37:10.403] [175587] [HailoRT] [info] [queue_elements.cpp:68] [operator()] Thread in element PushQEl8yolov11n/input_layer1 is not running anymore, exiting..
[2026-04-18 12:37:10.403] [175067] [HailoRT] [info] [queue_elements.cpp:46] [~BaseQueueElement] Queue element PushQEl8yolov11n/input_layer1 has 0 frames in his Queue on destruction
[2026-04-18 12:37:10.403] [175594] [HailoRT] [info] [queue_elements.cpp:68] [operator()] Thread in element UserBufQEl_post_infer0yolov11n/yolov8_nms_postprocess is not running anymore, exiting..
[2026-04-18 12:37:10.403] [175067] [HailoRT] [info] [queue_elements.cpp:46] [~BaseQueueElement] Queue element UserBufQEl_post_infer0yolov11n/yolov8_nms_postprocess has 0 frames in his Queue on destruction
[2026-04-18 12:37:10.403] [175593] [HailoRT] [info] [queue_elements.cpp:68] [operator()] Thread in element PullQEl_nms0yolov11n/conv80_143 is not running anymore, exiting..
[2026-04-18 12:37:10.403] [175067] [HailoRT] [info] [queue_elements.cpp:46] [~BaseQueueElement] Queue element PullQEl_nms0yolov11n/conv80_143 has 0 frames in his Queue on destruction
[2026-04-18 12:37:10.403] [175592] [HailoRT] [info] [queue_elements.cpp:68] [operator()] Thread in element PullQEl_nms1yolov11n/conv77_143 is not running anymore, exiting..
[2026-04-18 12:37:10.403] [175067] [HailoRT] [info] [queue_elements.cpp:46] [~BaseQueueElement] Queue element PullQEl_nms1yolov11n/conv77_143 has 0 frames in his Queue on destruction
[2026-04-18 12:37:10.404] [175591] [HailoRT] [info] [queue_elements.cpp:68] [operator()] Thread in element PullQEl_nms13yolov11n/conv65_143 is not running anymore, exiting..
[2026-04-18 12:37:10.404] [175067] [HailoRT] [info] [queue_elements.cpp:46] [~BaseQueueElement] Queue element PullQEl_nms13yolov11n/conv65_143 has 0 frames in his Queue on destruction
[2026-04-18 12:37:10.404] [175590] [HailoRT] [info] [queue_elements.cpp:68] [operator()] Thread in element PullQEl_nms15yolov11n/conv62_143 is not running anymore, exiting..
[2026-04-18 12:37:10.404] [175067] [HailoRT] [info] [queue_elements.cpp:46] [~BaseQueueElement] Queue element PullQEl_nms15yolov11n/conv62_143 has 0 frames in his Queue on destruction
[2026-04-18 12:37:10.404] [175589] [HailoRT] [info] [queue_elements.cpp:68] [operator()] Thread in element PullQEl_nms12yolov11n/conv54_143 is not running anymore, exiting..
[2026-04-18 12:37:10.404] [175067] [HailoRT] [info] [queue_elements.cpp:46] [~BaseQueueElement] Queue element PullQEl_nms12yolov11n/conv54_143 has 0 frames in his Queue on destruction
[2026-04-18 12:37:10.404] [175588] [HailoRT] [info] [queue_elements.cpp:68] [operator()] Thread in element PullQEl_nms3yolov11n/conv51_143 is not running anymore, exiting..
[2026-04-18 12:37:10.404] [175067] [HailoRT] [info] [queue_elements.cpp:46] [~BaseQueueElement] Queue element PullQEl_nms3yolov11n/conv51_143 has 0 frames in his Queue on destruction
[2026-04-18 12:37:10.404] [175067] [HailoRT] [info] [core_op.cpp:186] [deactivate] Deactivating took 0.007741 ms
[2026-04-18 12:37:10.404] [175067] [HailoRT] [info] [core_op.cpp:186] [deactivate] Deactivating took 0.017759 ms
[2026-04-18 12:37:10.457] [175067] [HailoRT] [info] [vdevice.cpp:535] [create] Creating vdevice with params: device_count: 1, scheduling_algorithm: NONE, multi_process_service: false
[2026-04-18 12:37:10.457] [175067] [HailoRT] [info] [device.cpp:51] [Device] OS Version: Linux 6.12.75+rpt-rpi-2712 #1 SMP PREEMPT Debian 1:6.12.75-1+rpt1 (2026-03-11) aarch64
[2026-04-18 12:37:10.457] [175067] [HailoRT] [info] [control.cpp:113] [control__parse_identify_results] firmware_version is: 4.23.0
[2026-04-18 12:37:10.457] [175067] [HailoRT] [info] [vdevice.cpp:682] [create] VDevice Infos: 0001:01:00.0
[2026-04-18 12:37:10.464] [175067] [HailoRT] [warning] [buffer_requirements.cpp:131] [get_buffer_requirements_multiple_transfers] Desc page size value (1024) is not optimal for performance.
[2026-04-18 12:37:10.485] [175067] [HailoRT] [info] [internal_buffer_manager.cpp:77] [print_execution_results] Planned internal buffer memory: CMA=0 CMA-Desc=1376256 Pinned=58883072. memory to edge layer usage factor is 1
[2026-04-18 12:37:10.485] [175067] [HailoRT] [info] [internal_buffer_manager.cpp:86] [print_execution_results] Default Internal buffer planner executed successfully
[2026-04-18 12:37:10.595] [175067] [HailoRT] [info] [device_internal.cpp:57] [configure] Configuring HEF took 137.473147 milliseconds
[2026-04-18 12:37:10.595] [175067] [HailoRT] [info] [vdevice.cpp:780] [configure] Configuring HEF on VDevice took 137.834906 milliseconds
[2026-04-18 12:37:10.595] [175067] [HailoRT] [info] [control.cpp:113] [control__parse_identify_results] firmware_version is: 4.23.0
[2026-04-18 12:37:10.596] [175067] [HailoRT] [info] [control.cpp:113] [control__parse_identify_results] firmware_version is: 4.23.0
[2026-04-18 12:37:10.625] [175067] [HailoRT] [info] [core_op.cpp:156] [activate] Activating yolov11n took 28.780384 milliseconds. Note that the function is asynchronous and thus the network is not fully activated yet.
[2026-04-18 12:37:10.625] [175067] [HailoRT] [info] [core_op.cpp:156] [activate] Activating yolov11n took 28.804365 milliseconds. Note that the function is asynchronous and thus the network is not fully activated yet.
[2026-04-18 12:37:10.638] [175067] [HailoRT] [info] [control.cpp:113] [control__parse_identify_results] firmware_version is: 4.23.0
[2026-04-18 12:37:10.638] [175067] [HailoRT] [info] [control.cpp:113] [control__parse_identify_results] firmware_version is: 4.23.0
[2026-04-18 12:37:10.638] [175067] [HailoRT] [info] [edge_elements.cpp:52] [create] Created (HwWriteEl8yolov11n/input_layer1 | hw_frame_size: 1228800)
[2026-04-18 12:37:10.638] [175067] [HailoRT] [info] [queue_elements.cpp:284] [create] Created (PushQEl8yolov11n/input_layer1 | timeout: 10s)
[2026-04-18 12:37:10.638] [175067] [HailoRT] [info] [filter_elements.cpp:101] [create] Created (PreInferEl8yolov11n/input_layer1 | Reorder - src_order: NHWC, src_shape: (640, 640, 3), dst_order: NHCW, dst_shape: (640, 640, 3))
[2026-04-18 12:37:10.638] [175067] [HailoRT] [info] [vstream.cpp:754] [InputVStreamImpl] Creating yolov11n/input_layer1...
[2026-04-18 12:37:10.638] [175067] [HailoRT] [info] [vstream_builder.cpp:102] [create_inputs] Input pipeline 'yolov11n/input_layer1': (PreInferEl8yolov11n/input_layer1 | Reorder - src_order: NHWC, src_shape: (640, 640, 3), dst_order: NHCW, dst_shape: (640, 640, 3)) >> (PushQEl8yolov11n/input_layer1 | timeout: 10s) >> (HwWriteEl8yolov11n/input_layer1 | hw_frame_size: 1228800) >> HW
[2026-04-18 12:37:10.638] [175067] [HailoRT] [info] [multi_io_elements.cpp:135] [create] Created (NmsPPMuxEl0YOLOV8-Post-Process | Op YOLOV8, Name: YOLOV8-Post-Process, Score threshold: 0.200, IoU threshold: 0.70, Classes: 80, Max bboxes per class: 100, Image height: 640, Image width: 640)
[2026-04-18 12:37:10.638] [175067] [HailoRT] [info] [edge_elements.cpp:287] [create] Created (HwReadEl3yolov11n/conv51_143 | hw_frame_size: 409600)
[2026-04-18 12:37:10.638] [175067] [HailoRT] [info] [queue_elements.cpp:657] [create] Created (PullQEl_nms3yolov11n/conv51_143 | timeout: 10s)
[2026-04-18 12:37:10.638] [175067] [HailoRT] [info] [edge_elements.cpp:287] [create] Created (HwReadEl12yolov11n/conv54_143 | hw_frame_size: 512000)
[2026-04-18 12:37:10.638] [175067] [HailoRT] [info] [queue_elements.cpp:657] [create] Created (PullQEl_nms12yolov11n/conv54_143 | timeout: 10s)
[2026-04-18 12:37:10.638] [175067] [HailoRT] [info] [edge_elements.cpp:287] [create] Created (HwReadEl15yolov11n/conv62_143 | hw_frame_size: 102400)
[2026-04-18 12:37:10.639] [175067] [HailoRT] [info] [queue_elements.cpp:657] [create] Created (PullQEl_nms15yolov11n/conv62_143 | timeout: 10s)
[2026-04-18 12:37:10.639] [175067] [HailoRT] [info] [edge_elements.cpp:287] [create] Created (HwReadEl13yolov11n/conv65_143 | hw_frame_size: 128000)
[2026-04-18 12:37:10.639] [175067] [HailoRT] [info] [queue_elements.cpp:657] [create] Created (PullQEl_nms13yolov11n/conv65_143 | timeout: 10s)
[2026-04-18 12:37:10.639] [175067] [HailoRT] [info] [edge_elements.cpp:287] [create] Created (HwReadEl1yolov11n/conv77_143 | hw_frame_size: 30720)
[2026-04-18 12:37:10.639] [175067] [HailoRT] [info] [queue_elements.cpp:657] [create] Created (PullQEl_nms1yolov11n/conv77_143 | timeout: 10s)
[2026-04-18 12:37:10.639] [175067] [HailoRT] [info] [edge_elements.cpp:287] [create] Created (HwReadEl0yolov11n/conv80_143 | hw_frame_size: 38400)
[2026-04-18 12:37:10.639] [175067] [HailoRT] [info] [queue_elements.cpp:657] [create] Created (PullQEl_nms0yolov11n/conv80_143 | timeout: 10s)
[2026-04-18 12:37:10.639] [175067] [HailoRT] [info] [queue_elements.cpp:800] [create] Created (UserBufQEl_post_infer0yolov11n/yolov8_nms_postprocess | timeout: 10s)
[2026-04-18 12:37:10.639] [175067] [HailoRT] [info] [vstream.cpp:1114] [OutputVStreamImpl] Creating yolov11n/yolov8_nms_postprocess...
[2026-04-18 12:37:10.639] [175067] [HailoRT] [info] [vstream_builder.cpp:622] [create_output_post_process_nms] Output pipeline 'yolov11n/yolov8_nms_postprocess': HW >> (HwReadEl3yolov11n/conv51_143 | hw_frame_size: 409600) >> (PullQEl_nms3yolov11n/conv51_143) >> (HwReadEl12yolov11n/conv54_143 | hw_frame_size: 512000) >> (PullQEl_nms12yolov11n/conv54_143) >> (HwReadEl15yolov11n/conv62_143 | hw_frame_size: 102400) >> (PullQEl_nms15yolov11n/conv62_143) >> (HwReadEl13yolov11n/conv65_143 | hw_frame_size: 128000) >> (PullQEl_nms13yolov11n/conv65_143) >> (HwReadEl1yolov11n/conv77_143 | hw_frame_size: 30720) >> (PullQEl_nms1yolov11n/conv77_143) >> (HwReadEl0yolov11n/conv80_143 | hw_frame_size: 38400) >> (PullQEl_nms0yolov11n/conv80_143) >> (NmsPPMuxEl0YOLOV8-Post-Process | Op YOLOV8, Name: YOLOV8-Post-Process, Score threshold: 0.200, IoU threshold: 0.70, Classes: 80, Max bboxes per class: 100, Image height: 640, Image width: 640) >> (UserBufQEl_post_infer0yolov11n/yolov8_nms_postprocess | timeout: 10s)
[2026-04-18 12:38:10.639] [176070] [HailoRT] [info] [vdevice_native_stream.cpp:331] [read_impl] Failed read from stream HAILO_STREAM_ABORT(63) (device: 0001:01:00.0)
[2026-04-18 12:38:10.639] [176071] [HailoRT] [info] [vdevice_native_stream.cpp:331] [read_impl] Failed read from stream HAILO_STREAM_ABORT(63) (device: 0001:01:00.0)
[2026-04-18 12:38:10.639] [176071] [HailoRT] [info] [edge_elements.cpp:396] [run_pull] Reading from stream was aborted!
[2026-04-18 12:38:10.639] [176067] [HailoRT] [info] [vdevice_native_stream.cpp:331] [read_impl] Failed read from stream HAILO_STREAM_ABORT(63) (device: 0001:01:00.0)
[2026-04-18 12:38:10.639] [176067] [HailoRT] [info] [edge_elements.cpp:396] [run_pull] Reading from stream was aborted!
[2026-04-18 12:38:10.639] [176066] [HailoRT] [info] [vdevice_native_stream.cpp:331] [read_impl] Failed read from stream HAILO_STREAM_ABORT(63) (device: 0001:01:00.0)
[2026-04-18 12:38:10.639] [176066] [HailoRT] [info] [edge_elements.cpp:396] [run_pull] Reading from stream was aborted!
[2026-04-18 12:38:10.639] [176071] [HailoRT] [info] [queue_elements.cpp:738] [run_in_thread] run_pull of queue element PullQEl_nms0yolov11n/conv80_143 was aborted!
[2026-04-18 12:38:10.639] [176067] [HailoRT] [info] [queue_elements.cpp:738] [run_in_thread] run_pull of queue element PullQEl_nms12yolov11n/conv54_143 was aborted!
[2026-04-18 12:38:10.639] [176066] [HailoRT] [info] [queue_elements.cpp:738] [run_in_thread] run_pull of queue element PullQEl_nms3yolov11n/conv51_143 was aborted!
[2026-04-18 12:38:10.639] [176068] [HailoRT] [info] [vdevice_native_stream.cpp:331] [read_impl] Failed read from stream HAILO_STREAM_ABORT(63) (device: 0001:01:00.0)
[2026-04-18 12:38:10.639] [176068] [HailoRT] [info] [edge_elements.cpp:396] [run_pull] Reading from stream was aborted!
[2026-04-18 12:38:10.639] [176075] [HailoRT] [info] [queue_elements.cpp:706] [run_pull] Shutdown event was signaled in dequeue of queue element PullQEl_nms3yolov11n/conv51_143!
[2026-04-18 12:38:10.639] [176068] [HailoRT] [info] [queue_elements.cpp:738] [run_in_thread] run_pull of queue element PullQEl_nms15yolov11n/conv62_143 was aborted!
[2026-04-18 12:38:10.639] [176075] [HailoRT] [info] [vstream.cpp:1138] [read] Receiving to VStream was shutdown!
[2026-04-18 12:38:10.639] [176069] [HailoRT] [info] [vdevice_native_stream.cpp:331] [read_impl] Failed read from stream HAILO_STREAM_ABORT(63) (device: 0001:01:00.0)
[2026-04-18 12:38:10.639] [176069] [HailoRT] [info] [edge_elements.cpp:396] [run_pull] Reading from stream was aborted!
[2026-04-18 12:38:10.639] [176069] [HailoRT] [info] [queue_elements.cpp:738] [run_in_thread] run_pull of queue element PullQEl_nms13yolov11n/conv65_143 was aborted!
[2026-04-18 12:38:10.639] [176070] [HailoRT] [info] [edge_elements.cpp:396] [run_pull] Reading from stream was aborted!
[2026-04-18 12:38:10.639] [176070] [HailoRT] [info] [queue_elements.cpp:738] [run_in_thread] run_pull of queue element PullQEl_nms1yolov11n/conv77_143 was aborted!
[2026-04-18 12:38:10.640] [176065] [HailoRT] [info] [vdevice_native_stream.cpp:142] [write_impl] Failed write to stream yolov11n/input_layer1 (device: 0001:01:00.0) with status=HAILO_STREAM_ABORT(63)
[2026-04-18 12:38:10.640] [176065] [HailoRT] [info] [edge_elements.cpp:87] [run_push] Failed to send on input stream InputStream(index=8, name=yolov11n/input_layer1) because stream was aborted
[2026-04-18 12:38:10.640] [176065] [HailoRT] [info] [queue_elements.cpp:401] [run_in_thread] run_push of PushQEl8yolov11n/input_layer1 was aborted!
[2026-04-18 12:38:10.641] [176076] [HailoRT] [info] [queue_elements.cpp:319] [run_push] run_push of PushQEl8yolov11n/input_layer1 was aborted!
[2026-04-18 12:38:10.641] [176076] [HailoRT] [info] [filter_elements.cpp:35] [run_push] run_push of PreInferEl8yolov11n/input_layer1 was aborted!
[2026-04-18 12:38:10.641] [176076] [HailoRT] [info] [vstream.cpp:778] [write] Sending to VStream was aborted!
[2026-04-18 12:38:10.648] [175067] [HailoRT] [info] [queue_elements.cpp:360] [execute_deactivate] enqueue() in element PushQEl8yolov11n/input_layer1 was aborted, got status = HAILO_SHUTDOWN_EVENT_SIGNALED(57)
[2026-04-18 12:38:10.648] [176065] [HailoRT] [info] [queue_elements.cpp:68] [operator()] Thread in element PushQEl8yolov11n/input_layer1 is not running anymore, exiting..
[2026-04-18 12:38:10.649] [175067] [HailoRT] [info] [queue_elements.cpp:46] [~BaseQueueElement] Queue element PushQEl8yolov11n/input_layer1 has 0 frames in his Queue on destruction
[2026-04-18 12:38:10.649] [176072] [HailoRT] [info] [queue_elements.cpp:68] [operator()] Thread in element UserBufQEl_post_infer0yolov11n/yolov8_nms_postprocess is not running anymore, exiting..
[2026-04-18 12:38:10.649] [175067] [HailoRT] [info] [queue_elements.cpp:46] [~BaseQueueElement] Queue element UserBufQEl_post_infer0yolov11n/yolov8_nms_postprocess has 0 frames in his Queue on destruction
[2026-04-18 12:38:10.649] [176071] [HailoRT] [info] [queue_elements.cpp:68] [operator()] Thread in element PullQEl_nms0yolov11n/conv80_143 is not running anymore, exiting..
[2026-04-18 12:38:10.649] [175067] [HailoRT] [info] [queue_elements.cpp:46] [~BaseQueueElement] Queue element PullQEl_nms0yolov11n/conv80_143 has 0 frames in his Queue on destruction
[2026-04-18 12:38:10.649] [176070] [HailoRT] [info] [queue_elements.cpp:68] [operator()] Thread in element PullQEl_nms1yolov11n/conv77_143 is not running anymore, exiting..
[2026-04-18 12:38:10.649] [175067] [HailoRT] [info] [queue_elements.cpp:46] [~BaseQueueElement] Queue element PullQEl_nms1yolov11n/conv77_143 has 0 frames in his Queue on destruction
[2026-04-18 12:38:10.649] [176069] [HailoRT] [info] [queue_elements.cpp:68] [operator()] Thread in element PullQEl_nms13yolov11n/conv65_143 is not running anymore, exiting..
[2026-04-18 12:38:10.649] [175067] [HailoRT] [info] [queue_elements.cpp:46] [~BaseQueueElement] Queue element PullQEl_nms13yolov11n/conv65_143 has 0 frames in his Queue on destruction
[2026-04-18 12:38:10.649] [176068] [HailoRT] [info] [queue_elements.cpp:68] [operator()] Thread in element PullQEl_nms15yolov11n/conv62_143 is not running anymore, exiting..
[2026-04-18 12:38:10.649] [175067] [HailoRT] [info] [queue_elements.cpp:46] [~BaseQueueElement] Queue element PullQEl_nms15yolov11n/conv62_143 has 0 frames in his Queue on destruction
[2026-04-18 12:38:10.649] [176067] [HailoRT] [info] [queue_elements.cpp:68] [operator()] Thread in element PullQEl_nms12yolov11n/conv54_143 is not running anymore, exiting..
[2026-04-18 12:38:10.649] [175067] [HailoRT] [info] [queue_elements.cpp:46] [~BaseQueueElement] Queue element PullQEl_nms12yolov11n/conv54_143 has 0 frames in his Queue on destruction
[2026-04-18 12:38:10.649] [176066] [HailoRT] [info] [queue_elements.cpp:68] [operator()] Thread in element PullQEl_nms3yolov11n/conv51_143 is not running anymore, exiting..
[2026-04-18 12:38:10.649] [175067] [HailoRT] [info] [queue_elements.cpp:46] [~BaseQueueElement] Queue element PullQEl_nms3yolov11n/conv51_143 has 0 frames in his Queue on destruction
[2026-04-18 12:38:10.649] [175067] [HailoRT] [info] [core_op.cpp:186] [deactivate] Deactivating took 0.007611 ms
[2026-04-18 12:38:10.649] [175067] [HailoRT] [info] [core_op.cpp:186] [deactivate] Deactivating took 0.017647 ms
[2026-04-18 12:38:20.971] [176590] [HailoRT] [info] [vdevice.cpp:535] [create] Creating vdevice with params: device_count: 1, scheduling_algorithm: NONE, multi_process_service: false
[2026-04-18 12:38:20.984] [176590] [HailoRT] [info] [device.cpp:51] [Device] OS Version: Linux 6.12.75+rpt-rpi-2712 #1 SMP PREEMPT Debian 1:6.12.75-1+rpt1 (2026-03-11) aarch64
[2026-04-18 12:38:20.985] [176590] [HailoRT] [info] [control.cpp:113] [control__parse_identify_results] firmware_version is: 4.23.0
[2026-04-18 12:38:20.985] [176590] [HailoRT] [info] [vdevice.cpp:682] [create] VDevice Infos: 0001:01:00.0
[2026-04-18 12:38:21.004] [176590] [HailoRT] [warning] [buffer_requirements.cpp:131] [get_buffer_requirements_multiple_transfers] Desc page size value (1024) is not optimal for performance.
[2026-04-18 12:38:21.037] [176590] [HailoRT] [info] [internal_buffer_manager.cpp:77] [print_execution_results] Planned internal buffer memory: CMA=0 CMA-Desc=1376256 Pinned=60060672. memory to edge layer usage factor is 1
[2026-04-18 12:38:21.038] [176590] [HailoRT] [info] [internal_buffer_manager.cpp:86] [print_execution_results] Default Internal buffer planner executed successfully
[2026-04-18 12:38:21.185] [176590] [HailoRT] [info] [device_internal.cpp:57] [configure] Configuring HEF took 196.69754 milliseconds
[2026-04-18 12:38:21.185] [176590] [HailoRT] [info] [vdevice.cpp:780] [configure] Configuring HEF on VDevice took 200.247306 milliseconds
[2026-04-18 12:38:21.185] [176590] [HailoRT] [info] [control.cpp:113] [control__parse_identify_results] firmware_version is: 4.23.0
[2026-04-18 12:38:21.186] [176590] [HailoRT] [info] [control.cpp:113] [control__parse_identify_results] firmware_version is: 4.23.0
[2026-04-18 12:38:21.220] [176590] [HailoRT] [info] [core_op.cpp:156] [activate] Activating yolov11n took 34.699278 milliseconds. Note that the function is asynchronous and thus the network is not fully activated yet.
[2026-04-18 12:38:21.220] [176590] [HailoRT] [info] [core_op.cpp:156] [activate] Activating yolov11n took 34.726962 milliseconds. Note that the function is asynchronous and thus the network is not fully activated yet.
[2026-04-18 12:38:21.233] [176590] [HailoRT] [info] [control.cpp:113] [control__parse_identify_results] firmware_version is: 4.23.0
[2026-04-18 12:38:21.234] [176590] [HailoRT] [info] [control.cpp:113] [control__parse_identify_results] firmware_version is: 4.23.0
[2026-04-18 12:38:22.273] [176582] [HailoRT] [info] [device.cpp:51] [Device] OS Version: Linux 6.12.75+rpt-rpi-2712 #1 SMP PREEMPT Debian 1:6.12.75-1+rpt1 (2026-03-11) aarch64
[2026-04-18 12:38:22.273] [176582] [HailoRT] [info] [control.cpp:113] [control__parse_identify_results] firmware_version is: 4.23.0
[2026-04-18 12:38:22.274] [176582] [HailoRT] [info] [control.cpp:113] [control__parse_identify_results] firmware_version is: 4.23.0
[2026-04-18 12:39:21.234] [176605] [HailoRT] [info] [vdevice_native_stream.cpp:331] [read_impl] Failed read from stream HAILO_STREAM_ABORT(63) (device: 0001:01:00.0)
[2026-04-18 12:39:21.234] [176600] [HailoRT] [info] [vdevice_native_stream.cpp:331] [read_impl] Failed read from stream HAILO_STREAM_ABORT(63) (device: 0001:01:00.0)
[2026-04-18 12:39:21.234] [176606] [HailoRT] [info] [vdevice_native_stream.cpp:142] [write_impl] Failed write to stream yolov11n/input_layer1 (device: 0001:01:00.0) with status=HAILO_STREAM_ABORT(63)
[2026-04-18 12:39:21.234] [176603] [HailoRT] [info] [vdevice_native_stream.cpp:331] [read_impl] Failed read from stream HAILO_STREAM_ABORT(63) (device: 0001:01:00.0)
[2026-04-18 12:39:21.234] [176602] [HailoRT] [info] [vdevice_native_stream.cpp:331] [read_impl] Failed read from stream HAILO_STREAM_ABORT(63) (device: 0001:01:00.0)
[2026-04-18 12:39:21.234] [176604] [HailoRT] [info] [vdevice_native_stream.cpp:331] [read_impl] Failed read from stream HAILO_STREAM_ABORT(63) (device: 0001:01:00.0)
[2026-04-18 12:39:21.234] [176601] [HailoRT] [info] [vdevice_native_stream.cpp:331] [read_impl] Failed read from stream HAILO_STREAM_ABORT(63) (device: 0001:01:00.0)
[2026-04-18 12:39:21.275] [176590] [HailoRT] [info] [core_op.cpp:186] [deactivate] Deactivating took 0.007111 ms
[2026-04-18 12:39:21.275] [176590] [HailoRT] [info] [core_op.cpp:186] [deactivate] Deactivating took 0.027443 ms
[2026-04-18 12:39:21.337] [176590] [HailoRT] [info] [vdevice.cpp:535] [create] Creating vdevice with params: device_count: 1, scheduling_algorithm: NONE, multi_process_service: false
[2026-04-18 12:39:21.337] [176590] [HailoRT] [info] [device.cpp:51] [Device] OS Version: Linux 6.12.75+rpt-rpi-2712 #1 SMP PREEMPT Debian 1:6.12.75-1+rpt1 (2026-03-11) aarch64
[2026-04-18 12:39:21.337] [176590] [HailoRT] [info] [control.cpp:113] [control__parse_identify_results] firmware_version is: 4.23.0
[2026-04-18 12:39:21.337] [176590] [HailoRT] [info] [vdevice.cpp:682] [create] VDevice Infos: 0001:01:00.0
[2026-04-18 12:39:21.343] [176590] [HailoRT] [warning] [buffer_requirements.cpp:131] [get_buffer_requirements_multiple_transfers] Desc page size value (1024) is not optimal for performance.
[2026-04-18 12:39:21.364] [176590] [HailoRT] [info] [internal_buffer_manager.cpp:77] [print_execution_results] Planned internal buffer memory: CMA=0 CMA-Desc=1376256 Pinned=60060672. memory to edge layer usage factor is 1
[2026-04-18 12:39:21.364] [176590] [HailoRT] [info] [internal_buffer_manager.cpp:86] [print_execution_results] Default Internal buffer planner executed successfully
[2026-04-18 12:39:21.473] [176590] [HailoRT] [info] [device_internal.cpp:57] [configure] Configuring HEF took 135.530749 milliseconds
[2026-04-18 12:39:21.473] [176590] [HailoRT] [info] [vdevice.cpp:780] [configure] Configuring HEF on VDevice took 135.885628 milliseconds
[2026-04-18 12:39:21.474] [176590] [HailoRT] [info] [control.cpp:113] [control__parse_identify_results] firmware_version is: 4.23.0
[2026-04-18 12:39:21.474] [176590] [HailoRT] [info] [control.cpp:113] [control__parse_identify_results] firmware_version is: 4.23.0
[2026-04-18 12:39:21.508] [176590] [HailoRT] [info] [core_op.cpp:156] [activate] Activating yolov11n took 34.550563 milliseconds. Note that the function is asynchronous and thus the network is not fully activated yet.
[2026-04-18 12:39:21.509] [176590] [HailoRT] [info] [core_op.cpp:156] [activate] Activating yolov11n took 34.575285 milliseconds. Note that the function is asynchronous and thus the network is not fully activated yet.
[2026-04-18 12:39:21.522] [176590] [HailoRT] [info] [control.cpp:113] [control__parse_identify_results] firmware_version is: 4.23.0
[2026-04-18 12:39:21.522] [176590] [HailoRT] [info] [control.cpp:113] [control__parse_identify_results] firmware_version is: 4.23.0
[2026-04-18 12:39:21.522] [176590] [HailoRT] [info] [edge_elements.cpp:52] [create] Created (HwWriteEl8yolov11n/input_layer1 | hw_frame_size: 1228800)
[2026-04-18 12:39:21.522] [176590] [HailoRT] [info] [queue_elements.cpp:284] [create] Created (PushQEl8yolov11n/input_layer1 | timeout: 10s)
[2026-04-18 12:39:21.522] [176590] [HailoRT] [info] [filter_elements.cpp:101] [create] Created (PreInferEl8yolov11n/input_layer1 | Reorder - src_order: NHWC, src_shape: (640, 640, 3), dst_order: NHCW, dst_shape: (640, 640, 3))
[2026-04-18 12:39:21.522] [176590] [HailoRT] [info] [vstream.cpp:754] [InputVStreamImpl] Creating yolov11n/input_layer1...
[2026-04-18 12:39:21.522] [176590] [HailoRT] [info] [vstream_builder.cpp:102] [create_inputs] Input pipeline 'yolov11n/input_layer1': (PreInferEl8yolov11n/input_layer1 | Reorder - src_order: NHWC, src_shape: (640, 640, 3), dst_order: NHCW, dst_shape: (640, 640, 3)) >> (PushQEl8yolov11n/input_layer1 | timeout: 10s) >> (HwWriteEl8yolov11n/input_layer1 | hw_frame_size: 1228800) >> HW
[2026-04-18 12:39:21.522] [176590] [HailoRT] [info] [multi_io_elements.cpp:135] [create] Created (NmsPPMuxEl0YOLOV8-Post-Process | Op YOLOV8, Name: YOLOV8-Post-Process, Score threshold: 0.200, IoU threshold: 0.70, Classes: 80, Max bboxes per class: 100, Image height: 640, Image width: 640)
[2026-04-18 12:39:21.522] [176590] [HailoRT] [info] [edge_elements.cpp:287] [create] Created (HwReadEl3yolov11n/conv51_143 | hw_frame_size: 409600)
[2026-04-18 12:39:21.522] [176590] [HailoRT] [info] [queue_elements.cpp:657] [create] Created (PullQEl_nms3yolov11n/conv51_143 | timeout: 10s)
[2026-04-18 12:39:21.522] [176590] [HailoRT] [info] [edge_elements.cpp:287] [create] Created (HwReadEl12yolov11n/conv54_143 | hw_frame_size: 512000)
[2026-04-18 12:39:21.522] [176590] [HailoRT] [info] [queue_elements.cpp:657] [create] Created (PullQEl_nms12yolov11n/conv54_143 | timeout: 10s)
[2026-04-18 12:39:21.522] [176590] [HailoRT] [info] [edge_elements.cpp:287] [create] Created (HwReadEl15yolov11n/conv62_143 | hw_frame_size: 102400)
[2026-04-18 12:39:21.523] [176590] [HailoRT] [info] [queue_elements.cpp:657] [create] Created (PullQEl_nms15yolov11n/conv62_143 | timeout: 10s)
[2026-04-18 12:39:21.523] [176590] [HailoRT] [info] [edge_elements.cpp:287] [create] Created (HwReadEl13yolov11n/conv65_143 | hw_frame_size: 128000)
[2026-04-18 12:39:21.523] [176590] [HailoRT] [info] [queue_elements.cpp:657] [create] Created (PullQEl_nms13yolov11n/conv65_143 | timeout: 10s)
[2026-04-18 12:39:21.523] [176590] [HailoRT] [info] [edge_elements.cpp:287] [create] Created (HwReadEl1yolov11n/conv77_143 | hw_frame_size: 30720)
[2026-04-18 12:39:21.523] [176590] [HailoRT] [info] [queue_elements.cpp:657] [create] Created (PullQEl_nms1yolov11n/conv77_143 | timeout: 10s)
[2026-04-18 12:39:21.523] [176590] [HailoRT] [info] [edge_elements.cpp:287] [create] Created (HwReadEl0yolov11n/conv80_143 | hw_frame_size: 38400)
[2026-04-18 12:39:21.523] [176590] [HailoRT] [info] [queue_elements.cpp:657] [create] Created (PullQEl_nms0yolov11n/conv80_143 | timeout: 10s)
[2026-04-18 12:39:21.523] [176590] [HailoRT] [info] [queue_elements.cpp:800] [create] Created (UserBufQEl_post_infer0yolov11n/yolov8_nms_postprocess | timeout: 10s)
[2026-04-18 12:39:21.523] [176590] [HailoRT] [info] [vstream.cpp:1114] [OutputVStreamImpl] Creating yolov11n/yolov8_nms_postprocess...
[2026-04-18 12:39:21.523] [176590] [HailoRT] [info] [vstream_builder.cpp:622] [create_output_post_process_nms] Output pipeline 'yolov11n/yolov8_nms_postprocess': HW >> (HwReadEl3yolov11n/conv51_143 | hw_frame_size: 409600) >> (PullQEl_nms3yolov11n/conv51_143) >> (HwReadEl12yolov11n/conv54_143 | hw_frame_size: 512000) >> (PullQEl_nms12yolov11n/conv54_143) >> (HwReadEl15yolov11n/conv62_143 | hw_frame_size: 102400) >> (PullQEl_nms15yolov11n/conv62_143) >> (HwReadEl13yolov11n/conv65_143 | hw_frame_size: 128000) >> (PullQEl_nms13yolov11n/conv65_143) >> (HwReadEl1yolov11n/conv77_143 | hw_frame_size: 30720) >> (PullQEl_nms1yolov11n/conv77_143) >> (HwReadEl0yolov11n/conv80_143 | hw_frame_size: 38400) >> (PullQEl_nms0yolov11n/conv80_143) >> (NmsPPMuxEl0YOLOV8-Post-Process | Op YOLOV8, Name: YOLOV8-Post-Process, Score threshold: 0.200, IoU threshold: 0.70, Classes: 80, Max bboxes per class: 100, Image height: 640, Image width: 640) >> (UserBufQEl_post_infer0yolov11n/yolov8_nms_postprocess | timeout: 10s)
[2026-04-18 12:40:21.523] [177110] [HailoRT] [info] [vdevice_native_stream.cpp:331] [read_impl] Failed read from stream HAILO_STREAM_ABORT(63) (device: 0001:01:00.0)
[2026-04-18 12:40:21.523] [177110] [HailoRT] [info] [edge_elements.cpp:396] [run_pull] Reading from stream was aborted!
[2026-04-18 12:40:21.523] [177110] [HailoRT] [info] [queue_elements.cpp:738] [run_in_thread] run_pull of queue element PullQEl_nms3yolov11n/conv51_143 was aborted!
[2026-04-18 12:40:21.523] [177119] [HailoRT] [info] [queue_elements.cpp:706] [run_pull] Shutdown event was signaled in dequeue of queue element PullQEl_nms3yolov11n/conv51_143!
[2026-04-18 12:40:21.523] [177119] [HailoRT] [info] [vstream.cpp:1138] [read] Receiving to VStream was shutdown!
[2026-04-18 12:40:21.523] [177114] [HailoRT] [info] [vdevice_native_stream.cpp:331] [read_impl] Failed read from stream HAILO_STREAM_ABORT(63) (device: 0001:01:00.0)
[2026-04-18 12:40:21.523] [177114] [HailoRT] [info] [edge_elements.cpp:396] [run_pull] Reading from stream was aborted!
[2026-04-18 12:40:21.523] [177114] [HailoRT] [info] [queue_elements.cpp:738] [run_in_thread] run_pull of queue element PullQEl_nms1yolov11n/conv77_143 was aborted!
[2026-04-18 12:40:21.523] [177115] [HailoRT] [info] [vdevice_native_stream.cpp:331] [read_impl] Failed read from stream HAILO_STREAM_ABORT(63) (device: 0001:01:00.0)
[2026-04-18 12:40:21.523] [177115] [HailoRT] [info] [edge_elements.cpp:396] [run_pull] Reading from stream was aborted!
[2026-04-18 12:40:21.523] [177115] [HailoRT] [info] [queue_elements.cpp:738] [run_in_thread] run_pull of queue element PullQEl_nms0yolov11n/conv80_143 was aborted!
[2026-04-18 12:40:21.523] [177113] [HailoRT] [info] [vdevice_native_stream.cpp:331] [read_impl] Failed read from stream HAILO_STREAM_ABORT(63) (device: 0001:01:00.0)
[2026-04-18 12:40:21.523] [177113] [HailoRT] [info] [edge_elements.cpp:396] [run_pull] Reading from stream was aborted!
[2026-04-18 12:40:21.523] [177113] [HailoRT] [info] [queue_elements.cpp:738] [run_in_thread] run_pull of queue element PullQEl_nms13yolov11n/conv65_143 was aborted!
[2026-04-18 12:40:21.523] [177109] [HailoRT] [info] [vdevice_native_stream.cpp:142] [write_impl] Failed write to stream yolov11n/input_layer1 (device: 0001:01:00.0) with status=HAILO_STREAM_ABORT(63)
[2026-04-18 12:40:21.523] [177109] [HailoRT] [info] [edge_elements.cpp:87] [run_push] Failed to send on input stream InputStream(index=8, name=yolov11n/input_layer1) because stream was aborted
[2026-04-18 12:40:21.523] [177109] [HailoRT] [info] [queue_elements.cpp:401] [run_in_thread] run_push of PushQEl8yolov11n/input_layer1 was aborted!
[2026-04-18 12:40:21.523] [177120] [HailoRT] [info] [vstream.cpp:774] [write] Sending to VStream was shutdown!
[2026-04-18 12:40:21.523] [177120] [HailoRT] [info] [vstream.cpp:778] [write] Sending to VStream was aborted!
[2026-04-18 12:40:21.523] [177112] [HailoRT] [info] [vdevice_native_stream.cpp:331] [read_impl] Failed read from stream HAILO_STREAM_ABORT(63) (device: 0001:01:00.0)
[2026-04-18 12:40:21.523] [177112] [HailoRT] [info] [edge_elements.cpp:396] [run_pull] Reading from stream was aborted!
[2026-04-18 12:40:21.523] [177112] [HailoRT] [info] [queue_elements.cpp:738] [run_in_thread] run_pull of queue element PullQEl_nms15yolov11n/conv62_143 was aborted!
[2026-04-18 12:40:21.523] [177111] [HailoRT] [info] [vdevice_native_stream.cpp:331] [read_impl] Failed read from stream HAILO_STREAM_ABORT(63) (device: 0001:01:00.0)
[2026-04-18 12:40:21.523] [177111] [HailoRT] [info] [edge_elements.cpp:396] [run_pull] Reading from stream was aborted!
[2026-04-18 12:40:21.523] [177111] [HailoRT] [info] [queue_elements.cpp:738] [run_in_thread] run_pull of queue element PullQEl_nms12yolov11n/conv54_143 was aborted!
[2026-04-18 12:40:21.565] [176590] [HailoRT] [info] [queue_elements.cpp:360] [execute_deactivate] enqueue() in element PushQEl8yolov11n/input_layer1 was aborted, got status = HAILO_SHUTDOWN_EVENT_SIGNALED(57)
[2026-04-18 12:40:21.565] [177109] [HailoRT] [info] [queue_elements.cpp:68] [operator()] Thread in element PushQEl8yolov11n/input_layer1 is not running anymore, exiting..
[2026-04-18 12:40:21.565] [176590] [HailoRT] [info] [queue_elements.cpp:46] [~BaseQueueElement] Queue element PushQEl8yolov11n/input_layer1 has 1 frames in his Queue on destruction
[2026-04-18 12:40:21.566] [177116] [HailoRT] [info] [queue_elements.cpp:68] [operator()] Thread in element UserBufQEl_post_infer0yolov11n/yolov8_nms_postprocess is not running anymore, exiting..
[2026-04-18 12:40:21.566] [176590] [HailoRT] [info] [queue_elements.cpp:46] [~BaseQueueElement] Queue element UserBufQEl_post_infer0yolov11n/yolov8_nms_postprocess has 0 frames in his Queue on destruction
[2026-04-18 12:40:21.566] [177115] [HailoRT] [info] [queue_elements.cpp:68] [operator()] Thread in element PullQEl_nms0yolov11n/conv80_143 is not running anymore, exiting..
[2026-04-18 12:40:21.566] [176590] [HailoRT] [info] [queue_elements.cpp:46] [~BaseQueueElement] Queue element PullQEl_nms0yolov11n/conv80_143 has 0 frames in his Queue on destruction
[2026-04-18 12:40:21.566] [177114] [HailoRT] [info] [queue_elements.cpp:68] [operator()] Thread in element PullQEl_nms1yolov11n/conv77_143 is not running anymore, exiting..
[2026-04-18 12:40:21.566] [176590] [HailoRT] [info] [queue_elements.cpp:46] [~BaseQueueElement] Queue element PullQEl_nms1yolov11n/conv77_143 has 0 frames in his Queue on destruction
[2026-04-18 12:40:21.566] [177113] [HailoRT] [info] [queue_elements.cpp:68] [operator()] Thread in element PullQEl_nms13yolov11n/conv65_143 is not running anymore, exiting..
[2026-04-18 12:40:21.566] [176590] [HailoRT] [info] [queue_elements.cpp:46] [~BaseQueueElement] Queue element PullQEl_nms13yolov11n/conv65_143 has 0 frames in his Queue on destruction
[2026-04-18 12:40:21.566] [177112] [HailoRT] [info] [queue_elements.cpp:68] [operator()] Thread in element PullQEl_nms15yolov11n/conv62_143 is not running anymore, exiting..
[2026-04-18 12:40:21.566] [176590] [HailoRT] [info] [queue_elements.cpp:46] [~BaseQueueElement] Queue element PullQEl_nms15yolov11n/conv62_143 has 0 frames in his Queue on destruction
[2026-04-18 12:40:21.566] [177111] [HailoRT] [info] [queue_elements.cpp:68] [operator()] Thread in element PullQEl_nms12yolov11n/conv54_143 is not running anymore, exiting..
[2026-04-18 12:40:21.566] [176590] [HailoRT] [info] [queue_elements.cpp:46] [~BaseQueueElement] Queue element PullQEl_nms12yolov11n/conv54_143 has 0 frames in his Queue on destruction
[2026-04-18 12:40:21.566] [177110] [HailoRT] [info] [queue_elements.cpp:68] [operator()] Thread in element PullQEl_nms3yolov11n/conv51_143 is not running anymore, exiting..
[2026-04-18 12:40:21.566] [176590] [HailoRT] [info] [queue_elements.cpp:46] [~BaseQueueElement] Queue element PullQEl_nms3yolov11n/conv51_143 has 0 frames in his Queue on destruction
[2026-04-18 12:40:21.566] [176590] [HailoRT] [info] [core_op.cpp:186] [deactivate] Deactivating took 0.006574 ms
[2026-04-18 12:40:21.566] [176590] [HailoRT] [info] [core_op.cpp:186] [deactivate] Deactivating took 0.016148 ms
[2026-04-18 12:40:21.622] [176590] [HailoRT] [info] [vdevice.cpp:535] [create] Creating vdevice with params: device_count: 1, scheduling_algorithm: NONE, multi_process_service: false
[2026-04-18 12:40:21.622] [176590] [HailoRT] [info] [device.cpp:51] [Device] OS Version: Linux 6.12.75+rpt-rpi-2712 #1 SMP PREEMPT Debian 1:6.12.75-1+rpt1 (2026-03-11) aarch64
[2026-04-18 12:40:21.622] [176590] [HailoRT] [info] [control.cpp:113] [control__parse_identify_results] firmware_version is: 4.23.0
[2026-04-18 12:40:21.622] [176590] [HailoRT] [info] [vdevice.cpp:682] [create] VDevice Infos: 0001:01:00.0
[2026-04-18 12:40:21.629] [176590] [HailoRT] [warning] [buffer_requirements.cpp:131] [get_buffer_requirements_multiple_transfers] Desc page size value (1024) is not optimal for performance.
[2026-04-18 12:40:21.666] [176590] [HailoRT] [info] [internal_buffer_manager.cpp:77] [print_execution_results] Planned internal buffer memory: CMA=0 CMA-Desc=1376256 Pinned=60060672. memory to edge layer usage factor is 1
[2026-04-18 12:40:21.666] [176590] [HailoRT] [info] [internal_buffer_manager.cpp:86] [print_execution_results] Default Internal buffer planner executed successfully
[2026-04-18 12:40:21.807] [176590] [HailoRT] [info] [device_internal.cpp:57] [configure] Configuring HEF took 184.644138 milliseconds
[2026-04-18 12:40:21.807] [176590] [HailoRT] [info] [vdevice.cpp:780] [configure] Configuring HEF on VDevice took 185.056036 milliseconds
[2026-04-18 12:40:21.808] [176590] [HailoRT] [info] [control.cpp:113] [control__parse_identify_results] firmware_version is: 4.23.0
[2026-04-18 12:40:21.810] [176590] [HailoRT] [info] [control.cpp:113] [control__parse_identify_results] firmware_version is: 4.23.0
[2026-04-18 12:40:21.840] [176590] [HailoRT] [info] [core_op.cpp:156] [activate] Activating yolov11n took 30.15618 milliseconds. Note that the function is asynchronous and thus the network is not fully activated yet.
[2026-04-18 12:40:21.840] [176590] [HailoRT] [info] [core_op.cpp:156] [activate] Activating yolov11n took 30.185346 milliseconds. Note that the function is asynchronous and thus the network is not fully activated yet.
[2026-04-18 12:40:21.853] [176590] [HailoRT] [info] [control.cpp:113] [control__parse_identify_results] firmware_version is: 4.23.0
[2026-04-18 12:40:21.854] [176590] [HailoRT] [info] [control.cpp:113] [control__parse_identify_results] firmware_version is: 4.23.0
[2026-04-18 12:40:21.854] [176590] [HailoRT] [info] [edge_elements.cpp:52] [create] Created (HwWriteEl8yolov11n/input_layer1 | hw_frame_size: 1228800)
[2026-04-18 12:40:21.854] [176590] [HailoRT] [info] [queue_elements.cpp:284] [create] Created (PushQEl8yolov11n/input_layer1 | timeout: 10s)
[2026-04-18 12:40:21.854] [176590] [HailoRT] [info] [filter_elements.cpp:101] [create] Created (PreInferEl8yolov11n/input_layer1 | Reorder - src_order: NHWC, src_shape: (640, 640, 3), dst_order: NHCW, dst_shape: (640, 640, 3))
[2026-04-18 12:40:21.854] [176590] [HailoRT] [info] [vstream.cpp:754] [InputVStreamImpl] Creating yolov11n/input_layer1...
[2026-04-18 12:40:21.854] [176590] [HailoRT] [info] [vstream_builder.cpp:102] [create_inputs] Input pipeline 'yolov11n/input_layer1': (PreInferEl8yolov11n/input_layer1 | Reorder - src_order: NHWC, src_shape: (640, 640, 3), dst_order: NHCW, dst_shape: (640, 640, 3)) >> (PushQEl8yolov11n/input_layer1 | timeout: 10s) >> (HwWriteEl8yolov11n/input_layer1 | hw_frame_size: 1228800) >> HW
[2026-04-18 12:40:21.854] [176590] [HailoRT] [info] [multi_io_elements.cpp:135] [create] Created (NmsPPMuxEl0YOLOV8-Post-Process | Op YOLOV8, Name: YOLOV8-Post-Process, Score threshold: 0.200, IoU threshold: 0.70, Classes: 80, Max bboxes per class: 100, Image height: 640, Image width: 640)
[2026-04-18 12:40:21.854] [176590] [HailoRT] [info] [edge_elements.cpp:287] [create] Created (HwReadEl3yolov11n/conv51_143 | hw_frame_size: 409600)
[2026-04-18 12:40:21.854] [176590] [HailoRT] [info] [queue_elements.cpp:657] [create] Created (PullQEl_nms3yolov11n/conv51_143 | timeout: 10s)
[2026-04-18 12:40:21.854] [176590] [HailoRT] [info] [edge_elements.cpp:287] [create] Created (HwReadEl12yolov11n/conv54_143 | hw_frame_size: 512000)
[2026-04-18 12:40:21.854] [176590] [HailoRT] [info] [queue_elements.cpp:657] [create] Created (PullQEl_nms12yolov11n/conv54_143 | timeout: 10s)
[2026-04-18 12:40:21.854] [176590] [HailoRT] [info] [edge_elements.cpp:287] [create] Created (HwReadEl15yolov11n/conv62_143 | hw_frame_size: 102400)
[2026-04-18 12:40:21.854] [176590] [HailoRT] [info] [queue_elements.cpp:657] [create] Created (PullQEl_nms15yolov11n/conv62_143 | timeout: 10s)
[2026-04-18 12:40:21.854] [176590] [HailoRT] [info] [edge_elements.cpp:287] [create] Created (HwReadEl13yolov11n/conv65_143 | hw_frame_size: 128000)
[2026-04-18 12:40:21.854] [176590] [HailoRT] [info] [queue_elements.cpp:657] [create] Created (PullQEl_nms13yolov11n/conv65_143 | timeout: 10s)
[2026-04-18 12:40:21.854] [176590] [HailoRT] [info] [edge_elements.cpp:287] [create] Created (HwReadEl1yolov11n/conv77_143 | hw_frame_size: 30720)
[2026-04-18 12:40:21.854] [176590] [HailoRT] [info] [queue_elements.cpp:657] [create] Created (PullQEl_nms1yolov11n/conv77_143 | timeout: 10s)
[2026-04-18 12:40:21.854] [176590] [HailoRT] [info] [edge_elements.cpp:287] [create] Created (HwReadEl0yolov11n/conv80_143 | hw_frame_size: 38400)
[2026-04-18 12:40:21.855] [176590] [HailoRT] [info] [queue_elements.cpp:657] [create] Created (PullQEl_nms0yolov11n/conv80_143 | timeout: 10s)
[2026-04-18 12:40:21.855] [176590] [HailoRT] [info] [queue_elements.cpp:800] [create] Created (UserBufQEl_post_infer0yolov11n/yolov8_nms_postprocess | timeout: 10s)
[2026-04-18 12:40:21.855] [176590] [HailoRT] [info] [vstream.cpp:1114] [OutputVStreamImpl] Creating yolov11n/yolov8_nms_postprocess...
[2026-04-18 12:40:21.855] [176590] [HailoRT] [info] [vstream_builder.cpp:622] [create_output_post_process_nms] Output pipeline 'yolov11n/yolov8_nms_postprocess': HW >> (HwReadEl3yolov11n/conv51_143 | hw_frame_size: 409600) >> (PullQEl_nms3yolov11n/conv51_143) >> (HwReadEl12yolov11n/conv54_143 | hw_frame_size: 512000) >> (PullQEl_nms12yolov11n/conv54_143) >> (HwReadEl15yolov11n/conv62_143 | hw_frame_size: 102400) >> (PullQEl_nms15yolov11n/conv62_143) >> (HwReadEl13yolov11n/conv65_143 | hw_frame_size: 128000) >> (PullQEl_nms13yolov11n/conv65_143) >> (HwReadEl1yolov11n/conv77_143 | hw_frame_size: 30720) >> (PullQEl_nms1yolov11n/conv77_143) >> (HwReadEl0yolov11n/conv80_143 | hw_frame_size: 38400) >> (PullQEl_nms0yolov11n/conv80_143) >> (NmsPPMuxEl0YOLOV8-Post-Process | Op YOLOV8, Name: YOLOV8-Post-Process, Score threshold: 0.200, IoU threshold: 0.70, Classes: 80, Max bboxes per class: 100, Image height: 640, Image width: 640) >> (UserBufQEl_post_infer0yolov11n/yolov8_nms_postprocess | timeout: 10s)
[2026-04-18 12:41:21.855] [177601] [HailoRT] [info] [vdevice_native_stream.cpp:331] [read_impl] Failed read from stream HAILO_STREAM_ABORT(63) (device: 0001:01:00.0)
[2026-04-18 12:41:21.855] [177600] [HailoRT] [info] [vdevice_native_stream.cpp:331] [read_impl] Failed read from stream HAILO_STREAM_ABORT(63) (device: 0001:01:00.0)
[2026-04-18 12:41:21.855] [177600] [HailoRT] [info] [edge_elements.cpp:396] [run_pull] Reading from stream was aborted!
[2026-04-18 12:41:21.855] [177601] [HailoRT] [info] [edge_elements.cpp:396] [run_pull] Reading from stream was aborted!
[2026-04-18 12:41:21.855] [177600] [HailoRT] [info] [queue_elements.cpp:738] [run_in_thread] run_pull of queue element PullQEl_nms12yolov11n/conv54_143 was aborted!
[2026-04-18 12:41:21.855] [177601] [HailoRT] [info] [queue_elements.cpp:738] [run_in_thread] run_pull of queue element PullQEl_nms15yolov11n/conv62_143 was aborted!
[2026-04-18 12:41:21.855] [177603] [HailoRT] [info] [vdevice_native_stream.cpp:331] [read_impl] Failed read from stream HAILO_STREAM_ABORT(63) (device: 0001:01:00.0)
[2026-04-18 12:41:21.855] [177603] [HailoRT] [info] [edge_elements.cpp:396] [run_pull] Reading from stream was aborted!
[2026-04-18 12:41:21.855] [177603] [HailoRT] [info] [queue_elements.cpp:738] [run_in_thread] run_pull of queue element PullQEl_nms1yolov11n/conv77_143 was aborted!
[2026-04-18 12:41:21.855] [177604] [HailoRT] [info] [vdevice_native_stream.cpp:331] [read_impl] Failed read from stream HAILO_STREAM_ABORT(63) (device: 0001:01:00.0)
[2026-04-18 12:41:21.855] [177604] [HailoRT] [info] [edge_elements.cpp:396] [run_pull] Reading from stream was aborted!
[2026-04-18 12:41:21.855] [177604] [HailoRT] [info] [queue_elements.cpp:738] [run_in_thread] run_pull of queue element PullQEl_nms0yolov11n/conv80_143 was aborted!
[2026-04-18 12:41:21.855] [177602] [HailoRT] [info] [vdevice_native_stream.cpp:331] [read_impl] Failed read from stream HAILO_STREAM_ABORT(63) (device: 0001:01:00.0)
[2026-04-18 12:41:21.855] [177602] [HailoRT] [info] [edge_elements.cpp:396] [run_pull] Reading from stream was aborted!
[2026-04-18 12:41:21.855] [177602] [HailoRT] [info] [queue_elements.cpp:738] [run_in_thread] run_pull of queue element PullQEl_nms13yolov11n/conv65_143 was aborted!
[2026-04-18 12:41:21.855] [177599] [HailoRT] [info] [vdevice_native_stream.cpp:331] [read_impl] Failed read from stream HAILO_STREAM_ABORT(63) (device: 0001:01:00.0)
[2026-04-18 12:41:21.855] [177599] [HailoRT] [info] [edge_elements.cpp:396] [run_pull] Reading from stream was aborted!
[2026-04-18 12:41:21.855] [177599] [HailoRT] [info] [queue_elements.cpp:738] [run_in_thread] run_pull of queue element PullQEl_nms3yolov11n/conv51_143 was aborted!
[2026-04-18 12:41:21.855] [177608] [HailoRT] [info] [queue_elements.cpp:706] [run_pull] Shutdown event was signaled in dequeue of queue element PullQEl_nms3yolov11n/conv51_143!
[2026-04-18 12:41:21.855] [177608] [HailoRT] [info] [vstream.cpp:1138] [read] Receiving to VStream was shutdown!
[2026-04-18 12:41:21.856] [177598] [HailoRT] [info] [vdevice_native_stream.cpp:142] [write_impl] Failed write to stream yolov11n/input_layer1 (device: 0001:01:00.0) with status=HAILO_STREAM_ABORT(63)
[2026-04-18 12:41:21.856] [177598] [HailoRT] [info] [edge_elements.cpp:87] [run_push] Failed to send on input stream InputStream(index=8, name=yolov11n/input_layer1) because stream was aborted
[2026-04-18 12:41:21.856] [177598] [HailoRT] [info] [queue_elements.cpp:401] [run_in_thread] run_push of PushQEl8yolov11n/input_layer1 was aborted!
[2026-04-18 12:41:21.857] [177609] [HailoRT] [info] [queue_elements.cpp:319] [run_push] run_push of PushQEl8yolov11n/input_layer1 was aborted!
[2026-04-18 12:41:21.857] [177609] [HailoRT] [info] [filter_elements.cpp:35] [run_push] run_push of PreInferEl8yolov11n/input_layer1 was aborted!
[2026-04-18 12:41:21.857] [177609] [HailoRT] [info] [vstream.cpp:778] [write] Sending to VStream was aborted!
[2026-04-18 12:41:21.864] [176590] [HailoRT] [info] [queue_elements.cpp:360] [execute_deactivate] enqueue() in element PushQEl8yolov11n/input_layer1 was aborted, got status = HAILO_SHUTDOWN_EVENT_SIGNALED(57)
[2026-04-18 12:41:21.865] [177598] [HailoRT] [info] [queue_elements.cpp:68] [operator()] Thread in element PushQEl8yolov11n/input_layer1 is not running anymore, exiting..
[2026-04-18 12:41:21.865] [176590] [HailoRT] [info] [queue_elements.cpp:46] [~BaseQueueElement] Queue element PushQEl8yolov11n/input_layer1 has 0 frames in his Queue on destruction
[2026-04-18 12:41:21.865] [177605] [HailoRT] [info] [queue_elements.cpp:68] [operator()] Thread in element UserBufQEl_post_infer0yolov11n/yolov8_nms_postprocess is not running anymore, exiting..
[2026-04-18 12:41:21.865] [176590] [HailoRT] [info] [queue_elements.cpp:46] [~BaseQueueElement] Queue element UserBufQEl_post_infer0yolov11n/yolov8_nms_postprocess has 0 frames in his Queue on destruction
[2026-04-18 12:41:21.865] [177604] [HailoRT] [info] [queue_elements.cpp:68] [operator()] Thread in element PullQEl_nms0yolov11n/conv80_143 is not running anymore, exiting..
[2026-04-18 12:41:21.865] [176590] [HailoRT] [info] [queue_elements.cpp:46] [~BaseQueueElement] Queue element PullQEl_nms0yolov11n/conv80_143 has 0 frames in his Queue on destruction
[2026-04-18 12:41:21.865] [177603] [HailoRT] [info] [queue_elements.cpp:68] [operator()] Thread in element PullQEl_nms1yolov11n/conv77_143 is not running anymore, exiting..
[2026-04-18 12:41:21.865] [176590] [HailoRT] [info] [queue_elements.cpp:46] [~BaseQueueElement] Queue element PullQEl_nms1yolov11n/conv77_143 has 0 frames in his Queue on destruction
[2026-04-18 12:41:21.865] [177602] [HailoRT] [info] [queue_elements.cpp:68] [operator()] Thread in element PullQEl_nms13yolov11n/conv65_143 is not running anymore, exiting..
[2026-04-18 12:41:21.865] [176590] [HailoRT] [info] [queue_elements.cpp:46] [~BaseQueueElement] Queue element PullQEl_nms13yolov11n/conv65_143 has 0 frames in his Queue on destruction
[2026-04-18 12:41:21.865] [177601] [HailoRT] [info] [queue_elements.cpp:68] [operator()] Thread in element PullQEl_nms15yolov11n/conv62_143 is not running anymore, exiting..
[2026-04-18 12:41:21.865] [176590] [HailoRT] [info] [queue_elements.cpp:46] [~BaseQueueElement] Queue element PullQEl_nms15yolov11n/conv62_143 has 0 frames in his Queue on destruction
[2026-04-18 12:41:21.865] [177600] [HailoRT] [info] [queue_elements.cpp:68] [operator()] Thread in element PullQEl_nms12yolov11n/conv54_143 is not running anymore, exiting..
[2026-04-18 12:41:21.865] [176590] [HailoRT] [info] [queue_elements.cpp:46] [~BaseQueueElement] Queue element PullQEl_nms12yolov11n/conv54_143 has 0 frames in his Queue on destruction
[2026-04-18 12:41:21.865] [177599] [HailoRT] [info] [queue_elements.cpp:68] [operator()] Thread in element PullQEl_nms3yolov11n/conv51_143 is not running anymore, exiting..
[2026-04-18 12:41:21.865] [176590] [HailoRT] [info] [queue_elements.cpp:46] [~BaseQueueElement] Queue element PullQEl_nms3yolov11n/conv51_143 has 0 frames in his Queue on destruction
[2026-04-18 12:41:21.865] [176590] [HailoRT] [info] [core_op.cpp:186] [deactivate] Deactivating took 0.007888 ms
[2026-04-18 12:41:21.865] [176590] [HailoRT] [info] [core_op.cpp:186] [deactivate] Deactivating took 0.016777 ms
[2026-04-18 12:41:32.179] [178115] [HailoRT] [info] [vdevice.cpp:535] [create] Creating vdevice with params: device_count: 1, scheduling_algorithm: NONE, multi_process_service: false
[2026-04-18 12:41:32.192] [178115] [HailoRT] [info] [device.cpp:51] [Device] OS Version: Linux 6.12.75+rpt-rpi-2712 #1 SMP PREEMPT Debian 1:6.12.75-1+rpt1 (2026-03-11) aarch64
[2026-04-18 12:41:32.192] [178115] [HailoRT] [info] [control.cpp:113] [control__parse_identify_results] firmware_version is: 4.23.0
[2026-04-18 12:41:32.192] [178115] [HailoRT] [info] [vdevice.cpp:682] [create] VDevice Infos: 0001:01:00.0
[2026-04-18 12:41:32.198] [178115] [HailoRT] [warning] [buffer_requirements.cpp:131] [get_buffer_requirements_multiple_transfers] Desc page size value (1024) is not optimal for performance.
[2026-04-18 12:41:32.221] [178115] [HailoRT] [info] [internal_buffer_manager.cpp:77] [print_execution_results] Planned internal buffer memory: CMA=0 CMA-Desc=1507328 Pinned=61238272. memory to edge layer usage factor is 1
[2026-04-18 12:41:32.221] [178115] [HailoRT] [info] [internal_buffer_manager.cpp:86] [print_execution_results] Default Internal buffer planner executed successfully
[2026-04-18 12:41:32.329] [178115] [HailoRT] [info] [device_internal.cpp:57] [configure] Configuring HEF took 136.93251 milliseconds
[2026-04-18 12:41:32.330] [178115] [HailoRT] [info] [vdevice.cpp:780] [configure] Configuring HEF on VDevice took 137.384389 milliseconds
[2026-04-18 12:41:32.330] [178115] [HailoRT] [info] [control.cpp:113] [control__parse_identify_results] firmware_version is: 4.23.0
[2026-04-18 12:41:32.330] [178115] [HailoRT] [info] [control.cpp:113] [control__parse_identify_results] firmware_version is: 4.23.0
[2026-04-18 12:41:32.365] [178115] [HailoRT] [info] [core_op.cpp:156] [activate] Activating yolov11n took 34.797805 milliseconds. Note that the function is asynchronous and thus the network is not fully activated yet.
[2026-04-18 12:41:32.365] [178115] [HailoRT] [info] [core_op.cpp:156] [activate] Activating yolov11n took 34.830026 milliseconds. Note that the function is asynchronous and thus the network is not fully activated yet.
[2026-04-18 12:41:32.378] [178115] [HailoRT] [info] [control.cpp:113] [control__parse_identify_results] firmware_version is: 4.23.0
[2026-04-18 12:41:32.379] [178115] [HailoRT] [info] [control.cpp:113] [control__parse_identify_results] firmware_version is: 4.23.0
[2026-04-18 12:41:33.504] [178107] [HailoRT] [info] [device.cpp:51] [Device] OS Version: Linux 6.12.75+rpt-rpi-2712 #1 SMP PREEMPT Debian 1:6.12.75-1+rpt1 (2026-03-11) aarch64
[2026-04-18 12:41:33.505] [178107] [HailoRT] [info] [control.cpp:113] [control__parse_identify_results] firmware_version is: 4.23.0
[2026-04-18 12:41:33.505] [178107] [HailoRT] [info] [control.cpp:113] [control__parse_identify_results] firmware_version is: 4.23.0
[2026-04-18 12:42:32.379] [178127] [HailoRT] [info] [vdevice_native_stream.cpp:331] [read_impl] Failed read from stream HAILO_STREAM_ABORT(63) (device: 0001:01:00.0)
[2026-04-18 12:42:32.379] [178130] [HailoRT] [info] [vdevice_native_stream.cpp:331] [read_impl] Failed read from stream HAILO_STREAM_ABORT(63) (device: 0001:01:00.0)
[2026-04-18 12:42:32.379] [178128] [HailoRT] [info] [vdevice_native_stream.cpp:331] [read_impl] Failed read from stream HAILO_STREAM_ABORT(63) (device: 0001:01:00.0)
[2026-04-18 12:42:32.379] [178131] [HailoRT] [info] [vdevice_native_stream.cpp:142] [write_impl] Failed write to stream yolov11n/input_layer1 (device: 0001:01:00.0) with status=HAILO_STREAM_ABORT(63)
[2026-04-18 12:42:32.379] [178125] [HailoRT] [info] [vdevice_native_stream.cpp:331] [read_impl] Failed read from stream HAILO_STREAM_ABORT(63) (device: 0001:01:00.0)
[2026-04-18 12:42:32.379] [178126] [HailoRT] [info] [vdevice_native_stream.cpp:331] [read_impl] Failed read from stream HAILO_STREAM_ABORT(63) (device: 0001:01:00.0)
[2026-04-18 12:42:32.379] [178129] [HailoRT] [info] [vdevice_native_stream.cpp:331] [read_impl] Failed read from stream HAILO_STREAM_ABORT(63) (device: 0001:01:00.0)
[2026-04-18 12:42:32.422] [178115] [HailoRT] [info] [core_op.cpp:186] [deactivate] Deactivating took 0.008111 ms
[2026-04-18 12:42:32.422] [178115] [HailoRT] [info] [core_op.cpp:186] [deactivate] Deactivating took 0.028481 ms
[2026-04-18 12:42:32.477] [178115] [HailoRT] [info] [vdevice.cpp:535] [create] Creating vdevice with params: device_count: 1, scheduling_algorithm: NONE, multi_process_service: false
[2026-04-18 12:42:32.477] [178115] [HailoRT] [info] [device.cpp:51] [Device] OS Version: Linux 6.12.75+rpt-rpi-2712 #1 SMP PREEMPT Debian 1:6.12.75-1+rpt1 (2026-03-11) aarch64
[2026-04-18 12:42:32.477] [178115] [HailoRT] [info] [control.cpp:113] [control__parse_identify_results] firmware_version is: 4.23.0
[2026-04-18 12:42:32.477] [178115] [HailoRT] [info] [vdevice.cpp:682] [create] VDevice Infos: 0001:01:00.0
[2026-04-18 12:42:32.483] [178115] [HailoRT] [warning] [buffer_requirements.cpp:131] [get_buffer_requirements_multiple_transfers] Desc page size value (1024) is not optimal for performance.
[2026-04-18 12:42:32.504] [178115] [HailoRT] [info] [internal_buffer_manager.cpp:77] [print_execution_results] Planned internal buffer memory: CMA=0 CMA-Desc=1507328 Pinned=61238272. memory to edge layer usage factor is 1
[2026-04-18 12:42:32.504] [178115] [HailoRT] [info] [internal_buffer_manager.cpp:86] [print_execution_results] Default Internal buffer planner executed successfully
[2026-04-18 12:42:32.614] [178115] [HailoRT] [info] [device_internal.cpp:57] [configure] Configuring HEF took 136.083307 milliseconds
[2026-04-18 12:42:32.614] [178115] [HailoRT] [info] [vdevice.cpp:780] [configure] Configuring HEF on VDevice took 136.449689 milliseconds
[2026-04-18 12:42:32.614] [178115] [HailoRT] [info] [control.cpp:113] [control__parse_identify_results] firmware_version is: 4.23.0
[2026-04-18 12:42:32.614] [178115] [HailoRT] [info] [control.cpp:113] [control__parse_identify_results] firmware_version is: 4.23.0
[2026-04-18 12:42:32.649] [178115] [HailoRT] [info] [core_op.cpp:156] [activate] Activating yolov11n took 34.853389 milliseconds. Note that the function is asynchronous and thus the network is not fully activated yet.
[2026-04-18 12:42:32.649] [178115] [HailoRT] [info] [core_op.cpp:156] [activate] Activating yolov11n took 34.879203 milliseconds. Note that the function is asynchronous and thus the network is not fully activated yet.
[2026-04-18 12:42:32.662] [178115] [HailoRT] [info] [control.cpp:113] [control__parse_identify_results] firmware_version is: 4.23.0
[2026-04-18 12:42:32.663] [178115] [HailoRT] [info] [control.cpp:113] [control__parse_identify_results] firmware_version is: 4.23.0
[2026-04-18 12:42:32.663] [178115] [HailoRT] [info] [edge_elements.cpp:52] [create] Created (HwWriteEl8yolov11n/input_layer1 | hw_frame_size: 1228800)
[2026-04-18 12:42:32.663] [178115] [HailoRT] [info] [queue_elements.cpp:284] [create] Created (PushQEl8yolov11n/input_layer1 | timeout: 10s)
[2026-04-18 12:42:32.663] [178115] [HailoRT] [info] [filter_elements.cpp:101] [create] Created (PreInferEl8yolov11n/input_layer1 | Reorder - src_order: NHWC, src_shape: (640, 640, 3), dst_order: NHCW, dst_shape: (640, 640, 3))
[2026-04-18 12:42:32.663] [178115] [HailoRT] [info] [vstream.cpp:754] [InputVStreamImpl] Creating yolov11n/input_layer1...
[2026-04-18 12:42:32.663] [178115] [HailoRT] [info] [vstream_builder.cpp:102] [create_inputs] Input pipeline 'yolov11n/input_layer1': (PreInferEl8yolov11n/input_layer1 | Reorder - src_order: NHWC, src_shape: (640, 640, 3), dst_order: NHCW, dst_shape: (640, 640, 3)) >> (PushQEl8yolov11n/input_layer1 | timeout: 10s) >> (HwWriteEl8yolov11n/input_layer1 | hw_frame_size: 1228800) >> HW
[2026-04-18 12:42:32.663] [178115] [HailoRT] [info] [multi_io_elements.cpp:135] [create] Created (NmsPPMuxEl0YOLOV8-Post-Process | Op YOLOV8, Name: YOLOV8-Post-Process, Score threshold: 0.200, IoU threshold: 0.70, Classes: 80, Max bboxes per class: 100, Image height: 640, Image width: 640)
[2026-04-18 12:42:32.663] [178115] [HailoRT] [info] [edge_elements.cpp:287] [create] Created (HwReadEl3yolov11n/conv51_143 | hw_frame_size: 409600)
[2026-04-18 12:42:32.663] [178115] [HailoRT] [info] [queue_elements.cpp:657] [create] Created (PullQEl_nms3yolov11n/conv51_143 | timeout: 10s)
[2026-04-18 12:42:32.663] [178115] [HailoRT] [info] [edge_elements.cpp:287] [create] Created (HwReadEl12yolov11n/conv54_143 | hw_frame_size: 512000)
[2026-04-18 12:42:32.663] [178115] [HailoRT] [info] [queue_elements.cpp:657] [create] Created (PullQEl_nms12yolov11n/conv54_143 | timeout: 10s)
[2026-04-18 12:42:32.663] [178115] [HailoRT] [info] [edge_elements.cpp:287] [create] Created (HwReadEl15yolov11n/conv62_143 | hw_frame_size: 102400)
[2026-04-18 12:42:32.663] [178115] [HailoRT] [info] [queue_elements.cpp:657] [create] Created (PullQEl_nms15yolov11n/conv62_143 | timeout: 10s)
[2026-04-18 12:42:32.663] [178115] [HailoRT] [info] [edge_elements.cpp:287] [create] Created (HwReadEl13yolov11n/conv65_143 | hw_frame_size: 128000)
[2026-04-18 12:42:32.663] [178115] [HailoRT] [info] [queue_elements.cpp:657] [create] Created (PullQEl_nms13yolov11n/conv65_143 | timeout: 10s)
[2026-04-18 12:42:32.663] [178115] [HailoRT] [info] [edge_elements.cpp:287] [create] Created (HwReadEl1yolov11n/conv77_143 | hw_frame_size: 30720)
[2026-04-18 12:42:32.664] [178115] [HailoRT] [info] [queue_elements.cpp:657] [create] Created (PullQEl_nms1yolov11n/conv77_143 | timeout: 10s)
[2026-04-18 12:42:32.664] [178115] [HailoRT] [info] [edge_elements.cpp:287] [create] Created (HwReadEl0yolov11n/conv80_143 | hw_frame_size: 38400)
[2026-04-18 12:42:32.664] [178115] [HailoRT] [info] [queue_elements.cpp:657] [create] Created (PullQEl_nms0yolov11n/conv80_143 | timeout: 10s)
[2026-04-18 12:42:32.664] [178115] [HailoRT] [info] [queue_elements.cpp:800] [create] Created (UserBufQEl_post_infer0yolov11n/yolov8_nms_postprocess | timeout: 10s)
[2026-04-18 12:42:32.664] [178115] [HailoRT] [info] [vstream.cpp:1114] [OutputVStreamImpl] Creating yolov11n/yolov8_nms_postprocess...
[2026-04-18 12:42:32.664] [178115] [HailoRT] [info] [vstream_builder.cpp:622] [create_output_post_process_nms] Output pipeline 'yolov11n/yolov8_nms_postprocess': HW >> (HwReadEl3yolov11n/conv51_143 | hw_frame_size: 409600) >> (PullQEl_nms3yolov11n/conv51_143) >> (HwReadEl12yolov11n/conv54_143 | hw_frame_size: 512000) >> (PullQEl_nms12yolov11n/conv54_143) >> (HwReadEl15yolov11n/conv62_143 | hw_frame_size: 102400) >> (PullQEl_nms15yolov11n/conv62_143) >> (HwReadEl13yolov11n/conv65_143 | hw_frame_size: 128000) >> (PullQEl_nms13yolov11n/conv65_143) >> (HwReadEl1yolov11n/conv77_143 | hw_frame_size: 30720) >> (PullQEl_nms1yolov11n/conv77_143) >> (HwReadEl0yolov11n/conv80_143 | hw_frame_size: 38400) >> (PullQEl_nms0yolov11n/conv80_143) >> (NmsPPMuxEl0YOLOV8-Post-Process | Op YOLOV8, Name: YOLOV8-Post-Process, Score threshold: 0.200, IoU threshold: 0.70, Classes: 80, Max bboxes per class: 100, Image height: 640, Image width: 640) >> (UserBufQEl_post_infer0yolov11n/yolov8_nms_postprocess | timeout: 10s)
[2026-04-18 12:43:32.664] [178633] [HailoRT] [info] [vdevice_native_stream.cpp:142] [write_impl] Failed write to stream yolov11n/input_layer1 (device: 0001:01:00.0) with status=HAILO_STREAM_ABORT(63)
[2026-04-18 12:43:32.664] [178637] [HailoRT] [info] [vdevice_native_stream.cpp:331] [read_impl] Failed read from stream HAILO_STREAM_ABORT(63) (device: 0001:01:00.0)
[2026-04-18 12:43:32.664] [178637] [HailoRT] [info] [edge_elements.cpp:396] [run_pull] Reading from stream was aborted!
[2026-04-18 12:43:32.664] [178638] [HailoRT] [info] [vdevice_native_stream.cpp:331] [read_impl] Failed read from stream HAILO_STREAM_ABORT(63) (device: 0001:01:00.0)
[2026-04-18 12:43:32.664] [178638] [HailoRT] [info] [edge_elements.cpp:396] [run_pull] Reading from stream was aborted!
[2026-04-18 12:43:32.664] [178639] [HailoRT] [info] [vdevice_native_stream.cpp:331] [read_impl] Failed read from stream HAILO_STREAM_ABORT(63) (device: 0001:01:00.0)
[2026-04-18 12:43:32.664] [178634] [HailoRT] [info] [vdevice_native_stream.cpp:331] [read_impl] Failed read from stream HAILO_STREAM_ABORT(63) (device: 0001:01:00.0)
[2026-04-18 12:43:32.664] [178639] [HailoRT] [info] [edge_elements.cpp:396] [run_pull] Reading from stream was aborted!
[2026-04-18 12:43:32.664] [178634] [HailoRT] [info] [edge_elements.cpp:396] [run_pull] Reading from stream was aborted!
[2026-04-18 12:43:32.664] [178638] [HailoRT] [info] [queue_elements.cpp:738] [run_in_thread] run_pull of queue element PullQEl_nms1yolov11n/conv77_143 was aborted!
[2026-04-18 12:43:32.664] [178637] [HailoRT] [info] [queue_elements.cpp:738] [run_in_thread] run_pull of queue element PullQEl_nms13yolov11n/conv65_143 was aborted!
[2026-04-18 12:43:32.664] [178636] [HailoRT] [info] [vdevice_native_stream.cpp:331] [read_impl] Failed read from stream HAILO_STREAM_ABORT(63) (device: 0001:01:00.0)
[2026-04-18 12:43:32.664] [178636] [HailoRT] [info] [edge_elements.cpp:396] [run_pull] Reading from stream was aborted!
[2026-04-18 12:43:32.664] [178639] [HailoRT] [info] [queue_elements.cpp:738] [run_in_thread] run_pull of queue element PullQEl_nms0yolov11n/conv80_143 was aborted!
[2026-04-18 12:43:32.664] [178636] [HailoRT] [info] [queue_elements.cpp:738] [run_in_thread] run_pull of queue element PullQEl_nms15yolov11n/conv62_143 was aborted!
[2026-04-18 12:43:32.664] [178635] [HailoRT] [info] [vdevice_native_stream.cpp:331] [read_impl] Failed read from stream HAILO_STREAM_ABORT(63) (device: 0001:01:00.0)
[2026-04-18 12:43:32.664] [178635] [HailoRT] [info] [edge_elements.cpp:396] [run_pull] Reading from stream was aborted!
[2026-04-18 12:43:32.664] [178634] [HailoRT] [info] [queue_elements.cpp:738] [run_in_thread] run_pull of queue element PullQEl_nms3yolov11n/conv51_143 was aborted!
[2026-04-18 12:43:32.664] [178635] [HailoRT] [info] [queue_elements.cpp:738] [run_in_thread] run_pull of queue element PullQEl_nms12yolov11n/conv54_143 was aborted!
[2026-04-18 12:43:32.664] [178643] [HailoRT] [info] [queue_elements.cpp:706] [run_pull] Shutdown event was signaled in dequeue of queue element PullQEl_nms3yolov11n/conv51_143!
[2026-04-18 12:43:32.664] [178633] [HailoRT] [info] [edge_elements.cpp:87] [run_push] Failed to send on input stream InputStream(index=8, name=yolov11n/input_layer1) because stream was aborted
[2026-04-18 12:43:32.664] [178643] [HailoRT] [info] [vstream.cpp:1138] [read] Receiving to VStream was shutdown!
[2026-04-18 12:43:32.664] [178633] [HailoRT] [info] [queue_elements.cpp:401] [run_in_thread] run_push of PushQEl8yolov11n/input_layer1 was aborted!
[2026-04-18 12:43:32.664] [178644] [HailoRT] [info] [vstream.cpp:774] [write] Sending to VStream was shutdown!
[2026-04-18 12:43:32.664] [178644] [HailoRT] [info] [vstream.cpp:778] [write] Sending to VStream was aborted!
[2026-04-18 12:43:32.706] [178115] [HailoRT] [info] [queue_elements.cpp:360] [execute_deactivate] enqueue() in element PushQEl8yolov11n/input_layer1 was aborted, got status = HAILO_SHUTDOWN_EVENT_SIGNALED(57)
[2026-04-18 12:43:32.706] [178633] [HailoRT] [info] [queue_elements.cpp:68] [operator()] Thread in element PushQEl8yolov11n/input_layer1 is not running anymore, exiting..
[2026-04-18 12:43:32.706] [178115] [HailoRT] [info] [queue_elements.cpp:46] [~BaseQueueElement] Queue element PushQEl8yolov11n/input_layer1 has 1 frames in his Queue on destruction
[2026-04-18 12:43:32.707] [178640] [HailoRT] [info] [queue_elements.cpp:68] [operator()] Thread in element UserBufQEl_post_infer0yolov11n/yolov8_nms_postprocess is not running anymore, exiting..
[2026-04-18 12:43:32.707] [178115] [HailoRT] [info] [queue_elements.cpp:46] [~BaseQueueElement] Queue element UserBufQEl_post_infer0yolov11n/yolov8_nms_postprocess has 0 frames in his Queue on destruction
[2026-04-18 12:43:32.707] [178639] [HailoRT] [info] [queue_elements.cpp:68] [operator()] Thread in element PullQEl_nms0yolov11n/conv80_143 is not running anymore, exiting..
[2026-04-18 12:43:32.707] [178115] [HailoRT] [info] [queue_elements.cpp:46] [~BaseQueueElement] Queue element PullQEl_nms0yolov11n/conv80_143 has 0 frames in his Queue on destruction
[2026-04-18 12:43:32.707] [178638] [HailoRT] [info] [queue_elements.cpp:68] [operator()] Thread in element PullQEl_nms1yolov11n/conv77_143 is not running anymore, exiting..
[2026-04-18 12:43:32.707] [178115] [HailoRT] [info] [queue_elements.cpp:46] [~BaseQueueElement] Queue element PullQEl_nms1yolov11n/conv77_143 has 0 frames in his Queue on destruction
[2026-04-18 12:43:32.707] [178637] [HailoRT] [info] [queue_elements.cpp:68] [operator()] Thread in element PullQEl_nms13yolov11n/conv65_143 is not running anymore, exiting..
[2026-04-18 12:43:32.707] [178115] [HailoRT] [info] [queue_elements.cpp:46] [~BaseQueueElement] Queue element PullQEl_nms13yolov11n/conv65_143 has 0 frames in his Queue on destruction
[2026-04-18 12:43:32.707] [178636] [HailoRT] [info] [queue_elements.cpp:68] [operator()] Thread in element PullQEl_nms15yolov11n/conv62_143 is not running anymore, exiting..
[2026-04-18 12:43:32.707] [178115] [HailoRT] [info] [queue_elements.cpp:46] [~BaseQueueElement] Queue element PullQEl_nms15yolov11n/conv62_143 has 0 frames in his Queue on destruction
[2026-04-18 12:43:32.707] [178635] [HailoRT] [info] [queue_elements.cpp:68] [operator()] Thread in element PullQEl_nms12yolov11n/conv54_143 is not running anymore, exiting..
[2026-04-18 12:43:32.707] [178115] [HailoRT] [info] [queue_elements.cpp:46] [~BaseQueueElement] Queue element PullQEl_nms12yolov11n/conv54_143 has 0 frames in his Queue on destruction
[2026-04-18 12:43:32.707] [178634] [HailoRT] [info] [queue_elements.cpp:68] [operator()] Thread in element PullQEl_nms3yolov11n/conv51_143 is not running anymore, exiting..
[2026-04-18 12:43:32.707] [178115] [HailoRT] [info] [queue_elements.cpp:46] [~BaseQueueElement] Queue element PullQEl_nms3yolov11n/conv51_143 has 0 frames in his Queue on destruction
[2026-04-18 12:43:32.707] [178115] [HailoRT] [info] [core_op.cpp:186] [deactivate] Deactivating took 0.007259 ms
[2026-04-18 12:43:32.707] [178115] [HailoRT] [info] [core_op.cpp:186] [deactivate] Deactivating took 0.016241 ms
[2026-04-18 12:43:32.757] [178115] [HailoRT] [info] [vdevice.cpp:535] [create] Creating vdevice with params: device_count: 1, scheduling_algorithm: NONE, multi_process_service: false
[2026-04-18 12:43:32.757] [178115] [HailoRT] [info] [device.cpp:51] [Device] OS Version: Linux 6.12.75+rpt-rpi-2712 #1 SMP PREEMPT Debian 1:6.12.75-1+rpt1 (2026-03-11) aarch64
[2026-04-18 12:43:32.757] [178115] [HailoRT] [info] [control.cpp:113] [control__parse_identify_results] firmware_version is: 4.23.0
[2026-04-18 12:43:32.757] [178115] [HailoRT] [info] [vdevice.cpp:682] [create] VDevice Infos: 0001:01:00.0
[2026-04-18 12:43:32.764] [178115] [HailoRT] [warning] [buffer_requirements.cpp:131] [get_buffer_requirements_multiple_transfers] Desc page size value (1024) is not optimal for performance.
[2026-04-18 12:43:32.786] [178115] [HailoRT] [info] [internal_buffer_manager.cpp:77] [print_execution_results] Planned internal buffer memory: CMA=0 CMA-Desc=1507328 Pinned=61238272. memory to edge layer usage factor is 1
[2026-04-18 12:43:32.786] [178115] [HailoRT] [info] [internal_buffer_manager.cpp:86] [print_execution_results] Default Internal buffer planner executed successfully
[2026-04-18 12:43:32.898] [178115] [HailoRT] [info] [device_internal.cpp:57] [configure] Configuring HEF took 140.959876 milliseconds
[2026-04-18 12:43:32.899] [178115] [HailoRT] [info] [vdevice.cpp:780] [configure] Configuring HEF on VDevice took 141.328591 milliseconds
[2026-04-18 12:43:32.899] [178115] [HailoRT] [info] [control.cpp:113] [control__parse_identify_results] firmware_version is: 4.23.0
[2026-04-18 12:43:32.899] [178115] [HailoRT] [info] [control.cpp:113] [control__parse_identify_results] firmware_version is: 4.23.0
[2026-04-18 12:43:32.928] [178115] [HailoRT] [info] [core_op.cpp:156] [activate] Activating yolov11n took 28.696947 milliseconds. Note that the function is asynchronous and thus the network is not fully activated yet.
[2026-04-18 12:43:32.928] [178115] [HailoRT] [info] [core_op.cpp:156] [activate] Activating yolov11n took 28.721651 milliseconds. Note that the function is asynchronous and thus the network is not fully activated yet.
[2026-04-18 12:43:32.941] [178115] [HailoRT] [info] [control.cpp:113] [control__parse_identify_results] firmware_version is: 4.23.0
[2026-04-18 12:43:32.941] [178115] [HailoRT] [info] [control.cpp:113] [control__parse_identify_results] firmware_version is: 4.23.0
[2026-04-18 12:43:32.941] [178115] [HailoRT] [info] [edge_elements.cpp:52] [create] Created (HwWriteEl8yolov11n/input_layer1 | hw_frame_size: 1228800)
[2026-04-18 12:43:32.942] [178115] [HailoRT] [info] [queue_elements.cpp:284] [create] Created (PushQEl8yolov11n/input_layer1 | timeout: 10s)
[2026-04-18 12:43:32.942] [178115] [HailoRT] [info] [filter_elements.cpp:101] [create] Created (PreInferEl8yolov11n/input_layer1 | Reorder - src_order: NHWC, src_shape: (640, 640, 3), dst_order: NHCW, dst_shape: (640, 640, 3))
[2026-04-18 12:43:32.942] [178115] [HailoRT] [info] [vstream.cpp:754] [InputVStreamImpl] Creating yolov11n/input_layer1...
[2026-04-18 12:43:32.942] [178115] [HailoRT] [info] [vstream_builder.cpp:102] [create_inputs] Input pipeline 'yolov11n/input_layer1': (PreInferEl8yolov11n/input_layer1 | Reorder - src_order: NHWC, src_shape: (640, 640, 3), dst_order: NHCW, dst_shape: (640, 640, 3)) >> (PushQEl8yolov11n/input_layer1 | timeout: 10s) >> (HwWriteEl8yolov11n/input_layer1 | hw_frame_size: 1228800) >> HW
[2026-04-18 12:43:32.942] [178115] [HailoRT] [info] [multi_io_elements.cpp:135] [create] Created (NmsPPMuxEl0YOLOV8-Post-Process | Op YOLOV8, Name: YOLOV8-Post-Process, Score threshold: 0.200, IoU threshold: 0.70, Classes: 80, Max bboxes per class: 100, Image height: 640, Image width: 640)
[2026-04-18 12:43:32.942] [178115] [HailoRT] [info] [edge_elements.cpp:287] [create] Created (HwReadEl3yolov11n/conv51_143 | hw_frame_size: 409600)
[2026-04-18 12:43:32.942] [178115] [HailoRT] [info] [queue_elements.cpp:657] [create] Created (PullQEl_nms3yolov11n/conv51_143 | timeout: 10s)
[2026-04-18 12:43:32.942] [178115] [HailoRT] [info] [edge_elements.cpp:287] [create] Created (HwReadEl12yolov11n/conv54_143 | hw_frame_size: 512000)
[2026-04-18 12:43:32.942] [178115] [HailoRT] [info] [queue_elements.cpp:657] [create] Created (PullQEl_nms12yolov11n/conv54_143 | timeout: 10s)
[2026-04-18 12:43:32.942] [178115] [HailoRT] [info] [edge_elements.cpp:287] [create] Created (HwReadEl15yolov11n/conv62_143 | hw_frame_size: 102400)
[2026-04-18 12:43:32.942] [178115] [HailoRT] [info] [queue_elements.cpp:657] [create] Created (PullQEl_nms15yolov11n/conv62_143 | timeout: 10s)
[2026-04-18 12:43:32.942] [178115] [HailoRT] [info] [edge_elements.cpp:287] [create] Created (HwReadEl13yolov11n/conv65_143 | hw_frame_size: 128000)
[2026-04-18 12:43:32.942] [178115] [HailoRT] [info] [queue_elements.cpp:657] [create] Created (PullQEl_nms13yolov11n/conv65_143 | timeout: 10s)
[2026-04-18 12:43:32.942] [178115] [HailoRT] [info] [edge_elements.cpp:287] [create] Created (HwReadEl1yolov11n/conv77_143 | hw_frame_size: 30720)
[2026-04-18 12:43:32.942] [178115] [HailoRT] [info] [queue_elements.cpp:657] [create] Created (PullQEl_nms1yolov11n/conv77_143 | timeout: 10s)
[2026-04-18 12:43:32.942] [178115] [HailoRT] [info] [edge_elements.cpp:287] [create] Created (HwReadEl0yolov11n/conv80_143 | hw_frame_size: 38400)
[2026-04-18 12:43:32.942] [178115] [HailoRT] [info] [queue_elements.cpp:657] [create] Created (PullQEl_nms0yolov11n/conv80_143 | timeout: 10s)
[2026-04-18 12:43:32.942] [178115] [HailoRT] [info] [queue_elements.cpp:800] [create] Created (UserBufQEl_post_infer0yolov11n/yolov8_nms_postprocess | timeout: 10s)
[2026-04-18 12:43:32.942] [178115] [HailoRT] [info] [vstream.cpp:1114] [OutputVStreamImpl] Creating yolov11n/yolov8_nms_postprocess...
[2026-04-18 12:43:32.942] [178115] [HailoRT] [info] [vstream_builder.cpp:622] [create_output_post_process_nms] Output pipeline 'yolov11n/yolov8_nms_postprocess': HW >> (HwReadEl3yolov11n/conv51_143 | hw_frame_size: 409600) >> (PullQEl_nms3yolov11n/conv51_143) >> (HwReadEl12yolov11n/conv54_143 | hw_frame_size: 512000) >> (PullQEl_nms12yolov11n/conv54_143) >> (HwReadEl15yolov11n/conv62_143 | hw_frame_size: 102400) >> (PullQEl_nms15yolov11n/conv62_143) >> (HwReadEl13yolov11n/conv65_143 | hw_frame_size: 128000) >> (PullQEl_nms13yolov11n/conv65_143) >> (HwReadEl1yolov11n/conv77_143 | hw_frame_size: 30720) >> (PullQEl_nms1yolov11n/conv77_143) >> (HwReadEl0yolov11n/conv80_143 | hw_frame_size: 38400) >> (PullQEl_nms0yolov11n/conv80_143) >> (NmsPPMuxEl0YOLOV8-Post-Process | Op YOLOV8, Name: YOLOV8-Post-Process, Score threshold: 0.200, IoU threshold: 0.70, Classes: 80, Max bboxes per class: 100, Image height: 640, Image width: 640) >> (UserBufQEl_post_infer0yolov11n/yolov8_nms_postprocess | timeout: 10s)
[2026-04-18 12:44:32.943] [179112] [HailoRT] [info] [vdevice_native_stream.cpp:331] [read_impl] Failed read from stream HAILO_STREAM_ABORT(63) (device: 0001:01:00.0)
[2026-04-18 12:44:32.943] [179112] [HailoRT] [info] [edge_elements.cpp:396] [run_pull] Reading from stream was aborted!
[2026-04-18 12:44:32.943] [179114] [HailoRT] [info] [vdevice_native_stream.cpp:331] [read_impl] Failed read from stream HAILO_STREAM_ABORT(63) (device: 0001:01:00.0)
[2026-04-18 12:44:32.943] [179114] [HailoRT] [info] [edge_elements.cpp:396] [run_pull] Reading from stream was aborted!
[2026-04-18 12:44:32.943] [179114] [HailoRT] [info] [queue_elements.cpp:738] [run_in_thread] run_pull of queue element PullQEl_nms1yolov11n/conv77_143 was aborted!
[2026-04-18 12:44:32.943] [179115] [HailoRT] [info] [vdevice_native_stream.cpp:331] [read_impl] Failed read from stream HAILO_STREAM_ABORT(63) (device: 0001:01:00.0)
[2026-04-18 12:44:32.943] [179115] [HailoRT] [info] [edge_elements.cpp:396] [run_pull] Reading from stream was aborted!
[2026-04-18 12:44:32.943] [179115] [HailoRT] [info] [queue_elements.cpp:738] [run_in_thread] run_pull of queue element PullQEl_nms0yolov11n/conv80_143 was aborted!
[2026-04-18 12:44:32.943] [179110] [HailoRT] [info] [vdevice_native_stream.cpp:331] [read_impl] Failed read from stream HAILO_STREAM_ABORT(63) (device: 0001:01:00.0)
[2026-04-18 12:44:32.943] [179110] [HailoRT] [info] [edge_elements.cpp:396] [run_pull] Reading from stream was aborted!
[2026-04-18 12:44:32.943] [179110] [HailoRT] [info] [queue_elements.cpp:738] [run_in_thread] run_pull of queue element PullQEl_nms3yolov11n/conv51_143 was aborted!
[2026-04-18 12:44:32.943] [179111] [HailoRT] [info] [vdevice_native_stream.cpp:331] [read_impl] Failed read from stream HAILO_STREAM_ABORT(63) (device: 0001:01:00.0)
[2026-04-18 12:44:32.943] [179111] [HailoRT] [info] [edge_elements.cpp:396] [run_pull] Reading from stream was aborted!
[2026-04-18 12:44:32.943] [179111] [HailoRT] [info] [queue_elements.cpp:738] [run_in_thread] run_pull of queue element PullQEl_nms12yolov11n/conv54_143 was aborted!
[2026-04-18 12:44:32.943] [179113] [HailoRT] [info] [vdevice_native_stream.cpp:331] [read_impl] Failed read from stream HAILO_STREAM_ABORT(63) (device: 0001:01:00.0)
[2026-04-18 12:44:32.943] [179113] [HailoRT] [info] [edge_elements.cpp:396] [run_pull] Reading from stream was aborted!
[2026-04-18 12:44:32.943] [179112] [HailoRT] [info] [queue_elements.cpp:738] [run_in_thread] run_pull of queue element PullQEl_nms15yolov11n/conv62_143 was aborted!
[2026-04-18 12:44:32.943] [179113] [HailoRT] [info] [queue_elements.cpp:738] [run_in_thread] run_pull of queue element PullQEl_nms13yolov11n/conv65_143 was aborted!
[2026-04-18 12:44:32.943] [179119] [HailoRT] [info] [queue_elements.cpp:706] [run_pull] Shutdown event was signaled in dequeue of queue element PullQEl_nms3yolov11n/conv51_143!
[2026-04-18 12:44:32.943] [179119] [HailoRT] [info] [vstream.cpp:1138] [read] Receiving to VStream was shutdown!
[2026-04-18 12:44:32.944] [179109] [HailoRT] [info] [vdevice_native_stream.cpp:142] [write_impl] Failed write to stream yolov11n/input_layer1 (device: 0001:01:00.0) with status=HAILO_STREAM_ABORT(63)
[2026-04-18 12:44:32.944] [179109] [HailoRT] [info] [edge_elements.cpp:87] [run_push] Failed to send on input stream InputStream(index=8, name=yolov11n/input_layer1) because stream was aborted
[2026-04-18 12:44:32.944] [179109] [HailoRT] [info] [queue_elements.cpp:401] [run_in_thread] run_push of PushQEl8yolov11n/input_layer1 was aborted!
[2026-04-18 12:44:32.945] [179120] [HailoRT] [info] [queue_elements.cpp:319] [run_push] run_push of PushQEl8yolov11n/input_layer1 was aborted!
[2026-04-18 12:44:32.945] [179120] [HailoRT] [info] [filter_elements.cpp:35] [run_push] run_push of PreInferEl8yolov11n/input_layer1 was aborted!
[2026-04-18 12:44:32.945] [179120] [HailoRT] [info] [vstream.cpp:778] [write] Sending to VStream was aborted!
[2026-04-18 12:44:32.952] [178115] [HailoRT] [info] [queue_elements.cpp:360] [execute_deactivate] enqueue() in element PushQEl8yolov11n/input_layer1 was aborted, got status = HAILO_SHUTDOWN_EVENT_SIGNALED(57)
[2026-04-18 12:44:32.952] [179109] [HailoRT] [info] [queue_elements.cpp:68] [operator()] Thread in element PushQEl8yolov11n/input_layer1 is not running anymore, exiting..
[2026-04-18 12:44:32.953] [178115] [HailoRT] [info] [queue_elements.cpp:46] [~BaseQueueElement] Queue element PushQEl8yolov11n/input_layer1 has 0 frames in his Queue on destruction
[2026-04-18 12:44:32.953] [179116] [HailoRT] [info] [queue_elements.cpp:68] [operator()] Thread in element UserBufQEl_post_infer0yolov11n/yolov8_nms_postprocess is not running anymore, exiting..
[2026-04-18 12:44:32.953] [178115] [HailoRT] [info] [queue_elements.cpp:46] [~BaseQueueElement] Queue element UserBufQEl_post_infer0yolov11n/yolov8_nms_postprocess has 0 frames in his Queue on destruction
[2026-04-18 12:44:32.953] [179115] [HailoRT] [info] [queue_elements.cpp:68] [operator()] Thread in element PullQEl_nms0yolov11n/conv80_143 is not running anymore, exiting..
[2026-04-18 12:44:32.953] [178115] [HailoRT] [info] [queue_elements.cpp:46] [~BaseQueueElement] Queue element PullQEl_nms0yolov11n/conv80_143 has 0 frames in his Queue on destruction
[2026-04-18 12:44:32.953] [179114] [HailoRT] [info] [queue_elements.cpp:68] [operator()] Thread in element PullQEl_nms1yolov11n/conv77_143 is not running anymore, exiting..
[2026-04-18 12:44:32.953] [178115] [HailoRT] [info] [queue_elements.cpp:46] [~BaseQueueElement] Queue element PullQEl_nms1yolov11n/conv77_143 has 0 frames in his Queue on destruction
[2026-04-18 12:44:32.953] [179113] [HailoRT] [info] [queue_elements.cpp:68] [operator()] Thread in element PullQEl_nms13yolov11n/conv65_143 is not running anymore, exiting..
[2026-04-18 12:44:32.953] [178115] [HailoRT] [info] [queue_elements.cpp:46] [~BaseQueueElement] Queue element PullQEl_nms13yolov11n/conv65_143 has 0 frames in his Queue on destruction
[2026-04-18 12:44:32.953] [179112] [HailoRT] [info] [queue_elements.cpp:68] [operator()] Thread in element PullQEl_nms15yolov11n/conv62_143 is not running anymore, exiting..
[2026-04-18 12:44:32.953] [178115] [HailoRT] [info] [queue_elements.cpp:46] [~BaseQueueElement] Queue element PullQEl_nms15yolov11n/conv62_143 has 0 frames in his Queue on destruction
[2026-04-18 12:44:32.953] [179111] [HailoRT] [info] [queue_elements.cpp:68] [operator()] Thread in element PullQEl_nms12yolov11n/conv54_143 is not running anymore, exiting..
[2026-04-18 12:44:32.953] [178115] [HailoRT] [info] [queue_elements.cpp:46] [~BaseQueueElement] Queue element PullQEl_nms12yolov11n/conv54_143 has 0 frames in his Queue on destruction
[2026-04-18 12:44:32.953] [179110] [HailoRT] [info] [queue_elements.cpp:68] [operator()] Thread in element PullQEl_nms3yolov11n/conv51_143 is not running anymore, exiting..
[2026-04-18 12:44:32.953] [178115] [HailoRT] [info] [queue_elements.cpp:46] [~BaseQueueElement] Queue element PullQEl_nms3yolov11n/conv51_143 has 0 frames in his Queue on destruction
[2026-04-18 12:44:32.953] [178115] [HailoRT] [info] [core_op.cpp:186] [deactivate] Deactivating took 0.006759 ms
[2026-04-18 12:44:32.953] [178115] [HailoRT] [info] [core_op.cpp:186] [deactivate] Deactivating took 0.014833 ms
[2026-04-18 12:44:43.299] [179641] [HailoRT] [info] [vdevice.cpp:535] [create] Creating vdevice with params: device_count: 1, scheduling_algorithm: NONE, multi_process_service: false
[2026-04-18 12:44:43.312] [179641] [HailoRT] [info] [device.cpp:51] [Device] OS Version: Linux 6.12.75+rpt-rpi-2712 #1 SMP PREEMPT Debian 1:6.12.75-1+rpt1 (2026-03-11) aarch64
[2026-04-18 12:44:43.312] [179641] [HailoRT] [info] [control.cpp:113] [control__parse_identify_results] firmware_version is: 4.23.0
[2026-04-18 12:44:43.312] [179641] [HailoRT] [info] [vdevice.cpp:682] [create] VDevice Infos: 0001:01:00.0
[2026-04-18 12:44:43.319] [179641] [HailoRT] [warning] [buffer_requirements.cpp:131] [get_buffer_requirements_multiple_transfers] Desc page size value (1024) is not optimal for performance.
[2026-04-18 12:44:43.341] [179641] [HailoRT] [info] [internal_buffer_manager.cpp:77] [print_execution_results] Planned internal buffer memory: CMA=0 CMA-Desc=1507328 Pinned=62415872. memory to edge layer usage factor is 1
[2026-04-18 12:44:43.342] [179641] [HailoRT] [info] [internal_buffer_manager.cpp:86] [print_execution_results] Default Internal buffer planner executed successfully
[2026-04-18 12:44:43.452] [179641] [HailoRT] [info] [device_internal.cpp:57] [configure] Configuring HEF took 139.990992 milliseconds
[2026-04-18 12:44:43.453] [179641] [HailoRT] [info] [vdevice.cpp:780] [configure] Configuring HEF on VDevice took 140.381319 milliseconds
[2026-04-18 12:44:43.453] [179641] [HailoRT] [info] [control.cpp:113] [control__parse_identify_results] firmware_version is: 4.23.0
[2026-04-18 12:44:43.453] [179641] [HailoRT] [info] [control.cpp:113] [control__parse_identify_results] firmware_version is: 4.23.0
[2026-04-18 12:44:43.488] [179641] [HailoRT] [info] [core_op.cpp:156] [activate] Activating yolov11n took 34.952119 milliseconds. Note that the function is asynchronous and thus the network is not fully activated yet.
[2026-04-18 12:44:43.488] [179641] [HailoRT] [info] [core_op.cpp:156] [activate] Activating yolov11n took 34.980563 milliseconds. Note that the function is asynchronous and thus the network is not fully activated yet.
[2026-04-18 12:44:43.501] [179641] [HailoRT] [info] [control.cpp:113] [control__parse_identify_results] firmware_version is: 4.23.0
[2026-04-18 12:44:43.502] [179641] [HailoRT] [info] [control.cpp:113] [control__parse_identify_results] firmware_version is: 4.23.0
[2026-04-18 12:44:44.750] [179633] [HailoRT] [info] [device.cpp:51] [Device] OS Version: Linux 6.12.75+rpt-rpi-2712 #1 SMP PREEMPT Debian 1:6.12.75-1+rpt1 (2026-03-11) aarch64
[2026-04-18 12:44:44.751] [179633] [HailoRT] [info] [control.cpp:113] [control__parse_identify_results] firmware_version is: 4.23.0
[2026-04-18 12:44:44.751] [179633] [HailoRT] [info] [control.cpp:113] [control__parse_identify_results] firmware_version is: 4.23.0
[2026-04-18 12:45:43.502] [179654] [HailoRT] [info] [vdevice_native_stream.cpp:331] [read_impl] Failed read from stream HAILO_STREAM_ABORT(63) (device: 0001:01:00.0)
[2026-04-18 12:45:43.502] [179655] [HailoRT] [info] [vdevice_native_stream.cpp:331] [read_impl] Failed read from stream HAILO_STREAM_ABORT(63) (device: 0001:01:00.0)
[2026-04-18 12:45:43.502] [179653] [HailoRT] [info] [vdevice_native_stream.cpp:331] [read_impl] Failed read from stream HAILO_STREAM_ABORT(63) (device: 0001:01:00.0)
[2026-04-18 12:45:43.502] [179650] [HailoRT] [info] [vdevice_native_stream.cpp:331] [read_impl] Failed read from stream HAILO_STREAM_ABORT(63) (device: 0001:01:00.0)
[2026-04-18 12:45:43.502] [179651] [HailoRT] [info] [vdevice_native_stream.cpp:331] [read_impl] Failed read from stream HAILO_STREAM_ABORT(63) (device: 0001:01:00.0)
[2026-04-18 12:45:43.502] [179656] [HailoRT] [info] [vdevice_native_stream.cpp:142] [write_impl] Failed write to stream yolov11n/input_layer1 (device: 0001:01:00.0) with status=HAILO_STREAM_ABORT(63)
[2026-04-18 12:45:43.502] [179652] [HailoRT] [info] [vdevice_native_stream.cpp:331] [read_impl] Failed read from stream HAILO_STREAM_ABORT(63) (device: 0001:01:00.0)
[2026-04-18 12:45:43.545] [179641] [HailoRT] [info] [core_op.cpp:186] [deactivate] Deactivating took 0.006777 ms
[2026-04-18 12:45:43.545] [179641] [HailoRT] [info] [core_op.cpp:186] [deactivate] Deactivating took 0.02461 ms
[2026-04-18 12:45:43.590] [179641] [HailoRT] [info] [vdevice.cpp:535] [create] Creating vdevice with params: device_count: 1, scheduling_algorithm: NONE, multi_process_service: false
[2026-04-18 12:45:43.591] [179641] [HailoRT] [info] [device.cpp:51] [Device] OS Version: Linux 6.12.75+rpt-rpi-2712 #1 SMP PREEMPT Debian 1:6.12.75-1+rpt1 (2026-03-11) aarch64
[2026-04-18 12:45:43.591] [179641] [HailoRT] [info] [control.cpp:113] [control__parse_identify_results] firmware_version is: 4.23.0
[2026-04-18 12:45:43.591] [179641] [HailoRT] [info] [vdevice.cpp:682] [create] VDevice Infos: 0001:01:00.0
[2026-04-18 12:45:43.597] [179641] [HailoRT] [warning] [buffer_requirements.cpp:131] [get_buffer_requirements_multiple_transfers] Desc page size value (1024) is not optimal for performance.
[2026-04-18 12:45:43.626] [179641] [HailoRT] [info] [internal_buffer_manager.cpp:77] [print_execution_results] Planned internal buffer memory: CMA=0 CMA-Desc=1507328 Pinned=62415872. memory to edge layer usage factor is 1
[2026-04-18 12:45:43.626] [179641] [HailoRT] [info] [internal_buffer_manager.cpp:86] [print_execution_results] Default Internal buffer planner executed successfully
[2026-04-18 12:45:43.751] [179641] [HailoRT] [info] [device_internal.cpp:57] [configure] Configuring HEF took 160.10045 milliseconds
[2026-04-18 12:45:43.751] [179641] [HailoRT] [info] [vdevice.cpp:780] [configure] Configuring HEF on VDevice took 160.488315 milliseconds
[2026-04-18 12:45:43.752] [179641] [HailoRT] [info] [control.cpp:113] [control__parse_identify_results] firmware_version is: 4.23.0
[2026-04-18 12:45:43.752] [179641] [HailoRT] [info] [control.cpp:113] [control__parse_identify_results] firmware_version is: 4.23.0
[2026-04-18 12:45:43.788] [179641] [HailoRT] [info] [core_op.cpp:156] [activate] Activating yolov11n took 36.490549 milliseconds. Note that the function is asynchronous and thus the network is not fully activated yet.
[2026-04-18 12:45:43.788] [179641] [HailoRT] [info] [core_op.cpp:156] [activate] Activating yolov11n took 36.517141 milliseconds. Note that the function is asynchronous and thus the network is not fully activated yet.
[2026-04-18 12:45:43.802] [179641] [HailoRT] [info] [control.cpp:113] [control__parse_identify_results] firmware_version is: 4.23.0
[2026-04-18 12:45:43.802] [179641] [HailoRT] [info] [control.cpp:113] [control__parse_identify_results] firmware_version is: 4.23.0
[2026-04-18 12:45:43.802] [179641] [HailoRT] [info] [edge_elements.cpp:52] [create] Created (HwWriteEl8yolov11n/input_layer1 | hw_frame_size: 1228800)
[2026-04-18 12:45:43.802] [179641] [HailoRT] [info] [queue_elements.cpp:284] [create] Created (PushQEl8yolov11n/input_layer1 | timeout: 10s)
[2026-04-18 12:45:43.802] [179641] [HailoRT] [info] [filter_elements.cpp:101] [create] Created (PreInferEl8yolov11n/input_layer1 | Reorder - src_order: NHWC, src_shape: (640, 640, 3), dst_order: NHCW, dst_shape: (640, 640, 3))
[2026-04-18 12:45:43.802] [179641] [HailoRT] [info] [vstream.cpp:754] [InputVStreamImpl] Creating yolov11n/input_layer1...
[2026-04-18 12:45:43.802] [179641] [HailoRT] [info] [vstream_builder.cpp:102] [create_inputs] Input pipeline 'yolov11n/input_layer1': (PreInferEl8yolov11n/input_layer1 | Reorder - src_order: NHWC, src_shape: (640, 640, 3), dst_order: NHCW, dst_shape: (640, 640, 3)) >> (PushQEl8yolov11n/input_layer1 | timeout: 10s) >> (HwWriteEl8yolov11n/input_layer1 | hw_frame_size: 1228800) >> HW
[2026-04-18 12:45:43.802] [179641] [HailoRT] [info] [multi_io_elements.cpp:135] [create] Created (NmsPPMuxEl0YOLOV8-Post-Process | Op YOLOV8, Name: YOLOV8-Post-Process, Score threshold: 0.200, IoU threshold: 0.70, Classes: 80, Max bboxes per class: 100, Image height: 640, Image width: 640)
[2026-04-18 12:45:43.802] [179641] [HailoRT] [info] [edge_elements.cpp:287] [create] Created (HwReadEl3yolov11n/conv51_143 | hw_frame_size: 409600)
[2026-04-18 12:45:43.803] [179641] [HailoRT] [info] [queue_elements.cpp:657] [create] Created (PullQEl_nms3yolov11n/conv51_143 | timeout: 10s)
[2026-04-18 12:45:43.803] [179641] [HailoRT] [info] [edge_elements.cpp:287] [create] Created (HwReadEl12yolov11n/conv54_143 | hw_frame_size: 512000)
[2026-04-18 12:45:43.803] [179641] [HailoRT] [info] [queue_elements.cpp:657] [create] Created (PullQEl_nms12yolov11n/conv54_143 | timeout: 10s)
[2026-04-18 12:45:43.803] [179641] [HailoRT] [info] [edge_elements.cpp:287] [create] Created (HwReadEl15yolov11n/conv62_143 | hw_frame_size: 102400)
[2026-04-18 12:45:43.803] [179641] [HailoRT] [info] [queue_elements.cpp:657] [create] Created (PullQEl_nms15yolov11n/conv62_143 | timeout: 10s)
[2026-04-18 12:45:43.803] [179641] [HailoRT] [info] [edge_elements.cpp:287] [create] Created (HwReadEl13yolov11n/conv65_143 | hw_frame_size: 128000)
[2026-04-18 12:45:43.803] [179641] [HailoRT] [info] [queue_elements.cpp:657] [create] Created (PullQEl_nms13yolov11n/conv65_143 | timeout: 10s)
[2026-04-18 12:45:43.803] [179641] [HailoRT] [info] [edge_elements.cpp:287] [create] Created (HwReadEl1yolov11n/conv77_143 | hw_frame_size: 30720)
[2026-04-18 12:45:43.803] [179641] [HailoRT] [info] [queue_elements.cpp:657] [create] Created (PullQEl_nms1yolov11n/conv77_143 | timeout: 10s)
[2026-04-18 12:45:43.803] [179641] [HailoRT] [info] [edge_elements.cpp:287] [create] Created (HwReadEl0yolov11n/conv80_143 | hw_frame_size: 38400)
[2026-04-18 12:45:43.803] [179641] [HailoRT] [info] [queue_elements.cpp:657] [create] Created (PullQEl_nms0yolov11n/conv80_143 | timeout: 10s)
[2026-04-18 12:45:43.803] [179641] [HailoRT] [info] [queue_elements.cpp:800] [create] Created (UserBufQEl_post_infer0yolov11n/yolov8_nms_postprocess | timeout: 10s)
[2026-04-18 12:45:43.803] [179641] [HailoRT] [info] [vstream.cpp:1114] [OutputVStreamImpl] Creating yolov11n/yolov8_nms_postprocess...
[2026-04-18 12:45:43.803] [179641] [HailoRT] [info] [vstream_builder.cpp:622] [create_output_post_process_nms] Output pipeline 'yolov11n/yolov8_nms_postprocess': HW >> (HwReadEl3yolov11n/conv51_143 | hw_frame_size: 409600) >> (PullQEl_nms3yolov11n/conv51_143) >> (HwReadEl12yolov11n/conv54_143 | hw_frame_size: 512000) >> (PullQEl_nms12yolov11n/conv54_143) >> (HwReadEl15yolov11n/conv62_143 | hw_frame_size: 102400) >> (PullQEl_nms15yolov11n/conv62_143) >> (HwReadEl13yolov11n/conv65_143 | hw_frame_size: 128000) >> (PullQEl_nms13yolov11n/conv65_143) >> (HwReadEl1yolov11n/conv77_143 | hw_frame_size: 30720) >> (PullQEl_nms1yolov11n/conv77_143) >> (HwReadEl0yolov11n/conv80_143 | hw_frame_size: 38400) >> (PullQEl_nms0yolov11n/conv80_143) >> (NmsPPMuxEl0YOLOV8-Post-Process | Op YOLOV8, Name: YOLOV8-Post-Process, Score threshold: 0.200, IoU threshold: 0.70, Classes: 80, Max bboxes per class: 100, Image height: 640, Image width: 640) >> (UserBufQEl_post_infer0yolov11n/yolov8_nms_postprocess | timeout: 10s)
[2026-04-18 12:46:43.803] [180160] [HailoRT] [info] [vdevice_native_stream.cpp:331] [read_impl] Failed read from stream HAILO_STREAM_ABORT(63) (device: 0001:01:00.0)
[2026-04-18 12:46:43.803] [180158] [HailoRT] [info] [vdevice_native_stream.cpp:142] [write_impl] Failed write to stream yolov11n/input_layer1 (device: 0001:01:00.0) with status=HAILO_STREAM_ABORT(63)
[2026-04-18 12:46:43.803] [180159] [HailoRT] [info] [vdevice_native_stream.cpp:331] [read_impl] Failed read from stream HAILO_STREAM_ABORT(63) (device: 0001:01:00.0)
[2026-04-18 12:46:43.804] [180159] [HailoRT] [info] [edge_elements.cpp:396] [run_pull] Reading from stream was aborted!
[2026-04-18 12:46:43.803] [180158] [HailoRT] [info] [edge_elements.cpp:87] [run_push] Failed to send on input stream InputStream(index=8, name=yolov11n/input_layer1) because stream was aborted
[2026-04-18 12:46:43.804] [180158] [HailoRT] [info] [queue_elements.cpp:401] [run_in_thread] run_push of PushQEl8yolov11n/input_layer1 was aborted!
[2026-04-18 12:46:43.804] [180159] [HailoRT] [info] [queue_elements.cpp:738] [run_in_thread] run_pull of queue element PullQEl_nms3yolov11n/conv51_143 was aborted!
[2026-04-18 12:46:43.804] [180163] [HailoRT] [info] [vdevice_native_stream.cpp:331] [read_impl] Failed read from stream HAILO_STREAM_ABORT(63) (device: 0001:01:00.0)
[2026-04-18 12:46:43.804] [180163] [HailoRT] [info] [edge_elements.cpp:396] [run_pull] Reading from stream was aborted!
[2026-04-18 12:46:43.804] [180163] [HailoRT] [info] [queue_elements.cpp:738] [run_in_thread] run_pull of queue element PullQEl_nms1yolov11n/conv77_143 was aborted!
[2026-04-18 12:46:43.804] [180164] [HailoRT] [info] [vdevice_native_stream.cpp:331] [read_impl] Failed read from stream HAILO_STREAM_ABORT(63) (device: 0001:01:00.0)
[2026-04-18 12:46:43.803] [180160] [HailoRT] [info] [edge_elements.cpp:396] [run_pull] Reading from stream was aborted!
[2026-04-18 12:46:43.804] [180168] [HailoRT] [info] [queue_elements.cpp:706] [run_pull] Shutdown event was signaled in dequeue of queue element PullQEl_nms3yolov11n/conv51_143!
[2026-04-18 12:46:43.804] [180160] [HailoRT] [info] [queue_elements.cpp:738] [run_in_thread] run_pull of queue element PullQEl_nms12yolov11n/conv54_143 was aborted!
[2026-04-18 12:46:43.804] [180168] [HailoRT] [info] [vstream.cpp:1138] [read] Receiving to VStream was shutdown!
[2026-04-18 12:46:43.804] [180161] [HailoRT] [info] [vdevice_native_stream.cpp:331] [read_impl] Failed read from stream HAILO_STREAM_ABORT(63) (device: 0001:01:00.0)
[2026-04-18 12:46:43.804] [180161] [HailoRT] [info] [edge_elements.cpp:396] [run_pull] Reading from stream was aborted!
[2026-04-18 12:46:43.804] [180161] [HailoRT] [info] [queue_elements.cpp:738] [run_in_thread] run_pull of queue element PullQEl_nms15yolov11n/conv62_143 was aborted!
[2026-04-18 12:46:43.804] [180162] [HailoRT] [info] [vdevice_native_stream.cpp:331] [read_impl] Failed read from stream HAILO_STREAM_ABORT(63) (device: 0001:01:00.0)
[2026-04-18 12:46:43.804] [180162] [HailoRT] [info] [edge_elements.cpp:396] [run_pull] Reading from stream was aborted!
[2026-04-18 12:46:43.804] [180162] [HailoRT] [info] [queue_elements.cpp:738] [run_in_thread] run_pull of queue element PullQEl_nms13yolov11n/conv65_143 was aborted!
[2026-04-18 12:46:43.804] [180164] [HailoRT] [info] [edge_elements.cpp:396] [run_pull] Reading from stream was aborted!
[2026-04-18 12:46:43.804] [180169] [HailoRT] [info] [vstream.cpp:774] [write] Sending to VStream was shutdown!
[2026-04-18 12:46:43.804] [180169] [HailoRT] [info] [vstream.cpp:778] [write] Sending to VStream was aborted!
[2026-04-18 12:46:43.804] [180164] [HailoRT] [info] [queue_elements.cpp:738] [run_in_thread] run_pull of queue element PullQEl_nms0yolov11n/conv80_143 was aborted!
[2026-04-18 12:46:43.813] [179641] [HailoRT] [info] [queue_elements.cpp:360] [execute_deactivate] enqueue() in element PushQEl8yolov11n/input_layer1 was aborted, got status = HAILO_SHUTDOWN_EVENT_SIGNALED(57)
[2026-04-18 12:46:43.813] [180158] [HailoRT] [info] [queue_elements.cpp:68] [operator()] Thread in element PushQEl8yolov11n/input_layer1 is not running anymore, exiting..
[2026-04-18 12:46:43.813] [179641] [HailoRT] [info] [queue_elements.cpp:46] [~BaseQueueElement] Queue element PushQEl8yolov11n/input_layer1 has 1 frames in his Queue on destruction
[2026-04-18 12:46:43.813] [180165] [HailoRT] [info] [queue_elements.cpp:68] [operator()] Thread in element UserBufQEl_post_infer0yolov11n/yolov8_nms_postprocess is not running anymore, exiting..
[2026-04-18 12:46:43.813] [179641] [HailoRT] [info] [queue_elements.cpp:46] [~BaseQueueElement] Queue element UserBufQEl_post_infer0yolov11n/yolov8_nms_postprocess has 0 frames in his Queue on destruction
[2026-04-18 12:46:43.813] [180164] [HailoRT] [info] [queue_elements.cpp:68] [operator()] Thread in element PullQEl_nms0yolov11n/conv80_143 is not running anymore, exiting..
[2026-04-18 12:46:43.813] [179641] [HailoRT] [info] [queue_elements.cpp:46] [~BaseQueueElement] Queue element PullQEl_nms0yolov11n/conv80_143 has 0 frames in his Queue on destruction
[2026-04-18 12:46:43.813] [180163] [HailoRT] [info] [queue_elements.cpp:68] [operator()] Thread in element PullQEl_nms1yolov11n/conv77_143 is not running anymore, exiting..
[2026-04-18 12:46:43.814] [179641] [HailoRT] [info] [queue_elements.cpp:46] [~BaseQueueElement] Queue element PullQEl_nms1yolov11n/conv77_143 has 0 frames in his Queue on destruction
[2026-04-18 12:46:43.814] [180162] [HailoRT] [info] [queue_elements.cpp:68] [operator()] Thread in element PullQEl_nms13yolov11n/conv65_143 is not running anymore, exiting..
[2026-04-18 12:46:43.814] [179641] [HailoRT] [info] [queue_elements.cpp:46] [~BaseQueueElement] Queue element PullQEl_nms13yolov11n/conv65_143 has 0 frames in his Queue on destruction
[2026-04-18 12:46:43.814] [180161] [HailoRT] [info] [queue_elements.cpp:68] [operator()] Thread in element PullQEl_nms15yolov11n/conv62_143 is not running anymore, exiting..
[2026-04-18 12:46:43.814] [179641] [HailoRT] [info] [queue_elements.cpp:46] [~BaseQueueElement] Queue element PullQEl_nms15yolov11n/conv62_143 has 0 frames in his Queue on destruction
[2026-04-18 12:46:43.814] [180160] [HailoRT] [info] [queue_elements.cpp:68] [operator()] Thread in element PullQEl_nms12yolov11n/conv54_143 is not running anymore, exiting..
[2026-04-18 12:46:43.814] [179641] [HailoRT] [info] [queue_elements.cpp:46] [~BaseQueueElement] Queue element PullQEl_nms12yolov11n/conv54_143 has 0 frames in his Queue on destruction
[2026-04-18 12:46:43.814] [180159] [HailoRT] [info] [queue_elements.cpp:68] [operator()] Thread in element PullQEl_nms3yolov11n/conv51_143 is not running anymore, exiting..
[2026-04-18 12:46:43.814] [179641] [HailoRT] [info] [queue_elements.cpp:46] [~BaseQueueElement] Queue element PullQEl_nms3yolov11n/conv51_143 has 0 frames in his Queue on destruction
[2026-04-18 12:46:43.814] [179641] [HailoRT] [info] [core_op.cpp:186] [deactivate] Deactivating took 0.007963 ms
[2026-04-18 12:46:43.814] [179641] [HailoRT] [info] [core_op.cpp:186] [deactivate] Deactivating took 0.016667 ms
[2026-04-18 12:46:43.873] [179641] [HailoRT] [info] [vdevice.cpp:535] [create] Creating vdevice with params: device_count: 1, scheduling_algorithm: NONE, multi_process_service: false
[2026-04-18 12:46:43.873] [179641] [HailoRT] [info] [device.cpp:51] [Device] OS Version: Linux 6.12.75+rpt-rpi-2712 #1 SMP PREEMPT Debian 1:6.12.75-1+rpt1 (2026-03-11) aarch64
[2026-04-18 12:46:43.873] [179641] [HailoRT] [info] [control.cpp:113] [control__parse_identify_results] firmware_version is: 4.23.0
[2026-04-18 12:46:43.873] [179641] [HailoRT] [info] [vdevice.cpp:682] [create] VDevice Infos: 0001:01:00.0
[2026-04-18 12:46:43.879] [179641] [HailoRT] [warning] [buffer_requirements.cpp:131] [get_buffer_requirements_multiple_transfers] Desc page size value (1024) is not optimal for performance.
[2026-04-18 12:46:43.898] [179641] [HailoRT] [info] [internal_buffer_manager.cpp:77] [print_execution_results] Planned internal buffer memory: CMA=0 CMA-Desc=1507328 Pinned=62415872. memory to edge layer usage factor is 1
[2026-04-18 12:46:43.899] [179641] [HailoRT] [info] [internal_buffer_manager.cpp:86] [print_execution_results] Default Internal buffer planner executed successfully
[2026-04-18 12:46:44.012] [179641] [HailoRT] [info] [device_internal.cpp:57] [configure] Configuring HEF took 138.181512 milliseconds
[2026-04-18 12:46:44.012] [179641] [HailoRT] [info] [vdevice.cpp:780] [configure] Configuring HEF on VDevice took 138.553433 milliseconds
[2026-04-18 12:46:44.012] [179641] [HailoRT] [info] [control.cpp:113] [control__parse_identify_results] firmware_version is: 4.23.0
[2026-04-18 12:46:44.013] [179641] [HailoRT] [info] [control.cpp:113] [control__parse_identify_results] firmware_version is: 4.23.0
[2026-04-18 12:46:44.042] [179641] [HailoRT] [info] [core_op.cpp:156] [activate] Activating yolov11n took 29.141249 milliseconds. Note that the function is asynchronous and thus the network is not fully activated yet.
[2026-04-18 12:46:44.042] [179641] [HailoRT] [info] [core_op.cpp:156] [activate] Activating yolov11n took 29.164804 milliseconds. Note that the function is asynchronous and thus the network is not fully activated yet.
[2026-04-18 12:46:44.055] [179641] [HailoRT] [info] [control.cpp:113] [control__parse_identify_results] firmware_version is: 4.23.0
[2026-04-18 12:46:44.055] [179641] [HailoRT] [info] [control.cpp:113] [control__parse_identify_results] firmware_version is: 4.23.0
[2026-04-18 12:46:44.055] [179641] [HailoRT] [info] [edge_elements.cpp:52] [create] Created (HwWriteEl8yolov11n/input_layer1 | hw_frame_size: 1228800)
[2026-04-18 12:46:44.055] [179641] [HailoRT] [info] [queue_elements.cpp:284] [create] Created (PushQEl8yolov11n/input_layer1 | timeout: 10s)
[2026-04-18 12:46:44.055] [179641] [HailoRT] [info] [filter_elements.cpp:101] [create] Created (PreInferEl8yolov11n/input_layer1 | Reorder - src_order: NHWC, src_shape: (640, 640, 3), dst_order: NHCW, dst_shape: (640, 640, 3))
[2026-04-18 12:46:44.055] [179641] [HailoRT] [info] [vstream.cpp:754] [InputVStreamImpl] Creating yolov11n/input_layer1...
[2026-04-18 12:46:44.055] [179641] [HailoRT] [info] [vstream_builder.cpp:102] [create_inputs] Input pipeline 'yolov11n/input_layer1': (PreInferEl8yolov11n/input_layer1 | Reorder - src_order: NHWC, src_shape: (640, 640, 3), dst_order: NHCW, dst_shape: (640, 640, 3)) >> (PushQEl8yolov11n/input_layer1 | timeout: 10s) >> (HwWriteEl8yolov11n/input_layer1 | hw_frame_size: 1228800) >> HW
[2026-04-18 12:46:44.055] [179641] [HailoRT] [info] [multi_io_elements.cpp:135] [create] Created (NmsPPMuxEl0YOLOV8-Post-Process | Op YOLOV8, Name: YOLOV8-Post-Process, Score threshold: 0.200, IoU threshold: 0.70, Classes: 80, Max bboxes per class: 100, Image height: 640, Image width: 640)
[2026-04-18 12:46:44.055] [179641] [HailoRT] [info] [edge_elements.cpp:287] [create] Created (HwReadEl3yolov11n/conv51_143 | hw_frame_size: 409600)
[2026-04-18 12:46:44.056] [179641] [HailoRT] [info] [queue_elements.cpp:657] [create] Created (PullQEl_nms3yolov11n/conv51_143 | timeout: 10s)
[2026-04-18 12:46:44.056] [179641] [HailoRT] [info] [edge_elements.cpp:287] [create] Created (HwReadEl12yolov11n/conv54_143 | hw_frame_size: 512000)
[2026-04-18 12:46:44.056] [179641] [HailoRT] [info] [queue_elements.cpp:657] [create] Created (PullQEl_nms12yolov11n/conv54_143 | timeout: 10s)
[2026-04-18 12:46:44.056] [179641] [HailoRT] [info] [edge_elements.cpp:287] [create] Created (HwReadEl15yolov11n/conv62_143 | hw_frame_size: 102400)
[2026-04-18 12:46:44.056] [179641] [HailoRT] [info] [queue_elements.cpp:657] [create] Created (PullQEl_nms15yolov11n/conv62_143 | timeout: 10s)
[2026-04-18 12:46:44.056] [179641] [HailoRT] [info] [edge_elements.cpp:287] [create] Created (HwReadEl13yolov11n/conv65_143 | hw_frame_size: 128000)
[2026-04-18 12:46:44.056] [179641] [HailoRT] [info] [queue_elements.cpp:657] [create] Created (PullQEl_nms13yolov11n/conv65_143 | timeout: 10s)
[2026-04-18 12:46:44.056] [179641] [HailoRT] [info] [edge_elements.cpp:287] [create] Created (HwReadEl1yolov11n/conv77_143 | hw_frame_size: 30720)
[2026-04-18 12:46:44.056] [179641] [HailoRT] [info] [queue_elements.cpp:657] [create] Created (PullQEl_nms1yolov11n/conv77_143 | timeout: 10s)
[2026-04-18 12:46:44.056] [179641] [HailoRT] [info] [edge_elements.cpp:287] [create] Created (HwReadEl0yolov11n/conv80_143 | hw_frame_size: 38400)
[2026-04-18 12:46:44.056] [179641] [HailoRT] [info] [queue_elements.cpp:657] [create] Created (PullQEl_nms0yolov11n/conv80_143 | timeout: 10s)
[2026-04-18 12:46:44.056] [179641] [HailoRT] [info] [queue_elements.cpp:800] [create] Created (UserBufQEl_post_infer0yolov11n/yolov8_nms_postprocess | timeout: 10s)
[2026-04-18 12:46:44.056] [179641] [HailoRT] [info] [vstream.cpp:1114] [OutputVStreamImpl] Creating yolov11n/yolov8_nms_postprocess...
[2026-04-18 12:46:44.056] [179641] [HailoRT] [info] [vstream_builder.cpp:622] [create_output_post_process_nms] Output pipeline 'yolov11n/yolov8_nms_postprocess': HW >> (HwReadEl3yolov11n/conv51_143 | hw_frame_size: 409600) >> (PullQEl_nms3yolov11n/conv51_143) >> (HwReadEl12yolov11n/conv54_143 | hw_frame_size: 512000) >> (PullQEl_nms12yolov11n/conv54_143) >> (HwReadEl15yolov11n/conv62_143 | hw_frame_size: 102400) >> (PullQEl_nms15yolov11n/conv62_143) >> (HwReadEl13yolov11n/conv65_143 | hw_frame_size: 128000) >> (PullQEl_nms13yolov11n/conv65_143) >> (HwReadEl1yolov11n/conv77_143 | hw_frame_size: 30720) >> (PullQEl_nms1yolov11n/conv77_143) >> (HwReadEl0yolov11n/conv80_143 | hw_frame_size: 38400) >> (PullQEl_nms0yolov11n/conv80_143) >> (NmsPPMuxEl0YOLOV8-Post-Process | Op YOLOV8, Name: YOLOV8-Post-Process, Score threshold: 0.200, IoU threshold: 0.70, Classes: 80, Max bboxes per class: 100, Image height: 640, Image width: 640) >> (UserBufQEl_post_infer0yolov11n/yolov8_nms_postprocess | timeout: 10s)
[2026-04-18 12:47:44.056] [180639] [HailoRT] [info] [vdevice_native_stream.cpp:331] [read_impl] Failed read from stream HAILO_STREAM_ABORT(63) (device: 0001:01:00.0)
[2026-04-18 12:47:44.056] [180639] [HailoRT] [info] [edge_elements.cpp:396] [run_pull] Reading from stream was aborted!
[2026-04-18 12:47:44.056] [180639] [HailoRT] [info] [queue_elements.cpp:738] [run_in_thread] run_pull of queue element PullQEl_nms3yolov11n/conv51_143 was aborted!
[2026-04-18 12:47:44.056] [180643] [HailoRT] [info] [vdevice_native_stream.cpp:331] [read_impl] Failed read from stream HAILO_STREAM_ABORT(63) (device: 0001:01:00.0)
[2026-04-18 12:47:44.056] [180643] [HailoRT] [info] [edge_elements.cpp:396] [run_pull] Reading from stream was aborted!
[2026-04-18 12:47:44.056] [180643] [HailoRT] [info] [queue_elements.cpp:738] [run_in_thread] run_pull of queue element PullQEl_nms1yolov11n/conv77_143 was aborted!
[2026-04-18 12:47:44.057] [180640] [HailoRT] [info] [vdevice_native_stream.cpp:331] [read_impl] Failed read from stream HAILO_STREAM_ABORT(63) (device: 0001:01:00.0)
[2026-04-18 12:47:44.057] [180640] [HailoRT] [info] [edge_elements.cpp:396] [run_pull] Reading from stream was aborted!
[2026-04-18 12:47:44.057] [180640] [HailoRT] [info] [queue_elements.cpp:738] [run_in_thread] run_pull of queue element PullQEl_nms12yolov11n/conv54_143 was aborted!
[2026-04-18 12:47:44.057] [180641] [HailoRT] [info] [vdevice_native_stream.cpp:331] [read_impl] Failed read from stream HAILO_STREAM_ABORT(63) (device: 0001:01:00.0)
[2026-04-18 12:47:44.057] [180641] [HailoRT] [info] [edge_elements.cpp:396] [run_pull] Reading from stream was aborted!
[2026-04-18 12:47:44.057] [180641] [HailoRT] [info] [queue_elements.cpp:738] [run_in_thread] run_pull of queue element PullQEl_nms15yolov11n/conv62_143 was aborted!
[2026-04-18 12:47:44.057] [180642] [HailoRT] [info] [vdevice_native_stream.cpp:331] [read_impl] Failed read from stream HAILO_STREAM_ABORT(63) (device: 0001:01:00.0)
[2026-04-18 12:47:44.057] [180642] [HailoRT] [info] [edge_elements.cpp:396] [run_pull] Reading from stream was aborted!
[2026-04-18 12:47:44.057] [180642] [HailoRT] [info] [queue_elements.cpp:738] [run_in_thread] run_pull of queue element PullQEl_nms13yolov11n/conv65_143 was aborted!
[2026-04-18 12:47:44.057] [180644] [HailoRT] [info] [vdevice_native_stream.cpp:331] [read_impl] Failed read from stream HAILO_STREAM_ABORT(63) (device: 0001:01:00.0)
[2026-04-18 12:47:44.057] [180644] [HailoRT] [info] [edge_elements.cpp:396] [run_pull] Reading from stream was aborted!
[2026-04-18 12:47:44.057] [180644] [HailoRT] [info] [queue_elements.cpp:738] [run_in_thread] run_pull of queue element PullQEl_nms0yolov11n/conv80_143 was aborted!
[2026-04-18 12:47:44.057] [180648] [HailoRT] [info] [queue_elements.cpp:706] [run_pull] Shutdown event was signaled in dequeue of queue element PullQEl_nms3yolov11n/conv51_143!
[2026-04-18 12:47:44.057] [180648] [HailoRT] [info] [vstream.cpp:1138] [read] Receiving to VStream was shutdown!
[2026-04-18 12:47:44.058] [180638] [HailoRT] [info] [vdevice_native_stream.cpp:142] [write_impl] Failed write to stream yolov11n/input_layer1 (device: 0001:01:00.0) with status=HAILO_STREAM_ABORT(63)
[2026-04-18 12:47:44.058] [180638] [HailoRT] [info] [edge_elements.cpp:87] [run_push] Failed to send on input stream InputStream(index=8, name=yolov11n/input_layer1) because stream was aborted
[2026-04-18 12:47:44.058] [180638] [HailoRT] [info] [queue_elements.cpp:401] [run_in_thread] run_push of PushQEl8yolov11n/input_layer1 was aborted!
[2026-04-18 12:47:44.060] [180649] [HailoRT] [info] [queue_elements.cpp:319] [run_push] run_push of PushQEl8yolov11n/input_layer1 was aborted!
[2026-04-18 12:47:44.060] [180649] [HailoRT] [info] [filter_elements.cpp:35] [run_push] run_push of PreInferEl8yolov11n/input_layer1 was aborted!
[2026-04-18 12:47:44.060] [180649] [HailoRT] [info] [vstream.cpp:778] [write] Sending to VStream was aborted!
[2026-04-18 12:47:44.065] [179641] [HailoRT] [info] [queue_elements.cpp:360] [execute_deactivate] enqueue() in element PushQEl8yolov11n/input_layer1 was aborted, got status = HAILO_SHUTDOWN_EVENT_SIGNALED(57)
[2026-04-18 12:47:44.065] [180638] [HailoRT] [info] [queue_elements.cpp:68] [operator()] Thread in element PushQEl8yolov11n/input_layer1 is not running anymore, exiting..
[2026-04-18 12:47:44.065] [179641] [HailoRT] [info] [queue_elements.cpp:46] [~BaseQueueElement] Queue element PushQEl8yolov11n/input_layer1 has 0 frames in his Queue on destruction
[2026-04-18 12:47:44.065] [180645] [HailoRT] [info] [queue_elements.cpp:68] [operator()] Thread in element UserBufQEl_post_infer0yolov11n/yolov8_nms_postprocess is not running anymore, exiting..
[2026-04-18 12:47:44.065] [179641] [HailoRT] [info] [queue_elements.cpp:46] [~BaseQueueElement] Queue element UserBufQEl_post_infer0yolov11n/yolov8_nms_postprocess has 0 frames in his Queue on destruction
[2026-04-18 12:47:44.065] [180644] [HailoRT] [info] [queue_elements.cpp:68] [operator()] Thread in element PullQEl_nms0yolov11n/conv80_143 is not running anymore, exiting..
[2026-04-18 12:47:44.065] [179641] [HailoRT] [info] [queue_elements.cpp:46] [~BaseQueueElement] Queue element PullQEl_nms0yolov11n/conv80_143 has 0 frames in his Queue on destruction
[2026-04-18 12:47:44.065] [180643] [HailoRT] [info] [queue_elements.cpp:68] [operator()] Thread in element PullQEl_nms1yolov11n/conv77_143 is not running anymore, exiting..
[2026-04-18 12:47:44.065] [179641] [HailoRT] [info] [queue_elements.cpp:46] [~BaseQueueElement] Queue element PullQEl_nms1yolov11n/conv77_143 has 0 frames in his Queue on destruction
[2026-04-18 12:47:44.065] [180642] [HailoRT] [info] [queue_elements.cpp:68] [operator()] Thread in element PullQEl_nms13yolov11n/conv65_143 is not running anymore, exiting..
[2026-04-18 12:47:44.066] [179641] [HailoRT] [info] [queue_elements.cpp:46] [~BaseQueueElement] Queue element PullQEl_nms13yolov11n/conv65_143 has 0 frames in his Queue on destruction
[2026-04-18 12:47:44.066] [180641] [HailoRT] [info] [queue_elements.cpp:68] [operator()] Thread in element PullQEl_nms15yolov11n/conv62_143 is not running anymore, exiting..
[2026-04-18 12:47:44.066] [179641] [HailoRT] [info] [queue_elements.cpp:46] [~BaseQueueElement] Queue element PullQEl_nms15yolov11n/conv62_143 has 0 frames in his Queue on destruction
[2026-04-18 12:47:44.066] [180640] [HailoRT] [info] [queue_elements.cpp:68] [operator()] Thread in element PullQEl_nms12yolov11n/conv54_143 is not running anymore, exiting..
[2026-04-18 12:47:44.066] [179641] [HailoRT] [info] [queue_elements.cpp:46] [~BaseQueueElement] Queue element PullQEl_nms12yolov11n/conv54_143 has 0 frames in his Queue on destruction
[2026-04-18 12:47:44.066] [180639] [HailoRT] [info] [queue_elements.cpp:68] [operator()] Thread in element PullQEl_nms3yolov11n/conv51_143 is not running anymore, exiting..
[2026-04-18 12:47:44.066] [179641] [HailoRT] [info] [queue_elements.cpp:46] [~BaseQueueElement] Queue element PullQEl_nms3yolov11n/conv51_143 has 0 frames in his Queue on destruction
[2026-04-18 12:47:44.066] [179641] [HailoRT] [info] [core_op.cpp:186] [deactivate] Deactivating took 0.007611 ms
[2026-04-18 12:47:44.066] [179641] [HailoRT] [info] [core_op.cpp:186] [deactivate] Deactivating took 0.017315 ms
[2026-04-18 12:47:54.394] [181161] [HailoRT] [info] [vdevice.cpp:535] [create] Creating vdevice with params: device_count: 1, scheduling_algorithm: NONE, multi_process_service: false
[2026-04-18 12:47:54.407] [181161] [HailoRT] [info] [device.cpp:51] [Device] OS Version: Linux 6.12.75+rpt-rpi-2712 #1 SMP PREEMPT Debian 1:6.12.75-1+rpt1 (2026-03-11) aarch64
[2026-04-18 12:47:54.407] [181161] [HailoRT] [info] [control.cpp:113] [control__parse_identify_results] firmware_version is: 4.23.0
[2026-04-18 12:47:54.407] [181161] [HailoRT] [info] [vdevice.cpp:682] [create] VDevice Infos: 0001:01:00.0
[2026-04-18 12:47:54.413] [181161] [HailoRT] [warning] [buffer_requirements.cpp:131] [get_buffer_requirements_multiple_transfers] Desc page size value (1024) is not optimal for performance.
[2026-04-18 12:47:54.436] [181161] [HailoRT] [info] [internal_buffer_manager.cpp:77] [print_execution_results] Planned internal buffer memory: CMA=0 CMA-Desc=1507328 Pinned=63593472. memory to edge layer usage factor is 1
[2026-04-18 12:47:54.436] [181161] [HailoRT] [info] [internal_buffer_manager.cpp:86] [print_execution_results] Default Internal buffer planner executed successfully
[2026-04-18 12:47:54.546] [181161] [HailoRT] [info] [device_internal.cpp:57] [configure] Configuring HEF took 138.77295 milliseconds
[2026-04-18 12:47:54.547] [181161] [HailoRT] [info] [vdevice.cpp:780] [configure] Configuring HEF on VDevice took 139.160741 milliseconds
[2026-04-18 12:47:54.547] [181161] [HailoRT] [info] [control.cpp:113] [control__parse_identify_results] firmware_version is: 4.23.0
[2026-04-18 12:47:54.547] [181161] [HailoRT] [info] [control.cpp:113] [control__parse_identify_results] firmware_version is: 4.23.0
[2026-04-18 12:47:54.583] [181161] [HailoRT] [info] [core_op.cpp:156] [activate] Activating yolov11n took 35.651313 milliseconds. Note that the function is asynchronous and thus the network is not fully activated yet.
[2026-04-18 12:47:54.583] [181161] [HailoRT] [info] [core_op.cpp:156] [activate] Activating yolov11n took 35.679016 milliseconds. Note that the function is asynchronous and thus the network is not fully activated yet.
[2026-04-18 12:47:54.596] [181161] [HailoRT] [info] [control.cpp:113] [control__parse_identify_results] firmware_version is: 4.23.0
[2026-04-18 12:47:54.596] [181161] [HailoRT] [info] [control.cpp:113] [control__parse_identify_results] firmware_version is: 4.23.0
[2026-04-18 12:47:55.731] [181153] [HailoRT] [info] [device.cpp:51] [Device] OS Version: Linux 6.12.75+rpt-rpi-2712 #1 SMP PREEMPT Debian 1:6.12.75-1+rpt1 (2026-03-11) aarch64
[2026-04-18 12:47:55.731] [181153] [HailoRT] [info] [control.cpp:113] [control__parse_identify_results] firmware_version is: 4.23.0
[2026-04-18 12:47:55.732] [181153] [HailoRT] [info] [control.cpp:113] [control__parse_identify_results] firmware_version is: 4.23.0
[2026-04-18 12:48:54.597] [181176] [HailoRT] [info] [vdevice_native_stream.cpp:142] [write_impl] Failed write to stream yolov11n/input_layer1 (device: 0001:01:00.0) with status=HAILO_STREAM_ABORT(63)
[2026-04-18 12:48:54.597] [181173] [HailoRT] [info] [vdevice_native_stream.cpp:331] [read_impl] Failed read from stream HAILO_STREAM_ABORT(63) (device: 0001:01:00.0)
[2026-04-18 12:48:54.597] [181170] [HailoRT] [info] [vdevice_native_stream.cpp:331] [read_impl] Failed read from stream HAILO_STREAM_ABORT(63) (device: 0001:01:00.0)
[2026-04-18 12:48:54.597] [181172] [HailoRT] [info] [vdevice_native_stream.cpp:331] [read_impl] Failed read from stream HAILO_STREAM_ABORT(63) (device: 0001:01:00.0)
[2026-04-18 12:48:54.597] [181175] [HailoRT] [info] [vdevice_native_stream.cpp:331] [read_impl] Failed read from stream HAILO_STREAM_ABORT(63) (device: 0001:01:00.0)
[2026-04-18 12:48:54.597] [181174] [HailoRT] [info] [vdevice_native_stream.cpp:331] [read_impl] Failed read from stream HAILO_STREAM_ABORT(63) (device: 0001:01:00.0)
[2026-04-18 12:48:54.597] [181171] [HailoRT] [info] [vdevice_native_stream.cpp:331] [read_impl] Failed read from stream HAILO_STREAM_ABORT(63) (device: 0001:01:00.0)
[2026-04-18 12:48:54.639] [181161] [HailoRT] [info] [core_op.cpp:186] [deactivate] Deactivating took 0.007074 ms
[2026-04-18 12:48:54.639] [181161] [HailoRT] [info] [core_op.cpp:186] [deactivate] Deactivating took 0.025315 ms
[2026-04-18 12:48:54.697] [181161] [HailoRT] [info] [vdevice.cpp:535] [create] Creating vdevice with params: device_count: 1, scheduling_algorithm: NONE, multi_process_service: false
[2026-04-18 12:48:54.697] [181161] [HailoRT] [info] [device.cpp:51] [Device] OS Version: Linux 6.12.75+rpt-rpi-2712 #1 SMP PREEMPT Debian 1:6.12.75-1+rpt1 (2026-03-11) aarch64
[2026-04-18 12:48:54.698] [181161] [HailoRT] [info] [control.cpp:113] [control__parse_identify_results] firmware_version is: 4.23.0
[2026-04-18 12:48:54.698] [181161] [HailoRT] [info] [vdevice.cpp:682] [create] VDevice Infos: 0001:01:00.0
[2026-04-18 12:48:54.703] [181161] [HailoRT] [warning] [buffer_requirements.cpp:131] [get_buffer_requirements_multiple_transfers] Desc page size value (1024) is not optimal for performance.
[2026-04-18 12:48:54.719] [181161] [HailoRT] [info] [internal_buffer_manager.cpp:77] [print_execution_results] Planned internal buffer memory: CMA=0 CMA-Desc=1507328 Pinned=63593472. memory to edge layer usage factor is 1
[2026-04-18 12:48:54.719] [181161] [HailoRT] [info] [internal_buffer_manager.cpp:86] [print_execution_results] Default Internal buffer planner executed successfully
[2026-04-18 12:48:54.832] [181161] [HailoRT] [info] [device_internal.cpp:57] [configure] Configuring HEF took 134.355682 milliseconds
[2026-04-18 12:48:54.832] [181161] [HailoRT] [info] [vdevice.cpp:780] [configure] Configuring HEF on VDevice took 134.733789 milliseconds
[2026-04-18 12:48:54.833] [181161] [HailoRT] [info] [control.cpp:113] [control__parse_identify_results] firmware_version is: 4.23.0
[2026-04-18 12:48:54.833] [181161] [HailoRT] [info] [control.cpp:113] [control__parse_identify_results] firmware_version is: 4.23.0
[2026-04-18 12:48:54.869] [181161] [HailoRT] [info] [core_op.cpp:156] [activate] Activating yolov11n took 35.886621 milliseconds. Note that the function is asynchronous and thus the network is not fully activated yet.
[2026-04-18 12:48:54.869] [181161] [HailoRT] [info] [core_op.cpp:156] [activate] Activating yolov11n took 35.909583 milliseconds. Note that the function is asynchronous and thus the network is not fully activated yet.
[2026-04-18 12:48:54.882] [181161] [HailoRT] [info] [control.cpp:113] [control__parse_identify_results] firmware_version is: 4.23.0
[2026-04-18 12:48:54.882] [181161] [HailoRT] [info] [control.cpp:113] [control__parse_identify_results] firmware_version is: 4.23.0
[2026-04-18 12:48:54.882] [181161] [HailoRT] [info] [edge_elements.cpp:52] [create] Created (HwWriteEl8yolov11n/input_layer1 | hw_frame_size: 1228800)
[2026-04-18 12:48:54.882] [181161] [HailoRT] [info] [queue_elements.cpp:284] [create] Created (PushQEl8yolov11n/input_layer1 | timeout: 10s)
[2026-04-18 12:48:54.883] [181161] [HailoRT] [info] [filter_elements.cpp:101] [create] Created (PreInferEl8yolov11n/input_layer1 | Reorder - src_order: NHWC, src_shape: (640, 640, 3), dst_order: NHCW, dst_shape: (640, 640, 3))
[2026-04-18 12:48:54.883] [181161] [HailoRT] [info] [vstream.cpp:754] [InputVStreamImpl] Creating yolov11n/input_layer1...
[2026-04-18 12:48:54.883] [181161] [HailoRT] [info] [vstream_builder.cpp:102] [create_inputs] Input pipeline 'yolov11n/input_layer1': (PreInferEl8yolov11n/input_layer1 | Reorder - src_order: NHWC, src_shape: (640, 640, 3), dst_order: NHCW, dst_shape: (640, 640, 3)) >> (PushQEl8yolov11n/input_layer1 | timeout: 10s) >> (HwWriteEl8yolov11n/input_layer1 | hw_frame_size: 1228800) >> HW
[2026-04-18 12:48:54.883] [181161] [HailoRT] [info] [multi_io_elements.cpp:135] [create] Created (NmsPPMuxEl0YOLOV8-Post-Process | Op YOLOV8, Name: YOLOV8-Post-Process, Score threshold: 0.200, IoU threshold: 0.70, Classes: 80, Max bboxes per class: 100, Image height: 640, Image width: 640)
[2026-04-18 12:48:54.883] [181161] [HailoRT] [info] [edge_elements.cpp:287] [create] Created (HwReadEl3yolov11n/conv51_143 | hw_frame_size: 409600)
[2026-04-18 12:48:54.883] [181161] [HailoRT] [info] [queue_elements.cpp:657] [create] Created (PullQEl_nms3yolov11n/conv51_143 | timeout: 10s)
[2026-04-18 12:48:54.883] [181161] [HailoRT] [info] [edge_elements.cpp:287] [create] Created (HwReadEl12yolov11n/conv54_143 | hw_frame_size: 512000)
[2026-04-18 12:48:54.883] [181161] [HailoRT] [info] [queue_elements.cpp:657] [create] Created (PullQEl_nms12yolov11n/conv54_143 | timeout: 10s)
[2026-04-18 12:48:54.883] [181161] [HailoRT] [info] [edge_elements.cpp:287] [create] Created (HwReadEl15yolov11n/conv62_143 | hw_frame_size: 102400)
[2026-04-18 12:48:54.883] [181161] [HailoRT] [info] [queue_elements.cpp:657] [create] Created (PullQEl_nms15yolov11n/conv62_143 | timeout: 10s)
[2026-04-18 12:48:54.883] [181161] [HailoRT] [info] [edge_elements.cpp:287] [create] Created (HwReadEl13yolov11n/conv65_143 | hw_frame_size: 128000)
[2026-04-18 12:48:54.883] [181161] [HailoRT] [info] [queue_elements.cpp:657] [create] Created (PullQEl_nms13yolov11n/conv65_143 | timeout: 10s)
[2026-04-18 12:48:54.883] [181161] [HailoRT] [info] [edge_elements.cpp:287] [create] Created (HwReadEl1yolov11n/conv77_143 | hw_frame_size: 30720)
[2026-04-18 12:48:54.883] [181161] [HailoRT] [info] [queue_elements.cpp:657] [create] Created (PullQEl_nms1yolov11n/conv77_143 | timeout: 10s)
[2026-04-18 12:48:54.883] [181161] [HailoRT] [info] [edge_elements.cpp:287] [create] Created (HwReadEl0yolov11n/conv80_143 | hw_frame_size: 38400)
[2026-04-18 12:48:54.883] [181161] [HailoRT] [info] [queue_elements.cpp:657] [create] Created (PullQEl_nms0yolov11n/conv80_143 | timeout: 10s)
[2026-04-18 12:48:54.883] [181161] [HailoRT] [info] [queue_elements.cpp:800] [create] Created (UserBufQEl_post_infer0yolov11n/yolov8_nms_postprocess | timeout: 10s)
[2026-04-18 12:48:54.883] [181161] [HailoRT] [info] [vstream.cpp:1114] [OutputVStreamImpl] Creating yolov11n/yolov8_nms_postprocess...
[2026-04-18 12:48:54.883] [181161] [HailoRT] [info] [vstream_builder.cpp:622] [create_output_post_process_nms] Output pipeline 'yolov11n/yolov8_nms_postprocess': HW >> (HwReadEl3yolov11n/conv51_143 | hw_frame_size: 409600) >> (PullQEl_nms3yolov11n/conv51_143) >> (HwReadEl12yolov11n/conv54_143 | hw_frame_size: 512000) >> (PullQEl_nms12yolov11n/conv54_143) >> (HwReadEl15yolov11n/conv62_143 | hw_frame_size: 102400) >> (PullQEl_nms15yolov11n/conv62_143) >> (HwReadEl13yolov11n/conv65_143 | hw_frame_size: 128000) >> (PullQEl_nms13yolov11n/conv65_143) >> (HwReadEl1yolov11n/conv77_143 | hw_frame_size: 30720) >> (PullQEl_nms1yolov11n/conv77_143) >> (HwReadEl0yolov11n/conv80_143 | hw_frame_size: 38400) >> (PullQEl_nms0yolov11n/conv80_143) >> (NmsPPMuxEl0YOLOV8-Post-Process | Op YOLOV8, Name: YOLOV8-Post-Process, Score threshold: 0.200, IoU threshold: 0.70, Classes: 80, Max bboxes per class: 100, Image height: 640, Image width: 640) >> (UserBufQEl_post_infer0yolov11n/yolov8_nms_postprocess | timeout: 10s)
[2026-04-18 12:49:54.884] [181679] [HailoRT] [info] [vdevice_native_stream.cpp:142] [write_impl] Failed write to stream yolov11n/input_layer1 (device: 0001:01:00.0) with status=HAILO_STREAM_ABORT(63)
[2026-04-18 12:49:54.884] [181683] [HailoRT] [info] [vdevice_native_stream.cpp:331] [read_impl] Failed read from stream HAILO_STREAM_ABORT(63) (device: 0001:01:00.0)
[2026-04-18 12:49:54.884] [181683] [HailoRT] [info] [edge_elements.cpp:396] [run_pull] Reading from stream was aborted!
[2026-04-18 12:49:54.884] [181679] [HailoRT] [info] [edge_elements.cpp:87] [run_push] Failed to send on input stream InputStream(index=8, name=yolov11n/input_layer1) because stream was aborted
[2026-04-18 12:49:54.884] [181685] [HailoRT] [info] [vdevice_native_stream.cpp:331] [read_impl] Failed read from stream HAILO_STREAM_ABORT(63) (device: 0001:01:00.0)
[2026-04-18 12:49:54.884] [181679] [HailoRT] [info] [queue_elements.cpp:401] [run_in_thread] run_push of PushQEl8yolov11n/input_layer1 was aborted!
[2026-04-18 12:49:54.884] [181685] [HailoRT] [info] [edge_elements.cpp:396] [run_pull] Reading from stream was aborted!
[2026-04-18 12:49:54.884] [181683] [HailoRT] [info] [queue_elements.cpp:738] [run_in_thread] run_pull of queue element PullQEl_nms13yolov11n/conv65_143 was aborted!
[2026-04-18 12:49:54.884] [181685] [HailoRT] [info] [queue_elements.cpp:738] [run_in_thread] run_pull of queue element PullQEl_nms0yolov11n/conv80_143 was aborted!
[2026-04-18 12:49:54.884] [181684] [HailoRT] [info] [vdevice_native_stream.cpp:331] [read_impl] Failed read from stream HAILO_STREAM_ABORT(63) (device: 0001:01:00.0)
[2026-04-18 12:49:54.884] [181684] [HailoRT] [info] [edge_elements.cpp:396] [run_pull] Reading from stream was aborted!
[2026-04-18 12:49:54.884] [181684] [HailoRT] [info] [queue_elements.cpp:738] [run_in_thread] run_pull of queue element PullQEl_nms1yolov11n/conv77_143 was aborted!
[2026-04-18 12:49:54.884] [181682] [HailoRT] [info] [vdevice_native_stream.cpp:331] [read_impl] Failed read from stream HAILO_STREAM_ABORT(63) (device: 0001:01:00.0)
[2026-04-18 12:49:54.884] [181682] [HailoRT] [info] [edge_elements.cpp:396] [run_pull] Reading from stream was aborted!
[2026-04-18 12:49:54.884] [181681] [HailoRT] [info] [vdevice_native_stream.cpp:331] [read_impl] Failed read from stream HAILO_STREAM_ABORT(63) (device: 0001:01:00.0)
[2026-04-18 12:49:54.884] [181681] [HailoRT] [info] [edge_elements.cpp:396] [run_pull] Reading from stream was aborted!
[2026-04-18 12:49:54.884] [181682] [HailoRT] [info] [queue_elements.cpp:738] [run_in_thread] run_pull of queue element PullQEl_nms15yolov11n/conv62_143 was aborted!
[2026-04-18 12:49:54.884] [181681] [HailoRT] [info] [queue_elements.cpp:738] [run_in_thread] run_pull of queue element PullQEl_nms12yolov11n/conv54_143 was aborted!
[2026-04-18 12:49:54.884] [181680] [HailoRT] [info] [vdevice_native_stream.cpp:331] [read_impl] Failed read from stream HAILO_STREAM_ABORT(63) (device: 0001:01:00.0)
[2026-04-18 12:49:54.884] [181680] [HailoRT] [info] [edge_elements.cpp:396] [run_pull] Reading from stream was aborted!
[2026-04-18 12:49:54.884] [181680] [HailoRT] [info] [queue_elements.cpp:738] [run_in_thread] run_pull of queue element PullQEl_nms3yolov11n/conv51_143 was aborted!
[2026-04-18 12:49:54.884] [181690] [HailoRT] [info] [vstream.cpp:774] [write] Sending to VStream was shutdown!
[2026-04-18 12:49:54.884] [181690] [HailoRT] [info] [vstream.cpp:778] [write] Sending to VStream was aborted!
[2026-04-18 12:49:54.884] [181689] [HailoRT] [info] [queue_elements.cpp:706] [run_pull] Shutdown event was signaled in dequeue of queue element PullQEl_nms3yolov11n/conv51_143!
[2026-04-18 12:49:54.884] [181689] [HailoRT] [info] [vstream.cpp:1138] [read] Receiving to VStream was shutdown!
[2026-04-18 12:49:54.892] [181161] [HailoRT] [info] [queue_elements.cpp:360] [execute_deactivate] enqueue() in element PushQEl8yolov11n/input_layer1 was aborted, got status = HAILO_SHUTDOWN_EVENT_SIGNALED(57)
[2026-04-18 12:49:54.893] [181679] [HailoRT] [info] [queue_elements.cpp:68] [operator()] Thread in element PushQEl8yolov11n/input_layer1 is not running anymore, exiting..
[2026-04-18 12:49:54.893] [181161] [HailoRT] [info] [queue_elements.cpp:46] [~BaseQueueElement] Queue element PushQEl8yolov11n/input_layer1 has 1 frames in his Queue on destruction
[2026-04-18 12:49:54.893] [181686] [HailoRT] [info] [queue_elements.cpp:68] [operator()] Thread in element UserBufQEl_post_infer0yolov11n/yolov8_nms_postprocess is not running anymore, exiting..
[2026-04-18 12:49:54.893] [181161] [HailoRT] [info] [queue_elements.cpp:46] [~BaseQueueElement] Queue element UserBufQEl_post_infer0yolov11n/yolov8_nms_postprocess has 0 frames in his Queue on destruction
[2026-04-18 12:49:54.893] [181685] [HailoRT] [info] [queue_elements.cpp:68] [operator()] Thread in element PullQEl_nms0yolov11n/conv80_143 is not running anymore, exiting..
[2026-04-18 12:49:54.893] [181161] [HailoRT] [info] [queue_elements.cpp:46] [~BaseQueueElement] Queue element PullQEl_nms0yolov11n/conv80_143 has 0 frames in his Queue on destruction
[2026-04-18 12:49:54.893] [181684] [HailoRT] [info] [queue_elements.cpp:68] [operator()] Thread in element PullQEl_nms1yolov11n/conv77_143 is not running anymore, exiting..
[2026-04-18 12:49:54.893] [181161] [HailoRT] [info] [queue_elements.cpp:46] [~BaseQueueElement] Queue element PullQEl_nms1yolov11n/conv77_143 has 0 frames in his Queue on destruction
[2026-04-18 12:49:54.893] [181683] [HailoRT] [info] [queue_elements.cpp:68] [operator()] Thread in element PullQEl_nms13yolov11n/conv65_143 is not running anymore, exiting..
[2026-04-18 12:49:54.893] [181161] [HailoRT] [info] [queue_elements.cpp:46] [~BaseQueueElement] Queue element PullQEl_nms13yolov11n/conv65_143 has 0 frames in his Queue on destruction
[2026-04-18 12:49:54.893] [181682] [HailoRT] [info] [queue_elements.cpp:68] [operator()] Thread in element PullQEl_nms15yolov11n/conv62_143 is not running anymore, exiting..
[2026-04-18 12:49:54.893] [181161] [HailoRT] [info] [queue_elements.cpp:46] [~BaseQueueElement] Queue element PullQEl_nms15yolov11n/conv62_143 has 0 frames in his Queue on destruction
[2026-04-18 12:49:54.893] [181681] [HailoRT] [info] [queue_elements.cpp:68] [operator()] Thread in element PullQEl_nms12yolov11n/conv54_143 is not running anymore, exiting..
[2026-04-18 12:49:54.893] [181161] [HailoRT] [info] [queue_elements.cpp:46] [~BaseQueueElement] Queue element PullQEl_nms12yolov11n/conv54_143 has 0 frames in his Queue on destruction
[2026-04-18 12:49:54.893] [181680] [HailoRT] [info] [queue_elements.cpp:68] [operator()] Thread in element PullQEl_nms3yolov11n/conv51_143 is not running anymore, exiting..
[2026-04-18 12:49:54.893] [181161] [HailoRT] [info] [queue_elements.cpp:46] [~BaseQueueElement] Queue element PullQEl_nms3yolov11n/conv51_143 has 0 frames in his Queue on destruction
[2026-04-18 12:49:54.893] [181161] [HailoRT] [info] [core_op.cpp:186] [deactivate] Deactivating took 0.006796 ms
[2026-04-18 12:49:54.893] [181161] [HailoRT] [info] [core_op.cpp:186] [deactivate] Deactivating took 0.015462 ms
[2026-04-18 12:49:54.949] [181161] [HailoRT] [info] [vdevice.cpp:535] [create] Creating vdevice with params: device_count: 1, scheduling_algorithm: NONE, multi_process_service: false
[2026-04-18 12:49:54.949] [181161] [HailoRT] [info] [device.cpp:51] [Device] OS Version: Linux 6.12.75+rpt-rpi-2712 #1 SMP PREEMPT Debian 1:6.12.75-1+rpt1 (2026-03-11) aarch64
[2026-04-18 12:49:54.949] [181161] [HailoRT] [info] [control.cpp:113] [control__parse_identify_results] firmware_version is: 4.23.0
[2026-04-18 12:49:54.949] [181161] [HailoRT] [info] [vdevice.cpp:682] [create] VDevice Infos: 0001:01:00.0
[2026-04-18 12:49:54.955] [181161] [HailoRT] [warning] [buffer_requirements.cpp:131] [get_buffer_requirements_multiple_transfers] Desc page size value (1024) is not optimal for performance.
[2026-04-18 12:49:54.973] [181161] [HailoRT] [info] [internal_buffer_manager.cpp:77] [print_execution_results] Planned internal buffer memory: CMA=0 CMA-Desc=1507328 Pinned=63593472. memory to edge layer usage factor is 1
[2026-04-18 12:49:54.973] [181161] [HailoRT] [info] [internal_buffer_manager.cpp:86] [print_execution_results] Default Internal buffer planner executed successfully
[2026-04-18 12:49:55.086] [181161] [HailoRT] [info] [device_internal.cpp:57] [configure] Configuring HEF took 136.404639 milliseconds
[2026-04-18 12:49:55.086] [181161] [HailoRT] [info] [vdevice.cpp:780] [configure] Configuring HEF on VDevice took 136.787876 milliseconds
[2026-04-18 12:49:55.087] [181161] [HailoRT] [info] [control.cpp:113] [control__parse_identify_results] firmware_version is: 4.23.0
[2026-04-18 12:49:55.087] [181161] [HailoRT] [info] [control.cpp:113] [control__parse_identify_results] firmware_version is: 4.23.0
[2026-04-18 12:49:55.116] [181161] [HailoRT] [info] [core_op.cpp:156] [activate] Activating yolov11n took 29.343313 milliseconds. Note that the function is asynchronous and thus the network is not fully activated yet.
[2026-04-18 12:49:55.116] [181161] [HailoRT] [info] [core_op.cpp:156] [activate] Activating yolov11n took 29.36485 milliseconds. Note that the function is asynchronous and thus the network is not fully activated yet.
[2026-04-18 12:49:55.129] [181161] [HailoRT] [info] [control.cpp:113] [control__parse_identify_results] firmware_version is: 4.23.0
[2026-04-18 12:49:55.130] [181161] [HailoRT] [info] [control.cpp:113] [control__parse_identify_results] firmware_version is: 4.23.0
[2026-04-18 12:49:55.130] [181161] [HailoRT] [info] [edge_elements.cpp:52] [create] Created (HwWriteEl8yolov11n/input_layer1 | hw_frame_size: 1228800)
[2026-04-18 12:49:55.130] [181161] [HailoRT] [info] [queue_elements.cpp:284] [create] Created (PushQEl8yolov11n/input_layer1 | timeout: 10s)
[2026-04-18 12:49:55.130] [181161] [HailoRT] [info] [filter_elements.cpp:101] [create] Created (PreInferEl8yolov11n/input_layer1 | Reorder - src_order: NHWC, src_shape: (640, 640, 3), dst_order: NHCW, dst_shape: (640, 640, 3))
[2026-04-18 12:49:55.130] [181161] [HailoRT] [info] [vstream.cpp:754] [InputVStreamImpl] Creating yolov11n/input_layer1...
[2026-04-18 12:49:55.130] [181161] [HailoRT] [info] [vstream_builder.cpp:102] [create_inputs] Input pipeline 'yolov11n/input_layer1': (PreInferEl8yolov11n/input_layer1 | Reorder - src_order: NHWC, src_shape: (640, 640, 3), dst_order: NHCW, dst_shape: (640, 640, 3)) >> (PushQEl8yolov11n/input_layer1 | timeout: 10s) >> (HwWriteEl8yolov11n/input_layer1 | hw_frame_size: 1228800) >> HW
[2026-04-18 12:49:55.130] [181161] [HailoRT] [info] [multi_io_elements.cpp:135] [create] Created (NmsPPMuxEl0YOLOV8-Post-Process | Op YOLOV8, Name: YOLOV8-Post-Process, Score threshold: 0.200, IoU threshold: 0.70, Classes: 80, Max bboxes per class: 100, Image height: 640, Image width: 640)
[2026-04-18 12:49:55.130] [181161] [HailoRT] [info] [edge_elements.cpp:287] [create] Created (HwReadEl3yolov11n/conv51_143 | hw_frame_size: 409600)
[2026-04-18 12:49:55.130] [181161] [HailoRT] [info] [queue_elements.cpp:657] [create] Created (PullQEl_nms3yolov11n/conv51_143 | timeout: 10s)
[2026-04-18 12:49:55.130] [181161] [HailoRT] [info] [edge_elements.cpp:287] [create] Created (HwReadEl12yolov11n/conv54_143 | hw_frame_size: 512000)
[2026-04-18 12:49:55.130] [181161] [HailoRT] [info] [queue_elements.cpp:657] [create] Created (PullQEl_nms12yolov11n/conv54_143 | timeout: 10s)
[2026-04-18 12:49:55.130] [181161] [HailoRT] [info] [edge_elements.cpp:287] [create] Created (HwReadEl15yolov11n/conv62_143 | hw_frame_size: 102400)
[2026-04-18 12:49:55.130] [181161] [HailoRT] [info] [queue_elements.cpp:657] [create] Created (PullQEl_nms15yolov11n/conv62_143 | timeout: 10s)
[2026-04-18 12:49:55.130] [181161] [HailoRT] [info] [edge_elements.cpp:287] [create] Created (HwReadEl13yolov11n/conv65_143 | hw_frame_size: 128000)
[2026-04-18 12:49:55.130] [181161] [HailoRT] [info] [queue_elements.cpp:657] [create] Created (PullQEl_nms13yolov11n/conv65_143 | timeout: 10s)
[2026-04-18 12:49:55.130] [181161] [HailoRT] [info] [edge_elements.cpp:287] [create] Created (HwReadEl1yolov11n/conv77_143 | hw_frame_size: 30720)
[2026-04-18 12:49:55.130] [181161] [HailoRT] [info] [queue_elements.cpp:657] [create] Created (PullQEl_nms1yolov11n/conv77_143 | timeout: 10s)
[2026-04-18 12:49:55.130] [181161] [HailoRT] [info] [edge_elements.cpp:287] [create] Created (HwReadEl0yolov11n/conv80_143 | hw_frame_size: 38400)
[2026-04-18 12:49:55.130] [181161] [HailoRT] [info] [queue_elements.cpp:657] [create] Created (PullQEl_nms0yolov11n/conv80_143 | timeout: 10s)
[2026-04-18 12:49:55.130] [181161] [HailoRT] [info] [queue_elements.cpp:800] [create] Created (UserBufQEl_post_infer0yolov11n/yolov8_nms_postprocess | timeout: 10s)
[2026-04-18 12:49:55.130] [181161] [HailoRT] [info] [vstream.cpp:1114] [OutputVStreamImpl] Creating yolov11n/yolov8_nms_postprocess...
[2026-04-18 12:49:55.130] [181161] [HailoRT] [info] [vstream_builder.cpp:622] [create_output_post_process_nms] Output pipeline 'yolov11n/yolov8_nms_postprocess': HW >> (HwReadEl3yolov11n/conv51_143 | hw_frame_size: 409600) >> (PullQEl_nms3yolov11n/conv51_143) >> (HwReadEl12yolov11n/conv54_143 | hw_frame_size: 512000) >> (PullQEl_nms12yolov11n/conv54_143) >> (HwReadEl15yolov11n/conv62_143 | hw_frame_size: 102400) >> (PullQEl_nms15yolov11n/conv62_143) >> (HwReadEl13yolov11n/conv65_143 | hw_frame_size: 128000) >> (PullQEl_nms13yolov11n/conv65_143) >> (HwReadEl1yolov11n/conv77_143 | hw_frame_size: 30720) >> (PullQEl_nms1yolov11n/conv77_143) >> (HwReadEl0yolov11n/conv80_143 | hw_frame_size: 38400) >> (PullQEl_nms0yolov11n/conv80_143) >> (NmsPPMuxEl0YOLOV8-Post-Process | Op YOLOV8, Name: YOLOV8-Post-Process, Score threshold: 0.200, IoU threshold: 0.70, Classes: 80, Max bboxes per class: 100, Image height: 640, Image width: 640) >> (UserBufQEl_post_infer0yolov11n/yolov8_nms_postprocess | timeout: 10s)
[2026-04-18 12:50:55.131] [182162] [HailoRT] [info] [vdevice_native_stream.cpp:331] [read_impl] Failed read from stream HAILO_STREAM_ABORT(63) (device: 0001:01:00.0)
[2026-04-18 12:50:55.131] [182163] [HailoRT] [info] [vdevice_native_stream.cpp:331] [read_impl] Failed read from stream HAILO_STREAM_ABORT(63) (device: 0001:01:00.0)
[2026-04-18 12:50:55.131] [182160] [HailoRT] [info] [vdevice_native_stream.cpp:331] [read_impl] Failed read from stream HAILO_STREAM_ABORT(63) (device: 0001:01:00.0)
[2026-04-18 12:50:55.131] [182163] [HailoRT] [info] [edge_elements.cpp:396] [run_pull] Reading from stream was aborted!
[2026-04-18 12:50:55.131] [182160] [HailoRT] [info] [edge_elements.cpp:396] [run_pull] Reading from stream was aborted!
[2026-04-18 12:50:55.131] [182161] [HailoRT] [info] [vdevice_native_stream.cpp:331] [read_impl] Failed read from stream HAILO_STREAM_ABORT(63) (device: 0001:01:00.0)
[2026-04-18 12:50:55.131] [182163] [HailoRT] [info] [queue_elements.cpp:738] [run_in_thread] run_pull of queue element PullQEl_nms0yolov11n/conv80_143 was aborted!
[2026-04-18 12:50:55.131] [182160] [HailoRT] [info] [queue_elements.cpp:738] [run_in_thread] run_pull of queue element PullQEl_nms15yolov11n/conv62_143 was aborted!
[2026-04-18 12:50:55.131] [182161] [HailoRT] [info] [edge_elements.cpp:396] [run_pull] Reading from stream was aborted!
[2026-04-18 12:50:55.131] [182159] [HailoRT] [info] [vdevice_native_stream.cpp:331] [read_impl] Failed read from stream HAILO_STREAM_ABORT(63) (device: 0001:01:00.0)
[2026-04-18 12:50:55.131] [182162] [HailoRT] [info] [edge_elements.cpp:396] [run_pull] Reading from stream was aborted!
[2026-04-18 12:50:55.131] [182161] [HailoRT] [info] [queue_elements.cpp:738] [run_in_thread] run_pull of queue element PullQEl_nms13yolov11n/conv65_143 was aborted!
[2026-04-18 12:50:55.131] [182162] [HailoRT] [info] [queue_elements.cpp:738] [run_in_thread] run_pull of queue element PullQEl_nms1yolov11n/conv77_143 was aborted!
[2026-04-18 12:50:55.131] [182158] [HailoRT] [info] [vdevice_native_stream.cpp:331] [read_impl] Failed read from stream HAILO_STREAM_ABORT(63) (device: 0001:01:00.0)
[2026-04-18 12:50:55.131] [182158] [HailoRT] [info] [edge_elements.cpp:396] [run_pull] Reading from stream was aborted!
[2026-04-18 12:50:55.131] [182158] [HailoRT] [info] [queue_elements.cpp:738] [run_in_thread] run_pull of queue element PullQEl_nms3yolov11n/conv51_143 was aborted!
[2026-04-18 12:50:55.131] [182159] [HailoRT] [info] [edge_elements.cpp:396] [run_pull] Reading from stream was aborted!
[2026-04-18 12:50:55.131] [182159] [HailoRT] [info] [queue_elements.cpp:738] [run_in_thread] run_pull of queue element PullQEl_nms12yolov11n/conv54_143 was aborted!
[2026-04-18 12:50:55.131] [182167] [HailoRT] [info] [queue_elements.cpp:706] [run_pull] Shutdown event was signaled in dequeue of queue element PullQEl_nms3yolov11n/conv51_143!
[2026-04-18 12:50:55.131] [182167] [HailoRT] [info] [vstream.cpp:1138] [read] Receiving to VStream was shutdown!
[2026-04-18 12:50:55.132] [182157] [HailoRT] [info] [vdevice_native_stream.cpp:142] [write_impl] Failed write to stream yolov11n/input_layer1 (device: 0001:01:00.0) with status=HAILO_STREAM_ABORT(63)
[2026-04-18 12:50:55.132] [182157] [HailoRT] [info] [edge_elements.cpp:87] [run_push] Failed to send on input stream InputStream(index=8, name=yolov11n/input_layer1) because stream was aborted
[2026-04-18 12:50:55.132] [182157] [HailoRT] [info] [queue_elements.cpp:401] [run_in_thread] run_push of PushQEl8yolov11n/input_layer1 was aborted!
[2026-04-18 12:50:55.133] [182168] [HailoRT] [info] [queue_elements.cpp:319] [run_push] run_push of PushQEl8yolov11n/input_layer1 was aborted!
[2026-04-18 12:50:55.133] [182168] [HailoRT] [info] [filter_elements.cpp:35] [run_push] run_push of PreInferEl8yolov11n/input_layer1 was aborted!
[2026-04-18 12:50:55.133] [182168] [HailoRT] [info] [vstream.cpp:778] [write] Sending to VStream was aborted!
[2026-04-18 12:50:55.141] [181161] [HailoRT] [info] [queue_elements.cpp:360] [execute_deactivate] enqueue() in element PushQEl8yolov11n/input_layer1 was aborted, got status = HAILO_SHUTDOWN_EVENT_SIGNALED(57)
[2026-04-18 12:50:55.141] [182157] [HailoRT] [info] [queue_elements.cpp:68] [operator()] Thread in element PushQEl8yolov11n/input_layer1 is not running anymore, exiting..
[2026-04-18 12:50:55.141] [181161] [HailoRT] [info] [queue_elements.cpp:46] [~BaseQueueElement] Queue element PushQEl8yolov11n/input_layer1 has 0 frames in his Queue on destruction
[2026-04-18 12:50:55.141] [182164] [HailoRT] [info] [queue_elements.cpp:68] [operator()] Thread in element UserBufQEl_post_infer0yolov11n/yolov8_nms_postprocess is not running anymore, exiting..
[2026-04-18 12:50:55.142] [181161] [HailoRT] [info] [queue_elements.cpp:46] [~BaseQueueElement] Queue element UserBufQEl_post_infer0yolov11n/yolov8_nms_postprocess has 0 frames in his Queue on destruction
[2026-04-18 12:50:55.142] [182163] [HailoRT] [info] [queue_elements.cpp:68] [operator()] Thread in element PullQEl_nms0yolov11n/conv80_143 is not running anymore, exiting..
[2026-04-18 12:50:55.142] [181161] [HailoRT] [info] [queue_elements.cpp:46] [~BaseQueueElement] Queue element PullQEl_nms0yolov11n/conv80_143 has 0 frames in his Queue on destruction
[2026-04-18 12:50:55.142] [182162] [HailoRT] [info] [queue_elements.cpp:68] [operator()] Thread in element PullQEl_nms1yolov11n/conv77_143 is not running anymore, exiting..
[2026-04-18 12:50:55.142] [181161] [HailoRT] [info] [queue_elements.cpp:46] [~BaseQueueElement] Queue element PullQEl_nms1yolov11n/conv77_143 has 0 frames in his Queue on destruction
[2026-04-18 12:50:55.142] [182161] [HailoRT] [info] [queue_elements.cpp:68] [operator()] Thread in element PullQEl_nms13yolov11n/conv65_143 is not running anymore, exiting..
[2026-04-18 12:50:55.142] [181161] [HailoRT] [info] [queue_elements.cpp:46] [~BaseQueueElement] Queue element PullQEl_nms13yolov11n/conv65_143 has 0 frames in his Queue on destruction
[2026-04-18 12:50:55.142] [182160] [HailoRT] [info] [queue_elements.cpp:68] [operator()] Thread in element PullQEl_nms15yolov11n/conv62_143 is not running anymore, exiting..
[2026-04-18 12:50:55.142] [181161] [HailoRT] [info] [queue_elements.cpp:46] [~BaseQueueElement] Queue element PullQEl_nms15yolov11n/conv62_143 has 0 frames in his Queue on destruction
[2026-04-18 12:50:55.142] [182159] [HailoRT] [info] [queue_elements.cpp:68] [operator()] Thread in element PullQEl_nms12yolov11n/conv54_143 is not running anymore, exiting..
[2026-04-18 12:50:55.142] [181161] [HailoRT] [info] [queue_elements.cpp:46] [~BaseQueueElement] Queue element PullQEl_nms12yolov11n/conv54_143 has 0 frames in his Queue on destruction
[2026-04-18 12:50:55.142] [182158] [HailoRT] [info] [queue_elements.cpp:68] [operator()] Thread in element PullQEl_nms3yolov11n/conv51_143 is not running anymore, exiting..
[2026-04-18 12:50:55.142] [181161] [HailoRT] [info] [queue_elements.cpp:46] [~BaseQueueElement] Queue element PullQEl_nms3yolov11n/conv51_143 has 0 frames in his Queue on destruction
[2026-04-18 12:50:55.142] [181161] [HailoRT] [info] [core_op.cpp:186] [deactivate] Deactivating took 0.006537 ms
[2026-04-18 12:50:55.142] [181161] [HailoRT] [info] [core_op.cpp:186] [deactivate] Deactivating took 0.015185 ms
[2026-04-18 12:51:05.442] [182716] [HailoRT] [info] [vdevice.cpp:535] [create] Creating vdevice with params: device_count: 1, scheduling_algorithm: NONE, multi_process_service: false
[2026-04-18 12:51:05.453] [182716] [HailoRT] [info] [device.cpp:51] [Device] OS Version: Linux 6.12.75+rpt-rpi-2712 #1 SMP PREEMPT Debian 1:6.12.75-1+rpt1 (2026-03-11) aarch64
[2026-04-18 12:51:05.453] [182716] [HailoRT] [info] [control.cpp:113] [control__parse_identify_results] firmware_version is: 4.23.0
[2026-04-18 12:51:05.453] [182716] [HailoRT] [info] [vdevice.cpp:682] [create] VDevice Infos: 0001:01:00.0
[2026-04-18 12:51:05.461] [182716] [HailoRT] [warning] [buffer_requirements.cpp:131] [get_buffer_requirements_multiple_transfers] Desc page size value (1024) is not optimal for performance.
[2026-04-18 12:51:05.485] [182716] [HailoRT] [info] [internal_buffer_manager.cpp:77] [print_execution_results] Planned internal buffer memory: CMA=0 CMA-Desc=1507328 Pinned=64771072. memory to edge layer usage factor is 1
[2026-04-18 12:51:05.485] [182716] [HailoRT] [info] [internal_buffer_manager.cpp:86] [print_execution_results] Default Internal buffer planner executed successfully
[2026-04-18 12:51:05.597] [182716] [HailoRT] [info] [device_internal.cpp:57] [configure] Configuring HEF took 143.266962 milliseconds
[2026-04-18 12:51:05.597] [182716] [HailoRT] [info] [vdevice.cpp:780] [configure] Configuring HEF on VDevice took 143.650439 milliseconds
[2026-04-18 12:51:05.597] [182716] [HailoRT] [info] [control.cpp:113] [control__parse_identify_results] firmware_version is: 4.23.0
[2026-04-18 12:51:05.598] [182716] [HailoRT] [info] [control.cpp:113] [control__parse_identify_results] firmware_version is: 4.23.0
[2026-04-18 12:51:05.633] [182716] [HailoRT] [info] [core_op.cpp:156] [activate] Activating yolov11n took 35.668682 milliseconds. Note that the function is asynchronous and thus the network is not fully activated yet.
[2026-04-18 12:51:05.633] [182716] [HailoRT] [info] [core_op.cpp:156] [activate] Activating yolov11n took 35.697181 milliseconds. Note that the function is asynchronous and thus the network is not fully activated yet.
[2026-04-18 12:51:05.647] [182716] [HailoRT] [info] [control.cpp:113] [control__parse_identify_results] firmware_version is: 4.23.0
[2026-04-18 12:51:05.647] [182716] [HailoRT] [info] [control.cpp:113] [control__parse_identify_results] firmware_version is: 4.23.0
[2026-04-18 12:51:06.745] [182708] [HailoRT] [info] [device.cpp:51] [Device] OS Version: Linux 6.12.75+rpt-rpi-2712 #1 SMP PREEMPT Debian 1:6.12.75-1+rpt1 (2026-03-11) aarch64
[2026-04-18 12:51:06.745] [182708] [HailoRT] [info] [control.cpp:113] [control__parse_identify_results] firmware_version is: 4.23.0
[2026-04-18 12:51:06.746] [182708] [HailoRT] [info] [control.cpp:113] [control__parse_identify_results] firmware_version is: 4.23.0
[2026-04-18 12:52:05.647] [182731] [HailoRT] [info] [vdevice_native_stream.cpp:331] [read_impl] Failed read from stream HAILO_STREAM_ABORT(63) (device: 0001:01:00.0)
[2026-04-18 12:52:05.647] [182726] [HailoRT] [info] [vdevice_native_stream.cpp:331] [read_impl] Failed read from stream HAILO_STREAM_ABORT(63) (device: 0001:01:00.0)
[2026-04-18 12:52:05.647] [182729] [HailoRT] [info] [vdevice_native_stream.cpp:331] [read_impl] Failed read from stream HAILO_STREAM_ABORT(63) (device: 0001:01:00.0)
[2026-04-18 12:52:05.648] [182728] [HailoRT] [info] [vdevice_native_stream.cpp:331] [read_impl] Failed read from stream HAILO_STREAM_ABORT(63) (device: 0001:01:00.0)
[2026-04-18 12:52:05.647] [182732] [HailoRT] [info] [vdevice_native_stream.cpp:142] [write_impl] Failed write to stream yolov11n/input_layer1 (device: 0001:01:00.0) with status=HAILO_STREAM_ABORT(63)
[2026-04-18 12:52:05.648] [182730] [HailoRT] [info] [vdevice_native_stream.cpp:331] [read_impl] Failed read from stream HAILO_STREAM_ABORT(63) (device: 0001:01:00.0)
[2026-04-18 12:52:05.648] [182727] [HailoRT] [info] [vdevice_native_stream.cpp:331] [read_impl] Failed read from stream HAILO_STREAM_ABORT(63) (device: 0001:01:00.0)
[2026-04-18 12:52:05.690] [182716] [HailoRT] [info] [core_op.cpp:186] [deactivate] Deactivating took 0.005908 ms
[2026-04-18 12:52:05.690] [182716] [HailoRT] [info] [core_op.cpp:186] [deactivate] Deactivating took 0.024629 ms
[2026-04-18 12:52:05.745] [182716] [HailoRT] [info] [vdevice.cpp:535] [create] Creating vdevice with params: device_count: 1, scheduling_algorithm: NONE, multi_process_service: false
[2026-04-18 12:52:05.745] [182716] [HailoRT] [info] [device.cpp:51] [Device] OS Version: Linux 6.12.75+rpt-rpi-2712 #1 SMP PREEMPT Debian 1:6.12.75-1+rpt1 (2026-03-11) aarch64
[2026-04-18 12:52:05.745] [182716] [HailoRT] [info] [control.cpp:113] [control__parse_identify_results] firmware_version is: 4.23.0
[2026-04-18 12:52:05.745] [182716] [HailoRT] [info] [vdevice.cpp:682] [create] VDevice Infos: 0001:01:00.0
[2026-04-18 12:52:05.751] [182716] [HailoRT] [warning] [buffer_requirements.cpp:131] [get_buffer_requirements_multiple_transfers] Desc page size value (1024) is not optimal for performance.
[2026-04-18 12:52:05.767] [182716] [HailoRT] [info] [internal_buffer_manager.cpp:77] [print_execution_results] Planned internal buffer memory: CMA=0 CMA-Desc=1507328 Pinned=64771072. memory to edge layer usage factor is 1
[2026-04-18 12:52:05.767] [182716] [HailoRT] [info] [internal_buffer_manager.cpp:86] [print_execution_results] Default Internal buffer planner executed successfully
[2026-04-18 12:52:05.880] [182716] [HailoRT] [info] [device_internal.cpp:57] [configure] Configuring HEF took 134.004544 milliseconds
[2026-04-18 12:52:05.880] [182716] [HailoRT] [info] [vdevice.cpp:780] [configure] Configuring HEF on VDevice took 134.3638 milliseconds
[2026-04-18 12:52:05.880] [182716] [HailoRT] [info] [control.cpp:113] [control__parse_identify_results] firmware_version is: 4.23.0
[2026-04-18 12:52:05.880] [182716] [HailoRT] [info] [control.cpp:113] [control__parse_identify_results] firmware_version is: 4.23.0
[2026-04-18 12:52:05.916] [182716] [HailoRT] [info] [core_op.cpp:156] [activate] Activating yolov11n took 35.981109 milliseconds. Note that the function is asynchronous and thus the network is not fully activated yet.
[2026-04-18 12:52:05.916] [182716] [HailoRT] [info] [core_op.cpp:156] [activate] Activating yolov11n took 36.010534 milliseconds. Note that the function is asynchronous and thus the network is not fully activated yet.
[2026-04-18 12:52:05.929] [182716] [HailoRT] [info] [control.cpp:113] [control__parse_identify_results] firmware_version is: 4.23.0
[2026-04-18 12:52:05.930] [182716] [HailoRT] [info] [control.cpp:113] [control__parse_identify_results] firmware_version is: 4.23.0
[2026-04-18 12:52:05.930] [182716] [HailoRT] [info] [edge_elements.cpp:52] [create] Created (HwWriteEl8yolov11n/input_layer1 | hw_frame_size: 1228800)
[2026-04-18 12:52:05.930] [182716] [HailoRT] [info] [queue_elements.cpp:284] [create] Created (PushQEl8yolov11n/input_layer1 | timeout: 10s)
[2026-04-18 12:52:05.930] [182716] [HailoRT] [info] [filter_elements.cpp:101] [create] Created (PreInferEl8yolov11n/input_layer1 | Reorder - src_order: NHWC, src_shape: (640, 640, 3), dst_order: NHCW, dst_shape: (640, 640, 3))
[2026-04-18 12:52:05.930] [182716] [HailoRT] [info] [vstream.cpp:754] [InputVStreamImpl] Creating yolov11n/input_layer1...
[2026-04-18 12:52:05.930] [182716] [HailoRT] [info] [vstream_builder.cpp:102] [create_inputs] Input pipeline 'yolov11n/input_layer1': (PreInferEl8yolov11n/input_layer1 | Reorder - src_order: NHWC, src_shape: (640, 640, 3), dst_order: NHCW, dst_shape: (640, 640, 3)) >> (PushQEl8yolov11n/input_layer1 | timeout: 10s) >> (HwWriteEl8yolov11n/input_layer1 | hw_frame_size: 1228800) >> HW
[2026-04-18 12:52:05.930] [182716] [HailoRT] [info] [multi_io_elements.cpp:135] [create] Created (NmsPPMuxEl0YOLOV8-Post-Process | Op YOLOV8, Name: YOLOV8-Post-Process, Score threshold: 0.200, IoU threshold: 0.70, Classes: 80, Max bboxes per class: 100, Image height: 640, Image width: 640)
[2026-04-18 12:52:05.930] [182716] [HailoRT] [info] [edge_elements.cpp:287] [create] Created (HwReadEl3yolov11n/conv51_143 | hw_frame_size: 409600)
[2026-04-18 12:52:05.930] [182716] [HailoRT] [info] [queue_elements.cpp:657] [create] Created (PullQEl_nms3yolov11n/conv51_143 | timeout: 10s)
[2026-04-18 12:52:05.930] [182716] [HailoRT] [info] [edge_elements.cpp:287] [create] Created (HwReadEl12yolov11n/conv54_143 | hw_frame_size: 512000)
[2026-04-18 12:52:05.930] [182716] [HailoRT] [info] [queue_elements.cpp:657] [create] Created (PullQEl_nms12yolov11n/conv54_143 | timeout: 10s)
[2026-04-18 12:52:05.930] [182716] [HailoRT] [info] [edge_elements.cpp:287] [create] Created (HwReadEl15yolov11n/conv62_143 | hw_frame_size: 102400)
[2026-04-18 12:52:05.930] [182716] [HailoRT] [info] [queue_elements.cpp:657] [create] Created (PullQEl_nms15yolov11n/conv62_143 | timeout: 10s)
[2026-04-18 12:52:05.930] [182716] [HailoRT] [info] [edge_elements.cpp:287] [create] Created (HwReadEl13yolov11n/conv65_143 | hw_frame_size: 128000)
[2026-04-18 12:52:05.930] [182716] [HailoRT] [info] [queue_elements.cpp:657] [create] Created (PullQEl_nms13yolov11n/conv65_143 | timeout: 10s)
[2026-04-18 12:52:05.931] [182716] [HailoRT] [info] [edge_elements.cpp:287] [create] Created (HwReadEl1yolov11n/conv77_143 | hw_frame_size: 30720)
[2026-04-18 12:52:05.931] [182716] [HailoRT] [info] [queue_elements.cpp:657] [create] Created (PullQEl_nms1yolov11n/conv77_143 | timeout: 10s)
[2026-04-18 12:52:05.931] [182716] [HailoRT] [info] [edge_elements.cpp:287] [create] Created (HwReadEl0yolov11n/conv80_143 | hw_frame_size: 38400)
[2026-04-18 12:52:05.931] [182716] [HailoRT] [info] [queue_elements.cpp:657] [create] Created (PullQEl_nms0yolov11n/conv80_143 | timeout: 10s)
[2026-04-18 12:52:05.931] [182716] [HailoRT] [info] [queue_elements.cpp:800] [create] Created (UserBufQEl_post_infer0yolov11n/yolov8_nms_postprocess | timeout: 10s)
[2026-04-18 12:52:05.931] [182716] [HailoRT] [info] [vstream.cpp:1114] [OutputVStreamImpl] Creating yolov11n/yolov8_nms_postprocess...
[2026-04-18 12:52:05.931] [182716] [HailoRT] [info] [vstream_builder.cpp:622] [create_output_post_process_nms] Output pipeline 'yolov11n/yolov8_nms_postprocess': HW >> (HwReadEl3yolov11n/conv51_143 | hw_frame_size: 409600) >> (PullQEl_nms3yolov11n/conv51_143) >> (HwReadEl12yolov11n/conv54_143 | hw_frame_size: 512000) >> (PullQEl_nms12yolov11n/conv54_143) >> (HwReadEl15yolov11n/conv62_143 | hw_frame_size: 102400) >> (PullQEl_nms15yolov11n/conv62_143) >> (HwReadEl13yolov11n/conv65_143 | hw_frame_size: 128000) >> (PullQEl_nms13yolov11n/conv65_143) >> (HwReadEl1yolov11n/conv77_143 | hw_frame_size: 30720) >> (PullQEl_nms1yolov11n/conv77_143) >> (HwReadEl0yolov11n/conv80_143 | hw_frame_size: 38400) >> (PullQEl_nms0yolov11n/conv80_143) >> (NmsPPMuxEl0YOLOV8-Post-Process | Op YOLOV8, Name: YOLOV8-Post-Process, Score threshold: 0.200, IoU threshold: 0.70, Classes: 80, Max bboxes per class: 100, Image height: 640, Image width: 640) >> (UserBufQEl_post_infer0yolov11n/yolov8_nms_postprocess | timeout: 10s)
[2026-04-18 12:53:05.931] [183215] [HailoRT] [info] [vdevice_native_stream.cpp:142] [write_impl] Failed write to stream yolov11n/input_layer1 (device: 0001:01:00.0) with status=HAILO_STREAM_ABORT(63)
[2026-04-18 12:53:05.931] [183215] [HailoRT] [info] [edge_elements.cpp:87] [run_push] Failed to send on input stream InputStream(index=8, name=yolov11n/input_layer1) because stream was aborted
[2026-04-18 12:53:05.931] [183215] [HailoRT] [info] [queue_elements.cpp:401] [run_in_thread] run_push of PushQEl8yolov11n/input_layer1 was aborted!
[2026-04-18 12:53:05.931] [183216] [HailoRT] [info] [vdevice_native_stream.cpp:331] [read_impl] Failed read from stream HAILO_STREAM_ABORT(63) (device: 0001:01:00.0)
[2026-04-18 12:53:05.931] [183216] [HailoRT] [info] [edge_elements.cpp:396] [run_pull] Reading from stream was aborted!
[2026-04-18 12:53:05.931] [183219] [HailoRT] [info] [vdevice_native_stream.cpp:331] [read_impl] Failed read from stream HAILO_STREAM_ABORT(63) (device: 0001:01:00.0)
[2026-04-18 12:53:05.931] [183219] [HailoRT] [info] [edge_elements.cpp:396] [run_pull] Reading from stream was aborted!
[2026-04-18 12:53:05.931] [183220] [HailoRT] [info] [vdevice_native_stream.cpp:331] [read_impl] Failed read from stream HAILO_STREAM_ABORT(63) (device: 0001:01:00.0)
[2026-04-18 12:53:05.931] [183220] [HailoRT] [info] [edge_elements.cpp:396] [run_pull] Reading from stream was aborted!
[2026-04-18 12:53:05.931] [183221] [HailoRT] [info] [vdevice_native_stream.cpp:331] [read_impl] Failed read from stream HAILO_STREAM_ABORT(63) (device: 0001:01:00.0)
[2026-04-18 12:53:05.931] [183220] [HailoRT] [info] [queue_elements.cpp:738] [run_in_thread] run_pull of queue element PullQEl_nms1yolov11n/conv77_143 was aborted!
[2026-04-18 12:53:05.931] [183221] [HailoRT] [info] [edge_elements.cpp:396] [run_pull] Reading from stream was aborted!
[2026-04-18 12:53:05.931] [183221] [HailoRT] [info] [queue_elements.cpp:738] [run_in_thread] run_pull of queue element PullQEl_nms0yolov11n/conv80_143 was aborted!
[2026-04-18 12:53:05.931] [183217] [HailoRT] [info] [vdevice_native_stream.cpp:331] [read_impl] Failed read from stream HAILO_STREAM_ABORT(63) (device: 0001:01:00.0)
[2026-04-18 12:53:05.931] [183217] [HailoRT] [info] [edge_elements.cpp:396] [run_pull] Reading from stream was aborted!
[2026-04-18 12:53:05.931] [183216] [HailoRT] [info] [queue_elements.cpp:738] [run_in_thread] run_pull of queue element PullQEl_nms3yolov11n/conv51_143 was aborted!
[2026-04-18 12:53:05.931] [183217] [HailoRT] [info] [queue_elements.cpp:738] [run_in_thread] run_pull of queue element PullQEl_nms12yolov11n/conv54_143 was aborted!
[2026-04-18 12:53:05.931] [183225] [HailoRT] [info] [queue_elements.cpp:706] [run_pull] Shutdown event was signaled in dequeue of queue element PullQEl_nms12yolov11n/conv54_143!
[2026-04-18 12:53:05.931] [183225] [HailoRT] [info] [vstream.cpp:1138] [read] Receiving to VStream was shutdown!
[2026-04-18 12:53:05.931] [183218] [HailoRT] [info] [vdevice_native_stream.cpp:331] [read_impl] Failed read from stream HAILO_STREAM_ABORT(63) (device: 0001:01:00.0)
[2026-04-18 12:53:05.932] [183218] [HailoRT] [info] [edge_elements.cpp:396] [run_pull] Reading from stream was aborted!
[2026-04-18 12:53:05.932] [183218] [HailoRT] [info] [queue_elements.cpp:738] [run_in_thread] run_pull of queue element PullQEl_nms15yolov11n/conv62_143 was aborted!
[2026-04-18 12:53:05.931] [183219] [HailoRT] [info] [queue_elements.cpp:738] [run_in_thread] run_pull of queue element PullQEl_nms13yolov11n/conv65_143 was aborted!
[2026-04-18 12:53:05.932] [183226] [HailoRT] [info] [queue_elements.cpp:319] [run_push] run_push of PushQEl8yolov11n/input_layer1 was aborted!
[2026-04-18 12:53:05.932] [183226] [HailoRT] [info] [filter_elements.cpp:35] [run_push] run_push of PreInferEl8yolov11n/input_layer1 was aborted!
[2026-04-18 12:53:05.932] [183226] [HailoRT] [info] [vstream.cpp:778] [write] Sending to VStream was aborted!
[2026-04-18 12:53:05.973] [182716] [HailoRT] [info] [queue_elements.cpp:360] [execute_deactivate] enqueue() in element PushQEl8yolov11n/input_layer1 was aborted, got status = HAILO_SHUTDOWN_EVENT_SIGNALED(57)
[2026-04-18 12:53:05.973] [183215] [HailoRT] [info] [queue_elements.cpp:68] [operator()] Thread in element PushQEl8yolov11n/input_layer1 is not running anymore, exiting..
[2026-04-18 12:53:05.973] [182716] [HailoRT] [info] [queue_elements.cpp:46] [~BaseQueueElement] Queue element PushQEl8yolov11n/input_layer1 has 1 frames in his Queue on destruction
[2026-04-18 12:53:05.974] [183222] [HailoRT] [info] [queue_elements.cpp:68] [operator()] Thread in element UserBufQEl_post_infer0yolov11n/yolov8_nms_postprocess is not running anymore, exiting..
[2026-04-18 12:53:05.974] [182716] [HailoRT] [info] [queue_elements.cpp:46] [~BaseQueueElement] Queue element UserBufQEl_post_infer0yolov11n/yolov8_nms_postprocess has 0 frames in his Queue on destruction
[2026-04-18 12:53:05.974] [183221] [HailoRT] [info] [queue_elements.cpp:68] [operator()] Thread in element PullQEl_nms0yolov11n/conv80_143 is not running anymore, exiting..
[2026-04-18 12:53:05.974] [182716] [HailoRT] [info] [queue_elements.cpp:46] [~BaseQueueElement] Queue element PullQEl_nms0yolov11n/conv80_143 has 1 frames in his Queue on destruction
[2026-04-18 12:53:05.974] [183220] [HailoRT] [info] [queue_elements.cpp:68] [operator()] Thread in element PullQEl_nms1yolov11n/conv77_143 is not running anymore, exiting..
[2026-04-18 12:53:05.974] [182716] [HailoRT] [info] [queue_elements.cpp:46] [~BaseQueueElement] Queue element PullQEl_nms1yolov11n/conv77_143 has 0 frames in his Queue on destruction
[2026-04-18 12:53:05.974] [183219] [HailoRT] [info] [queue_elements.cpp:68] [operator()] Thread in element PullQEl_nms13yolov11n/conv65_143 is not running anymore, exiting..
[2026-04-18 12:53:05.974] [182716] [HailoRT] [info] [queue_elements.cpp:46] [~BaseQueueElement] Queue element PullQEl_nms13yolov11n/conv65_143 has 1 frames in his Queue on destruction
[2026-04-18 12:53:05.974] [183218] [HailoRT] [info] [queue_elements.cpp:68] [operator()] Thread in element PullQEl_nms15yolov11n/conv62_143 is not running anymore, exiting..
[2026-04-18 12:53:05.974] [182716] [HailoRT] [info] [queue_elements.cpp:46] [~BaseQueueElement] Queue element PullQEl_nms15yolov11n/conv62_143 has 1 frames in his Queue on destruction
[2026-04-18 12:53:05.974] [183217] [HailoRT] [info] [queue_elements.cpp:68] [operator()] Thread in element PullQEl_nms12yolov11n/conv54_143 is not running anymore, exiting..
[2026-04-18 12:53:05.974] [182716] [HailoRT] [info] [queue_elements.cpp:46] [~BaseQueueElement] Queue element PullQEl_nms12yolov11n/conv54_143 has 0 frames in his Queue on destruction
[2026-04-18 12:53:05.974] [183216] [HailoRT] [info] [queue_elements.cpp:68] [operator()] Thread in element PullQEl_nms3yolov11n/conv51_143 is not running anymore, exiting..
[2026-04-18 12:53:05.974] [182716] [HailoRT] [info] [queue_elements.cpp:46] [~BaseQueueElement] Queue element PullQEl_nms3yolov11n/conv51_143 has 0 frames in his Queue on destruction
[2026-04-18 12:53:05.974] [182716] [HailoRT] [info] [core_op.cpp:186] [deactivate] Deactivating took 0.008333 ms
[2026-04-18 12:53:05.974] [182716] [HailoRT] [info] [core_op.cpp:186] [deactivate] Deactivating took 0.017352 ms
[2026-04-18 12:53:06.041] [182716] [HailoRT] [info] [vdevice.cpp:535] [create] Creating vdevice with params: device_count: 1, scheduling_algorithm: NONE, multi_process_service: false
[2026-04-18 12:53:06.042] [182716] [HailoRT] [info] [device.cpp:51] [Device] OS Version: Linux 6.12.75+rpt-rpi-2712 #1 SMP PREEMPT Debian 1:6.12.75-1+rpt1 (2026-03-11) aarch64
[2026-04-18 12:53:06.042] [182716] [HailoRT] [info] [control.cpp:113] [control__parse_identify_results] firmware_version is: 4.23.0
[2026-04-18 12:53:06.042] [182716] [HailoRT] [info] [vdevice.cpp:682] [create] VDevice Infos: 0001:01:00.0
[2026-04-18 12:53:06.050] [182716] [HailoRT] [warning] [buffer_requirements.cpp:131] [get_buffer_requirements_multiple_transfers] Desc page size value (1024) is not optimal for performance.
[2026-04-18 12:53:06.072] [182716] [HailoRT] [info] [internal_buffer_manager.cpp:77] [print_execution_results] Planned internal buffer memory: CMA=0 CMA-Desc=1507328 Pinned=64771072. memory to edge layer usage factor is 1
[2026-04-18 12:53:06.072] [182716] [HailoRT] [info] [internal_buffer_manager.cpp:86] [print_execution_results] Default Internal buffer planner executed successfully
[2026-04-18 12:53:06.187] [182716] [HailoRT] [info] [device_internal.cpp:57] [configure] Configuring HEF took 145.081967 milliseconds
[2026-04-18 12:53:06.188] [182716] [HailoRT] [info] [vdevice.cpp:780] [configure] Configuring HEF on VDevice took 145.455779 milliseconds
[2026-04-18 12:53:06.188] [182716] [HailoRT] [info] [control.cpp:113] [control__parse_identify_results] firmware_version is: 4.23.0
[2026-04-18 12:53:06.188] [182716] [HailoRT] [info] [control.cpp:113] [control__parse_identify_results] firmware_version is: 4.23.0
[2026-04-18 12:53:06.218] [182716] [HailoRT] [info] [core_op.cpp:156] [activate] Activating yolov11n took 29.312835 milliseconds. Note that the function is asynchronous and thus the network is not fully activated yet.
[2026-04-18 12:53:06.218] [182716] [HailoRT] [info] [core_op.cpp:156] [activate] Activating yolov11n took 29.33641 milliseconds. Note that the function is asynchronous and thus the network is not fully activated yet.
[2026-04-18 12:53:06.231] [182716] [HailoRT] [info] [control.cpp:113] [control__parse_identify_results] firmware_version is: 4.23.0
[2026-04-18 12:53:06.231] [182716] [HailoRT] [info] [control.cpp:113] [control__parse_identify_results] firmware_version is: 4.23.0
[2026-04-18 12:53:06.231] [182716] [HailoRT] [info] [edge_elements.cpp:52] [create] Created (HwWriteEl8yolov11n/input_layer1 | hw_frame_size: 1228800)
[2026-04-18 12:53:06.231] [182716] [HailoRT] [info] [queue_elements.cpp:284] [create] Created (PushQEl8yolov11n/input_layer1 | timeout: 10s)
[2026-04-18 12:53:06.231] [182716] [HailoRT] [info] [filter_elements.cpp:101] [create] Created (PreInferEl8yolov11n/input_layer1 | Reorder - src_order: NHWC, src_shape: (640, 640, 3), dst_order: NHCW, dst_shape: (640, 640, 3))
[2026-04-18 12:53:06.231] [182716] [HailoRT] [info] [vstream.cpp:754] [InputVStreamImpl] Creating yolov11n/input_layer1...
[2026-04-18 12:53:06.231] [182716] [HailoRT] [info] [vstream_builder.cpp:102] [create_inputs] Input pipeline 'yolov11n/input_layer1': (PreInferEl8yolov11n/input_layer1 | Reorder - src_order: NHWC, src_shape: (640, 640, 3), dst_order: NHCW, dst_shape: (640, 640, 3)) >> (PushQEl8yolov11n/input_layer1 | timeout: 10s) >> (HwWriteEl8yolov11n/input_layer1 | hw_frame_size: 1228800) >> HW
[2026-04-18 12:53:06.231] [182716] [HailoRT] [info] [multi_io_elements.cpp:135] [create] Created (NmsPPMuxEl0YOLOV8-Post-Process | Op YOLOV8, Name: YOLOV8-Post-Process, Score threshold: 0.200, IoU threshold: 0.70, Classes: 80, Max bboxes per class: 100, Image height: 640, Image width: 640)
[2026-04-18 12:53:06.231] [182716] [HailoRT] [info] [edge_elements.cpp:287] [create] Created (HwReadEl3yolov11n/conv51_143 | hw_frame_size: 409600)
[2026-04-18 12:53:06.231] [182716] [HailoRT] [info] [queue_elements.cpp:657] [create] Created (PullQEl_nms3yolov11n/conv51_143 | timeout: 10s)
[2026-04-18 12:53:06.231] [182716] [HailoRT] [info] [edge_elements.cpp:287] [create] Created (HwReadEl12yolov11n/conv54_143 | hw_frame_size: 512000)
[2026-04-18 12:53:06.231] [182716] [HailoRT] [info] [queue_elements.cpp:657] [create] Created (PullQEl_nms12yolov11n/conv54_143 | timeout: 10s)
[2026-04-18 12:53:06.231] [182716] [HailoRT] [info] [edge_elements.cpp:287] [create] Created (HwReadEl15yolov11n/conv62_143 | hw_frame_size: 102400)
[2026-04-18 12:53:06.231] [182716] [HailoRT] [info] [queue_elements.cpp:657] [create] Created (PullQEl_nms15yolov11n/conv62_143 | timeout: 10s)
[2026-04-18 12:53:06.232] [182716] [HailoRT] [info] [edge_elements.cpp:287] [create] Created (HwReadEl13yolov11n/conv65_143 | hw_frame_size: 128000)
[2026-04-18 12:53:06.232] [182716] [HailoRT] [info] [queue_elements.cpp:657] [create] Created (PullQEl_nms13yolov11n/conv65_143 | timeout: 10s)
[2026-04-18 12:53:06.232] [182716] [HailoRT] [info] [edge_elements.cpp:287] [create] Created (HwReadEl1yolov11n/conv77_143 | hw_frame_size: 30720)
[2026-04-18 12:53:06.232] [182716] [HailoRT] [info] [queue_elements.cpp:657] [create] Created (PullQEl_nms1yolov11n/conv77_143 | timeout: 10s)
[2026-04-18 12:53:06.232] [182716] [HailoRT] [info] [edge_elements.cpp:287] [create] Created (HwReadEl0yolov11n/conv80_143 | hw_frame_size: 38400)
[2026-04-18 12:53:06.232] [182716] [HailoRT] [info] [queue_elements.cpp:657] [create] Created (PullQEl_nms0yolov11n/conv80_143 | timeout: 10s)
[2026-04-18 12:53:06.232] [182716] [HailoRT] [info] [queue_elements.cpp:800] [create] Created (UserBufQEl_post_infer0yolov11n/yolov8_nms_postprocess | timeout: 10s)
[2026-04-18 12:53:06.232] [182716] [HailoRT] [info] [vstream.cpp:1114] [OutputVStreamImpl] Creating yolov11n/yolov8_nms_postprocess...
[2026-04-18 12:53:06.232] [182716] [HailoRT] [info] [vstream_builder.cpp:622] [create_output_post_process_nms] Output pipeline 'yolov11n/yolov8_nms_postprocess': HW >> (HwReadEl3yolov11n/conv51_143 | hw_frame_size: 409600) >> (PullQEl_nms3yolov11n/conv51_143) >> (HwReadEl12yolov11n/conv54_143 | hw_frame_size: 512000) >> (PullQEl_nms12yolov11n/conv54_143) >> (HwReadEl15yolov11n/conv62_143 | hw_frame_size: 102400) >> (PullQEl_nms15yolov11n/conv62_143) >> (HwReadEl13yolov11n/conv65_143 | hw_frame_size: 128000) >> (PullQEl_nms13yolov11n/conv65_143) >> (HwReadEl1yolov11n/conv77_143 | hw_frame_size: 30720) >> (PullQEl_nms1yolov11n/conv77_143) >> (HwReadEl0yolov11n/conv80_143 | hw_frame_size: 38400) >> (PullQEl_nms0yolov11n/conv80_143) >> (NmsPPMuxEl0YOLOV8-Post-Process | Op YOLOV8, Name: YOLOV8-Post-Process, Score threshold: 0.200, IoU threshold: 0.70, Classes: 80, Max bboxes per class: 100, Image height: 640, Image width: 640) >> (UserBufQEl_post_infer0yolov11n/yolov8_nms_postprocess | timeout: 10s)
[2026-04-18 12:54:06.233] [183696] [HailoRT] [info] [vdevice_native_stream.cpp:331] [read_impl] Failed read from stream HAILO_STREAM_ABORT(63) (device: 0001:01:00.0)
[2026-04-18 12:54:06.233] [183696] [HailoRT] [info] [edge_elements.cpp:396] [run_pull] Reading from stream was aborted!
[2026-04-18 12:54:06.233] [183696] [HailoRT] [info] [queue_elements.cpp:738] [run_in_thread] run_pull of queue element PullQEl_nms1yolov11n/conv77_143 was aborted!
[2026-04-18 12:54:06.233] [183697] [HailoRT] [info] [vdevice_native_stream.cpp:331] [read_impl] Failed read from stream HAILO_STREAM_ABORT(63) (device: 0001:01:00.0)
[2026-04-18 12:54:06.233] [183697] [HailoRT] [info] [edge_elements.cpp:396] [run_pull] Reading from stream was aborted!
[2026-04-18 12:54:06.233] [183697] [HailoRT] [info] [queue_elements.cpp:738] [run_in_thread] run_pull of queue element PullQEl_nms0yolov11n/conv80_143 was aborted!
[2026-04-18 12:54:06.233] [183694] [HailoRT] [info] [vdevice_native_stream.cpp:331] [read_impl] Failed read from stream HAILO_STREAM_ABORT(63) (device: 0001:01:00.0)
[2026-04-18 12:54:06.233] [183694] [HailoRT] [info] [edge_elements.cpp:396] [run_pull] Reading from stream was aborted!
[2026-04-18 12:54:06.233] [183694] [HailoRT] [info] [queue_elements.cpp:738] [run_in_thread] run_pull of queue element PullQEl_nms15yolov11n/conv62_143 was aborted!
[2026-04-18 12:54:06.233] [183695] [HailoRT] [info] [vdevice_native_stream.cpp:331] [read_impl] Failed read from stream HAILO_STREAM_ABORT(63) (device: 0001:01:00.0)
[2026-04-18 12:54:06.233] [183695] [HailoRT] [info] [edge_elements.cpp:396] [run_pull] Reading from stream was aborted!
[2026-04-18 12:54:06.233] [183695] [HailoRT] [info] [queue_elements.cpp:738] [run_in_thread] run_pull of queue element PullQEl_nms13yolov11n/conv65_143 was aborted!
[2026-04-18 12:54:06.233] [183692] [HailoRT] [info] [vdevice_native_stream.cpp:331] [read_impl] Failed read from stream HAILO_STREAM_ABORT(63) (device: 0001:01:00.0)
[2026-04-18 12:54:06.233] [183692] [HailoRT] [info] [edge_elements.cpp:396] [run_pull] Reading from stream was aborted!
[2026-04-18 12:54:06.233] [183692] [HailoRT] [info] [queue_elements.cpp:738] [run_in_thread] run_pull of queue element PullQEl_nms3yolov11n/conv51_143 was aborted!
[2026-04-18 12:54:06.233] [183693] [HailoRT] [info] [vdevice_native_stream.cpp:331] [read_impl] Failed read from stream HAILO_STREAM_ABORT(63) (device: 0001:01:00.0)
[2026-04-18 12:54:06.233] [183693] [HailoRT] [info] [edge_elements.cpp:396] [run_pull] Reading from stream was aborted!
[2026-04-18 12:54:06.233] [183693] [HailoRT] [info] [queue_elements.cpp:738] [run_in_thread] run_pull of queue element PullQEl_nms12yolov11n/conv54_143 was aborted!
[2026-04-18 12:54:06.233] [183701] [HailoRT] [info] [queue_elements.cpp:706] [run_pull] Shutdown event was signaled in dequeue of queue element PullQEl_nms3yolov11n/conv51_143!
[2026-04-18 12:54:06.233] [183701] [HailoRT] [info] [vstream.cpp:1138] [read] Receiving to VStream was shutdown!
[2026-04-18 12:54:06.234] [183691] [HailoRT] [info] [vdevice_native_stream.cpp:142] [write_impl] Failed write to stream yolov11n/input_layer1 (device: 0001:01:00.0) with status=HAILO_STREAM_ABORT(63)
[2026-04-18 12:54:06.234] [183691] [HailoRT] [info] [edge_elements.cpp:87] [run_push] Failed to send on input stream InputStream(index=8, name=yolov11n/input_layer1) because stream was aborted
[2026-04-18 12:54:06.234] [183691] [HailoRT] [info] [queue_elements.cpp:401] [run_in_thread] run_push of PushQEl8yolov11n/input_layer1 was aborted!
[2026-04-18 12:54:06.235] [183702] [HailoRT] [info] [queue_elements.cpp:319] [run_push] run_push of PushQEl8yolov11n/input_layer1 was aborted!
[2026-04-18 12:54:06.235] [183702] [HailoRT] [info] [filter_elements.cpp:35] [run_push] run_push of PreInferEl8yolov11n/input_layer1 was aborted!
[2026-04-18 12:54:06.235] [183702] [HailoRT] [info] [vstream.cpp:778] [write] Sending to VStream was aborted!
[2026-04-18 12:54:06.242] [182716] [HailoRT] [info] [queue_elements.cpp:360] [execute_deactivate] enqueue() in element PushQEl8yolov11n/input_layer1 was aborted, got status = HAILO_SHUTDOWN_EVENT_SIGNALED(57)
[2026-04-18 12:54:06.242] [183691] [HailoRT] [info] [queue_elements.cpp:68] [operator()] Thread in element PushQEl8yolov11n/input_layer1 is not running anymore, exiting..
[2026-04-18 12:54:06.242] [182716] [HailoRT] [info] [queue_elements.cpp:46] [~BaseQueueElement] Queue element PushQEl8yolov11n/input_layer1 has 0 frames in his Queue on destruction
[2026-04-18 12:54:06.243] [183698] [HailoRT] [info] [queue_elements.cpp:68] [operator()] Thread in element UserBufQEl_post_infer0yolov11n/yolov8_nms_postprocess is not running anymore, exiting..
[2026-04-18 12:54:06.243] [182716] [HailoRT] [info] [queue_elements.cpp:46] [~BaseQueueElement] Queue element UserBufQEl_post_infer0yolov11n/yolov8_nms_postprocess has 0 frames in his Queue on destruction
[2026-04-18 12:54:06.243] [183697] [HailoRT] [info] [queue_elements.cpp:68] [operator()] Thread in element PullQEl_nms0yolov11n/conv80_143 is not running anymore, exiting..
[2026-04-18 12:54:06.243] [182716] [HailoRT] [info] [queue_elements.cpp:46] [~BaseQueueElement] Queue element PullQEl_nms0yolov11n/conv80_143 has 0 frames in his Queue on destruction
[2026-04-18 12:54:06.243] [183696] [HailoRT] [info] [queue_elements.cpp:68] [operator()] Thread in element PullQEl_nms1yolov11n/conv77_143 is not running anymore, exiting..
[2026-04-18 12:54:06.243] [182716] [HailoRT] [info] [queue_elements.cpp:46] [~BaseQueueElement] Queue element PullQEl_nms1yolov11n/conv77_143 has 0 frames in his Queue on destruction
[2026-04-18 12:54:06.243] [183695] [HailoRT] [info] [queue_elements.cpp:68] [operator()] Thread in element PullQEl_nms13yolov11n/conv65_143 is not running anymore, exiting..
[2026-04-18 12:54:06.243] [182716] [HailoRT] [info] [queue_elements.cpp:46] [~BaseQueueElement] Queue element PullQEl_nms13yolov11n/conv65_143 has 0 frames in his Queue on destruction
[2026-04-18 12:54:06.243] [183694] [HailoRT] [info] [queue_elements.cpp:68] [operator()] Thread in element PullQEl_nms15yolov11n/conv62_143 is not running anymore, exiting..
[2026-04-18 12:54:06.243] [182716] [HailoRT] [info] [queue_elements.cpp:46] [~BaseQueueElement] Queue element PullQEl_nms15yolov11n/conv62_143 has 0 frames in his Queue on destruction
[2026-04-18 12:54:06.243] [183693] [HailoRT] [info] [queue_elements.cpp:68] [operator()] Thread in element PullQEl_nms12yolov11n/conv54_143 is not running anymore, exiting..
[2026-04-18 12:54:06.243] [182716] [HailoRT] [info] [queue_elements.cpp:46] [~BaseQueueElement] Queue element PullQEl_nms12yolov11n/conv54_143 has 0 frames in his Queue on destruction
[2026-04-18 12:54:06.243] [183692] [HailoRT] [info] [queue_elements.cpp:68] [operator()] Thread in element PullQEl_nms3yolov11n/conv51_143 is not running anymore, exiting..
[2026-04-18 12:54:06.243] [182716] [HailoRT] [info] [queue_elements.cpp:46] [~BaseQueueElement] Queue element PullQEl_nms3yolov11n/conv51_143 has 0 frames in his Queue on destruction
[2026-04-18 12:54:06.243] [182716] [HailoRT] [info] [core_op.cpp:186] [deactivate] Deactivating took 0.008352 ms
[2026-04-18 12:54:06.243] [182716] [HailoRT] [info] [core_op.cpp:186] [deactivate] Deactivating took 0.017018 ms
[2026-04-18 12:54:16.573] [184248] [HailoRT] [info] [vdevice.cpp:535] [create] Creating vdevice with params: device_count: 1, scheduling_algorithm: NONE, multi_process_service: false
[2026-04-18 12:54:16.584] [184248] [HailoRT] [info] [device.cpp:51] [Device] OS Version: Linux 6.12.75+rpt-rpi-2712 #1 SMP PREEMPT Debian 1:6.12.75-1+rpt1 (2026-03-11) aarch64
[2026-04-18 12:54:16.585] [184248] [HailoRT] [info] [control.cpp:113] [control__parse_identify_results] firmware_version is: 4.23.0
[2026-04-18 12:54:16.585] [184248] [HailoRT] [info] [vdevice.cpp:682] [create] VDevice Infos: 0001:01:00.0
[2026-04-18 12:54:16.593] [184248] [HailoRT] [warning] [buffer_requirements.cpp:131] [get_buffer_requirements_multiple_transfers] Desc page size value (1024) is not optimal for performance.
[2026-04-18 12:54:16.618] [184248] [HailoRT] [info] [internal_buffer_manager.cpp:77] [print_execution_results] Planned internal buffer memory: CMA=0 CMA-Desc=1507328 Pinned=65948672. memory to edge layer usage factor is 1
[2026-04-18 12:54:16.618] [184248] [HailoRT] [info] [internal_buffer_manager.cpp:86] [print_execution_results] Default Internal buffer planner executed successfully
[2026-04-18 12:54:16.729] [184248] [HailoRT] [info] [device_internal.cpp:57] [configure] Configuring HEF took 144.605775 milliseconds
[2026-04-18 12:54:16.730] [184248] [HailoRT] [info] [vdevice.cpp:780] [configure] Configuring HEF on VDevice took 145.003161 milliseconds
[2026-04-18 12:54:16.730] [184248] [HailoRT] [info] [control.cpp:113] [control__parse_identify_results] firmware_version is: 4.23.0
[2026-04-18 12:54:16.730] [184248] [HailoRT] [info] [control.cpp:113] [control__parse_identify_results] firmware_version is: 4.23.0
[2026-04-18 12:54:16.767] [184248] [HailoRT] [info] [core_op.cpp:156] [activate] Activating yolov11n took 36.519589 milliseconds. Note that the function is asynchronous and thus the network is not fully activated yet.
[2026-04-18 12:54:16.767] [184248] [HailoRT] [info] [core_op.cpp:156] [activate] Activating yolov11n took 36.549181 milliseconds. Note that the function is asynchronous and thus the network is not fully activated yet.
[2026-04-18 12:54:16.780] [184248] [HailoRT] [info] [control.cpp:113] [control__parse_identify_results] firmware_version is: 4.23.0
[2026-04-18 12:54:16.780] [184248] [HailoRT] [info] [control.cpp:113] [control__parse_identify_results] firmware_version is: 4.23.0
[2026-04-18 12:54:17.895] [184240] [HailoRT] [info] [device.cpp:51] [Device] OS Version: Linux 6.12.75+rpt-rpi-2712 #1 SMP PREEMPT Debian 1:6.12.75-1+rpt1 (2026-03-11) aarch64
[2026-04-18 12:54:17.895] [184240] [HailoRT] [info] [control.cpp:113] [control__parse_identify_results] firmware_version is: 4.23.0
[2026-04-18 12:54:17.896] [184240] [HailoRT] [info] [control.cpp:113] [control__parse_identify_results] firmware_version is: 4.23.0
[2026-04-18 12:55:16.781] [184261] [HailoRT] [info] [vdevice_native_stream.cpp:331] [read_impl] Failed read from stream HAILO_STREAM_ABORT(63) (device: 0001:01:00.0)
[2026-04-18 12:55:16.781] [184259] [HailoRT] [info] [vdevice_native_stream.cpp:331] [read_impl] Failed read from stream HAILO_STREAM_ABORT(63) (device: 0001:01:00.0)
[2026-04-18 12:55:16.781] [184260] [HailoRT] [info] [vdevice_native_stream.cpp:331] [read_impl] Failed read from stream HAILO_STREAM_ABORT(63) (device: 0001:01:00.0)
[2026-04-18 12:55:16.781] [184263] [HailoRT] [info] [vdevice_native_stream.cpp:142] [write_impl] Failed write to stream yolov11n/input_layer1 (device: 0001:01:00.0) with status=HAILO_STREAM_ABORT(63)
[2026-04-18 12:55:16.781] [184262] [HailoRT] [info] [vdevice_native_stream.cpp:331] [read_impl] Failed read from stream HAILO_STREAM_ABORT(63) (device: 0001:01:00.0)
[2026-04-18 12:55:16.781] [184258] [HailoRT] [info] [vdevice_native_stream.cpp:331] [read_impl] Failed read from stream HAILO_STREAM_ABORT(63) (device: 0001:01:00.0)
[2026-04-18 12:55:16.781] [184257] [HailoRT] [info] [vdevice_native_stream.cpp:331] [read_impl] Failed read from stream HAILO_STREAM_ABORT(63) (device: 0001:01:00.0)
[2026-04-18 12:55:16.790] [184248] [HailoRT] [info] [core_op.cpp:186] [deactivate] Deactivating took 0.00713 ms
[2026-04-18 12:55:16.790] [184248] [HailoRT] [info] [core_op.cpp:186] [deactivate] Deactivating took 0.024593 ms
[2026-04-18 12:55:16.841] [184248] [HailoRT] [info] [vdevice.cpp:535] [create] Creating vdevice with params: device_count: 1, scheduling_algorithm: NONE, multi_process_service: false
[2026-04-18 12:55:16.841] [184248] [HailoRT] [info] [device.cpp:51] [Device] OS Version: Linux 6.12.75+rpt-rpi-2712 #1 SMP PREEMPT Debian 1:6.12.75-1+rpt1 (2026-03-11) aarch64
[2026-04-18 12:55:16.841] [184248] [HailoRT] [info] [control.cpp:113] [control__parse_identify_results] firmware_version is: 4.23.0
[2026-04-18 12:55:16.841] [184248] [HailoRT] [info] [vdevice.cpp:682] [create] VDevice Infos: 0001:01:00.0
[2026-04-18 12:55:16.850] [184248] [HailoRT] [warning] [buffer_requirements.cpp:131] [get_buffer_requirements_multiple_transfers] Desc page size value (1024) is not optimal for performance.
[2026-04-18 12:55:16.874] [184248] [HailoRT] [info] [internal_buffer_manager.cpp:77] [print_execution_results] Planned internal buffer memory: CMA=0 CMA-Desc=1507328 Pinned=65948672. memory to edge layer usage factor is 1
[2026-04-18 12:55:16.874] [184248] [HailoRT] [info] [internal_buffer_manager.cpp:86] [print_execution_results] Default Internal buffer planner executed successfully
[2026-04-18 12:55:16.990] [184248] [HailoRT] [info] [device_internal.cpp:57] [configure] Configuring HEF took 147.98357 milliseconds
[2026-04-18 12:55:16.990] [184248] [HailoRT] [info] [vdevice.cpp:780] [configure] Configuring HEF on VDevice took 148.340327 milliseconds
[2026-04-18 12:55:16.990] [184248] [HailoRT] [info] [control.cpp:113] [control__parse_identify_results] firmware_version is: 4.23.0
[2026-04-18 12:55:16.990] [184248] [HailoRT] [info] [control.cpp:113] [control__parse_identify_results] firmware_version is: 4.23.0
[2026-04-18 12:55:17.027] [184248] [HailoRT] [info] [core_op.cpp:156] [activate] Activating yolov11n took 36.143385 milliseconds. Note that the function is asynchronous and thus the network is not fully activated yet.
[2026-04-18 12:55:17.027] [184248] [HailoRT] [info] [core_op.cpp:156] [activate] Activating yolov11n took 36.185033 milliseconds. Note that the function is asynchronous and thus the network is not fully activated yet.
[2026-04-18 12:55:17.040] [184248] [HailoRT] [info] [control.cpp:113] [control__parse_identify_results] firmware_version is: 4.23.0
[2026-04-18 12:55:17.040] [184248] [HailoRT] [info] [control.cpp:113] [control__parse_identify_results] firmware_version is: 4.23.0
[2026-04-18 12:55:17.040] [184248] [HailoRT] [info] [edge_elements.cpp:52] [create] Created (HwWriteEl8yolov11n/input_layer1 | hw_frame_size: 1228800)
[2026-04-18 12:55:17.040] [184248] [HailoRT] [info] [queue_elements.cpp:284] [create] Created (PushQEl8yolov11n/input_layer1 | timeout: 10s)
[2026-04-18 12:55:17.040] [184248] [HailoRT] [info] [filter_elements.cpp:101] [create] Created (PreInferEl8yolov11n/input_layer1 | Reorder - src_order: NHWC, src_shape: (640, 640, 3), dst_order: NHCW, dst_shape: (640, 640, 3))
[2026-04-18 12:55:17.040] [184248] [HailoRT] [info] [vstream.cpp:754] [InputVStreamImpl] Creating yolov11n/input_layer1...
[2026-04-18 12:55:17.040] [184248] [HailoRT] [info] [vstream_builder.cpp:102] [create_inputs] Input pipeline 'yolov11n/input_layer1': (PreInferEl8yolov11n/input_layer1 | Reorder - src_order: NHWC, src_shape: (640, 640, 3), dst_order: NHCW, dst_shape: (640, 640, 3)) >> (PushQEl8yolov11n/input_layer1 | timeout: 10s) >> (HwWriteEl8yolov11n/input_layer1 | hw_frame_size: 1228800) >> HW
[2026-04-18 12:55:17.040] [184248] [HailoRT] [info] [multi_io_elements.cpp:135] [create] Created (NmsPPMuxEl0YOLOV8-Post-Process | Op YOLOV8, Name: YOLOV8-Post-Process, Score threshold: 0.200, IoU threshold: 0.70, Classes: 80, Max bboxes per class: 100, Image height: 640, Image width: 640)
[2026-04-18 12:55:17.040] [184248] [HailoRT] [info] [edge_elements.cpp:287] [create] Created (HwReadEl3yolov11n/conv51_143 | hw_frame_size: 409600)
[2026-04-18 12:55:17.041] [184248] [HailoRT] [info] [queue_elements.cpp:657] [create] Created (PullQEl_nms3yolov11n/conv51_143 | timeout: 10s)
[2026-04-18 12:55:17.041] [184248] [HailoRT] [info] [edge_elements.cpp:287] [create] Created (HwReadEl12yolov11n/conv54_143 | hw_frame_size: 512000)
[2026-04-18 12:55:17.041] [184248] [HailoRT] [info] [queue_elements.cpp:657] [create] Created (PullQEl_nms12yolov11n/conv54_143 | timeout: 10s)
[2026-04-18 12:55:17.041] [184248] [HailoRT] [info] [edge_elements.cpp:287] [create] Created (HwReadEl15yolov11n/conv62_143 | hw_frame_size: 102400)
[2026-04-18 12:55:17.041] [184248] [HailoRT] [info] [queue_elements.cpp:657] [create] Created (PullQEl_nms15yolov11n/conv62_143 | timeout: 10s)
[2026-04-18 12:55:17.041] [184248] [HailoRT] [info] [edge_elements.cpp:287] [create] Created (HwReadEl13yolov11n/conv65_143 | hw_frame_size: 128000)
[2026-04-18 12:55:17.041] [184248] [HailoRT] [info] [queue_elements.cpp:657] [create] Created (PullQEl_nms13yolov11n/conv65_143 | timeout: 10s)
[2026-04-18 12:55:17.041] [184248] [HailoRT] [info] [edge_elements.cpp:287] [create] Created (HwReadEl1yolov11n/conv77_143 | hw_frame_size: 30720)
[2026-04-18 12:55:17.041] [184248] [HailoRT] [info] [queue_elements.cpp:657] [create] Created (PullQEl_nms1yolov11n/conv77_143 | timeout: 10s)
[2026-04-18 12:55:17.041] [184248] [HailoRT] [info] [edge_elements.cpp:287] [create] Created (HwReadEl0yolov11n/conv80_143 | hw_frame_size: 38400)
[2026-04-18 12:55:17.041] [184248] [HailoRT] [info] [queue_elements.cpp:657] [create] Created (PullQEl_nms0yolov11n/conv80_143 | timeout: 10s)
[2026-04-18 12:55:17.041] [184248] [HailoRT] [info] [queue_elements.cpp:800] [create] Created (UserBufQEl_post_infer0yolov11n/yolov8_nms_postprocess | timeout: 10s)
[2026-04-18 12:55:17.041] [184248] [HailoRT] [info] [vstream.cpp:1114] [OutputVStreamImpl] Creating yolov11n/yolov8_nms_postprocess...
[2026-04-18 12:55:17.041] [184248] [HailoRT] [info] [vstream_builder.cpp:622] [create_output_post_process_nms] Output pipeline 'yolov11n/yolov8_nms_postprocess': HW >> (HwReadEl3yolov11n/conv51_143 | hw_frame_size: 409600) >> (PullQEl_nms3yolov11n/conv51_143) >> (HwReadEl12yolov11n/conv54_143 | hw_frame_size: 512000) >> (PullQEl_nms12yolov11n/conv54_143) >> (HwReadEl15yolov11n/conv62_143 | hw_frame_size: 102400) >> (PullQEl_nms15yolov11n/conv62_143) >> (HwReadEl13yolov11n/conv65_143 | hw_frame_size: 128000) >> (PullQEl_nms13yolov11n/conv65_143) >> (HwReadEl1yolov11n/conv77_143 | hw_frame_size: 30720) >> (PullQEl_nms1yolov11n/conv77_143) >> (HwReadEl0yolov11n/conv80_143 | hw_frame_size: 38400) >> (PullQEl_nms0yolov11n/conv80_143) >> (NmsPPMuxEl0YOLOV8-Post-Process | Op YOLOV8, Name: YOLOV8-Post-Process, Score threshold: 0.200, IoU threshold: 0.70, Classes: 80, Max bboxes per class: 100, Image height: 640, Image width: 640) >> (UserBufQEl_post_infer0yolov11n/yolov8_nms_postprocess | timeout: 10s)
[2026-04-18 12:56:17.042] [184741] [HailoRT] [info] [vdevice_native_stream.cpp:331] [read_impl] Failed read from stream HAILO_STREAM_ABORT(63) (device: 0001:01:00.0)
[2026-04-18 12:56:17.042] [184745] [HailoRT] [info] [vdevice_native_stream.cpp:331] [read_impl] Failed read from stream HAILO_STREAM_ABORT(63) (device: 0001:01:00.0)
[2026-04-18 12:56:17.042] [184745] [HailoRT] [info] [edge_elements.cpp:396] [run_pull] Reading from stream was aborted!
[2026-04-18 12:56:17.042] [184741] [HailoRT] [info] [edge_elements.cpp:396] [run_pull] Reading from stream was aborted!
[2026-04-18 12:56:17.042] [184745] [HailoRT] [info] [queue_elements.cpp:738] [run_in_thread] run_pull of queue element PullQEl_nms0yolov11n/conv80_143 was aborted!
[2026-04-18 12:56:17.042] [184741] [HailoRT] [info] [queue_elements.cpp:738] [run_in_thread] run_pull of queue element PullQEl_nms12yolov11n/conv54_143 was aborted!
[2026-04-18 12:56:17.042] [184744] [HailoRT] [info] [vdevice_native_stream.cpp:331] [read_impl] Failed read from stream HAILO_STREAM_ABORT(63) (device: 0001:01:00.0)
[2026-04-18 12:56:17.042] [184740] [HailoRT] [info] [vdevice_native_stream.cpp:331] [read_impl] Failed read from stream HAILO_STREAM_ABORT(63) (device: 0001:01:00.0)
[2026-04-18 12:56:17.042] [184744] [HailoRT] [info] [edge_elements.cpp:396] [run_pull] Reading from stream was aborted!
[2026-04-18 12:56:17.042] [184740] [HailoRT] [info] [edge_elements.cpp:396] [run_pull] Reading from stream was aborted!
[2026-04-18 12:56:17.042] [184744] [HailoRT] [info] [queue_elements.cpp:738] [run_in_thread] run_pull of queue element PullQEl_nms1yolov11n/conv77_143 was aborted!
[2026-04-18 12:56:17.042] [184740] [HailoRT] [info] [queue_elements.cpp:738] [run_in_thread] run_pull of queue element PullQEl_nms3yolov11n/conv51_143 was aborted!
[2026-04-18 12:56:17.042] [184742] [HailoRT] [info] [vdevice_native_stream.cpp:331] [read_impl] Failed read from stream HAILO_STREAM_ABORT(63) (device: 0001:01:00.0)
[2026-04-18 12:56:17.042] [184742] [HailoRT] [info] [edge_elements.cpp:396] [run_pull] Reading from stream was aborted!
[2026-04-18 12:56:17.042] [184742] [HailoRT] [info] [queue_elements.cpp:738] [run_in_thread] run_pull of queue element PullQEl_nms15yolov11n/conv62_143 was aborted!
[2026-04-18 12:56:17.042] [184749] [HailoRT] [info] [queue_elements.cpp:706] [run_pull] Shutdown event was signaled in dequeue of queue element PullQEl_nms3yolov11n/conv51_143!
[2026-04-18 12:56:17.042] [184749] [HailoRT] [info] [vstream.cpp:1138] [read] Receiving to VStream was shutdown!
[2026-04-18 12:56:17.042] [184739] [HailoRT] [info] [vdevice_native_stream.cpp:142] [write_impl] Failed write to stream yolov11n/input_layer1 (device: 0001:01:00.0) with status=HAILO_STREAM_ABORT(63)
[2026-04-18 12:56:17.043] [184739] [HailoRT] [info] [edge_elements.cpp:87] [run_push] Failed to send on input stream InputStream(index=8, name=yolov11n/input_layer1) because stream was aborted
[2026-04-18 12:56:17.043] [184739] [HailoRT] [info] [queue_elements.cpp:401] [run_in_thread] run_push of PushQEl8yolov11n/input_layer1 was aborted!
[2026-04-18 12:56:17.043] [184743] [HailoRT] [info] [vdevice_native_stream.cpp:331] [read_impl] Failed read from stream HAILO_STREAM_ABORT(63) (device: 0001:01:00.0)
[2026-04-18 12:56:17.043] [184743] [HailoRT] [info] [edge_elements.cpp:396] [run_pull] Reading from stream was aborted!
[2026-04-18 12:56:17.043] [184750] [HailoRT] [info] [vstream.cpp:774] [write] Sending to VStream was shutdown!
[2026-04-18 12:56:17.043] [184750] [HailoRT] [info] [vstream.cpp:778] [write] Sending to VStream was aborted!
[2026-04-18 12:56:17.043] [184743] [HailoRT] [info] [queue_elements.cpp:738] [run_in_thread] run_pull of queue element PullQEl_nms13yolov11n/conv65_143 was aborted!
[2026-04-18 12:56:17.077] [184248] [HailoRT] [info] [queue_elements.cpp:360] [execute_deactivate] enqueue() in element PushQEl8yolov11n/input_layer1 was aborted, got status = HAILO_SHUTDOWN_EVENT_SIGNALED(57)
[2026-04-18 12:56:17.078] [184739] [HailoRT] [info] [queue_elements.cpp:68] [operator()] Thread in element PushQEl8yolov11n/input_layer1 is not running anymore, exiting..
[2026-04-18 12:56:17.078] [184248] [HailoRT] [info] [queue_elements.cpp:46] [~BaseQueueElement] Queue element PushQEl8yolov11n/input_layer1 has 1 frames in his Queue on destruction
[2026-04-18 12:56:17.078] [184746] [HailoRT] [info] [queue_elements.cpp:68] [operator()] Thread in element UserBufQEl_post_infer0yolov11n/yolov8_nms_postprocess is not running anymore, exiting..
[2026-04-18 12:56:17.078] [184248] [HailoRT] [info] [queue_elements.cpp:46] [~BaseQueueElement] Queue element UserBufQEl_post_infer0yolov11n/yolov8_nms_postprocess has 0 frames in his Queue on destruction
[2026-04-18 12:56:17.078] [184745] [HailoRT] [info] [queue_elements.cpp:68] [operator()] Thread in element PullQEl_nms0yolov11n/conv80_143 is not running anymore, exiting..
[2026-04-18 12:56:17.078] [184248] [HailoRT] [info] [queue_elements.cpp:46] [~BaseQueueElement] Queue element PullQEl_nms0yolov11n/conv80_143 has 0 frames in his Queue on destruction
[2026-04-18 12:56:17.078] [184744] [HailoRT] [info] [queue_elements.cpp:68] [operator()] Thread in element PullQEl_nms1yolov11n/conv77_143 is not running anymore, exiting..
[2026-04-18 12:56:17.078] [184248] [HailoRT] [info] [queue_elements.cpp:46] [~BaseQueueElement] Queue element PullQEl_nms1yolov11n/conv77_143 has 0 frames in his Queue on destruction
[2026-04-18 12:56:17.078] [184743] [HailoRT] [info] [queue_elements.cpp:68] [operator()] Thread in element PullQEl_nms13yolov11n/conv65_143 is not running anymore, exiting..
[2026-04-18 12:56:17.078] [184248] [HailoRT] [info] [queue_elements.cpp:46] [~BaseQueueElement] Queue element PullQEl_nms13yolov11n/conv65_143 has 0 frames in his Queue on destruction
[2026-04-18 12:56:17.078] [184742] [HailoRT] [info] [queue_elements.cpp:68] [operator()] Thread in element PullQEl_nms15yolov11n/conv62_143 is not running anymore, exiting..
[2026-04-18 12:56:17.078] [184248] [HailoRT] [info] [queue_elements.cpp:46] [~BaseQueueElement] Queue element PullQEl_nms15yolov11n/conv62_143 has 0 frames in his Queue on destruction
[2026-04-18 12:56:17.078] [184741] [HailoRT] [info] [queue_elements.cpp:68] [operator()] Thread in element PullQEl_nms12yolov11n/conv54_143 is not running anymore, exiting..
[2026-04-18 12:56:17.078] [184248] [HailoRT] [info] [queue_elements.cpp:46] [~BaseQueueElement] Queue element PullQEl_nms12yolov11n/conv54_143 has 0 frames in his Queue on destruction
[2026-04-18 12:56:17.078] [184740] [HailoRT] [info] [queue_elements.cpp:68] [operator()] Thread in element PullQEl_nms3yolov11n/conv51_143 is not running anymore, exiting..
[2026-04-18 12:56:17.078] [184248] [HailoRT] [info] [queue_elements.cpp:46] [~BaseQueueElement] Queue element PullQEl_nms3yolov11n/conv51_143 has 0 frames in his Queue on destruction
[2026-04-18 12:56:17.078] [184248] [HailoRT] [info] [core_op.cpp:186] [deactivate] Deactivating took 0.008296 ms
[2026-04-18 12:56:17.078] [184248] [HailoRT] [info] [core_op.cpp:186] [deactivate] Deactivating took 0.017555 ms
[2026-04-18 12:56:17.137] [184248] [HailoRT] [info] [vdevice.cpp:535] [create] Creating vdevice with params: device_count: 1, scheduling_algorithm: NONE, multi_process_service: false
[2026-04-18 12:56:17.137] [184248] [HailoRT] [info] [device.cpp:51] [Device] OS Version: Linux 6.12.75+rpt-rpi-2712 #1 SMP PREEMPT Debian 1:6.12.75-1+rpt1 (2026-03-11) aarch64
[2026-04-18 12:56:17.137] [184248] [HailoRT] [info] [control.cpp:113] [control__parse_identify_results] firmware_version is: 4.23.0
[2026-04-18 12:56:17.137] [184248] [HailoRT] [info] [vdevice.cpp:682] [create] VDevice Infos: 0001:01:00.0
[2026-04-18 12:56:17.143] [184248] [HailoRT] [warning] [buffer_requirements.cpp:131] [get_buffer_requirements_multiple_transfers] Desc page size value (1024) is not optimal for performance.
[2026-04-18 12:56:17.166] [184248] [HailoRT] [info] [internal_buffer_manager.cpp:77] [print_execution_results] Planned internal buffer memory: CMA=0 CMA-Desc=1507328 Pinned=65948672. memory to edge layer usage factor is 1
[2026-04-18 12:56:17.166] [184248] [HailoRT] [info] [internal_buffer_manager.cpp:86] [print_execution_results] Default Internal buffer planner executed successfully
[2026-04-18 12:56:17.283] [184248] [HailoRT] [info] [device_internal.cpp:57] [configure] Configuring HEF took 145.017019 milliseconds
[2026-04-18 12:56:17.283] [184248] [HailoRT] [info] [vdevice.cpp:780] [configure] Configuring HEF on VDevice took 145.385424 milliseconds
[2026-04-18 12:56:17.283] [184248] [HailoRT] [info] [control.cpp:113] [control__parse_identify_results] firmware_version is: 4.23.0
[2026-04-18 12:56:17.283] [184248] [HailoRT] [info] [control.cpp:113] [control__parse_identify_results] firmware_version is: 4.23.0
[2026-04-18 12:56:17.313] [184248] [HailoRT] [info] [core_op.cpp:156] [activate] Activating yolov11n took 29.26645 milliseconds. Note that the function is asynchronous and thus the network is not fully activated yet.
[2026-04-18 12:56:17.313] [184248] [HailoRT] [info] [core_op.cpp:156] [activate] Activating yolov11n took 29.290876 milliseconds. Note that the function is asynchronous and thus the network is not fully activated yet.
[2026-04-18 12:56:17.326] [184248] [HailoRT] [info] [control.cpp:113] [control__parse_identify_results] firmware_version is: 4.23.0
[2026-04-18 12:56:17.326] [184248] [HailoRT] [info] [control.cpp:113] [control__parse_identify_results] firmware_version is: 4.23.0
[2026-04-18 12:56:17.326] [184248] [HailoRT] [info] [edge_elements.cpp:52] [create] Created (HwWriteEl8yolov11n/input_layer1 | hw_frame_size: 1228800)
[2026-04-18 12:56:17.326] [184248] [HailoRT] [info] [queue_elements.cpp:284] [create] Created (PushQEl8yolov11n/input_layer1 | timeout: 10s)
[2026-04-18 12:56:17.326] [184248] [HailoRT] [info] [filter_elements.cpp:101] [create] Created (PreInferEl8yolov11n/input_layer1 | Reorder - src_order: NHWC, src_shape: (640, 640, 3), dst_order: NHCW, dst_shape: (640, 640, 3))
[2026-04-18 12:56:17.326] [184248] [HailoRT] [info] [vstream.cpp:754] [InputVStreamImpl] Creating yolov11n/input_layer1...
[2026-04-18 12:56:17.326] [184248] [HailoRT] [info] [vstream_builder.cpp:102] [create_inputs] Input pipeline 'yolov11n/input_layer1': (PreInferEl8yolov11n/input_layer1 | Reorder - src_order: NHWC, src_shape: (640, 640, 3), dst_order: NHCW, dst_shape: (640, 640, 3)) >> (PushQEl8yolov11n/input_layer1 | timeout: 10s) >> (HwWriteEl8yolov11n/input_layer1 | hw_frame_size: 1228800) >> HW
[2026-04-18 12:56:17.326] [184248] [HailoRT] [info] [multi_io_elements.cpp:135] [create] Created (NmsPPMuxEl0YOLOV8-Post-Process | Op YOLOV8, Name: YOLOV8-Post-Process, Score threshold: 0.200, IoU threshold: 0.70, Classes: 80, Max bboxes per class: 100, Image height: 640, Image width: 640)
[2026-04-18 12:56:17.326] [184248] [HailoRT] [info] [edge_elements.cpp:287] [create] Created (HwReadEl3yolov11n/conv51_143 | hw_frame_size: 409600)
[2026-04-18 12:56:17.327] [184248] [HailoRT] [info] [queue_elements.cpp:657] [create] Created (PullQEl_nms3yolov11n/conv51_143 | timeout: 10s)
[2026-04-18 12:56:17.327] [184248] [HailoRT] [info] [edge_elements.cpp:287] [create] Created (HwReadEl12yolov11n/conv54_143 | hw_frame_size: 512000)
[2026-04-18 12:56:17.327] [184248] [HailoRT] [info] [queue_elements.cpp:657] [create] Created (PullQEl_nms12yolov11n/conv54_143 | timeout: 10s)
[2026-04-18 12:56:17.327] [184248] [HailoRT] [info] [edge_elements.cpp:287] [create] Created (HwReadEl15yolov11n/conv62_143 | hw_frame_size: 102400)
[2026-04-18 12:56:17.327] [184248] [HailoRT] [info] [queue_elements.cpp:657] [create] Created (PullQEl_nms15yolov11n/conv62_143 | timeout: 10s)
[2026-04-18 12:56:17.327] [184248] [HailoRT] [info] [edge_elements.cpp:287] [create] Created (HwReadEl13yolov11n/conv65_143 | hw_frame_size: 128000)
[2026-04-18 12:56:17.327] [184248] [HailoRT] [info] [queue_elements.cpp:657] [create] Created (PullQEl_nms13yolov11n/conv65_143 | timeout: 10s)
[2026-04-18 12:56:17.327] [184248] [HailoRT] [info] [edge_elements.cpp:287] [create] Created (HwReadEl1yolov11n/conv77_143 | hw_frame_size: 30720)
[2026-04-18 12:56:17.327] [184248] [HailoRT] [info] [queue_elements.cpp:657] [create] Created (PullQEl_nms1yolov11n/conv77_143 | timeout: 10s)
[2026-04-18 12:56:17.327] [184248] [HailoRT] [info] [edge_elements.cpp:287] [create] Created (HwReadEl0yolov11n/conv80_143 | hw_frame_size: 38400)
[2026-04-18 12:56:17.327] [184248] [HailoRT] [info] [queue_elements.cpp:657] [create] Created (PullQEl_nms0yolov11n/conv80_143 | timeout: 10s)
[2026-04-18 12:56:17.327] [184248] [HailoRT] [info] [queue_elements.cpp:800] [create] Created (UserBufQEl_post_infer0yolov11n/yolov8_nms_postprocess | timeout: 10s)
[2026-04-18 12:56:17.327] [184248] [HailoRT] [info] [vstream.cpp:1114] [OutputVStreamImpl] Creating yolov11n/yolov8_nms_postprocess...
[2026-04-18 12:56:17.327] [184248] [HailoRT] [info] [vstream_builder.cpp:622] [create_output_post_process_nms] Output pipeline 'yolov11n/yolov8_nms_postprocess': HW >> (HwReadEl3yolov11n/conv51_143 | hw_frame_size: 409600) >> (PullQEl_nms3yolov11n/conv51_143) >> (HwReadEl12yolov11n/conv54_143 | hw_frame_size: 512000) >> (PullQEl_nms12yolov11n/conv54_143) >> (HwReadEl15yolov11n/conv62_143 | hw_frame_size: 102400) >> (PullQEl_nms15yolov11n/conv62_143) >> (HwReadEl13yolov11n/conv65_143 | hw_frame_size: 128000) >> (PullQEl_nms13yolov11n/conv65_143) >> (HwReadEl1yolov11n/conv77_143 | hw_frame_size: 30720) >> (PullQEl_nms1yolov11n/conv77_143) >> (HwReadEl0yolov11n/conv80_143 | hw_frame_size: 38400) >> (PullQEl_nms0yolov11n/conv80_143) >> (NmsPPMuxEl0YOLOV8-Post-Process | Op YOLOV8, Name: YOLOV8-Post-Process, Score threshold: 0.200, IoU threshold: 0.70, Classes: 80, Max bboxes per class: 100, Image height: 640, Image width: 640) >> (UserBufQEl_post_infer0yolov11n/yolov8_nms_postprocess | timeout: 10s)
[2026-04-18 12:57:17.327] [185218] [HailoRT] [info] [vdevice_native_stream.cpp:331] [read_impl] Failed read from stream HAILO_STREAM_ABORT(63) (device: 0001:01:00.0)
[2026-04-18 12:57:17.328] [185220] [HailoRT] [info] [vdevice_native_stream.cpp:331] [read_impl] Failed read from stream HAILO_STREAM_ABORT(63) (device: 0001:01:00.0)
[2026-04-18 12:57:17.328] [185220] [HailoRT] [info] [edge_elements.cpp:396] [run_pull] Reading from stream was aborted!
[2026-04-18 12:57:17.328] [185220] [HailoRT] [info] [queue_elements.cpp:738] [run_in_thread] run_pull of queue element PullQEl_nms1yolov11n/conv77_143 was aborted!
[2026-04-18 12:57:17.328] [185219] [HailoRT] [info] [vdevice_native_stream.cpp:331] [read_impl] Failed read from stream HAILO_STREAM_ABORT(63) (device: 0001:01:00.0)
[2026-04-18 12:57:17.328] [185219] [HailoRT] [info] [edge_elements.cpp:396] [run_pull] Reading from stream was aborted!
[2026-04-18 12:57:17.328] [185219] [HailoRT] [info] [queue_elements.cpp:738] [run_in_thread] run_pull of queue element PullQEl_nms13yolov11n/conv65_143 was aborted!
[2026-04-18 12:57:17.328] [185221] [HailoRT] [info] [vdevice_native_stream.cpp:331] [read_impl] Failed read from stream HAILO_STREAM_ABORT(63) (device: 0001:01:00.0)
[2026-04-18 12:57:17.328] [185221] [HailoRT] [info] [edge_elements.cpp:396] [run_pull] Reading from stream was aborted!
[2026-04-18 12:57:17.328] [185221] [HailoRT] [info] [queue_elements.cpp:738] [run_in_thread] run_pull of queue element PullQEl_nms0yolov11n/conv80_143 was aborted!
[2026-04-18 12:57:17.328] [185216] [HailoRT] [info] [vdevice_native_stream.cpp:331] [read_impl] Failed read from stream HAILO_STREAM_ABORT(63) (device: 0001:01:00.0)
[2026-04-18 12:57:17.329] [185216] [HailoRT] [info] [edge_elements.cpp:396] [run_pull] Reading from stream was aborted!
[2026-04-18 12:57:17.329] [185216] [HailoRT] [info] [queue_elements.cpp:738] [run_in_thread] run_pull of queue element PullQEl_nms3yolov11n/conv51_143 was aborted!
[2026-04-18 12:57:17.328] [185217] [HailoRT] [info] [vdevice_native_stream.cpp:331] [read_impl] Failed read from stream HAILO_STREAM_ABORT(63) (device: 0001:01:00.0)
[2026-04-18 12:57:17.329] [185217] [HailoRT] [info] [edge_elements.cpp:396] [run_pull] Reading from stream was aborted!
[2026-04-18 12:57:17.328] [185218] [HailoRT] [info] [edge_elements.cpp:396] [run_pull] Reading from stream was aborted!
[2026-04-18 12:57:17.329] [185217] [HailoRT] [info] [queue_elements.cpp:738] [run_in_thread] run_pull of queue element PullQEl_nms12yolov11n/conv54_143 was aborted!
[2026-04-18 12:57:17.329] [185218] [HailoRT] [info] [queue_elements.cpp:738] [run_in_thread] run_pull of queue element PullQEl_nms15yolov11n/conv62_143 was aborted!
[2026-04-18 12:57:17.329] [185225] [HailoRT] [info] [queue_elements.cpp:706] [run_pull] Shutdown event was signaled in dequeue of queue element PullQEl_nms3yolov11n/conv51_143!
[2026-04-18 12:57:17.329] [185225] [HailoRT] [info] [vstream.cpp:1138] [read] Receiving to VStream was shutdown!
[2026-04-18 12:57:17.330] [185215] [HailoRT] [info] [vdevice_native_stream.cpp:142] [write_impl] Failed write to stream yolov11n/input_layer1 (device: 0001:01:00.0) with status=HAILO_STREAM_ABORT(63)
[2026-04-18 12:57:17.330] [185215] [HailoRT] [info] [edge_elements.cpp:87] [run_push] Failed to send on input stream InputStream(index=8, name=yolov11n/input_layer1) because stream was aborted
[2026-04-18 12:57:17.330] [185215] [HailoRT] [info] [queue_elements.cpp:401] [run_in_thread] run_push of PushQEl8yolov11n/input_layer1 was aborted!
[2026-04-18 12:57:17.331] [185226] [HailoRT] [info] [queue_elements.cpp:319] [run_push] run_push of PushQEl8yolov11n/input_layer1 was aborted!
[2026-04-18 12:57:17.331] [185226] [HailoRT] [info] [filter_elements.cpp:35] [run_push] run_push of PreInferEl8yolov11n/input_layer1 was aborted!
[2026-04-18 12:57:17.331] [185226] [HailoRT] [info] [vstream.cpp:778] [write] Sending to VStream was aborted!
[2026-04-18 12:57:17.337] [184248] [HailoRT] [info] [queue_elements.cpp:360] [execute_deactivate] enqueue() in element PushQEl8yolov11n/input_layer1 was aborted, got status = HAILO_SHUTDOWN_EVENT_SIGNALED(57)
[2026-04-18 12:57:17.337] [185215] [HailoRT] [info] [queue_elements.cpp:68] [operator()] Thread in element PushQEl8yolov11n/input_layer1 is not running anymore, exiting..
[2026-04-18 12:57:17.337] [184248] [HailoRT] [info] [queue_elements.cpp:46] [~BaseQueueElement] Queue element PushQEl8yolov11n/input_layer1 has 0 frames in his Queue on destruction
[2026-04-18 12:57:17.338] [185222] [HailoRT] [info] [queue_elements.cpp:68] [operator()] Thread in element UserBufQEl_post_infer0yolov11n/yolov8_nms_postprocess is not running anymore, exiting..
[2026-04-18 12:57:17.338] [184248] [HailoRT] [info] [queue_elements.cpp:46] [~BaseQueueElement] Queue element UserBufQEl_post_infer0yolov11n/yolov8_nms_postprocess has 0 frames in his Queue on destruction
[2026-04-18 12:57:17.338] [185221] [HailoRT] [info] [queue_elements.cpp:68] [operator()] Thread in element PullQEl_nms0yolov11n/conv80_143 is not running anymore, exiting..
[2026-04-18 12:57:17.338] [184248] [HailoRT] [info] [queue_elements.cpp:46] [~BaseQueueElement] Queue element PullQEl_nms0yolov11n/conv80_143 has 0 frames in his Queue on destruction
[2026-04-18 12:57:17.338] [185220] [HailoRT] [info] [queue_elements.cpp:68] [operator()] Thread in element PullQEl_nms1yolov11n/conv77_143 is not running anymore, exiting..
[2026-04-18 12:57:17.338] [184248] [HailoRT] [info] [queue_elements.cpp:46] [~BaseQueueElement] Queue element PullQEl_nms1yolov11n/conv77_143 has 0 frames in his Queue on destruction
[2026-04-18 12:57:17.338] [185219] [HailoRT] [info] [queue_elements.cpp:68] [operator()] Thread in element PullQEl_nms13yolov11n/conv65_143 is not running anymore, exiting..
[2026-04-18 12:57:17.338] [184248] [HailoRT] [info] [queue_elements.cpp:46] [~BaseQueueElement] Queue element PullQEl_nms13yolov11n/conv65_143 has 0 frames in his Queue on destruction
[2026-04-18 12:57:17.338] [185218] [HailoRT] [info] [queue_elements.cpp:68] [operator()] Thread in element PullQEl_nms15yolov11n/conv62_143 is not running anymore, exiting..
[2026-04-18 12:57:17.338] [184248] [HailoRT] [info] [queue_elements.cpp:46] [~BaseQueueElement] Queue element PullQEl_nms15yolov11n/conv62_143 has 0 frames in his Queue on destruction
[2026-04-18 12:57:17.338] [185217] [HailoRT] [info] [queue_elements.cpp:68] [operator()] Thread in element PullQEl_nms12yolov11n/conv54_143 is not running anymore, exiting..
[2026-04-18 12:57:17.338] [184248] [HailoRT] [info] [queue_elements.cpp:46] [~BaseQueueElement] Queue element PullQEl_nms12yolov11n/conv54_143 has 0 frames in his Queue on destruction
[2026-04-18 12:57:17.338] [185216] [HailoRT] [info] [queue_elements.cpp:68] [operator()] Thread in element PullQEl_nms3yolov11n/conv51_143 is not running anymore, exiting..
[2026-04-18 12:57:17.338] [184248] [HailoRT] [info] [queue_elements.cpp:46] [~BaseQueueElement] Queue element PullQEl_nms3yolov11n/conv51_143 has 0 frames in his Queue on destruction
[2026-04-18 12:57:17.338] [184248] [HailoRT] [info] [core_op.cpp:186] [deactivate] Deactivating took 0.007759 ms
[2026-04-18 12:57:17.338] [184248] [HailoRT] [info] [core_op.cpp:186] [deactivate] Deactivating took 0.016055 ms
[2026-04-18 12:57:27.671] [185768] [HailoRT] [info] [vdevice.cpp:535] [create] Creating vdevice with params: device_count: 1, scheduling_algorithm: NONE, multi_process_service: false
[2026-04-18 12:57:27.684] [185768] [HailoRT] [info] [device.cpp:51] [Device] OS Version: Linux 6.12.75+rpt-rpi-2712 #1 SMP PREEMPT Debian 1:6.12.75-1+rpt1 (2026-03-11) aarch64
[2026-04-18 12:57:27.684] [185768] [HailoRT] [info] [control.cpp:113] [control__parse_identify_results] firmware_version is: 4.23.0
[2026-04-18 12:57:27.684] [185768] [HailoRT] [info] [vdevice.cpp:682] [create] VDevice Infos: 0001:01:00.0
[2026-04-18 12:57:27.691] [185768] [HailoRT] [warning] [buffer_requirements.cpp:131] [get_buffer_requirements_multiple_transfers] Desc page size value (1024) is not optimal for performance.
[2026-04-18 12:57:27.715] [185768] [HailoRT] [info] [internal_buffer_manager.cpp:77] [print_execution_results] Planned internal buffer memory: CMA=0 CMA-Desc=1572864 Pinned=67126272. memory to edge layer usage factor is 1
[2026-04-18 12:57:27.715] [185768] [HailoRT] [info] [internal_buffer_manager.cpp:86] [print_execution_results] Default Internal buffer planner executed successfully
[2026-04-18 12:57:27.834] [185768] [HailoRT] [info] [device_internal.cpp:57] [configure] Configuring HEF took 149.957061 milliseconds
[2026-04-18 12:57:27.835] [185768] [HailoRT] [info] [vdevice.cpp:780] [configure] Configuring HEF on VDevice took 150.378928 milliseconds
[2026-04-18 12:57:27.835] [185768] [HailoRT] [info] [control.cpp:113] [control__parse_identify_results] firmware_version is: 4.23.0
[2026-04-18 12:57:27.835] [185768] [HailoRT] [info] [control.cpp:113] [control__parse_identify_results] firmware_version is: 4.23.0
[2026-04-18 12:57:27.872] [185768] [HailoRT] [info] [core_op.cpp:156] [activate] Activating yolov11n took 36.372671 milliseconds. Note that the function is asynchronous and thus the network is not fully activated yet.
[2026-04-18 12:57:27.872] [185768] [HailoRT] [info] [core_op.cpp:156] [activate] Activating yolov11n took 36.400875 milliseconds. Note that the function is asynchronous and thus the network is not fully activated yet.
[2026-04-18 12:57:27.885] [185768] [HailoRT] [info] [control.cpp:113] [control__parse_identify_results] firmware_version is: 4.23.0
[2026-04-18 12:57:27.885] [185768] [HailoRT] [info] [control.cpp:113] [control__parse_identify_results] firmware_version is: 4.23.0
[2026-04-18 12:57:28.972] [185760] [HailoRT] [info] [device.cpp:51] [Device] OS Version: Linux 6.12.75+rpt-rpi-2712 #1 SMP PREEMPT Debian 1:6.12.75-1+rpt1 (2026-03-11) aarch64
[2026-04-18 12:57:28.972] [185760] [HailoRT] [info] [control.cpp:113] [control__parse_identify_results] firmware_version is: 4.23.0
[2026-04-18 12:57:28.973] [185760] [HailoRT] [info] [control.cpp:113] [control__parse_identify_results] firmware_version is: 4.23.0
[2026-04-18 12:58:27.886] [185784] [HailoRT] [info] [vdevice_native_stream.cpp:142] [write_impl] Failed write to stream yolov11n/input_layer1 (device: 0001:01:00.0) with status=HAILO_STREAM_ABORT(63)
[2026-04-18 12:58:27.886] [185779] [HailoRT] [info] [vdevice_native_stream.cpp:331] [read_impl] Failed read from stream HAILO_STREAM_ABORT(63) (device: 0001:01:00.0)
[2026-04-18 12:58:27.886] [185780] [HailoRT] [info] [vdevice_native_stream.cpp:331] [read_impl] Failed read from stream HAILO_STREAM_ABORT(63) (device: 0001:01:00.0)
[2026-04-18 12:58:27.886] [185781] [HailoRT] [info] [vdevice_native_stream.cpp:331] [read_impl] Failed read from stream HAILO_STREAM_ABORT(63) (device: 0001:01:00.0)
[2026-04-18 12:58:27.886] [185778] [HailoRT] [info] [vdevice_native_stream.cpp:331] [read_impl] Failed read from stream HAILO_STREAM_ABORT(63) (device: 0001:01:00.0)
[2026-04-18 12:58:27.886] [185783] [HailoRT] [info] [vdevice_native_stream.cpp:331] [read_impl] Failed read from stream HAILO_STREAM_ABORT(63) (device: 0001:01:00.0)
[2026-04-18 12:58:27.886] [185782] [HailoRT] [info] [vdevice_native_stream.cpp:331] [read_impl] Failed read from stream HAILO_STREAM_ABORT(63) (device: 0001:01:00.0)
[2026-04-18 12:58:27.895] [185768] [HailoRT] [info] [core_op.cpp:186] [deactivate] Deactivating took 0.007649 ms
[2026-04-18 12:58:27.895] [185768] [HailoRT] [info] [core_op.cpp:186] [deactivate] Deactivating took 0.024315 ms
[2026-04-18 12:58:27.949] [185768] [HailoRT] [info] [vdevice.cpp:535] [create] Creating vdevice with params: device_count: 1, scheduling_algorithm: NONE, multi_process_service: false
[2026-04-18 12:58:27.949] [185768] [HailoRT] [info] [device.cpp:51] [Device] OS Version: Linux 6.12.75+rpt-rpi-2712 #1 SMP PREEMPT Debian 1:6.12.75-1+rpt1 (2026-03-11) aarch64
[2026-04-18 12:58:27.949] [185768] [HailoRT] [info] [control.cpp:113] [control__parse_identify_results] firmware_version is: 4.23.0
[2026-04-18 12:58:27.949] [185768] [HailoRT] [info] [vdevice.cpp:682] [create] VDevice Infos: 0001:01:00.0
[2026-04-18 12:58:27.955] [185768] [HailoRT] [warning] [buffer_requirements.cpp:131] [get_buffer_requirements_multiple_transfers] Desc page size value (1024) is not optimal for performance.
[2026-04-18 12:58:27.977] [185768] [HailoRT] [info] [internal_buffer_manager.cpp:77] [print_execution_results] Planned internal buffer memory: CMA=0 CMA-Desc=1572864 Pinned=67126272. memory to edge layer usage factor is 1
[2026-04-18 12:58:27.977] [185768] [HailoRT] [info] [internal_buffer_manager.cpp:86] [print_execution_results] Default Internal buffer planner executed successfully
[2026-04-18 12:58:28.097] [185768] [HailoRT] [info] [device_internal.cpp:57] [configure] Configuring HEF took 147.399196 milliseconds
[2026-04-18 12:58:28.097] [185768] [HailoRT] [info] [vdevice.cpp:780] [configure] Configuring HEF on VDevice took 147.782397 milliseconds
[2026-04-18 12:58:28.097] [185768] [HailoRT] [info] [control.cpp:113] [control__parse_identify_results] firmware_version is: 4.23.0
[2026-04-18 12:58:28.098] [185768] [HailoRT] [info] [control.cpp:113] [control__parse_identify_results] firmware_version is: 4.23.0
[2026-04-18 12:58:28.134] [185768] [HailoRT] [info] [core_op.cpp:156] [activate] Activating yolov11n took 35.992592 milliseconds. Note that the function is asynchronous and thus the network is not fully activated yet.
[2026-04-18 12:58:28.134] [185768] [HailoRT] [info] [core_op.cpp:156] [activate] Activating yolov11n took 36.018351 milliseconds. Note that the function is asynchronous and thus the network is not fully activated yet.
[2026-04-18 12:58:28.147] [185768] [HailoRT] [info] [control.cpp:113] [control__parse_identify_results] firmware_version is: 4.23.0
[2026-04-18 12:58:28.147] [185768] [HailoRT] [info] [control.cpp:113] [control__parse_identify_results] firmware_version is: 4.23.0
[2026-04-18 12:58:28.147] [185768] [HailoRT] [info] [edge_elements.cpp:52] [create] Created (HwWriteEl8yolov11n/input_layer1 | hw_frame_size: 1228800)
[2026-04-18 12:58:28.147] [185768] [HailoRT] [info] [queue_elements.cpp:284] [create] Created (PushQEl8yolov11n/input_layer1 | timeout: 10s)
[2026-04-18 12:58:28.148] [185768] [HailoRT] [info] [filter_elements.cpp:101] [create] Created (PreInferEl8yolov11n/input_layer1 | Reorder - src_order: NHWC, src_shape: (640, 640, 3), dst_order: NHCW, dst_shape: (640, 640, 3))
[2026-04-18 12:58:28.148] [185768] [HailoRT] [info] [vstream.cpp:754] [InputVStreamImpl] Creating yolov11n/input_layer1...
[2026-04-18 12:58:28.148] [185768] [HailoRT] [info] [vstream_builder.cpp:102] [create_inputs] Input pipeline 'yolov11n/input_layer1': (PreInferEl8yolov11n/input_layer1 | Reorder - src_order: NHWC, src_shape: (640, 640, 3), dst_order: NHCW, dst_shape: (640, 640, 3)) >> (PushQEl8yolov11n/input_layer1 | timeout: 10s) >> (HwWriteEl8yolov11n/input_layer1 | hw_frame_size: 1228800) >> HW
[2026-04-18 12:58:28.148] [185768] [HailoRT] [info] [multi_io_elements.cpp:135] [create] Created (NmsPPMuxEl0YOLOV8-Post-Process | Op YOLOV8, Name: YOLOV8-Post-Process, Score threshold: 0.200, IoU threshold: 0.70, Classes: 80, Max bboxes per class: 100, Image height: 640, Image width: 640)
[2026-04-18 12:58:28.148] [185768] [HailoRT] [info] [edge_elements.cpp:287] [create] Created (HwReadEl3yolov11n/conv51_143 | hw_frame_size: 409600)
[2026-04-18 12:58:28.148] [185768] [HailoRT] [info] [queue_elements.cpp:657] [create] Created (PullQEl_nms3yolov11n/conv51_143 | timeout: 10s)
[2026-04-18 12:58:28.148] [185768] [HailoRT] [info] [edge_elements.cpp:287] [create] Created (HwReadEl12yolov11n/conv54_143 | hw_frame_size: 512000)
[2026-04-18 12:58:28.148] [185768] [HailoRT] [info] [queue_elements.cpp:657] [create] Created (PullQEl_nms12yolov11n/conv54_143 | timeout: 10s)
[2026-04-18 12:58:28.148] [185768] [HailoRT] [info] [edge_elements.cpp:287] [create] Created (HwReadEl15yolov11n/conv62_143 | hw_frame_size: 102400)
[2026-04-18 12:58:28.148] [185768] [HailoRT] [info] [queue_elements.cpp:657] [create] Created (PullQEl_nms15yolov11n/conv62_143 | timeout: 10s)
[2026-04-18 12:58:28.148] [185768] [HailoRT] [info] [edge_elements.cpp:287] [create] Created (HwReadEl13yolov11n/conv65_143 | hw_frame_size: 128000)
[2026-04-18 12:58:28.148] [185768] [HailoRT] [info] [queue_elements.cpp:657] [create] Created (PullQEl_nms13yolov11n/conv65_143 | timeout: 10s)
[2026-04-18 12:58:28.148] [185768] [HailoRT] [info] [edge_elements.cpp:287] [create] Created (HwReadEl1yolov11n/conv77_143 | hw_frame_size: 30720)
[2026-04-18 12:58:28.148] [185768] [HailoRT] [info] [queue_elements.cpp:657] [create] Created (PullQEl_nms1yolov11n/conv77_143 | timeout: 10s)
[2026-04-18 12:58:28.148] [185768] [HailoRT] [info] [edge_elements.cpp:287] [create] Created (HwReadEl0yolov11n/conv80_143 | hw_frame_size: 38400)
[2026-04-18 12:58:28.148] [185768] [HailoRT] [info] [queue_elements.cpp:657] [create] Created (PullQEl_nms0yolov11n/conv80_143 | timeout: 10s)
[2026-04-18 12:58:28.148] [185768] [HailoRT] [info] [queue_elements.cpp:800] [create] Created (UserBufQEl_post_infer0yolov11n/yolov8_nms_postprocess | timeout: 10s)
[2026-04-18 12:58:28.148] [185768] [HailoRT] [info] [vstream.cpp:1114] [OutputVStreamImpl] Creating yolov11n/yolov8_nms_postprocess...
[2026-04-18 12:58:28.148] [185768] [HailoRT] [info] [vstream_builder.cpp:622] [create_output_post_process_nms] Output pipeline 'yolov11n/yolov8_nms_postprocess': HW >> (HwReadEl3yolov11n/conv51_143 | hw_frame_size: 409600) >> (PullQEl_nms3yolov11n/conv51_143) >> (HwReadEl12yolov11n/conv54_143 | hw_frame_size: 512000) >> (PullQEl_nms12yolov11n/conv54_143) >> (HwReadEl15yolov11n/conv62_143 | hw_frame_size: 102400) >> (PullQEl_nms15yolov11n/conv62_143) >> (HwReadEl13yolov11n/conv65_143 | hw_frame_size: 128000) >> (PullQEl_nms13yolov11n/conv65_143) >> (HwReadEl1yolov11n/conv77_143 | hw_frame_size: 30720) >> (PullQEl_nms1yolov11n/conv77_143) >> (HwReadEl0yolov11n/conv80_143 | hw_frame_size: 38400) >> (PullQEl_nms0yolov11n/conv80_143) >> (NmsPPMuxEl0YOLOV8-Post-Process | Op YOLOV8, Name: YOLOV8-Post-Process, Score threshold: 0.200, IoU threshold: 0.70, Classes: 80, Max bboxes per class: 100, Image height: 640, Image width: 640) >> (UserBufQEl_post_infer0yolov11n/yolov8_nms_postprocess | timeout: 10s)
[2026-04-18 12:59:28.149] [186259] [HailoRT] [info] [vdevice_native_stream.cpp:142] [write_impl] Failed write to stream yolov11n/input_layer1 (device: 0001:01:00.0) with status=HAILO_STREAM_ABORT(63)
[2026-04-18 12:59:28.149] [186265] [HailoRT] [info] [vdevice_native_stream.cpp:331] [read_impl] Failed read from stream HAILO_STREAM_ABORT(63) (device: 0001:01:00.0)
[2026-04-18 12:59:28.149] [186265] [HailoRT] [info] [edge_elements.cpp:396] [run_pull] Reading from stream was aborted!
[2026-04-18 12:59:28.149] [186259] [HailoRT] [info] [edge_elements.cpp:87] [run_push] Failed to send on input stream InputStream(index=8, name=yolov11n/input_layer1) because stream was aborted
[2026-04-18 12:59:28.149] [186259] [HailoRT] [info] [queue_elements.cpp:401] [run_in_thread] run_push of PushQEl8yolov11n/input_layer1 was aborted!
[2026-04-18 12:59:28.149] [186265] [HailoRT] [info] [queue_elements.cpp:738] [run_in_thread] run_pull of queue element PullQEl_nms0yolov11n/conv80_143 was aborted!
[2026-04-18 12:59:28.149] [186264] [HailoRT] [info] [vdevice_native_stream.cpp:331] [read_impl] Failed read from stream HAILO_STREAM_ABORT(63) (device: 0001:01:00.0)
[2026-04-18 12:59:28.149] [186264] [HailoRT] [info] [edge_elements.cpp:396] [run_pull] Reading from stream was aborted!
[2026-04-18 12:59:28.149] [186264] [HailoRT] [info] [queue_elements.cpp:738] [run_in_thread] run_pull of queue element PullQEl_nms1yolov11n/conv77_143 was aborted!
[2026-04-18 12:59:28.150] [186270] [HailoRT] [info] [queue_elements.cpp:319] [run_push] run_push of PushQEl8yolov11n/input_layer1 was aborted!
[2026-04-18 12:59:28.150] [186270] [HailoRT] [info] [filter_elements.cpp:35] [run_push] run_push of PreInferEl8yolov11n/input_layer1 was aborted!
[2026-04-18 12:59:28.150] [186270] [HailoRT] [info] [vstream.cpp:778] [write] Sending to VStream was aborted!
[2026-04-18 12:59:28.150] [186260] [HailoRT] [info] [vdevice_native_stream.cpp:331] [read_impl] Failed read from stream HAILO_STREAM_ABORT(63) (device: 0001:01:00.0)
[2026-04-18 12:59:28.150] [186260] [HailoRT] [info] [edge_elements.cpp:396] [run_pull] Reading from stream was aborted!
[2026-04-18 12:59:28.150] [186260] [HailoRT] [info] [queue_elements.cpp:738] [run_in_thread] run_pull of queue element PullQEl_nms3yolov11n/conv51_143 was aborted!
[2026-04-18 12:59:28.150] [186269] [HailoRT] [info] [queue_elements.cpp:706] [run_pull] Shutdown event was signaled in dequeue of queue element PullQEl_nms3yolov11n/conv51_143!
[2026-04-18 12:59:28.150] [186269] [HailoRT] [info] [vstream.cpp:1138] [read] Receiving to VStream was shutdown!
[2026-04-18 12:59:28.150] [186262] [HailoRT] [info] [vdevice_native_stream.cpp:331] [read_impl] Failed read from stream HAILO_STREAM_ABORT(63) (device: 0001:01:00.0)
[2026-04-18 12:59:28.150] [186262] [HailoRT] [info] [edge_elements.cpp:396] [run_pull] Reading from stream was aborted!
[2026-04-18 12:59:28.150] [186262] [HailoRT] [info] [queue_elements.cpp:738] [run_in_thread] run_pull of queue element PullQEl_nms15yolov11n/conv62_143 was aborted!
[2026-04-18 12:59:28.150] [186263] [HailoRT] [info] [vdevice_native_stream.cpp:331] [read_impl] Failed read from stream HAILO_STREAM_ABORT(63) (device: 0001:01:00.0)
[2026-04-18 12:59:28.150] [186263] [HailoRT] [info] [edge_elements.cpp:396] [run_pull] Reading from stream was aborted!
[2026-04-18 12:59:28.150] [186263] [HailoRT] [info] [queue_elements.cpp:738] [run_in_thread] run_pull of queue element PullQEl_nms13yolov11n/conv65_143 was aborted!
[2026-04-18 12:59:28.150] [186261] [HailoRT] [info] [vdevice_native_stream.cpp:331] [read_impl] Failed read from stream HAILO_STREAM_ABORT(63) (device: 0001:01:00.0)
[2026-04-18 12:59:28.150] [186261] [HailoRT] [info] [edge_elements.cpp:396] [run_pull] Reading from stream was aborted!
[2026-04-18 12:59:28.150] [186261] [HailoRT] [info] [queue_elements.cpp:738] [run_in_thread] run_pull of queue element PullQEl_nms12yolov11n/conv54_143 was aborted!
[2026-04-18 12:59:28.158] [185768] [HailoRT] [info] [queue_elements.cpp:360] [execute_deactivate] enqueue() in element PushQEl8yolov11n/input_layer1 was aborted, got status = HAILO_SHUTDOWN_EVENT_SIGNALED(57)
[2026-04-18 12:59:28.158] [186259] [HailoRT] [info] [queue_elements.cpp:68] [operator()] Thread in element PushQEl8yolov11n/input_layer1 is not running anymore, exiting..
[2026-04-18 12:59:28.158] [185768] [HailoRT] [info] [queue_elements.cpp:46] [~BaseQueueElement] Queue element PushQEl8yolov11n/input_layer1 has 0 frames in his Queue on destruction
[2026-04-18 12:59:28.158] [186266] [HailoRT] [info] [queue_elements.cpp:68] [operator()] Thread in element UserBufQEl_post_infer0yolov11n/yolov8_nms_postprocess is not running anymore, exiting..
[2026-04-18 12:59:28.158] [185768] [HailoRT] [info] [queue_elements.cpp:46] [~BaseQueueElement] Queue element UserBufQEl_post_infer0yolov11n/yolov8_nms_postprocess has 0 frames in his Queue on destruction
[2026-04-18 12:59:28.158] [186265] [HailoRT] [info] [queue_elements.cpp:68] [operator()] Thread in element PullQEl_nms0yolov11n/conv80_143 is not running anymore, exiting..
[2026-04-18 12:59:28.158] [185768] [HailoRT] [info] [queue_elements.cpp:46] [~BaseQueueElement] Queue element PullQEl_nms0yolov11n/conv80_143 has 0 frames in his Queue on destruction
[2026-04-18 12:59:28.158] [186264] [HailoRT] [info] [queue_elements.cpp:68] [operator()] Thread in element PullQEl_nms1yolov11n/conv77_143 is not running anymore, exiting..
[2026-04-18 12:59:28.158] [185768] [HailoRT] [info] [queue_elements.cpp:46] [~BaseQueueElement] Queue element PullQEl_nms1yolov11n/conv77_143 has 0 frames in his Queue on destruction
[2026-04-18 12:59:28.158] [186263] [HailoRT] [info] [queue_elements.cpp:68] [operator()] Thread in element PullQEl_nms13yolov11n/conv65_143 is not running anymore, exiting..
[2026-04-18 12:59:28.158] [185768] [HailoRT] [info] [queue_elements.cpp:46] [~BaseQueueElement] Queue element PullQEl_nms13yolov11n/conv65_143 has 0 frames in his Queue on destruction
[2026-04-18 12:59:28.158] [186262] [HailoRT] [info] [queue_elements.cpp:68] [operator()] Thread in element PullQEl_nms15yolov11n/conv62_143 is not running anymore, exiting..
[2026-04-18 12:59:28.158] [185768] [HailoRT] [info] [queue_elements.cpp:46] [~BaseQueueElement] Queue element PullQEl_nms15yolov11n/conv62_143 has 0 frames in his Queue on destruction
[2026-04-18 12:59:28.158] [186261] [HailoRT] [info] [queue_elements.cpp:68] [operator()] Thread in element PullQEl_nms12yolov11n/conv54_143 is not running anymore, exiting..
[2026-04-18 12:59:28.158] [185768] [HailoRT] [info] [queue_elements.cpp:46] [~BaseQueueElement] Queue element PullQEl_nms12yolov11n/conv54_143 has 0 frames in his Queue on destruction
[2026-04-18 12:59:28.159] [186260] [HailoRT] [info] [queue_elements.cpp:68] [operator()] Thread in element PullQEl_nms3yolov11n/conv51_143 is not running anymore, exiting..
[2026-04-18 12:59:28.159] [185768] [HailoRT] [info] [queue_elements.cpp:46] [~BaseQueueElement] Queue element PullQEl_nms3yolov11n/conv51_143 has 0 frames in his Queue on destruction
[2026-04-18 12:59:28.159] [185768] [HailoRT] [info] [core_op.cpp:186] [deactivate] Deactivating took 0.007629 ms
[2026-04-18 12:59:28.159] [185768] [HailoRT] [info] [core_op.cpp:186] [deactivate] Deactivating took 0.016185 ms
[2026-04-18 12:59:28.209] [185768] [HailoRT] [info] [vdevice.cpp:535] [create] Creating vdevice with params: device_count: 1, scheduling_algorithm: NONE, multi_process_service: false
[2026-04-18 12:59:28.209] [185768] [HailoRT] [info] [device.cpp:51] [Device] OS Version: Linux 6.12.75+rpt-rpi-2712 #1 SMP PREEMPT Debian 1:6.12.75-1+rpt1 (2026-03-11) aarch64
[2026-04-18 12:59:28.209] [185768] [HailoRT] [info] [control.cpp:113] [control__parse_identify_results] firmware_version is: 4.23.0
[2026-04-18 12:59:28.209] [185768] [HailoRT] [info] [vdevice.cpp:682] [create] VDevice Infos: 0001:01:00.0
[2026-04-18 12:59:28.215] [185768] [HailoRT] [warning] [buffer_requirements.cpp:131] [get_buffer_requirements_multiple_transfers] Desc page size value (1024) is not optimal for performance.
[2026-04-18 12:59:28.234] [185768] [HailoRT] [info] [internal_buffer_manager.cpp:77] [print_execution_results] Planned internal buffer memory: CMA=0 CMA-Desc=1572864 Pinned=67126272. memory to edge layer usage factor is 1
[2026-04-18 12:59:28.234] [185768] [HailoRT] [info] [internal_buffer_manager.cpp:86] [print_execution_results] Default Internal buffer planner executed successfully
[2026-04-18 12:59:28.348] [185768] [HailoRT] [info] [device_internal.cpp:57] [configure] Configuring HEF took 138.341294 milliseconds
[2026-04-18 12:59:28.348] [185768] [HailoRT] [info] [vdevice.cpp:780] [configure] Configuring HEF on VDevice took 138.708846 milliseconds
[2026-04-18 12:59:28.349] [185768] [HailoRT] [info] [control.cpp:113] [control__parse_identify_results] firmware_version is: 4.23.0
[2026-04-18 12:59:28.349] [185768] [HailoRT] [info] [control.cpp:113] [control__parse_identify_results] firmware_version is: 4.23.0
[2026-04-18 12:59:28.379] [185768] [HailoRT] [info] [core_op.cpp:156] [activate] Activating yolov11n took 29.673123 milliseconds. Note that the function is asynchronous and thus the network is not fully activated yet.
[2026-04-18 12:59:28.379] [185768] [HailoRT] [info] [core_op.cpp:156] [activate] Activating yolov11n took 29.700957 milliseconds. Note that the function is asynchronous and thus the network is not fully activated yet.
[2026-04-18 12:59:28.392] [185768] [HailoRT] [info] [control.cpp:113] [control__parse_identify_results] firmware_version is: 4.23.0
[2026-04-18 12:59:28.392] [185768] [HailoRT] [info] [control.cpp:113] [control__parse_identify_results] firmware_version is: 4.23.0
[2026-04-18 12:59:28.392] [185768] [HailoRT] [info] [edge_elements.cpp:52] [create] Created (HwWriteEl8yolov11n/input_layer1 | hw_frame_size: 1228800)
[2026-04-18 12:59:28.392] [185768] [HailoRT] [info] [queue_elements.cpp:284] [create] Created (PushQEl8yolov11n/input_layer1 | timeout: 10s)
[2026-04-18 12:59:28.392] [185768] [HailoRT] [info] [filter_elements.cpp:101] [create] Created (PreInferEl8yolov11n/input_layer1 | Reorder - src_order: NHWC, src_shape: (640, 640, 3), dst_order: NHCW, dst_shape: (640, 640, 3))
[2026-04-18 12:59:28.392] [185768] [HailoRT] [info] [vstream.cpp:754] [InputVStreamImpl] Creating yolov11n/input_layer1...
[2026-04-18 12:59:28.392] [185768] [HailoRT] [info] [vstream_builder.cpp:102] [create_inputs] Input pipeline 'yolov11n/input_layer1': (PreInferEl8yolov11n/input_layer1 | Reorder - src_order: NHWC, src_shape: (640, 640, 3), dst_order: NHCW, dst_shape: (640, 640, 3)) >> (PushQEl8yolov11n/input_layer1 | timeout: 10s) >> (HwWriteEl8yolov11n/input_layer1 | hw_frame_size: 1228800) >> HW
[2026-04-18 12:59:28.393] [185768] [HailoRT] [info] [multi_io_elements.cpp:135] [create] Created (NmsPPMuxEl0YOLOV8-Post-Process | Op YOLOV8, Name: YOLOV8-Post-Process, Score threshold: 0.200, IoU threshold: 0.70, Classes: 80, Max bboxes per class: 100, Image height: 640, Image width: 640)
[2026-04-18 12:59:28.393] [185768] [HailoRT] [info] [edge_elements.cpp:287] [create] Created (HwReadEl3yolov11n/conv51_143 | hw_frame_size: 409600)
[2026-04-18 12:59:28.393] [185768] [HailoRT] [info] [queue_elements.cpp:657] [create] Created (PullQEl_nms3yolov11n/conv51_143 | timeout: 10s)
[2026-04-18 12:59:28.393] [185768] [HailoRT] [info] [edge_elements.cpp:287] [create] Created (HwReadEl12yolov11n/conv54_143 | hw_frame_size: 512000)
[2026-04-18 12:59:28.393] [185768] [HailoRT] [info] [queue_elements.cpp:657] [create] Created (PullQEl_nms12yolov11n/conv54_143 | timeout: 10s)
[2026-04-18 12:59:28.393] [185768] [HailoRT] [info] [edge_elements.cpp:287] [create] Created (HwReadEl15yolov11n/conv62_143 | hw_frame_size: 102400)
[2026-04-18 12:59:28.393] [185768] [HailoRT] [info] [queue_elements.cpp:657] [create] Created (PullQEl_nms15yolov11n/conv62_143 | timeout: 10s)
[2026-04-18 12:59:28.393] [185768] [HailoRT] [info] [edge_elements.cpp:287] [create] Created (HwReadEl13yolov11n/conv65_143 | hw_frame_size: 128000)
[2026-04-18 12:59:28.393] [185768] [HailoRT] [info] [queue_elements.cpp:657] [create] Created (PullQEl_nms13yolov11n/conv65_143 | timeout: 10s)
[2026-04-18 12:59:28.393] [185768] [HailoRT] [info] [edge_elements.cpp:287] [create] Created (HwReadEl1yolov11n/conv77_143 | hw_frame_size: 30720)
[2026-04-18 12:59:28.393] [185768] [HailoRT] [info] [queue_elements.cpp:657] [create] Created (PullQEl_nms1yolov11n/conv77_143 | timeout: 10s)
[2026-04-18 12:59:28.393] [185768] [HailoRT] [info] [edge_elements.cpp:287] [create] Created (HwReadEl0yolov11n/conv80_143 | hw_frame_size: 38400)
[2026-04-18 12:59:28.393] [185768] [HailoRT] [info] [queue_elements.cpp:657] [create] Created (PullQEl_nms0yolov11n/conv80_143 | timeout: 10s)
[2026-04-18 12:59:28.393] [185768] [HailoRT] [info] [queue_elements.cpp:800] [create] Created (UserBufQEl_post_infer0yolov11n/yolov8_nms_postprocess | timeout: 10s)
[2026-04-18 12:59:28.393] [185768] [HailoRT] [info] [vstream.cpp:1114] [OutputVStreamImpl] Creating yolov11n/yolov8_nms_postprocess...
[2026-04-18 12:59:28.393] [185768] [HailoRT] [info] [vstream_builder.cpp:622] [create_output_post_process_nms] Output pipeline 'yolov11n/yolov8_nms_postprocess': HW >> (HwReadEl3yolov11n/conv51_143 | hw_frame_size: 409600) >> (PullQEl_nms3yolov11n/conv51_143) >> (HwReadEl12yolov11n/conv54_143 | hw_frame_size: 512000) >> (PullQEl_nms12yolov11n/conv54_143) >> (HwReadEl15yolov11n/conv62_143 | hw_frame_size: 102400) >> (PullQEl_nms15yolov11n/conv62_143) >> (HwReadEl13yolov11n/conv65_143 | hw_frame_size: 128000) >> (PullQEl_nms13yolov11n/conv65_143) >> (HwReadEl1yolov11n/conv77_143 | hw_frame_size: 30720) >> (PullQEl_nms1yolov11n/conv77_143) >> (HwReadEl0yolov11n/conv80_143 | hw_frame_size: 38400) >> (PullQEl_nms0yolov11n/conv80_143) >> (NmsPPMuxEl0YOLOV8-Post-Process | Op YOLOV8, Name: YOLOV8-Post-Process, Score threshold: 0.200, IoU threshold: 0.70, Classes: 80, Max bboxes per class: 100, Image height: 640, Image width: 640) >> (UserBufQEl_post_infer0yolov11n/yolov8_nms_postprocess | timeout: 10s)
[2026-04-18 13:00:28.394] [186739] [HailoRT] [info] [vdevice_native_stream.cpp:331] [read_impl] Failed read from stream HAILO_STREAM_ABORT(63) (device: 0001:01:00.0)
[2026-04-18 13:00:28.394] [186742] [HailoRT] [info] [vdevice_native_stream.cpp:331] [read_impl] Failed read from stream HAILO_STREAM_ABORT(63) (device: 0001:01:00.0)
[2026-04-18 13:00:28.394] [186743] [HailoRT] [info] [vdevice_native_stream.cpp:331] [read_impl] Failed read from stream HAILO_STREAM_ABORT(63) (device: 0001:01:00.0)
[2026-04-18 13:00:28.394] [186742] [HailoRT] [info] [edge_elements.cpp:396] [run_pull] Reading from stream was aborted!
[2026-04-18 13:00:28.394] [186741] [HailoRT] [info] [vdevice_native_stream.cpp:331] [read_impl] Failed read from stream HAILO_STREAM_ABORT(63) (device: 0001:01:00.0)
[2026-04-18 13:00:28.394] [186741] [HailoRT] [info] [edge_elements.cpp:396] [run_pull] Reading from stream was aborted!
[2026-04-18 13:00:28.394] [186742] [HailoRT] [info] [queue_elements.cpp:738] [run_in_thread] run_pull of queue element PullQEl_nms1yolov11n/conv77_143 was aborted!
[2026-04-18 13:00:28.394] [186741] [HailoRT] [info] [queue_elements.cpp:738] [run_in_thread] run_pull of queue element PullQEl_nms13yolov11n/conv65_143 was aborted!
[2026-04-18 13:00:28.394] [186740] [HailoRT] [info] [vdevice_native_stream.cpp:331] [read_impl] Failed read from stream HAILO_STREAM_ABORT(63) (device: 0001:01:00.0)
[2026-04-18 13:00:28.394] [186740] [HailoRT] [info] [edge_elements.cpp:396] [run_pull] Reading from stream was aborted!
[2026-04-18 13:00:28.394] [186740] [HailoRT] [info] [queue_elements.cpp:738] [run_in_thread] run_pull of queue element PullQEl_nms15yolov11n/conv62_143 was aborted!
[2026-04-18 13:00:28.394] [186738] [HailoRT] [info] [vdevice_native_stream.cpp:331] [read_impl] Failed read from stream HAILO_STREAM_ABORT(63) (device: 0001:01:00.0)
[2026-04-18 13:00:28.394] [186738] [HailoRT] [info] [edge_elements.cpp:396] [run_pull] Reading from stream was aborted!
[2026-04-18 13:00:28.394] [186738] [HailoRT] [info] [queue_elements.cpp:738] [run_in_thread] run_pull of queue element PullQEl_nms3yolov11n/conv51_143 was aborted!
[2026-04-18 13:00:28.394] [186743] [HailoRT] [info] [edge_elements.cpp:396] [run_pull] Reading from stream was aborted!
[2026-04-18 13:00:28.394] [186747] [HailoRT] [info] [queue_elements.cpp:706] [run_pull] Shutdown event was signaled in dequeue of queue element PullQEl_nms3yolov11n/conv51_143!
[2026-04-18 13:00:28.394] [186743] [HailoRT] [info] [queue_elements.cpp:738] [run_in_thread] run_pull of queue element PullQEl_nms0yolov11n/conv80_143 was aborted!
[2026-04-18 13:00:28.394] [186747] [HailoRT] [info] [vstream.cpp:1138] [read] Receiving to VStream was shutdown!
[2026-04-18 13:00:28.394] [186739] [HailoRT] [info] [edge_elements.cpp:396] [run_pull] Reading from stream was aborted!
[2026-04-18 13:00:28.394] [186739] [HailoRT] [info] [queue_elements.cpp:738] [run_in_thread] run_pull of queue element PullQEl_nms12yolov11n/conv54_143 was aborted!
[2026-04-18 13:00:28.395] [186737] [HailoRT] [info] [vdevice_native_stream.cpp:142] [write_impl] Failed write to stream yolov11n/input_layer1 (device: 0001:01:00.0) with status=HAILO_STREAM_ABORT(63)
[2026-04-18 13:00:28.395] [186737] [HailoRT] [info] [edge_elements.cpp:87] [run_push] Failed to send on input stream InputStream(index=8, name=yolov11n/input_layer1) because stream was aborted
[2026-04-18 13:00:28.395] [186737] [HailoRT] [info] [queue_elements.cpp:401] [run_in_thread] run_push of PushQEl8yolov11n/input_layer1 was aborted!
[2026-04-18 13:00:28.396] [186748] [HailoRT] [info] [queue_elements.cpp:319] [run_push] run_push of PushQEl8yolov11n/input_layer1 was aborted!
[2026-04-18 13:00:28.396] [186748] [HailoRT] [info] [filter_elements.cpp:35] [run_push] run_push of PreInferEl8yolov11n/input_layer1 was aborted!
[2026-04-18 13:00:28.396] [186748] [HailoRT] [info] [vstream.cpp:778] [write] Sending to VStream was aborted!
[2026-04-18 13:00:28.404] [185768] [HailoRT] [info] [queue_elements.cpp:360] [execute_deactivate] enqueue() in element PushQEl8yolov11n/input_layer1 was aborted, got status = HAILO_SHUTDOWN_EVENT_SIGNALED(57)
[2026-04-18 13:00:28.404] [186737] [HailoRT] [info] [queue_elements.cpp:68] [operator()] Thread in element PushQEl8yolov11n/input_layer1 is not running anymore, exiting..
[2026-04-18 13:00:28.404] [185768] [HailoRT] [info] [queue_elements.cpp:46] [~BaseQueueElement] Queue element PushQEl8yolov11n/input_layer1 has 0 frames in his Queue on destruction
[2026-04-18 13:00:28.404] [186744] [HailoRT] [info] [queue_elements.cpp:68] [operator()] Thread in element UserBufQEl_post_infer0yolov11n/yolov8_nms_postprocess is not running anymore, exiting..
[2026-04-18 13:00:28.404] [185768] [HailoRT] [info] [queue_elements.cpp:46] [~BaseQueueElement] Queue element UserBufQEl_post_infer0yolov11n/yolov8_nms_postprocess has 0 frames in his Queue on destruction
[2026-04-18 13:00:28.404] [186743] [HailoRT] [info] [queue_elements.cpp:68] [operator()] Thread in element PullQEl_nms0yolov11n/conv80_143 is not running anymore, exiting..
[2026-04-18 13:00:28.404] [185768] [HailoRT] [info] [queue_elements.cpp:46] [~BaseQueueElement] Queue element PullQEl_nms0yolov11n/conv80_143 has 0 frames in his Queue on destruction
[2026-04-18 13:00:28.404] [186742] [HailoRT] [info] [queue_elements.cpp:68] [operator()] Thread in element PullQEl_nms1yolov11n/conv77_143 is not running anymore, exiting..
[2026-04-18 13:00:28.404] [185768] [HailoRT] [info] [queue_elements.cpp:46] [~BaseQueueElement] Queue element PullQEl_nms1yolov11n/conv77_143 has 0 frames in his Queue on destruction
[2026-04-18 13:00:28.404] [186741] [HailoRT] [info] [queue_elements.cpp:68] [operator()] Thread in element PullQEl_nms13yolov11n/conv65_143 is not running anymore, exiting..
[2026-04-18 13:00:28.404] [185768] [HailoRT] [info] [queue_elements.cpp:46] [~BaseQueueElement] Queue element PullQEl_nms13yolov11n/conv65_143 has 0 frames in his Queue on destruction
[2026-04-18 13:00:28.404] [186740] [HailoRT] [info] [queue_elements.cpp:68] [operator()] Thread in element PullQEl_nms15yolov11n/conv62_143 is not running anymore, exiting..
[2026-04-18 13:00:28.404] [185768] [HailoRT] [info] [queue_elements.cpp:46] [~BaseQueueElement] Queue element PullQEl_nms15yolov11n/conv62_143 has 0 frames in his Queue on destruction
[2026-04-18 13:00:28.404] [186739] [HailoRT] [info] [queue_elements.cpp:68] [operator()] Thread in element PullQEl_nms12yolov11n/conv54_143 is not running anymore, exiting..
[2026-04-18 13:00:28.404] [185768] [HailoRT] [info] [queue_elements.cpp:46] [~BaseQueueElement] Queue element PullQEl_nms12yolov11n/conv54_143 has 0 frames in his Queue on destruction
[2026-04-18 13:00:28.405] [186738] [HailoRT] [info] [queue_elements.cpp:68] [operator()] Thread in element PullQEl_nms3yolov11n/conv51_143 is not running anymore, exiting..
[2026-04-18 13:00:28.405] [185768] [HailoRT] [info] [queue_elements.cpp:46] [~BaseQueueElement] Queue element PullQEl_nms3yolov11n/conv51_143 has 0 frames in his Queue on destruction
[2026-04-18 13:00:28.405] [185768] [HailoRT] [info] [core_op.cpp:186] [deactivate] Deactivating took 0.007519 ms
[2026-04-18 13:00:28.405] [185768] [HailoRT] [info] [core_op.cpp:186] [deactivate] Deactivating took 0.017056 ms
[2026-04-18 13:00:38.742] [187292] [HailoRT] [info] [vdevice.cpp:535] [create] Creating vdevice with params: device_count: 1, scheduling_algorithm: NONE, multi_process_service: false
[2026-04-18 13:00:38.755] [187292] [HailoRT] [info] [device.cpp:51] [Device] OS Version: Linux 6.12.75+rpt-rpi-2712 #1 SMP PREEMPT Debian 1:6.12.75-1+rpt1 (2026-03-11) aarch64
[2026-04-18 13:00:38.755] [187292] [HailoRT] [info] [control.cpp:113] [control__parse_identify_results] firmware_version is: 4.23.0
[2026-04-18 13:00:38.755] [187292] [HailoRT] [info] [vdevice.cpp:682] [create] VDevice Infos: 0001:01:00.0
[2026-04-18 13:00:38.762] [187292] [HailoRT] [warning] [buffer_requirements.cpp:131] [get_buffer_requirements_multiple_transfers] Desc page size value (1024) is not optimal for performance.
[2026-04-18 13:00:38.786] [187292] [HailoRT] [info] [internal_buffer_manager.cpp:77] [print_execution_results] Planned internal buffer memory: CMA=0 CMA-Desc=1572864 Pinned=68303872. memory to edge layer usage factor is 1
[2026-04-18 13:00:38.786] [187292] [HailoRT] [info] [internal_buffer_manager.cpp:86] [print_execution_results] Default Internal buffer planner executed successfully
[2026-04-18 13:00:38.904] [187292] [HailoRT] [info] [device_internal.cpp:57] [configure] Configuring HEF took 147.781513 milliseconds
[2026-04-18 13:00:38.904] [187292] [HailoRT] [info] [vdevice.cpp:780] [configure] Configuring HEF on VDevice took 148.180696 milliseconds
[2026-04-18 13:00:38.904] [187292] [HailoRT] [info] [control.cpp:113] [control__parse_identify_results] firmware_version is: 4.23.0
[2026-04-18 13:00:38.904] [187292] [HailoRT] [info] [control.cpp:113] [control__parse_identify_results] firmware_version is: 4.23.0
[2026-04-18 13:00:38.941] [187292] [HailoRT] [info] [core_op.cpp:156] [activate] Activating yolov11n took 36.484034 milliseconds. Note that the function is asynchronous and thus the network is not fully activated yet.
[2026-04-18 13:00:38.941] [187292] [HailoRT] [info] [core_op.cpp:156] [activate] Activating yolov11n took 36.511811 milliseconds. Note that the function is asynchronous and thus the network is not fully activated yet.
[2026-04-18 13:00:38.954] [187292] [HailoRT] [info] [control.cpp:113] [control__parse_identify_results] firmware_version is: 4.23.0
[2026-04-18 13:00:38.954] [187292] [HailoRT] [info] [control.cpp:113] [control__parse_identify_results] firmware_version is: 4.23.0
[2026-04-18 13:00:40.040] [187284] [HailoRT] [info] [device.cpp:51] [Device] OS Version: Linux 6.12.75+rpt-rpi-2712 #1 SMP PREEMPT Debian 1:6.12.75-1+rpt1 (2026-03-11) aarch64
[2026-04-18 13:00:40.040] [187284] [HailoRT] [info] [control.cpp:113] [control__parse_identify_results] firmware_version is: 4.23.0
[2026-04-18 13:00:40.041] [187284] [HailoRT] [info] [control.cpp:113] [control__parse_identify_results] firmware_version is: 4.23.0
[2026-04-18 13:01:38.955] [187307] [HailoRT] [info] [vdevice_native_stream.cpp:142] [write_impl] Failed write to stream yolov11n/input_layer1 (device: 0001:01:00.0) with status=HAILO_STREAM_ABORT(63)
[2026-04-18 13:01:38.955] [187304] [HailoRT] [info] [vdevice_native_stream.cpp:331] [read_impl] Failed read from stream HAILO_STREAM_ABORT(63) (device: 0001:01:00.0)
[2026-04-18 13:01:38.955] [187303] [HailoRT] [info] [vdevice_native_stream.cpp:331] [read_impl] Failed read from stream HAILO_STREAM_ABORT(63) (device: 0001:01:00.0)
[2026-04-18 13:01:38.955] [187306] [HailoRT] [info] [vdevice_native_stream.cpp:331] [read_impl] Failed read from stream HAILO_STREAM_ABORT(63) (device: 0001:01:00.0)
[2026-04-18 13:01:38.955] [187305] [HailoRT] [info] [vdevice_native_stream.cpp:331] [read_impl] Failed read from stream HAILO_STREAM_ABORT(63) (device: 0001:01:00.0)
[2026-04-18 13:01:38.955] [187302] [HailoRT] [info] [vdevice_native_stream.cpp:331] [read_impl] Failed read from stream HAILO_STREAM_ABORT(63) (device: 0001:01:00.0)
[2026-04-18 13:01:38.955] [187301] [HailoRT] [info] [vdevice_native_stream.cpp:331] [read_impl] Failed read from stream HAILO_STREAM_ABORT(63) (device: 0001:01:00.0)
[2026-04-18 13:01:38.992] [187292] [HailoRT] [info] [core_op.cpp:186] [deactivate] Deactivating took 0.0075 ms
[2026-04-18 13:01:38.992] [187292] [HailoRT] [info] [core_op.cpp:186] [deactivate] Deactivating took 0.029499 ms
[2026-04-18 13:01:39.054] [187292] [HailoRT] [info] [vdevice.cpp:535] [create] Creating vdevice with params: device_count: 1, scheduling_algorithm: NONE, multi_process_service: false
[2026-04-18 13:01:39.055] [187292] [HailoRT] [info] [device.cpp:51] [Device] OS Version: Linux 6.12.75+rpt-rpi-2712 #1 SMP PREEMPT Debian 1:6.12.75-1+rpt1 (2026-03-11) aarch64
[2026-04-18 13:01:39.055] [187292] [HailoRT] [info] [control.cpp:113] [control__parse_identify_results] firmware_version is: 4.23.0
[2026-04-18 13:01:39.055] [187292] [HailoRT] [info] [vdevice.cpp:682] [create] VDevice Infos: 0001:01:00.0
[2026-04-18 13:01:39.064] [187292] [HailoRT] [warning] [buffer_requirements.cpp:131] [get_buffer_requirements_multiple_transfers] Desc page size value (1024) is not optimal for performance.
[2026-04-18 13:01:39.091] [187292] [HailoRT] [info] [internal_buffer_manager.cpp:77] [print_execution_results] Planned internal buffer memory: CMA=0 CMA-Desc=1572864 Pinned=68303872. memory to edge layer usage factor is 1
[2026-04-18 13:01:39.091] [187292] [HailoRT] [info] [internal_buffer_manager.cpp:86] [print_execution_results] Default Internal buffer planner executed successfully
[2026-04-18 13:01:39.208] [187292] [HailoRT] [info] [device_internal.cpp:57] [configure] Configuring HEF took 152.829161 milliseconds
[2026-04-18 13:01:39.208] [187292] [HailoRT] [info] [vdevice.cpp:780] [configure] Configuring HEF on VDevice took 153.247696 milliseconds
[2026-04-18 13:01:39.208] [187292] [HailoRT] [info] [control.cpp:113] [control__parse_identify_results] firmware_version is: 4.23.0
[2026-04-18 13:01:39.209] [187292] [HailoRT] [info] [control.cpp:113] [control__parse_identify_results] firmware_version is: 4.23.0
[2026-04-18 13:01:39.245] [187292] [HailoRT] [info] [core_op.cpp:156] [activate] Activating yolov11n took 36.4618 milliseconds. Note that the function is asynchronous and thus the network is not fully activated yet.
[2026-04-18 13:01:39.245] [187292] [HailoRT] [info] [core_op.cpp:156] [activate] Activating yolov11n took 36.486727 milliseconds. Note that the function is asynchronous and thus the network is not fully activated yet.
[2026-04-18 13:01:39.258] [187292] [HailoRT] [info] [control.cpp:113] [control__parse_identify_results] firmware_version is: 4.23.0
[2026-04-18 13:01:39.259] [187292] [HailoRT] [info] [control.cpp:113] [control__parse_identify_results] firmware_version is: 4.23.0
[2026-04-18 13:01:39.259] [187292] [HailoRT] [info] [edge_elements.cpp:52] [create] Created (HwWriteEl8yolov11n/input_layer1 | hw_frame_size: 1228800)
[2026-04-18 13:01:39.259] [187292] [HailoRT] [info] [queue_elements.cpp:284] [create] Created (PushQEl8yolov11n/input_layer1 | timeout: 10s)
[2026-04-18 13:01:39.259] [187292] [HailoRT] [info] [filter_elements.cpp:101] [create] Created (PreInferEl8yolov11n/input_layer1 | Reorder - src_order: NHWC, src_shape: (640, 640, 3), dst_order: NHCW, dst_shape: (640, 640, 3))
[2026-04-18 13:01:39.259] [187292] [HailoRT] [info] [vstream.cpp:754] [InputVStreamImpl] Creating yolov11n/input_layer1...
[2026-04-18 13:01:39.259] [187292] [HailoRT] [info] [vstream_builder.cpp:102] [create_inputs] Input pipeline 'yolov11n/input_layer1': (PreInferEl8yolov11n/input_layer1 | Reorder - src_order: NHWC, src_shape: (640, 640, 3), dst_order: NHCW, dst_shape: (640, 640, 3)) >> (PushQEl8yolov11n/input_layer1 | timeout: 10s) >> (HwWriteEl8yolov11n/input_layer1 | hw_frame_size: 1228800) >> HW
[2026-04-18 13:01:39.259] [187292] [HailoRT] [info] [multi_io_elements.cpp:135] [create] Created (NmsPPMuxEl0YOLOV8-Post-Process | Op YOLOV8, Name: YOLOV8-Post-Process, Score threshold: 0.200, IoU threshold: 0.70, Classes: 80, Max bboxes per class: 100, Image height: 640, Image width: 640)
[2026-04-18 13:01:39.259] [187292] [HailoRT] [info] [edge_elements.cpp:287] [create] Created (HwReadEl3yolov11n/conv51_143 | hw_frame_size: 409600)
[2026-04-18 13:01:39.259] [187292] [HailoRT] [info] [queue_elements.cpp:657] [create] Created (PullQEl_nms3yolov11n/conv51_143 | timeout: 10s)
[2026-04-18 13:01:39.259] [187292] [HailoRT] [info] [edge_elements.cpp:287] [create] Created (HwReadEl12yolov11n/conv54_143 | hw_frame_size: 512000)
[2026-04-18 13:01:39.259] [187292] [HailoRT] [info] [queue_elements.cpp:657] [create] Created (PullQEl_nms12yolov11n/conv54_143 | timeout: 10s)
[2026-04-18 13:01:39.259] [187292] [HailoRT] [info] [edge_elements.cpp:287] [create] Created (HwReadEl15yolov11n/conv62_143 | hw_frame_size: 102400)
[2026-04-18 13:01:39.259] [187292] [HailoRT] [info] [queue_elements.cpp:657] [create] Created (PullQEl_nms15yolov11n/conv62_143 | timeout: 10s)
[2026-04-18 13:01:39.259] [187292] [HailoRT] [info] [edge_elements.cpp:287] [create] Created (HwReadEl13yolov11n/conv65_143 | hw_frame_size: 128000)
[2026-04-18 13:01:39.259] [187292] [HailoRT] [info] [queue_elements.cpp:657] [create] Created (PullQEl_nms13yolov11n/conv65_143 | timeout: 10s)
[2026-04-18 13:01:39.259] [187292] [HailoRT] [info] [edge_elements.cpp:287] [create] Created (HwReadEl1yolov11n/conv77_143 | hw_frame_size: 30720)
[2026-04-18 13:01:39.259] [187292] [HailoRT] [info] [queue_elements.cpp:657] [create] Created (PullQEl_nms1yolov11n/conv77_143 | timeout: 10s)
[2026-04-18 13:01:39.259] [187292] [HailoRT] [info] [edge_elements.cpp:287] [create] Created (HwReadEl0yolov11n/conv80_143 | hw_frame_size: 38400)
[2026-04-18 13:01:39.260] [187292] [HailoRT] [info] [queue_elements.cpp:657] [create] Created (PullQEl_nms0yolov11n/conv80_143 | timeout: 10s)
[2026-04-18 13:01:39.260] [187292] [HailoRT] [info] [queue_elements.cpp:800] [create] Created (UserBufQEl_post_infer0yolov11n/yolov8_nms_postprocess | timeout: 10s)
[2026-04-18 13:01:39.260] [187292] [HailoRT] [info] [vstream.cpp:1114] [OutputVStreamImpl] Creating yolov11n/yolov8_nms_postprocess...
[2026-04-18 13:01:39.260] [187292] [HailoRT] [info] [vstream_builder.cpp:622] [create_output_post_process_nms] Output pipeline 'yolov11n/yolov8_nms_postprocess': HW >> (HwReadEl3yolov11n/conv51_143 | hw_frame_size: 409600) >> (PullQEl_nms3yolov11n/conv51_143) >> (HwReadEl12yolov11n/conv54_143 | hw_frame_size: 512000) >> (PullQEl_nms12yolov11n/conv54_143) >> (HwReadEl15yolov11n/conv62_143 | hw_frame_size: 102400) >> (PullQEl_nms15yolov11n/conv62_143) >> (HwReadEl13yolov11n/conv65_143 | hw_frame_size: 128000) >> (PullQEl_nms13yolov11n/conv65_143) >> (HwReadEl1yolov11n/conv77_143 | hw_frame_size: 30720) >> (PullQEl_nms1yolov11n/conv77_143) >> (HwReadEl0yolov11n/conv80_143 | hw_frame_size: 38400) >> (PullQEl_nms0yolov11n/conv80_143) >> (NmsPPMuxEl0YOLOV8-Post-Process | Op YOLOV8, Name: YOLOV8-Post-Process, Score threshold: 0.200, IoU threshold: 0.70, Classes: 80, Max bboxes per class: 100, Image height: 640, Image width: 640) >> (UserBufQEl_post_infer0yolov11n/yolov8_nms_postprocess | timeout: 10s)
[2026-04-18 13:02:39.260] [187787] [HailoRT] [info] [vdevice_native_stream.cpp:331] [read_impl] Failed read from stream HAILO_STREAM_ABORT(63) (device: 0001:01:00.0)
[2026-04-18 13:02:39.260] [187790] [HailoRT] [info] [vdevice_native_stream.cpp:331] [read_impl] Failed read from stream HAILO_STREAM_ABORT(63) (device: 0001:01:00.0)
[2026-04-18 13:02:39.260] [187790] [HailoRT] [info] [edge_elements.cpp:396] [run_pull] Reading from stream was aborted!
[2026-04-18 13:02:39.260] [187790] [HailoRT] [info] [queue_elements.cpp:738] [run_in_thread] run_pull of queue element PullQEl_nms0yolov11n/conv80_143 was aborted!
[2026-04-18 13:02:39.260] [187785] [HailoRT] [info] [vdevice_native_stream.cpp:331] [read_impl] Failed read from stream HAILO_STREAM_ABORT(63) (device: 0001:01:00.0)
[2026-04-18 13:02:39.261] [187785] [HailoRT] [info] [edge_elements.cpp:396] [run_pull] Reading from stream was aborted!
[2026-04-18 13:02:39.261] [187785] [HailoRT] [info] [queue_elements.cpp:738] [run_in_thread] run_pull of queue element PullQEl_nms3yolov11n/conv51_143 was aborted!
[2026-04-18 13:02:39.260] [187784] [HailoRT] [info] [vdevice_native_stream.cpp:142] [write_impl] Failed write to stream yolov11n/input_layer1 (device: 0001:01:00.0) with status=HAILO_STREAM_ABORT(63)
[2026-04-18 13:02:39.261] [187784] [HailoRT] [info] [edge_elements.cpp:87] [run_push] Failed to send on input stream InputStream(index=8, name=yolov11n/input_layer1) because stream was aborted
[2026-04-18 13:02:39.261] [187784] [HailoRT] [info] [queue_elements.cpp:401] [run_in_thread] run_push of PushQEl8yolov11n/input_layer1 was aborted!
[2026-04-18 13:02:39.260] [187786] [HailoRT] [info] [vdevice_native_stream.cpp:331] [read_impl] Failed read from stream HAILO_STREAM_ABORT(63) (device: 0001:01:00.0)
[2026-04-18 13:02:39.261] [187795] [HailoRT] [info] [vstream.cpp:774] [write] Sending to VStream was shutdown!
[2026-04-18 13:02:39.261] [187795] [HailoRT] [info] [vstream.cpp:778] [write] Sending to VStream was aborted!
[2026-04-18 13:02:39.260] [187788] [HailoRT] [info] [vdevice_native_stream.cpp:331] [read_impl] Failed read from stream HAILO_STREAM_ABORT(63) (device: 0001:01:00.0)
[2026-04-18 13:02:39.261] [187788] [HailoRT] [info] [edge_elements.cpp:396] [run_pull] Reading from stream was aborted!
[2026-04-18 13:02:39.261] [187788] [HailoRT] [info] [queue_elements.cpp:738] [run_in_thread] run_pull of queue element PullQEl_nms13yolov11n/conv65_143 was aborted!
[2026-04-18 13:02:39.260] [187789] [HailoRT] [info] [vdevice_native_stream.cpp:331] [read_impl] Failed read from stream HAILO_STREAM_ABORT(63) (device: 0001:01:00.0)
[2026-04-18 13:02:39.261] [187789] [HailoRT] [info] [edge_elements.cpp:396] [run_pull] Reading from stream was aborted!
[2026-04-18 13:02:39.261] [187789] [HailoRT] [info] [queue_elements.cpp:738] [run_in_thread] run_pull of queue element PullQEl_nms1yolov11n/conv77_143 was aborted!
[2026-04-18 13:02:39.261] [187786] [HailoRT] [info] [edge_elements.cpp:396] [run_pull] Reading from stream was aborted!
[2026-04-18 13:02:39.261] [187786] [HailoRT] [info] [queue_elements.cpp:738] [run_in_thread] run_pull of queue element PullQEl_nms12yolov11n/conv54_143 was aborted!
[2026-04-18 13:02:39.260] [187787] [HailoRT] [info] [edge_elements.cpp:396] [run_pull] Reading from stream was aborted!
[2026-04-18 13:02:39.261] [187787] [HailoRT] [info] [queue_elements.cpp:738] [run_in_thread] run_pull of queue element PullQEl_nms15yolov11n/conv62_143 was aborted!
[2026-04-18 13:02:39.261] [187794] [HailoRT] [info] [queue_elements.cpp:706] [run_pull] Shutdown event was signaled in dequeue of queue element PullQEl_nms3yolov11n/conv51_143!
[2026-04-18 13:02:39.261] [187794] [HailoRT] [info] [vstream.cpp:1138] [read] Receiving to VStream was shutdown!
[2026-04-18 13:02:39.295] [187292] [HailoRT] [info] [queue_elements.cpp:360] [execute_deactivate] enqueue() in element PushQEl8yolov11n/input_layer1 was aborted, got status = HAILO_SHUTDOWN_EVENT_SIGNALED(57)
[2026-04-18 13:02:39.296] [187784] [HailoRT] [info] [queue_elements.cpp:68] [operator()] Thread in element PushQEl8yolov11n/input_layer1 is not running anymore, exiting..
[2026-04-18 13:02:39.296] [187292] [HailoRT] [info] [queue_elements.cpp:46] [~BaseQueueElement] Queue element PushQEl8yolov11n/input_layer1 has 1 frames in his Queue on destruction
[2026-04-18 13:02:39.296] [187791] [HailoRT] [info] [queue_elements.cpp:68] [operator()] Thread in element UserBufQEl_post_infer0yolov11n/yolov8_nms_postprocess is not running anymore, exiting..
[2026-04-18 13:02:39.296] [187292] [HailoRT] [info] [queue_elements.cpp:46] [~BaseQueueElement] Queue element UserBufQEl_post_infer0yolov11n/yolov8_nms_postprocess has 0 frames in his Queue on destruction
[2026-04-18 13:02:39.296] [187790] [HailoRT] [info] [queue_elements.cpp:68] [operator()] Thread in element PullQEl_nms0yolov11n/conv80_143 is not running anymore, exiting..
[2026-04-18 13:02:39.296] [187292] [HailoRT] [info] [queue_elements.cpp:46] [~BaseQueueElement] Queue element PullQEl_nms0yolov11n/conv80_143 has 0 frames in his Queue on destruction
[2026-04-18 13:02:39.296] [187789] [HailoRT] [info] [queue_elements.cpp:68] [operator()] Thread in element PullQEl_nms1yolov11n/conv77_143 is not running anymore, exiting..
[2026-04-18 13:02:39.296] [187292] [HailoRT] [info] [queue_elements.cpp:46] [~BaseQueueElement] Queue element PullQEl_nms1yolov11n/conv77_143 has 0 frames in his Queue on destruction
[2026-04-18 13:02:39.296] [187788] [HailoRT] [info] [queue_elements.cpp:68] [operator()] Thread in element PullQEl_nms13yolov11n/conv65_143 is not running anymore, exiting..
[2026-04-18 13:02:39.296] [187292] [HailoRT] [info] [queue_elements.cpp:46] [~BaseQueueElement] Queue element PullQEl_nms13yolov11n/conv65_143 has 0 frames in his Queue on destruction
[2026-04-18 13:02:39.296] [187787] [HailoRT] [info] [queue_elements.cpp:68] [operator()] Thread in element PullQEl_nms15yolov11n/conv62_143 is not running anymore, exiting..
[2026-04-18 13:02:39.296] [187292] [HailoRT] [info] [queue_elements.cpp:46] [~BaseQueueElement] Queue element PullQEl_nms15yolov11n/conv62_143 has 0 frames in his Queue on destruction
[2026-04-18 13:02:39.296] [187786] [HailoRT] [info] [queue_elements.cpp:68] [operator()] Thread in element PullQEl_nms12yolov11n/conv54_143 is not running anymore, exiting..
[2026-04-18 13:02:39.296] [187292] [HailoRT] [info] [queue_elements.cpp:46] [~BaseQueueElement] Queue element PullQEl_nms12yolov11n/conv54_143 has 0 frames in his Queue on destruction
[2026-04-18 13:02:39.296] [187785] [HailoRT] [info] [queue_elements.cpp:68] [operator()] Thread in element PullQEl_nms3yolov11n/conv51_143 is not running anymore, exiting..
[2026-04-18 13:02:39.296] [187292] [HailoRT] [info] [queue_elements.cpp:46] [~BaseQueueElement] Queue element PullQEl_nms3yolov11n/conv51_143 has 0 frames in his Queue on destruction
[2026-04-18 13:02:39.296] [187292] [HailoRT] [info] [core_op.cpp:186] [deactivate] Deactivating took 0.007389 ms
[2026-04-18 13:02:39.296] [187292] [HailoRT] [info] [core_op.cpp:186] [deactivate] Deactivating took 0.015963 ms
[2026-04-18 13:02:39.349] [187292] [HailoRT] [info] [vdevice.cpp:535] [create] Creating vdevice with params: device_count: 1, scheduling_algorithm: NONE, multi_process_service: false
[2026-04-18 13:02:39.349] [187292] [HailoRT] [info] [device.cpp:51] [Device] OS Version: Linux 6.12.75+rpt-rpi-2712 #1 SMP PREEMPT Debian 1:6.12.75-1+rpt1 (2026-03-11) aarch64
[2026-04-18 13:02:39.350] [187292] [HailoRT] [info] [control.cpp:113] [control__parse_identify_results] firmware_version is: 4.23.0
[2026-04-18 13:02:39.350] [187292] [HailoRT] [info] [vdevice.cpp:682] [create] VDevice Infos: 0001:01:00.0
[2026-04-18 13:02:39.357] [187292] [HailoRT] [warning] [buffer_requirements.cpp:131] [get_buffer_requirements_multiple_transfers] Desc page size value (1024) is not optimal for performance.
[2026-04-18 13:02:39.380] [187292] [HailoRT] [info] [internal_buffer_manager.cpp:77] [print_execution_results] Planned internal buffer memory: CMA=0 CMA-Desc=1572864 Pinned=68303872. memory to edge layer usage factor is 1
[2026-04-18 13:02:39.380] [187292] [HailoRT] [info] [internal_buffer_manager.cpp:86] [print_execution_results] Default Internal buffer planner executed successfully
[2026-04-18 13:02:39.500] [187292] [HailoRT] [info] [device_internal.cpp:57] [configure] Configuring HEF took 150.409758 milliseconds
[2026-04-18 13:02:39.501] [187292] [HailoRT] [info] [vdevice.cpp:780] [configure] Configuring HEF on VDevice took 150.779052 milliseconds
[2026-04-18 13:02:39.501] [187292] [HailoRT] [info] [control.cpp:113] [control__parse_identify_results] firmware_version is: 4.23.0
[2026-04-18 13:02:39.501] [187292] [HailoRT] [info] [control.cpp:113] [control__parse_identify_results] firmware_version is: 4.23.0
[2026-04-18 13:02:39.531] [187292] [HailoRT] [info] [core_op.cpp:156] [activate] Activating yolov11n took 29.449385 milliseconds. Note that the function is asynchronous and thus the network is not fully activated yet.
[2026-04-18 13:02:39.531] [187292] [HailoRT] [info] [core_op.cpp:156] [activate] Activating yolov11n took 29.473237 milliseconds. Note that the function is asynchronous and thus the network is not fully activated yet.
[2026-04-18 13:02:39.544] [187292] [HailoRT] [info] [control.cpp:113] [control__parse_identify_results] firmware_version is: 4.23.0
[2026-04-18 13:02:39.544] [187292] [HailoRT] [info] [control.cpp:113] [control__parse_identify_results] firmware_version is: 4.23.0
[2026-04-18 13:02:39.544] [187292] [HailoRT] [info] [edge_elements.cpp:52] [create] Created (HwWriteEl8yolov11n/input_layer1 | hw_frame_size: 1228800)
[2026-04-18 13:02:39.544] [187292] [HailoRT] [info] [queue_elements.cpp:284] [create] Created (PushQEl8yolov11n/input_layer1 | timeout: 10s)
[2026-04-18 13:02:39.544] [187292] [HailoRT] [info] [filter_elements.cpp:101] [create] Created (PreInferEl8yolov11n/input_layer1 | Reorder - src_order: NHWC, src_shape: (640, 640, 3), dst_order: NHCW, dst_shape: (640, 640, 3))
[2026-04-18 13:02:39.544] [187292] [HailoRT] [info] [vstream.cpp:754] [InputVStreamImpl] Creating yolov11n/input_layer1...
[2026-04-18 13:02:39.544] [187292] [HailoRT] [info] [vstream_builder.cpp:102] [create_inputs] Input pipeline 'yolov11n/input_layer1': (PreInferEl8yolov11n/input_layer1 | Reorder - src_order: NHWC, src_shape: (640, 640, 3), dst_order: NHCW, dst_shape: (640, 640, 3)) >> (PushQEl8yolov11n/input_layer1 | timeout: 10s) >> (HwWriteEl8yolov11n/input_layer1 | hw_frame_size: 1228800) >> HW
[2026-04-18 13:02:39.544] [187292] [HailoRT] [info] [multi_io_elements.cpp:135] [create] Created (NmsPPMuxEl0YOLOV8-Post-Process | Op YOLOV8, Name: YOLOV8-Post-Process, Score threshold: 0.200, IoU threshold: 0.70, Classes: 80, Max bboxes per class: 100, Image height: 640, Image width: 640)
[2026-04-18 13:02:39.544] [187292] [HailoRT] [info] [edge_elements.cpp:287] [create] Created (HwReadEl3yolov11n/conv51_143 | hw_frame_size: 409600)
[2026-04-18 13:02:39.544] [187292] [HailoRT] [info] [queue_elements.cpp:657] [create] Created (PullQEl_nms3yolov11n/conv51_143 | timeout: 10s)
[2026-04-18 13:02:39.544] [187292] [HailoRT] [info] [edge_elements.cpp:287] [create] Created (HwReadEl12yolov11n/conv54_143 | hw_frame_size: 512000)
[2026-04-18 13:02:39.545] [187292] [HailoRT] [info] [queue_elements.cpp:657] [create] Created (PullQEl_nms12yolov11n/conv54_143 | timeout: 10s)
[2026-04-18 13:02:39.545] [187292] [HailoRT] [info] [edge_elements.cpp:287] [create] Created (HwReadEl15yolov11n/conv62_143 | hw_frame_size: 102400)
[2026-04-18 13:02:39.545] [187292] [HailoRT] [info] [queue_elements.cpp:657] [create] Created (PullQEl_nms15yolov11n/conv62_143 | timeout: 10s)
[2026-04-18 13:02:39.545] [187292] [HailoRT] [info] [edge_elements.cpp:287] [create] Created (HwReadEl13yolov11n/conv65_143 | hw_frame_size: 128000)
[2026-04-18 13:02:39.545] [187292] [HailoRT] [info] [queue_elements.cpp:657] [create] Created (PullQEl_nms13yolov11n/conv65_143 | timeout: 10s)
[2026-04-18 13:02:39.545] [187292] [HailoRT] [info] [edge_elements.cpp:287] [create] Created (HwReadEl1yolov11n/conv77_143 | hw_frame_size: 30720)
[2026-04-18 13:02:39.545] [187292] [HailoRT] [info] [queue_elements.cpp:657] [create] Created (PullQEl_nms1yolov11n/conv77_143 | timeout: 10s)
[2026-04-18 13:02:39.545] [187292] [HailoRT] [info] [edge_elements.cpp:287] [create] Created (HwReadEl0yolov11n/conv80_143 | hw_frame_size: 38400)
[2026-04-18 13:02:39.545] [187292] [HailoRT] [info] [queue_elements.cpp:657] [create] Created (PullQEl_nms0yolov11n/conv80_143 | timeout: 10s)
[2026-04-18 13:02:39.545] [187292] [HailoRT] [info] [queue_elements.cpp:800] [create] Created (UserBufQEl_post_infer0yolov11n/yolov8_nms_postprocess | timeout: 10s)
[2026-04-18 13:02:39.545] [187292] [HailoRT] [info] [vstream.cpp:1114] [OutputVStreamImpl] Creating yolov11n/yolov8_nms_postprocess...
[2026-04-18 13:02:39.545] [187292] [HailoRT] [info] [vstream_builder.cpp:622] [create_output_post_process_nms] Output pipeline 'yolov11n/yolov8_nms_postprocess': HW >> (HwReadEl3yolov11n/conv51_143 | hw_frame_size: 409600) >> (PullQEl_nms3yolov11n/conv51_143) >> (HwReadEl12yolov11n/conv54_143 | hw_frame_size: 512000) >> (PullQEl_nms12yolov11n/conv54_143) >> (HwReadEl15yolov11n/conv62_143 | hw_frame_size: 102400) >> (PullQEl_nms15yolov11n/conv62_143) >> (HwReadEl13yolov11n/conv65_143 | hw_frame_size: 128000) >> (PullQEl_nms13yolov11n/conv65_143) >> (HwReadEl1yolov11n/conv77_143 | hw_frame_size: 30720) >> (PullQEl_nms1yolov11n/conv77_143) >> (HwReadEl0yolov11n/conv80_143 | hw_frame_size: 38400) >> (PullQEl_nms0yolov11n/conv80_143) >> (NmsPPMuxEl0YOLOV8-Post-Process | Op YOLOV8, Name: YOLOV8-Post-Process, Score threshold: 0.200, IoU threshold: 0.70, Classes: 80, Max bboxes per class: 100, Image height: 640, Image width: 640) >> (UserBufQEl_post_infer0yolov11n/yolov8_nms_postprocess | timeout: 10s)
[2026-04-18 13:03:39.545] [188263] [HailoRT] [info] [vdevice_native_stream.cpp:331] [read_impl] Failed read from stream HAILO_STREAM_ABORT(63) (device: 0001:01:00.0)
[2026-04-18 13:03:39.545] [188263] [HailoRT] [info] [edge_elements.cpp:396] [run_pull] Reading from stream was aborted!
[2026-04-18 13:03:39.545] [188263] [HailoRT] [info] [queue_elements.cpp:738] [run_in_thread] run_pull of queue element PullQEl_nms15yolov11n/conv62_143 was aborted!
[2026-04-18 13:03:39.545] [188262] [HailoRT] [info] [vdevice_native_stream.cpp:331] [read_impl] Failed read from stream HAILO_STREAM_ABORT(63) (device: 0001:01:00.0)
[2026-04-18 13:03:39.545] [188262] [HailoRT] [info] [edge_elements.cpp:396] [run_pull] Reading from stream was aborted!
[2026-04-18 13:03:39.545] [188266] [HailoRT] [info] [vdevice_native_stream.cpp:331] [read_impl] Failed read from stream HAILO_STREAM_ABORT(63) (device: 0001:01:00.0)
[2026-04-18 13:03:39.545] [188262] [HailoRT] [info] [queue_elements.cpp:738] [run_in_thread] run_pull of queue element PullQEl_nms12yolov11n/conv54_143 was aborted!
[2026-04-18 13:03:39.545] [188266] [HailoRT] [info] [edge_elements.cpp:396] [run_pull] Reading from stream was aborted!
[2026-04-18 13:03:39.545] [188266] [HailoRT] [info] [queue_elements.cpp:738] [run_in_thread] run_pull of queue element PullQEl_nms0yolov11n/conv80_143 was aborted!
[2026-04-18 13:03:39.545] [188265] [HailoRT] [info] [vdevice_native_stream.cpp:331] [read_impl] Failed read from stream HAILO_STREAM_ABORT(63) (device: 0001:01:00.0)
[2026-04-18 13:03:39.545] [188265] [HailoRT] [info] [edge_elements.cpp:396] [run_pull] Reading from stream was aborted!
[2026-04-18 13:03:39.545] [188265] [HailoRT] [info] [queue_elements.cpp:738] [run_in_thread] run_pull of queue element PullQEl_nms1yolov11n/conv77_143 was aborted!
[2026-04-18 13:03:39.545] [188264] [HailoRT] [info] [vdevice_native_stream.cpp:331] [read_impl] Failed read from stream HAILO_STREAM_ABORT(63) (device: 0001:01:00.0)
[2026-04-18 13:03:39.545] [188264] [HailoRT] [info] [edge_elements.cpp:396] [run_pull] Reading from stream was aborted!
[2026-04-18 13:03:39.545] [188264] [HailoRT] [info] [queue_elements.cpp:738] [run_in_thread] run_pull of queue element PullQEl_nms13yolov11n/conv65_143 was aborted!
[2026-04-18 13:03:39.545] [188270] [HailoRT] [info] [queue_elements.cpp:706] [run_pull] Shutdown event was signaled in dequeue of queue element PullQEl_nms13yolov11n/conv65_143!
[2026-04-18 13:03:39.545] [188270] [HailoRT] [info] [vstream.cpp:1138] [read] Receiving to VStream was shutdown!
[2026-04-18 13:03:39.545] [188261] [HailoRT] [info] [vdevice_native_stream.cpp:331] [read_impl] Failed read from stream HAILO_STREAM_ABORT(63) (device: 0001:01:00.0)
[2026-04-18 13:03:39.545] [188261] [HailoRT] [info] [edge_elements.cpp:396] [run_pull] Reading from stream was aborted!
[2026-04-18 13:03:39.545] [188261] [HailoRT] [info] [queue_elements.cpp:738] [run_in_thread] run_pull of queue element PullQEl_nms3yolov11n/conv51_143 was aborted!
[2026-04-18 13:03:39.547] [188260] [HailoRT] [info] [vdevice_native_stream.cpp:142] [write_impl] Failed write to stream yolov11n/input_layer1 (device: 0001:01:00.0) with status=HAILO_STREAM_ABORT(63)
[2026-04-18 13:03:39.547] [188260] [HailoRT] [info] [edge_elements.cpp:87] [run_push] Failed to send on input stream InputStream(index=8, name=yolov11n/input_layer1) because stream was aborted
[2026-04-18 13:03:39.547] [188260] [HailoRT] [info] [queue_elements.cpp:401] [run_in_thread] run_push of PushQEl8yolov11n/input_layer1 was aborted!
[2026-04-18 13:03:39.548] [188271] [HailoRT] [info] [queue_elements.cpp:319] [run_push] run_push of PushQEl8yolov11n/input_layer1 was aborted!
[2026-04-18 13:03:39.548] [188271] [HailoRT] [info] [filter_elements.cpp:35] [run_push] run_push of PreInferEl8yolov11n/input_layer1 was aborted!
[2026-04-18 13:03:39.548] [188271] [HailoRT] [info] [vstream.cpp:778] [write] Sending to VStream was aborted!
[2026-04-18 13:03:39.556] [187292] [HailoRT] [info] [queue_elements.cpp:360] [execute_deactivate] enqueue() in element PushQEl8yolov11n/input_layer1 was aborted, got status = HAILO_SHUTDOWN_EVENT_SIGNALED(57)
[2026-04-18 13:03:39.556] [188260] [HailoRT] [info] [queue_elements.cpp:68] [operator()] Thread in element PushQEl8yolov11n/input_layer1 is not running anymore, exiting..
[2026-04-18 13:03:39.556] [187292] [HailoRT] [info] [queue_elements.cpp:46] [~BaseQueueElement] Queue element PushQEl8yolov11n/input_layer1 has 0 frames in his Queue on destruction
[2026-04-18 13:03:39.556] [188267] [HailoRT] [info] [queue_elements.cpp:68] [operator()] Thread in element UserBufQEl_post_infer0yolov11n/yolov8_nms_postprocess is not running anymore, exiting..
[2026-04-18 13:03:39.556] [187292] [HailoRT] [info] [queue_elements.cpp:46] [~BaseQueueElement] Queue element UserBufQEl_post_infer0yolov11n/yolov8_nms_postprocess has 0 frames in his Queue on destruction
[2026-04-18 13:03:39.556] [188266] [HailoRT] [info] [queue_elements.cpp:68] [operator()] Thread in element PullQEl_nms0yolov11n/conv80_143 is not running anymore, exiting..
[2026-04-18 13:03:39.556] [187292] [HailoRT] [info] [queue_elements.cpp:46] [~BaseQueueElement] Queue element PullQEl_nms0yolov11n/conv80_143 has 0 frames in his Queue on destruction
[2026-04-18 13:03:39.556] [188265] [HailoRT] [info] [queue_elements.cpp:68] [operator()] Thread in element PullQEl_nms1yolov11n/conv77_143 is not running anymore, exiting..
[2026-04-18 13:03:39.556] [187292] [HailoRT] [info] [queue_elements.cpp:46] [~BaseQueueElement] Queue element PullQEl_nms1yolov11n/conv77_143 has 0 frames in his Queue on destruction
[2026-04-18 13:03:39.556] [188264] [HailoRT] [info] [queue_elements.cpp:68] [operator()] Thread in element PullQEl_nms13yolov11n/conv65_143 is not running anymore, exiting..
[2026-04-18 13:03:39.556] [187292] [HailoRT] [info] [queue_elements.cpp:46] [~BaseQueueElement] Queue element PullQEl_nms13yolov11n/conv65_143 has 0 frames in his Queue on destruction
[2026-04-18 13:03:39.556] [188263] [HailoRT] [info] [queue_elements.cpp:68] [operator()] Thread in element PullQEl_nms15yolov11n/conv62_143 is not running anymore, exiting..
[2026-04-18 13:03:39.556] [187292] [HailoRT] [info] [queue_elements.cpp:46] [~BaseQueueElement] Queue element PullQEl_nms15yolov11n/conv62_143 has 0 frames in his Queue on destruction
[2026-04-18 13:03:39.556] [188262] [HailoRT] [info] [queue_elements.cpp:68] [operator()] Thread in element PullQEl_nms12yolov11n/conv54_143 is not running anymore, exiting..
[2026-04-18 13:03:39.556] [187292] [HailoRT] [info] [queue_elements.cpp:46] [~BaseQueueElement] Queue element PullQEl_nms12yolov11n/conv54_143 has 0 frames in his Queue on destruction
[2026-04-18 13:03:39.556] [188261] [HailoRT] [info] [queue_elements.cpp:68] [operator()] Thread in element PullQEl_nms3yolov11n/conv51_143 is not running anymore, exiting..
[2026-04-18 13:03:39.557] [187292] [HailoRT] [info] [queue_elements.cpp:46] [~BaseQueueElement] Queue element PullQEl_nms3yolov11n/conv51_143 has 0 frames in his Queue on destruction
[2026-04-18 13:03:39.557] [187292] [HailoRT] [info] [core_op.cpp:186] [deactivate] Deactivating took 0.010667 ms
[2026-04-18 13:03:39.557] [187292] [HailoRT] [info] [core_op.cpp:186] [deactivate] Deactivating took 0.026629 ms
[2026-04-18 13:03:49.897] [188818] [HailoRT] [info] [vdevice.cpp:535] [create] Creating vdevice with params: device_count: 1, scheduling_algorithm: NONE, multi_process_service: false
[2026-04-18 13:03:49.911] [188818] [HailoRT] [info] [device.cpp:51] [Device] OS Version: Linux 6.12.75+rpt-rpi-2712 #1 SMP PREEMPT Debian 1:6.12.75-1+rpt1 (2026-03-11) aarch64
[2026-04-18 13:03:49.912] [188818] [HailoRT] [info] [control.cpp:113] [control__parse_identify_results] firmware_version is: 4.23.0
[2026-04-18 13:03:49.912] [188818] [HailoRT] [info] [vdevice.cpp:682] [create] VDevice Infos: 0001:01:00.0
[2026-04-18 13:03:49.918] [188818] [HailoRT] [warning] [buffer_requirements.cpp:131] [get_buffer_requirements_multiple_transfers] Desc page size value (1024) is not optimal for performance.
[2026-04-18 13:03:49.943] [188818] [HailoRT] [info] [internal_buffer_manager.cpp:77] [print_execution_results] Planned internal buffer memory: CMA=0 CMA-Desc=1572864 Pinned=69481472. memory to edge layer usage factor is 1
[2026-04-18 13:03:49.943] [188818] [HailoRT] [info] [internal_buffer_manager.cpp:86] [print_execution_results] Default Internal buffer planner executed successfully
[2026-04-18 13:03:50.061] [188818] [HailoRT] [info] [device_internal.cpp:57] [configure] Configuring HEF took 149.232293 milliseconds
[2026-04-18 13:03:50.061] [188818] [HailoRT] [info] [vdevice.cpp:780] [configure] Configuring HEF on VDevice took 149.643921 milliseconds
[2026-04-18 13:03:50.062] [188818] [HailoRT] [info] [control.cpp:113] [control__parse_identify_results] firmware_version is: 4.23.0
[2026-04-18 13:03:50.062] [188818] [HailoRT] [info] [control.cpp:113] [control__parse_identify_results] firmware_version is: 4.23.0
[2026-04-18 13:03:50.099] [188818] [HailoRT] [info] [core_op.cpp:156] [activate] Activating yolov11n took 36.509499 milliseconds. Note that the function is asynchronous and thus the network is not fully activated yet.
[2026-04-18 13:03:50.099] [188818] [HailoRT] [info] [core_op.cpp:156] [activate] Activating yolov11n took 36.538592 milliseconds. Note that the function is asynchronous and thus the network is not fully activated yet.
[2026-04-18 13:03:50.112] [188818] [HailoRT] [info] [control.cpp:113] [control__parse_identify_results] firmware_version is: 4.23.0
[2026-04-18 13:03:50.112] [188818] [HailoRT] [info] [control.cpp:113] [control__parse_identify_results] firmware_version is: 4.23.0
[2026-04-18 13:03:51.217] [188810] [HailoRT] [info] [device.cpp:51] [Device] OS Version: Linux 6.12.75+rpt-rpi-2712 #1 SMP PREEMPT Debian 1:6.12.75-1+rpt1 (2026-03-11) aarch64
[2026-04-18 13:03:51.217] [188810] [HailoRT] [info] [control.cpp:113] [control__parse_identify_results] firmware_version is: 4.23.0
[2026-04-18 13:03:51.218] [188810] [HailoRT] [info] [control.cpp:113] [control__parse_identify_results] firmware_version is: 4.23.0
[2026-04-18 13:04:50.112] [188830] [HailoRT] [info] [vdevice_native_stream.cpp:331] [read_impl] Failed read from stream HAILO_STREAM_ABORT(63) (device: 0001:01:00.0)
[2026-04-18 13:04:50.112] [188833] [HailoRT] [info] [vdevice_native_stream.cpp:142] [write_impl] Failed write to stream yolov11n/input_layer1 (device: 0001:01:00.0) with status=HAILO_STREAM_ABORT(63)
[2026-04-18 13:04:50.113] [188828] [HailoRT] [info] [vdevice_native_stream.cpp:331] [read_impl] Failed read from stream HAILO_STREAM_ABORT(63) (device: 0001:01:00.0)
[2026-04-18 13:04:50.113] [188829] [HailoRT] [info] [vdevice_native_stream.cpp:331] [read_impl] Failed read from stream HAILO_STREAM_ABORT(63) (device: 0001:01:00.0)
[2026-04-18 13:04:50.113] [188831] [HailoRT] [info] [vdevice_native_stream.cpp:331] [read_impl] Failed read from stream HAILO_STREAM_ABORT(63) (device: 0001:01:00.0)
[2026-04-18 13:04:50.113] [188827] [HailoRT] [info] [vdevice_native_stream.cpp:331] [read_impl] Failed read from stream HAILO_STREAM_ABORT(63) (device: 0001:01:00.0)
[2026-04-18 13:04:50.113] [188832] [HailoRT] [info] [vdevice_native_stream.cpp:331] [read_impl] Failed read from stream HAILO_STREAM_ABORT(63) (device: 0001:01:00.0)
[2026-04-18 13:04:50.156] [188818] [HailoRT] [info] [core_op.cpp:186] [deactivate] Deactivating took 0.008685 ms
[2026-04-18 13:04:50.156] [188818] [HailoRT] [info] [core_op.cpp:186] [deactivate] Deactivating took 0.032203 ms
[2026-04-18 13:04:50.226] [188818] [HailoRT] [info] [vdevice.cpp:535] [create] Creating vdevice with params: device_count: 1, scheduling_algorithm: NONE, multi_process_service: false
[2026-04-18 13:04:50.226] [188818] [HailoRT] [info] [device.cpp:51] [Device] OS Version: Linux 6.12.75+rpt-rpi-2712 #1 SMP PREEMPT Debian 1:6.12.75-1+rpt1 (2026-03-11) aarch64
[2026-04-18 13:04:50.226] [188818] [HailoRT] [info] [control.cpp:113] [control__parse_identify_results] firmware_version is: 4.23.0
[2026-04-18 13:04:50.226] [188818] [HailoRT] [info] [vdevice.cpp:682] [create] VDevice Infos: 0001:01:00.0
[2026-04-18 13:04:50.233] [188818] [HailoRT] [warning] [buffer_requirements.cpp:131] [get_buffer_requirements_multiple_transfers] Desc page size value (1024) is not optimal for performance.
[2026-04-18 13:04:50.264] [188818] [HailoRT] [info] [internal_buffer_manager.cpp:77] [print_execution_results] Planned internal buffer memory: CMA=0 CMA-Desc=1572864 Pinned=69481472. memory to edge layer usage factor is 1
[2026-04-18 13:04:50.264] [188818] [HailoRT] [info] [internal_buffer_manager.cpp:86] [print_execution_results] Default Internal buffer planner executed successfully
[2026-04-18 13:04:50.382] [188818] [HailoRT] [info] [device_internal.cpp:57] [configure] Configuring HEF took 155.70276 milliseconds
[2026-04-18 13:04:50.382] [188818] [HailoRT] [info] [vdevice.cpp:780] [configure] Configuring HEF on VDevice took 156.070018 milliseconds
[2026-04-18 13:04:50.383] [188818] [HailoRT] [info] [control.cpp:113] [control__parse_identify_results] firmware_version is: 4.23.0
[2026-04-18 13:04:50.383] [188818] [HailoRT] [info] [control.cpp:113] [control__parse_identify_results] firmware_version is: 4.23.0
[2026-04-18 13:04:50.419] [188818] [HailoRT] [info] [core_op.cpp:156] [activate] Activating yolov11n took 36.33606 milliseconds. Note that the function is asynchronous and thus the network is not fully activated yet.
[2026-04-18 13:04:50.419] [188818] [HailoRT] [info] [core_op.cpp:156] [activate] Activating yolov11n took 36.382375 milliseconds. Note that the function is asynchronous and thus the network is not fully activated yet.
[2026-04-18 13:04:50.433] [188818] [HailoRT] [info] [control.cpp:113] [control__parse_identify_results] firmware_version is: 4.23.0
[2026-04-18 13:04:50.433] [188818] [HailoRT] [info] [control.cpp:113] [control__parse_identify_results] firmware_version is: 4.23.0
[2026-04-18 13:04:50.433] [188818] [HailoRT] [info] [edge_elements.cpp:52] [create] Created (HwWriteEl8yolov11n/input_layer1 | hw_frame_size: 1228800)
[2026-04-18 13:04:50.433] [188818] [HailoRT] [info] [queue_elements.cpp:284] [create] Created (PushQEl8yolov11n/input_layer1 | timeout: 10s)
[2026-04-18 13:04:50.433] [188818] [HailoRT] [info] [filter_elements.cpp:101] [create] Created (PreInferEl8yolov11n/input_layer1 | Reorder - src_order: NHWC, src_shape: (640, 640, 3), dst_order: NHCW, dst_shape: (640, 640, 3))
[2026-04-18 13:04:50.433] [188818] [HailoRT] [info] [vstream.cpp:754] [InputVStreamImpl] Creating yolov11n/input_layer1...
[2026-04-18 13:04:50.433] [188818] [HailoRT] [info] [vstream_builder.cpp:102] [create_inputs] Input pipeline 'yolov11n/input_layer1': (PreInferEl8yolov11n/input_layer1 | Reorder - src_order: NHWC, src_shape: (640, 640, 3), dst_order: NHCW, dst_shape: (640, 640, 3)) >> (PushQEl8yolov11n/input_layer1 | timeout: 10s) >> (HwWriteEl8yolov11n/input_layer1 | hw_frame_size: 1228800) >> HW
[2026-04-18 13:04:50.433] [188818] [HailoRT] [info] [multi_io_elements.cpp:135] [create] Created (NmsPPMuxEl0YOLOV8-Post-Process | Op YOLOV8, Name: YOLOV8-Post-Process, Score threshold: 0.200, IoU threshold: 0.70, Classes: 80, Max bboxes per class: 100, Image height: 640, Image width: 640)
[2026-04-18 13:04:50.433] [188818] [HailoRT] [info] [edge_elements.cpp:287] [create] Created (HwReadEl3yolov11n/conv51_143 | hw_frame_size: 409600)
[2026-04-18 13:04:50.433] [188818] [HailoRT] [info] [queue_elements.cpp:657] [create] Created (PullQEl_nms3yolov11n/conv51_143 | timeout: 10s)
[2026-04-18 13:04:50.433] [188818] [HailoRT] [info] [edge_elements.cpp:287] [create] Created (HwReadEl12yolov11n/conv54_143 | hw_frame_size: 512000)
[2026-04-18 13:04:50.433] [188818] [HailoRT] [info] [queue_elements.cpp:657] [create] Created (PullQEl_nms12yolov11n/conv54_143 | timeout: 10s)
[2026-04-18 13:04:50.433] [188818] [HailoRT] [info] [edge_elements.cpp:287] [create] Created (HwReadEl15yolov11n/conv62_143 | hw_frame_size: 102400)
[2026-04-18 13:04:50.434] [188818] [HailoRT] [info] [queue_elements.cpp:657] [create] Created (PullQEl_nms15yolov11n/conv62_143 | timeout: 10s)
[2026-04-18 13:04:50.434] [188818] [HailoRT] [info] [edge_elements.cpp:287] [create] Created (HwReadEl13yolov11n/conv65_143 | hw_frame_size: 128000)
[2026-04-18 13:04:50.434] [188818] [HailoRT] [info] [queue_elements.cpp:657] [create] Created (PullQEl_nms13yolov11n/conv65_143 | timeout: 10s)
[2026-04-18 13:04:50.434] [188818] [HailoRT] [info] [edge_elements.cpp:287] [create] Created (HwReadEl1yolov11n/conv77_143 | hw_frame_size: 30720)
[2026-04-18 13:04:50.434] [188818] [HailoRT] [info] [queue_elements.cpp:657] [create] Created (PullQEl_nms1yolov11n/conv77_143 | timeout: 10s)
[2026-04-18 13:04:50.434] [188818] [HailoRT] [info] [edge_elements.cpp:287] [create] Created (HwReadEl0yolov11n/conv80_143 | hw_frame_size: 38400)
[2026-04-18 13:04:50.434] [188818] [HailoRT] [info] [queue_elements.cpp:657] [create] Created (PullQEl_nms0yolov11n/conv80_143 | timeout: 10s)
[2026-04-18 13:04:50.434] [188818] [HailoRT] [info] [queue_elements.cpp:800] [create] Created (UserBufQEl_post_infer0yolov11n/yolov8_nms_postprocess | timeout: 10s)
[2026-04-18 13:04:50.434] [188818] [HailoRT] [info] [vstream.cpp:1114] [OutputVStreamImpl] Creating yolov11n/yolov8_nms_postprocess...
[2026-04-18 13:04:50.434] [188818] [HailoRT] [info] [vstream_builder.cpp:622] [create_output_post_process_nms] Output pipeline 'yolov11n/yolov8_nms_postprocess': HW >> (HwReadEl3yolov11n/conv51_143 | hw_frame_size: 409600) >> (PullQEl_nms3yolov11n/conv51_143) >> (HwReadEl12yolov11n/conv54_143 | hw_frame_size: 512000) >> (PullQEl_nms12yolov11n/conv54_143) >> (HwReadEl15yolov11n/conv62_143 | hw_frame_size: 102400) >> (PullQEl_nms15yolov11n/conv62_143) >> (HwReadEl13yolov11n/conv65_143 | hw_frame_size: 128000) >> (PullQEl_nms13yolov11n/conv65_143) >> (HwReadEl1yolov11n/conv77_143 | hw_frame_size: 30720) >> (PullQEl_nms1yolov11n/conv77_143) >> (HwReadEl0yolov11n/conv80_143 | hw_frame_size: 38400) >> (PullQEl_nms0yolov11n/conv80_143) >> (NmsPPMuxEl0YOLOV8-Post-Process | Op YOLOV8, Name: YOLOV8-Post-Process, Score threshold: 0.200, IoU threshold: 0.70, Classes: 80, Max bboxes per class: 100, Image height: 640, Image width: 640) >> (UserBufQEl_post_infer0yolov11n/yolov8_nms_postprocess | timeout: 10s)
[2026-04-18 13:05:50.434] [189314] [HailoRT] [info] [vdevice_native_stream.cpp:331] [read_impl] Failed read from stream HAILO_STREAM_ABORT(63) (device: 0001:01:00.0)
[2026-04-18 13:05:50.434] [189314] [HailoRT] [info] [edge_elements.cpp:396] [run_pull] Reading from stream was aborted!
[2026-04-18 13:05:50.434] [189310] [HailoRT] [info] [vdevice_native_stream.cpp:331] [read_impl] Failed read from stream HAILO_STREAM_ABORT(63) (device: 0001:01:00.0)
[2026-04-18 13:05:50.434] [189310] [HailoRT] [info] [edge_elements.cpp:396] [run_pull] Reading from stream was aborted!
[2026-04-18 13:05:50.434] [189314] [HailoRT] [info] [queue_elements.cpp:738] [run_in_thread] run_pull of queue element PullQEl_nms1yolov11n/conv77_143 was aborted!
[2026-04-18 13:05:50.434] [189310] [HailoRT] [info] [queue_elements.cpp:738] [run_in_thread] run_pull of queue element PullQEl_nms3yolov11n/conv51_143 was aborted!
[2026-04-18 13:05:50.434] [189312] [HailoRT] [info] [vdevice_native_stream.cpp:331] [read_impl] Failed read from stream HAILO_STREAM_ABORT(63) (device: 0001:01:00.0)
[2026-04-18 13:05:50.434] [189312] [HailoRT] [info] [edge_elements.cpp:396] [run_pull] Reading from stream was aborted!
[2026-04-18 13:05:50.434] [189311] [HailoRT] [info] [vdevice_native_stream.cpp:331] [read_impl] Failed read from stream HAILO_STREAM_ABORT(63) (device: 0001:01:00.0)
[2026-04-18 13:05:50.434] [189312] [HailoRT] [info] [queue_elements.cpp:738] [run_in_thread] run_pull of queue element PullQEl_nms15yolov11n/conv62_143 was aborted!
[2026-04-18 13:05:50.434] [189315] [HailoRT] [info] [vdevice_native_stream.cpp:331] [read_impl] Failed read from stream HAILO_STREAM_ABORT(63) (device: 0001:01:00.0)
[2026-04-18 13:05:50.434] [189315] [HailoRT] [info] [edge_elements.cpp:396] [run_pull] Reading from stream was aborted!
[2026-04-18 13:05:50.434] [189315] [HailoRT] [info] [queue_elements.cpp:738] [run_in_thread] run_pull of queue element PullQEl_nms0yolov11n/conv80_143 was aborted!
[2026-04-18 13:05:50.434] [189313] [HailoRT] [info] [vdevice_native_stream.cpp:331] [read_impl] Failed read from stream HAILO_STREAM_ABORT(63) (device: 0001:01:00.0)
[2026-04-18 13:05:50.434] [189313] [HailoRT] [info] [edge_elements.cpp:396] [run_pull] Reading from stream was aborted!
[2026-04-18 13:05:50.434] [189311] [HailoRT] [info] [edge_elements.cpp:396] [run_pull] Reading from stream was aborted!
[2026-04-18 13:05:50.434] [189311] [HailoRT] [info] [queue_elements.cpp:738] [run_in_thread] run_pull of queue element PullQEl_nms12yolov11n/conv54_143 was aborted!
[2026-04-18 13:05:50.434] [189313] [HailoRT] [info] [queue_elements.cpp:738] [run_in_thread] run_pull of queue element PullQEl_nms13yolov11n/conv65_143 was aborted!
[2026-04-18 13:05:50.434] [189309] [HailoRT] [info] [vdevice_native_stream.cpp:142] [write_impl] Failed write to stream yolov11n/input_layer1 (device: 0001:01:00.0) with status=HAILO_STREAM_ABORT(63)
[2026-04-18 13:05:50.434] [189309] [HailoRT] [info] [edge_elements.cpp:87] [run_push] Failed to send on input stream InputStream(index=8, name=yolov11n/input_layer1) because stream was aborted
[2026-04-18 13:05:50.434] [189309] [HailoRT] [info] [queue_elements.cpp:401] [run_in_thread] run_push of PushQEl8yolov11n/input_layer1 was aborted!
[2026-04-18 13:05:50.434] [189320] [HailoRT] [info] [vstream.cpp:774] [write] Sending to VStream was shutdown!
[2026-04-18 13:05:50.434] [189320] [HailoRT] [info] [vstream.cpp:778] [write] Sending to VStream was aborted!
[2026-04-18 13:05:50.435] [189319] [HailoRT] [info] [queue_elements.cpp:706] [run_pull] Shutdown event was signaled in dequeue of queue element PullQEl_nms3yolov11n/conv51_143!
[2026-04-18 13:05:50.435] [189319] [HailoRT] [info] [vstream.cpp:1138] [read] Receiving to VStream was shutdown!
[2026-04-18 13:05:50.477] [188818] [HailoRT] [info] [queue_elements.cpp:360] [execute_deactivate] enqueue() in element PushQEl8yolov11n/input_layer1 was aborted, got status = HAILO_SHUTDOWN_EVENT_SIGNALED(57)
[2026-04-18 13:05:50.477] [189309] [HailoRT] [info] [queue_elements.cpp:68] [operator()] Thread in element PushQEl8yolov11n/input_layer1 is not running anymore, exiting..
[2026-04-18 13:05:50.477] [188818] [HailoRT] [info] [queue_elements.cpp:46] [~BaseQueueElement] Queue element PushQEl8yolov11n/input_layer1 has 1 frames in his Queue on destruction
[2026-04-18 13:05:50.477] [189316] [HailoRT] [info] [queue_elements.cpp:68] [operator()] Thread in element UserBufQEl_post_infer0yolov11n/yolov8_nms_postprocess is not running anymore, exiting..
[2026-04-18 13:05:50.477] [188818] [HailoRT] [info] [queue_elements.cpp:46] [~BaseQueueElement] Queue element UserBufQEl_post_infer0yolov11n/yolov8_nms_postprocess has 0 frames in his Queue on destruction
[2026-04-18 13:05:50.477] [189315] [HailoRT] [info] [queue_elements.cpp:68] [operator()] Thread in element PullQEl_nms0yolov11n/conv80_143 is not running anymore, exiting..
[2026-04-18 13:05:50.477] [188818] [HailoRT] [info] [queue_elements.cpp:46] [~BaseQueueElement] Queue element PullQEl_nms0yolov11n/conv80_143 has 0 frames in his Queue on destruction
[2026-04-18 13:05:50.477] [189314] [HailoRT] [info] [queue_elements.cpp:68] [operator()] Thread in element PullQEl_nms1yolov11n/conv77_143 is not running anymore, exiting..
[2026-04-18 13:05:50.477] [188818] [HailoRT] [info] [queue_elements.cpp:46] [~BaseQueueElement] Queue element PullQEl_nms1yolov11n/conv77_143 has 0 frames in his Queue on destruction
[2026-04-18 13:05:50.477] [189313] [HailoRT] [info] [queue_elements.cpp:68] [operator()] Thread in element PullQEl_nms13yolov11n/conv65_143 is not running anymore, exiting..
[2026-04-18 13:05:50.477] [188818] [HailoRT] [info] [queue_elements.cpp:46] [~BaseQueueElement] Queue element PullQEl_nms13yolov11n/conv65_143 has 0 frames in his Queue on destruction
[2026-04-18 13:05:50.477] [189312] [HailoRT] [info] [queue_elements.cpp:68] [operator()] Thread in element PullQEl_nms15yolov11n/conv62_143 is not running anymore, exiting..
[2026-04-18 13:05:50.477] [188818] [HailoRT] [info] [queue_elements.cpp:46] [~BaseQueueElement] Queue element PullQEl_nms15yolov11n/conv62_143 has 0 frames in his Queue on destruction
[2026-04-18 13:05:50.477] [189311] [HailoRT] [info] [queue_elements.cpp:68] [operator()] Thread in element PullQEl_nms12yolov11n/conv54_143 is not running anymore, exiting..
[2026-04-18 13:05:50.477] [188818] [HailoRT] [info] [queue_elements.cpp:46] [~BaseQueueElement] Queue element PullQEl_nms12yolov11n/conv54_143 has 0 frames in his Queue on destruction
[2026-04-18 13:05:50.477] [189310] [HailoRT] [info] [queue_elements.cpp:68] [operator()] Thread in element PullQEl_nms3yolov11n/conv51_143 is not running anymore, exiting..
[2026-04-18 13:05:50.477] [188818] [HailoRT] [info] [queue_elements.cpp:46] [~BaseQueueElement] Queue element PullQEl_nms3yolov11n/conv51_143 has 0 frames in his Queue on destruction
[2026-04-18 13:05:50.478] [188818] [HailoRT] [info] [core_op.cpp:186] [deactivate] Deactivating took 0.007649 ms
[2026-04-18 13:05:50.478] [188818] [HailoRT] [info] [core_op.cpp:186] [deactivate] Deactivating took 0.015833 ms
[2026-04-18 13:05:50.541] [188818] [HailoRT] [info] [vdevice.cpp:535] [create] Creating vdevice with params: device_count: 1, scheduling_algorithm: NONE, multi_process_service: false
[2026-04-18 13:05:50.541] [188818] [HailoRT] [info] [device.cpp:51] [Device] OS Version: Linux 6.12.75+rpt-rpi-2712 #1 SMP PREEMPT Debian 1:6.12.75-1+rpt1 (2026-03-11) aarch64
[2026-04-18 13:05:50.541] [188818] [HailoRT] [info] [control.cpp:113] [control__parse_identify_results] firmware_version is: 4.23.0
[2026-04-18 13:05:50.541] [188818] [HailoRT] [info] [vdevice.cpp:682] [create] VDevice Infos: 0001:01:00.0
[2026-04-18 13:05:50.549] [188818] [HailoRT] [warning] [buffer_requirements.cpp:131] [get_buffer_requirements_multiple_transfers] Desc page size value (1024) is not optimal for performance.
[2026-04-18 13:05:50.578] [188818] [HailoRT] [info] [internal_buffer_manager.cpp:77] [print_execution_results] Planned internal buffer memory: CMA=0 CMA-Desc=1572864 Pinned=69481472. memory to edge layer usage factor is 1
[2026-04-18 13:05:50.578] [188818] [HailoRT] [info] [internal_buffer_manager.cpp:86] [print_execution_results] Default Internal buffer planner executed successfully
[2026-04-18 13:05:50.752] [188818] [HailoRT] [info] [device_internal.cpp:57] [configure] Configuring HEF took 210.407728 milliseconds
[2026-04-18 13:05:50.752] [188818] [HailoRT] [info] [vdevice.cpp:780] [configure] Configuring HEF on VDevice took 210.915336 milliseconds
[2026-04-18 13:05:50.753] [188818] [HailoRT] [info] [control.cpp:113] [control__parse_identify_results] firmware_version is: 4.23.0
[2026-04-18 13:05:50.753] [188818] [HailoRT] [info] [control.cpp:113] [control__parse_identify_results] firmware_version is: 4.23.0
[2026-04-18 13:05:50.796] [188818] [HailoRT] [info] [core_op.cpp:156] [activate] Activating yolov11n took 43.177362 milliseconds. Note that the function is asynchronous and thus the network is not fully activated yet.
[2026-04-18 13:05:50.796] [188818] [HailoRT] [info] [core_op.cpp:156] [activate] Activating yolov11n took 43.201491 milliseconds. Note that the function is asynchronous and thus the network is not fully activated yet.
[2026-04-18 13:05:50.809] [188818] [HailoRT] [info] [control.cpp:113] [control__parse_identify_results] firmware_version is: 4.23.0
[2026-04-18 13:05:50.809] [188818] [HailoRT] [info] [control.cpp:113] [control__parse_identify_results] firmware_version is: 4.23.0
[2026-04-18 13:05:50.809] [188818] [HailoRT] [info] [edge_elements.cpp:52] [create] Created (HwWriteEl8yolov11n/input_layer1 | hw_frame_size: 1228800)
[2026-04-18 13:05:50.810] [188818] [HailoRT] [info] [queue_elements.cpp:284] [create] Created (PushQEl8yolov11n/input_layer1 | timeout: 10s)
[2026-04-18 13:05:50.810] [188818] [HailoRT] [info] [filter_elements.cpp:101] [create] Created (PreInferEl8yolov11n/input_layer1 | Reorder - src_order: NHWC, src_shape: (640, 640, 3), dst_order: NHCW, dst_shape: (640, 640, 3))
[2026-04-18 13:05:50.810] [188818] [HailoRT] [info] [vstream.cpp:754] [InputVStreamImpl] Creating yolov11n/input_layer1...
[2026-04-18 13:05:50.810] [188818] [HailoRT] [info] [vstream_builder.cpp:102] [create_inputs] Input pipeline 'yolov11n/input_layer1': (PreInferEl8yolov11n/input_layer1 | Reorder - src_order: NHWC, src_shape: (640, 640, 3), dst_order: NHCW, dst_shape: (640, 640, 3)) >> (PushQEl8yolov11n/input_layer1 | timeout: 10s) >> (HwWriteEl8yolov11n/input_layer1 | hw_frame_size: 1228800) >> HW
[2026-04-18 13:05:50.810] [188818] [HailoRT] [info] [multi_io_elements.cpp:135] [create] Created (NmsPPMuxEl0YOLOV8-Post-Process | Op YOLOV8, Name: YOLOV8-Post-Process, Score threshold: 0.200, IoU threshold: 0.70, Classes: 80, Max bboxes per class: 100, Image height: 640, Image width: 640)
[2026-04-18 13:05:50.810] [188818] [HailoRT] [info] [edge_elements.cpp:287] [create] Created (HwReadEl3yolov11n/conv51_143 | hw_frame_size: 409600)
[2026-04-18 13:05:50.810] [188818] [HailoRT] [info] [queue_elements.cpp:657] [create] Created (PullQEl_nms3yolov11n/conv51_143 | timeout: 10s)
[2026-04-18 13:05:50.810] [188818] [HailoRT] [info] [edge_elements.cpp:287] [create] Created (HwReadEl12yolov11n/conv54_143 | hw_frame_size: 512000)
[2026-04-18 13:05:50.810] [188818] [HailoRT] [info] [queue_elements.cpp:657] [create] Created (PullQEl_nms12yolov11n/conv54_143 | timeout: 10s)
[2026-04-18 13:05:50.810] [188818] [HailoRT] [info] [edge_elements.cpp:287] [create] Created (HwReadEl15yolov11n/conv62_143 | hw_frame_size: 102400)
[2026-04-18 13:05:50.810] [188818] [HailoRT] [info] [queue_elements.cpp:657] [create] Created (PullQEl_nms15yolov11n/conv62_143 | timeout: 10s)
[2026-04-18 13:05:50.810] [188818] [HailoRT] [info] [edge_elements.cpp:287] [create] Created (HwReadEl13yolov11n/conv65_143 | hw_frame_size: 128000)
[2026-04-18 13:05:50.810] [188818] [HailoRT] [info] [queue_elements.cpp:657] [create] Created (PullQEl_nms13yolov11n/conv65_143 | timeout: 10s)
[2026-04-18 13:05:50.810] [188818] [HailoRT] [info] [edge_elements.cpp:287] [create] Created (HwReadEl1yolov11n/conv77_143 | hw_frame_size: 30720)
[2026-04-18 13:05:50.810] [188818] [HailoRT] [info] [queue_elements.cpp:657] [create] Created (PullQEl_nms1yolov11n/conv77_143 | timeout: 10s)
[2026-04-18 13:05:50.810] [188818] [HailoRT] [info] [edge_elements.cpp:287] [create] Created (HwReadEl0yolov11n/conv80_143 | hw_frame_size: 38400)
[2026-04-18 13:05:50.810] [188818] [HailoRT] [info] [queue_elements.cpp:657] [create] Created (PullQEl_nms0yolov11n/conv80_143 | timeout: 10s)
[2026-04-18 13:05:50.810] [188818] [HailoRT] [info] [queue_elements.cpp:800] [create] Created (UserBufQEl_post_infer0yolov11n/yolov8_nms_postprocess | timeout: 10s)
[2026-04-18 13:05:50.810] [188818] [HailoRT] [info] [vstream.cpp:1114] [OutputVStreamImpl] Creating yolov11n/yolov8_nms_postprocess...
[2026-04-18 13:05:50.810] [188818] [HailoRT] [info] [vstream_builder.cpp:622] [create_output_post_process_nms] Output pipeline 'yolov11n/yolov8_nms_postprocess': HW >> (HwReadEl3yolov11n/conv51_143 | hw_frame_size: 409600) >> (PullQEl_nms3yolov11n/conv51_143) >> (HwReadEl12yolov11n/conv54_143 | hw_frame_size: 512000) >> (PullQEl_nms12yolov11n/conv54_143) >> (HwReadEl15yolov11n/conv62_143 | hw_frame_size: 102400) >> (PullQEl_nms15yolov11n/conv62_143) >> (HwReadEl13yolov11n/conv65_143 | hw_frame_size: 128000) >> (PullQEl_nms13yolov11n/conv65_143) >> (HwReadEl1yolov11n/conv77_143 | hw_frame_size: 30720) >> (PullQEl_nms1yolov11n/conv77_143) >> (HwReadEl0yolov11n/conv80_143 | hw_frame_size: 38400) >> (PullQEl_nms0yolov11n/conv80_143) >> (NmsPPMuxEl0YOLOV8-Post-Process | Op YOLOV8, Name: YOLOV8-Post-Process, Score threshold: 0.200, IoU threshold: 0.70, Classes: 80, Max bboxes per class: 100, Image height: 640, Image width: 640) >> (UserBufQEl_post_infer0yolov11n/yolov8_nms_postprocess | timeout: 10s)
[2026-04-18 13:06:50.811] [189801] [HailoRT] [info] [vdevice_native_stream.cpp:331] [read_impl] Failed read from stream HAILO_STREAM_ABORT(63) (device: 0001:01:00.0)
[2026-04-18 13:06:50.811] [189801] [HailoRT] [info] [edge_elements.cpp:396] [run_pull] Reading from stream was aborted!
[2026-04-18 13:06:50.811] [189806] [HailoRT] [info] [vdevice_native_stream.cpp:331] [read_impl] Failed read from stream HAILO_STREAM_ABORT(63) (device: 0001:01:00.0)
[2026-04-18 13:06:50.811] [189806] [HailoRT] [info] [edge_elements.cpp:396] [run_pull] Reading from stream was aborted!
[2026-04-18 13:06:50.811] [189801] [HailoRT] [info] [queue_elements.cpp:738] [run_in_thread] run_pull of queue element PullQEl_nms3yolov11n/conv51_143 was aborted!
[2026-04-18 13:06:50.811] [189804] [HailoRT] [info] [vdevice_native_stream.cpp:331] [read_impl] Failed read from stream HAILO_STREAM_ABORT(63) (device: 0001:01:00.0)
[2026-04-18 13:06:50.811] [189804] [HailoRT] [info] [edge_elements.cpp:396] [run_pull] Reading from stream was aborted!
[2026-04-18 13:06:50.811] [189806] [HailoRT] [info] [queue_elements.cpp:738] [run_in_thread] run_pull of queue element PullQEl_nms0yolov11n/conv80_143 was aborted!
[2026-04-18 13:06:50.811] [189804] [HailoRT] [info] [queue_elements.cpp:738] [run_in_thread] run_pull of queue element PullQEl_nms13yolov11n/conv65_143 was aborted!
[2026-04-18 13:06:50.811] [189803] [HailoRT] [info] [vdevice_native_stream.cpp:331] [read_impl] Failed read from stream HAILO_STREAM_ABORT(63) (device: 0001:01:00.0)
[2026-04-18 13:06:50.811] [189803] [HailoRT] [info] [edge_elements.cpp:396] [run_pull] Reading from stream was aborted!
[2026-04-18 13:06:50.811] [189810] [HailoRT] [info] [queue_elements.cpp:706] [run_pull] Shutdown event was signaled in dequeue of queue element PullQEl_nms3yolov11n/conv51_143!
[2026-04-18 13:06:50.811] [189802] [HailoRT] [info] [vdevice_native_stream.cpp:331] [read_impl] Failed read from stream HAILO_STREAM_ABORT(63) (device: 0001:01:00.0)
[2026-04-18 13:06:50.811] [189803] [HailoRT] [info] [queue_elements.cpp:738] [run_in_thread] run_pull of queue element PullQEl_nms15yolov11n/conv62_143 was aborted!
[2026-04-18 13:06:50.811] [189810] [HailoRT] [info] [vstream.cpp:1138] [read] Receiving to VStream was shutdown!
[2026-04-18 13:06:50.811] [189802] [HailoRT] [info] [edge_elements.cpp:396] [run_pull] Reading from stream was aborted!
[2026-04-18 13:06:50.811] [189802] [HailoRT] [info] [queue_elements.cpp:738] [run_in_thread] run_pull of queue element PullQEl_nms12yolov11n/conv54_143 was aborted!
[2026-04-18 13:06:50.811] [189805] [HailoRT] [info] [vdevice_native_stream.cpp:331] [read_impl] Failed read from stream HAILO_STREAM_ABORT(63) (device: 0001:01:00.0)
[2026-04-18 13:06:50.811] [189805] [HailoRT] [info] [edge_elements.cpp:396] [run_pull] Reading from stream was aborted!
[2026-04-18 13:06:50.811] [189805] [HailoRT] [info] [queue_elements.cpp:738] [run_in_thread] run_pull of queue element PullQEl_nms1yolov11n/conv77_143 was aborted!
[2026-04-18 13:06:50.811] [189800] [HailoRT] [info] [vdevice_native_stream.cpp:142] [write_impl] Failed write to stream yolov11n/input_layer1 (device: 0001:01:00.0) with status=HAILO_STREAM_ABORT(63)
[2026-04-18 13:06:50.812] [189800] [HailoRT] [info] [edge_elements.cpp:87] [run_push] Failed to send on input stream InputStream(index=8, name=yolov11n/input_layer1) because stream was aborted
[2026-04-18 13:06:50.812] [189800] [HailoRT] [info] [queue_elements.cpp:401] [run_in_thread] run_push of PushQEl8yolov11n/input_layer1 was aborted!
[2026-04-18 13:06:50.813] [189811] [HailoRT] [info] [queue_elements.cpp:319] [run_push] run_push of PushQEl8yolov11n/input_layer1 was aborted!
[2026-04-18 13:06:50.813] [189811] [HailoRT] [info] [filter_elements.cpp:35] [run_push] run_push of PreInferEl8yolov11n/input_layer1 was aborted!
[2026-04-18 13:06:50.813] [189811] [HailoRT] [info] [vstream.cpp:778] [write] Sending to VStream was aborted!
[2026-04-18 13:06:50.820] [188818] [HailoRT] [info] [queue_elements.cpp:360] [execute_deactivate] enqueue() in element PushQEl8yolov11n/input_layer1 was aborted, got status = HAILO_SHUTDOWN_EVENT_SIGNALED(57)
[2026-04-18 13:06:50.820] [189800] [HailoRT] [info] [queue_elements.cpp:68] [operator()] Thread in element PushQEl8yolov11n/input_layer1 is not running anymore, exiting..
[2026-04-18 13:06:50.820] [188818] [HailoRT] [info] [queue_elements.cpp:46] [~BaseQueueElement] Queue element PushQEl8yolov11n/input_layer1 has 0 frames in his Queue on destruction
[2026-04-18 13:06:50.820] [189807] [HailoRT] [info] [queue_elements.cpp:68] [operator()] Thread in element UserBufQEl_post_infer0yolov11n/yolov8_nms_postprocess is not running anymore, exiting..
[2026-04-18 13:06:50.820] [188818] [HailoRT] [info] [queue_elements.cpp:46] [~BaseQueueElement] Queue element UserBufQEl_post_infer0yolov11n/yolov8_nms_postprocess has 0 frames in his Queue on destruction
[2026-04-18 13:06:50.820] [189806] [HailoRT] [info] [queue_elements.cpp:68] [operator()] Thread in element PullQEl_nms0yolov11n/conv80_143 is not running anymore, exiting..
[2026-04-18 13:06:50.820] [188818] [HailoRT] [info] [queue_elements.cpp:46] [~BaseQueueElement] Queue element PullQEl_nms0yolov11n/conv80_143 has 0 frames in his Queue on destruction
[2026-04-18 13:06:50.820] [189805] [HailoRT] [info] [queue_elements.cpp:68] [operator()] Thread in element PullQEl_nms1yolov11n/conv77_143 is not running anymore, exiting..
[2026-04-18 13:06:50.820] [188818] [HailoRT] [info] [queue_elements.cpp:46] [~BaseQueueElement] Queue element PullQEl_nms1yolov11n/conv77_143 has 0 frames in his Queue on destruction
[2026-04-18 13:06:50.820] [189804] [HailoRT] [info] [queue_elements.cpp:68] [operator()] Thread in element PullQEl_nms13yolov11n/conv65_143 is not running anymore, exiting..
[2026-04-18 13:06:50.820] [188818] [HailoRT] [info] [queue_elements.cpp:46] [~BaseQueueElement] Queue element PullQEl_nms13yolov11n/conv65_143 has 0 frames in his Queue on destruction
[2026-04-18 13:06:50.820] [189803] [HailoRT] [info] [queue_elements.cpp:68] [operator()] Thread in element PullQEl_nms15yolov11n/conv62_143 is not running anymore, exiting..
[2026-04-18 13:06:50.820] [188818] [HailoRT] [info] [queue_elements.cpp:46] [~BaseQueueElement] Queue element PullQEl_nms15yolov11n/conv62_143 has 0 frames in his Queue on destruction
[2026-04-18 13:06:50.820] [189802] [HailoRT] [info] [queue_elements.cpp:68] [operator()] Thread in element PullQEl_nms12yolov11n/conv54_143 is not running anymore, exiting..
[2026-04-18 13:06:50.821] [188818] [HailoRT] [info] [queue_elements.cpp:46] [~BaseQueueElement] Queue element PullQEl_nms12yolov11n/conv54_143 has 0 frames in his Queue on destruction
[2026-04-18 13:06:50.821] [189801] [HailoRT] [info] [queue_elements.cpp:68] [operator()] Thread in element PullQEl_nms3yolov11n/conv51_143 is not running anymore, exiting..
[2026-04-18 13:06:50.821] [188818] [HailoRT] [info] [queue_elements.cpp:46] [~BaseQueueElement] Queue element PullQEl_nms3yolov11n/conv51_143 has 0 frames in his Queue on destruction
[2026-04-18 13:06:50.821] [188818] [HailoRT] [info] [core_op.cpp:186] [deactivate] Deactivating took 0.007574 ms
[2026-04-18 13:06:50.821] [188818] [HailoRT] [info] [core_op.cpp:186] [deactivate] Deactivating took 0.015389 ms
[2026-04-18 13:07:01.148] [190344] [HailoRT] [info] [vdevice.cpp:535] [create] Creating vdevice with params: device_count: 1, scheduling_algorithm: NONE, multi_process_service: false
[2026-04-18 13:07:01.160] [190344] [HailoRT] [info] [device.cpp:51] [Device] OS Version: Linux 6.12.75+rpt-rpi-2712 #1 SMP PREEMPT Debian 1:6.12.75-1+rpt1 (2026-03-11) aarch64
[2026-04-18 13:07:01.161] [190344] [HailoRT] [info] [control.cpp:113] [control__parse_identify_results] firmware_version is: 4.23.0
[2026-04-18 13:07:01.161] [190344] [HailoRT] [info] [vdevice.cpp:682] [create] VDevice Infos: 0001:01:00.0
[2026-04-18 13:07:01.168] [190344] [HailoRT] [warning] [buffer_requirements.cpp:131] [get_buffer_requirements_multiple_transfers] Desc page size value (1024) is not optimal for performance.
[2026-04-18 13:07:01.194] [190344] [HailoRT] [info] [internal_buffer_manager.cpp:77] [print_execution_results] Planned internal buffer memory: CMA=0 CMA-Desc=1572864 Pinned=70659072. memory to edge layer usage factor is 1
[2026-04-18 13:07:01.194] [190344] [HailoRT] [info] [internal_buffer_manager.cpp:86] [print_execution_results] Default Internal buffer planner executed successfully
[2026-04-18 13:07:01.316] [190344] [HailoRT] [info] [device_internal.cpp:57] [configure] Configuring HEF took 155.241617 milliseconds
[2026-04-18 13:07:01.316] [190344] [HailoRT] [info] [vdevice.cpp:780] [configure] Configuring HEF on VDevice took 155.662541 milliseconds
[2026-04-18 13:07:01.317] [190344] [HailoRT] [info] [control.cpp:113] [control__parse_identify_results] firmware_version is: 4.23.0
[2026-04-18 13:07:01.317] [190344] [HailoRT] [info] [control.cpp:113] [control__parse_identify_results] firmware_version is: 4.23.0
[2026-04-18 13:07:01.354] [190344] [HailoRT] [info] [core_op.cpp:156] [activate] Activating yolov11n took 36.896012 milliseconds. Note that the function is asynchronous and thus the network is not fully activated yet.
[2026-04-18 13:07:01.354] [190344] [HailoRT] [info] [core_op.cpp:156] [activate] Activating yolov11n took 36.924641 milliseconds. Note that the function is asynchronous and thus the network is not fully activated yet.
[2026-04-18 13:07:01.367] [190344] [HailoRT] [info] [control.cpp:113] [control__parse_identify_results] firmware_version is: 4.23.0
[2026-04-18 13:07:01.367] [190344] [HailoRT] [info] [control.cpp:113] [control__parse_identify_results] firmware_version is: 4.23.0
[2026-04-18 13:07:02.485] [190336] [HailoRT] [info] [device.cpp:51] [Device] OS Version: Linux 6.12.75+rpt-rpi-2712 #1 SMP PREEMPT Debian 1:6.12.75-1+rpt1 (2026-03-11) aarch64
[2026-04-18 13:07:02.486] [190336] [HailoRT] [info] [control.cpp:113] [control__parse_identify_results] firmware_version is: 4.23.0
[2026-04-18 13:07:02.486] [190336] [HailoRT] [info] [control.cpp:113] [control__parse_identify_results] firmware_version is: 4.23.0
[2026-04-18 13:08:01.368] [190355] [HailoRT] [info] [vdevice_native_stream.cpp:331] [read_impl] Failed read from stream HAILO_STREAM_ABORT(63) (device: 0001:01:00.0)
[2026-04-18 13:08:01.368] [190359] [HailoRT] [info] [vdevice_native_stream.cpp:142] [write_impl] Failed write to stream yolov11n/input_layer1 (device: 0001:01:00.0) with status=HAILO_STREAM_ABORT(63)
[2026-04-18 13:08:01.368] [190356] [HailoRT] [info] [vdevice_native_stream.cpp:331] [read_impl] Failed read from stream HAILO_STREAM_ABORT(63) (device: 0001:01:00.0)
[2026-04-18 13:08:01.368] [190354] [HailoRT] [info] [vdevice_native_stream.cpp:331] [read_impl] Failed read from stream HAILO_STREAM_ABORT(63) (device: 0001:01:00.0)
[2026-04-18 13:08:01.368] [190358] [HailoRT] [info] [vdevice_native_stream.cpp:331] [read_impl] Failed read from stream HAILO_STREAM_ABORT(63) (device: 0001:01:00.0)
[2026-04-18 13:08:01.368] [190357] [HailoRT] [info] [vdevice_native_stream.cpp:331] [read_impl] Failed read from stream HAILO_STREAM_ABORT(63) (device: 0001:01:00.0)
[2026-04-18 13:08:01.368] [190353] [HailoRT] [info] [vdevice_native_stream.cpp:331] [read_impl] Failed read from stream HAILO_STREAM_ABORT(63) (device: 0001:01:00.0)
[2026-04-18 13:08:01.410] [190344] [HailoRT] [info] [core_op.cpp:186] [deactivate] Deactivating took 0.006186 ms
[2026-04-18 13:08:01.410] [190344] [HailoRT] [info] [core_op.cpp:186] [deactivate] Deactivating took 0.025611 ms
[2026-04-18 13:08:01.485] [190344] [HailoRT] [info] [vdevice.cpp:535] [create] Creating vdevice with params: device_count: 1, scheduling_algorithm: NONE, multi_process_service: false
[2026-04-18 13:08:01.485] [190344] [HailoRT] [info] [device.cpp:51] [Device] OS Version: Linux 6.12.75+rpt-rpi-2712 #1 SMP PREEMPT Debian 1:6.12.75-1+rpt1 (2026-03-11) aarch64
[2026-04-18 13:08:01.485] [190344] [HailoRT] [info] [control.cpp:113] [control__parse_identify_results] firmware_version is: 4.23.0
[2026-04-18 13:08:01.485] [190344] [HailoRT] [info] [vdevice.cpp:682] [create] VDevice Infos: 0001:01:00.0
[2026-04-18 13:08:01.493] [190344] [HailoRT] [warning] [buffer_requirements.cpp:131] [get_buffer_requirements_multiple_transfers] Desc page size value (1024) is not optimal for performance.
[2026-04-18 13:08:01.519] [190344] [HailoRT] [info] [internal_buffer_manager.cpp:77] [print_execution_results] Planned internal buffer memory: CMA=0 CMA-Desc=1572864 Pinned=70659072. memory to edge layer usage factor is 1
[2026-04-18 13:08:01.519] [190344] [HailoRT] [info] [internal_buffer_manager.cpp:86] [print_execution_results] Default Internal buffer planner executed successfully
[2026-04-18 13:08:01.638] [190344] [HailoRT] [info] [device_internal.cpp:57] [configure] Configuring HEF took 152.376183 milliseconds
[2026-04-18 13:08:01.638] [190344] [HailoRT] [info] [vdevice.cpp:780] [configure] Configuring HEF on VDevice took 152.738719 milliseconds
[2026-04-18 13:08:01.638] [190344] [HailoRT] [info] [control.cpp:113] [control__parse_identify_results] firmware_version is: 4.23.0
[2026-04-18 13:08:01.639] [190344] [HailoRT] [info] [control.cpp:113] [control__parse_identify_results] firmware_version is: 4.23.0
[2026-04-18 13:08:01.675] [190344] [HailoRT] [info] [core_op.cpp:156] [activate] Activating yolov11n took 36.354314 milliseconds. Note that the function is asynchronous and thus the network is not fully activated yet.
[2026-04-18 13:08:01.675] [190344] [HailoRT] [info] [core_op.cpp:156] [activate] Activating yolov11n took 36.378833 milliseconds. Note that the function is asynchronous and thus the network is not fully activated yet.
[2026-04-18 13:08:01.688] [190344] [HailoRT] [info] [control.cpp:113] [control__parse_identify_results] firmware_version is: 4.23.0
[2026-04-18 13:08:01.688] [190344] [HailoRT] [info] [control.cpp:113] [control__parse_identify_results] firmware_version is: 4.23.0
[2026-04-18 13:08:01.689] [190344] [HailoRT] [info] [edge_elements.cpp:52] [create] Created (HwWriteEl8yolov11n/input_layer1 | hw_frame_size: 1228800)
[2026-04-18 13:08:01.689] [190344] [HailoRT] [info] [queue_elements.cpp:284] [create] Created (PushQEl8yolov11n/input_layer1 | timeout: 10s)
[2026-04-18 13:08:01.689] [190344] [HailoRT] [info] [filter_elements.cpp:101] [create] Created (PreInferEl8yolov11n/input_layer1 | Reorder - src_order: NHWC, src_shape: (640, 640, 3), dst_order: NHCW, dst_shape: (640, 640, 3))
[2026-04-18 13:08:01.689] [190344] [HailoRT] [info] [vstream.cpp:754] [InputVStreamImpl] Creating yolov11n/input_layer1...
[2026-04-18 13:08:01.689] [190344] [HailoRT] [info] [vstream_builder.cpp:102] [create_inputs] Input pipeline 'yolov11n/input_layer1': (PreInferEl8yolov11n/input_layer1 | Reorder - src_order: NHWC, src_shape: (640, 640, 3), dst_order: NHCW, dst_shape: (640, 640, 3)) >> (PushQEl8yolov11n/input_layer1 | timeout: 10s) >> (HwWriteEl8yolov11n/input_layer1 | hw_frame_size: 1228800) >> HW
[2026-04-18 13:08:01.689] [190344] [HailoRT] [info] [multi_io_elements.cpp:135] [create] Created (NmsPPMuxEl0YOLOV8-Post-Process | Op YOLOV8, Name: YOLOV8-Post-Process, Score threshold: 0.200, IoU threshold: 0.70, Classes: 80, Max bboxes per class: 100, Image height: 640, Image width: 640)
[2026-04-18 13:08:01.689] [190344] [HailoRT] [info] [edge_elements.cpp:287] [create] Created (HwReadEl3yolov11n/conv51_143 | hw_frame_size: 409600)
[2026-04-18 13:08:01.689] [190344] [HailoRT] [info] [queue_elements.cpp:657] [create] Created (PullQEl_nms3yolov11n/conv51_143 | timeout: 10s)
[2026-04-18 13:08:01.689] [190344] [HailoRT] [info] [edge_elements.cpp:287] [create] Created (HwReadEl12yolov11n/conv54_143 | hw_frame_size: 512000)
[2026-04-18 13:08:01.689] [190344] [HailoRT] [info] [queue_elements.cpp:657] [create] Created (PullQEl_nms12yolov11n/conv54_143 | timeout: 10s)
[2026-04-18 13:08:01.689] [190344] [HailoRT] [info] [edge_elements.cpp:287] [create] Created (HwReadEl15yolov11n/conv62_143 | hw_frame_size: 102400)
[2026-04-18 13:08:01.689] [190344] [HailoRT] [info] [queue_elements.cpp:657] [create] Created (PullQEl_nms15yolov11n/conv62_143 | timeout: 10s)
[2026-04-18 13:08:01.689] [190344] [HailoRT] [info] [edge_elements.cpp:287] [create] Created (HwReadEl13yolov11n/conv65_143 | hw_frame_size: 128000)
[2026-04-18 13:08:01.689] [190344] [HailoRT] [info] [queue_elements.cpp:657] [create] Created (PullQEl_nms13yolov11n/conv65_143 | timeout: 10s)
[2026-04-18 13:08:01.689] [190344] [HailoRT] [info] [edge_elements.cpp:287] [create] Created (HwReadEl1yolov11n/conv77_143 | hw_frame_size: 30720)
[2026-04-18 13:08:01.689] [190344] [HailoRT] [info] [queue_elements.cpp:657] [create] Created (PullQEl_nms1yolov11n/conv77_143 | timeout: 10s)
[2026-04-18 13:08:01.689] [190344] [HailoRT] [info] [edge_elements.cpp:287] [create] Created (HwReadEl0yolov11n/conv80_143 | hw_frame_size: 38400)
[2026-04-18 13:08:01.690] [190344] [HailoRT] [info] [queue_elements.cpp:657] [create] Created (PullQEl_nms0yolov11n/conv80_143 | timeout: 10s)
[2026-04-18 13:08:01.690] [190344] [HailoRT] [info] [queue_elements.cpp:800] [create] Created (UserBufQEl_post_infer0yolov11n/yolov8_nms_postprocess | timeout: 10s)
[2026-04-18 13:08:01.690] [190344] [HailoRT] [info] [vstream.cpp:1114] [OutputVStreamImpl] Creating yolov11n/yolov8_nms_postprocess...
[2026-04-18 13:08:01.690] [190344] [HailoRT] [info] [vstream_builder.cpp:622] [create_output_post_process_nms] Output pipeline 'yolov11n/yolov8_nms_postprocess': HW >> (HwReadEl3yolov11n/conv51_143 | hw_frame_size: 409600) >> (PullQEl_nms3yolov11n/conv51_143) >> (HwReadEl12yolov11n/conv54_143 | hw_frame_size: 512000) >> (PullQEl_nms12yolov11n/conv54_143) >> (HwReadEl15yolov11n/conv62_143 | hw_frame_size: 102400) >> (PullQEl_nms15yolov11n/conv62_143) >> (HwReadEl13yolov11n/conv65_143 | hw_frame_size: 128000) >> (PullQEl_nms13yolov11n/conv65_143) >> (HwReadEl1yolov11n/conv77_143 | hw_frame_size: 30720) >> (PullQEl_nms1yolov11n/conv77_143) >> (HwReadEl0yolov11n/conv80_143 | hw_frame_size: 38400) >> (PullQEl_nms0yolov11n/conv80_143) >> (NmsPPMuxEl0YOLOV8-Post-Process | Op YOLOV8, Name: YOLOV8-Post-Process, Score threshold: 0.200, IoU threshold: 0.70, Classes: 80, Max bboxes per class: 100, Image height: 640, Image width: 640) >> (UserBufQEl_post_infer0yolov11n/yolov8_nms_postprocess | timeout: 10s)
[2026-04-18 13:09:01.690] [190833] [HailoRT] [info] [vdevice_native_stream.cpp:142] [write_impl] Failed write to stream yolov11n/input_layer1 (device: 0001:01:00.0) with status=HAILO_STREAM_ABORT(63)
[2026-04-18 13:09:01.690] [190836] [HailoRT] [info] [vdevice_native_stream.cpp:331] [read_impl] Failed read from stream HAILO_STREAM_ABORT(63) (device: 0001:01:00.0)
[2026-04-18 13:09:01.690] [190836] [HailoRT] [info] [edge_elements.cpp:396] [run_pull] Reading from stream was aborted!
[2026-04-18 13:09:01.690] [190838] [HailoRT] [info] [vdevice_native_stream.cpp:331] [read_impl] Failed read from stream HAILO_STREAM_ABORT(63) (device: 0001:01:00.0)
[2026-04-18 13:09:01.690] [190838] [HailoRT] [info] [edge_elements.cpp:396] [run_pull] Reading from stream was aborted!
[2026-04-18 13:09:01.690] [190836] [HailoRT] [info] [queue_elements.cpp:738] [run_in_thread] run_pull of queue element PullQEl_nms15yolov11n/conv62_143 was aborted!
[2026-04-18 13:09:01.690] [190838] [HailoRT] [info] [queue_elements.cpp:738] [run_in_thread] run_pull of queue element PullQEl_nms1yolov11n/conv77_143 was aborted!
[2026-04-18 13:09:01.690] [190837] [HailoRT] [info] [vdevice_native_stream.cpp:331] [read_impl] Failed read from stream HAILO_STREAM_ABORT(63) (device: 0001:01:00.0)
[2026-04-18 13:09:01.690] [190837] [HailoRT] [info] [edge_elements.cpp:396] [run_pull] Reading from stream was aborted!
[2026-04-18 13:09:01.690] [190837] [HailoRT] [info] [queue_elements.cpp:738] [run_in_thread] run_pull of queue element PullQEl_nms13yolov11n/conv65_143 was aborted!
[2026-04-18 13:09:01.690] [190839] [HailoRT] [info] [vdevice_native_stream.cpp:331] [read_impl] Failed read from stream HAILO_STREAM_ABORT(63) (device: 0001:01:00.0)
[2026-04-18 13:09:01.690] [190839] [HailoRT] [info] [edge_elements.cpp:396] [run_pull] Reading from stream was aborted!
[2026-04-18 13:09:01.690] [190835] [HailoRT] [info] [vdevice_native_stream.cpp:331] [read_impl] Failed read from stream HAILO_STREAM_ABORT(63) (device: 0001:01:00.0)
[2026-04-18 13:09:01.690] [190835] [HailoRT] [info] [edge_elements.cpp:396] [run_pull] Reading from stream was aborted!
[2026-04-18 13:09:01.690] [190839] [HailoRT] [info] [queue_elements.cpp:738] [run_in_thread] run_pull of queue element PullQEl_nms0yolov11n/conv80_143 was aborted!
[2026-04-18 13:09:01.690] [190833] [HailoRT] [info] [edge_elements.cpp:87] [run_push] Failed to send on input stream InputStream(index=8, name=yolov11n/input_layer1) because stream was aborted
[2026-04-18 13:09:01.690] [190834] [HailoRT] [info] [vdevice_native_stream.cpp:331] [read_impl] Failed read from stream HAILO_STREAM_ABORT(63) (device: 0001:01:00.0)
[2026-04-18 13:09:01.690] [190833] [HailoRT] [info] [queue_elements.cpp:401] [run_in_thread] run_push of PushQEl8yolov11n/input_layer1 was aborted!
[2026-04-18 13:09:01.690] [190835] [HailoRT] [info] [queue_elements.cpp:738] [run_in_thread] run_pull of queue element PullQEl_nms12yolov11n/conv54_143 was aborted!
[2026-04-18 13:09:01.691] [190844] [HailoRT] [info] [queue_elements.cpp:319] [run_push] run_push of PushQEl8yolov11n/input_layer1 was aborted!
[2026-04-18 13:09:01.691] [190844] [HailoRT] [info] [filter_elements.cpp:35] [run_push] run_push of PreInferEl8yolov11n/input_layer1 was aborted!
[2026-04-18 13:09:01.691] [190844] [HailoRT] [info] [vstream.cpp:778] [write] Sending to VStream was aborted!
[2026-04-18 13:09:01.690] [190834] [HailoRT] [info] [edge_elements.cpp:396] [run_pull] Reading from stream was aborted!
[2026-04-18 13:09:01.691] [190834] [HailoRT] [info] [queue_elements.cpp:738] [run_in_thread] run_pull of queue element PullQEl_nms3yolov11n/conv51_143 was aborted!
[2026-04-18 13:09:01.691] [190843] [HailoRT] [info] [queue_elements.cpp:706] [run_pull] Shutdown event was signaled in dequeue of queue element PullQEl_nms3yolov11n/conv51_143!
[2026-04-18 13:09:01.691] [190843] [HailoRT] [info] [vstream.cpp:1138] [read] Receiving to VStream was shutdown!
[2026-04-18 13:09:01.700] [190344] [HailoRT] [info] [queue_elements.cpp:360] [execute_deactivate] enqueue() in element PushQEl8yolov11n/input_layer1 was aborted, got status = HAILO_SHUTDOWN_EVENT_SIGNALED(57)
[2026-04-18 13:09:01.700] [190833] [HailoRT] [info] [queue_elements.cpp:68] [operator()] Thread in element PushQEl8yolov11n/input_layer1 is not running anymore, exiting..
[2026-04-18 13:09:01.700] [190344] [HailoRT] [info] [queue_elements.cpp:46] [~BaseQueueElement] Queue element PushQEl8yolov11n/input_layer1 has 1 frames in his Queue on destruction
[2026-04-18 13:09:01.701] [190840] [HailoRT] [info] [queue_elements.cpp:68] [operator()] Thread in element UserBufQEl_post_infer0yolov11n/yolov8_nms_postprocess is not running anymore, exiting..
[2026-04-18 13:09:01.701] [190344] [HailoRT] [info] [queue_elements.cpp:46] [~BaseQueueElement] Queue element UserBufQEl_post_infer0yolov11n/yolov8_nms_postprocess has 0 frames in his Queue on destruction
[2026-04-18 13:09:01.701] [190839] [HailoRT] [info] [queue_elements.cpp:68] [operator()] Thread in element PullQEl_nms0yolov11n/conv80_143 is not running anymore, exiting..
[2026-04-18 13:09:01.701] [190344] [HailoRT] [info] [queue_elements.cpp:46] [~BaseQueueElement] Queue element PullQEl_nms0yolov11n/conv80_143 has 0 frames in his Queue on destruction
[2026-04-18 13:09:01.701] [190838] [HailoRT] [info] [queue_elements.cpp:68] [operator()] Thread in element PullQEl_nms1yolov11n/conv77_143 is not running anymore, exiting..
[2026-04-18 13:09:01.701] [190344] [HailoRT] [info] [queue_elements.cpp:46] [~BaseQueueElement] Queue element PullQEl_nms1yolov11n/conv77_143 has 0 frames in his Queue on destruction
[2026-04-18 13:09:01.701] [190837] [HailoRT] [info] [queue_elements.cpp:68] [operator()] Thread in element PullQEl_nms13yolov11n/conv65_143 is not running anymore, exiting..
[2026-04-18 13:09:01.701] [190344] [HailoRT] [info] [queue_elements.cpp:46] [~BaseQueueElement] Queue element PullQEl_nms13yolov11n/conv65_143 has 0 frames in his Queue on destruction
[2026-04-18 13:09:01.701] [190836] [HailoRT] [info] [queue_elements.cpp:68] [operator()] Thread in element PullQEl_nms15yolov11n/conv62_143 is not running anymore, exiting..
[2026-04-18 13:09:01.701] [190344] [HailoRT] [info] [queue_elements.cpp:46] [~BaseQueueElement] Queue element PullQEl_nms15yolov11n/conv62_143 has 0 frames in his Queue on destruction
[2026-04-18 13:09:01.701] [190835] [HailoRT] [info] [queue_elements.cpp:68] [operator()] Thread in element PullQEl_nms12yolov11n/conv54_143 is not running anymore, exiting..
[2026-04-18 13:09:01.701] [190344] [HailoRT] [info] [queue_elements.cpp:46] [~BaseQueueElement] Queue element PullQEl_nms12yolov11n/conv54_143 has 0 frames in his Queue on destruction
[2026-04-18 13:09:01.701] [190834] [HailoRT] [info] [queue_elements.cpp:68] [operator()] Thread in element PullQEl_nms3yolov11n/conv51_143 is not running anymore, exiting..
[2026-04-18 13:09:01.701] [190344] [HailoRT] [info] [queue_elements.cpp:46] [~BaseQueueElement] Queue element PullQEl_nms3yolov11n/conv51_143 has 0 frames in his Queue on destruction
[2026-04-18 13:09:01.701] [190344] [HailoRT] [info] [core_op.cpp:186] [deactivate] Deactivating took 0.006908 ms
[2026-04-18 13:09:01.701] [190344] [HailoRT] [info] [core_op.cpp:186] [deactivate] Deactivating took 0.015963 ms
[2026-04-18 13:09:01.757] [190344] [HailoRT] [info] [vdevice.cpp:535] [create] Creating vdevice with params: device_count: 1, scheduling_algorithm: NONE, multi_process_service: false
[2026-04-18 13:09:01.757] [190344] [HailoRT] [info] [device.cpp:51] [Device] OS Version: Linux 6.12.75+rpt-rpi-2712 #1 SMP PREEMPT Debian 1:6.12.75-1+rpt1 (2026-03-11) aarch64
[2026-04-18 13:09:01.757] [190344] [HailoRT] [info] [control.cpp:113] [control__parse_identify_results] firmware_version is: 4.23.0
[2026-04-18 13:09:01.757] [190344] [HailoRT] [info] [vdevice.cpp:682] [create] VDevice Infos: 0001:01:00.0
[2026-04-18 13:09:01.763] [190344] [HailoRT] [warning] [buffer_requirements.cpp:131] [get_buffer_requirements_multiple_transfers] Desc page size value (1024) is not optimal for performance.
[2026-04-18 13:09:01.782] [190344] [HailoRT] [info] [internal_buffer_manager.cpp:77] [print_execution_results] Planned internal buffer memory: CMA=0 CMA-Desc=1572864 Pinned=70659072. memory to edge layer usage factor is 1
[2026-04-18 13:09:01.782] [190344] [HailoRT] [info] [internal_buffer_manager.cpp:86] [print_execution_results] Default Internal buffer planner executed successfully
[2026-04-18 13:09:01.903] [190344] [HailoRT] [info] [device_internal.cpp:57] [configure] Configuring HEF took 145.896358 milliseconds
[2026-04-18 13:09:01.904] [190344] [HailoRT] [info] [vdevice.cpp:780] [configure] Configuring HEF on VDevice took 146.261764 milliseconds
[2026-04-18 13:09:01.904] [190344] [HailoRT] [info] [control.cpp:113] [control__parse_identify_results] firmware_version is: 4.23.0
[2026-04-18 13:09:01.904] [190344] [HailoRT] [info] [control.cpp:113] [control__parse_identify_results] firmware_version is: 4.23.0
[2026-04-18 13:09:01.934] [190344] [HailoRT] [info] [core_op.cpp:156] [activate] Activating yolov11n took 29.322853 milliseconds. Note that the function is asynchronous and thus the network is not fully activated yet.
[2026-04-18 13:09:01.934] [190344] [HailoRT] [info] [core_op.cpp:156] [activate] Activating yolov11n took 29.347519 milliseconds. Note that the function is asynchronous and thus the network is not fully activated yet.
[2026-04-18 13:09:01.947] [190344] [HailoRT] [info] [control.cpp:113] [control__parse_identify_results] firmware_version is: 4.23.0
[2026-04-18 13:09:01.947] [190344] [HailoRT] [info] [control.cpp:113] [control__parse_identify_results] firmware_version is: 4.23.0
[2026-04-18 13:09:01.947] [190344] [HailoRT] [info] [edge_elements.cpp:52] [create] Created (HwWriteEl8yolov11n/input_layer1 | hw_frame_size: 1228800)
[2026-04-18 13:09:01.947] [190344] [HailoRT] [info] [queue_elements.cpp:284] [create] Created (PushQEl8yolov11n/input_layer1 | timeout: 10s)
[2026-04-18 13:09:01.947] [190344] [HailoRT] [info] [filter_elements.cpp:101] [create] Created (PreInferEl8yolov11n/input_layer1 | Reorder - src_order: NHWC, src_shape: (640, 640, 3), dst_order: NHCW, dst_shape: (640, 640, 3))
[2026-04-18 13:09:01.947] [190344] [HailoRT] [info] [vstream.cpp:754] [InputVStreamImpl] Creating yolov11n/input_layer1...
[2026-04-18 13:09:01.947] [190344] [HailoRT] [info] [vstream_builder.cpp:102] [create_inputs] Input pipeline 'yolov11n/input_layer1': (PreInferEl8yolov11n/input_layer1 | Reorder - src_order: NHWC, src_shape: (640, 640, 3), dst_order: NHCW, dst_shape: (640, 640, 3)) >> (PushQEl8yolov11n/input_layer1 | timeout: 10s) >> (HwWriteEl8yolov11n/input_layer1 | hw_frame_size: 1228800) >> HW
[2026-04-18 13:09:01.947] [190344] [HailoRT] [info] [multi_io_elements.cpp:135] [create] Created (NmsPPMuxEl0YOLOV8-Post-Process | Op YOLOV8, Name: YOLOV8-Post-Process, Score threshold: 0.200, IoU threshold: 0.70, Classes: 80, Max bboxes per class: 100, Image height: 640, Image width: 640)
[2026-04-18 13:09:01.947] [190344] [HailoRT] [info] [edge_elements.cpp:287] [create] Created (HwReadEl3yolov11n/conv51_143 | hw_frame_size: 409600)
[2026-04-18 13:09:01.947] [190344] [HailoRT] [info] [queue_elements.cpp:657] [create] Created (PullQEl_nms3yolov11n/conv51_143 | timeout: 10s)
[2026-04-18 13:09:01.948] [190344] [HailoRT] [info] [edge_elements.cpp:287] [create] Created (HwReadEl12yolov11n/conv54_143 | hw_frame_size: 512000)
[2026-04-18 13:09:01.948] [190344] [HailoRT] [info] [queue_elements.cpp:657] [create] Created (PullQEl_nms12yolov11n/conv54_143 | timeout: 10s)
[2026-04-18 13:09:01.948] [190344] [HailoRT] [info] [edge_elements.cpp:287] [create] Created (HwReadEl15yolov11n/conv62_143 | hw_frame_size: 102400)
[2026-04-18 13:09:01.948] [190344] [HailoRT] [info] [queue_elements.cpp:657] [create] Created (PullQEl_nms15yolov11n/conv62_143 | timeout: 10s)
[2026-04-18 13:09:01.948] [190344] [HailoRT] [info] [edge_elements.cpp:287] [create] Created (HwReadEl13yolov11n/conv65_143 | hw_frame_size: 128000)
[2026-04-18 13:09:01.948] [190344] [HailoRT] [info] [queue_elements.cpp:657] [create] Created (PullQEl_nms13yolov11n/conv65_143 | timeout: 10s)
[2026-04-18 13:09:01.948] [190344] [HailoRT] [info] [edge_elements.cpp:287] [create] Created (HwReadEl1yolov11n/conv77_143 | hw_frame_size: 30720)
[2026-04-18 13:09:01.948] [190344] [HailoRT] [info] [queue_elements.cpp:657] [create] Created (PullQEl_nms1yolov11n/conv77_143 | timeout: 10s)
[2026-04-18 13:09:01.948] [190344] [HailoRT] [info] [edge_elements.cpp:287] [create] Created (HwReadEl0yolov11n/conv80_143 | hw_frame_size: 38400)
[2026-04-18 13:09:01.948] [190344] [HailoRT] [info] [queue_elements.cpp:657] [create] Created (PullQEl_nms0yolov11n/conv80_143 | timeout: 10s)
[2026-04-18 13:09:01.948] [190344] [HailoRT] [info] [queue_elements.cpp:800] [create] Created (UserBufQEl_post_infer0yolov11n/yolov8_nms_postprocess | timeout: 10s)
[2026-04-18 13:09:01.948] [190344] [HailoRT] [info] [vstream.cpp:1114] [OutputVStreamImpl] Creating yolov11n/yolov8_nms_postprocess...
[2026-04-18 13:09:01.948] [190344] [HailoRT] [info] [vstream_builder.cpp:622] [create_output_post_process_nms] Output pipeline 'yolov11n/yolov8_nms_postprocess': HW >> (HwReadEl3yolov11n/conv51_143 | hw_frame_size: 409600) >> (PullQEl_nms3yolov11n/conv51_143) >> (HwReadEl12yolov11n/conv54_143 | hw_frame_size: 512000) >> (PullQEl_nms12yolov11n/conv54_143) >> (HwReadEl15yolov11n/conv62_143 | hw_frame_size: 102400) >> (PullQEl_nms15yolov11n/conv62_143) >> (HwReadEl13yolov11n/conv65_143 | hw_frame_size: 128000) >> (PullQEl_nms13yolov11n/conv65_143) >> (HwReadEl1yolov11n/conv77_143 | hw_frame_size: 30720) >> (PullQEl_nms1yolov11n/conv77_143) >> (HwReadEl0yolov11n/conv80_143 | hw_frame_size: 38400) >> (PullQEl_nms0yolov11n/conv80_143) >> (NmsPPMuxEl0YOLOV8-Post-Process | Op YOLOV8, Name: YOLOV8-Post-Process, Score threshold: 0.200, IoU threshold: 0.70, Classes: 80, Max bboxes per class: 100, Image height: 640, Image width: 640) >> (UserBufQEl_post_infer0yolov11n/yolov8_nms_postprocess | timeout: 10s)
[2026-04-18 13:10:01.950] [191313] [HailoRT] [info] [vdevice_native_stream.cpp:331] [read_impl] Failed read from stream HAILO_STREAM_ABORT(63) (device: 0001:01:00.0)
[2026-04-18 13:10:01.950] [191313] [HailoRT] [info] [edge_elements.cpp:396] [run_pull] Reading from stream was aborted!
[2026-04-18 13:10:01.950] [191318] [HailoRT] [info] [vdevice_native_stream.cpp:331] [read_impl] Failed read from stream HAILO_STREAM_ABORT(63) (device: 0001:01:00.0)
[2026-04-18 13:10:01.950] [191318] [HailoRT] [info] [edge_elements.cpp:396] [run_pull] Reading from stream was aborted!
[2026-04-18 13:10:01.950] [191313] [HailoRT] [info] [queue_elements.cpp:738] [run_in_thread] run_pull of queue element PullQEl_nms3yolov11n/conv51_143 was aborted!
[2026-04-18 13:10:01.950] [191318] [HailoRT] [info] [queue_elements.cpp:738] [run_in_thread] run_pull of queue element PullQEl_nms0yolov11n/conv80_143 was aborted!
[2026-04-18 13:10:01.950] [191316] [HailoRT] [info] [vdevice_native_stream.cpp:331] [read_impl] Failed read from stream HAILO_STREAM_ABORT(63) (device: 0001:01:00.0)
[2026-04-18 13:10:01.950] [191316] [HailoRT] [info] [edge_elements.cpp:396] [run_pull] Reading from stream was aborted!
[2026-04-18 13:10:01.950] [191316] [HailoRT] [info] [queue_elements.cpp:738] [run_in_thread] run_pull of queue element PullQEl_nms13yolov11n/conv65_143 was aborted!
[2026-04-18 13:10:01.950] [191314] [HailoRT] [info] [vdevice_native_stream.cpp:331] [read_impl] Failed read from stream HAILO_STREAM_ABORT(63) (device: 0001:01:00.0)
[2026-04-18 13:10:01.950] [191314] [HailoRT] [info] [edge_elements.cpp:396] [run_pull] Reading from stream was aborted!
[2026-04-18 13:10:01.950] [191314] [HailoRT] [info] [queue_elements.cpp:738] [run_in_thread] run_pull of queue element PullQEl_nms12yolov11n/conv54_143 was aborted!
[2026-04-18 13:10:01.950] [191315] [HailoRT] [info] [vdevice_native_stream.cpp:331] [read_impl] Failed read from stream HAILO_STREAM_ABORT(63) (device: 0001:01:00.0)
[2026-04-18 13:10:01.950] [191315] [HailoRT] [info] [edge_elements.cpp:396] [run_pull] Reading from stream was aborted!
[2026-04-18 13:10:01.950] [191315] [HailoRT] [info] [queue_elements.cpp:738] [run_in_thread] run_pull of queue element PullQEl_nms15yolov11n/conv62_143 was aborted!
[2026-04-18 13:10:01.950] [191322] [HailoRT] [info] [queue_elements.cpp:706] [run_pull] Shutdown event was signaled in dequeue of queue element PullQEl_nms3yolov11n/conv51_143!
[2026-04-18 13:10:01.950] [191322] [HailoRT] [info] [vstream.cpp:1138] [read] Receiving to VStream was shutdown!
[2026-04-18 13:10:01.950] [191312] [HailoRT] [info] [vdevice_native_stream.cpp:142] [write_impl] Failed write to stream yolov11n/input_layer1 (device: 0001:01:00.0) with status=HAILO_STREAM_ABORT(63)
[2026-04-18 13:10:01.950] [191312] [HailoRT] [info] [edge_elements.cpp:87] [run_push] Failed to send on input stream InputStream(index=8, name=yolov11n/input_layer1) because stream was aborted
[2026-04-18 13:10:01.950] [191312] [HailoRT] [info] [queue_elements.cpp:401] [run_in_thread] run_push of PushQEl8yolov11n/input_layer1 was aborted!
[2026-04-18 13:10:01.951] [191323] [HailoRT] [info] [queue_elements.cpp:319] [run_push] run_push of PushQEl8yolov11n/input_layer1 was aborted!
[2026-04-18 13:10:01.951] [191323] [HailoRT] [info] [filter_elements.cpp:35] [run_push] run_push of PreInferEl8yolov11n/input_layer1 was aborted!
[2026-04-18 13:10:01.951] [191323] [HailoRT] [info] [vstream.cpp:778] [write] Sending to VStream was aborted!
[2026-04-18 13:10:01.951] [191317] [HailoRT] [info] [vdevice_native_stream.cpp:331] [read_impl] Failed read from stream HAILO_STREAM_ABORT(63) (device: 0001:01:00.0)
[2026-04-18 13:10:01.951] [191317] [HailoRT] [info] [edge_elements.cpp:396] [run_pull] Reading from stream was aborted!
[2026-04-18 13:10:01.951] [191317] [HailoRT] [info] [queue_elements.cpp:738] [run_in_thread] run_pull of queue element PullQEl_nms1yolov11n/conv77_143 was aborted!
[2026-04-18 13:10:01.959] [190344] [HailoRT] [info] [queue_elements.cpp:360] [execute_deactivate] enqueue() in element PushQEl8yolov11n/input_layer1 was aborted, got status = HAILO_SHUTDOWN_EVENT_SIGNALED(57)
[2026-04-18 13:10:01.959] [191312] [HailoRT] [info] [queue_elements.cpp:68] [operator()] Thread in element PushQEl8yolov11n/input_layer1 is not running anymore, exiting..
[2026-04-18 13:10:01.960] [190344] [HailoRT] [info] [queue_elements.cpp:46] [~BaseQueueElement] Queue element PushQEl8yolov11n/input_layer1 has 0 frames in his Queue on destruction
[2026-04-18 13:10:01.960] [191319] [HailoRT] [info] [queue_elements.cpp:68] [operator()] Thread in element UserBufQEl_post_infer0yolov11n/yolov8_nms_postprocess is not running anymore, exiting..
[2026-04-18 13:10:01.960] [190344] [HailoRT] [info] [queue_elements.cpp:46] [~BaseQueueElement] Queue element UserBufQEl_post_infer0yolov11n/yolov8_nms_postprocess has 0 frames in his Queue on destruction
[2026-04-18 13:10:01.960] [191318] [HailoRT] [info] [queue_elements.cpp:68] [operator()] Thread in element PullQEl_nms0yolov11n/conv80_143 is not running anymore, exiting..
[2026-04-18 13:10:01.960] [190344] [HailoRT] [info] [queue_elements.cpp:46] [~BaseQueueElement] Queue element PullQEl_nms0yolov11n/conv80_143 has 0 frames in his Queue on destruction
[2026-04-18 13:10:01.960] [191317] [HailoRT] [info] [queue_elements.cpp:68] [operator()] Thread in element PullQEl_nms1yolov11n/conv77_143 is not running anymore, exiting..
[2026-04-18 13:10:01.964] [190344] [HailoRT] [info] [queue_elements.cpp:46] [~BaseQueueElement] Queue element PullQEl_nms1yolov11n/conv77_143 has 0 frames in his Queue on destruction
[2026-04-18 13:10:01.964] [191316] [HailoRT] [info] [queue_elements.cpp:68] [operator()] Thread in element PullQEl_nms13yolov11n/conv65_143 is not running anymore, exiting..
[2026-04-18 13:10:01.964] [190344] [HailoRT] [info] [queue_elements.cpp:46] [~BaseQueueElement] Queue element PullQEl_nms13yolov11n/conv65_143 has 0 frames in his Queue on destruction
[2026-04-18 13:10:01.964] [191315] [HailoRT] [info] [queue_elements.cpp:68] [operator()] Thread in element PullQEl_nms15yolov11n/conv62_143 is not running anymore, exiting..
[2026-04-18 13:10:01.964] [190344] [HailoRT] [info] [queue_elements.cpp:46] [~BaseQueueElement] Queue element PullQEl_nms15yolov11n/conv62_143 has 0 frames in his Queue on destruction
[2026-04-18 13:10:01.964] [191314] [HailoRT] [info] [queue_elements.cpp:68] [operator()] Thread in element PullQEl_nms12yolov11n/conv54_143 is not running anymore, exiting..
[2026-04-18 13:10:01.964] [190344] [HailoRT] [info] [queue_elements.cpp:46] [~BaseQueueElement] Queue element PullQEl_nms12yolov11n/conv54_143 has 0 frames in his Queue on destruction
[2026-04-18 13:10:01.964] [191313] [HailoRT] [info] [queue_elements.cpp:68] [operator()] Thread in element PullQEl_nms3yolov11n/conv51_143 is not running anymore, exiting..
[2026-04-18 13:10:01.964] [190344] [HailoRT] [info] [queue_elements.cpp:46] [~BaseQueueElement] Queue element PullQEl_nms3yolov11n/conv51_143 has 0 frames in his Queue on destruction
[2026-04-18 13:10:01.965] [190344] [HailoRT] [info] [core_op.cpp:186] [deactivate] Deactivating took 0.013407 ms
[2026-04-18 13:10:01.965] [190344] [HailoRT] [info] [core_op.cpp:186] [deactivate] Deactivating took 0.028222 ms
[2026-04-18 13:10:12.307] [191869] [HailoRT] [info] [vdevice.cpp:535] [create] Creating vdevice with params: device_count: 1, scheduling_algorithm: NONE, multi_process_service: false
[2026-04-18 13:10:12.320] [191869] [HailoRT] [info] [device.cpp:51] [Device] OS Version: Linux 6.12.75+rpt-rpi-2712 #1 SMP PREEMPT Debian 1:6.12.75-1+rpt1 (2026-03-11) aarch64
[2026-04-18 13:10:12.320] [191869] [HailoRT] [info] [control.cpp:113] [control__parse_identify_results] firmware_version is: 4.23.0
[2026-04-18 13:10:12.320] [191869] [HailoRT] [info] [vdevice.cpp:682] [create] VDevice Infos: 0001:01:00.0
[2026-04-18 13:10:12.326] [191869] [HailoRT] [warning] [buffer_requirements.cpp:131] [get_buffer_requirements_multiple_transfers] Desc page size value (1024) is not optimal for performance.
[2026-04-18 13:10:12.351] [191869] [HailoRT] [info] [internal_buffer_manager.cpp:77] [print_execution_results] Planned internal buffer memory: CMA=0 CMA-Desc=1572864 Pinned=71836672. memory to edge layer usage factor is 1
[2026-04-18 13:10:12.351] [191869] [HailoRT] [info] [internal_buffer_manager.cpp:86] [print_execution_results] Default Internal buffer planner executed successfully
[2026-04-18 13:10:12.471] [191869] [HailoRT] [info] [device_internal.cpp:57] [configure] Configuring HEF took 150.383534 milliseconds
[2026-04-18 13:10:12.471] [191869] [HailoRT] [info] [vdevice.cpp:780] [configure] Configuring HEF on VDevice took 150.791847 milliseconds
[2026-04-18 13:10:12.471] [191869] [HailoRT] [info] [control.cpp:113] [control__parse_identify_results] firmware_version is: 4.23.0
[2026-04-18 13:10:12.472] [191869] [HailoRT] [info] [control.cpp:113] [control__parse_identify_results] firmware_version is: 4.23.0
[2026-04-18 13:10:12.508] [191869] [HailoRT] [info] [core_op.cpp:156] [activate] Activating yolov11n took 36.505931 milliseconds. Note that the function is asynchronous and thus the network is not fully activated yet.
[2026-04-18 13:10:12.508] [191869] [HailoRT] [info] [core_op.cpp:156] [activate] Activating yolov11n took 36.534338 milliseconds. Note that the function is asynchronous and thus the network is not fully activated yet.
[2026-04-18 13:10:12.521] [191869] [HailoRT] [info] [control.cpp:113] [control__parse_identify_results] firmware_version is: 4.23.0
[2026-04-18 13:10:12.522] [191869] [HailoRT] [info] [control.cpp:113] [control__parse_identify_results] firmware_version is: 4.23.0
[2026-04-18 13:10:13.612] [191861] [HailoRT] [info] [device.cpp:51] [Device] OS Version: Linux 6.12.75+rpt-rpi-2712 #1 SMP PREEMPT Debian 1:6.12.75-1+rpt1 (2026-03-11) aarch64
[2026-04-18 13:10:13.612] [191861] [HailoRT] [info] [control.cpp:113] [control__parse_identify_results] firmware_version is: 4.23.0
[2026-04-18 13:10:13.612] [191861] [HailoRT] [info] [control.cpp:113] [control__parse_identify_results] firmware_version is: 4.23.0
[2026-04-18 13:11:12.522] [191884] [HailoRT] [info] [vdevice_native_stream.cpp:142] [write_impl] Failed write to stream yolov11n/input_layer1 (device: 0001:01:00.0) with status=HAILO_STREAM_ABORT(63)
[2026-04-18 13:11:12.522] [191879] [HailoRT] [info] [vdevice_native_stream.cpp:331] [read_impl] Failed read from stream HAILO_STREAM_ABORT(63) (device: 0001:01:00.0)
[2026-04-18 13:11:12.522] [191880] [HailoRT] [info] [vdevice_native_stream.cpp:331] [read_impl] Failed read from stream HAILO_STREAM_ABORT(63) (device: 0001:01:00.0)
[2026-04-18 13:11:12.522] [191881] [HailoRT] [info] [vdevice_native_stream.cpp:331] [read_impl] Failed read from stream HAILO_STREAM_ABORT(63) (device: 0001:01:00.0)
[2026-04-18 13:11:12.522] [191883] [HailoRT] [info] [vdevice_native_stream.cpp:331] [read_impl] Failed read from stream HAILO_STREAM_ABORT(63) (device: 0001:01:00.0)
[2026-04-18 13:11:12.522] [191882] [HailoRT] [info] [vdevice_native_stream.cpp:331] [read_impl] Failed read from stream HAILO_STREAM_ABORT(63) (device: 0001:01:00.0)
[2026-04-18 13:11:12.522] [191878] [HailoRT] [info] [vdevice_native_stream.cpp:331] [read_impl] Failed read from stream HAILO_STREAM_ABORT(63) (device: 0001:01:00.0)
[2026-04-18 13:11:12.533] [191869] [HailoRT] [info] [core_op.cpp:186] [deactivate] Deactivating took 0.008333 ms
[2026-04-18 13:11:12.533] [191869] [HailoRT] [info] [core_op.cpp:186] [deactivate] Deactivating took 0.03 ms
[2026-04-18 13:11:12.598] [191869] [HailoRT] [info] [vdevice.cpp:535] [create] Creating vdevice with params: device_count: 1, scheduling_algorithm: NONE, multi_process_service: false
[2026-04-18 13:11:12.598] [191869] [HailoRT] [info] [device.cpp:51] [Device] OS Version: Linux 6.12.75+rpt-rpi-2712 #1 SMP PREEMPT Debian 1:6.12.75-1+rpt1 (2026-03-11) aarch64
[2026-04-18 13:11:12.598] [191869] [HailoRT] [info] [control.cpp:113] [control__parse_identify_results] firmware_version is: 4.23.0
[2026-04-18 13:11:12.598] [191869] [HailoRT] [info] [vdevice.cpp:682] [create] VDevice Infos: 0001:01:00.0
[2026-04-18 13:11:12.604] [191869] [HailoRT] [warning] [buffer_requirements.cpp:131] [get_buffer_requirements_multiple_transfers] Desc page size value (1024) is not optimal for performance.
[2026-04-18 13:11:12.630] [191869] [HailoRT] [info] [internal_buffer_manager.cpp:77] [print_execution_results] Planned internal buffer memory: CMA=0 CMA-Desc=1572864 Pinned=71836672. memory to edge layer usage factor is 1
[2026-04-18 13:11:12.630] [191869] [HailoRT] [info] [internal_buffer_manager.cpp:86] [print_execution_results] Default Internal buffer planner executed successfully
[2026-04-18 13:11:12.755] [191869] [HailoRT] [info] [device_internal.cpp:57] [configure] Configuring HEF took 156.143702 milliseconds
[2026-04-18 13:11:12.755] [191869] [HailoRT] [info] [vdevice.cpp:780] [configure] Configuring HEF on VDevice took 156.512811 milliseconds
[2026-04-18 13:11:12.755] [191869] [HailoRT] [info] [control.cpp:113] [control__parse_identify_results] firmware_version is: 4.23.0
[2026-04-18 13:11:12.755] [191869] [HailoRT] [info] [control.cpp:113] [control__parse_identify_results] firmware_version is: 4.23.0
[2026-04-18 13:11:12.792] [191869] [HailoRT] [info] [core_op.cpp:156] [activate] Activating yolov11n took 36.605285 milliseconds. Note that the function is asynchronous and thus the network is not fully activated yet.
[2026-04-18 13:11:12.792] [191869] [HailoRT] [info] [core_op.cpp:156] [activate] Activating yolov11n took 36.629006 milliseconds. Note that the function is asynchronous and thus the network is not fully activated yet.
[2026-04-18 13:11:12.805] [191869] [HailoRT] [info] [control.cpp:113] [control__parse_identify_results] firmware_version is: 4.23.0
[2026-04-18 13:11:12.805] [191869] [HailoRT] [info] [control.cpp:113] [control__parse_identify_results] firmware_version is: 4.23.0
[2026-04-18 13:11:12.805] [191869] [HailoRT] [info] [edge_elements.cpp:52] [create] Created (HwWriteEl8yolov11n/input_layer1 | hw_frame_size: 1228800)
[2026-04-18 13:11:12.806] [191869] [HailoRT] [info] [queue_elements.cpp:284] [create] Created (PushQEl8yolov11n/input_layer1 | timeout: 10s)
[2026-04-18 13:11:12.806] [191869] [HailoRT] [info] [filter_elements.cpp:101] [create] Created (PreInferEl8yolov11n/input_layer1 | Reorder - src_order: NHWC, src_shape: (640, 640, 3), dst_order: NHCW, dst_shape: (640, 640, 3))
[2026-04-18 13:11:12.806] [191869] [HailoRT] [info] [vstream.cpp:754] [InputVStreamImpl] Creating yolov11n/input_layer1...
[2026-04-18 13:11:12.806] [191869] [HailoRT] [info] [vstream_builder.cpp:102] [create_inputs] Input pipeline 'yolov11n/input_layer1': (PreInferEl8yolov11n/input_layer1 | Reorder - src_order: NHWC, src_shape: (640, 640, 3), dst_order: NHCW, dst_shape: (640, 640, 3)) >> (PushQEl8yolov11n/input_layer1 | timeout: 10s) >> (HwWriteEl8yolov11n/input_layer1 | hw_frame_size: 1228800) >> HW
[2026-04-18 13:11:12.806] [191869] [HailoRT] [info] [multi_io_elements.cpp:135] [create] Created (NmsPPMuxEl0YOLOV8-Post-Process | Op YOLOV8, Name: YOLOV8-Post-Process, Score threshold: 0.200, IoU threshold: 0.70, Classes: 80, Max bboxes per class: 100, Image height: 640, Image width: 640)
[2026-04-18 13:11:12.806] [191869] [HailoRT] [info] [edge_elements.cpp:287] [create] Created (HwReadEl3yolov11n/conv51_143 | hw_frame_size: 409600)
[2026-04-18 13:11:12.806] [191869] [HailoRT] [info] [queue_elements.cpp:657] [create] Created (PullQEl_nms3yolov11n/conv51_143 | timeout: 10s)
[2026-04-18 13:11:12.806] [191869] [HailoRT] [info] [edge_elements.cpp:287] [create] Created (HwReadEl12yolov11n/conv54_143 | hw_frame_size: 512000)
[2026-04-18 13:11:12.806] [191869] [HailoRT] [info] [queue_elements.cpp:657] [create] Created (PullQEl_nms12yolov11n/conv54_143 | timeout: 10s)
[2026-04-18 13:11:12.806] [191869] [HailoRT] [info] [edge_elements.cpp:287] [create] Created (HwReadEl15yolov11n/conv62_143 | hw_frame_size: 102400)
[2026-04-18 13:11:12.806] [191869] [HailoRT] [info] [queue_elements.cpp:657] [create] Created (PullQEl_nms15yolov11n/conv62_143 | timeout: 10s)
[2026-04-18 13:11:12.806] [191869] [HailoRT] [info] [edge_elements.cpp:287] [create] Created (HwReadEl13yolov11n/conv65_143 | hw_frame_size: 128000)
[2026-04-18 13:11:12.806] [191869] [HailoRT] [info] [queue_elements.cpp:657] [create] Created (PullQEl_nms13yolov11n/conv65_143 | timeout: 10s)
[2026-04-18 13:11:12.806] [191869] [HailoRT] [info] [edge_elements.cpp:287] [create] Created (HwReadEl1yolov11n/conv77_143 | hw_frame_size: 30720)
[2026-04-18 13:11:12.806] [191869] [HailoRT] [info] [queue_elements.cpp:657] [create] Created (PullQEl_nms1yolov11n/conv77_143 | timeout: 10s)
[2026-04-18 13:11:12.806] [191869] [HailoRT] [info] [edge_elements.cpp:287] [create] Created (HwReadEl0yolov11n/conv80_143 | hw_frame_size: 38400)
[2026-04-18 13:11:12.806] [191869] [HailoRT] [info] [queue_elements.cpp:657] [create] Created (PullQEl_nms0yolov11n/conv80_143 | timeout: 10s)
[2026-04-18 13:11:12.806] [191869] [HailoRT] [info] [queue_elements.cpp:800] [create] Created (UserBufQEl_post_infer0yolov11n/yolov8_nms_postprocess | timeout: 10s)
[2026-04-18 13:11:12.806] [191869] [HailoRT] [info] [vstream.cpp:1114] [OutputVStreamImpl] Creating yolov11n/yolov8_nms_postprocess...
[2026-04-18 13:11:12.806] [191869] [HailoRT] [info] [vstream_builder.cpp:622] [create_output_post_process_nms] Output pipeline 'yolov11n/yolov8_nms_postprocess': HW >> (HwReadEl3yolov11n/conv51_143 | hw_frame_size: 409600) >> (PullQEl_nms3yolov11n/conv51_143) >> (HwReadEl12yolov11n/conv54_143 | hw_frame_size: 512000) >> (PullQEl_nms12yolov11n/conv54_143) >> (HwReadEl15yolov11n/conv62_143 | hw_frame_size: 102400) >> (PullQEl_nms15yolov11n/conv62_143) >> (HwReadEl13yolov11n/conv65_143 | hw_frame_size: 128000) >> (PullQEl_nms13yolov11n/conv65_143) >> (HwReadEl1yolov11n/conv77_143 | hw_frame_size: 30720) >> (PullQEl_nms1yolov11n/conv77_143) >> (HwReadEl0yolov11n/conv80_143 | hw_frame_size: 38400) >> (PullQEl_nms0yolov11n/conv80_143) >> (NmsPPMuxEl0YOLOV8-Post-Process | Op YOLOV8, Name: YOLOV8-Post-Process, Score threshold: 0.200, IoU threshold: 0.70, Classes: 80, Max bboxes per class: 100, Image height: 640, Image width: 640) >> (UserBufQEl_post_infer0yolov11n/yolov8_nms_postprocess | timeout: 10s)
[2026-04-18 13:12:12.807] [192362] [HailoRT] [info] [vdevice_native_stream.cpp:331] [read_impl] Failed read from stream HAILO_STREAM_ABORT(63) (device: 0001:01:00.0)
[2026-04-18 13:12:12.807] [192360] [HailoRT] [info] [vdevice_native_stream.cpp:331] [read_impl] Failed read from stream HAILO_STREAM_ABORT(63) (device: 0001:01:00.0)
[2026-04-18 13:12:12.807] [192359] [HailoRT] [info] [vdevice_native_stream.cpp:142] [write_impl] Failed write to stream yolov11n/input_layer1 (device: 0001:01:00.0) with status=HAILO_STREAM_ABORT(63)
[2026-04-18 13:12:12.807] [192360] [HailoRT] [info] [edge_elements.cpp:396] [run_pull] Reading from stream was aborted!
[2026-04-18 13:12:12.807] [192359] [HailoRT] [info] [edge_elements.cpp:87] [run_push] Failed to send on input stream InputStream(index=8, name=yolov11n/input_layer1) because stream was aborted
[2026-04-18 13:12:12.807] [192360] [HailoRT] [info] [queue_elements.cpp:738] [run_in_thread] run_pull of queue element PullQEl_nms3yolov11n/conv51_143 was aborted!
[2026-04-18 13:12:12.807] [192359] [HailoRT] [info] [queue_elements.cpp:401] [run_in_thread] run_push of PushQEl8yolov11n/input_layer1 was aborted!
[2026-04-18 13:12:12.807] [192361] [HailoRT] [info] [vdevice_native_stream.cpp:331] [read_impl] Failed read from stream HAILO_STREAM_ABORT(63) (device: 0001:01:00.0)
[2026-04-18 13:12:12.807] [192362] [HailoRT] [info] [edge_elements.cpp:396] [run_pull] Reading from stream was aborted!
[2026-04-18 13:12:12.807] [192361] [HailoRT] [info] [edge_elements.cpp:396] [run_pull] Reading from stream was aborted!
[2026-04-18 13:12:12.807] [192361] [HailoRT] [info] [queue_elements.cpp:738] [run_in_thread] run_pull of queue element PullQEl_nms12yolov11n/conv54_143 was aborted!
[2026-04-18 13:12:12.807] [192369] [HailoRT] [info] [queue_elements.cpp:706] [run_pull] Shutdown event was signaled in dequeue of queue element PullQEl_nms3yolov11n/conv51_143!
[2026-04-18 13:12:12.807] [192369] [HailoRT] [info] [vstream.cpp:1138] [read] Receiving to VStream was shutdown!
[2026-04-18 13:12:12.807] [192370] [HailoRT] [info] [vstream.cpp:774] [write] Sending to VStream was shutdown!
[2026-04-18 13:12:12.807] [192365] [HailoRT] [info] [vdevice_native_stream.cpp:331] [read_impl] Failed read from stream HAILO_STREAM_ABORT(63) (device: 0001:01:00.0)
[2026-04-18 13:12:12.807] [192365] [HailoRT] [info] [edge_elements.cpp:396] [run_pull] Reading from stream was aborted!
[2026-04-18 13:12:12.807] [192363] [HailoRT] [info] [vdevice_native_stream.cpp:331] [read_impl] Failed read from stream HAILO_STREAM_ABORT(63) (device: 0001:01:00.0)
[2026-04-18 13:12:12.807] [192365] [HailoRT] [info] [queue_elements.cpp:738] [run_in_thread] run_pull of queue element PullQEl_nms0yolov11n/conv80_143 was aborted!
[2026-04-18 13:12:12.807] [192363] [HailoRT] [info] [edge_elements.cpp:396] [run_pull] Reading from stream was aborted!
[2026-04-18 13:12:12.807] [192362] [HailoRT] [info] [queue_elements.cpp:738] [run_in_thread] run_pull of queue element PullQEl_nms15yolov11n/conv62_143 was aborted!
[2026-04-18 13:12:12.807] [192370] [HailoRT] [info] [vstream.cpp:778] [write] Sending to VStream was aborted!
[2026-04-18 13:12:12.807] [192363] [HailoRT] [info] [queue_elements.cpp:738] [run_in_thread] run_pull of queue element PullQEl_nms13yolov11n/conv65_143 was aborted!
[2026-04-18 13:12:12.807] [192364] [HailoRT] [info] [vdevice_native_stream.cpp:331] [read_impl] Failed read from stream HAILO_STREAM_ABORT(63) (device: 0001:01:00.0)
[2026-04-18 13:12:12.807] [192364] [HailoRT] [info] [edge_elements.cpp:396] [run_pull] Reading from stream was aborted!
[2026-04-18 13:12:12.807] [192364] [HailoRT] [info] [queue_elements.cpp:738] [run_in_thread] run_pull of queue element PullQEl_nms1yolov11n/conv77_143 was aborted!
[2026-04-18 13:12:12.816] [191869] [HailoRT] [info] [queue_elements.cpp:360] [execute_deactivate] enqueue() in element PushQEl8yolov11n/input_layer1 was aborted, got status = HAILO_SHUTDOWN_EVENT_SIGNALED(57)
[2026-04-18 13:12:12.816] [192359] [HailoRT] [info] [queue_elements.cpp:68] [operator()] Thread in element PushQEl8yolov11n/input_layer1 is not running anymore, exiting..
[2026-04-18 13:12:12.816] [191869] [HailoRT] [info] [queue_elements.cpp:46] [~BaseQueueElement] Queue element PushQEl8yolov11n/input_layer1 has 1 frames in his Queue on destruction
[2026-04-18 13:12:12.816] [192366] [HailoRT] [info] [queue_elements.cpp:68] [operator()] Thread in element UserBufQEl_post_infer0yolov11n/yolov8_nms_postprocess is not running anymore, exiting..
[2026-04-18 13:12:12.816] [191869] [HailoRT] [info] [queue_elements.cpp:46] [~BaseQueueElement] Queue element UserBufQEl_post_infer0yolov11n/yolov8_nms_postprocess has 0 frames in his Queue on destruction
[2026-04-18 13:12:12.816] [192365] [HailoRT] [info] [queue_elements.cpp:68] [operator()] Thread in element PullQEl_nms0yolov11n/conv80_143 is not running anymore, exiting..
[2026-04-18 13:12:12.816] [191869] [HailoRT] [info] [queue_elements.cpp:46] [~BaseQueueElement] Queue element PullQEl_nms0yolov11n/conv80_143 has 0 frames in his Queue on destruction
[2026-04-18 13:12:12.816] [192364] [HailoRT] [info] [queue_elements.cpp:68] [operator()] Thread in element PullQEl_nms1yolov11n/conv77_143 is not running anymore, exiting..
[2026-04-18 13:12:12.816] [191869] [HailoRT] [info] [queue_elements.cpp:46] [~BaseQueueElement] Queue element PullQEl_nms1yolov11n/conv77_143 has 0 frames in his Queue on destruction
[2026-04-18 13:12:12.816] [192363] [HailoRT] [info] [queue_elements.cpp:68] [operator()] Thread in element PullQEl_nms13yolov11n/conv65_143 is not running anymore, exiting..
[2026-04-18 13:12:12.816] [191869] [HailoRT] [info] [queue_elements.cpp:46] [~BaseQueueElement] Queue element PullQEl_nms13yolov11n/conv65_143 has 0 frames in his Queue on destruction
[2026-04-18 13:12:12.816] [192362] [HailoRT] [info] [queue_elements.cpp:68] [operator()] Thread in element PullQEl_nms15yolov11n/conv62_143 is not running anymore, exiting..
[2026-04-18 13:12:12.816] [191869] [HailoRT] [info] [queue_elements.cpp:46] [~BaseQueueElement] Queue element PullQEl_nms15yolov11n/conv62_143 has 0 frames in his Queue on destruction
[2026-04-18 13:12:12.816] [192361] [HailoRT] [info] [queue_elements.cpp:68] [operator()] Thread in element PullQEl_nms12yolov11n/conv54_143 is not running anymore, exiting..
[2026-04-18 13:12:12.817] [191869] [HailoRT] [info] [queue_elements.cpp:46] [~BaseQueueElement] Queue element PullQEl_nms12yolov11n/conv54_143 has 0 frames in his Queue on destruction
[2026-04-18 13:12:12.817] [192360] [HailoRT] [info] [queue_elements.cpp:68] [operator()] Thread in element PullQEl_nms3yolov11n/conv51_143 is not running anymore, exiting..
[2026-04-18 13:12:12.817] [191869] [HailoRT] [info] [queue_elements.cpp:46] [~BaseQueueElement] Queue element PullQEl_nms3yolov11n/conv51_143 has 0 frames in his Queue on destruction
[2026-04-18 13:12:12.817] [191869] [HailoRT] [info] [core_op.cpp:186] [deactivate] Deactivating took 0.008537 ms
[2026-04-18 13:12:12.817] [191869] [HailoRT] [info] [core_op.cpp:186] [deactivate] Deactivating took 0.01763 ms
[2026-04-18 13:12:12.889] [191869] [HailoRT] [info] [vdevice.cpp:535] [create] Creating vdevice with params: device_count: 1, scheduling_algorithm: NONE, multi_process_service: false
[2026-04-18 13:12:12.889] [191869] [HailoRT] [info] [device.cpp:51] [Device] OS Version: Linux 6.12.75+rpt-rpi-2712 #1 SMP PREEMPT Debian 1:6.12.75-1+rpt1 (2026-03-11) aarch64
[2026-04-18 13:12:12.889] [191869] [HailoRT] [info] [control.cpp:113] [control__parse_identify_results] firmware_version is: 4.23.0
[2026-04-18 13:12:12.889] [191869] [HailoRT] [info] [vdevice.cpp:682] [create] VDevice Infos: 0001:01:00.0
[2026-04-18 13:12:12.898] [191869] [HailoRT] [warning] [buffer_requirements.cpp:131] [get_buffer_requirements_multiple_transfers] Desc page size value (1024) is not optimal for performance.
[2026-04-18 13:12:12.923] [191869] [HailoRT] [info] [internal_buffer_manager.cpp:77] [print_execution_results] Planned internal buffer memory: CMA=0 CMA-Desc=1572864 Pinned=71836672. memory to edge layer usage factor is 1
[2026-04-18 13:12:12.923] [191869] [HailoRT] [info] [internal_buffer_manager.cpp:86] [print_execution_results] Default Internal buffer planner executed successfully
[2026-04-18 13:12:13.051] [191869] [HailoRT] [info] [device_internal.cpp:57] [configure] Configuring HEF took 161.76348 milliseconds
[2026-04-18 13:12:13.052] [191869] [HailoRT] [info] [vdevice.cpp:780] [configure] Configuring HEF on VDevice took 162.146922 milliseconds
[2026-04-18 13:12:13.052] [191869] [HailoRT] [info] [control.cpp:113] [control__parse_identify_results] firmware_version is: 4.23.0
[2026-04-18 13:12:13.052] [191869] [HailoRT] [info] [control.cpp:113] [control__parse_identify_results] firmware_version is: 4.23.0
[2026-04-18 13:12:13.082] [191869] [HailoRT] [info] [core_op.cpp:156] [activate] Activating yolov11n took 29.436784 milliseconds. Note that the function is asynchronous and thus the network is not fully activated yet.
[2026-04-18 13:12:13.082] [191869] [HailoRT] [info] [core_op.cpp:156] [activate] Activating yolov11n took 29.462062 milliseconds. Note that the function is asynchronous and thus the network is not fully activated yet.
[2026-04-18 13:12:13.095] [191869] [HailoRT] [info] [control.cpp:113] [control__parse_identify_results] firmware_version is: 4.23.0
[2026-04-18 13:12:13.095] [191869] [HailoRT] [info] [control.cpp:113] [control__parse_identify_results] firmware_version is: 4.23.0
[2026-04-18 13:12:13.095] [191869] [HailoRT] [info] [edge_elements.cpp:52] [create] Created (HwWriteEl8yolov11n/input_layer1 | hw_frame_size: 1228800)
[2026-04-18 13:12:13.095] [191869] [HailoRT] [info] [queue_elements.cpp:284] [create] Created (PushQEl8yolov11n/input_layer1 | timeout: 10s)
[2026-04-18 13:12:13.095] [191869] [HailoRT] [info] [filter_elements.cpp:101] [create] Created (PreInferEl8yolov11n/input_layer1 | Reorder - src_order: NHWC, src_shape: (640, 640, 3), dst_order: NHCW, dst_shape: (640, 640, 3))
[2026-04-18 13:12:13.095] [191869] [HailoRT] [info] [vstream.cpp:754] [InputVStreamImpl] Creating yolov11n/input_layer1...
[2026-04-18 13:12:13.095] [191869] [HailoRT] [info] [vstream_builder.cpp:102] [create_inputs] Input pipeline 'yolov11n/input_layer1': (PreInferEl8yolov11n/input_layer1 | Reorder - src_order: NHWC, src_shape: (640, 640, 3), dst_order: NHCW, dst_shape: (640, 640, 3)) >> (PushQEl8yolov11n/input_layer1 | timeout: 10s) >> (HwWriteEl8yolov11n/input_layer1 | hw_frame_size: 1228800) >> HW
[2026-04-18 13:12:13.095] [191869] [HailoRT] [info] [multi_io_elements.cpp:135] [create] Created (NmsPPMuxEl0YOLOV8-Post-Process | Op YOLOV8, Name: YOLOV8-Post-Process, Score threshold: 0.200, IoU threshold: 0.70, Classes: 80, Max bboxes per class: 100, Image height: 640, Image width: 640)
[2026-04-18 13:12:13.095] [191869] [HailoRT] [info] [edge_elements.cpp:287] [create] Created (HwReadEl3yolov11n/conv51_143 | hw_frame_size: 409600)
[2026-04-18 13:12:13.096] [191869] [HailoRT] [info] [queue_elements.cpp:657] [create] Created (PullQEl_nms3yolov11n/conv51_143 | timeout: 10s)
[2026-04-18 13:12:13.096] [191869] [HailoRT] [info] [edge_elements.cpp:287] [create] Created (HwReadEl12yolov11n/conv54_143 | hw_frame_size: 512000)
[2026-04-18 13:12:13.096] [191869] [HailoRT] [info] [queue_elements.cpp:657] [create] Created (PullQEl_nms12yolov11n/conv54_143 | timeout: 10s)
[2026-04-18 13:12:13.096] [191869] [HailoRT] [info] [edge_elements.cpp:287] [create] Created (HwReadEl15yolov11n/conv62_143 | hw_frame_size: 102400)
[2026-04-18 13:12:13.096] [191869] [HailoRT] [info] [queue_elements.cpp:657] [create] Created (PullQEl_nms15yolov11n/conv62_143 | timeout: 10s)
[2026-04-18 13:12:13.096] [191869] [HailoRT] [info] [edge_elements.cpp:287] [create] Created (HwReadEl13yolov11n/conv65_143 | hw_frame_size: 128000)
[2026-04-18 13:12:13.096] [191869] [HailoRT] [info] [queue_elements.cpp:657] [create] Created (PullQEl_nms13yolov11n/conv65_143 | timeout: 10s)
[2026-04-18 13:12:13.096] [191869] [HailoRT] [info] [edge_elements.cpp:287] [create] Created (HwReadEl1yolov11n/conv77_143 | hw_frame_size: 30720)
[2026-04-18 13:12:13.096] [191869] [HailoRT] [info] [queue_elements.cpp:657] [create] Created (PullQEl_nms1yolov11n/conv77_143 | timeout: 10s)
[2026-04-18 13:12:13.096] [191869] [HailoRT] [info] [edge_elements.cpp:287] [create] Created (HwReadEl0yolov11n/conv80_143 | hw_frame_size: 38400)
[2026-04-18 13:12:13.096] [191869] [HailoRT] [info] [queue_elements.cpp:657] [create] Created (PullQEl_nms0yolov11n/conv80_143 | timeout: 10s)
[2026-04-18 13:12:13.096] [191869] [HailoRT] [info] [queue_elements.cpp:800] [create] Created (UserBufQEl_post_infer0yolov11n/yolov8_nms_postprocess | timeout: 10s)
[2026-04-18 13:12:13.096] [191869] [HailoRT] [info] [vstream.cpp:1114] [OutputVStreamImpl] Creating yolov11n/yolov8_nms_postprocess...
[2026-04-18 13:12:13.096] [191869] [HailoRT] [info] [vstream_builder.cpp:622] [create_output_post_process_nms] Output pipeline 'yolov11n/yolov8_nms_postprocess': HW >> (HwReadEl3yolov11n/conv51_143 | hw_frame_size: 409600) >> (PullQEl_nms3yolov11n/conv51_143) >> (HwReadEl12yolov11n/conv54_143 | hw_frame_size: 512000) >> (PullQEl_nms12yolov11n/conv54_143) >> (HwReadEl15yolov11n/conv62_143 | hw_frame_size: 102400) >> (PullQEl_nms15yolov11n/conv62_143) >> (HwReadEl13yolov11n/conv65_143 | hw_frame_size: 128000) >> (PullQEl_nms13yolov11n/conv65_143) >> (HwReadEl1yolov11n/conv77_143 | hw_frame_size: 30720) >> (PullQEl_nms1yolov11n/conv77_143) >> (HwReadEl0yolov11n/conv80_143 | hw_frame_size: 38400) >> (PullQEl_nms0yolov11n/conv80_143) >> (NmsPPMuxEl0YOLOV8-Post-Process | Op YOLOV8, Name: YOLOV8-Post-Process, Score threshold: 0.200, IoU threshold: 0.70, Classes: 80, Max bboxes per class: 100, Image height: 640, Image width: 640) >> (UserBufQEl_post_infer0yolov11n/yolov8_nms_postprocess | timeout: 10s)
[2026-04-18 13:13:13.096] [192853] [HailoRT] [info] [vdevice_native_stream.cpp:331] [read_impl] Failed read from stream HAILO_STREAM_ABORT(63) (device: 0001:01:00.0)
[2026-04-18 13:13:13.096] [192855] [HailoRT] [info] [vdevice_native_stream.cpp:331] [read_impl] Failed read from stream HAILO_STREAM_ABORT(63) (device: 0001:01:00.0)
[2026-04-18 13:13:13.096] [192855] [HailoRT] [info] [edge_elements.cpp:396] [run_pull] Reading from stream was aborted!
[2026-04-18 13:13:13.096] [192854] [HailoRT] [info] [vdevice_native_stream.cpp:331] [read_impl] Failed read from stream HAILO_STREAM_ABORT(63) (device: 0001:01:00.0)
[2026-04-18 13:13:13.096] [192854] [HailoRT] [info] [edge_elements.cpp:396] [run_pull] Reading from stream was aborted!
[2026-04-18 13:13:13.096] [192856] [HailoRT] [info] [vdevice_native_stream.cpp:331] [read_impl] Failed read from stream HAILO_STREAM_ABORT(63) (device: 0001:01:00.0)
[2026-04-18 13:13:13.096] [192856] [HailoRT] [info] [edge_elements.cpp:396] [run_pull] Reading from stream was aborted!
[2026-04-18 13:13:13.096] [192855] [HailoRT] [info] [queue_elements.cpp:738] [run_in_thread] run_pull of queue element PullQEl_nms15yolov11n/conv62_143 was aborted!
[2026-04-18 13:13:13.096] [192854] [HailoRT] [info] [queue_elements.cpp:738] [run_in_thread] run_pull of queue element PullQEl_nms12yolov11n/conv54_143 was aborted!
[2026-04-18 13:13:13.096] [192856] [HailoRT] [info] [queue_elements.cpp:738] [run_in_thread] run_pull of queue element PullQEl_nms13yolov11n/conv65_143 was aborted!
[2026-04-18 13:13:13.096] [192853] [HailoRT] [info] [edge_elements.cpp:396] [run_pull] Reading from stream was aborted!
[2026-04-18 13:13:13.096] [192857] [HailoRT] [info] [vdevice_native_stream.cpp:331] [read_impl] Failed read from stream HAILO_STREAM_ABORT(63) (device: 0001:01:00.0)
[2026-04-18 13:13:13.096] [192857] [HailoRT] [info] [edge_elements.cpp:396] [run_pull] Reading from stream was aborted!
[2026-04-18 13:13:13.096] [192853] [HailoRT] [info] [queue_elements.cpp:738] [run_in_thread] run_pull of queue element PullQEl_nms3yolov11n/conv51_143 was aborted!
[2026-04-18 13:13:13.096] [192857] [HailoRT] [info] [queue_elements.cpp:738] [run_in_thread] run_pull of queue element PullQEl_nms1yolov11n/conv77_143 was aborted!
[2026-04-18 13:13:13.096] [192862] [HailoRT] [info] [queue_elements.cpp:706] [run_pull] Shutdown event was signaled in dequeue of queue element PullQEl_nms3yolov11n/conv51_143!
[2026-04-18 13:13:13.096] [192858] [HailoRT] [info] [vdevice_native_stream.cpp:331] [read_impl] Failed read from stream HAILO_STREAM_ABORT(63) (device: 0001:01:00.0)
[2026-04-18 13:13:13.096] [192862] [HailoRT] [info] [vstream.cpp:1138] [read] Receiving to VStream was shutdown!
[2026-04-18 13:13:13.096] [192858] [HailoRT] [info] [edge_elements.cpp:396] [run_pull] Reading from stream was aborted!
[2026-04-18 13:13:13.096] [192858] [HailoRT] [info] [queue_elements.cpp:738] [run_in_thread] run_pull of queue element PullQEl_nms0yolov11n/conv80_143 was aborted!
[2026-04-18 13:13:13.098] [192852] [HailoRT] [info] [vdevice_native_stream.cpp:142] [write_impl] Failed write to stream yolov11n/input_layer1 (device: 0001:01:00.0) with status=HAILO_STREAM_ABORT(63)
[2026-04-18 13:13:13.098] [192852] [HailoRT] [info] [edge_elements.cpp:87] [run_push] Failed to send on input stream InputStream(index=8, name=yolov11n/input_layer1) because stream was aborted
[2026-04-18 13:13:13.098] [192852] [HailoRT] [info] [queue_elements.cpp:401] [run_in_thread] run_push of PushQEl8yolov11n/input_layer1 was aborted!
[2026-04-18 13:13:13.099] [192863] [HailoRT] [info] [queue_elements.cpp:319] [run_push] run_push of PushQEl8yolov11n/input_layer1 was aborted!
[2026-04-18 13:13:13.099] [192863] [HailoRT] [info] [filter_elements.cpp:35] [run_push] run_push of PreInferEl8yolov11n/input_layer1 was aborted!
[2026-04-18 13:13:13.099] [192863] [HailoRT] [info] [vstream.cpp:778] [write] Sending to VStream was aborted!
[2026-04-18 13:13:13.106] [191869] [HailoRT] [info] [queue_elements.cpp:360] [execute_deactivate] enqueue() in element PushQEl8yolov11n/input_layer1 was aborted, got status = HAILO_SHUTDOWN_EVENT_SIGNALED(57)
[2026-04-18 13:13:13.106] [192852] [HailoRT] [info] [queue_elements.cpp:68] [operator()] Thread in element PushQEl8yolov11n/input_layer1 is not running anymore, exiting..
[2026-04-18 13:13:13.106] [191869] [HailoRT] [info] [queue_elements.cpp:46] [~BaseQueueElement] Queue element PushQEl8yolov11n/input_layer1 has 0 frames in his Queue on destruction
[2026-04-18 13:13:13.106] [192859] [HailoRT] [info] [queue_elements.cpp:68] [operator()] Thread in element UserBufQEl_post_infer0yolov11n/yolov8_nms_postprocess is not running anymore, exiting..
[2026-04-18 13:13:13.106] [191869] [HailoRT] [info] [queue_elements.cpp:46] [~BaseQueueElement] Queue element UserBufQEl_post_infer0yolov11n/yolov8_nms_postprocess has 0 frames in his Queue on destruction
[2026-04-18 13:13:13.106] [192858] [HailoRT] [info] [queue_elements.cpp:68] [operator()] Thread in element PullQEl_nms0yolov11n/conv80_143 is not running anymore, exiting..
[2026-04-18 13:13:13.106] [191869] [HailoRT] [info] [queue_elements.cpp:46] [~BaseQueueElement] Queue element PullQEl_nms0yolov11n/conv80_143 has 0 frames in his Queue on destruction
[2026-04-18 13:13:13.106] [192857] [HailoRT] [info] [queue_elements.cpp:68] [operator()] Thread in element PullQEl_nms1yolov11n/conv77_143 is not running anymore, exiting..
[2026-04-18 13:13:13.106] [191869] [HailoRT] [info] [queue_elements.cpp:46] [~BaseQueueElement] Queue element PullQEl_nms1yolov11n/conv77_143 has 0 frames in his Queue on destruction
[2026-04-18 13:13:13.106] [192856] [HailoRT] [info] [queue_elements.cpp:68] [operator()] Thread in element PullQEl_nms13yolov11n/conv65_143 is not running anymore, exiting..
[2026-04-18 13:13:13.106] [191869] [HailoRT] [info] [queue_elements.cpp:46] [~BaseQueueElement] Queue element PullQEl_nms13yolov11n/conv65_143 has 0 frames in his Queue on destruction
[2026-04-18 13:13:13.106] [192855] [HailoRT] [info] [queue_elements.cpp:68] [operator()] Thread in element PullQEl_nms15yolov11n/conv62_143 is not running anymore, exiting..
[2026-04-18 13:13:13.106] [191869] [HailoRT] [info] [queue_elements.cpp:46] [~BaseQueueElement] Queue element PullQEl_nms15yolov11n/conv62_143 has 0 frames in his Queue on destruction
[2026-04-18 13:13:13.106] [192854] [HailoRT] [info] [queue_elements.cpp:68] [operator()] Thread in element PullQEl_nms12yolov11n/conv54_143 is not running anymore, exiting..
[2026-04-18 13:13:13.106] [191869] [HailoRT] [info] [queue_elements.cpp:46] [~BaseQueueElement] Queue element PullQEl_nms12yolov11n/conv54_143 has 0 frames in his Queue on destruction
[2026-04-18 13:13:13.106] [192853] [HailoRT] [info] [queue_elements.cpp:68] [operator()] Thread in element PullQEl_nms3yolov11n/conv51_143 is not running anymore, exiting..
[2026-04-18 13:13:13.106] [191869] [HailoRT] [info] [queue_elements.cpp:46] [~BaseQueueElement] Queue element PullQEl_nms3yolov11n/conv51_143 has 0 frames in his Queue on destruction
[2026-04-18 13:13:13.106] [191869] [HailoRT] [info] [core_op.cpp:186] [deactivate] Deactivating took 0.007815 ms
[2026-04-18 13:13:13.106] [191869] [HailoRT] [info] [core_op.cpp:186] [deactivate] Deactivating took 0.016759 ms
[2026-04-18 13:13:23.429] [193394] [HailoRT] [info] [vdevice.cpp:535] [create] Creating vdevice with params: device_count: 1, scheduling_algorithm: NONE, multi_process_service: false
[2026-04-18 13:13:23.443] [193394] [HailoRT] [info] [device.cpp:51] [Device] OS Version: Linux 6.12.75+rpt-rpi-2712 #1 SMP PREEMPT Debian 1:6.12.75-1+rpt1 (2026-03-11) aarch64
[2026-04-18 13:13:23.443] [193394] [HailoRT] [info] [control.cpp:113] [control__parse_identify_results] firmware_version is: 4.23.0
[2026-04-18 13:13:23.443] [193394] [HailoRT] [info] [vdevice.cpp:682] [create] VDevice Infos: 0001:01:00.0
[2026-04-18 13:13:23.449] [193394] [HailoRT] [warning] [buffer_requirements.cpp:131] [get_buffer_requirements_multiple_transfers] Desc page size value (1024) is not optimal for performance.
[2026-04-18 13:13:23.474] [193394] [HailoRT] [info] [internal_buffer_manager.cpp:77] [print_execution_results] Planned internal buffer memory: CMA=0 CMA-Desc=1703936 Pinned=73014272. memory to edge layer usage factor is 1
[2026-04-18 13:13:23.474] [193394] [HailoRT] [info] [internal_buffer_manager.cpp:86] [print_execution_results] Default Internal buffer planner executed successfully
[2026-04-18 13:13:23.596] [193394] [HailoRT] [info] [device_internal.cpp:57] [configure] Configuring HEF took 152.966827 milliseconds
[2026-04-18 13:13:23.597] [193394] [HailoRT] [info] [vdevice.cpp:780] [configure] Configuring HEF on VDevice took 153.372422 milliseconds
[2026-04-18 13:13:23.597] [193394] [HailoRT] [info] [control.cpp:113] [control__parse_identify_results] firmware_version is: 4.23.0
[2026-04-18 13:13:23.597] [193394] [HailoRT] [info] [control.cpp:113] [control__parse_identify_results] firmware_version is: 4.23.0
[2026-04-18 13:13:23.634] [193394] [HailoRT] [info] [core_op.cpp:156] [activate] Activating yolov11n took 37.036256 milliseconds. Note that the function is asynchronous and thus the network is not fully activated yet.
[2026-04-18 13:13:23.634] [193394] [HailoRT] [info] [core_op.cpp:156] [activate] Activating yolov11n took 37.062146 milliseconds. Note that the function is asynchronous and thus the network is not fully activated yet.
[2026-04-18 13:13:23.647] [193394] [HailoRT] [info] [control.cpp:113] [control__parse_identify_results] firmware_version is: 4.23.0
[2026-04-18 13:13:23.648] [193394] [HailoRT] [info] [control.cpp:113] [control__parse_identify_results] firmware_version is: 4.23.0
[2026-04-18 13:13:24.751] [193386] [HailoRT] [info] [device.cpp:51] [Device] OS Version: Linux 6.12.75+rpt-rpi-2712 #1 SMP PREEMPT Debian 1:6.12.75-1+rpt1 (2026-03-11) aarch64
[2026-04-18 13:13:24.752] [193386] [HailoRT] [info] [control.cpp:113] [control__parse_identify_results] firmware_version is: 4.23.0
[2026-04-18 13:13:24.752] [193386] [HailoRT] [info] [control.cpp:113] [control__parse_identify_results] firmware_version is: 4.23.0
[2026-04-18 13:14:23.648] [193410] [HailoRT] [info] [vdevice_native_stream.cpp:142] [write_impl] Failed write to stream yolov11n/input_layer1 (device: 0001:01:00.0) with status=HAILO_STREAM_ABORT(63)
[2026-04-18 13:14:23.648] [193404] [HailoRT] [info] [vdevice_native_stream.cpp:331] [read_impl] Failed read from stream HAILO_STREAM_ABORT(63) (device: 0001:01:00.0)
[2026-04-18 13:14:23.648] [193409] [HailoRT] [info] [vdevice_native_stream.cpp:331] [read_impl] Failed read from stream HAILO_STREAM_ABORT(63) (device: 0001:01:00.0)
[2026-04-18 13:14:23.648] [193407] [HailoRT] [info] [vdevice_native_stream.cpp:331] [read_impl] Failed read from stream HAILO_STREAM_ABORT(63) (device: 0001:01:00.0)
[2026-04-18 13:14:23.648] [193405] [HailoRT] [info] [vdevice_native_stream.cpp:331] [read_impl] Failed read from stream HAILO_STREAM_ABORT(63) (device: 0001:01:00.0)
[2026-04-18 13:14:23.648] [193408] [HailoRT] [info] [vdevice_native_stream.cpp:331] [read_impl] Failed read from stream HAILO_STREAM_ABORT(63) (device: 0001:01:00.0)
[2026-04-18 13:14:23.648] [193406] [HailoRT] [info] [vdevice_native_stream.cpp:331] [read_impl] Failed read from stream HAILO_STREAM_ABORT(63) (device: 0001:01:00.0)
[2026-04-18 13:14:23.657] [193394] [HailoRT] [info] [core_op.cpp:186] [deactivate] Deactivating took 0.006389 ms
[2026-04-18 13:14:23.657] [193394] [HailoRT] [info] [core_op.cpp:186] [deactivate] Deactivating took 0.025259 ms
[2026-04-18 13:14:23.713] [193394] [HailoRT] [info] [vdevice.cpp:535] [create] Creating vdevice with params: device_count: 1, scheduling_algorithm: NONE, multi_process_service: false
[2026-04-18 13:14:23.713] [193394] [HailoRT] [info] [device.cpp:51] [Device] OS Version: Linux 6.12.75+rpt-rpi-2712 #1 SMP PREEMPT Debian 1:6.12.75-1+rpt1 (2026-03-11) aarch64
[2026-04-18 13:14:23.713] [193394] [HailoRT] [info] [control.cpp:113] [control__parse_identify_results] firmware_version is: 4.23.0
[2026-04-18 13:14:23.713] [193394] [HailoRT] [info] [vdevice.cpp:682] [create] VDevice Infos: 0001:01:00.0
[2026-04-18 13:14:23.719] [193394] [HailoRT] [warning] [buffer_requirements.cpp:131] [get_buffer_requirements_multiple_transfers] Desc page size value (1024) is not optimal for performance.
[2026-04-18 13:14:23.745] [193394] [HailoRT] [info] [internal_buffer_manager.cpp:77] [print_execution_results] Planned internal buffer memory: CMA=0 CMA-Desc=1703936 Pinned=73014272. memory to edge layer usage factor is 1
[2026-04-18 13:14:23.745] [193394] [HailoRT] [info] [internal_buffer_manager.cpp:86] [print_execution_results] Default Internal buffer planner executed successfully
[2026-04-18 13:14:23.873] [193394] [HailoRT] [info] [device_internal.cpp:57] [configure] Configuring HEF took 159.819329 milliseconds
[2026-04-18 13:14:23.874] [193394] [HailoRT] [info] [vdevice.cpp:780] [configure] Configuring HEF on VDevice took 160.185478 milliseconds
[2026-04-18 13:14:23.874] [193394] [HailoRT] [info] [control.cpp:113] [control__parse_identify_results] firmware_version is: 4.23.0
[2026-04-18 13:14:23.874] [193394] [HailoRT] [info] [control.cpp:113] [control__parse_identify_results] firmware_version is: 4.23.0
[2026-04-18 13:14:23.911] [193394] [HailoRT] [info] [core_op.cpp:156] [activate] Activating yolov11n took 36.927796 milliseconds. Note that the function is asynchronous and thus the network is not fully activated yet.
[2026-04-18 13:14:23.911] [193394] [HailoRT] [info] [core_op.cpp:156] [activate] Activating yolov11n took 36.951241 milliseconds. Note that the function is asynchronous and thus the network is not fully activated yet.
[2026-04-18 13:14:23.924] [193394] [HailoRT] [info] [control.cpp:113] [control__parse_identify_results] firmware_version is: 4.23.0
[2026-04-18 13:14:23.924] [193394] [HailoRT] [info] [control.cpp:113] [control__parse_identify_results] firmware_version is: 4.23.0
[2026-04-18 13:14:23.925] [193394] [HailoRT] [info] [edge_elements.cpp:52] [create] Created (HwWriteEl8yolov11n/input_layer1 | hw_frame_size: 1228800)
[2026-04-18 13:14:23.925] [193394] [HailoRT] [info] [queue_elements.cpp:284] [create] Created (PushQEl8yolov11n/input_layer1 | timeout: 10s)
[2026-04-18 13:14:23.925] [193394] [HailoRT] [info] [filter_elements.cpp:101] [create] Created (PreInferEl8yolov11n/input_layer1 | Reorder - src_order: NHWC, src_shape: (640, 640, 3), dst_order: NHCW, dst_shape: (640, 640, 3))
[2026-04-18 13:14:23.925] [193394] [HailoRT] [info] [vstream.cpp:754] [InputVStreamImpl] Creating yolov11n/input_layer1...
[2026-04-18 13:14:23.925] [193394] [HailoRT] [info] [vstream_builder.cpp:102] [create_inputs] Input pipeline 'yolov11n/input_layer1': (PreInferEl8yolov11n/input_layer1 | Reorder - src_order: NHWC, src_shape: (640, 640, 3), dst_order: NHCW, dst_shape: (640, 640, 3)) >> (PushQEl8yolov11n/input_layer1 | timeout: 10s) >> (HwWriteEl8yolov11n/input_layer1 | hw_frame_size: 1228800) >> HW
[2026-04-18 13:14:23.925] [193394] [HailoRT] [info] [multi_io_elements.cpp:135] [create] Created (NmsPPMuxEl0YOLOV8-Post-Process | Op YOLOV8, Name: YOLOV8-Post-Process, Score threshold: 0.200, IoU threshold: 0.70, Classes: 80, Max bboxes per class: 100, Image height: 640, Image width: 640)
[2026-04-18 13:14:23.925] [193394] [HailoRT] [info] [edge_elements.cpp:287] [create] Created (HwReadEl3yolov11n/conv51_143 | hw_frame_size: 409600)
[2026-04-18 13:14:23.925] [193394] [HailoRT] [info] [queue_elements.cpp:657] [create] Created (PullQEl_nms3yolov11n/conv51_143 | timeout: 10s)
[2026-04-18 13:14:23.925] [193394] [HailoRT] [info] [edge_elements.cpp:287] [create] Created (HwReadEl12yolov11n/conv54_143 | hw_frame_size: 512000)
[2026-04-18 13:14:23.925] [193394] [HailoRT] [info] [queue_elements.cpp:657] [create] Created (PullQEl_nms12yolov11n/conv54_143 | timeout: 10s)
[2026-04-18 13:14:23.925] [193394] [HailoRT] [info] [edge_elements.cpp:287] [create] Created (HwReadEl15yolov11n/conv62_143 | hw_frame_size: 102400)
[2026-04-18 13:14:23.925] [193394] [HailoRT] [info] [queue_elements.cpp:657] [create] Created (PullQEl_nms15yolov11n/conv62_143 | timeout: 10s)
[2026-04-18 13:14:23.925] [193394] [HailoRT] [info] [edge_elements.cpp:287] [create] Created (HwReadEl13yolov11n/conv65_143 | hw_frame_size: 128000)
[2026-04-18 13:14:23.925] [193394] [HailoRT] [info] [queue_elements.cpp:657] [create] Created (PullQEl_nms13yolov11n/conv65_143 | timeout: 10s)
[2026-04-18 13:14:23.925] [193394] [HailoRT] [info] [edge_elements.cpp:287] [create] Created (HwReadEl1yolov11n/conv77_143 | hw_frame_size: 30720)
[2026-04-18 13:14:23.925] [193394] [HailoRT] [info] [queue_elements.cpp:657] [create] Created (PullQEl_nms1yolov11n/conv77_143 | timeout: 10s)
[2026-04-18 13:14:23.925] [193394] [HailoRT] [info] [edge_elements.cpp:287] [create] Created (HwReadEl0yolov11n/conv80_143 | hw_frame_size: 38400)
[2026-04-18 13:14:23.925] [193394] [HailoRT] [info] [queue_elements.cpp:657] [create] Created (PullQEl_nms0yolov11n/conv80_143 | timeout: 10s)
[2026-04-18 13:14:23.925] [193394] [HailoRT] [info] [queue_elements.cpp:800] [create] Created (UserBufQEl_post_infer0yolov11n/yolov8_nms_postprocess | timeout: 10s)
[2026-04-18 13:14:23.925] [193394] [HailoRT] [info] [vstream.cpp:1114] [OutputVStreamImpl] Creating yolov11n/yolov8_nms_postprocess...
[2026-04-18 13:14:23.925] [193394] [HailoRT] [info] [vstream_builder.cpp:622] [create_output_post_process_nms] Output pipeline 'yolov11n/yolov8_nms_postprocess': HW >> (HwReadEl3yolov11n/conv51_143 | hw_frame_size: 409600) >> (PullQEl_nms3yolov11n/conv51_143) >> (HwReadEl12yolov11n/conv54_143 | hw_frame_size: 512000) >> (PullQEl_nms12yolov11n/conv54_143) >> (HwReadEl15yolov11n/conv62_143 | hw_frame_size: 102400) >> (PullQEl_nms15yolov11n/conv62_143) >> (HwReadEl13yolov11n/conv65_143 | hw_frame_size: 128000) >> (PullQEl_nms13yolov11n/conv65_143) >> (HwReadEl1yolov11n/conv77_143 | hw_frame_size: 30720) >> (PullQEl_nms1yolov11n/conv77_143) >> (HwReadEl0yolov11n/conv80_143 | hw_frame_size: 38400) >> (PullQEl_nms0yolov11n/conv80_143) >> (NmsPPMuxEl0YOLOV8-Post-Process | Op YOLOV8, Name: YOLOV8-Post-Process, Score threshold: 0.200, IoU threshold: 0.70, Classes: 80, Max bboxes per class: 100, Image height: 640, Image width: 640) >> (UserBufQEl_post_infer0yolov11n/yolov8_nms_postprocess | timeout: 10s)
[2026-04-18 13:15:23.926] [193887] [HailoRT] [info] [vdevice_native_stream.cpp:331] [read_impl] Failed read from stream HAILO_STREAM_ABORT(63) (device: 0001:01:00.0)
[2026-04-18 13:15:23.926] [193886] [HailoRT] [info] [vdevice_native_stream.cpp:331] [read_impl] Failed read from stream HAILO_STREAM_ABORT(63) (device: 0001:01:00.0)
[2026-04-18 13:15:23.926] [193886] [HailoRT] [info] [edge_elements.cpp:396] [run_pull] Reading from stream was aborted!
[2026-04-18 13:15:23.926] [193890] [HailoRT] [info] [vdevice_native_stream.cpp:331] [read_impl] Failed read from stream HAILO_STREAM_ABORT(63) (device: 0001:01:00.0)
[2026-04-18 13:15:23.926] [193890] [HailoRT] [info] [edge_elements.cpp:396] [run_pull] Reading from stream was aborted!
[2026-04-18 13:15:23.926] [193889] [HailoRT] [info] [vdevice_native_stream.cpp:331] [read_impl] Failed read from stream HAILO_STREAM_ABORT(63) (device: 0001:01:00.0)
[2026-04-18 13:15:23.926] [193884] [HailoRT] [info] [vdevice_native_stream.cpp:142] [write_impl] Failed write to stream yolov11n/input_layer1 (device: 0001:01:00.0) with status=HAILO_STREAM_ABORT(63)
[2026-04-18 13:15:23.926] [193889] [HailoRT] [info] [edge_elements.cpp:396] [run_pull] Reading from stream was aborted!
[2026-04-18 13:15:23.926] [193887] [HailoRT] [info] [edge_elements.cpp:396] [run_pull] Reading from stream was aborted!
[2026-04-18 13:15:23.926] [193889] [HailoRT] [info] [queue_elements.cpp:738] [run_in_thread] run_pull of queue element PullQEl_nms1yolov11n/conv77_143 was aborted!
[2026-04-18 13:15:23.926] [193888] [HailoRT] [info] [vdevice_native_stream.cpp:331] [read_impl] Failed read from stream HAILO_STREAM_ABORT(63) (device: 0001:01:00.0)
[2026-04-18 13:15:23.926] [193887] [HailoRT] [info] [queue_elements.cpp:738] [run_in_thread] run_pull of queue element PullQEl_nms15yolov11n/conv62_143 was aborted!
[2026-04-18 13:15:23.926] [193885] [HailoRT] [info] [vdevice_native_stream.cpp:331] [read_impl] Failed read from stream HAILO_STREAM_ABORT(63) (device: 0001:01:00.0)
[2026-04-18 13:15:23.926] [193885] [HailoRT] [info] [edge_elements.cpp:396] [run_pull] Reading from stream was aborted!
[2026-04-18 13:15:23.926] [193888] [HailoRT] [info] [edge_elements.cpp:396] [run_pull] Reading from stream was aborted!
[2026-04-18 13:15:23.926] [193890] [HailoRT] [info] [queue_elements.cpp:738] [run_in_thread] run_pull of queue element PullQEl_nms0yolov11n/conv80_143 was aborted!
[2026-04-18 13:15:23.926] [193886] [HailoRT] [info] [queue_elements.cpp:738] [run_in_thread] run_pull of queue element PullQEl_nms12yolov11n/conv54_143 was aborted!
[2026-04-18 13:15:23.926] [193884] [HailoRT] [info] [edge_elements.cpp:87] [run_push] Failed to send on input stream InputStream(index=8, name=yolov11n/input_layer1) because stream was aborted
[2026-04-18 13:15:23.926] [193885] [HailoRT] [info] [queue_elements.cpp:738] [run_in_thread] run_pull of queue element PullQEl_nms3yolov11n/conv51_143 was aborted!
[2026-04-18 13:15:23.926] [193884] [HailoRT] [info] [queue_elements.cpp:401] [run_in_thread] run_push of PushQEl8yolov11n/input_layer1 was aborted!
[2026-04-18 13:15:23.926] [193888] [HailoRT] [info] [queue_elements.cpp:738] [run_in_thread] run_pull of queue element PullQEl_nms13yolov11n/conv65_143 was aborted!
[2026-04-18 13:15:23.926] [193894] [HailoRT] [info] [queue_elements.cpp:706] [run_pull] Shutdown event was signaled in dequeue of queue element PullQEl_nms3yolov11n/conv51_143!
[2026-04-18 13:15:23.926] [193894] [HailoRT] [info] [vstream.cpp:1138] [read] Receiving to VStream was shutdown!
[2026-04-18 13:15:23.927] [193895] [HailoRT] [info] [queue_elements.cpp:319] [run_push] run_push of PushQEl8yolov11n/input_layer1 was aborted!
[2026-04-18 13:15:23.927] [193895] [HailoRT] [info] [filter_elements.cpp:35] [run_push] run_push of PreInferEl8yolov11n/input_layer1 was aborted!
[2026-04-18 13:15:23.927] [193895] [HailoRT] [info] [vstream.cpp:778] [write] Sending to VStream was aborted!
[2026-04-18 13:15:23.935] [193394] [HailoRT] [info] [queue_elements.cpp:360] [execute_deactivate] enqueue() in element PushQEl8yolov11n/input_layer1 was aborted, got status = HAILO_SHUTDOWN_EVENT_SIGNALED(57)
[2026-04-18 13:15:23.935] [193884] [HailoRT] [info] [queue_elements.cpp:68] [operator()] Thread in element PushQEl8yolov11n/input_layer1 is not running anymore, exiting..
[2026-04-18 13:15:23.935] [193394] [HailoRT] [info] [queue_elements.cpp:46] [~BaseQueueElement] Queue element PushQEl8yolov11n/input_layer1 has 1 frames in his Queue on destruction
[2026-04-18 13:15:23.936] [193891] [HailoRT] [info] [queue_elements.cpp:68] [operator()] Thread in element UserBufQEl_post_infer0yolov11n/yolov8_nms_postprocess is not running anymore, exiting..
[2026-04-18 13:15:23.936] [193394] [HailoRT] [info] [queue_elements.cpp:46] [~BaseQueueElement] Queue element UserBufQEl_post_infer0yolov11n/yolov8_nms_postprocess has 0 frames in his Queue on destruction
[2026-04-18 13:15:23.936] [193890] [HailoRT] [info] [queue_elements.cpp:68] [operator()] Thread in element PullQEl_nms0yolov11n/conv80_143 is not running anymore, exiting..
[2026-04-18 13:15:23.936] [193394] [HailoRT] [info] [queue_elements.cpp:46] [~BaseQueueElement] Queue element PullQEl_nms0yolov11n/conv80_143 has 0 frames in his Queue on destruction
[2026-04-18 13:15:23.936] [193889] [HailoRT] [info] [queue_elements.cpp:68] [operator()] Thread in element PullQEl_nms1yolov11n/conv77_143 is not running anymore, exiting..
[2026-04-18 13:15:23.936] [193394] [HailoRT] [info] [queue_elements.cpp:46] [~BaseQueueElement] Queue element PullQEl_nms1yolov11n/conv77_143 has 0 frames in his Queue on destruction
[2026-04-18 13:15:23.936] [193888] [HailoRT] [info] [queue_elements.cpp:68] [operator()] Thread in element PullQEl_nms13yolov11n/conv65_143 is not running anymore, exiting..
[2026-04-18 13:15:23.936] [193394] [HailoRT] [info] [queue_elements.cpp:46] [~BaseQueueElement] Queue element PullQEl_nms13yolov11n/conv65_143 has 0 frames in his Queue on destruction
[2026-04-18 13:15:23.936] [193887] [HailoRT] [info] [queue_elements.cpp:68] [operator()] Thread in element PullQEl_nms15yolov11n/conv62_143 is not running anymore, exiting..
[2026-04-18 13:15:23.936] [193394] [HailoRT] [info] [queue_elements.cpp:46] [~BaseQueueElement] Queue element PullQEl_nms15yolov11n/conv62_143 has 0 frames in his Queue on destruction
[2026-04-18 13:15:23.936] [193886] [HailoRT] [info] [queue_elements.cpp:68] [operator()] Thread in element PullQEl_nms12yolov11n/conv54_143 is not running anymore, exiting..
[2026-04-18 13:15:23.936] [193394] [HailoRT] [info] [queue_elements.cpp:46] [~BaseQueueElement] Queue element PullQEl_nms12yolov11n/conv54_143 has 0 frames in his Queue on destruction
[2026-04-18 13:15:23.936] [193885] [HailoRT] [info] [queue_elements.cpp:68] [operator()] Thread in element PullQEl_nms3yolov11n/conv51_143 is not running anymore, exiting..
[2026-04-18 13:15:23.936] [193394] [HailoRT] [info] [queue_elements.cpp:46] [~BaseQueueElement] Queue element PullQEl_nms3yolov11n/conv51_143 has 0 frames in his Queue on destruction
[2026-04-18 13:15:23.936] [193394] [HailoRT] [info] [core_op.cpp:186] [deactivate] Deactivating took 0.008315 ms
[2026-04-18 13:15:23.936] [193394] [HailoRT] [info] [core_op.cpp:186] [deactivate] Deactivating took 0.01763 ms
[2026-04-18 13:15:23.997] [193394] [HailoRT] [info] [vdevice.cpp:535] [create] Creating vdevice with params: device_count: 1, scheduling_algorithm: NONE, multi_process_service: false
[2026-04-18 13:15:23.997] [193394] [HailoRT] [info] [device.cpp:51] [Device] OS Version: Linux 6.12.75+rpt-rpi-2712 #1 SMP PREEMPT Debian 1:6.12.75-1+rpt1 (2026-03-11) aarch64
[2026-04-18 13:15:23.997] [193394] [HailoRT] [info] [control.cpp:113] [control__parse_identify_results] firmware_version is: 4.23.0
[2026-04-18 13:15:23.997] [193394] [HailoRT] [info] [vdevice.cpp:682] [create] VDevice Infos: 0001:01:00.0
[2026-04-18 13:15:24.003] [193394] [HailoRT] [warning] [buffer_requirements.cpp:131] [get_buffer_requirements_multiple_transfers] Desc page size value (1024) is not optimal for performance.
[2026-04-18 13:15:24.030] [193394] [HailoRT] [info] [internal_buffer_manager.cpp:77] [print_execution_results] Planned internal buffer memory: CMA=0 CMA-Desc=1703936 Pinned=73014272. memory to edge layer usage factor is 1
[2026-04-18 13:15:24.030] [193394] [HailoRT] [info] [internal_buffer_manager.cpp:86] [print_execution_results] Default Internal buffer planner executed successfully
[2026-04-18 13:15:24.155] [193394] [HailoRT] [info] [device_internal.cpp:57] [configure] Configuring HEF took 157.536525 milliseconds
[2026-04-18 13:15:24.155] [193394] [HailoRT] [info] [vdevice.cpp:780] [configure] Configuring HEF on VDevice took 157.903304 milliseconds
[2026-04-18 13:15:24.156] [193394] [HailoRT] [info] [control.cpp:113] [control__parse_identify_results] firmware_version is: 4.23.0
[2026-04-18 13:15:24.156] [193394] [HailoRT] [info] [control.cpp:113] [control__parse_identify_results] firmware_version is: 4.23.0
[2026-04-18 13:15:24.185] [193394] [HailoRT] [info] [core_op.cpp:156] [activate] Activating yolov11n took 29.496021 milliseconds. Note that the function is asynchronous and thus the network is not fully activated yet.
[2026-04-18 13:15:24.185] [193394] [HailoRT] [info] [core_op.cpp:156] [activate] Activating yolov11n took 29.51991 milliseconds. Note that the function is asynchronous and thus the network is not fully activated yet.
[2026-04-18 13:15:24.198] [193394] [HailoRT] [info] [control.cpp:113] [control__parse_identify_results] firmware_version is: 4.23.0
[2026-04-18 13:15:24.199] [193394] [HailoRT] [info] [control.cpp:113] [control__parse_identify_results] firmware_version is: 4.23.0
[2026-04-18 13:15:24.199] [193394] [HailoRT] [info] [edge_elements.cpp:52] [create] Created (HwWriteEl8yolov11n/input_layer1 | hw_frame_size: 1228800)
[2026-04-18 13:15:24.199] [193394] [HailoRT] [info] [queue_elements.cpp:284] [create] Created (PushQEl8yolov11n/input_layer1 | timeout: 10s)
[2026-04-18 13:15:24.199] [193394] [HailoRT] [info] [filter_elements.cpp:101] [create] Created (PreInferEl8yolov11n/input_layer1 | Reorder - src_order: NHWC, src_shape: (640, 640, 3), dst_order: NHCW, dst_shape: (640, 640, 3))
[2026-04-18 13:15:24.199] [193394] [HailoRT] [info] [vstream.cpp:754] [InputVStreamImpl] Creating yolov11n/input_layer1...
[2026-04-18 13:15:24.199] [193394] [HailoRT] [info] [vstream_builder.cpp:102] [create_inputs] Input pipeline 'yolov11n/input_layer1': (PreInferEl8yolov11n/input_layer1 | Reorder - src_order: NHWC, src_shape: (640, 640, 3), dst_order: NHCW, dst_shape: (640, 640, 3)) >> (PushQEl8yolov11n/input_layer1 | timeout: 10s) >> (HwWriteEl8yolov11n/input_layer1 | hw_frame_size: 1228800) >> HW
[2026-04-18 13:15:24.199] [193394] [HailoRT] [info] [multi_io_elements.cpp:135] [create] Created (NmsPPMuxEl0YOLOV8-Post-Process | Op YOLOV8, Name: YOLOV8-Post-Process, Score threshold: 0.200, IoU threshold: 0.70, Classes: 80, Max bboxes per class: 100, Image height: 640, Image width: 640)
[2026-04-18 13:15:24.199] [193394] [HailoRT] [info] [edge_elements.cpp:287] [create] Created (HwReadEl3yolov11n/conv51_143 | hw_frame_size: 409600)
[2026-04-18 13:15:24.199] [193394] [HailoRT] [info] [queue_elements.cpp:657] [create] Created (PullQEl_nms3yolov11n/conv51_143 | timeout: 10s)
[2026-04-18 13:15:24.199] [193394] [HailoRT] [info] [edge_elements.cpp:287] [create] Created (HwReadEl12yolov11n/conv54_143 | hw_frame_size: 512000)
[2026-04-18 13:15:24.199] [193394] [HailoRT] [info] [queue_elements.cpp:657] [create] Created (PullQEl_nms12yolov11n/conv54_143 | timeout: 10s)
[2026-04-18 13:15:24.199] [193394] [HailoRT] [info] [edge_elements.cpp:287] [create] Created (HwReadEl15yolov11n/conv62_143 | hw_frame_size: 102400)
[2026-04-18 13:15:24.199] [193394] [HailoRT] [info] [queue_elements.cpp:657] [create] Created (PullQEl_nms15yolov11n/conv62_143 | timeout: 10s)
[2026-04-18 13:15:24.199] [193394] [HailoRT] [info] [edge_elements.cpp:287] [create] Created (HwReadEl13yolov11n/conv65_143 | hw_frame_size: 128000)
[2026-04-18 13:15:24.199] [193394] [HailoRT] [info] [queue_elements.cpp:657] [create] Created (PullQEl_nms13yolov11n/conv65_143 | timeout: 10s)
[2026-04-18 13:15:24.199] [193394] [HailoRT] [info] [edge_elements.cpp:287] [create] Created (HwReadEl1yolov11n/conv77_143 | hw_frame_size: 30720)
[2026-04-18 13:15:24.200] [193394] [HailoRT] [info] [queue_elements.cpp:657] [create] Created (PullQEl_nms1yolov11n/conv77_143 | timeout: 10s)
[2026-04-18 13:15:24.200] [193394] [HailoRT] [info] [edge_elements.cpp:287] [create] Created (HwReadEl0yolov11n/conv80_143 | hw_frame_size: 38400)
[2026-04-18 13:15:24.200] [193394] [HailoRT] [info] [queue_elements.cpp:657] [create] Created (PullQEl_nms0yolov11n/conv80_143 | timeout: 10s)
[2026-04-18 13:15:24.200] [193394] [HailoRT] [info] [queue_elements.cpp:800] [create] Created (UserBufQEl_post_infer0yolov11n/yolov8_nms_postprocess | timeout: 10s)
[2026-04-18 13:15:24.200] [193394] [HailoRT] [info] [vstream.cpp:1114] [OutputVStreamImpl] Creating yolov11n/yolov8_nms_postprocess...
[2026-04-18 13:15:24.200] [193394] [HailoRT] [info] [vstream_builder.cpp:622] [create_output_post_process_nms] Output pipeline 'yolov11n/yolov8_nms_postprocess': HW >> (HwReadEl3yolov11n/conv51_143 | hw_frame_size: 409600) >> (PullQEl_nms3yolov11n/conv51_143) >> (HwReadEl12yolov11n/conv54_143 | hw_frame_size: 512000) >> (PullQEl_nms12yolov11n/conv54_143) >> (HwReadEl15yolov11n/conv62_143 | hw_frame_size: 102400) >> (PullQEl_nms15yolov11n/conv62_143) >> (HwReadEl13yolov11n/conv65_143 | hw_frame_size: 128000) >> (PullQEl_nms13yolov11n/conv65_143) >> (HwReadEl1yolov11n/conv77_143 | hw_frame_size: 30720) >> (PullQEl_nms1yolov11n/conv77_143) >> (HwReadEl0yolov11n/conv80_143 | hw_frame_size: 38400) >> (PullQEl_nms0yolov11n/conv80_143) >> (NmsPPMuxEl0YOLOV8-Post-Process | Op YOLOV8, Name: YOLOV8-Post-Process, Score threshold: 0.200, IoU threshold: 0.70, Classes: 80, Max bboxes per class: 100, Image height: 640, Image width: 640) >> (UserBufQEl_post_infer0yolov11n/yolov8_nms_postprocess | timeout: 10s)
[2026-04-18 13:16:24.200] [194394] [HailoRT] [info] [vdevice_native_stream.cpp:331] [read_impl] Failed read from stream HAILO_STREAM_ABORT(63) (device: 0001:01:00.0)
[2026-04-18 13:16:24.200] [194394] [HailoRT] [info] [edge_elements.cpp:396] [run_pull] Reading from stream was aborted!
[2026-04-18 13:16:24.200] [194391] [HailoRT] [info] [vdevice_native_stream.cpp:331] [read_impl] Failed read from stream HAILO_STREAM_ABORT(63) (device: 0001:01:00.0)
[2026-04-18 13:16:24.200] [194391] [HailoRT] [info] [edge_elements.cpp:396] [run_pull] Reading from stream was aborted!
[2026-04-18 13:16:24.200] [194395] [HailoRT] [info] [vdevice_native_stream.cpp:331] [read_impl] Failed read from stream HAILO_STREAM_ABORT(63) (device: 0001:01:00.0)
[2026-04-18 13:16:24.200] [194395] [HailoRT] [info] [edge_elements.cpp:396] [run_pull] Reading from stream was aborted!
[2026-04-18 13:16:24.200] [194391] [HailoRT] [info] [queue_elements.cpp:738] [run_in_thread] run_pull of queue element PullQEl_nms12yolov11n/conv54_143 was aborted!
[2026-04-18 13:16:24.200] [194395] [HailoRT] [info] [queue_elements.cpp:738] [run_in_thread] run_pull of queue element PullQEl_nms0yolov11n/conv80_143 was aborted!
[2026-04-18 13:16:24.200] [194390] [HailoRT] [info] [vdevice_native_stream.cpp:331] [read_impl] Failed read from stream HAILO_STREAM_ABORT(63) (device: 0001:01:00.0)
[2026-04-18 13:16:24.200] [194390] [HailoRT] [info] [edge_elements.cpp:396] [run_pull] Reading from stream was aborted!
[2026-04-18 13:16:24.200] [194390] [HailoRT] [info] [queue_elements.cpp:738] [run_in_thread] run_pull of queue element PullQEl_nms3yolov11n/conv51_143 was aborted!
[2026-04-18 13:16:24.200] [194392] [HailoRT] [info] [vdevice_native_stream.cpp:331] [read_impl] Failed read from stream HAILO_STREAM_ABORT(63) (device: 0001:01:00.0)
[2026-04-18 13:16:24.200] [194392] [HailoRT] [info] [edge_elements.cpp:396] [run_pull] Reading from stream was aborted!
[2026-04-18 13:16:24.200] [194399] [HailoRT] [info] [queue_elements.cpp:706] [run_pull] Shutdown event was signaled in dequeue of queue element PullQEl_nms3yolov11n/conv51_143!
[2026-04-18 13:16:24.200] [194392] [HailoRT] [info] [queue_elements.cpp:738] [run_in_thread] run_pull of queue element PullQEl_nms15yolov11n/conv62_143 was aborted!
[2026-04-18 13:16:24.200] [194399] [HailoRT] [info] [vstream.cpp:1138] [read] Receiving to VStream was shutdown!
[2026-04-18 13:16:24.200] [194393] [HailoRT] [info] [vdevice_native_stream.cpp:331] [read_impl] Failed read from stream HAILO_STREAM_ABORT(63) (device: 0001:01:00.0)
[2026-04-18 13:16:24.200] [194393] [HailoRT] [info] [edge_elements.cpp:396] [run_pull] Reading from stream was aborted!
[2026-04-18 13:16:24.200] [194393] [HailoRT] [info] [queue_elements.cpp:738] [run_in_thread] run_pull of queue element PullQEl_nms13yolov11n/conv65_143 was aborted!
[2026-04-18 13:16:24.200] [194394] [HailoRT] [info] [queue_elements.cpp:738] [run_in_thread] run_pull of queue element PullQEl_nms1yolov11n/conv77_143 was aborted!
[2026-04-18 13:16:24.201] [194389] [HailoRT] [info] [vdevice_native_stream.cpp:142] [write_impl] Failed write to stream yolov11n/input_layer1 (device: 0001:01:00.0) with status=HAILO_STREAM_ABORT(63)
[2026-04-18 13:16:24.201] [194389] [HailoRT] [info] [edge_elements.cpp:87] [run_push] Failed to send on input stream InputStream(index=8, name=yolov11n/input_layer1) because stream was aborted
[2026-04-18 13:16:24.201] [194389] [HailoRT] [info] [queue_elements.cpp:401] [run_in_thread] run_push of PushQEl8yolov11n/input_layer1 was aborted!
[2026-04-18 13:16:24.202] [194400] [HailoRT] [info] [queue_elements.cpp:319] [run_push] run_push of PushQEl8yolov11n/input_layer1 was aborted!
[2026-04-18 13:16:24.202] [194400] [HailoRT] [info] [filter_elements.cpp:35] [run_push] run_push of PreInferEl8yolov11n/input_layer1 was aborted!
[2026-04-18 13:16:24.202] [194400] [HailoRT] [info] [vstream.cpp:778] [write] Sending to VStream was aborted!
[2026-04-18 13:16:24.208] [193394] [HailoRT] [info] [queue_elements.cpp:360] [execute_deactivate] enqueue() in element PushQEl8yolov11n/input_layer1 was aborted, got status = HAILO_SHUTDOWN_EVENT_SIGNALED(57)
[2026-04-18 13:16:24.209] [194389] [HailoRT] [info] [queue_elements.cpp:68] [operator()] Thread in element PushQEl8yolov11n/input_layer1 is not running anymore, exiting..
[2026-04-18 13:16:24.209] [193394] [HailoRT] [info] [queue_elements.cpp:46] [~BaseQueueElement] Queue element PushQEl8yolov11n/input_layer1 has 0 frames in his Queue on destruction
[2026-04-18 13:16:24.209] [194396] [HailoRT] [info] [queue_elements.cpp:68] [operator()] Thread in element UserBufQEl_post_infer0yolov11n/yolov8_nms_postprocess is not running anymore, exiting..
[2026-04-18 13:16:24.209] [193394] [HailoRT] [info] [queue_elements.cpp:46] [~BaseQueueElement] Queue element UserBufQEl_post_infer0yolov11n/yolov8_nms_postprocess has 0 frames in his Queue on destruction
[2026-04-18 13:16:24.209] [194395] [HailoRT] [info] [queue_elements.cpp:68] [operator()] Thread in element PullQEl_nms0yolov11n/conv80_143 is not running anymore, exiting..
[2026-04-18 13:16:24.209] [193394] [HailoRT] [info] [queue_elements.cpp:46] [~BaseQueueElement] Queue element PullQEl_nms0yolov11n/conv80_143 has 0 frames in his Queue on destruction
[2026-04-18 13:16:24.209] [194394] [HailoRT] [info] [queue_elements.cpp:68] [operator()] Thread in element PullQEl_nms1yolov11n/conv77_143 is not running anymore, exiting..
[2026-04-18 13:16:24.209] [193394] [HailoRT] [info] [queue_elements.cpp:46] [~BaseQueueElement] Queue element PullQEl_nms1yolov11n/conv77_143 has 0 frames in his Queue on destruction
[2026-04-18 13:16:24.209] [194393] [HailoRT] [info] [queue_elements.cpp:68] [operator()] Thread in element PullQEl_nms13yolov11n/conv65_143 is not running anymore, exiting..
[2026-04-18 13:16:24.209] [193394] [HailoRT] [info] [queue_elements.cpp:46] [~BaseQueueElement] Queue element PullQEl_nms13yolov11n/conv65_143 has 0 frames in his Queue on destruction
[2026-04-18 13:16:24.209] [194392] [HailoRT] [info] [queue_elements.cpp:68] [operator()] Thread in element PullQEl_nms15yolov11n/conv62_143 is not running anymore, exiting..
[2026-04-18 13:16:24.209] [193394] [HailoRT] [info] [queue_elements.cpp:46] [~BaseQueueElement] Queue element PullQEl_nms15yolov11n/conv62_143 has 0 frames in his Queue on destruction
[2026-04-18 13:16:24.209] [194391] [HailoRT] [info] [queue_elements.cpp:68] [operator()] Thread in element PullQEl_nms12yolov11n/conv54_143 is not running anymore, exiting..
[2026-04-18 13:16:24.209] [193394] [HailoRT] [info] [queue_elements.cpp:46] [~BaseQueueElement] Queue element PullQEl_nms12yolov11n/conv54_143 has 0 frames in his Queue on destruction
[2026-04-18 13:16:24.209] [194390] [HailoRT] [info] [queue_elements.cpp:68] [operator()] Thread in element PullQEl_nms3yolov11n/conv51_143 is not running anymore, exiting..
[2026-04-18 13:16:24.209] [193394] [HailoRT] [info] [queue_elements.cpp:46] [~BaseQueueElement] Queue element PullQEl_nms3yolov11n/conv51_143 has 0 frames in his Queue on destruction
[2026-04-18 13:16:24.209] [193394] [HailoRT] [info] [core_op.cpp:186] [deactivate] Deactivating took 0.007204 ms
[2026-04-18 13:16:24.209] [193394] [HailoRT] [info] [core_op.cpp:186] [deactivate] Deactivating took 0.015592 ms
[2026-04-18 13:16:34.546] [194919] [HailoRT] [info] [vdevice.cpp:535] [create] Creating vdevice with params: device_count: 1, scheduling_algorithm: NONE, multi_process_service: false
[2026-04-18 13:16:34.558] [194919] [HailoRT] [info] [device.cpp:51] [Device] OS Version: Linux 6.12.75+rpt-rpi-2712 #1 SMP PREEMPT Debian 1:6.12.75-1+rpt1 (2026-03-11) aarch64
[2026-04-18 13:16:34.559] [194919] [HailoRT] [info] [control.cpp:113] [control__parse_identify_results] firmware_version is: 4.23.0
[2026-04-18 13:16:34.559] [194919] [HailoRT] [info] [vdevice.cpp:682] [create] VDevice Infos: 0001:01:00.0
[2026-04-18 13:16:34.565] [194919] [HailoRT] [warning] [buffer_requirements.cpp:131] [get_buffer_requirements_multiple_transfers] Desc page size value (1024) is not optimal for performance.
[2026-04-18 13:16:34.589] [194919] [HailoRT] [info] [internal_buffer_manager.cpp:77] [print_execution_results] Planned internal buffer memory: CMA=0 CMA-Desc=1703936 Pinned=74191872. memory to edge layer usage factor is 1
[2026-04-18 13:16:34.589] [194919] [HailoRT] [info] [internal_buffer_manager.cpp:86] [print_execution_results] Default Internal buffer planner executed successfully
[2026-04-18 13:16:34.711] [194919] [HailoRT] [info] [device_internal.cpp:57] [configure] Configuring HEF took 151.734197 milliseconds
[2026-04-18 13:16:34.711] [194919] [HailoRT] [info] [vdevice.cpp:780] [configure] Configuring HEF on VDevice took 152.154271 milliseconds
[2026-04-18 13:16:34.712] [194919] [HailoRT] [info] [control.cpp:113] [control__parse_identify_results] firmware_version is: 4.23.0
[2026-04-18 13:16:34.712] [194919] [HailoRT] [info] [control.cpp:113] [control__parse_identify_results] firmware_version is: 4.23.0
[2026-04-18 13:16:34.749] [194919] [HailoRT] [info] [core_op.cpp:156] [activate] Activating yolov11n took 36.934848 milliseconds. Note that the function is asynchronous and thus the network is not fully activated yet.
[2026-04-18 13:16:34.749] [194919] [HailoRT] [info] [core_op.cpp:156] [activate] Activating yolov11n took 36.963163 milliseconds. Note that the function is asynchronous and thus the network is not fully activated yet.
[2026-04-18 13:16:34.762] [194919] [HailoRT] [info] [control.cpp:113] [control__parse_identify_results] firmware_version is: 4.23.0
[2026-04-18 13:16:34.762] [194919] [HailoRT] [info] [control.cpp:113] [control__parse_identify_results] firmware_version is: 4.23.0
[2026-04-18 13:16:35.830] [194911] [HailoRT] [info] [device.cpp:51] [Device] OS Version: Linux 6.12.75+rpt-rpi-2712 #1 SMP PREEMPT Debian 1:6.12.75-1+rpt1 (2026-03-11) aarch64
[2026-04-18 13:16:35.831] [194911] [HailoRT] [info] [control.cpp:113] [control__parse_identify_results] firmware_version is: 4.23.0
[2026-04-18 13:16:35.831] [194911] [HailoRT] [info] [control.cpp:113] [control__parse_identify_results] firmware_version is: 4.23.0
[2026-04-18 13:17:34.763] [194935] [HailoRT] [info] [vdevice_native_stream.cpp:142] [write_impl] Failed write to stream yolov11n/input_layer1 (device: 0001:01:00.0) with status=HAILO_STREAM_ABORT(63)
[2026-04-18 13:17:34.763] [194934] [HailoRT] [info] [vdevice_native_stream.cpp:331] [read_impl] Failed read from stream HAILO_STREAM_ABORT(63) (device: 0001:01:00.0)
[2026-04-18 13:17:34.763] [194932] [HailoRT] [info] [vdevice_native_stream.cpp:331] [read_impl] Failed read from stream HAILO_STREAM_ABORT(63) (device: 0001:01:00.0)
[2026-04-18 13:17:34.763] [194929] [HailoRT] [info] [vdevice_native_stream.cpp:331] [read_impl] Failed read from stream HAILO_STREAM_ABORT(63) (device: 0001:01:00.0)
[2026-04-18 13:17:34.763] [194933] [HailoRT] [info] [vdevice_native_stream.cpp:331] [read_impl] Failed read from stream HAILO_STREAM_ABORT(63) (device: 0001:01:00.0)
[2026-04-18 13:17:34.763] [194931] [HailoRT] [info] [vdevice_native_stream.cpp:331] [read_impl] Failed read from stream HAILO_STREAM_ABORT(63) (device: 0001:01:00.0)
[2026-04-18 13:17:34.763] [194930] [HailoRT] [info] [vdevice_native_stream.cpp:331] [read_impl] Failed read from stream HAILO_STREAM_ABORT(63) (device: 0001:01:00.0)
[2026-04-18 13:17:34.772] [194919] [HailoRT] [info] [core_op.cpp:186] [deactivate] Deactivating took 0.007797 ms
[2026-04-18 13:17:34.772] [194919] [HailoRT] [info] [core_op.cpp:186] [deactivate] Deactivating took 0.028871 ms
[2026-04-18 13:17:34.837] [194919] [HailoRT] [info] [vdevice.cpp:535] [create] Creating vdevice with params: device_count: 1, scheduling_algorithm: NONE, multi_process_service: false
[2026-04-18 13:17:34.837] [194919] [HailoRT] [info] [device.cpp:51] [Device] OS Version: Linux 6.12.75+rpt-rpi-2712 #1 SMP PREEMPT Debian 1:6.12.75-1+rpt1 (2026-03-11) aarch64
[2026-04-18 13:17:34.838] [194919] [HailoRT] [info] [control.cpp:113] [control__parse_identify_results] firmware_version is: 4.23.0
[2026-04-18 13:17:34.838] [194919] [HailoRT] [info] [vdevice.cpp:682] [create] VDevice Infos: 0001:01:00.0
[2026-04-18 13:17:34.846] [194919] [HailoRT] [warning] [buffer_requirements.cpp:131] [get_buffer_requirements_multiple_transfers] Desc page size value (1024) is not optimal for performance.
[2026-04-18 13:17:34.902] [194919] [HailoRT] [info] [internal_buffer_manager.cpp:77] [print_execution_results] Planned internal buffer memory: CMA=0 CMA-Desc=1703936 Pinned=74191872. memory to edge layer usage factor is 1
[2026-04-18 13:17:34.902] [194919] [HailoRT] [info] [internal_buffer_manager.cpp:86] [print_execution_results] Default Internal buffer planner executed successfully
[2026-04-18 13:17:35.061] [194919] [HailoRT] [info] [device_internal.cpp:57] [configure] Configuring HEF took 223.187915 milliseconds
[2026-04-18 13:17:35.061] [194919] [HailoRT] [info] [vdevice.cpp:780] [configure] Configuring HEF on VDevice took 223.565656 milliseconds
[2026-04-18 13:17:35.062] [194919] [HailoRT] [info] [control.cpp:113] [control__parse_identify_results] firmware_version is: 4.23.0
[2026-04-18 13:17:35.062] [194919] [HailoRT] [info] [control.cpp:113] [control__parse_identify_results] firmware_version is: 4.23.0
[2026-04-18 13:17:35.099] [194919] [HailoRT] [info] [core_op.cpp:156] [activate] Activating yolov11n took 37.025825 milliseconds. Note that the function is asynchronous and thus the network is not fully activated yet.
[2026-04-18 13:17:35.099] [194919] [HailoRT] [info] [core_op.cpp:156] [activate] Activating yolov11n took 37.051047 milliseconds. Note that the function is asynchronous and thus the network is not fully activated yet.
[2026-04-18 13:17:35.112] [194919] [HailoRT] [info] [control.cpp:113] [control__parse_identify_results] firmware_version is: 4.23.0
[2026-04-18 13:17:35.112] [194919] [HailoRT] [info] [control.cpp:113] [control__parse_identify_results] firmware_version is: 4.23.0
[2026-04-18 13:17:35.112] [194919] [HailoRT] [info] [edge_elements.cpp:52] [create] Created (HwWriteEl8yolov11n/input_layer1 | hw_frame_size: 1228800)
[2026-04-18 13:17:35.113] [194919] [HailoRT] [info] [queue_elements.cpp:284] [create] Created (PushQEl8yolov11n/input_layer1 | timeout: 10s)
[2026-04-18 13:17:35.113] [194919] [HailoRT] [info] [filter_elements.cpp:101] [create] Created (PreInferEl8yolov11n/input_layer1 | Reorder - src_order: NHWC, src_shape: (640, 640, 3), dst_order: NHCW, dst_shape: (640, 640, 3))
[2026-04-18 13:17:35.113] [194919] [HailoRT] [info] [vstream.cpp:754] [InputVStreamImpl] Creating yolov11n/input_layer1...
[2026-04-18 13:17:35.113] [194919] [HailoRT] [info] [vstream_builder.cpp:102] [create_inputs] Input pipeline 'yolov11n/input_layer1': (PreInferEl8yolov11n/input_layer1 | Reorder - src_order: NHWC, src_shape: (640, 640, 3), dst_order: NHCW, dst_shape: (640, 640, 3)) >> (PushQEl8yolov11n/input_layer1 | timeout: 10s) >> (HwWriteEl8yolov11n/input_layer1 | hw_frame_size: 1228800) >> HW
[2026-04-18 13:17:35.113] [194919] [HailoRT] [info] [multi_io_elements.cpp:135] [create] Created (NmsPPMuxEl0YOLOV8-Post-Process | Op YOLOV8, Name: YOLOV8-Post-Process, Score threshold: 0.200, IoU threshold: 0.70, Classes: 80, Max bboxes per class: 100, Image height: 640, Image width: 640)
[2026-04-18 13:17:35.113] [194919] [HailoRT] [info] [edge_elements.cpp:287] [create] Created (HwReadEl3yolov11n/conv51_143 | hw_frame_size: 409600)
[2026-04-18 13:17:35.113] [194919] [HailoRT] [info] [queue_elements.cpp:657] [create] Created (PullQEl_nms3yolov11n/conv51_143 | timeout: 10s)
[2026-04-18 13:17:35.113] [194919] [HailoRT] [info] [edge_elements.cpp:287] [create] Created (HwReadEl12yolov11n/conv54_143 | hw_frame_size: 512000)
[2026-04-18 13:17:35.113] [194919] [HailoRT] [info] [queue_elements.cpp:657] [create] Created (PullQEl_nms12yolov11n/conv54_143 | timeout: 10s)
[2026-04-18 13:17:35.113] [194919] [HailoRT] [info] [edge_elements.cpp:287] [create] Created (HwReadEl15yolov11n/conv62_143 | hw_frame_size: 102400)
[2026-04-18 13:17:35.113] [194919] [HailoRT] [info] [queue_elements.cpp:657] [create] Created (PullQEl_nms15yolov11n/conv62_143 | timeout: 10s)
[2026-04-18 13:17:35.113] [194919] [HailoRT] [info] [edge_elements.cpp:287] [create] Created (HwReadEl13yolov11n/conv65_143 | hw_frame_size: 128000)
[2026-04-18 13:17:35.113] [194919] [HailoRT] [info] [queue_elements.cpp:657] [create] Created (PullQEl_nms13yolov11n/conv65_143 | timeout: 10s)
[2026-04-18 13:17:35.113] [194919] [HailoRT] [info] [edge_elements.cpp:287] [create] Created (HwReadEl1yolov11n/conv77_143 | hw_frame_size: 30720)
[2026-04-18 13:17:35.113] [194919] [HailoRT] [info] [queue_elements.cpp:657] [create] Created (PullQEl_nms1yolov11n/conv77_143 | timeout: 10s)
[2026-04-18 13:17:35.113] [194919] [HailoRT] [info] [edge_elements.cpp:287] [create] Created (HwReadEl0yolov11n/conv80_143 | hw_frame_size: 38400)
[2026-04-18 13:17:35.113] [194919] [HailoRT] [info] [queue_elements.cpp:657] [create] Created (PullQEl_nms0yolov11n/conv80_143 | timeout: 10s)
[2026-04-18 13:17:35.113] [194919] [HailoRT] [info] [queue_elements.cpp:800] [create] Created (UserBufQEl_post_infer0yolov11n/yolov8_nms_postprocess | timeout: 10s)
[2026-04-18 13:17:35.114] [194919] [HailoRT] [info] [vstream.cpp:1114] [OutputVStreamImpl] Creating yolov11n/yolov8_nms_postprocess...
[2026-04-18 13:17:35.114] [194919] [HailoRT] [info] [vstream_builder.cpp:622] [create_output_post_process_nms] Output pipeline 'yolov11n/yolov8_nms_postprocess': HW >> (HwReadEl3yolov11n/conv51_143 | hw_frame_size: 409600) >> (PullQEl_nms3yolov11n/conv51_143) >> (HwReadEl12yolov11n/conv54_143 | hw_frame_size: 512000) >> (PullQEl_nms12yolov11n/conv54_143) >> (HwReadEl15yolov11n/conv62_143 | hw_frame_size: 102400) >> (PullQEl_nms15yolov11n/conv62_143) >> (HwReadEl13yolov11n/conv65_143 | hw_frame_size: 128000) >> (PullQEl_nms13yolov11n/conv65_143) >> (HwReadEl1yolov11n/conv77_143 | hw_frame_size: 30720) >> (PullQEl_nms1yolov11n/conv77_143) >> (HwReadEl0yolov11n/conv80_143 | hw_frame_size: 38400) >> (PullQEl_nms0yolov11n/conv80_143) >> (NmsPPMuxEl0YOLOV8-Post-Process | Op YOLOV8, Name: YOLOV8-Post-Process, Score threshold: 0.200, IoU threshold: 0.70, Classes: 80, Max bboxes per class: 100, Image height: 640, Image width: 640) >> (UserBufQEl_post_infer0yolov11n/yolov8_nms_postprocess | timeout: 10s)
[2026-04-18 13:18:35.114] [195414] [HailoRT] [info] [vdevice_native_stream.cpp:142] [write_impl] Failed write to stream yolov11n/input_layer1 (device: 0001:01:00.0) with status=HAILO_STREAM_ABORT(63)
[2026-04-18 13:18:35.114] [195419] [HailoRT] [info] [vdevice_native_stream.cpp:331] [read_impl] Failed read from stream HAILO_STREAM_ABORT(63) (device: 0001:01:00.0)
[2026-04-18 13:18:35.114] [195419] [HailoRT] [info] [edge_elements.cpp:396] [run_pull] Reading from stream was aborted!
[2026-04-18 13:18:35.114] [195414] [HailoRT] [info] [edge_elements.cpp:87] [run_push] Failed to send on input stream InputStream(index=8, name=yolov11n/input_layer1) because stream was aborted
[2026-04-18 13:18:35.114] [195420] [HailoRT] [info] [vdevice_native_stream.cpp:331] [read_impl] Failed read from stream HAILO_STREAM_ABORT(63) (device: 0001:01:00.0)
[2026-04-18 13:18:35.114] [195414] [HailoRT] [info] [queue_elements.cpp:401] [run_in_thread] run_push of PushQEl8yolov11n/input_layer1 was aborted!
[2026-04-18 13:18:35.114] [195420] [HailoRT] [info] [edge_elements.cpp:396] [run_pull] Reading from stream was aborted!
[2026-04-18 13:18:35.114] [195420] [HailoRT] [info] [queue_elements.cpp:738] [run_in_thread] run_pull of queue element PullQEl_nms0yolov11n/conv80_143 was aborted!
[2026-04-18 13:18:35.114] [195419] [HailoRT] [info] [queue_elements.cpp:738] [run_in_thread] run_pull of queue element PullQEl_nms1yolov11n/conv77_143 was aborted!
[2026-04-18 13:18:35.114] [195415] [HailoRT] [info] [vdevice_native_stream.cpp:331] [read_impl] Failed read from stream HAILO_STREAM_ABORT(63) (device: 0001:01:00.0)
[2026-04-18 13:18:35.114] [195415] [HailoRT] [info] [edge_elements.cpp:396] [run_pull] Reading from stream was aborted!
[2026-04-18 13:18:35.114] [195415] [HailoRT] [info] [queue_elements.cpp:738] [run_in_thread] run_pull of queue element PullQEl_nms3yolov11n/conv51_143 was aborted!
[2026-04-18 13:18:35.114] [195416] [HailoRT] [info] [vdevice_native_stream.cpp:331] [read_impl] Failed read from stream HAILO_STREAM_ABORT(63) (device: 0001:01:00.0)
[2026-04-18 13:18:35.114] [195416] [HailoRT] [info] [edge_elements.cpp:396] [run_pull] Reading from stream was aborted!
[2026-04-18 13:18:35.114] [195416] [HailoRT] [info] [queue_elements.cpp:738] [run_in_thread] run_pull of queue element PullQEl_nms12yolov11n/conv54_143 was aborted!
[2026-04-18 13:18:35.114] [195417] [HailoRT] [info] [vdevice_native_stream.cpp:331] [read_impl] Failed read from stream HAILO_STREAM_ABORT(63) (device: 0001:01:00.0)
[2026-04-18 13:18:35.114] [195417] [HailoRT] [info] [edge_elements.cpp:396] [run_pull] Reading from stream was aborted!
[2026-04-18 13:18:35.114] [195417] [HailoRT] [info] [queue_elements.cpp:738] [run_in_thread] run_pull of queue element PullQEl_nms15yolov11n/conv62_143 was aborted!
[2026-04-18 13:18:35.114] [195418] [HailoRT] [info] [vdevice_native_stream.cpp:331] [read_impl] Failed read from stream HAILO_STREAM_ABORT(63) (device: 0001:01:00.0)
[2026-04-18 13:18:35.114] [195418] [HailoRT] [info] [edge_elements.cpp:396] [run_pull] Reading from stream was aborted!
[2026-04-18 13:18:35.114] [195418] [HailoRT] [info] [queue_elements.cpp:738] [run_in_thread] run_pull of queue element PullQEl_nms13yolov11n/conv65_143 was aborted!
[2026-04-18 13:18:35.114] [195424] [HailoRT] [info] [queue_elements.cpp:706] [run_pull] Shutdown event was signaled in dequeue of queue element PullQEl_nms3yolov11n/conv51_143!
[2026-04-18 13:18:35.114] [195424] [HailoRT] [info] [vstream.cpp:1138] [read] Receiving to VStream was shutdown!
[2026-04-18 13:18:35.114] [195425] [HailoRT] [info] [vstream.cpp:774] [write] Sending to VStream was shutdown!
[2026-04-18 13:18:35.114] [195425] [HailoRT] [info] [vstream.cpp:778] [write] Sending to VStream was aborted!
[2026-04-18 13:18:35.124] [194919] [HailoRT] [info] [queue_elements.cpp:360] [execute_deactivate] enqueue() in element PushQEl8yolov11n/input_layer1 was aborted, got status = HAILO_SHUTDOWN_EVENT_SIGNALED(57)
[2026-04-18 13:18:35.124] [195414] [HailoRT] [info] [queue_elements.cpp:68] [operator()] Thread in element PushQEl8yolov11n/input_layer1 is not running anymore, exiting..
[2026-04-18 13:18:35.124] [194919] [HailoRT] [info] [queue_elements.cpp:46] [~BaseQueueElement] Queue element PushQEl8yolov11n/input_layer1 has 1 frames in his Queue on destruction
[2026-04-18 13:18:35.124] [195421] [HailoRT] [info] [queue_elements.cpp:68] [operator()] Thread in element UserBufQEl_post_infer0yolov11n/yolov8_nms_postprocess is not running anymore, exiting..
[2026-04-18 13:18:35.124] [194919] [HailoRT] [info] [queue_elements.cpp:46] [~BaseQueueElement] Queue element UserBufQEl_post_infer0yolov11n/yolov8_nms_postprocess has 0 frames in his Queue on destruction
[2026-04-18 13:18:35.124] [195420] [HailoRT] [info] [queue_elements.cpp:68] [operator()] Thread in element PullQEl_nms0yolov11n/conv80_143 is not running anymore, exiting..
[2026-04-18 13:18:35.125] [194919] [HailoRT] [info] [queue_elements.cpp:46] [~BaseQueueElement] Queue element PullQEl_nms0yolov11n/conv80_143 has 0 frames in his Queue on destruction
[2026-04-18 13:18:35.125] [195419] [HailoRT] [info] [queue_elements.cpp:68] [operator()] Thread in element PullQEl_nms1yolov11n/conv77_143 is not running anymore, exiting..
[2026-04-18 13:18:35.125] [194919] [HailoRT] [info] [queue_elements.cpp:46] [~BaseQueueElement] Queue element PullQEl_nms1yolov11n/conv77_143 has 0 frames in his Queue on destruction
[2026-04-18 13:18:35.125] [195418] [HailoRT] [info] [queue_elements.cpp:68] [operator()] Thread in element PullQEl_nms13yolov11n/conv65_143 is not running anymore, exiting..
[2026-04-18 13:18:35.125] [194919] [HailoRT] [info] [queue_elements.cpp:46] [~BaseQueueElement] Queue element PullQEl_nms13yolov11n/conv65_143 has 0 frames in his Queue on destruction
[2026-04-18 13:18:35.125] [195417] [HailoRT] [info] [queue_elements.cpp:68] [operator()] Thread in element PullQEl_nms15yolov11n/conv62_143 is not running anymore, exiting..
[2026-04-18 13:18:35.125] [194919] [HailoRT] [info] [queue_elements.cpp:46] [~BaseQueueElement] Queue element PullQEl_nms15yolov11n/conv62_143 has 0 frames in his Queue on destruction
[2026-04-18 13:18:35.125] [195416] [HailoRT] [info] [queue_elements.cpp:68] [operator()] Thread in element PullQEl_nms12yolov11n/conv54_143 is not running anymore, exiting..
[2026-04-18 13:18:35.125] [194919] [HailoRT] [info] [queue_elements.cpp:46] [~BaseQueueElement] Queue element PullQEl_nms12yolov11n/conv54_143 has 0 frames in his Queue on destruction
[2026-04-18 13:18:35.125] [195415] [HailoRT] [info] [queue_elements.cpp:68] [operator()] Thread in element PullQEl_nms3yolov11n/conv51_143 is not running anymore, exiting..
[2026-04-18 13:18:35.125] [194919] [HailoRT] [info] [queue_elements.cpp:46] [~BaseQueueElement] Queue element PullQEl_nms3yolov11n/conv51_143 has 0 frames in his Queue on destruction
[2026-04-18 13:18:35.125] [194919] [HailoRT] [info] [core_op.cpp:186] [deactivate] Deactivating took 0.0075 ms
[2026-04-18 13:18:35.125] [194919] [HailoRT] [info] [core_op.cpp:186] [deactivate] Deactivating took 0.017538 ms
[2026-04-18 13:18:35.189] [194919] [HailoRT] [info] [vdevice.cpp:535] [create] Creating vdevice with params: device_count: 1, scheduling_algorithm: NONE, multi_process_service: false
[2026-04-18 13:18:35.189] [194919] [HailoRT] [info] [device.cpp:51] [Device] OS Version: Linux 6.12.75+rpt-rpi-2712 #1 SMP PREEMPT Debian 1:6.12.75-1+rpt1 (2026-03-11) aarch64
[2026-04-18 13:18:35.189] [194919] [HailoRT] [info] [control.cpp:113] [control__parse_identify_results] firmware_version is: 4.23.0
[2026-04-18 13:18:35.189] [194919] [HailoRT] [info] [vdevice.cpp:682] [create] VDevice Infos: 0001:01:00.0
[2026-04-18 13:18:35.195] [194919] [HailoRT] [warning] [buffer_requirements.cpp:131] [get_buffer_requirements_multiple_transfers] Desc page size value (1024) is not optimal for performance.
[2026-04-18 13:18:35.223] [194919] [HailoRT] [info] [internal_buffer_manager.cpp:77] [print_execution_results] Planned internal buffer memory: CMA=0 CMA-Desc=1703936 Pinned=74191872. memory to edge layer usage factor is 1
[2026-04-18 13:18:35.223] [194919] [HailoRT] [info] [internal_buffer_manager.cpp:86] [print_execution_results] Default Internal buffer planner executed successfully
[2026-04-18 13:18:35.350] [194919] [HailoRT] [info] [device_internal.cpp:57] [configure] Configuring HEF took 160.842362 milliseconds
[2026-04-18 13:18:35.351] [194919] [HailoRT] [info] [vdevice.cpp:780] [configure] Configuring HEF on VDevice took 161.305548 milliseconds
[2026-04-18 13:18:35.351] [194919] [HailoRT] [info] [control.cpp:113] [control__parse_identify_results] firmware_version is: 4.23.0
[2026-04-18 13:18:35.351] [194919] [HailoRT] [info] [control.cpp:113] [control__parse_identify_results] firmware_version is: 4.23.0
[2026-04-18 13:18:35.382] [194919] [HailoRT] [info] [core_op.cpp:156] [activate] Activating yolov11n took 31.029316 milliseconds. Note that the function is asynchronous and thus the network is not fully activated yet.
[2026-04-18 13:18:35.383] [194919] [HailoRT] [info] [core_op.cpp:156] [activate] Activating yolov11n took 31.054853 milliseconds. Note that the function is asynchronous and thus the network is not fully activated yet.
[2026-04-18 13:18:35.396] [194919] [HailoRT] [info] [control.cpp:113] [control__parse_identify_results] firmware_version is: 4.23.0
[2026-04-18 13:18:35.396] [194919] [HailoRT] [info] [control.cpp:113] [control__parse_identify_results] firmware_version is: 4.23.0
[2026-04-18 13:18:35.396] [194919] [HailoRT] [info] [edge_elements.cpp:52] [create] Created (HwWriteEl8yolov11n/input_layer1 | hw_frame_size: 1228800)
[2026-04-18 13:18:35.396] [194919] [HailoRT] [info] [queue_elements.cpp:284] [create] Created (PushQEl8yolov11n/input_layer1 | timeout: 10s)
[2026-04-18 13:18:35.396] [194919] [HailoRT] [info] [filter_elements.cpp:101] [create] Created (PreInferEl8yolov11n/input_layer1 | Reorder - src_order: NHWC, src_shape: (640, 640, 3), dst_order: NHCW, dst_shape: (640, 640, 3))
[2026-04-18 13:18:35.396] [194919] [HailoRT] [info] [vstream.cpp:754] [InputVStreamImpl] Creating yolov11n/input_layer1...
[2026-04-18 13:18:35.396] [194919] [HailoRT] [info] [vstream_builder.cpp:102] [create_inputs] Input pipeline 'yolov11n/input_layer1': (PreInferEl8yolov11n/input_layer1 | Reorder - src_order: NHWC, src_shape: (640, 640, 3), dst_order: NHCW, dst_shape: (640, 640, 3)) >> (PushQEl8yolov11n/input_layer1 | timeout: 10s) >> (HwWriteEl8yolov11n/input_layer1 | hw_frame_size: 1228800) >> HW
[2026-04-18 13:18:35.396] [194919] [HailoRT] [info] [multi_io_elements.cpp:135] [create] Created (NmsPPMuxEl0YOLOV8-Post-Process | Op YOLOV8, Name: YOLOV8-Post-Process, Score threshold: 0.200, IoU threshold: 0.70, Classes: 80, Max bboxes per class: 100, Image height: 640, Image width: 640)
[2026-04-18 13:18:35.396] [194919] [HailoRT] [info] [edge_elements.cpp:287] [create] Created (HwReadEl3yolov11n/conv51_143 | hw_frame_size: 409600)
[2026-04-18 13:18:35.396] [194919] [HailoRT] [info] [queue_elements.cpp:657] [create] Created (PullQEl_nms3yolov11n/conv51_143 | timeout: 10s)
[2026-04-18 13:18:35.396] [194919] [HailoRT] [info] [edge_elements.cpp:287] [create] Created (HwReadEl12yolov11n/conv54_143 | hw_frame_size: 512000)
[2026-04-18 13:18:35.396] [194919] [HailoRT] [info] [queue_elements.cpp:657] [create] Created (PullQEl_nms12yolov11n/conv54_143 | timeout: 10s)
[2026-04-18 13:18:35.396] [194919] [HailoRT] [info] [edge_elements.cpp:287] [create] Created (HwReadEl15yolov11n/conv62_143 | hw_frame_size: 102400)
[2026-04-18 13:18:35.396] [194919] [HailoRT] [info] [queue_elements.cpp:657] [create] Created (PullQEl_nms15yolov11n/conv62_143 | timeout: 10s)
[2026-04-18 13:18:35.396] [194919] [HailoRT] [info] [edge_elements.cpp:287] [create] Created (HwReadEl13yolov11n/conv65_143 | hw_frame_size: 128000)
[2026-04-18 13:18:35.397] [194919] [HailoRT] [info] [queue_elements.cpp:657] [create] Created (PullQEl_nms13yolov11n/conv65_143 | timeout: 10s)
[2026-04-18 13:18:35.397] [194919] [HailoRT] [info] [edge_elements.cpp:287] [create] Created (HwReadEl1yolov11n/conv77_143 | hw_frame_size: 30720)
[2026-04-18 13:18:35.397] [194919] [HailoRT] [info] [queue_elements.cpp:657] [create] Created (PullQEl_nms1yolov11n/conv77_143 | timeout: 10s)
[2026-04-18 13:18:35.397] [194919] [HailoRT] [info] [edge_elements.cpp:287] [create] Created (HwReadEl0yolov11n/conv80_143 | hw_frame_size: 38400)
[2026-04-18 13:18:35.397] [194919] [HailoRT] [info] [queue_elements.cpp:657] [create] Created (PullQEl_nms0yolov11n/conv80_143 | timeout: 10s)
[2026-04-18 13:18:35.397] [194919] [HailoRT] [info] [queue_elements.cpp:800] [create] Created (UserBufQEl_post_infer0yolov11n/yolov8_nms_postprocess | timeout: 10s)
[2026-04-18 13:18:35.397] [194919] [HailoRT] [info] [vstream.cpp:1114] [OutputVStreamImpl] Creating yolov11n/yolov8_nms_postprocess...
[2026-04-18 13:18:35.397] [194919] [HailoRT] [info] [vstream_builder.cpp:622] [create_output_post_process_nms] Output pipeline 'yolov11n/yolov8_nms_postprocess': HW >> (HwReadEl3yolov11n/conv51_143 | hw_frame_size: 409600) >> (PullQEl_nms3yolov11n/conv51_143) >> (HwReadEl12yolov11n/conv54_143 | hw_frame_size: 512000) >> (PullQEl_nms12yolov11n/conv54_143) >> (HwReadEl15yolov11n/conv62_143 | hw_frame_size: 102400) >> (PullQEl_nms15yolov11n/conv62_143) >> (HwReadEl13yolov11n/conv65_143 | hw_frame_size: 128000) >> (PullQEl_nms13yolov11n/conv65_143) >> (HwReadEl1yolov11n/conv77_143 | hw_frame_size: 30720) >> (PullQEl_nms1yolov11n/conv77_143) >> (HwReadEl0yolov11n/conv80_143 | hw_frame_size: 38400) >> (PullQEl_nms0yolov11n/conv80_143) >> (NmsPPMuxEl0YOLOV8-Post-Process | Op YOLOV8, Name: YOLOV8-Post-Process, Score threshold: 0.200, IoU threshold: 0.70, Classes: 80, Max bboxes per class: 100, Image height: 640, Image width: 640) >> (UserBufQEl_post_infer0yolov11n/yolov8_nms_postprocess | timeout: 10s)
[2026-04-18 13:19:35.397] [195934] [HailoRT] [info] [vdevice_native_stream.cpp:331] [read_impl] Failed read from stream HAILO_STREAM_ABORT(63) (device: 0001:01:00.0)
[2026-04-18 13:19:35.397] [195934] [HailoRT] [info] [edge_elements.cpp:396] [run_pull] Reading from stream was aborted!
[2026-04-18 13:19:35.397] [195937] [HailoRT] [info] [vdevice_native_stream.cpp:331] [read_impl] Failed read from stream HAILO_STREAM_ABORT(63) (device: 0001:01:00.0)
[2026-04-18 13:19:35.397] [195937] [HailoRT] [info] [edge_elements.cpp:396] [run_pull] Reading from stream was aborted!
[2026-04-18 13:19:35.397] [195934] [HailoRT] [info] [queue_elements.cpp:738] [run_in_thread] run_pull of queue element PullQEl_nms15yolov11n/conv62_143 was aborted!
[2026-04-18 13:19:35.397] [195937] [HailoRT] [info] [queue_elements.cpp:738] [run_in_thread] run_pull of queue element PullQEl_nms0yolov11n/conv80_143 was aborted!
[2026-04-18 13:19:35.397] [195933] [HailoRT] [info] [vdevice_native_stream.cpp:331] [read_impl] Failed read from stream HAILO_STREAM_ABORT(63) (device: 0001:01:00.0)
[2026-04-18 13:19:35.397] [195933] [HailoRT] [info] [edge_elements.cpp:396] [run_pull] Reading from stream was aborted!
[2026-04-18 13:19:35.397] [195933] [HailoRT] [info] [queue_elements.cpp:738] [run_in_thread] run_pull of queue element PullQEl_nms12yolov11n/conv54_143 was aborted!
[2026-04-18 13:19:35.397] [195932] [HailoRT] [info] [vdevice_native_stream.cpp:331] [read_impl] Failed read from stream HAILO_STREAM_ABORT(63) (device: 0001:01:00.0)
[2026-04-18 13:19:35.397] [195932] [HailoRT] [info] [edge_elements.cpp:396] [run_pull] Reading from stream was aborted!
[2026-04-18 13:19:35.397] [195932] [HailoRT] [info] [queue_elements.cpp:738] [run_in_thread] run_pull of queue element PullQEl_nms3yolov11n/conv51_143 was aborted!
[2026-04-18 13:19:35.397] [195935] [HailoRT] [info] [vdevice_native_stream.cpp:331] [read_impl] Failed read from stream HAILO_STREAM_ABORT(63) (device: 0001:01:00.0)
[2026-04-18 13:19:35.397] [195935] [HailoRT] [info] [edge_elements.cpp:396] [run_pull] Reading from stream was aborted!
[2026-04-18 13:19:35.397] [195935] [HailoRT] [info] [queue_elements.cpp:738] [run_in_thread] run_pull of queue element PullQEl_nms13yolov11n/conv65_143 was aborted!
[2026-04-18 13:19:35.397] [195941] [HailoRT] [info] [queue_elements.cpp:706] [run_pull] Shutdown event was signaled in dequeue of queue element PullQEl_nms3yolov11n/conv51_143!
[2026-04-18 13:19:35.397] [195936] [HailoRT] [info] [vdevice_native_stream.cpp:331] [read_impl] Failed read from stream HAILO_STREAM_ABORT(63) (device: 0001:01:00.0)
[2026-04-18 13:19:35.397] [195941] [HailoRT] [info] [vstream.cpp:1138] [read] Receiving to VStream was shutdown!
[2026-04-18 13:19:35.397] [195936] [HailoRT] [info] [edge_elements.cpp:396] [run_pull] Reading from stream was aborted!
[2026-04-18 13:19:35.397] [195936] [HailoRT] [info] [queue_elements.cpp:738] [run_in_thread] run_pull of queue element PullQEl_nms1yolov11n/conv77_143 was aborted!
[2026-04-18 13:19:35.398] [195931] [HailoRT] [info] [vdevice_native_stream.cpp:142] [write_impl] Failed write to stream yolov11n/input_layer1 (device: 0001:01:00.0) with status=HAILO_STREAM_ABORT(63)
[2026-04-18 13:19:35.398] [195931] [HailoRT] [info] [edge_elements.cpp:87] [run_push] Failed to send on input stream InputStream(index=8, name=yolov11n/input_layer1) because stream was aborted
[2026-04-18 13:19:35.398] [195931] [HailoRT] [info] [queue_elements.cpp:401] [run_in_thread] run_push of PushQEl8yolov11n/input_layer1 was aborted!
[2026-04-18 13:19:35.400] [195942] [HailoRT] [info] [queue_elements.cpp:319] [run_push] run_push of PushQEl8yolov11n/input_layer1 was aborted!
[2026-04-18 13:19:35.400] [195942] [HailoRT] [info] [filter_elements.cpp:35] [run_push] run_push of PreInferEl8yolov11n/input_layer1 was aborted!
[2026-04-18 13:19:35.400] [195942] [HailoRT] [info] [vstream.cpp:778] [write] Sending to VStream was aborted!
[2026-04-18 13:19:35.406] [194919] [HailoRT] [info] [queue_elements.cpp:360] [execute_deactivate] enqueue() in element PushQEl8yolov11n/input_layer1 was aborted, got status = HAILO_SHUTDOWN_EVENT_SIGNALED(57)
[2026-04-18 13:19:35.406] [195931] [HailoRT] [info] [queue_elements.cpp:68] [operator()] Thread in element PushQEl8yolov11n/input_layer1 is not running anymore, exiting..
[2026-04-18 13:19:35.406] [194919] [HailoRT] [info] [queue_elements.cpp:46] [~BaseQueueElement] Queue element PushQEl8yolov11n/input_layer1 has 0 frames in his Queue on destruction
[2026-04-18 13:19:35.407] [195938] [HailoRT] [info] [queue_elements.cpp:68] [operator()] Thread in element UserBufQEl_post_infer0yolov11n/yolov8_nms_postprocess is not running anymore, exiting..
[2026-04-18 13:19:35.407] [194919] [HailoRT] [info] [queue_elements.cpp:46] [~BaseQueueElement] Queue element UserBufQEl_post_infer0yolov11n/yolov8_nms_postprocess has 0 frames in his Queue on destruction
[2026-04-18 13:19:35.407] [195937] [HailoRT] [info] [queue_elements.cpp:68] [operator()] Thread in element PullQEl_nms0yolov11n/conv80_143 is not running anymore, exiting..
[2026-04-18 13:19:35.407] [194919] [HailoRT] [info] [queue_elements.cpp:46] [~BaseQueueElement] Queue element PullQEl_nms0yolov11n/conv80_143 has 0 frames in his Queue on destruction
[2026-04-18 13:19:35.407] [195936] [HailoRT] [info] [queue_elements.cpp:68] [operator()] Thread in element PullQEl_nms1yolov11n/conv77_143 is not running anymore, exiting..
[2026-04-18 13:19:35.407] [194919] [HailoRT] [info] [queue_elements.cpp:46] [~BaseQueueElement] Queue element PullQEl_nms1yolov11n/conv77_143 has 0 frames in his Queue on destruction
[2026-04-18 13:19:35.407] [195935] [HailoRT] [info] [queue_elements.cpp:68] [operator()] Thread in element PullQEl_nms13yolov11n/conv65_143 is not running anymore, exiting..
[2026-04-18 13:19:35.407] [194919] [HailoRT] [info] [queue_elements.cpp:46] [~BaseQueueElement] Queue element PullQEl_nms13yolov11n/conv65_143 has 0 frames in his Queue on destruction
[2026-04-18 13:19:35.407] [195934] [HailoRT] [info] [queue_elements.cpp:68] [operator()] Thread in element PullQEl_nms15yolov11n/conv62_143 is not running anymore, exiting..
[2026-04-18 13:19:35.407] [194919] [HailoRT] [info] [queue_elements.cpp:46] [~BaseQueueElement] Queue element PullQEl_nms15yolov11n/conv62_143 has 0 frames in his Queue on destruction
[2026-04-18 13:19:35.407] [195933] [HailoRT] [info] [queue_elements.cpp:68] [operator()] Thread in element PullQEl_nms12yolov11n/conv54_143 is not running anymore, exiting..
[2026-04-18 13:19:35.407] [194919] [HailoRT] [info] [queue_elements.cpp:46] [~BaseQueueElement] Queue element PullQEl_nms12yolov11n/conv54_143 has 0 frames in his Queue on destruction
[2026-04-18 13:19:35.407] [195932] [HailoRT] [info] [queue_elements.cpp:68] [operator()] Thread in element PullQEl_nms3yolov11n/conv51_143 is not running anymore, exiting..
[2026-04-18 13:19:35.407] [194919] [HailoRT] [info] [queue_elements.cpp:46] [~BaseQueueElement] Queue element PullQEl_nms3yolov11n/conv51_143 has 0 frames in his Queue on destruction
[2026-04-18 13:19:35.407] [194919] [HailoRT] [info] [core_op.cpp:186] [deactivate] Deactivating took 0.007389 ms
[2026-04-18 13:19:35.407] [194919] [HailoRT] [info] [core_op.cpp:186] [deactivate] Deactivating took 0.016537 ms
