timestamp,temperature_C,cpu_percent,memory_percent,cpu_freq_MHz,cpu_voltage_V,throttled_flags_hex,num_threads,running_threads
2026-03-28T13:08:10.721307,49.05,50.0,25.8,2400.033792,0.8487,0x0,1,1
2026-03-28T13:08:11.738653,49.6,45.0,26.6,2400.030464,0.8487,0x0,1,1
2026-03-28T13:08:12.756063,50.7,42.8,27.1,2400.027136,0.8487,0x0,1,1
2026-03-28T13:08:13.779832,49.05,33.7,27.6,2400.023808,0.8487,0x0,9,0
2026-03-28T13:08:14.795934,50.15,38.1,27.8,2400.023808,0.8487,0x0,12,1
2026-03-28T13:08:15.816346,51.25,56.5,27.8,2400.030464,0.8487,0x0,12,1
2026-03-28T13:08:16.839519,51.8,54.0,27.6,2400.030464,0.8487,0x0,12,1
2026-03-28T13:08:17.859561,50.7,76.0,27.7,2400.02048,0.8487,0x0,12,1
2026-03-28T13:08:18.878836,53.45,53.5,28.2,2400.02048,0.8487,0x0,12,1
2026-03-28T13:08:19.901019,52.35,53.1,28.0,2400.030464,0.8487,0x0,12,1
2026-03-28T13:08:20.919051,52.9,61.9,28.0,2400.027136,0.8487,0x0,12,1
2026-03-28T13:08:21.942538,54.0,62.3,28.3,2400.030464,0.8487,0x0,12,1
2026-03-28T13:08:22.962858,54.55,77.9,28.5,2400.030464,0.8487,0x0,12,1
2026-03-28T13:08:23.983179,54.0,68.0,28.6,2400.027136,0.8487,0x0,12,2
2026-03-28T13:08:25.010172,54.0,62.0,28.3,2400.027136,0.8487,0x0,12,2
2026-03-28T13:08:26.141932,53.45,55.7,27.9,2400.03712,0.8487,0x0,12,1
2026-03-28T13:08:27.158946,53.45,54.9,27.8,2400.033792,0.8487,0x0,12,1
2026-03-28T13:08:28.189054,52.35,56.6,27.7,2400.03712,0.8487,0x0,12,3
2026-03-28T13:08:29.210610,52.9,55.4,27.7,2400.03712,0.8487,0x0,12,3
2026-03-28T13:08:30.235663,52.35,52.0,27.9,2400.023808,0.8487,0x0,12,1
2026-03-28T13:08:31.257371,52.9,54.3,27.8,2400.033792,0.8487,0x0,12,3
2026-03-28T13:08:32.281908,54.0,60.1,27.8,2400.033792,0.8487,0x0,12,2
2026-03-28T13:08:33.310478,52.9,57.6,28.0,2400.02048,0.8487,0x0,12,3
2026-03-28T13:08:34.328987,53.45,54.4,27.8,2400.033792,0.8487,0x0,12,1
2026-03-28T13:08:35.350639,53.45,55.8,28.0,2400.030464,0.8487,0x0,12,1
2026-03-28T13:08:36.379369,53.45,53.2,27.8,2400.027136,0.8487,0x0,12,4
2026-03-28T13:08:37.406971,53.45,54.7,27.7,2400.027136,0.8487,0x0,12,1
2026-03-28T13:08:38.427959,54.55,55.6,27.8,2400.033792,0.8487,0x0,12,1
2026-03-28T13:08:39.456585,53.45,77.4,28.2,2400.030464,0.8487,0x0,12,2
2026-03-28T13:08:40.481234,54.0,59.8,28.1,2400.033792,0.8487,0x0,12,3
2026-03-28T13:08:41.505787,55.1,66.3,28.0,2400.033792,0.8487,0x0,12,1
2026-03-28T13:08:42.530972,53.45,66.8,27.8,2400.03712,0.8487,0x0,12,1
2026-03-28T13:08:43.658177,54.0,55.9,27.6,2400.030464,0.8487,0x0,12,1
2026-03-28T13:08:44.692128,54.0,60.3,27.7,2400.023808,0.8487,0x0,12,2
2026-03-28T13:08:45.714202,55.1,54.2,27.8,2400.030464,0.8487,0x0,12,1
2026-03-28T13:08:46.737403,54.0,51.5,28.0,2400.02048,0.8487,0x0,12,3
2026-03-28T13:08:47.754855,54.0,56.7,28.2,2400.02048,0.8487,0x0,12,2
2026-03-28T13:08:48.773978,56.2,55.6,28.0,2400.02048,0.8487,0x0,12,3
2026-03-28T13:08:49.792018,54.0,52.8,27.9,2400.02048,0.8487,0x0,12,3
2026-03-28T13:08:50.810619,53.45,55.4,27.8,2400.02048,0.8487,0x0,12,1
2026-03-28T13:08:51.831204,55.1,52.6,27.8,2400.023808,0.8487,0x0,12,1
2026-03-28T13:08:52.854378,54.55,63.0,27.9,2400.027136,0.8487,0x0,12,3
2026-03-28T13:08:53.874098,54.0,54.5,27.7,2400.02048,0.8487,0x0,12,3
2026-03-28T13:08:54.894890,54.55,50.5,27.9,2400.027136,0.8487,0x0,12,2
2026-03-28T13:08:55.917697,54.0,53.1,27.8,2400.033792,0.8487,0x0,12,1
2026-03-28T13:08:56.939673,54.55,51.8,27.6,2400.033792,0.8487,0x0,12,2
2026-03-28T13:08:57.958278,54.55,57.0,27.9,2400.023808,0.8487,0x0,12,3
2026-03-28T13:08:58.978794,54.55,55.1,28.0,2400.02048,0.8487,0x0,12,1
2026-03-28T13:08:59.998103,56.2,53.5,27.8,2400.030464,0.8487,0x0,12,2
2026-03-28T13:09:01.018452,54.55,62.4,27.7,2400.027136,0.8487,0x0,12,1
2026-03-28T13:09:02.041811,54.55,52.6,27.8,2400.023808,0.8487,0x0,12,1
2026-03-28T13:09:03.058988,54.55,56.3,28.0,2400.027136,0.8487,0x0,12,1
2026-03-28T13:09:04.078363,55.1,65.6,28.2,2400.02048,0.8487,0x0,12,3
2026-03-28T13:09:05.108244,54.55,62.9,28.1,2400.030464,0.8487,0x0,12,1
2026-03-28T13:09:06.131977,54.55,56.4,28.1,2400.030464,0.8487,0x0,12,1
2026-03-28T13:09:07.154836,55.1,52.0,27.7,2400.023808,0.8487,0x0,12,1
2026-03-28T13:09:08.172888,55.1,55.0,27.7,2400.017408,0.8487,0x0,12,2
2026-03-28T13:09:09.196115,55.1,59.1,27.6,2400.027136,0.8487,0x0,12,1
2026-03-28T13:09:10.214467,55.65,54.1,27.5,2400.02048,0.8487,0x0,12,1
2026-03-28T13:09:11.233677,56.75,58.7,27.7,2400.027136,0.8487,0x0,12,1
2026-03-28T13:09:12.271584,56.2,68.2,27.8,2400.03712,0.8487,0x0,12,1
2026-03-28T13:09:13.289410,56.2,55.3,27.7,2400.030464,0.8487,0x0,12,1
2026-03-28T13:09:14.310333,55.1,61.3,27.4,2400.023808,0.8487,0x0,12,1
2026-03-28T13:09:15.328854,55.1,78.6,28.5,2400.017408,0.8487,0x0,12,5
2026-03-28T13:09:16.358701,55.1,66.9,28.7,2400.027136,0.8487,0x0,12,2
2026-03-28T13:09:17.385337,56.2,71.9,28.8,2400.033792,0.8487,0x0,12,3
2026-03-28T13:09:18.414680,56.2,64.4,25.7,2400.033792,0.8487,0x0,12,3
2026-03-28T13:09:19.437992,56.2,62.7,25.1,2400.033792,0.8487,0x0,12,2
2026-03-28T13:09:20.458427,55.1,61.9,24.8,2400.03712,0.8487,0x0,12,3
2026-03-28T13:09:21.491217,55.65,64.5,24.8,2400.023808,0.8487,0x0,12,1
2026-03-28T13:09:22.513765,55.65,54.2,24.7,2400.030464,0.8487,0x0,12,1
2026-03-28T13:09:23.539180,56.75,57.7,24.4,2400.030464,0.8487,0x0,12,1
2026-03-28T13:09:24.568038,55.65,61.6,24.4,2400.033792,0.8487,0x0,12,1
2026-03-28T13:09:25.589375,57.3,55.8,24.2,2400.017408,0.8487,0x0,12,3
2026-03-28T13:09:26.616192,57.3,56.6,24.0,2400.023808,0.8487,0x0,12,1
2026-03-28T13:09:27.642198,55.65,57.5,24.1,2400.030464,0.8487,0x0,12,1
2026-03-28T13:09:28.664638,57.3,59.4,24.1,2400.02048,0.8487,0x0,12,1
2026-03-28T13:09:29.686655,56.2,55.4,24.1,2400.030464,0.8487,0x0,12,1
2026-03-28T13:09:30.709552,55.65,56.2,24.1,2400.023808,0.8487,0x0,12,2
2026-03-28T13:09:31.738713,55.65,57.6,24.4,2400.033792,0.8487,0x0,12,3
2026-03-28T13:09:32.766736,56.2,59.3,24.3,2400.027136,0.8487,0x0,12,1
2026-03-28T13:09:33.788508,56.75,54.6,24.3,2400.02048,0.8487,0x0,12,1
2026-03-28T13:09:34.806742,56.75,56.7,24.1,2400.027136,0.8487,0x0,12,1
2026-03-28T13:09:35.830110,56.2,63.3,24.1,2400.030464,0.8487,0x0,12,1
2026-03-28T13:09:36.848381,56.2,54.6,24.2,2400.027136,0.8487,0x0,12,1
2026-03-28T13:09:37.869996,55.1,53.9,24.0,2400.030464,0.8487,0x0,12,3
2026-03-28T13:09:38.894880,55.65,59.6,24.2,2400.033792,0.8487,0x0,12,1
2026-03-28T13:09:39.916436,56.2,56.9,24.3,2400.027136,0.8487,0x0,12,1
2026-03-28T13:09:40.935168,56.2,56.8,24.1,2400.030464,0.8487,0x0,12,4
2026-03-28T13:09:41.953822,56.2,58.5,24.2,2400.027136,0.8487,0x0,12,3
2026-03-28T13:09:42.972738,57.3,60.1,24.1,2400.03712,0.8487,0x0,12,3
2026-03-28T13:09:44.000375,55.65,55.3,24.1,2400.02048,0.8487,0x0,12,3
2026-03-28T13:09:45.022936,56.2,55.5,24.1,2400.03712,0.8487,0x0,13,3
2026-03-28T13:09:46.047755,55.65,59.3,24.2,2400.02048,0.8487,0x0,12,1
2026-03-28T13:09:47.069114,57.85,56.1,24.3,2400.033792,0.8487,0x0,12,2
2026-03-28T13:09:48.088188,56.75,54.6,24.3,2400.03712,0.8487,0x0,12,1
2026-03-28T13:09:49.109526,56.2,63.6,24.1,2400.023808,0.8487,0x0,12,1
2026-03-28T13:09:50.136887,55.65,60.5,24.3,2400.033792,0.8487,0x0,12,4
2026-03-28T13:09:51.157419,56.75,56.3,24.3,2400.02048,0.8487,0x0,12,1
2026-03-28T13:09:52.181356,56.75,56.9,24.1,2400.033792,0.8487,0x0,12,1
2026-03-28T13:09:53.201050,57.85,58.0,24.0,2400.017408,0.8487,0x0,12,1
2026-03-28T13:09:54.220529,56.2,59.6,24.0,2400.02048,0.8487,0x0,12,3
2026-03-28T13:09:55.240902,56.75,55.9,23.8,2400.023808,0.8487,0x0,12,3
2026-03-28T13:09:56.261541,58.4,57.6,23.8,2400.023808,0.8487,0x0,12,3
2026-03-28T13:09:57.281421,57.3,58.5,24.0,2400.027136,0.8487,0x0,12,3
2026-03-28T13:09:58.304014,57.3,54.6,24.0,2400.030464,0.8487,0x0,12,4
2026-03-28T13:09:59.327178,56.75,53.1,24.2,2400.02048,0.8487,0x0,12,3
2026-03-28T13:10:00.355686,57.85,57.9,24.0,2400.027136,0.8487,0x0,12,2
2026-03-28T13:10:01.379716,56.2,59.6,23.9,2400.023808,0.8487,0x0,12,1
2026-03-28T13:10:02.401078,56.75,54.1,24.0,2400.027136,0.8487,0x0,12,1
2026-03-28T13:10:03.420511,57.85,55.7,24.1,2400.033792,0.8487,0x0,12,1
2026-03-28T13:10:04.440981,56.75,57.6,23.9,2400.033792,0.8487,0x0,12,4
2026-03-28T13:10:05.468878,57.3,56.0,23.9,2400.030464,0.8487,0x0,12,2
2026-03-28T13:10:06.494754,56.75,54.1,24.0,2400.023808,0.8487,0x0,12,1
2026-03-28T13:10:07.512633,56.75,56.7,23.9,2400.023808,0.8487,0x0,12,3
2026-03-28T13:10:08.534005,57.85,59.6,24.2,2400.023808,0.8487,0x0,12,3
2026-03-28T13:10:09.556477,56.75,55.5,24.4,2400.033792,0.8487,0x0,12,1
2026-03-28T13:10:10.586307,56.75,55.0,24.2,2400.027136,0.8487,0x0,12,1
2026-03-28T13:10:11.613340,56.2,61.9,24.1,2400.027136,0.8487,0x0,12,2
2026-03-28T13:10:12.634682,56.75,57.8,24.0,2400.030464,0.8487,0x0,12,3
2026-03-28T13:10:13.653336,56.75,53.0,23.9,2400.033792,0.8487,0x0,12,3
2026-03-28T13:10:14.671945,57.3,55.7,23.8,2400.027136,0.8487,0x0,12,4
2026-03-28T13:10:15.694556,57.3,68.0,23.8,2400.027136,0.8487,0x0,12,2
2026-03-28T13:10:16.726512,57.3,57.1,23.7,2400.030464,0.8487,0x0,12,3
2026-03-28T13:10:17.747849,57.85,53.6,24.0,2400.023808,0.8487,0x0,12,2
2026-03-28T13:10:18.771856,56.75,58.2,24.2,2400.033792,0.8487,0x0,12,1
2026-03-28T13:10:19.790057,56.75,56.6,24.0,2400.02048,0.8487,0x0,12,2
2026-03-28T13:10:20.817539,57.85,56.6,23.8,2400.02048,0.8487,0x0,12,2
2026-03-28T13:10:21.838825,57.3,56.4,23.8,2400.03712,0.8487,0x0,12,1
2026-03-28T13:10:22.858984,58.4,56.5,24.1,2400.03712,0.8487,0x0,12,1
2026-03-28T13:10:23.883590,57.85,56.4,24.1,2400.030464,0.8487,0x0,12,1
2026-03-28T13:10:24.904385,57.85,55.1,24.2,2400.027136,0.8487,0x0,12,3
2026-03-28T13:10:25.931113,56.75,57.0,24.1,2400.033792,0.8487,0x0,12,1
2026-03-28T13:10:26.952098,57.3,60.3,24.1,2400.027136,0.8487,0x0,12,2
2026-03-28T13:10:27.976619,56.75,54.1,24.0,2400.027136,0.8487,0x0,12,1
2026-03-28T13:10:29.018483,57.3,54.7,24.1,2400.033792,0.8487,0x0,12,1
2026-03-28T13:10:30.046868,58.4,59.4,24.2,2400.017408,0.8487,0x0,12,3
2026-03-28T13:10:31.076289,57.85,57.6,24.4,2400.023808,0.8487,0x0,12,3
2026-03-28T13:10:32.104133,57.85,55.6,24.2,2400.017408,0.8487,0x0,12,3
2026-03-28T13:10:33.132768,57.3,58.8,24.1,2400.023808,0.8487,0x0,12,2
2026-03-28T13:10:34.163637,58.4,68.6,24.1,2400.02048,0.8487,0x0,12,1
2026-03-28T13:10:35.183491,57.85,54.5,24.0,2400.03712,0.8487,0x0,12,1
2026-03-28T13:10:36.202703,57.85,56.1,24.0,2400.027136,0.8487,0x0,12,1
2026-03-28T13:10:37.222232,58.4,58.9,24.0,2400.030464,0.8487,0x0,12,3
2026-03-28T13:10:38.243099,56.75,55.3,24.0,2400.03712,0.8487,0x0,12,2
2026-03-28T13:10:39.263774,56.75,54.6,24.0,2400.033792,0.8487,0x0,12,1
2026-03-28T13:10:40.282637,57.85,58.1,24.0,2400.023808,0.8487,0x0,12,2
2026-03-28T13:10:41.405285,56.75,58.2,24.1,2400.030464,0.8487,0x0,12,1
2026-03-28T13:10:42.423883,58.4,56.1,24.0,2400.030464,0.8487,0x0,12,1
2026-03-28T13:10:43.445663,57.85,53.4,24.1,2400.027136,0.8487,0x0,12,1
2026-03-28T13:10:44.467152,57.85,58.6,24.1,2400.023808,0.8487,0x0,12,3
2026-03-28T13:10:45.489783,58.4,81.4,24.1,2400.033792,0.8487,0x0,12,2
2026-03-28T13:10:46.511802,57.85,60.2,24.2,2400.033792,0.8487,0x0,12,2
2026-03-28T13:10:47.534520,57.85,56.6,23.9,2400.030464,0.8487,0x0,12,1
2026-03-28T13:10:48.555969,57.85,60.3,24.1,2400.017408,0.8487,0x0,12,1
2026-03-28T13:10:49.576413,57.85,56.9,23.9,2400.02048,0.8487,0x0,12,1
2026-03-28T13:10:50.599026,58.95,54.4,23.9,2400.02048,0.8487,0x0,12,3
2026-03-28T13:10:51.625521,57.85,58.0,24.0,2400.023808,0.8487,0x0,12,1
2026-03-28T13:10:52.657461,57.3,57.8,24.1,2400.033792,0.8487,0x0,12,1
2026-03-28T13:10:53.674398,58.4,54.9,24.4,2400.03712,0.8487,0x0,12,1
2026-03-28T13:10:54.696734,58.4,56.7,24.4,2400.023808,0.8487,0x0,12,1
2026-03-28T13:10:55.721461,57.85,60.7,24.3,2400.023808,0.8487,0x0,12,1
2026-03-28T13:10:56.748731,58.4,55.9,24.2,2400.030464,0.8487,0x0,12,1
2026-03-28T13:10:57.769954,57.85,54.3,24.0,2400.030464,0.8487,0x0,12,1
2026-03-28T13:10:58.788027,57.85,58.4,23.8,2400.030464,0.8487,0x0,12,1
2026-03-28T13:10:59.815683,57.85,60.2,23.7,2400.023808,0.8487,0x0,12,3
2026-03-28T13:11:00.835846,57.85,57.8,23.7,2400.030464,0.8487,0x0,12,1
2026-03-28T13:11:01.856722,57.85,56.0,23.9,2400.027136,0.8487,0x0,12,3
2026-03-28T13:11:02.877086,58.4,59.4,24.2,2400.027136,0.8487,0x0,12,1
2026-03-28T13:11:03.901859,57.3,56.0,24.3,2400.023808,0.8487,0x0,12,1
2026-03-28T13:11:04.926219,58.4,55.0,24.2,2400.030464,0.8487,0x0,12,3
2026-03-28T13:11:05.946976,58.4,59.5,23.9,2400.023808,0.8487,0x0,12,3
2026-03-28T13:11:06.971276,60.05,60.0,23.7,2400.02048,0.8487,0x0,12,1
2026-03-28T13:11:07.993416,58.95,55.0,23.7,2400.02048,0.8487,0x0,12,1
2026-03-28T13:11:09.036824,57.85,55.7,23.8,2400.033792,0.8487,0x0,12,1
2026-03-28T13:11:10.056641,58.4,61.1,23.8,2400.023808,0.8487,0x0,12,1
2026-03-28T13:11:11.081912,58.95,57.6,24.2,2400.017408,0.8487,0x0,12,1
2026-03-28T13:11:12.105716,58.4,54.2,24.0,2400.027136,0.8487,0x0,12,1
2026-03-28T13:11:13.134617,57.85,57.8,24.2,2400.023808,0.8487,0x0,12,0
2026-03-28T13:11:14.157434,58.95,66.3,24.2,2400.027136,0.8487,0x0,12,1
2026-03-28T13:11:15.177402,57.85,54.0,24.2,2400.02048,0.8487,0x0,12,1
2026-03-28T13:11:16.199825,59.5,56.0,24.3,2400.03712,0.8487,0x0,12,3
2026-03-28T13:11:17.224998,58.4,59.4,24.1,2400.030464,0.8487,0x0,12,1
2026-03-28T13:11:18.249014,57.85,57.4,24.0,2400.027136,0.8487,0x0,12,1
2026-03-28T13:11:19.270717,57.85,55.5,23.9,2400.02048,0.8487,0x0,12,1
2026-03-28T13:11:20.290548,58.95,57.0,23.9,2400.033792,0.8487,0x0,12,1
2026-03-28T13:11:21.310470,58.4,59.9,23.8,2400.023808,0.8487,0x0,12,4
2026-03-28T13:11:22.330707,58.95,54.4,23.7,2400.027136,0.8487,0x0,12,3
2026-03-28T13:11:23.356419,57.85,55.0,23.7,2400.027136,0.8487,0x0,12,3
2026-03-28T13:11:24.403930,60.6,58.5,23.6,2400.027136,0.8487,0x0,12,3
2026-03-28T13:11:25.429329,58.95,59.2,23.6,2400.023808,0.8487,0x0,12,2
2026-03-28T13:11:26.450198,60.05,55.0,23.9,2400.02048,0.8487,0x0,12,1
2026-03-28T13:11:27.470223,58.4,57.7,23.9,2400.033792,0.8487,0x0,12,2
2026-03-28T13:11:28.489697,57.85,59.3,23.9,2400.017408,0.8487,0x0,12,1
2026-03-28T13:11:29.514989,58.4,57.2,23.8,2400.027136,0.8487,0x0,12,3
2026-03-28T13:11:30.544003,60.05,56.3,23.8,2400.033792,0.8487,0x0,12,3
2026-03-28T13:11:31.568249,58.95,62.4,23.7,2400.023808,0.8487,0x0,12,3
2026-03-28T13:11:32.589676,60.6,58.2,23.7,2400.023808,0.8487,0x0,12,1
2026-03-28T13:11:33.621221,58.4,54.2,23.8,2400.030464,0.8487,0x0,12,1
2026-03-28T13:11:34.640299,59.5,56.9,24.1,2400.02048,0.8487,0x0,12,1
2026-03-28T13:11:35.666478,56.75,60.2,24.1,2400.033792,0.8487,0x0,12,1
2026-03-28T13:11:36.684971,57.3,53.7,24.3,2400.03712,0.8487,0x0,12,1
2026-03-28T13:11:37.704290,59.5,54.8,24.2,2400.02048,0.8487,0x0,12,1
2026-03-28T13:11:38.722061,59.5,57.4,24.3,2400.033792,0.8487,0x0,12,1
2026-03-28T13:11:39.742315,58.4,56.6,24.4,2400.027136,0.8487,0x0,12,2
2026-03-28T13:11:40.762944,58.4,55.7,24.3,2400.030464,0.8487,0x0,12,1
2026-03-28T13:11:41.882833,58.95,57.6,24.1,2400.02048,0.8487,0x0,12,3
2026-03-28T13:11:42.901472,58.4,65.7,24.1,2400.033792,0.8487,0x0,12,3
2026-03-28T13:11:43.920661,59.5,53.4,23.9,2400.033792,0.8487,0x0,12,1
2026-03-28T13:11:44.943028,57.85,54.8,23.8,2400.030464,0.8487,0x0,12,1
2026-03-28T13:11:45.963549,57.85,59.1,23.8,2400.030464,0.8487,0x0,13,1
2026-03-28T13:11:46.984338,58.4,56.7,23.8,2400.027136,0.8487,0x0,12,3
2026-03-28T13:11:48.010254,57.85,55.3,23.6,2400.02048,0.8487,0x0,12,2
2026-03-28T13:11:49.036406,60.05,55.6,23.7,2400.030464,0.8487,0x0,12,3
2026-03-28T13:11:50.057469,59.5,59.1,23.8,2400.033792,0.8487,0x0,12,1
2026-03-28T13:11:51.085163,57.85,56.4,23.7,2400.030464,0.8487,0x0,12,1
2026-03-28T13:11:52.106493,57.3,55.7,24.0,2400.02048,0.8487,0x0,12,3
2026-03-28T13:11:53.127439,58.95,56.7,23.8,2400.030464,0.8487,0x0,12,2
2026-03-28T13:11:54.155980,57.85,58.7,23.9,2400.02048,0.8487,0x0,12,1
2026-03-28T13:11:55.174665,58.4,55.6,24.0,2400.030464,0.8487,0x0,12,1
2026-03-28T13:11:56.196579,57.85,58.0,24.2,2400.023808,0.8487,0x0,12,3
2026-03-28T13:11:57.217633,58.95,57.9,24.2,2400.03712,0.8487,0x0,12,1
2026-03-28T13:11:58.238817,57.3,55.9,24.4,2400.027136,0.8487,0x0,12,1
2026-03-28T13:11:59.258361,57.3,53.4,24.1,2400.023808,0.8487,0x0,12,3
2026-03-28T13:12:00.281994,58.4,57.9,23.7,2400.023808,0.8487,0x0,12,3
2026-03-28T13:12:01.303922,57.3,57.9,23.6,2400.02048,0.8487,0x0,12,1
2026-03-28T13:12:02.322739,57.3,54.7,23.8,2400.02048,0.8487,0x0,12,1
2026-03-28T13:12:03.342678,58.95,56.4,23.8,2400.033792,0.8487,0x0,12,1
2026-03-28T13:12:04.365688,56.75,59.5,24.0,2400.027136,0.8487,0x0,12,3
2026-03-28T13:12:05.392325,57.85,57.0,24.0,2400.027136,0.8487,0x0,12,3
2026-03-28T13:12:06.521870,57.3,55.3,23.7,2400.030464,0.8487,0x0,12,1
2026-03-28T13:12:07.549256,57.85,57.0,23.6,2400.023808,0.8487,0x0,12,0
2026-03-28T13:12:08.569665,58.4,59.1,23.8,2400.027136,0.8487,0x0,12,1
2026-03-28T13:12:09.589999,57.85,55.4,23.8,2400.03712,0.8487,0x0,12,2
2026-03-28T13:12:10.614192,58.95,57.6,23.8,2400.033792,0.8487,0x0,12,1
2026-03-28T13:12:11.635903,58.95,65.6,23.9,2400.027136,0.8487,0x0,12,2
2026-03-28T13:12:12.656210,57.3,56.1,23.8,2400.02048,0.8487,0x0,12,4
2026-03-28T13:12:13.676452,58.4,54.9,23.7,2400.030464,0.8487,0x0,12,2
2026-03-28T13:12:14.698985,58.4,58.7,23.8,2400.03712,0.8487,0x0,12,1
2026-03-28T13:12:15.718583,57.85,59.9,23.7,2400.02048,0.8487,0x0,12,1
2026-03-28T13:12:16.740780,57.85,55.9,23.7,2400.02048,0.8487,0x0,12,1
2026-03-28T13:12:17.761988,57.3,55.0,23.7,2400.033792,0.8487,0x0,12,3
2026-03-28T13:12:18.785538,56.75,58.2,23.6,2400.033792,0.8487,0x0,12,3
2026-03-28T13:12:19.807196,58.4,56.2,23.7,2400.02048,0.8487,0x0,12,2
2026-03-28T13:12:20.828632,58.4,56.9,24.0,2400.027136,0.8487,0x0,12,1
2026-03-28T13:12:21.849144,57.3,57.1,24.0,2400.027136,0.8487,0x0,12,1
2026-03-28T13:12:22.868704,57.3,61.2,23.9,2400.02048,0.8487,0x0,12,3
2026-03-28T13:12:23.892400,57.85,55.4,23.9,2400.033792,0.8487,0x0,12,1
2026-03-28T13:12:24.911953,57.3,54.3,24.1,2400.030464,0.8487,0x0,12,2
2026-03-28T13:12:25.939727,58.95,61.3,24.0,2400.027136,0.8487,0x0,12,2
2026-03-28T13:12:26.963036,58.4,57.1,24.1,2400.02048,0.8487,0x0,12,1
2026-03-28T13:12:27.984046,56.75,54.4,23.8,2400.027136,0.8487,0x0,12,1
2026-03-28T13:12:29.006359,56.75,57.5,23.7,2400.030464,0.8487,0x0,12,3
2026-03-28T13:12:30.025370,57.3,61.4,24.0,2400.030464,0.8487,0x0,12,1
2026-03-28T13:12:31.053024,56.75,56.7,23.9,2400.033792,0.8487,0x0,12,5
2026-03-28T13:12:32.078953,57.85,55.9,23.9,2400.02048,0.8487,0x0,12,3
2026-03-28T13:12:33.107703,56.75,59.8,23.9,2400.03712,0.8487,0x0,12,1
2026-03-28T13:12:34.131282,56.75,55.3,23.8,2400.02048,0.8487,0x0,12,1
2026-03-28T13:12:35.155394,57.3,55.1,23.9,2400.030464,0.8487,0x0,12,1
2026-03-28T13:12:36.176285,57.85,59.3,24.2,2400.027136,0.8487,0x0,12,3
2026-03-28T13:12:37.199450,57.85,59.9,24.1,2400.027136,0.8487,0x0,12,1
2026-03-28T13:12:38.219540,57.3,53.5,24.1,2400.030464,0.8487,0x0,12,1
2026-03-28T13:12:39.242777,58.4,55.6,23.9,2400.02048,0.8487,0x0,12,3
2026-03-28T13:12:40.262515,58.4,59.3,23.9,2400.023808,0.8487,0x0,12,1
2026-03-28T13:12:41.284596,57.3,65.9,23.8,2400.030464,0.8487,0x0,12,3
2026-03-28T13:12:42.309517,56.75,55.7,23.7,2400.023808,0.8487,0x0,12,1
2026-03-28T13:12:43.337573,55.65,57.1,23.7,2400.017408,0.8487,0x0,12,1
2026-03-28T13:12:44.359768,57.85,61.4,23.8,2400.02048,0.8487,0x0,12,1
2026-03-28T13:12:45.384665,56.75,57.7,23.8,2400.030464,0.8487,0x0,12,1
2026-03-28T13:12:46.403030,57.3,54.5,23.7,2400.030464,0.8487,0x0,12,1
2026-03-28T13:12:47.425924,57.3,58.7,23.9,2400.027136,0.8487,0x0,12,1
2026-03-28T13:12:48.450315,57.85,59.0,24.1,2400.03712,0.8487,0x0,12,1
2026-03-28T13:12:49.470887,58.4,53.7,24.1,2400.033792,0.8487,0x0,12,1
2026-03-28T13:12:50.492009,56.75,57.8,23.9,2400.023808,0.8487,0x0,12,3
2026-03-28T13:12:51.513099,57.3,60.9,23.9,2400.023808,0.8487,0x0,12,1
2026-03-28T13:12:52.538733,56.75,55.5,24.0,2400.03712,0.8487,0x0,12,3
2026-03-28T13:12:53.560859,56.2,55.3,23.9,2400.03712,0.8487,0x0,12,1
2026-03-28T13:12:54.585807,56.75,58.9,23.8,2400.017408,0.8487,0x0,12,3
2026-03-28T13:12:55.605823,56.75,57.2,24.1,2400.02048,0.8487,0x0,12,1
2026-03-28T13:12:56.625169,56.75,56.2,24.1,2400.027136,0.8487,0x0,12,2
2026-03-28T13:12:57.647532,58.95,57.5,23.8,2400.033792,0.8487,0x0,12,3
2026-03-28T13:12:58.671462,56.75,59.7,23.7,2400.030464,0.8487,0x0,12,2
2026-03-28T13:12:59.691380,57.3,55.7,23.9,2400.030464,0.8487,0x0,12,3
2026-03-28T13:13:00.714112,57.3,56.3,23.9,2400.02048,0.8487,0x0,12,3
2026-03-28T13:13:01.737009,58.4,57.4,24.0,2400.02048,0.8487,0x0,12,1
2026-03-28T13:13:02.757734,56.75,57.7,24.1,2400.030464,0.8487,0x0,12,1
2026-03-28T13:13:03.778859,56.2,52.6,24.1,2400.02048,0.8487,0x0,12,1
2026-03-28T13:13:04.799320,57.85,55.0,24.0,2400.02048,0.8487,0x0,12,1
2026-03-28T13:13:05.819988,56.75,59.7,23.8,2400.027136,0.8487,0x0,12,2
2026-03-28T13:13:06.845773,57.85,54.9,23.9,2400.023808,0.8487,0x0,12,1
2026-03-28T13:13:07.865814,57.85,53.7,23.9,2400.030464,0.8487,0x0,12,3
2026-03-28T13:13:08.889228,56.75,57.5,23.9,2400.023808,0.8487,0x0,12,1
2026-03-28T13:13:09.921105,57.3,66.7,23.9,2400.030464,0.8487,0x0,12,1
2026-03-28T13:13:10.946110,57.85,55.5,23.9,2400.027136,0.8487,0x0,12,1
2026-03-28T13:13:11.973898,56.75,56.2,23.8,2400.030464,0.8487,0x0,12,3
2026-03-28T13:13:12.999350,57.85,56.9,23.8,2400.030464,0.8487,0x0,12,1
2026-03-28T13:13:14.017780,57.3,58.4,24.0,2400.033792,0.8487,0x0,12,3
2026-03-28T13:13:15.043575,56.75,56.5,23.9,2400.030464,0.8487,0x0,12,1
2026-03-28T13:13:16.072076,55.65,56.8,23.8,2400.027136,0.8487,0x0,12,2
2026-03-28T13:13:17.089318,56.75,57.8,23.9,2400.033792,0.8487,0x0,12,2
2026-03-28T13:13:18.115647,57.3,54.6,23.8,2400.033792,0.8487,0x0,12,1
2026-03-28T13:13:19.133952,56.75,55.0,23.9,2400.033792,0.8487,0x0,12,1
2026-03-28T13:13:20.151472,56.75,58.5,24.0,2400.023808,0.8487,0x0,12,3
2026-03-28T13:13:21.171345,56.75,59.8,23.9,2400.03712,0.8487,0x0,12,1
2026-03-28T13:13:22.192038,57.3,53.0,23.8,2400.030464,0.8487,0x0,12,2
2026-03-28T13:13:23.223831,57.85,55.6,23.7,2400.03712,0.8487,0x0,12,1
2026-03-28T13:13:24.245271,56.75,59.2,23.9,2400.033792,0.8487,0x0,12,3
2026-03-28T13:13:25.272275,58.4,56.7,23.9,2400.027136,0.8487,0x0,12,3
2026-03-28T13:13:26.291856,57.85,54.7,23.9,2400.02048,0.8487,0x0,12,1
2026-03-28T13:13:27.311467,56.2,59.2,23.9,2400.023808,0.8487,0x0,12,3
2026-03-28T13:13:28.334097,56.75,57.2,24.0,2400.033792,0.8487,0x0,12,1
2026-03-28T13:13:29.358131,56.75,54.4,24.1,2400.023808,0.8487,0x0,12,0
2026-03-28T13:13:30.378420,56.75,57.5,24.4,2400.023808,0.8487,0x0,12,1
2026-03-28T13:13:31.400059,57.3,57.7,24.3,2400.030464,0.8487,0x0,12,1
2026-03-28T13:13:32.419021,58.4,54.5,24.0,2400.02048,0.8487,0x0,12,1
2026-03-28T13:13:33.441885,56.75,55.1,23.7,2400.02048,0.8487,0x0,12,1
2026-03-28T13:13:34.464378,57.3,56.3,24.1,2400.033792,0.8487,0x0,12,1
2026-03-28T13:13:35.486965,57.85,59.6,24.0,2400.03712,0.8487,0x0,12,2
2026-03-28T13:13:36.505514,57.3,54.3,23.8,2400.02048,0.8487,0x0,12,3
2026-03-28T13:13:37.524829,56.2,54.4,24.0,2400.030464,0.8487,0x0,12,2
2026-03-28T13:13:38.552362,56.75,57.7,24.1,2400.023808,0.8487,0x0,12,3
2026-03-28T13:13:39.578540,57.3,64.2,24.1,2400.023808,0.8487,0x0,12,1
2026-03-28T13:13:40.601854,58.95,56.5,23.9,2400.030464,0.8487,0x0,12,1
2026-03-28T13:13:41.621807,56.75,57.6,23.8,2400.017408,0.8487,0x0,12,1
2026-03-28T13:13:42.641510,56.2,59.9,23.6,2400.023808,0.8487,0x0,12,3
2026-03-28T13:13:43.668300,57.3,53.4,23.9,2400.023808,0.8487,0x0,12,1
2026-03-28T13:13:44.689556,56.75,54.9,23.8,2400.02048,0.8487,0x0,12,1
2026-03-28T13:13:45.715308,56.2,60.2,24.0,2400.027136,0.8487,0x0,12,1
2026-03-28T13:13:46.735652,55.1,56.9,24.0,2400.027136,0.8487,0x0,12,1
2026-03-28T13:13:47.754574,57.85,54.1,24.2,2400.02048,0.8487,0x0,12,3
2026-03-28T13:13:48.774526,58.95,57.4,24.0,2400.027136,0.8487,0x0,12,1
2026-03-28T13:13:49.798817,58.4,58.5,23.7,2400.02048,0.8487,0x0,12,1
2026-03-28T13:13:50.821960,56.75,55.8,23.9,2400.030464,0.8487,0x0,12,1
2026-03-28T13:13:51.843530,57.85,54.9,23.8,2400.017408,0.8487,0x0,12,3
2026-03-28T13:13:52.870135,56.2,58.5,23.9,2400.033792,0.8487,0x0,12,1
2026-03-28T13:13:53.890026,56.2,57.4,23.9,2400.02048,0.8487,0x0,12,1
2026-03-28T13:13:54.913546,56.2,55.0,24.1,2400.02048,0.8487,0x0,12,2
2026-03-28T13:13:56.038442,55.65,56.0,24.1,2400.033792,0.8487,0x0,12,1
2026-03-28T13:13:57.057942,57.3,61.5,23.8,2400.033792,0.8487,0x0,12,2
2026-03-28T13:13:58.076948,56.2,55.0,23.8,2400.030464,0.8487,0x0,12,1
2026-03-28T13:13:59.101279,57.85,54.6,23.9,2400.030464,0.8487,0x0,12,1
2026-03-28T13:14:00.121569,56.2,58.9,24.0,2400.027136,0.8487,0x0,12,1
2026-03-28T13:14:01.142796,55.65,58.3,23.9,2400.023808,0.8487,0x0,12,1
2026-03-28T13:14:02.170193,57.3,54.5,23.6,2400.033792,0.8487,0x0,12,2
2026-03-28T13:14:03.194835,56.75,56.0,23.9,2400.027136,0.8487,0x0,12,2
2026-03-28T13:14:04.216997,55.65,59.8,24.2,2400.027136,0.8487,0x0,12,2
2026-03-28T13:14:05.241098,58.4,54.0,24.1,2400.023808,0.8487,0x0,12,1
2026-03-28T13:14:06.259740,56.75,63.5,24.2,2400.027136,0.8487,0x0,12,1
2026-03-28T13:14:07.290167,56.75,61.6,24.4,2400.027136,0.8487,0x0,12,4
2026-03-28T13:14:08.315690,56.2,64.5,24.1,2400.023808,0.8487,0x0,12,2
2026-03-28T13:14:09.342941,56.2,57.0,23.8,2400.027136,0.8487,0x0,12,1
2026-03-28T13:14:10.365468,56.75,58.7,23.7,2400.033792,0.8487,0x0,12,1
2026-03-28T13:14:11.390963,55.65,59.3,23.7,2400.027136,0.8487,0x0,12,2
2026-03-28T13:14:12.412660,56.75,54.8,23.6,2400.033792,0.8487,0x0,12,1
2026-03-28T13:14:13.436747,54.55,54.8,23.9,2400.027136,0.8487,0x0,12,1
2026-03-28T13:14:14.457554,56.2,55.9,23.7,2400.023808,0.8487,0x0,12,1
2026-03-28T13:14:15.480735,56.75,61.2,23.8,2400.027136,0.8487,0x0,12,1
2026-03-28T13:14:16.500887,56.2,54.6,23.9,2400.030464,0.8487,0x0,12,3
2026-03-28T13:14:17.524905,57.85,56.5,23.6,2400.027136,0.8487,0x0,12,1
2026-03-28T13:14:18.554844,56.75,59.6,23.6,2400.030464,0.8487,0x0,12,1
2026-03-28T13:14:19.574665,57.85,54.7,23.8,2400.030464,0.8487,0x0,12,3
2026-03-28T13:14:20.595961,58.4,55.2,24.0,2400.030464,0.8487,0x0,12,3
2026-03-28T13:14:21.618625,56.75,59.3,24.2,2400.02048,0.8487,0x0,12,1
2026-03-28T13:14:22.637617,57.85,58.3,24.1,2400.02048,0.8487,0x0,12,1
2026-03-28T13:14:23.656634,56.2,53.3,24.1,2400.03712,0.8487,0x0,12,2
2026-03-28T13:14:24.681358,56.2,57.3,24.1,2400.027136,0.8487,0x0,12,1
2026-03-28T13:14:25.702072,57.3,61.7,24.0,2400.03712,0.8487,0x0,12,2
2026-03-28T13:14:26.721985,57.3,54.5,23.8,2400.023808,0.8487,0x0,12,2
2026-03-28T13:14:27.741033,57.3,55.8,23.6,2400.027136,0.8487,0x0,12,3
2026-03-28T13:14:28.759959,56.2,57.1,23.7,2400.027136,0.8487,0x0,12,2
2026-03-28T13:14:29.782952,57.3,57.1,23.7,2400.023808,0.8487,0x0,12,4
2026-03-28T13:14:30.803720,56.75,58.4,23.9,2400.033792,0.8487,0x0,12,0
2026-03-28T13:14:31.821845,56.75,58.9,23.7,2400.027136,0.8487,0x0,12,2
2026-03-28T13:14:32.845539,56.2,56.9,23.9,2400.027136,0.8487,0x0,12,3
2026-03-28T13:14:33.869547,55.65,53.2,23.9,2400.023808,0.8487,0x0,12,1
2026-03-28T13:14:34.890334,57.85,54.3,23.9,2400.033792,0.8487,0x0,12,3
2026-03-28T13:14:35.909204,56.75,59.7,23.9,2400.033792,0.8487,0x0,12,1
2026-03-28T13:14:36.934399,57.3,66.1,24.2,2400.033792,0.8487,0x0,12,3
2026-03-28T13:14:37.951813,57.3,54.2,24.1,2400.02048,0.8487,0x0,12,3
2026-03-28T13:14:38.976231,56.2,57.0,24.1,2400.030464,0.8487,0x0,12,1
2026-03-28T13:14:40.001947,56.75,59.7,24.0,2400.033792,0.8487,0x0,12,4
2026-03-28T13:14:41.023764,56.2,57.0,23.9,2400.033792,0.8487,0x0,12,1
2026-03-28T13:14:42.056914,56.2,57.6,24.1,2400.030464,0.8487,0x0,12,2
2026-03-28T13:14:43.078212,56.75,57.1,23.9,2400.03712,0.8487,0x0,12,4
2026-03-28T13:14:44.104909,57.3,57.9,24.1,2400.03712,0.8487,0x0,12,3
2026-03-28T13:14:45.124816,56.2,56.5,24.1,2400.02048,0.8487,0x0,12,1
2026-03-28T13:14:46.152298,56.2,56.7,24.1,2400.023808,0.8487,0x0,12,1
2026-03-28T13:14:47.174553,57.3,58.6,24.0,2400.030464,0.8487,0x0,13,1
2026-03-28T13:14:48.201630,55.65,57.3,23.8,2400.02048,0.8487,0x0,12,4
2026-03-28T13:14:49.221238,56.2,50.9,24.0,2400.023808,0.8487,0x0,12,1
2026-03-28T13:14:50.240519,56.75,55.8,24.3,2400.02048,0.8487,0x0,12,3
2026-03-28T13:14:51.260447,56.2,60.2,24.5,2400.033792,0.8487,0x0,12,2
2026-03-28T13:14:52.283373,55.65,53.9,24.4,2400.033792,0.8487,0x0,12,1
2026-03-28T13:14:53.307268,58.4,54.4,24.3,2400.023808,0.8487,0x0,12,3
2026-03-28T13:14:54.330949,56.2,59.6,24.2,2400.027136,0.8487,0x0,12,1
2026-03-28T13:14:55.353180,56.75,58.8,23.9,2400.023808,0.8487,0x0,12,1
2026-03-28T13:14:56.374193,56.75,54.0,23.8,2400.023808,0.8487,0x0,12,1
2026-03-28T13:14:57.392214,56.2,55.2,24.0,2400.030464,0.8487,0x0,12,1
2026-03-28T13:14:58.411795,56.75,60.3,24.0,2400.03712,0.8487,0x0,12,3
2026-03-28T13:14:59.433706,56.75,53.6,23.9,2400.030464,0.8487,0x0,12,1
2026-03-28T13:15:00.454215,56.75,57.3,23.8,2400.030464,0.8487,0x0,12,1
2026-03-28T13:15:01.474978,56.2,57.5,23.7,2400.030464,0.8487,0x0,12,3
2026-03-28T13:15:02.503251,55.65,57.9,23.9,2400.027136,0.8487,0x0,12,2
2026-03-28T13:15:03.531636,56.2,55.2,24.0,2400.023808,0.8487,0x0,12,1
2026-03-28T13:15:04.552870,56.2,54.7,24.1,2400.023808,0.8487,0x0,12,3
2026-03-28T13:15:05.577753,55.65,68.1,24.2,2400.033792,0.8487,0x0,12,3
2026-03-28T13:15:06.605193,56.2,56.3,24.1,2400.023808,0.8487,0x0,12,1
2026-03-28T13:15:07.638180,57.3,54.5,23.7,2400.033792,0.8487,0x0,12,1
2026-03-28T13:15:08.661383,56.75,57.8,23.7,2400.02048,0.8487,0x0,12,1
2026-03-28T13:15:09.689067,55.65,59.6,23.6,2400.027136,0.8487,0x0,12,2
2026-03-28T13:15:10.710152,56.75,56.4,23.7,2400.02048,0.8487,0x0,12,3
2026-03-28T13:15:11.730755,56.2,56.1,23.6,2400.02048,0.8487,0x0,12,2
2026-03-28T13:15:12.754207,57.3,60.0,23.9,2400.033792,0.8487,0x0,12,3
2026-03-28T13:15:13.774429,56.2,54.5,24.0,2400.02048,0.8487,0x0,12,2
2026-03-28T13:15:14.799159,57.3,53.3,24.0,2400.033792,0.8487,0x0,12,2
2026-03-28T13:15:15.823569,57.3,59.3,24.0,2400.027136,0.8487,0x0,12,4
2026-03-28T13:15:16.841841,57.3,60.6,24.2,2400.03712,0.8487,0x0,12,1
2026-03-28T13:15:17.859266,57.85,54.1,24.1,2400.02048,0.8487,0x0,12,2
2026-03-28T13:15:18.882457,56.2,51.6,24.1,2400.023808,0.8487,0x0,12,3
2026-03-28T13:15:19.902043,56.2,58.5,24.1,2400.030464,0.8487,0x0,12,1
2026-03-28T13:15:20.919537,56.2,57.9,23.9,2400.027136,0.8487,0x0,12,2
2026-03-28T13:15:21.941776,55.65,53.7,23.9,2400.033792,0.8487,0x0,12,4
2026-03-28T13:15:22.959190,55.65,56.0,24.0,2400.023808,0.8487,0x0,12,1
2026-03-28T13:15:23.979262,57.3,58.9,24.1,2400.02048,0.8487,0x0,12,0
2026-03-28T13:15:24.999177,56.75,54.0,23.9,2400.027136,0.8487,0x0,12,1
2026-03-28T13:15:26.021585,55.65,55.8,24.0,2400.023808,0.8487,0x0,12,1
2026-03-28T13:15:27.042709,56.75,57.1,23.9,2400.03712,0.8487,0x0,12,2
2026-03-28T13:15:28.070960,57.3,59.2,23.9,2400.023808,0.8487,0x0,12,3
2026-03-28T13:15:29.091674,54.55,56.2,23.7,2400.023808,0.8487,0x0,12,3
2026-03-28T13:15:30.118394,55.65,57.9,23.8,2400.03712,0.8487,0x0,12,1
2026-03-28T13:15:31.142620,56.75,60.7,23.9,2400.030464,0.8487,0x0,12,5
2026-03-28T13:15:32.168226,55.1,55.2,24.1,2400.023808,0.8487,0x0,12,3
2026-03-28T13:15:33.193269,55.65,54.4,24.2,2400.023808,0.8487,0x0,12,1
2026-03-28T13:15:34.211838,56.2,64.6,24.1,2400.027136,0.8487,0x0,12,1
2026-03-28T13:15:35.241709,56.2,58.5,23.8,2400.030464,0.8487,0x0,12,2
2026-03-28T13:15:36.261034,56.2,54.5,23.7,2400.02048,0.8487,0x0,12,2
2026-03-28T13:15:37.280810,57.3,56.8,23.8,2400.030464,0.8487,0x0,12,3
2026-03-28T13:15:38.301768,56.75,58.9,23.7,2400.023808,0.8487,0x0,12,2
2026-03-28T13:15:39.335014,56.2,55.3,23.5,2400.030464,0.8487,0x0,12,3
2026-03-28T13:15:40.360635,56.75,55.4,23.7,2400.023808,0.8487,0x0,12,1
2026-03-28T13:15:41.385032,55.65,57.8,24.0,2400.033792,0.8487,0x0,12,1
2026-03-28T13:15:42.405157,56.2,58.9,23.7,2400.02048,0.8487,0x0,12,3
2026-03-28T13:15:43.424130,56.2,54.7,23.9,2400.023808,0.8487,0x0,12,1
2026-03-28T13:15:44.441721,56.75,55.4,24.0,2400.033792,0.8487,0x0,12,2
2026-03-28T13:15:45.465211,55.65,59.9,24.1,2400.023808,0.8487,0x0,12,1
2026-03-28T13:15:46.490685,55.65,57.1,24.1,2400.030464,0.8487,0x0,12,3
2026-03-28T13:15:47.511317,56.2,53.5,23.9,2400.023808,0.8487,0x0,12,0
2026-03-28T13:15:48.537796,55.65,56.2,23.8,2400.030464,0.8487,0x0,12,1
2026-03-28T13:15:49.559170,55.65,59.4,23.8,2400.030464,0.8487,0x0,12,1
2026-03-28T13:15:50.576559,56.2,54.5,23.9,2400.027136,0.8487,0x0,12,1
2026-03-28T13:15:51.600806,55.65,56.9,24.1,2400.023808,0.8487,0x0,12,2
2026-03-28T13:15:52.624831,56.2,57.3,24.1,2400.023808,0.8487,0x0,12,1
2026-03-28T13:15:53.645232,55.65,57.0,24.0,2400.02048,0.8487,0x0,12,1
2026-03-28T13:15:54.669388,56.75,56.7,23.8,2400.03712,0.8487,0x0,12,1
2026-03-28T13:15:55.688955,56.75,56.7,23.7,2400.030464,0.8487,0x0,12,3
2026-03-28T13:15:56.709201,54.55,57.3,23.8,2400.03712,0.8487,0x0,12,1
2026-03-28T13:15:57.740901,55.1,53.2,24.1,2400.027136,0.8487,0x0,12,1
2026-03-28T13:15:58.762672,55.65,54.6,24.2,2400.030464,0.8487,0x0,12,3
2026-03-28T13:15:59.785001,55.65,56.7,24.1,2400.030464,0.8487,0x0,12,1
2026-03-28T13:16:00.805554,54.55,58.3,24.2,2400.033792,0.8487,0x0,12,1
2026-03-28T13:16:01.829003,55.65,54.2,24.0,2400.027136,0.8487,0x0,12,1
2026-03-28T13:16:02.854930,56.2,65.4,24.2,2400.02048,0.8487,0x0,12,1
2026-03-28T13:16:03.873828,55.65,59.5,24.2,2400.027136,0.8487,0x0,12,1
2026-03-28T13:16:04.896185,56.2,54.5,23.9,2400.02048,0.8487,0x0,12,1
2026-03-28T13:16:05.917613,56.75,55.6,24.0,2400.030464,0.8487,0x0,12,1
2026-03-28T13:16:06.936865,55.1,60.0,23.8,2400.027136,0.8487,0x0,12,1
2026-03-28T13:16:07.960064,55.1,58.8,23.7,2400.033792,0.8487,0x0,12,1
2026-03-28T13:16:08.982724,55.65,56.6,23.6,2400.033792,0.8487,0x0,12,2
2026-03-28T13:16:10.002735,55.65,57.5,23.5,2400.033792,0.8487,0x0,12,3
2026-03-28T13:16:11.022914,56.2,61.4,23.7,2400.033792,0.8487,0x0,12,1
2026-03-28T13:16:12.041147,55.65,56.1,23.9,2400.023808,0.8487,0x0,12,1
2026-03-28T13:16:13.058846,55.65,54.3,24.0,2400.033792,0.8487,0x0,12,1
2026-03-28T13:16:14.080903,56.75,59.2,24.0,2400.030464,0.8487,0x0,12,4
2026-03-28T13:16:15.105605,55.65,59.8,24.2,2400.02048,0.8487,0x0,12,2
2026-03-28T13:16:16.130053,56.2,55.7,24.0,2400.030464,0.8487,0x0,12,3
2026-03-28T13:16:17.156055,56.2,56.8,23.8,2400.02048,0.8487,0x0,12,1
2026-03-28T13:16:18.177251,56.2,59.7,24.1,2400.027136,0.8487,0x0,12,3
2026-03-28T13:16:19.201000,57.3,53.0,24.5,2400.023808,0.8487,0x0,12,1
2026-03-28T13:16:20.326481,55.65,55.8,23.9,2400.030464,0.8487,0x0,12,1
2026-03-28T13:16:21.346415,55.65,59.0,24.0,2400.030464,0.8487,0x0,12,1
2026-03-28T13:16:22.368841,57.3,57.7,23.8,2400.027136,0.8487,0x0,12,2
2026-03-28T13:16:23.386775,55.65,54.1,24.0,2400.023808,0.8487,0x0,12,2
2026-03-28T13:16:24.407539,56.2,57.3,23.9,2400.027136,0.8487,0x0,12,1
2026-03-28T13:16:25.428283,55.65,62.0,23.8,2400.023808,0.8487,0x0,12,1
2026-03-28T13:16:26.448224,56.75,55.0,24.0,2400.030464,0.8487,0x0,12,2
2026-03-28T13:16:27.573799,57.3,52.4,23.8,2400.023808,0.8487,0x0,12,5
2026-03-28T13:16:28.595645,56.2,60.1,23.8,2400.023808,0.8487,0x0,12,2
2026-03-28T13:16:29.619914,56.2,56.3,24.0,2400.030464,0.8487,0x0,12,1
2026-03-28T13:16:30.638155,56.75,55.0,24.2,2400.027136,0.8487,0x0,12,1
2026-03-28T13:16:31.656287,56.2,63.5,24.1,2400.02048,0.8487,0x0,12,1
2026-03-28T13:16:32.674377,54.55,59.2,24.0,2400.030464,0.8487,0x0,12,2
2026-03-28T13:16:33.695916,56.2,55.2,23.8,2400.023808,0.8487,0x0,12,3
2026-03-28T13:16:34.716435,55.1,54.8,23.9,2400.017408,0.8487,0x0,12,1
2026-03-28T13:16:35.739235,56.75,60.8,24.1,2400.03712,0.8487,0x0,12,4
2026-03-28T13:16:36.764621,57.3,55.9,24.3,2400.030464,0.8487,0x0,12,1
2026-03-28T13:16:37.886302,55.65,55.0,23.9,2400.033792,0.8487,0x0,12,3
2026-03-28T13:16:38.911508,56.2,55.8,23.9,2400.030464,0.8487,0x0,12,1
2026-03-28T13:16:39.930663,57.3,60.5,23.8,2400.027136,0.8487,0x0,12,2
2026-03-28T13:16:40.949201,55.65,57.0,23.8,2400.023808,0.8487,0x0,12,2
2026-03-28T13:16:41.969684,57.3,56.3,23.9,2400.027136,0.8487,0x0,12,1
2026-03-28T13:16:42.988098,55.1,57.7,23.8,2400.027136,0.8487,0x0,12,2
2026-03-28T13:16:44.007689,56.2,58.1,24.0,2400.033792,0.8487,0x0,12,3
2026-03-28T13:16:45.036370,55.65,55.3,24.1,2400.023808,0.8487,0x0,12,1
2026-03-28T13:16:46.061369,56.2,59.2,23.9,2400.023808,0.8487,0x0,12,1
2026-03-28T13:16:47.092634,55.65,61.7,24.0,2400.03712,0.8487,0x0,12,2
2026-03-28T13:16:48.116187,55.65,55.5,24.1,2400.027136,0.8487,0x0,12,1
2026-03-28T13:16:49.136968,56.2,54.8,23.9,2400.023808,0.8487,0x0,12,1
2026-03-28T13:16:50.157749,57.3,58.9,24.0,2400.030464,0.8487,0x0,12,1
2026-03-28T13:16:51.176544,56.2,60.0,24.1,2400.027136,0.8487,0x0,12,5
2026-03-28T13:16:52.201938,55.65,54.1,24.1,2400.033792,0.8487,0x0,12,1
2026-03-28T13:16:53.223060,55.65,57.1,24.2,2400.02048,0.8487,0x0,12,3
2026-03-28T13:16:54.246107,56.2,61.2,24.1,2400.030464,0.8487,0x0,12,1
2026-03-28T13:16:55.270951,56.2,55.9,23.7,2400.023808,0.8487,0x0,12,1
2026-03-28T13:16:56.294938,56.75,55.4,23.9,2400.023808,0.8487,0x0,12,1
2026-03-28T13:16:57.314637,55.65,58.9,24.0,2400.027136,0.8487,0x0,12,2
2026-03-28T13:16:58.336104,57.85,57.0,23.9,2400.023808,0.8487,0x0,12,1
2026-03-28T13:16:59.358474,56.2,54.2,23.8,2400.030464,0.8487,0x0,12,1
2026-03-28T13:17:00.384232,56.75,66.1,24.1,2400.03712,0.8487,0x0,12,1
2026-03-28T13:17:01.403893,57.3,59.4,24.2,2400.027136,0.8487,0x0,12,1
2026-03-28T13:17:02.424852,54.55,55.4,24.0,2400.030464,0.8487,0x0,12,1
2026-03-28T13:17:03.445393,55.65,53.7,23.9,2400.030464,0.8487,0x0,12,1
2026-03-28T13:17:04.473253,56.2,55.5,24.1,2400.023808,0.8487,0x0,12,3
2026-03-28T13:17:05.496541,56.2,59.5,23.9,2400.027136,0.8487,0x0,12,1
2026-03-28T13:17:06.513978,57.85,55.7,23.6,2400.027136,0.8487,0x0,12,1
2026-03-28T13:17:07.539521,56.75,55.6,23.7,2400.02048,0.8487,0x0,12,1
2026-03-28T13:17:08.559890,56.2,57.7,23.9,2400.033792,0.8487,0x0,12,1
2026-03-28T13:17:09.586217,57.85,56.9,23.8,2400.030464,0.8487,0x0,12,1
2026-03-28T13:17:10.608813,56.75,56.3,24.1,2400.027136,0.8487,0x0,12,1
2026-03-28T13:17:11.634183,56.2,57.0,24.2,2400.02048,0.8487,0x0,12,3
2026-03-28T13:17:12.660206,57.85,59.0,24.2,2400.02048,0.8487,0x0,12,1
2026-03-28T13:17:13.679339,57.85,54.1,23.9,2400.027136,0.8487,0x0,12,1
2026-03-28T13:17:14.697191,56.2,56.6,23.7,2400.030464,0.8487,0x0,12,1
2026-03-28T13:17:15.717095,58.4,59.9,23.7,2400.027136,0.8487,0x0,12,1
2026-03-28T13:17:16.835455,56.2,53.4,23.6,2400.023808,0.8487,0x0,12,1
2026-03-28T13:17:17.854200,56.2,54.6,23.6,2400.03712,0.8487,0x0,12,2
2026-03-28T13:17:18.873709,57.3,58.0,23.9,2400.023808,0.8487,0x0,12,3
2026-03-28T13:17:19.895449,57.85,57.4,23.9,2400.033792,0.8487,0x0,12,3
2026-03-28T13:17:20.914525,56.2,55.5,23.8,2400.017408,0.8487,0x0,12,1
2026-03-28T13:17:21.934239,57.85,57.0,23.7,2400.033792,0.8487,0x0,12,1
2026-03-28T13:17:22.951888,55.65,58.1,23.9,2400.030464,0.8487,0x0,12,3
2026-03-28T13:17:23.972581,57.85,54.6,23.9,2400.027136,0.8487,0x0,12,1
2026-03-28T13:17:24.990960,57.85,55.7,23.9,2400.023808,0.8487,0x0,12,1
2026-03-28T13:17:26.010980,56.75,57.1,23.9,2400.027136,0.8487,0x0,12,3
2026-03-28T13:17:27.039588,57.3,59.9,24.1,2400.02048,0.8487,0x0,12,1
2026-03-28T13:17:28.060130,56.75,55.8,23.9,2400.033792,0.8487,0x0,12,1
2026-03-28T13:17:29.079910,58.4,55.9,23.7,2400.023808,0.8487,0x0,12,1
2026-03-28T13:17:30.107503,56.75,67.6,23.9,2400.023808,0.8487,0x0,12,3
2026-03-28T13:17:31.138970,57.3,57.9,24.1,2400.02048,0.8487,0x0,12,1
2026-03-28T13:17:32.164073,57.85,62.1,24.0,2400.023808,0.8487,0x0,12,3
2026-03-28T13:17:33.183878,56.75,56.5,24.0,2400.023808,0.8487,0x0,12,3
2026-03-28T13:17:34.205253,58.95,57.7,24.2,2400.02048,0.8487,0x0,12,1
2026-03-28T13:17:35.224678,57.3,54.4,23.9,2400.033792,0.8487,0x0,12,1
2026-03-28T13:17:36.242424,58.95,56.7,23.8,2400.023808,0.8487,0x0,12,3
2026-03-28T13:17:37.260571,57.3,57.0,23.8,2400.030464,0.8487,0x0,12,2
2026-03-28T13:17:38.284956,57.3,56.0,23.9,2400.033792,0.8487,0x0,12,1
2026-03-28T13:17:39.308033,57.3,56.4,23.9,2400.030464,0.8487,0x0,12,1
2026-03-28T13:17:40.327035,56.75,56.6,23.7,2400.023808,0.8487,0x0,12,3
2026-03-28T13:17:41.356767,57.3,60.1,23.7,2400.027136,0.8487,0x0,12,2
2026-03-28T13:17:42.375184,58.4,55.5,23.8,2400.03712,0.8487,0x0,12,1
2026-03-28T13:17:43.395301,57.3,53.6,24.0,2400.023808,0.8487,0x0,12,1
2026-03-28T13:17:44.414760,56.75,58.0,23.8,2400.030464,0.8487,0x0,12,4
2026-03-28T13:17:45.437043,58.95,62.1,24.0,2400.03712,0.8487,0x0,12,3
2026-03-28T13:17:46.462924,57.85,53.7,23.8,2400.027136,0.8487,0x0,12,1
2026-03-28T13:17:47.483847,57.3,55.8,23.7,2400.03712,0.8487,0x0,12,1
2026-03-28T13:17:48.505259,58.95,59.9,23.9,2400.023808,0.8487,0x0,12,1
2026-03-28T13:17:49.526156,57.85,57.3,23.8,2400.030464,0.8487,0x0,12,0
2026-03-28T13:17:50.646195,56.75,55.5,23.7,2400.03712,0.8487,0x0,12,3
2026-03-28T13:17:51.673473,57.3,61.0,23.8,2400.023808,0.8487,0x0,12,3
2026-03-28T13:17:52.696535,58.4,58.0,23.9,2400.027136,0.8487,0x0,12,3
2026-03-28T13:17:53.716466,58.4,53.0,24.1,2400.033792,0.8487,0x0,12,1
2026-03-28T13:17:54.734716,58.4,57.5,24.0,2400.030464,0.8487,0x0,12,4
2026-03-28T13:17:55.758068,57.85,62.2,24.1,2400.033792,0.8487,0x0,12,1
2026-03-28T13:17:56.776964,57.85,54.8,23.9,2400.033792,0.8487,0x0,12,1
2026-03-28T13:17:57.794815,57.3,54.8,23.8,2400.017408,0.8487,0x0,12,2
2026-03-28T13:17:58.813353,57.85,64.9,23.9,2400.027136,0.8487,0x0,12,1
2026-03-28T13:17:59.836505,56.75,56.4,23.9,2400.027136,0.8487,0x0,12,3
2026-03-28T13:18:00.858309,57.85,57.6,24.0,2400.023808,0.8487,0x0,12,1
2026-03-28T13:18:01.876347,57.85,58.0,23.7,2400.03712,0.8487,0x0,12,1
2026-03-28T13:18:02.899318,58.4,58.6,23.6,2400.023808,0.8487,0x0,12,3
2026-03-28T13:18:03.923389,57.85,55.8,23.5,2400.033792,0.8487,0x0,12,1
2026-03-28T13:18:04.942386,56.75,55.3,23.5,2400.033792,0.8487,0x0,12,1
2026-03-28T13:18:05.962620,58.4,55.9,23.9,2400.02048,0.8487,0x0,12,3
2026-03-28T13:18:06.992555,58.4,59.4,24.1,2400.033792,0.8487,0x0,12,1
2026-03-28T13:18:08.115831,58.4,55.8,23.7,2400.023808,0.8487,0x0,12,0
2026-03-28T13:18:09.143500,57.85,56.8,23.7,2400.03712,0.8487,0x0,12,3
2026-03-28T13:18:10.164689,59.5,61.4,23.6,2400.017408,0.8487,0x0,12,2
2026-03-28T13:18:11.185973,57.85,55.2,24.0,2400.033792,0.8487,0x0,12,1
2026-03-28T13:18:12.205271,58.95,53.7,24.1,2400.030464,0.8487,0x0,12,1
2026-03-28T13:18:13.225253,56.75,57.9,24.1,2400.027136,0.8487,0x0,12,2
2026-03-28T13:18:14.254637,57.3,58.7,24.0,2400.02048,0.8487,0x0,12,3
2026-03-28T13:18:15.277672,58.4,54.7,24.3,2400.030464,0.8487,0x0,12,3
2026-03-28T13:18:16.299059,58.95,58.5,24.2,2400.02048,0.8487,0x0,12,1
2026-03-28T13:18:17.320029,58.95,58.6,23.9,2400.030464,0.8487,0x0,12,1
2026-03-28T13:18:18.339683,58.95,55.7,23.9,2400.03712,0.8487,0x0,12,1
2026-03-28T13:18:19.361089,58.95,53.7,24.2,2400.027136,0.8487,0x0,12,3
2026-03-28T13:18:20.384616,58.4,56.9,24.0,2400.030464,0.8487,0x0,12,0
2026-03-28T13:18:21.408389,57.85,58.7,23.7,2400.030464,0.8487,0x0,12,1
2026-03-28T13:18:22.430947,57.3,54.4,23.7,2400.02048,0.8487,0x0,12,1
2026-03-28T13:18:23.452572,58.4,55.1,23.8,2400.030464,0.8487,0x0,12,3
2026-03-28T13:18:24.574250,59.5,58.7,23.9,2400.027136,0.8487,0x0,12,2
2026-03-28T13:18:25.592358,58.4,56.8,24.1,2400.02048,0.8487,0x0,12,1
2026-03-28T13:18:26.609713,60.05,54.3,24.1,2400.03712,0.8487,0x0,12,3
2026-03-28T13:18:27.627168,58.4,65.7,23.8,2400.023808,0.8487,0x0,12,2
2026-03-28T13:18:28.651747,57.85,58.5,23.6,2400.033792,0.8487,0x0,12,1
2026-03-28T13:18:29.671526,58.95,54.3,23.9,2400.023808,0.8487,0x0,12,1
2026-03-28T13:18:30.693269,57.85,55.4,23.7,2400.030464,0.8487,0x0,12,2
2026-03-28T13:18:31.714984,58.95,59.6,23.6,2400.027136,0.8487,0x0,12,1
2026-03-28T13:18:32.739421,57.3,55.6,23.6,2400.033792,0.8487,0x0,12,3
2026-03-28T13:18:33.766213,57.85,54.1,23.5,2400.030464,0.8487,0x0,12,1
2026-03-28T13:18:34.789309,59.5,56.3,23.6,2400.033792,0.8487,0x0,12,1
2026-03-28T13:18:35.809930,59.5,60.2,24.1,2400.03712,0.8487,0x0,12,2
2026-03-28T13:18:36.830959,58.4,54.6,24.1,2400.027136,0.8487,0x0,12,1
2026-03-28T13:18:37.850741,58.95,55.2,24.2,2400.027136,0.8487,0x0,12,1
2026-03-28T13:18:38.870517,57.85,58.5,23.9,2400.030464,0.8487,0x0,12,2
2026-03-28T13:18:39.892124,57.85,56.0,23.8,2400.033792,0.8487,0x0,12,1
2026-03-28T13:18:40.911209,58.4,55.1,23.8,2400.027136,0.8487,0x0,12,1
2026-03-28T13:18:41.930797,58.95,57.8,23.5,2400.02048,0.8487,0x0,12,3
2026-03-28T13:18:42.954958,57.85,59.1,23.8,2400.030464,0.8487,0x0,12,1
2026-03-28T13:18:43.974317,57.85,53.4,23.8,2400.02048,0.8487,0x0,12,1
2026-03-28T13:18:44.996088,58.4,55.2,23.9,2400.030464,0.8487,0x0,12,1
2026-03-28T13:18:46.019208,60.05,60.8,23.9,2400.03712,0.8487,0x0,12,1
2026-03-28T13:18:47.039070,58.4,57.7,23.8,2400.03712,0.8487,0x0,12,1
2026-03-28T13:18:48.063958,57.85,56.2,23.8,2400.030464,0.8487,0x0,12,1
2026-03-28T13:18:49.089328,57.85,56.6,24.0,2400.023808,0.8487,0x0,12,1
2026-03-28T13:18:50.108288,56.75,60.5,24.2,2400.02048,0.8487,0x0,12,2
2026-03-28T13:18:51.139797,58.95,54.7,23.9,2400.027136,0.8487,0x0,12,2
2026-03-28T13:18:52.167979,57.85,55.5,24.0,2400.027136,0.8487,0x0,12,1
2026-03-28T13:18:53.188533,58.4,58.9,24.1,2400.02048,0.8487,0x0,12,3
2026-03-28T13:18:54.206761,57.85,57.3,24.0,2400.023808,0.8487,0x0,12,3
2026-03-28T13:18:55.225820,58.95,56.3,24.2,2400.017408,0.8487,0x0,12,1
2026-03-28T13:18:56.245412,57.85,63.4,24.1,2400.027136,0.8487,0x0,12,1
2026-03-28T13:18:57.267811,59.5,60.4,23.9,2400.03712,0.8487,0x0,12,1
2026-03-28T13:18:58.290873,57.3,55.4,23.7,2400.023808,0.8487,0x0,12,1
2026-03-28T13:18:59.309709,58.4,55.3,23.7,2400.02048,0.8487,0x0,12,3
2026-03-28T13:19:00.327764,57.3,57.9,23.5,2400.033792,0.8487,0x0,12,1
2026-03-28T13:19:01.354039,57.85,58.5,23.5,2400.023808,0.8487,0x0,12,1
2026-03-28T13:19:02.373435,57.85,56.0,23.8,2400.02048,0.8487,0x0,12,3
2026-03-28T13:19:03.405035,57.3,56.9,23.8,2400.030464,0.8487,0x0,12,4
2026-03-28T13:19:04.434675,57.3,59.4,23.5,2400.027136,0.8487,0x0,12,1
2026-03-28T13:19:05.459518,58.95,57.9,23.5,2400.030464,0.8487,0x0,12,1
2026-03-28T13:19:06.479994,57.85,55.1,23.5,2400.033792,0.8487,0x0,12,1
2026-03-28T13:19:07.502968,56.75,57.8,23.7,2400.030464,0.8487,0x0,12,1
2026-03-28T13:19:08.525172,57.85,59.1,23.8,2400.030464,0.8487,0x0,12,2
2026-03-28T13:19:09.550473,58.4,55.8,24.0,2400.033792,0.8487,0x0,12,3
2026-03-28T13:19:10.573692,57.3,58.5,24.2,2400.030464,0.8487,0x0,12,3
2026-03-28T13:19:11.594024,56.75,61.0,24.1,2400.023808,0.8487,0x0,12,1
2026-03-28T13:19:12.619680,59.5,58.5,23.9,2400.02048,0.8487,0x0,12,1
2026-03-28T13:19:13.642497,57.85,54.6,23.9,2400.023808,0.8487,0x0,12,2
2026-03-28T13:19:14.670693,58.4,56.3,24.0,2400.02048,0.8487,0x0,12,1
2026-03-28T13:19:15.695819,57.85,61.4,24.0,2400.030464,0.8487,0x0,12,1
2026-03-28T13:19:16.713642,56.75,54.7,24.0,2400.02048,0.8487,0x0,12,3
2026-03-28T13:19:17.735027,56.75,56.2,23.9,2400.03712,0.8487,0x0,12,1
2026-03-28T13:19:18.757087,57.85,60.0,23.8,2400.02048,0.8487,0x0,12,1
2026-03-28T13:19:19.778683,57.3,58.2,24.1,2400.03712,0.8487,0x0,12,4
2026-03-28T13:19:20.798688,57.3,56.4,24.1,2400.02048,0.8487,0x0,12,1
2026-03-28T13:19:21.922755,57.85,57.7,24.2,2400.023808,0.8487,0x0,12,1
2026-03-28T13:19:22.941318,57.3,58.9,24.5,2400.017408,0.8487,0x0,12,3
2026-03-28T13:19:23.967025,57.3,55.4,24.2,2400.033792,0.8487,0x0,12,3
2026-03-28T13:19:24.990494,57.85,63.2,23.9,2400.023808,0.8487,0x0,12,1
2026-03-28T13:19:26.010975,57.85,60.6,23.6,2400.033792,0.8487,0x0,12,3
2026-03-28T13:19:27.047712,56.75,57.0,23.9,2400.02048,0.8487,0x0,12,3
2026-03-28T13:19:28.077388,57.3,56.4,24.0,2400.030464,0.8487,0x0,12,3
2026-03-28T13:19:29.109721,57.3,57.9,23.8,2400.027136,0.8487,0x0,12,1
2026-03-28T13:19:30.128779,59.5,59.0,23.9,2400.027136,0.8487,0x0,12,2
2026-03-28T13:19:31.151780,58.4,55.6,24.0,2400.02048,0.8487,0x0,12,1
2026-03-28T13:19:32.173303,57.3,56.1,24.0,2400.033792,0.8487,0x0,12,1
2026-03-28T13:19:33.196994,56.75,59.3,23.7,2400.02048,0.8487,0x0,12,1
2026-03-28T13:19:34.324979,56.75,54.7,24.1,2400.033792,0.8487,0x0,12,1
2026-03-28T13:19:35.342509,57.85,54.8,24.0,2400.017408,0.8487,0x0,12,1
2026-03-28T13:19:36.360749,56.75,59.3,24.0,2400.023808,0.8487,0x0,12,1
2026-03-28T13:19:37.386490,57.3,57.5,24.2,2400.033792,0.8487,0x0,12,3
2026-03-28T13:19:38.407857,57.85,54.5,24.1,2400.033792,0.8487,0x0,12,3
2026-03-28T13:19:39.428760,56.75,56.2,23.9,2400.030464,0.8487,0x0,12,2
2026-03-28T13:19:40.448989,58.4,58.8,24.0,2400.030464,0.8487,0x0,12,3
2026-03-28T13:19:41.478843,56.75,55.6,24.1,2400.023808,0.8487,0x0,12,3
2026-03-28T13:19:42.501283,56.75,53.7,24.0,2400.02048,0.8487,0x0,12,3
2026-03-28T13:19:43.525311,58.95,57.4,24.1,2400.033792,0.8487,0x0,12,0
2026-03-28T13:19:44.558922,56.75,60.1,24.2,2400.02048,0.8487,0x0,12,1
2026-03-28T13:19:45.575781,56.75,56.4,24.1,2400.033792,0.8487,0x0,12,3
2026-03-28T13:19:46.602830,58.4,55.9,23.9,2400.030464,0.8487,0x0,12,1
2026-03-28T13:19:47.626536,58.4,58.3,24.2,2400.027136,0.8487,0x0,12,1
2026-03-28T13:19:48.644633,56.75,55.6,24.3,2400.027136,0.8487,0x0,12,3
2026-03-28T13:19:49.677447,56.2,54.2,24.0,2400.023808,0.8487,0x0,12,1
2026-03-28T13:19:50.697537,58.4,58.9,23.8,2400.030464,0.8487,0x0,12,2
2026-03-28T13:19:51.722802,59.5,59.5,23.9,2400.027136,0.8487,0x0,12,1
2026-03-28T13:19:52.742373,56.75,54.6,23.9,2400.023808,0.8487,0x0,12,3
2026-03-28T13:19:53.760809,57.85,56.4,23.9,2400.033792,0.8487,0x0,12,2
2026-03-28T13:19:54.788238,57.85,66.6,23.9,2400.02048,0.8487,0x0,12,1
2026-03-28T13:19:55.807568,55.65,56.6,23.9,2400.030464,0.8487,0x0,12,3
2026-03-28T13:19:56.826817,57.85,56.4,23.7,2400.023808,0.8487,0x0,12,3
2026-03-28T13:19:57.847659,58.4,58.2,23.8,2400.030464,0.8487,0x0,12,3
2026-03-28T13:19:58.865838,57.85,59.0,23.8,2400.02048,0.8487,0x0,12,1
2026-03-28T13:19:59.896563,56.75,53.6,23.7,2400.02048,0.8487,0x0,12,4
2026-03-28T13:20:00.921937,58.4,58.0,23.9,2400.030464,0.8487,0x0,12,3
2026-03-28T13:20:01.945757,58.4,59.8,24.1,2400.023808,0.8487,0x0,12,1
2026-03-28T13:20:02.970367,57.3,57.8,24.2,2400.027136,0.8487,0x0,12,1
2026-03-28T13:20:03.990043,57.85,54.7,24.0,2400.030464,0.8487,0x0,12,1
2026-03-28T13:20:05.009880,58.4,57.4,23.9,2400.03712,0.8487,0x0,12,1
2026-03-28T13:20:06.031020,56.75,83.8,24.1,2400.02048,0.8487,0x0,12,1
2026-03-28T13:20:07.065851,58.95,86.6,24.2,2400.027136,0.8487,0x0,12,1
2026-03-28T13:20:08.089073,58.95,84.6,24.7,2400.03712,0.8487,0x0,12,1
2026-03-28T13:20:09.115326,59.5,95.8,26.0,2400.023808,0.8487,0x0,12,1
2026-03-28T13:20:10.150555,58.95,88.0,26.4,2400.017408,0.8487,0x0,12,3
2026-03-28T13:20:11.190797,58.95,93.2,26.2,2400.023808,0.8487,0x0,12,1
2026-03-28T13:20:12.228721,57.85,60.4,26.1,2400.023808,0.8487,0x0,12,3
2026-03-28T13:20:13.248813,57.3,54.0,26.0,2400.033792,0.8487,0x0,12,1
2026-03-28T13:20:14.271918,58.4,53.4,25.7,2400.023808,0.8487,0x0,12,1
2026-03-28T13:20:15.294812,57.3,59.5,25.4,2400.033792,0.8487,0x0,12,3
2026-03-28T13:20:16.313102,56.75,58.5,25.2,2400.027136,0.8487,0x0,12,1
2026-03-28T13:20:17.334268,56.75,55.0,24.9,2400.023808,0.8487,0x0,12,2
2026-03-28T13:20:18.355940,58.4,57.2,24.7,2400.027136,0.8487,0x0,12,0
2026-03-28T13:20:19.374187,57.3,63.3,24.8,2400.023808,0.8487,0x0,12,2
2026-03-28T13:20:20.399470,57.3,65.8,24.4,2400.033792,0.8487,0x0,12,1
2026-03-28T13:20:21.426982,56.75,63.3,24.2,2400.030464,0.8487,0x0,12,1
2026-03-28T13:20:22.446203,58.95,62.2,24.3,2400.027136,0.8487,0x0,12,1
2026-03-28T13:20:23.473194,57.3,57.9,24.1,2400.027136,0.8487,0x0,12,1
2026-03-28T13:20:24.493950,58.4,55.4,23.9,2400.023808,0.8487,0x0,12,3
2026-03-28T13:20:25.517375,58.4,55.3,24.0,2400.023808,0.8487,0x0,12,2
2026-03-28T13:20:26.540089,56.75,59.2,23.7,2400.033792,0.8487,0x0,12,1
2026-03-28T13:20:27.557518,56.75,59.0,23.6,2400.023808,0.8487,0x0,12,1
2026-03-28T13:20:28.578775,58.4,55.1,23.7,2400.033792,0.8487,0x0,12,3
2026-03-28T13:20:29.605066,58.4,57.3,24.0,2400.033792,0.8487,0x0,12,1
2026-03-28T13:20:30.627998,57.85,64.1,24.1,2400.030464,0.8487,0x0,12,3
2026-03-28T13:20:31.653521,57.3,55.1,24.4,2400.02048,0.8487,0x0,12,1
2026-03-28T13:20:32.674458,58.4,54.5,24.3,2400.027136,0.8487,0x0,12,3
2026-03-28T13:20:33.698941,57.3,60.0,24.2,2400.02048,0.8487,0x0,12,1
2026-03-28T13:20:34.720667,57.85,57.1,23.8,2400.02048,0.8487,0x0,12,1
2026-03-28T13:20:35.741515,56.75,56.7,23.6,2400.033792,0.8487,0x0,12,2
2026-03-28T13:20:37.048293,57.3,57.7,23.8,2400.033792,0.8487,0x0,12,1
2026-03-28T13:20:38.072605,57.85,59.0,24.0,2400.03712,0.8487,0x0,12,3
2026-03-28T13:20:39.092850,56.2,54.1,23.7,2400.023808,0.8487,0x0,12,4
2026-03-28T13:20:40.112822,57.85,57.8,23.5,2400.033792,0.8487,0x0,12,1
2026-03-28T13:20:41.143944,58.4,59.4,23.6,2400.03712,0.8487,0x0,12,1
2026-03-28T13:20:42.165158,57.85,54.8,23.8,2400.02048,0.8487,0x0,12,1
2026-03-28T13:20:43.188473,56.75,55.7,23.7,2400.030464,0.8487,0x0,12,1
2026-03-28T13:20:44.210978,56.75,58.3,23.7,2400.023808,0.8487,0x0,12,1
2026-03-28T13:20:45.236175,58.4,57.6,23.6,2400.03712,0.8487,0x0,12,1
2026-03-28T13:20:46.359793,57.3,54.7,23.9,2400.023808,0.8487,0x0,12,3
2026-03-28T13:20:47.382130,57.3,73.6,24.4,2400.02048,0.8487,0x0,12,1
2026-03-28T13:20:48.406668,56.75,63.2,24.5,2400.023808,0.8487,0x0,12,1
2026-03-28T13:20:49.426053,58.95,63.9,24.3,2400.02048,0.8487,0x0,12,1
2026-03-28T13:20:50.443726,58.4,65.3,24.2,2400.023808,0.8487,0x0,12,1
2026-03-28T13:20:51.462870,57.85,56.8,24.0,2400.03712,0.8487,0x0,12,1
2026-03-28T13:20:52.483963,57.3,81.4,24.3,2400.033792,0.8487,0x0,12,3
2026-03-28T13:20:53.504822,56.75,65.9,24.2,2400.033792,0.8487,0x0,12,2
2026-03-28T13:20:54.528650,56.75,54.3,24.1,2400.030464,0.8487,0x0,12,1
2026-03-28T13:20:55.549296,58.4,54.3,24.3,2400.023808,0.8487,0x0,12,2
2026-03-28T13:20:56.571760,56.2,52.6,24.3,2400.030464,0.8487,0x0,12,2
2026-03-28T13:20:57.593940,57.3,54.3,24.0,2400.027136,0.8487,0x0,12,3
2026-03-28T13:20:58.613336,57.85,51.7,23.7,2400.033792,0.8487,0x0,12,1
2026-03-28T13:20:59.632610,56.75,52.2,23.9,2400.033792,0.8487,0x0,12,1
2026-03-28T13:21:00.652222,56.75,53.8,23.9,2400.033792,0.8487,0x0,12,1
2026-03-28T13:21:01.674957,56.75,53.7,23.8,2400.023808,0.8487,0x0,12,3
2026-03-28T13:21:02.695800,56.2,55.9,23.8,2400.030464,0.8487,0x0,12,3
2026-03-28T13:21:03.714619,56.2,52.7,23.8,2400.030464,0.8487,0x0,12,4
2026-03-28T13:21:04.738582,56.2,53.0,23.8,2400.033792,0.8487,0x0,12,3
2026-03-28T13:21:05.763174,56.75,54.0,23.8,2400.033792,0.8487,0x0,12,3
2026-03-28T13:21:06.784845,56.2,50.7,24.3,2400.02048,0.8487,0x0,12,1
2026-03-28T13:21:07.804576,57.85,54.6,24.6,2400.030464,0.8487,0x0,12,1
2026-03-28T13:21:08.826329,56.75,54.2,24.8,2400.027136,0.8487,0x0,12,1
2026-03-28T13:21:09.845691,57.85,51.9,24.6,2400.023808,0.8487,0x0,12,1
2026-03-28T13:21:10.865264,56.75,53.7,24.7,2400.023808,0.8487,0x0,12,1
2026-03-28T13:21:11.885169,57.85,59.8,24.7,2400.030464,0.8487,0x0,12,2
2026-03-28T13:21:12.905867,56.75,53.7,24.4,2400.023808,0.8487,0x0,12,1
2026-03-28T13:21:13.925789,56.2,52.7,24.1,2400.023808,0.8487,0x0,12,1
2026-03-28T13:21:14.944986,57.85,51.4,24.1,2400.023808,0.8487,0x0,12,1
2026-03-28T13:21:15.964320,56.75,54.1,23.7,2400.033792,0.8487,0x0,12,1
2026-03-28T13:21:16.983125,56.75,53.4,23.7,2400.03712,0.8487,0x0,12,0
2026-03-28T13:21:18.094196,56.2,50.1,23.7,2400.02048,0.8487,0x0,12,3
2026-03-28T13:21:19.115495,57.3,53.3,23.9,2400.027136,0.8487,0x0,12,1
2026-03-28T13:21:20.135865,55.65,52.0,24.2,2400.027136,0.8487,0x0,13,1
2026-03-28T13:21:21.157799,57.3,49.0,23.9,2400.023808,0.8487,0x0,12,2
2026-03-28T13:21:22.178302,55.65,52.8,24.0,2400.033792,0.8487,0x0,12,1
2026-03-28T13:21:23.204121,56.75,55.1,24.1,2400.023808,0.8487,0x0,12,2
2026-03-28T13:21:24.223048,57.85,52.2,23.9,2400.027136,0.8487,0x0,12,1
2026-03-28T13:21:25.245207,55.65,52.7,23.7,2400.027136,0.8487,0x0,12,2
2026-03-28T13:21:26.265567,56.2,52.3,24.1,2400.02048,0.8487,0x0,12,1
2026-03-28T13:21:27.283965,55.65,53.1,24.2,2400.02048,0.8487,0x0,12,1
2026-03-28T13:21:28.303952,56.75,53.8,24.1,2400.03712,0.8487,0x0,12,1
2026-03-28T13:21:29.323581,55.65,51.8,24.4,2400.030464,0.8487,0x0,12,1
2026-03-28T13:21:30.342851,56.75,59.1,24.1,2400.033792,0.8487,0x0,12,3
2026-03-28T13:21:31.362710,56.2,53.3,23.9,2400.02048,0.8487,0x0,12,1
2026-03-28T13:21:32.382435,57.85,54.5,23.9,2400.02048,0.8487,0x0,12,4
2026-03-28T13:21:33.405053,56.2,52.7,23.9,2400.027136,0.8487,0x0,12,2
2026-03-28T13:21:34.429690,57.3,51.0,23.8,2400.023808,0.8487,0x0,12,0
2026-03-28T13:21:35.453223,57.85,54.5,23.7,2400.023808,0.8487,0x0,12,0
2026-03-28T13:21:36.471568,56.2,51.1,23.8,2400.030464,0.8487,0x0,12,1
2026-03-28T13:21:37.493091,55.65,53.5,23.9,2400.03712,0.8487,0x0,12,3
2026-03-28T13:21:38.514547,56.2,52.5,24.3,2400.027136,0.8487,0x0,12,2
2026-03-28T13:21:39.538938,56.2,52.0,23.9,2400.023808,0.8487,0x0,12,3
2026-03-28T13:21:40.558344,56.2,53.1,24.0,2400.017408,0.8487,0x0,12,3
2026-03-28T13:21:41.576359,56.75,48.2,24.0,2400.03712,0.8487,0x0,12,3
2026-03-28T13:21:42.603006,57.3,54.8,24.1,2400.030464,0.8487,0x0,12,1
2026-03-28T13:21:43.631334,57.85,52.1,23.9,2400.023808,0.8487,0x0,12,3
2026-03-28T13:21:44.649362,56.75,53.1,24.5,2400.030464,0.8487,0x0,12,3
2026-03-28T13:21:45.673807,57.85,53.6,24.3,2400.02048,0.8487,0x0,12,1
2026-03-28T13:21:46.694596,56.2,52.2,24.0,2400.033792,0.8487,0x0,12,1
2026-03-28T13:21:47.712826,55.65,53.7,24.0,2400.023808,0.8487,0x0,12,3
2026-03-28T13:21:48.730836,56.75,60.0,24.0,2400.033792,0.8487,0x0,12,1
2026-03-28T13:21:49.752157,56.2,51.2,24.2,2400.027136,0.8487,0x0,12,3
2026-03-28T13:21:50.771741,55.65,54.1,24.1,2400.033792,0.8487,0x0,12,1
2026-03-28T13:21:51.789506,55.65,50.7,24.0,2400.033792,0.8487,0x0,12,3
2026-03-28T13:21:52.811045,58.4,55.7,23.9,2400.027136,0.8487,0x0,12,1
2026-03-28T13:21:53.833263,55.65,50.6,23.9,2400.023808,0.8487,0x0,12,3
2026-03-28T13:21:54.856472,56.2,52.6,23.8,2400.023808,0.8487,0x0,12,1
2026-03-28T13:21:55.881810,56.75,53.4,23.7,2400.02048,0.8487,0x0,12,1
2026-03-28T13:21:56.903032,56.75,53.4,23.6,2400.027136,0.8487,0x0,12,3
2026-03-28T13:21:57.919943,56.2,53.2,23.8,2400.027136,0.8487,0x0,12,1
2026-03-28T13:21:58.938340,57.3,54.4,24.1,2400.033792,0.8487,0x0,12,1
2026-03-28T13:21:59.958142,57.85,51.6,24.2,2400.03712,0.8487,0x0,12,1
2026-03-28T13:22:00.977454,56.2,53.1,24.2,2400.030464,0.8487,0x0,12,1
2026-03-28T13:22:01.997528,57.3,54.6,24.1,2400.030464,0.8487,0x0,12,1
2026-03-28T13:22:03.019479,57.3,54.5,24.3,2400.023808,0.8487,0x0,12,1
2026-03-28T13:22:04.038251,57.3,51.4,24.2,2400.033792,0.8487,0x0,12,1
2026-03-28T13:22:05.057978,56.75,50.9,24.0,2400.033792,0.8487,0x0,12,1
2026-03-28T13:22:06.078958,56.75,56.4,24.2,2400.030464,0.8487,0x0,12,3
2026-03-28T13:22:07.096630,56.75,53.2,23.9,2400.027136,0.8487,0x0,12,1
2026-03-28T13:22:08.115142,57.3,58.4,23.9,2400.030464,0.8487,0x0,12,3
2026-03-28T13:22:09.133493,56.75,53.6,23.9,2400.033792,0.8487,0x0,12,3
2026-03-28T13:22:10.154697,56.75,53.1,23.6,2400.027136,0.8487,0x0,12,3
2026-03-28T13:22:11.178375,57.85,53.7,23.9,2400.033792,0.8487,0x0,12,1
2026-03-28T13:22:12.202967,57.3,53.1,24.0,2400.033792,0.8487,0x0,12,1
2026-03-28T13:22:13.221389,56.75,53.2,24.1,2400.023808,0.8487,0x0,12,3
2026-03-28T13:22:14.245048,56.75,53.3,23.8,2400.03712,0.8487,0x0,12,1
2026-03-28T13:22:15.266018,55.65,53.1,23.7,2400.033792,0.8487,0x0,12,2
2026-03-28T13:22:16.284479,56.75,53.5,23.7,2400.02048,0.8487,0x0,12,1
2026-03-28T13:22:17.303479,56.75,52.0,23.9,2400.02048,0.8487,0x0,12,1
2026-03-28T13:22:18.321480,57.85,53.6,24.2,2400.02048,0.8487,0x0,12,1
2026-03-28T13:22:19.345043,56.75,53.0,24.2,2400.03712,0.8487,0x0,12,1
2026-03-28T13:22:20.364599,56.75,54.0,24.5,2400.027136,0.8487,0x0,12,0
2026-03-28T13:22:21.386442,57.3,53.4,24.4,2400.030464,0.8487,0x0,12,3
2026-03-28T13:22:22.409035,56.75,54.0,24.0,2400.023808,0.8487,0x0,12,1
2026-03-28T13:22:23.431767,57.3,55.2,23.9,2400.027136,0.8487,0x0,12,3
2026-03-28T13:22:24.450711,57.85,53.0,23.9,2400.03712,0.8487,0x0,12,3
2026-03-28T13:22:25.472879,57.85,54.0,23.7,2400.033792,0.8487,0x0,12,2
2026-03-28T13:22:26.491269,55.65,53.4,23.7,2400.033792,0.8487,0x0,12,3
2026-03-28T13:22:27.511161,57.3,53.1,23.7,2400.02048,0.8487,0x0,12,3
2026-03-28T13:22:28.533024,54.55,60.5,23.9,2400.023808,0.8487,0x0,12,1
2026-03-28T13:22:29.553438,56.2,51.9,24.2,2400.033792,0.8487,0x0,12,1
2026-03-28T13:22:30.573136,57.3,53.5,24.3,2400.027136,0.8487,0x0,12,1
2026-03-28T13:22:31.595625,57.85,50.9,24.2,2400.02048,0.8487,0x0,12,1
2026-03-28T13:22:32.613715,56.75,51.8,24.0,2400.027136,0.8487,0x0,12,3
2026-03-28T13:22:33.636780,56.75,54.4,23.9,2400.033792,0.8487,0x0,12,3
2026-03-28T13:22:34.658411,57.3,52.7,24.0,2400.023808,0.8487,0x0,12,1
2026-03-28T13:22:35.676997,56.75,54.6,23.9,2400.02048,0.8487,0x0,12,2
2026-03-28T13:22:36.696108,55.1,54.0,23.8,2400.02048,0.8487,0x0,12,1
2026-03-28T13:22:37.720528,57.85,51.0,23.7,2400.030464,0.8487,0x0,12,3
2026-03-28T13:22:38.740052,56.75,56.8,23.7,2400.027136,0.8487,0x0,12,3
2026-03-28T13:22:39.759996,57.85,53.0,23.7,2400.033792,0.8487,0x0,12,1
2026-03-28T13:22:40.780289,56.75,53.1,23.7,2400.030464,0.8487,0x0,12,2
2026-03-28T13:22:41.800780,57.3,52.9,23.7,2400.023808,0.8487,0x0,12,1
2026-03-28T13:22:42.823831,55.65,52.1,23.6,2400.027136,0.8487,0x0,12,2
2026-03-28T13:22:43.847620,57.85,54.2,23.9,2400.023808,0.8487,0x0,12,0
2026-03-28T13:22:44.865209,56.2,53.9,23.8,2400.033792,0.8487,0x0,12,3
2026-03-28T13:22:45.895014,56.2,54.4,24.0,2400.03712,0.8487,0x0,12,1
2026-03-28T13:22:46.923997,56.2,51.7,24.1,2400.033792,0.8487,0x0,12,1
2026-03-28T13:22:47.943465,55.65,52.1,24.0,2400.027136,0.8487,0x0,12,1
2026-03-28T13:22:48.966181,57.3,63.3,23.9,2400.02048,0.8487,0x0,12,1
2026-03-28T13:22:49.988567,55.65,51.6,23.8,2400.02048,0.8487,0x0,12,1
2026-03-28T13:22:51.006345,57.3,53.9,24.0,2400.033792,0.8487,0x0,12,1
2026-03-28T13:22:52.025640,55.65,54.5,24.1,2400.023808,0.8487,0x0,12,2
2026-03-28T13:22:53.046687,55.65,51.7,24.1,2400.027136,0.8487,0x0,12,1
2026-03-28T13:22:54.069976,56.2,55.0,23.9,2400.02048,0.8487,0x0,12,1
2026-03-28T13:22:55.089768,56.75,53.4,23.8,2400.030464,0.8487,0x0,12,1
2026-03-28T13:22:56.113210,56.2,52.8,23.8,2400.027136,0.8487,0x0,12,1
2026-03-28T13:22:57.135419,55.65,53.3,23.9,2400.027136,0.8487,0x0,12,1
2026-03-28T13:22:58.158825,57.85,54.4,24.0,2400.030464,0.8487,0x0,12,2
2026-03-28T13:22:59.185142,56.2,54.7,23.8,2400.023808,0.8487,0x0,12,1
2026-03-28T13:23:00.208327,57.85,53.2,23.8,2400.033792,0.8487,0x0,12,1
2026-03-28T13:23:01.226808,56.75,53.2,24.0,2400.030464,0.8487,0x0,12,1
2026-03-28T13:23:02.246258,56.75,53.7,24.1,2400.027136,0.8487,0x0,12,2
2026-03-28T13:23:03.364869,56.75,52.5,24.2,2400.030464,0.8487,0x0,12,2
2026-03-28T13:23:04.383931,56.75,52.7,24.0,2400.030464,0.8487,0x0,12,2
2026-03-28T13:23:05.403714,56.75,54.3,23.8,2400.033792,0.8487,0x0,12,3
2026-03-28T13:23:06.430070,57.85,54.5,23.8,2400.027136,0.8487,0x0,12,3
2026-03-28T13:23:07.452281,56.2,54.4,23.7,2400.02048,0.8487,0x0,12,2
2026-03-28T13:23:08.469893,58.4,61.4,23.7,2400.030464,0.8487,0x0,12,2
2026-03-28T13:23:09.491344,56.75,54.2,24.0,2400.02048,0.8487,0x0,12,2
2026-03-28T13:23:10.512836,57.3,53.8,24.0,2400.033792,0.8487,0x0,12,1
2026-03-28T13:23:11.534677,57.3,52.1,23.9,2400.02048,0.8487,0x0,12,1
2026-03-28T13:23:12.554606,57.85,52.3,23.7,2400.023808,0.8487,0x0,12,3
2026-03-28T13:23:13.573529,56.75,54.2,23.8,2400.030464,0.8487,0x0,12,1
2026-03-28T13:23:14.595756,57.3,53.4,24.1,2400.03712,0.8487,0x0,12,1
2026-03-28T13:23:15.614011,57.3,55.1,24.1,2400.02048,0.8487,0x0,12,1
2026-03-28T13:23:16.636114,57.3,52.4,23.9,2400.023808,0.8487,0x0,12,1
2026-03-28T13:23:17.656266,57.3,53.2,23.9,2400.033792,0.8487,0x0,12,1
2026-03-28T13:23:18.678062,57.85,57.6,23.8,2400.02048,0.8487,0x0,12,2
2026-03-28T13:23:19.698062,57.85,52.1,23.8,2400.023808,0.8487,0x0,12,1
2026-03-28T13:23:20.722601,58.4,54.3,23.7,2400.02048,0.8487,0x0,13,1
2026-03-28T13:23:21.744537,58.4,54.0,23.7,2400.017408,0.8487,0x0,12,3
2026-03-28T13:23:22.769212,57.85,52.1,23.7,2400.023808,0.8487,0x0,12,1
2026-03-28T13:23:23.791057,56.75,53.4,23.8,2400.030464,0.8487,0x0,12,1
2026-03-28T13:23:24.813605,57.85,54.6,24.1,2400.017408,0.8487,0x0,12,2
2026-03-28T13:23:25.832021,56.75,54.3,24.2,2400.033792,0.8487,0x0,12,2
2026-03-28T13:23:26.850980,56.75,51.2,24.1,2400.02048,0.8487,0x0,12,3
2026-03-28T13:23:27.872132,57.3,54.1,24.0,2400.027136,0.8487,0x0,12,1
2026-03-28T13:23:28.898319,57.85,61.7,24.1,2400.030464,0.8487,0x0,12,1
2026-03-28T13:23:29.916213,56.75,50.0,24.2,2400.023808,0.8487,0x0,12,1
2026-03-28T13:23:30.937190,57.3,53.5,24.1,2400.027136,0.8487,0x0,12,3
2026-03-28T13:23:31.957768,58.95,53.7,24.0,2400.02048,0.8487,0x0,12,2
2026-03-28T13:23:32.978731,58.4,52.7,24.3,2400.02048,0.8487,0x0,12,1
2026-03-28T13:23:33.998949,56.75,54.1,24.4,2400.033792,0.8487,0x0,12,2
2026-03-28T13:23:35.021498,58.95,52.2,24.3,2400.027136,0.8487,0x0,12,3
2026-03-28T13:23:36.043546,57.3,52.3,24.2,2400.02048,0.8487,0x0,12,1
2026-03-28T13:23:37.063494,56.75,53.3,23.8,2400.02048,0.8487,0x0,12,1
2026-03-28T13:23:38.082832,57.85,51.0,23.6,2400.030464,0.8487,0x0,12,3
2026-03-28T13:23:39.102489,57.85,54.3,23.6,2400.033792,0.8487,0x0,12,3
2026-03-28T13:23:40.122168,57.3,53.9,23.8,2400.030464,0.8487,0x0,12,1
2026-03-28T13:23:41.142318,57.3,51.5,23.7,2400.027136,0.8487,0x0,12,1
2026-03-28T13:23:42.160231,57.85,55.0,24.1,2400.030464,0.8487,0x0,12,1
2026-03-28T13:23:43.179376,58.95,53.2,24.0,2400.02048,0.8487,0x0,12,1
2026-03-28T13:23:44.206541,58.4,53.5,24.1,2400.023808,0.8487,0x0,12,1
2026-03-28T13:23:45.223915,57.85,54.2,23.8,2400.03712,0.8487,0x0,12,1
2026-03-28T13:23:46.248169,57.85,53.7,23.8,2400.027136,0.8487,0x0,12,3
2026-03-28T13:23:47.267378,58.95,58.1,23.5,2400.023808,0.8487,0x0,12,1
2026-03-28T13:23:48.288751,58.95,52.2,23.8,2400.03712,0.8487,0x0,12,2
2026-03-28T13:23:49.306352,57.85,55.6,24.2,2400.02048,0.8487,0x0,12,1
2026-03-28T13:23:50.329729,60.6,53.7,24.5,2400.033792,0.8487,0x0,12,1
2026-03-28T13:23:51.354716,57.85,53.0,24.3,2400.02048,0.8487,0x0,12,2
2026-03-28T13:23:52.373298,60.05,51.7,24.4,2400.027136,0.8487,0x0,12,1
2026-03-28T13:23:53.392512,58.95,60.5,24.4,2400.017408,0.8487,0x0,12,1
2026-03-28T13:23:54.412265,58.95,59.7,24.3,2400.030464,0.8487,0x0,12,1
2026-03-28T13:23:55.433274,57.85,54.7,24.1,2400.023808,0.8487,0x0,12,3
2026-03-28T13:23:56.451530,60.05,51.4,24.0,2400.017408,0.8487,0x0,12,1
2026-03-28T13:23:57.471018,57.85,52.5,23.9,2400.027136,0.8487,0x0,12,1
2026-03-28T13:23:58.492586,57.85,54.9,24.0,2400.023808,0.8487,0x0,12,0
2026-03-28T13:23:59.513848,59.5,53.1,24.1,2400.017408,0.8487,0x0,12,1
2026-03-28T13:24:00.533798,57.85,51.8,24.1,2400.02048,0.8487,0x0,12,1
2026-03-28T13:24:01.553176,58.4,60.0,24.1,2400.030464,0.8487,0x0,12,2
2026-03-28T13:24:02.576384,56.75,51.1,23.9,2400.027136,0.8487,0x0,12,3
2026-03-28T13:24:03.600294,57.85,52.5,23.8,2400.033792,0.8487,0x0,12,1
2026-03-28T13:24:04.629019,57.85,56.9,23.9,2400.02048,0.8487,0x0,12,2
2026-03-28T13:24:05.648387,57.85,52.5,24.2,2400.02048,0.8487,0x0,12,2
2026-03-28T13:24:06.667435,58.95,53.1,24.0,2400.023808,0.8487,0x0,12,1
2026-03-28T13:24:07.687399,58.4,54.2,24.0,2400.033792,0.8487,0x0,12,1
2026-03-28T13:24:08.706644,56.75,51.4,24.1,2400.023808,0.8487,0x0,12,3
2026-03-28T13:24:09.725636,57.85,55.9,24.0,2400.023808,0.8487,0x0,12,3
2026-03-28T13:24:10.747245,58.95,55.1,23.9,2400.027136,0.8487,0x0,12,1
2026-03-28T13:24:11.765987,58.95,52.0,24.0,2400.027136,0.8487,0x0,12,1
2026-03-28T13:24:12.785090,58.95,52.8,24.2,2400.030464,0.8487,0x0,12,1
2026-03-28T13:24:13.814285,57.85,53.4,24.2,2400.030464,0.8487,0x0,12,1
2026-03-28T13:24:14.833103,58.4,55.2,24.0,2400.027136,0.8487,0x0,12,2
2026-03-28T13:24:15.850694,59.5,54.4,24.2,2400.017408,0.8487,0x0,12,3
2026-03-28T13:24:16.868546,58.4,52.6,24.1,2400.02048,0.8487,0x0,12,1
2026-03-28T13:24:17.888724,57.85,51.2,24.0,2400.02048,0.8487,0x0,12,2
2026-03-28T13:24:18.910380,58.4,53.5,23.8,2400.02048,0.8487,0x0,12,2
2026-03-28T13:24:19.932732,58.95,55.3,23.7,2400.033792,0.8487,0x0,12,4
2026-03-28T13:24:20.958063,57.85,52.1,23.9,2400.023808,0.8487,0x0,13,3
2026-03-28T13:24:22.060620,59.5,62.0,24.0,2400.023808,0.8487,0x0,12,1
2026-03-28T13:24:23.088742,58.4,52.1,23.9,2400.017408,0.8487,0x0,12,1
2026-03-28T13:24:24.109616,58.95,52.1,23.8,2400.033792,0.8487,0x0,12,2
2026-03-28T13:24:25.138562,57.3,65.7,24.0,2400.02048,0.8487,0x0,12,3
2026-03-28T13:24:26.163713,57.85,52.8,24.1,2400.023808,0.8487,0x0,12,1
2026-03-28T13:24:27.183226,57.3,51.4,24.2,2400.02048,0.8487,0x0,12,1
2026-03-28T13:24:28.202219,58.95,54.5,24.0,2400.03712,0.8487,0x0,12,3
2026-03-28T13:24:29.220334,58.4,53.4,23.8,2400.030464,0.8487,0x0,12,3
2026-03-28T13:24:30.241202,58.4,53.3,23.7,2400.033792,0.8487,0x0,12,1
2026-03-28T13:24:31.261503,60.6,54.3,23.6,2400.027136,0.8487,0x0,12,1
2026-03-28T13:24:32.279770,58.4,52.0,23.5,2400.033792,0.8487,0x0,12,3
2026-03-28T13:24:33.298341,59.5,52.8,23.6,2400.030464,0.8487,0x0,12,1
2026-03-28T13:24:34.322373,57.85,54.8,23.6,2400.03712,0.8487,0x0,12,2
2026-03-28T13:24:35.346463,58.4,54.5,23.8,2400.02048,0.8487,0x0,12,3
2026-03-28T13:24:36.368830,58.4,53.3,23.5,2400.023808,0.8487,0x0,12,1
2026-03-28T13:24:37.391561,57.85,52.2,23.5,2400.033792,0.8487,0x0,12,1
2026-03-28T13:24:38.410835,57.3,53.1,23.9,2400.023808,0.8487,0x0,12,1
2026-03-28T13:24:39.432167,58.4,54.5,23.9,2400.03712,0.8487,0x0,12,1
2026-03-28T13:24:40.450429,58.4,63.2,23.9,2400.030464,0.8487,0x0,12,1
2026-03-28T13:24:41.471588,58.95,54.5,24.0,2400.02048,0.8487,0x0,12,1
2026-03-28T13:24:42.492157,58.4,52.3,23.8,2400.03712,0.8487,0x0,12,1
2026-03-28T13:24:43.513228,58.4,52.5,23.8,2400.027136,0.8487,0x0,12,1
2026-03-28T13:24:44.532880,58.95,55.3,23.8,2400.030464,0.8487,0x0,12,2
2026-03-28T13:24:45.551738,60.6,54.7,23.7,2400.017408,0.8487,0x0,12,1
2026-03-28T13:24:46.573399,58.4,53.2,23.5,2400.02048,0.8487,0x0,12,3
2026-03-28T13:24:47.592581,58.4,51.6,23.9,2400.027136,0.8487,0x0,12,1
2026-03-28T13:24:48.613222,58.4,51.7,23.9,2400.017408,0.8487,0x0,12,1
2026-03-28T13:24:49.631086,58.4,54.3,23.8,2400.030464,0.8487,0x0,12,1
2026-03-28T13:24:50.648096,58.4,54.2,23.9,2400.030464,0.8487,0x0,12,1
2026-03-28T13:24:51.665902,57.85,53.8,23.9,2400.030464,0.8487,0x0,12,0
2026-03-28T13:24:52.687387,57.85,52.8,23.9,2400.033792,0.8487,0x0,12,1
2026-03-28T13:24:53.714351,58.4,52.7,23.6,2400.030464,0.8487,0x0,12,1
2026-03-28T13:24:54.736980,57.85,55.3,23.6,2400.027136,0.8487,0x0,12,2
2026-03-28T13:24:55.758003,58.4,55.0,23.6,2400.023808,0.8487,0x0,12,3
2026-03-28T13:24:56.776904,57.85,53.6,23.5,2400.030464,0.8487,0x0,12,3
2026-03-28T13:24:57.797524,57.3,53.4,23.5,2400.030464,0.8487,0x0,12,1
2026-03-28T13:24:58.815888,58.95,51.9,23.5,2400.033792,0.8487,0x0,12,3
2026-03-28T13:24:59.839501,58.4,61.7,23.5,2400.030464,0.8487,0x0,12,2
2026-03-28T13:25:00.860483,56.75,53.8,23.6,2400.02048,0.8487,0x0,12,1
2026-03-28T13:25:01.878517,58.4,53.7,23.8,2400.030464,0.8487,0x0,12,1
2026-03-28T13:25:02.900155,57.85,51.1,23.8,2400.027136,0.8487,0x0,12,1
2026-03-28T13:25:03.921810,58.4,52.7,23.7,2400.033792,0.8487,0x0,12,1
2026-03-28T13:25:04.948321,58.4,54.8,23.9,2400.030464,0.8487,0x0,12,4
2026-03-28T13:25:05.970731,57.85,52.8,23.9,2400.027136,0.8487,0x0,12,3
2026-03-28T13:25:06.993391,57.3,52.4,23.9,2400.02048,0.8487,0x0,12,1
2026-03-28T13:25:08.013893,57.85,53.6,23.9,2400.023808,0.8487,0x0,12,3
2026-03-28T13:25:09.036152,58.4,52.8,23.6,2400.033792,0.8487,0x0,12,2
2026-03-28T13:25:10.054404,57.85,54.5,23.7,2400.030464,0.8487,0x0,12,3
2026-03-28T13:25:11.072800,57.3,55.0,24.0,2400.023808,0.8487,0x0,12,1
2026-03-28T13:25:12.092832,57.3,52.7,24.2,2400.030464,0.8487,0x0,12,3
2026-03-28T13:25:13.113821,57.3,51.7,24.2,2400.030464,0.8487,0x0,12,3
2026-03-28T13:25:14.137516,58.4,53.2,24.4,2400.027136,0.8487,0x0,12,1
2026-03-28T13:25:15.158408,58.4,55.4,24.7,2400.033792,0.8487,0x0,12,3
2026-03-28T13:25:16.182967,57.85,52.5,24.7,2400.017408,0.8487,0x0,12,3
2026-03-28T13:25:17.206176,57.85,53.0,24.3,2400.03712,0.8487,0x0,12,1
2026-03-28T13:25:18.226877,57.85,59.5,24.2,2400.027136,0.8487,0x0,12,1
2026-03-28T13:25:19.246388,57.3,51.5,24.3,2400.027136,0.8487,0x0,12,3
2026-03-28T13:25:20.263444,58.95,54.7,24.3,2400.030464,0.8487,0x0,12,2
2026-03-28T13:25:21.286936,58.4,52.6,24.0,2400.030464,0.8487,0x0,13,2
2026-03-28T13:25:22.305928,57.3,51.1,23.6,2400.027136,0.8487,0x0,12,3
2026-03-28T13:25:23.325157,58.95,52.1,23.8,2400.017408,0.8487,0x0,12,1
2026-03-28T13:25:24.345218,58.4,51.9,23.8,2400.033792,0.8487,0x0,12,1
2026-03-28T13:25:25.366521,57.85,56.9,23.9,2400.033792,0.8487,0x0,12,2
2026-03-28T13:25:26.388963,57.85,53.7,23.6,2400.02048,0.8487,0x0,12,1
2026-03-28T13:25:27.410826,58.95,53.3,23.5,2400.033792,0.8487,0x0,12,3
2026-03-28T13:25:28.447111,56.2,53.3,23.9,2400.023808,0.8487,0x0,12,1
2026-03-28T13:25:29.468052,57.85,52.3,23.9,2400.023808,0.8487,0x0,12,3
2026-03-28T13:25:30.486003,57.3,56.4,24.0,2400.030464,0.8487,0x0,12,1
2026-03-28T13:25:31.504836,56.75,54.4,24.1,2400.033792,0.8487,0x0,12,3
2026-03-28T13:25:32.523454,57.3,52.3,23.9,2400.030464,0.8487,0x0,12,1
2026-03-28T13:25:33.545581,57.85,50.5,23.7,2400.030464,0.8487,0x0,12,1
2026-03-28T13:25:34.568429,57.85,53.6,23.7,2400.030464,0.8487,0x0,12,3
2026-03-28T13:25:35.593414,57.3,55.5,23.8,2400.033792,0.8487,0x0,12,3
2026-03-28T13:25:36.618941,58.4,50.5,24.1,2400.03712,0.8487,0x0,12,1
2026-03-28T13:25:37.638755,57.3,61.1,24.2,2400.02048,0.8487,0x0,12,1
2026-03-28T13:25:38.659444,58.95,53.1,24.2,2400.033792,0.8487,0x0,12,1
2026-03-28T13:25:39.679781,57.85,52.0,23.9,2400.023808,0.8487,0x0,12,3
2026-03-28T13:25:40.699399,59.5,58.3,23.9,2400.03712,0.8487,0x0,12,1
2026-03-28T13:25:41.718983,58.4,52.5,24.0,2400.023808,0.8487,0x0,12,1
2026-03-28T13:25:42.740613,56.75,51.5,24.0,2400.033792,0.8487,0x0,12,3
2026-03-28T13:25:43.763409,56.2,53.7,23.9,2400.033792,0.8487,0x0,12,2
2026-03-28T13:25:44.782183,56.75,53.2,23.9,2400.027136,0.8487,0x0,12,1
2026-03-28T13:25:45.812761,58.95,55.6,23.7,2400.027136,0.8487,0x0,12,1
2026-03-28T13:25:46.832987,58.4,52.3,23.8,2400.033792,0.8487,0x0,12,4
2026-03-28T13:25:47.856689,56.75,53.0,23.6,2400.027136,0.8487,0x0,12,1
2026-03-28T13:25:48.877526,57.3,52.0,23.7,2400.023808,0.8487,0x0,12,2
2026-03-28T13:25:49.898432,56.2,51.6,23.5,2400.023808,0.8487,0x0,12,0
2026-03-28T13:25:51.020669,57.85,54.7,23.7,2400.030464,0.8487,0x0,12,3
2026-03-28T13:25:52.045943,57.3,52.0,24.0,2400.027136,0.8487,0x0,12,1
2026-03-28T13:25:53.074973,57.85,51.1,24.1,2400.027136,0.8487,0x0,12,1
2026-03-28T13:25:54.096376,57.3,53.8,24.1,2400.02048,0.8487,0x0,12,3
2026-03-28T13:25:55.118948,58.4,53.6,24.2,2400.033792,0.8487,0x0,12,3
2026-03-28T13:25:56.148118,56.75,61.1,24.3,2400.030464,0.8487,0x0,12,3
2026-03-28T13:25:57.173770,57.3,54.2,24.0,2400.027136,0.8487,0x0,12,1
2026-03-28T13:25:58.193044,57.85,50.3,23.8,2400.027136,0.8487,0x0,12,2
2026-03-28T13:25:59.213802,56.75,52.2,23.7,2400.02048,0.8487,0x0,12,3
2026-03-28T13:26:00.234978,56.75,54.5,23.6,2400.030464,0.8487,0x0,12,3
2026-03-28T13:26:01.259444,57.3,54.8,24.0,2400.030464,0.8487,0x0,12,3
2026-03-28T13:26:02.280025,56.2,53.1,24.1,2400.033792,0.8487,0x0,12,1
2026-03-28T13:26:03.300750,56.75,47.9,23.9,2400.033792,0.8487,0x0,12,1
2026-03-28T13:26:04.321338,56.75,51.5,24.1,2400.030464,0.8487,0x0,12,1
2026-03-28T13:26:05.341036,56.75,54.2,23.8,2400.027136,0.8487,0x0,12,1
2026-03-28T13:26:06.360936,57.85,53.6,23.8,2400.02048,0.8487,0x0,12,1
2026-03-28T13:26:07.380649,56.75,53.6,23.8,2400.030464,0.8487,0x0,12,1
2026-03-28T13:26:08.399049,55.65,52.3,23.9,2400.027136,0.8487,0x0,12,0
2026-03-28T13:26:09.423099,57.3,51.6,23.7,2400.030464,0.8487,0x0,12,3
2026-03-28T13:26:10.445533,57.3,64.8,23.8,2400.023808,0.8487,0x0,12,1
2026-03-28T13:26:11.467371,56.75,53.8,23.9,2400.030464,0.8487,0x0,12,1
2026-03-28T13:26:12.488977,56.75,51.9,23.7,2400.02048,0.8487,0x0,12,1
2026-03-28T13:26:13.506758,56.75,52.5,23.6,2400.033792,0.8487,0x0,12,2
2026-03-28T13:26:14.623412,58.4,46.4,23.5,2400.03712,0.8487,0x0,12,0
2026-03-28T13:26:15.694952,57.85,57.5,23.5,2400.023808,0.8487,0x0,12,2
2026-03-28T13:26:16.717579,56.75,54.8,23.8,2400.033792,0.8487,0x0,12,3
2026-03-28T13:26:17.737946,56.75,51.4,23.8,2400.027136,0.8487,0x0,12,2
2026-03-28T13:26:18.757672,57.3,50.6,23.8,2400.033792,0.8487,0x0,12,1
2026-03-28T13:26:19.847426,56.2,50.2,23.7,2400.023808,0.8487,0x0,12,3
2026-03-28T13:26:20.874966,56.75,56.6,23.6,2400.030464,0.8487,0x0,12,1
2026-03-28T13:26:21.895335,56.75,54.5,23.4,2400.023808,0.8487,0x0,12,1
2026-03-28T13:26:22.913498,56.2,53.4,23.4,2400.027136,0.8487,0x0,12,1
2026-03-28T13:26:23.934713,57.3,52.2,23.5,2400.017408,0.8487,0x0,12,3
2026-03-28T13:26:24.952495,58.4,52.6,23.7,2400.033792,0.8487,0x0,12,2
2026-03-28T13:26:25.972007,56.2,56.6,23.9,2400.030464,0.8487,0x0,12,3
2026-03-28T13:26:26.991546,57.85,49.5,23.9,2400.033792,0.8487,0x0,12,1
2026-03-28T13:26:28.011604,57.85,53.8,23.9,2400.027136,0.8487,0x0,12,3
2026-03-28T13:26:29.034978,57.3,52.9,23.7,2400.033792,0.8487,0x0,12,1
2026-03-28T13:26:30.057611,57.85,51.5,23.8,2400.02048,0.8487,0x0,12,1
2026-03-28T13:26:31.083969,56.2,57.6,23.7,2400.033792,0.8487,0x0,12,1
2026-03-28T13:26:32.105885,56.75,54.3,23.5,2400.03712,0.8487,0x0,12,1
2026-03-28T13:26:33.124304,56.75,51.6,23.4,2400.027136,0.8487,0x0,12,3
2026-03-28T13:26:34.144350,58.4,53.9,23.4,2400.033792,0.8487,0x0,12,3
2026-03-28T13:26:35.167162,57.85,59.2,23.7,2400.02048,0.8487,0x0,12,1
2026-03-28T13:26:36.187798,56.75,55.3,23.7,2400.023808,0.8487,0x0,12,3
2026-03-28T13:26:37.209572,56.2,55.0,23.9,2400.02048,0.8487,0x0,12,1
2026-03-28T13:26:38.230289,57.3,53.2,23.9,2400.02048,0.8487,0x0,12,1
2026-03-28T13:26:39.253170,56.2,52.1,23.6,2400.027136,0.8487,0x0,12,3
2026-03-28T13:26:40.275213,56.75,53.3,23.5,2400.033792,0.8487,0x0,12,2
2026-03-28T13:26:41.293801,56.75,55.0,23.8,2400.033792,0.8487,0x0,12,3
2026-03-28T13:26:42.315946,57.85,52.0,23.6,2400.023808,0.8487,0x0,12,3
2026-03-28T13:26:43.342609,57.85,53.0,23.6,2400.030464,0.8487,0x0,12,1
2026-03-28T13:26:44.368081,56.75,53.4,23.4,2400.033792,0.8487,0x0,12,1
2026-03-28T13:26:45.489919,57.85,54.3,23.5,2400.02048,0.8487,0x0,12,1
2026-03-28T13:26:46.506792,56.2,55.8,23.8,2400.023808,0.8487,0x0,12,1
2026-03-28T13:26:47.526411,56.75,52.7,23.9,2400.023808,0.8487,0x0,12,1
2026-03-28T13:26:48.549548,56.2,52.4,23.7,2400.017408,0.8487,0x0,12,1
2026-03-28T13:26:49.570288,57.85,53.8,23.5,2400.030464,0.8487,0x0,12,1
2026-03-28T13:26:50.589842,56.75,54.4,23.5,2400.02048,0.8487,0x0,12,1
2026-03-28T13:26:51.609550,56.75,60.5,23.6,2400.02048,0.8487,0x0,12,2
2026-03-28T13:26:52.633627,56.75,53.1,24.0,2400.033792,0.8487,0x0,12,2
2026-03-28T13:26:53.660272,57.3,55.8,24.3,2400.033792,0.8487,0x0,12,0
2026-03-28T13:26:54.680706,58.95,54.5,24.5,2400.02048,0.8487,0x0,12,1
2026-03-28T13:26:55.701632,57.3,56.3,24.3,2400.02048,0.8487,0x0,12,1
2026-03-28T13:26:56.725048,56.2,55.4,24.1,2400.030464,0.8487,0x0,12,1
2026-03-28T13:26:57.747001,57.3,51.6,24.1,2400.030464,0.8487,0x0,12,1
2026-03-28T13:26:58.764522,57.85,53.7,23.8,2400.02048,0.8487,0x0,12,4
2026-03-28T13:26:59.785492,57.85,53.5,23.8,2400.030464,0.8487,0x0,12,2
2026-03-28T13:27:00.805234,57.3,53.9,23.7,2400.027136,0.8487,0x0,12,3
2026-03-28T13:27:01.823610,56.2,57.3,23.5,2400.027136,0.8487,0x0,12,1
2026-03-28T13:27:02.843335,57.85,51.7,23.4,2400.02048,0.8487,0x0,12,1
2026-03-28T13:27:03.965813,56.2,53.2,23.4,2400.023808,0.8487,0x0,12,1
2026-03-28T13:27:04.986400,55.65,52.3,23.4,2400.030464,0.8487,0x0,12,1
2026-03-28T13:27:06.004278,56.75,55.2,23.8,2400.02048,0.8487,0x0,12,1
2026-03-28T13:27:07.022337,57.3,55.6,23.8,2400.030464,0.8487,0x0,12,1
2026-03-28T13:27:08.048830,57.85,57.6,24.1,2400.02048,0.8487,0x0,12,1
2026-03-28T13:27:09.069389,56.75,52.7,23.8,2400.023808,0.8487,0x0,12,2
2026-03-28T13:27:10.087834,56.75,51.2,23.6,2400.023808,0.8487,0x0,12,1
2026-03-28T13:27:11.109139,57.85,57.2,23.6,2400.033792,0.8487,0x0,12,1
2026-03-28T13:27:12.132924,56.75,53.4,23.7,2400.027136,0.8487,0x0,12,1
2026-03-28T13:27:13.154279,56.2,53.8,23.9,2400.030464,0.8487,0x0,12,0
2026-03-28T13:27:14.174826,57.3,51.9,23.8,2400.030464,0.8487,0x0,12,3
2026-03-28T13:27:15.195650,58.4,52.9,23.6,2400.030464,0.8487,0x0,12,1
2026-03-28T13:27:16.219246,56.75,48.8,23.6,2400.03712,0.8487,0x0,12,1
2026-03-28T13:27:17.239612,57.3,54.4,23.7,2400.023808,0.8487,0x0,12,0
2026-03-28T13:27:18.260969,56.2,51.0,23.6,2400.027136,0.8487,0x0,12,1
2026-03-28T13:27:19.282390,56.2,52.7,23.5,2400.02048,0.8487,0x0,12,1
2026-03-28T13:27:20.306631,57.85,53.5,23.7,2400.02048,0.8487,0x0,12,4
2026-03-28T13:27:21.334884,55.65,56.3,23.9,2400.030464,0.8487,0x0,12,1
2026-03-28T13:27:22.363082,55.1,53.1,23.6,2400.027136,0.8487,0x0,12,3
2026-03-28T13:27:23.384547,56.75,52.1,23.4,2400.023808,0.8487,0x0,12,3
2026-03-28T13:27:24.402213,58.4,52.1,23.4,2400.030464,0.8487,0x0,12,3
2026-03-28T13:27:25.425616,58.4,54.6,23.4,2400.033792,0.8487,0x0,12,4
2026-03-28T13:27:26.448711,56.75,61.5,23.4,2400.03712,0.8487,0x0,12,1
2026-03-28T13:27:27.472280,56.75,51.7,23.4,2400.02048,0.8487,0x0,12,1
2026-03-28T13:27:28.493755,57.85,52.9,23.3,2400.02048,0.8487,0x0,12,1
2026-03-28T13:27:29.514061,57.3,52.5,23.5,2400.02048,0.8487,0x0,12,1
2026-03-28T13:27:30.537625,58.4,53.1,23.5,2400.030464,0.8487,0x0,12,1
2026-03-28T13:27:31.559786,56.2,55.1,23.5,2400.033792,0.8487,0x0,12,2
2026-03-28T13:27:32.581762,55.65,52.3,23.4,2400.027136,0.8487,0x0,12,1
2026-03-28T13:27:33.604175,58.4,51.0,23.9,2400.017408,0.8487,0x0,12,1
2026-03-28T13:27:34.626192,56.75,47.0,23.9,2400.02048,0.8487,0x0,12,3
2026-03-28T13:27:35.650715,57.85,54.4,23.9,2400.033792,0.8487,0x0,12,1
2026-03-28T13:27:36.670836,56.2,52.9,23.6,2400.017408,0.8487,0x0,12,2
2026-03-28T13:27:37.692285,56.2,52.9,23.4,2400.023808,0.8487,0x0,12,1
2026-03-28T13:27:38.709777,57.3,52.6,23.4,2400.023808,0.8487,0x0,12,3
2026-03-28T13:27:39.733418,56.75,51.1,23.4,2400.02048,0.8487,0x0,12,1
2026-03-28T13:27:40.751263,56.2,56.1,23.4,2400.030464,0.8487,0x0,12,3
2026-03-28T13:27:41.770747,56.2,55.2,23.4,2400.023808,0.8487,0x0,12,3
2026-03-28T13:27:42.791071,56.2,52.1,23.4,2400.023808,0.8487,0x0,12,1
2026-03-28T13:27:43.810426,56.2,56.0,23.5,2400.023808,0.8487,0x0,12,2
2026-03-28T13:27:44.831701,56.75,53.1,23.4,2400.033792,0.8487,0x0,12,3
2026-03-28T13:27:45.850002,57.3,59.2,23.4,2400.027136,0.8487,0x0,12,1
2026-03-28T13:27:46.873700,55.65,55.6,23.6,2400.02048,0.8487,0x0,12,1
2026-03-28T13:27:47.894010,57.85,53.9,24.0,2400.02048,0.8487,0x0,12,1
2026-03-28T13:27:48.913887,55.65,51.6,24.4,2400.017408,0.8487,0x0,12,3
2026-03-28T13:27:49.944764,57.3,51.4,24.5,2400.02048,0.8487,0x0,12,1
2026-03-28T13:27:50.965569,54.55,54.6,24.5,2400.033792,0.8487,0x0,12,3
2026-03-28T13:27:52.098820,57.85,55.6,24.0,2400.033792,0.8487,0x0,13,1
2026-03-28T13:27:53.119458,57.3,52.0,23.7,2400.027136,0.8487,0x0,12,1
2026-03-28T13:27:54.140101,56.2,54.1,23.4,2400.030464,0.8487,0x0,12,1
2026-03-28T13:27:55.163070,56.75,52.6,23.4,2400.02048,0.8487,0x0,12,3
2026-03-28T13:27:56.180127,57.85,58.4,23.5,2400.03712,0.8487,0x0,12,1
2026-03-28T13:27:57.204136,56.2,60.1,23.6,2400.033792,0.8487,0x0,12,1
2026-03-28T13:27:58.228931,56.2,52.1,24.1,2400.017408,0.8487,0x0,12,1
2026-03-28T13:27:59.255544,56.75,50.6,23.9,2400.023808,0.8487,0x0,12,2
2026-03-28T13:28:00.274306,56.2,53.5,23.8,2400.02048,0.8487,0x0,12,1
2026-03-28T13:28:01.297434,56.2,48.9,23.7,2400.023808,0.8487,0x0,12,1
2026-03-28T13:28:02.317161,57.3,55.3,23.7,2400.02048,0.8487,0x0,12,1
2026-03-28T13:28:03.337035,54.55,51.1,23.7,2400.02048,0.8487,0x0,12,1
2026-03-28T13:28:04.356926,56.2,59.8,23.8,2400.02048,0.8487,0x0,12,4
2026-03-28T13:28:05.378656,56.2,54.2,23.9,2400.023808,0.8487,0x0,12,2
2026-03-28T13:28:06.400525,57.85,53.0,23.7,2400.030464,0.8487,0x0,12,3
2026-03-28T13:28:07.420513,57.3,54.9,23.8,2400.027136,0.8487,0x0,12,1
2026-03-28T13:28:08.441639,55.1,52.3,23.6,2400.02048,0.8487,0x0,12,1
2026-03-28T13:28:09.463148,57.3,51.4,23.4,2400.030464,0.8487,0x0,12,1
2026-03-28T13:28:10.481451,57.85,54.4,23.4,2400.033792,0.8487,0x0,12,1
2026-03-28T13:28:11.501957,57.3,54.9,23.6,2400.033792,0.8487,0x0,12,4
2026-03-28T13:28:12.530293,56.75,54.3,23.6,2400.027136,0.8487,0x0,12,2
2026-03-28T13:28:13.551189,57.3,52.8,23.6,2400.02048,0.8487,0x0,12,3
2026-03-28T13:28:14.575901,57.85,52.4,23.5,2400.023808,0.8487,0x0,12,1
2026-03-28T13:28:15.596099,57.3,53.7,23.7,2400.02048,0.8487,0x0,12,3
2026-03-28T13:28:16.615358,56.2,52.2,24.0,2400.027136,0.8487,0x0,12,1
2026-03-28T13:28:17.634812,56.2,56.6,24.2,2400.023808,0.8487,0x0,12,1
2026-03-28T13:28:18.653275,56.2,52.0,24.0,2400.023808,0.8487,0x0,12,0
2026-03-28T13:28:19.673774,56.2,52.7,23.8,2400.033792,0.8487,0x0,12,1
2026-03-28T13:28:20.696490,56.2,54.0,23.5,2400.03712,0.8487,0x0,12,2
2026-03-28T13:28:21.718253,56.2,52.7,23.6,2400.033792,0.8487,0x0,12,1
2026-03-28T13:28:22.742681,56.75,59.2,23.8,2400.023808,0.8487,0x0,12,0
2026-03-28T13:28:23.762167,57.3,54.2,23.8,2400.030464,0.8487,0x0,12,3
2026-03-28T13:28:24.787268,56.2,54.5,23.6,2400.027136,0.8487,0x0,12,1
2026-03-28T13:28:25.810504,56.2,54.4,23.5,2400.027136,0.8487,0x0,12,2
2026-03-28T13:28:26.832503,56.2,52.5,23.4,2400.023808,0.8487,0x0,12,2
2026-03-28T13:28:27.853840,57.3,56.4,23.4,2400.023808,0.8487,0x0,12,2
2026-03-28T13:28:28.871662,56.75,50.6,23.5,2400.017408,0.8487,0x0,12,3
2026-03-28T13:28:29.893297,57.3,51.5,23.9,2400.023808,0.8487,0x0,12,1
2026-03-28T13:28:30.913133,56.75,54.8,24.2,2400.027136,0.8487,0x0,12,1
2026-03-28T13:28:31.932379,55.65,53.9,24.1,2400.02048,0.8487,0x0,12,1
2026-03-28T13:28:32.961119,55.1,54.9,24.3,2400.03712,0.8487,0x0,12,4
2026-03-28T13:28:33.986182,57.3,54.2,24.3,2400.023808,0.8487,0x0,12,1
2026-03-28T13:28:35.019524,56.75,51.6,23.9,2400.02048,0.8487,0x0,12,1
2026-03-28T13:28:36.040448,55.1,53.2,23.8,2400.033792,0.8487,0x0,12,3
2026-03-28T13:28:37.058465,56.2,55.1,23.7,2400.02048,0.8487,0x0,12,1
2026-03-28T13:28:38.076797,56.2,51.9,23.6,2400.030464,0.8487,0x0,12,1
2026-03-28T13:28:39.097411,57.3,53.2,23.5,2400.027136,0.8487,0x0,12,3
2026-03-28T13:28:40.117464,56.2,53.3,23.5,2400.017408,0.8487,0x0,12,3
2026-03-28T13:28:41.146037,57.3,53.0,23.9,2400.027136,0.8487,0x0,12,3
2026-03-28T13:28:42.167749,56.75,55.1,23.7,2400.027136,0.8487,0x0,12,3
2026-03-28T13:28:43.188553,56.2,60.5,23.7,2400.023808,0.8487,0x0,12,1
2026-03-28T13:28:44.209836,56.75,53.1,23.8,2400.027136,0.8487,0x0,12,1
2026-03-28T13:28:45.232193,55.65,53.1,23.9,2400.03712,0.8487,0x0,12,2
2026-03-28T13:28:46.253231,56.2,55.0,23.7,2400.02048,0.8487,0x0,12,1
2026-03-28T13:28:47.274933,56.2,54.5,23.8,2400.030464,0.8487,0x0,12,1
2026-03-28T13:28:48.296112,55.65,52.7,23.9,2400.023808,0.8487,0x0,12,1
2026-03-28T13:28:49.319414,56.2,52.0,23.6,2400.033792,0.8487,0x0,12,1
2026-03-28T13:28:50.338283,55.1,52.9,23.6,2400.03712,0.8487,0x0,12,1
2026-03-28T13:28:51.357378,56.2,51.6,23.5,2400.030464,0.8487,0x0,12,1
2026-03-28T13:28:52.378013,55.65,55.6,23.4,2400.02048,0.8487,0x0,12,2
2026-03-28T13:28:53.397217,55.65,52.1,23.5,2400.027136,0.8487,0x0,12,3
2026-03-28T13:28:54.417939,55.65,52.5,23.7,2400.023808,0.8487,0x0,12,4
2026-03-28T13:28:55.441831,55.65,53.3,24.0,2400.02048,0.8487,0x0,12,1
2026-03-28T13:28:56.469216,56.75,51.6,23.7,2400.02048,0.8487,0x0,12,1
2026-03-28T13:28:57.493647,56.75,56.6,23.6,2400.023808,0.8487,0x0,12,2
2026-03-28T13:28:58.513839,56.2,53.4,23.6,2400.030464,0.8487,0x0,12,1
2026-03-28T13:28:59.604345,57.3,50.7,23.6,2400.033792,0.8487,0x0,12,3
2026-03-28T13:29:00.622277,56.2,54.5,23.7,2400.02048,0.8487,0x0,12,3
2026-03-28T13:29:01.644021,56.2,53.0,24.0,2400.033792,0.8487,0x0,12,0
2026-03-28T13:29:02.666847,56.75,60.4,24.0,2400.033792,0.8487,0x0,12,1
2026-03-28T13:29:03.685294,56.75,52.0,24.3,2400.027136,0.8487,0x0,12,3
2026-03-28T13:29:04.703845,57.3,50.9,24.0,2400.027136,0.8487,0x0,12,3
2026-03-28T13:29:05.722948,55.65,53.1,24.0,2400.033792,0.8487,0x0,12,1
2026-03-28T13:29:06.741092,57.85,54.3,23.7,2400.027136,0.8487,0x0,12,3
2026-03-28T13:29:07.771491,57.3,57.8,23.7,2400.023808,0.8487,0x0,12,1
2026-03-28T13:29:08.793780,55.1,51.9,23.6,2400.030464,0.8487,0x0,12,1
2026-03-28T13:29:09.813399,56.2,47.7,23.5,2400.033792,0.8487,0x0,12,3
2026-03-28T13:29:10.839510,56.75,54.7,23.8,2400.030464,0.8487,0x0,12,3
2026-03-28T13:29:11.860396,56.75,52.7,23.6,2400.027136,0.8487,0x0,12,2
2026-03-28T13:29:12.888168,55.65,55.3,23.5,2400.03712,0.8487,0x0,12,1
2026-03-28T13:29:13.906140,55.65,53.2,23.8,2400.033792,0.8487,0x0,12,2
2026-03-28T13:29:14.924517,55.65,51.5,23.9,2400.030464,0.8487,0x0,12,1
2026-03-28T13:29:15.942818,55.65,54.7,23.8,2400.030464,0.8487,0x0,12,1
2026-03-28T13:29:16.960901,55.65,53.2,23.8,2400.033792,0.8487,0x0,12,1
2026-03-28T13:29:17.981051,55.65,51.5,23.9,2400.023808,0.8487,0x0,12,1
2026-03-28T13:29:19.000279,55.65,52.5,23.8,2400.027136,0.8487,0x0,12,3
2026-03-28T13:29:20.022278,56.75,54.1,23.7,2400.017408,0.8487,0x0,12,4
2026-03-28T13:29:21.050718,57.3,53.5,23.6,2400.033792,0.8487,0x0,12,1
2026-03-28T13:29:22.072130,57.3,52.5,23.4,2400.027136,0.8487,0x0,12,1
2026-03-28T13:29:23.107859,55.65,60.4,23.7,2400.027136,0.8487,0x0,13,2
2026-03-28T13:29:24.135645,56.2,53.7,23.8,2400.023808,0.8487,0x0,12,1
2026-03-28T13:29:25.156897,55.65,52.5,23.7,2400.02048,0.8487,0x0,12,3
2026-03-28T13:29:26.176312,56.2,52.7,23.6,2400.023808,0.8487,0x0,12,1
2026-03-28T13:29:27.196259,57.3,52.4,23.4,2400.017408,0.8487,0x0,12,1
2026-03-28T13:29:28.215167,55.65,56.5,23.4,2400.033792,0.8487,0x0,12,3
2026-03-28T13:29:29.238038,55.1,52.4,23.4,2400.030464,0.8487,0x0,12,1
2026-03-28T13:29:30.259950,56.2,53.2,23.5,2400.033792,0.8487,0x0,12,1
2026-03-28T13:29:31.280921,56.75,53.4,23.5,2400.02048,0.8487,0x0,12,1
2026-03-28T13:29:32.299946,57.3,52.7,23.5,2400.033792,0.8487,0x0,12,4
2026-03-28T13:29:33.319220,56.2,52.9,23.6,2400.03712,0.8487,0x0,12,1
2026-03-28T13:29:34.338096,56.75,52.6,24.0,2400.030464,0.8487,0x0,12,1
2026-03-28T13:29:35.359870,58.4,51.8,24.1,2400.033792,0.8487,0x0,12,3
2026-03-28T13:29:36.378856,57.3,53.3,24.0,2400.030464,0.8487,0x0,12,1
2026-03-28T13:29:37.399944,56.2,52.4,23.7,2400.033792,0.8487,0x0,12,2
2026-03-28T13:29:38.418815,56.75,54.2,23.6,2400.023808,0.8487,0x0,12,3
2026-03-28T13:29:39.439426,57.85,51.3,23.6,2400.023808,0.8487,0x0,12,1
2026-03-28T13:29:40.464625,57.3,61.2,24.0,2400.033792,0.8487,0x0,12,2
2026-03-28T13:29:41.490437,55.1,64.3,24.3,2400.023808,0.8487,0x0,12,2
2026-03-28T13:29:42.517077,56.2,62.2,24.2,2400.02048,0.8487,0x0,12,3
2026-03-28T13:29:43.537331,56.75,65.0,23.9,2400.017408,0.8487,0x0,12,1
2026-03-28T13:29:44.559006,56.75,63.2,23.7,2400.030464,0.8487,0x0,12,1
2026-03-28T13:29:45.595127,57.3,57.2,23.6,2400.023808,0.8487,0x0,12,3
2026-03-28T13:29:46.614170,56.75,68.4,23.8,2400.023808,0.8487,0x0,12,1
2026-03-28T13:29:47.633755,57.3,65.3,23.6,2400.027136,0.8487,0x0,12,0
2026-03-28T13:29:48.652727,55.65,85.3,23.9,2400.03712,0.8487,0x0,12,2
2026-03-28T13:29:49.785160,56.2,61.8,24.2,2400.02048,0.8487,0x0,12,1
2026-03-28T13:29:50.803384,58.95,73.9,24.8,2400.023808,0.8487,0x0,12,1
2026-03-28T13:29:51.830479,58.4,79.3,24.8,2400.03712,0.8487,0x0,12,3
2026-03-28T13:29:52.854317,57.85,81.1,24.7,2400.033792,0.8487,0x0,12,2
2026-03-28T13:29:53.882553,57.85,83.0,25.2,2400.02048,0.8487,0x0,12,1
2026-03-28T13:29:54.904625,56.75,79.0,25.3,2400.023808,0.8487,0x0,12,1
2026-03-28T13:29:55.933068,58.4,80.7,25.4,2400.023808,0.8487,0x0,12,1
2026-03-28T13:29:56.957462,58.95,84.5,25.2,2400.030464,0.8487,0x0,12,3
2026-03-28T13:29:57.988349,58.95,87.5,25.2,2400.03712,0.8487,0x0,12,2
2026-03-28T13:29:59.126576,58.4,82.3,25.4,2400.033792,0.8487,0x0,12,1
2026-03-28T13:30:00.146318,58.95,57.8,25.4,2400.02048,0.8487,0x0,12,4
2026-03-28T13:30:01.173306,57.3,55.9,25.5,2400.033792,0.8487,0x0,12,1
2026-03-28T13:30:02.196762,55.65,56.3,25.4,2400.027136,0.8487,0x0,12,2
2026-03-28T13:30:03.221280,56.75,55.0,25.4,2400.030464,0.8487,0x0,12,1
2026-03-28T13:30:04.243710,56.75,53.2,25.3,2400.030464,0.8487,0x0,12,2
2026-03-28T13:30:05.270946,59.5,83.7,25.6,2400.027136,0.8487,0x0,12,1
2026-03-28T13:30:06.298213,58.4,86.6,25.7,2400.033792,0.8487,0x0,12,2
2026-03-28T13:30:07.326988,58.4,83.6,25.6,2400.02048,0.8487,0x0,12,1
2026-03-28T13:30:08.364899,58.95,81.3,25.7,2400.027136,0.8487,0x0,12,3
2026-03-28T13:30:09.398967,57.3,87.3,26.1,2400.03712,0.8487,0x0,12,1
2026-03-28T13:30:10.525802,58.4,86.1,26.0,2400.030464,0.8487,0x0,12,1
2026-03-28T13:30:11.655742,58.4,74.7,26.2,2400.02048,0.8487,0x0,12,1
2026-03-28T13:30:12.675462,58.95,63.3,26.2,2400.033792,0.8487,0x0,12,1
2026-03-28T13:30:13.697010,58.95,66.0,26.2,2400.023808,0.8487,0x0,12,3
2026-03-28T13:30:14.718217,58.4,54.4,26.2,2400.027136,0.8487,0x0,12,3
2026-03-28T13:30:15.738241,58.4,59.9,26.4,2400.033792,0.8487,0x0,12,1
2026-03-28T13:30:16.756533,57.85,69.4,26.3,2400.027136,0.8487,0x0,12,1
2026-03-28T13:30:17.776345,57.85,63.0,26.2,2400.027136,0.8487,0x0,12,3
2026-03-28T13:30:18.802922,57.85,59.5,26.4,2400.030464,0.8487,0x0,12,1
2026-03-28T13:30:19.825876,58.95,65.1,26.0,2400.033792,0.8487,0x0,12,2
2026-03-28T13:30:20.851657,57.3,61.7,26.0,2400.02048,0.8487,0x0,12,1
2026-03-28T13:30:21.872443,57.3,56.6,25.9,2400.03712,0.8487,0x0,12,3
2026-03-28T13:30:22.892466,57.3,58.9,25.6,2400.02048,0.8487,0x0,12,1
2026-03-28T13:30:23.909880,57.85,53.6,25.7,2400.030464,0.8487,0x0,12,1
2026-03-28T13:30:24.928324,57.85,56.6,25.9,2400.02048,0.8487,0x0,12,1
2026-03-28T13:30:25.948589,57.3,53.4,26.0,2400.027136,0.8487,0x0,12,1
2026-03-28T13:30:26.976151,58.4,53.6,25.7,2400.02048,0.8487,0x0,12,4
2026-03-28T13:30:28.093025,57.3,61.8,25.6,2400.02048,0.8487,0x0,12,1
2026-03-28T13:30:29.121487,57.85,53.0,25.5,2400.027136,0.8487,0x0,12,3
2026-03-28T13:30:30.142107,58.4,53.4,25.6,2400.027136,0.8487,0x0,12,1
2026-03-28T13:30:31.164987,57.85,57.8,25.8,2400.023808,0.8487,0x0,12,1
2026-03-28T13:30:32.188774,56.75,57.5,26.0,2400.027136,0.8487,0x0,12,3
2026-03-28T13:30:33.212616,57.3,53.8,25.8,2400.023808,0.8487,0x0,12,1
2026-03-28T13:30:34.233059,57.3,53.6,25.7,2400.023808,0.8487,0x0,12,3
2026-03-28T13:30:35.255001,57.3,61.4,25.5,2400.027136,0.8487,0x0,12,1
2026-03-28T13:30:36.274158,57.85,56.0,25.6,2400.02048,0.8487,0x0,12,1
2026-03-28T13:30:37.291954,57.85,52.1,25.5,2400.030464,0.8487,0x0,12,3
2026-03-28T13:30:38.315774,58.4,57.4,25.3,2400.033792,0.8487,0x0,12,3
2026-03-28T13:30:39.335351,57.3,55.3,25.3,2400.023808,0.8487,0x0,12,1
2026-03-28T13:30:40.355437,58.95,52.3,25.4,2400.030464,0.8487,0x0,12,2
2026-03-28T13:30:41.375361,57.85,55.4,25.4,2400.030464,0.8487,0x0,12,1
2026-03-28T13:30:42.400873,55.65,57.7,25.6,2400.030464,0.8487,0x0,12,1
2026-03-28T13:30:43.419896,57.3,50.7,25.7,2400.03712,0.8487,0x0,12,1
2026-03-28T13:30:44.445869,58.4,60.0,25.4,2400.023808,0.8487,0x0,12,1
2026-03-28T13:30:45.472294,56.75,60.2,25.5,2400.023808,0.8487,0x0,12,1
2026-03-28T13:30:46.501618,57.3,53.5,25.2,2400.023808,0.8487,0x0,12,1
2026-03-28T13:30:47.520824,57.3,52.5,25.2,2400.033792,0.8487,0x0,12,1
2026-03-28T13:30:48.540844,58.4,55.2,25.1,2400.02048,0.8487,0x0,12,1
2026-03-28T13:30:49.565270,57.3,58.6,25.2,2400.023808,0.8487,0x0,12,1
2026-03-28T13:30:50.591154,57.85,57.4,25.3,2400.023808,0.8487,0x0,12,3
2026-03-28T13:30:51.621682,57.85,58.4,25.4,2400.02048,0.8487,0x0,12,1
2026-03-28T13:30:52.643659,58.4,61.8,25.5,2400.027136,0.8487,0x0,12,1
2026-03-28T13:30:53.666447,56.75,55.0,25.4,2400.027136,0.8487,0x0,12,1
2026-03-28T13:30:54.685748,56.75,51.9,25.3,2400.03712,0.8487,0x0,12,1
2026-03-28T13:30:55.704550,56.75,58.0,25.2,2400.033792,0.8487,0x0,12,3
2026-03-28T13:30:56.722803,56.75,56.2,25.2,2400.033792,0.8487,0x0,12,1
2026-03-28T13:30:57.746808,56.75,52.4,25.2,2400.033792,0.8487,0x0,12,1
2026-03-28T13:30:58.765287,57.3,54.3,25.2,2400.030464,0.8487,0x0,12,1
2026-03-28T13:30:59.782322,56.75,57.1,25.4,2400.023808,0.8487,0x0,12,1
2026-03-28T13:31:00.802772,57.3,53.7,25.7,2400.03712,0.8487,0x0,12,1
2026-03-28T13:31:01.823417,57.3,56.6,25.5,2400.023808,0.8487,0x0,12,3
2026-03-28T13:31:02.844326,56.2,60.7,25.3,2400.02048,0.8487,0x0,12,3
2026-03-28T13:31:03.870630,56.75,59.9,25.4,2400.023808,0.8487,0x0,12,1
2026-03-28T13:31:04.890053,56.75,52.6,25.7,2400.027136,0.8487,0x0,12,1
2026-03-28T13:31:05.909314,58.4,55.3,25.8,2400.023808,0.8487,0x0,12,1
2026-03-28T13:31:06.929954,58.4,56.5,25.5,2400.033792,0.8487,0x0,12,3
2026-03-28T13:31:07.949211,58.4,52.6,25.4,2400.030464,0.8487,0x0,12,1
2026-03-28T13:31:08.969235,56.2,55.4,25.1,2400.02048,0.8487,0x0,12,3
2026-03-28T13:31:09.989715,57.85,59.6,25.2,2400.027136,0.8487,0x0,12,1
2026-03-28T13:31:11.010272,58.4,56.4,25.2,2400.02048,0.8487,0x0,12,1
2026-03-28T13:31:12.031307,55.65,69.5,25.1,2400.023808,0.8487,0x0,12,1
2026-03-28T13:31:13.050852,57.85,56.8,25.2,2400.03712,0.8487,0x0,12,1
2026-03-28T13:31:14.074296,57.3,61.4,25.4,2400.027136,0.8487,0x0,12,3
2026-03-28T13:31:15.098964,57.3,56.8,25.5,2400.03712,0.8487,0x0,12,2
2026-03-28T13:31:16.121130,56.75,81.5,25.2,2400.033792,0.8487,0x0,12,1
2026-03-28T13:31:17.147798,57.3,81.9,25.4,2400.033792,0.8487,0x0,12,2
2026-03-28T13:31:18.184348,59.5,80.6,25.5,2400.023808,0.8487,0x0,12,3
2026-03-28T13:31:19.312209,56.75,67.5,25.4,2400.033792,0.8487,0x0,12,2
2026-03-28T13:31:20.334009,57.85,59.8,25.3,2400.033792,0.8487,0x0,12,4
2026-03-28T13:31:21.353102,55.65,59.6,25.3,2400.03712,0.8487,0x0,12,2
2026-03-28T13:31:22.375080,57.85,62.7,25.1,2400.033792,0.8487,0x0,12,1
2026-03-28T13:31:23.410658,56.2,57.7,25.3,2400.033792,0.8487,0x0,12,3
2026-03-28T13:31:24.430300,56.75,52.6,25.1,2400.023808,0.8487,0x0,12,2
2026-03-28T13:31:25.451847,57.3,57.5,24.9,2400.033792,0.8487,0x0,12,1
2026-03-28T13:31:26.469456,56.2,56.6,24.9,2400.030464,0.8487,0x0,12,1
2026-03-28T13:31:27.488582,57.3,54.3,24.8,2400.017408,0.8487,0x0,12,1
2026-03-28T13:31:28.509512,56.75,55.4,24.7,2400.023808,0.8487,0x0,12,2
2026-03-28T13:31:29.527494,56.75,53.7,24.6,2400.02048,0.8487,0x0,12,3
2026-03-28T13:31:30.550236,56.75,60.5,24.9,2400.030464,0.8487,0x0,12,1
2026-03-28T13:31:31.571778,57.3,54.6,24.9,2400.030464,0.8487,0x0,12,2
2026-03-28T13:31:32.595780,57.3,63.9,25.2,2400.02048,0.8487,0x0,12,3
2026-03-28T13:31:33.618558,55.1,59.9,25.1,2400.030464,0.8487,0x0,12,3
2026-03-28T13:31:34.644120,56.75,63.9,25.2,2400.030464,0.8487,0x0,12,1
2026-03-28T13:31:35.661675,58.4,60.5,25.3,2400.030464,0.8487,0x0,12,1
2026-03-28T13:31:36.688912,57.85,57.6,25.4,2400.027136,0.8487,0x0,12,3
2026-03-28T13:31:37.710473,56.75,60.8,25.3,2400.033792,0.8487,0x0,12,2
2026-03-28T13:31:38.832486,57.3,59.5,25.6,2400.02048,0.8487,0x0,12,4
2026-03-28T13:31:39.856762,57.3,53.3,25.5,2400.02048,0.8487,0x0,12,2
2026-03-28T13:31:40.879598,57.3,68.2,25.1,2400.02048,0.8487,0x0,12,1
2026-03-28T13:31:41.905110,56.75,57.2,25.0,2400.030464,0.8487,0x0,12,4
2026-03-28T13:31:42.923555,57.3,60.8,24.9,2400.030464,0.8487,0x0,12,2
2026-03-28T13:31:43.954801,55.65,65.7,25.1,2400.027136,0.8487,0x0,12,3
2026-03-28T13:31:44.979303,57.85,69.6,25.2,2400.02048,0.8487,0x0,12,1
2026-03-28T13:31:46.106615,58.4,82.0,25.4,2400.02048,0.8487,0x0,12,2
2026-03-28T13:31:47.131805,57.3,86.0,25.6,2400.030464,0.8487,0x0,12,1
2026-03-28T13:31:48.258600,58.4,76.9,25.7,2400.033792,0.8487,0x0,12,1
2026-03-28T13:31:49.281145,57.3,55.2,25.5,2400.033792,0.8487,0x0,12,3
2026-03-28T13:31:50.299981,58.4,61.5,25.4,2400.02048,0.8487,0x0,12,1
2026-03-28T13:31:51.320235,58.4,71.1,25.4,2400.023808,0.8487,0x0,12,1
2026-03-28T13:31:52.342408,56.75,63.3,25.5,2400.03712,0.8487,0x0,12,2
2026-03-28T13:31:53.372540,56.75,70.4,25.4,2400.027136,0.8487,0x0,12,1
2026-03-28T13:31:54.398008,56.75,64.4,25.4,2400.033792,0.8487,0x0,12,1
2026-03-28T13:31:55.422190,57.3,62.9,25.4,2400.02048,0.8487,0x0,12,1
2026-03-28T13:31:56.448746,56.75,62.3,25.5,2400.023808,0.8487,0x0,12,1
2026-03-28T13:31:57.467521,57.85,60.5,25.7,2400.03712,0.8487,0x0,12,2
2026-03-28T13:31:58.493139,55.1,64.0,25.7,2400.023808,0.8487,0x0,12,1
2026-03-28T13:31:59.621971,57.85,59.7,25.4,2400.027136,0.8487,0x0,12,3
2026-03-28T13:32:00.646752,56.2,59.7,25.7,2400.03712,0.8487,0x0,12,3
2026-03-28T13:32:01.769704,56.75,65.5,25.9,2400.02048,0.8487,0x0,12,1
2026-03-28T13:32:02.789205,56.2,63.8,25.8,2400.033792,0.8487,0x0,12,3
2026-03-28T13:32:03.818206,57.3,66.7,25.7,2400.03712,0.8487,0x0,12,1
2026-03-28T13:32:04.837947,58.4,74.2,25.5,2400.027136,0.8487,0x0,12,1
2026-03-28T13:32:05.859027,57.3,71.7,25.4,2400.027136,0.8487,0x0,12,3
2026-03-28T13:32:06.885708,57.85,66.9,25.3,2400.02048,0.8487,0x0,12,1
2026-03-28T13:32:07.909002,57.85,58.3,25.2,2400.033792,0.8487,0x0,12,1
2026-03-28T13:32:08.932047,56.75,57.1,25.3,2400.033792,0.8487,0x0,12,1
2026-03-28T13:32:09.952672,57.85,52.9,25.3,2400.033792,0.8487,0x0,12,2
2026-03-28T13:32:10.977199,56.75,63.3,25.8,2400.02048,0.8487,0x0,12,1
2026-03-28T13:32:12.016275,58.4,59.4,25.7,2400.027136,0.8487,0x0,12,2
2026-03-28T13:32:13.038570,56.2,57.0,25.4,2400.02048,0.8487,0x0,12,4
2026-03-28T13:32:14.061479,56.75,57.5,25.2,2400.027136,0.8487,0x0,12,1
2026-03-28T13:32:15.085971,57.3,72.3,25.4,2400.030464,0.8487,0x0,12,1
2026-03-28T13:32:16.117570,56.75,72.1,25.4,2400.02048,0.8487,0x0,12,3
2026-03-28T13:32:17.135790,57.85,54.1,25.3,2400.023808,0.8487,0x0,12,1
2026-03-28T13:32:18.155895,56.75,59.0,25.6,2400.033792,0.8487,0x0,12,4
2026-03-28T13:32:19.186513,57.3,57.2,25.7,2400.02048,0.8487,0x0,12,1
2026-03-28T13:32:20.210200,56.75,54.0,25.5,2400.027136,0.8487,0x0,12,1
2026-03-28T13:32:21.232075,57.85,68.5,25.5,2400.023808,0.8487,0x0,12,2
2026-03-28T13:32:22.249447,57.85,63.6,25.7,2400.033792,0.8487,0x0,12,0
2026-03-28T13:32:23.277598,58.4,68.6,25.5,2400.033792,0.8487,0x0,12,2
2026-03-28T13:32:24.297648,56.75,54.1,25.4,2400.027136,0.8487,0x0,12,1
2026-03-28T13:32:25.317640,56.75,54.4,25.4,2400.017408,0.8487,0x0,12,1
2026-03-28T13:32:26.336748,56.75,62.5,25.2,2400.02048,0.8487,0x0,12,1
2026-03-28T13:32:27.357319,58.4,68.4,25.6,2400.030464,0.8487,0x0,12,1
2026-03-28T13:32:28.381997,57.3,74.1,25.5,2400.027136,0.8487,0x0,12,1
2026-03-28T13:32:29.416371,56.75,62.9,25.5,2400.033792,0.8487,0x0,12,1
2026-03-28T13:32:30.440922,56.75,76.9,25.9,2400.033792,0.8487,0x0,12,2
2026-03-28T13:32:31.464615,57.3,65.2,25.6,2400.02048,0.8487,0x0,12,3
2026-03-28T13:32:32.485550,56.75,61.2,25.6,2400.030464,0.8487,0x0,12,2
2026-03-28T13:32:33.507545,57.85,68.0,25.5,2400.027136,0.8487,0x0,12,1
2026-03-28T13:32:34.536146,58.4,67.4,25.6,2400.033792,0.8487,0x0,12,1
2026-03-28T13:32:35.555646,56.75,66.4,25.5,2400.023808,0.8487,0x0,12,1
2026-03-28T13:32:36.576566,55.65,66.7,25.6,2400.033792,0.8487,0x0,12,3
2026-03-28T13:32:37.596453,58.4,66.5,25.6,2400.033792,0.8487,0x0,12,3
2026-03-28T13:32:38.618962,57.3,71.9,25.8,2400.033792,0.8487,0x0,12,1
2026-03-28T13:32:39.641362,57.85,69.2,25.9,2400.023808,0.8487,0x0,12,3
2026-03-28T13:32:40.671648,57.3,63.8,26.1,2400.027136,0.8487,0x0,12,3
2026-03-28T13:32:41.694746,56.75,73.7,26.1,2400.02048,0.8487,0x0,12,1
2026-03-28T13:32:42.716493,56.75,65.9,25.8,2400.03712,0.8487,0x0,12,1
2026-03-28T13:32:43.734225,56.75,65.5,25.7,2400.03712,0.8487,0x0,12,1
2026-03-28T13:32:44.753400,56.75,67.0,25.7,2400.030464,0.8487,0x0,12,4
2026-03-28T13:32:45.778856,57.3,70.2,25.9,2400.017408,0.8487,0x0,12,2
2026-03-28T13:32:46.804308,58.4,69.6,25.9,2400.033792,0.8487,0x0,12,1
2026-03-28T13:32:47.831689,58.4,68.3,26.1,2400.02048,0.8487,0x0,12,1
2026-03-28T13:32:48.850366,58.95,71.4,25.8,2400.023808,0.8487,0x0,12,3
2026-03-28T13:32:49.871146,55.65,67.3,25.8,2400.02048,0.8487,0x0,12,2
2026-03-28T13:32:50.895859,56.75,66.9,25.8,2400.02048,0.8487,0x0,12,3
2026-03-28T13:32:51.918783,58.4,62.7,25.8,2400.02048,0.8487,0x0,12,2
2026-03-28T13:32:52.948365,58.4,63.1,25.9,2400.033792,0.8487,0x0,12,1
2026-03-28T13:32:53.970215,57.85,66.2,25.9,2400.03712,0.8487,0x0,12,1
2026-03-28T13:32:54.989624,57.3,64.4,25.8,2400.033792,0.8487,0x0,12,3
2026-03-28T13:32:56.114333,56.75,57.9,26.3,2400.033792,0.8487,0x0,12,3
2026-03-28T13:32:57.133940,57.3,62.8,26.3,2400.027136,0.8487,0x0,12,3
2026-03-28T13:32:58.166859,58.4,57.5,26.4,2400.023808,0.8487,0x0,12,0
2026-03-28T13:32:59.195541,57.3,60.3,26.2,2400.023808,0.8487,0x0,12,1
2026-03-28T13:33:00.215691,58.4,63.5,26.3,2400.027136,0.8487,0x0,12,2
2026-03-28T13:33:01.237831,56.75,53.4,26.0,2400.023808,0.8487,0x0,12,2
2026-03-28T13:33:02.264322,56.75,58.2,26.0,2400.027136,0.8487,0x0,12,1
2026-03-28T13:33:03.287036,56.2,54.3,26.3,2400.023808,0.8487,0x0,12,3
2026-03-28T13:33:04.305826,57.85,53.3,26.2,2400.033792,0.8487,0x0,12,4
2026-03-28T13:33:05.331543,56.75,56.7,26.0,2400.02048,0.8487,0x0,12,2
2026-03-28T13:33:06.357836,57.3,58.9,25.8,2400.027136,0.8487,0x0,12,2
2026-03-28T13:33:07.379801,56.75,50.5,25.7,2400.03712,0.8487,0x0,12,1
2026-03-28T13:33:08.401887,56.75,57.8,25.6,2400.030464,0.8487,0x0,12,1
2026-03-28T13:33:09.420886,58.4,58.8,25.5,2400.030464,0.8487,0x0,12,3
2026-03-28T13:33:10.444837,56.75,71.5,25.6,2400.027136,0.8487,0x0,12,3
2026-03-28T13:33:11.464920,56.75,61.6,25.7,2400.02048,0.8487,0x0,12,1
2026-03-28T13:33:12.485091,58.4,62.8,25.7,2400.033792,0.8487,0x0,12,1
2026-03-28T13:33:13.505482,56.75,62.5,25.7,2400.017408,0.8487,0x0,12,1
2026-03-28T13:33:14.532826,58.4,63.5,25.6,2400.023808,0.8487,0x0,12,1
2026-03-28T13:33:15.552297,57.85,65.0,25.5,2400.030464,0.8487,0x0,12,1
2026-03-28T13:33:16.575634,57.3,57.9,25.5,2400.03712,0.8487,0x0,12,3
2026-03-28T13:33:17.601403,56.75,62.9,25.4,2400.02048,0.8487,0x0,12,1
2026-03-28T13:33:18.622324,56.75,63.5,25.5,2400.02048,0.8487,0x0,12,1
2026-03-28T13:33:19.641403,57.3,56.0,25.6,2400.03712,0.8487,0x0,12,1
2026-03-28T13:33:20.661579,57.3,68.6,25.9,2400.033792,0.8487,0x0,12,4
2026-03-28T13:33:21.683888,57.85,68.4,26.0,2400.030464,0.8487,0x0,12,1
2026-03-28T13:33:22.710466,57.3,55.3,25.7,2400.030464,0.8487,0x0,12,1
2026-03-28T13:33:23.745565,57.3,69.4,25.7,2400.033792,0.8487,0x0,12,1
2026-03-28T13:33:24.778992,57.85,74.5,25.7,2400.033792,0.8487,0x0,13,1
2026-03-28T13:33:25.820003,57.3,64.3,25.6,2400.030464,0.8487,0x0,12,2
2026-03-28T13:33:26.844402,56.2,57.8,25.6,2400.027136,0.8487,0x0,12,1
2026-03-28T13:33:27.865980,57.3,55.2,25.7,2400.017408,0.8487,0x0,12,1
2026-03-28T13:33:28.887651,57.85,55.2,25.6,2400.030464,0.8487,0x0,12,4
2026-03-28T13:33:29.914083,55.65,59.3,25.5,2400.027136,0.8487,0x0,12,3
2026-03-28T13:33:30.938743,57.3,68.6,25.5,2400.02048,0.8487,0x0,12,2
2026-03-28T13:33:31.964456,57.85,70.9,25.7,2400.033792,0.8487,0x0,12,3
2026-03-28T13:33:32.982876,57.85,56.9,25.7,2400.033792,0.8487,0x0,12,4
2026-03-28T13:33:34.009965,55.65,54.7,26.1,2400.02048,0.8487,0x0,12,1
2026-03-28T13:33:35.032726,56.2,53.2,26.1,2400.023808,0.8487,0x0,12,2
2026-03-28T13:33:36.053438,56.2,57.6,26.0,2400.023808,0.8487,0x0,12,1
2026-03-28T13:33:37.072255,54.55,55.6,26.0,2400.033792,0.8487,0x0,12,1
2026-03-28T13:33:38.095045,56.75,56.0,26.1,2400.02048,0.8487,0x0,12,1
2026-03-28T13:33:39.121495,57.85,57.4,25.7,2400.027136,0.8487,0x0,12,1
2026-03-28T13:33:40.145283,57.3,64.8,25.6,2400.02048,0.8487,0x0,12,2
2026-03-28T13:33:41.166916,56.2,56.4,25.6,2400.03712,0.8487,0x0,12,3
2026-03-28T13:33:42.185748,56.75,55.3,25.5,2400.033792,0.8487,0x0,12,1
2026-03-28T13:33:43.205737,56.2,54.7,25.5,2400.03712,0.8487,0x0,12,1
2026-03-28T13:33:44.224175,56.75,56.6,25.7,2400.027136,0.8487,0x0,12,1
2026-03-28T13:33:45.245995,56.2,53.6,26.0,2400.03712,0.8487,0x0,12,3
2026-03-28T13:33:46.269461,57.85,53.9,25.8,2400.027136,0.8487,0x0,12,1
2026-03-28T13:33:47.293633,57.85,56.4,25.7,2400.033792,0.8487,0x0,12,2
2026-03-28T13:33:48.318996,56.75,63.5,25.9,2400.030464,0.8487,0x0,12,1
2026-03-28T13:33:49.344727,57.3,57.2,26.3,2400.027136,0.8487,0x0,12,1
2026-03-28T13:33:50.367470,56.75,57.4,26.2,2400.02048,0.8487,0x0,12,1
2026-03-28T13:33:51.395352,57.3,62.0,26.0,2400.03712,0.8487,0x0,12,1
2026-03-28T13:33:52.416412,56.75,61.8,25.8,2400.030464,0.8487,0x0,12,1
2026-03-28T13:33:53.442881,56.75,60.9,25.8,2400.023808,0.8487,0x0,12,1
2026-03-28T13:33:54.460860,56.2,59.4,25.5,2400.03712,0.8487,0x0,12,2
2026-03-28T13:33:55.480394,56.75,57.5,25.7,2400.027136,0.8487,0x0,12,2
2026-03-28T13:33:56.508861,56.75,56.3,25.7,2400.023808,0.8487,0x0,12,2
2026-03-28T13:33:57.527578,57.3,54.2,25.6,2400.02048,0.8487,0x0,12,4
2026-03-28T13:33:58.546754,56.75,57.5,25.7,2400.027136,0.8487,0x0,12,1
2026-03-28T13:33:59.567195,56.75,52.2,25.6,2400.033792,0.8487,0x0,12,2
2026-03-28T13:34:00.588867,56.75,54.7,25.6,2400.030464,0.8487,0x0,12,1
2026-03-28T13:34:01.608831,57.85,59.4,25.7,2400.017408,0.8487,0x0,12,3
2026-03-28T13:34:02.631292,58.4,57.7,25.7,2400.033792,0.8487,0x0,12,1
2026-03-28T13:34:03.650039,56.2,53.9,25.9,2400.02048,0.8487,0x0,12,1
2026-03-28T13:34:04.667926,58.4,53.4,25.9,2400.023808,0.8487,0x0,12,1
2026-03-28T13:34:05.686922,57.85,60.1,26.0,2400.027136,0.8487,0x0,12,1
2026-03-28T13:34:06.706651,55.1,56.2,25.7,2400.030464,0.8487,0x0,12,1
2026-03-28T13:34:07.726398,57.3,58.2,25.7,2400.027136,0.8487,0x0,12,2
2026-03-28T13:34:08.754696,57.3,65.2,25.6,2400.030464,0.8487,0x0,12,3
2026-03-28T13:34:09.776929,57.85,54.1,25.9,2400.033792,0.8487,0x0,12,1
2026-03-28T13:34:10.795415,55.65,55.2,25.6,2400.027136,0.8487,0x0,12,2
2026-03-28T13:34:11.814740,56.75,58.9,25.5,2400.030464,0.8487,0x0,12,4
2026-03-28T13:34:12.836621,57.85,65.9,25.8,2400.033792,0.8487,0x0,12,1
2026-03-28T13:34:13.855604,57.85,55.1,25.6,2400.033792,0.8487,0x0,12,1
2026-03-28T13:34:14.877450,57.3,52.8,25.7,2400.030464,0.8487,0x0,12,1
2026-03-28T13:34:15.898155,58.4,59.5,25.7,2400.023808,0.8487,0x0,12,3
2026-03-28T13:34:16.916435,57.3,55.7,25.9,2400.027136,0.8487,0x0,12,2
2026-03-28T13:34:17.939709,56.2,53.8,25.7,2400.023808,0.8487,0x0,12,1
2026-03-28T13:34:18.960224,58.4,55.6,25.6,2400.033792,0.8487,0x0,12,1
2026-03-28T13:34:19.986911,56.75,58.6,25.5,2400.030464,0.8487,0x0,12,1
2026-03-28T13:34:21.005504,56.2,57.2,25.4,2400.027136,0.8487,0x0,12,1
2026-03-28T13:34:22.022521,57.3,61.3,25.8,2400.02048,0.8487,0x0,12,3
2026-03-28T13:34:23.046232,57.85,56.1,25.8,2400.027136,0.8487,0x0,12,1
2026-03-28T13:34:24.064594,55.65,58.0,25.9,2400.033792,0.8487,0x0,12,1
2026-03-28T13:34:25.086087,57.85,55.0,25.8,2400.023808,0.8487,0x0,12,1
2026-03-28T13:34:26.112561,57.85,60.0,26.0,2400.030464,0.8487,0x0,12,2
2026-03-28T13:34:27.134697,57.3,61.3,25.9,2400.030464,0.8487,0x0,12,3
2026-03-28T13:34:28.160710,57.85,53.8,25.6,2400.02048,0.8487,0x0,12,1
2026-03-28T13:34:29.180638,58.4,54.1,25.6,2400.033792,0.8487,0x0,12,1
2026-03-28T13:34:30.202781,55.65,59.2,25.5,2400.033792,0.8487,0x0,12,2
2026-03-28T13:34:31.227449,57.3,58.6,25.7,2400.027136,0.8487,0x0,12,1
2026-03-28T13:34:32.253075,57.85,53.7,25.5,2400.033792,0.8487,0x0,12,1
2026-03-28T13:34:33.275253,57.3,55.2,25.5,2400.02048,0.8487,0x0,12,1
2026-03-28T13:34:34.294633,56.2,58.7,25.5,2400.033792,0.8487,0x0,12,3
2026-03-28T13:34:35.318471,56.2,57.0,25.8,2400.023808,0.8487,0x0,12,2
2026-03-28T13:34:36.347115,56.75,53.6,25.9,2400.03712,0.8487,0x0,12,3
2026-03-28T13:34:37.371021,57.3,64.2,25.9,2400.030464,0.8487,0x0,12,3
2026-03-28T13:34:38.393905,56.75,55.2,25.9,2400.03712,0.8487,0x0,12,2
2026-03-28T13:34:39.412935,57.3,53.4,25.6,2400.02048,0.8487,0x0,12,3
2026-03-28T13:34:40.431933,56.75,57.3,25.7,2400.030464,0.8487,0x0,12,2
2026-03-28T13:34:41.452054,55.65,58.8,25.4,2400.02048,0.8487,0x0,12,3
2026-03-28T13:34:42.477489,56.75,54.4,25.7,2400.023808,0.8487,0x0,12,1
2026-03-28T13:34:43.502436,57.85,54.5,25.7,2400.033792,0.8487,0x0,12,3
2026-03-28T13:34:44.530919,56.2,59.4,25.6,2400.02048,0.8487,0x0,12,1
2026-03-28T13:34:45.550026,57.3,57.3,25.5,2400.033792,0.8487,0x0,12,3
2026-03-28T13:34:46.568339,57.85,54.1,25.4,2400.030464,0.8487,0x0,12,1
2026-03-28T13:34:47.590076,56.2,54.2,25.5,2400.027136,0.8487,0x0,12,2
2026-03-28T13:34:48.609326,56.2,57.9,25.7,2400.033792,0.8487,0x0,12,3
2026-03-28T13:34:49.639098,57.85,65.2,25.8,2400.030464,0.8487,0x0,12,1
2026-03-28T13:34:50.657522,57.85,55.7,26.1,2400.02048,0.8487,0x0,12,1
2026-03-28T13:34:51.677568,56.75,58.5,26.0,2400.023808,0.8487,0x0,12,3
2026-03-28T13:34:52.697185,56.75,56.7,26.0,2400.02048,0.8487,0x0,12,1
2026-03-28T13:34:53.718184,57.3,54.8,25.8,2400.03712,0.8487,0x0,12,3
2026-03-28T13:34:54.738033,56.75,56.8,25.5,2400.02048,0.8487,0x0,12,2
2026-03-28T13:34:55.757333,56.2,59.9,25.5,2400.030464,0.8487,0x0,13,2
2026-03-28T13:34:56.782972,57.85,53.7,25.5,2400.033792,0.8487,0x0,12,1
2026-03-28T13:34:57.802445,57.3,55.1,25.7,2400.030464,0.8487,0x0,12,1
2026-03-28T13:34:58.828508,57.85,58.3,25.9,2400.02048,0.8487,0x0,12,2
2026-03-28T13:34:59.853889,57.3,58.5,25.9,2400.023808,0.8487,0x0,12,1
2026-03-28T13:35:00.873671,55.65,56.2,26.1,2400.030464,0.8487,0x0,12,1
2026-03-28T13:35:01.893324,56.2,55.7,25.7,2400.027136,0.8487,0x0,12,1
2026-03-28T13:35:02.916240,56.75,59.0,25.7,2400.023808,0.8487,0x0,12,1
2026-03-28T13:35:03.937984,57.3,64.6,25.7,2400.027136,0.8487,0x0,12,1
2026-03-28T13:35:04.961831,56.2,61.4,25.8,2400.027136,0.8487,0x0,12,1
2026-03-28T13:35:05.983011,56.75,68.9,25.8,2400.033792,0.8487,0x0,12,1
2026-03-28T13:35:07.001167,56.75,59.4,25.8,2400.02048,0.8487,0x0,12,1
2026-03-28T13:35:08.023971,56.75,54.9,26.1,2400.027136,0.8487,0x0,12,3
2026-03-28T13:35:09.045883,56.75,55.7,26.2,2400.033792,0.8487,0x0,12,2
2026-03-28T13:35:10.067596,56.2,58.5,26.2,2400.023808,0.8487,0x0,12,1
2026-03-28T13:35:11.097703,56.75,56.9,25.9,2400.02048,0.8487,0x0,12,1
2026-03-28T13:35:12.122610,56.75,55.1,25.7,2400.030464,0.8487,0x0,12,1
2026-03-28T13:35:13.144654,56.2,60.1,25.5,2400.033792,0.8487,0x0,12,1
2026-03-28T13:35:14.173262,57.85,65.2,25.7,2400.030464,0.8487,0x0,12,3
2026-03-28T13:35:15.194375,57.85,58.3,25.6,2400.030464,0.8487,0x0,12,1
2026-03-28T13:35:16.217972,58.4,56.9,25.6,2400.033792,0.8487,0x0,12,3
2026-03-28T13:35:17.238714,56.75,56.6,25.9,2400.030464,0.8487,0x0,12,3
2026-03-28T13:35:18.258284,56.75,57.6,25.8,2400.027136,0.8487,0x0,12,2
2026-03-28T13:35:19.280159,55.65,52.0,25.7,2400.027136,0.8487,0x0,12,3
2026-03-28T13:35:20.297819,56.2,55.5,25.8,2400.027136,0.8487,0x0,12,1
2026-03-28T13:35:21.318026,58.4,60.0,25.8,2400.03712,0.8487,0x0,12,1
2026-03-28T13:35:22.339747,57.3,52.0,25.9,2400.030464,0.8487,0x0,12,1
2026-03-28T13:35:23.368619,56.2,53.6,25.7,2400.030464,0.8487,0x0,12,1
2026-03-28T13:35:24.397976,57.85,58.8,25.5,2400.02048,0.8487,0x0,12,1
2026-03-28T13:35:25.419536,56.2,66.3,25.6,2400.027136,0.8487,0x0,12,1
2026-03-28T13:35:26.448984,56.2,64.5,25.7,2400.027136,0.8487,0x0,12,1
2026-03-28T13:35:27.471780,56.75,62.7,25.6,2400.02048,0.8487,0x0,12,3
2026-03-28T13:35:28.496282,56.2,65.0,25.8,2400.02048,0.8487,0x0,12,2
2026-03-28T13:35:29.514720,56.75,57.4,25.5,2400.033792,0.8487,0x0,12,1
2026-03-28T13:35:30.541263,56.75,58.7,25.7,2400.030464,0.8487,0x0,12,3
2026-03-28T13:35:31.565853,56.75,58.7,25.6,2400.030464,0.8487,0x0,12,3
2026-03-28T13:35:32.596581,57.85,67.6,25.6,2400.02048,0.8487,0x0,12,3
2026-03-28T13:35:33.620642,56.75,54.5,25.8,2400.023808,0.8487,0x0,12,1
2026-03-28T13:35:34.642035,57.85,52.7,25.8,2400.027136,0.8487,0x0,12,1
2026-03-28T13:35:35.664031,57.3,60.7,25.6,2400.02048,0.8487,0x0,12,4
2026-03-28T13:35:36.789440,57.3,66.5,25.9,2400.02048,0.8487,0x0,12,1
2026-03-28T13:35:37.810217,57.85,65.4,25.9,2400.030464,0.8487,0x0,12,0
2026-03-28T13:35:38.828476,58.4,61.4,25.8,2400.023808,0.8487,0x0,12,1
2026-03-28T13:35:39.849271,56.2,60.0,25.9,2400.030464,0.8487,0x0,12,1
2026-03-28T13:35:40.876719,57.85,60.0,26.0,2400.033792,0.8487,0x0,12,1
2026-03-28T13:35:41.893609,56.75,61.8,26.1,2400.03712,0.8487,0x0,12,1
2026-03-28T13:35:42.912973,56.75,65.0,26.2,2400.02048,0.8487,0x0,12,1
2026-03-28T13:35:43.942558,56.75,70.8,26.2,2400.027136,0.8487,0x0,12,2
2026-03-28T13:35:44.964847,56.75,60.6,26.1,2400.033792,0.8487,0x0,12,1
2026-03-28T13:35:45.985169,56.75,55.8,26.1,2400.023808,0.8487,0x0,12,3
2026-03-28T13:35:47.010929,57.3,55.9,26.0,2400.02048,0.8487,0x0,12,1
2026-03-28T13:35:48.029885,56.2,59.1,26.0,2400.02048,0.8487,0x0,12,3
2026-03-28T13:35:49.053805,56.2,55.8,26.1,2400.023808,0.8487,0x0,12,1
2026-03-28T13:35:50.073798,58.4,53.8,26.0,2400.030464,0.8487,0x0,12,1
2026-03-28T13:35:51.095731,57.85,60.7,25.9,2400.02048,0.8487,0x0,12,3
2026-03-28T13:35:52.117472,57.3,60.3,26.0,2400.030464,0.8487,0x0,12,1
2026-03-28T13:35:53.143344,56.2,55.4,25.9,2400.027136,0.8487,0x0,12,1
2026-03-28T13:35:54.164072,58.4,57.1,25.8,2400.033792,0.8487,0x0,12,2
2026-03-28T13:35:55.188174,56.2,58.9,25.8,2400.033792,0.8487,0x0,12,3
2026-03-28T13:35:56.211696,57.85,57.1,25.8,2400.027136,0.8487,0x0,12,1
2026-03-28T13:35:57.240244,55.65,53.8,25.9,2400.027136,0.8487,0x0,12,1
2026-03-28T13:35:58.261516,56.75,58.3,25.9,2400.02048,0.8487,0x0,12,1
2026-03-28T13:35:59.281693,57.3,60.7,25.9,2400.027136,0.8487,0x0,12,2
2026-03-28T13:36:00.303932,56.75,54.6,25.9,2400.030464,0.8487,0x0,12,4
2026-03-28T13:36:01.323617,56.2,58.4,26.0,2400.027136,0.8487,0x0,12,2
2026-03-28T13:36:02.346002,57.3,62.0,26.3,2400.03712,0.8487,0x0,12,3
2026-03-28T13:36:03.363248,56.75,56.4,25.9,2400.027136,0.8487,0x0,12,1
2026-03-28T13:36:04.385129,58.4,55.1,25.8,2400.033792,0.8487,0x0,12,1
2026-03-28T13:36:05.401930,57.3,56.7,25.9,2400.033792,0.8487,0x0,12,1
2026-03-28T13:36:06.420388,56.2,58.9,25.9,2400.033792,0.8487,0x0,12,3
2026-03-28T13:36:07.448158,57.85,53.7,25.7,2400.023808,0.8487,0x0,12,1
2026-03-28T13:36:08.470168,56.75,53.1,25.7,2400.03712,0.8487,0x0,12,3
2026-03-28T13:36:09.508412,56.75,60.7,25.9,2400.033792,0.8487,0x0,12,1
2026-03-28T13:36:10.530184,56.75,56.7,26.2,2400.023808,0.8487,0x0,12,1
2026-03-28T13:36:11.549260,56.2,53.7,26.2,2400.030464,0.8487,0x0,12,1
2026-03-28T13:36:12.569221,56.2,56.3,26.3,2400.02048,0.8487,0x0,12,2
2026-03-28T13:36:13.697884,56.75,58.5,26.4,2400.033792,0.8487,0x0,12,2
2026-03-28T13:36:14.716601,56.2,54.1,26.1,2400.027136,0.8487,0x0,12,2
2026-03-28T13:36:15.744559,57.3,57.6,25.8,2400.027136,0.8487,0x0,12,3
2026-03-28T13:36:16.763151,58.4,59.3,25.8,2400.027136,0.8487,0x0,12,2
2026-03-28T13:36:17.786749,57.3,54.4,25.9,2400.017408,0.8487,0x0,12,1
2026-03-28T13:36:18.810203,56.2,55.7,25.8,2400.023808,0.8487,0x0,12,1
2026-03-28T13:36:19.833636,56.2,57.8,25.7,2400.030464,0.8487,0x0,12,2
2026-03-28T13:36:20.857336,56.75,60.0,25.9,2400.023808,0.8487,0x0,12,3
2026-03-28T13:36:21.878016,56.2,55.9,25.7,2400.027136,0.8487,0x0,12,1
2026-03-28T13:36:22.900870,56.75,55.5,25.7,2400.027136,0.8487,0x0,12,1
2026-03-28T13:36:23.923482,57.3,58.8,25.6,2400.033792,0.8487,0x0,12,1
2026-03-28T13:36:24.944774,56.2,56.1,25.8,2400.027136,0.8487,0x0,12,3
2026-03-28T13:36:25.975020,56.2,57.4,25.9,2400.027136,0.8487,0x0,12,0
2026-03-28T13:36:26.996023,58.4,56.2,25.9,2400.027136,0.8487,0x0,12,1
2026-03-28T13:36:28.022995,56.2,59.4,25.9,2400.027136,0.8487,0x0,12,2
2026-03-28T13:36:29.044936,57.3,53.8,25.9,2400.02048,0.8487,0x0,12,1
2026-03-28T13:36:30.063814,57.85,55.1,25.8,2400.027136,0.8487,0x0,12,1
2026-03-28T13:36:31.089205,56.75,67.7,26.1,2400.02048,0.8487,0x0,12,1
2026-03-28T13:36:32.110191,57.3,55.8,26.0,2400.017408,0.8487,0x0,12,3
2026-03-28T13:36:33.130363,56.75,53.0,25.7,2400.027136,0.8487,0x0,12,3
2026-03-28T13:36:34.151840,57.3,56.2,25.7,2400.023808,0.8487,0x0,12,1
2026-03-28T13:36:35.172578,56.2,60.1,25.8,2400.02048,0.8487,0x0,12,3
2026-03-28T13:36:36.195873,56.2,52.8,25.8,2400.023808,0.8487,0x0,12,1
2026-03-28T13:36:37.217940,57.3,54.7,26.0,2400.02048,0.8487,0x0,12,1
2026-03-28T13:36:38.242458,56.75,57.9,26.1,2400.030464,0.8487,0x0,12,2
2026-03-28T13:36:39.268600,55.65,55.5,26.2,2400.033792,0.8487,0x0,12,3
2026-03-28T13:36:40.290069,58.4,55.0,26.3,2400.033792,0.8487,0x0,12,2
2026-03-28T13:36:41.310930,56.2,58.6,26.0,2400.02048,0.8487,0x0,12,3
2026-03-28T13:36:42.332137,55.65,58.3,25.7,2400.02048,0.8487,0x0,12,1
2026-03-28T13:36:43.352093,56.2,53.6,25.6,2400.023808,0.8487,0x0,12,1
2026-03-28T13:36:44.375711,57.85,55.5,25.8,2400.027136,0.8487,0x0,12,1
2026-03-28T13:36:45.403274,56.75,58.1,26.1,2400.03712,0.8487,0x0,12,3
2026-03-28T13:36:46.425308,56.75,58.8,25.8,2400.017408,0.8487,0x0,12,3
2026-03-28T13:36:47.445119,56.2,54.5,25.9,2400.023808,0.8487,0x0,12,3
2026-03-28T13:36:48.465854,56.75,56.1,25.9,2400.030464,0.8487,0x0,12,1
2026-03-28T13:36:49.485008,55.65,59.7,25.8,2400.023808,0.8487,0x0,12,0
2026-03-28T13:36:50.505576,57.3,56.4,25.7,2400.027136,0.8487,0x0,12,3
2026-03-28T13:36:51.529232,56.75,54.9,25.9,2400.033792,0.8487,0x0,12,3
2026-03-28T13:36:52.552539,56.75,59.9,25.9,2400.030464,0.8487,0x0,12,3
2026-03-28T13:36:53.574462,57.85,57.5,26.1,2400.027136,0.8487,0x0,12,3
2026-03-28T13:36:54.593641,56.2,53.8,26.1,2400.030464,0.8487,0x0,12,3
2026-03-28T13:36:55.612664,57.3,57.8,26.1,2400.02048,0.8487,0x0,12,3
2026-03-28T13:36:56.634963,57.3,58.6,26.1,2400.023808,0.8487,0x0,13,3
2026-03-28T13:36:57.761580,57.85,53.8,25.8,2400.023808,0.8487,0x0,13,0
2026-03-28T13:36:58.783103,57.85,55.2,25.6,2400.03712,0.8487,0x0,13,1
2026-03-28T13:36:59.806979,56.75,64.8,25.9,2400.03712,0.8487,0x0,13,1
2026-03-28T13:37:00.827364,57.85,56.8,25.8,2400.02048,0.8487,0x0,13,4
2026-03-28T13:37:01.854525,57.3,55.7,25.6,2400.02048,0.8487,0x0,12,0
2026-03-28T13:37:02.873385,57.85,55.0,25.7,2400.023808,0.8487,0x0,12,3
2026-03-28T13:37:03.897008,55.1,60.7,25.5,2400.02048,0.8487,0x0,12,1
2026-03-28T13:37:04.926117,56.75,55.6,25.6,2400.023808,0.8487,0x0,12,1
2026-03-28T13:37:05.944627,55.65,55.5,25.5,2400.023808,0.8487,0x0,12,3
2026-03-28T13:37:06.961791,56.75,57.8,25.6,2400.03712,0.8487,0x0,12,2
2026-03-28T13:37:07.984449,57.85,57.7,25.8,2400.030464,0.8487,0x0,12,4
2026-03-28T13:37:09.003818,56.2,53.6,25.9,2400.023808,0.8487,0x0,12,0
2026-03-28T13:37:10.029168,57.3,54.9,26.2,2400.02048,0.8487,0x0,12,1
2026-03-28T13:37:11.047311,56.75,61.4,26.1,2400.023808,0.8487,0x0,12,3
2026-03-28T13:37:12.069439,55.65,54.4,25.8,2400.030464,0.8487,0x0,12,1
2026-03-28T13:37:13.086972,56.2,54.1,25.9,2400.033792,0.8487,0x0,12,1
2026-03-28T13:37:14.104808,56.2,56.7,25.8,2400.03712,0.8487,0x0,12,3
2026-03-28T13:37:15.132911,56.75,57.6,25.5,2400.027136,0.8487,0x0,12,3
2026-03-28T13:37:16.160834,56.2,56.8,25.4,2400.03712,0.8487,0x0,12,1
2026-03-28T13:37:17.179796,57.3,58.0,25.4,2400.030464,0.8487,0x0,12,1
2026-03-28T13:37:18.199666,55.65,58.5,25.6,2400.030464,0.8487,0x0,12,1
2026-03-28T13:37:19.325485,57.3,55.4,25.5,2400.027136,0.8487,0x0,12,1
2026-03-28T13:37:20.347269,56.75,56.6,25.8,2400.033792,0.8487,0x0,12,2
2026-03-28T13:37:21.367798,55.65,58.2,25.6,2400.033792,0.8487,0x0,12,2
2026-03-28T13:37:22.390080,56.2,58.3,25.7,2400.02048,0.8487,0x0,12,3
2026-03-28T13:37:23.412990,57.3,54.5,25.8,2400.033792,0.8487,0x0,12,3
2026-03-28T13:37:24.435428,56.75,55.4,25.9,2400.02048,0.8487,0x0,12,1
2026-03-28T13:37:25.457937,56.75,61.7,25.8,2400.030464,0.8487,0x0,12,2
2026-03-28T13:37:26.478872,58.4,57.0,26.1,2400.030464,0.8487,0x0,12,1
2026-03-28T13:37:27.497008,56.75,54.4,26.1,2400.027136,0.8487,0x0,12,1
2026-03-28T13:37:28.516922,57.85,66.5,26.0,2400.03712,0.8487,0x0,12,3
2026-03-28T13:37:29.540932,56.2,59.4,26.1,2400.030464,0.8487,0x0,12,1
2026-03-28T13:37:30.557973,56.2,57.1,26.0,2400.02048,0.8487,0x0,12,1
2026-03-28T13:37:31.576740,57.3,57.4,25.8,2400.030464,0.8487,0x0,12,1
2026-03-28T13:37:32.597551,57.3,59.7,25.7,2400.017408,0.8487,0x0,12,2
2026-03-28T13:37:33.620738,56.2,54.5,25.7,2400.03712,0.8487,0x0,12,2
2026-03-28T13:37:34.645947,57.3,54.0,25.8,2400.03712,0.8487,0x0,12,2
2026-03-28T13:37:35.667298,56.75,59.5,26.0,2400.033792,0.8487,0x0,12,3
2026-03-28T13:37:36.699843,56.75,58.5,26.0,2400.023808,0.8487,0x0,12,1
2026-03-28T13:37:37.720978,57.3,55.5,25.9,2400.027136,0.8487,0x0,12,1
2026-03-28T13:37:38.741140,56.75,55.6,25.9,2400.03712,0.8487,0x0,12,3
2026-03-28T13:37:39.759012,57.3,58.7,26.0,2400.03712,0.8487,0x0,12,3
2026-03-28T13:37:40.777037,56.75,57.7,26.1,2400.033792,0.8487,0x0,12,3
2026-03-28T13:37:41.805018,56.2,55.7,25.9,2400.030464,0.8487,0x0,12,1
2026-03-28T13:37:42.823427,55.65,55.4,25.6,2400.033792,0.8487,0x0,12,1
2026-03-28T13:37:43.851113,55.1,59.8,25.7,2400.02048,0.8487,0x0,12,3
2026-03-28T13:37:44.869825,56.75,54.7,25.8,2400.03712,0.8487,0x0,12,1
2026-03-28T13:37:45.889164,57.3,56.1,25.8,2400.03712,0.8487,0x0,12,1
2026-03-28T13:37:46.909262,56.2,60.4,25.9,2400.02048,0.8487,0x0,12,3
2026-03-28T13:37:47.942744,57.3,55.9,25.8,2400.033792,0.8487,0x0,12,1
2026-03-28T13:37:48.962359,57.3,53.9,25.8,2400.02048,0.8487,0x0,12,1
2026-03-28T13:37:49.987171,57.3,60.5,26.1,2400.027136,0.8487,0x0,12,1
2026-03-28T13:37:51.005831,56.2,71.3,26.3,2400.023808,0.8487,0x0,12,2
2026-03-28T13:37:52.042380,54.55,67.3,26.1,2400.030464,0.8487,0x0,12,1
2026-03-28T13:37:53.066562,57.85,59.0,26.2,2400.03712,0.8487,0x0,12,1
2026-03-28T13:37:54.089019,57.85,63.1,26.2,2400.027136,0.8487,0x0,12,3
2026-03-28T13:37:55.110830,57.3,61.4,26.1,2400.017408,0.8487,0x0,12,5
2026-03-28T13:37:56.130470,58.4,68.8,25.8,2400.030464,0.8487,0x0,12,0
2026-03-28T13:37:57.154647,57.3,60.3,25.8,2400.033792,0.8487,0x0,12,1
2026-03-28T13:37:58.178074,57.3,65.3,25.9,2400.030464,0.8487,0x0,12,2
2026-03-28T13:37:59.308118,57.3,64.3,26.1,2400.027136,0.8487,0x0,12,1
2026-03-28T13:38:00.327539,55.65,57.4,25.8,2400.023808,0.8487,0x0,12,1
2026-03-28T13:38:01.345460,57.3,57.0,25.7,2400.02048,0.8487,0x0,12,1
2026-03-28T13:38:02.363211,56.75,61.5,25.9,2400.030464,0.8487,0x0,12,2
2026-03-28T13:38:03.389846,56.2,55.8,26.3,2400.023808,0.8487,0x0,12,2
2026-03-28T13:38:04.486171,57.3,55.8,26.4,2400.030464,0.8487,0x0,12,1
2026-03-28T13:38:05.503893,57.3,61.2,26.1,2400.02048,0.8487,0x0,12,3
2026-03-28T13:38:06.524242,56.75,60.1,26.3,2400.027136,0.8487,0x0,12,3
2026-03-28T13:38:07.550740,56.75,55.4,26.3,2400.023808,0.8487,0x0,12,3
2026-03-28T13:38:08.571397,57.85,57.4,26.4,2400.033792,0.8487,0x0,12,1
2026-03-28T13:38:09.597476,56.2,60.5,26.1,2400.03712,0.8487,0x0,12,1
