timestamp,temperature_C,cpu_percent,memory_percent,cpu_freq_MHz,cpu_voltage_V,throttled_flags_hex,num_threads,running_threads
2026-03-29T11:46:24.782300,47.95,50.0,22.3,2400.02048,0.852,0x0,1,1
2026-03-29T11:46:25.799391,49.05,44.5,23.0,2400.023808,0.852,0x0,4,1
2026-03-29T11:46:26.817140,47.95,34.8,23.4,2400.030464,0.852,0x0,13,1
2026-03-29T11:46:27.833467,49.6,47.0,23.7,2400.027136,0.852,0x0,13,1
2026-03-29T11:46:28.850408,49.6,37.5,24.2,2400.027136,0.852,0x0,26,7
2026-03-29T11:46:29.871947,50.15,65.8,24.4,2400.03712,0.852,0x0,25,
2026-03-29T11:46:30.894675,51.25,68.6,24.6,2400.023808,0.852,0x0,24,5
2026-03-29T11:46:31.928304,51.8,72.1,24.7,2400.027136,0.852,0x0,28,4
2026-03-29T11:46:32.956271,50.7,70.1,24.8,2400.02048,0.852,0x0,28,1
2026-03-29T11:46:33.977656,52.35,69.7,24.7,2400.033792,0.852,0x0,24,1
2026-03-29T11:46:34.999317,51.8,69.3,24.7,2400.03712,0.852,0x0,28,1
2026-03-29T11:46:36.027587,51.8,68.7,25.1,2400.030464,0.852,0x0,24,1
2026-03-29T11:46:37.046743,53.45,68.9,25.1,2400.030464,0.852,0x0,27,1
2026-03-29T11:46:38.074050,54.0,69.9,25.3,2400.030464,0.852,0x0,25,
2026-03-29T11:46:39.100627,51.8,68.4,25.4,2400.02048,0.852,0x0,24,3
2026-03-29T11:46:40.123599,52.9,68.3,25.1,2400.027136,0.852,0x0,25,1
2026-03-29T11:46:41.144075,53.45,71.0,24.9,2400.023808,0.852,0x0,24,2
2026-03-29T11:46:42.162495,52.35,67.3,24.9,2400.030464,0.852,0x0,28,3
2026-03-29T11:46:43.181121,52.35,75.6,24.7,2400.02048,0.852,0x0,24,3
2026-03-29T11:46:44.207615,52.9,69.7,24.2,2400.027136,0.852,0x0,28,1
2026-03-29T11:46:45.233748,54.55,69.0,24.4,2400.023808,0.852,0x0,26,3
2026-03-29T11:46:46.259041,52.9,67.9,24.4,2400.023808,0.852,0x0,28,1
2026-03-29T11:46:47.283404,52.9,75.2,23.8,2400.017408,0.852,0x0,28,0
2026-03-29T11:46:48.309284,52.9,69.8,23.8,2400.023808,0.852,0x0,24,1
2026-03-29T11:46:49.331360,53.45,69.3,23.9,2400.033792,0.852,0x0,24,2
2026-03-29T11:46:50.355616,53.45,69.5,23.8,2400.033792,0.852,0x0,24,3
2026-03-29T11:46:51.376883,55.1,69.7,23.7,2400.02048,0.852,0x0,24,1
2026-03-29T11:46:52.400298,54.55,69.9,23.7,2400.02048,0.852,0x0,24,3
2026-03-29T11:46:53.423588,54.55,79.3,23.7,2400.033792,0.852,0x0,25,2
2026-03-29T11:46:54.454318,55.1,71.1,23.9,2400.027136,0.852,0x0,28,2
2026-03-29T11:46:55.480403,53.45,72.9,23.8,2400.02048,0.852,0x0,24,2
2026-03-29T11:46:56.504911,54.0,76.8,23.9,2400.030464,0.852,0x0,28,4
2026-03-29T11:46:57.531308,54.0,70.4,24.0,2400.023808,0.852,0x0,24,4
2026-03-29T11:46:58.564985,53.45,73.2,24.0,2400.030464,0.852,0x0,28,1
2026-03-29T11:46:59.595870,53.45,70.5,24.2,2400.03712,0.852,0x0,24,3
2026-03-29T11:47:00.619837,53.45,79.5,24.1,2400.03712,0.852,0x0,24,1
2026-03-29T11:47:01.650691,54.0,77.3,24.1,2400.02048,0.852,0x0,25,
2026-03-29T11:47:02.682879,54.55,73.8,24.0,2400.023808,0.852,0x0,28,6
2026-03-29T11:47:03.706877,54.0,72.1,24.1,2400.023808,0.852,0x0,28,2
2026-03-29T11:47:04.735184,55.65,78.2,24.2,2400.03712,0.852,0x0,24,1
2026-03-29T11:47:05.758225,54.0,71.8,24.0,2400.03712,0.852,0x0,25,
2026-03-29T11:47:06.778949,55.1,68.8,24.1,2400.023808,0.852,0x0,24,1
2026-03-29T11:47:07.798296,56.2,68.5,24.1,2400.027136,0.852,0x0,24,3
2026-03-29T11:47:08.820390,55.1,68.6,24.2,2400.033792,0.852,0x0,24,3
2026-03-29T11:47:09.840076,55.1,69.5,24.3,2400.033792,0.852,0x0,24,2
2026-03-29T11:47:10.869962,56.75,68.8,24.1,2400.027136,0.852,0x0,24,2
2026-03-29T11:47:11.895648,54.55,70.5,24.3,2400.023808,0.852,0x0,24,2
2026-03-29T11:47:12.941919,54.55,87.0,24.4,2400.02048,0.852,0x0,24,1
2026-03-29T11:47:13.965437,55.1,71.2,24.2,2400.02048,0.852,0x0,28,1
2026-03-29T11:47:14.990411,55.1,68.5,24.3,2400.02048,0.852,0x0,27,
2026-03-29T11:47:16.011651,56.2,73.2,24.2,2400.033792,0.852,0x0,28,1
2026-03-29T11:47:17.039652,56.2,70.9,24.1,2400.027136,0.852,0x0,24,4
2026-03-29T11:47:18.063633,55.1,73.9,23.9,2400.027136,0.852,0x0,24,4
2026-03-29T11:47:19.090984,56.75,70.2,24.2,2400.033792,0.852,0x0,28,1
2026-03-29T11:47:20.111852,56.75,76.4,24.0,2400.027136,0.852,0x0,24,3
2026-03-29T11:47:21.133296,57.3,75.4,24.3,2400.030464,0.852,0x0,24,3
2026-03-29T11:47:22.168126,55.1,82.7,24.2,2400.02048,0.852,0x0,24,3
2026-03-29T11:47:23.208766,55.65,79.8,24.3,2400.030464,0.852,0x0,24,3
2026-03-29T11:47:24.235030,55.1,76.6,24.3,2400.033792,0.852,0x0,24,1
2026-03-29T11:47:25.263117,56.2,74.5,24.3,2400.027136,0.852,0x0,28,1
2026-03-29T11:47:26.299639,55.65,75.2,24.5,2400.02048,0.852,0x0,24,3
2026-03-29T11:47:27.324489,56.2,70.4,24.6,2400.033792,0.852,0x0,24,1
2026-03-29T11:47:28.351634,55.65,70.5,24.5,2400.027136,0.852,0x0,24,3
2026-03-29T11:47:29.378466,56.75,70.6,24.7,2400.023808,0.852,0x0,24,3
2026-03-29T11:47:30.401300,56.75,78.6,24.6,2400.027136,0.852,0x0,24,1
2026-03-29T11:47:31.429953,56.75,71.8,24.4,2400.030464,0.852,0x0,28,2
2026-03-29T11:47:32.455714,56.2,68.5,24.2,2400.033792,0.852,0x0,26,
2026-03-29T11:47:33.483110,56.2,74.1,24.1,2400.02048,0.852,0x0,28,
2026-03-29T11:47:34.510506,56.2,69.6,24.2,2400.033792,0.852,0x0,24,3
2026-03-29T11:47:35.543911,56.2,70.4,24.1,2400.023808,0.852,0x0,28,
2026-03-29T11:47:36.567968,56.2,69.5,24.2,2400.027136,0.852,0x0,24,0
2026-03-29T11:47:37.591019,55.65,75.9,24.2,2400.03712,0.852,0x0,27,
2026-03-29T11:47:38.613333,56.75,69.1,24.3,2400.023808,0.852,0x0,24,2
2026-03-29T11:47:39.634083,56.2,68.2,24.2,2400.027136,0.852,0x0,24,3
2026-03-29T11:47:40.656164,57.3,69.5,24.3,2400.023808,0.852,0x0,28,1
2026-03-29T11:47:41.674675,57.3,72.4,24.1,2400.030464,0.852,0x0,26,
2026-03-29T11:47:42.700451,57.3,69.5,23.9,2400.023808,0.852,0x0,24,1
2026-03-29T11:47:43.725785,56.2,69.6,23.9,2400.02048,0.852,0x0,24,3
2026-03-29T11:47:44.747710,56.2,68.7,23.9,2400.030464,0.852,0x0,24,3
2026-03-29T11:47:45.778457,57.3,67.9,23.9,2400.03712,0.852,0x0,24,1
2026-03-29T11:47:46.802428,58.4,68.0,23.9,2400.027136,0.852,0x0,28,1
2026-03-29T11:47:47.831608,56.2,69.2,23.8,2400.03712,0.852,0x0,26,
2026-03-29T11:47:48.857046,57.85,70.3,24.0,2400.033792,0.852,0x0,24,3
2026-03-29T11:47:49.887200,56.75,68.3,23.9,2400.033792,0.852,0x0,24,1
2026-03-29T11:47:50.906895,56.75,68.9,24.2,2400.017408,0.852,0x0,24,2
2026-03-29T11:47:51.928847,56.75,68.0,24.3,2400.027136,0.852,0x0,28,4
2026-03-29T11:47:52.949898,57.3,68.5,23.9,2400.027136,0.852,0x0,24,2
2026-03-29T11:47:53.976974,56.75,69.6,24.2,2400.023808,0.852,0x0,24,3
2026-03-29T11:47:54.997582,55.65,69.4,24.1,2400.02048,0.852,0x0,24,3
2026-03-29T11:47:56.018598,57.3,68.9,24.2,2400.023808,0.852,0x0,28,5
2026-03-29T11:47:57.041764,57.3,66.5,24.0,2400.023808,0.852,0x0,24,0
2026-03-29T11:47:58.062343,56.75,68.4,24.1,2400.03712,0.852,0x0,28,2
2026-03-29T11:47:59.083905,56.2,69.9,24.0,2400.023808,0.852,0x0,29,1
2026-03-29T11:48:00.112739,57.3,66.4,24.2,2400.033792,0.852,0x0,28,2
2026-03-29T11:48:01.139596,57.85,69.3,24.2,2400.02048,0.852,0x0,24,2
2026-03-29T11:48:02.160223,57.3,72.4,24.1,2400.03712,0.852,0x0,28,1
2026-03-29T11:48:03.188533,56.75,73.3,24.2,2400.030464,0.852,0x0,24,2
2026-03-29T11:48:04.211239,56.75,85.8,24.8,2400.023808,0.852,0x0,28,1
2026-03-29T11:48:05.237819,58.4,85.8,25.0,2400.03712,0.852,0x0,24,1
2026-03-29T11:48:06.268244,57.85,92.2,27.1,2400.033792,0.852,0x0,24,2
2026-03-29T11:48:07.299640,57.3,89.5,27.5,2400.030464,0.852,0x0,24,1
2026-03-29T11:48:08.318361,60.05,89.5,27.3,2400.030464,0.852,0x0,24,3
2026-03-29T11:48:09.357489,58.95,72.3,26.5,2400.023808,0.852,0x0,24,3
2026-03-29T11:48:10.379895,58.95,68.8,25.9,2400.023808,0.852,0x0,24,2
2026-03-29T11:48:11.502982,57.85,68.2,25.8,2400.02048,0.852,0x0,24,2
2026-03-29T11:48:12.521722,57.85,68.8,25.7,2400.023808,0.852,0x0,24,1
2026-03-29T11:48:13.549439,57.85,68.9,25.5,2400.033792,0.852,0x0,24,4
2026-03-29T11:48:14.582018,58.4,68.7,25.2,2400.03712,0.852,0x0,28,2
2026-03-29T11:48:15.602750,58.4,68.4,25.2,2400.030464,0.852,0x0,25,
2026-03-29T11:48:16.626711,57.85,70.3,24.9,2400.027136,0.852,0x0,28,1
2026-03-29T11:48:17.649359,57.3,73.6,24.1,2400.02048,0.852,0x0,24,3
2026-03-29T11:48:18.680915,57.85,78.1,23.8,2400.02048,0.852,0x0,24,2
2026-03-29T11:48:19.701688,58.4,69.5,23.7,2400.033792,0.852,0x0,26,5
2026-03-29T11:48:20.739737,58.4,69.1,23.8,2400.030464,0.852,0x0,24,3
2026-03-29T11:48:21.804180,57.85,68.4,23.5,2400.017408,0.852,0x0,28,1
2026-03-29T11:48:22.822897,58.95,68.7,23.7,2400.02048,0.852,0x0,26,5
2026-03-29T11:48:23.847604,58.95,69.4,23.6,2400.030464,0.852,0x0,24,3
2026-03-29T11:48:24.871245,57.85,69.9,23.7,2400.02048,0.852,0x0,25,2
2026-03-29T11:48:25.893234,60.05,67.7,23.7,2400.033792,0.852,0x0,24,3
2026-03-29T11:48:26.918145,58.4,69.7,23.6,2400.030464,0.852,0x0,25,4
2026-03-29T11:48:27.944424,60.05,69.5,23.5,2400.027136,0.852,0x0,28,2
2026-03-29T11:48:28.974804,57.85,68.1,23.7,2400.030464,0.852,0x0,25,
2026-03-29T11:48:29.997824,57.85,68.2,23.6,2400.023808,0.852,0x0,24,2
2026-03-29T11:48:31.021110,57.85,68.6,23.9,2400.023808,0.852,0x0,24,4
2026-03-29T11:48:32.055073,59.5,69.5,23.9,2400.02048,0.852,0x0,24,1
2026-03-29T11:48:33.078242,58.95,72.7,23.8,2400.02048,0.852,0x0,24,2
2026-03-29T11:48:34.100446,58.95,67.7,23.8,2400.030464,0.852,0x0,24,3
2026-03-29T11:48:35.126120,58.95,69.5,23.8,2400.03712,0.852,0x0,28,
2026-03-29T11:48:36.150679,57.85,68.7,23.9,2400.027136,0.852,0x0,24,3
2026-03-29T11:48:37.171729,59.5,68.8,24.1,2400.02048,0.852,0x0,28,3
2026-03-29T11:48:38.196148,57.85,68.0,24.1,2400.027136,0.852,0x0,28,1
2026-03-29T11:48:39.217104,58.4,69.7,24.1,2400.033792,0.852,0x0,24,3
2026-03-29T11:48:40.239089,57.85,72.5,24.1,2400.02048,0.852,0x0,24,3
2026-03-29T11:48:41.311333,58.4,70.0,24.1,2400.033792,0.852,0x0,24,1
2026-03-29T11:48:42.333055,58.95,67.7,23.7,2400.023808,0.852,0x0,25,
2026-03-29T11:48:43.357772,58.4,68.1,23.7,2400.02048,0.852,0x0,24,3
2026-03-29T11:48:44.386490,58.4,70.5,23.8,2400.017408,0.852,0x0,28,
2026-03-29T11:48:45.419062,57.85,68.5,23.9,2400.030464,0.852,0x0,29,
2026-03-29T11:48:46.444292,58.4,69.7,23.8,2400.02048,0.852,0x0,28,
2026-03-29T11:48:47.469150,58.95,68.6,23.7,2400.023808,0.852,0x0,27,6
2026-03-29T11:48:48.503299,57.85,68.6,23.7,2400.023808,0.852,0x0,28,3
2026-03-29T11:48:49.528195,58.4,69.3,23.7,2400.02048,0.852,0x0,24,2
2026-03-29T11:48:50.548659,60.05,66.3,23.9,2400.03712,0.852,0x0,25,4
2026-03-29T11:48:51.571263,57.85,69.3,24.0,2400.030464,0.852,0x0,25,
2026-03-29T11:48:52.593947,57.85,68.8,23.8,2400.030464,0.852,0x0,24,1
2026-03-29T11:48:53.617751,58.4,68.0,23.8,2400.03712,0.852,0x0,28,3
2026-03-29T11:48:54.639644,57.85,70.0,23.9,2400.023808,0.852,0x0,24,3
2026-03-29T11:48:55.668979,57.85,68.4,24.2,2400.033792,0.852,0x0,24,1
2026-03-29T11:48:56.691592,57.3,67.9,24.0,2400.02048,0.852,0x0,24,3
2026-03-29T11:48:57.717181,57.85,68.1,24.0,2400.023808,0.852,0x0,28,1
2026-03-29T11:48:58.739763,58.95,68.1,24.0,2400.030464,0.852,0x0,24,2
2026-03-29T11:48:59.767879,59.5,69.5,23.9,2400.017408,0.852,0x0,24,3
2026-03-29T11:49:00.788604,57.85,68.9,24.0,2400.023808,0.852,0x0,28,2
2026-03-29T11:49:01.807765,57.3,67.3,24.1,2400.02048,0.852,0x0,24,1
2026-03-29T11:49:02.831781,58.4,73.3,24.1,2400.033792,0.852,0x0,28,0
2026-03-29T11:49:03.855648,57.85,68.4,23.9,2400.027136,0.852,0x0,28,2
2026-03-29T11:49:04.878226,58.95,68.0,23.8,2400.027136,0.852,0x0,24,3
2026-03-29T11:49:05.908717,58.95,67.5,24.1,2400.030464,0.852,0x0,28,1
2026-03-29T11:49:06.929632,58.95,68.4,24.3,2400.027136,0.852,0x0,27,6
2026-03-29T11:49:07.956025,58.4,67.7,24.1,2400.033792,0.852,0x0,28,2
2026-03-29T11:49:08.979973,57.3,67.9,24.2,2400.023808,0.852,0x0,28,1
2026-03-29T11:49:10.007162,57.85,67.2,24.2,2400.033792,0.852,0x0,26,
2026-03-29T11:49:11.031045,57.85,67.5,24.1,2400.030464,0.852,0x0,24,4
2026-03-29T11:49:12.059706,58.95,67.5,24.1,2400.027136,0.852,0x0,24,1
2026-03-29T11:49:13.081383,57.3,69.1,24.2,2400.033792,0.852,0x0,24,1
2026-03-29T11:49:14.100653,57.85,69.0,24.4,2400.023808,0.852,0x0,24,2
2026-03-29T11:49:15.123824,57.85,70.2,24.3,2400.023808,0.852,0x0,24,1
2026-03-29T11:49:16.143630,56.75,68.5,24.6,2400.023808,0.852,0x0,28,1
2026-03-29T11:49:17.171245,58.95,68.1,24.5,2400.023808,0.852,0x0,28,2
2026-03-29T11:49:18.299008,58.95,67.6,24.4,2400.023808,0.852,0x0,24,1
2026-03-29T11:49:19.322432,57.3,68.8,24.1,2400.03712,0.852,0x0,28,2
2026-03-29T11:49:20.401992,57.85,69.4,24.2,2400.030464,0.852,0x0,28,5
2026-03-29T11:49:21.422679,58.4,68.6,24.0,2400.033792,0.852,0x0,28,7
2026-03-29T11:49:22.446178,57.85,66.8,23.8,2400.027136,0.852,0x0,28,1
2026-03-29T11:49:23.466242,57.85,68.7,23.9,2400.023808,0.852,0x0,28,1
2026-03-29T11:49:24.485546,58.4,73.0,24.1,2400.030464,0.852,0x0,27,
2026-03-29T11:49:25.508796,59.5,68.7,24.4,2400.030464,0.852,0x0,24,2
2026-03-29T11:49:26.534916,58.4,69.3,24.4,2400.03712,0.852,0x0,24,3
2026-03-29T11:49:27.564581,58.4,68.1,24.3,2400.030464,0.852,0x0,25,5
2026-03-29T11:49:28.585627,57.85,68.8,24.2,2400.02048,0.852,0x0,24,3
2026-03-29T11:49:29.608442,58.95,67.9,24.2,2400.017408,0.852,0x0,25,3
2026-03-29T11:49:30.631233,56.75,69.1,24.3,2400.017408,0.852,0x0,27,2
2026-03-29T11:49:31.653481,57.85,68.3,24.3,2400.030464,0.852,0x0,28,5
2026-03-29T11:49:32.682031,59.5,68.7,24.3,2400.023808,0.852,0x0,28,1
2026-03-29T11:49:33.700855,57.85,67.9,24.2,2400.027136,0.852,0x0,24,3
2026-03-29T11:49:34.721238,58.95,70.2,23.9,2400.02048,0.852,0x0,24,2
2026-03-29T11:49:35.741430,57.85,68.2,23.9,2400.023808,0.852,0x0,28,3
2026-03-29T11:49:36.765290,58.95,69.0,23.8,2400.033792,0.852,0x0,28,2
2026-03-29T11:49:37.793108,57.85,68.9,23.9,2400.033792,0.852,0x0,24,4
2026-03-29T11:49:38.822065,58.4,67.3,23.8,2400.023808,0.852,0x0,28,1
2026-03-29T11:49:39.844143,58.4,69.6,23.7,2400.030464,0.852,0x0,28,2
2026-03-29T11:49:40.969024,57.3,68.3,23.7,2400.02048,0.852,0x0,28,1
2026-03-29T11:49:41.991707,57.3,68.0,23.7,2400.030464,0.852,0x0,28,1
2026-03-29T11:49:43.013925,58.4,68.1,23.6,2400.02048,0.852,0x0,24,4
2026-03-29T11:49:44.039284,57.3,68.4,23.7,2400.027136,0.852,0x0,28,3
2026-03-29T11:49:45.064288,57.85,69.8,23.5,2400.027136,0.852,0x0,24,2
2026-03-29T11:49:46.081975,57.3,67.2,23.6,2400.023808,0.852,0x0,24,3
2026-03-29T11:49:47.106998,58.4,73.0,23.8,2400.027136,0.852,0x0,27,
2026-03-29T11:49:48.129763,58.4,68.4,23.9,2400.03712,0.852,0x0,28,4
2026-03-29T11:49:49.155162,57.3,68.6,24.0,2400.023808,0.852,0x0,24,3
2026-03-29T11:49:50.184439,57.3,70.7,24.0,2400.017408,0.852,0x0,24,1
2026-03-29T11:49:51.206030,57.3,68.3,24.1,2400.027136,0.852,0x0,28,2
2026-03-29T11:49:52.227719,58.4,68.2,24.1,2400.030464,0.852,0x0,25,4
2026-03-29T11:49:53.253885,57.3,69.9,24.1,2400.033792,0.852,0x0,24,3
2026-03-29T11:49:54.275496,56.75,67.1,23.9,2400.023808,0.852,0x0,24,1
2026-03-29T11:49:55.298859,59.5,70.1,23.9,2400.03712,0.852,0x0,24,3
2026-03-29T11:49:56.320580,58.4,68.2,24.1,2400.027136,0.852,0x0,28,5
2026-03-29T11:49:57.343584,57.85,68.1,24.3,2400.02048,0.852,0x0,25,
2026-03-29T11:49:58.366832,57.85,68.2,24.4,2400.030464,0.852,0x0,26,1
2026-03-29T11:49:59.392159,56.75,68.2,24.4,2400.023808,0.852,0x0,28,
2026-03-29T11:50:00.416790,57.3,68.3,24.3,2400.023808,0.852,0x0,24,3
2026-03-29T11:50:01.442183,57.3,68.3,24.3,2400.033792,0.852,0x0,28,2
2026-03-29T11:50:02.463642,56.2,67.7,24.4,2400.030464,0.852,0x0,26,
2026-03-29T11:50:03.493087,56.75,68.7,24.1,2400.023808,0.852,0x0,24,1
2026-03-29T11:50:04.511796,56.2,68.6,24.1,2400.027136,0.852,0x0,24,1
2026-03-29T11:50:05.539220,57.3,70.8,24.3,2400.023808,0.852,0x0,24,3
2026-03-29T11:50:06.562504,58.4,68.8,24.2,2400.017408,0.852,0x0,27,
2026-03-29T11:50:07.590525,58.4,69.6,24.2,2400.030464,0.852,0x0,28,3
2026-03-29T11:50:08.610256,58.4,68.5,24.5,2400.027136,0.852,0x0,28,1
2026-03-29T11:50:09.631477,57.3,67.9,24.5,2400.017408,0.852,0x0,28,1
2026-03-29T11:50:10.749583,57.85,71.9,24.1,2400.033792,0.852,0x0,25,2
2026-03-29T11:50:11.771170,57.3,69.0,24.1,2400.030464,0.852,0x0,28,6
2026-03-29T11:50:12.823705,58.95,68.7,24.1,2400.030464,0.852,0x0,28,2
2026-03-29T11:50:13.848723,57.85,69.4,24.3,2400.023808,0.852,0x0,28,2
2026-03-29T11:50:14.874537,57.85,70.7,24.2,2400.03712,0.852,0x0,25,5
2026-03-29T11:50:15.907423,58.95,69.2,24.2,2400.023808,0.852,0x0,28,1
2026-03-29T11:50:16.936422,58.4,68.8,24.2,2400.02048,0.852,0x0,28,1
2026-03-29T11:50:17.959579,58.95,69.2,24.0,2400.027136,0.852,0x0,29,1
2026-03-29T11:50:18.982322,57.85,70.3,24.0,2400.03712,0.852,0x0,28,1
2026-03-29T11:50:20.006830,57.3,68.7,24.0,2400.02048,0.852,0x0,24,0
2026-03-29T11:50:21.032588,58.4,67.5,23.9,2400.017408,0.852,0x0,28,2
2026-03-29T11:50:22.056212,57.3,67.8,24.0,2400.030464,0.852,0x0,24,2
2026-03-29T11:50:23.077737,56.75,67.8,23.9,2400.033792,0.852,0x0,28,
2026-03-29T11:50:24.107345,58.4,68.2,23.9,2400.02048,0.852,0x0,24,3
2026-03-29T11:50:25.132718,58.95,69.6,24.0,2400.02048,0.852,0x0,28,1
2026-03-29T11:50:26.153580,57.85,68.9,23.8,2400.03712,0.852,0x0,28,3
2026-03-29T11:50:27.179322,57.85,68.6,23.7,2400.027136,0.852,0x0,28,
2026-03-29T11:50:28.206575,57.85,68.7,23.9,2400.030464,0.852,0x0,26,5
2026-03-29T11:50:29.230975,58.4,69.8,23.7,2400.030464,0.852,0x0,28,
2026-03-29T11:50:30.252611,57.3,69.2,24.0,2400.033792,0.852,0x0,28,
2026-03-29T11:50:31.283142,57.3,72.1,24.1,2400.030464,0.852,0x0,28,1
2026-03-29T11:50:32.303881,56.75,67.9,24.1,2400.02048,0.852,0x0,28,3
2026-03-29T11:50:33.329461,57.85,68.8,24.0,2400.033792,0.852,0x0,24,3
2026-03-29T11:50:34.357952,58.95,69.4,24.0,2400.023808,0.852,0x0,28,
2026-03-29T11:50:35.380892,57.85,70.0,24.1,2400.030464,0.852,0x0,28,2
2026-03-29T11:50:36.407224,56.75,68.9,24.2,2400.02048,0.852,0x0,24,3
2026-03-29T11:50:37.431616,57.85,68.0,24.1,2400.030464,0.852,0x0,24,1
2026-03-29T11:50:38.452185,58.4,66.8,24.0,2400.03712,0.852,0x0,24,3
2026-03-29T11:50:39.472111,58.95,67.2,24.0,2400.023808,0.852,0x0,24,3
2026-03-29T11:50:40.496758,57.85,67.6,23.9,2400.027136,0.852,0x0,24,2
2026-03-29T11:50:41.517697,57.85,68.5,24.0,2400.027136,0.852,0x0,24,3
2026-03-29T11:50:42.540785,58.4,68.6,24.0,2400.033792,0.852,0x0,27,2
2026-03-29T11:50:43.563595,57.3,67.1,24.2,2400.03712,0.852,0x0,24,1
2026-03-29T11:50:44.587629,58.4,68.4,24.2,2400.03712,0.852,0x0,27,
2026-03-29T11:50:45.610116,58.4,70.2,24.1,2400.023808,0.852,0x0,24,3
2026-03-29T11:50:46.632724,58.95,68.6,24.0,2400.030464,0.852,0x0,24,3
2026-03-29T11:50:47.657251,59.5,67.8,24.1,2400.030464,0.852,0x0,24,2
2026-03-29T11:50:48.683608,57.85,70.0,24.0,2400.023808,0.852,0x0,24,1
2026-03-29T11:50:49.703510,57.3,68.4,24.1,2400.03712,0.852,0x0,28,1
2026-03-29T11:50:50.725248,57.3,67.3,24.3,2400.02048,0.852,0x0,24,2
2026-03-29T11:50:51.757366,56.75,69.2,24.2,2400.023808,0.852,0x0,24,3
2026-03-29T11:50:52.783676,57.3,67.9,24.0,2400.033792,0.852,0x0,28,5
2026-03-29T11:50:53.810041,56.75,71.3,24.0,2400.033792,0.852,0x0,24,3
2026-03-29T11:50:54.836237,56.75,69.2,24.0,2400.030464,0.852,0x0,25,
2026-03-29T11:50:55.857502,57.3,70.1,24.3,2400.03712,0.852,0x0,24,1
2026-03-29T11:50:56.885400,57.85,68.3,24.4,2400.02048,0.852,0x0,24,3
2026-03-29T11:50:57.915058,56.75,68.8,24.1,2400.030464,0.852,0x0,24,0
2026-03-29T11:50:58.934527,58.95,69.4,23.8,2400.02048,0.852,0x0,28,1
2026-03-29T11:50:59.958172,57.85,67.9,23.9,2400.023808,0.852,0x0,24,4
2026-03-29T11:51:00.981244,57.85,68.5,24.1,2400.027136,0.852,0x0,24,4
2026-03-29T11:51:02.023969,58.4,68.8,24.1,2400.03712,0.852,0x0,28,
2026-03-29T11:51:03.049198,58.4,68.7,24.0,2400.023808,0.852,0x0,28,1
2026-03-29T11:51:04.074739,57.3,66.9,23.9,2400.02048,0.852,0x0,28,1
2026-03-29T11:51:05.098643,58.4,67.5,23.8,2400.033792,0.852,0x0,28,1
2026-03-29T11:51:06.119390,57.85,69.4,23.8,2400.033792,0.852,0x0,24,1
2026-03-29T11:51:07.148609,57.85,68.8,23.9,2400.033792,0.852,0x0,28,2
2026-03-29T11:51:08.173365,57.3,70.1,24.2,2400.030464,0.852,0x0,24,3
2026-03-29T11:51:09.199652,57.85,68.3,23.9,2400.027136,0.852,0x0,24,1
2026-03-29T11:51:10.223605,57.3,71.9,23.9,2400.027136,0.852,0x0,28,1
2026-03-29T11:51:11.256833,58.95,69.0,24.0,2400.033792,0.852,0x0,28,1
2026-03-29T11:51:12.286519,57.3,69.9,23.8,2400.027136,0.852,0x0,24,3
2026-03-29T11:51:13.313675,58.95,68.9,23.9,2400.023808,0.852,0x0,26,5
2026-03-29T11:51:14.338097,57.3,69.8,23.9,2400.027136,0.852,0x0,28,1
2026-03-29T11:51:15.364106,57.85,67.9,23.9,2400.023808,0.852,0x0,28,3
2026-03-29T11:51:16.384405,57.85,68.7,23.8,2400.033792,0.852,0x0,25,
2026-03-29T11:51:17.406497,58.4,69.6,23.9,2400.033792,0.852,0x0,26,
2026-03-29T11:51:18.433726,58.4,69.8,23.7,2400.023808,0.852,0x0,28,2
2026-03-29T11:51:19.455835,57.3,70.0,23.5,2400.030464,0.852,0x0,28,5
2026-03-29T11:51:20.479604,57.85,68.3,23.4,2400.023808,0.852,0x0,28,6
2026-03-29T11:51:21.509033,57.85,69.6,23.6,2400.030464,0.852,0x0,28,4
2026-03-29T11:51:22.540950,57.85,68.8,23.6,2400.02048,0.852,0x0,28,3
2026-03-29T11:51:23.561023,58.95,69.1,23.7,2400.033792,0.852,0x0,25,
2026-03-29T11:51:24.584897,57.85,68.2,23.8,2400.023808,0.852,0x0,24,3
2026-03-29T11:51:25.609919,58.95,68.4,23.6,2400.027136,0.852,0x0,28,1
2026-03-29T11:51:26.634717,56.75,68.6,23.5,2400.02048,0.852,0x0,24,1
2026-03-29T11:51:27.660330,58.4,67.8,23.7,2400.033792,0.852,0x0,24,2
2026-03-29T11:51:28.685972,57.85,68.4,23.8,2400.027136,0.852,0x0,24,3
2026-03-29T11:51:29.719494,56.75,68.7,23.8,2400.017408,0.852,0x0,28,1
2026-03-29T11:51:30.742505,57.85,69.6,23.5,2400.023808,0.852,0x0,28,1
2026-03-29T11:51:31.763591,59.5,73.8,23.8,2400.027136,0.852,0x0,28,1
2026-03-29T11:51:32.787419,57.85,68.6,23.8,2400.02048,0.852,0x0,28,1
2026-03-29T11:51:33.811948,58.4,68.1,23.9,2400.033792,0.852,0x0,24,1
2026-03-29T11:51:34.941167,58.95,67.9,23.8,2400.033792,0.852,0x0,24,1
2026-03-29T11:51:35.963369,57.3,67.9,23.6,2400.033792,0.852,0x0,24,3
2026-03-29T11:51:36.992536,57.85,69.6,23.9,2400.033792,0.852,0x0,26,
2026-03-29T11:51:38.013246,57.3,69.0,23.8,2400.02048,0.852,0x0,28,0
2026-03-29T11:51:39.040374,58.4,68.4,23.9,2400.02048,0.852,0x0,28,0
2026-03-29T11:51:40.067780,57.3,69.4,24.1,2400.023808,0.852,0x0,24,3
2026-03-29T11:51:41.088541,57.85,68.5,24.0,2400.027136,0.852,0x0,24,2
2026-03-29T11:51:42.111617,55.65,69.6,24.1,2400.02048,0.852,0x0,28,1
2026-03-29T11:51:43.136696,58.95,68.2,24.1,2400.03712,0.852,0x0,28,1
2026-03-29T11:51:44.163347,57.85,67.3,24.0,2400.023808,0.852,0x0,24,2
2026-03-29T11:51:45.186233,57.3,68.8,24.0,2400.030464,0.852,0x0,25,4
2026-03-29T11:51:46.209192,57.3,69.6,24.1,2400.023808,0.852,0x0,24,2
2026-03-29T11:51:47.235950,57.3,66.5,24.2,2400.02048,0.852,0x0,24,3
2026-03-29T11:51:48.266953,56.2,69.2,24.0,2400.027136,0.852,0x0,26,
2026-03-29T11:51:49.296925,57.85,69.3,24.1,2400.02048,0.852,0x0,28,2
2026-03-29T11:51:50.316659,57.85,70.1,24.4,2400.027136,0.852,0x0,28,
2026-03-29T11:51:51.339262,58.4,70.7,24.2,2400.027136,0.852,0x0,28,2
2026-03-29T11:51:52.363657,58.95,72.2,24.2,2400.030464,0.852,0x0,25,
2026-03-29T11:51:53.388666,56.2,68.0,24.3,2400.027136,0.852,0x0,27,
2026-03-29T11:51:54.417137,56.75,67.7,24.2,2400.02048,0.852,0x0,28,1
2026-03-29T11:51:55.444103,58.95,68.4,24.1,2400.027136,0.852,0x0,24,0
2026-03-29T11:51:56.462722,58.4,68.7,24.3,2400.03712,0.852,0x0,26,5
2026-03-29T11:51:57.482538,58.4,69.0,24.3,2400.027136,0.852,0x0,28,1
2026-03-29T11:51:58.508841,57.85,68.3,24.3,2400.023808,0.852,0x0,24,3
2026-03-29T11:51:59.540366,56.2,68.5,24.1,2400.033792,0.852,0x0,24,1
2026-03-29T11:52:00.559256,57.3,69.1,23.7,2400.027136,0.852,0x0,28,1
2026-03-29T11:52:01.580459,58.95,67.9,23.7,2400.030464,0.852,0x0,28,7
2026-03-29T11:52:02.607582,59.5,70.2,24.0,2400.030464,0.852,0x0,30,
2026-03-29T11:52:03.630265,57.3,67.3,24.0,2400.023808,0.852,0x0,24,1
2026-03-29T11:52:04.651271,57.3,67.8,24.1,2400.030464,0.852,0x0,25,
2026-03-29T11:52:05.676247,57.3,68.9,24.1,2400.033792,0.852,0x0,26,5
2026-03-29T11:52:06.698952,58.95,69.4,24.0,2400.033792,0.852,0x0,28,7
2026-03-29T11:52:07.724263,57.3,69.4,24.2,2400.023808,0.852,0x0,28,
2026-03-29T11:52:08.753259,58.4,69.3,24.0,2400.027136,0.852,0x0,24,3
2026-03-29T11:52:09.876601,57.85,69.1,23.8,2400.023808,0.852,0x0,28,3
2026-03-29T11:52:10.898408,56.75,68.0,24.1,2400.023808,0.852,0x0,28,
2026-03-29T11:52:11.922707,57.85,70.5,23.9,2400.030464,0.852,0x0,28,1
2026-03-29T11:52:12.943823,58.95,68.3,24.0,2400.023808,0.852,0x0,29,1
2026-03-29T11:52:13.967222,55.65,69.3,24.0,2400.017408,0.852,0x0,24,4
2026-03-29T11:52:14.987426,58.95,67.9,24.2,2400.023808,0.852,0x0,28,
2026-03-29T11:52:16.010933,58.95,72.7,24.3,2400.02048,0.852,0x0,28,2
2026-03-29T11:52:17.036612,57.3,68.8,24.2,2400.027136,0.852,0x0,28,
2026-03-29T11:52:18.069099,57.3,68.9,24.1,2400.023808,0.852,0x0,25,2
2026-03-29T11:52:19.091366,57.3,67.9,24.0,2400.03712,0.852,0x0,25,3
2026-03-29T11:52:20.114591,58.4,69.2,24.0,2400.027136,0.852,0x0,28,1
2026-03-29T11:52:21.134441,58.95,67.3,24.0,2400.02048,0.852,0x0,29,2
2026-03-29T11:52:22.166318,57.85,68.2,24.1,2400.02048,0.852,0x0,28,1
2026-03-29T11:52:23.189197,56.75,68.9,24.1,2400.030464,0.852,0x0,28,1
2026-03-29T11:52:24.280038,57.85,68.3,24.1,2400.023808,0.852,0x0,24,2
2026-03-29T11:52:25.306380,56.75,69.4,24.1,2400.023808,0.852,0x0,28,1
2026-03-29T11:52:26.331079,57.85,68.2,24.1,2400.027136,0.852,0x0,28,
2026-03-29T11:52:27.361729,57.85,70.4,24.2,2400.030464,0.852,0x0,28,2
2026-03-29T11:52:28.386608,57.3,68.9,24.1,2400.027136,0.852,0x0,28,
2026-03-29T11:52:29.407149,58.95,69.7,24.2,2400.03712,0.852,0x0,26,
2026-03-29T11:52:30.528337,57.85,67.9,24.2,2400.023808,0.852,0x0,28,
2026-03-29T11:52:31.548419,57.3,69.0,24.0,2400.02048,0.852,0x0,24,3
2026-03-29T11:52:32.588879,58.95,70.0,23.9,2400.027136,0.852,0x0,24,2
2026-03-29T11:52:33.611129,57.85,69.2,24.1,2400.033792,0.852,0x0,28,1
2026-03-29T11:52:34.632455,57.85,69.9,24.2,2400.030464,0.852,0x0,28,
2026-03-29T11:52:35.653103,57.85,69.0,24.0,2400.033792,0.852,0x0,28,4
2026-03-29T11:52:36.679344,56.75,72.0,24.0,2400.033792,0.852,0x0,24,1
2026-03-29T11:52:37.701216,56.2,69.5,24.2,2400.03712,0.852,0x0,24,2
2026-03-29T11:52:38.725720,57.85,68.1,24.2,2400.02048,0.852,0x0,28,
2026-03-29T11:52:39.755006,57.3,67.7,24.1,2400.023808,0.852,0x0,28,4
2026-03-29T11:52:40.779506,59.5,67.4,24.0,2400.033792,0.852,0x0,28,5
2026-03-29T11:52:41.800301,57.85,68.9,24.2,2400.02048,0.852,0x0,24,0
2026-03-29T11:52:42.820053,56.75,68.7,24.0,2400.027136,0.852,0x0,28,1
2026-03-29T11:52:43.842945,59.5,68.7,23.9,2400.02048,0.852,0x0,28,3
2026-03-29T11:52:44.865987,56.75,68.2,23.9,2400.03712,0.852,0x0,24,3
2026-03-29T11:52:45.891209,57.85,68.6,24.0,2400.02048,0.852,0x0,24,3
2026-03-29T11:52:46.922717,57.85,70.5,24.2,2400.023808,0.852,0x0,28,2
2026-03-29T11:52:47.943120,57.85,69.4,24.3,2400.030464,0.852,0x0,28,3
2026-03-29T11:52:49.067692,58.95,69.0,24.3,2400.017408,0.852,0x0,28,3
2026-03-29T11:52:50.090414,57.3,68.9,24.1,2400.030464,0.852,0x0,28,1
2026-03-29T11:52:51.114533,57.3,68.3,24.1,2400.017408,0.852,0x0,24,4
2026-03-29T11:52:52.145206,58.95,71.1,23.8,2400.027136,0.852,0x0,24,3
2026-03-29T11:52:53.168701,56.75,68.4,24.0,2400.023808,0.852,0x0,28,
2026-03-29T11:52:54.193865,57.3,68.7,24.1,2400.033792,0.852,0x0,24,2
2026-03-29T11:52:55.213126,57.3,68.0,24.2,2400.03712,0.852,0x0,24,1
2026-03-29T11:52:56.234315,58.4,68.8,24.0,2400.027136,0.852,0x0,28,1
2026-03-29T11:52:57.258379,56.75,68.8,24.2,2400.030464,0.852,0x0,26,5
2026-03-29T11:52:58.282400,57.85,73.5,24.3,2400.030464,0.852,0x0,28,2
2026-03-29T11:52:59.304854,57.85,69.0,24.3,2400.033792,0.852,0x0,24,1
2026-03-29T11:53:00.326632,56.75,68.2,24.3,2400.027136,0.852,0x0,28,1
2026-03-29T11:53:01.353808,57.85,69.4,24.5,2400.027136,0.852,0x0,27,
2026-03-29T11:53:02.375584,58.95,69.7,24.2,2400.023808,0.852,0x0,28,1
2026-03-29T11:53:03.468918,58.4,67.1,24.3,2400.030464,0.852,0x0,24,1
2026-03-29T11:53:04.489782,58.4,69.6,24.2,2400.027136,0.852,0x0,24,2
2026-03-29T11:53:05.512648,55.65,67.7,24.0,2400.033792,0.852,0x0,24,4
2026-03-29T11:53:06.539563,58.95,68.6,24.1,2400.033792,0.852,0x0,24,2
2026-03-29T11:53:07.562451,57.85,68.8,24.1,2400.02048,0.852,0x0,26,
2026-03-29T11:53:08.587211,58.4,67.1,24.2,2400.023808,0.852,0x0,24,3
2026-03-29T11:53:09.614693,57.85,66.9,24.3,2400.02048,0.852,0x0,28,1
2026-03-29T11:53:10.636126,58.4,66.7,24.4,2400.023808,0.852,0x0,26,
2026-03-29T11:53:11.655612,59.5,69.0,24.1,2400.027136,0.852,0x0,24,3
2026-03-29T11:53:12.681107,57.85,67.3,24.3,2400.033792,0.852,0x0,24,1
2026-03-29T11:53:13.701718,57.85,68.6,24.1,2400.023808,0.852,0x0,28,
2026-03-29T11:53:14.724416,57.85,69.3,24.4,2400.023808,0.852,0x0,28,5
2026-03-29T11:53:15.854049,56.75,67.4,24.2,2400.027136,0.852,0x0,25,
2026-03-29T11:53:16.879650,58.4,66.7,24.3,2400.033792,0.852,0x0,24,4
2026-03-29T11:53:17.905260,57.85,67.8,23.9,2400.03712,0.852,0x0,24,1
2026-03-29T11:53:18.926881,57.85,70.1,24.0,2400.030464,0.852,0x0,26,3
2026-03-29T11:53:19.951585,58.95,69.0,24.2,2400.023808,0.852,0x0,24,3
2026-03-29T11:53:20.972959,58.95,72.0,24.3,2400.030464,0.852,0x0,24,3
2026-03-29T11:53:21.997276,58.4,68.5,24.1,2400.027136,0.852,0x0,28,2
2026-03-29T11:53:23.019080,57.3,68.9,24.4,2400.027136,0.852,0x0,28,1
2026-03-29T11:53:24.046358,56.75,67.6,24.2,2400.027136,0.852,0x0,24,1
2026-03-29T11:53:25.064344,57.3,67.3,24.3,2400.027136,0.852,0x0,24,2
2026-03-29T11:53:26.085223,57.3,68.9,24.1,2400.030464,0.852,0x0,28,3
2026-03-29T11:53:27.110377,56.75,69.1,24.3,2400.033792,0.852,0x0,24,3
2026-03-29T11:53:28.132732,57.3,69.4,24.2,2400.033792,0.852,0x0,24,4
2026-03-29T11:53:29.160796,57.85,68.2,24.4,2400.023808,0.852,0x0,28,
2026-03-29T11:53:30.182902,57.85,68.0,24.3,2400.033792,0.852,0x0,24,3
2026-03-29T11:53:31.211691,57.85,68.3,24.3,2400.030464,0.852,0x0,25,2
2026-03-29T11:53:32.237180,57.3,68.2,24.3,2400.033792,0.852,0x0,28,
2026-03-29T11:53:33.262012,57.85,66.8,24.3,2400.03712,0.852,0x0,24,3
2026-03-29T11:53:34.295583,57.85,68.6,24.4,2400.027136,0.852,0x0,24,3
2026-03-29T11:53:35.316849,56.75,68.3,24.3,2400.02048,0.852,0x0,24,1
2026-03-29T11:53:36.341850,58.95,68.0,24.5,2400.03712,0.852,0x0,24,1
2026-03-29T11:53:37.371241,57.85,71.1,24.1,2400.030464,0.852,0x0,24,2
2026-03-29T11:53:38.391891,58.4,68.2,24.3,2400.027136,0.852,0x0,28,2
2026-03-29T11:53:39.417740,56.75,68.3,24.4,2400.017408,0.852,0x0,28,2
2026-03-29T11:53:40.553642,57.3,68.9,24.3,2400.02048,0.852,0x0,28,1
2026-03-29T11:53:41.575779,56.75,68.2,24.3,2400.023808,0.852,0x0,26,
2026-03-29T11:53:42.601812,57.85,74.1,24.4,2400.02048,0.852,0x0,24,1
2026-03-29T11:53:43.630217,58.4,69.8,24.0,2400.027136,0.852,0x0,24,3
2026-03-29T11:53:44.650461,58.95,67.1,24.2,2400.033792,0.852,0x0,24,3
2026-03-29T11:53:45.680288,58.95,67.8,24.2,2400.033792,0.852,0x0,28,
2026-03-29T11:53:46.704807,58.95,66.9,24.0,2400.033792,0.852,0x0,24,1
2026-03-29T11:53:47.826663,57.3,70.3,24.2,2400.03712,0.852,0x0,28,1
2026-03-29T11:53:48.847611,57.85,68.8,24.3,2400.023808,0.852,0x0,24,0
2026-03-29T11:53:49.867650,58.4,67.9,24.4,2400.03712,0.852,0x0,28,2
2026-03-29T11:53:50.891589,57.85,67.6,24.4,2400.027136,0.852,0x0,24,1
2026-03-29T11:53:51.911435,57.3,68.3,24.2,2400.02048,0.852,0x0,24,3
2026-03-29T11:53:52.944802,57.3,69.8,24.2,2400.027136,0.852,0x0,24,1
2026-03-29T11:53:53.965108,57.85,68.2,24.2,2400.02048,0.852,0x0,28,
2026-03-29T11:53:54.993433,60.05,68.9,24.1,2400.030464,0.852,0x0,28,2
2026-03-29T11:53:56.020817,57.85,68.7,24.1,2400.03712,0.852,0x0,24,1
2026-03-29T11:53:57.044826,57.85,69.0,24.5,2400.030464,0.852,0x0,24,3
2026-03-29T11:53:58.068476,58.4,70.0,24.2,2400.02048,0.852,0x0,26,
2026-03-29T11:53:59.091505,58.4,68.9,24.3,2400.023808,0.852,0x0,24,2
2026-03-29T11:54:00.115644,58.4,69.3,24.2,2400.027136,0.852,0x0,28,3
2026-03-29T11:54:01.139271,58.4,69.3,24.3,2400.033792,0.852,0x0,25,1
2026-03-29T11:54:02.170291,57.85,69.0,24.2,2400.03712,0.852,0x0,28,
2026-03-29T11:54:03.196251,58.95,70.3,24.1,2400.023808,0.852,0x0,24,3
2026-03-29T11:54:04.217201,57.85,68.2,24.3,2400.033792,0.852,0x0,24,2
2026-03-29T11:54:05.240124,57.3,72.4,24.4,2400.030464,0.852,0x0,24,3
2026-03-29T11:54:06.262132,57.3,70.6,24.3,2400.03712,0.852,0x0,28,1
2026-03-29T11:54:07.287637,57.85,68.7,24.2,2400.02048,0.852,0x0,24,3
2026-03-29T11:54:08.317267,58.95,69.5,24.1,2400.033792,0.852,0x0,28,
2026-03-29T11:54:09.340449,57.85,70.0,24.0,2400.02048,0.852,0x0,28,2
2026-03-29T11:54:10.365104,58.4,69.5,24.0,2400.033792,0.852,0x0,24,2
2026-03-29T11:54:11.391626,58.95,69.1,23.9,2400.033792,0.852,0x0,28,8
2026-03-29T11:54:12.417011,57.85,69.3,23.8,2400.030464,0.852,0x0,24,3
2026-03-29T11:54:13.441750,56.75,70.7,23.7,2400.023808,0.852,0x0,28,1
2026-03-29T11:54:14.464747,58.4,67.9,23.7,2400.030464,0.852,0x0,24,3
2026-03-29T11:54:15.482552,57.3,68.0,23.7,2400.017408,0.852,0x0,24,3
2026-03-29T11:54:16.509572,57.3,67.6,23.7,2400.030464,0.852,0x0,24,2
2026-03-29T11:54:17.535612,57.3,70.0,23.7,2400.017408,0.852,0x0,28,
2026-03-29T11:54:18.555493,57.85,68.9,23.7,2400.02048,0.852,0x0,28,3
2026-03-29T11:54:19.578857,57.85,67.8,23.7,2400.033792,0.852,0x0,24,1
2026-03-29T11:54:20.603085,57.3,68.8,23.6,2400.02048,0.852,0x0,24,1
2026-03-29T11:54:21.625968,57.85,69.6,23.7,2400.023808,0.852,0x0,24,1
2026-03-29T11:54:22.647324,58.95,72.8,23.6,2400.02048,0.852,0x0,28,2
2026-03-29T11:54:23.672515,57.3,68.9,23.7,2400.02048,0.852,0x0,28,1
2026-03-29T11:54:24.693072,58.4,67.4,23.6,2400.030464,0.852,0x0,28,3
2026-03-29T11:54:25.717548,56.75,70.0,23.4,2400.023808,0.852,0x0,24,3
2026-03-29T11:54:26.741090,57.85,67.4,23.5,2400.033792,0.852,0x0,24,4
2026-03-29T11:54:27.766358,58.95,68.2,23.6,2400.02048,0.852,0x0,28,4
2026-03-29T11:54:28.789395,57.85,70.2,23.7,2400.033792,0.852,0x0,28,3
2026-03-29T11:54:29.816271,58.95,68.2,23.7,2400.030464,0.852,0x0,28,1
2026-03-29T11:54:30.843438,57.3,68.8,23.6,2400.027136,0.852,0x0,28,3
2026-03-29T11:54:31.966529,57.85,69.0,23.6,2400.030464,0.852,0x0,28,1
2026-03-29T11:54:32.985274,57.85,68.8,23.9,2400.033792,0.852,0x0,28,1
2026-03-29T11:54:34.010645,58.95,69.2,23.9,2400.027136,0.852,0x0,28,2
2026-03-29T11:54:35.033846,57.85,68.5,23.9,2400.023808,0.852,0x0,24,2
2026-03-29T11:54:36.057230,58.95,69.4,24.0,2400.030464,0.852,0x0,28,1
2026-03-29T11:54:37.081890,57.85,69.9,24.0,2400.033792,0.852,0x0,24,2
2026-03-29T11:54:38.101334,57.85,70.1,24.0,2400.033792,0.852,0x0,24,1
2026-03-29T11:54:39.121156,57.85,68.1,24.0,2400.033792,0.852,0x0,24,3
2026-03-29T11:54:40.145850,57.85,67.3,24.0,2400.023808,0.852,0x0,24,2
2026-03-29T11:54:41.174614,56.75,69.3,23.9,2400.033792,0.852,0x0,27,3
2026-03-29T11:54:42.197632,57.85,68.2,23.9,2400.03712,0.852,0x0,28,
2026-03-29T11:54:43.220377,57.85,72.8,23.8,2400.027136,0.852,0x0,28,1
2026-03-29T11:54:44.243649,57.3,68.4,23.6,2400.02048,0.852,0x0,24,3
2026-03-29T11:54:45.267445,57.3,68.5,23.6,2400.033792,0.852,0x0,24,1
2026-03-29T11:54:46.293757,58.95,68.4,23.4,2400.033792,0.852,0x0,24,4
2026-03-29T11:54:47.317520,58.95,68.5,23.5,2400.03712,0.852,0x0,24,1
2026-03-29T11:54:48.337954,57.3,69.8,23.6,2400.027136,0.852,0x0,28,0
2026-03-29T11:54:49.364633,57.85,67.6,23.6,2400.027136,0.852,0x0,24,0
2026-03-29T11:54:50.388643,58.95,68.9,23.6,2400.027136,0.852,0x0,24,2
2026-03-29T11:54:51.405924,58.95,68.8,23.5,2400.023808,0.852,0x0,28,1
2026-03-29T11:54:52.429798,57.85,67.8,23.4,2400.017408,0.852,0x0,24,2
2026-03-29T11:54:53.449876,57.3,68.2,23.4,2400.02048,0.852,0x0,24,1
2026-03-29T11:54:54.477162,57.85,67.5,23.6,2400.030464,0.852,0x0,28,2
2026-03-29T11:54:55.501013,57.85,70.1,23.6,2400.027136,0.852,0x0,28,1
2026-03-29T11:54:56.527772,56.75,66.1,23.8,2400.027136,0.852,0x0,28,4
2026-03-29T11:54:57.552927,58.4,68.8,23.7,2400.030464,0.852,0x0,28,3
2026-03-29T11:54:58.577583,56.75,69.0,23.8,2400.033792,0.852,0x0,24,3
2026-03-29T11:54:59.606812,58.95,67.3,23.9,2400.023808,0.852,0x0,24,2
2026-03-29T11:55:00.633448,57.85,68.8,23.8,2400.027136,0.852,0x0,24,0
2026-03-29T11:55:01.657243,58.4,68.5,23.6,2400.02048,0.852,0x0,25,
2026-03-29T11:55:02.679046,56.75,69.6,23.8,2400.02048,0.852,0x0,24,4
2026-03-29T11:55:03.703624,58.4,68.3,23.8,2400.023808,0.852,0x0,25,
2026-03-29T11:55:04.730842,57.85,72.5,23.8,2400.03712,0.852,0x0,24,3
2026-03-29T11:55:05.857137,57.85,68.4,23.7,2400.02048,0.852,0x0,28,
2026-03-29T11:55:06.879917,57.3,68.1,23.8,2400.023808,0.852,0x0,24,3
2026-03-29T11:55:07.899941,57.85,68.0,23.8,2400.027136,0.852,0x0,24,3
2026-03-29T11:55:08.921946,57.3,67.5,24.0,2400.033792,0.852,0x0,28,3
2026-03-29T11:55:09.946085,57.85,67.8,23.9,2400.030464,0.852,0x0,28,1
2026-03-29T11:55:10.968781,58.4,67.9,23.8,2400.02048,0.852,0x0,24,3
2026-03-29T11:55:11.991689,58.95,68.6,24.2,2400.03712,0.852,0x0,24,3
2026-03-29T11:55:13.020614,59.5,70.4,24.3,2400.02048,0.852,0x0,24,1
2026-03-29T11:55:14.041299,58.4,67.0,24.6,2400.030464,0.852,0x0,24,2
2026-03-29T11:55:15.060924,57.85,69.1,24.6,2400.030464,0.852,0x0,26,5
2026-03-29T11:55:16.095460,58.95,68.8,24.6,2400.033792,0.852,0x0,28,1
2026-03-29T11:55:17.122866,58.95,69.4,24.5,2400.023808,0.852,0x0,28,1
2026-03-29T11:55:18.148653,57.85,68.2,24.1,2400.023808,0.852,0x0,24,1
2026-03-29T11:55:19.168654,57.3,69.2,24.1,2400.02048,0.852,0x0,24,3
2026-03-29T11:55:20.194374,58.4,68.7,24.1,2400.030464,0.852,0x0,24,1
2026-03-29T11:55:21.220242,57.85,67.5,24.3,2400.023808,0.852,0x0,25,
2026-03-29T11:55:22.240731,57.3,68.3,24.5,2400.02048,0.852,0x0,28,3
2026-03-29T11:55:23.266031,58.95,68.6,24.4,2400.03712,0.852,0x0,24,3
2026-03-29T11:55:24.297033,57.3,68.8,24.4,2400.033792,0.852,0x0,28,1
2026-03-29T11:55:25.319579,57.85,69.2,24.3,2400.017408,0.852,0x0,28,1
2026-03-29T11:55:26.342163,58.4,68.1,24.2,2400.023808,0.852,0x0,28,3
2026-03-29T11:55:27.371380,57.3,67.5,24.1,2400.02048,0.852,0x0,28,2
2026-03-29T11:55:28.399074,58.95,72.0,23.9,2400.02048,0.852,0x0,24,1
2026-03-29T11:55:29.421372,57.85,68.5,23.9,2400.033792,0.852,0x0,24,5
2026-03-29T11:55:30.449514,59.5,70.0,24.0,2400.023808,0.852,0x0,24,1
2026-03-29T11:55:31.469931,59.5,67.2,23.9,2400.02048,0.852,0x0,28,2
2026-03-29T11:55:32.494250,58.95,69.0,23.8,2400.023808,0.852,0x0,25,
2026-03-29T11:55:33.517452,58.95,68.4,23.8,2400.017408,0.852,0x0,28,4
2026-03-29T11:55:34.544570,58.4,69.9,24.0,2400.030464,0.852,0x0,25,
2026-03-29T11:55:35.563644,57.85,68.2,24.1,2400.02048,0.852,0x0,28,1
2026-03-29T11:55:36.590739,58.95,67.3,24.1,2400.033792,0.852,0x0,25,
2026-03-29T11:55:37.617341,58.95,69.4,24.0,2400.030464,0.852,0x0,25,
2026-03-29T11:55:38.651148,57.85,70.7,23.7,2400.023808,0.852,0x0,28,1
2026-03-29T11:55:39.673419,58.4,69.9,23.8,2400.027136,0.852,0x0,28,1
2026-03-29T11:55:40.692705,59.5,68.3,23.9,2400.030464,0.852,0x0,28,1
2026-03-29T11:55:41.714714,58.4,70.2,23.8,2400.033792,0.852,0x0,28,1
2026-03-29T11:55:42.740524,57.85,68.0,23.8,2400.033792,0.852,0x0,28,1
2026-03-29T11:55:43.779028,57.3,68.7,23.8,2400.033792,0.852,0x0,28,3
2026-03-29T11:55:44.802450,58.4,67.5,23.7,2400.03712,0.852,0x0,24,3
2026-03-29T11:55:45.827120,58.95,68.5,23.7,2400.023808,0.852,0x0,24,1
2026-03-29T11:55:46.852679,57.85,69.0,23.6,2400.030464,0.852,0x0,24,0
2026-03-29T11:55:47.872488,58.4,69.5,23.5,2400.017408,0.852,0x0,24,4
2026-03-29T11:55:48.997528,58.95,71.3,23.3,2400.033792,0.852,0x0,24,4
2026-03-29T11:55:50.028293,57.3,67.7,23.5,2400.02048,0.852,0x0,24,3
2026-03-29T11:55:51.053228,57.85,67.3,23.5,2400.02048,0.852,0x0,28,2
2026-03-29T11:55:52.075670,58.95,68.6,23.6,2400.027136,0.852,0x0,24,3
2026-03-29T11:55:53.098914,60.05,68.4,23.6,2400.030464,0.852,0x0,28,
2026-03-29T11:55:54.119406,57.85,68.4,23.8,2400.02048,0.852,0x0,28,4
2026-03-29T11:55:55.145745,57.3,68.0,24.1,2400.033792,0.852,0x0,24,1
2026-03-29T11:55:56.172766,58.95,67.4,24.3,2400.03712,0.852,0x0,24,1
2026-03-29T11:55:57.191655,58.4,68.5,24.2,2400.033792,0.852,0x0,24,1
2026-03-29T11:55:58.218188,57.85,68.7,24.4,2400.03712,0.852,0x0,28,2
2026-03-29T11:55:59.247594,57.85,70.3,24.2,2400.02048,0.852,0x0,24,1
2026-03-29T11:56:00.270890,57.3,68.4,24.1,2400.017408,0.852,0x0,24,2
2026-03-29T11:56:01.297778,56.75,68.8,24.2,2400.023808,0.852,0x0,24,1
2026-03-29T11:56:02.317460,58.4,69.0,24.2,2400.030464,0.852,0x0,28,2
2026-03-29T11:56:03.347274,57.3,70.2,24.1,2400.033792,0.852,0x0,24,2
2026-03-29T11:56:04.371667,58.95,68.3,24.0,2400.03712,0.852,0x0,28,1
2026-03-29T11:56:05.393634,57.3,67.9,24.2,2400.02048,0.852,0x0,24,1
2026-03-29T11:56:06.421227,57.3,68.7,24.0,2400.03712,0.852,0x0,24,0
2026-03-29T11:56:07.442010,58.4,68.8,24.0,2400.02048,0.852,0x0,24,3
2026-03-29T11:56:08.464432,57.3,68.8,23.9,2400.03712,0.852,0x0,28,
2026-03-29T11:56:09.485733,56.75,68.9,24.1,2400.033792,0.852,0x0,24,2
2026-03-29T11:56:10.510578,57.85,71.4,24.0,2400.030464,0.852,0x0,28,1
2026-03-29T11:56:11.534593,57.3,66.2,23.9,2400.030464,0.852,0x0,24,3
2026-03-29T11:56:12.562478,56.75,68.5,24.1,2400.023808,0.852,0x0,28,
2026-03-29T11:56:13.587486,57.85,70.2,24.2,2400.03712,0.852,0x0,24,1
2026-03-29T11:56:14.609147,57.3,65.6,24.3,2400.030464,0.852,0x0,24,3
2026-03-29T11:56:15.639320,57.3,69.3,24.1,2400.027136,0.852,0x0,24,1
2026-03-29T11:56:16.663840,56.75,68.5,24.2,2400.03712,0.852,0x0,28,1
2026-03-29T11:56:17.686817,58.4,69.2,24.0,2400.027136,0.852,0x0,28,
2026-03-29T11:56:18.713092,57.85,69.5,24.0,2400.030464,0.852,0x0,28,1
2026-03-29T11:56:19.735998,58.95,69.4,24.2,2400.033792,0.852,0x0,24,1
2026-03-29T11:56:20.758689,57.3,69.0,24.3,2400.033792,0.852,0x0,28,1
2026-03-29T11:56:21.781735,56.75,70.5,24.5,2400.02048,0.852,0x0,26,5
2026-03-29T11:56:22.807699,57.85,69.0,24.4,2400.02048,0.852,0x0,28,1
2026-03-29T11:56:23.827696,57.3,68.5,24.5,2400.033792,0.852,0x0,28,
2026-03-29T11:56:24.858574,57.3,69.4,24.5,2400.027136,0.852,0x0,28,2
2026-03-29T11:56:25.888552,58.95,68.0,24.4,2400.030464,0.852,0x0,24,2
2026-03-29T11:56:26.913916,57.85,69.1,24.3,2400.023808,0.852,0x0,24,1
2026-03-29T11:56:27.938158,57.3,68.9,24.3,2400.030464,0.852,0x0,24,3
2026-03-29T11:56:28.968650,57.85,68.3,24.6,2400.027136,0.852,0x0,24,4
2026-03-29T11:56:29.991627,58.4,69.1,24.7,2400.02048,0.852,0x0,25,
2026-03-29T11:56:31.017145,55.65,68.1,24.6,2400.027136,0.852,0x0,25,
2026-03-29T11:56:32.141448,57.85,69.7,24.6,2400.03712,0.852,0x0,28,1
2026-03-29T11:56:33.163686,57.3,71.4,24.5,2400.033792,0.852,0x0,24,3
2026-03-29T11:56:34.187426,57.85,68.1,24.3,2400.02048,0.852,0x0,26,3
2026-03-29T11:56:35.211476,57.3,69.2,24.0,2400.027136,0.852,0x0,24,1
2026-03-29T11:56:36.235021,56.75,68.3,24.0,2400.02048,0.852,0x0,24,4
2026-03-29T11:56:37.266760,58.4,68.2,23.9,2400.02048,0.852,0x0,28,
2026-03-29T11:56:38.288999,57.3,68.7,24.2,2400.030464,0.852,0x0,28,2
2026-03-29T11:56:39.311771,60.05,69.7,23.8,2400.030464,0.852,0x0,28,1
2026-03-29T11:56:40.336021,58.4,69.4,24.1,2400.030464,0.852,0x0,24,2
2026-03-29T11:56:41.363110,57.3,68.8,24.1,2400.03712,0.852,0x0,28,
2026-03-29T11:56:42.390746,57.3,68.1,24.1,2400.03712,0.852,0x0,24,2
2026-03-29T11:56:43.417388,57.3,67.2,23.8,2400.033792,0.852,0x0,28,6
2026-03-29T11:56:44.442007,57.85,68.8,24.0,2400.02048,0.852,0x0,24,2
2026-03-29T11:56:45.465241,57.85,69.3,23.9,2400.017408,0.852,0x0,24,3
2026-03-29T11:56:46.486783,57.85,69.1,24.0,2400.02048,0.852,0x0,28,0
2026-03-29T11:56:47.512673,58.4,68.5,23.8,2400.03712,0.852,0x0,28,2
2026-03-29T11:56:48.637764,57.85,68.4,24.1,2400.023808,0.852,0x0,24,1
2026-03-29T11:56:49.662305,58.4,69.1,24.2,2400.033792,0.852,0x0,26,
2026-03-29T11:56:50.689330,56.75,69.0,24.3,2400.033792,0.852,0x0,28,3
2026-03-29T11:56:51.712734,57.3,68.2,24.4,2400.023808,0.852,0x0,24,3
2026-03-29T11:56:52.794361,57.85,69.6,24.3,2400.03712,0.852,0x0,25,
2026-03-29T11:56:53.814819,57.3,68.4,24.0,2400.023808,0.852,0x0,24,2
2026-03-29T11:56:54.835313,58.4,73.7,24.0,2400.033792,0.852,0x0,28,2
2026-03-29T11:56:55.859145,57.85,68.1,23.7,2400.02048,0.852,0x0,24,1
2026-03-29T11:56:56.881089,57.85,70.5,23.8,2400.030464,0.852,0x0,24,2
2026-03-29T11:56:57.899329,57.85,70.0,23.7,2400.02048,0.852,0x0,24,1
2026-03-29T11:56:58.926790,57.85,68.5,23.7,2400.027136,0.852,0x0,28,3
2026-03-29T11:56:59.946183,57.3,69.0,23.7,2400.02048,0.852,0x0,28,3
2026-03-29T11:57:00.978342,57.85,70.4,23.7,2400.033792,0.852,0x0,24,0
2026-03-29T11:57:01.995237,56.75,67.8,24.1,2400.027136,0.852,0x0,28,3
2026-03-29T11:57:03.018638,57.3,67.0,23.8,2400.02048,0.852,0x0,24,3
2026-03-29T11:57:04.041133,57.3,69.0,24.1,2400.033792,0.852,0x0,28,2
2026-03-29T11:57:05.065589,55.65,71.3,24.0,2400.030464,0.852,0x0,24,1
2026-03-29T11:57:06.086850,58.4,69.3,24.1,2400.02048,0.852,0x0,24,1
2026-03-29T11:57:07.109497,57.85,69.4,24.3,2400.027136,0.852,0x0,28,1
2026-03-29T11:57:08.135094,58.95,67.7,24.3,2400.033792,0.852,0x0,24,3
2026-03-29T11:57:09.159613,57.3,68.8,24.6,2400.02048,0.852,0x0,24,3
2026-03-29T11:57:10.179998,57.85,70.4,24.7,2400.027136,0.852,0x0,24,3
2026-03-29T11:57:11.204723,57.85,73.5,24.3,2400.02048,0.852,0x0,28,6
2026-03-29T11:57:12.236701,58.4,68.4,24.2,2400.023808,0.852,0x0,24,3
2026-03-29T11:57:13.261167,56.75,68.5,24.1,2400.02048,0.852,0x0,25,
2026-03-29T11:57:14.283971,57.85,68.1,24.2,2400.030464,0.852,0x0,24,3
2026-03-29T11:57:15.306642,57.3,69.2,24.4,2400.02048,0.852,0x0,24,1
2026-03-29T11:57:16.331636,58.4,68.4,24.4,2400.030464,0.852,0x0,28,2
2026-03-29T11:57:17.352866,58.4,68.1,24.6,2400.033792,0.852,0x0,24,3
2026-03-29T11:57:18.379249,57.85,69.1,24.5,2400.027136,0.852,0x0,24,0
2026-03-29T11:57:19.400124,57.3,69.6,24.4,2400.03712,0.852,0x0,28,7
2026-03-29T11:57:20.430090,57.3,69.5,24.4,2400.023808,0.852,0x0,24,4
2026-03-29T11:57:21.454548,57.3,68.3,24.4,2400.023808,0.852,0x0,25,
2026-03-29T11:57:22.486605,57.85,68.2,24.1,2400.02048,0.852,0x0,24,3
2026-03-29T11:57:23.509584,57.3,68.6,24.0,2400.033792,0.852,0x0,28,2
2026-03-29T11:57:24.534566,57.3,68.5,23.7,2400.023808,0.852,0x0,24,1
2026-03-29T11:57:25.559595,57.85,68.6,23.9,2400.03712,0.852,0x0,28,1
2026-03-29T11:57:26.590224,57.3,69.6,24.1,2400.027136,0.852,0x0,24,1
2026-03-29T11:57:27.610776,57.85,68.1,24.0,2400.02048,0.852,0x0,28,1
2026-03-29T11:57:28.635661,57.3,67.6,24.1,2400.02048,0.852,0x0,24,3
2026-03-29T11:57:29.660855,57.85,68.3,24.2,2400.023808,0.852,0x0,24,1
2026-03-29T11:57:30.680453,57.3,69.1,24.0,2400.027136,0.852,0x0,24,1
2026-03-29T11:57:31.701868,56.75,68.9,24.1,2400.030464,0.852,0x0,24,3
2026-03-29T11:57:32.730158,56.75,68.2,24.2,2400.027136,0.852,0x0,25,2
2026-03-29T11:57:33.754029,58.95,68.3,24.2,2400.027136,0.852,0x0,28,3
2026-03-29T11:57:34.776783,57.85,73.3,24.4,2400.023808,0.852,0x0,24,2
2026-03-29T11:57:35.806110,57.3,69.4,24.5,2400.033792,0.852,0x0,28,1
2026-03-29T11:57:36.827721,57.3,70.5,24.3,2400.030464,0.852,0x0,24,1
2026-03-29T11:57:37.853231,57.3,69.6,24.2,2400.030464,0.852,0x0,24,2
2026-03-29T11:57:38.878385,56.75,67.3,24.4,2400.030464,0.852,0x0,28,
2026-03-29T11:57:39.901967,57.85,68.6,24.4,2400.030464,0.852,0x0,24,3
2026-03-29T11:57:40.932454,56.2,67.8,24.2,2400.02048,0.852,0x0,25,
2026-03-29T11:57:41.955624,57.85,68.3,24.0,2400.033792,0.852,0x0,24,3
2026-03-29T11:57:42.984987,58.4,68.8,24.2,2400.023808,0.852,0x0,24,1
2026-03-29T11:57:44.003030,57.85,67.7,24.3,2400.03712,0.852,0x0,25,
2026-03-29T11:57:45.026921,57.85,69.4,24.2,2400.030464,0.852,0x0,24,1
2026-03-29T11:57:46.050874,57.85,68.9,24.5,2400.023808,0.852,0x0,24,2
2026-03-29T11:57:47.081556,58.95,68.9,24.7,2400.023808,0.852,0x0,24,1
2026-03-29T11:57:48.103208,57.3,69.1,24.6,2400.02048,0.852,0x0,24,1
2026-03-29T11:57:49.123460,57.85,67.2,24.6,2400.02048,0.852,0x0,28,4
2026-03-29T11:57:50.238851,57.3,70.0,24.6,2400.03712,0.852,0x0,28,7
2026-03-29T11:57:51.263678,57.3,70.3,24.6,2400.023808,0.852,0x0,24,3
2026-03-29T11:57:52.292586,58.4,68.4,24.4,2400.027136,0.852,0x0,25,
2026-03-29T11:57:53.318202,57.85,68.6,24.2,2400.033792,0.852,0x0,28,2
2026-03-29T11:57:54.338041,57.85,69.4,24.3,2400.027136,0.852,0x0,24,3
2026-03-29T11:57:55.372282,57.85,70.1,24.3,2400.023808,0.852,0x0,24,2
2026-03-29T11:57:56.408046,57.85,73.3,24.2,2400.033792,0.852,0x0,26,
2026-03-29T11:57:57.530256,57.3,69.0,24.0,2400.03712,0.852,0x0,28,
2026-03-29T11:57:58.555653,58.95,68.7,23.9,2400.023808,0.852,0x0,28,3
2026-03-29T11:57:59.575041,57.85,67.9,24.0,2400.03712,0.852,0x0,24,3
2026-03-29T11:58:00.602036,57.85,68.8,24.1,2400.023808,0.852,0x0,24,1
2026-03-29T11:58:01.624588,58.4,69.6,24.1,2400.023808,0.852,0x0,28,2
2026-03-29T11:58:02.650246,58.4,69.2,24.2,2400.033792,0.852,0x0,25,
2026-03-29T11:58:03.677483,57.3,68.3,24.4,2400.027136,0.852,0x0,24,3
2026-03-29T11:58:04.711395,58.95,83.0,24.7,2400.02048,0.852,0x0,26,1
2026-03-29T11:58:05.750991,58.4,82.9,25.2,2400.027136,0.852,0x0,28,3
2026-03-29T11:58:06.775161,57.85,88.3,26.1,2400.030464,0.852,0x0,28,4
2026-03-29T11:58:07.819722,58.4,92.9,27.3,2400.023808,0.852,0x0,28,1
2026-03-29T11:58:08.957683,58.95,91.7,27.0,2400.030464,0.852,0x0,25,
2026-03-29T11:58:09.984696,57.3,77.3,26.8,2400.023808,0.852,0x0,28,1
2026-03-29T11:58:11.006961,56.75,70.8,26.6,2400.02048,0.852,0x0,24,3
2026-03-29T11:58:12.028334,57.85,67.2,26.6,2400.027136,0.852,0x0,28,1
2026-03-29T11:58:13.047166,57.85,68.8,26.3,2400.02048,0.852,0x0,27,
2026-03-29T11:58:14.071216,57.3,69.0,26.2,2400.030464,0.852,0x0,28,3
2026-03-29T11:58:15.090414,57.85,69.5,25.9,2400.02048,0.852,0x0,28,1
2026-03-29T11:58:16.116578,57.85,72.7,25.8,2400.030464,0.852,0x0,28,
2026-03-29T11:58:17.141063,56.75,69.4,25.3,2400.030464,0.852,0x0,25,
2026-03-29T11:58:18.163800,57.3,76.0,24.3,2400.033792,0.852,0x0,25,3
2026-03-29T11:58:19.187572,58.4,73.9,23.9,2400.033792,0.852,0x0,24,4
2026-03-29T11:58:20.210452,57.85,67.8,23.8,2400.023808,0.852,0x0,28,3
2026-03-29T11:58:21.233001,57.3,69.7,23.7,2400.03712,0.852,0x0,24,3
2026-03-29T11:58:22.265755,58.95,70.7,23.7,2400.027136,0.852,0x0,24,1
2026-03-29T11:58:23.285626,58.4,68.6,23.8,2400.033792,0.852,0x0,28,1
2026-03-29T11:58:24.309442,58.4,68.8,24.1,2400.02048,0.852,0x0,28,3
2026-03-29T11:58:25.331015,57.85,67.4,24.1,2400.030464,0.852,0x0,24,3
2026-03-29T11:58:26.359526,57.3,68.9,23.9,2400.030464,0.852,0x0,24,2
2026-03-29T11:58:27.391825,57.85,69.4,23.9,2400.030464,0.852,0x0,24,3
2026-03-29T11:58:28.421763,56.75,67.3,24.0,2400.027136,0.852,0x0,28,5
2026-03-29T11:58:29.547256,57.85,68.8,24.1,2400.027136,0.852,0x0,24,2
2026-03-29T11:58:30.572271,56.75,69.4,23.9,2400.023808,0.852,0x0,28,1
2026-03-29T11:58:31.597033,58.4,70.3,24.0,2400.030464,0.852,0x0,28,3
2026-03-29T11:58:32.621386,56.75,68.9,24.2,2400.023808,0.852,0x0,28,2
2026-03-29T11:58:33.643594,56.75,68.4,24.1,2400.027136,0.852,0x0,24,3
2026-03-29T11:58:34.668602,57.85,69.4,24.2,2400.02048,0.852,0x0,24,3
2026-03-29T11:58:35.700637,58.4,68.6,24.1,2400.02048,0.852,0x0,27,6
2026-03-29T11:58:36.723608,57.85,69.3,24.0,2400.03712,0.852,0x0,24,2
2026-03-29T11:58:37.742683,57.85,69.1,24.2,2400.027136,0.852,0x0,24,1
2026-03-29T11:58:38.765057,56.2,67.7,24.2,2400.030464,0.852,0x0,24,3
2026-03-29T11:58:39.789441,58.4,73.1,24.1,2400.027136,0.852,0x0,28,2
2026-03-29T11:58:40.811475,57.85,70.2,23.9,2400.027136,0.852,0x0,28,4
2026-03-29T11:58:41.834353,57.85,68.2,24.0,2400.023808,0.852,0x0,28,7
2026-03-29T11:58:42.858207,57.3,68.1,23.8,2400.030464,0.852,0x0,28,2
2026-03-29T11:58:43.883423,58.95,67.6,23.8,2400.02048,0.852,0x0,24,2
2026-03-29T11:58:44.908260,57.3,68.8,24.1,2400.03712,0.852,0x0,24,3
2026-03-29T11:58:45.931428,57.85,67.9,24.2,2400.023808,0.852,0x0,24,1
2026-03-29T11:58:46.952553,56.75,70.5,24.1,2400.030464,0.852,0x0,28,2
2026-03-29T11:58:47.973075,57.85,67.4,24.0,2400.023808,0.852,0x0,24,3
2026-03-29T11:58:48.999055,57.3,67.8,23.9,2400.02048,0.852,0x0,24,1
2026-03-29T11:58:50.019569,57.85,67.9,23.7,2400.027136,0.852,0x0,24,3
2026-03-29T11:58:51.042186,58.95,68.8,23.8,2400.023808,0.852,0x0,24,2
2026-03-29T11:58:52.064731,58.4,67.1,24.0,2400.027136,0.852,0x0,28,1
2026-03-29T11:58:53.091607,56.75,68.7,24.1,2400.023808,0.852,0x0,24,1
2026-03-29T11:58:54.112622,57.85,68.6,24.2,2400.030464,0.852,0x0,28,4
2026-03-29T11:58:55.137596,57.3,67.7,24.2,2400.033792,0.852,0x0,24,3
2026-03-29T11:58:56.173275,58.4,68.8,24.2,2400.023808,0.852,0x0,24,2
2026-03-29T11:58:57.194088,57.3,68.3,24.1,2400.033792,0.852,0x0,24,2
2026-03-29T11:58:58.216178,58.95,68.4,24.1,2400.03712,0.852,0x0,28,1
2026-03-29T11:58:59.244741,57.3,67.5,23.9,2400.033792,0.852,0x0,24,1
2026-03-29T11:59:00.277020,58.4,69.0,24.0,2400.030464,0.852,0x0,24,3
2026-03-29T11:59:01.299662,58.95,71.0,23.9,2400.02048,0.852,0x0,25,2
2026-03-29T11:59:02.343132,56.75,70.8,23.9,2400.02048,0.852,0x0,28,1
2026-03-29T11:59:03.368960,57.85,69.2,23.9,2400.03712,0.852,0x0,28,1
2026-03-29T11:59:04.393259,58.4,66.7,24.0,2400.033792,0.852,0x0,28,3
2026-03-29T11:59:05.417028,57.3,68.7,24.1,2400.033792,0.852,0x0,28,1
2026-03-29T11:59:06.442620,57.85,69.1,23.9,2400.02048,0.852,0x0,28,1
2026-03-29T11:59:07.469600,57.3,69.6,24.0,2400.033792,0.852,0x0,28,
2026-03-29T11:59:08.495845,58.4,68.9,24.1,2400.033792,0.852,0x0,28,1
2026-03-29T11:59:09.520557,57.85,67.4,24.0,2400.02048,0.852,0x0,24,3
2026-03-29T11:59:10.548723,59.5,69.6,23.9,2400.03712,0.852,0x0,24,3
2026-03-29T11:59:11.572579,57.3,71.2,24.0,2400.027136,0.852,0x0,25,
2026-03-29T11:59:12.594168,56.75,67.7,24.1,2400.033792,0.852,0x0,28,2
2026-03-29T11:59:13.622013,57.3,67.8,23.9,2400.027136,0.852,0x0,24,2
2026-03-29T11:59:14.642205,58.95,69.4,24.0,2400.023808,0.852,0x0,28,
2026-03-29T11:59:15.664705,57.3,68.9,23.8,2400.030464,0.852,0x0,24,3
2026-03-29T11:59:16.687412,56.75,69.4,24.1,2400.02048,0.852,0x0,28,1
2026-03-29T11:59:17.710509,58.95,68.2,24.0,2400.02048,0.852,0x0,24,2
2026-03-29T11:59:18.737513,57.85,68.2,24.1,2400.027136,0.852,0x0,24,3
2026-03-29T11:59:19.762155,57.85,68.5,24.0,2400.027136,0.852,0x0,27,1
2026-03-29T11:59:20.782917,58.4,68.4,24.0,2400.02048,0.852,0x0,27,6
2026-03-29T11:59:21.807382,57.3,69.6,24.2,2400.017408,0.852,0x0,28,2
2026-03-29T11:59:22.836198,57.3,71.7,24.1,2400.033792,0.852,0x0,24,1
2026-03-29T11:59:23.859040,57.3,71.3,24.3,2400.03712,0.852,0x0,25,2
2026-03-29T11:59:24.880586,57.85,68.3,24.4,2400.02048,0.852,0x0,28,2
2026-03-29T11:59:25.904025,57.85,68.4,24.4,2400.027136,0.852,0x0,28,3
2026-03-29T11:59:26.934398,57.85,68.6,24.3,2400.033792,0.852,0x0,28,
2026-03-29T11:59:27.957495,57.85,69.5,24.3,2400.027136,0.852,0x0,28,2
2026-03-29T11:59:28.985293,58.95,68.6,24.4,2400.017408,0.852,0x0,24,3
2026-03-29T11:59:30.008971,57.85,70.1,24.4,2400.02048,0.852,0x0,28,3
2026-03-29T11:59:31.033756,57.85,68.1,24.4,2400.033792,0.852,0x0,28,5
2026-03-29T11:59:32.056665,56.2,69.7,24.0,2400.027136,0.852,0x0,24,3
2026-03-29T11:59:33.077331,57.85,68.8,24.2,2400.02048,0.852,0x0,24,3
2026-03-29T11:59:34.102671,58.95,68.6,24.2,2400.030464,0.852,0x0,28,
2026-03-29T11:59:35.125881,58.4,68.1,24.4,2400.03712,0.852,0x0,28,
2026-03-29T11:59:36.154432,58.95,68.5,24.2,2400.023808,0.852,0x0,25,4
2026-03-29T11:59:37.178078,57.3,68.5,24.3,2400.03712,0.852,0x0,24,3
2026-03-29T11:59:38.204501,58.4,69.7,24.4,2400.033792,0.852,0x0,28,
2026-03-29T11:59:39.235947,58.95,69.1,24.3,2400.017408,0.852,0x0,24,2
2026-03-29T11:59:40.267172,58.4,67.9,24.4,2400.023808,0.852,0x0,24,3
2026-03-29T11:59:41.291667,56.75,69.9,24.4,2400.033792,0.852,0x0,28,3
2026-03-29T11:59:42.316709,57.3,67.1,24.4,2400.030464,0.852,0x0,24,3
2026-03-29T11:59:43.342755,58.4,68.4,24.2,2400.033792,0.852,0x0,28,2
2026-03-29T11:59:44.363293,57.85,69.1,24.2,2400.02048,0.852,0x0,29,
2026-03-29T11:59:45.386947,57.3,67.7,24.4,2400.023808,0.852,0x0,28,3
2026-03-29T11:59:46.512442,56.75,70.3,24.2,2400.033792,0.852,0x0,24,3
2026-03-29T11:59:47.538513,57.85,69.6,24.2,2400.030464,0.852,0x0,25,3
2026-03-29T11:59:48.560939,58.95,68.5,24.4,2400.03712,0.852,0x0,28,2
2026-03-29T11:59:49.582444,57.85,70.1,24.6,2400.023808,0.852,0x0,28,7
2026-03-29T11:59:50.606649,57.85,67.6,24.4,2400.023808,0.852,0x0,24,1
2026-03-29T11:59:51.632066,57.85,69.4,24.5,2400.03712,0.852,0x0,28,1
2026-03-29T11:59:52.653833,57.3,69.2,24.6,2400.03712,0.852,0x0,24,3
2026-03-29T11:59:53.675659,57.85,68.4,24.5,2400.030464,0.852,0x0,24,1
2026-03-29T11:59:54.703646,58.95,68.7,24.5,2400.023808,0.852,0x0,28,1
2026-03-29T11:59:55.727587,57.85,67.8,24.3,2400.033792,0.852,0x0,24,2
2026-03-29T11:59:56.754439,58.4,68.8,24.2,2400.023808,0.852,0x0,28,
2026-03-29T11:59:57.777592,56.75,69.2,24.2,2400.02048,0.852,0x0,24,2
2026-03-29T11:59:58.803193,57.85,68.6,24.0,2400.027136,0.852,0x0,28,
2026-03-29T11:59:59.830799,57.85,68.8,24.1,2400.023808,0.852,0x0,24,1
2026-03-29T12:00:00.854221,57.85,68.6,24.1,2400.030464,0.852,0x0,28,2
2026-03-29T12:00:01.875477,57.3,68.7,24.1,2400.02048,0.852,0x0,24,4
2026-03-29T12:00:02.905812,60.05,71.2,24.1,2400.023808,0.852,0x0,28,1
2026-03-29T12:00:03.930652,57.3,68.1,24.1,2400.027136,0.852,0x0,24,3
2026-03-29T12:00:04.955000,57.3,69.2,23.9,2400.033792,0.852,0x0,28,3
2026-03-29T12:00:05.977072,56.75,66.6,23.7,2400.030464,0.852,0x0,28,1
2026-03-29T12:00:07.005986,59.5,70.1,23.7,2400.027136,0.852,0x0,24,1
2026-03-29T12:00:08.036613,57.3,72.1,23.7,2400.027136,0.852,0x0,24,1
2026-03-29T12:00:09.055476,58.95,68.3,23.7,2400.017408,0.852,0x0,28,
2026-03-29T12:00:10.082648,59.5,71.0,23.8,2400.027136,0.852,0x0,24,4
2026-03-29T12:00:11.114477,57.85,68.6,23.7,2400.027136,0.852,0x0,24,2
2026-03-29T12:00:12.134651,57.85,68.4,23.7,2400.023808,0.852,0x0,28,5
2026-03-29T12:00:13.165071,58.4,68.4,23.7,2400.02048,0.852,0x0,28,1
2026-03-29T12:00:14.190997,56.75,67.8,23.9,2400.017408,0.852,0x0,28,1
2026-03-29T12:00:15.218874,57.3,67.4,23.9,2400.023808,0.852,0x0,25,
2026-03-29T12:00:16.247508,57.85,67.8,24.0,2400.033792,0.852,0x0,24,1
2026-03-29T12:00:17.271030,57.3,70.1,24.1,2400.030464,0.852,0x0,26,2
2026-03-29T12:00:18.293814,56.2,69.2,24.1,2400.030464,0.852,0x0,24,3
2026-03-29T12:00:19.318474,57.85,68.8,23.9,2400.030464,0.852,0x0,24,0
2026-03-29T12:00:20.338994,58.4,68.7,24.1,2400.027136,0.852,0x0,24,3
2026-03-29T12:00:21.364248,57.3,68.8,24.2,2400.03712,0.852,0x0,28,1
2026-03-29T12:00:22.383887,57.3,70.0,24.0,2400.027136,0.852,0x0,24,3
2026-03-29T12:00:23.410469,56.75,72.8,24.0,2400.033792,0.852,0x0,28,2
2026-03-29T12:00:24.435672,57.3,67.1,24.2,2400.02048,0.852,0x0,24,1
2026-03-29T12:00:25.454989,57.85,67.9,24.0,2400.033792,0.852,0x0,28,2
2026-03-29T12:00:26.478137,56.75,68.8,24.2,2400.03712,0.852,0x0,28,1
2026-03-29T12:00:27.501658,57.85,69.1,24.1,2400.02048,0.852,0x0,28,1
2026-03-29T12:00:28.529253,56.75,68.8,23.9,2400.027136,0.852,0x0,24,3
2026-03-29T12:00:29.550110,58.4,68.9,24.0,2400.030464,0.852,0x0,28,3
2026-03-29T12:00:30.571604,57.85,68.7,24.3,2400.02048,0.852,0x0,24,4
2026-03-29T12:00:31.593468,57.3,66.3,24.4,2400.030464,0.852,0x0,28,3
2026-03-29T12:00:32.615293,57.85,69.3,24.2,2400.023808,0.852,0x0,24,1
2026-03-29T12:00:33.640525,57.3,68.7,24.2,2400.027136,0.852,0x0,28,1
2026-03-29T12:00:34.661277,57.3,68.7,24.0,2400.017408,0.852,0x0,28,2
2026-03-29T12:00:35.687596,59.5,68.8,24.1,2400.03712,0.852,0x0,28,2
2026-03-29T12:00:36.711110,57.3,68.5,24.2,2400.033792,0.852,0x0,28,1
2026-03-29T12:00:37.735591,56.75,68.5,24.3,2400.030464,0.852,0x0,28,1
2026-03-29T12:00:38.762972,57.85,68.8,24.2,2400.033792,0.852,0x0,24,3
2026-03-29T12:00:39.790459,57.3,67.7,24.2,2400.027136,0.852,0x0,28,3
2026-03-29T12:00:40.814551,57.3,67.9,24.2,2400.02048,0.852,0x0,24,1
2026-03-29T12:00:41.839649,56.75,67.7,24.4,2400.02048,0.852,0x0,28,1
2026-03-29T12:00:42.867577,57.85,69.2,24.1,2400.030464,0.852,0x0,24,2
2026-03-29T12:00:43.892868,58.95,67.4,24.2,2400.02048,0.852,0x0,25,
2026-03-29T12:00:44.917646,56.75,69.1,24.4,2400.030464,0.852,0x0,27,6
2026-03-29T12:00:45.947879,57.85,68.8,24.3,2400.030464,0.852,0x0,28,1
2026-03-29T12:00:46.969047,56.75,71.4,24.4,2400.030464,0.852,0x0,28,1
2026-03-29T12:00:48.094998,56.2,68.6,24.4,2400.030464,0.852,0x0,24,3
2026-03-29T12:00:49.120899,58.4,68.7,24.5,2400.030464,0.852,0x0,24,3
2026-03-29T12:00:50.142324,58.4,68.3,24.3,2400.02048,0.852,0x0,24,3
2026-03-29T12:00:51.162644,58.4,68.8,24.4,2400.027136,0.852,0x0,28,0
2026-03-29T12:00:52.285318,58.4,68.9,24.4,2400.030464,0.852,0x0,24,5
2026-03-29T12:00:53.312250,57.85,68.2,24.3,2400.02048,0.852,0x0,28,4
2026-03-29T12:00:54.336225,56.75,69.3,24.5,2400.02048,0.852,0x0,28,2
2026-03-29T12:00:55.359959,57.85,69.9,24.5,2400.02048,0.852,0x0,24,1
2026-03-29T12:00:56.382063,56.75,68.1,24.4,2400.017408,0.852,0x0,28,
2026-03-29T12:00:57.408722,56.75,68.5,24.4,2400.033792,0.852,0x0,24,1
2026-03-29T12:00:58.443728,57.85,69.2,24.6,2400.023808,0.852,0x0,24,2
2026-03-29T12:00:59.464729,57.85,69.7,24.5,2400.030464,0.852,0x0,28,1
2026-03-29T12:01:00.485899,56.75,68.8,24.4,2400.02048,0.852,0x0,25,5
2026-03-29T12:01:01.510490,57.3,69.7,24.4,2400.033792,0.852,0x0,24,3
2026-03-29T12:01:02.533971,56.75,67.3,24.5,2400.030464,0.852,0x0,25,
2026-03-29T12:01:03.567435,57.85,70.4,24.1,2400.03712,0.852,0x0,28,1
2026-03-29T12:01:04.588592,57.85,68.2,24.1,2400.030464,0.852,0x0,24,4
2026-03-29T12:01:05.607261,58.4,67.7,24.1,2400.02048,0.852,0x0,24,3
2026-03-29T12:01:06.639086,58.4,69.2,24.0,2400.023808,0.852,0x0,28,5
2026-03-29T12:01:07.662527,57.85,68.2,24.1,2400.030464,0.852,0x0,24,3
2026-03-29T12:01:08.685437,59.5,72.1,24.0,2400.027136,0.852,0x0,24,3
2026-03-29T12:01:09.707286,58.4,68.9,24.0,2400.02048,0.852,0x0,24,1
2026-03-29T12:01:10.728971,57.3,69.1,24.0,2400.030464,0.852,0x0,28,1
2026-03-29T12:01:11.753377,57.85,67.7,24.0,2400.030464,0.852,0x0,28,3
2026-03-29T12:01:12.780964,57.3,70.3,23.9,2400.027136,0.852,0x0,24,3
2026-03-29T12:01:13.815149,56.75,68.5,23.7,2400.023808,0.852,0x0,28,1
2026-03-29T12:01:14.836685,56.75,67.8,23.8,2400.02048,0.852,0x0,24,3
2026-03-29T12:01:15.859185,57.85,68.0,23.9,2400.02048,0.852,0x0,24,3
2026-03-29T12:01:16.885893,58.4,70.3,24.0,2400.02048,0.852,0x0,24,1
2026-03-29T12:01:17.913327,56.75,69.4,24.3,2400.030464,0.852,0x0,28,
2026-03-29T12:01:18.935714,57.85,69.2,24.1,2400.023808,0.852,0x0,28,2
2026-03-29T12:01:19.955820,58.4,67.9,24.1,2400.027136,0.852,0x0,24,1
2026-03-29T12:01:20.985272,57.3,69.1,24.2,2400.02048,0.852,0x0,28,1
2026-03-29T12:01:22.011903,57.3,68.4,24.2,2400.023808,0.852,0x0,28,2
2026-03-29T12:01:23.034011,56.75,69.8,24.3,2400.02048,0.852,0x0,24,3
2026-03-29T12:01:24.056217,57.3,68.6,24.2,2400.033792,0.852,0x0,24,2
2026-03-29T12:01:25.086869,57.85,68.7,23.9,2400.023808,0.852,0x0,28,1
2026-03-29T12:01:26.109867,58.4,68.1,24.0,2400.03712,0.852,0x0,24,2
2026-03-29T12:01:27.134114,57.3,68.6,24.0,2400.027136,0.852,0x0,28,
2026-03-29T12:01:28.159894,56.75,68.9,24.1,2400.033792,0.852,0x0,28,1
2026-03-29T12:01:29.182997,57.85,70.3,24.0,2400.033792,0.852,0x0,28,2
2026-03-29T12:01:30.204668,56.75,71.5,24.0,2400.033792,0.852,0x0,28,1
2026-03-29T12:01:31.231612,57.85,67.9,24.2,2400.030464,0.852,0x0,24,1
2026-03-29T12:01:32.255601,57.3,66.5,24.0,2400.033792,0.852,0x0,28,2
2026-03-29T12:01:33.280554,56.75,68.8,24.1,2400.03712,0.852,0x0,25,3
2026-03-29T12:01:34.307794,57.85,68.9,24.3,2400.030464,0.852,0x0,24,3
2026-03-29T12:01:35.329165,56.75,69.3,24.2,2400.033792,0.852,0x0,28,1
2026-03-29T12:01:36.355919,56.75,68.7,24.1,2400.02048,0.852,0x0,24,2
2026-03-29T12:01:37.378744,56.2,68.2,24.1,2400.033792,0.852,0x0,28,3
2026-03-29T12:01:38.406831,58.95,70.3,23.9,2400.027136,0.852,0x0,24,3
2026-03-29T12:01:39.429851,58.4,69.0,23.8,2400.02048,0.852,0x0,28,1
2026-03-29T12:01:40.451517,56.75,68.8,23.9,2400.017408,0.852,0x0,28,3
2026-03-29T12:01:41.473406,58.4,69.3,23.9,2400.030464,0.852,0x0,28,3
2026-03-29T12:01:42.500828,57.85,68.9,23.9,2400.023808,0.852,0x0,28,2
2026-03-29T12:01:43.530160,56.75,70.0,23.9,2400.030464,0.852,0x0,28,2
2026-03-29T12:01:44.550529,56.75,68.5,23.8,2400.030464,0.852,0x0,28,1
2026-03-29T12:01:45.575592,56.75,68.1,23.8,2400.023808,0.852,0x0,24,1
2026-03-29T12:01:46.596791,55.65,68.8,23.8,2400.027136,0.852,0x0,26,
2026-03-29T12:01:47.624397,58.95,68.3,23.7,2400.023808,0.852,0x0,25,
2026-03-29T12:01:48.654517,57.3,69.2,23.6,2400.02048,0.852,0x0,24,3
2026-03-29T12:01:49.679267,55.65,67.5,23.6,2400.033792,0.852,0x0,24,2
2026-03-29T12:01:50.702031,57.85,69.2,23.6,2400.02048,0.852,0x0,24,1
2026-03-29T12:01:51.726636,57.85,67.8,23.6,2400.027136,0.852,0x0,28,1
2026-03-29T12:01:52.753488,58.4,68.7,23.7,2400.023808,0.852,0x0,27,6
2026-03-29T12:01:53.776647,58.95,73.6,24.0,2400.027136,0.852,0x0,24,3
2026-03-29T12:01:54.797802,57.85,68.4,23.9,2400.02048,0.852,0x0,28,3
2026-03-29T12:01:55.818470,56.75,68.6,23.9,2400.023808,0.852,0x0,24,3
2026-03-29T12:01:56.841336,57.3,69.1,24.0,2400.02048,0.852,0x0,24,1
2026-03-29T12:01:57.963800,57.3,67.7,23.9,2400.033792,0.852,0x0,24,2
2026-03-29T12:01:58.993314,57.3,68.4,23.9,2400.023808,0.852,0x0,24,3
2026-03-29T12:02:00.016217,58.4,69.8,23.6,2400.02048,0.852,0x0,24,2
2026-03-29T12:02:01.040097,56.75,67.2,23.6,2400.027136,0.852,0x0,25,4
2026-03-29T12:02:02.065326,57.3,69.9,23.7,2400.027136,0.852,0x0,24,3
2026-03-29T12:02:03.096917,56.75,68.4,23.7,2400.033792,0.852,0x0,24,1
2026-03-29T12:02:04.115479,59.5,68.8,23.7,2400.030464,0.852,0x0,24,2
2026-03-29T12:02:05.134418,56.75,67.8,23.7,2400.02048,0.852,0x0,24,2
2026-03-29T12:02:06.163768,58.95,68.3,23.7,2400.023808,0.852,0x0,28,
2026-03-29T12:02:07.188795,56.75,68.7,23.9,2400.02048,0.852,0x0,28,4
2026-03-29T12:02:08.212661,58.4,68.2,23.8,2400.033792,0.852,0x0,28,1
2026-03-29T12:02:09.237255,56.2,68.5,24.1,2400.030464,0.852,0x0,24,3
2026-03-29T12:02:10.262895,59.5,68.5,24.2,2400.033792,0.852,0x0,28,2
2026-03-29T12:02:11.289558,57.3,68.0,24.1,2400.033792,0.852,0x0,24,1
2026-03-29T12:02:12.311463,56.2,68.9,24.1,2400.017408,0.852,0x0,27,2
2026-03-29T12:02:13.331490,57.3,67.8,24.0,2400.02048,0.852,0x0,24,3
2026-03-29T12:02:14.354915,58.95,73.4,23.9,2400.030464,0.852,0x0,24,1
2026-03-29T12:02:15.378332,56.75,67.6,23.9,2400.030464,0.852,0x0,28,
2026-03-29T12:02:16.406802,57.3,69.4,23.7,2400.027136,0.852,0x0,28,2
2026-03-29T12:02:17.433497,56.75,69.7,23.7,2400.02048,0.852,0x0,28,3
2026-03-29T12:02:18.459621,57.85,68.2,23.8,2400.03712,0.852,0x0,24,3
2026-03-29T12:02:19.484107,58.95,68.4,24.0,2400.030464,0.852,0x0,24,2
2026-03-29T12:02:20.513827,58.95,68.0,24.1,2400.030464,0.852,0x0,24,2
2026-03-29T12:02:21.537840,58.95,68.3,24.2,2400.027136,0.852,0x0,28,2
2026-03-29T12:02:22.563744,58.4,68.6,24.4,2400.030464,0.852,0x0,24,4
2026-03-29T12:02:23.586033,57.3,69.3,24.1,2400.033792,0.852,0x0,24,3
2026-03-29T12:02:24.619929,56.75,69.2,24.2,2400.03712,0.852,0x0,28,2
2026-03-29T12:02:25.642542,57.3,68.2,24.2,2400.027136,0.852,0x0,28,1
2026-03-29T12:02:26.660734,56.75,67.2,24.2,2400.030464,0.852,0x0,24,3
2026-03-29T12:02:27.691903,56.75,68.8,24.3,2400.02048,0.852,0x0,24,0
2026-03-29T12:02:28.716566,57.3,69.6,24.1,2400.030464,0.852,0x0,28,1
2026-03-29T12:02:29.738349,56.2,68.8,24.3,2400.03712,0.852,0x0,28,
2026-03-29T12:02:30.763646,58.95,67.7,24.3,2400.023808,0.852,0x0,28,6
2026-03-29T12:02:31.790456,57.85,69.5,24.3,2400.033792,0.852,0x0,28,1
2026-03-29T12:02:32.810144,57.85,68.3,24.1,2400.02048,0.852,0x0,26,5
2026-03-29T12:02:33.832384,56.75,70.5,24.0,2400.03712,0.852,0x0,25,1
2026-03-29T12:02:34.856375,57.3,67.3,24.3,2400.02048,0.852,0x0,24,1
2026-03-29T12:02:35.877006,57.85,71.5,24.2,2400.033792,0.852,0x0,28,4
2026-03-29T12:02:36.897588,57.3,67.5,24.4,2400.030464,0.852,0x0,24,3
2026-03-29T12:02:37.921292,58.95,68.2,24.4,2400.033792,0.852,0x0,25,
2026-03-29T12:02:38.942868,58.4,69.2,24.3,2400.023808,0.852,0x0,24,1
2026-03-29T12:02:39.965578,57.85,67.5,24.2,2400.027136,0.852,0x0,28,1
2026-03-29T12:02:40.990058,58.95,69.2,24.1,2400.030464,0.852,0x0,24,4
2026-03-29T12:02:42.019650,57.85,67.6,23.9,2400.03712,0.852,0x0,28,2
2026-03-29T12:02:43.040680,58.4,69.4,23.7,2400.03712,0.852,0x0,24,2
2026-03-29T12:02:44.063626,57.3,68.3,23.7,2400.033792,0.852,0x0,24,3
2026-03-29T12:02:45.087728,58.4,68.6,24.0,2400.033792,0.852,0x0,24,2
2026-03-29T12:02:46.111682,56.75,69.0,24.3,2400.02048,0.852,0x0,25,
2026-03-29T12:02:47.136262,57.85,69.3,24.1,2400.02048,0.852,0x0,25,
2026-03-29T12:02:48.157639,57.85,67.2,24.0,2400.030464,0.852,0x0,28,1
2026-03-29T12:02:49.181869,56.2,68.9,23.8,2400.023808,0.852,0x0,26,
2026-03-29T12:02:50.205127,57.3,69.9,23.9,2400.027136,0.852,0x0,28,3
2026-03-29T12:02:51.226953,56.75,69.3,23.9,2400.023808,0.852,0x0,28,2
2026-03-29T12:02:52.251659,56.75,68.0,24.1,2400.017408,0.852,0x0,24,3
2026-03-29T12:02:53.279603,58.4,69.0,24.3,2400.030464,0.852,0x0,24,4
2026-03-29T12:02:54.314336,57.3,68.0,24.1,2400.02048,0.852,0x0,28,1
2026-03-29T12:02:55.344055,57.3,68.9,24.3,2400.033792,0.852,0x0,28,
2026-03-29T12:02:56.364292,56.75,68.9,24.3,2400.023808,0.852,0x0,26,
2026-03-29T12:02:57.397556,57.85,73.2,24.4,2400.023808,0.852,0x0,24,3
2026-03-29T12:02:58.423388,57.85,68.6,24.2,2400.027136,0.852,0x0,24,1
2026-03-29T12:02:59.451593,57.85,68.5,24.3,2400.02048,0.852,0x0,24,2
2026-03-29T12:03:00.472646,58.4,68.8,24.2,2400.030464,0.852,0x0,28,3
2026-03-29T12:03:01.495627,58.4,69.2,24.0,2400.023808,0.852,0x0,24,3
2026-03-29T12:03:02.518327,58.95,69.1,23.9,2400.023808,0.852,0x0,24,5
2026-03-29T12:03:03.541793,58.4,68.5,23.7,2400.030464,0.852,0x0,24,3
2026-03-29T12:03:04.569643,57.85,69.9,23.7,2400.02048,0.852,0x0,24,1
2026-03-29T12:03:05.588388,57.85,67.9,24.0,2400.030464,0.852,0x0,28,1
2026-03-29T12:03:06.619700,57.3,68.5,23.9,2400.02048,0.852,0x0,24,3
2026-03-29T12:03:07.647081,57.3,69.9,23.8,2400.030464,0.852,0x0,24,1
2026-03-29T12:03:08.666711,57.85,68.7,24.0,2400.02048,0.852,0x0,24,1
2026-03-29T12:03:09.690006,57.85,68.9,24.2,2400.030464,0.852,0x0,24,3
2026-03-29T12:03:10.712542,58.95,72.9,24.2,2400.030464,0.852,0x0,24,2
2026-03-29T12:03:11.732542,57.3,70.2,23.9,2400.023808,0.852,0x0,28,2
2026-03-29T12:03:12.759625,58.4,69.1,24.0,2400.030464,0.852,0x0,24,2
2026-03-29T12:03:13.783754,57.85,67.1,23.8,2400.02048,0.852,0x0,24,3
2026-03-29T12:03:14.809954,58.4,78.2,23.9,2400.027136,0.852,0x0,28,5
2026-03-29T12:03:15.831188,57.85,69.4,23.8,2400.02048,0.852,0x0,28,1
2026-03-29T12:03:16.852226,57.85,68.2,23.7,2400.023808,0.852,0x0,24,1
2026-03-29T12:03:17.872269,56.2,66.6,23.6,2400.027136,0.852,0x0,24,1
2026-03-29T12:03:18.897041,58.95,67.5,23.8,2400.027136,0.852,0x0,29,
2026-03-29T12:03:19.918496,56.75,70.8,24.1,2400.030464,0.852,0x0,28,1
2026-03-29T12:03:20.940987,57.85,69.1,24.0,2400.017408,0.852,0x0,24,2
2026-03-29T12:03:21.964569,56.75,68.0,23.9,2400.030464,0.852,0x0,25,4
2026-03-29T12:03:22.999659,58.4,69.1,23.9,2400.023808,0.852,0x0,30,1
2026-03-29T12:03:24.021594,57.85,68.3,24.0,2400.02048,0.852,0x0,28,5
2026-03-29T12:03:25.044531,57.85,66.4,24.0,2400.027136,0.852,0x0,24,3
2026-03-29T12:03:26.068658,57.85,69.0,23.9,2400.03712,0.852,0x0,24,1
2026-03-29T12:03:27.089234,56.75,68.6,24.0,2400.030464,0.852,0x0,24,1
2026-03-29T12:03:28.108642,57.85,68.2,24.1,2400.033792,0.852,0x0,24,2
2026-03-29T12:03:29.130291,58.95,68.6,24.2,2400.030464,0.852,0x0,24,1
2026-03-29T12:03:30.162976,57.85,71.2,24.3,2400.017408,0.852,0x0,28,
2026-03-29T12:03:31.188353,56.75,68.9,24.1,2400.027136,0.852,0x0,28,3
2026-03-29T12:03:32.210020,57.3,69.1,24.1,2400.017408,0.852,0x0,29,
2026-03-29T12:03:33.233035,56.75,67.8,24.1,2400.02048,0.852,0x0,24,3
2026-03-29T12:03:34.255988,58.4,68.6,24.0,2400.017408,0.852,0x0,24,1
2026-03-29T12:03:35.280306,57.3,73.4,24.0,2400.030464,0.852,0x0,24,1
2026-03-29T12:03:36.305352,57.3,68.5,24.0,2400.023808,0.852,0x0,28,2
2026-03-29T12:03:37.327789,57.85,68.2,23.9,2400.023808,0.852,0x0,27,
2026-03-29T12:03:38.351203,58.4,68.1,24.1,2400.027136,0.852,0x0,28,
2026-03-29T12:03:39.374384,56.75,67.3,24.0,2400.027136,0.852,0x0,28,3
2026-03-29T12:03:40.398152,57.85,67.6,24.1,2400.02048,0.852,0x0,28,
2026-03-29T12:03:41.424381,58.95,70.2,24.0,2400.033792,0.852,0x0,24,3
2026-03-29T12:03:42.451691,57.85,68.5,24.1,2400.030464,0.852,0x0,24,1
2026-03-29T12:03:43.480903,57.85,68.2,24.1,2400.023808,0.852,0x0,28,2
2026-03-29T12:03:44.507564,57.3,68.9,24.1,2400.02048,0.852,0x0,28,1
2026-03-29T12:03:45.532130,57.3,67.3,24.1,2400.033792,0.852,0x0,24,4
2026-03-29T12:03:46.560470,59.5,69.1,24.1,2400.030464,0.852,0x0,24,2
2026-03-29T12:03:47.582214,58.4,68.4,24.2,2400.033792,0.852,0x0,28,2
2026-03-29T12:03:48.600184,57.85,67.4,24.0,2400.027136,0.852,0x0,28,2
2026-03-29T12:03:49.625439,57.85,67.8,24.1,2400.030464,0.852,0x0,24,3
2026-03-29T12:03:50.650636,55.65,69.9,24.1,2400.027136,0.852,0x0,28,8
2026-03-29T12:03:51.675313,57.85,68.5,24.1,2400.027136,0.852,0x0,28,
2026-03-29T12:03:52.805726,58.95,69.5,24.1,2400.027136,0.852,0x0,24,3
2026-03-29T12:03:53.828545,57.3,69.9,24.2,2400.027136,0.852,0x0,25,
2026-03-29T12:03:54.851658,57.3,68.2,24.0,2400.023808,0.852,0x0,24,3
2026-03-29T12:03:55.873461,58.4,67.5,24.1,2400.03712,0.852,0x0,24,1
2026-03-29T12:03:56.893740,58.4,69.7,24.1,2400.02048,0.852,0x0,24,3
2026-03-29T12:03:57.916957,58.95,72.6,23.8,2400.017408,0.852,0x0,24,3
2026-03-29T12:03:58.948226,57.85,68.6,23.9,2400.023808,0.852,0x0,28,
2026-03-29T12:03:59.977201,57.3,68.3,23.8,2400.033792,0.852,0x0,29,
2026-03-29T12:04:01.000214,58.95,67.6,24.2,2400.027136,0.852,0x0,24,5
2026-03-29T12:04:02.024639,56.2,67.8,24.0,2400.023808,0.852,0x0,28,2
2026-03-29T12:04:03.047020,57.3,70.0,23.9,2400.030464,0.852,0x0,28,3
2026-03-29T12:04:04.070766,58.4,68.4,23.9,2400.030464,0.852,0x0,28,1
2026-03-29T12:04:05.094058,57.85,69.0,23.9,2400.030464,0.852,0x0,24,1
2026-03-29T12:04:06.114625,57.85,69.3,23.9,2400.02048,0.852,0x0,28,1
2026-03-29T12:04:07.138231,56.75,66.7,24.0,2400.02048,0.852,0x0,24,2
2026-03-29T12:04:08.262803,58.4,68.7,24.0,2400.017408,0.852,0x0,28,1
2026-03-29T12:04:09.283984,58.95,69.0,23.9,2400.02048,0.852,0x0,24,4
2026-03-29T12:04:10.313773,58.95,68.4,23.7,2400.02048,0.852,0x0,28,2
2026-03-29T12:04:11.339637,58.4,70.8,23.7,2400.030464,0.852,0x0,24,3
2026-03-29T12:04:12.360291,57.85,67.4,23.9,2400.030464,0.852,0x0,26,
2026-03-29T12:04:13.384153,57.85,67.8,23.9,2400.033792,0.852,0x0,24,1
2026-03-29T12:04:14.408476,58.95,69.6,24.0,2400.030464,0.852,0x0,25,
2026-03-29T12:04:15.431116,57.3,70.0,24.1,2400.027136,0.852,0x0,28,1
2026-03-29T12:04:16.452680,57.3,69.0,24.2,2400.030464,0.852,0x0,28,6
2026-03-29T12:04:17.485271,57.3,68.2,24.2,2400.02048,0.852,0x0,24,2
2026-03-29T12:04:18.511505,58.4,67.6,24.2,2400.02048,0.852,0x0,24,0
2026-03-29T12:04:19.541019,57.3,68.4,24.1,2400.023808,0.852,0x0,24,2
2026-03-29T12:04:20.563212,58.4,73.5,24.1,2400.030464,0.852,0x0,28,
2026-03-29T12:04:21.586755,58.4,68.2,23.8,2400.030464,0.852,0x0,28,4
2026-03-29T12:04:22.609997,57.3,68.6,23.9,2400.030464,0.852,0x0,24,3
2026-03-29T12:04:23.632989,57.85,68.8,24.1,2400.033792,0.852,0x0,24,3
2026-03-29T12:04:24.657402,58.4,69.0,23.9,2400.023808,0.852,0x0,26,
2026-03-29T12:04:25.690327,57.85,70.8,23.9,2400.030464,0.852,0x0,24,2
2026-03-29T12:04:26.713508,58.95,68.4,24.1,2400.033792,0.852,0x0,24,3
2026-03-29T12:04:27.734077,58.95,68.7,24.2,2400.033792,0.852,0x0,24,2
2026-03-29T12:04:28.759792,57.85,67.9,24.0,2400.023808,0.852,0x0,24,1
2026-03-29T12:04:29.786666,57.3,67.5,24.0,2400.023808,0.852,0x0,28,1
2026-03-29T12:04:30.810089,58.95,66.6,24.1,2400.023808,0.852,0x0,28,4
2026-03-29T12:04:31.833252,57.85,68.0,24.0,2400.027136,0.852,0x0,24,3
2026-03-29T12:04:32.856196,58.95,69.1,24.0,2400.02048,0.852,0x0,28,2
2026-03-29T12:04:33.883565,56.75,68.8,24.1,2400.023808,0.852,0x0,28,3
2026-03-29T12:04:34.904378,56.75,69.8,24.0,2400.023808,0.852,0x0,24,2
2026-03-29T12:04:35.929837,58.4,69.7,24.1,2400.02048,0.852,0x0,28,1
2026-03-29T12:04:36.954478,57.3,66.9,24.0,2400.023808,0.852,0x0,28,1
2026-03-29T12:04:37.974467,57.85,69.1,24.1,2400.02048,0.852,0x0,28,
2026-03-29T12:04:38.994603,57.85,68.7,24.0,2400.027136,0.852,0x0,24,2
2026-03-29T12:04:40.018319,56.75,67.4,24.0,2400.027136,0.852,0x0,26,
2026-03-29T12:04:41.051186,56.75,69.7,23.9,2400.030464,0.852,0x0,28,4
2026-03-29T12:04:42.070398,56.75,72.3,23.8,2400.033792,0.852,0x0,28,1
2026-03-29T12:04:43.092530,57.3,67.8,23.7,2400.030464,0.852,0x0,24,2
2026-03-29T12:04:44.112426,58.4,68.2,23.7,2400.033792,0.852,0x0,28,1
2026-03-29T12:04:45.134221,57.85,67.7,23.6,2400.033792,0.852,0x0,28,
2026-03-29T12:04:46.162806,57.85,69.2,23.7,2400.023808,0.852,0x0,28,2
2026-03-29T12:04:47.187638,58.4,68.7,23.6,2400.02048,0.852,0x0,24,4
2026-03-29T12:04:48.207616,57.85,69.3,23.7,2400.027136,0.852,0x0,28,2
2026-03-29T12:04:49.232172,56.75,69.8,23.8,2400.033792,0.852,0x0,24,3
2026-03-29T12:04:50.262181,57.85,69.4,23.8,2400.03712,0.852,0x0,24,1
2026-03-29T12:04:51.287696,58.4,71.3,23.7,2400.02048,0.852,0x0,28,
2026-03-29T12:04:52.376999,57.3,67.9,23.6,2400.027136,0.852,0x0,28,1
2026-03-29T12:04:53.399135,58.95,68.6,23.7,2400.023808,0.852,0x0,24,3
2026-03-29T12:04:54.425153,58.4,67.8,23.6,2400.027136,0.852,0x0,24,3
2026-03-29T12:04:55.455604,57.85,69.1,23.6,2400.030464,0.852,0x0,25,2
2026-03-29T12:04:56.477747,57.85,69.4,23.6,2400.033792,0.852,0x0,28,
2026-03-29T12:04:57.499044,57.3,68.0,23.5,2400.030464,0.852,0x0,24,1
2026-03-29T12:04:58.524114,58.95,68.4,23.6,2400.033792,0.852,0x0,24,1
2026-03-29T12:04:59.550422,58.95,69.0,23.8,2400.033792,0.852,0x0,25,
2026-03-29T12:05:00.574137,58.95,74.7,23.9,2400.030464,0.852,0x0,24,4
2026-03-29T12:05:01.601558,57.85,68.7,23.8,2400.033792,0.852,0x0,28,3
2026-03-29T12:05:02.621789,58.95,68.8,23.9,2400.03712,0.852,0x0,24,3
2026-03-29T12:05:03.645222,57.3,69.1,23.9,2400.02048,0.852,0x0,24,1
2026-03-29T12:05:04.668623,58.4,72.8,23.8,2400.030464,0.852,0x0,29,1
2026-03-29T12:05:05.688847,58.95,68.5,24.0,2400.030464,0.852,0x0,24,3
2026-03-29T12:05:06.715159,56.2,69.2,23.9,2400.023808,0.852,0x0,28,3
2026-03-29T12:05:07.742278,58.95,67.9,23.6,2400.027136,0.852,0x0,28,2
2026-03-29T12:05:08.765006,57.3,69.2,23.8,2400.023808,0.852,0x0,28,3
2026-03-29T12:05:09.791625,57.85,68.9,24.0,2400.03712,0.852,0x0,24,4
2026-03-29T12:05:10.815817,56.75,67.7,24.0,2400.02048,0.852,0x0,24,1
2026-03-29T12:05:11.838233,57.3,69.3,24.2,2400.02048,0.852,0x0,28,2
2026-03-29T12:05:12.862176,56.75,68.6,24.1,2400.02048,0.852,0x0,28,1
2026-03-29T12:05:13.887700,57.3,68.1,24.0,2400.030464,0.852,0x0,28,
2026-03-29T12:05:14.923698,57.3,68.4,24.0,2400.023808,0.852,0x0,28,1
2026-03-29T12:05:15.950900,56.75,68.9,23.9,2400.033792,0.852,0x0,24,1
2026-03-29T12:05:16.972015,58.4,68.2,23.9,2400.03712,0.852,0x0,28,3
2026-03-29T12:05:17.995902,58.4,69.4,23.7,2400.033792,0.852,0x0,24,3
2026-03-29T12:05:19.018444,58.4,69.3,23.7,2400.023808,0.852,0x0,27,7
2026-03-29T12:05:20.145512,57.85,67.6,23.7,2400.023808,0.852,0x0,24,2
2026-03-29T12:05:21.173661,57.3,70.0,23.7,2400.027136,0.852,0x0,25,
2026-03-29T12:05:22.196507,57.85,68.6,23.8,2400.030464,0.852,0x0,28,3
2026-03-29T12:05:23.219636,57.85,67.4,23.5,2400.023808,0.852,0x0,28,2
2026-03-29T12:05:24.247084,58.95,67.3,23.5,2400.027136,0.852,0x0,24,3
2026-03-29T12:05:25.278703,57.85,70.0,23.5,2400.027136,0.852,0x0,25,
2026-03-29T12:05:26.302216,57.85,73.5,23.5,2400.02048,0.852,0x0,24,2
2026-03-29T12:05:27.327877,56.75,69.7,23.4,2400.033792,0.852,0x0,28,2
2026-03-29T12:05:28.350841,57.3,68.7,23.4,2400.02048,0.852,0x0,26,
2026-03-29T12:05:29.374489,58.95,69.2,23.4,2400.033792,0.852,0x0,28,1
2026-03-29T12:05:30.400783,57.85,69.6,23.5,2400.023808,0.852,0x0,24,3
2026-03-29T12:05:31.433369,59.5,70.0,23.5,2400.023808,0.852,0x0,24,1
2026-03-29T12:05:32.455905,58.4,68.7,23.5,2400.023808,0.852,0x0,24,3
2026-03-29T12:05:33.478028,57.3,68.2,23.5,2400.02048,0.852,0x0,28,1
2026-03-29T12:05:34.501718,58.95,68.2,23.3,2400.027136,0.852,0x0,24,4
2026-03-29T12:05:35.529984,58.4,69.6,23.4,2400.027136,0.852,0x0,24,2
2026-03-29T12:05:36.551021,57.85,69.4,23.4,2400.02048,0.852,0x0,24,1
2026-03-29T12:05:37.572952,58.4,67.3,23.6,2400.033792,0.852,0x0,24,3
2026-03-29T12:05:38.603231,58.4,68.9,24.1,2400.033792,0.852,0x0,24,1
2026-03-29T12:05:39.627517,57.3,69.5,24.1,2400.030464,0.852,0x0,25,4
2026-03-29T12:05:40.652338,57.85,67.8,24.1,2400.02048,0.852,0x0,24,1
2026-03-29T12:05:41.672685,57.85,69.9,23.9,2400.03712,0.852,0x0,24,1
2026-03-29T12:05:42.695243,57.3,68.5,23.8,2400.033792,0.852,0x0,24,1
2026-03-29T12:05:43.715394,59.5,69.6,23.6,2400.023808,0.852,0x0,24,1
2026-03-29T12:05:44.766700,57.3,68.4,23.6,2400.030464,0.852,0x0,28,2
2026-03-29T12:05:45.790596,58.4,68.2,23.8,2400.023808,0.852,0x0,24,4
2026-03-29T12:05:46.811131,59.5,68.8,23.8,2400.023808,0.852,0x0,24,1
2026-03-29T12:05:47.835216,57.85,73.3,23.8,2400.03712,0.852,0x0,24,3
2026-03-29T12:05:48.861228,57.85,67.9,23.9,2400.027136,0.852,0x0,26,
2026-03-29T12:05:49.887296,58.95,69.0,23.7,2400.033792,0.852,0x0,24,1
2026-03-29T12:05:50.913316,57.3,67.3,23.7,2400.017408,0.852,0x0,28,1
2026-03-29T12:05:51.935061,58.95,69.5,24.0,2400.033792,0.852,0x0,28,
2026-03-29T12:05:52.962305,57.85,69.0,24.1,2400.027136,0.852,0x0,28,3
2026-03-29T12:05:53.983711,56.75,67.3,24.1,2400.027136,0.852,0x0,28,1
2026-03-29T12:05:55.001178,58.95,69.3,24.3,2400.02048,0.852,0x0,24,3
2026-03-29T12:05:56.025324,57.3,68.0,24.3,2400.03712,0.852,0x0,28,0
2026-03-29T12:05:57.057141,58.4,70.7,24.1,2400.033792,0.852,0x0,26,
2026-03-29T12:05:58.079167,57.3,67.5,24.3,2400.033792,0.852,0x0,28,3
2026-03-29T12:05:59.099639,57.3,66.8,24.2,2400.030464,0.852,0x0,24,3
2026-03-29T12:06:00.127627,58.4,69.8,24.3,2400.03712,0.852,0x0,24,0
2026-03-29T12:06:01.150198,58.4,67.7,24.2,2400.02048,0.852,0x0,24,1
2026-03-29T12:06:02.172998,58.4,68.3,24.2,2400.033792,0.852,0x0,24,3
2026-03-29T12:06:03.200046,58.4,68.6,23.9,2400.023808,0.852,0x0,24,1
2026-03-29T12:06:04.227638,60.05,68.3,23.9,2400.033792,0.852,0x0,28,8
2026-03-29T12:06:05.253170,58.95,67.8,23.7,2400.027136,0.852,0x0,28,
2026-03-29T12:06:06.277749,57.3,69.0,23.7,2400.033792,0.852,0x0,24,0
2026-03-29T12:06:07.299145,57.85,68.7,23.9,2400.023808,0.852,0x0,28,2
2026-03-29T12:06:08.324570,56.2,67.9,23.8,2400.023808,0.852,0x0,24,1
2026-03-29T12:06:09.354371,57.85,67.3,23.8,2400.023808,0.852,0x0,24,1
2026-03-29T12:06:10.376559,57.85,67.9,23.8,2400.030464,0.852,0x0,28,1
2026-03-29T12:06:11.400947,57.3,73.7,23.8,2400.030464,0.852,0x0,24,2
2026-03-29T12:06:12.429794,57.3,70.4,23.8,2400.033792,0.852,0x0,28,1
2026-03-29T12:06:13.451221,58.4,70.1,23.8,2400.030464,0.852,0x0,24,1
2026-03-29T12:06:14.472959,58.95,70.7,24.1,2400.030464,0.852,0x0,24,3
2026-03-29T12:06:15.605714,58.4,67.4,24.4,2400.027136,0.852,0x0,24,1
2026-03-29T12:06:16.629296,57.85,70.4,24.3,2400.030464,0.852,0x0,29,1
2026-03-29T12:06:17.650158,56.75,68.7,24.2,2400.02048,0.852,0x0,24,3
2026-03-29T12:06:18.675676,58.95,68.3,23.8,2400.03712,0.852,0x0,24,3
2026-03-29T12:06:19.709300,57.85,68.4,23.7,2400.023808,0.852,0x0,24,2
2026-03-29T12:06:20.731493,56.75,69.5,23.6,2400.027136,0.852,0x0,24,3
2026-03-29T12:06:21.757742,57.85,68.3,23.7,2400.023808,0.852,0x0,24,2
2026-03-29T12:06:22.783146,57.85,68.3,24.1,2400.023808,0.852,0x0,24,1
2026-03-29T12:06:23.806211,58.4,68.6,24.2,2400.033792,0.852,0x0,24,2
2026-03-29T12:06:24.829675,58.4,68.9,24.2,2400.023808,0.852,0x0,28,
2026-03-29T12:06:25.849801,58.95,68.5,24.4,2400.02048,0.852,0x0,24,3
2026-03-29T12:06:26.873926,58.4,69.3,24.4,2400.027136,0.852,0x0,24,2
2026-03-29T12:06:27.898129,57.85,69.6,24.3,2400.033792,0.852,0x0,24,1
2026-03-29T12:06:28.931070,58.95,68.7,24.2,2400.030464,0.852,0x0,28,4
2026-03-29T12:06:29.955609,57.3,67.3,24.1,2400.033792,0.852,0x0,27,6
2026-03-29T12:06:30.982442,57.85,70.7,24.1,2400.02048,0.852,0x0,25,
2026-03-29T12:06:32.008903,56.2,73.9,24.0,2400.02048,0.852,0x0,24,4
2026-03-29T12:06:33.035634,57.3,70.0,24.2,2400.033792,0.852,0x0,24,1
2026-03-29T12:06:34.055599,57.3,66.7,23.8,2400.03712,0.852,0x0,24,3
2026-03-29T12:06:35.076491,57.85,68.4,23.9,2400.023808,0.852,0x0,29,
2026-03-29T12:06:36.098677,58.4,69.2,24.1,2400.033792,0.852,0x0,28,
2026-03-29T12:06:37.125813,55.65,69.6,24.0,2400.023808,0.852,0x0,24,3
2026-03-29T12:06:38.218357,59.5,69.2,24.1,2400.02048,0.852,0x0,28,2
2026-03-29T12:06:39.238927,57.3,68.7,24.3,2400.02048,0.852,0x0,28,2
2026-03-29T12:06:40.260033,56.2,68.4,24.4,2400.027136,0.852,0x0,28,1
2026-03-29T12:06:41.282283,58.4,68.9,24.4,2400.023808,0.852,0x0,24,4
2026-03-29T12:06:42.309948,58.4,69.8,24.1,2400.023808,0.852,0x0,28,1
2026-03-29T12:06:43.334126,58.4,67.2,24.2,2400.02048,0.852,0x0,28,
2026-03-29T12:06:44.355091,57.3,68.2,24.1,2400.03712,0.852,0x0,27,2
2026-03-29T12:06:45.378157,57.3,68.0,24.0,2400.033792,0.852,0x0,28,3
2026-03-29T12:06:46.400683,57.3,75.7,23.9,2400.02048,0.852,0x0,28,3
2026-03-29T12:06:47.424947,58.95,70.6,23.8,2400.033792,0.852,0x0,24,0
2026-03-29T12:06:48.448036,56.75,67.8,24.0,2400.030464,0.852,0x0,25,
2026-03-29T12:06:49.472084,58.4,68.8,24.0,2400.033792,0.852,0x0,25,4
2026-03-29T12:06:50.494551,58.4,69.6,23.8,2400.023808,0.852,0x0,24,3
2026-03-29T12:06:51.513825,58.4,67.4,24.0,2400.02048,0.852,0x0,25,
2026-03-29T12:06:52.532912,57.85,68.7,24.0,2400.02048,0.852,0x0,28,1
2026-03-29T12:06:53.557446,58.95,68.1,24.1,2400.02048,0.852,0x0,28,1
2026-03-29T12:06:54.581727,57.85,72.1,24.3,2400.030464,0.852,0x0,26,
2026-03-29T12:06:55.604880,57.85,70.0,24.1,2400.023808,0.852,0x0,26,
2026-03-29T12:06:56.628747,58.4,67.8,24.4,2400.027136,0.852,0x0,28,7
2026-03-29T12:06:57.651871,57.3,68.3,24.5,2400.02048,0.852,0x0,28,2
2026-03-29T12:06:58.672029,57.85,68.8,24.6,2400.027136,0.852,0x0,25,
2026-03-29T12:06:59.695711,57.85,69.0,24.4,2400.027136,0.852,0x0,28,1
2026-03-29T12:07:00.723757,57.85,69.2,24.3,2400.023808,0.852,0x0,24,3
2026-03-29T12:07:01.750948,58.4,68.3,24.3,2400.033792,0.852,0x0,24,
2026-03-29T12:07:02.781379,57.85,69.9,23.9,2400.033792,0.852,0x0,24,1
2026-03-29T12:07:03.801127,57.3,68.4,24.0,2400.03712,0.852,0x0,29,
2026-03-29T12:07:04.823617,57.85,68.3,24.0,2400.027136,0.852,0x0,25,
2026-03-29T12:07:05.846937,59.5,68.8,23.8,2400.02048,0.852,0x0,24,2
2026-03-29T12:07:06.874225,57.85,69.2,23.9,2400.023808,0.852,0x0,28,2
2026-03-29T12:07:07.894488,58.4,69.8,23.9,2400.033792,0.852,0x0,28,2
2026-03-29T12:07:08.921597,58.95,68.6,24.0,2400.030464,0.852,0x0,24,3
2026-03-29T12:07:09.953917,56.75,68.6,23.9,2400.027136,0.852,0x0,24,1
2026-03-29T12:07:10.976748,57.85,68.9,24.0,2400.02048,0.852,0x0,27,
2026-03-29T12:07:11.999767,57.85,67.9,24.1,2400.02048,0.852,0x0,28,1
2026-03-29T12:07:13.023158,57.85,70.5,24.1,2400.027136,0.852,0x0,24,1
2026-03-29T12:07:14.045895,57.3,69.2,23.9,2400.02048,0.852,0x0,28,1
2026-03-29T12:07:15.068349,57.85,68.0,24.1,2400.02048,0.852,0x0,28,
2026-03-29T12:07:16.094676,58.4,69.0,24.2,2400.030464,0.852,0x0,24,3
2026-03-29T12:07:17.124169,57.85,68.0,23.9,2400.027136,0.852,0x0,24,1
2026-03-29T12:07:18.150447,57.85,73.0,24.2,2400.033792,0.852,0x0,24,1
2026-03-29T12:07:19.169650,57.3,67.2,24.2,2400.030464,0.852,0x0,24,2
2026-03-29T12:07:20.195378,57.85,68.8,24.2,2400.023808,0.852,0x0,28,1
2026-03-29T12:07:21.224169,58.95,68.2,24.3,2400.03712,0.852,0x0,24,2
2026-03-29T12:07:22.248374,59.5,68.2,24.3,2400.017408,0.852,0x0,24,4
2026-03-29T12:07:23.274294,57.85,68.4,24.0,2400.030464,0.852,0x0,28,1
2026-03-29T12:07:24.299254,57.85,66.9,24.1,2400.03712,0.852,0x0,24,3
2026-03-29T12:07:25.328588,57.85,67.6,24.1,2400.023808,0.852,0x0,28,2
2026-03-29T12:07:26.353542,57.85,68.3,24.0,2400.02048,0.852,0x0,24,3
2026-03-29T12:07:27.375683,57.3,69.4,23.9,2400.033792,0.852,0x0,28,1
2026-03-29T12:07:28.403639,58.4,68.3,24.1,2400.02048,0.852,0x0,24,1
2026-03-29T12:07:29.423117,56.75,68.1,24.1,2400.03712,0.852,0x0,28,2
2026-03-29T12:07:30.451628,58.4,69.5,24.1,2400.033792,0.852,0x0,24,1
2026-03-29T12:07:31.474634,58.95,69.6,24.2,2400.023808,0.852,0x0,28,2
2026-03-29T12:07:32.494202,56.75,68.0,24.4,2400.030464,0.852,0x0,28,
2026-03-29T12:07:33.517471,58.95,68.0,24.2,2400.023808,0.852,0x0,24,3
2026-03-29T12:07:34.545127,57.85,68.2,24.3,2400.027136,0.852,0x0,24,3
2026-03-29T12:07:35.565805,59.5,68.7,24.4,2400.023808,0.852,0x0,24,4
2026-03-29T12:07:36.589745,58.4,68.9,24.3,2400.027136,0.852,0x0,28,2
2026-03-29T12:07:37.613754,58.95,69.4,24.3,2400.030464,0.852,0x0,24,1
2026-03-29T12:07:38.637888,58.4,69.6,24.3,2400.030464,0.852,0x0,24,2
2026-03-29T12:07:39.658194,57.85,73.2,24.4,2400.02048,0.852,0x0,28,
2026-03-29T12:07:40.683598,58.4,67.9,24.2,2400.02048,0.852,0x0,24,2
2026-03-29T12:07:41.707385,57.3,67.6,24.1,2400.033792,0.852,0x0,28,3
2026-03-29T12:07:42.730217,57.85,68.6,24.1,2400.033792,0.852,0x0,24,3
2026-03-29T12:07:43.761315,58.95,69.1,24.3,2400.033792,0.852,0x0,24,2
2026-03-29T12:07:44.784175,56.75,67.4,24.3,2400.023808,0.852,0x0,24,3
2026-03-29T12:07:45.865940,58.95,69.2,24.2,2400.02048,0.852,0x0,28,3
2026-03-29T12:07:46.891608,58.4,70.6,24.3,2400.030464,0.852,0x0,28,1
2026-03-29T12:07:47.920701,57.3,71.8,24.2,2400.027136,0.852,0x0,24,3
2026-03-29T12:07:48.941560,56.75,68.4,24.2,2400.027136,0.852,0x0,24,5
2026-03-29T12:07:49.964697,58.4,69.2,24.4,2400.027136,0.852,0x0,28,1
2026-03-29T12:07:50.983424,57.85,67.6,24.1,2400.027136,0.852,0x0,25,
2026-03-29T12:07:52.006459,57.3,66.6,24.1,2400.023808,0.852,0x0,24,3
2026-03-29T12:07:53.025836,57.85,68.0,24.1,2400.023808,0.852,0x0,28,1
2026-03-29T12:07:54.050077,58.95,68.4,24.2,2400.023808,0.852,0x0,29,4
2026-03-29T12:07:55.075603,59.5,67.8,24.2,2400.023808,0.852,0x0,24,1
2026-03-29T12:07:56.101867,57.85,67.7,24.2,2400.033792,0.852,0x0,24,1
2026-03-29T12:07:57.130917,56.2,69.4,24.2,2400.017408,0.852,0x0,24,1
2026-03-29T12:07:58.149123,57.85,67.6,24.3,2400.023808,0.852,0x0,24,1
2026-03-29T12:07:59.170928,58.95,67.2,24.3,2400.023808,0.852,0x0,24,3
2026-03-29T12:08:00.201744,56.75,68.7,24.4,2400.023808,0.852,0x0,28,1
2026-03-29T12:08:01.222432,57.3,68.9,24.1,2400.033792,0.852,0x0,28,3
2026-03-29T12:08:02.247616,57.3,72.2,24.0,2400.030464,0.852,0x0,25,4
2026-03-29T12:08:03.271697,57.85,69.7,24.0,2400.023808,0.852,0x0,24,2
2026-03-29T12:08:04.299517,58.95,67.6,24.0,2400.02048,0.852,0x0,24,3
2026-03-29T12:08:05.334970,56.75,76.0,24.2,2400.030464,0.852,0x0,28,3
2026-03-29T12:08:06.451700,57.3,84.5,24.9,2400.027136,0.852,0x0,28,1
2026-03-29T12:08:07.478585,58.95,86.1,25.1,2400.02048,0.852,0x0,24,2
2026-03-29T12:08:08.516942,58.4,95.1,27.1,2400.030464,0.852,0x0,24,2
2026-03-29T12:08:09.543258,57.85,88.5,27.1,2400.023808,0.852,0x0,24,4
2026-03-29T12:08:10.578183,57.85,86.0,26.1,2400.02048,0.852,0x0,24,1
2026-03-29T12:08:11.604876,58.4,68.4,25.7,2400.023808,0.852,0x0,28,3
2026-03-29T12:08:12.624681,59.5,69.4,25.6,2400.030464,0.852,0x0,24,2
2026-03-29T12:08:13.649714,57.3,69.6,25.6,2400.027136,0.852,0x0,28,8
2026-03-29T12:08:14.675609,56.75,69.1,25.6,2400.033792,0.852,0x0,24,3
2026-03-29T12:08:15.697327,58.4,69.5,25.5,2400.017408,0.852,0x0,26,5
2026-03-29T12:08:16.718558,57.85,68.1,25.4,2400.033792,0.852,0x0,28,1
2026-03-29T12:08:17.744722,58.4,69.9,25.2,2400.027136,0.852,0x0,24,1
2026-03-29T12:08:18.871642,58.4,75.1,24.2,2400.030464,0.852,0x0,26,
2026-03-29T12:08:19.893191,57.3,75.3,24.1,2400.033792,0.852,0x0,24,1
2026-03-29T12:08:20.918608,58.4,70.6,24.0,2400.02048,0.852,0x0,24,2
2026-03-29T12:08:21.945184,56.75,68.6,23.9,2400.02048,0.852,0x0,25,4
2026-03-29T12:08:22.965610,57.85,67.8,23.9,2400.033792,0.852,0x0,24,2
2026-03-29T12:08:23.985794,58.95,73.0,23.6,2400.023808,0.852,0x0,28,2
2026-03-29T12:08:25.006274,58.95,67.3,23.5,2400.033792,0.852,0x0,28,1
2026-03-29T12:08:26.028336,58.4,69.3,23.8,2400.027136,0.852,0x0,24,3
2026-03-29T12:08:27.053977,58.4,68.6,23.8,2400.03712,0.852,0x0,24,1
2026-03-29T12:08:28.075110,58.95,68.6,23.8,2400.030464,0.852,0x0,24,3
2026-03-29T12:08:29.104262,56.75,69.8,24.0,2400.030464,0.852,0x0,28,1
2026-03-29T12:08:30.128269,58.4,68.3,24.2,2400.03712,0.852,0x0,24,3
2026-03-29T12:08:31.156747,57.3,69.3,24.0,2400.02048,0.852,0x0,24,2
2026-03-29T12:08:32.178684,58.4,67.4,24.0,2400.03712,0.852,0x0,24,2
2026-03-29T12:08:33.203660,57.85,68.2,24.0,2400.033792,0.852,0x0,24,2
2026-03-29T12:08:34.223193,57.85,67.8,23.9,2400.03712,0.852,0x0,24,2
2026-03-29T12:08:35.245504,57.85,68.4,24.0,2400.017408,0.852,0x0,24,3
2026-03-29T12:08:36.325947,57.85,70.9,24.0,2400.023808,0.852,0x0,28,0
2026-03-29T12:08:37.349445,57.3,68.4,24.4,2400.027136,0.852,0x0,24,1
2026-03-29T12:08:38.374537,57.3,68.6,24.4,2400.033792,0.852,0x0,24,3
2026-03-29T12:08:39.397387,57.3,68.0,24.2,2400.027136,0.852,0x0,24,1
2026-03-29T12:08:40.424384,57.3,67.3,24.4,2400.030464,0.852,0x0,24,1
2026-03-29T12:08:41.448979,57.3,69.2,24.1,2400.030464,0.852,0x0,24,3
2026-03-29T12:08:42.480252,58.4,69.4,24.2,2400.017408,0.852,0x0,24,1
2026-03-29T12:08:43.501065,57.85,67.9,24.3,2400.033792,0.852,0x0,26,5
2026-03-29T12:08:44.527603,57.85,69.2,24.4,2400.033792,0.852,0x0,28,1
2026-03-29T12:08:45.555615,58.4,73.2,24.4,2400.027136,0.852,0x0,28,1
2026-03-29T12:08:46.577177,57.85,68.1,24.2,2400.02048,0.852,0x0,24,1
2026-03-29T12:08:47.599226,57.3,66.6,24.2,2400.033792,0.852,0x0,25,4
2026-03-29T12:08:48.627234,58.95,69.9,24.2,2400.023808,0.852,0x0,28,1
2026-03-29T12:08:49.657101,57.85,68.2,24.4,2400.02048,0.852,0x0,24,2
2026-03-29T12:08:50.683054,59.5,67.2,24.2,2400.033792,0.852,0x0,24,3
2026-03-29T12:08:51.718142,57.85,68.4,24.1,2400.023808,0.852,0x0,24,1
2026-03-29T12:08:52.741685,57.85,67.2,24.1,2400.023808,0.852,0x0,26,
2026-03-29T12:08:53.767831,57.3,69.5,24.2,2400.033792,0.852,0x0,24,3
2026-03-29T12:08:54.794357,57.85,68.7,24.2,2400.02048,0.852,0x0,24,2
2026-03-29T12:08:55.820509,58.4,68.6,24.2,2400.03712,0.852,0x0,26,5
2026-03-29T12:08:56.843790,58.95,68.6,24.1,2400.02048,0.852,0x0,28,1
2026-03-29T12:08:57.870151,59.5,68.6,24.1,2400.02048,0.852,0x0,28,2
2026-03-29T12:08:58.895512,58.95,68.5,24.2,2400.02048,0.852,0x0,24,2
2026-03-29T12:08:59.921374,57.85,67.7,24.0,2400.027136,0.852,0x0,26,
2026-03-29T12:09:00.945710,57.3,67.8,24.0,2400.02048,0.852,0x0,24,3
2026-03-29T12:09:01.967259,58.95,66.8,24.0,2400.023808,0.852,0x0,24,2
2026-03-29T12:09:02.989899,57.3,67.8,24.3,2400.02048,0.852,0x0,28,2
2026-03-29T12:09:04.013875,57.3,70.0,24.3,2400.03712,0.852,0x0,28,1
2026-03-29T12:09:05.042958,58.95,68.1,24.4,2400.027136,0.852,0x0,24,3
2026-03-29T12:09:06.074085,56.75,68.8,24.4,2400.02048,0.852,0x0,29,2
2026-03-29T12:09:07.096636,57.3,69.1,24.6,2400.03712,0.852,0x0,26,
2026-03-29T12:09:08.123246,57.85,68.5,24.4,2400.030464,0.852,0x0,28,1
2026-03-29T12:09:09.231282,56.75,71.3,24.6,2400.030464,0.852,0x0,24,3
2026-03-29T12:09:10.264892,57.85,69.0,24.5,2400.03712,0.852,0x0,28,1
2026-03-29T12:09:11.363782,58.95,69.8,24.3,2400.02048,0.852,0x0,28,6
2026-03-29T12:09:12.387636,57.85,68.4,24.4,2400.030464,0.852,0x0,28,7
2026-03-29T12:09:13.408109,58.4,68.6,24.4,2400.03712,0.852,0x0,24,2
2026-03-29T12:09:14.431591,58.95,69.5,24.5,2400.030464,0.852,0x0,28,1
2026-03-29T12:09:15.450621,58.4,69.5,24.3,2400.023808,0.852,0x0,28,
2026-03-29T12:09:16.472059,57.3,68.6,24.2,2400.033792,0.852,0x0,28,1
2026-03-29T12:09:17.495423,57.3,68.3,24.4,2400.030464,0.852,0x0,24,1
2026-03-29T12:09:18.521164,57.85,69.3,24.2,2400.030464,0.852,0x0,28,1
2026-03-29T12:09:19.547619,57.85,68.2,24.2,2400.023808,0.852,0x0,24,1
2026-03-29T12:09:20.570778,57.85,67.8,24.3,2400.027136,0.852,0x0,28,3
2026-03-29T12:09:21.607669,59.5,68.8,24.3,2400.033792,0.852,0x0,26,5
2026-03-29T12:09:22.631432,58.4,68.8,24.3,2400.033792,0.852,0x0,24,2
2026-03-29T12:09:23.650530,57.3,67.6,24.3,2400.033792,0.852,0x0,28,1
2026-03-29T12:09:24.670818,56.75,72.3,24.2,2400.030464,0.852,0x0,25,
2026-03-29T12:09:25.771663,56.75,68.4,24.1,2400.023808,0.852,0x0,24,1
2026-03-29T12:09:26.839837,58.4,70.2,24.0,2400.023808,0.852,0x0,24,3
2026-03-29T12:09:27.861628,57.85,68.1,23.9,2400.02048,0.852,0x0,24,3
2026-03-29T12:09:28.885238,57.3,68.9,24.1,2400.033792,0.852,0x0,24,5
2026-03-29T12:09:29.918222,57.85,68.6,24.0,2400.02048,0.852,0x0,28,1
2026-03-29T12:09:30.938875,58.95,68.0,23.8,2400.030464,0.852,0x0,25,
2026-03-29T12:09:31.961364,57.85,67.5,23.8,2400.033792,0.852,0x0,24,3
2026-03-29T12:09:32.991591,59.5,68.3,23.9,2400.027136,0.852,0x0,28,1
2026-03-29T12:09:34.012480,58.95,69.7,24.1,2400.033792,0.852,0x0,25,
2026-03-29T12:09:35.043621,57.3,69.9,24.2,2400.027136,0.852,0x0,28,1
2026-03-29T12:09:36.063736,57.85,68.0,24.0,2400.033792,0.852,0x0,24,3
2026-03-29T12:09:37.085807,57.3,68.7,23.8,2400.027136,0.852,0x0,24,2
2026-03-29T12:09:38.108214,59.5,68.5,24.0,2400.02048,0.852,0x0,24,2
2026-03-29T12:09:39.131986,58.95,69.1,24.0,2400.027136,0.852,0x0,24,3
2026-03-29T12:09:40.153317,56.75,68.2,24.0,2400.03712,0.852,0x0,24,1
2026-03-29T12:09:41.179660,57.3,68.3,24.0,2400.030464,0.852,0x0,28,1
2026-03-29T12:09:42.202938,57.85,67.9,24.0,2400.03712,0.852,0x0,28,1
2026-03-29T12:09:43.226317,57.85,69.2,24.0,2400.027136,0.852,0x0,28,4
2026-03-29T12:09:44.249820,57.85,68.2,23.9,2400.030464,0.852,0x0,24,3
2026-03-29T12:09:45.288590,57.85,69.1,23.9,2400.023808,0.852,0x0,25,4
2026-03-29T12:09:46.309075,58.4,72.6,23.9,2400.02048,0.852,0x0,24,4
2026-03-29T12:09:47.336794,57.85,68.6,23.7,2400.02048,0.852,0x0,25,
2026-03-29T12:09:48.359145,57.85,69.2,23.8,2400.02048,0.852,0x0,28,
2026-03-29T12:09:49.382723,58.95,69.3,23.7,2400.023808,0.852,0x0,24,1
2026-03-29T12:09:50.409651,57.3,68.6,23.7,2400.033792,0.852,0x0,24,1
2026-03-29T12:09:51.430368,58.4,69.7,23.7,2400.02048,0.852,0x0,28,1
2026-03-29T12:09:52.452963,57.85,67.9,23.4,2400.033792,0.852,0x0,24,2
2026-03-29T12:09:53.474429,58.4,68.7,23.5,2400.030464,0.852,0x0,28,3
2026-03-29T12:09:54.497504,60.05,70.6,23.6,2400.027136,0.852,0x0,24,1
2026-03-29T12:09:55.521659,57.3,68.7,23.6,2400.033792,0.852,0x0,28,
2026-03-29T12:09:56.551582,58.4,69.3,24.0,2400.033792,0.852,0x0,24,1
2026-03-29T12:09:57.575750,58.4,67.5,24.0,2400.02048,0.852,0x0,24,2
2026-03-29T12:09:58.613174,57.3,68.7,24.1,2400.027136,0.852,0x0,25,5
2026-03-29T12:09:59.642885,57.85,69.5,24.2,2400.030464,0.852,0x0,24,2
2026-03-29T12:10:00.661349,59.5,69.8,24.3,2400.023808,0.852,0x0,28,2
2026-03-29T12:10:01.683166,59.5,68.1,24.4,2400.023808,0.852,0x0,24,2
2026-03-29T12:10:02.707077,57.85,69.3,24.4,2400.030464,0.852,0x0,28,
2026-03-29T12:10:03.738909,58.95,69.5,24.3,2400.023808,0.852,0x0,28,3
2026-03-29T12:10:04.761470,57.85,68.1,24.1,2400.033792,0.852,0x0,24,3
2026-03-29T12:10:05.789666,57.85,68.5,24.1,2400.030464,0.852,0x0,24,2
2026-03-29T12:10:06.819678,58.4,69.6,24.0,2400.03712,0.852,0x0,28,3
2026-03-29T12:10:07.841666,58.4,68.4,23.9,2400.023808,0.852,0x0,28,1
2026-03-29T12:10:08.864511,58.95,67.6,24.2,2400.033792,0.852,0x0,24,
2026-03-29T12:10:09.886991,57.85,72.3,24.0,2400.023808,0.852,0x0,28,1
2026-03-29T12:10:10.915955,57.85,67.6,24.0,2400.033792,0.852,0x0,24,3
2026-03-29T12:10:11.939998,57.85,68.3,23.9,2400.02048,0.852,0x0,28,1
2026-03-29T12:10:12.966064,57.85,68.2,24.0,2400.02048,0.852,0x0,24,1
2026-03-29T12:10:13.987346,55.65,68.1,23.9,2400.02048,0.852,0x0,28,3
2026-03-29T12:10:15.007024,57.3,70.3,24.1,2400.033792,0.852,0x0,24,2
2026-03-29T12:10:16.028929,59.5,68.2,24.2,2400.02048,0.852,0x0,28,2
2026-03-29T12:10:17.052761,57.3,69.0,24.1,2400.027136,0.852,0x0,24,2
2026-03-29T12:10:18.076633,58.95,67.5,24.2,2400.030464,0.852,0x0,24,3
2026-03-29T12:10:19.101201,57.85,67.9,24.1,2400.033792,0.852,0x0,24,3
2026-03-29T12:10:20.129216,57.3,69.0,24.1,2400.023808,0.852,0x0,24,1
2026-03-29T12:10:21.230818,57.3,68.7,23.8,2400.033792,0.852,0x0,24,2
2026-03-29T12:10:22.272035,57.3,69.2,24.2,2400.023808,0.852,0x0,28,1
2026-03-29T12:10:23.292910,57.85,68.3,24.1,2400.027136,0.852,0x0,26,
2026-03-29T12:10:24.314021,58.95,69.0,24.1,2400.02048,0.852,0x0,26,6
2026-03-29T12:10:25.345203,56.75,68.8,24.1,2400.02048,0.852,0x0,27,
2026-03-29T12:10:26.376065,57.85,68.1,24.1,2400.033792,0.852,0x0,28,2
2026-03-29T12:10:27.403587,57.3,68.8,24.1,2400.03712,0.852,0x0,24,1
2026-03-29T12:10:28.425029,57.85,67.8,24.1,2400.03712,0.852,0x0,28,1
2026-03-29T12:10:29.453692,57.3,68.9,24.0,2400.030464,0.852,0x0,24,1
2026-03-29T12:10:30.473377,57.85,75.6,23.9,2400.023808,0.852,0x0,24,3
2026-03-29T12:10:31.500715,57.85,69.7,23.9,2400.027136,0.852,0x0,28,1
2026-03-29T12:10:32.524428,57.85,67.7,23.8,2400.030464,0.852,0x0,24,1
2026-03-29T12:10:33.548049,58.95,66.7,23.7,2400.02048,0.852,0x0,28,2
2026-03-29T12:10:34.572555,57.3,68.5,23.6,2400.033792,0.852,0x0,24,1
2026-03-29T12:10:35.595725,56.2,69.7,23.9,2400.02048,0.852,0x0,28,2
2026-03-29T12:10:36.619120,56.75,68.8,24.0,2400.033792,0.852,0x0,28,7
2026-03-29T12:10:37.646639,57.85,67.9,23.9,2400.027136,0.852,0x0,28,
2026-03-29T12:10:38.677941,57.3,68.1,24.0,2400.033792,0.852,0x0,24,0
2026-03-29T12:10:39.697542,55.65,68.4,24.0,2400.03712,0.852,0x0,28,2
2026-03-29T12:10:40.717741,57.85,69.1,23.9,2400.027136,0.852,0x0,28,
2026-03-29T12:10:41.747767,58.95,69.8,23.9,2400.02048,0.852,0x0,28,2
2026-03-29T12:10:42.773321,57.85,69.7,24.0,2400.02048,0.852,0x0,24,3
2026-03-29T12:10:43.799628,57.85,68.8,24.0,2400.027136,0.852,0x0,28,0
2026-03-29T12:10:44.820228,58.4,67.3,23.9,2400.033792,0.852,0x0,28,2
2026-03-29T12:10:45.846010,58.4,66.7,23.7,2400.027136,0.852,0x0,28,1
2026-03-29T12:10:46.872777,57.3,70.0,23.7,2400.027136,0.852,0x0,28,2
2026-03-29T12:10:47.891783,57.3,68.6,24.1,2400.023808,0.852,0x0,24,3
2026-03-29T12:10:48.922876,57.85,69.3,24.1,2400.02048,0.852,0x0,24,5
2026-03-29T12:10:49.959628,58.4,69.3,24.1,2400.027136,0.852,0x0,28,
2026-03-29T12:10:50.988856,58.4,69.5,24.1,2400.023808,0.852,0x0,25,
2026-03-29T12:10:52.010596,56.75,67.3,24.3,2400.027136,0.852,0x0,28,
2026-03-29T12:10:53.042128,57.3,72.8,24.0,2400.027136,0.852,0x0,24,3
2026-03-29T12:10:54.066356,57.3,68.0,24.3,2400.027136,0.852,0x0,24,1
2026-03-29T12:10:55.090045,58.4,70.3,24.3,2400.030464,0.852,0x0,24,1
2026-03-29T12:10:56.109982,57.85,69.0,24.2,2400.030464,0.852,0x0,28,2
2026-03-29T12:10:57.138670,57.85,70.7,24.1,2400.017408,0.852,0x0,28,1
2026-03-29T12:10:58.161653,57.3,67.7,24.0,2400.030464,0.852,0x0,24,2
2026-03-29T12:10:59.184612,58.4,69.5,23.9,2400.02048,0.852,0x0,28,2
2026-03-29T12:11:00.210516,58.95,70.0,23.8,2400.033792,0.852,0x0,29,2
2026-03-29T12:11:01.243693,57.3,68.2,23.8,2400.02048,0.852,0x0,24,3
2026-03-29T12:11:02.266142,56.75,68.5,23.8,2400.023808,0.852,0x0,28,3
2026-03-29T12:11:03.288931,57.85,67.9,23.8,2400.027136,0.852,0x0,28,
2026-03-29T12:11:04.314615,57.85,69.1,23.8,2400.02048,0.852,0x0,24,3
2026-03-29T12:11:05.339558,56.75,70.9,23.8,2400.02048,0.852,0x0,24,1
2026-03-29T12:11:06.363251,57.85,68.2,23.7,2400.027136,0.852,0x0,25,3
2026-03-29T12:11:07.387607,57.85,68.6,23.6,2400.027136,0.852,0x0,24,4
2026-03-29T12:11:08.421194,57.3,67.5,23.7,2400.030464,0.852,0x0,28,1
2026-03-29T12:11:09.445701,58.4,70.6,23.7,2400.033792,0.852,0x0,28,1
2026-03-29T12:11:10.470060,57.85,70.1,23.7,2400.033792,0.852,0x0,24,1
2026-03-29T12:11:11.490281,57.85,67.3,23.6,2400.02048,0.852,0x0,24,3
2026-03-29T12:11:12.513002,57.85,70.1,23.7,2400.033792,0.852,0x0,24,3
2026-03-29T12:11:13.543594,56.2,68.6,23.5,2400.023808,0.852,0x0,24,3
2026-03-29T12:11:14.563595,58.95,68.8,23.6,2400.030464,0.852,0x0,28,1
2026-03-29T12:11:15.584146,57.85,72.3,23.7,2400.027136,0.852,0x0,28,1
2026-03-29T12:11:16.607340,58.4,68.5,23.7,2400.023808,0.852,0x0,28,2
2026-03-29T12:11:17.635367,57.85,68.4,23.6,2400.027136,0.852,0x0,25,
2026-03-29T12:11:18.662568,57.3,69.1,23.6,2400.030464,0.852,0x0,24,1
2026-03-29T12:11:19.684564,57.85,68.4,23.6,2400.023808,0.852,0x0,28,1
2026-03-29T12:11:20.706752,57.85,69.0,23.4,2400.033792,0.852,0x0,28,
2026-03-29T12:11:21.731009,57.85,67.9,23.5,2400.02048,0.852,0x0,25,2
2026-03-29T12:11:22.760446,57.3,68.6,23.6,2400.03712,0.852,0x0,28,3
2026-03-29T12:11:23.781537,58.4,69.1,23.6,2400.033792,0.852,0x0,24,1
2026-03-29T12:11:24.812803,58.4,68.9,23.5,2400.023808,0.852,0x0,28,1
2026-03-29T12:11:25.835525,57.85,68.5,23.5,2400.033792,0.852,0x0,24,3
2026-03-29T12:11:26.864483,57.85,68.5,23.5,2400.023808,0.852,0x0,25,
2026-03-29T12:11:27.885153,57.85,69.2,23.5,2400.033792,0.852,0x0,25,2
2026-03-29T12:11:28.909864,57.85,69.3,23.5,2400.027136,0.852,0x0,28,2
2026-03-29T12:11:29.934396,57.3,69.7,23.6,2400.023808,0.852,0x0,28,1
2026-03-29T12:11:30.957076,56.75,70.0,23.6,2400.03712,0.852,0x0,28,
2026-03-29T12:11:31.982501,57.85,68.8,23.5,2400.02048,0.852,0x0,24,3
2026-03-29T12:11:33.010663,57.85,68.4,23.6,2400.030464,0.852,0x0,24,3
2026-03-29T12:11:34.036325,58.95,68.3,23.6,2400.023808,0.852,0x0,24,3
2026-03-29T12:11:35.060870,57.85,68.8,23.6,2400.02048,0.852,0x0,24,3
2026-03-29T12:11:36.087267,57.85,70.5,23.4,2400.03712,0.852,0x0,28,
2026-03-29T12:11:37.113939,57.85,69.1,23.5,2400.033792,0.852,0x0,28,2
2026-03-29T12:11:38.137584,58.4,72.6,23.5,2400.033792,0.852,0x0,28,3
2026-03-29T12:11:39.164853,57.85,68.0,23.6,2400.03712,0.852,0x0,28,2
2026-03-29T12:11:40.190794,58.4,69.0,23.9,2400.023808,0.852,0x0,28,4
2026-03-29T12:11:41.216157,57.85,70.2,24.0,2400.033792,0.852,0x0,28,
2026-03-29T12:11:42.239592,58.4,69.2,24.0,2400.030464,0.852,0x0,24,1
2026-03-29T12:11:43.260809,57.85,68.7,24.0,2400.030464,0.852,0x0,25,3
2026-03-29T12:11:44.285161,58.95,67.7,24.2,2400.02048,0.852,0x0,24,5
2026-03-29T12:11:45.315702,57.85,68.9,23.9,2400.033792,0.852,0x0,28,
2026-03-29T12:11:46.336169,57.85,70.3,24.3,2400.030464,0.852,0x0,24,3
2026-03-29T12:11:47.364222,58.4,68.0,24.1,2400.02048,0.852,0x0,24,2
2026-03-29T12:11:48.386701,57.85,69.4,24.1,2400.023808,0.852,0x0,24,2
2026-03-29T12:11:49.410334,56.75,68.4,24.4,2400.03712,0.852,0x0,28,2
2026-03-29T12:11:50.433800,57.3,68.2,24.1,2400.03712,0.852,0x0,24,1
2026-03-29T12:11:51.455615,57.85,68.7,24.2,2400.030464,0.852,0x0,24,1
2026-03-29T12:11:52.476830,59.5,68.3,24.2,2400.027136,0.852,0x0,28,2
2026-03-29T12:11:53.501000,57.85,67.9,24.0,2400.027136,0.852,0x0,24,2
2026-03-29T12:11:54.519377,59.5,68.1,24.2,2400.03712,0.852,0x0,24,3
2026-03-29T12:11:55.539106,57.85,68.7,24.4,2400.023808,0.852,0x0,28,3
2026-03-29T12:11:56.573043,57.3,70.9,24.1,2400.030464,0.852,0x0,28,1
2026-03-29T12:11:57.593615,56.75,67.5,24.2,2400.033792,0.852,0x0,28,1
2026-03-29T12:11:58.618446,57.85,68.1,24.0,2400.03712,0.852,0x0,28,1
2026-03-29T12:11:59.644663,57.85,69.4,24.2,2400.033792,0.852,0x0,24,2
2026-03-29T12:12:00.674857,58.4,72.2,24.1,2400.017408,0.852,0x0,24,1
2026-03-29T12:12:01.807484,57.85,69.2,24.1,2400.027136,0.852,0x0,28,3
2026-03-29T12:12:02.830923,58.95,67.7,24.0,2400.027136,0.852,0x0,28,1
2026-03-29T12:12:03.857243,57.3,67.6,24.1,2400.033792,0.852,0x0,24,0
2026-03-29T12:12:04.875582,57.85,67.4,24.1,2400.027136,0.852,0x0,24,2
2026-03-29T12:12:05.899598,57.85,68.7,24.1,2400.030464,0.852,0x0,24,2
2026-03-29T12:12:06.926850,58.4,67.9,24.1,2400.033792,0.852,0x0,24,3
2026-03-29T12:12:07.953329,59.5,68.4,24.2,2400.03712,0.852,0x0,24,2
2026-03-29T12:12:08.977059,57.85,69.9,24.2,2400.02048,0.852,0x0,24,3
2026-03-29T12:12:10.001481,57.85,69.5,24.2,2400.017408,0.852,0x0,25,
2026-03-29T12:12:11.029388,59.5,70.0,24.4,2400.030464,0.852,0x0,24,4
2026-03-29T12:12:12.058945,57.85,69.3,24.4,2400.02048,0.852,0x0,26,5
2026-03-29T12:12:13.080725,57.85,70.8,24.5,2400.027136,0.852,0x0,26,
2026-03-29T12:12:14.112292,58.4,70.5,24.5,2400.03712,0.852,0x0,28,1
2026-03-29T12:12:15.138276,58.95,70.3,24.5,2400.02048,0.852,0x0,28,3
2026-03-29T12:12:16.163840,57.85,73.1,24.5,2400.027136,0.852,0x0,28,
2026-03-29T12:12:17.190890,57.3,69.7,24.3,2400.030464,0.852,0x0,25,
2026-03-29T12:12:18.216057,57.85,69.5,24.4,2400.030464,0.852,0x0,28,2
2026-03-29T12:12:19.243425,57.85,67.7,24.5,2400.030464,0.852,0x0,24,2
2026-03-29T12:12:20.264935,57.3,67.8,24.4,2400.033792,0.852,0x0,24,2
2026-03-29T12:12:21.287642,57.3,67.9,24.0,2400.023808,0.852,0x0,28,1
2026-03-29T12:12:22.310260,57.85,68.8,24.3,2400.02048,0.852,0x0,24,1
2026-03-29T12:12:23.331384,57.85,68.1,24.4,2400.023808,0.852,0x0,24,1
2026-03-29T12:12:24.354378,58.4,68.6,24.5,2400.030464,0.852,0x0,24,3
2026-03-29T12:12:25.377077,59.5,67.4,24.4,2400.027136,0.852,0x0,28,2
2026-03-29T12:12:26.405058,57.85,68.4,24.3,2400.030464,0.852,0x0,28,1
2026-03-29T12:12:27.429002,58.95,68.6,24.1,2400.030464,0.852,0x0,25,
2026-03-29T12:12:28.448125,58.4,69.1,24.2,2400.02048,0.852,0x0,29,4
2026-03-29T12:12:29.475880,58.4,68.8,24.3,2400.02048,0.852,0x0,24,4
2026-03-29T12:12:30.509897,57.3,69.9,24.0,2400.027136,0.852,0x0,24,1
2026-03-29T12:12:31.535011,59.5,69.7,24.4,2400.02048,0.852,0x0,27,
2026-03-29T12:12:32.559590,57.3,69.0,24.9,2400.033792,0.852,0x0,24,2
2026-03-29T12:12:33.589057,57.85,69.4,25.0,2400.023808,0.852,0x0,24,1
2026-03-29T12:12:34.612512,57.3,68.3,24.7,2400.023808,0.852,0x0,26,
2026-03-29T12:12:35.633908,58.95,67.7,24.5,2400.03712,0.852,0x0,26,6
2026-03-29T12:12:36.656950,57.85,73.9,24.5,2400.023808,0.852,0x0,28,
2026-03-29T12:12:37.684127,58.95,68.2,24.2,2400.030464,0.852,0x0,28,1
2026-03-29T12:12:38.719638,56.75,67.7,24.3,2400.030464,0.852,0x0,24,2
2026-03-29T12:12:39.743614,57.3,68.2,24.6,2400.027136,0.852,0x0,28,2
2026-03-29T12:12:40.767582,58.4,68.5,24.7,2400.030464,0.852,0x0,28,1
2026-03-29T12:12:41.789893,56.75,70.6,24.6,2400.027136,0.852,0x0,24,1
2026-03-29T12:12:42.815188,58.95,68.1,24.3,2400.033792,0.852,0x0,24,1
2026-03-29T12:12:43.837233,57.85,69.0,24.2,2400.027136,0.852,0x0,25,
2026-03-29T12:12:44.857363,58.4,69.2,24.1,2400.02048,0.852,0x0,28,1
2026-03-29T12:12:45.883502,56.75,68.7,24.1,2400.023808,0.852,0x0,24,3
2026-03-29T12:12:46.907288,57.85,68.4,24.1,2400.02048,0.852,0x0,28,
2026-03-29T12:12:47.933333,57.85,68.0,24.1,2400.033792,0.852,0x0,24,1
2026-03-29T12:12:48.957771,58.95,69.2,24.4,2400.027136,0.852,0x0,24,1
2026-03-29T12:12:49.985807,57.85,68.6,24.7,2400.03712,0.852,0x0,28,1
2026-03-29T12:12:51.010793,57.85,68.7,24.6,2400.030464,0.852,0x0,28,1
2026-03-29T12:12:52.038014,60.05,70.2,24.6,2400.030464,0.852,0x0,24,4
2026-03-29T12:12:53.068609,58.4,68.1,24.5,2400.023808,0.852,0x0,27,
2026-03-29T12:12:54.093357,57.85,69.9,24.5,2400.02048,0.852,0x0,25,
2026-03-29T12:12:55.118788,58.4,68.7,24.2,2400.023808,0.852,0x0,28,1
2026-03-29T12:12:56.140488,56.75,69.1,24.1,2400.027136,0.852,0x0,24,4
2026-03-29T12:12:57.166293,56.75,73.0,24.1,2400.030464,0.852,0x0,28,3
2026-03-29T12:12:58.191729,57.85,68.0,24.2,2400.02048,0.852,0x0,28,
2026-03-29T12:12:59.222311,57.3,67.3,24.2,2400.027136,0.852,0x0,24,3
2026-03-29T12:13:00.242448,57.85,68.2,24.2,2400.030464,0.852,0x0,27,6
2026-03-29T12:13:01.269386,58.95,68.7,24.3,2400.033792,0.852,0x0,28,1
2026-03-29T12:13:02.294218,58.4,67.9,24.3,2400.02048,0.852,0x0,25,2
2026-03-29T12:13:03.317243,58.4,70.1,24.2,2400.02048,0.852,0x0,28,1
2026-03-29T12:13:04.340569,58.4,67.0,24.2,2400.033792,0.852,0x0,28,6
2026-03-29T12:13:05.367686,56.75,68.1,24.2,2400.033792,0.852,0x0,24,1
2026-03-29T12:13:06.394034,58.95,68.5,24.2,2400.030464,0.852,0x0,24,2
2026-03-29T12:13:07.421406,57.85,69.9,24.1,2400.02048,0.852,0x0,28,1
2026-03-29T12:13:08.440714,57.3,68.2,24.2,2400.02048,0.852,0x0,28,
2026-03-29T12:13:09.463030,57.85,68.4,24.1,2400.017408,0.852,0x0,24,2
2026-03-29T12:13:10.489988,58.95,68.9,24.2,2400.023808,0.852,0x0,28,
2026-03-29T12:13:11.512740,57.3,67.9,24.2,2400.033792,0.852,0x0,28,
2026-03-29T12:13:12.539692,57.85,69.6,24.3,2400.033792,0.852,0x0,24,3
2026-03-29T12:13:13.569571,57.3,69.4,24.4,2400.02048,0.852,0x0,28,1
2026-03-29T12:13:14.592778,58.4,68.3,24.1,2400.017408,0.852,0x0,24,1
2026-03-29T12:13:15.615595,57.3,67.6,24.3,2400.033792,0.852,0x0,28,2
2026-03-29T12:13:16.637494,58.4,69.0,24.4,2400.027136,0.852,0x0,24,1
2026-03-29T12:13:17.658661,57.85,69.0,24.5,2400.033792,0.852,0x0,28,7
2026-03-29T12:13:18.687891,56.75,68.6,24.3,2400.027136,0.852,0x0,28,1
2026-03-29T12:13:19.709335,58.4,72.0,24.5,2400.033792,0.852,0x0,24,3
2026-03-29T12:13:20.732341,57.3,67.8,24.4,2400.033792,0.852,0x0,29,3
2026-03-29T12:13:21.756926,57.3,69.1,24.4,2400.027136,0.852,0x0,28,2
2026-03-29T12:13:22.787606,57.85,68.7,24.4,2400.03712,0.852,0x0,24,0
2026-03-29T12:13:23.809643,56.75,67.8,24.4,2400.027136,0.852,0x0,24,2
2026-03-29T12:13:24.833017,57.85,69.7,24.5,2400.030464,0.852,0x0,24,1
2026-03-29T12:13:25.853893,57.85,66.1,24.4,2400.023808,0.852,0x0,24,2
2026-03-29T12:13:26.879578,57.3,68.3,24.1,2400.03712,0.852,0x0,24,1
2026-03-29T12:13:27.899696,57.85,68.0,24.4,2400.03712,0.852,0x0,24,3
2026-03-29T12:13:28.922016,57.85,67.1,24.3,2400.023808,0.852,0x0,28,5
2026-03-29T12:13:29.947410,58.4,67.1,24.3,2400.023808,0.852,0x0,24,1
2026-03-29T12:13:30.970762,58.4,68.7,24.2,2400.03712,0.852,0x0,28,7
2026-03-29T12:13:31.995599,56.75,70.6,24.2,2400.030464,0.852,0x0,25,4
2026-03-29T12:13:33.017858,57.3,66.6,24.4,2400.027136,0.852,0x0,28,3
2026-03-29T12:13:34.053228,57.3,68.6,24.4,2400.03712,0.852,0x0,24,1
2026-03-29T12:13:35.076105,57.85,68.4,24.5,2400.02048,0.852,0x0,28,
2026-03-29T12:13:36.103575,56.75,68.3,24.4,2400.027136,0.852,0x0,25,
2026-03-29T12:13:37.125511,57.85,70.3,24.3,2400.02048,0.852,0x0,25,3
2026-03-29T12:13:38.165507,57.3,69.1,24.2,2400.030464,0.852,0x0,24,2
2026-03-29T12:13:39.191194,59.5,68.6,24.0,2400.02048,0.852,0x0,28,1
2026-03-29T12:13:40.214505,57.85,69.3,24.3,2400.030464,0.852,0x0,24,2
2026-03-29T12:13:41.233161,57.85,70.2,24.2,2400.033792,0.852,0x0,24,3
2026-03-29T12:13:42.259468,56.75,73.3,24.4,2400.033792,0.852,0x0,24,3
2026-03-29T12:13:43.280170,57.3,67.6,24.4,2400.027136,0.852,0x0,28,6
2026-03-29T12:13:44.308915,57.85,69.2,24.6,2400.027136,0.852,0x0,28,1
2026-03-29T12:13:45.335662,58.95,68.6,24.6,2400.033792,0.852,0x0,24,1
2026-03-29T12:13:46.355602,57.85,68.9,24.8,2400.027136,0.852,0x0,24,2
2026-03-29T12:13:47.377282,57.85,70.1,24.7,2400.023808,0.852,0x0,24,2
2026-03-29T12:13:48.411738,57.85,68.6,24.6,2400.027136,0.852,0x0,24,2
2026-03-29T12:13:49.433767,58.95,68.2,24.4,2400.017408,0.852,0x0,24,1
2026-03-29T12:13:50.456932,58.4,68.3,24.3,2400.027136,0.852,0x0,28,4
2026-03-29T12:13:51.480023,57.3,68.7,24.5,2400.030464,0.852,0x0,28,2
2026-03-29T12:13:52.510036,58.95,67.4,24.4,2400.033792,0.852,0x0,25,1
2026-03-29T12:13:53.531398,57.3,67.2,24.2,2400.033792,0.852,0x0,28,2
2026-03-29T12:13:54.551590,56.75,67.8,24.3,2400.023808,0.852,0x0,28,1
2026-03-29T12:13:55.578198,59.5,67.8,24.2,2400.02048,0.852,0x0,25,
2026-03-29T12:13:56.597446,58.4,69.8,24.6,2400.027136,0.852,0x0,24,1
2026-03-29T12:13:57.618656,57.3,69.6,24.5,2400.030464,0.852,0x0,28,1
2026-03-29T12:13:58.638734,56.75,67.5,24.4,2400.030464,0.852,0x0,24,5
2026-03-29T12:13:59.666870,57.85,68.9,24.3,2400.027136,0.852,0x0,28,1
2026-03-29T12:14:00.690457,57.85,68.3,24.4,2400.02048,0.852,0x0,28,2
2026-03-29T12:14:01.713342,58.95,68.3,24.3,2400.023808,0.852,0x0,28,
2026-03-29T12:14:02.736122,58.95,68.1,24.4,2400.023808,0.852,0x0,28,2
2026-03-29T12:14:03.759591,57.85,68.5,24.5,2400.02048,0.852,0x0,26,
2026-03-29T12:14:04.782415,57.85,72.1,24.5,2400.02048,0.852,0x0,25,
2026-03-29T12:14:05.812110,59.5,68.4,24.5,2400.02048,0.852,0x0,28,1
2026-03-29T12:14:06.832053,57.3,68.6,24.3,2400.03712,0.852,0x0,24,3
2026-03-29T12:14:07.852914,57.85,68.4,24.3,2400.017408,0.852,0x0,24,1
2026-03-29T12:14:08.879573,59.5,67.8,24.1,2400.03712,0.852,0x0,28,1
2026-03-29T12:14:09.901580,58.4,67.5,24.1,2400.030464,0.852,0x0,24,2
2026-03-29T12:14:10.921833,56.75,67.3,24.2,2400.030464,0.852,0x0,24,3
2026-03-29T12:14:11.951155,59.5,67.8,24.4,2400.027136,0.852,0x0,24,3
2026-03-29T12:14:12.976066,57.85,71.5,24.3,2400.030464,0.852,0x0,24,1
2026-03-29T12:14:13.995503,57.85,66.8,24.2,2400.023808,0.852,0x0,24,1
2026-03-29T12:14:15.027201,57.85,67.7,24.4,2400.02048,0.852,0x0,28,
2026-03-29T12:14:16.053202,57.85,69.7,24.4,2400.027136,0.852,0x0,28,3
2026-03-29T12:14:17.077048,59.5,68.7,24.2,2400.02048,0.852,0x0,24,1
2026-03-29T12:14:18.101896,58.4,70.4,24.2,2400.033792,0.852,0x0,24,3
2026-03-29T12:14:19.130570,59.5,68.4,24.3,2400.023808,0.852,0x0,25,
2026-03-29T12:14:20.161013,58.4,68.0,24.4,2400.030464,0.852,0x0,28,1
2026-03-29T12:14:21.181985,59.5,68.1,24.7,2400.02048,0.852,0x0,24,2
2026-03-29T12:14:22.203669,58.4,68.9,24.8,2400.027136,0.852,0x0,28,5
2026-03-29T12:14:23.227273,58.95,68.7,24.7,2400.033792,0.852,0x0,24,1
2026-03-29T12:14:24.252153,57.85,68.8,24.8,2400.023808,0.852,0x0,24,4
2026-03-29T12:14:25.274310,57.3,67.0,24.7,2400.033792,0.852,0x0,24,1
2026-03-29T12:14:26.296927,58.4,67.6,24.6,2400.030464,0.852,0x0,24,2
2026-03-29T12:14:27.327602,57.3,69.6,24.5,2400.030464,0.852,0x0,28,
2026-03-29T12:14:28.353407,58.4,72.8,24.5,2400.027136,0.852,0x0,24,3
2026-03-29T12:14:29.377607,57.85,68.7,24.6,2400.033792,0.852,0x0,28,1
2026-03-29T12:14:30.398500,58.4,69.3,24.5,2400.027136,0.852,0x0,28,1
2026-03-29T12:14:31.424675,57.85,68.7,24.2,2400.030464,0.852,0x0,28,3
2026-03-29T12:14:32.445307,57.85,67.6,24.1,2400.033792,0.852,0x0,28,3
2026-03-29T12:14:33.468887,57.85,67.9,24.1,2400.033792,0.852,0x0,24,4
2026-03-29T12:14:34.493917,59.5,68.5,24.2,2400.030464,0.852,0x0,26,5
2026-03-29T12:14:35.518488,57.85,68.5,24.4,2400.033792,0.852,0x0,26,
2026-03-29T12:14:36.542616,57.3,69.1,24.4,2400.027136,0.852,0x0,24,2
2026-03-29T12:14:37.566984,57.85,67.9,24.3,2400.033792,0.852,0x0,26,
2026-03-29T12:14:38.589806,57.3,69.5,24.6,2400.030464,0.852,0x0,28,2
2026-03-29T12:14:39.613743,57.85,68.0,24.7,2400.02048,0.852,0x0,28,1
2026-03-29T12:14:40.636699,57.85,68.4,24.6,2400.033792,0.852,0x0,24,3
2026-03-29T12:14:41.664576,57.3,69.1,24.7,2400.02048,0.852,0x0,28,3
2026-03-29T12:14:42.687580,57.85,70.2,24.6,2400.027136,0.852,0x0,24,3
2026-03-29T12:14:43.711652,58.95,67.6,24.5,2400.023808,0.852,0x0,24,3
2026-03-29T12:14:44.738369,57.85,69.8,24.6,2400.033792,0.852,0x0,24,1
2026-03-29T12:14:45.760396,57.85,68.7,24.4,2400.033792,0.852,0x0,24,1
2026-03-29T12:14:46.783049,58.95,68.0,24.5,2400.027136,0.852,0x0,24,4
2026-03-29T12:14:47.807199,57.3,69.3,24.6,2400.02048,0.852,0x0,24,2
2026-03-29T12:14:48.828046,57.85,68.3,24.7,2400.030464,0.852,0x0,28,2
2026-03-29T12:14:49.851219,57.85,68.8,24.5,2400.023808,0.852,0x0,28,2
2026-03-29T12:14:50.874191,57.85,69.6,24.3,2400.023808,0.852,0x0,24,2
2026-03-29T12:14:51.899365,57.85,72.8,24.6,2400.027136,0.852,0x0,28,
2026-03-29T12:14:52.927203,57.3,69.0,24.6,2400.02048,0.852,0x0,28,1
2026-03-29T12:14:53.950837,57.85,68.3,24.7,2400.03712,0.852,0x0,24,3
2026-03-29T12:14:54.979583,56.75,67.6,24.7,2400.027136,0.852,0x0,28,1
2026-03-29T12:14:56.007020,57.85,68.3,24.6,2400.02048,0.852,0x0,26,
2026-03-29T12:14:57.032832,57.3,69.8,24.4,2400.033792,0.852,0x0,24,3
2026-03-29T12:14:58.056752,58.95,69.7,24.2,2400.02048,0.852,0x0,24,3
2026-03-29T12:14:59.087992,58.95,69.3,23.9,2400.027136,0.852,0x0,26,
2026-03-29T12:15:00.108603,57.3,68.9,23.8,2400.03712,0.852,0x0,28,3
2026-03-29T12:15:01.127604,58.95,68.5,23.9,2400.023808,0.852,0x0,28,2
2026-03-29T12:15:02.152550,57.85,68.6,24.0,2400.027136,0.852,0x0,24,3
2026-03-29T12:15:03.176648,57.85,69.9,24.0,2400.030464,0.852,0x0,24,2
2026-03-29T12:15:04.200513,56.75,68.5,24.1,2400.03712,0.852,0x0,24,4
2026-03-29T12:15:05.226598,57.85,68.6,24.1,2400.027136,0.852,0x0,24,2
2026-03-29T12:15:06.251506,57.85,67.4,24.0,2400.03712,0.852,0x0,28,4
2026-03-29T12:15:07.280625,59.5,69.5,24.1,2400.033792,0.852,0x0,24,1
2026-03-29T12:15:08.303714,57.85,70.2,24.0,2400.030464,0.852,0x0,28,0
2026-03-29T12:15:09.326288,56.75,67.4,24.0,2400.017408,0.852,0x0,24,3
2026-03-29T12:15:10.349800,58.4,67.8,24.0,2400.030464,0.852,0x0,24,3
2026-03-29T12:15:11.382937,58.95,70.3,23.9,2400.03712,0.852,0x0,24,2
2026-03-29T12:15:12.403279,57.85,67.3,23.8,2400.030464,0.852,0x0,28,1
2026-03-29T12:15:13.427594,56.2,69.2,23.9,2400.027136,0.852,0x0,24,3
2026-03-29T12:15:14.451084,57.85,73.4,23.7,2400.023808,0.852,0x0,25,1
2026-03-29T12:15:15.474367,57.85,68.1,23.7,2400.023808,0.852,0x0,24,3
2026-03-29T12:15:16.495060,56.75,68.3,23.9,2400.027136,0.852,0x0,24,4
2026-03-29T12:15:17.521915,58.4,69.1,23.9,2400.027136,0.852,0x0,25,3
2026-03-29T12:15:18.558151,57.85,68.5,24.0,2400.023808,0.852,0x0,28,8
2026-03-29T12:15:19.582468,58.95,69.9,24.1,2400.02048,0.852,0x0,24,2
2026-03-29T12:15:20.609195,57.3,68.0,24.0,2400.030464,0.852,0x0,24,3
2026-03-29T12:15:21.643648,58.4,70.0,24.2,2400.030464,0.852,0x0,28,3
2026-03-29T12:15:22.663844,57.85,68.4,24.2,2400.030464,0.852,0x0,28,6
2026-03-29T12:15:23.688794,57.3,66.1,24.1,2400.02048,0.852,0x0,28,2
2026-03-29T12:15:24.817921,57.85,69.3,24.2,2400.02048,0.852,0x0,24,1
2026-03-29T12:15:25.839513,58.4,67.7,24.2,2400.030464,0.852,0x0,28,2
2026-03-29T12:15:26.863838,57.85,69.4,24.0,2400.030464,0.852,0x0,24,2
2026-03-29T12:15:27.887736,57.85,67.9,23.9,2400.02048,0.852,0x0,26,
2026-03-29T12:15:28.913775,57.85,69.8,23.7,2400.02048,0.852,0x0,28,2
2026-03-29T12:15:29.938243,57.3,68.9,23.7,2400.030464,0.852,0x0,24,1
2026-03-29T12:15:30.956909,57.85,67.0,23.6,2400.017408,0.852,0x0,28,1
2026-03-29T12:15:31.976914,58.95,69.3,23.8,2400.023808,0.852,0x0,24,2
2026-03-29T12:15:32.997825,56.75,67.8,24.0,2400.03712,0.852,0x0,28,2
2026-03-29T12:15:34.023170,57.3,72.2,24.1,2400.02048,0.852,0x0,24,3
2026-03-29T12:15:35.043613,57.85,70.2,24.1,2400.03712,0.852,0x0,24,4
2026-03-29T12:15:36.067889,58.4,69.3,23.9,2400.027136,0.852,0x0,28,5
2026-03-29T12:15:37.097700,57.85,68.5,23.8,2400.023808,0.852,0x0,28,3
2026-03-29T12:15:38.122829,59.5,67.8,23.8,2400.027136,0.852,0x0,28,
2026-03-29T12:15:39.145418,57.85,68.1,23.9,2400.030464,0.852,0x0,24,3
2026-03-29T12:15:40.166827,57.85,67.9,24.1,2400.02048,0.852,0x0,28,1
2026-03-29T12:15:41.189245,57.85,66.6,24.1,2400.017408,0.852,0x0,28,1
2026-03-29T12:15:42.211616,57.3,68.9,24.1,2400.027136,0.852,0x0,28,2
2026-03-29T12:15:43.235589,57.3,68.3,24.3,2400.030464,0.852,0x0,28,
2026-03-29T12:15:44.262585,58.4,70.2,24.4,2400.023808,0.852,0x0,24,2
2026-03-29T12:15:45.287611,57.3,69.1,24.5,2400.030464,0.852,0x0,24,1
2026-03-29T12:15:46.307819,57.85,68.7,24.3,2400.027136,0.852,0x0,28,3
2026-03-29T12:15:47.333901,58.4,68.5,24.4,2400.027136,0.852,0x0,24,3
2026-03-29T12:15:48.357035,59.5,67.9,24.2,2400.030464,0.852,0x0,24,3
2026-03-29T12:15:49.384385,57.85,67.6,24.2,2400.02048,0.852,0x0,28,
2026-03-29T12:15:50.505435,57.85,68.5,24.2,2400.030464,0.852,0x0,24,1
2026-03-29T12:15:51.527496,57.85,68.6,24.3,2400.017408,0.852,0x0,28,3
2026-03-29T12:15:52.555693,58.4,68.3,24.3,2400.027136,0.852,0x0,24,1
2026-03-29T12:15:53.579614,57.85,67.8,24.3,2400.033792,0.852,0x0,28,2
2026-03-29T12:15:54.603588,57.85,68.4,24.2,2400.027136,0.852,0x0,28,1
2026-03-29T12:15:55.626003,58.4,71.7,24.2,2400.033792,0.852,0x0,28,1
2026-03-29T12:15:56.648895,58.4,68.5,24.1,2400.030464,0.852,0x0,24,1
2026-03-29T12:15:57.679177,57.3,70.0,24.2,2400.03712,0.852,0x0,24,1
2026-03-29T12:15:58.698958,58.95,68.0,24.2,2400.03712,0.852,0x0,28,4
2026-03-29T12:15:59.723116,58.4,67.9,24.0,2400.033792,0.852,0x0,28,2
2026-03-29T12:16:00.753632,57.85,70.8,24.0,2400.02048,0.852,0x0,26,
2026-03-29T12:16:01.786385,59.5,69.8,23.8,2400.023808,0.852,0x0,28,1
2026-03-29T12:16:02.804780,57.3,68.8,23.8,2400.02048,0.852,0x0,24,1
2026-03-29T12:16:03.825963,58.4,68.2,23.9,2400.03712,0.852,0x0,26,5
2026-03-29T12:16:04.848841,56.75,67.5,23.8,2400.017408,0.852,0x0,24,1
2026-03-29T12:16:05.869727,57.85,69.0,23.9,2400.023808,0.852,0x0,24,2
2026-03-29T12:16:06.892298,58.95,69.8,24.2,2400.02048,0.852,0x0,28,
2026-03-29T12:16:07.921879,58.4,68.6,24.3,2400.023808,0.852,0x0,24,2
2026-03-29T12:16:08.951722,57.85,68.8,24.1,2400.027136,0.852,0x0,28,2
2026-03-29T12:16:09.980574,58.95,70.9,23.9,2400.023808,0.852,0x0,27,
2026-03-29T12:16:11.000974,59.5,68.4,23.9,2400.02048,0.852,0x0,28,7
2026-03-29T12:16:12.027595,57.3,67.3,24.1,2400.027136,0.852,0x0,24,1
2026-03-29T12:16:13.056744,57.85,70.3,24.0,2400.027136,0.852,0x0,24,3
2026-03-29T12:16:14.087722,57.85,68.2,24.3,2400.03712,0.852,0x0,25,3
2026-03-29T12:16:15.113076,57.85,70.1,24.3,2400.030464,0.852,0x0,24,2
2026-03-29T12:16:16.135421,58.4,67.6,24.4,2400.02048,0.852,0x0,24,3
2026-03-29T12:16:17.157121,58.4,68.1,24.3,2400.023808,0.852,0x0,26,5
2026-03-29T12:16:18.179857,57.3,68.0,24.1,2400.027136,0.852,0x0,24,1
2026-03-29T12:16:19.203584,59.5,71.3,23.9,2400.033792,0.852,0x0,24,1
2026-03-29T12:16:20.221153,58.4,69.6,24.0,2400.027136,0.852,0x0,24,1
2026-03-29T12:16:21.244330,57.85,68.4,24.1,2400.023808,0.852,0x0,28,0
2026-03-29T12:16:22.270676,57.3,67.5,24.1,2400.02048,0.852,0x0,24,1
2026-03-29T12:16:23.291520,58.4,69.4,24.2,2400.02048,0.852,0x0,24,1
2026-03-29T12:16:24.314447,57.3,68.9,24.4,2400.033792,0.852,0x0,29,2
