timestamp,temperature_C,cpu_percent,memory_percent,cpu_freq_MHz,cpu_voltage_V,throttled_flags_hex,num_threads,running_threads
2026-03-28T13:51:43.556008,49.05,50.0,23.4,2400.023808,0.8487,0x0,1,1
2026-03-28T13:51:44.573298,49.05,34.2,24.2,2400.027136,0.8487,0x0,2,1
2026-03-28T13:51:45.589664,48.5,36.2,24.7,2400.02048,0.8487,0x0,4,1
2026-03-28T13:51:46.610452,46.85,29.9,25.2,2400.03712,0.8487,0x0,13,0
2026-03-28T13:51:47.630491,51.8,64.9,25.5,2400.023808,0.8487,0x0,14,3
2026-03-28T13:51:48.650062,51.25,68.8,25.9,2400.02048,0.8487,0x0,15,
2026-03-28T13:51:49.670617,51.25,73.4,26.4,2400.033792,0.8487,0x0,15,3
2026-03-28T13:51:50.696285,52.9,74.5,26.4,2400.033792,0.8487,0x0,14,2
2026-03-28T13:51:51.721883,51.8,74.1,26.2,2400.02048,0.8487,0x0,14,2
2026-03-28T13:51:52.740190,53.45,66.7,26.4,2400.02048,0.8487,0x0,15,3
2026-03-28T13:51:53.856800,53.45,70.4,26.2,2400.02048,0.8487,0x0,14,2
2026-03-28T13:51:54.874795,53.45,71.4,25.9,2400.02048,0.8487,0x0,15,3
2026-03-28T13:51:55.893589,53.45,71.5,25.8,2400.023808,0.8487,0x0,14,2
2026-03-28T13:51:56.920497,54.55,67.4,25.5,2400.03712,0.8487,0x0,15,3
2026-03-28T13:51:57.951645,54.0,70.4,25.3,2400.033792,0.8487,0x0,15,3
2026-03-28T13:51:58.980992,54.0,72.6,25.1,2400.027136,0.8487,0x0,14,2
2026-03-28T13:52:00.007410,53.45,72.5,25.2,2400.03712,0.8487,0x0,15,1
2026-03-28T13:52:01.032495,53.45,72.0,25.2,2400.02048,0.8487,0x0,15,3
2026-03-28T13:52:02.054422,54.55,68.8,25.2,2400.033792,0.8487,0x0,15,3
2026-03-28T13:52:03.073794,55.1,70.7,25.1,2400.02048,0.8487,0x0,14,2
2026-03-28T13:52:04.102936,54.55,75.4,25.4,2400.027136,0.8487,0x0,14,1
2026-03-28T13:52:05.134587,54.0,82.7,25.8,2400.02048,0.8487,0x0,14,2
2026-03-28T13:52:06.160888,54.0,72.6,25.9,2400.030464,0.8487,0x0,15,0
2026-03-28T13:52:07.180790,55.1,77.5,26.0,2400.027136,0.8487,0x0,15,4
2026-03-28T13:52:08.210482,55.65,78.0,25.6,2400.02048,0.8487,0x0,15,2
2026-03-28T13:52:09.239046,54.0,68.3,25.5,2400.02048,0.8487,0x0,15,3
2026-03-28T13:52:10.258984,54.55,73.8,25.3,2400.033792,0.8487,0x0,14,2
2026-03-28T13:52:11.284882,55.1,67.6,25.4,2400.033792,0.8487,0x0,14,3
2026-03-28T13:52:12.309730,55.1,66.7,25.7,2400.02048,0.8487,0x0,14,2
2026-03-28T13:52:13.334743,54.0,67.1,25.8,2400.033792,0.8487,0x0,15,3
2026-03-28T13:52:14.356705,56.75,66.1,26.1,2400.023808,0.8487,0x0,15,3
2026-03-28T13:52:15.383054,55.1,70.5,26.1,2400.033792,0.8487,0x0,15,
2026-03-28T13:52:16.405248,56.75,73.8,26.0,2400.03712,0.8487,0x0,15,2
2026-03-28T13:52:17.431010,55.1,70.2,26.0,2400.027136,0.8487,0x0,14,2
2026-03-28T13:52:18.451439,57.3,69.2,26.0,2400.03712,0.8487,0x0,15,3
2026-03-28T13:52:19.471000,55.1,70.4,25.9,2400.023808,0.8487,0x0,15,2
2026-03-28T13:52:20.489974,55.65,68.5,25.8,2400.033792,0.8487,0x0,15,2
2026-03-28T13:52:21.514268,56.75,69.7,25.9,2400.02048,0.8487,0x0,15,2
2026-03-28T13:52:22.534191,55.1,70.8,26.2,2400.03712,0.8487,0x0,15,3
2026-03-28T13:52:23.555906,55.65,66.3,26.0,2400.030464,0.8487,0x0,14,2
2026-03-28T13:52:24.573214,55.65,72.5,25.7,2400.02048,0.8487,0x0,15,4
2026-03-28T13:52:25.598465,56.75,72.5,25.8,2400.030464,0.8487,0x0,14,1
2026-03-28T13:52:26.618661,56.75,66.9,25.6,2400.030464,0.8487,0x0,14,2
2026-03-28T13:52:27.637602,55.65,85.6,25.7,2400.02048,0.8487,0x0,15,
2026-03-28T13:52:28.657313,56.75,74.7,25.9,2400.023808,0.8487,0x0,15,2
2026-03-28T13:52:29.675716,56.75,66.3,25.7,2400.023808,0.8487,0x0,15,3
2026-03-28T13:52:30.698334,56.2,70.7,25.4,2400.033792,0.8487,0x0,14,3
2026-03-28T13:52:31.717653,56.75,71.2,25.3,2400.027136,0.8487,0x0,15,0
2026-03-28T13:52:32.737158,56.2,68.0,25.3,2400.033792,0.8487,0x0,14,2
2026-03-28T13:52:33.755946,55.65,70.4,25.7,2400.027136,0.8487,0x0,15,3
2026-03-28T13:52:34.776889,56.2,69.0,25.7,2400.02048,0.8487,0x0,14,4
2026-03-28T13:52:35.802252,55.65,70.0,25.4,2400.033792,0.8487,0x0,15,1
2026-03-28T13:52:36.823686,57.3,69.1,25.5,2400.03712,0.8487,0x0,15,
2026-03-28T13:52:37.847084,57.85,69.4,25.4,2400.03712,0.8487,0x0,14,2
2026-03-28T13:52:38.875047,56.2,68.2,25.5,2400.033792,0.8487,0x0,15,4
2026-03-28T13:52:39.899582,57.3,71.4,25.8,2400.023808,0.8487,0x0,15,2
2026-03-28T13:52:40.919953,56.2,67.2,25.7,2400.03712,0.8487,0x0,14,2
2026-03-28T13:52:41.944848,57.3,70.7,25.6,2400.027136,0.8487,0x0,14,2
2026-03-28T13:52:42.971153,56.75,71.0,26.0,2400.030464,0.8487,0x0,15,
2026-03-28T13:52:43.995045,56.75,66.4,26.5,2400.030464,0.8487,0x0,15,2
2026-03-28T13:52:45.019149,57.3,70.7,26.4,2400.030464,0.8487,0x0,15,3
2026-03-28T13:52:46.046994,56.75,70.0,26.2,2400.03712,0.8487,0x0,15,3
2026-03-28T13:52:47.066250,57.3,72.5,26.1,2400.033792,0.8487,0x0,14,2
2026-03-28T13:52:48.086509,56.2,71.1,26.4,2400.023808,0.8487,0x0,15,3
2026-03-28T13:52:49.109714,57.85,66.5,26.5,2400.030464,0.8487,0x0,14,2
2026-03-28T13:52:50.128752,56.75,68.5,26.2,2400.033792,0.8487,0x0,15,3
2026-03-28T13:52:51.157086,56.75,71.1,26.1,2400.03712,0.8487,0x0,14,2
2026-03-28T13:52:52.177218,56.75,67.6,25.8,2400.030464,0.8487,0x0,15,1
2026-03-28T13:52:53.202044,56.75,69.4,25.6,2400.023808,0.8487,0x0,14,2
2026-03-28T13:52:54.223134,58.95,70.4,25.4,2400.033792,0.8487,0x0,15,1
2026-03-28T13:52:55.245484,57.85,68.6,25.3,2400.027136,0.8487,0x0,14,2
2026-03-28T13:52:56.267817,58.4,70.6,25.4,2400.027136,0.8487,0x0,14,2
2026-03-28T13:52:57.295060,57.3,71.0,25.3,2400.030464,0.8487,0x0,15,4
2026-03-28T13:52:58.318434,57.3,69.3,25.3,2400.03712,0.8487,0x0,15,3
2026-03-28T13:52:59.342300,57.3,70.0,25.3,2400.030464,0.8487,0x0,15,3
2026-03-28T13:53:00.362419,57.85,69.1,25.5,2400.030464,0.8487,0x0,14,2
2026-03-28T13:53:01.382428,57.3,71.4,25.3,2400.030464,0.8487,0x0,15,3
2026-03-28T13:53:02.411481,57.85,70.5,25.4,2400.033792,0.8487,0x0,14,2
2026-03-28T13:53:03.430885,58.4,69.3,25.4,2400.023808,0.8487,0x0,15,3
2026-03-28T13:53:04.454649,57.85,76.5,25.4,2400.023808,0.8487,0x0,14,2
2026-03-28T13:53:05.474293,58.95,67.7,25.4,2400.027136,0.8487,0x0,15,1
2026-03-28T13:53:06.496217,57.85,70.1,25.5,2400.027136,0.8487,0x0,15,3
2026-03-28T13:53:07.517388,58.95,71.8,25.4,2400.02048,0.8487,0x0,15,3
2026-03-28T13:53:08.539568,57.85,67.3,25.5,2400.027136,0.8487,0x0,15,1
2026-03-28T13:53:09.559649,57.85,70.1,25.5,2400.030464,0.8487,0x0,15,
2026-03-28T13:53:10.581645,57.85,74.7,25.7,2400.03712,0.8487,0x0,14,2
2026-03-28T13:53:11.601037,57.85,65.6,25.9,2400.02048,0.8487,0x0,14,2
2026-03-28T13:53:12.621250,58.95,71.8,26.1,2400.023808,0.8487,0x0,15,3
2026-03-28T13:53:13.744399,57.85,69.2,26.0,2400.033792,0.8487,0x0,15,1
2026-03-28T13:53:14.771063,59.5,68.8,26.0,2400.023808,0.8487,0x0,15,1
2026-03-28T13:53:15.798513,58.4,72.4,26.2,2400.033792,0.8487,0x0,14,2
2026-03-28T13:53:16.819453,57.3,67.4,26.2,2400.023808,0.8487,0x0,15,4
2026-03-28T13:53:17.843325,58.4,69.9,25.9,2400.030464,0.8487,0x0,15,1
2026-03-28T13:53:18.868925,59.5,71.5,25.7,2400.02048,0.8487,0x0,15,2
2026-03-28T13:53:19.889244,58.4,66.9,25.8,2400.030464,0.8487,0x0,15,3
2026-03-28T13:53:20.913438,59.5,70.5,25.8,2400.033792,0.8487,0x0,14,2
2026-03-28T13:53:21.936650,58.95,70.2,25.9,2400.027136,0.8487,0x0,15,2
2026-03-28T13:53:22.957171,58.95,71.7,25.8,2400.017408,0.8487,0x0,15,
2026-03-28T13:53:23.981645,58.4,71.6,25.7,2400.023808,0.8487,0x0,15,2
2026-03-28T13:53:25.005594,59.5,68.9,25.6,2400.030464,0.8487,0x0,15,2
2026-03-28T13:53:26.028025,58.4,70.7,25.6,2400.02048,0.8487,0x0,15,
2026-03-28T13:53:27.052690,58.95,63.9,25.6,2400.023808,0.8487,0x0,14,3
2026-03-28T13:53:28.075923,58.4,70.0,25.5,2400.023808,0.8487,0x0,15,2
2026-03-28T13:53:29.096511,58.95,68.8,25.7,2400.027136,0.8487,0x0,15,2
2026-03-28T13:53:30.127805,58.95,69.5,25.7,2400.023808,0.8487,0x0,15,3
2026-03-28T13:53:31.150614,58.95,69.1,25.7,2400.027136,0.8487,0x0,15,3
2026-03-28T13:53:32.170952,58.4,69.9,25.5,2400.033792,0.8487,0x0,15,2
2026-03-28T13:53:33.194577,57.85,72.4,25.8,2400.023808,0.8487,0x0,14,2
2026-03-28T13:53:34.218947,60.05,68.3,25.8,2400.030464,0.8487,0x0,15,2
2026-03-28T13:53:35.240490,58.95,71.5,25.6,2400.023808,0.8487,0x0,15,3
2026-03-28T13:53:36.270694,58.95,69.1,25.7,2400.030464,0.8487,0x0,14,2
2026-03-28T13:53:37.294352,60.05,71.6,25.7,2400.023808,0.8487,0x0,15,0
2026-03-28T13:53:38.313449,58.95,71.5,25.5,2400.02048,0.8487,0x0,15,3
2026-03-28T13:53:39.332654,59.5,67.5,25.5,2400.027136,0.8487,0x0,14,2
2026-03-28T13:53:40.354203,58.95,71.3,25.6,2400.02048,0.8487,0x0,15,3
2026-03-28T13:53:41.380640,58.95,70.1,25.7,2400.030464,0.8487,0x0,15,1
2026-03-28T13:53:42.401725,57.85,72.2,25.6,2400.03712,0.8487,0x0,15,3
2026-03-28T13:53:43.421522,58.4,72.1,25.7,2400.033792,0.8487,0x0,14,3
2026-03-28T13:53:44.442827,58.95,68.1,25.8,2400.03712,0.8487,0x0,15,
2026-03-28T13:53:45.465203,61.15,69.8,25.9,2400.027136,0.8487,0x0,15,3
2026-03-28T13:53:46.486156,57.85,73.8,25.9,2400.023808,0.8487,0x0,14,2
2026-03-28T13:53:47.504643,58.4,66.6,25.7,2400.030464,0.8487,0x0,15,3
2026-03-28T13:53:48.525619,59.5,71.7,25.7,2400.027136,0.8487,0x0,16,4
2026-03-28T13:53:49.551818,60.6,71.0,25.8,2400.02048,0.8487,0x0,15,1
2026-03-28T13:53:50.577822,58.4,75.4,26.0,2400.02048,0.8487,0x0,15,2
2026-03-28T13:53:51.599008,58.95,70.2,26.1,2400.033792,0.8487,0x0,15,1
2026-03-28T13:53:52.620423,58.95,71.5,26.1,2400.033792,0.8487,0x0,15,2
2026-03-28T13:53:53.642015,59.5,68.0,26.1,2400.033792,0.8487,0x0,15,1
2026-03-28T13:53:54.672676,59.5,73.1,25.9,2400.023808,0.8487,0x0,15,4
2026-03-28T13:53:55.700310,58.95,70.6,25.8,2400.027136,0.8487,0x0,14,2
2026-03-28T13:53:56.721527,58.4,72.1,25.8,2400.033792,0.8487,0x0,14,3
2026-03-28T13:53:57.742087,58.4,72.0,25.7,2400.02048,0.8487,0x0,15,3
2026-03-28T13:53:58.762194,56.75,69.6,25.6,2400.023808,0.8487,0x0,14,2
2026-03-28T13:53:59.786802,58.95,67.9,25.5,2400.033792,0.8487,0x0,15,3
2026-03-28T13:54:00.816036,60.05,73.3,25.5,2400.030464,0.8487,0x0,15,2
2026-03-28T13:54:01.835817,58.4,67.1,25.5,2400.02048,0.8487,0x0,15,1
2026-03-28T13:54:02.855799,58.95,71.1,25.4,2400.017408,0.8487,0x0,15,2
2026-03-28T13:54:03.880660,58.4,71.9,25.5,2400.02048,0.8487,0x0,14,2
2026-03-28T13:54:04.906944,58.95,67.9,25.5,2400.030464,0.8487,0x0,15,4
2026-03-28T13:54:05.928717,60.05,71.8,25.5,2400.02048,0.8487,0x0,15,3
2026-03-28T13:54:06.950870,59.5,66.9,25.5,2400.030464,0.8487,0x0,15,
2026-03-28T13:54:07.974014,57.85,68.7,25.5,2400.023808,0.8487,0x0,15,4
2026-03-28T13:54:08.994069,60.05,72.2,25.4,2400.023808,0.8487,0x0,14,2
2026-03-28T13:54:10.014326,58.4,67.3,25.4,2400.030464,0.8487,0x0,15,
2026-03-28T13:54:11.037398,60.05,71.8,25.4,2400.027136,0.8487,0x0,15,3
2026-03-28T13:54:12.064071,58.4,69.1,25.4,2400.023808,0.8487,0x0,15,3
2026-03-28T13:54:13.086497,58.95,68.8,25.4,2400.030464,0.8487,0x0,15,2
2026-03-28T13:54:14.109357,58.4,77.5,25.4,2400.027136,0.8487,0x0,15,3
2026-03-28T13:54:15.134848,57.85,66.8,25.4,2400.033792,0.8487,0x0,15,3
2026-03-28T13:54:16.158987,58.4,70.8,25.5,2400.030464,0.8487,0x0,14,3
2026-03-28T13:54:17.180663,60.6,73.4,25.4,2400.033792,0.8487,0x0,15,2
2026-03-28T13:54:18.209283,60.05,67.4,25.4,2400.02048,0.8487,0x0,15,1
2026-03-28T13:54:19.233671,60.05,71.8,25.4,2400.023808,0.8487,0x0,15,3
2026-03-28T13:54:20.253376,59.5,69.5,25.4,2400.033792,0.8487,0x0,15,4
2026-03-28T13:54:21.282970,58.95,68.3,25.6,2400.03712,0.8487,0x0,15,0
2026-03-28T13:54:22.304610,60.05,70.8,25.7,2400.027136,0.8487,0x0,15,2
2026-03-28T13:54:23.326010,58.95,67.4,26.0,2400.02048,0.8487,0x0,14,2
2026-03-28T13:54:24.353791,58.4,70.6,25.9,2400.023808,0.8487,0x0,15,3
2026-03-28T13:54:25.377974,58.4,71.6,25.8,2400.033792,0.8487,0x0,14,2
2026-03-28T13:54:26.407442,58.4,66.7,25.5,2400.023808,0.8487,0x0,15,
2026-03-28T13:54:27.429526,58.4,68.4,25.3,2400.02048,0.8487,0x0,15,3
2026-03-28T13:54:28.450293,58.95,71.8,25.3,2400.030464,0.8487,0x0,15,3
2026-03-28T13:54:29.472335,58.95,68.3,25.2,2400.030464,0.8487,0x0,15,2
2026-03-28T13:54:30.494352,58.4,70.3,25.5,2400.023808,0.8487,0x0,15,1
2026-03-28T13:54:31.530461,58.95,71.5,25.8,2400.027136,0.8487,0x0,14,3
2026-03-28T13:54:32.552118,58.4,67.3,25.8,2400.02048,0.8487,0x0,15,
2026-03-28T13:54:33.574437,58.95,73.5,25.9,2400.030464,0.8487,0x0,15,
2026-03-28T13:54:34.597685,57.85,69.6,25.7,2400.033792,0.8487,0x0,14,2
2026-03-28T13:54:35.619107,58.95,69.6,25.5,2400.027136,0.8487,0x0,14,2
2026-03-28T13:54:36.646548,58.4,72.7,25.8,2400.033792,0.8487,0x0,15,3
2026-03-28T13:54:37.770233,58.95,66.9,25.9,2400.030464,0.8487,0x0,15,0
2026-03-28T13:54:38.790367,58.4,68.6,25.6,2400.030464,0.8487,0x0,15,3
2026-03-28T13:54:39.816878,60.05,71.4,25.6,2400.023808,0.8487,0x0,15,3
2026-03-28T13:54:40.840990,60.6,68.7,25.5,2400.02048,0.8487,0x0,15,4
2026-03-28T13:54:41.867251,58.4,70.9,25.6,2400.03712,0.8487,0x0,14,2
2026-03-28T13:54:42.887523,57.85,67.6,25.5,2400.030464,0.8487,0x0,15,3
2026-03-28T13:54:43.911031,58.95,69.4,25.6,2400.023808,0.8487,0x0,14,2
2026-03-28T13:54:44.930225,60.05,70.7,26.0,2400.030464,0.8487,0x0,15,2
2026-03-28T13:54:45.953872,57.85,68.7,25.8,2400.017408,0.8487,0x0,15,3
2026-03-28T13:54:46.976185,58.4,68.7,25.9,2400.023808,0.8487,0x0,15,
2026-03-28T13:54:47.998963,58.4,70.9,25.6,2400.030464,0.8487,0x0,15,1
2026-03-28T13:54:49.017837,57.85,68.6,25.5,2400.03712,0.8487,0x0,14,2
2026-03-28T13:54:50.041941,58.4,70.0,25.3,2400.027136,0.8487,0x0,15,3
2026-03-28T13:54:51.068797,58.95,69.2,25.5,2400.027136,0.8487,0x0,14,2
2026-03-28T13:54:52.094726,58.95,71.3,25.6,2400.030464,0.8487,0x0,16,4
2026-03-28T13:54:53.126789,58.95,70.8,25.4,2400.033792,0.8487,0x0,15,2
2026-03-28T13:54:54.150797,60.05,69.4,25.3,2400.03712,0.8487,0x0,15,2
2026-03-28T13:54:55.174852,60.6,69.6,25.3,2400.023808,0.8487,0x0,15,4
2026-03-28T13:54:56.196758,60.05,72.9,25.2,2400.027136,0.8487,0x0,15,
2026-03-28T13:54:57.227115,58.4,67.1,25.2,2400.017408,0.8487,0x0,15,3
2026-03-28T13:54:58.245781,58.4,69.1,25.0,2400.023808,0.8487,0x0,15,3
2026-03-28T13:54:59.269494,58.95,70.6,25.1,2400.027136,0.8487,0x0,14,2
2026-03-28T13:55:00.292572,60.6,67.7,25.1,2400.027136,0.8487,0x0,15,3
2026-03-28T13:55:01.324370,59.5,70.5,25.5,2400.033792,0.8487,0x0,15,3
2026-03-28T13:55:02.349904,60.05,69.0,25.3,2400.02048,0.8487,0x0,15,3
2026-03-28T13:55:03.374239,58.4,69.0,25.2,2400.023808,0.8487,0x0,15,4
2026-03-28T13:55:04.398979,58.4,72.9,25.2,2400.02048,0.8487,0x0,15,3
2026-03-28T13:55:05.420572,57.3,68.7,25.2,2400.023808,0.8487,0x0,15,3
2026-03-28T13:55:06.441456,58.4,68.7,25.6,2400.033792,0.8487,0x0,15,3
2026-03-28T13:55:07.461786,57.85,70.8,25.8,2400.02048,0.8487,0x0,14,2
2026-03-28T13:55:08.481850,58.4,66.8,25.8,2400.033792,0.8487,0x0,14,2
2026-03-28T13:55:09.502496,60.05,76.2,25.5,2400.027136,0.8487,0x0,15,2
2026-03-28T13:55:10.529116,57.85,71.8,25.6,2400.023808,0.8487,0x0,15,1
2026-03-28T13:55:11.555303,58.95,68.0,25.6,2400.030464,0.8487,0x0,15,
2026-03-28T13:55:12.660674,58.95,70.0,25.5,2400.030464,0.8487,0x0,14,3
2026-03-28T13:55:13.684111,60.05,67.4,25.1,2400.027136,0.8487,0x0,15,3
2026-03-28T13:55:14.712922,58.95,70.7,25.0,2400.030464,0.8487,0x0,15,1
2026-03-28T13:55:15.736899,58.95,71.4,25.2,2400.03712,0.8487,0x0,15,3
2026-03-28T13:55:16.755710,58.4,67.0,25.2,2400.023808,0.8487,0x0,14,1
2026-03-28T13:55:17.777821,60.6,69.9,25.1,2400.033792,0.8487,0x0,15,1
2026-03-28T13:55:18.803792,58.95,71.2,25.1,2400.030464,0.8487,0x0,14,2
2026-03-28T13:55:19.823979,60.05,69.4,25.1,2400.02048,0.8487,0x0,15,4
2026-03-28T13:55:20.853106,58.4,73.6,25.1,2400.023808,0.8487,0x0,15,3
2026-03-28T13:55:21.876704,58.95,67.6,25.2,2400.033792,0.8487,0x0,14,2
2026-03-28T13:55:22.903035,58.95,69.0,25.4,2400.023808,0.8487,0x0,16,
2026-03-28T13:55:23.924353,60.6,71.5,25.8,2400.027136,0.8487,0x0,15,3
2026-03-28T13:55:24.944795,58.4,67.7,26.1,2400.030464,0.8487,0x0,14,3
2026-03-28T13:55:25.972991,58.95,72.1,26.0,2400.033792,0.8487,0x0,15,4
2026-03-28T13:55:26.999827,58.4,70.9,25.8,2400.030464,0.8487,0x0,15,2
2026-03-28T13:55:28.020099,59.5,67.2,25.8,2400.027136,0.8487,0x0,15,2
2026-03-28T13:55:29.044479,58.4,76.0,25.8,2400.023808,0.8487,0x0,15,4
2026-03-28T13:55:30.070064,58.95,71.6,25.8,2400.030464,0.8487,0x0,15,1
2026-03-28T13:55:31.094463,59.5,68.7,25.6,2400.02048,0.8487,0x0,14,2
2026-03-28T13:55:32.119434,60.05,71.8,25.2,2400.027136,0.8487,0x0,15,3
2026-03-28T13:55:33.139112,58.4,67.2,25.2,2400.023808,0.8487,0x0,15,3
2026-03-28T13:55:34.162369,58.4,68.8,25.1,2400.027136,0.8487,0x0,15,4
2026-03-28T13:55:35.185338,58.95,74.5,25.1,2400.027136,0.8487,0x0,15,3
2026-03-28T13:55:36.209488,59.5,67.9,25.2,2400.023808,0.8487,0x0,15,2
2026-03-28T13:55:37.233791,57.3,70.9,25.2,2400.030464,0.8487,0x0,15,
2026-03-28T13:55:38.253574,57.85,68.9,25.4,2400.027136,0.8487,0x0,15,3
2026-03-28T13:55:39.277547,58.4,68.0,25.7,2400.030464,0.8487,0x0,15,
2026-03-28T13:55:40.309320,57.85,73.4,25.6,2400.03712,0.8487,0x0,15,3
2026-03-28T13:55:41.334751,60.05,67.6,25.5,2400.033792,0.8487,0x0,14,2
2026-03-28T13:55:42.356411,58.95,68.6,25.3,2400.02048,0.8487,0x0,15,1
2026-03-28T13:55:43.378153,58.4,71.7,25.5,2400.030464,0.8487,0x0,15,
2026-03-28T13:55:44.405368,61.7,67.1,25.4,2400.033792,0.8487,0x0,15,0
2026-03-28T13:55:45.525644,58.95,67.7,25.3,2400.030464,0.8487,0x0,15,2
2026-03-28T13:55:46.554426,58.95,73.3,25.1,2400.027136,0.8487,0x0,15,3
2026-03-28T13:55:47.574001,58.95,67.6,25.1,2400.023808,0.8487,0x0,14,2
2026-03-28T13:55:48.677265,58.95,71.0,25.0,2400.02048,0.8487,0x0,15,3
2026-03-28T13:55:49.700093,56.75,66.2,25.2,2400.033792,0.8487,0x0,15,3
2026-03-28T13:55:50.735032,60.05,73.2,25.1,2400.023808,0.8487,0x0,15,2
2026-03-28T13:55:51.755474,58.4,71.6,25.1,2400.03712,0.8487,0x0,15,2
2026-03-28T13:55:52.780131,58.95,66.0,25.1,2400.027136,0.8487,0x0,14,2
2026-03-28T13:55:53.801330,59.5,70.2,25.2,2400.033792,0.8487,0x0,15,3
2026-03-28T13:55:54.831032,58.95,70.9,25.5,2400.033792,0.8487,0x0,15,3
2026-03-28T13:55:55.861451,59.5,70.5,25.5,2400.02048,0.8487,0x0,15,3
2026-03-28T13:55:56.885423,58.95,72.9,25.6,2400.017408,0.8487,0x0,15,2
2026-03-28T13:55:57.914998,58.95,69.3,25.8,2400.027136,0.8487,0x0,15,3
2026-03-28T13:55:58.936712,58.95,68.9,25.7,2400.02048,0.8487,0x0,14,2
2026-03-28T13:55:59.958798,59.5,71.6,25.6,2400.033792,0.8487,0x0,14,2
2026-03-28T13:56:00.988801,58.4,69.8,25.6,2400.023808,0.8487,0x0,15,2
2026-03-28T13:56:02.012267,58.95,70.8,25.6,2400.02048,0.8487,0x0,15,4
2026-03-28T13:56:03.034853,59.5,71.4,25.5,2400.023808,0.8487,0x0,15,1
2026-03-28T13:56:04.056738,58.95,66.7,25.6,2400.027136,0.8487,0x0,15,2
2026-03-28T13:56:05.077037,58.95,75.6,25.8,2400.023808,0.8487,0x0,15,3
2026-03-28T13:56:06.102983,60.6,70.7,25.7,2400.033792,0.8487,0x0,15,3
2026-03-28T13:56:07.126126,58.4,67.2,26.0,2400.033792,0.8487,0x0,15,3
2026-03-28T13:56:08.147662,59.5,69.3,25.9,2400.03712,0.8487,0x0,15,3
2026-03-28T13:56:09.168139,60.05,67.8,25.5,2400.023808,0.8487,0x0,15,5
2026-03-28T13:56:10.189418,60.05,69.8,25.4,2400.02048,0.8487,0x0,15,3
2026-03-28T13:56:11.213447,58.4,72.7,25.9,2400.027136,0.8487,0x0,15,3
2026-03-28T13:56:12.234033,59.5,67.3,25.9,2400.033792,0.8487,0x0,15,3
2026-03-28T13:56:13.256329,58.95,69.4,25.8,2400.02048,0.8487,0x0,15,3
2026-03-28T13:56:14.285234,59.5,71.3,25.5,2400.02048,0.8487,0x0,15,
2026-03-28T13:56:15.306995,59.5,69.2,25.5,2400.02048,0.8487,0x0,15,3
2026-03-28T13:56:16.334550,58.4,71.3,25.5,2400.023808,0.8487,0x0,15,4
2026-03-28T13:56:17.370386,60.05,69.4,26.0,2400.027136,0.8487,0x0,14,2
2026-03-28T13:56:18.394050,57.85,69.4,26.1,2400.02048,0.8487,0x0,15,1
2026-03-28T13:56:19.415878,58.95,70.6,26.0,2400.02048,0.8487,0x0,15,
2026-03-28T13:56:20.438993,58.4,70.2,26.2,2400.02048,0.8487,0x0,15,2
2026-03-28T13:56:21.464763,59.5,76.4,26.6,2400.027136,0.8487,0x0,15,
2026-03-28T13:56:22.485022,59.5,70.0,26.4,2400.027136,0.8487,0x0,14,2
2026-03-28T13:56:23.511091,60.05,67.2,26.4,2400.027136,0.8487,0x0,15,4
2026-03-28T13:56:24.535641,56.75,72.6,26.1,2400.023808,0.8487,0x0,15,
2026-03-28T13:56:25.560605,58.95,72.1,25.8,2400.033792,0.8487,0x0,15,4
2026-03-28T13:56:26.585747,58.95,69.9,25.7,2400.023808,0.8487,0x0,14,2
2026-03-28T13:56:27.609340,58.95,71.5,26.0,2400.023808,0.8487,0x0,15,
2026-03-28T13:56:28.632044,58.95,66.7,26.1,2400.02048,0.8487,0x0,15,3
2026-03-28T13:56:29.651997,58.95,68.8,25.9,2400.02048,0.8487,0x0,14,2
2026-03-28T13:56:30.680836,59.5,74.7,25.8,2400.02048,0.8487,0x0,15,3
2026-03-28T13:56:31.699743,60.6,67.4,25.9,2400.033792,0.8487,0x0,15,4
2026-03-28T13:56:32.722389,60.6,70.0,26.2,2400.030464,0.8487,0x0,15,1
2026-03-28T13:56:33.750683,60.6,69.7,26.2,2400.027136,0.8487,0x0,14,2
2026-03-28T13:56:34.771991,60.05,67.5,26.2,2400.033792,0.8487,0x0,14,2
2026-03-28T13:56:35.792096,58.4,73.0,26.0,2400.02048,0.8487,0x0,15,4
2026-03-28T13:56:36.822673,59.5,68.4,26.0,2400.033792,0.8487,0x0,15,1
2026-03-28T13:56:37.844461,58.4,66.9,26.0,2400.027136,0.8487,0x0,14,2
2026-03-28T13:56:38.865472,59.5,70.9,25.8,2400.030464,0.8487,0x0,15,3
2026-03-28T13:56:39.889712,59.5,67.3,26.0,2400.027136,0.8487,0x0,15,3
2026-03-28T13:56:40.920996,58.95,75.1,26.3,2400.033792,0.8487,0x0,15,
2026-03-28T13:56:41.945936,58.4,71.8,26.1,2400.030464,0.8487,0x0,15,0
2026-03-28T13:56:42.964914,59.5,66.7,25.7,2400.023808,0.8487,0x0,15,1
2026-03-28T13:56:43.987032,59.5,70.0,25.6,2400.027136,0.8487,0x0,14,2
2026-03-28T13:56:45.008159,58.95,69.3,25.5,2400.023808,0.8487,0x0,14,4
2026-03-28T13:56:46.038140,60.05,71.2,25.9,2400.030464,0.8487,0x0,15,0
2026-03-28T13:56:47.067956,59.5,69.2,25.8,2400.030464,0.8487,0x0,15,
2026-03-28T13:56:48.087530,58.95,67.9,25.7,2400.033792,0.8487,0x0,14,2
2026-03-28T13:56:49.106581,58.95,68.4,25.7,2400.023808,0.8487,0x0,15,
2026-03-28T13:56:50.133384,58.4,71.4,25.6,2400.030464,0.8487,0x0,15,3
2026-03-28T13:56:51.160658,60.05,72.6,25.9,2400.027136,0.8487,0x0,15,1
2026-03-28T13:56:52.187015,60.05,70.6,26.2,2400.023808,0.8487,0x0,14,2
2026-03-28T13:56:53.218957,59.5,69.7,26.0,2400.03712,0.8487,0x0,15,3
2026-03-28T13:56:54.239694,59.5,67.7,25.9,2400.033792,0.8487,0x0,15,1
2026-03-28T13:56:55.269157,59.5,70.5,25.9,2400.033792,0.8487,0x0,15,0
2026-03-28T13:56:56.288299,60.05,69.2,25.8,2400.027136,0.8487,0x0,14,2
2026-03-28T13:56:57.310960,58.95,74.1,25.9,2400.030464,0.8487,0x0,15,3
2026-03-28T13:56:58.332885,60.05,69.3,25.6,2400.02048,0.8487,0x0,14,
2026-03-28T13:56:59.352488,58.95,67.4,25.4,2400.02048,0.8487,0x0,14,2
2026-03-28T13:57:00.377232,58.95,69.9,25.6,2400.03712,0.8487,0x0,15,2
2026-03-28T13:57:01.400633,58.95,74.0,25.9,2400.027136,0.8487,0x0,14,2
2026-03-28T13:57:02.423167,59.5,68.1,26.0,2400.027136,0.8487,0x0,14,2
2026-03-28T13:57:03.444969,59.5,70.8,25.9,2400.033792,0.8487,0x0,15,4
2026-03-28T13:57:04.468765,60.05,67.1,25.8,2400.017408,0.8487,0x0,15,3
2026-03-28T13:57:05.491426,60.6,69.3,25.8,2400.030464,0.8487,0x0,15,3
2026-03-28T13:57:06.513063,58.4,71.7,25.7,2400.023808,0.8487,0x0,15,3
2026-03-28T13:57:07.544539,61.15,68.1,26.0,2400.033792,0.8487,0x0,14,3
2026-03-28T13:57:08.569346,58.95,68.2,26.2,2400.027136,0.8487,0x0,15,2
2026-03-28T13:57:09.590508,60.6,71.3,26.0,2400.023808,0.8487,0x0,16,
2026-03-28T13:57:10.613091,58.4,67.2,25.9,2400.030464,0.8487,0x0,14,2
2026-03-28T13:57:11.635888,59.5,70.7,25.9,2400.02048,0.8487,0x0,16,2
2026-03-28T13:57:12.662700,58.95,70.1,25.5,2400.03712,0.8487,0x0,15,4
2026-03-28T13:57:13.685273,58.4,66.0,25.4,2400.027136,0.8487,0x0,16,4
2026-03-28T13:57:14.706855,59.5,70.3,25.7,2400.030464,0.8487,0x0,15,2
2026-03-28T13:57:15.730451,60.6,73.4,25.4,2400.030464,0.8487,0x0,14,2
2026-03-28T13:57:16.754323,59.5,68.6,25.4,2400.017408,0.8487,0x0,15,2
2026-03-28T13:57:17.779429,58.95,72.3,25.4,2400.030464,0.8487,0x0,15,
2026-03-28T13:57:18.801868,60.05,63.1,25.4,2400.02048,0.8487,0x0,15,1
2026-03-28T13:57:19.828833,58.95,67.9,25.5,2400.03712,0.8487,0x0,15,
2026-03-28T13:57:20.852897,58.95,72.3,25.7,2400.033792,0.8487,0x0,14,2
2026-03-28T13:57:21.871974,61.15,67.7,25.8,2400.027136,0.8487,0x0,15,
2026-03-28T13:57:22.896849,60.05,69.4,25.6,2400.027136,0.8487,0x0,15,4
2026-03-28T13:57:23.919366,59.5,71.3,25.5,2400.023808,0.8487,0x0,14,2
2026-03-28T13:57:24.940150,59.5,67.8,25.3,2400.027136,0.8487,0x0,15,1
2026-03-28T13:57:25.967013,60.05,72.9,25.4,2400.030464,0.8487,0x0,15,3
2026-03-28T13:57:26.992263,61.15,70.9,25.3,2400.027136,0.8487,0x0,15,3
2026-03-28T13:57:28.022151,58.95,69.5,25.3,2400.03712,0.8487,0x0,14,2
2026-03-28T13:57:29.045504,60.05,70.7,25.4,2400.023808,0.8487,0x0,15,3
2026-03-28T13:57:30.069665,60.6,67.2,25.3,2400.027136,0.8487,0x0,15,1
2026-03-28T13:57:31.092540,60.05,70.0,25.3,2400.023808,0.8487,0x0,15,
2026-03-28T13:57:32.119645,60.05,71.0,25.5,2400.033792,0.8487,0x0,15,3
2026-03-28T13:57:33.142882,58.4,71.7,25.3,2400.030464,0.8487,0x0,15,3
2026-03-28T13:57:34.162399,58.4,69.0,25.4,2400.027136,0.8487,0x0,15,1
2026-03-28T13:57:35.189224,58.95,69.1,25.5,2400.023808,0.8487,0x0,14,2
2026-03-28T13:57:36.208504,58.95,71.3,25.2,2400.023808,0.8487,0x0,15,
2026-03-28T13:57:37.240311,58.95,72.3,25.2,2400.030464,0.8487,0x0,15,3
2026-03-28T13:57:38.272444,59.5,67.5,25.5,2400.023808,0.8487,0x0,15,1
2026-03-28T13:57:39.293591,58.95,68.3,25.5,2400.027136,0.8487,0x0,14,2
2026-03-28T13:57:40.313791,58.95,72.6,25.6,2400.030464,0.8487,0x0,15,3
2026-03-28T13:57:41.341478,58.95,66.2,25.5,2400.023808,0.8487,0x0,15,
2026-03-28T13:57:42.365094,58.95,72.4,25.4,2400.030464,0.8487,0x0,14,2
2026-03-28T13:57:43.388748,57.85,69.8,25.4,2400.030464,0.8487,0x0,16,4
2026-03-28T13:57:44.497978,60.05,67.6,25.5,2400.023808,0.8487,0x0,14,3
2026-03-28T13:57:45.520725,58.95,71.4,25.3,2400.027136,0.8487,0x0,15,2
2026-03-28T13:57:46.552197,57.85,67.8,25.3,2400.03712,0.8487,0x0,15,
2026-03-28T13:57:47.580702,59.5,69.9,25.5,2400.027136,0.8487,0x0,15,3
2026-03-28T13:57:48.606128,60.05,71.4,25.5,2400.030464,0.8487,0x0,15,1
2026-03-28T13:57:49.628295,58.95,67.2,25.6,2400.02048,0.8487,0x0,14,2
2026-03-28T13:57:50.651077,59.5,71.0,25.8,2400.027136,0.8487,0x0,15,1
2026-03-28T13:57:51.681166,58.95,74.8,25.8,2400.030464,0.8487,0x0,15,3
2026-03-28T13:57:52.706927,59.5,69.3,25.6,2400.027136,0.8487,0x0,14,2
2026-03-28T13:57:53.735703,58.95,71.5,25.8,2400.023808,0.8487,0x0,15,2
2026-03-28T13:57:54.754508,58.4,70.4,25.6,2400.02048,0.8487,0x0,15,2
2026-03-28T13:57:55.775889,59.5,69.0,25.7,2400.02048,0.8487,0x0,14,3
2026-03-28T13:57:56.802404,60.05,70.9,25.6,2400.033792,0.8487,0x0,14,2
2026-03-28T13:57:57.826345,61.7,70.4,25.6,2400.033792,0.8487,0x0,14,2
2026-03-28T13:57:58.848884,60.6,67.4,25.7,2400.033792,0.8487,0x0,15,2
2026-03-28T13:57:59.869432,59.5,71.3,25.8,2400.017408,0.8487,0x0,15,2
2026-03-28T13:58:00.890164,58.95,68.8,25.9,2400.03712,0.8487,0x0,14,2
2026-03-28T13:58:01.913066,61.7,69.6,25.8,2400.030464,0.8487,0x0,15,
2026-03-28T13:58:02.934611,58.95,70.6,25.5,2400.030464,0.8487,0x0,14,2
2026-03-28T13:58:03.960597,60.05,69.0,25.6,2400.02048,0.8487,0x0,15,3
2026-03-28T13:58:04.983547,59.5,68.8,25.6,2400.023808,0.8487,0x0,15,3
2026-03-28T13:58:06.004391,60.05,68.8,26.0,2400.023808,0.8487,0x0,15,3
2026-03-28T13:58:07.026168,58.95,67.7,25.9,2400.02048,0.8487,0x0,14,2
2026-03-28T13:58:08.049237,60.05,73.6,25.7,2400.033792,0.8487,0x0,15,2
2026-03-28T13:58:09.069949,59.5,71.0,26.0,2400.027136,0.8487,0x0,15,3
2026-03-28T13:58:10.099902,60.6,70.1,26.0,2400.023808,0.8487,0x0,15,2
2026-03-28T13:58:11.229147,61.15,71.1,26.0,2400.02048,0.8487,0x0,14,2
2026-03-28T13:58:12.248734,58.95,68.2,25.8,2400.027136,0.8487,0x0,15,2
2026-03-28T13:58:13.269642,61.15,72.6,25.8,2400.030464,0.8487,0x0,15,3
2026-03-28T13:58:14.305128,59.5,67.1,25.7,2400.030464,0.8487,0x0,15,1
2026-03-28T13:58:15.328616,60.6,69.7,26.0,2400.033792,0.8487,0x0,14,2
2026-03-28T13:58:16.347511,60.05,70.9,26.0,2400.030464,0.8487,0x0,14,2
2026-03-28T13:58:17.373127,59.5,65.7,25.5,2400.033792,0.8487,0x0,15,4
2026-03-28T13:58:18.403426,58.95,71.1,25.7,2400.027136,0.8487,0x0,15,1
2026-03-28T13:58:19.422533,58.95,70.0,25.5,2400.030464,0.8487,0x0,14,2
2026-03-28T13:58:20.444605,60.6,67.2,25.7,2400.02048,0.8487,0x0,15,3
2026-03-28T13:58:21.473521,60.6,71.7,25.8,2400.023808,0.8487,0x0,15,1
2026-03-28T13:58:22.499204,60.05,68.6,25.8,2400.023808,0.8487,0x0,14,4
2026-03-28T13:58:23.518212,59.5,69.8,25.8,2400.030464,0.8487,0x0,15,1
2026-03-28T13:58:24.540321,60.05,72.7,25.9,2400.033792,0.8487,0x0,14,2
2026-03-28T13:58:25.569914,61.7,68.6,25.9,2400.027136,0.8487,0x0,15,3
2026-03-28T13:58:26.597102,60.05,67.3,26.0,2400.02048,0.8487,0x0,15,1
2026-03-28T13:58:27.616869,58.4,75.7,26.0,2400.02048,0.8487,0x0,15,2
2026-03-28T13:58:28.638946,58.95,68.2,25.8,2400.02048,0.8487,0x0,14,2
2026-03-28T13:58:29.659653,59.5,68.0,25.6,2400.033792,0.8487,0x0,15,2
2026-03-28T13:58:30.688948,58.95,71.7,25.4,2400.027136,0.8487,0x0,15,3
2026-03-28T13:58:31.708557,58.95,67.3,25.4,2400.033792,0.8487,0x0,14,3
2026-03-28T13:58:32.736088,58.4,73.0,25.5,2400.027136,0.8487,0x0,15,3
2026-03-28T13:58:33.764235,60.05,68.5,25.5,2400.023808,0.8487,0x0,15,
2026-03-28T13:58:34.790720,60.05,68.7,25.6,2400.027136,0.8487,0x0,15,3
2026-03-28T13:58:35.811495,59.5,70.7,25.7,2400.033792,0.8487,0x0,15,4
2026-03-28T13:58:36.838001,58.95,67.7,26.1,2400.030464,0.8487,0x0,15,3
2026-03-28T13:58:37.862578,61.15,71.7,26.4,2400.02048,0.8487,0x0,14,2
2026-03-28T13:58:38.884186,58.4,70.6,26.3,2400.023808,0.8487,0x0,14,2
2026-03-28T13:58:39.906584,58.95,67.6,26.3,2400.023808,0.8487,0x0,15,3
2026-03-28T13:58:40.941675,58.95,71.8,26.4,2400.033792,0.8487,0x0,15,3
2026-03-28T13:58:41.965831,58.95,66.7,26.4,2400.027136,0.8487,0x0,15,3
2026-03-28T13:58:42.986790,58.95,70.0,26.3,2400.030464,0.8487,0x0,15,3
2026-03-28T13:58:44.007598,60.6,70.6,26.1,2400.030464,0.8487,0x0,15,3
2026-03-28T13:58:45.029919,60.6,65.8,26.3,2400.02048,0.8487,0x0,15,4
2026-03-28T13:58:46.054503,59.5,74.0,26.2,2400.03712,0.8487,0x0,15,4
2026-03-28T13:58:47.082883,60.6,71.2,26.4,2400.030464,0.8487,0x0,14,2
2026-03-28T13:58:48.104637,60.6,66.9,26.1,2400.027136,0.8487,0x0,15,3
2026-03-28T13:58:49.125671,59.5,70.7,26.1,2400.02048,0.8487,0x0,15,4
2026-03-28T13:58:50.150751,61.15,70.0,25.8,2400.033792,0.8487,0x0,15,
2026-03-28T13:58:51.171067,60.05,69.2,25.7,2400.027136,0.8487,0x0,16,
2026-03-28T13:58:52.193699,58.95,70.3,25.8,2400.02048,0.8487,0x0,14,2
2026-03-28T13:58:53.220130,61.15,69.8,25.7,2400.02048,0.8487,0x0,15,0
2026-03-28T13:58:54.245772,58.95,69.0,25.7,2400.02048,0.8487,0x0,14,3
2026-03-28T13:58:55.266404,58.95,70.3,26.0,2400.030464,0.8487,0x0,15,1
2026-03-28T13:58:56.299029,60.6,67.3,25.8,2400.02048,0.8487,0x0,15,3
2026-03-28T13:58:57.326098,58.95,69.0,25.7,2400.023808,0.8487,0x0,15,1
2026-03-28T13:58:58.351959,60.6,72.0,25.6,2400.030464,0.8487,0x0,14,2
2026-03-28T13:58:59.378758,60.05,67.4,25.8,2400.02048,0.8487,0x0,15,3
2026-03-28T13:59:00.409917,58.95,71.3,25.7,2400.030464,0.8487,0x0,15,3
2026-03-28T13:59:01.442106,60.05,67.7,25.9,2400.033792,0.8487,0x0,14,2
2026-03-28T13:59:02.467678,60.6,69.0,25.9,2400.023808,0.8487,0x0,14,2
2026-03-28T13:59:03.491886,60.05,77.8,26.3,2400.02048,0.8487,0x0,15,3
2026-03-28T13:59:04.513739,59.5,66.5,26.5,2400.023808,0.8487,0x0,15,
2026-03-28T13:59:05.539019,59.5,69.6,26.4,2400.017408,0.8487,0x0,15,3
2026-03-28T13:59:06.567665,61.15,70.2,26.5,2400.027136,0.8487,0x0,15,3
2026-03-28T13:59:07.593261,57.85,66.7,26.4,2400.02048,0.8487,0x0,15,
2026-03-28T13:59:08.616541,59.5,70.5,26.4,2400.023808,0.8487,0x0,15,
2026-03-28T13:59:09.636828,59.5,69.0,26.3,2400.027136,0.8487,0x0,15,0
2026-03-28T13:59:10.658302,59.5,69.3,25.8,2400.033792,0.8487,0x0,14,2
2026-03-28T13:59:11.681140,59.5,68.6,26.0,2400.02048,0.8487,0x0,14,2
2026-03-28T13:59:12.704978,59.5,67.3,25.9,2400.02048,0.8487,0x0,15,4
2026-03-28T13:59:13.727921,58.95,68.2,25.7,2400.03712,0.8487,0x0,15,4
2026-03-28T13:59:14.749173,58.95,70.1,25.9,2400.033792,0.8487,0x0,14,2
2026-03-28T13:59:15.770605,60.05,68.7,25.8,2400.02048,0.8487,0x0,14,2
2026-03-28T13:59:16.794461,58.95,70.0,26.0,2400.027136,0.8487,0x0,15,3
2026-03-28T13:59:17.822250,58.95,68.1,25.6,2400.033792,0.8487,0x0,15,
2026-03-28T13:59:18.842172,59.5,70.2,25.4,2400.027136,0.8487,0x0,15,4
2026-03-28T13:59:19.868926,60.05,71.0,25.5,2400.033792,0.8487,0x0,15,1
2026-03-28T13:59:20.888715,59.5,69.1,25.5,2400.03712,0.8487,0x0,14,2
2026-03-28T13:59:21.910529,58.4,69.5,25.6,2400.023808,0.8487,0x0,15,3
2026-03-28T13:59:22.933116,60.6,70.1,25.5,2400.02048,0.8487,0x0,15,2
2026-03-28T13:59:23.969947,60.05,72.4,25.5,2400.033792,0.8487,0x0,15,1
2026-03-28T13:59:24.988329,59.5,69.8,25.6,2400.030464,0.8487,0x0,14,2
2026-03-28T13:59:26.009743,58.95,71.2,25.4,2400.027136,0.8487,0x0,14,2
2026-03-28T13:59:27.030853,58.95,66.4,25.4,2400.023808,0.8487,0x0,14,2
2026-03-28T13:59:28.053724,59.5,69.2,25.4,2400.017408,0.8487,0x0,14,1
2026-03-28T13:59:29.073654,61.15,71.4,25.7,2400.023808,0.8487,0x0,15,1
2026-03-28T13:59:30.096011,59.5,67.1,25.8,2400.027136,0.8487,0x0,14,2
2026-03-28T13:59:31.116308,60.6,71.9,25.6,2400.027136,0.8487,0x0,15,4
2026-03-28T13:59:32.148381,61.15,68.0,25.7,2400.027136,0.8487,0x0,14,3
2026-03-28T13:59:33.172696,59.5,67.9,25.7,2400.027136,0.8487,0x0,15,2
2026-03-28T13:59:34.195083,60.05,74.1,25.7,2400.017408,0.8487,0x0,15,3
2026-03-28T13:59:35.214487,59.5,66.4,26.0,2400.02048,0.8487,0x0,14,3
2026-03-28T13:59:36.236636,59.5,70.1,25.6,2400.023808,0.8487,0x0,15,3
2026-03-28T13:59:37.266846,59.5,70.6,25.6,2400.033792,0.8487,0x0,14,2
2026-03-28T13:59:38.288471,60.05,67.0,25.7,2400.033792,0.8487,0x0,14,2
2026-03-28T13:59:39.308712,60.6,71.4,25.8,2400.033792,0.8487,0x0,15,1
2026-03-28T13:59:40.339471,58.95,68.8,25.5,2400.023808,0.8487,0x0,15,3
2026-03-28T13:59:41.359359,59.5,73.9,25.5,2400.027136,0.8487,0x0,15,1
2026-03-28T13:59:42.382108,59.5,70.8,25.3,2400.033792,0.8487,0x0,14,2
2026-03-28T13:59:43.402315,60.6,67.2,25.6,2400.027136,0.8487,0x0,15,3
2026-03-28T13:59:44.423590,59.5,71.0,25.4,2400.02048,0.8487,0x0,15,2
2026-03-28T13:59:45.444957,58.95,70.3,25.7,2400.027136,0.8487,0x0,14,4
2026-03-28T13:59:46.467448,60.05,67.7,25.5,2400.027136,0.8487,0x0,15,1
2026-03-28T13:59:47.486929,60.05,71.0,25.5,2400.033792,0.8487,0x0,14,2
2026-03-28T13:59:48.514286,59.5,69.1,25.7,2400.02048,0.8487,0x0,15,0
2026-03-28T13:59:49.534773,58.95,68.7,26.0,2400.02048,0.8487,0x0,15,3
2026-03-28T13:59:50.554976,60.05,69.3,26.0,2400.027136,0.8487,0x0,15,2
2026-03-28T13:59:51.585332,60.05,71.6,25.9,2400.033792,0.8487,0x0,15,1
2026-03-28T13:59:52.604892,60.05,71.8,26.0,2400.02048,0.8487,0x0,14,2
2026-03-28T13:59:53.625958,59.5,70.6,25.8,2400.030464,0.8487,0x0,14,2
2026-03-28T13:59:54.650266,60.05,68.3,26.0,2400.033792,0.8487,0x0,15,3
2026-03-28T13:59:55.672208,58.95,73.5,25.9,2400.02048,0.8487,0x0,15,3
2026-03-28T13:59:56.692915,59.5,70.9,25.7,2400.033792,0.8487,0x0,14,2
2026-03-28T13:59:57.712384,58.95,67.2,25.6,2400.030464,0.8487,0x0,14,3
2026-03-28T13:59:58.735797,59.5,70.5,25.4,2400.027136,0.8487,0x0,15,1
2026-03-28T13:59:59.773192,58.95,71.8,25.3,2400.027136,0.8487,0x0,14,2
2026-03-28T14:00:00.794624,60.6,69.3,25.4,2400.027136,0.8487,0x0,16,4
2026-03-28T14:00:01.818509,61.15,72.1,25.4,2400.033792,0.8487,0x0,15,3
2026-03-28T14:00:02.850573,57.85,68.6,25.6,2400.02048,0.8487,0x0,15,1
2026-03-28T14:00:03.872531,60.05,68.8,25.5,2400.033792,0.8487,0x0,15,
2026-03-28T14:00:04.893090,58.95,72.8,25.5,2400.033792,0.8487,0x0,15,3
2026-03-28T14:00:05.922618,60.6,67.2,25.6,2400.033792,0.8487,0x0,15,3
2026-03-28T14:00:06.949535,58.95,69.8,25.9,2400.02048,0.8487,0x0,15,3
2026-03-28T14:00:07.969912,60.6,69.1,25.7,2400.027136,0.8487,0x0,15,3
2026-03-28T14:00:08.992838,60.6,65.9,25.5,2400.030464,0.8487,0x0,15,2
2026-03-28T14:00:10.111506,60.6,71.1,26.0,2400.017408,0.8487,0x0,15,2
2026-03-28T14:00:11.138889,60.05,69.8,26.2,2400.027136,0.8487,0x0,15,
2026-03-28T14:00:12.165212,60.05,67.7,26.1,2400.023808,0.8487,0x0,14,2
2026-03-28T14:00:13.188808,60.6,79.4,26.1,2400.033792,0.8487,0x0,14,2
2026-03-28T14:00:14.210000,58.95,67.8,26.1,2400.027136,0.8487,0x0,14,2
2026-03-28T14:00:15.230218,59.5,67.7,25.9,2400.030464,0.8487,0x0,15,3
2026-03-28T14:00:16.252478,59.5,71.8,25.8,2400.027136,0.8487,0x0,15,2
2026-03-28T14:00:17.276317,59.5,67.2,25.6,2400.023808,0.8487,0x0,15,
2026-03-28T14:00:18.299150,59.5,70.4,25.3,2400.02048,0.8487,0x0,15,4
2026-03-28T14:00:19.321492,59.5,71.5,25.3,2400.017408,0.8487,0x0,15,2
2026-03-28T14:00:20.345881,61.15,69.3,25.3,2400.030464,0.8487,0x0,14,2
2026-03-28T14:00:21.365930,58.95,70.4,25.9,2400.027136,0.8487,0x0,15,3
2026-03-28T14:00:22.386639,59.5,68.0,25.8,2400.033792,0.8487,0x0,15,3
2026-03-28T14:00:23.406972,60.05,68.8,25.5,2400.02048,0.8487,0x0,14,2
2026-03-28T14:00:24.429182,60.6,73.6,25.3,2400.02048,0.8487,0x0,15,3
2026-03-28T14:00:25.449182,60.6,69.0,25.3,2400.017408,0.8487,0x0,14,3
2026-03-28T14:00:26.469760,60.6,71.1,25.5,2400.033792,0.8487,0x0,15,3
2026-03-28T14:00:27.499579,59.5,68.6,25.9,2400.027136,0.8487,0x0,15,2
2026-03-28T14:00:28.521883,60.05,68.9,25.7,2400.033792,0.8487,0x0,14,2
2026-03-28T14:00:29.541863,58.95,71.1,25.8,2400.027136,0.8487,0x0,15,3
2026-03-28T14:00:30.572618,60.05,69.7,25.8,2400.033792,0.8487,0x0,15,0
2026-03-28T14:00:31.593425,58.95,72.4,25.7,2400.027136,0.8487,0x0,14,2
2026-03-28T14:00:32.615469,59.5,70.8,25.6,2400.017408,0.8487,0x0,15,
2026-03-28T14:00:33.635839,59.5,66.4,25.3,2400.03712,0.8487,0x0,14,2
2026-03-28T14:00:34.654323,59.5,70.7,25.4,2400.027136,0.8487,0x0,15,3
2026-03-28T14:00:35.673014,61.15,71.5,25.5,2400.017408,0.8487,0x0,14,2
2026-03-28T14:00:36.695538,60.6,66.2,26.0,2400.02048,0.8487,0x0,15,
2026-03-28T14:00:37.718855,58.95,69.3,26.2,2400.033792,0.8487,0x0,15,3
2026-03-28T14:00:38.738522,58.4,68.5,26.0,2400.030464,0.8487,0x0,15,3
2026-03-28T14:00:39.765429,58.95,68.9,25.9,2400.023808,0.8487,0x0,16,
2026-03-28T14:00:40.789615,58.95,72.6,25.8,2400.033792,0.8487,0x0,14,2
2026-03-28T14:00:41.818415,58.95,68.6,25.9,2400.02048,0.8487,0x0,15,1
2026-03-28T14:00:42.839794,60.05,67.7,25.9,2400.023808,0.8487,0x0,14,2
2026-03-28T14:00:43.867300,58.95,72.2,25.6,2400.030464,0.8487,0x0,15,
2026-03-28T14:00:44.886601,58.95,67.2,25.6,2400.03712,0.8487,0x0,15,3
2026-03-28T14:00:45.908302,61.15,71.4,25.5,2400.02048,0.8487,0x0,14,2
2026-03-28T14:00:46.935065,60.05,70.7,25.6,2400.027136,0.8487,0x0,15,4
2026-03-28T14:00:47.957741,60.6,67.2,25.5,2400.023808,0.8487,0x0,15,3
2026-03-28T14:00:48.982362,58.95,69.7,25.5,2400.033792,0.8487,0x0,15,3
2026-03-28T14:00:50.014798,59.5,74.0,25.8,2400.030464,0.8487,0x0,15,3
2026-03-28T14:00:51.034826,58.95,69.0,25.7,2400.02048,0.8487,0x0,15,4
2026-03-28T14:00:52.059770,60.05,72.2,25.7,2400.023808,0.8487,0x0,15,
2026-03-28T14:00:53.084331,60.05,67.2,25.3,2400.03712,0.8487,0x0,15,3
2026-03-28T14:00:54.106976,60.05,67.2,25.4,2400.023808,0.8487,0x0,15,
2026-03-28T14:00:55.131337,58.95,72.8,25.3,2400.027136,0.8487,0x0,15,4
2026-03-28T14:00:56.157203,60.05,68.7,25.2,2400.027136,0.8487,0x0,15,3
2026-03-28T14:00:57.177179,58.4,68.8,25.4,2400.023808,0.8487,0x0,15,
2026-03-28T14:00:58.201916,59.5,70.3,25.5,2400.030464,0.8487,0x0,15,3
2026-03-28T14:00:59.228382,59.5,68.6,25.6,2400.030464,0.8487,0x0,15,3
2026-03-28T14:01:00.256121,61.15,71.6,25.6,2400.03712,0.8487,0x0,15,
2026-03-28T14:01:01.281977,59.5,68.8,25.4,2400.023808,0.8487,0x0,15,3
2026-03-28T14:01:02.301386,58.4,69.3,25.3,2400.030464,0.8487,0x0,15,2
2026-03-28T14:01:03.323978,59.5,68.9,25.2,2400.030464,0.8487,0x0,14,2
2026-03-28T14:01:04.343517,57.85,67.6,25.2,2400.023808,0.8487,0x0,14,2
2026-03-28T14:01:05.362110,61.15,73.3,25.2,2400.030464,0.8487,0x0,14,2
2026-03-28T14:01:06.385515,59.5,68.3,25.5,2400.033792,0.8487,0x0,15,0
2026-03-28T14:01:07.505209,60.6,63.7,25.8,2400.033792,0.8487,0x0,15,3
2026-03-28T14:01:08.525173,59.5,74.9,25.9,2400.027136,0.8487,0x0,15,2
2026-03-28T14:01:09.549554,61.7,66.3,25.8,2400.027136,0.8487,0x0,14,2
2026-03-28T14:01:10.569735,58.95,70.7,25.7,2400.033792,0.8487,0x0,15,
2026-03-28T14:01:11.592513,60.6,71.7,25.8,2400.023808,0.8487,0x0,14,3
2026-03-28T14:01:12.616339,61.15,66.7,25.7,2400.033792,0.8487,0x0,14,2
2026-03-28T14:01:13.635263,60.05,68.6,25.5,2400.017408,0.8487,0x0,15,1
2026-03-28T14:01:14.655893,60.05,71.8,25.5,2400.03712,0.8487,0x0,14,2
2026-03-28T14:01:15.676037,60.6,71.1,25.5,2400.023808,0.8487,0x0,15,2
2026-03-28T14:01:16.698131,60.05,71.3,25.4,2400.027136,0.8487,0x0,14,2
2026-03-28T14:01:17.722084,60.6,67.6,25.9,2400.02048,0.8487,0x0,15,4
2026-03-28T14:01:18.745343,60.05,67.3,25.8,2400.033792,0.8487,0x0,14,2
2026-03-28T14:01:19.774962,61.15,70.2,25.5,2400.017408,0.8487,0x0,15,3
2026-03-28T14:01:20.802641,60.05,70.8,25.6,2400.02048,0.8487,0x0,14,2
2026-03-28T14:01:21.825060,61.15,68.5,25.5,2400.030464,0.8487,0x0,15,3
2026-03-28T14:01:22.855927,58.95,71.5,25.5,2400.017408,0.8487,0x0,15,3
2026-03-28T14:01:23.877417,61.15,65.5,25.9,2400.023808,0.8487,0x0,14,2
2026-03-28T14:01:24.896486,60.05,70.0,26.0,2400.027136,0.8487,0x0,15,3
2026-03-28T14:01:25.921116,58.95,75.9,25.9,2400.02048,0.8487,0x0,15,2
2026-03-28T14:01:26.945326,59.5,67.2,26.0,2400.02048,0.8487,0x0,14,2
2026-03-28T14:01:27.971070,59.5,70.9,26.1,2400.030464,0.8487,0x0,16,4
2026-03-28T14:01:28.990202,60.6,68.7,25.9,2400.030464,0.8487,0x0,15,3
2026-03-28T14:01:30.010729,59.5,68.2,25.7,2400.030464,0.8487,0x0,15,3
2026-03-28T14:01:31.029451,60.05,73.4,25.6,2400.030464,0.8487,0x0,14,2
2026-03-28T14:01:32.049852,61.15,67.0,25.4,2400.030464,0.8487,0x0,15,3
2026-03-28T14:01:33.069678,60.05,69.0,25.5,2400.03712,0.8487,0x0,15,
2026-03-28T14:01:34.089635,59.5,71.7,25.4,2400.02048,0.8487,0x0,15,4
2026-03-28T14:01:35.117661,59.5,66.6,25.6,2400.027136,0.8487,0x0,15,3
2026-03-28T14:01:36.140919,60.05,74.8,25.8,2400.033792,0.8487,0x0,15,
2026-03-28T14:01:37.165679,60.05,67.9,25.7,2400.030464,0.8487,0x0,15,3
2026-03-28T14:01:38.188718,59.5,69.0,26.0,2400.03712,0.8487,0x0,15,3
2026-03-28T14:01:39.215816,60.6,72.0,26.2,2400.033792,0.8487,0x0,15,2
2026-03-28T14:01:40.240026,59.5,67.5,26.0,2400.027136,0.8487,0x0,16,3
2026-03-28T14:01:41.261792,59.5,70.7,26.0,2400.033792,0.8487,0x0,15,2
2026-03-28T14:01:42.287972,58.95,69.7,26.0,2400.02048,0.8487,0x0,14,2
2026-03-28T14:01:43.308045,58.95,67.0,25.7,2400.030464,0.8487,0x0,15,
2026-03-28T14:01:44.327846,59.5,74.4,25.4,2400.03712,0.8487,0x0,14,2
2026-03-28T14:01:45.354841,60.05,69.1,25.4,2400.030464,0.8487,0x0,14,2
2026-03-28T14:01:46.376681,58.95,69.7,25.8,2400.027136,0.8487,0x0,15,2
2026-03-28T14:01:47.399581,59.5,70.5,25.7,2400.02048,0.8487,0x0,14,2
2026-03-28T14:01:48.421038,60.05,67.8,25.7,2400.033792,0.8487,0x0,14,2
2026-03-28T14:01:49.441862,59.5,69.6,25.6,2400.023808,0.8487,0x0,15,3
2026-03-28T14:01:50.461130,58.95,71.0,25.8,2400.023808,0.8487,0x0,14,2
2026-03-28T14:01:51.485487,61.15,67.4,25.6,2400.03712,0.8487,0x0,15,2
2026-03-28T14:01:52.516638,59.5,69.0,25.3,2400.023808,0.8487,0x0,14,2
2026-03-28T14:01:53.540369,59.5,70.8,25.3,2400.023808,0.8487,0x0,15,3
2026-03-28T14:01:54.561677,60.05,65.9,25.4,2400.027136,0.8487,0x0,15,3
2026-03-28T14:01:55.584517,60.05,73.8,25.3,2400.027136,0.8487,0x0,15,2
2026-03-28T14:01:56.613459,60.6,71.0,25.3,2400.023808,0.8487,0x0,15,0
2026-03-28T14:01:57.632120,58.95,67.1,25.6,2400.030464,0.8487,0x0,15,3
2026-03-28T14:01:58.654551,58.95,72.8,25.7,2400.027136,0.8487,0x0,15,3
2026-03-28T14:01:59.675445,59.5,67.7,25.9,2400.027136,0.8487,0x0,15,3
2026-03-28T14:02:00.697264,58.95,69.7,25.7,2400.02048,0.8487,0x0,15,3
2026-03-28T14:02:01.729125,60.6,77.5,25.6,2400.02048,0.8487,0x0,14,2
2026-03-28T14:02:02.749474,60.05,67.2,25.4,2400.027136,0.8487,0x0,15,3
2026-03-28T14:02:03.769412,60.05,69.2,25.2,2400.027136,0.8487,0x0,15,3
2026-03-28T14:02:04.792086,58.95,74.8,25.4,2400.023808,0.8487,0x0,15,0
2026-03-28T14:02:05.823984,58.95,74.3,25.2,2400.030464,0.8487,0x0,15,3
2026-03-28T14:02:06.853003,59.5,74.0,25.7,2400.02048,0.8487,0x0,15,1
2026-03-28T14:02:07.879233,59.5,83.0,25.2,2400.033792,0.8487,0x0,15,3
2026-03-28T14:02:08.904940,60.05,72.6,25.2,2400.023808,0.8487,0x0,15,1
2026-03-28T14:02:09.929767,61.15,71.8,25.2,2400.030464,0.8487,0x0,15,2
2026-03-28T14:02:10.952469,61.15,76.5,25.1,2400.03712,0.8487,0x0,15,1
2026-03-28T14:02:11.973012,60.6,75.6,25.4,2400.027136,0.8487,0x0,14,2
2026-03-28T14:02:12.992047,59.5,68.8,25.4,2400.033792,0.8487,0x0,15,4
2026-03-28T14:02:14.019615,60.6,74.6,25.0,2400.030464,0.8487,0x0,15,
2026-03-28T14:02:15.047244,58.95,70.3,24.6,2400.033792,0.8487,0x0,14,2
2026-03-28T14:02:16.067721,60.05,71.0,24.8,2400.033792,0.8487,0x0,15,2
2026-03-28T14:02:17.092464,60.05,73.2,25.1,2400.030464,0.8487,0x0,15,2
2026-03-28T14:02:18.121707,59.5,69.8,24.9,2400.030464,0.8487,0x0,15,3
2026-03-28T14:02:19.157425,60.6,69.1,24.7,2400.030464,0.8487,0x0,15,3
2026-03-28T14:02:20.179121,58.95,72.3,24.6,2400.03712,0.8487,0x0,16,1
2026-03-28T14:02:21.304719,59.5,69.3,24.5,2400.027136,0.8487,0x0,14,3
2026-03-28T14:02:22.326960,61.15,71.7,24.9,2400.030464,0.8487,0x0,14,2
2026-03-28T14:02:23.352309,60.6,71.5,25.0,2400.02048,0.8487,0x0,14,2
2026-03-28T14:02:24.377223,61.15,68.9,25.4,2400.02048,0.8487,0x0,14,2
2026-03-28T14:02:25.396440,60.05,75.6,25.4,2400.033792,0.8487,0x0,15,3
2026-03-28T14:02:26.420879,59.5,71.9,25.0,2400.027136,0.8487,0x0,15,4
2026-03-28T14:02:27.448240,60.05,69.6,24.6,2400.033792,0.8487,0x0,15,
2026-03-28T14:02:28.469689,60.6,71.3,24.6,2400.02048,0.8487,0x0,15,3
2026-03-28T14:02:29.494017,60.05,69.7,24.6,2400.023808,0.8487,0x0,15,
2026-03-28T14:02:30.517084,60.05,71.0,24.6,2400.030464,0.8487,0x0,15,1
2026-03-28T14:02:31.540025,58.95,71.1,25.0,2400.02048,0.8487,0x0,14,4
2026-03-28T14:02:32.562303,59.5,69.6,24.9,2400.030464,0.8487,0x0,15,3
2026-03-28T14:02:33.586952,60.05,72.0,24.8,2400.033792,0.8487,0x0,14,2
2026-03-28T14:02:34.608932,58.95,71.1,25.1,2400.027136,0.8487,0x0,15,
2026-03-28T14:02:35.639215,60.05,70.7,25.2,2400.02048,0.8487,0x0,15,2
2026-03-28T14:02:36.663897,60.05,72.1,25.7,2400.027136,0.8487,0x0,15,1
2026-03-28T14:02:37.685640,60.05,72.0,25.5,2400.03712,0.8487,0x0,15,3
2026-03-28T14:02:38.704678,59.5,67.9,25.2,2400.027136,0.8487,0x0,15,1
2026-03-28T14:02:39.727402,60.05,70.7,25.3,2400.027136,0.8487,0x0,15,1
2026-03-28T14:02:40.756075,61.15,73.3,24.9,2400.030464,0.8487,0x0,14,2
2026-03-28T14:02:41.882866,59.5,68.4,25.1,2400.033792,0.8487,0x0,15,
2026-03-28T14:02:42.906861,58.95,69.7,25.1,2400.03712,0.8487,0x0,15,3
2026-03-28T14:02:43.934982,58.95,70.2,25.1,2400.02048,0.8487,0x0,15,3
2026-03-28T14:02:44.958793,60.6,70.2,25.0,2400.02048,0.8487,0x0,15,0
2026-03-28T14:02:45.979747,60.05,74.1,24.6,2400.017408,0.8487,0x0,15,
2026-03-28T14:02:47.002828,61.15,71.4,24.4,2400.02048,0.8487,0x0,14,2
2026-03-28T14:02:48.024756,59.5,71.3,24.5,2400.023808,0.8487,0x0,14,2
2026-03-28T14:02:49.052541,57.85,73.0,24.7,2400.03712,0.8487,0x0,15,1
2026-03-28T14:02:50.071974,59.5,68.4,24.8,2400.033792,0.8487,0x0,15,1
2026-03-28T14:02:51.092590,59.5,76.8,24.7,2400.023808,0.8487,0x0,14,1
2026-03-28T14:02:52.125991,60.05,73.4,24.6,2400.027136,0.8487,0x0,15,3
2026-03-28T14:02:53.150016,59.5,69.3,24.4,2400.02048,0.8487,0x0,14,2
2026-03-28T14:02:54.171816,61.15,70.5,24.5,2400.02048,0.8487,0x0,15,2
2026-03-28T14:02:55.195401,60.05,72.8,24.4,2400.033792,0.8487,0x0,15,3
2026-03-28T14:02:56.230701,60.6,71.7,24.4,2400.027136,0.8487,0x0,14,2
2026-03-28T14:02:57.254559,60.05,71.5,24.3,2400.030464,0.8487,0x0,15,3
2026-03-28T14:02:58.279016,59.5,72.0,24.4,2400.027136,0.8487,0x0,14,2
2026-03-28T14:02:59.306977,60.05,67.7,24.4,2400.030464,0.8487,0x0,15,2
2026-03-28T14:03:00.329192,58.95,71.7,24.4,2400.033792,0.8487,0x0,14,2
2026-03-28T14:03:01.355893,60.05,72.6,24.5,2400.023808,0.8487,0x0,14,3
2026-03-28T14:03:02.378975,61.15,68.3,24.4,2400.033792,0.8487,0x0,14,2
2026-03-28T14:03:03.401446,59.5,70.7,24.5,2400.027136,0.8487,0x0,15,
2026-03-28T14:03:04.422841,60.6,70.7,24.5,2400.02048,0.8487,0x0,14,2
2026-03-28T14:03:05.443181,60.05,69.7,24.9,2400.02048,0.8487,0x0,15,3
2026-03-28T14:03:06.471874,59.5,73.7,25.2,2400.033792,0.8487,0x0,14,2
2026-03-28T14:03:07.494919,61.7,70.0,25.1,2400.030464,0.8487,0x0,14,2
2026-03-28T14:03:08.516232,60.05,72.7,24.9,2400.030464,0.8487,0x0,14,2
2026-03-28T14:03:09.541363,58.95,73.8,25.0,2400.033792,0.8487,0x0,15,2
2026-03-28T14:03:10.567053,60.05,70.6,24.9,2400.023808,0.8487,0x0,14,2
2026-03-28T14:03:11.592639,58.95,68.5,24.7,2400.023808,0.8487,0x0,15,1
2026-03-28T14:03:12.618857,58.95,72.5,24.6,2400.02048,0.8487,0x0,15,
2026-03-28T14:03:13.640325,58.95,67.9,24.5,2400.02048,0.8487,0x0,15,3
2026-03-28T14:03:14.673449,60.6,72.6,24.6,2400.03712,0.8487,0x0,14,2
2026-03-28T14:03:15.691483,60.05,72.4,25.0,2400.023808,0.8487,0x0,15,1
2026-03-28T14:03:16.717817,59.5,67.5,25.2,2400.027136,0.8487,0x0,15,3
2026-03-28T14:03:17.740691,59.5,74.6,25.5,2400.030464,0.8487,0x0,14,2
2026-03-28T14:03:18.771601,60.6,72.7,25.4,2400.02048,0.8487,0x0,15,1
2026-03-28T14:03:19.795022,60.6,64.5,25.2,2400.027136,0.8487,0x0,15,3
2026-03-28T14:03:20.819952,60.05,72.1,24.9,2400.030464,0.8487,0x0,15,
2026-03-28T14:03:21.861789,61.15,74.0,24.7,2400.030464,0.8487,0x0,15,2
2026-03-28T14:03:22.885758,60.6,68.0,24.5,2400.03712,0.8487,0x0,15,4
2026-03-28T14:03:23.909588,60.05,72.5,24.5,2400.030464,0.8487,0x0,15,2
2026-03-28T14:03:24.932603,59.5,71.6,24.4,2400.02048,0.8487,0x0,15,0
2026-03-28T14:03:25.950148,59.5,68.7,24.5,2400.023808,0.8487,0x0,15,3
2026-03-28T14:03:26.970667,61.15,71.5,24.4,2400.030464,0.8487,0x0,15,
2026-03-28T14:03:27.999786,59.5,71.1,24.5,2400.030464,0.8487,0x0,14,2
2026-03-28T14:03:29.020359,60.6,68.7,24.5,2400.017408,0.8487,0x0,14,3
2026-03-28T14:03:30.050768,60.05,73.1,24.5,2400.02048,0.8487,0x0,14,2
2026-03-28T14:03:31.072955,60.05,73.1,24.4,2400.02048,0.8487,0x0,14,2
2026-03-28T14:03:32.096840,60.6,70.4,24.4,2400.023808,0.8487,0x0,15,3
2026-03-28T14:03:33.115939,61.15,73.8,24.4,2400.027136,0.8487,0x0,15,2
2026-03-28T14:03:34.140211,60.6,70.0,24.6,2400.02048,0.8487,0x0,14,3
2026-03-28T14:03:35.164346,60.05,71.1,24.7,2400.023808,0.8487,0x0,15,3
2026-03-28T14:03:36.186255,60.6,74.1,24.8,2400.030464,0.8487,0x0,15,3
2026-03-28T14:03:37.206587,60.6,69.9,24.5,2400.023808,0.8487,0x0,14,2
2026-03-28T14:03:38.231941,60.6,69.2,24.5,2400.023808,0.8487,0x0,15,
2026-03-28T14:03:39.262993,60.6,73.0,24.4,2400.033792,0.8487,0x0,15,2
2026-03-28T14:03:40.287297,60.05,69.8,24.4,2400.023808,0.8487,0x0,16,
2026-03-28T14:03:41.311314,57.85,71.9,24.6,2400.03712,0.8487,0x0,14,2
2026-03-28T14:03:42.336298,60.05,72.7,24.5,2400.023808,0.8487,0x0,14,2
2026-03-28T14:03:43.358161,60.05,69.2,24.5,2400.033792,0.8487,0x0,15,4
2026-03-28T14:03:44.383945,60.6,75.5,24.4,2400.03712,0.8487,0x0,14,2
2026-03-28T14:03:45.406663,60.6,73.0,24.3,2400.02048,0.8487,0x0,14,2
2026-03-28T14:03:46.424738,60.05,69.9,24.3,2400.023808,0.8487,0x0,15,3
2026-03-28T14:03:47.448012,60.6,71.3,24.5,2400.02048,0.8487,0x0,15,
2026-03-28T14:03:48.469605,60.6,70.8,24.6,2400.02048,0.8487,0x0,14,2
2026-03-28T14:03:49.489686,58.95,73.4,24.5,2400.017408,0.8487,0x0,14,2
2026-03-28T14:03:50.513949,61.15,71.7,24.4,2400.02048,0.8487,0x0,15,2
2026-03-28T14:03:51.544506,58.95,71.3,24.6,2400.030464,0.8487,0x0,15,3
2026-03-28T14:03:52.565654,60.05,70.1,24.6,2400.02048,0.8487,0x0,15,1
2026-03-28T14:03:53.690070,59.5,67.6,25.0,2400.023808,0.8487,0x0,15,3
2026-03-28T14:03:54.709689,60.6,71.3,24.8,2400.030464,0.8487,0x0,15,3
2026-03-28T14:03:55.738331,61.15,71.5,24.8,2400.030464,0.8487,0x0,15,3
2026-03-28T14:03:56.757609,59.5,72.0,24.7,2400.023808,0.8487,0x0,15,3
2026-03-28T14:03:57.782327,58.95,70.3,25.0,2400.02048,0.8487,0x0,14,2
2026-03-28T14:03:58.803393,58.95,69.7,24.8,2400.030464,0.8487,0x0,14,2
2026-03-28T14:03:59.823992,60.6,72.9,24.6,2400.030464,0.8487,0x0,15,3
2026-03-28T14:04:00.850141,61.15,71.6,24.4,2400.027136,0.8487,0x0,15,
2026-03-28T14:04:01.873371,59.5,69.6,24.8,2400.03712,0.8487,0x0,14,2
2026-03-28T14:04:02.892761,58.95,72.1,25.0,2400.030464,0.8487,0x0,15,
2026-03-28T14:04:03.910997,60.05,70.4,24.9,2400.02048,0.8487,0x0,14,2
2026-03-28T14:04:04.938964,59.5,70.8,24.9,2400.027136,0.8487,0x0,15,2
2026-03-28T14:04:05.965499,60.05,73.8,24.9,2400.030464,0.8487,0x0,15,3
2026-03-28T14:04:06.984116,60.6,70.2,25.1,2400.017408,0.8487,0x0,15,4
2026-03-28T14:04:08.014467,60.05,71.0,25.0,2400.027136,0.8487,0x0,14,3
2026-03-28T14:04:09.036316,58.95,71.7,25.0,2400.033792,0.8487,0x0,14,2
2026-03-28T14:04:10.060201,59.5,68.6,24.8,2400.033792,0.8487,0x0,14,2
2026-03-28T14:04:11.082260,60.05,76.8,24.8,2400.023808,0.8487,0x0,14,2
2026-03-28T14:04:12.105530,61.15,70.6,24.8,2400.03712,0.8487,0x0,15,1
2026-03-28T14:04:13.128632,61.15,70.2,24.5,2400.02048,0.8487,0x0,15,3
2026-03-28T14:04:14.157160,61.15,72.4,24.3,2400.027136,0.8487,0x0,15,2
2026-03-28T14:04:15.186622,61.15,72.4,24.3,2400.03712,0.8487,0x0,15,2
2026-03-28T14:04:16.210073,59.5,71.6,24.4,2400.033792,0.8487,0x0,15,3
2026-03-28T14:04:17.237760,58.95,71.8,24.4,2400.027136,0.8487,0x0,15,3
2026-03-28T14:04:18.258302,59.5,69.7,24.8,2400.033792,0.8487,0x0,14,1
2026-03-28T14:04:19.282011,60.05,71.2,25.2,2400.023808,0.8487,0x0,15,0
2026-03-28T14:04:20.301335,60.05,70.8,25.1,2400.030464,0.8487,0x0,15,3
2026-03-28T14:04:21.327348,61.15,70.4,25.4,2400.027136,0.8487,0x0,15,3
2026-03-28T14:04:22.350868,60.05,71.0,25.2,2400.017408,0.8487,0x0,14,2
2026-03-28T14:04:23.369140,60.05,70.5,25.3,2400.033792,0.8487,0x0,15,2
2026-03-28T14:04:24.390944,59.5,69.6,24.9,2400.027136,0.8487,0x0,14,1
2026-03-28T14:04:25.414459,58.95,70.8,24.9,2400.023808,0.8487,0x0,15,3
2026-03-28T14:04:26.434861,59.5,72.5,24.7,2400.023808,0.8487,0x0,14,2
2026-03-28T14:04:27.464059,59.5,69.7,24.6,2400.033792,0.8487,0x0,15,
2026-03-28T14:04:28.486049,60.6,72.5,24.5,2400.033792,0.8487,0x0,15,3
2026-03-28T14:04:29.505996,59.5,71.8,24.5,2400.027136,0.8487,0x0,15,3
2026-03-28T14:04:30.526417,59.5,70.7,24.3,2400.027136,0.8487,0x0,15,3
2026-03-28T14:04:31.549716,60.6,72.9,24.3,2400.023808,0.8487,0x0,14,2
2026-03-28T14:04:32.572985,58.95,70.0,24.4,2400.02048,0.8487,0x0,15,3
2026-03-28T14:04:33.705797,59.5,70.7,24.5,2400.033792,0.8487,0x0,15,
2026-03-28T14:04:34.725048,60.6,72.9,25.1,2400.023808,0.8487,0x0,15,1
2026-03-28T14:04:35.753194,58.95,71.6,25.4,2400.023808,0.8487,0x0,15,2
2026-03-28T14:04:36.776478,60.05,75.1,25.1,2400.027136,0.8487,0x0,15,3
2026-03-28T14:04:37.813599,61.15,73.1,25.2,2400.030464,0.8487,0x0,14,2
2026-03-28T14:04:38.841686,59.5,68.4,25.0,2400.033792,0.8487,0x0,14,2
2026-03-28T14:04:39.862959,60.6,70.3,25.0,2400.030464,0.8487,0x0,14,2
2026-03-28T14:04:40.883148,60.05,72.8,24.6,2400.033792,0.8487,0x0,15,2
2026-03-28T14:04:41.904846,60.05,68.1,24.6,2400.027136,0.8487,0x0,15,3
2026-03-28T14:04:42.925644,60.6,70.8,24.5,2400.02048,0.8487,0x0,15,1
2026-03-28T14:04:44.050450,60.6,73.9,24.5,2400.02048,0.8487,0x0,15,2
2026-03-28T14:04:45.084825,60.05,75.3,24.7,2400.03712,0.8487,0x0,15,
2026-03-28T14:04:46.106942,60.05,71.0,24.5,2400.030464,0.8487,0x0,15,1
2026-03-28T14:04:47.129824,58.95,78.0,24.5,2400.02048,0.8487,0x0,15,3
2026-03-28T14:04:48.154262,60.6,75.9,24.4,2400.027136,0.8487,0x0,14,1
2026-03-28T14:04:49.174619,59.5,81.2,24.3,2400.030464,0.8487,0x0,14,2
2026-03-28T14:04:50.207034,60.05,73.7,24.7,2400.02048,0.8487,0x0,15,3
2026-03-28T14:04:51.229791,60.6,68.5,25.0,2400.033792,0.8487,0x0,15,1
2026-03-28T14:04:52.261125,60.6,83.4,25.2,2400.027136,0.8487,0x0,14,1
2026-03-28T14:04:53.303831,59.5,79.0,25.0,2400.02048,0.8487,0x0,15,1
2026-03-28T14:04:54.326597,59.5,73.8,24.8,2400.023808,0.8487,0x0,15,
2026-03-28T14:04:55.350208,60.05,72.4,24.7,2400.030464,0.8487,0x0,15,3
2026-03-28T14:04:56.375037,59.5,71.5,24.9,2400.030464,0.8487,0x0,15,3
2026-03-28T14:04:57.398196,60.05,71.1,25.1,2400.027136,0.8487,0x0,14,2
2026-03-28T14:04:58.420368,60.6,69.6,25.1,2400.030464,0.8487,0x0,15,2
2026-03-28T14:04:59.449369,59.5,73.2,25.2,2400.023808,0.8487,0x0,15,3
2026-03-28T14:05:00.471119,60.05,71.1,25.1,2400.017408,0.8487,0x0,14,1
2026-03-28T14:05:01.492508,58.4,71.0,25.3,2400.027136,0.8487,0x0,14,1
2026-03-28T14:05:02.520316,60.6,73.8,25.4,2400.023808,0.8487,0x0,15,2
2026-03-28T14:05:03.545088,60.6,68.6,25.5,2400.023808,0.8487,0x0,15,4
2026-03-28T14:05:04.564714,59.5,70.8,25.3,2400.023808,0.8487,0x0,15,3
2026-03-28T14:05:05.588636,60.6,73.1,25.3,2400.033792,0.8487,0x0,14,1
2026-03-28T14:05:06.610742,60.05,68.6,25.1,2400.02048,0.8487,0x0,14,2
2026-03-28T14:05:07.629710,60.6,70.7,24.9,2400.02048,0.8487,0x0,15,1
2026-03-28T14:05:08.650751,59.5,71.6,24.9,2400.023808,0.8487,0x0,15,3
2026-03-28T14:05:09.681951,59.5,68.9,24.7,2400.02048,0.8487,0x0,15,0
2026-03-28T14:05:10.702550,59.5,73.4,25.0,2400.030464,0.8487,0x0,15,3
2026-03-28T14:05:11.729181,58.95,73.7,24.6,2400.030464,0.8487,0x0,15,3
2026-03-28T14:05:12.750984,58.95,68.5,24.6,2400.03712,0.8487,0x0,15,2
2026-03-28T14:05:13.770236,59.5,71.5,24.7,2400.030464,0.8487,0x0,15,3
2026-03-28T14:05:14.792666,58.95,72.2,24.6,2400.030464,0.8487,0x0,15,
2026-03-28T14:05:15.820084,60.6,71.1,24.7,2400.030464,0.8487,0x0,14,2
2026-03-28T14:05:16.843062,59.5,78.0,24.6,2400.030464,0.8487,0x0,14,2
2026-03-28T14:05:17.874739,61.15,68.5,24.7,2400.023808,0.8487,0x0,14,4
2026-03-28T14:05:18.898193,59.5,69.1,24.7,2400.02048,0.8487,0x0,15,3
2026-03-28T14:05:19.918860,59.5,72.8,24.7,2400.02048,0.8487,0x0,15,3
2026-03-28T14:05:20.944621,58.95,71.9,25.1,2400.023808,0.8487,0x0,16,1
2026-03-28T14:05:21.976532,59.5,70.4,25.0,2400.02048,0.8487,0x0,16,3
2026-03-28T14:05:23.002595,59.5,72.1,24.9,2400.033792,0.8487,0x0,16,4
2026-03-28T14:05:24.040594,58.95,69.3,25.3,2400.030464,0.8487,0x0,15,1
2026-03-28T14:05:25.067217,59.5,72.0,25.1,2400.017408,0.8487,0x0,16,4
2026-03-28T14:05:26.089304,59.5,74.3,24.9,2400.030464,0.8487,0x0,15,3
2026-03-28T14:05:27.111958,58.4,68.1,24.7,2400.02048,0.8487,0x0,15,1
2026-03-28T14:05:28.134105,60.05,70.6,24.9,2400.033792,0.8487,0x0,15,4
2026-03-28T14:05:29.158633,60.6,73.3,24.9,2400.023808,0.8487,0x0,14,2
2026-03-28T14:05:30.183017,58.95,67.9,24.9,2400.030464,0.8487,0x0,15,0
2026-03-28T14:05:31.210408,60.6,73.0,24.7,2400.027136,0.8487,0x0,15,
2026-03-28T14:05:32.234114,60.6,72.0,24.7,2400.02048,0.8487,0x0,14,2
2026-03-28T14:05:33.254133,59.5,69.2,25.0,2400.033792,0.8487,0x0,15,3
2026-03-28T14:05:34.273535,58.4,73.0,24.7,2400.030464,0.8487,0x0,15,3
2026-03-28T14:05:35.301185,59.5,73.0,24.9,2400.033792,0.8487,0x0,14,2
2026-03-28T14:05:36.323769,59.5,69.4,24.9,2400.030464,0.8487,0x0,15,3
2026-03-28T14:05:37.353683,58.95,71.2,25.0,2400.033792,0.8487,0x0,14,2
2026-03-28T14:05:38.378730,59.5,71.0,25.1,2400.033792,0.8487,0x0,15,3
2026-03-28T14:05:39.401400,58.95,68.0,24.9,2400.033792,0.8487,0x0,15,3
2026-03-28T14:05:40.422255,60.05,73.9,25.2,2400.02048,0.8487,0x0,15,
2026-03-28T14:05:41.453538,59.5,71.1,25.3,2400.02048,0.8487,0x0,15,
2026-03-28T14:05:42.474550,60.05,75.0,25.1,2400.03712,0.8487,0x0,14,1
2026-03-28T14:05:43.500327,59.5,71.3,25.0,2400.030464,0.8487,0x0,16,4
2026-03-28T14:05:44.526153,60.6,69.5,24.7,2400.03712,0.8487,0x0,14,2
2026-03-28T14:05:45.549933,60.05,70.1,24.8,2400.023808,0.8487,0x0,15,3
2026-03-28T14:05:46.578979,60.6,73.0,24.6,2400.02048,0.8487,0x0,15,3
2026-03-28T14:05:47.604526,58.95,68.7,24.6,2400.027136,0.8487,0x0,15,
2026-03-28T14:05:48.628215,60.05,70.5,24.6,2400.033792,0.8487,0x0,14,2
2026-03-28T14:05:49.650686,59.5,72.7,24.9,2400.027136,0.8487,0x0,15,3
2026-03-28T14:05:50.680886,60.05,72.1,24.7,2400.027136,0.8487,0x0,15,2
2026-03-28T14:05:51.714240,58.95,70.9,25.0,2400.027136,0.8487,0x0,15,4
2026-03-28T14:05:52.735889,58.95,72.8,24.9,2400.030464,0.8487,0x0,14,3
2026-03-28T14:05:53.756897,59.5,68.6,24.9,2400.023808,0.8487,0x0,15,3
2026-03-28T14:05:54.784534,60.05,69.8,24.8,2400.027136,0.8487,0x0,15,3
2026-03-28T14:05:55.806550,60.05,74.9,24.5,2400.023808,0.8487,0x0,15,
2026-03-28T14:05:56.826756,60.05,69.4,24.4,2400.033792,0.8487,0x0,15,3
2026-03-28T14:05:57.846802,60.05,70.4,24.4,2400.030464,0.8487,0x0,15,4
2026-03-28T14:05:58.874588,61.15,70.8,24.4,2400.023808,0.8487,0x0,15,1
2026-03-28T14:05:59.895710,60.6,69.7,24.4,2400.023808,0.8487,0x0,15,3
2026-03-28T14:06:00.928114,60.6,73.3,24.4,2400.03712,0.8487,0x0,14,3
2026-03-28T14:06:01.957578,60.6,70.1,24.4,2400.02048,0.8487,0x0,15,1
2026-03-28T14:06:02.983028,60.05,69.7,24.7,2400.030464,0.8487,0x0,15,2
2026-03-28T14:06:04.008160,60.6,70.7,24.7,2400.02048,0.8487,0x0,15,4
2026-03-28T14:06:05.035801,60.6,70.1,24.6,2400.033792,0.8487,0x0,15,3
2026-03-28T14:06:06.058441,60.05,73.0,24.5,2400.02048,0.8487,0x0,14,2
2026-03-28T14:06:07.082700,60.05,71.0,24.5,2400.02048,0.8487,0x0,15,3
2026-03-28T14:06:08.107105,59.5,69.1,24.5,2400.027136,0.8487,0x0,15,3
2026-03-28T14:06:09.126122,58.4,75.6,24.7,2400.027136,0.8487,0x0,15,3
2026-03-28T14:06:10.145558,61.15,71.1,24.6,2400.017408,0.8487,0x0,14,1
2026-03-28T14:06:11.167854,61.15,70.1,25.0,2400.030464,0.8487,0x0,16,
2026-03-28T14:06:12.190948,60.6,70.7,25.2,2400.030464,0.8487,0x0,15,1
2026-03-28T14:06:13.217744,59.5,72.5,25.6,2400.02048,0.8487,0x0,15,
2026-03-28T14:06:14.237140,60.05,68.5,25.6,2400.017408,0.8487,0x0,14,2
2026-03-28T14:06:15.258984,61.15,70.2,25.6,2400.033792,0.8487,0x0,15,4
2026-03-28T14:06:16.293221,60.05,73.7,25.5,2400.027136,0.8487,0x0,15,1
2026-03-28T14:06:17.322254,60.05,68.3,25.0,2400.033792,0.8487,0x0,15,2
2026-03-28T14:06:18.346971,59.5,70.6,25.2,2400.02048,0.8487,0x0,15,3
2026-03-28T14:06:19.372767,61.15,72.0,25.2,2400.027136,0.8487,0x0,15,3
2026-03-28T14:06:20.392503,61.15,70.3,25.1,2400.02048,0.8487,0x0,15,3
2026-03-28T14:06:21.414728,59.5,72.1,25.0,2400.030464,0.8487,0x0,14,2
2026-03-28T14:06:22.436504,58.95,70.7,24.8,2400.033792,0.8487,0x0,14,2
2026-03-28T14:06:23.459819,60.05,70.0,24.8,2400.02048,0.8487,0x0,15,1
2026-03-28T14:06:24.487444,60.6,73.3,25.0,2400.030464,0.8487,0x0,15,1
2026-03-28T14:06:25.508267,61.7,70.7,25.0,2400.03712,0.8487,0x0,16,5
2026-03-28T14:06:26.534371,59.5,72.8,24.7,2400.023808,0.8487,0x0,14,2
2026-03-28T14:06:27.554327,60.05,73.6,24.7,2400.027136,0.8487,0x0,15,3
2026-03-28T14:06:28.573643,60.05,68.3,24.7,2400.023808,0.8487,0x0,14,2
2026-03-28T14:06:29.594020,61.15,69.8,25.0,2400.023808,0.8487,0x0,15,3
2026-03-28T14:06:30.617226,60.05,73.2,24.8,2400.03712,0.8487,0x0,15,3
2026-03-28T14:06:31.746173,61.15,69.8,24.8,2400.02048,0.8487,0x0,14,2
2026-03-28T14:06:32.768431,59.5,70.8,24.8,2400.027136,0.8487,0x0,14,2
2026-03-28T14:06:33.791072,60.05,71.1,24.8,2400.030464,0.8487,0x0,15,
2026-03-28T14:06:34.817615,60.6,70.7,24.5,2400.033792,0.8487,0x0,15,3
2026-03-28T14:06:35.840799,59.5,78.2,24.6,2400.033792,0.8487,0x0,14,2
2026-03-28T14:06:36.861809,59.5,70.8,24.3,2400.030464,0.8487,0x0,14,2
2026-03-28T14:06:37.884980,58.95,68.5,24.5,2400.033792,0.8487,0x0,14,3
2026-03-28T14:06:38.906944,60.05,73.1,24.5,2400.033792,0.8487,0x0,16,
2026-03-28T14:06:39.931738,59.5,71.8,24.5,2400.030464,0.8487,0x0,14,2
2026-03-28T14:06:40.957745,60.05,71.8,24.7,2400.027136,0.8487,0x0,15,3
2026-03-28T14:06:41.984613,61.15,72.5,24.5,2400.02048,0.8487,0x0,15,1
2026-03-28T14:06:43.009217,59.5,70.3,24.4,2400.023808,0.8487,0x0,15,3
2026-03-28T14:06:44.038934,58.4,72.5,24.4,2400.03712,0.8487,0x0,14,2
2026-03-28T14:06:45.059451,58.95,72.6,24.7,2400.033792,0.8487,0x0,15,
2026-03-28T14:06:46.084617,60.6,71.5,24.8,2400.033792,0.8487,0x0,15,2
2026-03-28T14:06:47.107747,59.5,71.6,24.6,2400.030464,0.8487,0x0,15,2
2026-03-28T14:06:48.131884,58.95,71.9,24.6,2400.027136,0.8487,0x0,15,1
2026-03-28T14:06:49.154850,59.5,69.0,24.5,2400.02048,0.8487,0x0,16,4
2026-03-28T14:06:50.177731,60.05,70.7,24.7,2400.023808,0.8487,0x0,15,4
2026-03-28T14:06:51.204975,60.05,74.9,24.6,2400.02048,0.8487,0x0,15,3
2026-03-28T14:06:52.226934,58.4,69.1,24.4,2400.033792,0.8487,0x0,15,
2026-03-28T14:06:53.246844,61.7,70.8,24.4,2400.030464,0.8487,0x0,15,0
2026-03-28T14:06:54.270326,58.95,71.3,24.7,2400.027136,0.8487,0x0,14,2
2026-03-28T14:06:55.293151,60.05,67.8,24.9,2400.030464,0.8487,0x0,14,2
2026-03-28T14:06:56.316922,58.95,74.2,24.9,2400.033792,0.8487,0x0,15,2
2026-03-28T14:06:57.339076,59.5,71.9,24.8,2400.030464,0.8487,0x0,15,2
2026-03-28T14:06:58.361942,60.05,68.2,24.8,2400.033792,0.8487,0x0,15,3
2026-03-28T14:06:59.388533,59.5,71.8,25.1,2400.03712,0.8487,0x0,15,3
2026-03-28T14:07:00.410837,58.95,70.3,25.0,2400.027136,0.8487,0x0,14,2
2026-03-28T14:07:01.431300,60.05,75.6,25.0,2400.033792,0.8487,0x0,14,4
2026-03-28T14:07:02.457136,58.95,73.0,24.8,2400.017408,0.8487,0x0,15,
2026-03-28T14:07:03.490924,59.5,70.6,24.9,2400.027136,0.8487,0x0,14,2
2026-03-28T14:07:04.511915,60.6,68.9,24.5,2400.02048,0.8487,0x0,15,4
2026-03-28T14:07:05.536532,59.5,72.8,24.7,2400.023808,0.8487,0x0,15,2
2026-03-28T14:07:06.561058,59.5,68.8,24.7,2400.030464,0.8487,0x0,15,2
2026-03-28T14:07:07.587335,59.5,70.2,24.7,2400.02048,0.8487,0x0,14,2
2026-03-28T14:07:08.606995,58.95,72.1,24.6,2400.027136,0.8487,0x0,15,4
2026-03-28T14:07:09.635664,60.05,68.3,24.8,2400.02048,0.8487,0x0,15,5
2026-03-28T14:07:10.658153,58.4,71.6,24.5,2400.030464,0.8487,0x0,14,2
2026-03-28T14:07:11.688002,61.15,71.7,24.5,2400.027136,0.8487,0x0,15,
2026-03-28T14:07:12.710751,60.6,69.1,24.4,2400.02048,0.8487,0x0,14,2
2026-03-28T14:07:13.733819,59.5,70.1,24.5,2400.023808,0.8487,0x0,15,4
2026-03-28T14:07:14.758775,60.05,70.1,24.6,2400.033792,0.8487,0x0,15,3
2026-03-28T14:07:15.787857,58.95,70.7,25.0,2400.023808,0.8487,0x0,15,3
2026-03-28T14:07:16.821838,61.15,73.6,25.0,2400.023808,0.8487,0x0,14,2
2026-03-28T14:07:17.842148,60.05,70.5,25.4,2400.027136,0.8487,0x0,15,3
2026-03-28T14:07:18.866950,59.5,70.3,25.4,2400.027136,0.8487,0x0,15,2
2026-03-28T14:07:19.889787,59.5,71.4,25.1,2400.02048,0.8487,0x0,14,
2026-03-28T14:07:20.918441,58.95,71.0,25.0,2400.02048,0.8487,0x0,14,2
2026-03-28T14:07:21.942940,58.95,69.6,24.9,2400.023808,0.8487,0x0,15,1
2026-03-28T14:07:22.970251,60.6,71.8,24.6,2400.027136,0.8487,0x0,15,3
2026-03-28T14:07:23.989879,59.5,68.8,24.4,2400.033792,0.8487,0x0,15,0
2026-03-28T14:07:25.011015,58.95,70.0,24.4,2400.02048,0.8487,0x0,15,1
2026-03-28T14:07:26.038540,58.95,75.4,24.5,2400.033792,0.8487,0x0,15,3
2026-03-28T14:07:27.058360,59.5,74.0,24.8,2400.030464,0.8487,0x0,15,1
2026-03-28T14:07:28.092247,60.6,70.2,25.2,2400.023808,0.8487,0x0,15,3
2026-03-28T14:07:29.110418,60.05,72.8,25.2,2400.023808,0.8487,0x0,15,2
2026-03-28T14:07:30.139471,60.6,68.8,24.9,2400.023808,0.8487,0x0,15,1
2026-03-28T14:07:31.165938,60.05,70.9,24.9,2400.023808,0.8487,0x0,15,3
2026-03-28T14:07:32.191772,58.4,72.4,25.0,2400.02048,0.8487,0x0,14,3
2026-03-28T14:07:33.214452,60.05,62.3,24.9,2400.033792,0.8487,0x0,15,3
2026-03-28T14:07:34.236610,59.5,70.8,24.5,2400.027136,0.8487,0x0,15,2
2026-03-28T14:07:35.258744,60.05,72.1,24.3,2400.017408,0.8487,0x0,15,2
2026-03-28T14:07:36.284645,60.05,69.7,24.4,2400.030464,0.8487,0x0,15,3
2026-03-28T14:07:37.306883,60.05,70.7,24.4,2400.03712,0.8487,0x0,15,1
2026-03-28T14:07:38.329527,59.5,70.1,24.6,2400.030464,0.8487,0x0,15,3
2026-03-28T14:07:39.351646,59.5,68.2,24.8,2400.03712,0.8487,0x0,15,3
2026-03-28T14:07:40.374166,60.6,72.0,24.7,2400.02048,0.8487,0x0,15,
2026-03-28T14:07:41.397831,58.95,71.2,24.6,2400.033792,0.8487,0x0,14,2
2026-03-28T14:07:42.417571,61.15,70.1,24.4,2400.033792,0.8487,0x0,14,2
2026-03-28T14:07:43.439609,59.5,71.9,24.4,2400.023808,0.8487,0x0,15,
2026-03-28T14:07:44.460645,59.5,70.0,24.8,2400.033792,0.8487,0x0,15,
2026-03-28T14:07:45.486469,59.5,70.6,24.7,2400.033792,0.8487,0x0,15,3
2026-03-28T14:07:46.509009,60.05,71.4,24.8,2400.023808,0.8487,0x0,15,
2026-03-28T14:07:47.636267,60.6,70.5,24.8,2400.033792,0.8487,0x0,15,3
2026-03-28T14:07:48.656548,61.15,70.0,24.9,2400.027136,0.8487,0x0,15,2
2026-03-28T14:07:49.681823,58.4,71.7,25.0,2400.02048,0.8487,0x0,15,3
2026-03-28T14:07:50.701195,58.4,70.9,25.1,2400.027136,0.8487,0x0,15,2
2026-03-28T14:07:51.725879,60.05,75.1,24.8,2400.03712,0.8487,0x0,15,3
2026-03-28T14:07:52.749220,61.15,74.2,24.6,2400.030464,0.8487,0x0,15,3
2026-03-28T14:07:53.769966,60.05,67.8,24.6,2400.030464,0.8487,0x0,15,2
2026-03-28T14:07:54.791937,60.05,71.6,24.6,2400.027136,0.8487,0x0,15,3
2026-03-28T14:07:55.813448,60.05,71.9,24.5,2400.023808,0.8487,0x0,14,2
2026-03-28T14:07:56.836556,60.6,70.3,24.5,2400.030464,0.8487,0x0,14,2
2026-03-28T14:07:57.860647,59.5,72.7,24.5,2400.027136,0.8487,0x0,15,3
2026-03-28T14:07:58.886159,59.5,70.1,24.8,2400.030464,0.8487,0x0,14,3
2026-03-28T14:07:59.905652,60.05,69.5,24.4,2400.02048,0.8487,0x0,15,3
2026-03-28T14:08:00.927107,58.95,73.7,24.7,2400.03712,0.8487,0x0,15,1
2026-03-28T14:08:01.952789,59.5,69.2,24.8,2400.033792,0.8487,0x0,14,2
2026-03-28T14:08:02.974505,59.5,71.1,24.9,2400.030464,0.8487,0x0,15,1
2026-03-28T14:08:04.000156,58.95,73.8,24.8,2400.033792,0.8487,0x0,14,3
2026-03-28T14:08:05.024867,59.5,68.9,25.0,2400.030464,0.8487,0x0,15,3
2026-03-28T14:08:06.059834,60.05,73.9,25.0,2400.027136,0.8487,0x0,16,
2026-03-28T14:08:07.087476,60.05,72.2,25.3,2400.02048,0.8487,0x0,16,4
2026-03-28T14:08:08.108491,60.05,69.6,25.2,2400.02048,0.8487,0x0,14,2
2026-03-28T14:08:09.129169,59.5,69.2,24.7,2400.023808,0.8487,0x0,15,2
2026-03-28T14:08:10.160696,60.05,72.5,24.6,2400.030464,0.8487,0x0,16,4
2026-03-28T14:08:11.182840,60.6,70.4,24.6,2400.023808,0.8487,0x0,15,1
2026-03-28T14:08:12.212263,59.5,71.2,24.4,2400.027136,0.8487,0x0,15,2
2026-03-28T14:08:13.236031,60.6,71.0,24.7,2400.017408,0.8487,0x0,15,1
2026-03-28T14:08:14.259803,60.6,67.6,24.4,2400.033792,0.8487,0x0,14,2
2026-03-28T14:08:15.279945,60.05,70.7,24.5,2400.023808,0.8487,0x0,15,2
2026-03-28T14:08:16.307109,60.05,72.7,24.7,2400.023808,0.8487,0x0,15,1
2026-03-28T14:08:17.329313,60.05,68.9,24.7,2400.02048,0.8487,0x0,15,3
2026-03-28T14:08:18.355819,58.95,78.0,24.8,2400.033792,0.8487,0x0,15,3
2026-03-28T14:08:19.384074,58.95,71.5,24.6,2400.023808,0.8487,0x0,15,2
2026-03-28T14:08:20.404982,60.6,68.6,24.8,2400.03712,0.8487,0x0,14,2
2026-03-28T14:08:21.434094,60.6,78.0,24.9,2400.033792,0.8487,0x0,15,
2026-03-28T14:08:22.468279,59.5,70.7,24.8,2400.030464,0.8487,0x0,15,3
2026-03-28T14:08:23.490454,60.05,67.8,24.6,2400.030464,0.8487,0x0,16,
2026-03-28T14:08:24.520477,60.05,71.4,24.7,2400.02048,0.8487,0x0,15,3
2026-03-28T14:08:25.539731,58.95,70.5,24.9,2400.027136,0.8487,0x0,15,2
2026-03-28T14:08:26.566771,58.4,70.3,24.9,2400.030464,0.8487,0x0,15,3
2026-03-28T14:08:27.592794,60.05,71.2,24.9,2400.033792,0.8487,0x0,15,3
2026-03-28T14:08:28.620860,60.05,69.3,25.3,2400.027136,0.8487,0x0,15,2
2026-03-28T14:08:29.638832,58.95,69.4,25.2,2400.023808,0.8487,0x0,14,2
2026-03-28T14:08:30.760387,60.6,73.4,24.8,2400.023808,0.8487,0x0,15,0
2026-03-28T14:08:31.778357,58.95,69.2,24.7,2400.033792,0.8487,0x0,15,1
2026-03-28T14:08:32.802972,61.15,69.6,24.7,2400.02048,0.8487,0x0,14,3
2026-03-28T14:08:33.824015,61.15,72.2,24.5,2400.02048,0.8487,0x0,15,3
2026-03-28T14:08:34.844169,59.5,67.7,24.5,2400.017408,0.8487,0x0,15,2
2026-03-28T14:08:35.869360,60.05,72.3,24.4,2400.030464,0.8487,0x0,14,2
2026-03-28T14:08:36.889571,59.5,72.0,24.7,2400.02048,0.8487,0x0,14,2
2026-03-28T14:08:37.918439,58.95,68.4,24.6,2400.027136,0.8487,0x0,15,3
2026-03-28T14:08:38.942390,60.05,73.6,24.4,2400.02048,0.8487,0x0,14,1
2026-03-28T14:08:39.966765,59.5,70.0,24.5,2400.023808,0.8487,0x0,14,2
2026-03-28T14:08:40.991712,60.05,71.3,24.9,2400.027136,0.8487,0x0,15,1
2026-03-28T14:08:42.017193,60.6,74.0,25.0,2400.02048,0.8487,0x0,15,3
2026-03-28T14:08:43.039360,59.5,71.2,25.1,2400.030464,0.8487,0x0,14,2
2026-03-28T14:08:44.067354,60.05,74.8,25.0,2400.023808,0.8487,0x0,15,3
2026-03-28T14:08:45.102054,60.05,72.1,25.2,2400.02048,0.8487,0x0,14,2
2026-03-28T14:08:46.124317,59.5,73.0,25.2,2400.027136,0.8487,0x0,15,
2026-03-28T14:08:47.146306,61.15,69.9,24.9,2400.017408,0.8487,0x0,15,2
2026-03-28T14:08:48.172482,58.95,72.5,24.7,2400.017408,0.8487,0x0,15,
2026-03-28T14:08:49.193524,58.95,68.6,24.8,2400.027136,0.8487,0x0,14,2
2026-03-28T14:08:50.218921,59.5,70.9,24.7,2400.027136,0.8487,0x0,14,2
2026-03-28T14:08:51.240005,61.15,73.7,24.5,2400.023808,0.8487,0x0,15,1
2026-03-28T14:08:52.259373,61.15,70.7,24.2,2400.03712,0.8487,0x0,14,2
2026-03-28T14:08:53.280881,61.15,68.9,24.4,2400.033792,0.8487,0x0,15,3
2026-03-28T14:08:54.306619,59.5,72.4,24.3,2400.02048,0.8487,0x0,15,1
2026-03-28T14:08:55.329283,60.05,68.6,24.3,2400.02048,0.8487,0x0,14,2
2026-03-28T14:08:56.359235,60.6,74.1,24.3,2400.033792,0.8487,0x0,14,3
2026-03-28T14:08:57.389918,57.85,72.8,24.4,2400.023808,0.8487,0x0,15,4
2026-03-28T14:08:58.415355,59.5,68.3,24.4,2400.023808,0.8487,0x0,15,2
2026-03-28T14:08:59.434962,60.05,70.8,24.6,2400.027136,0.8487,0x0,14,2
2026-03-28T14:09:00.461622,60.05,72.1,24.9,2400.017408,0.8487,0x0,15,2
2026-03-28T14:09:01.487768,60.6,72.4,25.1,2400.030464,0.8487,0x0,14,2
2026-03-28T14:09:02.511030,58.95,72.3,25.0,2400.03712,0.8487,0x0,15,3
2026-03-28T14:09:03.538501,59.5,69.8,24.9,2400.030464,0.8487,0x0,15,3
2026-03-28T14:09:04.557352,60.05,70.1,24.6,2400.027136,0.8487,0x0,15,3
2026-03-28T14:09:05.589757,57.85,73.5,24.8,2400.03712,0.8487,0x0,15,3
2026-03-28T14:09:06.611033,60.6,69.9,24.8,2400.023808,0.8487,0x0,14,3
2026-03-28T14:09:07.673021,59.5,71.3,24.8,2400.033792,0.8487,0x0,14,2
2026-03-28T14:09:08.694755,61.15,74.4,25.0,2400.027136,0.8487,0x0,15,2
2026-03-28T14:09:09.719593,61.15,71.6,24.9,2400.030464,0.8487,0x0,14,3
2026-03-28T14:09:10.741251,59.5,73.2,24.8,2400.023808,0.8487,0x0,14,2
2026-03-28T14:09:11.764022,59.5,73.7,24.8,2400.033792,0.8487,0x0,14,2
2026-03-28T14:09:12.786218,59.5,69.6,24.6,2400.030464,0.8487,0x0,15,3
2026-03-28T14:09:13.817607,59.5,72.7,24.5,2400.017408,0.8487,0x0,15,3
2026-03-28T14:09:14.839384,59.5,71.3,24.4,2400.027136,0.8487,0x0,15,3
2026-03-28T14:09:15.862722,59.5,72.3,24.4,2400.02048,0.8487,0x0,14,2
2026-03-28T14:09:16.883101,59.5,71.5,24.5,2400.02048,0.8487,0x0,15,2
2026-03-28T14:09:17.910449,58.95,70.2,24.5,2400.02048,0.8487,0x0,15,3
2026-03-28T14:09:18.934451,58.95,70.2,24.4,2400.027136,0.8487,0x0,15,1
2026-03-28T14:09:20.059976,59.5,71.8,24.5,2400.02048,0.8487,0x0,15,
2026-03-28T14:09:21.102096,59.5,72.8,24.5,2400.033792,0.8487,0x0,15,3
2026-03-28T14:09:22.122122,60.05,71.2,24.4,2400.033792,0.8487,0x0,16,
2026-03-28T14:09:23.144051,60.6,73.4,24.6,2400.03712,0.8487,0x0,15,3
2026-03-28T14:09:24.169247,59.5,68.4,25.0,2400.023808,0.8487,0x0,16,
2026-03-28T14:09:25.192007,59.5,71.0,25.0,2400.027136,0.8487,0x0,15,3
2026-03-28T14:09:26.318037,59.5,73.2,24.8,2400.023808,0.8487,0x0,14,2
2026-03-28T14:09:27.338659,59.5,69.6,24.6,2400.033792,0.8487,0x0,14,2
2026-03-28T14:09:28.362962,60.05,71.7,24.7,2400.033792,0.8487,0x0,15,3
2026-03-28T14:09:29.384483,58.95,72.0,25.0,2400.03712,0.8487,0x0,15,3
2026-03-28T14:09:30.418617,60.05,69.9,24.9,2400.030464,0.8487,0x0,14,2
2026-03-28T14:09:31.452912,58.95,73.7,25.2,2400.023808,0.8487,0x0,15,2
2026-03-28T14:09:32.477381,60.05,71.2,25.2,2400.02048,0.8487,0x0,15,
2026-03-28T14:09:33.501190,60.05,68.6,25.0,2400.03712,0.8487,0x0,15,1
2026-03-28T14:09:34.525177,59.5,78.8,24.8,2400.02048,0.8487,0x0,15,3
2026-03-28T14:09:35.544049,60.6,71.2,24.8,2400.027136,0.8487,0x0,15,2
2026-03-28T14:09:36.577035,60.6,69.6,24.9,2400.033792,0.8487,0x0,15,3
2026-03-28T14:09:37.602040,59.5,74.0,24.8,2400.033792,0.8487,0x0,15,2
2026-03-28T14:09:38.637321,60.6,70.8,24.8,2400.030464,0.8487,0x0,14,3
2026-03-28T14:09:39.655957,60.6,69.7,24.9,2400.030464,0.8487,0x0,15,4
2026-03-28T14:09:40.675173,59.5,73.8,24.9,2400.02048,0.8487,0x0,14,2
2026-03-28T14:09:41.697944,59.5,68.9,24.9,2400.02048,0.8487,0x0,14,2
2026-03-28T14:09:42.717435,60.6,69.7,24.8,2400.02048,0.8487,0x0,14,2
2026-03-28T14:09:43.743096,60.05,73.9,25.1,2400.027136,0.8487,0x0,15,3
2026-03-28T14:09:44.765024,58.4,69.0,25.1,2400.02048,0.8487,0x0,15,1
2026-03-28T14:09:45.790792,59.5,71.9,24.8,2400.027136,0.8487,0x0,15,3
2026-03-28T14:09:46.818528,60.05,74.2,24.6,2400.027136,0.8487,0x0,15,4
2026-03-28T14:09:47.840857,59.5,68.7,24.6,2400.023808,0.8487,0x0,14,2
2026-03-28T14:09:48.860322,59.5,70.3,25.0,2400.033792,0.8487,0x0,14,2
2026-03-28T14:09:49.886847,61.15,71.9,25.0,2400.03712,0.8487,0x0,15,3
2026-03-28T14:09:50.980128,59.5,72.1,25.0,2400.030464,0.8487,0x0,15,
2026-03-28T14:09:52.010136,60.6,72.1,24.9,2400.023808,0.8487,0x0,15,3
2026-03-28T14:09:53.046143,61.15,72.2,24.9,2400.033792,0.8487,0x0,15,3
2026-03-28T14:09:54.073428,59.5,70.6,24.9,2400.017408,0.8487,0x0,15,2
2026-03-28T14:09:55.103678,60.05,72.1,24.8,2400.02048,0.8487,0x0,15,1
2026-03-28T14:09:56.139066,60.05,71.3,25.1,2400.023808,0.8487,0x0,15,3
2026-03-28T14:09:57.164617,59.5,71.0,24.9,2400.027136,0.8487,0x0,15,3
2026-03-28T14:09:58.185272,59.5,72.2,24.7,2400.02048,0.8487,0x0,14,2
2026-03-28T14:09:59.209132,59.5,69.8,25.1,2400.03712,0.8487,0x0,14,2
2026-03-28T14:10:00.236248,60.05,75.3,25.3,2400.033792,0.8487,0x0,15,1
2026-03-28T14:10:01.258948,60.6,72.1,25.3,2400.02048,0.8487,0x0,14,2
2026-03-28T14:10:02.282051,60.6,68.7,25.2,2400.030464,0.8487,0x0,15,2
2026-03-28T14:10:03.304692,60.05,72.0,25.0,2400.027136,0.8487,0x0,15,3
2026-03-28T14:10:04.322766,58.95,71.8,25.1,2400.030464,0.8487,0x0,14,2
2026-03-28T14:10:05.344015,60.6,70.1,25.0,2400.027136,0.8487,0x0,15,3
2026-03-28T14:10:06.367798,60.6,73.6,25.0,2400.027136,0.8487,0x0,15,2
2026-03-28T14:10:07.394185,58.95,71.8,24.8,2400.023808,0.8487,0x0,14,2
2026-03-28T14:10:08.416137,59.5,68.8,24.7,2400.023808,0.8487,0x0,15,2
2026-03-28T14:10:09.442824,60.6,73.6,24.4,2400.027136,0.8487,0x0,15,1
2026-03-28T14:10:10.566934,60.6,70.3,24.3,2400.033792,0.8487,0x0,15,
2026-03-28T14:10:11.588419,60.05,71.8,24.5,2400.027136,0.8487,0x0,15,0
2026-03-28T14:10:12.609559,60.05,70.5,24.6,2400.030464,0.8487,0x0,15,1
2026-03-28T14:10:13.637458,59.5,68.9,24.4,2400.027136,0.8487,0x0,15,3
2026-03-28T14:10:14.658138,58.95,69.1,24.6,2400.027136,0.8487,0x0,15,3
2026-03-28T14:10:15.678447,58.4,73.5,24.7,2400.027136,0.8487,0x0,15,2
2026-03-28T14:10:16.701759,59.5,69.3,24.7,2400.017408,0.8487,0x0,14,2
2026-03-28T14:10:17.724017,61.15,71.3,24.9,2400.030464,0.8487,0x0,15,3
2026-03-28T14:10:18.748130,59.5,72.4,24.8,2400.023808,0.8487,0x0,15,3
2026-03-28T14:10:19.770999,58.95,67.6,24.8,2400.02048,0.8487,0x0,15,5
2026-03-28T14:10:20.796610,59.5,72.4,24.7,2400.02048,0.8487,0x0,15,3
2026-03-28T14:10:21.824440,59.5,72.2,24.5,2400.03712,0.8487,0x0,15,1
2026-03-28T14:10:22.844369,60.05,67.8,25.0,2400.033792,0.8487,0x0,15,3
2026-03-28T14:10:23.863789,59.5,75.0,25.1,2400.033792,0.8487,0x0,14,2
2026-03-28T14:10:24.888549,59.5,71.6,25.0,2400.027136,0.8487,0x0,15,0
2026-03-28T14:10:25.909359,60.6,71.1,24.8,2400.02048,0.8487,0x0,15,3
2026-03-28T14:10:26.933750,60.05,72.8,24.8,2400.02048,0.8487,0x0,15,2
2026-03-28T14:10:27.964740,59.5,70.8,24.6,2400.030464,0.8487,0x0,15,2
2026-03-28T14:10:29.039295,60.6,70.0,24.4,2400.027136,0.8487,0x0,14,2
2026-03-28T14:10:30.061782,58.95,71.8,24.4,2400.033792,0.8487,0x0,15,2
2026-03-28T14:10:31.088653,61.15,71.6,24.6,2400.02048,0.8487,0x0,15,
2026-03-28T14:10:32.109358,60.05,70.4,24.5,2400.03712,0.8487,0x0,15,1
2026-03-28T14:10:33.134469,58.95,73.3,25.0,2400.023808,0.8487,0x0,15,3
2026-03-28T14:10:34.157256,60.05,70.0,25.1,2400.027136,0.8487,0x0,15,2
2026-03-28T14:10:35.191532,60.6,72.1,24.9,2400.03712,0.8487,0x0,15,3
2026-03-28T14:10:36.211915,61.15,74.8,24.9,2400.027136,0.8487,0x0,14,2
2026-03-28T14:10:37.234043,60.05,68.2,24.7,2400.030464,0.8487,0x0,14,1
2026-03-28T14:10:38.253514,58.95,69.3,24.9,2400.033792,0.8487,0x0,14,1
2026-03-28T14:10:39.278513,60.05,73.3,24.6,2400.033792,0.8487,0x0,15,3
2026-03-28T14:10:40.306493,59.5,68.6,24.5,2400.027136,0.8487,0x0,15,3
2026-03-28T14:10:41.326036,58.95,72.2,24.8,2400.017408,0.8487,0x0,16,3
2026-03-28T14:10:42.349326,60.05,71.9,24.7,2400.023808,0.8487,0x0,14,2
2026-03-28T14:10:43.374871,61.15,69.8,24.6,2400.027136,0.8487,0x0,14,2
2026-03-28T14:10:44.397548,60.05,73.1,25.0,2400.02048,0.8487,0x0,15,2
2026-03-28T14:10:45.423526,61.15,71.3,24.8,2400.030464,0.8487,0x0,15,1
2026-03-28T14:10:46.442978,58.95,69.7,24.5,2400.03712,0.8487,0x0,14,2
2026-03-28T14:10:47.481241,60.05,73.5,24.7,2400.03712,0.8487,0x0,14,2
2026-03-28T14:10:48.507588,58.4,70.9,24.7,2400.030464,0.8487,0x0,14,2
2026-03-28T14:10:49.627299,58.4,70.0,24.7,2400.02048,0.8487,0x0,14,2
2026-03-28T14:10:50.647525,59.5,79.6,24.6,2400.02048,0.8487,0x0,15,3
2026-03-28T14:10:51.673488,58.95,69.6,24.7,2400.030464,0.8487,0x0,14,3
2026-03-28T14:10:52.693931,59.5,70.7,24.9,2400.03712,0.8487,0x0,15,3
2026-03-28T14:10:53.715510,59.5,72.4,25.0,2400.030464,0.8487,0x0,15,3
2026-03-28T14:10:54.736902,58.95,68.3,25.0,2400.02048,0.8487,0x0,15,3
2026-03-28T14:10:55.758860,60.6,72.2,25.3,2400.027136,0.8487,0x0,15,0
2026-03-28T14:10:56.780334,60.05,72.9,25.3,2400.030464,0.8487,0x0,14,2
2026-03-28T14:10:57.801273,60.05,69.7,25.5,2400.017408,0.8487,0x0,15,2
2026-03-28T14:10:58.827207,60.05,70.9,25.3,2400.02048,0.8487,0x0,15,3
2026-03-28T14:10:59.852498,61.15,72.2,25.3,2400.023808,0.8487,0x0,14,2
2026-03-28T14:11:00.877427,59.5,70.0,24.9,2400.02048,0.8487,0x0,14,2
2026-03-28T14:11:01.901877,59.5,71.6,24.8,2400.02048,0.8487,0x0,15,3
2026-03-28T14:11:02.929861,60.05,71.1,25.0,2400.030464,0.8487,0x0,15,3
2026-03-28T14:11:03.955037,60.6,69.0,25.1,2400.030464,0.8487,0x0,16,2
2026-03-28T14:11:04.980975,58.95,71.2,25.0,2400.027136,0.8487,0x0,14,1
2026-03-28T14:11:06.017326,59.5,72.4,24.9,2400.023808,0.8487,0x0,15,3
2026-03-28T14:11:07.050172,58.95,70.3,24.8,2400.023808,0.8487,0x0,14,2
2026-03-28T14:11:08.074887,59.5,72.3,25.1,2400.017408,0.8487,0x0,14,2
2026-03-28T14:11:09.101096,60.05,70.3,24.9,2400.030464,0.8487,0x0,14,3
2026-03-28T14:11:10.120418,59.5,69.8,24.7,2400.030464,0.8487,0x0,14,2
2026-03-28T14:11:11.142607,58.95,74.2,24.8,2400.027136,0.8487,0x0,15,3
2026-03-28T14:11:12.164411,59.5,69.7,24.8,2400.03712,0.8487,0x0,14,2
2026-03-28T14:11:13.185230,61.15,71.3,24.8,2400.023808,0.8487,0x0,15,1
2026-03-28T14:11:14.205730,60.6,71.9,25.0,2400.03712,0.8487,0x0,15,1
2026-03-28T14:11:15.227705,59.5,69.6,24.9,2400.02048,0.8487,0x0,14,2
2026-03-28T14:11:16.253326,60.05,77.2,24.9,2400.02048,0.8487,0x0,15,1
2026-03-28T14:11:17.284621,59.5,71.7,25.2,2400.033792,0.8487,0x0,14,2
2026-03-28T14:11:18.409594,59.5,68.8,25.0,2400.033792,0.8487,0x0,14,2
2026-03-28T14:11:19.431751,58.95,71.2,25.0,2400.023808,0.8487,0x0,15,6
2026-03-28T14:11:20.469078,59.5,71.1,25.1,2400.030464,0.8487,0x0,14,3
2026-03-28T14:11:21.489026,59.5,69.0,25.0,2400.02048,0.8487,0x0,15,3
2026-03-28T14:11:22.521878,58.95,73.5,25.2,2400.027136,0.8487,0x0,16,3
2026-03-28T14:11:23.541783,60.05,71.0,24.8,2400.02048,0.8487,0x0,15,3
2026-03-28T14:11:24.578964,60.05,72.6,24.7,2400.027136,0.8487,0x0,15,
2026-03-28T14:11:25.606122,59.5,72.8,24.6,2400.033792,0.8487,0x0,15,2
2026-03-28T14:11:26.628255,58.4,71.0,25.0,2400.023808,0.8487,0x0,15,1
2026-03-28T14:11:27.649836,60.05,69.8,25.0,2400.03712,0.8487,0x0,14,2
2026-03-28T14:11:28.669980,60.6,72.8,25.1,2400.027136,0.8487,0x0,14,2
2026-03-28T14:11:29.691433,60.05,69.4,25.0,2400.033792,0.8487,0x0,15,3
2026-03-28T14:11:30.712900,58.95,72.0,24.7,2400.02048,0.8487,0x0,16,4
2026-03-28T14:11:31.741461,59.5,73.5,24.7,2400.02048,0.8487,0x0,14,2
2026-03-28T14:11:32.765728,61.15,69.1,24.7,2400.03712,0.8487,0x0,14,2
2026-03-28T14:11:33.787462,61.15,71.7,24.8,2400.03712,0.8487,0x0,15,1
2026-03-28T14:11:34.806938,60.6,72.4,24.7,2400.023808,0.8487,0x0,14,2
2026-03-28T14:11:35.826681,59.5,68.8,24.8,2400.027136,0.8487,0x0,14,2
2026-03-28T14:11:36.943313,60.6,70.1,25.1,2400.027136,0.8487,0x0,14,2
2026-03-28T14:11:37.968146,59.5,71.1,25.3,2400.017408,0.8487,0x0,15,3
2026-03-28T14:11:38.989331,58.95,68.9,25.2,2400.027136,0.8487,0x0,15,3
2026-03-28T14:11:40.019569,59.5,73.3,25.5,2400.023808,0.8487,0x0,14,2
2026-03-28T14:11:41.043929,60.05,77.2,25.3,2400.033792,0.8487,0x0,15,3
2026-03-28T14:11:42.070488,58.95,67.1,25.1,2400.03712,0.8487,0x0,14,2
2026-03-28T14:11:43.195482,61.7,73.0,25.1,2400.033792,0.8487,0x0,15,1
2026-03-28T14:11:44.217215,58.95,69.7,24.8,2400.02048,0.8487,0x0,15,3
2026-03-28T14:11:45.235351,58.95,68.2,24.7,2400.023808,0.8487,0x0,15,3
2026-03-28T14:11:46.255277,60.05,73.4,24.6,2400.030464,0.8487,0x0,14,2
2026-03-28T14:11:47.277695,61.7,70.0,24.7,2400.023808,0.8487,0x0,15,0
2026-03-28T14:11:48.301278,59.5,68.3,24.7,2400.030464,0.8487,0x0,14,2
2026-03-28T14:11:49.322051,60.6,72.6,24.8,2400.02048,0.8487,0x0,15,4
2026-03-28T14:11:50.342290,59.5,68.8,25.1,2400.027136,0.8487,0x0,15,3
2026-03-28T14:11:51.366999,60.05,70.1,25.2,2400.03712,0.8487,0x0,14,2
2026-03-28T14:11:52.387711,58.95,72.9,25.3,2400.027136,0.8487,0x0,15,
2026-03-28T14:11:53.411465,60.6,74.9,25.2,2400.023808,0.8487,0x0,14,2
2026-03-28T14:11:54.436371,60.05,70.3,25.1,2400.027136,0.8487,0x0,15,1
2026-03-28T14:11:55.462931,58.95,73.4,24.8,2400.027136,0.8487,0x0,15,3
2026-03-28T14:11:56.584865,58.95,69.8,24.9,2400.023808,0.8487,0x0,15,2
2026-03-28T14:11:57.605865,60.05,71.4,25.0,2400.030464,0.8487,0x0,15,2
2026-03-28T14:11:58.628193,60.05,71.4,24.9,2400.027136,0.8487,0x0,15,3
2026-03-28T14:11:59.650859,59.5,67.8,24.7,2400.02048,0.8487,0x0,15,2
2026-03-28T14:12:00.676692,58.95,73.3,24.6,2400.030464,0.8487,0x0,14,2
2026-03-28T14:12:01.706486,60.05,70.9,24.6,2400.030464,0.8487,0x0,14,2
2026-03-28T14:12:02.725800,58.4,70.0,24.5,2400.02048,0.8487,0x0,15,3
2026-03-28T14:12:03.744927,58.4,72.0,24.6,2400.030464,0.8487,0x0,16,2
2026-03-28T14:12:04.768193,58.95,69.9,24.9,2400.023808,0.8487,0x0,15,
2026-03-28T14:12:05.789630,60.05,75.3,25.2,2400.027136,0.8487,0x0,15,3
2026-03-28T14:12:06.816526,60.6,70.2,25.2,2400.027136,0.8487,0x0,15,3
2026-03-28T14:12:07.843288,60.05,69.9,25.1,2400.023808,0.8487,0x0,15,3
2026-03-28T14:12:08.861948,60.05,70.0,25.0,2400.027136,0.8487,0x0,14,2
2026-03-28T14:12:09.895964,60.05,71.2,24.9,2400.033792,0.8487,0x0,15,2
2026-03-28T14:12:10.921108,58.4,73.3,24.9,2400.027136,0.8487,0x0,15,1
2026-03-28T14:12:11.954210,58.95,72.3,25.2,2400.02048,0.8487,0x0,15,3
2026-03-28T14:12:12.974715,58.95,70.0,25.0,2400.02048,0.8487,0x0,15,3
2026-03-28T14:12:14.003752,60.6,70.0,24.9,2400.023808,0.8487,0x0,14,2
2026-03-28T14:12:15.024208,61.15,70.1,25.1,2400.033792,0.8487,0x0,15,2
2026-03-28T14:12:16.055098,58.95,73.4,25.4,2400.023808,0.8487,0x0,15,3
2026-03-28T14:12:17.076181,59.5,70.6,25.3,2400.02048,0.8487,0x0,14,1
2026-03-28T14:12:18.105846,57.85,70.4,25.2,2400.033792,0.8487,0x0,15,3
2026-03-28T14:12:19.124874,60.05,71.0,25.1,2400.023808,0.8487,0x0,14,2
2026-03-28T14:12:20.148245,59.5,70.1,24.9,2400.02048,0.8487,0x0,15,2
2026-03-28T14:12:21.169815,60.05,73.5,24.8,2400.030464,0.8487,0x0,15,3
2026-03-28T14:12:22.192867,59.5,70.3,24.4,2400.023808,0.8487,0x0,15,3
2026-03-28T14:12:23.216733,59.5,70.6,24.5,2400.030464,0.8487,0x0,15,3
2026-03-28T14:12:24.239150,59.5,72.4,24.8,2400.033792,0.8487,0x0,15,4
2026-03-28T14:12:25.261706,59.5,68.9,24.8,2400.030464,0.8487,0x0,15,3
2026-03-28T14:12:26.281206,59.5,71.7,24.9,2400.030464,0.8487,0x0,15,0
2026-03-28T14:12:27.302852,58.95,73.2,24.8,2400.033792,0.8487,0x0,15,3
2026-03-28T14:12:28.326535,59.5,69.2,24.7,2400.03712,0.8487,0x0,15,2
2026-03-28T14:12:29.453404,59.5,70.9,24.7,2400.033792,0.8487,0x0,15,3
2026-03-28T14:12:30.484385,59.5,74.0,24.9,2400.027136,0.8487,0x0,14,3
2026-03-28T14:12:31.510611,58.95,69.9,25.0,2400.033792,0.8487,0x0,14,2
2026-03-28T14:12:32.537914,59.5,75.9,25.1,2400.027136,0.8487,0x0,15,3
2026-03-28T14:12:33.562208,59.5,72.0,25.0,2400.03712,0.8487,0x0,15,1
2026-03-28T14:12:34.590051,60.05,68.7,24.6,2400.02048,0.8487,0x0,15,1
2026-03-28T14:12:35.608458,60.6,70.4,24.5,2400.027136,0.8487,0x0,15,2
2026-03-28T14:12:36.633416,59.5,73.0,24.5,2400.033792,0.8487,0x0,14,2
2026-03-28T14:12:37.653660,59.5,68.6,24.4,2400.027136,0.8487,0x0,15,3
2026-03-28T14:12:38.673121,59.5,72.0,24.7,2400.027136,0.8487,0x0,15,1
2026-03-28T14:12:39.692248,58.95,71.5,24.7,2400.033792,0.8487,0x0,14,1
2026-03-28T14:12:40.715864,60.6,69.5,24.7,2400.02048,0.8487,0x0,15,
2026-03-28T14:12:41.738230,60.6,73.5,24.6,2400.030464,0.8487,0x0,15,3
2026-03-28T14:12:42.759154,60.05,70.6,24.7,2400.017408,0.8487,0x0,15,1
2026-03-28T14:12:43.778749,59.5,69.5,24.6,2400.033792,0.8487,0x0,15,4
2026-03-28T14:12:44.802506,59.5,72.0,24.6,2400.030464,0.8487,0x0,14,2
2026-03-28T14:12:45.835950,61.15,70.6,24.6,2400.02048,0.8487,0x0,15,2
2026-03-28T14:12:46.857918,60.05,70.5,24.6,2400.03712,0.8487,0x0,15,1
2026-03-28T14:12:47.885970,60.05,72.0,24.6,2400.02048,0.8487,0x0,15,1
2026-03-28T14:12:48.916963,59.5,68.3,25.0,2400.027136,0.8487,0x0,15,3
2026-03-28T14:12:49.942203,60.6,71.5,24.9,2400.030464,0.8487,0x0,15,2
2026-03-28T14:12:50.967109,60.05,72.6,24.8,2400.027136,0.8487,0x0,15,4
2026-03-28T14:12:51.997400,59.5,68.3,24.9,2400.023808,0.8487,0x0,15,3
2026-03-28T14:12:53.020697,60.05,71.4,24.7,2400.02048,0.8487,0x0,16,2
2026-03-28T14:12:54.045290,58.95,72.1,24.7,2400.03712,0.8487,0x0,15,2
2026-03-28T14:12:55.072262,58.95,68.1,24.4,2400.033792,0.8487,0x0,15,2
2026-03-28T14:12:56.091117,61.15,72.8,24.3,2400.023808,0.8487,0x0,14,2
2026-03-28T14:12:57.111939,59.5,72.4,24.3,2400.033792,0.8487,0x0,15,
2026-03-28T14:12:58.139084,60.05,69.0,24.1,2400.02048,0.8487,0x0,15,4
2026-03-28T14:12:59.170231,58.95,75.5,24.2,2400.030464,0.8487,0x0,14,2
2026-03-28T14:13:00.192269,59.5,66.1,24.1,2400.02048,0.8487,0x0,15,
2026-03-28T14:13:01.222779,60.6,70.0,24.2,2400.02048,0.8487,0x0,15,
2026-03-28T14:13:02.242181,59.5,71.6,24.2,2400.017408,0.8487,0x0,15,2
2026-03-28T14:13:03.273186,58.95,71.1,24.5,2400.030464,0.8487,0x0,14,2
2026-03-28T14:13:04.293318,59.5,71.4,24.5,2400.033792,0.8487,0x0,15,
2026-03-28T14:13:05.315277,60.05,72.9,24.4,2400.027136,0.8487,0x0,15,
2026-03-28T14:13:06.345065,60.6,72.2,24.5,2400.02048,0.8487,0x0,15,
2026-03-28T14:13:07.367162,60.05,70.1,24.4,2400.03712,0.8487,0x0,14,2
2026-03-28T14:13:08.394021,60.6,71.9,24.5,2400.023808,0.8487,0x0,14,1
2026-03-28T14:13:09.417247,60.6,69.3,24.9,2400.027136,0.8487,0x0,14,4
2026-03-28T14:13:10.441748,60.6,71.2,24.9,2400.027136,0.8487,0x0,15,
2026-03-28T14:13:11.466891,61.15,72.9,24.6,2400.023808,0.8487,0x0,14,2
2026-03-28T14:13:12.494040,60.05,69.6,24.6,2400.027136,0.8487,0x0,15,1
2026-03-28T14:13:13.517238,59.5,69.5,24.6,2400.017408,0.8487,0x0,15,2
2026-03-28T14:13:14.550273,59.5,72.3,24.9,2400.023808,0.8487,0x0,15,3
2026-03-28T14:13:15.674969,58.95,69.7,24.7,2400.027136,0.8487,0x0,15,4
2026-03-28T14:13:16.692894,59.5,70.8,24.6,2400.023808,0.8487,0x0,15,1
2026-03-28T14:13:17.715307,61.15,71.0,24.7,2400.033792,0.8487,0x0,15,3
2026-03-28T14:13:18.738647,59.5,68.1,24.5,2400.02048,0.8487,0x0,15,1
2026-03-28T14:13:19.758009,60.05,72.7,24.7,2400.023808,0.8487,0x0,15,3
2026-03-28T14:13:20.778156,60.05,71.7,24.8,2400.023808,0.8487,0x0,15,1
2026-03-28T14:13:21.803981,58.95,70.9,25.0,2400.023808,0.8487,0x0,15,2
2026-03-28T14:13:22.825600,58.95,72.1,24.8,2400.023808,0.8487,0x0,15,3
2026-03-28T14:13:23.851303,58.95,68.9,24.5,2400.030464,0.8487,0x0,15,2
2026-03-28T14:13:24.874595,60.6,76.6,24.5,2400.027136,0.8487,0x0,15,3
2026-03-28T14:13:25.896012,61.7,73.7,24.7,2400.027136,0.8487,0x0,15,1
2026-03-28T14:13:26.924069,58.95,70.7,24.7,2400.02048,0.8487,0x0,15,
2026-03-28T14:13:27.945614,59.5,69.3,24.6,2400.02048,0.8487,0x0,15,1
2026-03-28T14:13:28.971020,59.5,71.1,24.6,2400.03712,0.8487,0x0,15,3
2026-03-28T14:13:30.001835,59.5,69.1,24.6,2400.023808,0.8487,0x0,14,3
2026-03-28T14:13:31.024217,60.6,71.9,24.6,2400.030464,0.8487,0x0,14,
2026-03-28T14:13:32.048409,60.6,73.0,24.8,2400.023808,0.8487,0x0,15,1
2026-03-28T14:13:33.082066,59.5,69.3,24.8,2400.02048,0.8487,0x0,15,2
2026-03-28T14:13:34.103367,60.05,70.7,25.2,2400.030464,0.8487,0x0,15,3
2026-03-28T14:13:35.125958,58.95,72.5,25.2,2400.027136,0.8487,0x0,16,4
2026-03-28T14:13:36.144822,60.6,70.3,24.7,2400.030464,0.8487,0x0,14,1
2026-03-28T14:13:37.166213,60.05,72.7,24.6,2400.02048,0.8487,0x0,15,3
2026-03-28T14:13:38.189924,60.05,70.5,24.4,2400.017408,0.8487,0x0,14,2
2026-03-28T14:13:39.211348,60.05,68.3,24.4,2400.033792,0.8487,0x0,14,2
2026-03-28T14:13:40.255305,58.95,73.2,24.7,2400.033792,0.8487,0x0,15,2
2026-03-28T14:13:41.274668,58.95,72.5,24.4,2400.027136,0.8487,0x0,15,
2026-03-28T14:13:42.292930,60.05,71.2,24.4,2400.027136,0.8487,0x0,15,3
2026-03-28T14:13:43.316027,60.6,71.5,24.6,2400.030464,0.8487,0x0,15,4
2026-03-28T14:13:44.341773,59.5,69.3,24.4,2400.02048,0.8487,0x0,15,3
2026-03-28T14:13:45.438213,58.95,72.0,24.9,2400.03712,0.8487,0x0,14,2
2026-03-28T14:13:46.462953,58.95,74.0,24.9,2400.023808,0.8487,0x0,15,3
2026-03-28T14:13:47.492876,58.95,68.6,25.2,2400.030464,0.8487,0x0,15,3
2026-03-28T14:13:48.511919,59.5,72.3,24.8,2400.02048,0.8487,0x0,15,3
2026-03-28T14:13:49.546960,60.05,73.7,24.5,2400.02048,0.8487,0x0,14,2
2026-03-28T14:13:50.570385,58.4,68.3,24.5,2400.027136,0.8487,0x0,15,2
2026-03-28T14:13:51.589964,60.05,71.5,24.4,2400.023808,0.8487,0x0,15,4
2026-03-28T14:13:52.613013,59.5,74.9,24.7,2400.030464,0.8487,0x0,15,
2026-03-28T14:13:53.635114,61.15,68.3,24.8,2400.027136,0.8487,0x0,14,2
2026-03-28T14:13:54.658995,61.15,70.9,24.7,2400.030464,0.8487,0x0,15,3
2026-03-28T14:13:55.679867,59.5,72.2,25.0,2400.017408,0.8487,0x0,14,2
2026-03-28T14:13:56.700190,59.5,68.1,24.9,2400.02048,0.8487,0x0,15,3
2026-03-28T14:13:57.724345,60.05,72.0,24.7,2400.023808,0.8487,0x0,15,3
2026-03-28T14:13:58.754238,58.4,70.9,24.6,2400.02048,0.8487,0x0,16,4
2026-03-28T14:13:59.773307,59.5,69.0,24.7,2400.023808,0.8487,0x0,15,1
2026-03-28T14:14:00.795208,61.15,74.8,24.7,2400.033792,0.8487,0x0,14,3
2026-03-28T14:14:01.819509,60.05,71.1,25.0,2400.02048,0.8487,0x0,15,
2026-03-28T14:14:02.845836,61.15,71.3,24.9,2400.030464,0.8487,0x0,15,3
2026-03-28T14:14:03.868962,59.5,71.1,24.7,2400.023808,0.8487,0x0,14,2
2026-03-28T14:14:04.893024,60.6,70.4,24.7,2400.03712,0.8487,0x0,15,3
2026-03-28T14:14:05.911868,60.6,70.0,24.9,2400.030464,0.8487,0x0,15,
2026-03-28T14:14:06.940435,59.5,73.2,24.9,2400.030464,0.8487,0x0,15,3
2026-03-28T14:14:07.971069,58.95,68.7,24.7,2400.033792,0.8487,0x0,14,2
2026-03-28T14:14:09.007016,60.05,69.9,24.7,2400.033792,0.8487,0x0,15,0
2026-03-28T14:14:10.026043,60.05,71.9,25.0,2400.033792,0.8487,0x0,15,
2026-03-28T14:14:11.060326,59.5,71.3,24.9,2400.027136,0.8487,0x0,15,3
2026-03-28T14:14:12.185796,59.5,70.4,24.7,2400.03712,0.8487,0x0,15,1
2026-03-28T14:14:13.205993,61.15,72.0,25.0,2400.030464,0.8487,0x0,15,4
2026-03-28T14:14:14.232834,60.05,75.0,24.6,2400.033792,0.8487,0x0,14,3
2026-03-28T14:14:15.253054,58.95,70.1,24.5,2400.030464,0.8487,0x0,16,4
2026-03-28T14:14:16.275022,59.5,73.4,24.5,2400.030464,0.8487,0x0,15,2
2026-03-28T14:14:17.296413,59.5,69.6,24.4,2400.02048,0.8487,0x0,15,1
2026-03-28T14:14:18.325719,60.6,72.2,24.5,2400.030464,0.8487,0x0,14,3
2026-03-28T14:14:19.345138,60.05,70.4,24.9,2400.02048,0.8487,0x0,15,1
2026-03-28T14:14:20.370372,61.15,70.1,24.8,2400.033792,0.8487,0x0,14,3
2026-03-28T14:14:21.395593,60.05,72.9,25.1,2400.02048,0.8487,0x0,15,3
2026-03-28T14:14:22.424143,60.05,70.4,25.4,2400.030464,0.8487,0x0,15,2
2026-03-28T14:14:23.544729,60.05,72.2,25.2,2400.030464,0.8487,0x0,16,1
2026-03-28T14:14:24.565437,59.5,72.1,25.1,2400.027136,0.8487,0x0,15,3
2026-03-28T14:14:25.588484,58.95,68.3,25.1,2400.033792,0.8487,0x0,14,2
2026-03-28T14:14:26.610975,60.05,71.1,25.3,2400.030464,0.8487,0x0,15,3
2026-03-28T14:14:27.634216,58.95,73.3,25.0,2400.027136,0.8487,0x0,15,3
2026-03-28T14:14:28.663939,58.95,70.6,24.8,2400.030464,0.8487,0x0,14,2
2026-03-28T14:14:29.694941,59.5,70.5,24.7,2400.02048,0.8487,0x0,14,3
2026-03-28T14:14:30.717969,60.05,72.8,24.8,2400.033792,0.8487,0x0,15,3
2026-03-28T14:14:31.738950,60.6,69.4,25.0,2400.023808,0.8487,0x0,14,2
2026-03-28T14:14:32.761574,58.95,69.9,24.9,2400.030464,0.8487,0x0,14,2
2026-03-28T14:14:33.794042,60.6,70.9,24.9,2400.033792,0.8487,0x0,15,4
2026-03-28T14:14:34.817550,60.05,69.3,25.3,2400.030464,0.8487,0x0,15,3
2026-03-28T14:14:35.838660,58.95,73.4,25.0,2400.02048,0.8487,0x0,15,3
2026-03-28T14:14:36.871353,59.5,70.9,25.1,2400.033792,0.8487,0x0,15,2
2026-03-28T14:14:37.901528,60.6,70.9,24.9,2400.03712,0.8487,0x0,14,2
2026-03-28T14:14:38.922958,60.05,77.7,24.8,2400.033792,0.8487,0x0,14,2
2026-03-28T14:14:39.944926,58.95,69.5,24.5,2400.023808,0.8487,0x0,15,2
2026-03-28T14:14:40.973792,58.95,72.2,24.6,2400.023808,0.8487,0x0,15,1
2026-03-28T14:14:41.997160,60.6,71.3,24.8,2400.027136,0.8487,0x0,15,3
2026-03-28T14:14:43.123686,58.95,69.4,24.6,2400.033792,0.8487,0x0,14,3
2026-03-28T14:14:44.147098,59.5,70.7,24.5,2400.033792,0.8487,0x0,15,4
2026-03-28T14:14:45.169517,58.95,69.8,24.5,2400.02048,0.8487,0x0,14,2
2026-03-28T14:14:46.194061,58.95,70.6,24.5,2400.033792,0.8487,0x0,14,2
2026-03-28T14:14:47.216935,59.5,70.0,24.7,2400.023808,0.8487,0x0,15,3
2026-03-28T14:14:48.241845,58.4,72.2,24.6,2400.017408,0.8487,0x0,15,4
2026-03-28T14:14:49.262551,58.95,69.8,24.4,2400.033792,0.8487,0x0,15,3
2026-03-28T14:14:50.282288,60.05,72.2,24.5,2400.027136,0.8487,0x0,14,3
2026-03-28T14:14:51.310144,59.5,71.3,24.4,2400.02048,0.8487,0x0,15,1
2026-03-28T14:14:52.335538,60.05,70.8,24.7,2400.027136,0.8487,0x0,15,0
2026-03-28T14:14:53.356321,59.5,73.4,24.9,2400.030464,0.8487,0x0,15,3
2026-03-28T14:14:54.378267,58.95,70.9,24.8,2400.02048,0.8487,0x0,15,4
2026-03-28T14:14:55.400075,58.95,69.1,25.3,2400.02048,0.8487,0x0,15,3
2026-03-28T14:14:56.427708,59.5,72.8,25.3,2400.030464,0.8487,0x0,14,3
2026-03-28T14:14:57.449228,58.95,70.4,25.1,2400.033792,0.8487,0x0,15,1
2026-03-28T14:14:58.475820,60.05,70.1,24.9,2400.027136,0.8487,0x0,15,1
2026-03-28T14:14:59.507874,60.6,73.4,24.5,2400.02048,0.8487,0x0,15,
2026-03-28T14:15:00.529969,59.5,70.0,24.5,2400.027136,0.8487,0x0,14,2
2026-03-28T14:15:01.565225,60.6,71.6,24.5,2400.03712,0.8487,0x0,15,
2026-03-28T14:15:02.589008,58.95,72.0,24.7,2400.030464,0.8487,0x0,15,3
2026-03-28T14:15:03.612601,60.05,68.7,24.4,2400.02048,0.8487,0x0,15,3
2026-03-28T14:15:04.635101,60.6,75.9,24.4,2400.030464,0.8487,0x0,14,2
2026-03-28T14:15:05.658376,59.5,73.3,24.3,2400.023808,0.8487,0x0,15,2
2026-03-28T14:15:06.686308,58.95,68.6,24.5,2400.033792,0.8487,0x0,15,3
2026-03-28T14:15:07.710924,59.5,71.3,24.7,2400.023808,0.8487,0x0,15,3
2026-03-28T14:15:08.736358,60.6,72.4,24.8,2400.03712,0.8487,0x0,15,1
2026-03-28T14:15:09.756029,61.15,67.7,24.8,2400.030464,0.8487,0x0,14,3
2026-03-28T14:15:10.780248,60.05,73.6,24.8,2400.033792,0.8487,0x0,15,3
2026-03-28T14:15:11.806629,59.5,71.7,24.8,2400.030464,0.8487,0x0,15,3
2026-03-28T14:15:12.834262,59.5,68.4,24.6,2400.027136,0.8487,0x0,15,2
2026-03-28T14:15:13.856144,58.95,71.1,24.5,2400.033792,0.8487,0x0,15,3
2026-03-28T14:15:14.880313,58.95,72.3,24.5,2400.03712,0.8487,0x0,14,2
2026-03-28T14:15:15.901305,59.5,70.5,24.4,2400.017408,0.8487,0x0,14,2
2026-03-28T14:15:16.922132,59.5,73.0,24.4,2400.030464,0.8487,0x0,15,3
2026-03-28T14:15:17.942560,59.5,71.2,24.2,2400.02048,0.8487,0x0,15,
2026-03-28T14:15:18.975256,60.6,69.9,24.3,2400.027136,0.8487,0x0,14,2
2026-03-28T14:15:20.019196,60.05,72.9,24.2,2400.02048,0.8487,0x0,15,
2026-03-28T14:15:21.043366,61.15,70.9,24.7,2400.033792,0.8487,0x0,14,3
2026-03-28T14:15:22.070964,58.95,72.0,24.8,2400.033792,0.8487,0x0,15,3
2026-03-28T14:15:23.092935,60.05,72.2,25.0,2400.02048,0.8487,0x0,14,2
2026-03-28T14:15:24.116250,59.5,68.7,25.0,2400.023808,0.8487,0x0,15,1
2026-03-28T14:15:25.135738,60.05,70.1,24.6,2400.033792,0.8487,0x0,14,3
2026-03-28T14:15:26.158755,60.6,73.5,24.8,2400.02048,0.8487,0x0,15,4
2026-03-28T14:15:27.176125,59.5,69.3,24.5,2400.023808,0.8487,0x0,14,2
2026-03-28T14:15:28.204217,61.15,74.1,24.6,2400.030464,0.8487,0x0,15,1
2026-03-28T14:15:29.233537,59.5,76.7,24.8,2400.023808,0.8487,0x0,15,2
2026-03-28T14:15:30.253188,60.05,68.1,24.5,2400.030464,0.8487,0x0,14,2
2026-03-28T14:15:31.274962,58.95,70.1,24.7,2400.027136,0.8487,0x0,15,1
2026-03-28T14:15:32.298940,61.15,72.3,24.5,2400.030464,0.8487,0x0,15,
2026-03-28T14:15:33.320217,60.05,68.2,24.5,2400.030464,0.8487,0x0,14,2
2026-03-28T14:15:34.345725,60.05,71.6,24.5,2400.027136,0.8487,0x0,14,2
2026-03-28T14:15:35.374950,58.95,71.7,24.4,2400.030464,0.8487,0x0,14,2
2026-03-28T14:15:36.395093,60.05,68.6,24.2,2400.023808,0.8487,0x0,15,3
2026-03-28T14:15:37.429567,60.05,71.5,24.3,2400.027136,0.8487,0x0,14,2
2026-03-28T14:15:38.452484,60.05,71.2,24.6,2400.03712,0.8487,0x0,15,1
2026-03-28T14:15:39.571616,60.05,63.9,24.6,2400.023808,0.8487,0x0,15,3
2026-03-28T14:15:40.594272,58.95,73.3,24.6,2400.027136,0.8487,0x0,15,
2026-03-28T14:15:41.627329,59.5,71.4,24.6,2400.023808,0.8487,0x0,15,3
2026-03-28T14:15:42.648833,60.6,70.5,24.5,2400.023808,0.8487,0x0,15,3
2026-03-28T14:15:43.675419,57.85,70.8,24.5,2400.023808,0.8487,0x0,15,3
2026-03-28T14:15:44.701340,58.95,70.5,24.5,2400.02048,0.8487,0x0,15,3
2026-03-28T14:15:45.722515,61.15,72.4,24.4,2400.030464,0.8487,0x0,15,3
2026-03-28T14:15:46.742820,59.5,72.0,24.4,2400.030464,0.8487,0x0,15,1
2026-03-28T14:15:47.769911,61.15,69.7,24.3,2400.023808,0.8487,0x0,14,2
2026-03-28T14:15:48.790250,60.6,69.1,24.6,2400.02048,0.8487,0x0,15,3
2026-03-28T14:15:49.811917,59.5,71.8,24.4,2400.03712,0.8487,0x0,14,2
2026-03-28T14:15:50.835315,59.5,69.9,24.5,2400.027136,0.8487,0x0,15,
2026-03-28T14:15:51.865944,58.95,71.3,24.3,2400.033792,0.8487,0x0,14,2
2026-03-28T14:15:52.890819,58.95,72.4,24.3,2400.033792,0.8487,0x0,15,3
2026-03-28T14:15:53.910783,59.5,68.5,24.3,2400.027136,0.8487,0x0,14,2
2026-03-28T14:15:54.934009,58.95,75.0,24.5,2400.030464,0.8487,0x0,14,3
2026-03-28T14:15:55.956976,59.5,72.3,24.8,2400.03712,0.8487,0x0,15,3
2026-03-28T14:15:56.993887,59.5,69.1,24.8,2400.027136,0.8487,0x0,14,2
2026-03-28T14:15:58.021828,60.6,72.3,24.7,2400.02048,0.8487,0x0,15,
2026-03-28T14:15:59.047180,58.95,71.0,24.7,2400.033792,0.8487,0x0,14,2
2026-03-28T14:16:00.075297,58.95,68.3,24.6,2400.027136,0.8487,0x0,16,4
2026-03-28T14:16:01.099051,58.95,72.7,24.6,2400.030464,0.8487,0x0,14,3
2026-03-28T14:16:02.125405,60.6,71.3,24.5,2400.033792,0.8487,0x0,15,3
2026-03-28T14:16:03.151150,59.5,71.0,24.7,2400.023808,0.8487,0x0,15,1
2026-03-28T14:16:04.173405,58.95,71.5,24.8,2400.023808,0.8487,0x0,14,2
2026-03-28T14:16:05.195015,58.95,69.3,25.1,2400.027136,0.8487,0x0,15,
2026-03-28T14:16:06.219071,58.95,72.6,25.1,2400.030464,0.8487,0x0,15,
2026-03-28T14:16:07.244646,60.05,75.1,24.8,2400.02048,0.8487,0x0,15,
2026-03-28T14:16:08.266019,60.6,69.3,24.8,2400.030464,0.8487,0x0,14,3
2026-03-28T14:16:09.287311,60.05,71.9,24.5,2400.030464,0.8487,0x0,15,3
2026-03-28T14:16:10.310187,58.95,72.8,24.4,2400.023808,0.8487,0x0,14,2
2026-03-28T14:16:11.334848,59.5,70.4,24.5,2400.03712,0.8487,0x0,15,
2026-03-28T14:16:12.358300,58.95,72.0,24.9,2400.033792,0.8487,0x0,15,3
2026-03-28T14:16:13.377353,60.05,71.8,25.0,2400.02048,0.8487,0x0,15,3
2026-03-28T14:16:14.397475,60.05,69.8,24.8,2400.033792,0.8487,0x0,14,2
2026-03-28T14:16:15.417265,60.6,71.4,25.3,2400.027136,0.8487,0x0,15,1
2026-03-28T14:16:16.445351,59.5,70.6,25.4,2400.027136,0.8487,0x0,15,3
2026-03-28T14:16:17.469256,58.4,70.6,25.0,2400.023808,0.8487,0x0,15,2
2026-03-28T14:16:18.488943,60.05,71.2,24.5,2400.03712,0.8487,0x0,15,3
2026-03-28T14:16:19.508654,58.95,71.2,24.2,2400.033792,0.8487,0x0,15,3
2026-03-28T14:16:20.530219,60.05,74.8,24.5,2400.03712,0.8487,0x0,14,2
2026-03-28T14:16:21.564125,60.6,74.4,24.7,2400.02048,0.8487,0x0,14,2
2026-03-28T14:16:22.594023,59.5,70.8,24.6,2400.02048,0.8487,0x0,15,
2026-03-28T14:16:23.613665,60.05,70.2,24.8,2400.030464,0.8487,0x0,14,2
2026-03-28T14:16:24.638840,59.5,72.5,24.9,2400.023808,0.8487,0x0,14,2
2026-03-28T14:16:25.660826,59.5,69.4,25.3,2400.033792,0.8487,0x0,15,2
2026-03-28T14:16:26.686295,58.95,71.4,25.1,2400.027136,0.8487,0x0,15,1
2026-03-28T14:16:27.712916,60.05,73.5,25.0,2400.033792,0.8487,0x0,14,2
2026-03-28T14:16:28.738412,60.05,67.8,24.6,2400.033792,0.8487,0x0,16,
2026-03-28T14:16:29.760796,59.5,70.5,24.5,2400.030464,0.8487,0x0,15,3
2026-03-28T14:16:30.782009,59.5,73.4,24.3,2400.033792,0.8487,0x0,15,3
2026-03-28T14:16:31.803950,60.05,69.3,24.2,2400.030464,0.8487,0x0,14,3
2026-03-28T14:16:32.822476,60.05,70.4,24.4,2400.033792,0.8487,0x0,15,1
2026-03-28T14:16:33.841703,59.5,72.5,24.5,2400.030464,0.8487,0x0,15,3
2026-03-28T14:16:34.866116,60.05,68.1,24.7,2400.027136,0.8487,0x0,15,
2026-03-28T14:16:35.898014,59.5,72.7,24.5,2400.03712,0.8487,0x0,15,3
2026-03-28T14:16:36.924270,60.05,73.3,24.5,2400.030464,0.8487,0x0,15,0
2026-03-28T14:16:37.945736,60.05,68.5,24.4,2400.033792,0.8487,0x0,14,2
2026-03-28T14:16:38.973988,59.5,71.2,24.6,2400.027136,0.8487,0x0,15,2
2026-03-28T14:16:40.006473,59.5,72.1,24.9,2400.023808,0.8487,0x0,15,
2026-03-28T14:16:41.030191,59.5,70.3,24.7,2400.033792,0.8487,0x0,15,2
2026-03-28T14:16:42.059719,60.6,71.4,24.7,2400.033792,0.8487,0x0,16,4
2026-03-28T14:16:43.191051,58.4,70.0,24.5,2400.027136,0.8487,0x0,15,3
2026-03-28T14:16:44.213461,59.5,69.5,24.7,2400.027136,0.8487,0x0,15,4
2026-03-28T14:16:45.236796,60.05,71.9,24.5,2400.030464,0.8487,0x0,15,3
2026-03-28T14:16:46.258951,59.5,75.5,24.5,2400.017408,0.8487,0x0,14,2
2026-03-28T14:16:47.280029,59.5,70.9,24.5,2400.023808,0.8487,0x0,14,2
2026-03-28T14:16:48.300456,60.05,71.1,24.5,2400.023808,0.8487,0x0,15,1
2026-03-28T14:16:49.330957,60.6,70.0,24.7,2400.030464,0.8487,0x0,14,2
2026-03-28T14:16:50.349358,58.95,70.6,24.8,2400.030464,0.8487,0x0,15,1
2026-03-28T14:16:51.369577,59.5,73.3,25.1,2400.030464,0.8487,0x0,14,2
2026-03-28T14:16:52.397928,58.95,70.2,24.8,2400.03712,0.8487,0x0,14,2
2026-03-28T14:16:53.418521,59.5,71.1,24.6,2400.023808,0.8487,0x0,15,3
2026-03-28T14:16:54.439608,58.95,71.7,24.7,2400.033792,0.8487,0x0,14,2
2026-03-28T14:16:55.468826,59.5,71.6,25.0,2400.023808,0.8487,0x0,15,
2026-03-28T14:16:56.503313,59.5,72.9,25.0,2400.027136,0.8487,0x0,14,2
2026-03-28T14:16:57.530366,58.4,71.1,24.9,2400.027136,0.8487,0x0,16,
2026-03-28T14:16:58.559111,58.4,68.8,24.8,2400.023808,0.8487,0x0,15,2
2026-03-28T14:16:59.589689,58.95,72.9,24.8,2400.017408,0.8487,0x0,14,2
2026-03-28T14:17:00.611405,58.4,69.8,24.8,2400.030464,0.8487,0x0,15,4
2026-03-28T14:17:01.640396,58.95,71.1,24.4,2400.02048,0.8487,0x0,14,2
2026-03-28T14:17:02.660913,58.95,73.5,24.2,2400.023808,0.8487,0x0,15,
2026-03-28T14:17:03.689991,59.5,70.6,24.3,2400.02048,0.8487,0x0,14,2
2026-03-28T14:17:04.709452,58.95,69.2,24.4,2400.027136,0.8487,0x0,14,4
2026-03-28T14:17:05.734123,60.05,73.9,24.9,2400.023808,0.8487,0x0,15,3
2026-03-28T14:17:06.761430,58.95,70.7,24.7,2400.030464,0.8487,0x0,14,2
2026-03-28T14:17:07.782292,59.5,73.6,24.9,2400.023808,0.8487,0x0,15,
2026-03-28T14:17:08.804472,61.15,72.0,25.0,2400.027136,0.8487,0x0,14,2
2026-03-28T14:17:09.826858,60.05,67.8,25.2,2400.033792,0.8487,0x0,15,3
2026-03-28T14:17:10.849436,58.95,70.8,24.8,2400.027136,0.8487,0x0,14,2
2026-03-28T14:17:11.874715,60.6,73.0,24.7,2400.02048,0.8487,0x0,14,2
2026-03-28T14:17:12.897298,59.5,67.3,24.6,2400.027136,0.8487,0x0,15,3
2026-03-28T14:17:13.921970,57.85,69.4,24.6,2400.030464,0.8487,0x0,14,2
2026-03-28T14:17:14.946414,58.95,70.8,24.4,2400.030464,0.8487,0x0,15,3
2026-03-28T14:17:15.967709,60.6,70.6,24.5,2400.027136,0.8487,0x0,15,3
2026-03-28T14:17:16.996021,60.6,71.3,24.6,2400.027136,0.8487,0x0,15,3
2026-03-28T14:17:18.024457,59.5,71.3,24.5,2400.023808,0.8487,0x0,15,1
2026-03-28T14:17:19.045338,59.5,71.6,24.5,2400.03712,0.8487,0x0,14,3
2026-03-28T14:17:20.070972,58.95,71.8,24.9,2400.023808,0.8487,0x0,15,2
2026-03-28T14:17:21.096120,58.95,72.8,24.9,2400.023808,0.8487,0x0,14,2
2026-03-28T14:17:22.121237,60.05,71.2,24.7,2400.02048,0.8487,0x0,14,2
2026-03-28T14:17:23.142657,58.4,70.9,24.7,2400.027136,0.8487,0x0,15,3
2026-03-28T14:17:24.174408,60.6,70.8,24.7,2400.030464,0.8487,0x0,14,2
2026-03-28T14:17:25.193910,58.95,70.5,24.4,2400.030464,0.8487,0x0,14,3
2026-03-28T14:17:26.216673,58.95,72.9,24.7,2400.023808,0.8487,0x0,15,2
2026-03-28T14:17:27.240518,60.6,68.3,25.1,2400.02048,0.8487,0x0,14,2
2026-03-28T14:17:28.263079,59.5,70.7,25.3,2400.027136,0.8487,0x0,15,4
2026-03-28T14:17:29.285248,60.05,71.7,25.1,2400.033792,0.8487,0x0,15,
2026-03-28T14:17:30.311761,59.5,70.2,24.7,2400.030464,0.8487,0x0,14,2
2026-03-28T14:17:31.341143,60.6,72.7,25.0,2400.030464,0.8487,0x0,15,
2026-03-28T14:17:32.361102,59.5,78.5,24.8,2400.030464,0.8487,0x0,14,2
2026-03-28T14:17:33.383417,60.05,67.3,24.6,2400.027136,0.8487,0x0,15,3
2026-03-28T14:17:34.414918,59.5,71.6,24.5,2400.033792,0.8487,0x0,14,2
2026-03-28T14:17:35.438952,60.05,71.7,24.6,2400.023808,0.8487,0x0,15,4
2026-03-28T14:17:36.467208,60.6,69.5,24.3,2400.023808,0.8487,0x0,14,3
2026-03-28T14:17:37.491237,59.5,71.4,24.5,2400.023808,0.8487,0x0,15,3
2026-03-28T14:17:38.518380,60.05,69.9,24.7,2400.030464,0.8487,0x0,15,1
2026-03-28T14:17:39.539788,58.95,67.8,24.7,2400.027136,0.8487,0x0,15,1
2026-03-28T14:17:40.572570,59.5,72.3,24.8,2400.030464,0.8487,0x0,15,2
2026-03-28T14:17:41.596436,57.85,70.5,25.1,2400.023808,0.8487,0x0,15,3
2026-03-28T14:17:42.618691,60.6,70.7,25.1,2400.033792,0.8487,0x0,15,2
2026-03-28T14:17:43.641865,60.6,72.5,24.9,2400.027136,0.8487,0x0,15,2
2026-03-28T14:17:44.662495,59.5,69.5,24.6,2400.02048,0.8487,0x0,15,4
2026-03-28T14:17:45.686965,59.5,70.9,24.4,2400.027136,0.8487,0x0,15,1
2026-03-28T14:17:46.717138,58.95,72.1,24.3,2400.033792,0.8487,0x0,15,3
2026-03-28T14:17:47.746972,57.85,67.8,24.6,2400.030464,0.8487,0x0,15,2
2026-03-28T14:17:48.770975,59.5,69.8,24.8,2400.02048,0.8487,0x0,15,2
2026-03-28T14:17:49.790737,58.95,71.3,24.5,2400.02048,0.8487,0x0,14,2
2026-03-28T14:17:50.812135,58.95,71.1,24.8,2400.030464,0.8487,0x0,15,4
2026-03-28T14:17:51.832037,58.4,70.7,24.7,2400.027136,0.8487,0x0,14,2
2026-03-28T14:17:52.855005,60.6,72.1,24.5,2400.02048,0.8487,0x0,15,2
2026-03-28T14:17:53.878954,58.95,68.0,24.6,2400.02048,0.8487,0x0,15,2
2026-03-28T14:17:54.903152,58.95,72.6,24.9,2400.027136,0.8487,0x0,15,
2026-03-28T14:17:55.928299,60.6,73.3,24.5,2400.033792,0.8487,0x0,15,1
2026-03-28T14:17:56.956219,60.6,69.3,24.4,2400.030464,0.8487,0x0,14,2
2026-03-28T14:17:57.977280,60.6,77.0,24.7,2400.033792,0.8487,0x0,15,4
2026-03-28T14:17:59.000084,59.5,71.1,24.9,2400.023808,0.8487,0x0,15,3
2026-03-28T14:18:00.028625,59.5,69.1,24.8,2400.033792,0.8487,0x0,15,3
2026-03-28T14:18:01.056427,57.85,74.8,24.7,2400.033792,0.8487,0x0,14,1
2026-03-28T14:18:02.087512,58.95,71.0,24.7,2400.023808,0.8487,0x0,14,2
2026-03-28T14:18:03.110593,58.95,68.9,24.6,2400.030464,0.8487,0x0,15,1
2026-03-28T14:18:04.130805,58.95,73.1,24.4,2400.03712,0.8487,0x0,14,2
2026-03-28T14:18:05.158590,60.05,69.6,24.4,2400.02048,0.8487,0x0,14,2
2026-03-28T14:18:06.187558,60.05,72.9,24.2,2400.023808,0.8487,0x0,14,2
2026-03-28T14:18:07.209753,60.6,72.4,24.2,2400.02048,0.8487,0x0,14,2
2026-03-28T14:18:08.232055,60.6,69.0,24.1,2400.023808,0.8487,0x0,14,2
2026-03-28T14:18:09.252011,59.5,70.4,24.1,2400.030464,0.8487,0x0,14,2
2026-03-28T14:18:10.271990,61.15,71.1,24.4,2400.027136,0.8487,0x0,14,2
2026-03-28T14:18:11.293891,57.85,68.2,24.6,2400.030464,0.8487,0x0,15,2
2026-03-28T14:18:12.316621,59.5,71.2,24.4,2400.02048,0.8487,0x0,15,
2026-03-28T14:18:13.339123,58.95,71.7,24.5,2400.030464,0.8487,0x0,14,2
2026-03-28T14:18:14.362592,59.5,68.8,24.7,2400.033792,0.8487,0x0,15,3
2026-03-28T14:18:15.385901,60.05,70.5,25.3,2400.023808,0.8487,0x0,15,1
2026-03-28T14:18:16.409726,59.5,73.5,25.0,2400.02048,0.8487,0x0,15,4
2026-03-28T14:18:17.429131,60.05,69.3,24.8,2400.027136,0.8487,0x0,14,2
2026-03-28T14:18:18.452796,59.5,72.0,24.7,2400.027136,0.8487,0x0,15,1
2026-03-28T14:18:19.478206,59.5,71.7,24.7,2400.030464,0.8487,0x0,15,1
2026-03-28T14:18:20.504535,59.5,69.0,24.8,2400.02048,0.8487,0x0,15,3
2026-03-28T14:18:21.537930,60.05,80.4,24.6,2400.023808,0.8487,0x0,15,
2026-03-28T14:18:22.567715,59.5,70.4,24.8,2400.027136,0.8487,0x0,15,4
2026-03-28T14:18:23.597894,58.4,68.3,25.0,2400.02048,0.8487,0x0,14,1
2026-03-28T14:18:24.636352,59.5,72.8,24.7,2400.023808,0.8487,0x0,15,4
2026-03-28T14:18:25.660855,57.85,69.5,24.8,2400.033792,0.8487,0x0,15,1
2026-03-28T14:18:26.685270,59.5,70.3,24.6,2400.030464,0.8487,0x0,15,2
2026-03-28T14:18:27.707833,60.05,72.3,24.8,2400.033792,0.8487,0x0,15,3
2026-03-28T14:18:28.734991,60.6,69.1,24.7,2400.030464,0.8487,0x0,15,4
2026-03-28T14:18:29.758964,61.15,68.5,24.6,2400.02048,0.8487,0x0,15,3
2026-03-28T14:18:30.779767,60.05,74.3,24.6,2400.030464,0.8487,0x0,14,1
2026-03-28T14:18:31.803265,60.6,70.1,24.6,2400.027136,0.8487,0x0,15,3
2026-03-28T14:18:32.829606,60.6,71.3,24.6,2400.027136,0.8487,0x0,15,1
2026-03-28T14:18:33.953113,59.5,67.6,24.6,2400.033792,0.8487,0x0,14,2
2026-03-28T14:18:34.975195,60.05,69.4,24.7,2400.023808,0.8487,0x0,15,1
2026-03-28T14:18:36.003457,58.95,71.1,24.5,2400.033792,0.8487,0x0,15,4
2026-03-28T14:18:37.027418,59.5,72.2,24.5,2400.033792,0.8487,0x0,14,2
2026-03-28T14:18:38.053998,59.5,69.8,24.5,2400.023808,0.8487,0x0,15,1
2026-03-28T14:18:39.078938,59.5,70.8,24.7,2400.027136,0.8487,0x0,15,3
2026-03-28T14:18:40.109052,60.6,71.6,24.6,2400.02048,0.8487,0x0,15,1
2026-03-28T14:18:41.129521,60.05,70.1,24.9,2400.033792,0.8487,0x0,14,2
2026-03-28T14:18:42.152615,58.95,71.5,25.0,2400.02048,0.8487,0x0,15,3
2026-03-28T14:18:43.175099,60.6,72.0,25.2,2400.023808,0.8487,0x0,14,2
2026-03-28T14:18:44.197497,59.5,71.0,25.1,2400.033792,0.8487,0x0,14,2
2026-03-28T14:18:45.220657,60.6,71.0,25.0,2400.02048,0.8487,0x0,15,3
2026-03-28T14:18:46.250380,60.05,71.6,24.6,2400.033792,0.8487,0x0,16,4
2026-03-28T14:18:47.272094,61.15,75.8,24.5,2400.023808,0.8487,0x0,15,3
2026-03-28T14:18:48.294569,60.6,77.4,24.3,2400.023808,0.8487,0x0,15,
2026-03-28T14:18:49.321388,60.05,69.5,24.8,2400.02048,0.8487,0x0,14,2
2026-03-28T14:18:50.346392,58.95,69.7,25.1,2400.033792,0.8487,0x0,15,1
2026-03-28T14:18:51.367704,60.6,72.8,24.9,2400.033792,0.8487,0x0,15,
2026-03-28T14:18:52.496479,59.5,71.1,24.9,2400.030464,0.8487,0x0,15,2
2026-03-28T14:18:53.522258,60.05,70.4,24.8,2400.030464,0.8487,0x0,14,2
2026-03-28T14:18:54.546364,59.5,71.7,24.5,2400.02048,0.8487,0x0,15,1
2026-03-28T14:18:55.576763,61.15,70.6,24.5,2400.033792,0.8487,0x0,15,
2026-03-28T14:18:56.600139,60.05,73.1,24.6,2400.027136,0.8487,0x0,15,1
2026-03-28T14:18:57.624535,58.4,71.1,24.4,2400.03712,0.8487,0x0,14,2
2026-03-28T14:18:58.645210,58.95,68.8,24.3,2400.017408,0.8487,0x0,15,2
2026-03-28T14:18:59.664191,59.5,70.0,24.6,2400.02048,0.8487,0x0,15,3
2026-03-28T14:19:00.688078,59.5,72.7,24.6,2400.030464,0.8487,0x0,15,3
2026-03-28T14:19:01.712369,58.95,68.8,24.5,2400.030464,0.8487,0x0,15,1
2026-03-28T14:19:02.732961,58.95,71.7,24.6,2400.027136,0.8487,0x0,15,3
2026-03-28T14:19:03.756256,59.5,70.4,24.5,2400.030464,0.8487,0x0,15,3
2026-03-28T14:19:04.780770,59.5,71.0,24.7,2400.027136,0.8487,0x0,14,4
2026-03-28T14:19:05.809502,58.95,73.9,24.7,2400.023808,0.8487,0x0,14,2
2026-03-28T14:19:06.833147,58.95,70.0,24.5,2400.02048,0.8487,0x0,15,
2026-03-28T14:19:07.852961,59.5,69.1,24.5,2400.023808,0.8487,0x0,15,2
2026-03-28T14:19:08.976288,58.95,73.4,24.5,2400.033792,0.8487,0x0,14,3
2026-03-28T14:19:09.996038,60.6,67.9,24.5,2400.02048,0.8487,0x0,14,2
2026-03-28T14:19:11.021671,58.95,74.3,24.5,2400.033792,0.8487,0x0,15,3
2026-03-28T14:19:12.053875,59.5,72.2,24.8,2400.03712,0.8487,0x0,15,3
2026-03-28T14:19:13.081754,58.95,68.2,25.2,2400.023808,0.8487,0x0,15,3
2026-03-28T14:19:14.111950,59.5,74.8,24.9,2400.027136,0.8487,0x0,15,
2026-03-28T14:19:15.144402,58.4,72.5,25.0,2400.033792,0.8487,0x0,15,3
2026-03-28T14:19:16.269032,59.5,70.0,24.7,2400.033792,0.8487,0x0,15,3
2026-03-28T14:19:17.289248,59.5,73.1,24.7,2400.033792,0.8487,0x0,15,2
2026-03-28T14:19:18.316716,59.5,71.9,24.7,2400.02048,0.8487,0x0,15,
2026-03-28T14:19:19.337672,60.05,69.6,24.5,2400.02048,0.8487,0x0,15,3
2026-03-28T14:19:20.372873,59.5,73.5,24.8,2400.023808,0.8487,0x0,15,4
2026-03-28T14:19:21.393673,60.6,70.1,25.0,2400.027136,0.8487,0x0,15,3
2026-03-28T14:19:22.421312,59.5,70.3,24.8,2400.033792,0.8487,0x0,15,3
2026-03-28T14:19:23.445731,60.05,72.2,24.9,2400.033792,0.8487,0x0,14,3
2026-03-28T14:19:24.470415,58.95,70.2,24.8,2400.030464,0.8487,0x0,15,2
2026-03-28T14:19:25.496311,60.05,70.6,24.5,2400.02048,0.8487,0x0,14,2
2026-03-28T14:19:26.516393,59.5,75.2,24.4,2400.030464,0.8487,0x0,15,2
2026-03-28T14:19:27.542484,60.6,69.9,24.3,2400.017408,0.8487,0x0,15,3
2026-03-28T14:19:28.568959,59.5,69.8,24.3,2400.02048,0.8487,0x0,15,
2026-03-28T14:19:29.591525,60.05,73.2,24.6,2400.033792,0.8487,0x0,14,2
2026-03-28T14:19:30.614403,60.6,70.6,24.9,2400.02048,0.8487,0x0,15,3
2026-03-28T14:19:31.638972,60.05,71.5,24.8,2400.033792,0.8487,0x0,15,3
2026-03-28T14:19:32.661180,60.05,73.1,24.9,2400.023808,0.8487,0x0,15,1
2026-03-28T14:19:33.685619,61.15,70.0,24.7,2400.030464,0.8487,0x0,14,2
2026-03-28T14:19:34.704976,58.95,70.8,24.6,2400.033792,0.8487,0x0,14,3
2026-03-28T14:19:35.736408,60.05,72.7,24.6,2400.017408,0.8487,0x0,14,2
2026-03-28T14:19:36.757194,60.6,70.4,24.4,2400.033792,0.8487,0x0,14,2
2026-03-28T14:19:37.780590,60.05,71.5,24.5,2400.02048,0.8487,0x0,15,4
2026-03-28T14:19:38.807649,60.05,70.1,24.5,2400.027136,0.8487,0x0,15,1
2026-03-28T14:19:39.829983,59.5,73.8,24.8,2400.023808,0.8487,0x0,15,3
2026-03-28T14:19:40.855771,59.5,75.1,25.1,2400.033792,0.8487,0x0,15,3
2026-03-28T14:19:41.880088,60.6,70.5,25.3,2400.027136,0.8487,0x0,15,2
2026-03-28T14:19:42.903022,60.6,69.6,24.8,2400.023808,0.8487,0x0,15,3
2026-03-28T14:19:43.951740,58.4,71.7,24.8,2400.02048,0.8487,0x0,15,3
2026-03-28T14:19:44.978030,61.7,69.8,24.9,2400.027136,0.8487,0x0,15,4
2026-03-28T14:19:46.010804,59.5,72.8,24.7,2400.030464,0.8487,0x0,15,4
2026-03-28T14:19:47.034962,58.95,72.1,24.6,2400.02048,0.8487,0x0,14,2
2026-03-28T14:19:48.065691,58.95,69.0,24.7,2400.023808,0.8487,0x0,15,
2026-03-28T14:19:49.094197,58.95,69.8,25.0,2400.02048,0.8487,0x0,14,2
2026-03-28T14:19:50.123955,60.05,73.7,24.9,2400.030464,0.8487,0x0,15,3
2026-03-28T14:19:51.146850,58.95,71.1,24.7,2400.030464,0.8487,0x0,15,2
2026-03-28T14:19:52.177167,58.95,70.9,24.5,2400.027136,0.8487,0x0,15,4
2026-03-28T14:19:53.198059,61.15,71.3,24.6,2400.023808,0.8487,0x0,14,2
2026-03-28T14:19:54.224592,58.4,70.2,24.3,2400.02048,0.8487,0x0,14,2
2026-03-28T14:19:55.247159,60.6,72.2,24.4,2400.030464,0.8487,0x0,15,3
2026-03-28T14:19:56.269591,60.6,71.9,24.2,2400.027136,0.8487,0x0,15,3
2026-03-28T14:19:57.293665,61.15,71.4,24.5,2400.030464,0.8487,0x0,15,2
2026-03-28T14:19:58.326395,61.15,71.6,24.5,2400.03712,0.8487,0x0,14,2
2026-03-28T14:19:59.348324,59.5,70.7,24.4,2400.023808,0.8487,0x0,14,3
2026-03-28T14:20:00.368771,60.05,70.1,24.7,2400.030464,0.8487,0x0,15,
2026-03-28T14:20:01.389756,60.05,73.3,25.0,2400.02048,0.8487,0x0,15,3
2026-03-28T14:20:02.414319,58.95,69.7,25.0,2400.030464,0.8487,0x0,15,1
2026-03-28T14:20:03.440368,60.6,72.0,24.8,2400.023808,0.8487,0x0,15,3
2026-03-28T14:20:04.466148,60.6,75.2,24.7,2400.023808,0.8487,0x0,15,3
2026-03-28T14:20:05.498485,58.95,73.2,24.9,2400.027136,0.8487,0x0,15,4
2026-03-28T14:20:06.525823,58.95,71.4,24.8,2400.03712,0.8487,0x0,14,2
2026-03-28T14:20:07.546158,59.5,70.9,24.6,2400.02048,0.8487,0x0,15,0
2026-03-28T14:20:08.573074,59.5,68.8,24.4,2400.02048,0.8487,0x0,15,4
2026-03-28T14:20:09.595879,59.5,70.4,24.6,2400.033792,0.8487,0x0,15,
2026-03-28T14:20:10.625910,58.95,71.1,24.7,2400.023808,0.8487,0x0,15,3
2026-03-28T14:20:11.648171,57.85,70.0,24.9,2400.033792,0.8487,0x0,14,2
2026-03-28T14:20:12.674690,58.95,71.1,24.7,2400.027136,0.8487,0x0,15,2
2026-03-28T14:20:13.805418,60.6,71.0,24.5,2400.017408,0.8487,0x0,15,1
2026-03-28T14:20:14.831036,60.6,69.7,24.8,2400.02048,0.8487,0x0,15,1
2026-03-28T14:20:15.854150,58.4,74.6,24.8,2400.030464,0.8487,0x0,14,2
2026-03-28T14:20:16.874706,59.5,69.6,24.9,2400.02048,0.8487,0x0,14,2
2026-03-28T14:20:17.897828,60.6,69.3,25.3,2400.023808,0.8487,0x0,15,1
2026-03-28T14:20:18.920295,60.6,71.7,25.2,2400.033792,0.8487,0x0,15,1
2026-03-28T14:20:20.050406,58.4,68.7,25.0,2400.03712,0.8487,0x0,15,3
2026-03-28T14:20:21.074100,58.95,73.0,24.7,2400.030464,0.8487,0x0,15,2
2026-03-28T14:20:22.094712,60.6,73.1,24.8,2400.017408,0.8487,0x0,15,4
2026-03-28T14:20:23.117806,58.95,66.8,24.8,2400.02048,0.8487,0x0,15,2
2026-03-28T14:20:24.136251,60.05,70.9,24.8,2400.033792,0.8487,0x0,15,2
2026-03-28T14:20:25.155891,58.95,73.1,24.6,2400.02048,0.8487,0x0,14,2
2026-03-28T14:20:26.179913,60.6,70.6,24.8,2400.030464,0.8487,0x0,15,1
2026-03-28T14:20:27.205733,59.5,73.0,25.0,2400.030464,0.8487,0x0,15,
2026-03-28T14:20:28.226953,59.5,72.0,25.2,2400.023808,0.8487,0x0,15,3
2026-03-28T14:20:29.245348,60.05,68.2,25.0,2400.023808,0.8487,0x0,16,4
2026-03-28T14:20:30.268601,61.15,74.4,24.7,2400.027136,0.8487,0x0,15,
2026-03-28T14:20:31.291255,61.15,73.6,24.7,2400.027136,0.8487,0x0,14,2
2026-03-28T14:20:32.311011,60.6,67.3,24.5,2400.030464,0.8487,0x0,15,3
2026-03-28T14:20:33.330092,60.6,72.2,24.6,2400.03712,0.8487,0x0,15,
2026-03-28T14:20:34.356754,59.5,71.8,24.6,2400.02048,0.8487,0x0,15,2
2026-03-28T14:20:35.379856,61.15,68.6,24.6,2400.02048,0.8487,0x0,15,1
2026-03-28T14:20:36.416511,59.5,73.1,25.0,2400.027136,0.8487,0x0,15,3
2026-03-28T14:20:37.444099,60.05,70.5,24.9,2400.02048,0.8487,0x0,15,1
2026-03-28T14:20:38.469897,60.6,69.2,24.8,2400.03712,0.8487,0x0,14,3
2026-03-28T14:20:39.498880,59.5,73.2,24.6,2400.023808,0.8487,0x0,14,1
2026-03-28T14:20:40.526682,60.05,71.6,25.1,2400.017408,0.8487,0x0,14,2
2026-03-28T14:20:41.545794,58.95,71.1,25.3,2400.033792,0.8487,0x0,14,2
2026-03-28T14:20:42.571346,59.5,73.3,25.0,2400.02048,0.8487,0x0,15,3
2026-03-28T14:20:43.595721,60.6,68.5,25.0,2400.030464,0.8487,0x0,14,2
2026-03-28T14:20:44.615465,58.95,69.1,24.9,2400.033792,0.8487,0x0,14,2
2026-03-28T14:20:45.637453,58.95,73.1,25.0,2400.030464,0.8487,0x0,14,2
2026-03-28T14:20:46.659144,58.95,69.1,24.8,2400.02048,0.8487,0x0,15,1
2026-03-28T14:20:47.682974,59.5,71.0,24.6,2400.027136,0.8487,0x0,14,3
2026-03-28T14:20:48.712273,58.95,70.9,24.7,2400.017408,0.8487,0x0,14,2
2026-03-28T14:20:49.732842,58.95,69.6,24.4,2400.02048,0.8487,0x0,15,1
2026-03-28T14:20:50.754451,59.5,71.6,24.4,2400.027136,0.8487,0x0,15,1
2026-03-28T14:20:51.780198,60.05,71.4,24.5,2400.030464,0.8487,0x0,14,3
2026-03-28T14:20:52.801847,59.5,68.3,25.1,2400.027136,0.8487,0x0,15,4
2026-03-28T14:20:53.825451,59.5,78.4,25.1,2400.03712,0.8487,0x0,14,2
2026-03-28T14:20:54.855912,58.4,73.0,24.8,2400.02048,0.8487,0x0,15,3
2026-03-28T14:20:55.878063,58.95,71.0,24.8,2400.023808,0.8487,0x0,15,3
2026-03-28T14:20:56.904947,60.05,73.2,24.6,2400.023808,0.8487,0x0,15,3
2026-03-28T14:20:57.927039,60.6,70.1,24.6,2400.023808,0.8487,0x0,15,2
2026-03-28T14:20:58.948243,60.05,70.1,24.6,2400.023808,0.8487,0x0,14,2
2026-03-28T14:20:59.973914,58.95,72.8,24.5,2400.017408,0.8487,0x0,15,2
2026-03-28T14:21:00.997041,60.05,71.3,24.6,2400.027136,0.8487,0x0,15,3
2026-03-28T14:21:02.018486,60.05,70.8,24.5,2400.02048,0.8487,0x0,15,2
2026-03-28T14:21:03.046262,59.5,71.2,24.4,2400.030464,0.8487,0x0,15,2
2026-03-28T14:21:04.073217,59.5,69.7,24.7,2400.027136,0.8487,0x0,15,1
2026-03-28T14:21:05.094466,59.5,71.1,24.5,2400.03712,0.8487,0x0,15,1
2026-03-28T14:21:06.116108,60.6,74.8,24.9,2400.02048,0.8487,0x0,15,3
2026-03-28T14:21:07.144304,59.5,69.9,24.9,2400.030464,0.8487,0x0,15,3
2026-03-28T14:21:08.168353,60.05,70.6,24.8,2400.02048,0.8487,0x0,15,
2026-03-28T14:21:09.189334,58.4,73.2,24.9,2400.030464,0.8487,0x0,15,2
2026-03-28T14:21:10.210044,58.95,68.8,24.7,2400.030464,0.8487,0x0,15,2
2026-03-28T14:21:11.234054,58.95,71.4,24.7,2400.017408,0.8487,0x0,15,1
2026-03-28T14:21:12.260233,59.5,73.2,24.6,2400.023808,0.8487,0x0,14,2
2026-03-28T14:21:13.280213,60.05,70.6,24.7,2400.02048,0.8487,0x0,14,2
2026-03-28T14:21:14.301308,59.5,74.0,24.4,2400.02048,0.8487,0x0,15,2
2026-03-28T14:21:15.326749,58.95,70.2,24.6,2400.02048,0.8487,0x0,15,2
2026-03-28T14:21:16.351011,58.95,72.0,24.7,2400.023808,0.8487,0x0,14,2
2026-03-28T14:21:17.373700,60.05,71.9,24.6,2400.017408,0.8487,0x0,15,1
2026-03-28T14:21:18.407724,60.05,69.3,24.9,2400.033792,0.8487,0x0,14,2
2026-03-28T14:21:19.429521,59.5,75.2,25.1,2400.03712,0.8487,0x0,15,2
2026-03-28T14:21:20.449932,59.5,73.0,24.9,2400.027136,0.8487,0x0,14,2
2026-03-28T14:21:21.579911,59.5,70.3,24.8,2400.02048,0.8487,0x0,14,2
2026-03-28T14:21:22.610078,59.5,71.3,24.8,2400.027136,0.8487,0x0,15,
2026-03-28T14:21:23.634786,59.5,73.0,25.1,2400.033792,0.8487,0x0,14,2
2026-03-28T14:21:24.659024,61.15,70.9,25.2,2400.033792,0.8487,0x0,15,
2026-03-28T14:21:25.681496,60.05,72.6,24.9,2400.033792,0.8487,0x0,15,3
2026-03-28T14:21:26.711905,58.95,71.1,24.8,2400.02048,0.8487,0x0,14,2
2026-03-28T14:21:27.735691,60.6,69.7,24.7,2400.02048,0.8487,0x0,15,3
2026-03-28T14:21:28.757289,61.15,71.5,24.7,2400.033792,0.8487,0x0,14,2
2026-03-28T14:21:29.876332,60.05,70.5,24.6,2400.03712,0.8487,0x0,14,2
2026-03-28T14:21:30.894763,59.5,70.7,25.0,2400.023808,0.8487,0x0,15,3
2026-03-28T14:21:31.917036,60.6,72.1,24.9,2400.027136,0.8487,0x0,14,2
2026-03-28T14:21:32.943592,60.6,70.7,24.5,2400.023808,0.8487,0x0,15,3
2026-03-28T14:21:33.963779,59.5,69.4,24.5,2400.030464,0.8487,0x0,15,2
2026-03-28T14:21:34.989807,58.95,72.1,24.5,2400.027136,0.8487,0x0,15,
2026-03-28T14:21:36.012173,59.5,69.8,24.8,2400.033792,0.8487,0x0,15,1
2026-03-28T14:21:37.040413,60.05,71.7,25.1,2400.033792,0.8487,0x0,14,2
2026-03-28T14:21:38.060042,60.05,74.0,25.0,2400.02048,0.8487,0x0,14,2
2026-03-28T14:21:39.077520,60.05,68.6,25.0,2400.027136,0.8487,0x0,14,2
2026-03-28T14:21:40.097672,59.5,70.8,25.0,2400.027136,0.8487,0x0,15,4
2026-03-28T14:21:41.123131,58.95,73.8,25.1,2400.03712,0.8487,0x0,15,3
2026-03-28T14:21:42.146183,58.4,69.6,25.2,2400.02048,0.8487,0x0,15,3
2026-03-28T14:21:43.176305,60.6,71.3,25.2,2400.02048,0.8487,0x0,15,1
