timestamp,temperature_C,cpu_percent,memory_percent,cpu_freq_MHz,cpu_voltage_V,throttled_flags_hex,num_threads,running_threads
2026-03-28T15:10:49.090217,50.15,66.7,25.3,2400.033792,0.8487,0x0,1,1
2026-03-28T15:10:50.107702,48.5,35.0,26.0,2400.03712,0.8487,0x0,4,1
2026-03-28T15:10:51.126576,50.15,46.6,26.5,2400.027136,0.8487,0x0,10,1
2026-03-28T15:10:52.144852,50.15,35.3,27.0,2400.02048,0.8487,0x0,21,0
2026-03-28T15:10:53.161938,51.8,52.9,27.3,2400.030464,0.8487,0x0,22,4
2026-03-28T15:10:54.189782,51.25,84.1,27.3,2400.030464,0.8487,0x0,22,2
2026-03-28T15:10:55.230103,52.35,78.5,27.6,2400.03712,0.8487,0x0,21,3
2026-03-28T15:10:56.249633,52.35,84.1,27.8,2400.027136,0.8487,0x0,21,3
2026-03-28T15:10:57.281769,52.35,82.9,27.6,2400.027136,0.8487,0x0,22,2
2026-03-28T15:10:58.304358,53.45,82.8,27.5,2400.02048,0.8487,0x0,22,1
2026-03-28T15:10:59.347282,53.45,84.9,27.6,2400.033792,0.8487,0x0,23,
2026-03-28T15:11:00.369921,54.0,83.8,27.4,2400.027136,0.8487,0x0,21,2
2026-03-28T15:11:01.403853,52.9,84.4,27.9,2400.033792,0.8487,0x0,21,3
2026-03-28T15:11:02.435616,54.55,81.6,28.0,2400.023808,0.8487,0x0,21,1
2026-03-28T15:11:03.460399,53.45,80.5,27.9,2400.027136,0.8487,0x0,21,3
2026-03-28T15:11:04.487862,55.65,81.5,28.3,2400.033792,0.8487,0x0,22,2
2026-03-28T15:11:05.520284,55.65,81.2,28.2,2400.030464,0.8487,0x0,22,4
2026-03-28T15:11:06.544543,54.55,83.9,28.0,2400.030464,0.8487,0x0,22,2
2026-03-28T15:11:07.568120,54.55,81.0,27.5,2400.030464,0.8487,0x0,22,4
2026-03-28T15:11:08.590240,55.1,80.6,27.4,2400.023808,0.8487,0x0,21,1
2026-03-28T15:11:09.613775,55.65,81.8,27.3,2400.030464,0.8487,0x0,21,4
2026-03-28T15:11:10.637932,55.65,81.6,27.5,2400.027136,0.8487,0x0,21,3
2026-03-28T15:11:11.663586,55.1,87.5,27.8,2400.033792,0.8487,0x0,21,1
2026-03-28T15:11:12.683528,56.2,80.5,27.7,2400.033792,0.8487,0x0,21,3
2026-03-28T15:11:13.710479,55.1,81.3,27.5,2400.027136,0.8487,0x0,21,3
2026-03-28T15:11:14.735196,54.0,80.2,27.3,2400.027136,0.8487,0x0,22,4
2026-03-28T15:11:15.759531,56.75,81.6,27.0,2400.030464,0.8487,0x0,22,5
2026-03-28T15:11:16.781629,56.2,80.5,27.0,2400.033792,0.8487,0x0,21,3
2026-03-28T15:11:17.808783,56.2,80.9,26.8,2400.030464,0.8487,0x0,22,
2026-03-28T15:11:18.837287,56.75,81.7,26.8,2400.030464,0.8487,0x0,21,3
2026-03-28T15:11:19.862262,56.2,83.8,26.9,2400.027136,0.8487,0x0,22,
2026-03-28T15:11:20.885652,56.2,83.1,26.8,2400.033792,0.8487,0x0,22,4
2026-03-28T15:11:21.907256,56.75,80.1,26.9,2400.027136,0.8487,0x0,22,4
2026-03-28T15:11:22.933988,57.3,81.4,26.9,2400.027136,0.8487,0x0,22,3
2026-03-28T15:11:23.961859,55.65,80.8,26.7,2400.033792,0.8487,0x0,22,2
2026-03-28T15:11:24.984809,55.65,80.9,26.4,2400.023808,0.8487,0x0,21,1
2026-03-28T15:11:26.006298,56.2,79.6,26.6,2400.023808,0.8487,0x0,22,1
2026-03-28T15:11:27.034112,56.75,81.9,26.8,2400.023808,0.8487,0x0,22,4
2026-03-28T15:11:28.065752,56.75,81.6,26.7,2400.023808,0.8487,0x0,23,
2026-03-28T15:11:29.095603,55.65,80.5,26.6,2400.02048,0.8487,0x0,22,4
2026-03-28T15:11:30.120514,57.3,82.3,26.6,2400.027136,0.8487,0x0,21,1
2026-03-28T15:11:31.141867,56.75,80.5,26.5,2400.02048,0.8487,0x0,21,3
2026-03-28T15:11:32.170963,56.2,81.4,26.4,2400.030464,0.8487,0x0,22,2
2026-03-28T15:11:33.197000,57.3,80.6,26.5,2400.033792,0.8487,0x0,22,
2026-03-28T15:11:34.219731,58.95,80.9,26.4,2400.027136,0.8487,0x0,22,5
2026-03-28T15:11:35.244439,58.95,82.5,26.5,2400.027136,0.8487,0x0,21,2
2026-03-28T15:11:36.369960,57.85,81.7,26.6,2400.027136,0.8487,0x0,21,3
2026-03-28T15:11:37.392608,57.3,80.5,26.6,2400.033792,0.8487,0x0,22,2
2026-03-28T15:11:38.416696,56.75,80.9,26.7,2400.027136,0.8487,0x0,21,3
2026-03-28T15:11:39.440592,58.95,82.4,26.7,2400.027136,0.8487,0x0,21,3
2026-03-28T15:11:40.478747,56.75,80.9,26.7,2400.017408,0.8487,0x0,22,4
2026-03-28T15:11:41.501215,57.3,82.2,26.8,2400.030464,0.8487,0x0,21,4
2026-03-28T15:11:42.523763,56.75,81.9,27.2,2400.02048,0.8487,0x0,21,3
2026-03-28T15:11:43.554470,58.4,80.9,27.9,2400.023808,0.8487,0x0,22,4
2026-03-28T15:11:44.573152,59.5,80.8,28.0,2400.023808,0.8487,0x0,21,3
2026-03-28T15:11:45.607258,58.4,81.5,27.9,2400.030464,0.8487,0x0,21,3
2026-03-28T15:11:46.626531,58.4,84.4,27.8,2400.030464,0.8487,0x0,22,4
2026-03-28T15:11:47.652433,59.5,80.4,27.9,2400.030464,0.8487,0x0,22,5
2026-03-28T15:11:48.674571,58.4,79.7,27.7,2400.027136,0.8487,0x0,21,3
2026-03-28T15:11:49.709979,58.4,80.2,27.5,2400.02048,0.8487,0x0,22,1
2026-03-28T15:11:50.733040,58.4,80.5,27.4,2400.030464,0.8487,0x0,21,3
2026-03-28T15:11:51.764621,57.85,82.4,27.3,2400.027136,0.8487,0x0,21,
2026-03-28T15:11:52.790090,59.5,82.4,27.4,2400.027136,0.8487,0x0,21,4
2026-03-28T15:11:53.812019,57.85,80.7,27.4,2400.033792,0.8487,0x0,22,4
2026-03-28T15:11:54.861286,58.4,81.5,27.4,2400.027136,0.8487,0x0,22,5
2026-03-28T15:11:55.886024,57.85,80.8,27.3,2400.027136,0.8487,0x0,21,3
2026-03-28T15:11:56.917401,58.95,82.4,27.3,2400.023808,0.8487,0x0,22,4
2026-03-28T15:11:57.944569,58.95,81.0,27.4,2400.033792,0.8487,0x0,23,6
2026-03-28T15:11:58.970842,57.85,80.7,27.3,2400.027136,0.8487,0x0,22,4
2026-03-28T15:11:59.993709,60.05,80.7,27.7,2400.030464,0.8487,0x0,21,3
2026-03-28T15:12:01.017260,58.4,84.2,27.6,2400.030464,0.8487,0x0,21,3
2026-03-28T15:12:02.042272,58.95,81.0,27.5,2400.030464,0.8487,0x0,22,2
2026-03-28T15:12:03.066939,60.05,80.8,27.8,2400.033792,0.8487,0x0,21,2
2026-03-28T15:12:04.085872,58.95,80.2,27.6,2400.030464,0.8487,0x0,23,3
2026-03-28T15:12:05.107013,58.4,80.3,27.5,2400.02048,0.8487,0x0,21,3
2026-03-28T15:12:06.139257,58.4,81.5,27.3,2400.02048,0.8487,0x0,21,1
2026-03-28T15:12:07.164862,58.4,82.5,27.2,2400.023808,0.8487,0x0,21,3
2026-03-28T15:12:08.189593,59.5,80.4,27.0,2400.030464,0.8487,0x0,21,2
2026-03-28T15:12:09.212640,58.4,81.6,27.0,2400.027136,0.8487,0x0,21,3
2026-03-28T15:12:10.240347,57.85,82.8,27.0,2400.02048,0.8487,0x0,21,1
2026-03-28T15:12:11.273364,58.95,82.0,27.5,2400.02048,0.8487,0x0,21,2
2026-03-28T15:12:12.296154,59.5,82.5,27.3,2400.023808,0.8487,0x0,22,4
2026-03-28T15:12:13.318575,58.95,81.7,27.3,2400.033792,0.8487,0x0,21,2
2026-03-28T15:12:14.345685,60.05,80.5,27.0,2400.02048,0.8487,0x0,22,6
2026-03-28T15:12:15.368852,58.95,80.1,26.9,2400.03712,0.8487,0x0,21,3
2026-03-28T15:12:16.398225,58.95,82.4,26.8,2400.030464,0.8487,0x0,21,3
2026-03-28T15:12:17.426116,58.4,81.3,26.9,2400.033792,0.8487,0x0,22,2
2026-03-28T15:12:18.449759,60.6,81.5,27.2,2400.030464,0.8487,0x0,21,0
2026-03-28T15:12:19.472005,59.5,80.7,27.0,2400.02048,0.8487,0x0,21,3
2026-03-28T15:12:20.492444,58.95,80.0,27.0,2400.030464,0.8487,0x0,21,3
2026-03-28T15:12:21.521459,60.05,82.6,27.0,2400.02048,0.8487,0x0,21,3
2026-03-28T15:12:22.542065,60.6,81.9,27.0,2400.027136,0.8487,0x0,22,2
2026-03-28T15:12:23.569667,58.95,80.1,26.9,2400.030464,0.8487,0x0,21,1
2026-03-28T15:12:24.592761,59.5,81.9,26.9,2400.02048,0.8487,0x0,21,3
2026-03-28T15:12:25.622513,60.05,81.5,26.9,2400.023808,0.8487,0x0,22,1
2026-03-28T15:12:26.648083,61.15,80.6,26.9,2400.023808,0.8487,0x0,22,4
2026-03-28T15:12:27.672294,58.95,80.7,27.0,2400.030464,0.8487,0x0,22,3
2026-03-28T15:12:28.705843,58.4,81.2,27.3,2400.027136,0.8487,0x0,21,1
2026-03-28T15:12:29.737670,59.5,81.5,27.4,2400.030464,0.8487,0x0,22,4
2026-03-28T15:12:30.766604,59.5,82.7,27.3,2400.02048,0.8487,0x0,21,3
2026-03-28T15:12:31.801218,59.5,82.6,27.1,2400.030464,0.8487,0x0,22,
2026-03-28T15:12:32.824542,59.5,81.6,26.9,2400.033792,0.8487,0x0,21,3
2026-03-28T15:12:33.854336,58.95,80.7,27.2,2400.023808,0.8487,0x0,22,4
2026-03-28T15:12:34.876870,58.4,82.7,27.4,2400.023808,0.8487,0x0,22,4
2026-03-28T15:12:35.897596,59.5,82.2,27.2,2400.023808,0.8487,0x0,21,1
2026-03-28T15:12:36.920877,60.05,81.3,26.9,2400.033792,0.8487,0x0,22,3
2026-03-28T15:12:37.945483,59.5,81.3,26.5,2400.030464,0.8487,0x0,21,2
2026-03-28T15:12:38.964271,59.5,81.4,26.5,2400.033792,0.8487,0x0,21,0
2026-03-28T15:12:39.983654,60.05,80.7,26.4,2400.030464,0.8487,0x0,21,2
2026-03-28T15:12:41.108604,58.4,80.5,26.4,2400.017408,0.8487,0x0,22,4
2026-03-28T15:12:42.131766,58.95,81.4,26.7,2400.033792,0.8487,0x0,22,4
2026-03-28T15:12:43.156443,59.5,81.4,26.6,2400.027136,0.8487,0x0,21,1
2026-03-28T15:12:44.179938,60.05,80.6,26.6,2400.033792,0.8487,0x0,21,3
2026-03-28T15:12:45.205925,59.5,81.0,26.7,2400.027136,0.8487,0x0,21,3
2026-03-28T15:12:46.234727,60.05,82.8,26.8,2400.033792,0.8487,0x0,21,1
2026-03-28T15:12:47.358945,60.05,81.5,27.4,2400.033792,0.8487,0x0,22,4
2026-03-28T15:12:48.382448,58.95,82.5,27.4,2400.02048,0.8487,0x0,22,1
2026-03-28T15:12:49.404023,60.6,80.7,27.0,2400.030464,0.8487,0x0,21,3
2026-03-28T15:12:50.446109,60.05,82.2,26.6,2400.030464,0.8487,0x0,22,5
2026-03-28T15:12:51.471829,58.4,82.2,26.6,2400.030464,0.8487,0x0,21,3
2026-03-28T15:12:52.502138,58.95,80.3,26.6,2400.027136,0.8487,0x0,22,1
2026-03-28T15:12:53.524598,60.05,80.1,27.0,2400.033792,0.8487,0x0,22,4
2026-03-28T15:12:54.548401,58.4,80.0,27.4,2400.023808,0.8487,0x0,21,3
2026-03-28T15:12:55.580347,61.15,81.2,27.6,2400.02048,0.8487,0x0,21,3
2026-03-28T15:12:56.602776,59.5,81.6,28.1,2400.023808,0.8487,0x0,21,3
2026-03-28T15:12:57.628805,60.6,82.0,27.7,2400.02048,0.8487,0x0,21,4
2026-03-28T15:12:58.650716,61.7,79.7,27.6,2400.027136,0.8487,0x0,21,2
2026-03-28T15:12:59.728481,60.6,81.6,27.7,2400.033792,0.8487,0x0,21,0
2026-03-28T15:13:00.768390,58.95,81.0,27.1,2400.027136,0.8487,0x0,21,1
2026-03-28T15:13:01.790756,59.5,80.7,26.8,2400.033792,0.8487,0x0,22,4
2026-03-28T15:13:02.818853,59.5,82.1,26.8,2400.017408,0.8487,0x0,21,2
2026-03-28T15:13:03.853178,59.5,80.4,26.7,2400.030464,0.8487,0x0,21,3
2026-03-28T15:13:04.873183,60.05,81.0,26.7,2400.030464,0.8487,0x0,21,1
2026-03-28T15:13:05.899501,61.7,79.4,26.5,2400.033792,0.8487,0x0,21,3
2026-03-28T15:13:06.920129,61.15,82.1,26.6,2400.030464,0.8487,0x0,21,
2026-03-28T15:13:07.942302,60.05,82.3,26.7,2400.03712,0.8487,0x0,22,4
2026-03-28T15:13:08.964249,60.05,80.8,26.6,2400.023808,0.8487,0x0,22,4
2026-03-28T15:13:09.997046,59.5,80.0,26.5,2400.030464,0.8487,0x0,21,3
2026-03-28T15:13:11.023282,61.15,81.7,26.5,2400.030464,0.8487,0x0,22,1
2026-03-28T15:13:12.048573,59.5,80.4,26.5,2400.033792,0.8487,0x0,22,1
2026-03-28T15:13:13.085649,58.95,81.7,26.6,2400.027136,0.8487,0x0,21,3
2026-03-28T15:13:14.110531,59.5,81.0,26.7,2400.033792,0.8487,0x0,22,4
2026-03-28T15:13:15.136238,61.15,81.3,26.8,2400.027136,0.8487,0x0,21,3
2026-03-28T15:13:16.161662,60.05,82.6,26.7,2400.017408,0.8487,0x0,21,3
2026-03-28T15:13:17.182406,60.05,81.2,26.7,2400.03712,0.8487,0x0,21,3
2026-03-28T15:13:18.214702,60.05,82.7,26.7,2400.030464,0.8487,0x0,21,4
2026-03-28T15:13:19.247450,60.05,81.9,26.9,2400.02048,0.8487,0x0,21,3
2026-03-28T15:13:20.268571,61.15,80.1,26.8,2400.02048,0.8487,0x0,21,3
2026-03-28T15:13:21.290631,58.95,81.6,26.7,2400.03712,0.8487,0x0,22,3
2026-03-28T15:13:22.320161,61.15,81.4,27.0,2400.023808,0.8487,0x0,21,3
2026-03-28T15:13:23.345197,60.05,81.5,27.5,2400.017408,0.8487,0x0,21,3
2026-03-28T15:13:24.383982,60.05,83.1,27.7,2400.033792,0.8487,0x0,21,1
2026-03-28T15:13:25.481382,60.6,81.1,27.8,2400.027136,0.8487,0x0,21,3
2026-03-28T15:13:26.503000,60.05,81.7,27.5,2400.03712,0.8487,0x0,21,3
2026-03-28T15:13:27.526856,60.05,79.8,27.4,2400.03712,0.8487,0x0,21,4
2026-03-28T15:13:28.554345,60.05,80.1,27.5,2400.03712,0.8487,0x0,21,3
2026-03-28T15:13:29.575814,61.15,80.5,27.8,2400.02048,0.8487,0x0,22,4
2026-03-28T15:13:30.602524,59.5,80.6,27.8,2400.030464,0.8487,0x0,22,4
2026-03-28T15:13:31.625757,61.15,80.9,27.6,2400.033792,0.8487,0x0,21,3
2026-03-28T15:13:32.648385,60.05,80.6,27.4,2400.033792,0.8487,0x0,21,3
2026-03-28T15:13:33.679865,60.05,81.9,27.4,2400.033792,0.8487,0x0,22,1
2026-03-28T15:13:34.720253,60.05,81.2,27.3,2400.027136,0.8487,0x0,22,
2026-03-28T15:13:35.747869,62.25,82.3,27.2,2400.03712,0.8487,0x0,22,
2026-03-28T15:13:36.772803,61.15,81.1,27.2,2400.033792,0.8487,0x0,21,3
2026-03-28T15:13:37.896814,60.05,81.3,27.1,2400.033792,0.8487,0x0,21,1
2026-03-28T15:13:38.919413,60.05,81.1,27.3,2400.030464,0.8487,0x0,21,3
2026-03-28T15:13:39.943731,60.05,80.8,28.0,2400.03712,0.8487,0x0,21,3
2026-03-28T15:13:40.966427,60.05,81.2,28.0,2400.030464,0.8487,0x0,22,
2026-03-28T15:13:42.002961,60.6,80.5,28.1,2400.023808,0.8487,0x0,21,3
2026-03-28T15:13:43.025848,61.15,80.4,27.8,2400.030464,0.8487,0x0,21,3
2026-03-28T15:13:44.060379,58.95,82.2,27.6,2400.02048,0.8487,0x0,21,4
2026-03-28T15:13:45.086785,61.15,80.8,27.4,2400.023808,0.8487,0x0,22,2
2026-03-28T15:13:46.116344,60.05,81.2,27.3,2400.017408,0.8487,0x0,21,4
2026-03-28T15:13:47.152374,59.5,81.4,27.3,2400.033792,0.8487,0x0,21,3
2026-03-28T15:13:48.173608,60.05,83.7,27.4,2400.02048,0.8487,0x0,22,
2026-03-28T15:13:49.310874,61.15,83.0,27.6,2400.030464,0.8487,0x0,22,4
2026-03-28T15:13:50.333559,61.15,82.4,27.4,2400.027136,0.8487,0x0,22,2
2026-03-28T15:13:51.356446,61.15,80.5,27.2,2400.030464,0.8487,0x0,22,2
2026-03-28T15:13:52.385795,60.05,81.5,27.2,2400.033792,0.8487,0x0,22,2
2026-03-28T15:13:53.408546,61.15,81.6,27.0,2400.030464,0.8487,0x0,22,3
2026-03-28T15:13:54.438956,61.15,81.4,27.3,2400.02048,0.8487,0x0,22,4
2026-03-28T15:13:55.464274,60.6,81.0,27.7,2400.03712,0.8487,0x0,21,1
2026-03-28T15:13:56.488897,61.15,80.7,27.6,2400.023808,0.8487,0x0,22,2
2026-03-28T15:13:57.516005,60.05,81.5,27.6,2400.023808,0.8487,0x0,22,1
2026-03-28T15:13:58.539851,60.05,79.9,27.4,2400.023808,0.8487,0x0,22,4
2026-03-28T15:13:59.564917,60.05,80.3,27.3,2400.02048,0.8487,0x0,21,2
2026-03-28T15:14:00.588040,61.15,81.5,27.2,2400.02048,0.8487,0x0,21,1
2026-03-28T15:14:01.614089,61.15,79.4,27.2,2400.017408,0.8487,0x0,21,3
2026-03-28T15:14:02.635223,61.15,81.9,27.1,2400.030464,0.8487,0x0,22,1
2026-03-28T15:14:03.657049,60.6,80.4,27.4,2400.030464,0.8487,0x0,22,4
2026-03-28T15:14:04.681512,60.6,80.5,27.8,2400.02048,0.8487,0x0,21,0
2026-03-28T15:14:05.790510,60.6,80.0,27.6,2400.02048,0.8487,0x0,22,4
2026-03-28T15:14:06.818645,60.05,81.3,27.3,2400.02048,0.8487,0x0,22,4
2026-03-28T15:14:07.841794,58.95,80.7,27.2,2400.030464,0.8487,0x0,22,5
2026-03-28T15:14:08.868520,60.05,81.6,27.2,2400.027136,0.8487,0x0,21,1
2026-03-28T15:14:09.889825,60.05,82.5,27.3,2400.03712,0.8487,0x0,21,1
2026-03-28T15:14:10.912570,60.05,80.5,27.4,2400.017408,0.8487,0x0,21,3
2026-03-28T15:14:11.939396,58.95,81.8,27.3,2400.02048,0.8487,0x0,22,5
2026-03-28T15:14:12.967115,59.5,81.6,27.3,2400.027136,0.8487,0x0,22,2
2026-03-28T15:14:13.993182,60.05,80.9,27.3,2400.02048,0.8487,0x0,21,3
2026-03-28T15:14:15.016487,60.05,82.1,27.6,2400.02048,0.8487,0x0,21,3
2026-03-28T15:14:16.042426,58.4,81.2,27.6,2400.027136,0.8487,0x0,21,2
2026-03-28T15:14:17.078874,61.7,81.7,27.4,2400.033792,0.8487,0x0,22,4
2026-03-28T15:14:18.104504,60.05,81.4,27.3,2400.03712,0.8487,0x0,21,3
2026-03-28T15:14:19.130356,58.95,81.3,27.4,2400.027136,0.8487,0x0,21,1
2026-03-28T15:14:20.153129,60.05,80.6,27.4,2400.023808,0.8487,0x0,21,3
2026-03-28T15:14:21.186400,60.6,81.3,27.3,2400.033792,0.8487,0x0,22,4
2026-03-28T15:14:22.213373,60.6,81.6,27.1,2400.023808,0.8487,0x0,21,0
2026-03-28T15:14:23.233985,60.05,81.5,27.0,2400.033792,0.8487,0x0,22,2
2026-03-28T15:14:24.259897,61.7,79.9,26.8,2400.023808,0.8487,0x0,22,2
2026-03-28T15:14:25.288248,61.7,80.1,26.5,2400.023808,0.8487,0x0,21,5
2026-03-28T15:14:26.317853,62.25,79.6,26.9,2400.02048,0.8487,0x0,22,2
2026-03-28T15:14:27.340919,60.05,81.9,27.4,2400.027136,0.8487,0x0,21,3
2026-03-28T15:14:28.364210,61.15,80.4,27.2,2400.03712,0.8487,0x0,21,3
2026-03-28T15:14:29.387509,60.05,80.7,27.1,2400.027136,0.8487,0x0,21,3
2026-03-28T15:14:30.417663,61.15,80.3,27.0,2400.027136,0.8487,0x0,22,
2026-03-28T15:14:31.447729,60.05,80.0,27.1,2400.03712,0.8487,0x0,21,1
2026-03-28T15:14:32.571923,62.8,81.4,27.0,2400.027136,0.8487,0x0,21,1
2026-03-28T15:14:33.594276,61.15,82.5,27.0,2400.023808,0.8487,0x0,21,0
2026-03-28T15:14:34.621464,60.05,85.0,27.1,2400.03712,0.8487,0x0,22,3
2026-03-28T15:14:35.645765,62.25,81.1,26.8,2400.023808,0.8487,0x0,21,1
2026-03-28T15:14:36.673155,61.15,81.2,27.0,2400.033792,0.8487,0x0,21,3
2026-03-28T15:14:37.698235,60.6,80.8,27.5,2400.03712,0.8487,0x0,22,4
2026-03-28T15:14:38.731867,60.05,81.6,27.4,2400.027136,0.8487,0x0,21,3
2026-03-28T15:14:39.756781,60.05,80.9,27.7,2400.033792,0.8487,0x0,22,4
2026-03-28T15:14:40.779473,60.6,81.6,27.7,2400.027136,0.8487,0x0,21,4
2026-03-28T15:14:41.803782,59.5,82.1,27.6,2400.033792,0.8487,0x0,21,3
2026-03-28T15:14:42.828208,61.7,82.0,27.5,2400.023808,0.8487,0x0,21,4
2026-03-28T15:14:43.857150,60.05,80.6,27.3,2400.02048,0.8487,0x0,21,0
2026-03-28T15:14:44.882406,60.05,83.1,27.3,2400.027136,0.8487,0x0,21,4
2026-03-28T15:14:45.914683,60.05,81.4,27.1,2400.030464,0.8487,0x0,22,1
2026-03-28T15:14:46.943028,60.05,80.7,26.8,2400.027136,0.8487,0x0,21,3
2026-03-28T15:14:47.978338,60.05,81.4,26.7,2400.02048,0.8487,0x0,21,3
2026-03-28T15:14:49.002161,61.15,81.2,26.7,2400.023808,0.8487,0x0,21,3
2026-03-28T15:14:50.029368,61.7,82.8,26.7,2400.033792,0.8487,0x0,22,5
2026-03-28T15:14:51.054110,60.6,81.9,26.7,2400.027136,0.8487,0x0,21,3
2026-03-28T15:14:52.080800,60.6,81.2,26.6,2400.023808,0.8487,0x0,21,1
2026-03-28T15:14:53.106111,61.7,81.5,26.6,2400.023808,0.8487,0x0,21,5
2026-03-28T15:14:54.136616,61.15,81.0,26.6,2400.030464,0.8487,0x0,22,4
2026-03-28T15:14:55.160956,60.05,82.2,26.6,2400.030464,0.8487,0x0,21,3
2026-03-28T15:14:56.181551,60.05,82.4,26.7,2400.023808,0.8487,0x0,21,1
2026-03-28T15:14:57.206969,60.05,80.2,26.7,2400.023808,0.8487,0x0,21,3
2026-03-28T15:14:58.232558,60.6,81.2,26.7,2400.033792,0.8487,0x0,22,4
2026-03-28T15:14:59.259134,60.05,80.6,26.7,2400.027136,0.8487,0x0,22,4
2026-03-28T15:15:00.283015,61.7,84.0,27.0,2400.027136,0.8487,0x0,21,2
2026-03-28T15:15:01.401071,60.05,80.7,26.9,2400.033792,0.8487,0x0,21,5
2026-03-28T15:15:02.425908,61.15,81.4,27.5,2400.033792,0.8487,0x0,21,1
2026-03-28T15:15:03.452258,60.05,81.9,27.5,2400.033792,0.8487,0x0,21,2
2026-03-28T15:15:04.479095,61.15,80.5,27.4,2400.02048,0.8487,0x0,21,1
2026-03-28T15:15:05.507568,59.5,82.2,27.3,2400.027136,0.8487,0x0,21,1
2026-03-28T15:15:06.626979,61.15,81.5,27.2,2400.02048,0.8487,0x0,21,4
2026-03-28T15:15:07.650432,60.6,80.9,27.2,2400.023808,0.8487,0x0,22,4
2026-03-28T15:15:08.672720,60.6,80.6,27.5,2400.030464,0.8487,0x0,22,4
2026-03-28T15:15:09.696477,61.15,81.0,27.7,2400.023808,0.8487,0x0,22,2
2026-03-28T15:15:10.722975,62.25,82.6,27.6,2400.02048,0.8487,0x0,21,3
2026-03-28T15:15:11.753974,61.7,80.4,27.5,2400.030464,0.8487,0x0,21,2
2026-03-28T15:15:12.874661,61.15,81.1,27.7,2400.033792,0.8487,0x0,22,4
2026-03-28T15:15:13.896550,60.05,81.9,27.8,2400.030464,0.8487,0x0,22,4
2026-03-28T15:15:14.919549,61.15,82.1,27.7,2400.023808,0.8487,0x0,21,1
2026-03-28T15:15:15.949572,60.6,81.4,27.7,2400.030464,0.8487,0x0,22,
2026-03-28T15:15:16.973931,60.05,81.0,27.9,2400.033792,0.8487,0x0,21,3
2026-03-28T15:15:17.994569,60.05,80.3,27.3,2400.02048,0.8487,0x0,22,4
2026-03-28T15:15:19.014270,60.05,80.5,26.9,2400.02048,0.8487,0x0,21,2
2026-03-28T15:15:20.043047,60.6,80.8,26.9,2400.030464,0.8487,0x0,21,2
2026-03-28T15:15:21.069951,60.6,81.6,26.7,2400.02048,0.8487,0x0,21,3
2026-03-28T15:15:22.091783,60.6,81.7,26.7,2400.02048,0.8487,0x0,21,1
2026-03-28T15:15:23.127398,60.05,80.6,26.7,2400.023808,0.8487,0x0,22,1
2026-03-28T15:15:24.153558,60.6,80.5,26.7,2400.03712,0.8487,0x0,21,3
2026-03-28T15:15:25.192033,60.6,83.9,26.8,2400.02048,0.8487,0x0,22,4
2026-03-28T15:15:26.217863,60.6,82.0,27.2,2400.033792,0.8487,0x0,22,5
2026-03-28T15:15:27.252815,61.7,81.1,27.7,2400.033792,0.8487,0x0,22,4
2026-03-28T15:15:28.273797,61.15,80.7,27.5,2400.033792,0.8487,0x0,22,4
2026-03-28T15:15:29.304472,61.15,81.5,27.3,2400.030464,0.8487,0x0,22,5
2026-03-28T15:15:30.326865,60.05,80.5,27.4,2400.030464,0.8487,0x0,21,3
2026-03-28T15:15:31.349813,60.05,79.2,27.2,2400.017408,0.8487,0x0,21,3
2026-03-28T15:15:32.376430,61.7,80.5,27.5,2400.02048,0.8487,0x0,22,2
2026-03-28T15:15:33.402187,62.8,81.6,27.8,2400.033792,0.8487,0x0,21,3
2026-03-28T15:15:34.438042,61.15,81.5,27.7,2400.033792,0.8487,0x0,21,3
2026-03-28T15:15:35.463017,61.7,81.3,27.5,2400.033792,0.8487,0x0,22,
2026-03-28T15:15:36.491718,60.6,82.3,27.8,2400.030464,0.8487,0x0,21,3
2026-03-28T15:15:37.515229,60.6,80.4,27.6,2400.02048,0.8487,0x0,21,1
2026-03-28T15:15:38.539656,60.6,81.1,27.4,2400.023808,0.8487,0x0,22,2
2026-03-28T15:15:39.563017,60.6,81.3,27.3,2400.023808,0.8487,0x0,22,2
2026-03-28T15:15:40.593080,58.95,82.0,27.1,2400.030464,0.8487,0x0,21,3
2026-03-28T15:15:41.620033,61.7,81.8,26.9,2400.03712,0.8487,0x0,22,1
2026-03-28T15:15:42.646834,61.15,80.5,27.0,2400.023808,0.8487,0x0,22,2
2026-03-28T15:15:43.667467,59.5,81.1,27.5,2400.023808,0.8487,0x0,22,5
2026-03-28T15:15:44.688310,61.7,80.6,27.7,2400.02048,0.8487,0x0,22,2
2026-03-28T15:15:45.723953,60.05,80.8,27.6,2400.03712,0.8487,0x0,21,2
2026-03-28T15:15:46.748081,61.7,79.9,27.7,2400.023808,0.8487,0x0,21,4
2026-03-28T15:15:47.775337,61.15,81.3,27.5,2400.023808,0.8487,0x0,22,1
2026-03-28T15:15:48.805459,60.6,81.7,27.1,2400.023808,0.8487,0x0,22,1
2026-03-28T15:15:49.833964,58.95,81.5,26.9,2400.033792,0.8487,0x0,22,3
2026-03-28T15:15:50.865115,60.6,85.2,26.9,2400.023808,0.8487,0x0,21,3
2026-03-28T15:15:51.893921,58.95,80.8,26.7,2400.02048,0.8487,0x0,22,3
2026-03-28T15:15:52.916331,60.6,81.8,26.7,2400.033792,0.8487,0x0,21,3
2026-03-28T15:15:53.942788,62.25,80.7,26.6,2400.030464,0.8487,0x0,22,3
2026-03-28T15:15:54.967046,62.8,81.0,27.2,2400.023808,0.8487,0x0,21,2
2026-03-28T15:15:55.988847,60.05,82.7,27.5,2400.02048,0.8487,0x0,21,5
2026-03-28T15:15:57.021054,61.7,81.4,27.3,2400.033792,0.8487,0x0,21,2
2026-03-28T15:15:58.051262,60.6,81.6,27.3,2400.033792,0.8487,0x0,22,4
2026-03-28T15:15:59.087965,60.05,81.4,27.1,2400.027136,0.8487,0x0,21,4
2026-03-28T15:16:00.112183,61.7,80.6,27.0,2400.027136,0.8487,0x0,22,2
2026-03-28T15:16:01.138938,60.6,82.0,27.1,2400.033792,0.8487,0x0,22,4
2026-03-28T15:16:02.265164,60.6,80.6,27.7,2400.02048,0.8487,0x0,21,4
2026-03-28T15:16:03.288223,60.05,81.0,28.0,2400.030464,0.8487,0x0,21,3
2026-03-28T15:16:04.311819,60.6,81.8,27.7,2400.02048,0.8487,0x0,21,3
2026-03-28T15:16:05.337084,61.7,82.1,27.5,2400.027136,0.8487,0x0,21,1
2026-03-28T15:16:06.357959,61.15,80.5,27.4,2400.03712,0.8487,0x0,21,0
2026-03-28T15:16:07.378963,60.05,79.5,27.0,2400.02048,0.8487,0x0,21,3
2026-03-28T15:16:08.398199,61.7,81.0,26.7,2400.03712,0.8487,0x0,22,4
2026-03-28T15:16:09.420322,60.6,80.2,26.6,2400.027136,0.8487,0x0,22,4
2026-03-28T15:16:10.442110,60.6,81.6,26.8,2400.03712,0.8487,0x0,21,3
2026-03-28T15:16:11.565613,61.15,80.9,27.4,2400.033792,0.8487,0x0,22,3
2026-03-28T15:16:12.587475,60.6,81.3,27.4,2400.027136,0.8487,0x0,21,3
2026-03-28T15:16:13.611810,60.6,80.3,27.2,2400.03712,0.8487,0x0,21,3
2026-03-28T15:16:14.632847,61.15,80.8,27.0,2400.02048,0.8487,0x0,22,3
2026-03-28T15:16:15.666534,61.15,80.5,26.7,2400.023808,0.8487,0x0,22,4
2026-03-28T15:16:16.697492,61.15,83.4,26.9,2400.027136,0.8487,0x0,22,2
2026-03-28T15:16:17.720364,61.7,82.0,27.1,2400.017408,0.8487,0x0,22,5
2026-03-28T15:16:18.749091,60.05,81.6,27.1,2400.023808,0.8487,0x0,21,3
2026-03-28T15:16:19.773386,62.25,81.3,26.9,2400.033792,0.8487,0x0,21,3
2026-03-28T15:16:20.799002,61.15,80.9,27.0,2400.023808,0.8487,0x0,22,4
2026-03-28T15:16:21.829488,61.15,82.1,27.2,2400.023808,0.8487,0x0,21,2
2026-03-28T15:16:22.853053,61.7,81.7,27.3,2400.027136,0.8487,0x0,21,2
2026-03-28T15:16:23.879053,61.15,80.7,27.2,2400.033792,0.8487,0x0,22,4
2026-03-28T15:16:24.902090,61.15,81.7,27.2,2400.030464,0.8487,0x0,21,3
2026-03-28T15:16:25.926680,61.7,82.0,27.2,2400.033792,0.8487,0x0,21,3
2026-03-28T15:16:26.956255,60.6,80.0,27.2,2400.033792,0.8487,0x0,21,3
2026-03-28T15:16:27.981189,60.6,81.0,27.1,2400.033792,0.8487,0x0,22,
2026-03-28T15:16:29.009452,61.7,80.6,27.0,2400.033792,0.8487,0x0,21,3
2026-03-28T15:16:30.030029,61.15,82.0,27.1,2400.03712,0.8487,0x0,21,0
2026-03-28T15:16:31.054321,60.05,82.2,27.1,2400.023808,0.8487,0x0,21,4
2026-03-28T15:16:32.083846,61.7,80.4,27.4,2400.030464,0.8487,0x0,21,3
2026-03-28T15:16:33.105673,60.6,80.5,27.5,2400.023808,0.8487,0x0,21,3
2026-03-28T15:16:34.131656,60.6,81.2,27.4,2400.02048,0.8487,0x0,22,4
2026-03-28T15:16:35.157809,62.25,81.3,27.2,2400.030464,0.8487,0x0,21,4
2026-03-28T15:16:36.184300,60.05,81.0,27.1,2400.033792,0.8487,0x0,21,1
2026-03-28T15:16:37.206660,60.6,80.7,27.1,2400.027136,0.8487,0x0,22,4
2026-03-28T15:16:38.235023,61.15,80.3,27.1,2400.030464,0.8487,0x0,21,1
2026-03-28T15:16:39.257691,61.15,81.0,27.0,2400.023808,0.8487,0x0,22,5
2026-03-28T15:16:40.282883,60.6,80.2,27.0,2400.023808,0.8487,0x0,22,4
2026-03-28T15:16:41.306482,61.7,83.9,27.3,2400.027136,0.8487,0x0,21,0
2026-03-28T15:16:42.330976,61.7,82.0,27.2,2400.033792,0.8487,0x0,22,3
2026-03-28T15:16:43.355885,61.7,81.0,27.0,2400.033792,0.8487,0x0,21,1
2026-03-28T15:16:44.381469,61.15,81.1,27.1,2400.023808,0.8487,0x0,21,3
2026-03-28T15:16:45.406588,60.6,81.0,27.1,2400.030464,0.8487,0x0,21,3
2026-03-28T15:16:46.441173,61.15,82.4,27.2,2400.033792,0.8487,0x0,21,1
2026-03-28T15:16:47.478827,62.8,82.2,27.2,2400.030464,0.8487,0x0,22,1
2026-03-28T15:16:48.501223,61.15,82.3,27.3,2400.023808,0.8487,0x0,23,2
2026-03-28T15:16:49.527087,61.15,80.0,27.6,2400.023808,0.8487,0x0,21,3
2026-03-28T15:16:50.553201,61.7,81.0,27.9,2400.030464,0.8487,0x0,21,3
2026-03-28T15:16:51.585616,60.05,82.3,28.4,2400.02048,0.8487,0x0,21,3
2026-03-28T15:16:52.612571,61.7,81.8,28.3,2400.027136,0.8487,0x0,22,1
2026-03-28T15:16:53.636371,61.7,80.8,28.2,2400.030464,0.8487,0x0,22,5
2026-03-28T15:16:54.677396,61.7,82.1,27.8,2400.023808,0.8487,0x0,21,0
2026-03-28T15:16:55.755116,62.25,81.4,27.6,2400.033792,0.8487,0x0,22,
2026-03-28T15:16:56.778965,60.6,82.3,27.5,2400.03712,0.8487,0x0,21,1
2026-03-28T15:16:57.821215,61.7,81.4,27.3,2400.023808,0.8487,0x0,21,3
2026-03-28T15:16:58.851748,61.15,81.7,27.2,2400.02048,0.8487,0x0,22,
2026-03-28T15:16:59.876280,61.7,80.6,27.1,2400.02048,0.8487,0x0,21,2
2026-03-28T15:17:00.905148,60.6,81.6,27.0,2400.027136,0.8487,0x0,21,0
2026-03-28T15:17:01.980128,60.6,86.2,27.1,2400.027136,0.8487,0x0,22,4
2026-03-28T15:17:03.006979,61.7,81.6,27.6,2400.027136,0.8487,0x0,22,
2026-03-28T15:17:04.031776,60.6,81.0,27.8,2400.033792,0.8487,0x0,21,3
2026-03-28T15:17:05.057727,61.15,81.3,27.8,2400.030464,0.8487,0x0,22,4
2026-03-28T15:17:06.090300,62.8,82.1,27.7,2400.027136,0.8487,0x0,22,
2026-03-28T15:17:07.115423,62.25,82.0,28.1,2400.023808,0.8487,0x0,22,3
2026-03-28T15:17:08.140522,61.7,81.0,27.9,2400.030464,0.8487,0x0,21,3
2026-03-28T15:17:09.167939,60.6,81.3,27.8,2400.027136,0.8487,0x0,21,1
2026-03-28T15:17:10.190983,60.6,80.7,27.6,2400.02048,0.8487,0x0,22,4
2026-03-28T15:17:11.216691,61.15,82.6,27.4,2400.030464,0.8487,0x0,22,4
2026-03-28T15:17:12.240200,61.15,81.4,27.4,2400.02048,0.8487,0x0,22,2
2026-03-28T15:17:13.269900,61.15,81.2,27.5,2400.023808,0.8487,0x0,22,5
2026-03-28T15:17:14.294805,60.6,80.2,27.4,2400.030464,0.8487,0x0,21,1
2026-03-28T15:17:15.319463,60.6,81.0,27.3,2400.033792,0.8487,0x0,22,
2026-03-28T15:17:16.345486,61.15,81.5,27.3,2400.030464,0.8487,0x0,21,3
2026-03-28T15:17:17.372268,61.15,81.8,27.3,2400.030464,0.8487,0x0,21,3
2026-03-28T15:17:18.404753,62.25,81.8,27.2,2400.03712,0.8487,0x0,22,4
2026-03-28T15:17:19.428531,61.15,80.7,27.2,2400.03712,0.8487,0x0,22,6
2026-03-28T15:17:20.457714,61.15,82.1,27.2,2400.027136,0.8487,0x0,21,3
2026-03-28T15:17:21.487680,61.15,82.9,27.2,2400.017408,0.8487,0x0,21,1
2026-03-28T15:17:22.518261,59.5,79.6,27.2,2400.02048,0.8487,0x0,22,7
2026-03-28T15:17:23.543516,61.15,80.7,27.5,2400.02048,0.8487,0x0,22,4
2026-03-28T15:17:24.566280,60.6,80.7,28.0,2400.02048,0.8487,0x0,22,
2026-03-28T15:17:25.592089,62.25,81.1,28.1,2400.027136,0.8487,0x0,21,3
2026-03-28T15:17:26.613079,61.7,80.9,28.0,2400.033792,0.8487,0x0,21,1
2026-03-28T15:17:27.643563,61.7,84.6,28.2,2400.02048,0.8487,0x0,21,1
2026-03-28T15:17:28.668895,62.25,80.8,28.0,2400.02048,0.8487,0x0,21,3
2026-03-28T15:17:29.691131,61.7,82.2,27.9,2400.033792,0.8487,0x0,21,3
2026-03-28T15:17:30.725258,62.25,80.8,27.4,2400.02048,0.8487,0x0,22,3
2026-03-28T15:17:31.745647,61.7,80.9,27.3,2400.033792,0.8487,0x0,21,3
2026-03-28T15:17:32.773740,62.8,80.9,27.2,2400.02048,0.8487,0x0,21,4
2026-03-28T15:17:33.804117,60.05,80.7,27.1,2400.033792,0.8487,0x0,21,1
2026-03-28T15:17:34.825656,61.15,80.5,27.0,2400.027136,0.8487,0x0,22,2
2026-03-28T15:17:35.854740,60.6,82.0,27.0,2400.023808,0.8487,0x0,22,5
2026-03-28T15:17:36.882374,61.15,82.0,27.0,2400.023808,0.8487,0x0,21,2
2026-03-28T15:17:37.906951,60.6,80.5,27.1,2400.027136,0.8487,0x0,21,3
2026-03-28T15:17:38.928472,60.6,80.7,27.0,2400.033792,0.8487,0x0,21,0
2026-03-28T15:17:39.976244,62.25,80.8,27.0,2400.023808,0.8487,0x0,22,4
2026-03-28T15:17:40.999150,62.25,81.5,27.0,2400.023808,0.8487,0x0,21,1
2026-03-28T15:17:42.025308,61.7,81.4,27.1,2400.030464,0.8487,0x0,22,2
2026-03-28T15:17:43.053504,61.7,80.1,27.7,2400.033792,0.8487,0x0,21,1
2026-03-28T15:17:44.142618,61.7,80.9,27.6,2400.033792,0.8487,0x0,21,3
2026-03-28T15:17:45.165538,62.25,81.2,27.4,2400.027136,0.8487,0x0,22,4
2026-03-28T15:17:46.199394,59.5,81.6,27.6,2400.030464,0.8487,0x0,21,1
2026-03-28T15:17:47.225522,61.15,82.9,27.8,2400.03712,0.8487,0x0,22,2
2026-03-28T15:17:48.252425,60.05,81.0,27.5,2400.030464,0.8487,0x0,21,3
2026-03-28T15:17:49.279682,62.25,81.9,27.4,2400.023808,0.8487,0x0,22,4
2026-03-28T15:17:50.299745,62.25,80.0,27.6,2400.030464,0.8487,0x0,21,3
2026-03-28T15:17:51.329926,60.6,81.8,27.4,2400.030464,0.8487,0x0,21,4
2026-03-28T15:17:52.351799,60.6,83.4,27.6,2400.027136,0.8487,0x0,21,1
2026-03-28T15:17:53.373906,61.15,80.4,27.9,2400.02048,0.8487,0x0,22,2
2026-03-28T15:17:54.397274,61.7,80.4,27.5,2400.023808,0.8487,0x0,22,4
2026-03-28T15:17:55.433390,61.7,81.5,27.3,2400.033792,0.8487,0x0,22,1
2026-03-28T15:17:56.455671,60.6,82.2,27.2,2400.033792,0.8487,0x0,21,3
2026-03-28T15:17:57.487507,59.5,81.5,27.1,2400.033792,0.8487,0x0,21,3
2026-03-28T15:17:58.510937,62.8,80.2,27.4,2400.02048,0.8487,0x0,23,3
2026-03-28T15:17:59.533835,61.15,80.2,27.3,2400.027136,0.8487,0x0,22,1
2026-03-28T15:18:00.554311,61.15,82.1,26.8,2400.033792,0.8487,0x0,21,3
2026-03-28T15:18:01.581025,61.7,80.7,26.6,2400.023808,0.8487,0x0,21,3
2026-03-28T15:18:02.604766,61.15,81.6,26.7,2400.033792,0.8487,0x0,22,4
2026-03-28T15:18:03.628788,61.15,82.2,26.8,2400.02048,0.8487,0x0,21,1
2026-03-28T15:18:04.652980,60.6,80.7,26.9,2400.027136,0.8487,0x0,21,3
2026-03-28T15:18:05.676021,61.15,81.2,26.8,2400.02048,0.8487,0x0,22,1
2026-03-28T15:18:06.709253,60.6,82.1,26.9,2400.027136,0.8487,0x0,22,
2026-03-28T15:18:07.737127,61.15,81.8,27.3,2400.030464,0.8487,0x0,22,3
2026-03-28T15:18:08.767055,60.6,80.2,27.6,2400.027136,0.8487,0x0,22,4
2026-03-28T15:18:09.791297,62.8,81.5,27.4,2400.033792,0.8487,0x0,22,4
2026-03-28T15:18:10.816138,59.5,80.6,27.3,2400.027136,0.8487,0x0,22,4
2026-03-28T15:18:11.845936,60.6,80.8,27.5,2400.027136,0.8487,0x0,22,4
2026-03-28T15:18:12.869743,62.25,82.3,27.5,2400.030464,0.8487,0x0,21,1
2026-03-28T15:18:13.890867,60.6,80.7,27.0,2400.017408,0.8487,0x0,21,3
2026-03-28T15:18:14.918651,60.05,81.5,26.9,2400.03712,0.8487,0x0,21,2
2026-03-28T15:18:15.942608,61.15,79.8,26.9,2400.023808,0.8487,0x0,21,1
2026-03-28T15:18:16.967996,60.05,80.3,26.9,2400.033792,0.8487,0x0,22,5
2026-03-28T15:18:17.993485,61.7,83.7,27.1,2400.030464,0.8487,0x0,22,4
2026-03-28T15:18:19.018269,62.8,81.3,27.6,2400.023808,0.8487,0x0,22,4
2026-03-28T15:18:20.042809,61.15,80.1,27.6,2400.027136,0.8487,0x0,21,4
2026-03-28T15:18:21.065698,62.8,82.1,27.3,2400.033792,0.8487,0x0,21,1
2026-03-28T15:18:22.091105,60.6,80.0,27.2,2400.033792,0.8487,0x0,21,1
2026-03-28T15:18:23.114183,60.6,81.0,26.9,2400.027136,0.8487,0x0,21,3
2026-03-28T15:18:24.138659,61.15,81.6,26.7,2400.027136,0.8487,0x0,21,4
2026-03-28T15:18:25.178472,60.6,80.9,26.8,2400.03712,0.8487,0x0,21,1
2026-03-28T15:18:26.198953,61.15,81.9,26.7,2400.02048,0.8487,0x0,21,3
2026-03-28T15:18:27.226977,61.15,81.5,27.1,2400.023808,0.8487,0x0,21,3
2026-03-28T15:18:28.248892,61.15,80.8,27.1,2400.033792,0.8487,0x0,21,4
2026-03-28T15:18:29.272787,60.6,80.3,26.9,2400.033792,0.8487,0x0,21,3
2026-03-28T15:18:30.302506,62.8,80.9,27.4,2400.030464,0.8487,0x0,22,4
2026-03-28T15:18:31.327763,61.7,81.0,27.5,2400.02048,0.8487,0x0,21,1
2026-03-28T15:18:32.362121,62.8,81.3,27.4,2400.017408,0.8487,0x0,21,3
2026-03-28T15:18:33.385579,61.7,80.9,27.2,2400.023808,0.8487,0x0,21,3
2026-03-28T15:18:34.410946,62.8,80.8,27.1,2400.02048,0.8487,0x0,21,3
2026-03-28T15:18:35.442432,61.7,80.3,27.0,2400.023808,0.8487,0x0,21,2
2026-03-28T15:18:36.463905,61.15,80.9,27.0,2400.023808,0.8487,0x0,22,
2026-03-28T15:18:37.489119,61.15,81.5,26.9,2400.030464,0.8487,0x0,22,2
2026-03-28T15:18:38.518821,61.7,81.9,26.9,2400.027136,0.8487,0x0,21,3
2026-03-28T15:18:39.550421,60.05,80.4,27.0,2400.03712,0.8487,0x0,21,1
2026-03-28T15:18:40.571843,62.8,80.2,27.1,2400.030464,0.8487,0x0,22,5
2026-03-28T15:18:41.604097,61.7,81.8,27.1,2400.023808,0.8487,0x0,22,
2026-03-28T15:18:42.629053,61.15,82.6,27.0,2400.02048,0.8487,0x0,22,4
2026-03-28T15:18:43.759114,60.05,84.6,26.9,2400.023808,0.8487,0x0,22,2
2026-03-28T15:18:44.781159,61.7,81.1,26.8,2400.027136,0.8487,0x0,21,2
2026-03-28T15:18:45.805765,61.15,82.2,26.8,2400.017408,0.8487,0x0,22,4
2026-03-28T15:18:46.841738,61.7,81.6,26.8,2400.033792,0.8487,0x0,22,
2026-03-28T15:18:47.935808,62.25,81.4,26.8,2400.033792,0.8487,0x0,21,3
2026-03-28T15:18:48.961326,61.15,81.7,27.0,2400.03712,0.8487,0x0,22,2
2026-03-28T15:18:49.982009,62.25,80.4,27.0,2400.027136,0.8487,0x0,21,2
2026-03-28T15:18:51.012244,61.7,82.0,27.7,2400.02048,0.8487,0x0,21,2
2026-03-28T15:18:52.031009,61.15,81.2,27.7,2400.033792,0.8487,0x0,21,1
2026-03-28T15:18:53.054957,61.7,79.7,27.7,2400.02048,0.8487,0x0,22,3
2026-03-28T15:18:54.078131,61.15,81.1,27.5,2400.033792,0.8487,0x0,22,
2026-03-28T15:18:55.107621,61.15,80.5,27.5,2400.027136,0.8487,0x0,21,1
2026-03-28T15:18:56.132735,60.6,82.2,27.5,2400.02048,0.8487,0x0,22,4
2026-03-28T15:18:57.160226,60.6,80.6,27.4,2400.027136,0.8487,0x0,21,3
2026-03-28T15:18:58.188583,60.05,82.4,27.4,2400.027136,0.8487,0x0,22,4
2026-03-28T15:18:59.215140,62.25,81.3,27.8,2400.023808,0.8487,0x0,21,0
2026-03-28T15:19:00.239762,60.6,81.3,27.8,2400.027136,0.8487,0x0,22,4
2026-03-28T15:19:01.262970,61.15,81.6,27.8,2400.023808,0.8487,0x0,22,4
2026-03-28T15:19:02.287718,61.7,80.8,28.1,2400.023808,0.8487,0x0,21,1
2026-03-28T15:19:03.312606,60.6,81.4,27.9,2400.017408,0.8487,0x0,21,4
2026-03-28T15:19:04.337160,61.7,81.6,27.8,2400.033792,0.8487,0x0,21,3
2026-03-28T15:19:05.365159,61.15,80.8,27.6,2400.027136,0.8487,0x0,21,3
2026-03-28T15:19:06.387903,60.6,81.7,27.5,2400.02048,0.8487,0x0,21,3
2026-03-28T15:19:07.420988,62.25,80.9,27.4,2400.03712,0.8487,0x0,21,3
2026-03-28T15:19:08.442202,61.15,83.7,27.4,2400.033792,0.8487,0x0,21,3
2026-03-28T15:19:09.475874,62.8,81.2,27.3,2400.030464,0.8487,0x0,21,1
2026-03-28T15:19:10.501446,62.25,80.4,27.2,2400.02048,0.8487,0x0,21,1
2026-03-28T15:19:11.532633,61.15,81.8,27.0,2400.03712,0.8487,0x0,22,1
2026-03-28T15:19:12.557977,61.7,80.6,27.0,2400.023808,0.8487,0x0,22,4
2026-03-28T15:19:13.599318,61.7,81.8,27.0,2400.017408,0.8487,0x0,21,4
2026-03-28T15:19:14.626809,61.15,81.6,27.1,2400.033792,0.8487,0x0,21,1
2026-03-28T15:19:15.652398,61.15,80.4,27.0,2400.030464,0.8487,0x0,22,2
2026-03-28T15:19:16.675458,61.7,81.4,27.1,2400.033792,0.8487,0x0,22,4
2026-03-28T15:19:17.697876,60.6,80.4,27.2,2400.030464,0.8487,0x0,21,3
2026-03-28T15:19:18.719906,61.7,81.4,27.4,2400.033792,0.8487,0x0,21,1
2026-03-28T15:19:19.741022,60.6,81.0,28.0,2400.033792,0.8487,0x0,21,3
2026-03-28T15:19:20.865923,60.6,81.5,28.6,2400.03712,0.8487,0x0,21,4
2026-03-28T15:19:21.898248,60.6,80.0,28.3,2400.02048,0.8487,0x0,21,3
2026-03-28T15:19:22.920335,61.7,81.5,27.8,2400.023808,0.8487,0x0,21,1
2026-03-28T15:19:23.952843,60.6,81.1,27.5,2400.03712,0.8487,0x0,21,1
2026-03-28T15:19:24.973400,61.15,81.5,27.3,2400.033792,0.8487,0x0,22,1
2026-03-28T15:19:25.999096,60.6,81.5,27.4,2400.033792,0.8487,0x0,22,
2026-03-28T15:19:27.032432,62.8,81.9,27.4,2400.033792,0.8487,0x0,21,3
2026-03-28T15:19:28.056947,61.15,82.1,27.4,2400.033792,0.8487,0x0,21,4
2026-03-28T15:19:29.090257,59.5,79.4,27.6,2400.030464,0.8487,0x0,21,3
2026-03-28T15:19:30.116278,61.15,81.4,27.5,2400.02048,0.8487,0x0,21,3
2026-03-28T15:19:31.146436,61.7,81.2,27.6,2400.033792,0.8487,0x0,21,3
2026-03-28T15:19:32.177317,61.7,80.6,27.5,2400.017408,0.8487,0x0,21,3
2026-03-28T15:19:33.202022,62.8,80.9,27.4,2400.033792,0.8487,0x0,21,4
2026-03-28T15:19:34.233229,62.25,84.5,27.2,2400.027136,0.8487,0x0,21,2
2026-03-28T15:19:35.255010,61.15,81.1,27.0,2400.027136,0.8487,0x0,21,3
2026-03-28T15:19:36.279546,61.15,80.2,27.0,2400.023808,0.8487,0x0,22,
2026-03-28T15:19:37.301692,60.6,81.9,27.0,2400.02048,0.8487,0x0,22,
2026-03-28T15:19:38.333716,59.5,80.1,26.9,2400.033792,0.8487,0x0,22,4
2026-03-28T15:19:39.354223,61.15,81.7,26.8,2400.023808,0.8487,0x0,21,3
2026-03-28T15:19:40.378597,61.15,81.6,26.8,2400.03712,0.8487,0x0,22,5
2026-03-28T15:19:41.407154,60.6,82.1,26.7,2400.03712,0.8487,0x0,22,4
2026-03-28T15:19:42.432958,60.05,80.8,26.7,2400.03712,0.8487,0x0,21,3
2026-03-28T15:19:43.459620,60.05,81.1,26.7,2400.03712,0.8487,0x0,22,2
2026-03-28T15:19:44.481175,62.25,81.8,26.7,2400.023808,0.8487,0x0,22,5
2026-03-28T15:19:45.505407,58.95,80.5,27.3,2400.027136,0.8487,0x0,22,2
2026-03-28T15:19:46.530073,62.25,81.7,27.5,2400.030464,0.8487,0x0,22,2
2026-03-28T15:19:47.553538,61.15,81.9,27.3,2400.027136,0.8487,0x0,21,4
2026-03-28T15:19:48.585960,61.15,81.4,27.0,2400.027136,0.8487,0x0,21,3
2026-03-28T15:19:49.610601,62.25,82.4,27.1,2400.027136,0.8487,0x0,22,4
2026-03-28T15:19:50.632918,61.15,81.3,27.6,2400.033792,0.8487,0x0,22,2
2026-03-28T15:19:51.654568,60.6,82.2,28.0,2400.033792,0.8487,0x0,21,3
2026-03-28T15:19:52.681183,62.25,80.1,27.7,2400.017408,0.8487,0x0,21,3
2026-03-28T15:19:53.721050,61.7,81.5,27.7,2400.027136,0.8487,0x0,22,5
2026-03-28T15:19:54.746734,62.25,83.5,27.5,2400.017408,0.8487,0x0,22,3
2026-03-28T15:19:55.775212,60.6,80.8,27.6,2400.02048,0.8487,0x0,21,3
2026-03-28T15:19:56.801746,61.15,80.5,27.5,2400.033792,0.8487,0x0,22,
2026-03-28T15:19:57.828692,61.15,81.5,27.1,2400.030464,0.8487,0x0,21,4
2026-03-28T15:19:58.858976,60.05,80.4,27.3,2400.027136,0.8487,0x0,21,3
2026-03-28T15:19:59.879924,62.25,81.1,27.2,2400.027136,0.8487,0x0,22,1
2026-03-28T15:20:00.910177,60.6,80.9,27.3,2400.02048,0.8487,0x0,22,4
2026-03-28T15:20:01.938759,61.7,80.9,27.0,2400.027136,0.8487,0x0,21,3
2026-03-28T15:20:02.965065,60.6,81.5,27.0,2400.030464,0.8487,0x0,22,1
2026-03-28T15:20:03.999959,60.6,80.9,27.0,2400.027136,0.8487,0x0,21,2
2026-03-28T15:20:05.037700,60.05,80.2,27.0,2400.02048,0.8487,0x0,21,2
2026-03-28T15:20:06.057981,61.7,80.5,27.1,2400.027136,0.8487,0x0,21,1
2026-03-28T15:20:07.084115,62.25,81.0,27.4,2400.033792,0.8487,0x0,21,3
2026-03-28T15:20:08.112208,61.7,81.0,27.5,2400.023808,0.8487,0x0,21,3
2026-03-28T15:20:09.144184,60.6,81.9,27.2,2400.023808,0.8487,0x0,21,3
2026-03-28T15:20:10.166615,61.15,82.1,27.1,2400.02048,0.8487,0x0,22,4
2026-03-28T15:20:11.190385,62.25,83.0,27.0,2400.033792,0.8487,0x0,21,0
2026-03-28T15:20:12.209380,60.6,80.3,27.0,2400.030464,0.8487,0x0,22,4
2026-03-28T15:20:13.236197,60.05,81.9,27.0,2400.017408,0.8487,0x0,21,1
2026-03-28T15:20:14.259349,60.6,81.5,26.9,2400.033792,0.8487,0x0,21,3
2026-03-28T15:20:15.285450,63.35,80.2,26.9,2400.023808,0.8487,0x0,21,3
2026-03-28T15:20:16.311156,62.25,81.0,26.8,2400.023808,0.8487,0x0,22,
2026-03-28T15:20:17.346497,61.7,81.8,26.6,2400.030464,0.8487,0x0,21,1
2026-03-28T15:20:18.451522,61.15,81.3,26.7,2400.02048,0.8487,0x0,22,4
2026-03-28T15:20:19.473470,60.6,83.7,27.2,2400.023808,0.8487,0x0,22,4
2026-03-28T15:20:20.498790,61.7,82.5,27.4,2400.027136,0.8487,0x0,22,4
2026-03-28T15:20:21.521163,61.7,81.3,27.3,2400.033792,0.8487,0x0,21,3
2026-03-28T15:20:22.559554,62.25,82.0,27.2,2400.023808,0.8487,0x0,22,
2026-03-28T15:20:23.593710,62.25,81.8,27.2,2400.023808,0.8487,0x0,21,3
2026-03-28T15:20:24.625660,61.15,81.3,27.1,2400.030464,0.8487,0x0,22,5
2026-03-28T15:20:25.661009,62.8,81.0,27.1,2400.023808,0.8487,0x0,21,0
2026-03-28T15:20:26.686987,61.15,80.1,27.3,2400.030464,0.8487,0x0,21,3
2026-03-28T15:20:27.720991,62.25,81.8,27.1,2400.030464,0.8487,0x0,21,3
2026-03-28T15:20:28.760257,61.7,81.1,27.1,2400.033792,0.8487,0x0,22,
2026-03-28T15:20:29.787099,62.25,82.8,27.1,2400.027136,0.8487,0x0,22,4
2026-03-28T15:20:30.818620,61.15,81.6,27.2,2400.033792,0.8487,0x0,21,0
2026-03-28T15:20:31.838177,61.15,80.7,27.2,2400.027136,0.8487,0x0,22,3
2026-03-28T15:20:32.866392,61.15,81.2,27.4,2400.023808,0.8487,0x0,21,3
2026-03-28T15:20:33.888077,62.25,80.3,27.5,2400.030464,0.8487,0x0,21,3
2026-03-28T15:20:34.915117,61.15,83.1,27.2,2400.030464,0.8487,0x0,21,1
2026-03-28T15:20:35.940477,61.7,82.2,27.1,2400.027136,0.8487,0x0,21,3
2026-03-28T15:20:36.975434,60.6,81.4,26.9,2400.023808,0.8487,0x0,22,
2026-03-28T15:20:38.000755,61.7,80.6,27.1,2400.033792,0.8487,0x0,21,0
2026-03-28T15:20:39.022041,60.05,80.4,27.0,2400.03712,0.8487,0x0,21,4
2026-03-28T15:20:40.042432,61.7,81.3,27.2,2400.033792,0.8487,0x0,22,4
2026-03-28T15:20:41.070880,62.8,81.3,27.6,2400.02048,0.8487,0x0,21,3
2026-03-28T15:20:42.095595,61.15,79.8,27.8,2400.023808,0.8487,0x0,21,3
2026-03-28T15:20:43.120039,61.7,81.5,27.7,2400.030464,0.8487,0x0,21,2
2026-03-28T15:20:44.139181,61.7,80.4,27.5,2400.030464,0.8487,0x0,22,3
2026-03-28T15:20:45.165432,62.25,84.8,27.5,2400.027136,0.8487,0x0,22,4
2026-03-28T15:20:46.187178,61.15,79.4,27.6,2400.017408,0.8487,0x0,22,4
2026-03-28T15:20:47.210191,61.7,82.3,27.5,2400.023808,0.8487,0x0,21,1
2026-03-28T15:20:48.233278,61.15,80.0,27.2,2400.030464,0.8487,0x0,22,3
2026-03-28T15:20:49.252451,61.7,81.3,27.2,2400.02048,0.8487,0x0,21,3
2026-03-28T15:20:50.377360,59.5,81.2,27.2,2400.023808,0.8487,0x0,22,4
2026-03-28T15:20:51.407031,60.05,82.0,27.2,2400.033792,0.8487,0x0,21,1
2026-03-28T15:20:52.426449,62.8,80.7,27.2,2400.027136,0.8487,0x0,22,4
2026-03-28T15:20:53.452615,61.15,81.8,27.2,2400.030464,0.8487,0x0,21,1
2026-03-28T15:20:54.480528,60.6,80.3,27.2,2400.033792,0.8487,0x0,21,3
2026-03-28T15:20:55.502695,61.15,80.7,27.2,2400.030464,0.8487,0x0,21,3
2026-03-28T15:20:56.523307,62.25,81.5,27.5,2400.033792,0.8487,0x0,21,2
2026-03-28T15:20:57.553694,62.8,80.9,27.3,2400.033792,0.8487,0x0,21,1
2026-03-28T15:20:58.657446,60.6,81.1,27.3,2400.027136,0.8487,0x0,21,3
2026-03-28T15:20:59.683368,62.8,81.4,27.5,2400.023808,0.8487,0x0,21,4
2026-03-28T15:21:00.706035,61.7,81.0,27.5,2400.033792,0.8487,0x0,21,0
2026-03-28T15:21:01.726961,61.7,80.7,27.1,2400.027136,0.8487,0x0,22,5
2026-03-28T15:21:02.750536,61.15,81.2,27.3,2400.03712,0.8487,0x0,21,2
2026-03-28T15:21:03.772760,63.35,81.4,27.7,2400.027136,0.8487,0x0,22,1
2026-03-28T15:21:04.797753,61.15,82.0,27.6,2400.033792,0.8487,0x0,21,4
2026-03-28T15:21:05.830835,60.6,81.8,27.4,2400.030464,0.8487,0x0,21,2
2026-03-28T15:21:06.888642,61.15,82.4,27.8,2400.030464,0.8487,0x0,21,2
2026-03-28T15:21:07.909982,62.8,81.0,27.4,2400.023808,0.8487,0x0,21,3
2026-03-28T15:21:08.935269,61.15,81.8,27.1,2400.023808,0.8487,0x0,21,1
2026-03-28T15:21:09.987934,60.05,82.3,27.0,2400.02048,0.8487,0x0,21,4
2026-03-28T15:21:11.014418,62.25,84.2,27.1,2400.02048,0.8487,0x0,21,1
2026-03-28T15:21:12.036152,61.15,81.3,27.3,2400.017408,0.8487,0x0,22,4
2026-03-28T15:21:13.056136,62.25,81.6,27.0,2400.023808,0.8487,0x0,21,0
2026-03-28T15:21:14.084395,61.7,81.4,26.9,2400.023808,0.8487,0x0,22,3
2026-03-28T15:21:15.108654,61.15,81.3,27.0,2400.02048,0.8487,0x0,22,4
2026-03-28T15:21:16.137148,61.7,82.4,26.8,2400.02048,0.8487,0x0,21,3
2026-03-28T15:21:17.165664,61.15,81.6,26.7,2400.02048,0.8487,0x0,21,3
2026-03-28T15:21:18.191681,61.15,81.8,26.6,2400.027136,0.8487,0x0,21,3
2026-03-28T15:21:19.219503,61.15,81.2,26.6,2400.030464,0.8487,0x0,21,2
2026-03-28T15:21:20.246432,61.7,81.7,26.6,2400.02048,0.8487,0x0,21,3
2026-03-28T15:21:21.282698,62.25,83.4,26.6,2400.030464,0.8487,0x0,21,1
2026-03-28T15:21:22.314060,61.7,81.8,26.6,2400.03712,0.8487,0x0,22,2
2026-03-28T15:21:23.333467,61.7,80.4,26.5,2400.033792,0.8487,0x0,21,3
2026-03-28T15:21:24.361838,61.7,82.0,26.5,2400.027136,0.8487,0x0,21,3
2026-03-28T15:21:25.386291,61.15,81.2,26.6,2400.030464,0.8487,0x0,21,2
2026-03-28T15:21:26.417057,61.15,80.6,26.8,2400.03712,0.8487,0x0,21,3
2026-03-28T15:21:27.442738,62.25,82.0,27.4,2400.030464,0.8487,0x0,22,
2026-03-28T15:21:28.465340,61.15,80.7,28.0,2400.030464,0.8487,0x0,22,3
2026-03-28T15:21:29.491041,61.7,82.1,28.2,2400.023808,0.8487,0x0,22,2
2026-03-28T15:21:30.515426,62.8,80.8,28.0,2400.027136,0.8487,0x0,21,3
2026-03-28T15:21:31.537881,61.15,79.9,27.9,2400.033792,0.8487,0x0,21,3
2026-03-28T15:21:32.559723,61.7,82.0,28.2,2400.023808,0.8487,0x0,21,3
2026-03-28T15:21:33.583889,59.5,80.3,27.6,2400.027136,0.8487,0x0,22,4
2026-03-28T15:21:34.606609,61.7,82.0,27.3,2400.023808,0.8487,0x0,21,0
2026-03-28T15:21:35.629106,60.6,81.4,27.1,2400.027136,0.8487,0x0,22,3
2026-03-28T15:21:36.654667,62.8,83.1,27.1,2400.033792,0.8487,0x0,22,
2026-03-28T15:21:37.677270,61.7,81.4,27.2,2400.02048,0.8487,0x0,21,3
2026-03-28T15:21:38.702291,62.25,81.5,27.0,2400.027136,0.8487,0x0,21,1
2026-03-28T15:21:39.724323,61.7,81.4,26.9,2400.027136,0.8487,0x0,22,2
2026-03-28T15:21:40.745695,61.15,81.3,26.8,2400.033792,0.8487,0x0,21,2
2026-03-28T15:21:41.773710,61.15,80.0,26.5,2400.033792,0.8487,0x0,21,0
2026-03-28T15:21:42.794384,62.8,81.4,26.4,2400.030464,0.8487,0x0,22,
2026-03-28T15:21:43.819126,60.6,81.6,26.5,2400.03712,0.8487,0x0,22,3
2026-03-28T15:21:44.850942,60.6,81.0,26.4,2400.027136,0.8487,0x0,21,3
2026-03-28T15:21:45.880137,61.15,81.8,26.4,2400.033792,0.8487,0x0,22,4
2026-03-28T15:21:46.903108,62.25,80.6,26.9,2400.02048,0.8487,0x0,21,3
2026-03-28T15:21:47.925999,62.25,83.0,27.4,2400.030464,0.8487,0x0,22,
2026-03-28T15:21:48.951034,61.7,81.1,27.3,2400.02048,0.8487,0x0,21,1
2026-03-28T15:21:49.988012,60.05,81.1,27.1,2400.023808,0.8487,0x0,21,1
2026-03-28T15:21:51.007695,61.15,81.3,27.3,2400.03712,0.8487,0x0,21,2
2026-03-28T15:21:52.029451,61.7,81.2,27.1,2400.02048,0.8487,0x0,21,3
2026-03-28T15:21:53.055685,61.7,81.1,26.8,2400.033792,0.8487,0x0,21,3
2026-03-28T15:21:54.082970,63.35,80.9,26.8,2400.017408,0.8487,0x0,22,4
2026-03-28T15:21:55.108354,61.7,82.0,26.7,2400.027136,0.8487,0x0,21,3
2026-03-28T15:21:56.138004,61.15,82.4,26.7,2400.033792,0.8487,0x0,21,1
2026-03-28T15:21:57.174978,61.7,81.3,27.0,2400.017408,0.8487,0x0,21,2
2026-03-28T15:21:58.194346,62.8,81.8,27.4,2400.030464,0.8487,0x0,21,3
2026-03-28T15:21:59.222284,59.5,80.4,27.5,2400.027136,0.8487,0x0,21,1
2026-03-28T15:22:00.240741,62.25,81.3,27.4,2400.033792,0.8487,0x0,21,1
2026-03-28T15:22:01.266409,60.6,83.8,27.2,2400.02048,0.8487,0x0,21,3
2026-03-28T15:22:02.289062,61.15,80.6,27.3,2400.027136,0.8487,0x0,21,3
2026-03-28T15:22:03.317703,62.25,80.3,27.3,2400.027136,0.8487,0x0,22,4
2026-03-28T15:22:04.342979,62.25,80.7,27.2,2400.033792,0.8487,0x0,21,4
2026-03-28T15:22:05.379450,61.15,81.0,27.1,2400.023808,0.8487,0x0,22,
2026-03-28T15:22:06.399669,61.15,81.7,27.0,2400.02048,0.8487,0x0,22,4
2026-03-28T15:22:07.421675,60.6,82.3,27.1,2400.027136,0.8487,0x0,21,1
2026-03-28T15:22:08.445463,61.15,81.2,26.7,2400.017408,0.8487,0x0,22,1
2026-03-28T15:22:09.468290,62.8,81.6,26.5,2400.027136,0.8487,0x0,22,3
2026-03-28T15:22:10.495641,61.15,80.8,26.6,2400.023808,0.8487,0x0,22,5
2026-03-28T15:22:11.522342,62.25,82.6,26.5,2400.017408,0.8487,0x0,21,1
2026-03-28T15:22:12.544566,60.6,81.1,26.3,2400.023808,0.8487,0x0,22,4
2026-03-28T15:22:13.569740,62.8,81.5,26.3,2400.03712,0.8487,0x0,21,1
2026-03-28T15:22:14.597153,62.25,81.3,26.3,2400.023808,0.8487,0x0,22,5
2026-03-28T15:22:15.621733,62.25,81.4,26.3,2400.03712,0.8487,0x0,21,2
2026-03-28T15:22:16.653356,61.7,80.5,26.5,2400.030464,0.8487,0x0,21,3
2026-03-28T15:22:17.686871,61.15,81.0,27.2,2400.027136,0.8487,0x0,22,
2026-03-28T15:22:18.711132,62.8,81.0,27.3,2400.02048,0.8487,0x0,21,4
2026-03-28T15:22:19.745857,61.7,80.8,27.1,2400.023808,0.8487,0x0,21,4
2026-03-28T15:22:20.770998,61.7,82.0,27.1,2400.030464,0.8487,0x0,21,2
2026-03-28T15:22:21.808164,62.25,82.4,27.4,2400.027136,0.8487,0x0,22,
2026-03-28T15:22:22.853287,61.7,80.6,27.3,2400.030464,0.8487,0x0,21,3
2026-03-28T15:22:23.880891,60.05,80.2,27.3,2400.033792,0.8487,0x0,22,1
2026-03-28T15:22:24.906318,62.8,80.8,27.6,2400.023808,0.8487,0x0,22,5
2026-03-28T15:22:25.929314,61.15,80.3,27.4,2400.03712,0.8487,0x0,21,4
2026-03-28T15:22:26.957011,61.15,80.5,27.3,2400.03712,0.8487,0x0,21,0
2026-03-28T15:22:28.058251,60.6,83.8,27.1,2400.033792,0.8487,0x0,22,4
2026-03-28T15:22:29.082534,62.25,81.4,26.8,2400.027136,0.8487,0x0,22,4
2026-03-28T15:22:30.115114,61.15,81.6,26.8,2400.030464,0.8487,0x0,21,3
2026-03-28T15:22:31.137954,61.7,80.7,26.7,2400.033792,0.8487,0x0,21,1
2026-03-28T15:22:32.160281,61.15,80.1,26.5,2400.027136,0.8487,0x0,22,2
2026-03-28T15:22:33.181637,61.7,82.0,26.5,2400.033792,0.8487,0x0,21,3
2026-03-28T15:22:34.205456,61.7,80.0,26.9,2400.023808,0.8487,0x0,21,
2026-03-28T15:22:35.239642,62.25,81.2,27.0,2400.033792,0.8487,0x0,22,
2026-03-28T15:22:36.265575,62.8,81.2,27.0,2400.030464,0.8487,0x0,21,1
2026-03-28T15:22:37.287045,61.7,80.1,26.9,2400.033792,0.8487,0x0,21,3
2026-03-28T15:22:38.309313,61.15,82.0,26.9,2400.023808,0.8487,0x0,21,4
2026-03-28T15:22:39.334395,60.6,79.0,27.1,2400.030464,0.8487,0x0,21,1
2026-03-28T15:22:40.360701,61.7,80.8,26.7,2400.023808,0.8487,0x0,21,1
2026-03-28T15:22:41.385922,62.8,81.3,26.6,2400.023808,0.8487,0x0,21,0
2026-03-28T15:22:42.405572,61.15,80.9,26.6,2400.03712,0.8487,0x0,22,2
2026-03-28T15:22:43.434029,61.7,82.2,26.4,2400.027136,0.8487,0x0,21,3
2026-03-28T15:22:44.457011,61.15,81.3,26.3,2400.02048,0.8487,0x0,21,3
2026-03-28T15:22:45.482943,61.15,81.6,26.4,2400.023808,0.8487,0x0,21,3
2026-03-28T15:22:46.520194,60.6,80.7,26.6,2400.030464,0.8487,0x0,21,3
2026-03-28T15:22:47.541040,61.15,81.1,26.6,2400.033792,0.8487,0x0,21,4
2026-03-28T15:22:48.563728,60.6,80.1,26.7,2400.027136,0.8487,0x0,21,3
2026-03-28T15:22:49.589198,61.15,80.7,26.9,2400.030464,0.8487,0x0,23,
2026-03-28T15:22:50.695581,62.25,82.7,26.9,2400.023808,0.8487,0x0,21,3
2026-03-28T15:22:51.718110,62.8,82.4,26.9,2400.030464,0.8487,0x0,21,0
2026-03-28T15:22:52.737710,61.7,82.9,26.8,2400.03712,0.8487,0x0,22,3
2026-03-28T15:22:53.763481,60.05,81.2,26.5,2400.030464,0.8487,0x0,22,
2026-03-28T15:22:54.789347,61.7,83.0,26.5,2400.023808,0.8487,0x0,22,1
2026-03-28T15:22:55.814328,62.25,84.2,26.6,2400.023808,0.8487,0x0,22,4
2026-03-28T15:22:56.843629,62.25,85.5,26.8,2400.027136,0.8487,0x0,22,4
2026-03-28T15:22:57.867936,61.15,86.3,26.9,2400.02048,0.8487,0x0,21,1
2026-03-28T15:22:58.891122,61.15,84.3,26.9,2400.033792,0.8487,0x0,21,4
2026-03-28T15:22:59.916636,60.6,84.7,27.3,2400.027136,0.8487,0x0,21,1
2026-03-28T15:23:00.940275,61.7,85.3,27.4,2400.03712,0.8487,0x0,21,3
2026-03-28T15:23:01.964862,62.25,85.0,27.3,2400.033792,0.8487,0x0,22,3
2026-03-28T15:23:02.991680,61.15,84.2,26.8,2400.017408,0.8487,0x0,21,3
2026-03-28T15:23:04.030951,62.25,84.8,26.6,2400.023808,0.8487,0x0,21,4
2026-03-28T15:23:05.060036,62.25,84.9,26.9,2400.030464,0.8487,0x0,21,3
2026-03-28T15:23:06.087667,62.8,86.2,26.7,2400.02048,0.8487,0x0,21,3
2026-03-28T15:23:07.112248,62.25,85.7,26.8,2400.023808,0.8487,0x0,21,4
2026-03-28T15:23:08.146838,62.8,85.0,26.8,2400.023808,0.8487,0x0,22,3
2026-03-28T15:23:09.170009,61.7,83.9,27.0,2400.017408,0.8487,0x0,22,1
2026-03-28T15:23:10.210960,60.6,85.6,27.2,2400.033792,0.8487,0x0,21,2
2026-03-28T15:23:11.235033,61.15,85.0,27.1,2400.023808,0.8487,0x0,21,2
2026-03-28T15:23:12.266767,61.7,86.6,27.1,2400.027136,0.8487,0x0,22,3
2026-03-28T15:23:13.288771,62.8,80.9,27.2,2400.030464,0.8487,0x0,21,3
2026-03-28T15:23:14.314942,60.6,81.8,26.8,2400.027136,0.8487,0x0,23,3
2026-03-28T15:23:15.334546,63.35,81.0,27.0,2400.033792,0.8487,0x0,21,3
2026-03-28T15:23:16.367762,62.8,81.6,27.2,2400.03712,0.8487,0x0,21,2
2026-03-28T15:23:17.396227,61.7,80.5,26.9,2400.027136,0.8487,0x0,21,1
2026-03-28T15:23:18.416401,61.7,79.9,26.5,2400.033792,0.8487,0x0,22,3
2026-03-28T15:23:19.444415,61.15,84.0,26.7,2400.02048,0.8487,0x0,21,3
2026-03-28T15:23:20.479913,61.7,81.4,27.1,2400.02048,0.8487,0x0,22,5
2026-03-28T15:23:21.501369,60.6,80.9,27.2,2400.023808,0.8487,0x0,22,4
2026-03-28T15:23:22.530121,61.7,82.0,26.8,2400.023808,0.8487,0x0,21,3
2026-03-28T15:23:23.556794,61.15,80.0,26.7,2400.030464,0.8487,0x0,21,3
2026-03-28T15:23:24.585124,61.7,80.7,26.7,2400.027136,0.8487,0x0,21,1
2026-03-28T15:23:25.608670,62.25,81.1,26.6,2400.023808,0.8487,0x0,22,5
2026-03-28T15:23:26.634760,61.15,81.2,26.6,2400.027136,0.8487,0x0,21,3
2026-03-28T15:23:27.664240,60.05,81.5,26.5,2400.023808,0.8487,0x0,21,3
2026-03-28T15:23:28.687774,62.25,80.2,26.5,2400.033792,0.8487,0x0,21,1
2026-03-28T15:23:29.711806,61.7,82.6,26.4,2400.023808,0.8487,0x0,22,
2026-03-28T15:23:30.736501,61.15,81.4,26.6,2400.027136,0.8487,0x0,21,3
2026-03-28T15:23:31.770962,62.25,82.2,26.6,2400.030464,0.8487,0x0,21,4
2026-03-28T15:23:32.796061,61.7,81.9,26.5,2400.02048,0.8487,0x0,21,0
2026-03-28T15:23:33.818949,62.8,80.8,26.4,2400.03712,0.8487,0x0,21,1
2026-03-28T15:23:34.946701,61.7,80.5,26.8,2400.023808,0.8487,0x0,21,4
2026-03-28T15:23:35.976504,61.15,80.3,27.6,2400.02048,0.8487,0x0,21,3
2026-03-28T15:23:37.069107,61.7,80.8,27.7,2400.03712,0.8487,0x0,21,4
2026-03-28T15:23:38.091168,62.25,80.8,27.2,2400.030464,0.8487,0x0,21,1
2026-03-28T15:23:39.129400,61.7,80.5,27.3,2400.033792,0.8487,0x0,22,4
2026-03-28T15:23:40.148746,61.7,81.2,26.9,2400.03712,0.8487,0x0,22,5
2026-03-28T15:23:41.174394,61.7,80.8,26.6,2400.033792,0.8487,0x0,21,4
2026-03-28T15:23:42.202652,60.05,81.3,26.6,2400.027136,0.8487,0x0,21,1
2026-03-28T15:23:43.228648,63.35,82.0,26.8,2400.02048,0.8487,0x0,22,2
2026-03-28T15:23:44.254956,63.35,82.2,27.3,2400.023808,0.8487,0x0,21,2
2026-03-28T15:23:45.279589,60.6,83.8,27.2,2400.030464,0.8487,0x0,21,2
2026-03-28T15:23:46.305686,62.8,81.7,27.2,2400.023808,0.8487,0x0,22,2
2026-03-28T15:23:47.327200,61.7,81.0,27.1,2400.02048,0.8487,0x0,22,3
2026-03-28T15:23:48.357348,62.25,81.7,27.1,2400.02048,0.8487,0x0,22,5
2026-03-28T15:23:49.382881,62.8,80.6,27.4,2400.027136,0.8487,0x0,21,3
2026-03-28T15:23:50.414112,62.8,80.4,27.4,2400.027136,0.8487,0x0,21,1
2026-03-28T15:23:51.440414,60.6,81.6,27.2,2400.023808,0.8487,0x0,21,3
2026-03-28T15:23:52.465160,62.25,81.3,27.3,2400.033792,0.8487,0x0,22,1
2026-03-28T15:23:53.499900,63.35,81.8,26.9,2400.033792,0.8487,0x0,21,4
2026-03-28T15:23:54.533505,61.15,80.6,26.7,2400.027136,0.8487,0x0,22,4
2026-03-28T15:23:55.554073,62.25,81.4,26.7,2400.027136,0.8487,0x0,23,4
2026-03-28T15:23:56.578729,62.8,79.3,27.2,2400.030464,0.8487,0x0,21,3
2026-03-28T15:23:57.600729,62.25,81.5,27.1,2400.027136,0.8487,0x0,21,3
2026-03-28T15:23:58.629754,61.15,81.2,27.1,2400.027136,0.8487,0x0,21,1
2026-03-28T15:23:59.654956,61.7,82.1,27.0,2400.02048,0.8487,0x0,21,3
2026-03-28T15:24:00.694965,61.15,81.2,27.2,2400.023808,0.8487,0x0,21,2
2026-03-28T15:24:01.798293,61.7,81.8,27.1,2400.027136,0.8487,0x0,22,5
2026-03-28T15:24:02.831004,63.9,81.0,26.7,2400.023808,0.8487,0x0,21,1
2026-03-28T15:24:03.850958,61.15,80.9,26.6,2400.030464,0.8487,0x0,21,3
2026-03-28T15:24:04.872283,61.15,82.0,26.7,2400.033792,0.8487,0x0,22,
2026-03-28T15:24:05.895372,61.15,81.3,26.7,2400.023808,0.8487,0x0,21,3
2026-03-28T15:24:06.924715,61.7,80.4,27.3,2400.02048,0.8487,0x0,21,3
2026-03-28T15:24:07.952580,63.9,82.6,27.3,2400.02048,0.8487,0x0,21,0
2026-03-28T15:24:08.975997,61.15,80.1,27.1,2400.02048,0.8487,0x0,21,3
2026-03-28T15:24:10.002167,63.35,85.5,27.1,2400.027136,0.8487,0x0,21,5
2026-03-28T15:24:11.036223,62.8,81.3,27.6,2400.033792,0.8487,0x0,22,1
2026-03-28T15:24:12.058531,63.35,80.5,27.9,2400.027136,0.8487,0x0,21,3
2026-03-28T15:24:13.088351,63.35,81.8,27.8,2400.033792,0.8487,0x0,22,
2026-03-28T15:24:14.116149,61.15,81.3,27.6,2400.033792,0.8487,0x0,22,4
2026-03-28T15:24:15.135873,61.7,81.5,27.5,2400.023808,0.8487,0x0,21,4
2026-03-28T15:24:16.159536,62.8,80.8,27.2,2400.030464,0.8487,0x0,21,3
2026-03-28T15:24:17.186591,61.7,81.5,26.9,2400.02048,0.8487,0x0,23,
2026-03-28T15:24:18.211198,61.7,81.8,26.9,2400.023808,0.8487,0x0,22,2
2026-03-28T15:24:19.246042,61.7,80.5,26.6,2400.030464,0.8487,0x0,22,4
2026-03-28T15:24:20.269514,61.15,80.8,26.6,2400.02048,0.8487,0x0,22,4
2026-03-28T15:24:21.293510,62.25,81.1,26.6,2400.02048,0.8487,0x0,21,3
2026-03-28T15:24:22.326869,62.25,82.0,26.5,2400.027136,0.8487,0x0,22,4
2026-03-28T15:24:23.355134,62.8,81.1,26.6,2400.023808,0.8487,0x0,22,
2026-03-28T15:24:24.388016,61.7,84.2,26.6,2400.033792,0.8487,0x0,22,2
2026-03-28T15:24:25.414245,62.8,81.3,26.9,2400.023808,0.8487,0x0,21,5
2026-03-28T15:24:26.441664,62.8,82.2,27.3,2400.033792,0.8487,0x0,21,3
2026-03-28T15:24:27.553800,61.15,81.3,27.7,2400.030464,0.8487,0x0,21,3
2026-03-28T15:24:28.581175,61.15,81.5,27.5,2400.02048,0.8487,0x0,21,0
2026-03-28T15:24:29.611796,61.7,81.1,27.4,2400.033792,0.8487,0x0,22,1
2026-03-28T15:24:30.636778,60.05,81.2,27.5,2400.02048,0.8487,0x0,22,2
2026-03-28T15:24:31.655881,62.25,81.5,27.2,2400.023808,0.8487,0x0,21,1
2026-03-28T15:24:32.681167,62.25,81.4,26.9,2400.023808,0.8487,0x0,21,2
2026-03-28T15:24:33.701992,61.7,80.9,26.7,2400.02048,0.8487,0x0,22,
2026-03-28T15:24:34.736023,61.15,81.5,26.5,2400.030464,0.8487,0x0,21,0
2026-03-28T15:24:35.846977,61.15,82.6,26.8,2400.033792,0.8487,0x0,21,3
2026-03-28T15:24:36.868204,61.7,80.8,26.9,2400.02048,0.8487,0x0,21,1
2026-03-28T15:24:37.901963,62.8,80.4,27.1,2400.02048,0.8487,0x0,21,3
2026-03-28T15:24:38.925159,61.7,81.2,27.1,2400.017408,0.8487,0x0,21,3
2026-03-28T15:24:39.965143,60.6,82.4,27.0,2400.027136,0.8487,0x0,21,3
2026-03-28T15:24:40.988476,62.25,82.2,27.0,2400.023808,0.8487,0x0,21,1
2026-03-28T15:24:42.009811,61.7,80.4,27.2,2400.023808,0.8487,0x0,22,2
2026-03-28T15:24:43.033565,62.8,80.7,27.0,2400.033792,0.8487,0x0,22,
2026-03-28T15:24:44.056791,61.7,81.5,26.9,2400.033792,0.8487,0x0,22,
2026-03-28T15:24:45.107282,62.25,81.4,26.8,2400.030464,0.8487,0x0,22,4
2026-03-28T15:24:46.143129,61.7,82.3,26.7,2400.030464,0.8487,0x0,21,3
2026-03-28T15:24:47.170032,60.05,82.0,26.7,2400.030464,0.8487,0x0,22,1
2026-03-28T15:24:48.194355,61.7,80.7,26.8,2400.030464,0.8487,0x0,22,2
2026-03-28T15:24:49.220364,62.25,82.3,26.7,2400.02048,0.8487,0x0,22,5
2026-03-28T15:24:50.247118,61.7,81.8,27.0,2400.027136,0.8487,0x0,21,3
2026-03-28T15:24:51.274280,61.15,79.9,27.3,2400.033792,0.8487,0x0,21,3
2026-03-28T15:24:52.296905,60.6,81.0,27.1,2400.017408,0.8487,0x0,21,3
2026-03-28T15:24:53.321487,62.8,81.1,26.9,2400.02048,0.8487,0x0,22,5
2026-03-28T15:24:54.347588,61.7,81.5,26.9,2400.023808,0.8487,0x0,21,1
2026-03-28T15:24:55.374443,62.8,81.0,26.9,2400.030464,0.8487,0x0,22,2
2026-03-28T15:24:56.401317,61.15,81.5,26.6,2400.023808,0.8487,0x0,22,
2026-03-28T15:24:57.424584,62.8,80.8,26.5,2400.030464,0.8487,0x0,21,4
2026-03-28T15:24:58.453249,62.25,81.2,26.7,2400.030464,0.8487,0x0,22,1
2026-03-28T15:24:59.477426,61.7,81.5,27.3,2400.027136,0.8487,0x0,21,1
2026-03-28T15:25:00.510968,62.25,81.4,27.9,2400.030464,0.8487,0x0,21,2
2026-03-28T15:25:01.549124,60.6,83.2,28.1,2400.017408,0.8487,0x0,21,4
2026-03-28T15:25:02.581420,61.15,81.8,27.9,2400.033792,0.8487,0x0,21,1
2026-03-28T15:25:03.601753,61.7,80.4,27.8,2400.027136,0.8487,0x0,21,4
2026-03-28T15:25:04.624245,61.7,82.3,27.6,2400.027136,0.8487,0x0,21,0
2026-03-28T15:25:05.686927,63.35,81.2,27.3,2400.017408,0.8487,0x0,22,4
2026-03-28T15:25:06.713708,61.7,80.7,27.2,2400.033792,0.8487,0x0,21,1
2026-03-28T15:25:07.800442,59.5,81.3,27.6,2400.030464,0.8487,0x0,22,2
2026-03-28T15:25:08.824137,62.25,82.0,27.7,2400.023808,0.8487,0x0,21,1
2026-03-28T15:25:09.848882,63.35,80.7,27.4,2400.027136,0.8487,0x0,22,4
2026-03-28T15:25:10.874598,60.6,82.3,27.2,2400.033792,0.8487,0x0,21,3
2026-03-28T15:25:11.897820,61.7,80.8,27.2,2400.027136,0.8487,0x0,22,2
2026-03-28T15:25:12.925453,62.25,80.7,27.2,2400.03712,0.8487,0x0,21,3
2026-03-28T15:25:13.951029,62.25,80.2,27.4,2400.023808,0.8487,0x0,22,1
2026-03-28T15:25:14.980312,61.7,81.9,27.5,2400.030464,0.8487,0x0,21,1
2026-03-28T15:25:16.074944,63.35,81.9,27.3,2400.033792,0.8487,0x0,21,3
2026-03-28T15:25:17.107507,62.25,81.2,27.6,2400.02048,0.8487,0x0,22,5
2026-03-28T15:25:18.132289,62.8,80.7,27.8,2400.027136,0.8487,0x0,22,4
2026-03-28T15:25:19.166127,63.35,81.8,27.6,2400.02048,0.8487,0x0,21,3
2026-03-28T15:25:20.192833,61.15,80.5,27.5,2400.033792,0.8487,0x0,21,3
2026-03-28T15:25:21.226200,61.7,81.1,27.4,2400.023808,0.8487,0x0,21,3
2026-03-28T15:25:22.254928,61.7,81.3,27.4,2400.027136,0.8487,0x0,22,4
2026-03-28T15:25:23.281913,61.15,79.8,27.2,2400.02048,0.8487,0x0,22,2
2026-03-28T15:25:24.305926,62.8,81.2,27.1,2400.023808,0.8487,0x0,21,3
2026-03-28T15:25:25.328216,61.7,80.4,27.1,2400.023808,0.8487,0x0,22,4
2026-03-28T15:25:26.351444,61.7,84.7,27.1,2400.033792,0.8487,0x0,21,3
2026-03-28T15:25:27.373404,61.7,80.0,27.1,2400.02048,0.8487,0x0,22,1
2026-03-28T15:25:28.397459,61.7,81.6,26.9,2400.030464,0.8487,0x0,22,4
2026-03-28T15:25:29.422439,61.7,81.0,27.0,2400.023808,0.8487,0x0,22,4
2026-03-28T15:25:30.444575,61.7,81.9,27.0,2400.03712,0.8487,0x0,22,
2026-03-28T15:25:31.570991,62.25,80.8,27.0,2400.027136,0.8487,0x0,22,4
2026-03-28T15:25:32.593740,62.8,81.5,27.0,2400.027136,0.8487,0x0,21,1
2026-03-28T15:25:33.629834,61.15,81.2,27.0,2400.02048,0.8487,0x0,21,3
2026-03-28T15:25:34.655024,61.15,81.7,27.0,2400.030464,0.8487,0x0,21,4
2026-03-28T15:25:35.685679,63.35,81.1,27.3,2400.02048,0.8487,0x0,22,
2026-03-28T15:25:36.706276,62.8,82.7,27.1,2400.02048,0.8487,0x0,22,2
2026-03-28T15:25:37.732691,60.6,80.8,27.0,2400.02048,0.8487,0x0,22,1
2026-03-28T15:25:38.759163,61.15,82.1,26.9,2400.03712,0.8487,0x0,22,4
2026-03-28T15:25:39.781314,61.7,81.5,26.9,2400.033792,0.8487,0x0,22,1
2026-03-28T15:25:40.808653,62.8,82.1,26.9,2400.023808,0.8487,0x0,22,3
2026-03-28T15:25:41.833038,62.8,80.4,26.9,2400.017408,0.8487,0x0,21,3
2026-03-28T15:25:42.861908,61.15,81.8,26.9,2400.030464,0.8487,0x0,22,4
2026-03-28T15:25:43.885335,62.8,82.0,26.9,2400.03712,0.8487,0x0,21,2
2026-03-28T15:25:44.907862,63.35,80.1,26.9,2400.03712,0.8487,0x0,21,3
2026-03-28T15:25:45.934519,62.25,80.6,26.9,2400.027136,0.8487,0x0,21,0
2026-03-28T15:25:46.956525,63.9,80.3,27.2,2400.030464,0.8487,0x0,21,2
2026-03-28T15:25:47.978563,62.25,81.5,27.0,2400.023808,0.8487,0x0,22,3
2026-03-28T15:25:49.000155,61.7,80.5,27.0,2400.017408,0.8487,0x0,21,3
2026-03-28T15:25:50.031117,62.25,80.6,26.9,2400.033792,0.8487,0x0,22,4
2026-03-28T15:25:51.058847,61.7,83.2,27.0,2400.023808,0.8487,0x0,22,
2026-03-28T15:25:52.084053,61.7,84.5,26.8,2400.027136,0.8487,0x0,21,1
2026-03-28T15:25:53.108561,61.15,81.8,26.8,2400.023808,0.8487,0x0,22,1
2026-03-28T15:25:54.137680,62.8,81.1,26.7,2400.023808,0.8487,0x0,22,4
2026-03-28T15:25:55.161519,62.25,81.3,26.7,2400.023808,0.8487,0x0,21,1
2026-03-28T15:25:56.185134,62.25,82.3,27.0,2400.033792,0.8487,0x0,21,3
2026-03-28T15:25:57.205893,61.7,82.2,27.6,2400.030464,0.8487,0x0,22,4
2026-03-28T15:25:58.239308,62.25,80.2,27.5,2400.030464,0.8487,0x0,22,1
2026-03-28T15:25:59.265753,62.25,81.6,27.5,2400.030464,0.8487,0x0,21,2
2026-03-28T15:26:00.286147,62.25,80.9,27.4,2400.033792,0.8487,0x0,21,3
2026-03-28T15:26:01.310952,62.25,82.5,27.3,2400.02048,0.8487,0x0,22,3
2026-03-28T15:26:02.335830,62.25,81.2,27.3,2400.030464,0.8487,0x0,21,2
2026-03-28T15:26:03.365795,62.25,80.7,27.6,2400.030464,0.8487,0x0,21,4
2026-03-28T15:26:04.390795,61.15,80.5,27.3,2400.02048,0.8487,0x0,21,3
2026-03-28T15:26:05.422665,62.25,81.4,27.1,2400.02048,0.8487,0x0,22,4
2026-03-28T15:26:06.446984,61.7,80.6,26.9,2400.030464,0.8487,0x0,21,3
2026-03-28T15:26:07.473466,62.8,80.7,26.9,2400.02048,0.8487,0x0,21,1
2026-03-28T15:26:08.498701,62.25,81.7,27.2,2400.02048,0.8487,0x0,22,4
2026-03-28T15:26:09.522164,61.7,80.5,26.9,2400.033792,0.8487,0x0,22,4
2026-03-28T15:26:10.544769,62.8,81.5,26.8,2400.023808,0.8487,0x0,22,
2026-03-28T15:26:11.572029,61.7,80.1,27.1,2400.027136,0.8487,0x0,21,3
2026-03-28T15:26:12.598807,62.8,84.6,27.2,2400.033792,0.8487,0x0,21,2
2026-03-28T15:26:13.627319,61.15,81.0,26.8,2400.02048,0.8487,0x0,21,3
2026-03-28T15:26:14.656440,62.8,81.8,26.6,2400.023808,0.8487,0x0,21,3
2026-03-28T15:26:15.686305,61.7,82.1,26.6,2400.02048,0.8487,0x0,21,5
2026-03-28T15:26:16.713452,61.7,82.1,26.6,2400.030464,0.8487,0x0,21,4
2026-03-28T15:26:17.746174,62.25,81.8,26.7,2400.023808,0.8487,0x0,21,1
2026-03-28T15:26:18.767355,61.7,80.7,26.7,2400.023808,0.8487,0x0,22,
2026-03-28T15:26:19.790072,62.25,81.0,26.6,2400.033792,0.8487,0x0,21,4
2026-03-28T15:26:20.820161,61.7,80.3,26.5,2400.023808,0.8487,0x0,22,4
2026-03-28T15:26:21.847453,63.35,80.5,26.5,2400.017408,0.8487,0x0,22,5
2026-03-28T15:26:22.875341,61.7,81.1,26.9,2400.023808,0.8487,0x0,21,3
2026-03-28T15:26:23.903119,61.7,81.4,27.5,2400.033792,0.8487,0x0,21,1
2026-03-28T15:26:24.926039,62.8,81.0,27.3,2400.030464,0.8487,0x0,21,3
2026-03-28T15:26:25.948887,61.15,80.6,27.2,2400.03712,0.8487,0x0,22,4
2026-03-28T15:26:26.973670,61.15,80.9,27.7,2400.030464,0.8487,0x0,21,3
2026-03-28T15:26:28.002959,61.7,80.2,27.4,2400.033792,0.8487,0x0,21,1
2026-03-28T15:26:29.027264,62.25,82.2,26.9,2400.03712,0.8487,0x0,22,
2026-03-28T15:26:30.067620,62.8,82.2,26.6,2400.033792,0.8487,0x0,22,4
2026-03-28T15:26:31.087790,62.25,82.3,26.6,2400.027136,0.8487,0x0,23,
2026-03-28T15:26:32.112554,61.15,80.8,26.6,2400.033792,0.8487,0x0,22,2
2026-03-28T15:26:33.140687,61.7,80.7,27.0,2400.027136,0.8487,0x0,23,
2026-03-28T15:26:34.163820,61.7,81.4,27.4,2400.030464,0.8487,0x0,21,3
2026-03-28T15:26:35.193754,61.15,80.4,27.3,2400.023808,0.8487,0x0,21,3
2026-03-28T15:26:36.216708,62.25,82.8,27.1,2400.033792,0.8487,0x0,21,1
2026-03-28T15:26:37.236624,61.15,81.6,26.9,2400.02048,0.8487,0x0,22,3
2026-03-28T15:26:38.273716,62.8,84.1,26.8,2400.033792,0.8487,0x0,22,4
2026-03-28T15:26:39.297876,62.25,81.5,27.1,2400.02048,0.8487,0x0,21,5
2026-03-28T15:26:40.321391,62.8,80.4,27.2,2400.03712,0.8487,0x0,22,2
2026-03-28T15:26:41.343643,62.25,82.0,27.1,2400.023808,0.8487,0x0,22,1
2026-03-28T15:26:42.364976,61.7,82.5,26.9,2400.033792,0.8487,0x0,21,1
2026-03-28T15:26:43.393519,62.8,81.4,27.4,2400.033792,0.8487,0x0,22,
2026-03-28T15:26:44.413037,61.7,80.4,27.4,2400.030464,0.8487,0x0,21,4
2026-03-28T15:26:45.443222,62.8,80.5,27.3,2400.023808,0.8487,0x0,22,4
2026-03-28T15:26:46.464161,62.8,82.2,27.3,2400.023808,0.8487,0x0,21,2
2026-03-28T15:26:47.491086,63.35,82.1,27.1,2400.030464,0.8487,0x0,22,1
2026-03-28T15:26:48.514072,62.8,81.5,27.2,2400.017408,0.8487,0x0,21,3
2026-03-28T15:26:49.537176,63.35,80.9,27.1,2400.033792,0.8487,0x0,21,4
2026-03-28T15:26:50.570075,60.6,81.4,27.1,2400.033792,0.8487,0x0,21,0
2026-03-28T15:26:51.628835,61.7,82.3,26.9,2400.030464,0.8487,0x0,21,2
2026-03-28T15:26:52.651868,62.25,82.8,27.0,2400.033792,0.8487,0x0,22,4
2026-03-28T15:26:53.677475,62.25,80.5,27.0,2400.02048,0.8487,0x0,21,3
2026-03-28T15:26:54.705826,61.15,80.8,27.3,2400.023808,0.8487,0x0,21,1
2026-03-28T15:26:55.778521,62.8,80.4,26.9,2400.030464,0.8487,0x0,21,3
2026-03-28T15:26:56.904018,61.7,81.5,26.9,2400.027136,0.8487,0x0,22,4
2026-03-28T15:26:57.934365,62.25,81.6,26.9,2400.027136,0.8487,0x0,21,2
2026-03-28T15:26:58.957509,61.7,80.9,27.3,2400.030464,0.8487,0x0,21,2
2026-03-28T15:26:59.978484,61.15,80.1,27.3,2400.030464,0.8487,0x0,21,3
2026-03-28T15:27:00.998501,61.15,81.5,27.4,2400.033792,0.8487,0x0,21,3
2026-03-28T15:27:02.030548,61.7,81.4,27.1,2400.030464,0.8487,0x0,23,
2026-03-28T15:27:03.066034,62.25,83.6,27.0,2400.030464,0.8487,0x0,22,
2026-03-28T15:27:04.104124,62.25,80.7,27.0,2400.030464,0.8487,0x0,22,
2026-03-28T15:27:05.128626,62.25,81.6,26.9,2400.023808,0.8487,0x0,21,3
2026-03-28T15:27:06.166267,61.15,82.1,26.7,2400.017408,0.8487,0x0,22,4
2026-03-28T15:27:07.193212,61.7,81.2,26.7,2400.033792,0.8487,0x0,22,
2026-03-28T15:27:08.220071,62.25,82.0,27.1,2400.030464,0.8487,0x0,21,5
2026-03-28T15:27:09.249791,61.15,80.4,27.5,2400.033792,0.8487,0x0,21,1
2026-03-28T15:27:10.274938,62.25,80.5,27.6,2400.030464,0.8487,0x0,22,3
2026-03-28T15:27:11.298496,61.7,80.1,27.5,2400.03712,0.8487,0x0,22,
2026-03-28T15:27:12.323745,61.7,80.4,27.4,2400.027136,0.8487,0x0,21,3
2026-03-28T15:27:13.343590,61.7,81.1,27.4,2400.023808,0.8487,0x0,22,4
2026-03-28T15:27:14.365800,63.35,79.8,27.9,2400.027136,0.8487,0x0,22,4
2026-03-28T15:27:15.392115,61.7,80.5,27.6,2400.023808,0.8487,0x0,22,4
2026-03-28T15:27:16.417246,63.35,80.4,27.3,2400.033792,0.8487,0x0,22,4
2026-03-28T15:27:17.442796,61.7,81.5,27.0,2400.033792,0.8487,0x0,22,
2026-03-28T15:27:18.470709,61.7,82.8,27.0,2400.027136,0.8487,0x0,22,4
2026-03-28T15:27:19.500645,62.25,80.5,27.1,2400.03712,0.8487,0x0,21,4
2026-03-28T15:27:20.530007,61.7,80.9,27.5,2400.02048,0.8487,0x0,22,4
2026-03-28T15:27:21.561684,62.8,82.1,27.5,2400.033792,0.8487,0x0,21,3
2026-03-28T15:27:22.586652,63.35,81.4,27.5,2400.030464,0.8487,0x0,22,7
2026-03-28T15:27:23.609963,61.7,80.5,27.6,2400.030464,0.8487,0x0,21,1
2026-03-28T15:27:24.631984,61.15,80.0,27.9,2400.02048,0.8487,0x0,21,3
2026-03-28T15:27:25.655262,61.7,81.4,27.7,2400.027136,0.8487,0x0,22,4
2026-03-28T15:27:26.782498,62.25,80.0,27.6,2400.023808,0.8487,0x0,22,5
2026-03-28T15:27:27.810086,61.7,81.0,27.4,2400.033792,0.8487,0x0,22,2
2026-03-28T15:27:28.836448,63.35,81.8,27.5,2400.033792,0.8487,0x0,22,4
2026-03-28T15:27:29.858969,62.25,80.2,27.4,2400.030464,0.8487,0x0,21,2
2026-03-28T15:27:30.882171,61.7,84.0,27.4,2400.03712,0.8487,0x0,21,3
2026-03-28T15:27:31.914968,61.7,81.0,27.2,2400.023808,0.8487,0x0,22,5
2026-03-28T15:27:32.940876,60.6,81.2,27.3,2400.02048,0.8487,0x0,21,3
2026-03-28T15:27:33.974183,61.7,80.5,27.2,2400.033792,0.8487,0x0,21,3
2026-03-28T15:27:34.998115,62.25,81.8,27.3,2400.02048,0.8487,0x0,22,
2026-03-28T15:27:36.040080,61.7,81.7,27.4,2400.030464,0.8487,0x0,22,3
2026-03-28T15:27:37.073191,62.25,81.4,27.4,2400.017408,0.8487,0x0,22,2
2026-03-28T15:27:38.098992,61.7,81.6,27.8,2400.033792,0.8487,0x0,21,2
2026-03-28T15:27:39.122136,62.25,81.3,28.0,2400.030464,0.8487,0x0,21,1
2026-03-28T15:27:40.143825,61.7,80.4,27.9,2400.030464,0.8487,0x0,21,3
2026-03-28T15:27:41.166865,60.6,81.8,28.1,2400.027136,0.8487,0x0,22,6
2026-03-28T15:27:42.193413,63.35,81.6,28.1,2400.033792,0.8487,0x0,22,
2026-03-28T15:27:43.223173,61.7,80.7,27.7,2400.023808,0.8487,0x0,21,3
2026-03-28T15:27:44.248947,62.25,81.6,27.5,2400.027136,0.8487,0x0,21,1
2026-03-28T15:27:45.270560,61.15,81.0,27.3,2400.03712,0.8487,0x0,21,3
2026-03-28T15:27:46.297822,62.25,79.9,27.1,2400.017408,0.8487,0x0,21,0
2026-03-28T15:27:47.401636,61.15,81.4,26.9,2400.02048,0.8487,0x0,22,3
2026-03-28T15:27:48.424583,62.8,81.1,26.9,2400.033792,0.8487,0x0,21,4
2026-03-28T15:27:49.457265,61.15,81.3,26.9,2400.03712,0.8487,0x0,21,2
2026-03-28T15:27:50.477281,62.25,81.6,27.0,2400.030464,0.8487,0x0,22,4
2026-03-28T15:27:51.502319,62.25,81.3,27.0,2400.023808,0.8487,0x0,21,3
2026-03-28T15:27:52.533205,62.25,81.4,27.4,2400.033792,0.8487,0x0,22,2
2026-03-28T15:27:53.556777,61.7,80.4,27.5,2400.030464,0.8487,0x0,21,3
2026-03-28T15:27:54.588126,62.25,81.9,27.4,2400.027136,0.8487,0x0,22,3
2026-03-28T15:27:55.620752,61.7,82.6,27.3,2400.017408,0.8487,0x0,21,3
2026-03-28T15:27:56.652237,62.25,82.8,27.2,2400.030464,0.8487,0x0,21,1
2026-03-28T15:27:57.676118,62.8,80.9,27.3,2400.027136,0.8487,0x0,22,3
2026-03-28T15:27:58.696818,61.15,81.4,27.1,2400.030464,0.8487,0x0,22,4
2026-03-28T15:27:59.724174,62.8,81.6,27.0,2400.023808,0.8487,0x0,21,3
2026-03-28T15:28:00.746941,61.7,80.7,27.0,2400.033792,0.8487,0x0,22,4
2026-03-28T15:28:01.769360,61.15,80.7,26.9,2400.023808,0.8487,0x0,21,4
2026-03-28T15:28:02.805265,61.7,81.2,26.9,2400.033792,0.8487,0x0,22,4
2026-03-28T15:28:03.825571,62.8,80.3,26.8,2400.030464,0.8487,0x0,21,3
2026-03-28T15:28:04.856452,62.25,81.8,26.8,2400.03712,0.8487,0x0,22,
2026-03-28T15:28:05.885394,61.7,80.3,26.9,2400.023808,0.8487,0x0,21,2
2026-03-28T15:28:06.908977,61.7,80.5,27.2,2400.023808,0.8487,0x0,22,4
2026-03-28T15:28:07.939095,63.35,82.0,27.6,2400.033792,0.8487,0x0,23,5
2026-03-28T15:28:08.974928,61.15,80.0,27.4,2400.027136,0.8487,0x0,22,2
2026-03-28T15:28:09.994151,62.25,81.0,27.3,2400.023808,0.8487,0x0,21,3
2026-03-28T15:28:11.016497,61.7,81.9,27.4,2400.033792,0.8487,0x0,22,1
2026-03-28T15:28:12.041350,63.35,81.7,27.6,2400.030464,0.8487,0x0,22,2
2026-03-28T15:28:13.060821,63.9,81.8,27.3,2400.023808,0.8487,0x0,21,1
2026-03-28T15:28:14.084223,61.7,80.8,27.2,2400.03712,0.8487,0x0,21,1
2026-03-28T15:28:15.205808,62.8,81.0,27.3,2400.033792,0.8487,0x0,21,1
2026-03-28T15:28:16.229275,62.8,81.1,27.4,2400.033792,0.8487,0x0,22,4
2026-03-28T15:28:17.256871,62.25,81.2,27.7,2400.023808,0.8487,0x0,21,3
2026-03-28T15:28:18.285215,61.7,80.6,27.7,2400.027136,0.8487,0x0,23,
2026-03-28T15:28:19.309425,61.15,80.2,27.6,2400.023808,0.8487,0x0,22,4
2026-03-28T15:28:20.336847,62.25,80.9,27.5,2400.030464,0.8487,0x0,22,4
2026-03-28T15:28:21.359844,62.25,83.3,27.6,2400.033792,0.8487,0x0,21,4
2026-03-28T15:28:22.381988,62.25,80.8,27.1,2400.02048,0.8487,0x0,22,
2026-03-28T15:28:23.408988,61.7,81.8,26.8,2400.033792,0.8487,0x0,22,5
2026-03-28T15:28:24.438077,62.8,80.9,26.7,2400.030464,0.8487,0x0,22,4
2026-03-28T15:28:25.457950,61.7,80.3,26.7,2400.033792,0.8487,0x0,22,2
2026-03-28T15:28:26.489564,62.8,81.5,27.0,2400.02048,0.8487,0x0,22,4
2026-03-28T15:28:27.510299,61.7,81.9,27.0,2400.03712,0.8487,0x0,21,0
2026-03-28T15:28:28.533258,63.9,79.8,26.9,2400.017408,0.8487,0x0,22,4
2026-03-28T15:28:29.555954,61.7,80.9,26.9,2400.027136,0.8487,0x0,22,4
2026-03-28T15:28:30.577352,60.6,80.8,26.9,2400.030464,0.8487,0x0,22,4
2026-03-28T15:28:31.600400,62.8,81.5,27.1,2400.023808,0.8487,0x0,21,4
2026-03-28T15:28:32.623795,60.05,81.4,27.7,2400.030464,0.8487,0x0,21,1
2026-03-28T15:28:33.643835,62.8,80.3,27.9,2400.02048,0.8487,0x0,22,5
2026-03-28T15:28:34.670049,61.7,81.3,27.6,2400.02048,0.8487,0x0,22,4
2026-03-28T15:28:35.699113,63.35,81.8,27.4,2400.023808,0.8487,0x0,22,4
2026-03-28T15:28:36.722611,61.15,83.0,27.4,2400.033792,0.8487,0x0,21,3
2026-03-28T15:28:37.744668,61.15,81.4,27.2,2400.027136,0.8487,0x0,21,3
2026-03-28T15:28:38.774474,61.15,82.0,27.2,2400.030464,0.8487,0x0,21,3
2026-03-28T15:28:39.801390,62.8,80.9,27.2,2400.023808,0.8487,0x0,22,2
2026-03-28T15:28:40.831082,61.7,81.6,27.4,2400.023808,0.8487,0x0,22,2
2026-03-28T15:28:41.857411,63.35,81.9,27.6,2400.033792,0.8487,0x0,23,3
2026-03-28T15:28:42.880933,61.15,80.9,27.5,2400.03712,0.8487,0x0,21,3
2026-03-28T15:28:43.906565,62.8,81.1,27.3,2400.02048,0.8487,0x0,21,4
2026-03-28T15:28:44.932556,63.35,81.2,27.1,2400.027136,0.8487,0x0,21,3
2026-03-28T15:28:45.957632,60.6,81.7,27.0,2400.02048,0.8487,0x0,22,4
2026-03-28T15:28:46.982758,61.7,82.5,26.7,2400.033792,0.8487,0x0,22,
2026-03-28T15:28:48.007651,62.8,81.3,27.2,2400.033792,0.8487,0x0,21,3
2026-03-28T15:28:49.041058,61.7,79.4,27.8,2400.02048,0.8487,0x0,22,
2026-03-28T15:28:50.061535,62.8,81.0,27.9,2400.027136,0.8487,0x0,21,1
2026-03-28T15:28:51.084524,61.15,79.6,27.7,2400.030464,0.8487,0x0,21,3
2026-03-28T15:28:52.112756,61.7,81.0,27.6,2400.027136,0.8487,0x0,22,
2026-03-28T15:28:53.139817,62.8,80.1,27.4,2400.02048,0.8487,0x0,21,3
2026-03-28T15:28:54.165576,62.25,83.1,27.4,2400.030464,0.8487,0x0,21,5
2026-03-28T15:28:55.194938,61.7,81.2,27.2,2400.023808,0.8487,0x0,22,2
2026-03-28T15:28:56.220334,61.15,81.9,27.1,2400.030464,0.8487,0x0,22,1
2026-03-28T15:28:57.249946,61.7,80.8,27.0,2400.02048,0.8487,0x0,21,3
2026-03-28T15:28:58.268858,62.8,80.4,27.0,2400.033792,0.8487,0x0,21,3
2026-03-28T15:28:59.293965,62.8,81.3,27.0,2400.027136,0.8487,0x0,22,4
2026-03-28T15:29:00.318266,62.8,81.4,27.0,2400.027136,0.8487,0x0,21,3
2026-03-28T15:29:01.352433,62.25,81.9,26.9,2400.023808,0.8487,0x0,21,3
2026-03-28T15:29:02.377400,61.7,82.3,26.8,2400.023808,0.8487,0x0,21,3
2026-03-28T15:29:03.400617,61.15,81.0,26.7,2400.03712,0.8487,0x0,22,4
2026-03-28T15:29:04.432715,61.7,80.7,26.6,2400.033792,0.8487,0x0,22,2
2026-03-28T15:29:05.457323,61.15,80.7,26.7,2400.017408,0.8487,0x0,22,4
2026-03-28T15:29:06.481550,62.8,81.9,26.5,2400.02048,0.8487,0x0,22,4
2026-03-28T15:29:07.503638,62.8,83.6,27.0,2400.023808,0.8487,0x0,22,2
2026-03-28T15:29:08.526973,61.7,81.2,27.7,2400.030464,0.8487,0x0,22,
2026-03-28T15:29:09.553673,61.7,80.8,27.6,2400.033792,0.8487,0x0,22,2
2026-03-28T15:29:10.579978,61.15,80.8,28.1,2400.027136,0.8487,0x0,21,0
2026-03-28T15:29:11.598650,61.15,80.6,27.7,2400.027136,0.8487,0x0,21,3
2026-03-28T15:29:12.633999,61.7,81.0,27.5,2400.033792,0.8487,0x0,22,4
2026-03-28T15:29:13.656021,61.7,80.9,27.1,2400.027136,0.8487,0x0,22,4
2026-03-28T15:29:14.689265,62.25,80.5,26.8,2400.02048,0.8487,0x0,21,3
2026-03-28T15:29:15.712783,61.15,80.7,26.9,2400.027136,0.8487,0x0,21,4
2026-03-28T15:29:16.744020,61.7,81.8,26.9,2400.02048,0.8487,0x0,21,3
2026-03-28T15:29:17.773392,61.7,81.4,27.3,2400.030464,0.8487,0x0,22,
2026-03-28T15:29:18.800051,61.7,80.7,27.3,2400.027136,0.8487,0x0,21,3
2026-03-28T15:29:19.830966,63.35,81.9,27.1,2400.02048,0.8487,0x0,21,3
2026-03-28T15:29:20.859515,61.15,81.3,27.2,2400.030464,0.8487,0x0,21,1
2026-03-28T15:29:21.886444,62.8,82.5,27.1,2400.023808,0.8487,0x0,22,1
2026-03-28T15:29:22.980174,61.7,81.7,27.3,2400.03712,0.8487,0x0,22,5
2026-03-28T15:29:24.004436,62.25,80.3,27.0,2400.027136,0.8487,0x0,21,3
2026-03-28T15:29:25.029698,61.15,81.8,26.8,2400.02048,0.8487,0x0,21,3
2026-03-28T15:29:26.060269,62.8,81.1,26.9,2400.02048,0.8487,0x0,22,
2026-03-28T15:29:27.085425,61.15,80.4,27.3,2400.023808,0.8487,0x0,22,2
2026-03-28T15:29:28.106650,61.7,81.0,27.2,2400.02048,0.8487,0x0,21,3
2026-03-28T15:29:29.132538,63.35,82.6,27.0,2400.03712,0.8487,0x0,22,
2026-03-28T15:29:30.164389,63.35,80.2,26.9,2400.030464,0.8487,0x0,21,3
2026-03-28T15:29:31.192842,61.7,81.1,26.8,2400.023808,0.8487,0x0,22,4
2026-03-28T15:29:32.218401,62.25,82.9,26.7,2400.033792,0.8487,0x0,22,4
2026-03-28T15:29:33.241581,61.7,82.4,26.5,2400.030464,0.8487,0x0,21,4
2026-03-28T15:29:34.268352,62.8,79.8,26.4,2400.027136,0.8487,0x0,22,4
2026-03-28T15:29:35.292499,62.8,80.5,26.4,2400.033792,0.8487,0x0,21,1
2026-03-28T15:29:36.319831,62.25,80.9,26.4,2400.030464,0.8487,0x0,21,3
2026-03-28T15:29:37.343960,62.8,81.2,26.5,2400.023808,0.8487,0x0,22,4
2026-03-28T15:29:38.470265,62.25,81.2,26.4,2400.027136,0.8487,0x0,22,2
2026-03-28T15:29:39.491992,61.7,80.9,26.5,2400.033792,0.8487,0x0,22,4
2026-03-28T15:29:40.527753,61.7,81.1,26.6,2400.033792,0.8487,0x0,21,3
2026-03-28T15:29:41.553994,62.8,83.0,26.6,2400.023808,0.8487,0x0,22,2
2026-03-28T15:29:42.582709,61.7,82.4,26.6,2400.027136,0.8487,0x0,22,2
2026-03-28T15:29:43.608590,63.9,81.4,26.7,2400.033792,0.8487,0x0,21,0
2026-03-28T15:29:44.631591,61.7,80.1,26.7,2400.033792,0.8487,0x0,21,3
2026-03-28T15:29:45.655921,61.7,82.0,26.7,2400.030464,0.8487,0x0,21,3
2026-03-28T15:29:46.689929,61.15,81.0,26.7,2400.02048,0.8487,0x0,21,3
2026-03-28T15:29:47.813900,63.9,82.5,27.0,2400.017408,0.8487,0x0,22,1
2026-03-28T15:29:48.847150,62.8,81.0,27.8,2400.033792,0.8487,0x0,22,4
2026-03-28T15:29:49.868807,61.7,81.0,28.3,2400.027136,0.8487,0x0,22,1
2026-03-28T15:29:50.893676,62.25,81.6,28.2,2400.030464,0.8487,0x0,22,
2026-03-28T15:29:51.917338,61.7,80.5,27.8,2400.027136,0.8487,0x0,21,3
2026-03-28T15:29:52.944078,62.25,82.9,27.6,2400.033792,0.8487,0x0,21,3
2026-03-28T15:29:53.972502,62.25,81.3,27.8,2400.030464,0.8487,0x0,22,
2026-03-28T15:29:54.999068,61.7,81.6,27.7,2400.030464,0.8487,0x0,22,2
2026-03-28T15:29:56.022857,62.8,81.8,27.4,2400.033792,0.8487,0x0,21,
2026-03-28T15:29:57.047687,61.15,81.2,27.7,2400.027136,0.8487,0x0,21,3
2026-03-28T15:29:58.069948,61.7,83.3,27.4,2400.017408,0.8487,0x0,22,2
2026-03-28T15:29:59.092876,61.7,80.8,27.2,2400.02048,0.8487,0x0,22,2
2026-03-28T15:30:00.118280,61.7,81.6,27.1,2400.033792,0.8487,0x0,22,4
2026-03-28T15:30:01.143758,61.15,81.6,27.0,2400.027136,0.8487,0x0,21,2
2026-03-28T15:30:02.175036,62.25,81.7,27.0,2400.030464,0.8487,0x0,22,2
2026-03-28T15:30:03.197165,62.25,80.0,27.0,2400.02048,0.8487,0x0,21,3
2026-03-28T15:30:04.225363,62.8,79.9,26.9,2400.033792,0.8487,0x0,21,3
2026-03-28T15:30:05.245870,62.25,81.9,26.9,2400.033792,0.8487,0x0,22,5
2026-03-28T15:30:06.276608,62.25,80.3,26.9,2400.033792,0.8487,0x0,22,
2026-03-28T15:30:07.301718,61.15,81.9,26.8,2400.030464,0.8487,0x0,21,3
2026-03-28T15:30:08.333221,61.7,81.0,26.7,2400.03712,0.8487,0x0,21,1
2026-03-28T15:30:09.361102,62.25,81.6,27.2,2400.030464,0.8487,0x0,22,
2026-03-28T15:30:10.389619,61.15,80.8,27.4,2400.027136,0.8487,0x0,22,4
2026-03-28T15:30:11.413824,62.8,81.1,27.3,2400.033792,0.8487,0x0,22,5
2026-03-28T15:30:12.436749,62.25,82.5,27.1,2400.017408,0.8487,0x0,21,0
2026-03-28T15:30:13.458260,60.6,80.9,27.0,2400.023808,0.8487,0x0,22,4
2026-03-28T15:30:14.481506,61.7,80.6,26.9,2400.033792,0.8487,0x0,21,5
2026-03-28T15:30:15.505974,62.25,81.0,26.9,2400.030464,0.8487,0x0,21,3
2026-03-28T15:30:16.535748,62.8,80.3,26.8,2400.030464,0.8487,0x0,22,5
2026-03-28T15:30:17.560242,62.8,81.9,26.8,2400.023808,0.8487,0x0,21,3
2026-03-28T15:30:18.588754,62.25,81.3,26.7,2400.027136,0.8487,0x0,22,
2026-03-28T15:30:19.611815,61.7,81.9,26.8,2400.02048,0.8487,0x0,21,1
2026-03-28T15:30:20.633539,61.15,80.3,27.1,2400.030464,0.8487,0x0,21,0
2026-03-28T15:30:21.753738,62.25,79.1,27.6,2400.033792,0.8487,0x0,21,3
2026-03-28T15:30:22.781484,61.7,84.0,28.0,2400.023808,0.8487,0x0,21,0
2026-03-28T15:30:23.800609,61.7,80.9,27.9,2400.02048,0.8487,0x0,22,
2026-03-28T15:30:24.826842,62.8,80.8,27.7,2400.023808,0.8487,0x0,22,4
2026-03-28T15:30:25.854832,62.8,80.8,27.5,2400.027136,0.8487,0x0,21,1
2026-03-28T15:30:26.879879,62.25,81.3,27.5,2400.017408,0.8487,0x0,23,4
2026-03-28T15:30:27.907703,60.6,83.7,27.4,2400.02048,0.8487,0x0,21,1
2026-03-28T15:30:28.935000,61.15,80.1,27.3,2400.033792,0.8487,0x0,22,4
2026-03-28T15:30:29.960489,61.15,81.3,26.9,2400.033792,0.8487,0x0,22,5
2026-03-28T15:30:30.989333,61.7,82.2,26.6,2400.033792,0.8487,0x0,22,4
2026-03-28T15:30:32.013541,61.7,80.7,26.7,2400.023808,0.8487,0x0,21,5
2026-03-28T15:30:33.051983,60.6,82.9,27.2,2400.030464,0.8487,0x0,22,3
2026-03-28T15:30:34.077553,60.6,80.9,27.1,2400.02048,0.8487,0x0,21,3
2026-03-28T15:30:35.107277,62.8,80.9,27.0,2400.02048,0.8487,0x0,22,
2026-03-28T15:30:36.134084,61.7,80.8,27.0,2400.023808,0.8487,0x0,22,3
2026-03-28T15:30:37.157110,60.6,80.4,26.9,2400.02048,0.8487,0x0,22,4
2026-03-28T15:30:38.180222,62.25,81.7,27.0,2400.02048,0.8487,0x0,22,1
2026-03-28T15:30:39.209053,62.8,80.3,26.9,2400.023808,0.8487,0x0,21,3
2026-03-28T15:30:40.230751,62.8,80.5,27.0,2400.02048,0.8487,0x0,21,4
2026-03-28T15:30:41.251589,62.25,81.8,27.0,2400.030464,0.8487,0x0,21,4
2026-03-28T15:30:42.283250,60.6,81.1,26.9,2400.030464,0.8487,0x0,21,3
2026-03-28T15:30:43.306307,61.15,81.9,27.0,2400.03712,0.8487,0x0,21,4
2026-03-28T15:30:44.331050,61.7,80.8,27.0,2400.030464,0.8487,0x0,21,3
2026-03-28T15:30:45.355936,62.25,80.1,27.0,2400.027136,0.8487,0x0,22,4
2026-03-28T15:30:46.378105,61.7,81.3,27.2,2400.023808,0.8487,0x0,21,2
2026-03-28T15:30:47.406538,63.35,80.9,27.7,2400.033792,0.8487,0x0,22,4
2026-03-28T15:30:48.434651,61.7,83.3,27.9,2400.02048,0.8487,0x0,21,3
2026-03-28T15:30:49.560596,61.7,81.8,27.8,2400.030464,0.8487,0x0,22,
2026-03-28T15:30:50.591885,62.8,82.4,27.8,2400.023808,0.8487,0x0,21,3
2026-03-28T15:30:51.621794,62.8,82.9,27.7,2400.027136,0.8487,0x0,21,3
2026-03-28T15:30:52.643915,62.8,81.9,27.6,2400.03712,0.8487,0x0,21,0
2026-03-28T15:30:53.670977,62.25,80.3,27.8,2400.02048,0.8487,0x0,21,3
2026-03-28T15:30:54.695071,61.7,80.6,27.4,2400.027136,0.8487,0x0,22,4
2026-03-28T15:30:55.716086,61.7,80.6,27.2,2400.023808,0.8487,0x0,21,3
2026-03-28T15:30:56.742748,61.7,80.8,27.2,2400.030464,0.8487,0x0,22,
2026-03-28T15:30:57.767610,61.15,82.8,27.1,2400.027136,0.8487,0x0,22,2
2026-03-28T15:30:58.793052,61.15,81.0,27.1,2400.023808,0.8487,0x0,21,3
2026-03-28T15:30:59.822631,61.7,80.3,27.1,2400.033792,0.8487,0x0,22,
2026-03-28T15:31:00.851605,61.15,82.1,27.1,2400.030464,0.8487,0x0,21,3
2026-03-28T15:31:01.886945,61.15,82.5,27.7,2400.030464,0.8487,0x0,22,4
2026-03-28T15:31:02.909961,62.8,81.1,27.9,2400.033792,0.8487,0x0,22,4
2026-03-28T15:31:03.939926,60.6,82.3,27.7,2400.023808,0.8487,0x0,22,3
2026-03-28T15:31:04.964200,61.15,81.9,27.8,2400.02048,0.8487,0x0,21,4
2026-03-28T15:31:05.995805,60.6,80.8,27.6,2400.03712,0.8487,0x0,22,2
2026-03-28T15:31:07.022976,61.7,81.1,27.6,2400.033792,0.8487,0x0,21,3
2026-03-28T15:31:08.049848,62.8,81.4,27.6,2400.023808,0.8487,0x0,22,4
2026-03-28T15:31:09.077627,61.15,81.0,27.8,2400.027136,0.8487,0x0,21,3
2026-03-28T15:31:10.099847,61.7,80.6,27.8,2400.033792,0.8487,0x0,21,1
2026-03-28T15:31:11.129984,60.6,81.8,27.5,2400.023808,0.8487,0x0,21,2
2026-03-28T15:31:12.259436,61.15,80.8,27.4,2400.017408,0.8487,0x0,21,3
2026-03-28T15:31:13.279649,61.7,81.4,27.2,2400.03712,0.8487,0x0,21,0
2026-03-28T15:31:14.298993,62.8,85.3,27.1,2400.02048,0.8487,0x0,21,3
2026-03-28T15:31:15.323396,61.7,81.0,27.5,2400.033792,0.8487,0x0,22,
2026-03-28T15:31:16.353125,62.8,82.1,27.3,2400.030464,0.8487,0x0,21,3
2026-03-28T15:31:17.378519,61.7,81.6,27.1,2400.023808,0.8487,0x0,21,1
2026-03-28T15:31:18.405283,62.25,80.3,26.8,2400.023808,0.8487,0x0,21,1
2026-03-28T15:31:19.432061,61.7,80.6,26.7,2400.033792,0.8487,0x0,22,4
2026-03-28T15:31:20.452067,61.7,81.2,26.6,2400.03712,0.8487,0x0,21,1
2026-03-28T15:31:21.480543,61.7,81.2,26.6,2400.030464,0.8487,0x0,22,
2026-03-28T15:31:22.504217,61.7,82.0,26.7,2400.030464,0.8487,0x0,21,3
2026-03-28T15:31:23.541636,62.25,81.4,26.7,2400.027136,0.8487,0x0,21,3
2026-03-28T15:31:24.562353,61.15,80.8,26.8,2400.027136,0.8487,0x0,21,3
2026-03-28T15:31:25.585004,61.7,79.9,26.8,2400.030464,0.8487,0x0,21,3
2026-03-28T15:31:26.612589,61.15,81.3,26.7,2400.033792,0.8487,0x0,22,4
2026-03-28T15:31:27.639152,62.25,81.1,26.8,2400.03712,0.8487,0x0,22,2
2026-03-28T15:31:28.670221,61.7,82.2,26.8,2400.033792,0.8487,0x0,22,2
2026-03-28T15:31:29.690952,63.35,80.7,27.0,2400.023808,0.8487,0x0,22,2
2026-03-28T15:31:30.713732,62.25,80.8,26.9,2400.017408,0.8487,0x0,21,3
2026-03-28T15:31:31.738588,63.35,82.4,26.8,2400.033792,0.8487,0x0,21,5
2026-03-28T15:31:32.770127,61.7,80.8,26.8,2400.030464,0.8487,0x0,22,3
2026-03-28T15:31:33.796634,62.25,81.9,26.8,2400.023808,0.8487,0x0,21,3
2026-03-28T15:31:34.824913,60.6,80.4,27.2,2400.027136,0.8487,0x0,22,1
2026-03-28T15:31:35.852605,60.05,81.4,27.5,2400.027136,0.8487,0x0,21,3
2026-03-28T15:31:36.875926,62.25,81.3,27.4,2400.027136,0.8487,0x0,21,3
2026-03-28T15:31:37.901479,61.7,80.7,27.2,2400.02048,0.8487,0x0,23,
2026-03-28T15:31:38.939159,61.7,81.8,27.0,2400.027136,0.8487,0x0,21,2
2026-03-28T15:31:39.979305,61.15,85.2,27.0,2400.02048,0.8487,0x0,21,0
2026-03-28T15:31:41.001099,61.15,80.8,26.9,2400.033792,0.8487,0x0,21,1
2026-03-28T15:31:42.021452,62.25,81.7,26.7,2400.023808,0.8487,0x0,22,4
2026-03-28T15:31:43.053178,61.15,81.4,26.6,2400.023808,0.8487,0x0,22,5
2026-03-28T15:31:44.077088,61.15,81.0,26.4,2400.027136,0.8487,0x0,21,3
2026-03-28T15:31:45.102226,62.25,81.6,26.4,2400.023808,0.8487,0x0,22,
2026-03-28T15:31:46.134165,61.7,81.0,26.4,2400.023808,0.8487,0x0,21,2
2026-03-28T15:31:47.158624,62.25,81.8,26.4,2400.033792,0.8487,0x0,21,1
2026-03-28T15:31:48.184641,61.7,80.4,26.4,2400.02048,0.8487,0x0,22,2
2026-03-28T15:31:49.205877,62.8,80.7,26.5,2400.033792,0.8487,0x0,22,4
2026-03-28T15:31:50.227732,61.7,81.6,26.9,2400.02048,0.8487,0x0,21,4
2026-03-28T15:31:51.261132,62.8,80.6,27.4,2400.030464,0.8487,0x0,22,3
2026-03-28T15:31:52.288908,62.25,81.6,27.3,2400.02048,0.8487,0x0,21,1
2026-03-28T15:31:53.312054,63.35,81.5,27.2,2400.02048,0.8487,0x0,22,5
2026-03-28T15:31:54.347118,61.7,81.5,27.1,2400.02048,0.8487,0x0,21,3
2026-03-28T15:31:55.375328,63.35,81.4,27.2,2400.03712,0.8487,0x0,21,2
2026-03-28T15:31:56.400400,61.15,80.6,27.3,2400.023808,0.8487,0x0,22,5
2026-03-28T15:31:57.426214,62.8,79.8,27.5,2400.023808,0.8487,0x0,21,3
2026-03-28T15:31:58.449200,61.7,81.7,27.9,2400.027136,0.8487,0x0,21,3
2026-03-28T15:31:59.472518,61.7,84.7,27.7,2400.03712,0.8487,0x0,21,3
2026-03-28T15:32:00.496766,62.8,81.4,27.3,2400.02048,0.8487,0x0,21,3
2026-03-28T15:32:01.524995,63.35,80.3,27.2,2400.030464,0.8487,0x0,21,2
2026-03-28T15:32:02.553979,61.7,81.0,27.2,2400.027136,0.8487,0x0,21,0
2026-03-28T15:32:03.653998,60.6,81.0,27.1,2400.02048,0.8487,0x0,21,3
2026-03-28T15:32:04.676953,61.7,81.5,27.2,2400.023808,0.8487,0x0,21,3
2026-03-28T15:32:05.705434,61.15,80.4,27.5,2400.02048,0.8487,0x0,22,4
2026-03-28T15:32:06.734886,62.8,81.0,27.1,2400.03712,0.8487,0x0,21,1
2026-03-28T15:32:07.808953,61.15,80.7,26.9,2400.017408,0.8487,0x0,21,3
2026-03-28T15:32:08.832163,61.7,80.9,26.9,2400.033792,0.8487,0x0,21,0
2026-03-28T15:32:09.854842,61.7,80.6,26.9,2400.033792,0.8487,0x0,21,1
2026-03-28T15:32:10.879860,62.25,81.6,27.3,2400.033792,0.8487,0x0,22,5
2026-03-28T15:32:11.901841,62.25,81.5,27.2,2400.033792,0.8487,0x0,21,3
2026-03-28T15:32:12.933801,59.5,82.2,27.0,2400.027136,0.8487,0x0,22,5
2026-03-28T15:32:13.965583,62.8,80.7,27.0,2400.023808,0.8487,0x0,21,4
2026-03-28T15:32:14.992141,60.6,80.9,26.8,2400.033792,0.8487,0x0,23,
2026-03-28T15:32:16.014077,62.25,82.2,26.9,2400.027136,0.8487,0x0,21,1
2026-03-28T15:32:17.044005,61.15,82.2,26.7,2400.030464,0.8487,0x0,21,2
2026-03-28T15:32:18.071183,61.7,82.4,26.8,2400.033792,0.8487,0x0,22,2
2026-03-28T15:32:19.096530,61.15,80.6,26.8,2400.03712,0.8487,0x0,22,4
2026-03-28T15:32:20.119976,61.15,81.6,26.8,2400.030464,0.8487,0x0,22,
2026-03-28T15:32:21.149751,63.35,80.7,26.8,2400.033792,0.8487,0x0,21,1
2026-03-28T15:32:22.169120,61.15,80.3,26.8,2400.027136,0.8487,0x0,21,3
2026-03-28T15:32:23.192921,61.7,81.4,26.8,2400.027136,0.8487,0x0,21,0
2026-03-28T15:32:24.213705,61.15,81.4,27.0,2400.027136,0.8487,0x0,21,2
2026-03-28T15:32:25.238364,62.25,84.7,27.4,2400.033792,0.8487,0x0,21,3
2026-03-28T15:32:26.263223,61.7,83.0,27.7,2400.02048,0.8487,0x0,21,3
2026-03-28T15:32:27.288657,61.15,81.2,27.8,2400.030464,0.8487,0x0,22,1
2026-03-28T15:32:28.313846,62.25,82.3,27.6,2400.03712,0.8487,0x0,22,1
2026-03-28T15:32:29.340852,62.25,81.6,27.4,2400.027136,0.8487,0x0,22,4
2026-03-28T15:32:30.369835,62.8,81.3,27.7,2400.033792,0.8487,0x0,21,3
2026-03-28T15:32:31.390165,62.25,82.4,28.2,2400.02048,0.8487,0x0,21,3
2026-03-28T15:32:32.415004,60.6,81.1,27.9,2400.030464,0.8487,0x0,22,3
2026-03-28T15:32:33.435866,61.7,81.7,27.7,2400.023808,0.8487,0x0,21,4
2026-03-28T15:32:34.468965,61.7,81.3,27.5,2400.033792,0.8487,0x0,22,2
2026-03-28T15:32:35.492017,63.35,81.5,27.4,2400.027136,0.8487,0x0,21,1
2026-03-28T15:32:36.556778,61.7,81.5,27.8,2400.030464,0.8487,0x0,22,3
2026-03-28T15:32:37.581188,61.15,81.1,27.5,2400.027136,0.8487,0x0,21,0
2026-03-28T15:32:38.601913,61.15,81.5,27.3,2400.027136,0.8487,0x0,22,
2026-03-28T15:32:39.626600,60.6,81.1,27.2,2400.033792,0.8487,0x0,22,2
2026-03-28T15:32:40.665935,61.15,81.3,26.9,2400.03712,0.8487,0x0,22,
2026-03-28T15:32:41.691653,60.6,82.2,26.9,2400.03712,0.8487,0x0,22,2
2026-03-28T15:32:42.713554,61.7,80.6,26.9,2400.02048,0.8487,0x0,22,4
2026-03-28T15:32:43.742960,62.8,81.5,26.9,2400.027136,0.8487,0x0,22,4
2026-03-28T15:32:44.764058,61.15,82.0,26.8,2400.023808,0.8487,0x0,23,6
2026-03-28T15:32:45.800366,61.15,82.1,26.8,2400.027136,0.8487,0x0,21,4
2026-03-28T15:32:46.822529,61.7,80.8,26.8,2400.033792,0.8487,0x0,21,0
2026-03-28T15:32:47.846067,61.15,81.2,26.9,2400.023808,0.8487,0x0,21,2
2026-03-28T15:32:48.872557,62.8,81.4,26.8,2400.030464,0.8487,0x0,21,1
2026-03-28T15:32:49.896164,61.7,81.3,26.7,2400.033792,0.8487,0x0,22,3
2026-03-28T15:32:50.920683,61.7,83.5,26.9,2400.023808,0.8487,0x0,21,2
2026-03-28T15:32:51.942417,62.25,80.3,27.1,2400.017408,0.8487,0x0,21,3
2026-03-28T15:32:52.965748,61.7,81.0,27.6,2400.027136,0.8487,0x0,21,1
2026-03-28T15:32:53.989557,62.25,80.3,27.8,2400.02048,0.8487,0x0,22,4
2026-03-28T15:32:55.012404,61.7,80.8,27.7,2400.030464,0.8487,0x0,22,2
2026-03-28T15:32:56.031936,61.15,80.1,27.8,2400.03712,0.8487,0x0,22,4
2026-03-28T15:32:57.065859,61.15,80.9,27.4,2400.02048,0.8487,0x0,22,2
2026-03-28T15:32:58.090721,62.25,80.8,27.2,2400.023808,0.8487,0x0,22,2
2026-03-28T15:32:59.129623,61.7,81.8,27.0,2400.023808,0.8487,0x0,21,3
2026-03-28T15:33:00.155699,62.25,81.5,26.6,2400.033792,0.8487,0x0,21,1
2026-03-28T15:33:01.182629,61.15,80.6,26.5,2400.030464,0.8487,0x0,21,4
2026-03-28T15:33:02.211179,61.7,82.0,26.5,2400.023808,0.8487,0x0,22,4
2026-03-28T15:33:03.236561,61.15,81.2,26.5,2400.027136,0.8487,0x0,21,4
2026-03-28T15:33:04.268508,61.15,81.0,26.5,2400.027136,0.8487,0x0,21,3
2026-03-28T15:33:05.293376,61.15,81.4,26.5,2400.033792,0.8487,0x0,21,1
2026-03-28T15:33:06.319840,61.7,81.3,26.5,2400.033792,0.8487,0x0,21,1
2026-03-28T15:33:07.349268,61.15,81.2,26.6,2400.02048,0.8487,0x0,21,0
2026-03-28T15:33:08.400165,61.7,81.1,26.5,2400.030464,0.8487,0x0,22,
2026-03-28T15:33:09.421557,62.25,81.9,26.6,2400.023808,0.8487,0x0,21,1
2026-03-28T15:33:10.445039,61.15,81.8,26.6,2400.030464,0.8487,0x0,21,5
2026-03-28T15:33:11.470455,61.15,81.0,27.2,2400.03712,0.8487,0x0,21,2
2026-03-28T15:33:12.490640,61.15,82.2,27.7,2400.030464,0.8487,0x0,21,3
2026-03-28T15:33:13.518410,61.15,80.2,27.4,2400.030464,0.8487,0x0,21,1
2026-03-28T15:33:14.541136,61.15,81.0,27.3,2400.033792,0.8487,0x0,21,3
2026-03-28T15:33:15.564732,61.7,84.0,27.2,2400.030464,0.8487,0x0,22,2
2026-03-28T15:33:16.594248,61.15,81.6,27.6,2400.030464,0.8487,0x0,21,3
2026-03-28T15:33:17.618862,61.7,82.1,27.1,2400.030464,0.8487,0x0,21,2
2026-03-28T15:33:18.689853,61.7,81.1,27.2,2400.023808,0.8487,0x0,21,3
2026-03-28T15:33:19.710870,61.7,80.3,27.6,2400.033792,0.8487,0x0,22,
2026-03-28T15:33:20.734089,61.15,82.4,27.5,2400.030464,0.8487,0x0,22,2
2026-03-28T15:33:21.762360,61.15,81.2,27.3,2400.033792,0.8487,0x0,21,3
2026-03-28T15:33:22.789399,62.25,81.3,27.5,2400.023808,0.8487,0x0,22,
2026-03-28T15:33:23.816103,62.25,80.6,27.5,2400.023808,0.8487,0x0,22,1
2026-03-28T15:33:24.841329,61.7,81.4,27.1,2400.02048,0.8487,0x0,22,3
2026-03-28T15:33:25.872860,61.15,81.7,26.7,2400.027136,0.8487,0x0,22,
2026-03-28T15:33:26.900868,62.8,81.4,26.6,2400.033792,0.8487,0x0,22,1
2026-03-28T15:33:27.925513,61.15,80.2,26.7,2400.023808,0.8487,0x0,22,2
2026-03-28T15:33:28.946868,61.15,81.2,26.7,2400.030464,0.8487,0x0,22,
2026-03-28T15:33:29.971930,62.8,80.3,26.5,2400.027136,0.8487,0x0,22,
2026-03-28T15:33:30.991578,61.7,81.0,26.5,2400.03712,0.8487,0x0,21,3
2026-03-28T15:33:32.017069,61.15,81.3,27.1,2400.033792,0.8487,0x0,22,3
2026-03-28T15:33:33.046122,61.7,81.5,27.4,2400.023808,0.8487,0x0,21,3
2026-03-28T15:33:34.068676,60.05,81.1,27.3,2400.03712,0.8487,0x0,21,1
2026-03-28T15:33:35.097027,61.7,80.8,27.2,2400.030464,0.8487,0x0,23,
2026-03-28T15:33:36.125809,60.6,81.6,27.1,2400.027136,0.8487,0x0,21,3
2026-03-28T15:33:37.155065,60.6,81.1,27.1,2400.03712,0.8487,0x0,21,4
2026-03-28T15:33:38.190166,60.6,80.8,27.2,2400.030464,0.8487,0x0,22,4
2026-03-28T15:33:39.218473,62.25,80.1,27.2,2400.023808,0.8487,0x0,22,1
2026-03-28T15:33:40.244132,61.7,80.2,27.1,2400.023808,0.8487,0x0,22,2
2026-03-28T15:33:41.266996,61.7,85.1,27.2,2400.023808,0.8487,0x0,21,0
2026-03-28T15:33:42.285310,61.7,80.1,27.3,2400.023808,0.8487,0x0,21,3
2026-03-28T15:33:43.305355,60.6,80.3,27.3,2400.027136,0.8487,0x0,21,3
2026-03-28T15:33:44.342888,61.7,81.0,27.1,2400.02048,0.8487,0x0,22,4
2026-03-28T15:33:45.362700,63.35,80.2,26.9,2400.030464,0.8487,0x0,21,4
2026-03-28T15:33:46.389388,61.15,82.9,26.9,2400.017408,0.8487,0x0,21,4
2026-03-28T15:33:47.418966,62.25,82.2,27.7,2400.027136,0.8487,0x0,21,3
2026-03-28T15:33:48.441227,62.8,81.1,27.3,2400.033792,0.8487,0x0,22,5
2026-03-28T15:33:49.479289,60.6,80.9,27.1,2400.030464,0.8487,0x0,21,0
2026-03-28T15:33:50.542024,61.15,80.1,26.8,2400.02048,0.8487,0x0,22,5
2026-03-28T15:33:51.565958,61.15,80.0,26.8,2400.02048,0.8487,0x0,22,
2026-03-28T15:33:52.588304,61.7,81.5,26.8,2400.033792,0.8487,0x0,21,0
2026-03-28T15:33:53.618357,61.15,79.4,26.7,2400.02048,0.8487,0x0,22,4
2026-03-28T15:33:54.641587,61.7,73.2,27.3,2400.027136,0.8487,0x0,22,5
2026-03-28T15:33:55.665376,62.25,79.8,27.1,2400.02048,0.8487,0x0,21,1
2026-03-28T15:33:56.702307,61.7,80.0,27.3,2400.033792,0.8487,0x0,21,4
2026-03-28T15:33:57.728186,61.15,79.7,27.3,2400.027136,0.8487,0x0,22,2
2026-03-28T15:33:58.753176,61.15,81.3,27.3,2400.027136,0.8487,0x0,21,3
2026-03-28T15:33:59.785881,61.15,81.2,27.2,2400.023808,0.8487,0x0,22,5
2026-03-28T15:34:00.811323,61.7,80.8,27.1,2400.027136,0.8487,0x0,21,4
2026-03-28T15:34:01.844363,61.15,82.0,27.4,2400.02048,0.8487,0x0,21,3
2026-03-28T15:34:02.878134,61.7,81.4,27.4,2400.027136,0.8487,0x0,22,3
2026-03-28T15:34:03.910256,60.6,81.2,27.2,2400.03712,0.8487,0x0,22,3
2026-03-28T15:34:04.939576,62.8,80.9,27.1,2400.033792,0.8487,0x0,21,1
2026-03-28T15:34:05.962022,61.15,80.4,27.0,2400.027136,0.8487,0x0,21,2
2026-03-28T15:34:06.988318,61.15,84.5,26.7,2400.023808,0.8487,0x0,21,3
2026-03-28T15:34:08.012785,61.7,80.9,26.4,2400.023808,0.8487,0x0,21,2
2026-03-28T15:34:09.034059,62.25,81.3,26.4,2400.017408,0.8487,0x0,21,3
2026-03-28T15:34:10.056933,62.8,80.9,26.4,2400.027136,0.8487,0x0,22,4
2026-03-28T15:34:11.082980,61.15,82.6,26.4,2400.027136,0.8487,0x0,21,3
2026-03-28T15:34:12.103786,62.25,80.2,27.0,2400.030464,0.8487,0x0,21,1
2026-03-28T15:34:13.126549,61.15,80.9,27.6,2400.030464,0.8487,0x0,22,1
2026-03-28T15:34:14.152042,61.15,80.9,27.4,2400.023808,0.8487,0x0,21,4
2026-03-28T15:34:15.177086,63.9,81.5,27.4,2400.023808,0.8487,0x0,22,4
2026-03-28T15:34:16.202680,61.15,82.6,27.3,2400.023808,0.8487,0x0,21,1
2026-03-28T15:34:17.230170,60.6,80.8,27.2,2400.027136,0.8487,0x0,21,3
2026-03-28T15:34:18.259599,62.25,81.2,27.3,2400.02048,0.8487,0x0,22,4
2026-03-28T15:34:19.279832,60.6,80.2,27.1,2400.02048,0.8487,0x0,21,3
2026-03-28T15:34:20.308471,61.15,82.0,27.0,2400.030464,0.8487,0x0,21,4
2026-03-28T15:34:21.333859,62.8,82.0,26.7,2400.017408,0.8487,0x0,22,1
2026-03-28T15:34:22.371049,61.15,82.0,26.7,2400.02048,0.8487,0x0,21,3
2026-03-28T15:34:23.396042,62.25,81.1,26.7,2400.033792,0.8487,0x0,22,
2026-03-28T15:34:24.424912,61.7,80.4,26.6,2400.02048,0.8487,0x0,22,1
2026-03-28T15:34:25.446964,61.7,81.8,26.6,2400.030464,0.8487,0x0,21,1
2026-03-28T15:34:26.467893,62.25,80.5,26.5,2400.02048,0.8487,0x0,21,3
2026-03-28T15:34:27.496939,61.7,81.6,26.5,2400.023808,0.8487,0x0,22,2
2026-03-28T15:34:28.518055,61.7,81.1,26.6,2400.03712,0.8487,0x0,21,1
2026-03-28T15:34:29.541298,60.6,79.6,26.9,2400.027136,0.8487,0x0,21,2
2026-03-28T15:34:30.561331,61.7,82.1,26.7,2400.027136,0.8487,0x0,22,5
2026-03-28T15:34:31.582988,61.7,82.9,26.5,2400.027136,0.8487,0x0,21,1
2026-03-28T15:34:32.607667,63.35,82.8,26.5,2400.030464,0.8487,0x0,21,4
2026-03-28T15:34:33.641923,62.25,80.2,26.2,2400.02048,0.8487,0x0,22,4
2026-03-28T15:34:34.664986,62.25,80.3,26.4,2400.030464,0.8487,0x0,21,3
2026-03-28T15:34:35.692997,62.8,80.5,26.5,2400.030464,0.8487,0x0,22,2
2026-03-28T15:34:36.718382,61.7,80.9,26.8,2400.030464,0.8487,0x0,21,2
2026-03-28T15:34:37.751050,61.15,81.6,27.4,2400.03712,0.8487,0x0,21,2
2026-03-28T15:34:38.780539,61.15,81.1,27.3,2400.03712,0.8487,0x0,22,5
2026-03-28T15:34:39.810220,61.15,81.2,27.0,2400.023808,0.8487,0x0,21,2
2026-03-28T15:34:40.832457,62.25,81.4,27.0,2400.02048,0.8487,0x0,22,4
2026-03-28T15:34:41.957185,62.25,81.8,26.9,2400.027136,0.8487,0x0,21,3
2026-03-28T15:34:42.976291,62.25,82.7,26.9,2400.030464,0.8487,0x0,21,1
2026-03-28T15:34:43.998669,62.8,80.7,26.8,2400.023808,0.8487,0x0,22,
2026-03-28T15:34:45.025045,61.7,81.3,26.9,2400.027136,0.8487,0x0,21,3
2026-03-28T15:34:46.057111,62.8,81.5,26.8,2400.033792,0.8487,0x0,22,4
2026-03-28T15:34:47.082999,61.7,82.3,26.8,2400.030464,0.8487,0x0,21,3
2026-03-28T15:34:48.108353,61.15,81.0,27.1,2400.02048,0.8487,0x0,21,4
2026-03-28T15:34:49.143620,62.8,81.2,26.9,2400.03712,0.8487,0x0,21,3
2026-03-28T15:34:50.170721,61.15,81.1,26.8,2400.033792,0.8487,0x0,22,5
2026-03-28T15:34:51.199585,62.8,82.0,26.7,2400.023808,0.8487,0x0,22,1
2026-03-28T15:34:52.223928,61.7,80.7,26.9,2400.023808,0.8487,0x0,22,
2026-03-28T15:34:53.251872,61.7,81.4,26.7,2400.017408,0.8487,0x0,22,5
2026-03-28T15:34:54.285300,61.15,84.9,26.6,2400.027136,0.8487,0x0,21,1
2026-03-28T15:34:55.312099,62.25,82.3,26.5,2400.027136,0.8487,0x0,21,3
2026-03-28T15:34:56.335290,61.15,80.5,27.0,2400.027136,0.8487,0x0,21,4
2026-03-28T15:34:57.364683,60.6,81.7,27.0,2400.02048,0.8487,0x0,22,
2026-03-28T15:34:58.392236,61.7,81.8,27.0,2400.030464,0.8487,0x0,22,4
2026-03-28T15:34:59.414156,61.15,80.4,27.1,2400.017408,0.8487,0x0,22,
2026-03-28T15:35:00.438953,61.7,80.7,27.1,2400.02048,0.8487,0x0,22,2
2026-03-28T15:35:01.464121,61.7,81.4,27.0,2400.023808,0.8487,0x0,22,
2026-03-28T15:35:02.489723,60.6,80.5,26.7,2400.033792,0.8487,0x0,22,2
2026-03-28T15:35:03.513422,62.25,81.9,26.6,2400.023808,0.8487,0x0,21,1
2026-03-28T15:35:04.535828,62.8,81.2,26.5,2400.033792,0.8487,0x0,23,
2026-03-28T15:35:05.556041,62.8,80.0,26.6,2400.02048,0.8487,0x0,21,0
2026-03-28T15:35:06.578960,61.7,79.9,26.9,2400.02048,0.8487,0x0,21,2
2026-03-28T15:35:07.601994,60.6,79.8,27.1,2400.023808,0.8487,0x0,21,1
2026-03-28T15:35:08.621369,62.8,81.3,27.0,2400.02048,0.8487,0x0,21,0
2026-03-28T15:35:09.641367,62.8,80.0,26.9,2400.023808,0.8487,0x0,21,0
2026-03-28T15:35:10.763666,62.25,80.5,27.0,2400.030464,0.8487,0x0,22,4
2026-03-28T15:35:11.784640,61.7,81.9,27.6,2400.030464,0.8487,0x0,22,4
2026-03-28T15:35:12.806380,63.35,80.3,27.9,2400.033792,0.8487,0x0,21,2
2026-03-28T15:35:13.826422,61.15,80.4,27.5,2400.030464,0.8487,0x0,21,3
2026-03-28T15:35:14.855328,61.7,80.2,27.3,2400.030464,0.8487,0x0,22,5
2026-03-28T15:35:15.881238,61.15,81.1,27.1,2400.027136,0.8487,0x0,22,4
2026-03-28T15:35:16.910562,61.7,81.4,27.0,2400.030464,0.8487,0x0,21,4
2026-03-28T15:35:17.942593,61.15,81.9,26.8,2400.023808,0.8487,0x0,21,3
2026-03-28T15:35:18.967907,62.25,80.7,26.6,2400.027136,0.8487,0x0,21,1
2026-03-28T15:35:19.994939,61.15,80.0,26.9,2400.027136,0.8487,0x0,21,1
2026-03-28T15:35:21.015209,61.7,82.2,26.9,2400.033792,0.8487,0x0,22,2
2026-03-28T15:35:22.042549,62.8,80.5,26.7,2400.023808,0.8487,0x0,21,1
2026-03-28T15:35:23.067044,61.7,81.1,26.6,2400.02048,0.8487,0x0,22,3
2026-03-28T15:35:24.093206,62.25,80.9,26.5,2400.033792,0.8487,0x0,21,1
2026-03-28T15:35:25.114958,60.6,80.7,27.1,2400.023808,0.8487,0x0,21,3
2026-03-28T15:35:26.136436,61.7,80.9,27.2,2400.030464,0.8487,0x0,22,4
2026-03-28T15:35:27.159149,61.15,81.6,27.2,2400.030464,0.8487,0x0,21,2
2026-03-28T15:35:28.186817,61.7,81.8,27.1,2400.030464,0.8487,0x0,22,4
2026-03-28T15:35:29.207941,61.7,80.0,26.9,2400.03712,0.8487,0x0,21,4
2026-03-28T15:35:30.237912,60.6,80.9,26.8,2400.023808,0.8487,0x0,21,4
2026-03-28T15:35:31.264716,61.7,80.9,27.0,2400.02048,0.8487,0x0,22,4
2026-03-28T15:35:32.285005,62.25,80.3,27.1,2400.033792,0.8487,0x0,21,3
2026-03-28T15:35:33.313116,62.8,81.2,27.0,2400.033792,0.8487,0x0,21,0
2026-03-28T15:35:34.415198,62.25,81.3,26.7,2400.033792,0.8487,0x0,21,3
2026-03-28T15:35:35.439357,62.25,81.9,26.6,2400.03712,0.8487,0x0,21,4
2026-03-28T15:35:36.473801,63.35,81.7,26.5,2400.03712,0.8487,0x0,22,4
2026-03-28T15:35:37.500017,63.35,82.4,26.6,2400.02048,0.8487,0x0,22,5
2026-03-28T15:35:38.526104,61.7,80.0,26.5,2400.030464,0.8487,0x0,22,3
2026-03-28T15:35:39.553849,61.7,80.7,27.0,2400.023808,0.8487,0x0,22,4
2026-03-28T15:35:40.578087,62.25,81.6,27.0,2400.027136,0.8487,0x0,21,4
2026-03-28T15:35:41.613439,62.8,81.3,27.0,2400.033792,0.8487,0x0,21,1
2026-03-28T15:35:42.636793,64.45,83.5,27.1,2400.02048,0.8487,0x0,22,1
2026-03-28T15:35:43.665439,61.7,83.8,27.2,2400.033792,0.8487,0x0,21,4
2026-03-28T15:35:44.690448,62.8,80.6,27.2,2400.033792,0.8487,0x0,21,3
2026-03-28T15:35:45.715968,62.25,81.2,27.1,2400.03712,0.8487,0x0,21,1
2026-03-28T15:35:46.739061,61.7,81.0,26.9,2400.02048,0.8487,0x0,21,3
2026-03-28T15:35:47.769082,61.7,82.1,26.9,2400.023808,0.8487,0x0,22,4
2026-03-28T15:35:48.797119,62.25,81.2,26.8,2400.030464,0.8487,0x0,21,3
2026-03-28T15:35:49.819467,61.7,82.0,26.7,2400.027136,0.8487,0x0,21,3
2026-03-28T15:35:50.843692,62.25,80.8,26.6,2400.027136,0.8487,0x0,21,1
2026-03-28T15:35:51.881989,62.8,82.4,26.6,2400.027136,0.8487,0x0,22,4
2026-03-28T15:35:52.910874,62.25,80.8,26.3,2400.027136,0.8487,0x0,22,3
2026-03-28T15:35:53.934796,61.15,80.0,26.4,2400.02048,0.8487,0x0,21,3
2026-03-28T15:35:54.962210,61.7,80.4,26.4,2400.030464,0.8487,0x0,22,2
2026-03-28T15:35:55.988943,62.8,80.5,26.3,2400.03712,0.8487,0x0,22,5
2026-03-28T15:35:57.015621,62.25,81.5,26.2,2400.03712,0.8487,0x0,22,2
2026-03-28T15:35:58.044636,63.35,81.5,26.7,2400.027136,0.8487,0x0,22,4
2026-03-28T15:35:59.066148,61.7,80.4,27.2,2400.030464,0.8487,0x0,22,1
2026-03-28T15:36:00.098219,62.25,81.8,27.0,2400.027136,0.8487,0x0,22,4
2026-03-28T15:36:01.127003,61.7,80.6,26.8,2400.027136,0.8487,0x0,21,2
2026-03-28T15:36:02.156260,62.25,81.5,26.7,2400.017408,0.8487,0x0,22,3
2026-03-28T15:36:03.197912,62.8,81.0,27.1,2400.027136,0.8487,0x0,21,4
2026-03-28T15:36:04.229198,62.8,81.5,27.6,2400.02048,0.8487,0x0,22,4
2026-03-28T15:36:05.251021,61.7,80.5,27.3,2400.027136,0.8487,0x0,21,3
2026-03-28T15:36:06.282566,63.35,81.8,27.3,2400.017408,0.8487,0x0,22,4
2026-03-28T15:36:07.304403,62.8,81.5,27.7,2400.02048,0.8487,0x0,21,3
2026-03-28T15:36:08.333822,62.25,84.4,27.6,2400.017408,0.8487,0x0,21,3
2026-03-28T15:36:09.357395,61.7,79.9,27.1,2400.02048,0.8487,0x0,21,2
2026-03-28T15:36:10.380281,61.7,81.0,26.9,2400.03712,0.8487,0x0,21,0
2026-03-28T15:36:11.400212,63.35,82.1,26.8,2400.02048,0.8487,0x0,22,2
2026-03-28T15:36:12.434113,61.15,81.9,26.7,2400.027136,0.8487,0x0,21,3
2026-03-28T15:36:13.458697,62.8,81.7,26.7,2400.023808,0.8487,0x0,21,4
2026-03-28T15:36:14.496566,62.25,80.9,26.6,2400.017408,0.8487,0x0,21,2
2026-03-28T15:36:15.521052,61.7,80.6,26.7,2400.027136,0.8487,0x0,22,5
2026-03-28T15:36:16.552168,61.7,82.2,26.6,2400.023808,0.8487,0x0,22,
2026-03-28T15:36:17.586181,62.8,81.7,26.6,2400.017408,0.8487,0x0,21,3
2026-03-28T15:36:18.629428,61.15,80.8,26.9,2400.033792,0.8487,0x0,22,2
2026-03-28T15:36:19.653655,61.7,82.0,27.2,2400.023808,0.8487,0x0,22,4
2026-03-28T15:36:20.677465,61.7,80.4,26.9,2400.030464,0.8487,0x0,22,1
2026-03-28T15:36:21.706854,62.25,81.0,26.9,2400.023808,0.8487,0x0,22,
2026-03-28T15:36:22.734634,62.25,80.3,26.8,2400.033792,0.8487,0x0,21,2
2026-03-28T15:36:23.764918,62.8,81.1,26.8,2400.027136,0.8487,0x0,21,3
2026-03-28T15:36:24.797556,63.35,80.9,27.1,2400.03712,0.8487,0x0,21,0
2026-03-28T15:36:25.818800,62.8,80.2,27.0,2400.02048,0.8487,0x0,22,2
2026-03-28T15:36:26.944240,61.7,80.9,27.2,2400.027136,0.8487,0x0,21,3
2026-03-28T15:36:27.972619,62.25,81.0,26.9,2400.033792,0.8487,0x0,22,6
2026-03-28T15:36:28.994983,61.7,81.1,27.0,2400.02048,0.8487,0x0,21,3
2026-03-28T15:36:30.026978,61.7,81.0,26.8,2400.017408,0.8487,0x0,21,4
2026-03-28T15:36:31.118824,62.25,81.1,26.6,2400.030464,0.8487,0x0,22,1
2026-03-28T15:36:32.142345,62.8,82.6,26.7,2400.017408,0.8487,0x0,21,3
2026-03-28T15:36:33.168773,61.7,81.5,26.6,2400.023808,0.8487,0x0,21,3
2026-03-28T15:36:34.191817,61.7,82.8,27.1,2400.023808,0.8487,0x0,21,0
2026-03-28T15:36:35.211489,61.7,80.6,27.1,2400.030464,0.8487,0x0,22,
2026-03-28T15:36:36.242935,61.7,80.2,27.0,2400.033792,0.8487,0x0,22,4
2026-03-28T15:36:37.268748,62.8,79.3,27.3,2400.03712,0.8487,0x0,22,
2026-03-28T15:36:38.293458,61.7,80.6,27.6,2400.017408,0.8487,0x0,22,5
2026-03-28T15:36:39.316800,63.35,80.4,27.4,2400.02048,0.8487,0x0,22,1
2026-03-28T15:36:40.353288,62.25,81.6,27.3,2400.023808,0.8487,0x0,21,0
2026-03-28T15:36:41.442101,62.25,81.6,27.1,2400.033792,0.8487,0x0,21,3
2026-03-28T15:36:42.466740,62.8,80.5,27.7,2400.030464,0.8487,0x0,22,1
2026-03-28T15:36:43.493580,61.15,80.3,27.6,2400.03712,0.8487,0x0,22,4
2026-03-28T15:36:44.518736,62.25,81.9,27.1,2400.033792,0.8487,0x0,22,5
2026-03-28T15:36:45.547099,61.7,80.7,26.7,2400.033792,0.8487,0x0,22,4
2026-03-28T15:36:46.626827,62.8,81.2,26.5,2400.030464,0.8487,0x0,21,3
2026-03-28T15:36:47.654380,62.25,80.8,26.5,2400.02048,0.8487,0x0,22,2
2026-03-28T15:36:48.678982,61.7,80.5,27.1,2400.030464,0.8487,0x0,21,1
2026-03-28T15:36:49.700790,61.7,80.0,26.8,2400.02048,0.8487,0x0,21,3
2026-03-28T15:36:50.732969,61.7,81.8,26.3,2400.02048,0.8487,0x0,21,3
2026-03-28T15:36:51.756728,62.25,82.2,26.3,2400.027136,0.8487,0x0,21,3
2026-03-28T15:36:52.787042,62.25,81.3,26.2,2400.030464,0.8487,0x0,22,4
2026-03-28T15:36:53.811096,62.25,81.3,26.5,2400.027136,0.8487,0x0,22,4
2026-03-28T15:36:54.838991,61.7,80.2,26.9,2400.030464,0.8487,0x0,22,5
2026-03-28T15:36:55.862654,63.35,80.5,26.8,2400.030464,0.8487,0x0,22,4
2026-03-28T15:36:56.892534,61.7,81.1,26.7,2400.023808,0.8487,0x0,21,3
2026-03-28T15:36:57.920720,63.35,81.0,26.6,2400.030464,0.8487,0x0,22,
2026-03-28T15:36:58.947969,61.15,83.5,26.6,2400.030464,0.8487,0x0,22,1
2026-03-28T15:36:59.978067,61.7,82.0,26.6,2400.030464,0.8487,0x0,22,4
2026-03-28T15:37:01.000877,62.25,80.6,26.6,2400.03712,0.8487,0x0,23,
2026-03-28T15:37:02.022667,61.15,80.8,26.5,2400.017408,0.8487,0x0,21,3
2026-03-28T15:37:03.046601,63.35,81.0,26.6,2400.033792,0.8487,0x0,21,3
2026-03-28T15:37:04.073752,62.25,82.3,26.7,2400.033792,0.8487,0x0,21,1
2026-03-28T15:37:05.197279,62.25,80.8,26.6,2400.02048,0.8487,0x0,22,4
2026-03-28T15:37:06.221678,62.8,82.0,26.5,2400.02048,0.8487,0x0,21,2
2026-03-28T15:37:07.244474,61.7,81.5,26.5,2400.02048,0.8487,0x0,21,4
2026-03-28T15:37:08.276042,61.7,80.5,26.6,2400.023808,0.8487,0x0,23,
2026-03-28T15:37:09.300585,63.35,82.6,26.6,2400.023808,0.8487,0x0,22,4
2026-03-28T15:37:10.325602,61.15,80.0,26.7,2400.030464,0.8487,0x0,22,4
2026-03-28T15:37:11.353738,61.7,81.3,27.0,2400.027136,0.8487,0x0,23,3
2026-03-28T15:37:12.373330,63.9,81.6,26.7,2400.02048,0.8487,0x0,21,1
2026-03-28T15:37:13.398590,62.25,80.3,27.2,2400.023808,0.8487,0x0,22,
2026-03-28T15:37:14.422869,62.25,81.6,27.3,2400.017408,0.8487,0x0,21,3
2026-03-28T15:37:15.447820,63.35,81.2,27.7,2400.030464,0.8487,0x0,21,3
2026-03-28T15:37:16.478982,62.25,82.1,27.5,2400.030464,0.8487,0x0,22,
2026-03-28T15:37:17.501680,62.25,81.1,27.4,2400.027136,0.8487,0x0,21,3
2026-03-28T15:37:18.528045,62.25,81.2,27.2,2400.033792,0.8487,0x0,22,2
2026-03-28T15:37:19.553296,63.35,82.2,27.1,2400.030464,0.8487,0x0,22,
2026-03-28T15:37:20.593613,61.7,81.5,27.2,2400.02048,0.8487,0x0,21,2
2026-03-28T15:37:21.613185,61.7,82.7,27.2,2400.017408,0.8487,0x0,21,2
2026-03-28T15:37:22.737865,63.9,80.9,27.1,2400.033792,0.8487,0x0,21,0
2026-03-28T15:37:23.765718,62.8,80.0,27.2,2400.023808,0.8487,0x0,22,3
2026-03-28T15:37:24.786788,62.25,83.9,27.2,2400.023808,0.8487,0x0,21,1
2026-03-28T15:37:25.812974,62.8,80.4,27.2,2400.030464,0.8487,0x0,21,3
2026-03-28T15:37:26.838950,61.7,81.3,27.4,2400.03712,0.8487,0x0,21,2
2026-03-28T15:37:27.862655,61.7,80.2,27.2,2400.027136,0.8487,0x0,21,1
2026-03-28T15:37:28.889677,60.05,81.4,27.2,2400.030464,0.8487,0x0,21,3
2026-03-28T15:37:29.915544,62.25,81.0,27.2,2400.027136,0.8487,0x0,21,1
2026-03-28T15:37:30.939478,61.7,80.2,27.2,2400.03712,0.8487,0x0,22,4
2026-03-28T15:37:31.962869,62.8,81.3,27.3,2400.027136,0.8487,0x0,21,1
2026-03-28T15:37:32.998647,61.7,80.4,27.1,2400.030464,0.8487,0x0,21,3
2026-03-28T15:37:34.023615,62.8,81.6,27.0,2400.023808,0.8487,0x0,21,0
2026-03-28T15:37:35.043975,61.7,81.1,26.9,2400.030464,0.8487,0x0,22,6
2026-03-28T15:37:36.072105,62.8,81.8,26.7,2400.023808,0.8487,0x0,22,4
2026-03-28T15:37:37.097073,62.8,81.3,26.7,2400.02048,0.8487,0x0,21,3
2026-03-28T15:37:38.121024,62.25,80.0,26.5,2400.017408,0.8487,0x0,22,4
2026-03-28T15:37:39.150981,63.35,80.8,26.5,2400.033792,0.8487,0x0,22,4
2026-03-28T15:37:40.177810,62.8,81.4,26.5,2400.030464,0.8487,0x0,22,
2026-03-28T15:37:41.201396,61.7,80.2,26.6,2400.027136,0.8487,0x0,21,3
2026-03-28T15:37:42.224482,61.15,81.2,26.5,2400.02048,0.8487,0x0,21,2
2026-03-28T15:37:43.250985,63.35,79.9,26.9,2400.027136,0.8487,0x0,21,2
2026-03-28T15:37:44.273960,61.7,80.9,27.1,2400.02048,0.8487,0x0,21,1
2026-03-28T15:37:45.300322,63.35,81.6,26.8,2400.030464,0.8487,0x0,22,4
2026-03-28T15:37:46.323817,62.25,83.1,26.8,2400.017408,0.8487,0x0,22,1
2026-03-28T15:37:47.348357,61.15,80.9,26.7,2400.02048,0.8487,0x0,21,1
2026-03-28T15:37:48.375703,62.25,80.1,26.7,2400.017408,0.8487,0x0,22,4
2026-03-28T15:37:49.407027,62.25,81.1,26.9,2400.033792,0.8487,0x0,21,1
2026-03-28T15:37:50.437289,62.8,84.6,27.0,2400.033792,0.8487,0x0,22,4
2026-03-28T15:37:51.466033,61.7,81.5,27.1,2400.033792,0.8487,0x0,22,
2026-03-28T15:37:52.490222,62.25,80.0,27.2,2400.023808,0.8487,0x0,21,3
2026-03-28T15:37:53.522502,62.25,81.8,27.2,2400.023808,0.8487,0x0,21,3
2026-03-28T15:37:54.545038,61.7,83.6,27.3,2400.023808,0.8487,0x0,21,3
2026-03-28T15:37:55.573144,62.8,80.4,27.1,2400.02048,0.8487,0x0,21,3
2026-03-28T15:37:56.692461,63.35,81.5,27.1,2400.023808,0.8487,0x0,21,4
2026-03-28T15:37:57.713506,62.25,81.1,27.0,2400.02048,0.8487,0x0,22,2
2026-03-28T15:37:58.739460,61.7,81.4,27.0,2400.030464,0.8487,0x0,22,5
2026-03-28T15:37:59.771003,62.25,80.9,26.9,2400.030464,0.8487,0x0,21,3
2026-03-28T15:38:00.793340,62.8,81.9,27.3,2400.027136,0.8487,0x0,22,4
2026-03-28T15:38:01.819506,61.7,81.7,27.4,2400.023808,0.8487,0x0,21,4
2026-03-28T15:38:02.846957,62.8,81.2,27.2,2400.02048,0.8487,0x0,22,
2026-03-28T15:38:03.870062,63.35,80.8,27.3,2400.023808,0.8487,0x0,21,0
2026-03-28T15:38:04.890202,61.7,80.5,27.7,2400.023808,0.8487,0x0,21,1
2026-03-28T15:38:05.916348,62.25,81.3,28.0,2400.023808,0.8487,0x0,22,4
2026-03-28T15:38:06.940680,62.8,81.6,27.8,2400.02048,0.8487,0x0,22,4
2026-03-28T15:38:07.971145,62.25,81.5,27.6,2400.033792,0.8487,0x0,21,3
2026-03-28T15:38:08.994211,61.15,80.7,27.9,2400.023808,0.8487,0x0,21,3
2026-03-28T15:38:10.021377,63.35,81.5,27.3,2400.02048,0.8487,0x0,22,5
2026-03-28T15:38:11.045562,61.7,82.0,27.3,2400.023808,0.8487,0x0,21,2
2026-03-28T15:38:12.073703,61.7,81.3,27.1,2400.033792,0.8487,0x0,21,3
2026-03-28T15:38:13.098862,62.8,80.9,26.7,2400.017408,0.8487,0x0,21,3
2026-03-28T15:38:14.135042,61.7,81.3,26.7,2400.030464,0.8487,0x0,21,3
2026-03-28T15:38:15.163945,62.8,80.7,26.7,2400.02048,0.8487,0x0,21,3
2026-03-28T15:38:16.203602,62.25,82.5,26.7,2400.02048,0.8487,0x0,21,3
2026-03-28T15:38:17.231411,63.9,81.2,27.1,2400.023808,0.8487,0x0,21,1
2026-03-28T15:38:18.261339,63.35,80.2,27.2,2400.033792,0.8487,0x0,21,1
2026-03-28T15:38:19.284677,62.25,81.0,27.4,2400.027136,0.8487,0x0,21,3
2026-03-28T15:38:20.410410,62.8,80.8,27.3,2400.027136,0.8487,0x0,22,
2026-03-28T15:38:21.461434,62.25,80.4,27.3,2400.027136,0.8487,0x0,22,4
2026-03-28T15:38:22.489404,62.25,81.4,27.4,2400.033792,0.8487,0x0,21,3
2026-03-28T15:38:23.512208,62.25,80.7,27.4,2400.030464,0.8487,0x0,21,1
2026-03-28T15:38:24.541012,62.8,81.5,27.3,2400.03712,0.8487,0x0,21,3
2026-03-28T15:38:25.566341,62.25,81.6,26.9,2400.027136,0.8487,0x0,22,1
2026-03-28T15:38:26.590422,62.25,80.4,26.9,2400.027136,0.8487,0x0,21,3
2026-03-28T15:38:27.612712,62.25,82.3,26.9,2400.027136,0.8487,0x0,22,
2026-03-28T15:38:28.641624,62.25,81.8,26.9,2400.033792,0.8487,0x0,22,4
2026-03-28T15:38:29.669885,62.25,81.2,26.9,2400.027136,0.8487,0x0,21,3
2026-03-28T15:38:30.693705,62.25,80.7,26.8,2400.033792,0.8487,0x0,21,3
2026-03-28T15:38:31.721080,61.7,81.9,26.9,2400.02048,0.8487,0x0,22,4
2026-03-28T15:38:32.743748,61.7,81.7,27.0,2400.033792,0.8487,0x0,21,0
2026-03-28T15:38:33.764280,62.8,80.3,26.9,2400.023808,0.8487,0x0,21,2
2026-03-28T15:38:34.786842,62.25,81.9,27.2,2400.017408,0.8487,0x0,22,5
2026-03-28T15:38:35.821962,62.8,85.2,27.0,2400.023808,0.8487,0x0,22,4
2026-03-28T15:38:36.849186,62.25,80.2,26.8,2400.02048,0.8487,0x0,21,3
2026-03-28T15:38:37.882550,61.7,82.5,27.0,2400.017408,0.8487,0x0,22,
2026-03-28T15:38:38.908075,61.7,79.9,26.9,2400.030464,0.8487,0x0,21,3
2026-03-28T15:38:39.932218,63.9,81.9,27.0,2400.023808,0.8487,0x0,21,2
2026-03-28T15:38:40.952860,63.35,81.7,27.0,2400.02048,0.8487,0x0,21,3
2026-03-28T15:38:41.983738,61.7,80.9,26.9,2400.017408,0.8487,0x0,21,3
2026-03-28T15:38:43.005612,61.15,81.4,26.9,2400.033792,0.8487,0x0,21,3
2026-03-28T15:38:44.026731,62.25,81.1,26.9,2400.030464,0.8487,0x0,22,1
2026-03-28T15:38:45.054734,62.25,81.2,27.1,2400.033792,0.8487,0x0,22,
2026-03-28T15:38:46.079746,61.7,82.3,27.4,2400.03712,0.8487,0x0,22,2
2026-03-28T15:38:47.106395,62.25,81.1,27.7,2400.027136,0.8487,0x0,22,4
2026-03-28T15:38:48.136062,61.7,80.9,27.6,2400.030464,0.8487,0x0,22,6
2026-03-28T15:38:49.162990,62.8,81.6,27.4,2400.023808,0.8487,0x0,22,2
2026-03-28T15:38:50.190043,62.8,81.6,27.4,2400.033792,0.8487,0x0,22,1
2026-03-28T15:38:51.221953,61.15,81.5,27.3,2400.023808,0.8487,0x0,22,4
2026-03-28T15:38:52.252340,63.35,80.9,27.7,2400.033792,0.8487,0x0,21,3
2026-03-28T15:38:53.277892,61.7,79.5,27.9,2400.033792,0.8487,0x0,21,1
2026-03-28T15:38:54.299306,62.25,80.4,28.0,2400.02048,0.8487,0x0,21,2
2026-03-28T15:38:55.322778,62.8,80.0,27.4,2400.023808,0.8487,0x0,21,3
2026-03-28T15:38:56.347652,61.7,82.8,27.3,2400.023808,0.8487,0x0,22,3
2026-03-28T15:38:57.376783,61.7,81.7,27.2,2400.02048,0.8487,0x0,21,1
2026-03-28T15:38:58.398342,61.15,80.7,27.1,2400.030464,0.8487,0x0,21,3
2026-03-28T15:38:59.423908,62.25,81.3,27.1,2400.027136,0.8487,0x0,21,2
2026-03-28T15:39:00.455912,62.8,81.2,26.9,2400.033792,0.8487,0x0,22,4
2026-03-28T15:39:01.482607,62.25,84.1,26.9,2400.02048,0.8487,0x0,22,1
2026-03-28T15:39:02.512262,61.7,80.7,26.8,2400.033792,0.8487,0x0,21,4
2026-03-28T15:39:03.534855,61.7,81.0,27.0,2400.033792,0.8487,0x0,22,5
2026-03-28T15:39:04.581343,61.7,81.9,27.1,2400.027136,0.8487,0x0,21,0
2026-03-28T15:39:05.654586,61.7,80.8,27.1,2400.030464,0.8487,0x0,23,3
2026-03-28T15:39:06.678564,61.7,82.2,26.9,2400.030464,0.8487,0x0,22,2
2026-03-28T15:39:07.705437,61.15,82.1,27.0,2400.027136,0.8487,0x0,21,1
2026-03-28T15:39:08.732497,63.35,80.6,26.8,2400.030464,0.8487,0x0,22,2
2026-03-28T15:39:09.754281,63.35,81.3,26.8,2400.02048,0.8487,0x0,21,3
2026-03-28T15:39:10.783116,62.8,80.0,26.7,2400.023808,0.8487,0x0,22,
2026-03-28T15:39:11.804504,63.35,81.6,27.1,2400.033792,0.8487,0x0,22,5
2026-03-28T15:39:12.828024,60.05,81.2,27.4,2400.02048,0.8487,0x0,21,4
2026-03-28T15:39:13.859849,61.7,81.2,27.6,2400.02048,0.8487,0x0,22,1
2026-03-28T15:39:14.879213,61.15,80.6,27.3,2400.023808,0.8487,0x0,21,1
2026-03-28T15:39:15.902828,61.7,80.8,27.2,2400.023808,0.8487,0x0,22,1
2026-03-28T15:39:16.928963,63.35,81.3,27.3,2400.023808,0.8487,0x0,21,4
2026-03-28T15:39:17.956125,61.7,81.0,27.1,2400.023808,0.8487,0x0,21,3
2026-03-28T15:39:18.980210,61.7,81.5,27.1,2400.027136,0.8487,0x0,21,3
2026-03-28T15:39:20.007000,61.7,80.6,26.7,2400.027136,0.8487,0x0,22,4
2026-03-28T15:39:21.032910,61.15,81.3,26.9,2400.033792,0.8487,0x0,21,3
2026-03-28T15:39:22.058714,62.25,81.4,26.6,2400.023808,0.8487,0x0,21,3
2026-03-28T15:39:23.083007,62.8,80.0,27.1,2400.033792,0.8487,0x0,22,2
2026-03-28T15:39:24.102806,62.8,81.9,27.0,2400.027136,0.8487,0x0,21,1
2026-03-28T15:39:25.130964,62.25,79.1,27.3,2400.033792,0.8487,0x0,22,4
2026-03-28T15:39:26.155790,62.8,82.1,27.3,2400.030464,0.8487,0x0,22,
2026-03-28T15:39:27.175535,62.8,83.8,27.3,2400.033792,0.8487,0x0,22,4
2026-03-28T15:39:28.202967,63.35,81.5,27.4,2400.033792,0.8487,0x0,21,4
2026-03-28T15:39:29.227017,61.15,81.7,27.4,2400.023808,0.8487,0x0,21,3
2026-03-28T15:39:30.252786,61.7,81.9,27.5,2400.02048,0.8487,0x0,21,1
2026-03-28T15:39:31.273513,61.15,81.0,27.4,2400.033792,0.8487,0x0,21,2
2026-03-28T15:39:32.307986,62.8,81.5,27.1,2400.027136,0.8487,0x0,22,4
2026-03-28T15:39:33.331486,62.25,80.1,27.0,2400.027136,0.8487,0x0,22,4
2026-03-28T15:39:34.359437,61.7,80.6,26.9,2400.023808,0.8487,0x0,22,4
2026-03-28T15:39:35.382526,62.25,81.3,27.0,2400.02048,0.8487,0x0,21,3
2026-03-28T15:39:36.410380,62.25,81.5,26.8,2400.030464,0.8487,0x0,21,1
2026-03-28T15:39:37.430990,62.25,80.0,26.9,2400.03712,0.8487,0x0,21,3
2026-03-28T15:39:38.452944,62.25,80.3,26.9,2400.027136,0.8487,0x0,22,4
2026-03-28T15:39:39.480220,61.15,81.1,26.7,2400.030464,0.8487,0x0,22,2
2026-03-28T15:39:40.504977,61.7,81.2,26.8,2400.023808,0.8487,0x0,21,3
2026-03-28T15:39:41.533750,62.25,81.8,27.0,2400.02048,0.8487,0x0,21,3
2026-03-28T15:39:42.555873,63.35,80.2,27.0,2400.02048,0.8487,0x0,22,
2026-03-28T15:39:43.584561,63.35,78.8,27.1,2400.02048,0.8487,0x0,21,1
2026-03-28T15:39:44.607968,61.7,80.3,27.5,2400.033792,0.8487,0x0,21,3
2026-03-28T15:39:45.632398,62.25,80.5,27.5,2400.023808,0.8487,0x0,22,4
2026-03-28T15:39:46.656708,61.7,82.7,27.4,2400.027136,0.8487,0x0,21,4
2026-03-28T15:39:47.686266,62.8,81.9,27.3,2400.033792,0.8487,0x0,22,3
2026-03-28T15:39:48.708363,61.7,80.1,27.1,2400.023808,0.8487,0x0,21,3
2026-03-28T15:39:49.729997,61.7,81.5,27.1,2400.02048,0.8487,0x0,21,1
2026-03-28T15:39:50.754387,61.15,80.3,26.9,2400.023808,0.8487,0x0,21,1
2026-03-28T15:39:51.781975,63.35,85.4,26.8,2400.02048,0.8487,0x0,22,3
2026-03-28T15:39:52.813163,62.8,80.7,26.9,2400.023808,0.8487,0x0,21,3
2026-03-28T15:39:53.834432,61.7,81.0,26.9,2400.030464,0.8487,0x0,22,2
2026-03-28T15:39:54.864540,62.25,81.1,26.8,2400.030464,0.8487,0x0,21,3
2026-03-28T15:39:55.889826,63.35,81.5,26.7,2400.030464,0.8487,0x0,21,3
2026-03-28T15:39:56.918262,62.8,81.2,26.4,2400.02048,0.8487,0x0,22,2
2026-03-28T15:39:57.945275,63.35,80.4,26.4,2400.02048,0.8487,0x0,21,4
2026-03-28T15:39:58.969745,63.35,80.5,26.4,2400.027136,0.8487,0x0,21,1
2026-03-28T15:40:00.001890,63.35,81.4,26.5,2400.02048,0.8487,0x0,22,4
2026-03-28T15:40:01.025862,61.7,81.6,26.8,2400.02048,0.8487,0x0,21,3
2026-03-28T15:40:02.056937,62.25,80.3,26.6,2400.030464,0.8487,0x0,21,3
2026-03-28T15:40:03.086426,62.25,81.5,26.7,2400.017408,0.8487,0x0,21,3
2026-03-28T15:40:04.110549,62.8,81.4,26.6,2400.033792,0.8487,0x0,21,3
2026-03-28T15:40:05.143033,62.8,81.1,26.8,2400.033792,0.8487,0x0,22,4
2026-03-28T15:40:06.171068,61.7,81.4,26.9,2400.02048,0.8487,0x0,21,4
2026-03-28T15:40:07.193976,62.25,80.9,27.0,2400.027136,0.8487,0x0,22,
2026-03-28T15:40:08.215294,63.35,80.8,27.0,2400.030464,0.8487,0x0,21,4
2026-03-28T15:40:09.247852,61.7,81.5,26.9,2400.033792,0.8487,0x0,21,3
2026-03-28T15:40:10.273863,62.25,81.0,26.7,2400.02048,0.8487,0x0,21,1
2026-03-28T15:40:11.303038,61.7,83.5,26.7,2400.023808,0.8487,0x0,22,4
2026-03-28T15:40:12.329580,63.9,82.0,26.7,2400.023808,0.8487,0x0,22,5
2026-03-28T15:40:13.356856,62.25,80.8,26.9,2400.033792,0.8487,0x0,22,4
2026-03-28T15:40:14.385668,62.25,81.2,26.9,2400.023808,0.8487,0x0,22,
2026-03-28T15:40:15.411666,61.7,80.9,26.8,2400.023808,0.8487,0x0,22,4
2026-03-28T15:40:16.434160,62.25,81.8,26.8,2400.033792,0.8487,0x0,22,6
2026-03-28T15:40:17.457398,61.7,85.4,26.8,2400.030464,0.8487,0x0,22,4
2026-03-28T15:40:18.479968,61.7,81.3,26.8,2400.03712,0.8487,0x0,21,2
2026-03-28T15:40:19.504393,62.8,80.6,26.9,2400.030464,0.8487,0x0,21,3
2026-03-28T15:40:20.528200,61.7,81.3,26.8,2400.02048,0.8487,0x0,21,3
2026-03-28T15:40:21.549056,63.35,80.6,26.8,2400.023808,0.8487,0x0,22,
2026-03-28T15:40:22.575689,61.7,81.4,26.9,2400.027136,0.8487,0x0,22,5
2026-03-28T15:40:23.595881,62.8,81.0,27.1,2400.02048,0.8487,0x0,21,2
2026-03-28T15:40:24.705643,62.25,80.2,27.3,2400.027136,0.8487,0x0,22,
2026-03-28T15:40:25.728491,62.8,80.3,27.2,2400.02048,0.8487,0x0,21,3
2026-03-28T15:40:26.752632,62.25,81.3,26.7,2400.030464,0.8487,0x0,21,5
2026-03-28T15:40:27.778742,62.8,80.5,26.9,2400.027136,0.8487,0x0,22,4
2026-03-28T15:40:28.800042,60.6,81.2,26.9,2400.027136,0.8487,0x0,21,3
2026-03-28T15:40:29.825709,63.35,81.7,26.8,2400.033792,0.8487,0x0,22,1
2026-03-28T15:40:30.847995,61.7,80.1,26.7,2400.027136,0.8487,0x0,22,4
2026-03-28T15:40:31.872737,63.35,81.0,26.7,2400.030464,0.8487,0x0,22,5
2026-03-28T15:40:32.897594,62.8,82.7,26.7,2400.030464,0.8487,0x0,22,4
2026-03-28T15:40:33.922153,62.25,80.5,26.6,2400.027136,0.8487,0x0,21,3
2026-03-28T15:40:34.945678,61.15,81.7,26.8,2400.023808,0.8487,0x0,22,4
2026-03-28T15:40:35.965455,62.8,79.1,26.7,2400.030464,0.8487,0x0,22,2
2026-03-28T15:40:36.994628,63.35,81.8,27.1,2400.023808,0.8487,0x0,22,4
2026-03-28T15:40:38.021847,62.8,82.5,27.1,2400.030464,0.8487,0x0,21,2
2026-03-28T15:40:39.042964,61.7,80.2,27.0,2400.033792,0.8487,0x0,21,3
2026-03-28T15:40:40.067133,62.8,81.6,27.3,2400.030464,0.8487,0x0,21,4
2026-03-28T15:40:41.096842,61.15,81.0,27.2,2400.023808,0.8487,0x0,23,2
2026-03-28T15:40:42.116634,62.8,81.3,27.3,2400.033792,0.8487,0x0,21,3
2026-03-28T15:40:43.140910,61.7,81.3,27.3,2400.02048,0.8487,0x0,21,3
2026-03-28T15:40:44.164680,61.7,81.0,27.3,2400.023808,0.8487,0x0,21,1
2026-03-28T15:40:45.186676,61.15,79.9,27.0,2400.030464,0.8487,0x0,22,5
2026-03-28T15:40:46.209945,63.35,80.2,26.8,2400.02048,0.8487,0x0,21,3
2026-03-28T15:40:47.232658,62.8,80.6,26.7,2400.033792,0.8487,0x0,22,
2026-03-28T15:40:48.263050,62.25,80.9,27.1,2400.033792,0.8487,0x0,22,4
