timestamp,temperature_C,cpu_percent,memory_percent,cpu_freq_MHz,cpu_voltage_V,throttled_flags_hex,num_threads,running_threads
2026-03-29T14:16:28.182128,48.5,50.0,27.3,2400.02048,0.852,0x0,1,1
2026-03-29T14:16:29.199697,47.4,37.9,28.2,2400.030464,0.852,0x0,4,1
2026-03-29T14:16:30.216600,48.5,38.9,28.7,2400.033792,0.852,0x0,15,1
2026-03-29T14:16:31.233001,49.05,35.2,29.1,2400.023808,0.852,0x0,31,0
2026-03-29T14:16:32.251671,49.6,46.6,29.7,2400.027136,0.852,0x0,32,1
2026-03-29T14:16:33.276996,50.7,68.0,29.7,2400.030464,0.852,0x0,32,2
2026-03-29T14:16:34.299258,52.35,69.2,29.9,2400.030464,0.852,0x0,26,3
2026-03-29T14:16:35.325551,51.25,67.7,30.3,2400.03712,0.852,0x0,26,3
2026-03-29T14:16:36.351589,52.35,80.2,30.0,2400.023808,0.852,0x0,26,1
2026-03-29T14:16:37.377350,51.8,77.8,29.9,2400.03712,0.852,0x0,26,2
2026-03-29T14:16:38.408321,51.25,69.0,29.8,2400.030464,0.852,0x0,32,
2026-03-29T14:16:39.429074,52.35,67.1,29.8,2400.027136,0.852,0x0,32,
2026-03-29T14:16:40.452520,51.8,67.9,29.9,2400.023808,0.852,0x0,32,3
2026-03-29T14:16:41.475452,52.9,68.1,29.6,2400.02048,0.852,0x0,26,3
2026-03-29T14:16:42.500466,52.35,68.2,29.7,2400.023808,0.852,0x0,26,1
2026-03-29T14:16:43.522628,52.35,69.4,29.8,2400.02048,0.852,0x0,32,3
2026-03-29T14:16:44.543704,52.9,66.9,29.8,2400.033792,0.852,0x0,27,2
2026-03-29T14:16:45.565632,51.8,68.5,29.8,2400.033792,0.852,0x0,26,3
2026-03-29T14:16:46.594345,52.9,69.4,29.8,2400.03712,0.852,0x0,32,1
2026-03-29T14:16:47.613644,52.9,67.1,29.7,2400.027136,0.852,0x0,26,1
2026-03-29T14:16:48.633191,52.9,67.0,29.7,2400.02048,0.852,0x0,27,
2026-03-29T14:16:49.654681,53.45,71.4,29.6,2400.027136,0.852,0x0,32,
2026-03-29T14:16:50.677808,52.35,67.1,29.6,2400.027136,0.852,0x0,26,3
2026-03-29T14:16:51.700190,54.55,68.0,29.6,2400.027136,0.852,0x0,26,2
2026-03-29T14:16:52.721657,54.0,67.4,29.8,2400.033792,0.852,0x0,32,4
2026-03-29T14:16:53.749131,55.1,67.9,29.8,2400.02048,0.852,0x0,32,1
2026-03-29T14:16:54.771174,53.45,66.9,29.7,2400.023808,0.852,0x0,32,
2026-03-29T14:16:55.793502,53.45,68.5,29.5,2400.02048,0.852,0x0,32,5
2026-03-29T14:16:56.816147,53.45,66.8,29.7,2400.03712,0.852,0x0,26,2
2026-03-29T14:16:57.838942,54.0,68.0,29.9,2400.027136,0.852,0x0,32,3
2026-03-29T14:16:58.865847,53.45,67.2,30.2,2400.030464,0.852,0x0,26,1
2026-03-29T14:16:59.887576,53.45,68.1,30.4,2400.033792,0.852,0x0,33,1
2026-03-29T14:17:00.911919,55.1,67.0,30.3,2400.027136,0.852,0x0,26,3
2026-03-29T14:17:01.936744,55.1,68.5,30.2,2400.033792,0.852,0x0,27,3
2026-03-29T14:17:02.965322,55.1,65.5,30.3,2400.030464,0.852,0x0,32,1
2026-03-29T14:17:03.988403,54.55,68.0,30.0,2400.023808,0.852,0x0,26,2
2026-03-29T14:17:05.011709,54.55,67.7,30.1,2400.030464,0.852,0x0,26,0
2026-03-29T14:17:06.029299,54.55,68.0,30.1,2400.023808,0.852,0x0,32,1
2026-03-29T14:17:07.055166,55.1,68.7,30.2,2400.027136,0.852,0x0,32,1
2026-03-29T14:17:08.077930,54.55,66.8,30.1,2400.023808,0.852,0x0,32,1
2026-03-29T14:17:09.104097,55.1,67.3,30.2,2400.030464,0.852,0x0,32,1
2026-03-29T14:17:10.131449,55.65,68.9,30.2,2400.023808,0.852,0x0,28,
2026-03-29T14:17:11.158156,54.55,68.6,30.0,2400.027136,0.852,0x0,27,2
2026-03-29T14:17:12.181592,55.1,72.4,30.0,2400.023808,0.852,0x0,26,3
2026-03-29T14:17:13.212355,54.55,67.5,29.9,2400.033792,0.852,0x0,26,4
2026-03-29T14:17:14.237869,54.55,68.4,29.8,2400.02048,0.852,0x0,26,2
2026-03-29T14:17:15.260612,55.1,68.0,29.6,2400.023808,0.852,0x0,26,2
2026-03-29T14:17:16.286570,55.1,68.2,29.6,2400.027136,0.852,0x0,27,
2026-03-29T14:17:17.311994,56.2,67.6,29.6,2400.033792,0.852,0x0,26,3
2026-03-29T14:17:18.335882,56.2,66.8,29.3,2400.027136,0.852,0x0,32,
2026-03-29T14:17:19.366260,55.65,67.1,29.4,2400.030464,0.852,0x0,32,2
2026-03-29T14:17:20.387604,56.2,68.5,29.4,2400.027136,0.852,0x0,32,1
2026-03-29T14:17:21.410599,55.65,68.2,29.4,2400.033792,0.852,0x0,26,3
2026-03-29T14:17:22.437999,54.0,67.7,29.4,2400.033792,0.852,0x0,26,3
2026-03-29T14:17:23.459389,55.65,66.8,29.4,2400.027136,0.852,0x0,32,
2026-03-29T14:17:24.480509,55.1,67.8,29.1,2400.033792,0.852,0x0,32,1
2026-03-29T14:17:25.508907,55.65,66.8,29.4,2400.023808,0.852,0x0,26,2
2026-03-29T14:17:26.537713,56.75,67.7,29.7,2400.030464,0.852,0x0,26,2
2026-03-29T14:17:27.561588,57.3,68.1,29.8,2400.027136,0.852,0x0,28,
2026-03-29T14:17:28.588327,55.1,68.5,29.9,2400.033792,0.852,0x0,26,3
2026-03-29T14:17:29.616229,57.3,66.2,29.9,2400.02048,0.852,0x0,26,1
2026-03-29T14:17:30.636595,55.65,67.1,29.9,2400.030464,0.852,0x0,32,1
2026-03-29T14:17:31.663687,57.3,67.7,29.9,2400.027136,0.852,0x0,26,1
2026-03-29T14:17:32.687063,56.75,67.3,29.9,2400.023808,0.852,0x0,29,6
2026-03-29T14:17:33.711669,56.75,66.3,29.8,2400.02048,0.852,0x0,29,6
2026-03-29T14:17:34.737412,56.2,66.9,29.5,2400.030464,0.852,0x0,27,
2026-03-29T14:17:35.767620,56.2,68.4,29.6,2400.030464,0.852,0x0,32,3
2026-03-29T14:17:36.792989,55.65,69.0,29.7,2400.033792,0.852,0x0,26,1
2026-03-29T14:17:37.817771,56.2,68.7,29.7,2400.023808,0.852,0x0,26,3
2026-03-29T14:17:38.845427,55.65,67.0,29.7,2400.02048,0.852,0x0,27,1
2026-03-29T14:17:39.867598,55.65,71.0,29.7,2400.030464,0.852,0x0,26,2
2026-03-29T14:17:40.902285,55.65,70.5,29.5,2400.03712,0.852,0x0,29,3
2026-03-29T14:17:41.925162,56.75,68.1,29.7,2400.02048,0.852,0x0,32,3
2026-03-29T14:17:42.946818,57.3,66.6,29.7,2400.030464,0.852,0x0,30,
2026-03-29T14:17:43.972193,56.2,67.0,29.6,2400.030464,0.852,0x0,32,3
2026-03-29T14:17:44.992939,56.2,68.4,29.7,2400.033792,0.852,0x0,32,1
2026-03-29T14:17:46.016632,55.1,67.6,29.9,2400.027136,0.852,0x0,32,1
2026-03-29T14:17:47.042786,56.2,67.2,29.7,2400.027136,0.852,0x0,32,1
2026-03-29T14:17:48.066925,56.75,68.6,29.8,2400.030464,0.852,0x0,32,4
2026-03-29T14:17:49.089849,56.75,67.3,29.7,2400.030464,0.852,0x0,28,6
2026-03-29T14:17:50.114985,57.85,67.9,29.6,2400.023808,0.852,0x0,32,6
2026-03-29T14:17:51.135996,57.3,68.1,29.4,2400.030464,0.852,0x0,32,1
2026-03-29T14:17:52.159608,57.3,67.4,29.3,2400.033792,0.852,0x0,28,3
2026-03-29T14:17:53.180810,56.2,66.6,29.3,2400.033792,0.852,0x0,26,3
2026-03-29T14:17:54.206198,56.75,68.8,29.6,2400.02048,0.852,0x0,26,3
2026-03-29T14:17:55.233324,56.75,66.5,29.7,2400.027136,0.852,0x0,26,1
2026-03-29T14:17:56.256766,56.75,73.7,29.6,2400.030464,0.852,0x0,31,8
2026-03-29T14:17:57.286244,56.75,73.0,29.5,2400.02048,0.852,0x0,32,0
2026-03-29T14:17:58.315649,57.85,67.9,29.4,2400.027136,0.852,0x0,28,
2026-03-29T14:17:59.444651,57.3,67.8,29.5,2400.030464,0.852,0x0,26,3
2026-03-29T14:18:00.471082,57.85,67.6,29.7,2400.030464,0.852,0x0,30,3
2026-03-29T14:18:01.494458,57.85,65.8,29.7,2400.023808,0.852,0x0,30,3
2026-03-29T14:18:02.513177,57.3,69.0,29.7,2400.023808,0.852,0x0,26,1
2026-03-29T14:18:03.541520,56.75,67.8,29.7,2400.033792,0.852,0x0,32,
2026-03-29T14:18:04.565737,56.2,66.7,29.8,2400.023808,0.852,0x0,26,3
2026-03-29T14:18:05.598501,56.75,68.6,29.8,2400.02048,0.852,0x0,32,
2026-03-29T14:18:06.624183,58.95,67.0,29.7,2400.02048,0.852,0x0,26,1
2026-03-29T14:18:07.657538,58.4,67.8,29.6,2400.027136,0.852,0x0,32,1
2026-03-29T14:18:08.677619,57.3,67.4,29.4,2400.027136,0.852,0x0,26,1
2026-03-29T14:18:09.703837,56.75,67.2,29.4,2400.023808,0.852,0x0,26,3
2026-03-29T14:18:10.728026,56.75,66.3,29.6,2400.02048,0.852,0x0,32,
2026-03-29T14:18:11.753505,58.95,67.3,29.4,2400.027136,0.852,0x0,32,2
2026-03-29T14:18:12.772990,57.3,67.4,29.6,2400.033792,0.852,0x0,26,2
2026-03-29T14:18:13.794838,58.4,67.3,29.8,2400.02048,0.852,0x0,32,1
2026-03-29T14:18:14.821673,59.5,68.2,29.9,2400.030464,0.852,0x0,26,4
2026-03-29T14:18:15.845635,57.85,67.5,29.8,2400.030464,0.852,0x0,32,4
2026-03-29T14:18:16.870900,58.95,67.1,29.7,2400.02048,0.852,0x0,26,3
2026-03-29T14:18:17.892541,57.85,67.8,29.7,2400.023808,0.852,0x0,32,4
2026-03-29T14:18:19.017825,57.85,66.2,29.6,2400.023808,0.852,0x0,26,2
2026-03-29T14:18:20.040249,57.85,71.4,29.4,2400.023808,0.852,0x0,32,1
2026-03-29T14:18:21.063577,57.85,65.6,29.5,2400.027136,0.852,0x0,26,3
2026-03-29T14:18:22.086503,57.85,67.6,29.6,2400.030464,0.852,0x0,26,3
2026-03-29T14:18:23.112818,57.85,67.8,29.5,2400.033792,0.852,0x0,32,1
2026-03-29T14:18:24.132766,58.95,66.9,29.6,2400.017408,0.852,0x0,27,4
2026-03-29T14:18:25.161255,58.4,67.1,29.8,2400.027136,0.852,0x0,26,3
2026-03-29T14:18:26.186520,57.85,68.2,29.9,2400.027136,0.852,0x0,26,4
2026-03-29T14:18:27.208918,58.4,68.7,29.8,2400.027136,0.852,0x0,26,3
2026-03-29T14:18:28.242486,57.3,67.5,29.6,2400.02048,0.852,0x0,26,2
2026-03-29T14:18:29.270870,57.85,67.2,29.9,2400.03712,0.852,0x0,27,4
2026-03-29T14:18:30.293775,57.85,67.6,29.7,2400.033792,0.852,0x0,32,2
2026-03-29T14:18:31.322729,58.95,67.0,29.8,2400.027136,0.852,0x0,26,2
2026-03-29T14:18:32.347030,58.95,67.2,29.6,2400.033792,0.852,0x0,27,4
2026-03-29T14:18:33.373308,59.5,68.7,29.8,2400.02048,0.852,0x0,31,8
2026-03-29T14:18:34.397963,59.5,67.2,29.9,2400.027136,0.852,0x0,32,7
2026-03-29T14:18:35.433545,57.85,67.1,29.9,2400.027136,0.852,0x0,26,2
2026-03-29T14:18:36.457149,60.05,67.7,29.9,2400.033792,0.852,0x0,26,3
2026-03-29T14:18:37.482059,58.95,68.1,29.8,2400.03712,0.852,0x0,32,2
2026-03-29T14:18:38.500844,57.85,67.4,29.8,2400.03712,0.852,0x0,26,3
2026-03-29T14:18:39.536133,57.85,68.9,29.7,2400.027136,0.852,0x0,27,4
2026-03-29T14:18:40.561030,59.5,67.4,29.9,2400.027136,0.852,0x0,31,8
2026-03-29T14:18:41.592329,59.5,66.8,30.2,2400.030464,0.852,0x0,32,5
2026-03-29T14:18:42.614467,58.4,72.3,30.1,2400.023808,0.852,0x0,32,3
2026-03-29T14:18:43.639027,58.95,68.4,30.1,2400.030464,0.852,0x0,32,2
2026-03-29T14:18:44.660809,59.5,66.9,29.9,2400.02048,0.852,0x0,32,2
2026-03-29T14:18:45.682031,57.85,68.1,29.7,2400.030464,0.852,0x0,32,3
2026-03-29T14:18:46.709985,58.95,68.0,29.8,2400.027136,0.852,0x0,26,0
2026-03-29T14:18:47.730551,60.05,68.2,30.0,2400.03712,0.852,0x0,32,3
2026-03-29T14:18:48.756997,58.95,66.2,29.8,2400.023808,0.852,0x0,26,1
2026-03-29T14:18:49.775406,60.05,68.1,29.7,2400.033792,0.852,0x0,32,2
2026-03-29T14:18:50.799467,58.95,67.2,29.8,2400.027136,0.852,0x0,26,1
2026-03-29T14:18:51.819232,60.05,69.9,29.6,2400.027136,0.852,0x0,26,3
2026-03-29T14:18:52.837707,60.05,66.8,29.9,2400.03712,0.852,0x0,32,1
2026-03-29T14:18:53.861357,59.5,67.6,29.6,2400.033792,0.852,0x0,32,3
2026-03-29T14:18:54.889696,59.5,67.0,29.8,2400.02048,0.852,0x0,32,3
2026-03-29T14:18:55.911715,60.05,66.9,29.8,2400.02048,0.852,0x0,34,3
2026-03-29T14:18:56.935350,58.95,68.4,29.7,2400.02048,0.852,0x0,26,3
2026-03-29T14:18:57.963577,58.95,68.3,29.5,2400.023808,0.852,0x0,26,1
2026-03-29T14:18:58.989862,59.5,67.6,29.4,2400.030464,0.852,0x0,26,1
2026-03-29T14:19:00.012225,58.4,66.4,29.3,2400.033792,0.852,0x0,26,3
2026-03-29T14:19:01.034370,59.5,67.3,29.5,2400.030464,0.852,0x0,26,3
2026-03-29T14:19:02.060006,60.05,68.1,29.7,2400.02048,0.852,0x0,32,1
2026-03-29T14:19:03.083352,59.5,67.3,30.0,2400.02048,0.852,0x0,26,1
2026-03-29T14:19:04.107942,59.5,67.3,29.8,2400.030464,0.852,0x0,33,2
2026-03-29T14:19:05.131934,58.95,67.6,29.9,2400.030464,0.852,0x0,26,2
2026-03-29T14:19:06.159470,58.4,71.8,30.0,2400.023808,0.852,0x0,26,3
2026-03-29T14:19:07.193148,58.4,67.9,29.8,2400.033792,0.852,0x0,27,4
2026-03-29T14:19:08.216342,60.05,67.4,29.7,2400.030464,0.852,0x0,32,4
2026-03-29T14:19:09.248695,58.4,67.0,29.7,2400.030464,0.852,0x0,31,8
2026-03-29T14:19:10.277205,59.5,68.9,29.7,2400.030464,0.852,0x0,26,1
2026-03-29T14:19:11.295852,58.4,66.3,29.8,2400.023808,0.852,0x0,32,5
2026-03-29T14:19:12.329030,57.3,67.3,29.6,2400.02048,0.852,0x0,26,3
2026-03-29T14:19:13.351970,59.5,67.8,29.7,2400.033792,0.852,0x0,27,3
2026-03-29T14:19:14.374656,58.4,66.8,29.7,2400.023808,0.852,0x0,26,1
2026-03-29T14:19:15.397496,59.5,67.0,29.8,2400.017408,0.852,0x0,32,1
2026-03-29T14:19:16.419051,58.95,68.1,29.7,2400.027136,0.852,0x0,26,5
2026-03-29T14:19:17.447497,58.95,66.8,29.7,2400.033792,0.852,0x0,32,1
2026-03-29T14:19:18.472824,60.05,66.5,29.6,2400.033792,0.852,0x0,26,2
2026-03-29T14:19:19.498048,57.85,66.3,29.6,2400.023808,0.852,0x0,26,2
2026-03-29T14:19:20.521859,59.5,67.5,29.6,2400.033792,0.852,0x0,26,2
2026-03-29T14:19:21.546564,59.5,66.9,29.6,2400.023808,0.852,0x0,32,1
2026-03-29T14:19:22.571116,59.5,68.2,29.8,2400.027136,0.852,0x0,29,
2026-03-29T14:19:23.599183,59.5,69.0,29.8,2400.033792,0.852,0x0,32,2
2026-03-29T14:19:24.620309,58.4,67.9,29.9,2400.033792,0.852,0x0,26,3
2026-03-29T14:19:25.644839,59.5,67.2,29.9,2400.027136,0.852,0x0,26,2
2026-03-29T14:19:26.668928,58.95,67.7,29.8,2400.023808,0.852,0x0,26,3
2026-03-29T14:19:27.695871,58.4,68.9,29.8,2400.023808,0.852,0x0,26,1
2026-03-29T14:19:28.718274,59.5,70.3,29.8,2400.027136,0.852,0x0,32,2
2026-03-29T14:19:29.739503,58.4,67.9,30.0,2400.023808,0.852,0x0,26,1
2026-03-29T14:19:30.774337,58.95,68.9,30.0,2400.030464,0.852,0x0,32,
2026-03-29T14:19:31.794467,58.95,66.7,30.0,2400.033792,0.852,0x0,32,2
2026-03-29T14:19:32.818472,60.05,67.3,29.7,2400.027136,0.852,0x0,26,0
2026-03-29T14:19:33.841256,58.95,68.3,29.7,2400.023808,0.852,0x0,32,5
2026-03-29T14:19:34.869092,58.95,68.4,29.8,2400.023808,0.852,0x0,32,4
2026-03-29T14:19:35.895816,59.5,67.2,29.6,2400.03712,0.852,0x0,26,1
2026-03-29T14:19:36.923246,58.4,67.0,29.8,2400.030464,0.852,0x0,32,3
2026-03-29T14:19:37.946487,58.4,67.6,29.8,2400.02048,0.852,0x0,32,1
2026-03-29T14:19:38.974112,58.95,65.7,29.7,2400.030464,0.852,0x0,26,3
2026-03-29T14:19:39.996158,57.85,66.5,29.7,2400.023808,0.852,0x0,26,3
2026-03-29T14:19:41.018867,59.5,68.0,29.7,2400.027136,0.852,0x0,31,
2026-03-29T14:19:42.043674,58.4,66.3,29.9,2400.023808,0.852,0x0,26,2
2026-03-29T14:19:43.083830,57.85,69.1,29.7,2400.023808,0.852,0x0,26,3
2026-03-29T14:19:44.104926,60.05,69.4,29.8,2400.027136,0.852,0x0,26,2
2026-03-29T14:19:45.133468,58.95,68.4,29.9,2400.02048,0.852,0x0,26,1
2026-03-29T14:19:46.153161,58.4,74.2,30.0,2400.027136,0.852,0x0,32,1
2026-03-29T14:19:47.174022,57.85,67.9,29.7,2400.02048,0.852,0x0,26,1
2026-03-29T14:19:48.196986,57.85,67.2,29.6,2400.033792,0.852,0x0,26,3
2026-03-29T14:19:49.223773,58.95,67.3,29.9,2400.02048,0.852,0x0,26,3
2026-03-29T14:19:50.251019,58.4,67.2,29.6,2400.03712,0.852,0x0,26,2
2026-03-29T14:19:51.272887,58.4,67.7,29.6,2400.02048,0.852,0x0,32,3
2026-03-29T14:19:52.300495,60.05,68.2,29.6,2400.027136,0.852,0x0,26,4
2026-03-29T14:19:53.331612,57.85,68.3,29.6,2400.027136,0.852,0x0,26,3
2026-03-29T14:19:54.356197,57.85,67.8,29.8,2400.033792,0.852,0x0,28,
2026-03-29T14:19:55.378500,59.5,68.1,30.0,2400.023808,0.852,0x0,26,3
2026-03-29T14:19:56.402332,58.4,65.3,29.9,2400.027136,0.852,0x0,26,5
2026-03-29T14:19:57.424765,58.4,67.3,29.9,2400.02048,0.852,0x0,32,1
2026-03-29T14:19:58.449351,58.95,68.5,30.0,2400.017408,0.852,0x0,31,
2026-03-29T14:19:59.473538,60.05,67.8,30.0,2400.02048,0.852,0x0,32,3
2026-03-29T14:20:00.504812,57.85,67.3,29.9,2400.030464,0.852,0x0,27,
2026-03-29T14:20:01.528945,57.85,67.2,29.8,2400.027136,0.852,0x0,32,2
2026-03-29T14:20:02.552703,57.85,67.6,29.9,2400.030464,0.852,0x0,26,3
2026-03-29T14:20:03.579638,57.3,67.0,29.8,2400.027136,0.852,0x0,33,1
2026-03-29T14:20:04.599287,58.95,68.5,29.7,2400.030464,0.852,0x0,27,1
2026-03-29T14:20:05.619584,58.4,67.5,29.8,2400.033792,0.852,0x0,26,4
2026-03-29T14:20:06.639752,58.4,66.3,29.8,2400.023808,0.852,0x0,26,2
2026-03-29T14:20:07.660927,57.85,67.5,29.8,2400.027136,0.852,0x0,32,1
2026-03-29T14:20:08.687982,58.95,73.2,30.0,2400.023808,0.852,0x0,32,0
2026-03-29T14:20:09.708117,58.4,67.2,29.9,2400.027136,0.852,0x0,32,3
2026-03-29T14:20:10.730853,58.95,67.6,29.8,2400.03712,0.852,0x0,26,4
2026-03-29T14:20:11.756707,57.85,67.9,29.7,2400.033792,0.852,0x0,28,
2026-03-29T14:20:12.780007,57.85,67.4,29.7,2400.030464,0.852,0x0,32,
2026-03-29T14:20:13.801419,59.5,67.3,29.8,2400.033792,0.852,0x0,32,0
2026-03-29T14:20:14.825446,57.85,66.9,29.9,2400.03712,0.852,0x0,32,3
2026-03-29T14:20:15.865341,58.95,67.7,29.7,2400.02048,0.852,0x0,26,2
2026-03-29T14:20:16.888863,59.5,66.2,29.7,2400.03712,0.852,0x0,32,3
2026-03-29T14:20:17.913090,59.5,66.8,29.6,2400.02048,0.852,0x0,32,6
2026-03-29T14:20:18.935055,58.4,68.4,29.7,2400.02048,0.852,0x0,26,2
2026-03-29T14:20:19.966174,57.3,66.2,29.7,2400.027136,0.852,0x0,27,
2026-03-29T14:20:20.986801,57.85,67.1,29.7,2400.027136,0.852,0x0,32,1
2026-03-29T14:20:22.013438,58.95,66.8,29.8,2400.027136,0.852,0x0,26,1
2026-03-29T14:20:23.039403,59.5,66.8,29.9,2400.033792,0.852,0x0,28,
2026-03-29T14:20:24.065237,57.3,68.3,30.3,2400.027136,0.852,0x0,26,3
2026-03-29T14:20:25.083649,57.85,68.0,30.1,2400.023808,0.852,0x0,26,2
2026-03-29T14:20:26.112718,58.95,68.4,30.0,2400.02048,0.852,0x0,32,
2026-03-29T14:20:27.136361,57.85,66.8,30.1,2400.030464,0.852,0x0,32,2
2026-03-29T14:20:28.165743,59.5,68.0,30.1,2400.030464,0.852,0x0,32,1
2026-03-29T14:20:29.190756,59.5,68.3,30.0,2400.027136,0.852,0x0,26,1
2026-03-29T14:20:30.218696,59.5,68.4,30.1,2400.027136,0.852,0x0,26,3
2026-03-29T14:20:31.241442,59.5,67.3,29.9,2400.017408,0.852,0x0,32,9
2026-03-29T14:20:32.265675,57.85,71.7,29.9,2400.030464,0.852,0x0,26,2
2026-03-29T14:20:33.290190,59.5,68.0,29.7,2400.02048,0.852,0x0,27,
2026-03-29T14:20:34.325950,58.95,69.4,29.6,2400.033792,0.852,0x0,27,3
2026-03-29T14:20:35.352566,58.4,68.1,29.5,2400.02048,0.852,0x0,28,
2026-03-29T14:20:36.377985,59.5,66.9,29.4,2400.023808,0.852,0x0,26,3
2026-03-29T14:20:37.400722,57.85,75.5,29.4,2400.030464,0.852,0x0,32,2
2026-03-29T14:20:38.429104,59.5,84.2,29.9,2400.02048,0.852,0x0,32,2
2026-03-29T14:20:39.449646,60.05,85.8,30.4,2400.023808,0.852,0x0,32,2
2026-03-29T14:20:40.479211,58.4,89.5,32.1,2400.030464,0.852,0x0,32,1
2026-03-29T14:20:41.506527,58.95,88.2,32.7,2400.02048,0.852,0x0,32,2
2026-03-29T14:20:42.530643,60.05,91.6,32.3,2400.02048,0.852,0x0,26,3
2026-03-29T14:20:43.552842,58.95,69.0,32.3,2400.02048,0.852,0x0,32,3
2026-03-29T14:20:44.571436,58.4,66.6,32.0,2400.03712,0.852,0x0,26,3
2026-03-29T14:20:45.595655,59.5,67.1,31.8,2400.030464,0.852,0x0,26,1
2026-03-29T14:20:46.618078,58.4,67.7,31.5,2400.033792,0.852,0x0,26,3
2026-03-29T14:20:47.650848,58.4,67.4,31.0,2400.027136,0.852,0x0,27,
2026-03-29T14:20:48.672552,58.4,66.8,30.7,2400.027136,0.852,0x0,26,3
2026-03-29T14:20:49.695020,59.5,68.6,30.5,2400.030464,0.852,0x0,26,3
2026-03-29T14:20:50.722594,57.3,67.5,30.5,2400.027136,0.852,0x0,26,1
2026-03-29T14:20:51.748653,58.95,74.2,29.6,2400.02048,0.852,0x0,32,1
2026-03-29T14:20:52.776428,58.95,72.7,29.4,2400.033792,0.852,0x0,32,5
2026-03-29T14:20:53.801990,58.4,67.3,29.4,2400.017408,0.852,0x0,26,3
2026-03-29T14:20:54.824562,58.4,70.5,29.6,2400.027136,0.852,0x0,32,
2026-03-29T14:20:55.848719,58.4,66.6,29.5,2400.02048,0.852,0x0,32,2
2026-03-29T14:20:56.877930,58.4,68.4,29.5,2400.030464,0.852,0x0,32,4
2026-03-29T14:20:57.902623,58.4,65.6,29.8,2400.02048,0.852,0x0,32,
2026-03-29T14:20:58.928726,57.85,67.3,29.6,2400.02048,0.852,0x0,32,0
2026-03-29T14:20:59.960087,56.75,66.9,29.5,2400.033792,0.852,0x0,26,2
2026-03-29T14:21:00.986729,58.4,66.9,29.6,2400.030464,0.852,0x0,30,1
2026-03-29T14:21:02.008891,56.2,66.7,29.9,2400.023808,0.852,0x0,26,3
2026-03-29T14:21:03.034952,57.85,69.0,30.0,2400.02048,0.852,0x0,33,
2026-03-29T14:21:04.059517,59.5,66.3,30.0,2400.033792,0.852,0x0,32,
2026-03-29T14:21:05.088976,57.3,68.0,29.9,2400.027136,0.852,0x0,32,1
2026-03-29T14:21:06.110692,57.85,66.9,29.8,2400.017408,0.852,0x0,32,1
2026-03-29T14:21:07.136270,57.85,67.7,29.8,2400.033792,0.852,0x0,26,1
2026-03-29T14:21:08.155424,58.4,68.4,29.8,2400.023808,0.852,0x0,32,3
2026-03-29T14:21:09.180918,59.5,68.3,29.8,2400.023808,0.852,0x0,32,1
2026-03-29T14:21:10.209037,58.4,67.6,29.7,2400.030464,0.852,0x0,26,0
2026-03-29T14:21:11.229103,57.85,67.3,29.5,2400.02048,0.852,0x0,32,2
2026-03-29T14:21:12.249711,58.4,68.4,29.4,2400.033792,0.852,0x0,26,3
2026-03-29T14:21:13.278394,58.4,68.8,29.4,2400.023808,0.852,0x0,32,3
2026-03-29T14:21:14.303169,59.5,68.1,29.4,2400.033792,0.852,0x0,26,3
2026-03-29T14:21:15.327593,60.6,67.5,29.3,2400.02048,0.852,0x0,27,2
2026-03-29T14:21:16.351808,58.4,68.2,29.3,2400.023808,0.852,0x0,32,6
2026-03-29T14:21:17.375189,59.5,67.8,29.3,2400.033792,0.852,0x0,32,5
2026-03-29T14:21:18.397219,58.95,67.1,29.4,2400.033792,0.852,0x0,32,
2026-03-29T14:21:19.421438,57.3,72.7,29.5,2400.033792,0.852,0x0,26,2
2026-03-29T14:21:20.446799,59.5,68.6,29.5,2400.023808,0.852,0x0,32,4
2026-03-29T14:21:21.472769,58.95,66.8,29.5,2400.030464,0.852,0x0,27,
2026-03-29T14:21:22.497170,58.95,67.1,29.8,2400.02048,0.852,0x0,32,1
2026-03-29T14:21:23.519989,56.75,67.3,29.6,2400.030464,0.852,0x0,26,4
2026-03-29T14:21:24.541797,58.95,67.3,29.8,2400.033792,0.852,0x0,29,
2026-03-29T14:21:25.571599,58.4,67.5,29.9,2400.030464,0.852,0x0,26,2
2026-03-29T14:21:26.595120,57.85,66.5,29.8,2400.02048,0.852,0x0,32,9
2026-03-29T14:21:27.615663,57.85,67.5,29.8,2400.02048,0.852,0x0,32,2
2026-03-29T14:21:28.638827,57.85,66.4,29.8,2400.030464,0.852,0x0,32,
2026-03-29T14:21:29.667947,57.85,68.6,29.6,2400.027136,0.852,0x0,32,1
2026-03-29T14:21:30.698974,57.85,66.7,29.8,2400.033792,0.852,0x0,26,3
2026-03-29T14:21:31.720724,57.85,67.6,29.7,2400.027136,0.852,0x0,26,1
2026-03-29T14:21:32.748959,59.5,66.5,29.7,2400.033792,0.852,0x0,26,2
2026-03-29T14:21:33.771112,58.4,66.5,29.8,2400.027136,0.852,0x0,32,1
2026-03-29T14:21:34.798028,58.95,66.7,29.7,2400.030464,0.852,0x0,32,
2026-03-29T14:21:35.818705,57.3,68.4,29.7,2400.033792,0.852,0x0,26,1
2026-03-29T14:21:36.841972,58.95,67.3,29.7,2400.033792,0.852,0x0,26,3
2026-03-29T14:21:37.968701,58.4,67.4,29.6,2400.030464,0.852,0x0,32,
2026-03-29T14:21:38.991602,59.5,66.5,29.9,2400.033792,0.852,0x0,26,1
2026-03-29T14:21:40.013640,58.4,70.0,29.9,2400.027136,0.852,0x0,35,
2026-03-29T14:21:41.038936,57.85,71.3,29.9,2400.027136,0.852,0x0,29,
2026-03-29T14:21:42.058196,57.85,67.6,29.8,2400.023808,0.852,0x0,26,2
2026-03-29T14:21:43.083617,58.4,67.2,29.9,2400.03712,0.852,0x0,26,2
2026-03-29T14:21:44.103961,58.4,66.4,29.8,2400.02048,0.852,0x0,29,1
2026-03-29T14:21:45.125788,57.85,67.2,29.7,2400.033792,0.852,0x0,29,
2026-03-29T14:21:46.179223,57.85,68.3,29.8,2400.027136,0.852,0x0,32,1
2026-03-29T14:21:47.204117,57.85,69.8,29.5,2400.02048,0.852,0x0,32,1
2026-03-29T14:21:48.227613,58.95,69.2,29.4,2400.03712,0.852,0x0,32,1
2026-03-29T14:21:49.249790,58.95,67.3,29.4,2400.030464,0.852,0x0,27,4
2026-03-29T14:21:50.276031,59.5,71.1,29.6,2400.023808,0.852,0x0,27,
2026-03-29T14:21:51.297047,58.95,67.1,29.7,2400.03712,0.852,0x0,26,4
2026-03-29T14:21:52.323529,58.4,68.1,29.7,2400.033792,0.852,0x0,32,1
2026-03-29T14:21:53.347359,58.4,67.2,29.8,2400.033792,0.852,0x0,28,5
2026-03-29T14:21:54.378801,57.85,67.2,30.0,2400.023808,0.852,0x0,26,3
2026-03-29T14:21:55.401058,58.95,68.3,29.9,2400.023808,0.852,0x0,32,3
2026-03-29T14:21:56.428634,58.4,67.8,29.8,2400.02048,0.852,0x0,27,2
2026-03-29T14:21:57.451623,57.85,68.0,29.8,2400.033792,0.852,0x0,27,
2026-03-29T14:21:58.482497,58.95,68.0,29.8,2400.033792,0.852,0x0,26,3
2026-03-29T14:21:59.505882,57.3,66.8,29.8,2400.017408,0.852,0x0,27,
2026-03-29T14:22:00.531528,57.85,68.9,29.9,2400.030464,0.852,0x0,26,1
2026-03-29T14:22:01.551235,57.85,66.6,30.0,2400.023808,0.852,0x0,32,1
2026-03-29T14:22:02.572621,58.95,68.2,30.2,2400.02048,0.852,0x0,26,1
2026-03-29T14:22:03.597974,57.85,66.8,30.1,2400.02048,0.852,0x0,26,0
2026-03-29T14:22:04.622612,58.4,70.7,30.0,2400.027136,0.852,0x0,26,2
2026-03-29T14:22:05.643687,58.4,69.2,30.1,2400.030464,0.852,0x0,32,4
2026-03-29T14:22:06.669037,57.85,68.3,29.9,2400.027136,0.852,0x0,32,1
2026-03-29T14:22:07.690632,58.4,66.7,29.9,2400.023808,0.852,0x0,26,1
2026-03-29T14:22:08.714368,57.85,66.8,29.8,2400.03712,0.852,0x0,32,2
2026-03-29T14:22:09.734511,57.85,65.7,29.9,2400.023808,0.852,0x0,26,1
2026-03-29T14:22:10.757134,57.85,68.2,30.0,2400.030464,0.852,0x0,32,8
2026-03-29T14:22:11.783413,58.4,68.4,29.9,2400.02048,0.852,0x0,32,1
2026-03-29T14:22:12.804637,58.95,66.6,30.0,2400.030464,0.852,0x0,26,3
2026-03-29T14:22:13.831713,58.4,67.4,29.9,2400.023808,0.852,0x0,32,
2026-03-29T14:22:14.859611,59.5,68.5,29.9,2400.023808,0.852,0x0,26,3
2026-03-29T14:22:15.883391,58.95,67.7,30.0,2400.023808,0.852,0x0,32,2
2026-03-29T14:22:16.904638,59.5,66.7,30.1,2400.030464,0.852,0x0,26,3
2026-03-29T14:22:17.931837,58.4,66.4,30.0,2400.033792,0.852,0x0,32,0
2026-03-29T14:22:18.958129,58.4,67.0,30.2,2400.027136,0.852,0x0,26,3
2026-03-29T14:22:19.980852,58.4,67.7,30.1,2400.033792,0.852,0x0,26,2
2026-03-29T14:22:21.001259,59.5,66.5,30.0,2400.027136,0.852,0x0,26,3
2026-03-29T14:22:22.034183,57.85,67.7,29.9,2400.017408,0.852,0x0,26,1
2026-03-29T14:22:23.059656,58.4,66.6,29.9,2400.027136,0.852,0x0,32,1
2026-03-29T14:22:24.080575,57.85,68.3,30.0,2400.027136,0.852,0x0,30,2
2026-03-29T14:22:25.107734,57.3,66.7,30.0,2400.027136,0.852,0x0,26,4
2026-03-29T14:22:26.133686,57.85,72.7,30.0,2400.033792,0.852,0x0,32,
2026-03-29T14:22:27.164126,58.95,68.1,30.1,2400.027136,0.852,0x0,32,5
2026-03-29T14:22:28.189804,58.95,65.8,30.0,2400.033792,0.852,0x0,27,
2026-03-29T14:22:29.212342,59.5,65.3,30.2,2400.023808,0.852,0x0,27,1
2026-03-29T14:22:30.235058,57.3,70.0,30.1,2400.02048,0.852,0x0,26,2
2026-03-29T14:22:31.260186,57.85,66.2,29.9,2400.027136,0.852,0x0,32,2
2026-03-29T14:22:32.279229,58.95,68.2,29.9,2400.02048,0.852,0x0,26,1
2026-03-29T14:22:33.304466,59.5,66.8,30.0,2400.033792,0.852,0x0,32,1
2026-03-29T14:22:34.325183,58.4,68.7,29.7,2400.02048,0.852,0x0,32,1
2026-03-29T14:22:35.448870,58.4,68.2,29.8,2400.023808,0.852,0x0,32,3
2026-03-29T14:22:36.480546,59.5,67.9,30.0,2400.02048,0.852,0x0,27,5
2026-03-29T14:22:37.502558,57.85,66.6,29.9,2400.033792,0.852,0x0,26,3
2026-03-29T14:22:38.530179,58.4,66.3,29.9,2400.03712,0.852,0x0,32,3
2026-03-29T14:22:39.549287,59.5,66.8,30.2,2400.02048,0.852,0x0,26,3
2026-03-29T14:22:40.573678,57.3,68.5,30.4,2400.023808,0.852,0x0,26,3
2026-03-29T14:22:41.598551,58.95,67.6,30.2,2400.033792,0.852,0x0,26,4
2026-03-29T14:22:42.627307,58.95,68.6,30.1,2400.023808,0.852,0x0,32,
2026-03-29T14:22:43.651301,57.85,67.1,30.0,2400.023808,0.852,0x0,32,1
2026-03-29T14:22:44.683993,57.85,70.1,30.3,2400.027136,0.852,0x0,28,
2026-03-29T14:22:45.707750,56.75,76.5,30.2,2400.03712,0.852,0x0,32,1
2026-03-29T14:22:46.733039,59.5,68.6,30.0,2400.03712,0.852,0x0,26,1
2026-03-29T14:22:47.753905,57.85,67.6,29.9,2400.017408,0.852,0x0,26,0
2026-03-29T14:22:48.772397,56.75,66.4,29.6,2400.030464,0.852,0x0,26,2
2026-03-29T14:22:49.792777,58.95,67.9,29.8,2400.023808,0.852,0x0,26,1
2026-03-29T14:22:50.815114,57.85,69.6,29.9,2400.023808,0.852,0x0,30,2
2026-03-29T14:22:51.839487,57.85,67.0,29.9,2400.033792,0.852,0x0,32,3
2026-03-29T14:22:52.864559,57.85,67.0,29.9,2400.030464,0.852,0x0,32,1
2026-03-29T14:22:53.887087,58.4,67.6,30.0,2400.027136,0.852,0x0,26,0
2026-03-29T14:22:54.911744,57.85,69.8,30.0,2400.027136,0.852,0x0,32,0
2026-03-29T14:22:55.932702,57.85,67.1,30.0,2400.017408,0.852,0x0,32,1
2026-03-29T14:22:56.959648,57.85,66.4,30.1,2400.033792,0.852,0x0,26,3
2026-03-29T14:22:57.983682,58.4,67.7,30.3,2400.027136,0.852,0x0,26,2
2026-03-29T14:22:59.007341,58.4,64.9,30.4,2400.03712,0.852,0x0,32,2
2026-03-29T14:23:00.035601,57.85,67.2,30.4,2400.030464,0.852,0x0,26,0
2026-03-29T14:23:01.057270,58.95,67.8,30.3,2400.027136,0.852,0x0,32,1
2026-03-29T14:23:02.081862,56.75,68.2,30.3,2400.033792,0.852,0x0,26,2
2026-03-29T14:23:03.103136,58.4,67.3,30.1,2400.027136,0.852,0x0,28,
2026-03-29T14:23:04.127004,57.85,69.3,30.0,2400.03712,0.852,0x0,29,
2026-03-29T14:23:05.152226,57.85,67.7,30.1,2400.023808,0.852,0x0,30,4
2026-03-29T14:23:06.183431,57.85,72.3,29.9,2400.03712,0.852,0x0,26,3
2026-03-29T14:23:07.310949,57.85,66.9,29.9,2400.027136,0.852,0x0,29,6
2026-03-29T14:23:08.338504,59.5,66.5,30.1,2400.027136,0.852,0x0,26,3
2026-03-29T14:23:09.359594,58.4,67.6,29.8,2400.030464,0.852,0x0,32,2
2026-03-29T14:23:10.382077,57.85,67.3,29.9,2400.023808,0.852,0x0,29,
2026-03-29T14:23:11.404264,58.95,70.9,29.9,2400.030464,0.852,0x0,32,8
2026-03-29T14:23:12.440204,57.85,68.6,29.8,2400.02048,0.852,0x0,29,
2026-03-29T14:23:13.463035,57.85,66.8,29.8,2400.033792,0.852,0x0,32,4
2026-03-29T14:23:14.490198,58.4,67.4,29.8,2400.030464,0.852,0x0,28,3
2026-03-29T14:23:15.509750,57.3,68.2,29.9,2400.030464,0.852,0x0,32,1
2026-03-29T14:23:16.534096,57.85,69.5,30.1,2400.030464,0.852,0x0,32,4
2026-03-29T14:23:17.559142,58.95,67.3,30.0,2400.033792,0.852,0x0,26,2
2026-03-29T14:23:18.587527,58.4,66.9,30.1,2400.02048,0.852,0x0,26,2
2026-03-29T14:23:19.611060,58.4,67.3,30.2,2400.030464,0.852,0x0,32,2
2026-03-29T14:23:20.634891,58.95,66.4,29.9,2400.017408,0.852,0x0,26,1
2026-03-29T14:23:21.659650,58.95,68.3,29.9,2400.02048,0.852,0x0,27,
2026-03-29T14:23:22.683217,58.95,67.2,30.1,2400.027136,0.852,0x0,32,2
2026-03-29T14:23:23.704656,58.95,67.3,29.7,2400.030464,0.852,0x0,33,3
2026-03-29T14:23:24.727598,57.85,66.4,29.8,2400.030464,0.852,0x0,26,1
2026-03-29T14:23:25.754454,58.95,67.1,29.7,2400.02048,0.852,0x0,32,2
2026-03-29T14:23:26.777420,57.85,68.5,29.8,2400.027136,0.852,0x0,32,2
2026-03-29T14:23:27.798705,57.85,68.3,29.8,2400.027136,0.852,0x0,26,3
2026-03-29T14:23:28.826585,58.4,67.3,29.9,2400.027136,0.852,0x0,30,1
2026-03-29T14:23:29.847004,57.85,71.2,29.9,2400.023808,0.852,0x0,32,1
2026-03-29T14:23:30.868712,58.4,67.3,29.7,2400.03712,0.852,0x0,26,3
2026-03-29T14:23:31.889178,58.95,66.8,29.5,2400.030464,0.852,0x0,26,3
2026-03-29T14:23:32.913363,58.4,68.1,29.5,2400.030464,0.852,0x0,32,4
2026-03-29T14:23:33.938971,56.2,68.1,29.4,2400.030464,0.852,0x0,32,1
2026-03-29T14:23:34.963615,57.85,67.7,29.3,2400.023808,0.852,0x0,31,8
2026-03-29T14:23:35.986560,58.4,67.6,29.4,2400.030464,0.852,0x0,32,2
2026-03-29T14:23:37.014265,58.4,66.8,29.4,2400.023808,0.852,0x0,26,2
2026-03-29T14:23:38.041701,57.85,68.7,29.5,2400.033792,0.852,0x0,32,1
2026-03-29T14:23:39.064592,57.85,65.9,29.5,2400.027136,0.852,0x0,32,2
2026-03-29T14:23:40.088347,57.85,68.1,29.7,2400.02048,0.852,0x0,26,2
2026-03-29T14:23:41.111038,58.95,67.9,29.7,2400.030464,0.852,0x0,30,6
2026-03-29T14:23:42.134422,58.4,67.8,29.7,2400.033792,0.852,0x0,27,
2026-03-29T14:23:43.160390,59.5,67.7,29.7,2400.033792,0.852,0x0,32,4
2026-03-29T14:23:44.184734,57.85,65.7,29.7,2400.023808,0.852,0x0,26,2
2026-03-29T14:23:45.211588,58.4,66.5,29.9,2400.017408,0.852,0x0,29,6
2026-03-29T14:23:46.239171,58.4,67.8,29.7,2400.02048,0.852,0x0,26,3
2026-03-29T14:23:47.268894,58.4,67.0,29.8,2400.027136,0.852,0x0,26,1
2026-03-29T14:23:48.292033,58.95,66.0,29.8,2400.030464,0.852,0x0,32,8
2026-03-29T14:23:49.317501,57.85,66.3,29.7,2400.02048,0.852,0x0,32,1
2026-03-29T14:23:50.343382,57.85,68.0,29.7,2400.030464,0.852,0x0,26,3
2026-03-29T14:23:51.375826,58.4,71.0,29.8,2400.033792,0.852,0x0,26,4
2026-03-29T14:23:52.403574,58.4,67.4,30.0,2400.030464,0.852,0x0,32,4
2026-03-29T14:23:53.422134,60.05,67.6,30.1,2400.017408,0.852,0x0,26,3
2026-03-29T14:23:54.451908,56.75,67.4,29.8,2400.02048,0.852,0x0,32,
2026-03-29T14:23:55.478777,56.2,66.3,29.8,2400.02048,0.852,0x0,32,
2026-03-29T14:23:56.506706,57.85,68.4,29.9,2400.02048,0.852,0x0,26,3
2026-03-29T14:23:57.530620,57.3,68.2,29.9,2400.023808,0.852,0x0,26,1
2026-03-29T14:23:58.564381,58.4,66.9,29.8,2400.030464,0.852,0x0,27,
2026-03-29T14:23:59.589516,60.05,66.7,29.8,2400.02048,0.852,0x0,26,1
2026-03-29T14:24:00.615106,59.5,68.3,29.7,2400.033792,0.852,0x0,32,3
2026-03-29T14:24:01.636074,59.5,67.8,29.7,2400.023808,0.852,0x0,32,
2026-03-29T14:24:02.664014,57.3,68.0,29.8,2400.033792,0.852,0x0,32,0
2026-03-29T14:24:03.684742,57.85,68.8,29.7,2400.03712,0.852,0x0,32,1
2026-03-29T14:24:04.707282,57.85,67.9,29.6,2400.027136,0.852,0x0,32,1
2026-03-29T14:24:05.729349,57.85,67.4,29.5,2400.030464,0.852,0x0,30,2
2026-03-29T14:24:06.759176,58.4,69.1,29.4,2400.027136,0.852,0x0,32,3
2026-03-29T14:24:07.777646,57.3,68.6,29.4,2400.033792,0.852,0x0,26,2
2026-03-29T14:24:08.803710,59.5,68.9,29.5,2400.030464,0.852,0x0,32,
2026-03-29T14:24:09.829592,60.05,67.5,29.7,2400.027136,0.852,0x0,26,3
2026-03-29T14:24:10.856361,57.3,67.0,29.5,2400.03712,0.852,0x0,32,3
2026-03-29T14:24:11.879335,57.3,68.8,29.5,2400.033792,0.852,0x0,32,3
2026-03-29T14:24:12.905563,58.95,68.3,29.3,2400.02048,0.852,0x0,26,1
2026-03-29T14:24:13.931435,57.85,68.3,29.3,2400.027136,0.852,0x0,26,4
2026-03-29T14:24:14.957481,57.85,70.3,29.4,2400.027136,0.852,0x0,26,1
2026-03-29T14:24:15.995782,57.85,67.0,29.4,2400.023808,0.852,0x0,26,1
2026-03-29T14:24:17.025227,57.85,70.1,29.5,2400.03712,0.852,0x0,32,3
2026-03-29T14:24:18.046430,57.3,67.6,29.8,2400.03712,0.852,0x0,26,0
2026-03-29T14:24:19.068553,57.85,67.6,30.0,2400.02048,0.852,0x0,26,1
2026-03-29T14:24:20.092172,59.5,66.8,29.7,2400.02048,0.852,0x0,32,
2026-03-29T14:24:21.118906,58.95,67.9,29.6,2400.03712,0.852,0x0,32,1
2026-03-29T14:24:22.143599,58.4,68.6,29.7,2400.03712,0.852,0x0,26,3
2026-03-29T14:24:23.166345,59.5,66.7,29.9,2400.023808,0.852,0x0,27,1
2026-03-29T14:24:24.188950,58.4,67.4,29.9,2400.02048,0.852,0x0,26,1
2026-03-29T14:24:25.217394,57.85,66.7,29.9,2400.033792,0.852,0x0,27,
2026-03-29T14:24:26.238046,57.85,66.2,30.0,2400.027136,0.852,0x0,26,3
2026-03-29T14:24:27.270880,58.95,65.7,29.7,2400.030464,0.852,0x0,32,3
2026-03-29T14:24:28.300711,58.4,67.1,29.9,2400.030464,0.852,0x0,26,0
2026-03-29T14:24:29.321159,57.3,66.9,29.9,2400.023808,0.852,0x0,26,1
2026-03-29T14:24:30.345925,57.85,67.2,29.9,2400.030464,0.852,0x0,32,1
2026-03-29T14:24:31.366050,57.85,66.4,29.9,2400.030464,0.852,0x0,32,1
2026-03-29T14:24:32.392029,57.85,68.7,29.7,2400.033792,0.852,0x0,28,6
2026-03-29T14:24:33.422480,58.4,68.7,29.8,2400.033792,0.852,0x0,32,2
2026-03-29T14:24:34.447574,57.85,65.8,29.9,2400.030464,0.852,0x0,26,3
2026-03-29T14:24:35.475619,59.5,66.8,29.8,2400.023808,0.852,0x0,32,2
2026-03-29T14:24:36.496240,59.5,66.8,29.9,2400.02048,0.852,0x0,26,4
2026-03-29T14:24:37.528758,58.95,73.4,29.9,2400.030464,0.852,0x0,26,3
2026-03-29T14:24:38.553468,59.5,67.7,29.8,2400.033792,0.852,0x0,32,0
2026-03-29T14:24:39.579637,57.85,66.7,29.7,2400.02048,0.852,0x0,30,
2026-03-29T14:24:40.609821,57.85,68.3,29.6,2400.027136,0.852,0x0,32,3
2026-03-29T14:24:41.629840,57.85,68.0,29.6,2400.033792,0.852,0x0,32,1
2026-03-29T14:24:42.652385,58.4,67.3,29.6,2400.02048,0.852,0x0,32,2
2026-03-29T14:24:43.679672,58.4,67.7,29.6,2400.02048,0.852,0x0,32,5
2026-03-29T14:24:44.709106,60.05,67.8,29.6,2400.030464,0.852,0x0,26,1
2026-03-29T14:24:45.731832,57.85,68.7,29.7,2400.023808,0.852,0x0,28,6
2026-03-29T14:24:46.764598,58.95,67.3,29.7,2400.027136,0.852,0x0,26,3
2026-03-29T14:24:47.786130,57.85,68.6,29.8,2400.017408,0.852,0x0,26,3
2026-03-29T14:24:48.813870,57.85,67.6,29.7,2400.02048,0.852,0x0,32,2
2026-03-29T14:24:49.834873,58.4,66.8,29.6,2400.030464,0.852,0x0,32,3
2026-03-29T14:24:50.859140,57.3,66.9,29.6,2400.023808,0.852,0x0,26,2
2026-03-29T14:24:51.884208,57.3,68.6,29.6,2400.033792,0.852,0x0,26,2
2026-03-29T14:24:52.910542,58.4,67.8,29.7,2400.03712,0.852,0x0,27,
2026-03-29T14:24:53.936672,58.95,66.9,29.7,2400.023808,0.852,0x0,32,10
2026-03-29T14:24:54.965097,57.85,68.1,29.9,2400.030464,0.852,0x0,32,
2026-03-29T14:24:55.986105,59.5,69.0,29.8,2400.023808,0.852,0x0,32,2
2026-03-29T14:24:57.014691,57.85,69.3,29.8,2400.030464,0.852,0x0,34,11
2026-03-29T14:24:58.041352,58.95,68.2,29.7,2400.023808,0.852,0x0,32,3
2026-03-29T14:24:59.063118,58.4,66.9,29.9,2400.023808,0.852,0x0,26,1
2026-03-29T14:25:00.086022,58.4,67.0,30.0,2400.023808,0.852,0x0,26,2
2026-03-29T14:25:01.110883,57.85,72.2,29.5,2400.030464,0.852,0x0,30,
2026-03-29T14:25:02.137846,58.4,68.8,29.6,2400.033792,0.852,0x0,26,3
2026-03-29T14:25:03.160547,57.85,67.2,29.5,2400.033792,0.852,0x0,26,3
2026-03-29T14:25:04.185174,57.85,66.3,29.8,2400.023808,0.852,0x0,26,0
2026-03-29T14:25:05.205133,56.2,67.9,29.7,2400.033792,0.852,0x0,32,2
2026-03-29T14:25:06.228935,58.95,66.0,29.7,2400.030464,0.852,0x0,26,2
2026-03-29T14:25:07.250543,57.85,67.4,29.8,2400.023808,0.852,0x0,32,1
2026-03-29T14:25:08.274550,58.4,67.7,29.8,2400.023808,0.852,0x0,26,1
2026-03-29T14:25:09.300131,58.4,68.5,29.7,2400.027136,0.852,0x0,32,1
2026-03-29T14:25:10.328296,57.85,66.7,29.6,2400.027136,0.852,0x0,32,2
2026-03-29T14:25:11.359659,57.85,66.2,29.5,2400.030464,0.852,0x0,32,0
2026-03-29T14:25:12.381860,57.85,68.3,29.4,2400.03712,0.852,0x0,26,1
2026-03-29T14:25:13.403029,57.3,68.6,29.3,2400.033792,0.852,0x0,26,3
2026-03-29T14:25:14.427042,58.95,66.9,29.4,2400.027136,0.852,0x0,26,0
2026-03-29T14:25:15.448838,58.4,67.9,29.5,2400.027136,0.852,0x0,26,4
2026-03-29T14:25:16.474838,58.4,65.2,29.5,2400.03712,0.852,0x0,26,2
2026-03-29T14:25:17.500807,57.85,68.8,29.5,2400.033792,0.852,0x0,26,1
2026-03-29T14:25:18.523248,58.4,66.7,29.6,2400.033792,0.852,0x0,26,1
2026-03-29T14:25:19.548782,57.85,66.0,29.6,2400.027136,0.852,0x0,26,3
2026-03-29T14:25:20.569173,57.85,67.9,29.7,2400.027136,0.852,0x0,26,3
2026-03-29T14:25:21.603090,58.4,67.8,29.7,2400.027136,0.852,0x0,26,1
2026-03-29T14:25:22.627797,58.95,74.3,29.7,2400.023808,0.852,0x0,26,1
2026-03-29T14:25:23.651984,57.85,68.0,29.5,2400.027136,0.852,0x0,26,4
2026-03-29T14:25:24.678999,58.4,66.9,29.5,2400.030464,0.852,0x0,26,1
2026-03-29T14:25:25.707613,57.85,67.0,29.7,2400.02048,0.852,0x0,32,
2026-03-29T14:25:26.734731,59.5,66.8,29.8,2400.027136,0.852,0x0,27,5
2026-03-29T14:25:27.763645,58.4,68.2,29.9,2400.030464,0.852,0x0,27,
2026-03-29T14:25:28.788931,57.85,68.4,29.9,2400.023808,0.852,0x0,32,2
2026-03-29T14:25:29.809428,59.5,67.0,29.7,2400.023808,0.852,0x0,32,2
2026-03-29T14:25:30.837085,58.4,67.9,29.6,2400.023808,0.852,0x0,26,2
2026-03-29T14:25:31.859669,57.85,66.1,29.7,2400.030464,0.852,0x0,32,
2026-03-29T14:25:32.886420,57.3,68.8,29.7,2400.030464,0.852,0x0,32,3
2026-03-29T14:25:33.907320,57.85,66.3,29.7,2400.017408,0.852,0x0,26,2
2026-03-29T14:25:34.927654,57.3,68.4,29.7,2400.033792,0.852,0x0,32,1
2026-03-29T14:25:35.952809,59.5,66.8,29.9,2400.023808,0.852,0x0,26,0
2026-03-29T14:25:36.973251,56.75,67.9,29.8,2400.030464,0.852,0x0,27,3
2026-03-29T14:25:37.995086,60.05,68.5,29.7,2400.027136,0.852,0x0,32,
2026-03-29T14:25:39.022848,57.85,68.1,29.6,2400.033792,0.852,0x0,32,2
2026-03-29T14:25:40.044374,58.95,66.4,29.7,2400.030464,0.852,0x0,32,
2026-03-29T14:25:41.069459,57.85,67.3,29.8,2400.027136,0.852,0x0,31,
2026-03-29T14:25:42.096655,58.95,64.8,29.7,2400.033792,0.852,0x0,26,3
2026-03-29T14:25:43.117100,57.85,68.1,29.9,2400.027136,0.852,0x0,26,3
2026-03-29T14:25:44.147093,57.85,67.7,29.9,2400.030464,0.852,0x0,30,
2026-03-29T14:25:45.168327,58.4,67.4,30.1,2400.033792,0.852,0x0,26,2
2026-03-29T14:25:46.198570,57.85,74.7,30.1,2400.02048,0.852,0x0,26,1
2026-03-29T14:25:47.221286,58.4,66.6,30.0,2400.027136,0.852,0x0,32,1
2026-03-29T14:25:48.249064,57.3,68.5,29.9,2400.02048,0.852,0x0,26,3
2026-03-29T14:25:49.273581,58.4,66.6,29.8,2400.033792,0.852,0x0,26,3
2026-03-29T14:25:50.299388,58.4,67.0,30.0,2400.027136,0.852,0x0,32,1
2026-03-29T14:25:51.317630,57.85,67.4,29.8,2400.030464,0.852,0x0,26,2
2026-03-29T14:25:52.345614,57.85,70.0,29.9,2400.017408,0.852,0x0,26,2
2026-03-29T14:25:53.373545,57.85,67.4,30.0,2400.033792,0.852,0x0,26,3
2026-03-29T14:25:54.401329,58.4,67.5,30.0,2400.017408,0.852,0x0,27,
2026-03-29T14:25:55.421412,58.95,67.4,29.9,2400.023808,0.852,0x0,26,3
2026-03-29T14:25:56.449863,57.3,68.1,30.0,2400.033792,0.852,0x0,26,2
2026-03-29T14:25:57.474821,57.85,68.0,30.1,2400.030464,0.852,0x0,26,3
2026-03-29T14:25:58.504906,57.85,68.3,29.8,2400.02048,0.852,0x0,32,
2026-03-29T14:25:59.527444,58.4,66.2,30.0,2400.027136,0.852,0x0,26,2
2026-03-29T14:26:00.552053,58.4,67.2,29.9,2400.02048,0.852,0x0,26,1
2026-03-29T14:26:01.575614,57.85,68.1,29.9,2400.033792,0.852,0x0,26,1
2026-03-29T14:26:02.599642,57.3,67.3,30.0,2400.033792,0.852,0x0,32,6
2026-03-29T14:26:03.622000,58.4,71.7,30.0,2400.023808,0.852,0x0,32,1
2026-03-29T14:26:04.644214,59.5,68.1,29.9,2400.023808,0.852,0x0,26,4
2026-03-29T14:26:05.667123,58.95,66.0,30.0,2400.02048,0.852,0x0,32,
2026-03-29T14:26:06.695435,57.85,66.2,29.9,2400.023808,0.852,0x0,27,4
2026-03-29T14:26:07.718135,57.85,67.8,29.8,2400.023808,0.852,0x0,26,1
2026-03-29T14:26:08.743224,58.4,68.4,30.0,2400.027136,0.852,0x0,26,4
2026-03-29T14:26:09.776505,58.4,67.0,29.9,2400.023808,0.852,0x0,32,5
2026-03-29T14:26:10.799522,59.5,67.6,29.9,2400.027136,0.852,0x0,26,3
2026-03-29T14:26:11.827827,57.85,66.6,29.8,2400.030464,0.852,0x0,32,4
2026-03-29T14:26:12.853150,60.05,67.3,29.8,2400.023808,0.852,0x0,32,3
2026-03-29T14:26:13.879069,57.85,67.3,29.6,2400.027136,0.852,0x0,26,1
2026-03-29T14:26:14.899357,57.85,66.8,29.9,2400.023808,0.852,0x0,32,2
2026-03-29T14:26:15.922680,57.85,68.1,30.0,2400.023808,0.852,0x0,32,2
2026-03-29T14:26:16.947410,58.4,66.0,30.2,2400.027136,0.852,0x0,32,
2026-03-29T14:26:17.974885,57.85,67.8,30.4,2400.03712,0.852,0x0,32,1
2026-03-29T14:26:18.994594,59.5,69.0,30.3,2400.027136,0.852,0x0,26,3
2026-03-29T14:26:20.021925,57.85,70.2,30.4,2400.027136,0.852,0x0,26,4
2026-03-29T14:26:21.049920,59.5,66.4,30.4,2400.027136,0.852,0x0,26,4
2026-03-29T14:26:22.075876,58.4,66.4,30.2,2400.03712,0.852,0x0,26,3
2026-03-29T14:26:23.098734,57.85,67.0,30.1,2400.023808,0.852,0x0,32,1
2026-03-29T14:26:24.126549,57.85,68.1,30.1,2400.030464,0.852,0x0,26,3
2026-03-29T14:26:25.147594,58.4,68.9,30.1,2400.027136,0.852,0x0,29,6
2026-03-29T14:26:26.176702,57.85,67.7,30.1,2400.017408,0.852,0x0,32,
2026-03-29T14:26:27.199776,59.5,72.1,30.1,2400.033792,0.852,0x0,34,3
2026-03-29T14:26:28.221038,57.3,68.1,30.1,2400.027136,0.852,0x0,26,1
2026-03-29T14:26:29.251597,58.4,66.5,30.0,2400.027136,0.852,0x0,26,1
2026-03-29T14:26:30.273531,58.95,65.5,29.9,2400.023808,0.852,0x0,26,1
2026-03-29T14:26:31.296715,59.5,68.2,29.7,2400.033792,0.852,0x0,32,1
2026-03-29T14:26:32.318845,60.05,67.3,29.4,2400.023808,0.852,0x0,26,3
2026-03-29T14:26:33.340136,57.85,66.6,29.6,2400.02048,0.852,0x0,32,2
2026-03-29T14:26:34.365570,58.4,68.1,29.6,2400.023808,0.852,0x0,28,5
2026-03-29T14:26:35.389612,57.85,67.7,29.3,2400.02048,0.852,0x0,32,2
2026-03-29T14:26:36.415502,57.85,67.6,29.4,2400.033792,0.852,0x0,27,3
2026-03-29T14:26:37.445292,59.5,67.2,29.7,2400.027136,0.852,0x0,32,2
2026-03-29T14:26:38.473174,57.3,68.2,29.5,2400.033792,0.852,0x0,26,3
2026-03-29T14:26:39.501002,58.4,66.2,29.7,2400.02048,0.852,0x0,32,4
2026-03-29T14:26:40.522381,58.95,66.3,29.9,2400.030464,0.852,0x0,26,4
2026-03-29T14:26:41.547080,57.85,67.2,29.9,2400.027136,0.852,0x0,32,2
2026-03-29T14:26:42.568950,57.85,68.1,30.1,2400.033792,0.852,0x0,28,5
2026-03-29T14:26:43.595835,58.4,67.8,30.0,2400.030464,0.852,0x0,32,1
2026-03-29T14:26:44.619922,58.4,66.8,30.1,2400.030464,0.852,0x0,32,
2026-03-29T14:26:45.646603,57.85,68.4,29.9,2400.027136,0.852,0x0,27,
2026-03-29T14:26:46.670663,57.3,67.7,30.1,2400.03712,0.852,0x0,32,4
2026-03-29T14:26:47.696101,59.5,67.2,30.2,2400.02048,0.852,0x0,32,0
2026-03-29T14:26:48.717682,57.85,72.5,30.2,2400.02048,0.852,0x0,26,3
2026-03-29T14:26:49.743758,59.5,67.7,30.2,2400.017408,0.852,0x0,26,1
2026-03-29T14:26:50.768733,58.4,68.1,30.1,2400.033792,0.852,0x0,32,2
2026-03-29T14:26:51.789820,57.85,67.0,30.0,2400.027136,0.852,0x0,26,1
2026-03-29T14:26:52.813657,57.85,67.8,29.9,2400.027136,0.852,0x0,32,2
2026-03-29T14:26:53.836280,58.95,67.4,29.8,2400.030464,0.852,0x0,26,3
2026-03-29T14:26:54.865600,58.95,68.2,29.6,2400.027136,0.852,0x0,32,1
2026-03-29T14:26:55.889744,58.4,67.7,29.6,2400.033792,0.852,0x0,29,
2026-03-29T14:26:56.914624,58.4,67.4,29.7,2400.02048,0.852,0x0,28,
2026-03-29T14:26:57.939958,58.4,64.9,29.8,2400.03712,0.852,0x0,26,1
2026-03-29T14:26:58.963791,57.85,67.2,29.8,2400.027136,0.852,0x0,26,1
2026-03-29T14:26:59.988215,59.5,67.8,29.9,2400.02048,0.852,0x0,26,1
2026-03-29T14:27:01.010836,58.4,67.1,30.0,2400.027136,0.852,0x0,32,1
2026-03-29T14:27:02.030497,58.4,67.4,30.1,2400.027136,0.852,0x0,26,3
2026-03-29T14:27:03.053519,57.85,66.8,30.0,2400.027136,0.852,0x0,32,2
2026-03-29T14:27:04.078268,57.3,69.0,29.9,2400.030464,0.852,0x0,27,
2026-03-29T14:27:05.102668,58.4,68.7,29.7,2400.027136,0.852,0x0,29,
2026-03-29T14:27:06.128705,58.95,66.3,29.7,2400.033792,0.852,0x0,26,3
2026-03-29T14:27:07.157726,58.4,69.0,29.7,2400.023808,0.852,0x0,32,1
2026-03-29T14:27:08.179972,58.4,66.8,29.7,2400.02048,0.852,0x0,26,2
2026-03-29T14:27:09.205154,58.4,72.3,29.5,2400.033792,0.852,0x0,26,3
2026-03-29T14:27:10.234406,57.85,67.5,29.3,2400.030464,0.852,0x0,32,2
2026-03-29T14:27:11.257187,56.75,65.2,29.4,2400.03712,0.852,0x0,26,3
2026-03-29T14:27:12.282095,57.85,67.2,29.6,2400.023808,0.852,0x0,31,3
2026-03-29T14:27:13.311599,59.5,68.0,29.5,2400.023808,0.852,0x0,26,2
2026-03-29T14:27:14.341198,58.95,69.2,29.7,2400.027136,0.852,0x0,26,4
2026-03-29T14:27:15.361232,58.95,66.8,29.7,2400.02048,0.852,0x0,26,1
2026-03-29T14:27:16.382544,57.85,67.2,29.7,2400.023808,0.852,0x0,27,
2026-03-29T14:27:17.401820,57.3,66.8,29.5,2400.033792,0.852,0x0,32,1
2026-03-29T14:27:18.431213,57.3,68.4,29.6,2400.017408,0.852,0x0,32,2
2026-03-29T14:27:19.455526,58.4,69.0,29.6,2400.033792,0.852,0x0,32,1
2026-03-29T14:27:20.487311,57.85,67.0,29.6,2400.027136,0.852,0x0,32,2
2026-03-29T14:27:21.511784,57.85,66.7,29.6,2400.030464,0.852,0x0,26,1
2026-03-29T14:27:22.533613,58.4,68.7,29.6,2400.02048,0.852,0x0,26,4
2026-03-29T14:27:23.557811,58.4,66.7,29.6,2400.027136,0.852,0x0,26,1
2026-03-29T14:27:24.584764,58.95,69.4,29.5,2400.02048,0.852,0x0,32,2
2026-03-29T14:27:25.607783,58.4,68.2,29.6,2400.02048,0.852,0x0,26,5
2026-03-29T14:27:26.642897,57.85,67.9,29.5,2400.033792,0.852,0x0,26,1
2026-03-29T14:27:27.667499,58.4,67.2,29.4,2400.033792,0.852,0x0,27,2
2026-03-29T14:27:28.694987,57.85,68.1,29.5,2400.030464,0.852,0x0,32,
2026-03-29T14:27:29.723341,57.85,68.1,29.6,2400.027136,0.852,0x0,26,3
2026-03-29T14:27:30.749879,58.4,67.7,29.6,2400.033792,0.852,0x0,32,1
2026-03-29T14:27:31.769811,57.85,68.4,29.3,2400.027136,0.852,0x0,31,
2026-03-29T14:27:32.792921,58.4,67.9,29.6,2400.03712,0.852,0x0,32,
2026-03-29T14:27:33.820412,57.85,68.8,29.3,2400.033792,0.852,0x0,26,2
2026-03-29T14:27:34.853373,58.95,70.3,29.5,2400.033792,0.852,0x0,33,4
2026-03-29T14:27:35.873847,58.4,67.8,29.4,2400.023808,0.852,0x0,32,1
2026-03-29T14:27:36.903320,57.85,67.5,29.6,2400.03712,0.852,0x0,26,2
2026-03-29T14:27:37.923260,60.05,67.5,29.7,2400.02048,0.852,0x0,26,0
2026-03-29T14:27:38.946265,57.85,67.6,29.6,2400.030464,0.852,0x0,26,3
2026-03-29T14:27:39.973003,57.85,67.9,29.7,2400.033792,0.852,0x0,32,
2026-03-29T14:27:40.994756,57.3,67.9,29.7,2400.027136,0.852,0x0,32,
2026-03-29T14:27:42.016465,57.85,67.5,29.7,2400.033792,0.852,0x0,26,3
2026-03-29T14:27:43.052595,58.4,67.0,29.6,2400.033792,0.852,0x0,32,5
2026-03-29T14:27:44.075570,57.85,68.5,29.5,2400.027136,0.852,0x0,32,4
2026-03-29T14:27:45.098110,58.4,67.1,29.6,2400.023808,0.852,0x0,26,3
2026-03-29T14:27:46.120489,58.4,67.6,29.6,2400.033792,0.852,0x0,32,3
2026-03-29T14:27:47.145580,58.4,68.6,29.5,2400.030464,0.852,0x0,26,1
2026-03-29T14:27:48.164255,57.85,66.3,29.5,2400.033792,0.852,0x0,32,4
2026-03-29T14:27:49.191162,57.3,67.9,29.5,2400.027136,0.852,0x0,27,
2026-03-29T14:27:50.210249,57.3,67.2,29.5,2400.027136,0.852,0x0,26,3
2026-03-29T14:27:51.234951,57.85,66.9,29.4,2400.023808,0.852,0x0,32,9
2026-03-29T14:27:52.263691,58.95,66.7,29.3,2400.03712,0.852,0x0,32,9
2026-03-29T14:27:53.286496,57.85,69.1,29.2,2400.02048,0.852,0x0,32,1
2026-03-29T14:27:54.312212,57.85,68.6,29.2,2400.023808,0.852,0x0,32,
2026-03-29T14:27:55.338595,57.85,67.8,29.3,2400.02048,0.852,0x0,31,
2026-03-29T14:27:56.362169,57.85,71.3,29.3,2400.03712,0.852,0x0,32,1
2026-03-29T14:27:57.383483,58.95,67.5,29.4,2400.033792,0.852,0x0,32,2
2026-03-29T14:27:58.410258,57.3,67.0,29.4,2400.033792,0.852,0x0,32,2
2026-03-29T14:27:59.429612,58.95,69.0,29.4,2400.033792,0.852,0x0,32,1
2026-03-29T14:28:00.449244,56.75,68.6,29.3,2400.03712,0.852,0x0,32,
2026-03-29T14:28:01.473268,58.95,68.7,29.3,2400.02048,0.852,0x0,26,2
2026-03-29T14:28:02.499076,58.95,67.5,29.4,2400.02048,0.852,0x0,26,2
2026-03-29T14:28:03.521275,59.5,68.0,29.7,2400.030464,0.852,0x0,32,
2026-03-29T14:28:04.546606,58.95,67.8,29.8,2400.027136,0.852,0x0,26,0
2026-03-29T14:28:05.569766,57.85,67.4,29.5,2400.02048,0.852,0x0,26,1
2026-03-29T14:28:06.593898,57.3,66.1,29.6,2400.02048,0.852,0x0,26,3
2026-03-29T14:28:07.618484,58.95,66.0,29.7,2400.023808,0.852,0x0,26,3
2026-03-29T14:28:08.638589,58.95,66.8,29.6,2400.023808,0.852,0x0,26,1
2026-03-29T14:28:09.659259,56.2,67.8,29.6,2400.033792,0.852,0x0,32,3
2026-03-29T14:28:10.683707,57.85,66.9,29.8,2400.030464,0.852,0x0,32,1
2026-03-29T14:28:11.707713,58.95,67.4,29.8,2400.027136,0.852,0x0,26,2
2026-03-29T14:28:12.733664,56.75,66.2,29.9,2400.030464,0.852,0x0,32,1
2026-03-29T14:28:13.759702,58.4,68.2,29.9,2400.033792,0.852,0x0,26,4
2026-03-29T14:28:14.786363,58.4,67.5,29.8,2400.033792,0.852,0x0,29,6
2026-03-29T14:28:15.810317,57.85,68.5,29.8,2400.02048,0.852,0x0,32,1
2026-03-29T14:28:16.829279,57.85,68.6,29.8,2400.027136,0.852,0x0,26,1
2026-03-29T14:28:17.855870,58.4,67.0,29.7,2400.027136,0.852,0x0,29,1
2026-03-29T14:28:18.875345,57.85,67.0,29.8,2400.030464,0.852,0x0,32,
2026-03-29T14:28:19.899892,57.3,71.7,29.7,2400.027136,0.852,0x0,31,2
2026-03-29T14:28:20.935529,57.85,68.3,29.6,2400.027136,0.852,0x0,26,1
2026-03-29T14:28:21.960679,57.85,67.2,29.6,2400.02048,0.852,0x0,32,4
2026-03-29T14:28:22.982404,58.95,67.9,29.3,2400.03712,0.852,0x0,34,
2026-03-29T14:28:24.004131,58.4,67.3,29.4,2400.02048,0.852,0x0,30,7
2026-03-29T14:28:25.025558,56.75,68.2,29.6,2400.033792,0.852,0x0,32,2
2026-03-29T14:28:26.047981,57.85,67.5,29.9,2400.017408,0.852,0x0,30,
2026-03-29T14:28:27.077015,57.85,67.9,30.0,2400.023808,0.852,0x0,32,2
2026-03-29T14:28:28.099825,57.3,67.5,30.1,2400.023808,0.852,0x0,26,3
2026-03-29T14:28:29.123807,58.4,67.6,29.8,2400.027136,0.852,0x0,26,1
2026-03-29T14:28:30.143291,57.85,67.8,29.9,2400.02048,0.852,0x0,32,2
2026-03-29T14:28:31.170917,59.5,67.6,29.9,2400.027136,0.852,0x0,32,1
2026-03-29T14:28:32.193615,57.3,67.9,29.9,2400.023808,0.852,0x0,26,3
2026-03-29T14:28:33.222318,56.75,68.1,29.7,2400.02048,0.852,0x0,32,1
2026-03-29T14:28:34.242441,57.3,67.6,29.7,2400.033792,0.852,0x0,32,2
2026-03-29T14:28:35.262426,57.85,67.9,29.8,2400.02048,0.852,0x0,33,
2026-03-29T14:28:36.283361,58.4,65.6,30.0,2400.023808,0.852,0x0,26,1
2026-03-29T14:28:37.305788,57.85,66.8,30.1,2400.03712,0.852,0x0,27,
2026-03-29T14:28:38.324278,57.85,66.8,30.2,2400.023808,0.852,0x0,27,
2026-03-29T14:28:39.347601,58.4,67.3,30.0,2400.03712,0.852,0x0,26,3
2026-03-29T14:28:40.374303,57.85,69.5,30.1,2400.02048,0.852,0x0,26,3
2026-03-29T14:28:41.396288,57.85,67.1,29.9,2400.030464,0.852,0x0,32,2
2026-03-29T14:28:42.416923,57.85,67.3,29.8,2400.03712,0.852,0x0,26,0
2026-03-29T14:28:43.439673,58.95,72.4,30.0,2400.02048,0.852,0x0,32,0
2026-03-29T14:28:44.563425,57.3,65.4,30.0,2400.030464,0.852,0x0,26,1
2026-03-29T14:28:45.588697,57.3,68.6,30.1,2400.023808,0.852,0x0,32,
2026-03-29T14:28:46.612596,57.85,71.2,30.2,2400.027136,0.852,0x0,32,5
2026-03-29T14:28:47.638669,55.65,66.8,29.9,2400.02048,0.852,0x0,30,
2026-03-29T14:28:48.657041,58.95,68.6,29.7,2400.033792,0.852,0x0,32,5
2026-03-29T14:28:49.684499,57.85,66.9,29.7,2400.023808,0.852,0x0,32,2
2026-03-29T14:28:50.709437,57.85,68.4,29.6,2400.030464,0.852,0x0,26,2
2026-03-29T14:28:51.736598,57.85,69.2,29.6,2400.03712,0.852,0x0,26,2
2026-03-29T14:28:52.759094,57.85,67.2,29.6,2400.030464,0.852,0x0,27,3
2026-03-29T14:28:53.780855,57.85,67.6,29.4,2400.023808,0.852,0x0,26,2
2026-03-29T14:28:54.803921,57.85,67.7,29.4,2400.027136,0.852,0x0,26,2
2026-03-29T14:28:55.830372,57.85,68.7,29.4,2400.033792,0.852,0x0,32,0
2026-03-29T14:28:56.857899,57.85,67.3,29.3,2400.027136,0.852,0x0,31,
2026-03-29T14:28:57.888753,57.85,67.7,29.4,2400.023808,0.852,0x0,32,0
2026-03-29T14:28:58.911924,57.85,67.4,29.4,2400.023808,0.852,0x0,32,1
2026-03-29T14:28:59.938493,58.4,71.8,29.4,2400.033792,0.852,0x0,26,2
2026-03-29T14:29:00.961035,58.4,68.2,29.4,2400.027136,0.852,0x0,32,2
2026-03-29T14:29:01.983655,56.75,67.0,29.5,2400.023808,0.852,0x0,26,1
2026-03-29T14:29:03.015110,58.4,67.8,29.5,2400.023808,0.852,0x0,32,2
2026-03-29T14:29:04.041959,56.75,67.8,29.4,2400.033792,0.852,0x0,32,2
2026-03-29T14:29:05.061880,56.75,66.7,29.5,2400.023808,0.852,0x0,32,1
2026-03-29T14:29:06.091634,57.85,68.0,29.5,2400.030464,0.852,0x0,26,4
2026-03-29T14:29:07.117242,59.5,66.4,29.3,2400.023808,0.852,0x0,26,3
2026-03-29T14:29:08.137196,57.85,68.3,29.4,2400.017408,0.852,0x0,26,1
2026-03-29T14:29:09.160057,59.5,66.7,29.5,2400.027136,0.852,0x0,27,
2026-03-29T14:29:10.183261,56.75,67.8,29.6,2400.033792,0.852,0x0,26,3
2026-03-29T14:29:11.211056,58.95,67.0,29.7,2400.030464,0.852,0x0,32,2
2026-03-29T14:29:12.230402,58.4,67.3,29.6,2400.02048,0.852,0x0,26,1
2026-03-29T14:29:13.252001,57.85,67.7,29.7,2400.030464,0.852,0x0,26,1
2026-03-29T14:29:14.277515,58.4,66.4,29.7,2400.03712,0.852,0x0,32,3
2026-03-29T14:29:15.300861,58.4,69.8,29.7,2400.027136,0.852,0x0,32,2
2026-03-29T14:29:16.320793,57.85,66.3,29.8,2400.030464,0.852,0x0,26,3
2026-03-29T14:29:17.355569,56.75,68.1,29.8,2400.023808,0.852,0x0,32,
2026-03-29T14:29:18.442905,57.85,68.1,29.8,2400.023808,0.852,0x0,26,3
2026-03-29T14:29:19.466453,57.3,66.9,29.7,2400.027136,0.852,0x0,26,3
2026-03-29T14:29:20.487902,57.85,69.2,29.9,2400.030464,0.852,0x0,32,2
2026-03-29T14:29:21.511692,57.85,68.2,29.9,2400.027136,0.852,0x0,26,3
2026-03-29T14:29:22.532750,58.4,67.4,30.0,2400.027136,0.852,0x0,26,1
2026-03-29T14:29:23.570863,60.05,72.0,29.8,2400.023808,0.852,0x0,26,2
2026-03-29T14:29:24.596455,57.3,67.6,29.9,2400.023808,0.852,0x0,26,3
2026-03-29T14:29:25.623349,57.85,69.3,29.7,2400.027136,0.852,0x0,26,2
2026-03-29T14:29:26.646528,57.85,66.7,30.0,2400.030464,0.852,0x0,28,
2026-03-29T14:29:27.666136,57.3,67.8,29.7,2400.033792,0.852,0x0,26,2
2026-03-29T14:29:28.690045,56.75,67.3,29.8,2400.027136,0.852,0x0,32,2
2026-03-29T14:29:29.716151,58.4,68.5,30.0,2400.03712,0.852,0x0,32,0
2026-03-29T14:29:30.740931,57.85,68.2,30.1,2400.023808,0.852,0x0,28,4
2026-03-29T14:29:31.766672,56.2,66.4,30.1,2400.023808,0.852,0x0,26,3
2026-03-29T14:29:32.787140,58.95,66.1,30.1,2400.02048,0.852,0x0,26,2
2026-03-29T14:29:33.814303,58.95,66.7,30.0,2400.02048,0.852,0x0,32,1
2026-03-29T14:29:34.838115,57.85,66.6,30.0,2400.027136,0.852,0x0,26,2
2026-03-29T14:29:35.870432,57.3,70.2,30.1,2400.027136,0.852,0x0,26,1
2026-03-29T14:29:36.895529,58.95,67.3,30.1,2400.030464,0.852,0x0,32,3
2026-03-29T14:29:37.919599,58.4,67.4,30.2,2400.03712,0.852,0x0,32,1
2026-03-29T14:29:38.943043,58.4,66.7,30.1,2400.023808,0.852,0x0,27,
2026-03-29T14:29:40.074076,58.95,67.0,30.3,2400.027136,0.852,0x0,32,2
2026-03-29T14:29:41.100816,57.3,70.1,30.2,2400.023808,0.852,0x0,32,
2026-03-29T14:29:42.123450,59.5,67.0,30.2,2400.027136,0.852,0x0,32,1
2026-03-29T14:29:43.147364,58.4,67.3,30.1,2400.033792,0.852,0x0,32,
2026-03-29T14:29:44.168603,56.75,66.4,30.0,2400.02048,0.852,0x0,26,1
2026-03-29T14:29:45.192741,57.3,66.8,29.9,2400.03712,0.852,0x0,26,2
2026-03-29T14:29:46.212954,59.5,72.5,29.8,2400.030464,0.852,0x0,32,1
2026-03-29T14:29:47.233939,56.75,66.3,29.8,2400.017408,0.852,0x0,26,4
2026-03-29T14:29:48.257125,57.85,67.5,29.9,2400.023808,0.852,0x0,26,1
2026-03-29T14:29:49.281523,57.85,66.7,30.0,2400.030464,0.852,0x0,26,1
2026-03-29T14:29:50.302462,57.85,66.0,29.9,2400.030464,0.852,0x0,32,3
2026-03-29T14:29:51.321180,57.85,68.4,29.9,2400.033792,0.852,0x0,32,5
2026-03-29T14:29:52.351669,57.85,67.5,30.0,2400.033792,0.852,0x0,32,1
2026-03-29T14:29:53.377528,57.85,67.0,29.9,2400.033792,0.852,0x0,26,1
2026-03-29T14:29:54.399659,56.75,67.0,29.9,2400.03712,0.852,0x0,26,1
2026-03-29T14:29:55.423277,58.4,66.8,29.7,2400.02048,0.852,0x0,26,2
2026-03-29T14:29:56.444697,58.4,67.2,29.4,2400.023808,0.852,0x0,32,3
2026-03-29T14:29:57.470787,58.4,69.3,29.4,2400.023808,0.852,0x0,32,3
2026-03-29T14:29:58.497741,57.85,67.4,29.5,2400.02048,0.852,0x0,26,1
2026-03-29T14:29:59.521627,57.85,67.2,29.6,2400.030464,0.852,0x0,26,1
2026-03-29T14:30:00.545999,57.3,67.8,29.6,2400.023808,0.852,0x0,26,1
2026-03-29T14:30:01.565452,58.4,66.2,29.6,2400.023808,0.852,0x0,32,3
2026-03-29T14:30:02.589566,57.3,67.4,29.6,2400.023808,0.852,0x0,26,1
2026-03-29T14:30:03.616647,57.85,68.2,29.9,2400.03712,0.852,0x0,32,3
2026-03-29T14:30:04.639731,57.85,68.4,29.9,2400.023808,0.852,0x0,26,3
2026-03-29T14:30:05.664007,57.3,68.1,30.1,2400.033792,0.852,0x0,33,6
2026-03-29T14:30:06.690800,57.3,68.1,29.9,2400.033792,0.852,0x0,29,6
2026-03-29T14:30:07.715659,56.75,68.8,29.8,2400.033792,0.852,0x0,26,3
2026-03-29T14:30:08.746910,57.85,66.9,29.9,2400.027136,0.852,0x0,26,3
2026-03-29T14:30:09.776794,57.3,71.7,29.8,2400.023808,0.852,0x0,26,2
2026-03-29T14:30:10.801031,57.3,68.5,29.6,2400.030464,0.852,0x0,32,1
2026-03-29T14:30:11.823204,56.75,66.8,29.4,2400.030464,0.852,0x0,27,6
2026-03-29T14:30:12.846804,57.3,68.1,29.4,2400.033792,0.852,0x0,32,2
2026-03-29T14:30:13.871648,58.4,66.8,29.1,2400.02048,0.852,0x0,30,
2026-03-29T14:30:14.897431,57.85,67.5,29.2,2400.030464,0.852,0x0,32,
2026-03-29T14:30:15.918676,59.5,66.3,29.5,2400.02048,0.852,0x0,29,
2026-03-29T14:30:16.941762,59.5,69.3,29.7,2400.02048,0.852,0x0,32,1
2026-03-29T14:30:18.070123,57.3,66.7,29.9,2400.02048,0.852,0x0,32,5
2026-03-29T14:30:19.096146,58.95,65.7,29.9,2400.02048,0.852,0x0,26,3
2026-03-29T14:30:20.119588,57.3,67.7,29.8,2400.03712,0.852,0x0,32,8
2026-03-29T14:30:21.144441,58.95,67.9,29.6,2400.030464,0.852,0x0,27,4
2026-03-29T14:30:22.171641,56.75,68.7,29.7,2400.033792,0.852,0x0,26,1
2026-03-29T14:30:23.194426,57.3,68.9,29.8,2400.023808,0.852,0x0,26,1
2026-03-29T14:30:24.216809,58.4,68.1,29.9,2400.023808,0.852,0x0,32,2
2026-03-29T14:30:25.235641,57.85,67.8,30.0,2400.030464,0.852,0x0,26,1
2026-03-29T14:30:26.256850,58.95,69.2,30.0,2400.030464,0.852,0x0,26,3
2026-03-29T14:30:27.281691,57.3,68.6,30.3,2400.023808,0.852,0x0,32,
2026-03-29T14:30:28.304541,58.95,67.7,30.2,2400.017408,0.852,0x0,26,4
2026-03-29T14:30:29.336673,57.3,68.3,30.1,2400.023808,0.852,0x0,26,3
2026-03-29T14:30:30.370321,57.3,65.4,30.0,2400.02048,0.852,0x0,32,4
2026-03-29T14:30:31.398899,56.75,71.8,29.9,2400.030464,0.852,0x0,30,7
2026-03-29T14:30:32.427571,59.5,68.4,29.9,2400.033792,0.852,0x0,32,2
2026-03-29T14:30:33.452482,57.85,67.7,29.9,2400.023808,0.852,0x0,26,1
2026-03-29T14:30:34.478449,57.85,67.3,30.2,2400.033792,0.852,0x0,26,2
2026-03-29T14:30:35.497128,58.4,68.6,30.1,2400.027136,0.852,0x0,32,1
2026-03-29T14:30:36.522244,57.3,67.9,30.1,2400.033792,0.852,0x0,26,3
2026-03-29T14:30:37.547610,57.85,68.5,30.0,2400.030464,0.852,0x0,26,2
2026-03-29T14:30:38.574014,57.85,67.5,30.0,2400.033792,0.852,0x0,32,3
2026-03-29T14:30:39.596775,57.85,66.7,30.0,2400.017408,0.852,0x0,32,
2026-03-29T14:30:40.620323,58.95,67.9,29.9,2400.023808,0.852,0x0,26,3
2026-03-29T14:30:41.642129,57.3,68.8,29.7,2400.02048,0.852,0x0,26,1
2026-03-29T14:30:42.669777,58.4,67.3,29.8,2400.017408,0.852,0x0,32,3
2026-03-29T14:30:43.695022,56.75,67.8,30.1,2400.033792,0.852,0x0,32,1
2026-03-29T14:30:44.721741,57.85,67.2,30.1,2400.030464,0.852,0x0,32,
2026-03-29T14:30:45.744694,57.85,68.0,30.1,2400.023808,0.852,0x0,26,3
2026-03-29T14:30:46.774735,58.95,67.7,30.0,2400.033792,0.852,0x0,32,2
2026-03-29T14:30:47.797297,58.4,66.6,29.8,2400.030464,0.852,0x0,26,1
2026-03-29T14:30:48.818271,58.95,66.7,29.8,2400.03712,0.852,0x0,26,2
2026-03-29T14:30:49.837898,58.4,67.1,29.8,2400.02048,0.852,0x0,26,3
2026-03-29T14:30:50.870113,58.4,67.8,29.7,2400.027136,0.852,0x0,29,
2026-03-29T14:30:51.897161,57.85,69.4,29.7,2400.030464,0.852,0x0,26,0
2026-03-29T14:30:52.922502,57.85,66.8,29.6,2400.02048,0.852,0x0,32,5
2026-03-29T14:30:53.943521,57.85,67.8,29.5,2400.023808,0.852,0x0,26,0
2026-03-29T14:30:54.963880,57.85,67.4,29.7,2400.033792,0.852,0x0,28,
2026-03-29T14:30:55.986942,57.85,67.1,29.7,2400.027136,0.852,0x0,27,3
2026-03-29T14:30:57.014671,57.85,74.6,29.6,2400.03712,0.852,0x0,32,6
2026-03-29T14:30:58.140324,58.4,66.8,29.6,2400.027136,0.852,0x0,26,4
2026-03-29T14:30:59.167695,59.5,67.5,29.5,2400.033792,0.852,0x0,26,2
2026-03-29T14:31:00.191695,57.85,67.8,29.6,2400.033792,0.852,0x0,26,2
2026-03-29T14:31:01.219554,57.85,67.6,29.5,2400.03712,0.852,0x0,33,
2026-03-29T14:31:02.240718,57.85,69.5,29.7,2400.02048,0.852,0x0,26,1
2026-03-29T14:31:03.270045,58.95,66.4,29.8,2400.027136,0.852,0x0,26,3
2026-03-29T14:31:04.292387,57.85,65.9,30.0,2400.033792,0.852,0x0,32,4
2026-03-29T14:31:05.314563,58.4,69.3,30.0,2400.023808,0.852,0x0,32,
2026-03-29T14:31:06.337255,57.85,67.9,30.1,2400.027136,0.852,0x0,26,2
2026-03-29T14:31:07.364652,57.85,67.7,29.9,2400.023808,0.852,0x0,32,0
2026-03-29T14:31:08.387668,57.85,67.3,29.7,2400.023808,0.852,0x0,32,5
2026-03-29T14:31:09.415067,58.95,67.3,29.8,2400.023808,0.852,0x0,26,1
2026-03-29T14:31:10.438332,57.85,67.5,29.9,2400.030464,0.852,0x0,30,
2026-03-29T14:31:11.466487,59.5,66.6,29.7,2400.027136,0.852,0x0,28,
2026-03-29T14:31:12.490030,58.95,67.0,29.7,2400.023808,0.852,0x0,28,
2026-03-29T14:31:13.512363,57.85,68.3,29.8,2400.027136,0.852,0x0,26,3
2026-03-29T14:31:14.537114,57.85,65.5,30.0,2400.02048,0.852,0x0,26,2
2026-03-29T14:31:15.560217,58.95,67.1,30.0,2400.023808,0.852,0x0,32,4
2026-03-29T14:31:16.587642,57.85,67.3,30.0,2400.02048,0.852,0x0,26,1
2026-03-29T14:31:17.611136,58.4,70.0,29.8,2400.023808,0.852,0x0,32,
2026-03-29T14:31:18.635191,57.85,66.8,29.8,2400.033792,0.852,0x0,29,
2026-03-29T14:31:19.665337,57.85,67.7,29.8,2400.027136,0.852,0x0,28,
2026-03-29T14:31:20.687602,58.95,67.4,29.4,2400.033792,0.852,0x0,26,1
2026-03-29T14:31:21.713296,59.5,70.2,29.5,2400.02048,0.852,0x0,26,5
2026-03-29T14:31:22.742825,58.95,67.3,29.5,2400.023808,0.852,0x0,32,0
2026-03-29T14:31:23.765571,57.3,67.8,29.7,2400.02048,0.852,0x0,26,3
2026-03-29T14:31:24.789866,58.4,67.4,29.8,2400.027136,0.852,0x0,32,
2026-03-29T14:31:25.818854,58.4,68.4,29.8,2400.02048,0.852,0x0,26,3
2026-03-29T14:31:26.840920,58.95,68.4,29.8,2400.030464,0.852,0x0,32,3
2026-03-29T14:31:27.873926,57.85,67.3,29.9,2400.023808,0.852,0x0,26,2
2026-03-29T14:31:28.894909,57.85,66.5,30.0,2400.033792,0.852,0x0,26,3
2026-03-29T14:31:29.918577,57.85,69.5,29.8,2400.030464,0.852,0x0,26,1
2026-03-29T14:31:30.942120,58.4,67.3,29.9,2400.030464,0.852,0x0,28,
2026-03-29T14:31:31.967716,58.95,68.7,30.0,2400.030464,0.852,0x0,26,2
2026-03-29T14:31:32.989330,56.75,68.0,30.0,2400.023808,0.852,0x0,26,1
2026-03-29T14:31:34.014408,56.75,67.5,30.0,2400.017408,0.852,0x0,32,
2026-03-29T14:31:35.036503,57.85,65.4,30.2,2400.027136,0.852,0x0,32,1
2026-03-29T14:31:36.059463,57.3,66.6,30.1,2400.033792,0.852,0x0,32,1
2026-03-29T14:31:37.078653,57.85,68.7,30.2,2400.023808,0.852,0x0,30,
2026-03-29T14:31:38.100469,57.85,68.6,30.2,2400.033792,0.852,0x0,33,2
2026-03-29T14:31:39.123636,57.85,67.7,30.1,2400.030464,0.852,0x0,32,2
2026-03-29T14:31:40.146649,57.85,67.1,30.0,2400.017408,0.852,0x0,26,3
2026-03-29T14:31:41.171226,57.85,67.3,29.8,2400.033792,0.852,0x0,26,1
2026-03-29T14:31:42.203138,57.85,67.4,29.7,2400.02048,0.852,0x0,32,
2026-03-29T14:31:43.230928,58.95,66.0,29.6,2400.023808,0.852,0x0,32,1
2026-03-29T14:31:44.250724,57.85,67.2,29.7,2400.017408,0.852,0x0,32,5
2026-03-29T14:31:45.383619,58.4,71.3,30.0,2400.033792,0.852,0x0,32,2
2026-03-29T14:31:46.407614,58.4,68.5,29.9,2400.027136,0.852,0x0,26,1
2026-03-29T14:31:47.440765,58.95,70.7,29.7,2400.027136,0.852,0x0,32,2
2026-03-29T14:31:48.461973,57.85,68.6,29.7,2400.030464,0.852,0x0,26,1
2026-03-29T14:31:49.481645,58.95,66.7,29.7,2400.027136,0.852,0x0,27,
2026-03-29T14:31:50.505359,57.85,66.9,29.8,2400.033792,0.852,0x0,26,1
2026-03-29T14:31:51.531586,57.85,67.8,30.0,2400.030464,0.852,0x0,26,1
2026-03-29T14:31:52.554823,57.85,67.2,30.0,2400.033792,0.852,0x0,32,1
2026-03-29T14:31:53.579289,58.95,67.5,30.0,2400.033792,0.852,0x0,32,9
2026-03-29T14:31:54.599635,57.3,67.1,29.8,2400.023808,0.852,0x0,32,5
2026-03-29T14:31:55.623601,59.5,66.6,29.8,2400.027136,0.852,0x0,32,6
2026-03-29T14:31:56.646191,57.85,67.0,29.8,2400.033792,0.852,0x0,26,0
2026-03-29T14:31:57.772510,57.85,67.1,29.7,2400.023808,0.852,0x0,26,1
2026-03-29T14:31:58.868707,57.85,68.5,29.8,2400.023808,0.852,0x0,32,2
2026-03-29T14:31:59.890272,57.85,67.0,29.8,2400.03712,0.852,0x0,32,2
2026-03-29T14:32:00.913867,59.5,67.0,30.2,2400.033792,0.852,0x0,32,1
2026-03-29T14:32:01.936418,58.4,67.7,30.0,2400.027136,0.852,0x0,32,1
2026-03-29T14:32:02.959602,57.85,71.8,30.1,2400.02048,0.852,0x0,32,
2026-03-29T14:32:03.981926,58.4,66.2,29.8,2400.03712,0.852,0x0,30,
2026-03-29T14:32:05.004684,57.3,66.4,29.8,2400.033792,0.852,0x0,26,1
2026-03-29T14:32:06.026223,57.85,65.5,29.8,2400.030464,0.852,0x0,26,1
2026-03-29T14:32:07.049039,58.95,67.2,30.0,2400.030464,0.852,0x0,26,3
2026-03-29T14:32:08.160673,56.75,67.0,29.9,2400.033792,0.852,0x0,26,3
2026-03-29T14:32:09.188609,57.85,67.4,30.0,2400.027136,0.852,0x0,32,0
2026-03-29T14:32:10.210027,57.3,66.7,29.9,2400.02048,0.852,0x0,26,4
2026-03-29T14:32:11.239017,59.5,66.4,30.0,2400.03712,0.852,0x0,27,
2026-03-29T14:32:12.259511,58.95,66.5,29.7,2400.027136,0.852,0x0,26,2
2026-03-29T14:32:13.287594,57.85,67.4,29.8,2400.023808,0.852,0x0,27,1
2026-03-29T14:32:14.308255,57.85,65.5,29.8,2400.02048,0.852,0x0,26,0
2026-03-29T14:32:15.331756,57.85,68.3,30.0,2400.023808,0.852,0x0,32,
2026-03-29T14:32:16.357385,58.4,67.6,30.0,2400.030464,0.852,0x0,26,3
2026-03-29T14:32:17.389584,58.4,66.8,29.9,2400.027136,0.852,0x0,32,1
2026-03-29T14:32:18.410589,57.85,67.9,30.0,2400.027136,0.852,0x0,26,3
2026-03-29T14:32:19.432088,57.85,68.6,29.9,2400.030464,0.852,0x0,32,
2026-03-29T14:32:20.463617,57.85,68.1,29.8,2400.023808,0.852,0x0,26,2
2026-03-29T14:32:21.486140,58.95,67.0,30.0,2400.02048,0.852,0x0,32,2
2026-03-29T14:32:22.507879,57.3,65.6,30.0,2400.02048,0.852,0x0,26,3
2026-03-29T14:32:23.532364,57.85,70.0,30.0,2400.023808,0.852,0x0,26,4
2026-03-29T14:32:24.553964,58.4,65.5,29.8,2400.033792,0.852,0x0,32,2
2026-03-29T14:32:25.583054,58.95,68.6,29.8,2400.033792,0.852,0x0,26,1
2026-03-29T14:32:26.668194,58.4,66.8,29.9,2400.030464,0.852,0x0,26,1
2026-03-29T14:32:27.688679,56.75,71.1,29.9,2400.033792,0.852,0x0,31,8
2026-03-29T14:32:28.715014,58.95,69.4,30.0,2400.02048,0.852,0x0,27,2
2026-03-29T14:32:29.738860,59.5,65.7,30.0,2400.023808,0.852,0x0,26,3
2026-03-29T14:32:30.766673,57.85,67.6,29.8,2400.027136,0.852,0x0,27,
2026-03-29T14:32:31.789485,57.85,67.5,29.9,2400.02048,0.852,0x0,32,2
2026-03-29T14:32:32.809210,56.75,67.0,30.0,2400.030464,0.852,0x0,26,2
2026-03-29T14:32:33.833251,57.85,69.5,30.2,2400.023808,0.852,0x0,26,1
2026-03-29T14:32:34.855270,59.5,68.6,30.1,2400.02048,0.852,0x0,32,2
2026-03-29T14:32:35.881645,57.3,67.3,30.1,2400.030464,0.852,0x0,32,
2026-03-29T14:32:36.910231,58.95,67.4,30.0,2400.030464,0.852,0x0,26,1
2026-03-29T14:32:37.930346,57.85,67.7,30.0,2400.030464,0.852,0x0,27,
2026-03-29T14:32:38.959655,58.95,66.5,29.9,2400.023808,0.852,0x0,32,2
2026-03-29T14:32:39.981959,57.85,66.1,30.1,2400.027136,0.852,0x0,26,4
2026-03-29T14:32:41.010526,58.4,68.1,30.3,2400.027136,0.852,0x0,28,5
2026-03-29T14:32:42.035056,58.95,66.9,30.5,2400.033792,0.852,0x0,26,2
2026-03-29T14:32:43.063476,58.4,67.3,30.3,2400.03712,0.852,0x0,26,2
2026-03-29T14:32:44.087614,58.4,67.0,30.3,2400.027136,0.852,0x0,26,2
2026-03-29T14:32:45.111418,57.3,68.2,30.5,2400.023808,0.852,0x0,29,
2026-03-29T14:32:46.134247,57.85,66.8,30.4,2400.023808,0.852,0x0,26,3
2026-03-29T14:32:47.160344,58.4,67.8,30.6,2400.027136,0.852,0x0,32,1
2026-03-29T14:32:48.181706,58.4,69.1,30.5,2400.033792,0.852,0x0,26,3
2026-03-29T14:32:49.213065,57.85,71.1,30.4,2400.030464,0.852,0x0,26,3
2026-03-29T14:32:50.241652,57.85,67.8,30.2,2400.023808,0.852,0x0,32,7
2026-03-29T14:32:51.270262,57.85,65.2,30.3,2400.030464,0.852,0x0,32,5
2026-03-29T14:32:52.299899,57.85,68.8,30.3,2400.027136,0.852,0x0,26,1
2026-03-29T14:32:53.320524,58.4,68.3,30.2,2400.027136,0.852,0x0,32,1
2026-03-29T14:32:54.343735,57.85,67.6,30.2,2400.030464,0.852,0x0,26,2
2026-03-29T14:32:55.370514,58.4,66.9,30.2,2400.023808,0.852,0x0,32,4
2026-03-29T14:32:56.397430,57.85,67.8,30.0,2400.027136,0.852,0x0,32,
2026-03-29T14:32:57.421283,57.85,68.6,30.3,2400.030464,0.852,0x0,32,1
2026-03-29T14:32:58.447008,57.85,67.1,30.1,2400.027136,0.852,0x0,26,3
2026-03-29T14:32:59.469472,57.85,67.3,30.0,2400.030464,0.852,0x0,26,2
2026-03-29T14:33:00.502526,57.85,67.4,30.1,2400.023808,0.852,0x0,32,0
2026-03-29T14:33:01.526178,57.85,66.5,30.2,2400.03712,0.852,0x0,26,4
2026-03-29T14:33:02.556619,58.95,68.5,30.1,2400.033792,0.852,0x0,26,1
2026-03-29T14:33:03.578246,56.2,68.9,30.0,2400.027136,0.852,0x0,32,3
2026-03-29T14:33:04.605148,57.85,66.4,30.1,2400.023808,0.852,0x0,32,2
2026-03-29T14:33:05.629360,57.85,67.1,30.2,2400.027136,0.852,0x0,26,3
2026-03-29T14:33:06.658887,57.85,68.3,30.3,2400.02048,0.852,0x0,32,5
2026-03-29T14:33:07.683673,58.95,69.0,30.2,2400.033792,0.852,0x0,26,1
2026-03-29T14:33:08.704764,57.3,68.2,30.3,2400.030464,0.852,0x0,32,3
2026-03-29T14:33:09.727392,57.85,67.6,30.2,2400.033792,0.852,0x0,32,
2026-03-29T14:33:10.752122,58.95,66.8,30.0,2400.033792,0.852,0x0,26,2
2026-03-29T14:33:11.772103,57.85,67.3,30.0,2400.033792,0.852,0x0,32,0
2026-03-29T14:33:12.796477,59.5,67.3,30.1,2400.03712,0.852,0x0,32,
2026-03-29T14:33:13.820134,57.85,73.6,30.1,2400.023808,0.852,0x0,26,3
2026-03-29T14:33:14.839590,57.85,67.9,30.1,2400.033792,0.852,0x0,32,
2026-03-29T14:33:15.968088,58.95,67.0,30.1,2400.030464,0.852,0x0,32,8
2026-03-29T14:33:16.997001,58.95,67.5,30.1,2400.030464,0.852,0x0,32,
2026-03-29T14:33:18.020424,57.3,66.5,30.2,2400.023808,0.852,0x0,32,1
2026-03-29T14:33:19.051748,56.2,67.9,30.3,2400.023808,0.852,0x0,29,
2026-03-29T14:33:20.083743,58.95,68.2,30.3,2400.033792,0.852,0x0,26,1
2026-03-29T14:33:21.108824,57.3,67.3,30.4,2400.033792,0.852,0x0,26,3
2026-03-29T14:33:22.130789,58.4,67.6,30.4,2400.023808,0.852,0x0,26,1
2026-03-29T14:33:23.155206,57.3,68.7,30.1,2400.033792,0.852,0x0,29,6
2026-03-29T14:33:24.177119,58.4,67.7,30.2,2400.030464,0.852,0x0,26,1
2026-03-29T14:33:25.202364,58.4,68.6,30.4,2400.02048,0.852,0x0,32,8
2026-03-29T14:33:26.223253,57.85,67.8,30.5,2400.027136,0.852,0x0,32,7
2026-03-29T14:33:27.249083,56.75,66.9,30.3,2400.030464,0.852,0x0,26,2
2026-03-29T14:33:28.269039,57.3,67.2,30.2,2400.023808,0.852,0x0,32,3
2026-03-29T14:33:29.296870,58.95,68.1,30.3,2400.03712,0.852,0x0,32,2
2026-03-29T14:33:30.319343,56.75,68.1,30.1,2400.027136,0.852,0x0,26,3
2026-03-29T14:33:31.355683,57.85,65.9,30.1,2400.027136,0.852,0x0,28,
2026-03-29T14:33:32.378452,58.95,68.2,30.3,2400.033792,0.852,0x0,32,3
2026-03-29T14:33:33.402679,58.95,67.7,30.2,2400.023808,0.852,0x0,32,1
2026-03-29T14:33:34.428230,57.85,73.1,30.1,2400.023808,0.852,0x0,29,6
2026-03-29T14:33:35.455005,58.95,67.7,29.9,2400.030464,0.852,0x0,26,3
2026-03-29T14:33:36.478759,57.85,67.4,29.9,2400.027136,0.852,0x0,30,6
2026-03-29T14:33:37.498884,58.4,66.5,29.9,2400.027136,0.852,0x0,32,1
2026-03-29T14:33:38.524959,58.95,68.1,30.1,2400.033792,0.852,0x0,26,1
2026-03-29T14:33:39.548719,57.85,66.9,30.0,2400.027136,0.852,0x0,32,
2026-03-29T14:33:40.575669,58.4,68.3,29.9,2400.030464,0.852,0x0,32,3
2026-03-29T14:33:41.601897,58.95,68.0,29.9,2400.030464,0.852,0x0,32,4
2026-03-29T14:33:42.622912,58.95,68.0,30.0,2400.030464,0.852,0x0,32,1
2026-03-29T14:33:43.645887,58.4,65.9,29.9,2400.027136,0.852,0x0,32,2
2026-03-29T14:33:44.671304,57.85,68.1,29.9,2400.03712,0.852,0x0,32,2
2026-03-29T14:33:45.694360,57.3,65.6,29.9,2400.033792,0.852,0x0,26,1
2026-03-29T14:33:46.722175,58.4,67.6,30.1,2400.033792,0.852,0x0,32,2
2026-03-29T14:33:47.747246,59.5,67.7,30.2,2400.023808,0.852,0x0,26,6
2026-03-29T14:33:48.780637,58.4,68.3,30.1,2400.033792,0.852,0x0,26,2
2026-03-29T14:33:49.804340,57.3,68.3,30.0,2400.033792,0.852,0x0,26,3
2026-03-29T14:33:50.827638,58.4,67.6,30.0,2400.03712,0.852,0x0,32,
2026-03-29T14:33:51.858571,58.4,65.8,30.1,2400.030464,0.852,0x0,26,2
2026-03-29T14:33:52.887175,58.95,66.3,30.0,2400.030464,0.852,0x0,32,1
2026-03-29T14:33:53.911029,56.75,67.2,30.2,2400.033792,0.852,0x0,26,2
2026-03-29T14:33:54.936475,57.85,68.1,30.3,2400.030464,0.852,0x0,26,3
2026-03-29T14:33:55.955511,57.85,67.5,30.1,2400.027136,0.852,0x0,26,3
2026-03-29T14:33:56.978566,57.85,67.7,29.9,2400.023808,0.852,0x0,26,3
2026-03-29T14:33:57.997760,57.3,71.2,30.0,2400.027136,0.852,0x0,32,1
2026-03-29T14:33:59.019030,57.85,66.4,29.7,2400.02048,0.852,0x0,26,1
2026-03-29T14:34:00.041407,57.85,68.0,29.9,2400.030464,0.852,0x0,32,1
2026-03-29T14:34:01.067570,57.85,66.6,29.9,2400.02048,0.852,0x0,32,1
2026-03-29T14:34:02.090181,57.85,67.4,29.9,2400.030464,0.852,0x0,29,
2026-03-29T14:34:03.115151,57.85,66.4,30.1,2400.02048,0.852,0x0,26,1
2026-03-29T14:34:04.139415,57.85,67.8,30.4,2400.030464,0.852,0x0,32,5
2026-03-29T14:34:05.163930,58.95,67.2,30.3,2400.033792,0.852,0x0,32,1
2026-03-29T14:34:06.187606,57.85,67.2,30.3,2400.027136,0.852,0x0,32,1
2026-03-29T14:34:07.209391,57.85,68.1,30.3,2400.027136,0.852,0x0,26,3
2026-03-29T14:34:08.237240,58.4,66.9,30.1,2400.033792,0.852,0x0,28,
2026-03-29T14:34:09.265160,59.5,69.1,30.2,2400.030464,0.852,0x0,32,1
2026-03-29T14:34:10.287669,57.85,68.1,30.0,2400.033792,0.852,0x0,26,3
2026-03-29T14:34:11.309626,57.85,67.3,30.2,2400.02048,0.852,0x0,26,1
2026-03-29T14:34:12.340779,57.85,66.5,30.3,2400.02048,0.852,0x0,26,1
2026-03-29T14:34:13.363663,56.75,68.3,30.5,2400.027136,0.852,0x0,32,1
2026-03-29T14:34:14.382978,57.85,67.3,30.2,2400.030464,0.852,0x0,27,
2026-03-29T14:34:15.404432,57.3,67.7,30.2,2400.027136,0.852,0x0,32,2
2026-03-29T14:34:16.426613,56.2,65.6,30.0,2400.017408,0.852,0x0,32,3
2026-03-29T14:34:17.453272,57.3,66.4,30.1,2400.023808,0.852,0x0,32,0
2026-03-29T14:34:18.479297,58.95,71.8,30.0,2400.033792,0.852,0x0,26,1
2026-03-29T14:34:19.505340,58.95,67.3,29.8,2400.02048,0.852,0x0,32,6
2026-03-29T14:34:20.533425,57.85,67.1,29.9,2400.02048,0.852,0x0,26,3
2026-03-29T14:34:21.556160,58.4,67.5,29.8,2400.023808,0.852,0x0,32,
2026-03-29T14:34:22.585996,58.95,66.9,29.8,2400.030464,0.852,0x0,32,3
2026-03-29T14:34:23.608228,57.85,68.0,29.8,2400.02048,0.852,0x0,30,
2026-03-29T14:34:24.630638,56.75,67.0,29.8,2400.027136,0.852,0x0,26,3
2026-03-29T14:34:25.675656,58.4,67.1,29.9,2400.027136,0.852,0x0,28,
2026-03-29T14:34:26.699584,58.95,68.0,29.8,2400.030464,0.852,0x0,32,4
2026-03-29T14:34:27.723597,57.85,66.9,29.8,2400.023808,0.852,0x0,32,
2026-03-29T14:34:28.749425,57.85,67.9,29.7,2400.017408,0.852,0x0,26,2
2026-03-29T14:34:29.773927,57.85,67.9,29.9,2400.027136,0.852,0x0,26,3
2026-03-29T14:34:30.798882,58.4,68.0,29.8,2400.02048,0.852,0x0,32,3
2026-03-29T14:34:31.823095,56.2,68.7,29.9,2400.02048,0.852,0x0,26,1
2026-03-29T14:34:32.849013,58.95,67.6,30.1,2400.023808,0.852,0x0,32,5
2026-03-29T14:34:33.871556,57.3,66.7,30.1,2400.02048,0.852,0x0,26,3
2026-03-29T14:34:34.893908,57.85,68.2,29.8,2400.027136,0.852,0x0,26,1
2026-03-29T14:34:35.914604,57.3,65.4,30.1,2400.027136,0.852,0x0,26,1
2026-03-29T14:34:36.934873,57.85,67.3,30.1,2400.023808,0.852,0x0,27,1
2026-03-29T14:34:37.957143,56.75,66.4,30.2,2400.030464,0.852,0x0,26,3
2026-03-29T14:34:38.986119,57.85,67.8,30.1,2400.027136,0.852,0x0,32,2
2026-03-29T14:34:40.007575,57.85,72.9,30.3,2400.030464,0.852,0x0,32,
2026-03-29T14:34:41.035228,58.95,66.6,30.2,2400.02048,0.852,0x0,32,3
2026-03-29T14:34:42.067333,57.85,68.9,30.0,2400.023808,0.852,0x0,32,
2026-03-29T14:34:43.095684,57.3,66.9,30.0,2400.033792,0.852,0x0,32,2
2026-03-29T14:34:44.124087,57.85,67.2,29.7,2400.023808,0.852,0x0,32,1
2026-03-29T14:34:45.144635,57.85,68.3,29.7,2400.033792,0.852,0x0,26,2
2026-03-29T14:34:46.172638,58.95,67.3,29.9,2400.017408,0.852,0x0,32,1
2026-03-29T14:34:47.198341,59.5,66.8,29.9,2400.033792,0.852,0x0,26,2
2026-03-29T14:34:48.219069,57.3,68.6,30.0,2400.02048,0.852,0x0,26,2
2026-03-29T14:34:49.245002,56.75,68.2,29.8,2400.027136,0.852,0x0,32,2
2026-03-29T14:34:50.266898,57.3,68.8,29.8,2400.023808,0.852,0x0,27,
2026-03-29T14:34:51.287142,57.85,67.2,30.0,2400.017408,0.852,0x0,26,1
2026-03-29T14:34:52.311325,57.85,67.2,30.1,2400.02048,0.852,0x0,32,2
2026-03-29T14:34:53.336695,58.4,67.1,30.0,2400.023808,0.852,0x0,26,3
2026-03-29T14:34:54.362038,57.85,67.2,30.0,2400.023808,0.852,0x0,32,1
2026-03-29T14:34:55.383078,58.4,67.6,29.8,2400.02048,0.852,0x0,27,
2026-03-29T14:34:56.403384,58.4,70.3,29.9,2400.027136,0.852,0x0,26,3
2026-03-29T14:34:57.427946,58.95,68.6,29.8,2400.033792,0.852,0x0,29,
2026-03-29T14:34:58.450126,58.4,68.2,29.8,2400.030464,0.852,0x0,26,3
2026-03-29T14:34:59.477728,58.4,67.4,29.8,2400.027136,0.852,0x0,26,2
2026-03-29T14:35:00.500761,57.85,68.4,30.0,2400.02048,0.852,0x0,32,2
2026-03-29T14:35:01.521922,59.5,68.0,30.2,2400.027136,0.852,0x0,26,1
2026-03-29T14:35:02.543037,58.95,66.5,30.0,2400.023808,0.852,0x0,26,1
2026-03-29T14:35:03.563575,57.3,68.5,30.0,2400.033792,0.852,0x0,32,5
2026-03-29T14:35:04.587775,60.05,66.4,29.9,2400.02048,0.852,0x0,29,
2026-03-29T14:35:05.614150,57.3,68.2,29.9,2400.030464,0.852,0x0,32,6
2026-03-29T14:35:06.638751,58.95,67.0,29.9,2400.030464,0.852,0x0,26,0
2026-03-29T14:35:07.658388,58.4,66.5,29.7,2400.023808,0.852,0x0,26,1
2026-03-29T14:35:08.680843,57.3,66.2,29.9,2400.023808,0.852,0x0,26,3
2026-03-29T14:35:09.707168,57.85,68.2,30.0,2400.033792,0.852,0x0,32,2
2026-03-29T14:35:10.729808,59.5,68.4,30.2,2400.023808,0.852,0x0,26,2
2026-03-29T14:35:11.757379,57.85,66.8,29.9,2400.033792,0.852,0x0,26,2
2026-03-29T14:35:12.777068,57.85,67.1,30.1,2400.023808,0.852,0x0,32,1
2026-03-29T14:35:13.800624,58.4,67.0,30.2,2400.027136,0.852,0x0,26,3
2026-03-29T14:35:14.820799,58.95,67.3,30.4,2400.03712,0.852,0x0,26,2
2026-03-29T14:35:15.845936,57.85,71.4,30.1,2400.033792,0.852,0x0,28,
2026-03-29T14:35:16.866920,57.85,67.3,30.1,2400.023808,0.852,0x0,32,2
2026-03-29T14:35:17.889666,58.4,67.5,30.4,2400.023808,0.852,0x0,27,
2026-03-29T14:35:18.914678,58.95,66.7,30.2,2400.033792,0.852,0x0,32,1
2026-03-29T14:35:19.935474,56.75,67.7,30.1,2400.027136,0.852,0x0,26,2
2026-03-29T14:35:20.958273,58.95,71.6,30.0,2400.03712,0.852,0x0,32,2
2026-03-29T14:35:21.981696,57.85,68.3,29.9,2400.030464,0.852,0x0,32,1
2026-03-29T14:35:23.003605,56.75,67.7,29.9,2400.030464,0.852,0x0,26,4
2026-03-29T14:35:24.025425,57.85,65.9,29.9,2400.033792,0.852,0x0,26,2
2026-03-29T14:35:25.048745,57.85,68.9,29.9,2400.033792,0.852,0x0,32,4
2026-03-29T14:35:26.070520,58.95,66.8,30.0,2400.027136,0.852,0x0,26,1
2026-03-29T14:35:27.094803,57.85,66.0,30.0,2400.027136,0.852,0x0,26,3
2026-03-29T14:35:28.115591,57.85,67.6,30.1,2400.02048,0.852,0x0,26,2
2026-03-29T14:35:29.145696,58.4,66.7,29.9,2400.030464,0.852,0x0,30,
2026-03-29T14:35:30.169667,57.85,68.6,30.0,2400.033792,0.852,0x0,26,2
2026-03-29T14:35:31.199724,58.4,68.3,29.8,2400.023808,0.852,0x0,26,4
2026-03-29T14:35:32.225916,58.95,66.7,29.7,2400.02048,0.852,0x0,32,
2026-03-29T14:35:33.249815,57.85,67.7,29.8,2400.02048,0.852,0x0,32,4
2026-03-29T14:35:34.272241,57.85,66.8,29.9,2400.027136,0.852,0x0,30,3
2026-03-29T14:35:35.290874,57.85,68.3,30.1,2400.027136,0.852,0x0,32,1
2026-03-29T14:35:36.310437,57.85,68.4,30.2,2400.030464,0.852,0x0,26,1
2026-03-29T14:35:37.333840,57.85,69.1,30.2,2400.02048,0.852,0x0,26,2
2026-03-29T14:35:38.360949,57.85,68.2,30.0,2400.023808,0.852,0x0,32,2
2026-03-29T14:35:39.383449,58.4,66.0,29.9,2400.03712,0.852,0x0,27,3
2026-03-29T14:35:40.406618,57.3,68.9,29.8,2400.027136,0.852,0x0,32,
2026-03-29T14:35:41.433901,58.4,67.7,29.5,2400.023808,0.852,0x0,32,1
2026-03-29T14:35:42.461397,57.85,66.5,29.5,2400.02048,0.852,0x0,26,1
2026-03-29T14:35:43.485525,59.5,67.8,29.5,2400.030464,0.852,0x0,32,2
2026-03-29T14:35:44.506785,57.85,67.0,29.6,2400.033792,0.852,0x0,26,2
2026-03-29T14:35:45.528007,56.75,73.4,29.7,2400.027136,0.852,0x0,26,3
2026-03-29T14:35:46.555813,57.85,67.7,29.7,2400.017408,0.852,0x0,26,2
2026-03-29T14:35:47.584765,57.3,66.7,29.8,2400.027136,0.852,0x0,26,3
2026-03-29T14:35:48.609186,57.85,67.7,29.9,2400.033792,0.852,0x0,32,3
2026-03-29T14:35:49.631456,57.3,68.2,30.1,2400.027136,0.852,0x0,26,3
2026-03-29T14:35:50.653440,56.2,66.9,29.9,2400.027136,0.852,0x0,33,3
2026-03-29T14:35:51.678471,57.3,68.0,30.0,2400.02048,0.852,0x0,26,1
2026-03-29T14:35:52.701124,58.95,65.1,30.0,2400.02048,0.852,0x0,32,1
2026-03-29T14:35:53.722445,58.4,67.9,30.1,2400.033792,0.852,0x0,26,1
2026-03-29T14:35:54.749847,58.4,66.7,30.2,2400.03712,0.852,0x0,26,2
2026-03-29T14:35:55.767899,57.3,69.3,30.1,2400.033792,0.852,0x0,32,2
2026-03-29T14:35:56.794719,58.95,67.6,30.1,2400.02048,0.852,0x0,26,1
2026-03-29T14:35:57.817724,58.4,67.6,30.0,2400.030464,0.852,0x0,26,1
2026-03-29T14:35:58.847946,57.85,66.8,29.9,2400.02048,0.852,0x0,26,1
2026-03-29T14:35:59.871160,58.95,67.2,29.6,2400.033792,0.852,0x0,30,1
2026-03-29T14:36:00.897433,58.95,67.0,29.6,2400.033792,0.852,0x0,26,1
2026-03-29T14:36:01.919576,58.4,68.9,29.8,2400.033792,0.852,0x0,32,0
2026-03-29T14:36:02.943602,56.2,68.0,29.8,2400.02048,0.852,0x0,32,2
2026-03-29T14:36:03.971360,58.4,66.9,29.9,2400.023808,0.852,0x0,26,1
2026-03-29T14:36:04.993819,58.95,67.5,30.0,2400.02048,0.852,0x0,32,3
2026-03-29T14:36:06.012986,58.4,73.0,30.0,2400.023808,0.852,0x0,32,1
2026-03-29T14:36:07.032005,57.85,70.6,29.8,2400.030464,0.852,0x0,32,2
2026-03-29T14:36:08.058427,57.85,67.6,29.9,2400.02048,0.852,0x0,26,1
2026-03-29T14:36:09.081041,58.95,67.2,29.9,2400.02048,0.852,0x0,26,3
2026-03-29T14:36:10.106498,56.75,65.8,30.0,2400.02048,0.852,0x0,31,
2026-03-29T14:36:11.135986,58.95,67.6,30.0,2400.03712,0.852,0x0,32,
2026-03-29T14:36:12.163744,57.85,67.2,30.0,2400.023808,0.852,0x0,26,4
2026-03-29T14:36:13.187622,57.3,68.2,29.9,2400.023808,0.852,0x0,27,
2026-03-29T14:36:14.209948,58.4,68.3,30.0,2400.027136,0.852,0x0,26,1
2026-03-29T14:36:15.229812,57.85,67.4,30.3,2400.027136,0.852,0x0,27,2
2026-03-29T14:36:16.254746,57.85,69.0,30.3,2400.02048,0.852,0x0,26,4
2026-03-29T14:36:17.381828,58.95,67.4,30.2,2400.027136,0.852,0x0,27,1
2026-03-29T14:36:18.404550,56.75,66.7,30.0,2400.03712,0.852,0x0,26,3
2026-03-29T14:36:19.434136,57.85,67.7,29.8,2400.02048,0.852,0x0,32,1
2026-03-29T14:36:20.457216,57.85,66.8,29.9,2400.02048,0.852,0x0,26,2
2026-03-29T14:36:21.479891,58.95,69.4,30.0,2400.023808,0.852,0x0,26,2
2026-03-29T14:36:22.502905,58.95,67.6,30.1,2400.023808,0.852,0x0,26,1
2026-03-29T14:36:23.526489,58.95,67.1,30.0,2400.030464,0.852,0x0,26,2
2026-03-29T14:36:24.547673,58.4,67.1,30.1,2400.023808,0.852,0x0,32,3
2026-03-29T14:36:25.571745,57.85,67.3,29.8,2400.030464,0.852,0x0,32,6
2026-03-29T14:36:26.591717,57.3,68.6,29.7,2400.03712,0.852,0x0,26,4
2026-03-29T14:36:27.620980,57.3,67.6,29.8,2400.033792,0.852,0x0,27,2
2026-03-29T14:36:28.641925,58.95,65.9,29.8,2400.033792,0.852,0x0,26,2
2026-03-29T14:36:29.667189,56.75,67.6,30.0,2400.030464,0.852,0x0,26,1
2026-03-29T14:36:30.689550,58.95,67.5,30.1,2400.023808,0.852,0x0,26,3
2026-03-29T14:36:31.734918,57.85,72.6,29.9,2400.030464,0.852,0x0,32,
2026-03-29T14:36:32.764702,57.3,67.0,29.9,2400.030464,0.852,0x0,32,1
2026-03-29T14:36:33.786928,57.85,67.1,30.0,2400.030464,0.852,0x0,26,3
2026-03-29T14:36:34.812677,58.95,68.1,29.7,2400.03712,0.852,0x0,32,3
2026-03-29T14:36:35.837995,57.3,68.7,29.8,2400.023808,0.852,0x0,26,1
2026-03-29T14:36:36.872318,57.3,67.6,29.8,2400.023808,0.852,0x0,27,
2026-03-29T14:36:37.893935,58.4,66.5,29.8,2400.023808,0.852,0x0,26,2
2026-03-29T14:36:38.920225,57.3,67.3,30.0,2400.023808,0.852,0x0,26,1
2026-03-29T14:36:39.942599,57.85,67.4,30.0,2400.023808,0.852,0x0,26,3
2026-03-29T14:36:40.963787,57.3,67.0,30.0,2400.023808,0.852,0x0,32,4
2026-03-29T14:36:41.987148,57.3,66.7,30.1,2400.030464,0.852,0x0,26,1
2026-03-29T14:36:43.011610,57.85,67.6,29.8,2400.033792,0.852,0x0,26,1
2026-03-29T14:36:44.031404,57.3,66.9,29.8,2400.023808,0.852,0x0,26,4
2026-03-29T14:36:45.061670,58.4,68.0,29.9,2400.02048,0.852,0x0,30,3
2026-03-29T14:36:46.088855,57.85,67.8,29.9,2400.030464,0.852,0x0,26,3
2026-03-29T14:36:47.113486,57.85,67.1,29.8,2400.027136,0.852,0x0,26,4
2026-03-29T14:36:48.133188,58.4,67.3,29.8,2400.03712,0.852,0x0,32,
2026-03-29T14:36:49.161750,60.05,67.6,30.1,2400.02048,0.852,0x0,32,
2026-03-29T14:36:50.184868,58.4,67.7,30.2,2400.02048,0.852,0x0,26,3
2026-03-29T14:36:51.211518,59.5,68.6,29.9,2400.023808,0.852,0x0,26,3
2026-03-29T14:36:52.236552,57.85,67.0,29.9,2400.023808,0.852,0x0,32,
2026-03-29T14:36:53.261089,58.4,67.7,30.0,2400.023808,0.852,0x0,26,2
2026-03-29T14:36:54.280989,57.85,71.0,30.1,2400.030464,0.852,0x0,32,
2026-03-29T14:36:55.303591,58.95,66.6,29.9,2400.023808,0.852,0x0,32,
2026-03-29T14:36:56.328241,57.85,67.7,29.9,2400.023808,0.852,0x0,26,2
2026-03-29T14:36:57.354591,57.85,68.3,29.7,2400.027136,0.852,0x0,26,1
2026-03-29T14:36:58.382043,57.3,66.5,29.9,2400.030464,0.852,0x0,32,1
2026-03-29T14:36:59.404520,59.5,67.3,30.0,2400.023808,0.852,0x0,32,1
2026-03-29T14:37:00.428180,57.85,65.8,30.0,2400.030464,0.852,0x0,26,1
2026-03-29T14:37:01.452041,57.85,66.2,30.2,2400.023808,0.852,0x0,26,3
2026-03-29T14:37:02.478171,58.95,67.4,30.0,2400.030464,0.852,0x0,26,1
2026-03-29T14:37:03.502126,57.85,68.1,29.9,2400.017408,0.852,0x0,26,3
2026-03-29T14:37:04.530993,58.4,68.6,29.9,2400.033792,0.852,0x0,26,3
2026-03-29T14:37:05.553398,57.85,69.1,29.7,2400.030464,0.852,0x0,32,4
2026-03-29T14:37:06.579603,60.6,68.2,29.9,2400.033792,0.852,0x0,32,3
2026-03-29T14:37:07.611722,56.75,66.4,30.1,2400.027136,0.852,0x0,27,1
2026-03-29T14:37:08.636897,57.85,68.7,30.0,2400.030464,0.852,0x0,32,9
2026-03-29T14:37:09.660177,57.85,68.2,30.0,2400.027136,0.852,0x0,26,2
2026-03-29T14:37:10.685178,57.85,66.4,29.9,2400.017408,0.852,0x0,26,1
2026-03-29T14:37:11.705087,57.85,67.5,29.9,2400.017408,0.852,0x0,26,4
2026-03-29T14:37:12.729213,57.85,67.3,29.9,2400.023808,0.852,0x0,32,4
2026-03-29T14:37:13.754849,58.95,67.8,29.9,2400.023808,0.852,0x0,32,2
2026-03-29T14:37:14.790833,59.5,67.2,30.0,2400.027136,0.852,0x0,26,2
2026-03-29T14:37:15.816364,57.85,68.7,30.1,2400.03712,0.852,0x0,32,3
2026-03-29T14:37:16.834878,57.85,72.2,30.2,2400.023808,0.852,0x0,26,1
2026-03-29T14:37:17.862440,58.4,67.9,30.0,2400.030464,0.852,0x0,29,6
2026-03-29T14:37:18.886767,57.3,66.7,29.9,2400.02048,0.852,0x0,26,1
2026-03-29T14:37:19.908277,57.85,65.6,29.9,2400.02048,0.852,0x0,32,
2026-03-29T14:37:20.931590,57.85,67.0,30.0,2400.023808,0.852,0x0,32,
2026-03-29T14:37:21.957220,57.85,68.8,29.9,2400.027136,0.852,0x0,26,3
2026-03-29T14:37:22.979888,57.85,67.2,29.8,2400.023808,0.852,0x0,26,3
2026-03-29T14:37:24.003154,58.4,67.2,30.0,2400.02048,0.852,0x0,32,10
2026-03-29T14:37:25.027321,56.75,66.8,29.9,2400.02048,0.852,0x0,32,1
2026-03-29T14:37:26.048518,58.95,66.1,30.0,2400.033792,0.852,0x0,32,4
2026-03-29T14:37:27.073172,58.4,69.3,30.0,2400.023808,0.852,0x0,26,2
2026-03-29T14:37:28.103304,58.4,67.9,30.0,2400.02048,0.852,0x0,26,3
2026-03-29T14:37:29.133030,57.85,67.5,30.3,2400.02048,0.852,0x0,26,1
2026-03-29T14:37:30.158240,57.3,66.3,30.3,2400.03712,0.852,0x0,26,3
2026-03-29T14:37:31.180894,57.85,67.1,30.3,2400.030464,0.852,0x0,26,2
2026-03-29T14:37:32.208684,58.4,68.9,30.2,2400.02048,0.852,0x0,32,6
2026-03-29T14:37:33.236631,57.85,66.1,30.3,2400.027136,0.852,0x0,26,1
2026-03-29T14:37:34.338371,57.3,62.6,30.2,2400.030464,0.852,0x0,27,3
2026-03-29T14:37:35.360281,57.85,68.0,30.0,2400.030464,0.852,0x0,26,3
2026-03-29T14:37:36.386393,57.3,66.2,30.2,2400.027136,0.852,0x0,32,1
2026-03-29T14:37:37.410621,58.4,69.2,30.3,2400.023808,0.852,0x0,26,4
2026-03-29T14:37:38.429442,58.95,67.9,30.1,2400.030464,0.852,0x0,32,5
2026-03-29T14:37:39.454398,57.85,67.1,30.0,2400.030464,0.852,0x0,32,2
2026-03-29T14:37:40.479596,58.95,70.5,30.1,2400.033792,0.852,0x0,26,3
2026-03-29T14:37:41.508936,56.2,69.7,29.9,2400.027136,0.852,0x0,32,2
2026-03-29T14:37:42.532917,57.3,68.5,29.8,2400.027136,0.852,0x0,26,1
2026-03-29T14:37:43.557407,58.95,66.6,30.0,2400.033792,0.852,0x0,27,4
2026-03-29T14:37:44.583647,59.5,66.4,30.1,2400.033792,0.852,0x0,26,3
2026-03-29T14:37:45.607109,59.5,67.6,29.9,2400.03712,0.852,0x0,26,2
2026-03-29T14:37:46.630154,57.85,67.1,29.7,2400.023808,0.852,0x0,26,3
2026-03-29T14:37:47.655431,57.85,69.3,29.9,2400.017408,0.852,0x0,30,2
2026-03-29T14:37:48.681748,57.85,69.8,30.2,2400.030464,0.852,0x0,32,2
2026-03-29T14:37:49.708418,57.85,68.3,30.1,2400.023808,0.852,0x0,32,
2026-03-29T14:37:50.732560,57.3,68.3,30.0,2400.030464,0.852,0x0,26,1
2026-03-29T14:37:51.761466,56.75,67.2,30.0,2400.023808,0.852,0x0,27,
2026-03-29T14:37:52.781381,57.3,72.5,29.9,2400.03712,0.852,0x0,31,1
2026-03-29T14:37:53.805947,58.4,66.2,30.0,2400.033792,0.852,0x0,32,1
2026-03-29T14:37:54.839323,58.95,68.2,30.2,2400.023808,0.852,0x0,32,1
2026-03-29T14:37:55.864188,57.85,67.8,30.3,2400.033792,0.852,0x0,26,3
2026-03-29T14:37:56.890244,57.85,67.2,30.2,2400.030464,0.852,0x0,27,3
2026-03-29T14:37:57.916564,58.95,67.0,30.2,2400.02048,0.852,0x0,26,2
2026-03-29T14:37:58.937765,57.85,65.9,30.0,2400.023808,0.852,0x0,32,1
2026-03-29T14:37:59.959594,57.85,67.1,29.9,2400.023808,0.852,0x0,26,3
2026-03-29T14:38:00.981009,57.3,67.5,29.6,2400.027136,0.852,0x0,31,8
2026-03-29T14:38:02.005523,58.4,68.2,29.6,2400.033792,0.852,0x0,26,1
2026-03-29T14:38:03.032018,58.4,66.8,29.6,2400.030464,0.852,0x0,27,
2026-03-29T14:38:04.061171,58.4,68.2,29.5,2400.033792,0.852,0x0,26,1
2026-03-29T14:38:05.193128,58.4,66.1,29.7,2400.02048,0.852,0x0,27,2
2026-03-29T14:38:06.217074,57.85,67.6,29.6,2400.033792,0.852,0x0,26,4
2026-03-29T14:38:07.243580,57.85,68.4,29.7,2400.03712,0.852,0x0,32,1
2026-03-29T14:38:08.264022,57.3,68.0,29.9,2400.023808,0.852,0x0,32,7
2026-03-29T14:38:09.290245,58.95,67.8,29.9,2400.030464,0.852,0x0,26,3
2026-03-29T14:38:10.314626,56.75,67.4,29.7,2400.02048,0.852,0x0,26,3
2026-03-29T14:38:11.339294,56.75,65.6,29.9,2400.02048,0.852,0x0,26,2
2026-03-29T14:38:12.361724,58.95,68.3,30.1,2400.023808,0.852,0x0,32,1
2026-03-29T14:38:13.382474,57.3,67.4,30.1,2400.02048,0.852,0x0,26,3
2026-03-29T14:38:14.402608,58.4,66.5,30.0,2400.030464,0.852,0x0,28,
2026-03-29T14:38:15.425139,58.4,67.8,29.9,2400.02048,0.852,0x0,26,3
2026-03-29T14:38:16.445821,57.85,71.3,29.7,2400.033792,0.852,0x0,26,2
2026-03-29T14:38:17.470357,57.3,69.6,29.8,2400.023808,0.852,0x0,32,2
2026-03-29T14:38:18.490461,57.85,66.3,29.9,2400.023808,0.852,0x0,32,5
2026-03-29T14:38:19.511596,57.85,67.2,29.8,2400.030464,0.852,0x0,26,1
2026-03-29T14:38:20.535910,57.3,67.7,29.8,2400.03712,0.852,0x0,32,2
2026-03-29T14:38:21.555788,58.4,68.9,29.7,2400.03712,0.852,0x0,32,2
2026-03-29T14:38:22.579218,57.85,69.0,29.9,2400.03712,0.852,0x0,29,
2026-03-29T14:38:23.605192,57.85,66.4,30.1,2400.033792,0.852,0x0,26,3
2026-03-29T14:38:24.634018,58.4,67.4,30.2,2400.027136,0.852,0x0,32,1
2026-03-29T14:38:25.660954,57.3,68.1,30.2,2400.030464,0.852,0x0,26,3
2026-03-29T14:38:26.684373,58.95,67.4,30.4,2400.023808,0.852,0x0,32,2
2026-03-29T14:38:27.703445,58.4,68.4,30.4,2400.030464,0.852,0x0,26,4
2026-03-29T14:38:28.728350,58.4,65.1,30.4,2400.030464,0.852,0x0,32,3
2026-03-29T14:38:29.752206,57.3,66.8,30.3,2400.02048,0.852,0x0,26,3
2026-03-29T14:38:30.782772,57.85,67.1,30.1,2400.027136,0.852,0x0,28,
2026-03-29T14:38:31.804328,57.3,66.2,30.3,2400.027136,0.852,0x0,32,2
2026-03-29T14:38:32.835406,57.3,69.0,30.2,2400.023808,0.852,0x0,32,
2026-03-29T14:38:33.856973,58.95,66.2,30.2,2400.027136,0.852,0x0,26,0
2026-03-29T14:38:34.877849,57.3,67.5,30.2,2400.03712,0.852,0x0,32,5
2026-03-29T14:38:35.906981,57.3,66.7,30.2,2400.027136,0.852,0x0,32,
2026-03-29T14:38:36.935872,57.3,67.0,30.2,2400.023808,0.852,0x0,32,2
2026-03-29T14:38:37.955929,58.4,72.3,30.1,2400.023808,0.852,0x0,32,1
2026-03-29T14:38:38.978747,57.3,67.4,30.0,2400.033792,0.852,0x0,27,
2026-03-29T14:38:39.999914,57.3,68.9,30.1,2400.02048,0.852,0x0,35,6
2026-03-29T14:38:41.020655,57.85,66.7,30.2,2400.027136,0.852,0x0,26,0
2026-03-29T14:38:42.042972,56.75,68.1,29.9,2400.023808,0.852,0x0,26,3
2026-03-29T14:38:43.062705,58.95,66.3,29.9,2400.027136,0.852,0x0,32,1
2026-03-29T14:38:44.088776,56.75,66.2,30.0,2400.033792,0.852,0x0,26,3
2026-03-29T14:38:45.115662,56.75,67.9,30.1,2400.030464,0.852,0x0,33,5
2026-03-29T14:38:46.143467,58.4,66.5,29.7,2400.030464,0.852,0x0,32,2
2026-03-29T14:38:47.167316,56.2,67.5,29.9,2400.033792,0.852,0x0,26,1
2026-03-29T14:38:48.190068,57.85,66.7,30.0,2400.027136,0.852,0x0,26,1
2026-03-29T14:38:49.219407,57.3,65.6,30.2,2400.027136,0.852,0x0,32,
2026-03-29T14:38:50.242533,56.2,68.1,29.9,2400.027136,0.852,0x0,27,3
2026-03-29T14:38:51.268716,58.4,66.0,29.9,2400.027136,0.852,0x0,32,
2026-03-29T14:38:52.294045,58.4,66.9,29.8,2400.023808,0.852,0x0,32,2
2026-03-29T14:38:53.318988,58.4,69.2,29.9,2400.030464,0.852,0x0,26,1
2026-03-29T14:38:54.425196,57.85,67.0,29.8,2400.033792,0.852,0x0,32,
2026-03-29T14:38:55.453926,57.85,67.0,30.0,2400.027136,0.852,0x0,26,0
2026-03-29T14:38:56.476068,57.3,66.2,30.0,2400.030464,0.852,0x0,32,1
2026-03-29T14:38:57.495164,58.4,66.9,30.0,2400.03712,0.852,0x0,32,
2026-03-29T14:38:58.520593,58.4,68.8,30.0,2400.023808,0.852,0x0,32,2
2026-03-29T14:38:59.546317,57.3,66.8,30.2,2400.023808,0.852,0x0,26,1
2026-03-29T14:39:00.580018,58.95,69.5,30.2,2400.030464,0.852,0x0,32,3
2026-03-29T14:39:01.603765,57.3,71.9,30.1,2400.027136,0.852,0x0,26,3
2026-03-29T14:39:02.625903,57.85,67.4,29.9,2400.033792,0.852,0x0,31,8
2026-03-29T14:39:03.655946,57.85,67.3,29.9,2400.023808,0.852,0x0,32,1
2026-03-29T14:39:04.679036,57.85,66.8,29.8,2400.033792,0.852,0x0,32,2
2026-03-29T14:39:05.705313,57.85,68.6,29.8,2400.030464,0.852,0x0,32,4
2026-03-29T14:39:06.726855,58.95,67.0,30.0,2400.033792,0.852,0x0,26,1
2026-03-29T14:39:07.750540,56.75,66.3,29.9,2400.02048,0.852,0x0,26,1
2026-03-29T14:39:08.774679,58.95,65.6,29.9,2400.027136,0.852,0x0,26,3
2026-03-29T14:39:09.793856,57.85,66.7,29.8,2400.027136,0.852,0x0,32,3
2026-03-29T14:39:10.818187,58.4,60.8,29.8,2400.03712,0.852,0x0,26,2
2026-03-29T14:39:11.840610,57.3,66.5,29.8,2400.030464,0.852,0x0,26,1
2026-03-29T14:39:12.875342,57.3,67.7,29.9,2400.030464,0.852,0x0,26,2
2026-03-29T14:39:13.899411,58.4,66.8,29.8,2400.027136,0.852,0x0,27,4
2026-03-29T14:39:14.925121,58.4,68.5,30.0,2400.017408,0.852,0x0,29,
2026-03-29T14:39:15.944819,57.85,66.2,29.9,2400.023808,0.852,0x0,26,0
2026-03-29T14:39:16.964645,57.85,66.8,29.9,2400.023808,0.852,0x0,32,1
2026-03-29T14:39:17.988098,58.95,66.3,30.0,2400.030464,0.852,0x0,26,1
2026-03-29T14:39:19.010226,58.4,66.8,29.8,2400.02048,0.852,0x0,32,3
2026-03-29T14:39:20.033362,58.4,67.5,30.0,2400.027136,0.852,0x0,31,8
2026-03-29T14:39:21.059437,57.85,68.4,30.0,2400.027136,0.852,0x0,26,1
2026-03-29T14:39:22.080555,57.85,66.7,30.1,2400.030464,0.852,0x0,26,1
2026-03-29T14:39:23.103592,57.3,70.6,30.1,2400.03712,0.852,0x0,26,3
2026-03-29T14:39:24.131123,57.85,70.5,29.6,2400.023808,0.852,0x0,32,1
2026-03-29T14:39:25.155652,57.3,66.9,29.9,2400.033792,0.852,0x0,26,3
2026-03-29T14:39:26.185397,56.75,64.3,29.9,2400.030464,0.852,0x0,26,3
2026-03-29T14:39:27.205935,58.95,67.8,29.7,2400.03712,0.852,0x0,26,0
2026-03-29T14:39:28.225007,58.95,67.9,29.7,2400.027136,0.852,0x0,27,
2026-03-29T14:39:29.243677,58.4,67.5,29.8,2400.023808,0.852,0x0,32,1
2026-03-29T14:39:30.263072,58.4,68.3,29.8,2400.033792,0.852,0x0,32,4
2026-03-29T14:39:31.282846,57.85,67.3,29.9,2400.027136,0.852,0x0,27,
2026-03-29T14:39:32.319723,57.85,67.0,29.9,2400.02048,0.852,0x0,32,6
2026-03-29T14:39:33.343157,57.85,68.7,29.9,2400.030464,0.852,0x0,26,1
2026-03-29T14:39:34.371199,58.4,67.3,30.1,2400.02048,0.852,0x0,28,
2026-03-29T14:39:35.394492,57.85,67.5,30.1,2400.027136,0.852,0x0,26,3
2026-03-29T14:39:36.425001,57.85,67.6,30.1,2400.030464,0.852,0x0,32,1
2026-03-29T14:39:37.446051,58.95,66.9,30.1,2400.027136,0.852,0x0,26,4
2026-03-29T14:39:38.479635,56.75,69.6,30.2,2400.030464,0.852,0x0,26,1
2026-03-29T14:39:39.501657,57.85,68.1,29.9,2400.027136,0.852,0x0,32,2
2026-03-29T14:39:40.523048,58.4,67.8,29.8,2400.033792,0.852,0x0,32,0
2026-03-29T14:39:41.547024,57.85,66.8,29.6,2400.027136,0.852,0x0,31,9
2026-03-29T14:39:42.575634,58.4,68.1,29.7,2400.02048,0.852,0x0,32,5
2026-03-29T14:39:43.598673,57.85,65.8,29.8,2400.027136,0.852,0x0,26,2
2026-03-29T14:39:44.620601,58.95,67.1,30.1,2400.033792,0.852,0x0,31,3
2026-03-29T14:39:45.642491,58.95,66.7,30.2,2400.027136,0.852,0x0,26,1
2026-03-29T14:39:46.665397,57.3,70.7,30.2,2400.023808,0.852,0x0,32,
2026-03-29T14:39:47.696653,57.85,68.2,30.1,2400.033792,0.852,0x0,30,
2026-03-29T14:39:48.717233,57.85,67.0,29.8,2400.030464,0.852,0x0,26,3
2026-03-29T14:39:49.747141,57.85,67.9,30.0,2400.027136,0.852,0x0,26,2
2026-03-29T14:39:50.769507,58.95,68.3,30.1,2400.02048,0.852,0x0,26,3
2026-03-29T14:39:51.793518,58.95,66.2,29.9,2400.02048,0.852,0x0,32,1
2026-03-29T14:39:52.815309,58.4,68.0,30.1,2400.02048,0.852,0x0,26,1
2026-03-29T14:39:53.845247,57.3,66.8,30.0,2400.030464,0.852,0x0,26,2
2026-03-29T14:39:54.863835,58.95,66.8,29.9,2400.02048,0.852,0x0,26,4
2026-03-29T14:39:55.888788,57.3,67.8,29.8,2400.027136,0.852,0x0,32,
2026-03-29T14:39:56.913370,57.85,66.7,29.8,2400.027136,0.852,0x0,32,1
2026-03-29T14:39:58.037600,57.85,67.6,29.9,2400.033792,0.852,0x0,26,2
2026-03-29T14:39:59.058367,58.4,67.3,29.8,2400.03712,0.852,0x0,26,2
2026-03-29T14:40:00.082026,57.85,66.6,30.0,2400.02048,0.852,0x0,32,1
2026-03-29T14:40:01.102340,58.4,68.9,30.1,2400.033792,0.852,0x0,26,3
2026-03-29T14:40:02.127434,58.95,67.5,30.1,2400.02048,0.852,0x0,32,1
2026-03-29T14:40:03.149666,57.3,68.0,30.1,2400.030464,0.852,0x0,32,9
2026-03-29T14:40:04.176798,57.85,67.4,30.0,2400.02048,0.852,0x0,32,2
2026-03-29T14:40:05.201127,57.3,68.2,30.1,2400.02048,0.852,0x0,28,
2026-03-29T14:40:06.225251,58.4,67.0,29.8,2400.027136,0.852,0x0,26,1
2026-03-29T14:40:07.247573,57.85,66.6,29.7,2400.02048,0.852,0x0,26,1
2026-03-29T14:40:08.267621,57.3,66.3,29.7,2400.027136,0.852,0x0,28,
2026-03-29T14:40:09.287602,57.85,72.1,29.6,2400.030464,0.852,0x0,26,2
2026-03-29T14:40:10.306826,57.3,66.7,29.7,2400.02048,0.852,0x0,32,3
2026-03-29T14:40:11.333374,58.4,66.2,29.8,2400.023808,0.852,0x0,26,3
2026-03-29T14:40:12.363590,58.4,68.3,29.9,2400.02048,0.852,0x0,26,2
2026-03-29T14:40:13.389398,57.85,66.0,29.9,2400.027136,0.852,0x0,26,3
2026-03-29T14:40:14.414818,57.3,68.0,29.9,2400.023808,0.852,0x0,30,7
2026-03-29T14:40:15.442853,57.85,68.3,29.8,2400.027136,0.852,0x0,32,
2026-03-29T14:40:16.472608,58.4,67.7,29.9,2400.03712,0.852,0x0,32,5
2026-03-29T14:40:17.498077,57.3,66.8,29.8,2400.023808,0.852,0x0,30,
2026-03-29T14:40:18.523197,58.4,68.1,29.9,2400.027136,0.852,0x0,32,2
2026-03-29T14:40:19.553177,58.4,66.9,29.9,2400.03712,0.852,0x0,26,2
2026-03-29T14:40:20.574351,58.95,69.0,29.8,2400.02048,0.852,0x0,32,2
2026-03-29T14:40:21.599655,57.85,67.7,29.7,2400.030464,0.852,0x0,32,4
2026-03-29T14:40:22.621933,57.85,68.2,29.9,2400.030464,0.852,0x0,26,3
2026-03-29T14:40:23.647665,57.85,67.8,30.0,2400.02048,0.852,0x0,32,
2026-03-29T14:40:24.671617,58.4,67.4,30.2,2400.02048,0.852,0x0,26,3
2026-03-29T14:40:25.699590,57.85,67.7,30.1,2400.017408,0.852,0x0,26,3
2026-03-29T14:40:26.727218,57.3,66.2,30.1,2400.033792,0.852,0x0,32,2
2026-03-29T14:40:27.748582,57.85,68.0,29.9,2400.033792,0.852,0x0,32,4
2026-03-29T14:40:28.771594,58.4,68.5,30.1,2400.027136,0.852,0x0,32,1
2026-03-29T14:40:29.795126,59.5,68.3,30.0,2400.027136,0.852,0x0,32,1
2026-03-29T14:40:30.815953,57.3,67.3,29.7,2400.030464,0.852,0x0,26,3
2026-03-29T14:40:31.840907,58.4,72.0,29.5,2400.017408,0.852,0x0,26,3
2026-03-29T14:40:32.860911,56.75,66.5,29.7,2400.030464,0.852,0x0,26,1
2026-03-29T14:40:33.886963,57.85,69.8,29.8,2400.023808,0.852,0x0,27,3
2026-03-29T14:40:34.909228,57.85,66.2,29.8,2400.023808,0.852,0x0,28,1
2026-03-29T14:40:35.931083,57.85,67.5,29.7,2400.017408,0.852,0x0,26,1
2026-03-29T14:40:36.957874,57.85,69.1,29.7,2400.03712,0.852,0x0,26,3
2026-03-29T14:40:37.978810,58.4,67.6,29.9,2400.030464,0.852,0x0,29,3
2026-03-29T14:40:39.003594,56.75,66.7,29.9,2400.02048,0.852,0x0,26,2
2026-03-29T14:40:40.026675,56.75,68.9,30.1,2400.027136,0.852,0x0,26,1
2026-03-29T14:40:41.055751,58.4,66.9,29.9,2400.027136,0.852,0x0,26,3
2026-03-29T14:40:42.083651,57.3,66.9,29.7,2400.027136,0.852,0x0,26,3
2026-03-29T14:40:43.109542,59.5,67.9,29.9,2400.033792,0.852,0x0,32,
2026-03-29T14:40:44.131901,58.95,68.1,29.9,2400.030464,0.852,0x0,32,1
2026-03-29T14:40:45.165363,57.3,68.4,30.1,2400.033792,0.852,0x0,32,3
2026-03-29T14:40:46.191699,57.3,66.5,30.2,2400.02048,0.852,0x0,32,2
2026-03-29T14:40:47.218536,57.85,68.2,30.0,2400.02048,0.852,0x0,28,
2026-03-29T14:40:48.244679,57.85,66.7,30.1,2400.023808,0.852,0x0,26,3
2026-03-29T14:40:49.274373,57.85,70.6,30.3,2400.03712,0.852,0x0,29,
2026-03-29T14:40:50.298172,57.85,69.3,30.0,2400.02048,0.852,0x0,28,
2026-03-29T14:40:51.323653,57.3,72.1,29.8,2400.030464,0.852,0x0,32,1
2026-03-29T14:40:52.345980,58.95,67.1,29.7,2400.02048,0.852,0x0,26,2
2026-03-29T14:40:53.368225,58.95,67.1,29.9,2400.03712,0.852,0x0,26,1
2026-03-29T14:40:54.395669,58.4,68.2,29.9,2400.023808,0.852,0x0,32,
2026-03-29T14:40:55.425837,56.75,70.0,30.0,2400.023808,0.852,0x0,30,
2026-03-29T14:40:56.453436,57.3,67.8,30.0,2400.02048,0.852,0x0,26,1
2026-03-29T14:40:57.480755,57.85,67.3,30.1,2400.023808,0.852,0x0,27,4
2026-03-29T14:40:58.502955,59.5,66.2,30.1,2400.023808,0.852,0x0,32,2
2026-03-29T14:40:59.530060,57.3,67.2,29.9,2400.02048,0.852,0x0,32,2
2026-03-29T14:41:00.562223,58.4,67.9,29.8,2400.033792,0.852,0x0,32,1
2026-03-29T14:41:01.582527,58.4,67.6,29.9,2400.030464,0.852,0x0,30,
2026-03-29T14:41:02.607586,58.4,67.7,29.9,2400.033792,0.852,0x0,27,6
2026-03-29T14:41:03.637981,58.95,66.7,29.8,2400.033792,0.852,0x0,32,
2026-03-29T14:41:04.659346,57.85,67.8,30.0,2400.027136,0.852,0x0,26,2
2026-03-29T14:41:05.681901,57.85,65.5,29.9,2400.017408,0.852,0x0,27,4
2026-03-29T14:41:06.715210,57.85,68.0,29.9,2400.033792,0.852,0x0,26,1
2026-03-29T14:41:07.734514,57.85,69.4,29.9,2400.02048,0.852,0x0,32,1
2026-03-29T14:41:08.758245,57.85,66.1,30.0,2400.027136,0.852,0x0,32,
2026-03-29T14:41:09.786713,57.85,68.4,29.9,2400.033792,0.852,0x0,30,3
2026-03-29T14:41:10.806888,57.85,71.8,29.9,2400.027136,0.852,0x0,26,3
2026-03-29T14:41:11.829597,58.4,66.7,30.0,2400.03712,0.852,0x0,26,1
2026-03-29T14:41:12.865088,57.85,68.0,29.9,2400.027136,0.852,0x0,26,3
2026-03-29T14:41:13.894814,58.4,60.9,30.0,2400.033792,0.852,0x0,32,3
2026-03-29T14:41:14.926577,58.4,67.8,30.0,2400.033792,0.852,0x0,26,3
2026-03-29T14:41:15.952132,56.2,67.2,29.9,2400.03712,0.852,0x0,32,5
2026-03-29T14:41:16.979645,57.85,67.6,29.9,2400.033792,0.852,0x0,27,
2026-03-29T14:41:18.005626,58.95,68.0,29.8,2400.023808,0.852,0x0,27,
2026-03-29T14:41:19.029332,57.85,66.7,30.1,2400.02048,0.852,0x0,32,
2026-03-29T14:41:20.053327,58.95,67.4,30.0,2400.030464,0.852,0x0,26,2
2026-03-29T14:41:21.077113,57.85,67.1,30.3,2400.033792,0.852,0x0,32,2
2026-03-29T14:41:22.103494,58.95,68.7,30.3,2400.027136,0.852,0x0,32,4
2026-03-29T14:41:23.127380,58.95,67.2,30.0,2400.023808,0.852,0x0,32,2
2026-03-29T14:41:24.159552,57.3,66.6,30.1,2400.033792,0.852,0x0,26,3
2026-03-29T14:41:25.182576,57.85,68.9,30.2,2400.033792,0.852,0x0,26,1
2026-03-29T14:41:26.208435,57.3,65.8,30.1,2400.017408,0.852,0x0,32,2
2026-03-29T14:41:27.232939,57.85,66.3,29.9,2400.02048,0.852,0x0,32,3
2026-03-29T14:41:28.262150,57.85,68.2,29.8,2400.027136,0.852,0x0,26,2
2026-03-29T14:41:29.283590,59.5,67.0,30.1,2400.02048,0.852,0x0,26,3
2026-03-29T14:41:30.309994,57.85,69.1,30.3,2400.023808,0.852,0x0,27,2
2026-03-29T14:41:31.335634,58.4,67.1,30.3,2400.02048,0.852,0x0,32,2
2026-03-29T14:41:32.363030,58.4,68.4,30.3,2400.030464,0.852,0x0,26,1
2026-03-29T14:41:33.385236,57.85,66.5,30.2,2400.027136,0.852,0x0,26,3
2026-03-29T14:41:34.410935,58.4,70.9,30.3,2400.033792,0.852,0x0,26,3
2026-03-29T14:41:35.435227,60.05,70.5,30.3,2400.030464,0.852,0x0,26,2
2026-03-29T14:41:36.455722,58.4,67.6,30.0,2400.02048,0.852,0x0,26,4
2026-03-29T14:41:37.490139,57.3,67.7,30.0,2400.033792,0.852,0x0,27,
2026-03-29T14:41:38.513666,58.4,66.6,30.0,2400.02048,0.852,0x0,26,4
2026-03-29T14:41:39.543292,60.05,68.4,30.2,2400.023808,0.852,0x0,32,3
2026-03-29T14:41:40.564616,57.85,68.5,30.3,2400.03712,0.852,0x0,26,2
2026-03-29T14:41:41.591670,58.95,67.8,30.2,2400.023808,0.852,0x0,32,0
2026-03-29T14:41:42.615621,58.4,67.2,30.2,2400.027136,0.852,0x0,26,4
2026-03-29T14:41:43.641326,57.85,67.7,30.2,2400.02048,0.852,0x0,32,1
2026-03-29T14:41:44.665719,57.3,67.2,30.2,2400.02048,0.852,0x0,32,1
2026-03-29T14:41:45.696123,57.85,69.7,30.0,2400.030464,0.852,0x0,26,2
2026-03-29T14:41:46.720832,57.85,66.4,30.1,2400.030464,0.852,0x0,26,0
2026-03-29T14:41:47.742896,58.95,67.2,30.1,2400.03712,0.852,0x0,27,
2026-03-29T14:41:48.767719,57.85,67.9,30.3,2400.033792,0.852,0x0,32,1
2026-03-29T14:41:49.796094,58.95,68.3,30.2,2400.027136,0.852,0x0,32,10
2026-03-29T14:41:50.821091,58.95,69.4,30.0,2400.033792,0.852,0x0,26,2
2026-03-29T14:41:51.854143,59.5,67.6,30.0,2400.027136,0.852,0x0,26,2
2026-03-29T14:41:52.880193,56.75,66.4,29.9,2400.030464,0.852,0x0,29,
2026-03-29T14:41:53.913503,59.5,68.0,30.0,2400.017408,0.852,0x0,28,
2026-03-29T14:41:54.936175,58.4,67.5,30.0,2400.03712,0.852,0x0,26,3
2026-03-29T14:41:55.959597,57.85,72.6,30.0,2400.033792,0.852,0x0,26,3
2026-03-29T14:41:56.982595,58.4,69.0,30.0,2400.03712,0.852,0x0,26,3
2026-03-29T14:41:58.012162,58.4,67.1,30.0,2400.027136,0.852,0x0,32,
2026-03-29T14:41:59.041023,58.4,65.9,29.9,2400.023808,0.852,0x0,26,3
2026-03-29T14:42:00.063145,57.85,66.5,29.8,2400.023808,0.852,0x0,27,
2026-03-29T14:42:01.089371,58.95,69.3,29.7,2400.027136,0.852,0x0,32,
2026-03-29T14:42:02.112593,58.4,67.0,29.7,2400.033792,0.852,0x0,26,2
2026-03-29T14:42:03.135657,57.85,67.1,30.0,2400.03712,0.852,0x0,28,5
2026-03-29T14:42:04.157277,57.85,67.7,30.0,2400.023808,0.852,0x0,26,0
2026-03-29T14:42:05.180479,56.75,68.9,30.1,2400.03712,0.852,0x0,32,1
2026-03-29T14:42:06.208598,58.4,68.5,30.2,2400.02048,0.852,0x0,27,
2026-03-29T14:42:07.230766,58.4,67.3,30.0,2400.023808,0.852,0x0,26,2
2026-03-29T14:42:08.252864,58.4,66.8,30.0,2400.023808,0.852,0x0,26,1
2026-03-29T14:42:09.272661,57.85,67.7,29.9,2400.027136,0.852,0x0,28,6
2026-03-29T14:42:10.298109,57.85,67.3,30.0,2400.030464,0.852,0x0,26,3
2026-03-29T14:42:11.327599,57.85,69.2,30.2,2400.027136,0.852,0x0,32,3
2026-03-29T14:42:12.355131,59.5,68.2,29.8,2400.027136,0.852,0x0,26,0
2026-03-29T14:42:13.374217,57.3,67.9,30.0,2400.033792,0.852,0x0,26,3
2026-03-29T14:42:14.401626,58.4,68.2,29.9,2400.023808,0.852,0x0,26,3
2026-03-29T14:42:15.426703,58.4,66.8,29.9,2400.02048,0.852,0x0,27,2
2026-03-29T14:42:16.446687,57.3,68.4,29.9,2400.033792,0.852,0x0,32,2
2026-03-29T14:42:17.472901,58.4,66.5,30.0,2400.02048,0.852,0x0,26,3
2026-03-29T14:42:18.494976,57.85,67.8,30.0,2400.030464,0.852,0x0,32,2
2026-03-29T14:42:19.519687,57.85,66.7,30.1,2400.033792,0.852,0x0,26,3
2026-03-29T14:42:20.536714,57.85,67.9,30.2,2400.03712,0.852,0x0,26,3
2026-03-29T14:42:21.564464,59.5,68.7,30.1,2400.033792,0.852,0x0,32,6
2026-03-29T14:42:22.589826,57.85,67.5,30.1,2400.027136,0.852,0x0,32,2
2026-03-29T14:42:23.617528,58.4,67.5,30.0,2400.030464,0.852,0x0,27,
2026-03-29T14:42:24.643686,58.95,66.1,30.0,2400.027136,0.852,0x0,32,5
2026-03-29T14:42:25.669246,57.85,68.1,29.9,2400.02048,0.852,0x0,26,2
2026-03-29T14:42:26.693078,57.85,67.3,30.1,2400.02048,0.852,0x0,26,1
2026-03-29T14:42:27.716398,58.4,67.2,30.0,2400.033792,0.852,0x0,26,3
2026-03-29T14:42:28.734818,57.85,67.7,29.8,2400.023808,0.852,0x0,26,0
2026-03-29T14:42:29.754000,58.4,65.8,30.0,2400.023808,0.852,0x0,32,4
2026-03-29T14:42:30.773995,58.4,68.8,30.1,2400.033792,0.852,0x0,26,2
2026-03-29T14:42:31.795334,57.85,68.8,30.0,2400.030464,0.852,0x0,32,1
2026-03-29T14:42:32.819191,58.4,67.3,29.9,2400.033792,0.852,0x0,26,1
2026-03-29T14:42:33.839955,58.4,66.0,29.8,2400.033792,0.852,0x0,32,0
2026-03-29T14:42:34.860324,58.95,68.6,30.0,2400.030464,0.852,0x0,26,2
2026-03-29T14:42:35.882056,58.95,69.1,30.1,2400.033792,0.852,0x0,26,1
2026-03-29T14:42:36.905412,57.3,66.2,30.2,2400.023808,0.852,0x0,32,5
2026-03-29T14:42:37.926548,58.4,66.9,30.2,2400.03712,0.852,0x0,26,1
2026-03-29T14:42:38.953065,57.85,66.0,30.1,2400.023808,0.852,0x0,32,2
2026-03-29T14:42:39.978147,58.4,67.0,30.0,2400.02048,0.852,0x0,26,4
2026-03-29T14:42:41.001896,57.85,71.2,30.0,2400.030464,0.852,0x0,33,2
2026-03-29T14:42:42.026772,57.85,68.5,29.9,2400.027136,0.852,0x0,32,1
2026-03-29T14:42:43.049713,57.3,67.0,29.9,2400.033792,0.852,0x0,32,
2026-03-29T14:42:44.075717,57.85,66.9,30.0,2400.030464,0.852,0x0,32,2
2026-03-29T14:42:45.202811,57.85,68.3,30.1,2400.023808,0.852,0x0,32,1
2026-03-29T14:42:46.225196,57.85,68.1,29.9,2400.027136,0.852,0x0,32,3
2026-03-29T14:42:47.250401,57.85,68.5,29.8,2400.023808,0.852,0x0,32,6
2026-03-29T14:42:48.272621,58.4,66.8,29.9,2400.017408,0.852,0x0,26,2
2026-03-29T14:42:49.293466,57.85,68.6,30.0,2400.023808,0.852,0x0,26,1
2026-03-29T14:42:50.318801,57.85,67.0,29.9,2400.030464,0.852,0x0,26,4
2026-03-29T14:42:51.358489,58.95,67.3,29.9,2400.033792,0.852,0x0,34,
2026-03-29T14:42:52.382002,58.95,66.4,29.8,2400.023808,0.852,0x0,32,2
2026-03-29T14:42:53.405888,58.4,69.0,29.8,2400.033792,0.852,0x0,32,2
2026-03-29T14:42:54.426805,58.4,67.3,29.8,2400.030464,0.852,0x0,26,1
2026-03-29T14:42:55.451893,57.85,67.2,29.9,2400.030464,0.852,0x0,32,
2026-03-29T14:42:56.500837,57.3,69.4,30.1,2400.023808,0.852,0x0,26,1
2026-03-29T14:42:57.527156,57.85,67.9,29.9,2400.02048,0.852,0x0,32,
2026-03-29T14:42:58.549413,58.4,66.3,29.9,2400.030464,0.852,0x0,26,3
2026-03-29T14:42:59.573088,57.3,66.4,30.0,2400.030464,0.852,0x0,32,
2026-03-29T14:43:00.593568,58.4,67.7,30.0,2400.023808,0.852,0x0,26,3
2026-03-29T14:43:01.619911,57.85,68.1,30.1,2400.033792,0.852,0x0,32,1
2026-03-29T14:43:02.640649,58.4,67.2,30.2,2400.030464,0.852,0x0,26,3
2026-03-29T14:43:03.663236,57.3,67.1,30.1,2400.023808,0.852,0x0,32,5
2026-03-29T14:43:04.681719,58.4,70.8,29.8,2400.017408,0.852,0x0,32,1
2026-03-29T14:43:05.705432,58.4,67.8,30.0,2400.023808,0.852,0x0,26,3
2026-03-29T14:43:06.736062,57.85,69.2,29.8,2400.027136,0.852,0x0,26,3
2026-03-29T14:43:07.757756,57.3,67.3,30.0,2400.023808,0.852,0x0,26,1
2026-03-29T14:43:08.780548,57.85,67.4,30.2,2400.03712,0.852,0x0,26,3
2026-03-29T14:43:09.802955,58.4,66.7,30.2,2400.033792,0.852,0x0,26,2
2026-03-29T14:43:10.831172,57.85,67.7,30.1,2400.027136,0.852,0x0,26,1
2026-03-29T14:43:11.856304,58.4,67.4,30.0,2400.030464,0.852,0x0,26,2
2026-03-29T14:43:12.878219,58.95,67.0,30.1,2400.03712,0.852,0x0,26,3
2026-03-29T14:43:13.904307,57.85,68.3,30.3,2400.030464,0.852,0x0,26,3
2026-03-29T14:43:14.926344,57.3,65.6,30.2,2400.03712,0.852,0x0,26,3
2026-03-29T14:43:15.950624,59.5,67.7,30.3,2400.030464,0.852,0x0,26,1
2026-03-29T14:43:16.972547,57.85,67.5,30.3,2400.03712,0.852,0x0,26,3
2026-03-29T14:43:17.999710,57.85,67.3,30.2,2400.023808,0.852,0x0,32,1
2026-03-29T14:43:19.021474,57.3,65.5,30.3,2400.03712,0.852,0x0,27,
2026-03-29T14:43:20.049756,58.4,69.8,30.2,2400.02048,0.852,0x0,27,
2026-03-29T14:43:21.074078,57.85,67.5,30.1,2400.023808,0.852,0x0,26,3
2026-03-29T14:43:22.103070,58.4,68.1,30.1,2400.033792,0.852,0x0,32,5
2026-03-29T14:43:23.124945,58.4,66.9,30.1,2400.023808,0.852,0x0,26,3
2026-03-29T14:43:24.159827,58.4,68.5,30.3,2400.03712,0.852,0x0,32,1
2026-03-29T14:43:25.182450,58.4,67.6,30.3,2400.030464,0.852,0x0,28,7
2026-03-29T14:43:26.204882,58.95,67.4,30.3,2400.030464,0.852,0x0,32,1
2026-03-29T14:43:27.227465,58.4,72.4,30.5,2400.023808,0.852,0x0,26,3
2026-03-29T14:43:28.246232,57.3,65.2,30.4,2400.02048,0.852,0x0,32,0
2026-03-29T14:43:29.273269,59.5,66.1,30.4,2400.030464,0.852,0x0,32,1
2026-03-29T14:43:30.296977,59.5,68.2,30.3,2400.02048,0.852,0x0,26,3
2026-03-29T14:43:31.322956,59.5,67.0,30.2,2400.027136,0.852,0x0,32,7
2026-03-29T14:43:32.351916,57.85,69.1,30.2,2400.023808,0.852,0x0,26,3
2026-03-29T14:43:33.383032,58.4,67.6,30.2,2400.033792,0.852,0x0,26,1
2026-03-29T14:43:34.407621,57.3,68.1,30.3,2400.030464,0.852,0x0,28,
2026-03-29T14:43:35.430008,57.85,67.7,30.3,2400.027136,0.852,0x0,27,
2026-03-29T14:43:36.455587,56.2,69.7,30.1,2400.033792,0.852,0x0,30,
2026-03-29T14:43:37.476228,58.95,67.1,30.0,2400.027136,0.852,0x0,32,0
2026-03-29T14:43:38.494939,57.85,66.3,30.0,2400.02048,0.852,0x0,26,0
2026-03-29T14:43:39.521063,57.3,65.9,29.9,2400.023808,0.852,0x0,32,4
2026-03-29T14:43:40.543433,58.95,67.9,30.0,2400.03712,0.852,0x0,32,1
2026-03-29T14:43:41.565519,58.4,67.1,30.1,2400.030464,0.852,0x0,30,4
2026-03-29T14:43:42.694939,56.75,67.2,30.1,2400.027136,0.852,0x0,26,2
2026-03-29T14:43:43.719679,58.4,67.7,30.2,2400.027136,0.852,0x0,32,
2026-03-29T14:43:44.743179,58.4,68.0,30.0,2400.033792,0.852,0x0,32,0
2026-03-29T14:43:45.767801,58.4,68.6,29.9,2400.02048,0.852,0x0,26,0
2026-03-29T14:43:46.786913,57.85,67.4,29.7,2400.033792,0.852,0x0,26,1
2026-03-29T14:43:47.810889,57.85,68.6,29.7,2400.027136,0.852,0x0,26,2
2026-03-29T14:43:48.834290,58.95,67.7,29.5,2400.030464,0.852,0x0,26,3
2026-03-29T14:43:49.860740,58.4,70.7,29.5,2400.030464,0.852,0x0,32,1
2026-03-29T14:43:50.887379,57.3,72.5,29.4,2400.033792,0.852,0x0,32,
2026-03-29T14:43:51.911993,57.3,70.1,29.4,2400.030464,0.852,0x0,26,3
2026-03-29T14:43:52.936347,57.85,65.6,29.3,2400.030464,0.852,0x0,32,1
2026-03-29T14:43:53.964955,57.3,67.3,29.5,2400.017408,0.852,0x0,30,
2026-03-29T14:43:54.985003,58.95,69.6,29.5,2400.023808,0.852,0x0,27,
2026-03-29T14:43:56.017077,57.85,67.4,29.5,2400.02048,0.852,0x0,30,
2026-03-29T14:43:57.044652,57.85,66.6,29.6,2400.033792,0.852,0x0,32,1
2026-03-29T14:43:58.075737,57.85,68.3,29.8,2400.03712,0.852,0x0,32,1
2026-03-29T14:43:59.095410,57.85,65.9,29.8,2400.023808,0.852,0x0,29,6
2026-03-29T14:44:00.125952,57.85,69.4,29.8,2400.033792,0.852,0x0,32,
2026-03-29T14:44:01.149491,58.95,67.8,29.9,2400.030464,0.852,0x0,26,2
2026-03-29T14:44:02.176282,58.95,70.3,30.0,2400.023808,0.852,0x0,29,
2026-03-29T14:44:03.203677,58.4,67.8,29.6,2400.02048,0.852,0x0,32,1
2026-03-29T14:44:04.227348,57.85,66.6,29.7,2400.030464,0.852,0x0,26,1
2026-03-29T14:44:05.250427,57.85,67.7,29.8,2400.023808,0.852,0x0,26,1
2026-03-29T14:44:06.279602,58.95,68.6,29.6,2400.023808,0.852,0x0,26,0
2026-03-29T14:44:07.301636,59.5,72.3,29.6,2400.023808,0.852,0x0,26,3
2026-03-29T14:44:08.398259,57.85,68.0,29.5,2400.023808,0.852,0x0,32,1
2026-03-29T14:44:09.420356,57.85,67.9,29.5,2400.033792,0.852,0x0,27,4
2026-03-29T14:44:10.451523,58.95,67.6,29.6,2400.030464,0.852,0x0,32,
2026-03-29T14:44:11.481693,56.75,67.7,29.5,2400.023808,0.852,0x0,26,1
2026-03-29T14:44:12.502606,57.85,68.1,29.5,2400.033792,0.852,0x0,27,
2026-03-29T14:44:13.528604,57.85,68.9,29.4,2400.027136,0.852,0x0,26,1
2026-03-29T14:44:14.551610,56.75,67.3,29.3,2400.02048,0.852,0x0,32,1
2026-03-29T14:44:15.578232,58.4,65.4,29.4,2400.03712,0.852,0x0,30,
2026-03-29T14:44:16.601751,57.85,67.0,29.4,2400.030464,0.852,0x0,32,0
2026-03-29T14:44:17.620987,57.85,67.0,29.6,2400.033792,0.852,0x0,26,2
2026-03-29T14:44:18.646002,58.95,68.1,29.6,2400.02048,0.852,0x0,26,3
2026-03-29T14:44:19.667562,57.3,68.3,29.7,2400.02048,0.852,0x0,26,1
2026-03-29T14:44:20.785000,57.3,66.6,29.8,2400.03712,0.852,0x0,26,1
2026-03-29T14:44:21.808426,57.85,67.5,29.7,2400.033792,0.852,0x0,32,2
2026-03-29T14:44:22.832386,57.85,68.9,29.6,2400.017408,0.852,0x0,32,
2026-03-29T14:44:23.856298,57.85,66.1,29.7,2400.033792,0.852,0x0,26,3
2026-03-29T14:44:24.883208,59.5,67.3,29.8,2400.02048,0.852,0x0,32,1
2026-03-29T14:44:25.909859,58.95,69.6,29.9,2400.03712,0.852,0x0,27,2
2026-03-29T14:44:26.936612,58.4,67.0,29.8,2400.02048,0.852,0x0,26,1
2026-03-29T14:44:27.961398,57.85,70.0,29.6,2400.02048,0.852,0x0,32,8
2026-03-29T14:44:28.984295,57.3,66.7,29.4,2400.023808,0.852,0x0,26,1
2026-03-29T14:44:30.009706,57.85,67.3,29.4,2400.033792,0.852,0x0,32,2
2026-03-29T14:44:31.034186,58.4,71.0,29.2,2400.03712,0.852,0x0,26,3
2026-03-29T14:44:32.058688,58.95,68.0,29.4,2400.023808,0.852,0x0,26,2
2026-03-29T14:44:33.083031,58.4,67.0,29.4,2400.030464,0.852,0x0,32,
2026-03-29T14:44:34.104828,58.95,67.5,29.5,2400.023808,0.852,0x0,26,2
2026-03-29T14:44:35.133286,57.85,66.4,29.6,2400.017408,0.852,0x0,32,
2026-03-29T14:44:36.157258,59.5,66.9,29.7,2400.027136,0.852,0x0,32,
2026-03-29T14:44:37.182935,56.75,69.3,29.8,2400.033792,0.852,0x0,26,3
2026-03-29T14:44:38.203297,57.85,66.9,29.5,2400.030464,0.852,0x0,32,2
2026-03-29T14:44:39.222773,57.85,67.3,29.6,2400.02048,0.852,0x0,32,1
2026-03-29T14:44:40.247405,58.4,67.7,29.9,2400.023808,0.852,0x0,26,2
2026-03-29T14:44:41.270808,58.4,66.9,30.0,2400.02048,0.852,0x0,32,2
2026-03-29T14:44:42.292467,57.85,67.0,30.0,2400.023808,0.852,0x0,26,1
2026-03-29T14:44:43.320399,58.4,68.3,30.0,2400.023808,0.852,0x0,32,1
2026-03-29T14:44:44.343377,58.4,67.6,30.1,2400.023808,0.852,0x0,32,
2026-03-29T14:44:45.368622,58.4,67.3,30.0,2400.02048,0.852,0x0,32,3
2026-03-29T14:44:46.390098,57.3,66.7,29.8,2400.033792,0.852,0x0,26,1
2026-03-29T14:44:47.410909,58.4,66.9,29.8,2400.033792,0.852,0x0,32,
2026-03-29T14:44:48.436913,58.95,66.1,30.0,2400.023808,0.852,0x0,26,1
2026-03-29T14:44:49.460493,58.95,66.8,30.0,2400.023808,0.852,0x0,26,3
2026-03-29T14:44:50.485090,58.4,68.4,29.9,2400.023808,0.852,0x0,26,1
2026-03-29T14:44:51.504544,57.85,67.4,29.8,2400.03712,0.852,0x0,32,2
2026-03-29T14:44:52.525882,56.75,70.5,29.4,2400.023808,0.852,0x0,26,3
2026-03-29T14:44:53.560667,58.4,70.2,29.7,2400.030464,0.852,0x0,26,1
2026-03-29T14:44:54.582431,57.85,66.2,29.5,2400.023808,0.852,0x0,27,
2026-03-29T14:44:55.604520,57.85,67.1,29.3,2400.023808,0.852,0x0,26,1
2026-03-29T14:44:56.632931,59.5,66.5,29.5,2400.030464,0.852,0x0,32,
2026-03-29T14:44:57.652457,57.85,69.6,29.6,2400.03712,0.852,0x0,26,0
2026-03-29T14:44:58.676046,57.3,66.1,29.7,2400.033792,0.852,0x0,32,3
2026-03-29T14:44:59.695563,57.85,66.7,29.6,2400.033792,0.852,0x0,32,1
2026-03-29T14:45:00.721554,58.95,67.1,29.7,2400.033792,0.852,0x0,32,2
2026-03-29T14:45:01.747036,57.85,67.1,29.8,2400.033792,0.852,0x0,26,1
2026-03-29T14:45:02.778142,58.4,67.9,30.0,2400.02048,0.852,0x0,32,1
2026-03-29T14:45:03.803626,59.5,67.3,30.1,2400.023808,0.852,0x0,26,1
2026-03-29T14:45:04.828677,57.85,68.5,30.2,2400.033792,0.852,0x0,26,1
2026-03-29T14:45:05.851707,58.4,68.4,30.1,2400.027136,0.852,0x0,26,3
2026-03-29T14:45:06.879107,57.85,67.7,30.1,2400.023808,0.852,0x0,32,1
2026-03-29T14:45:07.905269,57.85,67.7,30.0,2400.02048,0.852,0x0,32,
2026-03-29T14:45:08.928566,58.95,68.2,30.0,2400.027136,0.852,0x0,32,0
2026-03-29T14:45:09.948794,57.3,66.5,29.9,2400.03712,0.852,0x0,30,
2026-03-29T14:45:10.978017,58.4,67.2,29.8,2400.02048,0.852,0x0,28,
2026-03-29T14:45:11.998944,57.85,68.2,29.9,2400.030464,0.852,0x0,29,
2026-03-29T14:45:13.026516,57.85,69.5,30.1,2400.033792,0.852,0x0,26,3
2026-03-29T14:45:14.054719,57.85,65.7,30.1,2400.02048,0.852,0x0,26,1
2026-03-29T14:45:15.081704,57.85,68.7,30.1,2400.030464,0.852,0x0,28,3
2026-03-29T14:45:16.105338,58.4,67.3,30.2,2400.030464,0.852,0x0,32,1
2026-03-29T14:45:17.133588,57.85,71.4,30.1,2400.023808,0.852,0x0,31,2
2026-03-29T14:45:18.161390,56.2,68.7,30.0,2400.030464,0.852,0x0,26,2
2026-03-29T14:45:19.181860,57.85,66.2,30.0,2400.02048,0.852,0x0,26,5
2026-03-29T14:45:20.207375,57.3,66.2,30.1,2400.033792,0.852,0x0,26,1
2026-03-29T14:45:21.231857,57.85,67.7,30.3,2400.03712,0.852,0x0,26,1
2026-03-29T14:45:22.263461,58.4,67.2,29.9,2400.030464,0.852,0x0,32,3
2026-03-29T14:45:23.288368,57.85,68.8,30.0,2400.02048,0.852,0x0,32,
2026-03-29T14:45:24.315598,58.95,67.2,30.0,2400.027136,0.852,0x0,32,4
2026-03-29T14:45:25.343668,59.5,68.1,30.0,2400.027136,0.852,0x0,32,
2026-03-29T14:45:26.367365,57.85,66.8,29.8,2400.030464,0.852,0x0,32,1
2026-03-29T14:45:27.394680,58.95,68.1,29.9,2400.033792,0.852,0x0,26,3
2026-03-29T14:45:28.416586,57.3,67.4,30.1,2400.027136,0.852,0x0,28,5
2026-03-29T14:45:29.438824,57.85,68.1,30.0,2400.033792,0.852,0x0,32,2
2026-03-29T14:45:30.461276,57.85,66.6,30.0,2400.030464,0.852,0x0,28,2
2026-03-29T14:45:31.484795,57.85,66.9,29.6,2400.023808,0.852,0x0,32,
2026-03-29T14:45:32.508484,60.05,68.7,29.7,2400.030464,0.852,0x0,26,0
2026-03-29T14:45:33.533945,57.3,68.8,29.7,2400.030464,0.852,0x0,26,1
2026-03-29T14:45:34.553618,58.4,67.8,29.8,2400.023808,0.852,0x0,32,4
2026-03-29T14:45:35.579210,58.4,67.3,29.9,2400.027136,0.852,0x0,32,3
2026-03-29T14:45:36.600983,58.95,66.8,30.0,2400.023808,0.852,0x0,26,3
2026-03-29T14:45:37.632728,57.85,68.0,30.0,2400.033792,0.852,0x0,26,3
2026-03-29T14:45:38.659186,57.85,72.8,30.0,2400.023808,0.852,0x0,32,1
2026-03-29T14:45:39.679627,57.85,67.6,29.8,2400.02048,0.852,0x0,26,3
2026-03-29T14:45:40.713504,58.4,68.9,29.6,2400.030464,0.852,0x0,26,2
2026-03-29T14:45:41.735592,57.3,66.9,29.9,2400.023808,0.852,0x0,26,3
2026-03-29T14:45:42.758822,57.3,66.8,29.7,2400.033792,0.852,0x0,26,4
2026-03-29T14:45:43.780523,58.95,68.2,29.8,2400.030464,0.852,0x0,26,3
2026-03-29T14:45:44.807441,58.95,67.9,29.8,2400.02048,0.852,0x0,32,1
2026-03-29T14:45:45.833732,58.95,66.7,29.7,2400.033792,0.852,0x0,32,3
2026-03-29T14:45:46.856437,58.4,68.3,29.7,2400.02048,0.852,0x0,27,4
2026-03-29T14:45:47.876401,57.85,68.9,29.8,2400.030464,0.852,0x0,26,4
2026-03-29T14:45:48.900785,58.4,68.2,29.8,2400.033792,0.852,0x0,27,1
2026-03-29T14:45:49.925761,57.3,67.3,29.8,2400.033792,0.852,0x0,32,2
2026-03-29T14:45:50.947666,57.85,66.8,29.7,2400.02048,0.852,0x0,29,6
2026-03-29T14:45:51.969263,57.85,69.0,29.6,2400.030464,0.852,0x0,32,3
2026-03-29T14:45:52.990944,58.4,66.2,29.5,2400.023808,0.852,0x0,26,2
2026-03-29T14:45:54.019076,57.3,69.3,29.3,2400.023808,0.852,0x0,26,2
2026-03-29T14:45:55.046606,57.85,67.8,29.4,2400.027136,0.852,0x0,32,
2026-03-29T14:45:56.067987,57.85,65.7,29.6,2400.027136,0.852,0x0,26,1
2026-03-29T14:45:57.092212,57.85,66.4,29.7,2400.030464,0.852,0x0,32,4
2026-03-29T14:45:58.115461,58.4,67.7,29.7,2400.03712,0.852,0x0,26,1
2026-03-29T14:45:59.139357,58.4,67.6,29.8,2400.030464,0.852,0x0,27,4
2026-03-29T14:46:00.161163,57.85,66.7,29.9,2400.033792,0.852,0x0,26,3
2026-03-29T14:46:01.187303,57.85,71.9,30.1,2400.02048,0.852,0x0,27,
2026-03-29T14:46:02.212200,58.4,66.3,30.0,2400.030464,0.852,0x0,32,2
2026-03-29T14:46:03.232776,57.85,68.2,29.9,2400.033792,0.852,0x0,26,2
2026-03-29T14:46:04.259622,57.85,66.4,30.0,2400.03712,0.852,0x0,32,0
2026-03-29T14:46:05.280220,57.85,68.3,30.1,2400.017408,0.852,0x0,27,2
2026-03-29T14:46:06.303423,58.4,68.2,30.1,2400.033792,0.852,0x0,26,1
2026-03-29T14:46:07.328749,56.75,67.4,30.1,2400.033792,0.852,0x0,32,
2026-03-29T14:46:08.355689,57.85,67.8,30.0,2400.023808,0.852,0x0,32,5
2026-03-29T14:46:09.379351,57.3,66.9,29.9,2400.023808,0.852,0x0,26,3
2026-03-29T14:46:10.404989,58.95,68.0,29.9,2400.030464,0.852,0x0,32,1
2026-03-29T14:46:11.428345,58.4,68.3,29.9,2400.027136,0.852,0x0,32,5
2026-03-29T14:46:12.453203,58.95,66.8,30.0,2400.033792,0.852,0x0,26,3
2026-03-29T14:46:13.476122,57.85,66.5,30.1,2400.033792,0.852,0x0,26,1
2026-03-29T14:46:14.500710,57.85,66.9,30.1,2400.030464,0.852,0x0,32,2
2026-03-29T14:46:15.526006,57.3,68.0,30.2,2400.033792,0.852,0x0,32,1
2026-03-29T14:46:16.555329,57.85,67.5,30.4,2400.02048,0.852,0x0,28,
2026-03-29T14:46:17.582809,57.85,67.2,30.4,2400.027136,0.852,0x0,32,5
2026-03-29T14:46:18.609309,58.4,68.5,30.3,2400.023808,0.852,0x0,32,3
2026-03-29T14:46:19.634741,57.3,68.7,30.2,2400.033792,0.852,0x0,26,2
2026-03-29T14:46:20.663507,57.85,66.8,30.2,2400.027136,0.852,0x0,32,1
2026-03-29T14:46:21.684496,58.4,66.1,30.3,2400.02048,0.852,0x0,32,1
2026-03-29T14:46:22.709682,58.95,67.6,30.3,2400.023808,0.852,0x0,27,
2026-03-29T14:46:23.734499,57.85,72.9,30.2,2400.027136,0.852,0x0,32,2
2026-03-29T14:46:24.759368,57.85,68.2,30.2,2400.027136,0.852,0x0,28,5
2026-03-29T14:46:25.786160,58.95,68.3,29.9,2400.030464,0.852,0x0,26,3
2026-03-29T14:46:26.808926,57.85,66.4,30.0,2400.027136,0.852,0x0,26,2
2026-03-29T14:46:27.833754,58.4,67.7,30.2,2400.030464,0.852,0x0,29,
