timestamp,temperature_C,cpu_percent,memory_percent,cpu_freq_MHz,cpu_voltage_V,throttled_flags_hex,num_threads,running_threads
2026-03-28T12:21:34.269143,50.15,50.0,10.8,2400.030464,0.8487,0x0,4,1
2026-03-28T12:21:35.285872,50.7,34.2,11.3,2400.023808,0.8487,0x0,7,1
2026-03-28T12:21:36.302249,50.7,24.9,11.7,2400.027136,0.8487,0x0,7,1
2026-03-28T12:21:37.319051,50.15,28.0,12.1,2400.02048,0.8487,0x0,15,0
2026-03-28T12:21:38.335436,50.7,42.4,12.7,2400.033792,0.8487,0x0,20,3
2026-03-28T12:21:39.360777,51.25,57.1,13.2,2400.033792,0.8487,0x0,20,3
2026-03-28T12:21:40.382877,52.35,52.8,13.1,2400.033792,0.8487,0x0,20,1
2026-03-28T12:21:41.402857,51.8,51.4,13.3,2400.023808,0.8487,0x0,20,1
2026-03-28T12:21:42.427193,50.7,52.7,13.2,2400.02048,0.8487,0x0,20,1
2026-03-28T12:21:43.448578,52.9,57.5,13.0,2400.033792,0.8487,0x0,20,3
2026-03-28T12:21:44.478234,52.35,73.4,13.1,2400.03712,0.8487,0x0,20,1
2026-03-28T12:21:45.501483,52.35,63.6,13.0,2400.03712,0.8487,0x0,20,1
2026-03-28T12:21:46.530773,52.35,54.0,12.9,2400.03712,0.8487,0x0,20,1
2026-03-28T12:21:47.550633,51.8,53.8,13.0,2400.03712,0.8487,0x0,20,3
2026-03-28T12:21:48.570420,51.8,57.1,12.9,2400.033792,0.8487,0x0,20,2
2026-03-28T12:21:49.591342,53.45,57.3,13.0,2400.027136,0.8487,0x0,20,3
2026-03-28T12:21:50.622983,52.35,58.9,13.0,2400.030464,0.8487,0x0,20,1
2026-03-28T12:21:51.643501,52.9,56.3,13.0,2400.027136,0.8487,0x0,20,1
2026-03-28T12:21:52.670085,53.45,54.1,13.1,2400.027136,0.8487,0x0,20,3
2026-03-28T12:21:53.689225,52.35,56.7,12.8,2400.033792,0.8487,0x0,20,3
2026-03-28T12:21:54.711551,52.35,54.8,13.0,2400.027136,0.8487,0x0,20,1
2026-03-28T12:21:55.733453,52.35,54.1,12.7,2400.02048,0.8487,0x0,20,1
2026-03-28T12:21:56.759809,52.35,55.0,12.6,2400.023808,0.8487,0x0,20,1
2026-03-28T12:21:57.780087,52.9,52.2,12.6,2400.017408,0.8487,0x0,20,2
2026-03-28T12:21:58.799375,54.0,54.2,12.5,2400.023808,0.8487,0x0,20,0
2026-03-28T12:21:59.819235,53.45,53.6,13.1,2400.027136,0.8487,0x0,20,2
2026-03-28T12:22:00.845319,52.9,53.2,13.2,2400.033792,0.8487,0x0,20,3
2026-03-28T12:22:01.869642,53.45,51.0,13.2,2400.027136,0.8487,0x0,20,1
2026-03-28T12:22:02.888098,52.9,58.6,13.0,2400.023808,0.8487,0x0,20,1
2026-03-28T12:22:03.907558,53.45,53.8,12.9,2400.02048,0.8487,0x0,20,3
2026-03-28T12:22:04.931983,51.25,52.8,13.0,2400.027136,0.8487,0x0,20,2
2026-03-28T12:22:05.956954,53.45,52.0,12.7,2400.030464,0.8487,0x0,20,3
2026-03-28T12:22:06.979162,51.8,52.2,12.6,2400.03712,0.8487,0x0,20,1
2026-03-28T12:22:07.999112,52.9,53.4,12.6,2400.030464,0.8487,0x0,21,3
2026-03-28T12:22:09.021532,52.9,53.0,13.0,2400.033792,0.8487,0x0,20,2
2026-03-28T12:22:10.041651,54.55,53.0,13.2,2400.030464,0.8487,0x0,20,1
2026-03-28T12:22:11.060709,52.9,52.2,13.2,2400.023808,0.8487,0x0,20,3
2026-03-28T12:22:12.081239,52.9,51.1,13.2,2400.030464,0.8487,0x0,20,2
2026-03-28T12:22:13.101056,53.45,53.4,13.1,2400.023808,0.8487,0x0,20,2
2026-03-28T12:22:14.128315,55.1,56.4,13.3,2400.027136,0.8487,0x0,20,4
2026-03-28T12:22:15.148775,53.45,52.5,13.4,2400.027136,0.8487,0x0,20,3
2026-03-28T12:22:16.173545,55.1,67.2,13.5,2400.030464,0.8487,0x0,20,3
2026-03-28T12:22:17.203108,53.45,61.1,13.3,2400.030464,0.8487,0x0,20,2
2026-03-28T12:22:18.221118,54.55,63.9,13.2,2400.027136,0.8487,0x0,20,1
2026-03-28T12:22:19.247691,55.65,89.3,13.3,2400.023808,0.8487,0x0,20,1
2026-03-28T12:22:20.375747,54.55,80.3,13.3,2400.02048,0.8487,0x0,20,1
2026-03-28T12:22:21.392922,55.1,61.2,13.1,2400.023808,0.8487,0x0,20,1
2026-03-28T12:22:22.416138,55.65,51.5,12.9,2400.023808,0.8487,0x0,20,1
2026-03-28T12:22:23.437443,55.1,72.3,12.8,2400.030464,0.8487,0x0,20,1
2026-03-28T12:22:24.460822,54.55,64.7,12.8,2400.030464,0.8487,0x0,20,1
2026-03-28T12:22:25.485032,54.0,71.8,12.8,2400.023808,0.8487,0x0,20,1
2026-03-28T12:22:26.509584,56.2,68.6,12.9,2400.023808,0.8487,0x0,20,3
2026-03-28T12:22:27.527606,55.65,61.7,13.2,2400.033792,0.8487,0x0,20,0
2026-03-28T12:22:28.649588,54.55,50.2,13.3,2400.033792,0.8487,0x0,20,1
2026-03-28T12:22:29.671600,54.55,63.4,13.3,2400.02048,0.8487,0x0,20,1
2026-03-28T12:22:30.696428,54.55,76.9,13.2,2400.030464,0.8487,0x0,20,1
2026-03-28T12:22:31.725111,53.45,68.0,13.0,2400.033792,0.8487,0x0,20,2
2026-03-28T12:22:32.746183,55.1,51.5,13.1,2400.030464,0.8487,0x0,20,1
2026-03-28T12:22:33.870736,55.1,72.1,13.3,2400.023808,0.8487,0x0,20,1
2026-03-28T12:22:34.894995,56.2,68.7,13.2,2400.03712,0.8487,0x0,20,1
2026-03-28T12:22:35.927736,55.1,64.1,13.1,2400.03712,0.8487,0x0,20,1
2026-03-28T12:22:36.947659,55.1,65.8,13.1,2400.033792,0.8487,0x0,20,2
2026-03-28T12:22:37.967606,56.75,75.2,13.4,2400.033792,0.8487,0x0,20,1
2026-03-28T12:22:38.998266,54.55,65.2,13.5,2400.023808,0.8487,0x0,20,3
2026-03-28T12:22:40.121675,56.75,74.7,13.1,2400.027136,0.8487,0x0,20,2
2026-03-28T12:22:41.146470,55.65,78.3,12.9,2400.027136,0.8487,0x0,20,1
2026-03-28T12:22:42.164636,55.1,59.0,13.1,2400.030464,0.8487,0x0,20,3
2026-03-28T12:22:43.184252,54.55,56.6,13.0,2400.030464,0.8487,0x0,20,1
2026-03-28T12:22:44.207303,55.65,64.0,13.1,2400.030464,0.8487,0x0,20,1
2026-03-28T12:22:45.230946,55.65,81.3,13.3,2400.030464,0.8487,0x0,20,1
2026-03-28T12:22:46.266120,55.65,72.4,13.4,2400.027136,0.8487,0x0,20,2
2026-03-28T12:22:47.286371,55.65,57.4,13.3,2400.027136,0.8487,0x0,20,3
2026-03-28T12:22:48.312080,56.75,74.8,13.7,2400.033792,0.8487,0x0,20,4
2026-03-28T12:22:49.335070,55.1,75.5,13.9,2400.033792,0.8487,0x0,20,1
2026-03-28T12:22:50.360172,55.65,68.4,14.4,2400.033792,0.8487,0x0,20,2
2026-03-28T12:22:51.382326,56.2,72.1,14.7,2400.023808,0.8487,0x0,20,1
2026-03-28T12:22:52.411090,56.2,78.9,15.5,2400.023808,0.8487,0x0,20,2
2026-03-28T12:22:53.435669,55.65,79.8,15.9,2400.030464,0.8487,0x0,20,2
2026-03-28T12:22:54.463869,55.65,63.6,16.2,2400.023808,0.8487,0x0,20,2
2026-03-28T12:22:55.488892,55.1,58.7,16.5,2400.027136,0.8487,0x0,20,1
2026-03-28T12:22:56.508204,55.65,54.7,16.4,2400.02048,0.8487,0x0,20,1
2026-03-28T12:22:57.531643,55.65,78.2,16.2,2400.023808,0.8487,0x0,20,2
2026-03-28T12:22:58.561765,55.65,56.8,16.5,2400.033792,0.8487,0x0,20,1
2026-03-28T12:22:59.583539,55.1,52.0,16.4,2400.02048,0.8487,0x0,20,3
2026-03-28T12:23:00.608752,56.2,73.8,16.6,2400.030464,0.8487,0x0,20,1
2026-03-28T12:23:01.627784,56.75,60.7,16.4,2400.02048,0.8487,0x0,20,1
2026-03-28T12:23:02.646178,55.65,57.6,16.6,2400.033792,0.8487,0x0,20,3
2026-03-28T12:23:03.669343,56.2,63.3,16.5,2400.023808,0.8487,0x0,20,1
2026-03-28T12:23:04.687621,56.2,79.4,16.8,2400.027136,0.8487,0x0,20,1
2026-03-28T12:23:05.712753,55.65,61.9,16.8,2400.033792,0.8487,0x0,20,3
2026-03-28T12:23:06.847344,56.75,81.8,16.8,2400.027136,0.8487,0x0,20,1
2026-03-28T12:23:07.880390,56.2,84.7,16.9,2400.030464,0.8487,0x0,20,3
2026-03-28T12:23:08.907266,57.3,88.3,17.6,2400.030464,0.8487,0x0,20,1
2026-03-28T12:23:09.934887,56.75,88.2,17.9,2400.023808,0.8487,0x0,20,1
2026-03-28T12:23:10.963283,57.3,87.2,18.0,2400.02048,0.8487,0x0,20,3
2026-03-28T12:23:11.985664,55.65,86.2,18.2,2400.033792,0.8487,0x0,20,2
2026-03-28T12:23:13.015180,58.95,90.6,19.7,2400.03712,0.8487,0x0,20,1
2026-03-28T12:23:14.039677,56.75,93.6,21.3,2400.027136,0.8487,0x0,20,1
2026-03-28T12:23:15.069211,58.4,94.0,22.8,2400.033792,0.8487,0x0,20,1
2026-03-28T12:23:16.098828,57.85,88.8,21.3,2400.017408,0.8487,0x0,20,2
2026-03-28T12:23:17.129893,56.75,89.2,21.4,2400.033792,0.8487,0x0,20,3
2026-03-28T12:23:18.263306,57.3,87.4,21.0,2400.033792,0.8487,0x0,20,1
2026-03-28T12:23:19.292273,57.3,80.7,20.5,2400.030464,0.8487,0x0,20,2
2026-03-28T12:23:20.324157,57.3,77.5,20.2,2400.033792,0.8487,0x0,20,3
2026-03-28T12:23:21.342669,57.3,77.7,20.1,2400.027136,0.8487,0x0,20,1
2026-03-28T12:23:22.374205,58.4,88.3,20.0,2400.030464,0.8487,0x0,20,1
2026-03-28T12:23:23.396984,57.85,91.0,21.8,2400.030464,0.8487,0x0,20,1
2026-03-28T12:23:24.424060,58.4,89.1,22.7,2400.02048,0.8487,0x0,20,1
2026-03-28T12:23:25.452967,58.95,78.3,22.9,2400.033792,0.8487,0x0,20,1
2026-03-28T12:23:26.479844,58.4,87.7,23.3,2400.030464,0.8487,0x0,20,1
2026-03-28T12:23:27.507913,57.85,74.4,23.4,2400.027136,0.8487,0x0,20,1
2026-03-28T12:23:28.530480,57.85,74.1,23.0,2400.023808,0.8487,0x0,20,1
2026-03-28T12:23:29.563659,57.3,64.3,22.7,2400.017408,0.8487,0x0,20,0
2026-03-28T12:23:30.583059,56.75,53.9,22.4,2400.023808,0.8487,0x0,20,4
2026-03-28T12:23:31.606285,56.2,75.2,21.9,2400.030464,0.8487,0x0,20,1
2026-03-28T12:23:32.631531,58.4,92.8,23.4,2400.027136,0.8487,0x0,20,3
2026-03-28T12:23:33.650959,57.85,90.7,24.4,2400.033792,0.8487,0x0,20,0
2026-03-28T12:23:34.681140,56.75,62.5,22.8,2400.02048,0.8487,0x0,20,3
2026-03-28T12:23:35.706940,57.3,54.2,22.2,2400.03712,0.8487,0x0,20,1
2026-03-28T12:23:36.727142,58.95,70.5,21.8,2400.027136,0.8487,0x0,20,1
2026-03-28T12:23:37.748135,57.3,64.6,21.4,2400.030464,0.8487,0x0,20,1
2026-03-28T12:23:38.767541,56.2,51.0,21.0,2400.023808,0.8487,0x0,20,2
2026-03-28T12:23:39.788682,58.4,62.7,20.8,2400.03712,0.8487,0x0,20,1
2026-03-28T12:23:40.818886,57.85,72.1,20.8,2400.027136,0.8487,0x0,20,2
2026-03-28T12:23:41.840990,56.75,52.8,20.7,2400.027136,0.8487,0x0,20,1
2026-03-28T12:23:42.963810,57.85,59.1,20.6,2400.023808,0.8487,0x0,20,1
2026-03-28T12:23:43.984281,55.65,76.0,20.6,2400.02048,0.8487,0x0,20,1
2026-03-28T12:23:45.006923,56.2,65.6,18.2,2400.017408,0.8487,0x0,20,3
2026-03-28T12:23:46.041921,55.1,55.3,17.7,2400.017408,0.8487,0x0,20,1
2026-03-28T12:23:47.060632,59.5,71.9,17.7,2400.027136,0.8487,0x0,20,1
2026-03-28T12:23:48.084650,56.75,69.7,17.7,2400.027136,0.8487,0x0,20,3
2026-03-28T12:23:49.108696,58.4,78.1,17.7,2400.030464,0.8487,0x0,20,1
2026-03-28T12:23:50.134220,57.3,88.0,17.6,2400.02048,0.8487,0x0,20,0
2026-03-28T12:23:51.170343,58.4,81.8,17.5,2400.027136,0.8487,0x0,20,1
2026-03-28T12:23:52.198556,58.4,87.6,17.6,2400.023808,0.8487,0x0,20,1
2026-03-28T12:23:53.227849,58.4,87.6,18.5,2400.027136,0.8487,0x0,20,3
2026-03-28T12:23:54.257322,59.5,86.5,19.7,2400.033792,0.8487,0x0,20,3
2026-03-28T12:23:55.312382,57.85,93.7,21.9,2400.03712,0.8487,0x0,20,1
2026-03-28T12:23:56.339467,58.4,88.7,22.1,2400.030464,0.8487,0x0,20,1
2026-03-28T12:23:57.361792,58.95,74.2,22.0,2400.02048,0.8487,0x0,20,2
2026-03-28T12:23:58.387433,57.85,91.4,22.3,2400.027136,0.8487,0x0,20,1
2026-03-28T12:23:59.417590,60.05,89.9,22.4,2400.023808,0.8487,0x0,20,3
2026-03-28T12:24:00.442538,59.5,85.6,22.3,2400.033792,0.8487,0x0,20,1
2026-03-28T12:24:01.473678,58.95,91.7,22.6,2400.030464,0.8487,0x0,20,1
2026-03-28T12:24:02.601776,58.95,88.6,21.7,2400.027136,0.8487,0x0,20,1
2026-03-28T12:24:03.633863,57.85,90.2,21.7,2400.023808,0.8487,0x0,20,3
2026-03-28T12:24:04.764598,57.85,85.3,21.5,2400.033792,0.8487,0x0,20,1
2026-03-28T12:24:05.789367,58.4,85.7,21.3,2400.030464,0.8487,0x0,20,4
2026-03-28T12:24:06.817307,60.6,76.3,21.1,2400.033792,0.8487,0x0,20,5
2026-03-28T12:24:07.841601,58.95,70.0,20.9,2400.02048,0.8487,0x0,20,1
2026-03-28T12:24:08.862743,57.85,54.4,20.2,2400.027136,0.8487,0x0,20,1
2026-03-28T12:24:09.882464,57.85,55.5,19.8,2400.033792,0.8487,0x0,20,1
2026-03-28T12:24:10.902886,58.95,77.9,19.8,2400.030464,0.8487,0x0,20,2
2026-03-28T12:24:11.929854,58.4,57.2,19.5,2400.030464,0.8487,0x0,20,1
2026-03-28T12:24:13.055290,57.85,52.8,19.4,2400.03712,0.8487,0x0,20,1
2026-03-28T12:24:14.078354,58.4,71.8,19.6,2400.02048,0.8487,0x0,20,3
2026-03-28T12:24:15.103912,58.95,90.8,20.7,2400.033792,0.8487,0x0,20,3
2026-03-28T12:24:16.132189,58.4,87.9,20.8,2400.03712,0.8487,0x0,20,1
2026-03-28T12:24:17.158967,57.85,58.0,20.5,2400.027136,0.8487,0x0,20,2
2026-03-28T12:24:18.184343,58.4,58.2,19.9,2400.02048,0.8487,0x0,20,1
2026-03-28T12:24:19.211729,58.95,77.3,20.1,2400.023808,0.8487,0x0,20,3
2026-03-28T12:24:20.231277,57.85,54.9,19.9,2400.033792,0.8487,0x0,20,1
2026-03-28T12:24:21.253556,58.4,53.6,20.0,2400.02048,0.8487,0x0,20,0
2026-03-28T12:24:22.272123,60.05,72.5,19.9,2400.023808,0.8487,0x0,20,3
2026-03-28T12:24:23.292860,58.95,61.3,20.2,2400.02048,0.8487,0x0,20,1
2026-03-28T12:24:24.312185,58.4,52.6,20.3,2400.030464,0.8487,0x0,20,2
2026-03-28T12:24:25.337390,59.5,74.0,19.9,2400.027136,0.8487,0x0,20,3
2026-03-28T12:24:26.361880,58.95,78.6,19.6,2400.027136,0.8487,0x0,20,1
2026-03-28T12:24:27.381802,58.4,62.4,19.5,2400.033792,0.8487,0x0,20,1
2026-03-28T12:24:28.400659,57.3,52.1,19.5,2400.03712,0.8487,0x0,20,1
2026-03-28T12:24:29.420329,58.4,72.8,19.4,2400.023808,0.8487,0x0,20,1
2026-03-28T12:24:30.448344,58.95,68.0,19.4,2400.027136,0.8487,0x0,20,1
2026-03-28T12:24:31.471039,58.4,55.0,19.2,2400.030464,0.8487,0x0,20,0
2026-03-28T12:24:32.491483,59.5,57.8,19.0,2400.030464,0.8487,0x0,20,0
2026-03-28T12:24:33.512768,60.6,77.9,19.0,2400.030464,0.8487,0x0,20,2
2026-03-28T12:24:34.536840,57.85,53.2,19.0,2400.023808,0.8487,0x0,20,1
2026-03-28T12:24:35.558439,58.95,55.6,18.9,2400.02048,0.8487,0x0,20,2
2026-03-28T12:24:36.591860,58.4,80.0,19.0,2400.033792,0.8487,0x0,20,1
2026-03-28T12:24:37.614580,57.85,61.0,18.9,2400.033792,0.8487,0x0,20,1
2026-03-28T12:24:38.634922,57.85,53.1,19.3,2400.033792,0.8487,0x0,20,1
2026-03-28T12:24:39.654670,57.85,58.5,19.7,2400.02048,0.8487,0x0,21,1
2026-03-28T12:24:40.676003,59.5,74.1,19.7,2400.02048,0.8487,0x0,20,0
2026-03-28T12:24:41.700376,59.5,54.5,19.5,2400.033792,0.8487,0x0,20,2
2026-03-28T12:24:42.724317,58.4,54.0,19.2,2400.033792,0.8487,0x0,20,1
2026-03-28T12:24:43.746502,58.95,74.5,19.3,2400.03712,0.8487,0x0,20,0
2026-03-28T12:24:44.765878,58.95,61.4,19.3,2400.027136,0.8487,0x0,20,2
2026-03-28T12:24:45.786330,59.5,55.9,19.1,2400.030464,0.8487,0x0,20,3
2026-03-28T12:24:46.810025,59.5,62.8,19.2,2400.033792,0.8487,0x0,20,0
2026-03-28T12:24:47.834204,58.4,69.6,19.1,2400.033792,0.8487,0x0,20,3
2026-03-28T12:24:48.858406,58.4,54.8,19.1,2400.02048,0.8487,0x0,20,1
2026-03-28T12:24:49.881345,58.95,56.9,19.0,2400.033792,0.8487,0x0,20,3
2026-03-28T12:24:50.908673,58.95,78.7,19.2,2400.030464,0.8487,0x0,20,2
2026-03-28T12:24:51.930360,57.3,52.4,19.7,2400.030464,0.8487,0x0,20,2
2026-03-28T12:24:52.956522,57.85,51.5,19.6,2400.027136,0.8487,0x0,20,1
2026-03-28T12:24:53.975729,58.4,74.6,19.4,2400.023808,0.8487,0x0,20,2
2026-03-28T12:24:54.997467,57.85,65.6,19.3,2400.033792,0.8487,0x0,20,3
2026-03-28T12:24:56.015249,57.3,54.2,19.2,2400.033792,0.8487,0x0,20,3
2026-03-28T12:24:57.034812,57.85,59.3,19.3,2400.023808,0.8487,0x0,20,2
2026-03-28T12:24:58.059638,57.3,75.9,19.3,2400.017408,0.8487,0x0,20,3
2026-03-28T12:24:59.079639,58.95,53.4,19.1,2400.017408,0.8487,0x0,20,1
2026-03-28T12:25:00.100671,59.5,56.9,19.2,2400.030464,0.8487,0x0,20,3
2026-03-28T12:25:01.125246,58.4,76.5,19.2,2400.023808,0.8487,0x0,20,1
2026-03-28T12:25:02.252192,57.85,57.9,19.6,2400.027136,0.8487,0x0,20,1
2026-03-28T12:25:03.271556,58.95,54.1,19.6,2400.030464,0.8487,0x0,20,1
2026-03-28T12:25:04.293610,59.5,69.8,19.6,2400.027136,0.8487,0x0,20,1
2026-03-28T12:25:05.316034,57.85,66.0,19.6,2400.027136,0.8487,0x0,20,3
2026-03-28T12:25:06.333920,57.3,54.3,19.2,2400.02048,0.8487,0x0,20,3
2026-03-28T12:25:07.353151,58.4,59.0,19.1,2400.033792,0.8487,0x0,20,1
2026-03-28T12:25:08.374958,59.5,76.3,19.2,2400.02048,0.8487,0x0,20,1
2026-03-28T12:25:09.394210,56.2,54.3,19.1,2400.02048,0.8487,0x0,20,2
2026-03-28T12:25:10.421376,56.75,53.5,18.9,2400.033792,0.8487,0x0,20,2
2026-03-28T12:25:11.446848,58.95,75.0,19.1,2400.02048,0.8487,0x0,20,2
2026-03-28T12:25:12.474980,57.3,60.3,19.0,2400.023808,0.8487,0x0,20,3
2026-03-28T12:25:13.495452,57.3,53.3,18.9,2400.033792,0.8487,0x0,20,1
2026-03-28T12:25:14.521466,58.4,65.1,19.1,2400.030464,0.8487,0x0,20,2
2026-03-28T12:25:15.548117,57.85,71.7,19.0,2400.027136,0.8487,0x0,20,1
2026-03-28T12:25:16.566340,58.95,53.2,18.9,2400.033792,0.8487,0x0,20,1
2026-03-28T12:25:17.586574,56.75,57.0,18.9,2400.023808,0.8487,0x0,20,1
2026-03-28T12:25:18.614536,58.4,81.7,19.0,2400.023808,0.8487,0x0,20,1
2026-03-28T12:25:19.637329,56.75,54.1,18.9,2400.030464,0.8487,0x0,20,1
2026-03-28T12:25:20.658034,56.75,55.7,18.9,2400.023808,0.8487,0x0,20,5
2026-03-28T12:25:21.681063,59.5,67.6,18.9,2400.030464,0.8487,0x0,20,1
2026-03-28T12:25:22.700418,56.2,65.8,19.1,2400.02048,0.8487,0x0,20,2
2026-03-28T12:25:23.720290,58.4,54.0,19.2,2400.02048,0.8487,0x0,20,1
2026-03-28T12:25:24.741758,57.85,59.1,19.4,2400.023808,0.8487,0x0,20,1
2026-03-28T12:25:25.837063,57.85,73.3,19.2,2400.023808,0.8487,0x0,20,5
2026-03-28T12:25:26.856009,57.85,53.2,19.4,2400.03712,0.8487,0x0,20,1
2026-03-28T12:25:27.877068,56.75,55.4,19.2,2400.027136,0.8487,0x0,20,3
2026-03-28T12:25:28.899731,57.85,76.6,19.3,2400.030464,0.8487,0x0,20,1
2026-03-28T12:25:29.918773,57.3,59.5,19.2,2400.030464,0.8487,0x0,20,1
2026-03-28T12:25:30.938016,57.3,54.9,19.1,2400.033792,0.8487,0x0,20,2
2026-03-28T12:25:31.956419,55.65,64.6,19.1,2400.023808,0.8487,0x0,20,1
2026-03-28T12:25:32.982504,58.4,69.0,19.1,2400.033792,0.8487,0x0,20,2
2026-03-28T12:25:34.008277,57.3,71.8,18.9,2400.027136,0.8487,0x0,20,2
2026-03-28T12:25:35.032370,55.65,55.4,18.8,2400.033792,0.8487,0x0,20,1
2026-03-28T12:25:36.054286,59.5,78.6,19.0,2400.017408,0.8487,0x0,20,1
2026-03-28T12:25:37.174921,56.75,55.4,19.2,2400.02048,0.8487,0x0,20,1
2026-03-28T12:25:38.193080,56.2,52.0,19.2,2400.02048,0.8487,0x0,20,4
2026-03-28T12:25:39.214462,60.05,73.3,19.4,2400.02048,0.8487,0x0,20,1
2026-03-28T12:25:40.234790,57.85,64.3,19.1,2400.017408,0.8487,0x0,20,1
2026-03-28T12:25:41.254802,58.4,52.4,19.1,2400.027136,0.8487,0x0,20,3
2026-03-28T12:25:42.274173,57.85,60.8,19.1,2400.027136,0.8487,0x0,20,2
2026-03-28T12:25:43.295642,58.95,75.9,19.0,2400.023808,0.8487,0x0,20,1
2026-03-28T12:25:44.315216,57.3,51.6,19.1,2400.027136,0.8487,0x0,20,1
2026-03-28T12:25:45.337735,57.3,60.9,18.9,2400.030464,0.8487,0x0,20,2
2026-03-28T12:25:46.366959,57.3,75.2,19.2,2400.030464,0.8487,0x0,20,2
2026-03-28T12:25:47.394982,57.3,57.0,19.1,2400.033792,0.8487,0x0,20,1
2026-03-28T12:25:48.420191,56.75,54.3,18.8,2400.033792,0.8487,0x0,20,1
2026-03-28T12:25:49.440435,57.85,63.7,18.8,2400.033792,0.8487,0x0,20,1
2026-03-28T12:25:50.472333,58.4,69.2,18.7,2400.023808,0.8487,0x0,20,2
2026-03-28T12:25:51.496175,56.75,55.6,18.7,2400.033792,0.8487,0x0,20,2
2026-03-28T12:25:52.517813,57.85,56.8,18.9,2400.030464,0.8487,0x0,20,2
2026-03-28T12:25:53.536615,57.3,77.0,18.8,2400.027136,0.8487,0x0,20,1
2026-03-28T12:25:54.563308,57.3,54.2,18.7,2400.02048,0.8487,0x0,20,4
2026-03-28T12:25:55.590131,55.65,53.6,18.8,2400.033792,0.8487,0x0,20,2
2026-03-28T12:25:56.612354,57.85,73.4,19.0,2400.033792,0.8487,0x0,20,2
2026-03-28T12:25:57.639296,57.85,60.2,19.1,2400.030464,0.8487,0x0,20,2
2026-03-28T12:25:58.664990,57.85,54.7,19.0,2400.023808,0.8487,0x0,20,1
2026-03-28T12:25:59.686950,57.3,64.5,19.1,2400.033792,0.8487,0x0,20,1
2026-03-28T12:26:00.813221,56.75,69.7,19.5,2400.02048,0.8487,0x0,20,1
2026-03-28T12:26:01.930874,56.2,53.2,19.1,2400.027136,0.8487,0x0,20,1
2026-03-28T12:26:02.951176,57.3,58.7,19.0,2400.030464,0.8487,0x0,20,2
2026-03-28T12:26:03.972793,57.3,77.4,18.8,2400.027136,0.8487,0x0,20,1
2026-03-28T12:26:04.992311,57.3,54.8,19.2,2400.02048,0.8487,0x0,20,3
2026-03-28T12:26:06.011700,56.2,55.2,19.1,2400.023808,0.8487,0x0,20,1
2026-03-28T12:26:07.032670,57.85,77.8,19.1,2400.023808,0.8487,0x0,20,2
2026-03-28T12:26:08.057813,57.3,56.8,19.2,2400.02048,0.8487,0x0,20,3
2026-03-28T12:26:09.077232,56.2,53.0,19.2,2400.033792,0.8487,0x0,20,1
2026-03-28T12:26:10.100655,57.3,73.6,19.2,2400.033792,0.8487,0x0,21,1
2026-03-28T12:26:11.129624,56.75,67.9,19.0,2400.033792,0.8487,0x0,20,2
2026-03-28T12:26:12.155300,56.75,54.2,18.8,2400.033792,0.8487,0x0,20,1
2026-03-28T12:26:13.177460,57.3,59.3,18.9,2400.030464,0.8487,0x0,20,1
2026-03-28T12:26:14.200951,57.85,76.6,18.9,2400.030464,0.8487,0x0,20,1
2026-03-28T12:26:15.226953,57.85,55.1,18.7,2400.02048,0.8487,0x0,20,1
2026-03-28T12:26:16.246249,57.85,53.3,18.6,2400.033792,0.8487,0x0,20,4
2026-03-28T12:26:17.273493,56.75,72.9,19.1,2400.023808,0.8487,0x0,20,1
2026-03-28T12:26:18.297928,57.85,60.0,19.0,2400.02048,0.8487,0x0,20,1
2026-03-28T12:26:19.320446,57.3,54.7,18.9,2400.030464,0.8487,0x0,20,3
2026-03-28T12:26:20.345481,58.95,64.6,18.8,2400.02048,0.8487,0x0,20,1
2026-03-28T12:26:21.366370,55.65,69.7,19.1,2400.023808,0.8487,0x0,20,1
2026-03-28T12:26:22.385597,56.75,52.8,19.4,2400.033792,0.8487,0x0,20,4
2026-03-28T12:26:23.409502,55.65,56.6,19.3,2400.030464,0.8487,0x0,20,3
2026-03-28T12:26:24.429053,57.3,78.8,19.4,2400.027136,0.8487,0x0,20,2
2026-03-28T12:26:25.447611,57.85,55.4,19.4,2400.030464,0.8487,0x0,20,1
2026-03-28T12:26:26.465562,56.2,54.1,19.2,2400.027136,0.8487,0x0,20,1
2026-03-28T12:26:27.488680,56.75,70.8,19.1,2400.02048,0.8487,0x0,20,1
2026-03-28T12:26:28.513402,57.85,65.9,19.0,2400.030464,0.8487,0x0,20,1
2026-03-28T12:26:29.635602,56.75,53.4,19.2,2400.02048,0.8487,0x0,20,3
2026-03-28T12:26:30.659287,57.3,65.3,18.9,2400.027136,0.8487,0x0,20,4
2026-03-28T12:26:31.780404,56.2,68.9,18.7,2400.023808,0.8487,0x0,20,1
2026-03-28T12:26:32.801964,56.75,54.2,18.7,2400.030464,0.8487,0x0,20,1
2026-03-28T12:26:33.822147,58.95,57.9,19.1,2400.03712,0.8487,0x0,20,4
2026-03-28T12:26:34.845546,58.4,80.3,19.3,2400.03712,0.8487,0x0,20,2
2026-03-28T12:26:35.863800,57.85,54.4,19.3,2400.03712,0.8487,0x0,20,3
2026-03-28T12:26:36.884808,56.75,52.9,19.3,2400.030464,0.8487,0x0,20,1
2026-03-28T12:26:37.903578,57.3,69.4,19.3,2400.023808,0.8487,0x0,20,1
2026-03-28T12:26:38.925862,56.75,66.0,19.3,2400.03712,0.8487,0x0,20,1
2026-03-28T12:26:39.946400,56.2,53.5,19.3,2400.023808,0.8487,0x0,20,4
2026-03-28T12:26:40.968351,57.3,58.5,19.1,2400.023808,0.8487,0x0,20,1
2026-03-28T12:26:41.991402,55.1,76.0,19.1,2400.033792,0.8487,0x0,20,1
2026-03-28T12:26:43.011189,56.75,51.1,19.0,2400.02048,0.8487,0x0,20,2
2026-03-28T12:26:44.030135,57.3,54.4,18.9,2400.023808,0.8487,0x0,20,2
2026-03-28T12:26:45.050285,57.3,76.2,18.9,2400.023808,0.8487,0x0,20,3
2026-03-28T12:26:46.086639,55.1,57.9,19.1,2400.033792,0.8487,0x0,20,2
2026-03-28T12:26:47.109868,57.3,53.3,19.1,2400.017408,0.8487,0x0,20,1
2026-03-28T12:26:48.131953,56.75,66.7,19.3,2400.027136,0.8487,0x0,20,1
2026-03-28T12:26:49.155617,57.3,68.4,19.2,2400.017408,0.8487,0x0,20,1
2026-03-28T12:26:50.177469,56.2,53.7,19.2,2400.023808,0.8487,0x0,20,2
2026-03-28T12:26:51.198432,57.85,58.7,19.2,2400.023808,0.8487,0x0,20,1
2026-03-28T12:26:52.221769,57.3,75.4,19.0,2400.027136,0.8487,0x0,20,1
2026-03-28T12:26:53.244164,57.85,52.8,18.9,2400.030464,0.8487,0x0,20,1
2026-03-28T12:26:54.266969,57.85,53.8,18.9,2400.030464,0.8487,0x0,20,1
2026-03-28T12:26:55.285285,56.75,73.5,19.0,2400.033792,0.8487,0x0,20,3
2026-03-28T12:26:56.307701,56.75,59.8,18.8,2400.023808,0.8487,0x0,20,1
2026-03-28T12:26:57.326554,56.2,53.4,18.9,2400.02048,0.8487,0x0,20,1
2026-03-28T12:26:58.345630,56.75,60.7,19.2,2400.023808,0.8487,0x0,20,1
2026-03-28T12:26:59.366081,58.4,73.3,19.1,2400.033792,0.8487,0x0,20,1
2026-03-28T12:27:00.386683,56.2,55.3,19.0,2400.027136,0.8487,0x0,20,4
2026-03-28T12:27:01.407067,56.75,59.1,19.2,2400.023808,0.8487,0x0,20,3
2026-03-28T12:27:02.427249,57.85,74.8,19.0,2400.02048,0.8487,0x0,20,1
2026-03-28T12:27:03.464809,55.1,59.2,18.8,2400.033792,0.8487,0x0,20,2
2026-03-28T12:27:04.491066,56.75,54.3,19.1,2400.02048,0.8487,0x0,20,1
2026-03-28T12:27:05.514604,57.85,66.1,19.3,2400.033792,0.8487,0x0,20,1
2026-03-28T12:27:06.542338,57.3,67.8,19.1,2400.030464,0.8487,0x0,20,3
2026-03-28T12:27:07.564192,56.75,53.9,18.8,2400.030464,0.8487,0x0,20,4
2026-03-28T12:27:08.590995,57.85,56.9,18.7,2400.02048,0.8487,0x0,20,1
2026-03-28T12:27:09.614744,57.85,76.4,18.7,2400.033792,0.8487,0x0,20,4
2026-03-28T12:27:10.636836,56.75,54.0,18.7,2400.023808,0.8487,0x0,20,3
2026-03-28T12:27:11.666983,57.3,51.4,18.6,2400.030464,0.8487,0x0,20,3
2026-03-28T12:27:12.685552,58.95,74.2,18.9,2400.030464,0.8487,0x0,20,1
2026-03-28T12:27:13.710858,58.4,60.0,19.0,2400.027136,0.8487,0x0,20,3
2026-03-28T12:27:14.733698,56.2,53.7,18.9,2400.030464,0.8487,0x0,20,3
2026-03-28T12:27:15.758938,60.05,64.3,19.0,2400.02048,0.8487,0x0,20,4
2026-03-28T12:27:16.786563,58.4,71.6,18.8,2400.027136,0.8487,0x0,20,3
2026-03-28T12:27:17.806871,58.4,53.4,18.7,2400.03712,0.8487,0x0,20,3
2026-03-28T12:27:18.843507,57.85,57.0,18.7,2400.023808,0.8487,0x0,20,2
2026-03-28T12:27:19.868050,58.95,78.8,18.7,2400.023808,0.8487,0x0,20,1
2026-03-28T12:27:20.888547,58.4,54.1,19.1,2400.030464,0.8487,0x0,20,1
2026-03-28T12:27:21.908447,58.4,52.2,19.4,2400.030464,0.8487,0x0,20,1
2026-03-28T12:27:22.930646,57.85,71.1,19.7,2400.027136,0.8487,0x0,20,1
2026-03-28T12:27:23.949403,57.3,63.5,19.5,2400.030464,0.8487,0x0,20,1
2026-03-28T12:27:24.973514,57.3,55.8,19.5,2400.027136,0.8487,0x0,20,1
2026-03-28T12:27:25.993012,57.85,66.8,19.3,2400.027136,0.8487,0x0,20,3
2026-03-28T12:27:27.016336,57.85,73.5,19.1,2400.033792,0.8487,0x0,20,1
2026-03-28T12:27:28.041980,57.3,52.4,18.9,2400.030464,0.8487,0x0,20,3
2026-03-28T12:27:29.064603,57.3,53.3,18.9,2400.03712,0.8487,0x0,20,1
2026-03-28T12:27:30.086106,58.4,76.7,19.0,2400.02048,0.8487,0x0,20,2
2026-03-28T12:27:31.112496,57.85,57.3,19.0,2400.030464,0.8487,0x0,20,3
2026-03-28T12:27:32.137122,56.75,52.7,18.9,2400.027136,0.8487,0x0,20,1
2026-03-28T12:27:33.160667,58.4,66.2,18.8,2400.033792,0.8487,0x0,20,2
2026-03-28T12:27:34.188688,57.3,69.1,18.8,2400.027136,0.8487,0x0,20,1
2026-03-28T12:27:35.208777,58.4,55.1,19.1,2400.023808,0.8487,0x0,20,1
2026-03-28T12:27:36.227237,58.4,57.4,18.9,2400.02048,0.8487,0x0,20,1
2026-03-28T12:27:37.245927,58.4,77.7,19.2,2400.033792,0.8487,0x0,20,1
2026-03-28T12:27:38.263286,60.05,53.9,19.0,2400.033792,0.8487,0x0,20,1
2026-03-28T12:27:39.282773,58.4,55.8,18.9,2400.023808,0.8487,0x0,20,1
2026-03-28T12:27:40.301900,58.95,75.3,18.8,2400.02048,0.8487,0x0,20,2
2026-03-28T12:27:41.328098,57.85,62.1,18.7,2400.02048,0.8487,0x0,20,3
2026-03-28T12:27:42.347975,57.85,53.7,18.8,2400.033792,0.8487,0x0,20,1
2026-03-28T12:27:43.365918,58.4,61.1,18.7,2400.030464,0.8487,0x0,20,1
2026-03-28T12:27:44.387023,57.85,72.8,18.7,2400.030464,0.8487,0x0,20,2
2026-03-28T12:27:45.409406,58.95,54.0,19.1,2400.033792,0.8487,0x0,20,3
2026-03-28T12:27:46.431524,57.85,55.5,19.4,2400.02048,0.8487,0x0,20,1
2026-03-28T12:27:47.454282,60.6,77.9,19.5,2400.03712,0.8487,0x0,20,2
2026-03-28T12:27:48.479335,58.4,54.8,19.4,2400.030464,0.8487,0x0,20,2
2026-03-28T12:27:49.500280,56.75,51.8,19.2,2400.017408,0.8487,0x0,20,1
2026-03-28T12:27:50.519071,57.85,69.8,19.3,2400.02048,0.8487,0x0,20,1
2026-03-28T12:27:51.539135,58.4,73.6,19.3,2400.03712,0.8487,0x0,20,1
2026-03-28T12:27:52.561430,58.4,53.3,19.2,2400.027136,0.8487,0x0,20,1
2026-03-28T12:27:53.585584,58.4,58.5,19.4,2400.023808,0.8487,0x0,20,1
2026-03-28T12:27:54.607968,57.85,75.4,19.1,2400.030464,0.8487,0x0,20,0
2026-03-28T12:27:55.628263,58.4,54.8,18.9,2400.030464,0.8487,0x0,20,2
2026-03-28T12:27:56.648691,59.5,70.0,19.4,2400.023808,0.8487,0x0,20,1
2026-03-28T12:27:57.670613,58.95,80.0,19.5,2400.023808,0.8487,0x0,20,2
2026-03-28T12:27:58.697632,60.05,83.5,19.5,2400.027136,0.8487,0x0,20,1
2026-03-28T12:27:59.719304,58.4,77.4,20.0,2400.023808,0.8487,0x0,20,1
2026-03-28T12:28:00.742586,57.3,65.5,20.0,2400.017408,0.8487,0x0,20,3
2026-03-28T12:28:01.762484,58.4,63.7,19.8,2400.023808,0.8487,0x0,20,1
2026-03-28T12:28:02.803403,58.95,69.2,19.6,2400.03712,0.8487,0x0,20,1
2026-03-28T12:28:03.825646,57.3,56.0,19.5,2400.02048,0.8487,0x0,20,4
2026-03-28T12:28:04.849984,57.85,57.4,19.3,2400.030464,0.8487,0x0,20,1
2026-03-28T12:28:05.873788,57.85,77.1,19.6,2400.023808,0.8487,0x0,20,1
2026-03-28T12:28:06.901122,57.3,55.7,19.5,2400.030464,0.8487,0x0,20,2
2026-03-28T12:28:07.926047,57.3,53.9,19.6,2400.02048,0.8487,0x0,20,1
2026-03-28T12:28:08.951639,57.85,75.7,19.5,2400.033792,0.8487,0x0,20,3
2026-03-28T12:28:09.983724,58.4,58.5,19.5,2400.02048,0.8487,0x0,20,0
2026-03-28T12:28:11.007937,57.3,54.6,19.4,2400.03712,0.8487,0x0,20,2
2026-03-28T12:28:12.030699,57.85,68.8,19.3,2400.033792,0.8487,0x0,20,2
2026-03-28T12:28:13.048702,58.4,73.8,19.2,2400.03712,0.8487,0x0,20,3
2026-03-28T12:28:14.069082,57.3,53.2,19.6,2400.030464,0.8487,0x0,20,3
2026-03-28T12:28:15.087655,57.85,55.5,19.7,2400.033792,0.8487,0x0,20,1
2026-03-28T12:28:16.107972,57.85,78.1,19.5,2400.027136,0.8487,0x0,20,1
2026-03-28T12:28:17.134561,57.85,55.1,19.5,2400.027136,0.8487,0x0,20,2
2026-03-28T12:28:18.157752,57.85,50.9,19.5,2400.027136,0.8487,0x0,20,1
2026-03-28T12:28:19.176507,58.95,72.8,19.6,2400.033792,0.8487,0x0,20,1
2026-03-28T12:28:20.202474,56.75,68.9,19.3,2400.02048,0.8487,0x0,20,1
2026-03-28T12:28:21.225893,57.85,54.6,19.4,2400.017408,0.8487,0x0,20,1
2026-03-28T12:28:22.246890,58.4,55.5,19.6,2400.033792,0.8487,0x0,20,2
2026-03-28T12:28:23.266008,58.4,79.1,19.7,2400.033792,0.8487,0x0,20,2
2026-03-28T12:28:24.288678,58.4,54.7,19.5,2400.030464,0.8487,0x0,20,1
2026-03-28T12:28:25.306877,56.75,54.2,19.4,2400.023808,0.8487,0x0,20,1
2026-03-28T12:28:26.327782,58.95,69.8,19.1,2400.027136,0.8487,0x0,20,2
2026-03-28T12:28:27.346481,56.75,65.5,19.0,2400.033792,0.8487,0x0,20,3
2026-03-28T12:28:28.364359,57.3,53.1,19.2,2400.02048,0.8487,0x0,20,1
2026-03-28T12:28:29.384489,57.3,58.6,19.2,2400.023808,0.8487,0x0,20,1
2026-03-28T12:28:30.409360,58.95,76.9,19.2,2400.033792,0.8487,0x0,20,1
2026-03-28T12:28:31.427881,57.3,54.9,19.0,2400.023808,0.8487,0x0,20,2
2026-03-28T12:28:32.449347,56.75,54.3,18.9,2400.033792,0.8487,0x0,20,2
2026-03-28T12:28:33.468723,58.4,78.3,19.0,2400.030464,0.8487,0x0,20,1
2026-03-28T12:28:34.490431,56.2,58.6,19.1,2400.02048,0.8487,0x0,20,3
2026-03-28T12:28:35.512308,56.75,55.1,19.2,2400.023808,0.8487,0x0,20,1
2026-03-28T12:28:36.619259,57.3,67.7,19.1,2400.027136,0.8487,0x0,20,4
2026-03-28T12:28:37.642416,56.75,66.2,19.0,2400.027136,0.8487,0x0,20,1
2026-03-28T12:28:38.666198,56.75,51.9,19.2,2400.027136,0.8487,0x0,20,0
2026-03-28T12:28:39.687799,57.3,58.2,19.2,2400.03712,0.8487,0x0,20,2
2026-03-28T12:28:40.705498,58.95,75.7,19.5,2400.030464,0.8487,0x0,20,3
2026-03-28T12:28:41.732711,56.2,53.5,19.2,2400.033792,0.8487,0x0,20,3
2026-03-28T12:28:42.762966,58.4,53.7,19.1,2400.02048,0.8487,0x0,20,1
2026-03-28T12:28:43.820696,57.85,79.9,19.0,2400.033792,0.8487,0x0,20,1
2026-03-28T12:28:44.842057,57.85,58.3,19.1,2400.02048,0.8487,0x0,20,1
2026-03-28T12:28:45.863320,56.75,55.3,19.2,2400.03712,0.8487,0x0,20,3
2026-03-28T12:28:46.884518,58.4,62.7,19.0,2400.023808,0.8487,0x0,20,2
2026-03-28T12:28:47.916392,57.85,72.3,19.0,2400.02048,0.8487,0x0,20,4
2026-03-28T12:28:48.936470,56.75,54.6,18.9,2400.030464,0.8487,0x0,20,1
2026-03-28T12:28:49.953704,56.2,55.6,18.8,2400.033792,0.8487,0x0,20,1
2026-03-28T12:28:50.977432,57.85,80.3,18.8,2400.033792,0.8487,0x0,20,0
2026-03-28T12:28:52.005408,56.2,55.3,18.9,2400.023808,0.8487,0x0,20,1
2026-03-28T12:28:53.025426,56.75,53.2,19.2,2400.033792,0.8487,0x0,20,1
2026-03-28T12:28:54.046508,59.5,69.2,18.8,2400.030464,0.8487,0x0,20,1
2026-03-28T12:28:55.070748,57.85,65.8,19.1,2400.03712,0.8487,0x0,20,3
2026-03-28T12:28:56.090820,57.85,54.1,19.0,2400.030464,0.8487,0x0,20,1
2026-03-28T12:28:57.114935,56.75,59.1,18.9,2400.02048,0.8487,0x0,20,4
2026-03-28T12:28:58.136083,57.85,75.6,18.9,2400.03712,0.8487,0x0,20,3
2026-03-28T12:28:59.166979,56.75,52.5,19.0,2400.030464,0.8487,0x0,20,1
2026-03-28T12:29:00.187871,56.75,56.3,18.9,2400.030464,0.8487,0x0,20,3
2026-03-28T12:29:01.210225,57.85,77.0,18.9,2400.027136,0.8487,0x0,20,2
2026-03-28T12:29:02.231473,57.3,57.8,18.8,2400.033792,0.8487,0x0,20,1
2026-03-28T12:29:03.260659,56.75,52.7,18.8,2400.02048,0.8487,0x0,20,1
2026-03-28T12:29:04.384530,58.4,67.2,18.8,2400.030464,0.8487,0x0,20,1
2026-03-28T12:29:05.413185,57.3,66.9,19.0,2400.027136,0.8487,0x0,20,1
2026-03-28T12:29:06.436823,56.75,54.4,19.4,2400.030464,0.8487,0x0,20,3
2026-03-28T12:29:07.458385,59.5,58.9,19.4,2400.03712,0.8487,0x0,20,2
2026-03-28T12:29:08.476463,57.3,74.9,19.3,2400.027136,0.8487,0x0,20,1
2026-03-28T12:29:09.503727,57.3,54.0,19.3,2400.030464,0.8487,0x0,20,1
2026-03-28T12:29:10.526429,57.3,56.8,19.4,2400.027136,0.8487,0x0,20,2
2026-03-28T12:29:11.559102,57.3,80.9,19.4,2400.023808,0.8487,0x0,20,1
2026-03-28T12:29:12.584816,56.75,57.5,19.5,2400.023808,0.8487,0x0,20,2
2026-03-28T12:29:13.605732,57.85,54.3,19.3,2400.033792,0.8487,0x0,20,3
2026-03-28T12:29:14.625652,56.75,63.1,19.2,2400.03712,0.8487,0x0,20,2
2026-03-28T12:29:15.656271,57.85,71.5,19.0,2400.017408,0.8487,0x0,20,3
2026-03-28T12:29:16.685001,56.75,52.7,19.1,2400.02048,0.8487,0x0,20,2
2026-03-28T12:29:17.705118,56.75,54.7,19.0,2400.023808,0.8487,0x0,20,1
2026-03-28T12:29:18.727996,59.5,77.9,18.9,2400.030464,0.8487,0x0,20,2
2026-03-28T12:29:19.751315,57.3,55.4,18.9,2400.027136,0.8487,0x0,20,1
2026-03-28T12:29:20.772880,56.2,56.3,18.9,2400.03712,0.8487,0x0,20,1
2026-03-28T12:29:21.794459,56.75,68.7,18.8,2400.030464,0.8487,0x0,20,3
2026-03-28T12:29:22.822871,57.85,64.6,19.0,2400.023808,0.8487,0x0,20,3
2026-03-28T12:29:23.842460,56.75,52.5,19.3,2400.033792,0.8487,0x0,20,1
2026-03-28T12:29:24.864408,55.65,58.3,19.5,2400.02048,0.8487,0x0,20,1
2026-03-28T12:29:25.889451,57.85,75.3,19.8,2400.033792,0.8487,0x0,20,1
2026-03-28T12:29:26.913593,57.85,55.2,19.6,2400.027136,0.8487,0x0,20,2
2026-03-28T12:29:27.943425,57.85,55.1,19.5,2400.027136,0.8487,0x0,20,2
2026-03-28T12:29:28.965819,57.85,76.3,19.3,2400.027136,0.8487,0x0,20,1
2026-03-28T12:29:29.986626,56.75,58.9,19.1,2400.027136,0.8487,0x0,20,1
2026-03-28T12:29:31.007142,56.2,53.9,19.5,2400.023808,0.8487,0x0,20,3
2026-03-28T12:29:32.029402,57.3,64.4,19.3,2400.023808,0.8487,0x0,20,0
2026-03-28T12:29:33.050950,57.3,71.7,19.2,2400.027136,0.8487,0x0,20,2
2026-03-28T12:29:34.073162,55.65,53.0,19.3,2400.023808,0.8487,0x0,20,1
2026-03-28T12:29:35.092996,56.75,56.1,19.2,2400.02048,0.8487,0x0,20,3
2026-03-28T12:29:36.114314,58.4,83.1,19.3,2400.030464,0.8487,0x0,20,3
2026-03-28T12:29:37.138571,56.2,54.0,19.2,2400.033792,0.8487,0x0,20,1
2026-03-28T12:29:38.161211,56.75,51.4,19.1,2400.030464,0.8487,0x0,20,2
2026-03-28T12:29:39.180065,57.85,66.3,19.2,2400.033792,0.8487,0x0,20,1
2026-03-28T12:29:40.206266,56.2,69.0,19.0,2400.027136,0.8487,0x0,20,1
2026-03-28T12:29:41.226551,57.3,53.9,19.0,2400.03712,0.8487,0x0,21,3
2026-03-28T12:29:42.245276,56.75,57.7,18.8,2400.03712,0.8487,0x0,20,1
2026-03-28T12:29:43.266941,57.3,76.2,18.8,2400.033792,0.8487,0x0,20,2
2026-03-28T12:29:44.287014,56.2,52.8,18.7,2400.030464,0.8487,0x0,20,1
2026-03-28T12:29:45.311651,56.2,55.1,18.7,2400.03712,0.8487,0x0,20,1
2026-03-28T12:29:46.331601,58.4,73.0,18.8,2400.027136,0.8487,0x0,20,2
2026-03-28T12:29:47.354937,57.3,61.3,19.2,2400.02048,0.8487,0x0,20,1
2026-03-28T12:29:48.373402,56.75,53.1,19.3,2400.023808,0.8487,0x0,20,1
2026-03-28T12:29:49.398624,57.3,61.0,19.1,2400.027136,0.8487,0x0,20,2
2026-03-28T12:29:50.426079,56.75,73.5,19.2,2400.027136,0.8487,0x0,20,1
2026-03-28T12:29:51.445123,56.75,53.7,19.2,2400.030464,0.8487,0x0,20,1
2026-03-28T12:29:52.465325,56.75,53.3,18.9,2400.033792,0.8487,0x0,20,1
2026-03-28T12:29:53.487220,57.3,77.2,19.1,2400.030464,0.8487,0x0,20,1
2026-03-28T12:29:54.505892,56.75,57.9,19.0,2400.030464,0.8487,0x0,20,2
2026-03-28T12:29:55.528485,56.2,54.7,18.8,2400.023808,0.8487,0x0,20,3
2026-03-28T12:29:56.551126,58.4,66.5,18.7,2400.030464,0.8487,0x0,20,1
2026-03-28T12:29:57.571419,56.75,68.6,18.7,2400.030464,0.8487,0x0,20,3
2026-03-28T12:29:58.598199,56.75,52.8,18.7,2400.023808,0.8487,0x0,20,1
2026-03-28T12:29:59.618500,56.75,58.7,18.7,2400.02048,0.8487,0x0,20,1
2026-03-28T12:30:00.638429,56.75,82.5,18.7,2400.023808,0.8487,0x0,20,1
2026-03-28T12:30:01.657378,56.2,51.9,18.6,2400.023808,0.8487,0x0,20,3
2026-03-28T12:30:02.681002,56.2,52.3,18.7,2400.023808,0.8487,0x0,20,1
2026-03-28T12:30:03.802981,56.75,73.5,18.7,2400.030464,0.8487,0x0,20,2
2026-03-28T12:30:04.828947,57.3,58.0,18.7,2400.03712,0.8487,0x0,20,1
2026-03-28T12:30:05.860571,55.65,57.1,18.6,2400.02048,0.8487,0x0,20,1
2026-03-28T12:30:06.878929,56.75,65.5,18.6,2400.023808,0.8487,0x0,20,1
2026-03-28T12:30:07.899723,57.3,69.4,18.7,2400.030464,0.8487,0x0,20,3
2026-03-28T12:30:08.920925,56.75,53.4,18.6,2400.02048,0.8487,0x0,20,1
2026-03-28T12:30:09.941274,56.2,57.0,18.6,2400.02048,0.8487,0x0,20,3
2026-03-28T12:30:10.967275,58.95,78.8,19.1,2400.023808,0.8487,0x0,20,1
2026-03-28T12:30:11.991822,56.75,53.6,19.3,2400.02048,0.8487,0x0,21,1
2026-03-28T12:30:13.012997,57.85,52.4,19.6,2400.027136,0.8487,0x0,21,3
2026-03-28T12:30:14.041794,57.3,70.1,19.5,2400.033792,0.8487,0x0,21,3
2026-03-28T12:30:15.064749,56.2,64.4,19.0,2400.033792,0.8487,0x0,21,3
2026-03-28T12:30:16.085419,56.2,53.6,19.2,2400.030464,0.8487,0x0,21,3
2026-03-28T12:30:17.106635,57.85,59.1,19.1,2400.030464,0.8487,0x0,20,3
2026-03-28T12:30:18.127826,57.3,75.0,19.0,2400.023808,0.8487,0x0,20,1
2026-03-28T12:30:19.146879,56.75,54.7,18.8,2400.030464,0.8487,0x0,20,1
2026-03-28T12:30:20.167000,57.3,55.6,18.9,2400.033792,0.8487,0x0,20,1
2026-03-28T12:30:21.191397,56.75,75.6,19.0,2400.033792,0.8487,0x0,20,1
2026-03-28T12:30:22.319454,57.3,57.8,18.7,2400.02048,0.8487,0x0,20,1
2026-03-28T12:30:23.339820,56.2,55.0,18.7,2400.030464,0.8487,0x0,20,1
2026-03-28T12:30:24.358774,57.3,69.5,18.7,2400.033792,0.8487,0x0,20,2
2026-03-28T12:30:25.381132,56.75,67.7,18.7,2400.03712,0.8487,0x0,20,3
2026-03-28T12:30:26.492178,56.75,52.1,18.7,2400.030464,0.8487,0x0,20,2
2026-03-28T12:30:27.516229,57.3,67.3,18.6,2400.033792,0.8487,0x0,20,1
2026-03-28T12:30:28.535806,57.85,71.9,18.7,2400.023808,0.8487,0x0,20,3
2026-03-28T12:30:29.559371,56.75,53.1,19.1,2400.030464,0.8487,0x0,20,3
2026-03-28T12:30:30.577508,56.2,56.1,19.0,2400.030464,0.8487,0x0,20,2
2026-03-28T12:30:31.597092,57.3,76.0,19.3,2400.023808,0.8487,0x0,20,1
2026-03-28T12:30:32.635174,54.55,56.1,19.4,2400.027136,0.8487,0x0,20,1
2026-03-28T12:30:33.660788,56.2,53.1,19.4,2400.023808,0.8487,0x0,20,1
2026-03-28T12:30:34.687051,57.3,65.3,19.3,2400.027136,0.8487,0x0,20,1
2026-03-28T12:30:35.711603,56.2,69.2,19.3,2400.017408,0.8487,0x0,20,2
2026-03-28T12:30:36.732986,55.65,52.5,19.1,2400.027136,0.8487,0x0,20,3
2026-03-28T12:30:37.753760,57.3,54.2,19.3,2400.033792,0.8487,0x0,20,1
2026-03-28T12:30:38.775589,57.3,78.9,19.1,2400.030464,0.8487,0x0,20,3
2026-03-28T12:30:39.794692,57.85,54.9,18.9,2400.023808,0.8487,0x0,20,1
2026-03-28T12:30:40.818071,56.2,54.7,18.8,2400.02048,0.8487,0x0,20,3
2026-03-28T12:30:41.835027,56.75,68.9,18.9,2400.027136,0.8487,0x0,20,3
2026-03-28T12:30:42.860417,57.85,65.3,18.8,2400.02048,0.8487,0x0,20,1
2026-03-28T12:30:43.878322,57.3,52.9,18.9,2400.023808,0.8487,0x0,20,1
2026-03-28T12:30:44.898149,57.85,59.6,18.9,2400.030464,0.8487,0x0,20,1
2026-03-28T12:30:45.919450,57.3,75.4,19.2,2400.030464,0.8487,0x0,20,1
2026-03-28T12:30:46.938812,56.75,53.9,19.2,2400.03712,0.8487,0x0,20,1
2026-03-28T12:30:47.963785,56.75,55.3,19.0,2400.02048,0.8487,0x0,20,1
2026-03-28T12:30:48.987603,57.85,76.0,19.0,2400.027136,0.8487,0x0,20,3
2026-03-28T12:30:50.016397,56.2,58.7,18.9,2400.023808,0.8487,0x0,20,1
2026-03-28T12:30:51.043953,56.2,54.8,18.9,2400.030464,0.8487,0x0,20,1
2026-03-28T12:30:52.070479,55.65,67.6,18.9,2400.02048,0.8487,0x0,20,1
2026-03-28T12:30:53.103418,57.3,72.7,18.9,2400.023808,0.8487,0x0,20,3
2026-03-28T12:30:54.122466,57.85,52.0,19.2,2400.02048,0.8487,0x0,20,3
2026-03-28T12:30:55.149600,57.3,54.5,19.4,2400.017408,0.8487,0x0,20,2
2026-03-28T12:30:56.171491,57.3,77.2,19.1,2400.027136,0.8487,0x0,20,2
2026-03-28T12:30:57.199538,55.65,55.6,19.0,2400.033792,0.8487,0x0,20,1
2026-03-28T12:30:58.220909,56.75,54.1,19.1,2400.023808,0.8487,0x0,20,2
2026-03-28T12:30:59.242972,58.4,65.6,19.1,2400.03712,0.8487,0x0,20,1
2026-03-28T12:31:00.264175,56.2,69.4,19.0,2400.023808,0.8487,0x0,20,3
2026-03-28T12:31:01.285262,56.2,53.1,18.9,2400.02048,0.8487,0x0,20,1
2026-03-28T12:31:02.309066,56.75,56.2,18.9,2400.02048,0.8487,0x0,20,1
2026-03-28T12:31:03.329903,57.85,76.9,19.1,2400.033792,0.8487,0x0,20,1
2026-03-28T12:31:04.348106,57.3,53.9,19.2,2400.027136,0.8487,0x0,20,0
2026-03-28T12:31:05.368463,54.55,54.8,19.1,2400.023808,0.8487,0x0,20,4
2026-03-28T12:31:06.396219,57.3,73.2,19.2,2400.027136,0.8487,0x0,20,1
2026-03-28T12:31:07.419841,57.3,61.0,18.8,2400.02048,0.8487,0x0,20,1
2026-03-28T12:31:08.437677,55.1,51.9,19.1,2400.030464,0.8487,0x0,20,1
2026-03-28T12:31:09.456766,58.4,61.9,19.1,2400.023808,0.8487,0x0,20,2
2026-03-28T12:31:10.483933,56.2,73.0,18.9,2400.030464,0.8487,0x0,20,3
2026-03-28T12:31:11.501601,57.85,53.7,18.8,2400.027136,0.8487,0x0,20,3
2026-03-28T12:31:12.521800,55.65,53.5,19.1,2400.02048,0.8487,0x0,20,2
2026-03-28T12:31:13.544835,57.3,76.5,19.2,2400.033792,0.8487,0x0,20,3
2026-03-28T12:31:14.574861,55.65,57.0,19.2,2400.030464,0.8487,0x0,20,1
2026-03-28T12:31:15.595489,55.65,54.5,19.1,2400.03712,0.8487,0x0,20,1
2026-03-28T12:31:16.617375,55.65,65.3,19.0,2400.027136,0.8487,0x0,20,4
2026-03-28T12:31:17.649492,57.3,70.8,19.0,2400.023808,0.8487,0x0,20,1
2026-03-28T12:31:18.676135,56.2,54.2,18.7,2400.030464,0.8487,0x0,20,1
2026-03-28T12:31:19.699055,56.75,64.4,18.9,2400.023808,0.8487,0x0,20,1
2026-03-28T12:31:20.719121,57.3,77.1,19.3,2400.023808,0.8487,0x0,20,3
2026-03-28T12:31:21.739420,56.2,55.7,19.1,2400.033792,0.8487,0x0,20,3
2026-03-28T12:31:22.760825,57.3,53.7,18.9,2400.027136,0.8487,0x0,20,1
2026-03-28T12:31:23.784195,58.4,74.5,18.8,2400.030464,0.8487,0x0,20,1
2026-03-28T12:31:24.803002,57.3,60.8,19.2,2400.030464,0.8487,0x0,20,1
2026-03-28T12:31:25.821493,56.2,55.0,19.1,2400.02048,0.8487,0x0,20,2
2026-03-28T12:31:26.841356,57.3,61.9,19.4,2400.023808,0.8487,0x0,20,1
2026-03-28T12:31:27.860930,55.65,73.9,19.3,2400.033792,0.8487,0x0,20,1
2026-03-28T12:31:28.880969,57.3,54.3,18.9,2400.027136,0.8487,0x0,20,2
2026-03-28T12:31:29.901518,57.3,56.6,18.8,2400.033792,0.8487,0x0,20,2
2026-03-28T12:31:30.922271,57.3,78.3,18.9,2400.03712,0.8487,0x0,20,1
2026-03-28T12:31:31.940389,56.2,54.1,19.3,2400.027136,0.8487,0x0,20,3
2026-03-28T12:31:32.962641,56.2,52.6,19.1,2400.033792,0.8487,0x0,20,3
2026-03-28T12:31:33.989038,56.75,69.5,19.1,2400.03712,0.8487,0x0,20,2
2026-03-28T12:31:35.011492,57.3,66.8,19.1,2400.030464,0.8487,0x0,20,2
2026-03-28T12:31:36.138294,55.65,54.5,19.0,2400.02048,0.8487,0x0,20,1
2026-03-28T12:31:37.160289,56.2,59.8,18.9,2400.027136,0.8487,0x0,20,1
2026-03-28T12:31:38.183974,57.85,74.0,18.8,2400.027136,0.8487,0x0,20,2
2026-03-28T12:31:39.206446,55.65,52.9,18.7,2400.02048,0.8487,0x0,20,1
2026-03-28T12:31:40.230249,55.65,55.9,18.7,2400.023808,0.8487,0x0,20,1
2026-03-28T12:31:41.248400,57.85,78.1,19.1,2400.02048,0.8487,0x0,20,1
2026-03-28T12:31:42.274571,56.2,56.4,19.3,2400.027136,0.8487,0x0,20,2
2026-03-28T12:31:43.295408,57.3,51.5,19.1,2400.02048,0.8487,0x0,20,1
2026-03-28T12:31:44.316406,56.2,65.9,19.1,2400.03712,0.8487,0x0,20,1
2026-03-28T12:31:45.345373,58.4,76.9,19.0,2400.033792,0.8487,0x0,20,1
2026-03-28T12:31:46.362723,54.55,52.3,18.9,2400.033792,0.8487,0x0,20,3
2026-03-28T12:31:47.388556,55.65,55.0,18.9,2400.030464,0.8487,0x0,20,3
2026-03-28T12:31:48.420063,56.75,79.7,19.2,2400.027136,0.8487,0x0,20,0
2026-03-28T12:31:49.442944,56.2,51.9,19.2,2400.023808,0.8487,0x0,20,1
2026-03-28T12:31:50.461411,55.65,53.6,19.2,2400.033792,0.8487,0x0,20,1
2026-03-28T12:31:51.480194,56.75,70.5,19.2,2400.023808,0.8487,0x0,20,2
2026-03-28T12:31:52.502639,56.2,64.9,19.0,2400.023808,0.8487,0x0,20,3
2026-03-28T12:31:53.522304,57.3,60.7,19.0,2400.030464,0.8487,0x0,20,1
2026-03-28T12:31:54.542695,57.85,58.1,19.0,2400.033792,0.8487,0x0,20,3
2026-03-28T12:31:55.568197,56.2,76.8,18.9,2400.033792,0.8487,0x0,20,4
2026-03-28T12:31:56.590936,55.65,54.1,19.0,2400.030464,0.8487,0x0,20,3
2026-03-28T12:31:57.613670,55.65,52.5,18.9,2400.023808,0.8487,0x0,20,3
2026-03-28T12:31:58.646182,57.85,74.4,18.8,2400.02048,0.8487,0x0,20,1
2026-03-28T12:31:59.666499,55.65,59.5,19.0,2400.033792,0.8487,0x0,20,2
2026-03-28T12:32:00.690291,56.75,55.4,19.0,2400.023808,0.8487,0x0,20,2
2026-03-28T12:32:01.722621,56.75,64.2,19.0,2400.033792,0.8487,0x0,20,0
2026-03-28T12:32:02.739694,57.3,70.3,19.4,2400.023808,0.8487,0x0,20,1
2026-03-28T12:32:03.757838,55.65,53.3,19.6,2400.027136,0.8487,0x0,20,1
2026-03-28T12:32:04.780836,57.3,56.2,19.4,2400.027136,0.8487,0x0,20,3
2026-03-28T12:32:05.806054,56.2,79.0,19.3,2400.02048,0.8487,0x0,20,1
2026-03-28T12:32:06.828340,55.65,53.5,19.3,2400.017408,0.8487,0x0,20,3
2026-03-28T12:32:07.846174,55.65,54.2,19.1,2400.023808,0.8487,0x0,20,3
2026-03-28T12:32:08.870684,56.75,73.4,19.0,2400.023808,0.8487,0x0,20,1
2026-03-28T12:32:09.890953,55.65,61.4,19.0,2400.03712,0.8487,0x0,20,1
2026-03-28T12:32:10.908538,57.3,54.6,19.0,2400.02048,0.8487,0x0,20,3
2026-03-28T12:32:11.930294,58.4,66.4,19.1,2400.030464,0.8487,0x0,20,1
2026-03-28T12:32:12.950582,56.75,73.5,19.2,2400.023808,0.8487,0x0,20,1
2026-03-28T12:32:13.973215,55.65,52.1,19.3,2400.030464,0.8487,0x0,20,2
2026-03-28T12:32:14.994215,55.65,54.5,19.4,2400.030464,0.8487,0x0,20,3
2026-03-28T12:32:16.019502,57.85,77.6,19.2,2400.030464,0.8487,0x0,20,1
2026-03-28T12:32:17.048517,55.65,57.5,19.1,2400.023808,0.8487,0x0,20,3
2026-03-28T12:32:18.076035,55.65,55.0,18.9,2400.017408,0.8487,0x0,20,1
2026-03-28T12:32:19.096634,56.75,66.2,19.0,2400.033792,0.8487,0x0,20,2
2026-03-28T12:32:20.121867,55.65,69.8,18.8,2400.030464,0.8487,0x0,20,1
2026-03-28T12:32:21.148812,55.65,56.2,18.8,2400.03712,0.8487,0x0,20,1
2026-03-28T12:32:22.171848,56.2,59.5,18.7,2400.017408,0.8487,0x0,20,1
2026-03-28T12:32:23.189973,55.65,76.3,18.7,2400.02048,0.8487,0x0,20,1
2026-03-28T12:32:24.217604,56.2,53.0,19.2,2400.02048,0.8487,0x0,20,1
2026-03-28T12:32:25.240588,55.65,55.1,19.3,2400.023808,0.8487,0x0,20,1
2026-03-28T12:32:26.272215,57.3,75.8,19.2,2400.023808,0.8487,0x0,20,2
2026-03-28T12:32:27.318717,55.65,58.0,18.9,2400.02048,0.8487,0x0,20,1
2026-03-28T12:32:28.348124,56.2,51.1,18.8,2400.03712,0.8487,0x0,20,1
2026-03-28T12:32:29.371879,56.75,63.5,19.2,2400.023808,0.8487,0x0,20,1
2026-03-28T12:32:30.404162,57.85,70.6,19.1,2400.027136,0.8487,0x0,20,1
2026-03-28T12:32:31.423820,56.75,52.9,19.1,2400.027136,0.8487,0x0,20,1
2026-03-28T12:32:32.445818,56.2,55.4,19.1,2400.023808,0.8487,0x0,20,2
2026-03-28T12:32:33.464775,56.2,78.7,19.3,2400.030464,0.8487,0x0,20,1
2026-03-28T12:32:34.484310,56.2,52.3,19.3,2400.027136,0.8487,0x0,20,1
2026-03-28T12:32:35.501477,55.65,53.3,19.1,2400.030464,0.8487,0x0,20,1
2026-03-28T12:32:36.523004,56.2,73.4,18.9,2400.023808,0.8487,0x0,20,2
2026-03-28T12:32:37.546951,57.3,64.5,18.7,2400.02048,0.8487,0x0,20,1
2026-03-28T12:32:38.657112,55.65,53.5,18.7,2400.02048,0.8487,0x0,20,2
2026-03-28T12:32:39.676896,56.75,60.4,18.7,2400.033792,0.8487,0x0,20,1
2026-03-28T12:32:40.700974,58.4,74.3,19.1,2400.023808,0.8487,0x0,20,1
2026-03-28T12:32:41.721235,55.65,52.6,19.2,2400.023808,0.8487,0x0,20,1
2026-03-28T12:32:42.742455,55.65,55.7,19.2,2400.02048,0.8487,0x0,20,2
2026-03-28T12:32:43.764705,56.75,77.0,19.4,2400.023808,0.8487,0x0,20,0
2026-03-28T12:32:44.790417,56.2,57.2,19.2,2400.033792,0.8487,0x0,20,1
2026-03-28T12:32:45.809795,56.75,55.8,19.1,2400.030464,0.8487,0x0,20,2
2026-03-28T12:32:46.829986,57.85,66.7,18.9,2400.027136,0.8487,0x0,20,1
2026-03-28T12:32:47.849909,56.2,66.9,19.3,2400.02048,0.8487,0x0,20,2
2026-03-28T12:32:48.872203,56.75,53.4,19.4,2400.017408,0.8487,0x0,20,3
2026-03-28T12:32:49.890212,56.75,58.9,19.3,2400.027136,0.8487,0x0,20,2
2026-03-28T12:32:50.912180,55.65,74.2,19.3,2400.030464,0.8487,0x0,20,3
2026-03-28T12:32:51.943411,55.65,52.9,19.4,2400.023808,0.8487,0x0,20,1
2026-03-28T12:32:52.970269,56.2,52.9,19.2,2400.023808,0.8487,0x0,20,1
2026-03-28T12:32:53.994982,56.75,77.1,18.9,2400.027136,0.8487,0x0,20,2
2026-03-28T12:32:55.015912,56.2,60.0,18.7,2400.030464,0.8487,0x0,20,1
2026-03-28T12:32:56.039902,56.2,54.6,18.8,2400.02048,0.8487,0x0,20,4
2026-03-28T12:32:57.068258,56.75,65.9,18.9,2400.023808,0.8487,0x0,20,1
2026-03-28T12:32:58.092583,57.3,69.7,18.9,2400.033792,0.8487,0x0,20,3
2026-03-28T12:32:59.116288,56.75,53.5,19.1,2400.02048,0.8487,0x0,20,1
2026-03-28T12:33:00.138152,56.75,58.8,19.0,2400.02048,0.8487,0x0,20,1
2026-03-28T12:33:01.160880,57.3,81.9,18.9,2400.02048,0.8487,0x0,20,1
2026-03-28T12:33:02.191093,56.75,53.0,18.8,2400.023808,0.8487,0x0,20,1
2026-03-28T12:33:03.211130,55.65,53.5,19.2,2400.027136,0.8487,0x0,20,1
2026-03-28T12:33:04.231959,57.3,72.4,19.2,2400.027136,0.8487,0x0,20,1
2026-03-28T12:33:05.252631,57.3,62.9,19.3,2400.023808,0.8487,0x0,20,1
2026-03-28T12:33:06.272422,55.65,53.6,19.2,2400.033792,0.8487,0x0,20,3
2026-03-28T12:33:07.292556,55.65,60.1,19.2,2400.023808,0.8487,0x0,20,1
2026-03-28T12:33:08.318265,57.3,72.1,19.1,2400.02048,0.8487,0x0,20,3
2026-03-28T12:33:09.338692,56.75,52.8,19.2,2400.030464,0.8487,0x0,20,1
2026-03-28T12:33:10.358838,55.65,56.7,19.0,2400.02048,0.8487,0x0,20,3
2026-03-28T12:33:11.379404,57.85,77.2,19.2,2400.023808,0.8487,0x0,20,1
2026-03-28T12:33:12.398019,55.65,56.7,18.9,2400.033792,0.8487,0x0,20,1
2026-03-28T12:33:13.417970,56.75,54.4,19.0,2400.023808,0.8487,0x0,20,1
2026-03-28T12:33:14.438844,56.2,67.8,19.2,2400.02048,0.8487,0x0,20,1
2026-03-28T12:33:15.462717,55.65,67.3,19.2,2400.023808,0.8487,0x0,20,1
2026-03-28T12:33:16.488686,55.65,53.1,18.8,2400.023808,0.8487,0x0,20,1
2026-03-28T12:33:17.508109,56.2,58.4,18.9,2400.030464,0.8487,0x0,20,1
2026-03-28T12:33:18.531057,56.2,77.1,18.9,2400.023808,0.8487,0x0,20,1
2026-03-28T12:33:19.556708,56.75,53.0,18.8,2400.027136,0.8487,0x0,20,1
2026-03-28T12:33:20.575774,55.65,54.5,19.1,2400.030464,0.8487,0x0,20,1
2026-03-28T12:33:21.594928,57.3,76.6,19.2,2400.030464,0.8487,0x0,20,1
2026-03-28T12:33:22.615825,56.2,58.0,19.0,2400.03712,0.8487,0x0,20,1
2026-03-28T12:33:23.638433,55.65,53.4,18.7,2400.033792,0.8487,0x0,20,3
2026-03-28T12:33:24.662955,58.4,67.9,18.8,2400.027136,0.8487,0x0,20,1
2026-03-28T12:33:25.785126,56.2,68.0,18.6,2400.02048,0.8487,0x0,20,2
2026-03-28T12:33:26.804542,57.3,52.6,18.6,2400.033792,0.8487,0x0,20,4
2026-03-28T12:33:27.824151,56.2,63.7,18.6,2400.023808,0.8487,0x0,20,1
2026-03-28T12:33:28.848648,55.65,75.0,18.6,2400.033792,0.8487,0x0,20,4
2026-03-28T12:33:29.873132,55.65,52.7,18.8,2400.033792,0.8487,0x0,20,3
2026-03-28T12:33:30.898364,55.65,54.1,18.8,2400.027136,0.8487,0x0,20,2
2026-03-28T12:33:31.920380,57.3,73.9,18.6,2400.030464,0.8487,0x0,20,3
2026-03-28T12:33:32.939723,55.65,61.3,18.6,2400.03712,0.8487,0x0,20,2
2026-03-28T12:33:33.957510,55.65,53.6,18.6,2400.027136,0.8487,0x0,20,3
2026-03-28T12:33:34.979754,55.1,61.2,18.6,2400.027136,0.8487,0x0,20,1
2026-03-28T12:33:36.001230,56.2,71.7,18.6,2400.030464,0.8487,0x0,20,3
2026-03-28T12:33:37.066867,54.55,54.2,18.5,2400.033792,0.8487,0x0,20,3
2026-03-28T12:33:38.085617,55.65,56.0,18.6,2400.023808,0.8487,0x0,20,1
2026-03-28T12:33:39.114353,57.3,79.0,18.6,2400.023808,0.8487,0x0,20,1
2026-03-28T12:33:40.181213,56.2,54.5,18.6,2400.023808,0.8487,0x0,20,3
2026-03-28T12:33:41.204057,56.2,53.0,18.7,2400.033792,0.8487,0x0,20,1
2026-03-28T12:33:42.227516,56.75,73.4,18.9,2400.027136,0.8487,0x0,20,2
2026-03-28T12:33:43.251829,56.2,60.1,18.9,2400.023808,0.8487,0x0,20,1
2026-03-28T12:33:44.270422,58.4,53.2,18.8,2400.023808,0.8487,0x0,20,2
2026-03-28T12:33:45.288545,57.3,62.2,18.8,2400.02048,0.8487,0x0,20,3
2026-03-28T12:33:46.310659,57.85,73.1,18.7,2400.023808,0.8487,0x0,20,1
2026-03-28T12:33:47.335910,56.75,55.6,18.7,2400.02048,0.8487,0x0,20,1
2026-03-28T12:33:48.355058,57.3,53.9,18.6,2400.027136,0.8487,0x0,20,1
2026-03-28T12:33:49.375224,57.3,79.0,18.6,2400.030464,0.8487,0x0,20,1
2026-03-28T12:33:50.398678,56.2,53.2,18.9,2400.02048,0.8487,0x0,20,1
2026-03-28T12:33:51.418411,55.65,53.5,19.0,2400.03712,0.8487,0x0,20,1
2026-03-28T12:33:52.441202,56.75,68.6,18.9,2400.030464,0.8487,0x0,20,3
2026-03-28T12:33:53.467970,56.75,73.8,18.9,2400.027136,0.8487,0x0,20,1
2026-03-28T12:33:54.488408,55.65,52.3,18.9,2400.027136,0.8487,0x0,20,1
2026-03-28T12:33:55.508825,56.75,60.0,19.0,2400.030464,0.8487,0x0,20,1
2026-03-28T12:33:56.532339,56.75,76.3,19.0,2400.023808,0.8487,0x0,20,1
2026-03-28T12:33:57.552820,57.3,52.1,19.0,2400.027136,0.8487,0x0,20,0
2026-03-28T12:33:58.573145,56.2,51.0,19.1,2400.033792,0.8487,0x0,20,2
2026-03-28T12:33:59.671085,57.3,67.1,19.1,2400.027136,0.8487,0x0,20,1
2026-03-28T12:34:00.692951,55.65,61.5,19.0,2400.030464,0.8487,0x0,20,3
2026-03-28T12:34:01.712133,57.3,54.2,18.8,2400.02048,0.8487,0x0,20,1
2026-03-28T12:34:02.730728,56.2,59.9,18.7,2400.030464,0.8487,0x0,20,1
2026-03-28T12:34:03.760192,55.65,73.5,18.6,2400.027136,0.8487,0x0,20,3
2026-03-28T12:34:04.780018,55.65,52.5,18.5,2400.023808,0.8487,0x0,20,1
2026-03-28T12:34:05.801131,55.65,56.4,18.7,2400.030464,0.8487,0x0,20,1
2026-03-28T12:34:06.922565,56.75,77.4,19.0,2400.027136,0.8487,0x0,20,3
2026-03-28T12:34:07.944876,57.3,54.7,18.9,2400.033792,0.8487,0x0,20,1
2026-03-28T12:34:08.962537,56.2,53.7,18.9,2400.027136,0.8487,0x0,20,2
2026-03-28T12:34:09.990144,57.85,73.0,18.8,2400.030464,0.8487,0x0,20,1
2026-03-28T12:34:11.012912,56.2,63.1,18.7,2400.02048,0.8487,0x0,20,1
2026-03-28T12:34:12.040564,56.2,53.3,18.8,2400.02048,0.8487,0x0,20,1
2026-03-28T12:34:13.060992,57.3,60.0,18.8,2400.023808,0.8487,0x0,20,2
2026-03-28T12:34:14.080822,55.65,73.0,18.9,2400.030464,0.8487,0x0,20,4
2026-03-28T12:34:15.099887,55.65,53.8,18.8,2400.027136,0.8487,0x0,20,2
2026-03-28T12:34:16.118638,56.2,55.2,18.6,2400.033792,0.8487,0x0,20,1
2026-03-28T12:34:17.142506,56.2,76.2,18.6,2400.023808,0.8487,0x0,20,3
2026-03-28T12:34:18.170362,56.75,58.3,18.5,2400.027136,0.8487,0x0,20,3
2026-03-28T12:34:19.188504,56.75,51.7,18.8,2400.02048,0.8487,0x0,20,1
2026-03-28T12:34:20.208202,57.85,73.1,19.1,2400.033792,0.8487,0x0,20,2
2026-03-28T12:34:21.234281,57.3,67.4,19.1,2400.02048,0.8487,0x0,20,3
2026-03-28T12:34:22.258632,54.0,52.7,19.2,2400.033792,0.8487,0x0,20,1
2026-03-28T12:34:23.284332,54.55,56.3,19.1,2400.017408,0.8487,0x0,20,1
2026-03-28T12:34:24.303543,56.75,77.8,19.0,2400.030464,0.8487,0x0,20,1
2026-03-28T12:34:25.321567,56.75,54.9,18.8,2400.030464,0.8487,0x0,20,1
2026-03-28T12:34:26.343117,55.65,53.4,18.9,2400.033792,0.8487,0x0,20,2
2026-03-28T12:34:27.365388,58.4,72.7,19.0,2400.027136,0.8487,0x0,20,1
2026-03-28T12:34:28.392155,56.75,62.2,18.8,2400.030464,0.8487,0x0,20,1
2026-03-28T12:34:29.412577,56.2,53.4,18.8,2400.030464,0.8487,0x0,20,3
2026-03-28T12:34:30.431693,56.2,61.7,18.8,2400.02048,0.8487,0x0,20,1
2026-03-28T12:34:31.456855,54.55,74.0,18.8,2400.03712,0.8487,0x0,20,1
2026-03-28T12:34:32.481458,55.65,53.1,18.7,2400.02048,0.8487,0x0,20,2
2026-03-28T12:34:33.502920,56.2,53.5,18.7,2400.033792,0.8487,0x0,20,2
2026-03-28T12:34:34.522291,56.75,77.4,18.7,2400.027136,0.8487,0x0,20,1
2026-03-28T12:34:35.545851,55.65,56.4,18.7,2400.02048,0.8487,0x0,20,3
2026-03-28T12:34:36.573193,56.2,54.5,18.7,2400.027136,0.8487,0x0,20,3
2026-03-28T12:34:37.591423,57.3,66.2,18.7,2400.03712,0.8487,0x0,20,1
2026-03-28T12:34:38.614986,57.3,67.5,18.7,2400.030464,0.8487,0x0,20,1
2026-03-28T12:34:39.638205,56.2,54.9,18.7,2400.023808,0.8487,0x0,20,1
2026-03-28T12:34:40.659855,56.75,59.7,18.8,2400.027136,0.8487,0x0,20,2
2026-03-28T12:34:41.679847,55.65,76.1,19.1,2400.027136,0.8487,0x0,20,3
2026-03-28T12:34:42.698386,57.85,55.6,18.9,2400.033792,0.8487,0x0,21,3
2026-03-28T12:34:43.717248,55.65,55.7,18.8,2400.02048,0.8487,0x0,20,2
2026-03-28T12:34:44.738649,56.75,77.5,18.9,2400.033792,0.8487,0x0,20,1
2026-03-28T12:34:45.764636,55.65,64.0,18.9,2400.030464,0.8487,0x0,20,1
2026-03-28T12:34:46.786376,56.2,52.0,19.1,2400.030464,0.8487,0x0,20,0
2026-03-28T12:34:47.862254,57.85,58.9,19.1,2400.023808,0.8487,0x0,20,1
2026-03-28T12:34:48.886723,55.65,72.1,19.0,2400.033792,0.8487,0x0,20,1
2026-03-28T12:34:49.906732,55.65,53.1,19.1,2400.023808,0.8487,0x0,20,1
2026-03-28T12:34:50.924462,55.65,55.9,18.8,2400.02048,0.8487,0x0,20,2
2026-03-28T12:34:51.948379,56.75,80.0,18.9,2400.033792,0.8487,0x0,20,2
2026-03-28T12:34:52.970288,56.2,52.0,18.9,2400.023808,0.8487,0x0,20,1
2026-03-28T12:34:53.989538,54.55,52.8,19.0,2400.027136,0.8487,0x0,20,1
2026-03-28T12:34:55.007554,57.85,69.4,19.2,2400.023808,0.8487,0x0,20,1
2026-03-28T12:34:56.032001,56.75,64.8,19.0,2400.03712,0.8487,0x0,20,1
2026-03-28T12:34:57.136513,56.75,54.9,18.8,2400.033792,0.8487,0x0,20,1
2026-03-28T12:34:58.158125,57.3,62.2,18.9,2400.027136,0.8487,0x0,20,2
2026-03-28T12:34:59.178716,56.75,73.5,18.8,2400.033792,0.8487,0x0,20,1
2026-03-28T12:35:00.198818,56.2,54.4,18.7,2400.017408,0.8487,0x0,20,1
2026-03-28T12:35:01.216464,55.65,54.9,18.6,2400.030464,0.8487,0x0,20,1
2026-03-28T12:35:02.237575,57.3,78.1,18.5,2400.027136,0.8487,0x0,20,1
2026-03-28T12:35:03.262585,55.65,55.4,18.6,2400.030464,0.8487,0x0,20,1
2026-03-28T12:35:04.284764,55.65,54.6,18.8,2400.027136,0.8487,0x0,20,1
2026-03-28T12:35:05.303657,57.85,70.5,18.8,2400.023808,0.8487,0x0,20,2
2026-03-28T12:35:06.326371,56.75,65.5,18.9,2400.023808,0.8487,0x0,20,2
2026-03-28T12:35:07.343842,56.75,52.1,19.1,2400.030464,0.8487,0x0,20,4
2026-03-28T12:35:08.368486,56.75,58.5,19.1,2400.030464,0.8487,0x0,20,1
2026-03-28T12:35:09.412836,56.2,78.2,18.9,2400.033792,0.8487,0x0,20,3
2026-03-28T12:35:10.431339,56.75,54.2,18.7,2400.023808,0.8487,0x0,20,2
2026-03-28T12:35:11.453113,55.65,52.8,18.6,2400.017408,0.8487,0x0,20,1
2026-03-28T12:35:12.473467,57.3,75.7,18.5,2400.030464,0.8487,0x0,20,1
2026-03-28T12:35:13.504305,56.2,58.3,18.5,2400.030464,0.8487,0x0,20,0
2026-03-28T12:35:14.523949,57.3,55.2,18.6,2400.033792,0.8487,0x0,20,1
2026-03-28T12:35:15.543807,56.75,67.5,18.7,2400.030464,0.8487,0x0,20,2
2026-03-28T12:35:16.573059,55.65,70.6,18.8,2400.030464,0.8487,0x0,20,1
2026-03-28T12:35:17.595426,56.2,53.4,18.9,2400.02048,0.8487,0x0,20,1
2026-03-28T12:35:18.622951,55.65,57.8,19.0,2400.030464,0.8487,0x0,20,3
2026-03-28T12:35:19.644944,56.2,76.1,18.8,2400.03712,0.8487,0x0,20,1
2026-03-28T12:35:20.666631,55.65,51.2,18.8,2400.02048,0.8487,0x0,20,1
2026-03-28T12:35:21.686974,56.2,54.0,18.7,2400.030464,0.8487,0x0,20,2
2026-03-28T12:35:22.706948,56.75,70.0,18.6,2400.023808,0.8487,0x0,20,1
2026-03-28T12:35:23.729409,56.2,63.7,18.6,2400.02048,0.8487,0x0,20,1
2026-03-28T12:35:24.748866,57.3,52.8,18.7,2400.02048,0.8487,0x0,20,3
2026-03-28T12:35:25.769943,57.85,65.8,18.9,2400.033792,0.8487,0x0,20,1
2026-03-28T12:35:26.791844,56.2,74.9,19.0,2400.030464,0.8487,0x0,20,3
2026-03-28T12:35:27.812921,56.75,52.4,19.0,2400.02048,0.8487,0x0,20,1
2026-03-28T12:35:28.890819,56.2,52.5,19.0,2400.02048,0.8487,0x0,20,2
2026-03-28T12:35:29.912318,56.2,78.0,18.7,2400.02048,0.8487,0x0,20,3
2026-03-28T12:35:30.938089,56.75,56.9,18.7,2400.023808,0.8487,0x0,20,1
2026-03-28T12:35:31.966701,55.65,51.7,18.6,2400.033792,0.8487,0x0,20,2
2026-03-28T12:35:33.088861,56.75,66.7,18.6,2400.023808,0.8487,0x0,20,1
2026-03-28T12:35:34.113420,54.55,71.7,18.7,2400.030464,0.8487,0x0,20,3
2026-03-28T12:35:35.133749,56.75,53.8,18.6,2400.023808,0.8487,0x0,20,4
2026-03-28T12:35:36.156739,54.55,57.6,18.7,2400.033792,0.8487,0x0,20,3
2026-03-28T12:35:37.181094,57.85,76.4,18.5,2400.030464,0.8487,0x0,20,3
2026-03-28T12:35:38.200541,56.2,52.5,18.9,2400.02048,0.8487,0x0,20,1
2026-03-28T12:35:39.221095,55.65,51.6,19.1,2400.027136,0.8487,0x0,20,3
2026-03-28T12:35:40.243745,57.85,75.2,18.9,2400.030464,0.8487,0x0,20,1
2026-03-28T12:35:41.268279,55.65,67.4,18.8,2400.02048,0.8487,0x0,20,4
2026-03-28T12:35:42.291921,56.75,55.5,19.0,2400.027136,0.8487,0x0,20,1
2026-03-28T12:35:43.312063,56.2,60.2,19.1,2400.023808,0.8487,0x0,21,1
2026-03-28T12:35:44.331980,55.65,76.3,19.2,2400.02048,0.8487,0x0,20,1
2026-03-28T12:35:45.361036,57.3,61.6,19.3,2400.02048,0.8487,0x0,20,1
2026-03-28T12:35:46.387900,55.65,54.2,19.2,2400.02048,0.8487,0x0,20,4
2026-03-28T12:35:47.410076,57.3,73.3,18.7,2400.033792,0.8487,0x0,20,2
2026-03-28T12:35:48.434760,57.85,62.1,18.6,2400.027136,0.8487,0x0,20,1
2026-03-28T12:35:49.455126,55.65,52.9,18.6,2400.02048,0.8487,0x0,20,1
2026-03-28T12:35:50.479913,58.4,63.7,18.6,2400.023808,0.8487,0x0,20,1
2026-03-28T12:35:51.502278,56.75,72.9,18.6,2400.02048,0.8487,0x0,20,3
2026-03-28T12:35:52.522767,56.2,54.4,18.6,2400.030464,0.8487,0x0,20,3
2026-03-28T12:35:53.546934,56.75,54.8,18.5,2400.023808,0.8487,0x0,20,1
2026-03-28T12:35:54.574748,58.95,78.1,18.8,2400.030464,0.8487,0x0,20,1
2026-03-28T12:35:55.596491,55.65,57.8,19.1,2400.02048,0.8487,0x0,20,1
2026-03-28T12:35:56.620844,56.2,53.5,19.0,2400.03712,0.8487,0x0,20,3
2026-03-28T12:35:57.642954,56.75,67.6,18.9,2400.023808,0.8487,0x0,20,1
2026-03-28T12:35:58.663533,56.2,69.0,19.0,2400.027136,0.8487,0x0,20,1
2026-03-28T12:35:59.686666,56.75,57.7,18.8,2400.017408,0.8487,0x0,20,2
2026-03-28T12:36:00.708866,56.75,65.9,18.7,2400.030464,0.8487,0x0,20,3
2026-03-28T12:36:01.727736,57.3,79.2,18.5,2400.033792,0.8487,0x0,20,1
2026-03-28T12:36:02.748556,57.85,53.6,18.6,2400.03712,0.8487,0x0,20,3
2026-03-28T12:36:03.769495,56.2,54.4,18.9,2400.027136,0.8487,0x0,20,3
2026-03-28T12:36:04.791179,57.85,68.8,18.9,2400.027136,0.8487,0x0,20,2
2026-03-28T12:36:05.817345,57.85,72.0,18.9,2400.033792,0.8487,0x0,20,1
2026-03-28T12:36:06.840922,58.4,59.6,18.9,2400.02048,0.8487,0x0,20,1
2026-03-28T12:36:07.862651,57.85,62.3,18.8,2400.02048,0.8487,0x0,20,1
2026-03-28T12:36:08.881168,57.85,81.0,18.8,2400.023808,0.8487,0x0,20,3
2026-03-28T12:36:09.908795,57.85,56.7,19.0,2400.033792,0.8487,0x0,20,3
2026-03-28T12:36:10.941077,57.3,62.9,19.1,2400.02048,0.8487,0x0,20,1
2026-03-28T12:36:11.960400,58.95,61.5,19.3,2400.030464,0.8487,0x0,20,1
2026-03-28T12:36:12.988723,57.85,75.4,19.2,2400.033792,0.8487,0x0,20,2
2026-03-28T12:36:14.012478,57.3,57.7,19.0,2400.017408,0.8487,0x0,20,1
2026-03-28T12:36:15.036377,58.95,64.5,19.0,2400.027136,0.8487,0x0,20,3
2026-03-28T12:36:16.065373,60.05,84.6,19.3,2400.033792,0.8487,0x0,20,1
2026-03-28T12:36:17.090037,58.95,77.6,19.7,2400.027136,0.8487,0x0,20,0
2026-03-28T12:36:18.113484,57.85,72.1,19.8,2400.023808,0.8487,0x0,20,1
2026-03-28T12:36:19.131617,58.4,63.7,19.7,2400.033792,0.8487,0x0,20,0
2026-03-28T12:36:20.155238,59.5,64.0,19.5,2400.02048,0.8487,0x0,20,1
2026-03-28T12:36:21.175241,57.85,73.7,19.2,2400.027136,0.8487,0x0,20,3
2026-03-28T12:36:22.193550,57.3,57.8,19.2,2400.027136,0.8487,0x0,20,1
2026-03-28T12:36:23.214686,57.3,54.0,19.0,2400.023808,0.8487,0x0,20,1
2026-03-28T12:36:24.237350,58.95,75.1,19.1,2400.02048,0.8487,0x0,20,3
2026-03-28T12:36:25.261915,58.95,60.3,19.1,2400.02048,0.8487,0x0,20,1
2026-03-28T12:36:26.286956,57.3,53.5,19.0,2400.033792,0.8487,0x0,20,1
2026-03-28T12:36:27.308502,58.4,67.4,19.0,2400.027136,0.8487,0x0,20,0
2026-03-28T12:36:28.333986,58.4,69.7,18.9,2400.02048,0.8487,0x0,20,1
2026-03-28T12:36:29.353420,56.75,55.3,19.3,2400.030464,0.8487,0x0,20,2
2026-03-28T12:36:30.383698,58.95,62.8,19.4,2400.02048,0.8487,0x0,20,2
2026-03-28T12:36:31.409395,58.4,78.0,19.6,2400.027136,0.8487,0x0,20,1
2026-03-28T12:36:32.432131,57.85,59.1,19.7,2400.030464,0.8487,0x0,20,1
2026-03-28T12:36:33.452214,59.5,53.6,19.3,2400.030464,0.8487,0x0,20,3
2026-03-28T12:36:34.470584,57.85,60.0,19.2,2400.033792,0.8487,0x0,20,1
2026-03-28T12:36:35.491611,58.4,77.2,19.2,2400.027136,0.8487,0x0,20,1
2026-03-28T12:36:36.509224,57.85,53.8,19.4,2400.030464,0.8487,0x0,20,3
2026-03-28T12:36:37.529331,57.3,55.3,19.4,2400.033792,0.8487,0x0,20,4
2026-03-28T12:36:38.552408,59.5,69.2,19.3,2400.02048,0.8487,0x0,20,2
2026-03-28T12:36:39.573711,57.3,66.8,19.1,2400.027136,0.8487,0x0,20,1
2026-03-28T12:36:40.594924,58.95,55.6,19.0,2400.033792,0.8487,0x0,20,3
2026-03-28T12:36:41.614805,57.85,57.2,18.9,2400.023808,0.8487,0x0,20,1
2026-03-28T12:36:42.641144,59.5,78.5,18.8,2400.02048,0.8487,0x0,20,1
2026-03-28T12:36:43.662368,58.95,55.2,18.8,2400.033792,0.8487,0x0,20,2
2026-03-28T12:36:44.686596,57.3,54.8,19.0,2400.027136,0.8487,0x0,20,1
2026-03-28T12:36:45.752842,60.05,69.7,18.9,2400.023808,0.8487,0x0,20,1
2026-03-28T12:36:46.784717,57.85,66.4,18.8,2400.027136,0.8487,0x0,20,2
2026-03-28T12:36:47.810707,57.3,55.3,18.8,2400.030464,0.8487,0x0,20,1
2026-03-28T12:36:48.835661,59.5,56.0,18.8,2400.02048,0.8487,0x0,20,2
2026-03-28T12:36:49.858975,60.05,79.5,18.7,2400.030464,0.8487,0x0,20,1
2026-03-28T12:36:50.885188,56.75,55.7,18.9,2400.03712,0.8487,0x0,20,1
2026-03-28T12:36:51.905495,57.85,54.3,19.2,2400.02048,0.8487,0x0,20,1
2026-03-28T12:36:52.929374,60.05,68.5,19.6,2400.027136,0.8487,0x0,20,1
2026-03-28T12:36:53.952748,58.4,71.7,19.7,2400.027136,0.8487,0x0,20,1
2026-03-28T12:36:54.974946,58.95,55.5,19.7,2400.030464,0.8487,0x0,20,3
2026-03-28T12:36:55.996404,57.85,55.0,19.5,2400.03712,0.8487,0x0,20,3
2026-03-28T12:36:57.021163,58.95,74.9,19.4,2400.033792,0.8487,0x0,20,1
2026-03-28T12:36:58.044109,58.4,61.9,19.2,2400.030464,0.8487,0x0,20,1
2026-03-28T12:36:59.063453,58.4,54.3,19.1,2400.027136,0.8487,0x0,20,3
2026-03-28T12:37:00.082375,57.85,60.9,19.0,2400.030464,0.8487,0x0,20,2
2026-03-28T12:37:01.103965,58.95,76.3,19.0,2400.027136,0.8487,0x0,20,2
2026-03-28T12:37:02.123037,58.4,54.1,18.9,2400.033792,0.8487,0x0,20,1
2026-03-28T12:37:03.142742,58.95,57.0,18.8,2400.023808,0.8487,0x0,20,1
2026-03-28T12:37:04.166277,60.6,73.8,18.7,2400.03712,0.8487,0x0,20,1
2026-03-28T12:37:05.190575,58.4,64.3,18.5,2400.030464,0.8487,0x0,20,1
2026-03-28T12:37:06.217534,57.85,55.2,18.9,2400.030464,0.8487,0x0,20,2
2026-03-28T12:37:07.239620,58.95,59.6,19.2,2400.027136,0.8487,0x0,20,3
2026-03-28T12:37:08.276679,58.4,77.6,19.2,2400.02048,0.8487,0x0,20,1
2026-03-28T12:37:09.301287,60.05,54.4,18.9,2400.027136,0.8487,0x0,20,1
2026-03-28T12:37:10.322461,58.4,57.6,18.8,2400.033792,0.8487,0x0,20,1
2026-03-28T12:37:11.340949,60.6,79.2,18.9,2400.023808,0.8487,0x0,20,2
2026-03-28T12:37:12.374970,60.05,74.6,19.0,2400.03712,0.8487,0x0,20,1
2026-03-28T12:37:13.403181,57.85,63.3,19.3,2400.027136,0.8487,0x0,20,1
2026-03-28T12:37:14.421128,59.5,65.2,19.3,2400.030464,0.8487,0x0,20,1
2026-03-28T12:37:15.442637,58.95,69.9,19.2,2400.023808,0.8487,0x0,20,1
2026-03-28T12:37:16.468966,58.4,74.5,19.0,2400.030464,0.8487,0x0,20,3
2026-03-28T12:37:17.487652,58.4,64.0,19.1,2400.02048,0.8487,0x0,20,1
2026-03-28T12:37:18.515530,57.85,58.8,19.3,2400.033792,0.8487,0x0,20,3
2026-03-28T12:37:19.542960,59.5,78.5,19.3,2400.027136,0.8487,0x0,20,1
2026-03-28T12:37:20.574959,58.95,70.3,19.1,2400.033792,0.8487,0x0,20,1
2026-03-28T12:37:21.598326,57.85,59.7,19.1,2400.027136,0.8487,0x0,20,1
2026-03-28T12:37:22.617163,59.5,62.0,19.0,2400.030464,0.8487,0x0,20,1
2026-03-28T12:37:23.640719,60.05,80.5,18.8,2400.023808,0.8487,0x0,20,3
2026-03-28T12:37:24.678244,57.85,66.4,19.0,2400.023808,0.8487,0x0,20,1
2026-03-28T12:37:25.700323,57.85,56.9,19.2,2400.03712,0.8487,0x0,20,1
2026-03-28T12:37:26.728560,57.3,61.2,19.3,2400.033792,0.8487,0x0,20,1
2026-03-28T12:37:27.844111,58.4,78.9,19.2,2400.02048,0.8487,0x0,20,3
2026-03-28T12:37:28.867349,58.4,57.2,18.9,2400.02048,0.8487,0x0,20,2
2026-03-28T12:37:29.890335,57.85,54.8,18.8,2400.030464,0.8487,0x0,20,1
2026-03-28T12:37:30.913297,60.05,72.3,18.9,2400.027136,0.8487,0x0,20,3
2026-03-28T12:37:31.944480,57.85,75.5,18.9,2400.023808,0.8487,0x0,20,3
2026-03-28T12:37:32.964908,59.5,62.0,18.8,2400.03712,0.8487,0x0,20,2
2026-03-28T12:37:33.993210,58.95,59.7,18.9,2400.02048,0.8487,0x0,20,4
2026-03-28T12:37:35.018939,59.5,77.9,19.0,2400.03712,0.8487,0x0,20,1
2026-03-28T12:37:36.043006,58.95,71.0,19.1,2400.03712,0.8487,0x0,20,2
2026-03-28T12:37:37.072229,59.5,60.7,18.9,2400.033792,0.8487,0x0,20,2
2026-03-28T12:37:38.093215,57.85,55.5,19.1,2400.030464,0.8487,0x0,20,1
2026-03-28T12:37:39.114789,59.5,80.2,19.1,2400.027136,0.8487,0x0,20,3
2026-03-28T12:37:40.140636,56.75,61.9,19.1,2400.02048,0.8487,0x0,20,1
2026-03-28T12:37:41.160580,57.85,54.8,19.0,2400.033792,0.8487,0x0,20,1
2026-03-28T12:37:42.179754,58.95,64.5,19.0,2400.023808,0.8487,0x0,20,4
2026-03-28T12:37:43.209046,58.4,82.7,19.1,2400.023808,0.8487,0x0,20,1
2026-03-28T12:37:44.241355,58.4,67.9,19.1,2400.027136,0.8487,0x0,21,2
2026-03-28T12:37:45.266934,59.5,63.2,18.9,2400.033792,0.8487,0x0,20,1
2026-03-28T12:37:46.285000,58.4,64.7,18.9,2400.030464,0.8487,0x0,20,1
2026-03-28T12:37:47.313106,60.05,85.4,19.1,2400.017408,0.8487,0x0,20,1
2026-03-28T12:37:48.332268,58.4,55.5,19.0,2400.02048,0.8487,0x0,20,3
2026-03-28T12:37:49.352666,57.3,53.0,18.7,2400.017408,0.8487,0x0,20,1
2026-03-28T12:37:50.474042,58.4,71.2,19.0,2400.030464,0.8487,0x0,20,2
2026-03-28T12:37:51.502453,58.4,70.9,18.8,2400.02048,0.8487,0x0,20,1
2026-03-28T12:37:52.524004,59.5,59.7,18.8,2400.02048,0.8487,0x0,20,2
2026-03-28T12:37:53.553529,57.85,62.0,18.9,2400.030464,0.8487,0x0,20,3
2026-03-28T12:37:54.573196,57.85,74.2,19.0,2400.023808,0.8487,0x0,20,1
2026-03-28T12:37:55.606070,57.85,69.4,19.3,2400.027136,0.8487,0x0,20,3
2026-03-28T12:37:56.627538,57.3,64.2,19.3,2400.030464,0.8487,0x0,20,3
2026-03-28T12:37:57.651743,57.3,55.6,19.1,2400.03712,0.8487,0x0,20,3
2026-03-28T12:37:58.676456,60.05,74.6,19.1,2400.027136,0.8487,0x0,20,1
2026-03-28T12:37:59.702447,57.85,60.0,19.1,2400.027136,0.8487,0x0,20,1
2026-03-28T12:38:00.729387,58.4,58.6,18.8,2400.027136,0.8487,0x0,20,2
2026-03-28T12:38:01.749783,59.5,62.0,18.7,2400.023808,0.8487,0x0,20,1
2026-03-28T12:38:02.772189,57.85,77.0,18.7,2400.030464,0.8487,0x0,20,1
2026-03-28T12:38:03.804040,57.85,56.6,18.9,2400.03712,0.8487,0x0,20,1
2026-03-28T12:38:04.829735,57.85,52.5,18.8,2400.030464,0.8487,0x0,20,3
2026-03-28T12:38:05.851957,59.5,78.3,19.2,2400.030464,0.8487,0x0,20,3
2026-03-28T12:38:06.870005,56.75,63.0,19.2,2400.027136,0.8487,0x0,20,4
2026-03-28T12:38:07.894357,57.3,56.7,19.1,2400.023808,0.8487,0x0,20,3
2026-03-28T12:38:08.927565,57.85,64.4,19.0,2400.030464,0.8487,0x0,20,1
2026-03-28T12:38:09.962862,57.3,79.2,18.9,2400.023808,0.8487,0x0,20,2
2026-03-28T12:38:10.981932,57.3,60.2,19.1,2400.033792,0.8487,0x0,20,1
2026-03-28T12:38:12.005949,57.85,64.0,19.2,2400.030464,0.8487,0x0,20,0
2026-03-28T12:38:13.034066,57.85,76.9,19.1,2400.033792,0.8487,0x0,20,2
2026-03-28T12:38:14.060045,58.95,85.3,19.5,2400.030464,0.8487,0x0,20,1
2026-03-28T12:38:15.085289,59.5,66.0,19.5,2400.027136,0.8487,0x0,20,2
2026-03-28T12:38:16.118357,57.85,67.6,19.5,2400.030464,0.8487,0x0,20,3
2026-03-28T12:38:17.138620,56.75,52.1,19.7,2400.03712,0.8487,0x0,20,1
2026-03-28T12:38:18.160076,58.95,78.0,19.5,2400.033792,0.8487,0x0,20,1
2026-03-28T12:38:19.183789,57.3,56.4,19.2,2400.027136,0.8487,0x0,20,1
2026-03-28T12:38:20.207531,59.5,61.0,19.0,2400.023808,0.8487,0x0,20,1
2026-03-28T12:38:21.244144,58.4,67.3,18.9,2400.030464,0.8487,0x0,20,1
2026-03-28T12:38:22.268475,57.85,75.1,18.8,2400.027136,0.8487,0x0,20,3
2026-03-28T12:38:23.288052,56.75,53.6,19.0,2400.030464,0.8487,0x0,20,1
2026-03-28T12:38:24.306796,56.75,55.3,19.2,2400.033792,0.8487,0x0,20,3
2026-03-28T12:38:25.328590,57.85,76.1,19.2,2400.023808,0.8487,0x0,20,1
2026-03-28T12:38:26.350292,57.3,59.1,19.0,2400.027136,0.8487,0x0,20,2
2026-03-28T12:38:27.369778,57.85,55.0,19.3,2400.023808,0.8487,0x0,20,1
2026-03-28T12:38:28.389623,57.85,67.8,19.4,2400.030464,0.8487,0x0,20,2
2026-03-28T12:38:29.410786,57.85,79.0,18.9,2400.02048,0.8487,0x0,20,3
2026-03-28T12:38:30.432316,55.65,55.3,19.1,2400.023808,0.8487,0x0,20,4
2026-03-28T12:38:31.456941,57.85,54.8,19.2,2400.02048,0.8487,0x0,20,1
2026-03-28T12:38:32.482981,58.95,68.3,19.0,2400.02048,0.8487,0x0,20,2
2026-03-28T12:38:33.504448,58.4,68.7,18.9,2400.02048,0.8487,0x0,20,3
2026-03-28T12:38:34.535414,58.4,55.7,18.7,2400.027136,0.8487,0x0,20,3
2026-03-28T12:38:35.564134,56.75,56.9,18.8,2400.033792,0.8487,0x0,20,4
2026-03-28T12:38:36.588342,57.85,80.2,18.8,2400.030464,0.8487,0x0,20,2
2026-03-28T12:38:37.711536,58.4,54.7,18.7,2400.030464,0.8487,0x0,20,3
2026-03-28T12:38:38.731180,59.5,53.0,18.6,2400.02048,0.8487,0x0,20,1
2026-03-28T12:38:39.748525,57.85,70.3,18.9,2400.030464,0.8487,0x0,20,2
2026-03-28T12:38:40.769527,56.75,67.5,19.2,2400.023808,0.8487,0x0,20,1
2026-03-28T12:38:41.789409,56.75,54.1,19.0,2400.033792,0.8487,0x0,20,4
2026-03-28T12:38:42.814359,58.4,57.5,18.9,2400.030464,0.8487,0x0,20,1
2026-03-28T12:38:43.836879,58.95,79.4,18.9,2400.030464,0.8487,0x0,20,1
2026-03-28T12:38:44.863056,58.95,55.7,18.8,2400.033792,0.8487,0x0,20,2
2026-03-28T12:38:45.885933,56.75,55.6,18.9,2400.02048,0.8487,0x0,20,1
2026-03-28T12:38:46.905875,57.3,67.6,18.9,2400.033792,0.8487,0x0,20,2
2026-03-28T12:38:47.939404,56.2,68.9,19.1,2400.033792,0.8487,0x0,20,1
2026-03-28T12:38:48.965121,57.3,55.9,19.4,2400.02048,0.8487,0x0,20,3
2026-03-28T12:38:49.992867,57.3,57.5,19.0,2400.027136,0.8487,0x0,20,3
2026-03-28T12:38:51.017099,58.95,79.5,19.2,2400.033792,0.8487,0x0,20,3
2026-03-28T12:38:52.042538,56.75,54.7,19.2,2400.023808,0.8487,0x0,20,1
2026-03-28T12:38:53.064417,57.85,54.5,19.0,2400.033792,0.8487,0x0,20,1
2026-03-28T12:38:54.086582,58.95,69.7,18.9,2400.027136,0.8487,0x0,20,1
2026-03-28T12:38:55.111184,55.65,71.2,18.8,2400.023808,0.8487,0x0,20,1
2026-03-28T12:38:56.130792,56.75,55.7,18.7,2400.02048,0.8487,0x0,20,3
2026-03-28T12:38:57.153577,57.3,55.0,18.6,2400.033792,0.8487,0x0,20,1
2026-03-28T12:38:58.174763,58.4,76.1,18.6,2400.027136,0.8487,0x0,20,2
2026-03-28T12:38:59.197745,57.85,59.4,18.6,2400.033792,0.8487,0x0,20,3
2026-03-28T12:39:00.221353,56.2,55.3,18.5,2400.030464,0.8487,0x0,20,3
2026-03-28T12:39:01.240596,56.75,61.0,18.7,2400.030464,0.8487,0x0,20,1
2026-03-28T12:39:02.262183,56.75,76.4,19.0,2400.023808,0.8487,0x0,20,2
2026-03-28T12:39:03.290733,56.75,53.5,19.0,2400.023808,0.8487,0x0,20,1
2026-03-28T12:39:04.313764,56.75,56.4,18.8,2400.02048,0.8487,0x0,20,1
2026-03-28T12:39:05.340133,57.85,77.3,18.6,2400.030464,0.8487,0x0,20,3
2026-03-28T12:39:06.363457,57.3,60.6,18.8,2400.023808,0.8487,0x0,20,1
2026-03-28T12:39:07.383027,57.85,53.3,19.1,2400.030464,0.8487,0x0,20,3
2026-03-28T12:39:08.401403,56.75,58.3,19.0,2400.030464,0.8487,0x0,20,1
2026-03-28T12:39:09.423690,56.75,75.6,18.8,2400.027136,0.8487,0x0,20,3
2026-03-28T12:39:10.446234,56.75,57.6,19.0,2400.027136,0.8487,0x0,20,1
2026-03-28T12:39:11.469625,57.85,54.0,18.8,2400.02048,0.8487,0x0,20,1
2026-03-28T12:39:12.491528,58.4,70.6,18.8,2400.02048,0.8487,0x0,20,3
2026-03-28T12:39:13.519220,56.75,67.1,18.7,2400.02048,0.8487,0x0,20,3
2026-03-28T12:39:14.545840,56.2,54.3,18.6,2400.033792,0.8487,0x0,20,1
2026-03-28T12:39:15.566188,57.3,60.0,18.8,2400.02048,0.8487,0x0,20,1
2026-03-28T12:39:16.587584,57.3,77.3,18.7,2400.027136,0.8487,0x0,20,1
2026-03-28T12:39:17.607410,57.85,54.2,18.5,2400.030464,0.8487,0x0,20,2
2026-03-28T12:39:18.629262,57.3,51.1,18.6,2400.030464,0.8487,0x0,20,1
2026-03-28T12:39:19.648090,57.3,70.1,18.7,2400.02048,0.8487,0x0,20,1
2026-03-28T12:39:20.672549,56.2,73.2,18.7,2400.030464,0.8487,0x0,20,1
2026-03-28T12:39:21.696114,56.2,53.9,18.6,2400.017408,0.8487,0x0,20,3
2026-03-28T12:39:22.718987,57.85,56.1,18.6,2400.02048,0.8487,0x0,20,1
2026-03-28T12:39:23.740943,58.95,80.1,18.6,2400.033792,0.8487,0x0,20,1
2026-03-28T12:39:24.868096,56.75,54.7,19.0,2400.027136,0.8487,0x0,20,3
2026-03-28T12:39:25.887095,56.2,56.7,19.0,2400.02048,0.8487,0x0,20,1
2026-03-28T12:39:26.906420,56.75,69.0,19.2,2400.023808,0.8487,0x0,20,2
2026-03-28T12:39:27.931012,57.3,66.8,19.1,2400.033792,0.8487,0x0,20,1
2026-03-28T12:39:28.952596,56.75,54.6,19.1,2400.023808,0.8487,0x0,20,1
2026-03-28T12:39:29.981483,56.75,57.1,18.9,2400.027136,0.8487,0x0,20,1
2026-03-28T12:39:31.001856,57.85,79.3,18.9,2400.030464,0.8487,0x0,20,1
2026-03-28T12:39:32.021533,56.2,54.9,19.0,2400.030464,0.8487,0x0,20,1
2026-03-28T12:39:33.042076,57.3,54.5,19.1,2400.027136,0.8487,0x0,20,3
2026-03-28T12:39:34.062100,58.4,67.6,18.9,2400.030464,0.8487,0x0,20,3
2026-03-28T12:39:35.092485,57.85,69.0,18.8,2400.033792,0.8487,0x0,20,1
2026-03-28T12:39:36.113727,58.4,55.1,19.1,2400.033792,0.8487,0x0,20,1
2026-03-28T12:39:37.133461,56.75,56.0,18.9,2400.02048,0.8487,0x0,20,1
2026-03-28T12:39:38.152515,57.3,79.5,18.7,2400.027136,0.8487,0x0,20,3
2026-03-28T12:39:39.177370,57.3,54.4,18.9,2400.033792,0.8487,0x0,20,5
2026-03-28T12:39:40.198949,57.85,57.6,18.7,2400.033792,0.8487,0x0,20,4
2026-03-28T12:39:41.220901,56.75,66.2,18.9,2400.023808,0.8487,0x0,20,1
2026-03-28T12:39:42.256181,56.75,69.3,19.1,2400.02048,0.8487,0x0,20,1
2026-03-28T12:39:43.275728,57.85,55.0,19.1,2400.027136,0.8487,0x0,20,1
2026-03-28T12:39:44.293673,56.75,55.9,19.2,2400.033792,0.8487,0x0,20,1
2026-03-28T12:39:45.314960,58.4,79.6,18.9,2400.030464,0.8487,0x0,20,4
2026-03-28T12:39:46.337606,57.3,55.4,18.8,2400.030464,0.8487,0x0,20,1
2026-03-28T12:39:47.360439,56.75,60.4,18.7,2400.033792,0.8487,0x0,20,2
2026-03-28T12:39:48.381189,57.3,61.4,18.5,2400.027136,0.8487,0x0,20,1
2026-03-28T12:39:49.405412,57.3,74.5,18.5,2400.02048,0.8487,0x0,20,3
2026-03-28T12:39:50.432998,56.75,55.5,18.7,2400.033792,0.8487,0x0,20,1
2026-03-28T12:39:51.457142,56.2,53.4,19.0,2400.027136,0.8487,0x0,20,2
2026-03-28T12:39:52.482113,59.5,76.2,18.9,2400.030464,0.8487,0x0,20,2
2026-03-28T12:39:53.511035,56.2,63.7,18.8,2400.027136,0.8487,0x0,20,3
2026-03-28T12:39:54.531085,57.85,53.1,18.7,2400.017408,0.8487,0x0,20,2
2026-03-28T12:39:55.553780,55.65,62.8,19.0,2400.030464,0.8487,0x0,20,3
2026-03-28T12:39:56.577557,56.75,76.4,19.0,2400.030464,0.8487,0x0,20,1
2026-03-28T12:39:57.598279,57.3,54.3,19.3,2400.023808,0.8487,0x0,20,1
2026-03-28T12:39:58.617654,56.75,54.1,19.2,2400.033792,0.8487,0x0,20,3
2026-03-28T12:39:59.639561,57.3,71.1,19.0,2400.03712,0.8487,0x0,20,1
2026-03-28T12:40:00.664828,56.75,65.4,19.0,2400.027136,0.8487,0x0,20,1
2026-03-28T12:40:01.687574,56.2,55.7,19.2,2400.03712,0.8487,0x0,20,3
2026-03-28T12:40:02.715327,57.85,58.2,19.3,2400.027136,0.8487,0x0,20,1
2026-03-28T12:40:03.737204,57.85,77.8,19.6,2400.033792,0.8487,0x0,20,1
2026-03-28T12:40:04.756918,57.85,55.9,19.3,2400.02048,0.8487,0x0,20,1
2026-03-28T12:40:05.776670,56.75,55.7,19.0,2400.033792,0.8487,0x0,20,1
2026-03-28T12:40:06.794544,57.3,68.8,19.1,2400.027136,0.8487,0x0,20,2
2026-03-28T12:40:07.814099,56.75,64.5,19.0,2400.023808,0.8487,0x0,20,3
2026-03-28T12:40:08.836920,56.2,54.5,18.8,2400.03712,0.8487,0x0,20,3
2026-03-28T12:40:09.860600,57.3,56.4,18.7,2400.033792,0.8487,0x0,20,0
2026-03-28T12:40:10.879410,57.85,82.2,18.5,2400.023808,0.8487,0x0,20,1
2026-03-28T12:40:11.903260,55.65,59.5,18.5,2400.02048,0.8487,0x0,20,1
2026-03-28T12:40:13.008492,56.2,53.8,18.8,2400.02048,0.8487,0x0,20,3
2026-03-28T12:40:14.032350,57.85,65.4,19.1,2400.030464,0.8487,0x0,20,1
2026-03-28T12:40:15.053972,57.3,71.9,19.4,2400.033792,0.8487,0x0,20,1
2026-03-28T12:40:16.074357,57.3,54.6,19.3,2400.030464,0.8487,0x0,20,3
2026-03-28T12:40:17.095025,55.65,54.3,19.2,2400.033792,0.8487,0x0,20,3
2026-03-28T12:40:18.118952,57.3,78.6,19.0,2400.027136,0.8487,0x0,20,1
2026-03-28T12:40:19.146571,56.2,57.0,19.0,2400.027136,0.8487,0x0,20,3
2026-03-28T12:40:20.167185,56.75,53.4,18.9,2400.02048,0.8487,0x0,20,2
2026-03-28T12:40:21.197631,56.75,64.9,18.8,2400.033792,0.8487,0x0,20,1
2026-03-28T12:40:22.219087,56.75,73.4,18.8,2400.027136,0.8487,0x0,20,1
2026-03-28T12:40:23.241948,55.1,54.5,18.5,2400.030464,0.8487,0x0,20,3
2026-03-28T12:40:24.366386,56.75,55.6,18.5,2400.033792,0.8487,0x0,20,3
2026-03-28T12:40:25.390457,58.95,79.3,19.0,2400.02048,0.8487,0x0,20,1
2026-03-28T12:40:26.412484,57.3,57.0,19.1,2400.033792,0.8487,0x0,20,3
2026-03-28T12:40:27.439909,56.2,54.2,19.0,2400.03712,0.8487,0x0,20,4
2026-03-28T12:40:28.466167,56.75,64.4,19.0,2400.02048,0.8487,0x0,20,1
2026-03-28T12:40:29.491980,56.2,71.8,18.9,2400.023808,0.8487,0x0,20,1
2026-03-28T12:40:30.513350,56.2,56.2,18.9,2400.03712,0.8487,0x0,20,3
2026-03-28T12:40:31.533093,57.85,55.5,18.8,2400.023808,0.8487,0x0,20,1
2026-03-28T12:40:32.552430,57.85,77.4,19.0,2400.033792,0.8487,0x0,20,2
2026-03-28T12:40:33.580014,58.4,59.9,19.1,2400.023808,0.8487,0x0,20,1
2026-03-28T12:40:34.603024,56.75,54.1,18.9,2400.027136,0.8487,0x0,20,3
2026-03-28T12:40:35.624654,57.85,65.5,19.3,2400.030464,0.8487,0x0,20,1
2026-03-28T12:40:36.650270,56.2,79.4,19.1,2400.03712,0.8487,0x0,20,2
2026-03-28T12:40:37.670938,57.3,53.1,19.3,2400.030464,0.8487,0x0,20,3
2026-03-28T12:40:38.690875,56.75,53.5,19.2,2400.027136,0.8487,0x0,20,3
2026-03-28T12:40:39.713089,56.75,73.8,18.8,2400.030464,0.8487,0x0,20,1
2026-03-28T12:40:40.733102,56.2,63.7,18.8,2400.023808,0.8487,0x0,20,1
2026-03-28T12:40:41.751030,55.65,55.5,18.8,2400.030464,0.8487,0x0,20,1
2026-03-28T12:40:42.770083,57.85,60.5,18.9,2400.033792,0.8487,0x0,20,1
2026-03-28T12:40:43.796457,56.2,76.4,18.6,2400.030464,0.8487,0x0,20,2
2026-03-28T12:40:44.817312,56.75,55.4,18.5,2400.030464,0.8487,0x0,20,2
2026-03-28T12:40:45.841663,55.65,55.5,18.5,2400.02048,0.8487,0x0,20,1
2026-03-28T12:40:46.861934,58.4,72.8,19.1,2400.02048,0.8487,0x0,20,1
2026-03-28T12:40:47.885804,56.2,65.1,19.0,2400.027136,0.8487,0x0,20,1
2026-03-28T12:40:48.905528,57.3,55.0,19.1,2400.027136,0.8487,0x0,20,1
2026-03-28T12:40:49.930989,57.3,58.9,19.0,2400.023808,0.8487,0x0,20,3
2026-03-28T12:40:50.961103,58.4,79.2,18.9,2400.023808,0.8487,0x0,20,3
2026-03-28T12:40:51.982627,56.75,54.6,18.5,2400.033792,0.8487,0x0,20,1
2026-03-28T12:40:53.002565,57.3,54.9,18.7,2400.027136,0.8487,0x0,20,2
2026-03-28T12:40:54.030260,57.3,68.9,18.8,2400.033792,0.8487,0x0,20,1
2026-03-28T12:40:55.061957,57.85,69.7,18.8,2400.027136,0.8487,0x0,20,3
2026-03-28T12:40:56.093244,57.3,54.8,18.9,2400.027136,0.8487,0x0,20,1
2026-03-28T12:40:57.113114,57.3,56.2,19.1,2400.027136,0.8487,0x0,20,4
2026-03-28T12:40:58.147029,56.75,80.6,18.8,2400.033792,0.8487,0x0,20,1
2026-03-28T12:40:59.166949,56.75,53.8,18.9,2400.023808,0.8487,0x0,20,3
2026-03-28T12:41:00.188459,55.65,54.0,18.7,2400.017408,0.8487,0x0,20,1
2026-03-28T12:41:01.210434,56.75,66.6,18.8,2400.017408,0.8487,0x0,20,2
2026-03-28T12:41:02.234343,58.4,76.1,18.8,2400.027136,0.8487,0x0,20,3
2026-03-28T12:41:03.252110,57.85,55.0,18.7,2400.02048,0.8487,0x0,20,2
2026-03-28T12:41:04.272161,57.3,55.9,18.5,2400.033792,0.8487,0x0,20,2
2026-03-28T12:41:05.295474,57.3,75.8,18.7,2400.030464,0.8487,0x0,20,1
2026-03-28T12:41:06.430966,57.85,59.6,19.1,2400.023808,0.8487,0x0,20,2
2026-03-28T12:41:07.456089,56.2,55.3,19.0,2400.027136,0.8487,0x0,20,2
2026-03-28T12:41:08.479190,57.3,63.9,18.9,2400.023808,0.8487,0x0,20,1
2026-03-28T12:41:09.513164,57.3,70.9,19.2,2400.027136,0.8487,0x0,20,2
2026-03-28T12:41:10.532338,57.85,56.6,19.3,2400.027136,0.8487,0x0,20,1
2026-03-28T12:41:11.554576,55.65,54.7,18.9,2400.017408,0.8487,0x0,20,1
2026-03-28T12:41:12.579204,58.4,79.5,18.8,2400.030464,0.8487,0x0,20,1
2026-03-28T12:41:13.599877,55.65,56.6,18.8,2400.02048,0.8487,0x0,20,1
2026-03-28T12:41:14.629747,56.2,54.0,18.9,2400.033792,0.8487,0x0,20,1
2026-03-28T12:41:15.651150,58.4,66.3,18.9,2400.027136,0.8487,0x0,20,2
2026-03-28T12:41:16.675804,55.65,73.0,19.0,2400.033792,0.8487,0x0,20,2
2026-03-28T12:41:17.697101,56.75,53.1,18.8,2400.030464,0.8487,0x0,20,1
2026-03-28T12:41:18.716078,56.75,55.0,19.1,2400.023808,0.8487,0x0,20,3
2026-03-28T12:41:19.736279,57.3,77.1,19.0,2400.030464,0.8487,0x0,20,1
2026-03-28T12:41:20.768679,56.2,59.5,19.0,2400.03712,0.8487,0x0,20,1
2026-03-28T12:41:21.791467,55.65,55.4,18.7,2400.023808,0.8487,0x0,20,1
2026-03-28T12:41:22.811407,56.75,61.9,18.6,2400.017408,0.8487,0x0,20,1
2026-03-28T12:41:23.833125,57.3,74.1,18.6,2400.027136,0.8487,0x0,20,3
2026-03-28T12:41:24.856816,56.2,54.6,18.5,2400.02048,0.8487,0x0,20,1
2026-03-28T12:41:25.877532,56.2,57.8,18.6,2400.033792,0.8487,0x0,20,2
2026-03-28T12:41:26.902806,57.3,75.7,18.8,2400.027136,0.8487,0x0,20,1
2026-03-28T12:41:27.931235,56.2,61.3,19.1,2400.027136,0.8487,0x0,20,1
2026-03-28T12:41:28.954255,57.3,59.1,19.4,2400.033792,0.8487,0x0,20,4
2026-03-28T12:41:29.986862,57.3,57.4,19.4,2400.017408,0.8487,0x0,20,1
2026-03-28T12:41:31.009677,59.5,79.9,19.1,2400.030464,0.8487,0x0,20,3
2026-03-28T12:41:32.033526,54.55,54.9,18.7,2400.023808,0.8487,0x0,20,1
2026-03-28T12:41:33.052503,54.0,53.3,18.4,2400.02048,0.8487,0x0,20,1
2026-03-28T12:41:34.076657,57.85,67.1,18.4,2400.030464,0.8487,0x0,20,2
2026-03-28T12:41:35.113428,55.65,70.3,18.4,2400.023808,0.8487,0x0,20,2
2026-03-28T12:41:36.133899,56.75,54.8,18.4,2400.017408,0.8487,0x0,20,1
2026-03-28T12:41:37.153527,56.2,57.7,18.4,2400.033792,0.8487,0x0,20,3
2026-03-28T12:41:38.171658,56.75,80.5,18.9,2400.027136,0.8487,0x0,20,1
2026-03-28T12:41:39.194966,57.3,53.8,19.1,2400.030464,0.8487,0x0,20,2
2026-03-28T12:41:40.215569,57.3,55.3,19.4,2400.030464,0.8487,0x0,20,3
2026-03-28T12:41:41.238750,58.4,66.7,19.5,2400.03712,0.8487,0x0,20,2
2026-03-28T12:41:42.267220,56.2,69.2,19.4,2400.02048,0.8487,0x0,20,1
2026-03-28T12:41:43.285135,55.65,54.3,19.1,2400.027136,0.8487,0x0,20,1
2026-03-28T12:41:44.307908,57.85,55.0,19.0,2400.033792,0.8487,0x0,20,3
2026-03-28T12:41:45.326795,58.4,80.4,18.9,2400.023808,0.8487,0x0,21,2
2026-03-28T12:41:46.348474,57.3,56.8,18.7,2400.030464,0.8487,0x0,20,2
2026-03-28T12:41:47.372294,55.65,55.8,18.5,2400.033792,0.8487,0x0,20,1
2026-03-28T12:41:48.395845,56.2,65.9,18.7,2400.02048,0.8487,0x0,20,2
2026-03-28T12:41:49.422678,56.2,70.6,19.2,2400.033792,0.8487,0x0,20,3
2026-03-28T12:41:50.443544,56.75,55.7,18.9,2400.023808,0.8487,0x0,20,3
2026-03-28T12:41:51.465068,56.2,55.8,19.0,2400.027136,0.8487,0x0,20,2
2026-03-28T12:41:52.492255,58.4,78.6,19.1,2400.033792,0.8487,0x0,20,1
2026-03-28T12:41:53.522712,57.85,58.0,19.0,2400.030464,0.8487,0x0,20,3
2026-03-28T12:41:54.545399,54.55,52.5,18.7,2400.02048,0.8487,0x0,20,1
2026-03-28T12:41:55.569407,56.75,73.5,18.9,2400.033792,0.8487,0x0,20,1
2026-03-28T12:41:56.598951,55.65,72.6,18.9,2400.030464,0.8487,0x0,20,1
2026-03-28T12:41:57.619601,56.2,53.4,18.9,2400.030464,0.8487,0x0,20,2
2026-03-28T12:41:58.639344,56.2,52.9,18.8,2400.033792,0.8487,0x0,20,1
2026-03-28T12:41:59.661294,58.4,75.2,18.8,2400.030464,0.8487,0x0,20,2
2026-03-28T12:42:00.686231,56.2,63.5,18.6,2400.023808,0.8487,0x0,20,1
2026-03-28T12:42:01.709579,58.4,55.7,18.6,2400.027136,0.8487,0x0,20,1
2026-03-28T12:42:02.730715,57.3,60.8,18.6,2400.027136,0.8487,0x0,20,1
2026-03-28T12:42:03.755366,57.3,76.3,18.6,2400.030464,0.8487,0x0,20,4
2026-03-28T12:42:04.785683,56.2,56.6,18.7,2400.033792,0.8487,0x0,20,1
2026-03-28T12:42:05.806303,57.3,55.2,18.6,2400.02048,0.8487,0x0,20,1
2026-03-28T12:42:06.839033,56.75,77.0,18.8,2400.027136,0.8487,0x0,20,1
2026-03-28T12:42:07.865481,57.3,60.8,19.2,2400.033792,0.8487,0x0,20,3
2026-03-28T12:42:08.885759,56.75,53.1,18.9,2400.02048,0.8487,0x0,20,1
2026-03-28T12:42:09.936225,56.75,59.8,19.1,2400.023808,0.8487,0x0,20,3
2026-03-28T12:42:10.964973,56.2,77.2,19.1,2400.033792,0.8487,0x0,20,3
2026-03-28T12:42:11.985145,57.3,54.2,18.8,2400.027136,0.8487,0x0,20,0
2026-03-28T12:42:13.013236,55.65,54.3,18.8,2400.02048,0.8487,0x0,20,3
2026-03-28T12:42:14.042119,56.75,75.7,18.7,2400.02048,0.8487,0x0,20,1
2026-03-28T12:42:15.067970,56.2,63.4,18.9,2400.033792,0.8487,0x0,20,3
2026-03-28T12:42:16.096437,55.65,57.0,19.1,2400.033792,0.8487,0x0,20,1
2026-03-28T12:42:17.114672,56.75,61.0,19.1,2400.023808,0.8487,0x0,20,1
2026-03-28T12:42:18.144493,56.2,76.5,18.8,2400.033792,0.8487,0x0,20,1
2026-03-28T12:42:19.163080,56.2,54.3,19.1,2400.02048,0.8487,0x0,20,4
2026-03-28T12:42:20.192778,56.75,63.9,18.9,2400.027136,0.8487,0x0,20,1
2026-03-28T12:42:21.222256,58.4,72.6,19.1,2400.027136,0.8487,0x0,20,4
2026-03-28T12:42:22.261515,57.3,69.2,18.9,2400.033792,0.8487,0x0,20,1
2026-03-28T12:42:23.280439,55.65,54.1,18.6,2400.023808,0.8487,0x0,20,1
2026-03-28T12:42:24.301303,56.2,53.9,18.8,2400.030464,0.8487,0x0,20,4
2026-03-28T12:42:25.324631,57.3,78.9,18.8,2400.023808,0.8487,0x0,20,3
2026-03-28T12:42:26.358812,57.3,58.2,19.1,2400.027136,0.8487,0x0,20,1
2026-03-28T12:42:27.379726,56.2,54.1,18.9,2400.033792,0.8487,0x0,20,3
2026-03-28T12:42:28.402945,57.3,64.1,19.0,2400.03712,0.8487,0x0,20,2
2026-03-28T12:42:29.431363,55.65,71.7,18.9,2400.02048,0.8487,0x0,20,1
2026-03-28T12:42:30.454409,56.75,55.4,18.9,2400.023808,0.8487,0x0,20,1
2026-03-28T12:42:31.481790,55.65,56.1,19.0,2400.027136,0.8487,0x0,20,3
2026-03-28T12:42:32.502498,57.3,77.6,19.2,2400.023808,0.8487,0x0,20,2
2026-03-28T12:42:33.536341,56.2,56.1,19.0,2400.033792,0.8487,0x0,20,2
2026-03-28T12:42:34.563461,56.2,54.2,18.6,2400.033792,0.8487,0x0,20,1
2026-03-28T12:42:35.583952,57.3,67.3,18.5,2400.030464,0.8487,0x0,20,2
2026-03-28T12:42:36.609475,57.3,72.2,18.6,2400.02048,0.8487,0x0,20,3
2026-03-28T12:42:37.630294,57.3,55.6,18.5,2400.017408,0.8487,0x0,20,3
2026-03-28T12:42:38.647723,55.65,54.5,18.4,2400.030464,0.8487,0x0,20,2
2026-03-28T12:42:39.666588,56.75,76.4,18.4,2400.023808,0.8487,0x0,20,1
2026-03-28T12:42:40.684990,57.3,60.5,18.4,2400.030464,0.8487,0x0,20,3
2026-03-28T12:42:41.706060,55.1,53.9,18.4,2400.02048,0.8487,0x0,20,2
2026-03-28T12:42:42.726368,57.3,60.2,18.8,2400.023808,0.8487,0x0,20,1
2026-03-28T12:42:43.748824,55.65,76.5,19.0,2400.033792,0.8487,0x0,20,1
2026-03-28T12:42:44.772721,55.1,51.4,18.9,2400.03712,0.8487,0x0,20,1
2026-03-28T12:42:45.792188,55.1,55.5,18.7,2400.023808,0.8487,0x0,20,1
2026-03-28T12:42:46.813887,56.75,79.2,18.8,2400.023808,0.8487,0x0,20,2
2026-03-28T12:42:47.835224,56.2,62.8,19.0,2400.033792,0.8487,0x0,20,1
2026-03-28T12:42:48.863953,55.65,52.1,19.0,2400.033792,0.8487,0x0,20,1
2026-03-28T12:42:49.882347,55.65,57.5,18.9,2400.023808,0.8487,0x0,20,2
2026-03-28T12:42:50.912119,55.65,80.4,19.1,2400.033792,0.8487,0x0,20,2
2026-03-28T12:42:51.933555,56.2,53.9,19.2,2400.030464,0.8487,0x0,20,2
2026-03-28T12:42:52.955401,55.65,53.9,19.0,2400.030464,0.8487,0x0,20,2
2026-03-28T12:42:53.982110,57.85,60.3,18.9,2400.023808,0.8487,0x0,20,2
2026-03-28T12:42:55.008319,56.2,72.7,18.8,2400.033792,0.8487,0x0,20,1
2026-03-28T12:42:56.028363,55.65,55.2,18.9,2400.030464,0.8487,0x0,20,1
2026-03-28T12:42:57.047555,55.65,56.9,18.5,2400.033792,0.8487,0x0,20,3
2026-03-28T12:42:58.066959,56.75,76.9,18.5,2400.023808,0.8487,0x0,20,1
2026-03-28T12:42:59.101540,55.65,58.6,18.5,2400.030464,0.8487,0x0,20,3
2026-03-28T12:43:00.120988,56.2,53.1,18.9,2400.023808,0.8487,0x0,20,1
2026-03-28T12:43:01.140298,57.85,60.6,18.9,2400.033792,0.8487,0x0,20,1
2026-03-28T12:43:02.167491,56.2,74.7,19.0,2400.033792,0.8487,0x0,20,1
2026-03-28T12:43:03.191077,56.2,54.3,18.8,2400.027136,0.8487,0x0,20,1
2026-03-28T12:43:04.216046,55.65,54.6,19.1,2400.02048,0.8487,0x0,20,2
2026-03-28T12:43:05.239012,57.3,76.8,19.1,2400.030464,0.8487,0x0,20,1
2026-03-28T12:43:06.262611,55.65,61.3,18.8,2400.023808,0.8487,0x0,20,1
2026-03-28T12:43:07.284120,56.75,53.4,18.6,2400.02048,0.8487,0x0,20,2
2026-03-28T12:43:08.308812,56.2,60.0,18.6,2400.033792,0.8487,0x0,20,1
2026-03-28T12:43:09.329903,54.55,76.8,18.7,2400.02048,0.8487,0x0,20,1
2026-03-28T12:43:10.348071,56.2,56.6,18.6,2400.030464,0.8487,0x0,20,1
2026-03-28T12:43:11.368628,55.1,55.1,18.5,2400.03712,0.8487,0x0,20,1
2026-03-28T12:43:12.389540,58.4,76.2,18.9,2400.023808,0.8487,0x0,20,1
2026-03-28T12:43:13.418419,56.2,64.4,19.0,2400.02048,0.8487,0x0,20,3
2026-03-28T12:43:14.441304,55.65,55.6,18.7,2400.030464,0.8487,0x0,20,2
2026-03-28T12:43:15.470400,57.3,58.9,18.8,2400.02048,0.8487,0x0,20,2
2026-03-28T12:43:16.491821,56.2,80.7,19.0,2400.02048,0.8487,0x0,20,2
2026-03-28T12:43:17.515479,57.3,54.8,18.8,2400.030464,0.8487,0x0,20,3
2026-03-28T12:43:18.533950,55.65,54.1,18.7,2400.030464,0.8487,0x0,20,1
2026-03-28T12:43:19.556698,57.3,66.7,18.8,2400.027136,0.8487,0x0,20,1
2026-03-28T12:43:20.582441,56.75,70.2,18.8,2400.030464,0.8487,0x0,20,1
2026-03-28T12:43:21.602769,57.85,54.5,18.5,2400.023808,0.8487,0x0,20,1
2026-03-28T12:43:22.623737,56.75,55.0,18.4,2400.02048,0.8487,0x0,20,3
2026-03-28T12:43:23.745005,57.3,78.0,18.4,2400.023808,0.8487,0x0,20,2
2026-03-28T12:43:24.769257,55.1,55.6,18.6,2400.027136,0.8487,0x0,20,1
2026-03-28T12:43:25.801638,56.2,55.3,19.0,2400.023808,0.8487,0x0,20,1
2026-03-28T12:43:26.822600,57.3,64.7,19.1,2400.033792,0.8487,0x0,20,1
2026-03-28T12:43:27.844827,56.2,72.1,19.0,2400.027136,0.8487,0x0,20,1
2026-03-28T12:43:28.863997,56.2,54.6,19.1,2400.033792,0.8487,0x0,20,1
2026-03-28T12:43:29.908094,54.0,55.8,18.8,2400.033792,0.8487,0x0,20,1
2026-03-28T12:43:30.929652,58.4,80.9,18.9,2400.02048,0.8487,0x0,20,3
2026-03-28T12:43:31.962945,56.2,56.2,18.7,2400.02048,0.8487,0x0,20,2
2026-03-28T12:43:32.985387,56.75,55.0,18.5,2400.02048,0.8487,0x0,20,3
2026-03-28T12:43:34.006332,56.75,64.5,18.4,2400.02048,0.8487,0x0,20,1
2026-03-28T12:43:35.029549,55.65,75.1,18.3,2400.033792,0.8487,0x0,20,2
2026-03-28T12:43:36.051106,55.65,55.1,18.7,2400.030464,0.8487,0x0,20,3
2026-03-28T12:43:37.074970,55.1,54.3,18.7,2400.02048,0.8487,0x0,20,2
2026-03-28T12:43:38.100254,56.75,76.4,19.1,2400.027136,0.8487,0x0,20,1
2026-03-28T12:43:39.122178,56.75,66.3,19.1,2400.023808,0.8487,0x0,20,1
2026-03-28T12:43:40.141638,56.2,55.7,19.0,2400.02048,0.8487,0x0,20,4
2026-03-28T12:43:41.162949,56.75,62.3,18.9,2400.027136,0.8487,0x0,20,1
2026-03-28T12:43:42.184879,57.3,76.6,18.7,2400.027136,0.8487,0x0,20,2
2026-03-28T12:43:43.203343,57.85,53.8,18.6,2400.02048,0.8487,0x0,20,1
2026-03-28T12:43:44.228283,56.75,53.1,18.5,2400.030464,0.8487,0x0,20,1
2026-03-28T12:43:45.250309,57.85,72.2,18.7,2400.02048,0.8487,0x0,20,1
2026-03-28T12:43:46.275564,55.1,66.2,18.7,2400.02048,0.8487,0x0,20,3
2026-03-28T12:43:47.296391,56.2,54.1,18.7,2400.033792,0.8487,0x0,20,1
2026-03-28T12:43:48.321265,57.85,58.0,18.9,2400.027136,0.8487,0x0,20,1
2026-03-28T12:43:49.342952,58.4,78.6,18.8,2400.030464,0.8487,0x0,20,1
2026-03-28T12:43:50.364730,56.2,55.7,18.7,2400.030464,0.8487,0x0,20,1
2026-03-28T12:43:51.385459,57.3,56.0,18.3,2400.023808,0.8487,0x0,20,2
2026-03-28T12:43:52.404825,57.85,68.1,18.5,2400.02048,0.8487,0x0,20,2
2026-03-28T12:43:53.434981,56.2,67.3,18.7,2400.02048,0.8487,0x0,20,3
2026-03-28T12:43:54.462833,56.75,54.0,18.7,2400.023808,0.8487,0x0,20,1
2026-03-28T12:43:55.482938,55.65,58.3,18.7,2400.023808,0.8487,0x0,20,1
2026-03-28T12:43:56.510821,57.3,80.4,19.1,2400.033792,0.8487,0x0,20,2
2026-03-28T12:43:57.535609,56.2,56.2,18.9,2400.023808,0.8487,0x0,20,2
2026-03-28T12:43:58.554226,58.4,55.9,18.7,2400.02048,0.8487,0x0,20,1
2026-03-28T12:43:59.578989,58.4,66.7,18.9,2400.030464,0.8487,0x0,20,2
2026-03-28T12:44:00.608032,56.2,69.7,19.0,2400.03712,0.8487,0x0,20,3
2026-03-28T12:44:01.627423,56.2,55.3,19.1,2400.030464,0.8487,0x0,20,4
2026-03-28T12:44:02.650446,56.75,54.0,18.8,2400.027136,0.8487,0x0,20,1
2026-03-28T12:44:03.677142,57.85,78.5,18.9,2400.023808,0.8487,0x0,20,3
2026-03-28T12:44:04.712329,58.4,63.1,19.0,2400.023808,0.8487,0x0,20,1
2026-03-28T12:44:05.730936,56.75,55.4,18.9,2400.033792,0.8487,0x0,20,1
2026-03-28T12:44:06.750964,57.85,60.7,19.0,2400.033792,0.8487,0x0,20,1
2026-03-28T12:44:07.777474,57.3,77.3,18.7,2400.030464,0.8487,0x0,20,2
2026-03-28T12:44:08.801125,55.65,52.6,19.0,2400.02048,0.8487,0x0,20,1
2026-03-28T12:44:09.819536,57.3,54.1,19.2,2400.030464,0.8487,0x0,20,2
2026-03-28T12:44:10.845099,58.4,72.4,19.2,2400.03712,0.8487,0x0,20,1
2026-03-28T12:44:11.870461,56.75,65.1,19.1,2400.02048,0.8487,0x0,20,1
2026-03-28T12:44:12.893369,56.2,53.1,18.9,2400.023808,0.8487,0x0,20,2
2026-03-28T12:44:13.917808,56.75,56.9,18.8,2400.033792,0.8487,0x0,20,3
2026-03-28T12:44:14.940777,56.2,80.0,18.5,2400.033792,0.8487,0x0,20,1
2026-03-28T12:44:15.970362,56.75,55.1,18.8,2400.023808,0.8487,0x0,20,1
2026-03-28T12:44:16.991105,56.75,55.4,18.6,2400.02048,0.8487,0x0,20,2
2026-03-28T12:44:18.016163,58.95,67.6,18.5,2400.030464,0.8487,0x0,20,3
2026-03-28T12:44:19.048480,57.85,70.7,18.4,2400.033792,0.8487,0x0,20,1
2026-03-28T12:44:20.067742,58.4,56.1,18.5,2400.027136,0.8487,0x0,20,1
2026-03-28T12:44:21.087955,56.75,55.8,18.8,2400.030464,0.8487,0x0,20,1
2026-03-28T12:44:22.110010,59.5,79.5,18.8,2400.030464,0.8487,0x0,20,3
2026-03-28T12:44:23.137502,57.3,56.6,18.7,2400.02048,0.8487,0x0,20,1
2026-03-28T12:44:24.158158,56.75,54.5,18.6,2400.02048,0.8487,0x0,20,3
2026-03-28T12:44:25.186992,58.4,67.3,18.5,2400.03712,0.8487,0x0,20,1
2026-03-28T12:44:26.213375,57.3,72.2,18.5,2400.030464,0.8487,0x0,20,3
2026-03-28T12:44:27.233021,58.95,54.6,18.4,2400.027136,0.8487,0x0,20,2
2026-03-28T12:44:28.251554,57.85,55.4,18.4,2400.02048,0.8487,0x0,20,3
2026-03-28T12:44:29.270142,58.4,77.4,18.8,2400.027136,0.8487,0x0,20,3
2026-03-28T12:44:30.302216,58.4,65.5,18.9,2400.033792,0.8487,0x0,20,1
2026-03-28T12:44:31.322223,57.85,55.8,18.6,2400.030464,0.8487,0x0,20,1
2026-03-28T12:44:32.347746,58.4,60.8,18.9,2400.030464,0.8487,0x0,20,3
2026-03-28T12:44:33.371362,58.95,77.6,18.9,2400.02048,0.8487,0x0,20,1
2026-03-28T12:44:34.390197,57.85,54.0,18.8,2400.030464,0.8487,0x0,20,1
2026-03-28T12:44:35.421015,57.85,56.2,18.7,2400.030464,0.8487,0x0,20,1
2026-03-28T12:44:36.447851,59.5,75.0,18.9,2400.030464,0.8487,0x0,20,1
2026-03-28T12:44:37.473294,57.85,65.9,18.7,2400.033792,0.8487,0x0,20,1
2026-03-28T12:44:38.498223,56.75,53.2,18.8,2400.023808,0.8487,0x0,20,3
2026-03-28T12:44:39.517841,58.4,59.0,18.9,2400.03712,0.8487,0x0,20,1
2026-03-28T12:44:40.553222,59.5,79.4,18.8,2400.033792,0.8487,0x0,20,1
2026-03-28T12:44:41.578890,58.95,54.5,18.6,2400.023808,0.8487,0x0,20,1
2026-03-28T12:44:42.601057,58.4,53.7,18.5,2400.023808,0.8487,0x0,20,1
2026-03-28T12:44:43.626099,60.6,70.1,18.7,2400.033792,0.8487,0x0,20,1
2026-03-28T12:44:44.647488,57.3,66.9,18.5,2400.033792,0.8487,0x0,20,0
2026-03-28T12:44:45.671983,56.75,54.9,18.5,2400.030464,0.8487,0x0,20,2
2026-03-28T12:44:46.691559,57.85,56.6,19.0,2400.03712,0.8487,0x0,20,1
2026-03-28T12:44:47.711646,60.6,80.5,18.8,2400.023808,0.8487,0x0,20,1
2026-03-28T12:44:48.737203,58.95,56.5,18.8,2400.023808,0.8487,0x0,20,1
2026-03-28T12:44:49.758877,58.95,54.7,19.0,2400.023808,0.8487,0x0,20,3
2026-03-28T12:44:50.785531,59.5,65.5,18.8,2400.027136,0.8487,0x0,20,2
2026-03-28T12:44:51.812475,60.05,72.8,18.5,2400.033792,0.8487,0x0,20,1
2026-03-28T12:44:52.835100,58.4,56.5,18.5,2400.033792,0.8487,0x0,20,2
2026-03-28T12:44:53.855353,57.85,52.9,18.7,2400.02048,0.8487,0x0,20,1
2026-03-28T12:44:54.881148,58.95,77.5,19.0,2400.02048,0.8487,0x0,20,2
2026-03-28T12:44:55.902636,58.4,66.5,19.1,2400.033792,0.8487,0x0,20,2
2026-03-28T12:44:56.924512,59.5,54.4,18.9,2400.02048,0.8487,0x0,20,4
2026-03-28T12:44:57.947321,58.4,61.8,18.7,2400.033792,0.8487,0x0,20,2
2026-03-28T12:44:58.970030,58.4,76.2,18.6,2400.023808,0.8487,0x0,20,1
2026-03-28T12:44:59.987035,58.95,55.0,18.5,2400.030464,0.8487,0x0,20,1
2026-03-28T12:45:01.012961,57.3,54.7,18.6,2400.030464,0.8487,0x0,20,1
2026-03-28T12:45:02.033061,58.95,69.2,18.8,2400.027136,0.8487,0x0,20,3
2026-03-28T12:45:03.054828,58.95,67.8,19.0,2400.033792,0.8487,0x0,20,3
2026-03-28T12:45:04.087546,58.4,54.3,18.6,2400.023808,0.8487,0x0,20,1
2026-03-28T12:45:05.108055,58.4,58.3,18.5,2400.030464,0.8487,0x0,20,2
2026-03-28T12:45:06.126974,58.4,79.7,18.4,2400.033792,0.8487,0x0,20,2
2026-03-28T12:45:07.149919,58.4,54.2,18.6,2400.033792,0.8487,0x0,20,3
2026-03-28T12:45:08.169826,57.85,54.7,18.6,2400.027136,0.8487,0x0,20,2
2026-03-28T12:45:09.194097,58.4,67.2,18.9,2400.030464,0.8487,0x0,20,2
2026-03-28T12:45:10.217452,57.3,69.7,19.1,2400.023808,0.8487,0x0,20,3
2026-03-28T12:45:11.238205,58.4,56.9,18.7,2400.033792,0.8487,0x0,20,1
2026-03-28T12:45:12.258940,58.95,55.0,18.6,2400.023808,0.8487,0x0,20,1
2026-03-28T12:45:13.281263,57.85,78.6,19.2,2400.030464,0.8487,0x0,20,1
2026-03-28T12:45:14.303577,59.5,57.6,18.9,2400.030464,0.8487,0x0,20,3
2026-03-28T12:45:15.325430,58.95,55.4,18.8,2400.023808,0.8487,0x0,20,1
2026-03-28T12:45:16.349597,60.6,65.5,18.9,2400.023808,0.8487,0x0,20,3
2026-03-28T12:45:17.379053,60.6,73.7,18.7,2400.02048,0.8487,0x0,20,3
2026-03-28T12:45:18.402199,58.95,53.2,18.4,2400.033792,0.8487,0x0,20,2
2026-03-28T12:45:19.424297,59.5,54.1,18.3,2400.023808,0.8487,0x0,20,3
2026-03-28T12:45:20.454602,59.5,80.0,18.7,2400.030464,0.8487,0x0,20,4
2026-03-28T12:45:21.489110,58.4,60.9,19.1,2400.023808,0.8487,0x0,20,1
2026-03-28T12:45:22.528158,58.4,54.1,19.2,2400.030464,0.8487,0x0,20,1
2026-03-28T12:45:23.548067,58.95,59.6,19.3,2400.027136,0.8487,0x0,20,2
2026-03-28T12:45:24.567363,58.4,76.1,19.2,2400.033792,0.8487,0x0,20,2
2026-03-28T12:45:25.589308,59.5,55.9,19.0,2400.02048,0.8487,0x0,20,1
2026-03-28T12:45:26.608011,58.4,55.7,19.0,2400.030464,0.8487,0x0,20,1
2026-03-28T12:45:27.628530,58.95,71.5,18.8,2400.030464,0.8487,0x0,20,2
2026-03-28T12:45:28.650019,57.85,67.0,18.7,2400.030464,0.8487,0x0,20,1
2026-03-28T12:45:29.668619,58.95,54.6,18.7,2400.027136,0.8487,0x0,20,1
2026-03-28T12:45:30.689169,57.3,58.9,18.6,2400.02048,0.8487,0x0,20,1
2026-03-28T12:45:31.710604,59.5,79.1,18.5,2400.027136,0.8487,0x0,20,1
2026-03-28T12:45:32.729814,58.4,54.1,18.9,2400.033792,0.8487,0x0,20,1
2026-03-28T12:45:33.754919,57.85,53.7,19.1,2400.033792,0.8487,0x0,20,1
2026-03-28T12:45:34.774807,58.95,69.9,18.9,2400.017408,0.8487,0x0,20,3
2026-03-28T12:45:35.797288,59.5,68.0,18.8,2400.03712,0.8487,0x0,20,1
2026-03-28T12:45:36.820358,57.85,56.2,18.8,2400.02048,0.8487,0x0,20,1
2026-03-28T12:45:37.843002,58.4,56.4,18.9,2400.027136,0.8487,0x0,20,2
2026-03-28T12:45:38.866326,58.95,80.1,19.0,2400.027136,0.8487,0x0,20,1
2026-03-28T12:45:39.886753,58.95,54.2,18.9,2400.030464,0.8487,0x0,20,1
2026-03-28T12:45:40.909087,58.95,56.5,18.8,2400.030464,0.8487,0x0,20,1
2026-03-28T12:45:41.929210,59.5,65.4,18.9,2400.023808,0.8487,0x0,20,1
2026-03-28T12:45:42.959755,58.95,70.8,18.7,2400.023808,0.8487,0x0,20,1
2026-03-28T12:45:43.983211,57.3,53.8,18.9,2400.02048,0.8487,0x0,20,1
2026-03-28T12:45:45.004118,58.95,56.2,18.5,2400.033792,0.8487,0x0,20,0
2026-03-28T12:45:46.027567,58.4,82.2,18.7,2400.02048,0.8487,0x0,20,2
2026-03-28T12:45:47.052541,57.85,58.9,18.9,2400.03712,0.8487,0x0,20,1
2026-03-28T12:45:48.071520,58.95,54.3,19.0,2400.030464,0.8487,0x0,20,3
2026-03-28T12:45:49.094044,58.4,61.6,18.9,2400.033792,0.8487,0x0,20,2
2026-03-28T12:45:50.118804,58.4,76.6,19.0,2400.030464,0.8487,0x0,20,1
2026-03-28T12:45:51.136802,56.2,54.7,18.8,2400.023808,0.8487,0x0,20,1
2026-03-28T12:45:52.155413,58.4,65.1,18.8,2400.027136,0.8487,0x0,20,1
2026-03-28T12:45:53.175683,58.95,70.3,18.7,2400.027136,0.8487,0x0,20,3
2026-03-28T12:45:54.209891,57.85,67.6,18.5,2400.027136,0.8487,0x0,20,3
2026-03-28T12:45:55.230684,57.85,56.8,18.6,2400.03712,0.8487,0x0,20,2
2026-03-28T12:45:56.254365,57.85,57.4,18.5,2400.02048,0.8487,0x0,20,3
2026-03-28T12:45:57.273421,58.4,79.0,18.6,2400.03712,0.8487,0x0,20,1
2026-03-28T12:45:58.303067,58.95,56.2,18.6,2400.017408,0.8487,0x0,20,2
2026-03-28T12:45:59.322924,58.95,55.9,18.9,2400.02048,0.8487,0x0,20,3
2026-03-28T12:46:00.344672,58.4,64.8,19.0,2400.03712,0.8487,0x0,20,1
2026-03-28T12:46:01.373190,57.85,71.5,19.1,2400.030464,0.8487,0x0,20,2
2026-03-28T12:46:02.394964,58.4,56.6,19.1,2400.033792,0.8487,0x0,20,3
2026-03-28T12:46:03.416082,58.4,54.3,18.8,2400.02048,0.8487,0x0,20,1
2026-03-28T12:46:04.535237,58.4,79.0,19.1,2400.023808,0.8487,0x0,20,1
2026-03-28T12:46:05.554725,57.3,56.3,19.0,2400.027136,0.8487,0x0,20,1
2026-03-28T12:46:06.581525,57.85,54.8,18.9,2400.030464,0.8487,0x0,20,2
2026-03-28T12:46:07.600415,58.95,67.6,18.8,2400.033792,0.8487,0x0,20,1
2026-03-28T12:46:08.634341,60.05,71.0,18.7,2400.02048,0.8487,0x0,20,1
2026-03-28T12:46:09.654585,58.95,53.9,18.5,2400.030464,0.8487,0x0,20,1
2026-03-28T12:46:10.674119,57.85,58.6,18.6,2400.030464,0.8487,0x0,20,1
2026-03-28T12:46:11.699586,59.5,81.0,18.8,2400.030464,0.8487,0x0,20,2
2026-03-28T12:46:12.720378,58.95,56.9,19.1,2400.027136,0.8487,0x0,20,1
2026-03-28T12:46:13.738546,57.85,54.8,18.8,2400.03712,0.8487,0x0,20,3
2026-03-28T12:46:14.757403,57.85,61.7,18.6,2400.033792,0.8487,0x0,20,3
2026-03-28T12:46:15.786629,57.3,75.6,18.6,2400.033792,0.8487,0x0,20,3
2026-03-28T12:46:16.810408,56.75,55.1,18.6,2400.030464,0.8487,0x0,20,2
2026-03-28T12:46:17.832696,58.4,54.7,18.6,2400.023808,0.8487,0x0,20,1
2026-03-28T12:46:18.852634,58.4,75.2,18.7,2400.030464,0.8487,0x0,20,1
2026-03-28T12:46:19.880413,58.4,62.0,18.7,2400.027136,0.8487,0x0,20,3
2026-03-28T12:46:20.900572,57.3,55.5,18.7,2400.023808,0.8487,0x0,20,1
2026-03-28T12:46:21.927457,57.85,57.6,18.9,2400.027136,0.8487,0x0,20,1
2026-03-28T12:46:22.951509,58.4,77.2,18.7,2400.023808,0.8487,0x0,20,3
2026-03-28T12:46:23.976402,58.4,54.4,18.7,2400.023808,0.8487,0x0,20,3
2026-03-28T12:46:25.000846,56.75,55.2,18.9,2400.017408,0.8487,0x0,20,1
2026-03-28T12:46:26.021793,58.95,70.7,18.9,2400.033792,0.8487,0x0,20,2
2026-03-28T12:46:27.049662,58.95,69.1,18.9,2400.030464,0.8487,0x0,20,1
2026-03-28T12:46:28.070247,56.2,53.9,18.8,2400.030464,0.8487,0x0,20,3
2026-03-28T12:46:29.098011,56.75,55.7,18.9,2400.02048,0.8487,0x0,20,1
2026-03-28T12:46:30.120718,57.85,81.2,19.1,2400.030464,0.8487,0x0,20,0
2026-03-28T12:46:31.142570,57.85,55.7,18.9,2400.02048,0.8487,0x0,20,1
2026-03-28T12:46:32.165588,56.75,54.5,19.1,2400.023808,0.8487,0x0,20,3
2026-03-28T12:46:33.185036,59.5,66.3,19.2,2400.027136,0.8487,0x0,20,1
2026-03-28T12:46:34.204404,57.85,70.4,19.1,2400.030464,0.8487,0x0,20,1
2026-03-28T12:46:35.225684,58.95,57.7,19.1,2400.030464,0.8487,0x0,20,3
2026-03-28T12:46:36.252207,56.75,56.2,18.7,2400.033792,0.8487,0x0,20,3
2026-03-28T12:46:37.270456,60.05,76.2,18.5,2400.027136,0.8487,0x0,20,3
2026-03-28T12:46:38.308897,56.75,63.7,18.6,2400.02048,0.8487,0x0,20,1
2026-03-28T12:46:39.329866,57.3,54.0,18.5,2400.02048,0.8487,0x0,20,1
2026-03-28T12:46:40.351462,57.85,62.7,18.6,2400.033792,0.8487,0x0,20,1
2026-03-28T12:46:41.377044,59.5,76.3,19.0,2400.023808,0.8487,0x0,20,3
2026-03-28T12:46:42.399955,57.85,55.8,18.7,2400.033792,0.8487,0x0,20,4
2026-03-28T12:46:43.424953,56.75,54.1,19.0,2400.030464,0.8487,0x0,20,3
2026-03-28T12:46:44.448165,58.95,77.2,18.9,2400.027136,0.8487,0x0,20,1
2026-03-28T12:46:45.469308,57.3,62.6,18.8,2400.030464,0.8487,0x0,20,1
2026-03-28T12:46:46.490254,57.3,55.6,18.9,2400.017408,0.8487,0x0,20,1
2026-03-28T12:46:47.511307,59.5,63.4,18.8,2400.030464,0.8487,0x0,20,2
2026-03-28T12:46:48.540802,57.85,76.5,19.0,2400.027136,0.8487,0x0,20,3
2026-03-28T12:46:49.570007,57.3,54.5,18.8,2400.030464,0.8487,0x0,20,1
2026-03-28T12:46:50.593075,57.3,55.9,18.8,2400.023808,0.8487,0x0,20,2
2026-03-28T12:46:51.614204,58.4,76.3,18.5,2400.033792,0.8487,0x0,20,1
2026-03-28T12:46:52.635211,57.3,61.6,18.5,2400.027136,0.8487,0x0,20,3
2026-03-28T12:46:53.657533,56.75,54.5,18.4,2400.027136,0.8487,0x0,20,4
2026-03-28T12:46:54.678235,59.5,60.0,18.4,2400.023808,0.8487,0x0,20,2
2026-03-28T12:46:55.697562,58.95,77.4,18.5,2400.027136,0.8487,0x0,20,1
2026-03-28T12:46:56.715208,57.85,54.6,18.9,2400.027136,0.8487,0x0,20,1
2026-03-28T12:46:57.733911,58.4,55.1,19.0,2400.033792,0.8487,0x0,20,1
2026-03-28T12:46:58.752872,57.85,70.7,19.3,2400.03712,0.8487,0x0,20,3
2026-03-28T12:46:59.775714,56.75,65.3,19.2,2400.03712,0.8487,0x0,20,3
2026-03-28T12:47:00.797659,57.85,54.5,19.2,2400.023808,0.8487,0x0,20,3
2026-03-28T12:47:01.825450,57.85,56.3,19.2,2400.02048,0.8487,0x0,20,1
2026-03-28T12:47:02.848173,59.5,79.3,19.2,2400.033792,0.8487,0x0,20,1
2026-03-28T12:47:03.867740,58.4,58.0,19.2,2400.03712,0.8487,0x0,20,2
2026-03-28T12:47:04.894739,57.3,55.4,18.8,2400.033792,0.8487,0x0,20,2
2026-03-28T12:47:06.016891,57.85,69.5,18.6,2400.023808,0.8487,0x0,20,2
2026-03-28T12:47:07.037798,57.3,69.0,18.6,2400.030464,0.8487,0x0,20,3
2026-03-28T12:47:08.061778,57.3,54.6,18.4,2400.023808,0.8487,0x0,20,3
2026-03-28T12:47:09.085494,56.75,56.9,18.7,2400.02048,0.8487,0x0,20,1
2026-03-28T12:47:10.107551,58.4,80.9,18.9,2400.02048,0.8487,0x0,20,4
2026-03-28T12:47:11.132816,56.2,54.6,18.9,2400.030464,0.8487,0x0,20,2
2026-03-28T12:47:12.152624,56.75,53.9,18.6,2400.027136,0.8487,0x0,20,1
2026-03-28T12:47:13.173864,57.3,65.4,18.5,2400.023808,0.8487,0x0,20,1
2026-03-28T12:47:14.200346,56.75,78.9,18.6,2400.02048,0.8487,0x0,20,2
2026-03-28T12:47:15.234223,57.85,66.7,18.6,2400.033792,0.8487,0x0,20,1
2026-03-28T12:47:16.268286,58.4,68.8,19.1,2400.03712,0.8487,0x0,20,1
2026-03-28T12:47:17.287575,57.85,63.5,19.1,2400.027136,0.8487,0x0,20,1
2026-03-28T12:47:18.312136,57.85,77.2,19.2,2400.033792,0.8487,0x0,20,4
2026-03-28T12:47:19.333799,57.3,53.8,19.4,2400.023808,0.8487,0x0,20,1
2026-03-28T12:47:20.356953,56.2,57.3,19.6,2400.027136,0.8487,0x0,20,2
2026-03-28T12:47:21.375722,57.85,68.5,19.3,2400.027136,0.8487,0x0,20,1
2026-03-28T12:47:22.409621,58.4,68.3,19.3,2400.030464,0.8487,0x0,20,0
2026-03-28T12:47:23.428607,56.75,52.4,19.2,2400.027136,0.8487,0x0,20,1
2026-03-28T12:47:24.451327,57.3,57.6,19.1,2400.027136,0.8487,0x0,20,1
2026-03-28T12:47:25.476077,57.85,78.2,19.0,2400.030464,0.8487,0x0,20,1
2026-03-28T12:47:26.498025,58.4,53.9,18.9,2400.027136,0.8487,0x0,20,1
2026-03-28T12:47:27.519413,57.3,56.4,19.1,2400.023808,0.8487,0x0,20,1
2026-03-28T12:47:28.543965,57.85,87.5,19.6,2400.033792,0.8487,0x0,20,5
2026-03-28T12:47:29.568597,57.85,93.7,19.7,2400.03712,0.8487,0x0,20,1
2026-03-28T12:47:30.708147,56.75,73.4,19.8,2400.02048,0.8487,0x0,20,1
2026-03-28T12:47:31.736390,57.3,64.0,19.7,2400.030464,0.8487,0x0,20,1
2026-03-28T12:47:32.755919,57.3,65.1,19.6,2400.033792,0.8487,0x0,20,3
2026-03-28T12:47:33.793716,58.4,70.2,19.6,2400.03712,0.8487,0x0,20,1
2026-03-28T12:47:34.819414,57.85,79.9,19.8,2400.02048,0.8487,0x0,20,1
2026-03-28T12:47:35.840943,57.85,56.7,20.0,2400.023808,0.8487,0x0,20,1
2026-03-28T12:47:36.864494,56.75,55.0,19.8,2400.033792,0.8487,0x0,20,3
2026-03-28T12:47:37.885454,57.85,73.2,20.0,2400.027136,0.8487,0x0,20,3
2026-03-28T12:47:38.910475,58.4,65.4,20.2,2400.017408,0.8487,0x0,20,1
2026-03-28T12:47:39.932841,56.2,55.6,20.0,2400.030464,0.8487,0x0,20,3
2026-03-28T12:47:40.960543,57.3,55.7,19.7,2400.033792,0.8487,0x0,20,3
2026-03-28T12:47:41.983041,58.4,79.3,19.6,2400.02048,0.8487,0x0,20,1
2026-03-28T12:47:43.003290,58.4,52.1,19.5,2400.033792,0.8487,0x0,20,1
2026-03-28T12:47:44.021933,57.3,55.3,19.5,2400.033792,0.8487,0x0,20,1
2026-03-28T12:47:45.041848,57.85,73.7,20.0,2400.027136,0.8487,0x0,20,1
2026-03-28T12:47:46.070311,58.95,78.3,20.1,2400.023808,0.8487,0x0,20,1
2026-03-28T12:47:47.095936,58.4,85.9,20.8,2400.030464,0.8487,0x0,20,3
2026-03-28T12:47:48.124987,57.3,79.5,21.1,2400.023808,0.8487,0x0,20,3
2026-03-28T12:47:49.145824,58.95,64.8,21.1,2400.030464,0.8487,0x0,20,3
2026-03-28T12:47:50.166952,59.5,68.4,21.1,2400.017408,0.8487,0x0,20,2
2026-03-28T12:47:51.186507,57.85,69.4,21.1,2400.033792,0.8487,0x0,20,2
2026-03-28T12:47:52.207469,57.85,52.0,20.8,2400.027136,0.8487,0x0,20,2
2026-03-28T12:47:53.228144,57.3,53.3,21.0,2400.027136,0.8487,0x0,20,2
2026-03-28T12:47:54.255018,57.85,77.8,20.8,2400.030464,0.8487,0x0,20,2
2026-03-28T12:47:55.283593,57.3,58.6,20.9,2400.033792,0.8487,0x0,20,1
2026-03-28T12:47:56.307465,57.3,53.3,21.0,2400.030464,0.8487,0x0,20,3
2026-03-28T12:47:57.326745,56.75,70.5,21.1,2400.030464,0.8487,0x0,20,3
2026-03-28T12:47:58.354958,56.2,78.2,20.8,2400.027136,0.8487,0x0,20,1
2026-03-28T12:47:59.376932,57.85,60.2,20.5,2400.027136,0.8487,0x0,20,1
2026-03-28T12:48:00.398170,56.75,57.6,20.6,2400.023808,0.8487,0x0,20,1
2026-03-28T12:48:01.416318,58.95,60.6,20.6,2400.017408,0.8487,0x0,20,3
2026-03-28T12:48:02.450043,58.4,78.0,20.4,2400.027136,0.8487,0x0,20,3
2026-03-28T12:48:03.472790,58.4,72.3,20.1,2400.017408,0.8487,0x0,20,3
2026-03-28T12:48:04.493051,57.3,58.7,20.2,2400.030464,0.8487,0x0,20,1
2026-03-28T12:48:05.512024,57.3,60.3,20.1,2400.033792,0.8487,0x0,20,2
2026-03-28T12:48:06.531206,59.5,75.5,19.8,2400.023808,0.8487,0x0,20,0
2026-03-28T12:48:07.653132,57.3,49.8,19.9,2400.033792,0.8487,0x0,20,2
2026-03-28T12:48:08.674686,56.75,53.1,19.8,2400.027136,0.8487,0x0,20,1
2026-03-28T12:48:09.697929,57.85,78.5,19.8,2400.03712,0.8487,0x0,20,2
2026-03-28T12:48:10.722473,58.95,67.3,19.9,2400.027136,0.8487,0x0,20,2
2026-03-28T12:48:11.752655,58.4,74.0,20.5,2400.02048,0.8487,0x0,20,2
2026-03-28T12:48:12.782875,58.4,90.0,20.7,2400.033792,0.8487,0x0,20,3
2026-03-28T12:48:13.805396,58.4,82.3,20.8,2400.023808,0.8487,0x0,20,3
2026-03-28T12:48:14.936535,57.85,71.9,20.7,2400.02048,0.8487,0x0,20,1
2026-03-28T12:48:15.961856,57.3,76.4,20.6,2400.017408,0.8487,0x0,20,2
2026-03-28T12:48:16.986521,58.4,58.8,21.1,2400.027136,0.8487,0x0,20,4
2026-03-28T12:48:18.004970,56.75,60.9,20.8,2400.027136,0.8487,0x0,21,3
2026-03-28T12:48:19.022398,58.4,64.3,20.9,2400.027136,0.8487,0x0,20,1
2026-03-28T12:48:20.050064,58.95,71.6,20.7,2400.02048,0.8487,0x0,20,1
2026-03-28T12:48:21.071819,57.3,54.1,20.8,2400.023808,0.8487,0x0,20,1
2026-03-28T12:48:22.094728,57.3,53.3,20.6,2400.030464,0.8487,0x0,20,2
2026-03-28T12:48:23.113706,58.4,78.6,20.6,2400.033792,0.8487,0x0,20,2
2026-03-28T12:48:24.136967,57.85,58.6,20.7,2400.030464,0.8487,0x0,20,1
2026-03-28T12:48:25.157172,56.75,53.9,20.7,2400.033792,0.8487,0x0,20,1
2026-03-28T12:48:26.181879,57.85,72.9,20.8,2400.027136,0.8487,0x0,20,1
2026-03-28T12:48:27.204261,56.75,72.4,20.8,2400.027136,0.8487,0x0,20,1
2026-03-28T12:48:28.224241,56.75,52.0,20.6,2400.027136,0.8487,0x0,20,3
2026-03-28T12:48:29.242921,57.85,53.8,20.4,2400.030464,0.8487,0x0,20,1
2026-03-28T12:48:30.263581,58.4,78.9,20.3,2400.030464,0.8487,0x0,20,1
2026-03-28T12:48:31.284391,57.85,54.9,20.7,2400.027136,0.8487,0x0,20,3
2026-03-28T12:48:32.306026,57.85,53.9,21.2,2400.023808,0.8487,0x0,20,2
2026-03-28T12:48:33.324955,60.05,69.2,21.2,2400.023808,0.8487,0x0,20,2
2026-03-28T12:48:34.352142,57.3,63.1,21.2,2400.033792,0.8487,0x0,20,0
2026-03-28T12:48:35.373129,58.4,55.9,20.9,2400.033792,0.8487,0x0,20,1
2026-03-28T12:48:36.398357,57.3,58.2,20.8,2400.030464,0.8487,0x0,20,0
2026-03-28T12:48:37.527913,57.85,72.5,20.7,2400.02048,0.8487,0x0,20,1
2026-03-28T12:48:38.548130,57.3,52.1,20.5,2400.033792,0.8487,0x0,20,1
2026-03-28T12:48:39.564753,56.75,51.9,20.5,2400.023808,0.8487,0x0,20,3
2026-03-28T12:48:40.589785,58.95,79.9,20.6,2400.027136,0.8487,0x0,20,4
2026-03-28T12:48:41.618653,57.85,54.1,20.6,2400.023808,0.8487,0x0,20,1
2026-03-28T12:48:42.636829,58.4,53.7,20.7,2400.030464,0.8487,0x0,20,3
2026-03-28T12:48:43.660192,57.85,68.7,20.5,2400.033792,0.8487,0x0,20,2
2026-03-28T12:48:44.685410,57.85,66.5,20.4,2400.027136,0.8487,0x0,20,1
2026-03-28T12:48:45.705859,57.3,52.5,20.3,2400.02048,0.8487,0x0,20,3
2026-03-28T12:48:46.725116,57.3,58.0,20.4,2400.033792,0.8487,0x0,20,1
2026-03-28T12:48:47.747470,59.5,76.1,20.5,2400.027136,0.8487,0x0,20,1
2026-03-28T12:48:48.766224,56.75,51.7,20.5,2400.03712,0.8487,0x0,20,1
2026-03-28T12:48:49.786655,57.3,54.7,20.3,2400.027136,0.8487,0x0,20,2
2026-03-28T12:48:50.817674,57.85,81.4,20.3,2400.023808,0.8487,0x0,20,3
2026-03-28T12:48:51.837645,57.3,56.0,20.3,2400.023808,0.8487,0x0,20,2
2026-03-28T12:48:52.861620,57.3,52.6,20.2,2400.02048,0.8487,0x0,20,3
2026-03-28T12:48:53.887277,58.4,61.0,20.3,2400.02048,0.8487,0x0,20,2
2026-03-28T12:48:54.912227,58.4,71.4,20.7,2400.023808,0.8487,0x0,20,2
2026-03-28T12:48:55.932605,58.4,53.5,20.9,2400.030464,0.8487,0x0,20,3
2026-03-28T12:48:57.055475,58.4,52.7,20.8,2400.030464,0.8487,0x0,20,2
2026-03-28T12:48:58.080509,57.85,79.1,20.9,2400.030464,0.8487,0x0,20,1
2026-03-28T12:48:59.100186,57.85,52.9,20.8,2400.02048,0.8487,0x0,20,3
2026-03-28T12:49:00.119656,56.2,51.2,20.8,2400.027136,0.8487,0x0,20,1
2026-03-28T12:49:01.137139,57.3,68.9,20.9,2400.027136,0.8487,0x0,20,2
2026-03-28T12:49:02.158035,57.3,64.5,20.7,2400.023808,0.8487,0x0,20,1
2026-03-28T12:49:03.179524,54.55,53.4,20.6,2400.033792,0.8487,0x0,20,1
2026-03-28T12:49:04.199480,57.3,58.0,20.5,2400.027136,0.8487,0x0,20,2
2026-03-28T12:49:05.223482,56.75,73.8,20.4,2400.027136,0.8487,0x0,20,1
2026-03-28T12:49:06.245125,56.2,56.1,20.5,2400.030464,0.8487,0x0,20,1
2026-03-28T12:49:07.275151,56.75,52.2,20.2,2400.027136,0.8487,0x0,20,2
2026-03-28T12:49:08.299630,57.85,76.3,20.2,2400.023808,0.8487,0x0,20,3
2026-03-28T12:49:09.328320,56.2,55.6,20.1,2400.02048,0.8487,0x0,20,3
2026-03-28T12:49:10.351840,56.75,54.1,20.0,2400.03712,0.8487,0x0,20,1
2026-03-28T12:49:11.374265,58.95,65.7,20.1,2400.033792,0.8487,0x0,20,3
2026-03-28T12:49:12.497307,56.75,67.3,20.1,2400.023808,0.8487,0x0,20,3
2026-03-28T12:49:13.520681,56.75,50.6,20.0,2400.023808,0.8487,0x0,20,2
2026-03-28T12:49:14.538577,56.75,64.2,20.1,2400.02048,0.8487,0x0,20,2
2026-03-28T12:49:15.560631,56.75,76.1,20.6,2400.02048,0.8487,0x0,20,1
2026-03-28T12:49:16.578289,56.75,50.5,20.4,2400.033792,0.8487,0x0,20,3
2026-03-28T12:49:17.600868,56.75,53.9,20.2,2400.033792,0.8487,0x0,20,3
2026-03-28T12:49:18.621513,56.75,71.2,20.4,2400.02048,0.8487,0x0,20,1
2026-03-28T12:49:19.645977,56.75,60.5,20.6,2400.027136,0.8487,0x0,20,3
2026-03-28T12:49:20.668673,58.4,53.1,20.9,2400.02048,0.8487,0x0,20,1
2026-03-28T12:49:21.689169,57.3,58.1,20.8,2400.030464,0.8487,0x0,20,3
2026-03-28T12:49:22.712614,56.75,73.3,20.5,2400.023808,0.8487,0x0,20,1
2026-03-28T12:49:23.735010,56.75,52.6,20.4,2400.027136,0.8487,0x0,20,1
2026-03-28T12:49:24.759323,56.75,52.9,20.2,2400.02048,0.8487,0x0,20,1
2026-03-28T12:49:25.780753,57.85,78.2,20.4,2400.02048,0.8487,0x0,20,1
2026-03-28T12:49:26.801885,56.2,54.8,20.2,2400.02048,0.8487,0x0,20,3
2026-03-28T12:49:27.821531,56.2,53.0,20.2,2400.03712,0.8487,0x0,20,1
2026-03-28T12:49:28.839187,57.85,68.7,20.1,2400.023808,0.8487,0x0,20,1
2026-03-28T12:49:29.863748,55.65,63.9,20.1,2400.030464,0.8487,0x0,20,3
2026-03-28T12:49:30.882718,56.75,55.1,20.1,2400.023808,0.8487,0x0,20,3
2026-03-28T12:49:32.009396,58.95,61.3,20.2,2400.033792,0.8487,0x0,20,1
2026-03-28T12:49:33.031920,57.85,70.3,20.2,2400.030464,0.8487,0x0,20,0
2026-03-28T12:49:34.143411,57.85,51.1,20.1,2400.033792,0.8487,0x0,20,4
2026-03-28T12:49:35.165311,57.3,58.0,20.1,2400.02048,0.8487,0x0,20,1
2026-03-28T12:49:36.187618,56.75,77.2,20.0,2400.023808,0.8487,0x0,20,1
2026-03-28T12:49:37.207475,57.3,52.7,20.0,2400.017408,0.8487,0x0,20,1
2026-03-28T12:49:38.232743,57.3,51.7,20.1,2400.030464,0.8487,0x0,20,1
2026-03-28T12:49:39.250935,58.4,77.9,20.4,2400.03712,0.8487,0x0,20,1
2026-03-28T12:49:40.271916,56.75,60.2,20.8,2400.030464,0.8487,0x0,20,3
2026-03-28T12:49:41.294226,56.75,53.4,20.7,2400.023808,0.8487,0x0,20,4
2026-03-28T12:49:42.316464,57.85,59.2,20.5,2400.027136,0.8487,0x0,20,1
2026-03-28T12:49:43.340466,57.85,73.9,20.3,2400.033792,0.8487,0x0,20,1
2026-03-28T12:49:44.358218,57.85,51.3,20.2,2400.030464,0.8487,0x0,20,1
2026-03-28T12:49:45.380369,56.2,54.7,20.1,2400.02048,0.8487,0x0,20,2
2026-03-28T12:49:46.400577,57.3,77.4,20.0,2400.033792,0.8487,0x0,20,1
2026-03-28T12:49:47.424185,56.75,54.3,20.0,2400.02048,0.8487,0x0,20,1
2026-03-28T12:49:48.524885,56.75,51.9,20.0,2400.023808,0.8487,0x0,20,1
2026-03-28T12:49:49.548193,57.85,70.4,20.1,2400.030464,0.8487,0x0,20,2
2026-03-28T12:49:50.568330,58.4,64.1,20.0,2400.02048,0.8487,0x0,20,2
2026-03-28T12:49:51.587336,56.75,52.0,20.0,2400.023808,0.8487,0x0,20,3
2026-03-28T12:49:52.609060,56.75,58.9,20.4,2400.030464,0.8487,0x0,20,1
2026-03-28T12:49:53.629981,56.2,74.4,20.5,2400.033792,0.8487,0x0,20,2
2026-03-28T12:49:54.655942,56.75,53.6,20.2,2400.02048,0.8487,0x0,20,1
2026-03-28T12:49:55.678464,57.85,55.0,20.0,2400.017408,0.8487,0x0,20,1
2026-03-28T12:49:56.704156,58.95,76.4,20.1,2400.02048,0.8487,0x0,20,1
2026-03-28T12:49:57.735193,57.85,56.1,20.0,2400.02048,0.8487,0x0,20,1
2026-03-28T12:49:58.762961,58.4,52.3,20.3,2400.017408,0.8487,0x0,20,1
2026-03-28T12:49:59.783738,58.4,66.0,20.6,2400.033792,0.8487,0x0,20,2
2026-03-28T12:50:00.801514,56.75,67.7,20.7,2400.03712,0.8487,0x0,20,1
2026-03-28T12:50:01.893537,56.75,51.7,20.4,2400.02048,0.8487,0x0,20,1
2026-03-28T12:50:02.918566,57.3,58.7,20.3,2400.027136,0.8487,0x0,20,1
2026-03-28T12:50:03.942805,57.3,79.1,20.5,2400.02048,0.8487,0x0,20,1
2026-03-28T12:50:04.982997,56.75,53.4,20.6,2400.02048,0.8487,0x0,20,1
2026-03-28T12:50:06.004503,55.1,52.5,20.6,2400.023808,0.8487,0x0,20,4
2026-03-28T12:50:07.029345,57.85,73.4,20.3,2400.027136,0.8487,0x0,20,2
2026-03-28T12:50:08.058815,57.3,58.5,20.3,2400.02048,0.8487,0x0,20,3
2026-03-28T12:50:09.078762,56.75,52.2,20.2,2400.033792,0.8487,0x0,20,1
2026-03-28T12:50:10.099303,57.3,64.8,20.2,2400.033792,0.8487,0x0,20,1
2026-03-28T12:50:11.121278,56.75,71.6,20.3,2400.030464,0.8487,0x0,20,3
2026-03-28T12:50:12.144571,56.2,51.6,20.3,2400.023808,0.8487,0x0,20,2
2026-03-28T12:50:13.167039,56.75,54.4,20.3,2400.03712,0.8487,0x0,20,3
2026-03-28T12:50:14.186378,57.85,79.3,20.7,2400.027136,0.8487,0x0,20,1
2026-03-28T12:50:15.205626,57.85,52.8,20.6,2400.030464,0.8487,0x0,20,1
2026-03-28T12:50:16.226249,55.65,55.1,20.5,2400.017408,0.8487,0x0,20,1
2026-03-28T12:50:17.249391,58.95,67.5,20.6,2400.030464,0.8487,0x0,20,1
2026-03-28T12:50:18.271367,58.4,64.8,20.5,2400.027136,0.8487,0x0,20,3
2026-03-28T12:50:19.294623,57.85,53.2,20.4,2400.03712,0.8487,0x0,20,1
2026-03-28T12:50:20.314265,58.4,59.6,20.3,2400.030464,0.8487,0x0,20,1
2026-03-28T12:50:21.338982,57.3,74.9,20.1,2400.033792,0.8487,0x0,20,3
2026-03-28T12:50:22.365353,56.2,50.7,20.3,2400.027136,0.8487,0x0,20,2
2026-03-28T12:50:23.386109,56.75,53.1,20.4,2400.027136,0.8487,0x0,20,1
2026-03-28T12:50:24.517077,57.3,74.5,20.3,2400.033792,0.8487,0x0,20,1
2026-03-28T12:50:25.539209,56.2,57.5,20.4,2400.023808,0.8487,0x0,20,1
2026-03-28T12:50:26.556987,57.85,52.2,20.6,2400.027136,0.8487,0x0,20,1
2026-03-28T12:50:27.584493,57.85,71.4,20.6,2400.030464,0.8487,0x0,20,3
2026-03-28T12:50:28.607432,56.75,65.2,20.3,2400.030464,0.8487,0x0,20,3
2026-03-28T12:50:29.629334,57.85,51.9,20.2,2400.027136,0.8487,0x0,20,3
2026-03-28T12:50:30.657541,56.75,56.8,20.3,2400.027136,0.8487,0x0,20,3
2026-03-28T12:50:31.683424,57.3,78.7,20.3,2400.017408,0.8487,0x0,20,1
2026-03-28T12:50:32.707934,56.75,72.8,20.4,2400.03712,0.8487,0x0,20,2
2026-03-28T12:50:33.738987,56.75,61.5,20.7,2400.023808,0.8487,0x0,20,1
2026-03-28T12:50:34.763124,56.75,75.5,20.7,2400.017408,0.8487,0x0,20,1
2026-03-28T12:50:35.798975,58.95,85.5,20.6,2400.02048,0.8487,0x0,20,1
2026-03-28T12:50:36.835475,58.95,86.2,20.6,2400.02048,0.8487,0x0,20,3
2026-03-28T12:50:37.868576,58.95,88.1,20.8,2400.027136,0.8487,0x0,20,1
2026-03-28T12:50:38.891130,57.3,67.7,20.8,2400.023808,0.8487,0x0,20,3
2026-03-28T12:50:39.917740,57.85,79.4,21.7,2400.027136,0.8487,0x0,20,1
2026-03-28T12:50:40.945549,57.85,87.6,22.1,2400.03712,0.8487,0x0,20,1
2026-03-28T12:50:41.974248,56.75,84.4,22.4,2400.027136,0.8487,0x0,20,1
2026-03-28T12:50:43.005956,56.75,73.8,22.4,2400.03712,0.8487,0x0,20,3
2026-03-28T12:50:44.039381,57.3,75.4,22.6,2400.030464,0.8487,0x0,20,3
2026-03-28T12:50:45.068565,56.75,88.6,22.8,2400.030464,0.8487,0x0,20,2
2026-03-28T12:50:46.093993,57.85,87.3,22.8,2400.033792,0.8487,0x0,20,1
2026-03-28T12:50:47.121628,57.85,89.0,23.1,2400.027136,0.8487,0x0,20,1
2026-03-28T12:50:48.154840,57.3,92.9,23.3,2400.02048,0.8487,0x0,20,1
2026-03-28T12:50:49.203157,56.75,77.7,23.0,2400.02048,0.8487,0x0,20,0
2026-03-28T12:50:50.226949,57.85,68.9,22.9,2400.02048,0.8487,0x0,20,2
2026-03-28T12:50:51.256213,56.75,80.0,22.8,2400.030464,0.8487,0x0,20,2
2026-03-28T12:50:52.291081,57.85,85.1,23.7,2400.023808,0.8487,0x0,20,4
2026-03-28T12:50:53.323688,58.4,85.8,23.6,2400.027136,0.8487,0x0,20,3
2026-03-28T12:50:54.351072,58.4,89.3,23.7,2400.030464,0.8487,0x0,20,1
2026-03-28T12:50:55.374135,56.75,89.5,23.9,2400.02048,0.8487,0x0,20,2
2026-03-28T12:50:56.398545,58.95,90.7,25.3,2400.030464,0.8487,0x0,20,1
2026-03-28T12:50:57.428616,57.85,84.6,25.2,2400.02048,0.8487,0x0,20,3
2026-03-28T12:50:58.455990,58.4,87.9,25.1,2400.023808,0.8487,0x0,20,2
2026-03-28T12:50:59.481069,58.4,80.0,25.5,2400.02048,0.8487,0x0,20,2
2026-03-28T12:51:00.505328,58.4,88.6,25.8,2400.030464,0.8487,0x0,20,2
2026-03-28T12:51:01.535076,56.75,93.7,26.4,2400.033792,0.8487,0x0,20,1
2026-03-28T12:51:02.564488,57.3,91.4,26.6,2400.027136,0.8487,0x0,20,1
2026-03-28T12:51:03.693852,60.05,91.0,26.7,2400.017408,0.8487,0x0,20,3
2026-03-28T12:51:04.724765,58.95,91.1,26.8,2400.02048,0.8487,0x0,20,1
2026-03-28T12:51:05.754858,58.4,84.1,26.9,2400.02048,0.8487,0x0,20,2
2026-03-28T12:51:06.776945,58.95,84.5,26.9,2400.027136,0.8487,0x0,20,3
2026-03-28T12:51:07.796484,57.85,82.8,26.9,2400.030464,0.8487,0x0,20,3
2026-03-28T12:51:08.831193,58.95,92.2,27.0,2400.033792,0.8487,0x0,20,2
2026-03-28T12:51:09.855908,58.95,75.2,26.8,2400.03712,0.8487,0x0,20,2
2026-03-28T12:51:10.875440,58.4,88.7,26.3,2400.030464,0.8487,0x0,20,4
2026-03-28T12:51:11.911325,57.3,68.4,26.1,2400.033792,0.8487,0x0,20,2
2026-03-28T12:51:12.946972,58.4,67.8,25.9,2400.033792,0.8487,0x0,20,1
2026-03-28T12:51:13.977057,58.4,80.9,25.8,2400.033792,0.8487,0x0,20,1
2026-03-28T12:51:15.018029,58.95,81.4,25.9,2400.017408,0.8487,0x0,20,1
2026-03-28T12:51:16.049585,57.3,58.4,25.8,2400.027136,0.8487,0x0,20,1
2026-03-28T12:51:17.077634,58.95,64.1,25.9,2400.033792,0.8487,0x0,20,3
2026-03-28T12:51:18.097334,57.85,79.8,26.0,2400.027136,0.8487,0x0,20,2
2026-03-28T12:51:19.129212,56.75,70.7,26.1,2400.033792,0.8487,0x0,20,0
2026-03-28T12:51:20.158622,57.85,60.1,26.1,2400.023808,0.8487,0x0,20,2
2026-03-28T12:51:21.176873,57.3,70.9,25.9,2400.030464,0.8487,0x0,20,1
2026-03-28T12:51:22.200567,58.4,84.6,25.3,2400.023808,0.8487,0x0,20,1
2026-03-28T12:51:23.237322,57.85,93.6,25.2,2400.03712,0.8487,0x0,20,1
2026-03-28T12:51:24.263554,57.85,82.6,25.0,2400.033792,0.8487,0x0,20,1
2026-03-28T12:51:25.288177,57.85,71.4,25.0,2400.023808,0.8487,0x0,20,2
2026-03-28T12:51:26.318470,57.3,56.1,25.2,2400.023808,0.8487,0x0,20,1
2026-03-28T12:51:27.337353,57.3,63.5,25.3,2400.02048,0.8487,0x0,20,1
2026-03-28T12:51:28.355389,58.95,78.4,25.1,2400.027136,0.8487,0x0,20,3
2026-03-28T12:51:29.374224,58.4,65.2,25.2,2400.03712,0.8487,0x0,20,2
2026-03-28T12:51:30.511172,57.85,65.8,25.5,2400.030464,0.8487,0x0,20,1
2026-03-28T12:51:31.534238,58.4,78.5,25.6,2400.030464,0.8487,0x0,20,1
2026-03-28T12:51:32.557917,58.95,79.1,25.3,2400.03712,0.8487,0x0,20,1
2026-03-28T12:51:33.676705,58.4,63.2,25.3,2400.03712,0.8487,0x0,20,2
